"","otu643","otu2411","otu2824","otu3200","otu3914","otu3990","otu4030","otu4266","otu4298","otu4389","otu4863","otu5031","otu5199","otu5301","otu5854","otu6411","otu6486","otu6834","otu7142","otu8108","otu8351","otu9874","otu10651","otu10990","otu11202","otu13504","otu13674","otu14493","otu15474","otu16260","otu16641","otu17070","otu17081","otu17862","otu19492","otu19728","otu20066","otu20120","otu20321","otu20596","otu21063","otu21474","otu22058","otu22860","otu22980","otu22981","otu23062","otu23328","otu24141","otu24353","otu24528","otu24642","otu25983","otu29183","otu32501","otu33780","otu34128","otu34631","otu34816","otu35825","otu36139","otu36430","otu36535","otu36538","otu38029","otu38090","otu38199","otu38625","otu39189","otu39577","otu40576","otu40699","otu40932","otu41945","otu42156","otu42549","otu42763","otu43678","otu43787","otu43895","otu44558","otu45217","otu45484","otu45911","otu45913","otu46075","otu47403","otu49788","otu50291","otu50877","otu53020","otu53612","otu53613","otu53868","otu53913","otu54094","otu54454","otu54664","otu54959","otu55336","otu55465","otu55649","otu55654","otu56002","otu56423","otu57000","otu57594","otu57830","otu58736","otu60148","otu60355","otu61039","otu61099","otu61217","otu63689","otu64533","otu64708","otu66141","otu67104","otu67961","otu68427","otu68874","otu69986","otu70569","otu73605","otu73793","otu74871","otu75030","otu75528","otu75640","otu75913","otu76106","otu76575","otu77042","otu77782","otu78308","otu78374","otu79099","otu79168","otu81005","otu81477","otu81766","otu83212","otu84462","otu84911","otu86075","otu86137","otu86374","otu86382","otu86820","otu87407","otu88716","otu91075","otu91208","otu92456","otu93674","otu95014","otu95020","otu99090","otu100234","otu100666","otu100769","otu100915","otu101011","otu101215","otu101556","otu101753","otu102630","otu102811","otu102961","otu102976","otu103020","otu103748","otu104688","otu104749","otu104813","otu107198","otu107337","otu108155","otu108477","otu108628","otu111102","otu112225","otu112776","otu113180","otu115012","otu115117","otu115295","otu115490","otu115778","otu116241","otu117241","otu117355","otu117386","otu117463","otu117685","otu117687","otu118289","otu119446","otu119930","otu120543","otu120851","otu120996","otu121514","otu123163","otu124216","otu124217","otu124324","otu126696","otu128440","otu128492","otu129244","otu132182","otu132750","otu133358","otu135474","otu135538","otu135583","otu138417","otu138568","otu139125","otu139401","otu140795","otu144720","otu144904","otu145558","otu145674","otu145838","otu147546","otu148198","otu149332","otu149387","otu150615","otu151388","otu151695","otu151813","otu153831","otu154548","otu155702","otu155725","otu155734","otu155792","otu156770","otu157652","otu157879","otu160105","otu160520","otu161828","otu162439","otu162483","otu163488","otu163947","otu164706","otu165386","otu165410","otu165448","otu165976","otu166117","otu166343","otu167491","otu168212","otu168383","otu168446","otu168565","otu168614","otu168693","otu170243","otu170591","otu171245","otu171426","otu172447","otu172985","otu173727","otu173926","otu173981","otu174745","otu175915","otu175960","otu177022","otu177525","otu177813","otu178165","otu178207","otu180281","otu181240","otu181268","otu182434","otu183055","otu183640","otu183743","otu183788","otu184240","otu184634","otu187218","otu188667","otu188738","otu189123","otu189236","otu190213","otu191467","otu194828","otu195408","otu195689","otu195872","otu196789","otu196922","otu196925","otu197155","otu197583","otu197621","otu197725","otu197885","otu199122","otu199161","otu200155","otu200994","otu201243","otu201690","otu203368","otu205724","otu205932","otu206965","otu207098","otu207307","otu207496","otu207677","otu207948","otu208613","otu208692","otu210374","otu210754","otu210801","otu210858","otu211408","otu212376","otu213946","otu214028","otu214479","otu215301","otu215891","otu217464","otu218587","otu219274","otu219668","otu219768","otu220718","otu220859","otu221483","otu221867","otu222127","otu223372","otu224206","otu224581","otu225044","otu225698","otu226925","otu227541","otu227760","otu227820","otu228653","otu229309","otu230665","otu230801","otu231276","otu231417","otu231461","otu231647","otu232032","otu232045","otu233411","otu234013","otu234042","otu234279","otu234399","otu234623","otu234887","otu235489","otu236496","otu237226","otu239064","otu240002","otu240183","otu240288","otu240350","otu240630","otu241002","otu242915","otu243689","otu243958","otu244383","otu244389","otu244693","otu244981","otu245136","otu245411","otu245615","otu248837","otu249946","otu251163","otu251239","otu251532","otu252667","otu253107","otu254131","otu254232","otu255644","otu255728","otu256267","otu257163","otu257256","otu257742","otu258118","otu259902","otu260203","otu261401","otu261723","otu262467","otu263295","otu264772","otu265125","otu265516","otu266181","otu266395","otu266417","otu267460","otu267538","otu267893","otu268092","otu268193","otu270419","otu275566","otu276077","otu276830","otu277402","otu277908","otu278327","otu279863","otu280657","otu280946","otu282334","otu282540","otu282810","otu282960","otu284076","otu284898","otu285128","otu285351","otu288120","otu288164","otu288562","otu288683","otu290028","otu290186","otu290249","otu290349","otu290794","otu291012","otu291721","otu291944","otu291989","otu292589","otu292933","otu293912","otu294268","otu295753","otu295890","otu296007","otu297223","otu297683","otu297749","otu298459","otu299115","otu299267","otu299382","otu299541","otu299581","otu300409","otu300568","otu300821","otu302096","otu302225","otu302691","otu303019","otu303909","otu304184","otu304795","otu305893","otu307179","otu307765","otu308261","otu308285","otu308757","otu309351","otu309779","otu309826","otu310463","otu312312","otu312360","otu312748","otu312771","otu314549","otu314888","otu315975","otu316782","otu316965","otu317198","otu317458","otu317514","otu318225","otu318627","otu318690","otu319177","otu319975","otu320506","otu320992","otu321120","otu321556","otu322018","otu322834","otu324167","otu324739","otu325184","otu325357","otu326881","otu327540","otu327935","otu328319","otu329191"
"D1",0,0,0,0,0,0,0,0,0,0,0,0,0,0,0,0,0,0,0,0,0,0,0,0,0,0,0,0,0,0,0,0,0,0,0,0,0,0,0,0,0,0,0,0,0,0,0,0,0,0,0,0,0,0,0,0,0,0,0,0,0,0,0,0,0,0,0,0,0,0,0,0,0,0,0,0,0,0,0,0,0,0,0,0,0,0,0,0,0,0,0,0,0,0,0,0,0,0,0,0,0,0,0,0,0,0,0,0,0,0,0,0,0,0,0,0,0,0,0,0,0,0,0,0,0,0,0,0,0,0,0,0,0,0,0,0,0,0,0,0,0,0,0,0,0,0,0,0,0,0,0,0,0,0,0,0,0,0,0,0,0,0,0,0,0,0,0,0,0,0,0,0,0,0,0,0,0,0,0,0,0,0,0,0,0,0,0,0,0,0,0,0,0,0,0,0,0,0,0,0,0,0,0,0,0,0,0,0,0,0,0,0,0,0,0,0,0,0,0,0,0,0,0,0,0,0,0,0,0,0,0,0,0,0,0,0,0,0,0,0,0,0,0,0,0,0,0,0,0,0,0,0,0,0,0,0,0,0,0,0,0,0,0,0,0,0,0,0,0,0,0,0,0,0,0,0,0,0,0,0,0,0,0,0,0,0,0,0,0,0,0,0,0,0,0,0,0,0,0,0,0,0,0,0,0,0,0,0,0,0,0,0,0,0,0,0,0,0,0,0,0,0,0,0,0,0,0,0,0,0,0,0,0,0,0,0,0,0,0,0,0,0,0,0,0,0,0,0,0,0,0,0,0,0,0,0,0,0,0,0,0,0,0,0,0,0,0,0,0,0,0,0,0,0,0,0,0,0,0,0,0,0,0,0,0,0,0,0,0,0,0,0,0,0,0,0,0,0,0,0,0,0,0,0,0,0,0,0,0,0,0,0,0,0,0,0,0,0,0,0,0,0,0,0,0,0,0,0,83,0,0,0,0,0,0,0,0,0,0,0,0,0,0,0,0,0,0,0,0,0,0,0,0,0,0,0,0,0,0,0,0,0,0,0,0,0,0,0,0,0,0,0,0,0,0,0,0,0,0,0,0,0,0,0,0,0,0,0,0,0,0,0,0,0,0,0,0,0,0,0,0,0,0,0,0,0,0,0,0,0,0,0,0,0,0,0,0,0,0,0,0,0,0,0,0,0,0,0
"D2",0,0,0,0,0,0,0,0,0,0,0,0,0,0,0,0,0,0,0,0,0,0,0,0,0,0,0,0,0,0,0,0,0,0,0,0,0,0,0,0,0,0,0,0,0,0,0,0,0,0,0,0,0,0,0,0,0,0,0,0,0,0,0,0,0,7,0,0,0,0,0,0,0,0,0,0,0,0,0,0,0,0,0,0,0,0,0,0,0,0,0,0,0,0,0,0,0,0,0,0,0,0,0,0,25,0,0,0,0,0,0,0,0,0,0,0,0,0,0,0,0,0,0,0,0,0,0,0,0,0,0,0,0,0,0,0,0,0,0,0,0,0,0,0,0,0,0,0,0,0,0,0,0,0,0,0,0,0,0,0,0,0,0,0,0,0,0,0,0,0,0,0,0,0,0,0,0,0,0,0,0,0,0,0,0,0,0,0,0,0,0,0,0,0,0,0,0,0,0,0,0,20,0,0,0,0,0,0,0,0,0,0,0,0,0,0,0,0,0,0,0,0,0,0,0,0,0,0,0,0,0,0,0,0,0,0,0,0,0,0,0,0,0,0,0,0,0,0,0,0,0,0,0,0,0,0,0,0,0,0,0,0,0,0,0,0,0,0,0,0,0,0,0,0,0,0,0,0,0,0,0,0,0,0,0,0,0,0,0,0,0,0,0,0,0,0,0,0,0,0,0,0,0,0,0,0,0,0,0,0,0,0,0,0,0,0,0,0,0,0,0,0,0,0,0,0,0,0,0,0,0,0,0,0,0,0,0,0,0,0,0,0,8,0,0,0,0,0,0,0,0,0,0,0,0,0,0,0,0,0,0,0,0,0,0,0,0,0,7,0,0,0,0,0,0,0,0,0,0,0,0,0,0,0,0,0,0,6,0,0,0,0,0,0,0,0,0,0,0,0,0,0,0,0,0,0,0,15,0,0,0,0,0,0,0,0,0,0,0,0,0,0,0,0,0,0,0,0,0,0,0,0,0,0,0,0,0,11,0,0,0,0,0,0,0,0,0,0,0,0,0,0,0,0,0,0,0,0,0,0,0,26,0,0,7,0,0,0,0,0,0,0,0,0,0,0,0,0,0,0,0,0,0,0,0,0,0,0,0,0,0,0,0,0,0,0,0,0,0,13,0,0,0,0,0,0,0,0,0,0,0,0,0,0,0,0,36,0,0,0,0,0,0,0,0,0,0,0
"D3",4,0,0,216,0,4,0,0,1689,0,584,0,0,0,0,0,0,0,0,0,0,76,0,0,0,0,0,36,1,0,0,0,0,3,0,0,0,0,0,0,0,0,0,0,0,12,0,0,0,2094,10,0,1,0,2,0,10,0,0,0,4282,0,0,5,0,58,0,73,0,0,0,0,0,0,0,0,0,0,0,9,0,0,0,0,3,0,0,0,0,0,5,0,0,0,0,0,0,0,0,0,0,0,0,0,12182,0,513,0,5,2,44,31,0,0,0,0,0,0,0,70,6,0,0,57,0,0,0,88,35,0,0,0,0,4,0,0,10,0,0,0,0,0,0,58,0,0,0,0,0,0,0,0,55,0,2661,0,0,0,0,9,0,0,0,0,0,0,65,0,0,0,0,176,0,3,44,0,0,0,0,0,0,0,0,0,0,0,0,0,0,0,0,0,0,0,0,426,3,0,0,0,0,47,0,0,0,0,0,0,0,0,0,0,2244,0,0,0,0,0,10,0,0,9,0,0,0,0,0,0,0,0,0,955,0,198,0,0,0,0,73,0,0,0,0,11,13,0,0,0,2,0,0,0,12,3034,5,0,0,51,52,0,0,0,0,0,0,0,0,0,0,0,0,0,0,0,4,331,0,0,3,0,0,0,29,0,0,0,0,52,0,0,0,0,0,0,0,0,0,0,1558,0,2,0,0,0,0,89,0,0,0,0,0,0,75,0,0,0,0,28,0,0,0,0,0,0,0,0,0,96,3,4,2,107,3,0,0,0,0,0,0,0,0,0,126,62,0,0,0,0,173,0,0,0,0,0,0,3,0,0,0,0,0,0,0,0,0,0,11,0,13,0,0,0,241,0,0,9,0,0,0,0,0,0,0,0,0,0,0,30,72,5,0,13,0,0,0,0,0,0,0,149,388,0,0,0,0,0,0,134,53,3,0,0,0,2,0,0,0,0,0,0,17,0,0,0,0,0,0,20,0,0,0,16,0,0,0,17,80,0,0,0,5,0,0,0,0,0,0,0,0,0,0,4,0,361,2,1534,0,0,0,0,0,0,0,0,0,15,0,0,0,0,6,0,0,0,0,0,0,0,0,0,0,0,3,0,0,2,0,0,0,0,5,0,0,0,0,0,0,2,13,4,0,0,0,0,0,0,0,0,0,0,0,0,0,0,0,0,0,0,0,0,0,0,0,0,0,0,0,0
"D4",0,2,0,12,2,0,0,0,3,0,0,0,0,0,0,0,0,0,0,0,0,12,0,0,0,0,0,0,0,0,0,5,0,3,5,0,0,0,0,0,0,0,0,0,0,0,0,2,0,54,0,0,0,0,0,0,0,0,0,0,78,0,0,0,0,0,0,0,0,0,0,0,0,0,0,0,0,0,0,0,0,0,0,0,2,0,0,0,0,0,0,0,0,0,0,0,0,0,0,34,0,0,0,0,6907,0,0,0,2,0,61,9,0,0,0,0,0,0,0,32,0,0,0,0,0,0,0,2,18,0,0,0,0,0,0,0,3,0,0,0,0,0,0,47,0,0,0,0,0,0,2,0,0,0,2979,0,0,0,0,0,0,0,0,0,0,0,4,0,0,0,0,29,0,0,4,0,0,0,0,0,0,0,0,0,0,0,0,0,0,0,0,0,0,0,0,160,8,0,0,0,0,0,0,0,0,0,0,0,0,0,0,0,59,0,0,0,0,4,13,0,0,5,0,2,0,0,0,0,0,0,0,517,0,139,0,0,0,0,3,0,0,0,0,0,0,0,0,0,6,0,0,0,0,11,20,0,0,13,11,16,0,0,2,0,0,0,0,0,0,0,0,3,0,0,9,6,0,0,0,0,0,0,12,0,0,0,0,8,0,0,0,0,0,0,0,0,0,0,33,0,0,0,0,0,0,10,0,0,0,0,0,0,7,0,0,0,0,2,27,0,0,0,0,0,0,0,0,5,0,0,6,8,0,0,0,0,0,0,0,0,0,0,39,0,0,0,0,0,10,0,0,0,0,0,0,4,0,0,0,0,0,0,0,0,0,0,0,0,0,0,0,0,2,0,0,0,0,8,0,0,0,0,0,0,0,0,0,0,2,93,0,0,0,0,0,0,0,0,8,6,3,0,0,0,0,0,0,14,0,0,0,0,0,0,0,0,0,0,0,0,25,0,0,0,0,0,0,4,0,0,0,0,0,0,0,17,4,0,0,0,0,2,0,0,0,0,0,0,0,0,0,0,0,19,55,0,0,0,0,0,0,0,0,0,0,21,0,0,0,0,16309,0,0,0,0,0,0,0,0,0,0,0,0,0,3,0,0,0,0,0,0,0,0,0,0,0,0,0,12,18,0,0,0,0,0,0,0,0,0,0,0,0,0,0,0,35,0,0,0,0,0,0,0,0,0,0,23,0
"D5",0,28,0,0,0,17,61,0,117,0,0,0,95,0,6,12,2,17,36,3,9,0,11,26,2,9,4,0,0,0,2,74,6,13,0,5,0,9,0,3,16,94,193,25,52,16,23,0,25,0,2,325,1,19,0,15,0,4,0,25,0,0,71,2,0,0,0,548,0,0,0,0,45,13,0,0,21,0,0,0,0,0,29,0,0,34,0,0,1,0,0,5,23,57,3,30,0,8,0,0,0,6,222,10,0,7,0,0,0,0,0,0,0,14,0,2,3,0,50,0,8,6,29,0,0,1,7,4,0,2,3,5,6,15,5,0,0,0,0,14,6,4,4,0,12,0,5,18,9,3,47,0,6,9,0,16,15,0,10,24,0,0,8,0,2,2,14,3,16,2,0,0,0,4,0,36,14,9,3,0,0,2,0,2,28,18,0,43,2,1,12,26,6,0,4,0,0,10,0,11,0,4,58,64,0,88,2,0,2,0,6,0,0,0,0,4,8,20,0,0,0,24,96,21,13,0,0,1,0,0,4,0,5,0,21,0,20,0,0,0,6,0,15,0,358,0,3,5,0,9,68,3,202,0,0,1,0,0,0,0,15,1,0,0,51,40,0,4,5,16,18,3,29,214,4,0,42,12,38,9,0,3,0,40,0,9,0,0,5,15,8,0,25,0,30,216,0,2,1,17,8,0,3,55,0,0,20,0,2,34,2,0,0,0,4,17,9,0,0,0,0,3,0,0,0,0,0,0,18,0,0,16,0,2,5,0,4,49,22,0,42,36,0,0,136,1,5,1,0,35,0,18,18,0,3,0,1,0,0,0,0,0,5,96,0,37,0,9,0,1,3,11,0,0,7,0,7,0,2,18,48,4,0,0,0,0,24,5,0,0,7,23,20,0,22,22,0,4,26,0,164,3,5,0,0,34,9,0,17,0,0,11,176,5,44,4,0,0,0,0,0,3,8,0,9,0,0,0,76,0,0,0,12,25,0,0,7,143,19,0,0,0,8,4,0,3,83,5,4,4,0,225,10,0,0,2570,11,64,7,12,5,0,0,5,37,0,0,24,26,0,0,0,0,5,25,0,0,4,26,64,0,6,2,0,0,0,0,10,3,88,0,0,28,17,0,0,0,76,0,5,3,0,1,8,0,26,79,6,7,17,53,5,2,4,0,0,0,0,7,0,31,35,44,0,0,8,0,2
"D6",0,0,0,0,0,0,0,0,0,0,0,0,0,0,0,0,0,0,0,0,0,0,0,0,0,0,0,0,0,0,0,0,0,0,0,0,0,0,0,0,0,0,0,0,0,0,0,0,0,0,0,0,0,0,0,0,26,0,0,0,0,0,2,0,0,0,0,0,0,0,0,0,0,0,0,0,0,0,0,0,0,0,0,0,0,0,0,0,0,0,0,0,0,0,0,0,0,1,0,0,0,0,0,0,0,0,0,0,0,0,0,0,0,0,2,0,0,0,0,0,0,0,0,0,0,0,0,0,0,0,0,0,0,0,0,0,0,0,0,0,0,0,0,0,0,0,0,0,0,0,0,0,0,0,0,0,0,0,0,0,0,0,0,0,0,0,0,0,0,0,0,0,0,0,0,0,0,0,0,0,0,0,0,0,0,0,0,0,0,0,0,0,0,0,0,0,0,0,0,0,0,0,0,0,0,0,0,0,0,0,0,0,0,0,0,0,0,0,0,0,0,0,0,0,0,0,0,0,0,0,0,0,0,0,0,0,0,0,0,0,0,0,1,0,0,0,0,0,0,0,0,0,0,0,0,0,0,0,0,0,0,0,0,0,0,0,0,0,0,0,0,0,0,0,0,0,0,0,0,0,0,0,0,0,0,0,0,0,0,0,0,0,0,0,0,4,0,0,0,0,0,0,0,0,0,0,0,4,0,0,0,0,0,0,0,0,0,0,0,0,0,0,0,0,0,0,0,0,0,0,0,0,0,0,0,0,0,0,7,0,0,0,0,0,0,0,0,0,0,4,0,0,0,0,0,0,0,0,0,0,0,0,0,3,0,0,0,0,0,0,0,0,0,0,0,0,0,0,0,0,0,0,0,0,0,0,0,0,0,0,0,0,0,0,0,0,0,0,0,0,0,0,0,0,0,0,0,0,0,0,0,0,0,0,0,0,0,0,0,0,0,0,0,0,0,2,0,0,0,0,2,0,0,0,0,0,0,0,0,0,0,0,0,0,0,0,0,0,0,0,0,0,0,0,0,0,0,0,0,0,0,0,0,0,0,0,0,0,0,0,0,0,0,0,0,0,0,0,0,0,0,0,0,1,0,0,0,0,0,0,0,0,0,0,0,0,0,0,0,0,0,0,0,0,0,0,15,0,0,0,0,0,0,0,0,0,0,0,0,0,0,0,0,2,0,0,0,0
"D7",0,0,0,0,0,0,0,0,0,0,0,0,0,0,0,0,0,0,0,0,0,0,0,0,0,0,0,0,0,0,0,0,0,0,0,0,0,0,8,0,0,0,0,0,0,0,0,0,0,0,0,0,0,0,0,0,0,0,0,0,0,0,0,0,0,0,0,0,0,0,0,0,0,0,0,0,0,0,0,0,0,0,0,0,0,0,0,0,0,0,0,0,0,0,0,0,0,0,0,0,0,0,0,0,0,0,0,0,0,0,0,0,0,0,0,0,0,0,0,0,0,0,0,0,0,0,0,0,0,0,0,0,0,0,0,0,0,0,0,0,0,0,0,0,0,0,0,0,0,0,0,0,3,0,0,0,0,0,0,0,0,0,0,3,0,0,0,0,0,0,0,0,0,0,0,0,0,0,0,0,0,0,0,0,0,0,0,0,0,0,0,0,0,0,0,0,0,0,0,0,0,0,0,0,0,0,0,0,0,0,0,0,0,0,0,0,0,0,0,0,0,0,0,0,0,0,0,0,0,0,0,0,0,119143,0,0,0,0,0,0,0,0,0,0,0,0,0,0,0,0,0,0,0,0,155,0,0,0,18,0,0,0,0,0,0,0,0,0,0,0,0,0,0,0,0,0,0,0,0,0,0,0,0,0,0,0,0,0,0,0,0,0,0,0,0,0,0,0,0,0,0,0,0,0,0,108,0,0,0,0,0,0,221,0,0,0,0,0,0,0,0,0,0,0,0,0,0,0,0,0,0,0,0,0,0,0,0,0,0,0,0,0,0,0,0,0,0,0,0,0,0,0,0,0,0,0,0,0,0,0,0,0,0,0,0,0,0,0,0,0,0,0,0,0,0,0,0,0,0,0,0,0,0,0,0,0,0,0,0,0,0,0,0,0,0,0,0,0,0,0,0,0,0,0,0,0,40,0,12,0,0,0,0,0,0,0,0,0,0,0,0,0,0,0,0,0,0,0,0,0,0,0,0,0,0,0,0,0,0,0,0,0,0,0,0,0,0,0,0,0,0,0,0,0,0,0,0,0,0,0,0,0,0,0,0,0,0,0,0,0,0,0,0,0,0,0,0,0,0,0,0,0,0,0,0,0,0,0,0,0,0,0,0,0,0,0,0,0,0,22,0,0,0,0,0,0,0,0,0,0,0,0,0,0,0,0,0,0,0,0,0,0,0,0,0,0,0,0
"D8",2,6,0,0,0,0,0,12,0,154,0,6,0,0,15,0,3,0,607,0,0,0,0,0,2,8,0,0,1,0,32,406,0,0,0,0,10,24,0,0,4,152,0,0,0,194,3,0,0,0,63,45,0,27,0,28,8,0,0,10,0,0,0,0,37,0,29,0,5,0,0,24,2,60,0,90,0,0,0,0,109,27,91,0,0,0,0,0,0,5,0,0,0,0,9,0,3,0,2,0,0,1,0,10,0,0,0,11,0,0,0,0,10,0,5,4,0,10,0,0,0,6,14,0,0,0,0,0,0,0,0,0,0,0,14,0,0,0,0,0,0,12,17,0,0,71,15,7,0,0,0,0,11,7,0,0,9,0,0,0,0,0,6,0,9,5,22,6,8,0,5,0,0,0,0,15,173,0,0,21,20,3,2,6,337,36,0,71,0,0,0,0,0,0,0,0,0,0,0,0,6,0,0,0,31,1,5,5,8,0,60,0,0,0,0,0,0,0,0,0,0,0,4,0,30,0,0,4,0,0,7,0,0,0,0,0,0,14,0,0,0,16,0,0,0,67,32,67,0,66,0,17,21,0,0,0,17,0,0,0,0,87,0,0,0,0,0,7,2,9,0,0,0,0,0,0,0,0,99,2,0,66,0,133,0,0,26,0,22,0,7,2,0,0,0,411,165,48,0,0,134,0,14,0,0,0,0,3,0,0,6,1,0,0,14,0,91,0,0,0,0,5,0,5,372,6,33,0,0,0,0,0,0,0,0,0,0,418,9,0,0,0,0,0,14,0,9,0,0,7,21,87,0,90,0,0,0,0,0,0,0,85,0,0,0,28,0,0,0,0,17,0,0,0,0,0,32,0,2,0,0,0,0,15,0,3,0,0,0,0,0,0,0,3,17,212,0,0,17,0,0,0,0,6,27,0,0,0,0,0,0,0,881,0,3,0,0,3,0,0,0,7,0,14,13,2,5,0,1,0,0,0,12,0,0,0,0,2016,0,3,0,0,0,1,12,0,151,85,87,0,0,0,2,0,0,0,19,86,7,1,4,0,17,43,0,0,0,3,0,0,0,0,0,0,0,16,26,2,0,6,4,25,0,2,0,0,0,1,0,19,0,0,64,0,42,6,9,183,0,0,0,0,22,0,6,0,32,0,0,0,0,13,113,21,1,0,3,0,3,0,0,801,0,0,22,2,0,0
"D9",0,0,0,0,0,0,0,0,0,0,0,0,0,0,0,0,7,0,0,0,0,16,0,0,0,1,0,0,0,0,0,0,0,6,0,0,0,0,4,0,0,0,0,0,0,2,0,0,0,0,0,0,0,0,2,0,0,0,0,5,0,0,0,0,0,0,0,0,0,0,0,0,0,0,4,0,0,2,0,0,0,0,0,15,0,0,4,0,0,0,23,0,0,0,0,0,2,12,0,0,0,0,0,0,0,0,0,0,0,0,0,0,0,0,0,0,0,96,0,0,0,0,0,0,7,0,0,0,0,57,0,0,0,0,0,0,0,0,0,0,0,0,0,11,44,0,0,0,0,0,0,0,0,0,0,0,0,0,4,0,0,0,0,3,0,0,0,0,0,0,0,2,0,0,0,0,0,0,20,0,0,0,126,0,0,0,0,0,0,0,0,0,0,0,0,0,0,0,0,0,0,0,66,0,0,0,0,0,0,0,0,0,0,0,0,0,0,0,0,0,0,0,0,0,0,0,0,1,0,0,0,0,0,0,0,0,0,0,0,0,0,0,0,0,0,0,0,0,0,0,0,0,0,0,0,0,0,0,0,3,32,0,0,0,0,42,0,0,0,0,0,0,0,0,0,0,14,0,0,0,0,0,0,0,0,0,0,0,0,0,0,0,0,0,0,0,0,0,0,0,0,0,0,0,9,0,0,0,0,0,0,0,0,0,0,0,5,0,0,0,0,0,0,4,0,0,0,0,0,0,2,0,0,0,0,0,0,0,0,0,0,0,0,0,0,0,0,0,13,0,0,0,0,0,0,0,0,0,0,0,0,0,0,0,0,0,0,0,0,0,0,0,0,779,0,0,0,0,0,0,0,2,0,0,0,16,3,2,0,0,0,0,0,12,0,0,2,0,0,0,5,0,8,0,0,0,1,0,0,0,0,0,0,0,0,0,0,16,127,0,0,0,0,0,0,0,0,0,0,0,0,0,7,0,0,0,0,9,0,0,0,0,0,0,0,0,0,0,0,0,0,0,0,2,0,0,0,0,0,0,0,0,0,0,0,0,0,0,0,0,0,0,0,0,0,0,0,0,0,3,18,0,0,0,23,0,0,0,0,1,0,0,0,0,0,0,0,0,2,0,0,0,0,0,3,0,0,0,0,0,105,0,0,0,2,0,14,0,0,0,3,0,3,2,0,0,0,0
"D10",0,0,13,6,0,4,0,21,2,14,0,0,0,3,0,0,49,0,5,0,0,0,0,0,0,0,0,0,0,0,0,85,0,1782,0,0,0,2,0,47,9,1,2,1,0,0,0,0,261,0,0,4,88,1,0,0,0,0,0,0,0,80,0,546,2,0,0,0,6,37,0,3,0,0,0,73,0,0,0,0,0,16,2,0,0,0,0,8,0,2,36,0,0,130,0,0,0,2,8,0,0,5,188,0,3,29,0,3,0,0,0,0,0,0,0,0,8,242,0,0,3,41,9,0,0,90,0,0,0,11,220,1,5,56,70,0,0,0,0,211,0,0,8,0,6,19,2,0,0,0,0,0,0,0,0,0,14,244,50,211,14,0,17,0,62,0,0,0,16,0,0,0,0,0,0,21,0,51,14,0,0,29,0,0,72,0,0,3,17,0,0,3,0,0,0,0,0,1,300,5,0,0,0,0,0,9,7,0,3,0,0,4,0,0,4,0,0,0,0,5,8,0,141,0,0,10,0,33,0,0,0,0,0,0,8,0,0,0,0,4,0,0,0,0,0,8,0,0,0,8,3,0,70,0,0,349,0,0,11,0,0,0,0,0,0,126,5,0,0,11,0,21,68,0,0,0,16,0,6,3,0,0,0,5,0,49,0,0,5,0,3,0,0,0,0,3,11,0,11,0,0,0,0,2,0,159,0,9,0,0,0,1832,2,7,0,0,0,0,0,2,0,3,61,2,55,0,17,0,0,0,0,0,0,13,0,0,0,4,0,0,1,25,0,6,0,7,5,0,4,0,0,161,2,20,0,946,0,0,0,103,0,0,0,0,0,4,0,27,0,0,0,2,0,0,221,0,37,32,6,0,0,87,0,0,0,0,2,1179,0,1,0,0,1,0,0,10,21,0,261,0,0,0,119,13,0,0,0,0,35,0,8,10,89,0,624,0,0,0,0,0,0,0,0,8,11,0,9,0,199,0,12,0,2,0,0,0,0,13,0,0,0,0,24,0,0,9,0,20,0,0,0,0,0,0,0,0,0,430,26,0,0,0,0,0,3,0,0,0,2,0,0,68,0,0,0,0,0,15,0,16,3,0,3,6,161,50,0,9,0,26,0,0,25,397,12,9,3,49,0,0,0,78,3,0,0,0,0,0,0,219,0,0,0,32,2,0,0,32,33,0,9,42,0,0,0,3,0,8
"D11",0,0,0,0,0,0,0,0,0,0,0,0,0,0,0,0,0,0,0,0,0,0,0,0,0,0,0,0,0,0,0,0,0,0,0,0,0,0,0,0,0,0,0,0,0,0,3,0,0,0,0,0,0,0,0,0,43,0,0,0,11,0,0,0,0,0,0,0,0,0,0,0,0,0,0,0,0,0,0,0,0,0,0,0,0,0,0,0,0,0,0,0,0,0,0,0,0,0,0,0,0,0,0,0,0,0,0,0,0,0,0,0,0,0,2,0,0,0,0,0,0,0,0,0,0,0,0,0,0,0,0,0,0,0,0,0,0,0,0,0,0,0,0,0,0,0,0,0,0,0,0,0,0,0,0,0,0,0,0,0,0,0,0,0,0,0,0,0,0,0,34,0,0,0,0,0,0,0,0,0,0,0,0,0,0,0,0,0,0,0,0,0,0,0,0,0,0,0,0,0,0,0,0,0,0,0,0,0,0,0,0,0,0,0,0,0,0,0,0,0,0,0,0,0,0,0,0,0,0,0,0,0,0,0,0,0,0,0,0,0,0,0,0,0,0,0,0,0,0,0,0,0,0,0,0,0,0,0,0,0,0,0,0,0,0,0,0,0,0,0,0,0,0,0,0,0,0,0,0,0,0,0,0,0,0,0,0,0,0,0,0,0,0,0,0,0,0,0,0,0,0,0,0,0,0,0,0,0,0,0,0,0,0,0,0,0,0,0,0,0,0,0,0,0,0,0,0,0,0,0,0,0,0,0,0,0,0,0,3,0,0,0,0,0,0,0,0,0,0,0,0,0,0,0,0,0,0,0,0,0,0,0,0,1,0,0,0,2,0,0,0,0,0,0,0,0,0,0,0,0,0,0,0,0,0,0,0,0,0,0,0,0,0,0,0,0,0,0,0,0,0,0,0,0,0,0,0,0,0,0,0,0,0,0,0,0,0,0,0,0,0,0,0,0,0,0,0,0,0,0,0,0,0,0,0,0,0,0,1,0,0,0,0,0,0,0,0,0,0,0,0,0,0,0,0,0,0,0,0,0,0,0,0,0,0,0,0,0,0,0,0,0,0,0,0,0,0,0,2,0,0,0,0,0,0,0,0,0,0,0,0,0,0,0,0,0,0,0,0,0,0,0,0,0,0,0,20,0,0,0,0,0,0,0,0,0,0,0,0,0,0,0,0,0,0,0,0,0
"D12",0,0,0,0,0,0,0,0,0,0,0,0,0,0,0,0,0,0,0,0,0,0,0,0,0,0,0,0,0,0,0,0,0,0,0,0,0,0,0,0,0,0,0,0,0,0,0,0,0,0,0,0,4,0,0,0,0,0,0,0,0,0,0,0,0,11,0,0,0,0,0,0,0,0,0,0,0,0,0,0,0,0,0,0,0,0,0,0,0,0,0,0,0,0,0,0,0,0,0,0,0,0,0,0,0,0,0,0,0,0,0,0,0,0,0,0,0,0,0,0,0,0,0,0,0,0,0,0,0,0,0,0,0,0,0,0,0,0,0,5,0,0,0,0,0,0,0,0,0,0,0,0,0,0,0,0,0,0,0,0,0,0,0,0,0,0,0,0,0,0,0,2,0,0,0,0,0,0,0,0,0,0,0,0,0,0,0,0,0,0,0,0,0,0,0,0,0,0,0,0,0,19,0,0,0,0,0,0,0,0,0,0,3,0,0,0,0,0,0,0,0,0,0,0,0,0,0,0,0,0,0,0,0,0,0,0,0,0,0,0,0,0,0,0,0,0,0,0,0,0,0,0,0,0,0,0,0,0,0,0,0,0,0,0,0,0,0,1,0,0,0,0,0,25,0,0,0,0,0,0,0,0,0,0,0,0,0,0,4,0,0,0,0,0,0,0,0,0,2,0,0,0,0,0,0,0,0,0,0,0,0,0,0,0,0,0,0,0,0,0,0,0,0,0,0,0,0,0,0,0,0,0,0,0,0,0,0,0,0,0,0,0,0,0,0,0,0,0,0,0,2,1,0,0,0,0,0,0,0,0,0,0,0,1,0,0,0,0,0,0,0,0,0,0,0,0,0,0,0,0,0,0,0,0,0,0,0,0,0,0,0,0,0,0,0,0,0,0,0,0,0,0,0,0,0,0,0,0,0,0,0,0,0,0,0,0,0,0,0,5,0,0,0,0,0,0,0,0,0,0,0,0,0,0,0,0,0,1,0,0,0,0,0,0,0,0,0,0,0,0,0,0,0,0,0,0,0,0,0,0,0,0,0,0,0,0,0,0,0,0,0,0,0,0,0,0,0,0,0,0,0,0,0,2,0,0,0,0,0,0,0,0,0,0,0,0,0,0,0,0,0,0,0,0,0,0,5,0,0,0,5,0,0,0,0,0,0,0,0,0,0,0,0,0,0,0,3,0
"D13",0,0,0,0,0,0,0,0,8,0,0,0,0,6,0,0,0,0,0,0,0,91,0,0,0,0,0,0,0,0,0,0,0,2,0,0,0,0,7,0,0,0,0,0,0,0,0,0,0,0,12,0,0,0,4,0,0,0,0,7,0,2,0,0,0,0,0,3,0,0,0,0,0,0,0,0,0,0,0,0,0,0,0,0,0,0,0,0,0,2,0,0,0,0,0,0,4,0,0,0,0,0,0,0,0,0,0,0,0,0,0,0,0,0,0,0,0,0,0,0,0,0,0,0,0,0,0,93,0,0,0,0,0,0,0,0,139,0,0,0,0,0,0,0,0,0,0,0,0,0,0,0,0,0,0,0,0,0,0,0,0,0,0,0,0,0,12,0,0,0,1571,0,0,0,0,0,0,0,0,0,0,0,0,0,0,0,0,0,0,0,0,0,0,0,0,0,0,0,0,0,0,0,0,0,0,0,0,0,0,0,0,0,57,0,0,0,0,0,0,0,0,0,0,0,0,0,0,0,0,0,0,0,0,0,0,0,0,0,0,0,0,0,0,0,0,0,0,0,0,0,0,0,1,0,0,0,0,0,0,0,0,0,0,0,0,0,0,0,0,0,0,0,0,0,0,0,0,2,0,0,0,0,0,0,0,0,0,0,0,0,0,0,0,0,0,0,0,0,44,0,0,0,0,0,0,0,0,0,0,0,0,6,0,0,0,0,0,0,0,0,0,0,0,0,0,0,0,0,0,0,0,0,0,0,0,0,0,0,0,0,0,0,0,0,0,0,0,0,0,0,0,0,0,0,0,0,0,0,1,0,0,0,0,0,0,0,0,0,0,0,0,0,0,2,0,0,0,4,0,0,0,0,0,0,0,11,0,0,0,4,0,0,0,0,0,0,0,0,0,0,0,0,0,0,0,0,0,0,0,0,0,0,0,0,0,0,0,17,0,0,0,0,0,0,0,0,0,0,0,0,0,0,0,0,2,0,0,0,0,0,0,0,0,0,0,0,0,0,0,0,0,0,0,0,0,0,0,0,0,0,0,0,0,0,0,0,0,0,0,0,0,0,6,0,0,0,0,0,0,0,4,0,0,0,0,0,0,0,0,0,0,0,0,0,0,0,0,0,0,0,0,0,0,0,0,0,0,0,0,0,0,0,0,0,0,0,2,21,0,0,0,0,0,0,0,0,0,0
"D14",0,0,0,0,0,0,0,0,0,0,0,0,0,0,0,0,5,0,0,0,0,0,0,0,0,0,0,0,0,0,0,31,0,0,541,0,0,0,0,0,0,3,0,0,0,55,0,0,0,0,24,0,5,0,0,0,0,0,0,3,0,137,0,0,0,0,0,0,0,0,0,0,1,0,0,0,0,2920,0,0,0,0,0,328,14,0,110,0,29,0,0,22,0,0,0,0,144,0,0,0,0,0,0,0,0,0,0,0,0,0,0,0,8,0,3,0,0,1351,0,0,0,0,0,0,36,0,23,0,0,0,2,0,0,0,0,0,0,0,0,0,0,0,0,0,2,0,0,0,0,0,0,0,0,0,0,0,0,4,0,0,0,0,0,12,0,0,0,0,2,0,0,0,126,0,0,0,0,0,0,0,0,0,20,0,0,0,0,0,0,0,0,0,0,0,0,0,0,0,10,0,0,0,5,0,0,0,0,173,0,56,0,0,0,0,0,0,0,0,0,140,3,0,0,0,0,3,0,350,0,0,0,0,0,0,0,0,0,0,0,0,0,0,0,0,0,0,0,0,0,0,0,0,0,0,0,0,0,0,0,0,0,0,0,0,0,4,0,0,0,4,0,0,0,0,0,0,0,0,0,0,0,0,0,0,0,0,0,0,0,0,0,0,0,0,0,0,0,0,0,0,0,547,0,0,35,3,0,0,0,0,0,5,0,0,0,0,0,0,0,0,0,0,570,0,0,0,0,0,0,5,0,0,0,0,0,0,0,0,0,0,0,2,0,1,0,0,0,28,0,0,0,0,0,2,0,3,0,145,37,50,0,0,0,0,10,0,0,0,0,0,0,0,0,367,0,0,0,0,0,0,0,0,0,0,0,225,0,0,0,0,0,0,0,556,0,0,4,0,5,0,0,0,59,0,0,0,0,0,0,0,0,0,0,0,669,0,0,92,1774,0,0,0,0,0,0,11,0,0,0,0,0,0,0,0,45,2,0,0,0,0,0,0,0,0,0,0,0,0,0,0,0,0,0,0,0,0,0,0,0,0,0,0,0,0,0,0,0,0,0,0,0,0,83,0,0,0,0,0,0,0,116,0,0,0,1039,0,0,0,0,0,0,0,0,0,0,0,0,2,0,0,0,1,0,0,0,0,0,0,0,0,0,0,0,2,0,0,260,15,0,58,0,0,0,0,0,0,0,0
"D15",0,0,0,0,0,0,0,0,0,0,0,0,0,0,0,0,0,0,0,0,0,0,0,0,0,0,0,0,0,0,0,0,0,0,0,0,0,0,0,0,0,0,0,0,0,0,0,0,0,0,0,0,0,0,0,0,0,0,0,0,0,0,0,0,0,0,0,0,0,0,0,0,0,0,0,0,0,0,0,0,0,0,0,0,0,0,0,0,0,0,0,0,0,0,0,0,0,0,0,0,0,0,0,0,0,0,0,0,0,0,0,0,0,0,0,0,0,0,0,0,0,0,0,0,0,0,0,0,0,0,0,0,0,0,0,3,0,0,0,0,0,0,0,0,0,0,0,0,0,0,0,0,0,0,0,0,0,0,0,0,0,0,0,0,0,0,0,0,0,0,0,0,0,0,0,0,0,0,0,0,0,0,0,0,0,0,0,0,0,0,0,0,0,0,0,0,0,0,0,0,0,0,0,0,0,0,0,0,0,0,0,0,0,0,0,0,0,0,0,0,0,0,0,0,0,0,0,0,0,0,0,0,0,0,0,0,0,0,0,0,0,0,0,0,0,0,0,0,0,0,0,0,0,0,0,0,0,0,0,0,0,0,0,0,0,0,0,0,0,0,0,0,0,0,0,0,0,0,0,0,0,0,0,0,0,0,0,0,0,0,0,0,0,0,0,0,0,0,0,0,0,0,0,0,0,0,0,0,0,0,0,0,0,0,0,0,3,0,0,0,0,0,0,0,0,0,0,0,0,0,0,0,0,0,0,0,0,0,0,0,0,0,0,0,0,0,0,0,0,0,0,0,0,0,0,0,0,0,0,0,0,0,0,0,0,0,0,0,0,0,0,0,0,0,0,0,0,0,0,0,0,0,0,0,0,0,0,0,0,0,0,0,0,0,0,0,0,0,0,0,0,0,0,0,0,0,0,0,0,0,0,0,0,0,0,0,0,0,0,0,0,0,0,0,0,0,0,0,0,0,0,0,0,0,0,0,0,0,0,0,0,0,0,0,0,0,0,0,0,0,0,0,0,0,0,0,0,0,0,0,0,0,0,0,0,0,0,0,0,0,0,0,0,0,0,0,0,0,0,0,0,0,0,0,0,0,0,0,0,0,0,0,0,0,0,0,0,0,0,0,0,0,0,0,0,0,0,0,0,0,0,0,0,0,0,0,0,0,0,0,0,0,0,0,0,0,0,0
"D16",1,37,0,0,0,14,9,2,0,0,0,0,134,0,3,21,8,12,46,18,4,0,4,65,4,0,1,0,0,8,5,104,4,2,0,19,0,22,0,0,7,180,211,23,71,21,18,0,16,0,2,213,0,41,0,10,10,15,0,21,0,0,109,2,0,0,2,0,0,0,0,5,77,38,0,0,11,0,0,0,0,0,44,0,0,41,0,0,0,0,0,7,32,36,6,64,0,11,0,0,0,2,290,28,2,7,0,15,0,0,0,0,2,5,1,6,7,0,123,0,0,5,31,0,0,0,14,0,0,2,7,4,0,0,10,0,0,0,0,21,5,11,15,0,8,0,3,15,20,10,46,1,1,5,0,16,21,0,13,3,0,0,8,0,2,0,84,2,10,0,0,0,0,12,0,48,15,13,2,0,4,0,0,0,22,32,0,72,9,0,22,23,9,0,8,0,0,3,0,14,0,2,40,115,0,134,3,0,4,0,6,0,0,1,0,3,19,21,0,0,0,0,90,12,13,0,0,2,0,0,5,0,15,0,12,5,67,0,0,4,10,4,34,0,0,0,4,0,0,5,55,1,279,0,0,4,5,0,2,0,8,0,0,0,134,74,0,0,21,28,28,1,21,358,10,0,35,0,42,1,2,8,0,54,2,11,3,0,3,53,16,3,33,0,35,281,0,0,16,70,35,0,0,83,5,0,33,17,2,82,3,0,0,5,9,18,29,0,0,0,4,0,2,0,0,4,0,9,29,0,1,20,0,6,2,2,3,70,22,0,91,56,0,0,219,1,0,12,0,55,5,7,41,0,6,0,4,0,3,0,0,0,0,77,0,59,0,9,0,1,5,28,0,0,2,0,12,0,13,17,67,0,0,0,0,0,23,0,2,0,16,16,20,0,24,17,0,9,0,0,0,17,6,0,0,69,0,0,10,0,0,1,226,0,44,7,0,0,0,0,0,4,0,1,27,0,0,0,84,2,0,0,26,38,0,0,2,251,28,1,0,0,19,2,0,4,142,12,7,3,0,201,6,0,0,0,33,100,7,14,13,0,0,8,53,0,0,10,24,0,0,0,0,9,26,5,0,3,0,72,0,6,0,14,0,0,13,17,2,81,0,0,33,9,0,2,0,155,0,7,8,3,1,12,4,68,36,6,3,26,100,6,4,10,7,0,0,0,7,0,17,23,39,0,6,5,5,0
"D17",5,0,0,0,0,7,0,0,0,0,0,40,0,0,0,0,0,0,0,0,0,210,0,0,0,0,0,0,0,56,0,0,0,65,0,0,0,0,0,0,0,0,0,0,0,0,0,0,0,0,3,0,0,0,0,0,0,0,29,0,0,0,0,0,0,0,0,13,0,0,0,0,0,0,0,0,0,0,0,0,0,0,0,0,0,0,0,0,0,0,0,0,0,0,0,0,0,0,0,0,0,0,0,0,0,0,0,0,38,0,0,0,0,0,0,0,0,0,0,0,0,0,0,0,0,0,0,0,0,0,0,0,0,26,0,0,14,0,0,0,0,0,0,0,0,0,0,0,0,0,0,0,735,0,0,0,0,0,0,11,0,0,0,0,0,0,0,0,0,0,0,7,0,0,0,0,0,0,0,0,0,0,0,0,0,0,0,0,0,3,0,0,0,0,59,0,0,0,0,0,0,28,0,0,0,0,0,0,0,0,0,0,0,0,105,0,0,0,0,0,0,0,0,41,0,0,0,2,0,1538,0,0,0,0,0,0,0,0,0,0,0,0,0,0,0,0,0,0,705,0,0,0,0,0,94,0,0,0,72,0,0,0,0,0,0,0,0,0,0,0,0,0,0,0,322,0,0,0,0,0,0,0,0,0,3,0,0,0,0,0,0,0,0,11,0,0,0,0,59,0,0,0,0,0,0,8,0,0,0,0,0,34,15,0,0,0,0,0,0,71,0,0,0,0,0,0,0,0,0,0,0,0,0,0,0,0,0,0,0,0,0,0,0,14,0,0,0,0,5,0,0,0,0,0,0,4,0,0,0,0,0,0,0,0,0,0,0,0,0,0,0,0,0,0,0,0,0,10,0,0,0,0,0,0,0,0,0,46,0,0,0,0,0,0,0,0,0,0,21,963,0,0,0,0,0,0,0,0,269,0,0,0,0,1,0,0,5,0,0,0,0,0,0,0,0,0,0,0,0,7,3,1133,0,0,0,0,0,0,0,0,2,0,0,0,0,0,0,0,0,0,0,0,0,572,0,6,0,0,0,0,0,0,0,0,0,0,3,0,0,1,0,0,0,0,0,0,0,0,0,0,0,0,0,0,0,0,0,0,271,0,0,10,0,0,0,0,0,0,0,30,0,0,0,0,0,0,1374,0,0,0,0,0,0,0,0,0,0,0,0,0,0,0,0,0,0,0,0,0
"D18",0,0,0,0,0,0,0,0,0,0,0,0,0,0,0,0,0,0,0,0,0,0,0,0,0,0,0,0,0,0,0,0,0,0,0,0,0,0,0,0,0,0,0,0,0,0,0,0,0,0,0,0,0,0,6,0,0,0,0,0,0,0,0,0,0,0,0,0,0,0,0,0,0,0,0,0,0,0,0,0,0,0,0,0,0,0,0,0,0,0,0,0,0,0,0,0,0,0,0,0,0,0,0,0,0,0,0,0,0,0,0,0,0,0,0,0,0,0,0,0,0,0,0,4,0,0,0,0,0,0,0,0,0,0,0,431,0,0,0,0,0,0,0,0,0,0,0,0,0,0,0,0,0,0,0,0,0,0,0,0,0,0,0,0,0,0,0,0,0,0,0,0,0,0,1,0,0,0,0,0,0,0,0,0,0,0,0,0,0,0,0,0,0,0,0,2,0,0,0,0,0,0,0,0,0,0,0,0,0,0,0,0,0,0,0,0,0,0,0,0,0,0,0,0,0,0,0,0,0,0,0,0,0,0,0,0,0,0,0,0,0,0,0,0,0,0,0,0,0,0,0,0,0,0,0,0,0,0,0,0,0,0,0,0,0,0,0,0,0,31,0,0,0,0,0,0,0,0,0,0,0,0,0,0,0,0,0,0,0,0,0,0,0,0,0,0,0,0,0,0,0,0,0,0,0,0,0,0,0,0,0,0,0,0,0,0,0,0,0,0,0,0,0,0,0,0,0,0,0,0,0,0,0,0,0,0,0,0,0,0,0,0,3,0,0,0,0,0,4,0,0,0,0,0,0,0,0,0,0,0,0,0,0,0,0,0,0,0,0,0,0,0,0,0,0,0,0,0,0,0,0,0,0,0,0,0,0,0,0,0,0,0,0,0,0,0,0,0,0,0,0,0,0,0,0,0,0,0,0,0,0,0,0,0,0,0,0,0,0,0,0,0,0,0,0,0,0,0,7,0,0,0,0,0,0,0,0,0,0,0,0,0,0,0,0,0,0,0,0,0,0,0,0,68,0,5,0,0,0,0,0,0,0,0,0,0,0,0,0,0,0,0,0,0,0,0,0,0,0,0,0,0,0,0,0,0,0,0,0,0,0,0,0,0,0,0,0,0,0,2,0,0,0,0,0,0,8,0,0,7,0,0,0,0,0,0,0,0,0,0,0,0,0,0,0,0,0,0
"D19",0,7,0,0,0,0,0,3,0,53,0,0,0,0,0,0,0,0,14,0,0,0,0,0,0,0,0,0,0,0,3,0,0,0,0,0,2,14,0,0,0,14,0,0,0,93,1,0,0,0,7751,997,31,5,0,0,19,0,0,4,0,3,0,0,21,0,11,0,3,0,0,2,0,8,0,63,0,2,3,0,48,11,0,0,0,0,0,0,0,0,0,0,0,0,5,2,0,0,3,0,0,4,0,1,0,0,0,0,0,0,0,0,0,0,0,0,0,0,0,0,0,2,14,0,0,0,0,0,0,0,0,0,0,0,0,0,0,0,0,0,0,7,3,0,0,27,0,7,2,0,0,0,6444,2,0,0,2,0,0,18,0,0,0,2,0,0,6543,0,8,0,0,0,0,0,0,4,50,0,0,3,6,0,0,5,32,0,0,29,0,0,0,0,0,23,0,0,0,0,2,0,2,0,0,0,11,0,0,0,10,0,60,0,0,0,0,0,0,0,0,0,0,0,0,0,2,0,0,18,0,0,5,0,0,0,0,0,0,3,0,0,1,0,0,0,0,25,3,0,0,49,0,0,12,0,0,0,0,0,0,0,0,15,0,0,0,2,0,0,0,533,0,0,0,0,3,0,0,0,26,0,0,0,0,13,0,0,0,0,0,0,0,0,0,0,0,55,112,19,1108,0,0,0,0,0,0,13,0,7397,0,0,0,19,0,0,19,0,34,0,0,0,0,3,0,0,113,15,13,0,0,68,0,0,0,0,0,0,0,131,0,0,0,0,0,0,0,0,0,0,0,25,0,41,0,62,0,2,0,0,0,0,0,68,2,0,0,4,0,0,0,0,0,0,0,0,0,0,36,0,0,0,0,0,0,1,0,0,0,4,0,0,0,2,2,0,0,19,59,0,0,0,0,0,0,0,3,0,0,0,0,0,5,0,4,0,0,7,0,0,0,0,0,0,0,0,3,1,0,0,0,0,0,9,2,0,0,0,1,452,0,1,0,0,0,3,2,0,17,46,6,0,0,0,0,0,0,0,4,85,21,2,3,0,0,2,0,0,0,0,0,0,0,0,0,0,0,0,12,0,0,0,0,2,0,0,0,0,0,0,0,0,0,0,17,0,15,0,0,128,0,0,2,0,0,0,0,0,16,0,0,0,0,2,11,5,0,0,0,0,0,0,0,301,0,6,7,0,0,0
"D20",50,10,29,1216,7,35,0,0,268,4,13,0,0,13,0,0,0,0,0,6,0,79,31,6,0,0,0,22,0,0,0,0,4,163,0,12,0,0,4,0,0,0,0,0,0,0,0,7,0,131,74,85,196,0,29,0,12,0,2,5,550,0,0,143,8,0,0,46,0,0,50,0,25,0,0,0,0,0,26,82,0,0,0,0,4,7,0,19,5,0,22,0,0,3,0,0,0,6,0,117,101,7,13,0,5717,0,265,0,94,3,319,32,0,18,12,8,11,84,0,65,77,0,5,111,0,0,2,5,29,0,65,18,7,54,5,0,0,37,2,45,0,2,0,351,0,0,0,0,0,0,52,5,30,5,2539,0,7,0,0,223,10,26,0,27,5,0,225,0,0,46,0,7,0,8,4,0,0,0,0,3,0,0,0,0,0,0,10,0,0,42,1,6,0,1,22,463,1904,20,10,0,3,52,0,8,0,45,0,0,0,0,0,0,150,0,31,0,0,0,212,0,4,8,11,12,0,0,0,29,36,2,0,1646,0,79,0,8,0,0,42,0,2,2,7,3,147,2,0,0,10,0,0,9,100,223,110,5,0,25,201,0,71,0,22,0,0,0,4,10,0,0,0,27,1,0,374,5,0,6,67,0,0,0,10,40,2,0,0,28,0,8,0,0,0,25,0,7,1,0,277,7,8,0,31,4,0,388,0,79,7,18,4,111,355,4,7,11,35,113,108,43,0,0,0,1,0,0,0,118,73,0,27,85,4,0,6,0,0,0,9,0,0,0,3531,14,0,14,0,0,2,0,0,8,2,0,1,64,0,0,0,0,22,27,15,0,37,0,210,0,50,62,1,0,9,0,3,41,0,15,5,8,5,0,0,0,0,0,0,5,931,8,0,22,3,0,0,0,20,0,22,73,16,0,0,0,0,0,293,35,148,51,4,0,9,64,19,6,28,0,0,358,1562,6,0,0,3,0,1,1519,3,0,7,4,2,0,0,11,68,29,0,0,0,29,7,0,0,52,0,18,0,0,0,0,0,71,8,6542,0,74,44,3,0,2,0,0,0,12,0,16,4,20,195,2,0,0,0,0,0,6,231,11,0,0,8,0,4,15,6,0,4,11,24,0,9,0,17,3,0,83,0,95,4,0,0,1,0,0,0,0,19,11,0,0,2,0,7,19,0,0,0,11,3,21,0,7,0,0,16,13
"D21",0,0,0,0,0,0,0,0,0,8,0,6,0,0,0,0,0,0,0,0,0,0,0,0,0,0,0,0,0,0,0,18,0,0,0,0,0,0,0,0,0,0,0,0,0,4,0,0,0,0,0,0,0,0,0,0,0,0,0,120,0,0,0,0,0,0,0,0,0,0,0,0,0,0,0,0,0,23,0,0,0,0,0,349,0,0,3,0,0,0,0,0,0,0,0,0,70,0,0,0,0,0,0,0,3,0,0,0,0,0,0,0,0,0,0,0,0,263,0,0,0,0,0,0,1372,0,0,0,0,0,0,0,0,0,9,0,0,0,0,0,0,0,0,0,0,0,0,0,0,0,0,0,0,0,2,0,0,0,0,0,0,0,0,0,0,0,0,0,4,0,0,3,1279,0,0,0,0,0,0,0,15,0,29,0,0,0,0,0,0,0,0,0,0,0,0,0,0,0,0,0,45,0,0,0,0,0,0,21,0,62,0,0,0,0,0,0,0,0,0,0,0,0,0,0,0,0,0,0,0,0,0,10,0,0,0,0,0,0,0,0,0,0,0,0,0,3,0,0,0,0,0,0,0,0,0,0,0,0,0,0,0,0,0,0,0,0,0,0,0,0,0,0,0,0,0,0,0,0,0,0,0,0,0,0,0,0,0,0,31,0,0,0,0,0,0,0,0,0,0,0,0,400,0,0,0,0,0,0,0,0,0,0,0,0,0,0,0,0,0,0,0,0,0,0,0,0,0,0,0,94,0,0,0,0,0,0,0,0,0,0,0,0,0,0,0,0,0,0,0,0,0,0,0,0,0,0,0,236,5,77,0,0,0,0,266,0,0,0,0,0,0,0,0,0,0,0,0,0,0,0,0,0,0,0,4,133,0,37,0,0,0,0,0,512,0,0,0,0,0,0,0,0,20,0,0,0,0,6,0,0,0,0,0,0,0,0,0,137,340,0,0,0,0,0,0,0,0,0,0,0,0,0,0,0,46,4,0,0,0,0,0,0,0,0,0,0,0,0,0,0,0,0,0,0,0,0,0,0,0,0,0,0,0,0,0,0,0,0,0,0,0,0,716,0,0,0,0,0,0,0,478,0,0,0,0,4,0,0,0,0,0,0,0,0,0,0,0,0,16,0,0,0,0,0,2,0,0,0,0,0,0,0,0,18,0,0,1815,23,0,2,0,0,0,0,0,0,0,0
"D22",0,0,0,9,0,21,0,0,56,0,40,0,0,0,0,0,0,0,0,0,0,0,0,0,0,0,0,0,8,0,0,0,0,0,753,0,0,0,0,0,0,0,0,0,0,0,0,0,0,0,424,93,0,0,0,0,0,0,468,0,0,921,0,0,0,1947,0,0,0,0,0,0,0,0,0,0,0,0,0,0,0,0,0,0,0,0,0,0,0,0,0,0,0,0,0,0,0,0,0,0,1202,0,0,0,0,0,0,0,73,0,0,0,0,0,0,0,0,0,0,25,0,0,0,73,0,0,0,0,0,0,0,0,0,0,0,0,0,0,0,0,0,0,0,0,0,0,0,0,0,0,71,0,0,0,91,0,0,0,0,215,0,0,0,0,0,0,0,0,0,0,0,243,0,0,16,0,0,0,0,0,0,0,0,0,0,0,0,0,0,0,0,0,0,93,0,30,0,0,0,0,0,270,0,0,0,0,0,0,0,0,0,0,13,0,0,0,0,0,0,0,0,0,0,0,0,0,0,0,0,0,0,127,0,0,0,0,0,0,0,0,0,0,0,0,199,0,0,0,0,0,0,0,31,0,0,0,0,0,0,0,16,0,10,0,0,0,0,0,0,5,0,0,0,0,224,116,0,0,0,0,0,0,0,0,20,0,0,0,0,0,0,0,0,42,0,0,0,0,68,0,0,0,0,0,0,30,0,0,0,0,0,104,16,0,0,0,0,0,0,0,0,0,0,0,0,0,0,0,0,0,0,86,0,0,0,0,0,0,0,0,0,0,83,0,0,0,0,0,0,0,0,0,0,0,0,0,0,0,0,0,0,0,0,0,0,0,0,0,0,0,0,0,0,0,0,0,0,23,0,0,0,18,0,0,0,0,0,0,0,0,0,0,0,0,0,0,2340,0,0,0,54,0,0,0,0,0,0,0,59,0,0,0,0,0,0,0,0,0,0,0,0,0,0,0,0,81,0,0,0,0,0,0,0,0,0,0,0,0,0,0,0,0,0,0,0,0,0,0,0,0,0,0,0,255,12,1214,0,0,0,0,0,0,0,0,0,37,0,0,0,0,16,0,0,0,0,0,0,0,0,0,0,0,23,0,0,0,0,0,0,0,0,0,0,0,0,0,0,0,99,41,0,0,0,0,0,0,191,0,0,0,0,0,0,0,0,0,0,0,0,476,0,0,0,0,0,0,204,0
"D23",0,0,0,0,0,0,0,0,0,0,0,0,0,173,0,0,505,0,0,0,242,0,0,0,0,0,0,0,0,0,0,0,0,0,0,0,0,0,0,0,0,0,0,0,0,0,0,0,762,0,0,28,0,0,0,0,0,0,0,8,0,0,2898,4,0,0,0,0,0,0,0,0,0,0,0,0,0,51,0,0,0,0,0,2793,0,0,381,0,542,0,0,0,0,0,0,0,0,0,0,0,0,0,0,0,6,0,0,0,0,0,0,0,0,0,0,0,0,3706,0,0,0,0,0,0,0,0,0,0,0,14,0,0,0,3,0,0,0,0,0,16,0,0,0,0,143,0,0,0,0,0,0,0,0,0,0,0,0,0,0,0,0,0,0,0,0,0,0,0,0,0,0,116,0,0,0,0,0,0,9412,0,0,0,0,0,0,0,0,0,0,0,0,0,0,0,0,0,0,0,0,0,39,0,0,0,0,0,0,0,2,0,0,0,0,0,0,0,0,0,0,0,0,0,0,0,0,0,0,0,0,0,0,0,0,0,0,0,502,0,0,0,0,0,0,0,0,0,0,0,0,0,0,0,7,0,0,0,0,0,4,0,2013,0,0,321,0,0,0,0,0,0,0,0,0,0,0,0,753,0,0,0,0,0,0,0,0,0,0,0,0,0,0,0,0,0,0,0,0,0,0,0,0,0,0,0,0,0,0,0,0,0,0,0,0,0,0,0,107,0,0,0,0,0,0,170,0,0,0,0,0,0,0,0,0,0,0,0,0,0,0,0,0,0,0,9,0,0,0,0,299,0,0,0,0,0,0,0,0,0,0,14602,0,0,0,0,0,0,0,0,0,0,0,0,0,20868,0,0,0,0,0,0,0,0,376,0,0,0,0,0,0,0,0,0,0,0,0,0,178,0,0,0,0,0,0,0,0,0,0,0,0,0,0,0,0,0,0,0,0,0,1385,0,0,0,0,0,0,0,1986,0,0,0,0,0,144,0,0,0,0,0,0,0,0,0,0,0,0,0,0,0,0,0,0,0,3,0,0,0,0,0,0,0,0,0,0,0,0,0,0,0,0,0,0,0,0,0,0,0,0,0,0,107,0,0,0,0,0,0,0,0,0,0,0,0,0,0,0,0,0,0,0,0,0,18520,0,0,3,0,13,448,0,0,0,0,0,0,0,0,0,0,0,0,463,0,55,0,0,0,0,0
"D24",0,0,0,0,0,0,0,0,22,0,0,0,0,0,0,0,0,0,0,0,0,0,0,0,0,0,0,0,0,0,0,0,0,0,510,0,0,0,0,0,0,0,0,0,0,0,0,6,0,0,2,0,0,0,0,0,0,0,484,0,0,0,0,0,0,0,0,0,0,0,0,0,0,0,0,0,0,0,0,0,0,0,0,0,59,0,0,0,0,0,0,0,0,0,0,0,0,0,0,0,0,0,0,0,0,0,0,0,8,0,0,0,0,0,226,0,0,0,0,0,0,0,0,0,0,0,0,0,0,0,0,0,0,0,0,0,0,0,0,0,0,0,0,0,0,0,0,0,0,0,0,0,1973,0,0,0,0,0,0,162,0,0,0,0,0,0,0,0,0,0,0,6,0,0,0,0,0,0,0,0,0,0,0,0,0,0,0,0,0,0,0,0,0,0,0,0,0,0,0,0,0,0,0,0,0,0,0,0,0,0,0,0,6,0,12,0,0,0,0,0,0,0,0,0,0,0,0,0,0,36,0,0,0,0,0,0,0,0,0,0,0,0,0,0,0,0,0,0,0,0,0,0,0,0,0,0,0,0,0,0,0,0,0,0,0,0,0,0,0,121,0,0,0,0,0,0,0,0,0,0,0,0,0,0,0,0,0,0,0,0,0,0,0,2,0,0,0,0,88,0,0,0,0,0,0,2,0,0,0,0,0,0,24,0,0,0,0,0,0,4,0,0,0,0,0,10,0,0,0,0,0,0,0,0,0,0,0,0,0,0,0,0,0,0,0,0,0,0,0,0,0,0,0,0,0,0,0,0,0,0,0,0,0,0,0,0,0,0,0,0,0,0,0,0,0,5,0,0,0,0,0,0,0,0,0,0,0,0,0,0,0,0,0,0,0,0,0,0,0,240,53,0,0,0,0,0,0,0,2,0,0,0,0,0,0,0,7,0,0,0,0,0,0,0,0,0,0,0,0,0,0,20,0,0,0,0,0,0,0,0,8,0,0,0,0,0,0,0,0,0,0,0,0,0,0,15,0,0,0,0,0,0,0,0,0,0,28,0,0,0,0,0,0,0,0,0,0,0,0,0,0,0,0,0,0,20,0,0,0,0,0,0,0,0,0,0,0,0,0,0,0,0,0,0,0,0,15,0,0,0,0,0,0,0,0,0,0,0,0,0,0,0,0,0,0,0,4,0
"D25",0,2,0,0,0,0,0,12,0,357,0,4,0,0,7,0,0,0,83,0,0,0,0,0,0,0,0,0,0,0,12,191,0,0,0,0,30,69,0,0,1,154,0,0,0,317,0,0,0,0,37,64,0,21,0,21,9,3,0,14,0,0,0,0,31,0,24,0,4,2,0,33,0,24,0,98,0,0,5,0,157,38,3,0,0,0,4,0,3,9,2,0,0,0,12,1,2,0,1,0,0,4,0,0,0,0,0,3,0,0,0,0,0,0,2,0,0,0,0,0,0,3,71,0,0,0,0,0,0,0,0,0,0,0,19,0,0,0,0,0,0,13,23,0,0,77,4,12,0,0,0,0,0,3,0,0,0,0,8,0,0,4,15,0,7,3,1,0,11,0,28,0,0,0,0,3,257,0,0,8,7,1,4,14,395,6,0,60,0,0,0,0,0,0,0,0,0,0,0,0,10,0,0,0,74,0,2,0,16,3,37,0,0,3,0,0,0,0,0,0,0,0,0,0,11,2,0,11,0,0,23,0,4,0,0,0,0,5,0,0,0,8,0,0,0,99,10,8,0,132,0,2,4,0,0,0,27,0,0,0,0,55,0,0,0,0,0,4,15,26,0,0,0,0,0,0,0,0,174,11,0,3,0,33,0,0,39,0,9,0,0,2,0,0,0,270,187,47,22,0,19,0,0,1,0,0,0,0,0,0,11,0,0,0,19,0,72,0,0,0,1,17,0,0,569,9,63,0,0,4,0,0,0,0,0,0,0,222,1,0,0,0,0,0,10,0,0,0,0,0,2,139,0,241,0,0,0,0,2,0,0,95,0,0,0,47,0,0,0,0,9,0,0,0,0,0,85,0,2,0,0,0,0,8,0,4,0,0,0,0,0,0,0,0,10,78,0,0,7,0,0,0,0,5,22,0,0,0,0,0,3,0,301,0,0,0,0,2,6,0,0,0,0,5,35,0,1,0,9,0,0,0,3,0,0,0,1,1824,0,11,0,0,9,4,30,0,54,151,50,0,0,0,35,0,0,0,21,208,10,1,1,0,3,5,0,0,0,0,0,0,0,0,2,0,0,0,5,5,0,7,3,53,0,0,0,0,0,2,0,1,0,0,56,0,34,0,4,173,0,0,19,0,10,0,0,0,19,0,0,0,0,5,79,77,2,0,3,2,0,0,0,957,0,0,0,0,4,0
"D26",0,0,0,0,83,0,0,0,0,0,0,0,0,0,0,0,0,0,0,0,0,4,0,0,0,0,0,0,0,50,0,0,0,0,0,0,0,0,0,0,0,0,0,139,0,174,0,0,0,0,0,0,359,0,399,0,0,0,0,0,0,0,0,1,0,0,0,0,0,0,0,0,0,0,0,0,0,0,0,0,0,0,0,0,0,0,0,0,0,0,0,0,0,0,0,0,0,0,0,0,4,0,0,0,9,0,0,0,298,0,4,2,0,0,0,0,0,0,0,0,0,0,0,0,0,0,0,0,0,0,0,0,0,0,541,0,464,0,0,0,0,0,0,0,0,0,0,0,0,0,0,0,0,22,0,0,0,0,0,0,0,0,0,5,0,0,0,0,0,0,454,0,0,0,0,0,0,0,0,0,0,0,0,0,0,0,0,0,0,0,0,0,0,0,0,0,0,0,0,0,0,10,0,0,0,0,0,0,0,0,0,0,0,0,0,0,0,0,0,0,0,0,0,0,0,0,0,0,0,0,0,0,0,0,0,0,0,0,0,0,0,0,0,0,0,0,0,0,0,0,0,0,1263,0,70,0,0,0,0,0,0,0,27,0,0,0,0,0,0,0,0,0,0,0,2,0,0,0,0,0,0,0,0,0,0,0,0,0,0,0,0,0,0,0,0,0,0,0,0,0,0,0,30,0,0,16,0,0,0,0,59,0,0,0,0,0,0,0,0,0,0,0,0,0,0,0,0,0,0,0,0,0,0,0,0,0,0,0,0,0,0,0,0,0,0,0,0,0,0,0,0,0,0,0,0,0,0,0,0,0,0,0,0,0,0,0,0,0,0,0,0,0,0,0,0,0,0,159,0,0,0,0,0,0,0,0,0,0,0,0,0,0,0,0,0,0,0,0,0,0,0,0,0,0,0,0,132,0,0,0,0,0,0,264,0,0,0,0,0,0,2,0,0,0,0,0,0,0,0,0,0,0,0,0,2,0,0,0,0,0,0,0,0,0,0,0,0,0,0,0,2670,0,0,0,0,0,0,0,4,0,0,0,0,0,0,0,0,0,0,0,0,0,0,0,0,0,0,0,0,0,0,0,0,4,0,0,0,0,0,0,0,0,0,0,0,0,0,0,0,185,0,0,0,0,0,0,4,0,0,0,0,0,0,0,0,0,0,0,0,0,0,0,0,6,0,0,0,0
"D27",2,0,0,182,0,2,0,0,427,0,80,0,0,0,0,0,0,0,0,0,0,39,0,0,0,0,0,5,0,0,0,0,2,10,0,0,0,0,0,0,0,0,0,0,0,0,0,0,0,311,11,0,15,0,0,0,0,0,3,0,2074,0,0,3,0,0,0,72,0,0,0,0,0,0,0,0,0,0,66,0,0,0,0,0,24,0,0,0,0,0,2,0,0,0,0,0,0,0,0,0,0,6,0,0,19857,0,3174,0,10,0,38,5,0,0,0,0,0,0,0,9,0,0,0,145,0,0,0,33,4,0,0,0,0,2,0,0,14,0,0,0,0,0,0,101,0,0,0,0,0,0,0,0,0,0,7105,0,0,0,0,6,0,0,0,0,0,0,9,0,0,0,0,102,0,6,170,0,0,0,0,0,0,0,0,0,0,0,0,0,0,0,0,0,3,0,0,123,0,0,0,0,0,134,0,3,0,0,0,0,0,2,0,0,609,0,0,0,0,0,10,0,0,14,0,0,0,0,20,7,0,0,0,688,0,119,0,0,0,0,174,0,0,0,0,0,95,0,0,0,3,0,0,0,6,1216,6,0,0,9,21,3,8,0,2,2,0,0,0,4,0,0,0,0,0,0,36,193,0,0,0,0,0,0,33,2,0,0,0,61,0,0,0,0,0,3,0,0,0,0,1783,0,0,3,0,0,0,61,0,0,0,0,0,8,223,0,0,0,2,20,0,20,0,0,0,0,0,0,0,123,0,0,8,55,3,0,0,0,0,0,0,0,0,0,136,5,0,0,0,0,81,2,0,0,0,0,0,0,0,0,0,0,0,0,0,0,0,0,29,0,12,0,0,0,10,0,0,1,0,0,0,0,0,0,0,0,0,0,0,6,1,11,0,10,0,0,0,0,0,0,0,43,185,0,0,0,0,0,0,30,5,3,0,0,2,0,0,0,0,0,0,0,4,0,9,0,0,0,0,1,0,0,0,2,0,0,0,32,16,0,0,0,38,0,0,0,0,0,0,0,0,0,0,6,0,180,15,376,0,0,0,0,0,0,0,0,0,7,0,0,0,18,19,0,0,0,0,0,0,0,0,0,0,0,0,0,0,5,0,0,0,0,2,0,0,0,0,0,0,0,8,2,0,0,0,0,0,0,0,0,0,0,0,0,0,0,0,0,0,0,0,0,0,1,0,3,0,0,15,4
"D28",0,0,0,0,0,0,0,0,20,0,9,0,0,0,0,0,0,0,0,0,0,19,0,0,0,0,0,0,0,0,0,0,0,0,0,0,0,0,0,0,0,0,0,0,0,0,0,0,0,0,0,0,0,0,0,0,0,0,0,52,0,0,0,0,0,0,0,0,0,0,0,0,0,0,0,0,0,919,0,0,0,0,0,5282,0,0,0,0,0,455,2724,0,0,0,0,0,1881,0,0,0,0,0,0,0,3,0,3,0,0,0,2,0,0,0,37,0,0,14037,0,0,0,0,0,0,23751,0,0,0,0,0,0,0,0,0,0,0,0,0,0,0,0,0,0,0,28,0,0,0,0,0,0,0,0,0,0,0,0,0,0,0,0,0,0,0,0,0,0,0,0,0,0,0,8628,0,10,0,0,0,0,0,0,0,0,0,0,0,0,0,0,0,0,0,0,0,0,0,0,0,0,0,0,2,0,0,0,0,0,73,0,2,0,0,8,0,0,0,0,0,0,0,0,0,0,0,0,0,0,0,0,0,0,7,0,0,0,0,0,0,0,0,0,0,0,0,0,0,0,0,0,0,0,0,0,0,0,0,0,5,0,0,0,0,0,0,0,0,0,0,3,0,0,0,0,0,0,9,0,0,0,0,0,0,0,0,0,0,0,0,0,0,0,0,0,0,0,0,0,0,0,0,0,1253,0,0,0,1,0,0,0,0,0,22,0,0,0,0,0,0,0,0,0,0,2076,97,0,0,0,0,0,1220,0,0,0,0,0,0,0,0,0,0,0,0,0,0,0,0,0,23,5,0,0,0,0,0,0,0,0,19475,437,192,0,0,0,0,9481,0,0,0,0,0,0,0,0,998,0,0,0,0,0,0,0,0,0,0,41,1258,0,0,0,3,0,0,0,4857,0,0,0,0,13341,0,0,0,0,0,0,0,0,0,11,0,0,0,0,0,0,0,0,12259,2311,0,0,0,0,0,0,0,0,0,0,0,0,0,0,0,1414,0,74,0,0,0,0,0,0,0,0,0,0,0,0,0,0,14,0,0,0,0,0,0,0,0,0,0,0,0,0,0,0,0,0,0,0,0,6,0,0,0,0,0,0,0,2930,0,0,0,0,54,0,0,0,0,0,0,0,0,0,0,0,0,0,0,0,0,0,0,0,0,1,0,0,0,0,0,0,144,0,0,28255,0,0,75,0,0,0,4,0,0,0,0
"D29",0,0,0,0,0,0,0,0,8,0,0,0,0,6,0,0,0,0,0,0,22,0,0,0,0,0,0,0,0,0,0,0,0,0,0,0,0,0,0,0,0,0,0,0,0,0,0,0,395,0,0,0,0,0,0,0,0,0,0,5,0,0,3,0,0,0,0,0,0,0,0,0,0,0,0,0,0,350,0,0,0,0,0,1075,0,0,258,0,41,0,0,0,0,0,0,0,0,497,0,0,0,0,0,0,0,0,0,0,0,0,0,0,0,0,0,0,0,0,0,0,0,0,0,0,0,0,20,0,0,0,0,0,0,0,0,0,0,0,0,4,0,0,0,0,0,0,0,0,0,0,0,0,0,0,0,0,0,0,0,0,0,0,0,0,0,0,0,0,0,0,0,0,0,0,0,0,0,0,399,0,0,0,0,0,0,0,0,0,0,0,0,0,0,0,0,0,0,0,0,0,3,0,0,0,0,0,0,0,0,0,0,0,0,0,0,0,0,0,0,0,0,0,0,0,0,0,0,0,0,0,0,0,0,0,0,0,7,0,0,0,0,0,0,0,0,0,0,0,0,0,0,0,0,0,0,0,0,0,0,0,0,0,0,573,0,0,0,0,0,0,0,0,0,0,0,0,0,0,0,0,0,0,0,0,0,0,0,0,0,0,0,0,0,0,0,0,0,0,0,0,0,0,4,0,0,0,0,0,0,0,0,0,0,0,0,0,1,0,0,0,0,0,0,207,0,0,0,0,0,0,0,0,0,0,0,0,0,0,0,0,0,0,0,0,0,0,0,0,0,0,0,0,0,0,0,0,0,738,0,352,0,0,0,0,0,0,0,0,0,0,0,0,0,1110,0,0,0,0,0,0,0,0,22,0,0,0,0,0,0,0,0,0,0,0,0,0,0,0,0,0,0,0,0,4,0,0,0,0,0,0,0,0,0,0,0,0,0,0,3551,0,0,0,0,0,0,0,35,0,0,0,0,0,2,0,0,0,0,0,0,0,0,0,0,0,0,0,0,0,0,0,0,0,0,0,0,2,0,0,0,0,0,0,0,0,0,0,0,0,0,0,0,0,0,0,0,0,0,0,0,15,0,0,0,0,568,0,0,0,0,0,0,0,0,0,0,0,0,0,0,4,0,122,0,0,2,0,0,288,0,0,0,0,0,0,0,0,0,0,0,0,0,0,2,0,0,0,1,0
"D30",0,0,0,0,0,0,0,0,0,0,0,0,0,0,0,0,0,0,0,0,0,0,0,0,0,0,0,0,0,0,0,0,0,0,0,0,0,0,0,0,0,0,0,0,0,0,0,0,0,0,0,0,0,0,0,0,0,0,0,0,0,0,0,0,0,0,0,0,0,0,0,0,0,0,0,0,0,0,0,0,0,0,0,0,0,0,0,0,0,0,0,0,0,0,0,0,0,0,0,0,0,0,0,0,0,0,0,0,0,0,0,0,0,0,0,0,0,0,0,0,0,0,0,0,0,0,0,0,0,0,0,0,0,0,0,702,0,0,0,0,0,0,0,0,0,0,0,0,0,0,0,0,0,0,0,0,0,0,0,0,0,0,25,0,0,0,0,0,0,0,0,0,0,0,0,0,0,0,0,0,0,0,0,0,0,0,0,0,0,0,0,0,0,0,0,0,0,0,0,0,0,0,0,0,0,0,0,0,0,0,0,0,0,0,0,0,0,0,0,0,0,0,0,0,0,0,0,0,0,0,0,0,0,0,0,0,0,0,0,0,0,0,0,0,0,0,0,0,0,0,0,0,0,0,0,0,0,0,0,0,0,0,0,0,0,0,0,0,0,0,0,0,0,0,0,0,0,0,0,0,0,0,0,0,0,0,0,0,0,0,0,0,0,0,0,0,0,0,0,0,0,0,0,0,0,0,0,0,0,0,0,0,0,0,0,0,0,0,0,0,0,0,0,0,0,0,0,0,0,0,0,0,0,0,0,0,0,0,0,0,0,0,0,0,0,0,0,0,0,0,0,0,0,0,0,0,0,0,0,0,0,0,0,0,0,0,0,0,0,0,0,0,0,0,0,0,0,0,0,0,0,0,0,0,0,0,0,0,0,0,0,0,0,0,0,0,0,0,0,0,0,0,0,0,0,0,0,0,0,0,0,0,0,0,0,0,0,0,0,0,0,0,0,0,0,0,0,0,0,0,0,0,0,0,0,0,0,0,0,0,0,0,0,0,0,0,0,0,0,0,0,0,0,0,0,0,0,0,0,0,0,0,0,0,0,0,0,0,0,0,0,0,0,0,0,0,0,0,0,0,0,0,0,0,0,0,0,0,0,0,0,0,0,0,0,0,0,0,0,0,0,0,0,0,0,0,0,0,0,0,0,0,0,0,0,0,0,0,0,0,0,0,0,0,0,0,0,0
"D31",35,4,36,24,10,53,0,0,168,0,9,0,0,16,0,0,0,0,0,0,0,49,8,1,0,0,0,4,0,0,0,0,198,128,39,94,0,0,0,0,0,0,0,8,0,0,0,0,0,52,1,446,89,0,110,0,0,0,29,0,112,0,0,23,0,0,0,422,0,0,0,0,0,0,0,0,0,0,0,1,0,0,0,0,3,0,0,0,0,0,7,0,0,0,0,0,0,0,0,0,37,0,0,0,0,0,29,0,86,18,2,0,0,28,0,0,0,0,0,22,24,0,0,3,0,0,0,3,11,0,0,11,0,9,0,0,0,0,6,2,0,0,0,68,0,0,0,0,0,0,35,0,588,0,40,0,0,0,0,350,35,2,0,471,0,0,146,0,0,0,0,3,0,57,82,0,0,0,0,0,0,0,0,0,0,0,21,0,0,12,0,9,0,10,22,5,0,0,2,0,2,197,0,0,0,7,0,0,0,0,0,0,42,0,9,0,0,5,0,0,0,3,0,0,0,2,0,14,20,62,0,115,0,179,0,0,4,0,0,0,0,0,0,0,86,0,0,0,106,0,0,0,0,0,61,0,0,50,203,0,11,0,83,0,0,0,5,0,0,53,0,9,0,0,0,290,0,0,3,0,1,0,0,23,14,0,0,77,0,0,0,0,0,72,0,0,0,0,175,0,0,0,0,0,0,766,0,0,69,13,0,68,392,0,0,0,0,0,0,59,0,0,0,0,0,0,0,62,2,18,14,2990,0,0,0,0,0,0,0,0,0,0,0,0,0,0,0,0,0,0,0,0,0,0,0,0,0,0,0,0,0,2,0,0,0,0,2,0,0,13,0,0,6,58,0,0,0,0,0,0,6,23,0,0,0,0,0,20,0,4,0,164,0,0,0,0,0,0,0,6,28,0,0,0,4,0,37,0,185,71,0,0,0,64,9,6,15,0,0,12,23,0,0,0,0,148,0,0,15,154,0,28,0,0,0,11,85,0,0,0,0,9,0,0,0,0,0,0,0,0,16,0,0,0,12,26,0,0,0,0,0,0,0,0,0,0,0,0,0,72,0,0,0,0,0,0,0,0,0,0,0,0,16,0,0,10,8,0,0,0,0,28,0,0,0,0,0,0,2,4,0,0,0,0,0,8,1161,0,6,4,0,0,0,0,0,14,0,0,0,0,0,3,0,22,0,0,0,0
"D32",0,3,0,0,0,0,0,4,0,0,0,0,0,0,2,0,2,0,280,0,0,0,0,0,0,0,0,0,0,0,3,401,0,0,0,0,0,14,0,0,0,91,0,0,0,128,1,0,0,0,9,24,0,10,0,48,12,0,0,3,0,0,0,0,15,0,17,0,5,0,0,0,0,52,0,68,0,0,0,0,44,7,31,0,0,0,0,0,0,0,0,0,0,0,1,0,0,0,6,0,0,0,0,2,0,0,0,12,0,0,0,0,5,0,3,0,0,0,0,0,0,0,0,0,0,0,0,0,0,0,0,0,0,0,7,0,0,0,0,0,0,11,0,0,0,26,0,4,0,0,0,0,0,2,0,0,6,0,0,0,0,0,4,0,0,1,3,1,2,0,0,0,0,0,0,6,282,0,0,41,0,2,4,0,104,51,0,46,0,0,0,0,0,0,0,0,0,0,0,0,0,0,0,0,1,0,2,0,4,0,47,0,0,0,0,0,0,0,0,0,0,0,0,0,8,0,0,0,0,0,0,0,7,0,0,0,0,11,0,0,0,4,0,0,0,17,39,54,0,74,0,0,13,0,0,0,6,0,0,0,0,49,0,0,0,0,0,1,2,25,0,0,0,0,3,0,0,0,43,2,0,13,0,52,0,0,9,0,17,0,1,0,0,0,0,380,163,13,0,0,49,0,0,2,0,2,4,0,0,0,17,0,0,0,3,0,61,0,0,0,0,14,0,0,149,0,5,0,0,0,0,0,0,0,0,0,0,198,2,0,0,0,0,0,0,0,8,0,0,34,13,13,0,45,0,0,0,0,0,0,0,61,0,0,0,33,0,0,0,0,0,0,0,0,0,0,10,0,5,0,0,0,0,5,0,0,0,0,0,0,0,0,2,0,4,58,0,0,0,0,0,0,0,10,13,0,0,0,0,0,0,0,573,0,0,0,0,0,0,0,0,4,0,6,7,0,0,0,0,0,0,0,10,0,0,0,1,1324,0,3,0,0,0,1,2,0,76,30,27,0,0,0,3,0,0,0,7,47,6,5,1,0,5,26,0,0,0,0,0,0,0,0,0,0,0,5,15,0,0,10,0,16,0,4,0,0,0,0,0,2,0,0,17,0,10,2,3,110,0,0,0,0,10,0,3,0,31,0,0,0,0,8,16,26,0,0,0,2,0,0,0,784,0,0,17,0,0,0
"D33",0,0,0,0,0,0,0,0,0,0,2627,0,0,0,0,0,0,0,0,0,0,0,0,0,0,0,0,0,0,0,0,0,0,0,637,0,0,0,0,0,0,0,0,0,0,0,0,0,0,0,0,0,0,0,0,0,0,0,0,0,0,0,0,0,0,0,0,0,0,0,0,0,0,0,0,0,0,0,0,0,0,0,0,0,0,0,0,0,0,0,0,0,0,0,0,0,0,0,0,0,0,0,0,0,0,0,0,0,0,0,0,0,0,0,0,0,0,0,0,0,0,0,0,0,0,0,0,0,0,0,0,0,0,0,0,0,0,0,0,0,0,0,0,0,0,0,0,0,0,0,0,0,0,0,0,0,0,0,0,177,0,0,0,0,0,0,0,0,0,0,0,500,0,0,0,0,0,0,0,0,0,0,0,0,0,0,0,0,0,0,0,0,0,0,0,0,0,0,0,0,0,0,0,0,0,0,0,0,0,0,0,0,0,0,0,0,0,0,0,0,0,0,0,0,0,0,0,0,0,0,0,0,0,0,0,0,0,0,0,0,0,0,0,0,0,0,0,0,0,0,0,0,0,0,0,0,0,0,0,0,0,0,0,0,0,0,0,0,0,4718,0,0,0,0,0,183,0,0,0,0,0,0,0,0,0,0,0,0,0,0,0,0,0,0,0,0,0,0,0,0,0,0,0,0,0,0,0,0,0,0,0,0,0,0,0,0,0,0,0,0,0,0,0,0,0,0,0,0,0,0,0,0,0,0,0,0,0,0,0,0,0,0,0,0,0,0,0,0,0,0,0,0,0,0,0,0,0,0,0,0,0,0,0,0,0,0,0,0,0,0,0,0,0,0,0,0,0,0,0,0,0,0,0,0,0,0,0,0,0,0,0,0,0,0,0,0,0,0,0,0,0,0,0,0,0,0,0,0,0,0,0,0,0,0,0,0,0,0,0,0,0,0,0,0,0,0,0,0,0,0,0,0,0,0,0,0,0,0,0,0,0,0,0,0,0,0,0,0,0,0,0,0,0,0,0,0,0,0,0,0,0,0,0,0,0,0,0,0,0,0,0,0,0,0,0,0,0,0,0,0,0,0,0,0,0,0,0,0,0,0,0,0,0,0,0,0,0,0,452,0,0,0,0,0,0,0,0,0,0,0,0,0,0,0,0,0,0,0,0,0,0,0,0,0,0,0,0,0
"D34",3,3,0,63,3,0,0,0,112,0,4,0,0,0,0,0,0,0,0,0,0,17,4,0,0,0,1,7,0,0,0,0,0,7,6,0,0,0,0,0,0,0,0,2,0,0,0,4,0,0,1,43,20,0,34,0,0,0,5,0,90,0,0,6,0,0,0,4,0,0,11,0,0,0,0,0,0,0,4,3,0,0,0,0,0,0,0,3,0,0,0,0,0,0,0,0,0,0,0,21,2,0,0,0,573,0,156,0,14,12,5,0,0,1,2,0,0,1,0,0,0,0,0,174,0,0,0,0,0,0,0,0,0,0,0,0,0,5,0,0,0,0,0,21,0,0,0,0,0,0,4,0,9,0,258,0,0,0,0,36,0,0,0,16,0,0,35,0,0,0,0,89,0,1,32,0,0,0,0,0,0,0,0,0,0,0,2,0,0,2,0,0,0,1,5,136,12,0,3,0,0,5,0,0,0,0,0,0,0,0,0,0,87,0,0,0,0,3,4,0,0,0,0,0,0,0,3,5,0,0,0,254,0,1168,0,0,0,0,7,0,0,0,0,0,39,0,0,0,2,0,0,0,7,0,13,0,0,7,33,0,0,0,4,0,0,0,0,0,0,144,0,0,0,0,5,7,0,0,0,0,0,0,7,3,0,0,0,17,0,0,0,0,0,2,0,0,0,0,596,0,5,0,0,0,0,53,0,4,6,0,0,0,95,0,2,0,0,32,11,5,0,0,0,0,0,0,0,23,0,3,2,68,0,0,0,0,0,0,0,0,0,0,534,0,0,0,0,0,0,0,0,0,0,0,0,0,0,0,0,0,0,0,0,0,0,0,40,0,9,1,0,0,9,0,0,0,0,0,0,0,0,1,0,0,0,0,0,1,9,1,0,1,0,0,0,0,2,0,3,4,0,0,0,0,0,0,3,6,18,8,0,0,0,3,2,0,4,0,0,7,22,0,0,0,0,0,0,2,0,0,0,0,0,0,0,11,15,0,0,0,2,1,0,0,0,4,0,0,0,0,0,9,0,0,24,153,0,0,2,0,0,0,0,0,0,13,0,0,0,4,10,0,0,0,0,0,0,0,5,0,0,0,0,0,0,8,0,0,0,0,0,3,0,0,0,0,0,2,0,0,0,0,0,0,0,0,0,0,0,0,0,0,0,0,0,9,0,0,0,0,0,0,0,4,0,0,0,2
"D35",12,0,0,25,0,0,0,0,0,0,5,0,0,0,0,0,0,0,0,0,0,31,0,0,0,0,0,283,0,0,0,0,0,0,22,0,0,0,26,0,0,0,0,0,0,0,0,0,0,5,0,0,0,0,0,0,0,0,0,0,21,0,0,0,0,0,0,15,0,0,0,0,0,0,0,0,0,0,0,0,0,0,0,0,16,0,0,0,0,0,0,0,0,0,0,0,0,0,0,473,1,0,0,0,10843,0,78,0,0,0,319,5,0,0,0,0,0,0,0,24,0,0,0,277,0,0,0,62,63,0,0,0,0,0,0,0,0,0,0,0,0,0,0,41,0,0,0,0,0,0,0,0,0,0,1920,0,0,0,0,0,0,0,0,0,0,0,0,0,0,0,0,143,0,0,0,0,0,0,0,0,0,0,0,0,0,0,0,0,0,0,0,0,0,0,0,176,0,0,0,0,0,0,0,0,0,0,0,0,0,0,0,0,34,0,0,0,0,0,0,0,0,2,0,0,0,0,0,0,0,0,0,13168,0,0,0,0,0,0,0,0,0,0,0,0,0,0,0,0,20,0,0,0,0,88,15,0,0,0,0,0,0,0,0,0,0,0,0,0,0,0,0,0,0,0,0,23,0,0,0,0,0,0,11,0,0,0,0,0,0,0,0,0,0,0,0,0,0,0,0,0,0,0,0,0,0,27,0,0,0,0,0,0,0,0,0,0,0,0,84,0,0,0,0,0,0,19,0,0,0,0,0,0,0,0,0,0,0,0,0,0,0,0,0,0,0,0,0,0,408,0,0,0,0,0,0,0,0,0,0,0,0,0,0,0,0,0,0,0,71,0,0,0,980,0,0,0,0,0,0,0,0,0,0,0,0,0,0,0,0,0,0,0,0,0,0,0,0,0,0,0,215,0,0,0,0,0,18,22,0,0,0,0,0,0,0,0,0,0,0,0,572,0,0,0,0,7,0,0,60,0,0,0,0,0,0,0,34,0,0,0,0,0,0,0,0,0,0,0,0,0,3,0,0,84,49,25,0,0,0,0,0,0,0,0,0,1079,0,0,0,0,9,0,0,0,0,0,0,0,0,0,0,0,0,0,0,0,0,0,0,0,80,0,0,0,0,0,0,0,249,6,0,0,0,0,0,0,0,0,0,0,0,0,0,0,0,50,0,0,0,0,0,0,0,0,0,0,48,0
"D36",0,0,0,0,0,0,0,0,0,0,0,0,0,0,0,0,0,0,0,0,0,0,0,0,0,0,0,0,0,0,0,0,0,0,0,0,0,0,0,0,0,0,0,0,0,0,0,0,0,0,0,0,0,0,0,0,0,0,0,0,0,0,0,0,0,0,0,0,0,0,0,0,0,0,44,0,0,0,0,0,0,0,0,0,0,0,0,0,0,0,0,0,0,0,0,0,0,0,0,0,12,0,0,0,0,0,0,0,0,0,0,0,0,0,0,0,0,0,0,0,0,0,0,0,0,0,0,0,0,0,0,0,0,0,0,0,0,0,0,0,0,0,0,0,0,0,0,0,0,0,0,0,0,0,0,0,0,0,0,0,0,0,0,0,3,0,0,0,0,0,0,0,0,0,0,0,0,0,0,0,0,0,0,0,0,0,0,0,0,0,0,0,0,0,0,0,0,0,0,0,0,314,0,0,0,0,0,0,0,0,0,0,0,0,0,0,0,0,0,0,0,0,0,0,0,0,65,0,0,0,0,0,0,13,0,0,0,0,0,0,0,0,0,63,0,0,0,0,0,0,0,0,0,0,0,0,0,0,0,0,0,0,0,0,0,0,0,0,0,0,0,0,0,0,0,0,0,0,0,0,0,0,0,0,0,0,0,0,0,0,0,0,0,0,0,0,0,0,0,0,0,0,0,0,0,0,0,0,0,0,0,0,0,0,0,0,0,0,0,0,0,0,0,0,0,0,0,0,0,0,0,0,0,0,0,0,0,0,0,77,0,0,0,0,0,0,0,0,0,0,0,0,0,0,0,0,0,0,0,0,0,0,0,0,0,0,2,0,0,0,0,0,0,0,0,6,0,0,0,0,0,0,0,0,0,0,0,0,0,0,0,0,0,0,0,0,0,0,0,0,0,0,0,0,0,0,2,0,0,0,0,0,0,0,0,0,0,0,0,4,0,0,0,0,0,0,0,0,0,556,0,0,0,0,0,0,0,0,0,0,375,0,0,0,0,0,0,0,0,0,0,0,0,4,0,1,0,0,0,0,0,0,0,0,0,0,155,0,0,0,0,0,0,0,0,0,0,0,0,0,0,0,0,0,0,0,0,0,0,0,0,7431,0,0,0,0,0,0,0,0,0,0,0,0,0,0,160,0,0,0,0,0,0,0,0,0,0,0,0,0,0,0,0,0,0,0,0,0
"D37",2,9,0,0,0,14,0,0,5,0,0,0,0,0,0,0,0,0,0,0,0,2,0,0,0,0,0,0,0,0,0,0,0,12,0,26,0,0,0,0,0,0,0,0,0,0,0,0,0,0,1,0,0,0,0,0,0,0,25,0,0,0,0,0,0,83,0,0,0,0,0,0,0,0,0,0,0,0,0,0,0,0,0,0,0,0,0,0,0,0,0,3,0,0,0,0,0,0,0,0,0,0,0,0,0,0,0,0,19,0,0,0,0,0,0,0,0,0,0,0,0,0,0,0,0,0,0,0,0,0,0,0,0,10,0,0,0,0,0,58,0,0,0,0,0,0,0,0,0,0,28,0,14,0,0,0,0,0,0,44,0,0,0,0,0,0,0,0,0,0,0,0,0,0,0,0,0,0,0,0,0,0,0,0,0,0,0,0,0,1,0,0,0,0,3,0,0,0,0,0,0,12,0,0,0,0,0,0,0,0,0,0,0,0,0,0,0,0,0,0,0,1,0,2,0,0,0,0,0,54,0,0,0,0,0,0,0,0,0,0,0,0,0,0,15,0,0,0,213,0,0,0,0,0,0,0,0,0,0,0,15,0,0,1,0,0,0,0,0,97,0,1,0,0,98,0,0,0,0,0,0,0,0,0,0,0,0,0,0,0,0,0,0,229,0,0,0,0,134,0,0,0,0,0,0,425,0,0,0,0,0,24,0,0,0,0,0,0,0,16,0,0,0,0,0,0,0,0,0,0,0,0,0,0,0,0,0,0,0,0,0,0,0,13,0,0,0,0,0,0,0,0,0,0,0,0,3,0,0,0,0,0,0,0,0,0,0,0,0,56,0,0,0,0,0,0,0,9,0,0,0,0,0,0,0,0,0,41,0,0,0,0,0,0,0,0,0,0,0,170,70,0,0,0,0,0,0,0,44,0,0,0,0,0,0,0,30,0,0,0,0,0,0,0,0,0,0,0,0,0,0,58,2,0,0,0,0,0,0,0,0,0,0,0,0,0,0,0,0,0,0,0,0,35,0,0,0,0,0,0,0,0,0,0,0,0,0,0,0,207,0,0,0,0,0,0,0,0,0,0,0,0,0,0,0,0,0,0,0,0,0,0,0,0,0,0,0,2,0,0,0,0,0,0,0,0,162,0,0,0,0,0,0,0,0,0,0,0,0,0,0,0,0,0,0,0,65,0
"D38",0,0,0,0,0,0,0,0,267,0,0,0,0,0,0,0,0,0,0,0,0,0,0,0,0,0,0,83,0,0,0,0,0,0,36,0,0,0,0,0,0,0,0,47,0,0,0,13,0,0,0,0,0,0,0,0,0,0,0,0,0,0,0,0,0,3404,0,0,0,0,0,0,0,0,0,0,0,0,0,0,0,0,0,0,0,0,0,0,0,0,0,0,0,0,0,0,0,0,0,0,0,0,0,0,13,0,0,0,0,0,0,0,0,0,0,0,0,0,0,0,0,0,0,0,0,0,0,30,0,0,0,0,0,0,0,0,0,0,0,0,0,0,0,0,0,0,0,0,0,0,0,0,0,0,7,0,0,0,0,0,0,0,0,0,0,0,0,0,0,0,0,700,0,0,0,0,0,0,0,0,0,0,0,0,0,0,0,0,0,0,0,0,0,0,0,0,0,0,0,0,0,0,0,0,0,0,0,0,0,0,0,0,0,0,0,0,0,0,0,0,0,59,0,0,0,0,0,0,0,0,0,0,0,28,0,0,0,0,0,0,0,0,0,0,6,0,0,0,235,0,0,0,13,0,0,0,0,0,0,0,0,0,0,0,0,0,0,0,0,68,0,0,0,0,0,0,0,0,0,0,0,0,0,0,0,0,0,0,0,0,0,0,0,0,0,0,0,0,219,0,0,0,0,0,0,0,0,0,0,0,0,0,0,0,0,0,0,0,0,0,0,0,0,0,0,0,0,2,0,0,0,0,0,0,0,0,0,0,0,0,0,0,0,0,0,0,0,0,0,0,0,0,0,0,0,0,0,0,0,0,0,0,0,0,0,0,0,0,0,0,0,0,0,0,0,0,0,0,0,0,0,0,0,0,0,0,0,0,0,0,0,0,0,0,0,0,0,0,0,0,26,0,0,0,0,0,0,0,0,0,0,0,0,0,0,0,0,0,0,59,0,0,0,0,0,0,0,0,0,0,0,0,0,0,0,0,0,0,0,0,0,0,0,0,0,0,0,0,0,0,0,0,0,86,6,2915,0,0,0,0,0,0,0,0,0,0,0,0,0,0,0,0,0,0,0,0,0,0,91,0,0,0,0,0,0,0,0,0,0,0,0,0,0,0,0,0,0,0,310,16,0,0,0,0,0,0,0,0,0,0,0,0,0,0,0,0,0,0,0,0,0,0,0,0,0,0,207,0
"D39",0,0,2,0,2,0,0,0,0,1,0,0,0,0,0,0,0,0,0,0,0,0,0,0,0,0,0,0,0,0,0,0,0,0,0,0,0,0,0,0,0,0,0,0,0,0,0,0,0,0,33266,0,5,0,0,5,0,0,0,0,0,412,0,3,0,0,0,0,0,0,0,0,0,0,0,0,0,0,4968,0,3,3,0,0,0,0,0,0,0,2,0,0,0,0,0,0,0,0,5,0,0,2,0,0,0,0,0,0,2,0,0,0,0,0,3,0,0,12612,0,0,0,0,0,0,9,0,0,0,0,0,0,3,0,0,0,0,0,0,0,115,1,0,0,0,0,0,0,0,0,0,0,0,0,0,0,0,0,0,0,0,0,0,0,0,0,0,0,0,0,0,0,0,0,0,0,0,0,0,0,0,0,0,0,0,0,0,0,0,0,0,0,0,0,0,0,0,0,0,0,0,0,0,0,0,0,0,0,0,0,0,0,0,0,0,0,0,0,0,0,0,0,0,0,0,0,0,0,0,2,0,0,0,0,0,0,0,0,0,0,0,0,0,0,0,0,0,0,0,0,0,0,0,5,0,0,0,0,0,0,0,0,0,0,8,0,0,0,0,0,0,0,1852,0,0,0,0,0,0,0,0,0,0,0,9,2,0,0,0,0,0,0,0,0,0,0,2,0,0,22,0,0,0,0,0,0,230,0,0,0,0,0,1062,1,0,0,5,0,0,0,0,0,1,0,0,0,0,0,0,0,22769,0,0,0,0,0,0,2,0,0,0,0,0,0,0,0,0,0,0,0,0,0,0,0,0,0,0,0,0,0,0,0,2,0,0,0,0,0,0,0,24,0,0,0,0,0,0,0,0,0,0,0,0,0,0,0,0,0,1393,0,0,0,3,0,4,0,0,815,0,218,0,2,0,0,0,0,0,0,0,0,0,0,0,0,0,0,0,0,7,0,0,0,0,0,0,2,0,0,0,0,0,0,0,0,0,0,0,0,6,0,0,0,0,0,0,0,0,0,2,0,0,0,0,0,0,0,0,0,0,3,0,0,2,0,0,0,0,0,0,0,0,0,0,0,0,0,0,0,0,0,0,4,0,0,0,0,0,0,0,0,3,0,0,0,0,0,2,0,10,0,0,0,0,0,0,0,0,0,0,0,0,0,0,0,0,0,0,4,0,0,0,0,2,0,348,0,0,2,6
"D40",0,0,0,0,0,0,0,0,0,0,0,0,0,0,0,0,0,0,0,0,0,0,0,0,0,0,0,0,0,0,0,0,0,0,0,0,0,0,0,0,0,0,0,0,0,0,0,0,0,0,0,0,0,0,0,0,0,0,0,0,0,0,0,0,0,0,0,0,0,0,0,0,0,0,0,0,0,0,0,0,0,0,0,0,0,0,0,0,0,0,0,0,0,0,0,0,0,0,0,0,0,0,0,0,2,0,0,0,0,0,0,0,0,0,0,0,0,0,0,0,0,0,0,0,0,0,0,0,0,0,0,0,0,0,0,0,0,0,0,0,0,0,0,0,0,0,0,0,0,0,0,0,0,0,0,0,0,0,0,0,0,0,0,0,0,0,0,0,0,0,0,0,0,0,0,0,0,0,0,0,0,0,0,0,0,0,0,0,0,0,0,0,0,0,0,0,0,0,0,0,0,0,0,0,0,0,0,0,0,0,0,0,0,0,0,0,0,0,0,0,0,0,0,0,0,0,0,0,0,0,0,0,0,0,0,0,0,0,0,0,0,0,0,0,0,0,0,0,0,0,0,0,0,0,0,0,0,0,0,0,0,0,0,0,0,0,0,0,0,0,0,0,0,0,0,0,0,0,0,0,0,0,0,0,0,0,0,0,0,0,0,0,0,0,0,0,0,0,0,0,0,0,0,0,0,0,0,0,0,0,0,0,0,0,0,0,0,0,0,0,0,0,0,0,0,0,0,0,0,0,0,0,0,0,0,0,0,0,0,0,0,0,0,0,0,0,0,0,0,0,0,0,0,0,0,0,0,0,0,0,0,0,0,0,0,0,0,0,0,0,0,0,0,0,0,0,0,0,0,0,0,0,0,0,0,0,0,0,0,0,0,0,0,0,0,0,0,0,0,0,0,0,0,0,0,0,0,0,0,0,0,0,0,0,0,0,0,0,0,0,0,0,0,0,0,0,0,0,0,0,0,0,0,0,0,0,0,0,0,0,0,0,0,0,0,0,0,0,0,0,0,0,0,0,0,0,0,0,0,0,0,0,0,0,0,0,0,0,0,0,0,0,0,0,0,0,0,0,0,0,0,0,0,0,0,0,0,0,0,0,0,0,0,0,0,0,0,0,0,0,0,0,0,0,0,0,0,0,0,0,0,0,0,0,0,0,0,0,0,0,0,0,0,0,0,0,0,0
"D41",0,0,0,0,0,0,0,0,0,0,0,0,0,0,0,0,0,0,0,0,0,0,0,0,0,0,0,1202,0,0,0,0,0,0,0,0,0,0,0,0,0,0,0,0,0,0,0,0,0,0,0,0,0,0,0,0,0,0,0,0,0,0,0,0,0,0,0,0,0,0,13,0,0,0,0,0,0,0,0,0,0,0,0,0,0,0,0,0,0,0,0,0,0,0,0,0,0,0,0,220,0,0,0,0,0,0,0,0,0,0,6426,0,0,0,0,0,0,0,0,0,0,0,0,0,0,0,0,0,110,0,0,0,0,0,0,0,0,0,0,0,0,0,0,0,0,0,0,0,0,0,0,0,0,0,0,0,0,0,0,0,0,0,0,0,0,0,0,0,0,0,0,0,0,0,0,0,0,0,0,0,0,0,0,0,0,0,0,0,0,0,0,0,0,0,0,788,853,0,0,0,0,0,0,0,0,0,0,0,0,0,0,0,0,0,0,0,0,0,0,0,0,0,0,0,0,0,0,0,0,0,0,2403,0,0,0,0,0,0,0,0,0,0,0,0,0,0,0,0,0,0,0,0,0,0,0,0,0,0,0,0,0,0,0,0,0,0,0,0,0,0,0,0,0,0,0,0,0,0,0,0,0,0,770,0,0,0,0,0,0,0,0,0,0,0,0,0,0,0,0,0,0,0,0,0,0,0,0,0,0,0,0,0,0,0,0,0,0,0,415,0,0,0,0,0,0,0,0,0,0,0,0,0,0,0,0,0,0,0,0,0,0,0,0,0,0,0,0,0,0,0,0,0,0,0,0,0,0,0,0,0,0,0,0,0,0,0,0,0,3669,0,0,0,51,0,0,0,0,0,0,0,0,0,0,0,0,0,0,0,0,0,0,0,0,0,0,0,0,0,0,0,0,0,0,0,0,0,0,0,0,0,0,0,0,0,0,0,0,0,0,0,10842,0,0,0,0,0,0,0,0,0,0,0,0,0,0,303,0,0,0,0,0,0,0,0,0,0,0,0,0,0,0,0,0,0,0,0,0,0,0,0,0,0,0,0,0,0,0,0,0,0,0,0,0,0,0,0,0,0,0,0,0,0,0,0,0,0,0,0,0,0,697,0,0,0,0,0,0,0,0,0,0,0,0,0,0,0,0,0,0,0,0,0,0,0,0,0,0,0,0,0,0,0,0,0,0,0,0,0
"D42",4,69,0,0,6,9,3,0,0,0,0,0,42,0,8,0,0,9,0,97,3,0,34,78,4,4,28,0,2,42,5,111,4,7,0,45,10,0,0,8,6,0,74,0,101,0,21,0,3,0,0,20,1,14,0,221,145,1,0,17,0,0,44,0,0,0,0,0,8,1,0,4,62,0,0,3,8,0,0,0,73,4,0,0,0,33,0,0,0,0,3,0,4,3,7,12,0,0,0,0,0,8,238,0,0,3,0,12,0,4,0,0,3,12,0,54,4,0,195,0,6,0,65,0,0,0,0,0,0,0,3,20,9,0,29,0,0,14,30,11,23,21,0,0,0,22,0,6,89,15,7,39,0,3,0,31,4,23,0,3,6,0,10,0,0,0,27,6,1,0,1,0,0,0,0,0,3,0,0,24,20,29,0,0,6,32,208,8,3,0,4,4,22,0,0,0,0,24,0,2,3,0,0,10157,0,130,86,0,16,0,0,0,0,4,0,20,0,21,0,0,0,0,31,15,2,4,0,0,3,0,20,0,28,0,32,1,8,5,0,5,5,5,110,0,0,0,17,13,0,20,12,43,266,0,0,3,4,0,0,0,0,4,0,0,4,20,0,18,5,4,14,0,56,69,3,0,0,31,63,0,7,39,0,27,5,8,2,0,0,148,6,3,42,0,6,5,74,20,20,20,294,0,13,0,0,0,214,0,0,46,0,0,4,8,24,71,55,0,0,4,18,5,2,0,47,0,8,0,38,0,6,3,0,13,4,37,26,184,0,0,16,16,0,0,27,5,0,0,0,179,0,50,45,0,5,1,3,0,0,0,1,67,21,0,2,0,0,10,0,67,5,0,0,0,0,0,15,0,8,17,27,0,12,0,0,0,0,10,0,0,7,2,19,0,45,35,0,102,0,0,0,5,0,0,11,32,0,0,6,0,6,4,0,0,12,39,0,0,0,0,0,45,0,7,14,0,4,0,4,0,6,2,6,67,0,0,0,836,516,7,0,2,6,12,13,2,33,23,6,29,13,53,65,0,0,10,3,18,45,9,73,15,5,7,42,0,0,7,1,3,0,0,0,5,0,3,6,0,0,68,0,9,0,15,0,0,108,2,2,51,0,0,24,8,25,4,8,65,2,4,3,0,22,32,0,12,30,0,0,6,0,0,7,0,9,0,0,0,10,0,0,463,20,0,21,8,6,0
"D43",0,0,0,0,0,0,0,0,0,0,0,0,0,0,0,0,0,0,0,0,0,0,0,0,0,0,0,0,0,0,0,0,0,0,0,0,0,0,0,0,0,0,0,0,0,0,0,0,0,0,0,0,0,0,0,0,0,0,0,0,0,0,0,0,0,0,0,0,0,0,0,0,0,0,15,0,0,0,0,0,0,0,0,0,0,0,0,0,0,0,0,0,0,0,0,0,0,0,0,0,0,0,0,0,0,0,0,0,0,0,0,0,0,0,0,0,0,0,0,0,0,0,0,0,0,0,0,0,0,0,0,0,0,0,0,0,0,0,0,0,0,0,0,0,0,0,0,0,0,0,0,0,0,0,0,0,0,0,0,0,0,0,0,0,0,0,0,0,0,0,0,144,0,0,0,0,0,0,0,0,0,0,0,0,0,0,0,0,0,0,0,0,0,0,0,0,0,0,0,0,0,0,0,0,0,0,0,0,0,0,0,0,265,0,0,0,0,0,0,0,0,0,0,0,0,0,3,0,0,5,0,0,0,0,0,0,0,0,0,0,0,0,0,1,0,0,0,0,0,0,0,0,0,0,0,0,0,0,0,0,0,0,0,0,0,0,0,0,0,0,0,0,0,0,0,0,0,0,0,0,0,0,0,0,0,0,0,0,0,0,0,0,0,0,0,0,0,0,0,0,0,0,0,0,0,0,0,0,0,0,0,0,0,0,0,0,0,0,0,0,0,0,0,0,0,0,0,0,0,0,0,0,0,0,0,0,0,0,0,35,0,0,3,0,0,0,0,0,0,0,0,0,0,0,0,0,0,0,0,0,0,0,0,0,0,0,0,0,0,0,0,0,0,0,0,2,0,0,0,0,0,0,0,0,0,0,0,0,0,0,0,0,0,0,0,0,0,0,0,0,0,0,0,0,0,0,0,0,0,0,0,0,0,0,0,0,0,0,0,0,0,0,0,0,0,0,0,0,0,0,0,2,0,0,0,0,0,0,0,0,5,0,0,0,0,0,0,0,0,0,0,0,0,703,0,0,0,0,0,0,0,0,0,0,0,0,23,0,0,0,0,0,0,0,0,0,0,0,0,0,0,0,0,0,0,0,0,0,0,0,0,829,0,0,0,0,0,0,0,0,0,0,0,0,0,0,243,0,0,0,0,0,0,0,0,0,0,0,0,0,0,0,0,0,0,0,0,0
"D44",0,0,0,24,0,0,0,0,0,0,40,0,0,0,0,0,0,0,0,0,0,0,0,0,0,0,0,2,0,0,0,0,0,0,0,0,0,0,0,0,0,0,0,0,0,0,0,0,0,0,0,0,0,0,0,0,0,0,0,0,12,0,0,0,0,0,0,6,0,0,7,0,0,0,0,0,0,0,0,0,0,0,0,0,0,0,0,0,0,0,0,0,0,0,0,0,0,0,0,29,0,0,0,0,670,0,2,0,2,0,22,4,0,0,0,0,0,0,0,5,0,0,0,0,0,0,0,0,0,0,0,2,0,0,0,0,0,0,0,0,0,0,0,0,0,0,0,0,0,0,0,0,0,0,0,0,0,0,0,0,0,0,0,0,0,0,0,0,0,0,0,0,0,0,0,0,0,0,0,0,0,0,0,0,0,0,0,0,0,0,0,0,0,0,0,5,0,0,0,0,0,0,0,0,0,0,0,0,0,0,0,0,3,0,0,0,0,0,0,0,0,0,0,0,0,0,0,0,0,0,0,53,0,0,0,0,0,0,0,0,0,0,0,0,0,0,0,0,0,0,0,0,0,22,0,0,0,0,0,0,0,0,0,0,0,0,0,0,0,0,0,0,0,0,2,300,0,0,2,0,0,0,0,0,0,0,0,0,0,0,0,0,0,1,0,0,0,0,0,0,0,0,0,0,0,0,0,0,0,0,0,0,0,0,0,0,0,0,3,0,0,0,0,0,0,0,0,0,0,0,0,323,0,0,0,0,0,0,0,0,0,0,2,0,0,0,0,0,10,0,0,0,0,0,0,0,0,0,0,0,0,0,0,0,0,0,28,0,14,0,0,0,17,0,0,0,0,0,0,0,0,0,0,0,0,0,0,0,0,0,0,0,0,0,0,0,0,0,0,0,0,0,0,0,0,0,0,2,0,4,0,0,0,0,0,0,0,0,0,0,5,0,0,0,0,0,0,0,0,0,0,0,0,0,0,0,0,0,0,0,0,0,0,0,0,0,0,0,0,0,0,0,0,0,0,4,0,0,0,0,0,0,0,0,0,84,0,0,0,0,4552,0,0,0,0,0,0,0,0,0,0,0,0,0,0,0,0,0,0,0,0,0,0,0,0,0,0,0,0,2,0,0,0,0,0,0,0,0,0,0,0,0,0,0,0,0,0,0,0,0,0,0,0,0,0,0,0,0
"D45",0,0,0,0,0,0,0,4,0,2,0,12,0,0,0,18,36,0,3,0,7,2,0,0,0,0,0,0,0,0,2,49,0,3,580,0,2,4,0,3,0,2,0,0,0,0,2,28,13,0,8,0,0,1,0,0,0,0,0,19,0,109,0,14,0,0,0,0,0,8,0,2,0,3,0,6,4,286,0,0,0,0,0,117,79,0,27,2,26,12,1,1,0,15,0,1,296,11,0,0,0,0,0,0,0,0,0,0,0,0,0,0,1,0,2,0,0,995,0,0,0,0,0,0,219,5,22,0,0,35,41,0,0,4,4,0,0,0,0,3,0,0,0,13,117,0,0,0,0,0,0,0,0,0,0,0,0,26,7,11,0,0,2,0,32,3,0,0,2,0,7,0,1112,0,0,6,0,18,27,0,2,1,8,0,0,0,0,0,2,6,0,0,0,4,0,0,0,2,11,5,0,0,15,0,1,0,0,27,0,29,0,32,0,3,9,2,0,0,0,113,21,0,0,0,0,0,0,18,0,0,2,0,0,0,0,0,0,4,0,0,0,0,0,0,0,0,0,0,0,0,0,0,0,0,3,6,0,0,0,111,4,0,0,0,0,60,0,0,0,20,0,0,3,0,26,0,4,0,6,0,0,0,0,0,0,2,0,0,2,0,0,0,0,0,0,0,0,2,43,0,0,304,35,0,18,0,0,0,0,0,0,6,30,0,0,0,6,0,0,0,0,0,77,26,10,0,0,0,0,42,0,0,0,0,0,0,0,0,0,0,2,6,0,0,0,0,3,14,27,0,7,1,15,0,0,9,0,354,198,24,0,0,0,0,0,5,0,0,0,0,0,0,0,759,7,0,2,0,0,0,0,23,3,0,5,560,0,6,0,0,0,0,0,974,0,0,16,0,8,0,0,0,7,6,0,0,0,0,16,0,0,0,0,0,67,0,0,582,1707,0,0,0,8,2,5,0,12,0,25,0,14,0,23,0,91,0,5,5,0,0,0,2,0,4,2,0,0,4,3,0,0,0,0,0,0,0,2,5,8,0,0,0,15,0,15,0,0,0,3,0,0,0,15,0,0,0,0,0,0,8,877,0,0,0,178,26,0,2,0,0,0,0,0,2,0,0,0,5,0,0,2,6,0,0,16,0,0,33,5,0,2,0,0,8,2,0,2693,16,0,101,9,0,0,0,0,0,0,0
"D46",13,9,0,100,12,2,0,0,5,9,53,23,0,0,0,0,0,0,0,0,0,7,12,21,0,0,0,26,0,0,0,0,0,82,0,110,0,0,1,17,0,0,0,0,0,0,0,0,0,154,6,177,103,0,49,0,7,0,17,0,9,0,0,24,8,0,0,0,0,0,0,0,13,0,0,0,19,0,1,7,0,0,0,0,10,7,0,25,0,0,8,0,0,0,0,5,0,11,0,0,0,25,0,0,816,5,148,0,93,1,54,0,0,0,0,0,4,0,0,27,30,0,7,16,0,6,0,28,0,0,0,8,0,3,0,0,33,3,2,11,0,0,0,51,0,0,0,0,0,0,94,4,29,0,231,17,0,8,0,106,5,0,0,45,0,0,245,0,0,0,7,3,0,4,13,0,0,0,0,0,0,9,0,0,0,0,6,0,0,83,18,27,3,40,3,0,0,2,68,0,0,20,0,18,0,0,0,0,0,0,0,0,197,0,6,0,0,0,119,0,0,34,0,0,0,6,0,4,1,0,0,231,0,139,1,0,0,0,16,0,0,0,1,0,0,0,0,0,5,0,0,0,46,48,0,2,0,15,9,0,6,0,5,0,0,0,4,7,0,26,0,0,18,2,150,8,0,34,66,0,8,0,6,0,26,0,0,18,0,13,0,4,0,0,0,0,0,0,246,0,83,0,0,0,0,148,5,0,12,55,0,43,154,0,0,0,1,55,15,19,0,0,2,0,10,0,0,135,18,0,29,149,6,0,1,30,3,0,0,0,0,2,28,0,0,0,0,0,14,9,0,0,0,0,0,26,0,0,0,0,1,0,0,60,3,0,6,0,16,1,0,0,19,0,2,0,0,0,0,9,0,0,0,0,0,0,0,24,0,7,0,3,0,0,0,0,0,0,92,31,154,39,0,0,0,0,10,2,30,66,0,0,0,17,26,6,3,0,0,39,77,6,0,0,0,0,0,0,0,0,0,0,0,0,0,9,0,39,0,0,0,12,0,0,0,17,0,2,0,7,0,240,0,813,7,237,0,0,0,0,0,24,0,0,0,42,0,0,59,19,82,0,0,0,3,0,0,0,0,0,0,0,0,42,0,8,2,8,0,0,8,0,0,0,7,0,0,2,4,19,0,0,0,2,0,27,166,0,0,26,0,0,0,0,0,28,0,0,0,3,0,26,0,10,1,0,107,0
"D47",0,0,0,0,0,0,0,0,0,0,0,0,0,0,0,0,0,0,0,0,3,0,0,0,0,0,0,0,17,0,0,0,0,22,146,0,0,0,20,0,0,0,0,0,0,0,0,0,48,0,0,0,0,0,0,0,0,0,0,1,0,0,0,0,0,0,0,0,0,0,0,0,0,0,0,0,0,153,0,0,0,0,0,2075,0,0,6,0,0,0,0,7,0,0,0,0,0,95,0,0,0,0,0,0,2,0,0,0,7,0,0,0,0,0,0,0,0,531,0,0,0,0,0,0,0,0,0,1,0,5,0,0,134,5,0,0,0,0,0,0,0,0,0,2,14,0,0,0,0,0,0,0,0,0,0,0,0,0,0,0,0,0,0,0,0,0,0,0,0,0,0,1,513,0,0,0,0,0,13,0,0,0,0,0,0,0,0,0,0,0,0,0,0,0,0,0,0,0,0,0,0,2,9,0,0,0,0,0,0,0,0,0,0,0,0,0,0,0,0,0,0,0,0,0,0,0,0,0,0,0,0,0,0,0,0,0,0,0,0,0,0,0,0,0,0,0,0,0,0,0,0,0,0,0,0,0,0,0,8,0,0,0,0,111,0,0,5,0,0,0,0,0,0,0,0,0,0,0,0,0,0,0,0,0,0,0,0,0,0,0,0,0,0,0,0,0,0,0,0,0,0,0,0,0,0,0,0,0,0,0,0,0,0,0,0,0,0,0,0,0,0,0,0,2,0,0,0,0,0,0,0,0,0,0,0,0,0,0,0,0,0,0,0,0,0,0,0,0,160,0,0,0,0,0,0,0,0,825,233,11,0,0,0,0,0,0,0,0,0,0,0,0,0,135,6,0,0,0,0,0,0,0,9,0,0,0,0,7,0,0,0,0,0,0,0,0,9,0,0,4,16,0,0,0,0,0,5,0,0,0,0,0,0,0,0,0,0,0,2280,0,0,0,3,0,0,0,0,0,0,0,0,7,2,0,0,0,0,0,0,0,0,0,0,0,0,0,0,0,0,0,0,0,0,0,0,0,0,0,0,0,0,0,0,0,0,0,0,0,0,0,0,0,0,0,0,0,0,0,0,0,0,0,0,0,279,0,0,0,0,3,0,0,0,0,0,0,0,0,0,2,0,1,0,0,2,0,0,2,0,0,0,0,0,0,0,0,0,0,0,0,0,0,0,0,0,0,1,0
"D48",0,0,0,0,0,0,0,0,0,37,0,0,0,0,3,0,0,0,0,0,0,0,0,0,0,0,0,0,0,0,0,140,0,0,0,0,0,0,0,0,0,0,0,0,0,14,0,0,0,0,0,0,0,0,0,0,0,0,0,104,0,0,0,0,0,0,0,0,0,0,0,0,0,0,0,0,0,182,0,0,0,0,0,1739,0,0,30,0,0,0,1,0,0,0,0,0,431,27,0,0,0,0,0,0,0,0,0,0,0,0,0,0,0,0,0,0,0,1656,0,0,0,0,0,0,1132,0,0,0,0,0,0,0,0,0,21,0,0,0,0,0,0,0,0,0,7,0,0,0,0,0,0,0,0,0,0,0,0,0,0,0,0,0,0,0,0,0,0,0,46,0,0,0,2354,0,0,0,0,0,0,0,53,0,43,0,0,0,0,0,0,0,0,0,0,0,0,0,0,0,0,0,48,0,0,0,339,0,0,6,0,34,0,0,0,0,0,0,0,0,0,0,0,0,0,0,0,0,0,23,0,0,0,0,0,0,0,0,0,0,0,0,0,0,0,0,0,36,0,0,0,0,0,0,0,0,0,0,0,0,0,0,0,0,0,0,0,0,454,0,0,77,0,0,0,0,0,0,0,0,0,0,0,0,0,0,0,0,0,0,42,0,0,0,0,0,0,0,0,0,0,0,0,616,0,0,21,0,0,0,0,0,0,2,0,0,0,0,0,0,0,0,0,0,22,0,0,0,0,0,0,647,0,0,0,0,0,0,0,0,0,0,0,0,0,0,0,0,0,0,0,0,0,0,0,0,0,0,0,1523,0,299,136,0,0,0,1282,0,0,0,0,0,0,0,0,0,0,0,2,0,0,0,0,0,0,0,14,336,0,0,0,2,0,0,0,1381,0,0,48,0,0,0,0,0,23,0,0,0,0,0,0,0,0,0,0,0,0,0,0,689,912,0,0,0,0,0,0,2,0,0,0,0,0,0,0,0,138,0,0,0,0,0,0,0,0,0,0,0,0,0,0,0,0,0,0,0,0,0,0,0,22,0,0,0,13,0,0,0,0,0,0,0,0,0,299,0,0,0,0,0,0,0,2573,0,0,0,0,19,0,0,0,0,0,2,0,0,0,0,0,0,8,0,0,0,0,0,0,0,0,0,0,0,0,0,0,72,0,0,3822,15,0,3,0,0,0,0,0,0,0,0
"D49",12,12,11,0,0,4,4,6,0,0,0,0,101,0,11,5,5,66,29,0,6,0,9,37,11,8,3,0,4,4,16,113,7,3,0,6,0,15,0,1,4,186,221,21,50,34,14,0,49,0,2,192,3,3,0,5,9,12,0,29,0,0,90,4,0,0,1,5,1,0,0,0,50,33,0,0,23,0,0,0,5,0,57,0,2,38,0,0,12,7,0,12,49,103,7,70,0,3,0,0,0,5,420,11,31,10,0,45,2,0,0,0,3,17,0,2,5,0,67,0,0,6,37,0,0,2,53,0,0,19,9,6,8,0,20,0,0,0,0,34,15,11,1,26,10,0,9,19,29,7,43,0,8,6,0,22,35,11,23,4,7,0,15,0,0,10,82,24,41,3,0,0,0,9,0,34,13,32,9,0,27,6,0,10,44,30,0,55,0,0,27,34,11,0,3,0,0,16,0,33,0,3,70,86,1,102,3,0,7,0,1,0,0,0,0,0,18,33,0,33,0,0,164,12,13,0,0,0,2,0,17,0,25,0,25,24,121,1,0,5,19,3,11,0,0,9,6,3,0,9,87,6,163,0,0,20,8,0,6,0,125,4,0,0,64,139,2,21,10,49,32,0,68,191,10,0,4,4,42,10,7,7,0,79,2,67,7,0,14,6,11,5,57,0,53,217,0,11,1,65,37,0,7,120,2,0,47,0,0,72,4,0,0,0,13,28,44,0,0,9,3,15,6,7,7,63,0,0,43,0,10,32,2,3,3,4,8,55,27,0,51,18,0,0,196,2,24,2,0,69,8,52,6,0,2,0,3,0,0,0,0,0,6,16,0,35,0,11,0,3,18,24,0,0,1,0,24,0,12,27,28,2,0,2,0,0,35,3,0,0,57,17,61,0,13,24,0,23,0,0,1,4,5,0,0,70,4,0,35,0,0,33,308,2,35,17,0,0,0,0,0,8,0,9,34,0,0,0,164,3,0,0,20,84,0,0,2,582,18,0,0,0,16,7,0,3,239,9,15,6,0,220,17,0,0,3,39,126,48,15,0,11,1,18,80,0,0,12,58,0,0,0,0,12,4,13,0,13,32,82,0,2,3,3,0,0,0,12,0,140,0,0,36,16,0,0,0,176,0,4,0,0,39,10,9,91,21,17,7,19,65,9,4,10,11,0,0,0,11,0,36,17,34,0,9,14,0,4
"D50",0,0,0,0,0,3,0,0,17,0,0,0,0,0,0,0,0,0,0,0,0,3,0,0,0,0,0,0,0,0,0,0,0,74,2,0,0,0,0,0,0,0,0,0,0,0,0,0,0,0,0,0,0,0,0,0,0,0,0,0,0,0,0,0,0,0,0,3031,0,0,0,0,0,0,0,0,0,0,0,0,0,0,0,0,0,0,0,0,0,0,0,0,0,0,0,0,0,0,0,0,0,0,0,0,0,0,0,0,31,0,0,0,0,0,0,0,0,0,0,0,0,0,0,0,0,0,0,0,0,0,0,0,0,4,0,0,0,0,0,0,0,0,0,0,0,0,0,0,0,0,0,0,1240,0,0,0,0,0,0,473,0,0,0,0,0,0,0,0,0,0,0,0,0,3,0,0,0,0,0,0,0,0,0,0,0,0,0,0,0,6,0,0,0,52,0,0,0,0,0,0,0,0,0,0,0,0,0,0,0,2,0,0,0,0,102,0,0,0,0,0,0,141,0,6,0,0,0,0,0,709,0,0,0,0,0,0,0,0,0,0,0,0,0,0,1304,0,0,0,90,0,0,0,0,0,132,0,0,0,12,0,0,0,2,0,0,0,0,0,0,0,0,0,0,0,60,0,0,0,0,0,0,0,0,0,0,0,0,0,0,0,0,0,0,5,0,0,0,0,0,0,0,0,0,0,0,26,0,0,0,0,0,45,494,0,0,0,0,0,0,0,0,0,0,0,0,0,0,0,0,0,1,0,0,0,0,0,0,0,0,0,0,0,0,13,0,0,0,0,0,0,0,0,0,0,0,18,0,0,0,0,0,0,0,0,0,0,0,0,0,0,0,0,0,0,0,0,0,0,0,0,0,0,0,0,0,0,0,0,0,0,0,0,0,0,0,0,0,0,0,0,1695,0,0,0,0,0,89,0,179,2,0,0,0,0,0,0,57,0,0,0,0,0,5,0,0,0,0,0,0,0,0,45,0,0,0,0,0,0,0,0,0,0,0,0,0,0,0,0,0,0,0,0,0,0,0,0,0,0,0,0,0,0,0,0,0,0,0,0,0,0,0,0,0,0,0,0,0,0,0,0,0,0,0,0,0,0,0,0,0,0,0,0,0,0,0,0,0,0,0,10,0,0,0,0,0,0,0,0,0,0,0,0,0,0,0,0,0,0,0,0,0,0,0,0,0,0,0,0
"D51",0,0,0,0,0,0,0,0,0,0,0,0,0,0,0,0,0,0,0,1,0,0,0,0,0,0,0,0,0,0,0,0,0,0,0,0,0,0,0,0,0,0,0,0,0,0,0,0,0,0,0,0,0,0,0,0,0,0,0,0,0,0,0,0,0,0,0,0,0,0,0,0,0,0,0,0,0,0,0,0,0,0,0,0,0,0,0,0,0,0,0,0,0,0,0,0,0,0,0,0,0,0,0,0,0,0,0,0,0,0,0,0,0,0,0,0,0,0,0,0,0,0,0,0,0,0,0,0,0,0,0,0,0,0,0,0,0,0,0,0,0,0,0,0,0,0,0,0,0,0,0,0,0,0,0,0,0,0,0,0,0,0,0,0,0,0,0,0,0,0,0,0,0,0,0,0,0,0,0,0,0,0,0,0,0,0,0,0,0,0,0,0,0,0,0,0,0,0,0,0,0,0,0,0,0,0,0,0,0,3,0,0,0,0,0,0,0,0,0,0,0,0,0,0,0,0,0,1,0,0,0,0,0,0,0,34,0,0,0,0,0,0,0,0,0,0,0,0,0,0,0,0,0,0,0,0,0,0,0,0,0,0,0,0,0,0,0,0,0,0,0,0,0,0,0,0,0,0,0,0,0,0,0,0,0,0,0,0,0,0,0,0,0,0,0,0,0,0,0,0,0,0,0,0,0,0,0,0,0,0,0,0,0,0,0,0,0,0,0,0,0,0,0,0,0,0,0,0,0,3,0,0,0,0,0,0,0,0,0,0,0,0,0,0,0,0,0,0,0,0,0,0,0,0,0,0,0,0,0,0,0,0,0,0,0,0,0,0,0,0,0,0,0,0,0,0,0,0,0,0,0,0,0,0,0,0,0,0,0,0,0,0,0,0,0,0,0,0,0,0,0,0,0,0,0,0,0,0,0,0,0,0,0,0,0,0,0,0,0,0,0,0,0,0,0,0,0,0,0,0,0,0,0,0,0,0,0,0,0,0,0,0,2,0,0,0,0,0,0,0,0,0,0,0,0,0,0,0,0,0,0,0,0,0,0,0,0,0,0,0,0,0,0,0,0,0,0,0,0,0,0,0,0,0,0,0,0,0,0,0,0,0,0,0,0,0,0,0,0,0,0,0,0,0,0,60,7,0,0,0,0,0,0,0,0,0,0,0,0,0,0,0,0,0,0,0,0,0
"D52",0,0,0,0,0,0,0,3,0,37,0,2,0,0,7,0,0,3,336,0,0,0,0,0,2,8,0,0,0,0,8,376,0,4,0,0,0,18,23,0,0,137,0,0,0,118,2,0,0,0,11,29,0,13,0,63,21,8,0,0,0,0,0,0,9,0,14,0,1,0,0,2,0,56,0,85,0,0,0,3,26,7,21,0,0,0,0,0,0,3,0,0,0,0,2,0,0,0,3,0,0,14,0,3,0,0,0,13,0,0,0,0,7,0,4,0,0,6,0,0,0,2,4,0,0,2,0,0,0,0,0,0,0,0,10,0,0,0,0,0,0,8,0,0,0,57,0,10,0,0,0,8,0,3,0,0,0,0,0,3,0,0,2,0,0,3,2,0,9,0,0,0,0,0,0,3,252,0,0,24,3,0,0,2,116,49,0,53,0,0,0,0,0,0,0,0,0,0,0,0,0,0,0,0,0,23,8,4,1,0,43,0,0,0,0,1,0,0,0,0,0,0,0,0,8,0,0,0,0,0,0,0,4,0,0,0,0,11,0,0,0,1,0,0,0,16,56,17,0,77,0,5,43,0,2,0,6,0,12,0,0,55,0,0,0,2,0,1,0,24,0,0,0,0,2,0,0,0,53,2,0,32,0,76,0,0,7,0,6,0,1,0,0,0,0,381,139,36,31,0,52,61,0,3,0,3,7,0,0,0,3,0,0,2,0,0,54,0,0,0,0,29,0,0,132,5,13,23,0,0,3,0,0,4,0,0,0,193,7,0,0,0,0,0,15,0,9,0,0,23,7,25,3,31,0,0,0,0,0,0,0,51,0,0,0,45,0,0,0,0,3,0,0,0,0,0,4,0,8,0,0,0,0,6,0,3,0,0,0,0,11,0,0,0,1,82,0,0,0,0,0,0,0,12,9,2,0,0,0,0,0,0,823,0,0,0,0,0,0,0,0,0,0,5,16,3,0,0,0,2,0,0,16,0,0,0,0,918,0,0,0,0,0,6,0,0,64,29,63,0,0,0,0,0,0,0,18,102,8,0,8,0,10,30,0,0,0,0,0,0,0,0,0,0,0,6,25,0,0,0,0,19,0,0,0,14,0,0,0,0,0,0,22,0,14,0,3,93,0,15,2,1,9,0,5,0,33,0,0,0,0,28,22,31,2,0,2,53,2,0,0,438,0,0,0,0,0,0
"D53",0,0,0,0,0,5,0,0,317,0,0,0,0,20,0,4,0,0,0,0,0,0,0,10,0,0,0,0,0,0,0,0,0,0,0,15,0,0,0,0,0,0,0,0,0,0,0,0,0,0,9,32,0,0,0,0,0,0,0,15,0,0,0,70,0,179,0,0,0,0,0,0,0,0,0,0,0,0,0,3,0,0,0,0,0,0,0,4,4,0,49,0,0,0,0,0,0,6,0,0,0,0,0,0,0,0,0,0,245,0,0,0,0,0,0,0,0,0,0,0,0,0,0,0,0,0,0,0,0,0,17,0,0,29,0,0,0,0,0,157,0,0,0,0,0,0,0,0,0,0,37,0,0,0,0,0,0,0,0,288,24,0,0,65,0,0,46,0,0,0,0,0,0,0,0,0,0,0,0,0,0,0,0,0,0,0,0,0,0,7,0,0,0,0,2,0,0,0,8,0,23,0,0,0,0,0,0,0,0,0,0,0,0,0,189,0,0,0,0,0,4,0,0,0,0,0,0,20,0,87,0,0,0,0,0,0,0,0,0,0,0,0,0,0,0,77,0,0,0,0,0,0,0,0,0,0,0,0,0,0,11,0,3,0,0,0,0,0,0,0,0,133,0,0,250,0,0,0,0,0,0,0,0,0,1,0,0,0,0,0,0,0,0,4,0,0,0,0,0,0,0,0,12,0,0,14,0,5,0,0,0,194,0,0,0,0,0,0,0,17,0,0,0,69,0,0,0,0,0,0,0,0,0,0,0,0,0,0,0,0,0,0,0,16,0,0,0,0,0,0,0,0,4,0,0,0,4,0,0,0,0,0,0,0,25,0,0,0,0,0,0,0,0,0,33,0,0,0,0,0,0,0,0,0,0,0,0,0,0,0,0,2,0,0,0,0,0,0,31,38,0,0,0,0,0,0,0,0,58,3,0,0,0,3,0,0,5,0,0,0,0,0,0,0,0,0,0,0,0,0,0,0,0,0,0,0,0,0,0,0,0,45,0,0,0,0,0,0,0,0,0,0,0,0,0,0,0,0,0,0,0,0,0,0,0,0,0,0,0,2,0,6,0,0,0,0,0,4,0,11,0,0,13,0,0,9,0,0,0,0,0,0,0,0,0,0,0,10,0,0,0,0,0,0,0,0,7,0,0,0,0,0,0,0,0,0,0,0,0,25,0,0,0,0,0,0,7,0
"D54",0,0,0,0,0,0,0,0,0,0,0,0,0,0,0,0,0,0,0,0,0,0,0,0,0,0,0,0,0,0,0,0,0,0,0,0,0,0,0,0,0,0,0,0,0,0,0,0,0,0,0,0,0,0,0,0,0,0,0,0,0,0,0,0,0,0,0,0,0,0,0,0,0,0,0,0,0,0,0,0,0,0,0,0,0,0,0,0,0,0,0,0,0,0,0,0,0,0,0,0,0,0,0,0,0,0,0,0,0,0,0,0,0,0,0,0,0,0,0,0,0,0,0,0,0,0,0,0,0,0,0,0,0,0,0,0,0,0,0,0,0,0,0,0,0,0,0,0,0,0,0,0,0,0,0,0,0,0,0,0,0,0,0,0,0,0,0,0,0,0,0,0,0,0,0,0,0,0,0,0,0,0,0,0,0,0,0,0,0,0,0,0,0,0,0,0,0,0,0,0,0,0,0,0,0,0,0,0,0,0,0,0,0,0,0,0,0,0,43,0,0,0,0,0,0,0,2,0,0,0,0,0,0,0,0,0,0,0,1565,0,0,0,0,0,0,0,0,0,0,0,0,0,0,0,0,0,0,0,0,0,0,0,0,0,0,0,0,0,0,0,0,0,0,0,0,0,0,0,0,0,0,0,0,0,0,0,0,0,0,0,0,0,0,0,0,0,0,0,0,0,0,0,0,0,0,0,0,0,0,0,0,0,0,0,0,0,0,288,0,0,0,0,0,0,0,0,0,0,0,0,0,0,0,0,0,0,0,0,0,0,0,0,0,0,0,0,0,0,0,0,0,0,0,0,0,0,0,0,0,0,0,0,0,0,0,0,0,0,0,0,0,0,0,0,0,88,0,0,0,0,0,0,0,0,0,0,0,0,8207,0,0,0,0,0,0,0,0,0,0,0,0,0,0,0,0,0,0,0,0,0,0,0,0,0,0,0,0,0,0,0,0,0,0,0,0,0,0,96,0,0,0,0,0,0,0,0,0,0,0,0,0,0,0,0,0,0,0,0,0,0,0,0,0,0,0,0,0,0,0,0,0,0,0,0,0,0,0,0,0,0,0,0,0,0,0,0,0,0,0,0,0,0,0,0,0,0,0,0,0,0,0,0,0,0,0,0,0,0,0,0,0,0,0,0,0,0,0,0,0,0,0,0,0,0,0,0,0,0,0,0,0,0,0,0,0,0,0,0
"D55",0,0,0,0,0,0,0,0,0,0,0,0,0,0,0,0,0,0,0,0,0,0,0,0,0,0,0,0,0,0,0,0,0,0,0,0,0,0,0,0,0,0,0,0,0,0,0,0,0,0,0,0,0,0,0,0,0,0,0,0,0,0,0,0,0,0,0,0,0,0,0,0,0,0,29,0,0,0,0,0,0,0,0,0,0,0,0,0,0,0,0,0,0,0,0,0,0,0,0,0,2,0,0,0,0,0,0,0,0,0,0,0,0,0,0,0,0,0,0,0,0,0,0,0,0,0,0,0,0,0,0,0,0,0,0,0,0,0,0,0,0,0,0,0,0,0,0,0,0,0,0,0,0,0,0,0,0,0,0,0,0,0,0,0,0,0,0,0,0,0,0,0,0,0,0,0,0,0,0,0,0,0,0,0,0,0,0,0,0,0,0,0,0,0,0,0,0,0,0,0,0,182,0,0,0,0,0,0,0,0,0,0,0,0,0,0,0,0,0,0,0,0,0,0,0,0,52,0,0,0,0,0,0,12,0,0,0,0,0,0,0,0,0,105,0,0,0,0,0,0,0,0,0,0,0,0,0,0,0,0,0,0,0,0,0,0,0,0,0,0,0,0,0,0,0,0,0,0,0,0,0,0,0,0,0,0,0,0,0,0,0,0,0,0,0,0,0,0,0,0,0,0,0,0,0,0,0,0,0,0,0,0,0,0,0,0,0,0,0,0,0,0,0,0,0,0,0,0,0,0,0,0,0,0,0,0,0,0,0,34,0,0,0,0,0,0,0,0,0,0,0,0,0,0,0,0,0,0,0,0,0,0,0,0,0,0,0,0,0,0,0,0,0,0,0,20,0,0,0,0,0,0,0,0,0,0,0,0,0,0,0,0,0,0,0,0,0,0,0,0,0,0,0,0,0,0,0,0,0,0,0,0,0,0,0,0,0,0,0,0,0,0,0,0,0,0,0,0,0,170,0,0,0,0,0,0,0,0,0,0,468,0,0,0,0,0,0,0,0,0,0,0,0,15,0,0,0,0,0,0,0,0,0,0,0,0,353,0,0,0,0,0,0,0,0,0,0,0,0,0,0,0,0,0,0,0,0,0,0,0,0,6179,0,0,0,0,0,0,0,0,0,0,0,0,0,0,28,0,0,0,0,0,0,0,0,0,0,0,0,0,0,0,0,0,0,0,0,0
"D56",0,0,0,0,0,0,0,0,0,0,0,0,0,0,0,0,0,0,0,0,0,0,0,7,0,0,0,0,0,0,0,0,0,0,0,0,0,0,0,0,0,0,0,0,0,0,0,0,0,0,0,0,0,0,222,0,0,0,0,0,0,0,0,0,0,0,0,0,0,0,0,0,0,0,0,131,0,0,0,0,0,0,133,0,0,0,0,0,0,0,0,0,0,0,0,0,0,0,0,164,0,0,0,0,0,0,0,0,0,0,0,0,0,0,0,0,0,0,0,0,0,0,0,0,0,0,0,0,0,0,0,0,0,0,0,0,0,0,0,136,0,0,0,0,0,0,0,0,0,0,0,0,0,0,176,0,0,0,0,0,0,0,0,0,0,0,0,0,0,0,0,0,0,0,0,0,0,0,0,0,0,0,0,0,0,0,0,0,0,0,0,0,0,0,0,0,0,0,0,0,0,0,0,58,0,0,0,0,0,0,0,0,0,0,0,0,0,0,0,0,0,0,0,0,0,0,0,0,0,0,0,160,0,459,0,0,0,0,0,79,0,0,0,0,0,0,0,0,0,0,0,0,0,72,0,0,0,0,0,0,0,0,0,0,372,0,0,0,0,0,0,0,0,0,0,0,0,127,0,107,0,0,0,0,260,0,0,0,0,0,0,0,0,0,45,0,0,0,0,0,0,0,0,0,0,0,0,0,0,0,0,0,0,0,0,0,540,0,0,0,0,0,0,0,0,0,0,0,0,0,0,0,164,205,0,0,0,0,146,0,0,0,0,0,0,0,0,0,0,0,0,0,0,0,0,0,0,0,0,0,0,0,0,4,0,0,0,0,0,0,0,0,11,0,0,0,0,0,0,0,0,0,0,0,0,0,62,0,0,0,0,0,0,0,0,0,0,232,0,0,0,0,0,0,0,0,0,0,0,0,0,0,412,0,0,0,0,0,0,0,0,0,0,0,0,0,0,0,0,0,0,0,0,0,0,0,0,519,0,0,0,0,0,0,0,0,0,0,0,0,0,62,63,0,0,0,0,0,0,0,0,0,0,0,0,0,0,0,0,0,0,0,0,0,0,0,0,0,0,0,0,0,0,0,0,0,0,0,0,0,0,0,0,0,0,0,0,0,0,0,0,0,0,0,0,0,522,0,0,0,0,0,0,0,179,0,0,0,0,0,0,0,0,0,2,0,0,0
"D57",0,0,0,0,0,0,0,0,0,0,0,0,0,0,0,0,0,0,0,0,0,0,0,0,0,0,0,0,0,0,0,0,0,0,0,0,0,0,0,0,0,0,0,0,0,0,0,0,0,0,0,0,0,0,0,0,12,0,0,0,0,0,0,0,0,0,0,0,0,0,0,0,0,2,0,0,0,0,0,0,0,0,0,0,0,0,0,0,0,0,0,0,0,0,0,0,0,0,0,0,0,0,0,0,0,0,0,0,0,0,0,0,0,0,0,0,0,0,0,0,0,0,0,0,0,0,0,0,0,0,0,0,0,0,0,0,0,0,0,0,0,0,0,0,0,0,0,0,0,0,0,0,0,0,0,0,0,0,0,0,0,0,0,0,0,0,0,0,0,0,0,0,0,0,0,0,0,0,0,0,0,0,0,0,0,0,0,0,0,0,0,0,2,0,0,0,0,0,0,0,0,0,0,0,0,0,0,0,0,1,0,0,0,0,0,0,0,0,0,0,0,0,0,0,0,0,0,0,0,0,0,0,0,0,0,2,0,0,0,0,0,0,0,0,0,0,0,3,0,0,0,0,0,0,0,0,0,0,0,2,0,0,0,0,0,0,0,0,0,0,0,0,0,0,0,0,0,0,0,0,0,0,0,0,0,0,0,0,0,0,0,0,0,0,0,2,0,0,0,0,0,0,0,0,0,0,0,0,0,0,0,0,0,0,0,0,0,0,0,0,0,0,0,0,0,0,0,0,0,0,0,0,0,0,0,0,0,0,11,0,0,0,0,0,0,0,0,0,0,4,0,0,0,0,0,0,0,0,0,0,0,0,0,0,0,0,0,0,0,0,0,0,0,0,0,0,0,0,0,0,0,0,0,0,0,0,0,0,0,0,0,0,0,0,0,0,0,0,0,0,0,0,0,0,0,0,0,0,0,0,0,0,0,0,0,0,0,0,0,0,0,0,0,0,0,0,0,0,0,0,0,0,0,0,0,0,0,0,0,0,0,0,0,0,0,0,0,0,0,0,0,0,0,0,0,0,0,0,0,0,0,0,0,0,0,0,0,0,0,0,0,0,0,0,0,0,0,0,0,0,0,0,0,0,0,0,0,0,0,0,0,0,0,0,0,0,0,0,0,0,0,0,0,0,0,0,5,0,0,0,0,0,0,0,0,0,0,0,0,3,0,0,0,0,0,0,0,0
"D58",0,4,5,0,0,2,8,0,0,0,0,0,5,0,2,0,5,16,0,83,18,0,11,182,5,15,40,0,0,50,5,82,0,5,0,14,13,0,0,0,0,0,83,0,547,2,42,0,21,0,0,6,0,0,0,37,94,4,0,16,0,0,307,0,0,0,0,0,1,3,0,7,9,0,0,2,0,0,0,0,136,0,0,0,0,13,0,0,6,0,0,0,28,5,0,1,0,0,0,0,0,0,183,4,0,2,0,18,0,0,0,0,0,0,0,0,0,5,103,0,0,0,58,0,0,0,2,0,0,0,2,16,0,0,18,0,0,5,0,10,27,4,0,0,0,56,3,303,1,23,0,14,0,0,0,4,2,60,2,0,0,2,11,0,0,0,1,4,0,0,0,0,0,0,0,4,3,7,0,2,3,16,0,0,7,4,2,3,7,0,4,4,21,0,0,0,0,7,0,1,0,0,0,6472,0,30,23,0,0,0,0,0,0,8,0,4,425,17,0,0,0,0,1,7,0,0,0,0,0,0,19,0,14,4,17,3,13,22,0,6,4,8,9,0,0,0,23,45,0,16,16,0,148,0,0,21,5,0,0,40,0,0,0,0,56,8,0,0,57,25,59,0,35,32,1,0,0,0,23,0,4,2,0,18,6,5,1,0,2,2,4,7,4,0,9,0,30,109,16,38,117,0,0,6,0,0,84,0,0,37,1,0,0,12,76,157,30,0,0,0,18,17,0,0,153,0,2,0,11,0,6,2,0,17,0,7,71,546,0,0,35,52,0,0,43,0,0,0,0,87,4,3,5,0,1,0,3,0,0,0,1,0,0,0,0,0,0,7,0,34,1,5,0,0,2,0,2,0,0,5,109,0,14,8,0,0,51,2,0,0,29,0,27,0,34,54,0,16,0,0,0,0,0,3,1,28,0,0,1,0,0,9,0,0,30,72,0,0,0,0,0,40,0,103,5,0,10,0,9,0,0,0,5,202,0,0,0,429,1179,0,0,0,1,3,24,0,66,6,0,8,17,90,34,0,0,12,13,5,98,3,132,12,0,4,32,0,0,9,4,0,0,0,0,2,23,5,1,3,3,38,0,10,0,8,0,0,51,12,0,59,0,0,1,2,4,3,0,58,0,2,3,0,22,27,2,0,57,5,0,0,12,0,3,0,12,0,0,0,14,0,3,322,12,0,6,5,0,0
"D59",0,0,0,0,0,0,0,0,0,0,0,0,0,0,0,0,0,0,0,0,0,0,0,0,0,0,0,12,0,0,0,0,0,0,0,0,0,0,0,0,0,0,0,0,0,0,0,0,0,0,0,0,0,0,0,0,0,0,0,0,0,0,0,0,0,0,0,0,0,0,16,0,0,0,0,0,0,0,0,0,0,0,0,0,0,0,0,0,0,0,0,0,0,0,0,0,0,0,0,1823,0,0,0,0,0,0,0,0,0,0,0,1,0,0,0,0,0,0,0,5,0,0,0,0,0,0,0,0,4,0,0,0,0,0,0,0,0,0,0,0,0,0,0,0,0,0,0,0,0,0,0,0,0,0,0,0,0,0,0,0,0,0,0,0,0,0,0,0,0,0,0,0,0,0,0,0,0,0,0,0,0,0,0,0,0,0,0,0,0,0,0,0,0,0,0,0,33,0,0,0,0,0,0,0,0,0,0,0,0,0,0,0,0,0,0,0,0,0,0,0,0,0,0,0,0,0,0,0,0,0,0,11057,0,0,0,0,0,0,0,0,0,0,0,0,0,0,0,0,0,0,0,0,0,0,0,0,0,0,0,0,0,0,0,0,0,0,0,0,0,0,0,0,0,0,0,0,0,0,0,0,0,0,0,0,0,0,0,0,0,0,0,0,0,0,0,0,0,0,0,0,0,0,0,0,0,0,0,0,0,0,0,0,0,0,0,0,0,0,0,0,0,0,0,0,0,0,0,0,0,0,0,0,0,0,0,0,0,0,0,0,0,0,0,0,0,0,0,0,0,0,0,0,0,0,0,0,0,0,0,0,0,0,0,0,0,0,0,0,29,0,0,0,1327,0,0,0,0,0,0,0,0,0,0,0,0,0,0,0,0,0,0,0,0,0,0,0,0,0,0,0,0,0,0,0,0,0,0,6347,0,0,0,0,0,0,0,0,0,0,0,0,85,0,0,0,0,0,0,0,0,0,0,0,0,0,0,0,0,0,0,0,0,0,0,0,0,0,0,0,0,0,0,0,0,0,0,0,0,0,0,0,0,0,0,0,0,24,0,0,0,0,0,0,0,0,0,0,0,0,0,0,0,0,0,0,0,0,0,0,0,0,7,0,0,0,0,0,0,0,0,0,0,0,0,0,0,0,0,0,0,0,0,0,0,0,0,4,0,0,0,0,0,0,0,0,0,0,0,0
"D60",0,0,0,0,0,0,0,0,0,0,0,91,0,0,0,3,0,0,0,0,0,0,0,0,0,0,0,0,0,0,0,0,0,0,735,0,0,0,0,0,0,0,0,0,0,0,0,0,1,0,6,0,0,0,0,0,0,0,0,0,0,0,0,0,0,0,0,0,0,0,0,0,0,0,0,0,0,233,0,0,0,0,0,0,5,0,0,0,1,5,0,0,0,0,0,0,811,0,0,0,0,0,0,0,0,0,0,0,2,0,0,0,2,0,0,0,0,619,0,0,0,0,0,0,394,0,0,0,0,0,0,0,0,0,0,0,0,0,0,0,0,0,0,0,16,0,0,0,0,0,0,0,0,0,0,0,0,3,0,0,0,0,0,43,0,0,0,0,0,0,0,0,1844,0,0,0,0,0,7,0,0,0,8,0,0,0,0,0,0,0,0,0,0,0,0,3,0,0,0,0,0,0,0,0,0,0,0,30,0,23,0,0,0,0,0,0,0,0,0,141,0,0,0,0,0,0,0,2,0,0,0,5,0,2,0,0,0,0,0,0,0,0,0,0,0,0,0,0,0,0,0,0,2,0,0,0,0,0,0,67,2,0,0,0,0,5,0,0,0,7,0,0,0,0,0,0,0,0,0,0,0,0,0,0,0,0,0,0,0,0,0,0,0,0,0,0,0,0,0,0,0,604,0,0,29,0,0,0,0,0,0,0,0,0,0,0,0,0,0,0,0,0,151,0,0,0,0,0,0,0,0,0,0,0,0,0,0,0,0,0,0,0,0,0,0,0,0,2,85,0,0,0,0,0,0,0,0,380,0,0,0,0,0,0,0,0,0,0,0,0,0,0,0,705,0,0,0,0,0,0,0,0,0,0,2,2612,0,0,0,0,0,0,0,1134,0,0,45,0,0,0,0,0,0,0,0,0,0,0,0,0,0,0,0,0,186,0,0,910,1285,0,0,0,0,0,0,6,1,0,0,0,0,0,0,0,134,0,0,0,0,0,0,0,0,0,0,0,0,0,0,0,0,0,0,0,0,0,0,0,0,0,0,0,0,0,0,0,0,0,0,0,0,0,76,0,0,0,0,0,0,0,642,0,0,0,49,0,0,0,0,0,0,0,0,0,0,0,0,0,0,0,2,2,0,0,3,0,0,0,0,0,0,0,0,0,0,0,1526,2,0,0,0,0,0,0,0,0,0,0
"D61",0,0,0,0,0,0,0,0,0,0,0,0,0,2,0,0,2,0,0,0,0,0,0,0,0,0,0,0,0,0,0,0,0,0,0,0,0,0,0,0,0,0,0,0,0,0,0,0,2,0,0,0,0,0,0,0,0,0,0,0,0,0,0,0,0,0,0,0,0,0,0,0,0,0,0,0,0,5,0,0,0,0,0,0,0,0,64,0,6,0,0,0,0,0,0,0,0,3,0,0,0,0,0,0,0,0,0,0,0,0,0,0,0,0,0,0,0,227,0,0,0,0,0,0,0,0,6,0,0,3,0,0,0,0,0,0,0,0,0,0,0,0,0,0,3,0,0,0,0,0,0,0,0,0,0,0,0,0,0,0,0,0,0,0,0,0,0,0,0,0,0,0,0,0,0,0,0,0,131,0,0,0,0,0,0,0,0,0,0,0,0,0,0,0,0,0,0,0,0,0,0,0,817,0,0,0,0,0,0,0,0,0,0,0,0,0,0,0,0,0,0,0,0,0,0,0,0,0,0,0,0,0,0,0,0,0,0,0,0,0,0,0,0,0,0,0,0,0,0,0,0,0,0,0,0,0,0,0,0,0,44,0,0,57,0,140,0,0,0,0,0,0,0,0,0,0,4,0,0,0,0,0,0,0,0,0,0,0,0,0,0,0,0,0,0,0,0,0,0,0,0,0,0,0,0,0,0,0,0,0,0,0,0,0,0,0,0,0,0,0,0,0,0,5,0,0,0,0,0,0,0,0,0,0,0,0,0,0,0,0,0,0,0,0,0,0,0,0,0,0,0,0,0,0,0,0,0,0,0,24,0,0,0,0,0,0,0,0,0,0,0,0,0,1782,0,0,0,0,0,0,0,0,0,0,0,0,0,0,0,0,0,0,0,0,0,0,0,0,0,0,0,0,0,0,0,0,0,0,0,0,0,0,0,0,0,0,0,0,0,0,0,0,0,0,0,0,8,0,0,0,0,0,0,0,0,0,0,0,0,0,0,0,0,0,0,0,0,0,0,0,0,0,0,0,0,0,0,0,0,0,0,0,0,0,0,0,0,0,0,0,0,0,0,0,0,0,0,0,0,5,0,0,0,0,0,0,0,0,0,0,0,0,0,0,0,0,0,0,0,0,0,0,0,0,3,0,0,20,0,0,5,0,0,0,0,0,0,0,0,0,0,0,0,0,0,0,0,0
"D62",0,0,0,0,0,0,0,0,0,0,0,0,0,0,0,0,0,0,0,0,0,0,0,0,0,0,0,0,0,0,0,0,0,2,0,0,0,0,0,0,0,0,0,0,0,0,0,0,0,0,0,0,0,0,0,0,0,0,5,0,0,0,0,0,0,0,0,0,0,0,0,0,0,0,35,0,0,0,0,0,0,0,0,0,0,0,0,0,0,0,0,0,0,0,0,0,0,0,0,0,0,0,0,0,0,0,0,0,2,0,0,0,0,0,0,0,0,0,0,0,0,0,0,1,0,0,0,0,0,0,0,0,0,0,0,0,0,0,0,0,0,0,0,0,0,0,0,0,0,0,0,0,0,0,0,0,0,0,0,7,0,0,0,0,0,0,0,0,0,0,0,0,0,0,0,0,0,0,0,0,0,0,0,0,0,0,0,0,0,0,0,0,0,0,0,0,0,0,0,0,0,0,0,0,0,0,0,0,0,0,0,0,0,0,0,0,0,0,0,0,0,0,0,0,0,0,45,0,0,40,0,0,0,0,0,0,0,0,0,0,0,0,0,0,21,0,0,0,0,0,0,0,0,0,0,0,0,0,0,0,0,0,0,0,0,0,0,0,0,0,0,0,0,0,2,0,0,0,0,0,0,0,0,0,0,0,0,0,0,0,0,0,0,13,0,0,0,0,2,0,0,0,0,0,0,4,0,0,0,0,0,0,0,0,0,0,0,0,0,0,0,0,0,0,0,0,0,0,0,0,0,0,0,0,0,0,0,0,0,20,0,0,0,0,0,0,0,0,0,0,0,0,0,0,0,0,0,0,0,0,0,0,0,0,0,0,0,0,0,0,0,0,0,0,0,0,0,0,0,0,0,0,0,0,0,0,0,0,0,0,0,0,0,0,0,0,0,0,0,223,150,0,0,0,0,0,4,0,4,0,0,0,0,0,0,0,0,0,0,0,0,0,0,0,0,0,0,0,0,0,0,0,0,0,0,0,0,0,0,0,27,0,0,0,0,0,0,0,0,0,0,0,0,47,0,0,0,0,0,0,0,0,0,0,0,0,100,0,0,0,0,0,0,0,0,0,0,0,0,0,0,0,0,0,0,0,0,0,0,0,0,1942,0,0,0,0,0,0,0,0,0,0,0,0,0,0,15,0,0,0,0,0,0,0,0,0,0,0,0,0,0,0,0,0,0,0,0,0
"D63",0,0,0,632,0,0,0,0,0,0,0,0,0,0,0,0,0,0,0,0,0,6,2,0,0,0,0,95,0,0,0,0,0,3,0,0,0,0,0,0,0,0,0,0,0,0,0,4,0,8,0,0,3,0,0,0,0,0,2,0,7,0,0,0,0,0,0,13,0,3,13,0,0,0,0,0,0,0,0,0,0,0,0,0,0,0,0,0,0,0,0,0,0,0,0,0,0,0,0,148,0,0,0,0,6366,0,77,0,0,0,240,75,0,0,0,0,0,0,2,207,4,0,0,2031,0,0,0,0,23,0,0,0,0,0,0,0,5,0,0,4,0,0,0,6,0,0,0,0,0,0,0,0,1,0,0,0,0,0,0,5,0,0,0,5,0,0,0,0,0,0,0,8,0,0,2,0,0,0,0,0,0,0,0,0,0,0,2,0,0,0,0,0,0,0,0,0,71,0,0,0,0,0,0,0,0,0,0,0,0,0,0,0,13,0,0,0,0,0,0,0,0,7,0,0,0,0,4,0,0,0,0,3289,0,58,0,0,0,0,4,0,0,0,0,0,0,0,0,0,0,0,0,0,0,11,7,0,0,0,3,0,0,0,0,0,0,0,0,0,0,0,0,0,0,0,4,4,0,3,0,0,0,0,5,0,0,0,0,0,0,0,0,0,0,0,0,0,0,0,30,0,0,0,0,0,0,0,0,5,0,0,0,0,12,0,0,0,0,0,60,0,0,0,0,0,0,0,0,2,0,0,0,0,0,0,0,0,0,0,0,0,0,0,0,0,0,0,0,0,0,0,0,0,0,0,0,0,0,0,0,0,0,0,0,0,0,0,6756,0,57,0,0,0,18,0,0,0,0,0,0,0,0,0,0,0,0,0,0,0,0,3,0,0,0,0,0,0,0,0,0,0,0,0,0,0,0,0,5,9,8,0,0,0,0,0,0,0,0,0,0,0,281,0,4,0,0,0,0,0,0,0,0,0,0,0,0,7,3,0,0,0,0,0,0,0,0,0,0,0,0,0,0,0,0,156,30,0,0,0,0,0,0,0,0,0,0,428,0,0,0,0,4016,0,0,0,0,0,0,0,0,0,0,0,0,0,0,2,0,0,0,0,94,0,0,0,0,0,0,0,0,9,0,0,0,0,0,0,0,0,0,0,0,0,0,0,0,72,0,0,0,0,0,0,0,0,0,0,8,0
"D64",0,0,0,0,0,0,0,0,7,0,0,0,0,0,0,0,0,0,0,0,0,0,0,0,0,0,0,0,0,0,0,0,0,0,0,0,0,0,0,0,0,0,0,0,0,0,0,0,0,0,0,0,0,0,0,0,0,0,0,0,0,0,0,0,0,0,0,0,0,0,0,0,0,0,0,0,0,0,0,0,0,0,0,0,0,0,0,0,0,0,0,0,0,0,0,0,0,0,0,0,0,0,0,0,12,0,0,0,0,0,2,0,0,0,0,0,0,0,0,0,0,0,0,3,0,0,0,0,0,0,0,0,0,0,0,3475,0,0,0,0,0,0,0,0,0,0,0,0,0,0,0,0,0,0,0,0,0,0,0,6,0,0,0,0,0,0,0,0,0,0,0,0,0,0,0,0,0,0,0,0,0,0,0,0,0,0,0,0,0,0,0,0,0,0,0,0,2,0,0,0,0,0,0,0,0,0,0,0,0,0,0,0,0,0,0,0,0,0,0,0,0,2,0,0,0,0,0,0,0,0,0,5,0,0,0,0,0,0,0,0,0,0,0,0,0,0,0,0,0,0,0,0,0,0,0,0,0,0,0,0,0,0,0,0,0,0,0,0,0,7,0,0,0,0,0,0,0,0,0,0,0,0,0,0,0,0,0,0,0,0,0,0,0,0,0,0,0,0,0,0,0,0,0,0,0,0,0,0,0,0,0,0,0,0,0,0,0,0,0,0,0,0,0,0,0,0,0,0,0,0,0,0,0,0,0,0,0,0,0,0,0,0,0,0,0,0,0,0,6,0,0,0,0,0,0,0,0,0,0,0,0,0,0,0,0,0,0,0,3,0,0,0,0,0,0,0,0,0,0,0,0,0,0,0,0,0,0,0,0,0,0,0,0,0,0,0,0,0,0,0,0,0,0,0,0,0,0,0,0,0,0,0,0,0,0,0,0,0,0,0,0,0,0,0,0,0,0,0,14,0,0,0,0,0,0,0,0,0,0,0,0,0,0,0,0,0,0,0,0,0,0,0,0,160,0,0,0,0,0,0,0,0,0,0,0,0,0,0,0,0,0,0,0,0,0,0,0,0,0,0,0,0,0,0,0,0,0,0,0,0,0,0,0,0,0,0,0,0,0,0,0,0,0,0,0,0,0,0,0,0,0,0,0,0,0,0,0,0,0,0,0,0,0,0,0,0,0,0
"D65",0,0,0,0,0,0,0,0,0,0,0,0,0,0,0,0,2,0,0,0,0,0,0,0,0,0,0,0,0,0,0,0,0,0,29,0,0,0,0,0,0,0,0,0,0,0,0,12,0,0,0,0,0,0,0,0,0,0,0,28,0,0,0,0,0,0,0,0,0,0,0,0,0,0,0,0,0,56,0,0,0,0,0,460,0,0,155,0,1,0,0,0,0,0,0,0,0,4,0,0,0,0,0,0,0,0,0,0,0,0,0,0,0,0,0,0,0,177,0,0,0,0,0,0,0,0,0,0,0,16,0,0,0,0,0,0,0,0,0,0,0,0,0,0,2,0,0,0,0,0,0,0,0,0,0,0,0,0,0,0,0,0,0,0,0,0,0,0,0,0,0,0,192,0,0,0,0,0,1683,0,0,0,13,0,0,0,0,0,0,0,0,0,0,0,0,0,0,0,0,0,0,0,13,0,0,0,0,4,0,0,0,0,0,0,0,0,0,0,0,0,0,0,0,0,0,0,0,0,0,0,0,0,0,0,0,0,0,0,0,0,0,0,0,0,0,0,0,0,0,0,0,0,0,0,0,0,0,0,0,3,2,0,0,83,0,0,0,0,0,0,0,0,0,0,0,0,0,0,0,0,0,0,0,0,0,0,0,0,0,0,0,0,0,0,0,0,0,0,0,0,0,2,0,0,6,0,0,0,0,0,0,0,0,0,0,0,0,0,0,0,0,0,5,0,0,0,0,0,0,0,0,0,0,0,0,0,0,0,0,0,0,0,0,0,0,0,0,0,0,0,0,0,0,0,0,0,0,0,0,960,0,0,0,0,0,0,0,0,0,0,0,0,0,618,0,0,0,0,0,0,0,0,0,0,0,420,0,0,0,0,0,0,0,545,0,0,0,0,0,0,0,0,0,0,0,0,0,0,0,0,0,0,0,0,0,0,0,0,670,0,0,0,0,0,0,0,0,0,0,0,0,0,0,0,0,0,0,0,0,0,0,0,0,0,0,0,0,0,0,0,0,0,0,0,0,0,0,0,0,0,0,0,0,0,0,0,0,0,0,0,0,0,0,0,0,0,0,0,0,6,0,0,0,0,173,0,0,0,0,0,0,0,0,0,0,0,0,0,0,0,0,0,0,0,0,0,0,9,0,0,0,0,0,0,0,0,0,0,0,0,0,0,0,0,0,0,0,0
"D66",0,0,0,0,0,0,0,0,0,0,0,0,0,0,0,0,0,0,0,0,0,0,0,0,0,0,0,0,0,0,0,0,0,0,0,0,0,0,0,0,0,0,0,0,0,0,0,0,0,0,0,0,0,0,0,0,0,0,0,0,0,0,0,0,0,0,0,0,0,0,0,0,0,0,53,0,0,0,0,0,0,0,0,0,0,0,0,0,0,0,0,0,0,0,0,0,0,0,0,0,75,0,0,0,0,0,0,0,0,0,0,0,0,0,0,0,0,0,0,0,0,0,0,0,0,0,0,0,0,0,0,0,0,0,0,0,0,0,0,0,0,0,0,0,0,0,0,0,0,0,0,0,0,0,0,0,0,0,0,0,0,0,0,0,0,0,0,0,0,0,0,0,0,0,0,0,0,0,0,0,0,0,0,0,0,0,0,0,0,0,0,0,0,0,0,0,0,0,0,0,0,140,0,0,0,0,0,0,0,0,0,0,0,0,0,0,0,0,0,0,0,0,0,0,0,0,57,0,0,0,0,0,0,0,0,0,0,0,0,0,0,0,0,26,0,0,0,0,0,0,0,0,0,0,0,0,0,0,0,0,0,0,0,0,0,0,0,0,0,0,0,0,0,0,0,0,0,0,0,0,0,0,0,0,0,0,0,0,0,0,0,0,0,0,0,0,0,0,0,0,0,0,0,0,0,0,0,0,0,0,0,0,0,0,0,0,0,0,0,0,0,0,0,0,0,0,0,0,0,0,0,0,0,0,0,0,0,0,0,31,0,0,0,0,0,0,0,0,0,0,0,0,0,0,0,0,0,0,0,0,0,0,0,0,0,0,0,0,0,0,0,0,0,0,0,45,0,0,0,0,0,0,0,0,0,0,0,0,0,0,0,0,0,0,0,0,0,0,0,0,0,0,0,0,0,0,0,0,0,0,0,0,0,0,0,0,0,0,0,0,0,0,0,0,0,0,0,8,0,90,0,0,0,0,0,0,0,0,0,0,367,0,0,0,0,0,0,0,0,0,17,0,0,35,0,0,0,0,0,0,0,0,0,0,0,0,230,0,0,0,0,0,0,0,0,0,0,0,0,0,0,0,0,0,0,0,0,0,0,0,0,7954,0,0,0,0,0,0,0,0,0,0,0,0,0,0,281,0,0,0,0,0,0,0,0,0,0,0,0,0,0,0,0,0,0,0,0,0
"D67",0,0,3,2,0,2,0,0,0,147,0,0,0,0,0,79,0,0,0,0,0,13,0,0,0,3,0,0,0,0,0,0,0,0,0,0,0,0,0,0,0,0,0,1059,0,1,0,0,9,0,2999,144,2,0,17,0,0,0,0,235,0,0,0,13,42,0,0,1786,0,6,0,0,0,0,0,0,0,7,0,18,0,0,0,0,0,0,3,2,0,17,0,0,0,0,0,52,0,38,0,0,0,6,0,0,0,0,0,0,0,0,0,0,111,0,0,0,0,103,0,2,0,0,0,0,0,14,3,0,0,0,5,0,0,104,10,0,2587,0,0,694,0,0,0,0,0,0,2,0,0,0,0,0,5194,0,0,0,0,0,76,1,112,0,0,0,0,0,479,0,205,0,0,0,0,0,0,0,0,2,0,0,17,0,5,0,0,0,0,0,0,0,0,0,0,0,0,2,0,0,208,0,0,0,0,0,0,0,0,0,0,3,145,42,0,0,0,0,0,0,0,0,112,0,0,0,0,0,0,0,0,0,0,0,0,0,0,0,0,0,0,0,0,0,6,0,0,32,0,0,0,0,0,0,151,0,3,0,0,0,0,0,0,0,0,0,0,0,87,0,0,82,0,0,0,0,13,0,0,0,3,102,0,0,0,0,0,0,0,0,0,0,0,0,0,0,0,0,0,0,79,0,0,0,0,0,0,0,0,0,0,0,0,85,0,0,0,0,0,0,0,0,0,0,0,82,0,228,0,156,0,11,20,0,0,0,0,0,0,0,0,0,0,0,0,0,0,0,0,0,0,0,0,6,0,0,0,0,1,0,3,0,7,0,0,0,0,0,0,0,0,0,0,0,0,0,0,0,0,15,0,0,0,63,0,0,11,0,0,17,0,0,0,0,0,0,17,0,118,0,0,332,0,0,2,0,0,0,0,0,331,0,0,0,0,0,81,0,0,2,0,0,0,0,0,0,0,0,0,0,0,0,0,0,15,0,0,0,20,0,0,0,0,0,4,0,0,0,0,31,0,0,0,0,0,0,0,0,0,199,0,0,0,0,0,0,0,0,0,0,0,0,0,908,0,0,0,0,0,0,10,59,2,0,103,0,60,101,0,0,0,0,0,0,0,0,0,0,0,24,0,0,0,0,0,0,0,0,0,3,0,0,0,0,0,31,0,0,0,10,0,129,25,0,0,43,0,0,109,0
"D68",0,0,0,1682,0,0,0,0,0,0,0,0,0,0,0,0,0,0,0,0,0,0,0,0,0,0,0,0,0,0,0,0,0,0,0,0,0,0,0,0,0,0,0,0,0,0,0,0,0,0,0,0,0,0,0,0,0,0,0,0,0,0,0,0,0,0,0,0,0,0,0,0,0,0,0,0,0,0,0,0,0,0,0,0,0,0,0,0,0,0,0,0,0,0,0,0,0,0,0,5,0,0,0,0,6,0,0,0,0,0,0,0,0,0,0,0,0,0,0,0,0,0,0,297,0,0,0,0,0,0,0,0,0,0,0,0,0,0,0,0,0,0,0,0,0,0,0,0,0,0,0,0,0,0,0,0,0,0,0,0,0,0,0,0,0,0,0,0,0,0,0,0,0,0,0,0,0,0,0,0,0,0,0,0,0,0,0,0,0,0,0,0,0,0,0,0,0,0,0,0,0,0,0,0,0,0,0,0,0,0,0,0,0,0,0,0,0,0,0,0,0,0,0,0,0,0,0,0,0,0,0,0,0,0,0,0,0,0,4,0,0,0,0,2,0,0,0,0,0,0,0,0,0,0,0,0,0,0,0,0,0,0,0,0,0,0,0,0,0,0,0,0,0,0,0,0,0,0,0,0,0,0,0,0,0,0,0,0,0,0,0,0,0,0,0,0,0,0,0,0,0,0,0,0,0,0,0,0,0,0,0,0,0,0,0,0,0,8,0,0,0,0,0,0,0,0,0,0,0,0,0,0,0,0,0,0,0,0,0,0,0,0,0,0,0,0,0,0,10,0,0,0,0,0,0,0,0,0,0,0,0,0,0,0,0,0,1208,0,0,0,0,0,0,0,0,0,0,0,0,0,0,0,0,0,0,0,0,0,47,0,0,0,0,0,0,0,0,0,0,0,0,0,0,0,0,0,0,0,0,0,0,0,0,0,0,0,0,0,0,53,0,0,0,0,0,0,0,0,0,0,0,0,0,0,0,0,0,0,0,0,0,0,0,0,0,0,0,0,0,0,0,0,0,11,0,0,0,0,0,0,0,0,0,0,0,0,0,0,0,0,0,0,0,0,0,0,0,0,0,0,0,0,0,0,0,0,0,0,0,0,0,0,0,0,0,0,0,0,0,0,0,0,0,0,0,0,0,0,0,0,0,0,0,0,0,0,0,0,0,0,0,0,0,0,0,0,0,0
"D69",0,0,0,0,0,0,0,0,0,0,0,0,0,0,0,0,0,0,0,0,0,0,0,0,0,0,0,0,0,0,0,0,0,0,0,0,0,0,0,0,0,0,0,0,0,0,0,0,0,0,0,0,0,0,0,0,0,0,0,0,0,0,0,0,0,0,0,0,0,0,0,0,0,0,0,0,0,0,0,0,0,0,0,0,0,0,0,0,0,0,0,0,0,0,0,0,0,0,0,0,0,0,0,0,0,0,0,0,0,4,0,0,0,0,0,0,0,0,0,0,0,0,0,0,0,0,0,0,0,0,0,0,0,0,0,0,0,0,0,0,0,0,0,0,0,0,0,0,0,0,0,0,0,0,0,0,0,0,0,0,0,0,0,0,0,0,0,0,0,0,0,0,0,0,0,0,0,0,0,0,0,0,0,0,0,0,0,0,0,0,0,0,0,0,0,2,0,0,0,0,0,0,0,0,0,0,0,0,0,0,0,0,0,0,0,0,0,0,0,0,0,0,0,0,0,0,0,0,0,0,0,3,0,2331,0,0,0,0,0,0,0,0,0,0,3,0,0,0,0,0,0,0,0,0,0,0,0,0,0,0,0,0,0,0,0,0,0,0,0,0,0,0,0,0,0,0,0,0,0,0,0,0,0,0,0,0,0,0,0,0,0,0,0,0,0,0,0,0,0,0,0,0,0,0,0,0,0,0,0,0,0,0,0,0,0,0,0,0,0,0,0,0,0,0,0,0,0,0,0,0,0,0,0,0,0,0,0,0,0,0,0,0,0,0,0,0,0,0,0,0,0,0,0,0,0,0,0,0,0,0,0,0,0,2,0,0,0,0,0,0,0,0,0,0,0,0,0,0,0,0,0,0,0,0,0,0,0,0,2,0,0,0,0,0,0,0,0,0,0,0,3,0,0,0,0,0,0,0,0,0,0,0,0,0,0,0,0,0,0,0,0,0,0,0,0,0,0,0,0,0,0,0,0,0,0,0,0,0,0,0,0,0,0,0,0,0,0,0,0,0,0,0,0,2,0,0,0,0,0,0,0,0,0,0,0,0,0,0,0,0,0,0,0,0,0,0,0,0,0,0,0,0,0,0,0,0,0,0,0,0,0,0,0,0,0,0,0,0,0,0,0,0,0,0,0,0,0,0,0,0,0,0,0,0,0,0,0,0,0,0,0,0,0,0,0,0,2,0
"D70",0,0,0,0,0,0,0,5,0,1,0,0,0,130,0,0,0,0,2,0,0,0,0,0,0,0,0,0,0,0,0,0,0,7,0,0,0,0,0,0,1,3,0,0,0,44,0,0,0,0,0,0,29,0,0,0,0,0,0,0,0,2872,0,124,3,0,0,0,0,4,0,0,0,0,0,14,0,0,0,0,0,3,0,0,4,0,0,0,0,0,23,0,0,0,0,0,0,0,0,0,0,0,0,0,0,3,0,0,0,0,0,0,2,0,0,0,0,247,0,0,0,0,2,0,0,0,0,0,0,0,7,0,0,13,0,0,0,0,0,12,0,0,0,0,0,0,0,0,0,0,10,0,0,0,0,0,4,5,142,0,0,0,0,0,0,0,0,0,0,0,0,9,0,0,0,0,0,0,0,0,0,0,0,0,9,0,0,0,0,0,0,0,0,0,0,0,0,0,0,0,0,0,0,0,6,0,0,0,0,0,0,2,0,0,0,0,0,0,0,2,0,0,2,0,0,0,0,47,0,0,0,0,0,0,0,0,0,0,0,0,0,0,0,0,0,0,0,0,0,3,0,0,11,0,0,4,0,0,2,0,7,0,0,0,0,0,0,0,0,1,0,3,5,0,0,0,0,0,0,0,0,0,0,2,0,0,0,0,0,0,0,2,0,0,0,0,0,0,8,0,0,0,7,0,0,34,0,0,0,0,0,32,2,0,1,0,0,0,0,0,0,0,0,4,4,0,0,0,4,1552,0,0,0,0,0,0,0,0,0,0,0,0,0,0,0,0,0,0,0,0,0,274,0,0,0,96,0,0,0,0,14,4,0,0,0,0,0,2,0,0,0,0,0,0,0,0,2,3,0,0,0,6,0,0,3,0,3,0,0,0,0,0,0,0,0,0,81,0,23,0,0,0,5,0,0,0,0,0,0,0,7,0,0,0,511,0,0,0,0,0,0,2,0,2,0,0,0,0,0,0,0,0,0,0,0,0,0,0,0,0,0,0,0,0,0,0,0,0,2,0,0,0,0,0,0,0,0,0,0,0,0,0,0,0,0,0,0,0,0,0,0,3,0,0,0,0,0,0,0,0,0,0,0,0,299,2,0,2,0,0,0,0,7,0,0,0,0,4,0,0,0,0,0,0,0,0,0,0,0,17,0,0,0,39,0,0,0,4,0,0,0,14,0,0,0,0,0,2
"D71",11,49,13,0,18,21,37,0,0,0,0,2,0,7,6,2,8,14,0,119,2,0,108,202,17,15,46,0,0,444,4,153,0,9,0,175,34,4,0,11,0,5,121,0,76,0,9,0,13,0,272,41,0,13,0,141,249,0,0,24,0,0,68,31,0,0,0,0,9,4,0,13,78,0,0,0,13,0,0,0,102,0,0,0,0,103,0,0,5,1,2,0,31,11,0,0,0,1,1,0,0,18,398,0,0,8,0,13,6,2,0,0,0,37,0,12,5,0,170,0,27,6,102,0,0,10,0,0,0,0,4,31,8,0,126,0,0,102,17,43,32,21,14,0,0,23,0,125,9,20,29,27,0,6,0,97,9,34,0,13,0,3,8,0,0,4,71,6,11,4,1,0,0,0,0,0,9,24,0,0,40,46,0,1,17,19,97,9,2,2,5,4,208,0,7,0,0,63,2,7,0,0,0,3456,12,137,60,0,2,0,5,0,0,10,10,11,28,133,0,0,0,1,9,40,1,27,0,128,6,0,17,0,10,0,100,28,57,8,0,17,12,20,82,0,0,9,43,40,0,81,29,4,742,0,0,29,23,4,3,15,0,0,0,0,35,17,1,67,17,52,15,1,113,31,46,0,0,63,118,0,35,29,0,38,157,16,25,0,0,0,16,4,58,0,4,0,14,0,31,35,570,0,0,0,0,5,145,0,0,64,0,0,0,95,29,106,124,0,0,30,12,13,0,0,59,29,15,0,64,0,4,4,4,43,23,25,209,209,0,0,24,48,0,0,10,2,0,0,0,152,5,61,76,0,24,0,2,0,0,0,0,62,3,0,0,0,0,17,0,63,14,7,0,0,0,0,33,12,4,40,3,2,36,16,0,0,7,24,0,0,114,6,25,0,62,99,0,130,6,5,31,1,0,7,13,33,1,0,23,3,12,6,0,2,11,109,0,0,0,0,0,118,0,26,9,2,3,0,0,0,0,16,5,28,0,0,0,950,699,31,0,16,1,14,12,0,50,51,8,27,76,313,59,0,0,7,41,62,164,37,113,140,11,8,40,0,0,132,0,2,0,0,0,3,156,19,26,13,51,92,0,22,4,15,0,0,150,20,32,47,0,0,15,32,37,13,3,175,0,7,16,0,15,194,0,21,43,0,3,3,0,0,0,0,31,0,0,0,12,0,1,291,42,0,17,8,19,2
"D72",0,0,0,143,0,2,0,0,0,0,4,0,0,0,4,0,0,0,0,0,0,2,0,0,0,0,0,17,3,0,0,0,2,22,3,5,0,0,0,0,0,0,0,0,0,0,0,43,0,0,0,0,5,0,0,0,0,0,0,0,11,0,0,2,0,0,0,4,0,0,1,0,0,0,0,0,0,0,0,0,0,0,0,0,4,0,0,3,0,0,0,0,0,0,0,0,0,0,0,0,0,0,1,0,37668,0,160,0,3,0,11,0,0,0,2,0,0,0,0,42,0,0,0,0,0,0,0,6,9,0,0,0,0,6,0,0,4,0,0,0,0,0,0,96,0,0,0,0,0,0,0,0,5,0,7098,0,0,0,0,2,0,0,0,4,0,0,5,0,0,0,0,0,0,3,0,0,0,0,0,0,0,0,0,0,0,0,0,0,0,0,0,2,0,0,0,5,0,0,0,0,0,6,0,0,0,0,2,0,0,0,0,0,0,0,0,0,0,0,0,0,0,263,0,0,0,0,23,0,0,0,0,224,0,89,0,0,0,0,275,0,0,0,0,0,0,0,0,0,1,0,0,0,0,11,3,0,0,0,12,0,0,0,0,0,0,0,0,0,0,30,0,2,0,0,4,2,0,0,0,0,0,0,9,0,0,0,0,2,0,0,0,0,0,0,0,0,0,0,53,0,0,0,0,0,0,7,0,2,0,2,0,18,10,0,0,0,0,2,0,0,0,0,0,0,3,0,0,15,0,0,0,0,0,0,0,0,0,0,0,11,0,0,0,159,0,0,0,0,0,0,0,0,0,3,0,11,0,0,0,0,0,0,0,0,0,0,169,0,7,0,0,0,0,0,0,0,0,0,0,0,0,0,0,0,0,0,0,0,0,0,0,0,0,0,0,0,0,0,0,5,196,0,2,0,0,0,0,5,54,2,0,0,0,0,0,0,0,0,0,1040,41,0,7,0,0,0,0,2,0,2,0,0,0,0,0,6,2,0,0,0,0,0,0,0,0,0,0,0,0,0,0,2,0,256,17,21,0,0,0,0,0,0,0,0,0,12,0,0,0,0,2,0,0,0,0,0,0,0,0,0,0,0,0,0,3,0,0,0,0,0,2,0,0,0,0,0,0,0,19,5,0,0,0,2,0,0,0,0,3,0,0,0,0,0,0,75,0,0,0,0,0,2,0,0,0,0,13,0
"D73",13,4,35,300,47,15,0,0,250,0,5,5,0,0,0,0,0,0,0,0,0,40,27,18,0,0,8,39,278,26,0,0,0,94,0,27,0,0,10,8,0,0,0,5,0,0,0,0,21,107,42,71,70,0,31,0,4,0,1,6,254,0,0,97,4,0,3,0,0,0,3389,0,1,0,0,0,3,3,23,0,0,3,0,0,0,6,6,16,0,2,32,0,0,0,0,0,0,0,0,148,0,19,0,0,4599,0,275,0,74,15,183,14,0,6,5,1,0,0,0,64,5,0,0,138,0,0,0,0,17,0,37,18,0,41,19,6,20,18,5,87,0,0,0,218,0,0,8,0,0,0,100,9,61,5,2624,3,34,0,0,298,2,9,0,21,0,0,137,0,2,58,0,0,0,23,0,0,0,0,3,4,0,1,0,0,0,0,42,0,0,84,0,14,0,14,22,304,34,0,0,0,5,55,0,5,0,38,0,0,6,0,0,0,302,0,74,1,0,17,2,0,0,25,0,10,0,0,0,39,14,0,0,1616,0,0,1,0,3,0,0,0,0,0,0,0,16,10,0,0,28,6,2,0,82,225,23,5,2,145,126,0,31,5,18,0,0,0,0,24,0,82,0,9,0,0,240,14,0,13,1,0,0,0,5,44,6,0,0,47,0,6,0,0,0,36,0,5,9,0,484,0,0,0,2,0,0,86,0,7,0,0,0,70,963,4,1,15,0,4,54,20,0,0,0,2,0,0,0,0,29,0,2,84,0,13,20,0,0,3,0,0,0,0,4359,14,0,34,0,0,8,13,0,0,0,0,0,31,1,0,0,0,8,28,2,0,0,0,56,0,155,13,0,0,23,0,0,0,5,16,0,0,10,0,4,3,0,0,0,21,0,16,4,38,0,1,0,0,4,0,0,91,119,0,0,0,0,0,20,39,94,46,8,0,0,51,0,0,6,0,0,104,636,0,0,0,0,0,9,0,0,0,0,18,0,0,0,24,423,16,0,2,4,293,0,0,0,36,0,0,2,0,0,9,0,383,3,4200,0,38,23,0,0,0,0,0,0,43,0,0,0,0,118,3,0,0,0,0,0,8,0,31,0,0,0,0,0,1,0,0,26,0,39,0,0,0,0,4,0,5,0,139,0,0,0,0,0,0,0,0,25,0,0,0,0,0,0,46,0,0,0,41,0,17,0,6,0,0,221,12
"D74",0,0,0,0,0,0,0,0,0,0,0,0,0,0,0,0,0,0,0,0,0,0,0,0,0,0,0,0,0,0,0,0,0,0,0,0,0,0,0,0,0,0,0,0,0,0,0,0,0,0,0,0,0,0,0,0,0,0,0,0,0,0,0,0,0,0,0,0,0,0,0,0,0,0,1,0,0,0,0,0,0,0,0,0,0,0,0,0,0,0,0,0,0,0,0,0,0,0,0,0,0,0,0,0,0,0,0,0,0,0,0,0,0,0,0,0,0,0,0,0,0,0,0,0,0,0,0,0,0,0,0,0,0,0,0,0,0,0,0,0,0,0,0,0,0,0,0,0,0,0,0,0,0,0,0,0,0,0,0,0,0,0,0,0,0,0,0,0,0,0,0,0,0,0,0,0,0,0,0,0,0,0,0,0,0,0,0,0,0,0,0,0,0,0,0,0,0,0,0,0,0,0,0,0,0,0,0,0,0,0,0,0,0,0,0,0,0,0,0,0,0,0,0,0,0,0,49,0,0,0,0,2,0,32,0,0,0,0,0,0,0,0,0,60,0,0,0,0,0,0,0,0,0,0,0,0,0,0,0,0,0,0,0,0,0,0,0,0,0,0,0,0,0,0,0,0,0,0,0,0,0,0,0,0,0,0,0,0,0,0,0,0,0,0,0,0,0,0,0,0,0,0,0,0,0,0,0,0,0,0,0,0,0,0,0,0,0,0,0,0,0,0,0,0,0,0,0,0,0,0,0,0,0,0,0,0,0,0,0,111,0,0,0,0,0,0,0,0,0,0,0,0,0,0,0,0,0,0,0,0,0,0,0,0,0,0,0,0,0,0,0,0,0,0,0,0,0,0,0,0,0,0,0,0,0,0,0,0,108,0,0,0,0,0,0,0,0,0,0,0,0,0,0,0,0,0,0,0,0,0,0,0,0,0,0,0,0,0,0,0,2,0,0,0,0,0,0,1,0,0,0,0,0,0,0,0,0,0,0,0,9,0,0,0,0,0,0,0,0,0,0,0,0,2,0,0,0,0,0,0,0,0,0,0,0,4,114,0,0,0,0,0,0,0,0,0,0,0,0,0,0,0,0,0,0,0,0,0,0,0,0,986,0,0,0,0,0,0,0,0,0,0,0,0,0,0,0,0,0,0,0,0,0,0,0,0,0,0,0,0,0,0,0,0,0,0,0,0
"D75",0,1,72,0,0,2,0,18,0,111,0,29,0,0,6,0,76,8,24,0,5,0,0,0,0,5,0,0,0,159,0,417,0,28,0,0,2,16,0,22,33,36,6,18,0,0,5,0,47,0,2,0,3,54,0,0,0,6,0,13,0,4,6,77,8,0,1,0,3,21,0,7,0,0,0,222,1,0,0,0,15,22,0,4,0,0,0,2,4,3,7,0,9,368,0,12,0,3,43,0,0,12,456,0,0,18,0,58,0,0,0,0,0,0,4,1,4,217,0,0,0,96,30,0,2,33,0,0,0,17,107,2,3,14,21,0,0,0,0,142,0,0,0,0,12,68,2,5,0,0,0,0,0,2,0,0,32,994,19,0,4,0,0,0,13,3,0,0,15,4,0,0,0,0,2,55,0,27,211,0,12,67,0,2,182,0,0,24,106,0,0,0,0,0,0,0,0,3,85,96,4,0,34,0,5,0,6,0,14,0,1,4,0,14,0,3,0,0,0,8,4,0,114,0,0,53,0,25,0,0,12,0,6,0,42,0,0,5,0,9,0,0,0,0,0,10,13,0,0,46,57,0,151,0,0,218,10,0,2,0,0,0,0,0,0,273,0,0,0,0,0,0,91,0,29,0,145,0,39,11,0,0,0,18,0,42,0,0,33,0,4,0,0,0,3,0,97,14,0,0,0,0,0,15,0,4,0,0,0,31,3,18,0,11,5,0,10,0,0,0,0,31,45,10,48,0,21,0,15,1,0,0,0,10,0,0,0,0,0,0,0,59,0,0,0,6,11,14,0,0,8,130,6,122,2,25,33,0,2,537,0,4,15,0,0,6,0,142,0,0,16,0,0,0,0,0,68,2,30,0,0,34,0,0,10,0,34,112,0,0,0,0,46,0,0,38,0,0,238,0,0,0,21,0,8,0,0,0,23,0,6,0,288,0,277,0,0,2,0,0,0,9,0,9,77,0,41,0,48,0,8,0,2,0,0,0,3,182,0,1,0,3,13,0,7,0,71,20,20,1,0,0,2,0,0,0,4,810,246,0,5,0,7,0,13,0,0,0,0,0,0,5,0,0,0,0,3,15,0,18,0,4,7,0,76,0,0,34,0,230,0,0,19,70,53,9,17,135,3,0,12,227,22,0,3,0,0,18,0,15,0,11,0,70,29,0,2,117,58,0,35,161,0,0,4,10,0,11
"D76",240,0,0,0,0,0,0,0,0,0,0,0,0,0,0,0,0,0,0,0,0,57,0,0,0,0,0,0,0,0,0,0,0,0,0,0,0,0,0,0,0,0,0,0,0,0,0,0,0,0,0,2,630,0,0,0,0,0,0,0,0,0,0,0,0,0,0,0,0,0,0,0,0,0,0,0,0,0,905,2,2,0,0,5,0,0,0,0,0,0,0,0,0,0,0,0,0,0,0,0,0,0,0,0,0,0,0,0,0,0,0,0,0,0,0,0,0,133,0,0,0,0,0,0,4,0,0,0,0,0,0,0,0,0,0,0,0,0,0,163,0,0,0,0,0,0,0,0,0,0,0,0,0,0,0,0,0,0,0,0,0,0,0,0,0,0,0,0,0,0,0,0,0,0,0,0,0,0,0,0,0,0,0,0,0,0,0,0,0,0,0,0,0,0,0,0,0,0,0,0,0,0,0,0,0,0,0,0,0,0,0,0,0,0,0,0,0,0,0,0,0,0,0,0,0,0,0,2,0,0,0,0,0,0,0,2,0,0,0,0,0,0,0,0,0,0,0,0,0,0,2,0,2,0,0,0,0,4,0,0,0,0,0,70,0,0,0,0,0,0,0,47,0,0,0,0,0,0,0,0,0,0,0,0,0,0,0,0,0,0,0,0,0,0,0,0,0,0,0,0,0,0,0,0,0,0,0,0,0,0,0,170,0,0,0,0,0,0,0,0,0,0,0,0,0,0,0,0,0,33,0,0,0,0,0,0,0,0,0,0,0,0,0,0,0,0,0,0,0,0,0,0,0,0,2,0,0,0,0,0,0,2,0,0,0,0,0,0,0,18,0,0,0,0,0,0,0,0,0,0,0,0,0,0,2,2,0,0,0,0,0,0,0,4,0,0,0,0,0,0,0,0,0,0,0,0,0,0,0,0,0,0,0,0,0,0,0,8,0,0,0,0,0,0,0,0,0,0,0,0,0,0,2,2,0,0,0,0,0,0,0,0,0,0,0,0,0,0,0,0,0,0,0,0,0,0,0,2,0,0,0,0,0,0,0,0,0,0,0,0,0,0,0,0,0,0,0,0,0,0,3,0,0,0,0,0,0,0,0,0,0,0,0,0,0,0,0,3,0,0,0,0,0,0,0,0,0,0,0,0,0,0,0,0,0,0,2,0,0,0,0,2,0,1266,0,0,0,0
"D77",0,0,0,0,0,0,0,0,0,0,0,0,0,0,0,0,0,0,0,0,0,0,0,0,0,0,0,0,0,0,0,0,0,0,0,0,0,0,0,0,0,0,0,0,0,0,0,0,0,0,0,0,0,0,0,0,0,0,0,0,0,0,0,0,0,0,0,0,0,0,0,0,0,0,66,0,0,0,0,0,0,0,0,0,0,0,0,0,0,0,0,0,0,0,0,0,0,0,0,0,23,0,0,0,0,0,0,0,0,0,0,0,0,0,0,0,0,0,0,0,0,0,0,0,0,0,0,0,0,0,0,0,0,0,0,0,0,0,0,0,0,0,0,0,0,0,0,0,0,0,0,0,0,0,0,0,0,0,0,0,0,0,0,0,0,0,0,0,0,0,0,0,0,0,0,0,0,0,0,0,0,0,0,0,0,0,0,0,0,0,0,0,0,0,0,0,0,0,0,0,0,125,0,0,0,0,0,0,0,0,0,0,0,0,0,0,0,0,0,0,0,0,0,0,0,0,94,0,0,0,0,0,0,0,0,0,0,0,0,0,0,0,0,68,0,0,0,0,0,0,0,0,0,0,0,0,0,0,0,0,0,0,0,0,0,0,0,0,0,0,0,0,0,0,0,0,0,0,0,0,0,0,0,0,0,0,0,0,0,0,0,0,0,0,0,0,0,0,0,0,0,0,0,0,0,0,0,0,0,0,0,0,0,0,0,3,0,0,0,0,0,0,0,0,0,0,0,0,0,0,0,0,0,0,0,0,0,0,0,85,0,0,0,0,0,0,0,0,0,0,0,0,0,0,0,0,0,0,0,0,0,0,0,0,0,0,0,0,0,0,0,0,0,0,0,0,0,0,0,0,0,0,0,0,0,0,0,0,0,0,0,0,0,0,0,0,0,0,0,0,0,0,0,0,0,0,2,0,3,0,0,0,0,0,0,0,0,0,0,0,0,0,0,0,0,0,0,0,0,135,0,0,0,0,0,0,0,0,0,0,554,0,0,0,0,0,0,0,0,0,0,0,0,0,0,0,0,0,0,0,0,0,0,0,0,0,587,0,0,0,0,0,0,0,0,0,0,0,0,0,0,0,0,0,0,0,0,0,0,0,0,12516,0,0,0,0,0,0,0,0,0,0,0,0,0,0,672,0,0,0,0,0,0,0,0,0,0,0,0,0,0,0,0,0,0,0,0,0
"D78",0,0,0,0,0,0,0,0,0,0,0,0,0,0,0,0,0,0,0,0,0,0,0,0,0,0,0,0,0,0,0,0,0,0,0,0,0,0,0,0,0,0,0,0,0,0,0,0,0,0,0,0,0,0,0,0,0,0,0,0,0,0,0,0,0,0,0,0,0,0,0,0,0,0,11,0,0,0,0,0,0,0,0,0,0,0,0,0,0,0,0,0,0,0,0,0,0,0,0,0,0,0,0,0,0,0,0,0,0,0,0,0,0,0,0,0,0,0,0,0,0,0,0,0,0,0,0,0,0,0,0,0,0,0,0,0,0,0,0,0,0,0,0,0,0,0,0,0,0,0,0,0,0,0,0,0,0,0,0,0,0,0,0,0,0,0,0,0,0,0,0,0,0,0,0,0,0,0,0,0,0,0,0,0,0,0,0,0,0,0,0,0,0,0,0,0,0,0,0,0,0,0,0,0,0,0,0,0,0,0,0,0,0,0,0,0,0,0,0,0,0,0,0,0,0,0,4,0,0,0,0,2,0,0,0,0,0,0,0,0,0,0,0,4,0,0,0,0,0,0,0,0,0,0,0,0,0,0,0,0,0,0,0,0,0,0,0,0,0,0,0,0,0,0,0,0,0,0,0,0,0,0,1,0,0,0,0,0,0,0,0,0,0,0,0,0,0,0,0,0,0,0,0,0,0,0,0,0,0,0,0,0,0,0,0,0,0,0,0,0,0,0,0,0,0,0,0,0,0,0,0,0,0,0,0,0,0,0,0,0,0,0,0,0,0,0,0,0,0,0,0,0,0,0,0,0,0,0,0,0,0,0,0,0,0,0,0,0,0,0,0,0,0,0,0,0,0,0,0,0,0,0,0,0,0,0,0,0,0,0,0,0,0,0,0,0,0,0,0,0,0,0,0,0,0,0,0,0,0,0,0,0,0,0,0,0,0,0,0,0,3,0,0,0,0,0,0,0,0,0,0,0,0,0,0,0,0,0,0,0,0,0,0,0,0,0,0,0,0,0,0,0,0,0,0,0,0,0,0,0,0,0,0,0,0,2,161,0,0,0,0,0,0,0,0,0,0,0,0,0,0,0,0,0,0,0,0,0,0,0,0,730,0,0,0,0,0,0,0,0,0,0,0,0,0,0,0,0,0,0,0,0,0,0,0,0,0,0,0,0,93,0,0,0,0,0,0,0
"D79",0,0,0,0,0,0,0,0,0,0,0,0,0,0,13,0,0,0,0,0,0,0,0,0,0,0,0,0,0,0,0,0,0,0,328,0,0,0,0,0,0,0,0,0,0,0,0,0,0,0,0,238,0,0,0,0,0,0,0,66,0,0,0,0,0,0,0,0,0,0,0,0,0,0,0,0,0,96,0,0,0,0,0,399,0,0,10,0,12,0,0,0,0,0,0,0,0,63,0,0,0,0,0,0,0,0,0,0,0,0,0,0,0,0,0,0,0,391,0,0,0,0,0,0,0,0,2,0,0,3,0,0,0,0,0,0,0,0,0,0,0,0,0,0,0,0,0,0,0,0,0,0,0,0,0,0,0,0,0,0,0,0,0,0,0,0,0,0,0,0,0,0,765,0,0,0,0,0,633,0,0,0,244,0,0,0,0,0,0,0,0,0,0,0,0,0,0,0,0,0,0,0,11,0,0,0,0,14,0,0,0,0,0,0,0,0,0,0,0,0,0,0,0,0,0,0,0,0,0,0,0,0,0,0,0,0,0,0,0,0,0,0,0,0,0,0,0,0,0,0,0,0,0,0,0,0,0,0,0,1,2,0,0,38,0,2,0,0,0,0,0,0,0,0,0,0,0,0,0,0,0,0,0,0,0,0,0,0,0,0,0,0,0,0,0,0,0,0,0,0,0,6,3,0,28,0,0,0,0,0,0,0,0,0,0,0,0,0,0,0,0,0,9,33,0,0,0,0,0,0,0,0,0,0,0,0,0,0,0,0,0,0,0,0,0,0,0,0,9144,0,0,0,0,0,0,5,0,24,0,335,0,0,0,0,0,0,0,0,0,0,0,0,0,491,0,0,0,0,0,0,0,0,0,0,0,1288,0,0,0,0,0,0,0,1503,0,0,0,0,0,0,1,0,0,0,0,0,29,0,0,0,0,0,0,0,0,0,0,0,1284,0,0,0,2,0,0,0,0,0,0,0,0,0,39,0,6,0,0,0,0,0,0,0,0,0,0,0,0,2,0,0,0,0,0,0,0,0,0,0,0,0,0,0,0,0,0,0,0,0,0,0,0,0,165,0,0,0,0,0,0,9,0,0,0,0,489,0,0,0,0,0,0,0,0,0,0,0,0,0,7,0,0,0,0,0,0,0,0,16,0,0,0,0,0,0,0,0,0,0,0,0,0,0,0,0,0,0,0,0
"D80",0,0,0,0,0,0,0,0,0,0,0,0,0,0,0,0,0,0,0,0,0,0,0,0,0,0,0,0,0,0,0,0,0,0,0,0,0,0,0,0,0,0,0,0,0,0,0,0,0,0,0,0,0,0,0,0,0,0,0,0,0,0,0,0,0,0,0,0,0,0,0,0,0,0,50,0,0,0,0,0,0,0,0,0,0,0,0,0,0,0,0,0,0,0,0,0,0,0,0,0,3,0,0,0,0,0,0,0,0,0,0,0,0,0,0,0,0,0,0,0,0,0,0,0,0,0,0,0,0,0,0,0,0,0,0,0,0,0,0,0,0,0,0,0,0,0,0,0,0,0,0,0,0,0,0,0,0,0,0,0,0,0,0,0,0,0,0,0,0,0,0,0,0,0,0,0,0,0,0,0,0,0,0,0,0,0,0,0,0,0,0,0,0,0,0,0,0,0,0,0,0,193,0,0,0,0,0,0,0,0,0,0,0,0,0,0,0,0,0,0,0,0,0,0,0,0,90,0,0,0,0,0,0,0,0,0,0,0,0,0,0,0,0,16,0,0,0,0,0,0,0,0,0,0,0,0,0,0,0,0,0,0,0,0,0,0,0,0,0,0,0,0,0,0,0,0,0,0,0,0,0,0,0,0,0,0,0,0,0,0,0,0,0,0,0,0,0,0,0,0,0,0,0,0,0,0,0,0,0,0,0,0,0,0,0,0,0,0,0,0,0,0,0,0,0,0,0,0,0,0,0,0,0,0,0,0,0,0,0,27,0,0,0,0,0,0,0,0,0,0,0,0,0,0,0,0,0,0,0,0,0,0,0,0,0,0,0,0,0,0,0,0,0,0,0,4,0,0,0,0,0,0,0,0,0,0,0,0,0,0,0,0,0,0,0,0,0,0,0,0,0,0,0,0,0,0,0,0,0,0,0,0,0,0,0,0,0,0,0,0,0,0,0,0,0,0,0,0,0,101,0,0,0,0,0,0,0,0,0,0,325,0,0,0,0,0,0,0,0,0,0,0,0,9,0,0,0,0,0,0,0,0,0,0,0,0,423,0,0,0,0,0,0,0,0,0,0,0,0,0,0,0,0,0,0,0,0,0,0,0,0,7697,0,0,0,0,0,0,0,0,0,0,0,0,0,0,55,0,0,0,0,0,0,0,0,0,0,0,0,0,0,0,0,0,0,0,0,0
"D81",6,26,52,0,60,11,27,0,0,0,0,0,0,0,8,4,21,0,5,0,104,0,116,392,4,0,0,0,0,8,0,30,0,92,0,0,3,8,0,1,10,27,69,0,0,0,1,2,2208,0,66,65,11,24,0,361,84,5,0,804,0,0,62,185,0,0,14,0,2,2,0,0,255,38,0,27,0,0,0,0,42,4,12,0,0,39,0,24,105,23,4,630,9,2,5,0,0,0,30,0,0,9,124,0,0,32,0,23,36,0,0,0,0,48,34,2,1,0,0,0,140,10,7,0,0,3,230,0,0,0,31,17,75,0,169,0,0,14,9,53,0,9,14,0,0,42,23,7,48,10,22,69,4,0,0,0,197,3,0,58,21,8,0,0,0,0,327,6,0,13,0,0,0,9,0,10,2,0,13,0,0,9,0,6,2,21,0,0,11,0,9,416,169,11,24,0,0,0,0,0,26,0,0,489,15,71,14,0,0,0,0,9,0,4,4,5,593,34,0,0,60,0,4,48,0,9,0,9,14,0,4,2,46,0,45,3,30,25,0,4,0,9,78,0,6,0,6,0,0,49,0,0,3127,0,16,79,22,4,2,0,4,25,3,0,63,12,1,23,15,794,14,0,50,149,308,0,0,1450,15,0,47,0,0,23,46,0,0,0,0,14,3,2,7,0,51,294,51,19,117,335,188,0,0,0,0,18,11,19,1,303,8,24,0,22,27,0,112,0,0,33,2,26,0,3,13,0,15,0,56,0,80,12,8,19,59,0,12,297,0,0,0,3,0,0,0,224,7,0,333,52,9,8,3,1216,0,0,0,0,0,0,8,15,66,0,0,0,0,30,0,152,14,11,0,0,0,0,3,0,6,51,10,0,538,7,0,0,881,105,0,0,11,23,40,0,0,3,3,13,0,0,75,0,0,27,4,32,0,0,43,0,0,29,0,0,106,3,0,0,0,0,0,93,0,73,8,2,5,0,0,0,21,24,6,7,0,0,0,699,39,0,0,0,0,0,2,0,36,74,10,26,50,122,76,0,0,5,24,55,270,25,388,36,8,0,0,0,0,12,22,27,0,11,0,2,12,4,10,3,0,806,0,21,2,0,0,119,22,529,14,13,0,0,23,55,13,17,12,204,0,35,18,0,11,77,10,0,1048,0,0,0,3,46,1,0,10,0,0,0,3,1,5,530,14,13,0,0,0,0
"D82",0,0,0,0,0,0,0,0,0,0,0,0,0,0,0,0,0,0,0,0,0,0,0,0,0,0,0,0,0,0,0,0,0,0,0,0,0,0,0,0,0,0,0,0,0,0,0,0,0,0,0,0,0,0,0,0,0,0,0,0,0,0,0,0,0,0,0,0,0,0,0,0,0,0,47,0,0,0,0,0,0,0,0,0,0,0,0,0,0,0,0,0,0,0,0,0,0,0,0,0,2,0,0,0,1,0,0,0,0,0,0,0,0,0,0,0,0,0,0,0,0,0,0,0,0,0,0,0,0,0,0,0,0,0,0,0,0,0,0,0,0,0,0,0,0,0,0,0,0,0,0,0,0,0,0,0,0,0,0,0,0,0,0,0,0,0,0,0,0,0,0,0,0,0,0,0,0,0,0,0,0,0,0,0,0,0,0,0,0,0,0,0,0,0,0,0,0,0,0,0,0,33,0,0,0,0,0,0,0,0,0,0,0,0,0,0,0,0,0,0,0,0,0,0,0,0,108,0,0,0,0,0,0,0,0,0,0,0,0,0,0,0,0,202,0,0,0,0,0,0,0,0,0,0,0,0,0,0,0,0,0,0,0,0,0,0,0,0,0,0,0,0,0,0,0,0,0,0,0,0,0,0,0,0,0,0,0,0,0,0,0,0,0,0,0,0,0,0,0,0,0,0,0,0,0,0,0,0,0,0,0,0,0,0,0,0,0,0,0,0,0,0,0,0,0,0,0,0,0,0,0,0,0,0,0,0,0,0,0,122,0,0,0,0,0,0,0,0,0,0,0,0,0,0,0,0,0,0,0,0,0,0,0,0,0,0,0,0,0,0,0,0,0,0,0,8,0,0,0,0,0,0,0,0,0,0,0,0,0,0,0,0,0,0,0,0,0,0,0,0,0,0,0,0,0,0,0,0,0,0,0,0,0,0,0,0,0,0,0,0,0,0,0,0,0,0,0,0,0,46,0,0,0,0,0,0,0,0,0,0,576,0,0,0,0,0,0,0,0,0,0,0,0,0,0,0,0,0,0,0,0,0,0,0,0,0,634,0,0,0,0,0,0,0,0,0,0,0,0,0,0,0,0,2,0,0,0,0,0,0,0,14392,0,0,0,0,0,0,0,0,0,0,0,0,0,0,53,0,0,0,0,0,0,0,0,0,0,0,0,0,0,0,0,0,0,0,0,0
"D83",0,0,0,0,0,0,0,0,0,0,0,0,0,0,0,0,0,0,0,0,0,0,0,0,0,0,0,0,0,0,0,0,0,0,0,0,0,0,0,0,0,0,0,0,0,0,0,0,0,0,0,0,0,0,0,0,0,0,0,0,0,0,0,0,0,0,0,0,0,0,0,0,0,0,0,0,0,0,0,0,0,0,0,0,0,0,0,0,0,0,0,0,0,0,0,0,0,0,0,0,0,1,0,0,5,0,0,0,0,0,0,0,0,0,0,0,0,0,0,0,0,0,0,0,0,0,0,0,0,0,0,0,0,0,0,2398,0,0,0,0,0,0,0,0,0,0,0,0,0,0,0,0,0,0,0,0,0,0,0,0,0,0,0,0,0,0,1,0,0,0,0,0,0,0,0,0,0,0,0,0,0,0,0,0,0,0,0,0,0,0,0,0,0,0,0,0,0,0,0,0,0,0,0,0,0,0,0,0,0,0,0,0,0,0,0,0,0,0,0,0,0,0,0,0,0,0,0,0,0,0,0,2,0,0,0,0,0,0,0,0,0,0,0,0,0,0,0,0,0,0,0,0,0,0,0,0,0,0,0,0,0,0,0,0,0,0,0,0,0,8,0,0,0,0,0,0,0,0,0,0,0,0,0,0,0,0,0,0,0,0,0,0,0,0,0,0,0,0,0,0,0,0,0,0,0,0,0,0,0,0,0,0,0,0,0,0,0,0,0,0,0,0,0,0,0,0,0,0,0,0,0,0,0,0,0,0,0,0,0,0,0,0,0,0,0,0,0,0,0,0,0,0,0,0,0,0,0,0,0,0,0,0,0,0,0,0,0,0,0,0,0,0,2,0,0,0,0,0,0,0,0,0,0,0,0,0,0,0,0,0,0,0,0,0,0,0,0,0,0,0,0,0,0,0,0,0,0,0,0,0,0,0,0,0,0,0,0,0,0,0,0,0,0,0,0,0,0,0,0,0,0,0,0,0,0,0,0,0,0,0,0,0,0,0,0,0,0,0,0,0,0,0,0,0,0,0,0,0,0,0,0,0,0,0,0,0,0,0,0,0,3,0,0,0,0,0,0,0,0,0,0,0,0,0,0,0,0,0,0,0,0,0,0,0,0,0,0,0,0,0,0,0,0,0,0,0,0,0,0,0,0,0,0,0,0,0,0,0,0,0,0,0,0,0,0,0,0,0
"D84",0,0,0,0,0,0,0,0,0,0,0,0,0,0,0,0,0,0,0,3,0,0,0,0,0,0,0,0,0,0,0,0,0,2,0,0,0,0,0,0,0,0,0,0,0,0,0,0,0,0,0,0,0,0,0,0,56,0,0,0,0,0,0,0,0,0,0,0,0,0,0,0,0,0,0,0,0,0,0,0,0,0,0,0,0,0,0,0,0,0,0,0,0,0,0,0,0,0,0,0,0,0,0,0,0,0,0,0,0,0,0,0,0,0,0,0,0,0,0,0,0,0,0,0,0,0,0,0,0,0,0,0,0,0,0,0,0,0,0,0,0,0,0,0,0,0,0,0,0,0,0,0,0,0,0,0,0,0,0,0,0,0,0,0,0,0,0,0,0,0,0,0,0,0,0,0,0,0,0,0,0,0,0,0,0,0,0,0,0,0,0,0,0,0,0,0,0,0,0,0,0,0,0,0,0,0,0,0,0,0,0,0,0,0,0,0,0,0,0,0,0,0,0,0,0,0,0,5,0,0,0,0,0,0,0,0,0,0,0,0,0,0,0,0,0,0,0,0,0,0,0,0,0,0,0,0,0,0,0,0,0,0,0,0,0,0,0,0,0,0,0,0,0,0,0,0,0,0,0,0,0,0,0,0,0,0,0,0,0,0,0,0,0,0,0,0,0,0,0,0,0,0,0,0,0,0,0,0,0,0,0,0,0,0,0,0,0,0,0,0,0,0,0,0,0,0,0,0,0,0,0,0,0,0,0,0,0,0,64,0,0,0,0,0,0,0,0,0,0,10,0,0,0,0,0,0,0,0,0,0,0,0,0,6,0,0,0,0,0,0,0,0,0,0,0,0,0,0,0,0,0,0,0,0,0,0,0,0,0,0,0,0,0,0,0,0,0,0,0,0,0,0,0,0,0,0,0,0,0,0,0,0,0,0,0,0,0,0,0,0,0,0,0,0,0,0,0,0,0,0,0,0,0,0,0,0,0,0,0,0,0,0,0,0,0,0,0,0,0,0,0,0,0,0,0,0,0,0,0,0,0,0,0,0,0,0,0,0,0,0,0,0,0,0,0,0,0,0,2,0,0,0,0,0,0,0,0,0,0,0,0,0,0,0,0,0,0,0,0,0,0,0,0,0,0,0,40,0,0,0,0,0,0,0,0,0,0,0,0,0,0,0,0,0,0,0,0,0
"D85",0,0,0,0,0,0,0,0,0,0,0,0,0,163,0,0,8,0,0,0,5,0,0,0,0,0,0,0,0,0,0,0,0,0,0,0,0,0,2,0,0,0,0,0,0,0,0,0,5,0,0,0,0,0,0,0,0,0,0,25,0,0,19,2,0,0,0,0,0,0,0,0,0,0,0,0,0,0,0,0,0,0,0,0,0,0,0,0,3,0,0,0,0,0,0,0,0,0,0,0,0,0,0,0,0,0,0,0,0,0,0,0,0,0,5,0,0,890,0,0,0,0,0,0,0,0,2,0,0,2,0,0,0,0,0,0,0,0,0,12,0,0,0,0,3,0,0,0,0,0,0,0,0,0,0,0,0,0,0,2,0,0,0,0,0,0,0,0,0,0,0,0,0,0,0,0,0,0,45,0,0,0,0,0,0,0,0,0,0,0,0,0,0,0,0,0,0,0,0,0,10,0,0,0,0,0,0,0,0,0,0,0,0,0,0,0,0,0,0,0,0,0,0,0,0,0,0,0,0,0,0,0,0,0,0,0,9,0,0,0,0,0,0,0,0,0,0,0,0,0,0,0,0,0,0,0,0,0,0,0,40,0,0,0,0,1,0,0,0,56,0,0,0,0,0,0,11,11,0,0,0,0,0,0,0,0,0,0,0,0,0,0,0,0,0,0,0,0,0,0,0,0,5,0,0,0,0,0,0,0,0,0,0,0,0,0,6,0,0,0,0,0,0,0,0,0,0,0,0,0,0,0,0,0,0,0,0,0,0,0,0,0,0,0,0,0,0,0,0,0,0,0,0,0,0,0,0,0,0,7271,0,0,0,0,0,0,0,0,0,0,0,0,0,9450,1,0,0,0,0,0,0,0,11,0,0,0,0,0,0,0,0,0,0,0,0,0,142,0,0,0,0,0,0,0,0,0,0,0,0,0,0,0,0,0,0,0,0,0,5175,0,0,0,0,0,0,0,116,0,0,0,0,0,0,0,0,0,0,0,0,0,0,9,0,0,0,0,0,0,0,0,0,0,0,0,0,0,0,0,0,0,0,0,12,0,0,0,0,0,0,0,0,0,0,0,0,0,0,0,0,153,0,0,0,0,381,0,0,0,0,0,0,0,0,0,0,0,0,0,0,0,0,182,0,3,0,0,0,17,0,0,3,0,0,0,0,0,0,0,0,0,0,0,0,0,0,0,0,0
"D86",1,41,0,0,4,20,14,0,0,8,0,0,131,0,4,23,0,9,48,11,3,0,9,41,6,10,4,0,0,0,8,112,6,1,0,10,0,40,0,5,12,94,185,40,80,30,31,0,10,0,9,280,0,32,0,21,13,6,0,45,0,0,93,4,0,0,0,0,0,0,0,5,72,34,0,0,18,0,0,0,0,0,37,0,0,34,0,0,2,0,0,0,54,38,9,37,0,10,0,0,0,5,241,7,0,7,0,0,0,0,0,0,0,13,72,8,13,0,100,0,3,5,36,0,0,0,5,0,0,0,0,2,10,8,8,0,0,0,0,11,4,7,22,0,10,0,3,23,19,8,62,2,0,16,0,22,30,0,7,12,3,0,9,0,0,2,79,4,8,0,0,0,0,4,0,42,20,12,6,0,6,7,0,0,20,35,0,70,9,3,21,38,17,0,12,0,0,16,1,16,0,0,49,136,0,106,0,0,3,0,5,0,0,0,0,0,28,19,0,0,0,0,148,12,14,0,0,0,5,0,12,0,12,0,8,6,27,0,0,3,8,1,36,0,0,0,1,2,0,5,50,1,213,0,0,29,4,0,3,0,28,1,0,0,81,59,0,1,14,25,38,0,36,333,5,0,68,7,46,2,5,14,0,44,0,16,3,0,5,47,12,4,33,0,40,266,0,0,34,33,12,0,0,68,1,0,34,4,0,74,2,0,8,11,11,25,24,0,0,0,6,0,3,0,1,0,0,0,31,0,3,18,0,21,3,3,1,114,38,0,58,58,0,0,188,1,4,4,0,49,3,6,48,0,3,0,7,0,0,0,0,0,6,86,0,45,0,15,0,4,3,18,0,0,5,0,13,0,5,51,57,0,0,0,0,0,16,3,0,0,22,14,33,0,11,23,0,5,0,0,0,17,10,0,0,69,0,0,28,0,2,6,244,1,32,7,0,0,0,0,0,5,0,0,17,0,0,0,197,0,0,0,31,30,0,0,1,199,31,2,0,4,8,1,0,7,87,9,7,0,2,191,16,0,0,2983,19,119,7,13,4,1,3,7,27,0,0,2,29,0,0,0,0,2,21,7,0,11,0,56,0,3,0,10,0,0,0,1,1,92,0,0,28,26,0,0,0,100,0,6,7,11,4,12,2,54,75,3,0,18,78,7,2,5,1,0,0,0,7,0,20,18,64,0,0,7,8,2
"D87",2,5,0,0,0,0,0,0,84,0,0,0,0,0,0,0,0,0,0,0,0,0,0,0,0,0,0,0,0,144,0,0,0,100,0,143,0,0,0,0,0,0,0,0,0,0,0,0,0,0,75,0,0,0,0,0,0,0,10,0,0,0,0,0,0,235,0,0,0,0,0,0,0,0,0,0,0,0,0,0,0,0,0,0,0,0,0,0,0,0,9,0,0,0,0,0,0,0,0,0,0,0,0,0,0,0,0,0,35,0,0,0,0,0,0,0,0,0,0,0,0,0,0,0,0,0,0,0,0,0,261,0,0,15,0,0,0,0,0,12,0,0,0,0,0,0,0,0,0,0,43,0,2,0,0,0,0,0,0,80,0,0,0,0,0,0,0,0,0,0,0,0,0,0,0,0,0,0,0,0,0,0,0,0,0,0,0,0,0,0,0,0,0,0,13,0,0,0,0,0,0,17,0,0,0,0,0,0,0,0,0,0,19,0,1,0,0,0,0,0,0,0,0,0,0,0,0,5,0,86,0,0,0,0,0,0,0,0,0,0,0,0,0,0,0,0,0,0,49,0,0,0,0,0,0,0,0,0,0,0,9,0,0,0,0,0,0,0,0,77,0,9,0,0,385,0,0,0,0,0,0,0,0,0,0,0,0,0,0,0,0,0,0,3,0,0,0,0,35,0,0,0,0,0,0,221,0,0,0,0,0,32,0,0,0,0,0,0,0,26,0,0,0,2,0,0,0,0,0,0,0,0,0,0,0,0,0,0,0,0,0,0,0,198,0,0,0,0,0,0,0,0,0,0,0,0,0,0,0,0,0,0,0,0,0,0,0,0,0,0,0,0,0,0,0,0,0,7,0,0,0,0,0,0,0,0,0,14,0,4,0,0,0,0,0,0,0,0,19,32,0,0,0,0,0,0,0,0,24,0,0,0,0,0,0,0,13,0,0,0,0,0,0,0,0,0,0,0,0,4,0,0,0,0,0,0,0,0,0,0,0,0,0,0,0,0,0,0,0,0,0,0,0,68,0,0,0,0,0,0,0,0,0,0,0,0,0,0,0,238,0,0,0,0,0,0,0,0,0,0,0,0,0,0,0,0,0,0,11,0,0,0,0,0,0,0,0,0,0,0,0,0,0,0,0,0,78,0,0,0,0,0,0,0,0,0,0,0,0,0,0,0,0,0,0,0,0,0
"D88",0,11,8,0,3,40,0,0,0,0,0,11,0,0,7,0,53,0,0,0,81,0,0,503,0,3,0,0,0,0,0,37,11,115,0,0,0,0,0,0,2,0,67,0,0,0,0,0,102,0,0,0,0,0,0,7,0,0,0,273,0,0,0,213,0,0,0,0,0,0,0,0,1,0,0,15,0,0,0,0,53,2,0,0,0,0,0,6,2,3,5,45,13,3,0,0,0,0,0,0,0,0,25,0,0,52,0,0,0,0,0,0,0,0,0,0,0,0,0,0,0,2,5,0,0,0,0,0,0,0,0,3,0,0,0,0,0,0,0,155,0,3,0,0,0,22,0,28,0,0,0,0,0,0,0,0,7,0,0,27,6,5,0,0,0,0,1,0,1,0,0,0,0,1,0,0,0,0,0,0,0,0,0,2,0,0,0,0,0,0,14,2,0,0,6,0,0,0,7,2,61,0,0,0,3,4,0,0,0,0,0,0,0,0,4,0,242,18,0,0,0,0,0,394,0,12,0,7,0,0,0,0,0,0,48,0,0,5,0,0,3,0,45,0,0,0,0,0,0,14,0,0,2968,0,0,0,0,0,0,0,17,0,0,0,110,3,0,0,0,69,4,0,0,0,56,0,0,675,14,0,0,0,0,0,10,0,12,0,0,0,0,0,0,0,0,10,2,2,0,0,220,0,0,0,0,24,0,4,0,68,0,19,40,0,31,0,376,0,0,3,0,0,0,0,1,0,0,0,3,0,8,0,0,0,44,0,0,0,0,0,0,9,0,0,0,15,0,3,0,0,0,0,0,1144,8,0,4,0,0,0,0,0,59,0,0,0,0,0,0,0,4,21,0,0,25,0,1,0,4,8,0,0,96,0,0,0,123,16,0,0,0,0,12,0,0,0,0,0,0,0,0,0,0,0,7,0,0,0,17,0,0,120,0,16,455,0,0,0,0,0,0,16,0,9,4,4,3,0,0,0,3,0,3,26,0,0,0,195,0,7,0,19,0,0,0,0,5,12,0,18,0,0,0,0,0,0,32,56,51,15,74,0,25,0,0,0,0,0,13,0,0,19,0,7,36,2,2,0,0,923,0,0,3,0,0,2,0,263,4,7,0,0,16,86,0,67,0,422,0,0,0,0,0,57,0,0,7,13,31,0,0,0,0,0,3,0,0,0,0,0,2,177,13,24,9,3,0,0
"D89",0,28,0,0,0,10,26,21,0,8,0,0,69,0,2,13,2,16,21,0,0,0,4,2,4,1,41,0,16,0,2,50,10,0,0,0,0,5,0,38,66,71,154,0,41,51,14,0,1,0,0,312,0,27,0,6,8,0,0,9,0,39,95,0,1,0,0,18,0,0,0,1,52,11,0,0,50,0,0,4,1,0,15,0,57,42,2,2,0,9,3,0,58,7,2,23,0,12,0,0,0,0,292,20,0,11,0,11,0,0,0,0,1,8,0,7,4,0,44,0,0,5,15,0,0,0,1,0,1,0,5,0,3,0,14,0,0,0,0,7,5,6,0,0,13,0,1,7,18,5,23,3,0,3,0,30,21,0,19,3,12,0,8,0,0,4,9,4,18,14,0,0,0,5,0,0,14,0,28,0,4,1,0,2,15,22,0,25,4,1,14,23,13,0,5,0,0,16,0,3,0,0,58,44,0,113,5,0,2,27,0,0,0,1,0,9,9,9,0,0,0,16,53,1,9,1,0,0,0,0,7,0,10,0,28,3,18,0,0,0,13,6,12,0,0,0,10,5,0,12,38,1,519,0,0,0,3,0,0,33,35,3,0,0,35,4,0,0,6,2,9,0,3,150,1,0,27,7,17,0,6,3,0,34,0,45,0,0,3,7,8,0,28,0,37,129,0,19,0,8,44,0,33,74,0,0,32,1,0,30,0,1,0,3,1,0,6,0,0,0,4,0,0,15,0,17,0,0,34,0,8,26,2,3,7,1,0,35,11,0,28,11,0,6,76,0,3,3,0,42,10,89,5,0,5,0,0,0,0,0,0,0,0,19,0,30,0,9,0,0,0,18,0,0,2,0,2,2,8,36,47,3,0,0,0,0,14,0,0,0,8,17,19,0,0,20,9,3,498,0,20,7,0,0,0,36,1,0,153,0,0,4,72,1,27,0,0,0,0,0,0,0,1189,0,5,0,0,0,403,0,2,0,15,11,0,0,114,139,11,1,0,0,11,2,0,9,99,8,2,10,0,193,8,0,0,311,20,9,11,13,0,4,0,4,4,0,0,23,26,0,0,1,2,2,6,8,0,0,367,10,0,3,2,309,0,0,0,9,0,109,0,0,26,7,0,1,0,91,4,11,0,3,0,10,0,16,44,2,20,40,37,6,0,2,0,0,0,0,6,0,14,11,84,0,0,0,0,0
"D90",9,11,7,0,0,4,0,0,0,3,0,3,196,0,0,0,0,0,4,26,0,0,4,3,6,8,3,0,0,12,3,42,0,0,0,9,3,0,0,0,0,0,12,0,58,3,5,0,2,0,0,14,0,0,0,0,0,5,0,6,0,0,25,3,0,0,7,2,3,4,0,4,47,0,0,1,4,0,0,0,13,9,8,0,0,22,0,0,0,0,5,0,8,6,0,15,0,3,3,0,0,0,57,0,0,2,0,5,6,13,0,0,0,12,0,8,5,0,114,0,3,0,18,0,0,3,0,0,0,0,0,22,10,1,3,0,0,33,9,8,7,7,0,0,0,3,3,9,29,2,5,47,0,0,0,14,12,4,0,1,0,4,2,0,0,0,0,12,7,4,4,0,0,0,0,0,0,9,0,3,3,0,0,2,7,18,106,14,2,2,2,9,18,0,4,0,0,4,8,0,0,0,0,621,5,45,8,0,6,0,2,2,0,2,0,4,0,10,0,0,0,0,29,8,1,9,0,4,11,0,3,0,17,0,21,0,0,6,0,4,0,0,11,0,3,0,4,5,3,4,18,8,55,0,0,0,1,0,3,0,0,6,2,0,8,0,0,6,3,2,10,0,14,0,1,0,0,0,25,6,11,0,0,66,28,4,3,0,0,107,2,5,15,0,16,35,20,0,2,0,24,0,0,0,0,0,61,0,0,8,1,0,0,8,23,25,11,0,0,0,2,16,0,0,22,0,4,0,38,0,5,2,2,0,2,0,13,82,0,0,2,0,0,7,7,0,0,0,5,111,0,56,0,15,1,0,3,0,0,0,0,22,30,19,0,0,0,0,0,45,2,0,0,0,0,0,2,0,2,3,39,0,3,5,0,0,72,2,0,0,2,0,3,0,14,10,2,40,12,0,2,2,0,2,2,20,2,0,18,4,8,2,52,3,5,12,0,0,0,0,0,5,4,21,0,0,2,0,0,0,2,4,0,13,0,0,0,180,0,2,0,17,2,6,4,0,17,22,7,5,8,20,0,0,0,16,0,20,1,4,8,8,4,2,0,0,0,21,0,2,0,2,0,0,8,2,0,9,0,7,0,6,0,2,0,0,3,3,5,25,0,0,0,0,17,0,4,73,0,2,0,0,25,7,0,0,10,5,0,1,0,21,0,0,10,0,0,0,0,0,0,290,3,0,4,0,5,7
"D91",0,0,0,0,0,0,0,0,0,0,0,0,0,0,0,0,0,0,0,0,0,0,0,0,0,0,0,0,0,0,0,0,0,0,0,0,0,0,0,0,0,0,0,0,0,0,0,10,0,0,0,0,0,0,0,0,0,0,0,0,0,0,0,0,0,0,0,0,0,0,0,0,0,0,0,0,0,0,0,0,0,0,0,0,7,0,0,0,0,0,0,0,0,0,0,0,0,0,0,0,0,0,0,0,0,0,0,0,0,0,0,0,0,0,0,0,0,0,0,0,0,0,0,0,0,0,0,0,0,0,0,0,0,0,0,0,0,0,0,0,0,0,0,0,0,0,0,0,0,0,0,0,0,0,0,0,0,0,0,0,0,0,0,0,0,0,0,0,0,0,0,0,0,0,0,0,0,0,0,0,0,0,0,0,0,0,0,0,0,0,0,0,0,0,0,0,0,0,0,0,0,0,0,0,0,0,0,0,0,1,0,0,0,0,0,0,0,0,0,0,0,0,0,0,0,0,0,0,0,0,0,0,0,0,0,0,0,0,0,0,0,0,0,0,0,0,0,0,0,0,0,0,0,0,0,0,0,0,0,0,0,0,0,0,0,0,0,0,0,0,0,0,0,0,0,0,0,0,0,0,0,0,0,0,0,0,0,0,0,0,0,0,0,0,0,0,0,0,128,0,0,0,9,0,0,0,0,0,0,0,0,0,0,0,0,0,0,0,0,0,0,0,0,0,0,0,0,0,0,0,0,0,0,0,0,0,0,0,0,0,0,0,0,0,0,0,0,0,0,0,0,0,0,0,0,0,0,0,0,0,0,0,0,0,0,0,0,0,0,0,0,0,0,0,0,0,0,0,0,0,0,0,0,0,0,0,0,0,0,0,0,0,0,0,0,0,0,0,0,0,37,0,0,0,0,0,0,0,0,0,0,0,0,0,0,0,0,0,0,0,0,0,0,0,0,0,0,0,0,0,0,0,0,0,0,0,0,0,0,0,0,0,0,0,0,0,0,0,0,0,0,0,0,0,0,0,0,0,0,0,0,0,0,0,0,0,0,0,0,0,0,0,0,0,0,0,0,0,0,0,0,0,0,0,0,0,0,0,0,0,0,0,0,0,0,0,0,0,0,0,0,0,0,0,0,0,0,0,0,0,0,0,0,0,0,0,0,0,0,0,0,0,0,0,0,0,0,0
"D92",0,0,0,0,0,0,0,0,0,0,0,0,0,0,0,0,0,0,0,0,0,0,0,0,0,0,0,0,0,0,0,0,0,0,0,0,0,0,0,0,0,0,0,0,0,0,0,0,0,0,0,0,0,0,0,0,0,0,0,0,0,0,0,0,0,0,0,0,0,0,0,0,0,0,0,0,0,0,0,0,0,0,0,0,0,0,0,0,0,0,0,0,0,0,0,0,0,0,0,0,0,0,0,0,0,0,0,0,0,0,0,0,0,0,0,0,0,0,0,0,0,0,0,0,0,0,0,0,0,0,0,0,0,0,0,0,0,0,0,0,0,0,0,0,0,0,0,0,0,0,0,0,0,0,0,3,0,0,0,0,0,0,0,0,0,0,0,0,0,0,0,0,0,0,0,0,0,0,0,0,0,0,0,0,0,0,0,0,0,0,0,0,0,0,0,0,0,0,0,0,0,0,0,0,0,0,0,0,0,0,0,0,0,0,0,0,0,0,0,0,0,0,0,0,0,0,0,0,0,0,0,0,0,0,0,0,0,0,0,0,0,0,0,18,0,0,0,0,0,0,0,0,0,0,0,0,0,0,0,0,0,0,0,0,0,0,0,0,0,0,0,0,0,0,0,0,0,0,0,0,0,0,0,0,0,0,0,0,0,0,0,0,0,0,0,0,0,0,0,0,0,0,0,0,0,0,0,0,0,0,0,0,0,0,0,0,0,0,0,0,0,0,0,0,0,0,0,0,0,0,0,0,0,0,0,0,0,0,0,0,0,0,0,0,0,0,0,0,0,0,0,0,0,0,0,0,0,0,0,0,0,0,0,0,0,0,0,0,0,0,0,0,0,0,0,2,0,0,0,0,0,0,0,0,0,0,0,0,0,0,0,0,0,0,0,0,0,0,0,0,0,0,0,0,0,0,12,0,0,0,0,0,0,0,0,0,0,0,0,0,0,0,0,0,0,0,0,0,0,0,0,0,0,0,0,0,0,0,0,0,2,0,0,0,0,0,0,0,0,0,0,0,0,15229,0,0,0,0,0,0,0,0,0,0,0,0,0,0,0,0,4,0,0,0,0,0,0,0,0,0,0,0,0,0,0,0,0,0,0,0,0,76,0,0,0,0,0,0,0,0,0,0,0,0,0,0,0,0,0,0,0,0,0,0,0,0,0,0,0,0,0,0,0,0,0,0,0,0
"D93",15,0,0,0,0,65,0,0,0,0,0,0,0,0,0,0,0,0,0,0,0,0,0,0,0,0,0,0,0,0,0,0,0,255,0,0,0,0,0,0,0,0,0,0,0,0,0,0,309,0,0,0,0,0,0,0,0,0,0,0,0,0,0,0,0,0,0,903,0,0,0,0,0,0,0,0,0,0,0,0,0,0,0,0,0,0,0,4,0,0,0,134,0,0,0,0,0,0,0,0,0,0,0,0,0,0,0,0,65,0,0,0,0,0,0,0,0,0,0,0,7,0,0,0,0,0,0,0,0,0,0,3,0,32,0,0,0,0,0,0,0,0,0,0,0,0,0,0,0,0,0,0,850,0,0,0,0,0,0,415,0,0,0,2,0,0,47,0,0,0,0,0,0,38,0,0,0,0,0,0,0,0,0,0,0,0,0,0,0,21,0,0,0,0,4,0,0,0,0,0,0,0,0,0,0,0,0,0,0,0,0,0,0,0,42,0,0,0,0,0,0,35,0,202,0,0,0,0,0,84,0,0,0,0,0,0,0,0,0,0,0,0,0,0,218,0,0,0,15,0,0,0,43,0,206,0,0,2,73,0,0,0,0,0,0,0,0,0,0,0,0,0,0,0,50,0,0,0,0,0,0,0,0,0,0,0,0,0,0,0,0,0,0,0,0,0,0,0,0,0,0,0,0,0,0,2,0,0,0,0,0,0,103,0,0,0,0,0,0,0,0,0,0,0,0,0,0,14,0,0,4,0,0,0,9,0,0,0,0,0,0,0,0,0,0,0,0,0,0,0,0,0,0,0,0,52,0,0,0,0,0,0,0,0,0,0,0,0,0,0,0,0,0,0,0,0,0,2,0,0,0,0,0,0,0,0,0,6,0,0,0,0,0,0,0,0,0,0,0,0,762,0,0,0,0,0,146,0,247,0,0,0,0,0,0,0,11,12,0,0,0,0,140,0,0,0,0,0,2,0,0,0,1,0,0,0,0,0,0,0,0,0,0,0,0,0,0,0,0,0,5,0,0,0,0,0,0,0,0,0,0,0,0,0,0,0,0,0,0,0,0,0,0,0,0,0,0,0,0,0,0,0,0,0,0,0,0,0,0,0,0,0,0,0,0,0,0,0,0,162,0,0,0,0,0,0,0,0,0,0,0,0,0,0,0,0,0,0,0,0,0,0,0,0,0,0,0,0
"D94",0,0,2,0,0,0,0,0,0,6,0,0,0,0,0,0,6,0,0,0,0,0,0,0,0,0,0,0,0,0,0,100,0,0,0,0,0,0,0,0,0,0,0,95,0,0,0,0,0,0,0,0,0,0,0,0,2,0,0,0,0,0,0,0,0,0,0,0,0,0,0,0,14,233,0,0,0,0,0,0,7,0,0,0,0,0,0,0,0,0,0,0,6,3,0,0,0,0,0,0,0,0,107,0,0,0,0,0,0,0,0,0,0,0,188,0,0,21,0,0,0,3,0,0,0,0,0,0,0,12,0,0,0,0,0,0,0,0,0,0,0,0,2,0,167,0,0,14,0,0,0,0,0,0,0,0,0,0,0,0,0,0,0,0,0,0,0,0,0,0,0,0,0,0,0,0,0,0,71,0,0,0,0,0,0,0,0,0,0,0,0,0,0,0,0,0,0,0,0,0,0,0,7,0,0,0,0,0,0,0,0,0,0,20,0,0,0,0,0,0,0,0,0,0,0,0,0,0,0,0,0,0,0,0,0,0,0,0,0,0,2,0,0,0,0,0,0,0,0,2,0,0,307,0,0,0,0,0,0,0,0,0,0,0,5,0,0,0,0,0,0,0,0,0,0,0,19,0,0,0,0,0,0,0,0,0,0,0,0,0,0,0,0,0,0,0,0,0,0,0,1,0,0,0,0,0,0,0,0,20,0,0,0,0,0,0,0,0,0,0,0,0,0,0,4,0,2,0,0,0,0,0,0,0,0,0,0,0,0,0,0,420,0,0,0,0,0,9,0,0,0,0,0,58,0,0,0,0,0,488,0,0,0,0,0,0,0,0,0,0,0,53,0,0,0,0,0,0,3,2,0,0,2,0,0,0,48,0,0,0,0,0,0,0,0,0,0,0,0,0,0,0,0,0,0,0,0,0,0,0,0,2,2,0,0,0,0,0,0,0,0,0,0,0,0,0,0,0,0,0,0,0,0,0,0,0,0,88,0,0,0,0,0,0,0,0,0,0,0,0,3,0,0,0,0,0,0,2,0,0,40,0,0,0,0,0,0,0,0,0,0,0,0,5,0,0,0,0,0,74,0,0,0,0,53,0,0,17,0,0,0,0,0,0,0,3,0,0,0,0,0,8,0,0,10,0,4,0,0,0,762,0,0,0,0,0,0,0,0,0,0,0,0,0,2,0,0,0
"D95",0,0,0,0,0,0,0,0,0,0,0,0,0,0,0,0,0,0,0,0,0,0,0,0,0,0,0,0,0,0,0,0,0,0,207,0,0,0,0,0,0,0,0,0,0,0,0,0,0,187,0,0,0,0,0,0,0,0,0,0,0,0,0,0,0,5451,0,75,0,0,0,0,0,0,0,0,0,0,0,0,0,0,0,0,0,0,0,0,0,0,0,0,0,0,0,0,0,0,0,0,0,0,0,0,239,0,133,0,0,0,0,0,0,0,0,0,0,0,0,0,0,0,0,79,0,0,0,0,0,0,0,0,0,0,0,0,101,0,0,0,0,0,0,0,0,0,0,0,0,0,0,0,0,0,17,0,0,0,0,0,0,0,0,0,0,0,0,0,0,0,0,271,0,0,0,0,0,0,0,0,0,0,0,0,0,0,0,0,0,0,0,0,0,0,0,9,0,0,0,0,0,52,0,0,0,0,0,0,0,0,0,0,75,0,0,0,0,0,0,0,0,0,0,0,0,0,0,0,0,0,0,39,0,0,0,0,0,0,0,0,0,0,0,0,70,0,0,0,103,0,0,0,115,0,160,0,0,0,0,0,0,0,0,0,0,0,0,0,0,0,0,0,0,0,0,0,0,0,0,0,0,0,68,0,0,0,0,0,0,0,0,0,0,0,0,0,0,0,281,0,0,0,0,0,0,0,0,0,0,0,0,0,0,0,0,0,0,0,0,0,0,0,0,0,0,0,0,0,0,0,0,0,0,0,0,0,0,0,0,0,0,0,0,0,0,0,0,0,19,0,0,0,0,0,0,0,0,0,0,0,0,0,0,0,0,0,0,0,0,0,0,0,0,0,0,0,0,0,0,0,0,0,0,0,0,0,0,0,0,0,0,0,0,0,0,0,0,0,0,0,185,0,0,0,0,0,0,0,0,0,0,0,0,0,0,0,0,0,0,0,0,0,73,0,0,0,0,54,0,0,0,0,0,0,0,0,0,0,0,0,0,0,0,0,0,0,0,0,0,0,0,0,0,147,15,6882,0,0,0,0,0,0,0,0,0,0,0,0,0,0,44,0,0,0,0,0,0,0,306,0,0,0,0,0,0,0,0,0,0,0,0,0,0,0,0,0,0,0,682,27,0,0,0,0,0,0,4,0,0,0,0,0,0,0,0,0,0,0,0,0,0,0,0,0,0,0,881,0
"D96",0,0,0,0,0,0,0,0,0,0,0,0,0,0,0,0,0,0,0,0,0,0,0,0,0,0,0,0,0,0,0,0,0,148,0,0,0,0,0,0,0,0,0,0,0,0,0,0,0,0,0,0,0,0,0,0,0,0,0,0,0,0,0,0,0,0,0,0,0,0,0,0,0,0,0,0,0,0,0,0,0,0,0,0,0,0,0,0,0,0,0,0,0,0,0,0,0,0,0,0,0,0,0,0,10,0,0,0,0,0,0,0,0,0,0,0,0,0,0,0,0,0,0,0,0,0,0,0,27,0,0,0,0,0,0,0,0,0,0,0,0,0,0,0,0,0,0,0,0,0,0,0,0,0,0,0,0,0,0,0,0,0,0,0,0,0,0,0,0,0,0,0,0,0,0,0,0,0,0,0,0,0,0,0,0,0,0,0,0,0,0,0,0,0,0,0,0,0,0,0,0,0,0,0,0,0,0,0,0,0,0,0,0,0,0,0,0,0,0,0,0,0,0,0,0,0,0,0,0,0,0,0,0,0,0,0,0,0,123,0,0,0,0,0,0,0,0,0,0,0,0,0,0,0,0,0,0,0,0,0,0,0,0,0,0,0,0,0,0,0,0,0,0,0,0,0,0,0,0,0,0,0,0,0,0,0,0,0,0,0,0,0,0,0,0,0,0,0,0,0,0,0,0,0,0,0,0,0,0,0,0,0,0,0,0,0,0,0,0,0,0,0,0,0,0,0,0,0,0,0,0,0,0,0,0,0,0,0,0,0,0,0,0,0,0,0,0,0,0,0,0,0,0,0,0,0,0,0,0,0,0,0,0,0,0,0,0,0,0,0,0,0,0,0,0,0,0,0,0,0,0,0,0,0,0,0,0,0,0,0,0,0,0,0,0,0,0,0,0,0,0,0,0,0,0,0,0,0,0,0,0,0,0,0,0,0,0,0,0,0,0,0,0,0,0,0,0,0,0,0,0,0,0,0,0,0,0,0,0,0,0,0,0,0,0,0,0,0,0,0,0,0,0,0,0,0,0,0,0,0,0,0,0,0,0,0,0,0,0,0,0,0,0,0,0,0,0,0,25,0,0,0,0,0,0,0,0,0,0,0,0,2,0,0,0,0,0,0,0,0,0,0,0,0,0,0,1,0,0,0,0,0,0,0,0,0,0,0,0,0,0,0,0,0,0,0,0,0
"D97",8,0,3,0,0,0,0,0,2,0,0,0,0,3,0,0,0,0,0,0,0,3,2,0,0,0,0,0,0,0,0,0,0,6,0,0,0,0,0,0,0,0,0,0,0,5,0,0,0,2,0,0,4,0,0,0,0,0,2,0,0,0,0,14,0,0,0,0,0,0,0,0,6,0,0,0,0,0,6,0,0,0,3,0,0,0,0,0,0,0,1,0,0,0,0,0,0,0,0,0,25,0,0,0,0,0,0,0,11,0,0,0,0,0,0,0,0,0,0,0,7,0,0,0,0,0,0,0,0,0,0,0,0,4,0,0,10,0,0,11,0,0,0,0,0,0,0,0,0,0,0,0,0,0,0,0,0,0,0,26,0,0,0,18,0,0,0,0,0,0,0,4,0,3,0,0,0,0,0,0,0,0,0,0,0,0,3,0,0,0,0,6,0,11,0,0,0,0,0,0,0,10,0,0,0,0,0,0,0,0,0,0,10,0,19,0,0,0,0,0,0,0,0,0,0,0,0,0,0,0,0,0,0,0,0,0,0,0,0,0,0,0,0,0,0,2,0,0,6,0,0,0,0,0,3,0,0,0,0,0,6,0,11,0,0,0,0,0,0,0,0,0,0,0,18,16,0,0,0,0,0,0,0,5,0,0,0,2,0,0,0,0,0,4,0,0,2,0,0,0,0,0,19,0,0,12,0,0,0,0,0,3,0,0,0,0,0,0,0,2,0,0,0,0,0,0,0,0,0,0,2,62,0,0,0,0,0,0,0,0,0,0,6,0,0,0,0,0,2,0,0,0,0,0,0,2,0,0,0,0,0,0,0,0,4,0,0,0,0,0,0,0,0,0,0,0,0,0,0,0,0,0,0,0,0,0,0,7,0,0,0,0,0,0,0,0,0,0,0,0,2880,0,0,0,0,0,0,0,36,0,0,0,0,3,0,0,0,0,0,0,0,0,0,0,0,0,0,0,0,15,0,0,0,0,0,0,0,0,0,0,0,0,0,0,0,0,0,0,2,0,0,0,0,27137,0,0,0,4,0,0,0,0,0,0,0,0,0,0,0,0,0,0,0,0,0,0,0,0,0,0,0,0,0,0,0,2,0,0,0,0,0,3,0,0,0,0,0,5,2,2,0,0,0,0,0,0,0,0,4,0,0,0,0,0,0,0,0,0,0,5,0,0,0,6,0,0,0,3
"D98",0,16,0,0,0,0,0,0,0,0,0,0,0,0,130,0,0,0,0,0,0,0,0,0,0,0,0,0,0,0,0,0,0,0,0,0,82,0,0,0,0,0,28,0,140,0,66,0,0,0,0,39,0,0,0,338,0,0,0,0,0,0,0,22,0,0,0,0,0,0,0,0,0,0,0,0,0,0,0,0,210,0,0,0,0,0,0,0,0,0,0,0,0,0,0,0,0,0,0,0,0,0,14,99,0,0,1,0,0,0,0,0,0,0,0,0,0,0,0,0,0,0,0,0,0,0,0,0,0,0,0,0,0,0,0,1,0,0,0,0,0,0,0,0,0,0,0,0,174,0,0,57,6,0,0,0,0,0,0,115,0,0,0,0,0,0,0,0,0,0,0,0,0,0,0,0,0,0,0,0,0,0,0,0,0,0,0,0,0,0,39,0,103,0,0,0,0,0,0,0,0,121,0,73,0,0,0,0,0,0,0,0,0,83,0,0,47,0,0,0,0,0,0,0,0,0,0,0,4,0,0,0,0,0,0,0,0,0,0,0,0,0,23,0,0,0,0,0,0,0,0,0,356,0,0,0,0,0,0,0,0,0,0,0,0,0,0,0,0,5250,0,0,0,0,0,0,0,0,0,0,0,0,0,0,0,0,0,0,0,0,0,0,0,0,174,0,0,0,0,0,0,0,0,0,0,0,28,0,0,0,0,0,0,0,0,142,0,0,0,0,0,0,0,0,0,0,0,0,0,0,0,0,0,88,0,28,208,0,0,0,0,245,22,0,0,0,0,0,252,61,0,0,0,0,0,0,0,0,0,0,0,0,0,124,0,0,0,0,0,0,0,0,0,0,0,0,0,0,0,98,39,0,0,0,0,0,100,0,0,7,0,46,0,0,20,0,0,0,0,0,0,0,0,0,0,0,0,0,0,0,0,0,0,0,0,0,0,0,0,0,0,0,0,0,0,0,0,0,0,0,0,0,0,6,0,0,0,309,706,0,0,0,0,0,0,0,0,0,249,0,0,660,0,318,0,0,0,0,25,0,0,0,0,0,0,0,0,0,0,54,0,0,0,0,31,0,0,0,0,90,0,0,0,0,0,0,0,0,0,0,0,0,0,0,0,0,0,202,0,0,0,0,0,161,0,43,1209,0,0,0,0,0,0,0,0,0,0,0,0,0,0,0,0,0,15,0,0,0
"D99",28,103,0,0,0,3,0,0,0,0,0,0,0,0,0,0,0,0,0,0,0,0,0,0,0,0,0,0,16,0,0,0,0,2,9,0,0,0,0,0,0,0,0,0,0,0,0,1,0,0,2,0,0,0,0,0,0,0,10,0,0,0,0,0,0,67,0,0,0,0,0,0,0,0,0,0,0,0,0,7,0,0,0,0,0,0,0,2,0,0,0,0,0,0,0,0,0,0,0,0,0,0,0,0,0,0,0,0,1374,0,0,0,0,0,0,0,0,0,0,0,0,0,0,0,0,0,0,0,0,0,5,0,0,112,0,0,17,0,0,16,0,0,0,0,0,0,0,0,0,0,0,0,16,0,0,0,0,0,0,558,0,0,0,0,0,0,0,0,0,0,0,0,0,0,0,0,0,0,0,0,0,0,0,0,0,0,0,0,0,84,0,0,0,0,57,0,0,0,0,0,0,13,0,0,0,0,0,0,0,0,0,0,0,0,288,0,0,0,0,0,0,0,0,0,0,0,0,1,0,630,0,0,0,0,0,0,0,0,0,0,0,0,0,0,0,0,0,0,119,0,0,0,0,0,0,0,0,0,1,0,18,0,0,4,0,0,0,0,0,4,0,28,0,0,258,0,0,0,0,0,0,0,0,0,0,0,0,0,0,0,0,0,0,26,0,0,0,0,6,0,0,0,0,0,0,156,0,0,0,0,0,1314,4,0,0,0,0,0,0,356,0,0,0,0,0,0,0,0,0,0,0,0,0,0,0,0,0,0,0,0,0,0,0,58,0,0,0,0,0,0,0,0,0,0,0,0,0,0,0,0,0,0,0,0,0,0,0,0,0,0,0,0,0,0,0,0,0,0,0,0,0,0,0,0,0,0,0,83,0,8,0,0,0,0,0,0,0,0,0,46,0,0,0,0,0,0,0,0,61,0,0,0,0,0,0,0,34,0,0,0,0,0,0,0,0,0,0,0,0,0,0,6,0,0,0,0,0,0,0,0,0,193,0,0,0,0,0,0,0,0,0,0,0,6,0,0,0,5,0,0,0,0,0,0,0,0,0,0,0,166,0,0,0,0,0,0,0,0,0,0,0,0,0,0,0,29,0,0,131,0,0,4,0,0,0,0,0,2,0,0,0,0,0,0,0,0,204,0,0,0,0,0,0,0,0,0,0,0,0,15,0,0,0,0,0,0,9,0
"D100",3,63,93,0,0,4,7,0,0,0,0,0,52,0,0,0,0,0,0,2,0,0,7,0,8,12,7,0,0,32,0,40,0,0,0,8,0,0,0,0,4,0,9,0,1,32,4,4,0,0,51,67,0,0,0,0,0,8,0,0,0,0,10,0,0,0,4,5,0,4,0,0,6,0,0,35,6,0,0,0,23,2,36,0,2,17,0,0,0,0,3,0,27,16,1,0,0,2,4,0,0,58,116,0,0,0,0,9,2,44,0,0,0,87,0,0,3,0,0,0,4,3,67,0,0,1,0,0,0,0,0,3,0,0,10,0,0,7,24,11,4,2,0,0,0,49,5,6,0,11,0,95,12,5,0,7,25,0,0,23,0,2,4,0,0,3,45,2,6,66,15,0,0,0,3,0,0,0,0,0,3,0,0,0,25,66,16,13,3,0,0,43,0,0,3,0,0,0,12,3,0,0,0,63,11,73,0,0,2,0,0,6,0,0,0,2,0,0,0,0,0,0,19,0,0,5,0,15,4,0,0,0,16,0,12,17,0,3,0,6,3,0,2,0,0,9,4,0,10,0,0,10,109,0,0,0,4,30,0,0,2,9,2,2,76,0,0,13,4,21,8,2,2,18,2,0,0,23,52,0,21,0,0,44,13,0,2,0,0,0,3,14,0,0,13,303,7,0,30,0,5,0,0,32,3,0,6,0,11,64,16,0,0,3,18,20,18,0,0,3,5,0,4,0,7,7,6,0,31,0,16,0,8,0,0,0,0,118,4,0,9,0,0,0,0,0,2,0,0,261,20,67,3,38,4,0,0,0,0,0,0,44,52,10,2,0,0,0,0,73,0,0,0,0,0,0,0,0,3,0,41,2,0,0,0,0,98,6,0,0,6,12,0,0,11,3,0,3,18,0,2,66,0,2,19,30,0,0,10,7,2,0,144,0,12,50,0,2,0,0,0,6,0,3,0,0,0,0,0,0,2,0,0,0,0,0,3,603,0,4,0,0,0,6,2,0,37,4,16,0,3,8,0,2,0,0,2,77,43,2,0,37,0,0,5,0,0,4,21,34,0,0,0,4,3,0,0,27,0,4,0,4,0,8,0,0,1,0,4,159,0,0,24,2,13,0,26,71,0,0,0,0,8,0,0,5,29,0,19,4,0,205,1,12,17,0,0,2,4,0,0,498,0,4,3,0,77,0
"D101",0,0,0,0,0,0,0,0,0,0,0,0,0,0,0,2,0,0,0,0,0,0,0,0,0,0,0,0,0,0,0,0,0,0,33,0,0,0,0,0,0,0,0,0,0,0,0,26,0,0,91,0,0,0,0,0,0,0,15,0,0,0,0,0,0,23,0,0,0,0,0,0,0,0,33,0,0,0,0,0,0,0,0,0,0,0,0,0,0,0,0,0,0,0,0,0,0,0,0,0,0,0,0,0,0,0,0,0,58,0,0,0,0,0,54,0,0,5,0,0,0,0,0,0,0,0,0,0,0,0,0,0,0,2,0,0,1,0,0,0,0,0,0,0,0,0,0,0,0,0,1,0,74,0,0,0,0,0,0,133,0,0,0,3,0,0,20,0,0,0,0,2,0,0,0,0,0,0,0,0,0,0,0,0,0,0,0,0,0,72,0,0,0,9,0,0,0,0,0,0,0,7,0,0,0,0,0,0,0,0,0,3,0,0,15,0,0,0,0,0,0,0,0,2,0,0,2,2,0,92,0,0,0,0,0,0,0,0,0,0,0,0,0,13,0,0,0,0,6,0,0,0,0,0,0,0,0,0,0,0,0,0,0,3,0,0,0,0,0,0,0,0,0,0,30,0,0,0,0,0,0,0,0,0,0,0,0,0,0,0,0,0,0,107,0,0,0,0,0,0,0,0,0,0,0,20,0,0,0,0,0,44,156,0,0,0,0,0,0,5,0,0,0,0,0,0,0,0,0,0,0,0,0,0,0,0,0,0,0,37,0,0,0,7,0,0,0,0,0,0,0,0,0,0,0,0,0,0,0,0,0,0,0,0,0,0,0,0,0,0,0,0,0,0,0,0,0,0,0,0,0,0,0,0,0,0,0,6,0,0,0,0,0,0,0,0,0,0,0,8,0,0,0,0,0,0,0,0,3,0,0,0,0,0,0,0,1,0,0,0,0,0,0,0,0,0,0,0,0,0,0,6,0,0,0,0,0,0,0,0,33,40,0,0,0,0,0,0,0,0,0,0,0,0,0,0,0,0,0,0,0,0,0,0,0,0,53,0,0,6,0,0,0,0,0,0,0,0,0,0,0,0,0,0,0,120,0,0,11,0,0,809,0,0,0,0,0,0,17,0,0,0,0,0,0,0,115,0,0,0,0,0,0,0,0,0,0,0,0,0,0,0,0,0,0,0,0,0
"D102",1,0,498,0,0,0,0,0,0,0,0,0,0,0,0,0,0,0,5,0,0,0,0,0,0,0,0,0,0,0,0,0,0,0,0,62,0,0,0,0,0,0,0,0,0,0,0,0,0,0,0,0,0,0,0,0,0,0,0,0,0,0,0,0,0,0,0,0,0,0,0,0,0,0,0,0,0,0,0,0,0,0,0,0,0,0,0,20,0,0,0,0,0,0,0,0,0,0,0,0,0,25,0,0,10,51,0,0,0,307,0,0,0,0,0,0,0,0,0,0,0,0,0,0,0,0,0,0,0,0,0,0,0,0,0,0,0,0,0,0,0,0,0,0,0,0,0,0,0,0,0,0,0,0,9,0,0,0,0,0,0,0,0,0,0,0,0,0,0,4,0,0,0,0,0,0,0,0,0,0,0,0,0,0,0,0,0,0,0,0,0,12,0,0,1,0,0,0,0,0,0,0,0,0,0,0,0,0,0,0,0,0,0,0,0,0,0,0,0,0,0,0,113,0,0,42,0,0,0,0,0,0,0,0,0,0,0,0,0,0,0,0,0,0,0,0,0,0,0,0,0,0,0,0,0,0,0,0,0,0,0,0,0,0,0,0,0,0,0,0,0,0,0,0,0,0,0,0,0,0,0,0,0,0,0,0,0,0,0,0,0,0,0,0,0,0,0,0,0,0,0,0,0,0,0,0,0,0,0,3947,0,0,0,0,364,0,0,0,0,0,0,0,0,0,0,0,0,0,0,0,0,0,0,0,0,0,0,0,0,0,0,0,0,0,0,0,0,0,0,0,0,0,0,0,0,0,0,0,0,0,0,0,0,0,0,0,0,0,0,0,0,0,0,0,0,0,0,0,0,0,0,0,0,0,0,0,0,0,0,0,0,0,0,0,0,0,0,0,0,0,0,0,0,0,0,0,0,0,0,0,0,0,2,0,12,0,0,0,0,0,0,0,0,0,0,0,0,0,0,0,0,0,0,0,0,0,0,0,0,0,0,0,0,0,0,0,0,0,0,0,0,46,0,0,0,0,0,0,0,0,0,0,0,0,0,0,0,0,0,0,0,0,0,0,0,0,0,0,0,0,0,0,0,0,0,0,0,0,0,0,0,0,0,0,0,0,0,0,0,0,0,0,0,0,0,466,3,0,0,0,0,0,0,0,0,0,0,0,0,0,0,0,0,0,0,0,0,23
"D103",1,15,3,0,0,4,4,3,0,0,0,0,55,0,11,6,5,24,26,3,4,0,3,32,0,9,1,0,0,0,3,12,0,14,0,0,0,16,0,0,7,85,114,14,65,27,16,0,23,0,5,146,5,14,0,4,2,3,0,20,0,0,36,6,0,0,0,0,0,0,0,2,37,20,0,0,18,0,0,0,1,0,28,0,1,26,0,0,3,1,0,5,36,84,4,51,0,4,0,0,0,5,233,9,0,9,0,21,0,0,0,0,2,9,0,3,5,0,53,0,15,0,22,0,0,9,17,0,0,72,20,0,5,5,9,0,0,0,0,36,14,3,29,0,4,0,7,11,12,5,34,0,9,3,0,14,17,14,15,2,3,2,17,0,3,1,53,10,31,0,0,0,0,2,0,39,10,8,2,3,4,2,0,2,38,20,0,22,5,0,11,24,5,0,4,0,0,14,0,15,0,3,103,70,0,67,5,0,2,0,0,2,0,0,0,2,6,16,0,16,0,0,112,3,12,0,0,0,0,0,9,0,8,0,16,18,65,0,0,3,12,2,15,0,0,0,3,2,0,4,41,4,141,0,0,28,3,0,0,1,161,3,0,14,73,154,2,5,6,27,26,0,44,181,9,0,47,10,19,2,0,7,0,36,5,45,0,0,14,0,23,2,19,0,33,188,1,2,0,58,0,0,0,58,3,0,27,0,2,61,3,0,0,3,10,5,9,0,0,2,8,0,5,4,2,0,0,0,30,0,6,11,0,8,4,0,5,47,26,0,62,17,0,0,96,4,7,12,0,40,5,18,10,0,0,0,0,0,0,0,0,0,1,8,0,17,0,6,0,0,1,7,0,0,4,0,5,0,4,19,23,0,0,0,0,0,14,1,0,0,27,13,16,0,5,16,0,0,0,0,0,6,2,0,0,11,0,0,28,0,3,5,122,0,45,4,0,0,0,0,0,1,1,1,21,0,0,0,193,0,0,0,10,33,0,0,1,153,21,0,0,0,10,0,0,10,62,9,2,13,0,126,4,0,0,8124,19,120,6,11,1,0,0,3,49,0,0,11,32,0,0,0,0,6,13,11,0,5,89,49,0,0,2,11,0,3,0,15,1,68,0,0,15,29,0,0,0,64,0,4,2,39,3,3,5,83,27,4,0,19,49,8,4,16,0,0,0,0,4,0,87,8,38,0,0,10,0,0
"D104",0,0,0,0,0,0,0,0,0,0,0,0,0,5,0,0,85,0,0,0,7,0,0,0,0,0,0,0,0,0,0,0,0,0,0,0,0,0,20,0,0,0,0,0,0,0,0,0,113,0,0,4,0,0,0,0,0,0,0,0,0,0,173,0,0,0,0,0,0,0,0,0,0,0,0,0,0,100,0,0,0,0,0,158,0,0,145,0,5,0,0,3,0,0,0,0,0,10,0,0,0,0,0,0,0,0,0,0,0,0,0,0,0,0,0,0,0,1072,0,0,0,0,0,0,0,0,0,0,0,17,0,0,0,0,0,0,0,0,0,0,0,0,0,0,0,0,0,0,0,0,0,0,0,0,0,0,0,0,0,0,0,0,0,0,0,0,0,0,0,0,0,0,0,0,0,0,0,0,121,0,0,0,0,0,0,0,0,0,0,0,0,0,0,0,0,0,0,0,0,0,1,0,601,0,0,0,0,0,0,0,0,0,0,0,0,0,0,0,0,0,0,0,0,0,0,0,0,0,0,0,0,5,0,0,0,0,31,0,0,0,0,0,0,0,0,0,0,0,0,0,0,0,4,0,0,0,0,0,0,3,319,0,0,0,0,0,0,0,0,0,0,0,0,0,0,0,11,0,0,0,0,0,0,0,0,0,0,0,0,0,0,0,0,0,0,0,0,0,0,0,0,0,0,0,0,0,0,0,0,0,0,0,0,0,0,0,17,0,0,0,0,0,0,17,0,0,0,0,0,0,0,0,0,0,0,0,0,0,0,0,0,0,0,0,0,0,0,0,13,0,0,0,0,0,0,0,0,0,0,725,0,0,0,0,0,0,0,0,0,0,0,0,0,13918,0,0,0,0,0,0,0,0,58,0,0,0,0,0,0,0,0,0,0,0,0,0,3,0,0,0,0,0,0,0,0,0,0,0,0,0,0,0,0,0,0,0,0,0,0,3,0,0,4,0,0,0,16,0,0,0,0,0,55,0,0,0,0,0,0,0,0,0,0,0,0,0,0,0,0,0,0,0,0,0,0,3,0,0,0,0,0,0,0,0,0,0,0,0,0,0,0,0,0,0,0,0,0,0,0,22,0,0,0,0,0,0,0,0,0,0,0,0,0,0,0,0,0,0,0,13,0,10858,0,0,0,0,0,26,0,0,1,0,0,0,0,0,0,0,0,0,1,0,0,0,0,0,0,0
"D105",0,0,0,0,0,0,0,0,0,0,0,0,0,0,0,0,0,0,0,0,0,0,0,0,0,0,0,0,0,0,0,0,0,0,0,0,0,0,0,0,0,0,0,0,0,0,0,0,0,0,0,0,0,0,0,0,14,0,0,0,0,0,0,0,0,0,0,0,0,0,0,0,0,0,0,0,0,0,0,0,0,0,0,0,0,0,0,0,0,0,0,0,0,0,0,0,4,0,0,0,0,0,0,0,0,0,0,0,0,0,0,0,0,0,0,0,0,0,0,0,0,0,0,0,0,0,0,0,0,0,0,0,0,0,0,0,0,0,0,0,0,0,0,0,0,0,0,0,0,0,0,0,0,0,0,0,0,0,0,0,0,0,0,0,0,0,0,0,0,0,0,0,0,0,0,0,0,0,0,0,0,0,0,0,0,0,0,0,0,0,0,0,0,0,0,0,0,0,0,0,0,0,0,3,0,0,0,0,0,0,0,0,0,0,0,0,0,0,0,0,0,0,0,0,0,0,0,0,0,0,0,0,0,0,0,2,0,0,0,0,0,0,0,0,0,0,0,0,0,0,0,0,0,0,0,0,0,0,0,0,0,0,0,0,0,0,0,0,0,0,0,0,0,0,0,0,0,0,1,0,0,0,0,0,0,0,0,0,0,0,0,0,0,0,0,0,0,0,0,0,0,0,0,0,0,0,0,0,0,0,0,0,0,0,0,0,0,0,0,0,0,0,0,0,0,0,0,0,0,0,0,0,0,0,0,0,0,0,6,0,0,0,0,0,0,0,0,0,0,6,0,0,0,0,0,0,0,0,0,0,0,0,0,0,0,0,0,0,0,0,0,0,0,0,0,0,0,0,0,0,0,0,0,0,0,0,0,0,0,0,0,0,0,0,0,0,0,0,0,0,0,0,0,0,0,0,0,0,0,0,0,0,0,0,0,0,0,0,0,0,0,0,0,0,0,0,0,0,0,0,0,0,0,0,0,0,3,0,0,0,0,0,0,0,0,0,0,0,0,0,0,0,0,0,0,0,0,0,0,0,0,0,0,0,0,0,0,0,0,0,0,0,0,0,0,0,0,0,0,0,0,0,0,0,0,0,0,0,0,0,0,0,0,0,0,3,0,0,0,0,0,0,0,0,0,0,12,0,0,0,0,0,0,0,0,0,0,0,0,0,0,0,0,0,0,0,0,0
"D106",0,0,0,0,0,0,0,0,0,0,0,0,0,0,0,0,0,0,0,0,0,0,0,0,0,0,0,0,0,0,0,0,0,0,0,0,0,0,0,0,0,0,0,0,0,0,0,0,0,0,0,0,0,0,0,0,0,0,0,0,0,0,0,0,0,0,0,0,0,0,0,0,0,0,0,0,0,0,0,0,0,0,0,0,0,0,0,0,0,0,0,0,0,0,0,0,0,0,0,0,0,0,0,0,0,0,0,0,0,0,0,0,0,0,0,0,0,0,0,0,0,0,0,0,0,0,0,0,0,0,0,0,0,0,0,0,0,0,0,0,0,0,0,0,0,0,0,0,0,0,0,0,0,0,0,0,0,0,0,41,239,0,0,0,0,0,0,0,0,0,0,118,0,0,0,0,0,0,0,0,0,0,0,0,0,0,0,0,0,0,0,0,0,0,0,0,0,0,0,0,0,0,0,0,0,0,0,0,0,0,0,0,0,0,0,0,0,0,0,0,0,0,0,0,0,0,0,0,0,0,0,113,0,0,0,0,0,0,436,0,0,0,0,0,0,0,0,0,0,0,0,0,0,0,0,0,0,0,0,0,0,0,0,0,0,0,0,0,0,1946,0,0,0,0,0,0,0,0,0,0,0,0,0,0,0,0,0,0,0,0,0,0,0,0,0,0,0,0,0,0,0,44,0,0,0,0,0,0,0,0,0,0,0,0,0,0,0,0,0,0,0,0,0,0,0,0,0,0,0,0,0,0,0,0,0,0,0,0,0,0,0,0,0,0,0,0,0,0,0,0,0,0,0,0,0,0,0,0,0,0,0,0,0,0,0,0,0,0,0,0,0,0,0,0,0,0,0,0,0,0,0,0,0,0,0,0,0,0,0,0,0,0,0,0,0,0,0,0,0,119,0,0,0,0,0,0,0,0,0,0,0,0,0,0,0,0,36,0,0,0,0,0,0,0,0,0,0,0,0,0,0,0,0,0,0,0,0,0,0,0,0,0,0,0,0,0,0,0,0,0,0,0,0,0,0,0,0,0,0,0,0,0,0,0,0,0,0,0,0,0,0,0,0,0,0,0,0,0,0,0,0,0,0,0,0,0,0,0,0,0,0,0,0,0,0,0,0,0,0,0,0,0,0,0,0,46,0,0,0,0,0,0,0,0,0,0,0,0,0,0,0,0,0,0,0,0,0,0
"D107",0,0,0,0,0,0,0,0,0,0,1042,0,0,0,0,0,0,0,0,0,0,0,0,0,0,0,0,0,0,0,0,0,0,0,0,0,0,0,0,0,0,0,0,0,0,0,0,0,0,0,0,0,0,0,4324,0,0,0,0,0,0,0,0,0,0,0,0,0,0,0,0,0,0,0,0,0,0,0,0,0,0,0,0,0,0,0,0,0,0,0,0,0,0,0,0,0,0,0,0,0,0,0,0,0,0,0,0,0,2,0,0,0,0,0,0,0,0,0,0,0,0,0,0,2,0,0,0,0,0,0,0,0,0,0,0,0,0,0,0,0,0,0,0,2,0,0,0,0,0,0,0,0,0,0,0,0,0,0,0,0,0,0,0,0,0,0,0,0,0,0,0,0,0,0,0,0,0,0,0,0,0,0,0,0,0,0,0,0,0,0,0,0,0,0,0,0,0,0,0,0,0,0,0,0,0,0,0,0,0,0,0,0,0,0,0,0,0,0,0,0,0,0,0,0,0,0,0,0,0,0,0,2,0,0,0,0,0,0,0,0,0,0,0,0,3,0,0,0,0,0,0,0,0,0,2,0,0,0,0,0,0,0,0,0,0,0,0,0,0,11,0,0,0,0,0,0,0,0,0,0,0,0,0,0,0,0,0,0,0,0,0,0,0,0,0,0,0,0,6,0,0,0,0,0,0,0,0,0,0,0,0,0,0,0,0,0,0,0,0,0,0,0,0,0,0,0,0,0,0,0,0,0,0,0,0,0,0,0,0,0,0,0,0,0,0,0,0,0,0,0,0,0,0,0,0,0,0,0,0,0,0,0,0,0,0,0,0,0,0,0,0,0,0,0,0,0,0,0,0,0,0,0,0,0,0,0,0,0,0,0,0,0,0,0,0,0,0,0,0,10,0,0,0,0,0,0,0,0,824,0,0,0,0,0,0,0,0,0,0,3,0,0,0,0,0,0,0,0,0,0,0,0,0,0,0,0,0,0,0,0,0,0,0,0,0,0,0,0,0,0,0,0,0,0,0,3,0,0,0,0,0,0,0,0,0,0,0,0,0,0,0,0,0,0,0,0,0,0,3,0,0,0,0,0,0,0,0,0,0,0,0,0,0,0,0,0,0,0,0,0,0,0,0,0,0,0,1,0,0,0,0,0,0,0,0,0,0,0,0,0,0,0,0,0,0,0,0,0
"D108",0,0,0,0,0,0,15,0,0,0,0,0,8,0,3,0,0,0,0,1,0,0,37,24,19,0,0,0,0,45,0,0,0,9,0,0,0,0,0,0,0,17,1,0,48,0,6,0,8,0,10,9,0,0,0,0,1,35,0,0,0,0,0,0,0,0,3,0,0,0,0,0,151,410,0,0,0,0,0,0,0,0,142,0,0,0,0,0,8,0,0,0,0,7,4,0,0,0,0,0,0,0,60,0,0,0,0,27,2,0,0,0,10,0,0,0,0,0,0,0,0,0,4,0,0,0,0,0,0,0,0,5,2,0,0,0,0,0,0,9,0,0,0,0,0,3,0,5,824,3,0,0,0,0,0,0,22,0,0,6,0,0,0,0,0,2,62,0,0,1,0,0,0,0,0,12,6,0,0,4,0,0,0,0,0,38,5,0,0,0,0,205,0,0,0,0,0,0,0,0,0,0,0,0,0,26,2,0,0,0,0,2,18,0,0,0,507,0,0,0,0,0,0,1,0,2,0,0,0,0,0,0,63,0,0,0,0,1,0,0,5,0,26,0,0,0,0,0,0,23,12,0,386,0,0,3,0,0,0,0,2,83,0,0,0,0,0,0,0,4,0,0,7,15,2,0,0,4,0,0,0,0,0,0,2,0,0,0,0,391,0,0,299,0,105,0,0,0,0,5,46,0,0,40,0,0,0,0,0,0,0,0,0,0,10,7,14,0,0,0,4,1,0,0,0,0,0,0,11,0,0,0,0,19,0,0,3,79,0,0,15,33,0,0,0,0,0,0,0,151,4,0,0,0,3,0,0,0,0,2,0,0,0,0,0,0,0,0,0,18,0,0,0,0,2,0,0,0,0,120,0,0,1,0,0,0,0,0,0,0,0,0,1,0,0,0,0,6,0,0,0,0,0,0,0,0,0,0,0,0,0,0,0,0,0,38,0,0,0,0,0,14,0,0,0,30,0,0,0,0,0,0,2,2,0,0,0,1189,174,3,0,0,1,0,0,0,50,69,12,12,15,2,704,0,0,0,17,2,0,1,0,70,0,2,3,0,0,18,0,0,0,0,0,3,0,0,0,0,0,22,0,0,0,0,0,0,0,0,0,7,0,0,17,0,0,1,0,29,0,0,0,0,6,26,0,0,2320,2,0,0,0,0,0,0,0,0,0,0,0,0,0,99,0,0,12,0,235,0
"D109",21,2,0,0,0,2,0,0,2,0,0,0,0,1,0,13,0,0,0,0,0,0,0,2,0,0,0,0,0,0,0,0,0,2,21,0,0,0,7,0,0,0,0,0,0,0,0,0,0,0,108,0,0,0,0,0,0,0,0,2,0,0,0,3,0,0,0,0,0,0,0,0,0,0,0,0,0,0,2,0,0,0,0,0,0,0,0,0,0,6,29,0,0,0,0,0,0,1,0,0,0,0,0,0,0,0,0,0,109,0,0,0,0,0,30,0,0,0,0,0,0,0,0,0,0,0,5,0,0,0,0,0,0,19,0,0,0,0,0,167,0,0,0,0,0,0,0,0,0,0,298,0,0,0,0,0,0,0,0,762,0,0,0,0,0,0,88,0,0,0,0,0,0,0,0,0,0,0,0,0,0,0,0,0,0,0,0,0,0,0,0,0,0,0,34,0,0,0,0,0,10,8,0,0,0,0,0,0,0,0,0,485,0,0,27,0,0,0,0,0,0,0,0,0,0,0,0,3,0,110,0,0,0,0,0,0,0,0,0,0,0,0,0,0,0,13,0,0,10,0,0,0,0,0,0,0,0,0,2,0,15,0,1,0,0,0,2,0,0,3,0,5,0,0,1165,0,0,0,0,0,0,0,0,0,0,0,0,5,0,0,0,0,0,33,0,0,0,0,0,0,0,0,0,0,0,80,0,24,0,0,0,586,14,0,0,0,0,0,0,113,0,0,0,19,0,0,0,2,0,0,0,0,0,0,0,0,0,0,0,0,0,0,0,0,0,0,0,0,0,0,0,0,0,0,0,7,0,0,0,0,0,0,0,0,124,0,0,0,0,0,0,0,0,0,104,0,0,0,0,0,0,0,0,0,0,0,0,25,0,0,0,0,0,0,0,0,0,0,0,0,0,0,0,0,0,0,0,0,3,0,0,0,0,3,2,13,6,0,0,0,0,0,0,0,0,0,0,0,0,2,0,4,0,0,0,0,1,0,0,0,0,0,0,0,0,0,0,0,0,0,0,0,0,0,0,0,0,0,0,0,0,0,0,0,0,0,5,0,0,12,0,3,0,0,0,0,0,4,0,5,0,0,2,0,10,32,0,0,55,0,0,42,0,0,0,0,0,4,0,0,0,0,0,0,0,0,43,0,0,0,0,0,0,0,0,0,0,0,0,6,0,0,0,3,0,0,0,0
"D110",0,0,0,1382,0,0,0,0,0,0,131,0,0,6,0,0,0,0,0,0,0,0,0,0,0,0,0,19,0,0,0,0,0,0,0,0,0,0,0,0,0,0,0,0,0,0,0,0,0,35,11,15,9,0,0,0,0,0,0,0,6,0,0,0,0,0,0,0,0,0,6,0,0,0,0,0,0,0,0,0,0,0,0,7,0,0,0,0,0,0,0,0,0,0,0,0,0,0,0,405,28,0,0,0,1603,0,1049,0,0,0,92,315,0,18,0,0,0,0,0,413,0,0,0,151,0,0,0,59,28,0,0,0,0,0,0,0,15,0,0,0,0,0,0,225,0,0,0,0,0,0,0,0,0,0,2598,0,0,0,0,9,0,0,0,12,0,0,0,0,0,0,0,0,0,0,14,0,0,0,0,0,0,0,0,0,0,0,0,0,0,0,0,0,0,0,0,113,5,0,0,0,0,56,0,0,0,0,0,0,0,0,0,0,10,0,0,0,0,0,31,0,0,119,0,0,0,0,0,0,0,0,0,4707,0,302,0,0,0,0,54,0,0,0,0,0,0,0,0,0,0,0,0,0,0,81,0,0,0,23,8,0,0,0,0,0,0,0,0,0,0,13,0,0,0,0,0,51,0,0,0,0,0,0,89,0,0,0,0,0,0,0,0,0,0,5,0,0,0,0,146,0,0,0,0,0,0,0,0,0,0,0,0,0,40,0,0,0,0,2,185,0,0,0,0,0,0,0,0,0,0,0,0,0,0,0,0,0,0,0,0,0,0,0,212,0,0,0,0,0,0,0,0,0,0,0,0,0,0,0,0,0,0,0,0,0,0,0,35,0,116,0,0,0,0,0,0,0,0,0,0,0,0,0,0,0,0,0,0,0,0,0,0,0,0,0,0,0,0,0,0,0,173,0,0,0,0,0,0,398,0,0,0,0,0,0,3,0,0,0,0,4,53,0,0,0,0,0,9,47,0,0,0,0,0,0,0,0,0,0,0,0,0,0,0,0,0,0,0,0,0,0,0,0,0,584,0,0,0,0,0,0,0,0,0,0,0,78,0,0,0,0,85,0,0,0,0,0,0,0,0,0,0,0,0,0,7,0,0,0,0,0,444,0,0,0,0,0,0,0,0,0,0,0,0,0,0,0,0,0,0,0,0,0,0,0,0,387,0,0,0,0,0,0,0,0,0,0,54,0
"D111",0,0,0,0,0,0,0,0,0,0,0,0,0,0,0,0,0,0,0,0,0,0,0,0,0,0,0,56,0,0,0,0,0,0,0,0,0,0,0,0,0,0,0,0,0,0,0,0,0,0,0,0,0,0,0,0,0,0,0,0,0,0,0,0,0,0,0,0,0,0,38,0,0,0,0,0,0,0,0,0,0,0,0,0,0,0,0,0,0,0,0,0,0,0,0,0,0,0,0,5401,0,0,0,0,0,0,0,0,0,0,1025,639,0,0,0,0,0,0,0,50,0,0,0,0,0,0,0,0,0,0,0,0,0,0,0,0,0,0,0,0,0,0,0,0,0,0,0,0,0,0,0,0,0,0,0,0,0,0,0,0,0,0,0,0,0,0,0,0,0,0,0,0,0,0,0,0,0,0,0,0,0,0,0,0,0,0,0,0,0,0,0,0,0,0,0,0,102,0,0,0,0,0,0,0,0,0,0,0,0,0,0,0,0,0,0,0,0,0,0,0,0,0,0,0,0,0,0,0,0,0,0,18985,0,0,0,0,0,0,0,0,0,0,0,0,0,0,0,0,0,0,0,0,0,0,0,0,0,0,0,0,0,0,0,0,0,0,0,0,0,0,0,0,0,0,0,0,0,0,0,0,0,0,20,0,0,0,0,0,0,0,0,0,0,0,0,0,0,0,0,0,0,0,0,0,0,0,0,0,0,0,0,0,0,0,0,0,0,0,38,0,0,0,0,0,0,0,0,0,0,0,0,0,0,0,0,0,0,0,0,0,0,0,0,0,0,0,0,0,0,0,0,0,0,0,0,0,0,0,0,0,0,0,0,0,0,0,0,0,209,0,0,0,8,0,0,0,0,0,0,0,0,0,0,0,0,0,0,0,0,0,0,0,0,0,0,0,0,0,0,0,0,0,0,0,0,0,0,620,0,0,0,0,0,0,0,0,0,0,0,0,1,0,0,0,0,0,0,0,0,0,0,0,0,0,0,0,0,0,0,0,0,0,0,0,0,0,0,0,0,0,0,0,0,0,0,0,0,0,0,0,0,0,0,0,0,71,0,0,0,0,0,0,0,0,0,0,0,0,0,0,0,0,0,0,0,0,0,0,0,0,37,0,0,0,0,0,0,0,0,0,0,0,0,0,0,0,0,0,0,0,0,0,0,0,0,34,0,0,0,0,0,0,0,0,0,0,0,0
"D112",2,7,0,1107,2,10,0,0,1713,3,9,4,3,0,0,0,0,0,0,0,0,55,1,0,0,0,6,71,0,0,0,0,1,21,5,0,0,0,5,0,0,0,0,0,0,0,0,0,0,369,16,0,18,0,12,0,6,0,0,0,3764,0,0,10,5,0,0,18,0,2,331,0,3,0,0,4,0,0,54,2,0,0,0,0,3,1,0,10,0,0,23,0,0,0,0,0,0,3,0,568,8,4,0,0,4068,0,246,0,9,3,1582,435,0,8,0,7,0,0,0,966,0,0,0,109,0,0,0,117,233,0,2,0,0,6,3,0,2,8,14,0,0,0,0,1141,0,0,0,0,0,0,0,2,104,0,1439,3,0,0,0,23,0,0,0,4,0,0,64,0,0,0,0,9,0,2,19,0,0,0,0,0,0,0,0,0,0,0,3,0,0,4,2,0,0,1,4,1060,120,0,12,0,0,30,0,5,0,0,0,0,0,2,0,0,391,0,4,0,2,0,170,0,0,35,0,0,0,0,0,5,10,0,0,4882,0,117,0,4,0,0,13,3,0,0,10,0,48,0,0,0,1,0,0,0,16,998,25,0,0,7,55,0,0,0,6,0,0,0,0,0,0,0,0,6,2,0,39,50,0,0,4,0,4,0,156,7,3,0,0,26,0,0,0,0,0,1,0,0,6,0,346,0,0,0,2,0,0,95,3,0,0,6,0,1,49,0,1,0,0,71,148,3,0,0,0,0,0,265,0,41,9,0,6,45,0,0,2,0,0,0,0,0,0,0,2015,12,0,2,0,0,18,0,0,0,2,0,0,4,0,0,0,0,0,2,0,0,0,0,101,0,199,3,0,0,53,0,0,0,0,2,0,3,0,0,0,0,0,0,0,0,111,15,0,23,0,0,0,0,0,4,0,127,129,8,0,0,0,0,8,165,31,26,0,0,0,11,0,0,2,0,0,792,663,0,13,0,0,0,0,186,0,0,0,3,0,0,0,81,38,1,2,0,24,8,0,0,0,0,0,0,0,0,0,7,0,63,17,300,0,10,2,0,0,0,0,0,0,318,0,0,4,4,82,0,0,0,3,0,0,0,0,0,4,0,3,0,0,0,0,0,0,0,187,0,0,0,1,0,0,0,8,36,0,0,0,0,0,6,0,0,0,3,0,0,0,0,0,190,0,0,0,5,0,5,0,5,0,0,0,0
"D113",0,0,0,0,0,0,0,1,0,0,0,0,0,0,0,0,0,0,0,0,0,26,0,0,0,0,0,0,0,0,0,0,0,0,0,0,0,0,0,0,0,0,0,0,0,0,0,5,0,0,18,0,34,0,0,0,0,2,0,0,0,423,0,0,0,0,0,0,0,0,0,0,0,0,0,0,0,0,0,0,0,0,0,0,0,0,3,0,0,0,5,0,0,0,0,0,0,0,0,0,0,0,0,0,0,0,0,0,0,0,0,0,0,0,0,0,0,0,0,0,6,0,0,0,0,0,0,0,0,0,1,0,0,0,0,0,0,0,0,0,0,0,0,0,0,0,0,0,0,0,12,0,0,0,0,0,0,4,13,4,0,0,0,0,0,0,0,0,0,0,0,513,0,0,0,0,0,0,0,0,3,0,0,0,4,0,0,0,0,0,0,0,0,0,0,0,0,0,0,0,0,0,0,0,4,0,0,0,0,0,0,0,0,0,0,0,0,0,0,25,0,1,0,0,0,0,0,36,0,0,0,5,0,0,0,0,0,0,0,0,0,0,0,0,0,0,0,0,0,0,0,0,12,0,0,0,0,0,2,0,0,0,0,0,0,3,4,4,0,7,0,26,0,0,4,0,0,0,0,0,0,0,0,0,0,0,0,0,0,0,0,0,0,0,0,0,0,0,0,0,0,0,0,0,0,12,0,0,0,0,0,149,0,0,0,0,0,0,0,0,0,0,0,2,7,0,0,0,0,0,0,0,0,0,0,0,0,0,0,0,0,0,0,0,0,0,0,0,18,0,0,0,0,0,0,15,0,0,0,0,0,0,0,0,0,0,0,2,0,0,0,0,0,0,0,0,0,0,0,0,0,387,0,0,2,2,5,0,0,0,0,0,0,0,0,0,7,0,0,0,0,0,0,4,0,0,0,0,0,0,0,0,0,0,2622,0,0,2,0,0,0,0,0,0,0,0,0,0,0,0,0,0,0,0,0,0,0,0,0,0,0,0,0,0,0,0,0,0,0,0,0,0,0,0,0,0,0,0,0,0,0,0,0,0,0,0,0,0,1,0,0,0,0,0,0,0,0,0,0,0,4,0,2,0,0,4,0,0,0,0,0,0,0,0,3,0,0,6,0,2,0,0,0,0,0,0,0,0,0,0,0,0,0,0,0,0,0,2,0,2,0,4,0,4,0,0,0,0
"D114",3,50,90,0,3,6,32,0,0,0,0,2,1131,0,16,0,0,0,0,0,0,0,23,0,51,18,101,0,0,109,6,68,0,0,0,4,0,0,0,2,38,0,46,0,42,0,18,0,1,0,15,81,1,0,0,0,0,101,0,2,0,0,33,0,0,3,13,0,5,15,0,5,51,0,0,26,24,0,0,0,28,17,61,0,22,57,0,0,0,2,10,0,54,2,7,4,0,0,1,0,0,97,356,0,0,0,0,31,14,75,0,0,8,13,0,47,18,0,0,0,9,3,80,0,0,1,0,0,0,0,0,10,19,0,17,0,0,34,89,38,59,13,0,0,0,0,12,1,9,9,0,329,0,12,0,38,16,0,2,2,0,2,6,0,10,10,14,30,7,27,20,0,0,0,0,0,0,4,0,0,17,2,0,7,86,169,118,39,4,0,0,143,5,0,2,0,0,10,23,30,0,0,0,532,33,125,12,0,3,0,3,3,0,1,0,9,0,7,0,0,0,2,85,17,1,0,0,62,5,0,12,0,23,88,27,26,0,2,0,26,2,2,0,0,17,33,12,37,9,0,18,24,401,0,0,0,0,69,0,0,0,9,0,0,116,0,2,24,44,0,26,0,2,105,17,0,0,60,59,2,12,0,0,108,75,36,36,0,0,0,8,19,18,0,0,546,138,0,25,0,105,0,0,17,5,0,25,0,6,75,0,0,0,0,43,74,20,0,0,2,29,7,8,0,35,8,47,1,33,0,92,3,30,0,0,0,5,118,29,0,0,0,0,0,0,6,16,0,0,628,26,116,13,0,5,0,2,0,0,0,0,138,182,21,1,6,0,22,0,342,6,4,0,0,3,0,1,0,6,9,543,2,0,5,0,0,392,3,0,0,0,4,4,0,52,38,0,25,11,1,35,38,0,24,22,32,1,0,5,3,14,0,517,5,3,37,0,0,0,0,0,38,0,0,21,0,0,0,3,0,2,2,7,0,0,0,0,789,0,0,0,0,0,33,10,2,207,31,47,16,7,5,0,0,0,0,7,19,7,6,1,12,15,0,68,0,0,17,0,26,0,0,0,7,11,3,0,23,0,65,0,3,0,29,0,0,0,12,23,401,0,0,66,29,12,3,15,146,0,0,0,0,35,3,0,0,24,0,13,0,0,204,14,0,43,0,0,0,1,0,0,1630,0,0,0,4,307,1
"D115",2,0,0,199,0,0,0,0,46,0,5,0,0,0,0,0,0,0,0,0,0,6,0,0,0,0,0,131,14,19,0,0,2,9,29,0,0,0,1,0,21,0,0,0,0,0,0,8,0,0,10,23,3,0,23,0,0,0,8,0,21,0,0,3,0,7,0,0,0,0,685,0,0,0,0,0,0,0,0,1,0,0,0,0,0,0,0,0,0,0,0,0,0,0,0,0,0,0,0,440,4,0,0,0,1173,0,67,0,1,6,866,190,0,0,0,0,2,0,0,210,4,0,0,70,0,0,0,0,105,0,0,0,0,2,0,0,0,2,0,2,0,0,2,181,0,3,0,0,0,0,0,0,18,0,382,0,2,0,0,33,0,0,0,8,0,0,1,0,0,0,0,1743,0,0,18,0,0,0,0,0,0,0,0,0,0,0,0,0,0,3,0,0,0,0,0,0,176,0,0,0,0,3,0,0,0,0,0,0,0,0,0,0,0,0,0,0,0,0,4,0,0,8,0,0,0,0,5,2,0,0,0,5694,0,1933,0,0,0,0,19,0,0,0,0,0,24,0,0,0,3,0,0,0,0,0,3,0,0,13,15,0,0,0,2,0,0,0,0,0,0,0,0,3,0,0,5,9,0,1,0,0,0,0,99,0,0,0,0,5,0,0,0,0,0,7,0,0,0,0,10152,0,0,0,0,0,0,34,0,0,8,4,0,3,0,0,0,0,0,2,247,6,0,0,0,0,0,0,0,0,0,0,2,18,0,0,0,0,0,0,0,0,4,0,96,0,0,0,0,0,0,0,0,0,0,0,0,0,0,0,0,0,0,0,0,0,0,0,38,0,249,0,0,0,207,0,0,0,0,2,0,0,0,2,0,0,0,0,0,2,1,13,0,1,0,0,0,0,0,0,0,0,0,0,0,0,0,0,6,483,17,9,0,0,0,2,0,0,0,0,0,69,133,0,27,0,0,0,0,0,0,0,0,2,0,0,0,0,2,0,0,0,0,0,0,0,0,3,0,0,0,0,0,0,0,0,135,68,0,0,0,0,0,0,0,0,0,1075,0,0,2,4,22,0,0,0,0,0,0,0,0,2,0,0,0,0,0,6,0,0,2,0,111,0,0,0,0,0,0,4,6,0,0,0,0,0,0,0,0,0,2,4,0,0,0,0,0,33,0,0,0,0,0,2,0,0,0,0,0,0
"D116",0,27,26,0,0,0,0,0,0,0,0,2,0,0,0,0,0,5,0,12,0,0,0,0,0,0,18,0,0,9,0,3,0,0,0,3,0,0,0,3,3,0,8,0,1,0,0,0,0,0,0,0,0,0,0,13,20,1,0,2,0,0,22,0,0,1,2,0,0,0,0,0,0,15,0,0,0,0,0,0,0,0,7,0,3,7,0,0,0,0,0,0,0,1,0,0,0,0,0,0,0,0,57,1,0,2,0,13,0,2,0,0,6,7,0,0,0,0,7,0,0,0,7,0,0,0,0,0,0,0,0,11,0,0,7,0,0,2,2,1,11,0,0,0,0,0,0,0,109,2,0,5,0,0,0,3,0,0,0,4,0,0,0,0,4,0,2,3,0,2,19,8,0,0,0,0,2,0,0,3,0,2,0,0,0,16,28,0,0,0,5,20,9,0,0,0,0,6,0,0,0,0,0,357,0,103,8,0,27,0,0,0,0,0,0,0,35,27,0,0,0,0,0,6,0,0,0,0,3,0,0,0,2,0,0,10,0,0,0,3,0,0,25,0,0,0,0,6,0,2,2,4,31,0,0,0,0,0,0,0,0,1,0,0,0,2,0,0,0,9,5,0,0,8,0,0,0,0,23,0,5,4,0,32,5,9,0,0,0,121,3,5,14,0,0,58,2,0,0,3,4,0,0,13,0,0,53,0,0,0,2,0,0,0,2,6,7,0,0,0,0,0,0,0,0,3,0,0,35,0,0,0,0,0,0,9,0,1,0,0,0,0,0,0,0,4,0,0,0,218,0,11,4,0,0,0,0,0,0,0,0,23,0,0,0,9,0,0,0,117,0,0,0,0,0,0,9,0,0,5,167,0,0,4,0,0,0,0,0,0,0,0,0,0,2,0,0,43,4,0,2,0,0,0,0,2,0,0,3,0,0,0,0,0,25,6,0,0,0,0,0,8,0,0,0,0,0,0,0,0,0,0,0,0,0,0,0,290,28,0,0,0,4,3,0,3,18,8,0,3,2,27,2,0,0,0,2,2,8,0,0,42,3,0,24,0,0,6,0,0,0,0,0,0,3,7,0,7,4,3,0,0,0,0,0,0,0,0,10,37,0,0,13,0,0,0,0,23,1,0,4,0,4,0,0,1,11,0,0,3,0,0,0,0,3,0,0,0,0,0,0,110,0,0,4,5,2,0
"D117",0,3,0,0,0,0,0,13,0,203,0,19,0,1,29,0,0,0,670,0,4,0,0,0,2,1,0,0,8,0,17,577,0,0,0,0,9,36,0,0,4,194,0,0,0,245,20,0,3,0,67,88,0,35,0,28,32,0,0,0,0,0,0,0,26,0,17,0,14,3,0,24,0,0,0,113,0,0,8,0,10,42,61,0,8,0,0,0,19,5,0,0,0,0,4,0,6,0,5,0,0,0,25,3,0,0,0,41,0,3,0,0,45,0,8,8,0,58,0,0,0,24,38,0,2,3,0,0,0,0,3,0,0,0,9,0,0,0,0,0,0,18,0,0,0,66,4,20,0,6,0,0,20,9,2,0,3,0,10,0,0,3,13,0,2,13,12,3,62,0,41,0,0,0,0,7,122,22,0,8,11,2,2,14,344,179,0,55,0,0,2,0,0,0,0,0,0,0,0,12,1,3,0,0,80,0,0,52,13,0,56,39,0,1,0,0,0,0,0,27,19,0,5,0,109,5,0,23,0,0,6,0,15,0,0,23,0,42,0,0,0,0,0,0,0,36,70,21,0,25,0,8,16,0,1,0,22,0,0,0,15,119,0,0,0,7,0,0,2,16,0,0,0,0,0,0,0,0,75,31,0,89,0,61,0,22,2,0,44,0,2,2,0,0,0,356,367,114,0,0,170,14,531,0,0,0,0,9,0,0,7,0,0,0,14,0,139,0,0,0,1,25,0,27,169,10,15,0,0,13,0,0,2,0,0,0,0,306,5,0,0,0,0,0,121,3,4,0,0,76,27,160,0,134,0,0,0,45,0,0,0,92,0,0,0,40,0,0,0,0,19,0,0,0,0,0,14,0,2,0,0,0,0,9,3,9,0,0,0,0,0,0,23,0,8,423,26,0,32,0,0,0,34,6,17,0,0,0,0,0,3,0,1657,0,34,0,0,0,23,3,0,9,0,63,25,0,2,0,0,2,0,0,4,0,4,0,0,865,0,14,0,0,0,5,54,0,201,97,265,0,0,0,21,0,0,0,16,333,32,0,6,3,15,29,4,0,0,0,0,0,0,0,0,6,2,8,58,5,0,11,28,32,2,0,161,0,2,30,0,67,0,0,149,0,25,0,17,211,0,0,6,0,29,0,7,0,36,1,0,0,0,29,126,96,6,0,7,34,5,0,3,580,0,3,12,4,0,0
"D118",7,14,512,0,0,0,0,0,0,0,0,0,0,0,0,0,0,0,0,0,0,0,0,0,4,0,0,0,0,0,0,10,13,0,0,3,0,0,0,0,0,0,0,0,0,1,0,0,0,0,0,2,0,0,0,0,0,0,0,0,0,0,0,0,0,0,0,0,0,0,0,0,0,0,0,0,0,0,0,0,0,0,9,0,0,0,0,266,0,0,0,0,0,0,0,0,0,1,0,0,0,1,0,0,0,13,0,0,7,684,0,0,0,0,0,0,0,0,0,0,0,0,0,0,0,0,0,0,0,0,0,0,0,0,0,0,0,4,2,0,0,0,0,0,0,0,0,0,0,0,37,0,0,0,0,0,0,0,0,48,2,0,0,0,0,0,0,0,0,2,0,0,0,0,0,0,0,0,0,0,0,0,0,0,0,0,0,0,0,0,0,29,0,0,0,0,0,0,0,0,0,0,0,0,110,0,0,0,0,0,0,0,0,0,0,0,0,0,0,0,0,0,3,0,0,0,0,0,0,0,0,0,0,0,0,0,0,0,0,0,0,0,0,0,0,0,0,0,0,0,0,0,0,0,0,0,0,0,0,0,7,0,0,0,0,0,0,0,0,0,0,0,0,0,0,0,0,213,0,0,3,0,0,0,0,0,0,0,0,0,0,0,0,0,0,2,0,0,0,0,31,0,0,0,0,0,0,0,0,4321,0,0,0,0,46,0,0,0,0,0,0,0,0,0,0,0,107,0,0,0,2,0,39,0,26,0,0,0,0,0,0,0,0,0,0,0,0,0,0,0,0,0,0,0,0,0,0,0,0,0,0,0,0,0,43,0,0,0,0,0,0,0,0,0,0,0,0,0,6,0,0,0,0,0,1,0,0,0,0,0,0,0,0,0,5,0,0,0,0,0,0,0,0,0,5,34,0,0,0,0,0,0,0,0,0,0,0,0,0,0,0,0,0,0,0,0,0,0,0,0,0,0,0,0,0,0,0,0,0,0,0,0,0,0,0,0,0,0,0,0,0,50,0,0,0,0,0,0,0,0,0,0,0,0,0,0,0,0,0,0,0,0,0,0,0,0,0,0,0,0,0,0,0,0,0,0,0,0,0,0,0,0,0,0,0,0,0,0,0,0,0,0,0,0,0,494,0,0,0,0,0,0,0,0,0,0,0,0,0,0,0,0,0,0,0,0,0,31
"D119",0,0,0,0,0,0,0,0,0,0,0,0,0,0,0,0,0,0,0,0,0,18,0,0,0,0,0,0,77,0,0,0,0,1,0,0,0,0,0,0,0,0,0,0,0,0,0,0,0,0,0,0,0,0,0,0,0,0,12,0,0,0,0,0,0,0,0,154,0,0,0,0,0,0,0,0,0,0,0,13,0,0,0,0,0,0,0,0,0,0,0,0,0,0,0,0,0,0,0,0,0,0,0,0,0,0,0,0,2,0,0,0,0,0,0,0,0,0,0,0,0,0,0,0,0,0,0,0,0,0,0,0,0,2,0,0,3,0,0,0,0,0,0,0,0,0,0,0,0,0,0,0,0,0,0,0,0,0,0,3,0,0,0,0,0,0,0,0,0,0,0,0,0,0,0,0,0,0,0,0,0,0,0,0,0,0,0,0,0,39,0,0,0,66,0,0,0,0,0,0,0,23,0,0,0,0,0,0,0,0,0,0,0,0,25,0,0,0,0,0,0,0,0,0,0,0,0,0,0,3052,0,0,0,0,0,0,0,0,0,0,0,0,0,0,0,0,0,0,1,0,0,0,0,0,7,0,0,0,13,0,0,0,0,0,0,0,0,0,0,31,0,0,0,0,236,0,0,0,0,0,0,0,0,0,0,0,0,0,0,0,0,0,0,5,0,0,0,0,0,0,0,0,0,0,0,63,0,0,0,0,0,6,71,0,0,0,0,0,0,0,0,0,0,0,0,0,0,0,0,0,0,0,0,0,0,0,0,0,0,0,0,0,0,0,0,0,0,0,0,0,0,0,0,0,0,0,0,0,0,0,0,0,0,0,0,0,0,0,0,0,0,0,0,0,0,0,0,0,0,0,0,0,0,0,0,0,0,0,0,0,0,0,0,0,0,0,0,0,0,0,0,0,0,0,0,0,0,0,83,0,0,0,0,0,0,0,5,0,0,0,0,0,0,0,0,0,0,0,0,4,0,9,0,0,0,0,0,0,0,0,4,0,0,0,0,0,0,0,0,0,0,0,0,1,0,0,0,0,0,0,0,0,0,0,0,0,0,0,0,0,0,0,0,0,0,0,0,0,0,0,0,0,0,0,0,6,0,0,0,0,0,4,0,0,0,0,0,0,0,0,0,0,0,0,0,0,2345,0,0,0,0,0,0,0,0,0,0,0,0,0,0,0,0,0,0,0,0,0
"D120",0,0,0,0,0,0,0,0,0,0,0,0,0,0,0,0,0,0,0,0,0,0,0,0,0,0,0,0,0,0,0,0,0,0,0,0,0,0,0,0,0,0,0,0,0,0,0,0,0,0,0,0,0,0,0,0,0,0,0,0,0,0,0,0,0,0,0,0,0,0,0,0,0,0,0,0,0,0,0,0,0,0,0,0,0,0,0,0,0,0,0,0,0,0,0,0,0,0,0,0,0,0,0,0,0,0,0,0,0,0,0,0,0,0,0,0,0,0,0,0,0,0,0,0,0,0,0,0,0,0,0,0,0,0,0,2425,0,0,0,0,0,0,0,0,0,0,0,0,0,0,0,0,0,0,0,0,0,0,0,0,0,0,0,0,0,0,0,0,0,0,0,0,0,0,0,0,0,0,0,0,0,0,0,0,0,0,0,0,0,0,0,0,0,0,0,0,0,0,0,0,0,0,0,0,0,0,0,0,0,0,0,0,0,0,0,0,0,0,0,0,0,0,0,0,0,0,0,0,0,0,0,0,0,0,0,0,0,0,0,0,0,0,0,0,0,0,0,0,0,0,0,0,0,0,0,0,0,0,0,0,0,0,0,0,0,0,0,0,0,0,0,0,0,0,0,0,0,0,0,0,0,0,0,0,0,0,0,0,0,0,0,0,0,0,0,0,0,0,0,0,0,0,0,0,0,0,0,0,0,0,0,0,0,0,0,0,0,0,0,0,0,0,0,0,0,0,0,0,0,0,0,0,0,0,0,0,0,0,0,0,0,0,0,0,0,0,0,0,0,0,0,0,0,0,0,0,0,0,0,0,0,0,0,0,0,0,0,0,0,0,0,0,0,0,0,0,0,0,0,0,0,0,0,0,0,0,0,0,0,0,0,0,0,0,0,0,0,0,0,0,0,0,0,0,0,0,0,0,0,0,0,0,0,0,0,0,0,0,0,0,0,0,0,0,0,0,0,0,0,0,0,0,0,0,0,0,0,0,0,0,0,0,0,0,0,0,0,0,0,0,0,0,0,0,0,0,0,0,0,0,0,0,0,0,0,0,0,0,0,0,0,0,0,0,0,0,0,0,0,0,0,0,0,0,0,0,0,0,0,0,0,0,0,0,0,0,0,0,0,0,0,0,0,0,0,0,0,0,0,0,0,0,0,0,0,0,0,0,0,0,0,0,0,0,0,0,0,0
"D121",0,0,0,0,2,2,0,0,0,0,0,21,0,0,20,0,69,0,0,0,0,0,0,0,0,0,0,0,0,0,0,0,0,60,0,0,0,0,0,0,0,2,0,2,0,11,0,0,4,3,0,0,22,0,0,0,0,0,0,27,0,0,0,0,0,0,0,0,0,2,0,0,0,0,0,0,1,0,0,0,0,0,0,95,0,0,0,0,196,0,140,2,0,0,0,0,0,0,0,0,0,0,0,0,0,0,0,0,0,0,0,0,39,0,8,0,0,6329,0,0,0,0,0,0,2,0,77,0,0,51,0,0,0,0,0,0,0,0,0,0,0,0,0,0,0,0,0,0,0,0,0,0,0,0,0,0,0,0,0,7,0,0,0,3,0,0,0,0,0,0,0,43,0,0,0,0,0,0,591,0,0,0,67,0,0,0,0,0,0,3,0,0,0,1,0,0,0,0,0,0,0,0,99,0,0,0,0,32,0,0,0,0,1,0,4,0,0,0,0,165,0,0,0,7,0,0,0,0,0,0,0,0,0,0,0,0,1,0,0,0,0,0,0,0,0,0,0,0,0,0,0,0,0,0,0,0,0,0,3,0,246,0,0,0,0,21,0,0,0,77,0,0,0,0,0,0,14,0,0,0,0,0,0,0,0,0,0,0,0,0,0,0,0,0,0,0,0,0,165,0,0,4,0,0,0,52,0,590,0,0,0,0,73,0,0,0,0,0,0,0,0,0,0,427,0,0,0,0,0,0,0,0,0,0,0,0,0,0,0,0,0,0,0,0,0,0,0,30,0,0,0,0,43,0,0,29,0,5314,0,641,0,0,0,0,0,0,0,0,0,0,0,0,0,374,20,0,0,0,0,0,0,0,2,0,0,16,0,0,0,0,0,0,0,0,0,0,19,0,0,0,0,0,4,0,0,0,0,0,6,0,0,0,0,0,0,0,0,0,59,0,0,0,0,0,0,0,0,0,2,0,0,0,0,0,0,0,0,0,0,0,0,14,0,0,0,0,0,0,0,0,0,0,0,0,0,0,0,0,0,0,0,0,0,0,0,0,0,0,0,0,0,0,0,0,0,0,0,0,0,23,0,0,0,2,55,54,0,0,0,0,0,0,0,0,0,0,0,0,0,6,0,0,0,0,0,0,0,0,0,0,0,0,0,1,4,0,4,0,0,27,0,0,0,0,0,0,0,0
"D122",0,0,0,0,0,0,0,0,0,0,0,0,0,0,0,0,0,0,0,0,0,0,0,0,0,0,0,0,0,0,0,0,0,0,0,0,0,0,0,0,0,0,0,0,0,0,0,0,0,0,0,0,0,0,0,0,0,0,0,0,0,0,0,0,0,0,0,0,0,0,0,0,0,0,0,0,0,0,0,0,0,0,0,0,0,0,0,0,0,0,0,0,0,0,0,0,0,0,0,0,0,0,0,0,0,0,0,0,0,0,22,1,0,0,0,0,0,0,0,0,0,0,0,0,0,0,0,0,0,0,0,0,0,0,0,0,0,0,0,2,0,0,0,0,0,0,0,0,0,0,0,0,0,0,2,0,0,0,0,0,0,0,0,0,0,0,0,0,0,0,0,0,0,0,0,0,0,0,0,0,0,0,0,0,0,0,0,0,0,0,0,0,0,0,0,2,0,0,0,0,0,31,0,0,0,0,0,0,0,0,0,0,0,0,0,0,0,0,539,0,0,0,0,0,0,0,0,0,0,0,0,0,0,8,0,0,0,0,394,0,0,0,0,19,0,0,0,0,0,0,0,0,0,0,0,0,0,0,0,0,0,0,0,0,0,0,0,0,0,0,7,0,0,0,0,0,0,0,0,0,0,0,0,0,0,0,0,0,0,0,0,0,0,0,0,0,0,0,0,0,0,0,0,0,0,0,0,0,0,0,0,0,0,0,0,0,0,1524,0,0,0,0,0,0,0,0,0,0,0,0,0,0,0,0,0,0,0,0,0,0,0,0,0,0,0,0,0,0,0,0,0,0,0,0,0,0,0,0,0,0,0,0,0,0,0,0,0,0,2,0,0,0,0,0,0,856,0,0,0,0,0,0,0,0,0,0,0,0,4130,0,0,0,0,0,0,0,0,0,0,0,3,0,0,0,0,0,0,0,0,0,0,0,0,0,0,0,0,0,0,0,0,0,0,0,0,0,0,75,0,0,0,0,0,0,0,5,0,0,0,0,0,0,0,0,0,0,0,0,0,0,0,0,0,14,0,0,0,0,0,0,0,0,0,0,0,0,0,0,0,0,0,0,0,0,0,0,0,0,0,0,0,0,0,0,0,0,0,0,0,0,2,0,0,0,0,0,0,0,0,0,0,0,0,0,0,0,0,0,0,0,0,0,0,0,0,0,4,0,0,0,0,0,0,0,0,0,0,0
"D123",0,0,0,0,0,0,0,0,0,0,0,0,0,0,0,0,0,0,0,0,0,0,0,0,0,0,0,0,0,0,0,0,0,0,83,0,0,0,0,0,0,0,0,0,0,0,0,0,0,0,0,0,0,0,0,0,0,0,0,0,0,0,0,0,0,55,0,0,0,0,0,0,0,0,258,0,0,0,0,0,0,0,0,0,0,0,0,0,0,0,0,0,0,0,0,0,0,0,0,0,23,0,0,0,0,0,31,0,0,0,0,0,0,0,0,0,0,0,0,0,0,0,0,0,0,0,0,0,0,0,0,0,0,0,0,0,0,0,0,0,0,0,0,0,0,0,0,0,0,0,0,0,0,0,0,0,0,0,0,0,0,0,0,0,0,0,0,0,0,0,0,74,0,0,0,0,0,0,0,0,0,0,0,0,0,0,0,0,0,0,0,0,0,0,0,0,0,0,0,0,0,149,0,0,0,0,0,0,0,0,0,0,3,0,0,0,0,0,0,0,0,0,0,0,0,0,115,0,0,0,0,0,0,0,0,0,0,0,0,0,0,0,0,28,0,0,0,0,0,0,0,0,0,0,0,0,0,0,0,0,0,0,0,0,0,0,0,0,0,0,0,0,0,0,0,0,0,0,0,0,0,0,0,0,0,0,0,0,0,0,0,0,0,0,0,0,0,0,0,0,0,0,0,0,0,0,0,0,0,0,0,0,0,0,0,0,0,0,0,0,0,0,0,0,0,0,0,0,0,0,0,0,0,0,0,0,0,0,0,80,0,0,0,0,0,0,0,0,0,0,0,0,0,0,0,0,0,0,0,0,0,0,0,0,0,0,0,0,0,0,0,0,0,0,0,0,0,0,0,0,0,0,0,0,0,0,0,0,0,0,0,0,0,0,0,0,0,0,0,0,1,0,0,0,0,0,0,0,0,0,0,0,0,0,0,0,0,0,0,0,0,0,0,0,0,0,0,7,0,32,0,0,0,0,0,0,0,0,0,0,147,0,0,0,0,0,0,0,0,0,0,0,0,11,0,0,0,0,0,0,0,0,0,0,0,0,289,0,0,0,0,0,0,0,0,0,0,0,0,0,0,0,0,0,0,0,0,0,0,0,0,2668,0,0,0,0,0,0,0,0,0,0,0,0,0,0,0,0,0,0,0,0,0,0,0,0,0,0,0,0,0,0,0,0,0,0,0,0
"D124",0,4,0,0,0,0,0,0,0,0,0,2,19,0,5,0,0,0,0,0,0,2,0,0,2,0,57,0,0,5,0,1,0,0,0,15,0,0,0,29,11,0,0,2,0,5,0,0,0,0,3,223,12,0,0,0,0,0,0,13,0,0,0,9,4,0,5,1,0,0,0,0,1,0,0,7,0,0,3,0,0,3,0,0,0,4,0,0,0,0,0,0,0,10,0,4,0,0,0,0,0,6,42,0,0,0,0,0,0,2,0,0,0,19,0,20,0,2,0,0,0,0,11,0,0,0,0,0,0,0,0,0,0,0,4,0,0,0,12,18,0,2,0,0,0,0,0,0,0,0,1,1,11,0,0,14,2,0,0,26,0,0,27,0,0,7,27,0,0,4,3,0,0,0,0,2,0,0,0,0,8,0,0,0,7,9,8,0,0,0,0,21,0,0,0,0,0,0,1,3,0,0,0,0,0,9,0,0,0,0,5,0,0,0,0,4,0,29,0,0,0,0,22,0,0,12,0,0,0,0,0,0,4,0,1,70,3,0,0,0,0,0,0,0,0,19,0,49,14,0,0,5,6,0,0,0,0,0,0,0,0,4,0,0,0,6,2,11,0,134,15,0,0,0,0,0,0,0,17,16,16,0,0,87,0,0,8,0,2,0,0,0,0,0,0,32,8,0,211,0,0,0,0,0,0,0,0,6,5,2,0,0,0,0,0,1,0,0,0,0,0,2,0,2,0,81,2,1,1,0,0,3,4,0,0,0,0,0,3,0,0,0,0,0,0,0,0,0,0,8,0,36,0,0,4,7,0,0,0,0,0,13,7,27,0,0,0,0,0,103,0,0,0,0,0,0,0,4,3,0,0,0,0,0,0,0,0,0,0,0,0,0,0,0,13,0,0,0,0,0,0,2,0,2,3,16,0,0,0,0,0,0,13,0,0,0,0,0,0,0,0,0,0,5,0,0,0,0,0,0,0,8,2,0,0,0,0,67,0,0,0,0,30,0,3,0,89,0,0,0,6,0,0,0,0,2,0,11,20,5,0,31,0,0,0,0,0,11,0,0,0,3,0,0,62,0,0,2,5,16,0,0,0,5,0,0,0,0,5,11,0,0,116,0,0,0,2,41,6,0,0,0,0,0,0,0,322,2,5,4,0,0,0,0,2,2,0,0,2,0,0,44,0,8,0,0,109,0
"D125",0,0,0,0,0,0,0,0,0,0,0,0,0,0,0,0,0,0,0,0,0,0,0,0,0,0,0,0,0,0,0,0,0,0,0,0,0,0,0,0,0,0,0,0,0,0,0,0,0,0,0,0,0,0,0,0,0,0,0,0,0,0,0,0,0,0,0,0,0,0,0,0,0,0,0,0,0,0,0,0,0,0,0,0,0,0,0,0,0,0,0,0,0,0,0,0,0,0,0,0,0,0,0,0,0,0,0,0,0,0,0,0,0,0,0,0,0,0,0,2,0,0,0,0,0,0,0,0,0,0,0,0,0,0,0,0,0,0,0,0,0,0,0,0,0,0,0,0,0,0,0,0,0,0,0,0,0,0,0,0,0,0,0,0,0,0,0,0,0,0,0,0,0,0,0,0,0,0,0,0,0,0,0,0,0,0,0,0,0,0,0,0,0,0,0,0,0,0,0,0,0,0,0,0,0,0,0,0,0,0,0,0,0,0,0,0,0,0,0,0,0,0,0,0,0,0,0,0,0,0,0,0,0,6,0,0,0,0,0,0,0,0,0,0,0,0,0,0,0,0,0,0,0,0,0,0,0,0,0,0,0,0,0,0,0,0,0,0,0,0,0,0,0,0,0,0,0,0,0,0,0,0,0,0,0,0,0,0,0,0,0,0,0,0,0,0,0,0,0,0,0,0,0,0,0,0,0,0,0,0,0,0,0,0,0,0,0,0,0,0,0,0,0,0,0,0,0,0,0,0,0,0,0,0,0,0,0,0,0,0,0,0,0,0,0,0,0,0,0,0,0,0,0,0,0,0,0,0,0,0,0,0,0,0,0,0,0,0,0,0,0,0,0,0,0,358,0,0,0,0,0,0,0,0,0,0,0,0,0,0,0,0,0,0,0,0,0,0,0,0,0,0,0,0,0,0,0,0,0,0,0,0,0,0,0,0,0,0,0,0,0,0,0,0,0,0,0,0,0,0,0,0,0,0,0,0,0,0,0,0,0,0,0,0,0,0,0,0,0,0,0,0,0,2497,0,0,0,0,0,0,0,0,0,0,0,0,0,0,0,0,0,0,0,0,0,0,0,0,0,0,0,0,0,0,0,0,0,0,0,0,0,0,0,0,0,0,0,0,0,0,0,0,0,0,0,0,0,0,0,0,0,0,0,0,0,0,0,0,0,0,0,0,0,0,0,0,0,0
"D126",0,0,0,0,0,0,0,0,0,0,0,0,2555,0,0,0,151,0,0,0,28,0,0,0,0,0,0,0,0,0,0,0,0,0,0,0,0,0,0,0,0,0,150,0,0,0,0,0,69,0,0,0,0,0,0,0,0,0,2,27,0,0,9,48,0,0,0,0,0,0,0,0,0,0,0,0,0,0,0,0,0,0,0,0,0,0,0,1,30,3,0,2,0,4,0,0,0,0,0,0,0,0,0,0,0,0,0,0,0,0,0,0,0,0,87,0,0,0,0,0,0,0,0,0,0,0,16,0,0,15,0,0,0,0,0,0,0,0,0,0,0,0,0,0,0,0,0,0,0,0,0,0,0,0,0,0,0,0,0,0,0,0,0,0,0,0,0,0,0,0,0,0,0,0,0,0,0,0,371,0,0,0,0,0,0,0,0,0,0,0,0,0,0,0,0,0,0,3,0,0,0,0,13,0,0,0,0,0,0,0,0,0,104,61,0,0,0,0,0,0,0,0,2,0,0,0,0,0,0,0,0,3,0,0,0,0,0,0,9,0,0,0,0,0,0,0,0,0,0,0,0,0,2005,0,0,0,0,0,0,0,52,0,0,0,0,1,0,0,0,0,0,0,0,0,0,0,299,0,0,0,0,0,0,0,0,0,0,0,0,0,0,0,0,0,0,0,0,0,3,0,1789,0,0,0,0,0,0,0,0,0,0,0,2,0,0,0,0,0,0,0,0,0,0,2,0,0,0,0,0,0,0,0,0,0,0,0,0,0,0,0,0,643,0,0,0,0,0,0,0,0,0,0,2,0,0,0,0,0,0,0,0,0,0,0,5,0,0,0,0,0,0,0,0,0,0,0,0,0,0,0,0,0,2691,0,0,0,0,0,20,0,0,0,0,0,0,0,0,0,0,0,10,0,0,5,0,0,0,0,0,0,0,0,0,0,0,0,0,0,0,0,0,0,0,0,0,2,56,11,2,0,41,0,0,0,0,0,0,0,0,0,0,0,0,0,0,0,0,0,0,0,294,0,0,2,0,0,0,0,0,0,22,0,0,0,0,0,0,0,0,0,0,0,0,0,0,0,0,0,0,740,0,0,0,0,0,0,0,267,0,0,0,0,0,7,0,0,0,0,0,0,0,1,0,1,28,0,3,5,0,0,621,0,0,0,0,0,0,0,0,0,0,0,0,0,0,0,0,0
"D127",0,0,0,0,0,0,0,0,0,0,0,0,0,0,0,0,0,0,0,0,0,0,0,0,0,0,0,0,0,0,0,0,0,0,0,0,0,0,0,0,0,0,0,0,0,0,0,0,0,0,0,0,0,0,0,0,0,0,0,0,0,0,0,77,0,0,0,0,0,0,0,0,0,0,0,0,0,0,0,481,0,0,0,0,0,0,0,0,0,0,0,0,0,0,0,0,0,0,0,0,0,0,0,0,0,0,0,0,0,0,0,0,0,0,0,0,0,0,0,0,0,0,0,0,0,0,0,0,0,0,0,0,0,0,0,0,0,0,0,0,0,0,0,0,0,0,0,0,0,0,0,0,0,0,0,0,0,0,0,0,0,0,0,0,0,0,0,0,0,0,0,0,0,0,0,0,0,0,0,0,0,0,0,0,0,0,0,0,0,0,0,0,0,0,0,0,0,0,0,0,0,0,0,0,0,0,0,0,0,0,0,0,0,0,0,0,0,0,0,0,0,0,0,0,0,0,0,0,0,0,0,0,0,0,0,0,0,0,0,0,0,0,0,0,1538,0,0,0,0,0,0,0,0,0,2,0,0,0,2,0,0,0,0,0,0,0,0,0,0,0,0,0,0,0,0,0,0,0,0,0,0,0,0,0,0,0,0,0,0,0,0,0,0,4588,0,0,0,0,17567,0,0,0,0,0,0,1,0,0,0,0,0,0,0,0,0,0,0,0,0,0,0,0,0,0,0,0,0,0,0,0,0,0,0,0,0,0,0,0,0,0,0,0,0,107,0,0,0,0,0,0,0,0,0,0,0,0,0,0,0,0,0,0,0,0,0,0,0,0,0,0,0,0,0,0,0,0,0,0,0,0,0,0,0,0,0,0,0,0,0,0,0,0,0,0,0,0,0,0,0,7905,0,0,0,0,0,0,0,0,498,0,0,0,0,0,0,0,448,0,0,0,0,0,0,0,0,0,0,0,0,0,0,0,0,0,0,0,0,0,0,0,0,9577,0,0,0,0,0,0,0,0,0,0,0,0,0,0,0,0,0,0,0,0,0,0,0,0,0,0,0,0,0,0,0,0,0,0,0,0,0,0,0,0,0,0,0,0,0,0,0,0,0,0,0,0,0,0,0,0,0,0,0,0,0,0,0,0,0,0,0,0,0,0,0,0,0,0,0,0,0,0,0,0,0,0,0,0,37058,0
"D128",0,0,0,40,0,0,0,0,0,0,3,0,0,0,0,0,0,0,0,0,0,0,0,0,0,0,0,0,0,0,0,0,0,9,0,0,0,0,0,0,0,0,0,0,0,0,0,0,0,33,0,0,2,0,0,0,0,0,0,0,13,0,0,0,0,0,0,0,0,0,0,0,0,0,0,0,0,0,0,0,0,0,0,0,2,0,0,0,0,0,0,0,0,0,0,0,0,0,0,0,0,0,0,0,20862,0,149,0,0,0,54,0,0,0,0,0,0,0,0,0,0,0,0,1034,0,0,0,3,3,0,0,0,0,0,0,0,4,0,0,0,0,0,0,14,0,0,0,0,0,0,0,0,3,0,4944,0,0,0,0,0,0,0,0,0,0,0,0,0,0,0,0,0,0,0,4,0,0,0,0,0,0,0,0,0,0,0,2,0,0,0,0,0,0,0,0,2,11,0,0,0,0,73,0,0,0,0,0,0,0,0,0,0,11,0,0,0,0,0,0,0,0,4,0,0,0,0,6,0,0,0,0,869,0,45,0,0,0,0,94,0,0,0,0,0,0,0,0,0,0,0,0,0,6,16,0,0,0,0,2,0,0,0,0,0,0,0,0,0,0,0,0,0,0,0,0,0,0,0,0,0,0,0,18,0,0,0,0,5,0,0,0,0,0,0,0,0,0,0,9,0,0,0,0,0,0,0,0,0,0,0,0,0,1,0,0,0,0,4,0,0,0,0,0,0,0,0,0,0,0,0,0,9,0,0,0,0,0,0,0,0,0,0,34,0,0,0,0,0,0,0,0,0,0,0,0,0,0,0,0,0,0,0,0,0,0,0,0,0,0,0,0,0,2,0,0,0,0,0,0,0,0,0,0,0,0,0,0,0,2,0,0,0,0,0,0,0,0,0,1,0,125,0,0,0,0,0,2,0,0,0,0,0,0,0,0,0,0,0,0,0,16,0,2,0,0,0,0,0,0,0,0,4,0,0,0,11,0,0,0,0,9,0,0,0,0,0,0,0,0,0,0,0,0,109,5,8,0,0,0,0,0,0,0,0,0,2,0,0,0,0,15,0,0,0,0,0,0,0,0,0,0,0,0,0,0,0,0,0,0,0,4,2,0,0,0,0,0,0,0,0,0,0,0,0,0,0,0,0,0,0,0,0,0,0,0,126,0,0,0,0,0,0,0,0,0,0,1,0
"D129",0,0,0,0,0,0,0,0,0,0,0,9,0,0,0,0,0,6,0,0,0,0,0,0,0,0,0,0,0,0,0,63,0,0,1062,0,0,0,0,0,0,0,0,7,0,0,0,0,0,0,0,0,0,0,0,0,0,0,0,0,0,0,0,0,0,0,0,0,0,0,0,0,0,0,0,22,0,438,0,0,0,0,0,79,26,0,18,0,0,0,0,0,0,5,0,0,1340,135,0,0,0,10,0,0,0,0,0,0,0,0,0,0,0,0,0,0,29,1940,0,0,0,0,0,0,0,0,0,0,0,0,5,0,0,16,0,0,0,0,0,0,0,0,0,2,0,0,0,0,0,0,0,0,0,0,0,0,0,0,0,0,0,0,0,36,0,0,0,0,0,0,0,0,443,0,0,0,0,0,0,0,0,0,0,0,0,0,0,0,16,0,0,0,0,0,0,0,0,0,0,0,0,0,0,0,0,0,0,20,0,38,0,0,0,0,0,0,0,0,0,1,0,0,0,0,0,0,0,0,0,0,0,0,0,0,0,0,0,0,0,0,0,0,0,0,6,0,0,0,0,0,0,0,0,0,0,0,0,0,0,0,0,0,0,0,0,9,65,0,0,387,0,0,0,0,0,0,0,0,0,0,0,0,0,0,0,0,0,0,0,0,0,0,0,0,0,0,0,0,0,0,0,227,8,16,120,0,0,0,0,0,0,0,0,0,0,0,0,0,0,0,0,0,9,0,0,0,0,0,0,139,0,0,0,0,0,0,0,0,0,0,0,0,0,0,0,0,0,0,0,0,0,11,0,0,0,0,0,1222,0,0,0,0,0,0,0,0,0,0,0,0,0,0,0,2020,0,0,0,0,0,0,0,0,0,0,0,1548,0,0,0,0,0,0,0,182,0,0,0,0,0,0,0,0,5,0,0,0,0,0,0,0,0,0,0,0,325,0,0,983,256,0,0,0,0,0,0,0,0,0,0,0,0,0,0,0,449,0,0,0,0,0,0,0,0,0,0,0,0,3,0,0,0,0,0,0,0,0,0,0,0,0,0,0,0,0,0,0,0,0,0,0,0,0,32,0,0,0,0,0,0,0,625,0,0,0,837,0,0,0,0,0,0,0,0,0,0,0,0,0,0,0,0,0,0,0,0,0,0,0,0,0,0,0,0,0,16,0,154,25,0,0,0,0,0,0,0,0,0,2
"D130",0,0,0,0,0,0,0,0,0,2,0,1,0,0,0,2,11,0,0,0,0,9,0,0,0,0,0,0,0,0,0,0,0,0,249,0,0,0,3,0,0,0,0,0,0,7,0,0,5,0,142,0,0,0,0,0,0,0,0,0,0,65,2,0,0,0,0,0,0,2,0,0,0,2,0,0,2,564,0,0,0,0,0,159,0,0,8,0,35,0,0,9,0,6,0,0,261,0,0,0,0,0,0,0,0,0,0,0,0,0,0,0,29,0,5,0,0,2289,0,0,0,0,0,0,45,0,10,44,0,7,6,0,0,0,3,0,0,0,0,2,0,0,0,32,6,0,0,0,0,0,0,0,0,0,0,0,0,7,2,0,0,0,0,6,0,0,0,0,0,0,0,0,15,0,0,0,0,0,0,0,0,0,12,0,0,0,0,0,0,0,0,0,0,0,0,0,0,0,114,0,2,0,7,0,0,0,0,134,0,6,0,5,0,0,0,0,0,0,0,78,11,0,2,0,0,0,0,13,0,0,0,0,0,3,0,0,0,0,0,0,0,0,0,0,0,0,0,0,0,0,0,0,12,0,5,0,0,0,12,0,0,0,2,0,0,7,0,0,0,5,0,0,0,0,5,0,0,0,0,0,0,0,0,0,0,0,0,0,0,0,0,0,0,0,0,0,0,0,0,0,0,243,1,0,2,2,0,0,0,0,0,3,0,0,0,0,1,0,0,0,0,0,66,3,0,0,0,0,0,2,0,0,0,0,0,0,0,0,0,0,0,8,0,0,0,0,0,39,2,0,0,0,0,5,0,7,0,19,62,1,0,0,0,0,5,0,0,0,0,0,0,0,0,188,3,0,2,0,0,0,0,0,4,0,0,408,0,0,0,0,0,0,0,599,0,0,20,0,0,0,0,0,9,4,0,0,0,0,8,0,0,0,0,0,56,0,0,223,542,0,0,0,42,0,0,22,2,0,5,0,2,0,0,0,23,0,0,2,0,0,0,0,0,0,0,0,0,2,0,0,0,0,0,0,0,0,0,0,0,0,0,0,0,0,0,0,0,0,0,0,0,0,30,0,0,0,0,0,0,6,209,0,0,0,3746,0,0,0,0,3,0,0,0,0,0,0,0,4,0,3,0,2,0,0,3,0,0,15,0,0,0,0,0,0,0,0,373,7,0,56,0,0,0,0,0,0,0,0
"D131",0,0,0,0,0,0,0,0,0,0,0,5,0,36,0,0,49,0,0,0,0,5,0,0,0,0,0,0,0,0,0,0,0,40,1127,0,0,0,7,0,0,0,0,0,0,69,0,0,0,0,10,3,0,0,0,0,0,0,0,16,0,55,0,0,0,0,13,0,0,7,0,0,0,0,0,0,0,437,0,0,0,7,0,28,0,0,76,0,0,0,0,0,0,0,0,0,859,259,0,0,0,0,0,0,0,0,0,0,0,0,0,2,34,0,39,0,0,1186,0,0,0,0,0,0,257,0,47,0,0,0,0,0,0,0,0,0,0,0,0,0,0,0,0,0,8,0,0,0,0,0,0,0,0,0,0,0,0,0,0,0,0,0,0,43,0,0,0,0,0,0,0,0,482,0,0,0,0,0,0,0,0,0,74,0,0,0,0,0,0,0,0,0,0,13,0,6,0,0,0,0,0,0,0,0,0,0,0,1439,0,163,0,4,3,0,0,0,0,0,0,20,0,19,0,0,0,0,0,257,0,0,0,27,0,0,0,0,0,0,0,0,0,0,0,0,0,0,0,0,0,0,3,0,0,0,0,0,0,0,0,0,0,0,0,0,0,0,128,0,0,372,0,0,0,0,0,0,0,0,0,0,0,0,0,0,0,0,0,0,0,0,0,0,0,3,0,0,0,0,0,0,0,462,0,0,237,0,0,0,0,0,0,7,0,0,0,0,0,0,0,0,0,0,0,0,0,0,0,0,0,57,0,0,0,0,0,0,0,0,0,33,0,0,0,0,0,0,0,21,0,0,0,0,0,0,0,7,0,359,105,0,0,0,0,0,5,0,0,0,0,0,0,0,0,1388,0,0,0,0,0,0,0,0,0,0,2,1835,0,0,0,0,0,0,0,1011,0,0,0,0,0,0,0,0,112,7,0,0,0,0,0,0,0,0,0,0,377,0,0,769,766,0,0,6,4,0,2,0,0,0,0,0,0,0,1,0,199,0,0,0,0,0,0,0,0,0,0,0,1,0,0,0,0,0,0,0,0,0,0,0,0,0,0,0,0,0,0,0,0,0,7,0,0,0,715,0,0,0,0,0,0,0,1351,0,0,0,363,0,0,0,0,0,0,0,6,0,0,0,0,10,0,31,0,0,0,0,0,0,2,0,0,0,0,0,0,1,0,0,3021,173,0,11,0,0,0,0,0,0,0,0
"D132",0,0,0,5,0,0,0,0,0,0,0,0,0,0,0,0,0,0,0,0,0,4,0,0,0,0,0,115,0,0,0,0,0,27,0,0,0,0,0,0,0,0,0,0,0,0,0,0,0,20,0,0,0,0,0,0,0,0,0,0,83,0,0,0,0,0,0,0,0,0,10,0,0,0,0,0,0,0,0,2,0,0,0,0,0,0,0,0,0,0,0,0,0,0,0,0,0,0,0,255,0,0,0,0,6793,0,33,0,0,0,1111,82,0,0,0,0,0,0,0,1175,0,0,0,56,0,0,0,23,33,0,0,0,0,0,0,8,0,0,0,0,0,0,0,44,0,0,0,0,0,0,0,0,17,0,106,0,0,0,0,0,0,0,0,7,0,0,0,0,0,0,0,82,0,0,0,0,0,0,0,0,0,0,0,0,0,0,0,0,0,0,0,0,0,0,0,243,0,0,0,0,0,7,0,0,0,0,0,0,0,0,0,0,35,0,0,0,0,0,4,0,0,0,0,0,0,0,0,0,0,0,0,3624,0,0,0,0,0,0,0,0,0,0,0,0,0,0,0,0,0,0,0,0,0,35,2,0,0,0,7,88,0,0,0,0,0,0,0,0,0,0,0,3,0,0,0,2,0,0,0,0,0,0,188,0,0,0,0,3,0,0,0,0,0,0,0,0,0,0,174,0,0,0,0,0,0,0,0,0,0,0,0,0,5435,0,0,0,0,0,123,0,0,0,0,0,0,0,0,0,0,0,0,6,0,0,0,0,0,2,0,0,0,0,25,0,0,0,0,0,4,0,0,0,0,0,0,0,0,0,0,0,0,0,0,0,0,0,0,0,45,0,0,0,479,0,0,0,0,0,0,0,0,0,0,0,0,0,0,0,0,5,0,0,0,0,0,0,0,0,1,2,14,0,0,0,0,0,0,573,10,0,0,0,0,0,0,0,0,0,0,0,55,0,0,0,0,0,0,0,0,0,0,0,0,0,0,52,0,0,0,0,0,10,0,0,0,1,0,9,0,0,0,0,0,17,24,2903,0,0,0,0,0,0,0,0,0,68,0,0,0,0,13400,0,0,0,0,0,0,0,0,0,0,0,0,0,0,0,0,0,0,0,83,0,0,0,0,0,0,0,14,5,0,0,0,0,0,0,0,0,0,0,0,0,0,0,0,372,0,0,0,3,0,0,0,0,0,0,0,0
"D133",0,0,0,286,0,0,0,0,58,0,422,0,0,0,0,0,0,0,0,19,0,50,0,0,0,0,0,15,0,0,0,15,0,1,0,0,0,0,16,0,0,0,23,0,0,0,0,0,0,329,3,0,0,0,12,0,0,0,2,0,392,0,0,0,0,0,0,0,0,0,10,0,0,0,0,0,0,0,14,15,0,0,0,0,363,8,0,0,0,0,0,0,0,0,0,0,14,0,0,121,0,0,0,0,2243,0,179,0,0,0,211,85,0,0,99,0,0,0,0,193,0,0,24,592,0,0,0,113,21,0,0,7,0,0,0,31,23,0,0,0,0,0,0,334,0,0,0,0,0,0,0,0,12,0,1562,0,0,0,0,4,0,0,0,0,0,0,126,0,0,0,0,299,0,0,21,0,0,0,0,0,0,0,0,0,0,0,0,0,0,0,0,0,0,0,0,362,0,0,0,0,0,0,0,19,0,0,0,0,0,0,0,0,590,0,0,0,11,0,0,0,0,207,0,0,0,0,0,0,12,0,0,1102,0,95,0,0,0,0,0,0,0,0,0,0,68,0,0,0,1,0,0,0,2,1055,18,0,0,0,0,164,0,0,0,0,0,0,0,0,0,25,0,0,0,0,58,74,0,0,16,0,0,0,22,0,0,0,0,0,0,0,0,0,0,10,0,0,0,0,512,0,0,0,0,0,0,20,9,0,0,13,0,18,633,0,0,0,0,0,37,0,0,0,3,0,0,434,0,0,15,0,0,56,6,0,0,0,0,0,0,0,0,0,75,456,0,0,0,0,436,0,0,0,0,21,0,0,0,0,0,0,0,0,0,0,0,0,196,0,65,0,0,0,60,11,0,0,0,0,0,0,0,0,0,0,0,0,0,0,0,92,0,0,0,0,0,0,0,0,0,43,1813,0,0,0,0,0,0,0,0,4,0,0,0,53,0,27,2,0,0,132,0,0,3,0,0,0,0,31,0,0,0,41,0,0,0,50,43,19,6,0,0,18,0,0,0,0,0,0,0,0,0,0,67,145,64,102,0,0,7,0,0,27,0,0,0,64,0,0,13,0,29,0,0,0,0,0,0,0,4,25,16,0,0,0,10,44,0,0,0,0,22,0,0,0,0,0,0,0,460,5,0,0,0,0,0,0,0,0,0,17,0,0,0,0,0,51,40,0,0,0,0,0,0,0,0,0,421,0
"D134",0,0,0,0,0,0,0,0,0,0,0,0,0,0,0,0,0,0,0,0,0,0,0,0,0,0,0,0,0,0,0,0,0,0,0,0,0,0,0,0,0,0,0,0,0,0,0,0,0,0,0,5216,0,0,136,0,0,0,247,0,0,0,0,0,0,0,0,1934,0,0,0,0,0,0,0,0,0,0,0,656,0,0,0,0,0,0,0,0,0,0,0,0,0,0,0,0,0,0,0,0,0,0,0,0,0,0,0,0,0,0,0,0,0,0,0,0,0,0,0,0,0,0,0,0,0,0,0,0,0,0,0,0,0,0,0,0,0,0,0,0,0,0,0,0,0,0,0,0,0,0,0,0,0,0,0,0,0,0,0,148,0,0,0,86,0,0,0,0,0,0,0,0,0,0,3,0,0,0,0,0,0,0,0,0,0,0,0,0,0,179,0,0,0,0,0,0,0,0,0,0,0,0,0,0,0,0,0,0,0,0,0,0,0,0,0,0,0,0,0,0,0,0,0,0,0,0,0,0,0,0,0,0,0,0,0,0,0,0,0,0,0,0,0,0,698,0,0,0,0,0,0,0,37,0,0,0,0,0,0,0,0,0,0,0,0,0,0,0,0,0,0,0,0,0,0,0,0,0,0,0,0,0,0,0,0,0,0,0,0,0,0,0,0,358,0,0,0,0,24576,0,0,0,0,0,0,1638,0,0,0,0,0,0,11234,0,0,0,0,0,0,0,0,0,0,0,0,0,0,0,0,0,0,0,0,0,0,0,0,0,0,0,0,0,2,0,0,0,0,0,0,0,0,0,0,0,0,0,0,0,0,0,0,0,0,0,0,0,0,0,0,0,0,0,0,0,0,0,0,0,0,0,0,0,0,0,0,0,0,0,0,0,0,0,0,0,0,0,0,0,0,6,0,0,0,0,0,0,5805,0,426,0,0,0,0,0,0,0,0,0,0,0,0,0,0,0,0,0,0,0,0,0,0,0,0,0,0,0,0,0,0,0,0,0,0,0,0,0,0,0,0,0,0,0,0,0,0,0,0,2,0,0,0,0,0,0,0,0,0,0,0,0,0,0,0,0,0,0,0,0,0,0,0,0,0,0,0,0,0,0,0,0,0,0,0,0,0,0,0,0,0,0,0,0,0,0,0,0,18507,0,0,0,0,0,0,0,0,0,0,0,0,0,0,0,0,1,0,0,0,0
"D135",0,0,0,0,0,0,0,0,0,0,0,0,0,0,0,0,0,0,0,0,0,0,0,0,0,0,0,0,0,0,0,10,0,0,13,0,0,0,0,0,0,0,0,0,0,30,0,1,2,0,0,24,2,0,0,0,0,0,0,12,0,0,0,0,0,0,0,0,0,0,0,0,0,0,0,0,0,16,0,0,0,0,0,11,0,0,4,0,4,0,70,0,0,0,0,0,5,0,0,0,0,0,0,0,0,0,0,0,0,0,0,0,0,0,0,0,0,333,0,0,0,0,0,0,6,0,0,2,0,0,2,0,0,0,0,0,0,0,0,2,0,0,0,14,9,0,0,0,0,0,0,0,0,0,0,0,0,0,0,0,0,0,0,2,0,0,0,0,0,0,0,0,0,0,0,0,0,0,3,0,0,0,93,0,0,0,0,0,0,0,0,0,0,0,0,0,0,0,0,0,0,0,36,0,0,0,0,3,0,0,0,0,0,0,0,0,0,0,0,0,0,0,0,0,0,0,0,0,0,0,0,0,0,0,0,0,0,0,0,0,0,0,0,0,2,0,0,0,0,0,0,0,0,0,0,0,0,0,3,0,58,0,0,0,0,7,0,0,0,0,0,0,0,0,0,0,0,0,0,0,0,0,0,0,0,0,0,0,0,0,0,0,0,0,0,0,0,0,2,0,0,0,0,0,5,0,0,0,0,0,0,2,0,0,0,0,0,0,0,0,0,0,3,0,0,0,0,0,0,0,2,0,0,0,0,0,0,0,0,0,0,0,0,0,0,0,0,0,1002,0,0,0,0,0,0,0,0,0,15,42,0,0,0,0,0,0,0,0,0,0,0,0,0,1273,0,0,0,0,0,0,0,0,0,0,0,31,0,0,0,0,0,0,0,56,0,0,0,0,0,0,0,0,0,0,0,0,0,0,0,0,0,0,0,0,0,0,0,0,90,0,0,0,0,0,0,0,0,0,0,0,0,0,0,0,6,0,0,3,0,0,0,0,0,0,0,0,0,0,0,0,0,19,0,0,0,0,0,0,0,49,0,0,0,0,0,0,0,0,0,0,0,0,0,0,0,0,0,0,0,1,86,0,0,0,38,0,0,0,0,0,0,0,0,0,0,0,0,2,0,18,0,0,0,0,2,0,0,0,0,0,27,0,0,0,0,0,65,0,0,0,0,0,0,0,0,0,0,0
"D136",0,0,0,0,0,0,0,0,0,0,0,0,0,0,0,0,0,0,0,0,0,0,0,0,0,0,0,1109,0,0,0,0,0,0,0,0,0,0,0,0,0,0,0,0,0,0,0,0,0,0,0,0,0,0,0,0,0,0,0,0,0,0,0,0,0,0,0,0,0,0,41,0,0,0,0,0,0,0,0,0,0,0,0,0,0,0,0,0,0,0,0,0,0,0,0,0,0,0,0,90,0,0,0,0,0,0,0,0,0,0,3565,0,0,0,0,0,0,0,0,0,0,0,0,0,0,0,0,0,87,0,0,0,0,0,0,0,0,0,0,0,0,0,0,0,0,0,0,0,0,0,0,0,0,0,0,0,0,0,0,0,0,0,0,0,0,0,0,0,0,0,0,0,0,0,0,0,0,0,0,0,0,0,0,0,0,0,0,0,0,0,0,0,0,0,0,262,342,0,0,0,0,0,0,0,0,0,0,0,0,0,0,0,0,0,0,0,0,0,0,0,0,0,0,0,0,0,0,0,0,0,0,2328,0,0,0,0,0,0,0,0,0,0,0,0,0,0,0,0,0,0,0,0,0,0,0,0,0,0,0,0,0,0,0,0,0,0,0,0,0,0,0,0,0,0,0,0,0,0,0,0,0,0,1282,0,0,0,0,0,0,0,0,0,0,0,0,0,0,0,0,0,0,0,0,0,0,0,0,0,0,0,0,0,0,0,0,0,0,0,161,0,0,0,0,0,0,0,0,0,0,0,0,0,0,0,0,0,0,0,0,0,0,0,0,0,0,0,0,0,0,0,0,0,0,0,0,0,0,0,0,0,0,0,0,0,0,0,0,0,3067,0,0,0,77,0,0,0,0,0,0,0,0,0,0,0,0,0,0,0,0,0,0,0,0,0,0,0,0,0,0,0,0,0,0,0,0,0,0,57,0,0,0,0,0,0,0,0,0,0,0,0,8203,0,0,0,0,0,0,0,0,0,0,0,0,0,0,224,0,0,0,0,0,0,0,0,0,0,0,0,0,0,0,0,0,0,0,0,0,0,0,0,0,0,0,0,0,0,0,0,0,0,0,0,0,0,0,0,0,0,0,0,0,0,0,0,0,0,0,0,0,0,889,0,0,0,0,0,0,0,0,0,0,0,0,0,0,0,0,0,0,0,0,0,0,0,0,2,0,0,0,0,0,0,0,0,0,0,0,0
"D137",0,0,0,44,0,0,0,0,0,0,0,0,0,0,0,0,0,0,0,0,0,0,0,0,0,0,0,0,0,0,0,0,0,0,0,0,0,0,0,0,0,0,0,0,0,0,0,0,0,0,0,0,0,0,0,0,0,0,0,0,0,0,0,0,0,0,0,0,0,0,0,0,0,0,0,0,0,0,0,9,0,0,0,0,0,0,0,0,0,0,0,0,0,0,0,0,0,0,0,0,0,0,0,0,14,0,0,0,0,0,0,0,0,0,0,0,0,0,0,0,0,0,0,0,0,0,0,6,0,0,0,0,0,0,0,0,0,0,0,0,0,0,0,0,0,0,0,0,0,0,0,0,0,0,0,0,0,0,0,0,0,0,0,0,0,0,0,0,0,0,0,0,0,0,0,0,0,0,0,0,0,0,0,0,0,0,0,0,0,0,0,0,0,0,0,12,0,0,0,0,0,0,0,0,0,0,0,0,0,0,0,0,62,0,0,0,0,0,0,0,0,0,0,0,0,0,0,0,0,0,0,18,0,5,0,0,0,0,0,0,0,0,0,0,0,0,0,0,0,0,0,0,0,0,6,0,0,0,0,0,0,0,0,0,0,0,0,0,0,356,0,0,0,0,0,0,0,0,0,0,0,0,0,0,0,0,0,0,0,0,0,0,0,0,0,0,0,0,0,0,0,0,0,0,0,0,0,0,0,0,0,0,0,0,0,0,0,0,0,0,0,0,0,0,0,0,0,0,0,0,0,0,0,0,0,0,0,0,0,0,0,0,0,0,0,0,0,0,9,0,0,0,0,0,0,0,0,0,0,0,0,0,0,0,0,0,11,0,0,0,0,0,0,0,0,0,0,0,0,0,0,0,0,0,0,0,0,0,0,0,0,0,0,0,0,0,0,0,0,0,0,0,0,0,0,0,0,0,0,0,0,0,0,0,0,0,0,0,0,0,0,0,0,0,0,0,0,0,0,0,0,0,0,0,0,3,0,0,0,0,0,0,0,0,0,0,0,0,0,0,0,0,0,0,0,0,0,0,0,0,0,0,0,0,0,0,0,0,0,0,0,0,0,0,0,0,0,0,0,0,0,0,0,0,0,0,0,0,0,0,0,0,0,0,0,0,0,0,14,8,0,0,0,0,0,0,10,0,0,0,0,0,0,0,0,0,0,0,0,0,0,0,0,0,0,0,0,0
"D138",2,13,0,0,0,4,3,0,0,5,0,7,0,0,0,0,0,4,0,0,0,0,0,0,0,0,2,0,11,0,28,0,7,0,0,7,0,7,0,1,5,0,5,8,9,9,2,0,1,0,0,49,4,0,0,13,0,0,0,116,0,0,0,12,0,0,7,0,0,7,0,0,14,0,0,16,85,0,0,0,0,3,0,0,0,67,2,0,1,0,0,0,0,10,0,0,0,0,0,0,0,6,97,0,0,0,0,0,2,2,0,0,2,0,0,15,0,0,3,0,0,0,0,0,0,0,0,0,0,0,0,3,7,4,3,0,0,0,56,40,0,0,0,0,0,0,0,0,0,0,7,13,0,0,0,20,0,0,0,3,0,4,2,0,2,2,0,0,8,19,0,0,0,0,0,4,0,0,0,0,0,0,0,0,0,0,14,0,3,0,16,14,0,0,0,0,0,1,1,6,7,0,0,7,0,94,0,0,0,0,0,0,0,0,0,9,0,13,0,0,0,0,15,1,0,5,0,0,0,0,0,0,0,0,0,8,33,0,0,0,17,0,0,0,0,4,0,0,0,0,0,26,32,0,0,0,0,0,2,0,0,0,0,4,0,0,3,2,0,24,0,5,0,1,0,0,0,0,53,3,2,0,0,24,25,6,6,0,0,4,0,10,0,0,19,0,4,0,5,0,17,0,10,1,0,0,0,0,19,50,0,3,0,0,46,59,10,0,0,0,0,14,0,0,1,2,0,0,10,0,0,3,9,0,0,37,0,0,28,0,0,0,0,1,0,0,0,5,0,2,0,110,0,0,0,0,0,0,0,0,1,1,1,0,0,0,0,0,0,76,0,0,0,0,0,0,0,2,0,0,4,0,0,0,0,0,0,0,0,0,5,0,0,0,0,0,0,2,0,0,0,0,0,3,0,11,0,0,9,3,0,8,79,0,0,9,0,0,0,0,0,0,0,0,0,0,5,0,0,0,0,0,4,3,0,0,0,6,0,2,0,0,0,0,0,0,25,0,3,5,11,127,0,0,0,6,0,12,16,1,13,4,6,0,0,0,0,41,56,0,0,0,0,4,73,0,0,0,4,17,0,0,0,1,0,0,0,9,4,4,0,0,5,4,0,0,0,3,0,4,0,0,4,0,0,13,70,0,1,39,0,0,1,0,0,0,0,0,0,0,0,23,0,6,0,12,3,0
"D139",2,44,0,0,0,3,0,44,0,168,0,0,0,4,3,33,0,0,2,0,0,0,0,0,0,0,0,0,0,0,2,0,0,5,0,0,13,136,0,0,3,55,0,0,0,190,1,0,0,0,1516,685,3,12,0,0,18,0,0,17,0,6,0,0,72,0,5,0,5,8,0,119,0,0,0,78,0,6,8,0,21,53,0,2,0,3,8,0,2,2,103,0,3,0,3,50,23,0,7,0,0,4,0,3,0,0,2,0,0,0,0,0,0,0,7,0,2,3,0,2,0,27,6,0,52,9,0,0,0,0,0,0,0,0,16,0,0,0,0,7,0,1,136,42,0,14,0,2,0,0,0,0,6383,23,3,0,0,0,43,0,0,8,3,0,1,23,4658,0,21,0,34,5,0,0,0,19,28,0,0,3,10,2,5,4,81,0,0,24,0,0,0,0,0,14,0,0,3,0,50,0,0,0,0,0,15,0,0,3,18,0,338,0,5,0,0,0,0,9,0,0,0,36,7,0,1,0,0,65,0,0,16,7,0,0,0,12,0,0,0,2,7,7,41,0,0,14,4,2,0,34,1,0,78,0,9,0,0,0,9,0,0,16,0,0,0,2,0,67,9,1879,0,0,0,0,6,0,0,0,64,39,0,0,0,6,1,0,0,0,5,0,0,1,19,0,0,36,24,35,923,0,0,21,0,0,0,0,0,967,0,0,0,10,0,0,90,0,201,0,0,0,0,0,2,5,292,287,0,71,0,87,0,38,0,4,0,0,0,43,0,0,24,0,0,0,2,0,0,0,0,3,0,180,1,120,0,0,0,0,19,0,15,51,48,0,0,3,0,0,3,0,5,0,0,0,0,0,83,2,0,0,0,2,0,7,2,52,0,6,0,0,0,2,0,12,12,11,22,0,47,0,0,0,0,6,24,0,0,0,0,9,34,0,0,0,0,11,0,0,16,4,0,2,0,9,4,39,0,0,0,0,0,48,0,0,0,0,11,339,0,0,0,0,9,23,6,9,174,22,11,0,0,0,2,0,0,7,20,180,0,1,5,977,0,2,0,0,0,4,0,0,0,1,4,0,0,0,7,0,0,3,106,38,21,36,0,0,46,7,0,0,0,0,119,0,30,0,3,140,0,27,9,6,0,0,2,0,448,0,0,0,0,0,56,143,7,0,156,5,0,0,0,209,0,7,4,0,452,0
"D140",13,0,0,3,0,20,0,0,3,5,3,0,0,0,0,0,0,0,0,0,0,2,0,16,0,7,0,0,0,6,0,0,0,45,0,4,12,0,0,0,0,0,0,0,14,1,0,0,0,96,15,87,75,0,20,0,0,0,0,4,0,0,0,58,7,34,0,0,0,0,27,0,0,0,0,0,20,0,0,0,0,0,0,0,0,14,0,10,0,0,0,0,0,0,0,0,0,1,2,0,6,33,0,0,59,0,2,0,23,6,0,0,0,23,0,0,17,0,0,0,0,0,0,0,0,0,0,12,0,0,0,10,0,5,0,0,2,14,11,0,0,0,2,0,0,0,0,0,2,0,68,0,17,0,2,19,0,0,0,97,7,0,0,1,0,0,88,0,0,0,0,0,0,0,2,0,0,0,0,9,0,0,0,0,0,0,0,0,0,0,25,3,3,532,6,0,0,2,0,0,0,14,0,0,0,0,0,0,2,0,0,0,158,0,0,0,0,4,0,0,0,0,0,0,0,0,0,11,0,0,0,0,0,18,0,0,0,0,2,0,3,0,0,0,0,0,0,0,0,4,0,0,7,23,5,0,0,21,2,0,0,0,2,0,0,0,0,30,0,0,0,0,0,0,178,0,0,13,8,0,0,0,0,0,0,0,0,5,0,0,0,0,0,4,0,0,0,0,10,11,51,0,0,0,0,84,12,6,20,32,9,55,81,10,5,0,0,20,0,11,0,0,0,0,0,0,0,59,2,0,12,66,3,0,0,25,3,0,0,0,4,0,0,0,0,0,0,0,0,0,0,0,0,0,0,0,6,0,0,0,3,0,0,142,0,0,0,0,0,0,0,0,0,0,0,0,0,5,0,2,2,0,0,0,0,0,0,1,0,2,0,4,0,0,0,0,0,0,0,2,0,11,0,0,0,0,0,0,21,14,0,0,0,0,0,1,0,0,0,101,707,0,0,0,0,6,0,0,0,0,0,0,0,0,0,0,0,28,0,0,0,0,0,0,0,24,0,0,0,5,0,161,0,350,0,181,0,0,0,0,0,6,6,0,0,0,0,0,19,0,0,0,0,0,0,0,0,0,0,0,0,0,0,3,0,3,0,0,0,0,2,0,0,0,0,0,0,11,0,19,0,0,4,0,0,5,238,0,0,18,0,0,0,0,3,0,0,0,0,0,0,0,3,13,2,0,0,0
"D141",0,0,0,0,0,0,0,0,0,0,0,0,0,0,70,0,0,0,0,0,0,0,0,0,0,0,0,0,0,0,0,0,0,0,0,4,0,0,0,0,0,0,0,0,0,0,0,0,0,0,0,0,0,0,0,0,32,0,0,0,0,0,0,0,0,0,0,0,0,0,0,0,0,0,0,0,0,0,0,0,0,0,0,2,0,0,0,0,0,0,0,0,0,0,0,0,0,0,0,0,0,0,0,0,0,0,0,0,0,0,0,0,0,0,0,0,0,0,0,0,0,0,0,0,0,0,0,0,0,0,0,0,0,0,0,0,0,0,0,0,0,0,0,0,0,0,0,0,0,0,0,0,0,0,0,0,0,0,0,0,0,0,0,0,0,0,0,0,0,0,0,0,0,0,0,0,0,0,0,0,0,0,0,0,0,0,0,0,0,0,0,0,0,0,0,0,0,0,0,0,0,0,0,2,0,0,0,0,0,0,0,0,0,0,0,0,0,0,0,0,0,0,0,0,0,0,0,0,0,0,0,0,0,0,0,7,0,0,0,0,0,0,0,0,0,0,0,0,0,0,0,0,0,0,0,0,0,0,0,0,0,0,0,0,0,0,0,0,0,0,0,0,0,0,0,0,0,0,0,2,0,8,0,0,0,0,0,0,0,0,0,0,0,0,0,2,0,0,0,0,0,0,0,0,0,0,0,0,0,2,0,0,0,0,0,0,0,0,0,0,0,0,0,0,0,0,0,0,0,0,0,0,0,0,0,0,0,0,6,0,0,0,0,0,3,0,0,0,0,2,0,0,0,0,0,0,0,3,0,0,0,0,0,0,0,0,0,0,0,0,0,0,0,0,0,0,0,0,0,0,0,0,0,0,0,0,0,0,0,0,0,2,0,0,0,0,0,0,0,0,0,0,0,0,0,0,0,0,0,0,0,0,0,0,0,0,0,0,0,0,0,0,0,0,0,0,0,0,0,0,0,0,0,0,0,0,0,0,0,0,1,0,0,0,0,0,0,0,0,0,0,0,0,0,0,3,0,0,0,0,0,0,0,0,0,0,0,0,0,0,0,0,0,0,0,0,0,0,0,0,0,0,0,0,0,0,0,0,0,0,0,0,0,0,0,0,0,0,0,0,0,0,0,0,0,0,7,0,0,0,0,0,0,0,0,0,0,0,0,0,0,0,0,0,0,0,0,0
"D142",0,0,0,0,0,0,0,0,0,4,0,10,0,0,0,6,0,0,0,0,0,0,0,0,0,0,0,0,0,0,0,83,0,0,194,0,0,0,0,0,0,0,0,0,0,71,0,0,0,0,0,0,0,0,0,0,0,0,0,12,0,171,0,0,0,0,0,0,0,0,0,0,0,0,0,0,0,861,0,0,0,0,0,466,0,0,41,0,0,0,4,9,0,0,0,0,198,0,0,0,0,0,0,0,0,0,0,0,0,0,0,0,70,0,0,0,0,665,0,0,0,0,0,0,48,0,0,0,0,0,0,0,0,0,2,0,0,0,0,0,0,0,0,0,0,0,0,0,0,0,0,0,0,0,0,0,0,0,0,0,0,0,0,3,0,0,0,0,0,0,0,0,835,0,0,0,0,0,0,0,0,0,5,0,0,0,0,0,0,0,0,0,0,0,0,0,0,0,0,0,6,0,0,0,0,0,0,40,0,297,0,6,6,0,0,0,0,0,0,4,0,0,0,0,0,0,0,16,0,0,0,0,0,0,0,0,0,0,0,0,0,0,0,0,0,0,0,0,0,0,0,0,0,0,0,0,0,0,3,0,0,0,0,0,0,0,0,0,0,0,0,0,0,0,0,0,0,0,0,0,0,0,0,0,0,0,0,0,0,0,0,0,0,0,0,0,0,0,0,0,0,2085,0,0,17,0,0,0,0,0,0,2,0,0,0,0,0,0,0,0,0,0,258,3,0,0,0,0,0,49,0,0,0,0,0,0,0,0,0,0,0,0,0,0,0,0,0,17,10,0,0,0,0,0,0,0,0,551,0,2,9,0,0,0,127,0,0,0,0,0,0,0,0,136,0,0,0,0,0,0,0,0,0,0,9,451,0,0,0,0,0,0,0,1147,0,0,5,0,13,0,0,0,56,0,0,0,0,0,0,0,0,0,0,0,35,0,0,233,1392,0,0,0,0,0,0,8,0,0,0,0,0,0,0,0,29,0,0,0,0,0,0,0,0,0,0,0,0,0,0,0,0,0,0,0,0,0,0,0,0,0,0,0,0,0,0,0,0,0,0,0,0,0,61,0,0,0,0,0,0,12,858,0,0,0,188,1,0,0,0,0,0,0,0,0,0,0,0,0,0,0,0,0,0,0,0,0,0,0,0,0,0,0,0,0,0,0,891,98,0,8,0,0,0,0,0,0,0,0
"D143",4,15,245,0,0,0,0,6,0,0,0,0,0,6,8,2,11,1,125,0,0,0,0,0,0,1,0,0,0,0,3,247,0,0,0,0,4,7,0,4,43,22,0,0,0,17,4,0,0,0,0,0,1,0,0,0,0,4,0,3,0,0,0,0,17,0,2,0,5,2,0,9,25,0,0,683,2,0,4,0,0,24,0,0,0,0,0,0,0,3,0,0,7,14,3,19,0,5,167,0,0,25,199,0,0,191,0,45,0,5,0,0,0,0,6,3,5,31,0,0,7,35,45,0,0,25,0,0,0,0,0,0,2,0,11,0,0,0,2,15,0,10,0,0,0,68,2,1,0,0,0,0,0,5,0,0,78,46,3,67,8,11,5,0,0,0,0,0,30,7,18,0,0,0,0,12,0,20,0,0,14,3,11,0,25,10,0,43,0,0,2,5,0,0,7,0,0,0,94,2,2,0,0,0,54,16,0,0,11,0,22,7,0,4,0,3,0,6,0,0,7,0,42,0,0,5,0,28,0,0,4,0,22,0,125,0,0,3,0,2,2,4,0,0,0,1,3,0,0,44,5,31,307,0,0,4,1,0,0,0,0,12,0,0,0,0,0,10,0,2,0,0,9,0,0,0,0,14,43,4,20,0,0,14,16,1,10,0,15,39,3,7,4,0,0,6,22,4,1,0,53,0,0,29,0,0,13,0,0,54,7,2,0,4,18,0,75,0,0,4,0,44,9,19,118,0,74,0,0,21,0,0,0,3,0,0,0,27,0,0,0,1,0,0,33,59,3,5,0,11,5,181,2,453,0,0,10,0,0,200,3,175,146,0,0,43,0,33,0,0,2,0,0,0,0,0,98,3,7,0,0,25,0,0,12,0,42,15,0,0,5,0,37,1,0,38,2,3,205,0,0,0,0,0,9,45,0,0,0,0,9,3,774,0,80,0,0,0,0,0,0,28,0,47,9,0,0,0,19,0,0,0,0,0,0,0,14,519,0,0,0,0,2,0,10,0,50,52,24,0,0,0,12,0,0,2,19,256,292,16,7,0,2,0,2,0,0,0,0,0,0,11,0,0,0,0,117,8,0,30,0,10,3,0,14,2,0,1,0,29,0,0,38,6,64,20,17,174,0,0,16,0,21,0,0,0,0,9,0,0,0,39,0,91,22,0,0,33,41,0,7,276,0,1,9,0,0,25
"D144",0,0,0,0,0,0,0,0,0,0,0,0,0,0,0,0,0,0,0,0,0,0,0,0,0,0,0,0,0,0,0,0,0,5,30,0,0,0,6,0,0,0,0,0,0,0,0,1,76,0,0,3,0,0,2,0,0,0,0,3,0,0,0,0,0,0,0,0,0,0,0,0,0,0,0,0,0,268,0,0,0,0,0,1035,0,0,166,0,5,1,0,0,0,0,0,0,0,101,0,0,0,0,0,0,0,0,0,0,0,0,0,0,0,0,0,0,0,59,0,0,0,0,0,0,0,0,0,0,0,0,0,0,0,0,0,0,0,0,0,0,0,0,0,0,0,0,0,0,0,0,0,0,0,0,0,0,0,0,0,0,0,0,0,0,0,0,0,0,0,0,0,34,785,0,0,0,0,0,0,0,0,0,0,0,0,0,0,0,0,0,0,0,0,0,0,0,0,0,0,0,0,0,0,0,0,0,0,0,0,0,0,0,0,0,0,0,0,0,0,0,0,0,0,0,0,0,0,0,0,0,0,0,0,0,0,0,0,0,0,0,0,0,0,0,0,0,0,0,0,0,0,0,0,0,0,0,0,0,0,0,0,0,0,29,0,0,0,0,0,0,0,0,0,0,0,0,0,0,0,0,0,0,0,0,0,0,0,0,0,0,0,0,0,0,0,0,0,0,0,0,0,0,0,0,1,4,0,0,0,0,0,0,0,0,0,0,0,0,0,0,0,0,0,406,0,0,0,0,0,0,0,0,0,0,0,0,0,0,0,0,0,0,0,0,0,0,0,0,86,0,0,0,0,0,0,0,0,142,153,2,0,0,0,0,0,0,0,0,0,0,0,0,0,634,0,0,0,0,0,0,0,0,0,0,0,0,0,3,0,0,0,0,0,0,0,0,242,0,0,0,24,0,0,0,0,0,0,0,0,0,0,0,0,0,0,0,0,0,2303,0,0,0,0,0,0,0,12,0,0,0,0,0,3,0,0,0,0,0,0,0,0,0,0,0,0,0,0,0,0,0,0,0,0,0,0,0,0,0,0,0,0,0,0,0,0,0,0,0,0,0,0,0,0,0,0,0,0,0,0,3,0,0,0,0,0,0,0,0,0,0,0,0,0,0,0,0,0,0,0,0,0,0,0,0,0,0,0,0,0,0,0,0,0,0,0,0,0,0,0,0,0,0,0,0,0,0,0,0
"D145",0,0,0,0,0,0,0,0,0,0,0,0,0,0,0,0,0,0,0,0,0,0,0,0,0,0,0,0,23,0,0,0,0,0,0,0,0,0,0,0,0,0,0,0,0,0,0,0,0,0,17,0,0,0,0,0,0,0,11,0,0,0,0,0,0,0,0,0,0,0,0,0,0,0,61,0,0,0,0,0,0,0,0,0,0,0,0,0,0,0,0,0,0,0,0,0,0,0,0,0,0,0,0,0,0,0,0,0,0,0,0,0,0,0,0,0,0,0,0,0,0,0,0,0,0,0,0,0,0,0,0,0,0,0,0,0,0,0,0,0,0,0,0,0,0,0,0,0,0,0,0,0,47,0,0,0,0,0,0,0,0,0,0,0,0,0,0,0,0,0,0,0,0,0,0,0,0,0,0,0,0,0,0,0,0,0,0,0,0,3,0,0,0,184,0,0,0,0,0,0,0,23,0,0,0,0,0,0,0,0,0,0,0,0,0,0,0,0,0,0,0,13,0,0,0,0,9,0,0,120,0,0,0,0,0,0,0,0,0,0,0,0,0,0,0,0,0,0,9,0,0,0,0,0,0,0,0,0,0,0,0,0,0,1,0,0,0,0,0,3,0,0,0,0,55,0,0,0,0,0,0,0,0,0,0,0,0,0,0,0,0,0,0,18,0,0,0,0,11,0,0,0,0,0,0,0,0,23,0,0,0,4,0,0,0,0,0,0,0,0,0,0,0,0,0,5,0,0,0,0,0,0,0,0,0,0,0,0,0,3,0,0,0,0,0,0,0,0,0,0,0,0,0,0,0,0,0,0,0,0,0,0,0,0,0,0,0,0,0,0,0,0,0,0,0,0,0,0,0,0,0,0,0,0,0,0,0,0,0,0,0,0,0,0,0,0,0,0,0,5,0,0,0,0,0,0,0,0,0,0,0,0,0,0,0,0,0,0,0,0,0,0,0,0,0,0,0,0,0,4,0,397,0,0,0,0,0,0,0,0,2,2,0,0,0,0,0,0,0,0,0,0,0,298,0,0,0,0,0,0,0,0,0,0,0,0,100,0,0,0,0,0,0,0,0,0,0,0,0,0,0,0,0,0,0,1,0,0,0,0,0,620,0,0,0,0,0,0,0,0,0,0,0,0,0,0,901,0,0,0,0,0,0,0,0,0,0,0,0,0,0,0,0,0,0,0,12,0
"D146",0,258,21,0,3,3,37,0,0,11,0,0,24,0,2,0,0,19,0,394,0,0,176,15,1,0,0,0,0,20,0,0,1,0,0,0,26,0,0,0,0,0,291,0,392,0,40,67,34,0,0,122,0,0,6,360,0,0,0,85,0,0,0,0,0,0,2,25,0,1,0,0,0,38,0,0,8,0,0,18,52,0,4,0,0,121,0,0,0,0,0,0,6,0,0,0,0,0,0,0,24,3,368,98,0,15,0,5,5,0,0,0,0,0,1,0,0,0,53,0,1,0,2,0,0,0,3,0,0,0,0,87,3,0,37,0,0,23,780,85,31,0,0,0,0,3,0,19,165,16,0,313,0,0,0,0,9,0,0,0,1,0,4,0,1,0,19,2,0,0,0,0,0,0,0,57,0,0,0,0,0,6,0,0,0,8,0,0,13,0,34,87,690,0,0,0,0,7,0,0,0,31,0,2737,0,40,23,0,4,0,0,0,0,4,0,2,807,33,0,0,0,0,0,0,0,0,0,0,99,0,0,0,14,37,0,0,4,11,0,0,8,0,276,0,15,39,0,0,0,12,57,4,1756,0,0,0,14,0,7,0,0,0,0,0,66,0,0,0,0,42,19,0,8,254,0,0,0,203,46,0,0,0,0,19,0,13,0,0,0,53,23,19,5,0,83,9,57,0,8,318,81,0,10,26,0,0,329,0,3,39,0,0,0,133,135,168,111,0,0,0,6,5,0,0,0,0,0,0,64,0,0,109,7,106,4,70,205,41,0,0,84,266,0,0,0,0,0,0,3,255,7,29,30,0,17,0,0,0,0,0,0,0,0,295,0,0,0,0,0,199,0,0,0,0,0,0,0,4,0,119,474,0,67,1,0,0,375,0,0,0,7,52,0,0,89,0,0,57,0,0,0,54,0,2,0,67,0,0,0,0,4,13,0,6,3,22,0,0,0,0,0,32,0,0,5,0,14,0,0,0,0,5,11,55,0,0,0,587,2247,48,0,0,85,12,0,0,63,149,1,80,15,1708,0,0,0,0,15,3,28,0,3,0,1,0,60,0,0,43,72,29,0,0,0,2,9,5,1,0,13,146,0,8,0,15,0,0,20,6,0,5,0,0,42,1,2,0,0,43,0,1,0,0,35,175,3,54,11793,11,0,49,0,12,6,0,4,0,0,0,0,0,0,470,0,0,11,4,0,0
"D147",0,0,0,0,0,0,0,0,26,0,0,0,0,0,0,0,0,0,0,0,0,0,0,0,0,0,0,2,0,0,0,0,0,40,0,0,0,0,0,0,0,0,0,0,0,0,0,0,0,39,0,24,0,0,4,0,0,0,0,0,21,0,0,0,0,0,0,0,0,0,23,0,0,0,0,0,0,0,0,15,0,0,0,0,0,0,0,0,0,0,0,0,0,0,0,0,0,0,0,4,0,0,0,0,45,0,16,0,0,0,22,1,0,0,0,0,0,0,25,17,0,0,0,0,0,0,0,82,22,0,0,0,0,0,0,0,11,0,0,0,0,0,0,3,0,0,0,0,0,0,0,0,0,0,6,0,0,0,0,0,0,0,0,0,0,0,0,0,0,0,0,36,0,0,0,0,0,0,0,0,0,0,0,0,0,0,0,0,0,0,0,0,0,0,0,19,0,0,0,0,0,24,0,0,0,0,0,0,0,0,0,0,89,0,0,0,0,0,0,0,0,23,0,0,0,0,0,0,0,0,0,93,0,130,0,0,0,0,102,0,0,0,0,0,0,0,0,0,0,0,0,0,0,5,0,0,0,0,0,51,0,0,0,0,0,0,0,0,0,24,0,0,0,0,0,0,0,0,0,0,0,0,13,0,0,0,0,0,0,0,0,0,0,0,0,0,0,0,14,0,0,0,0,0,0,11,0,0,0,0,0,0,0,0,0,0,0,0,30,0,0,0,0,0,0,0,0,0,0,0,0,0,0,0,0,0,0,0,0,0,0,0,0,0,0,0,0,0,0,0,0,0,0,50,0,0,0,0,0,0,0,0,0,0,0,0,0,0,14,0,0,0,44,0,0,0,0,0,0,0,0,0,0,0,0,0,0,0,0,0,41,0,0,0,0,0,0,0,0,0,13,0,0,0,0,0,0,0,0,0,0,0,0,0,0,0,0,0,0,7,100,0,0,0,0,0,0,0,0,0,0,0,0,0,0,0,0,0,0,0,32,0,0,0,0,0,0,0,0,0,0,0,0,1317,0,0,0,0,0,0,0,0,0,0,0,0,0,0,0,0,94,0,42,0,0,0,0,0,0,0,0,0,0,0,0,0,0,0,0,0,0,0,0,0,0,0,0,0,0,0,0,0,0,0,0,0,0,0,0,0,0,0,0,0,0,7,0,0,0,0,0,0,0,0,0,0,304,0
"D148",0,0,0,13,0,0,3,0,1,0,88,0,0,0,0,0,0,0,0,0,0,43,0,0,0,0,0,0,18,0,0,0,0,0,0,0,0,0,0,0,0,0,0,0,0,0,0,187,0,0,0,1,0,0,0,0,0,0,0,0,37,0,0,0,0,0,0,5,0,0,0,0,0,0,0,0,0,0,0,0,0,0,0,0,37,0,0,0,0,0,0,0,0,0,0,0,0,0,0,6,0,0,0,0,666,0,70,0,0,0,18,11,0,1,0,0,0,0,0,78,0,0,0,267,0,0,0,0,0,0,0,0,0,0,0,0,0,0,0,0,0,0,0,40,0,0,0,0,0,0,0,0,0,0,101,0,0,0,0,0,0,0,0,0,0,0,0,0,0,0,0,63,0,0,0,0,0,0,0,0,0,0,0,0,0,0,0,0,0,0,0,0,0,0,0,238,0,0,0,0,0,0,0,0,0,0,0,0,0,0,0,0,57,0,0,0,0,0,0,0,0,71,0,0,0,0,0,0,0,0,0,254,0,817,0,0,0,0,0,0,0,0,0,0,0,0,0,0,297,0,0,0,0,77,0,0,0,0,0,0,0,0,0,0,0,0,0,0,0,0,0,0,0,0,4,22,0,0,0,0,0,0,0,0,0,0,0,0,0,0,0,0,0,0,0,0,0,0,0,0,0,0,0,0,0,0,0,0,0,0,0,9,14,0,0,0,0,9,24,0,0,0,0,0,0,53,0,0,0,0,0,3,0,0,0,0,0,0,0,0,0,0,5,89,0,0,0,0,85,0,0,0,0,0,0,0,0,0,0,0,0,0,0,0,0,0,2,0,0,0,0,0,0,0,0,0,0,0,0,0,0,0,0,0,0,0,0,6,0,0,0,0,0,0,0,0,0,0,0,0,295,0,0,0,0,0,2,12,0,0,0,0,0,2,0,0,0,0,0,98,0,0,13,0,0,0,0,0,0,0,0,0,0,0,0,0,0,0,0,0,0,0,0,0,0,0,0,0,0,0,7,0,0,0,6,0,0,0,0,0,0,0,0,0,0,7,0,0,0,0,0,0,0,0,0,0,0,0,0,0,0,0,0,0,0,0,0,0,0,0,1,0,0,0,0,0,0,0,24,0,0,0,0,0,0,0,0,0,0,0,0,0,0,0,0,14,0,0,0,0,0,0,0,0,0,0,57,0
"D149",0,0,0,0,0,0,0,0,0,0,0,0,0,0,0,0,0,0,0,0,0,0,0,0,0,0,0,0,0,0,0,0,0,0,0,0,0,0,0,0,0,0,0,0,0,0,0,0,0,0,0,0,0,0,0,0,0,0,0,0,0,0,0,0,0,0,0,0,0,0,0,0,0,0,0,0,0,0,0,0,0,0,0,0,0,0,23,0,0,0,0,0,0,0,0,0,0,0,0,0,0,0,0,0,0,0,0,0,0,0,0,0,0,0,0,0,0,0,0,0,0,0,0,0,0,0,0,0,0,0,0,0,0,0,0,1308,0,0,0,0,0,0,0,0,0,0,0,0,0,0,0,0,0,0,0,0,0,0,0,0,0,0,0,0,0,0,0,0,0,0,0,0,0,0,0,0,0,0,0,0,0,0,0,0,0,0,0,0,0,0,0,0,0,0,0,0,0,0,0,0,0,0,0,0,0,0,0,0,0,33,0,0,0,0,0,0,0,0,0,0,0,0,0,0,0,0,0,0,0,0,0,0,0,0,0,0,0,0,0,0,0,0,0,0,0,0,0,0,0,0,0,0,0,0,0,0,0,0,0,0,0,0,0,0,0,0,0,0,0,0,0,0,0,0,0,0,0,0,0,0,0,0,0,0,0,0,0,0,0,0,0,0,0,0,0,0,0,0,0,0,0,0,0,0,0,0,0,0,0,0,0,0,0,0,0,0,0,0,0,0,0,0,0,0,0,0,0,0,0,0,0,0,0,0,0,0,0,0,0,0,0,0,0,0,0,0,0,0,0,0,0,0,0,0,0,0,0,0,0,0,0,0,0,0,0,0,0,0,0,0,0,0,0,0,0,0,0,0,0,0,0,0,0,0,0,0,0,0,0,0,0,0,0,0,0,0,0,0,0,0,0,0,0,0,0,0,0,0,0,0,0,0,0,0,0,0,0,0,0,0,0,0,0,0,0,0,0,0,0,0,0,0,0,0,0,0,0,0,0,0,0,0,0,0,0,0,0,0,0,0,0,0,0,0,0,0,0,0,0,0,0,0,0,0,0,0,0,0,0,0,0,0,0,0,0,0,0,0,0,0,0,0,0,0,0,0,0,0,0,0,0,0,0,0,0,0,0,0,0,0,0,0,0,0,0,0,0,0,0,0,0,0,0,0,0,0,0,0,0,0,0,0,0,0,0,0,0,0
"D150",4,113,31,0,13,29,0,0,0,3,0,5,71,0,27,0,7,0,0,166,4,18,132,216,24,8,65,0,0,189,0,177,0,8,0,153,17,34,0,17,19,1,95,0,54,0,46,0,0,0,63,83,15,27,13,291,172,5,0,102,0,0,55,43,0,0,1,0,20,0,0,13,126,0,0,67,26,0,3,0,89,9,0,0,0,122,2,0,7,4,6,0,34,28,11,7,0,0,39,0,0,66,431,0,0,33,0,61,7,8,0,0,2,82,11,44,12,0,185,0,90,6,99,0,0,1,0,0,0,0,5,48,26,0,166,0,20,72,41,172,38,42,16,0,0,78,33,25,42,1,138,28,0,9,0,105,8,14,0,27,29,5,7,1,4,16,58,38,32,16,0,0,0,0,0,5,13,3,0,10,81,32,0,4,61,23,165,0,14,0,12,12,37,0,5,0,0,41,46,19,19,0,0,7445,0,990,11,0,2,0,0,2,0,9,8,74,193,117,0,10,4,12,90,57,21,13,0,5,5,0,30,0,18,0,260,34,10,7,0,11,13,2,185,0,51,25,17,40,0,93,37,55,891,0,5,0,25,23,4,0,27,6,0,0,21,20,0,125,22,18,72,0,149,52,126,0,0,101,214,1,0,29,0,46,78,8,28,0,0,267,20,12,57,0,0,0,96,0,23,11,756,0,36,0,0,35,279,0,1,275,9,57,0,35,53,246,66,0,0,20,4,39,12,2,81,0,28,0,45,0,8,3,9,16,7,1,41,105,1,0,16,7,0,0,111,1,0,0,0,131,9,173,57,0,21,0,20,0,0,0,3,169,163,2,0,51,0,26,0,225,37,0,0,0,9,0,72,1,16,22,181,0,14,5,2,0,0,22,0,0,38,4,45,0,46,76,0,174,36,36,0,16,0,0,26,71,0,0,63,9,23,12,2,0,44,25,0,0,0,0,0,111,0,26,50,0,52,0,11,0,4,4,8,38,0,0,17,1050,1219,12,0,0,78,29,30,0,172,52,16,7,105,158,60,0,0,36,23,166,148,53,54,68,22,5,8,0,0,24,5,19,0,16,0,20,0,23,49,12,0,178,0,23,2,8,0,0,45,14,20,108,0,0,73,68,43,12,5,332,0,7,13,0,24,108,0,6,40,4,15,10,0,0,16,0,29,0,0,1,29,0,2,879,22,1,13,5,12,6
"D151",0,0,0,0,0,0,0,0,0,0,0,0,0,0,0,0,0,0,0,0,0,0,0,0,0,0,0,0,0,0,0,0,0,0,0,0,0,0,0,0,0,0,0,0,0,0,0,0,25,0,0,0,0,0,2,0,0,0,0,1,0,0,0,0,0,0,0,0,0,0,0,0,0,0,0,0,0,0,0,0,0,0,0,3,0,0,14,0,8,0,0,1,0,0,0,0,0,10,0,0,0,0,0,0,0,0,0,0,0,0,0,0,0,0,0,0,0,0,0,0,0,0,0,0,5,0,2,0,0,3,0,0,0,0,0,0,0,0,0,0,0,0,0,0,0,0,0,0,0,0,0,0,0,0,0,0,0,0,0,0,0,0,0,2,0,0,0,0,0,0,0,2,0,0,0,0,0,0,113,0,0,0,7,0,0,0,0,0,0,0,0,0,0,0,0,0,0,0,0,0,0,0,0,0,0,0,0,0,0,0,0,0,4,0,0,0,0,0,0,0,0,0,0,0,0,0,0,0,0,0,0,0,0,0,10,0,4,0,0,0,0,0,0,0,0,0,0,0,0,0,0,0,3,0,0,0,0,0,0,0,0,0,0,71,0,2,0,0,0,0,0,0,0,0,0,0,0,0,0,0,0,0,0,0,0,0,0,0,0,0,0,0,0,0,0,0,0,0,0,0,2,0,33,0,0,0,0,0,0,0,0,0,0,0,0,0,0,0,0,2,0,0,0,2,0,0,0,0,0,0,0,0,0,0,0,0,0,0,0,0,0,0,0,0,0,0,0,0,0,0,0,0,0,0,0,0,0,238,0,18,0,0,0,0,0,0,0,0,0,0,0,0,0,0,0,0,0,0,0,0,0,0,19,0,0,9,0,0,0,0,0,0,0,5,0,0,0,0,0,0,0,0,0,0,0,0,0,0,0,2,0,0,0,0,0,0,0,0,285,0,0,0,0,0,0,0,3,0,26,0,0,0,0,0,0,0,0,0,0,0,0,0,0,0,0,0,0,0,0,0,0,0,0,0,0,0,0,0,0,0,0,0,0,0,0,0,0,0,0,0,3,0,0,0,0,0,0,0,5,8,0,0,0,0,0,0,0,0,0,0,0,0,0,0,0,0,0,0,0,0,0,286,0,0,0,0,0,20,0,0,0,0,0,1,0,0,7,0,0,0,0,0,0,0,0,0,0,0
"D152",0,0,0,0,0,0,0,0,0,0,0,0,0,0,0,0,0,0,0,0,0,0,0,0,0,0,0,0,0,0,0,0,0,0,0,0,0,0,0,0,0,0,0,0,0,0,0,0,0,0,0,0,0,0,0,0,0,0,0,0,0,0,0,0,0,0,0,0,0,0,0,0,0,0,46,0,0,0,0,0,0,0,0,0,0,0,0,0,0,0,0,0,0,0,0,0,0,0,0,0,28,0,0,0,0,0,0,0,0,0,0,0,0,0,0,0,0,0,0,0,0,0,0,0,0,0,0,0,0,0,0,0,0,0,0,0,0,0,0,0,0,0,0,0,0,0,0,0,0,0,0,0,0,0,0,0,0,0,0,0,0,0,0,0,0,0,0,0,0,0,0,0,0,0,0,0,0,0,0,0,0,0,0,0,0,0,0,0,0,0,0,0,0,0,0,0,0,0,0,0,0,569,0,0,0,0,0,0,0,0,0,0,0,0,0,0,0,0,0,0,0,0,0,0,0,0,128,0,0,0,0,0,0,0,0,0,0,0,0,0,0,0,0,0,0,0,0,0,0,0,0,0,0,0,0,0,0,0,0,0,0,0,0,0,0,0,0,0,0,0,0,0,0,0,0,0,0,0,0,0,0,0,0,0,0,0,0,0,0,0,0,0,0,0,0,0,0,0,0,0,0,0,0,0,0,0,0,0,0,0,0,0,0,0,0,0,0,0,0,0,0,0,0,0,0,0,0,0,0,0,0,0,0,0,0,0,0,0,0,82,0,0,0,0,0,0,0,0,0,0,0,0,0,0,0,0,0,0,0,0,0,0,0,0,0,0,0,0,0,0,0,0,0,0,0,12,0,0,0,0,0,0,0,0,0,0,0,0,0,0,0,0,0,0,0,0,0,0,0,0,0,0,0,0,0,0,0,0,2,0,0,0,0,0,0,0,0,0,0,3,0,0,0,0,0,0,0,0,0,189,0,0,0,0,0,0,0,0,0,0,534,0,0,0,0,0,0,0,0,0,0,0,0,2,0,0,0,0,0,0,0,0,0,0,0,0,459,0,0,0,0,0,0,0,0,0,0,0,0,0,0,0,0,0,0,0,0,0,0,0,0,15167,0,0,0,0,0,0,0,0,0,0,0,0,0,0,466,0,0,0,0,0,0,0,0,0,0,0,0,0,0,0,0,0,0,0,0,0
"D153",0,0,0,0,0,0,0,0,0,0,0,0,0,0,0,0,0,0,0,0,0,10,0,0,0,0,0,0,0,0,0,0,0,0,0,0,0,0,0,0,0,0,0,0,0,0,0,0,0,2,77,0,0,0,32,0,0,0,0,0,0,0,0,0,0,0,0,0,0,0,0,0,0,0,0,0,0,0,0,0,0,0,0,1,0,0,0,0,0,0,0,0,0,0,0,0,23,0,0,0,0,0,0,0,0,0,0,0,2,0,0,0,0,0,0,0,0,0,0,0,0,0,0,0,0,0,0,0,0,0,0,0,0,0,0,0,133,0,0,0,0,0,0,0,3,0,0,0,0,0,0,0,0,0,0,0,0,0,0,0,0,0,0,0,0,0,0,0,0,0,1422,0,0,0,0,0,0,0,0,0,0,0,0,0,0,0,0,0,0,0,0,0,0,0,0,0,0,0,0,0,0,0,0,0,0,0,0,0,0,0,0,0,0,0,0,0,0,0,0,0,0,0,0,0,0,0,0,0,0,0,0,0,0,0,0,0,0,0,0,0,0,0,0,0,0,0,0,0,0,0,0,0,0,0,0,0,0,0,0,0,0,0,0,0,0,0,0,0,0,0,0,0,0,0,0,0,0,0,0,0,0,0,0,0,0,0,0,0,0,0,0,0,0,0,0,0,0,0,0,0,0,3,0,0,0,0,0,0,0,0,0,0,0,0,0,0,0,0,0,0,0,0,0,0,0,0,0,0,0,1,0,0,0,0,0,0,0,0,0,0,0,0,0,0,0,0,0,0,0,0,0,0,0,0,0,0,0,0,0,0,0,0,0,0,0,0,0,0,0,0,0,0,0,0,0,0,0,2,0,0,0,0,0,0,0,10,0,0,0,0,0,0,0,9,0,0,0,0,0,0,0,0,0,0,0,0,0,0,0,0,0,0,0,0,0,0,0,37,0,0,0,0,0,0,0,0,0,0,0,0,0,0,0,0,0,0,0,0,0,0,0,0,0,0,0,0,0,0,0,0,0,0,0,0,0,0,0,0,0,0,0,0,0,0,0,0,0,0,0,0,0,0,0,0,0,0,0,0,0,0,10,0,0,0,0,0,0,0,0,0,0,0,0,0,0,0,0,0,0,0,0,0,0,0,0,0,0,0,0,0,0,0,0,0,0,0,2,0,0,0,0,0,0,0,0,0,0,0
"D154",0,33,2,0,0,15,70,7,101,0,0,0,44,0,7,2,3,17,20,5,13,2,0,30,4,6,1,0,0,0,3,20,3,24,0,0,0,6,0,3,19,95,116,22,67,13,8,0,22,0,11,74,2,22,0,1,3,5,0,55,0,0,44,6,0,0,0,0,0,0,0,2,30,12,0,0,22,0,0,6,3,6,17,0,0,19,0,0,1,0,0,9,12,97,0,41,0,4,0,0,0,0,142,3,0,5,0,18,0,0,0,0,0,8,0,3,3,0,56,0,1,2,20,0,0,0,9,0,0,83,8,0,3,20,4,0,0,0,0,46,7,1,18,0,13,0,5,17,12,4,28,0,0,4,0,9,26,2,18,20,2,0,17,2,1,4,25,11,6,6,0,0,0,11,0,49,12,14,28,1,2,1,0,0,22,23,0,25,3,1,5,13,5,0,3,0,0,15,2,41,0,0,197,34,0,138,1,0,2,0,0,0,0,1,0,0,3,25,0,11,0,0,104,105,7,0,0,1,0,0,3,0,5,0,4,14,60,0,0,3,9,5,5,0,0,2,0,4,0,1,30,6,184,0,0,0,1,0,0,4,25,0,0,0,48,241,0,0,5,24,27,10,45,113,24,0,128,54,24,1,2,6,0,47,1,16,0,0,12,5,7,0,27,0,18,151,0,2,50,90,0,0,5,82,6,0,23,19,0,49,2,0,32,3,9,6,0,0,0,0,3,0,0,4,4,0,0,0,22,0,6,8,0,2,2,0,0,29,14,0,49,5,0,0,101,3,4,8,0,25,7,4,7,0,0,0,6,0,0,0,0,0,2,13,0,28,0,4,0,0,1,6,0,0,12,0,4,0,0,16,35,1,0,2,0,0,14,38,0,0,17,6,11,0,18,15,0,4,0,0,3,4,6,0,0,0,2,0,52,0,0,14,81,6,80,2,0,0,0,0,0,0,126,7,20,0,0,0,73,0,0,0,4,56,0,0,39,158,10,0,0,22,17,0,0,2,100,3,3,10,3,82,4,38,0,9424,5,86,4,2,8,0,2,6,47,0,0,20,12,0,0,6,0,3,10,4,0,11,202,92,0,0,3,4,0,0,0,14,0,88,0,0,17,10,0,2,0,62,7,16,0,34,0,3,2,47,15,6,1,27,54,4,0,3,0,0,0,0,5,0,31,8,79,0,0,16,20,0
"D155",0,0,0,0,0,0,0,0,0,0,0,0,0,0,0,0,0,0,0,0,0,0,0,0,0,0,0,0,0,0,0,0,0,0,0,0,0,0,0,0,0,0,0,0,0,0,0,0,0,0,0,0,0,0,0,0,0,0,0,0,0,0,0,0,0,0,0,0,0,0,0,0,0,0,0,0,0,0,0,0,0,0,0,0,0,0,0,0,0,0,0,0,0,0,0,0,0,0,0,0,0,0,0,0,6,0,0,0,0,0,0,0,0,0,0,0,0,0,0,0,0,0,0,0,0,0,0,0,0,0,0,0,0,0,0,10988,0,0,0,0,0,0,0,0,0,0,0,0,0,0,0,0,0,0,2,0,0,0,0,0,0,0,0,0,0,0,0,0,0,0,0,0,0,0,0,0,0,0,0,0,0,0,0,0,0,0,0,0,0,0,0,0,0,0,0,0,0,0,0,0,0,0,0,0,0,0,0,0,0,8,0,0,0,0,0,0,0,0,0,0,0,0,0,0,0,0,0,0,0,0,0,4,0,0,0,0,0,0,0,0,0,0,0,0,0,0,0,0,0,0,0,0,0,0,0,0,0,0,0,0,0,0,0,0,0,0,0,0,0,0,0,0,0,0,0,0,0,0,0,0,0,0,0,0,0,0,0,0,0,0,0,0,0,0,0,0,0,0,0,0,0,0,1,0,0,0,0,0,0,0,0,0,0,0,0,0,0,0,0,0,0,0,0,0,0,0,0,0,0,0,0,0,0,0,0,0,0,0,0,0,0,0,0,0,0,0,0,0,0,0,0,0,0,0,0,0,0,0,0,0,0,0,0,0,0,0,0,0,0,0,0,0,0,0,0,0,0,0,0,0,0,0,0,0,0,0,0,0,0,0,0,0,0,0,0,0,0,0,0,0,0,0,0,0,0,0,0,0,0,0,0,0,0,0,0,0,0,0,0,0,0,0,0,0,0,0,0,0,3,0,0,0,0,0,0,0,0,0,0,0,0,0,0,0,0,0,0,0,0,0,0,0,0,0,0,0,0,0,0,0,0,0,0,0,0,0,0,0,0,0,0,0,0,0,0,0,0,0,0,0,0,0,0,0,0,0,0,0,0,0,0,0,0,0,0,0,0,0,0,0,0,0,0,0,0,0,0,0,0,0,0,0,0,0,0,0,0,0,0,0,0,0,0,0,0,0,0,0
"D156",0,0,0,0,0,0,0,0,0,0,0,0,0,0,0,0,0,0,0,0,0,0,0,0,0,0,0,0,0,0,0,0,0,3,0,0,0,0,0,0,0,0,0,0,0,0,0,0,0,0,0,0,0,0,0,0,0,0,0,0,0,0,0,0,0,0,0,0,0,0,0,0,0,0,0,0,0,0,0,0,0,0,0,0,0,0,0,0,0,0,0,0,0,0,0,0,0,0,0,0,0,0,0,0,0,0,0,0,0,0,0,0,0,0,0,0,0,0,0,0,0,0,0,0,0,0,0,0,0,0,0,0,0,0,0,0,0,0,0,0,0,0,0,0,0,0,0,0,0,0,0,0,0,0,0,0,0,0,0,0,0,0,0,0,0,0,132,0,0,0,0,0,0,0,0,0,0,0,0,0,0,0,0,0,0,0,0,0,0,0,0,0,0,0,0,0,0,0,0,0,0,0,0,0,0,0,0,0,0,0,0,0,0,0,0,0,0,0,0,0,0,0,0,0,0,0,0,0,0,0,0,0,0,0,0,0,0,0,0,0,0,0,0,0,0,0,0,0,0,0,0,0,0,0,0,0,0,0,0,0,0,0,0,0,0,0,0,0,0,0,0,2,0,0,4,0,0,0,0,0,0,0,0,0,0,0,0,0,0,0,0,0,0,0,0,0,0,0,0,0,0,0,7,0,0,0,0,0,0,0,0,9,0,0,0,0,0,0,0,0,0,0,0,0,0,0,0,0,0,0,0,0,0,0,0,0,0,0,0,0,0,0,0,0,0,0,0,0,0,0,0,0,0,0,0,2,2,0,0,0,0,0,0,0,0,0,0,0,0,0,0,0,0,0,0,0,0,2,0,0,0,0,0,0,0,0,0,3,0,0,0,0,0,0,0,0,0,0,0,0,0,0,0,0,0,0,0,0,2,0,0,0,0,0,0,0,0,0,0,0,0,0,0,0,0,0,0,0,9,0,0,0,0,0,0,0,0,0,0,0,0,0,0,0,0,0,0,0,0,0,0,0,0,0,0,0,0,0,0,0,0,0,0,0,0,0,0,0,0,0,0,0,0,0,0,0,0,0,0,0,0,0,0,0,0,0,0,0,0,0,0,0,0,0,0,0,0,0,0,0,0,0,0,0,0,0,0,0,0,0,0,0,0,0,0,0,0,0,0,0,0,0,0,0,0,0,0,0
"D157",0,0,0,0,0,0,0,0,0,0,0,0,0,0,0,0,0,0,0,0,0,0,0,0,0,0,0,0,0,0,0,0,0,0,0,0,0,0,0,0,0,0,0,0,0,0,0,0,0,0,0,0,0,0,0,0,0,0,0,0,0,0,0,0,0,0,0,0,0,0,0,0,0,0,0,0,0,0,0,0,0,0,0,0,0,0,0,0,0,0,0,0,0,0,0,0,0,0,0,0,0,0,0,0,0,0,0,0,0,0,0,0,0,0,0,0,0,0,0,0,0,0,0,0,0,0,0,0,0,0,0,0,0,0,0,0,0,0,0,0,0,0,0,0,0,0,0,0,0,0,0,0,0,0,0,0,0,0,0,0,0,0,0,0,0,0,0,0,0,0,0,0,0,0,0,0,0,0,0,0,0,0,0,0,0,0,0,0,0,0,0,0,0,0,0,0,0,0,0,0,0,0,0,0,0,0,0,0,0,0,0,0,0,0,0,0,0,0,0,0,0,0,0,0,0,0,19,0,0,0,0,2,0,71,0,0,0,0,0,0,0,0,0,34,0,0,0,0,0,0,0,0,0,0,0,0,0,0,0,0,0,0,0,0,0,0,0,0,0,0,0,0,0,0,0,0,0,0,0,0,0,0,0,0,0,0,0,0,0,0,0,0,0,0,0,0,0,0,0,0,0,0,0,0,0,0,0,0,0,0,0,0,0,0,0,0,0,0,0,0,0,0,0,0,0,0,0,0,0,0,0,0,0,0,0,0,0,0,0,49,0,0,0,0,0,0,0,0,0,0,0,0,0,0,0,0,0,0,0,0,0,0,0,0,0,0,0,0,2,0,0,0,0,0,0,20,0,0,0,0,0,0,0,0,0,0,0,0,25,0,0,0,0,0,0,0,0,0,0,0,0,0,0,0,0,0,0,0,0,0,0,0,0,0,0,0,0,0,0,0,0,0,0,0,0,0,0,29,0,0,0,0,0,0,0,0,0,0,0,0,21,0,0,0,0,0,0,0,0,0,0,0,0,0,0,0,0,0,0,0,0,0,0,0,0,0,4,0,0,0,0,0,0,0,0,0,0,0,0,0,0,0,0,0,0,0,0,0,0,0,0,1201,0,0,0,0,0,0,0,0,0,0,0,0,0,0,0,0,0,0,0,0,0,0,0,0,0,0,0,3,0,0,0,0,0,0,0,0
"D158",0,0,0,0,0,0,0,0,0,10,3,34,0,0,1,13,7,0,0,0,0,2,0,0,0,0,0,0,0,0,0,512,0,0,84,0,0,0,0,0,0,0,0,0,0,443,0,266,0,0,0,0,0,0,0,0,0,0,0,53,0,348,0,0,0,0,0,0,0,0,0,0,0,0,0,0,0,2195,0,0,0,0,0,789,0,0,180,0,0,17,0,12,0,0,0,0,449,13,0,0,0,0,0,0,0,0,0,0,0,0,0,0,0,0,0,0,2,1228,0,0,0,0,0,0,206,0,39,0,0,0,0,0,0,1,1,0,0,0,0,0,0,0,0,10,3,0,0,0,0,0,0,0,0,0,0,0,0,2,0,0,0,0,0,24,0,0,0,0,0,0,0,0,843,0,0,0,0,0,0,0,0,0,39,0,0,0,0,0,0,0,0,0,0,0,0,0,0,0,0,0,52,0,2,0,0,0,0,144,0,310,41,11,0,0,0,0,0,0,0,2,0,0,0,0,0,0,0,114,0,0,0,0,0,0,0,0,0,0,0,0,0,0,0,0,0,5,0,0,0,0,0,0,0,0,10,0,0,0,3,1,0,0,0,0,0,0,0,0,0,0,0,0,0,0,0,0,0,0,0,2,0,0,0,0,0,0,0,0,10,0,0,0,0,0,0,0,0,0,0,0,0,1926,0,0,153,16,0,0,0,0,0,10,0,0,0,0,0,0,0,0,0,0,175,2,0,0,0,0,0,256,0,0,0,0,0,0,0,0,0,0,0,0,0,0,0,0,0,22,1,0,0,0,0,0,0,25,0,777,1,76,26,0,0,0,167,0,0,0,0,0,0,0,0,401,0,0,0,0,0,0,0,0,0,0,26,760,0,11,0,0,0,0,0,1717,0,0,17,0,0,0,0,0,92,0,0,0,0,0,0,0,0,0,0,0,102,0,0,658,1959,0,0,0,0,0,0,9,0,0,0,0,9,0,0,0,53,0,0,0,0,0,0,0,0,0,0,0,0,0,0,0,0,0,0,0,0,0,0,0,0,0,0,0,10,0,0,0,0,0,0,0,0,0,135,0,0,0,0,0,0,31,1642,0,0,0,421,0,0,0,0,0,0,0,0,0,0,0,0,0,0,6,0,0,0,0,0,0,0,0,0,0,0,0,0,18,0,0,1669,308,0,7,0,0,0,8,0,0,0,0
"D159",0,0,0,0,0,0,0,0,0,0,0,0,0,0,0,0,0,0,0,0,0,0,0,0,0,0,0,0,0,0,0,0,0,0,0,0,0,0,0,0,0,0,0,0,0,0,0,0,0,0,0,0,0,0,0,0,0,0,0,0,0,0,0,0,0,0,0,0,0,0,0,0,0,0,0,0,0,0,0,0,0,0,0,0,0,0,0,0,0,0,0,0,0,0,0,0,0,0,0,0,0,0,0,0,0,0,0,0,0,0,0,0,0,0,0,0,0,0,0,0,0,0,0,0,0,0,0,0,0,0,0,0,0,0,0,1864,0,0,0,0,0,0,0,0,0,0,0,0,0,0,0,0,0,0,0,0,0,0,0,2,0,0,0,0,0,0,0,0,0,0,0,0,0,0,0,0,0,0,0,0,0,0,0,0,0,0,0,0,0,0,0,0,0,0,0,0,0,0,0,0,0,0,0,0,0,0,0,0,0,0,0,0,4,0,0,0,0,0,0,0,0,0,0,0,0,0,0,0,0,0,0,0,0,0,0,0,0,0,0,0,0,0,0,0,0,0,0,0,0,0,0,0,0,0,0,0,0,0,0,0,0,0,0,0,0,0,0,0,0,0,0,0,0,0,0,0,0,0,0,0,0,0,0,0,0,0,0,0,0,0,0,0,0,0,0,0,0,0,0,0,0,0,0,0,0,0,0,0,0,0,0,0,0,0,0,0,0,0,0,0,0,0,0,0,0,0,0,0,0,0,0,0,0,0,0,0,0,0,0,0,0,0,0,0,0,0,0,0,0,0,0,0,0,0,0,0,0,0,0,0,0,0,0,3,0,0,0,0,0,0,0,0,0,0,0,0,0,0,0,0,0,0,0,0,0,0,0,0,0,0,0,0,0,0,0,0,0,0,0,0,0,0,0,0,0,0,0,0,0,0,0,0,0,0,0,0,0,0,0,0,0,0,0,0,0,0,0,0,2,0,0,0,0,0,0,0,0,0,0,0,0,0,0,0,0,0,0,0,0,0,0,0,0,0,0,0,0,0,0,0,0,0,0,0,0,0,0,0,0,0,0,0,0,0,0,0,0,0,0,0,0,0,0,0,0,0,0,0,0,0,0,0,0,0,0,0,0,0,0,0,0,0,0,0,0,0,0,0,0,0,0,0,0,0,0,0,0,0,0,0,0,0,0,0,0,0,0,0
"D160",0,0,56,0,0,13,0,0,0,0,0,31,19,0,0,0,4,0,308,0,0,0,0,16,0,0,0,0,0,0,0,554,0,4,0,0,4,5,0,0,0,2,10,0,0,23,0,0,0,0,0,0,0,0,0,0,3,23,0,0,0,3,33,0,0,0,0,0,11,0,0,0,3,401,0,31,0,0,0,0,168,0,0,0,0,0,5,0,0,0,7,0,87,11,0,0,0,0,68,0,0,1,977,0,0,19,0,11,0,0,0,0,0,0,18,0,0,35,0,0,0,35,19,0,0,0,0,0,0,0,3,0,0,0,15,0,0,0,0,0,0,74,0,0,0,0,10,32,0,0,0,0,0,0,0,0,321,52,0,0,0,0,0,0,0,0,0,0,1,0,0,5,0,0,0,25,109,0,7,0,5,13,0,0,34,0,0,2,0,0,0,107,0,0,0,0,0,0,8,0,0,0,0,12,0,0,0,0,0,0,0,0,0,9,0,0,0,0,0,0,0,0,46,0,0,25,0,13,0,0,0,0,10,0,86,0,1,21,8,5,0,10,0,0,0,1,4,0,0,90,15,0,249,0,0,0,0,0,0,0,0,5,0,0,64,0,0,0,2,88,34,0,1,0,0,0,4,17,0,0,0,0,0,8,10,0,76,0,0,0,17,0,0,0,57,158,52,5,0,0,246,0,0,0,0,6,4,0,0,88,0,18,0,0,6,0,31,0,0,0,17,29,9,0,175,0,37,0,48,15,0,0,0,0,2,0,0,0,0,0,100,183,0,0,58,54,0,7,0,0,0,34,0,1874,0,4,10,0,0,137,2,3,15,0,0,0,0,38,0,0,1,105,0,0,0,0,65,0,7,328,0,4,0,0,5,0,1627,0,0,0,0,0,33,0,0,25,0,0,0,0,0,0,4,0,0,0,0,0,0,0,0,0,647,0,37,0,0,0,0,0,0,13,0,0,25,0,0,0,0,0,0,0,0,0,0,0,0,441,0,0,0,0,10,0,59,0,3,36,13,0,11,0,88,0,0,0,22,111,128,0,94,0,5,0,0,0,0,0,0,0,0,0,0,0,11,0,38,10,0,0,0,14,0,0,0,0,6,44,0,54,0,0,0,0,0,31,0,188,4,5,39,0,0,0,0,0,2,0,0,0,51,2,0,42,0,0,0,2,2,0,0,228,12,0,1,0,0,0
"D161",0,0,0,0,0,0,0,0,0,0,0,0,0,0,0,0,0,0,0,0,0,0,0,0,0,0,0,0,0,0,0,0,0,0,0,0,0,0,0,0,0,0,0,0,0,0,0,0,0,0,0,0,0,0,0,0,0,0,0,0,0,0,0,0,0,0,0,0,0,0,0,0,0,0,0,0,0,0,0,0,0,0,0,0,0,0,0,0,0,0,0,0,0,0,0,0,0,0,0,0,459,0,0,0,0,0,0,0,0,0,0,0,0,0,0,0,0,0,0,0,0,0,0,0,0,0,0,0,0,0,0,0,0,0,0,0,0,0,0,0,0,0,0,0,0,0,0,0,0,0,0,0,0,0,0,0,0,0,0,11,0,0,0,0,0,0,0,0,0,0,0,0,0,0,1,0,0,0,0,0,0,0,0,0,0,0,0,0,0,0,0,0,0,0,0,0,0,0,0,0,0,69,0,0,0,0,0,0,0,0,0,0,0,0,0,0,0,0,0,0,0,0,0,2,0,0,0,0,0,0,0,0,0,0,0,0,0,0,35,0,0,0,0,0,0,0,0,0,0,0,0,0,0,0,0,0,0,0,0,0,0,0,0,0,0,0,0,0,0,0,0,0,0,0,0,0,0,0,0,0,0,0,0,0,0,0,0,0,0,0,0,0,0,0,0,0,0,0,0,0,0,0,0,0,0,0,0,0,0,0,0,0,0,0,0,0,0,0,0,0,0,0,0,0,0,0,0,0,0,0,0,0,0,0,0,0,0,0,0,0,0,0,1,0,0,0,0,0,0,0,0,0,0,0,0,0,0,0,0,0,0,0,0,0,0,0,0,0,0,0,0,0,0,0,0,0,0,0,0,0,0,0,0,0,0,0,0,0,0,0,0,0,0,0,0,0,0,0,0,0,238,0,0,0,0,0,0,0,2,0,0,0,0,0,0,0,0,0,0,0,0,0,0,0,0,0,0,0,0,0,0,0,0,0,0,0,0,0,0,0,0,0,0,0,0,0,0,0,0,0,0,0,0,135,0,0,0,0,0,0,0,0,0,0,0,0,0,0,0,0,0,0,0,0,0,0,0,0,0,0,0,0,0,0,0,0,0,0,0,0,0,0,0,0,0,0,0,0,0,0,0,0,0,0,0,0,9,0,0,0,0,0,0,0,0,0,0,0,0,0,0,0,0,0,0,0,0,0
"D162",0,0,0,0,0,0,0,0,0,0,0,0,0,11,0,0,4,0,0,0,9,0,0,0,0,0,0,0,0,0,0,0,0,0,0,0,0,0,0,0,0,0,0,0,0,0,0,0,29,0,0,0,0,0,0,0,0,0,0,0,0,0,110,0,0,0,0,0,0,0,0,0,0,0,0,0,0,0,0,0,0,0,0,17,0,0,75,0,2,0,0,0,0,0,0,0,0,11,0,0,0,0,0,0,0,2,0,0,0,0,0,0,0,0,0,0,0,302,0,0,0,0,0,0,0,0,5,0,0,62,0,0,0,0,0,0,0,0,0,0,0,2,0,0,28,0,0,0,0,0,0,0,0,0,0,0,0,0,0,0,0,0,0,0,0,0,0,0,0,0,0,1,42,0,0,0,0,0,525,0,0,0,0,0,0,0,0,0,0,0,0,0,0,0,0,0,0,0,0,0,0,0,646,0,0,0,0,0,0,0,0,0,0,0,0,0,0,0,0,0,0,0,0,0,0,0,0,0,0,0,0,0,0,0,0,0,2,0,0,0,0,0,0,0,0,0,0,0,0,0,0,0,0,0,0,0,0,0,0,0,49,0,0,251,0,51,0,0,0,0,0,0,0,0,0,0,2,0,0,0,0,0,0,0,0,0,0,0,0,0,0,0,0,0,0,0,0,0,0,0,0,0,0,0,0,0,0,0,0,0,0,0,0,0,0,0,15,0,0,0,0,0,0,35,0,0,0,0,0,0,0,0,0,0,0,0,0,0,0,0,0,0,0,0,0,0,0,0,0,0,0,0,0,0,0,0,0,0,1,211,0,0,0,0,0,0,0,0,0,0,0,0,0,4873,0,0,0,0,0,0,0,0,88,0,0,0,0,0,0,0,0,0,0,0,0,0,0,0,0,0,0,0,0,0,0,0,0,0,0,0,0,0,0,2,0,0,0,0,0,0,0,0,0,0,0,2,21,0,0,0,0,0,2,0,0,0,0,0,0,0,0,0,0,0,0,0,0,0,0,0,0,0,0,0,0,0,0,0,0,0,0,0,0,0,0,0,0,0,0,0,0,0,0,0,0,0,0,0,0,2,0,0,0,0,16,0,0,0,0,0,0,0,0,0,0,0,0,0,0,0,0,0,0,0,2,0,0,14,0,0,98,0,0,0,0,0,0,0,0,0,0,0,5,0,0,0,0,0
"D163",0,0,0,0,0,0,0,0,0,0,0,0,0,0,0,0,0,0,0,0,0,0,0,0,0,0,0,0,0,0,0,0,0,0,0,0,0,0,0,0,0,0,0,0,0,0,0,0,0,0,0,0,0,0,0,0,0,0,0,0,0,0,0,0,0,0,0,0,0,0,0,0,0,0,69,0,0,0,0,0,0,0,0,0,0,0,0,0,0,0,0,0,0,0,0,0,0,0,0,0,12,0,0,0,0,0,0,0,0,0,0,0,0,0,0,0,0,0,0,0,0,0,0,0,0,0,0,0,0,0,0,0,0,0,0,0,0,0,0,0,0,0,0,0,0,0,0,0,0,0,0,0,0,0,0,0,0,0,0,0,0,0,0,0,0,0,0,0,0,0,0,0,0,0,0,0,0,0,0,0,0,0,0,0,0,0,0,0,0,0,0,0,0,0,0,0,0,0,0,0,0,396,0,0,0,0,0,0,0,0,0,0,0,0,0,0,0,0,0,0,0,0,0,0,0,0,71,0,0,0,0,0,0,7,0,0,0,0,0,0,0,0,0,244,0,0,0,0,0,0,0,0,0,0,0,0,0,0,0,0,0,0,0,0,0,0,0,0,0,0,0,0,0,0,0,0,0,0,0,0,0,0,0,0,0,0,0,0,0,0,0,0,0,0,0,0,0,0,0,0,0,0,0,0,0,0,0,0,0,0,0,0,0,0,0,0,0,0,0,0,0,0,0,0,0,0,0,0,0,0,0,0,0,0,0,0,0,0,0,35,0,0,0,0,0,0,0,0,0,0,0,0,0,0,0,0,0,0,0,0,0,0,0,0,0,0,0,0,0,0,0,0,0,0,0,45,0,62,0,0,0,0,0,0,0,0,0,0,0,0,0,0,0,0,0,0,0,0,0,0,0,0,0,0,0,0,0,0,0,0,0,0,0,0,0,0,0,0,0,15,0,0,0,0,0,0,0,0,0,595,0,0,0,0,0,0,0,0,0,0,145,0,0,0,0,0,0,0,0,0,0,0,0,101,0,0,0,0,0,0,0,0,0,0,0,0,674,0,0,0,0,0,0,0,0,0,0,0,0,0,0,0,0,0,0,0,0,0,0,0,0,13581,0,0,0,0,0,0,0,0,0,0,0,0,0,0,398,0,0,0,0,0,0,0,0,0,0,0,0,0,0,0,0,0,0,0,0,0
"D164",0,0,0,0,0,0,0,0,43,0,0,0,0,0,0,0,0,0,0,0,0,0,0,0,0,0,0,0,0,0,0,0,0,0,0,0,0,0,0,0,0,0,0,0,0,0,0,0,0,0,0,0,0,0,0,0,0,0,0,0,0,0,0,0,0,0,0,0,0,0,0,0,0,0,23,0,0,0,0,0,0,0,0,0,0,0,0,0,0,0,0,0,0,0,0,0,0,0,0,0,0,0,0,0,0,0,0,0,21,0,0,0,0,0,0,0,0,0,0,0,0,0,0,0,0,0,0,0,0,0,0,0,0,0,0,0,0,0,0,0,0,0,0,0,0,0,0,0,0,0,0,0,0,0,0,0,0,0,0,0,0,0,0,0,0,0,0,0,0,0,0,0,0,0,0,0,0,0,0,0,0,0,0,0,0,0,0,0,0,0,0,0,0,0,0,0,0,0,0,0,0,0,0,0,0,0,0,0,0,0,0,0,0,0,0,0,0,0,0,0,0,0,0,0,0,0,0,0,0,738,0,0,0,0,0,0,0,0,0,0,0,0,0,0,0,0,0,0,0,0,0,0,0,0,0,0,0,0,2,0,0,0,0,0,0,0,0,0,0,0,0,0,0,0,0,0,0,0,0,0,0,0,0,0,0,0,0,0,0,0,0,0,0,9,0,0,0,0,0,0,0,0,0,0,0,0,0,0,0,0,0,0,0,0,0,0,0,0,0,0,0,0,0,0,0,0,0,0,0,0,0,0,0,0,0,0,0,0,0,1,0,0,199,0,0,0,0,0,0,0,0,0,0,0,0,0,0,0,0,0,0,0,0,0,0,0,0,0,0,0,0,0,0,0,0,0,0,0,0,0,0,0,0,0,0,0,0,0,0,0,0,0,0,0,0,0,0,0,0,0,10684,0,0,0,0,0,116,0,9,0,0,0,0,0,0,0,0,0,0,0,0,0,0,0,0,0,0,5,0,0,0,0,0,0,0,0,0,0,0,0,6,0,0,0,0,0,0,0,0,0,0,0,0,5102,0,3,0,0,0,0,0,0,0,0,0,0,5,0,0,0,0,0,0,0,0,0,0,0,0,0,0,0,0,0,0,0,0,0,0,0,0,18,0,0,0,0,0,0,0,3,0,0,0,0,0,0,63,0,0,0,0,0,0,0,0,0,0,0,0,0,0,0,0,0,0,0,0,0
"D165",2,35,0,0,0,3,5,0,0,5,0,0,16,0,7,0,0,4,0,26,0,2,0,5,0,2,0,0,0,9,0,3,24,0,0,0,4,0,0,0,0,0,33,0,48,0,7,0,7,0,3,47,0,0,0,8,6,0,0,6,0,0,0,0,0,0,0,275,0,2,0,0,0,0,0,0,0,0,0,0,0,0,0,0,0,29,0,0,0,0,0,0,15,0,0,0,0,0,0,0,0,0,110,24,3,0,0,0,0,0,0,0,0,0,0,0,0,0,43,0,0,0,2,0,0,0,0,0,0,0,0,0,0,0,0,0,0,0,9,0,0,0,0,0,0,0,0,0,14,0,0,1,5,0,0,0,0,0,0,0,0,0,0,0,0,0,0,0,0,0,0,0,0,0,0,0,0,0,0,0,0,0,0,0,0,4,0,0,0,0,7,0,6,0,0,0,0,2,0,0,0,6,0,214,0,0,0,0,0,0,0,0,16,0,0,0,33,14,0,0,0,0,0,0,0,0,0,0,0,0,0,0,0,0,0,2,0,0,0,0,0,0,14,0,3,0,0,0,0,2,0,0,86,0,0,0,0,0,0,2,0,0,0,0,0,0,5,0,0,9,0,0,0,4,1,0,0,15,3,0,24,0,0,4,3,0,0,0,0,40,3,0,0,0,19,0,0,0,1,39,17,0,3,8,0,0,3,0,0,0,0,0,0,4,19,5,2,0,0,0,0,0,0,0,0,1,0,0,0,0,0,26,0,0,0,24,29,0,0,0,0,42,0,12,0,2,0,0,0,34,0,0,0,0,0,0,0,0,0,0,0,0,1,11,0,0,0,0,0,0,0,0,0,0,0,0,0,3,0,17,243,0,4,0,0,0,0,0,0,0,2,23,0,0,14,0,0,9,1,0,0,0,0,0,0,8,0,0,7,3,3,0,0,0,0,0,0,0,0,0,0,0,0,0,0,0,0,0,5,0,0,0,3,10,0,0,0,122,712,3,0,0,0,0,0,0,2,4,0,35,11,391,0,0,0,0,0,0,24,0,0,5,0,0,0,0,0,37,0,0,0,0,0,0,0,0,0,0,0,27,0,0,0,2,0,0,0,0,0,0,0,0,0,0,0,0,0,15,0,8,5,0,0,3,0,30,21,0,0,46,0,0,0,0,0,0,0,0,0,0,2,22,0,0,2,0,0,0
"D166",2,0,0,3,0,0,0,0,0,0,6,2,2,0,0,0,0,0,0,0,0,0,0,0,0,0,0,0,0,0,0,0,0,4,0,0,0,0,0,0,0,0,0,0,0,0,0,0,0,0,0,3,0,0,0,0,0,0,0,0,0,0,0,5,0,52,0,0,0,0,0,0,0,0,0,0,0,0,3,0,0,0,0,0,0,0,0,9,0,0,0,0,0,0,0,0,0,0,0,0,0,0,0,0,41,0,11,0,0,0,0,0,0,3,0,0,10,0,0,9,0,0,0,0,0,0,0,5,0,0,0,0,0,0,0,0,0,0,0,0,0,0,0,0,0,0,0,0,0,0,8,0,17,0,21,0,0,0,0,7,0,0,0,0,0,0,0,0,0,0,0,0,0,0,23,0,0,0,0,0,0,0,0,0,0,0,0,0,0,0,2,0,0,0,3,0,2,0,0,0,0,9,0,0,0,0,0,0,0,0,0,0,5,0,0,0,0,2,18,0,0,0,0,0,0,0,0,0,0,0,0,24,0,6,0,0,0,0,0,0,0,0,0,0,0,0,0,0,0,0,0,0,5,2,4,0,0,0,3,7,0,0,0,0,0,0,0,0,0,0,0,0,0,0,6,4,0,4,0,0,0,0,0,0,0,0,0,8,0,0,0,0,0,2,0,0,0,0,0,0,0,0,0,0,0,3,0,0,10,0,0,10,0,0,2,0,0,97,0,0,0,0,0,0,0,0,0,11,0,0,0,63,0,0,0,3,4,0,0,0,0,0,0,0,0,0,0,0,0,0,0,0,0,0,0,12,0,0,0,0,0,0,6,6,0,0,0,0,27,0,0,0,0,0,0,0,0,0,0,0,0,0,0,0,0,0,0,0,0,0,0,0,0,0,0,0,0,0,0,0,0,4,0,0,0,0,0,0,0,3,0,0,0,0,0,0,0,0,0,6,1444,0,0,0,0,0,0,0,0,0,0,0,0,0,0,0,0,8,0,0,0,0,0,0,0,0,0,0,0,0,0,9,0,109,0,14,0,6,0,0,0,0,0,0,0,0,0,0,20,0,28,0,0,0,0,0,0,0,0,0,0,0,0,0,0,0,0,0,0,0,0,0,0,0,0,0,0,6,0,3,0,0,0,0,0,0,16,0,0,2,0,0,0,0,0,8,0,0,0,0,0,0,0,0,0,0,0,0
"D167",0,0,0,0,0,0,0,0,0,0,0,0,0,0,0,0,0,0,0,0,0,0,0,0,0,0,0,140,0,0,0,0,0,0,0,0,0,0,0,0,0,0,0,0,0,0,0,0,0,0,0,0,0,0,0,0,0,0,0,0,0,0,0,0,0,0,0,0,0,0,34,0,0,0,0,0,0,0,0,0,0,0,0,0,0,0,0,0,0,0,0,0,0,0,0,0,0,0,0,436,0,0,0,0,0,0,0,0,0,0,1392,0,0,0,0,0,0,0,0,0,0,0,0,0,0,0,0,0,135,0,0,0,0,0,0,0,0,0,0,0,0,0,0,0,0,0,0,0,0,0,0,0,0,0,0,0,0,0,0,0,0,0,0,0,0,0,0,0,0,0,0,0,0,0,0,0,0,0,0,0,0,0,0,0,0,0,0,0,0,0,0,0,0,0,0,3430,371,0,0,0,0,0,0,0,0,0,0,0,0,0,0,0,0,0,0,0,0,0,0,0,0,0,0,0,0,0,0,0,0,0,0,1713,0,1,0,0,0,0,0,0,0,0,0,0,0,0,0,0,0,0,0,0,0,0,0,0,0,0,0,0,0,0,0,0,0,0,0,0,0,0,0,0,0,0,0,0,0,0,0,0,0,0,906,0,0,0,0,0,0,0,0,0,0,0,0,0,0,0,0,0,0,0,0,0,0,0,0,0,0,0,0,0,0,0,0,0,0,0,415,0,0,0,0,0,0,0,0,0,0,0,0,0,0,0,0,0,0,0,0,0,0,0,0,0,0,0,0,0,0,0,0,0,0,0,0,0,0,0,0,0,0,0,0,0,0,0,0,0,3264,0,0,0,0,0,0,0,0,0,0,0,0,0,0,0,0,0,0,0,0,0,0,0,0,0,0,0,0,0,0,0,0,0,0,0,0,0,0,0,0,0,0,0,0,0,0,0,0,0,0,0,1820,0,0,0,0,0,0,0,0,0,0,0,0,0,0,551,0,0,0,0,0,0,0,0,0,0,0,0,0,0,0,0,0,0,0,4,0,0,0,0,0,0,0,0,0,0,0,0,0,0,0,0,0,0,0,0,0,0,0,0,0,0,0,0,0,0,0,0,0,0,799,0,0,0,0,0,0,0,0,2,0,0,0,0,0,0,0,0,0,0,0,0,0,0,0,8,0,0,0,0,0,0,0,0,0,0,0,0
"D168",0,0,0,0,0,0,0,0,0,0,0,26,0,0,0,0,0,0,0,0,0,0,0,0,0,0,0,0,0,0,0,0,0,0,0,0,0,0,1,0,0,0,0,0,0,0,0,0,0,0,0,0,0,0,0,0,0,0,0,0,0,0,0,0,0,0,0,0,0,0,0,0,0,0,0,0,0,0,0,0,0,0,0,0,0,0,0,0,0,0,0,0,0,0,0,0,0,0,0,0,0,0,0,0,0,0,0,0,0,0,0,1,0,0,0,0,0,0,0,0,0,0,0,0,0,0,0,0,0,0,0,0,0,0,0,2154,0,0,0,0,0,0,0,0,0,0,0,0,0,0,0,0,0,0,0,0,0,0,0,0,0,0,0,0,0,0,0,0,0,0,0,0,0,0,0,0,0,0,0,0,0,0,0,0,405,0,0,0,0,0,0,0,0,0,0,0,0,0,0,0,0,0,0,0,0,0,0,0,0,0,0,0,0,0,0,0,0,0,0,0,0,0,0,0,0,0,0,0,0,0,0,0,0,0,0,0,0,0,0,0,0,0,2,0,0,0,0,0,0,0,0,0,0,0,0,0,0,0,0,0,0,0,0,0,0,0,0,0,0,0,0,0,0,0,0,0,0,0,0,0,0,0,0,0,0,0,0,0,0,0,0,0,0,0,0,0,0,0,0,0,0,0,0,0,0,0,0,0,0,0,0,0,0,0,0,0,0,0,0,0,0,0,0,0,0,0,0,0,0,0,0,0,0,0,0,0,0,0,0,0,0,0,0,0,0,0,0,0,0,0,0,0,0,0,0,0,0,0,0,0,0,0,0,0,0,0,0,0,0,0,0,0,0,0,0,0,0,0,0,0,0,0,0,0,0,0,0,0,0,0,0,0,0,0,0,0,0,0,0,0,0,0,0,0,0,0,0,0,0,0,0,0,0,0,0,0,0,0,0,0,0,0,0,0,0,0,0,0,0,0,0,0,0,0,0,0,0,0,0,0,0,0,0,0,0,0,0,0,0,0,0,0,0,0,0,0,0,0,0,0,0,0,0,0,0,0,0,0,0,0,0,0,0,0,0,0,0,0,0,0,0,0,0,0,0,0,0,0,0,0,0,0,0,0,0,0,0,0,0,0,0,0,0,0,0,0,0,0,0,0,0,0,0,0,0,0,0,0,0,0,0,0,0,0,0,0,0,0
"D169",0,0,0,0,0,0,0,0,0,0,0,3,0,1,0,0,2,0,0,0,0,0,0,0,0,0,0,0,0,0,0,0,0,0,2395,0,0,0,0,0,0,0,0,0,0,12,0,0,0,0,0,0,0,0,0,0,0,0,0,2,0,13,0,0,0,0,0,0,0,2,0,0,0,0,0,0,24,753,0,0,0,0,0,276,0,0,10,0,0,15,0,0,0,0,0,0,665,103,0,0,0,0,0,0,0,0,0,0,0,0,0,0,0,0,0,0,3,1665,0,0,0,0,0,0,108,0,0,0,0,0,0,0,0,3,0,0,0,0,0,0,0,0,0,0,5,0,0,0,0,0,0,0,0,0,0,0,0,4,2,0,0,2,0,9,0,0,0,0,0,0,0,0,1191,0,0,0,0,0,0,0,0,0,9,0,0,0,0,0,0,0,0,0,0,0,0,0,0,0,0,0,4,0,0,0,0,0,0,113,0,72,0,50,0,0,0,0,0,0,0,0,4,0,0,0,0,0,0,1,0,0,0,3,0,0,0,0,0,0,0,0,0,0,0,0,0,1,0,0,0,0,0,0,0,0,0,0,0,0,0,0,0,0,0,0,0,0,7,0,0,0,0,0,0,0,0,0,0,0,0,0,0,0,0,0,0,0,0,0,0,0,0,0,0,0,0,0,0,0,0,0,0,636,0,0,43,0,0,0,0,0,0,3,0,0,0,0,0,0,0,0,0,0,32,7,0,0,0,0,0,76,0,0,0,0,0,0,0,0,0,0,0,0,0,0,0,0,0,3,1,0,0,0,0,2,0,2,0,1328,0,0,0,0,0,0,11,0,0,0,0,0,0,0,0,2586,0,0,0,0,0,0,0,0,0,0,4,2221,0,0,0,0,0,0,0,335,0,0,578,0,0,0,0,0,61,0,0,0,0,0,0,0,0,0,0,0,635,0,0,3415,1526,0,0,0,0,0,0,0,0,0,0,0,0,0,0,0,48,0,0,0,0,0,0,0,0,0,0,0,0,0,0,0,0,0,0,0,0,0,0,0,0,0,0,0,0,0,0,0,0,0,0,0,0,1,317,0,0,0,0,0,0,2,3060,0,0,0,1479,0,0,0,0,0,0,0,0,0,0,0,0,0,0,0,0,0,0,0,0,0,0,0,0,0,0,0,0,0,0,0,5307,452,0,14,0,0,0,5,0,0,0,0
"D170",0,0,0,0,0,0,0,0,0,0,0,14,0,0,0,0,0,0,0,0,0,0,0,0,0,0,0,0,53,0,0,0,0,0,0,0,0,0,0,0,0,0,0,0,0,0,0,0,0,0,21,0,0,0,0,0,0,0,0,0,0,0,0,0,0,851,0,123,0,0,0,0,0,0,8,0,0,0,0,0,0,0,0,0,0,0,0,0,0,0,0,0,0,0,0,0,0,0,0,0,0,0,0,0,0,0,0,0,0,0,0,0,0,0,95,0,0,0,0,0,0,0,0,0,0,0,0,0,0,0,0,0,0,0,0,0,0,0,0,0,0,0,0,0,0,0,0,0,0,0,0,0,0,0,0,0,0,0,0,7,0,0,0,0,0,0,30,0,0,0,0,0,0,0,0,0,0,0,0,0,0,0,0,0,0,0,0,0,0,0,0,0,0,12,0,0,0,0,0,0,0,0,0,0,0,0,0,0,0,0,0,0,0,0,17,0,0,0,0,0,0,0,0,0,0,0,31,0,0,4,0,0,0,0,0,0,0,0,0,0,0,0,0,0,0,0,0,0,2,0,0,0,0,0,0,0,0,0,0,0,0,0,0,0,0,0,0,0,0,0,0,0,0,0,5,0,0,0,0,0,0,0,0,0,0,0,0,0,0,0,0,0,0,0,0,0,0,0,0,0,0,0,0,0,0,2,0,0,0,0,0,58,5378,0,0,0,0,0,0,0,0,0,0,0,0,0,0,0,0,0,0,0,0,0,0,0,0,0,0,63,0,0,0,43,0,0,0,0,0,0,0,0,0,0,0,0,0,0,0,0,0,0,0,0,0,0,0,0,0,0,0,0,0,0,0,2,0,0,0,0,0,0,0,0,0,0,0,0,0,0,0,0,0,0,0,0,0,0,0,1,0,0,0,0,0,0,0,0,0,0,0,0,0,0,0,0,0,0,0,0,0,0,0,0,0,0,0,0,0,0,0,1,0,0,0,0,0,0,0,0,11,12,0,0,0,0,0,0,0,0,0,0,0,0,0,0,0,0,0,0,0,0,0,0,0,0,53,0,0,0,0,0,0,0,0,0,0,0,0,0,0,0,0,0,0,41,0,0,0,0,0,3473,0,0,0,0,0,0,0,0,0,0,0,0,0,0,0,0,0,0,0,0,0,0,0,0,0,0,0,0,0,0,0,0,0,0,0,0
"D171",0,0,0,0,0,0,0,0,0,0,0,0,0,0,0,0,0,0,0,0,0,0,0,0,0,0,0,0,0,0,0,0,0,0,0,0,0,0,0,0,0,0,0,0,0,0,0,0,0,0,0,0,0,0,419,0,0,0,3,0,0,0,0,0,0,0,0,0,0,0,0,0,0,0,0,0,0,0,0,0,0,0,0,0,0,0,0,0,0,0,0,0,0,0,0,0,0,0,0,0,0,0,0,0,17,0,0,0,0,0,0,0,0,0,0,0,0,0,0,0,0,0,0,0,0,0,0,0,0,0,0,0,0,0,0,0,0,0,0,0,0,0,0,0,0,0,0,0,0,0,0,0,0,0,0,0,0,0,0,0,0,0,0,58,0,0,0,0,0,0,0,10,0,0,0,0,0,0,0,0,0,0,0,0,0,0,0,0,0,162,0,0,0,0,0,0,0,0,0,0,0,0,0,0,0,0,0,0,0,0,0,0,0,0,0,0,0,0,0,0,0,0,0,0,0,0,0,0,0,0,0,0,0,0,0,0,0,0,0,0,0,0,0,0,15735,0,0,0,0,0,0,0,0,0,0,0,0,0,0,0,0,0,0,0,0,0,0,0,0,0,0,0,0,0,0,0,0,0,0,0,0,0,0,0,0,0,0,0,0,0,0,0,0,2729,0,0,0,0,29263,0,0,0,0,0,0,50,0,0,0,0,0,0,0,0,0,0,0,0,0,0,0,0,0,0,0,0,0,0,0,0,0,0,0,0,0,0,0,0,0,0,0,0,0,0,0,0,0,0,0,0,0,0,0,0,0,0,0,0,0,0,0,0,0,0,0,0,0,0,0,0,0,0,0,0,0,0,0,0,0,0,0,0,0,0,0,0,0,0,0,0,0,0,0,0,0,0,0,0,0,3,0,0,0,0,0,0,28,0,0,0,0,0,0,0,0,0,0,0,0,0,0,0,0,0,0,0,0,0,0,0,0,0,0,0,0,0,0,0,0,0,0,0,0,0,0,0,0,0,0,0,0,0,0,0,14,28,0,0,0,0,0,0,0,0,0,0,0,0,0,0,0,0,0,0,0,0,0,0,0,0,0,0,0,0,0,0,0,0,0,0,0,0,0,0,0,0,0,0,0,0,0,0,0,0,0,0,0,0,0,0,0,0,0,0,0,0,0,0,0,0,0,0,0,0,0,0,0,0
"D172",0,9,0,0,0,2,0,0,0,0,0,0,4,0,0,0,0,0,0,1,0,0,10,0,0,0,0,0,0,0,0,0,0,0,0,0,0,0,0,0,0,0,3,0,9,0,0,0,0,0,0,0,0,0,0,31,0,0,0,6,4,0,0,0,0,1,0,2,0,0,3,0,0,0,0,0,0,0,0,0,2,0,0,0,0,0,0,0,0,0,0,0,0,0,0,0,0,0,0,0,0,0,4,5,1,0,0,2,0,0,0,0,0,0,0,0,0,0,2,0,0,0,0,0,0,0,0,0,0,0,0,5,0,0,0,3781,0,2,0,2,0,0,0,0,0,0,0,0,0,0,0,7,0,0,4,0,0,0,0,0,0,0,0,0,0,0,0,0,0,0,0,0,0,0,0,0,0,0,0,0,0,0,0,0,0,0,0,0,0,0,0,6,16,0,0,0,0,3,0,0,0,0,0,45,0,0,0,0,0,0,0,0,0,0,0,0,3,7,0,0,0,0,0,0,0,0,0,0,0,0,0,2,0,0,0,0,0,0,0,0,0,0,13,0,0,0,0,0,0,0,3,0,8,0,0,0,0,0,0,0,0,0,0,0,2,0,0,0,0,0,0,0,0,0,0,0,0,3,2,0,0,0,0,0,0,0,0,0,0,4,5,0,0,0,3,0,0,0,0,7,0,0,0,0,0,0,0,0,2,0,0,0,0,0,2,6,1,0,0,0,0,0,0,0,0,0,0,0,6,0,0,4,0,0,0,0,2,0,0,0,0,2,0,0,0,0,0,0,0,8,0,0,0,0,0,0,0,0,0,0,0,0,0,0,0,0,0,0,0,0,0,0,0,0,0,0,0,0,0,5,19,0,0,0,0,0,11,0,0,0,2,3,0,0,0,0,0,0,0,0,0,0,0,0,0,0,0,0,2,0,0,4,0,0,0,0,0,0,0,0,0,0,0,0,0,0,0,0,0,0,0,0,0,0,0,0,0,12,34,6,0,0,0,0,0,0,0,4,0,4,0,26,0,0,0,0,0,0,2,0,0,0,0,0,0,0,0,0,0,0,0,0,0,0,0,0,0,0,0,1,60,0,0,6,0,0,4,0,0,0,0,0,0,0,0,0,0,0,0,0,0,0,0,32,0,0,94,0,0,0,0,0,0,0,0,0,0,0,0,0,0,12,0,0,0,0,0,0
"D173",15,0,0,0,0,0,0,0,13,0,0,0,0,2,0,0,0,0,0,0,0,4,0,3,0,0,0,0,0,0,0,0,0,0,54,0,0,0,0,0,0,0,0,0,0,0,0,0,0,0,128,0,0,0,0,0,0,0,29,0,0,0,0,0,0,30,0,20,0,2,0,0,0,0,4,0,0,0,0,0,0,0,0,0,0,0,0,0,0,0,4,0,0,0,0,1,0,0,0,0,0,0,0,0,0,0,0,0,100,0,0,0,0,0,160,0,0,0,0,0,0,0,0,0,0,0,0,0,0,0,0,0,0,3,0,0,2,0,0,69,0,0,0,0,0,0,0,0,0,0,195,0,99,0,0,0,0,0,0,1081,0,0,0,0,0,0,131,0,0,4,0,0,0,0,0,0,0,0,0,0,0,0,0,0,0,0,0,0,0,2,0,0,0,35,18,0,0,0,0,0,2,26,0,0,0,0,0,0,0,0,0,0,0,0,13,0,0,0,0,0,6,0,0,0,0,0,0,10,0,273,0,0,0,0,0,0,0,0,0,0,0,0,0,3,0,4,0,0,0,0,0,0,0,0,0,0,0,0,0,0,14,0,0,0,0,0,0,0,0,0,0,6,0,0,383,0,0,0,0,0,0,0,0,0,0,0,0,1,0,0,0,0,0,81,0,0,0,0,0,0,0,0,0,0,0,101,0,0,0,0,0,146,78,0,0,0,0,0,0,79,0,0,0,3,0,0,0,0,0,0,0,0,0,0,0,0,0,0,0,2,0,0,0,0,0,0,0,0,0,0,0,0,0,0,0,0,0,0,0,0,1,0,0,0,0,0,0,0,0,0,0,0,0,0,23,0,0,0,0,0,0,0,0,0,0,0,0,3,0,0,0,0,0,0,0,0,87,0,0,0,0,0,0,0,0,0,0,0,10,0,0,0,0,0,0,0,3,0,0,0,0,0,0,0,0,0,0,0,0,5,0,12,0,0,0,0,0,0,0,0,5,160,0,0,0,0,0,0,0,0,0,0,0,0,0,0,0,3,0,0,0,0,0,0,0,0,37,0,0,22,0,8,0,0,0,0,0,2,0,0,0,0,3,0,0,132,0,0,7,0,0,264,0,0,0,0,0,2,0,0,0,0,0,0,0,0,263,0,0,0,0,0,0,0,0,0,0,0,0,2,0,0,0,0,0,0,0,0
"D174",0,10,0,0,0,0,0,0,38,0,0,0,0,0,0,0,0,0,0,0,0,0,0,0,0,0,0,0,0,0,0,0,0,0,0,0,0,0,0,0,0,0,0,0,0,0,0,0,0,0,0,8,0,0,0,0,0,0,0,0,2,0,0,0,0,0,0,0,0,0,0,0,0,0,0,0,0,0,0,0,0,0,0,0,0,0,0,0,0,0,0,0,0,0,0,0,0,0,0,0,0,0,0,0,0,0,0,0,0,0,0,0,0,0,0,0,0,0,0,0,0,0,0,0,0,0,0,0,0,0,0,0,0,0,0,1342,0,0,0,0,0,0,0,0,0,0,0,0,0,0,0,0,0,0,0,0,0,0,0,7,0,0,0,0,0,0,0,0,0,0,0,0,0,0,0,0,0,0,0,0,0,0,0,0,0,0,0,0,0,0,0,0,0,0,0,0,0,0,0,0,0,0,0,0,0,0,0,0,0,0,0,0,10,0,0,0,0,0,0,0,0,0,0,0,0,0,0,0,0,0,0,6,0,2,0,0,0,0,0,0,0,0,0,0,0,0,0,0,0,0,0,0,0,0,0,0,0,0,0,0,0,0,0,0,0,0,0,0,0,45,0,0,0,0,1,0,0,0,0,0,0,0,0,0,0,0,0,10,0,0,0,0,0,0,0,0,0,0,0,0,0,0,0,0,0,0,0,0,0,0,0,0,0,0,0,0,0,0,0,0,0,0,0,0,0,0,0,0,0,0,0,0,0,0,0,0,0,0,0,0,0,0,0,0,0,0,0,0,0,0,0,0,0,0,0,0,0,0,0,0,0,0,0,3,0,0,0,0,0,0,0,0,0,0,0,0,0,0,0,0,0,0,0,0,0,0,0,0,0,0,0,5,0,0,0,0,0,0,0,0,0,0,0,0,0,0,0,0,0,0,0,0,0,0,0,0,0,0,0,0,0,0,5,0,0,0,0,0,6,0,0,0,0,0,0,0,0,0,0,0,0,0,0,0,0,0,0,0,0,0,3,0,0,0,0,0,0,2,0,0,0,0,0,0,0,0,0,0,0,0,0,0,0,0,0,0,0,0,0,0,0,0,0,0,0,0,0,0,0,0,0,0,0,0,0,0,0,0,0,0,0,0,0,0,0,0,3,0,0,0,0,0,0,0,0,0,0,0,0,0,0,0,0,0,0,0,0,0
"D175",0,5,2,452,2,3,0,0,23,0,206,5,0,0,0,0,0,0,0,0,0,19,3,0,0,0,0,258,7,6,0,0,0,3,0,0,0,0,7,0,0,0,4,1,0,0,0,0,0,31,1,6,9,0,1,0,3,0,0,0,256,0,0,2,0,0,0,6,0,0,18,0,6,0,0,0,0,0,17,0,0,0,0,0,0,0,0,2,0,0,0,0,0,0,0,0,0,0,0,1086,0,0,0,0,7498,0,78,0,0,0,1558,198,0,6,0,0,8,0,0,242,6,0,0,4423,0,0,0,14,829,0,0,13,0,0,0,0,16,6,2,0,0,0,0,1047,0,0,0,0,0,0,3,0,18,0,907,0,0,0,0,4,0,0,0,5,0,0,3,0,0,0,0,0,0,3,114,0,0,0,0,0,0,6,0,0,0,0,0,0,0,2,0,0,0,0,0,1519,216,0,0,0,0,0,0,3,0,0,3,0,0,0,0,0,151,0,0,0,0,0,7,0,0,15,0,2,0,0,0,0,3,0,0,4974,0,417,0,0,0,0,0,0,0,0,0,0,0,0,0,0,2,0,0,0,8,171,0,0,0,15,5,0,0,0,0,0,0,0,0,0,0,0,0,0,0,0,0,0,0,0,0,0,0,0,1898,0,0,0,0,7,0,0,0,0,0,0,0,0,0,0,50,2,11,0,0,0,0,4,0,0,5,10,0,0,228,0,3,0,0,19,995,0,0,0,0,0,0,0,0,19,2,0,4,20,4,0,4,0,0,0,0,0,0,0,3,6,0,2,0,0,0,0,0,0,0,0,3,4,0,0,0,0,0,0,0,0,0,0,87,0,245,0,0,0,76,0,0,0,0,0,0,0,0,0,0,0,0,0,0,0,11,0,0,1,0,0,0,0,2,0,0,0,2832,8,0,0,0,0,0,25,20,10,3,0,0,0,0,0,0,0,0,140,234,0,8,0,0,0,0,11,0,0,0,2,0,0,0,738,0,3,0,0,4,0,0,0,0,12,0,0,0,2,0,29,0,66,135,84,0,0,0,0,0,1,0,0,0,0,0,0,0,2,0,0,0,0,2,0,0,0,0,0,0,0,0,0,0,4,0,0,0,0,910,0,0,0,2,0,0,0,3,0,0,0,0,0,0,2,0,0,0,0,0,0,0,0,0,281,0,0,0,2,0,1,0,3,0,0,0,0
"D176",0,0,0,0,0,0,0,0,0,0,0,0,0,0,0,0,0,0,2,0,0,5,0,0,0,0,0,0,0,0,0,0,0,0,0,0,0,0,0,0,0,0,0,0,0,0,0,0,0,0,32,0,0,0,11,0,0,0,0,0,0,4,0,0,0,0,0,0,0,0,0,0,0,0,0,0,0,0,0,0,0,0,0,3,0,0,0,0,0,0,0,0,0,0,0,0,17,0,0,0,0,0,0,0,0,0,0,0,0,0,0,0,0,0,0,0,0,0,0,0,0,0,0,0,0,0,0,0,0,0,0,0,0,0,0,0,38,0,0,0,0,0,0,0,0,0,0,0,0,0,0,0,0,0,0,0,0,0,0,0,0,0,0,0,0,0,0,0,0,0,1572,0,0,0,0,0,0,0,0,0,0,0,0,0,0,0,0,0,0,0,0,0,0,0,0,0,0,0,0,0,0,0,0,0,0,0,0,0,0,0,0,0,0,0,0,0,0,0,0,0,0,0,0,0,0,0,0,0,0,0,0,0,0,0,0,0,0,0,0,0,0,0,0,0,0,0,0,0,0,0,0,0,0,0,0,0,0,0,0,0,0,0,0,0,0,0,0,0,0,0,0,0,0,0,0,0,0,0,0,0,0,0,0,0,0,0,0,0,0,0,0,0,0,0,0,0,0,0,0,0,0,5,0,0,0,0,0,0,0,0,0,0,0,0,0,0,0,0,0,0,0,0,0,0,0,0,0,0,0,0,0,0,0,0,0,0,0,0,0,0,0,0,0,0,0,0,0,0,0,0,0,0,0,0,0,0,0,0,3,0,0,0,0,0,0,0,0,0,0,0,0,0,0,0,0,0,0,0,0,0,0,0,0,0,0,4,0,2,0,0,0,0,0,20,0,0,0,0,0,0,0,0,0,0,0,0,0,0,0,0,0,0,0,0,0,0,0,32,0,0,0,0,0,0,0,0,0,0,0,0,0,0,0,0,0,0,0,0,0,0,0,0,0,0,0,0,0,0,0,0,0,0,0,0,0,0,0,0,0,0,0,0,0,0,0,0,0,0,0,0,0,0,0,0,0,0,0,0,0,0,22,0,0,0,0,0,0,0,0,0,0,0,0,0,0,0,0,0,0,0,0,0,0,0,0,0,0,0,0,0,0,0,0,0,0,0,4,2,0,0,0,0,0,0,0,0,0,0
"D177",0,0,0,0,0,0,0,0,0,0,0,0,0,0,0,0,0,0,0,0,0,34,0,0,0,0,0,0,0,0,0,0,0,0,0,0,0,0,0,0,0,0,0,0,0,0,0,0,0,0,987,0,0,0,4,0,0,0,0,0,0,0,0,0,0,0,0,0,0,0,0,0,0,0,0,0,0,1,0,0,0,0,0,4,0,0,0,0,0,0,0,0,0,0,0,0,15,0,0,0,0,0,0,0,0,0,0,0,0,0,0,0,0,0,5,0,0,0,0,0,0,0,0,0,0,0,0,0,0,0,0,0,0,0,0,0,62,0,0,0,0,0,0,0,0,0,0,0,0,0,0,0,0,0,0,0,0,0,0,0,0,0,0,0,0,0,0,0,0,0,14,0,0,0,0,0,0,0,0,0,0,0,0,0,0,0,0,0,0,0,0,0,0,0,0,0,0,0,0,0,0,0,0,0,0,0,0,0,0,29,0,0,3,0,0,0,0,0,0,0,0,0,0,0,0,0,0,0,0,0,0,0,0,0,0,0,0,0,0,0,0,0,0,0,0,0,0,0,0,0,0,0,0,0,0,0,0,0,0,0,0,0,0,0,0,0,0,0,0,0,0,0,0,0,0,0,0,0,0,0,0,0,0,0,0,0,0,0,0,0,0,0,0,0,0,0,0,0,0,0,0,3,0,0,0,0,0,0,0,0,0,0,0,0,0,0,0,0,0,0,0,0,0,0,0,0,0,0,0,2,0,0,0,0,0,0,0,0,0,0,0,0,0,0,0,0,0,0,0,0,0,0,0,0,0,0,0,0,1,0,0,0,0,0,0,0,0,0,0,0,0,0,0,0,0,0,0,0,0,0,0,0,0,0,0,11,0,3,0,0,0,0,0,11,0,0,0,0,0,0,0,0,0,0,0,0,0,0,0,0,0,0,0,0,0,0,0,25,0,0,0,0,0,0,0,0,0,0,0,0,0,0,0,0,3,0,0,0,0,0,0,0,0,0,0,0,0,0,0,0,0,0,0,0,0,0,0,0,0,0,0,0,0,0,0,0,0,0,0,0,0,0,2,0,0,0,0,0,0,0,16,0,0,0,0,0,0,0,0,0,0,0,0,0,0,0,0,0,0,0,0,0,0,0,0,0,0,0,0,0,0,0,0,0,0,0,2,2,0,0,0,0,0,0,0,0,0,0
"D178",0,0,2,164,0,0,0,0,478,0,260,4,0,0,0,0,0,0,0,4,0,9,0,0,0,0,0,3,0,0,0,0,1,0,0,0,0,0,0,0,0,0,0,2,0,3,0,0,0,176,0,0,0,0,0,0,0,0,9,0,1195,0,0,0,0,0,0,10,0,0,0,0,0,0,0,0,0,0,8,0,0,0,0,0,2,2,0,0,0,0,0,0,0,0,0,0,0,0,0,0,4,0,0,0,15001,0,3322,0,0,0,12,0,0,0,0,0,0,0,0,11,0,0,0,132,0,0,0,7,10,0,0,0,0,0,0,0,10,2,0,0,0,0,0,26,0,0,0,0,0,0,0,3,7,0,5052,0,0,0,0,0,0,3,0,1,0,0,18,0,0,0,0,27,0,0,5,0,0,0,0,0,0,0,0,0,0,0,3,0,0,0,0,0,0,0,0,7807,0,2,0,0,0,175,0,0,0,0,0,0,0,0,0,0,304,0,0,0,0,0,26,0,0,21,0,0,0,0,46,0,0,0,0,0,0,133,0,0,0,0,154,0,0,0,2,0,7,0,0,0,1,0,0,0,0,1110,3,0,0,0,11,6,3,0,0,0,0,0,0,0,0,93,0,0,0,0,2,217,0,0,11,0,0,0,16,0,0,0,0,11,0,0,0,0,0,0,0,0,0,0,275,0,0,0,0,0,2,32,0,5,0,0,0,0,52,0,0,0,0,35,0,0,0,0,0,0,0,0,0,32,0,0,2,57,0,3,0,0,0,0,0,0,0,0,984,9,0,0,0,0,54,0,0,0,0,0,0,0,0,0,0,0,0,0,0,0,0,0,62,0,16,0,0,0,0,0,0,11,0,0,0,0,0,0,0,0,0,0,0,4,2,3,0,0,0,0,0,0,0,0,0,35,226,5,0,0,0,0,0,12,1,0,0,0,0,0,3,0,1,0,0,0,23,0,0,0,0,0,0,16,0,0,0,9,0,0,0,4,8,0,0,0,11,0,0,0,0,0,0,4,0,0,0,0,0,139,11,541,0,0,0,0,0,0,0,0,0,7,0,0,0,0,54,0,0,0,0,0,0,0,0,0,0,0,0,0,0,14,0,0,0,0,4,0,0,0,0,0,2,0,4,4,0,0,0,0,0,0,0,0,5,0,0,0,0,0,0,0,0,0,0,0,0,0,0,0,0,0,0,0
"D179",0,4,13,0,2,0,0,4,12,1,0,10,5,16,0,5,5,0,12,0,0,0,0,0,0,6,0,0,75,0,0,74,0,18,875,0,0,0,0,3,6,0,0,4,0,6,0,67,0,0,0,2,59,0,0,0,0,0,0,11,0,884,0,38,3,0,3,0,2,20,0,0,0,0,0,73,7,0,4,0,21,6,0,4,335,0,49,0,5,11,2,1,0,20,0,7,0,12,2,0,0,8,1,0,2,0,0,2,0,0,0,0,0,2,8,0,0,1373,0,0,0,0,8,0,0,7,0,0,0,46,21,0,0,6,5,0,0,0,0,64,0,2,0,0,183,11,3,0,0,0,1,0,0,3,0,0,6,40,10,3,0,0,0,0,14,0,13,0,3,0,11,19,0,0,0,3,0,14,11,0,18,0,0,0,8,3,1,0,14,0,0,3,0,0,0,0,0,0,0,0,3,0,5,0,3,0,0,0,0,0,1,37,0,12,0,0,0,0,0,0,6,0,5,0,0,0,0,73,0,0,0,0,0,0,2,7,0,3,0,2,0,0,0,3,0,0,2,0,0,5,0,3,71,0,70,8,0,0,12,0,19,0,0,0,0,89,6,0,3,47,0,27,10,0,0,0,22,0,2,0,6,0,0,0,0,1,0,0,29,0,0,0,0,2,0,6,1,3,15,0,0,0,5363,0,0,47,0,31,0,4,0,199,4,0,0,0,2,0,0,0,0,0,80,29,2,0,0,0,4,19,0,0,0,0,0,0,0,2,0,0,0,50,5,14,0,2,14,13,6,0,24,17,0,5,0,32,0,0,16,13,15,0,3,0,6,0,0,0,0,0,3,2,0,105,0,0,18,0,9,0,0,69,3,0,6,30,14,55,0,0,0,0,0,0,0,0,0,0,289,0,0,0,23,38,0,0,0,0,0,0,0,0,10,0,136,0,0,4,0,0,0,0,0,4,2,6,2,2,0,0,23,0,23,0,6,0,129,42,0,2,0,0,13,3,0,1,2,0,12,0,0,0,0,0,0,0,0,18,33,0,0,0,15,4,0,0,0,0,0,0,0,12,0,0,0,0,5,0,0,7,0,5,0,0,34,1837,0,0,0,8,0,0,18,4,2,3,2,72,0,32,1,6,0,0,25,0,0,15,4,0,3,0,0,5,4,0,2,5,0,88,0,21,0,49,0,0,80,0
"D180",0,0,0,0,0,0,0,0,0,0,0,0,0,0,0,0,0,0,0,0,0,0,0,0,0,0,0,0,0,0,0,0,0,0,0,0,0,0,0,0,0,0,0,0,0,0,0,0,0,0,0,0,0,0,0,0,0,0,0,0,0,0,0,0,0,0,0,0,0,0,0,0,0,0,0,0,0,0,0,0,0,0,0,0,0,0,0,0,0,0,0,0,0,0,0,0,0,0,0,0,0,0,0,0,0,0,0,0,0,0,0,0,0,0,0,0,0,0,0,0,0,0,0,0,0,0,0,1,0,0,0,0,0,0,0,0,0,0,0,0,0,0,0,0,0,0,0,0,0,0,0,0,0,0,0,0,0,0,0,0,0,0,0,0,0,0,0,0,0,0,0,0,0,0,0,0,0,0,0,0,0,0,0,0,0,0,0,0,0,0,0,0,0,0,0,0,0,0,0,0,0,0,0,0,0,0,0,0,0,0,0,0,0,0,0,0,0,0,0,0,0,0,0,0,0,0,0,0,0,0,0,0,0,0,0,0,0,0,0,0,0,0,0,0,0,0,0,0,0,0,0,0,0,0,0,0,0,0,0,0,0,0,0,0,0,0,0,0,0,0,0,0,0,0,0,0,0,0,0,0,0,0,7,0,0,0,0,0,0,0,0,0,0,0,0,0,0,0,0,0,0,0,0,0,0,0,0,0,0,0,0,0,0,0,0,0,0,0,0,0,0,0,0,0,0,0,0,0,0,0,0,0,0,0,0,0,0,0,0,0,0,0,0,0,0,0,0,0,0,0,0,0,0,0,0,0,0,0,0,0,0,0,0,0,0,0,0,0,0,0,0,0,0,0,0,0,0,0,0,0,0,0,0,0,0,0,0,0,0,0,0,3,0,0,0,0,0,0,0,0,0,0,0,0,0,0,0,0,0,0,0,0,0,0,0,0,0,0,0,0,34,0,0,0,0,0,0,0,0,0,0,0,0,0,0,0,0,0,0,0,0,0,0,0,0,0,0,0,0,0,0,0,0,0,0,0,0,0,0,0,0,0,0,0,0,0,0,0,0,0,0,0,0,0,0,0,0,0,0,0,0,0,0,0,0,0,0,0,0,0,0,0,0,0,0,0,0,0,0,0,0,0,0,0,0,0,0,0,0,0,0,0,0,0,0,0,2,0,0,0,0,0,0,0,0,0,0,0
"D181",0,0,0,0,0,0,0,0,0,0,0,0,0,0,0,0,0,0,0,0,0,0,0,0,0,0,0,143,0,0,0,0,0,0,0,0,0,0,0,0,0,0,0,0,0,0,0,0,0,2,0,0,0,0,0,0,0,0,0,0,7,0,0,0,0,0,0,0,0,0,106,0,0,0,0,0,0,0,0,0,0,0,0,0,0,0,0,0,0,0,0,0,0,0,0,0,0,0,0,428,0,0,0,0,18,0,0,0,0,0,293,24,0,0,0,0,0,0,0,412,0,0,0,0,0,0,0,0,3,0,0,0,0,0,0,0,0,0,0,0,0,0,0,0,0,0,0,0,0,0,0,0,0,0,0,0,0,0,0,0,0,0,0,0,0,0,2,0,0,0,0,0,0,0,0,0,0,0,0,0,0,0,0,0,0,0,0,0,0,0,0,0,0,0,0,0,43,0,0,0,0,0,0,0,0,0,0,0,0,0,0,0,20,0,0,0,0,0,0,0,0,0,0,0,0,0,0,0,0,0,0,4325,0,0,0,0,0,0,0,0,0,0,0,0,0,0,0,0,0,0,0,0,2,2,0,0,0,0,0,0,0,0,0,0,0,0,0,0,0,0,0,0,0,0,0,0,0,0,0,0,0,0,68,0,0,0,0,0,0,0,0,0,0,0,0,0,0,0,0,0,0,0,0,0,0,0,0,0,0,0,0,0,0,0,0,0,0,0,46,0,0,0,0,0,0,0,0,0,0,0,0,0,0,0,0,0,0,0,0,0,0,0,29,0,0,0,0,0,0,0,0,0,0,0,0,0,0,0,0,0,0,0,0,0,0,0,0,0,38,0,0,0,144,0,0,0,0,0,0,0,0,0,0,0,0,0,0,0,0,0,0,0,0,0,0,0,0,0,0,0,0,0,0,0,0,0,0,118,0,0,0,0,0,0,0,0,0,0,0,0,424,0,0,0,0,0,0,3,0,0,0,0,0,0,0,3,0,0,0,0,0,0,0,0,0,0,0,0,0,0,0,0,0,0,0,874,0,0,0,0,0,0,0,0,0,532,0,0,0,0,2282,0,0,0,0,0,0,0,0,0,0,0,0,0,0,0,0,0,0,0,56,0,0,0,0,0,0,0,0,0,0,0,0,0,0,0,0,0,0,0,0,0,0,0,0,2020,0,0,0,0,0,0,0,0,0,0,0,0
"D182",15,0,0,0,0,2,0,0,5,0,0,0,0,0,0,14,0,0,0,0,0,2,0,4,0,0,0,0,0,0,0,0,0,0,144,0,0,0,0,0,0,0,0,0,0,0,0,0,0,0,54,0,0,0,0,0,0,0,63,0,0,0,0,0,0,212,0,0,0,0,0,0,0,0,2,0,0,0,1,0,0,0,0,0,0,0,0,2,3,0,16,0,0,0,0,0,0,0,0,0,0,0,0,2,0,0,0,0,362,0,0,0,0,0,5,0,0,0,0,0,0,0,0,0,0,0,0,0,0,0,1,0,0,0,0,0,7,0,0,10,0,0,0,0,0,0,0,0,0,0,119,0,0,0,0,0,0,0,0,847,2,0,0,0,0,0,606,0,0,0,0,0,0,0,0,0,0,0,0,0,0,0,0,0,0,0,0,0,0,46,0,0,0,4,8,0,0,0,0,0,2,5,0,0,0,0,0,0,0,0,0,0,0,0,17,0,0,0,0,0,21,0,0,0,0,0,0,22,0,564,0,0,0,0,0,0,0,0,0,0,0,0,2,0,0,23,0,0,6,0,0,0,0,0,0,0,0,0,0,0,22,0,2,0,0,0,0,0,0,0,0,43,0,0,889,0,0,0,0,0,0,0,0,0,0,0,0,8,0,0,0,0,0,66,0,0,0,0,0,0,0,0,4,0,0,76,0,0,0,0,0,633,43,0,0,0,0,0,0,38,0,0,0,30,0,0,0,0,0,0,0,0,0,0,0,0,0,0,0,4,0,0,0,0,0,0,0,0,0,0,0,0,0,0,0,0,1,0,0,0,0,0,0,0,0,0,0,0,0,0,0,0,0,0,119,0,0,0,0,0,0,0,0,0,0,0,0,16,0,0,0,0,0,0,0,0,916,0,63,8,0,0,0,0,0,0,0,0,38,0,0,0,0,0,0,4,1,0,0,0,0,0,0,0,0,0,0,0,0,2,0,6,0,0,0,0,5,0,0,0,0,34,0,0,0,0,0,0,0,0,0,0,0,0,0,0,0,2,0,0,0,0,0,0,0,0,2,0,0,10,0,5,0,0,0,0,0,30,0,7,0,0,3,0,116,188,0,0,72,0,0,33,0,0,0,0,0,0,0,0,0,2,0,0,0,0,92,0,0,0,0,0,0,0,3,0,0,0,0,93,0,0,0,0,0,0,0,0
"D183",156,0,0,0,23,7,0,0,198,0,0,0,0,0,0,0,0,0,0,0,0,20,0,0,0,0,0,0,195,0,0,0,350,314,559,0,0,0,0,0,0,0,0,0,0,0,0,0,0,0,0,106,634,0,484,0,0,0,229,0,218,0,0,0,0,24,0,166,0,0,0,0,0,0,0,0,0,0,0,4,0,0,0,0,0,0,0,0,0,0,0,0,0,0,0,0,0,0,0,0,0,0,0,0,563,0,27,0,78,0,0,0,0,0,0,0,0,0,0,0,0,0,0,0,0,0,0,0,32,0,0,0,0,24,0,0,0,0,23,0,0,0,0,200,0,0,0,0,0,0,42,0,215,0,20,0,0,0,0,989,0,0,0,223,0,0,47,0,0,0,0,0,0,26,215,0,0,0,0,0,0,0,0,0,0,0,0,0,0,102,0,0,0,123,10,0,0,46,0,0,0,78,0,0,0,0,0,0,0,0,0,0,57,0,0,0,0,32,0,0,37,46,0,0,0,0,0,0,2,0,0,259,0,128,0,0,0,0,0,0,0,0,0,0,0,0,0,0,0,0,0,0,0,420,185,0,0,0,944,0,0,0,224,0,0,0,0,0,0,0,0,0,0,0,281,215,0,0,0,0,0,0,0,0,0,0,0,0,0,0,0,0,0,0,0,0,0,0,3839,0,0,0,37,0,0,2653,0,117,111,23,0,319,0,0,0,0,0,0,0,164,0,0,0,0,0,0,0,0,0,40,0,77,0,0,0,0,0,0,0,0,0,0,0,0,0,0,0,0,0,0,0,0,0,0,0,170,0,0,0,0,0,0,0,0,0,0,0,0,0,0,0,0,0,0,0,0,0,0,0,0,0,0,0,0,0,0,0,18,0,0,0,0,0,0,0,0,0,0,0,313,0,0,0,0,0,0,0,0,51,11,0,0,0,0,0,0,0,0,0,0,0,0,0,0,0,0,0,0,0,0,0,3,0,0,0,12,123,0,0,0,0,0,0,0,0,0,0,0,0,0,0,0,0,0,5,268,0,0,0,0,0,0,0,0,0,0,0,0,0,19,0,0,0,0,0,0,0,0,0,0,0,0,0,0,0,16,0,0,0,0,0,32,0,0,0,0,0,0,0,36,0,0,0,0,0,0,370,0,0,0,0,0,0,0,0,0,0,0,0,0,0,0,0,0,0,0,0,0
"D184",4,14,0,0,0,2,2,0,0,13,0,4,0,0,3,0,0,1,0,0,0,0,0,0,0,3,0,0,0,0,12,0,0,0,0,14,0,0,2,0,0,0,14,0,0,0,2,0,0,0,0,69,6,0,0,0,0,0,0,50,0,0,0,16,0,0,2,0,0,0,0,0,51,0,0,0,18,0,0,0,1,10,0,0,0,78,0,2,0,3,0,0,5,5,0,0,0,0,0,0,0,7,103,0,0,0,0,0,0,2,0,0,0,0,0,1,0,0,0,0,0,0,6,0,0,0,0,0,0,0,5,8,0,4,1,14,0,1,9,53,2,0,0,0,0,0,0,0,0,0,1,13,1,0,0,0,0,0,0,3,2,0,0,0,0,8,1,0,0,13,0,0,0,3,0,7,0,0,0,0,0,0,0,0,0,0,65,0,0,0,17,0,0,0,0,0,0,0,0,0,14,0,0,2,1,60,0,0,0,0,0,0,0,0,0,4,0,8,0,0,0,0,13,0,0,14,0,0,0,0,0,0,0,0,0,12,0,0,0,0,0,0,0,0,0,0,0,0,4,0,0,19,31,1,6,0,0,0,10,0,0,0,0,0,0,0,0,13,0,15,13,0,0,13,0,0,0,42,46,0,0,0,0,10,13,2,3,0,0,7,0,2,0,0,0,0,0,0,0,3,9,0,11,0,0,0,3,0,4,62,0,0,0,0,66,15,0,0,0,0,0,0,0,6,38,0,0,0,7,0,9,4,9,0,3,18,0,0,3,0,0,0,0,0,0,0,4,0,0,2,4,69,0,0,0,0,0,0,0,0,2,0,18,0,0,0,0,6,0,41,0,0,0,0,0,0,0,0,0,0,7,0,0,0,0,0,0,1,0,0,5,4,0,0,0,0,0,0,0,0,0,2,0,0,0,16,0,0,0,5,0,0,27,0,3,0,0,0,0,0,0,0,0,0,0,0,6,0,0,0,6,0,0,0,0,0,0,8,0,0,0,0,0,0,0,0,26,0,2,0,1,25,0,0,0,1,0,72,43,4,8,3,0,0,0,0,0,11,85,0,0,2,0,0,1,2,0,2,6,25,0,0,0,0,0,0,0,11,0,2,0,0,4,0,0,0,0,23,5,5,7,0,1,0,0,47,73,0,1,20,0,0,0,0,0,0,0,0,0,0,0,10,0,0,0,16,0,0
"D185",0,4,0,0,0,0,0,2,0,17,0,169,0,0,10,7,29,0,4,0,10,0,0,0,0,9,0,0,0,0,4,35,0,63,1286,0,0,5,61,7,7,11,0,0,0,11,0,0,28,0,0,1,0,1,0,0,0,0,0,17,0,588,0,16,0,0,0,0,0,6,0,3,5,0,0,26,4,237,0,0,2,2,0,433,56,0,22,5,27,3,7,5,0,34,0,0,886,2,0,0,0,4,0,0,2,0,0,3,0,0,0,0,0,0,3,0,2,1010,0,0,0,0,4,0,402,8,8,0,0,74,68,0,0,3,18,0,0,0,0,48,0,6,1,4,22,5,3,2,0,0,0,0,0,0,0,0,1,17,10,0,0,0,0,14,6,2,0,0,2,2,0,0,975,0,0,1,0,2,32,0,16,7,79,3,6,0,0,1,21,4,0,0,0,5,0,0,0,0,0,3,9,0,6,0,0,16,5,58,0,99,0,4,0,2,3,2,0,0,0,124,16,0,0,6,1,1,0,22,0,0,0,0,0,0,2,0,0,4,0,0,0,0,0,0,0,0,0,0,2,2,0,2,92,0,0,22,1,0,3,0,0,2,0,0,0,36,0,0,0,21,3,0,42,0,25,0,3,0,6,2,1,0,0,6,0,0,0,0,11,0,0,3,0,0,0,8,1,6,12,0,0,292,22,0,49,57,2,0,0,0,0,9,8,0,0,0,7,0,0,0,0,3,46,12,7,0,0,0,0,20,0,0,0,0,0,0,0,2,0,0,0,22,0,0,0,0,6,1,0,0,13,0,1,4,6,40,0,562,8,10,0,10,2,0,0,2,0,3,0,0,2,4,0,944,3,0,5,4,8,0,0,4,0,0,6,1478,0,30,0,0,0,0,9,180,2,0,40,0,0,0,0,0,29,9,0,0,0,0,25,0,0,3,0,0,46,0,0,1470,980,0,0,0,46,0,6,6,0,0,20,0,8,0,15,0,252,0,4,20,0,0,0,0,8,2,0,0,19,12,3,2,0,0,0,0,0,0,17,0,38,0,2,0,19,0,0,0,0,0,0,0,0,2,68,0,0,0,1,2,0,31,757,7,0,0,283,0,0,5,0,9,0,0,0,7,6,2,2,81,0,5,9,11,8,0,7,0,0,30,9,0,0,0,0,31,4,0,3602,15,0,37,0,18,0,0,0,3,2,2
"D186",0,0,0,0,0,0,0,0,0,0,0,636,0,15,0,1,40,0,2,0,0,2,0,0,0,0,0,0,0,0,0,5,0,1,1938,0,0,0,0,0,0,0,0,0,0,76,0,0,0,0,4,0,0,0,0,0,0,0,0,10,0,4,0,0,0,0,0,0,0,0,0,0,0,0,0,0,0,292,0,0,0,0,0,176,0,0,11,0,0,0,0,1,0,0,0,0,1069,116,0,0,0,0,0,0,0,0,0,0,0,0,0,0,26,0,0,0,0,1056,0,0,0,0,2,0,675,0,39,0,0,0,0,0,0,0,0,0,0,0,0,0,0,0,0,0,3,0,0,0,0,0,0,0,0,0,0,0,0,2,0,0,0,0,0,11,0,0,0,0,0,0,0,0,894,0,0,0,0,0,0,0,0,0,218,0,0,0,0,0,0,0,0,0,0,0,0,0,0,0,0,0,1,0,0,0,0,0,0,178,0,64,0,3,0,0,0,0,0,0,0,32,0,0,0,0,0,0,0,26,0,0,0,0,0,0,0,0,0,0,0,0,0,0,0,0,0,0,0,0,0,0,0,0,0,0,2,0,0,0,0,0,0,0,0,0,0,2,13,0,0,0,0,0,0,0,0,0,0,0,0,0,0,0,0,0,0,0,0,0,0,0,0,0,0,0,0,0,0,0,0,0,0,300,0,0,76,3,0,0,0,0,0,3,0,0,0,0,0,0,0,0,0,0,108,5,0,0,0,0,0,387,0,0,0,0,0,0,0,0,0,0,0,0,0,0,0,0,0,11,0,0,0,0,0,0,0,2,0,280,455,0,0,0,0,0,0,0,0,0,0,0,0,0,0,2312,0,0,0,0,0,0,0,0,0,0,0,1338,0,0,0,0,0,0,0,902,0,0,0,0,0,0,0,0,64,0,0,0,0,0,0,0,0,0,0,0,462,0,0,1382,2926,0,0,0,0,0,0,0,0,0,0,0,0,0,0,0,212,0,0,0,0,0,0,0,0,0,0,0,0,2,0,0,0,0,0,0,0,0,0,0,0,0,0,0,0,0,0,0,0,0,0,0,0,2,136,0,0,0,0,0,0,0,1446,0,0,0,765,0,0,0,0,0,0,0,2,0,0,0,0,0,0,3,0,0,0,0,2,0,0,0,0,0,0,0,0,1,0,0,5701,42,0,0,0,0,0,0,0,0,0,0
"D187",0,0,0,0,0,0,0,0,0,0,0,0,0,0,0,0,0,0,0,0,0,0,0,0,0,0,0,0,0,0,0,0,0,0,0,0,0,0,0,0,0,0,0,0,0,0,0,0,0,0,0,0,0,0,0,0,0,0,0,0,0,0,0,0,0,0,0,0,0,0,0,0,0,0,0,0,0,0,0,0,0,0,0,0,0,0,0,0,0,0,0,0,0,0,0,0,0,0,0,5,241,0,0,0,0,0,0,0,0,0,0,0,0,0,0,0,0,0,0,0,0,0,0,0,0,0,0,0,2,0,0,0,0,0,0,0,0,0,0,0,0,0,0,0,0,0,0,0,0,0,0,0,0,0,0,0,0,0,0,0,0,0,0,0,0,0,0,0,0,0,0,0,0,0,0,0,0,0,0,0,0,0,0,0,0,0,0,0,0,0,0,0,0,0,0,1680,0,0,0,0,0,17,0,0,0,0,0,0,0,0,0,0,0,0,0,0,0,0,1546,0,0,0,0,0,0,0,0,0,0,0,0,0,0,0,0,0,0,0,0,0,0,0,0,63,0,0,0,0,0,0,0,0,0,0,0,0,0,0,0,0,0,0,0,0,0,0,0,0,0,0,0,0,0,0,0,0,0,0,0,0,0,0,0,0,0,0,0,0,0,0,0,0,0,0,0,0,0,0,0,0,0,0,0,0,0,0,0,0,0,0,0,0,0,0,0,0,0,52,0,0,0,0,0,0,0,0,0,0,0,0,0,0,0,0,0,0,0,0,0,0,0,0,0,0,0,0,0,0,0,0,0,0,0,0,0,0,0,0,0,0,0,0,0,0,0,0,0,0,0,0,0,0,0,0,0,4,0,0,0,0,0,0,0,0,0,0,0,0,3,0,0,0,0,0,0,0,0,0,0,0,0,0,0,0,0,0,0,0,0,0,0,0,0,0,0,0,0,0,0,0,0,0,0,0,0,0,0,78,0,0,0,0,0,0,0,0,0,0,0,0,0,0,0,0,0,0,0,0,0,0,0,0,0,0,0,0,0,0,0,0,0,0,0,0,0,0,0,0,0,0,0,0,0,0,0,0,0,0,0,0,0,0,0,0,0,0,0,0,0,0,0,0,0,0,0,0,0,0,0,0,0,0,0,0,0,0,0,0,0,0,0,0,0,0,0,0,0,0,0,0,0,0,0,0,0,0,0,0
"D188",2,20,0,0,0,21,94,4,0,10,0,0,57,0,4,2,11,10,24,3,8,0,3,22,3,0,3,0,0,0,2,30,0,8,0,0,0,16,0,4,9,87,142,46,44,24,14,0,18,0,10,160,6,55,0,0,2,3,0,27,0,0,82,6,0,0,0,0,0,0,0,2,46,10,0,0,25,0,0,3,0,0,12,0,0,15,0,0,0,0,0,4,26,48,3,31,0,1,0,0,0,5,144,4,0,7,0,9,0,0,0,0,0,5,0,4,5,0,35,0,0,2,24,0,0,0,3,0,0,0,0,2,1,51,12,0,0,2,0,23,0,8,16,0,10,0,0,5,7,0,26,2,11,8,0,2,13,0,5,1,0,0,2,0,0,4,33,2,22,0,0,0,0,10,0,52,8,7,11,0,4,0,0,2,12,4,0,28,3,0,12,12,5,0,5,0,0,28,0,25,0,0,47,59,0,124,0,0,6,0,0,0,0,0,0,2,18,15,0,0,0,0,106,62,5,3,0,0,0,0,8,0,2,0,7,3,7,0,0,0,2,0,27,0,13,0,4,0,0,3,62,5,232,0,0,0,2,0,4,0,88,0,0,0,38,7,0,5,6,12,12,2,13,140,9,0,34,61,19,6,0,10,0,33,0,11,4,0,3,18,5,0,20,0,17,112,0,0,25,17,9,0,3,90,3,0,33,6,4,22,2,0,2,0,4,16,7,0,0,0,9,1,3,0,0,0,0,1,18,0,1,9,0,4,0,0,5,45,15,0,22,24,0,0,88,0,0,0,0,20,2,0,0,0,3,0,5,0,2,0,0,0,1,33,0,17,0,8,0,6,6,14,0,0,10,0,4,0,0,16,17,1,0,0,0,0,8,9,0,0,6,7,9,0,14,13,0,0,0,0,3,7,2,2,0,21,2,0,17,0,0,9,62,10,45,2,0,0,0,0,0,1,0,2,19,0,0,0,90,0,2,0,12,22,0,2,10,121,11,0,0,3,4,4,0,4,74,9,5,4,0,84,5,0,0,8774,13,32,3,9,1,0,0,0,20,0,0,20,18,0,0,0,0,1,12,4,0,4,0,41,0,0,0,8,0,0,0,6,0,91,0,0,20,40,0,0,0,60,1,19,0,27,0,5,0,19,23,2,4,15,41,2,0,1,0,0,0,0,6,0,14,0,39,0,2,5,3,0
"D189",0,0,0,0,0,0,0,0,0,0,0,2,0,0,0,0,0,0,0,0,0,0,0,0,0,0,0,0,0,0,0,0,0,3,0,0,0,0,12,0,0,0,0,0,0,13,0,0,0,0,0,0,0,0,2,0,0,0,0,0,0,4,0,0,0,0,0,0,0,0,0,0,0,0,0,0,0,304,0,0,0,0,0,773,0,0,35,0,0,0,0,2,0,0,0,0,134,0,0,0,0,0,0,0,0,0,0,0,0,0,3,0,0,0,0,0,0,465,0,0,0,0,0,0,417,0,0,0,0,0,0,0,0,0,0,0,0,0,0,0,0,0,0,0,0,0,0,0,0,0,0,0,0,0,0,0,0,0,0,0,0,0,0,0,0,0,0,0,0,0,0,5,230,0,0,0,0,0,4,0,0,0,282,0,0,0,0,0,0,0,0,0,0,0,0,0,0,0,0,0,0,0,0,0,0,0,0,0,0,0,0,0,0,0,0,0,0,0,0,0,86,0,0,0,0,0,0,75,0,0,0,0,0,0,0,0,0,0,0,0,0,0,0,0,0,28,0,0,0,0,0,0,0,0,22,0,0,0,4,0,0,0,0,0,0,0,6,0,0,0,0,0,0,0,0,0,0,0,0,0,0,0,0,0,0,0,0,0,0,0,0,0,0,0,0,0,0,0,7,0,0,258,0,0,2,0,0,0,0,0,0,4,0,0,0,0,0,0,0,0,0,0,312,0,0,0,0,0,0,254,0,0,0,0,0,0,0,0,0,0,0,0,0,0,0,0,0,0,8,0,0,0,0,0,0,3,0,2153,0,0,0,0,0,0,3,0,0,0,0,0,0,0,0,500,0,0,0,0,0,0,0,0,0,0,0,584,0,376,2,4,0,0,0,941,0,0,90,0,0,0,0,0,6,0,0,0,0,0,0,0,0,0,0,0,10,0,0,7036,162,0,0,0,0,0,0,0,0,0,0,0,0,0,7,0,46,0,0,0,0,0,0,0,0,0,0,0,0,0,0,0,0,0,0,0,0,0,0,0,0,0,0,0,0,0,0,0,0,0,0,0,0,0,198,0,0,0,0,0,0,0,555,0,0,0,207,0,0,0,0,0,0,0,0,0,0,0,0,0,0,0,0,0,0,0,0,0,0,0,0,2,0,0,0,0,0,0,14477,0,0,31,0,0,0,250,0,0,0,0
"D190",0,0,0,0,0,0,0,0,0,0,0,0,0,0,0,0,0,0,0,0,0,0,0,0,0,0,0,0,0,0,0,0,0,0,1879,0,0,0,21,0,0,0,0,0,0,449,0,0,0,6,0,0,0,0,0,0,0,0,0,167,0,0,0,0,0,0,0,0,0,0,0,0,0,0,0,0,0,0,0,0,0,0,0,1371,7,0,0,0,0,0,0,0,0,0,0,0,4382,47,0,0,0,0,1037,0,0,0,0,0,0,0,0,0,0,0,0,0,0,0,0,0,0,0,0,0,9866,0,0,0,0,0,0,0,0,0,0,0,0,0,0,0,0,0,0,0,0,0,0,0,0,0,0,0,0,0,0,0,0,0,0,0,0,0,0,0,0,0,0,0,0,0,0,0,6208,0,0,0,0,0,0,0,0,0,0,0,0,0,0,0,0,0,0,0,0,0,0,0,0,0,6,0,0,0,0,0,0,0,0,66,0,0,0,0,13,0,0,0,0,0,0,144,0,0,0,0,0,0,0,0,0,0,0,0,0,0,0,0,0,0,0,0,0,0,0,0,0,0,0,0,0,0,0,0,0,0,0,0,0,0,0,0,3167,0,0,0,0,0,0,0,0,0,0,0,0,0,0,0,0,0,0,0,0,0,0,0,0,0,0,0,0,0,0,0,0,0,0,0,0,0,0,0,0,5003,0,0,0,2,0,0,0,0,0,1,0,0,0,0,0,0,0,0,0,0,0,0,0,0,0,0,0,1998,0,0,0,0,0,0,0,0,0,0,0,0,0,0,0,0,0,0,0,0,0,0,0,0,0,0,0,3537,759,0,0,0,0,0,1286,0,0,0,0,0,0,0,0,5041,0,0,3,0,0,0,0,0,0,0,142,6174,0,0,0,0,0,0,0,7330,0,0,130,0,0,0,0,0,0,0,0,0,0,0,0,0,0,0,0,0,0,0,0,24858,197,0,0,0,0,0,0,0,0,0,0,0,0,0,0,0,1310,0,0,0,0,0,0,0,0,0,0,0,0,0,0,0,0,0,0,0,0,0,0,0,0,0,0,0,0,0,0,0,0,0,0,0,0,0,885,0,0,0,0,0,0,0,0,0,0,0,0,1137,0,0,0,0,0,0,0,0,0,0,0,0,0,15,0,0,0,0,0,0,0,0,0,0,0,0,0,0,0,0,24885,0,0,0,0,0,0,112,0,0,0,0
"D191",0,0,0,0,0,0,0,0,0,0,0,0,0,0,0,0,0,0,0,0,0,0,0,0,0,0,0,0,0,0,0,0,0,0,0,0,0,0,0,0,0,0,0,0,0,0,0,0,0,0,0,0,0,0,0,0,0,0,0,0,0,0,0,0,0,0,0,0,0,0,0,0,0,0,0,0,0,0,0,0,0,0,0,0,0,0,0,0,0,0,0,0,0,0,0,0,0,0,0,0,0,0,0,0,0,0,0,0,0,0,0,0,0,0,0,0,0,0,0,0,0,0,0,0,0,0,0,0,0,0,0,0,0,0,0,1267,0,0,0,0,0,0,0,0,0,0,0,0,0,0,0,0,0,0,0,0,0,0,0,0,0,0,0,0,0,0,0,0,0,0,0,0,0,0,0,0,0,0,0,0,0,0,0,0,0,0,0,0,0,0,0,0,0,0,0,0,0,0,0,0,0,0,0,0,0,0,0,0,0,0,0,0,0,0,0,0,0,0,0,0,0,0,0,0,0,0,0,0,0,0,0,0,0,0,0,0,0,0,0,0,0,0,0,0,0,0,0,0,0,0,0,0,3,0,0,0,0,0,0,0,0,0,0,0,0,0,0,0,0,0,0,0,0,0,0,0,0,0,0,0,0,0,0,0,0,0,0,0,0,0,0,0,0,0,0,0,0,0,0,0,0,0,0,0,0,0,0,0,0,0,0,0,0,0,0,0,0,0,0,0,0,0,0,0,0,0,0,0,0,0,0,0,0,0,0,0,0,0,0,0,0,0,0,0,0,0,0,0,0,0,0,0,0,0,0,0,0,0,0,0,0,0,0,0,0,0,0,0,0,0,0,0,0,0,0,0,0,0,0,0,0,0,0,0,0,0,0,0,0,0,0,0,0,0,0,0,0,0,0,0,0,0,0,0,0,0,0,0,0,0,0,0,0,0,0,0,0,0,0,0,0,0,0,0,0,0,0,0,16,0,0,0,0,0,0,0,0,0,0,0,0,0,0,0,0,0,0,0,0,0,0,0,0,0,0,0,0,0,0,0,0,0,0,0,0,0,0,0,0,0,0,0,0,0,0,0,0,0,0,0,0,0,0,0,0,0,0,0,0,0,0,0,0,0,0,0,0,0,0,0,0,0,0,0,0,0,0,0,0,0,0,0,0,0,0,0,0,0,0,0,0,0,0,0,0,0,0,0
"D192",0,0,0,0,0,0,0,0,2446,0,0,0,0,0,0,0,0,0,0,0,0,0,0,0,0,0,0,0,0,0,0,0,0,0,0,0,0,0,0,0,0,0,0,0,0,0,0,0,0,0,11,0,0,0,0,0,0,0,1162,0,0,0,0,0,0,41,0,0,0,0,0,0,0,0,0,0,0,0,0,3,0,0,0,0,0,0,0,0,0,0,0,0,0,0,0,0,0,0,0,0,0,0,0,0,0,0,0,0,65,0,0,0,0,0,0,0,0,0,0,0,0,0,0,0,0,0,0,34,0,0,0,0,0,0,0,0,0,0,0,0,0,0,0,0,0,0,0,0,0,0,0,0,0,0,0,0,0,0,0,2,0,0,0,0,0,0,0,0,0,0,0,0,0,0,0,0,0,0,0,0,0,0,0,0,0,0,0,0,0,0,0,0,0,0,0,0,0,0,0,0,0,0,0,0,0,0,0,0,0,0,0,0,0,0,5,0,0,0,0,0,0,807,0,0,0,0,0,0,0,2226,0,0,0,0,0,0,0,0,0,0,0,0,0,0,1,0,0,0,3,0,0,0,0,0,0,0,0,0,0,0,0,0,0,3,0,0,0,0,0,0,0,0,0,0,13,0,0,0,0,0,0,0,0,0,0,0,0,0,0,0,0,0,0,27,0,0,0,0,0,0,0,0,0,0,0,269,0,0,0,0,0,0,0,0,0,0,0,0,0,0,0,0,0,0,0,0,0,0,0,0,0,0,0,0,0,0,0,0,0,0,0,0,0,15,0,0,0,0,0,0,0,0,0,0,0,0,0,0,0,0,0,0,0,0,0,0,0,0,0,0,0,0,0,0,0,0,0,0,0,0,0,0,0,0,0,0,0,0,0,7,0,0,0,0,0,0,0,0,0,1080,512,0,0,0,0,0,0,0,321,0,0,0,0,0,0,0,2,0,0,0,0,0,0,0,0,0,0,0,0,0,0,0,0,0,0,0,0,0,0,0,0,0,0,0,0,0,0,0,0,0,0,0,0,22,0,0,0,0,0,0,0,0,0,0,0,0,0,0,0,6,0,0,0,0,0,0,0,0,0,0,0,0,0,0,0,0,0,0,0,0,0,0,0,0,0,0,0,0,0,0,0,0,0,0,0,0,546,0,0,0,0,0,0,0,0,0,0,0,0,0,0,0,0,0,0,0,80,0
"D193",0,3,0,0,0,5,0,4,0,251,0,0,0,0,4,0,2,0,162,0,0,0,0,0,0,3,0,0,0,0,8,98,0,69,0,0,4,38,0,3,4,186,0,0,0,373,9,0,25,0,1643,2287,14,22,0,14,42,0,0,13,0,3,0,2,45,0,44,0,29,0,0,59,0,0,0,164,0,21,7,3,184,46,24,0,0,0,0,0,0,7,0,27,0,0,8,2,7,0,6,0,0,11,0,9,0,0,0,0,0,0,0,0,0,7,7,0,0,1,0,0,38,15,53,0,0,0,0,1,0,0,2,0,8,66,8,0,0,0,0,7,0,19,17,0,0,43,0,19,1,7,0,0,1461,11,0,0,0,0,2,3,0,2,9,5,2,2,3549,0,19,0,35,0,0,2,0,17,286,0,0,23,32,3,3,22,401,18,0,134,0,2,0,0,0,0,0,0,0,0,6,0,3,3,0,0,29,0,0,0,23,0,114,0,0,3,0,0,0,0,0,0,0,0,0,33,28,0,0,28,0,0,24,0,0,0,0,0,0,4,0,0,0,4,0,0,0,67,14,12,0,109,0,3,43,0,0,0,25,0,82,0,5,67,0,0,0,5,0,0,0,696,0,0,0,0,0,0,0,0,72,4,6,0,0,77,0,0,4,0,2,0,3,3,0,0,0,243,313,52,347,0,15,0,6,2,0,55,0,6394,0,0,9,1,0,0,15,0,103,0,0,0,0,11,2,0,411,347,43,0,0,20,0,0,0,0,0,0,0,422,3,0,0,0,0,0,20,0,3,0,0,37,2,127,0,220,0,34,2,0,8,0,2,187,0,0,0,57,0,0,0,0,11,0,0,0,0,0,87,0,2,0,0,7,0,14,0,11,0,2,0,0,0,0,6,0,8,95,0,0,0,0,0,0,0,17,13,0,1,0,0,0,4,0,296,1,0,0,0,0,66,0,0,0,0,12,24,3,0,0,0,0,0,0,7,0,3,0,0,1402,0,0,0,0,8,6,2,0,159,111,42,0,0,0,2,0,0,0,5,227,42,7,11,2,2,25,0,0,0,0,0,0,0,7,0,3,0,5,31,2,0,3,30,16,0,3,0,0,0,3,0,0,0,0,129,22,45,0,3,248,0,22,12,0,8,0,0,0,64,2,0,0,0,9,98,23,2,0,17,0,2,0,0,751,0,0,10,0,50,0
"D194",0,0,0,0,0,0,0,0,0,0,0,0,0,0,0,0,0,0,0,0,0,0,0,0,0,0,0,2,0,0,0,0,0,0,0,0,2,0,0,0,0,0,0,0,0,0,0,0,9,0,0,0,0,0,0,0,0,0,0,0,0,0,0,0,0,0,0,0,0,0,0,0,0,0,0,0,0,0,0,0,0,0,0,0,0,0,0,0,0,0,0,0,0,0,0,0,0,0,0,2,46,0,0,0,0,0,0,0,0,0,153,0,0,0,0,0,0,0,0,3,0,0,0,0,0,0,0,0,16,0,0,0,0,0,0,0,0,0,0,0,0,0,0,0,0,0,0,0,0,0,0,0,0,0,3,0,0,0,0,0,0,0,0,0,0,0,0,0,0,0,0,0,0,0,0,0,0,0,0,0,0,0,0,0,0,0,0,0,0,0,0,0,0,0,0,184,6,0,0,0,0,42,0,0,0,0,0,0,0,0,0,0,41,0,0,0,0,0,247,0,0,0,0,0,0,0,0,0,0,0,0,78,0,3,0,0,0,0,200,0,0,0,0,0,0,0,0,0,0,0,0,0,5,0,0,0,0,0,0,0,0,0,0,0,0,0,0,0,0,0,0,0,0,0,0,0,0,0,0,0,0,0,0,0,0,0,0,0,0,0,0,0,0,0,0,0,0,0,3,0,0,0,0,0,0,5,0,0,0,0,0,0,0,0,0,0,0,40,17,0,0,0,0,0,0,0,0,0,0,0,0,0,0,0,0,0,0,0,0,0,0,0,31,0,0,0,0,0,0,0,0,0,0,0,0,0,0,0,0,0,0,0,0,5,0,0,0,0,4,0,0,0,0,0,0,0,0,0,0,0,0,0,0,0,0,0,0,0,498,0,0,0,0,0,0,0,0,0,0,0,132,0,0,0,0,0,0,0,0,0,0,0,0,0,0,0,0,3,0,0,4,0,0,0,0,0,0,103,0,0,0,0,0,0,0,273,0,0,0,0,0,0,0,0,0,0,0,0,0,0,0,0,0,671,0,0,0,0,0,0,0,0,0,0,0,0,0,0,0,0,0,0,0,0,0,0,0,0,0,5,0,0,0,0,0,0,0,0,0,0,8,0,0,0,0,0,0,0,0,0,0,0,0,0,0,0,0,0,0,0,0,0,0,0,0,0,0,0,0,0,0,0,0,0,0,0,52,0
"D195",0,0,0,0,0,0,0,0,0,0,0,0,0,0,0,0,0,0,0,0,0,0,0,0,0,0,0,0,0,0,0,0,0,0,0,0,0,0,0,0,0,0,0,0,0,0,0,0,0,0,0,0,0,0,0,0,0,0,0,0,0,0,0,0,0,0,0,0,0,0,0,0,0,0,0,0,0,0,0,0,0,0,0,0,0,0,1,0,0,0,0,0,0,0,0,0,0,0,0,0,0,0,0,0,0,0,0,0,0,0,0,0,0,0,0,0,0,0,0,0,0,0,0,0,0,0,0,0,0,0,0,0,0,0,0,546,0,0,0,0,0,0,0,0,0,0,0,0,0,0,0,0,0,0,0,0,0,0,0,0,0,0,0,0,0,0,0,0,0,0,0,0,0,0,0,0,0,0,0,0,0,0,0,33,0,0,0,0,0,0,0,0,0,0,0,0,0,0,0,0,0,0,0,0,0,0,0,0,0,0,0,0,0,0,0,0,0,0,0,0,0,0,0,0,0,0,0,0,0,0,0,0,0,0,0,0,0,0,0,0,0,0,0,0,0,0,0,0,0,0,0,0,0,0,0,0,0,0,0,0,0,0,0,0,0,0,0,0,0,0,0,0,0,0,0,0,0,0,0,0,0,0,0,0,0,0,0,0,0,0,0,0,0,0,0,0,0,0,0,0,0,0,0,0,0,0,0,0,0,0,0,0,0,0,0,0,0,0,0,0,0,0,0,0,0,0,0,0,0,0,0,0,0,0,0,0,0,0,0,0,0,0,0,0,0,0,0,0,0,0,0,0,0,0,0,0,0,0,0,0,0,0,0,0,0,0,0,0,0,0,0,0,0,0,0,0,0,0,0,0,0,0,0,0,0,0,0,0,0,0,0,0,0,0,0,0,0,0,0,0,0,0,0,0,0,0,0,0,0,0,0,0,0,0,0,0,0,0,0,0,0,0,0,0,0,0,0,0,0,0,0,0,0,0,0,0,0,0,0,0,0,0,0,0,0,0,0,0,0,0,0,0,0,0,0,0,0,0,0,0,0,0,0,0,0,0,0,0,0,0,0,0,0,0,0,0,0,0,0,0,0,0,0,0,0,0,0,0,0,0,0,0,0,0,0,0,0,0,0,0,0,0,0,0,0,0,2,0,0,0,0,0,0,0,0,0,0,0,0,0,0,0,0,0,0,0,0,0
"D196",0,0,0,0,0,0,0,0,0,0,0,0,0,0,0,0,0,0,0,0,0,0,0,0,0,0,0,2355,0,0,0,0,0,0,0,0,0,0,0,0,0,0,0,0,0,0,0,0,0,0,0,0,0,0,0,0,0,0,0,0,0,0,0,0,0,0,0,0,0,0,0,0,0,0,0,0,0,0,0,0,0,0,0,0,0,0,0,0,0,0,0,0,0,0,0,0,0,0,0,169,0,0,0,0,0,0,0,0,0,0,4562,0,0,0,0,0,0,0,0,0,0,0,0,0,0,0,0,0,51,0,0,0,0,0,0,0,0,0,0,0,0,0,0,0,0,0,0,0,0,0,0,0,0,0,0,0,0,0,0,0,0,0,0,0,0,0,0,0,0,0,0,0,0,0,0,0,0,0,0,0,0,0,0,0,0,0,0,0,0,0,0,0,0,0,0,16,1009,0,0,0,0,0,0,0,0,0,0,0,0,0,0,0,0,0,0,0,0,0,0,0,0,0,0,0,0,0,0,0,0,0,0,1558,0,0,0,0,0,0,0,0,0,0,0,0,0,0,0,0,0,0,0,0,0,0,0,0,0,0,0,0,0,0,0,0,0,0,0,0,0,0,0,0,0,0,0,0,0,0,0,0,0,0,465,0,0,0,0,0,0,0,0,0,0,0,0,0,0,0,0,0,0,0,0,0,0,0,0,0,0,0,0,0,0,0,0,0,0,0,261,0,0,0,0,0,0,0,0,0,0,0,0,0,0,0,0,0,0,0,0,0,0,0,0,0,0,0,0,0,0,0,0,0,0,0,0,0,0,0,0,0,0,0,0,0,0,0,0,0,2891,0,0,0,32,0,0,0,0,0,0,0,0,0,0,0,0,0,0,0,0,0,0,0,0,0,0,0,0,0,0,0,0,0,0,0,0,0,0,0,0,0,0,0,0,0,0,0,0,0,0,0,7838,0,0,0,0,0,0,0,0,0,0,0,0,0,0,120,0,0,0,0,0,0,0,0,0,0,0,0,0,0,0,0,0,0,0,0,0,0,0,0,0,0,0,0,0,0,0,0,0,0,0,0,0,0,0,0,0,0,0,0,0,0,0,0,0,0,0,0,0,0,600,0,0,0,0,0,0,0,0,0,0,0,0,0,0,0,0,0,0,0,0,0,0,0,0,0,0,0,0,0,0,0,0,0,0,0,0,0
"D197",0,0,0,5,0,0,0,0,0,0,0,0,0,0,0,0,0,0,0,0,0,0,0,0,0,0,0,0,0,0,0,0,0,0,0,0,0,0,0,0,0,0,0,0,0,0,0,0,0,0,0,0,0,0,0,0,0,0,0,0,0,0,0,0,0,0,0,0,0,0,0,0,0,0,0,0,0,0,0,0,0,0,0,0,0,0,0,0,0,0,0,0,0,0,0,0,0,0,0,0,2,0,0,0,0,0,0,0,0,0,0,0,0,0,0,0,0,0,0,0,0,0,0,0,0,0,0,0,0,0,0,0,0,0,0,0,0,0,0,0,0,0,0,0,0,0,0,0,0,0,0,0,0,0,0,0,0,0,0,0,0,0,0,0,0,0,0,0,0,0,0,0,0,0,0,0,0,0,0,0,0,0,0,0,0,0,0,0,0,0,0,0,0,0,0,2,0,0,0,0,0,14,0,0,0,0,0,0,0,0,0,0,0,0,0,0,0,0,147,0,0,0,0,0,0,0,0,0,0,0,0,0,0,0,0,0,0,0,929,0,0,0,0,8,0,0,0,0,0,0,0,0,0,0,0,0,0,0,0,0,0,0,0,0,0,0,0,0,0,0,0,0,0,0,0,0,0,0,0,0,0,0,0,0,0,0,0,0,0,0,0,0,0,0,0,0,0,0,0,0,0,0,0,0,0,0,0,0,0,0,0,0,0,0,0,0,0,1742,0,0,0,0,0,0,0,0,0,0,0,0,0,0,0,0,0,0,0,0,0,0,0,0,0,0,0,0,0,0,0,0,0,0,0,0,0,0,0,0,0,0,0,0,0,0,0,0,1,0,0,0,0,0,0,0,0,57,0,0,0,0,0,0,0,0,0,0,0,0,10009,0,0,0,0,0,0,0,0,0,0,0,0,0,0,0,0,0,0,2,0,0,0,0,0,0,0,0,0,0,0,0,0,0,0,0,0,0,0,138,0,0,0,0,0,0,0,0,0,0,0,0,0,15,0,0,0,0,0,0,0,0,0,0,0,260,0,0,0,0,0,0,0,0,0,0,0,0,0,0,0,0,0,0,0,0,0,0,0,0,0,0,0,0,0,0,0,0,0,0,0,0,0,0,0,0,0,0,0,0,0,0,0,0,0,0,0,0,0,0,0,0,0,0,0,0,0,0,0,0,0,0,0,0,0,0,0,0,0,0
"D198",0,0,0,0,0,0,0,0,14,0,0,0,0,4,0,30,0,0,0,0,0,0,0,0,0,0,0,0,0,0,0,0,0,0,20,0,0,0,0,0,0,0,0,0,0,0,0,1,0,0,16,0,0,0,0,0,0,0,39,0,0,0,0,3,0,770,0,0,0,0,0,0,0,0,0,0,0,0,0,0,0,0,0,0,0,0,0,0,0,0,7,0,0,0,0,0,0,0,0,0,0,0,0,0,0,0,0,0,2,0,0,0,0,0,95,0,0,0,0,0,0,0,0,0,0,0,0,0,0,0,2,0,0,0,0,0,0,0,0,6,0,0,0,0,0,0,0,0,0,0,14,0,0,0,0,0,0,0,0,293,0,0,0,0,0,0,0,0,0,0,0,0,0,0,0,0,0,0,0,0,0,0,0,0,0,0,0,0,0,0,0,0,0,22,0,0,0,0,0,0,1,5,0,0,0,0,0,0,0,0,0,0,0,0,4,0,0,0,0,0,0,0,0,0,0,0,0,2,0,50,0,0,0,0,0,0,0,0,0,0,0,0,0,0,0,0,0,0,9,0,0,0,0,0,0,0,0,0,0,0,11,0,0,0,0,3,2,0,0,27,0,5,0,0,695,0,0,0,0,0,0,0,0,0,0,0,0,0,0,0,0,0,0,0,0,0,0,0,0,0,0,0,0,0,0,13,0,0,0,0,0,105,143,0,0,0,0,0,0,15,0,0,1,3,0,0,0,0,0,0,0,0,0,0,0,0,0,0,0,0,0,0,0,84,0,0,0,0,0,0,0,0,0,0,0,0,0,0,0,0,0,0,0,0,30,0,0,0,0,0,0,0,0,0,0,0,0,0,0,0,0,0,0,0,0,0,0,27,0,0,0,0,0,0,0,0,0,0,0,0,0,0,0,0,0,0,0,0,8,0,0,0,0,0,0,0,0,0,0,0,0,0,0,0,0,0,0,0,0,0,0,49,0,0,0,0,0,0,0,0,0,334,0,0,0,0,0,0,0,0,0,0,0,0,0,0,0,6,0,0,0,0,0,0,0,0,0,0,0,0,0,0,0,0,0,0,0,4,0,0,0,0,0,0,0,238,0,0,32,0,0,17,0,0,0,0,0,2,0,0,0,0,0,0,0,0,0,0,0,0,0,0,0,0,0,0,0,0,0,41,0,0,0,0,0,0,0,0
"D199",0,0,0,0,0,0,0,0,0,0,0,0,0,0,0,0,0,0,0,0,0,0,0,0,0,0,0,0,0,0,0,0,0,0,386,0,0,0,0,0,0,0,0,0,0,12,0,0,0,0,1,0,0,0,0,0,0,0,0,0,0,1,0,0,0,0,0,0,0,2,0,0,0,0,0,0,19,328,0,0,0,0,0,66,0,0,14,0,6,0,3,0,0,0,0,0,227,45,0,0,0,0,0,0,0,0,0,0,0,0,0,0,1,0,0,0,85,1399,0,0,0,0,0,0,33,0,0,0,0,0,0,0,0,0,0,0,0,0,0,0,0,0,0,0,0,0,0,0,0,0,0,0,0,0,0,0,0,0,0,0,0,0,0,2,0,0,0,0,0,0,0,0,150,0,0,0,0,0,0,0,0,0,9,0,0,0,0,0,0,0,0,0,0,0,0,0,0,0,20,0,0,0,0,0,0,0,0,42,0,71,1,26,0,0,0,0,0,0,0,0,16,0,0,0,0,0,0,1,0,0,0,0,0,0,0,0,0,0,0,0,0,0,0,0,0,1,0,0,0,0,0,0,0,0,0,0,0,0,0,0,1,0,0,0,0,0,4,0,0,0,0,0,0,0,0,0,0,0,0,0,0,0,0,0,0,0,0,0,0,0,0,0,0,0,0,0,0,0,0,0,0,217,0,0,24,0,0,0,0,0,0,4,0,0,0,0,0,0,0,0,0,0,25,0,0,0,0,0,0,36,0,0,0,0,0,0,0,0,0,0,0,0,0,0,0,0,0,11,0,0,0,0,0,0,0,0,0,785,0,0,0,0,0,0,5,0,0,0,0,0,0,0,0,1515,0,0,0,0,0,0,0,0,0,0,0,477,0,33,0,0,0,0,0,38,0,0,2,0,0,0,0,0,37,0,0,0,0,0,0,0,0,0,3,0,248,0,0,475,607,0,0,0,2,0,0,3,0,0,0,0,0,0,0,0,113,0,0,0,0,0,0,0,0,0,0,0,0,0,0,0,0,0,0,0,0,0,0,0,0,0,0,0,0,0,0,0,0,0,0,0,0,0,299,0,0,0,0,0,0,0,337,0,0,0,308,0,0,0,0,0,0,0,0,0,0,0,0,0,0,0,0,0,0,0,0,0,0,0,0,0,0,0,0,0,0,0,937,84,0,3,0,0,0,12,0,0,0,0
"D200",0,0,0,1713,0,0,0,0,0,0,0,0,0,0,0,0,0,0,0,0,0,0,0,0,0,0,0,0,0,0,0,0,0,0,0,0,0,0,0,0,0,0,0,0,0,0,0,0,0,0,0,0,0,0,0,0,0,0,0,0,0,0,0,0,0,0,0,0,0,0,0,0,0,0,0,0,0,0,0,0,0,0,0,0,0,0,0,0,0,0,0,0,0,0,0,0,0,0,0,0,0,0,0,0,5884,0,5,0,0,0,0,0,0,0,0,0,0,0,0,0,0,0,0,7,0,0,0,0,0,0,0,0,0,0,0,0,0,0,0,0,0,0,0,0,0,0,0,0,0,0,0,0,0,0,2219,0,0,0,0,0,0,0,0,0,0,0,0,0,0,0,0,0,0,0,0,0,0,0,0,0,0,0,0,0,0,0,0,0,0,0,0,0,0,0,0,7,0,0,0,0,0,7,0,0,0,0,0,0,0,0,0,0,0,0,0,0,0,0,13,0,0,0,0,0,0,0,0,0,0,0,0,250,0,0,0,0,0,0,0,0,0,0,0,2,0,0,0,0,0,0,0,0,0,0,0,0,0,0,0,0,0,0,0,0,0,0,0,0,0,0,0,0,0,0,0,0,0,0,0,0,2,0,0,0,0,0,0,0,0,0,0,0,0,0,0,0,0,0,0,0,0,0,0,0,0,0,0,0,0,0,0,0,0,0,0,0,0,0,0,0,0,0,0,0,0,0,0,0,0,0,0,0,0,0,0,0,0,0,0,0,0,0,0,0,0,0,0,0,0,0,0,0,0,0,0,0,0,0,0,0,0,0,0,0,0,0,1199,0,0,0,0,0,0,0,0,0,0,0,0,0,0,0,0,0,0,0,0,0,30,0,0,0,0,0,0,0,0,0,0,0,0,0,0,0,0,0,0,0,0,0,0,0,0,0,0,0,0,0,0,0,0,0,0,0,0,0,0,0,0,0,0,0,0,0,0,0,0,0,0,0,0,0,0,0,0,0,0,0,0,0,0,0,0,4,0,0,0,0,0,0,0,0,0,0,0,0,0,0,0,0,0,0,0,0,0,0,0,0,0,0,0,0,0,0,0,0,0,0,0,0,0,0,0,0,0,0,0,0,0,0,0,0,0,0,0,0,0,0,0,0,0,0,0,0,0,0,0,0,0,0,0,0,0,0,0,0,0,0
"D201",5,0,0,437,0,2,0,0,0,0,0,0,0,0,0,0,0,0,0,0,0,0,0,0,0,2,0,14,2,2,0,0,7,1,0,0,0,0,0,0,0,0,0,0,0,0,0,0,0,2,0,14,0,0,4,0,0,0,0,0,4,0,0,5,0,3,0,3,0,0,40,0,0,0,0,0,2,0,6,0,0,0,0,0,8,0,0,0,0,0,0,0,0,0,0,0,0,0,0,41,3,4,0,0,948,0,93,0,0,0,81,5,0,0,0,0,0,0,0,4,0,0,0,52,0,0,0,0,4,0,0,0,0,0,2,0,0,0,0,0,0,0,0,1,0,0,0,0,0,0,1,0,12,0,3179,0,0,0,0,22,0,0,0,2,0,0,1,0,0,2,0,7,0,2,16,0,0,0,0,0,0,0,0,0,0,0,0,0,0,0,0,0,0,0,0,0,33,0,0,0,0,3,0,0,0,0,0,0,0,0,0,0,2,0,0,0,0,0,24,0,0,0,0,0,0,0,0,0,0,0,0,1418,0,12,0,0,0,0,15,0,0,0,0,0,7,0,0,0,0,0,0,0,3,0,6,0,0,0,13,0,0,0,0,0,0,0,0,0,0,2,0,0,0,0,1,0,0,0,0,0,0,0,4,0,0,0,0,6,0,0,0,0,0,0,0,0,0,0,81,0,0,0,0,0,0,14,0,0,7,0,0,0,10,0,0,0,0,17,16,2,0,0,0,0,0,0,0,6,0,0,0,4,0,0,0,0,0,0,0,0,0,0,3,0,0,0,0,0,0,0,0,0,0,0,0,4,0,0,0,0,0,0,0,0,0,0,163,0,16,0,0,0,33,0,0,0,0,0,0,0,0,0,0,0,0,0,0,0,51,0,0,0,0,0,0,0,0,0,0,0,0,0,0,0,0,0,0,33,2,0,0,0,0,0,0,2,0,0,0,58,18,0,0,0,0,0,0,0,0,0,0,3,0,0,0,1,6,0,0,0,3,0,0,0,0,0,0,0,3,0,0,9,0,6,89,16,0,0,0,0,0,0,0,0,0,58,0,0,2,0,57,0,0,0,0,0,0,0,0,0,0,0,0,0,0,6,0,0,0,0,11,0,0,0,0,0,0,0,2,0,0,0,0,0,0,0,0,0,0,0,0,0,0,0,0,3,0,0,0,0,0,0,0,0,0,0,0,0
"D202",5,0,0,10,0,0,0,0,7,0,0,0,0,0,0,0,0,0,0,0,0,0,0,0,0,0,0,0,0,0,0,0,0,0,0,3,0,0,0,0,0,0,0,0,0,0,0,0,0,0,0,20,0,0,0,0,0,0,0,0,22,0,0,0,0,0,0,1,0,0,0,0,0,0,0,0,0,0,0,0,0,0,0,0,22,0,0,0,0,0,0,0,0,0,0,0,0,0,0,0,146,0,0,0,0,0,0,0,0,0,0,0,0,0,0,0,0,0,0,0,0,0,0,0,0,0,0,0,0,0,0,0,0,0,0,0,0,6,0,0,0,0,0,5,0,0,0,0,0,0,0,0,2,0,0,0,0,0,0,15,0,0,0,0,0,0,0,0,0,0,0,24,0,0,232,0,0,0,0,0,0,0,0,0,0,0,0,0,0,0,0,0,0,0,0,0,0,0,0,0,0,61,0,0,0,0,0,0,0,0,0,0,29,0,0,0,0,0,0,0,0,0,0,0,0,0,0,0,0,0,0,0,0,0,0,0,0,0,14,0,0,0,0,0,0,0,0,0,0,0,0,0,9,0,0,0,0,0,0,0,0,0,0,0,0,0,0,0,0,0,0,0,0,0,0,0,0,0,0,0,0,0,0,0,0,0,0,20,0,0,0,0,0,0,0,0,0,0,14,0,0,0,0,0,0,37,0,0,5,0,0,0,4,0,0,0,0,0,0,0,0,0,0,0,0,0,0,0,2,0,0,22,0,0,0,9,0,0,0,0,0,0,0,0,0,0,0,0,0,0,0,0,0,0,0,0,0,0,0,0,0,0,0,0,0,0,0,0,0,0,0,0,0,0,0,0,0,0,0,0,0,0,0,0,0,0,0,0,6,0,0,0,0,0,0,0,0,0,3,0,68,0,0,0,0,0,0,0,3,3,0,0,0,0,0,0,2,0,0,0,0,0,0,0,0,0,0,0,0,0,0,0,0,0,0,0,0,0,0,0,0,0,0,0,0,0,0,0,0,0,0,0,0,57,0,1,0,0,0,0,0,0,0,0,0,0,0,0,0,0,0,0,0,0,0,0,0,0,2,0,0,0,0,0,0,0,0,0,0,0,0,0,0,0,0,0,0,0,0,0,0,0,0,0,0,0,278,0,0,0,0,0,0,0,0,0,0,0,0,0,0,0,0,0,0,0,0,0
"D203",0,0,0,0,0,0,0,0,0,0,0,0,0,0,0,0,0,0,0,0,0,0,0,0,0,0,0,0,0,0,0,0,0,423,0,0,0,0,38,0,0,0,0,0,0,0,0,0,0,0,0,0,0,0,0,0,0,0,0,0,0,0,0,0,0,0,0,0,0,0,0,0,0,0,0,0,0,0,0,0,0,0,0,0,0,0,0,0,0,0,0,0,0,0,0,0,0,0,0,0,0,0,0,0,0,0,4,0,0,0,5,0,0,0,0,0,0,0,0,0,0,0,0,0,0,0,0,0,0,0,3,0,0,0,0,0,0,0,0,0,0,0,0,0,0,0,0,0,0,0,0,0,0,0,0,0,0,0,0,3,0,0,0,0,0,0,0,0,0,0,0,130,0,0,0,0,0,0,0,0,0,0,0,0,0,0,0,0,0,0,0,0,0,0,0,0,0,0,0,0,0,0,0,0,0,0,0,0,0,453,0,0,0,0,0,0,0,0,0,0,0,0,0,0,0,0,0,0,0,0,0,3,0,2,0,0,0,0,2,0,0,0,0,0,0,0,0,0,0,0,0,0,8,0,0,0,0,0,0,0,0,0,7,3,0,0,0,0,0,0,0,0,0,0,0,0,0,0,0,0,0,0,0,0,0,0,0,0,0,0,0,0,0,0,0,0,0,0,0,0,0,2,145,0,0,0,0,0,0,0,0,0,0,0,0,0,0,0,0,0,0,0,0,0,0,0,0,0,0,0,0,0,0,0,0,0,0,0,0,0,0,0,0,76,0,0,0,0,0,0,0,0,0,0,0,0,0,0,0,0,0,0,0,0,0,0,0,0,0,0,0,0,0,0,0,0,0,0,0,0,0,0,0,0,0,0,0,0,3,0,0,0,0,0,0,0,0,0,0,0,0,0,0,0,0,0,0,0,11,0,0,0,0,0,0,0,13,2,0,0,0,0,1909,0,0,0,0,0,0,0,0,0,0,0,0,0,0,0,0,0,0,0,0,0,0,0,0,0,0,0,0,0,0,0,0,0,0,0,0,0,0,0,0,0,0,0,0,0,0,0,0,0,0,0,0,0,0,0,0,0,0,0,0,0,0,0,0,0,0,0,0,0,0,0,0,0,0,0,0,5,0,0,0,0,0,0,0,0,0,0,0,0,0,0,0,0,8,0,0,0,0,0,0,0,0,0,0,0
"D204",0,0,8,0,0,0,0,2,0,4,0,3,0,0,0,0,19,0,0,0,0,0,0,0,0,0,0,0,0,0,0,3,0,96,0,0,0,0,0,0,3,4,0,0,0,0,0,0,0,0,0,0,0,0,0,0,0,0,0,1,0,23,0,22,2,0,0,0,0,4,0,2,0,0,0,42,0,1,0,0,1,2,0,0,0,0,0,1,1,0,4,7,0,1,0,0,0,9,0,0,0,2,23,0,0,0,0,0,0,0,0,0,0,0,0,0,0,0,0,0,0,8,7,0,0,3,0,7,0,0,18,0,0,0,6,0,0,0,0,13,0,0,0,0,0,0,0,0,0,0,0,0,0,0,0,0,3,13,10,4,0,0,0,0,5,0,0,0,7,0,1,2,0,0,0,7,0,0,0,2,0,4,0,0,5,0,0,0,0,0,0,0,0,0,0,0,0,0,8,0,0,0,0,0,3,0,0,0,4,0,0,0,0,0,2,0,0,1,0,5,4,0,5,2,0,0,0,26,0,0,0,0,0,0,7,0,0,0,0,0,0,0,0,0,0,1,0,0,0,2,0,4,10,0,0,82,0,0,0,0,6,0,0,0,0,2,0,0,0,0,0,7,11,0,4,0,0,0,0,0,0,0,0,0,0,5,0,0,0,0,0,0,0,0,0,0,4,0,0,0,0,0,0,0,0,11,0,7,0,0,0,62,0,0,3,0,0,0,0,0,0,0,22,0,23,0,4,0,0,28,0,0,0,0,0,0,0,2,0,0,0,3,0,0,0,2,0,0,0,0,0,54,0,8,0,84,9,0,0,24,6,2,4,0,0,2,0,5,0,0,0,0,0,0,4,0,3,1,0,0,0,8,0,0,0,2,2,24,0,0,0,0,1,4,0,0,0,0,54,0,0,0,30,0,3,0,0,0,0,0,0,2,0,0,253,0,0,0,0,0,0,0,0,2,0,0,0,0,0,0,0,0,0,0,0,0,4,6,0,0,0,0,0,0,0,3,4,0,2,0,0,0,0,0,0,0,0,140,23,0,0,0,0,0,0,0,0,0,0,0,0,9,0,0,0,0,0,0,0,0,4,0,0,0,1,0,0,3,0,0,0,0,8,5,4,2,0,19,0,0,0,0,0,0,0,0,0,0,0,9,0,0,0,4,0,0,2,5,4,0,2,6,0,0,0,0,0,0
"D205",0,0,0,0,0,0,0,0,0,0,0,0,0,0,0,0,0,0,0,0,0,0,0,0,0,0,0,705,0,0,0,0,0,0,0,0,0,0,0,0,0,0,0,0,0,0,0,0,0,0,0,0,0,0,0,0,0,0,0,0,0,0,0,0,0,0,0,0,0,0,48,0,0,0,0,0,0,0,0,0,0,0,0,0,0,0,0,0,0,0,0,0,0,0,0,0,0,0,0,114,0,0,0,0,0,0,0,0,0,0,2957,0,0,0,0,0,0,0,0,0,0,0,0,0,0,0,0,0,243,0,0,0,0,0,0,0,0,0,0,0,0,0,0,0,0,0,0,0,0,0,0,0,0,0,0,0,0,0,0,0,0,0,0,0,0,0,0,0,0,0,0,0,0,0,0,0,0,0,0,0,0,0,0,0,0,0,0,0,0,0,0,0,0,0,0,504,613,0,0,0,0,0,0,0,0,0,0,0,0,0,0,0,0,0,0,0,0,0,0,0,0,0,0,0,0,0,0,0,0,0,0,2271,0,0,0,0,0,0,0,0,0,0,0,0,0,0,0,0,0,0,0,0,0,0,0,0,0,0,0,0,0,0,0,0,0,0,0,0,0,0,0,0,0,0,0,0,0,0,0,0,0,0,2462,0,0,0,0,0,0,0,0,0,0,0,0,0,0,0,0,0,0,0,0,0,0,0,0,0,0,0,0,0,0,0,0,0,0,0,211,0,0,0,0,0,0,0,0,0,0,0,0,0,0,0,0,0,0,0,0,0,0,0,0,0,0,0,0,0,0,0,0,0,0,0,0,0,0,0,0,0,0,0,0,0,0,0,0,0,3226,0,0,0,50,0,0,0,0,0,0,0,0,0,0,0,0,0,0,0,0,0,0,0,0,0,0,0,0,0,0,0,0,0,0,0,0,0,0,288,0,0,0,0,0,0,0,0,0,0,0,0,6960,0,0,0,0,0,0,0,0,0,0,0,0,0,0,834,0,0,0,0,0,0,0,0,0,0,0,0,0,0,0,0,0,0,0,0,0,0,0,0,0,0,0,0,0,0,0,0,0,0,0,0,0,0,0,0,0,0,0,0,0,0,0,0,0,0,0,0,0,0,620,0,0,0,0,0,0,0,0,0,0,0,0,0,0,0,0,0,0,0,0,0,0,0,0,0,0,0,0,0,0,0,0,0,0,0,0,0
"D206",0,0,0,0,7,0,0,0,0,0,0,0,0,4,2,3,0,0,0,0,0,0,0,0,0,0,0,0,0,0,0,0,0,0,0,0,0,0,0,0,0,0,0,0,0,3,3,2,125,0,0,0,0,0,0,0,0,0,0,2,2,0,0,4,0,0,0,0,0,0,0,0,0,0,0,1,21,1,0,0,0,0,0,0,0,0,3,0,142,2,0,6,0,0,0,0,0,23,0,0,0,0,0,3,4,0,0,0,0,2,0,0,0,0,0,0,0,21,0,0,0,0,0,0,0,0,43,0,0,6,67,0,0,2,0,0,0,0,0,0,0,0,0,0,3,0,0,0,0,0,0,0,0,0,0,0,0,0,0,0,0,0,0,0,0,0,0,0,0,0,0,6,0,0,0,0,0,0,81,0,0,0,123,0,0,0,0,0,0,0,0,0,0,0,0,0,0,0,0,0,0,0,3,0,0,0,0,6,0,0,0,0,0,0,0,0,0,0,0,0,0,0,0,0,0,0,0,0,0,0,0,3,0,0,5,0,0,0,0,0,0,0,0,0,0,0,0,0,0,0,0,0,6,0,13,0,0,2,56,0,3,0,2,6,0,0,0,0,0,0,0,0,0,0,0,0,5,0,0,0,0,0,0,0,0,0,0,2,0,0,0,0,0,0,0,0,0,0,1,0,0,2,0,0,0,11,0,0,0,0,0,8,2,0,0,0,0,0,0,0,0,0,0,28,0,0,0,0,0,0,0,0,0,0,0,0,0,0,0,0,0,2,0,0,0,0,0,0,0,0,0,0,0,0,0,0,0,257,0,42,0,0,0,0,0,0,0,0,0,0,0,0,0,0,0,0,0,0,0,0,0,0,24,0,0,28,0,0,0,5,0,2,0,0,0,0,40,0,0,0,0,0,0,2,0,0,0,0,1,0,0,0,0,0,0,0,0,0,116,0,0,0,0,0,0,0,8,0,20,0,0,0,0,0,0,0,0,0,0,0,0,0,0,0,0,0,0,0,0,0,1,0,0,0,0,0,0,0,0,0,0,0,0,0,0,0,0,0,0,0,0,0,2,0,0,0,0,0,0,15,0,0,0,0,33,0,0,0,0,0,0,0,0,0,0,0,0,0,0,12,0,0,0,0,0,0,0,52,0,0,0,0,0,2,0,0,19,0,0,0,2,0,2,0,0,0,0,0
"D207",0,0,0,0,0,0,0,0,0,0,0,0,0,0,0,0,0,0,0,0,0,0,0,0,0,0,0,0,0,0,0,0,0,0,0,0,0,0,0,0,0,0,0,0,0,0,0,0,0,0,0,0,0,0,0,0,0,0,0,0,2,0,0,0,0,0,0,0,0,0,0,0,0,0,0,0,0,0,0,0,0,0,0,0,0,0,0,0,0,0,0,0,0,0,0,0,0,0,0,0,0,0,0,0,0,0,0,0,0,0,0,0,0,0,0,0,0,0,0,0,0,0,0,0,0,0,0,0,0,0,0,0,0,0,0,120,0,0,0,0,0,0,0,0,0,0,0,0,0,0,0,0,0,0,0,0,0,0,0,0,0,0,0,0,0,0,6,0,0,0,0,0,0,0,0,0,0,0,0,0,0,0,0,0,0,0,0,0,0,0,0,0,0,0,0,0,0,0,0,0,0,2,0,0,0,0,0,0,0,0,0,0,5,0,0,0,0,0,0,0,0,0,0,0,0,0,0,0,0,0,0,0,0,2594,0,0,0,0,0,0,0,0,0,0,2,0,0,0,0,0,0,0,0,0,3,0,0,0,1,0,0,0,0,0,0,0,0,0,0,0,0,0,0,0,0,0,0,0,0,0,0,0,0,0,0,0,0,0,0,0,0,0,0,0,0,0,0,0,0,0,0,0,0,0,0,0,0,0,0,0,0,0,0,0,0,0,0,0,0,0,0,0,0,0,0,0,0,0,0,0,9,0,0,0,0,0,0,0,0,0,0,0,0,0,0,0,0,0,0,0,0,0,0,0,3,0,0,0,0,0,0,0,0,0,0,0,0,0,0,0,0,0,0,0,0,0,0,0,0,0,0,0,0,0,0,0,0,0,0,2,0,0,0,0,0,0,0,0,0,0,0,0,0,0,0,0,0,0,0,0,0,0,0,0,0,0,0,0,0,0,0,0,0,0,0,0,0,0,0,0,0,0,0,0,0,0,0,0,0,0,0,0,0,0,0,0,0,0,0,0,0,0,0,0,0,15735,0,0,0,0,0,0,0,0,0,0,0,0,0,0,0,0,0,0,0,0,0,0,0,0,0,0,0,2,0,0,0,0,0,0,0,0,0,0,0,0,0,0,3,1,0,0,0,0,0,0,4,0,0,0,0,0,0,0,0,0,0,0,0,0,0,0,0,0,0,0,0,0
"D208",0,0,0,0,0,0,0,0,13542,0,0,0,0,0,0,0,0,0,0,0,0,42,0,0,0,0,0,0,0,0,0,0,0,0,163,0,0,0,0,0,0,0,0,0,0,38,0,0,0,0,0,0,0,0,0,0,0,0,19,0,0,0,0,0,0,0,0,0,0,0,0,0,0,0,0,0,0,0,0,31,0,0,0,0,1570,0,0,0,0,0,0,0,0,0,0,0,0,0,0,0,0,2,0,0,75,0,0,0,0,0,0,0,0,0,0,0,0,0,0,0,0,0,0,0,0,0,0,19,0,0,0,0,0,0,0,0,0,0,0,0,0,0,0,0,0,0,0,0,0,0,55,0,39,0,0,0,0,0,0,0,0,0,0,0,0,0,69,0,0,0,0,0,0,0,0,0,0,0,0,0,0,0,0,0,0,0,0,0,0,0,0,0,0,0,0,0,0,0,0,0,0,0,0,0,0,0,0,0,0,0,0,0,3604,0,0,0,0,0,0,0,0,0,0,0,0,0,0,0,0,0,0,0,0,0,0,0,0,0,0,0,0,0,0,0,121,0,0,0,0,0,0,0,23,0,24,0,0,0,0,0,31,0,0,0,0,0,0,0,0,70,0,66,0,0,0,0,0,0,0,0,0,0,0,0,0,0,0,0,0,0,0,0,0,0,0,0,0,0,54,0,0,270,0,0,0,44,0,0,0,0,0,0,0,0,0,0,0,0,0,0,0,0,0,0,0,0,0,0,0,0,0,0,0,0,0,0,0,0,0,0,0,0,0,0,0,0,0,0,0,0,0,0,0,0,0,0,0,0,0,0,0,0,0,0,10,0,0,0,0,0,0,0,0,68,0,0,0,0,0,0,0,0,0,0,0,57,0,153,0,0,0,0,0,28,0,0,0,0,0,27,113,0,0,0,0,0,0,0,108,0,0,0,0,0,0,0,0,0,0,0,0,0,0,0,0,0,0,0,0,0,0,7,0,0,0,0,0,0,0,0,0,0,0,0,0,0,0,0,0,0,0,0,0,0,0,0,0,0,0,0,0,0,0,0,0,0,0,0,0,6,23,0,0,0,0,0,0,0,7,0,0,0,0,0,0,141,0,0,0,0,0,0,0,0,0,0,0,0,0,0,0,0,0,0,0,0,3,0,0,0,0,0,0,0,0,0,0,0,0,3,0,0,0,0,0,0,752,0
"D209",0,0,0,3,0,0,0,0,0,0,51,0,0,0,0,0,0,2,0,0,0,24,3,0,0,0,2,53,0,0,0,0,0,0,0,0,0,0,4,0,0,0,0,0,0,0,0,0,0,0,0,3,0,0,0,1,0,0,0,0,18,0,0,3,0,0,0,27,0,0,184,0,0,0,0,0,0,0,0,0,0,0,0,0,0,0,0,0,0,0,0,0,0,0,0,0,0,0,0,244,0,0,0,0,123,0,16,0,3,0,138,31,0,0,0,0,0,0,0,108,0,0,0,0,0,0,0,0,15,0,0,0,0,0,0,0,0,0,0,0,0,0,0,18,0,0,0,0,0,0,3,0,19,0,21,0,0,0,0,0,0,3,0,0,0,0,0,0,0,0,0,1,0,4,4,0,0,0,0,0,0,0,0,0,0,0,0,0,0,0,0,0,0,0,0,0,0,0,0,0,0,0,0,3,0,0,0,0,0,0,0,0,31,0,0,0,0,0,0,6,0,21,0,0,0,0,0,2,0,0,0,1467,0,0,0,0,0,0,0,0,3,0,0,3,75,0,0,0,10,0,0,0,0,17,1,0,0,0,0,0,0,0,2,0,0,0,3,0,0,0,0,0,0,0,3,149,0,0,0,0,0,0,0,0,0,0,0,0,0,0,0,0,0,2,0,0,0,0,0,0,0,8,0,0,0,0,0,0,2,0,0,0,0,0,0,0,19,0,52,0,0,0,0,0,0,2,0,0,2,0,2,190,0,0,0,0,0,0,0,0,0,0,4,47,0,0,0,0,18,0,0,0,0,0,0,0,0,0,0,0,0,0,0,0,0,0,0,0,104,0,0,0,14,0,0,0,0,0,0,0,0,0,0,0,0,0,0,6,0,2,0,0,0,0,0,0,0,0,0,0,1,0,0,0,0,0,23,66,2,0,0,0,0,3,0,0,0,0,2,38,0,0,22,0,0,0,0,0,2,0,0,12,0,0,0,18,0,3,0,0,0,0,0,0,0,0,0,6,0,7,3,3,0,0,0,13,0,0,0,0,0,0,0,0,0,1298,0,1,0,2,23,0,0,0,0,0,0,0,3,0,0,0,0,0,0,0,0,0,0,2,23,0,0,0,0,0,0,1,62,10,0,0,0,0,0,0,0,0,0,0,0,0,0,0,0,325,0,0,0,0,0,0,0,0,0,0,1,0
"D210",3,9,0,0,0,0,0,11,0,352,0,0,0,0,4,0,4,0,210,0,0,0,0,0,0,0,0,0,0,0,13,104,0,1,0,0,8,100,0,0,0,122,0,0,0,594,14,0,0,0,34,4855,3,48,0,11,94,1,0,1,0,0,0,0,117,0,38,0,20,2,0,62,9,0,0,302,0,0,10,0,139,66,0,0,0,0,0,0,0,0,0,0,0,0,5,4,0,0,5,0,0,10,8,16,0,0,0,6,0,4,0,0,0,0,19,0,0,76,0,0,0,31,82,0,0,3,0,0,0,0,0,0,1,0,10,0,0,0,0,0,0,23,104,0,0,61,3,24,0,10,0,0,234,52,2,0,0,0,8,0,0,8,19,0,0,7,704,3,60,0,91,5,0,0,0,27,190,8,0,28,22,11,0,10,599,15,0,167,0,2,0,0,0,0,0,0,0,0,3,0,0,14,0,0,93,0,4,0,47,0,602,0,0,0,0,0,0,2,0,0,0,0,4,0,17,0,0,25,0,0,16,6,0,0,0,0,0,12,0,0,0,0,10,0,0,68,5,14,0,78,0,0,69,0,0,0,2,0,0,0,2,84,0,0,0,3,0,1,0,22,0,0,0,0,0,0,0,0,90,7,0,1,0,87,0,5,28,0,8,0,0,15,1,0,0,213,358,83,15,0,115,0,22,0,0,13,0,955,0,0,19,0,0,0,193,0,245,0,0,0,5,3,11,0,409,7,14,0,0,14,0,0,0,4,0,0,0,668,0,0,0,0,0,0,6,0,2,0,0,44,6,206,14,245,0,0,0,0,3,0,0,149,5,0,2,67,0,0,0,0,13,6,0,0,0,0,98,0,4,0,0,8,0,16,2,0,0,0,0,0,0,6,32,0,0,64,18,0,21,0,0,0,0,13,15,0,0,0,0,4,15,0,368,0,13,0,0,0,9,5,0,12,0,5,10,8,10,0,7,3,0,0,5,0,0,0,0,1369,0,0,0,0,1,13,8,0,399,210,27,0,0,0,0,0,0,5,16,262,56,2,21,11,2,11,6,0,0,0,0,0,0,0,0,2,0,0,60,4,0,6,3,39,0,4,0,0,1,0,0,3,0,0,351,78,85,0,13,444,0,0,25,2,22,0,3,0,173,0,0,0,0,15,185,25,0,0,0,3,3,0,0,834,0,1,17,0,0,3
"D211",0,0,0,0,0,0,0,0,85,0,0,0,0,0,0,0,0,0,0,0,0,0,0,0,0,0,0,0,0,0,0,0,0,0,0,0,0,0,0,0,0,0,0,0,0,0,0,4,0,0,0,0,0,0,0,0,0,0,0,0,0,0,0,0,0,8,0,0,0,0,0,0,0,0,18,0,0,0,0,0,0,0,0,0,0,0,0,0,0,0,0,0,0,0,0,0,0,0,0,0,0,0,0,0,0,0,0,0,0,0,0,0,0,0,0,0,0,0,0,0,0,0,0,0,0,0,0,0,0,0,0,0,0,0,0,0,0,0,0,0,0,0,0,0,0,0,0,0,0,0,0,0,0,0,0,0,0,0,0,12,0,0,0,0,0,0,0,0,0,0,0,0,0,0,0,0,0,0,0,0,0,0,0,0,0,0,0,0,0,2,0,0,0,0,0,0,0,0,0,0,0,0,0,0,0,0,0,0,0,0,0,0,0,0,0,0,0,0,0,0,0,0,0,0,0,0,32,0,0,27,0,0,0,0,0,0,0,0,0,0,0,0,0,0,0,0,0,0,0,0,0,0,0,0,0,0,0,0,0,0,0,0,0,0,0,0,0,0,0,0,0,0,0,0,0,0,0,0,0,0,0,0,0,0,0,0,0,0,0,0,0,0,0,2,0,0,0,0,0,0,0,0,0,0,0,0,0,0,0,0,0,0,615,0,0,0,0,0,0,0,0,0,0,0,0,0,0,0,0,0,0,0,0,0,0,0,0,0,0,5,0,0,0,0,0,0,0,0,0,0,0,0,0,0,0,0,0,0,0,0,0,0,0,0,0,0,0,0,0,0,0,0,0,0,0,0,0,0,0,0,0,0,0,0,0,0,0,0,0,0,0,0,0,0,0,0,0,0,0,0,1,0,0,0,0,0,0,0,0,0,0,0,0,0,0,0,0,0,0,0,0,0,0,0,0,0,0,25,0,0,0,0,0,0,0,0,0,0,0,0,53,0,0,0,0,0,0,0,0,0,0,0,0,11,0,0,0,0,0,0,0,0,0,0,0,0,43,0,0,0,0,0,0,0,0,0,0,0,0,0,0,0,0,0,0,0,0,0,0,0,0,1111,0,0,0,0,0,0,0,11,0,0,0,0,0,0,964,0,0,0,0,0,0,0,0,0,0,0,0,0,0,0,0,0,0,0,0,0
"D212",0,0,0,0,0,0,0,0,0,0,0,0,0,0,0,0,0,0,0,0,0,0,0,0,0,0,0,0,0,0,0,0,0,0,0,0,0,0,0,0,0,0,0,0,0,0,0,0,0,0,0,0,0,0,0,0,0,0,0,0,0,0,0,0,0,0,0,0,0,0,0,0,0,0,0,0,0,0,0,0,0,0,0,0,0,0,0,0,0,0,0,0,0,0,0,0,0,0,0,0,0,0,0,0,0,0,0,0,0,0,0,0,0,0,0,0,0,0,0,0,0,0,0,0,0,0,0,0,0,0,0,0,0,0,0,10126,0,0,0,0,0,0,0,0,0,0,0,0,0,0,0,0,0,0,0,0,0,0,0,0,0,0,0,0,0,0,0,0,0,0,0,0,0,0,0,0,0,0,0,0,0,0,0,0,0,0,0,0,0,0,0,0,0,0,0,0,0,0,0,0,0,0,0,0,0,0,0,0,0,0,0,0,0,0,0,0,0,0,0,0,0,0,0,2,0,0,0,0,0,0,0,0,0,0,0,0,0,0,0,0,0,0,0,0,0,0,0,0,0,0,0,0,0,0,0,0,0,0,0,0,0,0,0,0,0,0,0,0,0,0,0,0,0,0,0,0,0,0,0,0,0,0,0,0,0,0,0,0,0,0,0,0,0,0,0,0,0,0,0,0,0,0,0,0,0,0,0,0,0,0,0,0,0,0,0,0,0,0,0,0,0,0,0,0,0,0,0,0,0,0,0,0,0,0,0,0,0,0,0,0,0,0,0,0,0,0,0,0,0,0,0,0,0,0,0,0,0,0,0,0,0,0,0,0,0,0,0,0,0,0,0,0,0,0,0,0,0,0,0,0,0,0,0,0,0,0,0,0,0,0,0,0,0,0,0,0,0,0,0,0,0,0,0,0,0,0,0,0,0,0,0,0,0,0,0,0,0,0,0,0,0,0,0,0,0,0,0,0,0,0,0,0,0,0,0,0,0,0,0,0,0,0,0,0,0,0,0,0,0,0,0,0,0,0,0,0,0,0,0,0,0,0,0,0,0,0,0,0,0,0,0,0,0,0,0,0,0,0,0,0,0,0,0,0,0,0,0,0,0,0,0,0,0,0,0,0,0,0,0,0,0,0,0,0,0,0,0,0,0,0,0,0,0,0,0,0,0,0,0,0,0,0,0,0,0,0,0,0
"D213",0,0,0,0,0,0,0,0,0,0,0,0,0,0,0,0,0,0,0,0,0,0,0,0,0,0,0,0,0,0,0,0,0,0,0,0,0,0,0,0,0,0,0,0,0,0,0,0,0,0,0,0,0,0,0,0,0,0,0,0,0,0,0,0,0,0,0,0,0,0,0,0,0,0,0,0,0,0,0,0,0,0,0,0,0,0,0,0,0,0,0,0,0,0,0,0,0,0,0,0,0,0,0,0,0,0,0,0,0,0,2,0,0,0,0,0,0,0,0,0,0,0,0,0,0,0,0,0,0,0,0,0,0,0,0,0,0,0,0,0,0,0,0,0,0,0,0,0,0,0,0,0,0,0,0,0,0,0,0,0,0,0,0,0,0,0,0,0,0,0,0,0,0,0,0,0,0,0,0,0,0,0,0,0,0,0,0,0,0,0,0,0,0,0,0,0,0,0,0,0,0,0,0,0,0,0,0,0,0,0,0,0,0,0,0,0,0,0,67,0,0,0,0,0,0,0,0,0,0,0,0,5,0,0,0,0,0,0,5938,0,0,0,0,15,0,0,0,0,0,0,0,0,0,0,0,0,0,0,0,0,0,0,0,0,0,0,0,0,0,0,0,0,0,0,0,0,0,0,0,0,0,0,0,0,0,0,0,0,0,0,0,0,0,0,0,0,0,0,0,0,0,0,0,0,0,0,0,0,0,0,0,0,0,0,0,0,0,603,0,0,0,0,0,0,0,0,0,0,0,0,0,0,0,0,0,0,0,0,0,0,0,0,0,0,0,0,0,0,0,0,0,0,0,0,0,0,0,0,0,0,0,0,0,0,0,0,0,0,0,0,0,0,0,0,0,0,0,0,0,0,0,0,0,0,0,0,0,0,7153,0,0,0,0,0,0,0,0,0,0,0,0,0,0,0,0,0,0,0,0,0,0,0,0,0,0,0,0,0,0,0,0,0,0,0,0,0,0,221,0,0,0,0,0,0,0,4,0,0,0,0,0,0,0,0,0,0,0,0,0,0,0,0,0,18,0,0,0,0,0,0,0,0,0,0,0,0,0,0,0,0,0,0,0,0,0,0,0,0,0,0,0,0,0,0,0,0,0,0,0,0,0,0,0,0,0,0,0,0,0,0,0,0,0,0,0,0,0,0,0,0,0,0,0,0,0,0,0,0,0,0,0,0,0,0,0,0,0,0
"D214",0,0,0,0,0,0,0,0,0,0,0,0,0,0,0,0,0,0,0,0,0,0,0,0,0,0,0,0,0,0,0,0,0,0,455,0,0,0,0,0,0,0,0,0,0,0,0,0,0,0,0,0,0,0,0,0,0,0,0,0,0,0,0,0,0,1525,0,0,0,0,0,0,0,0,0,0,0,0,0,0,0,0,0,0,0,0,0,0,0,0,0,0,0,0,0,0,0,0,0,0,0,0,0,0,48,0,0,0,0,0,0,0,0,0,0,0,0,0,0,0,0,0,0,0,0,0,0,103,0,0,0,0,0,0,0,0,55,0,0,0,0,0,0,97,0,0,0,0,0,0,0,0,0,0,27,0,0,0,0,0,0,0,0,0,0,0,0,0,0,0,0,2540,0,5,0,0,0,0,0,0,0,0,0,0,0,0,0,0,0,0,0,0,0,0,0,0,0,0,0,0,0,44,0,0,0,0,0,0,0,0,0,0,0,0,0,0,0,0,0,0,0,25,0,0,0,0,0,0,0,0,0,4,0,0,0,0,0,0,0,0,0,0,0,0,920,0,0,0,0,0,0,0,0,13,4,0,0,0,0,0,0,0,0,0,0,0,0,0,0,0,0,0,0,0,0,0,0,0,0,0,0,0,0,0,0,0,37,0,0,0,0,0,0,2,0,0,0,0,0,0,0,0,0,0,0,0,0,0,2,0,0,0,0,0,0,0,0,0,2,0,0,0,0,0,0,218,0,0,0,0,4,0,0,0,0,0,0,0,0,0,0,0,0,4,0,0,0,0,0,0,0,0,0,0,0,0,0,0,0,0,0,0,0,0,0,0,0,0,0,0,0,0,0,0,0,0,0,0,0,0,0,0,0,0,0,0,0,0,0,0,0,0,0,0,0,0,0,0,0,0,2439,0,0,0,0,0,8,0,0,0,0,0,0,0,0,0,0,0,0,0,0,0,0,0,0,0,0,0,0,0,0,0,0,0,0,0,0,0,0,0,442,0,0,0,0,0,0,0,0,0,0,0,0,0,2,0,0,0,0,0,0,0,0,0,0,0,0,0,0,0,0,0,0,0,0,0,0,0,0,0,0,0,0,0,0,0,0,0,0,0,0,0,0,0,0,0,0,0,80,0,0,0,0,0,0,0,5,0,0,0,0,0,2,0,0,0,0,0,0,0,0,0,0,0,0,0,0,0
"D215",0,0,0,0,0,0,0,0,14,0,0,0,0,0,0,0,0,0,0,0,0,0,0,0,0,0,0,0,0,0,0,0,0,0,0,0,0,0,0,0,0,0,0,0,0,0,0,0,0,0,0,0,0,0,0,0,0,0,0,0,0,0,0,0,0,0,0,0,0,0,0,0,0,0,0,0,0,0,0,0,0,0,0,0,0,0,0,0,0,0,0,0,0,0,0,0,0,0,0,0,0,0,0,0,2,0,0,0,0,0,0,0,0,0,0,0,0,0,0,0,0,0,0,0,0,0,0,0,2,0,0,0,0,0,0,8208,0,0,0,0,0,0,7,0,0,0,0,0,0,0,0,0,0,0,5,0,0,0,0,0,0,0,0,0,0,0,0,0,0,0,0,1,0,0,0,0,0,0,0,0,0,0,0,0,0,0,0,0,0,0,0,0,0,0,0,0,0,0,0,0,0,0,0,0,0,0,0,0,0,0,0,0,10,0,0,0,0,0,0,0,0,0,0,0,0,0,0,0,0,0,0,0,0,0,0,0,0,0,0,0,0,0,0,0,0,0,0,0,0,0,0,0,0,0,0,0,0,0,0,0,0,0,0,0,0,0,0,0,0,171,0,0,0,0,0,0,0,0,0,0,0,0,0,0,0,0,0,0,0,0,0,0,0,0,0,0,0,0,0,0,0,0,29,0,0,0,0,0,0,0,0,0,0,0,0,0,0,0,0,0,0,0,0,0,0,0,0,0,0,0,0,0,0,0,0,0,0,0,0,0,0,0,6,0,0,0,0,0,0,0,0,0,0,0,0,0,0,0,0,0,0,0,0,0,0,0,3,0,0,0,0,0,0,0,0,0,0,0,0,0,0,0,0,0,0,0,0,0,0,0,0,0,0,0,0,0,0,0,0,0,0,0,99,0,0,0,0,0,0,0,0,0,0,0,0,0,0,0,0,0,0,0,0,0,0,0,0,0,0,0,0,0,0,0,0,0,0,0,0,0,0,0,0,0,0,0,0,0,0,0,0,0,0,292,0,0,0,0,9,0,0,0,0,0,0,0,0,0,0,0,0,0,0,0,0,0,0,0,0,0,0,0,0,0,0,0,0,0,0,0,0,0,0,0,0,0,0,0,0,18,0,0,0,0,5,0,0,0,0,0,0,0,0,0,0,0,0,0,0,0,0,0,0,0,0,0,0,0
"D216",0,0,0,0,0,0,0,0,0,0,0,0,0,0,0,0,0,0,0,0,0,0,0,0,0,0,0,0,0,0,0,2,0,0,0,0,0,0,0,0,0,0,0,0,0,0,5,0,0,0,0,0,0,0,0,0,0,0,0,0,0,0,17,0,0,0,0,0,0,1,0,0,0,0,0,0,0,0,0,0,0,0,0,0,0,0,0,0,0,0,11,0,0,0,0,0,0,0,0,0,0,0,0,0,0,0,0,0,0,0,0,0,0,0,3,0,0,0,0,0,0,5,0,0,0,0,0,0,0,0,0,0,0,0,0,0,0,0,0,0,0,0,0,0,0,0,0,0,0,0,0,0,0,0,0,0,0,0,0,0,0,0,0,0,0,0,0,0,0,0,0,0,0,0,0,0,0,0,0,0,0,0,0,0,0,0,0,0,0,0,0,8,0,0,0,0,0,0,0,0,0,2,3,0,0,0,0,0,0,0,0,0,240,0,0,0,0,0,0,0,0,0,0,0,0,0,0,0,0,0,0,0,0,0,0,0,0,0,0,0,0,0,0,0,0,0,0,0,0,0,0,0,0,0,0,0,0,0,0,0,0,0,0,0,0,0,0,0,0,0,0,0,0,0,0,0,0,0,0,0,0,0,0,0,0,0,0,0,0,0,0,0,0,0,0,0,0,0,0,0,0,0,0,0,0,0,0,0,7,0,0,0,0,0,0,0,0,0,0,0,0,0,0,0,0,0,0,0,0,0,0,0,0,0,0,0,0,0,0,0,0,0,0,0,15,0,0,0,0,0,0,0,0,0,0,0,0,0,0,0,0,0,0,0,0,0,0,0,0,0,0,0,0,0,0,0,3,0,0,0,0,0,2,0,0,0,0,0,0,0,0,0,0,0,0,0,0,0,2,0,0,0,0,0,0,0,0,0,0,0,0,0,0,0,3,0,0,0,0,0,0,0,0,0,0,0,0,0,0,0,0,0,0,0,0,0,0,12,0,0,0,0,0,0,0,0,0,0,0,0,0,0,0,0,0,0,0,0,0,0,0,0,0,0,0,0,0,0,0,2,3,0,0,0,0,6,0,0,0,0,0,0,0,4,3,0,0,0,0,0,0,0,0,0,0,0,0,0,0,0,0,0,0,0,0,0,0,0,0,0,135,0,0,0,0,0,0,0,0,0,0,0,15,0,0,0,0,0
"D217",0,0,0,0,0,0,0,0,0,0,0,0,0,0,0,0,0,0,0,0,0,0,0,0,0,0,0,0,0,0,0,0,0,0,0,0,0,0,0,0,0,0,0,0,0,0,0,0,0,0,0,0,0,0,0,0,0,0,0,0,0,0,0,0,0,0,0,0,0,0,0,0,0,0,0,0,0,0,0,0,0,0,0,0,0,0,0,0,0,0,0,0,0,0,0,0,0,0,0,0,0,0,0,0,0,0,0,0,0,0,0,0,0,0,0,0,0,0,0,0,0,0,0,0,0,0,0,0,0,0,0,0,0,0,0,1873,0,0,0,0,0,0,0,0,0,0,0,0,0,0,0,0,0,0,0,0,0,0,0,0,0,0,0,0,0,0,0,0,0,0,0,0,0,0,0,0,0,0,0,0,0,0,0,0,0,0,0,0,0,0,0,0,0,0,0,0,0,0,0,0,0,0,0,0,0,0,0,0,0,0,0,0,0,0,0,0,0,0,0,0,0,0,0,0,0,0,0,0,0,0,0,0,0,0,0,0,0,0,0,0,0,0,0,0,0,0,0,0,0,0,0,0,0,0,0,0,0,0,2,0,0,0,0,0,0,0,0,0,0,0,0,0,0,0,0,0,0,0,0,0,0,0,0,0,0,0,0,0,0,0,0,0,0,0,0,0,0,0,0,0,0,0,0,0,0,0,0,0,0,0,0,0,0,0,0,0,0,0,0,0,0,0,0,0,0,0,0,0,0,0,0,0,0,0,0,0,0,0,0,0,0,0,0,0,0,0,0,0,0,0,0,0,0,0,0,0,0,0,0,0,0,0,0,0,0,0,0,0,0,0,0,0,0,0,0,0,0,0,0,0,0,0,0,0,0,0,0,0,0,0,0,0,0,0,0,0,0,0,0,0,0,0,0,0,0,0,0,0,0,0,0,0,0,0,0,0,0,0,0,0,0,0,0,0,0,0,0,0,4,0,0,0,0,0,0,0,0,0,0,0,0,0,0,0,0,0,0,0,0,0,0,0,0,0,0,0,0,0,0,0,0,0,0,0,0,0,0,0,0,0,0,0,0,0,0,0,0,0,0,0,0,0,0,0,0,0,0,0,0,0,0,0,0,0,0,0,0,0,0,0,0,0,0,0,0,0,0,0,0,0,0,0,0,0,0,0,0,0,0,0,0,0,0,0,0,0,0,0
"D218",11,0,0,0,0,0,0,0,36,0,0,0,0,0,0,0,0,0,0,0,0,0,0,0,0,0,0,0,0,0,0,0,0,0,0,0,0,0,0,0,0,0,0,0,0,0,0,0,0,0,0,0,0,0,0,0,0,0,0,0,0,0,0,77,0,0,0,0,0,0,0,0,0,0,8,0,0,0,0,0,0,0,0,0,0,0,0,0,0,0,0,0,0,0,0,0,0,0,0,0,0,0,0,0,0,0,0,0,640,0,0,0,0,0,0,0,0,0,0,0,0,0,0,0,0,0,0,0,0,0,0,0,0,0,0,0,0,0,0,0,0,0,0,0,0,0,0,0,0,0,2,0,0,0,0,0,0,0,0,448,0,0,0,0,0,0,0,0,0,0,0,0,0,0,0,0,0,0,0,0,0,0,0,0,0,0,0,0,0,0,0,0,0,0,3,0,0,0,0,0,0,0,0,0,0,0,0,0,0,0,0,0,0,0,0,0,0,0,0,0,0,0,0,0,0,0,0,0,0,5992,0,0,0,0,0,0,0,0,0,0,0,3,0,0,0,0,0,0,0,0,0,0,0,0,0,0,0,0,0,0,0,0,0,118,0,0,0,0,0,0,0,0,0,0,0,0,0,0,0,0,0,0,0,0,0,0,0,0,0,0,0,0,0,61,0,0,0,0,0,0,0,0,0,0,0,181,0,0,0,0,0,0,0,0,0,0,0,0,0,2,0,0,0,0,0,0,0,0,0,0,0,0,0,0,0,0,0,0,0,0,0,0,21,0,0,0,0,0,0,0,0,0,0,0,0,0,0,0,0,0,0,0,0,0,0,0,0,0,0,0,0,0,0,0,0,0,0,0,0,0,0,0,0,0,0,0,0,0,0,11,0,0,0,0,0,0,0,0,0,0,2524,0,0,0,0,0,0,0,155,0,0,0,0,0,0,0,0,0,0,0,0,0,0,0,0,0,0,2,0,0,0,0,0,0,0,0,0,0,0,0,0,0,0,0,0,0,0,0,0,0,0,0,0,5394,0,0,0,0,0,0,0,0,0,0,0,0,0,0,0,18,0,0,0,0,0,0,0,0,0,0,0,0,0,0,0,0,0,0,0,0,0,6,0,0,0,0,0,0,0,2,0,0,0,0,0,0,2610,0,0,0,0,0,0,0,0,0,0,0,0,0,0,0,0,0,0,0,0,0
"D219",130,1,0,0,0,0,0,0,0,3,16,0,0,0,0,0,0,0,0,0,0,0,0,0,0,0,0,0,0,0,0,0,0,0,6,0,0,0,0,0,0,0,0,0,0,1,0,0,0,0,5,0,21,0,0,0,0,0,0,11,0,0,0,0,0,39,0,0,0,0,0,0,0,0,0,0,0,0,0,0,0,0,0,0,2,29,1,0,0,0,13,0,0,0,0,0,0,0,0,0,624,0,0,3,0,0,0,0,0,0,0,0,6,0,0,0,0,0,0,0,1,0,0,0,0,0,0,0,0,0,17,0,4,0,0,0,0,2,0,110,6,0,0,36,0,0,0,0,0,0,400,0,0,0,0,0,0,0,0,0,0,0,0,0,6,0,0,0,0,0,0,0,0,0,178,0,0,0,0,0,0,0,0,0,0,0,88,0,0,0,87,0,0,0,0,0,0,3,0,0,9,176,0,3,0,0,0,0,2,0,0,0,36,0,0,0,0,44,0,0,0,3,0,0,0,0,0,0,0,0,0,0,0,0,0,0,0,0,153,0,0,0,0,0,0,0,0,0,0,0,0,0,96,89,0,0,0,0,0,0,0,0,0,0,0,0,0,0,0,0,0,0,0,0,0,42,0,288,0,0,0,0,0,5,0,3,0,7,0,0,0,5,0,38,0,0,0,0,0,0,0,0,0,0,0,0,0,0,0,0,0,1,0,0,0,0,0,0,0,0,0,0,0,19,0,0,0,0,7,0,214,272,0,0,3,43,0,0,3,0,0,0,5,0,0,0,0,0,0,0,0,0,0,0,0,0,0,0,0,0,0,0,0,0,3,0,0,0,0,2,0,0,0,0,0,0,0,0,0,0,0,0,9,0,0,0,0,5,0,0,0,8,0,0,0,0,0,0,0,0,148,19,0,2,0,0,25,0,0,2,0,0,0,0,0,0,0,0,0,0,0,0,0,0,0,0,0,0,0,0,0,0,2,0,0,0,0,0,0,0,0,0,0,0,0,0,0,0,0,0,94,93,0,580,0,5,0,0,0,5,0,391,0,0,0,0,0,0,0,0,0,0,0,0,0,0,0,0,0,6,0,0,0,51,0,0,7,5,0,79,0,0,0,0,0,0,0,15,0,0,0,0,0,0,0,39,142,0,0,4,0,0,0,0,0,0,0,0,0,0,3,0,8,0,0,0,0,0
"D220",6,42,0,0,4,20,11,0,0,0,0,0,77,0,14,2,3,5,0,80,3,2,17,248,27,18,47,0,36,138,0,267,0,10,0,22,5,6,0,40,0,0,107,0,216,0,43,7,9,0,35,70,3,4,2,113,122,4,66,28,0,0,70,5,0,0,2,0,0,0,0,6,34,0,0,18,3,0,3,2,78,4,6,0,0,114,0,4,1,2,8,0,20,22,0,1,0,0,13,0,0,8,257,0,0,6,0,44,3,2,0,0,3,52,4,100,1,0,555,0,4,0,167,0,0,1,0,0,0,0,0,30,33,12,66,0,3,30,53,40,35,20,9,0,0,15,2,72,78,4,14,67,0,7,0,48,1,0,4,74,19,2,18,2,0,11,289,6,0,16,36,0,0,0,0,18,2,4,0,8,19,50,0,0,36,62,563,11,6,3,2,7,20,0,7,0,0,8,9,6,0,0,0,12250,0,219,57,0,6,0,4,0,0,11,20,23,1161,34,0,0,0,3,105,100,1,3,0,2,9,0,66,0,37,0,123,0,75,5,0,11,4,20,33,0,1,11,45,19,24,33,24,21,280,0,0,1,7,0,5,5,6,9,0,0,17,247,0,25,32,38,58,0,116,48,270,0,0,40,118,0,0,94,0,42,36,16,10,0,0,146,6,10,71,3,1,63,99,38,182,21,353,0,14,5,0,0,518,0,0,114,0,18,0,60,77,125,77,0,0,8,14,11,0,7,120,0,18,0,22,0,0,2,71,28,3,5,14,725,2,0,32,15,3,0,244,1,2,0,0,520,9,215,27,0,4,0,13,0,0,0,1,71,36,0,0,32,0,14,0,284,9,2,0,0,3,0,13,0,25,24,30,2,9,6,0,0,6,21,0,0,21,1,21,0,80,135,3,106,36,187,77,18,0,2,3,99,1,0,45,0,5,0,0,1,23,75,0,0,0,0,0,88,0,44,62,0,25,0,29,0,0,16,2,98,0,0,0,1054,667,15,0,0,5,23,17,1,27,17,5,20,11,101,49,0,0,0,9,154,59,14,122,47,8,8,47,0,0,17,0,13,0,6,0,5,0,21,45,9,42,62,0,30,3,25,0,0,132,9,2,136,0,0,35,5,19,0,40,134,0,4,7,0,26,29,2,74,37,0,2,3,1,23,8,0,40,0,0,15,11,0,0,463,21,0,7,4,40,2
"D221",0,0,0,28,0,0,0,0,0,0,0,0,0,0,0,0,0,0,0,0,0,0,0,0,0,0,0,0,0,0,0,0,0,0,0,0,0,0,0,0,0,0,0,0,0,0,0,0,0,0,0,0,0,0,0,0,0,0,0,0,0,0,0,0,0,0,0,0,0,0,0,0,0,0,0,0,0,0,0,0,0,0,0,0,0,0,0,0,0,0,0,0,0,0,0,0,0,0,0,0,0,0,0,0,124,0,0,0,0,0,0,0,0,0,0,0,0,0,0,0,0,0,0,354,0,0,0,0,0,0,0,0,0,0,0,0,2,0,0,0,0,0,0,0,0,0,0,0,0,0,0,0,0,0,0,0,0,0,0,0,0,0,0,0,0,0,0,0,0,0,0,0,0,0,0,0,0,0,0,0,0,0,0,0,0,0,0,0,0,0,0,0,0,0,0,0,0,0,0,0,0,2,0,0,0,0,0,0,0,0,0,0,0,0,0,0,0,0,2,0,0,0,0,0,0,0,0,0,0,0,0,0,0,6,0,0,0,0,0,0,0,0,0,0,0,0,0,0,0,0,0,0,0,2,0,0,0,0,0,0,0,0,0,0,0,0,0,0,0,0,0,0,0,0,0,0,0,0,0,0,0,0,0,0,0,0,0,0,0,0,0,0,0,0,0,0,0,0,0,0,0,0,0,0,0,0,0,0,0,0,0,0,0,0,0,0,0,0,0,0,0,0,0,0,0,0,0,0,0,0,0,0,0,0,0,0,0,0,0,0,0,0,0,0,0,0,0,0,0,0,0,0,0,0,0,0,0,0,0,0,0,0,0,0,0,0,605,0,0,0,0,0,0,0,0,0,0,0,0,0,0,0,0,0,0,0,0,0,0,0,0,0,0,0,0,0,0,0,0,0,32768,0,0,0,0,0,0,0,0,0,0,0,0,0,0,0,0,0,0,0,0,0,0,0,0,0,0,0,0,0,0,0,0,0,0,0,0,0,0,0,0,0,0,0,0,0,0,0,0,0,0,0,0,0,0,0,0,0,0,0,0,0,0,0,0,0,0,0,0,0,3511,0,0,0,0,0,0,0,0,0,0,0,0,0,0,0,0,0,0,0,0,0,0,0,0,0,0,0,0,0,0,0,0,0,0,0,0,0,0,0,0,0,0,0,0,0,0,0,0,0,0,0,0,0,0,0,0,0
"D222",3,3,0,0,0,6,0,0,0,31,0,1,0,0,5,0,0,0,0,0,0,0,0,0,0,0,1,0,0,0,0,10,0,0,0,22,0,2,0,10,1,0,3,4,0,7,0,0,0,0,0,111,13,0,0,0,6,0,0,66,0,0,0,11,17,0,0,1,9,0,0,0,0,0,0,59,17,0,0,2,0,1,0,0,0,75,0,0,0,0,0,0,0,2,0,0,0,0,0,0,0,32,163,0,0,0,0,0,4,3,0,0,0,55,0,31,0,0,0,0,2,0,2,0,0,0,0,0,0,0,8,0,3,3,11,0,0,0,45,42,0,4,0,0,0,0,0,0,0,0,0,19,8,3,0,13,0,0,0,34,0,4,2,0,0,0,0,0,13,17,0,6,0,0,0,10,0,0,0,0,0,0,0,10,0,0,150,0,0,0,5,15,0,0,4,0,0,2,6,0,7,0,0,0,16,121,0,0,0,0,0,0,0,0,0,5,0,2,0,0,0,3,6,0,2,22,0,0,0,0,0,0,0,0,0,40,0,0,0,0,6,0,0,0,0,0,0,0,0,0,0,22,34,0,0,0,0,4,3,0,0,0,0,1,0,0,0,7,0,20,19,0,0,16,0,0,0,10,57,0,0,0,0,42,10,5,5,0,0,0,0,8,0,0,0,0,3,0,26,0,12,0,15,34,0,0,0,0,9,29,0,0,0,0,24,0,1,0,0,0,0,1,0,0,34,1,0,11,6,0,0,6,30,0,0,10,1,0,0,0,0,0,0,0,0,0,0,0,2,0,0,159,0,0,0,0,0,0,0,0,6,13,2,0,5,0,0,0,0,95,0,0,0,0,0,0,0,0,0,0,0,0,0,0,0,0,0,2,0,0,2,0,0,0,1,0,0,0,0,0,2,0,0,0,4,13,0,0,2,0,3,0,36,0,2,0,0,0,0,0,0,0,0,5,22,0,2,0,2,0,7,0,0,5,0,0,0,15,0,0,0,0,16,5,0,0,15,0,0,0,5,77,0,0,0,8,0,40,43,0,0,11,3,0,0,0,0,4,168,0,0,4,0,0,7,3,0,5,1,26,0,0,0,0,0,0,6,0,10,19,0,0,19,0,0,0,0,25,4,10,0,0,0,0,0,62,66,2,8,124,0,0,0,0,0,0,0,0,0,0,0,24,0,7,0,0,0,2
"D223",0,0,0,0,0,0,0,0,62,0,0,0,0,0,0,0,0,0,0,0,0,0,0,0,0,0,0,0,0,0,0,0,0,0,0,0,0,0,0,0,0,0,0,0,0,0,0,0,0,0,0,0,0,0,0,0,0,0,0,0,0,0,0,0,0,92,0,0,0,0,0,0,0,0,2,0,0,0,0,0,0,0,0,0,0,0,0,0,0,0,0,0,0,0,0,0,0,0,0,0,0,0,0,0,0,0,0,0,0,0,0,0,0,0,0,0,0,0,0,0,0,0,0,0,0,0,0,0,0,0,0,0,0,0,0,0,0,0,0,0,0,0,0,0,0,0,0,0,0,0,0,0,0,0,0,0,0,0,0,0,0,0,0,0,0,0,0,0,0,0,0,0,0,0,0,0,0,0,0,0,0,0,0,0,0,0,0,0,0,0,0,0,0,0,0,0,0,0,0,0,0,0,0,0,0,0,0,0,0,0,0,0,7358,0,0,0,0,0,0,0,0,0,0,0,0,0,10,0,0,0,0,0,0,2,0,0,0,0,0,0,0,0,0,2,0,0,0,0,0,0,0,0,0,0,0,0,0,0,0,0,0,0,0,0,0,0,0,0,0,0,0,0,0,0,0,0,0,0,0,0,0,0,0,0,0,0,0,0,0,0,0,0,0,0,0,0,0,0,0,0,0,0,0,0,0,0,0,0,0,0,0,0,0,0,0,0,0,0,0,0,0,0,0,0,0,0,0,0,0,0,0,0,0,0,0,0,0,0,0,15,0,0,0,0,0,0,0,0,0,0,0,0,0,0,0,0,0,0,0,0,0,0,0,0,0,0,0,0,0,0,0,0,0,0,0,0,0,0,0,0,0,0,0,0,0,0,0,0,0,0,0,0,0,0,0,0,0,0,0,0,1,0,0,0,0,0,0,0,0,0,0,0,0,0,0,0,0,0,0,0,0,0,0,0,0,0,0,2,0,0,0,0,0,0,0,0,0,0,0,0,42,0,0,0,0,0,0,0,0,0,0,0,0,13,0,0,0,0,0,0,0,0,0,0,0,0,15,0,0,0,0,0,0,0,0,0,0,0,0,0,0,0,0,0,0,0,0,0,0,0,0,757,0,0,0,0,0,0,0,0,0,0,0,0,0,0,5,0,0,0,0,0,0,0,0,0,0,0,0,0,0,0,0,0,0,0,0,0
"D224",4,0,0,0,0,4,0,0,4,0,0,0,0,0,0,0,0,0,0,0,0,13,0,0,0,0,0,0,0,0,0,0,0,6,27,0,0,0,0,0,0,0,0,0,0,0,0,0,19,0,0,0,0,0,0,0,0,0,53,0,0,0,0,0,0,0,0,189,0,0,0,0,0,0,0,0,0,0,0,0,0,0,0,0,0,0,0,0,0,0,0,0,0,0,0,0,0,0,0,0,0,0,0,0,0,0,0,0,474,0,0,0,0,0,0,0,0,0,0,0,0,0,0,0,0,0,0,0,0,0,0,0,0,0,0,0,0,0,0,0,0,0,0,0,0,0,0,0,0,0,2,0,307,0,0,0,0,0,0,44,0,0,0,0,0,0,15,0,0,0,0,0,0,0,0,0,0,0,0,0,0,0,0,0,0,0,0,0,0,1,0,0,0,0,14,0,0,0,0,0,0,4,0,0,0,0,0,0,0,0,0,0,0,0,21,0,0,0,0,0,0,0,0,5,0,0,0,0,0,4567,0,0,0,0,0,0,0,0,0,0,0,0,0,0,187,0,0,0,14,0,0,0,0,0,37,0,0,0,25,0,0,0,0,10,0,0,0,0,0,0,0,0,0,0,121,0,0,0,0,0,0,0,0,0,0,0,0,0,0,0,0,0,0,73,0,0,0,0,43,0,0,0,0,0,0,74,0,0,0,0,0,24,6,0,0,0,0,0,0,2,0,0,0,0,0,0,0,1,0,0,0,0,0,0,0,0,0,0,0,0,0,0,0,4,0,0,0,0,0,0,0,0,0,0,0,0,0,0,0,0,0,0,0,0,0,0,0,0,0,0,0,0,0,0,0,0,0,0,0,0,0,0,0,0,0,0,0,0,0,9,0,0,0,0,0,0,0,0,0,22,20,0,0,0,0,0,5,0,72,0,0,0,0,0,0,0,15,0,0,0,0,0,0,0,0,0,0,0,0,0,0,76,0,0,0,0,0,0,0,0,0,0,0,0,0,0,0,0,0,0,0,0,0,10,0,0,0,0,0,0,0,0,0,0,0,0,0,0,0,15,0,0,0,0,0,0,0,0,0,0,0,0,0,0,0,0,0,0,0,0,0,0,0,0,0,0,0,0,0,14,0,0,0,0,0,0,995,0,0,0,0,0,0,0,0,0,0,0,0,0,0,0,0,0,0,0,0,0
"D225",0,0,0,0,0,0,0,0,0,0,0,0,0,0,0,0,0,0,0,0,0,0,0,0,0,0,0,0,0,0,0,0,0,0,0,0,0,0,2,0,0,0,0,0,0,0,0,0,0,2,0,0,0,0,0,0,0,0,0,0,0,0,0,0,0,0,0,0,0,0,0,0,0,0,0,0,0,0,0,0,0,0,0,0,0,0,0,0,0,0,0,0,0,0,0,0,0,0,0,0,0,0,0,0,4,0,0,0,0,0,2,0,0,0,0,0,0,0,0,0,0,0,0,0,0,0,0,0,0,0,0,0,0,0,0,4772,0,0,0,0,0,0,0,0,0,0,0,0,0,0,0,0,0,0,2,0,0,0,0,0,0,0,0,0,0,0,0,0,0,0,0,0,0,0,0,0,0,0,0,0,0,0,0,0,0,0,0,0,0,0,0,0,0,0,0,0,0,0,0,0,0,0,0,0,0,0,0,0,0,0,0,0,0,0,0,0,0,0,0,0,0,0,0,0,0,0,0,0,0,0,0,3,0,24,0,0,0,0,0,0,0,0,0,0,0,0,0,0,0,0,0,0,0,0,5,0,0,0,0,0,0,0,0,0,0,0,0,0,0,24,0,0,0,0,0,0,0,0,0,0,0,0,0,0,0,0,0,0,0,0,0,0,0,0,0,0,0,0,0,0,0,0,0,0,0,0,0,0,0,0,0,0,0,0,0,0,0,0,0,0,0,0,0,0,0,0,0,0,0,0,0,0,0,0,0,0,0,0,0,0,0,0,0,0,0,0,0,0,0,0,0,0,0,0,0,0,0,0,0,0,0,0,0,0,0,0,0,0,0,0,0,0,0,0,0,0,0,0,0,0,0,0,0,0,0,0,0,2,0,0,0,0,0,0,0,0,0,0,0,0,0,0,0,0,0,0,0,0,0,0,0,0,0,0,0,0,0,0,0,0,0,0,0,0,0,0,0,0,0,0,0,0,0,0,0,0,0,0,0,0,0,0,0,0,0,0,0,0,0,0,0,0,0,0,0,0,0,0,0,0,0,0,0,0,0,0,0,0,0,0,0,0,0,0,0,0,0,0,0,0,0,0,0,0,0,0,0,0,0,0,0,0,0,0,0,0,0,0,0,0,0,0,0,0,0,0,0,0,0,0,0,0,0,0,0,0,0,0,0,0,0,0,0,0,0,0,0,0
"D226",0,0,0,0,0,0,0,0,0,0,0,0,0,1,0,0,0,0,0,0,0,0,0,0,0,0,0,0,0,0,0,0,0,0,87,0,0,0,0,0,0,0,0,0,0,0,0,0,22,0,0,0,0,0,0,0,0,0,0,5,0,0,3,0,0,0,0,0,0,0,0,0,0,0,0,0,0,0,0,0,0,0,0,249,0,0,10,0,89,0,0,0,0,0,0,0,0,25,0,0,0,0,0,0,0,0,0,0,0,0,0,0,0,0,0,0,0,54,0,0,0,0,0,0,0,0,0,0,0,5,0,0,0,0,0,0,0,0,0,0,0,0,0,0,0,0,0,0,0,0,0,0,0,0,0,0,0,0,0,0,0,0,0,0,0,0,0,0,0,0,0,0,0,0,0,0,0,0,22,0,0,0,0,0,0,0,0,0,0,0,0,0,0,0,0,0,0,0,0,0,2,0,0,0,0,0,0,0,0,0,0,0,0,0,0,0,0,0,0,0,0,0,0,0,0,0,0,0,0,0,0,0,0,0,0,0,0,0,0,0,0,0,0,0,0,0,0,0,0,0,0,0,0,0,0,0,0,0,0,0,2,0,0,0,0,0,0,0,0,0,0,0,0,0,0,0,0,19,0,0,0,0,0,0,0,0,0,0,0,0,0,0,0,0,0,0,0,0,0,0,0,0,0,0,0,0,0,0,0,0,0,0,0,0,0,0,0,0,0,0,0,0,0,5,0,0,0,0,0,0,0,0,0,0,0,0,0,0,0,0,0,0,0,0,0,0,0,0,0,0,0,0,0,0,0,0,0,178,0,3442,0,0,0,0,0,0,0,0,0,0,0,0,0,2423,0,0,0,0,0,0,0,0,3,0,0,0,0,0,0,0,0,0,0,0,0,0,0,0,0,0,0,0,0,0,0,0,0,0,1,0,0,0,0,0,0,0,0,0,2326,0,0,0,0,0,0,0,30,0,0,0,0,0,0,0,0,0,0,0,0,0,0,0,0,0,0,0,0,0,0,0,0,0,0,0,0,0,0,0,0,0,0,0,6,0,0,0,0,0,0,0,0,0,0,0,0,0,0,0,0,53,0,0,0,0,501,0,0,0,0,0,0,0,0,0,0,0,0,0,0,0,0,61,0,0,0,0,0,136,0,0,0,0,0,0,0,0,0,0,0,0,0,0,0,0,0,0,0,0
"D227",0,0,0,0,0,0,0,0,0,0,0,0,0,0,0,0,0,0,0,0,0,0,0,0,0,0,0,166,0,0,0,0,0,0,0,0,0,0,0,0,0,0,0,0,0,0,0,0,0,0,0,0,0,0,0,0,0,0,0,0,0,0,0,0,0,0,0,0,0,0,289,0,0,0,0,0,0,0,0,0,0,0,0,0,0,0,0,0,0,0,0,0,0,0,0,0,0,0,0,311,0,0,0,0,0,0,0,0,0,0,99,186,0,0,0,0,0,0,0,623,0,0,0,0,0,0,0,0,36,0,0,0,0,0,0,0,0,0,0,0,0,0,0,0,0,0,0,0,0,0,0,0,0,0,0,0,0,0,0,0,0,0,0,0,0,0,0,0,0,0,0,0,0,0,0,0,0,0,0,0,0,0,0,0,0,0,0,0,0,0,0,0,0,0,0,0,0,0,0,0,0,0,0,0,0,0,0,0,0,0,0,0,0,0,0,0,0,0,0,0,0,0,0,0,0,0,0,0,0,0,0,1621,0,0,0,0,0,0,0,0,0,0,0,0,0,0,0,0,0,0,0,0,0,0,0,0,0,0,0,0,0,0,0,0,0,0,0,0,0,0,0,0,0,0,0,0,0,0,0,0,0,0,0,0,0,0,0,0,0,0,0,0,0,0,0,0,0,0,0,0,0,0,0,0,0,0,0,0,0,0,0,0,0,0,0,0,0,0,35,0,0,0,0,0,0,0,0,0,0,0,0,0,0,0,0,0,0,0,0,0,0,0,0,0,0,0,0,0,0,0,0,0,0,0,0,0,0,0,0,0,0,0,0,0,0,0,0,0,1034,0,0,0,39,0,0,0,0,0,0,0,0,0,0,0,0,0,0,0,0,0,0,0,0,0,0,0,0,0,0,0,0,0,0,0,0,0,0,115,0,0,0,0,0,0,0,0,0,0,0,0,295,0,0,0,0,0,0,0,0,0,0,0,0,0,0,0,0,0,0,0,0,0,0,0,0,0,0,0,0,0,0,0,0,0,0,2,0,0,0,0,0,0,0,0,0,707,0,0,0,0,0,0,0,0,0,0,0,0,0,0,0,0,0,0,0,0,0,0,0,0,468,0,0,0,0,0,0,0,0,0,0,0,0,0,0,0,0,0,0,0,0,0,0,0,0,75,0,0,0,0,0,0,0,0,0,0,0,0
"D228",0,0,0,0,0,0,0,0,0,0,0,0,0,0,0,0,0,0,0,0,0,0,0,0,0,0,0,267,0,0,0,0,0,0,0,0,0,0,0,0,0,0,0,0,0,0,0,0,0,0,0,0,0,0,0,0,0,0,0,0,0,0,0,0,0,0,0,0,0,0,67,0,0,0,0,0,0,0,0,0,0,0,0,0,0,0,0,0,0,0,0,0,0,0,0,0,0,0,0,4913,0,0,0,0,0,0,0,0,0,0,125,7,0,0,0,0,0,0,0,279,0,0,0,0,0,0,0,0,1,0,0,0,0,0,0,0,0,0,0,0,0,0,0,0,0,0,0,0,0,0,0,0,0,0,0,0,0,0,0,0,0,0,0,0,0,0,0,0,0,0,0,0,0,31,0,0,0,0,0,0,0,0,0,0,0,0,0,0,0,0,0,0,0,0,0,0,0,0,0,0,0,0,0,0,0,0,0,0,0,0,0,0,0,0,0,0,0,0,0,0,0,0,0,0,0,0,0,0,0,0,0,9852,0,0,0,0,0,0,0,0,0,0,0,0,0,0,0,0,0,0,0,0,0,0,0,0,0,0,0,0,0,0,0,0,0,0,0,0,0,0,0,0,0,0,0,3,0,0,0,0,0,0,2,0,0,0,0,0,0,0,0,0,0,0,0,0,0,0,0,0,0,0,0,0,0,0,0,0,0,0,0,0,0,0,0,0,0,0,9,0,0,0,0,0,0,0,0,3,0,0,0,0,0,0,0,0,0,0,0,0,0,0,0,0,0,0,0,0,3,0,0,0,0,0,0,0,0,0,0,0,0,0,0,0,0,0,0,0,113,0,0,0,688,0,0,0,0,0,0,0,0,0,0,0,0,0,0,0,0,0,0,0,0,0,0,0,0,0,0,0,0,0,0,0,0,0,0,1647,0,0,0,0,0,0,0,0,0,0,0,0,598,0,0,0,0,0,0,0,0,0,0,0,0,0,0,0,0,0,0,0,0,0,0,0,0,0,0,0,0,0,0,0,0,0,0,2,0,0,0,0,0,0,0,0,0,723,0,0,0,0,0,0,0,0,0,0,0,0,0,0,0,0,0,0,0,0,0,0,0,0,7,0,0,0,0,0,0,0,0,0,0,0,0,0,0,0,0,0,0,0,0,0,0,0,0,250,0,0,0,0,0,0,0,0,0,0,0,0
"D229",0,0,0,0,0,0,0,0,0,0,0,0,0,0,0,0,0,0,0,0,0,0,0,0,0,0,0,0,0,0,0,0,0,0,0,0,0,0,0,0,0,0,0,0,0,0,0,0,0,0,0,0,0,0,0,0,0,0,0,0,0,0,0,0,0,0,0,0,0,0,0,0,0,0,241,0,0,0,0,0,0,0,0,0,0,0,0,0,0,0,0,0,0,0,0,0,0,0,0,0,146,0,0,0,0,0,0,0,0,0,0,0,0,0,0,0,0,0,0,0,0,0,0,0,0,0,0,0,0,0,0,0,0,0,0,0,0,0,0,0,0,0,0,0,0,0,0,0,0,0,0,0,0,0,0,0,0,0,0,0,0,0,0,0,0,0,0,0,0,0,0,0,0,0,0,0,0,0,0,0,0,0,0,0,0,0,0,0,0,0,0,0,0,0,0,0,0,0,0,0,0,700,0,0,0,0,0,0,0,0,0,0,17,0,0,0,0,0,0,0,0,0,0,0,2,0,72,0,0,0,0,0,0,0,0,0,0,0,0,0,0,0,0,29,0,0,0,0,0,0,0,0,0,0,0,0,0,0,0,0,0,0,0,0,1,0,0,0,0,0,0,0,0,0,0,0,0,0,0,0,0,0,0,0,0,0,0,0,0,0,0,0,0,0,0,0,0,0,0,0,0,0,0,0,0,0,0,0,0,0,0,0,0,0,0,0,0,0,0,0,0,0,0,0,0,0,0,0,0,0,0,0,0,0,0,0,0,0,0,176,0,0,0,0,0,0,0,0,0,0,0,0,0,0,0,0,0,0,0,0,0,0,0,0,0,0,0,0,0,0,0,0,0,0,0,0,0,0,0,0,0,0,0,0,0,0,0,0,0,0,0,0,0,0,0,0,0,0,0,0,2,0,0,0,0,0,0,0,0,0,0,0,0,0,0,0,0,0,0,4,0,0,0,0,0,0,0,42,0,80,0,0,0,0,0,0,0,0,0,0,173,0,0,0,0,0,0,0,0,0,0,0,0,7,0,2,0,0,0,0,0,0,0,0,0,0,602,0,0,0,0,0,0,0,0,0,0,0,0,0,0,0,0,0,0,0,0,0,0,0,0,5326,0,0,0,0,0,0,0,0,0,0,0,0,0,0,0,0,0,0,0,0,0,0,0,0,0,0,0,0,0,0,0,0,0,0,0,0
"D230",0,0,0,0,0,0,0,0,0,0,0,0,0,0,0,0,0,0,0,0,0,0,0,0,0,0,0,0,0,0,0,0,0,0,0,0,0,0,0,0,0,0,0,0,0,0,0,0,0,0,0,0,0,0,0,0,0,0,0,0,0,0,0,0,0,0,0,0,0,0,0,0,0,0,39,0,0,0,0,0,0,0,0,0,0,0,0,0,0,0,0,0,0,0,0,0,0,0,0,0,59,0,0,0,0,0,0,0,0,0,0,0,0,0,0,0,0,0,0,0,0,0,0,0,0,0,0,0,0,0,0,0,0,0,0,0,0,0,0,0,0,0,0,0,0,0,0,0,0,0,0,0,0,0,0,0,0,0,0,0,0,0,0,0,0,0,0,0,0,0,0,0,0,0,0,0,0,0,0,0,0,0,0,0,0,0,0,0,0,0,0,0,0,0,0,0,0,0,0,0,0,1087,0,0,0,0,0,0,0,0,0,0,0,0,0,0,0,0,0,0,0,0,0,0,0,0,87,0,0,0,0,0,0,3,0,0,0,0,0,0,0,0,0,0,0,0,0,0,0,0,0,0,0,0,0,0,0,0,0,0,0,0,0,0,0,0,0,0,0,0,0,0,0,0,0,0,0,0,0,0,0,0,0,0,0,0,0,0,0,0,0,0,0,0,0,0,0,0,0,0,0,0,0,0,0,0,0,0,0,0,0,0,0,0,0,0,0,0,0,0,0,0,0,0,0,0,0,0,0,0,0,0,0,0,0,0,0,0,0,27,0,0,0,0,0,0,0,0,0,0,0,0,0,0,0,0,0,0,0,0,0,0,0,0,0,0,0,0,0,0,0,0,0,0,0,12,0,0,0,0,0,0,0,0,0,0,0,0,0,0,0,0,0,0,0,0,0,0,0,0,0,0,0,0,0,0,0,0,2,0,0,0,0,0,0,0,0,0,0,0,0,0,0,0,0,0,0,0,0,431,0,0,0,0,0,0,0,0,0,0,253,0,0,0,0,0,0,0,0,0,0,0,0,35,0,0,0,0,0,0,0,0,0,0,0,0,431,0,0,0,0,0,0,0,0,0,0,0,0,0,0,0,0,0,0,0,0,0,0,0,0,22037,0,0,0,0,0,0,0,3,0,0,0,0,0,0,93,0,0,0,0,0,0,0,0,0,0,0,0,0,0,0,0,0,0,0,0,0
"D231",0,0,0,0,0,0,0,0,1029,0,260,0,0,0,0,0,0,0,0,0,0,0,0,0,0,0,0,0,234,0,0,0,0,0,0,0,0,0,0,0,0,0,0,0,0,0,0,0,0,504,0,0,0,0,0,0,0,0,31,0,37,0,0,0,0,1026,0,29,0,0,0,0,0,0,0,0,0,0,0,0,0,0,0,0,0,0,0,0,0,0,0,0,0,0,0,0,0,0,0,0,0,0,0,0,0,0,0,0,0,0,0,0,0,0,0,0,0,0,0,0,0,0,0,0,0,0,0,15,0,0,32,0,0,0,0,0,0,0,0,0,0,0,0,1658,0,0,0,0,0,0,0,0,155,0,0,0,0,0,0,0,0,0,0,0,0,0,0,0,0,0,0,1097,0,0,0,0,0,0,0,0,0,0,0,0,0,0,0,0,0,0,0,0,0,0,0,0,0,0,0,0,0,76,0,0,0,0,0,0,0,0,0,0,18218,0,0,0,0,0,0,0,0,0,0,0,0,0,0,0,0,0,0,0,0,0,0,0,0,0,0,0,0,0,0,0,0,0,0,0,7,0,0,0,32,3515,0,0,0,0,0,0,0,0,0,0,0,0,0,0,0,0,0,0,0,0,0,67,0,0,0,0,0,0,0,0,0,0,0,0,0,0,0,0,0,0,0,0,0,0,0,0,0,0,0,0,0,0,0,0,0,0,0,0,0,0,0,0,0,0,0,0,0,0,0,0,0,3211,0,0,0,0,35,0,0,0,0,0,0,0,0,0,0,0,16,0,0,0,0,0,0,0,0,0,0,0,0,0,0,0,0,0,0,0,0,0,0,0,0,0,0,0,0,0,0,0,0,0,0,0,0,0,0,0,0,0,0,0,0,0,0,0,0,0,0,0,0,0,0,0,0,0,2851,0,0,0,0,0,0,0,0,0,0,0,0,32,0,0,0,0,0,218,5,0,0,0,0,0,0,0,0,0,0,0,0,0,0,0,0,0,0,0,0,111,0,0,0,0,0,0,0,0,0,0,0,0,9,0,0,0,0,0,0,0,0,0,0,0,0,0,0,0,0,0,0,0,0,0,0,0,0,0,0,0,0,522,0,0,0,0,0,0,0,0,0,0,0,0,0,0,237,51,0,0,0,0,0,0,0,0,0,0,0,0,0,0,0,0,0,0,0,0,0,0,0,0,0,0,0,0
"D232",0,0,0,0,0,0,0,0,0,0,0,0,0,0,0,0,0,0,0,0,0,0,0,0,0,0,0,0,0,0,0,0,0,0,0,0,0,0,0,0,0,0,0,0,0,0,0,0,0,0,0,0,0,0,0,0,0,0,0,0,0,0,0,0,0,0,0,0,0,0,0,0,0,0,0,0,0,0,0,0,0,0,0,0,0,0,0,0,0,0,0,0,0,0,0,0,0,0,0,0,0,0,0,0,0,0,0,0,0,0,0,0,0,0,0,0,0,0,0,0,0,0,0,0,0,0,0,0,0,0,0,0,0,0,0,0,0,0,0,0,0,0,0,0,0,0,0,0,0,0,0,0,0,0,0,0,0,0,0,0,0,0,0,0,0,0,0,0,0,0,2154,0,0,0,0,0,0,0,0,0,0,0,0,0,0,0,0,0,0,0,0,0,0,0,0,0,0,0,0,0,0,0,0,0,0,0,0,0,0,0,0,0,0,0,0,0,0,0,0,0,0,0,0,0,0,0,0,0,0,0,0,0,0,0,0,0,0,2,0,0,0,0,0,0,0,0,0,0,0,0,0,0,59,0,0,0,0,0,0,0,0,0,0,0,0,0,0,0,0,0,0,0,0,0,0,0,0,0,0,0,0,0,0,0,0,0,0,0,0,0,0,0,0,0,0,0,0,0,0,0,0,0,0,0,0,0,0,0,0,0,0,0,0,0,0,0,0,0,0,0,0,0,0,0,0,0,0,0,0,0,0,0,0,0,0,0,0,0,0,0,0,0,0,0,0,0,0,0,0,0,0,0,0,0,0,0,0,0,0,0,0,0,0,0,0,0,0,0,0,0,0,0,0,0,0,0,0,0,0,0,0,0,0,0,0,0,0,0,0,0,0,0,0,0,0,0,0,0,0,0,0,0,0,0,0,0,0,0,0,0,0,0,0,0,0,0,0,0,0,0,0,0,0,0,0,0,0,0,0,0,0,0,0,0,0,0,0,0,0,0,0,0,0,0,0,0,0,0,0,0,0,0,0,0,0,0,0,0,0,0,0,0,0,0,0,0,0,0,0,0,0,0,0,0,0,0,0,0,0,0,0,0,0,0,0,0,0,0,0,0,0,0,0,0,0,0,0,0,0,0,0,0,0,0,0,0,0,0,0,0,0,0,0,0,0,0,0,0,0,0,0,0,0,0,0,0,0,0
"D233",22,0,0,0,18,7,0,0,118,0,10,0,0,0,0,0,0,0,0,0,0,7,0,0,0,0,0,0,0,0,5,0,0,9,21,0,0,0,0,0,0,0,4,10,0,0,0,0,28,1,0,39,38,0,1,0,0,0,145,0,159,0,0,88,2,0,0,313,0,4,0,0,0,0,0,0,0,0,10,0,0,0,0,0,0,0,0,0,0,0,0,0,0,0,0,0,0,0,0,0,147,0,0,0,0,0,0,0,67,3,0,0,0,0,0,0,0,0,0,0,3,0,0,0,0,0,0,0,0,0,23,1,0,10,6,0,0,0,0,22,0,0,0,0,0,0,0,0,0,0,0,0,144,0,5,0,0,0,0,185,0,2,0,22,0,0,362,0,0,0,0,13,0,31,32,0,0,0,0,0,0,0,0,0,0,0,0,0,0,14,0,0,0,3,26,0,0,0,10,0,0,69,0,0,0,0,0,0,0,0,0,0,0,0,27,3,0,5,0,0,0,3,0,16,0,0,0,0,0,0,0,3,0,0,0,0,0,0,52,3,0,0,0,0,2152,0,0,0,39,0,0,0,15,185,69,0,0,33,106,0,3,0,9,0,2,0,0,0,0,12,0,2,0,0,39,16,0,18,0,0,7,0,0,0,0,0,0,40,0,0,0,0,0,185,0,0,0,0,78,5,0,0,0,0,0,187,0,0,14,0,0,28,0,0,0,0,0,0,0,5,0,6,0,15,0,20,0,18,0,0,5,0,0,4,11,0,0,0,0,0,0,0,7,15,0,0,0,0,14,0,0,0,0,0,8,30,0,0,0,0,0,0,0,48,0,0,0,0,0,0,0,0,0,0,6,0,0,4,0,0,0,0,0,0,0,0,0,0,174,0,3,1,0,0,0,0,0,0,0,46,239,0,0,0,0,0,339,0,58,2,0,0,0,41,0,0,4,0,0,0,0,0,0,0,0,0,0,0,0,0,3,3,1,0,0,0,23,0,0,0,2,49,0,0,0,0,1,0,0,0,18,0,0,244,0,438,0,0,15,2,0,0,0,0,0,0,0,7,0,0,0,0,0,0,0,0,0,0,0,0,0,3,4,0,0,4,0,0,0,0,0,0,0,0,0,2,0,0,0,31,0,0,0,0,0,0,60,2,0,5,0,0,0,0,0,0,0,0,0,0,0,0,0,0,0,0,0,0
"D234",14,46,115,0,17,21,6,0,0,0,0,13,119,0,7,0,14,28,0,34,2,7,23,114,38,42,25,0,11,103,6,288,0,25,0,79,7,8,2,4,12,15,141,0,647,11,136,0,34,0,175,20,1,5,2,53,124,11,0,45,0,0,120,71,0,0,3,0,44,8,0,5,20,0,0,24,7,0,0,2,21,14,34,0,0,107,3,0,23,43,27,0,17,102,3,7,0,0,0,0,5,34,202,6,0,5,0,87,9,12,0,0,28,104,84,134,5,5,622,0,66,6,63,0,0,122,0,0,0,0,12,49,68,63,110,0,11,19,122,73,35,11,9,0,0,0,5,113,17,26,0,59,0,12,0,16,7,272,3,255,6,9,34,3,9,10,53,22,6,180,30,0,0,3,0,55,101,42,0,0,45,50,0,6,19,263,964,12,238,3,7,19,62,3,8,0,0,17,41,25,29,0,0,10230,0,645,47,0,3,5,1,51,0,0,43,19,2292,39,0,13,6,14,198,126,0,0,0,10,3,0,64,0,265,0,157,0,265,19,0,26,4,3,11,0,10,23,44,13,0,22,21,63,445,0,2,48,6,4,8,4,20,3,3,0,70,1910,8,23,11,232,29,5,167,47,536,0,0,188,99,12,10,139,0,46,224,12,7,0,0,50,29,20,46,2,8,68,68,0,114,16,170,0,17,1,0,0,463,0,1,165,0,13,0,46,190,176,87,0,0,31,16,27,8,8,103,40,0,0,43,0,2,5,39,9,37,13,21,555,5,0,51,2,0,10,197,0,2,4,0,416,5,224,60,0,6,0,20,0,0,0,2,66,20,32,19,29,0,7,0,276,2,4,0,0,23,0,28,7,27,10,191,0,25,15,0,0,12,52,0,0,33,2,6,0,94,7,7,54,30,13,22,8,0,9,10,109,0,0,235,11,22,9,48,14,134,174,9,0,0,0,0,56,0,9,70,0,37,0,131,0,8,26,12,84,0,0,1,1067,526,15,0,0,13,19,25,5,72,20,20,106,12,83,35,0,0,757,13,349,76,18,224,82,15,21,174,0,0,16,0,12,0,14,0,12,190,20,5,113,28,99,0,36,9,21,0,34,64,19,11,180,0,0,43,17,15,17,42,154,0,22,10,0,22,44,0,82,145,0,12,0,0,17,1,0,49,0,0,11,15,2,9,731,11,0,0,8,273,10
"D235",44,0,27,48,28,38,3,0,130,58,0,35,33,0,0,0,0,0,3,0,0,66,40,0,0,0,22,5,27,0,0,0,33,109,0,103,10,0,8,0,4,0,17,0,0,4,0,0,0,278,4,192,37,0,89,11,34,0,0,17,141,0,0,34,19,0,0,19,0,0,0,0,16,0,0,0,33,0,41,3,26,0,0,0,0,11,0,125,0,3,4,0,0,0,0,0,0,1,0,39,13,35,0,8,1823,1,62,0,68,37,64,7,0,8,30,0,52,0,6,27,16,0,0,0,0,0,0,80,23,0,0,24,0,50,11,0,0,79,37,40,1,0,0,78,0,0,0,0,0,0,241,68,503,2,271,42,2,0,0,119,21,6,8,46,0,0,557,0,3,0,0,73,0,23,31,0,0,0,0,15,0,15,0,0,7,0,0,9,0,16,50,46,11,25,32,99,1,0,62,0,0,25,0,11,0,28,16,0,5,0,0,16,412,0,0,0,3,40,208,0,0,28,0,23,0,0,0,12,5,0,0,899,0,374,0,4,0,0,0,0,10,0,15,0,60,0,0,0,0,0,0,0,134,53,63,31,0,27,102,0,1,4,11,0,0,0,3,36,0,1,0,2,22,0,161,11,0,56,59,0,3,0,25,1,8,6,0,86,0,19,0,0,0,21,0,11,0,0,176,2,493,0,4,0,0,109,0,0,95,72,0,54,0,23,8,41,0,66,42,5,0,0,0,15,0,0,0,747,20,0,0,243,64,3,10,20,44,0,0,0,1,5,88,16,0,0,0,0,0,9,0,8,0,0,3,30,8,0,0,0,0,2,0,194,21,0,14,0,12,50,0,3,30,0,0,0,0,0,0,17,21,5,0,0,0,0,0,0,0,6,5,57,0,0,0,0,0,18,26,21,114,66,0,0,0,0,23,26,118,104,0,0,0,2,86,1,4,0,0,95,83,6,0,3,0,4,0,0,2,0,0,0,0,0,0,0,10,46,0,0,0,0,10,11,0,73,0,12,0,2,0,514,0,422,0,577,0,9,19,2,2,75,0,0,0,55,0,0,144,1,0,3,0,0,2,0,0,0,0,5,0,0,7,0,6,8,13,0,10,0,12,0,0,0,2,0,0,13,13,131,0,0,0,16,0,9,364,0,0,13,0,0,0,0,0,46,0,0,0,16,0,42,4,2,3,0,75,0
"D236",0,0,0,0,0,0,0,0,0,0,0,0,0,6,0,0,22,0,0,0,8,0,0,0,0,0,0,0,0,0,0,0,0,0,0,0,0,0,0,0,0,0,0,0,0,0,0,0,6,0,0,0,0,0,0,0,0,0,0,4,0,0,135,0,0,0,0,0,0,0,0,0,0,0,0,0,2,6,0,0,0,0,0,177,0,0,85,0,30,0,0,0,0,0,0,0,0,3,0,0,0,0,0,0,0,0,0,0,0,0,0,0,0,0,0,0,0,250,0,0,0,0,0,0,0,0,0,0,0,1,0,0,0,0,0,0,0,0,0,0,0,0,0,0,0,0,0,0,0,0,0,0,0,0,0,0,0,0,0,0,0,0,0,0,0,0,0,0,0,0,0,1,0,0,0,0,0,0,393,0,0,0,0,0,0,0,0,0,0,0,0,0,0,0,0,0,0,0,0,0,4,0,0,0,0,0,0,0,0,0,0,0,0,0,0,0,0,0,0,0,0,0,0,0,0,0,0,0,0,0,0,0,0,0,0,0,80,0,0,0,0,0,0,0,0,0,0,0,0,0,0,0,0,0,0,0,0,0,0,1,157,0,0,5,0,0,0,0,0,0,0,0,0,0,0,0,20,0,0,0,0,0,0,0,0,0,0,0,0,0,0,0,0,0,0,0,0,0,12,0,0,0,0,0,0,0,0,0,0,0,0,0,0,0,0,0,5,0,0,0,0,0,0,7,0,0,0,0,0,0,0,0,0,0,0,0,0,0,0,0,0,0,0,0,0,0,0,0,2,0,0,0,0,0,0,0,0,0,0,827,0,0,0,0,0,0,0,0,0,0,0,0,0,989,0,0,0,0,0,0,0,0,19,0,0,0,0,0,0,0,0,0,0,0,0,0,7,0,0,0,0,0,0,0,0,0,0,0,0,0,0,0,0,0,0,0,0,0,65,0,0,0,0,0,0,0,34,0,0,0,0,0,52,0,0,0,0,0,0,0,0,0,0,0,0,0,0,0,0,0,0,0,0,0,0,0,0,0,0,0,0,0,0,0,0,0,0,0,0,0,0,0,0,0,0,0,0,0,0,12,0,0,0,0,0,0,0,0,0,0,0,0,0,0,0,0,0,0,0,0,0,1506,0,0,0,0,0,10,0,0,0,0,0,0,0,0,0,0,0,0,9,0,5,0,0,0,0,0
"D237",0,0,0,0,0,0,0,0,0,0,0,0,0,0,0,0,0,0,0,0,0,0,0,0,0,0,0,0,0,0,0,0,0,0,0,0,0,0,0,0,0,0,0,0,0,0,0,0,0,5,0,0,0,0,0,0,0,0,0,0,0,0,0,0,0,0,0,0,0,0,0,0,0,0,0,0,0,0,0,0,0,0,0,0,0,0,0,0,0,0,0,0,0,0,0,0,0,0,0,0,0,0,0,0,0,0,0,0,0,0,0,0,0,0,0,0,0,0,0,0,0,0,0,0,0,0,0,0,0,0,0,0,0,0,0,63,0,0,0,0,0,0,0,0,0,0,0,0,0,0,0,0,0,0,0,0,0,0,0,0,0,0,0,0,0,0,0,0,0,0,0,0,0,0,0,0,0,0,0,0,0,0,0,0,0,0,0,0,0,0,0,0,0,0,0,0,0,0,0,0,0,0,0,0,0,0,0,0,0,0,0,0,1,0,0,0,0,0,0,0,0,0,0,0,0,0,0,0,0,0,0,10,0,17200,0,0,0,0,0,0,0,0,0,0,0,0,0,0,0,0,0,0,0,0,0,0,0,0,0,0,0,0,0,0,0,0,0,0,0,10,0,0,0,0,0,0,0,0,0,0,0,0,0,0,0,0,0,0,0,0,0,0,0,0,0,0,0,0,0,0,0,0,0,0,0,0,0,0,0,0,0,0,0,0,0,0,0,0,0,0,0,0,0,0,0,0,0,0,0,0,0,0,0,0,0,0,0,0,0,0,0,0,8,0,0,0,0,0,0,0,0,0,0,0,0,0,0,0,0,0,0,0,0,0,0,0,0,0,0,0,0,0,0,0,0,0,0,0,0,0,0,0,0,0,0,0,0,0,0,0,0,0,0,0,0,0,0,0,0,0,0,0,0,0,0,0,0,0,0,0,0,0,0,0,0,0,0,0,0,0,0,0,0,0,0,3,0,0,0,0,0,0,0,0,0,0,0,0,0,0,0,0,0,0,0,0,0,0,0,0,0,0,0,2,0,0,0,0,0,0,0,0,0,0,0,0,0,0,0,0,0,0,0,0,0,0,0,0,0,0,0,0,0,0,0,0,0,0,0,0,0,0,0,0,0,0,0,0,0,2,0,0,0,0,0,0,0,0,0,0,0,0,0,0,0,0,0,0,0,0,0,0,0,0,0,0,0,0
"D238",0,0,0,0,0,0,0,0,0,0,0,0,0,0,0,0,0,0,0,0,0,0,0,0,0,0,0,0,0,1,0,0,0,0,0,0,0,0,0,0,0,0,0,0,0,0,0,0,0,0,0,12,0,0,0,0,0,0,0,0,0,0,0,0,0,0,0,0,0,0,0,0,0,0,0,0,0,0,0,9,0,0,0,17,0,0,3,0,0,0,0,0,0,0,0,0,0,0,0,0,0,0,0,0,0,0,0,0,0,0,0,0,0,0,0,0,0,0,0,0,0,0,0,0,0,0,0,0,0,0,0,0,0,0,0,0,0,0,0,0,0,0,0,0,0,0,0,0,0,0,0,0,0,0,0,0,0,0,0,0,0,0,0,0,0,0,0,0,0,0,0,0,0,0,0,0,0,0,0,0,0,0,0,0,0,0,0,0,0,0,0,0,0,0,0,0,0,0,0,0,0,0,0,0,0,0,0,0,0,0,0,0,0,0,0,0,0,0,0,0,0,0,0,0,0,0,0,0,0,0,0,0,0,0,0,0,0,0,0,0,0,0,0,0,0,0,0,0,0,0,0,0,0,0,0,0,0,0,0,0,0,0,0,16,0,0,0,0,0,0,0,0,0,0,0,0,0,0,0,0,0,0,0,0,0,0,0,0,0,0,0,0,0,0,0,0,0,0,0,0,0,0,0,0,0,2,0,0,0,0,0,0,0,0,0,0,0,0,0,0,0,0,0,0,0,0,0,0,0,0,1,0,0,0,0,0,0,0,0,0,0,0,0,0,0,0,0,0,7438,0,0,0,0,0,0,0,0,25,22,0,0,0,0,0,0,0,0,0,0,0,0,0,0,0,0,0,0,0,0,0,0,0,7,0,0,0,0,0,0,0,0,0,0,0,0,0,0,0,0,0,28,0,0,0,0,0,3,0,0,0,0,0,0,0,0,0,0,0,299,0,0,0,0,0,0,0,0,0,0,0,0,0,0,0,0,0,0,0,0,0,0,0,0,0,0,0,0,0,0,0,0,0,0,37,0,0,0,0,0,0,0,0,0,0,0,0,0,0,0,0,0,0,0,0,0,0,0,0,0,0,0,0,0,0,1,0,0,0,0,0,0,0,0,0,0,0,0,0,0,0,0,0,0,0,0,0,0,0,0,0,0,0,0,0,0,0,0,0,0,0,0,0,0,0,0,0,0,0
"D239",0,0,0,0,0,0,0,0,0,2,0,5,0,0,0,0,0,0,0,0,0,0,0,0,0,0,0,0,0,0,0,0,0,0,5696,0,0,0,0,0,0,0,0,0,0,46,0,0,0,0,0,0,100,0,0,0,0,0,0,2,0,10,0,3,0,0,0,0,0,0,0,0,0,0,0,0,0,3715,0,0,0,0,0,276,12,0,6,0,0,0,495,0,0,3,0,0,372,0,0,0,0,0,0,0,0,0,0,0,0,0,0,0,15,0,0,0,308,2392,0,0,0,0,0,0,3,0,0,0,0,0,0,0,0,2,0,0,0,0,0,1,0,0,0,3,0,0,0,0,0,0,0,0,0,0,0,0,0,2,0,0,0,0,0,9,2,0,0,0,0,0,0,0,0,0,0,0,0,2,0,0,0,0,9,0,0,0,0,0,0,0,0,0,0,0,0,0,0,0,7,0,0,0,0,0,0,0,0,1526,0,681,0,6,0,0,0,0,0,0,0,24,3,0,0,0,0,0,0,121,0,0,0,0,0,0,0,0,0,0,0,0,0,0,0,0,0,0,0,0,0,0,0,0,2,0,4,0,0,0,0,0,0,0,0,0,0,2,0,0,0,2,0,0,0,0,0,0,0,0,0,0,0,0,0,0,0,2,0,0,0,0,0,0,0,0,0,0,0,0,0,0,0,184,0,0,30,0,0,0,0,0,0,6,0,0,0,0,0,0,0,0,0,0,108,8,0,0,0,0,0,13,0,0,0,0,0,0,0,0,0,0,0,0,0,0,0,0,0,9,0,0,0,0,0,0,0,5,0,0,0,0,0,0,0,0,7,0,0,0,0,0,0,0,0,904,0,0,0,0,0,0,0,4,0,0,6,688,0,0,0,0,0,0,0,146,0,0,105,0,144,0,0,0,251,0,0,0,0,0,0,0,0,0,0,0,1689,0,0,822,1214,0,0,0,0,0,0,10,0,0,0,0,0,0,0,0,123,0,0,0,0,0,0,0,0,0,0,0,1,0,0,0,0,0,0,0,0,0,0,0,0,0,0,0,0,0,0,0,0,0,0,0,0,0,118,0,0,0,0,0,0,0,404,0,0,0,1102,0,0,0,0,0,0,0,0,0,0,0,0,0,0,0,0,0,0,0,0,0,0,0,2,0,0,0,0,0,0,0,201,10,0,189,0,0,0,39,0,0,0,0
"D240",0,0,0,0,0,0,0,0,0,0,0,0,0,1,0,0,4,0,0,0,0,0,0,0,0,0,0,0,0,0,0,0,0,0,51,0,0,0,0,0,0,0,0,0,0,0,0,0,24,0,0,0,0,0,0,0,0,0,0,3,0,0,12,0,0,0,0,0,0,0,0,0,0,0,0,0,0,0,0,0,0,0,0,126,0,0,4,0,86,0,0,1,0,0,0,0,0,33,0,0,0,0,0,0,0,0,0,0,0,0,0,0,0,0,0,0,0,12,0,0,0,0,0,0,0,0,0,0,0,63,0,0,0,0,0,0,0,0,0,6,0,0,0,0,2,0,0,0,0,0,0,0,0,0,0,0,0,0,0,0,0,0,0,0,0,0,0,0,0,0,0,0,0,0,0,0,0,0,57,0,0,0,0,0,0,0,0,0,0,0,0,0,0,0,0,0,0,0,0,0,4,0,0,0,0,0,0,0,0,0,0,0,0,0,0,0,0,0,0,0,0,0,0,0,0,0,0,0,0,0,0,0,0,0,0,0,0,0,0,0,0,0,0,0,0,0,0,0,0,0,0,0,0,0,0,0,0,0,0,0,7,0,0,0,0,0,0,0,0,0,0,0,0,0,0,0,12,10,0,0,0,0,0,0,0,0,0,0,0,0,0,0,0,0,0,0,0,0,0,0,0,0,0,0,0,0,0,0,0,0,0,0,0,0,0,0,2,0,0,0,0,0,0,6,0,0,0,0,0,0,0,0,0,0,0,0,0,0,0,0,0,0,0,0,0,0,0,0,12,0,0,0,0,0,0,0,0,86,5,1270,0,0,0,0,0,0,0,0,0,0,0,0,0,722,0,0,0,0,0,0,0,0,3,0,0,0,0,0,0,0,0,0,0,0,0,0,0,0,0,0,0,0,0,0,0,0,0,0,0,0,0,0,0,0,0,0,0,0,1159,0,0,0,0,0,0,0,46,0,0,0,0,0,0,0,0,0,0,0,0,0,0,0,0,0,0,0,0,0,0,0,0,0,0,0,0,0,0,0,0,0,0,0,7,0,0,0,0,0,0,0,0,0,0,0,0,0,0,0,0,71,0,0,0,0,211,0,0,0,0,0,0,0,0,0,0,0,0,0,0,0,0,159,0,0,0,0,0,55,0,0,0,0,0,0,0,0,0,0,0,0,2,0,0,0,0,0,0,0
"D241",3,0,0,0,55,9,0,0,32,0,0,0,0,0,0,0,0,0,0,0,0,0,0,0,0,0,0,0,0,0,0,0,257,0,0,66,0,0,0,0,0,0,0,0,0,0,0,0,0,0,0,7,255,0,0,0,0,0,0,0,5,0,0,0,0,0,0,0,0,0,19,0,0,0,0,0,0,0,0,0,0,0,0,0,302,0,0,0,0,0,0,0,0,0,0,0,0,0,0,0,0,0,0,0,327,0,6,0,0,0,0,0,0,6,0,0,0,0,0,16,0,0,0,507,0,0,0,22,0,0,0,0,0,0,0,0,0,0,0,0,0,0,0,206,0,0,0,0,0,0,52,0,0,0,0,0,0,0,0,52,0,0,0,0,0,0,462,0,0,0,0,14,0,0,83,0,0,0,0,0,0,0,0,0,0,0,50,0,0,0,0,0,0,0,0,0,0,0,0,0,0,0,0,0,0,0,0,0,0,0,0,0,0,0,0,0,0,0,0,0,0,0,0,0,0,0,0,0,93,233,0,67,0,0,0,0,0,0,0,0,0,0,0,0,0,0,0,0,0,0,0,0,0,0,0,0,0,0,0,0,0,0,4,0,0,0,0,0,0,86,0,0,0,0,0,0,0,0,0,0,0,0,0,0,0,0,0,176,0,0,0,0,0,0,0,0,0,0,175,0,62,0,0,0,0,0,0,0,0,0,0,130,5,0,0,0,0,0,0,133,0,0,0,0,0,0,0,102,0,0,0,401,49,0,0,0,0,0,0,0,0,0,22,31,0,0,0,0,0,0,0,0,0,0,0,0,0,0,0,0,0,0,0,0,0,0,0,0,0,0,0,0,49,0,0,0,0,0,0,0,0,0,0,0,0,0,0,0,0,0,0,699,0,0,0,0,0,0,0,117,243,0,0,0,0,0,0,0,0,33,0,0,0,0,0,0,0,0,0,0,0,0,0,0,0,0,0,0,0,0,0,10,0,0,0,0,162,0,0,0,0,0,0,0,0,0,0,0,0,0,0,0,0,24,11,110,0,0,0,0,0,0,0,0,0,0,0,0,134,32,0,0,0,0,0,0,0,0,27,0,0,0,0,0,0,2,0,0,0,0,0,0,0,0,0,0,0,0,0,0,0,0,0,0,0,0,66,0,0,161,0,0,0,0,0,0,0,0,0,0,0,0,0,0,0,0,0,0
"D242",0,0,0,0,0,0,0,0,0,0,0,0,0,0,0,0,0,0,0,0,0,0,0,0,0,0,0,0,0,0,0,0,0,0,0,0,0,0,0,0,0,0,0,0,0,0,0,0,0,0,0,0,0,0,0,0,0,0,0,0,0,0,0,0,0,0,0,0,0,0,0,0,0,0,0,0,0,0,0,0,0,0,0,0,0,0,0,0,0,0,0,0,0,0,0,0,0,0,0,0,0,0,0,0,0,0,0,0,0,0,0,0,0,0,0,0,0,0,0,0,0,0,0,0,0,0,0,0,12,0,0,0,0,0,0,0,0,0,0,0,0,0,0,0,0,0,0,0,0,0,0,0,0,0,0,0,0,0,0,0,0,0,0,0,0,0,0,0,0,0,0,0,0,0,0,0,0,0,0,0,0,0,0,0,0,0,0,0,0,0,0,0,0,0,0,0,0,0,0,0,0,2,0,0,0,0,0,0,0,0,0,0,0,0,0,0,0,0,434,0,0,0,0,0,0,0,0,0,0,0,0,0,0,7,0,0,0,0,0,0,0,0,0,28,0,0,0,0,0,0,0,0,0,0,0,0,0,0,0,0,0,0,0,0,0,0,0,0,0,0,0,0,0,0,0,0,0,0,0,0,0,0,0,0,0,0,0,0,0,0,0,0,0,0,0,0,0,0,0,0,0,0,0,0,0,0,0,0,0,0,0,0,0,0,0,0,0,32,0,0,0,0,0,0,0,0,0,0,0,0,0,0,0,0,0,0,0,0,0,0,0,0,0,0,0,0,0,0,0,0,0,0,0,0,0,0,0,0,0,0,0,0,0,0,0,0,0,0,0,0,0,0,0,0,0,59,0,0,0,0,0,0,0,0,0,0,0,0,766,0,0,0,0,0,0,0,0,0,0,0,0,0,0,0,10,0,0,0,0,0,0,0,0,0,0,0,0,0,0,0,0,0,0,0,0,0,0,18,0,0,0,0,0,0,0,0,0,0,0,0,0,0,0,0,0,0,0,0,0,0,0,0,0,1672,0,0,0,0,0,0,0,0,0,0,0,0,0,0,0,0,0,0,0,0,0,0,0,0,4,0,0,0,0,0,0,0,0,0,0,0,0,0,0,0,0,0,0,0,0,0,0,0,0,0,0,0,0,0,0,0,0,0,0,0,0,0,0,0,0,0,0,0,0,0,0,0,0,0
"D243",0,4,7,0,0,0,0,0,0,3,0,7,0,5,0,3,3,3,6,0,0,0,0,0,0,3,0,0,248,0,0,0,0,10,7129,0,2,0,0,3,3,4,3,1,0,0,0,184,1,28,70,0,6,0,0,0,0,0,0,10,0,247,0,8,0,0,0,0,0,9,0,3,0,4,0,44,0,0,7,0,8,2,0,43,0,0,51,2,21,16,12,0,51,25,0,4,0,16,6,0,3,5,0,0,2,0,0,5,0,0,0,0,23,6,25,0,2,5731,0,0,0,2,0,0,0,3,6,0,0,225,42,0,0,2,2,0,0,0,1,8,0,1,0,0,71,0,0,0,0,0,0,0,0,0,0,0,2,164,0,11,0,0,2,0,15,6,159,0,0,0,0,14,0,0,0,3,2,12,73,0,0,0,0,0,2,0,0,3,2,0,0,0,0,2,0,0,0,0,24,0,0,0,24,0,0,0,0,0,0,0,0,25,69,7,0,0,0,1,0,26,22,0,7,6,0,0,0,19,0,0,0,0,3,0,3,3,0,4,0,0,0,2,0,0,0,0,4,0,0,0,3,0,39,0,14,0,0,0,3,0,4,2,0,0,0,345,1,0,0,49,0,4,4,0,3,0,170,0,3,2,0,0,0,0,0,3,0,0,4,0,0,0,0,0,0,4,1,5,15,0,0,0,39,0,0,17,0,0,0,13,0,28,11,0,3,0,0,0,0,0,0,0,21,19,7,0,4,0,2,11,0,0,0,0,0,0,0,2,0,0,0,34,0,3,0,0,8,9,56,0,9,2,3,20,0,16,1,0,20,9,0,2,2,0,12,0,0,2,0,0,2,3,0,0,3,0,2,4,2,0,0,9,3,0,2,0,11,40,0,2,0,0,1,0,0,2,34,5,143,0,0,0,40,25,0,0,0,0,50,0,6,0,0,0,0,0,0,10,0,0,0,0,12,5,2,6,2,0,37,0,5,0,7,0,0,0,5,20,0,0,0,0,5,0,3,0,4,2,0,0,0,0,0,0,0,0,0,21,10,0,0,0,0,0,0,0,0,0,1,0,0,2,0,1,0,0,2,4,0,10,0,3,0,0,492,132,0,2,2,19,0,0,0,0,2,0,3,24,0,0,0,45,0,0,24,0,0,34,2,0,17,2,0,8,10,0,0,13,0,86,7,11,0,3,0,0,0,0
"D244",0,0,0,0,0,0,0,0,0,0,0,0,0,0,0,0,0,0,0,0,0,0,0,0,0,0,0,0,0,0,0,0,0,0,0,0,0,0,0,0,0,0,0,0,0,0,0,0,0,0,0,0,0,0,0,0,0,0,0,0,0,0,0,0,0,0,0,0,0,0,0,0,0,0,0,0,0,0,0,0,0,0,0,0,0,0,0,0,0,0,0,0,0,0,0,0,0,0,0,8,33,0,0,0,0,0,0,0,0,0,27,0,0,0,0,0,0,0,0,0,0,0,0,0,0,0,0,0,5,0,0,0,0,0,0,0,0,0,0,0,0,0,0,0,0,0,0,0,0,0,0,0,0,0,0,0,0,0,0,0,0,0,0,0,0,0,0,0,0,0,0,0,0,0,0,0,0,0,0,0,0,0,0,0,0,0,0,0,0,0,0,0,0,0,0,260,0,0,0,0,0,515,0,0,0,0,0,0,0,0,0,0,0,0,0,0,0,0,429,0,0,0,0,0,0,0,0,0,0,0,0,0,0,0,0,0,0,0,133,0,0,0,0,86,0,0,0,0,0,0,0,0,0,0,0,0,0,0,0,0,0,0,0,0,0,0,0,0,0,0,0,0,0,0,0,0,0,0,0,0,0,0,0,0,0,0,0,0,0,0,0,0,0,0,0,0,0,0,0,0,0,0,0,0,0,0,0,0,0,0,0,0,0,0,0,0,0,226,6,0,0,0,0,0,0,0,0,0,0,0,0,0,0,0,0,0,0,0,0,0,0,0,2,0,0,0,0,0,0,0,0,0,0,0,0,0,0,0,0,0,0,0,0,0,0,0,0,0,0,0,0,0,0,0,0,48,0,0,0,0,0,0,0,0,0,0,0,0,228,0,0,0,0,0,0,0,0,0,0,0,0,0,0,0,0,0,0,0,0,0,0,0,0,0,0,0,0,0,0,0,0,0,0,0,0,0,0,876,0,0,0,0,0,0,0,0,0,0,0,0,0,0,0,0,0,0,0,0,0,0,0,0,0,8,0,0,0,0,0,0,0,0,0,0,0,0,0,0,0,0,0,0,0,0,0,0,0,0,0,0,0,0,0,0,0,0,0,0,0,0,0,0,0,0,0,0,0,0,0,0,0,0,0,0,0,0,0,0,0,0,0,0,0,0,0,0,0,0,0,0,0,0,0,0,0,0,0,0
"D245",0,0,0,0,0,0,0,0,8,0,0,0,0,0,0,0,8,0,0,0,0,0,0,0,0,0,0,0,0,0,0,3,0,0,518,0,0,0,0,0,0,0,0,0,0,0,0,0,0,0,3,0,0,0,0,0,0,0,0,0,0,133,0,0,0,0,0,0,0,0,0,0,0,0,0,0,0,929,0,0,0,0,0,104,0,0,23,0,0,0,0,2,0,0,0,0,233,0,0,0,0,0,0,0,0,0,0,0,0,0,0,0,3,0,0,0,0,773,0,0,0,0,0,0,26,0,1,0,0,0,0,0,0,0,0,0,0,0,0,0,0,0,0,0,7,0,0,0,0,0,0,0,12,0,0,0,0,2,0,0,0,0,0,0,0,0,0,0,2,0,0,6,577,0,0,0,0,0,0,0,0,0,5,0,0,0,0,0,0,0,0,0,0,0,0,0,0,0,59,0,0,0,0,0,0,0,0,33,0,235,0,12,0,0,0,0,0,0,0,6,1,0,0,0,0,0,0,231,0,0,0,0,0,0,0,0,0,0,0,0,0,0,0,0,0,0,0,0,0,0,0,0,0,0,2,0,0,0,2,6,0,0,0,0,0,0,0,0,0,3,0,0,0,0,6,0,0,0,0,0,0,0,0,0,0,0,0,0,0,0,0,0,0,0,0,0,0,0,11,0,0,203,0,0,10,4,0,0,0,0,0,6,0,0,0,0,0,0,0,0,0,0,42,0,0,0,0,0,0,8,0,0,0,0,0,0,0,0,0,0,0,0,0,0,0,0,0,38,0,0,0,0,0,2,0,0,0,46,19,22,0,0,0,0,4,0,0,0,0,0,0,0,0,309,0,0,0,0,0,0,0,0,0,0,2,372,0,0,0,0,0,0,0,138,0,0,7,0,0,0,0,0,70,2,0,0,0,0,0,0,0,0,0,0,152,0,0,372,565,0,0,0,0,0,2,0,0,0,0,0,6,0,0,0,90,0,0,2,0,0,0,0,0,0,0,0,0,0,0,0,0,0,0,0,0,0,0,0,0,0,0,0,0,0,0,0,0,0,0,0,0,0,242,0,0,0,0,0,0,0,357,0,0,0,745,0,0,0,0,0,0,0,0,0,0,0,0,0,0,0,0,0,0,0,0,0,0,0,0,0,0,0,0,2,0,0,1010,107,0,13,0,0,0,0,0,0,0,0
"D246",0,0,0,0,0,0,0,0,0,67,0,0,0,0,0,0,0,0,0,0,0,0,0,0,0,0,0,0,0,0,0,0,0,0,0,0,0,0,0,0,0,0,0,0,0,0,0,0,0,0,0,0,0,0,0,0,0,0,0,0,0,0,0,0,0,0,0,0,0,0,0,0,0,0,9,0,0,0,0,0,0,0,0,0,0,0,0,0,0,0,0,0,0,0,0,0,0,0,0,0,0,0,0,0,0,0,0,0,0,0,2,0,0,0,0,0,0,0,0,0,0,0,0,0,0,0,0,0,0,0,0,0,0,0,0,0,0,0,0,0,0,0,0,0,0,0,0,0,0,0,0,0,0,0,0,0,0,0,0,0,0,0,0,0,0,0,0,0,0,0,0,0,0,0,0,0,0,0,0,0,0,0,0,0,0,0,0,0,0,0,0,0,0,0,0,2,0,0,0,0,0,0,0,0,0,0,0,0,0,0,0,0,0,0,0,0,0,0,0,0,0,0,0,0,0,0,9,0,0,0,0,0,0,0,0,0,0,0,0,0,0,0,0,2,0,0,0,0,0,0,0,0,0,0,0,0,0,0,0,0,0,0,0,0,0,0,0,0,0,0,0,0,0,0,0,0,0,0,0,0,0,0,0,0,0,0,0,0,0,0,0,0,0,0,0,0,0,0,0,0,0,0,0,0,0,0,0,0,0,0,0,0,0,0,0,0,0,2,0,0,0,0,0,0,0,0,0,0,0,0,0,0,0,0,0,0,0,0,0,0,0,0,0,0,0,0,0,0,0,0,0,0,0,0,0,0,0,0,0,0,0,0,0,0,0,0,0,0,0,0,0,0,0,0,0,0,0,0,0,0,0,0,0,0,0,0,0,0,0,0,0,0,0,0,0,0,0,0,0,0,0,0,0,0,0,0,0,0,0,0,0,0,0,0,0,0,0,0,0,0,0,0,0,0,0,0,0,0,0,0,0,0,0,0,0,0,0,0,0,0,16,0,0,0,0,0,0,0,0,0,0,0,0,0,0,0,0,0,0,0,0,0,0,0,0,0,121,0,0,0,0,0,0,0,0,0,0,0,0,0,0,0,0,0,0,0,0,0,0,0,0,2004,0,0,0,0,0,0,0,0,0,0,0,0,0,0,0,0,0,0,0,0,0,0,0,0,0,0,0,0,0,0,0,0,0,0,0,0
"D247",0,0,0,0,0,0,0,0,0,0,0,0,0,0,0,0,6,0,0,0,0,0,0,0,0,0,0,0,0,0,0,0,0,53,0,0,0,0,12,0,0,0,0,0,0,0,0,0,8,0,0,6,0,0,0,0,0,0,0,31,0,0,8,0,0,0,0,0,0,0,0,0,0,0,0,0,0,43,0,0,0,0,0,0,0,0,20,0,6,0,0,0,0,0,0,0,0,124,0,0,0,0,0,0,0,0,0,0,0,0,0,0,0,0,0,0,0,1415,0,0,0,0,0,0,42,0,0,0,0,4,0,0,0,0,0,0,0,0,0,0,0,0,0,0,27,0,0,0,0,0,0,0,0,0,0,0,0,0,0,0,0,0,0,0,0,0,0,0,0,0,0,0,892,0,0,0,0,0,785,0,0,0,280,0,0,0,0,0,0,0,0,0,0,0,0,0,0,0,0,0,0,0,11,0,0,0,0,36,0,0,0,2,0,0,0,0,0,0,0,0,0,0,0,0,0,0,0,0,0,0,0,0,0,12,0,0,0,0,0,0,0,0,0,0,0,0,0,0,0,0,0,0,4,0,0,0,0,0,3,0,12,0,0,0,0,0,0,0,0,0,0,0,0,0,0,0,0,0,0,0,0,0,0,0,0,0,0,0,0,0,0,0,0,0,0,0,0,0,0,0,0,83,0,0,2,0,0,0,0,0,0,0,0,0,0,0,0,0,0,0,0,0,0,0,4,0,0,0,0,0,0,0,0,0,0,0,0,0,10,0,0,0,0,0,0,0,0,0,54,0,0,0,0,0,0,2,0,87,0,78,0,0,0,0,0,0,0,0,0,0,0,0,0,171,0,0,0,0,0,0,0,0,1,0,0,850,0,0,0,0,0,0,0,1008,0,0,0,0,0,0,2,0,41,0,0,0,0,0,0,0,0,0,0,0,0,0,0,0,1539,0,0,0,0,0,0,0,0,0,0,0,0,0,0,0,33,0,0,0,0,0,0,0,0,0,0,0,0,0,0,0,0,0,0,0,0,0,0,0,0,0,0,0,0,0,0,0,0,0,0,0,0,0,73,0,0,0,0,0,4,6,0,0,0,0,103,0,0,0,0,0,0,0,0,0,0,0,0,0,12,3,0,8,0,0,2,0,0,140,0,0,5,0,0,0,0,0,0,0,0,0,0,0,0,0,0,0,0,0
"D248",0,0,0,0,0,0,0,0,0,0,0,0,0,0,0,0,0,0,0,0,0,0,0,0,0,0,0,0,0,0,0,0,0,0,0,0,0,0,0,0,0,0,0,0,0,0,0,0,0,0,0,0,0,0,0,0,0,0,0,0,0,0,0,12,0,0,0,0,0,0,0,0,0,0,89,0,0,0,0,0,0,0,0,0,0,0,0,0,0,0,0,0,0,0,0,0,0,0,0,0,4,0,0,0,0,0,0,0,0,0,0,0,0,0,0,0,0,0,0,0,0,0,0,0,0,0,0,0,0,0,0,0,0,0,0,0,0,0,0,0,0,0,0,0,0,0,0,0,0,0,0,0,0,0,0,0,0,0,0,0,0,0,0,0,0,0,0,0,0,0,0,0,0,0,0,0,0,0,0,0,0,0,0,0,0,0,0,0,0,0,0,0,0,0,0,0,0,0,0,0,0,2107,0,0,0,0,0,0,0,0,0,0,0,0,0,0,0,0,0,0,48,0,0,0,0,0,126,0,0,0,0,0,0,34,0,0,0,0,0,0,0,0,0,78,0,0,0,0,0,0,0,0,0,0,0,0,0,0,3,0,0,0,0,0,0,0,0,0,0,0,0,0,0,0,0,0,0,0,0,0,0,0,0,0,0,0,0,0,0,0,0,0,0,0,0,0,0,0,0,0,0,0,0,0,0,0,0,0,0,0,0,0,0,0,0,0,0,0,0,0,0,0,0,0,0,0,0,0,0,0,0,0,0,0,0,0,0,0,0,32,0,0,0,0,0,0,0,0,0,0,0,0,0,0,0,0,0,0,0,0,0,0,0,0,0,0,0,0,0,0,0,0,0,0,0,11,0,0,0,0,0,0,0,0,0,0,0,0,0,0,0,0,0,0,0,0,0,0,0,0,0,0,0,0,0,0,5,0,2,0,0,0,0,0,0,0,0,0,0,0,0,0,0,0,0,0,0,0,0,2829,0,0,0,0,0,0,0,0,0,0,583,0,0,0,0,0,0,0,0,0,0,0,0,2,0,3,0,0,0,0,0,0,0,0,0,0,2001,0,0,0,0,0,0,0,0,0,0,0,0,0,0,0,0,0,0,0,0,0,0,0,0,20141,0,0,0,0,0,0,0,9,0,0,0,0,0,0,87,0,0,0,0,0,0,0,0,0,0,0,0,0,0,0,0,0,0,0,0,0
"D249",0,0,0,0,0,0,0,0,0,0,0,0,0,0,0,0,0,0,0,0,0,0,0,0,0,0,0,0,0,0,0,0,0,0,283,0,0,0,0,0,0,0,0,0,0,0,0,0,0,0,0,0,0,0,0,0,0,0,0,0,0,0,0,0,0,0,0,0,0,0,0,0,0,0,0,0,0,54,0,0,0,0,0,1652,0,0,4,0,0,0,0,0,0,0,0,0,0,0,0,0,0,0,0,0,0,0,0,0,0,0,0,0,0,0,0,0,0,267,0,0,0,0,0,0,0,0,0,0,0,0,0,0,0,0,0,0,0,0,0,0,0,0,0,0,0,0,0,0,0,0,0,0,0,0,0,0,0,0,0,0,0,0,0,0,0,0,0,0,0,0,0,0,0,0,0,0,0,0,0,0,0,0,0,0,0,0,0,0,0,0,0,0,0,0,0,0,0,0,0,0,0,0,0,0,0,0,0,0,0,0,0,0,0,0,0,0,0,0,0,0,0,0,0,0,0,0,0,0,0,0,0,0,0,0,0,0,0,0,0,0,0,0,0,0,0,0,0,0,0,0,0,0,0,0,0,0,0,0,0,0,0,0,0,181,0,0,0,0,0,0,0,0,0,0,0,0,0,0,0,0,0,0,0,0,0,0,0,0,0,0,0,0,0,0,0,0,0,0,4,0,0,0,0,0,0,0,0,0,0,0,0,0,0,0,0,0,0,0,0,0,0,0,0,0,0,0,0,0,0,0,0,0,0,0,0,0,0,0,0,0,0,0,0,0,0,0,0,0,1,0,0,0,0,0,0,0,0,402,126,491,0,0,0,0,0,0,0,0,0,0,0,0,0,189,0,0,0,0,0,0,0,0,2,0,0,0,0,0,0,0,0,0,0,0,0,0,0,0,0,0,0,0,0,0,0,0,0,0,0,0,0,0,0,0,0,0,0,0,3462,0,0,0,0,0,0,0,0,0,2,0,0,0,9,0,0,0,0,0,0,0,0,0,0,0,0,0,0,0,0,0,0,0,0,0,0,0,0,0,0,0,0,0,0,0,0,0,0,0,0,0,0,0,0,0,0,0,0,0,0,0,0,0,0,0,237,0,0,0,0,0,0,0,0,0,0,0,0,0,0,0,0,0,0,0,0,0,0,0,0,0,0,0,0,0,0,0,0,0,0,0,0,0,0,0,0,0,2,0
"D250",0,0,0,0,0,0,22,0,0,0,0,0,0,0,0,0,0,0,0,0,0,33,0,0,0,0,0,0,0,0,0,20,0,0,45,0,0,0,0,0,0,0,0,0,28,0,0,0,0,0,0,0,26,0,0,0,0,0,0,0,0,0,0,0,0,0,0,0,0,0,0,0,0,0,0,0,0,0,0,0,0,0,0,44,0,0,0,0,0,0,0,0,0,0,0,0,62,0,0,0,0,0,0,0,5,0,0,0,0,0,22,0,0,0,0,0,0,27,25,0,0,0,0,0,82,0,0,0,0,0,0,0,0,0,0,646,0,0,0,0,0,0,0,0,0,0,0,0,0,0,0,0,0,0,0,0,0,0,0,0,0,0,0,0,0,0,0,0,0,32,0,0,64,0,0,0,0,0,0,0,0,0,0,0,0,0,38,0,0,0,0,0,0,0,0,0,0,0,0,0,0,0,0,113,0,41,0,0,0,0,0,0,14,0,0,0,56,0,0,0,0,0,0,0,0,0,0,0,0,0,0,30,0,22,0,0,0,0,0,0,0,0,0,0,0,0,0,0,0,0,0,0,0,0,0,0,0,0,0,0,19,0,0,0,0,0,0,0,0,0,0,0,0,0,20,0,0,53,0,0,0,0,0,0,0,0,0,0,0,0,0,0,0,0,0,12,0,0,0,0,0,9,0,0,0,0,39,0,0,0,0,0,0,0,0,27,0,0,0,0,0,0,0,0,21,0,0,0,0,86,0,0,0,0,0,0,0,0,0,0,0,0,0,0,0,0,0,0,0,21,0,0,0,0,0,0,0,0,26,0,0,0,0,14,0,0,0,0,0,25,0,0,0,15,0,0,0,0,0,0,0,0,0,0,0,18,0,0,0,0,0,0,0,89,0,0,0,0,0,0,0,0,0,0,0,0,0,0,0,0,0,0,44,0,0,0,0,218,74,14,0,0,0,230,0,0,0,0,0,0,0,0,0,0,0,0,0,0,0,0,0,0,0,0,0,0,0,0,0,0,0,21,0,0,0,0,0,0,0,0,0,0,0,0,0,0,0,0,0,0,0,0,37,0,0,0,0,0,0,0,0,0,0,0,0,0,0,0,0,0,0,0,0,0,0,0,0,0,0,0,0,0,0,0,0,0,14,0,0,0,0,0,0,73,0,0,205,0,17,0,0,11,0,0,0,0,0,0
"D251",10,5,0,2,0,0,0,0,0,2,316,0,0,0,0,0,0,0,0,0,0,168,3,0,0,0,0,34,0,0,0,0,3,0,0,0,0,0,16,0,0,0,0,0,0,0,0,0,0,0,0,15,0,0,0,0,0,0,0,0,28,4,0,0,2,3,0,37,0,0,18,0,0,0,0,0,2,0,20,0,0,0,0,0,7,1,0,0,0,0,0,0,0,0,0,0,0,0,0,84,0,0,0,0,0,0,29,0,5,2,33,12,0,9,0,0,0,0,0,24,0,0,0,0,0,0,0,19,10,0,0,0,0,0,0,0,0,2,0,0,0,0,0,31,0,0,0,0,0,0,1,0,4,0,19,0,0,0,0,0,0,0,0,0,2,0,0,0,0,0,0,14,0,12,7,0,0,0,0,0,0,0,0,0,0,0,0,0,0,0,2,2,0,0,0,76,0,0,0,0,0,0,0,0,0,0,0,0,0,0,0,0,31,0,0,0,0,1,3,5,0,89,0,0,0,0,0,2,0,0,0,587,0,12,0,0,0,0,0,0,0,0,0,0,254,0,0,0,107,0,0,0,2,60,8,0,0,0,0,0,0,0,0,0,0,0,7,0,0,0,0,0,0,0,4,363,0,0,2,0,0,0,29,0,0,0,0,0,0,0,0,0,0,1,0,0,0,0,0,0,3,3,2,0,0,3,0,0,6,0,0,0,0,0,0,0,0,0,9,0,0,0,0,0,0,5,0,0,0,0,1,323,0,0,0,0,0,0,0,0,0,1,1,308,0,0,0,0,41,0,0,4,0,0,0,0,0,0,0,0,0,0,0,0,0,0,5,0,42,0,0,0,19,0,0,0,0,0,0,0,0,0,0,0,0,0,0,0,0,0,0,0,0,0,0,0,0,0,3,0,38,0,0,0,0,1,4,122,9,13,0,0,0,0,11,0,0,0,0,58,93,0,59,0,0,0,0,0,3,0,0,42,0,0,0,26,6,3,0,0,0,0,0,0,0,0,0,0,0,0,0,10,0,0,0,19,0,0,2,2,0,1,0,0,0,143,0,0,0,1,3,0,0,0,2,0,0,0,7,0,0,0,0,0,0,0,3,0,0,0,24,0,0,0,0,0,0,0,284,14,0,0,0,4,0,0,0,0,0,4,0,0,0,0,0,4,0,0,0,0,0,0,0,0,0,0,0,0
"D252",0,0,6,0,0,3,0,0,8,0,0,0,0,0,0,0,0,0,0,0,0,0,0,0,0,0,0,0,9,0,0,0,0,0,0,0,0,0,0,0,0,0,0,0,0,0,0,0,0,0,2,0,0,0,0,0,0,0,13,0,0,0,0,0,0,0,0,0,0,0,0,0,0,0,41,0,0,0,0,1,0,0,0,0,0,0,0,0,0,0,0,0,0,0,0,0,0,0,0,0,0,0,0,0,0,0,0,0,0,0,0,0,0,0,0,0,0,0,0,0,0,0,0,0,0,0,0,0,0,0,0,0,0,2,0,0,0,0,0,0,0,0,0,0,0,0,0,0,0,0,0,0,0,0,0,0,0,0,0,1,0,0,0,0,0,0,2,0,0,0,0,0,0,0,0,0,0,0,0,0,0,0,0,0,0,0,0,0,0,0,0,0,0,0,0,0,0,0,0,0,0,140,0,0,0,0,0,0,0,0,0,0,3,0,2,0,0,0,0,0,0,0,0,0,0,0,37,0,0,516,0,0,0,0,0,0,0,0,0,0,0,0,0,7,2,0,0,0,0,0,0,0,0,0,0,0,0,0,2,0,0,0,0,0,0,0,0,0,0,9,0,0,0,0,20,0,0,0,0,0,0,0,0,0,0,0,0,0,0,0,0,0,0,59,0,0,0,0,0,0,0,0,0,0,0,6,0,2,0,0,0,0,63,0,0,0,0,0,0,0,0,0,0,0,0,0,0,0,0,0,0,4,0,0,0,0,0,0,0,3,0,0,0,0,0,0,0,0,0,0,0,0,0,0,0,0,0,0,0,0,0,0,0,0,0,0,0,0,2,0,0,0,0,0,0,4,0,0,0,0,0,0,0,0,0,0,0,0,0,0,0,0,0,0,0,0,0,0,0,18,0,0,0,0,0,0,0,0,18,0,0,0,0,0,0,0,2,0,0,0,0,0,0,0,0,0,0,2,0,33,0,0,0,0,0,0,0,0,0,0,8,6,0,0,0,0,0,0,0,0,0,0,0,20,0,0,0,0,0,0,0,0,0,0,0,0,93,0,0,7,0,0,0,0,0,0,0,0,0,0,0,0,0,0,0,0,0,0,0,0,0,679,0,0,0,0,0,0,0,0,0,0,0,0,0,0,2694,0,0,0,0,0,0,0,0,0,0,0,0,0,0,0,0,0,0,0,0,0
"D253",0,0,0,0,0,0,0,0,0,0,0,0,0,0,0,0,0,0,0,0,0,0,0,0,0,0,0,1954,0,0,0,0,0,0,0,0,0,0,0,0,0,0,0,0,0,0,0,0,0,0,0,0,0,0,0,0,0,0,0,0,0,0,0,0,0,0,0,0,0,0,133,0,0,0,0,0,0,0,0,0,0,0,0,0,0,0,0,0,0,0,0,0,0,0,0,0,0,0,0,499,0,0,0,0,0,0,0,0,0,0,5717,0,0,0,0,0,0,0,0,2,0,0,0,0,0,0,0,0,165,0,0,0,0,0,0,0,0,0,0,0,0,0,0,0,0,0,0,0,0,0,0,0,0,0,0,0,0,0,0,0,0,0,0,0,0,0,0,0,0,0,0,0,0,0,0,0,0,0,0,0,0,0,0,0,0,0,0,0,0,0,0,0,0,0,0,462,914,0,0,0,0,0,0,0,0,0,0,0,0,0,0,0,0,0,0,0,0,0,0,0,0,0,0,0,0,0,0,0,0,0,0,2980,0,0,0,0,0,0,0,0,0,0,0,0,0,0,0,0,0,0,0,0,0,0,0,0,0,0,0,0,0,0,0,0,0,0,0,0,0,0,0,0,0,0,0,0,0,0,0,0,0,0,132,0,0,0,0,0,0,0,0,0,0,0,0,0,0,0,0,0,0,0,0,0,0,0,0,0,0,0,0,0,0,0,0,0,0,0,434,0,0,0,0,0,0,0,0,0,0,0,0,0,0,0,0,0,0,0,0,0,0,0,0,0,0,0,0,0,0,0,0,0,0,0,0,0,0,0,0,0,0,0,0,0,0,0,0,0,5192,0,0,0,12,0,0,0,0,0,0,0,0,0,0,0,0,0,0,0,0,0,0,0,0,0,0,0,0,0,0,0,0,0,0,0,0,0,0,430,0,0,0,0,0,0,0,0,0,0,0,0,7544,0,0,0,0,0,0,0,0,0,0,0,0,0,0,0,0,0,0,0,0,0,0,0,0,0,0,0,0,0,0,0,0,0,0,0,0,0,0,0,0,0,0,0,0,0,0,0,0,0,0,0,0,0,0,0,0,0,0,0,0,0,0,0,0,0,0,0,0,0,624,0,0,0,0,0,0,0,0,0,0,0,0,0,0,0,0,0,0,0,0,0,0,0,0,1,0,0,0,0,0,0,0,0,0,0,0,0
"D254",0,0,0,0,0,0,0,0,0,0,0,0,0,0,0,0,0,0,0,0,0,0,0,0,0,0,0,0,0,0,0,0,0,0,0,0,0,0,0,0,0,0,0,0,0,0,0,0,0,0,0,0,0,0,0,0,0,0,0,0,0,0,0,0,0,0,0,0,0,0,0,0,0,0,0,0,0,0,0,0,0,0,0,0,0,0,0,0,0,0,0,0,0,0,0,0,0,0,0,0,0,0,0,0,0,0,0,0,0,0,0,2,0,0,0,0,0,0,0,0,0,0,0,0,0,0,0,0,0,0,0,0,0,0,0,0,0,0,0,0,0,0,0,0,0,0,0,0,0,0,0,0,0,0,0,0,0,0,0,0,0,0,0,0,0,0,0,0,0,0,0,0,0,0,0,0,0,0,0,0,0,0,0,0,0,0,0,0,0,0,0,0,0,0,0,0,0,0,0,0,0,0,0,0,0,0,0,0,0,0,0,0,0,0,0,0,0,0,0,0,0,0,0,0,0,0,0,0,0,0,0,2,0,17,0,0,0,0,0,0,0,0,0,0,12,0,0,0,0,0,0,0,0,0,0,0,0,0,0,0,0,0,0,0,0,0,0,0,0,0,0,0,0,0,0,0,0,0,0,0,0,0,0,0,0,0,0,0,0,0,0,0,0,0,0,0,0,0,0,0,0,0,0,0,0,0,0,0,0,0,0,0,0,0,0,0,0,0,0,0,0,0,0,0,0,0,0,0,0,0,0,0,0,0,0,0,0,0,0,0,0,0,0,0,0,0,0,0,0,0,0,0,0,0,0,0,0,0,0,0,0,0,0,0,0,0,0,0,0,0,0,0,0,0,0,0,0,0,0,0,0,0,0,0,0,0,0,0,0,0,0,0,0,0,0,0,0,0,0,0,0,0,0,0,0,0,0,0,0,0,0,0,0,0,0,0,0,0,0,0,0,0,0,0,0,0,0,0,0,0,0,0,0,0,0,0,0,0,0,0,0,0,0,0,0,0,0,0,0,0,0,0,0,617,0,0,0,0,0,0,0,0,0,0,0,0,0,0,0,0,0,0,0,0,0,0,0,0,0,0,0,0,0,0,0,0,0,0,0,0,0,0,0,0,0,0,0,0,0,0,0,0,0,0,0,0,3,0,0,0,0,0,0,0,0,0,0,0,0,0,0,0,0,0,0,0,0,0
"D255",0,0,0,0,0,0,0,0,0,0,0,0,0,0,0,0,2,0,0,0,0,0,0,0,0,0,0,0,0,0,0,0,0,4,20,0,0,0,14,0,0,0,0,0,0,0,0,0,2,0,0,5,0,0,0,0,0,0,0,3,0,0,4,0,0,0,0,0,0,0,0,0,0,0,0,0,0,29,0,0,0,0,0,469,0,0,140,0,3,0,0,0,0,0,0,0,0,6,0,0,0,0,0,0,0,0,0,0,0,0,0,0,0,0,0,0,0,11,0,0,0,0,0,0,0,0,0,0,0,0,0,0,0,0,0,0,0,0,0,2,0,0,0,0,0,0,0,0,0,0,0,0,0,0,0,0,0,0,0,0,0,0,0,0,0,0,0,0,0,0,0,3,157,0,0,0,0,0,180,0,0,0,0,0,0,0,0,0,0,0,0,0,0,0,0,0,0,0,0,0,0,0,47,0,0,0,0,0,0,0,0,0,0,0,0,0,0,0,0,0,0,0,0,0,0,0,0,0,0,0,0,0,0,0,0,0,0,0,0,0,0,0,0,0,0,0,0,0,0,0,0,0,0,0,0,0,0,0,0,0,2,0,0,140,0,2,0,0,0,0,0,0,0,0,0,0,0,0,0,0,0,0,0,0,0,0,0,0,0,0,0,0,0,0,0,0,0,0,0,0,0,0,0,0,4,0,0,0,0,0,0,0,0,0,0,0,0,0,0,0,0,0,0,45,0,0,0,0,0,0,0,0,0,0,0,0,0,0,0,0,0,0,0,0,0,0,0,0,6,0,0,0,0,0,0,0,0,120,31,58,0,0,0,0,0,0,0,0,0,0,0,0,0,460,0,0,0,0,0,0,0,0,2,0,0,0,0,0,0,0,0,0,0,27,0,0,0,0,0,0,0,0,0,0,0,0,0,0,0,0,0,0,0,0,0,0,0,0,1022,0,0,0,4,0,0,5,2,0,0,0,0,0,9,0,0,0,0,0,0,0,0,0,0,0,0,0,0,0,0,0,0,0,0,0,0,0,0,0,0,0,0,0,0,0,0,0,0,0,0,0,0,0,0,0,0,0,0,0,0,7,0,0,0,0,0,0,0,0,0,0,0,0,0,0,0,0,0,0,0,2,0,0,0,0,0,0,0,3,0,0,2,0,0,0,0,0,0,0,0,0,0,0,0,0,0,0,0,0
"D256",0,0,0,0,0,0,0,0,0,0,0,0,0,0,0,0,0,0,0,0,0,0,0,0,0,0,0,0,0,0,0,0,0,0,0,0,0,0,0,0,0,0,0,0,0,0,0,0,0,0,0,0,0,0,0,0,0,0,0,0,0,0,0,0,0,0,0,0,0,0,0,0,0,0,22,0,0,0,0,0,0,0,0,0,0,0,0,0,0,0,0,0,0,0,0,0,0,0,0,0,0,0,0,0,0,0,0,0,0,0,0,0,0,0,0,0,0,0,0,0,0,0,0,0,0,0,0,0,0,0,0,0,0,0,0,0,0,0,0,0,0,0,0,0,0,0,0,0,0,0,0,0,0,0,0,0,0,0,0,0,0,0,0,0,0,0,0,0,0,0,0,0,0,0,0,0,0,0,0,0,0,0,0,0,0,0,0,0,0,0,0,0,0,0,0,0,0,0,0,0,0,0,0,0,0,0,0,0,0,0,0,0,0,0,0,0,0,0,0,0,0,0,0,0,0,0,7,0,0,0,0,0,0,0,0,0,0,0,0,0,0,0,0,3,0,0,0,0,0,0,0,0,0,0,0,0,0,0,0,0,0,0,0,0,0,0,0,0,0,0,0,0,0,0,0,0,0,0,0,0,0,0,0,0,0,0,0,0,0,0,0,0,0,0,0,0,0,0,0,0,0,0,0,0,0,0,0,0,0,0,0,0,1147,0,0,0,0,0,0,0,0,0,0,0,0,0,0,0,0,0,0,0,0,0,0,0,0,0,0,25,0,0,2,0,0,0,0,0,0,0,0,0,0,0,0,0,0,0,0,0,0,0,0,0,0,0,0,0,0,0,0,0,0,0,0,2,0,0,0,0,0,0,0,0,0,0,0,0,0,0,0,0,0,0,0,0,0,0,0,0,0,0,0,0,0,0,0,0,0,0,0,0,0,0,0,0,0,0,0,0,0,0,0,0,0,0,0,0,0,0,0,0,0,0,0,0,0,0,0,0,6,0,0,0,0,0,0,0,0,0,0,0,0,39,0,0,0,0,0,0,0,0,0,0,0,0,20,0,0,0,0,0,0,0,0,0,0,0,0,0,0,0,0,0,0,0,0,0,0,0,0,729,0,0,0,0,0,0,0,0,0,0,0,0,0,0,0,0,0,0,0,0,0,0,0,0,0,0,0,0,0,0,0,0,0,0,0,0
"D257",0,0,0,0,0,0,0,0,0,0,0,0,0,0,0,0,0,0,0,0,0,0,0,0,0,0,0,0,0,0,0,0,0,0,0,0,0,0,0,0,0,0,0,0,0,0,0,0,0,0,0,0,0,0,0,0,0,0,0,0,0,0,0,0,0,0,0,0,0,0,0,0,0,0,0,0,0,0,0,0,0,0,0,0,0,0,0,0,0,0,0,0,0,0,0,0,0,0,0,0,0,0,0,0,0,0,0,0,0,0,0,0,0,0,0,0,0,0,0,0,0,0,0,0,0,0,0,0,0,0,0,0,0,0,0,0,0,0,0,0,0,0,0,0,0,0,0,0,0,0,0,0,0,0,0,0,0,0,0,0,0,0,0,0,0,0,0,0,0,0,0,0,0,0,0,0,0,0,0,0,0,0,0,0,0,0,0,0,0,0,0,0,0,0,0,0,0,0,0,0,0,0,0,0,0,0,0,0,0,0,0,0,0,0,0,0,0,0,0,0,0,0,0,0,0,0,0,0,0,0,0,0,0,0,0,0,0,0,0,0,0,0,0,0,0,0,0,0,0,0,0,0,0,0,0,0,0,0,0,0,0,0,0,0,0,0,0,0,0,0,0,0,0,0,0,0,0,0,0,0,0,0,0,0,0,0,0,0,0,0,0,0,0,0,0,0,0,0,0,0,0,0,0,0,0,0,0,0,0,0,0,0,0,0,0,0,0,0,0,0,0,0,0,0,0,0,0,0,0,0,0,0,0,0,0,0,0,0,0,0,0,0,0,0,0,0,0,0,0,0,0,0,0,0,0,0,0,0,0,0,0,0,0,0,0,0,0,0,0,0,0,0,0,0,0,0,0,0,0,0,0,0,0,0,0,0,0,0,0,0,0,0,0,0,0,0,0,0,0,0,0,0,0,0,0,0,0,0,0,0,0,0,0,0,0,0,0,0,0,0,0,0,0,0,0,0,0,0,0,0,0,0,0,0,0,0,0,0,0,0,0,0,0,0,0,0,0,0,0,0,0,0,0,0,0,0,0,0,0,0,0,0,0,0,0,0,0,0,0,0,0,0,0,0,0,0,0,0,0,0,0,0,0,0,0,0,0,0,0,0,0,0,0,0,0,0,0,0,0,0,0,0,0,0,0,0,0,0,0,0,0,0,0,0,0,0,0,0,0,0,0,0,0,0,0,0,2,0
"D258",29,0,0,213,0,0,0,0,0,0,8,0,0,0,0,0,0,0,0,0,0,133,0,0,0,0,0,59,0,42,0,0,0,65,8,10,0,0,12,0,0,0,0,0,0,0,0,6,0,3223,0,24,24,0,0,0,0,0,26,0,115,0,0,0,0,0,0,0,0,0,19,0,0,0,0,0,0,1,4,35,0,0,0,0,12,0,0,0,0,0,0,0,0,0,0,0,0,0,0,56,78,0,0,0,8792,0,1547,0,0,0,42,20,0,0,0,0,0,0,0,96,2,0,0,78,0,0,0,72,5,0,0,6,0,0,0,0,36,0,0,0,0,0,0,66,0,0,0,0,0,0,0,0,61,0,845,0,0,0,0,149,0,0,0,115,0,0,15,0,0,2,0,91,0,21,57,0,0,0,0,0,0,0,0,0,0,0,0,0,0,8,0,8,0,0,0,68,73,0,26,0,0,11,0,0,0,0,0,0,0,0,0,0,246,0,0,0,0,0,29,0,0,19,0,0,0,0,0,0,0,0,0,399,0,125,0,41,0,0,32,0,0,0,0,3,48,0,0,0,0,0,0,0,0,36,151,0,0,16,19,4,0,0,16,0,0,0,0,0,0,0,0,0,0,0,129,4,0,0,0,0,0,0,39,0,0,0,0,0,0,0,0,0,0,30,0,0,0,0,0,0,0,0,12,0,0,0,0,0,0,0,0,11,0,0,0,0,0,7,0,0,0,0,0,0,0,0,0,8,3,0,8,21,0,0,0,0,0,0,0,0,0,0,95,0,0,0,0,0,0,0,0,0,0,0,0,0,0,0,0,0,0,0,0,0,0,0,0,0,81,23,0,0,4,0,0,0,0,0,0,0,0,0,0,0,0,0,22,0,7,17,0,0,0,0,0,0,0,18,0,47,0,0,0,0,0,0,184,34,79,50,0,0,0,17,0,0,9,0,0,71,97,0,0,0,0,2,0,0,8,0,0,0,25,0,0,1,29,0,0,0,0,0,0,0,0,0,0,0,0,0,7,0,0,907,7,1,0,0,15,0,0,2,0,0,0,91,0,0,0,0,65,0,0,0,0,0,0,0,0,0,0,0,0,0,0,6,0,0,0,0,6,0,0,0,0,0,0,0,134,107,0,0,0,0,0,0,0,0,0,0,0,0,0,0,0,24,0,0,0,0,0,0,0,0,0,0,6300,0
"D259",0,0,0,0,0,0,0,6,0,6,0,289,0,0,0,0,0,0,5,0,0,13,0,0,0,0,0,0,0,0,0,0,0,136,0,0,0,2,0,0,0,0,0,0,0,0,0,0,0,0,52,0,1043,0,0,0,0,0,0,0,0,1498,0,89,0,0,0,0,0,0,0,5,0,5,0,43,0,0,0,0,0,0,0,0,0,0,0,0,0,0,26,4,0,0,0,0,0,0,16,0,0,0,0,0,0,0,0,0,0,0,0,0,55,0,70,0,0,111,0,0,0,0,0,0,0,14,0,0,0,1,1719,0,0,579,0,0,0,0,0,9,0,0,0,0,0,0,0,0,0,0,0,0,0,0,0,0,0,14,7,210,0,0,0,0,0,0,0,0,0,0,0,12,0,0,0,6,0,0,0,0,0,0,0,0,0,8,0,0,0,0,0,9,0,2,0,2,0,0,0,0,0,0,0,0,0,0,0,0,0,0,0,0,0,0,160,0,0,0,0,0,0,0,14,17,0,0,0,20,0,0,0,0,0,0,0,0,17,0,0,0,0,0,0,14,0,0,0,0,0,0,3,0,42,0,5,5,0,0,0,0,12,0,0,0,0,0,0,0,9,793,0,6,0,0,77,0,0,0,0,15,0,0,0,0,0,0,0,1,0,0,0,0,7,0,0,0,8,0,244,0,0,0,0,0,0,24,0,2394,0,0,0,213,117,0,0,0,0,0,0,0,0,0,0,0,0,0,0,0,0,0,0,0,0,0,0,0,0,0,0,0,0,0,0,0,5,0,0,0,0,0,0,0,0,26,0,203,0,0,0,75,0,0,0,0,0,0,0,0,0,0,0,3,0,0,0,0,17,15,0,0,0,69,0,0,4,0,22,820,0,0,0,0,0,0,0,0,79,0,267,0,0,0,0,0,0,0,0,0,467,0,0,0,0,0,262,0,0,0,0,0,0,0,0,0,0,0,0,19,0,0,0,0,0,0,0,0,4,14,0,0,13,162,0,0,0,0,0,0,0,0,0,0,0,0,0,0,26,20,0,0,0,0,0,0,0,0,0,0,0,0,0,0,0,0,0,0,0,2,0,1,0,0,0,0,77,948,0,0,0,11,0,0,0,86,3,0,0,2,0,0,0,0,0,0,0,0,0,0,0,0,0,0,0,0,0,0,0,0,0,45,0,3,0,0,0,0,0,3
"D260",0,37,29,0,3,12,1,0,0,0,0,0,306,0,3,0,20,24,0,99,2,0,29,426,8,5,18,0,6,116,3,128,0,9,0,0,5,5,0,3,75,0,166,0,234,28,109,13,9,0,1,11,0,0,0,53,114,5,2,0,0,0,120,0,0,0,0,0,3,0,0,6,15,0,0,0,6,0,0,0,30,0,0,0,0,78,0,0,0,12,0,0,0,4,4,0,0,0,0,41,0,0,39,0,0,0,0,17,0,29,0,0,0,13,17,39,0,0,1176,0,1,2,148,0,0,0,4,0,0,0,4,9,20,0,67,0,0,8,11,0,16,21,3,0,0,0,0,258,27,16,0,48,0,4,0,0,5,51,0,15,1,0,6,0,2,1,4,8,0,0,9,0,0,0,0,48,22,13,0,8,21,10,0,14,15,76,294,12,0,0,2,12,29,2,0,0,0,16,0,1,0,3,0,5510,0,111,141,0,8,0,0,0,0,2,0,3,999,23,0,0,0,0,135,20,0,71,0,0,2,0,23,0,66,0,174,0,61,0,0,17,1,2,8,0,0,0,0,22,8,29,25,1,163,0,0,3,2,0,0,2,2,2,0,0,95,283,0,2,48,30,34,0,27,33,21,0,0,136,31,0,0,69,0,33,6,8,17,0,0,39,45,13,64,0,0,100,29,50,13,54,110,0,14,16,1,0,643,0,0,82,0,0,0,8,115,78,74,0,0,4,5,0,0,0,75,0,0,0,24,0,3,4,12,12,0,1,69,239,0,0,108,0,0,0,160,0,0,0,0,911,9,115,18,0,0,1,1,0,0,0,0,28,9,0,0,0,0,11,0,69,0,2,0,0,1,0,15,0,5,36,664,0,8,9,0,0,36,0,0,0,7,3,9,0,182,366,0,88,0,4,3,12,0,5,2,89,0,0,0,0,5,8,0,0,7,96,0,0,0,0,0,66,0,7,23,0,2,0,2,0,0,8,7,383,0,0,0,668,454,12,0,2,0,16,28,0,23,14,9,9,8,58,244,0,0,2,4,4,12,10,242,8,7,19,232,0,0,0,0,4,0,0,0,10,0,8,18,13,6,52,0,36,2,58,0,0,43,44,0,138,0,0,8,2,10,4,4,117,0,0,25,0,17,40,3,77,344,12,0,0,15,14,0,0,49,0,0,3,12,0,0,302,0,0,3,14,5,0
"D261",0,0,0,0,0,0,0,0,0,0,0,0,0,0,0,0,0,0,0,0,0,0,0,0,0,0,0,0,0,0,0,0,0,0,2,0,0,0,0,0,0,0,0,0,0,0,0,0,0,0,0,37057,0,0,0,0,0,0,0,0,0,0,0,0,0,1,0,0,0,0,0,0,0,0,0,0,0,0,0,0,0,0,0,0,0,0,0,0,0,0,0,0,0,0,0,0,0,0,0,0,0,0,0,0,22,0,0,0,0,0,5,4,0,0,0,0,0,0,0,5,0,0,0,2,0,0,0,0,0,0,0,0,0,0,0,0,0,0,0,0,0,0,0,0,0,0,0,0,0,0,0,0,0,0,0,0,0,0,0,0,0,0,0,0,0,0,0,0,0,0,0,9,0,0,0,0,0,0,0,0,0,0,0,0,0,0,0,0,0,0,0,0,0,0,0,3,0,0,0,0,0,0,0,0,0,0,0,0,0,0,0,0,0,0,0,0,0,0,0,0,0,0,0,0,0,0,0,0,0,0,0,2,0,2,0,0,0,0,0,0,0,0,0,0,0,0,0,0,0,0,0,0,0,0,0,0,0,0,0,0,0,0,0,0,0,0,0,0,0,0,0,0,0,0,0,0,0,0,0,0,0,0,0,0,0,0,0,0,0,0,0,0,0,0,0,0,0,0,0,0,0,0,0,0,0,0,0,0,0,0,0,0,0,0,0,0,0,0,0,0,0,0,0,0,0,0,0,0,0,0,0,0,0,0,0,0,0,0,0,0,0,0,0,0,0,0,0,0,0,0,0,0,0,0,0,0,0,0,0,0,0,0,0,0,0,0,3,0,0,0,0,0,0,0,0,0,0,0,0,0,0,0,0,0,0,0,0,0,0,0,0,0,0,0,0,0,0,0,0,0,0,0,0,0,0,0,0,0,0,0,0,0,0,0,0,0,0,0,0,0,7,0,27352,0,0,0,0,0,0,0,0,0,0,0,0,0,0,0,0,0,0,0,0,0,0,0,0,0,0,0,3,0,0,1,0,0,0,0,0,0,0,0,0,0,0,0,0,0,0,0,0,0,0,0,0,0,0,0,0,0,0,0,0,0,0,0,0,0,0,0,0,0,0,0,0,0,0,0,0,0,0,0,0,0,0,0,0,0,0,0,0,0,0,0,0,0,0,0,0,0,0,0,0,0,0,0,0,0
"D262",0,0,0,0,0,0,0,0,0,0,0,0,0,0,0,0,0,0,0,0,0,0,0,0,0,0,0,0,0,0,0,0,0,0,0,0,0,0,0,0,0,0,0,0,0,0,0,0,0,0,0,0,0,0,0,0,0,0,0,0,0,0,0,0,0,0,0,0,0,0,0,0,0,0,0,0,0,0,0,0,0,0,0,0,0,0,0,0,0,0,0,0,0,0,0,0,0,0,0,0,0,0,0,0,2,0,0,0,0,0,0,0,0,0,0,0,0,0,0,0,0,0,0,0,0,0,0,0,0,0,0,0,0,0,0,0,0,0,0,0,0,0,0,0,0,0,0,0,0,0,0,0,0,0,0,0,0,0,0,0,0,0,0,0,0,0,0,0,0,0,0,0,0,0,0,0,0,0,0,0,0,0,0,0,0,0,0,0,0,0,0,0,0,0,0,3,0,0,0,0,0,0,0,0,0,0,0,0,0,0,0,0,0,0,0,0,0,0,0,0,0,0,0,0,0,0,0,0,0,0,0,0,0,0,0,0,0,0,0,0,0,0,0,2,0,0,0,0,0,0,0,0,0,0,0,0,0,0,0,0,0,0,0,0,0,0,0,0,0,0,0,0,0,0,0,0,0,0,0,0,0,0,0,0,0,0,0,0,0,0,0,0,0,0,0,0,0,0,0,0,0,0,0,0,0,0,0,0,0,0,0,0,0,0,0,0,0,0,0,0,0,0,0,0,0,0,0,0,0,0,0,0,0,0,0,0,0,0,0,0,0,0,0,0,0,0,0,0,0,0,0,0,0,0,0,0,0,0,0,0,0,0,0,0,0,0,0,0,0,0,0,0,0,0,0,0,0,0,0,0,0,0,0,0,0,0,0,0,0,0,0,0,0,0,0,0,0,0,0,0,1482,0,0,0,0,0,0,0,0,0,0,0,0,0,0,0,0,0,0,0,0,0,0,0,0,0,0,0,0,0,0,0,0,0,0,0,0,0,0,0,0,0,0,0,0,0,0,0,0,0,0,0,0,110,0,0,0,0,0,0,0,0,0,0,0,0,0,0,0,0,0,0,0,0,0,0,0,0,0,0,0,0,0,0,0,0,0,0,0,0,0,0,0,0,0,0,0,0,0,0,0,0,0,0,0,0,0,0,0,0,0,0,0,0,0,0,0,0,0,0,0,0,0,0,0,0,0,0
"D263",0,0,0,0,0,0,0,0,0,0,0,0,0,0,0,0,0,0,0,0,0,0,0,0,0,0,0,0,0,0,0,0,0,0,0,0,0,0,0,0,0,0,0,0,0,0,0,0,0,0,0,0,0,0,0,0,0,0,0,0,0,0,0,0,0,0,0,0,0,0,0,0,0,0,0,0,0,0,0,0,0,0,0,0,0,0,0,0,0,0,0,0,0,0,0,0,0,0,0,0,2,0,0,0,0,0,0,0,0,0,9,0,0,0,0,0,0,0,0,0,0,0,0,0,0,0,0,0,0,0,0,0,0,0,0,0,0,0,0,0,0,0,0,0,0,0,0,0,0,0,0,0,0,0,0,0,0,0,0,0,0,0,0,0,0,0,0,0,0,0,0,0,0,0,0,0,0,0,0,0,0,0,0,0,0,0,0,0,0,0,0,0,0,0,0,27,0,0,0,0,0,67,0,0,0,0,0,0,0,0,0,0,0,0,0,0,0,0,206,0,0,0,0,0,0,0,0,0,0,0,0,0,0,0,0,0,0,0,2701,0,0,0,0,0,0,0,0,0,0,0,0,0,0,0,0,0,0,0,0,0,0,0,0,0,0,0,0,0,0,0,0,0,0,0,0,0,0,0,0,0,0,0,0,0,0,0,0,0,0,0,0,0,0,0,0,0,0,0,0,0,0,0,0,0,0,0,0,0,0,0,0,0,0,0,0,0,0,2563,0,0,0,0,0,0,0,0,0,0,0,0,0,0,0,0,0,0,0,0,0,0,0,0,0,0,0,0,0,0,0,0,0,0,0,0,0,0,0,0,0,0,0,0,0,0,0,0,0,0,0,0,0,0,0,0,0,64,0,0,0,0,0,0,0,0,0,0,0,0,5345,0,0,0,0,0,0,0,0,0,0,0,0,0,0,0,0,0,0,0,0,0,0,0,0,0,0,0,0,0,0,0,0,0,0,0,0,0,0,1591,0,0,0,0,0,0,0,7,0,0,0,0,437,0,0,0,0,0,0,0,0,0,0,0,0,5,0,0,0,0,0,0,0,0,0,0,0,0,0,0,0,0,0,0,0,0,0,0,0,0,0,0,0,0,0,0,0,0,0,0,0,0,5,0,0,0,0,0,0,0,0,0,0,0,0,0,0,0,0,0,0,0,0,0,0,0,0,0,0,0,0,0,0,0,0,0,0,0,0,0
"D264",0,0,0,2,0,0,0,0,0,0,0,0,0,0,0,0,0,0,0,0,0,0,0,0,0,0,0,0,0,0,0,0,0,0,0,0,0,0,0,0,0,0,0,0,0,0,0,0,0,0,0,0,0,0,0,0,0,0,0,0,0,0,0,0,0,0,0,0,0,0,0,0,0,0,0,0,0,0,0,0,0,0,0,0,0,0,0,0,0,0,0,0,0,0,0,0,0,0,0,0,0,0,0,0,0,0,0,0,0,0,0,0,0,0,0,0,0,0,0,0,0,0,0,0,0,0,0,0,0,0,0,0,0,0,0,3574,0,0,0,0,0,0,0,0,0,0,0,0,0,0,0,0,0,0,0,0,0,0,0,0,0,0,0,0,0,0,0,0,0,0,0,0,0,0,0,0,0,0,0,0,0,0,0,0,0,0,0,0,0,0,0,0,0,0,0,0,0,0,0,0,0,0,0,0,0,0,0,0,0,0,0,0,0,0,0,0,0,0,0,0,0,0,0,0,0,0,0,0,0,0,0,0,0,0,0,0,0,0,0,0,0,0,0,0,0,0,0,0,0,0,0,0,0,0,0,0,0,0,0,0,0,0,0,0,0,0,0,0,0,17,0,0,0,0,0,2,0,0,0,0,0,0,0,0,0,0,0,0,0,0,0,0,0,0,0,0,0,0,0,0,0,0,0,0,0,0,0,0,0,0,0,0,0,0,0,0,0,0,0,0,0,0,0,0,0,0,0,0,0,0,0,0,0,0,0,0,0,0,0,0,0,0,0,0,0,0,0,0,0,0,0,0,0,0,0,0,0,0,0,0,0,0,0,0,0,0,0,0,0,0,0,0,0,0,0,0,0,0,0,0,0,0,0,0,0,0,0,0,0,0,0,0,0,0,0,0,0,0,0,0,0,0,0,0,0,0,0,0,0,0,0,0,0,0,0,0,0,0,0,0,0,0,0,0,0,0,0,0,0,0,0,0,0,0,0,0,0,0,0,0,0,0,0,0,0,0,0,0,0,0,0,0,0,0,0,0,0,0,0,0,0,0,0,0,0,0,0,0,0,0,0,0,0,0,0,0,0,0,0,0,0,0,0,0,0,0,0,0,0,0,0,0,0,0,0,0,0,0,0,0,0,0,0,0,0,0,3,0,0,0,0,0,0,0,0,0,0,0,0,0,0,0,0,0,0,0,0,0
"D265",0,31,6,0,0,7,2,0,0,0,0,0,0,0,12,0,7,6,0,80,4,0,13,70,8,0,25,0,0,1,2,101,1,6,0,39,3,1,0,0,0,0,80,0,177,0,21,0,34,0,0,5,0,11,0,57,139,6,0,2,0,0,145,0,0,0,0,0,9,1,0,5,27,0,0,0,1,0,0,0,43,3,0,0,24,22,0,0,6,10,3,2,63,6,1,13,0,3,0,0,0,0,142,8,0,4,0,16,0,0,0,0,0,0,0,0,0,0,177,0,3,5,22,0,0,0,1,0,0,0,0,21,2,0,6,0,0,8,7,15,33,2,2,0,0,44,2,83,30,30,10,0,0,4,0,17,7,102,0,1,0,0,7,0,4,0,14,6,6,2,0,0,0,0,0,3,15,0,0,3,21,18,0,0,9,14,36,6,22,0,5,6,44,0,1,0,0,1,0,3,0,2,0,2831,0,99,16,0,2,1,4,0,0,2,0,8,99,22,0,0,0,0,39,13,1,2,0,0,1,0,14,0,31,0,32,83,21,30,0,7,3,9,12,0,0,1,37,21,0,16,14,0,261,0,0,7,0,0,0,2,6,0,2,0,26,5,0,3,17,28,23,0,53,38,6,0,0,0,17,0,99,7,0,16,19,4,1,0,8,42,6,7,51,0,11,0,76,5,59,19,96,0,0,10,0,0,156,0,0,45,0,0,0,8,21,108,104,0,0,4,3,0,0,0,48,0,0,0,14,0,3,4,0,16,1,16,7,246,0,0,76,13,0,0,21,1,0,0,0,155,5,8,0,0,1,0,4,0,0,0,0,0,0,5,0,0,0,0,0,56,4,2,0,0,0,0,8,0,5,0,203,0,19,0,0,0,50,0,0,0,9,0,19,0,118,32,0,26,0,0,2,5,0,5,3,31,3,0,12,0,5,1,0,0,21,56,0,0,0,0,0,28,0,7,21,0,3,0,13,0,0,0,1,100,0,0,0,501,655,16,0,0,10,16,39,0,15,14,13,24,22,164,64,0,0,41,14,8,55,6,189,4,6,0,99,0,0,24,0,0,0,0,0,18,19,9,19,2,6,41,0,17,2,19,0,0,80,4,2,43,0,0,4,2,1,2,0,35,2,4,7,0,25,79,0,10,50,12,0,0,11,0,3,0,18,0,0,0,9,0,2,404,21,0,10,7,0,0
"D266",0,0,0,0,0,0,0,0,0,0,0,0,0,0,0,0,0,0,0,0,0,0,0,0,0,0,0,0,0,11,0,0,0,0,0,0,0,0,0,0,0,0,0,0,0,0,0,0,0,0,0,0,0,6,0,0,0,0,0,0,0,0,0,0,0,0,0,0,0,0,0,0,0,0,120,0,0,0,0,0,0,0,0,0,0,0,0,0,0,0,0,0,0,0,0,0,0,0,0,0,22,0,0,0,0,0,0,0,0,0,0,0,0,0,0,0,0,0,0,0,0,0,0,0,0,0,0,0,0,0,0,0,0,0,0,0,0,0,0,0,0,0,0,0,0,0,0,0,0,0,0,0,0,0,0,0,0,0,0,0,0,0,0,0,0,0,0,0,0,0,0,0,0,0,0,0,0,0,0,0,0,0,0,0,0,0,0,0,0,0,0,0,0,0,0,0,0,0,0,0,0,1000,0,0,0,0,0,0,0,0,0,0,0,0,0,0,0,0,0,0,0,0,0,0,0,0,118,0,8,0,0,0,0,0,0,0,0,0,0,0,0,0,0,0,0,0,0,0,0,0,0,0,0,0,0,0,0,0,0,0,0,0,0,0,0,0,0,0,0,0,0,0,0,0,0,0,0,0,0,0,0,0,0,0,0,0,0,0,0,0,0,0,0,0,0,0,0,0,0,0,0,0,0,0,0,0,0,0,0,0,0,0,0,0,0,0,0,0,0,0,0,0,0,0,0,0,0,0,0,0,0,0,0,0,0,0,0,0,0,126,0,0,0,0,0,0,0,0,0,0,0,0,0,0,0,0,0,0,0,0,0,0,0,0,0,0,0,0,0,0,0,0,0,0,0,0,0,0,0,2,0,0,0,0,0,0,0,0,0,0,0,0,0,0,0,0,0,0,0,0,4,0,0,0,0,0,0,0,0,0,0,0,0,0,0,0,0,0,0,3,0,0,0,0,0,0,0,0,0,322,0,0,0,0,0,0,0,0,0,0,259,0,0,0,0,0,0,0,0,0,0,0,0,8,0,0,0,0,0,0,0,0,0,0,0,0,661,0,0,0,0,0,0,0,0,0,0,0,0,0,0,0,0,0,0,0,0,0,0,0,0,11773,0,0,0,0,0,0,0,0,0,0,0,0,0,0,390,0,0,0,0,0,0,0,0,0,0,0,0,0,0,0,0,0,0,0,0,0
"D267",0,0,0,0,0,0,0,0,0,0,0,0,0,0,0,0,0,0,0,0,0,0,0,0,0,0,0,0,0,0,0,0,0,0,0,0,0,0,0,0,0,0,0,0,0,0,0,0,0,0,0,0,0,0,0,0,0,0,0,12,0,0,0,0,0,0,0,0,0,0,0,0,0,0,0,0,0,0,0,0,0,0,0,639,0,0,3,0,0,0,0,0,0,0,0,0,78,0,0,0,0,0,0,0,0,0,0,0,0,0,0,0,0,0,0,0,0,0,0,0,0,0,0,0,4761,0,0,0,0,0,0,0,0,0,0,0,0,0,0,0,0,0,0,0,0,0,0,0,0,0,0,0,0,0,0,0,0,0,3,0,0,0,0,0,0,0,0,0,0,0,0,0,995,0,0,0,0,0,0,0,0,0,29,0,0,0,0,0,0,0,0,0,0,0,0,0,0,0,0,0,0,0,0,0,0,0,0,0,0,0,0,0,0,0,0,0,0,0,0,0,0,0,0,0,0,0,0,0,0,0,0,0,0,0,0,0,0,0,0,0,0,0,0,0,0,0,0,0,0,0,0,0,0,0,0,0,0,0,0,0,0,0,0,0,0,0,0,0,0,0,0,0,0,0,0,0,0,0,0,0,0,0,0,0,0,0,0,0,0,0,0,0,0,0,0,0,0,0,0,0,0,444,0,0,0,0,0,0,0,0,0,4,0,0,0,0,0,0,0,0,0,0,101,0,0,0,0,0,0,45,0,0,0,0,0,0,0,0,0,0,0,0,0,0,0,0,0,0,0,0,0,0,0,0,0,0,0,869,91,0,0,0,0,0,123,0,0,0,0,0,0,0,0,0,0,0,0,0,0,0,0,0,0,0,0,486,0,0,0,0,0,0,0,2226,0,0,0,0,0,0,0,0,0,0,0,0,0,0,0,0,0,0,0,0,0,0,0,174,463,0,0,0,0,0,0,0,0,0,0,0,0,0,0,0,189,0,0,0,0,0,0,0,0,0,0,0,0,0,0,0,0,0,0,0,0,0,0,0,0,0,0,0,0,0,0,0,0,0,0,0,0,0,0,0,0,0,0,0,0,0,944,0,0,0,0,3,0,0,0,0,0,0,0,0,0,0,0,0,0,0,0,0,0,0,0,0,0,0,0,0,0,0,0,0,0,0,4371,0,0,2,0,0,0,0,0,0,0,0
"D268",0,0,0,0,2,0,0,0,0,0,0,0,0,0,0,0,0,0,0,0,0,0,0,0,0,0,0,0,0,0,0,0,0,0,0,0,0,0,0,0,0,0,0,0,0,0,0,0,0,0,0,0,0,0,0,0,0,0,0,0,0,0,0,0,0,0,0,0,0,0,0,0,0,0,0,0,0,0,0,0,0,0,0,0,0,0,0,0,0,0,0,0,0,0,0,0,0,0,0,0,0,0,0,0,0,0,0,0,0,0,0,0,0,0,0,0,0,0,0,0,0,0,0,0,0,0,0,0,0,0,0,0,0,0,0,1744,0,0,0,0,0,0,0,0,0,0,0,0,0,0,0,0,0,0,0,0,0,0,0,0,0,0,0,0,0,0,0,0,0,0,0,0,0,0,0,0,0,0,0,0,0,0,0,0,0,0,0,0,0,0,0,0,0,0,0,0,0,0,0,0,0,0,0,0,0,0,0,0,0,3,0,0,0,0,0,0,0,0,0,0,0,0,0,0,0,0,0,0,0,0,0,0,0,0,0,0,0,0,0,0,0,0,0,0,0,0,0,0,0,0,0,0,0,0,0,0,2,0,0,0,0,0,0,0,0,0,0,0,0,0,0,0,0,0,0,0,0,0,0,0,0,0,0,0,0,0,0,0,0,0,0,0,0,0,0,0,0,0,0,0,0,0,6,0,0,0,0,0,0,0,0,0,0,0,0,0,0,0,0,0,0,0,0,0,0,0,0,0,0,0,0,0,0,0,0,0,0,0,0,0,0,0,0,0,0,0,0,0,0,0,0,0,0,0,0,0,0,0,0,0,0,0,0,0,0,0,0,0,0,0,0,0,0,0,0,0,0,0,0,0,0,0,0,0,0,0,0,0,0,0,0,0,0,0,0,0,0,0,0,0,0,0,0,0,0,0,0,0,0,0,0,0,0,0,0,0,0,0,0,0,0,0,0,0,0,0,0,0,37,0,0,0,0,0,0,0,0,0,0,0,0,0,0,0,0,0,0,0,0,0,0,0,0,0,0,0,0,0,0,0,0,0,0,0,0,0,0,0,0,0,0,0,0,0,0,0,0,0,0,0,0,0,0,0,0,0,0,0,0,0,0,0,0,0,0,0,0,0,0,0,0,0,0,0,0,0,4,0,0,0,0,0,0,0,0,0,0,0,0,0,0,0,0,0,0,0,0,0
"D269",10,142,57,0,4,13,8,0,0,19,0,8,195,0,20,2,46,22,0,306,1,0,60,798,35,46,54,0,0,113,10,393,0,12,0,111,24,9,0,25,0,0,438,0,505,0,87,0,27,0,12,115,13,8,0,105,264,10,0,56,0,0,603,12,0,0,2,0,44,0,0,9,50,0,0,2,15,0,0,0,158,3,31,0,0,67,0,0,12,16,3,7,3,53,4,9,0,1,7,0,0,1,390,9,0,7,0,88,2,94,0,0,2,72,0,174,4,0,1224,0,1,2,171,0,0,0,0,0,0,0,8,28,43,0,149,0,0,59,81,31,142,23,4,0,0,178,9,307,137,43,0,74,0,8,0,70,3,5,0,10,0,1,17,0,1,27,0,29,0,8,79,0,0,0,0,26,58,32,0,34,60,97,0,43,100,145,460,29,23,0,2,27,203,0,1,0,0,22,4,15,4,0,0,6770,0,649,175,0,7,0,7,2,0,6,3,19,399,63,0,0,1,0,700,59,18,22,0,3,8,0,206,0,199,0,245,0,91,41,0,23,9,2,60,0,0,0,30,80,0,89,141,8,575,6,0,54,10,2,0,49,5,14,0,0,185,190,0,13,112,10,34,0,167,95,12,0,0,0,252,0,21,131,0,71,74,27,24,0,1,106,101,7,124,0,14,28,195,63,122,286,518,0,6,24,0,0,1253,0,0,114,0,0,0,63,134,463,272,0,0,26,33,6,0,3,276,0,30,0,72,0,2,8,7,52,5,17,112,636,0,0,317,79,0,0,383,4,0,4,8,1206,22,233,15,0,13,0,5,0,0,0,2,73,9,45,0,46,0,9,0,148,19,4,0,0,0,0,25,0,8,59,1013,0,40,9,0,0,28,16,0,0,87,1,63,0,254,558,2,305,0,0,0,45,0,9,7,129,0,0,0,0,11,1,23,5,39,117,0,0,0,0,0,141,0,80,145,0,40,0,160,0,2,0,12,284,0,0,0,1503,1018,26,0,0,18,22,45,0,134,53,168,109,69,144,161,0,0,6,23,84,147,26,490,35,19,34,300,0,0,37,0,5,0,1,0,28,50,68,48,19,0,112,0,34,0,115,0,0,63,18,5,342,0,0,65,37,31,8,33,288,0,0,14,0,97,178,5,54,108,9,0,0,0,10,6,0,85,0,0,0,29,0,0,834,36,0,2,19,0,0
"D270",0,0,12,0,0,0,0,7,0,77,0,7,0,24,0,0,40,17,37,0,21,0,0,0,0,38,0,0,0,0,6,201,0,0,0,0,0,0,0,7,0,2,0,14,0,7,0,0,0,0,6,0,22,0,0,0,0,0,0,20,0,0,0,6,3,0,0,0,5,52,0,19,0,6,0,31,4,0,3,0,4,0,0,19,0,0,0,0,0,0,0,0,5,169,0,23,0,17,12,0,0,5,191,0,0,2,0,32,0,0,0,0,0,12,0,0,0,954,0,0,2,2,6,0,0,23,0,0,0,69,4,0,0,15,0,0,0,0,0,38,0,3,0,0,182,8,0,0,0,0,0,0,0,0,0,0,11,199,14,0,14,0,0,0,3,23,0,0,26,0,48,0,3,0,0,15,0,73,40,0,3,8,0,0,68,0,2,0,0,0,0,0,0,0,0,0,0,0,60,8,0,0,122,0,26,0,0,0,0,0,8,4,0,8,0,2,0,0,0,1,8,0,105,0,0,0,0,84,0,0,3,0,0,0,1,0,0,0,0,0,2,0,0,0,0,0,0,0,0,13,116,7,54,0,3,1,0,0,0,0,197,0,0,0,0,424,0,3,0,10,0,0,0,0,0,0,707,0,5,8,0,0,0,0,1,10,0,0,16,0,0,0,0,0,1,5,4,0,0,0,0,0,0,0,0,0,0,0,0,48,0,4,9,0,0,0,3,0,0,0,0,7,69,35,26,0,5,0,0,21,0,0,0,0,0,0,0,2,0,0,0,21,0,0,0,0,18,2,0,0,2,45,0,26,0,0,2,0,22,150,13,2,3,0,7,6,0,7,0,0,5,2,0,0,0,0,9,0,81,0,0,39,0,0,7,0,224,17,0,0,0,0,3,2,6,24,24,0,224,0,0,0,20,0,0,0,0,0,4,0,0,2,21,0,88,2,0,21,0,0,0,0,0,57,19,0,7,0,42,0,0,0,2,0,0,0,8,4,0,0,0,0,10,0,11,1,13,2,0,0,0,0,0,0,0,0,6,117,11,0,15,0,6,0,4,0,0,0,1,0,0,19,0,1,3,0,0,16,0,52,11,0,0,0,553,0,0,5,0,120,0,0,12,0,5,1,16,37,0,0,2,238,0,0,0,0,0,11,0,3,24,2,0,51,18,0,0,61,0,9,24,8,0,6,0,2,0,5
"D271",0,0,0,0,0,0,0,0,4,0,0,0,0,0,0,0,0,0,0,0,0,0,0,0,0,0,0,0,0,0,0,0,0,0,0,0,0,0,0,0,0,0,0,0,0,0,0,0,0,0,0,0,0,0,0,0,0,0,0,0,0,0,0,0,0,0,0,0,0,0,0,0,0,0,36,0,0,0,0,0,0,0,0,0,0,0,0,0,0,0,0,0,0,0,0,0,0,0,0,0,0,0,0,0,0,0,0,5,0,0,0,0,0,0,0,0,0,0,0,0,0,0,0,0,0,0,0,0,0,0,0,0,0,0,0,0,0,0,0,0,0,0,0,0,0,0,0,0,0,0,0,0,0,0,0,0,0,0,0,0,0,0,0,0,0,0,0,0,0,0,0,0,0,0,0,0,0,0,0,0,0,0,0,0,0,0,0,0,0,0,0,0,0,0,0,0,0,0,0,0,0,12,0,0,0,0,0,0,0,0,0,0,0,0,0,0,0,0,0,0,0,0,0,0,0,0,12,0,0,27,0,0,0,0,0,0,0,0,0,0,0,0,0,3,0,0,0,0,0,0,0,0,0,0,0,0,0,0,0,0,0,0,0,0,0,0,0,0,0,0,0,0,0,0,0,0,0,0,0,0,0,0,0,0,0,0,0,0,0,0,0,0,0,0,0,0,0,0,0,0,0,0,0,0,0,0,0,0,0,0,0,0,0,0,0,0,0,0,0,0,0,0,0,0,0,0,0,0,0,0,0,0,0,0,0,0,0,0,0,12,0,0,0,0,0,0,0,0,0,0,0,0,0,0,0,0,0,0,0,0,0,0,0,0,0,0,0,0,0,0,0,0,0,0,0,1,0,0,0,0,0,0,0,0,0,0,0,0,0,0,0,0,0,0,0,0,0,0,0,0,0,0,0,0,0,0,0,0,0,0,0,0,0,0,0,0,0,0,0,0,0,0,0,0,0,0,0,0,0,4,0,0,0,0,0,0,0,0,0,0,23,0,0,0,0,0,0,0,0,0,0,0,0,124,0,0,0,0,0,0,0,0,0,0,0,0,123,0,0,0,0,0,0,0,0,0,0,0,0,0,0,0,0,0,0,0,0,0,0,0,0,844,0,0,0,0,0,0,0,0,0,0,0,0,0,0,1387,0,0,0,0,2,0,0,0,0,0,0,0,0,0,0,0,0,0,0,0,0
"D272",0,0,0,0,0,0,0,0,0,0,0,0,0,0,0,0,0,0,0,0,0,0,0,0,0,0,0,0,0,0,0,0,0,0,0,0,0,0,0,0,0,0,0,0,0,0,0,0,0,0,0,0,0,0,0,0,0,0,0,0,0,0,0,0,0,0,0,0,0,0,0,0,0,0,30,0,0,0,0,0,0,0,0,0,0,0,0,0,0,0,0,0,0,0,0,0,0,0,0,0,0,0,0,0,0,0,0,0,0,0,0,0,0,0,0,0,0,0,0,0,0,0,0,0,0,0,0,0,0,0,0,0,0,0,0,0,0,0,0,0,0,0,0,0,0,0,0,0,0,0,0,0,0,0,0,0,0,0,0,0,0,0,0,0,0,0,0,0,0,0,0,0,0,0,0,0,0,0,0,0,0,0,0,0,0,0,0,0,0,0,0,0,0,0,0,0,0,0,0,0,0,0,0,0,0,0,0,0,0,0,0,0,0,0,0,0,0,0,0,0,0,0,0,0,0,0,70,0,0,21,0,0,0,0,0,0,0,0,0,0,0,0,0,0,0,0,0,0,0,0,0,0,0,0,0,0,0,0,0,0,0,0,0,0,0,0,0,0,0,0,0,0,0,0,0,0,0,0,0,0,0,0,0,0,0,0,0,0,0,0,0,0,0,0,0,0,0,0,0,0,0,0,0,0,0,0,0,0,0,0,0,0,27,0,0,0,0,0,0,0,0,0,0,0,0,0,0,0,0,0,0,0,0,0,0,0,0,0,0,35,0,0,0,0,0,0,0,0,0,0,0,0,0,0,0,0,0,0,0,0,0,0,0,0,0,0,0,0,0,0,0,0,0,0,0,2,0,0,0,0,0,0,0,0,0,0,0,0,0,0,0,0,0,0,0,0,0,0,0,0,16,0,0,0,0,0,0,0,0,0,0,0,0,0,0,0,0,0,0,0,0,0,0,0,0,0,0,0,0,0,0,0,0,0,0,0,0,0,0,0,349,0,0,0,0,0,0,0,0,0,0,0,0,27,0,0,0,0,0,0,0,0,0,0,0,0,148,0,0,0,0,0,0,0,0,0,0,0,0,0,0,0,0,0,0,0,0,0,0,0,0,4207,0,0,0,0,0,0,0,0,0,0,0,0,0,0,4,0,0,0,0,0,0,0,0,0,0,0,0,0,0,0,0,0,0,0,0,0
"D273",2,7,3,0,0,3,0,0,0,0,0,0,12,0,7,0,22,10,0,103,7,0,8,367,6,14,12,0,0,103,5,176,0,0,0,0,17,6,0,0,0,0,121,0,856,43,87,0,13,0,3,5,0,1,0,97,196,4,0,6,0,0,380,0,6,0,0,0,0,0,0,6,31,0,0,0,0,0,0,0,119,0,7,0,0,1,0,0,11,0,0,0,89,13,1,0,0,0,0,0,0,0,111,7,0,1,0,27,0,0,0,0,1,0,6,0,0,0,136,0,0,0,37,0,0,3,3,0,0,0,0,17,3,0,1,0,0,18,1,0,29,3,0,0,0,107,9,292,0,57,0,2,0,3,0,0,3,191,0,0,0,0,0,0,0,0,0,6,0,0,0,0,0,0,0,8,0,4,0,11,1,7,0,0,11,2,0,2,10,0,2,9,194,0,0,0,0,16,0,3,0,0,0,8287,0,19,30,0,0,0,1,0,0,12,0,0,195,6,0,2,0,0,0,4,0,0,0,0,0,0,9,0,30,0,18,6,21,49,0,6,0,17,0,0,0,0,42,23,0,12,26,0,270,0,0,11,10,0,0,4,0,0,0,0,97,42,0,0,69,31,63,0,12,40,9,0,0,43,2,0,33,0,0,13,4,0,7,0,0,14,3,6,4,0,15,0,44,139,27,84,46,0,0,5,0,0,280,0,0,69,3,0,0,6,85,125,93,0,0,0,14,9,0,0,67,1,0,0,26,0,0,0,0,19,0,11,23,768,0,0,173,72,0,0,52,0,3,0,2,132,0,19,3,0,1,0,0,0,0,0,0,0,0,0,0,0,0,10,0,23,8,3,0,0,1,0,0,0,3,7,185,18,22,2,0,0,226,1,0,0,3,0,42,0,200,153,0,12,0,0,62,0,0,2,0,12,0,0,1,0,3,10,7,0,0,30,0,0,0,0,0,48,0,30,6,0,0,0,49,0,0,0,12,236,0,0,0,444,521,8,0,0,0,11,25,0,94,15,12,35,15,54,37,0,0,55,61,19,211,7,235,0,0,0,42,0,0,9,0,0,0,0,0,18,15,10,70,16,2,38,0,15,0,22,0,0,35,8,0,106,0,0,8,2,15,6,31,35,0,0,6,0,36,85,0,0,147,8,0,0,26,0,0,0,10,0,0,0,26,0,1,427,23,0,3,0,0,0
"D274",0,0,0,0,0,0,0,0,0,7,0,225,0,0,0,0,2,0,0,0,0,0,0,0,0,3,0,0,0,0,0,0,0,123,1439,0,0,0,327,0,0,2,0,1,0,5,0,0,0,0,1,0,24,0,2,0,0,0,2,4,0,159,0,0,3,0,0,0,0,0,0,0,0,0,0,8,5,606,6,0,2,0,0,591,5,0,6,0,0,0,0,0,0,20,0,0,837,7,8,0,0,0,0,0,0,0,0,0,0,0,2,0,0,0,0,0,0,1081,0,0,0,0,0,0,458,3,0,0,0,0,4,0,0,1,0,0,0,0,0,4,0,0,0,3,9,0,0,0,0,0,4,0,0,0,0,0,2,29,0,0,0,2,0,58,3,0,0,0,0,0,0,18,418,0,0,0,0,6,4,0,0,0,68,0,11,0,0,0,0,0,0,0,0,0,0,0,0,0,0,4,0,0,0,0,2,0,0,81,0,41,0,0,0,0,0,0,0,0,0,105,7,0,0,0,0,0,0,10,0,0,0,0,0,0,0,0,0,0,0,0,0,0,0,0,0,1,0,0,0,0,3,5,7,0,0,2,0,0,3,0,0,0,0,0,0,16,0,0,0,4,0,0,2,0,0,0,5,0,2,0,0,0,0,0,0,0,0,0,0,0,0,0,0,0,0,0,0,0,20,0,0,194,15,3,33,15,0,0,0,0,0,11,0,0,3,0,0,0,0,0,0,3,39,1,9,0,0,0,0,444,0,0,0,0,0,0,0,0,0,0,0,0,0,0,0,0,0,0,46,0,0,0,0,0,0,0,0,45,0,20,0,2,0,0,16,0,0,0,0,0,0,0,0,1142,0,0,2,2,0,0,0,0,0,0,6,920,0,0,0,0,0,0,0,158,0,0,3,0,0,0,0,0,50,4,0,0,0,0,5,0,0,0,0,0,205,0,0,1911,892,0,0,0,0,2,0,3,0,0,0,0,0,0,2,0,227,0,2,1,0,1,0,0,4,0,0,0,0,0,0,0,0,0,0,0,0,0,0,0,1,0,0,0,0,0,0,0,0,0,0,0,0,0,291,0,0,0,2,0,0,0,34,0,0,0,552,0,0,0,0,7,0,0,14,0,2,0,0,9,0,9,3,4,0,0,2,0,0,0,0,2,4,0,0,0,0,0,1798,17,0,3,0,4,0,0,0,0,49,2
"D275",0,0,0,0,0,0,0,11,0,165,0,21,0,0,24,0,2,0,709,0,0,0,0,0,9,7,0,0,0,0,19,476,0,0,0,0,13,30,0,0,2,186,0,0,0,204,12,0,0,0,73,87,0,45,0,13,23,0,0,4,0,0,0,0,32,0,28,0,24,2,0,36,11,6,0,113,0,0,7,0,20,44,56,8,11,0,4,0,9,5,3,0,2,1,4,2,3,0,9,0,0,7,15,2,0,0,2,39,0,0,2,0,22,0,10,0,0,57,0,0,0,6,30,0,4,0,0,0,0,0,0,0,0,0,27,0,0,0,0,0,0,3,14,0,0,75,21,9,0,6,0,0,6,13,11,0,0,0,12,0,0,0,20,0,5,22,10,8,31,0,34,0,0,0,0,13,120,10,0,12,31,6,0,8,509,132,0,57,0,0,0,0,0,0,0,0,0,0,0,0,6,2,0,0,83,0,3,56,6,16,73,31,0,0,0,0,0,0,0,21,33,0,0,0,113,0,0,33,0,0,12,8,11,9,0,0,0,14,0,0,0,8,0,0,0,33,62,23,0,48,0,5,14,0,0,0,8,0,0,0,0,73,0,0,2,6,0,0,0,2,0,0,0,0,0,0,0,0,64,22,0,92,0,47,0,4,7,0,38,0,0,0,0,0,0,475,355,96,42,0,115,9,672,0,0,0,0,8,0,0,8,0,0,3,19,0,134,0,2,0,0,55,0,28,254,8,36,0,0,21,0,0,2,0,0,0,0,304,4,0,9,0,0,0,132,0,5,0,0,59,21,86,0,111,0,0,0,69,8,0,0,54,11,0,0,37,0,0,0,0,1,0,0,0,0,0,16,2,2,0,0,0,0,2,0,4,0,3,0,0,0,0,27,0,22,395,16,0,42,0,0,0,22,18,23,0,0,0,0,0,0,0,1403,0,26,0,0,6,4,7,0,12,0,60,24,0,0,0,0,0,0,0,2,0,0,0,0,1008,0,2,0,0,0,11,58,0,211,70,276,0,0,0,7,0,0,0,21,262,14,0,9,0,32,25,11,0,0,0,0,0,0,0,4,3,1,8,51,12,0,3,20,33,3,0,199,0,2,17,0,87,0,0,160,0,30,1,25,154,0,0,15,0,14,0,5,0,36,0,0,0,0,30,130,47,10,0,7,36,0,1,1,582,0,2,0,0,0,6
"D276",0,0,0,283,0,0,0,0,8,0,2,0,0,0,0,0,0,0,0,0,0,0,0,0,0,0,0,4,0,0,0,0,0,0,0,0,0,0,0,0,0,0,0,0,0,0,0,1,0,10,0,1,0,0,0,0,0,0,0,0,35,0,0,0,0,0,0,0,0,0,0,0,0,0,3,0,0,0,0,0,0,0,0,0,0,0,0,0,0,0,0,0,0,0,0,0,0,0,0,3931,0,0,0,0,1375,0,44,0,0,0,0,4,0,0,0,0,0,0,0,8,0,0,0,2018,0,0,0,11,2,0,0,0,0,0,0,0,0,0,0,0,0,0,0,11,0,0,0,0,0,0,0,0,0,0,461,0,0,0,0,0,0,0,0,0,0,0,0,0,0,0,0,0,0,0,5,0,0,0,0,0,0,0,0,0,0,0,0,0,0,0,0,0,0,0,0,0,542,0,0,0,0,11,0,0,0,0,0,0,0,0,0,0,14,0,0,0,0,0,9,0,0,3,0,0,0,0,0,0,0,0,0,13356,0,5,0,0,0,0,4,0,0,0,0,5,0,0,0,0,0,0,0,0,0,17,0,0,0,0,0,0,0,0,0,0,0,0,0,0,0,0,0,3,0,0,0,0,0,0,0,0,0,0,0,0,0,0,0,0,0,0,0,0,0,0,0,0,0,0,0,0,0,0,0,0,0,0,0,0,0,0,0,0,4,0,0,0,0,43,0,0,0,0,0,0,0,0,0,0,0,0,0,2,0,0,0,0,0,0,0,0,0,0,0,4,0,0,0,0,24,0,0,0,0,0,0,0,0,0,0,0,0,0,0,0,0,0,558,0,3,0,0,0,0,0,0,17,0,0,0,0,0,0,0,0,0,0,0,0,3,0,0,0,0,0,0,0,0,0,0,0,0,0,0,0,0,0,0,0,0,0,0,0,0,0,0,0,0,0,0,0,9589,0,0,0,0,0,0,45,0,0,0,0,0,0,0,5,0,2,0,0,0,0,0,0,0,0,0,0,0,0,0,0,0,18,95,4,0,0,0,0,0,0,0,0,0,0,0,0,0,0,2193,0,0,0,0,0,0,0,0,0,0,0,0,0,0,0,0,0,0,0,1,0,0,0,0,0,0,0,0,0,0,0,0,0,0,0,2,0,0,0,0,0,0,0,0,4,0,0,0,0,0,0,0,0,0,0,11,0
"D277",1,0,127,0,0,18,892,0,0,0,0,47,19,0,13,0,0,30,0,0,0,0,1,50,6,0,0,0,0,0,0,0,0,0,0,0,0,0,0,7,5972,0,57,0,23,0,0,0,49,0,28,90,0,0,0,0,0,25,0,47,0,0,0,0,0,129,3,0,0,24,0,0,0,0,0,120,0,0,0,0,0,0,15,0,0,0,0,10,0,0,0,0,10,19,3,0,0,0,77,0,0,0,9,2,0,22,0,5,160,22,0,0,0,158,0,57,1,0,0,0,11,22,140,0,0,0,0,0,0,0,1,9,696,63,337,0,2,0,27,2437,1,39,18,0,0,0,0,0,0,5,0,5,0,7,0,3,62,0,0,0,7,3,18,0,0,8,0,8,15,202,0,0,0,0,0,1,0,0,0,0,25,0,0,3,10,73,0,23,1,0,20,39,0,0,0,0,0,0,0,599,0,0,0,0,0,908,0,0,3,0,0,0,0,3,0,9,0,10,0,0,0,0,0,0,0,0,0,36,3,0,0,0,47,2054,393,0,0,0,0,19,6,0,0,0,0,11,0,0,5117,0,2,106,2412,0,0,0,193,7,0,0,155,1,0,0,261,0,0,3,8,0,7,0,21,131,0,0,0,184,281,0,0,0,0,45,0,112,0,0,0,0,0,1,2,0,0,202,0,0,0,81,311,0,3,9,0,0,0,0,6,59,0,0,0,69,8,0,4,0,0,0,3,13,0,96,7,0,9,0,60,0,542,0,5,0,1,7,0,101,5,0,8,0,0,0,0,2,3,0,0,126,5,430,0,0,240,0,0,0,0,0,0,64,0,18,0,0,0,11,0,0,0,0,0,0,0,0,0,3,1,0,45,2,0,0,0,0,86,19,0,0,16,0,871,0,148,0,0,0,43,0,0,19,0,235,1,0,0,0,592,4,3,201,213,14,247,0,0,0,0,0,0,8,0,0,17,0,0,0,0,0,12,0,4,19,6,0,0,0,0,0,0,0,0,2,0,0,299,0,14,26,50,37,0,0,0,0,24,0,88,3,8,23,0,0,3,0,0,564,0,0,0,0,0,3,4,24,0,76,0,18,0,0,0,7,0,0,0,26,0,136,0,0,1194,38,0,0,11,874,0,2,0,0,6,0,0,0,6,0,114,15,0,51,90,0,112,0,0,0,2,3,9,6112,0,0,0,0,0,36
"D278",0,0,0,0,0,0,0,0,0,4,0,25,0,0,0,0,0,0,2,0,0,2,0,0,0,0,0,0,0,0,0,91,0,0,0,0,0,0,0,0,0,0,0,0,0,4,0,0,0,0,53,0,0,0,0,0,0,0,0,10,0,0,0,0,0,0,0,102,2,0,0,4,0,0,0,0,0,303,0,0,0,0,0,1278,0,0,37,0,0,18,0,0,0,0,0,0,21,36,0,0,0,0,0,0,8,0,0,0,0,0,0,0,0,0,3,0,0,838,0,0,0,0,0,0,290,0,0,0,0,0,0,0,0,0,0,0,28,0,0,0,2,0,0,0,0,10,0,0,0,0,0,0,0,0,0,0,0,0,3,0,0,0,0,0,0,0,0,0,0,0,0,0,112,0,0,0,0,3,0,0,0,0,304,0,0,0,0,0,0,0,0,0,0,0,0,0,0,0,0,0,2,0,0,0,19,0,0,21,0,1420,14,36,2,0,0,0,0,0,0,0,22,0,0,0,0,0,0,0,0,0,0,2,0,1,0,0,0,0,0,0,0,0,0,0,0,3,0,0,0,0,0,0,0,0,78,0,0,0,5,0,0,0,0,0,0,0,0,0,0,0,0,0,0,0,0,0,0,0,0,0,0,3,0,0,0,0,0,0,158,0,0,0,0,0,0,0,0,0,0,0,0,341,38,0,9,72,0,0,0,0,0,3,0,0,0,0,0,0,0,0,0,0,57,0,2,0,0,0,0,99,0,0,0,0,0,0,0,0,0,0,0,0,0,0,0,0,0,0,0,0,0,0,0,2,0,0,0,1375,0,0,19,0,0,0,97,0,0,0,0,0,0,0,0,0,0,0,26,0,0,0,0,0,0,0,58,47,0,4,0,0,0,0,0,144,0,8,0,0,0,0,0,0,42,0,0,0,0,0,0,0,0,0,0,0,3,0,0,0,84,0,0,0,0,0,0,0,0,0,0,0,0,0,0,0,94,0,0,4,0,3,0,0,0,0,0,0,3,0,0,0,0,0,0,0,0,203,0,0,0,0,0,0,1,0,0,0,0,0,0,0,0,0,453,0,0,0,0,0,0,0,385,0,0,0,0,0,0,0,0,0,0,0,0,0,3,0,2,0,0,0,0,0,0,0,0,0,6,0,0,0,0,0,0,33,0,0,816,66,0,84,0,0,0,5,0,0,0,156
"D279",0,0,0,0,0,0,0,0,0,0,0,0,0,0,0,0,0,0,0,0,0,0,0,0,0,0,0,0,0,0,0,0,0,0,0,0,0,0,0,0,0,0,0,0,0,0,0,0,0,0,0,0,0,0,0,0,0,0,0,0,0,0,0,0,0,0,0,0,0,0,0,0,5,0,0,0,0,0,0,0,0,0,0,0,0,0,0,0,0,0,0,0,0,0,0,0,0,0,0,0,0,0,0,0,0,0,0,0,0,0,0,0,0,0,0,0,0,0,0,0,0,0,0,0,0,0,0,0,0,0,0,10,0,0,0,0,0,0,0,0,0,0,2,0,0,0,0,0,0,0,0,0,0,0,0,0,0,0,0,0,0,0,0,0,0,0,0,0,0,0,0,0,0,0,0,0,0,0,0,0,0,0,0,0,0,0,0,0,9,0,0,0,0,0,0,0,0,0,0,0,0,0,0,0,0,0,0,0,0,0,0,0,0,0,0,0,0,0,0,0,0,0,0,0,0,0,0,0,0,0,0,0,0,0,0,0,0,0,0,0,0,0,0,0,0,0,0,0,0,0,0,0,0,0,0,0,0,0,0,0,0,0,0,0,0,0,0,0,0,0,0,0,0,0,0,0,0,0,0,0,0,0,0,0,0,0,0,0,0,0,0,0,0,0,0,0,0,0,0,0,0,0,0,0,0,0,0,0,0,0,0,0,0,0,0,0,0,0,0,0,0,0,0,0,0,0,0,0,0,0,0,0,0,0,0,0,0,0,0,0,0,0,0,0,0,0,0,0,0,0,0,0,0,0,0,0,0,0,0,0,0,0,0,0,0,0,0,0,0,0,0,0,0,0,0,0,0,0,0,0,0,0,0,0,0,0,0,0,0,0,0,0,0,0,0,0,0,0,0,0,0,0,0,0,0,0,0,0,0,0,0,0,0,0,0,0,0,0,0,0,0,0,0,0,0,0,0,0,0,0,0,0,0,0,0,0,0,0,0,0,0,0,0,0,0,0,0,0,0,0,0,0,0,0,0,0,0,0,0,0,0,0,0,0,0,0,0,0,0,0,0,0,0,0,0,0,0,0,0,0,0,0,0,0,0,0,0,0,0,0,0,0,0,0,0,0,0,0,0,0,0,0,0,0,0,0,6,0,0,0,0,0,0,0,0,0,0,0,0,0,0,0,0,0,0,0,0,0
"D280",0,0,0,0,0,0,0,0,0,0,0,0,0,0,0,0,0,0,0,0,0,0,0,0,0,0,0,0,0,0,0,0,0,0,0,0,0,0,0,0,0,0,0,0,0,0,0,0,0,0,0,0,0,0,0,0,0,0,0,0,0,0,0,0,0,0,0,0,0,0,0,0,0,0,0,0,0,0,0,0,0,0,0,0,0,0,1,0,0,0,46,0,0,0,0,0,0,0,0,0,0,0,0,0,0,0,0,0,0,0,0,0,0,0,0,0,0,0,0,0,0,0,0,0,0,0,0,0,0,0,0,0,0,0,0,546,0,0,0,0,0,0,0,0,0,0,0,0,0,0,0,0,0,0,0,0,0,0,0,0,0,0,0,0,0,0,0,0,0,0,0,0,0,0,0,0,0,0,0,0,0,0,0,0,0,0,0,0,0,0,0,0,0,0,0,0,0,0,0,0,0,0,0,0,0,0,0,0,0,13,0,0,0,0,0,0,0,0,0,0,0,0,0,0,0,0,0,0,0,0,0,0,3,0,0,0,0,0,0,0,0,0,0,0,0,0,0,0,0,0,0,0,0,0,0,0,0,0,0,0,0,0,0,0,0,0,0,0,0,0,0,0,0,0,0,0,0,0,0,0,0,0,0,0,0,0,0,0,0,0,0,0,0,0,0,0,0,0,0,0,0,0,0,0,0,0,0,0,0,0,0,0,0,0,0,0,0,0,0,0,0,0,0,0,0,0,0,0,0,0,0,0,0,0,0,0,0,0,0,0,0,0,0,0,0,0,0,0,0,0,0,0,0,0,0,0,0,0,0,0,0,0,0,0,0,0,0,0,0,0,0,0,0,0,0,0,0,0,0,0,0,0,0,0,0,0,0,0,0,0,0,8,0,0,0,0,0,0,0,0,0,0,0,0,0,0,0,0,0,0,0,0,0,0,0,0,0,0,0,0,0,0,0,0,0,0,0,0,0,0,0,0,0,0,0,0,0,0,0,0,0,0,0,18,0,0,0,0,0,0,0,0,0,0,0,0,0,0,0,0,0,0,0,0,0,0,0,0,0,0,0,0,0,0,0,0,0,0,0,0,0,0,0,0,0,0,0,0,0,0,0,0,0,0,0,0,0,0,0,0,0,0,0,0,0,0,0,0,0,0,0,0,0,0,0,0,0,0,0,0,0,0,0,0,0,0,0,0
"D281",0,0,0,0,0,0,0,0,0,6,0,0,0,0,0,0,0,0,0,0,0,0,0,0,0,0,0,0,0,0,0,3,0,0,0,0,0,0,0,0,0,0,0,0,0,20,0,0,0,0,0,0,0,0,0,0,0,0,0,45,0,0,0,0,0,0,0,0,0,0,0,0,0,0,0,0,0,194,0,0,0,0,0,1900,0,0,16,0,0,0,0,0,0,0,0,0,476,6,0,0,0,0,0,0,0,0,0,0,0,0,0,0,46,0,0,0,0,495,0,0,0,0,0,0,1990,0,0,0,0,0,0,0,0,0,11,0,0,0,0,4,0,0,0,0,2,0,0,0,0,0,0,0,0,0,0,0,0,0,0,0,0,0,0,0,0,0,0,0,5,0,0,0,2073,0,0,0,0,0,0,0,9,0,47,0,0,0,0,0,0,0,0,0,0,0,0,0,0,0,0,0,6,0,0,0,6,0,0,1,0,261,0,37,0,0,0,0,0,0,0,0,3,0,0,0,0,0,0,0,0,0,0,0,0,0,0,0,0,0,0,0,0,0,0,0,0,3,0,0,0,0,0,0,0,0,0,0,0,0,0,0,0,0,0,0,0,0,8,0,0,0,0,0,0,0,0,0,0,0,0,0,0,0,0,0,0,0,0,0,13,0,0,0,0,0,0,0,0,0,0,0,0,616,0,0,20,0,0,0,0,0,0,0,0,0,0,0,0,0,0,0,0,0,208,0,0,0,0,0,0,328,0,0,0,0,0,0,0,0,0,0,0,0,0,0,0,0,0,0,0,0,0,0,0,0,0,0,0,1108,97,77,34,0,0,0,460,0,0,0,0,0,0,0,0,0,0,0,0,0,0,0,0,0,0,0,12,360,0,0,0,0,0,0,0,1293,0,0,0,0,0,0,0,0,25,0,0,0,0,0,3,0,0,0,0,0,0,0,0,1239,737,0,0,0,0,0,0,0,0,0,0,0,0,0,0,0,346,0,0,0,0,0,0,0,0,0,0,0,0,0,0,0,0,0,0,0,0,10,0,0,0,0,0,0,0,0,0,0,0,0,0,0,0,0,523,0,0,0,0,0,0,0,2370,0,0,0,0,5,0,0,0,0,0,0,0,0,0,0,0,0,0,0,0,0,0,0,0,0,0,0,0,0,0,0,0,6,0,0,3917,19,0,751,0,0,0,4,0,0,0,0
"D282",0,0,0,0,0,0,0,0,0,0,0,0,0,0,0,0,0,0,0,0,0,0,0,0,0,0,0,0,0,0,0,0,0,0,0,0,0,0,0,0,0,0,0,0,0,0,0,0,0,0,0,0,0,0,0,0,0,0,0,0,0,0,0,0,0,4,0,0,0,0,0,0,0,0,0,0,0,0,0,0,0,0,0,0,0,0,0,0,0,0,0,0,0,0,0,0,0,0,0,0,0,0,0,0,0,0,0,0,0,0,0,2,0,0,0,0,0,0,0,0,0,0,0,0,0,0,0,0,0,0,0,0,0,0,0,0,0,0,0,0,0,0,0,0,0,0,0,0,0,0,0,0,0,0,0,0,0,0,0,0,0,0,0,0,0,0,0,0,0,0,0,0,0,0,0,0,0,0,0,0,0,0,0,0,0,0,0,0,0,0,0,0,0,0,0,0,0,0,0,0,0,0,0,0,0,0,0,0,0,0,0,0,0,0,0,0,0,0,43,0,0,0,0,0,0,0,0,0,0,0,0,3,0,0,0,0,0,0,2,0,0,0,0,0,0,0,0,0,0,0,0,0,0,0,0,0,0,0,0,0,0,0,0,0,0,0,0,0,0,0,0,0,0,0,0,0,0,0,0,0,0,0,0,0,0,0,0,0,0,0,0,0,0,0,0,0,0,0,0,0,0,0,0,0,0,0,0,0,0,0,0,0,0,0,0,0,0,56,0,0,0,0,0,0,0,0,0,0,0,0,0,0,0,0,0,0,0,0,0,14,0,0,0,0,0,0,0,0,0,0,0,0,0,0,0,0,0,0,0,0,0,0,0,0,0,0,0,0,2,0,0,0,0,0,0,32,0,0,0,0,0,0,0,0,0,0,0,0,17,0,0,0,0,0,0,0,0,0,0,0,0,0,0,0,0,0,0,0,0,0,0,0,0,0,0,0,0,0,0,0,0,0,0,0,0,0,0,104,0,0,0,0,0,0,0,0,0,0,0,0,33,0,0,0,0,0,0,0,0,0,0,0,0,0,0,0,0,0,0,0,0,0,0,0,0,0,0,0,0,0,0,0,0,0,0,0,0,0,0,0,0,0,0,0,0,0,0,0,0,0,0,0,0,0,0,0,0,0,0,0,0,0,0,0,0,0,0,0,0,0,0,0,0,0,0,0,0,0,0,0,0,0,0,0,0,0,0,0
"D283",0,0,0,0,0,0,0,0,0,0,2,0,0,0,0,0,0,0,0,0,0,0,0,0,0,0,0,0,0,0,0,0,0,0,0,0,0,0,0,0,0,0,0,0,0,0,0,0,0,0,0,0,0,0,152,0,0,0,0,0,0,0,0,0,0,0,0,2,0,0,0,0,0,0,0,0,0,0,0,0,0,0,0,0,0,0,0,0,0,0,0,0,0,0,0,0,0,0,0,0,0,0,0,0,0,0,0,0,0,0,0,0,0,0,0,0,0,0,0,0,0,0,0,0,0,0,0,0,0,0,0,0,0,0,0,0,0,0,0,0,0,0,0,0,0,0,0,0,0,0,0,0,3,0,0,0,0,0,0,2,0,0,0,0,0,0,4,0,0,0,0,0,0,0,0,0,0,0,0,0,0,0,0,0,0,0,0,0,0,0,0,0,0,0,0,0,0,0,2,0,0,2,0,0,0,0,0,0,0,0,0,0,0,0,0,0,0,0,0,0,0,0,0,0,0,0,0,0,0,23101,0,0,0,5,0,0,0,0,0,0,0,0,0,0,5,0,0,0,0,0,0,0,0,0,0,0,0,0,7,0,0,0,0,0,0,0,0,0,0,1,0,0,0,0,0,0,0,0,0,0,0,0,0,0,0,0,0,0,0,0,0,0,0,0,0,0,0,0,4,0,0,0,0,0,0,572,0,0,0,0,0,0,4,0,0,0,0,0,0,0,0,0,0,0,0,0,0,0,0,0,0,0,0,0,0,0,0,0,0,0,0,0,0,0,0,0,0,0,0,0,0,0,0,0,0,0,0,0,0,0,0,0,0,0,0,0,0,0,0,0,0,0,0,0,0,0,0,0,0,0,0,0,0,0,0,0,0,0,0,0,0,0,0,0,0,0,0,0,0,50,2,0,0,0,0,0,0,0,0,0,0,0,0,0,0,0,2,0,0,0,0,0,0,0,0,0,0,0,0,2,0,0,0,0,0,0,0,0,0,0,0,0,0,0,0,0,0,0,0,0,0,0,0,0,0,0,0,0,0,0,0,0,0,0,0,0,0,0,3,0,0,0,0,0,0,0,0,0,0,0,0,0,0,0,0,0,0,0,0,0,0,0,0,0,0,0,0,0,0,0,0,0,0,0,0,0,4647,0,0,0,0,0,0,0,0,0,0,0,0,2,0,0,0,0,0,0,9,0
"D284",0,2,16,0,0,0,0,5,388,0,0,17,0,88,0,21,4,14,0,0,0,34,0,0,0,0,0,0,1327,0,0,210,0,24,0,122,0,0,0,0,0,0,0,81,0,0,0,4,3,0,473,8,15,0,0,0,0,0,67,1,0,943,0,22,7,0,0,19,0,65,0,0,0,0,0,102,0,0,2,0,0,4,0,7,20,0,25,556,163,53,5,0,0,17,1,10,3,100,0,0,0,47,0,0,9,0,0,0,0,0,0,0,27,8,3,0,0,390,0,0,2,0,0,0,0,0,0,0,0,2,0,19,0,0,4,0,53,0,0,27,0,0,0,0,2,0,9,0,0,0,0,2,182,0,3,0,2,8,31,83,3,0,9,6,0,0,36,0,13,5,0,6725,0,0,0,6,0,44,0,0,7,7,0,0,3,0,0,0,0,0,0,5,0,9,0,0,0,0,22,3,1,7,0,0,0,0,0,0,0,0,11,30,1762,0,0,0,0,2,0,0,85,0,4,0,0,0,0,110,0,0,0,0,0,7,0,0,0,4,0,0,0,0,0,0,0,0,0,0,0,0,0,0,917,0,32,0,1,0,9,0,3,0,0,0,0,5,3,0,0,0,0,7,0,0,160,0,0,0,0,3,0,0,0,2,0,0,0,0,3,0,0,0,0,0,1,0,0,0,12230,0,0,0,3517,0,0,529,0,16,0,12,0,193,893,3,197,0,31,0,0,0,0,0,17,333,2,0,2,0,0,109,0,0,0,0,0,0,0,0,0,0,0,1,0,0,0,4,4,1,232,0,0,151,0,4,0,29,0,0,2,0,38,0,1,0,0,0,0,1,0,0,0,0,0,0,0,0,2,6,26,3,2,4,0,0,32,0,0,18,0,3,0,0,0,0,0,0,165,0,16,18,0,0,12,19,0,0,0,0,17,13,101,0,0,0,65,0,0,2,0,0,0,0,0,0,0,0,2,0,0,0,119,697,1,0,0,0,0,8,0,0,0,32,13,4,0,2,1,0,0,0,0,0,0,0,0,0,0,21,0,0,2,0,4,0,4,0,0,0,1,0,0,12,0,0,0,0,39,7,0,0,2,2,0,0,491,1364,0,11,0,9,0,0,8,0,0,7,5,45,0,9,3,0,32,0,2,0,0,71,0,0,1,0,0,30,0,0,0,5,0,61,75,8,0,156,0,0,0,3
"D285",4,7,0,0,3,18,16,2,0,0,0,0,100,0,8,2,7,14,38,0,3,0,8,32,1,4,1,0,0,0,3,78,2,74,0,10,0,17,0,3,22,145,150,38,61,19,18,0,25,0,3,179,10,21,0,11,9,9,0,42,0,0,67,18,0,1,0,0,0,0,0,3,46,21,0,0,14,0,0,0,2,0,34,0,2,24,0,0,2,0,0,10,40,63,5,17,0,2,0,0,0,0,215,12,1,7,0,0,0,0,0,0,2,11,0,1,8,0,85,0,0,4,34,0,0,0,9,0,0,3,3,5,1,62,11,0,0,2,0,23,9,7,10,0,5,0,0,27,14,10,44,3,0,11,0,16,18,0,7,19,0,0,8,0,0,2,28,5,7,0,0,0,0,3,0,52,9,17,2,0,2,3,0,2,20,16,0,38,5,0,25,29,10,0,8,0,0,10,0,20,0,0,90,72,0,128,7,0,5,0,8,0,0,0,0,2,12,31,0,0,0,0,95,35,10,2,0,2,0,0,7,0,8,0,3,9,30,0,0,3,11,3,29,0,0,0,5,0,0,10,70,3,156,0,0,2,4,0,0,0,12,0,0,0,82,66,0,5,13,27,38,3,36,271,12,0,63,23,33,5,0,14,0,40,3,19,0,0,10,30,1,5,17,0,28,224,0,4,30,54,21,0,2,63,6,0,21,6,0,51,3,0,40,0,11,16,20,0,0,3,2,3,2,0,2,0,0,0,23,0,7,13,0,7,4,1,6,57,27,0,79,50,0,0,144,2,2,10,0,52,2,0,24,0,2,0,3,0,0,0,0,0,7,62,0,35,0,8,0,4,0,29,0,0,4,0,10,0,7,26,36,3,0,1,0,0,21,23,0,0,13,9,25,0,15,27,0,0,1,0,5,9,12,3,0,41,0,0,37,0,0,12,216,4,92,3,0,0,0,0,0,3,0,0,18,0,0,0,75,0,2,0,13,30,0,0,6,190,30,0,0,0,18,4,2,7,93,8,6,6,0,126,6,0,0,5700,16,147,2,7,5,4,0,5,31,0,0,14,24,0,0,0,0,5,15,5,0,0,0,52,0,2,0,100,0,0,0,6,0,58,0,0,26,24,0,0,0,86,0,11,2,7,0,11,2,44,230,0,1,10,58,1,0,7,0,0,0,0,7,0,21,28,26,0,2,11,12,0
"D286",0,7,0,170,0,0,0,0,240,0,27,0,0,0,0,0,0,0,0,0,0,26,0,0,0,0,0,387,2,0,0,0,1,6,17,0,0,0,1,0,0,0,0,0,0,0,0,0,0,146,7,1,0,0,11,0,0,0,0,0,902,0,0,0,0,0,0,0,0,0,7,0,0,0,0,0,2,0,40,14,0,0,0,0,4,0,0,2,0,0,0,0,0,0,0,0,0,0,0,2490,9,0,1,0,3767,0,180,0,2,0,2718,176,0,0,0,0,0,0,0,848,0,0,0,792,0,0,0,25,84,0,3,0,0,0,0,10,2,0,0,0,0,0,0,574,0,0,0,0,0,0,0,0,40,0,631,0,0,0,0,2,0,6,0,0,0,0,15,0,0,0,0,68,0,2,50,0,0,0,0,0,0,0,0,0,0,0,0,3,0,0,0,0,5,0,2,0,252,0,0,0,0,0,0,26,0,0,0,0,0,4,0,0,279,0,0,0,0,0,2,0,0,11,0,3,0,0,0,0,0,0,0,17331,0,51,0,0,0,0,0,0,0,0,0,0,146,0,0,0,1,0,0,0,8,616,12,0,0,9,25,44,0,0,0,0,0,0,0,0,0,10,0,0,0,0,0,100,0,0,0,0,0,0,138,0,0,0,0,20,0,0,0,0,0,1,2,0,0,0,369,0,0,0,0,0,0,36,6,0,0,0,0,0,0,0,3,0,0,10,744,0,0,0,0,0,3,6,0,27,0,7,0,62,0,0,0,0,0,0,0,0,0,0,447,20,0,0,0,0,61,0,0,0,0,0,0,0,0,0,0,0,0,0,0,0,0,0,20,0,117,0,0,0,2063,0,0,0,0,2,0,0,4,0,0,0,0,0,0,0,0,9,0,0,0,0,0,0,0,0,0,49,73,0,0,0,0,0,0,1536,14,6,0,0,0,0,0,0,0,0,0,124,384,0,10,0,0,0,0,0,0,0,0,2,0,0,0,76,4,2,0,0,5,8,0,0,0,0,0,3,0,0,1,6,0,43,132,19,0,0,0,0,0,0,0,0,0,1208,0,0,0,0,49,0,0,0,0,0,0,0,0,0,0,0,0,0,0,0,0,0,0,0,79,0,0,0,0,0,0,4,10,5,0,0,0,0,0,0,0,0,0,0,0,0,3,0,0,916,9,0,0,0,0,0,0,0,0,0,113,0
"D287",0,0,0,0,0,0,0,0,0,0,0,0,0,0,0,0,0,0,0,0,0,0,0,0,0,0,0,0,0,0,0,0,0,0,0,0,0,0,0,0,0,0,0,0,0,0,0,0,0,0,0,0,0,0,0,0,0,0,0,0,0,0,0,0,0,0,0,0,0,0,0,0,0,0,0,0,0,0,0,0,0,0,0,0,0,0,0,0,0,0,0,0,0,0,0,0,0,0,0,0,0,0,0,0,0,0,0,0,0,0,0,0,0,0,0,0,0,0,0,0,0,0,0,0,0,0,0,0,0,0,0,0,0,0,0,4355,0,0,0,0,0,0,0,0,0,0,0,0,0,0,0,0,0,0,0,0,0,0,0,0,0,0,0,0,0,0,0,0,0,0,0,1,0,0,0,0,0,0,0,0,0,0,0,0,0,0,0,0,0,0,0,0,0,0,0,0,0,0,0,0,0,0,0,0,0,0,0,0,0,0,0,0,0,0,0,0,0,0,0,0,0,0,0,0,0,0,0,0,0,0,0,0,0,0,0,0,0,0,0,0,0,0,0,0,0,0,0,0,0,0,0,0,0,0,0,0,0,0,0,0,0,0,0,0,0,0,0,0,0,0,0,0,0,0,0,0,0,0,0,0,0,0,0,0,0,0,0,0,0,0,0,0,0,0,0,0,0,0,0,0,0,0,0,0,0,0,0,0,0,0,0,0,0,0,0,0,0,0,0,0,0,0,0,0,0,0,0,0,0,0,0,0,0,0,0,0,0,0,0,0,0,0,0,0,0,0,0,0,0,0,0,0,0,0,0,0,0,0,0,0,0,0,0,0,0,0,0,0,0,0,0,0,0,0,0,0,0,0,0,0,0,0,0,0,0,0,0,0,0,0,0,0,0,0,0,0,0,0,0,0,0,0,0,0,0,0,0,0,0,0,0,0,0,0,0,0,0,0,0,0,0,0,0,0,0,0,0,0,0,0,0,0,0,0,0,0,0,0,0,0,0,0,0,0,0,0,0,0,0,0,0,0,0,0,0,0,0,0,0,0,0,0,0,0,0,0,0,0,0,0,0,0,0,0,0,0,0,0,0,0,0,0,0,0,0,0,0,0,0,0,0,0,0,0,0,0,0,0,0,0,0,0,0,0,0,0,0,0,0,0,0,0,0,0,0,0,0,0,0,0,0,0,0,0,0,0,0,0
"D288",0,0,0,3,0,0,0,0,0,0,0,0,0,0,0,0,0,0,0,0,0,0,0,0,0,0,0,0,0,0,0,0,0,0,0,0,0,0,0,0,0,0,0,0,0,0,0,0,0,0,0,0,0,0,0,0,0,0,0,0,0,0,0,0,0,5,0,0,0,0,0,0,0,0,1,0,0,0,0,0,0,2,0,0,0,0,0,0,0,0,0,0,0,0,0,0,0,0,0,0,0,0,0,0,2,0,0,0,0,0,0,0,0,0,0,0,0,0,0,0,0,0,0,0,0,0,0,0,0,0,0,0,0,0,0,0,0,0,0,0,0,0,0,0,0,0,0,0,0,0,0,0,0,0,0,0,0,0,0,0,0,0,0,0,0,0,0,0,0,0,0,0,0,0,0,0,0,0,0,0,0,0,0,0,0,0,0,0,0,0,6,0,0,0,0,0,0,0,0,0,0,0,0,0,0,0,0,0,0,0,0,0,0,0,0,0,0,0,18,0,0,0,0,0,0,0,0,0,0,0,0,3,0,0,0,0,0,0,0,0,0,0,0,0,0,0,0,0,0,0,0,0,0,0,0,0,0,0,0,0,0,0,0,0,0,0,0,0,0,52,0,0,0,0,0,0,0,0,0,0,0,0,0,0,0,0,0,0,0,0,3,0,0,0,0,0,0,0,0,0,0,0,0,0,0,0,0,0,0,0,0,0,0,0,0,0,0,36,0,0,0,0,0,0,0,0,0,0,0,0,0,0,0,0,0,0,0,0,0,14,0,0,0,0,0,0,0,0,6,0,0,0,0,0,0,0,0,0,0,0,0,0,0,0,0,0,0,0,0,0,0,0,0,0,0,26,0,0,0,0,0,0,0,0,0,0,0,0,13,0,0,0,0,0,0,0,0,0,0,0,0,0,0,0,0,0,0,0,0,0,0,0,0,0,0,0,0,0,0,0,0,0,0,0,0,0,0,36,0,0,0,0,0,0,0,0,0,0,0,0,16,0,0,0,0,0,0,0,0,0,0,0,0,0,0,0,0,0,0,0,0,0,0,0,0,0,0,0,0,0,0,0,0,0,0,0,0,0,0,0,0,0,0,0,0,0,0,0,0,0,0,0,0,0,0,0,0,0,0,0,0,0,0,0,0,0,0,0,0,0,0,0,0,0,0,0,0,0,0,0,0,0,0,0,0,0,0,0
"D289",0,0,0,0,0,0,0,0,0,0,0,20,0,0,0,0,22,0,0,0,13,0,0,0,0,0,0,0,0,0,0,39,0,2,2676,0,0,6,14,0,0,0,0,0,0,0,0,0,0,0,14,0,1,0,0,0,0,0,0,0,0,774,0,21,3,0,0,0,0,6,0,6,0,0,0,0,0,1425,0,0,0,0,0,35,0,0,6,0,22,0,0,21,6,0,0,0,245,0,0,0,0,0,0,0,0,0,0,0,0,0,0,0,0,0,11,0,0,2703,0,0,0,0,0,0,0,0,0,0,0,0,2,0,0,0,0,0,0,1,0,0,0,0,0,2,0,0,0,0,0,0,0,0,0,0,0,0,7,0,20,0,0,0,0,9,0,0,0,0,0,0,0,0,0,0,0,0,0,0,5,0,19,0,0,0,9,0,0,0,0,0,0,0,0,0,0,0,0,0,59,0,0,0,0,0,0,0,0,13,0,97,0,29,0,4,0,0,0,0,0,31,0,0,0,0,0,0,0,236,0,0,0,0,0,0,0,0,0,0,0,0,0,0,0,0,0,0,5,0,0,0,0,0,0,2,1,0,20,0,0,0,0,0,0,0,0,10,4,0,0,231,0,0,0,0,17,0,0,0,0,0,0,0,0,0,0,0,0,0,0,0,0,0,0,0,0,0,0,0,0,0,0,1427,45,0,82,15,0,0,0,0,0,0,0,0,0,0,0,0,0,0,0,0,1342,14,0,0,0,0,0,0,0,0,0,0,0,0,0,0,0,0,0,0,0,0,0,0,0,0,7,0,0,0,0,8,0,23,0,301,36,19,0,0,7,0,0,0,0,0,0,0,0,2,0,1199,0,0,0,0,0,0,0,0,3,0,0,372,0,5,0,0,0,0,0,120,7,0,0,0,0,0,0,0,43,7,0,0,0,0,0,0,0,0,0,0,227,0,0,147,394,0,0,0,7,0,0,16,9,0,0,0,8,0,0,0,64,0,0,6,0,0,0,0,15,0,0,0,0,0,0,11,0,9,0,0,0,0,0,0,2,0,0,0,0,0,0,0,0,0,0,0,0,0,40,0,0,0,1,0,0,0,169,0,0,0,1759,104,0,2,0,4,0,0,11,0,0,0,0,0,6,4,0,0,0,0,0,0,0,9,0,0,0,0,0,0,0,0,68,16,0,295,0,6,0,0,0,0,0,0
"D290",0,2,0,0,0,0,0,7,0,515,0,0,0,1,3,9,0,0,41,0,0,2,0,0,1,0,0,0,0,0,4,18,0,0,0,0,10,31,0,0,0,24,0,0,0,164,11,0,0,0,321,380,0,17,0,18,8,3,0,2,0,22,0,0,19,0,20,0,10,34,0,1,5,114,0,31,0,0,11,0,59,32,0,0,0,0,2,0,0,0,5,0,0,0,4,11,0,0,5,0,0,7,0,5,0,0,0,0,0,2,0,0,2,2,43,0,0,5879,0,0,0,10,18,0,0,3,0,0,0,8,3,0,0,0,3,0,1,0,0,10,0,16,14,0,0,31,2,4,1,0,0,0,2601,4,0,0,1,0,9,14,0,2,4,0,0,0,1940,0,22,0,0,3,0,0,0,15,216,0,0,14,20,1,4,5,135,24,2,87,0,0,0,0,0,15,0,0,0,0,0,0,1,0,4,0,11,0,0,0,9,3,72,0,0,2,0,0,0,0,0,12,0,0,0,0,26,0,0,4,0,0,14,0,4,0,0,0,54,2,0,0,0,0,0,0,0,12,6,1,0,50,1,0,44,0,0,0,21,0,0,4,2,39,0,0,0,460,3,29,11,153,0,3,0,0,8,0,4,0,53,17,5,9,0,15,0,0,0,0,19,0,0,0,0,0,0,222,191,50,63,0,0,0,0,0,0,2,0,1118,0,0,5,19,0,0,30,0,91,0,0,0,0,11,1,0,249,69,23,0,0,13,0,0,0,0,0,0,0,188,0,0,0,0,0,0,22,0,0,0,0,26,0,168,0,42,0,0,2,0,0,0,0,71,1,0,7,25,0,0,0,0,7,0,0,0,0,0,26,0,1,0,0,0,0,4,0,0,0,4,0,0,0,0,18,0,10,36,44,0,0,0,0,0,0,2,19,0,0,0,2,0,2,0,138,0,0,0,0,0,0,0,0,2,0,10,18,2,0,0,0,0,0,9,13,0,0,0,17,659,0,0,0,0,0,4,7,3,63,92,54,0,0,0,2,0,0,0,11,130,32,0,6,12,0,9,7,0,0,3,1,0,0,0,0,0,0,0,17,0,0,3,0,17,2,0,0,0,0,0,0,0,0,0,64,0,21,0,4,380,0,0,5,188,0,0,0,0,838,9,0,0,0,2,52,5,3,0,0,0,0,52,0,423,0,5,0,0,45,0
"D291",0,40,6,0,3,9,30,3,0,0,0,0,121,0,15,13,3,36,42,2,6,0,7,23,3,0,7,0,10,0,20,143,10,9,0,15,0,13,0,8,13,229,255,46,79,17,32,0,59,0,7,206,0,12,0,12,6,15,0,13,0,2,131,0,0,0,0,0,0,0,0,2,82,65,0,0,27,0,0,3,0,0,76,0,0,43,0,0,1,0,0,7,60,80,2,79,0,8,0,0,0,0,438,13,0,13,0,37,3,0,0,0,3,12,0,3,4,0,139,0,0,6,46,0,0,5,36,0,0,35,4,2,7,0,5,0,0,3,0,15,15,11,0,0,20,0,7,59,34,11,41,0,6,13,0,29,24,10,21,7,2,0,23,0,1,0,58,30,13,4,0,0,0,4,0,78,28,24,2,0,5,9,0,4,40,63,0,45,13,0,25,53,18,0,4,0,0,12,0,18,0,7,71,100,0,160,5,0,3,0,2,0,0,0,0,6,29,21,0,12,0,0,225,7,29,0,0,0,4,0,9,0,26,0,13,5,42,0,0,5,12,8,24,0,0,2,8,2,0,1,79,3,182,0,0,0,5,0,3,2,16,0,0,0,159,224,0,6,12,129,60,3,42,317,21,0,19,0,83,10,11,20,0,131,0,64,0,0,25,23,22,5,72,2,44,418,0,0,3,75,31,0,0,127,0,0,47,2,0,116,5,0,0,3,17,28,22,0,0,0,7,1,0,5,6,0,0,0,37,0,1,32,5,6,3,2,8,147,44,0,140,38,0,2,241,0,12,0,0,101,24,58,34,0,5,0,5,0,3,0,0,0,0,44,0,54,0,5,0,13,4,11,0,0,0,0,4,0,20,48,63,0,0,0,0,0,45,10,0,0,51,19,42,0,16,55,0,30,0,0,0,11,2,0,1,102,0,0,15,0,3,6,318,2,68,4,0,0,0,0,0,7,0,3,50,0,0,0,199,0,2,0,13,78,0,0,0,393,31,0,0,2,26,2,4,4,236,14,23,20,0,158,13,0,0,516,13,250,14,13,2,1,2,15,120,0,0,29,31,0,0,0,0,22,25,23,0,16,0,90,0,4,0,9,0,0,0,11,0,150,0,0,62,17,0,0,0,148,0,2,2,3,29,9,7,97,41,47,0,29,114,24,4,15,11,0,0,0,21,0,57,26,47,0,0,13,17,2
"D292",0,0,0,0,0,0,0,0,0,0,0,0,0,0,7,0,0,0,0,0,0,0,0,0,0,0,0,0,0,0,0,0,0,0,114,0,0,0,0,0,0,0,0,0,0,0,0,34,0,0,0,0,0,0,0,0,0,0,0,4,0,0,0,0,0,0,0,0,0,0,0,0,0,0,0,0,0,17,0,0,0,0,0,3,0,0,13,0,25,0,0,0,0,0,0,0,0,30,0,0,0,0,0,0,0,0,0,0,0,0,0,0,0,0,0,0,0,175,0,0,0,0,0,0,8,0,0,0,0,0,0,0,0,0,0,0,0,0,0,0,0,0,0,0,2,0,0,0,4,0,0,0,0,0,0,0,0,0,0,0,0,0,0,0,0,0,0,0,0,0,0,1,309,0,0,0,0,0,423,0,0,0,62,0,0,0,0,0,0,0,0,0,0,0,0,0,0,0,0,0,0,0,0,0,0,0,0,1,0,0,0,0,0,0,0,0,0,0,0,0,0,0,0,0,0,0,0,0,0,0,0,0,0,0,0,0,0,0,0,0,0,0,0,0,0,0,0,0,0,0,0,0,0,0,0,0,0,0,0,0,9,0,0,15,0,0,0,0,0,0,0,0,0,0,0,0,0,0,0,0,0,0,0,0,0,0,0,0,0,0,0,0,0,0,0,0,0,0,0,0,0,20,0,0,31,0,0,0,0,0,0,0,0,0,0,0,0,0,0,0,0,0,0,611,0,0,0,0,0,0,0,0,0,0,0,0,0,0,0,0,0,0,0,0,0,0,0,7,3,0,0,0,0,0,0,0,0,28,0,9,0,0,0,0,0,0,0,0,0,0,0,0,0,87,0,0,0,0,0,0,0,0,0,0,0,358,0,0,0,0,0,0,0,609,0,0,0,0,0,0,0,0,0,0,0,0,2,0,0,0,0,0,0,0,0,0,0,0,918,0,0,0,0,0,0,0,0,0,0,0,0,0,53,0,29,0,0,0,0,0,0,0,0,0,0,0,0,0,0,0,0,0,0,0,0,0,0,0,0,0,0,0,0,0,0,0,0,0,0,0,0,0,3,0,0,0,0,0,0,0,0,0,0,0,55,0,0,0,0,0,0,0,0,0,0,0,0,0,2,0,0,0,0,0,0,0,0,5,0,0,0,0,0,0,0,0,0,0,0,0,0,0,0,0,0,0,0,0
"D293",0,0,0,0,0,0,0,0,0,0,0,0,0,0,0,0,0,0,0,0,0,0,0,0,0,0,0,0,0,0,0,0,0,0,0,0,0,0,0,0,0,0,0,0,0,0,0,0,0,0,0,0,0,0,0,0,0,0,0,0,0,0,0,0,0,0,0,0,0,0,0,0,0,0,0,0,0,0,0,0,0,0,0,0,0,0,0,0,0,0,0,0,0,0,0,0,0,0,0,0,0,0,0,0,0,0,0,0,0,0,0,0,0,0,0,0,0,0,0,0,0,0,0,0,0,0,0,0,0,0,0,0,0,0,0,3465,0,0,0,0,0,0,0,0,0,0,0,0,0,0,0,0,0,0,0,0,0,0,0,0,0,0,0,0,0,0,0,0,0,0,0,0,0,0,0,0,0,0,0,0,0,0,0,0,0,0,0,0,0,0,0,0,0,0,0,0,0,0,0,0,0,0,0,0,0,0,0,0,0,0,0,0,0,0,0,0,0,0,0,0,0,0,0,0,0,0,0,0,0,0,0,0,0,0,0,0,0,0,0,0,0,0,0,0,0,0,0,0,0,0,0,0,0,0,0,0,0,0,0,0,0,0,0,0,0,0,0,0,0,0,0,0,0,0,0,0,0,0,0,0,0,0,0,0,0,0,0,0,0,0,0,0,0,0,0,0,0,0,0,0,0,0,0,0,0,0,0,0,0,0,0,0,0,0,0,0,0,0,0,0,0,0,0,0,0,0,0,0,0,0,0,0,0,0,0,0,0,0,0,0,0,0,0,0,0,0,0,0,0,0,0,0,0,0,0,0,0,0,0,0,0,0,0,0,0,0,0,0,0,0,0,0,0,0,0,0,0,0,0,0,0,0,0,0,0,0,0,0,0,0,0,0,0,0,0,0,0,0,0,0,0,0,0,0,0,0,0,0,0,0,0,0,0,0,0,0,0,0,0,0,0,0,0,0,0,0,0,0,0,0,0,0,0,0,0,0,0,0,0,0,0,0,0,0,0,0,0,0,0,0,0,0,0,0,0,0,0,0,0,0,0,0,0,0,0,0,0,0,0,0,0,0,0,0,0,0,0,0,0,0,0,0,0,0,0,0,0,0,0,0,0,0,0,0,0,0,0,0,0,0,0,0,0,0,0,0,0,0,0,0,0,0,0,0,0,0,0,0,0,0,0,0,0,0,0,0,0,0
"D294",0,0,0,0,0,0,0,0,16,0,0,5,0,30,0,0,0,0,0,0,0,0,0,0,0,1,0,0,0,0,0,0,0,0,738,0,0,0,0,0,0,0,0,0,0,4,0,1,0,0,0,0,0,0,0,0,0,0,0,0,0,48,0,0,0,0,0,0,0,0,0,5,0,0,0,0,0,626,0,0,0,0,0,481,3,0,31,0,0,0,0,0,0,1,0,0,459,0,0,0,0,0,0,0,0,0,0,0,0,0,0,0,0,0,0,0,17,1394,0,0,0,0,0,0,1018,0,0,4,0,2,0,0,0,0,0,0,0,0,0,0,0,0,0,4,8,0,0,0,0,0,0,0,0,0,0,0,0,0,4,0,0,0,0,11,0,0,0,0,0,0,0,39,181,0,0,0,0,6,0,0,0,0,7,0,0,0,0,0,0,0,0,0,0,0,0,0,0,0,199,0,0,0,0,0,0,0,0,57,0,224,0,4,7,0,0,0,0,0,0,24,0,0,0,0,0,0,0,0,0,0,0,0,0,0,0,0,0,0,3,0,0,0,0,0,0,51,0,0,0,0,0,0,2,0,0,0,0,0,19,0,1,0,0,0,0,0,14,0,0,20,0,0,0,0,0,0,0,0,0,0,0,0,0,0,0,5,0,0,3,0,0,0,0,0,0,0,0,0,3,0,0,553,0,0,2,5,0,0,0,0,0,8,0,0,0,0,0,0,0,0,0,0,100,0,0,0,0,0,0,194,0,0,0,0,0,0,0,0,0,0,0,0,0,0,0,0,0,0,55,0,0,0,0,0,0,0,0,306,0,0,2,0,0,0,68,0,0,0,0,0,0,0,0,204,0,0,0,0,0,0,0,0,0,0,0,657,0,0,0,0,0,0,0,211,0,0,4,0,0,0,0,0,95,0,0,0,0,0,0,0,0,0,0,0,443,0,0,2706,734,0,0,0,0,0,0,0,0,0,0,0,0,0,2,0,159,0,0,0,0,0,0,0,0,0,0,0,0,0,2,0,0,0,0,0,0,0,0,0,0,0,0,0,0,0,0,0,0,0,0,0,0,0,1001,0,0,0,0,0,0,0,796,0,0,0,942,0,0,0,0,1,0,0,0,0,0,0,0,0,0,0,0,6,0,0,0,0,0,0,0,0,0,0,0,0,0,0,3387,3,0,26,0,0,0,33,0,0,1,2
"D295",0,0,0,0,0,0,0,0,11663,0,0,0,0,0,0,0,0,0,0,0,0,0,0,0,0,0,0,0,0,0,0,0,0,0,57,5,0,0,0,0,0,0,0,0,0,0,0,0,0,514,0,0,0,0,0,0,0,0,48,0,0,0,0,11,0,4,0,2,0,0,0,0,0,0,0,0,0,0,0,200,0,0,0,0,29,0,0,0,0,0,0,0,0,0,0,0,0,0,0,0,0,0,0,0,12,0,0,0,0,0,0,0,0,0,0,0,0,0,0,0,0,0,0,0,0,0,0,63,0,0,0,0,0,0,0,0,0,0,0,0,0,0,0,0,0,0,0,0,0,0,0,0,0,0,0,0,0,0,0,0,0,0,0,0,0,0,0,0,0,0,0,0,0,0,0,0,0,0,0,0,0,0,0,0,0,0,0,0,0,0,0,0,0,0,0,0,0,0,0,0,0,0,0,0,0,0,0,0,0,0,0,0,12077,0,0,0,0,0,0,0,0,0,0,0,0,0,0,0,0,0,0,4,0,0,0,0,0,0,0,0,0,0,0,0,0,0,0,0,2,0,0,0,0,0,106,0,0,0,0,7,0,0,0,0,0,0,0,0,0,27,0,0,0,0,0,0,0,0,0,0,0,0,0,0,0,0,0,0,0,0,0,0,0,0,0,0,0,0,27,0,0,0,0,0,0,89,0,0,0,0,0,0,0,0,0,0,0,0,0,0,0,0,0,0,0,0,0,0,0,0,0,0,0,0,0,0,0,0,0,0,0,0,0,90,0,0,0,0,0,0,0,0,0,0,0,0,0,0,0,0,0,0,0,0,0,0,0,0,0,0,0,0,0,0,0,0,0,0,0,0,0,0,0,0,0,0,0,32,0,0,0,0,0,0,0,0,0,0,0,158,6,0,0,0,0,0,0,0,162,0,0,0,0,0,0,0,0,0,0,0,0,0,0,0,0,0,0,0,0,0,0,34,0,0,0,0,0,0,0,0,0,0,0,0,0,0,0,0,0,0,9,0,0,0,0,0,0,0,0,0,0,0,0,0,0,0,0,0,0,0,0,0,0,0,0,0,0,0,2,0,0,0,0,0,0,0,0,0,0,0,0,0,0,0,0,0,0,0,0,0,0,0,0,0,0,0,0,0,0,0,0,0,0,0,0,0,0,0,0,0,0,0,0,0,0,0,27,0
"D296",0,10,0,0,0,0,0,10,0,213,0,4,0,0,10,0,14,0,531,0,0,0,0,0,3,5,0,0,0,0,25,317,0,0,0,0,10,30,0,3,14,91,0,0,0,187,3,0,0,0,15,41,4,18,0,0,17,0,0,14,0,0,0,0,29,0,14,0,6,12,0,10,0,0,0,103,0,0,5,0,78,27,39,0,2,0,3,0,0,0,4,0,0,0,3,1,2,0,7,0,0,2,0,9,0,0,0,21,0,0,0,0,2,0,0,0,0,85,0,0,6,7,53,0,0,5,0,0,0,0,0,0,3,0,14,0,0,0,0,0,0,5,44,0,0,69,2,8,0,0,0,0,0,15,0,0,0,0,3,0,1,4,11,0,1,23,5,7,18,0,65,3,0,0,0,12,89,19,0,5,8,0,0,5,310,24,0,45,0,0,0,0,0,0,0,0,0,0,2,0,0,3,0,0,66,0,3,0,12,0,234,0,0,2,0,0,0,0,0,0,0,0,0,0,19,0,0,21,0,0,5,2,0,0,0,1,0,4,0,0,0,0,0,0,0,53,19,47,0,27,0,4,24,0,0,3,10,0,0,0,1,68,0,0,0,7,0,0,0,8,0,0,0,0,0,0,0,0,92,4,0,31,0,80,0,12,14,0,18,0,4,0,0,0,0,233,164,47,0,0,333,0,47,0,0,2,0,2,0,0,10,0,0,2,65,0,130,0,0,0,1,10,2,0,175,4,8,0,0,4,0,0,2,1,0,0,0,290,3,0,3,0,0,0,17,0,5,0,0,31,13,83,2,95,0,0,0,0,2,0,2,77,2,0,0,27,0,0,0,0,31,0,0,0,0,0,31,0,4,0,0,2,0,8,0,3,0,2,0,0,0,0,10,0,11,180,6,0,85,0,0,0,0,4,12,0,0,0,0,0,11,0,683,0,40,0,0,0,0,0,0,7,0,10,8,2,5,0,17,0,0,0,2,0,0,0,1,1400,0,3,0,0,0,2,20,2,368,102,37,0,0,0,2,0,0,0,25,122,3,1,17,0,11,22,15,0,0,0,0,0,0,0,2,0,2,17,32,3,0,8,2,17,0,2,0,0,0,4,0,14,0,0,224,0,23,0,15,212,0,0,18,2,13,0,0,0,21,2,0,0,0,11,89,31,1,0,5,9,2,0,3,615,0,0,11,5,0,2
"D297",0,0,0,0,0,0,0,0,0,0,0,0,0,0,0,0,0,0,0,0,0,0,0,0,0,0,0,0,0,0,0,0,0,0,0,0,0,0,0,0,0,0,0,0,6,0,0,0,0,0,0,0,0,0,0,0,0,0,0,0,0,0,0,0,0,3,0,0,0,0,0,0,0,0,56,0,0,10,0,0,0,0,0,0,0,0,0,0,0,0,0,0,0,0,0,0,0,0,0,0,35,0,0,0,0,0,0,0,0,0,0,0,0,0,0,0,0,0,0,0,0,0,0,0,0,0,0,0,0,0,0,0,0,0,0,0,0,0,0,0,0,0,0,0,0,0,0,0,0,0,0,0,0,0,0,0,0,0,0,0,0,0,0,0,0,0,0,0,0,0,0,0,0,0,0,0,0,0,0,0,0,0,0,0,0,0,0,0,0,0,0,0,0,0,0,0,0,0,0,0,0,157,0,0,0,0,0,0,0,0,0,0,0,0,0,0,0,0,0,0,0,0,0,0,0,0,177,0,0,0,0,0,0,0,0,0,0,0,0,0,0,0,0,65,0,0,0,0,0,0,0,0,0,0,0,0,0,0,0,0,0,0,0,0,0,0,0,0,0,0,0,0,0,0,0,0,0,0,0,0,0,0,0,0,0,0,0,0,0,0,0,0,0,0,0,0,0,0,0,0,0,0,0,0,0,0,0,0,0,0,0,0,0,0,0,0,0,0,0,0,0,0,0,0,0,0,0,0,0,0,0,0,0,0,0,0,0,0,0,29,0,0,0,0,0,0,0,0,0,0,0,0,0,0,0,0,0,0,0,0,0,0,0,0,0,0,0,0,0,0,0,0,0,0,0,50,0,0,0,0,0,0,0,0,0,0,0,0,0,0,0,0,0,0,0,0,0,0,0,0,0,0,0,0,0,0,0,0,0,0,0,0,0,0,0,0,0,0,0,0,0,0,0,0,0,0,0,0,0,218,0,0,0,0,0,0,0,0,0,0,1038,0,0,0,0,0,0,0,0,0,0,0,0,128,0,0,0,0,0,0,0,0,0,0,0,0,895,0,0,0,0,0,0,0,0,0,0,0,0,0,0,0,0,0,0,0,0,0,0,0,0,14218,0,0,0,0,0,0,0,0,0,0,0,0,0,0,194,0,0,0,0,0,0,0,0,0,0,0,0,0,0,0,0,0,0,0,0,0
"D298",0,0,0,0,0,0,0,0,0,0,0,0,0,0,0,0,0,0,0,0,0,0,0,0,0,0,0,0,0,0,0,0,0,0,0,0,0,0,0,0,0,0,0,0,0,0,0,0,0,0,0,0,0,0,0,0,0,0,0,0,0,0,0,0,0,0,0,0,0,0,0,0,0,0,0,0,0,0,0,0,0,0,0,0,0,0,0,0,0,0,0,0,0,0,0,0,0,0,0,0,0,0,0,0,0,0,0,0,0,0,0,0,0,0,0,0,0,0,0,0,0,0,0,0,0,0,0,0,0,0,0,0,0,0,0,0,0,0,0,0,0,0,0,0,0,0,0,0,0,0,0,0,0,0,0,0,0,0,0,0,0,0,0,0,0,0,0,0,0,0,0,0,0,0,0,0,0,0,0,0,0,0,0,0,0,0,0,0,0,0,0,0,0,0,0,0,0,0,0,0,0,0,0,0,0,0,0,0,0,0,0,0,0,0,0,0,0,0,0,0,0,0,0,0,0,0,0,0,0,0,0,0,0,98815,0,0,0,0,0,0,0,0,0,0,3,0,0,0,0,0,0,0,0,0,5,0,0,0,0,0,0,0,0,0,0,0,0,0,0,0,0,0,0,0,0,0,0,0,0,0,0,0,0,0,0,0,0,0,0,0,0,0,0,0,0,0,0,0,58,0,0,0,0,0,0,44,0,0,0,0,0,0,30,0,0,0,0,0,0,0,0,0,0,0,0,0,0,0,0,0,0,0,0,0,0,0,0,0,0,0,0,0,0,0,0,0,0,0,0,0,0,0,0,0,0,0,0,0,0,0,0,0,0,0,0,0,0,0,0,0,0,0,0,0,0,0,0,0,0,0,0,0,0,0,0,0,0,0,0,0,0,0,0,0,0,0,0,0,0,0,0,0,0,0,0,0,0,0,0,0,0,0,0,0,0,0,0,0,0,0,0,0,0,0,0,0,0,0,0,0,0,0,0,0,0,0,0,0,0,0,0,0,0,0,0,0,0,0,0,0,0,0,0,0,0,0,0,0,0,0,0,0,0,0,0,0,0,0,0,0,0,0,0,0,0,0,0,0,0,0,0,0,0,0,0,0,0,0,0,0,0,0,0,0,0,0,0,0,0,0,0,0,0,0,0,0,0,0,0,0,0,0,0,0,0,0,0,0,0,0,0,0,0,0,0,0,0,0
"D299",10,11,25,0,13,7,15,0,0,0,0,5,0,0,0,0,0,0,0,0,0,2,190,7,0,0,0,0,0,5,0,0,0,0,0,0,0,0,0,0,0,0,4,0,0,0,0,0,0,0,0,112,0,25,0,13,7,2,0,4,0,0,1,0,0,0,0,0,0,0,0,0,5,0,0,25,0,0,0,0,18,0,0,0,2308,44,0,28,0,0,0,0,12,0,0,0,0,2,2,0,0,10,15,0,0,0,0,0,0,11,0,0,0,0,0,1,29,0,0,0,13,0,4,0,0,0,0,0,0,0,0,10,0,0,26,0,0,2,32,3,0,3,21,0,0,8,0,0,7,0,0,15,11,0,0,0,11,0,0,0,0,0,0,0,2,0,0,0,0,2,0,0,0,0,0,3,0,0,0,5,0,2,0,0,0,0,2,0,0,2,0,254,6,0,5,0,0,0,0,0,0,0,0,151,2,24,0,0,3,0,0,0,0,0,0,2,79,6,0,0,0,0,0,4,0,0,0,3,28,0,0,2,0,26,16,7,0,2,0,4,0,0,1,0,3115,0,0,0,0,4,2,0,315,0,0,0,4,5,0,0,0,4,0,0,0,0,0,0,6,0,0,0,0,18,3,0,0,198,7,0,15,0,0,0,0,0,0,2,0,0,5,2,0,0,6,20,6,0,528,0,3,0,0,2,0,0,3,0,33,63,7,0,0,5,10,1,31,0,0,0,2,0,0,0,5,271,6,4,5,0,9,9,21,0,5,0,0,8,3,0,0,0,0,0,0,30,0,0,0,17,0,0,4,67,4,0,2,0,0,0,0,3,20,145,0,0,0,0,0,57,2,0,0,0,0,0,0,0,0,13,17,0,0,0,0,0,138,0,0,0,0,83,0,0,0,0,0,3,0,453,0,0,0,0,3,0,0,0,5,0,3,0,0,0,7,0,0,0,0,0,0,9,0,0,0,0,0,0,0,0,0,0,3,0,0,0,0,117,0,0,0,0,0,0,0,1,2,2,4,1,16,62,0,0,0,22,0,0,19,0,0,0,0,0,0,0,0,19,0,33,0,0,0,0,107,0,4,0,0,4,0,3,0,188,0,0,3,0,2,0,0,0,0,26,2,0,0,51,1,3,4,0,0,0,0,0,183,0,1,3,0,4,6,0,0,0,0,0,0,0,0,108,0,0,0,0,0,0
"D300",0,13,47,0,0,3,0,67,0,50,0,2,0,0,12,0,13,0,67,0,3,0,0,0,0,15,0,0,0,0,18,761,0,0,0,0,7,3,0,2,37,55,1,0,0,15,0,0,0,0,24,0,14,9,0,0,0,9,0,9,0,8,4,10,13,0,2,0,5,53,0,14,18,31,0,678,0,0,0,0,0,63,0,0,0,0,4,0,3,7,4,0,15,37,7,40,0,3,261,0,0,0,362,0,0,35,0,38,0,0,0,0,1,0,0,6,94,269,0,0,3,80,29,0,0,52,0,0,0,0,3,0,4,0,5,9,0,0,0,52,0,32,12,0,3,108,4,6,0,26,0,0,0,6,0,0,213,43,8,2,6,4,9,0,10,16,0,0,27,3,0,0,0,0,0,14,17,48,12,14,6,13,7,4,88,12,0,15,0,0,0,65,0,0,0,0,0,0,75,5,0,0,3,0,46,0,0,0,56,0,16,19,0,6,0,2,0,3,0,4,21,0,120,0,3,38,0,10,0,0,4,0,91,0,160,0,0,9,0,23,18,2,0,0,0,7,7,32,0,146,18,10,198,0,0,2,16,0,0,0,0,12,0,0,2,25,0,0,0,1,2,0,1,3,0,0,3,0,36,10,0,14,0,4,2,0,24,0,32,0,14,4,22,0,0,103,103,8,1,0,40,2,2,2,0,4,11,0,0,23,2,5,0,0,12,0,164,0,0,2,3,62,7,65,39,0,11,0,0,191,0,0,0,0,0,0,0,36,0,0,1,175,0,0,134,41,9,0,0,0,0,155,0,421,0,0,2,0,0,621,6,59,105,0,0,50,0,4,0,0,2,1,0,0,0,0,234,0,23,23,0,76,0,0,13,2,217,16,0,4,7,0,35,2,0,38,10,0,201,0,0,0,16,8,25,0,0,0,0,0,14,0,715,6,93,0,0,3,0,0,0,10,0,17,48,2,1,0,25,0,5,0,4,0,2,0,34,605,0,0,0,0,40,0,20,4,177,80,54,0,0,0,128,0,0,0,66,247,593,12,16,0,28,4,0,3,0,0,0,0,0,13,0,0,0,0,44,46,0,52,3,20,9,0,161,0,2,44,0,135,0,0,23,4,106,28,18,185,0,0,34,0,27,0,0,0,0,8,1,0,0,9,0,342,25,0,2,89,41,0,1,346,0,1,3,0,0,38
"D301",0,0,0,0,0,0,0,0,0,0,0,0,0,0,0,0,0,0,0,0,0,0,0,0,0,0,0,0,0,0,0,0,0,0,0,0,0,0,0,0,0,0,0,0,0,0,0,0,0,0,0,0,0,0,0,0,0,0,0,0,0,0,0,0,0,0,0,0,0,0,0,0,0,0,0,0,0,0,0,0,0,0,0,0,0,0,0,0,0,0,0,0,0,0,0,0,0,0,0,0,0,0,0,0,0,0,0,0,0,0,0,0,0,0,0,0,0,0,0,0,0,0,0,0,0,0,0,0,0,0,0,0,0,0,0,2135,0,0,0,0,0,0,0,0,0,0,0,0,0,0,0,0,0,0,0,0,0,0,0,0,0,0,0,0,0,0,0,0,0,0,0,0,0,0,0,0,0,0,0,0,0,0,0,0,0,0,0,0,0,0,0,0,0,0,0,0,0,0,0,0,0,0,0,0,0,0,0,0,0,0,0,0,0,0,0,0,0,0,0,0,0,0,0,0,0,0,0,0,0,0,0,0,0,0,0,0,0,0,0,0,0,0,0,0,0,0,0,0,0,0,0,0,0,0,0,0,0,0,0,0,0,0,0,0,0,0,0,0,0,0,0,0,0,0,0,0,0,0,0,0,0,0,0,0,0,0,0,0,0,0,0,0,0,0,0,0,0,0,0,0,0,0,0,0,0,0,0,0,0,0,0,0,0,0,0,0,0,0,0,0,0,0,0,0,0,0,0,0,0,0,0,0,0,0,0,0,0,0,0,0,0,0,0,0,0,0,0,0,0,0,0,0,0,0,0,0,0,0,0,0,0,0,0,0,0,0,0,0,0,0,0,0,0,0,0,0,0,0,0,0,0,0,0,0,0,0,0,0,0,0,0,0,0,0,0,0,0,0,0,0,0,0,0,0,0,0,0,0,0,0,0,0,0,0,0,0,0,0,0,0,0,0,0,0,0,0,0,0,0,0,0,0,0,0,0,0,0,0,0,0,0,0,0,0,0,0,0,0,0,0,0,0,0,0,0,0,0,0,0,0,0,0,0,0,0,0,0,0,0,0,0,0,0,0,0,0,0,0,0,0,0,0,0,0,0,0,0,0,0,0,0,0,0,0,0,0,0,0,0,0,0,0,0,0,0,0,0,0,0,0,0,0,0,0,0,0,0,0,0,0,0,0,0,0,0,0,0,0
"D302",0,0,0,0,0,2,0,0,0,0,0,0,0,0,0,0,0,0,0,0,0,4,0,0,0,0,0,0,135,0,0,0,0,0,0,0,0,0,0,0,0,0,0,0,0,0,0,37,0,0,591,0,0,0,0,0,0,0,208,0,0,0,0,0,0,0,0,0,0,0,0,5,0,0,85,0,0,0,0,0,0,0,0,0,0,0,0,0,0,0,0,0,0,0,0,0,0,0,0,0,0,0,0,0,0,0,0,0,5,0,0,0,0,0,0,0,0,0,0,0,0,0,0,0,2,0,0,0,0,0,0,0,0,2,0,0,4,0,0,0,0,0,0,0,0,0,0,0,0,0,0,0,0,0,0,0,0,0,0,114,0,0,0,0,0,0,0,0,0,0,0,1,0,0,0,0,0,0,0,0,0,0,0,0,0,0,0,0,0,7,0,0,0,91,0,0,0,0,0,0,0,3,0,0,0,0,0,0,0,0,0,0,0,0,22,0,0,0,0,0,0,0,0,0,0,0,99,0,0,65,0,0,0,0,0,0,0,0,0,0,0,0,0,0,0,0,0,0,2,0,0,0,0,0,0,0,0,0,0,0,0,0,0,20,0,0,0,0,0,20,0,0,0,0,26,0,0,0,0,0,0,0,0,0,0,0,0,0,0,0,0,0,0,87,0,0,0,0,64,0,0,0,0,0,0,2,0,0,0,0,0,9,161,0,0,0,0,0,0,1,0,0,0,0,0,0,0,0,0,0,0,0,0,0,0,0,0,0,0,11,0,0,0,0,0,0,0,0,0,0,0,0,0,0,0,0,0,0,0,0,0,0,0,0,0,0,0,0,0,0,0,0,0,0,0,3,0,0,0,0,0,0,0,0,0,0,0,0,0,0,0,0,0,0,0,0,0,0,0,3,0,0,0,0,0,0,0,0,5,0,0,0,0,0,0,0,0,0,0,0,0,0,0,0,0,0,0,0,0,2,0,139,0,0,0,0,0,0,0,0,140,0,0,0,0,0,0,0,0,0,0,0,0,16,0,0,0,0,0,0,0,0,0,0,0,0,490,0,0,0,0,0,0,0,0,0,0,0,0,0,0,0,0,0,0,841,0,0,0,0,0,5767,0,0,0,0,0,0,0,0,0,0,0,0,0,0,225,0,0,0,0,0,0,0,0,0,0,0,0,0,0,0,0,0,0,0,0,0
"D303",14,0,0,1186,2,25,0,0,428,0,11,19,5,0,0,0,0,0,0,0,0,86,7,0,0,0,0,36,6,0,0,0,2,28,7,5,0,0,7,0,0,0,0,5,0,0,0,0,0,83,9,11,28,0,15,2,6,0,0,0,704,0,0,23,0,0,0,3,0,0,116,0,6,0,0,0,4,0,52,15,0,0,0,0,0,0,0,0,0,0,1,0,0,0,0,0,0,0,0,113,4,3,0,0,6651,0,1455,0,43,8,389,66,0,0,2,2,0,0,0,203,15,0,0,64,0,0,0,22,47,0,0,0,0,6,0,0,1,11,0,9,0,0,0,686,0,0,0,0,2,0,1,0,21,0,3683,0,0,0,0,36,0,1,0,25,0,0,37,0,0,0,0,0,0,0,7,0,0,0,0,0,0,0,0,0,0,0,0,1,0,38,0,0,3,15,2,233,48,4,4,0,0,11,0,3,6,0,0,0,0,1,0,0,193,0,2,2,0,1,65,0,0,8,0,3,0,0,0,0,5,0,0,1778,0,16,0,0,0,0,11,0,0,0,14,4,27,0,0,0,1,0,0,6,7,434,46,0,0,9,147,0,6,0,4,4,0,0,0,6,0,2,0,0,0,0,42,16,0,0,0,0,0,0,47,0,6,0,0,43,0,10,0,0,0,1,0,0,0,0,62,0,0,0,6,0,2,143,0,33,0,0,0,16,18,2,0,0,0,33,21,19,0,0,0,9,0,8,0,172,0,0,3,31,0,0,3,0,0,0,0,0,0,0,162,16,0,0,0,0,0,0,0,0,0,0,0,5,0,0,0,0,0,19,0,0,0,0,168,0,38,9,0,0,13,0,0,10,0,6,0,0,0,0,0,0,0,0,0,0,67,20,0,40,0,0,0,0,0,0,0,30,218,0,0,0,0,0,0,66,35,16,0,0,0,8,0,0,0,0,0,2004,220,3,0,2,0,0,0,208,0,0,0,5,0,0,0,43,78,7,0,0,8,25,0,7,0,0,2,3,0,0,6,0,0,137,4,156,0,0,1,0,0,0,3,0,0,63,0,4,0,1,26,0,0,0,0,0,0,0,0,0,0,0,0,0,0,5,0,0,0,10,50,0,0,0,9,0,0,0,11,58,0,0,0,0,0,0,0,0,6,0,0,0,0,0,0,73,0,0,0,4,0,0,0,0,0,0,13,0
"D304",0,0,0,164,4,0,2,0,7,0,0,0,0,0,0,0,0,0,0,0,0,5,0,0,0,0,0,67,9,0,0,0,2,0,0,1,0,0,0,0,0,0,0,0,0,0,0,7,0,1,6,17,9,0,30,0,0,0,0,0,11,0,0,6,0,0,0,9,0,0,35,0,2,0,0,0,0,0,0,0,0,0,0,0,0,4,0,0,0,0,0,0,0,0,0,0,0,0,0,42,4,0,0,0,835,0,50,0,4,3,97,0,0,4,0,0,0,0,0,0,0,0,0,112,0,0,0,0,6,0,0,0,0,0,0,0,0,0,0,0,0,0,0,7,0,0,0,0,0,0,0,0,12,0,354,0,0,0,0,18,0,0,0,9,0,0,8,0,0,0,0,0,0,0,2,0,0,0,0,0,0,0,0,0,0,0,0,0,0,0,0,0,0,4,2,146,13,2,0,0,0,2,0,0,0,0,0,0,0,0,0,0,9,0,0,0,0,0,3,0,0,0,0,0,0,0,0,0,0,0,0,502,0,1072,0,0,0,0,9,0,0,0,0,0,1,0,0,0,0,0,0,0,2,0,14,0,0,3,13,0,0,0,6,0,0,0,0,0,0,0,0,0,0,0,5,3,0,0,1,0,0,0,17,0,2,0,0,3,0,0,0,0,0,3,0,0,0,0,653,0,1,0,0,0,0,34,0,0,4,0,0,5,0,0,0,0,0,5,2,10,0,0,0,0,0,0,0,8,0,0,3,17,0,0,0,0,0,0,0,0,0,0,0,0,0,0,0,0,0,0,0,0,0,0,0,0,0,0,0,0,0,0,0,0,0,0,95,0,27,1,0,0,50,0,2,0,0,0,0,0,2,0,0,0,0,0,0,0,28,0,0,2,0,0,0,0,0,0,0,0,0,0,0,0,0,0,5,48,14,4,0,0,0,2,0,0,0,0,0,26,78,0,0,0,0,0,0,0,0,0,0,3,0,0,0,10,0,0,0,0,0,0,0,0,0,1,0,0,0,0,0,2,0,0,65,147,0,0,2,0,0,0,0,0,0,20,0,0,0,0,16,0,0,0,0,0,0,0,0,0,0,0,0,0,0,5,0,0,0,0,24,0,0,0,0,0,0,3,0,6,0,0,3,0,0,0,0,0,0,0,0,0,0,0,0,0,0,0,0,0,0,0,0,0,0,0,0,0
"D305",3,0,0,0,0,6,0,0,0,0,2,0,0,0,0,0,0,0,0,0,0,0,0,0,0,0,0,0,0,0,0,0,1,11,0,0,0,0,0,0,0,0,0,0,0,0,0,0,0,0,2,2,0,0,0,2,0,0,0,0,5,0,0,5,0,0,0,0,0,0,0,0,0,0,0,0,0,0,0,0,0,0,0,0,0,0,0,3,0,0,0,0,0,0,0,2,0,0,0,0,0,0,0,0,72,0,0,0,0,0,0,0,0,0,0,0,2,0,0,0,2,0,0,0,0,0,0,0,0,0,0,0,0,0,0,603,0,0,0,0,0,0,0,0,0,0,0,0,0,0,0,0,0,0,4,0,0,0,0,8,0,0,0,15,0,0,0,0,0,0,0,0,0,1,0,0,0,0,0,0,0,0,0,0,0,0,0,0,0,0,3,0,0,0,0,2,0,0,1,0,0,0,0,0,0,0,0,0,0,0,0,0,7,0,4,0,0,0,0,0,0,0,0,0,0,0,0,0,0,0,0,4,0,0,0,0,0,0,0,0,0,0,0,0,0,0,0,0,6,0,0,0,0,0,7,0,0,0,5,0,0,0,2,0,0,0,0,0,0,0,0,0,0,0,18,0,0,0,0,0,0,0,0,0,0,0,0,0,0,0,0,0,0,5,0,0,0,0,0,0,0,0,0,0,0,33,0,6,0,0,0,0,0,9,0,0,0,0,0,0,0,0,0,0,0,0,0,0,0,0,0,5,0,0,0,0,0,0,0,0,0,0,0,0,0,0,0,0,0,0,0,0,0,0,0,5,0,0,0,0,0,0,0,0,0,0,0,0,0,0,0,0,0,0,3,0,0,0,0,0,0,0,0,0,0,0,0,0,0,0,0,0,0,0,0,0,0,0,0,0,0,0,0,0,0,0,2,0,15,4,0,0,0,0,0,0,0,0,0,0,0,0,0,0,0,0,0,2,0,0,0,0,0,0,0,0,0,0,0,0,0,0,0,0,0,0,0,0,0,0,0,0,0,0,0,138,0,0,0,0,0,0,0,0,0,0,0,0,0,0,0,0,0,0,0,0,0,0,0,0,0,0,0,0,0,0,0,0,0,0,0,0,0,4,0,0,0,0,0,15,0,0,0,0,0,0,0,0,0,4,0,0,0,0,0,0,0,0,0,0,0,0,0,0,0,0,0,0
"D306",16,0,462,0,6,0,0,0,0,0,0,0,0,119,0,19,0,0,0,0,0,0,0,42,0,0,0,0,0,0,0,0,16,0,0,336,0,0,0,0,0,0,0,0,0,10,0,0,0,0,74,0,85,0,0,0,0,0,0,0,0,9,0,12,14,0,0,0,0,0,0,0,0,0,0,148,0,0,217,0,0,0,0,0,0,0,2,1104,0,10,148,0,0,0,0,0,0,0,0,0,0,10,0,0,0,0,0,0,14,46,0,0,0,897,32,0,0,146,0,0,0,0,0,0,0,14,0,0,0,0,0,0,0,0,0,0,0,0,16,4,0,0,0,0,0,0,0,0,0,0,1122,0,0,0,0,0,0,0,0,123,34,0,0,0,0,0,234,0,31,141,0,0,0,2,0,0,0,0,0,0,0,5,0,0,0,0,46,0,0,0,0,5,0,0,0,0,0,0,3573,0,0,0,0,0,4,0,0,0,0,0,0,0,0,0,0,0,0,1,0,17,0,0,210,0,0,58,0,259,0,0,0,0,0,0,0,0,0,0,0,0,0,0,0,0,0,8,0,0,0,0,0,0,0,0,0,0,0,0,0,0,23,0,5,0,0,0,0,0,0,12,0,0,0,0,320,0,0,0,0,0,0,0,0,0,0,0,0,0,0,0,0,0,0,0,0,0,0,0,0,0,7,0,0,0,0,0,0,0,0,519,3,305,0,0,712,0,0,0,0,0,0,0,1248,0,0,0,134,0,0,5078,0,45,28,0,0,0,0,0,0,0,0,0,0,0,0,6,0,0,0,0,0,0,0,0,0,0,0,60,0,0,4,0,0,0,995,0,0,0,0,0,0,0,0,0,0,0,5,2,2,0,0,0,0,7,264,0,0,0,0,0,0,0,0,0,0,0,4,0,11,0,0,0,0,0,0,7,0,0,0,0,0,0,0,0,0,0,0,0,0,0,0,0,0,0,0,0,0,0,0,0,0,0,11,0,0,0,0,0,0,0,0,0,0,0,0,0,0,0,0,0,0,0,0,0,0,0,0,0,0,0,0,0,0,0,0,0,0,0,0,0,0,40,0,0,0,0,0,0,0,0,0,0,2,0,0,0,0,0,0,0,0,0,0,1,5,0,0,5,0,0,0,0,0,0,0,10,2,0,6,0,0,0,4,0,12,0,0,0,0,19,0,0,0,97,0,0,0,72
"D307",0,0,0,0,0,0,0,3,0,0,0,0,0,0,0,0,0,0,0,0,0,0,0,0,0,0,0,0,43,0,0,0,0,1,0,0,0,0,0,0,0,0,0,0,0,0,0,8,0,0,21,0,0,0,0,0,0,0,72,0,0,0,0,0,0,0,0,18,0,0,0,0,0,0,1,0,0,0,0,0,0,0,0,0,0,0,0,0,0,0,0,0,0,0,0,0,0,0,0,0,0,0,0,0,0,0,0,0,8,0,0,0,0,0,0,0,0,0,0,0,0,0,0,0,0,0,0,0,0,0,0,0,0,2,0,0,0,0,0,0,0,0,0,0,0,0,0,0,0,0,0,0,124,0,0,0,0,0,0,284,0,0,0,0,0,0,0,0,0,0,0,0,0,0,0,0,0,0,0,0,0,0,0,0,0,0,0,0,0,2,0,0,0,77,0,0,0,0,0,0,0,4,0,0,0,0,0,0,0,0,0,0,0,0,32,0,0,0,0,0,0,0,0,2,0,0,6,0,0,227,0,0,0,0,0,0,0,0,0,0,0,0,0,0,0,0,0,0,0,0,0,0,0,0,0,0,0,0,0,0,0,0,0,0,0,0,0,0,0,0,0,0,0,0,292,0,0,0,0,0,0,0,0,0,0,0,0,0,0,0,0,0,0,1,0,0,0,0,0,0,0,0,0,0,0,81,0,0,0,0,0,22,3673,0,0,0,0,0,0,0,0,0,0,0,0,0,0,0,0,0,0,0,0,0,0,0,0,0,0,11,0,0,0,0,0,0,0,0,0,0,0,0,0,0,0,0,0,0,0,0,0,0,0,0,0,0,0,0,0,0,0,0,0,0,0,0,0,0,0,0,0,0,0,0,0,0,0,0,0,0,0,0,0,0,0,0,0,0,0,18,83,0,0,0,0,0,0,0,9,0,0,0,0,0,0,0,4,0,0,0,0,0,0,0,0,0,0,41,0,0,0,0,0,0,0,0,0,0,0,0,3,5,0,0,0,0,0,0,0,0,0,0,0,122,0,0,0,0,0,0,0,0,0,0,0,0,6,0,0,0,0,0,0,0,0,0,0,0,0,0,0,0,0,0,0,4,0,0,0,0,0,1144,0,0,0,0,0,0,0,0,0,0,0,0,0,0,373,0,0,0,0,0,0,0,0,0,0,0,0,5,0,0,0,0,0,0,0,0
"D308",0,0,0,0,28,13,0,0,0,0,0,0,0,0,0,0,0,0,0,0,0,0,0,0,0,0,0,0,0,54,0,0,0,1,0,0,0,0,0,0,0,0,0,0,0,0,0,0,0,0,0,0,0,0,16,0,0,0,0,0,11,0,0,0,0,0,0,0,0,0,0,0,0,0,0,0,0,2,0,0,0,0,0,0,0,0,0,0,0,0,0,0,0,0,0,0,0,0,0,0,0,0,0,0,59,0,0,0,69,0,0,0,0,0,0,0,0,0,0,5,0,0,0,0,0,0,0,0,0,0,0,0,0,10,0,0,23,0,0,7,0,0,0,0,0,0,0,0,0,0,0,0,0,0,11,0,0,0,0,0,0,0,0,39,0,0,0,0,12,0,2863,4,0,0,0,0,0,0,0,0,2,0,0,0,0,0,0,0,0,0,0,0,0,0,0,0,0,0,0,0,0,0,0,0,0,0,0,0,0,19,0,0,0,0,0,0,0,0,0,0,0,0,0,0,0,0,0,0,0,0,0,45,0,0,0,0,0,0,0,0,0,0,0,0,0,0,0,0,0,0,0,0,57,16,15,0,0,0,6,0,0,0,5,5,0,0,0,0,0,0,0,0,0,0,0,0,0,0,0,0,0,0,0,0,0,0,0,0,0,0,0,0,0,0,0,0,0,0,0,0,0,0,190,0,0,3,0,0,0,0,0,8,0,0,0,0,0,0,0,0,0,0,0,0,0,0,0,0,0,0,0,2,0,0,0,0,0,0,0,0,0,0,0,0,0,0,0,0,0,0,0,0,0,0,0,0,10,0,0,0,0,0,0,0,0,0,0,0,0,0,0,0,0,0,0,0,0,9,0,0,0,0,0,0,0,0,0,7,0,0,0,0,0,0,0,0,0,0,0,0,0,0,0,4,0,0,0,0,0,0,0,0,0,47,20,0,0,0,0,11,5,0,0,0,0,0,0,0,0,0,0,0,0,0,0,0,0,0,0,0,0,0,0,0,0,0,0,0,0,0,105,0,0,0,0,0,0,18,0,0,0,0,0,0,0,0,0,0,0,0,0,0,0,0,0,0,0,0,0,0,0,0,0,0,0,0,0,0,0,0,0,0,0,0,0,0,0,0,0,0,0,0,0,0,0,0,0,0,0,0,0,0,0,0,0,4,0,0,0,0,0,0,0,0,0,0,0,0
"D309",0,0,0,0,0,0,0,0,0,0,0,0,0,0,0,0,0,0,0,0,0,0,0,0,0,0,0,0,0,0,0,0,0,0,0,0,0,0,0,0,0,0,0,13,0,0,0,0,0,0,0,0,0,0,0,1,74,0,0,0,0,0,0,0,0,0,0,0,0,0,0,0,0,0,0,0,0,0,0,0,0,0,0,0,0,0,0,0,0,0,0,0,0,0,0,0,0,0,0,0,0,0,0,0,0,0,0,0,0,0,0,0,66,0,2,0,0,0,0,0,0,0,0,0,0,0,0,0,0,0,0,0,0,0,0,0,0,0,0,0,0,0,0,0,0,0,0,3,0,0,0,0,0,0,0,0,0,0,0,0,0,0,0,0,0,0,0,2,2,0,82,0,0,0,0,0,0,0,0,0,6,0,0,0,0,0,0,0,0,0,0,0,0,0,0,0,0,0,0,0,0,4,3,2,0,0,0,0,0,0,0,0,0,0,0,0,0,0,0,0,0,0,0,0,0,0,0,0,0,0,0,0,0,0,0,5,0,0,0,0,0,0,0,0,0,0,0,0,0,0,0,0,0,0,0,0,0,0,0,0,0,0,0,0,0,0,0,0,0,0,0,0,0,0,0,0,0,0,0,0,0,0,0,0,0,0,0,0,0,0,0,0,0,0,0,22,0,0,0,0,0,0,0,0,0,0,0,0,0,0,0,0,0,0,0,0,0,0,0,0,8,0,0,0,0,0,9,0,0,0,0,0,0,0,0,0,0,0,46,0,0,3,0,0,0,0,0,0,0,36,0,0,0,0,0,0,0,0,0,0,0,0,0,4,0,0,10,0,0,0,0,0,0,0,0,0,0,0,0,0,0,0,0,0,0,0,0,0,0,0,0,0,0,0,0,0,0,0,0,0,0,0,0,0,0,0,0,0,0,0,0,0,0,0,0,0,0,0,0,0,0,0,0,0,0,0,0,0,0,0,0,0,0,0,0,0,0,0,0,0,0,0,0,0,0,0,0,0,0,0,0,0,0,0,0,0,7,0,0,0,0,0,0,0,0,0,0,0,0,0,0,0,0,0,3,0,0,3,0,0,0,0,0,0,3,0,0,0,0,0,0,0,0,0,0,0,0,0,0,0,0,0,0,0,0,0,82,0,0,0,0,0,0,0,0,0,0,0,0,0,0,3,0,0,0,0,0,0
"D310",0,0,0,0,0,0,0,0,0,0,0,0,0,0,0,0,0,0,0,6,0,0,0,0,0,0,0,0,0,0,0,0,0,0,0,0,0,0,0,0,0,0,0,0,2,0,0,0,0,2,0,0,0,0,0,1,0,0,0,0,0,0,0,0,0,0,0,0,0,0,0,0,0,0,0,0,0,0,0,0,2,0,0,0,0,0,0,0,0,0,0,0,0,0,0,0,0,0,0,0,0,0,0,0,3,0,0,0,0,0,0,0,0,0,0,0,0,0,2,0,0,0,0,0,0,0,0,0,0,0,0,0,0,0,0,1441,0,0,0,0,0,0,0,0,0,0,0,0,0,0,0,0,0,0,0,0,0,0,0,0,0,0,0,0,0,0,0,0,0,0,0,0,0,0,0,0,0,0,0,0,0,0,0,0,0,0,0,0,0,0,0,0,4,0,0,0,0,0,0,0,0,0,0,4,0,0,0,0,0,0,0,0,0,0,0,0,3,0,0,0,0,0,0,0,0,0,0,0,0,0,0,3,0,0,0,0,0,0,0,0,0,0,4,0,0,0,0,0,0,0,0,0,3,0,0,0,0,0,0,0,0,0,0,0,0,0,0,0,0,0,0,0,0,0,0,0,0,0,0,0,0,0,0,0,0,0,0,0,0,0,0,0,0,0,0,0,0,0,0,0,0,0,0,0,0,0,0,0,0,0,0,0,0,0,0,0,0,0,0,0,0,0,0,0,0,0,0,0,0,0,0,0,0,0,0,0,0,0,0,0,0,3,0,0,0,0,0,0,0,0,0,0,0,0,0,0,0,0,0,0,0,0,0,0,0,0,0,0,0,0,0,0,0,0,0,0,0,0,0,0,0,0,0,0,0,0,0,0,0,0,0,0,0,0,0,0,0,0,0,0,0,0,0,0,0,0,0,0,0,0,0,0,0,0,0,0,0,4,0,0,0,0,0,0,0,0,0,0,0,0,0,0,0,0,0,0,0,7,0,0,0,0,0,0,0,0,0,0,0,0,0,0,0,0,0,0,0,0,0,0,0,0,0,0,0,0,0,0,0,0,0,0,0,0,0,0,0,0,0,0,0,0,0,0,0,0,0,0,0,0,0,0,0,0,0,0,0,0,0,0,0,0,0,0,0,0,2,0,0,0,0,0,0,0,0,0,0,0,0,0,0,0,0,0,0,0,0,0
"D311",0,10,45,0,19,0,0,0,0,122,0,0,0,15,0,0,0,0,0,0,0,8,0,0,0,0,0,0,0,0,0,0,0,0,23,0,0,15,0,0,0,0,0,819,0,21,0,0,0,0,378,1346,0,0,10,0,0,0,0,58,0,0,0,0,71,0,0,1819,0,13,0,1,0,0,0,33,0,2,0,133,0,0,0,0,0,0,0,0,0,5,0,0,0,3,0,95,0,18,0,0,0,2,41,0,0,0,2,0,0,0,0,0,52,0,0,0,0,279,0,0,0,0,0,0,0,52,30,0,0,0,2,0,0,26,0,0,3494,0,0,713,0,0,0,0,0,0,0,0,0,0,0,0,2041,0,0,0,0,0,234,4,72,0,0,0,0,0,424,0,271,0,0,0,0,0,0,0,0,7,0,0,56,0,8,0,0,0,0,0,0,12,0,0,0,0,0,0,0,0,613,0,0,0,77,0,0,0,0,0,0,0,290,0,0,0,0,0,0,0,0,64,181,0,0,0,0,0,0,2,0,0,0,9,0,0,0,0,0,0,0,0,0,0,38,0,0,6,0,0,0,0,2,0,183,0,0,0,0,0,0,0,0,0,2,0,0,0,4,16,0,75,0,0,0,0,12,0,0,0,64,51,0,0,0,0,0,55,0,0,0,0,0,0,0,0,0,0,0,0,1095,0,0,0,0,0,0,0,0,0,0,0,0,67,0,0,0,0,0,0,0,0,0,0,0,66,15,0,0,509,0,409,0,0,0,0,0,0,0,0,2,0,0,0,0,0,0,0,0,0,0,0,0,91,0,0,0,0,0,0,143,0,51,0,0,0,0,0,0,0,0,0,2,0,0,0,0,0,0,16,0,0,0,218,0,2,0,0,0,24,0,0,0,0,0,0,42,0,333,0,0,0,0,0,0,4,0,0,0,0,282,0,0,0,0,0,231,0,0,20,0,0,0,0,0,0,0,0,0,0,0,0,131,0,0,0,0,0,141,0,0,0,0,0,21,0,0,0,0,37,0,0,0,0,0,0,0,0,0,755,17,0,0,0,0,0,0,0,0,0,0,0,0,349,0,0,0,0,0,0,0,25,10,1,65,0,1,192,0,0,0,0,0,0,0,0,2,0,0,3,0,0,0,160,0,0,0,0,14,0,0,0,0,0,0,25,0,0,0,10,0,28,31,0,0,257,0,0,234,0
"D312",0,0,0,0,0,0,0,0,0,0,0,0,0,0,0,0,0,0,0,0,0,0,0,0,0,0,0,0,0,0,0,0,0,0,0,0,0,0,0,0,0,0,0,0,0,0,0,0,0,0,0,0,0,0,0,0,0,0,0,0,0,0,0,0,0,0,0,0,0,0,0,0,0,0,0,0,0,0,0,0,0,0,0,0,0,0,1,0,0,0,4,0,0,0,0,0,0,0,0,0,0,0,0,0,0,0,0,0,0,0,0,0,0,0,0,0,0,0,0,0,0,0,0,0,0,0,0,0,0,0,0,0,0,0,0,1075,0,0,0,0,0,0,0,0,0,0,0,0,0,0,0,0,0,0,0,0,0,0,0,0,0,0,0,0,0,0,0,0,0,0,0,0,0,0,0,0,0,0,0,0,0,0,0,0,0,0,0,0,0,0,0,0,0,0,0,0,0,0,0,0,0,0,0,0,0,0,0,0,0,0,0,0,0,0,0,0,0,0,0,0,0,0,0,0,0,0,0,0,0,0,0,0,0,0,0,0,0,0,0,0,0,0,0,0,0,0,0,0,0,0,0,0,0,0,0,0,0,0,0,0,0,0,0,0,0,0,0,0,0,0,0,0,0,0,0,0,0,0,0,0,0,0,0,0,0,0,0,0,0,0,0,0,0,0,0,0,0,0,0,0,0,0,0,0,0,0,0,0,0,0,0,0,0,0,0,0,0,0,0,0,0,0,0,0,0,0,0,0,0,0,0,0,0,0,0,0,0,0,0,0,0,0,0,0,0,0,0,0,0,0,0,0,0,0,0,0,0,0,0,0,0,0,0,0,0,0,0,0,0,0,0,0,0,0,0,0,0,0,0,0,0,0,0,0,0,0,0,0,0,0,0,0,0,0,0,0,0,0,0,0,0,0,0,0,0,0,0,0,0,0,0,0,0,0,0,0,0,0,0,0,0,0,0,0,0,0,0,0,0,0,0,0,0,0,0,0,0,0,0,0,0,0,0,0,0,0,0,0,0,0,0,0,0,0,0,0,0,0,0,0,0,0,0,0,0,0,0,0,0,0,0,0,0,0,0,0,0,0,0,0,0,0,0,0,0,0,0,0,0,0,0,0,0,0,0,0,0,0,0,0,0,0,0,0,0,0,0,0,0,0,0,0,0,0,0,0,0,0,0,0,0,0,0,0,0,0,0,0
"D313",0,0,0,2197,2,19,0,0,99,0,31,0,0,0,0,0,0,0,0,5,0,82,0,0,0,0,0,11,0,13,0,0,26,21,15,19,0,0,0,0,0,0,0,0,0,0,0,0,0,337,0,37,0,0,2,0,0,0,0,0,308,0,0,0,0,0,0,181,0,51,0,0,0,0,0,0,0,0,33,1,0,0,0,0,0,0,0,0,0,0,0,0,0,0,0,0,0,0,0,198,0,0,0,0,10454,0,379,0,0,0,124,7,0,0,0,0,0,21,0,165,0,0,0,8511,0,0,0,60,38,0,0,0,0,31,0,0,18,0,0,0,0,0,0,99,0,0,0,0,0,0,0,0,37,0,1214,0,0,0,0,5,0,0,0,35,0,0,0,0,0,0,0,187,0,29,212,0,0,0,0,0,0,0,0,0,0,0,0,0,0,0,0,0,0,0,10,480,115,0,0,0,0,0,0,14,0,0,0,0,0,0,0,0,486,0,0,0,0,0,0,0,0,27,0,0,0,0,0,0,0,0,9,2658,0,128,0,0,0,0,0,0,0,0,0,0,59,0,0,0,5,0,0,0,0,331,17,0,0,6,7,5,30,0,0,0,0,0,0,0,0,0,0,0,0,0,0,39,0,0,3,0,0,0,83,0,0,0,0,58,0,0,0,0,0,0,0,0,0,0,412,0,0,0,0,0,0,38,0,2,0,0,0,0,1359,0,0,0,0,0,71,0,0,0,0,0,0,99,0,21,0,0,0,399,0,0,0,0,0,0,0,0,0,0,60,9,0,0,0,0,272,0,0,0,0,0,0,36,0,0,0,0,0,0,0,0,0,0,247,0,3,0,0,0,246,0,0,0,0,0,0,0,0,0,0,0,0,0,0,0,0,29,0,6,0,0,0,0,0,0,0,6,77,0,0,0,0,0,0,189,4,21,0,0,0,0,9,0,0,0,0,105,16,0,0,0,0,0,0,10,0,0,0,7,0,0,0,39,37,11,0,0,0,0,0,0,0,0,0,0,0,0,0,0,0,894,979,126,0,0,0,0,0,0,0,0,0,101,0,0,0,0,97,7,0,0,0,0,0,0,0,0,0,0,0,0,0,12,0,0,0,0,41,0,0,0,0,0,0,0,7,1,0,0,0,0,0,0,0,0,0,0,0,0,0,0,0,62,0,0,0,7,0,0,0,17,0,0,57,0
"D314",0,0,0,0,0,0,0,0,0,0,0,0,0,0,0,0,0,0,0,0,0,0,0,0,0,0,0,0,0,0,0,0,0,0,0,0,0,0,0,0,0,0,0,0,0,0,0,0,0,0,0,0,0,0,0,0,0,0,0,0,0,0,0,0,0,0,0,0,0,0,0,0,0,0,32,0,0,0,0,0,0,0,0,0,0,0,0,0,0,0,0,0,0,0,0,0,0,0,0,0,0,0,0,0,0,0,0,0,0,0,0,0,0,0,0,0,0,0,0,0,0,0,0,0,0,0,0,0,0,0,0,0,0,0,0,0,0,0,0,0,0,0,0,0,0,0,0,0,0,0,0,0,0,0,0,0,0,0,65,0,0,0,0,0,0,0,0,0,0,0,0,0,0,0,0,0,0,0,0,0,0,0,0,0,0,0,0,0,0,0,0,0,0,0,0,0,0,0,0,0,0,0,0,0,0,0,0,0,0,0,0,0,0,0,0,0,0,0,0,0,0,0,0,0,0,0,56,0,0,0,0,4,0,0,0,0,0,0,0,0,0,0,0,0,0,0,0,0,0,0,0,0,0,0,0,0,0,0,0,0,0,0,0,0,0,0,0,0,0,0,0,0,0,0,2,0,0,0,0,0,0,0,0,0,0,0,0,0,0,0,0,0,0,0,0,0,0,0,0,0,0,0,0,0,0,0,0,0,0,0,0,0,0,0,0,0,0,0,0,0,0,0,0,0,0,0,0,0,0,0,0,0,0,0,0,0,0,0,0,0,0,0,0,0,0,0,0,0,0,0,0,0,0,0,0,0,0,0,0,0,0,0,0,0,0,0,0,0,0,0,0,0,0,0,0,105,0,0,0,0,0,0,0,0,0,0,0,0,0,0,0,0,0,0,0,0,0,0,0,0,0,0,0,0,0,0,0,0,0,0,0,0,0,0,0,0,0,0,0,0,0,0,0,0,0,0,0,4,0,0,0,0,0,0,0,0,0,0,0,0,16,0,0,0,0,0,0,0,0,0,0,0,0,0,0,0,0,0,0,0,0,0,0,0,0,0,105,0,0,0,0,0,0,0,0,0,0,0,0,0,0,0,0,0,0,0,0,0,0,0,0,405,0,0,0,0,0,0,0,0,0,0,0,0,0,0,0,0,0,0,0,0,0,0,0,0,0,0,0,0,0,0,0,0,0,0,0,0
"D315",0,0,0,0,0,0,0,0,0,0,0,0,0,0,0,0,0,0,0,0,0,0,0,0,0,0,0,0,10,0,0,0,0,0,4,0,0,0,0,0,0,0,0,0,0,0,0,0,0,7,1,0,0,0,0,0,0,0,8,0,0,0,0,0,0,0,0,0,0,0,0,0,0,0,20,0,0,0,0,0,0,0,0,0,0,0,0,0,0,0,0,0,0,0,0,0,0,0,0,0,0,0,0,0,0,0,0,0,0,0,0,0,0,0,2,0,0,0,0,0,0,0,0,0,0,0,0,0,0,0,0,0,0,0,0,0,0,0,0,0,0,0,0,0,0,0,0,0,0,0,0,0,0,0,0,0,0,0,0,5,0,0,0,0,0,0,0,0,0,0,0,0,0,0,0,23,0,0,0,0,0,0,0,0,0,0,0,0,0,0,0,0,0,0,0,5,0,0,0,0,0,48,0,0,0,0,0,0,0,0,0,0,0,0,0,0,0,0,0,0,0,0,0,0,0,0,36,0,0,25,0,0,0,0,0,0,0,0,0,0,0,0,0,1,0,0,0,0,0,0,0,0,0,0,0,0,0,0,0,0,0,0,0,0,0,0,0,0,0,0,0,0,0,0,5,0,0,0,0,0,0,0,0,0,0,0,0,0,0,0,0,0,0,18,0,0,0,0,50,0,0,0,0,0,0,0,0,0,0,0,0,0,115,0,0,0,0,0,0,0,0,0,0,0,0,0,0,0,0,0,0,0,0,0,0,17,0,0,0,8,0,0,0,0,0,0,0,0,0,0,0,0,0,0,0,0,0,0,0,0,3,0,0,0,0,0,0,0,0,0,0,0,0,0,0,19,0,0,0,0,0,0,0,0,0,0,0,0,0,0,0,0,0,0,0,0,5,0,2,0,0,0,0,0,0,0,0,0,0,0,0,0,0,0,0,0,0,0,0,0,0,0,0,0,0,0,0,0,0,20,0,0,0,2,0,0,0,0,0,0,145,3,0,0,0,0,0,0,0,0,0,0,0,0,0,0,0,0,0,0,0,0,0,0,0,0,328,0,2,0,0,0,0,0,0,0,0,0,0,0,0,0,0,0,0,39,3,0,0,0,0,2466,0,0,0,0,0,0,0,0,0,0,0,0,0,0,597,0,0,0,0,0,0,0,0,0,0,0,0,0,0,0,0,0,0,0,0,0
"D316",0,0,0,0,0,0,0,0,0,0,0,0,0,0,0,0,0,0,0,0,0,0,0,0,0,0,0,600,0,0,0,0,0,0,0,0,0,0,0,0,0,0,0,0,0,0,0,0,0,0,0,0,0,0,0,0,0,0,0,0,0,0,0,0,0,0,0,0,0,0,0,0,0,0,0,0,0,0,0,0,0,0,0,0,0,0,0,0,0,0,0,0,0,0,0,0,0,0,0,18,0,0,0,0,0,0,0,0,0,0,13160,0,0,0,0,0,0,0,0,0,0,0,0,0,0,0,0,0,10,0,0,0,0,0,0,0,0,0,0,0,0,0,0,5,0,0,0,0,0,0,0,0,0,0,0,0,0,0,0,0,0,0,0,0,0,0,0,0,0,0,0,0,0,0,0,0,0,0,0,0,0,0,0,0,0,0,0,0,0,0,0,0,0,0,0,224,3268,0,0,0,0,0,0,0,0,0,0,0,0,3,0,0,0,0,0,0,0,0,0,0,0,0,0,0,0,0,0,0,0,0,0,458,0,0,0,0,0,0,0,0,0,0,0,0,0,0,0,0,0,0,0,0,0,0,0,0,0,0,0,0,0,0,0,0,0,0,0,0,0,0,0,0,0,0,0,0,0,0,0,0,0,0,5038,0,0,0,0,0,0,0,0,0,0,0,0,0,0,0,0,0,0,0,0,0,0,0,0,0,0,0,0,0,0,0,0,0,0,4,190,0,0,0,0,0,0,0,0,0,0,0,0,0,0,0,0,0,0,0,0,0,0,0,0,0,0,0,0,0,0,0,0,0,0,0,0,0,0,0,0,0,0,0,0,0,0,0,0,0,5574,0,0,0,0,0,0,0,0,0,0,0,0,0,0,0,0,0,0,0,3,0,0,0,0,0,0,0,0,0,0,0,0,0,0,0,0,0,0,0,0,0,0,0,0,0,0,0,0,0,0,0,0,0,0,0,0,0,0,2,0,0,0,0,0,0,0,2845,0,0,0,0,0,0,0,0,0,0,0,0,0,0,0,0,0,0,0,0,0,0,0,0,0,0,0,0,0,0,0,0,0,0,0,0,0,0,0,0,0,0,0,0,0,0,0,0,0,0,0,0,0,0,461,0,0,0,0,0,0,0,0,0,0,0,0,0,0,0,0,0,0,0,0,0,0,0,0,0,4,0,0,0,0,0,0,0,0,0,0,0
"D317",0,0,0,0,0,94,0,0,0,0,0,0,123,0,0,0,0,0,0,0,0,13901,0,0,0,0,0,0,0,313,0,0,0,0,0,0,0,0,0,0,0,0,0,0,0,0,0,0,0,0,0,233,1,0,0,0,0,0,0,0,0,0,0,182,0,0,0,0,0,0,0,0,0,0,0,374,0,0,0,0,0,0,0,0,0,0,0,0,0,0,0,0,0,0,0,0,0,0,0,0,0,0,0,0,0,0,0,0,0,0,0,0,0,0,548,0,0,330,0,0,0,0,0,0,0,0,0,0,11,0,0,0,0,0,0,0,0,0,0,0,0,0,0,0,0,0,0,0,0,0,0,0,0,0,0,0,101,0,0,0,0,0,0,0,0,0,0,0,0,0,0,0,0,0,0,0,0,0,0,0,0,0,0,0,0,0,0,0,0,86,0,1,0,0,0,0,0,0,0,0,0,0,0,0,0,0,0,0,0,0,0,0,0,0,0,0,0,0,0,0,0,0,0,0,0,0,0,0,0,0,0,9,0,171,0,0,0,0,0,0,20,0,0,0,0,0,0,0,0,0,0,0,0,0,0,0,0,0,271,0,0,0,0,0,0,0,0,0,0,0,0,0,0,0,0,0,0,0,0,0,0,0,0,0,0,0,0,0,0,0,0,0,0,0,0,0,0,0,0,0,0,0,0,0,0,0,0,0,0,0,0,0,0,0,0,0,0,0,0,0,0,0,435,0,0,0,0,0,0,0,0,0,0,0,0,0,0,0,0,0,0,0,0,0,0,0,0,88,0,0,0,0,0,0,0,0,0,0,0,0,0,0,0,0,0,0,0,0,0,0,0,0,0,0,0,0,0,0,0,0,0,0,0,0,0,0,0,0,0,0,0,0,0,0,0,0,0,0,208,0,0,0,0,0,0,0,0,0,0,0,0,0,0,0,0,0,210,0,0,0,0,0,0,0,0,0,0,0,0,0,0,0,0,0,0,0,0,0,0,0,0,0,0,0,0,0,0,0,0,0,0,0,0,0,0,0,0,0,0,0,0,0,0,0,0,0,0,0,0,0,0,0,0,0,0,0,0,0,0,0,0,0,0,0,0,0,0,0,0,0,0,0,0,0,192,1,0,0,0,0,0,0,0,0,0,0,240,0,0,0,0,0,0,0,0,4,0,0,0,0,0,0,0,0,0,0,0,0
"D318",0,39,0,0,0,0,0,0,0,0,0,0,24,0,7,0,0,3,3,3,0,0,0,1,4,0,11,0,0,2,6,0,0,0,0,0,3,0,0,0,4,2,1,0,4,0,0,0,0,0,2,0,0,0,0,2,22,0,0,3,0,0,0,0,0,0,5,0,2,0,0,0,3,6,0,0,0,0,0,0,0,0,0,0,1,0,0,0,0,0,0,0,3,3,0,0,0,0,2,0,0,0,46,3,0,0,0,4,0,0,0,0,4,18,0,0,0,0,7,0,0,0,10,0,0,0,0,0,0,0,0,17,0,0,0,0,0,4,0,0,2,9,0,0,0,0,0,0,152,5,0,8,0,0,0,0,1,0,0,0,2,0,2,0,1,0,0,4,0,0,5,0,0,0,0,0,0,0,0,9,0,0,6,0,0,19,2,1,0,0,2,4,8,0,0,0,0,9,0,2,2,0,0,99,0,43,3,0,22,0,0,0,0,4,0,7,14,9,0,0,0,0,0,8,0,0,0,0,1,0,0,0,4,0,0,20,0,0,0,0,0,0,34,0,0,0,0,11,0,2,0,9,26,0,0,0,0,0,0,2,0,20,0,0,0,0,0,0,0,8,0,5,0,0,0,0,0,7,1,0,2,5,0,39,7,0,0,0,0,188,19,0,3,0,0,31,2,0,0,0,5,0,0,8,0,0,72,0,0,0,0,0,0,2,0,7,1,0,0,0,0,0,0,0,0,0,0,0,17,0,0,0,0,0,0,0,2,2,14,0,0,0,0,0,0,0,0,0,0,168,5,6,0,0,2,0,0,0,0,0,0,21,1,0,0,0,0,0,0,89,0,0,0,0,0,0,3,0,0,3,92,0,0,1,0,0,0,0,0,0,0,0,0,0,6,3,0,40,2,0,0,0,0,0,0,0,0,0,0,0,0,0,1,0,1,0,0,0,0,0,0,3,0,0,0,0,0,0,0,0,0,0,0,1,0,0,0,198,27,0,0,0,6,2,0,0,19,8,0,0,13,22,17,0,11,0,3,0,0,6,0,18,4,0,4,0,0,0,0,0,0,0,0,0,1,4,0,0,0,2,0,0,0,10,0,0,1,0,0,19,0,0,12,0,0,0,0,15,0,0,0,0,4,2,0,0,80,0,0,0,0,1,0,0,2,0,0,0,0,0,0,85,0,0,2,0,0,0
"D319",0,0,0,0,0,0,0,0,0,0,0,0,0,0,0,0,0,0,0,0,0,0,0,0,0,0,0,0,0,0,0,0,0,0,28,0,0,0,0,0,0,0,0,0,0,0,0,0,0,0,0,78,0,0,2156,0,0,0,0,0,0,0,0,0,0,0,0,0,0,0,0,0,0,0,0,0,0,0,0,2927,0,0,0,0,0,0,0,0,0,0,0,0,0,0,0,0,0,0,0,0,0,0,0,0,0,0,0,0,0,0,0,0,0,0,0,0,0,0,0,0,0,0,0,0,0,0,0,0,0,0,0,0,0,0,0,0,0,0,0,0,0,0,0,0,0,0,0,0,0,0,0,0,0,0,0,0,0,0,0,0,0,0,0,0,0,0,0,0,0,0,0,75,0,0,0,0,0,0,0,0,0,0,0,0,0,0,0,0,0,177,0,0,0,0,0,0,0,0,0,0,0,0,0,0,0,0,0,0,0,0,0,0,0,0,0,0,0,0,0,0,0,0,0,0,0,0,0,0,0,1848,0,0,0,0,0,0,0,0,0,0,0,0,0,0,0,0,0,0,0,0,0,0,0,0,0,0,0,0,0,0,0,0,0,0,0,0,0,0,0,0,0,0,0,0,0,0,0,0,0,0,0,0,0,0,0,0,0,0,0,0,0,0,0,10936,0,0,0,0,30,0,0,0,0,0,0,17,0,0,0,0,0,0,7024,0,0,0,0,0,0,0,0,0,0,0,0,0,0,0,0,0,0,0,0,0,0,0,0,0,0,0,0,0,0,0,0,0,0,0,0,0,0,0,0,0,0,0,0,0,0,0,0,0,0,0,0,0,0,0,0,0,0,0,0,0,0,0,0,0,0,0,0,0,0,0,0,0,0,0,0,0,0,0,0,0,0,0,0,0,0,3,0,0,0,0,0,0,12,0,41,0,0,0,0,0,0,0,0,0,0,0,0,0,0,0,0,0,0,0,0,0,0,0,0,0,0,0,0,0,0,0,0,48097,0,0,0,0,0,0,0,0,0,0,0,0,0,0,0,0,0,0,0,0,0,0,0,0,0,0,0,0,0,0,0,0,0,0,0,0,7,0,0,0,0,0,0,0,0,0,0,0,0,0,0,0,0,0,0,0,0,0,0,0,0,0,0,0,2966,0,0,0,0,0,0,0,0,0,0,0,0,0,0,0,0,0,0,0,0,0
"D320",0,0,0,0,0,0,0,0,0,0,0,0,0,0,0,0,0,0,0,0,0,0,0,0,0,0,0,0,0,0,0,0,0,0,0,0,0,0,0,0,0,0,0,0,0,0,0,0,0,0,0,0,0,0,0,0,0,0,0,0,0,0,0,0,0,0,0,0,0,0,0,0,0,0,5,0,0,0,0,0,0,0,0,0,0,0,0,0,0,0,0,0,0,0,0,0,0,0,0,0,0,0,0,0,0,0,0,0,0,0,0,0,0,0,0,0,0,0,0,0,0,0,0,0,0,0,0,0,0,0,0,0,0,0,0,0,0,0,0,0,0,0,0,0,0,0,0,0,0,0,0,0,0,0,0,0,0,0,0,0,0,0,0,0,0,0,0,0,0,0,0,0,0,0,0,0,0,0,0,0,0,0,0,0,0,0,0,0,0,0,0,0,0,0,0,0,0,0,0,0,0,0,0,0,0,0,0,0,0,0,0,0,0,0,0,0,0,0,32,10,0,0,0,0,0,0,0,0,0,0,0,3,0,0,0,0,0,0,0,0,0,0,0,0,0,0,0,0,0,0,0,0,0,0,0,0,0,0,0,0,0,0,0,0,0,0,0,0,0,0,0,0,0,0,0,0,0,0,0,0,0,0,0,0,0,0,0,0,0,0,0,0,0,0,0,0,0,0,0,0,0,0,0,0,0,0,0,0,0,0,0,0,0,0,0,0,0,27,0,0,0,0,0,0,0,0,0,0,0,0,0,0,0,0,0,0,0,0,0,12,0,0,0,0,0,0,0,0,0,0,0,0,0,0,0,0,0,0,0,0,0,0,0,0,0,0,0,0,0,0,0,0,0,0,0,8,0,0,0,0,0,0,0,0,0,0,0,0,14,0,0,0,0,0,0,0,0,0,0,0,0,0,0,0,0,0,0,0,0,0,0,0,0,0,0,0,0,0,0,0,0,0,0,0,0,0,0,28,0,0,0,0,0,0,0,0,0,0,0,0,9,0,0,0,0,0,0,0,0,0,0,0,0,0,0,0,0,0,0,0,0,0,0,0,0,0,0,0,0,0,0,0,0,0,0,0,0,0,0,0,0,0,0,0,0,0,0,0,0,0,0,0,0,0,0,0,0,0,0,0,0,0,0,0,0,0,0,0,0,0,0,0,0,0,0,0,0,0,0,0,0,0,0,0,0,0,0,0
"D321",0,0,0,0,0,0,0,0,0,0,0,0,0,4,0,0,4,0,0,0,0,0,0,0,0,0,0,0,0,0,0,0,0,0,51,0,0,0,0,0,0,0,0,0,1,0,0,0,424,0,0,0,0,0,0,0,0,0,0,0,0,0,3,0,0,0,0,0,0,0,0,0,0,0,0,0,0,212,0,0,0,0,0,1588,0,0,422,0,184,0,0,0,0,0,0,0,0,162,0,0,0,0,0,0,0,0,0,0,0,0,0,0,0,0,0,0,0,202,0,0,0,0,0,0,0,0,84,0,0,0,0,0,0,0,0,0,0,0,0,0,0,0,0,0,0,0,0,0,0,0,0,0,0,0,2,0,0,0,0,0,0,0,0,0,0,0,0,0,0,0,0,0,162,0,0,0,0,0,1201,0,0,0,0,0,0,0,0,0,0,0,0,0,0,0,0,0,0,0,0,0,8,0,46,0,0,0,0,0,0,0,0,0,0,0,0,0,0,0,0,0,0,0,0,0,0,0,0,0,0,0,0,0,0,0,0,0,5,0,0,0,0,0,0,0,0,0,0,0,0,0,0,0,1,0,0,0,0,0,0,0,0,0,0,128,0,0,0,0,0,0,0,0,0,0,0,0,0,0,0,0,0,0,0,0,0,0,0,0,0,0,0,0,0,0,0,0,0,0,0,0,1,0,0,0,0,0,0,0,0,0,0,0,0,0,0,0,0,0,0,0,0,0,0,294,0,0,0,0,0,0,0,0,0,0,0,0,0,0,0,0,0,0,0,0,0,0,0,0,0,0,0,0,0,0,0,0,0,199,569,390,0,0,0,0,0,0,0,0,0,0,0,0,0,3504,0,0,0,0,0,0,0,0,7,0,0,0,0,0,0,0,0,0,0,0,0,0,229,0,0,0,0,0,0,0,0,0,0,0,0,0,0,0,0,0,0,0,0,0,3034,0,0,0,0,0,0,0,112,0,0,0,0,0,84,0,0,0,0,0,0,0,0,0,0,0,0,0,0,0,0,0,0,0,0,0,0,0,0,0,0,0,0,0,0,0,0,0,0,0,0,0,0,0,0,0,0,0,0,0,0,104,0,0,0,0,710,0,0,0,0,0,0,0,0,0,0,0,0,0,0,0,0,106,0,0,0,0,0,1606,0,0,0,0,0,0,0,0,0,0,0,0,0,0,0,0,0,0,0,0
"D322",2,0,4,3447,0,4,0,0,209,0,2,1,0,0,0,0,0,0,0,0,0,33,0,0,0,0,1,1557,0,0,0,0,0,10,0,0,0,0,7,0,4,0,0,0,0,0,0,26,0,337,0,3,2,0,6,1,3,0,0,0,496,0,0,3,0,0,0,0,0,0,4261,0,0,0,0,0,0,0,27,5,0,0,0,0,0,0,0,3,0,0,0,0,0,0,0,0,0,0,0,4094,0,4,0,0,2216,0,14,0,0,0,5869,251,0,0,0,0,0,0,0,1139,4,0,0,16,0,0,0,2,302,0,0,5,0,0,3,0,0,0,0,0,0,0,0,275,0,0,0,0,0,0,0,0,334,0,0,0,0,0,0,6,0,2,0,2,0,0,0,0,0,0,0,0,0,0,0,0,0,0,0,0,0,0,0,0,0,0,5,5,0,0,0,3,0,0,0,2082,102,0,0,0,0,6,0,0,0,0,0,0,0,0,1,0,419,0,0,0,0,0,8,0,0,7,0,0,0,0,0,0,3,0,0,21506,0,71,4,0,0,0,0,0,0,0,6,0,19,0,0,0,1,0,0,0,4,205,7,0,0,7,8,5,0,0,2,0,0,0,0,0,0,0,0,5,0,0,4,13,0,6,4,0,0,0,1657,0,0,0,0,2,0,0,0,0,0,2,0,0,0,0,226,0,0,0,0,0,0,16,0,0,0,0,0,4,5,0,0,0,1,0,880,0,0,0,0,0,0,0,0,0,0,0,1,2,0,0,5,0,0,0,0,0,0,2,259,10,0,4,0,0,158,0,0,0,0,0,0,0,0,0,0,0,2,0,0,0,0,0,236,0,889,0,0,0,945,0,0,0,0,0,0,0,0,0,0,0,0,0,0,0,11,34,0,6,0,0,0,0,0,0,0,0,149,0,0,0,0,0,1,1067,4,0,0,0,0,0,0,0,0,0,0,1753,2236,0,12,0,0,0,0,10,0,0,0,0,0,0,0,965,9,2,0,0,0,0,0,0,0,0,0,0,0,0,0,1,0,21,3,745,0,2,0,0,0,0,0,0,0,2206,0,0,0,0,61,0,0,0,0,0,0,0,0,2,0,0,0,0,0,0,0,0,0,0,555,0,0,0,0,0,0,0,7,35,0,0,0,0,0,0,0,0,1,0,0,0,0,0,0,34,0,0,0,0,0,0,0,0,0,0,0,0
"D323",0,0,0,0,0,0,0,0,0,0,0,0,0,0,0,0,0,0,0,18,0,0,0,0,0,0,0,0,0,0,0,0,0,0,0,0,0,0,0,0,0,0,0,0,0,0,0,0,2,0,0,0,4,0,0,0,0,0,12,0,0,0,0,0,0,0,0,0,0,0,0,0,0,0,0,0,0,0,8,0,0,0,0,0,0,0,0,0,0,0,0,0,0,0,0,0,0,0,0,0,0,0,0,0,0,0,0,0,0,0,0,0,0,0,18,0,0,0,0,0,0,0,0,0,0,0,0,0,0,0,0,0,0,0,0,0,0,0,0,0,0,0,0,0,0,0,0,0,0,0,0,0,0,0,0,0,0,0,0,0,0,0,0,0,0,0,0,0,0,0,0,0,0,0,0,0,0,0,0,0,0,0,0,0,0,0,0,0,0,0,0,0,0,0,0,0,0,0,0,0,0,1,0,0,0,0,0,0,0,0,0,0,40,0,0,0,0,0,0,0,0,0,0,0,0,0,0,0,0,0,0,2,0,0,0,0,0,0,0,0,0,0,0,0,0,0,0,0,0,0,0,0,0,0,0,0,0,0,0,0,13,0,0,0,0,0,0,0,0,0,0,0,0,0,0,0,0,0,0,0,0,0,0,0,0,0,0,0,0,0,0,0,0,0,0,0,0,0,0,0,0,0,0,0,0,0,0,0,0,0,0,0,0,0,0,0,0,0,0,0,0,0,0,0,0,0,0,0,0,0,0,0,0,0,0,0,0,0,0,0,0,0,0,0,0,0,0,0,0,0,0,0,0,0,0,0,0,0,0,0,0,0,0,0,0,0,0,0,0,0,0,0,0,0,0,0,0,0,0,0,0,0,0,0,0,0,0,0,0,0,0,0,0,0,0,0,0,0,0,0,0,0,0,0,0,0,0,0,0,0,0,0,0,0,0,0,0,0,0,0,0,0,0,0,0,0,0,0,0,0,0,0,0,0,0,0,0,0,0,0,0,0,0,0,0,0,0,0,0,0,0,0,0,0,0,0,0,0,0,0,0,0,0,0,0,0,0,0,0,0,0,0,0,0,0,0,0,0,0,0,0,0,0,0,0,0,0,0,0,0,0,0,0,0,0,0,0,0,0,0,0,0,0,0,0,0,0,0,0,0,0,0,0,0,0,0,0,0,0,0,0,0,0,0,0,0,0,0
"D324",0,0,0,27,0,0,0,0,0,0,0,0,0,0,0,0,0,0,0,0,0,3,0,0,0,0,0,12,2,0,0,0,0,0,0,0,0,0,2,0,0,0,0,0,0,0,0,0,0,10,0,0,0,0,0,0,0,0,0,0,85,0,0,0,0,0,0,0,0,0,9,0,0,0,0,0,0,0,7,0,0,0,0,0,0,0,0,0,0,0,0,0,0,0,0,0,0,0,0,75,0,0,0,0,282,0,1,0,0,0,0,1,0,0,0,0,0,0,0,2,0,0,0,0,0,0,0,0,1,0,0,0,0,0,0,0,0,0,0,0,0,0,0,23,0,0,0,0,0,0,0,0,4,0,77,0,0,0,0,0,0,0,0,0,0,0,3,0,0,0,0,0,0,0,0,0,0,0,0,0,0,0,0,0,0,0,0,0,0,0,0,0,0,0,0,0,8,0,0,0,0,0,0,0,0,0,0,0,0,0,0,0,19,0,0,0,0,0,3,0,0,0,0,0,0,0,0,0,0,0,0,0,0,7,0,0,0,0,0,0,0,0,0,0,0,0,0,0,3,0,0,0,0,73,0,0,0,0,3,0,0,0,0,0,0,0,0,0,0,0,0,0,0,0,6,5,0,0,0,0,0,0,12,0,0,0,0,2,0,0,0,0,0,0,0,0,0,0,0,0,0,0,0,0,0,0,0,0,0,2,0,3,0,0,0,0,0,0,7,0,0,0,0,0,0,0,0,0,0,0,0,0,0,0,0,0,0,0,0,0,0,0,0,0,0,0,0,0,0,0,0,0,0,0,0,3,0,0,0,0,0,0,0,0,0,0,6,0,0,0,0,0,22,0,0,0,0,0,0,0,0,0,0,0,0,0,0,0,3,0,0,2,0,0,0,0,0,0,0,0,0,0,0,0,0,0,0,0,0,0,0,0,0,0,0,0,0,0,0,4,33,0,0,0,0,0,0,0,0,0,0,0,0,0,0,4,3,0,0,0,0,0,0,0,0,0,0,0,0,0,0,0,0,0,0,3,0,0,0,0,0,0,0,0,0,2,0,0,0,0,1480,0,0,0,0,0,0,0,0,0,0,0,0,0,0,0,0,0,0,0,9,0,0,0,0,0,0,2,0,0,0,0,0,0,0,0,0,0,0,0,0,0,0,0,0,8,0,0,0,0,0,0,0,0,0,0,0,2
"D325",0,0,0,0,0,0,0,0,0,0,0,0,0,0,0,0,0,0,0,0,0,0,0,0,0,0,0,0,0,0,0,0,0,0,27,0,0,0,0,0,0,0,0,0,0,0,0,0,0,0,0,0,0,0,0,0,0,0,0,0,0,0,0,0,0,0,0,0,0,0,0,0,0,0,0,0,0,0,0,0,0,0,0,257,1,0,20,0,0,0,0,0,0,0,0,0,0,0,0,0,0,0,0,0,5,0,0,0,0,0,0,0,0,0,0,6,0,0,0,0,0,0,0,0,0,0,0,0,0,2,0,0,0,0,0,0,0,0,0,0,0,0,0,0,0,0,0,0,0,0,0,0,0,0,0,0,0,0,0,0,0,0,0,0,0,0,0,0,0,0,0,2,0,0,0,0,0,0,6,0,0,0,0,0,0,0,0,0,0,0,0,0,0,0,0,0,0,0,0,0,0,0,0,0,0,0,0,0,0,0,0,0,0,0,0,0,0,0,0,0,0,0,0,0,0,0,0,0,0,0,0,0,0,0,0,0,0,0,0,0,0,0,0,0,0,0,0,0,0,0,0,0,10,0,0,0,0,0,0,0,0,0,0,59,0,0,0,0,0,0,0,0,0,0,0,0,0,0,0,0,0,0,0,0,0,0,0,0,0,0,0,0,0,0,0,0,0,0,0,0,0,0,0,0,0,0,0,0,0,0,0,0,0,0,0,0,0,0,0,0,0,0,0,0,0,0,0,0,0,0,0,0,0,0,0,0,0,0,0,0,0,0,0,0,0,0,0,0,23,0,0,0,0,0,0,0,0,169,123,0,0,0,0,0,0,0,0,0,0,0,0,0,0,0,0,0,0,0,0,0,0,0,43,0,0,0,0,0,0,0,0,0,0,0,0,0,0,0,0,0,0,365,0,0,0,0,0,0,0,0,0,0,0,0,0,0,0,0,2374,0,0,0,0,0,0,0,0,0,1,0,0,0,3,0,0,0,0,0,0,0,0,0,0,0,0,0,0,0,0,0,1,0,0,0,0,0,0,0,0,0,0,0,0,0,0,0,0,0,0,0,0,0,0,0,0,0,0,0,0,0,0,0,0,0,0,0,0,0,0,0,0,0,0,0,0,0,0,0,0,0,0,0,0,0,0,0,0,0,0,0,0,0,0,0,0,0,0,0,0,0,0,0,0,0,0,0,0,0
"D326",0,0,0,2,0,0,0,0,0,5,0,0,0,0,0,0,0,0,0,0,0,0,0,0,0,0,2,0,0,0,0,0,0,1,0,0,0,0,0,0,2,0,0,0,0,0,0,0,0,4,0,7,0,0,0,0,4,0,0,0,0,0,0,3,0,0,0,0,0,0,0,0,0,0,0,2,3,0,0,0,0,0,0,0,0,5,0,3,0,0,0,0,0,0,0,0,0,0,0,0,0,4,0,0,0,0,0,0,0,3,0,0,0,6,10,0,0,0,0,0,0,0,0,0,0,2,0,0,0,0,2,0,0,0,0,0,4,0,0,3,1,0,0,1,0,0,0,0,0,0,0,9,8,0,0,3,0,0,0,5,0,0,0,0,0,0,0,0,0,0,0,3,0,0,0,0,0,0,0,0,0,12,0,0,0,0,0,0,0,2,7,0,0,0,0,0,0,0,0,0,0,8,0,5,0,0,0,0,0,0,0,0,14,0,0,0,0,0,0,0,0,0,0,0,0,7,0,2,4,0,0,4,0,12,0,0,0,0,7,0,0,0,0,0,0,0,0,0,0,0,0,0,9,0,0,0,0,0,3,0,0,0,4,0,0,0,0,5,0,0,0,0,0,0,0,0,0,2,10,0,0,0,0,0,0,0,0,0,0,3,0,0,0,7,0,0,0,0,0,0,56,0,0,0,0,11,0,1,0,0,0,0,0,0,0,0,0,0,0,3,0,0,0,0,2,0,0,40,2,0,0,9,4,0,0,4,0,0,0,0,0,0,0,12,0,0,0,0,0,0,0,0,0,0,0,7,0,0,0,0,0,0,0,0,0,0,0,0,0,7,0,0,0,0,0,0,0,0,0,2,9,0,0,0,0,0,0,0,0,0,0,0,0,0,0,0,0,0,0,0,0,0,0,0,0,0,3,0,0,3,0,0,0,0,0,0,0,0,0,7,0,0,0,0,0,0,0,0,0,0,0,0,0,0,0,0,0,8,0,3,0,0,0,0,0,1,0,0,0,0,2,75,0,77,0,1,0,0,0,0,0,0,0,0,0,0,0,0,8,0,0,0,0,0,0,0,0,0,0,8,0,0,0,0,0,0,0,0,8,0,0,0,0,0,0,0,0,5,3,0,0,0,0,0,0,2,6,0,0,0,0,0,0,0,0,0,0,0,0,0,0,2,0,0,0,0,0,0
"D327",0,0,0,0,0,0,0,0,0,0,0,0,0,0,3,0,0,0,0,0,0,0,0,0,0,0,0,0,0,0,0,0,0,2,0,0,0,0,0,0,0,0,27,12,0,0,0,1971,0,0,0,0,0,0,0,0,0,0,0,0,0,0,0,0,0,0,0,0,0,0,0,0,0,0,0,0,0,0,0,0,0,0,0,0,0,0,0,0,0,0,0,0,0,0,0,0,0,0,0,0,0,0,0,0,0,0,0,0,0,0,0,0,0,0,0,0,0,0,0,0,0,0,0,0,0,0,0,0,0,0,0,0,4,0,0,0,0,0,0,0,0,0,0,0,0,0,0,0,0,0,0,0,0,0,0,0,0,0,0,0,0,0,0,0,0,0,0,0,0,0,0,0,0,0,0,0,0,0,0,0,0,0,0,0,0,0,0,0,0,0,0,0,0,0,0,0,0,0,0,0,6,0,0,0,0,0,0,0,0,0,0,0,215,0,0,0,0,0,0,0,0,0,0,0,0,0,0,0,0,0,2,0,0,0,0,0,0,0,0,0,0,0,0,0,0,0,0,0,0,0,0,0,14,7,0,0,0,0,0,0,0,0,0,0,0,0,0,0,0,320,0,0,0,0,0,0,0,19,0,0,0,0,0,0,2,0,0,0,0,0,0,0,0,0,0,0,0,0,137,0,0,0,0,0,0,0,0,0,0,0,0,0,45,0,0,0,282,0,0,0,0,0,0,0,0,0,0,0,0,0,0,0,0,0,0,0,0,0,0,0,0,8,2,0,0,0,0,0,0,0,0,0,0,0,0,0,0,8,0,0,0,0,0,0,0,0,0,0,0,0,0,0,0,0,0,0,0,0,0,0,0,0,14,0,0,0,2,0,0,0,0,0,0,0,0,0,0,0,0,0,0,0,0,2,0,0,0,0,0,0,0,0,0,0,0,0,0,0,0,0,0,0,0,0,0,0,0,0,0,0,0,0,0,0,33,0,0,0,0,0,0,0,0,0,0,0,0,0,0,0,0,0,0,0,0,0,0,0,0,0,0,0,0,0,0,0,0,0,0,0,0,0,0,0,0,0,0,0,0,0,0,0,0,0,0,0,3,9,0,0,0,0,0,0,0,0,0,0,0,0,0,0,0,21,0,0,3,2,0,0,241,0,0,0,0,0,0,0,0,0,0,0,0,0,0,0,0,0
"D328",6,38,0,0,20,30,0,0,40,0,5,0,0,6,0,0,0,0,0,0,0,0,0,0,0,0,0,24,0,0,0,0,119,235,0,46,0,0,0,0,0,0,0,0,0,0,0,0,0,0,9,348,3,0,40,0,0,0,700,0,42,33,0,53,0,0,0,259,0,0,0,0,0,0,0,0,0,0,0,3,0,0,0,0,0,2,0,10,0,0,0,0,0,0,0,0,0,27,0,0,0,0,0,0,0,0,22,0,47,19,6,0,0,12,0,0,0,0,0,10,139,0,0,0,0,0,0,0,0,0,0,0,0,0,0,0,0,0,19,18,0,0,0,25,0,0,0,0,0,0,0,0,46,0,60,0,0,0,0,221,0,9,0,10,0,0,12,0,0,0,0,0,0,9,87,0,0,0,0,0,0,0,0,0,0,0,18,0,0,0,0,0,0,0,1,7,0,0,0,0,0,17,0,0,0,0,0,0,0,0,0,0,71,0,0,0,0,15,22,0,0,0,0,0,0,0,0,6,0,36,0,28,0,59,0,25,0,0,113,0,0,0,0,0,250,0,0,0,0,0,0,0,22,9,0,0,0,3,51,0,0,0,15,0,0,0,0,0,0,0,0,10,0,0,0,25,0,0,14,0,0,0,0,0,0,0,0,70,0,0,0,0,0,183,0,0,0,0,5850,0,0,0,0,0,0,8,0,28,27,0,0,54,249,0,0,0,0,0,0,6,0,0,0,0,0,0,11,0,0,0,0,1917,0,0,0,0,0,0,0,0,0,0,0,0,0,0,0,0,0,0,0,0,0,0,0,0,0,0,0,0,0,0,0,0,0,0,0,0,0,0,0,0,0,12,0,0,0,0,0,0,0,0,0,0,0,0,0,0,42,1,0,64,0,0,0,0,0,0,0,6,0,0,0,0,0,0,0,0,12,0,0,0,0,0,40,7,0,0,0,4,13,0,0,0,0,0,0,40,0,0,0,0,0,0,0,0,11,0,0,0,0,0,0,0,0,0,0,0,0,0,0,37,0,0,18,11,0,0,0,0,0,0,0,0,0,0,0,0,0,41,0,0,0,0,0,0,0,0,0,0,0,0,15,0,0,4,0,0,0,0,0,6,0,0,0,0,0,0,19,31,0,0,0,0,0,21,928,0,0,0,0,0,0,0,0,0,0,0,0,0,0,0,0,47,0,0,1373,0
"D329",1,112,30,0,1,42,52,9,0,27,0,0,272,0,24,11,1,32,82,11,3,0,21,104,5,15,7,0,0,0,20,117,18,33,0,74,0,46,0,6,54,315,242,89,81,48,44,0,63,0,3,595,3,22,0,25,23,15,0,82,0,0,152,6,0,0,0,6,0,0,0,3,159,86,0,0,60,0,0,3,3,0,37,0,5,133,0,0,0,0,0,22,134,85,12,136,0,22,0,0,0,7,783,28,0,24,0,0,1,2,0,0,2,43,0,12,24,0,265,0,0,12,102,0,0,3,34,0,0,53,9,9,17,45,12,0,0,0,0,72,28,15,14,0,0,0,5,29,16,13,173,6,16,19,0,46,50,0,19,7,7,3,24,0,3,3,250,7,29,2,0,0,0,16,0,60,44,19,5,0,13,7,0,0,75,48,0,137,11,2,52,76,26,0,14,0,0,37,3,37,0,14,162,285,0,173,7,0,5,0,20,0,2,0,0,4,36,75,0,1,0,0,344,47,9,0,0,3,3,0,1,0,10,0,8,10,78,0,0,11,41,9,78,0,0,0,4,6,0,20,0,14,500,0,0,11,10,0,3,14,41,9,0,0,181,312,0,14,32,83,64,3,64,863,19,0,23,0,146,11,5,1,0,50,0,62,2,0,31,76,13,12,79,0,144,506,0,0,34,157,70,1,0,139,8,0,46,5,0,158,5,0,13,10,20,46,28,0,0,5,12,1,10,5,5,2,0,26,80,0,21,55,6,12,5,5,15,220,32,0,139,108,0,0,209,3,18,34,0,86,11,36,112,0,2,0,13,0,0,0,0,0,9,207,0,129,0,19,0,5,5,36,0,0,6,0,17,0,21,71,98,1,0,2,0,2,57,25,0,0,48,39,59,0,34,45,0,24,0,0,6,44,6,3,1,120,0,0,54,0,5,9,272,0,108,11,0,0,0,0,0,7,0,0,42,0,0,0,419,2,0,0,45,66,0,0,3,513,114,0,0,1,37,6,0,11,267,20,25,0,2,610,29,0,0,1861,33,259,5,21,0,57,1,6,110,0,0,33,82,0,0,0,0,18,19,12,0,6,7,192,0,12,0,47,0,0,12,21,0,106,2,0,76,30,1,2,0,216,0,26,13,0,17,29,3,235,158,14,5,95,102,2,8,16,0,0,0,0,30,0,52,32,155,0,0,16,14,0
"D330",0,0,0,0,0,0,0,0,0,0,0,0,0,0,0,0,0,0,0,0,0,0,0,0,0,0,0,0,0,0,0,0,0,0,486,0,0,0,1,0,0,0,0,0,0,0,0,0,465,0,0,0,0,0,0,0,0,0,0,17,0,0,0,0,0,0,0,0,0,0,0,0,0,0,0,0,0,40,0,6,0,0,0,319,0,0,21,0,530,0,0,0,0,0,0,0,0,36,0,0,0,0,0,0,0,0,0,0,0,0,0,0,0,0,0,0,0,0,0,0,0,0,0,0,0,0,0,0,0,0,0,0,0,0,0,0,0,0,0,0,0,0,0,0,0,0,0,0,0,0,0,0,0,0,0,0,0,0,0,0,0,0,0,0,0,0,0,0,0,0,0,0,539,0,0,0,0,0,6,0,0,0,0,0,0,0,0,0,0,0,0,0,0,0,0,0,0,0,0,0,15,0,0,0,0,0,0,0,0,0,0,0,0,0,0,0,0,0,0,0,0,0,0,0,0,0,0,0,0,0,0,0,0,0,0,0,0,0,0,0,0,0,0,0,0,0,0,0,0,0,0,0,0,0,0,0,0,0,0,0,0,0,0,339,0,0,0,0,0,0,0,0,0,0,0,0,0,0,0,0,0,0,0,0,0,0,0,0,0,0,0,0,0,0,0,0,0,0,0,0,0,0,0,0,0,0,0,0,0,0,0,0,0,0,0,0,0,0,0,0,0,0,0,1471,0,0,0,0,0,0,0,0,0,0,0,0,0,0,0,0,0,0,0,0,0,0,0,0,74,0,0,0,0,0,0,0,0,120,0,115,0,0,0,0,0,0,0,0,0,0,0,0,0,513,6,0,0,0,0,0,0,0,0,0,0,0,0,0,0,0,0,0,0,0,0,0,28,0,0,0,45,0,0,0,0,0,0,0,0,0,0,0,0,0,0,0,0,0,3085,0,0,0,0,0,0,0,55,0,0,0,0,0,27,0,0,0,0,0,0,0,0,0,0,0,0,0,0,0,0,0,4,0,0,9,0,0,0,0,0,0,0,0,0,0,0,0,0,0,0,0,0,0,0,0,0,0,0,0,0,12,0,0,0,0,0,0,0,0,0,0,0,0,0,0,0,0,0,0,0,0,0,6,0,0,0,0,0,77,0,0,0,0,0,0,0,0,0,0,0,0,0,0,1,0,0,0,1,0
"D331",0,0,0,0,0,0,0,0,0,0,0,0,0,0,0,0,0,0,0,0,0,0,0,0,0,0,0,4,0,0,0,0,0,0,0,0,0,0,0,0,0,0,0,0,0,0,0,0,0,0,0,0,0,0,0,0,0,0,0,0,0,0,0,0,0,6,0,0,0,0,0,0,0,0,2,0,0,0,0,0,0,0,0,0,0,0,0,0,0,0,0,0,0,0,0,0,0,0,0,0,0,0,0,0,0,0,0,0,0,0,0,0,0,0,0,0,0,0,0,0,0,0,0,0,0,0,0,0,0,0,0,0,0,0,0,0,0,0,0,0,0,0,0,0,0,0,0,0,0,0,0,0,0,0,0,0,0,0,0,0,0,0,0,0,0,0,0,0,0,0,0,0,0,0,0,0,0,0,0,0,0,0,0,0,0,0,0,0,0,0,0,0,0,0,0,0,0,0,0,0,0,0,0,0,0,0,0,0,0,0,0,0,16,0,0,0,0,0,0,0,0,0,0,0,0,0,18,0,0,0,0,0,0,0,0,0,0,0,0,0,0,0,0,0,0,0,0,0,0,0,0,0,3,0,0,0,0,0,0,0,0,0,0,0,0,0,0,0,0,0,0,0,0,0,0,0,0,0,0,0,0,0,0,0,0,0,0,0,0,0,0,0,0,0,0,0,0,0,0,0,0,0,0,0,0,0,0,0,0,0,0,0,3,0,0,0,0,0,0,0,0,0,0,0,0,0,0,0,0,0,0,0,0,0,0,0,0,0,0,10,0,0,0,0,0,0,0,0,0,0,0,0,0,0,0,0,0,0,0,0,0,0,0,0,0,0,0,0,0,0,0,0,0,0,0,0,0,0,0,0,0,0,0,0,0,0,0,0,0,0,0,0,0,0,0,0,0,0,0,0,5,0,0,0,0,0,0,0,0,0,0,0,0,0,0,0,0,0,0,0,0,0,0,0,0,0,0,0,0,0,0,0,0,0,0,0,0,0,0,0,143,0,0,0,0,0,0,0,0,0,0,0,0,9,0,0,0,0,0,0,0,0,0,0,0,0,47,0,0,0,0,0,0,0,0,0,0,0,0,0,0,0,0,0,0,0,0,0,0,0,0,5349,0,0,0,0,0,0,0,0,0,0,0,0,0,0,1,0,0,0,0,0,0,0,0,0,0,0,0,0,0,0,0,0,0,0,0,0
"D332",0,0,0,0,0,0,0,0,0,0,0,0,0,0,0,0,0,0,0,0,0,0,0,0,0,0,0,0,0,0,0,0,0,0,0,0,0,0,0,0,0,0,0,0,0,0,0,0,0,0,118,0,0,0,0,0,0,0,0,0,0,0,0,0,0,0,0,0,0,0,0,0,0,0,0,0,0,0,0,0,0,0,0,0,0,0,0,0,0,0,0,0,0,0,0,0,6,0,0,0,0,0,0,0,0,0,0,0,0,0,0,0,0,0,0,0,0,0,0,0,0,0,0,0,0,0,0,0,0,0,0,0,0,0,0,0,0,0,0,0,0,0,0,0,0,0,0,0,0,0,0,0,0,0,0,0,0,0,0,0,0,0,0,0,0,0,0,0,0,0,778,0,0,0,0,0,0,0,0,0,0,0,0,0,0,0,0,0,0,0,0,0,0,0,0,0,0,0,0,0,0,0,0,0,0,0,0,0,0,0,0,0,0,0,0,0,0,0,0,0,0,0,0,0,0,0,0,0,0,0,0,0,0,0,0,0,0,0,0,0,0,0,0,0,0,0,0,0,0,0,0,0,0,0,0,0,0,0,0,0,0,0,0,0,0,0,0,0,0,0,0,0,0,0,0,0,0,0,0,0,0,0,0,0,0,0,0,0,0,0,0,0,0,0,0,0,0,0,0,0,0,2,0,0,0,0,0,0,0,0,0,0,0,0,0,0,0,0,0,0,0,0,0,0,0,0,0,0,0,0,0,0,0,0,0,0,0,0,0,0,0,0,0,0,0,0,0,0,0,0,0,0,0,0,0,0,0,0,0,0,0,0,0,0,0,0,0,0,0,0,0,0,0,0,0,0,0,0,0,0,0,0,0,0,0,7,0,0,0,0,0,0,0,17,0,0,0,0,0,0,0,0,0,0,0,0,0,0,0,0,0,0,0,0,0,0,0,20,0,0,0,0,0,0,0,0,0,0,0,0,0,0,0,0,0,0,0,0,0,0,0,0,0,0,0,0,0,0,0,0,0,0,0,0,0,0,0,0,0,0,0,0,0,0,0,0,0,0,0,0,0,0,0,0,0,0,0,0,0,0,13,0,0,0,0,0,0,0,0,0,0,0,0,0,0,0,0,0,0,0,0,0,0,0,0,0,0,0,0,0,0,0,0,0,0,0,7,0,0,0,0,0,0,0,0,0,0,0
"D333",0,53,6,0,0,6,6,0,0,0,0,3,37,0,8,0,9,17,0,86,16,0,93,210,15,16,29,0,1,241,9,102,0,9,0,40,12,14,0,2,20,4,100,0,142,12,42,0,15,0,4,57,3,11,0,315,291,5,0,24,0,0,146,8,0,0,1,0,9,0,0,9,136,0,0,0,3,0,0,0,73,2,0,0,0,35,0,0,5,0,0,0,4,31,3,3,0,0,9,0,0,7,263,0,0,7,0,36,0,2,0,0,0,0,15,13,4,0,60,0,6,0,62,0,0,6,25,0,0,0,0,21,18,0,69,0,8,39,6,43,64,23,1,0,2,41,8,128,112,24,17,21,0,2,0,48,14,256,4,4,5,2,7,0,1,1,62,13,0,1,0,0,0,0,0,0,16,5,0,0,19,27,0,1,18,26,41,0,20,1,10,6,79,0,1,0,0,36,4,8,6,0,0,6800,0,247,44,0,1,0,0,0,0,5,0,12,202,39,0,0,5,0,29,36,0,21,0,0,6,0,37,0,47,4,93,26,53,20,0,12,9,3,141,0,0,12,76,41,0,31,41,15,636,0,3,21,24,0,0,34,0,21,0,0,22,150,0,27,24,21,39,0,88,52,10,0,0,7,62,0,6,26,0,51,23,1,5,0,1,110,2,4,86,0,7,0,28,4,22,20,427,0,6,12,0,1,143,2,0,108,1,1,0,33,92,355,151,0,0,8,10,23,0,0,40,0,10,0,28,0,7,7,0,25,0,5,142,230,0,0,97,24,0,0,76,1,0,2,0,76,15,74,13,0,16,0,6,0,0,0,0,40,4,2,0,0,0,23,0,88,10,5,0,0,3,0,25,0,12,16,193,0,17,1,0,0,0,0,0,0,31,0,77,0,152,102,0,80,7,0,4,0,0,0,2,14,0,0,3,2,12,15,0,0,26,24,0,0,0,0,0,51,0,18,32,0,5,0,6,0,0,0,6,138,0,0,0,992,514,18,0,0,35,13,57,1,149,63,7,41,29,76,96,0,0,3,24,61,101,34,124,64,10,9,57,0,0,19,2,6,0,2,0,4,0,12,24,4,0,129,0,14,3,20,0,26,79,19,0,139,0,0,24,25,32,19,12,175,0,0,4,0,26,190,0,11,58,10,0,0,0,0,3,0,18,0,0,0,59,0,0,376,39,0,25,3,3,0
"D334",0,8,9,0,0,5,27,0,0,0,0,4,4,0,21,0,4,4,0,23,2,0,0,41,0,5,2,0,1,45,12,14,1,10,0,0,2,0,0,9,0,2,22,0,113,0,6,0,20,0,0,3,0,0,0,35,8,0,0,8,0,0,20,2,0,0,3,0,2,0,0,0,0,8,0,0,0,0,0,0,38,2,64,0,0,21,0,0,2,0,0,0,4,11,0,0,0,0,2,0,0,0,91,26,0,0,0,20,0,0,0,0,6,28,0,0,0,0,2,0,2,4,16,0,0,2,0,0,0,0,4,27,0,0,2,0,0,1,0,6,16,0,0,0,0,0,0,3,274,4,0,47,0,17,0,0,12,0,2,0,0,0,0,0,0,0,12,3,2,0,9,7,0,0,0,4,9,0,0,42,0,0,0,4,0,37,0,0,2,0,10,17,38,0,0,0,0,10,0,0,0,0,0,244,2,64,60,0,4,0,0,0,0,4,0,2,35,31,0,0,3,3,0,12,0,0,0,0,10,0,2,0,0,2,1,0,2,0,0,0,0,6,62,0,4,3,0,1,0,3,8,0,253,0,0,9,0,0,0,0,0,5,0,0,19,0,0,0,0,26,5,0,0,4,17,0,0,25,20,0,19,8,0,97,1,5,0,0,0,74,18,0,26,0,4,13,34,0,1,7,44,0,0,19,0,0,88,0,0,0,0,0,0,0,0,70,19,0,0,0,3,3,0,0,0,3,0,0,27,0,0,10,0,15,0,17,6,1,0,0,1,26,0,14,0,0,0,0,0,67,0,3,0,0,6,0,4,0,0,0,0,12,18,0,0,7,0,0,0,61,0,0,0,0,0,0,6,0,0,2,81,0,7,0,0,0,0,0,0,0,0,0,0,0,20,57,0,30,0,7,8,0,0,3,0,7,0,0,13,0,2,24,57,0,0,10,0,0,0,0,0,39,6,0,0,11,0,0,0,0,0,2,4,13,0,0,0,629,34,33,0,0,6,0,5,0,26,16,6,8,10,105,33,0,0,0,25,2,43,25,3,2,21,6,18,3,0,5,0,0,0,0,0,0,4,6,0,2,32,16,0,17,3,6,0,0,0,4,4,32,0,0,16,1,0,0,10,112,0,0,0,0,29,31,3,5,116,1,0,0,0,3,5,0,12,0,0,0,0,0,0,316,3,0,2,2,44,0
"D335",0,0,0,0,0,0,0,0,5,3,0,0,0,13,0,0,29,0,0,0,9,0,0,0,0,0,0,0,0,0,0,0,0,0,0,0,0,0,0,0,0,0,0,2,0,0,0,0,0,0,0,0,0,0,0,0,0,0,0,0,0,0,111,0,0,0,0,0,0,0,0,0,0,0,0,0,0,0,0,0,0,0,0,53,0,0,163,0,57,0,0,0,0,0,0,0,0,73,0,2,0,0,0,0,0,0,0,0,0,0,0,0,0,0,0,0,0,346,0,0,0,0,0,0,0,0,15,0,0,5,0,0,0,0,0,0,0,0,0,7,0,0,0,1,13,0,0,0,0,0,0,0,0,0,0,0,0,0,0,0,0,0,0,0,0,0,0,0,0,0,0,0,0,0,0,0,0,0,1336,0,0,0,0,0,0,0,0,11,0,0,0,0,0,0,0,0,0,0,0,0,0,0,422,0,0,0,0,0,0,0,0,0,0,0,0,0,0,0,0,0,0,0,0,0,0,0,0,0,0,0,0,3,0,0,0,0,0,0,0,0,0,0,0,0,2,0,0,0,0,0,0,0,13,0,0,0,0,0,0,0,238,0,0,530,0,22,0,0,0,0,0,0,0,0,0,0,3,0,0,0,0,0,0,0,0,0,0,0,0,0,0,0,0,0,0,0,0,0,0,0,0,0,0,0,0,0,0,0,0,0,0,0,0,0,0,0,41,0,0,0,0,0,0,58,0,0,0,0,0,0,0,0,0,0,0,0,0,0,0,0,0,0,0,0,0,0,0,20,0,0,0,0,0,0,0,0,0,0,0,22,0,0,0,0,0,0,0,0,0,0,0,0,0,14207,0,0,0,0,0,0,0,0,299,0,0,0,0,0,0,0,0,0,0,0,0,0,0,0,0,0,0,0,0,2,0,0,0,0,0,0,0,0,0,0,0,0,0,0,0,0,0,0,0,0,0,3,0,0,0,0,0,0,5,0,0,0,0,0,0,0,0,0,0,0,0,0,0,0,0,0,3,0,0,0,0,0,0,0,0,0,0,0,0,0,0,0,0,0,0,0,0,0,0,0,0,0,0,0,0,0,0,0,0,0,6,0,0,0,0,6,0,0,0,0,0,0,0,0,0,0,0,0,0,0,0,0,5,3,0,0,780,0,0,0,0,9,0,0,0,0,0,0,6,0,0,0,0,0
"D336",0,0,0,0,0,0,0,0,0,0,0,3,0,1,0,25,4,0,6,0,0,0,0,0,0,0,0,0,0,0,0,0,0,5,455,0,0,2,0,0,3,3,0,0,0,6,0,0,4,0,35,0,1,0,0,0,0,0,0,10,0,24,2,7,0,0,0,0,0,4,0,0,0,2,0,11,0,1051,0,0,2,0,0,365,16,0,15,2,1,8,17,15,2,2,0,0,589,48,0,0,0,4,0,0,0,0,0,0,0,0,0,0,30,0,8,0,5,1928,0,0,0,0,0,0,12,0,0,0,0,4,19,0,0,3,0,0,0,0,0,4,0,0,0,0,44,0,0,4,0,0,0,0,0,0,0,0,0,10,0,12,0,0,0,5,6,0,0,0,0,0,0,0,125,0,0,0,0,0,6,0,0,0,4,0,0,0,0,0,7,0,0,2,0,0,0,0,0,0,11,0,2,0,0,0,0,0,0,100,0,0,1,7,0,8,2,0,0,0,0,31,0,0,0,2,0,0,0,2,0,0,0,0,0,0,0,0,0,4,0,0,0,0,0,0,0,0,0,0,0,0,0,0,25,0,2,2,0,0,2,0,0,0,0,0,0,21,43,0,0,28,2,0,0,0,11,0,8,0,0,0,0,0,0,0,0,0,0,0,0,0,0,0,0,0,0,2,2,0,6,0,0,494,74,0,10,7,0,0,0,0,0,3,4,0,0,0,4,0,2,0,0,0,12,3,0,0,0,0,0,6,0,0,0,0,0,0,0,0,0,0,0,11,0,0,0,0,2,10,0,0,5,0,0,3,0,8,0,917,0,0,0,0,0,0,0,2,0,0,0,0,2,0,0,1187,0,0,0,0,0,0,0,1,0,0,0,1169,3,31,0,0,0,0,0,368,0,0,5,0,0,0,0,0,57,17,0,0,0,0,5,0,0,0,0,0,230,0,0,742,2115,0,0,0,0,0,3,17,0,0,1,0,25,0,14,0,131,0,0,11,0,0,0,0,4,0,0,0,0,3,0,0,0,0,0,0,0,0,0,0,7,0,0,0,3,0,2,0,0,0,0,0,0,0,17,0,0,0,0,0,0,11,418,0,0,0,1639,6,0,0,0,4,0,0,0,0,0,0,0,10,0,3,0,0,0,0,11,0,0,9,2,0,2,0,0,2,0,0,188,15,0,101,0,8,0,0,0,2,76,0
"D337",2,20,5,0,0,19,13,2,0,0,0,0,80,0,8,12,4,19,35,0,14,0,3,45,0,0,5,0,2,0,8,82,6,30,0,26,0,13,0,0,8,88,189,14,78,25,5,0,70,0,1,163,2,5,0,9,6,12,0,44,0,0,68,2,0,0,0,5,0,0,0,3,62,21,0,0,16,0,0,2,0,0,32,0,0,33,0,0,9,0,0,4,43,103,0,50,0,5,0,0,0,5,267,3,519,5,0,23,0,0,0,0,5,31,0,3,6,0,87,0,10,4,25,0,0,1,19,0,0,23,3,4,7,118,13,0,0,0,0,39,1,4,0,0,13,0,7,32,12,2,30,1,4,0,0,7,20,0,15,11,0,0,11,1,0,0,58,3,18,2,0,378,0,8,0,158,24,28,6,0,7,2,0,3,29,41,0,43,5,9,9,34,7,0,7,0,0,12,0,54,0,4,83,96,0,113,3,2,3,0,2,0,0,2,0,1,7,18,0,12,0,0,151,48,15,0,0,2,3,0,3,0,10,0,21,14,29,0,0,3,5,3,10,0,0,1,5,4,0,5,73,1,132,0,0,0,1,0,2,0,22,3,0,0,106,222,2,8,12,38,41,2,24,167,21,0,18,0,34,4,0,7,0,58,8,57,4,0,19,8,17,6,38,0,23,246,0,0,30,65,8,0,2,102,1,0,25,4,0,91,0,0,22,5,19,18,8,0,0,2,5,0,1,9,3,0,0,0,24,0,5,20,2,3,18,2,5,97,37,0,82,12,0,0,125,4,7,5,0,57,8,6,8,0,6,0,3,0,0,0,0,0,21,11,0,31,0,28,0,1,4,6,2,0,10,2,7,0,3,21,26,0,0,2,0,0,26,10,0,0,22,20,19,0,27,25,0,9,0,0,0,10,6,0,0,51,0,0,48,0,0,3,152,0,51,4,0,0,0,0,0,3,0,9,31,0,0,0,99,0,4,0,10,49,0,0,2,221,19,2,0,3,19,2,0,3,146,6,11,0,0,188,9,0,0,9,15,84,13,6,0,0,2,11,92,0,0,21,38,0,0,0,0,7,18,9,0,9,9,73,0,0,0,0,0,0,0,15,2,114,0,0,29,79,0,0,0,62,0,8,2,1,0,6,0,70,19,19,0,33,73,9,2,8,0,0,0,0,11,0,38,24,26,0,0,30,8,0
"D338",0,0,0,971,0,0,0,0,20,0,56,0,0,0,0,0,0,0,0,0,0,52,0,0,0,0,0,48,0,0,0,0,0,0,0,0,0,0,0,0,0,0,0,0,0,11,0,0,0,175,11,4,0,0,0,0,0,0,0,0,170,5,0,0,0,0,0,27,0,0,0,0,0,0,0,19,0,0,0,16,0,0,0,0,98,0,0,3,0,0,0,0,0,0,0,0,0,6,0,24,0,0,0,0,1141,0,744,0,8,0,38,4,0,0,0,0,0,0,0,25,0,0,0,101,0,0,0,89,0,0,0,0,0,6,0,0,0,6,0,0,0,0,0,217,0,0,0,0,0,0,1,0,71,0,1419,0,0,0,0,0,0,0,0,0,0,0,0,0,0,0,0,78,0,0,60,0,0,0,0,0,0,0,0,0,0,0,0,0,0,0,0,0,0,0,0,21,54,0,0,0,0,56,0,51,0,0,0,0,0,0,0,0,190,0,0,0,0,0,51,0,0,30,0,0,0,0,0,0,0,1,0,284,0,179,0,0,0,0,50,0,0,0,0,0,428,0,0,0,0,0,0,0,0,393,25,0,0,0,47,21,0,0,0,0,0,0,0,0,0,97,0,0,0,0,0,80,0,0,36,0,0,0,19,0,0,0,0,0,0,0,0,0,0,0,0,21,0,0,306,0,12,0,0,0,0,15,0,0,25,0,0,0,0,0,0,0,0,0,11,0,0,0,0,0,0,0,0,0,20,0,0,21,0,0,0,0,0,0,0,0,0,0,62,27,0,0,0,0,0,0,0,0,0,0,0,0,0,0,0,0,0,0,0,0,0,0,23,0,37,0,0,0,0,0,0,0,5,22,0,0,0,0,0,0,0,0,0,0,18,7,0,0,0,0,0,0,0,0,2,58,94,0,0,0,0,0,0,27,87,0,0,0,0,0,0,0,69,0,0,0,133,0,58,0,0,0,0,67,0,0,0,0,0,0,0,28,0,0,0,0,0,0,0,0,0,0,0,0,0,0,0,0,0,1282,10,303,0,0,0,0,0,0,0,0,0,29,0,0,0,0,40,0,0,0,0,0,0,0,0,0,0,0,0,0,2,6,0,0,0,0,34,0,0,0,0,0,0,0,25,6,0,0,0,0,0,0,93,0,0,0,0,0,0,0,0,46,0,0,0,0,0,0,0,0,0,0,0,0
"D339",0,0,0,0,0,0,0,0,0,0,0,0,0,0,0,0,0,0,0,0,0,0,0,0,0,0,0,0,0,0,0,0,0,0,462,0,0,0,0,0,0,0,0,0,0,0,0,0,333,0,0,0,0,0,0,0,0,0,0,0,0,0,0,0,0,0,0,0,0,0,0,0,0,0,0,0,0,0,0,0,0,0,0,79,2,0,0,0,682,0,0,103,0,0,0,0,0,93,0,0,0,0,0,0,0,0,0,0,0,0,0,0,0,0,0,0,0,0,0,0,0,0,0,0,3,0,641,0,0,0,1,0,0,0,0,0,0,0,0,0,0,0,0,0,0,0,0,0,0,0,0,0,0,0,0,0,0,0,0,0,0,0,0,0,0,0,0,0,0,0,0,0,0,0,0,0,0,0,5,0,0,0,48,0,0,0,0,0,0,0,0,0,0,0,0,0,0,0,0,0,4,0,0,0,0,0,0,0,0,0,0,0,0,2,0,0,0,0,0,0,0,0,0,0,0,0,0,0,0,0,0,0,0,0,0,0,0,0,0,0,0,0,0,0,0,0,0,0,0,0,0,0,0,0,0,0,0,0,0,0,0,0,0,15,0,0,0,0,0,0,0,0,0,0,0,0,0,0,0,0,0,0,0,0,0,0,0,0,0,0,0,0,0,0,0,0,0,0,1,0,0,11,0,0,0,0,0,0,0,0,0,0,0,0,0,0,0,0,0,0,0,0,0,0,0,0,0,0,0,0,0,0,0,0,0,0,0,0,0,0,0,0,0,0,0,0,0,0,0,0,0,0,0,0,0,0,0,351,0,0,0,0,0,0,0,0,0,0,0,0,0,0,0,0,0,0,0,0,0,0,0,0,2,0,0,25,0,0,0,0,0,0,0,0,0,0,0,0,0,0,0,0,0,0,0,0,0,0,0,0,0,0,0,0,0,0,0,0,1963,0,0,0,0,0,0,0,25,0,0,0,0,0,0,0,0,0,0,0,0,0,0,0,0,0,0,0,0,0,0,0,0,0,0,0,0,17,0,0,0,0,0,0,0,0,0,0,0,0,0,0,0,0,0,0,0,0,0,0,0,5,0,0,0,0,988,0,0,0,0,0,0,0,0,0,0,0,0,0,0,0,0,0,0,0,0,0,0,0,0,0,0,0,0,0,0,0,0,0,0,0,0,0,9,0,0,0,0,0
"D340",3,34,0,0,0,3,0,34,0,668,0,5,0,1,11,2,29,0,956,0,0,0,0,0,0,8,0,0,0,0,25,349,0,1,0,0,43,68,0,0,0,149,0,0,0,428,5,0,0,0,77,157,1,51,0,0,14,2,0,18,0,0,0,0,123,0,15,0,17,48,0,190,1,0,0,135,0,0,0,0,111,107,8,0,9,0,9,0,25,11,56,0,0,1,11,15,10,0,2,0,0,29,0,14,0,0,0,18,0,0,0,0,0,0,2,0,0,31,0,0,0,13,22,0,3,8,0,0,0,0,0,0,1,0,17,0,0,0,0,5,0,7,58,0,0,41,20,7,0,0,0,0,7,11,0,0,0,0,77,0,0,0,15,0,34,42,432,0,27,0,219,0,0,0,0,15,83,9,0,14,38,2,7,21,403,22,0,58,0,0,6,0,0,0,0,0,0,0,5,6,5,0,0,0,104,0,0,10,20,0,183,9,0,3,0,0,0,0,0,0,31,0,2,0,8,11,0,299,0,0,22,0,2,0,0,0,0,15,0,0,8,8,29,0,0,105,23,52,0,38,0,9,38,0,0,0,14,0,0,0,0,39,0,0,0,2,0,24,0,102,0,0,2,0,0,0,0,0,176,57,0,101,0,208,0,10,41,0,39,0,0,7,3,0,0,230,153,85,4,2,335,3,762,1,4,1,0,54,0,0,12,1,0,0,63,0,176,0,0,0,0,4,0,83,260,6,13,0,0,12,0,0,0,3,0,0,0,139,0,0,6,0,0,1,26,0,4,0,0,46,10,160,0,283,3,0,5,19,6,0,10,174,15,0,0,79,0,0,0,0,8,0,0,0,0,0,146,0,6,0,0,2,0,14,3,9,0,0,0,0,0,0,0,5,37,222,0,0,153,0,0,0,0,9,41,0,0,0,0,0,33,0,823,0,209,0,0,3,8,0,0,9,0,57,33,0,3,0,43,4,0,0,2,0,3,0,31,921,0,4,0,0,26,10,59,8,302,110,46,0,0,0,1,0,0,0,35,260,19,7,4,11,13,14,17,0,0,0,0,0,0,0,2,3,0,11,29,1,0,33,19,44,13,0,0,0,0,12,0,44,0,0,286,0,62,0,31,249,0,0,22,2,16,0,0,0,18,1,0,0,0,0,205,680,16,0,22,20,0,4,8,776,0,2,7,6,0,2
"D341",0,120,9,0,8,37,100,0,0,261,0,0,13,0,8,3,0,0,0,209,0,7,94,130,0,0,1,0,12,424,0,0,5,220,0,0,32,0,0,3,0,0,71,0,120,0,24,0,38,0,4,501,0,0,24,259,0,0,0,0,0,0,0,38,0,0,1,20,0,79,0,0,14,73,0,0,85,0,0,2,25,0,0,0,0,74,0,12,0,0,27,61,9,1,0,267,0,0,0,0,9,39,295,6,0,0,0,2,12,0,0,0,0,0,2,0,0,0,12,2,0,0,16,0,0,0,0,0,0,0,0,41,19,916,7,1,0,38,649,619,1,0,0,0,0,0,0,40,100,3,32,230,16,0,0,46,11,5,0,9,0,0,2,0,0,0,28,0,0,2,0,0,0,13,0,68,0,0,0,4,0,12,0,0,0,12,0,0,3,0,11,67,137,0,2,0,0,6,0,5,0,21,0,2415,0,0,0,0,0,0,0,0,0,2,91,4,855,56,0,9,5,11,0,100,0,3,1,13,17,0,0,0,0,10295,0,0,0,0,0,5,10,2,139,0,3,7,0,0,4,0,20,0,1594,0,0,82,1,0,20,0,10,0,0,0,45,0,0,0,0,0,14,0,97,132,52,0,0,0,141,0,0,0,0,56,0,7,0,0,0,52,6,10,3,2,18,2,32,0,49,480,226,0,19,8,0,1,39,0,12,0,0,47,11,173,208,37,0,0,0,0,7,0,0,13,22,0,0,0,29,0,0,141,12,19,0,31,141,33,57,0,59,74,0,1871,0,3,0,0,1,137,0,0,144,0,88,0,19,0,0,0,0,0,0,107,0,0,0,0,0,45,0,2,0,0,15,0,0,17,0,105,382,15,0,2,0,0,94,0,0,0,4,43,0,0,77,0,0,21,67,159,0,9,0,0,0,36,0,0,1904,0,6,10,0,2,116,5,0,0,0,0,0,15,0,0,3,0,1,0,0,3,5,2,3,46,0,0,19,468,2363,10,0,40,13,16,0,0,26,38,0,31,9,2071,0,0,0,0,24,118,33,11,0,0,0,5,8,0,0,44,109,8,0,0,0,0,32,3,2,10,0,146,0,5,0,185,0,0,37,2,15,0,0,0,6,0,1,0,0,85,0,17,4,0,0,62,0,342,4705,0,0,143,0,2,13,0,1,0,0,0,0,0,0,234,0,0,4,11,0,0
"D342",0,0,0,0,0,14,0,0,0,0,0,0,0,0,0,0,0,0,0,0,0,0,0,0,0,0,0,0,0,0,0,0,0,11,0,0,0,0,1,0,0,0,0,0,0,0,0,0,7,0,0,0,0,0,0,0,0,0,0,0,0,0,0,0,0,0,0,26,0,0,0,0,0,0,21,0,0,0,0,0,0,0,0,0,0,0,0,0,0,0,0,16,0,0,0,0,0,0,0,0,0,0,0,0,0,0,5,0,5,0,0,0,0,0,0,0,0,0,0,0,0,0,0,0,0,0,0,0,0,0,0,0,0,0,0,0,0,0,0,0,0,0,0,0,0,0,0,0,0,0,0,0,144,0,0,0,0,0,0,4,0,0,0,0,0,0,5,0,0,0,0,0,0,6,0,0,0,0,0,0,0,0,0,0,0,0,0,0,0,0,0,0,0,5,0,0,0,0,0,0,0,0,0,0,0,0,0,0,0,0,0,0,0,0,0,0,0,0,0,0,0,0,0,0,0,0,0,0,0,21,0,0,0,0,0,0,0,0,0,0,0,0,0,0,24,0,0,0,4,0,0,0,3,0,0,0,0,0,0,0,0,0,0,0,0,0,0,0,0,0,0,0,0,0,0,0,0,0,0,0,0,0,0,0,0,0,0,0,0,0,0,0,0,0,0,0,0,0,0,0,0,0,2,0,0,0,0,0,0,0,0,0,3,0,0,0,0,0,0,0,0,0,0,0,0,0,0,0,0,0,0,0,0,0,0,0,0,0,0,0,0,0,0,0,0,0,0,0,0,0,0,0,0,0,0,0,0,0,0,0,0,0,0,0,0,0,0,0,0,0,0,0,0,0,0,0,0,0,0,0,0,0,0,0,0,0,0,2,0,0,0,0,0,0,0,0,0,0,0,0,0,0,0,0,0,0,17,0,14,0,0,0,0,0,0,0,0,0,0,0,0,0,43,0,0,0,0,0,0,0,0,0,6,0,0,0,0,0,0,0,156,0,0,0,0,0,0,0,0,0,0,0,0,120,0,4,0,0,0,0,0,0,0,0,0,0,0,0,0,0,0,0,0,0,0,0,0,0,0,0,0,0,0,0,0,0,0,0,2,0,0,0,0,0,0,0,0,0,0,12,0,0,0,0,0,0,0,0,0,0,0,0,0,0,0,0,0,0,0,0,0,0,0,0,0,0,0,0
"D343",0,52,0,0,2,5,24,4,0,15,0,0,100,0,8,12,6,6,70,5,16,0,4,64,5,25,4,0,0,10,8,129,0,7,0,0,16,8,0,0,16,185,212,0,83,25,21,0,30,0,7,228,7,10,0,8,16,0,0,47,0,0,154,2,0,0,2,21,0,0,4,3,105,89,0,0,22,0,0,0,0,0,88,0,2,39,0,0,0,0,0,6,0,85,4,94,0,8,0,0,0,7,230,8,0,13,0,11,10,1,0,0,2,0,0,1,6,0,241,0,0,3,48,0,0,0,15,0,0,1,2,7,0,13,6,0,0,0,0,18,6,10,2,0,13,0,0,30,0,7,24,1,0,10,0,27,24,0,12,12,0,0,16,0,0,3,59,0,2,0,2,4,0,0,0,49,25,14,0,0,4,4,0,2,9,43,0,70,13,0,15,49,12,0,0,0,0,3,0,16,0,7,0,234,0,233,3,0,7,0,6,3,0,0,0,0,37,0,0,0,0,0,218,24,37,2,0,5,2,0,17,0,0,0,0,7,20,0,0,7,14,4,26,1,41,2,9,2,0,13,53,12,216,0,0,0,1,0,2,2,2,2,0,0,112,39,0,6,15,28,76,0,0,393,28,0,43,0,68,7,0,34,0,58,3,10,0,0,4,62,0,6,0,0,36,422,0,4,14,41,19,0,8,0,0,0,38,0,0,0,4,0,0,0,23,45,25,0,0,0,4,3,5,0,13,0,0,0,26,0,9,14,66,0,0,2,5,239,72,0,0,33,0,0,249,2,5,10,0,70,3,8,0,0,6,0,0,0,0,0,0,0,8,50,0,37,0,0,0,7,15,30,0,2,5,0,8,7,10,25,141,2,0,2,0,0,48,0,0,0,30,0,41,0,0,47,0,1,0,0,1,13,0,0,0,117,0,0,6,0,3,3,308,0,43,12,2,0,3,4,0,4,0,4,21,0,0,0,110,0,3,0,16,44,0,0,0,298,63,0,0,4,20,3,0,0,174,10,8,4,2,262,0,0,0,162,20,169,11,16,5,24,0,4,67,0,2,0,120,0,0,16,3,0,17,12,0,3,0,61,0,0,2,14,0,0,4,15,0,114,0,0,48,10,0,0,0,120,0,2,0,0,14,20,4,0,77,3,0,0,0,0,0,1,3,0,0,0,0,0,28,5,48,0,0,4,14,0
"D344",0,25,79,0,0,6,0,0,2,14,0,0,0,0,13,2,8,0,0,0,0,3,0,0,0,0,0,0,0,0,16,50,0,23,0,0,0,0,0,0,0,0,0,0,0,101,3,0,15,0,0,58,5,0,0,0,0,0,0,89,0,0,0,0,0,0,0,0,0,0,0,4,3,5,0,0,0,0,0,0,45,0,9,0,1,11,0,0,15,0,10,0,14,0,0,0,0,0,0,0,0,38,0,1,0,0,0,0,0,0,6,0,0,0,33,0,0,2,33,0,0,0,4,0,0,0,0,0,0,0,0,0,0,0,0,0,0,0,0,48,0,2,6,0,0,0,0,4,0,0,0,0,0,0,0,0,6,0,0,16,0,0,0,0,0,0,15,0,0,0,0,12,0,0,0,0,0,0,4,18,0,0,0,8,7,0,0,0,0,1,0,0,0,1,0,0,0,1,0,0,3,40,0,2749,0,41,0,0,0,0,13,0,0,9,5,0,0,0,0,0,0,0,0,8,0,2,0,7,0,0,16,0,0,0,0,0,0,0,0,0,20,2,0,0,0,1,0,0,0,125,0,2,201,0,2,0,3,0,0,0,3,0,0,0,0,145,4,2,0,0,0,0,0,0,20,0,0,0,39,0,0,0,0,139,32,0,30,0,0,0,0,0,0,0,0,20,23,0,2,0,266,0,0,0,1,12,0,0,9,0,0,0,7,0,60,0,11,0,0,9,0,1,0,0,15,0,0,0,14,0,0,0,0,0,0,0,0,218,20,0,0,0,0,0,0,0,0,0,67,0,5,0,0,0,0,0,0,0,0,0,0,0,0,0,0,13,0,0,0,0,0,0,0,0,0,0,3,0,0,0,0,0,9,0,0,0,0,0,0,0,0,0,0,0,0,0,0,0,0,14,1,0,0,0,0,0,3,0,44,0,0,0,206,0,0,0,2,0,0,0,0,11,0,0,0,0,3,0,0,10,0,2,18,0,0,0,0,105,0,7,0,0,2,0,0,0,2,17,0,49,30,50,0,0,0,0,2,0,21,0,0,0,8,0,0,0,0,0,0,7,0,0,0,0,0,0,0,0,0,226,0,0,5,0,0,0,35,0,5,1,0,0,12,0,0,0,0,52,0,3,0,0,13,0,2,0,8203,11,0,0,0,0,0,0,2,0,0,0,0,0,2,115,0,0,3,17,12,2
"D345",0,0,0,0,0,0,0,0,0,0,0,0,0,0,0,0,0,0,0,0,0,0,0,0,0,0,0,7,0,0,0,0,0,0,0,0,0,0,0,0,0,0,0,0,0,0,0,0,0,0,0,0,0,0,0,0,0,0,0,0,0,0,0,0,0,0,0,0,0,0,2,0,0,0,0,0,0,0,0,0,0,0,0,0,0,0,0,0,0,0,0,0,0,0,0,0,0,0,0,152,0,0,0,0,3,0,0,0,0,0,323,0,0,0,0,0,0,0,0,0,0,0,0,0,0,0,0,0,35,0,0,0,0,0,0,0,0,0,0,0,0,0,0,0,0,0,0,0,0,0,0,0,0,0,0,0,0,0,0,0,0,0,0,0,0,0,0,0,0,0,0,0,0,0,0,0,0,0,0,0,0,0,0,0,0,0,0,0,0,0,0,0,0,0,0,728,297,0,0,0,0,0,0,0,0,0,0,0,0,0,0,0,0,0,0,0,0,0,0,0,0,0,0,0,0,0,0,0,0,0,0,854,0,0,0,0,0,0,0,0,0,0,0,0,0,0,0,0,0,0,0,0,0,0,0,0,0,0,0,0,0,0,0,0,0,0,0,0,0,0,0,0,0,0,0,0,0,0,0,0,0,0,594,0,0,0,0,0,0,0,0,0,0,0,0,0,0,0,0,0,0,0,0,0,0,0,0,0,0,0,0,0,0,0,0,0,0,0,79,0,0,0,0,0,0,0,0,0,0,0,0,0,0,0,0,0,0,0,0,0,0,0,0,0,0,0,0,0,0,0,0,0,0,0,0,0,0,0,0,0,0,0,0,0,0,0,0,0,59,0,0,0,6,0,0,0,0,0,0,0,0,0,0,0,0,0,0,0,0,0,0,0,0,0,0,0,0,0,0,0,0,0,0,0,0,0,0,4,0,0,0,0,0,0,0,0,0,0,0,0,0,0,0,0,0,0,0,0,0,0,0,0,0,0,0,1554,0,0,0,0,0,0,0,0,0,0,0,0,0,0,0,0,0,0,0,0,0,0,0,0,0,0,0,0,0,18,0,0,0,0,0,0,0,0,0,0,0,0,0,0,0,0,0,0,0,0,0,0,0,0,136,0,0,0,0,0,0,0,0,0,0,0,0,0,0,0,0,0,0,0,0,0,0,0,0,3,0,0,0,0,0,0,0,0,0,0,0,0
"D346",0,0,0,0,0,0,0,0,34,0,0,0,0,0,0,0,0,0,0,0,0,54,0,0,0,0,0,0,0,0,0,0,0,0,1144,0,0,0,0,0,0,0,0,0,0,1150,0,0,0,18,0,0,0,0,0,0,0,0,0,0,0,0,0,0,0,0,0,0,0,0,0,0,0,0,0,0,0,0,0,0,0,0,0,1206,0,0,0,0,0,0,0,0,0,0,0,0,1850,27,0,0,0,0,0,0,0,0,0,0,0,0,0,0,0,0,0,0,0,0,0,0,0,0,0,2,2559,0,0,0,0,0,0,0,0,0,0,0,0,0,0,0,0,0,0,0,0,0,0,0,0,0,0,0,252,0,0,0,0,0,0,0,0,0,0,0,0,0,0,0,28,0,0,0,1688,0,0,0,0,0,0,0,0,0,0,0,0,0,0,0,0,0,0,0,0,0,0,0,0,0,0,0,0,0,0,0,0,0,0,0,0,0,0,0,21,0,0,0,0,0,0,799,0,0,0,0,0,0,0,0,0,0,0,2,0,0,0,0,0,0,0,0,0,0,0,0,0,0,0,0,0,0,0,0,0,0,0,0,0,0,0,0,9860,0,0,0,0,0,131,0,0,3803,0,0,0,0,0,0,0,0,0,0,0,0,0,0,0,0,0,0,0,0,0,0,0,0,0,0,0,0,9975,0,0,1212,0,0,0,0,0,0,0,0,0,68,0,0,0,0,0,0,0,0,0,0,0,23,0,0,0,0,0,8118,0,0,0,0,0,0,0,0,0,0,0,0,0,0,0,0,0,0,0,0,0,0,0,0,0,0,0,0,0,0,0,0,0,0,15,0,0,0,0,0,0,0,0,4662,0,0,0,41,0,0,0,0,0,0,416,2123,0,235,0,166,0,0,0,1798,0,0,2,0,0,0,224,0,0,0,0,0,0,0,28,0,0,0,0,0,0,0,0,34225,406,0,0,0,0,0,0,0,0,0,0,0,0,0,0,0,845,0,0,0,0,0,0,0,0,0,0,0,0,0,0,0,0,0,0,0,0,0,0,0,0,0,0,0,0,0,0,0,0,0,0,0,0,0,263,0,0,0,0,0,0,0,0,0,0,0,0,13,0,0,0,0,0,0,0,0,0,0,0,0,0,1,0,0,0,0,0,0,0,0,0,0,0,0,0,0,0,0,14219,0,0,0,0,0,0,159,0,0,0,0
"D347",0,0,0,1310,0,2,0,0,10,0,2,0,0,0,0,0,0,0,0,0,0,13,0,0,0,0,0,22,0,0,0,0,0,65,0,0,0,0,0,0,0,0,0,0,0,0,0,16,0,565,13,0,0,0,0,0,0,0,0,0,1147,0,0,0,0,0,0,0,0,0,0,0,0,0,0,0,0,0,65,0,0,8,0,0,36,0,0,0,0,0,0,0,0,0,0,0,0,0,0,721,0,0,0,0,5626,0,894,0,5,0,605,25,0,0,0,0,0,0,0,153,0,0,0,252,0,0,0,128,129,0,0,0,0,0,0,0,0,0,0,0,0,0,0,123,0,0,0,0,0,0,0,0,0,0,1902,0,0,0,0,0,0,0,0,0,0,0,0,0,0,0,0,215,0,0,79,0,0,0,0,0,0,0,0,0,0,11,0,0,0,0,0,0,0,0,0,307,42,0,0,0,0,0,0,13,0,0,0,0,0,0,0,0,808,0,0,0,0,0,0,8,0,19,0,0,0,0,0,0,0,0,0,3634,0,4975,0,0,0,0,6,0,0,0,0,0,0,0,0,0,0,0,0,0,0,295,10,0,0,6,53,146,0,0,0,0,0,0,0,0,0,14,0,0,0,0,0,5,0,0,0,0,0,0,0,0,0,0,0,41,0,0,0,0,0,0,0,0,0,0,219,0,0,24,9,0,0,27,0,0,0,0,0,0,88,0,0,0,0,0,477,0,0,0,0,0,0,6,0,0,0,0,8,164,0,0,0,0,0,0,0,0,0,0,142,20,0,0,0,0,35,0,0,0,0,0,0,0,0,0,0,0,0,0,0,0,0,0,0,0,16,0,0,0,0,0,0,0,0,14,0,0,0,0,0,0,0,0,0,0,0,16,0,0,0,0,0,0,0,0,8,6,162,0,0,0,0,0,2,0,0,0,0,0,0,0,0,0,0,0,0,232,221,0,19,0,0,0,0,21,0,0,0,3,0,0,0,66,0,0,0,0,2,0,0,0,0,0,0,0,0,0,0,0,0,102,65,0,0,0,0,0,0,0,0,0,0,53,0,0,0,0,9,0,0,0,0,0,0,0,0,0,0,0,0,0,0,0,0,0,0,0,26,0,0,0,0,0,0,0,63,25,0,0,0,0,0,0,0,0,0,0,0,0,0,0,0,155,0,0,0,2,0,0,0,0,0,0,190,0
"D348",0,0,0,0,0,0,0,0,0,0,0,0,0,0,0,0,0,0,0,0,0,0,0,0,0,0,0,0,0,0,0,0,0,0,0,0,0,0,0,0,0,0,0,0,0,0,0,0,0,0,0,0,0,0,0,0,0,0,0,0,0,0,0,0,0,0,0,0,0,0,0,0,0,0,0,0,0,0,0,0,0,0,0,0,0,0,0,0,0,0,0,0,0,0,0,0,0,0,0,0,0,0,0,0,0,0,0,0,0,0,0,0,0,0,0,0,0,0,0,0,0,0,0,0,0,0,0,0,0,0,0,0,0,0,0,0,0,0,0,0,0,0,0,3,0,0,0,0,0,0,0,0,0,0,0,0,0,0,0,0,0,0,0,0,0,0,0,0,0,0,0,6,0,0,0,0,0,0,0,0,0,0,0,0,0,0,2,0,0,0,0,0,0,0,0,0,0,0,0,0,0,6,0,0,0,0,0,0,0,0,0,0,0,0,0,0,0,0,4,0,0,0,0,0,0,0,0,0,0,0,0,0,0,0,0,0,0,0,1,0,0,0,0,0,0,0,0,0,0,0,0,0,0,0,0,0,0,0,0,0,0,0,0,0,0,0,0,0,0,0,0,0,0,0,0,0,0,0,0,0,0,0,0,0,0,0,0,0,0,0,0,0,0,0,0,0,0,0,0,0,0,0,0,0,0,0,0,0,0,0,0,0,0,0,0,0,0,0,0,0,0,0,0,0,0,0,0,0,0,0,0,0,0,0,0,0,0,0,0,0,0,0,0,0,0,0,0,0,0,0,0,0,0,0,0,0,0,0,0,0,0,0,0,0,0,0,0,0,0,0,0,0,0,0,0,0,0,0,0,0,0,0,0,0,0,0,0,0,0,0,0,0,0,0,0,0,0,0,0,0,0,0,0,0,0,0,0,0,0,0,0,0,0,0,0,0,0,0,0,0,0,0,0,0,0,0,0,0,0,0,0,0,0,0,0,0,0,15,0,0,0,0,0,0,0,0,0,0,0,0,0,0,0,0,0,0,0,0,0,0,0,0,0,0,0,0,0,0,0,0,0,0,0,0,0,0,0,0,0,0,0,0,0,0,0,0,0,0,0,0,0,0,0,0,0,0,0,0,0,0,0,0,0,0,0,0,0,0,0,0,0,0,0,0,0,0,0,0,0,0,0,0,0,0,0,0,0,0
"D349",0,0,0,0,0,0,0,0,0,0,0,0,0,0,0,0,0,0,0,0,0,0,0,0,0,0,0,0,0,0,0,0,0,0,0,0,0,0,0,0,0,0,0,0,0,0,0,0,0,0,0,0,0,0,0,0,0,0,0,0,0,0,0,0,0,0,0,0,0,0,0,0,0,0,0,0,0,0,0,0,0,0,0,0,0,0,0,0,0,0,0,0,0,0,0,0,0,0,0,0,0,0,0,0,0,0,0,0,0,0,0,0,0,0,0,0,0,0,0,0,0,0,0,0,0,0,0,0,0,0,0,0,0,0,0,0,0,0,0,0,0,0,0,0,0,0,0,0,0,0,0,0,0,0,0,0,0,0,0,0,0,0,0,0,0,0,0,0,0,0,0,0,0,0,0,0,0,0,0,0,0,0,0,0,0,0,0,0,0,0,0,0,0,0,0,0,0,0,0,0,0,0,0,0,0,0,0,0,0,0,0,0,0,0,0,0,0,0,0,0,0,0,0,0,0,0,0,0,0,0,0,0,0,150782,0,0,0,0,0,0,0,0,0,0,0,0,0,0,0,0,0,0,0,0,245,0,0,0,0,0,0,0,0,0,0,0,0,0,0,0,0,0,0,0,0,0,0,0,0,0,0,0,0,0,0,0,0,0,0,0,0,0,0,0,0,0,0,0,0,0,0,0,0,0,0,51,0,0,0,0,0,0,5,0,0,0,0,0,0,0,0,0,0,0,0,0,0,0,0,0,0,0,0,0,0,0,0,0,0,0,0,0,0,0,0,0,0,0,0,0,0,0,0,0,0,0,0,0,0,0,0,0,0,0,0,0,0,0,0,0,0,0,0,0,0,0,0,0,0,0,0,0,0,0,0,0,0,0,0,0,0,0,0,0,0,0,0,0,0,0,0,0,0,0,0,0,0,0,2,0,0,0,0,0,0,0,0,0,0,0,0,0,0,0,0,0,0,0,0,0,0,0,0,0,0,0,0,0,0,0,0,0,0,0,0,0,0,0,0,0,0,0,0,0,0,0,0,0,0,0,0,0,0,0,0,0,0,0,0,0,0,0,0,0,0,0,0,0,0,0,0,0,0,0,0,0,0,0,0,0,0,0,0,0,0,0,0,0,0,2,0,0,0,0,0,0,0,0,0,0,0,0,0,0,0,0,0,0,0,0,0,0,0,0,0,0,0,0
"D350",0,0,0,0,0,0,0,0,0,0,0,0,0,0,0,0,0,0,0,0,0,0,0,0,0,0,0,0,0,0,0,0,0,0,20,0,0,0,0,0,0,0,0,0,0,0,0,0,0,0,0,0,0,0,0,0,0,0,0,0,4,0,0,0,0,0,0,0,0,0,0,0,0,0,0,0,0,0,0,0,0,0,0,261,8,0,9,0,159,0,0,0,0,0,0,0,0,0,0,0,0,0,0,0,3,0,0,0,0,0,0,0,0,0,0,0,0,0,0,0,0,0,0,0,0,0,0,0,0,0,0,0,0,0,0,0,0,0,0,0,0,0,0,0,5,0,0,0,0,0,0,0,0,0,0,0,0,0,0,0,0,0,0,0,0,0,0,0,0,0,0,0,0,0,0,0,0,0,0,0,0,0,4,0,0,0,0,0,0,0,0,0,0,0,0,0,0,0,0,0,0,0,0,0,0,0,0,0,0,0,0,0,0,3,0,0,0,0,0,0,0,0,0,0,0,0,0,0,0,0,0,0,0,0,0,0,0,0,0,0,0,0,0,0,0,0,0,0,0,0,0,0,0,0,0,0,0,0,0,0,0,0,0,0,0,0,0,0,0,0,0,0,0,0,0,0,0,0,0,0,0,0,0,0,0,0,0,0,0,0,0,0,0,0,0,0,0,0,0,0,0,0,0,0,0,0,0,0,0,0,0,0,0,0,0,0,0,0,0,0,0,0,0,2,0,0,0,0,0,0,0,0,0,0,0,0,0,0,0,0,0,0,0,0,0,0,0,0,0,0,0,0,0,0,0,0,0,438,0,0,0,0,0,0,0,0,0,0,0,0,0,0,0,0,0,0,0,0,0,0,0,0,0,0,0,0,0,0,0,0,0,0,0,0,0,0,0,0,0,0,0,0,0,0,0,0,0,0,0,0,0,0,0,0,0,0,0,0,2369,0,0,0,0,0,0,0,2,0,0,0,0,0,4,0,0,0,0,0,3,0,0,0,0,0,0,0,0,0,0,0,0,0,0,0,0,0,0,0,0,0,0,0,0,0,0,0,0,0,0,0,0,0,0,0,0,0,0,0,0,8,0,0,0,0,0,0,0,0,0,0,0,0,0,0,0,0,0,0,0,2,0,0,0,0,0,0,0,0,0,0,0,0,0,0,0,0,0,0,0,0,0,0,0,0,0,0,0,0
"D351",0,0,0,110,0,0,0,0,7,0,0,0,0,0,0,0,0,0,0,0,0,0,0,0,0,0,0,80,0,0,0,0,0,10,0,0,0,0,0,0,0,0,0,0,0,0,0,0,0,0,2,5,0,0,0,0,0,0,0,0,0,0,0,0,0,25,0,0,0,0,67,0,0,0,0,0,0,23,5,21,0,0,0,0,0,0,0,0,0,0,0,0,0,0,0,0,0,0,0,1635,0,0,0,0,13826,0,145,0,0,0,934,77,0,0,0,0,0,0,0,693,0,0,7,0,10,0,0,0,49,0,0,0,0,0,0,5,5,0,0,0,0,0,0,0,0,0,0,0,0,0,0,0,0,0,464,0,0,0,0,4,0,0,0,0,0,0,5,0,0,0,0,0,2,0,0,0,0,0,0,2,0,0,0,0,0,0,0,0,0,0,0,0,0,0,0,0,64,0,0,0,0,0,0,0,0,0,0,0,0,0,0,0,685,0,0,0,0,0,0,0,0,0,0,0,0,0,0,0,0,0,0,16570,0,302,0,0,0,0,0,0,0,0,0,0,0,0,0,0,8,0,0,0,12,0,0,0,0,8,0,0,47,0,0,0,0,0,0,0,0,0,0,0,0,0,14,0,0,0,0,0,0,0,52,0,0,0,0,0,0,0,0,0,0,0,0,0,0,0,177,0,0,0,0,0,0,6,0,0,0,0,0,0,641,0,0,0,0,0,107,0,0,13,0,0,0,0,0,0,0,0,0,0,0,0,0,0,0,0,0,0,0,0,1099,25,0,0,0,0,0,0,0,0,0,0,0,0,0,0,0,0,0,10,0,0,0,0,28,0,120,0,0,0,999,0,0,0,0,0,0,0,0,0,0,0,0,0,0,0,0,0,19,0,0,0,0,0,0,0,0,0,186,0,0,0,0,0,0,2742,4,0,0,0,0,0,0,0,0,0,0,0,44,0,0,0,0,0,0,0,15,0,0,0,0,0,8,88,10,8,0,0,0,0,0,0,0,0,0,0,0,0,0,0,0,204,16,71,0,0,0,0,0,0,0,0,0,237,0,0,0,0,0,0,0,0,0,0,0,0,0,0,0,0,0,0,0,0,0,0,0,0,34,0,0,0,0,0,0,0,7,0,0,0,0,0,0,0,0,0,0,0,0,0,1,0,0,377,0,0,0,0,0,6,0,0,0,0,36,0
"D352",0,0,0,2,0,0,0,0,0,0,0,0,0,0,0,0,0,4,6,0,0,0,0,0,0,0,0,0,0,0,0,0,0,210,0,0,0,1,0,0,0,0,0,0,0,14,0,2,0,0,0,0,0,0,0,0,0,0,0,0,0,0,0,0,0,0,0,0,5,0,0,0,0,0,0,3,0,0,28,0,0,0,0,0,2,0,186,0,2,0,0,0,0,0,0,0,134,0,0,0,0,0,0,0,6,0,0,0,0,0,0,0,0,0,4,0,0,349,0,0,0,0,0,0,0,0,0,0,0,0,0,0,0,0,0,0,0,0,0,0,1,0,0,0,0,4,0,0,0,0,0,0,0,0,0,0,0,0,5,0,0,0,5,0,0,0,0,0,0,0,43,0,0,0,0,0,0,18,0,0,11,0,0,0,11,0,0,0,0,0,0,0,0,0,0,0,0,0,0,0,0,0,0,0,5,0,3,1,0,0,2,518,2,0,0,0,0,0,0,5,0,0,0,0,0,0,0,163,0,0,0,0,0,5,0,0,0,3,0,0,0,0,0,0,0,10,0,0,0,0,0,0,5,0,0,0,0,0,0,0,12,0,0,0,0,0,0,0,0,127,0,3,0,0,0,0,0,0,6,0,0,0,0,0,0,0,0,0,0,0,0,0,0,0,0,0,0,0,0,0,0,160,0,0,0,0,0,0,0,0,0,18,0,0,4,0,0,0,0,0,0,0,0,0,0,0,0,0,0,97,0,0,0,0,0,0,0,0,0,0,0,0,0,0,0,0,0,0,0,0,0,0,0,0,0,0,0,0,0,0,0,8,0,0,0,5,0,0,0,0,0,0,0,0,0,0,0,0,5,0,0,4,0,0,8,69,0,36,0,0,0,0,0,0,0,2,77,0,84,0,0,0,0,0,0,0,0,0,13,0,4,0,0,0,19,0,0,310,110,0,0,0,0,0,0,0,0,0,0,0,0,0,0,0,0,0,4,0,0,0,0,0,0,0,0,0,2,0,0,0,0,0,0,0,0,0,0,0,1,0,0,0,0,0,0,0,0,0,0,0,0,0,0,0,0,0,0,0,0,0,580,0,4,0,0,25,0,0,0,7,0,0,3,0,0,0,0,0,0,0,0,0,0,0,0,0,4,0,0,0,0,0,0,6,0,0,533,45,0,30,0,0,0,55,0,0,0,0
"D353",0,0,0,0,0,0,0,0,0,0,0,0,0,0,0,0,0,0,0,0,0,0,0,0,0,0,0,0,0,0,0,0,0,0,0,0,0,0,91,0,0,0,0,0,0,0,0,0,0,0,0,0,0,0,0,0,0,0,0,0,0,0,0,0,0,0,0,0,0,0,0,0,0,0,0,0,0,0,0,0,0,0,0,0,0,0,0,0,0,0,0,0,0,0,0,0,0,0,0,0,0,0,0,0,0,0,0,0,0,0,0,0,0,0,0,0,0,0,0,0,0,0,0,0,0,0,0,0,0,0,0,0,0,0,0,0,0,0,0,0,0,0,0,0,0,0,0,0,0,0,0,0,3,0,0,0,0,0,0,0,0,0,0,0,0,0,0,0,0,0,0,0,0,0,0,0,0,0,0,0,0,0,0,0,0,0,0,0,0,0,0,0,0,0,0,0,0,0,0,0,0,0,0,0,0,0,0,0,0,0,0,0,0,0,0,7,0,0,0,0,0,0,0,0,0,0,0,0,0,0,0,0,0,11,0,0,0,0,0,0,0,0,0,0,0,0,0,0,0,0,0,0,0,0,0,0,0,0,0,0,0,0,0,0,0,0,0,0,0,0,0,0,0,0,2,0,0,0,0,0,0,0,0,0,0,0,0,0,0,0,0,0,0,0,0,0,0,0,1,0,0,0,0,0,0,0,0,0,0,0,0,2,0,0,0,0,0,0,0,0,0,0,0,0,0,0,0,0,0,0,0,0,0,0,0,0,0,0,0,0,0,0,0,3,0,0,0,0,0,0,0,0,0,0,0,0,0,0,0,0,0,0,0,0,0,0,0,0,0,0,0,0,0,0,0,0,0,0,0,0,0,0,0,0,0,0,0,0,0,0,0,0,0,0,0,0,0,0,0,0,20,0,0,0,0,0,0,0,0,0,0,0,0,0,0,0,0,0,0,0,0,0,0,0,0,0,0,0,0,0,0,0,0,0,0,0,0,0,0,0,0,0,0,0,0,0,0,0,0,0,0,0,0,0,0,3,0,0,0,0,0,0,0,0,0,0,0,0,0,0,0,0,0,0,0,0,0,0,0,0,0,0,0,0,0,0,0,0,0,0,0,0,0,0,0,0,0,0,0,0,0,0,0,0,0,0,0,0,0,0,0,0,0,0,0,0,0,0,0,0,0,0,0,0,0,0,0,0
"D354",0,0,0,0,0,0,0,0,0,0,0,0,0,0,0,0,0,0,0,0,0,0,0,0,0,0,0,0,0,0,0,0,0,0,0,0,0,0,0,0,0,0,0,0,0,0,0,0,0,0,0,0,0,0,3,0,0,0,0,0,0,0,0,2,0,0,0,0,0,0,0,0,0,0,26,0,0,0,0,0,3,0,0,0,0,0,0,0,0,0,0,0,0,0,0,0,0,0,0,0,0,0,0,0,0,0,0,0,0,0,0,0,0,0,0,0,0,0,0,0,0,0,0,0,0,0,0,0,0,0,0,0,0,0,0,0,0,0,0,0,0,0,0,0,0,0,0,0,0,1,0,380,0,0,0,0,0,0,0,0,0,0,0,0,0,0,0,0,0,0,0,0,0,0,0,0,0,0,0,0,0,0,0,0,0,0,0,0,0,0,0,0,0,0,0,0,0,0,0,0,0,47,0,0,0,0,0,0,0,0,0,0,0,0,0,0,0,0,0,0,0,5,0,0,0,0,0,0,0,0,0,0,0,0,0,0,0,0,0,0,0,0,0,0,0,0,0,0,0,0,0,0,0,0,0,0,0,0,0,0,0,0,0,0,0,0,0,0,0,0,0,0,0,0,0,0,0,0,0,0,0,0,0,0,0,0,0,0,0,0,0,0,0,0,0,0,0,0,0,0,0,0,0,0,0,0,0,0,0,0,0,0,0,0,0,0,0,0,0,0,0,0,0,0,0,0,0,0,0,0,0,0,0,0,0,0,0,0,0,0,0,0,0,0,0,0,0,0,0,0,0,0,1,0,0,0,0,0,0,0,0,0,0,0,0,0,0,0,0,0,0,0,0,0,0,10,0,0,0,0,0,0,66,0,0,0,0,0,0,0,0,0,0,0,0,0,0,0,0,0,0,0,0,0,0,0,0,0,0,0,0,0,0,0,0,0,0,0,0,0,0,0,0,0,0,0,0,0,0,0,0,0,0,0,0,0,0,0,0,0,919,0,0,0,0,0,0,0,0,0,0,0,0,0,0,0,0,0,0,0,0,0,0,0,0,0,0,0,0,0,0,0,0,0,0,0,0,0,0,0,0,0,0,0,0,0,0,0,0,0,0,11280,0,0,0,0,0,0,0,0,0,0,0,0,0,0,30,0,0,0,0,0,0,0,0,0,0,0,0,0,0,0,0,0,0,0,0,0
"D355",0,0,0,0,0,0,0,0,0,0,0,0,0,0,0,0,0,0,0,0,0,0,0,0,0,0,0,0,0,0,0,0,0,0,0,0,0,0,0,0,0,0,0,0,0,0,0,0,0,0,0,0,0,0,0,0,0,0,0,0,0,0,0,0,0,0,0,0,0,0,0,0,0,0,0,0,0,0,0,0,0,0,0,0,0,0,0,0,0,0,0,0,0,0,0,0,0,0,0,0,0,0,0,0,0,0,0,0,0,0,0,0,0,0,0,0,0,0,0,0,0,0,0,0,0,0,0,0,0,0,0,0,0,0,0,0,0,0,0,0,0,0,0,0,0,0,0,0,0,0,0,0,0,0,0,0,0,0,0,0,0,0,0,0,0,0,0,0,0,0,0,0,0,0,0,0,0,0,0,0,0,0,0,0,0,0,0,0,0,0,0,0,0,0,0,0,0,0,0,0,0,0,0,0,0,0,0,0,0,0,0,0,0,0,0,0,0,0,0,0,0,0,0,0,0,0,0,0,0,0,0,0,0,0,0,0,0,0,0,0,0,0,0,0,0,0,0,0,0,0,0,0,0,0,0,0,0,0,0,0,0,0,0,0,0,0,0,0,0,0,0,0,0,0,0,0,0,0,0,0,0,0,0,0,0,0,0,0,0,0,0,0,3,0,0,0,0,0,0,0,0,0,0,0,0,0,0,0,0,0,0,0,0,0,0,0,0,0,0,0,0,0,0,0,0,0,0,0,0,0,0,0,0,0,0,0,0,0,0,0,0,0,0,0,0,0,0,0,0,0,0,0,0,0,0,0,0,0,0,0,0,0,0,0,0,0,0,0,0,0,0,0,0,0,0,0,0,0,0,0,0,0,0,0,0,0,0,0,0,0,0,0,0,0,0,0,0,0,0,0,0,0,0,0,0,0,0,0,0,0,0,0,0,0,0,0,0,0,0,0,0,0,0,0,0,0,0,0,0,0,0,0,0,0,0,0,0,0,0,0,0,0,0,0,0,0,0,0,0,0,0,0,0,0,0,0,0,0,0,0,0,0,0,0,0,0,0,0,0,0,0,0,0,0,0,0,0,0,0,0,0,0,0,0,0,0,0,0,0,0,0,0,0,0,0,0,0,0,0,0,0,0,0,0,0,0,2,0,0,0,0,0,0,0,0,0,0,0,0,0,0,0,0,0,0,0,0,0
"D356",0,0,0,0,0,0,0,0,43,0,0,0,0,0,0,0,0,0,0,0,0,0,0,0,0,0,0,0,0,0,0,0,0,0,0,0,0,0,0,0,0,0,0,0,0,0,0,0,0,0,0,0,0,0,0,0,0,0,0,0,0,0,0,0,0,88,0,0,0,0,0,0,0,0,17,0,0,0,0,0,0,0,0,0,0,0,0,0,0,0,0,0,0,0,0,0,0,0,0,0,0,0,0,0,0,0,0,0,0,0,0,0,0,0,0,0,0,0,0,0,0,0,0,0,0,0,0,0,0,0,0,0,0,0,0,0,0,0,0,0,0,0,0,0,0,0,0,0,0,0,0,0,1,0,0,0,0,0,0,0,0,0,0,0,0,0,0,0,0,0,0,0,0,0,0,0,0,0,0,0,0,0,0,0,0,0,0,0,0,0,0,0,0,0,0,0,0,0,0,0,0,0,0,0,0,0,0,0,0,0,0,0,0,0,0,0,0,24,0,0,0,0,0,0,0,0,0,0,0,3,0,0,0,0,0,0,0,0,0,0,0,0,0,0,0,0,0,0,0,0,0,0,0,0,20,0,0,0,0,0,0,0,0,0,0,0,0,0,0,0,0,0,0,0,0,0,0,0,0,0,0,0,0,0,0,0,0,0,0,0,0,0,0,0,0,0,0,0,0,0,0,0,0,0,0,0,0,0,0,0,0,0,0,0,0,0,0,0,0,0,0,0,0,0,0,0,0,0,0,0,0,0,0,0,0,0,0,0,0,0,0,0,0,0,0,0,0,0,0,0,0,0,0,0,0,0,0,0,0,0,0,0,0,0,0,0,0,0,0,0,0,3,0,0,0,0,0,0,0,0,0,0,0,0,0,0,0,0,0,0,0,0,0,0,0,0,0,0,0,0,0,0,0,0,0,0,0,0,0,0,0,0,0,0,0,0,0,0,0,0,0,0,0,0,0,0,0,0,0,0,0,0,0,0,0,0,0,0,0,0,0,0,0,0,0,0,0,0,0,0,0,0,0,0,0,0,0,0,0,0,0,0,0,0,0,0,0,0,0,0,0,0,0,0,0,0,0,0,0,0,0,0,0,0,0,0,0,0,0,0,0,0,0,0,0,0,0,0,0,0,0,0,0,0,0,0,0,0,0,0,0,0,0,0,0,0,0,0,0,0,0,0,0,0,0,0,0,0
"D357",0,0,0,0,0,0,0,0,0,0,0,0,0,0,0,0,0,0,0,0,0,0,0,0,0,0,0,0,0,0,0,3,0,0,0,0,0,0,0,0,0,0,0,0,0,0,0,0,0,0,33,0,0,0,0,0,0,0,0,0,0,0,0,0,0,0,0,0,0,0,0,0,0,0,0,0,0,0,0,5,0,0,0,0,0,0,0,0,0,0,0,0,0,0,0,0,0,0,0,0,0,0,1,0,0,0,0,0,0,0,0,0,0,0,0,0,0,0,0,0,0,0,0,0,0,0,0,0,0,0,0,0,0,0,0,0,1,0,0,0,0,0,0,0,0,0,0,0,0,0,0,0,0,0,0,0,0,0,0,0,0,0,0,0,0,0,0,0,0,0,0,0,0,0,0,0,0,0,0,0,0,0,0,0,0,0,0,0,0,0,0,0,0,0,0,0,0,0,0,0,0,0,0,0,0,0,0,0,0,0,0,0,0,0,0,0,0,0,0,0,0,0,0,0,0,0,0,0,0,0,0,0,0,0,0,0,0,0,0,0,0,0,0,0,0,0,0,0,0,0,0,0,0,0,0,0,0,0,0,0,0,0,3,0,0,0,0,0,0,0,0,0,0,0,0,0,0,0,0,0,0,0,0,0,0,0,0,0,0,0,0,0,0,0,0,0,0,0,0,0,0,0,0,0,0,2,0,0,0,0,0,0,0,0,0,0,0,0,0,0,0,0,0,0,0,0,0,0,0,0,0,0,0,0,0,0,0,0,0,0,0,0,0,0,0,0,0,0,0,0,0,0,0,0,0,0,0,0,3,0,0,0,0,0,0,0,0,0,0,0,0,0,0,0,0,0,0,0,0,0,0,0,0,0,0,0,0,0,0,0,0,0,0,0,0,0,0,0,0,0,0,0,0,0,0,0,0,4,0,0,0,0,0,0,0,0,0,0,0,0,0,0,0,0,0,0,0,0,0,0,0,0,0,0,0,0,0,0,0,0,0,0,0,0,0,0,0,0,0,0,0,0,0,0,0,0,0,0,0,0,0,0,0,0,0,0,0,0,0,0,0,0,0,0,0,0,0,0,0,0,0,0,0,0,0,0,0,0,0,0,0,0,0,0,0,0,0,0,0,0,0,0,0,0,0,0,9,0,0,0,0,0,0,0,0,0,0,0,0,0,0,0,0,0,0,0,0,0
"D358",0,0,0,0,0,0,0,0,0,0,0,0,0,0,0,0,0,0,0,0,0,0,0,0,0,0,0,0,0,0,0,0,0,0,0,0,0,0,0,0,0,0,0,0,0,0,0,0,0,0,0,0,0,0,0,0,0,0,0,0,0,0,0,0,0,0,0,0,0,0,0,0,0,0,0,0,0,0,0,0,0,0,0,0,0,0,0,0,0,0,0,0,0,0,0,0,0,0,0,0,0,0,0,0,0,0,0,0,0,0,0,0,0,0,0,0,0,0,0,0,0,0,0,0,0,0,0,0,0,0,0,0,0,0,0,0,0,0,0,0,0,0,0,0,0,0,0,0,0,0,0,0,0,0,0,0,0,0,0,0,0,0,0,0,0,0,0,0,0,0,0,0,0,0,0,0,0,0,0,0,0,0,0,0,0,0,0,0,0,0,0,0,0,0,0,0,0,0,0,0,0,0,0,0,0,0,0,0,0,0,0,0,0,0,0,0,0,0,0,0,0,0,0,0,0,0,0,0,0,0,0,0,0,0,0,0,0,0,0,0,0,0,0,0,0,0,0,0,0,0,0,0,0,0,0,0,0,0,0,0,0,0,0,0,0,0,0,0,0,0,0,0,0,0,0,0,0,0,0,0,0,0,0,0,0,0,0,0,0,0,0,0,0,0,0,0,0,0,0,0,0,0,0,0,0,0,0,0,0,0,0,0,0,0,0,0,0,0,0,0,0,0,0,0,0,0,0,0,0,0,0,0,0,0,0,0,0,0,0,0,0,0,0,0,0,0,0,0,0,0,0,0,0,0,0,0,0,0,0,0,0,0,0,0,0,0,0,0,0,0,0,0,0,0,0,0,0,0,0,0,0,0,0,0,0,0,0,0,0,0,0,0,0,0,0,0,0,0,0,0,0,0,0,0,0,0,0,0,0,0,0,0,0,0,0,0,0,0,0,0,0,0,0,0,0,0,0,0,0,0,0,0,0,0,0,0,0,0,0,0,0,0,0,0,0,0,0,0,0,0,0,0,0,0,0,0,0,0,0,0,0,0,0,0,0,0,0,0,0,0,0,0,0,0,0,0,0,0,0,0,0,0,0,0,0,0,0,0,0,0,0,0,0,0,0,0,0,0,0,0,0,0,0,0,0,0,0,0,0,0,0,0,0,0,0,0,0,0,0,0,0,0,0,0,0,0,0,0
