	otu467	otu643	otu2411	otu2824	otu3007	otu3200	otu3914	otu3990	otu4298	otu4389	otu4577	otu4863	otu5031	otu5199	otu5301	otu5854	otu6411	otu6486	otu6720	otu7142	otu7753	otu8351	otu9874	otu9959	otu10651	otu10990	otu13374	otu13504	otu14493	otu14504	otu14883	otu15474	otu15523	otu16260	otu16518	otu16641	otu17070	otu17081	otu17862	otu19492	otu19728	otu20066	otu20120	otu20321	otu20801	otu21063	otu21474	otu22058	otu22860	otu22968	otu22981	otu23062	otu23473	otu24141	otu24353	otu24528	otu24642	otu25654	otu25983	otu27943	otu29183	otu30296	otu32501	otu33581	otu33780	otu34128	otu34730	otu34816	otu35825	otu36139	otu36430	otu36535	otu36538	otu38090	otu38199	otu38625	otu39189	otu39577	otu39875	otu40521	otu40699	otu40932	otu41064	otu41104	otu41945	otu42156	otu42549	otu42763	otu43678	otu43787	otu43895	otu44558	otu45484	otu45911	otu45913	otu45918	otu46018	otu46075	otu47403	otu48046	otu48267	otu49788	otu50291	otu50877	otu50898	otu52804	otu53020	otu53612	otu53613	otu53868	otu54094	otu54454	otu54664	otu54959	otu55336	otu55465	otu55649	otu55654	otu56002	otu56423	otu57594	otu57830	otu58736	otu60148	otu60355	otu61039	otu61099	otu61217	otu62619	otu62754	otu63119	otu63298	otu63689	otu63987	otu64106	otu64708	otu65113	otu66141	otu66266	otu66826	otu67961	otu68427	otu68575	otu68874	otu69986	otu70569	otu71691	otu73605	otu73793	otu74871	otu75030	otu75528	otu75913	otu76106	otu76575	otu77042	otu77782	otu78374	otu78422	otu79108	otu81005	otu81748	otu81766	otu82666	otu84462	otu84805	otu84911	otu86075	otu86137	otu86374	otu87407	otu88716	otu91075	otu91208	otu92456	otu94444	otu95014	otu95020	otu97538	otu98911	otu99090	otu99250	otu100234	otu100666	otu100915	otu101011	otu101090	otu101215	otu101556	otu101753	otu102811	otu102961	otu103020	otu103748	otu103968	otu104557	otu104688	otu104749	otu104813	otu107337	otu107646	otu108155	otu108628	otu111102	otu112225	otu112776	otu113180	otu115012	otu115117	otu115295	otu115406	otu115778	otu116241	otu116285	otu117033	otu117100	otu117241	otu117386	otu117463	otu117685	otu117687	otu118289	otu118956	otu119446	otu119814	otu119930	otu120543	otu120851	otu120996	otu121514	otu123163	otu124216	otu124324	otu125905	otu126611	otu126696	otu126841	otu128440	otu128492	otu129244	otu132182	otu132750	otu133358	otu135583	otu136701	otu137989	otu138417	otu138568	otu139125	otu139401	otu139883	otu140558	otu140763	otu140795	otu142090	otu143731	otu144720	otu145558	otu145838	otu147546	otu148198	otu149332	otu149387	otu150005	otu150453	otu150615	otu151388	otu151695	otu151813	otu152865	otu152937	otu154282	otu154548	otu155702	otu155725	otu155734	otu156770	otu157459	otu157652	otu157879	otu159517	otu160105	otu160520	otu161642	otu162439	otu162483	otu163911	otu163947	otu163962	otu164152	otu164706	otu165386	otu165410	otu165448	otu165976	otu166117	otu166343	otu166559	otu168212	otu168383	otu168565	otu168614	otu168693	otu169682	otu170243	otu170591	otu171426	otu172447	otu172985	otu173019	otu173727	otu173981	otu174745	otu175960	otu177022	otu177525	otu178207	otu180281	otu181240	otu181268	otu181277	otu181894	otu182032	otu182434	otu183055	otu183640	otu183788	otu184240	otu187218	otu188667	otu188738	otu189123	otu190213	otu193671	otu194828	otu195408	otu195689	otu195872	otu196789	otu196922	otu196925	otu197510	otu197583	otu197621	otu197725	otu197885	otu199122	otu199161	otu199402	otu200155	otu201243	otu201690	otu202242	otu202677	otu203368	otu205724	otu206523	otu206965	otu207098	otu207159	otu207307	otu207496	otu207677	otu207948	otu208613	otu208692	otu209224	otu209586	otu210374	otu210754	otu210801	otu210858	otu212783	otu214178	otu214479	otu215301	otu218587	otu219248	otu219274	otu219668	otu219906	otu220859	otu221483	otu221737	otu221867	otu222127	otu223020	otu223372	otu223598	otu224206	otu224444	otu224581	otu225044	otu225347	otu226925	otu227541	otu227760	otu227820	otu228653	otu229309	otu229484	otu230665	otu230801	otu231276	otu231417	otu231647	otu232032	otu232045	otu233411	otu233617	otu234013	otu234042	otu234279	otu234399	otu234623	otu234887	otu235489	otu236496	otu237226	otu237622	otu238032	otu239064	otu240002	otu240183	otu240219	otu240288	otu240630	otu241002	otu242001	otu242039	otu242237	otu242915	otu243689	otu243958	otu244184	otu244383	otu244693	otu244981	otu245136	otu245411	otu245615	otu245694	otu246106	otu247703	otu248837	otu248881	otu249297	otu250594	otu251138	otu251163	otu251239	otu251532	otu251962	otu252305	otu253107	otu254131	otu254232	otu254910	otu255644	otu255728	otu256267	otu256429	otu256676	otu256834	otu256892	otu257163	otu257256	otu257742	otu258118	otu259091	otu259902	otu260122	otu260203	otu261401	otu261575	otu261723	otu263295	otu263534	otu264772	otu265083	otu265125	otu265438	otu265516	otu266181	otu266395	otu266417	otu266929	otu267460	otu267538	otu267893	otu268092	otu268193	otu268361	otu270419	otu270854	otu273035	otu275566	otu276077	otu276830	otu277058	otu277402	otu277908	otu278327	otu279863	otu280574	otu280657	otu280946	otu282540	otu282810	otu282960	otu284005	otu284076	otu284516	otu284898	otu285128	otu285351	otu285676	otu286610	otu287990	otu288120	otu288164	otu288562	otu288610	otu288683	otu290028	otu290186	otu290249	otu290349	otu290794	otu291012	otu291721	otu291944	otu291989	otu292589	otu292933	otu293061	otu293912	otu294723	otu295890	otu295992	otu296007	otu297223	otu297683	otu297749	otu298459	otu299115	otu299267	otu299382	otu299541	otu300568	otu300821	otu301137	otu302096	otu302225	otu302691	otu303019	otu303909	otu304184	otu304598	otu304795	otu305893	otu307179	otu307765	otu308261	otu308285	otu308757	otu309351	otu309779	otu309826	otu312154	otu312360	otu312383	otu312748	otu312771	otu313014	otu314018	otu314549	otu314888	otu315975	otu316965	otu317198	otu317420	otu317458	otu317514	otu318225	otu318627	otu318690	otu319047	otu319177	otu319219	otu319975	otu320506	otu320992	otu321120	otu321556	otu322018	otu324167	otu324739	otu325184	otu325357	otu326266	otu326881	otu327540	otu328319	otu329524
D1	0	0	95	7	0	0	0	0	0	6	5	0	0	0	750	0	3	6	0	3	0	0	0	0	0	7	0	0	0	0	0	0	0	0	0	0	129	0	80	73	151	0	0	0	0	0	0	0	21	0	35	0	2	0	0	23	20	118	38	0	0	0	0	0	0	0	0	0	23	0	319	0	42	0	0	0	0	17	0	0	0	0	3	0	0	0	39	0	0	11	0	0	0	0	13	0	0	0	2	0	0	11	0	0	0	0	30	0	0	0	0	0	19	0	0	0	7	0	0	0	0	0	0	0	0	0	12	28	0	5	3	784	0	0	0	0	0	161	0	0	0	0	4227	2	22	0	0	0	3	0	0	0	7	0	0	25	2	0	9	0	37	0	0	0	0	2	0	0	0	0	3	0	136	2	0	0	2	6	0	0	73	0	2	62	5	0	0	9	16	0	9	0	2	0	0	0	0	0	1	0	0	0	0	3	0	2	5	0	8	0	0	0	0	2	0	0	0	0	0	0	0	0	0	487	0	0	0	0	0	0	31	0	0	0	113	0	0	0	0	12	0	0	0	2	0	0	0	15	4	0	0	0	0	16	3	0	0	0	109	0	0	0	0	0	0	0	0	0	0	2	0	3	0	0	0	0	0	0	0	0	0	56	0	0	0	2	0	4	0	0	17	0	116	0	0	0	8	0	40	0	0	0	23	0	0	0	13	0	1	0	6	1	0	0	0	5	0	0	0	0	0	0	0	0	0	0	0	0	0	0	0	0	24	0	25	0	59	0	0	0	0	0	0	3	0	255	0	0	0	31	0	0	0	0	0	0	17	0	32	0	3	26	0	0	0	0	0	0	882	0	0	0	0	8	0	0	0	0	0	0	0	0	6	0	0	0	0	0	10	103	0	5	4	0	32	0	0	2	0	555	0	4	0	0	62	0	4	0	0	35	0	0	0	0	0	0	3	7	0	0	0	0	0	33	31	0	6	0	0	17	0	0	70	0	0	0	0	0	0	0	0	0	0	0	39	2	0	4	0	92	0	0	1010	0	28	3	0	0	0	0	0	0	0	0	0	0	0	23	0	549	0	0	0	431	0	0	0	0	0	0	0	0	0	0	0	0	0	0	0	0	0	0	0	0	22	0	0	0	2	0	0	0	0	0	0	2	0	0	0	64	0	0	0	0	9	9	0	0	0	0	0	0	0	0	0	0	0	0	0	0	263	0	0	2	0	0	0	0	0	0	0	0	0	0	0	165	0	0	0	0	0	23	1	0	0	2	0	942	0	0	0	0	0	0	0	0	124	0	3	0	15	0	0	0	0	3	0	136	0	0	8	0	0	0	10	0	0	0	0	1	0	52	0	0	0	8	6	5	10	0	0	176	0	0	0
D2	0	0	0	0	0	0	0	0	0	0	0	0	0	0	0	0	0	0	0	0	0	0	0	0	0	0	0	0	0	0	0	0	0	0	0	0	0	0	0	0	0	0	0	0	0	0	0	0	3	0	0	0	0	0	0	0	0	0	0	0	0	0	0	0	0	0	0	0	0	0	0	0	0	0	0	0	0	0	0	0	0	0	0	0	0	0	0	0	0	0	2	0	0	0	0	0	0	0	0	0	0	0	0	0	0	0	0	0	0	0	0	0	0	0	0	0	0	0	0	0	0	0	0	0	0	0	0	0	0	0	0	0	0	0	0	0	0	0	0	0	0	0	0	0	0	0	0	0	0	0	0	0	0	0	0	0	0	0	0	0	0	0	0	0	0	0	0	0	0	0	0	0	0	0	0	0	0	0	0	0	0	0	0	0	0	0	0	0	0	0	0	0	0	0	0	0	0	0	0	0	0	0	0	0	0	0	0	0	0	0	0	0	0	0	0	0	0	0	0	0	0	0	0	0	0	0	0	0	0	0	0	0	0	0	0	0	0	0	0	0	0	0	0	0	0	15	0	0	0	0	0	0	0	0	0	0	0	0	0	0	0	0	0	0	0	0	5	0	0	0	0	0	0	0	0	0	0	0	0	0	0	0	0	0	1	0	0	0	0	0	0	0	0	0	0	0	0	0	0	0	0	0	0	0	0	0	8	0	0	0	0	0	0	0	0	0	0	0	0	0	0	0	0	0	2	0	0	0	0	0	0	0	0	0	0	0	0	0	0	0	0	0	0	0	0	0	0	0	0	0	0	0	0	0	0	0	0	0	0	0	0	0	0	0	0	0	0	0	0	0	0	0	0	0	0	0	0	0	0	0	0	0	0	0	0	0	0	0	0	0	0	0	0	0	5	0	0	0	0	0	0	0	0	0	0	0	0	0	0	0	0	0	0	0	0	0	0	0	0	0	0	0	0	0	0	0	0	0	0	0	0	0	0	0	0	0	0	0	0	0	0	0	0	0	0	0	0	0	0	0	0	0	0	0	0	0	0	0	0	0	0	0	0	0	0	0	0	0	0	0	0	0	0	0	0	0	0	0	0	0	0	0	0	0	0	0	0	0	0	0	0	0	0	0	0	0	0	0	0	0	0	0	0	11	0	0	0	0	0	0	0	0	0	0	0	0	0	0	0	0	0	0	0	0	0	0	0	0	3	0	0	0	0	0	0	0	0	0	0	0	0	0	0	0	0	0	0	0	0	0	0	0	0	0	0	0	0	0	0	0	0	0	0	0	0	0	0	0	0	0	0	0	0	0	0	0	0	0	0	0	0	0	0	0	0	0	0	0	0	0	0	0	0	0	0	0	0	0	0	0	0	0	0	0	0
D3	0	0	0	0	0	0	0	0	0	0	0	0	0	0	0	0	0	0	0	0	0	0	0	0	0	0	0	0	0	0	0	0	0	0	0	0	0	0	0	0	0	0	0	0	0	0	0	0	0	0	0	0	0	0	0	0	0	0	0	0	0	0	5	0	0	0	0	0	0	0	0	0	0	0	0	0	0	0	0	0	0	0	0	0	0	0	0	0	0	0	0	0	0	0	0	0	0	0	0	0	0	0	0	0	0	0	0	0	0	0	0	0	0	0	0	0	0	0	0	24	0	0	0	0	0	0	0	0	0	0	0	0	0	0	0	0	0	0	0	0	0	0	0	0	0	0	0	0	0	0	0	0	0	0	0	0	0	0	0	0	0	0	0	0	1	0	0	0	0	0	0	0	0	0	2	0	0	0	0	0	0	0	0	0	0	0	0	0	0	0	0	0	0	0	0	0	0	0	0	0	0	0	0	0	0	0	0	0	0	0	0	0	0	0	7	0	0	0	0	1	0	0	0	0	0	0	0	0	0	0	0	0	0	0	0	0	0	0	0	0	236	0	0	0	0	453	0	0	0	0	0	0	0	0	0	0	0	0	0	0	0	0	14	0	0	0	12	0	0	0	0	0	0	0	0	0	0	0	0	0	0	0	0	0	11	0	0	0	0	0	0	6	4	0	0	0	0	0	0	0	0	0	0	0	0	0	236	0	0	17	0	0	0	0	0	0	0	0	0	0	0	0	0	0	0	0	0	0	0	0	0	0	0	0	0	0	0	0	0	0	0	0	0	0	0	0	0	0	0	0	0	0	0	0	0	0	0	0	0	0	0	0	0	0	0	0	0	0	0	0	0	0	0	0	0	0	0	0	8	0	7	0	0	0	2	0	0	0	0	0	0	0	0	0	0	0	0	0	0	0	0	0	0	0	0	0	0	0	0	0	0	0	0	0	0	0	0	0	0	0	0	0	0	0	0	0	0	0	0	0	0	0	0	0	0	0	0	0	0	0	0	0	0	0	0	0	0	0	0	0	0	0	0	0	0	0	0	0	0	0	13	0	0	0	0	8	0	0	0	0	0	0	0	0	0	0	0	0	0	0	11	0	0	0	0	0	0	0	0	0	0	0	0	0	0	0	0	0	0	0	0	0	0	0	0	0	0	0	0	0	0	0	0	0	0	0	0	0	0	0	0	0	0	0	0	0	0	0	0	0	0	0	0	0	0	0	0	0	0	0	0	0	0	0	0	0	0	0	0	0	0	0	0	0	0	0	9	0	0	0	0	0	0	0	0	0	0	0	0	0	0	0	28	17	15	0	0	0	0	0	0	0	0	0	0	0	0	0	0	0	0	0	0	0	0	0	0	0	0	0	0	0	0	3	0
D4	0	0	0	0	0	0	0	0	0	0	0	0	0	0	0	0	0	0	0	0	0	0	0	0	0	0	0	0	0	0	0	0	0	0	1	0	0	0	0	1	0	0	0	0	0	0	0	0	0	0	0	0	0	0	0	0	0	0	0	0	0	0	0	0	0	0	0	0	0	0	0	0	0	2	0	0	0	0	0	0	0	0	0	0	0	0	0	0	0	0	0	0	0	0	0	0	0	0	0	0	0	0	0	0	0	0	0	0	0	0	0	0	0	0	0	318	0	0	0	0	0	0	0	0	0	0	0	0	0	0	0	0	0	0	0	0	0	0	0	0	0	0	0	0	0	0	0	0	0	0	0	0	0	0	0	0	0	0	0	0	0	0	0	0	0	0	0	0	0	0	0	0	0	0	0	0	0	0	0	0	0	0	0	0	0	0	0	0	0	0	0	0	0	0	0	0	0	0	0	0	0	0	0	0	0	0	0	0	0	0	0	0	0	0	0	0	0	0	0	0	0	0	0	0	0	0	0	2133	0	0	0	0	0	0	0	0	0	0	0	0	69	0	0	0	0	0	0	0	0	0	0	0	0	0	0	0	0	0	0	0	0	0	0	0	0	0	0	0	0	0	0	0	0	0	0	0	0	0	20	0	0	0	0	0	0	0	0	0	0	0	0	0	0	0	0	0	0	0	0	0	0	0	0	0	0	0	0	0	0	0	0	0	0	0	0	0	0	0	0	0	0	0	1318	0	0	0	0	0	0	0	0	0	0	0	0	0	0	0	0	0	0	0	0	0	0	0	0	0	0	0	0	0	0	0	0	0	0	0	0	0	0	0	0	0	0	0	0	0	0	0	0	0	0	0	0	0	0	0	0	0	0	0	0	0	0	0	0	0	0	0	0	0	0	0	0	0	0	0	0	0	0	0	0	0	0	0	0	11	0	0	0	0	0	0	0	0	0	0	0	0	0	0	0	0	0	0	0	0	0	0	0	0	0	0	0	0	0	0	0	0	0	0	0	0	0	0	0	0	0	0	0	0	0	0	0	0	0	0	0	0	0	0	0	0	0	0	0	0	0	0	0	0	0	0	0	0	0	0	0	0	2	0	0	0	0	0	0	0	0	0	0	0	0	250	0	0	0	0	0	0	0	0	4	0	0	0	0	379	0	0	0	0	0	0	0	0	0	0	0	0	0	0	0	0	0	0	72	0	0	0	0	0	0	0	0	0	0	0	0	0	265	0	0	0	0	0	0	0	0	0	2	0	0	0	0	0	0	0	0	0	0	0	0	0	0	5105	0	0	0	0	0	5	2	0	0	0	0	0	0	0	0	0	0	0	0	0	0	0	0	0	0	0	0	0	0	0	0	0	0	0	0	0	0	0	0
D5	0	0	0	0	0	0	0	0	0	0	0	0	0	0	0	0	0	0	0	0	0	0	0	0	0	0	0	0	0	0	0	0	0	0	0	0	0	0	0	0	0	0	0	0	0	0	0	0	0	0	0	0	0	0	0	0	0	0	0	0	0	0	0	0	0	0	0	0	0	0	0	0	0	0	0	0	0	0	0	0	0	0	0	0	0	23	0	0	0	0	0	0	0	0	0	0	0	0	0	0	0	2	0	0	0	0	0	0	0	0	0	0	0	0	0	10	0	0	0	0	0	0	0	0	0	0	0	0	0	0	0	0	0	0	0	0	0	0	0	0	0	0	0	0	0	0	0	0	0	0	0	0	0	0	0	0	0	0	0	0	0	0	0	0	0	0	0	0	0	0	0	0	0	0	0	0	0	0	0	0	0	0	0	0	0	0	0	3	0	0	0	0	0	0	0	0	0	0	0	0	0	0	0	0	0	0	0	0	0	0	0	0	0	0	0	0	0	0	0	0	0	0	0	0	0	0	0	123	0	0	0	0	0	0	0	0	0	0	0	0	0	0	0	0	0	0	0	0	0	0	0	0	0	0	0	0	0	0	0	0	0	0	0	0	0	0	3	0	0	0	0	0	0	0	0	0	0	0	50	0	0	0	0	0	0	0	0	0	0	0	0	0	0	0	0	0	0	0	0	0	0	0	0	0	0	0	0	0	0	0	0	0	0	0	0	0	0	0	0	0	0	0	0	0	0	0	0	0	0	0	0	0	0	0	0	0	0	0	0	0	0	0	0	0	0	0	0	0	0	0	0	0	0	0	0	0	0	0	0	0	0	0	0	0	0	0	0	0	0	0	0	0	0	0	0	0	0	0	0	0	0	0	0	0	0	0	0	0	0	0	0	0	0	0	0	0	0	0	0	0	0	0	0	0	0	0	0	0	0	0	0	0	0	0	0	9	0	0	0	0	0	0	0	0	0	0	0	0	0	0	0	0	0	0	0	0	0	0	0	0	0	0	0	0	0	0	0	0	0	0	0	0	0	0	0	0	0	0	0	0	0	0	0	13	0	3	0	0	0	0	0	0	0	0	0	0	0	0	0	0	0	0	0	0	0	0	0	0	0	0	0	0	0	88	0	0	0	0	0	0	0	0	0	0	0	0	0	229	0	0	0	0	0	0	0	0	0	0	0	0	0	0	0	0	0	0	0	0	0	0	0	0	0	0	0	0	0	0	0	0	255	0	0	0	0	0	0	0	0	0	0	0	0	0	0	0	0	0	0	0	0	0	0	0	0	5582	0	0	0	0	0	0	0	0	0	0	0	0	0	0	0	0	25	0	0	0	0	0	0	0	0	0	0	0	0	0	0	0	0	0	0	0	0	0	0
D6	0	0	0	0	0	0	0	0	0	0	0	0	0	0	0	0	0	0	0	0	0	0	0	0	0	0	0	0	0	0	0	0	0	0	0	0	0	0	0	0	0	0	0	0	0	0	0	0	0	0	0	0	0	0	0	0	0	0	0	0	0	0	0	0	0	0	0	0	0	0	0	0	0	0	0	0	0	0	0	0	0	0	0	0	0	0	0	0	0	0	0	0	0	0	0	0	0	0	0	0	0	0	0	0	0	0	0	0	0	0	0	0	0	0	0	0	0	0	0	0	0	0	0	0	0	0	0	0	0	0	0	0	0	0	0	0	0	0	0	0	0	0	0	0	0	0	0	0	0	0	0	0	0	0	0	0	0	0	0	0	0	0	0	0	0	0	0	0	0	0	0	0	0	0	0	0	0	0	0	0	0	0	0	0	0	0	0	0	0	0	0	0	0	0	0	0	0	0	0	0	0	0	0	0	0	0	0	0	0	0	0	0	0	0	0	0	0	0	0	0	0	0	0	0	0	0	0	43	0	0	0	0	0	0	0	0	0	0	0	0	0	0	0	0	0	0	0	0	0	0	0	0	0	0	0	0	0	0	0	0	0	0	0	0	0	0	0	0	0	0	0	0	0	0	0	0	0	0	0	0	0	0	0	0	0	0	0	0	0	0	0	0	0	0	0	0	0	0	0	0	0	0	0	0	0	0	0	0	0	0	0	0	0	0	0	0	0	0	0	0	0	0	88	0	0	0	0	0	0	0	0	0	0	0	0	0	0	0	0	0	0	0	0	0	0	0	0	0	0	0	0	0	0	0	0	0	0	0	0	0	0	0	0	0	0	0	0	0	0	0	0	0	0	0	0	0	0	0	0	0	0	0	0	0	0	0	0	0	0	0	0	0	0	0	0	0	0	0	0	0	0	0	0	0	0	0	0	0	0	0	0	0	0	0	0	0	0	0	0	0	0	0	0	0	0	0	0	0	0	0	0	0	0	999	0	0	0	0	0	0	0	0	0	0	0	0	0	0	0	0	0	0	0	0	0	0	0	0	0	0	0	0	0	3	0	0	0	0	0	0	0	0	0	0	0	0	0	0	0	0	0	0	0	0	0	0	0	0	0	0	0	0	0	0	0	0	0	0	0	0	0	0	0	0	0	0	0	28	0	0	0	0	0	0	0	0	0	0	0	0	0	0	0	0	0	0	179	0	0	0	0	0	0	0	0	0	0	0	0	0	0	0	0	0	0	0	0	0	0	0	0	0	0	0	0	0	0	0	0	0	0	0	0	0	0	0	0	0	0	0	0	0	0	0	0	0	0	0	0	0	0	0	0	0	0	0	0	0	0	0	0	0	0	0	0	0	0	0	0	0	0	0	0	0	0
D7	0	0	0	0	0	0	0	0	0	0	0	0	0	0	0	0	0	0	0	0	0	0	0	0	0	0	207	0	0	0	11	0	0	0	0	0	0	0	0	4383	0	0	0	0	0	0	0	0	0	0	2	0	0	0	0	72	2	1	16	0	0	0	0	0	0	0	0	0	0	0	243	0	2	0	0	0	0	0	494	7	0	0	0	0	0	0	0	0	2879	0	0	0	0	133	0	60	6	0	10	0	0	0	0	0	0	0	10	0	0	0	0	15	0	0	0	0	0	0	0	0	0	0	0	0	0	0	3	0	58	0	0	0	3	0	0	4	0	4591	0	0	0	0	0	0	0	0	27	3	0	0	0	0	1	0	0	0	0	0	0	0	0	0	0	28	10	0	5	0	0	0	0	0	0	0	0	0	0	8	0	0	0	216	0	0	0	0	6	0	0	0	0	0	0	0	249	0	0	0	0	0	0	0	0	0	0	0	0	0	0	0	0	0	0	0	0	0	0	0	0	0	0	0	0	216	181	0	0	0	0	0	0	0	263	5	0	0	0	18	0	3	15	0	0	0	0	0	0	85	2	0	0	0	0	0	61	0	0	0	10	0	0	0	0	55	0	0	0	0	0	0	0	0	0	0	0	0	0	0	0	0	0	0	0	321	0	0	0	0	46	0	2	0	2	0	0	0	2	24	0	0	0	0	10	3	0	0	0	0	0	0	0	0	0	0	0	0	0	0	0	0	135	0	0	0	0	0	0	0	0	0	0	0	0	0	0	684	0	0	37	0	0	0	0	0	0	5	0	0	189	0	0	0	0	5	0	0	0	0	654	0	4	0	0	0	0	0	2	0	2	0	0	0	0	0	0	0	0	0	0	2	11	0	0	1750	0	0	0	0	0	0	0	0	0	0	2	0	0	0	0	0	374	0	0	0	5	0	0	0	0	0	0	0	0	572	0	0	0	0	0	0	0	0	0	0	0	0	0	37	0	0	24	0	7	0	0	0	0	0	151	0	0	18	0	0	1	0	0	0	425	56	0	0	19	0	0	5	0	0	0	0	0	0	3	0	0	1	0	0	0	2	0	0	0	0	241	0	41	0	301	0	0	0	0	0	0	0	0	0	16	0	0	0	0	0	0	0	0	0	0	290	0	1	0	0	22	0	0	0	0	0	0	0	74	0	0	0	162	0	0	0	0	0	3	0	0	0	0	0	0	0	0	2	0	0	0	3	0	0	0	0	0	0	0	0	0	0	29	0	0	0	0	0	0	32	0	0	0	3338	0	0	0	0	0	0	0	0	0	0	0	9	2	0	0	2	0	0	0	0	0	0	0	0	0	0	0	0	0	0	0	0	0	0	0	0	40	15	148	0	0	0	2	5	0	0	0
D8	0	0	0	0	0	201	0	0	2	0	0	0	0	0	0	0	0	0	0	0	0	0	0	0	0	0	0	0	23	62	0	0	0	0	15	0	0	0	2	0	0	0	0	0	7	0	0	0	0	0	0	0	0	0	0	0	68	0	0	0	0	73	0	12	0	0	0	118	0	0	0	0	2	0	0	0	0	0	0	0	0	0	0	0	0	0	0	0	0	0	0	0	0	0	0	0	0	0	0	0	7	0	0	0	0	0	0	0	0	0	0	0	0	0	99	0	0	0	0	620	47	0	0	0	279	21	0	0	0	0	0	0	0	6	0	3	0	0	0	10	0	0	0	0	0	41	0	0	0	0	0	2	0	0	0	0	0	0	0	0	7	0	0	0	0	0	0	0	0	0	0	0	0	0	745	0	0	0	0	0	0	0	367	0	0	6	0	0	0	0	0	0	5	0	0	55	0	0	0	0	0	0	0	0	0	0	0	0	0	0	0	2	0	0	0	0	0	79	0	0	33	0	0	0	0	0	0	0	0	0	0	0	0	0	0	0	3	0	0	0	0	0	0	0	0	0	0	0	0	12	0	0	0	0	0	0	0	0	0	0	0	0	3120	0	10	0	3	0	0	0	0	0	0	0	0	0	0	0	0	0	0	0	0	0	0	0	0	0	0	0	0	0	3	0	0	0	4	0	7	0	0	0	0	0	0	0	1392	0	0	65	0	5	2	0	0	0	4	0	0	0	0	57	0	0	0	0	0	0	0	0	0	0	3894	0	0	0	0	0	0	6	0	2	0	0	0	0	0	0	0	0	0	0	0	0	10	0	0	0	0	4	0	0	0	0	0	0	0	0	0	0	2	0	0	0	0	0	0	0	1	0	0	0	0	0	0	0	0	0	0	0	0	0	0	39	0	0	0	0	0	0	0	0	0	0	0	38	0	41	0	0	0	0	219	0	0	0	0	0	0	0	0	0	0	0	0	0	0	0	0	0	0	0	13	0	0	0	0	0	0	0	0	0	0	0	0	0	0	0	0	0	0	0	0	11	0	0	0	0	0	0	236	0	0	1	0	74	0	0	0	0	0	0	0	0	0	0	0	0	0	0	35	0	43	0	0	0	0	0	0	0	2	0	0	0	0	0	0	12	0	0	0	0	3	0	0	0	0	0	0	0	0	0	0	0	0	0	0	1	0	0	0	0	0	0	0	0	0	42	153	0	0	0	0	0	0	0	0	0	147	0	0	0	0	0	8	0	0	0	0	0	18	0	0	0	0	0	0	1	0	1231	0	0	0	0	12	0	0	0	0	0	0	0	4	0	0	0	0	0	0	0	0	0	0	0	0	0	0	0	0	0	0	0	0	5	0	0	0	0	0	0	0	0	0	0	0
D9	0	0	0	0	0	0	0	0	0	0	0	0	5	0	0	0	0	0	0	0	0	0	0	0	0	0	85	0	0	0	567	0	0	0	0	0	0	0	0	1189	0	0	0	0	0	0	0	0	0	0	6	0	0	0	0	0	0	0	0	0	0	0	0	0	0	0	17	0	4	0	22	0	0	0	0	0	0	0	537	48	0	0	4	0	0	0	0	11	836	0	0	0	0	511	0	57	173	0	17	0	0	0	0	7	0	22	0	0	0	0	0	607	37	0	0	0	0	0	0	0	0	0	0	0	0	0	0	0	14	0	0	0	0	0	0	2	0	1003	0	0	0	0	0	0	0	0	30	257	0	0	0	0	3	0	0	0	0	0	0	0	0	0	0	49	0	0	5	0	1	0	0	0	0	0	0	963	0	2	134	0	0	96	0	0	0	4	18	0	0	0	0	0	0	770	488	0	0	0	0	2	0	0	0	0	4	0	0	0	0	0	0	0	0	0	0	0	0	0	0	0	0	0	0	0	151	0	0	0	0	0	0	0	103	15	3	0	0	89	0	21	0	0	0	0	0	0	0	0	0	0	0	0	0	0	16	0	0	0	1	0	0	0	0	24	0	0	0	0	0	0	6	0	0	0	0	0	0	0	0	0	0	0	0	500	0	0	29	0	25	0	0	0	0	0	0	0	0	24	0	0	0	0	0	0	6	0	0	0	0	0	0	0	0	0	0	0	0	0	0	0	182	0	0	0	0	2	0	0	0	0	0	0	0	0	0	987	0	0	17	0	0	0	0	0	0	0	0	0	13	0	0	0	23	278	0	0	7	0	74	0	0	0	0	0	0	0	5	0	63	0	0	0	614	0	0	0	0	0	0	0	1	0	0	50	0	0	0	0	2	0	6	0	0	0	0	0	713	0	0	0	1	0	0	0	7	0	0	0	0	0	0	0	0	2021	0	0	0	0	0	0	0	0	0	0	0	0	2	1606	4	8	547	0	0	0	0	0	0	0	418	0	0	194	0	6	876	0	150	0	264	0	0	0	6	0	17	0	0	0	0	0	0	0	167	0	0	0	0	0	0	9	0	0	0	276	912	0	1958	79	1375	3	0	0	0	0	0	0	8	0	0	0	0	0	0	0	0	0	0	0	0	4	0	37	0	0	197	0	0	0	0	0	0	0	270	0	0	0	374	0	0	0	0	0	315	0	0	0	0	0	0	0	0	0	0	0	0	107	0	0	0	0	0	0	0	0	0	0	94	0	0	0	0	0	0	2080	0	0	0	1374	0	0	0	0	0	0	0	0	0	0	0	308	0	0	0	0	0	0	0	0	0	2	0	0	0	0	0	0	0	0	0	0	0	0	0	0	3564	301	25	0	0	0	5	4	0	0	0
D10	0	6	0	0	0	43	0	0	95	0	0	0	0	0	0	0	0	0	0	0	2	0	30	0	0	12	0	0	0	5	0	0	0	0	128	0	0	8	0	16	0	0	0	17	6	0	0	3	0	0	0	0	0	0	91	1	10	0	19	0	0	2	3	147	0	0	0	42	0	25	0	0	11	9	0	14	0	0	0	0	0	0	0	0	0	0	0	0	0	28	0	0	0	0	522	0	0	0	0	0	43	0	0	0	0	0	0	0	0	0	0	0	0	0	219	0	2	0	0	494	114	0	0	0	96	231	0	0	0	0	0	10	0	26	0	0	0	0	0	25	7	0	0	0	0	114	0	0	0	0	47	12	0	0	0	0	0	0	0	0	0	4	0	0	25	0	0	0	0	0	0	0	28	0	198	0	0	0	0	0	0	0	24	0	0	4	0	0	0	1	0	0	53	0	0	4	0	34	0	0	4	0	0	0	0	0	0	0	0	0	0	0	0	0	2	0	0	19	0	13	50	0	0	0	0	0	0	73	0	0	0	0	0	0	0	0	0	0	0	0	523	0	12	0	0	0	33	0	0	18	0	0	0	0	0	11	5	0	0	0	0	0	1383	0	15	0	80	0	0	0	0	0	0	8	0	0	0	0	0	35	0	0	0	0	7	0	0	0	0	0	0	1	1	0	0	0	14	0	0	0	0	0	0	0	0	0	39	0	0	9	0	0	13	0	0	0	24	0	0	0	0	54	0	0	7	0	0	0	0	0	0	0	268	0	0	0	0	0	0	79	0	0	20	0	0	17	0	0	0	0	7	2	0	0	0	0	0	0	0	29	0	0	60	0	0	0	0	0	0	3	15	0	0	0	0	0	0	0	1	12	0	0	0	4	0	0	0	0	0	0	0	0	0	12	0	0	0	0	0	0	7	0	0	0	0	81	0	5	1	0	0	0	52	0	0	0	0	0	0	0	0	0	4	0	0	0	0	0	0	0	0	0	0	32	2	0	2	0	0	0	0	0	2	0	0	0	0	0	0	0	0	42	0	9	0	0	0	0	0	4	1	0	0	1295	0	27	2	0	0	0	0	0	11	0	0	7	0	0	0	0	80	0	0	0	30	0	0	0	0	0	0	0	0	0	0	0	0	0	0	0	0	0	0	4	0	0	0	2	3	0	0	0	0	0	1	0	0	2	0	0	0	0	0	4	6	0	28	21	129	0	0	0	0	0	0	0	0	6	43	0	0	0	0	0	0	0	0	0	0	0	0	0	0	0	0	5	0	2	0	31	0	0	0	0	5	0	0	0	0	4	3	862	13	4	7	0	0	0	0	0	11	0	0	0	0	0	0	0	0	0	0	0	0	10	0	0	0	0	0	0	0	0	0	0	0
D11	0	0	0	0	0	0	0	0	0	0	0	0	3	0	0	0	0	0	0	0	0	0	0	0	0	0	0	0	0	0	0	31	0	0	0	0	0	0	0	83	0	0	0	0	0	0	0	0	0	0	0	0	0	0	0	0	0	0	0	0	0	0	0	0	0	0	0	0	0	0	0	0	0	15	0	0	0	0	0	0	0	0	0	0	0	15	0	0	0	0	0	0	0	0	0	0	0	0	0	0	0	0	0	0	0	0	0	0	0	0	0	0	0	0	0	0	0	0	0	0	0	0	0	0	0	0	0	0	0	0	0	0	0	0	0	0	0	0	0	0	0	0	0	0	0	0	0	0	0	0	0	0	0	0	0	0	0	0	0	0	0	0	0	0	0	0	0	0	0	0	0	0	0	0	0	0	0	0	0	0	0	0	0	0	0	0	0	0	0	0	0	0	0	0	0	0	0	0	0	0	0	0	0	0	0	0	0	0	0	0	0	0	0	0	0	0	0	2	0	0	0	0	0	0	0	0	0	0	0	0	0	0	0	0	0	0	0	0	0	0	0	0	0	0	0	0	0	0	0	0	0	0	0	0	0	0	0	0	0	0	5	0	0	0	0	0	0	0	0	0	0	0	0	0	0	0	0	0	0	0	0	0	0	0	0	0	0	0	0	0	0	0	0	0	0	0	0	0	0	0	0	0	0	0	0	0	0	0	0	0	0	0	0	0	0	0	0	0	0	0	0	0	0	0	0	0	0	0	0	0	0	0	6	0	0	0	0	0	0	0	0	0	0	0	0	0	584	0	0	0	0	0	0	0	0	0	0	0	0	0	0	0	0	0	0	0	0	0	0	0	0	0	0	0	0	0	0	0	0	0	0	0	0	0	0	0	0	0	0	0	0	0	0	0	0	0	0	0	0	0	0	0	0	0	0	0	0	0	0	0	0	0	0	0	0	0	0	0	0	0	0	0	0	0	0	0	0	0	0	0	0	0	0	0	0	0	0	0	0	0	0	0	0	0	0	0	0	0	0	0	0	0	0	0	0	0	0	0	0	0	0	0	0	0	0	0	0	0	0	0	0	0	0	0	0	0	0	0	0	0	0	0	0	0	0	0	0	0	0	0	0	0	0	0	0	0	0	0	0	0	0	0	0	0	0	0	0	71	0	0	0	0	0	0	0	0	0	0	0	0	0	0	0	0	0	0	1	0	2	0	0	0	0	0	0	0	0	0	0	0	71	0	0	0	0	0	0	0	0	0	0	0	0	0	0	0	0	0	0	24	0	0	0	0	0	1331	0	0	0	0	0	0	0	0	0	0	0	0	0	0	0	0	0	0	0	0	0	0	0	0	0	0	0	0	0	0	0	0	0	0	0	0	0	0	0
D12	0	8	0	0	0	0	0	0	15	0	0	0	0	0	0	0	2	0	0	0	0	0	4	0	0	0	0	0	0	0	0	0	0	0	0	0	0	0	0	49	0	0	0	0	0	0	0	0	0	0	0	0	0	0	0	45	0	0	0	0	0	0	0	0	0	0	0	176	0	0	0	0	0	23	0	0	0	0	0	0	0	0	0	0	0	18	0	0	0	0	4	0	0	0	0	0	0	0	0	0	0	0	0	0	0	0	0	0	0	0	0	0	0	0	0	0	0	0	0	0	0	0	227	0	0	0	0	0	0	0	0	0	0	0	0	0	0	0	0	0	0	0	0	0	0	0	0	0	0	0	0	0	2	0	0	0	0	0	0	0	1	0	0	0	0	0	0	0	0	0	157	0	481	0	0	0	0	0	0	0	0	0	1939	0	0	0	0	0	0	0	0	0	0	0	0	0	0	0	0	0	0	0	0	0	0	0	0	0	0	0	0	14	0	0	0	0	0	169	2	0	0	0	0	0	0	0	0	6	0	0	0	0	0	0	0	0	2	0	0	0	0	0	26	0	0	0	0	0	0	0	0	0	0	0	0	0	0	0	0	0	619	0	0	0	0	0	0	0	0	0	0	0	0	0	0	0	0	0	0	0	0	0	0	0	38	0	0	0	0	0	0	0	0	0	0	0	0	0	2	0	2	0	0	0	0	0	0	0	0	0	0	189	0	0	0	0	0	0	0	0	0	0	0	0	0	0	0	0	109	0	0	0	0	0	0	0	0	0	0	214	0	0	0	0	0	121	157	0	0	0	0	0	0	0	0	47	0	0	0	3	0	0	0	0	3	0	0	0	0	0	0	0	0	0	0	0	0	0	0	1	0	0	0	0	0	0	0	0	0	0	0	0	0	0	0	0	0	0	0	0	2	0	0	0	0	0	0	0	0	3	0	0	0	0	0	0	0	2	0	0	0	0	0	0	0	0	0	0	0	0	0	0	4	0	0	0	0	0	0	0	0	0	0	0	0	0	0	0	0	0	58	0	0	0	0	0	0	0	0	0	0	0	0	0	0	6	0	0	0	0	0	0	0	0	0	0	0	0	0	0	0	0	0	0	0	0	0	0	0	0	0	0	0	4	0	0	0	315	0	0	0	0	0	0	0	0	0	0	9	0	0	0	0	0	0	0	0	43	0	0	0	0	0	0	0	0	49	0	0	0	0	0	0	0	0	0	0	0	0	0	27	0	0	15	0	0	0	0	0	0	0	0	0	0	0	0	0	0	0	213	0	0	0	0	0	166	0	0	0	0	0	0	0	0	0	0	0	0	0	0	0	0	80	0	0	0	0	0	0	0	0	0	0	0	0	0	1	0	0	0	0	0	0	0	0
D13	0	0	12	0	0	0	13	0	0	0	7	0	4	0	0	31	0	1	148	0	7	2	0	0	0	979	0	7	0	0	0	57	0	0	0	0	448	0	15	0	0	0	0	0	0	0	0	43	0	0	0	2	0	194	0	0	16	0	4	11	0	0	0	0	718	0	0	0	386	0	0	86	13	0	0	0	40	1	0	0	0	0	0	4	38	0	11	0	0	0	0	179	0	0	0	0	0	0	0	3	0	3	0	23	0	11	2	1	0	10	0	0	0	320	0	0	0	312	18	0	0	0	3	0	0	0	0	0	0	0	40	0	0	0	0	0	13	0	54	0	0	0	0	18	21	0	0	0	0	8	0	0	5	2	0	0	0	0	2	0	47	0	3	0	0	0	0	75	0	0	0	0	0	0	0	0	9	0	0	0	0	0	34	0	0	0	0	0	2	15	0	9	0	0	0	0	0	0	18	0	0	25	0	0	0	0	0	0	0	0	0	25	0	1	0	0	2	1	0	0	0	0	0	42	0	17	0	0	0	98	0	0	0	0	0	0	42	0	0	0	0	0	0	9	0	0	0	0	0	0	0	35	3	2	0	0	87	4	8	0	0	0	0	0	0	0	17	385	0	7	0	0	60	0	2	0	0	0	0	0	0	0	26	0	0	66	0	0	0	23	1382	0	0	0	0	0	0	0	0	0	0	233	0	0	0	0	0	5	0	0	0	129	0	1133	28	0	0	0	0	6	0	0	0	15	0	0	0	0	0	16	1	39	268	188	17	0	0	0	0	5	38	0	0	358	0	0	0	0	0	18	119	0	0	0	0	0	0	12	0	0	0	8	0	6	0	0	0	0	0	0	0	0	0	8	354	0	0	0	0	0	0	0	0	0	0	2	38	33	0	0	2	0	351	0	0	13	58	0	0	0	0	0	10	0	0	0	10	0	0	0	24	97	0	0	34	0	0	0	15	0	0	0	0	0	0	4	0	0	0	0	0	1917	9	0	0	0	0	5	0	0	0	0	0	0	0	0	0	8	0	0	0	0	0	0	0	0	1	71	13	0	0	24	0	0	1	0	0	0	53	0	1769	0	10	19	0	0	0	0	0	0	0	130	0	28	0	0	0	44	0	8	0	0	35	0	0	0	6	0	17	0	237	0	0	0	0	322	229	0	0	0	39	0	0	0	0	0	0	0	0	46	0	132	0	0	0	0	0	0	0	0	0	155	18	630	0	0	30	0	0	0	0	0	43	0	0	5	0	55	42	0	0	0	675	0	0	0	0	0	10	0	0	52	5	5	0	0	0	27	7	0	215	0	0	3	0	6	0	0	41	10	0	0	0	265	0	0	8	0	11	0	3	0	19	0	0	0	0	29	191	0	0	0	7	0	0
D14	0	0	0	0	0	0	0	0	0	0	0	0	0	0	10	0	0	13	0	0	0	1	0	162	0	0	215	0	0	0	0	0	0	0	0	0	0	0	0	257	0	0	0	0	0	0	0	0	0	0	0	0	0	12	0	0	0	0	0	0	0	0	0	0	0	0	0	0	3	0	0	24	0	0	0	0	0	0	0	0	0	0	0	0	0	0	0	0	55	0	0	0	0	250	0	0	0	0	113	0	0	0	10	0	0	0	0	0	0	0	0	0	9	0	0	0	0	0	0	0	0	0	0	0	0	0	0	0	0	0	0	0	0	0	0	0	0	143	0	0	0	0	0	0	0	0	0	0	0	0	0	0	0	0	0	0	0	0	0	58	0	0	0	0	2	0	8	0	0	0	0	0	0	0	0	0	0	0	0	0	0	0	0	0	0	0	3	0	0	0	0	0	0	233	0	0	0	0	0	0	0	1324	0	0	0	0	0	0	0	0	0	0	0	0	0	0	0	0	0	0	0	0	0	0	0	0	0	0	2106	0	0	0	0	0	0	0	0	0	0	0	0	0	0	0	0	0	0	0	0	0	0	0	0	0	0	0	0	0	0	0	0	0	0	0	0	0	0	0	0	0	0	0	0	0	0	0	0	0	0	0	0	0	0	0	0	0	11	0	0	2	0	0	0	0	0	0	0	0	11	0	47	0	51	4	0	0	0	0	0	0	0	0	0	0	0	0	0	0	0	0	0	0	0	0	0	0	0	0	0	0	0	0	0	0	0	0	0	0	20	0	0	0	0	0	0	0	0	0	0	0	0	0	0	0	0	0	0	0	0	0	49	0	0	0	0	0	0	0	0	0	0	0	0	0	0	0	0	0	0	0	0	0	0	0	13	0	4	0	0	0	0	0	0	0	0	0	0	94	0	0	0	0	0	0	0	0	0	0	0	0	0	0	0	2216	0	0	0	0	0	0	3	0	0	0	0	10	0	0	0	0	0	0	0	0	0	0	0	0	6	0	0	0	0	0	1	0	0	0	0	0	0	0	0	0	0	0	0	0	0	0	0	0	0	0	0	0	0	0	0	0	0	0	0	0	0	0	0	0	415	0	0	0	0	0	0	0	0	0	0	10	0	0	0	0	0	0	0	0	24	0	0	0	0	0	0	0	0	0	0	0	0	0	0	0	0	0	0	0	0	0	0	0	0	0	0	0	0	0	0	0	0	0	0	0	0	0	0	0	0	0	0	0	0	0	0	0	0	1	0	0	0	0	0	0	0	0	0	103	0	0	0	0	0	0	0	0	0	0	0	0	0	0	0	0	0	0	0	0	0	0	0	0	0	2	0	0	5	0	0	1	0	0	0	0	0	0	0	0	0	0	0	0	0	0	0
D15	0	0	0	0	0	0	0	0	0	0	0	6	0	0	22	0	0	0	0	0	0	45	10	306	0	0	2516	0	0	0	0	0	0	0	0	0	0	0	7	607	0	0	0	76	0	0	0	0	0	0	0	0	0	1755	0	0	8	0	0	0	0	0	0	0	0	0	0	0	1	3	0	30	0	0	0	0	0	0	0	0	0	0	0	5	0	0	0	0	0	0	0	0	0	0	0	0	0	0	20	0	0	0	567	0	0	0	0	0	0	0	0	0	40	0	0	0	0	0	0	0	0	0	0	0	0	0	0	0	0	0	0	0	0	0	0	0	0	0	0	0	0	0	0	0	0	0	3	0	0	0	1	0	0	0	0	0	0	0	0	0	1	0	0	0	0	0	6	0	0	0	0	0	0	0	0	0	0	0	0	0	0	0	0	0	0	0	0	0	0	0	0	0	8	868	62	0	0	0	0	0	0	1338	0	0	0	0	0	0	0	0	0	0	0	0	0	0	0	0	0	3	0	0	0	0	0	0	0	0	0	0	0	0	0	0	0	0	0	0	0	0	0	1	0	0	0	0	0	0	0	0	0	0	0	0	0	2	3	0	0	0	0	0	0	0	0	0	0	0	0	0	0	0	0	0	0	0	0	0	0	0	0	0	0	0	0	0	0	0	0	0	7	5	12	0	0	0	43	0	0	0	175	0	0	14	0	0	0	0	0	0	0	0	0	0	0	0	0	0	0	0	0	0	6	0	0	0	0	0	0	0	0	0	0	0	0	0	0	0	0	0	0	0	0	0	0	0	0	0	0	0	0	0	0	0	0	0	0	0	0	0	0	0	0	0	0	0	0	0	0	0	0	0	0	0	0	0	0	0	0	0	0	0	0	0	0	0	0	0	0	0	0	0	0	0	0	0	389	0	1776	0	0	0	0	0	0	0	0	0	0	0	0	0	0	140	0	0	0	0	0	0	0	0	0	0	0	75	0	0	0	0	0	0	20	0	0	0	0	0	0	0	0	0	11	0	0	0	0	0	0	0	0	7	0	0	0	0	0	0	0	0	0	0	0	0	0	0	0	0	0	0	0	0	1	0	0	0	0	0	4750	0	0	0	0	0	0	0	0	0	0	89	0	0	0	0	0	0	0	0	2	365	0	0	0	0	0	0	0	0	0	0	0	0	0	0	0	0	0	0	22	0	0	0	0	15	0	0	0	0	0	0	0	0	0	0	0	0	0	0	0	0	0	0	0	0	0	0	0	0	0	0	0	0	0	0	0	0	17	1466	0	0	0	0	0	0	0	0	0	0	0	0	0	0	0	186	0	0	0	76	0	0	0	0	0	68	0	0	0	0	0	0	0	0	0	0	0	0	0	0	0	31	0	0	0	0	0
D16	0	0	0	0	0	0	0	0	0	16	0	0	0	0	0	0	59	0	0	0	0	0	277	0	0	0	0	0	0	0	0	0	0	0	0	0	0	0	1	0	0	0	0	0	0	0	0	0	229	0	5	0	0	18	0	1141	117	67	0	0	0	0	0	0	0	0	0	0	20	0	0	0	0	0	0	2487	0	0	0	0	2	0	35	0	0	0	0	0	0	0	0	0	0	0	0	0	0	0	0	0	0	0	0	3	9	0	0	0	0	0	0	0	163	0	0	0	0	0	0	0	0	0	0	0	0	0	8	0	0	0	0	0	0	0	0	0	0	111	0	0	0	0	0	0	0	0	0	0	0	0	0	0	15	0	0	43	0	626	0	0	503	0	0	0	0	2	0	0	9	0	10	0	12366	0	0	0	0	0	0	0	343	0	0	18	0	0	0	0	0	3601	74	0	0	0	0	0	0	0	0	0	0	0	0	0	0	0	0	0	0	0	0	0	0	0	0	0	0	0	0	0	0	0	0	0	0	0	0	0	0	0	0	0	0	0	183	0	18	0	5	16	0	0	0	0	0	0	0	0	35	0	0	0	0	0	0	0	0	0	0	0	0	0	0	0	0	0	0	0	0	9	0	0	0	0	0	0	0	0	0	0	0	0	0	0	0	0	0	0	0	0	73	0	10	0	0	0	0	0	0	0	0	0	0	0	133	0	117	0	0	0	0	88	0	0	2	3	0	0	0	0	0	2	0	0	0	0	0	0	0	0	0	0	153	0	0	0	0	0	0	1	0	0	0	0	0	82	0	0	0	0	0	0	0	0	0	0	0	0	0	0	6	0	54	0	46	0	0	0	66	19	0	0	0	0	0	0	0	0	0	0	0	0	0	0	0	0	0	0	0	0	0	0	0	0	0	0	0	0	0	29	0	0	30	0	0	0	0	0	0	0	0	0	0	0	0	0	0	26	0	0	0	0	0	4	0	0	12	0	2	0	0	0	87	0	0	0	0	0	0	2	0	0	0	0	6	0	0	0	0	0	0	0	0	0	9	0	0	0	0	0	0	0	0	0	0	76	0	0	0	0	0	0	0	0	0	0	0	0	0	0	0	0	0	0	0	0	13	0	0	0	0	0	0	0	0	0	0	0	0	0	0	0	0	28	0	0	0	0	0	12	0	0	0	0	0	0	0	0	0	8	0	0	0	0	0	0	0	0	0	0	22	0	0	0	0	0	0	0	0	0	0	0	0	0	0	75	0	0	0	0	276	0	15	0	0	0	0	0	0	842	0	0	0	0	0	0	0	0	0	0	12	0	0	0	0	0	0	0	0	0	0	0	1	0	0	0	0	0	0	0	0	2	0	0	0	2	6	10	0	0	0	311	0	129	4
D17	0	0	0	0	0	4885	0	0	0	0	0	0	0	0	0	0	0	0	0	0	0	0	0	0	0	0	0	0	0	0	0	0	0	0	101	0	0	0	0	0	0	0	0	0	25	0	0	0	0	0	0	0	0	0	0	0	0	0	0	0	0	0	0	0	0	0	0	0	0	0	0	0	0	0	0	0	0	0	0	0	0	0	0	0	0	0	0	0	0	0	0	0	0	0	0	0	0	0	0	0	0	0	0	0	0	0	0	0	0	0	0	0	0	0	0	0	0	0	0	12	0	0	0	0	0	0	0	0	0	0	0	0	0	0	0	0	0	0	0	94	0	0	0	0	0	7	0	0	0	0	0	0	0	0	0	0	0	0	0	0	0	0	0	0	0	0	0	0	0	0	0	0	0	0	0	0	0	0	0	0	0	0	0	0	0	0	0	0	0	0	0	0	0	0	0	42	0	0	0	0	0	0	0	0	0	0	0	0	0	0	0	0	0	0	0	0	0	0	0	0	0	0	0	0	0	0	0	0	0	0	0	0	0	0	0	0	0	0	0	0	0	0	0	0	0	0	0	0	0	0	0	0	0	0	0	0	0	0	0	0	0	0	0	0	0	0	0	0	0	0	0	0	0	0	0	0	0	0	0	0	0	0	0	0	0	0	0	0	0	0	0	0	0	0	0	0	0	0	0	0	0	0	0	0	0	0	0	0	0	751	0	0	0	0	0	0	0	0	0	0	0	0	0	0	0	0	0	0	0	0	0	0	0	0	0	0	0	0	0	0	0	1	0	0	0	0	0	0	0	0	0	0	0	0	2	0	0	0	0	0	0	0	0	0	0	0	0	0	0	0	0	0	0	0	0	0	0	0	0	0	0	0	0	0	0	0	0	0	0	0	0	0	0	0	0	0	0	0	0	0	0	0	0	0	0	0	0	0	0	0	0	0	0	0	0	0	0	0	0	0	0	0	0	0	0	0	0	0	0	0	0	0	0	8	0	0	0	0	0	0	0	0	0	0	0	0	0	0	0	0	0	0	0	0	0	0	0	0	0	0	0	0	0	0	0	0	0	0	0	0	0	0	0	0	0	0	0	0	0	0	2704	0	0	0	0	0	0	0	0	0	0	0	0	0	0	0	0	2	0	0	0	0	0	0	0	0	0	0	0	0	0	0	0	0	0	0	0	0	0	0	0	0	0	0	0	0	2	0	0	0	0	0	0	0	0	0	0	0	0	0	0	0	0	0	0	0	0	0	0	0	0	0	0	0	0	0	0	0	0	0	0	0	0	0	0	0	0	0	0	0	0	0	0	0	0	0	0	0	0	0	0	0	0	0	0	0	0	0	0	0	0	0	0	0	0	0	0	0	0	0	0	0	0	0	0
D18	0	0	0	3	0	0	0	0	0	0	3	0	0	0	3	0	0	13	0	7	0	0	6	0	0	0	57	2	0	0	182	0	0	0	0	0	13	0	36	717	0	2	0	20	0	3	4	0	2	0	32	0	6	2	4	163	0	17	5	4	0	0	0	0	0	0	184	0	0	0	341	0	2	0	2	0	5	2	594	55	1	1	5	7	0	0	30	3	405	4	0	1	0	88	291	19	50	0	30	0	0	0	10	15	0	4	37	0	0	13	0	371	306	4	2	0	4	0	0	0	0	0	0	0	0	0	9	0	3	0	3	0	3	0	0	3	0	1463	0	0	0	0	55	0	0	0	11	89	24	0	1	0	5	0	0	56	2	0	3	0	2	0	0	44	0	5	54	0	6	0	0	0	0	0	0	22	3	28	195	10	6	1578	3	2	3	2	64	3	4	0	4	0	3	223	522	0	0	0	0	15	0	8	6	0	49	0	3	0	0	3	0	3	0	0	0	0	0	3	0	0	0	0	0	100	1332	4	0	0	4	0	2	0	27	23	65	0	0	203	3	11	20	2	0	1	0	0	0	483	8	0	0	0	3	7	19	0	0	0	94	0	0	0	4	179	0	0	16	0	1	6	4	18	0	0	0	0	0	0	0	0	6	0	0	2	0	0	2	0	459	1	39	0	8	2	0	0	3	8	4	0	0	0	35	9	7	0	28	0	0	0	4	1	0	0	6	0	0	0	0	1	177	0	0	0	0	7	0	0	0	0	0	2	50	0	0	221	617	0	0	27	0	0	0	0	0	11	1	0	10	3	1	0	15	23	0	0	7	0	0	0	18	11	0	4	0	6	4	0	43	0	0	0	101	7	1	0	12	0	0	0	20	4	13	0	0	0	0	16	20	0	0	0	2	0	110	2	732	0	7	1	12	3	0	0	0	0	3	0	0	0	2	2	0	2294	0	0	0	2	0	0	14	0	0	44	0	0	7	917	9	6	264	8	9	0	0	0	0	0	128	0	0	375	2	8	24	13	30	9	1635	0	10	0	129	0	8	40	0	2	0	0	0	0	311	0	0	10	0	4	0	18	0	104	0	444	262	0	909	20	2045	3	0	0	0	0	0	0	2	0	7	0	2	66	0	0	5	2	18	0	6	94	0	72	0	25	45	15	0	0	3	3	0	8	700	4	16	1	66	0	0	6	5	0	4	0	0	0	0	0	0	2	0	13	0	0	0	101	2	1	0	0	0	0	0	0	0	0	59	2	0	0	0	0	23	467	6	0	13	1054	0	0	0	2	0	6	0	0	3	2	7	25	26	0	2	8	0	3	5	3	0	11	0	0	0	14	5	0	0	2	0	4	0	13	0	0	3009	83	426	0	16	0	4	0	0	0	0
D19	0	0	0	0	0	0	0	0	0	0	0	0	252	0	0	0	0	0	0	0	0	0	0	0	0	0	0	219	0	0	250	0	0	0	0	0	48	0	0	0	0	0	0	0	0	0	0	0	0	0	1217	0	0	0	0	0	0	0	0	0	0	0	0	0	0	0	0	0	1000	0	0	0	0	0	0	0	0	0	0	651	0	0	0	0	0	0	0	0	354	0	0	0	0	472	0	0	0	0	0	0	0	0	0	73	0	139	0	0	0	0	0	5	0	0	0	0	0	0	0	78	0	0	0	0	0	0	0	0	279	0	0	0	0	0	0	0	0	301	0	0	0	0	0	0	0	0	0	453	0	0	0	0	0	0	0	0	0	0	0	0	0	0	0	0	0	0	0	0	0	0	0	0	0	0	0	0	0	0	0	0	0	0	0	0	0	0	0	0	0	0	0	0	0	2526	0	0	0	0	0	0	0	0	0	0	41	0	0	0	0	0	0	0	0	0	0	0	0	0	0	0	0	0	0	0	0	0	970	0	0	0	0	0	0	32	0	0	0	78	0	0	0	0	0	0	0	0	0	0	0	2	0	0	0	0	0	0	0	0	66	0	0	0	0	0	0	0	0	0	0	0	50	0	0	0	0	0	0	0	0	0	0	0	0	283	0	0	2678	0	0	0	0	0	0	0	0	0	0	0	0	0	0	0	0	0	0	0	1654	0	0	0	0	0	0	0	0	0	0	0	0	0	0	0	0	0	0	0	0	0	0	0	0	0	0	0	0	659	0	0	76	0	0	0	0	0	0	0	0	0	0	0	0	0	71	220	0	0	451	0	2	0	0	0	0	0	0	0	411	0	348	0	0	0	0	0	0	0	0	0	0	0	0	0	0	0	118	0	0	0	0	0	0	0	0	0	0	0	461	0	73	0	0	0	0	0	240	0	0	0	0	0	0	0	0	0	0	0	0	0	0	0	0	0	0	0	0	0	424	764	0	0	213	0	0	0	0	96	0	0	1039	0	0	0	0	504	0	0	71	0	126	0	0	0	0	0	0	0	0	0	0	0	0	0	100	0	0	0	0	0	0	0	0	0	0	0	166	0	625	132	1643	56	0	0	0	0	0	0	0	0	0	0	0	0	0	0	0	0	50	0	0	0	0	0	0	0	0	0	0	0	0	0	0	0	0	0	0	0	1176	0	60	0	0	0	1109	0	0	0	0	0	0	0	0	0	0	0	0	0	258	0	0	0	0	0	0	0	0	0	0	0	0	0	0	0	0	2018	0	0	0	0	0	0	0	0	0	0	0	0	0	0	0	0	0	0	55	0	0	0	0	0	0	0	0	0	0	0	0	0	0	0	0	0	0	0	0	0	3378	68	0	0	0	0	98	0	0	0	0
D20	0	0	0	2	0	0	0	3	0	0	0	0	6	2	0	8	7	10	0	3	0	3	0	3	0	0	6	5	0	0	349	0	0	0	0	5	0	0	15	2037	0	0	0	6	0	0	2	2	2	0	17	0	8	8	0	4	0	19	3	0	0	0	0	0	0	0	74	0	24	0	0	0	2	0	0	0	0	0	575	116	0	0	7	3	5	0	38	0	397	0	0	13	0	639	23	299	137	0	4	6	0	0	10	0	0	15	3	33	0	9	0	1303	223	6	0	0	10	0	0	0	0	0	0	0	2	0	46	6	42	0	0	0	5	0	2	4	0	2298	2	0	0	0	0	0	4	0	9	114	0	1	0	0	26	0	0	12	0	0	0	0	11	0	0	466	3	5	55	4	0	0	0	0	0	0	0	147	0	10	28	31	4	55	2	0	0	93	30	0	4	0	0	0	0	283	122	0	0	0	0	0	0	0	5	0	24	0	0	0	0	2	0	0	0	0	0	0	0	2	0	2	0	0	0	8	169	5	12	0	2	0	0	0	124	39	21	0	0	4	0	7	0	4	0	0	0	0	0	32	15	0	0	0	0	0	8	0	0	1	9	0	0	0	0	44	0	0	0	7	1	4	12	2	7	0	0	0	0	0	0	0	0	0	0	0	4	0	45	3	50	4	33	0	2	5	0	0	9	4	0	0	0	0	24	5	17	0	15	0	0	0	4	5	0	0	3	0	0	2	0	0	38	0	0	0	0	0	0	0	0	0	0	0	7	0	0	1705	48	0	35	8	0	0	0	0	0	4	0	0	11	0	0	0	18	9	0	0	0	1	46	0	2	2	0	0	0	0	45	0	49	0	0	0	68	12	0	0	19	0	2	0	29	9	9	174	1	0	0	13	5	0	0	3	2	0	5	0	2579	25	0	0	18	4	0	0	2	0	0	0	0	0	3	0	0	4138	4	0	0	0	0	0	8	0	0	1	0	1	0	2406	13	11	437	7	12	0	0	0	0	0	827	1	0	84	0	18	5	5	95	15	75	0	0	0	8	0	24	9	0	0	0	0	0	0	75	0	4	1	0	0	0	26	0	0	0	306	1593	0	1343	19	4420	8	0	0	0	0	0	4	13	5	12	1	0	0	0	0	5	0	13	0	9	12	0	265	0	0	9	13	0	0	5	0	0	0	49	0	0	8	65	0	0	0	0	0	58	0	0	0	0	0	0	0	0	8	0	0	0	49	16	0	0	2	0	0	3	0	0	0	26	12	0	0	0	0	20	751	4	0	0	2955	0	6	0	0	0	5	0	0	4	3	0	97	27	0	0	7	0	2	0	0	2	16	0	2	0	8	4	0	2	0	0	7	0	4	4	0	1035	8	18	0	9	0	22	7	0	0	0
D21	0	0	0	0	0	0	0	0	0	0	0	0	0	0	0	0	0	0	0	0	0	0	0	0	0	0	0	0	0	0	0	0	0	0	3	0	0	0	0	0	0	0	0	0	0	0	0	0	0	0	0	0	0	0	0	0	0	0	0	0	0	0	0	0	0	0	0	0	0	0	0	0	0	0	0	0	0	0	0	0	0	0	0	0	0	0	0	0	0	0	0	0	0	0	0	0	0	0	0	0	0	0	0	0	0	0	0	0	0	0	0	0	0	0	0	0	0	0	0	10	0	0	0	0	0	0	0	0	0	0	0	0	0	0	0	0	0	0	0	0	0	0	0	0	0	0	0	0	0	0	0	0	0	0	0	0	0	0	0	0	0	0	0	0	0	0	0	0	0	0	0	0	0	0	0	0	0	0	0	0	0	0	0	0	0	0	0	0	0	0	0	0	0	0	0	0	0	0	0	0	0	0	0	0	0	0	0	0	0	0	0	0	0	0	0	0	0	0	0	2	0	0	0	0	0	0	0	0	0	0	0	0	0	0	0	0	0	0	0	0	0	0	0	0	0	0	0	0	0	0	0	0	0	0	0	0	0	0	0	0	0	0	0	0	0	0	0	0	0	0	0	0	0	0	0	0	0	0	0	0	0	0	0	0	0	0	0	0	0	0	0	0	0	0	0	0	0	0	0	0	0	0	0	0	0	0	0	0	0	0	0	0	0	0	0	0	0	0	0	0	0	0	0	0	0	0	0	0	0	0	0	0	0	0	0	0	0	0	0	0	0	0	0	0	0	0	0	0	0	0	0	0	0	0	0	0	0	0	0	0	0	0	0	0	0	0	0	0	0	0	0	0	0	0	0	0	0	0	0	0	0	0	0	0	0	0	0	0	0	0	0	0	0	0	0	0	0	0	0	0	0	0	0	0	0	0	0	0	0	0	0	0	0	0	0	0	0	0	0	0	0	0	0	0	0	0	0	0	0	0	0	0	0	0	13	0	0	0	0	0	0	0	0	0	0	0	0	0	0	0	0	22	0	0	0	0	0	0	0	0	0	0	0	0	0	0	0	0	0	0	0	0	0	0	0	0	0	0	0	0	0	0	0	0	0	0	0	0	0	0	0	0	0	0	0	0	0	0	0	0	0	0	0	0	0	0	0	0	0	0	0	0	0	0	0	0	0	0	0	0	0	0	0	0	0	0	2	0	0	0	0	0	0	0	0	0	0	0	0	0	0	0	0	0	0	0	0	0	0	0	0	0	0	0	0	0	57	0	0	0	0	0	0	0	0	0	0	0	0	0	0	0	0	0	0	0	0	0	0	0	0	0	0	0	0	0	0	0	0	0	0	0	0	0	0	0	0	0	0	0	0	0	0	5	0
D22	0	0	0	0	0	0	0	0	0	0	0	0	0	0	0	0	0	0	0	0	0	0	4	0	0	0	0	0	0	0	0	1	0	0	0	0	0	0	0	44	0	0	0	0	0	0	0	0	0	0	0	0	0	0	0	0	0	0	0	0	0	0	0	0	0	0	0	65	0	0	0	0	0	436	0	0	0	0	0	0	0	0	0	0	0	22	0	0	0	0	0	0	0	0	0	0	0	0	0	0	0	0	0	0	0	0	0	0	0	0	0	0	0	0	0	0	0	0	0	0	0	0	6	0	0	0	0	0	0	0	0	0	0	0	0	0	0	0	0	0	0	0	0	0	0	0	0	0	0	0	0	0	0	0	0	1	0	0	0	1	4	0	0	0	0	0	0	0	0	0	0	0	0	0	0	0	0	0	0	0	0	0	167	0	0	0	0	0	0	0	0	0	0	0	0	0	0	0	0	0	0	0	0	0	0	0	0	0	0	0	0	0	0	0	0	0	0	147	0	0	0	0	0	0	0	0	0	0	0	0	0	0	0	0	0	0	0	0	0	0	0	0	76	0	0	0	0	0	2	0	0	0	0	0	0	157	2	0	0	0	22	0	0	0	0	0	0	0	0	0	0	0	0	0	0	0	0	0	3	0	0	0	0	0	39	0	0	0	0	0	0	0	0	0	0	0	0	0	3	0	0	0	0	0	0	0	0	0	0	0	0	7	0	0	0	0	0	0	0	0	0	0	0	0	0	0	0	0	23	0	0	0	3	0	0	0	0	0	0	8	0	0	0	0	0	23	414	0	0	0	0	0	0	0	0	3	0	0	0	2	0	0	0	0	0	0	0	0	0	0	0	0	0	0	0	0	0	0	0	5	0	0	0	0	0	0	0	0	0	0	0	0	0	0	0	0	0	0	0	0	0	0	0	0	0	0	0	0	0	17	0	0	0	0	0	8	0	0	0	0	0	0	0	0	0	0	0	0	0	0	0	0	0	0	0	0	0	0	0	0	0	0	0	0	0	0	0	0	0	0	29	0	0	0	0	0	0	0	0	0	0	0	0	0	0	5	0	0	0	0	0	5	0	0	0	0	0	0	0	0	0	0	0	0	0	0	0	0	0	0	0	0	0	0	0	0	0	0	0	0	0	0	0	0	0	0	0	84	0	0	0	0	0	0	0	0	0	12	0	0	0	0	0	0	0	0	0	0	0	0	0	0	0	0	0	0	0	0	0	0	213	0	0	0	0	0	0	0	0	0	0	0	0	0	0	0	0	0	0	962	0	0	0	0	0	3036	0	0	0	0	0	0	0	0	0	0	0	0	0	0	0	0	155	0	0	0	0	0	0	0	0	0	0	0	0	0	19	0	0	0	0	0	0	0	0
D23	0	0	0	0	0	0	0	0	0	0	0	10	0	0	0	0	0	0	0	0	0	0	0	0	0	0	0	0	0	0	0	0	0	0	0	0	0	0	0	235	24	0	0	0	0	0	0	0	0	0	0	0	0	0	137	131	352	0	0	0	0	0	0	0	0	0	0	63	0	0	620	0	0	1487	0	32	0	0	0	0	0	0	0	0	0	0	0	0	0	0	0	0	0	0	0	0	0	0	0	0	0	0	0	0	0	0	0	0	0	0	0	0	0	0	0	2718	0	0	0	0	0	0	72	0	0	0	0	0	0	0	0	0	0	0	0	0	0	0	0	2545	0	0	0	0	0	29	0	0	0	0	0	0	0	0	0	0	0	0	0	0	0	0	0	0	3	0	0	0	0	0	96	0	0	0	0	0	0	0	0	0	0	0	487	0	0	0	0	0	0	0	0	0	227	0	0	0	0	0	0	0	0	0	0	0	0	0	0	0	0	0	0	0	0	0	404	0	0	71	0	0	0	0	0	0	0	0	0	497	0	0	0	0	0	0	0	0	0	0	0	0	27	0	0	0	0	667	0	0	0	0	0	0	0	0	0	0	0	0	0	0	0	0	0	0	0	0	0	0	0	0	0	0	0	0	0	0	0	0	0	0	0	0	0	11	64	0	0	0	0	0	85	0	0	0	0	0	0	0	0	0	0	0	0	0	0	0	0	0	0	0	0	124	123	0	0	0	0	0	0	0	0	0	0	0	0	0	0	0	292	0	0	0	0	0	0	0	0	0	0	0	0	0	0	0	0	0	205	0	0	0	0	0	0	0	0	0	0	0	0	0	0	0	0	0	0	0	0	0	0	0	135	0	0	0	0	0	0	0	0	138	0	0	0	0	0	0	0	0	0	0	0	0	0	0	0	0	0	0	0	0	0	0	0	0	0	0	0	0	0	0	0	0	0	0	0	0	0	0	0	0	0	0	0	0	0	0	0	0	0	0	0	0	0	0	544	0	0	0	0	0	0	0	0	0	1964	0	0	0	0	0	0	63	0	0	0	0	0	0	0	0	0	0	0	50	0	45	0	0	0	0	0	0	0	0	0	0	0	0	0	0	0	0	0	0	0	0	0	0	0	0	0	0	0	0	0	0	0	0	0	0	0	0	0	0	58	0	0	0	0	0	0	0	0	0	0	0	0	0	0	0	0	0	0	0	0	0	178	3	1887	0	0	0	0	0	0	0	0	0	0	0	0	0	0	0	9	0	0	0	0	0	40	0	0	0	0	0	0	0	15	0	0	0	0	0	0	0	0	0	0	0	0	0	200	43	0	0	0	0	0	0	0	0	126	0	0	0	0	0	0	0	0	0	0	0	0	0	115	0	0	0	0	0	0	378	0
D24	0	0	149	0	0	0	0	2	0	22	0	0	0	64	11	24	0	0	42	0	0	0	22	0	108	0	0	0	0	0	0	0	0	98	0	0	0	0	29	0	0	76	0	0	0	0	0	252	0	0	0	7	0	75	0	0	89	0	0	0	0	0	0	0	143	0	0	0	43	0	0	0	0	0	0	14	0	4	0	0	0	11	0	0	23	0	0	20	0	0	6	55	0	0	0	0	0	25	0	9	3	7	0	0	0	0	0	0	0	0	0	0	0	0	0	53	0	182	52	0	11	0	0	0	0	0	0	0	0	0	0	0	0	0	32	0	0	0	8	0	0	0	0	0	7	7	0	0	0	0	0	0	0	24	0	0	15	5	0	0	43	0	0	0	0	0	0	0	0	73	3	117	3	0	0	0	21	0	0	0	0	0	12	0	0	0	0	6	0	1	0	0	13	0	0	0	29	0	31	0	0	2	0	0	0	7	0	0	0	0	0	0	37	0	0	0	55	0	0	0	0	11	0	0	0	0	0	36	0	618	0	10	0	0	0	0	0	0	0	0	0	0	7	223	0	27	0	0	0	6	0	4	0	0	0	0	10	0	0	94	0	3	0	0	0	5	0	0	0	0	0	0	0	0	16	5	215	0	0	391	0	0	0	0	0	0	0	0	0	13	700	0	0	21	0	0	88	0	0	8	0	16	0	0	0	0	154	0	10	0	0	0	0	67	64	0	0	13	8	10	0	3	13	0	0	0	22	6	0	118	0	69	0	0	47	0	16	17	0	5	296	0	0	14	4	0	7	78	0	27	25	0	0	0	0	0	0	10	0	0	0	5	0	0	0	32	0	12	0	0	148	0	0	0	11	0	65	0	0	0	0	0	0	0	18	125	0	0	0	0	2	0	0	0	0	0	0	0	0	0	0	0	0	105	0	0	0	0	47	0	0	0	0	0	0	0	0	6	0	0	0	27	254	0	0	29	0	0	0	0	0	516	0	0	0	20	124	0	0	4	0	0	0	0	0	0	0	0	0	0	3	0	0	0	0	0	0	63	31	6	0	9	0	0	0	58	0	7	0	0	0	11	4	31	0	0	0	0	0	0	0	0	0	33	43	0	0	0	0	0	0	0	0	7	0	1	0	31	11	0	24	0	0	6	0	559	462	0	0	29	0	14	0	0	0	29	0	0	0	38	9	90	0	5	1759	0	0	0	0	27	0	85	21	3	0	0	0	0	0	6	0	39	10	13	0	0	0	0	35	0	3	0	29	0	0	0	4	0	0	0	2	0	0	0	0	0	0	0	1	0	9	0	0	7	0	0	0	0	20	0	14	0	10297	2	0	17	0	0	4	0	29	3	0	0	0	0	0	16	208	4	0	0	8	0	0
D25	0	0	3	2	23	0	9	0	0	0	0	0	0	0	0	3	0	263	57	0	0	759	0	0	0	2722	0	0	0	0	0	0	0	0	0	0	135	0	5	0	0	0	0	0	0	6	0	198	0	0	0	4	0	614	0	0	0	0	0	7	0	0	0	0	467	0	0	0	418	0	0	12	55	0	0	0	4	0	0	0	0	0	0	0	0	0	0	0	0	0	0	77	0	0	0	0	0	0	0	2	0	12	1	11	0	0	2	0	5	3	0	0	0	0	0	0	3	325	0	0	0	0	0	0	0	0	0	0	0	0	6	0	0	0	0	0	6	0	126	0	0	0	0	0	14	0	0	0	0	7	0	0	1	7	0	0	0	0	0	0	53	0	0	0	0	0	0	36	0	0	0	0	0	0	0	0	0	0	0	0	0	0	0	8	0	0	0	0	0	0	0	0	0	0	0	0	0	0	0	0	4	0	0	0	0	0	0	0	0	0	6	0	0	7	0	0	0	0	0	0	0	0	0	0	0	11	0	0	0	0	0	0	0	0	0	0	36	0	0	0	0	0	0	0	0	0	0	0	0	0	120	34	0	0	0	0	168	22	0	0	0	6	0	0	0	0	2	167	0	0	0	0	8	0	0	7	0	0	0	0	19	0	0	0	0	140	0	0	0	47	5203	0	0	0	0	0	0	2	0	0	0	13	0	0	0	0	75	7	0	0	0	74	0	1858	4	0	0	0	4	0	0	0	0	36	0	0	0	0	0	0	0	0	0	289	120	0	0	0	0	0	11	0	0	0	0	0	0	0	0	8	80	0	0	0	0	0	0	0	0	0	0	14	0	41	0	0	0	0	0	0	0	0	0	3	0	0	47	0	0	0	0	0	0	0	0	0	19	0	0	0	0	0	1207	0	0	15	0	0	0	0	0	0	0	0	0	0	0	0	0	0	0	27	0	0	124	0	5	0	12	0	0	0	0	0	0	37	0	0	0	0	0	5	2	0	0	0	0	17	0	0	0	0	0	0	2	0	0	10	0	0	0	0	0	0	0	0	2	55	0	0	0	1	0	0	37	0	0	0	141	0	1	0	4	22	0	0	0	0	0	0	0	9	0	3	0	4	0	0	0	8	0	0	0	0	0	1	5	0	6	0	73	0	0	0	0	65	31	0	0	0	20	0	0	2	0	0	0	0	0	3	0	19	0	0	0	0	0	0	0	77	0	0	11	503	0	0	29	0	0	0	0	0	4	0	0	0	0	12	13	0	0	0	2078	0	0	0	0	0	9	6	0	796	0	17	0	0	0	29	15	0	269	0	0	0	0	0	0	0	15	0	0	0	0	83	0	0	0	0	2	0	0	0	5	0	0	0	0	10	92	6	0	0	1	0	0
D26	0	0	0	0	0	0	0	0	0	0	0	0	0	0	0	0	0	0	0	0	0	0	0	0	0	0	0	0	0	0	0	0	0	0	0	0	0	0	0	0	0	0	0	0	0	0	0	0	0	0	0	0	0	0	0	0	0	0	0	0	0	0	0	0	0	0	0	0	0	0	0	0	0	0	0	0	0	0	0	0	0	0	0	0	0	0	0	0	0	0	0	0	0	0	0	0	0	0	0	0	0	0	0	0	0	0	0	0	0	0	0	0	0	0	0	0	0	0	0	0	0	0	0	0	0	0	0	0	0	0	0	0	0	0	0	0	0	0	0	0	0	0	0	0	0	0	0	0	0	0	0	0	0	0	0	0	0	0	0	0	0	0	0	0	0	0	0	0	0	0	0	0	0	0	0	0	0	0	0	0	0	0	0	0	0	0	0	0	0	0	0	0	0	0	0	0	0	0	0	0	0	0	0	0	0	0	0	0	0	0	0	0	0	0	0	0	0	0	0	0	0	0	0	0	0	0	0	0	0	0	0	0	0	0	0	0	0	0	0	0	0	0	0	0	0	0	0	0	0	0	0	0	0	0	0	0	0	0	0	0	0	0	0	0	0	0	0	0	0	0	0	0	0	0	0	0	0	0	0	0	0	0	0	0	0	0	0	0	0	0	0	0	3	0	0	0	0	0	0	0	0	0	0	0	0	0	1	0	0	0	0	0	0	0	0	0	0	0	0	0	0	0	0	0	0	0	0	0	0	0	0	0	0	0	0	0	0	0	0	0	0	0	0	0	0	0	0	0	0	0	0	0	0	0	0	0	0	0	0	0	0	0	0	0	0	0	0	0	0	0	0	0	0	0	0	0	0	0	0	0	0	0	0	0	0	0	0	0	0	0	0	0	0	0	0	0	0	0	0	0	0	0	0	0	0	0	0	0	0	0	0	0	0	0	0	0	0	0	0	0	0	0	0	0	0	0	0	0	0	0	0	0	0	0	0	0	0	0	0	0	0	0	0	0	0	0	0	0	0	0	0	0	0	0	0	0	0	0	0	0	0	0	0	0	0	0	0	0	0	0	0	0	0	0	0	0	0	0	0	0	0	0	0	0	0	0	0	0	0	0	0	0	0	0	0	0	0	0	0	0	0	0	0	0	0	0	0	0	0	0	0	0	0	0	0	0	0	0	0	0	0	0	0	0	0	0	0	0	0	0	0	0	0	0	0	0	0	0	0	0	0	0	0	0	0	0	0	0	0	0	0	0	0	0	0	0	0	0	0	0	0	0	0	0	0	0	0	0	0	0	0	0	0	0	0	0	0	0	0	0	0	0	0	0	0	0	0	0	0	0	0	0	0	0	0	0	0	0	0	0	0	0	0	0	0
D27	0	20	0	0	0	0	0	15	0	0	0	0	0	0	0	0	0	0	0	0	0	0	0	0	0	4	0	0	0	0	0	0	0	0	0	0	0	0	34	5	38	0	0	0	0	0	0	0	0	0	0	0	0	0	0	26	39	0	3	0	0	0	0	0	0	0	0	0	15	0	0	0	0	0	0	0	0	0	0	0	0	0	0	0	0	0	0	8	0	0	2	0	0	0	0	0	0	0	0	0	0	7	5	0	0	0	0	6	0	0	0	0	14	0	0	0	0	0	0	0	0	0	1071	0	0	0	0	0	0	1	0	0	0	0	0	0	3	0	0	0	0	0	10	0	0	0	0	0	0	0	0	0	143	0	0	162	0	0	0	0	20	0	0	0	0	0	0	0	0	0	1	0	192	0	0	0	0	0	0	0	0	0	1428	4	0	13	0	0	0	5	0	0	0	0	0	0	0	0	0	0	30	0	0	0	0	0	0	0	0	0	0	91	0	14	0	0	0	0	168	0	0	0	0	2	0	0	1	0	0	0	0	0	0	0	0	0	2	0	0	0	0	0	10	0	0	0	0	0	0	0	0	0	0	0	0	0	0	0	0	0	435	0	0	0	0	0	0	0	0	0	0	0	0	0	0	0	0	0	0	0	0	0	0	0	4	0	0	0	0	0	0	0	0	3	0	0	7	0	2	0	0	0	0	0	0	0	2	0	10	0	0	250	0	0	0	0	0	0	27	0	0	0	0	0	3	0	0	0	0	0	0	0	6	0	0	0	0	0	1	57	0	0	0	0	0	408	0	0	0	2	0	0	0	0	0	77	0	0	0	1	1	0	0	0	40	0	0	0	0	2	0	0	0	0	0	0	0	0	0	0	0	0	17	0	0	0	5	0	0	0	0	0	0	0	10	0	0	0	0	0	0	0	0	0	0	0	0	0	0	11	0	0	0	0	156	0	0	5	0	0	0	0	0	0	0	0	0	0	0	0	0	0	23	0	0	0	0	0	0	0	0	0	0	0	0	0	0	0	0	0	0	0	0	0	8	0	0	0	0	0	0	0	0	0	0	34	0	0	0	0	0	0	0	37	0	0	0	0	0	0	0	0	0	0	0	0	3	0	0	0	0	0	0	0	0	5	0	0	2	0	0	0	0	0	0	0	0	0	0	0	0	0	0	0	0	0	0	96	0	0	0	0	0	0	0	0	0	0	0	0	0	0	0	0	0	0	0	0	0	0	0	0	0	0	0	0	0	0	0	0	0	7	1	0	0	9	0	0	227	2	0	0	24	0	0	0	0	0	0	0	0	0	16	2	0	0	0	0	0	0	0	0	4	0	0	0	0	0	0	0	0	0	0	0	0	0	4	0	0	0	0	0	0	0	0
D28	0	0	0	0	0	0	0	0	0	0	0	0	0	0	0	0	0	0	0	0	0	0	0	0	0	0	0	0	174	0	0	0	0	0	57	0	0	0	2	0	0	0	0	0	0	0	0	0	0	2	0	0	0	0	0	0	0	0	0	0	0	0	0	0	0	0	0	0	0	0	0	0	0	0	0	0	0	0	0	0	0	0	0	0	0	0	0	0	0	0	0	0	0	0	0	0	0	0	0	0	0	0	0	0	0	0	0	0	0	0	0	0	0	0	2	0	0	0	0	0	0	0	0	0	0	0	0	0	0	0	0	0	0	12	0	0	0	0	0	0	0	0	0	0	0	0	0	0	0	0	0	0	0	0	0	0	0	0	0	0	0	0	0	0	0	0	0	0	0	0	0	0	0	0	0	0	0	0	0	0	0	0	0	0	0	0	0	0	0	0	0	0	0	0	0	0	0	0	0	0	0	0	0	0	0	0	0	0	0	0	0	0	0	0	0	0	0	0	0	0	0	0	0	0	0	0	0	0	0	0	0	0	0	0	0	0	0	0	0	0	0	0	0	0	0	0	0	0	0	0	0	0	0	0	0	0	0	0	0	0	0	0	1	0	0	0	42	0	0	0	0	0	0	0	0	0	0	0	0	0	0	0	0	0	0	0	0	0	0	0	0	0	0	0	0	0	0	0	0	0	0	0	0	0	0	0	0	0	0	0	0	0	0	0	0	0	0	0	0	0	0	0	0	0	0	0	0	0	0	0	0	0	0	0	0	0	0	0	0	0	0	0	0	0	0	0	0	0	0	0	0	0	0	0	0	0	0	0	0	0	0	0	0	0	0	0	0	0	0	0	0	0	0	0	0	0	0	0	0	0	0	0	0	0	0	0	0	0	0	0	0	0	0	0	0	0	0	0	0	0	0	0	0	0	0	0	0	237	0	0	0	0	0	0	0	0	0	0	0	0	0	0	0	0	0	0	0	0	0	0	0	0	0	0	0	0	0	0	0	0	0	0	0	0	0	0	0	0	0	0	0	0	0	0	0	0	0	0	0	0	0	0	0	0	0	0	0	0	0	0	0	0	0	0	0	0	0	0	0	0	0	0	0	0	0	0	0	0	0	0	0	0	0	0	0	0	0	0	0	0	0	0	0	0	0	0	0	0	0	0	0	0	0	0	0	0	0	0	0	0	0	0	0	0	0	0	142	0	0	0	0	0	0	0	0	0	0	0	0	0	0	0	0	0	0	0	0	0	0	0	0	0	0	0	0	0	0	0	0	0	0	0	0	0	0	0	0	0	0	0	0	0	0	0	1	0	0	0	0	0	0	0	0	0	0	0	0	0	0	0	0	0	0	0	0	0	0	0	0	0	0	0	0	0	0
D29	0	0	0	0	0	1487	0	0	0	0	0	0	0	0	0	0	0	0	0	0	0	0	0	0	0	0	0	0	0	0	0	0	0	0	0	0	0	0	0	0	0	0	0	0	11	0	0	0	0	0	0	0	0	0	0	0	0	0	0	0	0	0	0	0	0	0	0	0	0	0	0	0	0	0	0	0	0	0	0	0	0	0	0	0	0	0	0	0	0	0	0	0	0	0	0	0	0	0	0	0	0	0	0	0	0	0	0	0	0	0	0	0	0	0	0	0	0	0	0	0	7	0	0	0	0	0	0	0	0	0	0	0	0	0	0	0	0	0	0	0	0	0	0	0	0	81	0	0	0	0	0	0	0	0	0	0	0	0	0	0	0	0	0	0	0	0	0	0	0	0	0	0	0	0	2	0	0	0	0	0	0	0	0	0	0	0	0	0	0	0	0	0	5	0	0	152	0	0	0	0	0	0	0	0	0	0	0	0	0	0	0	0	0	0	0	0	0	0	0	34	0	0	0	0	0	0	0	47	0	0	0	0	0	0	0	0	0	0	0	0	0	0	0	0	0	0	282	0	0	0	0	0	0	0	0	0	0	0	0	0	0	0	1	0	0	0	0	0	0	0	0	0	0	755	0	0	0	0	148	0	0	0	0	0	0	0	0	0	0	0	0	0	0	0	0	0	0	0	0	0	0	0	0	0	0	0	0	0	0	863	0	0	0	0	0	0	0	0	0	0	0	0	0	0	0	0	0	0	0	0	0	0	0	0	0	0	0	0	0	0	0	7	0	0	0	0	0	0	0	0	0	1690	0	0	0	0	0	0	0	0	0	0	0	0	0	0	0	0	0	0	0	0	0	0	0	0	0	0	0	0	0	0	0	0	0	0	0	0	0	0	0	0	0	0	0	0	0	0	0	0	0	0	0	0	0	200	0	0	0	0	0	0	0	0	0	381	0	0	0	0	0	0	0	0	0	0	0	0	0	0	0	0	0	2833	0	0	0	0	0	0	0	0	0	0	0	0	0	0	0	0	0	0	0	0	0	0	0	0	0	0	0	0	0	0	0	0	0	0	0	0	0	0	0	0	0	0	0	0	0	0	3	0	0	0	0	0	0	0	0	0	326	0	0	0	0	0	0	0	0	0	0	0	0	0	0	0	0	0	0	0	0	0	0	0	0	0	0	0	0	0	0	0	0	0	0	0	77	0	0	0	0	0	0	0	0	0	0	0	0	0	0	0	0	0	0	0	0	0	0	0	0	0	0	0	0	0	0	0	0	0	0	0	0	0	0	0	0	0	0	0	0	0	0	0	0	0	0	0	0	0	0	0	0	0	0	0	0	0	0	0	0	0	0	0	0	0	0	0	0	0	0	0	0	0	0
D30	0	56	0	0	2	0	0	0	249	0	0	1841	0	0	0	0	0	0	0	0	0	0	93	0	0	0	0	0	0	0	0	0	0	0	0	0	0	136	109	116	2	0	0	0	0	0	0	0	0	0	0	0	0	0	0	4	177	0	0	0	0	0	81	0	0	0	0	95	0	0	0	0	11	0	0	357	0	0	0	0	0	0	0	0	0	0	0	0	0	0	9	0	0	0	0	0	0	0	0	0	0	9	0	0	0	0	3	0	0	0	0	0	16	0	0	109	0	0	0	0	10	0	124	6	1	0	0	0	0	0	0	207	0	0	0	0	6	0	0	3	0	2	0	0	0	0	0	0	0	0	0	0	15	26	0	8	0	0	0	70	7	104	0	0	0	0	0	0	0	0	43	11	870	0	0	0	0	0	0	16	0	0	1606	0	0	341	0	0	0	175	0	21	0	0	0	0	0	120	0	0	79	0	0	0	0	0	0	0	8	0	0	0	0	14	366	0	2	0	13	4	0	0	0	0	0	0	0	132	0	0	15	0	0	0	0	0	0	0	0	0	40	0	0	15	14	0	0	0	0	0	0	0	0	0	0	0	0	0	10	29	3105	0	33	0	0	0	151	8	0	0	0	0	0	0	0	0	0	0	0	489	0	0	0	0	2	0	0	0	0	0	0	0	103	0	0	39	203	0	51	0	0	0	0	0	0	6	0	0	33	0	15	10	990	0	0	0	0	0	0	0	0	0	45	0	33	0	0	0	605	0	0	0	632	0	0	0	93	0	0	630	0	0	47	24	0	199	125	0	0	0	0	0	0	0	0	21	0	0	0	101	0	0	0	0	59	0	0	85	0	78	743	0	0	0	0	0	0	0	0	18	0	0	7	13	0	0	0	0	0	0	0	0	0	0	24	0	0	0	0	0	0	0	0	0	0	26	0	0	0	0	0	0	0	0	0	0	0	0	0	0	0	0	0	0	88	0	0	0	0	0	0	0	1	0	10	0	161	0	0	0	0	0	0	0	16	0	0	0	0	3	181	0	0	0	0	0	17	0	0	21	0	0	0	23	0	152	33	12	0	0	0	17	10	4	0	0	0	0	0	0	0	0	0	0	0	0	0	0	0	0	0	0	0	116	0	0	0	0	0	0	0	0	0	143	0	5	0	0	0	0	0	0	9	0	0	0	0	7	0	0	0	0	0	0	0	0	0	0	104	0	7	0	0	0	0	0	0	155	0	0	27	0	28	66	0	0	0	0	0	29	0	125	0	0	0	0	0	0	0	2	0	0	0	0	0	62	0	0	0	0	18	40	0	1	0	0	0	0	0	0	0	0	5006	0	0	0	0	0	0	0	0	0	0	0	0	0	63	0	0	3	0	3	0	4	0
D31	0	0	0	0	0	0	0	0	0	0	0	0	0	0	0	0	0	0	0	0	0	0	0	0	0	0	0	0	0	0	0	0	0	0	0	0	0	0	0	0	0	0	0	0	0	0	0	0	0	0	0	0	0	0	0	0	0	0	0	0	0	0	0	0	0	55	0	0	0	0	0	0	0	0	0	0	0	0	0	0	0	0	0	0	0	0	0	0	0	0	0	0	0	0	0	0	0	0	0	0	0	0	0	0	0	0	0	0	0	0	0	16	0	0	0	0	0	0	0	0	0	0	0	0	0	0	0	0	0	0	0	0	0	0	0	0	0	0	0	0	0	0	0	0	0	0	0	0	0	0	0	0	0	0	0	0	0	0	0	0	0	0	0	0	0	0	0	0	0	0	0	0	0	0	0	0	0	0	0	0	0	0	0	0	0	0	0	0	0	0	0	0	0	0	0	0	0	0	0	0	0	0	0	0	0	0	0	0	0	0	0	0	0	0	0	0	0	0	0	0	0	0	0	0	0	3	0	0	0	0	0	0	0	0	0	0	0	0	0	0	0	0	0	0	0	2	0	0	0	0	0	0	0	0	0	0	0	0	0	0	0	0	0	0	0	0	0	0	0	0	0	0	0	0	0	0	0	0	0	0	0	0	0	0	0	0	0	0	0	0	0	0	0	0	0	0	0	0	1	0	0	0	0	0	0	0	0	0	0	0	0	0	0	0	0	0	0	0	0	0	0	0	0	0	0	0	0	0	0	0	6	0	0	0	0	0	0	0	0	0	0	0	0	0	0	0	0	0	0	0	1	0	0	0	0	0	0	0	0	0	0	0	0	0	0	0	0	0	0	0	0	0	0	0	0	23	0	0	0	0	0	0	0	2	0	13	0	0	0	0	0	0	0	0	0	0	0	0	0	3	0	0	0	0	0	0	0	0	0	0	0	0	0	0	0	0	0	0	0	0	0	0	0	0	0	0	0	0	0	0	0	0	0	0	0	0	0	0	0	0	0	0	0	0	0	0	0	0	0	0	0	0	0	0	0	0	0	0	0	0	0	0	0	0	0	0	0	0	0	0	0	0	0	0	0	0	0	0	0	0	0	0	0	0	0	0	0	0	0	0	0	2	0	0	0	0	0	0	0	0	0	0	0	0	0	0	0	0	0	0	0	0	0	0	0	0	0	0	0	0	0	0	0	0	0	2	0	0	0	0	0	0	0	0	0	0	0	0	0	0	0	0	0	0	0	0	0	0	0	0	0	0	0	0	0	0	0	0	0	0	0	0	17	0	31	0	0	0	0	0	0	0	0	0	0	0	0	0	0	0	0	0	9	0	0	0	0	0	0	0	0	0	0	0	0	0	0	0	0	0	0	0	0	0	0
D32	0	0	0	0	0	0	0	0	0	0	0	0	0	0	0	0	0	0	0	0	0	0	0	0	0	0	0	0	0	0	0	0	0	0	0	0	0	0	0	0	0	0	0	0	0	0	0	0	0	0	0	0	0	0	0	0	0	0	0	0	0	0	0	0	0	0	0	0	0	0	0	0	0	0	0	0	0	0	0	0	0	0	0	0	0	0	0	0	0	0	0	0	0	0	0	0	0	0	0	0	0	0	0	0	0	0	0	0	0	0	0	0	0	0	0	0	0	0	0	0	0	0	0	0	0	0	0	0	0	0	0	0	0	0	0	0	0	0	0	0	0	0	0	0	0	0	0	0	0	0	0	0	0	0	0	0	0	0	0	0	0	0	0	0	0	0	0	0	0	0	0	0	0	0	0	0	0	0	0	0	0	0	0	0	0	0	0	0	0	0	0	0	0	0	0	0	0	0	0	0	0	0	0	0	0	0	0	0	0	0	0	0	0	0	0	0	0	0	0	0	0	0	0	0	0	0	0	0	0	0	0	0	0	0	0	0	0	0	0	0	0	0	0	0	0	0	0	0	0	0	0	0	0	0	0	0	0	0	0	0	0	0	0	0	0	0	0	0	0	0	0	0	0	0	0	0	0	0	0	0	0	0	0	0	0	0	0	0	0	0	0	0	0	0	0	0	0	0	0	0	0	0	0	0	0	0	0	0	0	0	0	0	0	0	0	0	0	0	0	0	0	0	0	0	0	0	0	0	0	0	0	0	0	0	0	0	0	0	0	0	0	0	0	0	0	0	0	0	0	0	0	0	0	0	0	0	0	0	0	0	0	0	0	0	0	0	0	0	0	0	0	0	0	0	0	0	0	0	0	0	0	0	0	0	0	0	0	0	0	0	0	0	0	0	0	0	0	0	0	0	0	0	0	0	0	0	0	0	0	0	0	0	0	0	0	0	0	0	0	0	0	0	0	0	0	0	0	0	0	0	0	0	0	1	0	0	0	0	0	0	0	0	0	0	0	0	0	0	0	0	0	0	0	0	0	0	0	0	0	0	0	0	0	0	0	0	0	0	0	0	0	0	0	0	0	0	0	0	0	0	0	0	0	0	0	0	0	0	0	0	0	0	0	0	0	0	0	0	0	0	0	0	0	0	0	0	0	0	0	0	0	0	0	0	0	0	0	0	0	0	0	0	0	0	0	0	0	0	0	0	0	0	0	0	0	0	0	0	0	0	0	0	0	0	0	0	0	0	0	0	0	0	0	0	0	0	0	0	0	0	0	0	0	0	0	0	0	0	0	0	0	0	0	0	0	0	0	0	0	0	0	0	0	0	0	0	0	0	0	0	0	0	0	0	0	0	0	0	0	0	0	0	0	0	0
D33	0	7	20	0	0	0	0	11	0	18	0	0	1	0	0	4	0	0	0	0	3	0	0	0	0	0	0	1	0	0	0	0	0	7	0	0	3	0	15	0	23	0	0	0	0	4	0	3	0	0	3	0	0	5	0	3	62	4	10	0	0	0	0	0	0	0	0	0	73	0	0	0	29	5	1	8	0	0	0	0	0	11	0	0	0	0	91	12	0	0	0	0	0	0	0	0	0	160	0	0	0	0	1	0	0	0	0	0	0	20	13	0	0	0	0	0	7	92	0	0	0	0	17	0	0	0	2	11	0	0	0	0	0	0	4	0	1	0	0	0	0	3	0	0	8	0	0	0	0	0	0	0	11	31	0	7	8	0	5	0	79	15	0	0	0	0	0	0	0	0	3	0	7	2	0	0	0	0	0	0	2	0	3	2	0	0	0	0	2	0	9	7	0	0	0	0	1	0	12	0	0	0	7	3	0	0	0	2	56	0	0	0	8	5	0	0	0	0	4	0	0	0	2	8	0	2	22	0	0	8	2	158	0	0	0	9	2	0	0	0	0	0	0	7	0	0	0	0	0	0	0	0	0	5	0	0	0	16	0	1	0	0	0	0	0	0	0	8	5	0	0	0	0	0	0	6	0	3	0	3	0	1	0	0	0	0	0	58	0	3	45	0	12	0	0	7	5	0	3	2	7	0	0	0	0	1	20	0	0	0	0	1	0	0	46	7	0	30	29	44	0	0	0	1	2	0	3	7	0	0	7	0	17	0	7	0	6	0	0	0	0	0	9	36	0	4	0	0	0	10	7	0	0	0	0	9	0	5	0	4	2	0	5	0	5	5	0	0	0	8	2	4	0	0	0	6	0	0	0	0	0	2	0	2	2	22	0	0	7	136	6	0	0	0	0	1	0	0	0	2	0	3	11	15	2	0	0	0	72	1	0	0	0	0	0	0	2	0	0	0	0	0	5	0	2	0	0	0	0	0	0	0	7	0	0	0	0	0	0	0	0	0	0	0	0	0	0	2	0	2	0	0	0	0	0	0	0	0	0	0	0	0	0	0	0	28	4	4	0	0	57	0	0	5	0	0	0	0	0	0	0	0	0	0	0	1	0	0	0	3	0	0	0	6	0	23	9	0	0	0	7	0	0	0	0	10	2	0	6	6	0	2	0	0	0	6	0	0	0	0	3	1	0	5	0	0	0	0	3	0	33	47	5	1	14	0	1	0	0	0	0	105	51	0	0	4	0	0	6	8	0	0	47	0	3	5	0	0	0	0	0	0	13	8	0	0	21	0	0	0	44	0	0	10	0	0	0	0	1	0	17	0	30	1	0	24	0	1	0	0	0	0	5	0	0	0	0	0	19	0	0	6	0	3	23
D34	0	0	0	0	0	0	0	0	0	0	0	0	0	0	0	0	0	0	0	0	0	0	0	0	0	0	0	0	0	0	0	0	0	0	0	0	0	0	0	0	0	0	0	0	0	0	0	0	0	0	0	0	0	0	0	0	0	0	0	0	0	0	0	0	0	0	0	0	0	0	0	0	0	0	0	0	0	0	0	0	0	0	0	0	0	0	0	0	0	0	0	0	0	0	0	0	0	0	0	0	0	0	0	0	0	0	0	0	0	0	0	0	0	0	338	0	0	0	0	0	0	0	0	0	164	0	0	0	0	0	0	0	0	0	0	0	0	113	0	0	0	0	0	0	0	0	0	0	0	0	0	0	0	0	0	0	0	0	0	0	0	0	0	0	0	0	97	0	0	0	0	0	0	0	0	0	0	0	0	0	0	0	0	0	0	0	0	0	0	0	0	0	0	0	0	0	0	0	0	0	0	0	0	0	0	0	0	0	0	0	0	0	0	0	0	0	0	0	0	0	0	0	0	0	0	0	0	0	0	0	0	0	0	0	0	0	0	0	0	0	0	0	0	0	0	0	0	0	0	0	0	0	0	0	0	0	0	0	0	0	0	0	346	0	0	0	0	0	0	0	0	0	0	0	0	0	0	0	0	0	0	0	0	0	0	0	0	0	0	0	0	0	0	0	0	0	0	0	0	0	0	0	0	0	0	0	0	0	0	0	0	0	0	0	0	0	0	26	0	0	0	0	0	0	0	0	0	0	0	0	0	0	0	228	0	0	0	0	0	0	0	0	0	0	0	0	0	0	0	0	406	0	0	0	0	0	0	0	0	0	0	0	0	0	0	0	0	0	0	0	0	0	0	0	0	0	0	0	0	0	0	0	0	0	0	0	0	0	0	0	0	0	0	0	0	0	0	0	0	0	0	0	0	485	0	0	0	0	0	0	0	0	0	0	0	0	0	0	0	0	0	0	0	0	0	0	0	0	0	0	0	0	0	0	0	0	0	0	0	0	0	0	0	0	0	0	0	0	0	0	0	688	0	0	0	0	0	0	0	0	0	0	0	0	0	0	0	0	0	0	0	0	0	0	0	0	0	0	0	0	0	0	0	0	0	0	0	0	0	0	0	0	0	0	0	0	0	0	0	0	0	0	0	0	0	0	0	0	0	0	0	0	0	0	0	0	0	0	0	0	0	0	0	0	0	0	0	0	0	0	0	0	0	0	0	0	0	0	0	0	0	0	0	0	0	0	0	0	0	0	0	0	0	0	0	0	0	0	0	0	0	0	0	0	0	0	0	0	0	0	0	0	0	0	0	0	0	0	0	0	0	0	451	0	0	0	0	0	0	1733	0	0	0	0	0	0	0	0	0	0	0	0	0	0	245
D35	0	0	0	0	0	0	0	0	0	2	0	0	6	0	0	0	0	0	0	0	0	0	0	0	0	0	0	0	0	0	7	0	0	0	0	0	0	0	0	127	0	0	0	0	0	0	0	0	0	0	0	0	0	0	0	0	0	3	0	0	0	0	0	0	0	0	0	0	5	0	0	0	1	0	0	0	0	0	110	200	0	0	28	0	0	0	0	0	256	0	0	0	0	84	0	19	20	0	8	0	0	0	13	20	0	6	0	5	0	0	0	710	2	0	0	0	0	0	0	0	0	0	0	0	0	0	0	0	21	0	0	0	0	0	0	0	0	435	0	0	0	0	0	0	0	0	166	31	0	0	0	0	0	0	0	0	0	0	0	0	0	0	0	119	3	0	3	0	0	0	0	0	0	0	0	329	0	0	252	0	0	23	0	0	0	2	0	0	0	0	0	0	0	1759	21	0	0	0	0	0	0	0	0	0	0	0	0	0	0	0	0	0	0	0	0	0	0	0	0	0	0	0	0	0	41	0	6	0	0	0	0	0	11	11	2	0	0	85	0	124	0	0	0	0	0	0	0	0	62	0	0	0	0	0	44	0	0	0	6	0	0	0	0	10	0	0	0	0	0	0	3	0	0	0	0	0	0	0	0	0	0	0	0	176	0	0	12	0	12	0	0	0	2	0	0	0	0	6	0	0	0	0	0	0	2	0	0	0	0	0	0	0	0	0	0	0	0	0	0	0	43	0	0	0	0	0	0	0	0	0	0	0	0	0	0	163	0	0	13	0	0	0	0	0	0	2	0	0	19	0	0	0	5	27	0	0	48	0	30	0	7	0	0	0	0	0	2	0	87	0	0	0	55	0	0	0	0	0	0	0	0	0	9	22	17	0	0	0	2	0	2	0	0	0	0	0	937	0	5	0	0	0	0	0	11	0	0	0	0	0	0	0	0	2602	0	0	0	0	0	0	9	0	0	0	0	0	4	1701	2	0	461	0	2	0	0	0	0	0	129	0	0	14	0	1	0	0	61	0	105	0	0	0	5	0	18	0	0	0	0	0	0	0	10	0	0	0	0	0	0	0	0	0	0	53	440	0	2084	85	1608	2	0	0	0	0	0	0	2	0	0	0	0	0	0	0	0	0	0	0	0	10	0	69	0	0	23	0	0	0	0	0	0	0	4	0	0	0	203	0	0	0	0	0	1432	0	0	0	0	0	0	0	0	0	0	0	0	137	0	0	0	0	0	0	0	0	0	0	123	0	0	0	0	0	0	2545	0	0	0	391	0	0	0	0	0	0	0	0	0	0	0	46	0	0	0	0	0	0	0	0	0	0	0	0	0	0	0	0	0	0	0	0	0	0	0	0	3995	49	0	0	0	0	4	0	0	0	0
D36	96	4	27	0	46	0	0	3	0	449	66	0	0	0	6	13	1	7	0	324	3	0	0	0	0	4	0	11	0	0	0	0	9	0	0	31	458	0	0	0	0	19	40	0	0	1	63	0	17	0	371	10	2	0	0	24	436	2	2	0	36	0	0	0	32	25	0	0	37	0	0	0	0	0	37	0	18	16	0	0	27	5	0	8	17	0	92	0	0	0	10	94	85	0	0	0	0	0	0	3	0	2	2	6	0	0	3	0	0	4	4	0	0	13	0	0	39	17	14	0	0	25	0	2	0	0	0	0	0	0	62	17	15	0	0	3	2	17	13	0	0	0	0	16	15	0	0	0	0	0	0	0	0	0	3	0	22	124	0	0	41	0	25	0	0	4	0	111	2	17	7	0	9	11	0	0	1	0	0	0	0	0	0	0	4	1	0	2	23	79	28	0	0	0	0	0	0	0	16	10	0	0	20	0	0	12	238	30	0	129	20	0	2	0	0	15	0	0	0	0	0	0	0	17	0	0	3	6	0	0	74	0	0	0	4	18	5	0	93	1	0	5	0	0	0	0	0	14	26	0	47	0	35	2	0	0	0	3	3	0	0	4	0	0	0	0	0	0	0	6	0	20	14	0	0	6	0	477	0	0	16	58	32	0	0	121	0	25	0	0	85	0	0	0	25	0	0	0	0	62	0	0	19	0	0	39	20	0	0	0	3	0	0	0	135	23	0	87	0	16	0	0	0	54	0	26	4	7	0	0	377	202	31	14	101	0	0	0	0	0	0	0	0	0	11	0	0	0	0	27	125	0	0	2	0	0	23	9	0	0	21	320	61	40	8	0	0	0	0	0	6	7	0	0	158	9	0	5	0	0	0	8	0	0	0	36	0	16	0	108	5	2	161	0	0	0	0	9	0	6	0	245	114	0	0	0	0	0	0	0	23	3	0	0	0	0	111	0	3	0	0	0	0	29	3	0	0	0	23	0	0	0	0	0	0	0	5	0	0	22	393	0	3	0	20	4	0	5	0	51	0	0	0	0	0	9	18	9	3	0	0	7	0	0	1	0	0	5	0	0	838	3	0	53	0	6	0	0	0	0	0	253	0	1	0	63	0	11	0	1	0	3	254	3	112	4	8	0	15	0	0	0	0	3	0	1714	0	0	0	6	34	9	2	29	7	161	3	0	0	134	96	0	0	0	53	14	0	0	0	26	143	11	9	13	43	0	6	1	0	6	0	6	31	4	0	6	0	3	0	2	0	0	54	0	34	4	10	0	0	0	3	5	0	18	0	0	72	0	57	2	351	0	0	0	0	0	17	15	18	0	0	3	87	17	0	0	0	5	3	0	119	63	7	0	0	0	0	10	956	0	0	1	10	23	34
D37	0	0	0	0	0	190	0	0	0	0	0	4	0	0	0	0	0	0	0	0	0	0	0	0	0	0	0	0	17	0	0	0	0	0	3	0	0	2	0	0	0	0	0	0	12	0	0	0	0	55	0	0	0	0	1	0	2	0	12	0	0	0	0	0	0	0	0	0	0	2	0	0	2	0	0	2	0	0	0	0	0	0	0	0	0	0	0	0	0	0	0	0	0	0	0	0	0	0	0	0	204	0	0	0	2	0	0	0	0	0	0	0	0	0	0	0	0	0	0	13076	152	0	0	0	31	28	0	0	0	0	0	0	0	4	0	0	0	0	0	0	161	0	0	0	0	1136	0	0	0	0	0	4	0	0	0	0	0	0	0	0	0	0	0	0	107	0	0	0	0	0	0	0	0	0	4924	0	0	0	0	0	0	0	0	0	0	0	0	0	0	3	0	0	0	0	0	61	0	0	0	0	0	0	0	0	0	0	0	0	0	0	0	0	0	0	0	0	0	0	0	78	2	0	0	0	0	0	0	0	0	0	0	0	0	0	0	0	0	0	0	0	22	0	0	2	0	0	0	0	0	35	0	0	0	0	0	0	0	0	0	0	3	0	310	0	0	0	60	0	0	0	0	0	0	3	0	0	0	0	0	0	0	0	0	0	2	0	0	0	0	0	0	2	0	0	0	0	7	0	0	0	0	0	0	0	0	0	0	0	0	0	0	0	6	0	0	0	15	0	0	0	0	25	0	0	0	0	0	0	0	0	0	0	0	0	0	0	0	0	0	3	0	92	2	0	0	0	0	0	0	0	0	0	0	0	5	0	0	0	0	2	0	0	0	0	3	0	0	0	0	0	0	0	0	0	0	0	0	0	2	0	0	0	0	0	0	0	0	0	0	0	0	0	0	0	0	0	0	0	0	0	0	0	0	0	0	1145	0	3	0	0	0	0	2	0	0	0	0	0	0	0	0	0	0	0	0	0	0	0	0	0	0	0	0	0	7	5	0	0	0	0	0	0	0	0	0	0	0	0	0	0	0	71	0	0	0	0	0	0	0	0	0	0	0	0	0	2	0	0	0	0	0	0	0	0	0	0	0	0	0	0	0	0	2	0	0	0	0	0	0	0	0	0	0	0	0	0	0	0	0	0	0	0	24	5	0	0	0	0	0	0	0	0	0	0	0	0	0	0	0	0	0	0	0	0	0	0	0	18	220	0	0	0	0	0	0	0	0	0	74	0	0	0	0	0	14778	0	0	0	0	0	0	0	0	0	0	0	0	0	0	0	0	0	0	0	38	0	0	0	0	0	0	0	0	0	6	0	0	0	0	0	0	0	0	0	0	0	0	0	0	0	0	0	0	345	0	0	0	0	0	0	0	0	0	0	0
D38	0	0	0	0	0	0	0	0	0	111	0	0	63	0	0	0	10	17	0	4	0	0	0	0	0	0	6	0	0	0	1358	0	0	0	0	0	617	0	0	47	0	0	0	3	0	0	0	0	4	0	178	0	0	0	0	0	0	6	0	0	0	0	0	0	0	0	0	0	115	0	276	0	0	0	0	0	0	0	86	2583	0	0	473	0	0	0	0	3	976	0	0	0	0	130	2	103	392	0	53	0	0	4	1	88	0	98	14	222	0	0	0	139	0	0	0	0	0	0	0	0	0	0	0	0	0	0	0	0	140	0	0	0	0	0	0	8	0	953	0	0	0	0	0	0	0	0	9	69	0	0	0	0	1	0	0	3	3	0	0	0	0	12	0	6	0	32	0	0	0	0	0	0	0	0	0	45	0	0	255	0	3	2	0	0	0	1	34	0	0	0	0	0	9	657	13	0	0	0	0	0	0	0	0	0	81	0	0	0	0	0	0	0	0	9	0	0	0	0	0	2	0	0	0	0	8	0	65	0	0	0	0	0	23	12	7	0	0	1152	21	0	6	0	0	0	0	0	0	0	155	0	0	0	0	0	6	0	0	0	34	0	0	0	0	0	0	0	0	0	0	0	95	0	0	0	0	0	0	0	0	0	0	6	0	222	0	0	2007	0	28	0	1	0	2	0	0	0	0	38	0	0	0	0	0	0	1	0	16	0	0	0	0	0	0	0	0	3	0	0	0	0	131	0	0	0	0	0	0	0	0	0	3	0	0	0	0	443	0	0	16	4	0	0	0	0	0	3	0	0	260	0	0	0	133	1988	0	0	242	0	158	0	6	0	0	0	0	0	269	0	160	0	0	0	235	0	0	0	0	0	0	0	0	0	39	182	0	0	0	0	8	0	7	0	0	0	0	0	530	0	195	84	1	0	0	0	229	0	0	0	0	0	0	0	0	90	0	0	0	0	0	0	14	0	0	0	0	0	240	148	59	11	60	0	36	0	0	0	0	0	208	0	0	7	0	35	42	0	93	0	887	0	0	0	41	0	201	2	0	0	0	0	0	0	36	0	0	0	0	0	0	28	0	0	0	27	108	0	0	67	1675	57	0	0	0	0	0	0	6	0	22	0	0	0	0	0	0	0	2	0	0	0	0	9	0	0	20	0	0	0	0	0	0	0	0	0	0	0	866	0	0	0	0	0	1890	0	0	0	0	0	0	0	0	0	0	0	0	247	2	0	0	0	0	0	0	0	0	0	706	0	0	0	0	0	0	463	0	2	0	90	0	0	0	0	0	0	0	0	0	0	0	12	0	0	0	0	0	0	0	0	0	0	0	0	0	0	4	0	0	0	0	0	0	0	0	0	1284	675	3	0	0	0	14	22	0	0	0
D39	0	0	0	0	0	0	0	0	0	0	0	0	0	0	0	0	0	0	0	0	0	0	0	0	3	0	0	0	0	0	0	0	0	0	0	0	0	0	0	0	0	0	0	0	0	0	0	0	0	0	0	0	0	0	0	0	0	0	0	0	0	0	0	0	0	0	0	0	0	0	0	0	0	0	0	0	0	0	0	0	0	0	0	0	0	0	0	0	0	0	0	0	0	0	0	0	0	0	0	0	0	0	0	0	0	0	0	0	0	0	0	0	0	0	0	0	0	0	0	0	0	0	0	0	0	0	0	0	0	0	0	0	6	0	0	0	0	0	0	0	0	0	0	0	0	0	0	0	0	0	0	0	0	0	0	0	0	0	0	0	0	0	0	0	0	0	3	0	0	0	0	0	0	0	0	0	0	0	0	0	0	0	0	0	0	0	0	0	0	0	0	0	0	0	0	0	0	0	0	0	0	0	0	0	0	0	0	0	0	0	0	0	0	0	0	0	0	0	0	0	0	0	0	0	0	0	0	3	0	0	0	0	0	0	0	0	0	0	0	0	205	0	0	0	0	0	3	0	0	0	0	0	0	0	0	0	0	0	0	0	0	0	0	0	0	0	0	0	0	0	0	0	0	0	0	0	0	0	0	0	0	0	0	0	0	0	0	0	0	0	0	0	0	0	0	0	0	0	0	0	0	0	0	0	0	0	0	0	0	0	0	0	0	0	3	0	0	0	0	0	0	0	0	0	0	0	0	0	0	0	0	0	0	0	0	0	0	0	0	0	0	0	0	0	0	0	0	0	0	0	0	0	0	0	0	0	0	0	0	0	0	0	0	0	0	0	0	0	0	0	0	0	0	0	0	0	0	0	0	0	0	0	0	0	0	0	0	0	0	0	0	0	0	0	0	0	0	0	0	0	0	0	0	0	0	0	0	0	0	0	0	0	0	0	0	0	0	0	0	0	0	0	0	0	0	0	0	0	0	0	0	0	0	0	0	0	0	0	0	0	0	0	0	0	0	4	0	0	0	0	0	0	0	0	0	0	0	0	0	0	0	0	0	0	0	0	0	0	0	0	0	0	0	0	0	0	0	0	0	0	0	0	0	0	0	0	0	0	0	0	0	0	0	0	0	0	0	0	0	0	0	0	0	0	0	5	0	0	0	0	0	0	0	0	0	0	0	0	0	0	0	0	0	0	0	0	0	0	0	0	0	0	0	0	0	0	0	0	0	0	0	0	0	0	0	0	0	0	0	0	0	0	0	0	0	0	0	0	0	0	0	0	0	0	0	0	0	0	0	0	0	0	0	0	0	0	0	0	0	0	0	0	4	0	0	0	13	0	0	0	0	0	0	0	0	0	0	0	0	0	0	0	0	0	0
D40	0	0	1	6	0	0	0	0	0	3	0	0	0	0	138	0	0	4	0	0	0	2	0	0	0	0	0	1	0	0	0	0	0	0	0	0	1	0	0	9	0	0	0	0	0	0	6	0	3	0	2	0	2	0	0	31	0	57	35	1	0	0	0	0	0	0	0	0	4	0	0	0	34	0	0	0	0	35	0	0	0	0	9	0	0	0	24	0	0	52	0	0	0	4	0	0	2	0	3	0	0	13	4	0	0	0	8	0	3	3	0	0	51	0	0	0	4	0	0	0	0	0	0	0	0	0	46	0	0	5	2	0	0	0	0	0	3	380	0	0	0	0	2181	3	0	0	0	0	7	0	0	0	7	0	2	7	4	0	5	0	0	0	0	0	0	3	0	0	0	0	11	0	0	0	0	0	0	28	0	2	42	0	16	1	0	0	0	10	4	0	4	0	0	0	0	0	0	0	5	12	1	0	3	0	0	0	5	0	0	0	0	0	0	0	0	0	0	0	0	0	0	0	2	71	0	0	2	0	0	0	19	0	0	0	45	0	0	0	18	7	0	0	0	2	0	0	0	26	6	0	0	0	0	6	0	0	0	0	223	0	0	0	0	0	0	0	0	0	0	24	0	0	0	0	0	0	0	0	0	0	0	0	0	0	0	0	0	0	0	0	38	0	385	2	0	0	0	2	20	0	0	0	13	0	0	3	6	0	13	0	0	0	0	0	0	2	0	0	1	0	0	0	0	0	0	0	0	0	0	0	0	0	0	2	0	0	226	0	0	0	0	0	0	9	0	207	0	0	0	1	1	0	0	0	0	0	6	0	98	0	12	4	0	0	0	0	0	0	20	0	0	0	7	2	0	0	3	0	0	0	5	0	0	0	0	0	0	0	3	39	5	14	4	0	49	3	0	0	0	28	13	0	0	0	0	0	3	0	0	44	0	0	0	0	0	0	0	7	3	0	42	0	0	39	0	0	5	0	0	89	0	3	51	0	0	0	0	5	2	0	0	0	0	0	55	4	0	2	0	131	0	0	179	0	70	3	0	0	0	0	0	0	0	0	2	3	0	8	2	17	0	0	0	241	0	0	0	0	0	0	0	0	0	0	0	0	11	2	0	0	0	60	0	0	0	2	0	0	2	0	0	0	0	4	6	0	0	0	0	11	0	0	0	0	2	3	0	0	0	0	0	0	3	0	0	0	0	0	0	0	11	5	0	0	0	0	0	0	0	0	0	0	0	0	0	7	0	0	0	0	0	0	6	0	0	4	0	313	0	1	0	15	0	5	0	0	14	2	6	0	18	0	0	0	0	6	0	2	0	0	0	4	0	0	3	1	0	0	0	2	0	35	0	0	0	11	90	4	14	0	0	26	0	0	0
D41	6	0	0	254	0	0	0	0	0	0	0	0	0	0	4	0	1	0	0	559	17	0	0	0	0	0	0	6	0	0	0	0	0	0	0	0	96	0	0	0	0	0	0	0	0	2	0	0	1	0	180	0	0	0	0	68	3	8	5	0	0	0	0	0	0	11	0	0	10	0	0	0	3	0	13	0	0	0	0	0	20	0	5	0	0	0	39	0	0	122	0	0	0	0	0	0	5	0	0	0	0	0	0	0	0	0	0	0	0	5	51	0	3	35	0	0	3	14	0	2	0	0	0	0	0	0	5	3	0	0	221	2	51	0	0	0	0	179	0	0	0	2	0	5	44	0	0	0	5	0	0	0	0	0	8	19	0	0	3	0	9	0	0	0	0	31	4	4	7	0	164	1	0	5	0	0	0	0	0	6	0	0	0	0	6	0	0	3	10	31	26	2	0	0	0	0	0	0	0	0	0	0	13	3	0	0	57	54	0	3	0	0	0	0	0	9	15	0	0	0	0	0	17	29	0	0	0	5	1	0	19	0	0	0	99	11	0	0	11	3	0	0	0	0	0	2	0	14	25	0	0	0	16	68	0	0	0	38	288	0	0	0	0	0	0	3	0	0	139	43	0	7	2	0	3	0	0	88	0	0	0	0	20	0	0	0	0	55	0	0	7	0	0	0	11	0	3	0	107	20	0	0	0	0	5	0	77	23	0	0	0	4	0	3	58	37	0	104	0	6	0	0	0	0	0	0	20	3	0	0	253	9	0	0	0	15	0	0	0	0	0	0	0	0	0	12	0	0	0	59	65	0	0	0	0	0	57	0	11	0	86	0	0	0	0	4	0	0	77	0	0	2	11	0	24	191	8	0	0	0	5	0	2	0	0	4	0	3	0	361	0	0	0	0	0	0	0	0	0	6	6	86	0	0	20	0	0	0	0	299	0	0	0	0	0	0	7	1	12	0	0	0	0	4	0	0	71	3	0	12	0	0	5	0	0	0	0	8	0	0	107	0	2	0	55	13	0	0	0	780	0	0	5	0	0	0	6	0	0	0	0	1	0	0	0	0	0	5	0	0	6	0	0	61	0	0	3	0	0	0	0	0	0	0	0	0	12	9	0	15	0	38	0	2	13	0	4	0	0	0	0	0	0	56	0	220	0	0	0	99	0	0	0	16	1	26	0	0	0	3	89	0	0	0	1	21	0	0	0	0	513	0	0	0	0	0	8	0	0	3	0	0	0	0	0	13	0	0	0	19	0	0	0	3	5	0	3	373	0	33	0	0	0	283	0	0	118	0	23	0	23	0	2	0	0	0	6	20	9	0	0	0	7	11	0	0	0	3	8	0	0	80	7	2	0	30	28	0	36	0	0	22	4	0	1
D42	0	0	0	0	0	0	0	0	0	0	0	0	0	0	0	0	0	0	0	0	0	0	0	0	0	0	0	0	0	0	0	0	0	0	0	0	0	0	23	0	0	0	0	0	0	0	0	0	0	0	0	0	0	0	0	0	0	0	0	0	0	0	0	0	0	0	0	0	0	0	0	0	0	0	0	0	0	0	0	0	0	0	0	0	0	0	0	0	0	0	0	0	0	0	0	0	0	0	0	0	0	0	0	0	0	0	0	0	0	0	0	0	0	0	0	2	0	0	0	0	0	0	0	0	0	0	0	0	0	0	0	0	0	0	0	0	0	0	0	0	0	0	0	0	0	0	0	0	0	0	0	0	0	0	0	0	0	0	0	0	0	0	0	0	0	0	0	0	0	0	0	0	0	0	0	0	0	0	0	0	0	0	0	0	0	0	0	0	0	0	0	0	0	0	0	0	0	0	0	0	0	0	0	0	0	0	0	0	0	0	0	0	0	0	0	0	0	0	0	0	0	0	0	0	0	0	0	29	0	0	0	0	0	0	0	0	0	0	0	0	0	0	0	0	0	0	0	0	0	0	0	0	0	0	0	0	0	0	0	0	0	0	7	0	0	0	0	0	0	0	0	0	0	28	0	0	0	0	0	0	0	0	0	0	0	0	0	0	0	0	0	0	0	0	0	0	0	0	0	0	0	0	0	0	0	0	0	0	0	0	0	0	0	0	0	0	0	0	0	0	0	0	46	0	0	0	0	0	0	0	0	0	0	0	0	0	0	0	0	0	0	0	0	0	0	0	0	0	0	0	0	0	0	0	0	0	0	0	0	0	0	0	0	0	0	0	0	0	0	0	0	0	0	0	0	0	0	0	0	0	0	0	0	0	0	0	0	0	0	0	0	0	0	0	0	0	0	0	0	0	0	0	0	0	0	0	0	0	0	0	0	0	0	0	0	0	0	0	0	0	0	0	0	0	0	0	0	0	0	0	0	0	0	213	0	0	0	0	0	0	0	0	7	0	0	0	0	0	0	0	0	0	0	0	0	0	0	0	0	0	0	0	0	0	0	0	0	0	0	0	0	0	0	0	0	0	0	0	0	0	0	0	0	0	0	0	0	0	0	0	0	0	0	0	0	0	0	0	0	0	0	0	0	0	0	0	0	0	0	0	0	0	0	0	0	0	0	0	0	0	0	0	0	0	0	0	213	0	0	0	0	0	0	0	0	0	0	0	0	0	0	0	0	0	0	0	0	0	0	0	0	0	0	0	0	0	0	0	0	2	0	0	0	0	0	22	0	0	0	0	0	0	0	0	0	0	0	0	0	0	0	0	0	0	0	0	0	0	0	0	0	0	0	0	0	0	0	0	0	0	0	0	0	0	0
D43	73	2	6	1	37	0	3	0	0	169	64	0	9	0	0	3	0	3	0	646	0	0	0	0	0	0	0	18	0	0	0	0	0	0	0	27	384	0	0	0	0	26	52	0	0	0	143	0	29	0	420	2	0	0	0	355	271	9	0	0	55	0	0	0	0	21	0	0	24	0	0	0	0	0	38	0	27	12	2	0	78	0	0	0	7	0	133	0	0	0	8	59	49	0	0	0	0	0	3	0	0	0	3	5	0	0	0	0	0	0	3	0	0	12	0	0	11	12	7	0	0	15	0	3	0	0	69	0	0	0	38	0	17	0	0	0	1	25	1	0	0	0	54	15	14	0	0	2	0	0	0	0	0	0	3	20	23	2583	0	0	5	0	19	0	0	0	0	78	3	19	0	0	512	8	0	0	0	3	0	0	4	0	2	0	8	0	0	0	13	327	11	0	0	0	0	0	0	0	25	0	0	0	28	4	7	32	381	66	0	105	22	0	0	0	0	41	0	1	0	0	0	0	2	0	0	3	2	4	0	0	52	0	0	0	5	13	0	0	83	0	5	1	0	0	0	0	0	25	137	0	28	0	94	0	0	0	0	0	0	0	0	8	0	0	0	3	0	0	0	3	0	9	25	0	0	3	0	311	0	0	9	75	40	31	0	70	0	3	0	0	80	0	0	0	23	0	0	0	0	38	0	0	7	0	0	52	49	0	0	0	0	1	0	0	146	26	0	86	0	4	0	0	2	19	0	64	0	21	0	0	270	324	91	0	108	3	2	0	0	0	0	0	0	0	24	0	0	0	0	26	112	0	0	4	0	0	16	6	0	0	122	420	27	19	78	0	0	0	4	0	0	2	0	2	236	5	0	0	0	0	0	2	2	0	0	34	0	0	2	202	33	0	226	0	0	0	21	0	0	1	2	219	0	0	0	0	0	0	0	0	9	0	0	0	0	0	72	0	5	0	0	0	0	0	0	0	7	2	0	0	0	0	0	0	0	0	3	0	0	106	398	2	0	0	32	19	2	0	0	20	0	0	0	0	0	21	51	0	2	0	0	0	9	0	0	0	0	5	0	0	699	0	0	62	0	0	0	2	0	0	0	191	0	4	0	62	0	13	0	0	0	6	238	0	86	4	0	0	18	0	0	0	0	0	1	1200	0	0	0	14	22	13	0	56	7	193	8	0	0	126	98	0	0	0	0	10	0	0	0	16	260	61	3	1	17	0	9	0	0	10	0	0	0	0	0	0	0	8	0	2	34	0	39	0	33	10	0	0	0	0	0	3	0	59	0	0	129	0	28	0	383	0	0	0	0	0	18	0	3	0	0	3	66	22	0	0	0	4	4	0	119	250	15	0	0	15	4	4	658	0	0	1	0	26	0
D44	0	0	0	0	0	0	0	0	0	0	0	0	0	0	0	0	0	0	0	0	0	0	0	0	0	0	0	0	0	0	0	0	0	0	0	0	0	0	0	0	0	0	0	0	0	0	0	0	0	0	0	0	0	0	0	0	0	0	0	0	0	0	0	0	0	0	0	0	0	0	0	0	0	0	0	0	0	0	0	0	0	0	0	0	0	71	0	0	0	0	0	0	0	0	0	0	0	0	0	0	0	0	0	0	0	0	0	0	0	0	0	0	0	0	0	0	0	0	0	0	0	0	0	0	0	0	0	0	0	0	0	0	0	0	0	0	0	0	0	0	0	0	0	0	0	3	0	0	0	0	0	0	0	0	0	0	0	0	0	0	0	0	0	0	0	0	0	0	0	0	0	0	0	0	0	0	0	0	0	0	0	0	0	0	0	0	0	0	0	0	0	0	0	0	0	0	0	0	0	0	0	0	0	0	0	0	0	0	0	0	0	0	0	0	0	0	0	0	0	0	0	0	0	0	0	0	0	0	0	0	0	0	0	0	0	0	0	0	0	0	0	0	0	0	0	0	0	0	0	0	0	0	0	0	0	0	0	0	0	0	0	0	0	0	0	0	0	0	0	0	0	0	0	0	0	0	0	0	115	0	0	0	0	0	0	0	0	0	0	0	0	0	0	0	0	0	0	0	0	0	0	0	0	0	0	0	45	0	0	0	0	0	0	0	0	0	0	0	0	0	0	0	0	0	0	0	0	0	0	0	0	0	0	0	0	0	0	0	0	0	0	0	0	0	0	0	0	0	0	0	0	0	0	0	0	0	0	0	0	0	0	0	0	0	0	0	0	0	0	0	0	0	0	0	0	0	0	0	0	0	0	0	0	0	0	0	0	0	0	0	0	0	0	0	0	0	0	0	0	0	0	0	0	0	0	0	0	0	0	0	0	0	0	0	0	8	0	0	0	0	0	0	0	0	0	0	0	0	0	0	0	0	0	0	0	0	0	0	0	0	0	0	0	0	0	0	0	0	0	0	0	0	0	0	0	0	0	0	0	0	0	0	0	0	0	0	0	0	0	0	0	0	0	0	0	0	0	0	0	0	0	0	0	0	0	0	0	0	0	0	2	0	0	0	0	0	0	0	0	0	0	0	0	0	0	0	0	8	0	0	0	0	0	0	0	0	0	0	0	0	0	0	0	0	0	0	0	0	0	0	0	0	0	0	0	0	0	0	0	0	18	0	0	0	2	0	0	0	0	0	0	0	0	0	0	0	0	0	0	0	0	0	0	0	0	547	0	0	0	0	0	0	3	0	0	0	0	0	0	0	0	0	0	0	0	0	0	0	0	0	0	0	0	0	0	0	0	0	0	0	0	0	0	0	0
D45	0	0	0	2	2	0	0	0	0	2	0	0	9	0	6	0	0	26	0	0	0	0	5	0	0	0	0	0	0	0	199	0	0	0	0	0	0	0	4	892	0	0	2	5	0	0	2	0	4	0	59	0	4	9	1	0	0	18	0	2	0	0	0	0	0	0	853	0	9	0	87	0	1	0	0	0	0	4	2677	111	2	0	12	0	0	0	20	0	673	2	0	3	0	377	33	50	103	0	8	4	0	0	5	0	0	31	3	5	0	12	0	426	0	0	0	0	4	0	0	0	0	0	0	0	0	0	39	0	36	0	3	0	11	0	0	0	0	1460	0	0	0	0	0	0	2	0	17	182	4	3	0	0	30	0	0	0	3	0	0	0	8	0	0	91	33	7	22	0	2	0	0	0	0	0	0	165	0	28	518	8	10	318	3	0	3	4	378	3	0	0	0	0	62	583	924	0	0	0	0	0	2	15	2	0	104	0	0	0	0	0	0	0	0	0	0	0	0	0	0	0	0	0	0	0	1627	5	3	0	2	0	1	2	19	22	7	0	1	194	0	20	0	3	0	0	0	0	0	2990	5	0	0	0	2	0	5	0	2	0	4	0	0	2	0	502	0	0	2	0	0	5	20	2	0	0	0	0	0	0	0	0	2	0	0	169	9	0	11	0	219	11	9	0	5	0	0	0	8	6	4	0	0	0	84	16	65	0	6	0	0	0	6	22	0	0	5	0	0	0	0	1	45	0	0	0	0	0	0	0	0	0	2	2	26	0	0	704	0	0	25	12	0	0	0	0	0	5	4	0	26	0	0	0	23	20	0	0	5	0	10	0	19	2	0	0	0	0	3	0	110	0	0	0	34	6	4	0	8	3	0	1	28	2	5	137	35	0	0	12	18	0	3	4	10	0	7	0	679	13	34	15	0	5	3	0	11	0	0	0	0	0	0	0	0	1046	0	0	0	0	2	0	3	0	0	2	0	3	4	876	21	26	134	0	2	0	0	2	0	0	428	3	2	725	4	6	60	3	25	7	263	0	35	0	6	0	54	11	0	0	0	0	0	0	126	0	2	18	0	0	0	39	0	0	0	351	529	0	477	52	1913	5	0	0	0	0	6	0	0	2	9	0	0	1	0	0	2	0	2	0	9	77	0	136	0	0	151	11	0	0	0	2	0	0	799	0	0	2	44	0	0	2	0	0	22	0	0	0	0	0	0	0	0	5	0	4	0	291	2	0	0	0	0	0	0	0	0	0	338	0	0	0	0	0	11	639	2	0	0	2167	0	0	0	0	0	9	0	0	0	1	0	86	0	0	0	9	0	2	0	5	0	8	0	3	0	13	3	2	0	0	0	8	0	8	0	0	4275	33	85	7	1	0	4	0	0	0	0
D46	0	0	4	0	0	0	46	2	0	0	0	0	0	0	0	10	0	0	74	0	0	13	0	0	0	1028	0	7	0	0	0	5	0	0	0	0	42	0	4	0	0	0	0	0	0	0	0	67	0	0	0	0	0	364	0	0	0	0	0	0	0	0	0	0	249	0	0	0	106	0	0	51	2	0	0	0	0	0	0	0	0	0	0	0	17	0	0	0	0	0	2	28	0	0	0	0	0	0	0	2	0	0	10	20	0	0	0	13	0	0	0	0	0	14	0	0	0	33	2	0	0	0	0	0	0	0	0	0	0	0	0	0	0	0	0	0	9	0	30	0	0	0	0	0	0	0	0	0	0	0	0	0	0	0	0	0	0	0	0	0	0	0	0	0	0	0	0	23	0	0	0	0	0	0	0	0	0	0	0	0	0	0	0	0	0	0	0	0	0	0	0	0	0	0	0	0	0	0	0	0	0	6	0	0	0	0	0	0	0	0	0	6	0	2	0	0	0	0	0	0	0	0	0	0	0	0	0	0	0	0	0	0	0	0	0	0	6	0	0	0	0	0	0	0	0	0	0	0	0	0	0	38	0	0	0	0	32	0	0	0	0	0	0	0	0	0	0	58	0	0	0	0	12	0	0	0	0	0	0	0	0	0	0	0	0	7	0	0	0	102	629	0	0	0	0	0	0	2	0	0	0	82	0	0	0	0	0	0	0	0	0	95	0	2178	0	0	0	0	0	0	0	0	0	1	0	0	0	0	0	0	0	0	0	0	0	0	0	0	0	0	1	0	0	67	0	0	0	0	0	0	81	0	0	0	0	0	0	0	0	0	0	0	0	0	0	0	0	0	0	0	0	0	0	8	22	0	0	0	0	0	0	0	0	0	0	0	4	0	0	0	0	0	0	0	0	0	0	0	0	0	0	0	0	0	0	0	0	0	0	0	0	29	0	0	0	0	0	0	0	0	0	0	0	0	0	3	0	0	0	0	0	451	2	0	0	0	0	0	0	0	0	0	0	0	0	0	0	12	0	0	0	0	0	0	0	0	0	11	0	0	0	15	0	0	0	0	0	0	0	0	810	0	10	0	0	0	0	0	0	0	0	0	0	0	0	0	0	2	0	0	0	0	0	0	0	0	8	3	11	0	70	0	0	0	0	38	70	0	0	0	0	0	0	0	0	0	0	0	0	9	0	15	0	0	0	0	0	0	0	0	0	24	0	337	0	0	6	0	0	0	0	0	0	0	0	0	0	55	0	0	0	0	326	0	0	0	2	0	3	0	0	35	0	0	0	0	0	0	0	0	58	0	0	0	0	8	0	0	19	42	0	0	0	338	0	0	0	0	0	0	0	0	6	0	0	0	0	10	18	0	0	0	0	0	0
D47	0	0	4	50	0	0	0	2	0	1	10	0	4	0	0	0	0	0	0	1	0	0	0	0	0	3	0	5	0	0	0	0	8	4	0	0	13	5	0	0	8	0	0	0	0	0	0	3	0	0	11	0	4	0	0	12	32	0	0	18	0	0	0	0	0	0	0	0	0	0	0	0	0	0	0	1	0	2	0	0	0	0	0	0	0	0	11	3	0	4	0	2	24	0	10	0	0	0	0	0	0	0	0	0	4	0	3	0	4	7	2	0	0	5	0	0	5	20	0	0	0	0	0	11	0	0	5	25	0	0	10	5	0	0	3	3	0	0	0	0	0	0	0	2	3	0	0	0	18	0	0	0	0	4	6	0	3	0	2	7	4	5	0	0	0	0	0	7	2	0	4	4	4	3	0	0	2	0	0	3	0	0	6	0	3	0	0	4	2	2	6	41	0	0	0	0	0	0	0	3	0	0	0	2	0	0	8	20	6	5	2	0	0	0	0	0	6	0	0	0	0	0	0	4	0	3	0	0	0	51	5	15	0	0	0	0	0	0	0	2	0	3	0	0	0	0	0	0	2	0	0	0	0	20	0	0	0	4	14	7	0	0	0	0	0	3	4	1	1	0	0	0	0	0	0	3	0	15	0	1	2	0	0	0	0	0	0	3	0	0	5	0	0	2	0	6	0	0	1	0	0	7	0	0	0	3	5	12	0	0	0	4	0	16	13	0	0	11	15	1	0	0	0	0	0	0	0	10	0	0	70	0	22	3	1	0	0	4	0	0	0	0	0	33	5	2	0	0	0	4	7	0	0	0	0	0	0	0	6	0	0	14	3	0	0	3	0	0	13	0	0	11	0	0	12	5	0	3	0	0	0	3	0	0	0	24	0	5	0	32	0	6	13	0	0	3	0	0	0	0	2	3	16	17	6	0	2	0	19	0	2	0	0	0	0	0	2	0	6	0	0	2	26	5	0	0	0	0	0	0	0	39	4	0	0	0	0	0	0	3	0	0	0	0	2	0	0	0	0	5	0	0	0	0	0	10	2	0	3	0	0	0	0	0	2	4	0	0	0	0	64	0	2	10	0	17	0	0	0	0	0	4	0	2	0	2	0	0	0	1	0	0	6	0	0	0	0	0	2	0	0	0	0	0	0	39	0	0	0	0	6	2	0	0	0	3	0	0	0	0	4	0	0	0	2	0	0	0	0	0	19	6	0	0	0	0	0	0	0	0	0	2	9	12	0	0	0	0	0	5	3	1	6	0	0	3	4	2	0	6	0	0	3	17	0	0	3	0	0	0	12	0	0	0	0	0	0	0	0	0	0	0	9	0	0	1	0	0	20	0	0	0	3	0	0	0	2	0	27	0	0	13	1	11	15
D48	0	0	0	0	0	0	0	0	0	0	0	0	0	0	0	0	0	0	0	0	0	0	0	0	0	0	0	0	0	0	0	0	0	0	0	0	0	0	0	0	12	0	0	0	0	0	0	0	0	0	0	0	0	0	0	0	0	0	0	0	0	0	0	0	0	0	0	0	0	0	0	0	0	0	0	0	0	0	0	0	0	0	0	0	0	13	0	0	0	0	0	0	0	0	0	0	0	0	0	0	0	0	0	0	0	0	0	0	0	0	0	0	0	0	0	0	0	0	0	0	0	0	0	0	0	0	0	0	0	0	0	0	0	0	0	0	0	0	0	0	0	0	0	0	0	0	0	0	0	0	0	0	0	0	0	0	0	0	0	0	0	0	0	0	0	0	0	0	0	0	0	0	0	0	0	0	0	0	0	0	0	0	0	0	0	0	0	0	0	0	0	0	0	0	0	0	0	0	0	0	0	0	0	0	0	0	0	0	0	0	0	0	0	0	0	0	0	0	0	0	0	0	0	0	0	0	0	0	0	0	0	0	0	0	0	0	0	0	0	0	0	0	0	0	0	0	0	0	0	0	0	0	0	0	0	0	0	0	0	0	7	0	0	0	0	0	0	0	0	0	0	0	0	0	0	0	0	0	0	0	0	0	0	0	0	0	0	0	0	0	0	0	0	0	0	0	0	0	0	0	0	0	0	0	0	0	0	0	0	0	0	0	0	0	0	0	0	0	0	0	0	0	0	0	0	0	0	0	0	0	0	0	0	0	0	0	0	0	0	0	0	0	0	0	0	0	0	0	0	0	0	0	0	0	0	0	0	0	0	0	0	0	0	0	0	0	0	0	0	0	0	0	0	0	0	0	0	0	9	0	0	0	0	0	0	0	0	0	0	0	0	0	0	0	0	0	0	0	0	0	0	0	0	0	0	0	0	0	0	0	0	0	0	0	0	0	0	0	0	0	0	0	0	0	0	0	0	0	0	0	0	0	0	0	0	0	0	0	0	0	0	0	0	0	0	0	0	0	0	0	0	34	0	0	0	0	0	0	0	0	0	0	0	41	0	0	0	0	0	0	0	0	0	0	0	0	0	0	0	0	0	0	0	0	0	0	0	0	0	0	0	0	0	0	0	0	0	0	0	0	0	0	0	0	0	0	0	5	0	0	0	0	0	0	0	0	0	0	0	0	0	0	0	0	0	0	151	0	0	0	0	0	0	0	0	0	0	0	0	0	10	0	0	0	0	0	0	0	0	0	0	0	0	0	0	0	0	0	0	0	0	0	0	0	0	606	0	0	0	0	0	0	0	0	0	0	0	0	0	0	0	0	9167	0	0	0	0	0	0	0	0	0	0	0	0	0	0	0	0	0	0	0	0	0	0
D49	0	0	0	0	0	0	0	0	35	0	0	0	0	0	0	0	0	0	0	0	0	0	79	0	0	0	0	0	0	0	20	0	0	0	0	0	30	0	0	124	0	0	0	0	0	0	0	0	0	0	23	0	0	0	0	0	0	0	0	0	0	0	0	0	0	0	427	0	79	0	0	0	0	0	0	0	0	0	932	0	0	0	0	0	0	0	0	0	0	0	0	0	0	2003	231	0	89	0	0	0	0	0	0	0	0	3	0	0	0	0	0	2743	31	0	0	0	0	0	0	0	0	0	0	0	0	0	0	0	757	0	0	0	3	0	0	0	0	2538	0	0	0	0	0	0	0	0	120	9688	0	0	9	0	0	0	0	17	0	0	0	0	0	0	0	180	0	0	13	0	0	0	0	0	0	0	0	0	0	0	4803	0	0	0	0	0	0	0	0	0	0	0	331	0	0	4292	9	0	0	0	0	0	0	0	0	0	0	0	0	0	0	0	0	0	0	0	0	0	0	0	0	0	0	0	0	0	4	0	0	0	1	0	0	0	16	0	0	0	0	0	9	0	15	0	0	0	0	0	0	1	0	0	0	0	0	0	0	0	0	0	0	0	0	0	0	0	0	0	0	0	0	0	16	16	0	0	0	0	0	0	0	0	0	0	0	500	0	0	0	0	48	0	0	0	13	0	0	0	0	3	5529	0	0	0	0	0	14	0	0	0	0	0	0	0	0	0	0	0	0	0	0	0	259	0	0	0	0	0	0	0	0	0	0	0	38	0	0	714	0	0	113	0	0	0	0	0	0	7	0	0	0	0	0	0	9	0	0	0	0	0	0	0	3696	0	0	0	0	0	241	0	122	0	0	0	12	0	0	0	0	0	0	274	0	0	0	440	0	0	0	0	0	0	0	0	0	0	0	0	3472	256	0	0	0	0	0	0	1156	0	0	0	0	0	0	0	0	365	0	0	0	3	0	0	23	0	0	0	0	0	208	5366	3	0	1783	0	0	0	0	8	0	0	8673	0	0	0	0	0	0	0	1	0	202	0	0	0	0	0	0	0	0	0	0	0	0	0	69	0	0	22	0	0	0	0	0	0	0	0	225	0	24791	0	7351	649	0	0	0	0	0	0	0	0	0	0	0	0	0	0	0	0	0	0	0	0	0	819	0	0	1264	0	0	0	0	0	0	0	0	0	0	8	0	0	8	0	0	0	0	0	0	0	0	0	0	0	0	0	0	0	0	1153	0	0	0	0	0	0	0	0	0	0	889	0	0	0	0	0	0	0	0	0	0	259	0	0	0	0	0	0	0	0	0	0	0	659	0	0	69	16	0	0	0	0	0	0	0	0	0	0	0	0	0	0	0	0	0	4057	0	0	30194	0	0	0	0	0	202	4	0	0	0
D50	0	0	0	0	0	61	0	0	0	0	0	0	0	0	0	0	0	0	0	0	0	0	0	0	0	0	0	0	0	0	0	0	0	0	0	0	0	0	0	0	0	0	0	0	2	0	0	0	0	0	0	0	0	0	0	0	0	0	0	0	0	0	0	0	0	0	0	0	0	0	0	0	0	0	0	0	0	0	0	0	0	0	0	0	0	0	0	0	0	0	0	0	0	0	0	0	0	0	0	0	0	0	0	0	0	0	0	0	0	0	0	0	0	0	0	0	0	0	0	0	0	0	0	0	0	0	0	0	0	0	0	0	0	0	0	0	0	0	0	0	0	0	0	0	0	2	0	0	0	0	0	0	0	0	0	0	0	0	0	0	0	0	0	0	0	0	0	0	0	0	0	0	0	0	0	0	0	0	0	0	0	0	0	0	0	0	0	0	0	0	0	0	0	0	0	5	0	0	0	0	0	0	0	0	0	0	0	0	0	0	0	0	0	0	0	0	0	0	0	2	0	0	0	0	0	0	0	6	0	0	0	0	0	0	0	0	0	0	0	0	0	0	0	0	0	0	149	0	0	0	0	0	0	0	0	0	0	0	0	0	0	0	0	0	0	0	0	0	0	0	0	0	0	3067	0	0	0	0	5	0	0	0	0	0	0	0	0	0	0	0	0	0	0	0	0	0	0	0	0	0	0	0	0	0	0	0	0	0	0	31	0	0	0	0	0	0	0	0	0	0	0	0	0	0	0	0	0	0	0	0	0	0	0	0	0	0	0	0	0	0	0	0	0	0	0	0	0	0	0	0	0	1393	0	0	0	0	0	0	0	0	0	0	0	0	0	0	0	0	0	0	0	0	0	0	0	0	0	0	0	0	0	0	0	0	0	0	0	0	0	0	0	0	0	0	0	0	0	0	0	0	0	0	0	0	0	8	0	0	0	0	0	0	0	0	0	143	0	0	0	0	0	0	0	0	0	0	0	0	0	0	0	0	0	8869	0	0	0	0	0	0	0	0	0	0	0	0	0	0	0	0	0	0	0	0	0	0	0	0	0	0	0	0	0	0	0	0	0	0	0	0	0	0	0	0	0	0	0	0	0	0	5	0	0	0	0	0	0	0	0	0	318	0	0	0	0	0	0	0	0	0	0	0	0	0	0	0	0	0	0	0	0	0	0	0	0	0	0	0	0	0	0	0	0	0	0	0	104	0	0	0	0	0	0	0	0	0	0	0	0	0	0	0	0	0	0	0	0	0	0	0	0	0	0	0	0	0	0	0	0	0	0	0	0	0	0	0	0	0	0	0	0	0	0	0	0	0	0	0	0	0	0	0	0	0	0	0	0	0	0	0	0	0	0	0	0	0	0	0	0	0	0	0	0	0	0
D51	0	0	13	0	0	0	44	8	0	0	0	0	0	7	0	33	0	22	153	0	0	5	0	0	0	1040	0	5	0	0	0	31	0	0	0	0	138	0	6	0	0	0	0	0	0	1	0	106	0	0	0	3	0	278	0	0	3	0	1	4	0	0	0	0	510	0	0	0	392	0	0	180	10	0	0	0	5	0	0	0	0	0	0	18	13	0	0	0	0	0	0	97	0	0	0	0	0	0	0	1	0	5	0	22	0	0	0	9	0	0	0	0	0	127	0	0	0	118	6	0	0	0	2	0	0	0	0	0	0	0	4	0	0	0	0	0	17	0	47	0	0	0	0	4	0	0	0	0	0	0	0	0	6	0	0	0	0	0	3	0	27	0	0	0	0	0	0	33	0	0	0	0	0	0	0	0	1	0	0	0	0	0	0	0	0	0	0	0	0	0	0	22	0	0	0	0	4	0	3	0	0	0	0	0	0	0	0	0	0	0	0	12	0	2	0	0	0	0	0	0	0	0	0	0	0	0	0	0	0	33	0	0	0	0	0	0	21	0	0	0	0	0	0	9	0	0	0	0	0	0	0	56	0	0	0	0	197	6	0	0	0	0	0	0	0	0	16	158	0	0	0	0	56	0	0	0	0	0	0	0	0	0	0	0	0	22	0	0	0	59	977	0	0	0	0	0	2	0	0	0	0	225	0	0	2	0	0	4	0	0	0	77	0	1664	4	0	0	0	0	0	0	0	0	13	0	0	0	0	0	7	3	6	0	75	15	0	0	0	0	5	18	0	0	175	0	0	6	0	0	2	144	0	0	0	0	0	0	0	0	0	0	0	0	0	0	0	0	0	0	0	0	0	0	4	45	0	0	0	0	0	0	0	0	0	0	5	18	8	0	0	2	0	0	0	0	0	0	0	0	0	0	0	3	0	0	0	2	0	0	0	0	36	0	0	0	0	0	0	0	0	0	0	0	0	0	11	0	0	0	0	0	1294	3	0	0	0	0	0	0	0	0	0	0	0	0	0	0	18	0	0	0	0	0	0	0	0	0	45	0	0	0	35	0	0	11	0	0	0	17	0	1353	0	7	0	0	0	0	0	7	0	0	6	0	3	0	0	0	9	0	0	0	0	0	0	0	3	6	0	18	0	87	0	0	0	0	115	121	0	0	0	10	0	0	0	0	0	0	0	0	16	0	44	0	0	0	0	0	0	0	0	0	72	4	673	0	0	13	0	0	0	0	0	0	0	0	0	0	64	0	0	0	0	624	0	0	0	0	0	2	0	0	119	3	0	0	0	0	0	1	0	176	3	0	0	0	4	0	0	22	18	0	0	0	329	0	0	6	0	5	0	0	0	2	0	0	0	0	17	67	0	0	0	0	0	0
D52	0	0	0	0	0	0	0	0	0	0	0	0	0	0	0	0	0	0	0	0	0	0	0	41	0	0	14	0	0	0	0	0	0	0	0	0	0	0	0	0	0	0	0	0	0	0	0	0	0	0	0	0	0	3	0	0	6	0	0	0	0	0	0	0	0	0	0	0	0	0	0	2	0	0	0	0	0	0	0	0	0	0	0	2	0	0	0	0	7	0	0	0	0	11	0	0	0	0	736	2	0	0	6	0	0	0	5	0	0	0	0	0	17	0	0	0	0	0	0	0	0	0	0	0	0	0	0	0	0	0	0	0	0	0	0	0	0	1544	0	0	0	0	0	0	0	0	0	0	0	5	0	0	0	0	0	0	0	0	0	28	0	0	0	0	0	0	0	0	0	0	0	0	0	0	0	0	0	0	0	0	0	0	0	0	0	6	5	0	0	0	0	0	0	0	0	0	0	0	0	0	0	52	0	0	0	0	0	0	0	0	0	0	0	0	0	0	0	0	0	0	0	0	3	0	0	0	0	0	587	0	0	0	0	0	0	0	0	0	0	0	0	0	0	0	0	0	0	0	0	0	0	0	0	0	2	0	0	0	0	0	0	0	0	0	0	0	0	0	0	0	0	0	0	0	0	0	0	0	0	0	0	0	0	0	0	0	5	0	0	0	0	0	0	0	0	0	0	0	50	0	0	0	200	2	0	0	2	0	0	0	0	0	0	0	0	0	0	0	0	0	0	0	0	0	0	0	0	0	0	0	0	0	0	0	0	0	0	0	0	0	0	0	0	0	0	0	5	0	0	0	9	0	0	0	0	0	0	0	0	0	8	0	0	0	0	0	0	0	0	0	0	0	0	0	0	0	0	0	0	0	0	0	3	0	16	0	0	0	0	0	0	0	0	0	6	0	0	0	100	0	0	0	0	0	0	0	0	0	0	0	0	0	0	3131	0	0	0	0	0	0	0	0	0	0	0	17	0	0	0	0	0	0	0	0	0	0	0	0	0	0	0	0	0	0	0	0	0	0	0	0	0	0	0	0	0	0	0	0	0	0	0	0	0	0	0	0	0	0	0	0	0	0	0	0	0	0	0	0	0	0	0	0	0	0	0	0	0	0	0	0	0	0	0	0	0	0	0	0	6	0	0	0	0	0	0	0	0	0	0	0	0	0	0	0	0	0	0	0	0	0	0	0	0	0	0	0	0	0	0	0	0	0	0	0	0	0	0	0	0	0	0	0	0	0	0	0	0	0	0	0	0	0	6	0	0	0	0	0	0	0	0	0	0	0	0	0	0	0	0	0	0	0	0	0	0	0	0	0	0	3	0	0	0	3	0	0	9	0	0	4	0	0	0	0	0	0	0	0	0	0	0	0	0	0	0
D53	0	0	0	0	0	3	2	0	0	0	0	0	0	0	0	0	14	0	7	0	0	29	3	85	0	0	0	0	0	0	0	0	0	0	0	0	0	0	4	0	0	0	0	0	0	0	0	0	3	2	0	6	0	1266	0	0	0	0	0	0	0	0	13	0	0	0	0	0	82	3	0	0	6	0	0	0	0	0	0	0	0	0	0	0	0	0	0	0	0	0	0	0	0	34	2	0	0	0	1	0	0	0	169	0	0	5	0	0	0	0	0	0	43	0	0	0	0	0	3	10	0	0	0	0	0	0	285	0	0	0	0	3	0	0	0	0	0	585	24	0	0	0	0	0	0	3	4	11	0	1067	0	0	27	2	3	1	0	0	0	556	0	0	0	0	0	0	3	0	0	0	0	0	3	0	0	35	0	0	0	0	0	524	0	0	0	0	2	0	0	0	0	0	0	0	62	0	0	1	0	0	0	141	0	0	65	0	0	0	0	0	0	0	0	42	0	0	0	0	0	0	0	0	0	0	59	0	67	0	4	0	0	0	14	0	0	0	0	18	0	4	0	0	7	0	0	2	0	0	0	0	0	0	0	0	0	0	0	0	0	0	0	0	0	7	0	8	3	18	0	0	0	0	0	0	0	0	0	0	0	0	0	0	0	0	0	2	0	0	0	0	15	0	4	0	0	0	25	0	0	0	5	0	0	0	0	0	0	0	0	0	0	0	0	0	3	0	0	0	0	0	0	0	0	0	11	0	0	0	0	0	0	0	3	0	0	2	5	1	2	21	0	0	0	0	0	0	4	7	12	0	2	0	0	0	0	5	0	0	11	0	4059	0	0	0	0	0	0	0	0	0	0	0	0	2	0	0	3	0	0	0	0	0	5	0	0	0	88	0	0	0	0	0	0	0	2	0	90	0	479	0	0	0	0	1	0	2	0	0	0	0	0	0	0	363	0	0	0	0	0	0	6	0	0	0	4	37	0	55	0	0	0	0	0	0	0	7	0	0	21	0	0	3	0	8	167	0	0	0	0	8	0	0	0	0	2	0	0	0	0	0	0	0	0	0	0	0	0	0	0	0	0	3	2	0	76	0	0	0	349	15	0	0	0	0	0	0	0	0	0	48	0	437	0	0	0	0	3	0	0	0	0	0	0	0	0	0	0	0	0	3	0	0	0	0	0	0	0	0	0	0	0	0	0	0	0	0	0	0	3	0	0	0	0	0	0	0	0	4	0	0	0	0	0	0	0	0	38	0	0	0	0	0	432	0	0	0	0	45	0	0	0	0	0	1	0	0	4	0	0	0	0	0	0	17	0	0	0	16	0	0	0	1	0	44	0	0	0	0	0	0	0	19	0	0	15	0	0	0	0	11	0	0	0	0	0
D54	0	0	0	0	0	0	0	0	0	0	0	0	0	0	0	0	0	0	0	0	0	0	0	3	0	0	0	0	0	0	1594	0	0	0	0	0	259	0	0	393	0	0	0	0	0	0	0	0	0	0	0	0	0	0	0	0	0	0	0	0	0	0	0	0	0	0	8	0	0	0	0	0	0	0	0	0	0	0	127	86	0	0	0	0	0	0	0	0	1100	0	0	0	0	163	0	83	110	0	5	0	0	0	0	18	0	5	0	75	0	0	0	959	0	0	0	0	0	0	0	0	0	0	0	0	0	0	51	0	72	0	0	0	0	0	0	0	0	701	0	0	0	0	0	0	0	0	5	38	0	0	3	0	0	0	0	0	0	0	0	0	0	0	0	45	0	0	6	0	0	0	1	0	0	0	0	33	0	0	32	2	0	5	0	0	0	19	6	0	0	0	0	0	0	940	0	0	0	0	0	0	0	2	0	0	20	0	0	0	0	0	0	0	0	0	0	0	0	0	0	0	0	0	0	0	0	0	0	0	0	0	0	0	483	11	2	0	0	15	0	177	0	0	0	0	0	0	0	3	0	0	0	0	0	0	2	0	0	0	12	0	0	0	0	0	0	0	0	0	0	0	4	0	0	0	0	0	0	0	0	0	0	0	0	161	0	0	349	0	62	0	0	0	2	0	0	0	0	2	0	0	0	0	0	1	0	0	0	0	0	0	0	0	0	0	0	0	0	0	0	0	68	0	0	0	0	0	0	0	0	0	0	0	8	0	0	2335	0	0	10	0	0	0	0	0	0	0	0	0	34	0	0	0	17	0	0	0	0	0	267	0	0	0	0	0	0	0	39	0	55	0	0	0	12	0	0	0	0	0	0	0	0	0	17	60	0	0	0	0	2	0	0	0	0	0	2	0	36	737	0	0	0	0	0	0	10	0	0	0	0	0	0	0	0	318	0	0	0	0	0	0	12	0	0	0	0	0	0	1786	3	15	696	0	0	0	0	0	0	0	2590	0	0	2	0	0	40	0	132	0	147	0	0	0	0	0	109	0	0	0	0	0	0	0	0	0	0	0	0	0	0	2	0	0	0	0	361	0	1723	0	910	45	0	0	0	0	0	0	0	0	0	0	0	0	0	0	0	0	0	0	0	0	0	194	0	0	228	0	0	0	0	0	0	0	15	0	0	0	15	0	0	0	0	0	20	0	0	0	0	0	0	0	0	0	0	0	0	151	0	0	0	0	0	0	0	0	0	0	5	0	0	0	0	0	2	2410	0	0	0	118	0	0	0	0	0	0	0	0	0	0	0	11	0	0	0	0	0	0	0	0	0	0	0	8	0	2	0	0	0	0	0	0	0	0	0	0	2995	4	0	0	0	0	8	0	0	0	0
D55	15	9	14	8	8	0	0	3	0	134	58	0	3	0	0	10	0	0	0	458	2	0	0	0	0	0	3	10	0	0	3	0	0	0	0	30	351	0	0	0	0	3	8	0	0	2	83	0	0	0	134	1	2	0	0	44	836	0	2	0	38	0	0	0	0	14	0	0	0	0	0	0	0	0	33	0	13	4	0	2	4	8	0	0	19	0	98	0	0	0	0	67	15	0	0	0	0	0	3	0	0	0	2	3	0	0	0	0	0	0	0	4	0	5	0	0	7	1	5	0	0	12	0	2	2	0	6	0	0	0	2	30	9	0	0	0	0	4	2	0	0	0	0	10	16	0	0	0	0	0	0	0	0	0	0	0	7	0	0	0	0	0	16	0	0	0	0	56	5	16	2	0	34	4	0	0	5	0	0	0	0	0	1	0	0	0	0	2	12	115	14	0	0	0	0	0	0	0	8	0	0	0	12	3	0	12	209	22	0	80	17	0	2	0	0	3	0	0	0	0	0	0	0	0	0	0	4	2	2	0	66	0	0	0	0	17	0	0	51	2	0	3	0	0	0	0	0	0	4	0	40	0	12	0	0	0	0	0	5	0	0	0	2	0	0	0	0	0	0	0	2	6	32	0	0	3	0	366	0	0	3	46	17	0	0	51	0	0	0	0	20	0	0	0	18	0	0	0	0	26	0	0	0	0	0	7	27	0	0	0	0	0	0	0	61	11	0	72	0	0	0	0	0	9	0	25	4	2	0	0	221	185	11	0	79	6	29	0	1	0	0	0	0	0	2	0	0	0	0	24	57	0	0	2	0	0	0	10	0	0	0	90	9	13	0	0	2	0	0	0	0	3	0	0	169	2	0	0	0	0	0	6	0	0	0	69	0	7	4	75	0	0	81	0	0	0	14	0	0	0	3	137	11	0	0	0	0	0	0	0	21	2	0	0	0	0	41	0	2	0	0	0	0	0	7	0	2	3	0	0	0	0	0	0	0	0	2	6	0	16	224	2	0	0	0	0	2	0	0	0	0	0	0	0	0	5	21	0	0	0	0	0	0	0	1	0	2	0	0	0	849	0	0	30	0	0	0	0	0	0	0	101	0	4	0	13	0	10	0	0	0	1	185	0	58	2	0	0	6	0	0	0	0	0	0	1296	0	0	0	0	8	5	0	36	11	143	8	0	0	97	64	0	0	0	0	18	0	0	0	12	139	39	1	9	11	4	10	0	0	6	0	0	0	0	0	0	0	0	0	0	0	0	9	6	10	0	2	0	0	6	0	5	0	17	0	0	95	0	39	0	236	0	0	0	0	0	7	0	12	1	0	2	28	5	0	0	0	2	2	0	85	35	1	0	2	0	0	0	630	0	0	0	12	9	0
D56	0	0	0	0	0	0	0	0	0	0	0	0	0	0	110	0	0	0	0	0	0	0	0	3	0	0	0	0	0	0	0	0	0	0	0	0	0	0	0	862	0	0	0	0	0	0	0	3	0	0	4	0	0	0	0	856	0	0	32	0	0	0	0	0	0	0	572	0	0	0	0	0	0	0	0	0	0	0	0	0	0	0	0	0	0	0	0	2	17	0	0	0	0	960	2	0	0	0	0	0	0	0	0	0	0	0	0	0	0	0	0	0	0	0	0	0	0	0	0	0	0	0	0	0	4	0	0	0	0	0	0	0	0	0	0	0	0	0	0	0	0	0	0	0	0	3	0	10	0	0	0	0	0	0	0	0	0	0	0	0	0	0	0	0	4	0	2	0	0	0	0	0	0	0	0	439	0	0	0	0	0	0	0	0	0	0	0	0	0	0	0	0	0	40	0	0	0	0	0	0	0	0	0	0	112	0	0	0	0	0	0	0	0	0	0	0	0	0	0	0	0	0	0	0	0	0	0	0	5	0	0	0	0	0	0	0	3	0	0	0	0	0	0	0	0	0	0	0	0	0	0	0	0	0	0	0	0	0	0	0	0	0	0	0	0	0	0	0	0	0	0	0	0	0	0	0	0	0	0	0	0	0	0	0	0	0	0	0	20	0	0	0	0	0	0	0	0	0	0	0	0	0	0	0	0	0	0	0	0	0	0	0	0	0	0	0	0	0	0	0	0	0	0	0	0	0	0	0	0	0	0	0	1	0	0	50	0	0	0	0	0	0	0	0	0	3	0	0	16	0	0	0	0	0	0	0	0	0	0	0	4	0	0	0	0	0	0	0	0	0	0	0	0	0	0	0	0	0	0	0	0	0	0	0	0	0	100	0	0	0	0	0	0	0	0	0	0	287	0	0	0	0	0	0	0	0	0	0	0	0	0	0	0	801	0	0	0	0	0	0	0	0	0	0	0	2	0	5119	0	189	0	0	0	0	0	2	0	0	428	0	0	5	0	0	0	0	0	0	0	0	0	0	0	0	0	0	0	0	0	0	0	0	0	0	0	0	0	0	0	0	0	0	0	0	3200	0	0	0	5592	13	0	0	0	0	0	0	0	0	0	0	0	0	0	0	0	0	0	0	3	0	0	0	0	0	0	0	0	0	0	0	0	0	0	0	0	0	0	0	0	0	0	0	0	0	0	0	0	0	0	0	0	0	0	0	0	0	2	72	0	0	0	0	0	0	0	0	0	0	0	0	0	0	0	0	0	0	0	488	0	0	0	0	0	0	0	0	0	0	0	0	0	0	0	0	0	0	0	0	0	0	0	0	0	0	0	0	0	0	0	0	0	0	0	0	0	0	0	2	0	0	0	0	0	3	0
D57	0	0	0	0	0	0	0	0	37	0	0	0	0	0	0	0	0	0	0	0	0	0	0	0	0	0	0	0	0	0	0	211	0	0	0	0	0	0	0	515	0	0	0	0	0	0	0	0	0	64	0	0	0	0	0	9	0	0	0	0	0	0	0	0	0	0	0	0	0	39	0	0	0	2329	0	0	0	0	0	0	0	0	0	0	0	0	0	0	0	0	0	0	0	0	0	0	0	0	0	0	0	0	0	0	0	0	0	0	0	0	0	0	0	0	0	122	0	0	0	0	0	0	0	0	0	0	0	0	0	0	0	0	0	0	0	0	0	153	0	102	0	0	0	0	0	26	0	0	0	0	0	0	0	0	0	93	0	24	0	0	0	0	0	0	48	0	0	0	0	0	0	0	0	0	33	0	0	0	0	0	0	0	2826	0	0	0	0	0	0	0	0	0	1196	0	0	0	0	0	0	0	0	0	0	0	0	0	0	0	0	0	3	0	0	0	134	0	0	0	0	58	0	0	0	0	0	0	0	134	0	0	0	0	0	0	0	0	0	0	0	0	0	0	0	65	0	1274	0	0	0	0	0	0	0	0	0	46	0	0	0	0	0	0	0	0	0	0	0	0	0	0	0	0	0	0	0	0	0	0	0	0	0	0	0	0	137	0	0	0	0	0	102	0	0	0	0	0	0	0	0	0	0	0	0	0	0	0	204	0	0	0	0	0	0	0	0	0	0	0	0	0	0	0	0	0	0	0	0	0	0	0	0	0	42	0	0	0	0	0	0	0	0	0	0	0	0	15	0	0	0	0	0	0	0	0	0	0	0	0	0	0	0	0	0	0	0	0	0	0	0	0	0	0	0	0	0	0	0	0	0	0	0	0	0	0	0	0	0	0	0	0	0	0	0	0	0	0	0	0	0	0	0	0	0	0	0	0	0	0	0	0	0	0	0	0	0	0	0	0	0	31	0	0	0	0	0	0	0	0	0	0	0	0	58	0	1828	0	0	0	0	0	0	0	0	0	0	0	0	0	0	0	0	44	0	1488	0	0	0	0	0	0	0	0	0	0	0	0	0	0	0	0	0	0	0	0	0	0	0	0	0	0	0	0	0	0	0	0	0	0	0	0	0	0	0	0	0	0	0	85	0	0	0	0	56	0	0	0	0	0	0	0	0	0	0	0	0	0	0	0	0	0	0	0	0	0	0	0	0	8	8	0	0	0	0	0	0	0	0	0	0	0	0	0	0	0	0	0	0	0	0	0	890	0	0	0	0	0	0	0	0	0	0	0	0	0	0	0	0	0	0	0	38	151	302	0	0	0	0	0	0	0	0	0	0	0	0	0	0	0	0	0	0	0	0	0	0	0	0	0	0	0	0	0	0	418	0
D58	0	6	2	0	0	312	4	0	0	0	0	7	0	0	0	0	0	0	0	0	0	0	148	0	13	5	0	0	22	12	0	0	0	43	22	0	0	0	59	163	0	0	0	4	2	0	0	0	0	23	0	0	0	0	0	1	6	0	5	0	0	0	0	250	0	0	0	0	0	437	0	0	18	246	0	39	0	0	0	0	0	0	0	0	0	0	0	0	0	83	9	0	0	0	3	0	0	0	0	0	95	0	0	0	1	0	0	0	0	0	0	0	0	0	21	3	0	0	0	259	30	0	2	0	41	8	0	5	0	0	0	0	0	5	0	3	6	0	0	4	4	0	0	0	0	376	0	0	0	2	8	0	0	0	0	1	0	0	0	0	0	1	0	0	6309	0	0	0	0	0	0	0	14	0	598	0	0	0	0	0	0	0	25	0	0	1	0	0	0	0	0	0	1428	0	0	3	1	18	0	0	2	0	0	0	0	0	0	0	0	0	0	0	0	0	0	0	0	25	0	44	6	0	0	8	0	0	0	5	0	0	0	0	0	0	0	0	0	0	0	0	52	0	0	1	3	2	11	0	3	68	0	0	0	0	0	3	2	0	0	0	0	0	258	0	7	0	82	0	0	0	0	0	0	4	0	0	0	0	0	1	0	19	0	0	0	0	0	0	0	0	13	61	0	0	0	6	6	0	0	0	0	0	0	0	0	2	0	0	3	0	0	2	29	0	0	0	22	0	0	0	0	102	0	0	2	0	0	0	0	0	0	0	100	0	0	0	0	0	0	77	0	22	11	0	0	4	47	0	0	0	0	3	0	0	3	10	0	0	0	2	0	0	0	0	0	0	0	0	0	43	763	0	0	0	0	0	0	0	206	49	6	0	0	0	67	0	0	0	0	0	0	0	0	6	0	0	0	0	0	0	0	0	0	0	1	147	0	69	0	21	0	0	14	0	0	0	0	3	0	9	0	0	0	0	2	0	0	0	0	0	0	0	0	8	218	0	0	0	0	0	0	0	0	0	0	0	0	0	0	0	15	15	0	26	0	0	0	0	0	0	0	0	0	0	0	0	5	0	0	0	0	0	160	0	0	0	0	0	0	0	493	0	33	0	2	0	0	0	0	0	5	0	0	0	0	0	0	15	0	0	0	0	6	0	0	3	0	0	3	0	0	0	0	0	0	0	0	0	0	0	0	0	0	0	1	0	0	14	462	0	7	1	0	0	0	0	0	0	2	0	0	0	4	0	0	0	0	0	0	2	0	13	0	0	0	0	0	0	0	0	0	0	0	2	24	0	0	0	0	0	0	39	8	27	2	0	0	0	0	0	0	0	0	0	2	0	0	0	0	0	0	0	0	4	5	0	3	0	0	8	0	5	0	42	0
D59	0	86	374	0	0	0	0	65	534	0	0	0	0	0	0	0	0	0	0	0	0	0	1	0	0	0	0	0	0	0	0	0	0	0	0	0	0	0	0	1	0	0	0	0	0	0	0	0	0	0	0	0	0	0	0	0	0	0	0	0	0	0	0	0	0	0	0	0	0	0	0	0	61	0	0	7	0	0	0	0	0	0	0	0	0	4	0	0	0	0	0	0	0	0	0	0	0	0	0	0	0	0	0	0	0	0	0	0	0	0	0	0	0	0	0	0	0	0	0	0	0	0	2645	0	0	0	0	0	0	0	0	0	0	0	0	0	23	0	0	0	0	0	0	0	0	0	0	0	0	0	0	0	0	0	0	0	0	0	0	0	0	0	0	0	0	0	0	0	0	0	343	0	194	0	0	0	0	0	0	0	0	0	2126	0	0	0	0	0	0	118	0	0	0	0	0	0	2	0	0	0	0	0	0	0	0	0	0	0	0	2	0	3	0	2	0	0	0	0	189	0	0	0	0	0	0	0	0	0	0	0	0	0	0	0	0	0	0	0	0	0	0	0	0	0	0	0	0	0	0	0	0	0	0	0	0	0	0	0	0	0	2538	0	0	0	0	0	0	0	0	0	0	0	0	0	0	0	0	0	0	0	0	0	0	0	0	0	0	0	0	0	0	0	0	0	0	0	0	0	0	0	86	0	0	0	0	0	0	0	0	0	0	1305	0	0	0	0	0	0	0	0	0	0	0	0	25	0	0	0	82	0	0	0	0	0	0	0	0	0	0	1965	0	0	0	0	0	110	1	0	0	0	0	0	0	0	0	38	0	0	0	41	0	0	0	0	0	0	0	0	0	0	0	0	0	0	0	0	0	0	0	0	0	0	0	0	0	0	0	0	0	0	0	0	0	0	0	0	0	0	0	0	0	0	0	0	0	0	0	0	0	0	0	0	0	0	0	0	0	0	0	0	0	0	0	0	0	0	0	0	0	0	0	0	0	0	0	147	0	0	0	0	0	0	0	0	0	0	0	0	0	0	0	72	0	0	0	0	0	0	0	47	0	0	0	0	0	276	0	0	0	0	0	0	0	0	0	0	0	0	0	0	0	0	0	0	0	0	0	0	0	0	0	0	0	0	0	0	0	39	0	0	0	0	0	0	0	0	0	0	0	0	0	0	0	0	0	0	0	944	0	0	0	0	0	0	0	0	6	0	0	0	0	0	0	0	0	0	0	0	0	0	0	0	0	348	0	0	0	0	0	0	0	0	0	0	0	0	0	0	0	0	0	0	0	0	0	5	0	0	0	5	0	0	0	12	0	0	0	0	0	0	0	0	212	0	0	0	0	0	0	0	0	0	0	0	0	0	0	0	0	0	0	0	0	0	0
D60	0	1	0	5	0	398	0	2	5	0	0	0	0	0	0	0	0	0	0	0	0	0	6	0	0	0	0	0	5	0	0	0	0	18	24	0	0	0	3	9	0	0	0	1	7	0	0	0	0	0	0	0	0	2	0	2	15	0	3	0	0	0	7	124	0	0	0	3	0	14	0	0	6	14	0	8	0	0	0	0	0	0	0	0	0	0	0	2	0	10	0	0	0	0	11	0	0	0	0	0	50	0	0	0	0	0	0	0	0	0	0	0	0	0	2	0	2	0	0	1717	1215	0	0	0	35	6	0	0	0	0	0	8	0	0	0	0	0	0	0	336	0	0	0	0	0	139	0	0	0	0	3	5	0	0	0	0	0	0	0	2	0	2	0	0	105	0	0	0	0	0	5	0	18	0	1228	0	0	0	0	0	0	0	26	0	0	4	0	0	0	3	0	0	960	0	0	163	0	6	0	0	4	0	0	0	0	0	0	0	0	0	0	1	0	0	4	0	0	0	0	11	15	0	0	0	0	0	0	0	0	0	0	0	0	0	0	0	0	0	0	0	0	0	9	0	0	15	15	0	0	3	0	0	0	0	0	4	0	0	0	0	0	0	283	0	0	0	15	0	0	0	0	0	0	3	0	0	0	0	0	3	0	0	0	0	3	0	0	0	0	0	0	0	5	0	0	2	12	0	3	0	0	0	0	0	0	0	4	0	0	165	0	11	0	0	0	0	3	0	0	0	0	188	0	0	2	0	0	0	0	0	0	0	49	0	4	0	4	0	0	56	0	45	2	0	0	10	24	0	0	0	0	13	0	0	0	3	0	0	0	0	0	0	0	0	0	0	0	0	0	0	8	0	0	0	0	0	0	0	14	0	0	0	0	3	0	0	0	0	0	0	0	0	0	0	6	0	0	0	0	0	0	0	0	0	0	152	0	13	0	0	0	0	15	0	0	0	0	0	0	10	0	0	0	0	0	0	0	0	0	0	0	0	0	0	5	0	1	0	0	0	0	0	0	0	0	0	0	0	0	3	0	0	0	0	0	0	0	0	0	0	1	0	0	15	0	17	0	0	0	0	0	0	0	0	0	0	0	0	0	0	766	0	6	0	1	0	0	0	0	0	3	0	0	0	0	0	0	2	0	0	0	0	11	19	0	0	0	0	3	0	0	0	0	0	0	0	0	0	2	0	0	0	0	0	2	0	6	47	64	0	0	0	0	0	0	0	0	6	25	0	0	0	0	0	0	0	0	0	0	0	0	2	0	0	0	0	0	0	0	0	0	0	0	0	22	0	0	0	0	0	0	27	0	3	0	0	0	0	0	0	0	0	0	0	0	0	0	0	0	0	0	0	0	7	0	0	0	0	0	0	0	0	0	0	0
D61	1	0	0	0	0	0	0	0	0	2	0	0	140	2	0	0	0	13	0	0	0	0	2	0	0	0	5	1	0	0	284	0	0	0	0	0	0	0	18	1664	0	0	0	4	0	0	2	0	2	0	12	0	2	0	0	8	0	17	0	0	0	0	0	0	0	0	195	0	9	0	0	0	0	0	0	0	2	0	99	33	0	1	0	3	0	0	12	0	362	0	0	0	0	203	110	124	61	0	24	0	0	0	4	1	0	0	6	62	2	7	0	1196	51	2	0	0	4	0	0	0	0	0	0	0	0	0	3	0	71	0	2	0	0	0	0	7	0	1732	0	0	0	0	0	0	0	0	2	120	0	5	0	0	10	0	0	5	6	0	0	0	3	0	0	460	6	6	36	7	3	0	0	0	0	0	0	340	0	5	105	9	7	233	0	0	0	17	4	0	0	0	4	0	0	116	174	0	0	0	0	0	0	13	4	0	8	0	3	0	0	0	0	0	0	0	0	0	0	0	0	0	0	0	0	0	319	2	0	0	2	0	0	0	173	30	11	0	0	2	0	65	0	5	0	0	0	0	0	19	0	0	0	0	2	0	7	0	2	0	9	0	0	0	0	20	0	0	0	0	0	9	0	0	4	0	0	0	0	0	0	0	0	0	0	144	1	0	5	0	41	5	19	0	7	3	0	0	2	6	1	0	0	0	17	11	5	0	3	0	0	0	2	0	0	0	6	0	0	0	0	0	48	0	0	0	0	4	2	0	0	0	0	3	14	0	0	678	0	0	92	9	0	0	0	0	0	18	0	0	20	0	6	0	2	4	0	0	0	0	70	0	7	0	0	2	0	0	3	0	60	0	0	0	31	5	0	0	12	0	0	0	16	6	9	107	4	0	0	8	0	0	0	0	2	0	5	0	3417	0	0	0	2	0	0	0	0	0	0	0	0	0	0	0	0	4933	0	0	0	0	0	0	4	0	0	0	0	0	3	2645	6	7	579	3	10	0	0	0	0	1	439	1	0	208	0	5	7	0	20	11	133	0	0	0	13	0	8	10	0	0	0	0	0	5	35	0	0	1	0	0	0	17	0	0	0	221	1184	0	1853	12	1797	3	0	0	0	0	0	0	7	0	4	0	0	0	0	0	0	0	13	0	16	7	0	161	0	2	51	0	0	0	0	3	0	0	144	0	0	2	26	0	2	0	0	0	93	0	1	0	0	0	0	0	0	6	0	2	0	88	11	6	0	4	0	0	0	0	0	0	37	2	0	0	0	0	13	923	0	0	0	2173	0	7	0	0	0	2	0	0	1	0	0	44	0	0	0	2	0	4	0	0	0	18	0	1	0	9	0	0	0	0	0	4	0	4	0	0	992	47	4	3	9	0	4	2	0	0	0
D62	0	0	0	0	0	0	0	0	0	0	0	0	0	0	0	0	0	0	0	0	0	0	0	0	0	0	0	0	0	0	0	0	0	0	0	0	0	0	0	0	0	0	0	0	0	0	0	0	0	0	0	0	0	0	0	0	0	0	0	0	0	0	0	0	2	0	0	0	0	0	0	0	0	0	0	0	0	0	0	0	0	0	0	0	0	0	0	0	0	0	0	0	0	0	0	0	0	0	0	0	0	0	0	0	0	0	0	0	0	0	0	0	0	0	0	0	0	0	0	2	0	0	0	0	0	0	0	0	0	0	0	0	0	0	0	0	0	0	0	0	0	0	0	0	0	0	0	0	0	0	0	0	0	0	0	0	0	0	0	0	0	0	0	0	0	0	0	0	0	0	0	0	0	0	0	0	0	0	0	0	0	0	2	0	1	0	0	0	0	0	0	0	0	0	0	0	0	0	0	0	0	0	0	0	0	0	0	0	0	0	0	0	0	0	0	0	0	0	0	0	0	0	0	0	0	0	0	0	0	3	0	0	0	0	0	0	0	0	0	0	0	0	0	0	0	3	0	0	0	0	0	0	0	0	0	0	0	0	0	0	0	0	0	0	0	0	0	0	0	0	0	0	0	0	0	0	0	0	0	0	0	0	0	0	0	0	0	0	0	0	0	0	0	0	0	0	0	0	0	0	0	0	0	0	0	0	0	0	0	0	0	0	0	0	0	0	0	0	0	0	0	0	0	0	0	0	0	0	0	0	0	0	0	0	0	5	0	0	0	0	0	0	0	0	0	0	0	0	0	0	0	0	0	0	0	0	0	0	0	0	0	0	0	0	0	0	0	0	0	0	0	0	0	0	0	0	0	0	0	0	0	0	0	0	0	0	0	0	0	0	0	0	0	0	0	0	0	0	0	0	0	0	0	0	0	0	0	0	0	0	0	0	0	0	0	0	0	0	0	0	0	0	0	0	0	0	0	0	0	0	0	0	0	0	0	0	0	0	0	0	0	0	0	0	0	0	0	0	0	0	0	0	0	0	0	0	0	0	0	0	0	0	0	0	0	0	0	0	0	0	0	0	0	0	0	0	0	0	0	0	0	0	0	0	0	0	0	0	0	0	0	0	0	0	0	0	0	0	0	0	0	0	0	0	0	0	2	0	0	0	0	0	0	0	0	0	0	0	0	0	0	0	0	0	0	0	0	0	0	0	0	0	0	0	0	0	0	0	0	0	0	0	0	0	0	0	0	0	0	0	0	0	0	0	0	0	0	0	0	0	0	0	0	0	0	0	0	0	0	0	0	0	0	0	0	0	0	0	0	0	0	0	0	0	0	0	0	0	0	0	0	0	0	0	0	0	0	0	0	0	0	0	0	0	0
D63	0	0	0	0	0	0	0	0	0	0	0	0	0	0	0	0	0	0	0	0	0	0	0	0	0	0	0	0	0	0	0	0	0	0	0	0	0	0	0	0	0	0	0	0	0	0	0	0	0	0	0	0	0	0	0	0	0	0	0	0	0	0	0	0	0	0	0	0	0	0	0	0	0	0	0	0	0	0	0	0	0	0	0	0	0	0	0	0	0	0	0	0	0	0	0	0	0	0	0	0	0	0	0	0	0	0	0	0	0	0	0	0	0	0	0	0	0	0	0	2	0	0	0	0	0	0	0	0	0	0	0	0	0	0	0	0	0	0	0	0	0	0	0	0	0	0	0	0	0	0	0	0	0	0	0	0	0	0	0	0	0	0	0	0	0	0	0	0	0	0	0	0	0	0	0	0	0	0	0	0	0	0	0	0	0	0	0	0	0	0	0	0	0	0	0	0	0	0	0	0	0	0	0	0	0	0	0	0	0	0	0	0	0	0	0	0	0	0	0	0	0	0	0	0	0	0	0	0	0	0	0	0	0	0	0	0	0	0	0	0	0	0	0	0	0	0	0	0	0	0	0	0	0	0	0	0	0	0	0	0	0	0	0	0	0	0	0	0	0	0	0	0	0	0	0	0	0	0	0	0	0	0	0	0	0	0	0	0	0	0	3	0	0	0	0	0	0	0	0	0	0	0	0	0	0	0	0	0	0	0	0	0	0	0	0	0	0	0	0	0	0	0	0	0	0	0	0	0	0	0	0	0	0	0	0	0	0	0	0	0	0	0	0	0	0	0	0	0	0	0	0	0	0	0	0	0	0	0	0	0	0	0	0	0	0	0	0	0	0	0	0	0	0	0	0	0	0	0	0	0	0	0	0	0	0	0	0	0	0	0	0	0	0	0	0	0	0	0	0	0	0	0	0	0	0	0	0	0	0	0	0	0	0	0	0	0	0	0	0	0	0	0	0	0	0	0	0	0	0	0	0	0	0	0	0	0	0	0	0	0	0	0	0	0	0	0	0	0	0	0	0	0	0	0	0	0	0	0	0	0	0	0	0	0	0	0	0	0	0	0	0	0	0	0	0	0	0	0	0	0	0	0	0	0	0	0	0	0	0	0	0	1	0	0	0	0	0	0	0	0	0	0	0	0	0	0	0	0	0	0	0	0	0	0	0	0	0	0	0	0	0	0	0	0	0	0	0	0	0	0	0	0	0	0	0	0	0	0	0	0	0	0	0	0	0	0	0	0	0	0	0	0	0	0	0	0	0	0	0	0	0	0	0	0	0	0	0	0	0	0	0	0	0	0	0	0	0	0	0	0	0	0	0	0	0	0	0	0	0	0	0	0	0	0	0	0	0	0	0	0	0	0	0	0	0
D64	0	0	0	0	0	0	0	0	0	0	0	0	0	0	0	0	0	0	0	0	0	0	0	0	0	0	0	0	0	0	0	0	0	0	0	0	0	0	0	330	0	0	0	0	0	0	0	0	0	0	0	0	0	0	0	27	0	0	0	98	0	0	0	0	0	0	0	0	0	0	0	0	0	0	0	0	0	0	15	0	0	0	0	0	0	0	0	0	0	0	0	0	0	8	402	0	0	0	52	0	0	0	0	0	0	0	0	0	0	0	0	282	0	0	0	0	0	0	0	0	0	0	0	0	0	0	0	0	0	0	0	0	0	0	0	0	0	1031	0	0	0	0	0	0	0	0	0	845	0	0	0	0	0	0	0	182	0	0	0	0	0	0	0	20	0	0	696	0	0	0	0	0	0	0	0	0	0	0	78	0	0	79	0	0	0	0	12	0	0	0	0	0	0	0	0	0	0	0	0	0	0	0	0	0	0	0	0	0	0	0	0	0	0	0	0	0	0	0	0	30	0	0	0	0	17	0	0	0	0	0	0	0	0	202	0	0	0	0	0	0	0	0	0	0	0	0	0	0	0	0	0	0	0	0	0	0	0	0	0	0	0	0	0	0	0	0	0	0	0	0	0	0	0	0	0	0	0	0	0	0	0	0	0	0	0	0	0	0	0	0	0	0	0	0	0	0	0	0	0	0	0	0	26	86	0	0	2462	0	0	0	0	0	0	0	0	0	0	0	0	0	0	0	0	0	0	0	0	0	0	0	0	0	0	0	0	0	0	0	23	0	0	0	0	0	0	0	0	0	0	0	0	0	0	0	0	0	0	0	0	0	0	0	0	0	0	0	0	0	330	0	0	0	0	0	0	0	117	0	0	0	0	88	13	0	306	0	0	0	0	0	0	0	0	0	0	0	147	0	0	0	0	0	0	0	0	0	0	0	0	144	0	0	0	884	0	0	0	0	0	0	0	0	0	0	0	0	0	428	0	0	0	0	90	0	0	0	0	0	342	0	0	0	0	0	0	0	0	0	0	0	0	0	0	0	0	0	0	0	0	0	0	0	0	0	0	0	0	0	0	0	0	0	0	438	458	0	240	0	633	0	0	0	0	0	0	0	0	0	0	0	0	0	0	0	0	0	220	0	0	0	0	0	0	0	142	0	0	0	0	0	0	0	0	0	0	0	0	0	170	0	0	0	0	0	0	0	0	0	0	0	0	0	0	0	0	0	0	0	0	0	0	0	0	0	0	0	0	0	0	0	0	0	0	0	0	0	0	19	0	0	0	0	0	67	0	0	0	0	0	0	0	0	0	0	0	0	0	0	0	0	0	0	0	0	0	0	0	0	0	0	0	0	0	0	1054	0	0	0	0	0	0	0	0	0	0
D65	0	0	0	0	0	0	0	0	0	0	0	0	0	0	0	0	0	0	0	0	0	0	0	0	0	0	0	0	0	0	0	0	0	0	0	0	0	0	0	0	0	0	0	0	0	0	0	0	0	0	0	0	0	0	0	0	0	0	0	0	0	0	0	0	0	0	0	0	0	0	0	0	0	0	0	0	0	0	0	0	0	0	0	0	0	0	0	0	0	0	0	0	0	0	0	0	0	0	0	0	0	0	0	0	0	0	0	0	0	0	0	0	0	0	0	0	0	0	0	0	0	0	0	0	0	0	0	0	0	0	0	0	0	0	0	0	0	0	0	0	0	0	0	0	0	0	0	0	0	0	0	0	0	0	0	0	0	0	0	0	0	0	0	0	5	0	0	0	0	0	0	0	0	0	0	0	0	0	0	0	0	0	0	0	0	0	0	0	0	0	0	0	0	0	0	0	0	0	0	0	0	0	0	0	0	0	0	0	0	0	0	0	0	0	0	0	0	0	0	0	0	0	0	0	0	0	0	0	0	65	0	0	0	0	0	0	0	0	0	0	17	0	0	0	0	2	0	0	0	0	0	0	0	0	0	0	0	0	0	0	0	0	0	0	0	0	0	0	0	0	0	0	0	0	0	0	0	0	0	0	0	0	0	0	0	0	0	0	0	0	0	0	0	0	0	0	0	0	0	0	0	0	0	0	0	0	0	0	0	0	0	0	0	0	0	0	0	0	0	0	0	0	0	0	0	0	0	0	0	0	0	0	0	0	0	0	0	0	0	0	0	0	0	0	0	0	0	0	0	0	0	0	0	0	0	0	0	0	0	0	0	0	0	0	0	0	0	0	0	0	0	0	0	0	0	0	0	0	0	0	0	0	0	0	0	0	0	0	0	0	0	0	0	0	0	0	0	0	0	0	0	0	0	0	0	0	0	0	0	0	0	0	0	0	0	0	0	0	0	0	0	0	0	0	0	0	0	0	0	0	0	0	0	0	0	0	0	0	0	0	0	0	0	0	0	0	0	0	0	0	0	0	0	0	0	0	0	0	0	0	0	0	0	0	0	0	0	0	0	0	0	0	0	0	0	0	0	0	0	0	0	0	0	0	0	0	0	0	0	0	0	0	0	0	0	0	0	0	0	0	0	0	0	0	0	0	0	0	0	0	0	0	0	0	0	0	0	0	0	0	0	0	0	0	0	0	0	0	0	0	0	0	0	0	0	0	0	0	0	0	0	0	0	0	0	0	0	0	0	0	0	0	0	0	0	0	0	0	0	0	0	0	0	0	0	0	0	0	0	0	0	0	0	0	0	0	0	0	0	0	0	0	0	0	0	0	0	0	0	0	0	0	0	0	0	0	0	0	0	0	0	0	0	0	0
D66	0	14	222	276	0	0	13	76	0	0	0	0	58	4909	0	9	22	0	9	0	5	0	1	0	37	0	0	0	0	0	0	0	0	133	0	0	203	16	0	0	326	6	6	0	0	11	42	926	0	0	0	62	10	9	2	4	3104	0	0	125	0	0	5	0	0	0	0	2	65	0	0	108	3	0	143	504	5	75	0	0	7	355	0	3	2629	0	0	24	0	0	3	74	202	0	0	0	0	488	0	41	0	1	0	0	5	0	44	0	368	11	0	0	12	61	0	0	12	1711	0	0	0	57	64	28	0	0	0	907	0	1	0	0	77	0	646	35	0	0	0	0	0	56	0	31	114	0	0	0	2	0	0	0	74	50	8	91	273	0	7	0	216	85	48	0	0	3	0	0	62	164	510	1611	152	27	3	0	806	195	0	9	0	0	210	17	0	2	0	8	51	919	0	32	0	0	0	0	17	0	16	2	0	0	14	48	0	20	6	499	13	1249	61	0	17	34	0	28	1163	0	28	0	0	0	15	4	0	2	0	16	0	4472	0	211	0	0	0	0	69	0	0	63	0	23	8	95	7	0	0	5	0	7	0	0	2	25	0	0	50	111	53	67	0	0	3	0	0	402	4	0	1182	1	0	0	2	0	36	50	474	23	0	0	2	4	17	0	8	138	0	67	0	0	1244	0	0	0	76	61	9	3	99	807	0	1453	285	11	31	454	136	65	0	0	59	34	0	223	68	0	0	301	93	53	3	0	5	23	0	0	51	116	0	548	2149	343	0	156	378	0	26	273	0	0	141	0	56	1008	4	4	10	6	0	411	373	0	0	0	0	25	0	0	11	53	21	76	0	46	58	1668	0	51	0	12	22	77	0	4	2978	6	0	58	0	0	41	35	0	0	4	3544	0	27	0	259	52	50	968	0	0	41	0	0	0	3	0	561	475	418	91	0	0	0	1998	0	84	27	0	0	118	0	0	3	32	0	4	501	1444	11	0	0	0	0	0	0	0	3832	35	0	0	0	150	41	0	165	173	0	36	0	0	0	0	12	0	62	3	0	0	0	0	35	121	0	264	0	0	9	0	0	2	99	46	7	4	0	575	13	3	144	0	515	0	0	0	0	0	28	4	468	0	14	0	46	0	0	0	21	6	0	0	0	14	8	169	0	25	0	0	0	0	7738	428	0	0	0	0	351	0	28	0	515	0	4	2	487	65	203	0	92	4005	233	0	0	0	46	8	0	55	22	608	0	33	0	0	3	0	128	97	72	0	0	0	7	41	379	0	1	169	0	72	4	0	0	0	0	89	20	0	177	0	0	35	34	170	0	1001	0	0	8	3	19	11	0	75	0	4	0	15898	27	0	40	0	40	500	0	28	0	85	5	0	0	0	14	5472	0	0	86	0	72	549
D67	0	0	0	0	0	0	0	0	0	0	0	0	0	0	0	0	0	0	0	0	0	0	0	0	0	0	0	0	0	0	0	0	0	0	0	0	0	0	0	0	0	0	0	0	0	0	0	0	0	0	0	0	0	0	0	0	0	0	0	0	0	0	0	0	0	0	0	0	0	0	0	0	0	0	0	0	0	0	0	0	0	0	0	0	0	0	0	0	0	0	0	0	0	0	0	0	0	0	0	0	0	0	0	0	0	0	0	0	0	0	0	0	0	0	0	0	0	0	0	0	0	0	0	0	0	0	0	0	0	0	0	0	0	0	0	0	0	0	0	0	0	0	0	0	0	0	0	0	0	0	0	0	0	0	0	0	0	0	0	0	0	0	0	0	0	0	0	0	0	0	0	0	0	0	0	0	0	0	0	0	0	0	0	0	0	0	0	0	0	0	0	0	0	0	0	0	0	0	0	0	0	0	0	0	0	0	0	0	0	0	0	0	0	0	0	0	0	0	0	0	0	0	0	0	0	0	0	0	0	3	0	0	0	0	0	0	0	0	0	0	0	0	0	0	0	0	0	0	0	0	0	0	0	0	0	0	0	0	0	0	0	0	0	0	0	0	0	0	0	0	0	0	0	0	0	0	0	0	0	0	0	0	0	0	0	0	0	0	0	0	0	0	0	0	0	0	0	0	0	0	0	0	0	0	0	0	0	0	0	0	0	0	0	0	0	0	0	0	0	0	0	0	0	0	0	0	0	0	0	0	0	0	0	0	0	0	0	0	0	0	0	0	0	0	0	0	0	0	0	0	0	0	0	0	0	0	0	0	0	0	0	0	0	0	0	0	0	0	0	0	0	0	0	0	0	0	0	0	0	0	0	0	0	0	0	0	0	0	0	0	0	0	0	0	0	0	0	0	0	0	0	0	0	0	0	0	0	0	0	0	0	0	0	0	0	0	0	0	0	0	0	0	0	0	0	0	0	0	0	0	0	0	0	0	0	0	0	0	0	0	0	0	0	0	0	0	0	0	0	0	0	0	0	0	0	0	0	0	0	0	0	0	0	0	0	0	0	0	0	0	0	0	0	0	0	0	0	0	0	0	0	0	0	0	0	0	0	0	0	0	0	0	0	0	0	0	0	0	0	0	0	0	0	0	0	0	2	0	0	0	0	0	0	0	0	0	0	0	0	0	0	0	0	0	0	0	0	0	0	0	0	0	0	0	0	0	0	0	0	0	0	0	0	0	0	0	0	0	0	0	0	0	0	0	0	0	0	0	0	0	0	0	0	0	0	0	0	0	0	0	0	0	0	0	0	0	0	0	0	0	0	0	0	0	0	0	0	0	0	0	0	3	0	0	2	0	0	0	0	0	0	0	0	0	0
D68	0	0	0	0	0	0	0	0	0	0	0	0	0	0	0	0	0	0	0	0	0	0	0	0	0	0	0	0	0	0	0	0	0	0	0	0	0	0	0	0	0	0	0	0	0	0	0	0	0	0	0	0	0	0	0	0	0	0	0	0	0	0	0	0	0	0	0	0	0	0	0	0	0	0	0	0	0	0	0	0	0	0	0	0	0	0	0	0	0	0	0	0	0	0	0	0	0	0	0	0	0	0	0	0	0	0	0	0	0	0	0	0	0	0	0	0	2	0	0	2	0	0	0	0	0	0	0	0	0	0	0	0	0	0	0	0	0	0	0	0	0	0	0	0	0	0	0	0	0	0	0	0	0	0	0	0	0	0	0	0	0	0	0	0	0	0	0	0	0	0	0	0	0	0	0	0	0	0	0	0	0	0	0	0	0	0	0	0	0	0	0	0	0	0	0	0	0	0	0	0	0	0	0	0	0	0	0	0	0	0	0	0	0	0	0	0	0	0	0	0	0	0	0	0	0	0	0	0	0	0	0	0	0	0	0	0	0	0	0	0	0	0	0	0	0	0	0	0	0	0	0	0	0	0	0	0	0	0	0	0	0	0	0	0	0	0	0	0	0	0	0	0	0	0	0	0	0	0	0	0	0	0	0	0	0	0	0	0	0	0	0	0	0	0	0	0	0	0	0	0	0	0	0	0	0	0	0	0	0	0	0	0	0	0	0	0	0	0	0	0	0	0	0	0	0	0	0	0	0	0	0	0	0	0	0	0	0	0	0	0	0	0	0	0	0	0	0	0	0	0	0	0	0	0	0	0	0	0	0	0	0	0	0	0	0	0	0	0	0	0	0	0	0	0	0	0	0	0	0	0	0	0	0	0	0	0	0	0	0	0	0	0	0	0	0	0	0	0	0	0	0	0	0	0	0	0	0	0	0	0	0	0	0	0	0	0	0	0	0	0	0	0	0	0	0	0	0	0	0	0	0	0	0	0	0	0	0	0	0	0	0	0	0	0	0	0	0	0	0	0	0	0	0	0	0	0	0	0	0	0	0	0	0	0	0	0	0	0	0	0	0	0	0	0	0	0	0	0	0	0	0	0	0	0	0	0	0	0	0	0	0	0	0	0	0	0	0	0	0	0	0	0	0	0	0	0	0	0	0	0	0	0	0	0	0	0	0	0	0	0	0	0	0	0	0	0	0	0	0	0	0	0	0	0	0	0	0	0	0	0	0	0	0	0	0	0	0	0	0	0	0	0	0	0	0	0	0	0	0	0	0	0	0	0	0	0	0	0	0	0	0	0	0	0	0	0	0	0	0	0	0	0	2	0	0	0	0	0	0	0	0	0	0	0	0	0	0	0	0	0	0	0	0	0	0
D69	21	0	0	32	0	0	5	0	0	183	0	0	0	0	0	0	11	0	0	16	2	0	1	0	0	0	0	78	0	0	0	0	0	0	0	0	27	0	0	85	0	0	9	0	0	0	1	0	568	0	9	0	0	0	0	333	512	156	8	0	1	0	2	0	0	0	0	0	156	0	0	0	0	0	0	235	0	84	0	0	0	0	6	2	0	0	68	0	0	0	17	0	0	0	0	0	0	0	0	0	0	0	0	167	0	0	0	0	0	8	113	1	0	0	0	0	0	355	0	0	0	0	0	0	0	0	27	0	0	0	0	0	0	0	0	0	58	246	2	0	0	0	257	0	0	0	0	5	67	2	0	0	3	0	0	36	4	1457	0	0	895	0	0	0	0	3	0	5	0	0	0	0	253	0	0	0	0	0	14	0	174	0	0	74	22	0	2	0	0	143	432	0	0	0	0	0	0	0	0	55	0	0	95	0	9	0	2	0	0	0	0	11	0	0	0	0	0	0	0	0	0	0	0	335	0	0	0	0	10	0	0	0	0	0	670	0	30	2	640	315	0	0	0	0	0	0	0	76	115	0	0	0	0	0	2	2	0	0	0	0	1	0	3	0	0	0	0	0	0	261	2	0	0	0	0	0	71	0	0	0	0	0	0	0	0	0	0	0	0	0	212	0	0	0	0	0	0	1	0	0	0	0	0	0	0	8	121	0	0	0	0	0	0	0	63	241	0	0	0	222	0	0	0	0	0	0	0	0	0	0	2	0	566	0	0	2	9	0	0	0	0	0	0	0	0	3	0	0	0	0	0	0	0	15	0	0	24	0	0	0	494	25	28	1	91	0	0	0	43	0	0	0	0	8	0	42	0	0	4	0	0	0	0	0	0	0	24	0	0	24	18	0	0	0	0	0	0	164	0	68	3	1	0	0	0	0	0	0	0	0	0	0	0	0	0	0	0	16	0	0	0	0	0	189	0	0	3	0	93	0	0	0	1	0	0	0	0	0	0	204	2	3	0	4	86	31	0	0	0	5	0	0	57	2	0	4	0	0	0	0	0	0	0	0	0	244	0	0	0	31	0	3	0	560	0	0	99	0	17	2	0	0	0	0	0	0	43	0	0	0	0	0	0	0	0	0	51	0	4	0	0	3	0	53	0	0	0	0	0	53	0	4	0	0	0	0	4	0	0	77	0	0	0	0	0	0	0	0	0	0	336	12	0	0	0	0	9	0	0	0	0	0	0	0	0	847	5	0	0	0	205	0	61	126	7	56	0	19	0	161	0	0	0	0	0	0	0	0	0	0	22	0	0	0	0	0	0	277	0	0	0	0	10	52	0	0	0	16	0	0	0	130	0	0	1	55	21	63	0	0	0	39	0	239	0
D70	0	0	0	0	0	0	0	0	0	0	0	16	0	0	0	0	0	0	0	0	0	0	7	0	0	0	0	0	13	3	0	0	0	0	4	0	0	0	0	0	0	0	0	0	0	0	0	0	0	0	0	0	0	0	0	0	0	0	0	0	0	4	0	0	0	0	0	0	0	0	0	0	0	0	0	0	0	0	0	0	0	0	0	0	0	0	0	0	0	0	0	0	0	0	0	0	0	0	0	0	0	0	0	0	0	0	0	0	0	0	0	0	0	0	144	0	0	0	0	13	0	0	0	0	0	0	0	0	0	0	0	0	0	6	0	0	0	0	0	0	8	0	0	0	0	0	0	0	0	0	0	0	0	0	0	0	0	0	0	0	2	0	0	0	0	0	0	0	0	0	0	0	0	0	0	0	0	0	0	0	0	0	0	0	0	0	0	0	0	0	0	0	2	0	0	0	2	0	0	0	0	0	0	0	0	0	0	0	0	0	0	0	0	0	0	0	0	0	0	0	0	0	0	0	0	0	0	0	0	0	0	0	0	0	0	0	0	0	0	0	3	0	0	0	0	0	0	0	0	0	0	0	0	0	0	0	0	0	0	0	0	0	0	0	0	0	2	0	0	0	0	0	0	0	0	0	0	0	0	12	0	0	0	0	8	0	0	0	0	0	0	9	0	0	0	0	0	0	0	0	0	0	0	0	0	0	0	0	0	0	0	0	18	0	0	0	47	0	0	0	0	0	0	0	0	0	0	0	0	0	0	0	0	0	0	0	2	0	0	0	0	3	0	0	0	0	0	0	0	0	0	0	0	0	10	0	0	0	0	0	0	0	0	0	0	0	0	0	0	0	11	0	0	0	0	0	0	0	0	8	0	0	0	0	0	0	0	0	0	0	0	0	0	5	0	0	0	0	0	0	0	0	0	0	0	0	0	17	0	0	0	0	12	0	0	0	0	0	0	3	0	0	0	0	0	0	0	0	0	0	0	0	0	0	0	0	0	0	0	0	0	0	0	0	0	0	0	0	0	0	0	0	0	11	0	0	0	0	0	0	370	0	0	0	0	5	0	0	0	0	0	0	0	0	0	0	0	0	0	0	2	0	6	0	0	0	0	0	0	0	0	0	0	0	0	0	0	0	0	0	0	0	56	0	0	0	0	0	0	0	0	0	0	0	0	0	0	0	0	0	0	0	0	0	0	0	0	0	3	0	0	0	0	0	0	0	0	0	17	0	0	0	0	0	60	0	0	0	0	0	0	0	0	0	0	0	0	0	0	0	0	0	0	0	1	0	0	0	0	0	0	0	13	0	13	0	0	0	0	0	0	0	0	0	0	0	0	0	0	0	0	0	0	4	0	0	0	0	0	0	0	0	0	0	0
D71	0	77	16	9	9	0	0	7	708	0	0	307	0	0	0	0	0	0	0	0	0	0	74	0	0	0	0	0	0	0	0	0	0	0	0	0	0	203	300	13	34	0	0	0	0	0	0	9	0	0	0	0	3	0	12	5	354	0	77	0	0	0	115	0	0	0	0	148	0	0	0	0	4	0	0	918	0	0	0	0	0	0	0	0	0	0	0	0	0	0	0	0	0	183	0	0	0	0	0	0	0	12	0	0	0	0	15	0	0	0	0	0	0	0	0	22	0	0	0	0	12	0	530	29	12	0	0	40	0	0	0	396	5	0	0	0	0	0	0	0	9	116	0	0	0	0	0	0	0	0	0	4	0	35	0	108	7	0	0	5	0	38	0	0	2	0	0	0	0	0	257	3	724	0	0	0	0	0	0	0	0	0	3268	20	0	119	0	0	0	174	0	0	0	0	0	0	24	297	0	0	66	0	0	0	0	0	0	0	2	0	0	15	0	0	182	0	28	0	35	11	0	0	0	0	0	0	0	258	0	0	34	0	0	0	0	0	0	0	0	0	50	0	37	0	14	0	0	0	0	0	0	0	0	3	0	0	0	0	10	98	51	0	11	0	0	0	77	0	0	0	0	0	0	0	0	0	0	0	0	0	0	0	0	0	0	0	0	0	0	0	6	0	459	0	0	87	524	0	40	0	2	0	0	0	0	0	764	0	0	0	5	0	4648	19	0	0	0	0	0	0	0	0	77	0	175	0	0	13	691	14	0	0	1756	0	0	0	41	0	0	1368	0	0	88	2	0	426	93	0	0	5	0	0	0	0	0	0	0	0	0	50	0	0	0	0	376	15	0	0	0	72	1157	0	0	0	0	0	0	0	0	11	0	0	0	0	0	0	0	0	5	0	0	0	0	0	20	0	0	0	0	10	0	0	0	0	0	0	0	14	0	11	0	0	0	0	0	0	0	9	0	0	0	0	0	0	120	0	0	0	0	0	0	0	6	2	7	0	361	0	0	0	0	0	9	0	0	0	0	0	0	0	146	7456	3	0	0	0	0	0	0	23	0	0	0	16	0	169	21	0	0	0	0	3	20	0	0	0	0	0	0	0	63	0	0	0	0	0	0	0	50	0	0	0	0	32	0	0	0	0	0	0	0	0	4	369	0	0	0	0	0	0	0	0	0	0	0	0	0	5	0	0	0	0	0	0	0	0	0	3	803	0	0	13	0	0	0	0	0	360	0	0	0	0	14	23	0	0	0	0	0	0	0	46	0	0	0	16	0	0	0	17	1	0	0	0	0	3	0	12	0	0	0	223	6	330	0	0	0	0	0	0	0	0	9473	0	0	0	0	0	0	0	0	0	6	0	0	0	0	0	13	0	0	70	0	0	0
D72	0	0	0	0	0	0	0	0	0	0	0	0	0	0	0	0	0	0	0	0	0	2	2	21	0	0	4	0	0	0	0	0	0	0	0	0	0	0	0	21	0	0	0	9	0	0	0	0	0	0	0	0	0	0	0	0	0	0	0	0	0	0	0	0	0	0	0	0	2	0	0	89	0	0	0	0	0	0	0	0	0	0	0	0	0	0	0	0	19	0	0	0	0	94	0	0	0	0	82	0	0	0	2	0	0	0	0	0	0	0	0	0	1	0	0	0	0	0	0	0	0	0	0	0	0	0	0	0	0	0	0	0	0	0	0	0	0	117	0	0	0	0	0	0	0	0	0	0	0	0	0	0	0	0	0	0	0	0	0	6	0	0	0	0	42	0	0	0	0	0	0	0	0	0	0	0	0	0	0	0	0	0	0	0	0	0	0	0	0	0	0	0	0	96	0	0	0	0	0	0	0	965	0	0	0	0	0	0	0	0	0	0	0	0	0	0	0	0	0	0	0	2	15	0	0	0	0	0	5353	0	0	0	0	0	0	0	0	0	0	0	0	0	0	0	0	0	0	0	0	0	0	0	0	0	0	0	0	0	0	0	0	0	0	0	0	0	0	0	0	0	0	0	0	0	0	0	0	0	0	0	0	0	0	0	0	0	4	0	0	3	0	0	0	0	0	0	4	0	92	0	22	0	28	5	0	0	0	0	0	0	0	0	0	0	0	0	0	0	0	0	0	0	0	0	0	0	0	0	0	0	0	0	0	0	0	0	0	0	8	0	0	0	0	0	0	0	0	0	0	0	3	0	0	0	0	0	0	0	0	0	21	0	0	0	0	0	0	0	0	0	0	0	0	0	0	0	0	0	0	0	0	0	0	0	37	0	0	0	0	0	0	0	0	0	0	0	0	25	0	0	0	0	0	0	0	0	0	0	0	0	0	0	0	1596	0	0	0	0	0	0	0	0	0	0	0	15	0	0	0	0	0	0	0	0	4	0	0	0	3	0	0	0	0	0	0	0	0	0	0	0	0	0	0	0	0	0	0	0	0	0	0	0	0	0	0	0	0	0	0	0	0	0	0	0	0	0	0	0	168	0	0	0	0	0	9	0	0	0	0	7	0	0	0	0	0	0	0	0	18	3	0	0	0	0	0	0	0	0	0	0	0	0	0	0	0	0	0	0	4	0	0	0	0	0	0	0	0	0	0	0	0	0	0	0	0	0	0	0	0	0	0	0	0	0	0	0	0	0	0	0	0	0	2	0	0	0	0	23	0	0	0	0	0	0	0	0	0	0	0	0	0	0	0	0	0	0	0	0	0	0	0	0	0	7	0	0	17	0	0	4	0	0	14	0	0	0	0	0	0	0	0	0	0	0	0
D73	0	0	0	0	0	0	0	0	0	0	0	0	21	0	0	0	0	0	0	0	0	0	10	5	0	0	152	0	0	0	25	0	0	0	0	0	0	0	9	620	0	0	2	40	0	0	0	0	1	0	0	0	0	0	0	9	1	0	0	0	0	0	0	0	0	0	131	0	0	0	19	0	0	0	0	0	0	0	19	49	0	2	0	0	0	0	0	0	655	0	0	0	0	132	1	9	33	0	29	0	0	234	0	0	0	19	0	8	0	0	0	1012	0	0	0	0	0	0	0	0	0	0	0	0	0	0	0	0	1	0	0	0	0	0	0	0	0	487	0	0	0	0	0	0	0	0	19	154	0	0	0	0	0	0	0	14	0	0	0	0	2	0	0	471	19	0	4	0	0	0	0	0	0	0	0	1011	0	0	25	0	0	1375	0	0	0	2	25	0	0	0	0	0	0	630	515	0	0	0	0	0	3	0	0	0	5	0	0	0	0	0	0	0	0	0	0	0	0	3	0	0	0	0	0	9	1375	0	0	0	0	0	0	0	87	24	0	0	0	79	0	46	0	0	0	0	0	0	0	5	0	0	0	0	0	0	2	0	0	0	4	0	0	0	0	195	0	0	3	0	0	0	12	0	0	0	0	0	0	0	0	0	0	2	0	139	0	0	2	0	94	1	0	0	1	0	0	0	4	0	0	0	0	0	2	2	0	0	2	0	0	0	0	0	0	0	0	0	0	0	0	0	139	0	0	0	0	0	0	0	0	0	0	0	0	0	0	236	0	0	0	17	0	0	0	0	0	25	0	0	74	38	0	0	49	13	0	0	5	0	316	0	0	2	0	0	0	0	16	0	10	2	0	0	2	0	0	0	0	0	0	0	0	0	8	190	2	0	0	0	0	0	0	0	0	0	7	0	54	127	0	0	0	0	0	0	12	0	0	0	0	0	0	0	0	757	0	0	0	0	0	0	0	0	0	0	0	0	0	1625	5	24	369	0	0	0	0	0	0	0	584	0	0	488	0	3	3	0	25	0	1941	0	0	0	0	0	6	2	0	0	0	0	0	0	37	0	0	0	0	0	0	0	0	0	0	47	438	0	1197	7	2705	2	0	0	0	0	0	0	0	0	0	0	0	0	0	0	0	0	0	0	0	85	0	389	0	0	28	0	0	0	0	0	0	0	124	0	0	0	47	0	0	0	0	0	2	0	0	0	0	0	2	0	0	0	0	0	0	268	0	0	0	0	0	0	0	0	0	0	14	0	0	0	0	0	0	1246	0	0	2	1204	0	0	0	0	0	0	0	0	0	0	0	15	0	0	0	0	0	0	0	0	0	0	0	0	0	2	0	0	0	0	0	0	0	0	0	0	1500	56	329	0	0	0	8	3	0	0	0
D74	0	0	0	0	0	0	0	0	0	0	0	0	0	0	0	0	0	0	0	0	0	0	0	0	0	0	0	0	0	0	0	0	0	0	0	0	0	0	0	0	0	0	0	0	0	0	0	0	0	0	0	0	0	0	0	0	0	0	0	0	0	0	0	0	0	0	0	0	0	0	0	0	0	0	0	0	0	0	0	0	0	0	0	0	0	0	0	0	0	0	0	0	0	0	0	0	0	0	0	0	0	0	0	0	0	0	0	0	0	0	0	0	0	0	0	7	0	0	0	0	0	0	0	0	0	0	0	0	0	0	0	0	0	0	0	0	0	0	0	0	0	0	0	0	0	0	0	0	0	0	0	0	0	0	0	0	0	0	0	0	0	0	0	0	0	0	0	0	0	0	0	0	0	0	0	0	0	0	0	0	0	0	0	0	0	0	0	0	0	0	0	0	0	0	0	0	0	0	0	0	0	0	0	0	0	0	0	0	0	0	0	0	0	0	0	0	0	0	0	0	0	0	0	0	0	0	0	13	0	0	0	0	0	0	0	0	0	0	0	0	0	0	0	0	0	0	0	0	0	0	0	0	0	0	0	0	0	0	0	0	0	0	0	0	0	0	2	0	0	0	0	0	0	0	0	0	0	0	37	0	0	0	0	0	0	0	0	0	0	0	0	0	0	0	0	0	0	0	0	0	0	0	0	0	0	0	0	0	0	0	0	0	0	0	0	0	0	0	0	0	0	0	3	0	0	0	0	0	0	0	0	0	0	0	0	0	0	0	0	0	0	0	0	0	0	0	0	0	0	0	0	0	0	0	0	0	0	0	0	0	0	0	0	0	0	0	0	0	0	0	0	0	0	0	0	0	0	0	221	0	0	0	0	0	0	0	0	0	0	0	0	0	0	0	0	0	0	0	0	0	0	0	0	0	0	0	0	0	0	0	0	0	0	0	0	8	0	0	0	0	0	0	0	0	0	0	0	0	0	0	0	0	0	0	0	0	0	0	0	0	0	0	0	0	0	0	0	0	0	0	0	0	0	0	0	0	0	0	0	0	0	0	0	89	0	0	0	0	0	0	0	0	0	0	0	0	0	0	0	0	0	0	0	0	0	0	0	0	0	0	0	0	0	6	0	0	0	0	0	0	0	0	0	0	0	0	0	349	0	0	0	0	0	0	0	0	0	0	0	0	0	0	0	0	0	0	0	0	3	0	0	0	0	0	0	0	0	0	0	0	112	0	0	0	0	0	0	0	0	0	0	0	0	0	0	0	0	0	0	0	0	0	0	0	0	6260	0	0	0	0	0	0	0	0	0	0	0	0	0	0	0	0	98	0	0	0	0	0	0	0	0	0	0	0	0	0	0	0	0	0	0	0	0	0	0
D75	0	0	0	0	0	0	0	0	0	0	0	0	0	0	0	0	0	0	0	0	0	0	0	0	0	0	0	0	0	0	0	0	0	0	0	0	0	0	0	0	0	0	0	0	0	0	0	0	0	0	0	0	0	0	0	0	0	0	0	0	0	0	0	0	0	0	0	0	0	0	0	0	0	0	0	0	0	0	0	0	0	0	0	0	0	0	0	0	0	0	0	0	0	0	0	0	0	0	0	0	0	0	0	0	0	0	0	0	0	0	0	0	0	0	0	0	0	0	0	0	0	0	0	0	0	0	0	0	0	0	0	0	0	0	0	0	0	0	0	0	0	0	0	0	0	0	0	0	0	0	0	0	0	0	0	0	0	0	0	0	0	0	0	0	0	0	0	0	0	0	0	0	0	0	0	0	0	0	0	0	0	0	0	0	0	0	0	0	0	0	0	0	0	0	0	0	0	0	0	0	0	0	0	0	0	0	0	0	0	0	0	0	0	0	0	0	0	0	0	0	0	0	0	0	0	0	0	0	0	0	0	0	0	0	0	0	0	0	0	0	0	0	0	0	0	0	0	0	0	0	0	0	0	0	0	0	0	0	0	0	0	0	0	0	0	0	18862	0	0	0	0	0	0	0	0	0	0	0	0	0	0	0	0	0	0	0	0	0	0	0	0	0	0	0	0	0	0	0	0	0	0	0	0	0	0	0	0	0	0	0	0	0	0	0	0	0	0	0	0	0	0	0	0	0	0	0	0	0	0	0	0	0	0	0	0	0	0	0	0	0	0	0	0	0	0	0	0	0	0	0	0	0	0	0	0	0	0	0	0	0	0	0	0	0	0	0	0	0	0	0	0	0	0	0	0	0	0	0	0	2	0	0	0	0	0	0	0	0	0	0	0	0	0	0	0	0	0	0	0	0	0	0	0	0	0	0	0	0	0	0	0	0	0	0	0	0	0	0	0	0	0	0	0	0	0	0	0	0	0	0	0	0	0	0	0	0	0	0	0	0	0	0	0	0	0	0	0	0	0	0	0	0	0	0	0	0	0	0	0	0	0	0	0	0	0	0	0	0	0	0	0	0	0	0	0	0	0	0	0	0	0	0	0	0	0	0	0	0	0	0	0	0	0	0	0	0	0	0	0	0	0	0	0	0	0	0	0	0	0	0	0	0	0	0	0	0	0	0	0	0	0	0	0	0	0	0	0	0	0	0	0	0	0	0	0	0	0	0	0	0	0	0	0	0	0	0	0	0	0	0	0	0	0	0	0	0	0	0	0	0	0	0	0	0	0	0	0	0	0	0	0	0	0	0	0	0	0	0	0	0	0	0	0	0	0	0	0	0	0	0	0	0	0	0	0	0	0	0	0	0	0	0	0	0	0
D76	0	0	0	0	0	2	0	0	0	0	0	0	0	0	0	0	0	0	0	0	0	0	0	0	0	0	0	0	0	0	0	0	0	0	0	0	0	0	0	0	0	0	0	3	0	0	0	0	0	0	0	0	0	0	0	0	0	0	0	0	0	0	0	0	0	0	0	0	0	0	0	0	0	0	0	0	0	0	0	0	0	0	0	0	0	0	0	0	0	0	0	0	0	0	0	0	0	0	0	0	0	0	0	0	0	0	0	0	0	0	0	0	0	0	0	387	0	0	0	0	0	0	0	0	0	0	0	0	0	0	0	0	0	0	0	0	0	0	0	0	0	0	0	0	0	0	0	0	0	0	0	5	0	0	0	0	0	0	0	0	0	0	0	0	0	0	0	0	0	0	0	0	0	0	0	0	0	0	0	0	0	0	0	0	0	0	0	0	0	0	0	0	0	0	0	0	0	0	0	0	0	0	0	0	0	0	0	0	0	0	0	0	0	0	0	0	0	0	0	165	0	0	0	0	0	0	0	1811	0	0	0	0	0	0	0	0	0	0	0	0	0	0	0	0	0	0	869	0	0	0	0	0	0	0	0	0	0	0	0	0	0	0	0	0	0	0	0	0	0	0	0	0	0	0	0	0	0	0	0	0	0	0	0	0	0	0	0	0	0	0	0	0	0	0	0	0	0	0	0	0	0	0	0	0	0	0	0	0	0	0	0	0	0	0	0	0	0	0	0	0	0	0	0	0	0	0	0	0	0	0	0	0	0	0	0	0	0	0	0	0	0	0	0	0	0	0	0	0	0	0	0	0	0	0	0	0	0	0	0	0	0	0	0	0	0	0	0	0	0	0	0	0	0	0	0	0	0	0	0	0	0	0	0	0	0	0	0	0	0	0	0	0	0	0	0	0	0	0	0	0	0	0	0	0	0	0	0	0	0	0	0	0	0	0	0	0	0	0	0	0	0	0	0	0	0	0	0	0	0	0	0	0	0	5	0	0	0	0	0	0	0	0	0	0	0	0	0	0	0	0	0	0	0	0	0	0	0	0	0	0	0	0	0	0	0	0	0	0	0	0	0	0	0	0	0	0	0	0	0	0	0	0	0	0	0	0	0	0	0	0	69	0	0	0	0	0	0	0	0	0	0	0	0	0	0	0	0	9	0	0	0	0	0	0	0	0	0	0	0	0	0	0	0	0	0	0	31	0	0	0	0	0	0	0	0	0	0	0	0	0	0	0	0	0	0	0	0	0	0	0	0	0	0	0	0	0	0	0	0	0	0	0	0	0	0	0	0	0	0	0	0	0	0	0	0	0	0	0	0	0	0	0	0	0	0	0	0	0	0	0	0	0	0	0	0	0	0	0	0	0	0	0	0	0	0
D77	0	0	0	0	0	0	0	0	0	0	0	0	0	0	9	0	0	6	0	0	0	0	0	3	0	0	0	0	0	0	0	0	0	0	0	0	0	0	0	0	0	0	0	4	0	0	0	0	0	0	11	0	0	0	47	4	0	0	0	0	0	0	0	0	0	0	282	0	0	0	0	0	0	0	0	0	0	0	41	64	0	0	0	0	0	0	0	0	438	0	0	0	0	346	0	212	0	0	44	0	0	0	198	0	0	12	0	0	0	0	0	253	214	0	0	0	0	0	0	0	0	0	0	0	0	0	2	0	0	0	0	0	0	0	0	0	0	2257	0	0	0	0	0	0	0	0	36	13	0	281	0	0	2	0	0	0	0	0	0	0	0	0	0	119	0	0	0	0	0	0	0	0	0	0	0	43	0	0	45	0	98	0	0	0	0	0	11	0	0	0	0	0	0	455	5	0	0	0	0	0	0	495	0	0	834	0	0	0	0	0	0	0	0	0	0	0	0	0	0	0	0	0	0	0	0	0	0	0	3	0	0	0	0	7	0	0	0	0	0	0	13	0	0	0	0	0	0	0	0	0	0	0	0	0	18	0	0	0	177	0	0	0	0	4	0	0	0	0	0	0	6	0	0	0	0	0	0	0	0	0	0	0	0	0	0	0	0	0	0	0	0	0	0	0	0	0	0	0	0	0	169	0	3	0	0	0	2	0	0	0	0	0	0	0	0	0	0	0	0	0	0	0	0	0	0	0	0	0	0	0	0	0	0	0	0	88	0	0	275	0	0	0	0	0	0	2	0	0	28	0	0	0	1	0	0	0	0	0	81	0	2	0	0	0	0	0	0	0	0	0	0	0	0	43	0	0	0	0	0	0	6	0	0	22	38	0	0	0	0	0	0	0	0	0	0	0	68	46	0	0	0	0	0	0	0	0	0	0	0	0	0	0	0	2427	0	0	0	0	0	0	0	0	0	0	0	0	0	1768	0	22	0	0	0	0	0	0	0	0	471	0	0	75	0	0	15	0	0	0	0	0	0	1	0	0	98	0	0	0	0	0	0	0	0	0	0	0	0	0	0	27	0	0	0	0	384	0	1342	0	5392	86	0	0	0	0	0	0	0	0	0	0	0	0	0	0	0	1	0	0	103	463	0	131	0	0	2	0	0	0	0	0	0	0	283	0	0	0	0	0	0	0	0	0	0	0	0	0	0	0	0	0	0	0	0	0	0	7	3	0	0	0	0	0	0	0	0	0	31	0	0	0	0	0	0	0	0	0	0	48	0	0	0	0	0	0	0	0	0	0	0	0	0	0	0	2	0	0	0	0	0	0	0	59	0	0	0	0	0	0	0	0	0	0	0	0	54	0	0	0	0	291	0	0	0	0	0
D78	0	0	0	0	3	0	0	0	1	9	0	0	0	0	0	0	0	129	0	0	0	0	7	3	0	0	96	0	0	0	1129	0	0	0	0	0	242	0	3	277	0	0	0	0	0	0	0	0	2	0	121	0	0	0	0	0	0	0	4	0	0	0	0	0	0	0	0	0	11	0	3418	0	1	0	0	0	0	0	175	376	0	0	60	0	0	0	2	0	2549	0	0	0	0	964	0	259	190	0	119	0	0	0	1	81	0	93	0	0	0	0	0	792	0	0	0	0	0	0	0	2	0	0	0	0	0	0	62	0	142	0	0	0	0	0	0	0	0	2044	0	0	0	0	283	0	0	0	22	752	0	0	1	0	0	0	0	6	7	0	0	131	0	0	0	43	2	72	5	0	0	0	0	0	0	0	0	401	3	5	8	0	0	240	0	0	0	8	143	0	0	0	0	0	0	1399	114	0	0	0	0	0	0	0	0	0	28	0	0	0	0	0	0	0	0	0	0	0	0	2	0	0	0	0	0	0	14	0	14	0	0	0	0	0	24	31	0	0	0	1392	2	0	0	0	0	0	0	0	0	3	3	0	0	0	0	0	35	0	0	0	304	0	0	0	0	30	0	0	0	0	0	4	35	0	0	0	0	0	0	0	0	0	0	15	0	533	0	0	91	0	77	0	22	0	3	0	0	0	21	42	0	0	0	0	7	0	0	0	26	0	0	0	0	0	0	0	0	3	0	0	0	0	851	0	0	0	0	5	0	0	0	0	0	0	0	0	0	2245	0	0	27	4	0	0	0	0	0	11	0	0	5	0	6	0	80	1203	0	0	15	0	415	0	3	0	0	0	0	0	71	0	77	0	0	0	505	0	0	0	3	0	0	0	0	0	67	102	10	0	0	0	61	0	4	0	0	0	0	0	2191	0	93	21	27	0	0	0	225	0	0	0	0	0	0	0	0	533	0	0	0	0	0	0	2	0	0	0	0	0	31	1136	87	1	195	0	9	0	0	0	0	0	1771	0	0	39	0	62	22	0	307	0	674	0	0	0	6	0	195	3	0	0	0	0	0	0	2	0	0	0	0	0	0	3	0	0	0	389	426	0	653	521	1623	7	0	0	0	0	0	1	6	0	45	0	0	0	0	0	0	0	4	0	0	28	0	55	0	0	234	0	0	0	0	0	0	0	0	0	0	0	1641	0	0	0	0	0	970	0	0	0	0	0	0	0	0	0	0	0	0	332	5	0	0	0	0	0	0	0	0	0	1185	0	0	0	0	0	16	3214	2	0	0	1229	0	20	0	0	0	0	0	0	0	0	0	99	8	0	1	2	0	0	2	0	0	0	0	1	0	0	0	0	0	0	0	0	0	0	0	0	5983	130	19	0	0	0	8	2	0	0	0
D79	0	0	0	0	0	0	0	0	0	0	0	0	0	0	0	35	0	0	0	0	0	0	0	0	0	0	0	0	0	0	0	0	0	0	0	0	0	0	2	0	0	0	0	0	0	0	0	0	0	0	0	0	0	0	0	0	0	0	0	0	0	0	0	0	0	14	2	0	0	0	0	0	0	0	0	0	0	0	0	0	0	0	0	0	0	0	0	0	0	0	0	0	0	0	0	0	4	0	0	0	0	0	0	0	0	0	0	0	0	0	0	0	0	0	0	0	0	0	0	0	0	0	0	0	0	0	0	0	0	0	0	0	0	0	0	0	0	0	0	0	0	0	0	0	0	0	0	0	0	0	0	0	0	0	0	0	0	0	0	0	14	0	0	0	0	0	0	0	0	0	0	0	0	0	0	0	0	0	0	0	0	0	0	0	0	0	0	0	0	0	0	0	0	0	0	0	0	0	0	0	0	0	0	0	0	0	0	0	0	0	0	0	0	0	0	0	0	0	0	0	0	0	0	0	0	0	0	0	0	0	0	0	0	0	0	0	0	2	0	0	0	0	0	0	0	0	0	0	0	0	0	0	0	0	0	0	0	0	0	0	0	0	0	0	0	0	0	0	6	0	0	0	0	0	0	0	0	0	0	0	0	0	0	0	0	0	0	0	0	0	0	0	0	0	0	0	0	2	0	0	0	0	0	0	0	0	0	0	0	0	0	0	0	0	0	0	0	0	0	0	0	0	0	0	0	0	0	0	0	0	5	0	0	0	0	0	1	0	0	0	0	0	0	0	0	0	0	0	0	0	0	0	0	0	0	0	0	0	0	0	0	0	0	0	0	0	0	0	0	0	0	0	0	0	0	11	0	1	0	0	0	0	0	0	0	4	0	0	0	0	0	0	0	0	0	0	0	0	0	0	0	0	0	2	0	7	0	0	0	0	0	0	0	0	0	0	0	0	0	0	0	0	0	0	0	0	0	0	0	0	0	0	0	0	0	0	0	0	0	0	0	0	0	0	0	0	0	0	0	0	0	0	0	0	0	0	0	0	0	0	0	0	0	0	0	0	0	0	0	0	0	0	0	0	0	0	0	0	0	0	0	0	0	0	0	0	0	0	0	0	0	0	0	0	0	0	0	0	0	0	0	0	0	0	0	0	0	0	0	0	0	0	0	0	0	0	0	0	0	0	0	0	0	0	0	0	0	0	0	0	0	0	0	1	0	0	0	0	0	0	0	0	0	0	0	0	0	0	0	0	0	0	0	0	0	0	0	0	0	0	0	0	0	0	0	0	0	0	0	0	0	0	0	0	0	0	0	0	0	0	0	0	11	0	0	0	0	0	0	0	0	0	0	0	0	0	0	1	3	0	0	0	0	0	0
D80	0	0	0	0	0	0	0	0	0	0	0	0	0	0	0	0	0	0	0	0	0	0	0	0	0	0	0	0	0	0	0	0	0	0	0	0	0	0	0	0	0	0	0	0	0	0	0	0	0	0	0	0	0	0	0	0	0	0	0	0	0	0	0	0	0	0	0	0	0	0	0	0	0	0	0	0	0	0	0	0	0	0	0	0	0	0	0	0	0	0	0	0	0	0	0	0	0	0	0	0	0	0	0	0	0	0	0	0	0	0	0	0	0	0	0	0	0	0	0	0	0	0	0	0	0	0	0	0	0	0	0	0	0	0	0	0	0	0	0	0	0	0	0	0	0	0	0	0	0	0	0	0	0	0	0	0	0	0	0	0	0	0	0	0	0	0	0	0	0	0	0	0	0	0	0	0	0	0	0	0	0	0	0	0	0	0	0	0	0	0	0	0	0	0	0	0	0	0	0	0	0	0	0	0	0	0	0	0	0	0	0	0	0	0	0	0	0	0	0	0	0	0	0	0	0	0	0	0	0	0	0	0	0	0	0	0	0	0	0	0	0	0	0	0	0	0	3	0	0	0	0	0	0	0	0	0	0	0	0	0	0	0	2	0	0	0	0	0	0	0	0	0	0	0	0	0	0	0	0	0	0	0	0	0	0	0	0	0	0	0	0	0	0	0	0	0	0	0	0	0	0	0	0	0	0	0	0	0	0	0	0	0	0	0	0	0	0	0	0	0	0	0	0	0	0	0	0	0	0	0	0	0	0	0	0	0	0	0	0	0	0	0	0	0	0	0	0	0	0	0	0	25	0	0	0	0	0	0	0	0	0	0	0	0	0	0	0	0	0	0	0	0	0	0	0	0	0	0	0	0	0	0	0	0	0	0	0	0	0	0	0	0	0	0	0	0	0	0	0	0	0	0	0	0	0	0	0	0	0	0	0	0	0	0	0	4	0	0	0	0	0	0	0	0	0	0	0	0	0	0	0	0	0	61	0	0	0	0	0	0	0	0	0	0	0	0	0	0	0	0	0	0	0	0	0	0	0	0	0	0	0	0	0	0	0	0	0	0	0	0	0	0	0	0	0	0	0	0	0	0	0	0	0	0	0	0	0	0	0	0	5	0	0	0	0	0	0	0	0	0	0	0	0	0	0	0	0	12	0	0	0	0	0	0	0	0	0	0	0	0	0	0	0	0	0	0	0	0	0	0	0	0	0	0	0	0	0	0	0	0	0	0	0	0	0	0	0	0	0	0	0	0	0	0	0	0	0	0	0	0	0	0	0	0	0	0	0	0	0	0	0	0	0	0	0	0	0	0	0	0	0	0	0	0	0	0	0	0	0	0	0	0	0	0	0	0	0	0	0	0	0	0	0	0	0
D81	0	0	0	0	0	0	0	0	0	0	0	0	0	0	0	0	0	0	0	0	0	0	0	0	0	0	0	0	0	0	0	0	0	0	0	0	0	0	0	0	0	0	0	0	0	0	0	0	0	0	0	0	0	0	0	0	701	0	0	0	0	0	4127	0	0	0	0	0	0	0	0	0	0	0	0	0	0	0	0	0	0	0	0	0	0	0	0	0	0	0	0	0	0	0	0	0	0	0	0	0	0	0	0	0	0	0	0	0	0	0	0	0	0	0	0	0	0	0	0	0	0	0	0	0	0	0	0	0	0	0	0	0	0	0	0	0	0	0	0	0	0	0	0	0	0	0	0	0	0	0	0	0	0	0	0	0	0	0	0	0	0	0	0	0	0	0	0	0	0	0	0	0	0	0	0	0	0	0	0	0	0	0	5143	0	0	10	0	0	0	0	0	0	0	0	0	0	0	0	0	0	0	0	0	0	0	0	0	0	0	0	0	0	0	0	0	0	0	0	0	42	0	0	0	0	0	0	0	0	0	0	0	0	0	0	0	0	0	0	0	0	0	0	0	0	0	0	0	0	0	0	0	0	0	0	0	0	0	0	0	0	139	0	0	0	0	0	0	0	0	0	0	0	0	0	0	0	0	0	0	9728	0	0	0	0	0	0	0	0	0	0	0	0	0	0	0	0	0	0	0	0	0	0	0	0	0	0	0	0	0	0	0	0	0	0	0	0	0	0	0	0	0	0	0	0	1	0	0	0	4186	0	0	0	41735	0	0	0	0	0	0	0	0	0	0	0	0	0	0	0	0	0	0	0	0	0	0	0	0	0	0	0	0	0	0	0	0	0	0	0	0	0	0	0	0	0	0	0	0	0	0	0	0	0	0	0	0	0	0	0	0	0	0	0	0	0	0	0	0	0	0	0	0	0	0	0	0	0	0	0	0	0	0	0	0	0	0	0	0	0	0	0	0	0	0	0	0	0	0	0	0	0	0	0	0	0	0	0	0	0	0	0	0	0	0	0	0	0	0	0	0	0	0	0	0	0	0	0	0	0	0	270	0	0	0	0	0	0	0	0	0	0	0	394	0	0	0	0	0	0	0	0	7	0	0	0	0	0	0	0	0	0	0	0	0	0	0	0	0	0	0	0	0	0	0	0	0	0	0	0	0	0	0	0	0	0	0	0	0	0	0	0	0	0	0	0	0	0	0	0	0	0	0	0	0	0	0	0	0	66	0	0	0	0	0	0	0	0	0	0	0	0	0	0	0	0	0	0	0	0	0	0	0	0	0	0	0	0	0	0	0	0	0	0	0	0	0	0	0	0	0	0	0	0	0	0	0	0	0	0	0	0	0	0	0	0	0	0	0	0	0	0	0	0	0	0	0
D82	52	5	2	255	61	0	4	14	0	80	71	0	0	0	118	0	0	26	0	23	17	0	0	0	0	0	0	0	0	0	0	0	35	0	0	0	137	0	91	0	0	23	14	0	0	20	31	0	35	0	11	1	2	0	0	6	0	122	42	156	0	0	0	2	0	0	0	0	46	0	55	0	16	0	0	0	5	4	0	0	19	0	0	0	0	0	782	22	0	13	0	0	0	0	0	0	0	0	0	2	0	7	0	0	0	0	27	7	0	22	42	0	23	143	0	0	103	238	0	0	0	3	2	0	0	0	7	0	0	12	198	0	0	0	1	29	18	155	0	0	0	6	1874	43	106	0	0	0	57	0	0	0	22	0	8	11	23	0	10	0	100	0	12	0	0	0	0	26	0	0	0	16	0	3	0	0	118	138	0	2	42	0	204	26	2	0	0	6	4	34	86	0	0	0	0	0	0	0	9	14	0	3	55	23	10	4	59	5	0	27	31	0	2	6	0	4	0	0	14	0	0	0	18	193	0	12	6	0	0	0	133	29	0	0	144	19	0	0	65	3	0	0	2	29	0	0	0	5	2	0	0	0	53	114	0	0	0	9	186	0	0	7	0	2	0	6	0	303	0	14	0	33	0	0	6	1	0	0	0	0	0	7	0	0	0	49	0	24	0	1	530	0	17	68	6	0	11	0	3	2	0	0	6	0	0	34	6	3	4	0	76	0	0	85	121	35	0	13	37	0	0	0	0	30	0	0	4	2	0	0	0	12	19	35	142	0	1	0	0	31	0	0	0	135	1	53	0	0	0	95	30	0	0	0	0	6	31	63	311	0	23	401	0	87	0	0	0	0	412	0	0	0	0	0	10	0	31	0	0	0	2	0	21	0	0	0	0	0	14	301	0	10	271	0	132	34	0	0	609	46	0	105	611	0	0	0	34	3	0	0	0	1	0	0	4	0	162	11	10	0	0	0	0	156	4	0	32	0	0	100	0	14	49	0	0	0	0	55	0	0	17	0	0	0	7	8	0	0	0	473	0	0	27	0	139	0	41	0	0	0	0	0	0	0	13	13	0	45	10	29	110	0	2	1432	0	0	0	0	0	0	0	0	0	4	0	38	0	0	0	0	0	22	32	0	40	1	0	0	3	0	0	0	0	82	0	276	0	0	0	55	1	0	3	4	22	67	0	0	0	46	73	0	0	1	0	14	0	0	0	21	516	689	22	2	0	0	0	0	0	16	0	0	0	0	0	124	0	0	0	0	0	267	59	0	31	18	0	137	4	5	1	10	55	55	0	0	127	24	164	0	249	0	0	0	0	2	24	3	3	0	0	53	0	0	0	0	0	32	13	0	2	216	104	0	0	66	5	6	234	0	0	25	3	0	0
D83	0	6	0	0	0	54	5	0	287	0	0	2	0	0	0	0	0	0	0	0	0	0	9	0	0	0	0	0	17	0	0	0	0	0	3	0	0	3	17	7	12	0	0	3	1	0	0	0	2	0	0	0	0	0	0	9	18	0	15	0	0	19	24	97	0	0	0	0	0	7	0	0	8	0	0	17	0	0	0	0	0	0	0	0	0	0	0	0	0	0	0	0	0	0	0	0	0	2	0	0	28	0	0	0	0	0	0	0	0	0	0	0	0	0	15	1	2	0	0	268	52	0	11	2	0	15	0	11	0	0	0	1	0	0	0	5	0	0	0	63	5	0	0	0	0	128	0	0	0	0	0	6	0	0	2	2	0	0	0	0	2	0	0	0	26	0	0	0	0	0	5	0	29	0	206	0	0	0	0	0	0	0	39	0	0	16	0	0	0	25	0	0	1	0	0	19	1	15	0	0	10	0	0	0	0	0	0	0	7	2	0	13	0	0	7	0	0	3	3	31	4	0	0	0	0	0	0	24	0	0	0	0	0	0	0	0	0	0	0	0	60	0	19	2	2	2	10	0	0	3	0	0	0	0	0	13	2	0	0	0	0	0	230	0	8	0	67	0	0	0	0	0	0	0	0	0	0	0	0	0	0	0	0	0	6	0	0	0	0	0	3	0	0	0	0	15	12	0	0	0	0	0	0	0	0	0	20	0	5	10	0	12	2	2	3	0	0	0	0	0	0	8	0	0	3	0	0	0	0	0	2	0	149	0	1	0	5	0	0	32	0	33	6	0	0	7	19	0	0	0	0	16	0	0	6	3	0	0	0	0	0	0	0	0	17	0	0	4	0	3	24	0	0	0	0	0	0	0	31	0	0	0	0	0	0	0	0	0	0	0	0	0	0	5	2	0	0	0	0	0	0	0	0	0	0	39	0	3	0	0	0	0	26	0	0	0	0	0	0	5	0	0	0	5	7	0	0	0	0	0	0	0	0	0	6	0	0	0	0	0	0	0	0	0	0	0	0	0	0	0	0	0	0	23	0	0	0	0	0	0	3	0	0	61	0	14	10	0	0	0	0	0	0	0	0	5	0	0	0	0	0	0	41	0	0	0	0	0	0	0	0	2	0	0	0	0	0	0	0	0	0	0	0	15	0	0	0	0	0	0	0	0	0	0	8	0	0	0	0	0	4	0	0	4	1	0	50	0	78	0	0	0	0	0	0	0	0	12	5	0	0	0	2	6	9	0	0	0	0	0	0	4	0	0	0	0	0	0	0	0	0	0	0	0	2	0	0	0	3	0	0	2	0	3	2	0	0	0	0	0	0	0	6	0	0	0	0	0	0	0	0	0	0	5	0	0	0	0	2	0	0	6	0	0	4
D84	12	0	5	0	27	0	0	0	0	178	38	0	9	0	0	7	0	13	0	308	0	0	0	0	0	0	0	3	0	0	0	2	2	0	0	23	403	0	0	0	0	4	15	0	0	0	80	0	0	0	114	6	0	0	0	53	27	0	0	9	17	0	0	0	31	9	0	0	4	0	0	0	0	0	27	0	6	2	0	0	12	3	0	2	57	0	41	0	0	2	0	79	23	0	0	0	3	0	0	1	0	0	0	3	0	0	0	0	0	0	0	3	0	6	0	0	9	0	1	0	0	13	0	0	0	0	8	0	0	0	350	3	2	0	0	0	0	13	0	0	0	0	0	0	32	0	0	0	0	0	0	0	0	0	0	0	15	2	0	0	0	0	15	0	0	0	0	85	7	11	0	0	25	1	0	0	0	0	0	0	0	0	0	0	7	0	0	16	19	17	9	0	0	0	0	0	0	0	4	0	0	0	13	6	3	4	130	57	0	35	4	0	0	0	0	2	1	0	0	0	0	0	0	0	0	0	10	0	0	0	68	0	0	0	0	5	1	0	35	0	0	0	0	0	0	0	0	0	0	0	17	0	19	0	0	0	0	7	4	0	0	4	0	0	0	7	0	0	3	0	0	16	15	0	0	2	0	480	0	0	9	23	35	0	0	46	0	0	0	0	4	0	0	0	16	0	0	2	0	83	0	0	0	0	0	2	25	0	0	0	0	0	0	0	62	2	0	64	0	0	0	0	0	26	0	37	4	0	0	0	375	130	0	0	12	0	8	0	0	0	0	0	0	0	4	0	0	0	0	10	73	0	0	0	0	0	7	40	0	0	1	186	4	5	0	0	0	0	0	0	0	0	0	4	148	2	0	2	0	0	0	5	0	0	0	27	0	35	0	31	0	0	122	0	0	0	26	0	0	0	0	46	3	0	0	0	0	0	0	0	10	0	0	0	0	0	32	0	2	0	0	0	0	0	0	0	0	2	0	0	0	0	0	0	0	0	0	0	0	8	267	0	0	0	0	4	0	0	0	42	0	0	0	2	1	2	11	0	0	0	0	1	0	0	4	0	0	2	0	5	1166	2	0	0	0	0	0	0	0	0	0	202	0	0	0	33	0	16	0	1	0	6	221	0	35	2	0	0	15	0	0	0	0	0	0	1214	0	0	0	1	26	2	0	75	0	52	0	0	0	48	271	0	0	0	0	6	0	0	0	18	56	4	0	4	0	0	8	0	0	12	0	0	0	0	0	0	2	4	0	5	0	0	4	4	25	0	0	0	0	0	0	4	0	53	0	0	35	0	29	0	114	0	0	0	0	0	3	0	21	0	0	0	16	0	0	0	0	0	0	0	55	26	1	0	3	6	0	0	718	0	0	0	19	0	0
D85	0	0	0	0	0	0	0	0	0	0	0	0	0	0	0	0	0	0	0	0	0	0	0	0	0	0	0	0	0	0	0	0	0	0	0	0	0	0	0	0	0	0	0	0	0	0	0	0	0	0	0	0	0	0	0	0	0	0	0	0	0	0	0	12	0	0	0	0	0	0	0	0	0	0	0	0	0	0	0	0	0	0	0	0	0	0	0	0	0	0	0	0	0	0	0	0	0	0	0	0	0	0	0	0	0	0	0	0	0	0	0	0	0	0	0	0	0	0	0	0	21	0	0	0	0	0	0	0	0	0	0	0	0	0	0	0	0	0	0	0	0	0	0	0	0	0	0	0	0	0	0	0	0	0	0	0	0	0	0	0	0	0	0	0	0	0	0	0	0	0	0	0	0	0	0	0	0	0	0	0	0	0	0	0	0	0	0	0	0	0	0	0	0	0	0	0	0	0	0	0	0	0	0	0	0	0	0	0	0	0	0	0	0	0	0	0	0	0	0	0	0	0	0	0	0	0	0	0	0	0	0	0	0	0	0	0	0	0	0	0	0	0	0	0	0	0	0	0	0	0	0	0	0	0	0	0	0	0	0	0	0	0	0	0	0	0	18	0	0	0	0	0	0	0	0	0	0	0	0	0	0	0	0	0	0	0	0	0	0	0	0	0	0	0	0	0	0	0	0	0	0	0	0	0	0	0	0	0	0	0	0	0	0	0	0	0	0	0	0	0	0	0	0	0	0	0	0	0	0	0	0	0	0	0	0	0	0	0	0	0	0	0	0	0	0	0	0	0	0	0	0	2	0	0	0	0	0	0	0	0	0	0	0	0	0	0	0	0	0	0	0	0	0	0	0	0	0	0	0	0	0	0	0	0	0	0	0	0	0	0	0	0	0	0	0	0	0	0	0	0	0	0	0	0	0	0	0	0	0	0	0	0	0	0	0	0	0	0	0	0	0	0	0	0	0	0	0	0	0	0	0	0	0	0	0	0	0	0	0	0	0	0	0	0	0	0	0	0	0	0	0	157	0	0	0	0	0	0	0	0	0	0	0	0	0	0	0	0	0	0	0	0	0	0	0	0	0	0	0	0	0	0	0	0	0	0	0	0	0	0	2	0	0	0	0	0	0	0	0	0	0	0	0	0	0	0	0	0	0	0	0	0	0	0	0	0	0	0	0	0	0	0	0	0	0	0	0	0	0	0	0	0	0	0	0	0	0	0	0	0	0	0	0	19	0	0	0	0	0	0	5	0	0	0	0	0	0	0	0	0	0	0	0	0	0	0	0	0	0	0	0	5	0	0	0	0	0	0	0	0	0	0	4	0	0	0	0	0	0	0	0	0	0	0	0	0	0	0	0	0	0	0	0	0	0
D86	0	0	0	0	0	0	0	0	0	0	0	0	0	0	0	0	0	0	0	0	0	0	0	0	0	0	0	0	0	0	0	0	0	0	0	0	0	0	0	0	0	0	0	0	0	0	0	0	0	0	0	0	0	0	0	0	0	0	0	0	0	0	0	0	0	0	0	0	0	0	0	0	0	0	0	0	0	0	0	0	0	0	0	0	0	52	0	0	0	0	0	0	0	0	0	0	0	0	0	0	0	0	0	0	0	0	0	0	0	0	0	0	0	0	0	17	0	0	0	0	0	0	0	0	0	0	0	0	0	0	0	0	0	0	0	0	0	0	0	0	0	0	0	0	0	0	0	0	0	0	0	0	0	0	0	0	0	0	0	0	0	0	0	0	0	0	0	0	0	0	0	0	0	0	0	0	0	0	0	0	0	0	0	0	0	0	0	0	0	0	0	0	0	0	0	0	0	0	0	0	0	0	0	0	0	0	0	0	0	0	0	0	0	0	0	0	0	0	0	0	0	0	0	0	0	0	0	401	0	0	0	0	0	0	0	0	0	0	0	0	0	0	0	0	0	0	0	0	0	0	0	0	0	0	0	0	0	0	0	0	0	0	0	0	0	0	0	0	0	0	0	0	0	0	0	0	0	0	3	0	0	0	0	0	0	0	0	0	0	0	0	5	0	0	0	0	0	0	0	0	0	0	0	0	0	0	0	0	0	0	0	0	0	0	0	0	0	0	0	0	0	0	107	0	0	0	0	0	0	0	0	0	0	0	0	0	0	0	0	0	0	0	0	0	0	0	0	0	0	0	0	0	0	0	0	0	0	0	0	0	0	0	0	0	0	0	0	0	0	0	0	0	0	0	0	0	0	0	0	0	0	0	0	0	0	0	0	0	0	0	0	0	0	0	0	0	0	0	0	0	0	0	0	0	0	0	0	0	0	0	0	0	0	0	0	1	0	0	0	0	0	0	0	0	0	0	0	0	0	0	0	0	0	0	0	0	0	0	0	0	0	0	0	0	0	0	0	0	0	0	0	0	0	0	0	0	0	0	0	0	0	0	0	2	0	0	0	0	0	0	0	0	0	0	0	0	0	0	0	0	0	0	0	0	0	0	0	0	0	0	0	0	0	30	0	0	0	0	0	0	0	0	0	0	0	0	0	17	0	0	0	0	0	0	0	0	0	0	0	0	0	0	0	0	0	0	0	0	0	0	0	0	0	0	0	0	0	0	0	2	295	0	0	0	0	0	0	0	0	0	5	0	0	0	0	0	0	0	0	0	0	0	0	0	0	2839	0	0	0	0	0	0	0	0	0	0	0	0	0	0	0	0	2	0	0	0	0	0	0	0	0	0	0	0	0	0	0	0	0	0	0	0	0	0	0
D87	0	0	0	0	0	0	0	3	4	0	0	0	0	0	0	0	0	0	0	0	0	0	0	0	0	0	0	0	0	0	0	0	0	0	0	0	0	0	0	0	0	0	0	0	0	0	0	0	0	0	0	0	0	0	0	0	3	0	0	0	0	0	0	0	0	0	0	0	0	0	0	0	0	13	0	0	0	0	0	0	0	0	0	0	0	25	0	0	0	0	0	0	0	0	0	0	0	0	0	0	0	0	0	0	0	0	0	0	0	0	0	0	0	0	0	0	0	0	0	0	0	0	0	0	0	0	0	0	0	0	0	0	0	0	0	0	0	0	0	0	0	0	0	0	0	0	0	0	0	0	0	0	0	0	0	0	0	0	0	0	0	0	0	0	0	0	0	0	0	0	0	0	0	0	0	0	0	0	0	0	0	0	9	0	0	0	0	0	0	0	0	0	0	0	0	0	5	0	0	0	0	0	0	0	0	0	0	0	0	0	0	0	0	0	0	0	0	0	0	0	0	0	0	0	0	0	0	5	0	0	0	0	0	0	0	0	0	0	0	0	0	0	0	0	0	0	0	0	0	0	0	0	0	0	0	0	0	0	0	0	48	0	0	0	0	0	0	0	0	0	0	0	0	0	0	0	0	0	0	0	0	0	0	0	0	0	0	0	0	0	0	0	0	0	0	0	0	0	0	0	0	0	0	0	0	0	0	0	0	0	0	0	0	0	0	0	0	0	0	0	0	0	0	0	0	0	0	0	17	0	0	0	0	0	0	0	0	0	0	34	0	0	0	0	0	0	0	0	0	0	0	0	0	0	0	0	0	0	0	0	0	0	0	0	0	0	0	0	0	0	0	0	0	0	0	0	0	0	0	0	0	0	0	0	0	0	0	0	0	0	0	0	0	0	0	0	0	0	0	0	0	0	0	0	0	0	0	0	0	0	0	0	0	0	0	0	0	0	0	0	0	0	0	0	0	0	0	0	0	0	0	0	0	0	0	0	0	0	0	0	0	0	0	0	0	0	0	0	0	0	8	0	0	10	0	0	0	0	0	0	0	0	0	0	0	0	0	0	0	0	0	0	0	0	0	0	0	0	0	0	0	0	0	0	0	0	0	0	0	0	0	0	0	0	0	8	0	0	0	0	0	0	0	0	0	0	0	0	0	0	0	0	0	0	0	0	0	0	0	0	0	0	0	0	0	0	23	0	0	0	0	0	0	0	0	0	0	0	0	0	54	0	0	0	0	0	0	0	0	0	0	0	0	0	0	0	0	0	0	0	0	0	0	0	0	533	0	0	0	0	0	0	0	0	0	0	0	0	0	0	0	0	1327	0	0	0	0	0	0	0	0	0	0	0	0	0	0	0	0	0	0	0	0	28	0
D88	0	0	0	0	0	0	0	0	0	0	0	0	0	0	0	0	0	0	0	0	0	0	0	0	0	0	0	0	0	0	0	0	0	0	0	0	0	0	0	0	0	0	0	0	0	0	0	0	0	0	0	0	0	0	0	0	0	0	0	0	0	0	0	0	0	0	0	0	0	0	0	0	0	0	0	0	0	0	0	0	0	0	0	0	0	0	0	0	0	0	0	0	0	0	0	0	0	0	0	0	0	0	0	0	0	0	0	0	0	0	0	0	0	0	0	0	0	0	0	2	0	0	0	0	0	0	0	0	0	0	0	0	0	0	0	0	0	0	0	0	0	0	0	0	0	2	0	0	0	0	0	0	0	0	0	0	0	0	0	0	0	0	0	0	0	0	0	0	0	0	0	0	0	0	0	0	0	0	0	0	0	0	2	0	0	0	0	0	0	0	0	0	0	0	0	0	0	0	0	0	0	0	0	0	0	0	0	0	0	0	0	0	0	0	0	0	0	0	0	3	0	0	0	0	0	0	0	0	0	0	0	0	0	0	0	0	0	0	0	0	0	0	0	0	0	3	0	0	0	0	0	0	0	0	0	0	0	0	0	0	0	0	0	0	0	0	0	0	0	0	0	0	0	0	0	0	0	0	0	0	0	0	0	0	0	0	0	0	0	0	0	0	0	0	0	0	0	0	0	0	0	0	0	0	0	0	5	0	0	0	0	0	0	0	0	0	0	0	0	0	0	0	0	0	0	0	0	0	0	0	0	0	0	0	0	0	0	0	0	0	0	0	0	0	0	0	0	0	0	0	0	0	0	0	0	0	0	0	0	0	0	0	0	0	0	0	0	0	0	0	0	0	0	0	0	0	0	0	3	0	0	0	0	0	1	0	0	0	0	0	0	0	0	0	0	0	0	0	0	0	0	0	0	3	0	0	0	0	0	0	0	0	0	0	0	0	0	0	0	0	0	0	0	0	0	0	0	0	0	0	0	0	0	0	0	0	0	0	0	0	0	0	0	0	0	0	0	0	0	0	0	0	0	0	0	0	0	0	0	0	0	0	0	0	0	0	0	0	0	0	0	0	0	0	0	0	0	0	0	0	0	0	0	0	0	0	0	0	0	0	0	0	0	0	0	0	0	0	0	0	0	0	0	0	0	0	0	0	0	0	0	0	0	0	0	0	0	0	0	0	0	0	0	0	0	0	17	0	2	0	0	0	0	0	0	0	0	0	0	0	0	0	0	0	0	0	0	0	0	0	0	0	0	0	0	0	0	0	0	0	0	0	0	0	0	0	0	0	0	0	0	0	0	0	0	0	0	0	0	0	0	0	0	0	0	0	0	0	0	0	0	0	0	0	0	0	0	0	0	0	0	0	0	0	0
D89	0	0	0	0	0	0	0	0	0	26	0	0	26	0	0	0	0	5	0	0	0	0	0	0	0	0	10	0	0	0	597	0	0	0	0	0	348	0	0	0	0	0	0	0	0	0	0	0	0	0	103	0	0	0	0	0	0	2	0	0	0	0	0	0	0	0	0	0	49	0	0	0	0	0	0	0	0	0	70	82	0	0	4	0	0	0	0	13	1042	0	0	0	0	1489	0	202	156	0	205	0	0	0	0	37	0	19	0	0	0	0	0	425	0	0	0	0	0	0	0	0	0	0	0	0	0	0	0	0	111	2	0	0	0	0	0	2	0	1345	0	0	0	0	0	0	0	0	227	180	0	2	1	0	0	0	0	3	0	0	0	1	0	0	0	60	0	4	7	0	0	0	0	0	0	0	0	16	0	0	12	0	0	4	0	0	0	0	86	0	0	0	0	0	0	1362	0	0	0	0	0	0	0	0	0	0	56	0	0	0	0	0	0	0	0	0	0	0	0	0	0	0	0	0	0	0	1	0	43	0	4	0	0	0	244	14	2	0	0	403	17	31	0	0	0	0	0	0	0	0	0	0	0	0	0	0	40	0	0	0	9	0	0	0	0	0	0	0	0	0	0	0	26	0	0	0	0	0	0	0	0	0	0	0	0	347	0	0	400	0	22	0	0	0	0	0	0	0	0	35	0	0	0	0	0	2	0	0	0	0	0	0	0	0	0	0	0	0	0	0	0	0	379	0	0	0	0	43	0	0	0	0	0	0	0	0	0	1661	0	0	92	0	0	0	0	0	0	3	0	0	28	0	0	0	97	4585	0	0	45	0	44	0	0	0	0	0	0	0	174	0	58	0	0	0	86	0	0	0	0	0	0	0	0	0	30	53	0	0	0	0	2	0	0	0	0	0	0	0	906	0	84	12	31	0	0	0	83	0	0	0	0	0	0	0	0	125	0	0	0	0	0	0	23	0	0	0	0	0	36	484	11	1	716	0	10	0	0	0	0	0	2069	0	0	0	0	93	7	0	108	0	1386	0	0	0	8	0	30	3	0	0	0	0	0	0	172	0	0	0	0	0	0	7	0	0	0	56	412	0	928	72	719	6	0	0	0	0	0	0	12	0	14	0	0	0	0	0	0	0	0	0	0	0	0	29	0	0	114	0	0	0	0	0	0	0	0	0	0	0	2292	0	0	0	0	0	3097	0	0	0	0	0	0	0	0	0	0	0	0	91	7	0	0	0	0	0	0	0	0	0	294	0	0	0	0	0	7	3304	0	0	0	228	0	5	0	0	0	0	0	0	0	0	0	1368	0	0	0	0	0	0	0	0	0	0	0	0	0	0	0	0	0	0	0	0	0	0	0	0	3298	408	2	0	0	0	43	6	0	0	0
D90	0	0	0	0	0	0	0	0	0	0	0	0	0	0	0	0	0	0	0	0	0	0	0	0	0	0	0	0	0	0	0	0	0	0	0	0	0	0	0	0	0	0	0	0	0	0	0	0	0	0	0	0	0	0	0	0	0	0	0	0	0	0	0	0	0	0	0	0	0	0	0	0	0	0	0	0	0	0	0	0	0	0	0	0	0	0	0	0	0	0	0	0	0	0	0	0	0	0	0	0	0	0	0	0	0	0	0	0	0	0	0	0	0	0	0	0	0	0	0	0	0	0	0	0	0	0	0	0	0	2	0	0	3	0	0	0	0	0	0	0	0	0	0	0	0	0	0	0	0	0	0	0	0	0	0	0	0	0	0	0	0	0	0	0	0	0	0	0	0	0	0	2	0	0	0	4	0	0	0	0	0	0	0	0	0	0	0	0	0	0	0	0	0	0	0	0	0	0	0	0	0	0	0	0	0	0	0	0	0	0	0	0	0	0	0	0	0	0	0	0	0	2	0	0	0	0	0	1	0	0	0	0	0	0	0	0	0	0	0	0	0	0	0	0	0	2	0	0	0	0	0	0	0	0	0	0	0	0	0	0	0	0	0	0	0	0	0	0	0	0	0	0	0	0	0	0	0	0	0	0	0	0	0	0	0	0	0	0	0	0	0	0	0	0	0	0	0	0	0	0	0	0	0	0	0	0	0	0	0	0	0	0	0	0	0	0	0	0	0	0	0	0	3	0	0	0	0	0	0	0	0	0	0	0	0	0	0	0	0	0	0	0	0	0	0	0	0	0	0	0	0	0	0	0	0	0	0	0	0	0	0	0	0	0	0	0	0	0	0	0	0	0	0	0	0	0	0	0	0	0	0	0	0	0	0	0	0	0	0	0	0	0	0	0	0	0	0	0	4	0	0	0	0	0	0	0	0	0	0	0	0	0	0	0	0	4	0	0	0	0	0	0	0	0	0	0	0	0	0	0	0	0	0	0	0	0	0	0	0	0	0	0	1	0	0	0	0	0	0	0	0	0	0	0	0	0	2	0	0	0	0	0	0	0	0	0	0	0	0	0	0	0	0	0	0	0	0	0	0	0	0	0	0	0	0	0	0	0	0	0	0	0	0	0	0	0	0	0	0	0	0	0	0	0	0	11	0	0	0	0	0	0	0	0	0	0	0	0	0	0	0	0	0	0	0	0	0	0	0	0	0	0	0	0	0	0	0	0	0	0	0	0	0	0	0	0	0	0	0	0	0	0	0	0	0	0	2	2	0	0	0	0	0	0	0	0	0	0	0	0	0	0	0	0	0	0	0	0	0	0	0	0	0	0	0	0	12	0	0	0	0	0	0	0	0	0	0	0	0	2	0	0	0	0	0
D91	6	73	45	4	8	0	38	72	11	71	0	0	82	34	2	1	0	0	7	0	3	0	21	0	116	7	0	1	0	0	0	0	0	2	0	0	0	1	121	0	280	0	0	12	0	0	0	6	0	0	2	0	36	0	43	60	743	0	305	115	0	0	136	0	2	55	0	6	11	0	0	2	199	0	0	0	0	0	0	0	0	30	0	0	2	0	2	77	0	0	16	2	0	0	0	0	4	22	11	3	0	134	2	0	0	0	45	0	0	0	0	0	91	0	0	2	56	11	2	0	0	0	292	29	0	0	0	87	0	83	0	714	7	0	12	103	0	0	0	0	0	44	0	2	2	0	0	0	4	0	0	0	0	79	0	60	2	0	5	0	57	226	0	0	4	0	0	0	0	0	601	15	126	7	0	0	11	0	0	1	0	0	339	47	0	78	0	0	0	1404	7	3	4	0	0	0	60	17	3	0	43	0	3	4	0	0	0	4	16	5	1	250	206	15	0	0	65	63	97	0	0	41	0	169	0	0	1	15	0	41	3	37	0	0	0	1	15	0	0	3	40	0	51	53	2	0	6	0	11	0	0	0	0	4	0	0	13	8	21	33	0	0	1	0	0	0	124	0	13	0	0	0	0	0	0	22	52	0	0	4	0	0	0	0	7	0	8	2	0	0	339	0	5	4	0	97	168	9	16	0	0	5	0	0	4	144	0	2	27	0	6	1019	0	66	80	1	0	3	90	0	0	0	5	0	37	0	0	4	37	2	5	1	185	6	563	0	17	0	0	392	5	0	116	138	0	151	77	7	0	42	0	5	0	0	0	127	0	0	0	3	13	0	0	0	353	149	0	1	0	9	1045	43	0	0	0	0	0	3	0	15	5	0	0	23	0	5	0	0	0	5	5	12	0	0	95	7	0	0	0	23	2	7	0	182	73	0	2	0	29	23	1	2	0	0	44	0	8	5	1	0	0	11	16	0	30	0	0	0	0	0	0	2	31	0	0	13	109	0	0	0	0	0	0	0	1	0	0	0	0	0	0	0	0	0	0	0	4	0	0	42	0	0	0	55	0	162	522	0	2	0	0	5	48	104	0	13	0	0	0	0	3	0	54	6	0	2	0	0	0	2	0	0	0	0	0	35	4	16	5	0	3	0	0	7	0	79	11	0	0	0	0	5	0	0	379	0	0	25	29	32	0	7	0	24	922	0	21	0	1050	0	0	26	34	0	111	0	2	96	0	0	0	6	214	91	0	11	0	0	8	3	0	111	24	0	0	90	41	9	193	24	4	0	6	2	0	0	0	0	32	0	46	487	0	116	0	0	0	0	0	0	26	0	420	0	6	33	0	2	0	0	0	0	6	0	0	0	22	0	49	14	0	70	0	0	36
D92	0	0	0	0	0	323	9	0	0	0	0	0	0	0	0	0	0	0	0	0	0	0	8	0	0	0	0	0	63	0	0	0	0	0	168	0	0	0	7	0	0	0	0	1	7	0	0	0	0	0	0	0	0	0	12	0	0	0	0	0	0	18	0	127	0	0	0	11	0	185	0	0	0	0	0	0	0	0	0	0	0	0	0	0	0	0	0	0	0	19	0	0	0	0	0	0	0	0	0	0	0	0	0	0	0	0	0	0	0	0	0	0	8	0	901	0	0	0	0	1077	153	0	0	0	1195	361	0	0	0	0	0	0	0	48	0	0	0	0	0	233	597	0	0	0	0	144	0	0	0	0	54	155	0	0	0	0	0	42	0	0	0	0	0	0	618	0	0	0	0	0	5	0	37	0	916	0	0	0	0	0	0	0	0	0	0	12	0	0	0	0	0	0	0	0	0	3	0	63	0	0	0	0	0	0	0	0	0	0	0	0	0	0	0	0	0	0	0	0	0	79	426	0	0	0	0	0	0	0	0	0	0	0	0	0	0	0	0	0	0	0	43	0	0	0	0	0	3	0	0	0	0	0	0	0	0	0	0	0	0	0	0	0	7623	0	80	0	79	0	0	0	0	0	0	0	0	0	0	0	4	0	0	0	0	0	0	0	0	0	0	0	28	0	0	0	0	0	4	0	0	0	0	0	0	0	0	0	45	0	0	50	0	0	6	0	8	0	157	0	0	0	0	202	0	0	0	0	0	0	0	0	0	0	22	0	0	0	0	0	0	11	0	11	0	0	0	0	22	0	0	0	0	0	0	0	461	0	0	0	0	0	0	0	0	0	0	0	0	0	0	0	16	0	0	0	0	0	0	0	57	3	0	0	0	0	0	0	0	0	0	0	0	0	0	133	0	0	0	0	0	11	0	0	0	0	10	0	0	24	0	0	0	0	202	0	0	0	0	0	0	9	0	0	0	0	0	0	0	0	0	0	0	0	0	0	0	11	7	0	0	0	0	0	0	0	0	0	0	0	0	0	6	337	0	203	0	0	0	0	0	0	58	0	0	0	0	0	0	0	0	0	0	0	5	0	0	8	0	0	0	0	246	0	171	0	25	0	0	0	0	0	0	0	0	0	0	0	0	0	0	0	0	0	0	0	0	0	0	0	0	0	0	0	0	0	0	0	0	0	13	0	0	0	0	0	0	0	670	67	269	0	0	0	0	0	0	0	0	0	195	0	0	0	0	0	2	0	0	0	0	0	0	0	0	0	0	0	0	0	0	0	0	0	0	0	176	0	0	0	0	0	5	0	0	19	66	0	0	0	0	0	0	0	0	0	0	0	0	0	0	0	0	0	0	554	0	0	0	0	3	0	0	0	0	80	0
D93	0	0	0	0	0	0	0	0	0	0	0	0	0	0	4	0	4	8	0	0	0	2	0	182	0	0	23	0	0	0	0	0	0	0	0	0	0	0	0	122	0	0	0	0	0	0	0	0	0	0	0	0	0	0	0	0	0	0	0	0	0	0	0	0	0	0	0	0	0	0	0	7	0	0	0	0	0	0	0	0	0	0	0	2	0	0	0	0	14	0	0	0	0	50	0	3	0	0	282	0	0	0	26	0	0	0	0	0	0	0	0	0	13	0	0	0	0	0	0	0	0	0	0	0	0	0	0	0	0	0	0	0	0	0	0	0	0	554	0	0	0	0	0	0	0	0	2	3	0	0	0	0	0	0	0	0	0	0	0	221	0	0	0	0	0	0	3	0	0	0	0	0	0	0	0	0	0	0	0	0	0	0	0	0	0	3	8	0	0	0	0	0	0	31	0	0	0	0	0	0	0	421	0	0	0	0	0	0	0	0	0	0	0	0	0	0	0	0	0	0	0	0	0	0	13	0	0	0	1116	0	0	0	0	0	0	0	0	0	0	0	2	0	0	0	0	0	0	0	0	0	0	0	0	0	0	0	0	0	0	0	0	0	0	0	0	0	0	0	0	0	0	0	0	0	0	0	0	0	0	0	0	0	0	0	0	0	11	0	0	0	0	0	0	0	0	0	0	0	25	0	16	0	174	0	0	0	0	0	0	0	0	0	0	0	0	0	0	0	0	0	0	0	0	0	0	0	0	0	0	0	0	0	0	0	0	0	0	0	12	0	0	0	0	0	0	0	0	0	0	0	0	0	0	0	0	0	0	0	0	0	13	0	0	0	0	0	0	0	0	0	0	0	0	0	0	0	0	0	0	0	0	0	0	0	0	0	23	0	0	0	0	0	0	0	0	0	0	6	637	0	0	0	0	0	0	0	0	0	0	0	0	0	0	2414	0	0	0	0	0	0	24	0	0	0	0	0	0	0	0	0	0	0	2	0	0	0	0	0	65	0	0	0	0	0	14	0	0	0	0	0	0	0	0	0	0	0	0	0	0	0	0	0	0	0	0	0	0	0	0	0	0	0	0	0	0	0	0	0	54	0	0	0	0	0	0	0	0	0	0	7	0	0	0	0	0	0	0	0	0	21	0	0	0	0	0	0	0	0	0	0	0	0	0	0	0	0	0	0	0	0	0	0	0	0	0	0	0	0	2	0	0	0	0	0	0	0	0	0	0	0	0	0	0	0	0	0	0	0	0	0	0	0	4	0	0	0	0	0	0	0	0	0	0	0	0	0	0	0	0	0	0	0	0	0	0	0	0	0	0	0	0	0	0	9	0	0	12	0	0	0	0	0	0	0	0	0	2	0	0	2	0	0	0	0	0
D94	0	0	0	85	0	0	6	40	0	0	0	0	36	105	0	2	2	0	0	0	27	0	0	0	0	383	0	0	0	0	0	2	0	29	0	0	32	0	0	0	0	0	0	0	0	0	0	83	0	0	0	0	0	0	0	0	124	18	0	0	0	0	0	0	0	0	0	0	1	0	0	0	2	351	4	0	4	2	0	0	4	0	0	0	0	0	225	0	0	0	4	0	12	0	0	0	0	27	0	0	0	15	0	1	0	0	0	0	22	0	0	0	0	34	0	0	0	34	2	0	0	14	45	80	0	0	0	147	0	0	0	0	0	0	12	6	0	0	0	0	0	9	0	35	196	0	0	0	0	0	0	0	2	12	202	161	99	0	73	14	1034	0	101	0	0	0	0	0	0	0	0	13	0	2	0	0	103	0	0	0	0	0	0	3	6	0	0	0	8	0	1	53	0	0	0	0	0	0	10	5	197	0	28	0	0	4	1	69	1	60	401	0	17	0	0	0	65	0	0	0	0	0	2	0	0	1138	0	0	0	80	0	165	0	0	0	0	0	0	0	0	0	0	0	0	0	0	0	0	0	0	0	0	6	9	0	0	0	0	15	1	0	0	0	0	0	10	3149	340	0	0	0	0	0	0	12	8	0	47	0	0	8	0	0	0	1152	0	0	67	0	0	2472	0	0	0	171	43	2	0	5	0	0	209	0	0	0	5	55	11	0	0	5	0	0	20	965	0	0	22	1	114	0	0	0	0	0	0	3	5	0	1	231	7	0	0	223	0	2	11	0	0	0	0	10	26	22	0	0	1	0	16	70	0	0	0	0	0	0	4	0	0	22	5	15	1	0	87	0	8	0	363	6	16	0	4	106	16	0	0	0	0	0	0	0	0	0	185	0	3	0	565	4	0	0	0	0	0	0	0	0	0	0	4	3	39	0	0	21	0	0	0	0	0	0	0	0	0	0	12	2	0	0	0	74	8	3	0	0	0	0	0	0	59	10	0	0	0	1	855	0	73	0	0	0	0	0	0	0	5	0	8	0	0	0	0	0	37	10	8	0	0	0	0	0	0	0	408	2	0	282	0	208	3	30	22	0	2	0	0	0	0	0	3	0	13	0	0	0	11	0	0	0	0	4	0	0	2	21	0	4	0	38	0	0	0	0	27	0	0	0	0	7	17	0	0	0	10	0	0	0	8	13	6	0	72	21	0	0	0	0	12	328	163	0	1	0	0	2	0	0	6	0	970	1	1	0	0	0	2	1	92	13	0	12	0	2	3	27	0	0	0	0	5	23	107	0	0	1040	26	0	0	518	0	0	5	0	7	0	0	14	0	0	0	2	0	83	10	0	19	66	0	309	0	181	0	0	0	0	4	3127	0	0	0	3	0	356
D95	0	0	0	0	0	0	0	0	0	0	0	0	0	0	0	0	0	0	0	0	0	0	0	0	0	0	0	0	0	0	596	0	0	0	0	0	0	0	0	355	0	0	0	0	0	0	0	0	0	0	0	0	0	0	0	0	0	0	0	0	0	0	0	0	0	0	0	0	0	0	388	0	0	0	0	0	0	0	302	0	0	0	0	0	0	0	0	0	282	0	0	0	0	0	0	0	0	0	0	0	0	0	0	0	0	0	0	0	0	0	0	1242	0	0	0	0	0	0	0	0	0	0	0	0	0	0	0	0	0	0	0	0	0	0	0	0	0	0	0	0	0	0	0	0	0	0	0	578	0	0	0	0	0	0	0	0	0	0	0	0	0	0	0	1229	163	0	0	0	0	0	0	0	0	0	0	1937	0	0	0	0	0	305	571	0	0	0	0	0	0	0	0	0	251	1190	424	0	0	0	0	0	0	0	0	0	0	0	0	0	0	0	0	0	0	0	0	0	0	0	0	0	0	0	0	0	351	0	0	0	0	0	0	0	0	0	0	0	0	0	0	0	0	0	0	0	0	0	0	0	0	0	0	0	0	0	0	0	0	0	0	0	0	0	0	707	0	0	0	0	0	0	0	0	0	0	0	0	0	0	0	0	0	0	0	404	0	0	63	0	0	0	0	0	0	0	0	0	0	0	0	0	0	0	0	0	0	0	5497	0	0	0	0	0	0	0	0	0	0	0	0	0	74	0	0	0	0	0	0	0	0	0	0	0	0	0	0	238	0	0	0	0	0	0	0	0	0	0	0	0	0	0	0	0	574	0	0	0	0	0	0	0	0	0	0	0	0	0	344	0	0	0	0	0	0	0	0	0	0	0	0	0	0	0	0	0	22	0	0	0	0	0	0	0	0	0	0	0	659	259	0	0	0	0	0	0	0	0	0	0	0	0	0	0	0	0	0	0	0	0	0	0	0	0	0	0	0	0	0	1920	0	0	326	0	0	0	0	0	0	0	0	0	0	217	0	0	0	0	0	0	674	0	0	0	0	0	0	0	0	0	0	0	0	0	0	0	0	0	0	0	0	0	0	0	0	739	0	0	0	391	1109	0	0	0	0	0	0	0	0	0	0	0	0	0	0	0	0	0	0	0	0	0	0	191	0	0	1	258	0	0	0	0	0	0	3	0	0	0	0	0	0	0	0	0	0	0	0	0	0	0	0	0	0	0	0	0	0	0	0	0	0	0	0	0	0	0	0	0	0	0	0	0	0	0	0	692	0	0	0	0	0	0	0	0	0	0	0	0	0	0	0	0	0	0	504	0	0	0	0	0	0	0	0	0	0	0	0	0	0	0	0	0	0	0	0	0	2483	0	0	0	0	0	276	0	0	0	0
D96	0	0	0	0	0	0	0	0	0	0	0	0	0	0	0	0	0	0	0	0	0	0	0	0	0	0	0	0	812	2	0	0	0	0	0	0	0	0	0	0	0	0	0	0	0	0	0	0	0	938	0	0	0	0	0	0	0	0	0	0	0	0	0	0	0	0	0	0	0	0	0	0	0	0	0	0	0	0	0	0	0	0	0	0	0	0	0	0	0	0	0	0	0	0	0	0	0	0	0	0	0	0	0	0	0	0	0	0	0	0	0	0	0	0	121	0	0	0	0	0	0	0	0	0	5497	0	0	0	0	0	0	0	0	3	0	0	0	0	0	0	0	0	0	0	0	0	0	0	0	0	0	462	0	0	0	0	0	0	0	0	0	0	0	0	0	0	0	0	0	0	0	0	0	0	0	0	0	0	0	0	0	0	0	0	0	0	0	0	0	0	0	0	0	0	0	0	0	0	0	0	0	0	0	0	0	0	0	0	0	0	0	0	0	0	0	0	0	0	0	707	452	0	0	0	0	0	0	0	0	0	0	0	0	0	0	0	0	0	0	0	0	0	0	0	0	0	0	0	0	0	0	0	0	0	0	0	0	0	0	0	0	0	2164	0	430	0	11	0	0	0	0	0	0	0	0	0	0	0	0	0	0	0	0	0	0	0	0	0	0	0	0	0	0	0	0	0	0	0	0	0	0	0	0	0	0	0	0	0	0	0	0	0	0	0	0	0	1377	0	0	0	0	0	0	0	0	0	0	0	0	0	0	0	0	0	0	0	0	0	0	0	0	0	0	0	0	0	0	0	0	0	0	0	0	0	349	0	0	0	0	0	0	0	0	0	0	0	0	0	0	0	0	0	0	0	0	0	0	0	0	0	0	0	0	0	0	0	0	0	0	0	0	0	0	0	0	0	0	0	0	0	0	0	0	0	0	0	0	3203	0	0	0	0	52	0	0	0	0	0	0	248	0	0	0	0	0	0	0	0	0	0	0	0	0	0	0	0	0	0	0	0	0	0	0	0	0	0	0	0	0	0	0	0	0	5	0	0	0	0	0	0	0	0	0	0	0	0	0	0	0	0	0	0	0	0	0	0	0	0	0	0	0	0	5730	0	0	0	0	0	0	0	0	0	0	0	0	0	0	0	0	0	0	0	344	0	0	0	0	0	0	0	0	0	0	0	0	0	0	0	0	0	0	0	0	0	0	0	0	0	0	0	0	0	0	0	0	0	0	0	0	0	0	0	0	0	0	0	0	0	0	0	0	0	0	0	0	0	0	0	0	0	0	0	0	0	691	0	0	0	0	0	0	0	0	0	78	0	0	0	0	0	0	0	0	0	0	0	0	0	0	0	0	0	0	1	0	0	0	0	0	0	0	0	0	0	0
D97	0	0	0	0	0	0	0	0	0	0	0	0	0	0	0	0	0	0	0	0	0	0	0	0	0	0	0	0	0	0	0	12	0	0	2	0	0	0	0	0	0	0	0	0	0	0	0	0	0	0	0	0	0	0	0	21	0	0	0	0	0	0	0	0	0	0	0	4	0	0	0	0	1	12	0	0	0	0	0	0	0	0	0	0	0	15	0	0	0	0	0	0	0	0	0	0	0	0	0	0	0	0	0	0	0	0	0	0	0	0	0	0	0	0	0	0	0	0	0	0	0	0	18	0	0	0	0	0	0	0	0	0	9	0	0	0	0	0	0	0	0	0	0	0	0	0	0	0	0	0	0	0	0	0	0	0	0	0	0	0	0	0	0	0	0	0	0	0	0	0	0	0	6	0	0	0	0	0	0	0	0	0	20	0	0	0	0	0	0	0	0	0	0	0	0	0	0	0	0	0	0	0	0	0	0	0	0	0	0	0	0	16	0	0	0	0	0	0	0	0	0	0	0	0	0	0	0	0	0	0	0	0	0	0	0	0	0	0	0	0	0	0	3	0	0	0	0	0	0	0	0	0	0	0	0	0	0	0	0	0	15	0	0	0	0	0	0	0	0	0	0	0	0	0	0	0	0	0	2	0	0	0	0	0	4	0	0	0	0	0	0	0	0	0	0	0	0	0	0	0	0	0	0	0	0	0	0	0	0	0	0	4	0	0	0	0	0	0	0	0	0	0	0	0	0	0	0	0	34	0	0	0	0	0	0	0	0	0	0	3	0	0	0	0	0	7	23	0	0	0	0	0	0	0	0	0	0	0	0	0	0	0	0	0	0	0	0	0	0	0	0	0	0	0	0	0	0	0	0	0	0	0	0	0	0	0	0	0	0	0	0	0	0	0	0	0	0	0	0	0	0	0	0	0	0	0	0	0	0	0	0	0	0	0	0	0	0	0	0	0	0	0	0	0	0	0	0	0	0	0	0	0	0	0	0	0	0	0	0	0	0	0	0	0	0	0	0	0	0	2	0	0	0	0	0	0	0	0	0	0	0	0	0	0	0	0	0	0	0	0	0	0	0	0	0	0	0	0	0	0	0	0	0	0	0	0	0	0	0	0	0	0	0	0	0	0	0	4	0	0	0	0	0	0	0	0	0	39	6	0	0	0	0	0	0	0	0	3	0	0	0	0	0	0	0	0	0	0	0	0	0	0	0	0	0	0	0	0	0	0	42	0	0	0	0	0	0	0	0	0	0	0	0	0	0	0	0	0	6	44	0	0	2	0	0	585	0	0	0	0	0	0	0	0	0	0	0	0	0	0	0	0	52	0	0	0	0	0	0	0	0	0	0	0	0	0	0	0	0	0	0	0	0	0	0
D98	0	0	0	0	0	0	0	0	0	0	0	0	0	0	0	0	0	0	0	0	0	0	0	0	0	0	0	0	46	0	0	0	0	0	0	0	0	0	0	0	0	0	0	0	0	0	0	0	0	437	0	0	0	0	0	0	0	0	0	0	0	1	0	0	0	0	0	0	0	0	0	0	0	0	0	0	0	0	0	0	0	0	0	0	0	0	0	0	0	0	0	0	0	0	0	0	0	0	0	0	0	0	0	0	0	0	0	0	0	0	0	0	0	0	99	0	0	0	0	0	0	0	0	0	1085	0	0	0	0	0	0	0	0	4	0	0	0	0	0	0	0	0	0	0	0	0	0	0	0	0	0	46	0	0	0	0	0	0	0	0	0	0	0	0	0	0	0	0	0	0	0	0	0	0	0	0	0	0	0	0	0	0	0	0	0	0	0	0	0	0	0	0	0	0	0	0	0	0	0	0	0	0	0	0	0	0	0	0	0	0	0	0	0	0	0	0	0	0	0	12	449	0	0	0	0	0	0	0	0	0	0	0	0	0	0	0	0	0	0	0	0	0	0	0	0	0	0	0	0	0	0	0	0	0	0	0	0	0	0	0	0	0	1320	0	5	0	0	0	0	0	0	0	0	0	0	0	0	0	0	0	0	0	0	0	0	0	0	0	0	0	0	0	0	0	0	0	0	0	0	0	0	0	0	0	0	0	0	0	0	0	0	0	0	0	0	0	1138	0	0	0	0	0	0	0	0	0	0	0	0	0	0	0	0	0	0	0	0	0	0	0	0	0	0	0	0	0	0	0	0	0	0	0	0	0	106	0	0	0	0	0	0	0	0	0	0	0	0	0	0	0	0	0	0	0	0	0	0	0	0	0	0	0	0	0	0	0	0	0	0	0	0	0	0	0	0	0	0	0	0	0	0	0	0	0	0	0	0	246	0	0	0	0	75	0	0	0	0	0	0	73	0	0	0	0	0	0	0	0	0	0	0	0	0	0	0	0	0	0	0	0	0	0	0	0	0	0	0	0	0	0	0	0	0	0	0	0	0	0	0	0	70	0	0	0	0	0	0	0	0	0	0	0	0	0	0	0	0	0	0	0	0	0	0	0	0	0	0	0	0	0	0	0	0	0	0	0	0	0	0	0	0	0	888	0	0	0	0	0	0	0	0	0	0	0	0	0	0	0	0	0	0	0	0	0	0	0	0	0	0	0	0	0	0	0	0	0	0	0	33	0	0	0	0	0	0	0	0	0	0	0	0	0	0	0	0	0	0	0	0	0	0	0	0	0	169	0	0	0	0	0	0	0	0	0	2	0	0	0	0	0	0	0	0	0	0	0	0	0	0	0	0	0	0	5	0	0	0	0	0	0	0	0	0	0	0
D99	0	3	0	0	0	0	0	2	0	0	0	0	0	0	0	0	0	0	0	0	0	0	30	0	0	0	0	0	0	0	0	29	0	0	0	0	0	0	41	101	0	0	0	0	0	0	0	0	0	0	0	0	0	0	0	62	0	0	0	0	0	0	0	0	0	0	0	7	0	0	0	0	0	0	0	125	0	0	0	0	0	0	0	0	0	0	0	0	0	0	0	0	0	0	0	0	0	0	0	0	0	0	0	0	0	0	0	0	0	0	0	0	0	0	0	0	0	0	0	0	0	0	167	0	0	0	0	0	0	0	0	0	0	0	0	0	0	0	0	0	0	0	0	0	0	0	0	0	0	0	0	0	0	0	0	16	0	8	0	0	0	0	0	0	0	0	0	0	0	0	1	0	222	0	0	0	0	0	0	0	0	0	992	0	0	0	0	0	0	0	0	0	0	0	0	0	0	0	0	0	0	0	0	0	0	0	0	0	0	0	0	9	0	0	0	0	0	339	8	0	0	0	0	0	0	0	0	28	0	0	0	0	0	0	0	0	0	0	0	0	0	0	57	0	174	0	0	0	0	3	0	0	0	0	0	0	0	0	0	0	2881	0	0	0	0	0	0	0	0	0	0	0	0	0	0	0	0	0	0	0	0	0	0	0	407	0	0	0	0	0	0	0	39	0	0	0	20	0	0	0	0	0	0	0	0	0	0	0	2	0	0	708	0	0	0	0	0	0	0	0	0	0	0	0	0	0	0	0	51	0	0	0	6	0	0	0	0	0	0	363	0	0	0	0	0	132	6	0	0	0	0	0	0	0	0	25	0	0	0	0	0	0	0	0	0	0	0	0	0	0	0	0	0	0	0	0	0	0	0	0	0	0	0	0	0	0	0	0	0	0	0	0	0	0	29	0	0	0	0	0	0	0	0	0	0	0	0	0	0	0	0	0	0	0	0	0	0	0	0	0	0	0	0	0	0	0	0	0	0	0	0	0	8	0	0	0	0	0	0	0	0	0	0	0	0	0	0	0	0	0	29	0	0	0	0	0	0	0	0	0	0	0	0	0	0	78	0	0	0	0	0	0	0	0	0	0	0	0	0	0	0	0	0	0	0	0	0	0	0	0	0	0	0	7	0	0	0	85	0	0	0	0	0	0	0	0	0	0	256	0	0	0	0	0	0	0	0	85	0	0	0	0	0	0	0	0	0	0	0	0	0	0	0	0	0	0	0	0	0	0	0	0	0	21	0	0	0	0	0	0	0	2	0	0	0	0	0	0	15	13	0	0	3	0	0	5	0	0	0	0	0	0	0	1	0	0	0	0	0	0	0	0	110	0	0	0	0	0	0	0	0	0	0	0	0	0	0	0	0	0	0	0	0	0	0
D100	0	0	0	0	0	0	0	0	0	0	0	0	0	0	0	0	0	0	0	0	0	0	0	0	0	0	0	0	0	0	0	0	0	0	0	0	0	0	0	0	0	0	0	0	0	0	0	0	0	0	0	0	0	0	0	0	0	0	0	0	0	0	0	0	0	0	0	6504	0	0	0	0	0	0	0	0	0	0	0	0	0	0	0	0	0	0	0	0	0	0	2	0	0	0	0	0	0	0	0	0	0	0	0	0	0	0	0	0	0	0	0	0	0	0	44	0	0	0	0	0	0	0	0	0	0	0	0	0	0	0	0	0	0	0	0	0	0	0	0	0	72	0	0	0	0	0	0	0	0	0	0	0	0	0	0	0	0	0	0	0	0	0	0	0	0	0	0	0	0	0	0	0	0	0	0	0	0	0	0	0	0	0	1252	0	0	0	0	0	0	0	0	0	71	0	0	0	0	0	0	0	0	0	0	0	0	0	0	0	0	0	0	0	0	0	4	0	0	0	0	0	0	0	0	0	0	0	0	0	0	0	0	0	0	0	0	0	0	0	0	0	0	0	0	0	0	0	0	0	0	0	0	0	0	0	0	0	0	0	0	0	4	0	0	0	0	0	0	0	0	0	0	0	0	0	0	0	0	0	0	0	0	0	0	0	0	0	0	0	0	0	0	0	0	0	0	0	0	0	0	0	0	0	0	0	0	0	0	0	0	0	0	0	0	0	0	0	0	0	0	0	0	0	0	0	0	0	0	0	754	0	0	0	22727	0	0	0	0	0	0	0	0	0	0	0	0	0	0	0	0	0	0	0	0	0	0	0	0	0	0	0	0	0	740	0	0	0	0	0	0	0	0	0	0	0	0	0	0	0	0	0	0	0	0	0	0	0	0	0	0	0	0	0	0	0	0	0	0	0	0	0	0	0	0	0	0	0	0	0	0	0	0	0	0	0	0	0	0	0	0	0	0	0	0	0	0	0	0	0	0	0	0	0	0	0	0	0	0	0	0	0	0	0	0	0	0	0	0	0	0	0	10987	0	0	0	0	0	0	0	0	0	0	0	0	0	0	27	0	0	0	0	0	0	0	0	0	0	0	0	0	0	0	0	0	0	0	0	0	0	0	0	0	0	0	0	0	0	0	174	0	0	0	0	0	0	0	0	0	0	10744	0	0	0	0	0	0	0	0	0	0	0	0	0	0	0	0	0	0	15	0	0	0	0	0	0	0	0	0	0	0	0	0	0	0	0	0	0	0	0	0	0	0	0	0	0	0	0	0	0	0	0	0	0	0	0	0	0	0	0	0	0	0	1872	0	0	0	0	0	0	0	0	0	0	0	0	0	0	0	0	0	0	0	0	0	0	0	0	0	0	0	0	0	0	0	3000	0
D101	281	4	70	0	13	0	7	12	0	251	9	0	8	55	96	0	2	0	0	31	19	0	0	0	0	15	0	1	0	0	0	0	0	50	0	7	22	0	0	0	14	5	15	0	0	0	8	0	202	0	99	1	5	19	0	3	1931	0	11	19	15	0	0	0	0	5	0	0	133	0	0	0	0	0	6	41	11	16	2	0	24	20	0	0	6	0	2	19	0	0	65	4	1	0	1	0	0	0	0	8	0	67	0	3	0	0	3	1	0	0	82	0	9	0	0	0	258	34	2	0	0	0	0	0	0	0	11	20	0	5	3	258	26	0	0	0	15	95	26	0	0	0	17	5	3	0	0	0	2	0	0	0	3	2	0	40	30	1310	0	0	364	0	43	0	0	6	0	18	4	0	332	12	281	21	0	0	7	0	2	0	20	0	15	0	0	13	0	2	3	414	58	0	0	0	0	0	0	0	9	5	0	0	26	5	2	9	24	2	0	133	28	6	15	6	0	6	0	0	1	0	0	0	0	283	0	0	0	6	2	0	19	1	0	0	24	13	66	0	30	14	0	0	0	0	0	0	0	70	551	0	2	0	27	0	0	0	5	29	4	0	0	3	5	0	0	2	0	40	0	30	3	5	0	0	0	21	0	33	0	0	10	5	0	0	0	33	0	59	0	0	565	0	0	9	0	4	0	3	2	5	0	10	18	0	0	103	34	0	0	0	0	3	0	22	50	44	0	11	0	7	0	0	0	0	0	9	0	38	2	4	28	20	13	90	101	0	0	2	3	0	0	0	0	0	2	2	0	0	0	58	21	0	0	2	0	2	52	0	0	5	33	166	111	37	181	38	0	0	40	0	56	12	5	0	26	0	0	0	0	0	0	0	0	0	0	5	0	4	0	55	3	3	26	0	0	6	0	33	0	18	4	44	1137	0	3	0	0	0	1	0	8	10	0	0	0	0	74	7	0	0	0	0	0	54	12	0	0	0	0	0	0	0	0	0	0	0	25	2	0	8	19	0	9	0	516	5	0	0	0	0	0	0	22	0	0	8	9	17	0	0	0	0	0	0	0	28	4	0	0	0	56	9	1	42	0	21	0	0	0	0	0	29	0	0	0	28	0	2	0	3	0	0	13	3	24	1	36	0	9	0	2	0	0	10	0	129	0	0	0	12	3	21	0	0	11	67	0	0	0	51	11	2	0	1	1074	0	0	0	0	12	324	38	13	22	534	0	0	0	0	4	0	3	599	13	0	38	0	1	0	1	0	0	196	0	5	36	17	0	0	0	1	11	0	1	0	0	15	0	64	0	600	0	0	0	0	0	9	7	0	4	0	14	164	49	0	0	0	0	0	0	15	71	21	0	0	1	21	22	122	0	0	21	0	5	693
D102	2	0	4	1	0	2	0	3	0	37	1	0	13	0	3	0	11	12	35	8	0	22	2	9	0	0	2	5	0	0	85	0	0	0	0	0	313	0	15	0	0	0	2	58	0	0	0	6	37	0	108	0	0	41	0	62	0	8	0	0	0	0	0	0	1	0	440	0	37	0	58	1	11	0	0	0	0	52	128	66	2	0	0	2	11	0	2	0	406	0	0	26	0	325	93	68	166	0	23	4	0	0	34	8	0	131	4	36	58	15	0	715	100	2	0	0	3	674	0	0	0	0	0	0	0	0	172	0	16	0	0	0	91	0	0	0	0	21905	1	0	0	2	0	2	0	0	2	321	2	81	111	0	31	0	2	16	16	0	3	0	0	0	2	81	36	3	37	3	2	0	0	0	0	0	2	135	7	353	16	19	6	580	13	0	0	0	639	4	2	0	1	5	0	313	151	0	0	0	5	0	0	242	5	3	65	0	5	0	0	0	0	0	0	0	0	2	0	0	0	0	0	1	0	22	775	2	6	0	149	0	0	0	27	16	20	0	0	22	12	17	0	35	0	1	0	0	0	521	6	0	3	4	0	0	4	0	4	3	9	0	0	0	0	43	0	0	0	0	0	8	89	5	4	0	3	0	0	0	0	0	0	0	0	0	0	3	21	0	151	0	331	0	15	6	2	0	13	15	11	0	0	26	400	1	0	1	32	0	1	0	2	2	0	0	0	1	0	0	0	0	110	0	0	0	0	0	0	2	0	0	0	1	18	28	0	154	25	0	13	6	0	0	0	311	0	0	2	2	8	0	1	0	123	76	0	0	0	0	61	0	18	4	0	5	0	0	71	0	0	0	0	0	0	11	0	0	175	0	0	0	0	26	80	0	50	0	0	45	5	0	28	0	23	0	12	4	318	135	624	3	11	0	0	0	5	0	0	0	0	0	2	18	0	423	19	0	11	5	0	0	0	8	0	6	0	6	2	549	8	21	171	754	21	0	0	0	0	0	986	0	0	426	5	75	119	0	181	0	464	0	0	0	4	0	35	33	0	3	0	0	0	12	9	0	0	27	0	2	0	23	0	3	0	0	94	0	356	5	4855	5	0	0	0	0	137	0	0	2	98	12	0	25	0	0	0	1	8	0	2	0	1	19	0	0	47	30	0	0	4	2	0	3	283	2	0	9	214	0	0	13	2	0	11	0	0	0	0	0	3	0	8	17	0	13	0	4	2	0	0	2	0	0	10	0	0	1	31	20	0	2	0	0	56	551	8	0	5	2532	0	2	0	4	0	5	0	0	0	2	0	4	22	349	0	8	0	3	13	98	1	14	0	24	4	125	4	0	172	3	0	908	0	30	16	0	1301	0	45	20	0	0	4	0	0	0	0
D103	0	0	0	0	0	0	0	0	0	0	0	0	0	0	0	0	0	5	0	0	0	0	0	38	0	0	0	0	0	0	606	0	0	0	0	0	60	0	0	378	0	0	0	0	0	0	0	0	0	0	0	0	0	0	0	0	0	0	0	0	0	0	0	0	0	0	0	0	0	0	0	0	0	0	0	0	0	0	244	175	0	0	0	0	0	0	0	0	420	0	0	0	0	65	0	145	0	0	0	0	0	0	0	0	0	135	0	307	0	0	0	60	5	0	0	0	0	0	0	0	0	0	0	0	0	0	304	0	0	0	0	0	0	0	0	0	0	224	0	0	0	0	0	0	0	0	0	188	0	0	0	0	0	0	0	0	0	0	0	0	0	0	0	0	227	0	0	0	0	0	0	0	0	0	0	0	0	0	5	0	0	0	0	0	0	0	223	0	0	0	0	0	0	0	0	0	0	0	0	0	0	0	0	0	0	0	0	0	0	0	0	0	0	0	0	0	0	0	0	0	0	0	0	0	0	0	0	0	0	0	0	0	37	3	0	0	0	94	0	0	0	0	0	0	0	0	0	0	0	0	0	0	0	0	0	0	0	0	15	0	0	0	0	0	0	0	0	0	0	0	0	0	0	0	0	0	0	0	0	0	0	0	0	90	0	0	162	0	214	0	0	0	0	0	0	0	0	0	0	0	0	0	0	0	0	0	2449	0	0	0	0	0	0	0	0	0	0	0	0	0	233	0	0	0	0	0	0	0	0	0	0	0	0	0	0	274	0	0	0	0	0	0	0	0	0	0	0	0	0	0	0	0	330	0	0	0	0	0	0	0	504	0	0	0	0	0	148	0	0	0	0	0	0	0	0	0	0	0	0	0	0	0	0	125	135	0	0	0	0	0	0	0	0	0	0	0	1	216	0	0	0	0	0	0	0	0	0	0	0	0	0	0	0	0	0	0	0	0	0	0	0	0	0	0	0	0	0	73	18	0	0	0	0	0	0	0	0	0	68	0	0	0	0	40	0	0	0	0	21	0	0	0	0	0	0	0	0	0	0	0	0	0	0	0	0	0	0	0	0	0	0	0	0	0	74	0	137	0	476	0	0	0	0	0	102	0	0	0	0	0	0	0	0	0	0	0	0	0	0	0	0	0	0	0	112	0	0	0	0	0	0	0	1426	0	0	0	11	0	0	0	0	0	166	0	0	0	0	0	0	0	0	0	0	0	0	156	0	0	0	0	0	0	0	0	0	0	529	0	0	0	17	0	0	386	0	0	0	353	0	0	0	0	0	0	0	0	0	0	0	0	0	0	0	0	0	0	0	0	0	0	0	0	0	0	0	0	0	0	0	0	0	191	0	0	759	538	0	0	0	0	0	0	0	0	0
D104	0	0	0	0	0	0	0	0	0	0	0	0	0	0	0	0	0	0	0	0	0	0	0	0	0	0	0	0	0	0	0	0	0	0	0	0	0	0	0	0	0	0	0	0	0	0	0	0	4	0	0	0	0	0	0	0	4	0	0	0	0	0	0	0	1	35	4	0	0	0	0	0	0	0	0	0	0	0	0	0	0	0	0	0	0	0	0	0	0	0	0	0	0	0	0	0	2	0	0	0	0	0	0	0	0	0	0	0	0	0	0	0	0	0	0	0	0	0	0	0	0	0	0	0	0	0	14	0	0	0	0	0	0	0	0	0	0	0	0	0	0	0	0	0	0	0	0	0	0	0	0	0	0	0	0	0	0	0	0	0	0	0	0	0	0	0	0	0	0	8	0	0	0	0	0	0	0	0	0	0	0	0	0	0	0	0	0	0	0	0	0	0	0	0	0	0	0	0	0	0	0	0	2	0	0	0	0	0	0	0	0	0	0	0	0	0	0	0	0	0	0	0	0	0	0	0	0	0	0	3	0	0	0	0	0	0	0	4	0	0	0	0	0	0	0	0	0	0	0	0	0	0	0	0	0	0	0	0	0	0	0	0	0	0	0	0	0	0	0	0	0	0	0	0	0	0	0	0	0	0	0	0	0	0	0	0	0	0	0	0	0	0	0	0	0	0	0	0	0	0	0	0	0	0	0	0	0	0	0	0	0	0	0	0	0	2	0	0	0	0	0	0	0	0	0	0	0	0	0	0	12	0	0	0	0	0	0	0	0	0	0	0	0	0	0	0	0	0	0	0	0	0	0	0	0	0	0	0	0	0	0	0	0	0	0	0	0	0	0	0	0	0	0	0	0	57	2	0	0	0	0	0	0	0	0	22	0	0	0	0	0	0	0	0	0	0	11	0	0	0	0	0	0	0	10	0	0	0	0	0	0	0	0	0	0	0	0	0	0	1	0	0	0	0	0	0	0	0	0	0	0	0	0	0	0	0	0	0	3	0	0	0	0	0	0	0	0	0	0	0	0	0	0	0	0	0	0	0	0	0	0	0	0	0	0	0	0	0	0	0	0	0	0	0	0	0	0	0	0	0	0	0	0	0	0	0	0	0	0	0	0	0	0	0	0	0	0	0	0	0	0	0	0	4	0	0	0	0	0	0	0	6	0	0	0	0	0	0	0	0	0	0	0	0	0	0	0	6	5	8	0	0	0	0	0	0	0	0	0	0	0	0	0	0	0	0	0	0	3	3	0	0	0	0	0	0	0	0	0	0	0	0	0	0	0	0	0	0	0	0	0	0	0	0	0	0	0	0	0	0	0	0	16	0	0	0	0	0	0	0	0	0	0	0	0	0	0	0	0	0	0	0	0	0	0
D105	0	0	0	0	0	0	0	0	0	2	0	0	0	0	0	1	0	0	0	0	0	0	2	153	0	0	0	0	0	0	0	0	0	0	0	0	0	0	0	496	0	0	0	0	0	0	0	0	0	0	0	0	0	2100	0	0	0	0	0	0	0	0	0	0	0	0	3	0	1	0	0	0	0	0	0	0	0	0	0	0	0	0	0	0	0	0	0	0	0	0	0	0	0	1119	7	0	0	0	0	2	0	0	0	0	0	0	2	0	0	0	0	0	184	2	0	0	0	0	0	3	0	0	0	0	0	0	0	0	0	0	0	0	0	0	0	0	0	0	0	0	0	0	0	0	0	0	0	37	0	0	0	0	7	0	0	0	0	0	0	0	2	0	0	0	2	0	2	0	0	0	0	0	0	0	0	0	0	0	0	0	0	27	0	0	0	0	0	0	0	0	0	0	0	0	0	0	0	0	0	0	0	8	0	0	4	0	0	0	0	0	0	0	0	11	0	0	0	0	0	0	0	0	0	0	0	0	0	0	1	0	0	0	0	0	0	0	0	0	0	0	0	4	0	0	4	3	0	0	0	0	0	0	0	0	0	0	0	0	0	0	0	0	2	0	0	0	0	0	0	0	0	0	0	0	0	0	0	0	0	0	0	0	0	0	0	0	0	0	0	0	0	0	3	0	0	0	0	8	0	0	13	0	0	0	0	0	1	0	0	0	0	0	0	0	0	0	0	0	0	0	0	0	0	0	0	0	0	0	0	0	0	0	1	0	0	28	0	0	0	5	0	0	0	0	0	0	6	0	0	0	0	0	0	0	0	0	0	0	0	0	3	0	0	0	0	0	0	0	0	0	0	0	0	6	0	0	0	0	0	0	0	0	0	0	0	0	548	0	0	0	0	0	0	0	0	0	125	0	1	0	0	0	0	0	0	0	0	0	0	0	0	0	0	0	0	0	0	0	0	0	0	0	0	0	0	3	0	0	0	0	0	0	0	0	0	0	0	0	0	0	0	0	0	2	19	0	0	4	0	0	0	0	0	0	0	10	0	0	0	0	0	0	0	0	0	0	0	0	0	0	0	0	0	0	0	0	0	0	6221	0	0	0	0	0	0	0	0	0	0	13	0	0	0	0	0	0	2	0	1	0	0	2	2	0	0	0	0	0	0	0	0	0	13	0	0	0	0	0	0	0	0	0	0	0	0	0	0	0	4	0	0	0	0	0	0	0	0	0	0	0	0	0	0	0	0	0	0	0	0	0	0	0	15	0	0	0	0	1355	0	0	0	0	0	0	0	0	0	0	0	0	2	0	0	5	0	0	0	4	0	19	0	0	0	0	0	0	0	0	0	0	0	0	2	0	0	0	0	0	3	0	0	0	0	0	0
D106	165	1	2	0	0	65	0	0	37	0	0	59	0	0	6	0	0	0	0	0	0	0	27	0	10	4	0	0	0	0	0	1	13	0	4	0	0	23	25	0	0	0	0	0	7	0	0	0	0	0	0	0	0	0	89	16	0	0	50	0	0	0	27	0	0	5	0	8	0	2463	0	0	12	0	0	38	0	0	0	0	0	0	0	0	0	0	0	0	0	16	0	0	0	0	38	0	0	3	0	0	2	9	0	0	0	0	3	0	0	3	0	0	0	0	0	0	4	0	0	9440	5545	0	10	9	18	10	0	0	0	0	0	0	2	0	0	7	0	0	0	404	21	7	0	0	0	0	0	0	0	0	25	5	0	7	0	8	0	6	0	0	2	34	0	0	52	0	0	0	0	0	23	5	64	0	3394	0	0	0	0	0	0	0	5	0	0	6	0	0	0	69	0	0	0	0	0	0	0	109	0	0	10	0	0	0	0	0	0	0	3	0	0	0	0	8	0	0	0	1	0	4807	2	0	0	2	0	0	0	20	0	20	0	0	0	0	0	0	0	0	0	0	223	0	0	0	0	0	28	0	0	2	0	0	0	3	0	7	0	0	4	0	0	0	20	0	0	0	133	0	0	0	0	0	0	0	0	0	0	0	0	0	0	0	0	0	11	0	0	0	0	0	11	1594	51	0	0	100	353	0	3	0	0	0	0	0	0	0	0	0	0	17	0	30	235	0	0	0	0	0	0	0	0	173	14	0	296	0	0	0	6	0	0	0	81	0	0	0	0	0	0	65	0	23	0	0	0	19	48	0	0	0	0	1	0	0	0	0	0	0	1	3	5	0	11	0	521	0	0	0	15	10	19	0	0	0	0	0	0	0	138	59	0	0	0	21	99	0	0	0	0	1	0	0	0	0	8	0	0	0	0	3	0	3	0	0	6	5	0	0	0	0	0	0	2	0	0	0	0	5	0	0	0	0	0	0	3	0	0	0	0	0	0	0	2	16	0	58	44	0	0	0	0	0	0	0	0	0	0	0	0	1	2	169	0	0	0	0	0	0	0	0	0	0	0	0	0	24	7	0	0	0	0	0	0	0	0	0	0	0	0	0	0	0	0	0	0	0	0	0	0	0	15	0	0	0	0	0	0	15	0	0	3	0	14	135	0	0	0	0	0	0	0	0	0	0	0	0	0	0	0	0	0	0	0	0	52	0	289	2	0	0	2	3	0	0	2	0	0	0	0	0	0	0	0	0	0	2	0	0	0	0	0	8	0	57	0	3	0	1	0	0	0	0	3	0	0	0	0	0	0	0	11	9	49	52	0	0	0	0	0	0	7	0	0	0	0	0	0	0	0	0	0	0	0	0	0	0	1	0	0	9	0	0	0	30	0
D107	1	0	0	7	6	0	0	0	0	4	0	0	5	0	0	0	0	6	10	0	0	10	0	2	0	0	4	0	0	0	199	0	0	0	0	0	0	0	5	1731	0	2	0	0	0	0	3	0	0	0	3	0	12	7	0	34	0	4	531	0	0	0	0	0	4	4	0	0	12	0	725	0	16	0	0	0	0	0	1071	0	0	7	0	3	0	0	14	0	522	0	0	0	0	626	0	166	194	0	0	0	0	0	73	7	0	0	0	183	0	20	0	380	12	2	0	0	0	0	0	0	0	3	0	0	0	0	90	0	31	3	0	0	6	0	0	0	0	3934	0	0	0	0	7387	0	0	0	0	0	0	0	0	0	6	0	4	6	5	0	0	1050	3	0	0	11	0	0	4	0	0	0	0	0	0	0	0	0	0	18	0	0	0	462	0	0	0	189	0	0	0	0	0	0	0	0	0	0	0	0	0	0	1	0	0	0	0	3	0	0	0	1	1	0	0	2	0	0	0	0	0	0	0	0	0	4	468	0	4	0	0	0	1	0	4	0	0	0	0	1	0	10	0	6	0	0	0	0	0	51	0	0	0	3	0	0	0	0	5	3	867	0	0	0	0	551	0	0	0	0	0	132	0	0	19	0	0	0	0	0	0	0	0	0	0	0	0	0	4	0	15	1	45	0	0	0	0	0	0	7	0	0	0	6	8	2	0	2	20	0	0	0	0	2	0	0	0	0	0	2	0	2	71	0	0	0	0	0	0	0	0	0	0	1	0	5	0	5790	26	0	0	0	0	0	0	1	0	17	0	0	6	0	0	0	2	0	0	0	0	0	197	0	10	2	0	0	0	3	5	0	19	0	0	0	0	2	0	0	0	0	0	0	239	0	22	111	0	0	0	3	2	0	0	0	54	0	6	3	349	0	0	0	15	2	0	0	0	0	3	0	0	0	3	0	0	520	40	0	7	0	0	0	0	0	0	0	0	3	0	823	0	11	376	6	54	0	0	0	0	8	383	1	0	19	0	0	220	0	51	0	286	0	0	0	2	0	152	15	0	4	0	0	0	5	3	0	2	7	0	0	1	0	0	0	0	52	0	0	339	101	921	0	0	0	0	0	0	0	14	2	132	10	0	1	0	0	2	0	7	0	0	269	0	54	0	0	176	8	0	0	0	0	0	0	9	0	0	1	4	0	0	3	2	0	28	0	0	0	0	0	0	2	0	4	0	0	0	0	0	0	0	0	0	0	0	0	0	2	0	0	0	0	0	0	42	347	0	0	2	1261	0	0	0	0	0	0	0	0	1	0	0	69	55	0	1	0	0	11	5	4	0	35	0	0	2	22	13	0	0	0	0	0	0	0	0	0	0	9	270	2	12	0	11	14	0	0	0
D108	0	0	0	0	0	0	0	0	0	0	0	0	59	0	0	4	0	0	0	0	0	0	0	26	0	0	36	0	0	0	364	0	0	0	0	0	471	0	0	23	0	0	0	0	0	0	0	0	0	0	162	0	0	0	0	0	0	0	0	0	0	0	0	0	0	0	5	0	361	0	0	0	0	0	0	0	0	0	4	226	0	0	0	0	0	0	0	0	541	0	0	0	0	149	0	158	13	0	59	0	0	0	0	105	0	45	0	0	0	0	0	519	3	0	0	0	0	0	0	0	0	0	0	0	0	0	0	0	16	3	0	0	0	0	0	0	0	450	0	0	0	0	67	0	0	0	30	637	0	2	0	0	0	0	0	0	0	0	0	0	0	0	0	1	0	0	3	0	0	0	0	0	0	0	0	44	0	0	9	0	0	233	0	0	0	0	78	0	0	0	0	0	0	2212	38	0	0	0	0	0	0	0	2	0	68	0	0	0	0	0	0	0	0	20	0	0	0	0	0	0	0	0	0	0	964	0	117	0	2	0	0	0	10	204	0	0	0	235	2	0	0	0	0	0	0	0	0	0	0	0	0	0	0	0	25	0	0	0	0	0	0	0	0	14	0	0	0	0	0	38	55	0	0	0	0	0	0	0	0	0	0	2	0	673	0	0	59	0	0	0	0	0	4	0	0	0	0	0	0	0	0	0	0	0	0	0	41	0	0	0	0	0	0	0	0	0	0	0	0	0	528	0	0	0	0	105	0	0	0	0	0	0	0	0	0	63	0	0	46	0	0	0	0	0	0	0	0	0	34	4	0	0	67	1763	0	0	126	0	38	0	0	0	0	0	0	0	175	0	8	0	0	0	0	0	0	0	0	0	0	0	0	0	30	140	2	0	0	0	3	0	11	0	0	0	0	5	716	231	27	42	0	0	0	0	268	0	0	0	0	0	0	0	0	247	0	0	0	0	0	0	0	0	0	0	0	0	0	783	17	0	196	0	0	0	0	0	0	0	732	0	0	532	0	161	16	0	0	0	1392	0	0	0	0	0	33	0	0	0	0	0	0	0	0	0	0	0	0	0	0	0	0	0	0	0	397	0	340	35	1489	22	0	0	0	0	0	0	19	0	4	0	0	0	0	0	0	0	0	0	0	0	0	24	0	0	7	0	0	0	0	0	0	0	29	0	0	0	1038	0	0	0	0	0	889	0	0	0	0	0	0	0	0	0	0	0	0	165	13	0	0	0	0	0	0	0	0	0	465	0	0	0	0	0	162	1333	0	0	0	0	0	0	0	0	0	0	0	0	0	0	0	24	0	0	0	0	0	0	0	0	0	0	0	3	0	0	0	0	0	0	0	0	0	2	0	0	4566	89	0	0	0	0	50	0	0	0	0
D109	0	2	0	0	0	27	0	2	0	0	0	5	0	0	0	0	0	0	0	0	0	0	56	0	2	0	0	0	28	33	0	0	0	0	3	0	0	3	0	9	5	0	0	15	2	0	0	0	0	0	0	0	0	0	164	0	12	0	0	0	0	26	0	5	0	8	0	0	0	382	0	0	0	0	0	15	0	0	0	0	0	0	0	0	0	0	0	0	0	0	0	0	0	0	0	0	0	0	0	0	0	0	0	0	0	0	0	0	0	0	0	0	0	0	224	0	0	0	0	827	482	0	0	0	120	11	0	1	0	0	0	0	0	5	0	0	0	0	0	13	73	0	0	0	0	664	0	0	0	0	18	26	0	3	0	0	0	0	0	0	0	0	0	0	43	0	0	0	0	0	3	0	8	0	358	0	0	0	0	0	0	0	0	0	0	0	0	0	0	5	0	0	309	0	0	0	14	3	0	0	0	0	0	0	0	0	0	0	2	0	0	0	3	0	0	0	6	0	0	52	121	3	0	0	0	0	0	3	0	6	0	4	0	0	0	0	0	0	0	0	2165	0	0	47	0	21	0	0	0	0	0	0	0	0	0	45	0	0	0	6	0	0	2096	0	5	0	186	0	0	0	0	0	0	0	0	0	0	0	0	0	0	0	0	0	14	0	0	0	0	0	4	54	5	0	0	0	0	0	0	0	0	0	0	0	0	0	0	0	0	6	0	0	53	0	0	0	17	0	0	0	0	11	0	0	7	0	3	0	4	0	0	0	83	0	0	0	0	0	0	7	0	2	15	0	0	0	0	0	0	0	0	0	0	0	44	0	0	0	0	6	0	0	0	0	0	4	0	0	0	12	56	0	0	0	0	0	0	0	8	17	0	0	0	0	181	0	0	0	0	0	0	0	0	77	0	0	0	0	0	0	0	0	0	129	0	0	0	34	0	0	0	0	35	0	0	0	0	7	0	0	0	4	2	0	0	0	0	0	0	0	0	0	0	0	0	8	5	0	0	0	0	0	0	0	0	0	0	0	0	3	0	52	0	27	0	0	0	0	0	19	12	0	0	0	0	1	14	0	0	0	0	0	9	0	0	0	0	0	0	0	135	0	28	0	32	0	0	0	2	0	0	0	0	0	0	0	0	0	0	0	0	0	15	66	0	0	0	0	0	0	0	0	0	0	3	0	0	0	5	0	0	0	0	12	0	0	0	18	0	0	0	0	0	0	4	0	0	0	133	0	0	0	0	0	2	0	0	0	3	0	4	0	0	0	0	0	0	0	0	0	0	0	0	0	12	0	0	0	0	0	0	161	31	9	5	0	0	0	0	0	0	0	0	0	0	0	0	0	0	0	0	0	0	45	0	0	0	0	0	0	0	0	0	0	11
D110	0	0	0	0	0	0	0	0	0	0	0	0	0	0	0	0	0	0	0	0	0	0	0	0	0	0	0	0	127	0	0	0	0	0	16	0	0	0	0	0	0	0	0	0	0	0	0	0	0	1085	0	0	0	0	0	0	0	0	0	0	0	0	0	0	0	0	0	0	0	0	0	0	0	0	0	0	0	0	0	0	0	0	0	0	0	0	0	0	0	0	0	0	0	0	0	0	0	0	0	0	0	0	0	0	0	0	0	0	0	0	0	0	0	0	184	0	0	0	0	0	0	0	0	0	1009	0	0	0	0	0	0	0	0	4	0	0	0	0	0	0	0	0	0	0	0	0	0	0	0	0	0	80	0	0	0	0	0	0	0	0	0	0	0	0	0	0	0	0	0	0	0	0	0	0	0	0	0	0	0	0	0	0	0	0	0	0	0	0	0	0	0	0	0	0	0	0	0	0	0	0	0	0	0	0	0	0	0	0	0	0	0	0	0	0	0	0	0	0	0	249	1029	0	0	0	0	0	0	0	0	0	0	0	0	0	0	0	0	0	0	0	0	0	0	0	0	0	0	0	0	0	0	0	0	0	0	0	0	0	0	0	0	0	313	0	40	0	41	0	0	0	0	0	0	0	0	0	0	0	0	0	0	0	0	0	0	0	0	0	0	0	0	0	0	0	0	0	0	0	0	0	0	0	0	0	0	0	0	0	0	0	0	0	0	0	0	0	1115	0	0	0	0	0	0	0	0	0	0	0	0	0	0	0	0	0	0	0	0	0	0	0	0	0	0	0	0	0	0	0	0	0	0	0	0	0	272	0	0	0	0	0	0	0	0	0	0	0	0	0	0	0	0	0	0	0	0	0	0	0	0	0	0	0	0	0	0	0	0	0	0	0	0	0	0	0	0	0	0	0	0	0	0	0	0	0	0	0	0	111	0	0	0	0	3	0	0	0	0	0	0	59	0	0	0	0	0	0	0	0	0	0	0	0	0	0	0	0	0	0	0	0	0	0	0	0	0	0	0	0	0	0	0	0	0	3	0	0	0	0	0	0	0	0	0	0	0	0	0	0	0	0	0	0	0	0	0	0	0	0	0	0	0	0	32	0	0	0	0	0	0	0	0	0	0	0	0	0	0	0	0	0	0	0	758	0	0	0	0	0	0	0	0	0	0	0	0	0	0	0	0	0	0	0	0	0	0	0	0	0	0	0	0	0	0	0	0	0	0	0	147	0	0	0	0	0	0	0	0	0	0	0	0	0	0	0	0	0	0	0	0	0	0	0	0	0	116	0	0	0	0	0	0	0	0	0	0	0	0	0	0	0	0	0	0	0	0	0	0	0	0	0	0	0	0	9	0	0	0	0	0	0	0	0	0	0	0
D111	0	0	0	0	0	0	0	0	0	0	0	0	0	0	0	0	3	0	0	0	0	0	0	0	0	0	0	0	0	0	0	613	0	0	0	0	0	0	1	0	0	0	0	0	0	0	0	0	0	0	0	0	0	13	0	0	0	0	0	0	0	0	0	0	0	0	0	1	0	0	0	0	0	0	0	144	0	0	0	0	0	0	0	0	0	2	0	0	0	0	2	0	0	0	0	0	0	0	0	0	0	0	0	0	0	0	1	0	0	0	0	0	0	0	0	0	0	0	0	0	0	0	266	0	0	0	0	0	0	0	0	0	0	0	0	0	0	0	0	0	0	0	1	0	0	0	0	0	0	0	0	0	5	0	0	13	0	42	0	0	1	0	0	0	0	0	0	0	0	0	0	0	0	0	0	0	0	0	0	0	0	0	297	0	0	0	0	0	0	458	0	0	0	0	0	0	0	0	0	0	5	0	0	0	0	0	0	0	0	0	0	17	0	0	0	0	0	457	4	0	0	0	0	2	0	0	0	5	0	0	0	0	0	0	0	0	0	0	0	0	0	0	125	0	34	0	0	0	1	0	0	0	0	0	0	0	2	0	7	0	1694	0	0	0	0	0	0	0	0	0	0	0	0	0	0	0	0	0	0	0	0	5	0	0	225	0	0	0	0	0	0	0	0	0	0	0	8	0	1	0	0	0	0	0	0	0	0	0	2	0	0	713	0	0	0	0	0	0	0	0	0	0	0	0	0	0	0	0	30	0	0	0	7	0	0	0	0	0	0	105	0	0	0	0	0	893	80	0	0	0	0	0	0	0	0	28	0	0	0	0	0	0	0	0	0	0	0	0	0	3	0	0	0	0	0	0	0	0	0	4	0	0	3	0	0	0	0	0	0	0	0	0	0	0	19	6	0	0	0	0	0	0	0	0	0	0	0	0	0	2	0	0	0	0	0	0	0	0	0	0	0	0	0	0	0	0	0	0	0	0	0	0	8	0	0	0	0	0	0	0	0	0	0	0	34	0	0	0	0	40	0	0	0	0	0	0	0	0	0	0	0	0	0	0	0	13	0	0	0	0	0	0	0	0	0	0	0	0	0	0	0	0	0	0	0	0	0	0	0	0	0	0	0	2	0	0	0	1	0	0	0	0	0	0	0	0	0	2	31	0	0	0	0	0	0	0	0	122	0	0	0	0	0	0	0	0	0	0	0	0	0	0	0	0	0	0	0	0	0	0	2	0	0	2	0	0	0	0	0	0	0	1	0	0	0	0	0	0	37	503	0	0	22	0	0	8	0	0	0	0	0	0	0	0	0	0	0	0	0	0	0	0	124	0	0	0	0	0	0	0	0	0	0	0	0	0	3	0	0	0	0	0	0	0	0
D112	1	0	24	0	0	0	0	0	3	36	0	0	5	0	0	0	0	0	0	0	0	0	0	0	0	7	0	0	0	0	0	0	0	0	0	0	0	0	0	0	2	0	0	0	0	0	0	23	5	0	0	0	0	1	0	0	49	8	0	0	2	0	0	0	1	15	0	0	82	0	0	0	11	0	0	0	0	0	0	0	0	2	0	0	0	0	6	7	0	0	0	5	0	0	0	0	0	538	0	0	0	1	3	0	6	0	2	0	0	8	0	0	0	1	0	0	11	78	0	0	0	0	7	5	0	0	0	8	0	0	0	0	0	0	0	0	0	0	1	0	0	3	0	0	2	0	0	0	0	0	0	0	12	4	3	0	3	0	3	0	93	22	4	0	0	0	0	0	0	0	0	15	5	0	0	0	0	0	0	0	0	0	0	0	9	0	2	0	3	0	0	11	0	0	0	0	0	0	5	0	0	0	3	2	0	0	0	0	27	1	0	0	17	0	0	2	6	0	6	0	0	2	0	0	0	0	12	3	0	0	0	123	0	0	0	0	0	0	0	0	0	0	0	0	0	0	0	0	0	0	0	0	0	4	0	0	0	30	0	3	0	0	0	0	0	0	0	2	17	0	0	0	0	0	0	2	0	7	0	0	0	0	0	0	0	0	0	48	0	0	40	0	0	0	0	0	0	0	0	0	4	0	0	0	0	1	19	3	0	0	0	0	0	0	42	0	0	15	11	1	0	0	0	1	0	0	0	0	0	0	0	7	9	0	33	0	30	1	0	0	0	0	21	13	0	6	0	0	0	29	5	0	0	0	0	0	0	3	0	1	0	24	0	0	8	9	0	0	0	0	9	9	0	0	0	18	0	0	0	0	0	2	0	0	0	35	0	0	0	218	0	0	0	0	0	0	0	0	0	2	0	0	10	1	0	0	0	0	93	0	0	0	0	0	0	0	1	3	4	0	0	0	0	0	0	0	0	0	0	0	0	0	3	0	0	4	5	0	0	0	0	0	0	0	0	0	0	0	0	0	0	0	0	0	0	0	0	0	6	0	0	0	0	0	0	0	9	0	0	0	59	0	3	0	0	0	0	0	0	0	0	0	0	0	0	0	0	0	0	0	0	0	0	0	0	1	7	0	0	0	16	0	0	0	0	5	0	0	0	0	0	0	0	0	1	12	0	0	0	0	0	0	0	2	78	0	0	0	0	0	61	52	3	2	18	0	3	0	0	0	0	29	100	0	0	6	0	0	172	0	0	0	42	0	4	0	0	0	0	0	0	0	1	3	0	0	24	0	0	0	30	0	0	6	0	0	0	0	7	0	15	0	31	0	2	150	0	0	0	0	0	0	0	0	0	0	0	0	33	0	0	6	0	1	20
D113	47	8	22	0	27	0	8	9	0	121	11	0	2	47	0	2	4	0	0	48	2	0	0	0	0	21	0	0	0	0	0	0	0	12	0	2	25	0	0	104	0	2	16	0	0	0	44	0	86	0	147	6	0	7	0	23	1179	5	3	0	16	0	0	0	0	7	0	0	13	0	0	0	0	0	7	65	6	2	0	0	10	0	0	0	15	0	20	8	0	0	87	57	8	0	0	0	0	0	2	1	0	10	1	4	0	0	2	0	0	0	0	0	1	0	0	0	96	5	6	0	0	0	0	3	0	0	2	0	0	3	4	249	45	0	0	2	0	16	6	0	0	0	46	4	4	0	0	0	0	0	0	0	0	0	0	0	45	9806	0	0	103	0	25	0	0	0	0	13	0	5	83	0	716	17	0	0	0	0	0	0	2	0	4	2	0	6	0	0	3	422	9	0	0	0	0	0	0	0	7	4	0	0	13	2	5	0	67	1	1	67	6	1	4	3	0	7	0	0	0	0	0	0	0	3	0	0	0	14	0	1	7	0	0	0	6	2	17	0	29	0	0	0	0	8	0	0	0	1	3	0	12	0	13	0	3	0	0	11	7	0	0	1	0	0	0	0	0	24	0	5	0	16	0	0	0	1	0	94	0	0	4	12	2	42	0	53	0	18	0	0	242	0	0	0	0	6	0	0	0	12	0	4	8	0	2	24	29	0	0	0	0	2	0	24	23	5	0	16	0	6	0	0	2	2	0	6	0	9	0	0	66	101	39	43	19	0	0	0	5	0	0	0	0	0	5	1	0	0	0	6	10	0	0	0	0	2	0	0	0	1	3	186	47	25	274	3	0	0	0	0	23	6	1	0	49	0	0	0	0	0	0	3	0	0	0	1	0	0	2	48	4	6	91	0	0	0	0	34	0	0	2	54	185	0	2	0	0	0	0	0	3	3	0	0	0	0	57	10	0	0	0	0	0	0	8	0	2	0	1	0	0	0	3	0	0	0	14	0	0	0	20	0	8	0	3	0	0	0	0	0	6	0	0	0	0	13	7	11	0	0	0	3	2	0	0	0	3	0	2	0	104	5	0	0	0	39	3	0	0	0	0	15	0	3	0	0	0	9	0	0	0	0	21	8	47	3	2	0	7	0	0	0	0	0	0	261	0	0	0	3	18	14	0	2	16	88	2	0	0	20	7	0	0	0	484	1	0	0	0	3	45	0	4	22	168	0	0	0	0	3	0	3	83	8	0	17	0	0	0	0	0	0	103	1	7	2	22	0	0	0	2	9	0	0	0	0	23	0	43	0	244	0	0	0	0	0	0	7	1	0	0	14	337	1	0	0	0	3	0	0	18	11	10	0	0	0	3	4	172	0	0	15	0	28	164
D114	0	0	0	0	0	0	0	0	0	0	0	0	0	0	0	0	0	0	0	0	0	0	0	0	0	0	0	3	0	0	0	0	0	0	0	0	0	0	0	0	0	0	0	0	0	0	0	0	0	0	0	3	0	0	0	0	0	0	0	0	0	0	0	0	0	0	0	0	0	6	0	0	0	0	0	0	0	0	2	0	0	0	0	0	1	0	0	0	0	0	0	0	0	0	0	0	0	0	0	0	0	0	0	0	0	0	0	0	0	0	0	0	0	0	0	0	0	0	0	0	0	0	0	0	0	0	0	0	0	0	0	0	0	0	0	0	0	0	0	0	0	0	0	0	0	0	0	0	0	0	0	0	0	0	0	0	0	0	0	0	0	0	0	0	0	0	0	0	0	0	0	0	0	0	0	0	0	0	0	0	0	0	0	0	0	0	0	0	0	0	0	0	0	0	0	0	0	0	0	0	0	0	0	0	0	0	0	0	0	0	0	0	0	0	0	0	0	0	0	0	0	0	0	0	0	0	0	7	0	0	0	0	0	0	0	0	0	22	0	0	0	0	0	0	0	0	0	0	0	0	3	0	0	0	0	0	0	0	0	0	0	0	0	0	0	0	0	0	0	0	0	0	0	0	0	0	2	0	0	0	0	0	0	0	0	0	0	0	0	0	2	0	0	0	0	0	0	0	0	0	0	0	0	0	0	0	0	0	0	0	0	0	0	0	0	0	0	0	0	0	0	4	2	0	0	0	0	0	0	0	0	0	0	0	0	0	0	0	0	0	0	0	0	0	0	0	0	0	0	0	0	0	0	0	0	0	0	0	0	0	0	0	0	0	0	0	0	0	0	0	0	0	0	0	0	0	0	0	0	0	0	0	0	0	0	0	0	0	0	0	0	0	0	0	0	0	0	0	0	0	0	0	0	0	0	0	0	0	0	0	0	0	0	0	0	0	0	0	0	0	0	0	0	0	3	0	0	0	0	0	0	0	0	0	0	0	0	0	0	0	0	0	0	3	0	0	0	0	0	0	0	0	0	0	0	0	0	0	0	0	0	0	0	0	0	0	0	0	0	0	0	0	2	0	0	0	0	0	0	0	0	0	0	0	0	0	0	0	2	0	0	0	0	2	0	0	0	0	0	0	0	0	0	0	0	0	0	0	0	0	0	0	0	0	0	0	0	0	0	0	0	0	0	0	0	0	0	0	0	0	0	0	0	0	0	0	0	0	0	0	0	0	0	0	0	0	0	0	0	0	0	0	0	0	0	0	0	0	0	0	0	0	0	0	0	0	0	0	0	0	0	0	0	0	0	0	0	0	0	0	0	0	22	0	0	0	0	0	0	0	0	0	0	0	0	0	0	0	0	0	0	0	0	0	0
D115	74	0	4	0	38	0	0	0	0	780	50	0	0	0	1	2	0	3	0	113	0	0	0	0	0	0	3	0	0	0	0	0	23	0	0	23	126	0	0	0	0	62	153	0	0	7	188	0	0	0	427	2	7	0	0	38	73	2	2	0	30	0	0	0	38	22	0	0	18	0	0	0	0	0	20	0	1	2	0	1	115	0	0	5	0	0	144	0	4	1	0	194	0	0	0	0	0	0	14	0	0	0	0	12	0	2	6	0	0	0	3	2	0	1	0	0	4	0	5	0	0	0	0	0	0	0	0	0	0	0	63	0	6	0	0	0	0	1	0	0	0	0	0	3	91	0	0	0	0	0	0	0	0	0	0	0	21	0	0	0	0	0	39	2	0	2	0	75	4	2	0	0	0	12	0	0	0	0	9	0	27	0	0	0	17	0	2	7	12	4	19	0	0	0	0	0	0	0	11	0	0	0	11	0	15	24	448	6	0	76	33	0	0	0	0	30	0	0	0	0	0	0	3	0	0	0	3	0	0	0	53	0	2	3	5	31	0	4	65	3	0	2	0	0	0	0	0	0	0	0	203	0	40	0	0	0	0	0	43	0	0	27	0	0	0	0	0	0	0	0	0	28	15	0	0	0	0	23	0	0	32	113	15	0	0	213	0	1	0	0	18	0	0	0	24	0	0	2	5	54	0	0	0	0	0	0	26	0	0	0	0	0	0	0	204	32	0	30	0	0	0	0	0	50	0	8	0	3	0	0	277	247	39	0	4	2	0	1	0	0	0	0	0	0	13	0	0	0	0	30	71	0	0	0	0	0	28	16	0	0	5	592	11	82	0	0	0	0	0	0	0	0	0	3	307	0	0	0	0	0	0	0	0	0	0	0	0	4	0	267	0	0	331	0	0	0	0	3	0	1	0	107	1	0	0	0	0	0	0	0	5	0	0	0	0	0	143	0	0	0	0	0	0	4	0	0	2	0	2	0	0	0	0	0	0	0	0	0	0	19	107	2	0	2	6	6	0	0	0	32	0	0	0	0	0	10	44	0	0	0	6	0	1	0	1	0	0	23	0	0	252	0	0	10	0	0	0	0	3	2	0	124	0	0	0	10	0	19	0	0	0	18	118	0	214	2	0	0	2	6	0	2	0	2	0	1303	0	0	0	10	16	20	0	22	0	50	8	0	0	146	73	0	0	2	0	6	0	0	0	22	259	25	1	0	0	0	3	0	0	6	0	0	0	0	0	0	0	0	0	5	0	0	16	7	89	5	29	0	0	0	0	4	0	1	0	0	67	0	57	0	162	0	0	0	0	0	38	0	10	2	0	0	84	3	0	0	0	1	6	0	103	198	0	0	9	9	0	0	1006	0	0	0	23	1	0
D116	0	0	0	0	0	0	0	0	0	0	0	0	0	0	0	0	0	0	0	0	0	0	0	0	0	0	0	0	0	0	0	0	0	0	0	0	0	0	0	0	0	0	0	0	0	0	0	0	0	0	0	0	0	0	0	0	0	0	0	0	0	0	0	0	2	0	0	0	0	0	0	0	0	0	0	0	0	0	0	0	0	0	0	0	0	0	0	0	0	0	0	0	0	0	0	0	0	0	0	0	0	0	0	0	0	0	0	0	0	0	0	0	0	0	0	0	0	0	0	0	0	0	0	0	0	0	0	0	0	0	0	0	0	0	0	0	0	0	0	0	0	0	0	0	0	0	0	0	0	0	0	0	0	0	0	0	0	0	0	0	0	0	0	0	0	0	0	0	0	0	0	0	0	0	0	0	0	0	0	0	0	0	0	0	0	0	0	0	0	0	0	0	0	0	0	0	0	0	0	0	0	0	0	0	0	0	0	0	0	0	0	0	0	0	0	0	0	0	0	0	0	0	0	0	0	0	0	0	0	5	0	0	0	0	0	0	0	0	0	0	0	0	0	0	0	0	0	0	0	0	0	2	0	0	0	0	0	0	0	0	0	0	0	0	0	0	0	0	0	0	0	0	0	0	0	0	0	0	0	0	0	0	0	0	0	0	0	0	0	0	0	0	0	0	0	0	0	0	0	0	0	0	0	0	0	0	0	0	0	0	0	0	0	0	0	0	0	0	0	0	0	0	0	0	0	0	0	0	0	0	0	0	0	0	0	0	0	0	0	0	0	0	0	0	0	0	0	0	0	0	0	0	0	0	0	0	0	0	0	0	0	0	0	0	0	0	0	0	0	0	0	0	0	0	0	0	0	0	0	0	0	0	0	0	0	0	0	0	0	0	0	0	0	0	0	0	0	0	0	0	0	0	0	0	0	0	0	0	0	0	0	0	0	0	0	0	0	0	0	0	0	0	0	0	0	0	0	0	0	0	0	0	0	0	0	0	0	0	0	0	0	0	0	0	0	0	0	0	0	0	0	0	0	0	0	0	0	0	0	0	0	0	0	0	0	0	0	0	0	0	0	0	0	0	0	0	0	0	0	0	0	0	0	0	0	0	0	0	0	0	0	0	0	0	0	0	0	0	0	0	0	0	0	0	0	5	4	0	0	0	0	0	0	0	0	0	0	0	0	0	0	0	0	0	0	0	0	0	0	0	0	4	0	0	0	0	0	0	0	0	0	0	0	0	0	0	0	0	0	0	0	0	0	0	0	0	2	0	0	0	0	0	0	0	0	0	0	0	0	0	0	0	0	0	0	0	0	0	0	0	0	0	4	0	0	0	0	0	0	0	0	0	0	0	0	0	0	0	4	0	0	0	0	0	0
D117	0	0	0	0	0	0	0	0	0	52	0	0	2	0	0	0	57	0	0	0	0	0	1	0	0	0	0	63	0	0	6	0	0	0	0	0	0	0	0	0	0	0	0	0	0	0	0	0	623	0	18	0	0	0	0	495	23	90	2	0	0	0	2	0	0	0	2	0	78	0	0	0	0	0	0	34	0	122	19	3	0	0	142	0	0	0	0	0	0	0	4	0	0	0	13	0	4	0	0	0	0	0	4	208	0	0	0	0	0	0	23	3	4	0	0	0	1	145	0	0	2	0	0	0	0	0	98	0	0	0	0	0	0	0	0	0	10	682	0	0	0	0	203	0	0	0	0	2	67	0	0	0	0	0	0	317	10	1056	0	0	357	0	0	0	0	86	0	0	23	0	0	0	143	0	3	0	0	0	5	0	2	0	0	18	0	0	0	0	0	42	185	0	0	0	0	2	0	0	0	60	0	0	17	0	0	0	0	0	0	0	0	0	0	0	0	0	0	0	0	2	0	0	0	51	0	0	0	0	0	0	0	0	0	0	1644	0	19	8	170	512	0	0	0	0	0	0	0	4	73	0	0	0	0	0	0	0	0	0	0	0	0	0	5	0	0	0	0	0	0	46	2	0	0	0	0	0	14	0	0	0	0	0	0	60	0	0	0	0	0	0	65	0	2	0	0	0	0	0	0	0	0	0	0	0	0	0	53	0	0	0	0	6	2	0	0	79	0	0	0	71	0	3	0	0	0	0	0	0	0	0	3	0	96	0	0	5	16	0	0	0	0	0	0	0	0	0	0	0	0	0	0	0	0	19	0	0	0	0	0	0	1261	0	293	0	17	0	0	0	0	0	0	0	0	0	0	0	0	0	0	0	0	0	0	0	0	0	34	0	0	1	28	0	0	0	0	1	280	0	0	30	0	0	0	0	0	0	0	0	0	110	0	0	0	0	0	0	0	7	0	0	0	0	0	22	0	0	4	2	69	0	0	0	6	0	0	0	0	0	0	12	0	2	0	3	59	12	0	0	0	0	12	0	30	0	0	3	0	0	0	0	0	0	0	0	0	365	0	0	0	3	0	0	0	336	0	0	0	2	32	0	0	0	0	0	0	0	0	0	0	0	0	0	0	0	0	0	0	0	0	0	0	0	0	45	0	0	0	0	0	3	0	0	0	0	0	0	4	0	0	33	0	0	0	0	0	0	0	0	0	0	75	0	0	0	0	0	0	0	0	0	0	0	0	0	0	689	2	0	0	0	1806	0	19	2	0	18	0	45	0	38	0	2	0	0	0	0	0	0	0	0	4	0	0	0	0	0	0	0	0	0	0	0	5	3	0	0	0	2	0	0	0	21	0	0	0	115	26	127	0	0	0	0	0	125	0
D118	66	6	3	4	78	0	0	0	0	143	90	0	0	0	0	0	0	0	0	33	0	0	0	0	0	0	0	0	0	0	0	0	4	0	0	20	103	0	4	0	0	19	84	0	0	1	60	0	0	0	572	0	16	0	0	161	5562	0	34	0	21	0	0	0	35	43	0	0	11	0	0	0	0	0	52	0	25	0	0	1	46	28	0	0	196	0	222	0	0	0	3	119	2	0	0	0	0	0	6	0	0	0	0	0	0	0	13	0	0	0	0	0	0	0	0	2	2	14	6	0	0	0	0	0	0	0	0	5	0	0	3	16	46	0	2	0	0	0	0	0	0	0	0	14	28	0	0	0	0	0	0	0	0	0	5	0	17	0	0	0	0	0	74	0	0	0	0	29	0	38	0	0	601	22	0	0	1	0	1	0	9	0	2	0	3	1	0	11	0	284	10	0	2	0	0	0	0	0	9	0	0	0	19	1	10	27	265	7	0	223	28	0	4	0	0	20	0	0	0	0	0	0	0	0	0	0	2	18	0	0	49	0	0	0	2	24	5	9	166	0	0	2	0	0	0	0	0	0	0	0	26	0	26	6	2	0	0	0	28	0	0	0	2	0	0	0	0	0	0	0	4	6	4	0	0	1	0	62	0	0	2	42	4	0	0	137	0	0	0	0	68	0	0	0	1	0	0	0	5	25	0	2	11	0	0	1	15	0	0	0	0	0	0	0	72	2	0	33	0	0	0	0	0	28	0	4	0	10	0	0	159	307	59	0	0	0	9	0	0	0	0	0	0	0	13	0	0	0	0	27	125	0	0	0	0	0	3	5	0	0	0	428	27	3	1	0	0	0	10	0	0	0	0	17	266	0	0	1	0	0	0	0	0	0	0	35	0	0	5	138	0	0	327	0	0	2	0	0	0	0	3	196	0	0	0	0	0	0	0	0	4	0	0	0	0	0	170	0	5	0	0	0	0	0	3	0	0	0	0	0	0	0	0	0	0	0	0	6	0	19	42	2	0	8	0	0	0	0	0	0	0	0	0	0	0	31	17	0	0	0	0	0	0	0	0	0	0	6	0	0	219	5	0	0	0	0	0	0	12	0	0	28	0	5	0	12	0	8	2	0	0	3	29	5	128	6	0	0	15	0	0	0	0	6	0	1428	0	0	0	0	66	19	0	13	7	79	0	0	0	88	44	0	0	0	0	2	0	0	0	0	300	50	9	13	20	0	0	0	0	0	0	0	0	0	0	0	0	0	0	0	0	0	7	2	40	3	2	0	0	0	0	0	0	1	0	0	64	0	115	0	454	0	0	0	0	0	17	0	7	4	0	2	134	3	5	0	0	4	2	0	89	31	0	0	0	0	0	0	963	0	0	0	0	0	0
D119	0	7	40	0	0	0	2	7	0	0	0	0	6	56	1	13	0	16	70	0	9	3	0	0	51	347	0	32	0	0	2	3	0	126	0	6	265	0	15	0	77	11	8	0	0	0	2	253	0	0	6	74	0	54	0	0	23	0	2	0	12	0	0	0	214	268	0	0	21	0	0	101	10	0	2	0	14	0	0	0	5	70	0	0	0	0	12	11	0	0	0	50	2	0	0	0	0	132	1	2	0	0	27	4	17	0	0	0	15	10	15	0	0	0	0	0	0	151	0	0	0	23	0	5	0	0	28	21	0	2	0	0	26	0	103	5	5	0	0	0	0	1	0	5	108	0	0	0	3	6	0	0	3	34	21	0	40	0	2	0	15	0	17	0	0	0	0	106	7	258	0	26	0	6	0	0	11	214	0	0	0	0	4	0	18	0	0	6	2	23	0	0	0	0	0	0	0	0	9	2	0	3	16	32	0	6	10	108	419	16	8	1	2	1	0	11	12	0	0	0	0	16	11	0	0	7	1	3	0	12732	0	208	0	0	0	4	1	0	0	0	0	3	0	34	2	0	0	0	2	0	0	9	0	0	0	0	57	12	0	0	0	26	0	0	0	51	0	117	16	0	0	0	28	0	25	4	59	0	0	0	9	2	57	0	1	54	0	17	0	0	408	0	0	36	0	1	0	0	4	1	0	40	314	0	4	13	36	46	2	0	59	17	0	2	113	0	0	36	33	11	0	0	0	0	0	8	13	2	2	16	0	87	32	102	314	0	30	0	0	2	411	0	0	78	8	0	0	46	0	78	80	0	0	0	0	9	0	28	0	0	0	136	0	16	0	25	0	4	0	3	5	2	0	0	756	0	33	106	0	0	0	0	3	0	0	286	0	20	4	47	3	54	0	0	2	5	0	0	0	0	0	38	3	26	0	0	16	0	252	0	0	0	0	0	0	0	16	0	11	0	0	38	202	0	0	21	0	0	0	0	0	4	3	0	0	0	1	13	0	165	101	0	0	0	0	3	0	2	0	0	0	0	0	0	0	6	6	3	103	0	0	33	0	0	29	13	0	11	8	0	1	3	0	2	0	143	0	0	0	0	0	0	0	70	0	35	0	29	0	6	0	0	79	0	0	0	0	0	31	0	135	0	0	0	0	1108	1408	0	0	14	0	20	0	101	0	78	0	2	0	28	25	117	0	35	151	87	0	0	52	7	56	127	16	309	17	0	3	0	0	27	0	27	0	7	0	2	0	14	9	10	31	0	93	0	39	0	64	0	0	0	129	9	3	148	0	0	24	14	10	0	140	0	0	0	0	0	5	0	39	5	12	0	182	10	0	0	0	0	12	0	6	0	37	0	0	5	0	2	448	42	0	0	9	7	43
D120	0	0	0	0	0	0	0	0	0	0	0	0	0	0	5	0	0	36	0	0	0	22	0	1514	0	0	170	0	0	0	0	0	0	0	0	0	0	0	14	0	0	0	0	0	0	0	0	0	0	0	0	0	0	45	0	0	28	0	0	0	0	0	0	0	0	0	0	0	0	3	0	16	0	0	0	0	0	0	0	0	0	0	0	0	0	0	0	0	113	0	0	0	0	509	0	0	0	0	354	0	0	0	19	0	0	0	0	0	0	0	0	0	218	0	0	0	0	0	0	0	0	0	0	0	0	0	0	0	0	0	0	0	0	0	0	0	0	741	0	0	0	0	0	0	0	0	0	0	0	58	0	0	2	0	0	0	0	0	0	189	3	0	0	0	0	0	0	0	0	0	0	0	0	0	0	0	0	0	0	0	0	0	0	0	0	0	3	0	0	0	0	0	2	218	0	0	0	0	0	0	0	746	0	0	0	0	0	0	0	0	0	0	0	0	0	0	0	0	0	0	0	0	0	0	11	0	0	0	1049	0	0	0	0	0	0	0	0	0	0	0	1	0	0	0	0	0	0	0	0	0	0	0	0	0	27	0	0	0	0	0	0	0	0	52	0	0	0	0	0	0	0	0	0	0	0	0	0	0	0	0	0	0	0	0	0	0	0	0	22	52	5	0	0	0	0	0	0	0	86	0	519	0	110	0	0	0	0	0	0	0	0	0	0	0	0	0	0	0	0	0	0	0	0	0	0	0	0	0	0	0	0	0	1	0	0	0	0	0	0	0	0	0	0	0	0	0	0	0	0	0	0	0	0	0	0	0	0	0	0	0	244	0	0	0	0	0	0	0	0	0	0	0	0	0	0	0	0	0	0	0	0	0	0	0	2	0	30	0	0	0	0	0	0	0	11	0	92	11	0	0	0	0	0	0	0	0	0	0	0	0	0	0	0	9411	9	0	0	0	0	0	18	0	0	0	0	269	0	0	0	0	0	0	18	0	0	10	0	0	0	0	0	0	0	0	0	0	0	0	0	0	0	64	0	0	2	3	0	2	0	2	0	0	0	0	0	0	0	0	0	0	0	0	5	0	0	0	0	0	3229	0	0	0	0	0	45	0	0	0	6	7	0	0	0	0	0	0	0	0	151	31	0	0	0	0	0	0	0	0	0	0	0	0	0	0	0	0	0	0	0	0	0	0	0	0	0	0	0	0	0	0	0	0	0	0	0	0	0	0	0	0	0	0	0	0	0	0	0	0	0	0	0	0	20	0	0	0	0	0	29	0	0	0	0	0	0	0	0	0	0	0	0	0	0	11	0	0	0	478	0	3	0	0	0	71	0	0	29	0	0	0	0	0	0	0	0	0	0	0	0	11	0	0	0	0	0
D121	6	0	1	5	0	0	0	0	0	29	5	0	0	0	0	2	4	71	0	0	3	1	0	0	0	0	0	1	0	0	0	0	0	0	0	0	52	0	262	0	0	0	2	0	0	3	5	2	0	0	0	0	0	36	0	11	0	104	79	0	3	0	0	0	0	0	0	0	10	0	35	0	140	0	0	0	2	20	0	0	3	0	2	0	0	0	101	0	0	0	0	0	0	0	0	0	0	0	0	4	0	8	0	0	0	0	43	0	0	99	0	0	4	10	0	0	4	22	0	0	0	0	0	0	0	0	2	0	0	0	8	0	2	0	0	4	0	70	4	0	0	0	3285	13	8	0	0	0	110	0	0	0	689	2	1	27	14	0	3	0	120	0	0	0	0	0	0	3	3	0	0	0	0	2	0	0	9	74	0	11	53	0	24	23	3	0	0	39	0	0	29	0	0	0	0	0	0	0	15	43	9	0	10	24	0	0	44	0	0	0	2	0	0	0	0	0	0	0	0	0	0	0	0	19	0	6	0	0	1	0	0	14	0	0	15	0	0	0	0	7	0	0	10	0	5	0	0	8	15	0	0	0	3	13	0	0	41	2	38	0	0	2	0	0	0	0	0	8	0	32	0	2	0	0	2	0	0	0	0	0	0	0	0	0	0	3	0	0	0	8	39	0	0	193	0	0	7	0	40	0	0	2	14	0	0	2	6	0	24	0	35	34	0	0	10	4	0	0	0	7	0	0	0	0	0	3	0	0	0	0	0	12	0	0	0	0	0	0	0	41	0	0	0	6	0	133	5	0	0	0	0	0	0	0	0	0	2	0	57	0	12	24	0	7	0	3	0	0	0	0	0	0	0	6	0	0	26	0	0	36	14	2	1	41	0	0	44	0	0	51	0	2	6	0	438	1	0	0	41	0	0	0	2	0	0	0	18	0	0	15	0	0	0	0	4	0	7	36	10	0	0	0	0	85	2	0	3	0	0	50	0	3	661	0	0	0	0	2	0	0	0	0	0	0	18	5	0	0	0	276	0	0	14	0	79	3	2	0	0	0	0	0	0	0	0	160	0	5	8	50	27	0	0	806	0	0	2	0	0	0	0	0	0	0	0	0	2	6	0	3	0	104	10	0	7	2	0	0	0	0	0	0	0	5	3	28	0	0	11	7	0	0	0	0	1	15	0	0	0	6	3	0	0	0	0	0	0	0	751	0	179	32	2	2	0	0	0	0	0	0	0	0	1	0	0	36	0	0	0	5	0	8	5	0	0	0	0	139	52	48	0	7	0	40	0	0	12	95	3	0	53	0	0	0	0	2	2	9	4	0	0	3	0	1	0	28	0	4	4	0	0	30	15	0	0	48	4	18	25	0	0	0	0	0	0
D122	0	0	0	0	0	0	0	0	0	0	0	0	0	0	0	0	0	0	0	0	0	0	0	0	0	0	0	0	568	66	0	0	0	0	0	0	0	0	0	0	0	0	0	0	0	0	0	0	0	439	0	0	0	0	0	0	2	0	0	0	0	58	0	0	0	0	0	0	0	0	0	0	0	0	0	0	0	0	0	0	0	0	0	0	0	0	0	0	0	0	0	0	0	0	0	0	0	0	0	0	0	0	0	0	0	0	0	0	0	0	0	0	0	0	125	0	0	0	0	4	0	0	0	0	3428	0	0	0	0	0	0	0	0	18	0	0	0	0	0	0	1	0	0	0	0	2	0	0	0	0	0	47	0	0	0	0	0	0	0	0	0	0	0	0	0	0	0	0	0	0	0	0	0	0	1	0	0	0	0	0	0	0	4	0	0	0	0	0	0	0	0	0	0	0	0	0	0	0	0	0	0	0	0	0	0	0	0	0	0	0	0	0	0	0	0	0	0	0	0	148	219	0	0	0	0	0	0	0	0	0	0	0	0	0	0	0	0	0	0	0	0	0	0	0	0	0	0	0	0	0	0	0	0	0	0	0	0	0	0	0	0	0	3164	0	288	0	488	0	0	0	0	0	0	0	0	0	0	0	0	0	0	0	0	0	0	0	0	0	0	0	0	0	0	0	0	0	0	0	0	0	0	0	0	0	0	0	0	0	0	0	0	0	0	0	0	0	580	0	0	0	0	0	0	0	0	0	0	0	0	0	0	0	12	0	0	0	0	0	0	0	0	0	0	0	0	0	1	0	0	0	0	0	0	0	302	0	0	0	0	0	0	0	0	0	0	0	0	0	0	0	0	0	0	0	0	0	0	0	0	0	0	0	0	0	0	0	0	0	0	0	0	0	0	52	0	0	0	0	0	0	0	0	0	0	0	0	0	3273	0	0	0	0	383	0	0	0	0	0	0	296	0	0	0	0	0	0	0	0	0	0	0	0	0	0	0	0	0	0	0	0	0	0	0	0	0	0	0	0	0	0	0	0	0	20	0	0	0	0	0	0	697	0	0	0	0	0	0	0	0	0	0	0	0	0	0	0	0	0	0	0	0	0	5309	0	0	0	0	0	0	0	0	0	0	0	0	0	0	0	0	0	0	0	218	0	0	0	0	0	0	0	0	0	0	0	0	0	0	0	0	0	0	0	0	0	0	0	0	0	43	0	0	0	0	0	0	0	0	0	0	0	0	0	0	0	0	0	0	0	0	0	0	0	0	0	0	0	0	0	0	0	0	0	0	0	315	0	0	0	0	0	0	0	0	0	75	0	0	0	0	0	0	0	0	0	0	0	0	0	0	0	0	0	0	6	0	0	0	0	0	0	0	0	0	0	0
D123	0	0	0	0	0	0	0	0	13	0	0	0	0	0	0	0	0	0	0	0	0	0	0	0	0	0	0	0	0	0	0	0	0	0	0	0	0	0	0	0	0	0	0	0	0	0	0	0	0	0	0	0	0	0	0	0	0	0	0	0	0	0	0	0	0	0	0	0	0	0	0	0	0	0	0	0	0	0	0	0	0	0	0	0	0	18	0	0	0	0	0	0	0	0	0	0	0	0	0	0	0	0	0	0	0	0	0	0	0	0	0	0	0	0	0	0	0	0	0	0	0	0	9	0	0	0	0	0	0	0	0	0	0	0	0	0	0	0	0	0	0	0	0	0	0	0	0	0	0	0	0	0	0	0	0	2	0	0	0	0	0	0	0	0	0	0	0	0	0	0	0	0	0	0	0	0	0	0	0	0	0	0	0	0	0	0	0	0	0	0	0	0	0	0	0	0	0	0	0	0	0	0	0	0	0	0	0	0	0	0	0	0	0	0	0	0	0	0	0	0	0	0	0	0	0	0	0	0	0	0	0	0	0	0	0	0	0	0	0	0	0	0	0	113	0	0	0	0	0	0	0	0	0	0	0	0	0	0	0	0	504	0	0	0	0	0	0	0	0	0	0	0	0	0	0	0	0	0	0	0	0	0	0	0	0	0	0	0	0	0	0	0	0	0	0	0	0	0	0	0	0	0	0	0	0	0	0	0	0	0	0	0	0	0	0	0	0	0	0	0	0	0	0	0	0	0	0	0	0	0	0	0	0	0	0	0	0	0	0	0	0	0	0	0	0	0	0	0	0	0	0	0	0	0	0	0	0	0	0	0	0	0	0	0	0	0	0	0	0	0	0	0	0	0	0	0	0	0	0	0	0	0	0	0	0	0	0	0	0	0	0	0	0	0	0	0	0	0	0	0	0	0	0	0	0	0	0	0	0	0	0	0	0	0	0	2	0	0	0	0	0	0	0	0	0	0	0	0	0	0	0	0	0	0	0	0	0	0	0	0	0	0	0	0	0	0	0	0	0	0	0	0	0	0	0	0	0	0	0	0	0	0	0	0	0	0	0	0	0	0	0	3	0	0	0	0	0	0	0	0	0	0	0	0	0	0	0	0	0	0	0	0	0	0	0	0	0	0	0	0	0	0	0	0	0	0	0	8	0	0	0	0	0	0	0	0	0	0	0	0	0	0	0	0	0	0	0	0	0	0	0	0	0	0	0	0	0	0	0	0	9	0	0	0	0	0	0	0	0	0	0	0	0	0	0	0	0	0	0	0	0	0	0	0	0	0	0	0	0	0	0	0	0	0	0	0	0	0	0	0	0	0	108	0	0	0	0	0	0	0	0	0	0	0	0	0	0	0	0	0	0	0	0	0	0
D124	0	0	0	0	0	0	0	6	50	0	0	30	0	0	0	0	0	0	0	0	0	0	0	0	0	0	0	0	0	0	0	0	0	0	0	0	0	11	10	0	0	0	0	0	0	0	0	0	0	0	0	0	0	0	50	0	0	0	0	0	0	0	17	0	0	0	0	13	0	0	0	0	39	0	0	0	0	0	0	0	0	0	0	0	0	0	0	0	0	0	0	0	0	0	0	0	0	0	0	0	0	52	0	0	0	0	0	0	0	0	0	0	0	0	0	0	0	0	0	0	50	0	6	0	0	0	0	0	0	0	0	0	0	0	0	0	0	0	0	0	0	0	0	0	0	4	0	0	0	0	0	0	0	0	0	0	0	0	0	0	0	2	0	0	6	0	0	0	0	0	0	0	0	0	0	0	0	0	0	0	0	0	14	0	0	6	0	0	0	0	0	0	0	0	0	0	0	0	0	0	8	0	0	0	0	0	0	0	0	0	0	0	0	0	2	0	0	0	0	0	0	0	0	0	0	0	0	0	0	0	0	0	0	0	0	0	0	0	0	0	30	0	0	0	0	0	0	0	0	0	0	0	0	0	0	0	0	0	0	0	0	0	25	0	0	0	84	0	0	0	0	0	0	0	0	0	0	0	0	0	0	0	0	0	0	0	0	0	0	0	0	0	0	0	0	0	23	0	0	0	0	0	0	0	0	0	0	0	0	0	0	0	39	0	0	0	0	0	0	0	0	0	0	0	48	0	0	0	13	0	0	0	0	0	0	0	0	0	0	0	0	0	0	0	0	0	284	0	0	0	0	0	0	0	0	3	0	0	0	0	0	0	0	0	0	0	0	0	0	3	190	0	0	0	0	0	0	0	0	0	0	0	0	0	0	0	0	0	0	0	0	0	0	0	0	0	0	0	0	0	0	0	0	0	0	0	0	0	0	0	0	0	0	0	0	0	0	0	0	0	0	0	0	0	0	0	0	0	0	0	0	0	0	0	6	0	161	0	0	0	0	0	0	0	0	0	0	0	0	0	17	0	0	0	0	0	0	0	0	0	0	0	0	0	0	0	0	0	0	0	0	0	0	3	0	0	0	0	0	0	0	0	0	0	0	0	0	0	0	0	0	0	0	0	0	0	0	0	0	0	0	0	4	0	0	0	0	0	0	0	0	0	0	0	0	0	0	0	0	0	0	0	0	0	0	0	0	3	21	0	0	0	0	0	0	0	0	27	0	0	0	0	0	0	0	0	0	0	0	0	0	0	0	0	0	0	0	0	0	0	0	0	0	0	0	0	2	2	0	0	0	74	0	0	0	0	0	0	0	0	0	0	0	0	0	0	0	0	0	0	0	0	0	14	0	0	0	0	0	0	0	0	0	0	0
D125	0	0	0	0	0	0	0	0	0	0	0	0	0	0	0	0	0	0	0	0	0	0	11	0	0	0	0	0	0	0	0	0	0	0	0	0	0	0	0	0	0	0	0	0	2	0	0	0	0	5	0	0	0	0	9402	0	0	0	0	0	0	0	0	0	0	0	0	2	0	7	0	0	0	0	0	0	0	0	0	0	0	0	0	0	0	0	0	0	0	0	0	0	0	0	0	0	0	0	0	0	0	0	0	0	0	0	0	0	0	0	0	0	0	0	0	0	0	0	0	0	6	0	0	0	2	0	0	0	0	0	0	0	0	0	0	0	0	0	0	9	5	0	0	0	0	0	0	0	0	0	9	3	0	0	0	0	0	0	0	0	0	0	0	0	9	0	0	0	0	0	0	0	0	0	10	0	0	0	0	0	0	0	0	0	0	0	0	0	0	1601	0	0	0	0	0	0	3	38	0	0	0	0	0	0	0	0	0	0	0	0	0	0	0	0	0	0	0	0	0	12	6	0	0	0	0	0	0	0	0	0	0	0	0	0	0	0	0	0	0	0	30053	0	0	0	0	0	0	0	0	10	0	0	0	0	0	36	0	0	0	0	0	0	21	0	0	0	79	0	0	0	0	0	0	0	0	0	0	0	0	0	0	0	0	0	10	0	0	0	0	0	0	29	2	0	0	0	2	0	0	0	0	0	0	0	0	0	0	0	0	0	0	0	18	0	0	0	0	0	0	0	0	13	0	0	3	0	0	0	0	0	0	0	0	0	0	0	0	0	0	0	0	0	0	0	0	0	0	0	0	0	0	0	0	0	0	0	0	0	0	0	0	0	0	0	0	0	0	0	0	0	0	0	0	0	0	0	0	0	3	120	0	0	0	0	0	0	0	0	0	0	0	0	0	0	0	0	0	0	0	0	0	0	0	0	0	2	0	0	0	0	0	0	2	0	0	0	0	0	0	0	0	0	0	0	0	0	0	0	0	0	0	0	0	0	0	4	0	0	0	0	0	0	0	0	0	0	0	0	0	0	0	162	0	0	0	0	0	0	0	0	0	0	0	0	0	0	2	0	0	0	0	0	0	0	0	0	0	0	0	0	6	0	5	0	0	0	0	0	0	0	0	0	0	0	0	0	0	0	0	0	0	0	0	8105	0	0	0	0	0	0	0	0	0	0	0	0	0	0	0	0	0	0	0	0	0	0	0	0	0	0	0	0	0	0	0	0	0	0	2	0	0	0	0	0	0	0	0	0	0	0	0	0	0	0	0	0	0	0	0	5	0	0	0	0	2	0	0	0	0	0	0	0	7	0	0	0	0	0	0	0	0	0	0	0	0	0	0	0	0	0	0	0	0	3	0	0	0	0	0	0	0	0	0	1662	0
D126	0	0	0	0	0	575	3	0	5	0	0	0	0	0	0	0	0	4	0	0	0	0	5	0	0	0	0	0	69	19	0	0	0	0	24	0	0	0	0	0	0	0	0	0	29	0	0	0	0	84	0	0	0	1	17	0	9	0	1	0	0	14	0	488	0	0	0	0	0	38	0	0	0	0	0	0	0	0	0	0	0	0	0	0	0	0	0	0	0	0	2	0	0	0	4	0	0	0	0	0	173	0	0	0	0	0	6	0	0	0	0	0	0	0	212	2	0	0	0	629	115	0	0	0	697	0	0	0	0	0	0	0	0	0	0	0	0	0	0	73	4	0	0	0	0	673	0	0	0	0	10	67	0	0	0	3	0	0	0	0	0	0	0	0	19	0	0	0	0	0	5	0	0	0	482	0	7	0	0	0	0	0	11	0	0	2	0	0	0	0	0	0	60	0	0	138	0	34	0	0	0	0	0	0	0	0	0	0	0	0	0	0	0	0	2	0	0	0	0	206	272	0	0	0	0	0	0	0	0	0	0	0	0	0	0	0	0	0	0	0	44	0	0	3	0	0	6	0	0	49	0	0	0	0	0	0	0	0	0	0	0	0	3063	0	45	0	75	0	2	0	0	0	0	33	0	0	0	0	0	0	0	0	0	0	0	0	0	0	0	0	40	0	22	0	0	8	9	0	0	0	0	0	0	0	0	0	20	0	0	39	0	0	0	0	0	0	68	0	0	0	0	90	0	0	0	0	0	0	0	0	0	0	38	0	0	0	0	0	0	4	0	21	0	0	0	0	0	0	0	0	0	0	0	0	66	0	0	0	0	0	0	0	0	0	0	0	0	0	0	0	5	0	0	0	0	0	0	0	85	4	0	0	0	0	8	0	0	0	0	0	0	0	0	1	0	0	0	0	0	0	0	0	0	0	0	499	0	36	0	0	0	0	50	0	3	4	0	2	0	3	0	0	0	0	0	0	0	0	0	0	0	0	0	21	3	0	2	2	0	0	0	0	0	0	0	0	0	0	0	0	0	95	0	10	0	0	0	0	0	2	86	0	0	0	4	8	0	0	0	0	0	0	0	0	0	0	0	0	0	0	120	0	638	0	0	0	0	0	0	0	14	0	0	0	0	0	0	108	0	0	0	0	17	0	0	8	0	0	0	0	0	0	0	0	0	0	0	0	0	0	0	0	0	0	0	0	0	379	14	0	0	0	0	0	0	0	0	0	0	0	0	0	0	0	0	0	0	0	0	0	0	0	1	0	0	0	0	0	0	0	0	0	0	0	129	0	0	0	1	0	0	10	0	3	0	0	0	0	0	0	0	0	0	0	0	0	0	0	0	0	0	0	0	35	0	0	0	0	0	0	0	0	0	0	0
D127	0	0	0	0	0	0	0	0	0	0	0	0	0	0	0	0	0	0	0	0	0	0	0	0	0	0	0	0	0	0	0	0	0	0	0	0	0	0	0	0	0	0	0	0	0	0	0	0	0	0	0	0	0	0	0	0	0	0	0	0	0	0	0	0	0	0	0	0	0	18	0	0	0	0	0	0	0	0	0	0	0	0	0	0	0	0	0	0	0	0	0	0	0	0	0	0	0	0	0	0	0	0	0	0	0	0	0	0	0	0	0	0	0	0	0	0	0	0	0	0	41	0	0	0	0	0	0	0	0	0	0	0	0	0	0	0	0	0	0	0	0	0	0	0	0	0	0	0	0	0	0	0	0	0	0	0	0	0	0	0	0	13	0	0	0	0	0	0	0	0	0	0	0	0	0	0	0	0	0	0	0	0	0	0	0	0	0	0	0	0	0	0	0	0	0	0	0	0	0	0	0	0	0	0	0	0	0	0	0	0	0	0	0	0	0	0	0	0	0	2	0	0	0	0	0	0	0	0	0	0	0	0	0	0	0	0	0	0	0	0	0	0	0	0	0	0	0	0	0	0	0	0	0	0	0	0	0	0	0	0	0	0	10	0	0	0	209	0	0	0	0	0	0	0	0	0	0	0	0	0	0	0	0	0	0	0	0	0	0	0	0	0	0	0	0	0	0	0	0	0	0	0	0	0	0	0	0	0	0	0	0	0	0	0	0	0	0	0	0	0	0	0	0	0	0	0	0	0	0	0	0	0	0	0	0	0	0	0	0	0	0	0	0	0	0	0	0	0	0	0	0	0	0	0	0	0	0	0	0	16	0	0	0	0	0	0	0	0	0	0	0	0	0	0	0	0	0	0	0	0	0	0	0	0	0	0	0	0	0	0	0	0	0	0	0	0	0	0	0	0	0	0	0	0	0	0	0	0	0	0	0	0	0	0	0	0	0	0	0	0	0	0	0	0	0	0	0	0	0	0	0	0	0	0	0	0	0	0	0	0	0	0	0	0	0	0	0	0	0	0	0	142	0	0	0	0	0	0	0	0	0	0	0	0	0	0	0	0	0	0	0	0	0	0	0	0	0	0	0	0	0	0	0	0	0	0	0	0	0	0	0	0	0	0	0	0	0	0	0	0	0	0	0	0	0	0	0	0	0	0	0	0	0	0	0	0	0	0	0	0	0	0	0	0	0	0	0	0	0	0	0	0	0	0	0	0	0	0	0	0	0	0	0	0	0	0	0	0	0	0	0	0	0	0	0	0	0	0	0	0	0	0	0	0	39	0	0	0	0	0	0	0	40	0	0	0	0	0	0	0	0	0	27	0	0	0	0	0	0	0	0	0	0	0	0	0	0	0	0	0	0	0	0	30	0
D128	6	2	10	13	0	255	0	0	211	0	0	66	0	0	0	0	0	0	0	74	7	0	13	0	0	10	0	0	44	10	0	10	0	0	0	0	4	6	18	7	3	0	0	2	18	0	0	0	0	21	70	0	2	0	533	12	13	3	2	3	0	12	0	49	0	3	0	0	0	85	0	0	0	1	0	35	0	0	0	0	0	0	0	0	0	0	13	0	0	28	1	0	0	0	0	0	0	0	0	0	54	0	2	0	0	0	0	0	0	0	4	0	1	0	89	0	0	0	0	1718	358	0	3	0	100	31	0	1	0	0	23	0	0	2	0	4	0	7	0	346	43	6	0	0	0	282	0	0	0	0	78	11	0	0	0	0	0	4	0	0	10	0	0	0	952	0	4	0	0	0	23	0	44	0	959	0	0	0	0	0	0	0	40	0	0	11	0	0	0	12	0	6	135	0	0	23	0	10	0	0	0	0	0	0	0	0	12	2	0	0	0	4	0	0	3	0	0	1	3	88	0	0	0	0	0	0	0	18	0	2	0	0	0	0	7	3	0	0	6	0	975	0	9	0	0	9	83	7	0	228	0	0	3	6	0	4	0	0	0	0	0	0	442	0	2	0	547	0	47	4	0	0	0	32	0	0	0	22	4	18	0	0	0	0	26	0	0	2	0	0	6	38	22	0	12	32	20	0	0	0	0	0	8	0	6	0	2	0	0	45	0	9	31	0	9	0	13	18	0	3	0	74	0	0	14	0	7	0	0	0	31	0	120	0	10	0	0	0	0	11	0	18	2	0	0	19	56	0	0	9	16	153	0	0	32	0	0	0	0	8	0	3	85	0	0	0	0	0	2	0	32	0	0	0	0	40	0	0	112	39	0	0	0	9	31	0	0	2	2	71	0	0	0	27	0	0	0	0	0	0	0	32	0	0	0	76	0	20	0	11	0	0	17	0	0	2	0	0	0	0	0	0	2	0	2	0	2	0	0	0	0	0	2	54	0	13	5	0	0	0	5	0	0	0	11	0	0	0	0	69	0	303	0	3	0	0	0	0	27	9	67	0	0	1	0	35	7	0	0	0	0	7	7	1	0	0	0	0	0	0	245	0	26	0	0	0	0	0	0	0	116	5	0	0	0	0	0	0	0	0	0	0	19	26	0	41	0	5	5	23	0	0	0	2	0	0	0	0	0	0	0	0	0	0	2	12	413	11	686	0	44	0	0	0	2	0	7	2	49	0	0	0	0	0	137	0	0	0	0	0	0	0	0	0	0	2	0	7	0	8	0	0	0	25	6	6	7	0	0	0	12	104	50	20	0	0	0	7	0	0	0	0	9	0	0	1	0	0	1	0	0	0	0	17	3	10	3	0	0	0	0	0	0	60	6
D129	0	0	0	0	0	23	0	0	0	0	0	0	0	0	0	0	0	0	0	0	0	0	19	0	0	0	0	0	0	0	0	0	0	0	0	0	0	0	0	243	0	0	0	0	0	0	0	0	43	0	0	0	0	0	0	0	0	0	0	0	0	0	0	0	0	0	0	0	0	0	0	0	0	3787	0	0	0	0	0	0	0	0	0	0	0	0	0	0	0	0	0	0	0	0	0	0	0	0	0	0	0	0	0	0	0	0	0	0	0	0	0	0	0	0	0	0	0	0	0	90	0	0	0	0	0	0	0	0	0	0	0	0	0	0	0	0	0	0	0	0	13	0	0	0	0	0	0	0	0	0	37	0	0	0	0	0	0	109	0	0	0	0	0	0	21	0	0	0	0	0	0	0	0	0	0	0	0	0	0	0	0	0	0	0	0	0	0	0	0	0	0	0	954	0	0	0	0	0	0	0	0	0	0	0	0	0	0	0	0	0	0	0	0	0	240	0	0	0	0	82	39	0	0	0	0	0	0	584	0	0	0	0	0	0	0	0	0	0	0	0	0	0	0	0	0	1233	0	0	0	12	0	0	0	0	0	0	0	0	0	0	0	0	0	0	0	0	0	0	0	0	0	0	0	32	0	0	0	0	0	0	0	0	0	0	119	0	0	0	0	0	0	0	23	0	0	0	0	0	0	0	0	0	0	0	0	0	0	0	0	0	0	0	0	0	0	0	0	0	0	0	0	0	0	0	0	0	0	0	0	0	0	0	78	0	0	0	0	0	0	0	0	0	0	0	0	0	6	0	0	0	0	0	0	0	0	0	0	0	0	0	0	0	4	0	0	0	0	0	0	0	0	0	0	0	0	0	0	0	0	0	0	0	0	0	0	0	0	0	0	0	0	0	0	0	0	0	0	0	0	0	0	0	0	0	0	0	0	0	0	0	0	0	0	0	0	0	0	0	0	0	0	0	0	0	0	0	0	0	0	0	0	0	0	59	1875	0	0	0	0	0	0	0	0	0	0	0	0	0	0	0	0	241	0	0	0	0	0	0	0	0	0	0	0	0	0	0	0	0	0	0	0	0	0	0	0	0	0	0	0	0	0	0	17	0	0	0	0	0	0	0	0	0	0	0	0	0	0	0	0	0	0	0	0	0	0	0	0	0	0	0	0	0	0	0	0	0	0	0	0	0	0	0	0	0	0	0	41	20	14553	0	0	0	0	0	0	0	0	0	0	0	0	0	0	0	0	0	0	0	0	0	0	0	0	0	0	0	0	0	0	0	0	0	0	0	0	0	0	0	0	0	0	92	81	0	0	0	0	0	0	0	0	0	0	0	0	0	0	0	0	0	0	0	0	0	0	0	0	0	0	0	0	0	0	305	0
D130	0	0	0	0	0	0	0	0	4	0	0	0	0	0	0	0	137	0	0	0	0	0	35	0	0	0	4	0	0	0	0	0	0	0	0	0	23	0	0	140	0	0	0	0	0	0	0	0	3	0	28	0	0	0	0	0	0	0	6	0	0	0	0	0	0	0	125	0	0	0	0	0	0	0	0	0	0	0	0	101	0	0	0	0	0	0	0	0	1286	0	0	0	0	41	0	544	0	0	26	0	0	0	0	0	0	39	0	0	0	0	0	15	124	0	0	0	0	0	0	0	0	0	0	0	0	0	4	0	0	0	0	0	0	0	0	0	0	894	0	0	0	0	0	0	0	0	0	0	0	3	0	0	0	0	0	0	0	0	0	0	0	0	0	4	0	0	0	0	0	0	0	0	0	0	0	20	0	0	0	0	17	0	4	0	0	0	135	0	0	0	0	0	23	69	0	0	0	0	0	0	0	0	0	0	3370	0	0	0	0	0	0	0	0	0	0	0	0	0	0	0	0	0	0	2	0	0	0	0	20	0	0	0	0	3	0	0	0	0	0	0	0	0	0	0	0	0	0	0	0	4	0	0	0	0	0	0	0	0	0	0	0	0	0	0	0	0	0	0	0	0	195	0	0	0	0	0	0	0	0	0	0	0	0	0	0	0	12	0	4	0	13	0	0	0	0	0	0	0	0	0	63	0	0	0	0	0	0	0	0	0	0	0	0	0	0	0	0	0	0	0	0	0	0	0	0	0	0	0	0	0	0	0	3	0	0	0	1	0	246	2	0	0	0	0	0	0	0	0	11	0	5	0	36	0	0	0	0	0	56	0	0	0	0	0	0	0	0	0	0	0	0	0	0	4	0	0	0	0	0	0	23	0	0	18	153	0	0	0	0	0	0	0	0	0	0	0	0	16	0	0	0	0	0	0	0	0	0	0	0	0	0	0	0	1554	0	0	0	0	0	0	0	0	0	0	0	0	0	137	0	0	0	0	0	0	0	0	0	0	448	0	0	5	0	0	0	0	0	0	0	0	0	3	0	0	1	0	0	0	0	0	0	0	0	0	0	0	0	0	0	0	0	0	0	0	257	0	102	0	4027	6	0	0	0	0	0	0	0	0	0	0	0	0	0	0	0	0	0	0	4	327	0	13	0	0	0	0	0	0	0	0	0	0	121	0	0	0	0	0	9	0	0	0	0	0	0	0	0	0	0	0	0	0	0	0	0	0	0	87	0	0	0	0	0	0	0	0	0	0	0	0	0	0	2	18	0	0	0	0	0	0	0	0	0	0	0	0	0	0	0	0	0	0	6	3	0	0	0	0	0	0	0	3	0	0	0	0	0	0	0	0	0	0	0	0	11	0	0	0	0	37	25	0	0	0	0
D131	0	8	0	0	0	79	2	0	28	0	0	4	0	0	0	0	0	0	0	0	0	0	8	0	0	0	0	0	21	29	0	7	0	2	19	0	0	5	0	2	3	0	0	0	4	0	0	0	0	0	0	0	0	0	0	7	31	0	4	0	0	85	8	35	0	0	0	2	0	28	0	0	8	0	0	18	0	0	0	0	0	0	0	0	0	0	0	0	0	2	0	0	0	0	0	0	0	4	0	0	7	0	0	0	0	0	0	0	0	0	0	0	0	0	139	0	2	0	0	303	61	0	9	7	110	15	0	4	0	0	0	2	0	31	0	0	0	0	0	10	3	0	0	0	0	144	0	0	0	0	0	3	0	0	0	0	0	0	0	0	0	3	0	0	3	0	0	0	0	0	4	0	32	0	91	0	0	0	0	0	0	0	22	0	0	9	0	0	0	8	0	0	12	0	0	41	2	6	0	0	4	0	0	0	0	0	0	0	2	0	0	0	0	0	1	0	0	0	3	47	51	0	0	0	0	0	0	2	0	0	0	0	0	0	0	0	0	0	0	0	30	0	0	0	2	0	0	0	0	0	0	0	0	0	0	0	2	0	3	0	0	0	1814	0	10	0	1111	0	0	0	0	0	0	0	0	0	0	0	0	1	0	0	0	0	0	0	0	0	0	0	2	0	0	0	0	3	5	0	0	0	0	0	0	0	0	0	4	0	0	18	0	10	8	0	0	0	5	2	2	0	0	32	0	0	6	0	0	0	2	0	0	0	716	0	0	0	0	0	0	21	0	4	11	2	0	12	23	0	0	0	0	14	0	0	10	4	0	0	0	0	0	0	0	0	9	0	0	0	0	2	30	0	0	0	0	0	0	0	2224	0	0	0	0	0	0	0	0	0	0	0	0	0	0	53	3	0	0	0	0	0	0	0	0	0	0	47	0	22	0	0	0	0	228	0	0	0	0	0	0	2	0	0	0	0	0	0	0	0	0	0	0	0	0	7	0	0	2	0	0	0	0	0	0	0	0	0	0	0	0	0	0	0	0	79	0	0	0	0	0	3	189	0	0	13	0	5	5	0	0	0	0	0	0	0	0	0	0	0	0	0	76	0	265	0	0	0	0	0	0	0	0	0	0	0	0	0	0	0	0	0	0	0	0	8	0	0	0	0	1	0	0	0	0	0	0	0	0	3	0	0	0	0	0	0	3	0	0	68	21	0	0	0	0	0	0	0	0	5	143	0	0	0	0	6	0	0	0	0	0	0	0	3	0	0	0	3	0	0	0	0	0	0	2	0	12	0	0	0	3	0	2	0	0	5	0	0	0	0	0	0	2	0	3	0	0	0	0	0	0	0	0	0	0	33	0	0	0	0	0	0	0	0	0	0	3
D132	0	0	0	0	0	0	0	0	0	0	0	0	0	0	0	0	0	0	0	0	0	0	0	0	0	0	0	0	322	14	0	0	0	0	0	0	0	0	0	0	0	0	0	0	0	0	0	0	0	62	0	0	0	0	0	0	0	0	0	0	0	6	0	0	0	0	0	0	0	0	0	0	0	0	0	0	0	0	0	0	0	0	0	0	0	0	0	0	0	0	0	0	0	0	0	0	0	0	0	0	0	0	0	0	0	0	0	0	0	0	0	0	0	0	31	0	0	0	0	0	0	0	0	0	1138	0	0	0	0	0	0	0	0	3	0	0	0	0	0	0	0	0	0	0	0	0	0	0	0	0	0	8	0	0	0	0	0	0	0	0	0	0	0	0	0	0	0	0	0	0	0	0	0	0	0	0	0	0	0	0	0	0	0	0	0	0	0	0	0	0	0	0	0	0	0	0	0	0	0	0	0	0	0	0	0	0	0	0	0	0	0	0	0	0	0	0	0	0	0	16	194	0	0	0	0	0	0	0	0	0	0	0	0	0	0	0	0	0	0	0	0	0	0	0	0	0	0	0	0	0	0	0	0	0	0	0	0	0	0	0	0	0	363	0	63	0	0	0	0	0	0	0	0	0	0	0	0	0	0	0	0	0	0	0	0	0	0	0	0	0	0	0	0	0	0	0	0	0	0	0	0	0	0	0	0	0	0	0	0	0	0	0	0	0	0	0	109	0	0	0	0	0	0	0	0	0	0	0	0	0	0	0	0	0	0	0	0	0	0	0	0	0	0	0	0	0	0	0	0	0	0	0	0	0	60	0	0	0	0	0	0	0	0	0	0	0	0	0	0	0	0	0	0	0	0	0	0	0	0	0	0	0	0	0	0	0	0	0	0	0	0	0	0	0	0	0	0	0	0	0	0	0	0	0	0	0	0	714	0	0	0	0	27	0	0	0	0	0	0	11	0	0	0	0	0	0	0	0	0	0	0	0	0	0	0	0	0	0	0	0	0	0	0	0	0	0	0	0	0	0	0	0	0	0	0	0	0	0	0	0	14	0	0	0	0	0	0	0	0	0	0	0	0	0	0	0	0	0	0	0	0	0	2439	0	0	0	0	0	0	0	0	0	0	0	0	0	0	0	0	0	0	0	33	0	0	0	0	0	0	0	0	0	0	0	0	0	0	0	0	0	0	0	0	0	0	0	0	0	0	0	0	0	0	0	0	0	0	0	0	0	0	0	0	0	0	0	0	0	0	0	0	0	0	0	0	0	0	0	0	0	0	0	0	0	89	0	0	0	0	0	0	0	0	0	4	0	0	0	0	0	0	0	0	0	0	0	0	0	0	0	0	0	0	0	0	0	0	0	0	0	0	0	0	0	0
D133	0	0	0	0	0	0	0	0	0	0	0	0	27	0	0	0	3	0	0	0	0	0	0	0	0	0	31	0	0	0	398	0	0	0	0	0	105	0	0	576	0	0	0	0	0	0	0	0	0	0	0	0	0	0	0	0	0	174	0	0	0	0	0	0	0	0	0	0	0	0	0	0	0	0	0	0	0	0	32	321	0	0	0	0	0	0	14	7	1315	0	0	0	0	216	6	89	229	0	0	0	0	0	0	0	0	0	120	0	0	0	0	1675	117	0	0	0	0	0	0	0	0	0	0	0	0	0	0	0	242	0	0	7	0	0	0	767	0	4279	0	0	0	0	0	0	0	0	18	0	0	5	0	0	0	0	0	0	0	0	0	0	0	0	0	143	0	0	9	0	0	0	0	0	0	0	0	1067	0	10	58	0	0	52	0	0	3	6	0	0	0	0	3	0	0	698	144	0	0	0	0	0	0	0	0	0	0	0	0	0	0	3	0	0	0	0	0	0	0	0	0	0	0	0	0	0	62	0	0	0	0	12	0	0	133	24	10	0	0	30	1	0	0	0	0	0	0	0	0	0	0	0	0	0	0	0	9	0	0	0	37	0	0	0	0	5	0	0	0	0	0	0	0	0	0	0	0	0	0	0	0	0	0	0	0	0	0	0	2	0	2	0	0	0	4	0	0	0	0	0	0	0	0	0	0	2	33	0	82	0	0	0	0	0	0	0	0	0	0	0	0	8	18	0	0	0	0	0	0	0	0	0	0	0	0	0	0	553	0	0	0	0	0	0	0	0	0	0	0	0	114	0	0	0	36	197	0	0	13	0	86	0	10	0	0	0	0	0	17	0	288	0	0	0	19	0	0	0	0	0	0	0	0	0	0	16	7	0	0	0	0	0	0	0	0	0	0	0	962	129	0	0	0	0	0	0	48	0	0	0	0	0	0	0	0	4419	0	0	0	0	0	0	0	0	0	0	0	0	3	2828	12	105	504	0	553	0	0	0	0	0	108	0	0	82	0	1	0	0	37	0	66	0	0	0	159	0	68	0	0	0	0	0	0	0	221	0	0	0	0	0	0	3	0	0	0	442	1896	0	2391	79	714	15	0	0	0	0	0	0	20	0	0	0	0	0	0	0	0	0	0	0	0	81	0	132	0	9	112	0	0	0	0	0	0	0	220	0	0	0	83	0	0	0	0	0	0	0	0	0	0	0	0	0	0	0	0	0	0	158	0	0	0	3	0	0	0	0	0	0	136	0	0	0	0	0	0	1355	0	0	0	593	0	0	0	0	0	0	0	0	7	0	0	6	0	0	0	0	0	0	0	0	0	0	0	0	0	0	0	0	0	0	0	0	0	0	0	0	274	264	29	0	0	0	65	37	0	0	0
D134	0	0	0	0	0	6	0	0	0	0	0	0	0	0	0	0	0	0	0	0	0	0	0	0	0	0	0	0	0	0	0	0	0	0	0	0	0	0	0	0	0	0	0	0	0	0	0	0	0	0	0	0	0	0	0	0	0	0	0	0	0	0	0	0	0	0	0	0	0	0	0	0	0	0	0	0	0	0	0	0	0	0	0	0	0	0	0	0	0	0	0	0	0	0	0	0	0	0	0	0	2	0	0	0	0	0	0	0	0	0	0	0	0	0	0	0	0	0	0	29	0	0	0	0	0	0	0	0	0	0	0	0	0	0	0	0	0	0	0	19296	0	0	0	0	0	0	0	0	0	0	0	0	0	0	0	0	0	0	0	0	0	0	0	0	2	0	0	0	0	0	0	0	0	0	7	0	0	0	0	0	0	0	0	0	0	0	0	0	0	0	0	0	0	0	0	2	0	0	0	0	0	0	0	0	0	0	0	0	0	0	0	0	0	0	0	0	0	0	0	0	0	0	0	0	0	0	0	0	0	0	0	0	0	0	0	0	0	0	0	0	0	0	0	0	0	0	0	0	0	0	0	0	0	0	0	0	0	0	0	0	0	0	4	0	0	0	0	0	0	0	0	0	0	0	0	0	0	0	0	0	0	0	0	0	0	0	0	0	0	0	0	0	0	0	0	0	0	0	0	0	0	0	0	0	0	0	0	0	0	0	0	0	0	0	0	0	0	0	0	0	0	0	0	0	0	0	0	0	0	0	0	0	0	0	0	0	0	0	0	0	0	0	0	0	0	0	0	0	0	0	0	0	0	0	0	0	0	0	0	0	0	0	0	0	0	0	0	0	0	0	0	0	0	0	0	0	0	0	0	0	0	0	0	0	0	0	0	0	0	0	0	0	0	0	0	0	0	0	0	0	0	0	0	0	0	0	0	0	0	0	0	0	0	0	0	0	0	0	0	0	0	0	0	0	0	0	0	0	0	0	0	0	0	0	0	0	0	0	0	0	0	0	0	0	0	0	0	0	0	0	0	0	0	0	0	0	0	0	0	0	0	0	0	0	0	0	0	0	0	0	0	0	0	0	0	0	0	0	0	0	16	0	0	0	0	0	0	0	0	0	0	0	0	0	0	0	0	0	0	0	0	0	0	0	0	0	0	0	0	0	0	0	0	0	0	0	0	0	0	0	0	0	0	0	0	0	0	0	0	0	0	0	0	0	0	0	0	0	0	0	0	0	0	0	0	0	0	0	0	0	21	0	0	0	0	0	0	0	0	0	0	0	0	0	0	0	0	0	0	0	0	0	0	0	0	0	0	0	0	0	0	0	0	0	0	0	0	0	0	0	0	0	0	0	0	0	0	0	0	0	0	0	0	0	0
D135	0	0	0	0	0	0	0	0	0	0	0	0	0	0	0	0	0	0	0	0	0	0	0	0	0	0	0	0	0	0	0	0	0	0	0	0	0	0	0	0	0	0	0	0	0	0	0	0	0	0	0	0	0	0	0	0	835	0	0	0	0	0	4703	0	0	0	0	0	0	0	0	0	60	0	0	0	0	0	0	0	0	0	0	0	0	0	0	0	0	0	0	0	0	0	0	0	0	0	0	0	0	0	0	0	0	0	0	0	0	0	0	0	0	0	0	0	0	0	0	0	0	0	0	0	0	0	0	0	0	0	0	0	0	0	0	0	0	0	0	0	0	0	0	0	0	0	0	0	0	0	0	0	0	0	0	0	0	0	0	0	0	0	0	0	0	0	0	0	0	0	0	0	0	0	0	0	0	0	0	0	0	0	4577	0	0	16	0	0	0	1406	0	0	0	0	0	0	0	0	0	0	0	0	0	0	0	0	0	0	0	0	0	0	0	0	0	0	0	0	0	0	0	0	0	0	0	0	0	0	0	0	0	0	0	0	0	0	0	0	0	0	0	0	0	0	0	0	0	0	0	0	0	0	0	0	0	0	0	0	0	0	0	0	0	0	0	0	0	0	0	0	0	0	0	0	0	0	0	0	0	10820	0	0	0	0	0	0	0	0	0	0	0	0	0	0	0	0	0	0	0	0	0	0	0	0	0	0	0	0	0	0	0	0	0	0	0	0	0	0	0	0	0	0	0	0	0	0	0	0	1725	0	0	0	39164	0	0	0	0	0	0	0	0	0	0	0	0	0	0	0	0	0	0	0	0	0	0	0	0	0	0	0	0	0	0	0	0	0	0	0	0	0	0	0	0	0	0	0	0	0	0	0	0	0	0	0	0	0	0	0	0	0	0	0	0	0	0	0	0	0	0	0	0	0	0	0	0	0	0	0	0	0	0	0	0	0	0	0	0	0	0	0	0	0	0	0	0	0	0	0	0	0	0	0	4	0	14	0	0	0	0	0	0	0	0	0	0	0	0	0	0	0	1	0	0	0	0	0	0	0	0	116	0	0	0	0	0	0	0	0	0	0	0	3	0	0	0	0	0	0	0	0	0	0	0	0	0	0	0	0	0	0	0	0	0	0	0	0	0	0	0	0	0	0	0	0	0	0	0	0	0	0	0	0	0	0	0	0	0	0	0	0	0	0	0	0	0	0	0	3	0	0	0	0	0	0	0	0	0	15	0	0	0	0	0	0	0	0	0	0	0	0	0	0	0	0	0	0	0	0	0	0	0	0	0	0	0	0	0	0	0	0	0	0	0	0	0	0	0	0	0	0	0	0	0	0	0	0	0	0	0	0	0	0	0	0	0	0	0	0	0	0	0	0	0	667	0
D136	0	0	47	2	3	0	0	10	0	0	0	0	0	111	0	6	9	2	0	45	3	7	0	0	18	6	0	7	0	0	0	0	66	0	0	9	89	8	16	0	26	0	12	0	0	47	128	259	42	0	31	20	0	17	0	1	301	0	0	5	33	0	0	0	11	9	0	0	24	0	0	110	0	0	0	0	0	0	0	0	4	101	2	7	38	0	0	33	0	0	16	0	49	0	0	0	0	34	0	4	0	0	0	1	32	0	0	5	67	48	61	0	6	0	0	0	5	375	17	0	0	29	0	0	0	0	0	30	0	3	0	0	0	0	0	5	1	0	0	0	0	0	0	6	44	0	0	0	0	1	0	0	10	2	1	0	16	0	8	0	33	0	6	0	0	0	13	1	5	29	65	3	0	15	0	0	30	0	0	0	12	0	1	0	11	0	0	0	4	35	11	6	0	0	0	0	8	0	101	9	0	9	4	7	0	4	35	46	0	58	0	0	31	0	0	0	40	0	12	0	0	21	1	0	0	22	0	3	115	119	0	93	0	0	0	8	2	0	5	0	0	0	0	16	0	0	0	0	0	0	2	5	1	196	0	0	10	0	0	6	0	13	0	0	0	18	0	17	8	0	0	0	0	0	5	13	61	37	0	2	10	0	1	0	0	7	0	6	0	0	286	0	0	0	6	0	0	0	63	10	0	81	44	0	0	8	35	38	3	0	38	5	0	0	37	0	0	52	0	18	0	0	4	0	0	7	17	6	0	45	276	0	5	0	49	0	4	115	0	0	48	0	0	66	5	0	0	0	0	10	19	0	0	0	0	0	0	0	0	0	2	2	0	0	0	45	0	28	0	0	36	6	0	0	119	21	51	4	0	0	0	4	4	0	0	71	0	0	0	32	0	33	0	0	0	0	0	0	0	0	0	0	0	52	0	0	11	0	1	0	7	31	0	0	2	0	11	0	14	0	0	48	88	0	0	0	0	0	0	0	0	52	23	0	0	0	20	35	0	9	30	0	6	0	0	0	0	0	0	0	0	0	0	0	3	2	0	9	85	0	0	0	0	0	2	28	0	5	9	0	174	0	1	68	0	4	0	0	0	0	0	0	0	7	0	1	0	25	0	0	0	134	0	0	0	19	4	0	27	0	35	0	0	16	0	312	42	0	0	17	47	1	0	0	0	133	0	0	0	10	9	20	0	2	202	14	0	0	2059	27	119	17	17	0	0	0	0	0	0	0	0	25	49	0	0	0	0	4	12	8	0	1	65	0	3	2	14	0	0	0	0	14	3	100	0	0	54	42	0	0	133	0	0	9	0	0	1	4	2	1	52	0	64	6	0	46	71	2	15	174	16	4	0	0	0	0	0	27	22	95	0	0	0	3	0
D137	0	0	0	0	0	41	0	0	128	0	0	22	0	0	0	0	0	0	0	0	0	0	10	0	0	0	0	0	9	0	8	0	0	0	0	0	0	0	24	0	0	0	0	10	30	0	0	0	0	67	0	2	0	0	159	0	34	0	0	0	0	2	0	85	0	0	0	0	0	31	0	0	0	2	0	5	0	0	0	0	0	0	6	0	0	0	0	0	0	25	5	0	0	11	0	0	0	0	0	0	60	0	0	0	0	0	0	0	0	0	0	0	0	0	10	0	0	17	0	4224	44	0	0	0	87	8	0	2	0	0	0	0	0	0	0	0	0	0	0	6	27	9	25	0	0	7032	0	0	0	0	177	46	0	0	0	0	0	4	0	0	0	0	0	0	91	0	0	0	0	0	0	0	19	0	5341	0	0	0	0	0	0	0	20	0	0	0	0	0	0	0	0	0	92	0	0	0	0	0	0	0	0	0	0	0	0	0	0	0	0	0	0	0	0	0	0	0	0	0	0	123	7	0	0	0	0	0	0	0	0	38	0	0	0	0	0	0	0	4	0	0	397	0	0	0	2	0	0	0	0	3	0	0	0	0	0	7	0	0	0	0	0	0	502	0	0	0	103	0	0	0	0	0	0	0	0	0	11	0	0	0	0	0	0	0	0	0	0	0	0	0	0	19	0	0	0	0	39	0	0	0	8	0	0	0	0	0	0	0	0	0	0	9	93	0	0	0	21	0	0	0	0	15	3	0	17	0	0	0	0	0	0	0	53	0	4	0	0	0	0	23	0	2	0	0	0	2	0	0	0	0	0	0	0	0	0	0	3	0	0	0	8	0	0	0	0	0	16	0	0	0	0	0	0	0	0	0	0	0	101	17	0	0	0	0	0	0	0	0	0	0	0	0	0	3	0	0	0	0	0	0	0	0	0	0	26	156	0	4	0	0	0	0	0	0	0	0	0	0	0	0	0	0	0	0	4	0	0	0	0	0	0	0	0	0	0	0	0	0	0	0	0	0	0	0	0	0	0	0	0	7	1	19	0	0	0	0	0	0	0	2	51	0	0	0	0	0	2	0	0	0	0	0	3	0	0	14	0	0	0	0	324	0	8	0	0	0	0	0	0	0	3	0	0	0	0	0	0	3	0	0	0	0	33	0	0	5	2	0	2	0	0	0	0	0	0	0	0	0	5	0	0	0	3	0	0	0	39	99	685	0	0	0	0	0	0	0	0	7	0	0	0	0	0	0	0	0	0	0	0	0	0	0	0	24	0	0	0	0	10	0	0	0	0	0	13	0	0	0	0	0	0	29	47	16	0	0	0	0	0	0	0	0	0	0	0	0	0	0	0	0	0	0	0	31	0	0	0	0	12	0	0	0	0	30	0
D138	0	0	0	0	0	0	0	0	0	0	0	0	0	0	0	0	0	0	0	0	0	0	0	0	0	0	0	0	38	16	0	0	0	0	0	0	0	0	0	0	0	0	0	0	0	0	0	0	0	0	0	0	0	0	0	0	0	0	0	0	0	149	0	0	0	0	0	0	0	0	0	0	0	0	0	0	0	0	0	0	0	0	0	0	0	0	0	0	0	0	0	0	0	0	0	0	0	0	0	0	0	0	0	0	0	0	0	0	0	0	0	0	0	0	1618	0	0	0	0	0	0	0	0	0	1257	0	0	0	0	0	0	0	0	0	0	0	0	0	0	0	16	0	0	0	0	0	0	0	0	0	0	0	0	0	0	0	0	0	0	0	0	0	0	0	0	0	0	0	0	0	0	0	0	0	0	0	0	0	0	0	0	0	0	0	0	0	0	0	0	0	0	0	0	0	0	0	0	0	0	0	0	0	0	0	0	0	0	0	0	0	0	0	0	0	0	0	0	0	0	0	1927	0	0	0	0	0	0	0	0	0	0	0	0	0	0	0	0	0	0	0	0	0	0	0	0	0	0	0	0	0	0	0	0	0	0	0	0	0	0	0	0	0	12641	0	7	0	0	0	0	0	0	0	0	0	0	0	0	0	0	0	0	0	0	0	0	0	0	0	0	0	0	0	0	0	0	0	0	0	0	0	0	0	0	0	0	0	0	0	0	0	0	0	0	0	0	0	12	0	0	0	0	0	0	0	0	0	0	0	0	0	0	0	0	0	0	0	0	0	0	0	0	0	0	0	0	0	0	0	0	0	0	0	0	0	32	0	0	0	0	0	0	0	0	0	0	0	0	0	0	0	0	0	0	0	0	0	0	0	5	0	0	0	0	0	0	0	0	0	0	0	0	0	0	212	0	0	0	0	0	0	0	0	0	0	0	0	0	527	0	0	0	0	237	0	0	0	0	0	0	2	0	0	0	0	0	0	0	0	0	0	0	0	0	0	0	0	0	0	0	0	0	0	0	0	0	0	0	0	0	0	0	0	0	3	0	0	0	0	0	0	1027	0	0	0	0	0	0	0	0	0	0	0	0	0	0	0	0	0	0	0	0	0	74	0	0	0	0	0	0	0	0	0	0	0	0	0	0	0	0	0	0	0	2	0	0	0	0	0	0	0	0	0	0	0	0	0	0	0	0	0	0	0	0	0	0	0	0	0	0	0	0	0	0	0	0	0	0	0	277	0	0	0	0	0	0	0	0	0	0	0	0	0	0	0	0	0	0	0	0	0	0	0	0	0	19	0	0	0	0	0	0	0	0	0	11	0	0	0	0	0	0	0	0	0	0	0	0	0	0	0	0	0	0	342	0	0	0	0	0	0	0	0	0	0	0
D139	0	0	0	0	0	0	0	0	0	0	0	0	0	0	0	0	0	0	0	0	0	0	0	0	0	0	0	0	0	0	0	0	0	0	0	0	0	0	0	0	0	0	0	0	0	0	0	0	0	0	0	0	0	0	0	0	0	0	0	0	0	0	0	0	0	0	0	0	0	0	0	0	0	0	0	0	0	0	0	0	0	0	0	0	0	18	0	0	0	0	0	0	0	0	0	0	0	0	0	0	0	0	0	0	0	0	0	0	0	0	0	0	0	0	0	22	0	0	0	0	0	0	0	0	2	0	0	0	0	0	0	0	0	0	0	0	0	0	0	0	0	0	0	0	0	0	0	0	0	0	0	0	0	0	0	0	0	0	0	0	0	0	0	0	0	0	0	0	0	0	0	0	0	0	0	0	0	0	0	0	0	0	0	0	0	0	0	0	0	0	0	0	0	0	0	0	0	0	0	0	0	0	0	0	0	0	0	0	0	0	0	0	0	0	0	0	0	0	0	0	0	0	0	0	0	0	0	463	0	0	0	0	0	0	0	0	0	0	0	0	10	0	0	0	0	0	0	0	0	0	0	0	0	0	0	0	0	0	0	0	0	0	0	0	0	0	3	0	0	0	0	0	0	0	0	0	0	0	19	0	0	0	0	0	0	0	0	0	0	0	0	0	0	0	0	0	0	0	0	0	0	0	0	0	0	0	0	0	0	0	0	0	0	0	0	0	0	0	0	0	0	0	149	0	0	0	0	0	0	0	0	0	0	0	0	0	0	0	0	0	0	0	0	0	0	0	0	0	0	0	0	0	0	0	0	0	0	0	0	0	0	0	21	0	0	0	0	0	0	0	0	0	0	0	0	0	0	0	0	0	0	0	0	0	0	0	0	0	0	0	0	0	0	0	0	0	0	0	0	0	0	0	0	0	0	0	0	0	0	0	0	0	0	0	0	0	0	0	0	0	0	0	0	0	0	0	0	0	0	0	0	0	0	0	32	0	0	0	0	0	0	0	0	0	0	0	0	0	0	0	0	2	0	0	0	0	0	0	0	0	0	0	0	0	0	0	0	0	0	0	0	2	0	0	0	0	0	0	0	0	0	0	0	0	0	0	0	0	0	0	0	0	0	204	0	0	0	0	0	0	0	0	0	0	0	0	0	63	0	0	0	0	0	0	0	0	0	0	0	0	0	0	0	0	0	0	15	0	0	0	0	0	0	0	0	0	0	0	0	0	266	0	0	0	0	0	0	0	0	0	0	0	0	0	0	0	0	0	0	0	0	0	0	0	0	1890	0	0	0	0	0	0	0	0	0	0	0	0	0	0	0	0	0	0	0	0	0	0	0	0	0	0	0	0	0	0	0	0	0	0	0	0	0	0	0
D140	0	0	125	229	240	0	5	24	0	0	218	0	141	0	4	8	0	68	15	19	12	59	0	0	69	1386	0	20	0	0	0	5	57	47	0	2	346	0	47	0	0	6	19	0	0	42	7	71	0	0	0	12	21	399	1	17	28	0	0	158	14	0	0	0	2	34	0	0	166	0	0	17	96	0	8	0	10	8	0	0	8	52	25	0	93	0	177	0	0	0	0	160	0	0	0	0	0	409	0	4	0	37	36	70	14	0	4	186	56	14	1	0	0	105	0	0	16	530	0	0	0	45	18	1	0	0	0	83	2	21	94	0	6	0	30	9	7	0	62	0	0	13	0	25	22	0	0	0	12	22	0	0	25	17	5	0	212	0	9	0	66	0	4	0	0	0	0	75	26	29	12	44	0	1	0	0	53	0	0	0	11	0	34	25	0	0	0	0	2	234	0	7	0	0	0	0	10	0	35	0	0	1	6	21	0	17	4	10	0	1	104	0	2	11	0	3	817	3	6	0	0	0	11	32	0	12	22	0	0	1024	111	222	0	0	0	7	41	0	0	12	0	6	0	36	0	0	0	0	97	0	27	3	3	0	3	0	135	27	20	28	0	3	3	0	0	56	2	134	7	28	0	1	43	0	2	0	42	0	0	0	35	0	27	0	3	32	0	0	0	19	2969	0	16	93	23	0	1	2	3	39	0	130	35	0	0	21	261	43	0	0	48	336	0	1022	52	0	0	7	149	2	0	0	0	16	0	0	14	23	0	88	230	203	191	616	185	0	2	6	0	0	89	0	12	783	6	0	0	17	0	109	153	0	0	0	0	5	0	15	0	0	6	69	0	77	5	20	0	9	0	116	7	71	0	4	290	2	122	2	0	0	13	15	0	0	0	66	75	43	6	110	17	45	3778	0	0	25	0	0	0	0	0	0	131	0	0	0	112	0	564	0	37	19	0	0	88	0	13	4	35	0	0	23	94	0	0	57	0	0	0	0	0	2656	8	0	0	0	44	60	0	1	40	0	0	0	6	0	0	12	0	18	0	0	0	0	3	20	21	53	98	0	0	9	0	0	147	16	0	10	34	0	202	0	0	153	0	0	0	0	0	0	0	19	0	33	0	85	0	31	0	29	0	5	27	0	0	6	16	2	5	0	11	0	0	0	0	703	0	0	0	2	98	8	0	5	0	38	0	0	0	41	22	23	0	33	491	8	0	0	0	12	92	152	8	354	192	0	31	0	0	17	0	25	15	23	0	1	0	4	45	51	0	31	526	0	82	0	0	0	36	1	1	39	4	18	0	0	4	28	13	0	598	0	0	0	0	9	34	0	23	3	0	0	881	32	45	13	0	3	40	0	4	0	23	0	0	0	0	15	817	0	0	0	6	0	0
D141	0	0	20	54	5	0	3	1	0	21	0	0	6	57	0	12	2	0	2	0	0	0	0	0	0	10	0	0	0	0	0	0	0	51	0	0	64	0	0	0	32	0	5	0	0	0	0	35	0	0	6	25	2	0	0	161	72	0	0	45	0	0	0	0	0	0	0	0	3	0	0	17	5	0	7	0	0	11	0	0	2	8	0	0	0	0	13	8	0	0	0	39	12	0	11	0	0	26	2	4	0	0	4	0	5	0	40	0	25	24	12	0	0	0	0	0	62	229	0	0	0	12	5	13	0	0	0	20	0	0	0	0	0	0	19	4	0	130	0	0	0	0	0	9	26	0	0	0	26	1	0	0	0	6	5	0	11	0	6	0	39	0	5	0	0	4	0	0	10	7	14	105	0	3	0	0	25	0	0	19	0	0	5	2	10	0	0	8	0	104	22	29	0	0	0	0	0	0	1	59	0	0	6	7	0	4	29	40	2	2	17	0	3	0	0	6	91	9	0	0	0	1	3	0	0	5	0	0	0	111	4	50	0	0	0	2	3	0	0	0	0	0	0	2	0	0	0	0	2	0	6	0	16	14	0	0	8	18	74	0	0	3	0	0	0	4	0	6	0	2	0	0	7	0	5	0	0	69	0	0	7	0	7	0	5	0	0	26	0	0	347	0	0	4	8	21	0	0	2	40	0	151	0	0	4	22	23	19	2	0	10	23	0	75	52	0	0	27	48	13	0	0	0	7	0	0	3	22	0	21	115	67	136	45	41	0	0	23	6	0	5	0	9	91	8	1	0	4	0	44	4	0	0	0	0	5	0	30	24	0	3	51	48	0	10	77	0	8	0	54	0	24	0	0	134	34	0	8	0	0	2	14	0	0	0	244	0	34	0	35	2	3	0	0	0	4	0	0	0	2	0	13	15	53	0	0	24	0	123	0	24	0	0	0	0	0	1	4	37	0	0	0	81	10	0	5	0	0	0	0	0	150	11	0	0	0	8	14	0	43	0	0	0	0	17	11	0	2	0	39	0	1	0	0	5	29	11	8	23	0	0	0	0	0	4	11	2	3	4	0	287	0	1	16	0	40	0	0	0	0	0	20	0	14	0	0	0	20	0	15	0	0	34	0	0	0	0	0	8	0	4	0	0	0	0	312	0	0	0	15	24	12	0	2	0	25	0	4	2	11	17	13	0	4	78	0	0	0	0	7	19	144	0	21	6	0	7	0	0	7	0	6	13	0	0	4	0	6	17	42	0	7	42	0	14	3	30	3	2	0	0	8	21	69	0	0	10	9	12	0	100	0	0	0	0	3	2	0	3	3	0	0	7	21	11	0	0	8	208	0	14	0	12	0	0	0	6	5	423	0	0	11	4	55	79
D142	0	0	5	0	0	26	0	0	266	0	0	10	0	0	0	0	0	0	0	0	0	0	924	0	3	0	0	0	8	8	0	0	0	0	0	0	0	4	0	0	0	0	0	0	0	0	0	0	6	0	0	0	7	0	1554	2	0	0	2	0	0	3	0	14	1	0	0	0	0	171	0	0	9	0	0	83	0	0	0	0	0	0	0	0	0	0	0	0	3	245	0	0	0	0	102	0	0	0	0	0	14	2	0	0	0	0	4	0	0	0	0	0	0	0	46	0	0	0	0	1055	776	0	0	0	89	79	0	0	0	0	0	0	0	6	0	0	0	0	0	102	44	0	0	0	0	99	0	0	0	0	170	9	0	0	0	0	0	0	0	0	0	0	0	0	269	0	0	0	0	0	0	0	0	0	508	0	0	0	0	0	0	0	0	0	0	0	0	0	0	119	0	3	0	0	0	1	10	61	0	0	0	0	0	0	0	0	0	0	0	0	0	0	0	0	1	0	0	0	0	1221	14	0	0	0	0	0	0	44	4	0	0	0	0	0	0	0	0	0	0	0	1267	0	0	0	0	0	5	0	0	46	0	0	0	0	0	65	0	0	0	0	0	0	628	0	0	0	3482	0	0	0	0	0	0	71	0	0	0	0	0	15	0	0	0	0	0	0	0	0	0	0	1	693	99	0	0	15	21	0	0	0	0	0	0	0	0	0	0	0	0	7	0	2	21	0	0	0	19	0	0	0	0	273	0	0	8	0	0	0	0	0	0	0	382	0	0	0	0	0	0	63	0	13	5	0	0	0	350	0	0	0	0	0	0	0	23	4	0	0	0	2	0	0	60	0	29	0	0	0	0	0	19	0	0	0	2	0	0	0	1674	48	0	0	0	0	230	6	0	0	0	0	0	0	2	2	1	0	0	0	0	0	0	0	0	0	0	12	0	6	0	0	0	0	13	0	0	2	0	0	0	7	0	0	0	0	0	0	0	0	0	0	0	0	0	0	0	21	0	0	0	0	0	0	0	0	0	0	0	0	0	0	0	365	0	4	0	0	0	0	0	0	18	0	0	0	0	78	0	2	0	0	0	0	0	0	0	0	0	0	0	0	65	0	22	0	19	0	0	0	0	0	5	0	0	0	0	0	0	0	0	0	0	0	40	0	0	0	0	2	0	0	0	0	0	0	0	0	3	4	5	0	0	0	2	0	0	0	42	4	3120	0	0	0	0	0	0	0	0	0	45	0	0	0	0	0	26	0	0	0	0	0	0	0	0	0	0	0	0	0	0	0	0	0	0	0	40	0	0	0	0	0	0	0	63	23	10	0	0	0	0	0	0	0	0	0	0	0	0	0	0	0	0	0	0	17	0	0	0	0	0	0	0	0	0	144	0
D143	1	0	122	28	0	0	6	67	0	281	0	0	0	2	0	21	0	0	5	0	0	0	8	0	94	114	0	1	0	0	0	0	0	290	0	0	0	4	128	0	0	21	0	0	0	0	0	91	0	0	0	19	0	120	0	7	552	0	0	0	7	0	34	0	206	0	0	0	28	0	0	0	13	0	0	64	0	29	0	0	0	38	0	0	27	0	0	111	0	0	2	42	0	0	0	0	0	166	0	2	0	3	0	0	0	0	0	16	0	0	394	0	0	0	0	2	35	398	23	0	0	10	2	1	0	0	0	0	0	0	0	0	0	0	1	0	33	0	0	0	4	0	0	0	14	0	0	0	0	0	0	0	0	46	0	98	13	0	0	0	512	0	0	0	0	0	0	0	0	32	9	137	7	0	0	0	4	0	0	0	0	0	18	0	19	3	0	5	0	57	0	10	0	0	0	0	7	0	97	0	0	2	0	2	0	0	0	3	0	0	0	0	28	1	0	2	40	0	0	0	0	14	0	0	0	13	0	23	0	1541	0	10	0	0	0	0	29	0	0	0	0	2	0	61	5	5	0	0	0	8	0	3	0	0	0	0	8	6	0	38	0	0	0	0	0	0	0	0	0	0	0	0	0	0	1	3	141	0	0	0	0	55	0	0	13	0	0	1	0	10	1848	0	0	14	0	0	14	0	1	0	0	46	0	0	2	0	13	8	4	0	76	45	0	117	83	0	0	68	15	26	0	0	6	0	0	0	32	10	0	40	0	5	67	0	695	0	5	11	0	4	107	0	8	5	0	0	0	61	4	186	0	0	0	0	0	0	0	3	0	0	8	1	0	0	0	53	0	25	0	0	197	13	0	0	28	0	72	0	0	0	0	0	0	0	0	84	0	0	0	0	0	57	0	0	0	0	0	0	0	0	0	0	0	44	0	0	0	0	69	0	0	0	0	0	0	0	0	0	0	0	0	39	208	22	0	0	0	0	0	0	0	169	0	0	0	0	45	3	0	96	0	0	0	0	0	0	0	3	0	0	10	0	0	0	0	14	0	11	23	0	0	0	0	0	5	1350	4	7	55	0	0	0	1	485	0	5	0	0	0	0	0	0	0	18	0	0	0	0	0	0	0	0	0	0	0	8	4	1	14	0	95	0	0	0	2	385	1928	0	7	15	0	10	0	0	0	28	0	0	2	60	5	28	0	12	2339	0	0	0	0	13	133	57	12	0	6	0	4	0	0	9	0	26	139	16	0	9	0	0	57	5	0	25	312	0	0	9	146	0	0	0	12	7	1	0	0	0	10	0	0	0	182	0	0	31	0	6	0	0	0	2	260	0	3194	0	0	67	0	0	6	0	7	0	0	0	0	0	0	2	214	14	0	0	0	0	0
D144	0	0	0	0	0	354	5	0	0	0	0	23	0	0	4	0	0	0	0	2	0	0	56	0	0	0	0	0	43	4	0	5	0	0	5	0	0	26	38	0	0	0	0	0	30	0	0	0	4	0	1	0	0	0	257	12	0	0	0	0	0	0	145	8	0	0	0	0	0	114	1	0	4	0	0	91	0	0	0	0	0	6	0	0	0	0	0	0	0	41	0	0	0	0	164	0	0	0	0	0	0	3	0	0	11	0	0	0	0	0	0	0	0	0	9	0	0	0	0	1737	400	0	7	0	55	18	0	0	0	0	0	0	0	25	0	0	5	0	0	23	82	0	0	0	0	20	0	0	0	0	465	29	4	0	0	0	0	0	0	0	2	8	0	0	2014	0	0	0	0	0	0	0	10	0	507	0	0	0	0	0	0	0	25	0	0	0	0	0	0	0	0	0	0	0	0	34	2	23	8	0	6	0	0	0	0	0	0	0	0	0	0	0	2	3	0	0	0	0	0	0	0	0	0	1	0	0	0	9	0	3	0	0	0	0	0	0	0	0	0	0	80	0	0	3	2	0	53	0	0	386	0	0	0	0	0	44	3	0	0	0	92	0	745	0	0	0	1021	0	16	0	0	0	0	29	0	0	0	0	0	82	0	0	0	0	0	0	0	9	0	0	0	656	11	0	0	0	30	0	0	0	0	0	0	0	0	0	0	0	1	72	0	11	50	0	0	0	11	4	0	0	0	62	0	0	23	0	0	0	0	0	10	0	268	0	0	0	0	0	0	53	0	230	51	0	0	6	108	0	0	0	0	11	0	0	57	0	5	0	0	19	0	3	6	0	16	0	0	0	0	28	25	0	0	0	0	11	0	0	18	39	0	0	0	0	0	0	0	0	0	5	0	0	0	8	212	0	0	0	0	0	0	0	0	0	0	40	0	19	0	0	0	0	4	0	2	0	0	7	0	2	0	0	0	0	1	0	0	0	0	2	0	0	0	6	92	40	0	0	0	0	0	0	0	0	0	0	0	0	0	1	0	3205	0	16	0	0	0	0	0	0	7	0	0	0	0	30	0	0	0	0	0	0	0	1	0	0	0	0	2	0	29	0	111	0	15	0	0	0	0	0	4	0	0	0	0	0	0	0	0	0	0	0	2	0	0	3	0	0	8	10	0	0	0	0	0	0	0	0	0	0	0	0	0	0	104	0	261	0	1475	0	0	0	0	0	0	0	6	0	5	0	0	0	0	0	77	0	0	0	0	0	0	0	0	0	0	0	0	0	1	0	0	0	0	0	17	0	0	0	4	0	7	0	9	3	0	0	0	0	0	0	0	0	158	0	0	0	0	2	0	0	0	0	0	23	0	0	0	0	5	3	0	0	0	132	0
D145	14	0	514	0	0	0	0	0	0	4	0	0	0	0	0	22	0	0	13	0	0	8	0	0	0	161	0	0	0	0	0	0	0	0	0	34	0	0	0	0	0	0	0	0	0	0	0	0	0	0	0	11	0	2	0	0	0	0	0	0	0	0	0	0	245	10	0	0	4	0	0	802	0	0	0	0	0	0	0	0	0	0	0	0	367	0	0	0	0	0	0	0	0	0	0	0	0	0	0	5	0	0	0	0	0	0	0	0	0	0	0	0	0	0	0	0	0	254	12	0	0	0	0	0	0	0	0	0	0	2	0	0	0	0	0	0	0	0	9	0	0	0	0	0	0	0	0	0	0	0	0	0	0	0	0	0	0	0	0	0	0	0	0	0	0	0	0	0	0	0	0	0	0	0	0	0	0	0	0	0	0	0	0	0	0	0	0	0	0	0	0	0	0	0	0	0	0	0	0	0	0	0	0	0	0	0	0	0	0	0	0	0	0	0	0	0	0	0	0	0	0	0	0	0	0	0	0	0	0	1297	0	0	0	0	0	5	0	0	0	0	0	0	0	14	0	0	0	0	0	0	0	6	0	0	0	0	0	0	0	0	0	0	0	0	0	0	0	0	0	0	0	0	0	0	0	0	197	0	0	0	0	0	0	0	0	9	0	0	0	2	211	0	0	0	0	0	0	0	0	0	0	0	0	0	0	0	3	0	0	0	0	0	0	619	0	0	0	0	0	0	0	0	0	0	0	0	0	0	0	0	0	0	0	0	0	0	0	69	0	0	0	0	0	0	0	0	0	0	0	0	428	0	0	0	0	0	0	0	0	0	0	0	0	0	0	0	0	0	0	0	0	0	0	0	0	7	0	0	0	0	0	0	0	0	0	1	0	0	0	0	0	0	0	0	0	0	0	0	0	0	0	0	0	0	0	0	0	0	0	0	0	0	0	0	0	0	0	0	0	0	0	49	0	0	0	7	0	0	0	0	0	0	0	0	0	0	0	0	0	0	0	0	0	0	0	0	0	3	0	0	0	1	0	0	0	0	0	0	0	0	0	0	0	0	0	0	0	0	0	0	0	0	0	0	0	0	0	0	0	0	0	0	0	0	0	0	0	0	0	0	0	0	0	0	0	0	3	0	2	0	173	0	0	0	0	101	1978	0	0	0	0	0	0	0	0	0	0	0	0	20	0	26	0	2	0	0	0	0	0	0	0	0	0	0	0	0	0	0	0	0	0	0	0	0	0	0	0	0	0	0	0	0	0	0	0	0	52	0	0	0	41	0	35	0	0	0	0	0	0	0	0	0	0	0	2	0	55	0	0	0	0	0	14	21	0	0	0	0	0	0	0	0	0	0	0	0	0	0	95	0	0	0	0	0	1
D146	0	0	0	0	0	0	0	0	0	0	0	0	0	0	0	0	0	0	0	0	0	0	1760	0	0	0	0	0	0	0	0	0	0	0	0	0	0	0	2	0	0	0	0	0	0	0	0	0	0	0	0	0	0	0	0	0	17	0	0	0	0	0	34	0	0	0	0	4	0	0	0	0	0	0	0	1044	0	0	0	0	0	0	0	0	0	0	0	0	0	0	4	0	0	0	0	0	0	0	0	0	0	0	0	0	0	0	0	0	0	0	0	0	0	0	0	0	0	0	0	1	0	0	2	0	0	0	0	0	0	0	0	0	0	0	0	0	0	0	0	0	0	0	0	0	0	0	0	0	0	0	0	0	0	0	0	0	0	0	0	0	0	0	0	0	0	0	0	0	0	0	0	0	0	0	0	0	0	0	0	0	0	0	5	0	0	27	0	0	0	0	0	0	0	0	0	0	0	0	0	0	0	0	0	0	0	0	0	0	0	0	0	0	0	0	1	0	0	0	0	0	0	0	0	0	0	0	0	0	0	0	0	0	0	0	0	0	0	0	0	0	120	0	0	0	0	0	42	0	0	0	0	0	0	0	0	0	0	0	0	4	6	0	0	0	0	0	0	0	0	0	0	0	0	383	0	0	0	0	0	0	0	0	0	0	0	0	0	0	0	0	0	0	0	0	0	2	0	0	0	0	0	0	0	0	0	0	0	0	0	0	0	0	0	0	0	0	0	0	0	0	0	0	0	0	4	0	0	0	33	0	0	0	77308	0	0	0	0	0	0	0	0	0	5	0	0	0	0	0	0	0	0	60	0	0	0	0	0	0	0	0	0	0	0	0	0	0	0	0	0	0	4	0	0	0	0	0	0	0	0	0	0	0	0	0	0	0	0	0	0	0	0	0	0	0	0	0	0	0	0	0	0	0	0	0	0	0	0	0	0	0	0	0	0	0	0	0	0	0	0	0	0	0	0	0	0	0	0	0	0	0	0	0	0	948	0	0	3	0	0	0	0	0	40	0	2	0	0	0	0	0	3791	0	0	0	0	0	0	0	0	0	0	0	0	0	0	473	2	0	0	0	0	0	0	0	0	0	0	0	0	0	0	0	0	0	0	0	0	0	0	0	607	0	0	0	0	0	0	0	0	0	0	0	0	0	0	0	0	0	0	0	0	0	0	0	0	0	0	0	0	0	0	0	0	0	0	0	30	0	0	0	0	0	0	0	0	0	0	71	0	0	0	0	0	0	0	0	0	0	0	0	0	3	0	0	0	0	0	0	0	0	0	0	0	0	0	0	0	0	0	0	0	0	0	0	0	0	0	0	0	0	0	0	7	0	0	0	0	0	0	0	0	0	0	0	0	0	0	0	0	0	0	0	0	0	0
D147	0	0	0	0	0	0	0	0	0	13	0	0	0	50	0	12	6	0	34	4	0	0	0	0	0	2	0	0	0	0	0	0	20	0	1533	0	0	0	0	0	42	0	0	0	0	0	0	143	69	4	0	0	0	0	0	1	520	0	0	15	0	0	0	0	94	48	0	0	0	0	0	18	8	0	0	0	0	0	0	0	0	79	0	0	49	0	0	0	0	0	0	226	18	0	0	0	0	0	0	0	0	0	0	0	0	0	11	0	43	0	16	0	0	0	33	0	0	100	0	0	0	0	0	0	0	889	0	50	0	54	0	0	0	0	0	0	0	0	22	0	620	0	0	0	0	0	0	0	0	0	0	144	20	0	0	0	26	0	0	0	29	0	12	0	0	0	0	0	0	2	218	3	34	0	0	0	37	0	0	0	0	0	0	0	0	59	0	0	0	0	0	0	0	0	0	0	0	0	0	0	0	0	0	0	0	0	0	0	17	0	0	0	0	0	0	0	122	0	0	0	0	0	0	19	0	0	0	37	0	66	0	146	0	0	0	0	71	0	0	0	143	0	0	0	0	0	0	0	0	0	0	38	0	0	0	0	49	0	38	0	0	14	4092	0	0	0	115	0	0	0	0	0	0	0	8	0	52	0	0	0	0	0	0	0	0	136	0	0	0	0	388	0	0	8	0	0	0	0	0	0	0	202	0	0	0	10	0	0	0	0	0	0	0	9	0	0	0	8	0	2	0	0	0	0	0	0	0	0	0	22	0	106	0	23	59	0	0	13	0	0	0	0	0	2	0	0	0	0	0	52	65	0	0	0	160	0	0	0	0	2	0	20	0	0	0	5	0	12	0	0	4	0	0	0	5	0	49	37	119	0	0	0	0	0	0	0	0	0	0	0	0	82	0	0	0	0	0	0	0	0	0	6	0	0	0	0	3	0	0	0	0	14	0	0	0	0	0	0	0	0	0	0	23	0	0	20	0	0	0	0	0	329	0	0	0	0	43	38	0	22	0	0	17	0	0	0	0	0	0	0	0	0	0	0	0	0	0	0	0	0	0	0	0	0	59	0	0	0	0	0	6	0	0	41	0	0	0	0	0	0	0	0	0	0	0	0	0	32	0	17	0	0	0	0	0	0	0	0	49	0	54	0	0	0	0	175	95	0	0	0	0	0	0	0	0	7	0	0	0	0	0	0	0	60	254	17	0	0	0	0	92	0	0	60	35	0	0	0	0	0	0	0	0	0	0	48	0	0	0	0	0	0	0	0	0	0	39	11	77	0	43	57	0	0	1866	0	0	0	23	0	0	0	0	0	0	0	0	0	0	0	0	0	183	0	0	0	0	0	30	23	0	0	48	0	0	0	0	0	143	0	0	0	8	0	0
D148	0	0	0	0	0	0	0	0	0	0	0	0	0	0	0	0	0	0	0	0	0	0	0	0	0	0	0	0	0	0	0	0	0	0	0	0	0	0	0	3635	0	0	0	0	0	0	0	0	0	0	7	0	0	0	0	0	0	0	0	0	0	0	0	0	0	0	13	0	61	0	265	0	14	0	0	0	0	0	0	0	0	0	0	0	0	0	0	0	0	0	0	0	0	74	24	0	0	0	0	25	0	0	0	0	0	0	0	0	0	55	0	102	9	0	0	0	0	0	0	0	0	0	0	0	0	0	0	0	0	0	0	0	0	0	0	0	0	832	0	0	0	0	23	0	0	0	0	97	0	0	0	0	43	0	0	0	0	0	0	18	0	0	0	25	0	0	166	0	0	0	0	0	208	0	0	16	0	71	0	0	0	0	83	0	0	0	0	0	0	0	0	0	0	0	0	0	0	0	0	0	0	0	0	0	17	0	0	0	0	0	0	4	0	0	0	0	0	0	0	0	0	0	0	0	0	0	0	0	0	0	0	36	0	0	0	0	0	0	0	0	0	39	0	0	0	0	0	2	0	0	0	0	0	0	0	0	0	0	0	0	0	0	43	0	0	0	0	0	18	0	75	0	0	0	0	0	0	0	0	0	0	0	0	0	0	0	0	0	0	27	82	0	92	7	0	0	160	0	0	0	0	0	80	5	0	0	821	0	0	0	0	0	0	0	0	0	0	0	0	0	207	0	0	0	0	0	0	0	0	0	0	0	93	0	0	31	0	0	0	0	0	0	0	0	0	33	6	0	0	0	0	0	0	0	0	34	4	0	0	0	0	0	0	0	0	0	3	0	0	0	0	0	0	0	0	0	0	0	0	0	0	0	40	0	87	0	0	0	0	0	0	0	0	0	144	0	0	210	88	0	0	0	0	0	0	0	0	0	0	0	0	0	0	63	0	0	0	44	0	0	0	0	0	31	0	0	0	38	0	239	31	0	69	0	0	0	0	0	52	0	0	0	0	0	0	0	0	0	2	68	0	0	66	0	135	0	0	0	0	0	0	53	0	0	0	53	0	0	0	0	0	0	0	48	114	0	96	0	150	0	0	0	0	0	368	0	0	0	0	0	0	0	0	0	0	0	0	0	1	0	0	0	0	0	0	0	0	0	0	0	0	0	0	0	0	0	0	0	0	5	0	0	0	0	0	0	0	0	0	0	55	0	0	0	0	0	50	0	0	0	0	0	0	0	0	0	0	0	0	0	0	0	0	142	0	0	0	30	62	214	0	0	0	0	0	0	0	0	0	0	0	0	0	84	0	0	0	0	0	62	0	62	0	0	0	0	0	0	0	138	0	0	0	0	550	0	42	0	0	0	0	0	0	0	0
D149	0	0	0	0	0	0	0	0	414	0	0	0	1	0	0	0	0	0	0	0	0	0	0	0	0	0	0	0	0	0	0	235	0	0	0	0	0	0	0	383	0	0	0	0	0	0	0	0	0	0	0	0	0	0	0	0	0	0	0	0	0	0	0	0	0	0	0	18	0	0	0	0	0	52	0	0	0	0	0	0	0	0	0	0	0	0	0	0	0	0	0	0	0	0	0	0	0	0	0	0	0	0	0	0	0	0	0	0	0	0	0	0	0	0	0	0	0	0	0	0	0	0	5	0	0	0	0	0	0	0	0	0	0	0	0	0	0	0	0	0	0	0	0	0	0	0	0	0	0	0	0	0	0	0	0	0	0	0	0	0	0	0	0	0	0	0	0	0	0	0	0	0	927	0	0	0	0	0	0	0	0	0	18	0	0	0	0	0	0	0	0	0	0	0	0	0	0	0	0	0	0	0	0	0	0	0	0	0	0	0	0	7	0	0	0	0	0	18	0	0	0	0	0	0	0	0	0	3	0	0	0	0	0	0	0	0	0	0	0	0	0	0	4	0	51	0	0	0	0	0	0	0	0	0	0	0	0	0	0	0	418	0	0	0	0	0	0	0	0	0	0	0	0	0	0	0	0	0	0	0	0	0	0	0	0	0	0	0	0	0	5	0	0	0	0	0	0	0	0	0	0	0	0	0	0	0	0	0	0	0	0	64	0	0	0	0	0	0	0	0	0	0	0	0	0	0	0	0	0	0	0	0	0	0	0	0	0	0	0	13	0	0	0	0	0	6	9287	0	0	0	0	0	0	0	0	1	0	0	0	0	0	0	0	0	0	0	0	0	0	0	0	0	0	0	0	0	0	0	0	0	0	0	0	0	0	0	0	0	0	0	0	0	0	0	0	0	0	0	0	0	0	0	0	0	0	0	0	0	0	0	0	0	0	0	0	0	0	0	0	0	0	0	0	0	0	0	0	0	0	0	0	0	0	0	0	0	0	0	0	0	0	0	0	0	0	0	0	0	0	0	0	0	0	0	0	0	0	0	0	0	0	0	0	2	0	8	0	0	0	0	0	0	0	0	0	0	0	0	0	0	0	0	0	0	0	0	0	0	0	0	21	0	0	0	0	0	0	1	0	0	0	0	0	0	0	0	0	6	6	0	0	0	0	0	0	0	0	4	0	0	0	0	0	0	0	0	629	0	0	0	0	0	0	0	0	0	0	0	0	0	34	0	0	0	0	0	0	0	0	0	0	0	0	0	0	0	0	0	0	45	0	0	0	0	0	1393	0	0	0	0	0	0	0	0	0	0	0	0	0	0	0	0	204	0	0	0	0	0	0	0	0	0	0	0	0	0	0	0	0	0	0	0	0	0	0
D150	0	0	0	0	0	0	0	0	0	0	0	0	0	0	0	0	0	0	0	0	0	0	0	0	0	0	0	0	968	1	0	0	0	0	0	0	0	0	0	0	0	0	0	0	0	0	0	0	0	1224	0	0	0	0	0	0	0	0	0	0	0	0	0	0	0	0	0	0	0	0	0	0	0	0	0	0	0	0	0	0	0	0	0	0	0	0	0	0	0	0	0	0	0	0	0	0	0	0	0	0	0	0	0	0	0	0	0	0	0	0	0	0	0	0	514	0	0	0	0	13	0	0	0	0	4508	0	0	0	0	0	0	0	0	3	0	0	0	0	0	0	0	0	0	0	0	0	0	0	0	0	0	258	0	0	0	0	0	0	0	0	0	0	0	0	0	0	0	0	0	0	0	0	0	0	2	0	0	0	0	0	0	0	0	0	0	0	0	0	0	0	0	0	0	0	0	0	0	0	0	0	0	0	0	0	0	0	0	0	0	0	0	0	0	0	0	0	0	0	0	469	691	0	0	0	0	0	0	0	0	0	0	0	0	0	0	0	0	0	0	0	0	0	0	0	0	0	0	0	0	0	0	0	0	0	0	0	0	0	0	0	0	0	1259	0	159	0	0	0	0	0	0	0	0	0	0	0	0	0	0	0	0	0	0	0	0	0	0	0	0	0	0	0	0	0	0	0	0	0	0	0	0	0	0	0	0	0	0	0	0	0	0	0	0	0	0	0	545	0	0	0	0	0	0	0	0	0	0	0	0	0	0	0	0	0	0	0	0	0	0	0	0	0	0	0	0	0	0	0	0	0	0	0	0	0	253	0	0	0	0	0	0	0	0	0	0	0	0	0	0	0	0	0	0	0	0	0	0	0	0	0	0	0	0	0	0	0	0	0	0	0	0	0	0	0	0	0	0	0	0	0	0	0	0	0	0	0	0	2813	0	0	0	0	9	0	0	0	0	0	0	159	0	0	0	0	0	0	0	0	0	0	0	0	0	0	0	0	0	0	0	0	0	0	0	0	0	0	0	0	0	0	0	0	0	7	0	0	0	0	0	0	0	0	0	0	0	0	0	0	0	0	0	0	0	0	0	0	0	0	0	0	0	0	6503	0	0	0	0	0	0	0	0	0	0	0	0	0	0	0	0	0	0	0	103	0	0	0	0	0	0	0	0	0	0	0	0	0	0	0	0	0	0	0	0	0	0	0	0	0	0	0	0	0	0	0	0	0	0	0	0	0	0	0	0	0	0	0	0	0	0	0	0	0	0	0	0	0	0	0	0	0	0	0	0	0	481	0	0	0	0	0	0	0	0	0	25	0	0	0	0	0	0	0	0	0	0	0	0	0	0	0	0	0	0	0	0	0	0	0	0	0	0	0	0	0	0
D151	0	0	0	2	0	0	6	0	0	0	0	0	0	0	0	0	0	0	0	0	0	0	12	0	0	0	0	0	0	0	0	0	0	0	0	0	0	32	69	0	0	0	0	0	0	0	0	0	0	32	0	0	0	0	16	0	37	0	0	0	0	0	13	0	0	0	0	0	0	0	0	0	0	0	0	0	0	0	0	0	0	0	0	0	0	0	0	0	0	0	2102	0	0	0	0	0	0	0	0	0	0	0	0	0	0	0	0	0	0	0	0	0	0	0	0	0	0	0	0	34	0	0	0	0	0	0	0	0	0	0	0	0	0	0	0	0	0	0	0	0	0	0	0	0	0	0	0	0	0	0	0	0	0	0	0	0	0	0	0	0	0	0	0	0	0	0	0	0	0	0	0	0	18	0	16	0	0	0	0	0	0	0	7	0	0	22	0	0	0	1	0	0	41	0	0	0	0	7	0	0	0	0	0	0	0	0	0	0	0	0	0	0	0	0	0	0	0	0	0	0	0	0	0	0	0	0	0	0	0	0	0	0	0	0	0	0	0	0	0	0	121	0	0	0	0	0	0	0	0	0	0	0	0	0	0	0	0	0	0	0	4	0	0	0	0	0	48	0	0	0	0	0	0	0	0	0	0	0	0	20442	0	0	0	0	0	0	0	0	0	0	0	37	1	0	0	2	77	0	0	0	0	0	0	0	0	0	0	0	0	0	0	40	0	0	0	0	0	0	0	0	0	0	0	0	37	0	0	0	2	0	0	0	20	0	0	0	0	0	0	474	0	0	0	0	0	0	92	0	0	0	0	0	0	0	0	7	0	0	0	4	0	0	0	0	8	0	0	0	0	0	72	0	0	0	0	0	0	0	0	0	0	0	0	0	0	0	0	0	0	0	0	0	0	0	0	0	0	0	0	0	0	0	0	0	0	0	0	0	0	0	0	0	0	0	0	0	0	0	0	0	0	0	0	0	0	0	0	0	0	0	0	0	0	0	0	15	1	0	0	0	0	0	0	0	0	0	0	0	0	72	0	0	0	0	0	0	0	0	0	0	0	0	0	0	0	52	6	0	0	0	0	0	0	0	0	0	0	0	0	0	0	0	0	0	0	0	0	0	43	0	0	0	0	5	0	0	0	0	0	0	0	0	0	0	0	0	0	0	0	0	0	0	0	0	0	0	0	7	0	0	0	0	0	0	14	0	0	0	0	0	0	0	0	0	0	0	0	5	0	0	0	0	0	0	0	0	0	0	0	0	0	22	0	0	0	0	0	0	0	0	0	0	0	0	0	0	0	0	0	0	0	15	0	0	0	0	0	0	0	0	12	0	0	0	0	0	0	0	0	0	0	0	0	0	0	0	0	0	0	0	0	0	0	0	0
D152	6	0	0	4	0	0	0	0	0	0	0	0	0	84	0	7	0	13	10	25	0	10	0	0	6	123	0	0	0	0	0	0	10	14	0	4	5	0	8	0	8	2	3	0	0	0	0	38	0	0	5	14	0	3	0	0	10	0	0	0	0	0	0	0	3	4	0	0	22	0	0	14	21	0	2	0	2	1	0	0	12	47	0	13	0	0	0	2	0	0	0	48	0	0	0	0	0	1	0	4	0	0	4	4	3	0	0	5	0	6	0	0	0	1	0	0	3	36	0	0	0	8	0	0	0	0	0	7	0	0	0	0	0	0	3	0	0	0	5	0	0	0	0	0	35	0	0	0	2	0	8	0	0	9	0	1	1	0	0	0	16	0	13	0	0	0	0	13	0	47	0	26	0	2	0	0	8	0	0	0	0	0	3	0	11	0	0	11	0	2	0	0	0	0	0	0	0	0	0	3	0	8	2	0	0	3	29	6	29	7	0	0	3	0	0	7	2	0	0	0	0	4	1	1	0	0	1	0	0	710	0	13	0	0	0	1	0	0	1	0	0	0	0	2	0	0	0	0	0	0	2	4	1	54	0	0	5	3	5	0	0	16	0	0	0	0	0	3	0	0	0	0	0	0	5	5	5	18	0	9	2	0	0	0	3	7	0	0	0	0	76	0	1	16	1	2	0	0	6	1	0	8	3	0	0	0	8	7	0	0	8	2	0	2	9	0	0	51	43	12	0	0	0	1	0	3	35	3	0	4	8	16	0	0	34	0	0	0	0	0	47	0	0	0	0	0	0	5	0	17	14	0	0	0	0	2	0	0	0	0	2	22	0	4	0	23	0	0	0	1	11	0	0	0	30	0	9	27	0	0	2	0	0	0	4	34	0	0	0	0	0	0	0	0	0	2	0	0	0	0	0	3	0	10	0	0	0	0	19	1	1	0	0	0	0	0	3	0	3	0	0	0	78	0	0	0	0	0	0	0	0	0	0	0	0	0	0	4	0	0	44	0	0	0	0	0	0	0	0	0	0	30	0	0	0	6	0	3	12	0	0	0	0	0	0	10	0	0	2	0	0	0	0	10	0	56	0	0	0	0	0	0	0	4	7	0	0	11	0	6	0	0	1	0	0	0	0	0	3	2	65	0	0	0	0	80	0	0	0	7	2	3	0	4	0	13	0	0	0	22	8	14	0	2	22	5	0	0	3	4	0	3	1	39	6	0	3	0	0	4	0	8	0	0	0	0	0	4	2	0	0	0	33	0	8	0	20	0	0	0	16	24	0	41	0	0	2	0	19	0	19	0	2	0	0	0	0	10	28	6	0	0	42	3	0	0	0	0	0	0	0	0	3	0	0	0	0	0	184	1	0	0	0	0	0
D153	0	2	0	0	0	0	2	0	0	0	0	0	0	0	0	0	0	0	0	0	0	0	0	0	2	0	0	0	0	0	0	0	0	0	0	0	0	0	0	0	0	0	0	0	0	0	0	0	0	0	0	0	0	0	0	0	0	0	0	0	0	0	0	0	0	0	0	0	0	0	0	0	0	0	0	0	0	0	0	0	0	0	0	0	0	0	0	0	0	0	0	0	0	0	0	0	0	2	0	0	0	0	0	0	0	0	0	0	0	0	0	0	0	0	0	0	0	0	0	0	0	0	0	0	0	0	0	0	0	0	0	0	0	0	0	0	0	0	0	0	0	0	0	0	0	0	0	0	0	0	0	0	0	0	0	0	0	0	0	0	8	4	0	0	0	0	0	0	0	0	0	0	0	0	0	0	0	0	0	0	0	0	0	0	0	0	0	0	0	0	0	2	0	0	0	0	0	0	0	0	0	0	0	0	0	0	0	0	0	0	0	0	0	0	0	0	0	0	0	0	0	0	0	0	0	0	0	0	0	2	0	24	0	0	0	0	0	0	0	0	0	0	0	0	0	0	0	0	0	0	0	0	0	0	0	0	0	0	0	0	0	0	0	0	0	0	0	0	0	0	0	0	0	0	0	0	0	0	0	0	0	0	0	0	0	0	0	0	0	0	2	0	0	0	0	0	0	0	0	0	0	0	0	0	0	0	8	0	0	0	0	0	0	0	3	0	0	3	0	0	0	0	0	0	0	0	0	0	0	0	0	0	0	0	0	0	0	0	0	0	0	0	0	0	0	0	0	0	0	0	0	0	0	0	0	0	0	0	0	0	0	0	0	0	0	0	0	0	0	0	2	0	0	0	0	0	0	0	0	0	0	0	0	0	0	0	0	0	0	0	0	0	0	0	0	0	0	0	0	0	0	0	0	0	0	2	0	0	0	0	0	0	0	0	0	0	0	0	0	0	0	0	0	0	0	0	0	0	0	0	0	0	0	0	0	0	0	0	0	0	0	0	0	0	0	0	0	0	0	0	0	0	0	0	0	0	0	0	0	0	0	0	0	0	0	0	0	0	0	0	0	0	0	0	0	0	0	0	0	0	0	0	0	0	0	0	0	0	0	0	0	17	0	0	0	0	0	0	0	0	0	0	0	0	0	0	0	0	0	0	0	0	0	0	2	0	0	0	0	0	0	0	0	0	0	0	2	0	2	0	0	0	0	0	0	0	0	0	0	0	0	0	0	2	0	0	0	0	0	0	0	0	0	0	0	0	0	0	0	0	0	0	0	0	0	0	0	0	0	0	0	0	0	0	0	0	0	0	0	0	0	0	0	0	0	0	0	0	0	0	0	0	0	0	0	0	0	0	0	0	0	0	0	0	5
D154	0	0	0	0	0	0	0	0	0	0	0	0	2	0	0	0	91	3	2	0	0	2	1	0	0	0	410	0	0	0	151	61	0	0	0	0	3	0	0	306	0	0	0	0	0	0	0	0	0	0	0	0	2	1	0	27	0	3	5	0	0	0	0	0	0	0	20	0	0	0	375	0	0	0	0	0	0	0	388	0	2	0	0	0	0	0	6	0	1100	0	16	0	0	412	0	70	22	0	17	0	0	0	0	2	0	0	178	5	2	4	0	516	51	0	0	0	2	0	0	0	0	0	0	0	0	0	25	0	0	0	0	0	4	0	0	9	0	2091	0	0	0	0	0	0	0	0	16	0	2	0	5	0	3	0	0	2	0	0	0	0	0	0	0	65	0	0	13	0	0	0	0	0	0	0	0	2	0	0	0	2	0	336	4	0	0	1	5	0	0	0	0	0	0	0	124	0	0	0	0	0	0	1	0	0	0	0	0	0	0	0	0	0	0	0	0	0	0	0	0	0	0	0	0	141	870	0	0	0	0	0	0	0	81	0	2	0	0	0	0	4	0	0	0	0	0	0	0	26	0	0	0	0	0	0	3	0	0	0	59	0	0	0	0	123	0	0	0	0	0	23	0	0	0	0	0	0	0	0	0	0	0	0	0	27	0	0	0	0	110	0	6	0	0	0	0	0	2	2	0	0	0	0	7	0	16	0	6	0	0	0	0	2	0	0	0	0	0	0	0	0	387	0	0	0	0	0	0	0	0	0	0	0	23	0	0	317	30	0	0	11	0	0	0	0	0	3	5	0	10	0	0	0	0	3	0	0	0	0	0	0	12	0	0	0	0	0	0	0	2	0	0	0	15	0	0	0	5	0	0	0	30	0	0	1962	0	0	0	4	0	0	0	0	3	0	2	0	388	0	0	0	33	0	0	0	0	0	0	0	0	0	0	0	0	664	2	0	0	0	0	0	0	0	0	0	0	0	2	894	0	2	428	0	71	0	0	0	0	0	73	0	0	112	0	0	10	0	13	0	2662	0	0	0	168	0	151	3	0	0	0	0	0	0	162	0	0	0	0	0	0	4	0	0	0	671	322	0	791	5	1227	0	0	0	0	0	0	0	10	0	14	0	0	5	0	0	0	0	2	0	0	674	0	109	0	0	15	6	0	0	0	0	0	0	67	0	0	0	7	0	0	0	0	0	13	0	0	0	0	0	0	0	0	0	0	0	0	3	0	0	0	0	0	0	0	0	0	0	2	0	0	0	0	0	8	420	0	0	0	2201	0	10	0	0	0	0	0	0	0	0	0	0	2	66	0	0	0	0	0	0	2	2	0	0	0	0	0	0	0	0	0	0	0	0	0	0	0	10	433	0	1	0	11	4	0	0	0
D155	0	0	0	0	0	0	0	0	0	0	0	0	0	0	0	0	0	0	0	0	0	0	0	0	0	0	0	0	0	0	0	0	0	0	0	0	0	0	0	0	0	0	0	0	0	0	0	0	0	0	0	0	0	0	0	0	0	0	0	0	0	0	0	0	0	0	0	0	0	0	0	0	0	0	0	0	0	0	0	0	0	0	0	0	0	0	0	0	0	0	0	0	0	0	0	0	0	0	0	0	0	0	0	0	0	0	0	0	0	0	0	0	0	0	0	0	0	0	0	0	0	0	0	0	0	0	0	0	0	0	0	0	0	0	0	0	0	0	0	0	0	0	0	0	0	0	0	0	0	0	0	0	0	0	0	0	0	0	0	0	0	0	0	0	0	0	0	0	0	0	0	0	0	0	0	0	0	0	0	0	0	0	0	0	0	0	0	0	0	0	0	0	0	0	0	0	0	0	0	0	0	0	0	0	0	0	0	0	0	0	0	0	0	0	0	0	0	0	0	0	0	0	0	0	0	0	0	0	0	0	0	0	0	0	0	0	0	0	0	0	0	0	0	0	0	0	0	0	0	0	0	0	0	0	0	0	0	0	0	0	2	0	0	0	0	0	0	0	0	0	0	0	0	0	0	0	0	0	0	0	0	0	0	0	0	0	0	0	0	0	0	0	0	0	0	0	0	0	0	0	0	0	0	0	0	0	0	0	0	0	0	0	0	0	0	0	0	0	0	0	0	0	0	0	0	0	0	0	0	0	0	0	0	0	0	0	0	0	0	0	0	0	0	0	0	0	0	0	0	0	0	0	0	0	0	0	0	0	0	0	0	0	0	0	0	0	0	0	0	0	0	0	0	0	0	0	0	0	0	0	0	0	0	0	0	0	0	0	0	0	0	0	0	0	0	0	0	0	0	0	0	0	0	0	0	0	0	0	0	0	0	0	0	0	0	0	0	0	0	0	0	0	0	0	0	0	0	0	0	0	0	0	0	0	0	0	0	0	0	0	0	0	0	0	0	0	0	0	0	0	0	0	0	0	0	0	0	0	0	0	0	0	0	0	0	0	0	0	0	0	0	0	0	0	0	0	0	0	0	0	0	0	0	0	0	0	0	0	0	0	0	1	0	0	0	0	0	0	0	0	0	0	0	0	0	0	2	0	0	0	0	0	0	0	0	0	0	0	0	0	0	0	0	0	0	0	0	0	0	0	0	0	0	0	0	0	0	0	0	0	0	0	0	0	0	0	0	0	0	0	0	0	0	0	0	0	0	0	0	0	0	0	0	0	0	0	0	0	0	0	0	0	0	0	0	0	0	0	0	0	0	0	0	0	0	0	0	0	0	0	0	0	0	0	0	0	0	0	0	0	0	0	0	0	0
D156	0	0	0	0	0	0	0	0	3203	0	0	0	0	0	0	0	0	0	0	0	0	0	0	0	0	0	0	0	0	0	0	0	0	0	0	0	0	0	30	0	0	0	0	0	0	0	0	0	0	0	0	0	0	0	0	0	0	0	0	0	0	0	0	0	0	0	0	0	0	0	0	0	0	0	0	3	0	0	0	0	0	0	0	0	0	2	0	0	0	0	0	0	0	0	0	0	0	0	0	0	0	0	0	0	0	0	0	0	0	0	0	0	0	0	0	0	0	0	0	0	0	0	3	0	0	0	0	0	0	0	0	0	0	0	0	0	0	0	0	0	0	0	0	0	0	0	0	0	0	0	0	0	0	0	0	0	0	0	0	0	0	0	0	0	0	0	0	0	0	0	0	0	4	0	0	0	0	0	0	0	0	0	12	0	0	0	0	0	0	0	0	0	13	0	0	0	4	0	0	0	0	0	0	0	0	0	0	0	0	0	0	0	0	0	6	0	0	0	0	0	0	0	0	0	0	0	0	0	0	0	0	0	0	0	0	0	0	0	0	0	0	0	0	0	0	0	0	0	0	0	0	0	0	0	0	0	0	0	0	0	3204	0	0	0	0	0	0	0	0	0	0	0	0	0	0	0	0	0	0	0	0	0	0	0	0	0	0	0	0	0	0	0	11	0	0	0	6	0	0	0	0	0	0	0	0	0	0	0	0	0	0	0	0	0	0	0	0	0	0	0	0	0	0	0	0	0	0	0	20	0	0	0	0	0	0	0	0	0	0	5	0	0	0	0	0	0	0	0	0	0	0	0	0	0	0	0	0	0	0	23	0	0	0	0	0	0	0	0	0	0	0	0	0	0	0	0	0	0	22	0	0	0	0	0	0	0	0	0	0	0	0	0	0	0	8	0	0	0	0	0	0	0	0	0	0	0	0	0	0	0	0	0	0	0	0	0	0	0	0	0	0	0	0	0	0	0	0	0	0	0	0	0	0	0	0	0	0	0	0	0	0	0	0	0	0	0	0	0	0	0	8	2463	0	0	0	0	0	0	0	0	0	0	0	0	0	11	0	0	0	0	0	10	0	0	0	0	0	0	2	0	0	0	0	0	0	0	0	0	0	0	0	0	0	0	0	0	0	0	0	0	0	0	0	0	0	0	0	0	0	0	0	0	0	0	0	0	0	0	0	0	0	0	0	0	0	0	1019	0	0	0	0	0	0	0	0	0	0	0	0	0	2	0	0	0	0	0	0	0	0	0	0	0	0	0	0	0	0	0	0	0	0	0	0	0	0	31	0	0	0	0	0	0	0	6	0	0	0	0	0	0	0	0	2794	0	0	0	0	0	0	0	0	0	0	0	0	0	0	0	0	0	0	0	0	0	0
D157	0	0	0	0	0	3176	0	2	270	0	0	21	0	0	0	0	0	0	0	0	0	0	19	0	0	0	0	0	7	21	0	4	0	0	23	0	0	0	65	17	0	0	0	0	0	0	0	0	0	177	0	0	0	0	166	0	0	0	0	0	0	33	0	991	0	0	0	0	0	338	0	0	0	0	0	38	0	0	0	0	0	0	0	0	0	15	0	0	0	40	0	0	0	0	12	0	0	0	0	0	1336	0	0	0	0	0	0	0	0	0	0	0	0	0	122	0	0	0	0	6358	363	0	0	0	174	26	0	8	0	0	0	0	0	0	0	0	0	0	0	454	148	0	0	0	0	866	0	0	0	0	223	31	0	0	0	0	0	17	0	0	0	0	0	0	8	0	0	0	0	0	0	0	5	0	9495	0	0	0	0	0	0	0	6	0	0	0	0	0	0	0	0	0	482	0	0	0	0	68	0	0	0	0	0	0	0	0	0	0	0	0	0	0	0	0	4	0	0	0	0	416	45	0	0	0	0	0	0	0	0	9	0	0	0	0	0	0	4	0	0	0	314	0	0	0	0	0	18	0	0	3	0	0	0	0	0	0	0	0	0	0	0	0	1226	0	0	0	115	0	0	0	0	0	0	0	0	0	0	0	0	114	0	0	0	0	3	0	0	0	0	0	0	197	8	0	0	0	0	0	0	0	0	0	0	0	0	0	16	0	0	94	0	0	24	0	0	0	50	0	0	0	0	51	0	0	14	0	0	0	0	0	0	0	2092	0	0	0	0	0	0	0	0	0	0	0	0	0	0	0	0	0	0	0	0	0	18	0	0	0	0	0	0	0	328	0	0	0	0	0	0	0	0	0	0	0	0	0	0	0	96	8	0	0	0	0	18	0	0	0	0	0	0	0	0	4	0	0	0	0	0	0	0	8	0	0	0	273	0	40	0	0	0	0	18	0	0	7	0	0	0	33	0	0	0	0	0	0	0	0	0	0	0	0	0	20	4	0	7	0	0	0	0	0	0	0	0	0	0	0	0	0	46	2	0	0	0	0	0	0	0	0	66	0	0	0	0	0	3	0	0	0	0	0	0	0	0	0	0	0	0	0	135	0	9	0	0	0	0	0	0	0	4	0	10	0	0	0	0	9	0	0	0	0	71	0	0	0	0	0	8	0	0	0	0	0	0	0	0	0	0	0	0	8	0	0	0	0	91	587	237	0	0	0	0	0	0	0	0	0	34	0	0	0	0	0	28	0	0	0	0	0	0	0	0	0	0	0	0	5	13	8	0	0	0	0	9	0	0	0	0	0	0	0	13	14	0	0	0	0	0	0	0	0	0	0	0	0	0	0	0	0	0	0	0	23	0	0	0	0	0	0	0	0	0	168	0
D158	0	0	0	0	0	0	0	0	3	0	0	0	0	0	0	0	0	0	0	0	0	0	0	0	0	0	30	0	0	0	25	0	0	0	0	0	0	0	0	445	0	0	0	0	0	0	0	0	0	0	12	0	0	0	0	32	0	2	0	0	0	0	0	0	0	0	62	0	0	0	29	0	0	0	0	0	0	0	581	98	0	0	0	0	0	0	0	0	694	0	0	0	0	33	1	199	125	0	66	0	0	0	0	0	0	15	0	0	0	0	0	277	18	0	0	0	0	0	0	0	0	0	0	0	0	0	2	0	28	0	0	0	0	0	0	0	0	778	0	0	0	0	0	0	0	0	12	80	0	36	0	0	1	0	0	3	0	0	0	0	0	0	0	61	0	0	0	0	0	0	0	0	0	0	0	457	0	0	53	0	2	1255	0	0	0	7	48	0	0	0	0	0	0	303	366	0	0	0	0	0	0	0	0	0	15	0	0	0	0	0	0	0	0	0	0	0	0	19	0	0	0	0	0	0	534	0	0	0	0	0	0	0	472	45	0	0	0	76	0	0	0	0	0	0	0	0	0	5	0	0	0	0	0	0	31	0	0	0	4	0	0	0	0	330	0	0	0	0	0	0	2	0	0	0	0	0	0	0	0	0	0	0	0	96	0	0	0	0	222	0	0	0	0	0	0	0	0	0	0	0	0	0	0	4	90	0	0	0	0	0	0	0	0	0	0	0	0	0	0	0	128	0	0	0	0	0	0	0	0	0	0	0	12	0	0	112	0	0	30	0	0	0	0	0	0	0	0	0	147	0	0	0	29	27	0	0	5	0	37	0	9	0	0	0	0	0	13	0	15	0	0	0	0	0	0	0	0	0	0	0	0	0	11	736	7	0	0	0	0	0	0	0	0	0	5	0	482	37	0	0	0	0	0	0	0	0	0	0	0	0	0	0	0	891	0	0	0	0	0	0	2	0	0	0	0	0	4	667	20	162	111	0	0	0	0	0	0	0	155	0	0	409	0	4	6	0	290	0	1017	0	0	0	0	0	42	0	0	0	0	0	0	0	332	0	0	0	0	0	0	5	0	0	0	324	436	0	281	4	1481	4	0	0	0	0	0	0	2	0	6	0	0	0	0	0	0	0	0	0	0	15	0	189	0	0	151	0	0	0	0	3	0	0	817	0	0	0	125	0	0	0	0	0	27	0	0	0	0	0	0	0	0	2	0	0	0	88	0	0	0	0	0	0	0	0	0	0	70	0	0	0	0	0	0	201	0	0	0	288	0	0	0	0	0	0	0	0	0	0	0	2	0	0	0	0	0	0	0	0	0	0	0	2	0	0	0	0	0	0	0	0	0	0	0	0	658	10	273	0	0	0	0	0	0	13	0
D159	0	0	0	0	0	0	0	0	0	0	0	0	0	0	0	0	0	0	0	0	0	0	5	0	0	0	0	0	0	0	0	0	0	0	0	0	0	0	0	0	0	0	0	0	0	0	0	0	0	0	0	0	0	0	0	0	25	0	0	0	0	0	0	0	0	0	0	0	0	0	0	0	0	0	0	8666	0	0	0	0	0	0	0	0	0	0	0	0	0	0	0	0	0	0	0	0	0	0	0	0	0	0	0	0	0	0	0	0	0	0	0	0	0	0	0	0	0	0	0	0	0	0	0	0	0	0	0	0	0	0	0	0	0	0	0	0	0	0	0	16	0	0	0	0	0	0	0	0	0	0	0	0	0	0	0	0	0	0	0	0	0	0	0	0	0	0	0	0	0	0	0	0	0	0	0	0	0	0	0	0	0	0	0	0	0	1815	0	0	0	0	0	0	0	0	0	0	0	0	0	0	0	0	0	0	0	0	0	0	0	0	0	0	0	0	424	0	0	0	0	0	0	0	0	0	0	0	0	0	0	0	0	0	0	0	0	0	0	0	0	0	0	0	0	0	0	0	0	0	0	0	0	0	0	0	0	0	0	0	0	0	0	0	0	0	0	0	0	0	0	0	0	0	0	0	0	0	0	0	0	55351	0	0	0	0	0	0	0	0	0	0	0	0	3	0	0	0	0	0	0	0	0	0	0	0	0	0	0	0	0	0	0	0	0	0	0	0	0	0	0	0	0	0	0	0	0	0	0	0	3035	0	0	0	344	0	0	0	0	0	0	25	0	0	0	0	0	0	0	0	0	0	0	0	0	0	0	0	0	0	0	0	0	0	0	0	0	0	0	0	0	0	0	0	0	0	0	0	0	0	0	0	0	0	0	0	0	0	0	0	0	0	0	0	0	0	0	0	0	0	0	0	0	0	0	2	0	0	0	0	0	0	0	0	0	0	0	0	0	0	0	0	0	0	0	0	0	0	0	0	0	0	0	0	0	0	0	0	0	0	0	0	0	0	0	0	0	0	0	0	0	0	630	0	0	0	0	0	0	0	0	5215	0	0	0	0	0	4	0	0	0	0	0	0	0	0	0	0	0	0	0	0	0	0	0	0	0	0	0	0	0	0	0	0	0	0	0	0	0	0	0	0	0	0	0	0	0	0	0	0	0	0	0	0	0	0	0	0	0	0	0	0	0	0	0	0	0	0	0	0	0	0	0	0	0	0	0	0	0	2650	0	0	0	0	0	0	0	0	0	0	0	0	0	0	0	0	0	0	9	0	0	0	0	0	0	0	0	0	0	0	0	0	0	0	0	0	0	0	0	0	0	0	0	0	3	0	0	0	0	0	0	0	0	0	0	0	0	0	0	0	0	0	0	0	0	0	0
D160	0	0	0	0	0	3179	0	0	0	0	0	0	0	0	0	0	0	0	0	0	0	0	0	0	0	0	0	0	0	0	0	0	0	0	0	0	0	0	0	0	0	0	0	0	2	0	0	0	0	0	0	0	0	0	0	0	0	0	0	0	0	0	0	0	0	0	0	0	0	0	0	0	0	0	0	0	0	0	0	0	0	0	0	0	0	0	0	0	0	0	0	0	0	0	0	0	0	0	0	0	0	0	0	0	0	0	0	0	0	0	0	0	0	0	0	0	0	0	0	2	0	0	0	0	12	0	0	0	0	0	0	0	0	0	0	0	0	0	0	0	0	0	0	0	0	0	0	0	0	0	0	0	0	0	0	0	0	0	0	0	0	0	0	0	0	0	0	0	0	0	0	0	0	0	10	0	0	0	0	0	0	0	0	0	0	0	0	0	0	0	0	0	8	0	0	3	0	0	0	0	0	0	0	0	0	0	0	0	0	0	0	0	0	0	0	0	0	0	0	61	0	0	0	0	0	0	0	3	0	0	0	0	0	0	0	0	0	0	0	0	0	0	0	0	0	0	403	0	0	0	0	0	0	0	0	0	0	0	0	0	0	0	0	0	0	0	0	0	0	0	0	0	0	2784	0	0	0	0	58	0	0	0	0	0	0	0	0	0	0	0	0	0	0	0	0	0	0	0	0	0	0	0	0	0	0	0	0	0	0	818	0	0	0	0	0	0	0	0	0	0	0	0	0	0	0	0	0	0	0	0	0	0	0	0	0	0	0	0	0	0	0	30	0	0	0	0	0	0	0	0	0	473	0	0	0	0	0	0	0	0	0	0	0	0	0	0	0	0	0	0	0	0	0	0	0	0	0	0	0	0	0	0	0	0	0	0	0	0	0	0	0	0	0	0	0	0	0	0	0	0	0	0	0	0	0	0	0	0	0	0	0	0	0	0	0	359	0	0	0	0	0	0	0	0	0	0	0	0	0	0	0	0	0	5712	0	0	0	0	0	0	0	0	0	0	0	0	0	0	0	0	0	0	0	0	0	0	0	0	0	0	0	0	0	0	0	0	0	0	0	0	0	0	0	0	0	0	0	0	0	0	123	0	0	0	0	0	0	0	0	0	917	0	0	0	0	0	0	0	0	0	0	0	5	0	0	0	0	0	0	0	0	0	0	0	0	0	0	0	0	0	0	0	0	0	0	0	396	0	0	0	0	0	0	0	0	0	0	0	0	0	0	0	0	0	0	0	0	0	0	0	0	0	0	0	0	0	0	0	0	0	0	0	0	0	13	0	0	0	0	0	0	0	0	0	0	0	0	0	0	0	0	0	0	0	0	0	0	0	0	0	0	0	0	0	0	0	0	0	0	0	0	0	0	0	0
D161	0	0	0	0	0	0	0	0	0	0	0	0	0	0	0	0	0	0	0	0	0	0	0	0	0	0	0	0	0	0	0	0	0	0	0	0	0	0	0	0	0	0	0	0	0	0	0	0	0	0	0	0	0	0	0	0	0	0	0	0	0	0	0	0	0	0	0	0	0	0	0	0	0	1	0	0	0	0	0	0	0	0	0	0	0	92	0	0	0	0	0	0	0	0	0	0	0	0	0	0	0	0	0	0	0	0	0	0	0	0	0	0	0	0	0	69	0	0	0	0	0	0	0	0	0	0	0	0	0	0	0	0	0	0	0	0	0	0	0	0	0	0	0	0	0	0	0	0	0	0	0	0	0	0	0	0	0	0	0	0	0	0	0	0	0	0	0	0	0	0	0	0	0	0	0	0	0	0	0	0	0	0	0	0	0	0	0	0	0	0	0	0	0	0	0	0	0	0	0	0	0	0	0	0	0	0	0	0	0	0	0	0	0	0	0	0	0	0	0	0	0	0	0	0	0	0	0	601	0	0	0	0	0	0	0	0	0	0	0	0	15	0	0	0	0	0	0	0	0	0	0	0	0	0	0	0	0	0	0	0	0	0	0	0	0	0	0	0	0	0	0	0	0	0	0	0	0	0	181	0	0	0	0	0	0	0	0	0	0	0	0	0	0	0	0	0	0	0	0	0	0	0	0	0	0	0	0	0	0	0	0	0	0	0	0	0	0	0	0	0	0	0	257	0	0	0	0	0	0	0	0	0	0	0	0	0	0	0	0	0	0	0	0	0	0	0	0	0	0	0	0	0	0	0	0	0	0	0	0	0	0	0	2	0	0	0	0	0	0	0	0	0	0	0	0	0	0	0	0	0	0	0	0	0	0	0	0	0	0	0	0	0	0	0	0	0	0	0	0	0	0	0	0	0	0	0	0	0	0	0	0	0	0	0	0	0	0	0	0	0	0	0	0	0	0	0	0	0	0	0	0	0	0	0	0	0	0	0	0	0	0	0	0	0	1	0	0	0	0	0	0	1	0	0	0	0	0	0	0	0	0	0	0	0	0	0	0	0	0	0	0	0	0	0	0	0	0	0	0	0	2	0	0	0	0	0	0	0	0	0	0	0	0	213	0	0	0	0	0	0	0	0	0	0	0	0	0	137	0	0	0	0	0	0	0	0	0	0	0	0	0	0	0	0	0	0	71	0	0	0	0	0	0	0	0	0	0	0	0	0	660	0	0	0	0	0	0	0	0	0	0	0	0	0	0	0	0	0	0	0	0	0	0	0	0	5096	0	0	0	0	0	0	0	0	0	0	0	0	0	0	0	0	0	0	0	0	0	0	0	0	0	0	0	0	0	0	0	0	0	0	0	0	0	0	0
D162	0	1	0	0	0	0	0	7	0	0	0	0	0	0	0	0	2	0	0	0	0	0	0	0	0	2	0	0	0	0	0	15	0	0	0	0	0	0	0	68	0	0	0	0	0	0	0	0	0	0	0	0	0	0	0	13	0	0	0	0	0	0	2	0	0	0	0	37	0	0	0	0	0	444	0	0	0	0	0	0	0	0	0	0	0	0	0	0	0	0	0	0	0	0	0	0	0	0	0	0	0	0	0	0	0	0	13	0	0	0	0	0	0	0	0	0	0	0	0	0	0	0	299	0	0	0	0	0	0	0	0	0	0	0	0	0	0	0	0	0	0	0	0	0	0	0	0	0	0	0	0	0	0	0	0	73	0	13	0	5	15	0	0	0	0	0	0	0	0	0	16	0	42	0	0	0	0	0	0	0	0	0	1091	0	0	0	0	0	0	125	0	0	0	0	0	0	0	0	0	0	7	0	0	0	0	0	0	0	0	0	0	18	0	5	0	0	0	0	54	0	0	0	0	0	0	0	0	13	0	0	0	0	0	0	0	0	0	0	0	4	0	0	196	0	0	0	0	0	0	0	0	0	0	0	0	0	0	0	1	0	405	0	0	0	0	0	0	0	0	0	0	0	0	0	0	0	0	0	0	0	0	3	0	0	292	0	0	0	0	0	0	0	0	0	0	0	0	0	7	0	0	0	0	0	2	0	15	0	44	0	0	219	0	0	0	0	0	0	1	0	0	0	0	0	0	0	0	0	51	0	0	0	0	0	0	0	0	0	0	38	0	0	0	0	0	470	3	0	0	0	0	0	0	0	0	69	0	0	0	0	3	0	3	0	0	0	0	0	0	0	0	0	0	0	0	0	0	0	0	6	0	0	0	1	0	0	0	0	0	0	0	0	0	0	0	0	0	0	0	0	0	0	0	0	0	0	0	0	0	75	0	0	0	0	5	0	0	0	0	0	0	0	0	0	0	0	0	0	0	0	0	0	49	0	0	2	0	0	0	0	0	0	0	0	15	0	0	0	0	0	41	0	0	0	0	0	0	0	0	0	0	0	0	0	0	39	0	0	0	0	0	0	0	0	0	0	0	0	0	0	0	0	0	0	0	0	0	0	0	0	0	0	0	4	0	0	2	2	0	0	0	0	0	0	0	0	0	0	220	0	0	0	0	0	0	0	0	302	0	0	0	0	0	0	0	0	60	0	0	0	0	0	0	0	0	0	0	0	0	0	0	0	0	23	0	0	0	0	0	0	0	0	0	0	0	0	0	57	0	43	0	0	119	0	0	0	0	0	0	0	9	0	0	0	0	0	0	0	0	0	0	0	183	0	0	0	0	0	0	0	0	0	0	0	0	0	2	0	0	0	0	0	0	5	0
D163	0	14	2	0	0	279	0	0	0	0	0	522	0	0	0	0	0	0	0	0	0	0	647	0	1	0	0	0	57	15	0	0	0	0	5	0	0	0	0	0	0	0	0	3	0	0	0	0	0	0	0	0	0	0	0	0	1	0	0	0	0	10	0	0	0	0	0	0	0	40	0	0	4	0	0	721	0	0	2	0	0	0	0	0	0	0	0	0	0	92	0	0	0	0	0	0	0	0	0	0	0	0	0	0	0	0	3	0	0	0	0	0	0	0	35	2	0	0	0	0	31	0	6	0	41	0	0	0	0	0	0	0	0	9	0	0	0	0	0	0	23	0	0	0	0	0	0	0	0	0	4	6	0	0	3	4	0	0	0	0	0	0	0	0	149	0	0	0	0	0	0	0	0	0	1	0	0	0	0	0	0	0	0	0	0	0	0	0	0	0	0	0	4	0	0	38	0	14	0	0	0	0	0	0	0	0	0	0	0	0	0	0	0	0	17	0	0	0	0	58	0	0	0	0	0	0	0	0	4	0	0	0	0	0	0	0	0	0	0	0	34	0	0	0	14	0	0	0	0	278	0	2	0	0	0	4	0	0	0	0	0	0	332	0	16	0	8	0	0	0	0	0	0	0	0	0	0	0	0	671	0	0	0	0	269	0	0	0	0	0	0	77	12	0	0	0	0	0	0	0	0	0	0	0	2	0	0	0	0	112	0	2	561	0	0	0	23	0	0	0	0	3	0	0	0	0	0	0	1	0	0	0	0	0	0	0	0	0	0	5	0	3	3	0	0	6	0	0	0	0	0	3	0	0	0	0	0	0	0	0	0	0	0	0	0	0	0	0	0	0	410	0	0	0	0	0	0	0	27	950	0	0	0	0	82	0	0	0	0	0	0	0	0	36	0	0	0	0	0	0	0	0	0	0	0	95	0	53	0	0	0	0	50	0	0	0	0	0	0	2	0	0	4	0	0	0	0	0	0	0	0	0	0	0	0	5	0	0	0	0	0	0	0	0	0	0	0	0	0	2	1	31	0	23	0	0	0	0	0	5	49	0	0	11	0	32	9	0	0	0	0	2	0	0	0	2	0	0	0	0	79	0	170	0	125	0	0	0	0	0	0	0	0	0	0	0	0	106	0	0	0	0	5	0	0	0	0	0	0	0	0	0	0	0	0	0	0	0	14	0	0	0	0	0	0	0	0	0	17	0	0	0	0	0	0	0	0	0	87	0	0	0	0	0	35	0	0	0	0	0	0	0	0	0	0	0	0	0	0	0	0	0	0	0	5	0	0	0	0	0	0	7	973	19	2	0	0	0	0	0	0	0	0	0	0	2	0	0	0	0	0	0	0	7	0	0	0	0	0	0	0	0	0	3	0
D164	0	0	0	0	0	0	0	0	0	0	0	0	0	0	0	0	0	0	0	0	0	0	0	0	0	0	0	0	0	0	0	0	0	0	36	0	0	0	0	0	0	0	0	0	0	0	0	0	0	0	0	0	0	0	0	0	0	0	0	0	0	0	0	0	0	0	0	0	0	0	0	0	0	0	0	0	0	0	0	0	0	0	0	0	0	0	0	0	0	0	0	0	0	0	0	0	0	0	0	0	0	0	0	0	0	0	0	0	0	0	0	0	0	0	0	0	0	0	0	0	0	0	0	0	0	0	0	0	0	0	0	0	0	0	0	0	0	0	0	0	0	0	0	0	0	0	0	0	0	0	0	0	0	0	0	0	0	0	0	0	0	0	0	0	0	0	0	0	0	0	0	0	0	0	0	0	0	0	0	0	0	0	0	0	0	0	0	0	0	0	0	0	0	0	0	0	0	0	0	0	0	0	0	0	0	0	0	0	0	0	0	0	0	0	0	0	0	0	0	5	0	0	0	0	0	0	0	9	0	0	0	0	0	0	0	0	0	0	0	0	0	0	0	0	0	0	357	0	0	0	0	0	0	0	0	0	0	0	0	0	0	0	0	0	0	0	0	0	0	0	0	0	0	991	0	0	0	0	26	0	0	0	0	0	0	0	0	0	0	0	0	0	0	0	0	0	0	0	0	0	0	0	0	0	0	0	0	0	0	2	0	0	0	0	0	0	0	0	0	0	0	0	0	0	0	0	0	0	0	0	0	0	0	0	0	0	0	0	0	0	0	0	0	0	0	0	0	0	0	0	0	286	0	0	0	0	0	0	0	0	0	0	0	0	0	0	0	0	0	0	0	0	0	0	0	0	0	0	0	0	0	0	0	0	0	0	0	0	0	0	0	0	0	0	0	0	0	0	0	0	0	0	0	0	0	0	0	0	0	0	0	0	0	0	0	0	0	0	0	0	0	0	0	0	0	0	0	0	0	0	0	0	0	7924	0	0	0	0	0	0	0	0	0	0	0	0	0	0	0	0	0	0	0	0	0	0	0	0	0	0	0	0	0	0	0	0	0	0	0	0	0	0	0	0	0	0	0	0	0	0	0	0	0	0	0	0	0	0	0	0	619	0	0	0	0	0	0	0	0	0	0	0	0	0	0	0	0	0	0	0	0	0	0	0	0	0	0	0	0	0	0	0	0	0	0	0	2524	0	0	0	0	0	0	0	0	0	0	0	0	0	0	0	0	0	0	0	0	0	0	0	0	0	0	0	0	0	0	0	0	0	0	0	0	0	0	0	0	0	0	0	0	0	0	0	0	0	0	0	0	0	0	0	0	0	0	0	0	0	0	0	0	0	0	0	0	0	0	0	0	0	0	0	0	0	0
D165	0	0	0	0	0	117	0	0	0	0	0	0	0	0	0	0	0	0	0	0	0	0	53	0	0	0	0	0	178	75	0	0	1	0	0	0	0	0	0	0	0	0	0	0	0	0	0	0	0	0	0	0	0	0	0	0	5	0	0	0	0	0	0	8	0	0	0	0	0	14	0	0	0	0	0	0	0	0	0	0	0	0	0	0	0	0	0	0	0	0	4	0	0	0	21	0	0	0	0	0	125	0	0	0	0	0	0	0	0	0	0	0	0	0	554	0	0	0	0	16702	298	0	0	0	410	6	0	2	0	0	0	0	0	16	0	0	0	0	0	0	141	0	0	0	0	0	0	0	0	0	440	42	0	0	0	0	0	14	0	6	0	0	0	0	2908	0	0	0	0	0	0	0	0	0	4821	0	0	0	0	0	0	0	4	0	0	0	0	0	0	0	0	0	0	0	0	3	0	0	0	0	0	0	0	0	0	0	0	0	0	0	0	0	0	0	0	0	0	0	0	28	0	0	0	0	0	0	0	3	0	0	0	0	0	0	0	0	0	0	0	0	1	0	0	0	0	0	3	0	0	2163	0	0	0	0	0	13	0	0	0	0	1	0	4018	0	0	0	0	0	0	0	0	0	0	0	0	0	0	0	0	0	0	0	0	0	0	0	0	0	0	0	0	44	0	0	0	0	2	0	0	0	0	0	0	0	0	0	0	0	0	0	0	0	10	0	0	0	52	0	0	0	0	0	0	0	2	0	0	0	0	0	0	0	0	0	0	24	0	0	0	12	0	0	0	0	0	0	38	0	0	0	0	0	0	0	125	0	0	0	0	0	0	0	0	0	0	0	0	0	0	0	0	0	0	0	0	0	0	0	0	40	0	0	0	0	0	0	0	0	0	0	0	0	0	0	0	0	0	3	0	0	0	0	0	0	0	374	0	91	0	0	0	0	0	0	0	0	0	0	0	4	0	0	0	0	0	0	0	3	0	0	0	0	0	17	31	0	0	0	0	0	0	0	0	0	0	0	0	0	0	0	0	4030	0	0	0	0	0	0	0	0	283	0	0	0	0	0	0	0	0	0	0	0	0	0	0	0	0	0	0	0	175	0	743	0	3	0	0	0	0	0	2	0	0	0	0	0	0	0	0	0	0	0	100	8	0	0	0	0	0	0	0	0	0	0	0	0	0	0	0	0	0	0	0	0	0	0	114	13	81	0	0	0	0	0	0	0	0	0	158	0	0	0	0	0	504	0	0	0	0	0	0	0	0	0	0	0	0	0	4	7	0	0	0	0	22	0	0	0	0	0	0	0	3	0	84	0	0	1	0	0	0	0	0	0	0	0	0	0	0	0	0	0	0	233	0	0	0	0	0	0	0	0	0	4	0
D166	0	4	146	0	0	0	4	5	1	9	0	0	0	0	0	8	0	0	45	0	0	0	0	0	531	1	0	2	0	0	0	72	0	196	0	0	0	22	4	0	0	0	0	0	0	0	0	55	0	0	0	0	0	83	0	0	340	0	0	0	0	0	0	0	44	0	0	0	25	0	0	0	8	0	0	34	0	0	0	0	0	0	0	0	16	0	0	78	0	0	0	0	0	0	0	0	0	130	0	4	0	1	1	0	2	0	0	130	8	0	0	0	0	0	0	16	1	351	108	0	0	0	0	0	0	0	0	0	0	3	0	0	0	0	0	2	60	0	0	0	0	0	0	0	0	0	0	0	0	0	0	0	19	3	0	0	0	0	0	0	85	0	0	0	0	0	0	3	0	0	0	19	0	0	0	0	3	0	0	13	0	0	0	0	0	0	0	0	0	0	0	0	5	0	0	0	118	0	10	0	0	0	0	0	0	0	0	0	0	0	0	0	83	0	0	0	15	0	0	0	0	7	0	0	0	0	34	26	0	368	0	0	0	0	0	0	0	0	0	0	0	0	0	49	0	0	0	0	0	0	0	118	0	0	0	0	44	0	3	121	0	0	0	0	0	0	0	0	0	0	0	0	0	0	0	18	147	0	0	0	0	0	0	0	0	0	0	0	0	23	305	0	0	0	0	0	1	0	0	0	0	0	0	0	0	0	0	0	0	0	0	9	0	239	39	0	0	3	13	0	0	0	2	0	0	0	0	0	0	24	0	0	0	0	93	0	0	7	0	0	2	0	32	58	0	0	0	0	0	55	6	0	0	0	0	0	0	0	0	0	0	0	315	0	0	9	0	67	0	0	454	8	0	0	25	0	35	0	0	0	0	0	0	0	2	46	0	0	0	0	2	0	0	0	0	0	0	0	0	0	0	0	0	171	0	0	0	0	37	0	0	0	0	0	0	0	0	0	0	0	0	23	266	0	0	0	0	0	0	0	0	83	0	0	0	0	593	0	0	0	0	0	0	0	0	0	0	2	0	0	0	14	0	0	0	0	0	184	0	0	0	0	0	0	0	25	0	0	10	0	0	6	53	0	0	0	0	0	0	0	0	0	0	0	40	0	0	0	0	0	0	0	0	3	0	67	0	2	15	0	83	0	0	0	0	67	1221	0	27	0	0	0	0	0	0	0	0	0	12	9	0	30	0	15	2349	0	0	0	0	17	0	65	5	0	0	0	0	0	0	0	0	0	128	6	0	0	0	0	33	0	204	0	108	0	0	15	5	0	0	0	139	9	2	0	0	0	0	0	0	0	51	0	0	39	0	0	0	0	0	2	56	0	5726	12	0	94	0	0	0	0	2	0	0	0	0	0	0	64	31	0	0	0	2	0	0
D167	0	0	4	0	15	0	0	0	0	0	5	0	0	0	0	7	0	0	0	360	0	0	0	0	0	0	0	4	0	0	0	0	24	0	0	8	440	0	2	0	0	0	14	0	0	2	149	0	0	0	117	0	0	0	0	9	37	0	0	0	16	0	0	0	147	20	0	2	2	0	0	0	0	0	34	0	4	0	0	0	0	3	0	3	33	0	69	0	0	0	0	1	5	0	0	0	0	0	0	0	0	0	0	2	0	0	0	0	0	0	0	0	0	4	0	0	1	0	4	0	0	14	0	0	0	0	4	0	0	0	165	0	2	0	4	0	0	0	6	0	0	0	0	3	20	0	0	0	0	0	0	0	0	0	0	0	3	0	0	0	0	0	20	0	0	0	0	54	0	2	0	0	0	4	0	0	5	0	0	0	0	0	2	0	0	0	0	0	0	0	7	0	0	0	0	0	0	0	3	2	0	0	5	0	3	0	85	68	0	50	15	0	0	0	0	3	0	0	0	0	0	0	1	0	0	0	4	2	0	0	0	0	0	0	0	1	0	0	70	0	0	3	0	0	2	0	0	0	0	0	32	0	0	0	0	0	0	0	0	0	0	1	2	0	0	2	0	0	0	0	0	9	10	0	0	0	0	743	0	0	7	27	43	0	0	81	0	10	0	0	7	0	0	0	8	0	0	0	0	70	0	0	0	0	0	0	11	0	0	0	0	3	0	0	61	3	0	65	0	0	0	0	0	10	0	19	3	0	0	0	555	181	1	0	40	0	0	3	0	7	2	0	0	0	16	0	0	0	0	0	81	0	0	0	0	0	0	6	0	0	0	173	0	0	0	0	0	0	0	0	0	0	0	0	118	8	0	3	0	0	0	8	0	0	0	22	0	19	3	26	0	0	49	0	0	0	0	0	0	0	2	28	0	0	0	0	0	0	0	0	0	0	0	0	0	0	19	0	8	0	0	0	0	0	0	0	0	0	0	0	0	0	0	0	0	0	0	0	0	3	157	0	2	0	0	0	0	0	0	0	1	0	0	0	0	11	13	0	14	0	0	1	0	0	0	0	0	0	0	0	677	3	0	0	0	0	0	0	0	0	0	143	0	1	0	10	0	8	5	0	0	0	109	0	4	6	0	0	15	0	0	0	0	0	0	1218	0	0	0	0	52	4	0	0	0	121	0	0	0	49	42	0	0	0	0	12	0	0	0	28	56	0	2	5	0	0	8	0	0	0	0	0	0	0	0	0	0	0	0	2	0	0	4	0	25	0	4	0	0	0	0	0	0	6	0	0	17	0	20	0	163	0	0	0	0	0	0	0	11	3	0	0	48	2	0	0	0	0	5	0	45	11	1	0	0	0	0	0	785	0	0	1	18	0	0
D168	0	0	0	0	0	0	0	0	0	0	0	0	0	0	0	0	0	0	0	0	0	0	0	0	0	0	0	0	97	0	0	0	0	0	0	0	0	0	0	0	0	0	0	0	0	0	0	0	0	1323	0	0	0	0	0	0	0	0	0	0	0	0	0	0	0	0	0	0	0	0	0	0	0	0	0	0	0	0	0	0	0	0	0	0	0	0	0	0	0	0	0	0	0	0	0	0	0	0	0	0	0	0	0	0	0	0	0	0	0	0	0	0	0	0	196	0	0	0	0	0	0	0	0	0	984	0	0	0	0	0	0	0	0	3	0	0	0	0	0	0	0	0	0	0	0	0	0	0	0	0	0	135	0	0	0	0	0	0	0	0	0	0	0	0	0	0	0	0	0	0	0	0	0	0	0	0	0	0	0	0	0	0	0	0	0	0	0	0	0	0	0	0	0	0	0	0	0	0	0	0	0	0	0	0	0	0	0	0	0	0	0	0	0	0	0	0	0	0	0	519	367	0	0	0	0	0	0	0	0	0	0	0	0	0	0	0	0	0	0	0	0	0	0	0	0	0	0	0	0	0	0	0	0	0	0	0	0	0	0	0	0	0	940	0	97	0	0	0	0	0	0	0	0	0	0	0	0	0	0	0	0	0	0	0	0	0	0	0	0	0	0	0	0	0	0	0	0	0	0	0	0	0	0	0	0	0	0	0	0	0	0	0	0	0	0	0	993	0	0	0	0	0	0	0	0	0	0	0	0	0	0	0	0	0	0	0	0	0	0	0	0	0	0	0	0	0	0	0	0	0	0	0	0	0	108	0	0	0	0	0	0	0	0	0	0	0	0	0	0	0	0	0	0	0	0	0	0	0	0	0	0	0	0	0	0	0	0	0	0	0	0	0	0	0	0	0	0	0	0	0	0	0	0	0	0	0	0	886	0	0	0	0	7	0	0	0	0	0	0	93	0	0	0	0	0	0	0	0	0	0	0	0	0	0	0	0	0	0	0	0	0	0	0	0	0	0	0	0	0	0	0	0	0	3	0	0	0	0	0	0	0	0	0	0	0	0	0	0	0	0	0	0	0	0	0	0	0	0	0	0	0	0	0	0	0	0	0	0	0	0	0	0	0	0	0	0	0	0	0	0	0	0	559	0	0	0	0	0	0	0	0	0	0	0	0	0	0	0	0	0	0	0	0	0	0	0	0	0	2	0	0	0	0	0	0	0	0	0	0	0	0	0	0	0	0	0	0	0	0	0	0	0	0	0	0	0	0	0	0	0	0	0	0	0	75	0	0	0	0	0	0	0	0	0	2	0	0	0	0	0	0	0	0	0	0	0	0	0	0	0	0	0	0	3	0	0	0	0	0	0	0	0	0	0	0
D169	0	0	0	0	0	0	0	0	0	0	0	0	0	0	0	0	0	0	0	0	0	0	0	0	0	0	0	0	0	0	0	0	0	0	0	0	0	0	0	2	0	0	0	0	0	0	0	0	0	0	0	0	0	0	0	0	0	0	0	0	0	0	0	0	0	0	0	0	0	0	0	0	0	44	0	0	0	0	0	0	0	0	0	0	0	27	0	0	0	0	0	0	0	0	0	0	0	0	0	0	0	0	0	0	0	0	0	0	0	0	0	0	0	0	0	0	0	0	0	0	0	0	9	0	0	0	0	0	0	0	0	0	0	0	0	0	0	0	0	0	0	0	0	0	0	0	0	0	0	0	0	0	0	0	0	0	0	0	0	0	0	0	0	0	0	0	0	0	0	0	0	0	19	0	0	0	0	0	0	0	0	0	7	0	0	6	0	0	0	0	0	0	0	0	0	0	0	0	0	0	0	0	0	0	0	0	0	0	0	0	0	37	0	0	0	0	0	26	0	0	0	0	0	0	0	0	0	31	0	0	0	0	0	0	0	0	0	0	0	0	0	0	0	0	0	0	0	0	0	0	0	0	0	0	0	0	0	0	0	0	227	0	0	0	0	0	0	0	0	0	0	0	0	0	0	0	0	0	5	0	0	0	0	0	0	0	0	0	0	0	0	0	0	0	0	0	0	0	0	0	0	0	0	0	0	0	0	0	0	0	0	0	0	0	0	0	0	0	0	0	0	0	0	0	0	0	0	0	81	0	0	0	0	0	0	0	0	0	0	2	0	0	0	0	0	0	409	0	0	0	0	0	0	0	0	0	0	0	0	0	0	0	0	0	0	0	0	0	0	0	0	0	0	0	0	0	0	0	0	0	0	0	0	0	0	0	0	0	0	0	0	0	0	0	0	0	0	0	0	0	0	0	0	0	0	0	0	0	0	0	0	0	0	0	0	0	0	0	0	0	0	0	0	0	0	0	0	0	0	0	0	0	0	0	0	0	0	0	0	0	0	0	0	0	0	0	0	0	0	0	0	0	0	0	0	0	0	0	0	0	0	0	0	0	0	0	0	0	0	0	0	0	0	0	0	0	0	0	0	0	0	0	0	0	0	0	0	0	0	0	0	0	0	0	0	0	0	0	0	0	0	0	0	0	0	0	0	2	0	0	0	0	0	0	0	0	0	0	0	0	0	0	0	0	0	0	59	0	0	0	0	0	0	0	0	0	0	0	0	0	89	0	0	0	0	0	0	0	0	0	0	0	0	0	0	0	0	0	0	3	0	0	0	0	0	953	0	0	0	0	0	0	0	0	0	0	0	0	0	0	0	0	773	0	0	0	0	0	0	0	0	0	0	0	0	0	0	0	0	0	0	0	0	0	0
D170	0	0	5	0	0	0	0	0	44	0	0	35	0	0	0	0	0	0	0	0	0	0	0	0	0	0	0	0	0	0	0	0	0	2	0	0	0	38	89	33	0	0	0	0	0	0	0	0	0	0	0	0	0	0	0	5	71	0	0	0	0	0	418	0	0	0	0	0	0	0	0	0	0	0	0	84	0	0	0	0	0	0	0	0	0	0	0	0	0	4	0	0	0	0	0	0	0	0	0	0	0	0	0	0	0	0	0	0	0	0	0	0	11	0	0	27891	0	0	0	0	3	0	118	4	0	0	0	0	0	0	0	23	0	0	0	0	0	0	0	0	0	0	0	0	0	8	0	0	0	0	0	0	0	5	0	0	0	0	0	4	0	6	0	0	64	0	0	0	0	0	13	0	41	0	0	0	0	0	0	0	0	0	345	12	0	15	0	0	0	50	0	0	0	0	0	0	0	68	0	0	26	0	0	0	0	0	0	0	22	0	0	0	0	0	72	0	0	0	0	0	0	0	0	2	0	0	0	129	0	0	0	0	0	0	0	0	0	0	0	0	14	0	0	0	0	0	0	0	0	0	0	0	0	0	0	0	0	3	0	1	3	0	0	0	0	0	24	0	0	0	0	0	0	0	0	0	0	0	0	0	0	0	0	0	8	0	0	0	0	0	0	0	15	0	0	0	26	0	6	0	0	0	0	0	6	0	0	0	2	0	0	0	367	0	0	0	0	0	0	0	0	0	1	0	12	0	0	0	31	0	0	0	0	0	0	0	0	0	0	171	0	0	56	0	0	30	282	0	0	0	0	0	0	0	0	9	0	0	0	10	0	0	0	0	26	0	0	6	0	35	400	2	0	0	0	2	0	0	0	0	0	0	0	0	0	0	0	0	0	0	0	0	0	0	16	0	0	0	0	0	3	0	0	0	0	0	0	0	0	0	0	0	0	0	0	0	0	0	0	0	0	0	0	2	20	0	0	0	0	0	0	0	0	2	164	0	33	0	0	0	0	0	0	0	0	0	0	0	0	0	1	0	0	0	0	0	3	0	0	16	6	0	0	7596	0	4	0	0	0	0	0	0	0	0	0	0	0	0	0	0	25	0	0	0	0	0	0	0	7	0	0	0	0	0	0	0	0	0	0	0	0	0	0	37	0	0	0	0	0	0	0	0	0	0	0	0	0	0	0	0	0	0	0	0	26	0	1105	0	11	0	0	0	0	0	0	0	0	85	0	0	0	0	0	4	0	0	0	0	0	0	18	7	0	0	0	0	0	0	0	0	0	0	0	0	0	0	0	0	0	0	3	30	0	4	0	0	0	0	0	0	14	0	4589	0	0	0	0	0	0	0	0	0	0	5	0	0	0	0	0	0	0	14	0	0	0
D171	223	3	32	0	11	0	2	2	0	331	11	0	0	9	19	13	0	5	0	75	17	0	0	0	0	8	0	21	0	0	0	0	0	35	0	5	193	0	0	0	0	15	25	0	0	0	12	0	97	0	189	19	0	2	0	5	828	4	0	2	29	0	0	0	5	10	0	0	127	0	0	0	0	0	4	0	7	35	0	2	15	10	0	0	14	0	34	12	0	0	26	14	17	0	0	0	0	0	5	0	0	23	18	27	0	0	0	0	0	2	7	0	0	0	0	0	167	11	5	0	0	8	0	5	0	0	44	4	0	3	6	34	17	0	0	0	19	144	3	0	0	9	0	0	9	0	0	2	2	0	0	0	0	0	2	54	49	607	0	0	201	0	24	0	0	12	0	20	10	1	15	0	53	12	0	0	0	0	7	0	8	0	0	0	3	9	0	0	2	29	40	0	0	0	0	0	0	0	9	13	0	0	26	2	11	2	37	7	0	98	7	9	8	1	0	8	0	0	2	0	0	0	0	44	0	9	0	6	15	0	0	0	0	0	53	11	24	0	47	44	0	0	0	0	0	0	0	45	21	0	8	0	40	0	2	0	0	13	5	0	0	0	0	0	0	0	0	0	0	36	3	1	0	0	0	14	0	263	0	0	4	6	2	0	0	34	0	32	0	0	320	0	0	0	14	2	2	0	0	12	0	3	15	0	0	7	22	0	0	0	3	0	0	2	115	39	0	73	0	51	0	0	0	19	2	55	0	35	0	2	90	26	9	14	56	0	0	1	0	0	0	0	0	0	3	0	0	2	0	20	30	0	0	15	0	0	25	0	0	0	340	218	10	16	47	17	0	0	6	0	32	6	0	2	39	4	0	5	0	0	0	1	0	0	0	1	0	0	0	64	5	2	52	0	0	0	0	75	0	5	0	82	130	0	5	0	0	0	0	0	7	4	0	0	0	0	77	2	0	0	0	0	0	68	6	0	3	0	42	0	0	0	0	0	0	0	42	0	0	67	61	0	0	8	23	27	0	0	0	53	0	0	0	0	0	10	8	14	43	0	0	0	0	0	0	1	1	5	0	1	522	0	0	93	0	4	2	0	0	0	0	36	0	0	0	39	0	2	0	0	0	0	104	0	46	2	15	0	8	0	0	0	0	10	0	281	0	0	0	35	7	36	0	11	2	69	0	2	0	49	29	0	0	3	193	0	0	0	0	13	170	13	10	13	55	0	1	0	0	0	0	2	598	2	0	12	0	0	0	6	0	0	123	0	21	45	6	0	0	4	3	6	0	14	0	0	15	0	89	0	424	0	0	5	0	0	12	35	1	0	0	2	101	14	0	0	0	10	0	0	31	173	20	0	0	61	5	40	225	0	0	5	3	4	121
D172	0	0	25	99	2	0	0	0	0	44	51	0	0	0	12	12	0	19	0	612	1	0	0	0	0	0	0	15	0	0	0	0	0	0	0	0	606	0	0	0	0	22	35	0	0	13	2	0	6	0	65	2	5	0	0	14	0	10	9	26	32	0	0	0	0	9	0	0	20	0	19	1	0	0	0	0	34	14	0	0	23	9	16	0	3	0	851	0	0	0	0	0	0	0	0	0	2	0	0	0	0	0	0	13	0	0	26	0	9	66	97	0	5	72	0	0	46	221	0	0	0	29	0	0	0	0	0	0	0	0	371	2	14	0	4	0	0	349	1	0	0	0	74	43	40	0	0	0	45	0	0	0	2	0	2	0	4	0	2	0	36	0	0	0	0	27	0	91	16	0	0	0	0	9	0	0	7	90	0	0	24	0	5	3	19	0	0	47	32	0	71	4	0	0	0	0	0	0	33	71	0	0	11	5	0	2	54	19	64	31	3	0	0	0	0	9	126	0	0	0	0	0	9	242	0	20	0	0	0	1	37	4	0	0	62	0	0	0	81	10	0	3	0	1	0	0	0	25	12	0	0	0	35	107	0	0	0	26	75	0	0	20	0	0	0	19	0	1	11	103	0	18	16	0	9	5	0	60	0	4	5	0	28	0	0	5	0	71	0	0	179	0	3	3	0	0	2	0	6	0	0	9	12	0	0	0	12	1	0	0	17	0	0	0	81	30	0	7	4	30	0	0	0	0	0	29	0	8	0	7	61	15	0	14	63	0	634	11	0	0	0	0	0	33	1	0	0	3	0	25	106	0	0	0	0	0	17	13	0	0	22	160	0	17	0	0	0	0	50	0	0	0	5	0	1	0	4	3	0	0	2	6	7	0	0	1	0	23	6	258	2	0	87	0	0	0	0	0	14	10	2	50	28	0	0	0	14	0	0	48	34	8	0	0	0	0	39	0	18	0	0	0	0	65	2	0	25	0	0	7	0	528	12	0	0	4	0	4	0	37	37	0	0	0	39	24	0	2	0	119	2	0	24	0	0	8	7	0	0	0	0	0	0	0	33	0	0	10	0	46	985	0	0	40	0	0	0	0	0	0	0	53	0	0	0	28	0	23	2	0	0	14	179	0	166	2	11	0	8	0	0	0	0	2	0	238	0	0	0	37	0	4	0	26	0	54	0	0	0	48	34	0	0	0	0	5	0	0	0	3	327	78	4	3	0	0	17	0	0	3	0	0	0	0	0	0	0	0	2	63	0	0	80	0	23	0	0	194	0	0	0	35	0	87	0	0	307	22	29	0	86	0	0	0	0	2	29	0	10	0	0	8	0	10	12	0	0	4	10	4	3	39	34	0	0	77	15	5	176	0	0	2	5	0	0
D173	0	0	0	0	0	0	0	0	0	0	0	0	0	0	0	0	6	0	0	0	0	0	64	0	0	0	0	0	0	0	0	26	0	0	0	0	0	0	0	19	0	0	0	0	0	0	0	0	0	0	0	0	0	0	0	512	0	0	0	0	0	0	0	0	0	0	0	100	0	0	0	0	0	275	0	0	0	0	0	0	0	0	0	0	0	0	0	0	0	0	3	0	0	0	0	0	0	0	0	0	0	0	0	0	0	0	10	0	0	0	0	0	0	0	0	0	0	0	0	0	0	0	264	0	0	0	0	0	0	0	0	0	0	0	0	0	0	0	0	0	0	0	9	0	0	0	0	0	0	0	0	0	2	0	0	17	0	58	0	6	0	0	0	0	0	0	0	0	0	0	0	0	0	0	0	0	0	0	0	0	0	0	1660	0	0	0	0	0	0	0	0	0	0	0	0	0	0	0	0	0	0	0	0	0	0	0	0	0	0	0	0	83	0	0	0	0	0	300	0	0	0	0	0	0	0	0	0	2	0	0	0	0	0	0	0	0	0	0	0	3	0	0	143	0	10	0	0	0	0	0	0	0	0	0	0	12	0	0	0	0	235	0	0	0	0	0	0	0	0	0	0	0	0	0	0	0	0	0	0	0	0	0	0	0	347	0	0	0	0	0	0	0	0	0	0	0	0	0	8	0	0	0	0	0	0	0	9	0	6	0	0	826	0	0	0	0	0	0	0	0	0	0	0	0	0	0	0	0	87	0	0	0	0	0	0	0	0	0	0	176	0	0	0	0	0	1072	159	0	0	0	0	0	0	0	0	43	0	0	0	2	0	0	0	0	0	0	0	0	0	0	0	0	0	0	0	0	0	0	0	130	1	0	0	2	0	0	0	0	0	0	0	0	0	0	11	0	0	0	0	0	0	0	0	0	0	0	0	0	0	85	0	0	0	0	0	0	0	0	0	0	0	0	0	0	0	0	0	0	0	0	0	0	12	0	0	0	0	0	0	0	0	0	0	0	0	0	0	0	0	0	271	0	0	0	0	0	0	0	0	0	0	0	0	0	0	24	0	0	0	0	0	0	0	0	0	0	0	0	0	0	0	0	0	0	0	0	0	0	0	0	0	0	0	0	0	0	0	14	0	0	0	0	0	0	0	0	0	0	319	0	0	0	0	0	0	0	0	297	0	0	0	0	0	0	0	0	0	0	0	0	1	0	0	0	0	0	0	0	0	0	0	0	0	0	0	0	0	0	0	0	0	0	0	0	0	0	0	0	25	324	0	0	89	0	0	21	0	0	0	0	0	0	0	0	0	0	0	0	0	0	0	0	127	0	0	0	0	0	0	0	0	0	0	0	0	0	0	0	0	0	0	0	0	0	0
D174	0	9	0	0	0	204	0	3	563	0	0	4	3	0	3	0	0	0	0	0	0	0	30	0	3	0	0	0	382	316	6	3	0	0	0	0	0	2	14	0	0	0	0	0	0	0	0	5	0	0	0	0	0	0	708	5	13	0	12	6	0	100	0	80	0	2	0	0	0	396	0	0	3	0	0	12	0	0	0	0	0	15	0	0	0	0	0	0	0	49	5	0	0	4	0	0	0	3	0	0	19	0	0	0	0	0	3	0	0	0	0	0	0	0	1537	2	0	0	0	2166	50	0	13	1	1052	66	0	8	0	0	0	9	3	38	0	0	0	0	0	0	405	0	0	0	0	265	0	0	2	0	0	107	0	2	0	3	3	1	0	0	0	6	0	0	454	0	0	0	0	0	0	0	60	0	601	0	0	0	0	0	0	0	2	0	0	4	0	0	0	7	0	0	0	0	0	0	2	6	0	0	0	0	0	0	0	0	0	2	0	0	0	7	0	0	3	0	3	0	4	4219	1122	0	0	2	0	0	0	12	0	0	0	0	0	0	0	0	2	0	0	0	147	0	0	6	0	0	9	0	0	21	0	0	0	0	0	0	6	0	2	6	0	0	10661	0	77	0	103	0	0	0	0	0	0	4	0	0	2	0	0	1030	0	2	0	0	3	0	8	0	0	0	4	232	6	0	0	0	13	0	0	0	0	0	0	0	0	5	0	0	2	26	0	13	15	2	7	0	341	2	0	0	0	8	0	0	6	0	0	0	4	0	0	0	196	0	0	0	4	0	0	28	0	1	1	0	0	10	6	0	0	0	2	4	0	0	452	0	0	0	0	0	0	0	0	0	4	2	0	0	0	4	16	4	0	0	0	0	0	0	70	3	0	0	0	0	10	0	0	0	0	0	0	0	0	824	1	1	0	0	0	5	0	0	0	0	0	33	0	389	0	0	0	0	534	0	0	0	0	0	0	26	0	0	4	0	2	0	0	0	0	0	0	0	0	18	4	4	8	0	0	0	0	0	0	0	0	0	0	0	0	0	11	0	0	119	0	0	0	0	0	0	210	0	0	0	0	8	5	0	0	0	0	0	4	0	0	0	0	3	0	0	64	0	1487	0	3	0	0	0	0	0	37	3	0	0	0	0	0	0	0	0	0	0	104	4	0	2	2	0	5	0	0	0	0	0	10	0	3	0	0	0	0	0	2	4	0	0	80	21	93	0	2	0	0	0	0	0	0	0	190	0	0	0	0	4	350	3	0	0	0	0	0	3	0	3	0	9	0	0	0	2	0	0	2	0	365	0	0	0	0	0	9	0	3	6	20	0	0	0	0	0	0	0	0	0	5	0	0	0	0	0	0	0	2	185	0	0	0	0	7	0	0	0	0	0	4
D175	0	0	0	0	0	0	0	0	0	0	0	0	11	3	0	0	0	2	7	0	0	3	0	0	0	0	0	2	0	0	137	0	0	0	0	0	0	0	4	224	0	0	0	0	0	0	2	0	4	0	0	0	3	3	0	2	0	14	0	0	0	0	0	0	0	0	8	0	2	0	20	0	3	0	0	0	0	2	4347	2	0	0	0	2	0	0	20	0	976	0	0	0	0	138	0	44	60	0	6	3	0	0	3	2	0	0	18	14	0	3	0	1067	0	0	0	0	0	0	0	0	0	0	0	0	0	0	10	0	20	0	0	0	3	0	3	5	0	3180	0	0	0	0	540	0	0	0	4	0	0	0	2	0	2	0	3	0	4	0	5	404	0	0	0	17	0	3	6	0	2	0	0	0	0	0	0	5	0	13	0	0	2	207	15	0	0	3	0	0	0	0	2	0	0	0	183	0	0	0	0	0	4	6	0	0	0	0	0	0	0	0	2	0	0	0	0	0	0	0	0	0	0	0	0	41	1596	0	3	0	0	0	0	0	11	0	0	0	0	0	0	8	0	6	2	0	0	0	0	50	2	0	0	0	0	0	5	0	1	0	102	0	0	0	0	156	0	0	121	0	0	23	0	0	2	0	0	0	0	0	0	0	0	0	2	0	0	0	3	0	10	7	20	0	2	4	0	0	3	0	0	0	0	0	14	4	0	0	9	0	0	0	2	11	0	0	0	0	0	0	0	2	157	0	0	0	0	0	0	0	0	0	0	3	12	0	0	993	163	0	7	9	0	0	0	0	0	11	4	0	8	2	1	0	0	10	0	0	0	2	59	0	7	0	0	0	0	0	5	0	11	0	0	0	10	2	0	0	6	0	0	0	11	0	13	816	11	0	0	4	2	0	3	0	13	0	6	0	813	0	2	0	61	2	0	0	0	0	0	0	0	0	0	0	0	2327	2	0	0	0	2	0	2	0	0	0	0	2	0	1745	0	0	946	0	22	0	0	0	0	2	680	0	0	211	2	0	18	0	385	4	121	0	0	0	16	0	133	5	0	0	0	0	0	0	36	0	0	5	0	0	0	8	0	0	0	551	322	0	2139	78	1288	0	0	1	0	0	0	0	4	0	33	0	0	0	0	0	0	0	8	0	2	295	0	101	0	0	24	4	0	0	0	0	0	0	0	0	0	0	9	0	0	2	0	2	10	0	0	0	0	0	0	0	0	2	0	0	0	8	0	0	0	0	0	0	0	0	0	3	0	3	3	0	0	0	11	1179	0	0	0	4663	0	0	0	0	0	2	0	0	0	0	0	30	16	0	0	0	0	0	0	0	0	9	0	0	0	5	2	0	0	0	0	0	0	0	2	2	3	6	1018	2	3	0	6	11	0	0	0
D176	0	0	0	0	0	0	0	0	0	0	0	0	0	0	0	0	0	0	0	0	0	0	0	0	0	0	0	0	0	0	0	0	0	0	0	0	0	0	0	0	0	0	0	0	0	0	0	0	0	0	0	0	0	0	0	0	0	0	0	0	0	0	0	0	0	0	0	0	0	0	0	0	0	0	0	0	0	0	0	0	0	0	0	0	0	0	0	0	0	0	0	0	0	0	0	0	0	0	0	0	0	0	0	0	0	0	0	0	0	0	0	0	0	0	0	0	0	0	0	0	0	0	0	0	0	0	0	0	0	0	0	0	0	0	0	0	0	0	0	0	0	0	0	0	0	0	0	0	0	0	0	0	0	0	0	0	0	0	0	0	0	0	0	0	0	0	0	0	0	0	0	0	0	0	0	0	0	0	0	0	0	0	0	0	0	0	0	0	0	0	0	0	2	0	0	0	0	0	0	0	0	0	0	0	0	0	0	0	0	0	0	0	0	0	0	0	0	0	0	0	0	0	0	0	0	0	0	0	0	0	0	0	0	0	0	0	0	0	0	0	0	0	0	0	0	0	0	0	0	0	0	0	0	0	0	0	0	0	0	0	0	0	0	0	0	0	67444	0	0	0	0	0	0	0	0	0	0	0	0	24	0	0	0	0	0	0	0	0	0	0	0	0	4	0	0	0	0	0	0	0	0	0	0	0	0	0	0	0	0	0	0	0	0	0	0	0	0	0	0	0	0	0	0	0	0	0	0	0	0	0	0	0	0	0	0	0	0	0	0	5	0	0	0	0	0	0	717	0	0	0	0	0	0	0	0	0	0	0	0	0	0	0	0	0	0	0	0	0	0	0	0	0	0	0	0	0	0	0	2	0	0	0	0	0	0	0	0	0	0	0	0	0	0	0	0	0	0	0	0	0	0	0	0	0	0	0	0	0	0	0	0	0	0	0	0	0	0	0	0	0	0	0	0	0	0	0	0	0	0	0	0	0	0	0	0	0	0	0	0	0	0	0	0	0	0	0	0	0	0	0	0	0	0	0	0	0	0	0	0	0	0	0	0	0	0	0	0	0	0	0	0	0	0	0	0	0	0	0	0	0	0	0	0	0	0	0	0	0	0	0	0	0	0	0	0	0	0	0	0	0	0	0	0	0	0	0	0	0	0	0	0	0	0	0	0	0	0	0	0	0	0	0	0	0	0	0	0	0	0	0	0	0	0	0	0	0	0	0	0	0	0	0	0	0	0	0	0	0	0	0	0	0	0	0	0	0	0	0	0	0	0	0	0	0	0	0	0	0	0	0	0	0	0	0	0	0	0	0	0	0	0	0	0	0	0	0	0	0	0	0	0	0	0	0	0	0	0	0	0	0	0	0	0	0	0
D177	0	3	9	24	0	0	2	0	232	0	16	0	1	0	0	17	0	17	45	0	0	4	0	0	0	32	0	0	0	0	0	1	0	30	0	0	33	0	28	0	0	4	0	0	0	11	3	3	0	0	0	9	0	76	0	0	3	2	2	1	0	0	0	0	93	2	0	0	5	0	0	9	4	0	0	0	0	2	0	0	0	11	0	5	0	0	2	0	0	0	0	58	3	0	0	0	0	10	0	13	0	5	0	2	10	0	0	0	6	3	0	0	0	5	0	0	13	144	0	0	0	3	0	0	2	0	13	0	0	7	0	0	0	0	14	0	0	0	18	0	0	0	0	0	11	0	0	0	10	15	1	0	3	3	5	0	126	0	8	0	11	0	0	0	0	3	0	0	0	11	0	5	0	0	0	0	6	0	0	0	2	0	0	0	0	0	0	0	0	0	0	6	1	0	0	0	0	0	1	2	0	0	1	0	0	0	7	12	0	0	8	0	0	0	0	5	5	0	0	0	0	0	2	17	0	48	0	5	0	502	3	107	0	0	0	1	3	0	0	0	1	0	0	59	0	0	0	0	0	2	102	6	1	2	0	0	0	0	3	3	2	4	0	0	0	3	7	30	0	0	0	0	6	4	0	0	4	22	0	0	10	2	7	0	0	4	0	21	0	8	1030	0	0	20	6	0	0	0	0	14	0	11	0	0	0	17	9	2	0	0	2	75	0	534	16	0	0	50	0	28	0	0	0	2	0	0	0	3	0	2	18	22	0	0	33	0	0	22	0	0	14	0	0	0	2	0	0	3	0	4	169	15	0	0	0	0	0	24	0	0	0	1	0	1	0	5	0	0	0	8	0	0	0	2	65	0	0	42	0	0	0	2	2	0	0	104	3	4	0	169	3	0	5	0	0	0	0	0	0	0	0	12	53	0	0	0	2	0	88	0	11	3	0	0	102	0	2	0	0	0	0	0	0	0	0	89	0	0	0	0	0	24	9	29	0	0	0	5	0	1	0	0	0	0	0	0	0	0	0	0	0	0	0	0	0	0	0	17	48	0	0	1	0	3	4	7	0	0	16	0	21	0	0	15	0	0	0	0	0	0	0	1	0	35	0	8	0	12	0	0	0	0	22	0	0	0	0	0	3	0	188	0	0	0	0	158	254	2	0	0	1	0	0	13	0	27	0	0	0	36	34	13	0	147	43	21	0	0	0	6	68	139	11	34	24	0	6	0	0	4	4	0	0	2	0	0	0	7	33	28	1	0	31	0	5	0	5	0	0	0	2	13	3	122	2	0	9	0	3	0	34	9	0	0	0	0	0	0	15	2	0	0	2	28	0	6	18	0	0	0	0	0	9	0	0	0	0	2	144	0	0	2	0	15	17
D178	0	0	0	0	0	0	0	0	0	0	0	0	0	0	0	0	0	0	0	0	0	0	0	0	0	2	0	0	0	0	0	0	0	0	0	0	0	0	0	0	0	0	0	0	0	0	0	0	0	0	0	0	0	0	0	0	0	0	0	0	0	0	0	0	3	0	0	0	0	0	0	0	0	0	0	0	0	0	0	0	0	0	0	0	0	0	0	0	0	0	0	0	0	0	0	0	0	0	0	0	0	0	0	0	0	0	0	0	0	0	0	0	0	0	0	0	0	0	0	0	0	0	0	0	0	0	0	0	0	0	0	0	0	0	0	0	0	0	0	0	0	0	0	0	0	0	0	0	0	0	0	0	0	0	0	0	0	0	0	0	0	0	0	0	0	0	0	0	0	0	0	0	0	0	0	0	0	0	0	0	0	0	0	0	0	2	0	0	0	0	0	0	0	0	0	0	4	0	0	0	0	0	0	0	0	0	0	0	0	0	0	0	0	0	0	0	0	0	0	0	0	0	0	0	0	0	0	0	0	0	0	0	0	0	0	0	0	0	0	0	0	0	0	0	0	0	0	0	0	0	0	0	0	0	0	0	0	0	0	0	0	0	0	0	0	0	0	0	0	0	0	0	0	0	0	0	0	0	0	0	0	0	0	0	0	0	0	0	0	0	7	0	0	0	0	0	0	0	0	0	0	0	0	0	0	0	0	0	0	0	0	0	0	0	0	0	0	0	0	0	0	0	0	0	0	0	0	0	0	0	0	0	2	0	0	0	0	0	0	0	0	0	0	0	0	0	2	0	0	0	3	0	0	0	0	0	0	0	0	0	0	0	0	0	0	0	0	0	0	0	0	0	0	0	0	0	0	0	0	0	0	0	0	0	0	0	0	0	0	0	0	0	0	0	0	0	0	0	0	0	0	0	0	0	0	0	0	0	0	0	0	0	0	0	0	0	0	0	0	0	0	0	0	0	0	0	0	0	0	0	0	0	0	0	2	0	0	0	0	0	0	0	0	0	0	0	0	0	0	0	0	0	0	0	0	0	0	0	0	0	0	0	0	0	0	0	0	0	0	0	0	0	0	0	0	0	0	0	0	0	0	0	0	0	0	0	0	0	0	0	0	0	0	0	0	0	0	0	0	0	0	0	0	0	0	0	0	0	0	0	0	0	0	0	0	0	0	0	0	0	0	0	0	0	5	0	0	0	0	0	0	0	0	0	0	0	0	0	0	0	0	0	0	0	0	0	0	0	0	0	0	0	0	0	0	0	0	0	0	0	0	0	0	0	0	0	0	0	0	0	0	0	0	0	0	0	0	0	0	0	0	0	2	0	0	0	0	0	0	0	0	0	0	0	0	0	0	0	0	0	0	0	0	0	0
D179	0	0	0	0	0	0	0	0	0	0	0	0	0	0	3	0	0	1	0	0	0	9	0	50	0	0	0	0	0	0	0	0	0	0	0	0	0	0	0	0	0	0	0	0	0	0	0	0	0	0	0	0	0	53	0	0	0	0	0	0	0	0	0	0	0	0	0	0	0	0	0	11	0	0	0	0	0	0	0	0	0	0	0	0	0	0	0	0	0	0	0	0	0	39	0	0	0	0	207	0	0	0	1	0	0	0	0	0	0	0	0	0	10	0	0	0	0	0	0	0	0	0	0	0	0	0	0	0	0	0	0	0	0	0	0	0	0	323	0	0	0	0	0	0	0	0	0	0	0	4	0	0	0	0	0	0	0	0	0	136	0	0	0	0	0	0	20	0	0	0	0	0	0	0	0	0	0	0	0	0	0	0	0	0	0	0	0	0	0	0	0	0	0	7	0	0	0	0	0	0	0	187	0	0	0	0	0	0	0	0	0	0	0	0	0	0	0	0	0	0	0	0	0	0	0	0	0	0	288	0	0	0	0	0	0	0	0	0	0	0	0	0	0	0	0	0	0	0	0	0	0	0	0	0	3	0	0	0	0	0	0	0	2	0	0	0	0	0	0	0	0	0	0	0	0	0	0	0	0	0	0	0	0	0	0	0	0	0	0	0	0	0	0	0	0	0	0	0	47	0	312	0	3	0	0	0	0	0	0	0	0	0	0	0	0	0	0	0	0	0	0	0	0	0	0	0	0	0	0	0	0	0	0	0	0	0	0	0	0	0	0	0	0	0	0	0	0	0	0	0	0	0	0	0	0	0	0	0	0	0	52	0	0	0	0	0	0	0	0	0	0	0	0	0	0	0	0	0	0	0	0	0	0	0	32	0	19	0	0	0	0	0	0	0	0	0	0	0	68	0	0	0	0	0	0	0	0	0	0	0	0	0	0	4663	0	0	0	0	0	0	0	0	0	0	0	41	0	0	0	0	0	0	0	0	0	0	0	0	0	0	0	0	0	0	0	0	0	0	0	0	0	0	0	0	0	0	0	0	0	0	0	0	0	0	0	0	0	0	0	0	0	0	0	0	0	0	0	0	0	0	0	0	0	0	0	0	0	0	2	13	0	0	0	0	0	0	0	0	22	0	0	0	0	0	0	0	0	0	0	0	0	0	0	0	0	0	0	0	0	0	0	0	0	0	0	0	0	0	0	0	0	0	0	0	0	0	0	0	0	0	0	0	0	0	0	0	0	0	0	0	0	0	0	0	0	0	0	8	0	0	0	0	0	0	0	0	0	0	0	0	0	0	0	0	0	0	0	58	0	0	0	0	0	15	0	0	19	0	0	2	0	0	0	0	0	0	0	0	0	1	0	0	0	0	0
D180	0	2	0	0	0	0	0	0	20	0	0	0	0	0	0	0	0	0	0	0	0	0	0	0	0	0	0	0	0	0	0	2	0	0	0	0	0	0	0	0	0	0	0	0	0	0	0	0	0	0	0	0	0	0	0	3	0	0	0	0	0	0	0	0	0	0	0	0	0	0	0	0	0	0	0	0	0	0	0	0	0	0	0	0	0	39	0	0	0	0	0	0	0	0	0	0	0	0	0	0	0	0	0	0	0	0	0	0	0	0	0	0	0	0	0	5	0	0	0	0	0	0	0	0	0	0	0	0	0	0	0	0	0	0	0	0	0	0	0	0	0	0	0	0	0	0	0	0	0	0	0	0	0	0	0	0	0	0	0	0	0	0	0	0	0	0	0	0	0	0	0	0	0	0	0	0	0	0	0	0	0	0	0	0	0	0	0	0	0	0	0	0	0	0	0	0	0	0	0	0	0	0	0	0	0	0	0	0	0	0	0	0	0	0	0	0	0	0	0	3	0	0	0	0	0	0	0	48	0	0	0	0	0	0	0	0	0	0	0	0	0	0	0	0	0	0	0	0	0	0	0	0	0	0	0	0	0	0	0	0	66	0	0	0	0	0	0	0	0	0	0	0	0	0	0	0	0	0	3	0	0	0	0	0	0	0	0	0	0	0	0	0	0	0	0	0	0	0	0	0	0	0	0	0	0	0	0	0	0	0	0	0	0	0	0	0	0	0	0	0	0	0	12	0	0	0	0	0	62	0	0	0	0	0	0	0	0	0	0	0	0	0	0	0	0	0	8	0	0	0	0	0	0	0	0	0	0	0	0	0	0	0	0	0	0	0	0	0	0	0	0	0	0	0	0	0	0	0	0	0	0	0	0	0	0	0	0	0	0	0	0	0	0	0	0	0	0	0	0	0	0	0	0	0	0	0	0	0	0	0	0	0	0	0	0	6	0	0	0	0	0	0	0	0	0	0	0	0	0	0	0	0	0	0	0	0	0	0	0	0	0	0	0	0	0	0	0	0	0	0	0	0	0	0	0	0	0	0	0	0	0	0	0	0	0	0	0	0	0	0	0	0	0	0	0	0	0	0	0	0	0	0	0	0	0	0	0	0	0	0	0	0	0	7	0	0	0	0	0	0	0	0	0	0	0	0	0	118	0	0	0	0	0	0	0	0	0	0	0	0	0	0	0	0	0	0	5	0	0	0	0	0	0	0	0	0	0	0	0	0	343	0	0	0	0	0	0	0	0	0	0	0	0	0	0	0	0	0	0	0	0	0	0	0	0	2258	0	0	0	0	0	0	0	0	0	0	0	0	0	0	0	0	198	0	0	0	0	0	0	0	0	0	0	0	0	0	0	0	0	0	0	0	0	0	0
D181	4	0	13	0	0	0	3	3	0	3	0	0	0	81	0	6	0	0	54	0	0	0	0	0	0	41	0	2	0	0	0	0	0	5	0	2	0	2	13	0	1	2	0	0	0	2	0	140	0	0	0	33	0	60	0	0	0	0	0	3	0	0	5	0	12	5	0	0	50	0	0	0	6	0	0	0	0	3	0	0	0	0	0	0	0	0	0	0	0	0	0	0	0	0	0	0	0	0	0	0	0	3	0	0	0	0	0	0	0	2	0	0	1	0	0	0	5	15	1	0	0	0	0	2	0	0	0	0	0	0	0	0	0	0	0	0	0	0	45	0	0	0	0	0	0	0	0	0	0	16	0	0	0	0	0	0	0	0	0	0	3	0	0	0	0	0	0	0	0	1	4	0	0	0	0	0	10	0	0	3	0	0	0	0	0	0	0	0	0	1	0	0	0	0	0	0	0	0	2	0	0	0	0	0	0	0	0	0	0	0	0	0	5	0	0	0	0	0	0	0	0	0	0	0	0	0	0	0	0	178	0	0	0	0	0	0	1	0	0	6	0	0	0	4	0	0	0	0	0	0	0	41	0	0	0	0	2	0	2	0	0	0	0	0	0	0	0	0	0	0	0	0	0	0	0	0	0	0	0	10	0	1	0	0	1	5	0	0	0	17	263	0	0	4	0	0	0	0	0	0	0	0	0	0	0	0	5	0	0	0	0	32	0	45	0	0	0	0	5	0	0	0	0	0	0	0	0	0	0	14	0	0	0	9	7	0	0	39	0	0	22	0	0	8	0	0	0	2	0	7	41	0	0	0	0	0	0	2	3	0	0	6	0	0	0	4	0	0	0	0	2	0	0	0	9	0	0	20	0	0	0	0	0	0	3	3	0	0	3	0	0	0	0	0	0	0	0	0	0	0	0	0	0	5	0	0	0	0	0	0	0	2	0	0	0	0	0	0	0	0	0	3	5	0	0	88	0	0	0	0	0	0	0	0	0	0	0	0	0	0	0	0	0	0	0	0	0	0	0	0	0	11	0	0	0	4	0	14	0	6	0	2	0	0	0	5	0	0	7	0	0	0	0	0	0	3	0	0	0	0	0	0	0	0	0	0	0	0	0	15	0	0	0	0	0	0	0	0	0	0	151	0	0	0	0	109	134	0	0	0	0	2	0	0	0	0	0	0	0	0	2	35	0	0	81	0	0	0	14	0	0	25	0	19	1	0	2	0	0	0	0	15	1	0	0	0	0	0	0	0	1	3	49	0	0	4	29	0	0	0	3	10	2	0	0	0	0	0	0	0	19	0	0	5	0	0	3	0	4	0	0	0	13	19	0	2	0	0	0	0	0	0	0	0	0	0	0	0	47	3	0	0	2	8	2
D182	89	0	1	0	9	0	0	0	0	385	35	0	8	0	0	14	1	37	0	574	3	0	0	0	0	0	0	17	0	0	2	0	2	0	0	14	547	0	0	0	0	22	37	0	0	0	114	0	51	0	277	18	0	15	0	53	93	9	0	0	14	0	0	0	34	11	0	0	33	0	0	0	0	0	31	0	34	18	12	0	25	0	0	8	26	0	79	0	0	0	6	4	19	0	0	0	2	0	0	0	0	0	13	5	0	0	0	0	0	0	0	0	0	10	0	0	36	0	6	0	0	22	0	3	0	0	125	0	0	0	291	0	7	0	0	0	17	64	3	0	0	0	38	4	7	0	0	6	0	0	0	0	0	0	0	38	46	1015	0	0	15	0	9	0	0	10	0	77	1	31	5	0	0	1	0	0	0	0	3	0	2	0	0	0	6	0	0	0	15	8	19	0	0	0	3	0	0	0	17	12	0	0	38	0	7	29	173	61	0	123	17	0	3	0	0	28	5	0	0	0	0	0	0	0	0	5	11	0	0	0	11	0	0	0	23	9	0	0	31	2	0	3	0	0	0	2	0	24	294	0	26	0	46	3	0	0	0	0	0	0	0	5	0	0	0	16	0	0	0	16	2	11	33	0	0	1	0	512	0	0	13	37	30	19	0	40	0	16	0	0	78	0	3	0	23	0	0	3	0	34	0	0	0	0	0	35	26	0	0	0	0	0	0	0	152	65	0	84	0	4	0	0	0	37	0	137	0	10	0	0	267	244	16	6	47	3	9	0	0	0	0	0	0	0	9	0	0	0	0	16	98	0	0	5	0	0	11	8	0	0	270	318	19	2	2	0	0	0	5	0	0	2	4	2	140	5	0	5	0	0	0	2	0	0	0	11	1	0	0	159	69	0	125	0	0	0	32	7	0	14	0	74	12	0	0	0	0	0	0	0	0	0	0	0	0	0	45	0	0	0	0	0	0	8	0	0	8	0	0	0	4	0	0	0	0	0	0	0	0	137	467	0	0	2	22	576	0	0	0	89	0	0	6	0	0	11	32	0	0	0	0	1	7	0	2	0	0	7	0	0	951	2	0	87	0	2	0	0	12	0	0	170	0	0	0	142	0	19	0	0	0	4	307	0	65	2	0	0	14	0	0	0	0	0	0	781	0	0	0	18	21	9	0	80	3	115	8	0	0	72	122	0	0	0	8	26	0	0	0	50	375	11	0	1	2	0	14	0	0	4	0	0	5	0	0	3	0	6	0	14	66	0	36	3	43	16	3	0	0	0	0	10	0	74	0	0	67	0	26	0	254	0	0	0	0	0	22	0	4	0	0	0	26	19	0	0	0	1	3	0	75	341	16	0	4	36	4	16	568	0	0	0	8	3	4
D183	0	0	0	0	0	0	0	0	26	0	0	0	1	0	0	0	0	0	0	0	0	0	0	0	0	0	0	0	0	0	0	0	0	0	0	0	0	0	21	0	0	0	0	0	0	0	0	0	0	0	0	0	0	9	0	0	0	0	0	0	0	0	0	0	0	0	0	0	0	0	0	0	0	0	0	967	0	0	0	0	0	0	0	0	0	0	0	0	0	0	0	0	0	0	0	0	0	0	0	0	0	0	0	0	0	0	0	0	0	0	0	0	0	0	0	0	0	0	0	0	0	0	0	0	0	0	0	0	0	0	0	0	0	0	0	0	0	0	0	0	0	0	0	0	0	0	0	0	0	0	0	0	0	0	0	0	0	0	0	0	0	0	0	0	0	0	0	0	0	0	0	0	1215	0	0	0	0	0	0	0	0	0	77	0	0	0	0	0	0	0	0	0	0	0	0	0	0	0	0	0	0	0	0	0	0	0	0	0	0	0	0	3	0	0	0	0	0	3	0	0	0	0	0	0	0	0	0	0	0	0	0	0	0	0	0	0	0	0	0	0	0	0	49	0	13	0	0	0	0	0	0	0	0	0	0	0	0	0	0	0	42	0	0	0	0	0	0	0	0	0	0	0	0	0	0	0	0	0	0	23	0	0	0	0	2	0	0	0	0	0	0	0	40	0	0	0	4	0	0	0	0	0	0	0	0	0	0	0	0	0	0	32	0	0	0	0	0	0	0	0	0	0	0	0	0	0	0	0	0	0	0	0	0	0	0	0	0	0	0	20	0	0	0	0	0	3	75	0	0	0	0	0	0	0	0	0	0	0	0	0	0	0	0	0	0	0	0	0	0	0	0	0	0	0	0	0	0	0	0	7	0	0	0	0	0	0	0	0	0	0	0	0	0	0	2	0	0	0	0	0	0	0	0	0	0	0	0	0	0	0	0	0	0	0	0	0	0	0	0	0	0	0	0	0	0	0	0	0	0	0	0	0	0	0	0	0	0	0	0	0	0	0	0	0	0	0	0	0	0	0	0	866	0	0	0	0	0	0	0	24	0	0	0	0	0	24	0	0	0	0	0	0	0	0	0	0	0	0	0	0	0	0	0	0	0	0	0	0	0	0	0	0	0	0	0	0	0	11	0	0	0	0	0	0	0	0	0	0	0	0	0	0	0	0	0	0	0	0	0	0	0	0	0	0	0	0	0	0	0	0	0	0	0	0	0	0	0	3	0	0	0	0	0	0	0	0	0	0	0	0	0	0	0	0	0	0	0	0	0	0	0	0	0	0	0	0	0	0	0	0	0	0	0	5	0	0	0	0	0	0	0	0	237	0	0	0	0	0	0	0	0	0	0	0	0	0	0	0	0	0	0	0	0	4	0
D184	0	0	0	0	0	0	0	0	0	0	0	0	0	0	0	0	0	0	0	0	0	0	0	0	0	0	0	0	0	0	0	0	0	0	0	0	0	0	0	0	0	0	0	0	0	0	0	0	0	9	0	0	0	0	0	0	0	0	0	0	0	0	0	0	0	0	0	0	0	0	0	0	0	0	0	0	0	0	0	0	0	0	0	0	0	0	0	0	0	0	0	0	0	0	0	0	0	0	0	0	0	0	0	0	0	0	0	0	0	0	0	0	0	0	0	0	0	0	0	0	0	0	0	0	0	0	0	0	0	0	0	0	0	0	0	0	0	0	0	39	0	0	0	0	0	0	0	0	0	0	0	0	0	0	0	0	0	0	0	0	0	0	0	0	0	0	0	0	0	0	0	0	0	0	0	0	0	0	0	0	0	0	0	0	0	0	0	0	0	0	0	0	0	0	0	0	0	0	0	0	0	0	0	0	0	0	0	0	0	0	0	0	0	0	0	0	0	0	0	0	0	0	0	0	0	0	0	0	0	0	0	0	0	0	0	0	0	0	0	0	0	0	0	0	0	0	0	0	0	0	0	0	0	0	0	0	0	0	0	0	0	0	0	0	0	0	18	0	0	0	0	0	0	0	0	0	0	0	0	0	0	0	0	0	0	0	0	0	0	0	0	0	0	0	0	0	0	0	0	0	0	0	0	0	0	0	0	0	0	0	0	0	0	0	0	0	0	0	0	0	0	0	0	0	0	0	0	0	0	0	0	0	0	0	0	0	0	0	0	0	0	0	0	0	0	0	0	0	0	0	0	0	0	0	0	0	0	0	0	0	0	0	0	0	0	0	0	0	0	0	0	0	0	0	0	0	0	0	0	0	0	0	0	0	0	0	0	0	0	0	0	0	0	0	0	0	0	0	0	0	0	0	0	0	0	0	0	0	0	0	0	0	0	0	0	131	0	0	0	0	0	0	0	0	0	0	0	0	0	0	0	0	0	0	0	0	0	0	0	0	0	0	0	0	0	0	0	0	0	0	0	0	0	0	0	0	0	0	0	0	0	0	0	0	0	0	0	0	0	0	0	0	0	0	0	0	0	0	0	0	0	0	0	0	0	0	0	0	0	0	0	0	0	0	0	0	0	0	0	0	0	0	0	0	0	0	0	0	0	0	0	0	0	0	0	0	0	0	0	0	0	0	0	0	0	0	3	0	0	0	0	0	0	0	0	0	0	0	0	0	0	0	0	0	0	0	0	0	0	0	0	0	0	0	0	0	0	0	0	0	0	0	0	0	0	0	0	0	0	0	0	0	0	0	4	0	0	0	0	0	0	0	0	0	0	0	0	0	0	0	0	0	0	0	0	0	0	0	0	0	0	0	0	0	0
D185	0	0	0	0	0	0	0	0	0	0	0	0	0	0	9	0	0	0	0	0	0	0	0	0	0	0	0	25	0	0	0	0	0	0	0	0	0	0	0	0	0	0	0	0	0	0	0	0	2	0	55	0	0	0	0	9	0	17	2	0	0	1	0	0	0	0	0	0	2	0	0	26	0	0	0	0	0	6	0	0	0	8	2	0	0	0	0	6	0	12	0	0	0	0	0	0	0	0	3	0	0	0	2	0	0	0	5	0	0	4	0	0	0	0	0	0	0	0	0	0	0	0	0	4	0	0	0	0	2	0	4	0	9	0	0	0	1	5	0	0	0	0	0	0	0	0	0	0	5	0	0	0	3	0	0	4	0	0	0	0	3	0	0	0	0	0	111	0	0	0	0	0	0	7	0	0	0	0	5	2	4	0	0	0	0	0	0	1	1	0	2	0	0	0	3	0	0	0	5	0	0	5	2	0	9	0	4	0	0	0	0	0	0	0	0	3	0	0	0	0	0	0	0	9	0	2	0	1	42	0	0	0	3	0	0	0	0	0	17	7	0	0	0	0	0	0	0	0	1	0	0	0	0	0	0	0	0	0	9	0	0	0	0	0	0	0	0	0	3	2	0	7	0	0	0	0	0	0	0	0	0	11	0	0	0	0	0	4	0	0	9	0	0	0	0	0	0	0	111	0	0	0	10	18	0	0	0	0	0	0	0	0	0	0	2	0	0	5	0	0	0	0	3	0	0	0	0	0	0	0	2	0	0	0	0	5	0	0	16	0	0	0	0	0	2	0	0	0	0	0	0	0	0	0	0	0	6	0	3	0	13	0	0	0	0	1	0	0	0	0	0	0	0	0	0	0	0	0	0	0	0	0	4	0	0	0	0	0	0	8	0	0	0	0	0	0	0	0	76	0	3	1	0	0	0	0	0	0	0	0	0	0	0	0	0	0	4	0	0	0	3	0	0	0	0	0	6	2	0	0	0	0	6	0	0	0	0	0	0	0	0	0	3	0	4	0	0	0	0	0	0	0	13	0	0	0	0	0	0	0	0	0	4	0	0	8	0	0	0	0	0	0	0	104	0	0	0	0	0	0	0	0	0	0	0	0	6	0	0	0	0	0	0	0	1	0	0	0	0	8	0	0	0	9	0	1	0	0	2	0	0	0	5	0	0	21	0	0	0	1	0	6	0	18	0	0	0	0	0	0	13	10	0	0	0	0	0	0	0	0	0	0	0	5	0	0	23	0	0	0	0	0	0	0	0	0	0	31	0	0	0	0	15	258	0	0	7	4	0	0	0	0	4	0	0	0	0	0	0	0	0	0	3	0	0	0	32	6	0	217	0	2	0	0	0	0	4	0	0	1	0	2	0	0	0
D186	0	0	0	0	0	0	0	0	0	0	0	0	0	0	0	0	0	0	0	0	0	0	0	0	0	0	0	0	0	0	0	0	0	0	0	0	0	0	0	0	0	0	0	0	0	0	0	0	0	0	0	0	0	0	0	0	0	0	0	0	0	0	0	0	0	0	0	0	0	0	0	0	0	0	0	0	0	0	0	0	0	0	0	0	0	0	0	0	0	0	0	0	0	0	0	0	0	0	0	0	0	0	0	0	0	0	0	0	0	0	0	0	0	0	0	0	0	0	0	30	0	0	0	0	0	0	0	0	0	0	0	0	0	0	0	0	0	0	0	0	0	0	0	0	0	0	0	0	0	0	0	0	0	0	0	0	0	0	0	0	0	0	0	0	0	0	0	0	0	0	0	0	0	0	0	0	0	0	0	0	0	0	0	0	0	0	0	0	0	0	0	0	0	0	0	0	0	0	0	0	0	0	0	0	0	0	0	0	0	0	0	0	0	0	0	0	0	0	0	0	0	0	0	0	0	0	0	13	0	0	0	0	0	0	0	0	0	0	0	0	0	0	0	0	0	18	0	0	0	0	0	0	0	0	0	0	0	0	0	0	0	0	0	0	0	0	351	0	0	0	0	0	0	0	0	0	0	0	0	0	0	0	0	0	0	0	0	0	0	0	0	0	0	0	0	0	0	0	0	0	0	0	0	0	0	0	5	0	0	0	0	0	0	0	0	0	0	0	0	0	0	0	0	0	0	0	0	0	0	0	0	0	0	0	0	0	0	0	0	0	0	0	0	0	0	0	0	0	0	0	0	0	0	0	0	0	0	0	0	0	0	0	0	0	0	0	0	0	0	0	0	0	0	0	0	0	0	0	0	0	0	0	0	0	0	0	0	0	0	0	0	0	0	0	0	0	0	0	0	0	0	0	0	0	0	91	0	0	0	0	0	0	8	0	0	0	0	0	0	0	0	0	0	0	0	0	0	0	0	0	0	0	0	0	0	0	0	0	0	0	0	0	0	0	0	0	0	0	0	0	0	51	0	0	0	0	0	0	0	0	0	0	0	0	0	0	0	0	0	0	0	0	0	0	0	0	0	0	0	0	0	0	0	0	0	0	0	0	0	0	0	0	0	0	0	0	0	0	0	0	0	0	0	0	0	0	0	0	0	0	0	0	0	0	0	0	0	0	0	0	0	0	0	0	0	0	0	0	0	0	0	0	0	0	0	0	0	0	0	0	0	0	0	0	0	0	0	0	0	0	0	0	0	0	0	0	0	0	0	0	0	0	0	0	0	0	0	0	0	0	0	0	0	0	0	0	0	0	0	0	0	0	18	0	0	0	0	0	0	0	0	0	0	0	0	0	0	0	0	0	0	0	0	0	0
D187	0	0	0	0	0	0	0	0	0	0	0	0	0	0	0	0	0	0	0	0	0	0	0	0	0	0	0	0	0	0	0	0	0	0	0	0	0	0	0	767	0	0	0	0	0	0	0	0	0	0	0	30	0	0	0	0	0	0	0	0	0	0	0	0	0	0	1051	0	0	347	0	0	0	0	0	0	0	0	0	0	0	0	0	0	0	0	0	0	0	0	0	0	0	0	0	41	0	0	0	0	0	0	0	0	0	0	0	0	0	0	1	0	0	0	0	0	0	0	0	0	0	0	0	0	0	0	0	0	0	0	0	0	0	0	0	0	0	0	0	0	0	0	0	0	0	0	0	0	0	0	392	0	0	0	0	0	0	0	0	0	0	0	0	0	0	0	0	0	214	0	0	0	0	0	0	0	0	0	0	0	443	67	429	0	0	0	0	0	0	0	0	0	0	0	0	0	151	0	0	0	0	0	0	0	0	0	0	0	0	0	0	0	0	0	0	0	0	0	242	0	0	0	0	0	142	0	0	0	0	0	0	0	0	0	0	0	0	0	0	0	0	0	0	0	0	0	0	228	0	0	0	0	0	0	0	0	0	0	0	0	0	0	0	0	0	0	0	0	0	0	0	187	0	0	0	0	0	0	0	0	0	0	0	0	0	19	0	0	438	0	0	0	0	0	0	0	0	47	0	0	0	0	0	0	0	0	3679	0	0	0	0	0	0	0	0	0	0	0	0	0	0	0	0	0	0	0	0	0	0	0	0	0	0	0	0	0	0	0	0	0	0	0	0	0	0	0	0	0	0	0	0	0	0	0	0	0	0	0	0	0	0	0	0	0	0	0	0	0	0	0	0	0	0	0	0	0	0	0	0	0	0	0	0	0	0	0	0	0	0	0	0	0	0	0	0	0	0	0	0	0	0	0	0	0	0	0	0	0	0	0	0	0	0	659	0	0	0	0	0	0	0	0	0	0	0	0	0	0	0	0	0	0	0	0	0	0	0	0	0	0	0	42	0	0	143	0	0	0	0	48	0	0	0	0	0	0	0	0	0	0	0	0	0	0	0	0	0	0	0	0	0	0	0	0	57	0	0	0	0	0	0	0	0	0	381	0	0	0	0	0	2	0	0	0	392	0	0	0	0	0	0	0	0	0	0	0	0	0	0	0	0	0	0	0	0	0	0	0	0	0	0	0	0	0	0	0	0	0	0	0	0	128	0	0	0	0	0	0	0	0	0	0	0	0	0	0	0	0	0	0	0	0	0	0	0	0	0	634	0	0	0	0	0	0	0	0	0	0	0	0	0	0	0	0	0	0	0	303	0	0	0	0	0	226	0	0	0	0	0	0	0	21	0	0	0	0	0	0	0	0	0	0	0	0	0
D188	0	60	0	0	0	0	0	77	144	0	0	0	0	0	0	0	0	0	0	0	0	0	0	0	0	1	0	0	0	0	0	0	0	0	0	0	0	0	66	0	21	0	0	0	0	0	0	0	0	0	0	0	0	29	0	7	25	0	0	0	0	0	0	0	0	0	0	0	10	0	0	0	0	0	0	0	0	0	0	0	0	0	0	0	0	0	0	9	0	0	10	0	0	0	0	0	0	0	0	0	0	2	0	0	0	0	2	0	0	0	0	0	13	0	0	0	0	0	0	0	0	0	1047	0	0	0	0	0	0	3	0	0	0	0	0	0	4	0	0	0	0	0	0	0	0	0	0	0	0	0	0	0	151	0	0	122	0	0	0	0	11	3	0	0	0	0	0	0	0	0	1	0	764	0	0	0	0	0	0	0	0	0	2009	2	0	12	0	0	0	61	0	0	0	0	0	0	37	0	0	0	2	0	0	5	0	0	0	0	0	0	0	264	0	7	0	0	0	0	37	0	0	0	0	0	0	0	0	0	0	0	0	0	0	0	0	0	7	0	0	0	0	0	0	0	0	0	0	0	0	0	0	0	0	0	0	0	0	0	0	0	395	0	0	0	0	0	0	0	0	0	0	0	0	0	0	0	4	0	0	0	0	0	0	0	9	0	0	0	0	0	0	0	0	0	0	0	20	0	0	0	0	0	0	0	0	0	0	0	6	0	0	77	0	0	0	0	0	0	27	0	0	0	0	0	0	0	0	0	0	0	0	0	3	0	0	0	0	0	0	33	0	0	0	3	0	276	0	0	0	0	0	0	0	0	0	40	0	0	4	0	0	0	3	0	361	0	0	0	0	6	0	0	0	0	0	0	0	0	0	0	0	0	0	0	0	0	22	0	0	0	0	0	0	0	17	0	0	0	0	0	0	0	0	0	0	0	3	0	0	2	0	0	0	0	12	0	0	0	0	0	0	0	0	0	0	0	0	0	0	0	0	0	49	0	0	0	0	0	0	0	0	0	0	0	0	0	0	0	0	0	0	0	0	0	14	0	0	0	0	0	0	0	0	0	0	35	0	0	0	0	0	0	0	65	0	0	0	0	0	0	0	0	0	0	0	0	0	0	0	0	0	0	0	0	0	73	0	0	0	0	0	0	0	0	0	0	0	0	0	0	0	0	0	0	0	0	0	62	0	0	0	0	0	0	0	0	0	0	0	0	0	0	0	0	0	0	0	0	0	0	0	0	0	0	0	3	0	0	0	0	0	1	1	0	0	0	0	0	290	10	0	0	0	0	0	0	0	0	0	0	0	0	0	0	0	0	0	0	0	0	0	0	6	0	1	0	0	0	0	0	0	0	0	0	0	0	0	0	0	0	0	0	0	0	0
D189	0	0	0	0	0	0	0	0	4	0	0	0	0	0	0	0	0	0	0	0	0	0	0	0	0	0	0	0	0	0	0	0	0	0	0	0	0	6	0	0	0	0	0	0	0	0	0	0	0	6	0	0	0	0	7	0	0	0	0	0	0	0	0	0	0	0	0	0	0	0	0	0	0	0	0	0	0	0	0	0	0	0	0	0	0	0	0	0	0	0	0	0	0	0	0	0	0	0	0	0	0	0	0	0	0	0	0	0	0	0	0	0	0	0	10	0	0	0	0	0	0	0	0	0	0	0	0	0	0	0	0	0	0	0	0	0	0	0	0	0	0	0	0	0	0	5	0	0	0	0	0	0	0	0	0	0	0	0	0	0	0	0	0	0	0	0	0	0	0	0	0	0	0	0	20	0	0	0	0	0	0	0	0	0	0	0	0	0	0	0	0	0	0	0	0	0	0	37	0	0	0	0	0	0	0	0	0	0	0	0	0	0	0	0	0	0	0	0	0	0	0	0	0	0	0	0	0	0	0	0	0	0	0	0	0	0	0	30	0	0	0	0	0	0	0	0	0	0	0	0	0	0	0	0	0	0	0	0	0	0	0	0	0	0	0	0	6	0	0	0	0	0	0	0	0	0	0	0	0	0	0	0	0	0	0	0	0	0	0	0	0	0	0	0	0	0	0	0	0	0	0	0	0	0	0	0	199	0	0	0	0	0	0	0	0	0	0	0	0	0	0	0	0	0	0	0	0	0	0	0	0	0	0	0	0	0	0	0	0	0	0	6	0	0	0	0	0	0	0	0	0	0	0	0	0	0	0	0	0	0	0	0	0	0	0	0	0	0	0	0	0	0	0	0	0	0	0	0	0	0	0	0	0	0	0	0	0	0	0	0	0	0	0	0	0	0	0	0	0	0	0	0	0	0	0	0	0	0	0	0	0	0	0	0	0	0	0	0	0	0	0	0	0	0	0	0	0	0	0	0	0	0	0	0	0	0	0	0	0	0	0	0	0	0	0	0	0	0	0	0	0	0	0	0	0	0	0	0	0	0	0	0	0	0	0	0	0	0	0	0	0	0	0	0	0	0	0	0	0	0	0	0	0	0	0	0	0	0	0	0	0	0	0	0	0	0	0	0	0	0	0	0	0	0	0	0	0	0	0	0	0	0	0	0	0	0	0	0	0	0	0	0	0	0	0	0	0	0	0	0	0	0	0	0	0	0	0	0	0	0	0	0	0	0	0	0	0	0	0	0	0	0	0	0	0	0	0	0	0	0	0	0	0	0	0	0	0	0	0	0	0	0	0	0	0	0	0	0	0	0	0	0	0	0	0	0	0	0	0	0	0	0	0	0	0	0	0	0	0	0	0	0	0	0	0
D190	0	6	11	17	73	29	6	0	98	2	43	0	3	4	0	0	5	5	0	0	0	3	10	0	11	68	0	0	55	10	0	7	20	3	10	0	10	0	20	89	0	0	0	0	0	0	0	1	0	56	15	3	0	69	87	39	3	0	6	29	4	13	1	86	12	4	5	6	22	9	0	2	2	7	0	19	0	0	0	0	0	1	0	0	2	0	19	0	0	15	0	23	0	0	33	0	2	25	8	0	3	29	1	2	0	0	0	19	1	0	2	0	0	3	149	7	0	14	0	783	117	8	4	0	150	15	4	9	0	4	0	4	0	6	6	0	1	19	6	2	119	2	0	0	5	10	0	0	0	1	56	41	6	14	0	0	18	8	0	0	18	12	2	0	24	0	0	2	0	7	8	14	35	2	140	0	5	0	2	0	0	0	32	2	0	6	0	0	0	37	0	0	8	0	0	0	6	0	5	0	0	0	3	0	0	3	0	0	6	0	0	2	0	4	7	0	22	16	0	145	51	0	0	0	0	0	4	83	0	136	7	23	0	0	0	0	5	0	0	4	373	0	0	3	0	0	0	4	4	2	0	0	4	1	0	18	6	0	5	0	0	0	1585	0	16	0	943	11	0	15	0	0	0	17	0	0	22	0	0	43	0	0	0	0	0	3	0	0	0	2	279	15	12	8	6	0	13	0	0	0	0	4	0	0	0	5	186	2	0	0	5	72	2	100	3	0	33	1	20	0	3	255	7	0	2	0	4	0	4	11	18	9	92	101	46	44	2	1	0	7	0	3	0	117	0	4	23	10	0	38	6	0	0	0	12	13	0	0	0	0	0	16	0	0	10	10	0	0	0	22	7	0	1	0	57	0	6	0	17	16	2	0	0	0	102	4	1	0	0	8	2	0	687	55	0	1	0	0	0	0	0	19	19	0	8	14	7	36	36	0	0	0	55	15	20	0	2	0	0	0	0	1	0	0	2	3	0	4	0	0	0	118	3	0	5	0	7	4	0	1	0	0	2	0	2	0	0	0	0	0	16	143	0	61	0	0	3	1	19	4	45	0	0	43	8	17	6	2	4	0	8	2	0	1	0	3	5	0	21	0	102	0	100	6	0	2	0	0	0	0	0	0	0	0	0	1	0	2	3	0	8	0	58	3	0	66	20	2	0	0	32	2	0	0	0	4	0	0	0	0	0	3	0	2	64	3	461	8	0	0	47	30	2	28	20	0	0	1	230	2	0	2	7	11	0	0	0	0	7	0	0	23	39	0	0	0	0	2	15	29	1	14	3	3	26	0	0	3	4	0	39	0	6	0	28	0	0	0	3	0	0	0	1021	0	0	0	0	0	0	0	0	0	0	61	0	0	8	0	99	2	0	0	0	19	1
D191	0	0	0	0	0	0	0	0	0	0	0	0	0	0	0	0	0	0	0	0	0	0	0	0	0	0	0	0	0	0	0	0	0	0	0	0	0	0	0	0	0	0	0	0	0	0	0	0	0	0	0	0	0	0	0	0	0	0	0	0	0	0	0	0	0	0	0	0	0	0	0	0	0	0	0	0	0	0	0	0	0	0	0	0	0	17	0	0	0	0	0	0	0	0	0	0	0	0	0	0	0	0	0	0	0	0	0	0	0	0	0	0	0	0	0	161	0	0	0	0	0	0	0	0	0	0	0	0	0	0	0	0	0	0	0	0	0	0	0	0	0	0	0	0	0	0	0	0	0	0	0	0	0	0	0	0	0	0	0	0	0	0	0	0	0	0	0	0	0	0	0	0	0	0	0	0	0	0	0	0	0	0	0	0	0	0	0	0	0	0	0	0	0	0	0	0	0	0	0	0	0	0	0	0	0	0	0	0	0	0	0	0	0	0	0	0	0	0	0	0	0	0	0	0	0	0	0	1090	0	0	0	0	0	0	0	0	0	0	0	0	16	0	0	0	0	0	0	0	0	0	0	0	0	0	0	0	0	0	0	0	0	0	0	0	0	0	0	0	0	0	0	0	0	0	0	0	0	0	0	0	0	0	0	0	0	0	0	0	0	0	0	0	0	0	0	0	0	0	0	0	0	0	0	0	0	0	0	0	0	0	0	0	0	0	0	0	0	0	0	0	0	0	607	0	0	0	0	0	0	0	0	0	0	0	0	0	0	0	0	0	0	0	0	0	0	0	0	0	0	0	0	0	0	0	0	0	0	0	0	0	0	0	0	0	0	0	0	0	0	0	0	0	0	0	0	0	0	0	0	0	0	0	0	0	0	0	0	0	0	0	0	0	0	0	0	0	0	0	0	0	0	0	0	0	0	0	0	0	0	0	0	0	0	0	0	0	0	0	0	0	0	0	0	0	0	0	0	0	0	0	0	0	0	0	2	0	0	0	0	0	0	0	0	0	0	0	0	0	0	0	0	3	0	0	0	0	0	0	0	0	0	0	0	10	0	0	0	0	0	0	0	0	0	0	0	0	0	0	0	0	0	0	0	0	0	0	0	0	0	0	0	0	0	254	0	0	0	0	0	0	0	0	0	0	0	0	0	190	0	0	0	0	0	0	0	0	0	0	0	0	0	0	0	0	0	0	62	0	0	0	0	0	0	0	0	0	0	0	0	0	342	0	0	0	0	0	0	0	0	0	0	0	0	0	0	0	0	0	0	0	0	0	0	0	0	3607	0	0	0	0	0	0	0	0	0	0	0	0	0	0	0	0	0	0	0	0	0	0	0	0	0	0	0	0	0	0	0	0	0	0	0	0	0	0	0
D192	0	0	0	106	0	0	0	0	0	71	0	0	16	0	0	0	0	0	390	31	0	0	0	0	0	0	0	12	0	0	0	0	0	0	0	0	370	0	0	0	0	0	0	0	0	0	0	0	322	0	0	0	0	0	0	0	0	0	0	0	0	0	0	0	0	0	0	0	1	0	0	0	0	0	0	0	0	0	0	0	0	0	0	0	453	0	0	0	0	0	0	164	6	0	0	0	0	0	0	0	0	0	0	7	0	0	12	0	37	0	0	0	5	0	0	0	0	1427	0	0	0	0	0	0	0	0	0	0	0	0	0	0	553	0	0	0	0	1787	0	0	0	0	0	3	0	0	0	0	0	2	0	0	0	0	0	0	0	0	0	0	0	0	2	0	0	0	3	0	0	28	0	0	0	0	0	0	416	113	0	0	0	0	0	0	0	0	0	0	0	0	0	0	0	0	0	0	0	0	0	0	0	220	0	0	0	0	0	0	0	0	0	0	0	0	0	0	0	0	0	0	0	0	0	0	0	0	0	0	0	0	0	0	0	0	0	22	0	0	0	0	0	34	0	0	0	3	0	5	0	0	6	3	0	0	0	0	0	0	0	0	0	0	0	0	0	0	0	0	0	0	0	0	0	0	0	20	0	0	0	0	0	0	0	0	0	0	0	0	0	0	89	0	0	0	0	0	0	0	2	0	0	0	1135	0	0	0	0	0	0	0	0	0	0	0	0	0	0	0	0	0	0	0	0	0	0	0	0	0	0	0	0	2	0	417	0	0	0	0	0	0	0	0	0	3533	0	0	21	0	0	0	0	0	0	0	0	0	0	0	13	0	0	11	0	1	0	0	0	13	0	0	0	0	0	0	0	0	459	0	0	0	0	0	29	0	0	0	0	12	0	0	0	0	257	0	0	0	0	0	814	0	0	0	0	0	0	0	0	0	0	0	0	72	0	0	0	0	11	0	3	0	0	423	0	0	0	0	0	0	0	0	0	2032	0	0	0	0	0	0	0	0	0	0	0	0	0	0	0	3	0	0	0	0	0	0	0	0	0	159	0	0	0	5	2	0	0	0	0	0	0	0	46	0	0	0	0	0	0	0	0	0	0	0	0	0	0	0	0	0	0	0	0	0	0	0	0	45	0	0	0	0	0	0	0	0	0	239	0	0	0	0	1	0	0	0	0	0	0	0	0	0	0	0	0	4	0	0	0	0	0	0	0	0	0	22	0	0	0	0	0	0	0	0	0	0	0	0	0	0	0	0	0	0	31	0	0	0	0	88	0	0	0	0	0	30	0	0	0	0	0	0	0	0	0	0	0	0	0	0	0	0	0	0	533	0	0	0	150	0	0	5575	0	0	11	0	0	0	0	0	0	2	0	0	8	0	0
D193	0	33	4	0	0	82	7	8	151	0	0	4	0	0	0	0	0	0	0	0	2	0	267	0	4	2	0	0	10	13	0	18	18	9	4	0	0	11	15	54	5	0	0	11	5	0	0	2	1	0	0	0	3	1	0	6	163	0	38	3	0	0	165	168	0	0	0	16	0	33	0	0	37	0	0	114	0	0	0	0	0	16	5	0	0	0	0	0	0	0	0	0	0	0	0	0	0	14	0	3	23	0	6	0	0	0	3	0	0	0	0	0	16	0	57	25	11	0	0	424	74	0	27	59	0	3	0	31	0	0	0	29	7	3	0	0	0	0	0	55	2	2	0	0	0	426	0	0	0	0	0	0	0	0	0	0	0	1	0	0	4	3	0	0	10	0	0	0	0	0	4	0	228	0	189	0	0	0	0	0	0	0	116	4	0	32	0	5	0	110	0	7	177	0	0	17	2	45	0	0	10	0	0	2	0	0	0	0	29	0	0	24	0	0	29	0	1	9	20	80	17	4	4	3	0	0	0	21	0	0	0	6	0	0	0	2	1	0	0	0	109	0	23	7	1	0	2	0	0	1	0	0	0	3	0	2	0	0	10	4	0	0	699	0	0	0	264	0	0	0	0	0	0	21	0	0	8	0	2	12	0	0	0	0	5	0	0	0	0	0	6	0	88	0	1	19	130	0	0	0	2	0	0	0	3	2	41	0	4	24	0	15	1	0	6	0	9	13	4	0	0	24	5	0	20	0	0	0	2	0	7	0	829	0	19	0	4	0	0	113	0	15	24	6	0	30	138	0	0	0	5	46	0	0	0	20	0	0	0	5	0	0	0	0	141	2	0	19	2	3	98	0	0	0	0	0	0	0	521	7	0	0	0	7	0	0	0	0	0	0	0	0	0	5	2	0	0	0	0	1	3	6	0	0	0	38	0	8	42	1	0	0	23	0	0	0	0	1	0	3	0	0	0	1	8	0	0	0	0	0	0	0	3	44	0	0	11	0	0	0	0	0	0	0	0	0	0	0	0	0	7	32	0	39	0	0	0	0	0	4	0	0	0	164	0	20	29	0	0	0	1	2	20	3	0	5	0	0	0	0	37	0	46	0	2	0	0	0	0	0	0	0	0	0	0	0	0	11	0	0	0	0	0	47	0	4	0	0	2	0	0	0	0	0	10	0	0	16	2	0	0	0	0	0	5	0	0	96	188	2	0	13	0	0	4	0	0	32	0	0	0	0	0	12	3	0	0	0	0	0	10	8	0	0	0	0	0	0	0	10	0	0	3	0	2	2	0	0	2	0	2	49	3	14	0	0	0	0	0	0	5	0	41	0	12	0	0	0	0	0	0	0	0	6	0	0	7	0	5	0	0	5	0	5	22
D194	0	0	0	2	0	0	0	0	0	0	0	3	0	0	0	0	0	0	0	0	0	0	1182	0	0	0	0	0	0	0	0	0	0	0	0	0	0	0	0	0	0	0	0	0	0	0	0	0	0	0	0	0	0	0	6041	0	0	0	0	0	0	0	0	0	0	0	0	0	0	4	0	0	3	0	0	2528	0	0	0	0	0	0	0	0	0	0	0	0	0	0	5	0	0	0	138	0	0	0	0	0	0	0	0	0	0	0	0	0	0	0	0	0	0	0	1	0	0	0	0	92	7	0	2	0	0	0	0	0	0	0	0	0	0	0	0	0	0	0	0	3	0	0	0	0	0	38	0	0	0	0	4068	0	0	0	0	0	0	0	0	0	0	0	0	0	9922	0	0	0	0	0	0	0	0	0	78	0	0	0	0	0	0	0	0	0	0	30	0	0	0	0	0	0	0	0	0	0	0	2	0	0	0	0	0	0	0	0	0	0	0	0	0	0	0	0	0	0	0	0	0	680	0	0	0	0	0	0	0	0	0	0	0	0	0	0	0	0	0	0	0	0	7931	0	0	0	0	0	0	0	0	494	0	0	0	0	0	1811	0	0	0	0	0	0	0	0	0	0	168	0	0	0	0	0	0	0	0	0	0	0	0	10	0	0	0	0	0	0	0	0	0	0	0	26	0	0	0	0	0	0	0	0	0	0	0	0	0	0	0	0	0	2	0	0	5	0	0	0	0	0	0	0	0	2	0	0	0	0	0	0	0	0	0	0	0	0	0	0	0	0	0	34	0	0	0	0	0	0	0	0	0	0	0	0	0	0	0	0	0	0	0	0	0	0	0	0	0	0	0	0	0	0	0	0	0	0	0	0	0	0	1	7381	0	0	0	0	0	0	0	0	0	0	0	0	0	0	0	0	0	0	0	0	0	0	0	0	0	2	0	0	0	0	0	0	0	0	0	0	0	0	0	0	0	0	0	0	2	0	0	0	0	0	0	0	0	0	2	148	0	0	0	0	0	0	0	0	0	0	0	0	0	0	1753	23	0	0	0	0	0	0	0	3	0	0	0	0	0	7631	0	0	0	0	0	2	0	0	0	0	0	0	0	0	11	0	0	0	0	0	0	0	0	0	0	0	0	0	0	0	0	0	0	0	0	0	15	0	0	0	0	0	0	0	0	0	0	0	0	0	0	0	0	0	0	0	0	0	0	0	81	0	104	0	0	0	0	0	0	0	0	0	0	0	0	0	0	0	0	0	0	0	0	0	0	0	0	0	0	0	0	0	0	0	0	0	0	0	0	0	0	0	0	0	0	8	20156	199	0	0	0	0	0	0	0	0	0	0	0	0	0	0	0	0	0	0	0	0	0	0	0	0	0	0	0	0	0	25	0
D195	0	0	0	5	0	0	0	0	2	0	0	0	4	0	0	0	0	0	0	4	0	0	0	0	0	0	0	0	0	0	20	0	3	0	0	0	0	0	0	28	0	0	0	0	0	0	0	0	0	0	29	0	0	0	0	0	0	0	0	2	0	0	0	0	0	0	0	0	0	0	31	0	0	0	0	0	0	0	22	0	4	0	66	0	0	0	0	0	20	14	0	0	0	95	52	0	14	0	206	0	0	0	0	13	0	187	0	0	0	0	2	92	0	0	0	0	0	50	0	4	0	0	0	0	0	0	70	0	45	0	0	0	0	0	0	0	0	168	0	3	0	0	37	0	0	0	10	34	4	0	0	0	0	0	0	0	3	0	0	0	6	0	0	2	0	2	2	0	0	0	0	0	0	0	0	0	0	0	46	8	4	0	0	0	0	0	570	0	0	0	2	0	0	82	10	0	0	0	0	3	0	0	4	0	87	0	4	0	0	2	0	0	0	0	0	0	0	0	0	0	0	0	0	0	736	0	0	0	0	0	53	0	7	43	7	0	0	1675	3	177	0	0	0	0	0	5	0	12	78	0	0	0	0	0	6	0	2	0	292	0	0	0	4	0	0	0	0	0	0	0	15	6	0	0	0	0	0	0	0	0	0	100	0	19	0	0	13	0	0	0	0	0	4	0	0	0	0	62	0	0	0	0	2	0	2	0	15	0	0	0	0	0	0	0	0	0	0	0	0	0	21	0	0	0	0	0	0	0	2	0	0	0	0	0	0	57	5	0	3	2	0	0	0	0	0	13	0	0	25	0	0	0	6	93	0	0	6	0	10	0	30	1	0	0	0	0	60	0	576	0	0	0	7	0	0	0	0	0	0	0	0	0	0	0	0	0	0	0	0	0	0	0	2	0	0	0	247	13	6	1	21	0	0	0	13	0	0	0	0	2	0	0	0	48	0	0	0	0	0	0	26	0	0	0	0	0	288	56	17	0	65	0	18	0	0	0	0	0	34	0	4	0	0	12	15	0	61	0	0	16	0	0	12	0	17	0	0	0	0	0	0	0	91	0	0	0	0	0	0	4	0	0	0	3	2	0	165	145	101	9	0	0	0	0	0	0	23	0	0	0	0	0	0	0	322	0	0	0	0	49	0	71	0	7	0	0	0	1	0	0	0	0	42	0	0	0	2451	0	0	0	0	0	444	0	0	0	0	0	41	0	5	2	0	0	0	87	0	2	0	0	0	0	0	0	0	0	658	0	0	0	0	0	0	146	0	0	0	0	0	7	0	0	0	0	0	0	3	0	0	94	0	0	0	0	0	0	0	0	0	0	0	0	0	0	0	0	0	0	0	0	0	3	0	0	319	387	190	0	0	1	18	111	0	0	0
D196	0	0	0	0	2	0	0	0	2	9	0	0	0	0	0	0	0	0	0	0	0	0	0	0	0	0	312	0	0	0	56	0	0	0	0	0	3	0	0	794	0	0	0	0	0	0	2	0	2	0	41	0	0	0	0	5	0	3	50	2	0	0	0	0	0	0	0	0	4	0	66	0	0	0	0	0	0	3	440	22	0	0	2	0	0	0	10	0	2047	0	0	0	0	120	29	167	52	0	24	0	0	0	0	0	0	9	36	1	0	2	0	125	43	0	0	0	0	0	0	0	0	0	0	0	0	0	0	0	28	0	0	0	2	0	0	0	0	567	0	2	0	0	0	3	0	0	2	160	2	0	0	0	5	0	0	6	2	0	0	0	0	0	0	7	0	7	0	0	0	0	0	0	0	0	0	30	3	27	0	0	0	563	0	0	2	48	3	0	0	0	2	0	0	55	132	0	0	0	0	3	0	5	4	0	28	0	8	0	0	0	0	0	0	0	0	0	0	0	0	0	0	0	2	0	386	2	0	0	4	0	0	0	130	15	8	0	0	30	3	5	0	0	1	0	0	0	0	43	12	0	0	0	0	0	4	0	0	0	38	0	0	0	0	89	0	0	0	0	0	3	16	3	0	0	2	0	0	0	0	0	0	0	0	88	0	0	0	0	0	0	11	0	6	0	0	0	0	4	17	0	0	0	6	2	0	0	11	0	0	0	0	0	0	0	0	0	0	0	0	0	71	0	0	0	0	0	0	0	0	0	0	0	0	0	0	713	0	0	62	3	0	0	0	0	0	29	0	0	25	0	0	0	25	79	0	0	82	0	256	0	3	5	0	0	0	0	3	0	0	0	0	0	0	0	0	0	4	0	0	0	3	0	1	824	6	0	0	0	0	0	0	0	0	0	7	0	241	27	29	0	19	0	0	0	0	0	0	0	0	0	0	2	0	196	0	0	0	0	4	0	0	0	0	2	0	0	0	175	12	35	65	2	2	0	0	0	0	0	34	0	4	148	2	6	14	0	87	0	813	116	0	0	3	0	63	0	0	0	0	0	0	0	22	0	0	3	0	0	0	2	0	0	0	948	74	0	149	5	26	0	0	0	0	0	0	4	0	0	9	0	0	13	0	0	6	0	0	0	0	92	0	26	0	2	1217	1	0	0	0	2	0	0	57	0	0	2	128	0	0	0	0	0	16	0	0	0	0	0	0	0	0	3	0	0	0	58	0	0	0	0	0	0	0	0	0	0	240	0	0	0	0	0	2	80	0	0	0	771	0	0	0	0	0	3	0	0	2	0	0	2	3	0	0	0	0	0	0	0	0	0	0	0	0	0	0	0	4	0	0	8	0	10	0	0	354	18	4	0	2	0	0	4	0	0	0
D197	0	4	0	5	0	33	0	0	11	0	0	7	0	0	0	0	0	0	0	0	0	0	2	0	5	0	0	0	16	10	0	0	4	1	1	0	0	10	4	4	3	0	0	0	0	0	0	0	0	0	0	0	0	0	1	0	693	0	0	0	0	16	0	0	0	0	0	5	0	3	0	0	0	1	0	17	0	0	0	0	0	0	0	0	0	2	0	0	0	0	15	0	0	0	2	0	0	0	0	0	7	0	0	0	0	0	0	0	0	0	0	0	0	0	43	0	3	3	0	139	11	0	9	0	94	4	0	0	0	0	0	16	3	5	0	3	0	0	0	12	2	2	0	0	0	7	0	0	0	0	0	5	0	5	0	0	0	0	0	0	0	0	0	0	28	0	0	0	0	0	0	0	9	0	32	0	0	0	0	0	0	0	9	0	0	154	0	0	0	2	0	3	33	0	0	4	0	0	0	0	0	0	0	0	0	0	0	0	3	0	0	0	0	2	0	0	3	0	2	0	6	0	0	2	0	0	0	3	0	0	0	1	0	0	0	0	0	6	0	0	24	0	0	0	0	0	2	0	0	10	0	0	0	0	0	7	0	0	3	4	110	0	406	0	6	0	6	0	0	0	0	0	0	2	2	0	0	0	3	226	0	0	0	0	1	0	0	0	0	0	10	0	1	0	0	0	8	0	0	0	6	0	0	0	2	2	32	0	0	18	0	0	5	0	0	0	0	3	3	0	0	0	0	0	5	0	0	0	14	0	3	0	58	0	0	0	4	0	0	11	0	0	16	0	0	3	0	0	0	0	4	1	0	0	0	2	0	0	0	0	0	0	0	0	0	5	0	0	0	2	34	0	0	0	0	0	0	0	0	2	0	0	0	5	6	2	0	0	0	0	0	0	0	0	0	0	0	0	0	0	0	0	0	0	1	12	0	23	0	0	0	0	27	0	0	0	0	0	0	0	0	0	0	0	0	0	0	0	0	0	0	0	0	26	0	0	2	0	0	0	0	0	0	0	0	0	0	0	0	0	0	350	0	13	0	0	0	0	0	139	75	0	0	0	0	10	6	0	0	0	0	0	0	2	0	2	0	0	0	0	13	0	33	0	0	2	0	0	16	4	6	1	0	3	0	0	0	0	2	0	0	0	7	3	0	0	0	0	0	0	0	0	0	0	0	0	0	5	0	0	0	0	0	0	11	0	0	9	2	0	0	0	0	0	0	0	0	64	26	0	5	0	0	0	10	0	0	0	0	0	2	0	0	0	0	2	0	0	0	0	4	0	0	0	2	19	0	0	0	0	0	0	16	0	0	0	0	0	0	0	0	0	0	0	0	0	0	0	0	0	0	0	0	7	0	0	0	0	5	0	0	5	0	0	0
D198	0	0	0	0	0	0	0	0	0	0	0	0	0	0	0	0	0	0	0	0	0	0	0	0	0	0	0	0	0	0	0	0	0	0	0	0	0	0	0	0	0	0	0	0	0	0	0	0	0	0	0	0	0	0	0	0	0	0	0	0	0	0	0	0	0	0	0	0	0	0	0	0	0	25	0	0	0	0	0	0	0	0	0	0	0	0	0	0	0	0	0	0	0	0	0	0	0	0	0	0	0	0	0	0	0	0	0	0	0	0	0	0	0	0	0	0	0	0	0	0	0	0	0	0	0	0	0	0	0	0	0	0	0	0	0	0	0	0	0	0	0	0	0	0	0	0	0	0	0	0	0	0	0	0	0	0	0	0	0	0	0	0	0	0	0	0	0	0	0	0	0	0	0	0	0	0	0	0	0	0	0	0	0	0	0	0	0	0	0	0	0	0	0	0	0	0	0	0	0	0	0	0	0	0	0	0	0	0	0	0	0	0	0	0	0	0	0	0	0	0	0	0	0	0	0	0	0	0	0	0	0	0	0	0	0	0	0	0	0	0	0	0	0	0	0	0	1	0	0	0	0	0	0	0	0	0	0	0	0	0	0	0	0	0	0	0	0	0	0	0	0	0	0	3	0	0	0	0	0	0	0	0	0	0	0	0	0	0	0	0	0	0	0	0	0	0	0	0	0	0	0	0	0	0	0	0	0	0	0	0	0	0	0	0	0	0	0	0	0	0	0	0	0	0	0	0	0	0	0	0	0	0	0	0	0	0	0	0	0	0	0	0	0	0	0	0	0	0	0	0	0	28	0	0	0	0	0	0	0	0	0	0	0	0	0	0	0	0	0	0	0	0	0	0	0	0	0	0	0	0	0	0	0	0	0	0	0	0	0	0	0	0	0	0	0	0	0	0	0	0	0	0	0	0	0	0	0	0	0	0	0	0	0	0	0	41	0	0	0	0	0	0	0	0	0	0	0	0	0	0	0	0	0	54	0	0	0	0	0	0	0	0	0	0	0	0	0	0	0	0	0	0	0	0	0	0	0	0	0	0	0	0	0	0	0	0	0	0	0	0	0	0	0	0	0	0	0	0	0	0	0	0	0	0	0	0	0	0	0	0	81	0	0	0	0	0	0	0	0	0	0	0	0	0	0	0	0	12	0	0	0	0	0	0	0	0	0	0	0	0	0	0	0	0	0	0	8	0	0	0	0	0	0	0	0	0	0	0	0	0	0	0	0	0	0	0	0	0	0	0	0	0	0	0	0	0	0	0	0	0	0	0	0	0	0	0	0	0	0	6	0	0	0	0	0	0	0	0	0	0	0	0	0	0	0	0	0	0	0	0	0	0	0	0	0	0	0	0	0	0	0	0	0	0	0
D199	0	0	0	0	0	0	0	0	0	0	0	0	0	0	0	0	0	0	0	0	0	0	0	0	0	0	0	0	3245	0	0	0	0	0	0	0	0	0	0	0	0	0	0	0	0	0	0	0	0	187	0	0	0	0	0	0	0	0	0	0	0	0	0	0	0	0	0	0	0	0	0	0	0	0	0	0	0	0	0	0	0	0	0	0	0	0	0	0	0	0	0	0	0	0	0	0	0	0	0	0	0	0	0	0	0	0	0	0	0	0	0	0	0	0	79	0	0	0	0	0	0	0	0	0	4398	0	0	0	0	0	0	0	0	3	0	0	0	0	0	0	0	0	0	0	0	0	0	0	0	0	0	55	0	0	0	0	0	0	0	0	0	0	0	0	0	0	0	0	0	0	0	0	0	0	0	0	0	0	0	0	0	0	0	0	0	0	0	0	0	0	0	0	0	0	0	0	0	0	0	0	0	0	0	0	0	0	0	0	0	0	0	0	0	0	0	0	0	0	0	121	171	0	0	0	0	0	0	0	0	0	0	0	0	0	0	0	0	0	0	0	0	0	0	0	0	0	0	0	0	0	0	0	0	0	0	0	0	0	0	0	0	0	652	0	771	0	0	0	0	0	0	0	0	0	0	0	0	0	0	0	0	0	0	0	0	0	0	0	0	0	0	0	0	0	0	0	0	0	0	0	0	0	0	0	0	0	0	0	0	0	0	0	0	0	0	0	849	0	0	0	0	0	0	0	0	0	0	0	0	0	0	0	0	0	0	0	0	0	0	0	0	0	0	0	0	0	0	0	0	0	0	0	0	0	144	0	0	0	0	0	0	0	0	0	0	0	0	0	0	0	0	0	0	0	0	0	0	0	0	0	0	0	0	0	0	0	0	0	0	0	0	0	0	0	0	0	0	0	0	0	0	0	0	0	0	0	0	3590	0	0	0	0	16	0	0	0	0	0	0	107	0	0	0	0	0	0	0	0	0	0	0	0	0	0	0	0	0	0	0	0	0	0	0	0	0	0	0	0	0	0	0	0	0	0	0	0	0	0	0	0	0	0	0	0	0	0	0	0	0	0	0	0	0	0	0	0	0	0	0	0	0	0	7262	0	0	0	0	0	0	0	0	0	0	0	0	0	0	0	0	0	0	0	148	0	0	0	0	0	0	0	0	0	0	0	0	0	0	0	0	0	0	0	0	0	0	0	0	0	0	0	0	0	0	0	0	0	0	0	0	0	0	0	0	0	0	0	0	0	0	0	0	0	0	0	0	0	0	0	0	0	0	0	0	0	1094	0	0	0	0	0	0	0	0	0	7	0	0	0	0	0	0	0	0	0	0	0	0	0	0	0	0	0	0	0	0	0	0	0	0	0	0	0	0	0	0
D200	0	0	0	0	0	0	0	0	0	0	0	0	0	0	0	0	26	0	0	0	0	0	0	0	0	0	0	0	0	0	0	3	0	0	0	0	0	0	0	516	0	0	0	0	0	0	0	0	0	0	0	0	0	0	0	690	0	0	0	0	0	0	0	0	0	0	0	0	0	0	0	0	4	981	0	0	0	0	0	0	0	0	0	0	0	13	0	0	0	0	0	0	0	0	187	0	0	0	0	0	0	0	2	0	0	0	86	0	0	0	0	0	0	0	0	0	0	0	0	0	0	0	27	0	0	0	0	0	0	0	0	0	158	0	0	0	0	0	0	0	0	0	0	0	0	0	0	0	0	0	0	0	0	0	0	0	0	0	0	0	0	0	0	0	1	0	0	0	0	0	0	0	0	0	0	0	0	0	0	0	0	0	626	0	0	42	0	0	0	0	0	0	0	0	0	0	0	0	0	0	0	0	0	0	0	0	0	0	0	0	0	2	0	0	0	0	0	64	0	0	0	0	0	0	0	0	0	0	0	0	0	0	0	0	0	0	0	0	0	0	0	0	628	0	16	0	0	0	0	0	0	0	0	0	0	59	0	0	0	0	24	0	0	0	0	0	0	0	0	0	0	0	0	0	0	0	0	0	0	0	0	0	0	0	0	0	0	0	0	0	0	0	0	0	0	0	0	9	0	0	0	0	0	0	0	0	0	0	20	0	0	0	0	0	0	0	0	0	0	0	0	0	0	0	0	0	0	0	45	0	0	0	21	0	0	0	0	0	0	195	0	0	0	0	0	1028	755	0	0	0	0	0	0	0	0	7	0	0	0	2	1	0	0	0	0	0	0	0	0	0	0	0	0	0	0	0	0	0	0	668	0	0	0	0	0	0	0	0	0	0	0	0	0	0	0	0	0	0	0	0	0	0	0	0	0	0	0	0	0	1024	0	0	0	0	0	0	0	0	0	0	0	0	0	0	0	0	0	0	0	0	0	0	38	0	0	0	0	0	0	0	0	0	0	0	0	0	0	0	0	0	87	538	0	0	0	0	0	0	0	0	0	0	0	0	0	41	0	0	0	0	0	0	0	0	0	0	0	0	0	0	0	0	0	0	0	0	0	0	0	0	0	0	0	0	0	0	0	0	0	0	0	0	0	0	0	0	0	0	687	0	0	0	0	0	0	0	0	18	0	0	0	0	0	0	0	0	0	0	0	0	0	0	0	0	0	0	0	0	0	0	0	0	0	0	0	2	0	0	0	14	0	0	0	0	0	0	0	0	0	123	0	0	15	0	0	197	0	0	0	0	0	0	0	0	0	0	0	0	0	0	0	0	14	0	0	0	0	0	0	0	0	0	0	0	0	0	940	0	0	0	0	0	0	0	0
D201	0	4	0	0	0	16	0	0	736	0	0	410	0	0	0	0	0	0	0	0	0	0	46	0	2	3	0	0	0	0	0	0	0	0	0	0	0	22	32	34	0	0	0	0	14	0	0	0	0	77	0	0	0	0	1441	12	10	0	4	0	0	0	39	0	0	0	0	2	0	215	0	0	0	3	0	0	0	0	0	0	0	0	0	0	0	0	0	0	0	0	23	0	0	0	2212	0	2	0	0	0	8	0	0	0	69	0	0	1	0	0	0	0	0	0	0	0	0	0	0	890	88	0	17	0	9	0	0	0	0	0	0	0	0	0	0	14	0	0	0	0	0	2	0	0	0	283	0	0	0	0	0	0	0	0	0	0	0	3	0	0	0	0	0	0	189	0	0	0	0	0	0	0	0	0	671	0	0	0	0	0	0	0	16	0	0	12	0	0	0	0	0	0	0	0	0	0	7	56	0	0	0	0	0	0	0	0	0	0	0	0	0	7	2	0	21	0	0	1	0	123	0	5	0	8	0	0	0	0	0	0	0	0	0	0	0	0	0	0	0	0	18636	0	0	11	3	0	0	0	0	8	0	0	0	0	0	4	0	0	12	5	0	0	14	0	0	0	191	0	0	0	0	0	0	0	3	0	0	0	0	0	0	0	0	0	26	0	0	0	0	0	0	35	32	0	0	20	10	0	4	0	0	0	0	0	0	0	0	0	0	0	0	62	245	0	0	0	14	0	0	0	0	36	0	0	44	0	0	0	6	6	0	0	0	0	0	0	0	0	0	62	0	0	0	0	0	0	0	0	0	0	0	0	0	0	0	0	0	0	0	206	0	0	0	0	10	8	0	21	0	0	16	0	0	0	0	0	0	3	0	973	0	0	0	6	0	0	0	0	0	0	0	0	0	0	0	0	0	0	0	0	2	0	0	0	4	10	0	0	0	0	0	0	0	0	7	0	0	15	0	0	5	0	0	0	2	0	0	0	0	0	0	0	5	0	0	5	6	0	0	0	0	0	0	0	0	0	0	0	0	0	0	68	0	0	0	0	0	0	0	27	0	0	0	14	0	2579	11	0	0	0	0	0	5	0	0	0	0	0	0	0	133	0	5	0	3	0	0	0	0	0	3	0	0	0	0	0	0	16	0	0	0	0	0	188	0	5	0	0	3	0	0	0	0	0	9	0	0	0	3	0	0	0	0	0	0	0	235	29	189	0	0	0	0	0	0	0	0	0	0	0	0	0	0	7	0	0	0	0	0	0	0	0	0	0	0	0	0	0	0	0	0	0	0	0	0	0	0	0	0	2	0	4005	20	14	0	0	0	0	0	0	0	0	0	0	0	0	0	7	0	0	0	0	0	0	0	0	0	0	3	0	0	0	0	316	0
D202	0	0	0	0	0	0	0	0	0	0	0	0	0	0	0	0	0	0	0	0	0	0	0	0	0	0	0	0	0	0	0	0	0	0	0	0	0	0	0	0	0	0	0	0	0	0	0	0	0	0	0	0	0	0	0	0	0	0	0	0	0	0	0	0	0	0	0	0	0	0	0	0	0	0	0	0	0	0	0	0	0	0	0	0	0	0	0	0	0	0	0	0	0	0	0	0	0	0	0	0	0	0	0	0	0	0	0	0	0	0	0	0	0	0	0	0	0	0	0	0	0	0	0	0	0	0	0	0	0	0	0	0	0	0	0	0	0	0	0	0	0	0	0	0	0	0	0	0	0	0	0	0	0	0	0	0	0	0	0	0	0	0	0	0	0	0	0	0	0	0	0	0	0	0	0	0	0	0	0	0	0	0	0	0	0	0	0	0	0	0	0	0	0	0	0	0	0	0	0	0	0	0	0	0	0	0	0	0	0	0	0	0	0	0	0	0	0	0	0	0	0	0	0	0	0	0	0	0	0	0	0	0	0	0	0	0	0	0	0	0	0	0	0	0	0	0	0	0	0	0	0	0	0	0	0	0	0	0	0	0	0	0	0	0	0	0	0	0	0	0	0	0	0	0	0	0	0	0	0	0	0	0	0	0	0	0	0	0	0	0	0	0	0	0	0	0	0	0	0	0	0	0	0	0	0	0	0	0	0	0	0	0	0	0	0	0	0	0	0	0	0	0	0	0	0	0	0	0	0	0	0	0	0	0	0	0	0	0	0	0	0	0	0	0	0	0	0	0	0	0	0	0	0	0	0	0	0	0	0	0	0	0	0	0	0	0	0	0	0	0	0	0	0	0	0	0	0	0	0	0	0	0	0	0	0	0	0	0	0	0	0	0	0	0	0	0	0	0	0	0	0	0	0	0	0	0	0	0	0	0	0	0	0	0	0	0	0	0	0	0	0	0	0	0	0	0	0	0	0	0	0	0	0	0	0	0	0	0	0	0	0	0	0	0	0	0	0	0	0	0	0	0	0	0	0	0	0	0	0	0	0	0	0	0	0	0	0	0	0	0	0	0	0	0	0	0	0	0	0	0	2	0	0	0	0	0	0	0	0	0	0	0	0	0	0	0	0	0	0	0	0	0	0	0	0	0	0	0	0	0	0	0	0	0	0	0	0	0	0	0	0	0	0	0	0	0	0	0	0	0	0	0	0	0	0	0	0	0	0	0	0	0	0	0	6	0	0	0	0	0	0	0	0	0	0	0	0	0	0	0	0	0	0	0	0	0	0	0	0	0	0	0	0	0	0	0	0	0	0	0	0	0	0	0	0	0	0	0	0	0	0	0	0	0	0	0	0	0	0	0	0	0	0	0	0
D203	0	0	0	0	0	0	0	0	2	0	0	0	0	0	0	0	0	0	0	0	0	0	76	0	0	0	3	0	0	0	10	0	0	0	0	0	0	19	0	25	0	0	0	0	0	0	0	0	0	0	104	0	0	0	0	4	0	0	0	0	0	0	0	0	0	1	142	0	84	0	0	0	0	0	0	0	0	4	457	0	0	0	0	0	0	0	0	0	0	0	0	0	0	523	0	0	0	0	0	0	0	0	0	0	0	5	0	0	0	0	0	1275	0	0	0	0	0	2359	0	0	0	0	0	0	0	0	0	0	13	0	0	0	4	0	0	0	0	0	0	0	0	0	0	0	0	0	32	4405	0	0	0	0	0	0	0	0	0	0	0	0	0	0	0	4	0	93	0	0	0	0	0	0	0	0	0	0	0	0	35	0	0	0	0	0	0	0	0	0	0	0	140	2	0	2961	0	0	0	0	0	0	0	0	0	0	0	0	0	0	0	0	0	0	0	0	0	0	0	0	0	0	0	0	0	251	0	0	0	3	0	0	0	0	66	0	0	0	0	0	11	0	0	0	0	0	0	0	0	0	0	0	0	0	0	0	14	0	0	0	0	0	0	0	0	0	0	0	0	0	0	0	44	124	0	0	0	0	0	0	0	0	0	0	0	602	0	0	0	0	152	0	0	0	1	0	0	0	0	2	191	0	0	0	0	0	112	0	0	0	0	0	0	0	0	0	0	0	0	0	0	0	1246	0	0	0	0	0	0	0	0	0	0	0	0	0	0	58	0	0	0	0	0	0	0	0	0	0	0	0	108	0	0	0	0	0	0	0	0	0	0	0	3267	0	0	0	0	0	130	0	415	0	0	0	224	0	0	0	0	0	0	37	0	0	0	0	0	0	0	0	0	0	0	0	0	0	0	0	8266	80	0	0	0	0	0	0	657	0	0	0	0	0	0	0	0	0	0	0	0	0	0	0	6	0	0	0	0	0	186	760	0	0	1597	0	0	0	0	62	0	0	3896	0	0	0	0	0	0	0	8	0	1667	0	0	0	0	0	0	0	0	0	0	11	0	0	1	0	0	0	0	0	0	0	0	0	0	0	0	0	9255	0	4512	343	0	0	0	0	0	0	0	0	0	0	0	0	0	0	0	0	0	0	0	0	0	577	0	0	33	0	0	0	0	0	0	0	0	0	0	22	0	0	14	0	0	0	0	0	0	0	0	0	0	0	0	4	0	0	0	604	0	37	0	0	0	0	0	0	0	0	291	0	0	0	0	0	0	1351	0	0	0	1655	0	74	0	0	0	11	0	0	0	0	0	13	0	0	0	69	0	0	0	0	0	0	0	0	0	0	0	0	0	0	0	0	0	2178	0	0	12494	0	6	0	0	90	109	18	0	0	0
D204	0	0	0	0	5	0	0	0	0	0	0	0	0	0	0	0	0	0	0	0	0	0	0	0	0	0	0	0	0	0	0	0	0	0	0	0	0	0	0	0	0	0	0	0	0	0	0	0	0	0	0	0	0	0	0	0	0	0	0	0	0	0	0	0	0	0	0	0	0	0	0	0	0	0	0	0	0	0	0	0	0	0	0	0	0	0	0	0	0	0	0	0	0	0	0	0	0	0	0	0	0	0	0	0	0	0	0	0	0	0	0	0	0	0	0	0	0	0	0	0	0	0	0	0	0	0	0	0	0	0	0	0	0	0	0	0	0	0	0	0	0	0	0	0	0	0	0	0	0	0	0	0	0	0	0	0	0	0	0	0	0	0	0	2	0	0	0	0	0	0	0	0	0	0	0	0	0	0	0	0	0	0	0	0	0	0	0	0	0	0	0	0	0	0	0	0	0	0	0	0	0	0	0	0	0	0	0	0	0	0	0	0	0	0	0	0	0	0	0	0	0	0	0	0	0	0	0	0	0	0	0	0	0	0	0	0	0	0	0	0	0	0	0	0	0	0	0	0	0	0	0	0	0	0	0	0	0	0	0	0	0	0	0	0	0	0	0	0	0	0	0	0	0	0	0	0	0	0	0	0	0	0	0	0	0	0	0	0	0	0	0	0	0	0	0	0	0	0	0	0	0	0	0	0	0	0	0	0	0	0	0	0	0	0	0	0	0	0	0	0	0	0	0	0	0	0	0	0	0	0	0	0	0	0	0	0	0	0	0	0	0	0	0	0	0	0	0	0	0	0	0	0	0	0	0	0	0	0	0	0	0	0	0	0	0	0	0	0	0	0	0	0	0	0	3	0	0	0	0	0	0	0	0	0	0	0	0	0	0	0	0	0	0	0	0	0	0	0	0	0	0	0	0	0	2	0	0	0	0	0	0	0	0	0	0	0	0	0	0	0	0	0	10	0	0	0	0	0	0	0	0	0	0	0	0	0	0	0	0	0	0	0	0	0	0	0	0	0	0	0	0	0	0	0	0	0	0	0	0	0	0	0	0	0	0	0	0	0	0	0	0	0	0	0	0	0	0	0	0	0	0	0	0	0	0	0	0	0	0	0	0	0	0	0	0	0	0	0	0	0	0	0	0	0	0	0	0	0	0	0	0	0	0	0	0	0	0	0	0	0	0	0	0	0	0	0	0	0	0	0	0	0	0	0	0	0	0	0	0	0	0	0	0	0	0	0	0	0	0	0	0	0	0	7	0	0	0	0	0	0	0	0	0	0	0	0	0	0	0	0	0	0	0	0	0	0	0	0	0	0	0	0	0	0	0	0	0	0	0	0	0	0	0	0	0	0	0	0	0	0	0	0	0	0	0
D205	0	0	0	0	0	0	0	0	0	0	0	0	0	0	0	0	0	0	0	0	0	0	0	0	0	0	0	0	567	14	0	0	0	0	0	0	0	0	0	0	0	0	0	0	0	0	0	0	0	5	0	0	0	0	0	0	0	0	0	0	0	12	0	0	0	0	0	0	0	0	0	0	0	0	0	0	0	0	0	0	0	0	0	0	0	0	0	0	0	0	0	0	0	0	0	0	0	0	0	0	0	0	0	0	0	0	0	0	0	0	0	0	0	0	33	0	0	0	0	0	0	0	0	0	742	0	0	0	0	0	0	0	0	0	0	0	0	0	0	0	0	0	0	0	0	0	0	0	0	0	0	15	0	0	0	0	0	0	0	0	0	0	0	0	0	0	0	0	0	0	0	0	0	0	0	0	0	0	0	0	0	0	0	0	0	0	0	0	0	0	0	0	0	0	0	0	0	0	0	0	0	0	0	0	0	0	0	0	0	0	0	0	0	0	0	0	0	0	0	0	74	0	0	0	0	0	0	0	0	0	0	0	0	0	0	0	0	0	0	0	0	0	0	0	0	0	0	0	0	0	0	0	0	0	0	0	0	0	0	0	0	0	559	0	214	0	0	0	0	0	0	0	0	0	0	0	0	0	0	0	0	0	0	0	0	0	0	0	0	0	0	0	0	0	0	0	0	0	0	0	0	0	0	0	0	0	0	0	0	0	0	0	0	0	0	0	714	0	0	0	0	0	0	0	0	0	0	0	0	0	0	0	0	0	0	0	0	0	0	0	0	0	0	0	0	0	0	0	0	0	0	0	0	0	34	0	0	0	0	0	0	0	0	0	0	0	0	0	0	0	0	0	0	0	0	0	0	0	0	0	0	0	0	0	0	0	0	0	0	0	0	0	0	4	0	0	0	0	0	0	0	0	0	0	0	0	0	574	0	0	0	0	72	0	0	0	0	0	0	15	0	0	0	0	0	0	0	0	0	0	0	0	0	0	0	0	0	0	0	0	0	0	0	0	0	0	0	0	0	0	0	0	0	0	0	0	0	0	0	0	253	0	0	0	0	0	0	0	0	0	0	0	0	0	0	0	0	0	0	0	0	0	2209	0	0	0	0	0	0	0	0	0	0	0	0	0	0	0	0	0	0	0	49	0	0	0	0	0	0	0	0	0	0	0	0	0	0	0	0	0	0	0	0	0	0	0	0	0	0	0	0	0	0	0	0	0	0	0	0	0	0	0	0	0	0	0	0	0	0	0	0	0	0	0	0	0	0	0	0	0	0	0	0	0	149	0	0	0	0	0	0	0	0	0	2	0	0	0	0	0	0	0	0	0	0	0	0	0	0	0	0	0	0	0	0	0	0	0	0	0	0	0	0	0	0
D206	0	0	0	0	0	0	0	0	3	0	0	0	0	0	0	0	3	0	0	0	0	0	0	5	0	0	0	0	0	0	0	0	0	0	0	0	0	0	3	0	0	0	0	0	0	0	0	0	2	0	0	0	0	0	0	0	0	0	5	0	0	0	0	0	0	0	148	0	4	0	0	0	0	2	0	0	0	0	0	126	0	0	0	6	0	0	0	0	762	0	0	0	0	25	0	1215	0	0	0	0	0	0	0	0	0	77	502	0	0	0	0	59	123	0	0	0	0	0	0	2	2	0	0	0	0	0	0	0	0	3	0	0	3	0	0	0	0	73	0	0	0	0	0	0	0	0	8	7	0	0	0	0	0	0	0	0	0	0	0	49	1	0	0	131	0	0	0	0	0	0	0	0	0	0	0	22	0	0	3	0	52	0	0	0	0	17	52	0	0	0	0	0	0	45	0	0	0	0	0	0	0	0	0	0	2358	0	0	0	0	0	0	0	0	0	0	0	0	0	0	0	0	0	0	0	0	0	0	0	2	0	0	0	0	0	2	0	0	0	0	0	0	0	0	0	0	0	0	0	0	0	0	0	0	0	3	0	0	0	15	0	0	0	0	0	0	0	31	0	0	0	43	0	0	0	0	0	0	0	0	0	0	0	0	0	0	0	3	0	2	0	0	0	10	0	0	0	5	0	60	0	0	0	10	0	0	0	0	0	0	0	0	3	0	0	0	0	0	0	0	0	0	0	0	0	0	0	0	0	0	0	0	0	0	0	0	28	0	0	6	3	0	0	0	0	0	1	0	0	12	0	9	0	9	0	0	0	0	0	0	0	2	0	0	0	0	0	4	0	0	0	0	0	0	7	0	0	0	0	0	0	0	0	5	2	0	0	0	0	0	0	0	0	0	0	10	0	0	6	0	0	0	0	0	0	0	0	0	0	0	0	0	0	0	5065	0	0	0	0	0	0	0	0	0	0	0	0	0	155	0	0	0	0	0	0	9	2	0	0	65	0	0	0	0	37	0	0	0	0	0	0	0	0	0	0	6	5	0	4	0	0	0	0	0	0	0	0	0	0	0	0	0	0	0	0	0	0	67	0	3761	187	0	0	0	0	0	0	0	0	4	0	0	0	0	0	0	0	0	0	0	9	0	297	0	0	0	2	0	0	0	0	0	0	146	0	0	0	0	0	0	0	0	0	0	0	2	0	0	0	5	0	0	0	0	0	0	0	0	157	0	0	0	0	0	0	0	0	0	0	0	0	0	0	2	12	0	0	0	47	0	0	0	0	0	0	0	0	0	0	0	0	0	0	0	6	0	0	0	0	0	0	0	8	0	0	0	0	1	0	0	3	0	0	0	0	2	0	0	0	0	6	2	0	0	0	0
D207	0	0	0	0	0	2	0	0	0	0	0	0	0	0	0	0	0	0	0	0	0	0	0	0	0	0	0	0	0	0	0	0	0	0	4	0	0	0	0	0	0	0	0	0	0	0	0	0	0	0	0	0	0	0	0	0	0	0	0	0	0	0	0	0	0	0	0	0	0	0	0	0	0	3	0	0	0	0	0	0	0	0	0	0	0	0	0	0	0	0	0	0	0	0	0	0	0	0	0	0	0	0	0	0	0	0	0	0	0	0	0	0	0	0	0	0	0	0	0	14	15	0	0	0	0	0	0	0	0	0	0	0	0	0	0	0	0	0	0	5	0	0	0	0	0	0	0	0	0	0	0	0	0	0	0	0	0	0	0	0	0	0	0	0	6	0	0	0	0	0	0	0	6	0	0	0	0	0	0	0	0	0	0	0	0	0	0	0	0	0	0	0	0	0	0	0	0	0	0	0	0	0	0	0	0	0	0	0	0	0	0	0	0	0	0	0	0	0	0	2	0	0	0	0	0	0	0	0	0	0	0	0	0	0	0	0	0	0	0	0	0	0	0	0	0	13	6	0	0	0	0	0	0	0	0	0	0	0	0	0	0	0	0	0	0	0	7	0	0	0	0	0	0	21	0	0	0	0	0	0	0	0	0	0	0	0	0	0	0	0	0	7	0	0	0	0	0	0	0	0	0	0	0	0	0	0	0	0	0	0	0	0	0	0	0	0	0	0	0	0	0	0	0	0	0	0	0	0	0	0	0	0	0	0	0	0	0	0	0	0	0	0	0	0	0	0	0	0	0	0	0	0	0	0	11	0	0	0	0	0	0	0	0	0	0	0	0	0	0	0	0	0	0	0	0	0	0	0	0	0	0	0	0	0	0	0	0	0	0	0	0	0	0	0	0	0	0	0	0	0	0	0	0	0	0	0	0	0	0	0	0	0	0	0	0	18	0	0	0	0	0	0	0	0	0	0	0	0	0	0	0	0	0	34	0	2	0	0	0	0	0	0	0	0	0	0	0	0	0	0	0	23	0	0	0	0	0	0	0	0	0	0	0	0	0	0	0	0	0	0	0	0	0	0	0	0	0	0	0	0	0	0	0	0	0	0	0	0	0	0	0	0	0	0	0	0	0	0	0	0	0	0	0	0	0	0	0	5	0	0	0	0	0	0	0	0	0	0	0	0	0	0	0	0	0	0	26	0	0	0	0	0	0	0	0	0	0	0	0	0	0	0	0	0	6	0	0	0	0	0	0	0	0	0	0	0	0	0	0	0	0	0	0	0	0	0	0	0	0	0	0	0	9	0	0	0	0	0	0	0	0	0	0	0	0	0	0	0	0	0	0	0	0	0	0	0	0	0	0	0	0	0	0	0	0
D208	0	19	203	1740	0	0	39	47	0	0	419	0	0	0	0	0	0	0	0	0	0	0	0	0	18	0	0	45	0	0	0	0	1287	0	0	0	0	0	0	0	203	0	0	0	0	352	0	83	0	0	0	0	0	1	0	0	5	0	0	0	11	0	0	0	19	35	0	0	11	0	0	0	5	0	73	13	0	0	0	0	0	0	0	3	0	0	0	0	0	0	0	0	0	0	1	0	0	826	0	13	0	0	0	2	45	0	1	0	12	5	0	0	0	0	0	0	0	155	0	0	0	0	0	29	0	0	0	42	0	0	0	0	0	0	34	0	0	0	0	0	0	73	0	0	6	0	0	0	2	0	0	0	8	8	18	0	134	0	0	0	20	0	0	0	0	0	0	0	0	0	0	0	1	1	0	0	0	0	0	0	0	0	40	0	0	0	0	0	0	79	0	479	0	0	0	0	0	0	0	0	0	0	0	0	0	0	0	41	553	0	4	0	0	0	0	0	142	0	0	0	0	19	13	0	0	0	3	3	0	2744	50	640	0	0	0	0	0	0	0	0	0	0	0	128	0	0	0	0	0	1	0	2	0	0	0	0	0	0	5	3	0	76	0	0	0	13	0	71	165	0	0	0	0	0	12	0	159	0	0	0	0	3	0	0	0	2	0	10	0	0	312	2	0	0	0	5	0	0	9	15	0	0	0	0	12	3	16	38	0	0	0	20	0	12	342	0	0	1090	59	3	0	0	0	0	10	0	2	114	0	0	0	232	1	0	133	0	0	0	2	0	156	0	484	0	42	0	0	19	0	0	23	0	0	0	0	3	0	0	0	0	0	0	20	0	0	41	0	95	0	14	39	4	0	0	0	19	0	0	0	16	0	0	0	0	2	572	0	33	0	90	3	0	0	0	0	0	0	0	0	0	0	82	0	0	0	0	0	0	3732	0	0	0	0	0	0	0	0	0	0	0	0	10	3103	0	0	0	0	0	0	0	0	0	9	0	0	0	38	0	0	0	0	0	0	0	0	8	0	2	0	23	11	11	0	0	0	0	6	0	177	0	0	2	0	0	0	33	3	2	0	0	0	0	3	0	0	12	0	0	0	0	0	0	0	0	0	73	0	0	0	0	0	0	0	0	0	0	4	10	5	0	0	0	0	0	0	91	0	0	51	11	0	21	0	0	27	0	0	0	3	2	35	0	0	33	164	0	0	0	0	0	0	0	8	0	148	0	4	0	0	0	0	11	0	80	0	0	0	0	74	152	0	0	0	0	0	0	26	0	0	0	8	0	0	15	0	0	3	0	0	0	136	0	0	0	0	0	0	0	26	0	648	0	329	0	0	719	0	0	0	0	0	0	99	0	0	0	0	0	145	0	0	0	2	0	137
D209	0	0	4	0	0	5	0	0	0	0	0	97	0	0	0	0	0	0	0	0	0	5	20	0	0	0	0	0	13	6	0	3	0	0	4	0	0	0	0	0	2	0	0	18	2	0	0	0	0	3	0	0	0	2	0	0	18	0	0	0	0	4	0	0	8	3	0	0	0	184	0	0	0	9	0	57	0	0	0	0	0	0	0	0	0	0	0	2	0	0	0	0	0	0	3	0	0	4	0	0	0	0	0	0	0	0	0	0	0	0	0	0	0	0	14	0	0	0	0	452	25	0	1	0	32	2	0	0	0	0	0	0	0	2	0	0	0	0	0	0	6	0	0	0	0	0	0	0	0	0	9	6	0	0	0	0	0	0	0	0	0	1	0	0	167	0	0	0	0	0	0	0	10	0	138	0	0	0	0	0	0	0	2	0	0	0	0	0	0	0	0	0	26	0	0	0	0	11	0	0	0	0	0	0	0	0	0	0	0	0	0	0	2	0	103	0	0	0	0	15	0	0	0	0	0	0	2	2	0	0	0	0	0	0	0	0	0	0	0	0	26	0	0	0	0	0	0	0	0	22	0	4	0	0	0	0	0	0	0	0	0	0	165	0	3	0	63	0	0	0	0	0	0	0	0	0	0	0	0	37	0	0	0	0	8	2	0	0	0	0	3	63	11	0	0	0	1	0	0	0	0	0	0	0	0	0	0	0	2	2	0	2	707	0	0	0	7	0	0	0	0	0	0	0	0	0	0	0	8	0	0	0	0	0	0	0	0	0	0	2	0	0	6	0	0	7	0	0	0	0	6	0	0	0	0	0	0	0	0	0	0	0	2	0	0	2	0	0	0	0	1294	0	0	0	0	0	0	0	18	21	0	0	0	0	299	0	0	0	0	3	0	0	0	5	0	0	0	0	0	0	2	0	0	0	0	4	0	20	0	0	0	0	16	0	0	3	0	3	0	0	0	0	0	0	0	0	0	0	0	0	0	0	0	3	6	3	0	0	0	0	0	0	0	0	0	0	0	0	0	5	0	48	0	0	0	0	0	0	0	0	24	0	0	13	0	6	19	0	0	0	0	0	2	0	0	0	0	0	0	0	37	0	25	0	26	0	0	0	3	0	0	0	0	0	0	0	0	0	0	0	0	0	5	0	0	0	0	0	0	0	0	0	0	0	0	0	0	0	15	0	0	0	0	4	11	0	16	0	5	0	0	0	0	0	3	0	0	0	21	0	0	0	0	0	4	2	0	0	0	0	7	0	3	0	0	0	0	0	0	0	1	0	0	0	4	0	0	0	0	0	0	5	21	24	13	0	0	0	0	0	0	0	9	0	0	0	0	0	0	0	0	0	0	0	0	0	0	0	0	6	0	0	0	3	0
D210	0	0	0	0	0	0	0	0	260	0	0	115	0	0	0	0	0	0	0	0	0	0	0	0	0	0	0	0	0	0	0	402	0	0	0	0	0	12	0	0	0	0	0	2	0	0	0	0	0	0	0	0	0	0	0	0	0	0	0	0	0	0	0	0	0	0	0	40	0	183	0	0	0	1437	0	0	0	0	0	0	0	0	0	0	0	0	0	0	0	0	0	0	0	0	0	0	0	0	0	0	0	0	0	0	0	0	0	0	0	0	0	0	0	0	0	0	0	0	0	0	0	0	0	0	0	0	0	0	0	0	0	0	0	0	0	0	0	0	0	0	0	0	0	0	0	0	0	0	0	0	0	0	0	0	0	0	0	0	0	0	0	0	0	0	42	0	0	0	0	0	0	0	0	0	0	0	0	0	0	0	0	0	0	0	0	0	0	0	0	0	0	0	1226	0	0	0	0	0	0	0	0	0	0	0	0	0	0	0	0	0	0	0	0	0	323	0	0	0	0	49	0	0	0	0	0	0	0	39	0	0	0	0	0	0	0	0	0	0	0	0	6998	0	0	0	0	167	0	0	0	0	0	0	0	0	0	162	0	0	0	0	25	0	12	0	0	0	286	0	0	0	0	0	0	0	0	0	0	0	0	0	0	0	0	0	208	0	0	0	0	0	9	1285	0	0	0	0	0	0	0	0	0	0	0	0	0	0	0	0	0	0	0	0	8	0	0	0	0	0	0	0	0	0	0	0	15	0	0	0	0	0	0	0	70	0	0	0	0	0	0	0	0	0	0	0	0	0	0	0	0	0	0	0	0	0	0	0	0	0	0	0	0	0	141	0	0	0	0	0	0	0	0	0	0	0	0	0	0	0	0	0	0	0	0	0	0	0	0	0	0	0	0	0	0	0	0	0	0	0	0	0	0	0	0	0	0	0	0	0	0	0	0	0	0	0	0	0	0	0	0	0	0	0	0	0	0	0	0	0	0	0	0	0	0	0	326	0	0	0	0	0	0	0	0	0	0	0	0	0	0	0	0	261	0	0	0	0	0	0	0	0	0	0	0	0	0	0	0	0	0	0	0	0	0	0	0	0	0	0	0	0	160	0	0	0	25	0	0	0	0	0	0	0	0	0	0	0	0	0	0	0	0	0	0	0	0	0	0	0	0	0	0	0	0	0	0	0	0	0	0	0	0	0	0	0	0	0	161	0	0	0	0	0	0	0	0	0	0	0	0	0	0	0	0	0	0	0	0	0	0	0	0	0	0	0	0	0	234	0	0	0	0	0	0	0	0	0	0	0	0	0	0	0	0	0	0	0	0	0	0	0	0	0	0	0	0	0	0	0	0	0	0	0	0	0	0	0	0	0	0	0	0	0	0	100	0
D211	0	0	0	0	0	0	0	0	22	0	0	0	0	0	0	0	0	0	0	0	0	0	0	0	0	0	0	0	0	0	0	0	0	0	0	0	0	0	0	6	0	0	0	0	0	0	0	0	0	0	0	0	0	0	0	194	0	0	0	0	0	0	0	0	0	0	0	29	0	0	0	0	0	0	0	0	0	0	0	0	0	0	0	0	0	48	0	0	0	0	0	0	0	0	0	0	0	0	0	0	0	0	0	0	0	0	0	0	0	0	0	0	0	0	0	0	0	0	0	0	0	0	3	0	0	0	0	0	0	0	0	0	0	0	0	0	0	0	0	0	0	0	0	0	0	0	0	0	0	0	0	0	0	0	0	0	0	0	0	0	0	0	0	0	0	0	0	0	0	0	0	0	0	0	0	0	0	0	0	0	0	0	114	0	0	0	0	0	0	0	0	0	0	0	0	0	0	0	0	0	0	0	0	0	0	0	0	0	0	0	0	0	0	0	0	0	0	8	0	0	0	0	0	0	0	0	0	5	0	0	0	0	0	0	0	0	0	0	0	0	0	0	0	0	0	0	0	0	0	0	0	0	0	0	0	0	0	0	0	0	150	0	0	0	0	0	0	0	0	0	0	0	0	0	0	0	0	0	1	0	0	0	0	0	9	0	0	0	0	0	0	0	0	0	0	0	0	0	0	0	10	0	0	0	0	0	0	0	0	0	0	1	0	0	0	0	0	0	0	0	0	0	0	0	0	0	0	0	521	0	0	0	6	0	0	0	0	0	0	5	0	0	0	0	0	8	4	0	0	0	0	0	0	0	0	0	0	0	0	0	0	0	0	0	0	0	0	0	0	0	0	0	0	0	0	0	0	0	0	0	0	0	0	0	0	0	0	0	0	0	0	0	0	0	0	0	0	0	0	0	0	0	0	0	0	0	0	0	0	0	0	0	0	0	0	0	0	0	0	0	0	0	0	0	0	0	0	0	0	0	0	0	0	0	0	0	0	0	0	0	0	0	0	0	0	0	0	0	0	0	5	59	0	0	0	0	0	0	0	0	0	0	0	7	0	2	0	0	0	0	0	37	0	0	0	0	0	0	0	0	0	0	0	0	0	0	0	0	0	0	0	0	0	0	0	0	0	2	0	0	0	0	0	0	0	0	0	14	0	0	0	0	0	0	0	0	0	5	0	0	0	0	0	0	0	0	279	0	0	0	0	0	0	0	0	0	0	0	0	0	373	0	0	0	0	0	0	0	0	0	0	0	0	0	0	0	0	0	0	0	0	0	0	0	0	664	0	0	0	0	0	0	0	0	0	0	0	0	0	0	0	0	202	0	0	0	0	0	0	0	0	0	0	0	0	0	0	0	0	0	0	0	0	6	0
D212	0	1	0	0	0	0	0	33	0	0	0	0	0	0	0	0	3	0	0	0	0	0	0	0	0	0	0	0	0	0	0	0	0	0	0	0	0	0	23	1	10	0	0	3	0	0	0	0	0	8	0	0	0	19	0	0	0	0	0	0	0	0	0	0	0	0	0	0	29	0	0	0	0	0	0	0	0	0	0	0	0	0	0	0	0	3	0	1	0	0	7	0	0	0	0	0	0	0	0	0	0	11	6	0	0	0	30	34	0	0	3	0	11	0	47	0	0	0	0	0	0	0	793	0	12	14	0	0	0	7	0	0	2	0	0	0	0	0	0	0	10	0	3	0	0	0	0	0	0	1	0	5	40	0	0	100	3	0	0	14	33	0	0	0	0	0	0	0	0	0	2	0	26	0	0	0	0	0	0	14	0	0	596	3	0	13	0	0	0	6	0	0	0	0	0	0	4	0	0	0	64	0	0	1	0	0	0	0	0	0	0	90	0	9	0	0	0	0	8	38	0	0	0	0	0	0	13	0	0	0	0	0	0	0	0	0	6	0	0	5	0	0	40	0	0	0	0	14	0	0	0	0	0	0	0	0	2	0	3	0	671	0	241	0	0	0	0	0	0	0	0	0	0	0	0	0	0	0	0	0	0	0	0	0	9	0	0	0	0	0	5	0	0	8	0	0	15	0	0	0	0	0	0	0	15	0	2	0	22	0	2	201	0	0	0	0	9	0	4	0	0	0	0	0	0	0	0	0	0	0	0	0	26	0	0	0	9	0	0	30	0	0	0	1	0	141	1	0	0	3	0	0	0	0	8	8	0	0	8	3	1	0	0	0	34	0	0	0	0	0	0	0	4	0	0	0	0	0	0	0	26	0	4	1	0	0	44	0	0	0	0	23	0	0	5	1	0	0	0	0	0	0	0	0	0	0	0	2	0	11	0	0	3	0	31	0	0	0	2	0	0	0	0	0	0	0	0	0	0	0	0	0	46	0	0	0	0	0	0	0	0	0	0	0	19	0	0	0	0	0	0	0	0	0	35	0	0	0	0	0	2	0	0	0	0	85	0	0	0	0	0	0	0	4	0	0	0	0	0	0	0	0	5	0	0	0	0	0	0	0	0	5	0	0	0	8	0	0	3	0	0	0	6	0	0	0	0	0	0	0	0	0	0	0	0	0	0	172	0	0	0	0	0	0	0	0	0	0	2	0	0	0	0	0	0	0	0	0	14	0	0	0	0	0	0	10	0	0	0	17	0	17	4	0	0	5	0	70	699	61	0	0	10	0	2	0	0	0	0	0	0	0	0	0	0	0	0	0	0	0	0	0	2	8	4	0	0	0	0	0	0	0	0	20	0	0	12	0	0	0	0	0	0	0	0
D213	0	0	0	0	0	0	0	0	12	0	0	0	0	0	20	0	0	22	0	0	0	0	34	0	0	0	0	0	0	0	86	0	0	0	0	0	0	0	5	794	0	0	2	13	0	0	0	0	0	0	87	0	0	0	0	10	1	0	0	0	0	0	0	0	0	0	206	0	2	0	457	0	0	0	0	0	0	0	204	102	0	0	0	0	0	0	0	0	1295	0	0	0	0	404	0	61	12	0	49	0	0	0	0	0	0	59	0	0	0	0	0	273	0	0	0	0	0	0	0	0	0	0	2	0	0	0	16	0	30	0	0	0	10	0	0	0	0	1705	0	0	0	0	9	0	0	0	25	47	0	0	0	0	2	0	0	0	0	0	0	0	0	0	0	118	108	0	2	0	0	0	0	0	0	0	0	1517	0	17	72	2	0	704	0	0	0	0	51	0	0	0	0	0	1814	272	1190	0	0	0	0	0	0	0	0	0	25	0	0	0	0	1	0	0	0	0	0	0	0	0	0	0	0	0	0	119	4162	0	0	0	0	0	0	0	11	26	0	0	0	321	0	44	0	0	0	0	0	0	0	105	4	0	0	0	0	0	22	0	25	0	12	0	0	0	0	133	0	0	3	0	0	9	14	0	0	0	0	0	0	0	0	0	0	0	0	88	0	0	1	0	70	1	0	0	4	0	0	0	882	0	0	0	0	0	8	0	0	0	14	0	0	0	0	2	0	0	0	0	0	0	0	0	76	0	0	0	0	0	0	0	0	0	0	0	19	0	0	556	0	0	47	6	0	0	0	0	0	4	3	0	67	0	1	0	46	73	0	0	9	0	278	0	0	0	0	0	0	0	31	0	9	0	0	0	27	0	0	0	2	0	0	0	0	0	14	0	0	0	0	0	0	0	6	0	2	0	6	0	66	28	16	1	18	0	0	0	18	0	0	0	0	0	0	0	0	263	0	0	0	1	0	0	0	0	0	0	0	0	0	443	41	3	125	3	4	0	0	0	0	0	583	0	0	368	0	41	48	0	84	0	91	53	0	0	0	0	88	12	0	0	0	0	0	0	12	0	0	1	0	0	0	4	0	0	0	10	160	0	337	9	1517	0	0	0	0	0	24	0	2	0	21	0	0	0	0	0	0	0	0	0	0	8	0	481	0	0	4	2	0	0	0	0	0	0	30	0	0	0	756	0	0	2	0	0	4	0	0	0	0	0	0	0	0	2	0	0	0	274	0	0	0	0	0	0	0	0	0	0	310	0	0	0	0	0	0	537	0	0	0	397	0	0	0	0	0	0	0	0	0	0	0	64	0	0	0	14	0	0	3	0	0	0	0	0	0	0	0	0	0	0	0	3	0	0	0	0	722	42	0	0	0	0	2	0	0	3	0
D214	0	0	0	0	0	0	0	11	0	0	0	0	0	0	0	0	0	0	0	0	0	0	0	0	0	0	0	0	0	0	0	0	0	0	0	0	0	0	2	0	0	0	0	0	0	0	0	0	0	0	0	0	0	0	0	0	0	0	0	0	0	0	0	0	0	0	0	3	0	0	0	0	0	0	0	0	0	0	0	0	0	0	0	0	0	0	0	0	0	0	0	0	0	0	0	0	0	0	0	0	0	0	0	0	0	0	0	0	0	0	0	0	0	0	0	0	0	0	0	0	0	0	0	0	0	0	0	0	0	0	0	0	0	0	0	0	0	0	0	0	0	0	0	0	0	0	0	0	0	0	0	0	0	0	0	2	0	0	0	0	0	0	0	0	0	0	0	0	0	0	0	0	5	0	0	0	0	0	0	0	0	0	10	0	0	0	0	0	0	4	0	0	0	0	0	0	0	0	0	0	2	0	0	0	0	0	0	0	0	0	0	0	0	0	0	0	0	0	0	0	0	0	0	0	0	0	0	0	0	0	0	0	0	0	0	0	0	0	0	0	0	0	0	0	0	0	0	0	0	0	0	0	0	0	0	0	0	0	0	0	11682	0	0	0	0	0	0	0	0	0	0	0	0	0	0	0	0	0	0	0	0	0	0	0	0	0	0	0	0	0	0	0	0	0	0	0	0	0	0	0	0	0	0	0	0	0	5101	0	0	0	0	0	0	0	0	0	0	0	0	0	0	0	0	0	0	0	0	0	19	0	0	0	12377	0	0	0	0	0	0	2	0	0	2	0	0	5	0	0	0	0	0	0	0	0	0	0	0	0	0	0	0	0	0	0	0	0	0	0	0	0	0	0	0	0	0	0	0	0	0	0	0	0	0	0	0	0	0	0	0	0	0	0	0	0	0	0	0	0	0	0	0	0	0	0	0	0	0	0	0	0	0	0	0	0	0	0	0	0	0	0	0	0	0	0	0	0	0	0	0	0	0	0	0	0	0	0	0	0	0	0	0	0	0	0	0	0	0	0	0	0	0	0	0	0	0	0	0	0	0	0	0	0	0	0	0	2	0	0	0	0	0	72	0	0	0	0	0	0	0	0	0	0	0	0	0	0	0	0	0	0	0	0	0	0	0	0	0	0	0	0	0	0	0	0	0	0	0	0	0	0	0	0	0	0	0	0	0	0	0	0	0	0	0	0	0	0	0	0	0	0	0	0	0	0	0	0	0	0	0	0	0	0	0	0	0	0	0	0	0	0	0	0	0	0	0	0	0	0	0	0	0	0	0	0	0	0	0	0	0	0	0	0	0	0	0	0	0	0	0	0	0	0	7781	0	0	0	0	0	0	0	0	0	0	0	0	0	0	0	0	0	0	0	0	0	0
D215	31	4	58	0	0	0	15	18	0	83	0	0	8	24	0	25	0	46	49	0	8	2	2	0	43	129	0	9	0	0	0	2	0	193	0	3	282	0	132	0	10	8	7	0	0	0	0	146	0	0	42	41	0	94	0	5	19	0	9	12	2	0	5	0	191	143	0	0	96	0	0	94	29	0	2	0	7	0	0	0	16	24	0	0	0	0	4	12	0	0	0	102	0	0	0	0	0	87	0	5	0	4	11	9	16	0	3	0	15	34	38	0	0	0	0	0	7	344	0	0	0	83	5	26	0	0	5	62	0	5	0	0	0	0	190	4	0	0	0	0	0	20	0	0	123	0	0	0	5	0	0	0	15	32	26	65	114	27	6	0	103	0	18	0	0	0	0	74	4	59	20	39	0	2	0	0	0	284	0	0	1	0	104	6	37	3	0	0	7	0	12	6	0	0	0	0	1	0	8	12	0	0	64	39	1	8	52	60	254	9	2	0	5	7	0	5	7	2	1	0	0	23	27	4	0	30	30	0	0	7070	0	436	0	2	0	1	0	0	9	0	0	3	26	37	25	0	0	0	4	0	0	19	0	25	0	0	112	0	23	3	0	128	0	0	0	54	0	41	0	2	0	0	17	0	23	7	47	0	0	0	0	5	29	0	71	73	0	5	0	0	524	0	7	95	1	3	5	0	4	0	0	22	311	0	0	19	18	25	3	0	113	258	0	25	175	0	0	36	68	54	0	0	0	18	0	7	23	14	4	24	0	120	834	21	511	0	0	0	0	27	288	0	0	49	2	31	0	38	0	69	81	0	0	0	0	9	2	15	0	13	10	83	0	0	0	45	0	8	0	28	4	14	0	0	408	0	32	165	0	11	0	0	0	0	0	328	4	13	8	57	2	27	0	0	0	34	0	0	0	0	5	52	17	7	0	0	15	0	100	0	11	4	0	0	0	0	43	1	7	0	0	15	145	2	2	20	0	0	0	0	0	0	22	0	0	2	0	22	0	126	167	0	4	0	0	2	0	0	0	20	30	0	0	0	5	3	7	1	67	10	0	35	0	0	6	194	0	25	22	0	3	2	0	52	0	51	0	0	0	0	0	36	0	94	0	16	0	33	0	32	0	13	67	0	0	7	4	19	4	0	167	0	0	3	0	634	699	0	61	10	0	21	0	11	1	41	0	0	0	11	22	136	0	13	122	52	0	0	20	8	56	94	21	196	18	0	23	0	0	46	0	28	0	8	0	10	0	8	54	23	110	0	173	0	39	5	16	0	0	0	290	33	6	219	0	0	31	35	42	0	144	0	0	5	0	2	9	0	37	3	29	2	30	3	0	2	0	3	1	0	5	0	41	0	0	31	0	4	498	20	0	0	0	56	26
D216	0	0	0	0	0	0	0	0	0	24	0	0	0	0	0	0	0	0	0	0	0	0	0	0	0	0	0	0	0	0	1248	0	0	0	0	0	11	0	0	0	0	0	0	0	0	0	0	0	0	0	19	0	0	0	21	0	0	0	0	0	0	0	0	0	0	0	5	0	22	0	0	0	0	0	0	0	0	3	331	559	0	0	0	0	0	0	0	0	53	0	0	0	0	886	0	0	0	0	33	0	0	0	0	1	0	768	0	0	0	0	0	452	3	0	0	0	0	0	0	3	0	0	0	0	0	0	11	0	194	0	0	0	0	0	0	0	0	1287	0	0	0	0	0	0	0	0	2	389	0	0	0	0	0	0	0	0	18	0	0	0	0	0	0	0	0	0	7	0	0	0	0	0	0	0	0	0	0	0	836	0	0	0	0	0	0	0	0	0	0	0	0	0	0	1272	2	0	0	0	0	0	0	0	22	0	78	0	0	0	0	0	0	0	0	0	0	0	0	0	0	0	0	0	0	0	0	0	8	0	0	0	3	0	21	28	0	0	0	13	0	0	13	0	0	0	0	0	0	18	2	0	0	0	0	0	5	0	0	0	28	0	0	0	0	0	0	0	0	0	0	0	42	0	0	0	0	0	0	0	0	0	0	11	0	0	0	0	81	0	0	0	0	0	0	0	0	0	0	0	0	0	0	0	0	0	0	0	0	0	0	0	0	0	0	0	0	0	0	0	0	0	0	0	0	0	0	15	0	0	0	0	0	0	0	0	0	712	0	0	8	0	0	0	0	0	0	0	0	0	447	0	0	0	108	117	0	0	0	0	182	0	0	0	0	0	0	0	823	0	214	0	0	0	39	0	0	0	0	0	0	0	0	0	0	0	0	0	0	0	0	0	0	0	0	0	0	0	926	0	46	180	0	0	0	0	312	0	0	0	0	0	0	0	0	31	0	0	0	0	0	0	4	0	0	0	0	0	6	252	462	0	434	0	0	0	0	0	0	0	831	0	0	0	0	4	13	0	384	0	0	0	0	0	0	0	243	0	0	0	0	0	0	0	114	0	0	0	0	0	0	0	0	0	0	0	0	0	274	571	247	76	0	0	0	0	0	0	89	0	0	0	0	0	0	0	13	0	0	0	0	3	0	60	0	0	0	0	0	0	0	0	0	0	35	0	0	0	462	0	0	0	0	0	1012	0	0	0	0	0	6	0	0	3	0	0	0	671	0	3	0	0	0	0	0	0	0	0	456	0	0	0	0	0	3	3053	0	0	0	0	0	0	0	0	0	0	0	0	0	0	0	363	0	0	0	0	0	0	0	0	0	0	0	0	0	0	0	0	0	0	0	0	0	35	0	0	1915	43	0	0	0	0	108	0	0	0	0
D217	0	0	0	0	0	778	0	0	0	0	0	0	0	0	0	0	0	0	0	0	0	0	2	0	0	0	0	0	2	0	0	0	0	0	0	0	0	0	0	0	0	0	0	0	0	0	0	0	0	0	0	0	0	0	0	0	0	0	0	0	0	0	0	91	0	0	0	0	0	0	0	0	0	0	0	0	0	0	0	0	0	0	0	0	0	0	0	0	0	2	0	0	0	0	0	0	0	0	0	0	1227	0	0	0	0	0	0	0	0	0	0	0	0	0	0	0	0	0	0	15979	0	0	0	0	11	12	0	0	0	0	0	0	0	0	0	0	0	0	0	7	31	0	0	0	0	4760	0	0	0	0	0	0	0	0	0	0	0	0	0	0	0	0	0	0	38	0	0	0	0	0	0	0	0	0	21195	0	0	0	0	0	0	0	0	0	0	0	0	0	0	0	0	0	0	0	0	0	0	6	0	0	0	0	0	0	0	0	0	0	0	0	0	0	0	0	0	0	0	0	0	9	0	0	0	0	0	0	0	0	0	0	0	0	0	0	0	0	0	0	0	0	6	0	0	0	0	0	0	0	0	2	0	0	0	0	0	0	0	0	0	0	0	0	159	0	0	0	5	0	0	0	0	0	0	0	0	0	0	0	0	0	0	0	0	0	0	0	0	0	0	0	2	0	0	0	0	0	0	0	0	0	0	0	0	0	0	0	0	0	0	0	0	0	0	3	0	0	5	0	0	0	0	0	0	0	0	0	0	0	0	0	0	0	0	0	0	0	0	0	0	0	0	0	0	0	0	0	0	0	0	0	0	0	0	0	0	0	0	0	0	0	0	0	0	0	2	0	0	0	0	0	0	0	0	0	0	0	0	0	3	0	0	0	0	0	0	0	0	0	0	0	0	0	0	0	0	0	0	0	0	0	0	0	0	0	0	5779	0	0	0	0	0	0	0	0	0	0	0	0	0	0	0	0	0	0	0	0	0	0	0	0	0	0	0	0	0	0	0	0	0	0	0	0	0	0	0	0	0	0	0	0	0	0	0	0	0	0	0	0	0	0	0	0	0	0	0	0	0	0	0	0	0	0	0	0	0	0	0	0	0	0	0	0	0	0	0	0	0	0	0	0	0	0	0	0	0	0	0	0	0	0	0	0	0	0	0	0	0	0	0	0	0	0	0	0	0	0	0	0	2	0	0	0	0	0	0	0	4608	23	0	0	0	0	0	0	0	0	0	0	0	0	0	0	0	0	0	0	2	0	0	0	0	0	0	0	0	0	0	0	0	0	0	0	0	0	5	0	0	0	0	0	0	0	0	0	0	0	0	0	0	0	0	0	0	0	0	0	0	0	0	0	0	0	0	7	0	0	0	0	0	0	0	0	0	0	3
D218	0	0	0	0	0	0	0	0	2	0	0	0	0	0	0	0	0	0	0	0	0	0	0	0	0	0	0	0	0	0	0	0	0	0	0	0	0	0	0	0	0	0	0	0	0	0	0	0	0	0	0	0	0	0	0	0	0	0	0	0	0	0	0	0	0	0	0	0	0	0	0	0	0	0	0	0	0	0	0	0	0	0	0	0	0	0	0	0	0	0	0	0	0	0	0	0	0	0	0	0	0	0	0	0	0	0	0	0	0	0	0	0	0	0	0	0	0	0	0	0	0	0	0	0	0	0	0	0	0	0	0	0	0	0	0	0	0	0	0	0	0	0	0	0	0	0	0	0	0	0	0	0	0	0	0	0	0	0	0	0	0	0	0	0	0	0	0	0	0	0	0	0	0	0	0	0	0	0	0	0	0	0	0	0	0	0	0	0	0	0	0	0	0	0	0	0	0	0	0	0	0	0	0	0	0	0	0	0	0	0	0	0	0	0	0	0	0	0	0	0	0	0	0	0	0	0	0	0	0	0	0	0	0	0	0	0	0	0	0	0	8	0	0	0	0	0	0	0	0	0	0	0	0	0	0	0	0	0	0	0	0	0	0	0	0	0	0	0	0	0	0	0	0	0	0	0	0	0	0	0	0	0	0	0	0	0	0	0	0	0	0	0	0	0	0	0	0	0	0	0	0	0	0	0	0	0	0	0	0	0	0	0	0	0	0	0	0	0	0	0	0	0	0	0	0	0	0	0	0	0	0	0	0	0	0	0	0	0	0	0	0	0	0	0	0	0	0	0	0	0	0	0	0	0	0	0	0	0	0	0	0	0	0	0	0	0	0	0	0	0	0	0	0	0	0	0	0	0	0	0	0	0	0	0	0	0	0	0	0	0	3	0	0	0	0	0	0	0	0	0	0	0	0	0	0	0	0	0	0	0	0	0	0	0	0	0	0	0	0	0	0	0	0	0	0	0	0	0	0	0	0	0	0	0	3	0	0	0	0	0	0	0	0	0	0	0	0	0	0	0	0	0	0	0	0	0	0	0	0	0	0	0	0	0	0	0	0	0	0	0	0	0	0	0	0	0	0	0	0	0	0	0	0	0	0	0	0	0	0	0	0	0	0	0	0	0	0	0	0	0	0	0	0	0	0	0	0	0	0	0	0	0	0	0	0	0	0	0	0	0	0	0	0	0	0	0	0	0	0	0	0	0	0	0	0	0	0	0	0	0	0	0	0	0	0	0	0	0	0	0	0	0	0	0	0	0	0	0	0	0	0	0	0	0	0	0	0	0	0	0	0	0	0	0	0	0	0	0	0	2	0	0	0	0	0	0	0	0	0	0	0	0	0	0	0	0	0	0	0	0	0	0	0	0	0
D219	0	0	158	10	0	0	0	0	0	9	16	0	0	0	60	2	1	64	0	24	2	52	0	0	0	0	0	0	0	0	0	0	0	0	0	0	70	0	0	0	0	0	8	0	0	0	0	0	0	0	31	0	2	0	0	9	0	64	71	0	5	0	0	0	0	5	2	0	1	0	3	0	0	0	0	0	2	89	0	0	11	15	9	0	1	0	105	26	0	59	0	0	0	0	17	0	0	0	2	0	0	0	0	0	0	0	196	0	0	61	37	0	1	12	0	0	12	261	0	0	0	4	0	0	0	0	0	6	0	0	22	0	34	0	0	16	2	406	0	0	0	0	55	9	9	0	0	0	141	3	0	0	11	1	0	14	2	0	5	0	57	0	1	0	0	1	11	19	0	0	24	0	0	0	0	3	5	67	0	0	10	0	0	5	51	0	0	0	28	0	55	6	0	0	0	0	0	0	23	48	0	71	3	0	0	2	26	8	3	4	5	0	0	0	0	0	49	0	0	0	0	0	0	134	0	4	0	0	641	0	97	0	0	0	104	2	0	0	10	0	0	0	0	1	0	0	0	11	26	0	0	0	7	100	0	0	0	48	211	0	0	3	0	0	0	4	0	0	1	0	0	9	0	0	0	4	0	0	0	0	0	60	0	0	0	5	0	3	0	5	180	0	50	3	0	0	0	3	293	2	0	0	337	2	7	0	0	0	1	0	16	0	0	0	8	4	0	0	0	0	0	0	0	0	0	7	0	0	0	0	20	9	0	0	0	0	746	2	0	0	0	0	0	0	0	68	0	0	0	5	27	0	0	0	0	0	29	0	90	0	19	56	0	0	0	0	0	0	113	0	0	0	10	0	4	0	3	0	0	0	0	0	9	0	0	0	0	0	2	90	2	29	24	0	39	5	0	3	3	48	0	11	6	0	0	0	3	0	0	0	0	0	0	0	0	0	39	3	0	0	0	2	0	16	0	0	10	0	7	27	0	74	47	0	0	0	0	0	0	0	9	0	0	0	11	12	0	2	2	514	0	0	291	0	63	1	5	0	0	0	0	0	0	0	9	3	0	3	3	222	107	0	0	510	0	0	2	0	0	0	0	0	0	4	0	4	53	0	0	0	0	236	2	0	66	4	4	0	2	0	0	0	0	9	3	28	0	0	0	11	0	4	0	0	0	9	3	0	0	32	6	0	0	0	0	7	0	0	0	15	82	31	2	3	0	0	0	0	0	2	0	0	0	0	0	19	0	0	1	3	0	0	18	3	2	2	0	11	0	2	0	6	0	18	0	0	128	2	4	0	26	0	3	0	0	2	2	230	0	0	0	0	0	10	2	10	4	2	0	14	0	40	6	0	2	15	8	13	29	0	0	11	0	0	0
D220	0	0	0	0	0	0	0	0	0	0	0	0	0	0	0	0	0	0	0	0	0	0	0	0	0	0	0	0	0	0	0	0	0	0	0	0	0	0	0	0	0	0	0	0	0	0	0	0	0	0	0	0	0	0	3	0	0	0	0	0	0	0	0	0	0	0	0	0	0	30	0	0	0	0	0	0	0	0	0	0	0	0	0	0	0	0	0	0	0	0	0	0	0	0	0	0	0	0	0	0	0	0	0	0	0	0	0	0	0	0	0	0	0	0	0	0	0	0	0	5	0	0	0	0	0	0	0	0	0	0	0	0	0	0	0	0	0	0	0	0	0	0	0	0	0	0	0	0	0	0	0	0	0	0	0	0	0	0	0	0	0	0	0	0	0	0	0	0	0	0	0	0	0	0	0	0	0	0	0	0	0	0	0	0	0	0	0	0	0	0	0	0	0	0	0	0	0	0	0	0	0	0	0	0	0	0	0	0	0	0	0	0	0	0	0	0	0	0	0	0	0	0	0	0	0	0	0	0	0	0	0	0	0	0	0	0	0	0	0	0	0	0	0	0	1	0	0	0	0	0	0	0	0	0	0	0	0	0	0	0	0	0	0	0	0	0	0	0	0	0	0	0	0	0	0	0	0	0	0	0	0	0	0	0	0	0	0	0	0	0	0	0	2	0	0	0	7	0	0	0	0	0	0	0	0	0	0	0	0	0	0	0	66	0	0	0	0	0	0	0	0	0	0	0	0	0	0	0	0	0	0	0	0	0	0	0	0	0	0	0	0	0	0	0	0	0	0	0	0	0	0	0	0	0	0	0	0	0	0	0	0	0	0	0	0	0	0	0	0	0	0	0	0	0	0	0	0	0	0	0	0	0	0	0	0	0	0	0	0	0	0	0	0	0	0	0	0	0	0	0	0	0	0	0	0	0	0	0	0	0	0	0	0	0	0	0	0	0	0	0	0	0	0	0	0	0	0	0	0	0	0	0	0	0	0	0	0	0	0	0	0	0	0	0	0	0	0	0	0	0	0	0	0	0	0	0	0	0	0	0	0	0	0	0	0	0	0	0	0	0	0	0	0	0	0	0	0	0	0	0	0	0	0	0	0	0	0	0	0	0	0	0	0	0	0	0	0	0	0	0	0	0	0	0	0	0	0	0	0	0	0	0	0	0	0	0	0	0	0	0	0	0	0	0	0	0	0	0	0	0	0	0	0	0	0	0	0	0	0	0	0	0	0	0	0	0	0	0	0	0	0	0	0	0	0	0	0	0	0	0	0	0	0	0	0	0	0	0	0	0	0	0	0	0	0	0	0	0	0	0	0	0	0	0	0	0	0	0	0	0	0	0	0	0	0	0	0	0	0	0	0	0	0	0	0
D221	0	0	0	0	0	0	0	0	0	0	0	57	0	0	0	0	0	0	0	0	0	0	0	0	0	0	0	0	0	0	0	0	0	0	18	0	0	0	0	0	12	0	0	0	0	0	0	0	0	41	0	0	0	0	54	0	0	0	0	0	0	0	20	0	0	0	0	0	0	0	0	0	0	0	0	0	0	0	0	0	0	0	0	0	0	0	0	0	0	0	0	0	0	0	0	0	0	0	0	0	0	0	0	0	0	0	0	0	0	0	0	0	0	0	23	0	0	0	0	385	6	0	0	0	9	0	0	0	0	0	0	27	0	0	0	0	0	0	0	0	0	0	0	0	0	180	0	0	0	0	0	0	0	0	0	0	0	0	0	0	0	0	0	0	0	0	0	0	0	0	0	0	0	0	45	0	0	0	0	0	0	0	0	0	0	65	0	0	0	0	0	0	0	0	0	0	0	0	0	0	0	0	0	0	0	0	0	0	0	0	0	0	0	0	46	0	0	0	0	0	0	0	0	0	0	0	0	0	0	0	0	0	0	0	0	0	0	0	0	0	89	0	0	0	0	0	0	0	0	0	0	0	0	0	0	0	0	0	0	0	457	0	14	0	0	0	0	0	0	0	0	0	0	0	0	0	0	0	0	225	0	0	0	0	0	0	0	0	0	0	0	0	0	0	0	0	0	0	0	0	0	0	0	0	0	0	0	0	0	0	0	0	13	43	0	0	0	0	0	0	0	0	0	0	0	0	0	0	20	0	0	0	194	0	0	0	0	0	0	0	0	0	0	0	0	15	0	0	0	0	0	0	0	0	24	0	0	0	0	33	0	0	0	0	0	0	0	0	0	0	368	0	0	0	0	0	0	0	0	0	0	0	0	0	0	0	0	0	0	0	0	0	0	0	0	0	0	0	0	0	0	0	0	0	0	0	0	0	0	0	0	0	0	0	0	0	0	0	0	0	0	0	0	0	0	0	0	0	0	0	0	0	0	0	0	0	0	0	0	0	0	0	0	0	0	0	0	0	0	0	1646	121	0	0	0	0	0	0	0	0	0	0	0	0	0	0	0	0	0	0	0	0	0	0	0	0	0	0	0	0	0	0	0	0	0	0	0	0	0	0	0	0	0	0	0	0	0	0	0	0	0	0	0	0	0	0	0	0	0	0	0	0	0	0	0	0	0	0	0	0	0	0	0	0	82	0	79	97	0	0	0	0	0	0	0	0	0	0	0	0	0	0	0	0	0	0	0	0	0	0	73	0	0	0	0	0	0	0	0	0	0	0	0	0	0	0	0	0	0	0	0	0	0	0	0	0	0	0	0	0	0	0	570	0	0	0	0	0	0	0	0	0	0	38	0	0	0	0	0	0	0	0	0	799	0
D222	0	0	0	0	0	0	0	2	0	3	0	0	0	0	0	0	4	0	0	14	0	0	0	0	0	0	0	0	0	0	0	0	15	0	0	0	0	0	0	180	0	0	0	0	0	0	0	0	3	0	48	0	0	0	0	0	0	2	0	0	0	0	0	0	0	1	1	0	0	0	0	52	4	0	1866	0	0	0	0	0	0	0	0	0	0	0	1	0	0	88	0	0	0	0	0	0	0	0	0	0	0	0	0	0	0	22	49	0	0	0	2	0	0	0	0	13	0	9	0	0	0	0	0	0	0	0	0	0	0	0	2	0	32	0	0	0	0	104	0	0	0	0	0	0	0	0	0	0	0	0	0	0	0	0	0	2	0	0	0	0	8	0	0	0	0	0	44	0	0	0	10	0	0	0	0	0	10	0	147	0	10	0	0	0	0	0	7	0	1	0	3	0	0	0	0	0	0	0	9	1	1	0	0	0	11	0	42	0	3	8	0	0	0	0	1	0	0	0	0	0	0	0	0	0	0	0	0	6	6	1	2	0	10	0	0	0	0	0	0	0	0	0	0	0	0	0	0	6	0	0	0	0	0	0	30	0	0	0	573	0	0	0	0	0	0	0	0	0	0	0	2	2	0	0	0	0	0	0	0	0	0	7	0	0	0	0	0	0	0	0	0	0	0	0	0	0	0	2	1465	0	0	0	242	0	4	0	28	3	0	11	0	0	0	0	0	5	0	0	0	0	0	0	0	5	0	0	0	0	0	0	2	0	0	0	0	0	0	0	0	0	0	0	0	0	0	7	0	0	0	0	0	0	0	16	3	0	20	0	5	0	0	0	0	0	0	0	1	0	9	0	0	0	0	0	0	6	0	0	0	0	0	0	2	0	0	0	0	0	0	0	0	0	4	0	0	0	0	0	85	0	12	0	0	0	6	0	0	0	0	479	0	0	0	0	0	0	4	0	0	0	3	0	0	0	0	0	73	0	0	1	0	0	1	0	0	0	0	0	0	0	89	0	0	0	72	0	13	0	10	131	0	7	0	0	0	0	0	0	0	0	0	0	3	0	0	0	0	0	0	0	0	0	0	12	0	0	0	0	0	122	0	0	0	0	0	0	0	0	43	0	0	0	0	0	0	0	0	0	0	0	0	5	0	51	0	5	0	0	0	3	0	0	0	0	0	2	9	0	0	0	0	0	0	0	0	0	0	0	0	0	91	3	0	0	0	0	0	2	0	0	0	0	15	0	0	0	31	2	0	0	0	0	0	0	0	3	0	47	0	3	0	0	0	134	0	0	4	0	0	0	0	0	0	0	0	0	0	2	0	0	0	0	2	0	0	0	103	0	0	0	0	0	0	0	0	10	234	0	0	0	0	18	0	0	0
D223	0	0	0	0	0	0	0	0	0	0	0	0	0	0	0	0	0	0	0	0	0	0	0	0	0	0	0	0	0	0	0	0	11	0	0	0	0	0	0	0	0	0	0	0	0	0	0	0	0	0	0	0	0	0	0	0	0	0	0	0	0	0	0	0	0	0	0	0	0	0	0	0	0	0	0	0	0	0	0	0	0	0	0	0	0	12	0	0	12	0	0	0	0	0	0	0	0	0	0	0	0	0	0	0	0	0	0	0	0	0	0	0	0	0	0	7	0	0	0	0	0	0	0	0	0	0	0	0	0	0	0	0	0	0	0	0	0	0	0	0	0	0	0	0	0	0	0	0	0	0	0	0	0	0	0	0	0	0	0	0	0	0	0	0	0	0	0	0	0	0	0	0	0	0	0	0	0	0	0	0	0	0	0	0	0	0	0	0	0	0	0	0	0	0	0	0	0	0	0	0	0	0	0	0	0	0	0	0	0	0	0	0	0	0	0	0	0	0	0	0	0	0	0	0	0	0	0	160	0	0	0	0	0	0	0	0	0	0	0	0	0	0	0	0	0	0	0	0	0	0	0	0	0	0	0	0	0	0	0	0	0	0	0	0	0	0	0	0	0	0	0	8	0	0	0	0	0	0	0	0	0	0	0	0	0	0	0	0	0	0	0	0	0	0	0	0	0	0	0	0	0	0	0	0	0	0	0	0	0	0	0	0	0	0	0	0	0	0	0	0	0	0	5	0	0	0	0	0	0	0	0	0	0	0	0	0	0	0	0	0	0	0	0	0	0	0	0	0	0	0	0	0	0	0	0	0	0	0	0	0	0	0	0	0	0	0	0	0	0	0	0	0	0	0	0	0	0	0	0	0	0	0	0	0	0	0	0	0	0	0	0	0	0	0	0	0	0	0	0	0	0	0	0	0	0	0	0	0	0	0	0	0	0	0	0	1	0	0	0	0	0	0	0	0	0	0	0	0	0	0	0	0	0	0	0	0	0	0	0	0	0	0	0	0	0	0	0	0	0	0	0	0	0	0	0	0	0	0	0	0	0	0	0	0	0	0	0	0	0	0	0	0	0	0	0	0	0	0	0	0	0	0	0	0	0	0	0	0	0	0	0	0	0	215	0	0	0	0	0	0	0	0	0	0	0	0	0	274	0	0	0	0	0	0	0	0	0	0	0	0	0	0	0	0	0	0	36	0	0	0	0	0	0	0	0	0	0	0	0	0	186	0	0	0	0	0	0	0	0	0	0	0	0	0	0	0	0	0	0	0	0	0	0	0	0	4308	0	0	0	0	0	0	0	0	0	0	0	0	0	0	0	0	38	0	0	0	0	0	0	0	0	0	0	0	0	0	0	0	0	0	0	0	0	0	0
D224	4	1	45	1	0	0	0	14	0	10	0	0	0	95	0	11	13	5	2	32	2	11	0	0	5	31	0	29	0	0	0	0	68	0	0	4	84	5	9	0	0	0	14	0	0	9	139	186	37	0	41	29	0	25	0	9	244	0	1	5	13	0	0	0	9	7	0	0	23	0	17	81	3	299	0	0	0	0	0	0	5	60	0	4	28	0	2	32	0	0	4	1	46	0	3	0	0	45	3	1	0	0	0	2	14	0	0	4	78	56	67	0	13	0	0	0	2	416	14	0	0	37	0	0	0	0	8	36	0	8	0	0	0	0	1	6	7	0	0	0	0	0	0	10	43	0	0	0	2	14	0	0	10	0	2	5	13	0	5	0	21	0	4	0	0	0	10	0	9	23	50	5	0	11	0	0	21	12	0	4	16	0	2	4	10	0	0	6	5	70	39	4	0	0	0	0	9	0	25	26	0	21	6	5	0	3	39	36	0	49	0	0	23	0	0	0	35	0	13	0	0	13	2	0	0	9	0	2	94	111	0	89	0	0	0	1	3	0	5	0	0	0	0	16	0	0	0	14	0	0	8	3	0	244	0	0	5	0	0	3	0	6	0	0	0	8	0	10	1	0	0	0	0	0	4	10	35	29	0	14	5	0	3	0	0	7	0	0	0	17	184	0	0	9	2	0	3	0	139	3	0	101	142	1	2	18	37	53	1	0	27	6	0	0	48	13	0	70	4	39	0	0	4	0	0	12	12	9	2	70	326	0	29	0	19	0	7	80	4	0	26	0	0	99	6	0	0	3	0	24	15	0	0	0	0	5	0	0	8	0	4	1	0	0	6	21	0	32	0	6	33	5	0	0	106	36	49	5	0	0	0	11	4	0	0	59	0	5	0	18	11	23	0	0	0	3	0	0	0	0	0	0	7	53	0	0	9	0	2	22	1	15	0	0	6	0	13	1	6	0	0	42	61	0	0	0	0	0	0	0	0	36	0	0	0	0	19	23	0	19	30	0	1	0	0	7	0	0	0	0	0	27	0	0	5	0	0	18	64	2	0	0	0	0	2	17	0	0	4	0	176	0	1	36	0	7	0	0	0	0	0	0	0	3	15	8	0	35	0	0	0	316	0	2	0	18	7	0	21	0	39	0	0	12	0	208	29	0	0	18	46	2	0	0	4	118	0	0	0	3	16	7	0	0	322	10	0	0	24	17	130	6	10	0	8	0	4	0	0	0	0	5	73	0	0	0	0	14	19	11	37	0	82	0	3	0	5	0	0	0	9	13	0	133	0	0	38	11	0	0	82	0	0	6	0	4	8	6	6	0	47	0	27	18	5	32	76	5	18	155	1	15	6	0	0	0	0	40	23	49	0	0	0	6	0
D225	0	0	0	0	0	98	0	0	29	0	0	0	0	0	0	0	0	0	0	0	0	0	21	0	0	0	0	0	42	7	0	0	0	0	9	0	0	0	16	0	0	0	0	0	65	0	0	0	0	31	0	0	0	0	10	0	32	0	0	0	0	6	0	22	0	0	0	0	0	131	0	0	0	0	0	0	0	0	0	0	0	0	0	0	0	0	0	0	0	0	0	0	0	0	7	0	0	0	0	0	9	0	0	0	0	0	0	0	0	0	0	0	0	0	251	0	0	0	0	1053	302	0	0	0	139	43	0	0	0	0	0	0	0	28	0	0	0	0	0	21	892	0	0	0	0	98	0	0	0	0	5	36	0	0	0	0	0	20	0	0	0	0	0	0	20	0	0	0	0	0	0	0	0	0	1773	0	0	0	0	0	0	0	19	0	0	0	0	0	0	0	0	0	11	0	0	9	0	0	0	0	0	0	0	0	0	0	0	0	0	0	0	0	0	0	0	0	0	0	0	109	64	8	0	0	0	0	0	0	0	0	0	0	0	0	0	0	0	0	0	0	105	0	0	0	0	0	0	0	0	12	0	0	0	0	0	71	0	0	0	0	0	0	1317	0	0	0	173	0	0	0	0	0	0	0	0	0	0	0	0	28	0	0	0	0	0	0	0	0	0	0	3	10	0	0	0	9	30	0	0	0	0	0	0	0	0	0	0	0	0	77	0	0	11	0	0	0	22	0	0	0	0	1193	0	0	0	0	0	0	0	0	0	0	140	0	0	0	0	0	0	17	0	11	0	0	0	0	0	0	0	0	0	0	0	0	24	0	0	0	0	0	0	0	0	0	0	0	0	0	0	0	0	0	0	0	0	0	0	0	71	0	0	0	0	0	0	0	0	0	0	0	0	0	0	35	0	0	0	0	0	0	0	0	0	0	0	82	0	94	0	0	0	0	42	0	0	0	0	0	0	24	0	0	0	0	0	0	0	0	0	0	0	0	0	0	0	0	0	0	0	0	0	0	0	0	0	0	0	0	0	0	0	53	0	135	0	0	0	0	0	0	14	0	0	0	25	0	13	0	0	0	0	0	0	0	0	0	0	0	0	0	470	0	230	0	51	0	0	0	0	0	0	0	0	0	0	0	0	0	0	0	0	0	69	0	0	0	0	0	0	0	0	0	0	0	11	0	0	0	0	0	0	0	0	0	0	0	1330	17	0	0	0	0	0	0	0	0	0	0	103	0	0	0	0	0	1384	0	0	0	0	0	18	0	0	0	0	0	0	0	0	0	0	0	0	0	57	0	0	0	0	0	0	0	0	0	0	0	0	0	0	0	0	0	7	0	0	0	0	0	0	0	0	0	0	75	0	0	0	0	0	0	0	0	0	126	0
D226	0	0	0	0	0	0	0	0	0	0	0	0	0	0	0	0	0	0	0	0	0	0	0	217	0	0	7	0	0	0	0	0	0	0	0	0	0	0	0	11	0	0	0	0	0	0	0	0	0	0	0	0	0	8	0	0	0	0	0	0	0	0	0	0	0	0	0	0	0	0	0	0	0	0	0	0	0	0	0	0	0	0	0	0	0	0	0	0	71	0	0	0	0	542	0	0	0	0	0	0	0	0	0	0	0	0	0	0	0	0	0	0	36	0	0	0	0	0	0	0	0	0	0	0	0	0	0	0	0	0	0	0	0	0	0	0	0	197	0	0	0	0	0	0	0	0	0	0	0	0	0	0	0	0	37	0	0	0	0	0	0	0	0	0	0	0	2	0	0	0	0	0	0	0	0	0	0	0	0	0	0	0	0	0	0	0	0	0	0	0	0	0	1	180	0	0	0	0	0	0	0	3	0	0	0	0	0	0	0	0	0	0	0	0	0	0	0	0	0	0	0	0	0	0	0	0	0	0	0	0	0	0	0	0	0	0	0	0	0	0	0	0	0	0	0	0	0	0	0	0	0	0	0	0	0	0	0	0	0	0	0	0	0	0	0	0	0	0	0	0	0	0	0	0	0	0	0	0	0	0	0	0	0	0	0	0	0	0	8	0	0	0	0	0	0	0	0	0	0	0	64	0	0	0	0	0	0	0	0	0	0	0	0	0	0	0	0	0	0	0	0	0	0	0	0	0	0	0	0	0	0	0	0	0	0	0	0	0	0	0	0	0	0	0	0	0	0	0	0	0	0	0	0	0	0	0	0	0	0	0	2	0	0	0	0	0	0	0	0	0	0	0	0	0	0	0	0	0	0	0	0	0	0	0	2	0	81	0	0	0	0	0	0	0	0	0	395	68	1	0	0	0	0	0	0	0	0	0	0	0	0	0	0	66	6	0	0	0	0	0	0	0	0	0	0	3	0	0	0	0	0	0	0	0	0	0	0	0	0	0	0	0	0	0	5	0	0	0	0	0	0	0	0	0	0	0	0	0	0	0	0	0	0	0	0	0	0	0	0	0	0	0	0	0	0	0	0	0	828	0	0	0	0	0	0	0	0	0	0	0	0	0	0	0	0	0	0	0	0	12	0	0	0	0	0	0	0	0	0	0	0	0	0	0	0	0	0	0	0	0	0	0	0	0	0	0	0	0	0	0	0	0	0	0	0	0	0	0	0	0	0	0	0	0	0	0	0	0	0	0	0	0	0	0	0	0	0	100	0	0	0	0	0	0	0	0	0	0	0	0	0	0	0	0	0	0	0	0	0	0	0	0	3	0	0	0	0	0	0	0	0	0	0	0	0	0	0	0	0	0	0	0	0	0	0
D227	0	0	0	10	0	0	0	0	0	0	3	0	2	0	0	0	0	0	0	1	8	0	0	0	0	184	0	0	0	0	0	0	0	11	0	0	10	0	0	0	0	0	0	0	0	0	0	0	0	0	0	0	0	0	0	22	25	0	0	0	0	0	0	0	0	0	0	0	26	0	0	0	41	0	2	0	0	0	0	0	0	0	2	0	0	0	106	0	0	0	0	0	13	0	0	0	0	0	0	0	0	2	0	2	0	0	4	0	0	14	0	0	0	10	0	0	9	4	0	0	0	6	12	9	0	0	0	0	0	0	0	0	0	0	0	0	0	0	0	0	0	2	2	0	29	0	0	0	19	0	0	0	0	2	63	30	13	0	10	4	252	0	0	0	0	0	0	0	4	0	0	0	0	7	0	0	14	0	0	0	4	0	5	12	7	1	0	0	4	28	12	200	0	0	0	0	0	0	2	0	0	0	9	0	0	0	23	11	7	15	82	0	0	0	0	0	8	1	0	0	0	1	0	0	0	70	0	0	0	0	2	55	0	0	0	0	0	0	0	0	0	0	0	0	0	0	0	1	0	0	0	0	0	3	0	0	0	0	6	2	0	3	0	0	0	4	383	43	0	0	0	0	0	0	0	0	0	21	0	0	0	59	0	0	131	0	0	7	0	0	347	0	0	0	86	5	0	0	4	0	0	16	0	0	0	2	0	13	0	0	2	4	0	0	488	2	0	6	5	10	0	0	0	0	0	0	0	2	0	0	25	16	95	0	0	0	0	0	0	0	0	0	3	0	0	0	0	7	0	0	13	0	0	0	0	0	0	17	0	0	2	9	0	0	0	9	0	2	0	32	2	0	0	2	7	4	0	1	0	0	0	3	0	0	0	5	0	78	0	655	2	2	14	0	0	0	0	0	0	8	0	0	1	0	0	0	5	0	0	0	0	0	0	0	0	0	4	5	0	0	0	0	2	0	0	0	0	0	0	0	0	11	26	0	0	0	2	57	0	3	0	0	0	0	0	8	0	0	0	18	0	0	0	0	0	10	1	2	5	0	0	0	0	0	0	136	0	0	17	0	39	0	0	0	0	0	0	0	0	0	0	5	0	0	0	2	0	3	5	17	0	0	6	0	0	0	2	0	0	0	15	0	0	0	0	0	0	0	0	0	5	0	0	0	0	914	0	0	0	6	0	0	0	5	0	0	0	0	0	3	379	4	0	0	1	0	0	0	0	4	0	37	0	1	0	4	0	0	0	56	0	0	0	0	0	0	6	0	4	11	0	0	4	12	0	0	74	8	0	0	96	0	0	0	0	4	0	0	0	0	0	0	3	0	27	0	0	2	7	0	6	0	18	0	0	0	0	10	1147	0	0	0	0	0	0
D228	4	0	0	0	0	0	0	0	0	0	0	0	0	0	0	0	0	0	17	13	0	0	0	0	0	0	0	0	0	0	0	0	0	0	0	0	7	0	0	0	0	0	0	0	0	0	0	3	0	0	6	2	0	0	0	0	0	0	0	0	0	0	0	0	0	0	0	0	0	0	0	18	0	0	0	0	0	0	0	0	0	0	8	0	0	0	6	33	0	0	0	9	0	0	0	0	0	0	0	0	0	0	0	0	0	0	2	0	0	0	0	0	0	0	0	0	0	22	0	0	0	5	0	0	0	0	0	0	0	0	0	0	2	0	0	0	0	0	0	0	0	0	0	0	4	0	0	0	0	0	0	0	0	0	0	0	0	0	0	0	0	0	0	0	0	0	16	0	2	0	0	0	0	0	0	0	2	8	0	0	0	0	0	0	0	0	0	0	0	0	0	0	0	0	0	0	0	0	0	0	0	0	0	0	0	0	0	0	0	0	0	0	0	0	0	0	0	0	0	0	0	0	0	0	0	0	0	9	5	0	0	0	0	0	0	0	0	0	0	0	36	0	0	0	0	0	0	0	0	0	22	0	0	0	0	0	0	0	0	0	0	0	0	0	0	0	0	1	0	0	0	0	0	0	0	0	1	0	0	0	0	0	0	0	0	22	0	0	0	0	57	0	0	0	0	0	0	0	0	0	0	0	0	0	0	0	0	0	0	0	0	0	0	0	0	9	0	7	0	0	0	0	0	0	0	0	0	0	0	0	0	0	0	0	13	0	0	0	0	0	0	0	0	0	0	0	0	0	0	0	4	0	0	0	0	0	0	1	0	0	0	0	0	0	0	0	0	0	0	0	0	0	0	0	0	6	87	0	0	0	0	4	0	0	0	0	0	22	2	0	0	0	0	0	0	0	0	3	252	0	0	0	0	0	0	0	0	0	0	0	0	0	0	0	0	0	12	0	5	0	0	0	0	0	0	0	0	3	0	0	0	0	0	4	0	0	0	0	0	0	11	0	1	0	0	0	0	0	0	111	0	0	0	0	0	0	0	0	0	0	0	0	0	0	0	0	0	0	0	0	3	0	0	31	0	0	0	0	0	31	0	13	0	0	0	0	0	3	0	0	0	0	0	0	0	0	2	0	2	0	0	0	0	0	0	37	0	0	0	0	0	0	0	0	0	2	0	0	0	0	0	0	0	0	0	0	0	0	0	2	3	0	0	2	4	0	0	0	0	0	0	0	0	0	0	0	0	0	0	0	0	0	7	0	0	0	2	98	0	0	0	6	0	40	0	0	0	0	0	0	2	0	0	0	0	0	0	0	0	0	0	3	2	0	0	0	71	0	0	148	0	0	0	0	6	0	0	0	0	85	0	0	0	0	0
D229	0	17	213	1968	0	0	24	16	0	0	286	0	1	1	0	0	0	0	0	0	0	0	0	0	7	0	0	29	0	0	0	0	1404	0	0	0	3	0	5	0	217	30	0	0	0	193	0	79	0	0	0	2	2	0	0	0	18	0	0	0	0	0	0	0	22	31	0	0	0	0	0	0	7	0	78	0	0	17	0	0	0	6	0	0	0	0	0	0	0	0	0	0	0	0	0	0	0	1007	4	3	0	0	0	7	76	0	6	0	6	15	0	0	0	0	0	0	7	301	0	0	0	0	0	1	0	0	0	56	0	0	0	0	7	0	17	2	0	0	0	0	0	69	0	0	17	0	0	0	0	0	0	0	9	3	3	0	178	0	12	0	83	0	0	0	0	0	8	0	0	0	0	0	0	0	0	0	1	0	0	0	0	0	38	0	0	0	0	14	0	49	0	941	0	0	0	0	0	0	0	0	27	0	0	0	0	2	0	133	804	0	0	0	0	7	0	0	93	0	0	0	0	24	76	0	0	0	1	5	0	5322	42	495	0	0	0	0	0	0	0	0	0	0	0	163	16	0	0	0	0	0	0	0	0	0	0	0	0	10	11	6	0	102	0	0	0	98	4	94	322	0	0	0	0	0	10	0	87	0	0	0	0	0	0	0	0	0	0	23	0	0	261	0	0	0	0	5	0	15	10	18	0	0	0	0	12	3	14	64	0	0	0	18	0	196	356	0	0	1288	120	5	0	0	0	0	11	0	0	118	0	0	0	253	0	0	135	0	0	4	2	0	142	0	393	0	33	0	0	36	0	0	5	0	0	0	0	13	0	0	2	0	14	0	42	0	0	34	0	66	0	2	71	0	0	5	0	8	0	0	0	10	0	0	0	0	27	622	0	0	2	156	2	0	0	0	0	0	0	0	0	2	11	99	0	0	22	0	0	0	3929	0	0	0	0	0	2	0	0	13	0	0	0	11	2163	0	0	0	0	0	0	0	0	0	34	0	6	0	58	0	0	0	0	0	0	0	0	94	0	0	0	7	0	3	0	0	0	7	8	0	195	0	0	1	0	0	0	86	9	3	0	0	0	0	1	0	0	37	0	0	0	0	0	0	0	2	0	17	1	0	0	0	0	0	0	0	0	0	8	2	2	0	0	0	0	0	0	94	0	0	0	3	0	27	0	0	36	2	0	0	6	9	20	0	0	37	343	1	0	0	28	0	0	1	16	0	224	0	9	0	0	0	0	7	0	66	0	0	0	0	68	262	0	0	0	0	0	0	5	0	0	0	32	0	0	45	0	0	2	0	0	0	151	0	0	26	0	0	0	0	51	0	1004	0	574	0	3	1060	0	0	0	0	0	0	70	0	0	0	0	0	221	0	0	6	1	0	174
D230	3	0	0	0	0	0	0	0	0	0	0	0	0	0	0	0	0	3	13	11	0	0	0	0	0	0	0	0	0	0	0	0	0	0	0	0	18	0	0	0	0	0	4	0	2	0	3	1	0	0	5	0	0	0	0	0	0	0	3	0	0	0	0	0	0	0	0	0	0	0	0	15	0	0	0	0	0	0	0	0	3	0	0	0	2	0	1	15	0	0	0	4	0	0	0	0	1	0	0	0	0	0	0	1	0	0	54	0	2	0	0	0	0	0	0	0	0	9	3	0	0	0	0	0	0	1	0	0	0	0	0	0	12	0	0	0	0	24	2	0	0	0	0	0	0	0	0	0	0	0	0	0	0	0	0	3	0	0	0	0	0	0	0	0	0	0	19	11	18	2	0	0	0	5	0	0	2	0	2	0	0	2	0	0	0	0	0	0	2	0	4	0	0	0	30	0	0	0	0	0	0	2	0	0	1	0	9	0	0	1	0	0	0	0	0	0	2	0	0	0	0	2	0	0	0	0	0	4	11	4	2	0	0	0	0	0	0	0	0	2	0	0	0	0	0	0	0	0	0	0	13	0	0	3	0	0	0	0	0	0	0	0	0	0	0	0	0	0	0	6	0	4	0	2	0	0	0	0	0	0	0	0	0	0	0	21	0	0	0	0	34	0	0	0	0	0	0	0	0	0	0	4	1	3	0	0	0	0	0	0	0	0	0	0	0	0	0	7	0	0	0	0	0	0	0	4	0	0	0	0	0	0	5	4	5	0	0	1	0	0	0	0	1	2	0	0	0	0	0	0	0	0	0	0	0	0	0	1	0	0	0	0	0	0	0	0	0	0	0	0	0	0	0	0	0	5	91	0	0	0	0	0	4	0	0	2	0	16	0	1	0	0	7	0	0	0	0	2	164	0	0	0	0	0	0	0	0	0	0	0	0	0	0	0	3	0	9	0	8	0	0	0	0	0	0	0	3	0	0	0	0	14	0	0	0	0	0	0	0	0	10	0	0	0	0	0	0	0	0	47	0	0	0	0	0	0	0	0	0	0	0	0	0	0	0	0	0	0	0	3	19	0	0	0	0	0	0	0	0	9	0	15	0	0	0	0	0	0	0	0	0	24	0	0	3	0	0	0	0	0	0	0	0	0	0	39	0	0	0	0	0	0	0	0	0	11	0	0	0	0	0	0	0	0	0	0	0	0	0	4	0	1	0	3	0	0	0	0	0	0	0	0	0	0	0	0	0	2	0	4	0	0	6	0	0	0	0	96	0	0	0	5	0	37	2	0	0	0	0	0	9	0	0	0	0	0	0	1	0	0	0	0	5	3	0	0	71	2	1	90	0	7	0	0	5	0	0	0	0	49	0	0	0	0	0
D231	0	12	0	0	0	0	0	8	2	0	0	0	0	0	0	0	0	0	0	0	0	0	0	0	0	1	0	0	0	0	0	0	0	0	0	0	0	0	1	22	0	0	0	0	0	0	0	0	0	0	0	0	0	0	0	22	0	11	0	0	0	0	0	0	0	0	0	0	0	0	0	0	0	0	0	0	0	3	0	0	0	0	0	0	0	2	0	0	0	12	1	0	0	0	0	0	0	0	0	0	0	0	7	0	0	0	15	0	0	0	0	0	1	0	0	0	0	0	0	0	0	0	275	0	0	0	0	0	0	0	0	0	40	0	0	0	0	0	0	0	0	0	33	0	0	0	0	0	0	0	0	0	0	0	0	17	2	0	0	1	41	26	0	0	0	0	0	0	0	0	88	0	0	0	0	0	0	0	0	81	0	0	549	3	0	0	0	0	0	464	0	6	0	0	0	0	0	0	0	0	0	0	0	0	0	0	0	0	0	0	0	5	0	3	0	0	0	0	9	0	0	0	0	561	0	0	5	35	0	0	0	0	0	0	0	0	6	0	0	4	0	0	41	0	5	0	0	6	0	0	0	0	0	0	0	0	0	0	15	0	163	0	0	0	0	0	0	0	0	0	0	0	0	0	0	0	0	0	0	0	0	9	0	0	140	0	0	0	0	0	0	0	0	0	0	0	0	0	11	0	0	0	0	0	0	0	9	0	22	0	1	368	0	0	0	0	0	0	0	0	0	0	0	0	11	0	0	0	56	0	0	0	0	0	0	0	34	0	0	55	0	0	0	0	0	236	6	2	0	0	0	0	0	0	0	243	0	0	0	0	22	2	0	0	0	0	0	0	1	0	0	0	0	0	0	0	0	0	0	0	0	0	0	3	0	0	0	0	0	0	0	0	0	0	0	7	0	0	0	0	2	0	0	0	71	0	0	0	0	152	0	0	0	0	37	0	0	0	0	0	2	0	0	0	4	0	0	0	0	0	0	0	38	0	0	0	0	0	0	0	0	0	0	0	82	0	0	0	0	0	0	0	0	0	0	2	0	0	0	0	0	0	0	0	0	76	0	0	0	0	0	0	0	0	0	0	0	0	0	0	0	0	0	0	0	0	0	0	0	0	0	0	0	9	0	0	0	137	0	0	0	0	0	5	0	0	0	0	38	0	0	0	0	0	0	0	0	66	0	0	0	0	0	0	0	0	0	0	0	0	27	0	0	0	0	0	0	0	0	0	1	0	0	12	0	19	0	0	0	0	0	7	0	0	0	0	0	63	0	40	0	0	119	0	0	59	0	0	0	3	8	0	0	0	0	0	0	0	0	0	0	0	57	0	0	0	0	0	0	0	0	0	0	0	0	0	0	0	0	0	0	0	0	7	0
D232	0	0	0	0	0	196	0	0	26	0	0	0	0	0	0	0	0	0	0	0	0	0	0	0	0	0	0	0	7	0	0	0	0	0	0	0	0	0	2	0	0	0	0	0	0	0	0	0	0	0	0	0	0	0	0	0	0	0	0	0	0	0	0	26	0	0	0	0	0	15	0	0	0	0	0	0	0	0	0	0	0	0	0	0	0	0	0	0	0	0	0	0	0	0	0	0	0	0	0	0	8	0	0	0	0	0	0	0	0	0	0	0	0	0	7	0	0	0	0	486	22	0	0	0	0	0	0	0	0	0	0	0	0	0	0	0	0	0	0	0	0	0	0	0	0	45	0	0	0	0	0	0	0	0	0	0	0	0	0	0	0	0	0	0	46	0	0	0	0	0	0	0	0	0	1481	0	0	0	0	0	0	0	0	0	0	0	0	0	0	481	0	0	232	0	0	55	0	0	0	0	0	0	0	0	0	0	0	0	0	0	0	0	0	0	0	0	0	0	0	78	16	0	0	0	0	0	0	2	0	0	0	0	0	0	0	0	0	0	0	0	7	0	0	0	0	2	0	0	0	0	0	0	0	0	0	0	0	0	0	0	0	0	133	0	0	0	0	0	0	0	0	0	0	10	0	0	0	0	0	0	0	0	0	0	0	0	0	0	0	0	0	0	0	0	0	0	3	0	0	0	0	0	0	0	0	0	0	0	0	95	0	2	0	0	0	0	0	0	0	0	0	6	0	0	0	0	0	0	0	0	0	0	1	0	0	0	0	0	0	5	0	2	0	0	0	0	0	0	0	0	0	0	0	0	2	0	0	0	0	0	0	0	0	0	0	0	0	0	0	0	0	0	0	0	0	0	0	0	5	0	0	0	0	0	0	0	0	0	0	0	0	0	0	1	0	0	0	0	0	0	0	0	0	0	0	12	0	3	0	0	0	0	0	0	0	0	0	0	0	0	0	0	0	0	0	0	0	0	0	0	0	0	0	13	21	0	0	0	0	0	0	0	0	0	0	0	0	0	0	0	0	0	0	0	0	0	0	0	0	0	5	0	0	0	0	0	0	0	0	0	0	0	2	0	0	0	0	0	0	0	0	0	0	0	0	0	0	0	0	0	0	0	0	0	0	0	0	0	0	0	0	0	0	0	0	0	0	0	0	0	0	0	0	0	0	0	0	0	0	0	0	0	0	0	0	0	0	71	2	0	0	0	0	0	0	0	0	0	30	0	0	0	0	0	63	0	0	0	0	0	16	0	0	0	0	0	0	0	0	0	0	0	0	0	3	0	0	0	0	0	0	6	0	0	0	0	0	0	0	0	0	0	0	0	0	0	0	0	0	0	0	0	0	0	0	0	0	0	0	0	0	0	0	0	0
D233	0	2	7	0	32	0	0	3	0	181	67	0	3	0	0	3	0	0	0	159	0	0	0	0	0	0	0	0	0	0	0	0	20	0	0	15	138	0	0	0	0	7	21	0	0	3	148	0	0	0	357	3	0	0	0	3559	2532	0	33	0	34	0	0	0	25	33	0	0	10	0	0	0	0	0	66	0	12	3	0	0	21	5	0	4	144	0	110	0	1	1	0	179	28	0	0	0	0	0	0	0	0	0	0	0	0	0	0	0	0	0	0	2	0	7	0	0	1	0	8	0	0	0	0	2	0	0	0	0	0	0	36	7	6	0	0	0	0	0	2	0	0	0	0	5	52	0	2	0	0	0	0	0	0	2	0	0	14	0	0	0	0	0	25	0	0	0	0	49	0	20	0	0	468	7	0	0	0	0	2	0	2	0	1	0	7	0	0	3	1	2384	22	0	0	0	0	0	0	1	6	0	0	0	20	6	4	4	197	24	0	184	23	0	0	0	0	13	0	0	0	0	0	0	4	0	0	0	2	0	0	0	11	0	0	0	0	14	0	0	115	0	0	2	0	0	0	0	0	0	0	0	18	0	8	6	0	0	0	0	2	0	0	18	0	0	0	0	0	0	0	0	0	3	5	0	0	3	0	234	0	0	7	45	17	0	0	87	0	14	0	0	28	0	0	0	16	0	0	0	0	158	0	0	3	0	0	4	982	0	0	0	0	0	0	0	60	4	0	55	0	0	0	0	0	59	0	4	4	0	0	0	209	193	1478	0	10	0	1	0	0	0	0	0	0	0	3	0	0	0	0	27	128	0	0	0	0	0	4	0	0	0	0	422	375	0	0	0	0	0	0	0	0	2	0	0	219	3	0	0	0	1	0	0	0	0	0	35	0	0	1	98	0	0	129	0	0	0	0	2	0	0	0	134	1	0	0	0	0	0	0	0	27	0	0	0	0	0	151	0	2	0	0	0	0	0	0	0	0	2	0	0	0	0	0	0	0	0	0	0	0	13	60	0	0	0	0	0	0	0	0	0	0	0	0	0	0	26	6	0	0	0	0	0	0	1	2	0	0	4	0	0	394	3	0	0	0	2	0	0	12	0	0	60	0	9	0	7	0	12	2	0	0	0	109	2	103	6	0	0	7	2	0	0	0	3	0	1468	3	0	0	0	109	4	0	8	2	162	0	0	0	142	29	0	0	0	0	3	0	0	0	10	119	45	7	6	2	0	2	0	0	4	0	0	0	0	0	0	0	0	0	3	0	0	6	8	7	0	3	0	0	0	0	0	0	1	0	0	44	0	67	0	401	0	0	0	0	0	4	0	9	1	0	0	60	2	7	0	0	2	5	0	62	15	0	0	0	0	0	0	912	0	0	0	17	0	0
D234	0	0	0	0	0	0	0	0	0	0	0	0	0	0	0	0	0	0	0	0	0	0	0	2452	0	0	0	0	0	0	2	0	0	0	0	0	0	0	0	0	0	0	0	0	0	0	0	0	0	0	0	0	0	393	0	0	0	0	0	0	0	0	0	0	0	0	0	0	0	0	0	0	0	0	0	0	0	0	0	0	0	0	0	0	0	0	0	0	0	0	0	0	0	148	0	0	0	0	0	0	0	0	27	0	0	2	0	296	0	0	0	0	597	0	0	0	0	0	0	6	0	0	0	0	0	0	0	0	0	0	0	0	3	0	0	0	0	200	0	0	0	0	0	0	0	0	0	4	0	98	0	0	1	0	0	0	0	0	0	593	0	0	0	0	0	0	3	0	0	0	0	0	0	0	0	8	0	0	0	0	0	248	0	0	0	0	0	0	0	0	0	0	6	0	0	0	0	0	0	0	0	126	0	0	7	0	0	0	0	0	0	0	0	0	0	0	0	0	0	0	0	0	0	0	511	0	15	0	1	0	0	0	5	0	0	0	0	0	0	0	0	4	0	0	0	0	0	0	0	0	0	0	0	0	0	0	0	0	0	0	0	0	0	0	0	0	0	2	0	0	0	0	0	0	0	0	0	0	0	0	0	0	0	0	0	0	0	0	2	0	7	0	0	0	0	0	0	0	0	0	23	0	0	0	0	0	0	0	0	0	0	0	0	0	0	0	0	0	0	0	0	0	0	0	0	0	0	0	0	0	0	0	0	0	0	2	0	0	0	0	0	0	0	0	0	0	0	0	5	0	5	0	0	0	0	0	0	0	0	0	10	0	0	0	0	0	0	0	0	0	0	0	0	0	0	0	0	0	0	0	0	0	0	0	0	0	822	0	0	0	0	0	0	0	0	0	384	0	0	0	0	0	0	0	0	0	0	0	0	0	0	0	0	0	0	0	0	0	0	0	0	0	0	0	0	0	0	0	0	0	0	0	0	0	0	0	0	0	0	0	0	0	0	0	656	0	0	0	0	0	0	0	0	0	0	0	0	0	0	0	0	0	0	0	0	0	0	0	0	0	0	0	0	0	0	0	0	0	5170	0	0	0	0	0	0	0	0	0	0	82	0	0	0	0	0	0	0	0	0	0	0	0	0	0	0	0	0	0	0	0	0	0	2	0	0	0	0	0	0	0	0	0	0	0	0	0	0	0	0	0	0	0	0	0	0	0	0	0	0	0	0	0	0	0	0	0	0	0	0	0	0	0	16	0	0	0	0	663	0	0	0	0	0	0	0	2	0	0	0	0	0	0	0	0	0	0	0	6	0	2	0	0	0	0	0	0	0	0	0	0	0	0	0	0	0	0	0	0	0	0	0	0	0	0	0
D235	0	0	0	0	0	0	0	0	0	0	0	0	0	0	0	0	0	0	0	0	0	0	0	0	5	0	0	0	0	0	0	0	0	0	0	0	0	0	0	0	0	0	0	2	0	0	0	0	0	0	0	0	0	0	0	0	0	0	0	0	0	0	0	0	0	0	0	0	0	0	0	0	0	0	0	0	0	0	0	0	0	0	0	0	0	0	0	0	0	0	0	0	0	0	0	0	0	0	0	0	0	0	0	0	0	0	0	0	0	0	0	0	0	0	0	0	0	0	0	0	0	0	0	0	0	0	0	0	0	0	0	0	0	0	0	0	0	0	0	0	0	0	0	0	0	0	0	0	0	0	0	0	0	0	0	0	0	0	0	0	0	0	0	0	0	0	0	0	0	0	0	0	0	0	0	0	0	0	0	0	0	0	0	0	0	0	0	0	0	0	0	0	0	0	0	0	0	0	0	0	0	0	0	0	0	0	0	0	0	0	0	0	0	0	0	0	0	0	0	0	0	0	0	0	0	0	0	0	0	0	0	0	0	0	0	0	0	0	0	0	0	0	0	0	0	0	0	0	0	0	0	0	0	0	0	0	0	0	0	0	0	0	0	0	0	0	0	0	0	0	0	0	0	0	0	0	0	0	0	0	0	0	0	0	0	0	0	0	0	0	0	0	0	0	0	0	0	0	0	0	0	0	0	0	0	0	0	0	0	0	0	0	0	0	0	0	0	0	0	0	0	0	0	0	0	0	0	0	0	0	0	0	0	0	0	0	0	0	0	0	0	0	0	0	0	0	0	0	0	0	0	0	0	0	0	0	0	0	0	0	0	0	0	0	0	0	0	0	0	0	0	0	0	0	0	0	0	0	0	0	0	0	0	0	0	0	0	0	0	0	0	0	0	0	0	0	0	0	0	0	0	0	0	0	0	0	0	0	0	0	0	0	0	0	0	0	0	0	0	0	0	0	0	0	0	0	0	0	0	0	0	0	0	0	0	0	0	0	0	0	0	0	0	0	0	0	0	0	0	0	0	0	0	0	0	0	0	0	0	0	0	0	0	0	0	0	0	0	0	0	0	0	0	0	0	0	0	0	0	0	0	0	0	0	0	0	0	0	0	0	0	3	0	0	0	0	0	0	0	0	0	0	0	0	0	0	0	0	0	0	0	0	0	0	0	0	0	0	2	0	0	0	0	0	0	0	0	0	0	0	0	0	0	0	0	0	0	0	0	0	0	0	0	0	0	0	0	0	0	0	0	0	0	0	0	0	0	0	0	0	0	0	0	0	0	0	0	0	0	0	0	0	0	0	0	0	0	0	0	0	0	0	0	0	0	0	0	0	0	0	0	0	0	0	0	0	0	0	0	0	0	0	0	0	0
D236	0	0	0	0	0	0	0	0	0	0	0	0	0	0	0	0	0	0	0	0	0	6	0	3	0	0	0	0	0	0	0	0	0	0	0	0	0	0	0	28	0	0	0	0	0	0	0	0	0	5	0	0	0	111	6	0	0	0	35	0	0	0	0	0	0	0	1	0	0	0	0	0	0	0	0	0	0	0	0	0	0	0	0	0	0	0	0	0	0	0	0	0	0	36	0	0	0	0	6	0	0	0	1	0	0	0	4	19	0	0	0	12	166	0	0	0	0	0	0	1	0	0	0	0	0	0	0	0	0	0	0	0	4	0	0	0	0	98	0	0	0	0	0	0	0	0	3	3	0	15	0	0	4	0	0	0	0	0	0	0	2	0	0	6	6	0	0	0	0	0	0	0	6	0	0	0	0	0	0	0	0	6	3	0	0	0	0	0	0	0	0	0	5	0	0	0	0	0	0	0	0	85	0	0	28	0	0	0	0	0	0	5	0	0	0	0	0	3	0	0	0	0	0	0	0	0	0	0	62	0	0	0	0	0	0	0	0	0	0	0	0	0	0	0	0	9	0	6	0	0	0	0	0	0	0	0	4	0	0	0	0	0	0	0	0	0	0	8	0	0	0	0	0	0	0	0	0	0	0	0	0	0	0	0	0	0	0	0	0	4	0	0	0	0	0	0	0	0	0	0	20	0	0	0	0	0	0	0	0	0	0	0	0	0	0	0	0	0	0	0	0	0	0	0	0	0	0	0	0	0	0	0	0	0	0	0	0	0	0	0	0	0	0	0	0	0	0	0	0	0	4	0	0	0	0	0	0	0	0	0	20	0	0	0	0	0	0	0	0	0	0	0	0	0	0	0	0	0	0	0	0	0	0	0	0	0	52	0	0	0	0	0	0	0	0	0	124	0	19	0	0	0	0	0	0	0	0	0	0	0	0	0	0	0	0	0	0	0	0	0	0	0	0	0	0	36	0	23	0	0	0	0	0	0	9	5	0	0	0	0	0	0	0	6	0	0	2	0	0	0	0	0	0	0	0	0	0	0	0	0	0	0	0	0	0	0	0	0	0	0	0	0	0	0	0	0	0	0	667	0	0	0	0	0	0	0	0	0	0	0	0	0	0	0	0	0	0	0	0	275	0	2	0	0	0	0	0	0	0	0	0	0	24	0	0	0	0	0	0	0	0	0	0	0	0	0	2	0	2	0	0	0	0	0	0	0	0	0	0	0	0	0	0	0	0	0	3	0	0	0	0	0	6	1	0	0	0	258	0	0	0	0	0	0	0	0	0	0	0	0	0	0	0	0	0	0	0	108	0	0	0	6	0	0	0	0	2	0	0	0	0	10	0	0	26	0	0	0	0	21	0	0	0	0	0
D237	0	0	0	0	0	0	0	0	0	0	0	0	0	0	0	0	0	0	0	0	0	0	0	0	0	0	0	0	0	0	0	0	0	0	0	0	0	0	0	0	0	0	0	0	0	0	0	0	0	0	0	0	0	0	0	0	0	0	0	0	0	0	0	0	0	0	0	3	0	0	0	0	0	1228	0	0	0	0	0	0	0	0	0	0	0	6	0	0	0	0	0	0	0	0	0	0	0	0	0	0	0	0	0	0	0	2	0	0	0	0	0	0	0	0	0	0	0	0	0	0	0	0	0	0	0	0	0	0	0	0	0	0	0	0	0	0	0	0	0	0	0	0	0	0	0	0	0	0	0	0	0	0	0	0	0	0	0	0	0	0	0	0	0	0	0	0	0	0	0	0	0	0	0	0	0	0	0	0	0	0	0	0	3	0	0	0	0	0	0	0	0	0	0	0	0	0	0	0	0	0	0	0	0	0	0	0	0	0	0	0	0	0	0	0	0	0	0	0	0	0	0	0	0	0	0	0	0	0	0	0	0	0	0	0	0	0	0	0	0	0	0	0	0	0	0	0	0	0	0	0	0	0	0	0	0	4	0	0	0	0	0	0	0	0	0	0	0	0	0	0	0	0	0	0	0	0	0	0	1	0	0	0	0	0	0	0	0	0	0	0	0	0	0	0	0	0	0	0	0	0	0	0	0	0	0	0	28	0	0	0	0	0	0	0	0	0	0	0	0	0	0	0	0	0	0	0	0	0	0	0	0	0	29	0	0	0	0	0	0	0	0	0	0	0	0	0	234	0	0	0	0	0	0	0	0	0	0	0	0	0	0	0	0	0	0	0	0	0	0	0	0	0	0	0	0	0	0	0	0	0	0	0	0	0	0	0	0	0	0	0	0	0	0	0	0	0	0	0	0	0	0	3	0	0	0	0	0	0	0	0	0	0	0	6	0	0	0	0	0	0	0	0	0	0	0	0	0	0	0	0	0	0	0	0	0	0	0	0	0	0	0	0	0	0	0	0	0	0	0	0	0	0	0	0	0	0	0	0	0	0	0	0	0	0	0	2	0	0	0	0	0	3	0	0	0	0	0	0	0	0	0	0	0	0	0	0	0	0	0	0	0	0	0	0	0	0	0	0	0	0	0	0	0	0	0	0	0	0	0	0	0	0	0	0	0	0	0	0	0	0	0	0	0	0	0	0	0	0	0	0	0	0	0	0	0	0	0	0	0	0	49	0	0	0	0	0	0	0	0	0	0	0	0	0	0	0	0	0	0	0	0	0	0	0	0	0	0	0	0	0	0	0	0	0	0	0	0	0	0	0	0	0	0	0	0	0	0	0	0	0	0	0	0	0	0	0	0	0	0	0	0	0	0	43	0
D238	0	0	3	0	0	6	0	0	0	0	0	31	0	0	0	0	0	0	0	0	0	0	4	0	0	0	0	0	7	0	0	0	0	0	0	0	0	0	6	1	0	0	0	0	0	0	0	0	0	0	0	0	4	0	271	0	0	0	0	0	0	2	1	0	0	0	0	0	0	283	2	0	0	0	0	21	0	0	0	0	0	0	0	0	0	0	0	2	0	4	0	0	0	0	0	0	0	5	0	0	0	3	0	0	0	0	0	0	0	0	0	0	3	0	0	0	0	2	0	53378	89	0	0	0	26	0	0	0	0	0	0	0	0	0	0	4	0	0	0	10	4	0	0	0	0	0	0	0	0	0	4	3	0	4	0	0	0	0	0	0	0	0	0	0	69	0	0	0	0	0	3	0	25	0	4289	0	0	0	0	0	0	0	0	0	0	2	0	0	0	0	0	0	0	0	0	0	0	0	0	0	0	0	0	3	0	0	0	0	0	0	0	0	0	0	0	0	0	0	0	0	0	0	0	0	0	0	0	0	0	0	0	0	0	0	0	0	0	0	0	0	426	0	0	0	0	0	0	0	0	0	0	0	0	0	0	0	0	0	0	0	0	0	190	0	2	0	23	0	0	0	0	0	0	0	0	0	0	0	0	7	0	0	0	0	0	0	0	0	0	0	8	116	0	0	0	2	5	0	0	0	0	0	0	0	0	0	2	0	0	2	0	5	111	0	0	0	0	0	2	0	0	1	0	0	3	0	0	0	0	0	0	0	11	0	3	0	0	0	0	2	0	0	10	0	0	0	1	0	0	0	0	0	0	0	0	3	0	0	0	0	0	0	0	0	7	0	0	0	0	0	65	0	0	0	0	0	0	0	2	0	0	0	0	0	1	0	0	0	0	0	0	0	0	0	0	0	0	0	0	0	0	0	0	0	0	6	0	2	0	0	0	0	5	0	0	0	0	0	0	0	0	0	0	0	0	0	0	0	0	0	0	0	0	0	0	0	0	0	0	0	0	0	0	0	0	0	0	0	0	0	0	29	0	0	0	0	0	0	0	0	4	0	0	0	0	2	5	0	2	0	0	0	0	1	0	0	0	4	0	0	0	0	14	0	0	0	0	0	0	0	0	0	0	0	0	0	0	0	0	0	0	0	0	0	0	0	0	0	0	0	0	0	0	0	0	0	0	0	0	0	0	0	0	0	5	0	54	0	22	0	2	2	0	0	0	0	0	0	75	0	0	0	0	0	0	0	0	0	0	0	0	0	0	0	0	0	0	2	0	6	0	0	0	0	0	0	0	0	0	0	0	12	0	2	0	0	0	0	0	0	0	0	0	0	0	0	0	0	0	0	0	0	0	8	0	0	0	0	0	0	0	0	0	7	0
D239	0	0	6	0	0	238	0	0	0	0	0	7	0	0	0	0	0	0	0	0	0	0	47	0	0	0	0	0	186	14	0	6	0	0	58	0	0	0	10	0	0	0	0	0	2	0	0	4	0	114	0	0	0	0	722	1	0	0	0	0	0	102	19	30	0	0	0	46	0	36	0	0	0	0	0	29	0	0	0	0	0	0	0	0	0	0	0	0	0	297	0	0	0	0	4	0	0	0	0	0	3	0	0	0	0	0	0	0	0	0	0	0	0	0	1596	4	0	0	0	2051	414	0	0	0	465	169	0	0	0	0	0	4	0	62	0	1	0	0	0	35	806	1	0	0	0	232	0	0	0	0	11	131	0	0	0	0	0	0	0	0	0	36	0	0	94	0	0	0	0	0	0	0	135	0	443	0	0	0	0	0	0	0	14	0	0	0	0	0	0	3	0	0	0	0	0	54	0	22	0	0	2	0	0	0	0	0	0	0	0	0	0	0	0	0	0	0	0	0	0	900	278	0	0	0	0	0	0	3	0	0	0	0	0	0	0	0	0	0	0	0	2865	0	0	0	3	0	2	0	0	82	0	0	0	0	0	74	0	0	0	0	0	0	5155	0	14	0	4730	0	0	0	0	0	0	0	0	0	0	0	0	82	0	2	0	0	2	0	0	0	0	0	11	6309	17	0	0	8	33	0	0	0	3	0	0	0	0	0	67	0	3	89	0	5	1772	0	2	0	153	0	0	0	0	277	0	0	0	0	0	0	80	0	0	0	463	0	0	0	0	0	0	18	0	4	0	0	0	7	92	0	0	0	0	7	0	0	343	0	0	0	0	8	0	0	0	0	0	3	0	0	0	3	0	0	0	0	0	0	0	0	315	48	0	0	0	0	0	0	0	0	0	0	0	0	0	162	0	0	0	0	0	0	0	0	0	0	0	1	0	188	0	0	0	0	64	0	0	0	0	0	0	11	0	0	0	0	6	0	0	0	0	0	0	0	0	0	3	14	0	0	0	0	0	0	0	0	0	0	0	0	0	0	29	212	0	171	0	0	0	0	0	0	106	0	0	0	0	37	2	0	0	0	0	0	1	0	0	0	0	0	0	0	46	0	925	0	0	0	0	0	7	0	4	0	0	0	0	0	0	0	0	0	6	0	113	6	0	0	0	0	0	0	0	0	0	0	0	0	0	0	0	0	0	0	0	21	0	0	87	91	0	0	0	0	0	0	0	0	0	0	1757	0	0	0	0	2	26	0	0	0	0	0	0	0	0	0	0	0	0	0	0	31	0	0	0	0	126	0	0	0	0	0	0	0	0	19	10	0	0	0	0	0	0	0	0	0	0	0	0	0	0	0	0	0	0	785	0	0	0	0	0	0	0	0	0	155	0
D240	0	0	0	0	0	0	0	0	0	0	0	0	9	0	0	0	1	2	0	0	0	0	0	0	0	0	0	0	0	0	817	0	0	0	0	0	0	0	2	1835	0	0	0	0	0	0	0	0	0	0	14	0	0	0	0	0	1	24	0	0	0	0	0	0	0	0	133	0	0	1	17	0	0	0	0	0	0	6	815	0	2	0	3	0	0	0	2	0	243	0	0	0	0	365	227	15	58	0	6	0	0	0	0	587	0	0	10	1	0	7	0	354	30	0	0	0	0	0	0	0	0	0	0	0	0	0	2	0	77	0	0	0	12	0	0	0	0	279	0	0	0	0	0	0	0	0	0	61	3	0	3	0	6	0	0	0	2	0	0	0	6	0	0	290	0	4	24	0	0	0	0	0	0	0	0	66	0	15	153	5	7	105	8	0	4	0	3	4	0	0	4	0	0	2980	312	0	0	0	3	4	0	6	4	0	29	0	0	0	0	0	0	0	0	0	0	0	0	0	0	0	0	0	0	10	832	0	0	0	5	0	3	0	15	6	13	0	0	0	0	28	0	0	1	0	0	0	0	178	1	0	0	0	0	0	8	0	1	0	174	0	0	0	0	930	0	0	0	0	0	0	0	2	0	0	0	0	0	0	0	0	0	3	0	558	0	0	147	0	0	0	0	1	2	3	0	0	0	3	8	0	0	0	23	1	5	0	20	0	0	0	0	6	0	0	0	0	0	0	0	0	446	0	0	0	0	0	0	0	0	0	0	0	0	0	0	790	3	0	2	0	0	0	0	0	0	5	0	0	0	2	0	0	66	0	0	0	2	0	47	0	0	2	0	0	0	0	0	0	279	0	0	0	0	0	0	0	0	0	0	0	12	0	6	926	0	0	0	0	10	0	0	0	3	0	5	0	2963	655	1	1	8	0	0	0	0	0	0	0	0	0	0	0	0	10296	1	0	0	0	0	0	25	0	0	0	0	0	8	1446	0	5	308	0	4	0	0	0	0	0	550	0	0	1116	5	0	10	0	34	0	8389	0	3	0	3	0	9	0	0	0	0	0	0	0	126	0	0	8	0	0	0	0	0	0	0	392	106	0	2328	1	1738	24	0	0	0	0	0	0	0	0	0	0	0	2	0	0	0	0	3	0	0	65	0	2504	0	7	1	0	0	0	0	2	0	0	8	2	0	0	3	0	0	0	0	0	0	0	0	0	0	0	0	0	0	0	0	2	0	45	0	0	0	0	0	0	0	0	0	0	49	0	0	0	0	0	2	777	0	0	0	0	0	0	0	0	0	6	0	0	0	0	0	154	2	0	0	0	0	0	0	10	0	0	0	0	0	0	0	5	0	0	0	10	0	0	0	0	7083	4	67	4	0	0	20	6	0	0	0
D241	0	0	0	0	0	76	0	0	6	0	0	29	0	0	0	0	0	0	0	0	0	0	38	0	0	0	0	0	0	0	0	0	0	20	2	0	0	0	0	55	0	0	0	0	2	0	0	0	0	2	0	0	0	0	669	0	0	0	0	0	0	0	0	0	0	9	0	0	0	159	0	0	0	0	0	13	0	0	0	0	0	0	0	0	0	0	0	0	0	8	0	0	0	0	323	0	0	0	0	0	0	5	0	0	4	0	0	0	0	0	0	0	0	0	0	0	0	0	0	22120	0	0	0	0	7	0	0	0	0	0	0	0	0	0	0	0	0	0	0	0	0	0	0	0	0	1	0	0	0	0	15	4	0	0	0	0	0	0	0	0	2	0	0	0	150	0	0	0	0	0	15	0	0	0	314	0	0	0	0	0	0	0	0	0	0	0	0	0	0	5	0	0	1526	0	0	6	0	33	0	0	0	0	0	0	0	0	0	0	0	0	0	0	0	0	12	0	0	0	0	0	0	0	0	0	0	0	0	0	0	0	0	0	0	0	0	0	2	0	0	0	804	0	0	0	0	12	0	0	0	49	0	0	0	0	0	20	0	0	0	0	0	0	33	0	0	0	0	0	0	0	0	0	0	0	0	0	0	0	0	0	0	0	0	0	16	0	0	0	0	0	0	11	2	0	0	0	0	0	5	0	0	0	0	0	0	0	0	0	0	36	0	0	44	0	0	0	4	0	0	0	0	6	0	0	0	0	0	0	0	0	0	0	0	0	0	0	0	0	0	0	0	0	4	0	0	0	0	0	0	0	0	0	0	0	0	0	0	0	0	0	0	0	162	0	0	0	0	0	0	0	23	0	0	0	0	0	0	0	0	20	0	0	0	0	0	0	0	0	0	0	0	0	0	0	0	0	0	0	0	0	0	0	0	0	0	13	0	4	0	0	0	0	9	0	0	0	0	0	0	0	0	0	0	0	0	0	0	0	0	0	0	0	1	0	20	0	0	0	0	0	0	0	0	0	0	0	0	0	0	0	3	32	0	0	0	0	0	0	0	0	0	0	0	0	0	1	3	0	0	0	0	0	1	0	0	0	0	0	0	0	18	0	0	0	1	0	0	0	0	0	0	0	0	0	0	0	0	0	0	0	0	0	0	12	0	0	0	0	0	0	0	0	0	0	0	0	0	0	0	0	0	0	0	20	0	0	30	0	3	0	0	0	0	0	0	0	0	0	8	0	0	0	0	0	0	0	0	0	0	0	0	0	0	0	0	0	0	0	0	0	0	0	0	0	0	0	0	0	0	0	0	30	21	16	0	0	0	0	0	0	0	0	0	0	0	0	0	0	0	0	0	0	0	0	0	0	0	0	0	0	0	0	0	0	0
D242	0	16	0	0	0	21	0	0	0	0	0	420	0	0	0	0	0	0	0	0	0	0	327	0	2	0	0	0	47	25	0	0	0	0	0	0	0	0	0	4	0	0	0	33	0	0	0	0	0	6	0	0	0	0	0	0	4	0	0	0	0	29	0	0	2	0	0	0	0	104	9	0	0	0	0	104	0	0	0	0	0	0	0	0	0	0	0	0	0	49	0	0	0	0	19	0	0	0	0	0	0	0	0	0	0	0	8	0	0	0	0	0	0	0	60	19	0	0	0	0	32	0	5	0	53	0	0	1	0	0	0	7	0	10	0	0	0	0	0	0	31	0	0	0	0	0	0	0	0	0	29	3	0	0	0	0	0	0	0	0	7	0	0	0	115	0	5	0	0	0	0	0	0	0	87	0	0	0	0	0	0	0	0	0	0	0	0	0	0	17	0	0	4	0	0	1	2	7	0	0	0	0	0	0	0	0	9	0	0	0	0	0	2	0	23	0	7	0	0	89	0	0	0	0	0	0	0	0	0	0	0	0	0	0	0	0	0	0	0	0	40	0	0	0	0	17	0	4	0	319	0	14	0	0	0	0	0	0	0	0	0	0	465	0	6	0	41	0	0	0	0	0	0	0	0	0	1	0	0	924	0	0	0	0	122	0	0	0	0	0	1	184	11	0	0	0	0	0	5	0	0	0	0	0	9	9	0	0	0	22	0	3	625	6	0	0	11	0	0	0	0	6	2	0	0	0	0	0	0	0	0	0	0	0	0	2	0	0	0	2	0	0	0	0	0	4	0	0	0	0	8	0	0	0	0	0	0	0	0	0	0	0	17	0	0	8	0	0	0	0	654	0	0	0	0	0	0	0	30	531	0	0	0	0	26	0	0	0	0	0	0	0	0	22	0	0	0	0	0	0	0	0	0	0	0	3	0	58	0	0	0	0	54	0	0	0	0	1	0	3	0	0	0	0	1	0	0	4	0	0	0	0	0	0	6	0	0	0	0	0	0	0	0	0	0	0	0	0	0	0	0	3	7	32	0	0	0	0	0	8	50	0	0	10	0	22	6	0	0	0	0	0	0	0	0	0	0	0	0	0	135	0	66	0	43	0	0	0	0	0	0	0	0	0	0	0	0	67	0	0	0	0	50	0	0	0	0	0	0	0	0	0	0	6	0	0	0	0	22	0	0	0	0	11	0	0	0	3	9	0	0	0	0	0	0	0	0	0	153	0	0	0	0	0	67	0	0	0	0	0	0	0	0	0	0	0	0	0	0	0	0	0	0	0	3	0	0	0	0	0	0	16	334	23	101	0	0	0	0	0	0	0	324	0	0	0	0	0	0	0	0	0	0	17	0	0	0	0	0	5	0	0	0	24	0
D243	0	0	0	0	0	407	0	0	70	0	0	24	0	0	0	0	0	0	0	0	0	0	7	0	0	0	0	0	88	0	0	0	0	0	48	0	0	0	3	0	0	0	0	0	19	0	0	0	0	0	0	0	0	0	57	0	71	0	11	0	0	24	150	211	0	0	0	0	0	251	0	0	0	0	0	16	0	0	0	0	0	0	0	0	0	0	0	0	0	6	0	0	0	0	3	0	0	0	0	0	9	0	0	0	0	4	0	0	0	0	0	0	0	0	759	2	6	0	0	6034	455	0	7	0	342	171	0	0	0	0	0	0	0	2	0	0	0	0	0	2412	387	0	0	0	0	662	0	0	0	0	0	29	0	0	0	0	0	38	0	0	0	0	0	0	81	0	0	0	0	0	2	0	0	0	791	0	0	0	0	0	0	0	12	0	0	6	0	0	0	0	0	3	43	0	0	10	3	7	0	0	0	0	0	0	0	0	0	0	0	0	0	3	0	0	12	0	0	4	0	304	44	0	0	0	0	0	0	322	0	0	0	0	0	0	0	0	0	0	0	0	166	0	0	0	0	0	20	0	0	13	0	0	0	0	0	0	1	0	0	0	0	0	6250	0	19	0	553	0	0	0	0	0	0	327	0	0	0	0	1	15	0	0	0	0	3	0	0	0	0	0	0	110	0	0	0	0	8	0	0	0	0	0	0	0	0	0	2	0	0	76	0	76	52	0	0	0	207	0	0	0	0	52	0	0	6	0	0	0	0	0	0	0	167	0	0	0	0	0	0	23	0	1	4	0	0	0	26	0	0	0	0	1	0	0	71	0	0	0	0	0	0	0	55	0	2	0	0	0	0	0	8	0	0	0	0	0	0	0	201	12	7	0	0	0	42	0	0	0	0	0	0	0	0	57	0	0	0	0	0	0	0	0	0	0	0	119	0	98	0	0	0	0	82	0	0	3	0	0	0	21	0	0	0	0	9	0	0	0	0	0	0	0	0	0	12	0	0	0	0	0	0	0	0	0	0	0	0	0	0	0	13	334	0	23	0	0	0	0	0	0	719	0	0	0	0	136	0	0	0	0	0	0	4	0	0	0	0	0	0	0	57	0	14	0	98	0	0	0	0	0	0	0	4	0	0	0	0	4	0	0	0	0	256	13	0	0	0	51	0	0	0	0	0	0	2	0	0	0	0	0	0	0	0	0	13	0	381	190	615	0	0	0	4	0	0	0	0	7	62	0	0	0	0	0	46	0	0	0	0	0	0	0	0	0	0	0	0	0	0	0	0	0	0	0	158	0	0	0	0	15	0	116	0	33	5	0	0	0	0	0	2	0	0	0	0	0	0	0	0	0	0	0	0	419	0	0	0	0	6	0	0	0	0	2	0
D244	12	0	147	0	0	0	2	6	0	122	0	0	0	0	0	14	2	0	10	0	2	0	20	0	46	30	0	1	0	0	0	0	0	112	0	0	0	0	179	0	0	13	0	0	0	1	0	89	0	0	0	29	1	84	0	2	363	0	4	0	1	0	26	0	197	0	0	0	1	0	0	0	40	0	0	17	0	1	0	0	0	0	0	0	30	0	0	50	0	0	0	45	0	0	0	0	0	72	0	0	0	8	1	0	0	0	1	0	0	11	0	0	0	0	0	3	8	267	9	0	0	3	0	0	0	0	0	0	0	0	0	2	0	0	9	0	15	0	4	0	0	0	1	0	6	0	0	0	0	2	0	0	3	16	27	0	4	0	3	0	434	0	0	0	0	0	0	0	0	27	4	65	0	1	0	0	1	0	0	0	3	0	11	0	43	1	0	0	0	35	0	10	0	0	0	0	4	0	141	0	0	0	0	0	0	0	0	3	0	0	0	0	14	0	0	4	60	0	0	0	0	14	40	0	0	13	0	11	0	1947	0	165	0	0	0	0	0	0	0	0	0	0	3	35	0	9	0	0	0	5	0	3	0	0	0	0	0	2	1	7	0	3	0	0	0	2	0	0	34	0	0	0	0	0	1	13	115	0	0	4	0	6	0	0	0	0	0	0	0	19	1448	0	0	91	5	0	15	11	15	1	0	66	0	0	0	0	40	13	0	0	335	42	0	301	35	0	1	66	2	15	0	0	3	0	0	0	8	9	0	34	0	38	2	0	460	0	0	3	0	68	26	0	4	9	0	0	6	35	0	167	2	0	0	0	0	0	0	2	0	0	0	14	0	0	0	11	0	4	0	0	45	10	0	4	23	0	73	0	0	27	3	0	0	0	0	71	0	0	0	0	0	0	0	0	0	1	0	0	0	0	0	0	0	88	0	0	0	0	28	0	0	4	0	0	0	0	0	0	0	0	0	48	149	14	0	51	0	0	0	0	0	81	0	0	0	0	27	0	0	51	0	0	0	0	0	0	0	5	0	0	0	0	0	0	0	23	0	11	13	6	0	0	0	0	2	286	0	6	65	0	0	3	6	199	0	6	0	0	0	0	0	0	0	8	0	0	0	20	0	0	0	0	0	3	0	1	2	9	9	0	74	0	0	1	0	357	2774	0	0	37	0	9	0	0	0	24	0	0	0	41	0	31	0	7	1840	0	0	0	2	9	0	46	3	6	0	0	0	3	0	5	0	67	88	8	0	0	0	0	40	12	0	0	306	0	2	0	130	0	1	0	17	24	0	1	0	0	15	0	1	0	96	0	0	13	0	3	3	0	9	0	130	0	2192	0	87	57	0	0	4	0	4	0	4	0	0	0	0	0	222	0	0	0	2	2	0
D245	0	0	23	79	126	0	1	5	0	0	97	2	19	0	0	2	3	0	0	0	3	0	0	0	28	54	0	8	0	0	0	17	18	14	0	3	0	0	45	0	0	0	3	0	0	16	0	13	0	0	0	4	1	120	0	14	39	0	0	114	0	0	2	0	15	3	0	0	39	2	0	0	7	0	0	0	5	0	0	0	0	19	7	0	9	0	39	0	0	0	0	11	22	0	0	0	0	120	0	3	0	30	2	15	17	0	5	0	1	4	0	0	0	0	0	0	10	0	0	0	0	3	14	0	0	0	2	44	0	6	22	0	0	0	14	0	7	17	3	0	0	17	0	3	6	0	0	0	0	0	0	0	5	1	0	0	31	0	8	0	16	0	2	0	0	0	0	15	5	21	17	24	6	2	0	0	20	0	0	2	0	13	54	19	0	0	0	0	3	42	0	3	0	0	0	0	0	0	9	0	0	1	7	4	0	2	0	9	6	0	37	0	0	7	0	6	53	5	5	0	0	0	1	9	0	3	3	0	0	390	15	94	0	0	0	8	4	0	0	4	0	0	2	0	0	0	0	0	82	0	0	0	6	0	0	0	63	8	4	11	0	5	2	0	7	10	4	21	9	4	0	0	9	0	2	0	31	0	0	221	14	0	7	0	0	17	0	6	0	0	568	0	0	16	8	0	2	0	1	15	0	0	0	0	0	6	317	13	0	0	20	190	0	110	15	0	0	7	55	0	0	0	0	6	0	0	1	0	0	12	50	47	782	244	0	0	0	10	0	0	38	0	0	314	2	0	0	12	0	92	0	0	0	0	0	0	0	9	0	0	0	37	0	34	9	1	0	2	0	31	4	18	0	0	110	0	0	0	0	0	3	0	0	0	0	8	37	0	3	38	2	16	629	0	0	5	0	0	0	0	0	8	54	0	2	0	8	0	102	0	10	0	0	0	23	0	2	2	0	0	0	3	39	0	0	0	0	0	0	0	0	247	10	0	0	0	2	24	0	1	0	0	0	0	0	0	0	4	0	0	10	248	0	0	0	6	14	2	0	2	0	3	0	0	60	5	4	0	10	0	0	0	0	0	0	3	0	0	0	0	0	2	0	8	0	22	0	5	0	10	0	0	8	2	0	2	0	0	6	0	8	0	0	0	0	224	23	0	0	2	72	2	0	0	0	56	0	3	0	13	5	6	0	3	56	8	0	0	0	2	60	56	3	18	55	0	2	0	0	2	0	6	35	5	0	7	0	3	0	11	0	126	63	0	7	0	423	0	28	57	10	9	0	4	0	0	0	31	3	0	67	0	0	2	0	0	6	0	5	4	0	0	10883	9	4	0	0	5	38	0	6	0	9	0	0	0	0	3	295	0	0	4	2	0	2
D246	0	0	0	0	0	0	0	0	0	0	0	0	0	0	0	0	0	0	0	0	0	0	0	0	0	0	0	0	0	0	0	0	0	0	0	0	0	0	0	0	0	0	0	0	0	0	0	0	0	0	0	0	0	0	0	3	0	0	0	0	0	0	0	0	0	0	0	0	0	0	0	0	0	0	0	0	0	0	0	0	0	0	0	0	0	0	0	0	0	0	0	0	0	0	0	0	0	0	0	0	0	0	0	0	0	0	0	0	0	0	0	0	0	0	0	0	0	0	0	0	0	0	0	0	0	0	0	0	0	0	0	0	0	0	0	0	0	0	0	571	3	0	0	0	0	0	0	0	0	0	0	0	0	0	0	0	0	0	0	0	0	0	0	0	0	0	0	0	0	0	0	0	0	0	0	0	0	0	0	0	0	0	0	0	0	0	0	0	0	0	0	0	0	0	0	0	0	0	0	0	0	0	0	0	0	0	0	0	0	0	0	0	0	0	0	0	0	0	0	0	0	0	0	0	0	0	0	0	0	0	0	0	0	0	0	0	0	0	0	0	0	0	0	0	0	0	0	0	0	0	0	0	0	0	0	0	0	0	0	0	0	0	0	0	0	0	1217	0	0	0	0	0	0	0	0	0	0	0	0	0	0	0	0	0	0	0	0	0	0	0	0	0	0	0	0	0	0	0	0	0	0	0	0	0	0	0	0	0	0	0	0	0	0	0	0	0	0	0	0	0	0	0	0	0	0	0	0	0	0	0	0	0	0	0	0	0	0	0	0	0	0	0	0	0	0	0	0	0	0	0	0	0	0	0	0	0	0	0	0	0	0	0	0	0	0	0	0	0	0	0	0	0	0	0	0	0	0	0	0	0	0	0	0	0	360	0	0	0	0	0	0	0	0	0	0	0	0	0	0	0	0	0	0	0	0	0	0	0	0	0	0	0	0	0	0	2	0	0	0	0	0	0	0	0	0	0	0	0	0	0	0	0	0	0	0	3	0	0	0	0	0	0	0	0	0	0	0	0	0	0	2	0	0	0	0	0	0	0	0	0	0	0	0	0	0	0	0	0	0	0	0	0	0	0	0	0	0	0	0	0	0	0	0	0	0	0	0	0	0	0	0	0	0	0	0	0	0	0	0	0	0	0	0	0	0	0	0	0	0	0	0	0	0	0	0	0	0	0	0	0	0	0	0	0	0	0	24711	0	0	0	0	0	0	0	0	0	0	0	0	0	0	0	0	0	10	0	0	0	0	0	0	0	0	0	0	0	0	0	0	0	0	0	0	0	0	0	0	0	0	0	0	0	0	0	0	0	0	0	0	0	0	0	0	0	0	0	0	0	0	0	0	0	0	0	0	0	0	0	0	0	0	0	0	0	0
D247	58	4	3	0	20	0	4	3	0	101	9	0	1	16	0	0	0	0	0	10	0	0	0	0	0	8	0	0	0	0	0	0	0	0	0	2	29	0	0	7	0	5	15	0	0	0	16	0	116	0	161	6	0	4	0	79	821	0	3	0	4	0	5	0	0	0	0	0	0	0	0	0	0	0	6	0	8	0	0	0	7	0	0	0	6	0	20	6	0	0	19	22	0	0	0	0	0	0	0	0	0	9	0	0	0	0	0	0	0	0	0	0	0	0	0	0	72	7	2	0	0	0	0	0	0	0	0	12	0	0	0	55	3	0	0	0	1	12	2	0	0	0	174	0	3	0	0	0	0	0	0	0	2	0	0	0	14	16505	0	0	48	0	10	0	0	0	0	8	0	7	23	0	826	8	0	0	0	2	0	0	0	0	8	0	0	0	0	0	3	407	3	0	0	0	0	0	0	0	2	0	0	0	4	0	0	2	65	6	0	61	5	0	0	0	0	7	1	0	2	0	0	0	0	0	0	0	0	2	0	0	6	0	0	0	5	4	0	0	0	0	0	0	0	0	0	0	0	1	2	0	6	0	10	0	0	0	0	3	3	0	0	5	0	0	0	0	0	13	0	0	3	4	0	0	0	0	0	34	0	0	0	8	0	43	0	18	0	11	0	0	124	0	0	0	0	0	2	0	0	0	0	4	2	0	0	11	42	0	0	0	0	0	0	5	25	0	0	11	0	0	0	0	0	4	0	0	0	12	0	0	52	86	39	17	12	0	0	2	0	0	0	0	0	0	2	0	0	0	0	7	18	0	0	0	0	0	2	2	0	1	2	177	34	14	248	2	0	0	0	0	5	0	4	0	58	2	0	0	0	0	0	0	0	0	0	4	0	0	0	64	2	2	68	0	0	0	0	16	0	2	0	44	0	0	2	0	0	0	1	0	2	3	0	0	0	0	32	3	0	0	0	0	0	0	0	0	2	0	0	0	0	0	4	0	0	0	11	1	0	0	16	0	3	0	3	0	0	0	0	0	0	0	0	0	2	6	7	2	0	0	0	2	0	0	0	0	3	0	0	0	59	2	0	20	0	6	0	0	0	0	0	28	0	0	0	10	0	5	0	0	0	0	14	3	24	0	0	0	4	0	0	0	0	0	0	243	0	0	0	0	12	5	0	0	3	52	0	0	0	22	7	0	0	0	97	0	0	0	0	5	115	0	4	8	68	0	0	0	0	0	0	1	41	5	0	4	0	0	0	0	0	0	36	0	2	2	2	0	0	0	0	2	0	0	0	0	20	0	20	0	203	0	0	0	0	0	4	0	0	0	0	0	106	0	0	0	0	2	0	0	21	9	3	0	2	0	4	0	207	0	0	2	0	19	89
D248	0	0	0	0	0	0	0	0	0	0	0	0	0	0	0	0	0	0	0	0	0	0	0	0	0	0	0	0	0	0	0	0	0	0	0	0	0	0	0	0	0	0	0	0	0	0	0	0	0	0	0	0	0	0	0	0	0	0	0	0	1	0	0	0	0	0	0	0	0	0	0	0	0	0	0	0	0	0	0	0	0	0	0	0	0	82	0	0	0	0	18	0	0	0	3	0	0	0	0	0	0	0	0	0	0	0	0	0	0	0	0	0	0	0	0	17	0	0	0	0	0	0	0	0	0	0	0	0	0	0	0	0	0	0	0	0	0	0	0	0	0	0	0	0	0	0	0	0	0	0	0	0	0	0	0	0	0	0	0	0	0	0	0	0	0	0	0	0	0	0	0	0	0	0	0	0	0	0	0	0	0	0	0	0	0	0	0	0	0	0	0	0	0	0	0	0	0	0	0	0	0	0	0	0	0	0	0	0	0	0	0	5	0	0	0	0	0	0	0	0	0	0	0	0	0	0	0	541	0	0	0	0	0	0	0	0	0	0	0	0	0	0	0	0	0	0	0	0	0	0	0	0	0	0	0	0	0	0	0	1	0	0	0	0	0	0	0	0	0	0	0	0	0	0	0	0	0	0	45	0	0	0	0	0	0	0	0	0	0	0	0	0	1	0	0	0	0	0	0	0	2	0	0	0	0	0	0	0	0	0	0	0	0	0	0	0	0	0	0	0	0	0	51	0	0	0	0	0	0	0	0	0	0	0	0	0	0	0	0	0	0	0	0	0	0	0	0	0	0	0	0	0	0	0	0	0	0	0	0	0	0	0	0	0	0	0	0	0	0	0	0	0	0	0	0	0	0	0	0	0	0	0	0	0	0	0	0	0	0	0	0	0	0	0	0	0	0	0	0	0	0	0	0	0	0	0	0	0	0	0	0	0	0	0	0	9	0	0	0	0	0	0	0	0	0	0	0	0	0	0	0	0	0	0	0	0	0	0	0	0	0	0	0	0	0	0	0	0	0	0	0	0	0	0	0	0	0	0	0	0	0	0	0	9	0	0	0	0	0	0	0	0	0	0	0	0	0	0	0	0	0	0	0	0	0	0	0	0	0	0	0	0	0	177	0	0	0	0	0	0	0	0	0	0	0	0	0	100	0	0	0	0	0	0	0	0	0	0	0	0	0	0	0	0	0	0	0	0	0	0	0	0	0	0	0	0	0	0	0	0	407	0	0	0	0	0	0	0	0	0	0	0	0	0	0	0	0	0	0	0	0	0	0	0	0	7728	0	0	0	0	0	0	0	2	0	0	0	0	0	0	0	0	58	0	0	0	0	0	0	0	0	0	0	0	0	0	0	0	0	0	0	0	0	0	0
D249	0	0	0	0	0	0	0	0	0	0	0	0	0	0	0	0	0	0	0	0	0	0	0	0	0	0	0	0	0	0	0	0	0	0	0	0	0	0	0	0	0	0	0	0	0	0	0	0	0	0	0	0	0	0	0	0	0	0	0	0	0	0	0	0	0	0	0	0	0	0	0	0	0	0	0	0	0	0	0	0	0	0	0	0	0	0	0	0	0	0	0	0	0	0	0	0	0	0	0	0	0	0	0	0	0	0	0	0	0	0	0	0	0	0	0	0	0	0	0	0	0	0	0	0	0	0	0	0	0	0	0	0	0	0	0	0	0	0	0	0	0	0	0	0	0	0	0	0	0	0	0	0	0	0	0	0	0	0	0	0	0	0	0	0	0	0	0	0	0	0	0	0	0	0	0	0	0	0	0	0	0	0	0	0	0	0	0	0	0	0	0	0	0	0	0	0	0	0	0	0	0	0	0	0	0	0	0	0	0	0	0	0	0	0	0	0	0	0	0	0	0	0	0	0	0	0	0	0	0	0	0	0	0	0	0	0	0	0	0	0	0	0	0	0	0	0	0	0	0	0	0	0	0	0	0	0	0	0	0	0	0	0	0	0	0	0	2	0	0	0	0	0	0	0	0	0	0	0	0	0	0	0	0	0	0	0	0	0	0	0	0	0	0	0	0	0	0	0	0	0	0	0	0	0	0	0	0	0	0	0	0	0	0	0	0	0	0	0	0	0	0	0	0	0	0	0	0	0	0	0	0	0	0	0	0	0	0	0	0	0	0	0	0	0	0	0	0	0	0	0	0	0	0	0	0	0	0	0	0	0	0	0	0	0	0	0	0	0	0	0	0	0	0	0	0	0	0	0	0	0	0	0	0	0	0	0	0	0	0	0	0	0	0	0	0	0	0	0	0	0	0	0	0	0	0	0	0	0	0	0	0	0	0	0	0	0	0	0	0	0	0	0	0	0	0	0	0	0	0	0	0	0	0	0	0	0	0	0	0	0	0	0	0	0	0	0	0	0	0	0	0	4	0	0	0	0	0	0	0	0	0	0	0	0	0	0	0	0	0	0	0	0	0	0	0	0	0	0	0	0	0	0	0	0	0	0	0	0	0	0	0	0	0	0	0	0	0	0	0	0	0	0	0	0	0	0	0	0	0	0	0	0	0	0	0	0	0	0	0	0	0	0	0	0	0	0	0	0	0	0	0	0	0	0	0	0	0	0	0	0	0	0	0	0	0	0	0	0	0	0	0	0	0	0	0	0	0	0	0	0	0	0	0	0	0	0	0	0	0	0	0	0	0	0	0	0	0	0	0	0	0	0	0	0	0	0	0	0	0	0	0	0	0	0	0	0	0	0	0	0	0	0	0	0	0
D250	0	6	103	815	0	0	11	14	0	0	111	0	1	0	0	3	0	0	0	0	0	0	0	2	11	0	0	14	0	0	0	0	457	0	0	0	8	0	0	7	191	12	0	0	0	150	0	29	0	0	0	0	0	1	0	0	26	0	0	0	0	0	0	0	1	9	0	0	0	0	0	0	3	0	35	0	0	0	0	0	0	1	0	0	0	0	0	0	0	0	0	0	0	0	0	0	0	618	2	9	0	7	0	3	26	0	6	0	11	6	0	0	0	0	0	0	8	116	0	0	0	2	0	0	0	0	0	3	0	0	0	0	0	0	15	2	0	0	0	0	0	12	0	0	11	0	0	0	0	0	0	0	16	2	10	0	84	0	4	0	47	0	0	0	0	0	0	0	0	0	0	12	0	0	0	0	0	0	0	0	0	0	9	0	0	0	0	0	0	19	0	150	0	0	0	0	1	0	0	0	2	0	0	0	0	3	0	40	354	0	4	0	0	2	0	0	89	0	0	0	0	10	17	0	0	0	6	0	0	1594	30	221	0	0	0	0	0	0	0	0	0	0	0	62	0	0	0	0	0	2	0	0	2	0	0	0	0	0	7	11	0	20	0	0	0	60	0	23	258	0	0	0	0	0	5	0	37	0	0	0	0	1	0	0	0	0	0	12	0	0	152	0	0	0	0	0	0	0	7	6	0	0	0	0	1	1	0	36	0	0	0	0	0	207	133	0	0	320	46	8	0	0	0	0	5	0	7	78	0	0	0	228	0	0	54	0	0	7	0	0	67	0	216	37	23	1	0	11	0	0	10	0	0	0	0	4	0	0	0	0	0	0	11	0	0	15	0	27	0	1	16	5	0	3	0	0	0	1	0	2	1	0	0	0	4	387	0	4	3	274	0	1	0	0	0	0	0	0	0	3	4	23	4	0	0	0	0	0	1124	0	0	0	0	0	0	0	0	2	0	0	0	4	896	0	0	0	0	0	0	2	0	0	2	0	0	0	24	0	0	0	0	0	0	0	0	3	0	4	0	56	20	13	0	0	0	0	17	0	226	58	0	0	0	0	0	35	0	2	0	0	0	0	0	0	0	8	0	0	0	0	0	0	0	4	0	14	0	0	0	0	0	0	0	0	0	0	3	0	7	0	0	0	0	0	0	82	0	0	0	2	0	19	0	0	1	0	0	0	0	3	6	0	0	17	271	0	0	0	19	0	0	13	4	0	123	0	2	0	0	0	0	3	0	12	0	0	0	0	21	110	0	0	1	0	0	0	2	0	0	0	15	0	0	8	0	0	0	0	0	0	79	0	0	0	0	0	0	0	8	0	308	0	242	0	0	302	0	0	0	0	0	0	57	0	0	0	0	0	136	0	0	0	2	0	121
D251	0	0	0	0	0	0	0	0	0	0	0	4	0	0	0	0	0	0	0	0	0	0	0	0	0	0	0	0	0	0	0	0	0	0	0	0	0	4	0	0	0	0	0	11	0	0	0	0	0	16	0	0	0	0	18	0	0	0	0	0	0	14	0	16	0	0	0	0	0	0	0	0	0	0	0	20	0	0	0	0	0	0	0	0	0	0	0	0	0	0	0	0	0	0	2	0	0	0	0	0	0	0	0	0	0	0	0	0	0	0	0	0	0	0	0	0	0	0	0	0	0	0	0	0	0	0	0	0	0	0	0	17	0	0	0	0	0	0	0	0	0	13	0	0	0	17	0	0	0	0	0	0	0	0	0	0	0	0	0	0	0	0	0	0	0	0	0	0	0	0	0	0	0	0	0	0	0	0	0	0	0	0	0	0	0	0	0	0	0	2	0	0	0	0	0	10	1	7	0	0	3	0	0	0	0	0	0	0	0	0	0	0	0	0	0	0	0	0	0	0	0	0	0	0	0	0	0	9	0	0	0	0	0	0	0	0	0	0	0	0	27	0	0	0	0	0	0	0	0	0	0	0	0	0	0	0	0	0	0	0	0	0	0	0	0	0	16	0	0	0	0	0	0	0	0	0	0	0	0	0	0	0	0	0	0	0	0	0	0	0	0	0	0	0	0	0	0	0	0	0	0	0	0	0	0	0	0	0	0	0	0	0	0	0	0	0	0	0	0	0	0	0	0	0	3	0	0	0	0	0	0	0	0	0	0	0	0	0	0	0	0	0	97	0	0	0	0	0	0	0	0	0	0	0	0	0	0	0	0	0	0	0	0	0	0	0	0	0	0	0	0	0	0	0	0	0	0	0	3	0	0	0	0	0	0	0	0	0	0	0	0	0	0	0	0	0	0	0	0	0	0	0	0	0	0	0	0	0	0	0	0	0	0	0	0	0	0	0	0	0	0	0	0	0	0	0	0	0	0	0	0	0	0	0	0	81	0	0	2	0	0	0	0	0	0	0	0	0	0	0	0	36	0	0	0	0	0	0	0	988	0	0	0	4	0	70	9	0	0	0	0	0	0	0	0	0	0	0	0	0	0	0	0	0	0	30	0	0	0	0	0	0	0	0	0	0	0	0	0	0	0	0	0	0	0	0	0	0	0	0	0	0	0	0	0	0	0	0	70	0	0	0	0	7	0	0	0	2	0	0	0	0	0	0	0	0	0	0	0	0	0	0	0	0	0	0	0	0	0	0	0	0	0	0	0	0	0	0	0	0	0	0	0	0	0	0	0	0	0	0	0	0	0	211	0	0	0	0	0	0	0	0	0	0	0	0	0	0	0	0	0	0	0	0	3	0	0	0	0	0	0	0	0	0	0
D252	0	0	0	0	0	0	0	0	0	0	0	0	0	0	0	0	0	0	0	0	0	0	0	68	0	0	0	0	0	0	0	0	0	0	0	0	0	0	2	72	0	0	0	0	0	0	0	0	0	0	0	0	0	0	0	0	0	0	0	0	0	0	0	0	0	0	6	0	2	0	0	0	0	0	0	0	0	0	0	0	0	0	0	0	0	0	0	0	59	0	0	0	0	105	0	23	0	0	2	0	0	0	4	0	0	0	0	0	0	0	0	0	9	0	0	0	0	0	0	0	0	0	0	0	0	0	0	0	0	0	0	0	0	0	0	0	0	39	0	0	0	0	0	0	0	0	0	0	0	0	0	0	0	0	0	0	0	0	0	0	0	0	0	11	0	0	0	0	0	0	0	0	0	0	0	31	0	0	0	0	0	2	0	0	0	0	0	0	0	0	0	0	0	95	7	0	0	0	0	0	0	17	0	0	47	0	0	0	0	0	0	0	0	0	0	0	0	0	0	0	0	0	0	0	14	0	0	0	0	0	0	0	34	0	0	0	0	0	0	0	0	0	0	0	0	0	0	0	0	0	0	0	0	0	0	0	0	0	0	0	0	0	0	0	0	0	0	0	0	0	0	0	0	0	0	0	0	0	0	0	0	0	0	0	0	0	3	0	10	0	0	0	0	0	0	0	0	0	0	0	32	0	0	0	0	0	0	0	0	0	0	0	0	0	0	0	0	0	0	0	0	0	0	0	0	0	0	0	0	0	0	0	181	0	0	4	0	0	14	0	0	0	0	0	0	0	0	0	0	0	0	0	0	0	0	0	0	0	26	0	0	0	0	0	0	0	0	0	0	0	0	0	0	0	0	0	0	0	0	0	0	0	0	0	0	0	0	0	0	0	0	0	0	0	0	0	5	0	0	0	0	0	0	0	0	0	0	0	0	0	0	0	0	114	0	0	0	0	0	0	0	0	0	0	0	0	0	383	0	0	0	0	0	0	0	0	0	0	304	0	0	14	0	0	0	0	0	0	0	0	0	0	0	0	3	0	0	0	0	0	0	0	0	0	0	0	0	0	0	0	0	0	0	0	96	0	0	0	975	14	0	0	0	0	0	0	0	0	0	0	0	0	0	0	0	0	0	0	0	0	0	0	0	0	0	0	0	0	0	0	0	0	33	0	0	0	0	0	0	0	0	0	0	0	0	0	0	0	0	0	0	0	0	0	0	0	0	3	0	0	0	0	0	0	0	0	0	0	0	0	0	0	0	0	0	0	0	0	0	0	0	0	0	0	0	0	0	0	0	0	0	0	0	0	0	0	0	0	0	0	0	0	0	3	0	0	0	0	0	0	0	0	0	0	0	0	0	0	0	0	0	0	0	0	0
D253	2	3	0	0	0	59	0	0	8	0	0	0	0	0	0	3	0	0	0	0	0	0	82	0	3	0	0	0	6	4	0	0	7	0	8	0	0	0	0	0	0	0	0	1	4	0	0	0	0	39	0	0	0	0	1	0	0	0	0	0	0	0	0	3	0	0	0	0	0	1225	0	0	6	0	0	6	0	0	0	0	0	0	0	0	0	0	0	0	0	0	0	0	0	0	4	0	0	0	0	0	7	0	0	0	0	0	0	0	0	0	0	0	0	0	0	0	2	2	0	18816	25	0	0	0	22	4	0	0	0	0	0	0	0	0	0	0	0	0	0	4	4	0	0	0	0	11	0	0	0	0	23	2	0	1	0	0	0	0	0	0	0	0	0	0	206	0	0	0	0	0	1	0	1	0	3026	0	0	0	0	0	0	0	0	0	0	0	0	0	0	0	0	0	535	0	0	0	0	0	0	0	0	0	0	0	0	0	0	0	0	0	0	0	0	0	0	0	0	0	0	30	0	0	0	0	0	0	0	0	0	0	0	0	0	0	0	0	0	0	0	0	66	0	0	0	0	2	0	0	0	9	0	0	0	3	0	16	4	0	2	0	0	0	52	0	0	0	0	0	0	0	0	0	0	0	0	0	8	0	0	0	0	0	0	0	1	0	0	0	0	0	7	302	24	0	0	0	0	0	0	0	0	0	0	0	0	0	0	0	0	0	0	0	301	2	3	0	0	3	0	0	0	0	0	0	19	0	0	0	0	0	0	0	2	0	0	0	0	0	0	73	0	4	2	0	0	0	0	0	0	0	3	0	0	0	0	0	0	0	0	0	2	0	0	0	0	6	0	0	0	102	371	0	0	0	0	0	0	0	0	5	0	0	0	0	0	2	0	0	0	0	0	0	0	0	0	0	0	0	0	0	0	0	0	0	0	8	0	4	28	0	0	0	4	0	0	0	0	0	0	0	0	3	0	0	0	0	0	0	0	0	0	0	0	0	0	0	0	0	0	0	0	0	0	0	0	2	0	0	0	0	0	10	0	0	0	0	0	0	0	0	1	0	0	0	0	0	5	0	0	0	0	0	0	4	0	0	0	0	0	0	0	0	0	0	0	0	0	0	0	0	0	0	0	0	0	0	0	0	0	0	0	0	0	0	0	2	0	0	0	0	0	7	0	0	0	0	0	0	0	2	0	0	0	4	0	0	334	0	4	0	0	0	0	0	3	0	0	0	8	0	0	0	0	0	2	0	0	0	0	0	0	0	0	0	0	0	0	0	0	0	0	0	0	0	6	0	0	0	0	0	4	13	16	0	0	0	0	0	6	0	0	0	0	0	2	0	0	0	0	0	0	0	3	0	0	0	0	0	0	0	0	0	0	2	0
D254	0	0	0	0	0	0	0	0	5	0	0	0	0	0	0	0	8	33	0	0	0	0	21	10	0	0	0	16	0	0	0	0	0	0	0	0	86	0	1	55	0	0	0	12	0	0	0	0	0	0	12	0	0	5	0	5	19	0	27	0	0	0	0	0	0	0	14	0	37	0	3	0	1	0	0	0	0	0	3	33	0	0	0	0	0	5	0	0	27	0	0	0	0	27	0	28	0	0	3	0	0	0	100	0	1	129	14	2	0	0	0	0	87	0	0	0	0	0	0	0	3	0	0	0	0	0	0	0	0	0	0	0	0	0	0	1	0	1977	9	0	0	0	0	0	0	0	3	14	0	8	0	0	0	0	0	0	0	0	0	660	0	0	0	8	0	0	276	0	0	0	0	0	0	0	3	41	0	0	2	0	0	0	0	0	0	14	3	0	0	0	0	0	1	98	4	0	0	0	0	0	0	135	0	0	509	0	0	0	0	0	0	0	0	0	0	0	0	0	0	0	0	0	0	0	6	0	2	0	539	0	0	0	8	2	0	0	0	0	0	0	0	2	0	0	0	0	0	2	0	0	0	0	0	0	8	0	0	0	0	0	0	0	0	4	0	0	0	0	0	0	15	0	0	0	0	0	0	0	0	0	0	0	0	0	0	0	2	0	9	3	17	0	13	0	0	0	0	5	163	0	0	0	571	28	0	0	0	0	0	0	0	0	0	0	0	0	0	0	0	0	0	0	0	0	6	0	0	0	0	0	0	0	0	0	0	13	0	2	85	10	0	0	0	0	0	2	0	0	45	0	3	0	15	0	0	0	0	4	16	0	6	0	0	0	0	0	3	0	0	0	0	0	0	8	0	0	0	0	4	0	0	0	7	0	0	0	0	0	0	0	0	0	0	0	6	0	0	0	0	0	0	0	0	2	0	0	0	0	0	0	0	0	0	1187	3	0	0	0	0	0	189	0	0	0	0	0	0	234	5	61	0	0	21	0	0	12	0	0	229	0	0	6	0	13	71	0	0	0	0	31	0	0	0	0	31	3	0	2	0	0	0	0	0	2	0	1	0	0	0	7	0	0	0	0	59	0	100	0	351	26	0	0	0	0	4	0	0	0	0	0	0	0	0	0	0	0	0	0	15	205	0	51	0	0	0	7	0	0	0	0	4	0	17	0	0	0	155	0	2	0	0	0	0	0	0	0	0	0	0	0	0	0	0	0	0	0	3	9	0	0	0	0	0	0	0	0	11	0	0	0	0	2	6	130	0	0	0	440	0	0	0	0	0	21	0	0	0	0	4	0	0	0	0	17	0	0	0	0	0	3	0	24	0	38	0	0	182	0	0	85	0	0	0	2	22	0	6	0	0	44	3	0	0	0	0
D255	0	0	0	0	0	0	0	0	0	0	0	0	8	0	0	2	6	0	4	0	0	0	4	6	0	0	6	0	0	0	23	0	0	0	0	0	101	0	10	775	0	0	1	0	0	0	0	0	0	0	60	0	3	8	0	44	0	0	0	0	0	0	2	0	0	0	0	0	55	0	700	0	1	0	0	0	0	0	0	631	0	0	0	0	0	0	0	0	1042	0	0	0	0	4	0	422	3	0	33	3	0	0	4	0	0	29	0	7	0	1	0	413	1	0	0	0	0	0	0	0	0	0	0	0	0	0	0	0	40	0	0	0	4	0	0	0	0	584	0	0	0	0	73	0	0	0	14	53	0	2	17	0	0	0	0	2	0	0	0	7	0	0	0	95	2	0	0	0	0	0	0	0	0	0	0	199	0	7	79	0	0	97	0	0	0	3	29	0	0	0	5	0	0	1573	384	0	0	0	0	0	0	0	0	0	59	0	0	0	0	0	0	0	0	0	0	0	0	0	0	0	0	0	0	0	901	0	1	0	0	0	0	0	18	8	0	0	0	190	0	0	0	0	0	0	0	0	0	27	0	0	0	0	0	0	49	0	0	0	1	0	0	0	0	44	0	0	0	0	0	0	7	0	0	0	0	0	0	0	0	0	0	0	0	184	0	0	0	0	0	0	14	0	3	0	0	0	0	0	0	0	0	0	3	0	0	0	0	0	0	0	0	0	0	0	0	0	0	0	0	0	257	0	0	0	0	5	0	0	0	0	0	0	106	0	0	180	0	0	160	31	0	0	0	0	0	0	0	0	22	0	0	0	27	2	0	0	78	0	190	0	0	0	0	0	0	0	43	0	7	0	0	0	36	0	0	0	6	0	0	0	0	0	11	0	3	0	0	0	46	0	0	0	6	0	47	1	1129	208	11	0	0	0	0	0	46	0	0	0	0	0	0	2	0	447	10	0	0	0	0	0	0	0	0	0	0	0	0	961	5	0	153	0	0	0	0	0	0	2	1002	0	0	97	0	10	117	0	159	0	561	298	0	0	0	0	5	2	0	0	0	0	0	0	0	0	0	0	0	0	0	0	0	0	0	0	284	0	936	1	2743	8	0	0	0	0	0	0	0	0	22	0	0	0	0	0	0	0	0	0	0	67	0	96	0	0	0	0	0	0	0	0	0	0	9	0	0	0	556	0	0	2	0	0	575	0	0	0	0	0	0	0	0	0	0	0	0	17	6	0	0	0	0	0	0	0	0	0	101	0	0	0	0	0	38	2336	0	0	0	0	0	0	0	0	0	0	0	0	0	0	0	27	3	0	0	6	0	0	1	0	0	0	0	7	0	0	0	0	0	0	0	0	0	13	0	0	2492	42	22	0	0	0	5	0	0	0	0
D256	4	2	19	3	0	0	0	11	0	1	0	0	0	100	0	5	8	5	0	33	0	5	0	0	4	43	0	35	0	0	0	0	49	0	0	4	67	8	14	0	16	0	15	0	0	6	132	225	35	0	24	22	0	22	0	10	274	0	1	5	16	0	0	0	2	6	0	0	49	0	0	92	6	197	0	0	0	0	0	0	0	43	2	6	26	0	0	37	0	0	0	0	36	0	3	0	0	38	0	0	0	0	4	0	1	0	0	1	56	120	46	0	11	0	0	0	8	252	11	0	0	7	0	0	0	0	2	25	0	7	0	0	0	0	4	3	8	0	0	0	0	0	0	4	39	0	0	0	0	15	0	1	6	4	14	16	9	0	6	0	44	0	10	0	0	0	17	0	8	24	41	0	0	7	0	0	17	43	0	3	24	0	9	3	8	0	0	3	0	69	24	0	0	0	0	0	16	0	58	22	0	20	9	6	0	2	29	22	0	43	0	2	22	0	0	0	27	0	11	0	0	20	0	0	0	34	0	1	137	82	2	135	0	0	0	3	0	0	7	0	0	2	0	33	0	0	0	8	0	0	9	6	2	174	0	0	26	0	0	0	0	11	0	0	0	20	0	18	10	0	0	0	0	0	3	8	15	26	0	0	3	2	3	0	0	6	0	7	0	23	261	0	0	10	1	0	6	0	44	1	0	83	239	0	2	10	29	28	0	0	67	10	0	0	39	23	0	49	1	60	0	0	3	2	0	9	5	4	0	32	184	0	37	0	17	0	7	81	0	0	55	0	0	66	4	0	9	3	0	15	11	0	0	0	0	5	0	0	4	0	7	2	0	0	0	27	0	28	0	2	13	9	0	4	71	34	19	5	0	0	0	9	11	0	0	35	0	4	0	10	7	22	0	0	0	3	0	0	0	0	0	0	2	44	0	0	14	0	3	6	4	16	3	0	0	0	13	0	3	0	0	37	40	0	0	0	0	0	0	0	0	20	4	0	0	0	12	37	0	23	22	0	7	0	0	0	0	0	0	0	0	5	0	0	8	0	0	7	32	6	0	0	0	0	2	29	0	2	23	0	155	5	2	60	0	8	29	0	0	0	0	0	0	3	0	2	0	31	0	0	0	198	0	2	0	5	3	0	14	0	41	0	0	10	0	197	19	0	1	24	26	6	0	0	12	112	0	0	0	12	16	4	0	1	228	7	0	0	228	21	124	4	9	1	8	0	2	0	0	0	0	13	39	0	0	0	0	15	14	24	12	4	132	0	3	0	6	0	0	0	0	9	0	116	0	0	53	17	0	0	94	0	0	13	0	3	2	15	6	4	98	2	42	9	4	16	66	2	8	248	2	3	2	0	0	0	0	46	28	39	0	0	0	17	0
D257	0	3	8	0	0	0	0	0	0	0	0	0	0	7	0	4	2	0	2	0	0	0	0	0	6	6	0	8	0	0	0	0	0	0	0	5	0	9	0	0	0	10	0	1	0	1	1	9	0	0	0	5	0	5	0	2	18	0	0	0	2	0	0	0	3	8	0	0	0	0	0	0	0	0	0	9	0	1	0	0	0	4	0	2	6	0	0	0	0	0	0	0	20	0	0	0	0	48	0	0	0	0	0	2	0	0	0	0	0	1	0	0	0	0	0	0	0	284	20	0	0	3	0	0	0	0	0	0	0	0	0	0	0	0	10	3	0	0	2	0	0	5	0	0	4	0	0	0	0	0	4	0	0	15	0	0	2	0	0	0	7	0	0	0	0	0	0	0	0	0	0	24	4	0	0	0	7	0	0	0	0	0	0	0	0	0	0	0	0	8	0	1	0	0	0	0	0	0	0	0	0	0	0	0	0	0	0	13	0	1	0	0	13	0	0	0	34	0	4	0	0	2	7	0	0	0	3	0	0	44	0	17	0	0	0	8	0	0	5	0	0	8	0	6	0	3	0	0	0	0	0	0	0	0	0	0	0	0	0	40	0	0	0	0	0	0	0	0	21	0	0	0	0	0	0	0	34	0	0	0	0	0	0	0	0	0	0	0	0	0	21	0	1	0	0	0	7	0	0	0	0	0	0	0	4	0	19	4	0	0	14	0	0	1	0	0	0	9	0	4	0	0	0	0	0	0	5	0	0	41	0	0	0	0	21	0	0	11	0	0	19	0	0	0	0	0	0	5	0	3	4	0	0	0	0	0	0	0	0	5	6	0	0	0	0	23	0	0	0	0	7	0	0	0	7	15	2	0	0	0	0	0	0	0	13	73	0	3	0	5	0	0	0	0	0	0	0	0	0	0	0	0	25	2	0	0	0	0	3	0	0	0	0	0	0	0	20	0	0	0	0	4	114	0	0	0	0	0	0	0	0	0	2	0	0	0	2	0	0	5	0	0	0	0	0	0	0	0	0	0	0	3	0	0	0	0	0	0	19	6	0	0	0	0	0	0	0	0	0	0	36	3	0	0	0	0	0	2	0	0	0	0	0	37	3	0	0	0	0	0	0	0	0	0	0	9	0	0	5	0	4	0	0	0	0	377	31	0	0	0	5	0	0	2	0	9	0	0	5	12	0	4	0	0	93	0	113	0	0	2	0	40	3	0	2	0	0	0	0	0	0	0	0	0	0	0	0	0	2	7	1	0	4	0	0	0	0	0	0	0	0	0	1	7	0	0	12	5	0	0	36	0	0	3	0	0	0	0	24	2	2	0	375	0	0	2	0	0	1	0	0	0	2	0	0	0	0	2	51	2	0	2	5	0	0
D258	0	0	0	0	0	0	0	0	0	0	0	0	0	0	0	0	0	0	0	0	0	0	0	0	0	0	0	0	0	0	0	0	0	0	3	0	0	0	0	0	0	0	0	0	0	0	0	0	0	24	0	0	0	0	0	0	0	0	0	0	0	0	0	5	0	0	0	0	0	0	0	0	0	0	0	0	0	0	0	0	0	0	0	0	0	0	0	0	0	0	0	0	0	0	10	0	0	0	0	0	0	0	0	0	0	0	0	0	0	0	0	0	0	0	0	0	0	0	0	0	0	0	0	0	0	0	0	0	0	0	0	0	0	0	0	0	0	0	0	0	2	0	0	0	0	0	0	0	0	0	0	0	0	0	0	0	0	0	0	0	0	0	0	0	0	0	0	0	0	0	0	0	0	0	0	0	0	0	0	0	0	0	0	0	0	0	0	0	0	0	0	0	0	0	0	0	0	0	0	0	0	0	0	0	0	0	0	0	0	0	0	0	0	0	0	0	0	0	0	0	0	0	0	0	0	0	0	0	0	0	0	0	0	0	0	0	0	0	0	0	4	0	0	0	0	0	0	0	0	0	0	0	0	0	0	0	0	0	0	0	0	0	0	0	0	0	463	0	0	0	0	0	0	0	0	0	0	0	0	0	0	0	0	0	0	0	0	0	0	0	0	0	0	0	0	0	0	0	0	0	0	0	0	0	0	0	0	0	0	0	0	0	0	0	0	0	0	0	0	0	0	0	0	0	0	0	0	0	0	0	0	0	0	0	0	0	0	0	0	0	0	0	0	0	0	0	0	0	0	0	0	0	0	0	0	0	0	0	0	0	0	0	0	0	0	0	0	0	0	0	0	0	0	0	0	0	0	0	0	0	0	0	0	0	0	0	0	0	0	0	0	0	0	0	0	0	0	0	0	0	0	0	0	0	0	0	0	3	0	0	0	0	0	0	0	2	0	0	0	0	0	0	0	0	0	0	0	0	0	0	0	0	0	0	0	0	0	0	0	0	0	0	0	0	0	0	0	0	0	0	0	2	0	0	0	0	0	0	0	0	0	0	0	3	0	0	0	0	0	0	0	0	0	0	0	0	0	0	0	0	0	0	0	0	0	0	0	0	0	0	0	0	0	0	0	0	0	0	0	0	0	0	0	0	0	0	0	0	0	0	0	0	0	0	0	0	0	0	0	0	0	0	0	0	0	0	8	0	0	0	0	0	0	0	0	0	0	0	0	0	0	0	0	0	0	0	0	0	0	0	5	0	0	0	0	0	0	0	0	0	0	0	0	0	0	0	0	0	0	0	0	0	0	0	0	0	0	0	0	0	0	0	0	0	0	0	0	0	0	0	0	0	0	0	0	0	0	0	0	0	0	0	0	0	0
D259	0	0	0	0	0	0	0	0	0	0	0	0	0	0	0	0	0	0	0	0	0	0	0	0	0	0	0	0	0	0	0	0	0	0	0	0	0	0	53	0	0	0	0	0	0	0	0	0	0	0	0	0	0	0	0	0	0	0	23	0	0	0	0	0	0	0	0	0	0	0	0	0	0	0	0	0	0	0	0	0	0	0	0	0	0	0	0	0	0	0	0	0	0	0	0	0	0	0	0	0	0	0	0	0	0	0	0	0	0	0	0	0	0	0	0	0	0	0	0	0	0	0	0	0	0	0	0	0	0	0	0	0	2	0	0	0	0	0	0	0	0	0	0	0	0	0	0	0	0	0	0	0	0	0	0	0	0	0	0	0	0	0	0	0	0	0	0	0	0	0	0	0	0	0	0	0	0	0	0	0	0	0	3061	0	0	13	0	0	0	8268	0	0	5	0	0	0	0	0	0	0	0	0	0	0	0	0	0	0	0	0	0	0	0	0	0	0	0	464	0	3	0	0	0	0	0	0	0	0	0	0	0	0	0	0	0	0	0	0	0	0	0	0	0	0	0	0	0	0	0	0	0	0	0	0	0	0	0	0	0	0	0	0	0	0	0	0	0	0	0	0	0	0	0	9	0	0	0	0	2	34774	0	0	0	0	0	0	0	0	0	0	0	0	0	0	0	0	2	0	0	0	0	0	0	0	0	0	0	0	0	0	0	0	0	0	0	0	0	0	0	0	0	0	0	0	0	0	0	0	114	0	0	0	0	0	0	0	3	0	0	157	0	0	0	0	0	0	49	0	0	0	0	16	0	0	0	0	0	0	0	0	0	0	0	0	0	0	0	0	0	0	0	0	0	0	0	0	0	0	0	0	0	0	0	0	0	0	0	0	0	0	0	0	0	0	0	0	0	0	0	0	0	0	0	0	0	0	0	0	0	0	0	0	0	0	0	0	0	0	0	0	0	0	0	0	0	0	0	0	0	0	0	0	0	43	0	0	0	0	0	0	0	0	0	0	0	0	0	0	0	0	0	0	0	0	0	0	0	0	0	156	0	0	0	4	0	93	0	0	0	0	0	0	0	0	0	0	0	0	0	0	0	0	0	0	0	0	0	0	0	0	4	0	0	0	0	0	0	0	0	0	0	0	0	0	0	0	0	0	0	0	0	0	0	0	0	0	0	0	0	0	0	0	0	0	0	0	0	0	0	0	0	0	0	0	0	0	0	382	0	0	0	0	0	0	0	0	0	0	0	0	0	0	0	0	0	0	0	0	0	0	0	0	0	0	0	0	0	0	0	0	0	0	0	0	0	0	0	0	0	0	0	0	1	0	0	0	0	0	0	0	0	0	0	0	0	0	0	0	0	0	0	0	0	0	0
D260	0	0	4	922	207	0	0	0	0	0	0	0	0	0	0	0	0	0	0	0	0	0	0	0	0	0	0	18	0	0	0	0	357	0	0	0	13	4	0	0	14	0	0	0	0	3	0	0	0	0	51	0	25	0	0	0	0	0	0	0	0	0	0	0	0	0	0	0	0	0	0	0	0	0	5	0	0	0	0	0	0	33	0	0	0	0	0	0	0	0	0	0	0	0	0	0	0	0	0	0	0	0	0	0	0	0	0	0	0	0	0	0	0	0	0	0	0	0	0	0	0	0	15	18	0	0	0	0	0	0	0	319	0	0	0	0	0	0	0	0	0	0	0	0	0	0	0	0	0	0	0	0	0	0	0	0	0	0	0	0	0	0	0	0	0	0	0	0	0	0	0	0	0	0	0	0	0	0	0	0	0	0	0	0	0	0	0	0	0	0	0	0	0	0	0	0	0	0	0	0	2	0	0	0	0	0	0	0	0	0	0	0	0	0	0	0	64	0	0	0	0	0	0	0	0	0	0	0	0	0	12	0	0	0	0	0	0	0	0	0	0	0	0	0	0	0	0	0	0	0	0	0	0	0	0	0	0	0	0	6	0	0	0	0	0	0	0	0	0	0	0	0	0	0	0	0	0	0	0	0	0	0	0	0	0	0	0	0	0	0	0	0	0	0	0	0	0	0	0	0	0	0	0	0	0	0	0	0	0	0	0	0	0	0	0	0	0	0	0	0	0	0	0	0	0	0	0	0	0	0	0	0	2	0	0	0	0	0	0	0	0	0	0	2745	0	0	0	0	0	54	0	0	0	0	0	0	0	0	0	0	0	210	0	0	0	1	0	0	0	0	0	9	0	0	0	0	0	0	0	0	0	0	0	0	0	0	0	0	0	0	0	0	0	0	0	0	0	0	0	0	0	0	0	0	0	0	0	0	0	0	0	0	0	0	0	0	0	0	0	0	0	0	0	0	0	0	0	0	0	0	0	0	0	0	0	0	0	0	0	0	0	0	0	0	0	0	0	2	0	0	0	0	0	0	0	0	0	0	50	0	0	0	0	0	0	3	0	0	0	0	0	0	0	0	0	0	0	0	0	0	0	0	0	0	0	0	0	0	0	0	0	0	0	0	0	0	0	0	0	0	0	0	0	0	0	0	0	0	0	0	0	0	0	0	0	0	0	0	0	0	0	0	0	0	0	0	0	0	0	0	0	10	0	0	0	0	0	0	0	0	0	0	0	0	0	0	0	0	0	0	0	0	0	0	0	0	0	0	0	0	0	0	0	0	0	0	0	0	0	0	0	0	0	0	0	0	0	0	0	0	233	0	4	0	0	0	0	0	0	0	0	0	0	0	0	0	0	0	0	0	0	0	0	0	0
D261	0	0	0	0	0	0	0	0	0	0	0	0	0	0	0	0	0	0	0	0	0	0	0	0	0	0	0	0	0	0	0	0	0	0	0	0	0	0	0	0	0	0	0	0	0	0	0	0	0	0	0	0	0	0	0	0	0	0	0	0	0	0	0	0	0	0	0	0	0	0	0	0	0	0	0	2	0	0	0	0	0	0	0	0	0	0	0	0	0	0	0	0	0	0	0	0	0	0	0	0	0	0	0	0	0	0	0	0	0	0	0	0	0	0	0	0	0	0	0	0	0	0	0	0	0	0	0	0	0	0	0	0	0	0	0	0	0	0	0	0	0	0	0	0	0	0	0	0	0	0	0	0	0	0	0	0	0	0	0	0	0	0	0	0	0	0	0	0	0	0	0	0	0	0	0	0	0	0	0	0	0	0	0	0	0	0	0	0	0	0	0	0	0	0	0	0	0	0	0	0	0	0	0	0	0	0	0	0	0	0	0	0	0	0	0	0	0	0	0	0	0	0	0	0	0	0	0	0	0	0	0	0	0	0	0	0	0	0	0	0	0	0	0	0	0	0	0	0	0	0	0	0	0	0	0	0	0	0	0	0	0	0	0	0	0	0	42527	0	0	0	0	0	0	0	0	0	0	0	0	12	0	0	0	0	0	0	0	0	0	0	0	0	56	0	0	0	0	0	0	0	0	0	0	0	0	0	0	0	0	0	0	0	0	0	0	0	0	0	0	0	0	0	0	0	0	0	0	0	0	0	0	0	0	0	0	0	2	0	0	11	0	0	0	0	0	0	1657	0	0	0	0	0	0	0	0	0	0	0	0	0	0	0	0	0	0	0	0	0	0	0	0	0	0	0	0	0	0	0	0	0	0	0	0	0	0	0	0	0	0	0	0	0	0	0	0	0	0	0	0	0	0	0	0	0	0	0	0	0	0	0	0	0	0	0	0	0	0	0	0	0	0	0	0	0	0	0	0	0	0	0	0	0	0	0	0	0	0	0	0	0	0	0	0	0	0	0	0	0	0	0	0	0	0	0	0	0	0	0	0	0	0	0	0	0	0	0	0	0	0	0	0	0	0	0	0	0	0	0	0	0	0	0	0	0	0	0	0	0	0	0	0	0	0	0	0	0	0	0	0	0	0	0	0	0	0	0	0	0	0	0	0	0	0	0	0	0	0	0	0	0	0	0	0	0	0	0	0	0	0	0	0	0	0	0	0	0	0	0	0	0	0	0	0	0	0	0	0	0	0	0	0	0	0	0	0	0	0	0	0	0	0	0	0	0	0	0	0	0	0	0	0	0	0	0	0	0	0	0	0	0	0	0	2	0	0	0	0	0	0	0	0	0	0	0	0	0	0	0	0	0	0	0	0	0	0
D262	0	0	0	0	0	0	0	0	0	0	0	0	0	0	0	0	11	0	0	0	0	0	59	0	0	0	0	0	0	0	0	0	0	0	0	0	0	0	28	0	0	0	0	0	0	0	0	0	0	0	0	0	0	7	0	333	0	0	0	0	0	0	0	0	0	0	0	0	0	0	0	0	1	403	0	0	0	0	0	0	0	0	0	0	0	10	0	0	0	0	0	0	0	0	0	0	0	0	0	0	0	0	0	0	0	0	99	0	0	0	0	0	0	0	0	0	0	0	0	0	0	0	198	0	0	0	0	0	0	0	0	0	14	0	0	0	0	0	0	0	0	0	306	0	0	0	0	0	0	0	0	0	6	0	0	54	0	13	0	0	0	0	0	0	0	0	0	0	0	0	0	0	0	0	0	0	0	0	0	0	0	0	688	0	0	0	0	0	0	0	0	0	0	0	0	0	0	0	0	0	0	0	0	0	0	0	0	0	0	0	0	4	0	1	0	0	0	367	2	0	0	0	0	0	0	0	0	0	0	0	0	0	0	0	0	0	0	0	0	2	0	0	141	0	199	0	0	161	0	0	0	0	0	0	0	31	0	0	25	0	36	0	0	0	0	0	0	0	0	0	0	0	0	0	0	0	0	0	0	0	0	0	0	0	77	0	0	0	2	0	0	0	8	0	0	0	2	0	23	0	0	0	0	0	0	0	100	0	17	0	0	335	0	0	0	0	0	0	0	0	0	0	0	0	0	0	0	0	30	0	0	0	0	0	0	0	0	0	0	384	0	0	0	0	0	2492	467	0	0	0	0	0	0	0	0	63	0	0	0	18	9	0	0	0	0	0	0	0	0	0	0	0	0	0	0	0	0	0	0	573	0	0	0	0	0	0	0	0	0	0	0	0	0	0	8	61	0	0	0	0	0	0	0	0	0	0	0	0	0	1087	0	0	0	0	0	0	0	5	0	0	2	0	0	0	0	0	0	0	0	0	0	0	38	0	0	0	0	0	0	0	0	0	0	0	0	0	0	0	0	0	35	114	0	0	0	0	0	0	0	0	0	0	0	0	0	39	0	0	0	0	0	0	0	0	0	0	0	0	0	0	0	0	0	0	0	0	0	0	0	0	0	0	0	0	0	0	0	3	0	0	0	0	0	0	0	0	0	0	237	0	0	0	0	0	0	0	0	42	0	0	0	0	0	0	0	0	0	0	0	0	0	0	0	0	0	0	0	0	0	0	0	0	0	0	0	0	0	0	0	0	0	5	0	0	0	0	0	0	64	353	0	0	25	0	0	10	0	0	0	0	0	0	0	0	0	0	0	0	0	0	0	0	51	0	0	0	0	0	0	0	0	0	0	0	0	0	22	0	0	0	0	0	0	0	0
D263	0	0	0	0	0	0	0	0	0	14	0	0	9	0	0	0	0	0	0	0	0	0	7	0	0	0	0	0	0	0	1112	0	0	0	0	0	122	0	0	0	0	0	0	0	0	0	0	0	0	0	3	0	0	0	2	96	3	0	0	0	0	0	0	3	0	0	3	0	12	0	0	0	0	0	0	0	0	0	2	132	0	0	0	0	0	0	0	0	180	1	0	0	0	1033	0	2	78	0	50	0	0	0	0	15	0	1954	0	0	0	0	0	34	61	0	0	0	1	0	3	6	0	0	0	0	0	0	0	0	2	0	0	0	0	0	0	0	0	858	0	0	2	0	23	0	0	0	5	367	0	0	0	0	0	0	0	0	0	61	0	0	0	0	0	0	0	72	0	1	0	0	0	0	0	0	2	12	0	0	1020	0	0	0	0	0	0	0	0	0	0	0	0	0	0	98	285	0	0	0	0	0	0	0	0	0	346	0	0	0	0	0	0	0	0	0	0	0	0	0	0	0	0	0	0	0	446	0	0	0	0	0	9	0	35	360	0	0	0	1701	35	37	0	0	0	0	0	3	0	0	46	0	0	0	0	0	28	0	0	0	0	0	0	0	6	20	0	0	0	0	0	0	535	0	0	0	0	0	0	0	0	0	0	5	0	111	0	0	1745	0	0	0	0	0	105	0	0	0	39	0	0	0	0	0	0	0	0	0	0	0	0	0	0	0	0	0	0	2	0	0	0	0	630	0	0	0	0	164	0	0	0	0	0	0	0	0	0	369	4	0	10	303	0	0	0	0	0	61	0	0	162	0	0	0	361	0	0	0	0	0	39	0	0	0	0	0	0	0	61	0	115	0	0	0	914	0	0	0	0	0	0	0	0	0	0	0	0	0	0	0	8	0	0	0	1	0	0	0	1066	0	0	17	0	0	0	0	99	0	0	0	0	0	0	0	0	0	0	0	40	0	0	0	27	0	0	0	0	0	96	49	553	0	30	0	0	0	0	0	0	0	191	0	0	247	0	23	0	0	256	0	1116	0	0	0	0	0	44	0	0	0	0	0	0	0	24	0	0	0	0	0	0	0	0	0	0	20	320	0	0	2151	75	30	0	0	0	0	0	0	76	0	0	0	0	0	0	0	148	0	0	0	0	28	0	51	0	0	40	0	0	0	0	0	0	0	0	0	0	2	3924	0	0	0	0	0	536	0	0	0	0	0	483	0	0	0	0	0	0	1102	11	0	0	0	0	0	0	0	0	0	522	0	0	0	0	0	0	323	0	0	0	0	0	0	0	0	0	0	0	0	0	0	0	0	0	0	0	0	0	0	0	0	0	0	0	0	9	0	0	0	0	0	0	0	0	10	0	0	591	54	107	0	0	0	64	4	0	0	0
D264	0	0	0	0	0	0	0	0	0	0	0	0	0	0	0	0	0	0	0	0	0	0	0	0	0	0	0	0	0	0	0	0	0	0	0	0	0	0	0	0	0	0	0	0	0	0	0	0	0	0	0	0	0	0	0	0	0	0	0	0	0	0	0	0	0	0	0	0	0	0	0	0	0	0	0	0	0	0	0	0	0	0	0	0	0	0	0	0	0	0	0	0	0	0	0	0	0	0	0	0	0	0	0	0	0	0	0	0	0	0	0	0	0	0	0	153	0	0	0	0	0	0	0	0	0	0	0	0	0	0	0	0	0	0	0	0	0	0	0	0	0	0	0	0	0	0	0	0	0	0	0	0	0	0	0	0	0	0	0	0	0	0	0	0	0	0	0	0	0	0	0	0	0	0	0	0	0	0	0	0	0	0	0	0	0	0	0	0	0	0	0	0	0	0	0	0	0	0	0	0	0	0	0	0	0	0	0	0	0	0	0	0	0	0	0	0	0	0	0	0	0	0	0	0	0	0	0	0	0	0	0	0	0	0	0	0	0	0	0	0	0	0	0	0	0	0	0	0	0	0	0	0	0	0	0	0	0	0	0	0	0	0	0	0	0	0	0	0	0	0	0	0	0	11591	0	0	0	0	0	0	0	0	0	0	0	0	0	0	0	0	0	0	0	0	0	0	0	0	0	0	0	0	0	0	0	0	0	0	0	0	0	0	0	0	0	0	0	0	0	0	0	0	57	0	0	0	0	0	0	0	0	0	0	0	0	0	0	0	0	0	0	0	0	0	0	0	0	30	0	0	0	0	0	0	0	0	0	0	0	0	0	0	0	0	0	0	0	0	0	0	0	0	0	0	0	0	0	0	0	0	0	0	0	0	0	0	0	0	0	0	0	0	0	0	0	0	0	0	0	0	0	0	0	0	0	0	0	0	0	0	0	0	0	0	0	66	0	0	0	0	0	0	0	0	0	0	0	0	0	0	0	0	0	2987	0	0	0	0	0	0	0	0	0	0	0	0	0	0	0	0	0	0	0	0	0	0	0	0	0	0	0	0	0	7	0	0	0	0	0	0	0	0	0	0	0	0	0	0	0	0	0	0	0	0	0	0	0	0	0	0	0	0	0	205	0	0	0	0	0	0	0	0	0	0	0	0	0	0	0	0	0	0	0	0	0	0	0	0	0	0	0	0	0	0	0	0	0	0	0	0	0	0	0	0	0	0	0	0	0	0	0	0	0	0	0	0	0	0	0	0	0	0	0	0	0	0	0	0	0	0	0	0	0	0	0	156	0	0	0	0	0	0	0	0	0	0	0	0	0	0	0	0	0	0	0	0	0	0	0	0	0	0	0	0	0	0	0	0	0	0	0	0	0	0	0
D265	0	0	0	0	0	0	0	0	0	0	0	0	0	0	0	0	0	0	0	0	0	0	0	0	0	0	0	0	0	0	0	0	0	0	0	0	0	0	0	0	0	0	0	47	0	0	0	0	0	0	0	0	27	0	0	0	0	0	0	0	0	0	0	0	0	0	0	0	0	0	0	0	0	0	0	0	0	0	0	0	0	0	0	0	0	162	0	0	0	0	0	0	0	0	0	0	0	0	0	0	0	0	0	0	0	0	0	0	0	0	0	0	0	0	0	0	0	0	0	0	0	0	0	0	0	0	0	0	0	0	0	0	0	0	0	0	0	0	0	0	0	0	0	0	0	0	0	0	0	0	0	0	0	0	0	0	0	0	0	0	0	0	0	0	0	0	0	0	0	0	0	0	0	0	0	0	0	0	0	0	0	0	0	0	0	0	0	0	0	0	0	0	0	0	0	0	0	0	0	0	0	0	0	0	0	0	0	0	0	0	0	0	0	0	0	0	0	0	0	0	0	0	0	0	0	0	0	0	0	0	0	0	0	0	0	0	0	0	0	0	0	0	0	0	0	0	0	0	0	0	0	0	0	0	0	0	0	0	0	0	0	0	6	0	0	0	93	0	0	9	0	0	0	0	0	0	0	0	109	0	0	0	0	0	0	0	0	0	0	0	0	0	0	0	0	0	0	0	0	0	0	0	0	0	0	0	0	0	0	0	0	0	0	0	0	0	0	0	0	0	0	0	0	0	0	0	0	0	0	0	0	0	0	0	0	0	0	0	0	0	0	0	0	0	0	0	0	0	0	0	0	0	0	0	0	0	0	0	0	0	0	0	0	0	0	0	0	0	0	0	0	0	0	0	0	0	0	0	0	0	0	0	0	0	0	0	0	0	0	0	0	0	0	0	0	0	0	0	0	0	0	0	0	0	0	0	0	0	0	0	0	0	0	0	0	48	0	0	0	0	0	0	0	0	0	0	0	0	0	0	0	0	0	0	0	0	0	0	0	0	0	0	0	0	0	0	0	0	0	0	0	0	0	0	0	0	0	0	0	0	0	0	0	0	0	0	0	0	0	0	0	0	0	0	0	0	0	0	0	0	0	2	0	0	0	0	0	0	0	0	41	0	0	0	0	0	0	0	0	0	0	0	0	0	0	0	0	13	0	0	0	0	0	0	0	0	0	0	0	0	0	0	0	0	0	0	6	0	0	0	0	0	0	0	0	0	0	0	0	0	372	0	0	0	0	0	0	0	0	0	0	0	0	0	0	0	0	0	0	0	0	0	0	0	0	1945	0	0	0	0	0	0	0	0	0	0	0	0	0	0	0	0	2	0	0	0	0	0	0	0	0	0	0	0	0	0	0	0	0	0	0	0	0	0	0
D266	0	3	0	0	0	350	0	0	202	0	0	73	0	0	0	0	0	0	0	0	0	0	8	0	0	0	0	0	11	0	0	0	0	0	12	0	0	0	4	0	0	0	0	0	6	0	0	0	0	57	0	0	0	0	576	0	0	0	0	0	0	25	0	39	0	0	0	0	0	1214	0	0	0	0	0	702	0	0	0	0	0	0	0	0	0	0	0	0	0	139	1	0	0	0	2	0	0	0	0	0	40	0	0	0	0	0	0	0	0	0	0	0	0	0	26	0	0	0	0	10201	901	0	0	0	54	24	0	0	0	0	0	0	0	0	0	0	0	0	0	140	122	0	0	0	4	815	0	0	0	0	63	44	0	0	0	0	0	15	0	0	3	0	0	0	287	0	0	0	0	0	0	0	0	0	1750	0	0	0	0	0	0	0	10	0	0	11	0	0	0	0	0	0	83	0	0	19	0	43	0	0	0	0	0	0	0	0	0	0	0	0	0	0	0	0	0	0	0	0	0	292	39	0	0	0	0	0	0	244	0	0	0	0	0	0	0	0	2	0	0	0	708	0	0	0	0	0	4	0	0	13	0	0	0	0	0	0	0	0	0	0	0	0	887	0	15	0	73	0	0	0	0	0	0	190	0	0	0	0	0	104	0	0	0	0	6	0	0	0	0	0	0	317	0	0	0	0	28	0	0	0	0	0	0	0	0	0	0	0	0	66	0	0	139	0	0	0	44	0	0	0	0	42	0	0	0	0	0	0	0	0	0	0	248	0	0	0	0	0	0	19	0	6	0	0	0	0	0	0	0	0	0	8	0	0	0	0	0	0	0	21	0	0	1051	0	3	0	0	10	0	0	46	0	0	0	0	0	0	0	144	31	0	0	0	0	88	0	0	0	0	0	0	0	0	36	0	0	0	0	0	0	0	0	0	0	0	95	0	7	0	0	0	0	94	0	0	3	0	0	0	0	0	0	0	0	0	0	0	0	0	0	0	0	0	0	0	0	0	0	0	0	0	0	0	0	0	0	0	0	0	0	57	492	0	5	0	0	0	0	0	1	108	0	0	0	0	8	2	0	0	0	0	0	0	1	0	0	0	0	0	0	123	0	31	0	8	0	0	0	0	0	8	0	0	0	0	0	0	5	0	0	0	0	3	0	0	0	0	45	0	0	0	0	0	0	0	0	0	0	0	0	0	0	0	0	3	0	439	170	92	0	0	0	0	0	0	0	0	0	3	0	0	1	0	0	9	0	0	0	0	0	0	0	0	6	0	0	0	0	0	0	0	0	0	0	36	0	0	0	0	0	0	144	92	4	0	0	0	0	0	0	0	0	0	0	0	0	0	0	0	0	0	0	0	96	0	0	0	0	9	0	0	0	0	232	0
D267	0	0	0	0	0	102	0	0	0	0	0	0	0	0	0	0	0	0	0	0	0	0	0	0	0	0	0	0	0	0	0	0	0	0	2	0	0	0	0	0	0	0	0	0	1	0	0	0	0	4	0	0	0	0	0	0	0	0	0	0	0	0	0	0	0	0	0	0	0	0	0	24	0	0	0	0	0	0	0	0	0	0	0	0	0	0	0	0	0	0	0	0	0	0	0	0	0	0	0	0	0	0	0	0	0	0	0	0	0	0	0	0	0	0	0	140	0	0	0	0	0	0	0	0	6	0	0	0	0	0	0	0	0	0	0	0	0	0	0	0	0	0	0	0	0	7	0	0	0	0	0	0	0	0	0	0	0	0	0	0	0	0	0	0	0	0	0	0	0	0	0	0	0	0	0	0	0	0	0	0	0	0	0	0	0	0	0	0	0	0	0	0	0	0	0	22	0	0	0	0	0	0	0	0	0	0	0	0	0	0	0	0	0	0	0	0	0	0	0	20	0	0	0	0	0	0	0	10	0	0	0	0	0	0	0	0	0	0	0	0	0	0	0	0	0	0	596	0	0	0	0	0	0	0	0	0	0	0	0	0	0	0	0	0	0	0	0	0	0	0	0	0	0	3098	0	0	0	0	13	0	0	0	0	0	0	0	0	0	0	0	0	0	0	0	0	0	0	0	0	0	0	0	0	0	0	0	0	0	0	133	0	0	0	0	0	0	0	0	0	0	0	0	0	0	0	0	0	0	0	0	0	0	0	0	0	0	0	0	0	0	0	1	0	0	0	0	0	0	0	0	0	3048	0	0	0	0	0	0	0	0	0	0	0	0	0	0	0	0	0	0	0	0	0	0	0	0	0	0	0	0	0	0	0	0	0	0	0	0	0	0	0	0	0	0	0	0	0	0	0	0	0	0	0	0	0	1	0	0	0	0	0	0	0	0	0	243	0	0	0	2	0	0	0	0	0	0	0	0	0	0	0	0	0	18434	0	0	0	0	0	0	0	0	0	0	0	0	0	0	0	0	0	0	0	0	0	0	0	0	0	0	0	0	0	0	0	0	0	0	0	0	0	0	0	0	0	0	0	0	0	0	0	0	0	0	0	0	0	0	0	0	0	0	0	0	0	0	0	0	0	0	0	0	5	0	0	0	0	360	0	0	0	0	0	0	0	0	0	0	0	0	0	0	0	0	0	0	2	0	0	0	0	0	0	0	0	0	0	0	0	0	0	0	0	0	0	0	0	0	0	0	0	0	0	0	0	0	0	0	0	0	0	0	0	0	4	0	0	0	0	0	0	0	0	0	0	0	0	0	0	0	0	0	0	0	0	0	0	0	0	0	0	0	0	0	0	0	0	0	0	0	0	0	0	0	0
D268	0	0	0	0	0	0	0	0	0	0	0	0	0	0	0	0	0	0	0	0	0	0	0	0	0	0	0	0	0	0	0	0	0	0	0	0	0	0	0	0	0	0	0	0	0	0	0	0	0	0	0	0	0	0	0	0	0	0	0	0	0	0	0	0	0	0	0	0	0	0	0	0	0	0	0	0	0	0	0	0	0	0	0	0	0	0	0	0	0	0	0	0	0	0	0	0	0	0	0	0	0	0	0	0	0	0	0	0	0	0	0	0	0	0	0	0	0	0	0	0	0	0	0	0	0	0	0	0	0	0	0	0	0	0	0	0	0	0	0	0	0	0	0	0	0	0	0	0	0	0	0	0	0	0	0	0	0	0	0	0	0	0	0	0	0	0	0	0	0	0	0	0	0	0	0	0	0	0	0	0	0	0	0	0	0	0	0	0	0	0	0	0	0	0	0	0	0	0	0	0	0	0	0	0	0	0	0	0	0	0	0	0	0	0	0	0	0	0	0	7	0	0	0	0	0	0	0	3	0	0	0	0	0	0	0	0	0	0	0	0	0	0	0	0	0	0	40	0	0	0	0	0	0	0	0	0	0	0	0	0	0	0	0	0	0	0	0	0	0	0	0	0	0	1634	0	0	0	0	1	0	0	0	0	0	0	0	0	0	0	0	0	0	0	0	0	0	0	0	0	0	0	0	0	0	0	0	0	0	0	0	0	0	0	0	0	0	0	0	0	0	0	0	0	0	0	0	0	0	0	0	0	0	0	0	0	0	0	0	0	0	0	0	0	0	0	0	0	0	0	0	0	1482	0	0	0	0	0	0	0	0	0	0	0	0	0	0	0	0	0	0	0	0	0	0	0	0	0	0	2	0	0	0	0	0	0	0	0	0	0	0	0	0	0	0	0	0	0	0	0	0	0	0	0	0	0	0	0	0	0	0	0	0	0	0	0	59	0	0	0	0	0	0	0	0	0	0	0	0	0	0	0	0	0	5977	0	0	0	0	0	0	0	0	0	0	0	0	0	0	0	0	0	0	0	0	0	0	0	0	0	0	0	0	0	0	0	0	0	0	0	0	0	0	0	0	0	0	0	0	0	0	0	0	0	0	0	0	0	0	0	0	170	0	0	0	0	0	0	0	0	0	0	0	0	0	0	0	0	0	0	0	0	0	0	0	0	0	0	0	0	0	0	0	0	0	0	0	5	0	0	0	0	0	0	0	0	0	0	0	0	0	0	0	0	0	0	0	0	0	0	0	0	0	0	0	0	0	0	0	0	0	0	0	0	0	0	0	0	0	0	0	0	0	0	0	0	0	0	0	0	0	0	0	0	0	0	0	0	0	0	0	0	0	0	0	0	0	0	0	0	0	0	0	0	0	0
D269	0	0	0	0	0	0	0	0	0	0	0	0	0	0	0	0	0	0	0	0	2	0	0	0	0	0	0	0	0	0	0	0	0	0	0	0	0	0	0	0	0	0	0	0	0	0	0	0	0	0	0	0	0	0	0	0	0	0	0	0	0	0	0	0	0	0	0	0	0	0	0	0	0	0	0	0	0	0	0	0	0	0	0	0	0	64	0	0	0	0	0	0	0	0	0	0	0	0	0	0	0	0	0	0	0	0	0	0	0	0	0	0	0	0	0	3	0	0	0	0	0	0	0	0	0	0	0	0	0	0	0	0	0	0	0	0	0	0	0	0	0	0	0	0	0	0	0	0	0	0	0	0	0	0	0	0	0	0	0	0	0	0	0	0	0	0	0	0	0	0	0	0	0	0	0	0	0	0	0	0	0	0	0	0	0	0	0	0	0	0	0	0	0	0	0	0	0	0	0	0	0	0	0	0	0	0	0	0	0	0	0	0	0	0	0	0	0	0	0	0	0	0	0	0	0	0	0	20	0	0	0	0	0	0	0	0	0	0	0	0	0	0	0	0	0	0	0	0	0	0	0	0	0	0	0	0	0	0	0	0	39	0	0	0	0	0	0	0	0	0	0	0	0	0	0	0	0	0	0	0	0	0	0	0	0	0	0	0	0	0	0	0	0	0	0	0	0	0	0	0	0	0	0	0	0	0	0	0	0	0	0	0	0	0	0	0	0	0	0	0	0	0	8	0	0	0	0	0	6	0	0	0	0	0	0	0	0	0	0	0	0	0	0	0	0	0	5	0	0	0	0	0	0	0	0	0	0	0	0	0	0	0	0	0	0	0	0	0	0	0	0	0	0	0	0	0	0	0	0	0	0	0	0	0	0	0	0	0	0	0	0	0	0	0	0	0	0	0	0	0	0	0	0	0	0	0	0	0	0	0	0	1	0	0	0	13	0	0	0	0	0	0	0	0	0	0	0	0	0	0	0	0	0	0	0	0	0	0	0	0	0	0	0	0	0	0	0	0	0	0	0	0	0	0	0	0	0	0	0	0	0	0	0	0	0	0	0	0	0	0	0	0	0	0	0	0	0	0	0	0	0	0	0	0	0	0	0	0	0	0	0	0	0	8	0	0	0	0	0	0	1	0	0	0	0	0	0	142	0	0	0	0	0	0	0	0	0	0	0	0	0	0	0	0	0	0	2	0	0	0	0	0	0	0	0	0	0	0	0	0	421	0	0	0	0	0	0	0	0	0	0	0	0	0	0	0	0	0	0	0	3	0	0	0	0	2516	0	0	0	0	0	0	0	0	0	0	0	0	0	0	0	0	191	0	0	0	0	0	0	0	0	0	0	0	0	0	0	0	0	0	0	0	0	0	0
D270	0	0	0	0	0	3	0	0	0	0	0	0	0	0	0	0	0	0	0	0	0	0	0	0	0	0	0	0	0	0	0	0	0	0	0	0	0	0	0	0	0	0	0	0	0	0	0	0	0	0	0	0	0	0	0	0	0	0	0	0	0	0	0	0	0	0	0	0	0	0	0	0	0	6	0	0	0	0	0	0	0	0	0	0	0	0	0	0	0	0	0	0	0	0	0	0	0	0	0	0	0	0	0	0	0	0	0	0	0	0	0	0	0	0	0	0	0	0	0	0	0	0	0	0	0	0	0	0	0	0	0	0	0	0	0	0	0	0	0	0	0	0	0	0	0	0	0	0	0	0	0	0	0	0	0	0	0	0	0	0	0	0	0	0	0	0	0	0	0	0	0	0	0	0	0	0	0	0	0	0	0	0	0	0	0	0	0	0	0	0	0	0	0	0	0	0	0	0	0	0	0	0	0	0	0	0	0	0	0	0	0	0	4	0	0	0	0	0	0	0	0	0	0	0	0	0	0	0	0	0	0	0	0	0	0	0	0	0	0	0	0	0	0	0	0	0	36	0	0	0	0	0	0	0	0	0	0	0	0	0	0	0	0	0	0	0	0	0	0	0	0	0	0	0	0	0	0	0	0	0	0	0	0	0	0	0	0	0	0	0	0	0	0	0	0	0	0	0	0	0	0	0	0	0	0	0	2	0	0	0	0	2	0	0	0	0	0	0	0	0	0	0	0	0	0	0	0	0	0	0	0	0	0	0	0	0	0	0	0	0	0	0	0	0	0	0	0	0	0	0	0	30	0	0	0	0	0	0	0	0	0	0	0	0	0	0	0	0	0	0	0	0	0	0	0	0	0	0	0	0	0	0	0	0	0	0	0	0	0	0	0	0	0	0	0	0	0	0	0	0	0	0	0	0	0	0	0	0	0	0	0	0	0	0	0	24	0	0	0	0	0	0	0	0	0	0	0	0	0	0	0	0	0	25	0	0	0	0	0	0	0	0	0	0	0	0	0	0	0	0	0	0	0	0	0	0	0	0	0	0	0	0	0	0	0	0	0	0	0	0	0	0	0	0	0	0	0	0	0	0	0	0	0	0	0	0	0	0	0	0	43	0	0	0	0	0	0	0	0	0	0	0	0	0	0	0	0	9	0	0	0	0	0	0	0	0	0	0	0	0	0	0	0	0	0	0	31	0	0	0	0	0	0	0	0	0	0	0	0	0	0	0	0	0	0	0	0	0	0	0	0	0	0	0	0	0	0	0	0	0	0	0	0	0	0	0	0	0	0	0	0	0	0	0	0	0	0	0	0	0	0	0	0	0	0	0	0	0	0	0	0	0	0	0	0	0	0	0	0	0	0	0	0	0	0
D271	0	53	9	0	0	0	0	8	139	0	0	0	0	0	0	0	0	0	0	0	0	0	16	0	0	3	0	0	0	0	0	0	0	0	0	0	0	0	216	0	3	0	0	25	0	0	0	0	0	0	0	0	0	0	0	0	0	0	0	0	0	0	0	0	0	0	0	4	0	0	0	0	2	0	0	739	0	0	0	0	0	0	0	0	0	0	0	3	0	0	0	0	0	0	0	0	0	0	0	0	0	0	0	0	0	0	0	0	0	0	0	0	0	0	0	0	0	0	45	0	0	0	315	0	0	0	0	0	0	0	0	0	0	0	0	0	0	0	0	0	0	0	0	0	0	0	0	0	0	0	0	0	0	0	0	18	0	0	0	0	0	0	0	0	0	0	0	0	0	0	24	0	499	0	0	0	0	0	0	0	0	0	1938	0	0	0	0	0	0	0	0	0	0	0	0	0	2	0	0	0	0	0	0	0	0	0	0	0	0	0	0	4	0	7	0	0	0	21	39	0	0	0	0	0	0	0	0	9	0	0	0	0	0	0	0	0	0	0	0	0	0	0	4	0	71	0	0	0	0	0	0	0	0	0	0	0	16	0	0	0	1603	0	0	0	0	0	0	0	0	0	0	0	0	0	0	0	0	0	0	0	0	0	0	0	1415	0	0	0	0	0	20	0	96	0	0	6	18	0	0	0	0	0	0	0	2	0	1	0	0	0	0	353	0	0	0	0	0	0	0	0	0	0	0	0	20	0	0	0	6	0	0	0	3	0	0	0	3	0	0	874	0	0	0	0	0	58	30	0	0	0	0	0	0	0	0	2	0	0	0	0	0	0	0	0	6	0	0	1	0	2	0	0	0	0	0	0	0	0	0	41	0	0	0	3	0	0	0	0	0	0	0	0	0	0	0	0	0	0	0	0	0	0	0	0	0	0	0	0	0	0	0	0	0	0	0	0	0	0	0	0	0	0	0	0	0	0	0	0	0	0	0	0	191	0	0	120	0	0	0	0	0	0	0	0	0	0	0	0	0	0	22	30	0	0	0	0	0	0	0	0	0	0	0	0	0	187	0	0	0	0	0	0	0	1	0	0	0	0	0	0	0	0	0	0	44	0	0	0	0	0	2	2	0	2	0	0	0	4	0	0	0	0	0	0	0	0	0	0	0	0	0	0	0	0	0	0	0	118	1	0	0	0	0	0	0	0	0	0	2	0	1	0	0	0	0	0	0	0	0	0	0	0	0	162	0	0	0	0	0	0	0	20	0	0	0	0	0	0	0	0	0	0	0	0	0	0	0	0	0	0	1	0	0	42	0	0	0	0	0	0	0	0	157	0	0	0	0	0	0	0	0	0	0	0	0	0	0	0	0	0	0	0	0	4	0
D272	0	0	0	0	0	2	0	0	0	0	0	0	0	0	0	0	0	0	0	6	0	0	0	2	0	0	5	0	0	0	0	0	0	0	0	0	0	0	0	384	0	0	0	0	0	0	0	0	0	0	0	0	0	0	0	79	6	0	14	0	0	0	0	0	0	0	10	0	0	0	0	0	0	0	0	0	0	0	329	48	0	0	0	0	0	0	0	0	139	0	0	5	0	0	0	0	6	0	9	0	0	10	0	0	0	0	0	0	0	0	0	1625	0	0	0	0	0	0	0	0	0	0	0	0	0	0	135	0	59	0	0	0	0	0	0	0	0	1602	0	0	0	0	8	0	0	0	0	0	0	0	0	0	0	0	0	0	0	0	0	33	0	0	0	542	0	0	0	0	0	0	0	0	0	0	0	457	0	0	0	8	0	164	0	0	0	22	0	0	0	0	0	0	0	2075	435	0	0	0	0	0	0	0	0	0	0	0	0	0	0	0	0	0	0	0	0	0	0	2	0	0	0	0	0	0	587	0	0	0	0	0	0	0	192	8	6	0	0	315	0	4	0	0	0	0	0	0	0	0	0	0	3	0	0	0	2	0	0	0	348	0	0	0	0	88	0	0	0	0	0	0	0	0	0	17	0	0	0	0	0	0	0	0	0	354	0	0	0	0	0	0	6	0	0	0	0	0	5	0	0	0	0	0	0	0	0	0	33	0	0	0	0	0	0	0	0	0	0	0	0	0	0	0	0	0	0	0	0	0	0	0	0	0	0	0	0	1406	0	0	4	0	0	0	0	0	0	0	0	0	2	0	0	16	16	0	0	0	0	0	457	0	0	0	0	0	0	0	63	0	181	0	0	0	0	0	0	0	0	0	0	0	0	0	0	0	0	0	0	2	0	0	0	0	0	0	3	0	791	0	0	0	121	0	0	0	57	0	0	0	0	0	0	0	0	1266	0	0	0	0	0	0	6	0	0	0	0	0	0	4406	5	0	801	0	0	0	0	0	0	0	5095	0	0	8	0	0	2	0	112	0	813	0	1	0	0	0	18	13	0	0	0	0	0	0	0	0	0	0	0	0	0	0	0	0	0	24	895	0	0	27	382	32	0	0	0	0	0	0	0	0	0	1	0	0	0	0	0	0	6	0	0	53	0	1171	0	0	1469	0	0	0	0	0	0	0	39	0	0	0	8	0	4	0	0	0	164	0	0	0	0	0	0	0	0	0	0	0	0	0	0	0	0	0	0	0	0	0	0	0	0	0	0	0	0	0	0	5574	0	0	0	90	0	0	0	0	0	0	0	0	0	0	0	0	0	0	0	9	0	2	0	0	0	2	0	0	0	0	0	0	0	0	0	0	0	0	0	0	0	0	743	0	0	0	156	0	0	0	0
D273	0	0	0	0	0	0	0	0	0	0	0	0	0	0	0	0	0	0	0	0	0	0	0	0	0	0	0	0	0	0	0	0	0	0	0	0	0	0	0	0	0	0	0	0	0	0	0	0	0	0	0	0	0	0	0	0	0	0	0	0	0	0	0	0	0	0	0	0	0	0	0	0	0	0	0	0	0	0	0	0	0	0	0	0	0	0	0	0	0	0	0	0	0	0	0	0	0	0	0	0	0	0	0	0	0	0	0	0	0	0	0	0	0	0	0	0	0	0	0	0	0	0	0	0	0	0	0	0	0	0	0	0	0	0	0	0	0	0	0	0	0	0	0	0	0	0	0	0	0	0	0	0	0	0	0	0	0	0	0	0	0	0	0	0	0	0	0	0	0	0	0	0	0	0	0	0	0	0	0	0	0	0	0	0	0	0	0	0	0	0	0	0	0	0	0	0	0	0	0	0	0	0	0	0	0	0	0	0	0	0	0	0	0	0	0	0	0	0	0	2	0	0	0	0	0	0	0	0	0	0	0	0	0	0	0	0	0	0	0	0	0	0	0	0	0	0	47	0	0	0	0	0	0	0	0	0	0	0	0	0	0	0	0	0	0	0	0	0	0	0	0	0	0	1045	0	0	0	0	2	0	0	0	0	0	0	0	0	0	0	0	0	0	0	0	0	0	0	0	0	0	0	0	0	0	0	0	0	0	0	0	0	0	0	0	0	0	0	0	0	0	0	0	0	0	0	0	0	0	0	0	0	0	0	0	0	0	0	0	0	0	0	0	0	0	0	0	0	0	0	0	0	804	0	0	0	0	0	0	0	0	0	0	0	0	0	0	0	0	0	0	0	0	0	0	0	0	0	0	0	0	0	0	0	0	0	0	0	0	0	0	0	0	0	0	237	0	0	0	0	0	0	0	0	0	0	2	0	0	0	0	0	0	0	0	0	151	0	0	0	0	0	0	0	0	0	0	0	0	0	0	0	0	0	5912	0	0	0	0	0	0	0	0	0	0	0	0	0	0	0	0	0	0	0	0	0	0	0	0	0	0	0	0	0	0	0	0	0	0	0	0	0	0	0	0	0	0	0	0	0	0	0	0	0	0	0	0	0	0	0	0	283	0	0	0	0	0	0	0	0	0	0	0	0	0	0	0	0	0	0	0	0	0	0	0	0	0	0	0	0	0	0	0	0	0	0	0	21	0	0	0	0	0	0	0	0	0	0	0	0	0	0	0	0	0	0	4	0	0	0	0	0	0	0	0	0	0	0	2	0	0	0	0	0	0	0	0	0	0	0	0	0	0	0	0	0	0	0	0	0	0	0	0	0	0	0	0	0	0	0	0	0	0	0	0	0	0	0	0	0	0	0	0	0	0	0
D274	0	0	0	0	0	101	0	0	0	0	0	0	0	0	0	0	0	0	0	0	0	0	0	0	0	0	0	0	148	4	0	2	0	0	498	0	0	0	0	0	0	0	0	0	2	0	0	0	0	0	0	0	0	0	0	13	0	0	3	0	0	9	0	23	0	0	0	6	0	0	0	0	0	0	0	0	0	0	0	0	0	0	0	0	0	0	0	0	0	0	0	0	0	0	2	0	0	0	0	0	4	0	0	0	0	0	0	0	0	0	0	0	0	0	53	0	0	0	0	148	15	0	0	0	38	352	0	0	0	0	0	0	0	81	0	0	0	0	0	28	95	0	0	0	0	17	0	0	0	0	8	40	0	0	0	0	0	0	0	0	0	0	0	0	35	0	0	0	0	0	1	0	0	0	163	0	0	0	0	0	0	0	0	0	0	0	0	0	0	0	0	0	64	0	0	22	0	0	0	0	0	0	0	0	0	0	0	0	0	0	0	0	0	0	0	0	0	0	0	0	28	0	0	0	0	0	0	0	0	0	0	0	0	0	0	0	0	0	0	0	0	0	0	0	0	0	0	0	0	0	0	0	0	0	0	0	0	0	0	0	0	0	968	0	6	0	1	0	0	0	0	0	0	0	0	0	0	0	0	5	0	0	0	0	0	0	0	0	0	0	0	0	0	0	0	0	2	0	0	0	0	0	0	0	0	0	100	0	0	65	0	0	0	0	0	0	0	0	0	0	0	51	0	0	0	0	0	0	0	0	0	0	336	0	0	0	0	0	0	6	0	5	0	0	0	0	0	0	0	0	0	0	0	0	22	0	0	0	0	0	0	0	0	0	0	0	0	0	0	0	0	0	0	0	0	0	0	0	0	0	0	0	0	0	1	0	0	0	0	0	0	0	0	12	0	0	0	0	0	0	0	0	0	0	0	2	0	779	0	0	0	0	20	0	0	0	0	0	0	20	0	0	0	0	0	0	0	0	0	0	0	0	0	5	0	0	0	0	0	0	0	0	0	0	0	0	0	0	0	0	0	0	0	828	0	0	0	0	0	0	13	0	0	0	0	8	0	0	0	0	0	0	0	0	0	0	0	0	0	0	168	0	0	0	0	0	0	0	0	0	0	0	0	0	0	0	0	10	0	0	0	0	0	0	0	0	0	0	0	0	0	0	0	0	0	0	0	0	0	0	0	0	0	0	0	0	2	0	14	0	0	0	0	0	0	0	0	0	449	0	0	0	0	0	10	0	0	0	0	0	0	0	0	0	0	0	0	0	0	10	0	0	0	0	158	0	0	0	0	0	0	0	0	2	0	0	0	0	0	0	0	0	0	0	0	0	0	0	0	0	0	0	0	9	0	0	0	0	0	0	0	0	0	0	0
D275	0	0	0	0	0	0	0	0	0	0	0	0	0	0	0	0	0	0	0	0	0	0	0	0	0	0	0	0	0	0	0	0	0	0	0	0	0	0	3	0	0	0	0	0	0	0	0	0	0	0	0	0	0	0	0	0	0	0	0	0	0	0	0	0	0	0	0	0	0	0	0	0	0	0	0	0	0	0	0	0	0	0	0	0	0	0	0	0	0	0	0	0	0	0	0	0	0	0	0	0	0	0	0	0	0	0	0	0	0	0	0	0	0	0	0	0	0	0	0	0	0	0	0	0	0	0	0	0	0	0	0	0	0	0	0	0	0	0	0	0	0	0	0	0	0	0	0	0	0	0	0	0	0	0	0	0	0	0	0	0	0	0	0	0	0	0	0	0	0	0	0	0	0	0	2	0	0	0	0	0	0	0	0	0	0	0	0	0	0	0	0	0	0	0	0	0	0	0	0	0	0	0	0	0	0	0	0	0	0	0	0	0	0	0	0	0	0	0	0	0	0	0	0	0	0	0	0	0	0	0	0	0	0	0	0	0	0	0	0	0	0	0	0	0	0	2	0	0	0	0	0	0	0	0	0	0	0	0	0	0	0	0	0	0	0	0	0	0	0	0	0	0	0	0	0	0	0	0	0	0	0	0	0	0	0	0	0	0	0	0	0	0	0	0	0	0	0	0	0	0	0	0	0	0	0	0	18	0	0	0	0	0	0	0	0	0	0	0	0	0	0	0	0	0	0	0	0	0	0	0	0	0	0	0	0	0	0	0	0	0	0	0	0	0	0	0	0	0	0	0	0	0	0	0	0	0	0	0	0	0	0	0	0	0	0	0	0	0	0	0	0	0	0	0	0	0	0	0	0	0	0	0	0	0	0	0	0	0	0	0	0	0	0	0	0	0	0	0	0	0	0	0	0	0	0	0	0	0	0	0	0	0	6	0	0	0	0	0	0	0	0	0	0	0	0	0	0	0	0	0	0	0	0	0	0	0	0	0	0	0	0	0	0	0	0	0	0	0	0	0	0	0	0	0	0	0	0	0	0	0	0	0	0	0	0	0	0	0	0	0	0	0	0	0	0	0	0	0	0	0	0	0	0	0	0	0	0	0	0	0	0	20	0	0	0	0	0	0	0	0	0	0	0	0	0	0	0	0	0	0	0	0	0	0	0	0	0	0	0	0	0	0	0	0	0	0	0	0	2	0	0	0	0	0	0	0	0	0	0	0	0	0	0	0	2	0	0	0	0	0	0	0	0	0	0	0	0	0	0	0	0	0	0	0	0	0	0	0	0	0	0	0	0	0	0	0	0	0	0	0	0	0	4	0	0	0	0	0	0	0	0	0	0	0	0	0	0	0	0	0	0	0	0	0	0
D276	0	2	17	12	0	0	0	2	0	46	0	0	0	18	0	0	0	0	10	0	2	5	0	0	4	30	0	9	0	0	0	0	0	6	0	0	73	1	1	0	7	3	4	0	0	0	0	58	0	0	9	23	0	8	0	1	13	0	2	0	2	0	0	0	0	36	0	0	6	0	0	65	0	0	0	0	5	4	0	0	0	9	0	0	0	0	1	3	0	0	0	53	0	0	0	0	0	21	0	0	0	0	0	0	3	0	0	0	0	0	8	0	0	0	0	0	0	73	3	0	0	13	0	3	0	0	0	0	0	2	0	0	0	0	119	0	1	0	0	0	0	2	0	0	22	0	0	0	4	0	0	0	0	8	5	0	9	0	0	0	2	0	2	0	0	0	0	14	0	72	0	25	0	5	0	0	0	10	0	0	0	0	8	0	3	0	0	1	5	6	10	2	0	0	0	0	0	0	6	0	0	0	2	3	0	0	8	25	18	2	0	0	2	0	0	12	4	0	0	0	0	0	1	5	0	1	3	0	0	3936	0	67	0	0	0	0	0	0	0	0	0	1	0	8	0	0	0	0	0	0	0	3	0	77	0	0	11	8	0	0	0	74	0	0	0	6	0	14	2	0	0	0	20	0	2	0	15	0	0	0	0	0	9	0	0	21	0	0	0	0	74	0	0	2	3	0	0	0	0	0	0	33	37	0	0	10	0	25	0	0	25	5	0	0	42	0	0	12	16	2	0	0	0	13	0	0	2	0	0	22	0	48	2	11	60	0	7	0	0	0	146	0	0	23	0	0	2	0	0	14	13	0	0	0	0	4	0	1	2	2	0	49	0	10	2	7	0	0	0	1	2	0	0	0	81	0	21	47	0	0	0	0	2	0	0	86	0	14	0	0	0	10	0	0	0	0	0	0	0	0	0	0	0	4	0	0	1	0	111	0	6	0	0	0	0	0	0	0	3	0	0	5	97	2	0	4	0	0	0	0	0	0	0	0	0	0	0	8	0	19	6	0	0	0	0	0	0	0	0	5	0	5	0	0	0	5	0	2	40	0	0	0	0	0	6	6	0	0	6	0	1	0	0	3	0	30	0	0	0	0	0	0	0	26	0	8	0	5	0	12	0	5	25	0	0	0	2	0	3	0	56	0	0	0	0	155	672	0	0	7	0	3	0	20	0	4	0	0	0	6	10	3	0	5	47	18	0	0	13	2	0	25	2	62	0	0	5	0	0	5	0	0	5	0	0	0	0	6	6	2	0	0	7	0	10	2	6	0	0	0	10	3	6	35	0	0	0	3	11	0	40	0	1	0	0	0	10	0	10	0	45	0	26	5	0	2	0	0	0	0	0	0	5	0	0	2	0	0	169	6	0	0	6	1	7
D277	0	0	0	0	0	0	0	0	0	0	0	0	0	0	0	0	0	0	0	0	0	0	0	0	0	0	0	0	1442	3	0	0	0	0	0	0	0	0	0	0	0	0	0	0	0	0	0	0	0	0	0	0	0	0	0	0	0	0	0	0	0	0	0	0	0	0	0	0	0	0	0	0	0	0	0	0	0	0	0	0	0	0	0	0	0	0	0	0	0	0	0	0	0	0	0	0	0	0	0	0	0	0	0	0	0	0	0	0	0	0	0	0	0	0	1533	0	0	0	0	0	0	0	0	0	11600	128	0	0	0	0	0	0	0	5	0	0	0	0	0	0	225	0	0	0	0	0	0	0	0	0	0	133	0	0	0	0	0	0	0	0	0	0	0	0	0	0	0	0	0	0	0	0	0	0	0	0	0	0	0	0	0	0	0	0	0	0	0	0	0	0	0	0	0	0	0	0	0	0	0	0	0	0	0	0	0	0	0	0	0	0	0	0	0	0	0	0	0	0	0	0	74	0	0	0	0	0	0	0	0	0	0	0	0	0	0	0	0	0	0	0	0	0	0	0	0	0	0	0	0	0	0	0	0	0	0	0	0	0	0	0	0	0	6181	0	16	0	0	0	0	0	0	0	0	0	0	0	0	0	0	0	0	0	0	0	0	0	0	0	0	0	0	0	0	0	0	0	0	0	0	0	0	0	0	0	0	0	0	0	0	0	0	0	0	0	0	0	18	0	0	0	0	0	0	0	0	0	0	0	0	0	0	0	0	0	0	0	0	0	0	0	0	0	0	0	0	0	0	0	0	0	0	0	0	0	26	0	0	0	0	0	0	0	0	0	0	0	0	0	0	0	0	0	0	0	0	0	0	0	0	0	0	0	0	0	0	0	0	0	0	0	0	0	0	12	0	0	0	0	0	0	0	0	0	0	0	0	0	2313	0	0	0	0	2	0	0	0	0	0	0	3	0	0	0	0	0	0	0	0	0	0	0	0	0	0	0	0	0	0	0	0	0	0	0	0	0	0	0	0	0	0	0	0	0	27	0	0	0	0	0	0	0	0	0	0	0	0	0	0	0	0	0	0	0	0	0	0	0	0	0	0	0	0	0	0	0	0	0	0	0	0	0	0	0	0	0	0	0	0	0	0	0	0	5	0	0	0	0	0	0	0	0	0	0	0	0	0	0	0	0	0	0	0	0	0	0	0	0	0	0	0	0	0	0	0	0	0	0	0	266	0	0	0	0	0	0	0	0	0	0	0	0	0	0	0	0	0	0	0	0	0	0	0	0	0	38	0	0	0	0	0	0	0	0	0	0	0	0	0	0	0	0	0	0	0	0	0	0	0	0	0	0	0	0	0	0	0	0	0	0	0	0	0	0	0	0
D278	1	1	38	22	7	0	4	11	1	25	0	0	0	163	0	6	19	4	0	41	2	12	0	0	6	40	0	6	0	0	0	0	37	0	0	8	64	9	33	0	5	2	27	0	0	10	101	111	33	0	51	23	0	0	0	14	412	0	0	1	8	0	0	0	12	12	0	0	73	0	0	89	3	0	0	15	0	0	0	0	5	72	5	4	22	0	0	25	0	0	2	3	21	0	1	0	0	39	15	7	0	0	7	0	11	0	0	0	31	20	56	0	8	0	0	0	9	317	13	1	0	0	0	0	0	0	10	16	0	3	0	0	0	0	3	12	2	0	0	0	0	0	0	4	54	0	0	0	2	4	0	0	28	2	17	15	17	0	17	0	70	0	7	1	0	4	7	0	2	20	52	1	0	11	0	0	14	5	0	8	29	0	0	5	20	0	0	0	0	94	36	0	0	0	0	0	0	0	57	3	0	8	9	12	0	3	77	16	0	94	0	2	13	0	0	1	34	0	23	0	0	8	10	0	0	13	0	1	68	154	0	99	0	0	0	7	0	0	4	0	0	2	0	57	33	0	0	28	0	0	15	7	0	263	0	0	17	0	0	2	0	11	0	0	0	19	0	0	3	0	0	0	0	0	4	16	27	9	0	0	3	2	6	0	0	6	0	0	0	799	398	0	0	15	0	0	3	0	138	4	13	117	246	1	3	10	25	31	0	0	47	0	0	7	46	4	0	32	13	25	0	0	0	0	0	4	8	8	0	50	345	0	38	0	12	0	11	56	4	0	15	0	0	57	3	0	0	10	0	25	25	0	0	0	0	0	0	0	5	0	2	8	0	0	1	27	0	41	0	4	28	0	0	0	56	19	44	5	0	0	16	5	5	0	0	42	26	8	0	13	4	31	0	0	0	1	0	0	0	0	0	0	1	54	0	0	4	0	4	57	8	20	0	0	0	0	14	0	7	0	0	26	45	0	0	0	0	0	0	0	0	24	14	0	0	0	13	19	0	55	33	0	11	0	0	10	0	4	0	18	0	13	0	3	1	0	0	3	47	0	0	2	0	0	0	27	0	6	9	0	104	0	3	42	0	12	0	0	0	0	0	1	0	4	1	1	0	42	0	0	0	407	0	2	0	15	4	0	36	0	37	0	0	17	0	229	29	0	0	24	35	7	0	0	5	142	0	0	0	13	18	0	0	0	359	0	0	0	1688	9	120	0	5	2	1	0	4	0	0	0	3	19	56	0	0	3	0	19	27	15	25	0	124	0	6	3	17	0	2	0	13	9	0	73	0	0	57	53	0	0	91	0	16	9	0	7	13	7	13	8	86	0	112	22	4	22	41	2	6	56	3	7	4	0	0	0	0	31	38	91	0	0	3	7	0
D279	0	0	112	0	0	0	0	0	2	125	0	0	0	148	0	16	3	109	11	0	0	114	2	0	0	188	0	0	0	0	0	149	0	54	0	10	0	0	29	0	0	180	15	0	0	0	0	58	0	0	0	108	0	17	0	9	3	0	2	0	0	0	0	0	75	0	0	0	163	0	0	100	9	0	3	0	14	0	0	0	13	51	0	2	11	0	0	0	0	0	0	316	0	0	40	0	0	0	0	17	0	0	5	4	15	0	3	5	0	83	3	0	0	0	0	0	0	636	5	0	0	0	0	0	0	0	0	0	0	0	10	0	0	0	0	0	10	0	21	0	0	0	0	0	2	0	0	0	2	12	0	0	4	2	0	0	0	6	0	0	73	0	0	0	0	0	0	45	2	0	0	9	0	0	0	0	27	0	0	9	2	0	6	0	3	0	0	0	0	1	0	0	0	0	0	0	0	0	0	0	0	13	0	1	0	0	79	0	14	0	0	0	2	0	0	0	1	0	0	0	0	3	0	0	0	7	1	5	0	647	0	36	0	0	0	0	10	0	0	3	8	0	0	0	0	0	0	0	4	6	0	17	9	0	0	0	7	11	4	0	0	6	0	0	0	0	0	59	0	0	0	0	9	0	0	32	86	4	0	17	0	0	0	0	0	82	0	0	0	0	483	0	0	41	0	0	0	0	1	0	0	92	0	0	0	0	17	2	0	0	22	19	0	104	9	0	0	74	13	0	0	0	2	2	0	6	0	0	0	0	0	0	108	12	69	0	0	45	0	4	34	0	0	0	0	0	0	0	0	214	71	0	0	0	0	0	0	0	0	2	2	0	68	0	0	8	0	0	0	0	5	0	0	5	2	0	173	119	0	0	0	0	0	0	0	9	0	3	0	0	0	0	0	0	0	0	0	0	0	0	0	0	0	0	0	0	0	0	0	0	0	0	0	0	11	0	0	1	0	0	0	65	0	0	0	85	0	0	0	0	0	0	0	0	0	0	0	0	0	0	0	0	2	0	0	0	0	5	0	0	0	108	0	0	0	5	0	8	0	0	0	0	0	0	0	7	0	3	24	0	0	0	0	0	0	22	0	0	0	0	0	0	0	0	0	0	0	8	4	12	0	0	0	2	0	0	8	6	5	0	315	0	0	0	0	747	0	0	0	0	0	10	0	0	0	23	0	0	0	94	36	35	0	42	29	0	0	0	6	3	26	16	3	46	0	0	2	0	0	0	0	4	0	0	0	0	0	4	0	0	0	0	138	0	23	0	0	0	0	0	5	0	0	88	0	0	9	0	9	0	9	0	5	0	0	0	0	0	27	4	0	0	999	13	0	0	0	0	0	0	46	0	13	0	0	0	0	0	1640	0	0	0	4	25	0
D280	0	0	0	0	0	0	0	0	0	0	0	0	0	0	4	0	0	15	0	0	0	4	4	3631	0	0	67	0	0	0	0	0	0	0	0	0	0	0	5	51	0	3	0	72	0	0	0	2	0	0	0	0	0	33	0	0	10	0	0	0	0	0	0	0	0	0	0	0	31	0	0	9	0	0	0	0	0	0	0	0	0	0	0	0	0	0	0	0	71	0	0	0	0	2609	0	0	0	0	136	0	0	0	21	0	0	0	0	2	0	0	0	0	28	0	3	0	0	0	0	30	0	0	2	0	0	0	0	0	0	0	0	0	0	0	0	0	0	14	0	0	4	0	0	0	0	0	0	0	0	0	0	0	0	0	0	0	0	0	0	338	4	0	0	0	2	0	0	0	0	0	0	0	0	0	4	0	0	0	0	3	0	0	0	0	0	0	15	0	0	0	0	0	0	1042	27	2	0	0	0	0	0	972	0	0	0	0	0	0	0	0	0	0	0	0	0	0	0	0	0	0	0	0	0	0	19	0	0	0	76	0	0	0	0	0	0	0	0	0	0	0	0	0	0	0	0	0	0	0	0	0	0	0	0	0	0	0	0	0	0	0	0	0	10	18	0	0	0	0	0	0	0	0	0	0	0	0	0	0	0	0	0	0	0	0	0	0	1340	0	71	3	3	0	0	0	0	0	2	4	1	0	440	0	13	0	0	0	0	0	0	0	0	0	0	0	0	0	0	0	0	0	0	0	0	0	0	0	0	0	0	0	0	0	0	0	0	0	0	0	11	0	0	0	0	0	0	0	0	0	0	0	0	0	0	0	2	0	0	0	0	0	340	0	0	0	0	0	0	0	0	0	0	0	0	0	0	0	0	0	0	0	0	0	0	0	4	0	130	0	0	0	0	0	0	0	2	0	390	277	328	0	0	0	0	0	0	0	0	2	0	0	0	0	0	2270	1	0	0	0	0	0	0	0	0	0	0	14	0	0	0	0	0	0	2	0	0	0	0	0	9	0	0	0	0	0	2	0	0	0	0	0	0	0	0	0	0	3	0	0	0	0	0	0	0	0	0	0	0	0	0	0	0	0	0	0	1231	0	0	0	5339	0	0	0	0	0	3	0	0	0	19	8	0	0	0	0	0	0	0	0	2	139	0	0	0	0	0	0	0	0	0	0	0	0	0	0	0	0	0	0	2	0	0	0	0	0	0	0	0	0	0	0	0	0	0	0	0	0	0	0	0	0	0	0	0	0	0	0	0	0	0	0	0	0	48	0	0	0	0	0	0	0	0	0	0	0	0	0	0	0	0	0	0	0	0	7	2	0	0	0	0	2	0	0	0	128	0	0	1	0	0	0	0	0	12	0	0	0	0	0	0	1	0	0	0	0	0
D281	0	0	0	0	0	0	0	0	0	0	0	0	0	0	0	0	0	0	0	0	0	0	0	0	0	0	0	0	0	0	0	0	0	0	0	0	0	0	0	0	0	0	0	0	0	0	0	0	0	0	0	0	0	0	0	0	0	0	0	0	0	0	0	0	0	0	0	0	0	0	0	0	0	0	0	0	0	0	0	0	0	0	0	0	0	0	0	0	0	0	0	0	0	0	0	0	0	0	0	0	0	0	0	0	0	0	0	0	0	0	0	0	0	0	0	0	0	0	0	0	0	0	0	0	0	0	0	0	0	0	0	0	0	0	0	0	0	0	0	0	0	0	0	0	0	0	0	0	0	0	0	0	0	0	0	0	0	0	0	0	0	0	0	0	0	0	0	0	0	0	0	0	0	0	0	0	0	0	0	0	0	0	0	0	0	0	0	0	0	0	0	0	0	0	0	0	0	0	0	0	0	0	0	0	0	0	0	0	0	0	0	0	0	0	0	0	0	0	0	0	0	0	0	0	0	0	0	0	0	0	0	0	0	0	0	0	0	0	0	0	0	0	0	0	0	0	0	0	0	0	0	0	0	0	0	0	0	0	0	0	0	0	0	0	0	0	0	0	0	0	0	0	0	0	0	0	0	0	0	0	0	0	0	0	0	0	0	0	0	0	0	0	0	0	0	0	0	0	0	0	0	0	0	0	0	0	0	0	0	0	0	0	0	0	0	0	0	0	0	0	0	0	0	0	0	0	0	0	0	0	0	0	0	0	0	0	0	0	0	0	0	0	0	0	0	0	0	0	0	0	0	2441	0	0	0	0	0	0	0	0	0	0	0	0	0	0	0	0	0	0	0	0	0	0	0	0	0	0	0	0	0	0	0	0	0	0	0	0	0	0	0	0	0	0	0	0	0	0	0	0	0	0	0	0	0	0	0	0	0	0	0	0	0	0	0	0	0	0	0	0	0	0	0	0	0	0	0	0	0	0	0	0	0	41	0	0	0	0	0	0	0	0	0	0	0	0	0	0	0	0	0	2	0	0	0	0	0	0	0	0	0	0	0	0	0	0	0	0	0	0	0	0	0	0	0	0	0	0	0	0	0	0	0	0	0	0	0	0	0	0	0	0	0	0	0	0	0	0	0	0	0	0	0	0	0	0	0	0	0	0	0	0	0	0	0	0	0	0	0	0	0	0	0	0	0	0	0	0	0	0	0	0	0	0	0	0	0	0	0	0	0	0	0	0	0	0	0	0	0	0	0	0	0	0	0	0	0	0	0	0	0	0	0	0	0	91	0	0	0	0	0	0	0	0	0	0	0	0	0	0	0	0	0	0	0	0	0	0	0	0	0	0	0	0	0	0	0	0	0	0	0	0	26	0	0
D282	0	0	0	0	0	30	0	0	0	0	0	0	0	0	0	0	0	0	0	0	0	0	326	0	0	0	0	0	69	10	0	0	0	0	0	0	0	0	4	0	0	0	0	0	1	0	0	0	0	0	0	0	0	0	57	0	1	0	0	0	0	0	0	0	1	0	0	0	0	3	0	0	0	0	0	0	0	0	0	0	0	0	0	0	0	0	0	0	0	0	0	0	0	0	0	0	0	0	0	0	5	0	0	0	0	0	0	0	0	0	0	0	0	0	433	0	0	0	0	906	103	0	0	0	4466	440	0	0	0	0	0	0	0	84	0	0	0	0	0	0	1291	0	0	0	0	17	0	0	0	0	1086	63	0	0	0	0	0	0	0	0	0	0	0	0	5241	0	0	0	0	0	0	0	0	0	274	0	0	0	0	0	0	0	0	0	0	0	0	0	0	0	0	0	0	0	0	0	2	2	0	0	0	0	0	0	0	0	0	0	0	0	0	0	0	0	0	0	0	0	0	0	48	0	0	0	0	0	0	5	0	0	0	0	0	0	0	0	0	0	0	0	59	0	0	0	0	0	2	0	0	4085	0	0	0	0	0	0	0	0	0	0	0	0	8452	0	0	0	13	0	0	0	0	0	0	0	0	0	0	0	0	0	0	0	0	0	0	0	0	0	0	0	0	166	1	0	0	0	0	0	0	0	0	0	0	0	0	0	0	0	0	1	0	3	8	0	0	0	7	0	0	0	0	9	0	0	0	0	0	0	0	0	0	0	0	0	0	0	0	0	0	2	0	4	0	0	0	0	110	0	0	0	0	0	0	0	235	0	0	0	0	5	0	0	0	0	0	0	0	0	0	0	0	0	0	0	0	0	0	0	0	203	0	0	0	0	0	0	0	0	0	0	0	0	0	87	0	0	0	0	0	0	0	0	0	0	0	7	0	627	0	0	0	0	3	0	0	0	0	0	0	13	0	0	0	0	0	0	0	0	0	0	0	0	0	0	3	13	0	0	0	0	0	0	0	0	0	0	0	0	0	0	0	10453	0	192	0	0	0	0	0	0	67	0	0	0	0	49	0	0	0	0	0	0	0	0	0	0	0	0	0	0	0	0	0	0	0	0	0	0	0	0	0	0	0	0	0	0	0	0	0	0	0	0	0	0	0	0	0	0	0	0	0	0	0	0	0	0	0	0	0	0	0	0	0	0	0	0	0	0	27	0	0	0	0	0	0	0	0	0	4119	0	0	0	0	0	4	0	0	0	0	0	0	0	0	0	0	0	0	0	0	0	0	0	0	0	409	0	0	0	0	0	0	0	154	7	0	0	0	0	0	0	0	0	0	0	0	0	0	0	0	0	0	0	0	326	0	0	0	0	0	0	0	0	0	0	0
D283	2	0	13	0	0	0	0	18	0	0	0	0	0	59	0	10	17	4	0	50	3	12	0	0	4	15	0	12	0	0	0	0	58	6	0	7	105	9	24	0	0	0	16	0	0	26	88	241	15	0	16	17	0	41	0	4	107	0	1	0	7	0	0	0	10	8	0	0	30	0	0	97	0	0	0	5	2	0	0	0	0	45	0	5	47	0	0	17	0	0	0	0	44	0	2	0	0	32	0	5	0	0	5	0	10	0	0	14	66	88	60	0	3	0	0	0	4	329	8	0	0	17	0	0	0	0	2	14	0	1	0	0	0	0	0	0	5	0	0	0	0	2	0	2	32	0	0	0	5	12	0	0	5	4	3	13	5	0	5	0	44	0	6	0	0	0	2	0	3	27	51	0	4	10	0	0	25	0	0	3	12	0	28	2	19	0	0	5	5	45	16	4	0	0	0	0	2	0	48	18	0	13	5	3	0	0	22	53	0	41	0	0	6	0	0	0	18	0	6	0	0	12	0	0	0	37	0	0	181	73	0	104	2	0	0	5	1	3	0	0	0	0	0	17	0	0	0	14	0	0	7	4	0	168	0	0	17	0	0	2	0	12	0	0	0	25	0	3	10	0	0	0	0	0	6	12	8	27	0	0	9	1	3	0	0	8	0	2	0	0	108	0	0	0	0	0	0	0	30	1	0	111	108	1	0	4	66	47	2	0	72	26	0	30	51	4	0	80	0	64	0	0	0	2	0	14	7	0	0	56	321	0	38	0	4	0	6	97	2	0	19	0	0	76	3	0	2	2	0	13	10	0	0	0	0	0	0	3	0	0	6	9	0	0	2	35	0	20	0	5	12	2	0	0	122	43	23	8	0	0	0	7	6	0	0	90	0	11	0	13	3	5	0	0	0	4	0	0	0	0	0	0	7	20	0	0	5	0	0	27	5	9	0	0	0	0	3	0	1	0	1	35	55	0	0	0	0	0	0	1	0	36	6	0	0	0	14	15	0	13	30	0	2	0	0	2	0	0	0	0	0	0	0	0	0	2	0	11	60	1	0	1	0	0	3	24	0	2	7	0	233	0	1	79	6	3	0	0	0	0	0	1	0	2	11	5	0	30	0	0	0	182	0	0	0	8	6	0	6	0	40	0	0	10	0	241	28	0	18	12	62	0	0	2	1	119	0	0	0	6	7	11	0	0	182	6	0	0	3195	8	155	0	7	0	0	0	0	0	0	0	0	97	49	0	0	2	0	12	15	14	3	0	120	0	2	0	4	0	2	0	0	13	0	111	0	0	36	6	0	0	88	0	0	0	0	3	2	0	15	3	91	0	36	13	3	32	97	0	25	100	2	13	0	0	0	0	0	67	32	19	0	0	0	0	0
D284	0	6	86	0	0	0	0	7	0	0	0	0	0	0	0	0	0	0	0	0	0	0	0	0	0	8	0	0	0	0	0	0	0	0	0	0	0	0	16	0	0	0	0	0	0	0	0	0	2	0	0	0	0	0	0	0	0	0	8	0	0	0	0	0	0	0	0	406	7	0	0	0	9	0	0	0	0	0	0	0	0	0	0	0	0	0	0	0	0	0	53	0	0	0	0	0	0	0	0	0	0	0	0	0	0	0	85	0	0	0	0	0	0	0	0	0	0	0	0	0	0	0	10	0	0	0	0	0	0	0	0	0	0	0	0	0	0	0	0	0	0	7	3	0	0	0	0	0	0	0	0	0	1	0	0	24	3	2	0	0	81	0	0	0	0	0	0	0	0	0	17	0	0	0	0	0	0	0	0	0	0	0	1060	0	0	11	0	0	0	0	0	0	0	0	0	0	0	0	0	0	0	0	0	0	0	0	0	0	0	0	0	8	0	2	0	0	0	0	0	0	0	0	0	0	0	0	0	106	0	0	9	0	0	0	0	0	352	0	0	2	0	0	0	0	0	0	0	0	0	0	0	0	0	0	0	0	0	0	115	0	496	0	0	0	0	0	0	0	0	0	0	0	0	0	0	0	0	0	0	0	0	11	0	0	21	0	0	0	0	0	9	0	0	0	0	0	20	0	91	0	0	0	0	0	0	0	151	0	0	0	0	79	0	0	0	0	0	0	0	0	0	0	476	0	0	0	0	0	0	0	0	0	708	0	0	0	0	0	0	0	0	0	0	0	0	387	0	0	0	0	0	0	0	0	0	0	0	0	0	62	0	0	0	0	0	0	0	0	0	0	0	0	0	0	0	0	0	0	0	0	0	0	0	0	0	0	0	0	0	0	0	0	0	0	3	5	0	0	0	0	0	0	0	0	0	0	0	0	0	28	0	0	0	0	0	0	0	208	0	0	0	0	0	0	6	0	0	0	0	0	0	0	18	0	0	0	0	0	0	0	0	0	0	0	0	0	0	0	0	28	2254	0	0	0	0	0	0	0	0	0	0	0	0	0	0	27	2	0	0	0	0	0	7	0	0	0	0	0	0	0	0	0	0	0	0	0	84	0	0	0	0	0	0	0	0	0	2	42	0	0	0	0	0	0	0	0	0	0	7226	0	0	0	0	29	0	0	0	27	0	0	0	0	0	1	0	0	0	0	0	0	1	2	0	0	0	0	2	0	0	0	0	0	0	0	0	0	0	0	0	0	0	2	13	0	0	14	0	0	0	0	0	0	10	0	0	0	0	0	0	0	6	0	0	3	0	0	0	0	0	0	0	0	0	0	2	3	0	0	0	0	0	0	0	0	0	0	0	0	0	0	0	0	0	0	0
D285	0	0	0	0	0	23	0	0	92	0	0	0	0	0	0	0	0	0	0	0	0	0	10	0	0	0	0	0	462	240	0	0	0	0	0	0	0	0	0	0	0	0	0	0	0	0	0	0	0	0	0	0	0	0	21	0	0	0	0	0	0	41	0	2	0	0	0	0	0	52	0	0	2	0	0	0	0	0	0	0	0	0	0	0	0	0	0	0	0	4	0	0	0	0	0	0	0	0	0	0	2	0	0	0	0	0	0	0	0	0	0	0	0	0	1320	0	0	0	0	327	13	0	0	0	1332	0	0	0	0	0	0	0	0	65	0	0	0	0	0	0	253	0	0	0	0	0	0	0	0	0	0	76	0	0	0	0	0	0	0	0	0	0	0	0	97	0	0	0	0	0	0	0	0	0	130	0	0	0	0	0	0	0	0	0	0	0	0	0	0	4	0	0	0	0	0	1	0	0	0	0	0	0	0	0	0	0	0	0	0	0	0	0	0	0	3	0	0	0	0	683	825	0	0	0	0	0	0	0	0	0	0	0	0	0	0	0	0	0	0	0	18	0	0	0	0	0	0	0	0	5	0	0	0	0	0	3	0	0	0	0	0	0	7803	0	151	0	52	0	0	0	0	0	0	0	0	0	0	0	0	7	0	0	0	0	0	0	0	0	0	0	0	21	2	0	0	0	3	0	0	0	0	0	0	0	0	0	0	0	0	84	0	0	3	0	0	0	768	0	0	0	0	6	0	0	0	0	0	0	0	0	0	0	7	0	0	0	0	0	0	5	0	0	0	0	0	0	0	0	0	0	0	0	0	0	535	0	0	0	0	0	0	0	0	0	0	0	0	0	0	0	1	0	0	0	0	0	0	0	1	0	0	0	0	0	0	0	0	0	0	0	0	0	0	855	0	0	0	0	0	0	0	0	0	0	0	0	0	567	0	0	0	0	484	0	0	0	0	0	0	0	0	0	0	0	0	0	0	0	0	0	0	0	0	0	0	0	0	0	0	0	0	0	0	0	0	0	0	0	0	0	1	2	0	182	0	0	0	0	0	0	452	0	0	0	0	0	0	0	0	0	0	0	0	0	0	0	0	0	0	0	1	0	2865	0	2	0	0	0	0	0	0	0	0	0	0	0	0	2	0	0	0	0	308	3	0	0	0	0	0	0	0	0	0	0	0	0	0	0	0	0	0	0	0	0	0	0	0	3	64	0	2	0	0	0	0	0	0	0	359	0	0	0	0	0	257	0	0	0	0	0	0	0	0	0	0	0	0	0	0	0	0	0	0	0	581	0	0	0	0	0	0	0	2	0	161	0	0	0	0	0	0	0	0	0	0	0	0	0	0	0	0	0	0	150	0	0	0	0	0	0	0	0	0	0	0
D286	0	0	0	0	0	0	0	0	0	1	0	0	0	807	0	0	0	13	2611	0	0	63	0	0	0	0	0	0	0	0	0	0	0	0	0	0	0	0	0	0	0	0	0	0	0	0	0	0	3263	0	0	0	0	23	0	0	52	0	0	0	0	0	0	0	0	0	0	0	0	0	0	71	0	0	0	0	0	1	0	0	0	0	2	0	0	0	0	0	0	0	0	0	0	0	0	0	0	0	0	0	0	0	0	0	0	0	0	5	0	0	0	0	0	0	0	0	0	0	0	0	0	0	0	0	0	0	0	0	0	0	0	0	27	0	0	0	0	0	0	0	0	0	0	0	0	0	0	0	0	0	0	0	0	0	0	0	0	0	0	0	21	0	0	0	0	0	5	0	0	91	0	0	0	0	0	0	0	3	0	0	0	0	0	0	0	0	3	0	0	0	0	0	0	0	0	0	0	0	0	0	0	18	0	0	0	0	0	0	0	0	0	0	0	0	0	0	0	0	0	0	0	12	0	0	0	0	0	107	37	0	0	0	0	0	0	0	0	0	0	0	0	0	0	385	0	3	0	0	0	0	0	0	0	0	0	0	0	0	2	0	0	0	0	0	0	0	0	0	0	0	0	0	0	0	0	0	0	0	0	0	0	0	0	0	0	0	0	0	0	0	785	0	0	0	0	0	0	0	6	0	0	0	0	0	0	0	87	0	0	0	0	1	0	0	0	0	0	0	0	0	0	0	3	0	0	0	0	0	0	0	0	0	0	43	0	0	0	0	2	0	0	0	0	0	0	0	0	0	0	0	0	0	0	0	0	0	0	0	0	0	0	0	0	0	0	0	0	0	0	0	0	0	0	4	0	0	950	0	0	0	0	0	0	0	0	0	0	0	0	0	0	0	0	2	0	0	0	17	0	0	0	0	0	2	0	0	0	0	0	0	0	1741	0	0	0	0	5	0	0	0	0	0	0	0	0	110	0	0	0	0	0	0	2	0	0	0	0	0	0	0	0	0	21	0	0	0	0	0	0	0	0	0	0	0	0	0	0	0	0	0	0	0	0	0	0	0	0	0	0	0	0	0	12	0	0	0	0	0	0	0	0	0	0	0	0	0	0	0	0	0	0	2	3	0	0	0	0	0	0	0	0	0	87	0	0	4	0	0	0	0	0	0	0	0	0	0	0	0	0	0	50	0	0	7	0	0	0	0	0	0	0	0	0	257	0	0	0	0	0	0	0	0	0	0	0	0	0	0	0	0	0	0	947	0	0	0	7	0	0	0	0	83	0	9	0	0	0	0	0	0	0	0	0	0	0	0	0	0	0	0	0	114	8	140	0	0	15	0	0	85	0	0	0	0	0	0	0	0	0	36	0	0	0	0	0
D287	0	2	0	0	0	936	0	1	0	0	0	0	0	0	0	0	0	0	0	0	0	0	18	0	2	0	0	0	3	4	0	0	0	38	16	0	0	4	6	101	0	0	0	2	1	0	0	0	0	0	0	0	0	0	0	5	24	0	8	0	0	4	15	24	0	0	0	0	0	9	0	0	1	59	0	14	0	0	0	0	0	0	0	0	0	0	0	0	0	0	0	0	0	0	4	0	0	5	0	0	12	2	0	0	0	0	0	0	0	0	0	0	2	0	15	2	0	0	0	219	170	0	9	0	26	11	0	0	0	0	0	6	3	0	0	0	0	0	0	48	2	0	0	0	0	78	0	0	0	0	1	0	0	0	2	4	0	0	0	0	0	6	0	0	603	0	0	0	0	0	0	0	343	0	347	0	0	0	0	0	0	0	107	0	0	9	0	0	0	0	0	0	5207	0	0	464	4	72	0	0	29	0	0	0	0	0	0	0	0	0	0	3	0	2	4	0	0	6	0	10	5	0	0	3	0	0	0	0	0	0	0	0	0	0	0	0	0	0	0	0	0	0	3	0	0	4	2	0	0	0	0	0	0	0	0	31	0	0	0	0	0	0	273	0	5	0	96	0	0	0	0	0	0	7	0	0	0	0	0	35	0	0	0	0	15	0	0	0	0	0	8	0	21	0	0	5	27	0	0	0	0	0	0	0	0	0	0	0	0	465	0	0	2	0	2	0	5	3	0	0	0	43	0	0	11	0	0	0	4	0	0	0	121	0	0	0	0	0	0	58	0	20	8	0	0	15	17	0	0	0	0	4	0	0	1	7	0	0	0	0	0	0	0	0	29	0	0	2	0	6	17	0	0	0	0	0	0	0	27	0	0	0	0	5	0	0	0	0	0	0	0	0	0	3	7	0	0	0	0	0	0	0	0	0	0	10	0	18	0	0	0	0	13	0	0	0	0	2	0	0	0	0	0	2	0	0	0	0	0	0	0	0	0	7	23	2	1	0	0	0	0	0	0	0	0	0	0	0	0	0	0	0	0	13	0	0	0	0	0	8	18	0	0	41	0	13	10	0	0	0	0	0	4	0	0	6	0	0	0	0	239	0	16	2	0	0	0	0	0	0	0	0	0	0	0	0	0	0	0	0	0	0	2	3	0	0	0	0	0	0	0	0	0	0	2	0	0	0	0	0	0	0	0	0	0	0	0	0	140	0	0	0	0	0	0	0	0	9	25	0	0	0	0	2	0	0	0	0	0	0	0	7	2	0	0	0	0	0	0	1	0	0	0	0	3	2	0	0	0	0	0	175	1	9	0	0	0	0	0	0	0	0	23	0	0	0	0	0	0	0	0	0	0	7	0	0	0	0	0	0	0	0	0	0	3
D288	0	0	0	0	0	0	0	0	0	0	0	0	89	0	0	0	1	0	0	0	0	0	15	0	0	0	55	0	0	0	5130	0	0	0	0	0	183	0	27	1012	0	0	0	0	0	0	0	0	0	0	0	0	0	0	0	0	0	90	9	0	0	0	0	0	0	0	102	0	0	0	0	0	0	0	0	0	0	0	165	0	0	0	0	7	0	0	0	0	2469	0	0	0	0	105	0	912	153	0	0	3	0	0	2	0	0	0	139	103	0	0	0	520	0	0	0	0	0	0	0	0	0	0	0	0	0	0	0	0	135	0	0	0	0	0	0	45	0	1853	0	0	0	0	16	0	0	0	98	34	0	0	0	0	26	0	0	0	13	0	0	0	0	10	0	16	0	0	18	0	0	0	0	0	0	0	0	57	0	33	0	0	0	57	2	0	0	16	0	0	0	0	0	0	0	163	46	0	0	0	0	0	0	0	0	0	0	0	0	0	0	0	0	0	0	0	0	0	0	0	0	0	0	0	0	5	0	0	0	0	0	0	0	0	104	5	0	0	0	0	0	0	0	0	0	0	0	0	0	12	0	2	0	0	0	0	0	0	0	0	7	0	0	0	0	36	0	0	0	0	0	0	0	0	7	0	0	0	0	0	0	0	0	0	0	113	0	0	453	0	18	10	0	0	0	0	0	0	0	0	0	0	0	0	0	0	0	0	310	0	0	0	0	0	0	0	0	0	0	0	0	0	208	0	0	0	0	0	0	0	0	0	0	0	0	0	0	1028	0	0	454	0	0	0	0	0	0	0	0	0	496	0	0	0	30	481	0	0	62	0	56	0	32	0	0	0	0	0	32	0	46	0	0	0	21	0	0	0	0	0	0	0	0	0	13	422	0	0	0	0	0	0	0	0	0	0	12	0	929	0	0	0	41	0	0	0	26	0	0	0	0	0	0	0	0	820	0	0	0	0	0	0	3	0	0	0	0	0	5	1013	31	0	188	0	115	0	0	0	0	0	286	0	0	0	0	19	24	0	24	0	403	0	0	0	271	0	68	22	0	0	0	0	0	4	567	0	0	0	0	0	0	44	0	0	0	276	822	0	415	97	503	0	0	0	0	0	0	0	0	0	0	0	0	0	0	0	0	0	9	0	0	6	0	149	0	0	0	0	0	0	0	0	0	0	494	0	0	0	174	0	0	0	0	0	634	0	0	0	0	0	0	0	0	0	0	0	0	287	0	14	0	0	0	0	0	0	0	0	74	0	0	0	0	0	0	314	0	0	0	551	0	38	0	0	0	0	0	0	0	0	0	79	0	0	0	0	0	0	0	0	0	0	0	0	0	0	0	0	0	0	0	0	0	0	0	0	52	194	6	0	0	0	22	7	0	0	0
D289	0	0	0	0	0	0	0	0	0	15	0	0	0	0	0	0	0	0	0	0	0	0	0	0	0	0	0	0	0	0	433	0	0	0	0	0	63	0	0	0	0	0	0	0	0	0	0	0	0	0	5	0	0	0	0	2	0	0	0	0	0	0	0	0	0	0	0	0	83	0	0	0	0	0	0	0	0	0	31	445	0	0	0	0	0	0	0	0	50	0	0	0	0	335	0	0	0	0	16	0	0	0	0	0	0	522	0	0	0	0	0	208	10	0	0	0	0	0	0	0	0	0	0	0	0	0	0	0	17	0	0	0	0	0	0	0	0	486	0	0	0	0	2	0	0	0	0	995	0	0	0	0	0	0	0	0	13	0	0	0	2	0	0	3	0	0	8	0	0	0	0	0	0	0	0	0	0	0	49	0	0	0	0	0	0	0	0	0	0	0	0	7	0	631	0	0	0	0	0	0	0	0	54	0	84	0	0	0	0	0	0	0	0	0	0	0	0	0	0	0	0	0	0	0	0	0	14	0	0	0	71	0	2	81	0	0	0	2	0	0	0	0	0	0	0	0	0	6	13	0	0	0	0	0	3	0	0	0	21	0	0	0	0	0	0	0	0	0	0	0	41	0	0	0	0	0	0	0	0	0	0	8	0	32	0	0	303	0	0	0	0	0	0	0	0	0	0	0	0	0	0	0	0	0	0	0	0	0	0	0	0	0	0	0	0	0	0	0	0	0	2	0	0	0	0	36	0	0	0	0	0	0	0	0	0	288	0	0	13	0	0	0	0	0	0	10	0	0	63	0	0	0	174	161	0	0	0	0	108	0	0	0	0	0	0	0	337	0	37	0	0	0	2	0	0	0	0	0	0	0	2	0	0	0	0	0	0	6	2	0	0	0	0	0	0	0	650	0	15	32	0	0	0	0	633	0	0	0	0	0	0	0	0	0	0	0	0	0	0	0	0	0	0	0	0	0	9	165	141	10	161	0	0	0	0	0	0	0	523	0	0	0	0	0	0	0	15	0	0	0	0	0	0	0	13	0	0	0	0	0	0	0	2	0	0	0	0	0	0	0	0	0	0	0	32	0	270	461	381	82	0	0	0	0	0	0	33	0	0	0	0	0	0	0	19	0	0	0	0	0	0	65	0	0	1	0	0	0	0	0	0	0	0	0	0	0	36	0	0	0	0	0	1151	0	0	0	0	0	0	0	0	3	0	0	0	409	0	0	0	0	0	0	0	0	0	0	15	0	0	0	0	0	0	1105	0	0	0	0	0	0	0	0	0	0	0	0	0	0	0	45	0	0	0	0	0	0	0	0	0	0	0	0	0	0	0	0	0	0	0	0	0	15	0	0	2414	7	0	0	0	0	53	0	0	0	0
D290	0	0	0	0	0	0	0	0	0	0	0	0	0	0	0	0	0	2	0	0	0	0	0	34	0	0	2	0	0	0	0	0	0	0	0	0	0	0	0	0	0	0	0	0	0	0	0	0	0	0	0	0	0	0	0	0	0	0	0	0	0	0	0	0	0	0	0	0	0	0	0	23	0	0	0	0	0	0	0	0	0	0	0	0	0	0	0	0	0	0	0	0	0	0	0	0	0	0	195	0	0	0	0	0	0	0	0	0	0	0	0	0	2	0	0	0	0	0	0	0	0	0	0	0	0	0	0	0	0	0	0	0	0	0	0	0	0	107	0	0	0	0	0	0	0	0	0	0	0	0	0	0	0	0	0	0	0	0	0	18	0	0	0	0	0	0	0	0	0	0	0	0	0	0	0	0	0	0	0	0	0	0	0	0	0	0	6	0	0	0	0	0	0	0	0	0	0	0	0	0	0	173	0	0	0	0	0	0	0	0	0	0	0	0	0	0	0	0	0	0	0	0	2	0	0	0	0	0	223	0	0	0	0	0	0	0	0	0	0	0	0	0	0	0	0	0	0	0	0	0	0	0	0	0	0	0	0	0	0	0	0	0	0	0	0	0	0	0	0	0	0	0	0	0	0	0	0	0	0	0	0	0	0	0	0	0	0	0	0	0	0	0	0	0	0	0	0	0	33	0	14	0	35	0	0	0	0	0	0	0	0	0	0	0	0	0	0	0	0	0	0	0	0	0	0	0	0	0	0	0	0	0	0	0	0	0	0	0	0	0	0	0	0	0	0	0	0	0	0	0	0	0	0	0	0	0	0	0	0	0	13	0	0	0	0	0	0	0	0	0	0	0	0	0	0	0	0	0	0	0	0	0	0	0	0	0	0	0	0	0	0	0	0	0	0	0	0	0	20	0	0	0	0	0	0	0	0	0	0	0	0	0	0	1423	0	0	0	0	0	0	8	0	0	0	0	4	0	0	0	0	0	0	0	0	0	0	0	0	0	0	0	0	0	0	0	0	0	0	0	0	0	0	0	0	0	0	0	0	0	0	0	0	0	0	0	0	0	0	0	0	0	0	0	0	0	0	0	0	0	0	0	0	0	0	0	0	0	0	2	0	0	0	0	0	0	0	0	0	3	0	0	0	0	0	0	0	0	0	0	0	0	0	0	0	0	0	0	0	0	0	0	0	0	0	0	0	0	0	0	0	0	0	0	0	0	0	0	0	0	0	0	0	0	0	0	0	0	0	0	0	0	0	0	0	0	0	0	0	0	0	0	0	0	0	0	0	0	0	0	0	0	0	0	0	0	0	0	0	0	0	0	0	0	4	0	0	33	0	0	0	0	0	2	0	0	0	0	0	0	0	0	0	0	0	0
D291	0	0	11	141	0	0	55	2	20	0	0	0	51	34	1	7	0	155	88	297	0	286	7	0	0	985	0	20	0	0	0	0	0	37	0	10	623	0	9	0	0	0	11	0	0	6	0	71	98	0	10	3	10	313	0	0	60	0	0	1	0	0	0	0	18	21	0	0	193	0	0	267	104	0	20	0	20	0	0	0	7	27	5	2	43	0	91	0	0	0	0	488	98	0	0	0	0	0	0	14	0	0	0	26	19	0	0	0	108	6	42	0	0	43	0	1	0	485	14	1	0	6	0	0	0	0	0	10	0	0	0	0	1176	3	2	0	9	50	1	0	0	0	0	27	13	0	0	0	0	30	0	0	12	0	1	0	28	0	0	0	60	0	16	0	0	0	0	56	4	115	0	24	0	5	0	0	173	108	0	0	6	0	0	6	0	0	0	0	0	0	0	0	0	0	0	0	0	0	18	0	0	72	0	7	0	7	42	0	0	12	43	0	20	0	0	0	53	0	0	0	0	2	0	0	0	12	0	0	0	49	0	4	0	0	0	0	12	0	0	0	26	5	0	5	0	7	0	0	2	0	27	109	9	6	0	0	76	393	37	0	0	0	0	0	0	47	49	79	0	1	0	0	75	0	8	0	0	24	0	0	171	0	4	0	0	126	0	0	0	4	1055	0	0	154	2	0	0	0	14	4	0	470	2051	0	0	2	23	25	0	0	26	91	0	591	2	0	0	0	37	5	0	0	0	13	0	7	5	3	0	60	66	170	15	4486	260	0	0	6	0	0	55	0	0	2031	0	0	0	6	0	281	29	0	0	0	0	0	0	0	18	0	3	63	10	86	0	56	0	0	0	0	0	0	0	4	156	0	452	0	0	0	0	2	6	0	0	1	9	293	0	8	15	0	2436	0	0	6	6	2	0	0	0	0	13	0	0	0	39	0	0	0	18	124	0	0	106	0	0	0	23	0	0	76	0	0	0	25	0	0	0	0	0	6832	2	0	0	0	0	84	0	0	31	0	5	0	4	0	0	8	0	0	0	1	0	0	1	3	0	90	0	0	0	10	0	0	551	9	0	0	26	0	265	0	5	157	0	2	0	0	0	0	0	28	0	18	0	103	0	17	0	12	0	0	101	0	0	6	5	0	16	0	57	0	0	0	0	415	0	0	0	0	14	0	0	9	0	67	0	0	0	14	2	1	0	0	42	0	0	0	1	38	153	144	6	543	0	0	6	0	0	5	0	32	1	0	0	0	0	20	19	14	0	45	395	0	3	3	0	0	1	30	0	44	0	98	0	0	0	316	66	0	440	0	0	0	0	4	26	100	6	17	0	0	37	40	0	0	0	0	38	2	34	24	12	0	0	0	0	3	172	0	0	0	4	0	1
D292	0	8	0	0	0	0	0	0	0	0	0	0	0	0	0	0	0	0	0	0	0	0	0	0	0	0	0	0	0	0	0	0	0	0	0	0	0	0	0	0	0	0	0	0	0	0	0	0	0	0	0	0	0	0	0	0	0	0	0	0	0	0	0	0	0	0	0	0	0	0	0	0	0	592	0	0	0	0	0	0	0	0	0	0	0	0	0	0	0	0	0	0	0	0	0	0	0	0	0	0	0	0	0	0	0	0	0	0	0	0	0	0	0	0	0	0	0	0	0	0	0	0	60	0	0	0	0	0	0	0	0	0	0	0	0	0	0	0	0	0	0	0	0	0	0	0	0	0	0	0	0	0	0	0	0	0	0	0	0	0	0	0	0	0	0	0	0	0	0	0	44	0	0	0	0	0	0	0	0	0	0	0	0	0	0	0	0	0	0	0	0	0	279	0	0	0	0	0	0	0	0	0	0	0	0	0	0	0	0	0	0	0	0	0	0	0	0	0	9	0	0	0	0	0	0	0	0	13	0	0	0	0	0	0	0	0	0	0	0	0	0	0	0	0	0	0	0	0	0	0	0	0	0	0	0	0	0	0	0	0	1006	0	0	0	0	0	0	0	0	0	0	0	0	0	0	0	0	0	2	0	0	0	0	0	2	0	0	0	0	0	0	0	0	0	0	0	0	0	0	0	46	0	0	0	0	0	0	0	0	0	0	0	0	0	0	0	0	0	0	0	0	0	0	0	0	0	0	0	0	0	0	0	0	0	0	0	0	0	0	15	0	0	0	0	0	0	0	0	0	0	0	0	0	0	0	0	0	0	0	0	0	0	0	0	0	0	0	0	0	0	0	0	0	0	0	0	0	0	0	3	0	0	0	0	0	0	0	0	0	0	0	0	0	0	0	0	0	0	0	0	0	0	0	0	0	0	0	0	0	0	0	0	0	0	0	0	0	0	0	0	0	0	0	0	0	0	0	0	0	0	0	0	0	0	0	0	0	0	0	0	0	0	0	0	0	0	0	0	0	0	0	6	0	0	0	0	0	0	0	0	0	0	0	0	0	25	0	0	0	0	0	0	0	0	0	0	0	0	0	0	0	0	0	0	0	0	0	0	0	0	0	0	0	2	0	0	0	0	0	0	0	0	0	0	0	0	0	0	0	0	0	0	0	0	0	0	0	6	0	0	0	0	0	0	0	0	16	0	0	0	0	67	0	0	0	0	0	0	0	0	0	0	0	12	0	0	0	0	0	0	0	0	0	0	0	0	0	0	0	0	0	0	0	0	0	16	0	0	0	0	0	0	0	0	0	0	0	0	0	0	0	0	4655	0	0	0	0	0	0	0	0	0	0	0	0	0	0	0	0	0	0	0	0	0	0
D293	0	0	0	0	0	0	0	0	0	0	0	0	0	0	11	0	0	151	0	0	0	0	6	2	0	0	0	0	0	0	0	0	0	0	0	0	0	0	1	0	0	0	0	17	0	0	0	0	0	0	0	0	0	7	0	0	10	0	0	0	0	0	0	0	0	0	0	0	5	0	0	216	0	0	0	0	0	0	0	0	0	0	0	0	0	0	0	0	0	0	0	0	0	2	0	0	0	0	173	0	0	0	11	0	0	0	0	0	0	0	0	0	0	0	0	0	0	0	0	0	0	0	0	0	0	0	0	0	0	0	0	0	0	0	0	0	0	74	0	0	0	0	0	0	0	0	0	0	0	0	0	0	0	0	0	0	0	0	0	446	0	0	0	0	17	0	11	0	0	0	0	0	0	0	0	0	0	0	0	0	0	0	0	0	0	0	3	0	0	0	0	0	0	1	0	0	0	0	0	0	0	143	0	0	0	0	0	0	0	0	0	0	0	0	0	0	0	0	0	0	0	0	0	0	0	0	9	0	0	0	0	0	0	0	0	0	0	0	0	0	0	0	0	0	0	0	0	0	0	0	0	0	0	0	0	0	0	0	0	0	0	0	0	0	0	0	0	0	0	0	0	0	0	0	0	0	0	0	0	0	0	0	0	0	0	0	0	0	0	0	0	0	0	0	0	0	8	0	50	0	0	0	0	0	0	0	0	0	0	0	0	0	0	0	0	0	0	0	0	0	0	0	0	0	0	0	0	0	0	0	0	0	0	0	0	0	0	0	0	0	0	0	0	0	0	0	0	0	0	0	9	0	0	0	0	0	0	0	0	0	24	0	0	0	0	0	0	0	0	0	0	0	0	0	0	0	0	0	0	0	0	0	0	0	721	0	4	0	0	0	0	0	0	0	0	0	0	0	766	0	0	0	0	0	0	0	0	0	0	0	0	0	0	2377	0	0	0	0	0	0	0	0	0	0	0	20	0	0	0	0	0	0	0	0	0	4	0	0	0	0	0	0	0	0	7	0	0	0	0	0	0	0	0	0	0	0	0	0	0	3	0	0	0	0	0	0	0	0	0	0	0	0	0	0	0	0	0	0	1896	0	0	0	0	0	7	0	0	0	0	136	0	0	0	0	0	0	0	0	143	0	0	0	0	0	0	0	0	0	0	0	0	0	0	0	2	0	0	0	8	0	0	0	0	0	0	0	0	0	0	0	0	0	0	0	0	0	9	0	0	0	0	0	0	0	0	0	0	0	0	0	0	0	91	0	0	0	0	230	0	0	0	0	0	0	0	0	0	0	0	0	0	0	0	0	0	0	0	878	0	0	0	0	0	3	0	4	0	0	0	0	0	0	0	0	0	0	0	5	0	2	0	0	0	0	0
D294	0	0	0	0	0	0	0	0	0	0	0	0	0	0	0	0	0	0	0	0	0	0	0	0	0	0	0	0	0	0	0	0	0	0	0	0	0	0	0	0	0	0	0	0	0	0	0	0	0	0	0	0	0	0	0	0	0	0	0	0	0	0	0	0	0	0	0	0	0	0	0	0	0	0	0	0	0	0	0	0	0	0	0	0	0	0	0	0	0	0	0	0	0	0	0	0	0	0	0	0	0	0	0	0	0	0	0	0	0	0	0	0	0	0	0	0	0	0	0	0	0	0	0	0	0	0	0	0	0	0	0	0	0	0	0	0	0	0	0	0	0	0	0	0	0	0	0	0	0	0	0	0	0	0	0	0	0	0	0	0	0	0	0	0	0	0	0	0	0	0	0	0	0	0	0	0	0	0	0	0	0	0	0	0	0	0	0	0	0	0	0	0	0	0	0	0	0	0	0	0	0	0	0	0	0	0	0	0	0	0	0	0	0	0	0	0	0	0	0	0	0	0	0	0	0	0	0	0	0	0	0	0	0	0	0	0	0	0	0	0	0	0	0	0	0	0	0	0	0	0	0	0	0	0	0	0	0	0	0	0	0	0	0	0	0	0	0	0	0	0	0	0	0	0	0	0	0	0	0	0	0	0	0	0	0	0	0	0	0	0	12	0	0	0	0	0	0	0	0	0	0	0	0	0	0	0	0	0	0	0	0	0	0	0	0	0	0	0	0	0	0	0	0	0	0	0	0	0	0	0	0	0	0	0	0	0	0	0	0	0	0	0	0	0	0	0	0	0	0	0	0	0	0	0	0	0	0	0	0	0	0	0	0	0	0	0	0	0	0	0	0	0	0	0	0	0	0	0	0	0	0	0	0	0	0	0	0	0	0	0	0	0	0	0	0	0	0	0	0	0	0	0	0	0	0	0	0	0	0	0	0	0	0	0	0	0	0	0	0	0	0	0	0	0	0	0	0	0	0	0	0	0	0	0	0	0	0	0	0	0	0	0	0	0	0	0	0	0	0	0	0	0	0	0	0	0	0	0	0	0	0	0	0	0	0	0	0	0	0	0	0	0	0	0	0	0	0	0	0	0	0	0	0	0	0	0	0	0	0	0	0	0	0	0	0	0	0	0	0	0	0	0	0	0	0	0	0	0	0	0	0	0	0	0	0	0	0	0	0	0	0	0	0	0	0	0	0	0	0	0	0	0	0	0	0	0	0	0	0	0	0	0	0	0	0	0	0	0	0	0	0	0	0	0	0	0	0	0	0	0	0	0	0	0	0	0	0	0	0	0	0	0	0	0	0	0	0	0	0	0	0	0	0	0	0	0	0	0	0	0	0	0	0	0	0	0	0	0	0	0	0	0	0	0	0
D295	0	0	44	11	1	0	0	7	0	9	0	0	0	67	0	9	8	3	0	28	0	12	0	0	6	43	0	1	1	0	0	0	24	0	0	3	52	0	13	0	32	0	7	0	0	22	122	131	24	0	21	23	0	47	0	18	144	0	6	0	7	0	0	0	4	4	0	0	33	0	0	70	3	0	0	0	0	0	0	0	6	40	2	7	16	0	0	10	0	0	0	4	46	0	0	0	0	42	0	1	0	0	0	0	117	0	0	9	17	49	95	0	3	0	0	0	2	164	8	0	0	13	0	0	0	0	2	4	0	3	0	0	4	0	5	8	6	0	0	0	0	0	0	3	37	0	0	0	0	10	0	0	4	4	18	2	10	0	8	0	34	0	6	0	0	0	18	0	6	22	34	3	7	7	0	0	13	68	0	2	9	0	3	4	7	0	0	1	2	42	7	0	0	0	0	0	2	0	53	10	0	0	7	3	0	5	18	31	0	26	0	0	7	0	0	3	28	0	7	0	0	10	0	0	0	19	0	3	24	80	0	98	0	0	0	3	10	0	7	0	0	0	0	25	0	0	0	0	0	0	4	2	0	195	0	0	13	0	1	3	0	8	0	0	0	15	0	1	4	0	0	0	0	0	0	10	32	22	0	0	4	0	5	0	0	6	0	5	0	0	118	0	0	30	0	0	2	0	10	4	0	65	64	2	0	11	18	38	0	0	44	4	0	7	28	15	0	54	2	13	0	0	0	3	0	8	3	3	0	19	267	0	25	0	23	0	0	41	4	0	3	0	0	89	2	0	0	6	0	8	8	0	0	0	0	2	0	0	3	0	3	5	30	0	11	29	0	17	0	8	20	3	0	0	51	22	26	6	0	0	0	7	17	0	0	51	0	10	0	34	4	38	0	0	0	5	0	0	0	0	0	0	2	19	0	0	11	0	15	0	5	14	0	0	5	0	2	0	10	0	0	22	51	2	0	0	0	0	0	0	0	15	2	0	0	0	15	29	0	6	24	0	1	0	0	0	0	0	0	0	0	0	0	0	3	0	0	10	62	0	0	0	0	0	2	0	0	0	0	0	249	0	0	40	0	8	0	0	0	0	0	0	0	0	0	4	0	24	0	0	0	47	0	0	0	8	0	0	13	0	27	0	0	3	0	193	16	0	0	12	26	0	0	0	2	135	0	0	0	6	7	0	0	0	173	6	0	0	80	14	139	9	9	0	7	0	3	0	0	2	0	12	20	0	0	5	0	9	40	5	1	0	73	0	0	2	6	0	2	0	10	12	2	81	0	0	43	20	0	0	72	0	0	4	0	5	3	1	5	0	33	0	32	12	0	27	50	0	4	242	3	6	2	0	0	0	0	9	21	19	0	0	0	6	0
D296	0	0	0	0	0	0	0	0	0	0	0	0	0	0	0	0	0	0	0	0	0	0	4	850	0	0	451	0	0	0	0	0	0	0	0	0	0	0	0	91	0	0	0	4	0	0	0	0	0	0	0	0	0	221	0	0	0	0	0	0	0	0	0	0	0	0	0	0	0	0	0	0	0	0	0	0	0	0	0	0	0	0	0	0	0	0	0	0	9	0	0	0	0	224	0	0	0	0	3	0	0	0	17	0	0	0	0	0	0	0	0	0	3	0	0	0	0	0	0	3	0	0	0	0	0	0	0	0	0	0	0	0	0	0	0	0	0	0	0	0	0	0	0	0	0	0	0	0	0	0	0	0	3	0	0	0	0	0	0	0	0	0	0	0	7	0	0	0	0	0	0	0	0	0	0	0	0	0	0	0	0	0	0	0	0	0	0	0	0	0	0	0	3	574	67	0	0	0	0	0	0	3	0	0	0	0	0	0	0	0	0	0	0	0	0	0	0	0	0	0	0	0	0	0	53	0	0	0	0	0	0	0	0	0	0	0	0	0	0	0	0	0	0	0	0	0	0	0	0	0	0	0	0	0	0	0	0	0	0	0	0	0	0	0	0	0	0	0	0	0	0	0	0	0	0	0	0	0	0	0	0	0	0	0	0	0	0	0	14	0	0	0	0	0	0	0	0	0	0	0	511	0	0	0	0	0	0	0	0	0	0	0	0	0	0	0	0	0	0	0	0	0	0	0	0	0	0	0	0	0	0	0	0	0	0	0	0	0	0	0	0	0	0	0	0	0	0	0	0	0	0	0	0	0	0	0	0	0	0	0	6	0	0	0	0	0	0	0	0	0	0	0	0	0	0	0	0	0	0	0	0	0	0	0	330	0	185	0	0	0	0	0	0	0	0	0	527	165	33	0	0	0	0	0	0	0	0	0	0	0	0	0	0	0	0	0	0	0	0	0	0	0	0	0	0	5	0	0	0	0	0	0	2	0	0	2	0	0	0	0	0	0	0	0	0	0	0	0	0	0	0	74	0	0	0	0	0	0	0	0	0	0	0	0	0	0	0	0	0	0	0	0	0	0	0	0	0	0	3658	0	0	0	0	0	0	0	0	0	0	0	0	0	0	0	0	0	0	0	119	83	0	0	0	0	0	0	0	0	0	0	0	0	0	0	0	0	0	0	0	0	0	0	0	0	0	0	0	0	0	0	0	0	0	0	0	0	0	0	0	0	0	0	0	0	0	0	0	0	0	0	0	0	0	0	0	0	0	171	0	0	0	0	0	0	0	0	0	0	0	0	0	0	0	0	0	0	0	2	0	0	0	0	0	0	0	0	0	0	0	0	0	0	0	0	0	0	0	0	0	0	0	0	0	1	0
D297	0	1	9	499	4362	0	11	0	0	4	0	0	0	0	0	0	0	0	0	0	0	0	0	0	0	0	0	0	0	0	0	0	549	0	0	0	2	16	0	0	13	0	0	0	0	5	0	0	0	0	59	0	6	0	0	0	0	0	0	0	0	0	0	0	0	0	0	0	0	0	0	0	0	0	0	0	0	0	0	0	0	0	0	0	0	0	0	0	0	0	0	0	0	0	0	0	1	0	0	0	0	70	0	1	0	0	0	0	0	0	0	0	0	0	0	0	0	0	0	0	0	0	0	151	0	0	0	0	0	0	0	666	0	0	0	0	0	0	0	0	0	0	0	0	0	0	0	0	9	0	0	0	0	0	0	0	0	0	0	0	0	1	0	0	0	0	0	0	0	0	72	0	0	0	0	0	0	0	0	0	0	0	27	0	0	0	0	0	0	4	0	16	0	0	0	0	7	0	0	0	0	0	0	0	0	0	0	0	0	0	0	0	0	0	0	0	31	0	0	0	0	0	0	0	0	0	0	0	2	0	226	0	0	0	0	0	0	0	0	0	0	0	0	0	0	0	0	0	0	0	0	0	0	2	0	0	0	0	0	0	0	0	0	0	0	0	0	0	0	0	0	0	0	0	0	0	0	0	0	0	0	0	0	0	0	0	0	0	0	0	0	0	0	0	0	0	2	0	0	0	0	0	0	0	0	0	0	0	0	0	0	0	0	0	0	0	0	0	0	0	0	0	0	0	0	0	0	0	0	0	0	0	0	0	59	0	0	0	0	0	0	0	0	4926	0	6	0	0	0	0	0	0	0	0	0	0	0	0	0	0	0	212	0	92	0	0	0	0	21	47	0	16	0	0	0	0	0	0	0	0	0	0	0	0	0	0	0	0	0	0	0	0	0	0	0	0	0	0	0	0	0	0	0	0	0	0	0	0	0	0	0	0	0	0	0	0	0	0	4	0	0	0	0	0	0	0	0	0	0	0	0	0	0	0	0	0	0	0	0	0	0	0	0	0	0	2	0	0	0	0	0	0	0	0	0	0	0	0	9	0	0	0	0	0	0	0	0	0	0	0	0	0	0	0	0	0	0	0	0	0	0	0	0	0	0	0	0	0	0	0	0	0	0	0	0	0	0	0	0	0	0	0	0	0	0	0	0	0	0	0	0	0	0	0	0	0	0	0	0	0	0	0	0	0	120	0	0	0	0	0	0	0	0	0	0	0	0	0	0	0	0	0	0	0	0	0	0	0	0	0	0	0	0	0	0	0	0	0	2	0	0	0	0	0	3	0	0	0	0	0	0	0	0	0	0	20	0	0	0	0	615	0	0	0	0	0	0	0	0	0	0	0	0	0	0	0	0	0	0	0	0	0	0	0	0
D298	5	2	203	4	0	0	0	22	0	10	0	0	0	106	0	13	16	2	2	31	0	11	0	0	11	12	0	3	0	0	0	0	34	0	0	6	32	4	25	0	0	0	14	0	0	24	136	159	32	0	31	17	0	30	0	1	306	0	3	1	7	0	0	0	10	11	0	0	32	0	0	54	5	0	0	0	0	2	0	0	2	63	2	4	22	0	0	29	0	0	0	0	42	0	0	0	0	25	0	3	0	0	13	0	17	0	0	10	38	145	42	0	0	0	0	0	6	406	18	0	0	0	0	0	0	0	10	10	0	6	0	0	0	0	3	10	4	0	0	0	0	1	0	4	40	0	0	0	2	6	0	0	10	6	7	20	12	0	4	0	43	0	8	0	0	2	2	0	0	24	26	4	0	8	0	0	26	0	0	0	23	0	11	5	24	0	0	0	7	63	21	1	0	0	0	0	7	0	56	32	0	10	6	5	0	0	61	30	0	38	0	2	15	0	0	2	40	0	14	0	0	10	0	0	0	19	0	1	105	94	0	135	0	0	0	4	1	0	9	0	0	0	0	28	73	0	0	37	0	3	5	8	0	158	0	0	29	0	0	3	0	8	0	0	0	15	0	6	9	1	0	0	0	0	5	12	21	6	0	0	8	6	6	0	0	6	0	4	0	50	248	0	0	13	3	0	2	0	115	0	6	80	150	1	0	9	62	39	2	0	98	25	0	0	38	1	0	60	0	76	0	0	0	0	0	6	18	9	0	47	186	0	2	0	10	0	28	86	5	0	28	0	2	43	1	0	0	4	0	17	19	0	0	0	0	0	0	0	2	0	8	0	0	0	0	27	1	18	0	0	32	2	0	0	40	15	31	14	0	0	0	10	3	0	0	45	31	4	0	12	8	22	0	0	0	4	0	0	0	0	0	0	2	39	0	0	8	0	1	35	4	13	0	0	1	0	8	0	0	0	0	37	39	0	0	0	0	0	0	0	0	17	9	0	0	0	17	27	0	10	31	0	6	0	0	4	0	0	0	0	0	33	0	0	10	4	1	7	12	0	0	0	0	0	0	35	0	3	17	0	179	2	2	69	0	5	0	0	0	0	0	2	0	13	3	10	0	22	0	0	0	368	0	0	0	14	2	0	15	0	53	0	0	7	0	226	19	0	0	17	30	7	0	2	4	176	0	0	0	11	18	13	0	0	193	9	0	0	8447	18	130	4	10	2	1	0	0	0	0	0	0	34	27	0	0	5	0	8	11	16	125	0	95	0	0	0	19	0	4	0	1	15	2	107	0	0	50	77	0	0	83	0	0	7	0	5	6	7	8	2	71	0	45	26	3	20	37	0	11	49	1	8	10	0	0	0	0	72	30	70	0	0	2	1	0
D299	0	0	0	0	0	0	0	0	0	0	0	0	0	0	0	0	0	0	0	0	0	0	0	0	0	0	0	0	0	0	0	0	0	0	0	0	0	0	0	0	0	0	0	0	0	0	0	0	0	0	0	0	0	0	0	0	0	0	0	0	0	0	0	0	0	0	0	0	0	3	0	0	0	0	0	0	0	0	0	0	0	0	0	0	0	0	0	0	0	0	0	0	0	0	0	0	0	0	0	0	0	0	0	0	0	0	0	0	0	0	0	0	0	0	0	0	0	0	0	2	0	0	0	0	0	0	0	0	0	0	0	0	1	0	0	0	0	0	0	0	0	0	0	0	0	0	0	0	0	0	0	0	0	0	0	0	0	0	0	0	0	0	0	0	0	0	0	0	0	0	0	0	0	0	0	0	0	0	0	0	0	0	0	0	0	0	0	0	0	0	0	0	0	0	0	0	0	0	0	0	0	0	0	0	0	0	0	0	0	0	0	0	0	0	0	0	0	0	0	0	2	0	0	0	0	0	0	0	0	0	0	0	0	0	0	0	0	0	0	0	0	0	0	0	0	0	0	0	0	0	0	0	0	0	0	0	0	0	0	0	0	0	0	0	0	0	61	0	0	0	0	0	0	0	0	0	0	0	0	0	0	0	0	0	0	0	0	0	0	0	0	0	0	0	0	0	0	0	0	0	0	0	0	0	0	0	0	0	0	0	0	0	0	0	0	0	0	0	0	0	0	0	0	0	0	0	0	0	0	0	0	0	0	0	0	0	0	0	0	0	0	0	0	0	0	0	0	0	0	0	0	0	0	0	0	0	0	0	0	0	0	0	0	0	0	0	0	0	0	0	0	0	0	0	0	0	0	0	0	0	0	0	0	0	0	0	0	0	0	0	0	0	0	0	0	0	0	0	0	0	0	0	0	0	0	0	0	0	0	0	0	0	0	0	0	0	0	0	0	0	0	0	0	0	0	0	0	0	0	0	0	0	0	0	0	0	0	0	0	0	0	0	0	0	0	0	0	0	0	0	0	0	0	0	0	0	0	0	0	0	0	0	0	0	0	0	0	0	0	0	0	0	0	0	0	0	0	0	0	0	0	0	0	0	0	0	0	0	0	0	0	0	0	0	0	0	0	0	0	0	0	0	0	0	0	0	0	0	0	0	0	0	0	0	0	0	0	0	0	0	0	0	0	0	0	0	0	0	0	0	0	0	0	0	0	0	0	0	0	0	0	0	0	0	0	0	0	0	0	0	0	0	0	0	0	0	0	0	0	0	0	0	0	0	0	0	0	0	0	0	0	0	0	0	0	0	0	0	0	0	0	0	0	0	0	0	0	0	0	0	0	0	0	0	0	0	0	0	0	0	0	0	0	0	0
D300	0	0	0	0	0	0	0	0	0	0	0	0	0	0	0	0	0	54	0	0	0	0	0	161	0	0	0	0	2	0	0	0	0	0	0	0	0	0	0	23	0	0	0	7	0	0	0	0	0	0	0	0	0	2	0	0	3	0	0	0	0	0	0	0	0	0	0	0	0	0	0	23	0	0	0	0	0	0	0	0	0	0	0	0	0	0	0	0	24	0	0	0	0	28	0	0	0	0	1062	0	0	0	2	0	0	0	0	0	0	0	0	0	370	0	0	0	0	0	0	2	7	0	0	0	0	0	0	0	0	0	0	0	0	0	0	0	0	94	0	0	0	0	0	0	0	0	20	0	0	0	0	0	5	0	0	0	0	0	0	0	10	0	0	0	9	0	0	0	0	0	0	0	0	0	0	0	0	0	0	0	0	0	5	0	0	0	2	0	0	0	0	0	0	8	0	0	0	0	0	0	0	89	0	0	11	0	0	0	0	0	0	0	0	0	0	0	0	0	0	0	0	0	0	0	0	0	0	0	25	0	0	0	0	0	0	0	0	0	0	0	0	0	0	0	0	0	0	0	0	0	0	0	0	0	3	0	0	0	0	0	0	0	0	0	0	0	0	0	0	0	0	0	0	0	0	0	0	0	0	0	0	0	0	0	0	0	0	0	0	0	0	0	0	0	0	0	0	0	33	0	82	0	0	0	0	0	21	0	0	0	0	0	0	0	0	0	0	0	0	0	0	0	0	0	0	0	0	0	0	0	0	0	0	0	0	0	0	0	0	0	0	0	0	0	0	0	0	0	0	0	13	0	0	0	0	0	0	0	0	0	90	0	0	0	0	0	0	0	0	0	0	0	0	0	0	0	0	0	0	0	0	0	0	0	0	0	14	0	0	0	0	0	0	0	0	0	0	60	299	0	0	0	0	0	0	0	0	0	0	0	0	0	0	2363	0	0	0	0	0	0	0	0	0	0	0	280	0	0	0	0	0	0	1	0	0	0	0	0	0	0	0	0	0	0	0	0	0	0	0	0	0	0	0	0	0	0	0	0	0	0	0	0	0	0	0	0	0	0	0	0	0	0	0	0	0	0	0	0	1902	0	0	0	0	0	0	0	0	0	0	2	0	0	0	0	0	0	0	0	141	977	0	0	0	0	0	0	0	0	0	0	0	0	0	0	0	0	0	0	6	0	0	0	0	0	0	0	0	2	0	0	0	0	0	0	0	0	0	0	0	0	0	0	0	0	0	0	0	0	0	0	0	0	0	0	0	0	0	0	0	0	0	0	0	0	0	0	0	0	0	0	0	0	0	2	0	0	0	724	0	0	0	0	0	19	0	0	0	0	0	0	0	0	0	0	0	0	0	0	0	0	0	0	0	0	0
D301	0	2	180	290	285	0	14	3	0	0	119	0	92	0	0	6	26	0	0	0	2	0	0	0	101	168	0	4	0	0	0	0	79	0	0	1	41	0	104	0	36	9	6	0	0	13	0	27	0	0	0	1	9	114	0	0	16	0	0	347	14	0	0	0	21	7	0	0	45	2	0	0	14	0	4	0	2	58	0	0	0	39	0	0	69	0	107	0	0	0	0	30	6	0	0	0	23	186	0	6	0	150	21	0	4	0	19	0	30	8	0	0	2	1	9	0	19	48	0	0	0	11	19	3	0	0	0	143	0	21	73	0	0	0	23	4	0	41	0	0	0	53	331	0	9	0	0	0	27	0	0	0	50	17	15	37	40	0	16	0	23	2	4	0	0	4	0	18	5	28	32	62	75	0	0	0	28	0	0	0	2	0	204	28	0	0	0	0	0	640	3	55	0	0	0	0	7	0	64	0	1	0	5	5	0	1	0	19	0	0	59	2	2	8	0	1	185	58	6	0	0	0	5	7	0	0	19	0	0	581	49	247	0	0	0	3	10	0	0	85	2	0	32	44	0	0	0	115	199	0	0	0	7	0	2	0	35	6	44	0	0	6	0	0	0	36	13	185	5	12	0	0	3	0	6	2	11	0	0	0	27	0	7	0	0	37	0	0	0	8	624	0	0	57	5	0	0	5	14	9	0	59	0	0	0	33	97	26	0	0	89	938	0	675	50	0	0	7	185	4	0	0	0	0	0	0	2	6	0	15	65	62	350	233	124	0	18	0	0	22	21	0	1	933	5	24	0	37	0	69	24	0	0	0	0	27	0	9	0	1	5	26	107	26	2	14	0	2	0	35	20	127	0	2	423	6	0	0	0	17	155	0	0	66	0	20	69	15	11	91	5	24	744	0	0	34	0	0	0	12	28	5	103	0	128	0	15	0	153	0	30	0	0	0	75	0	0	0	2	0	0	21	37	0	4	0	0	0	0	0	0	264	212	0	0	0	12	16	0	2	0	0	0	0	65	38	0	6	0	173	0	0	2	0	0	11	7	2	50	2	0	3	0	0	168	65	2	6	30	0	0	0	0	97	0	5	0	0	0	0	0	1	0	67	0	26	1	17	0	11	0	7	5	0	0	1	12	8	18	0	0	0	0	0	0	279	57	0	40	0	174	0	0	2	0	23	0	0	0	15	11	28	0	6	118	22	0	0	5	2	196	143	5	36	270	0	2	0	0	0	0	16	0	2	0	12	0	3	23	56	0	86	72	0	16	0	10	0	210	1368	0	6	15	4	0	0	2	38	7	0	83	0	0	0	0	10	10	0	12	0	1	0	2409	0	3	65	0	0	57	0	24	0	18	0	0	0	66	4	296	0	0	26	0	0	35
D302	0	0	0	0	0	0	0	0	1222	0	0	0	0	0	0	0	0	0	0	0	0	0	0	0	0	0	0	0	0	0	0	2	0	0	0	0	0	0	0	0	0	0	0	0	0	0	0	0	0	0	0	0	0	0	0	0	0	0	0	0	0	0	0	0	0	0	0	0	0	0	0	0	0	86	0	0	0	0	0	0	3	0	0	0	0	48	0	0	0	0	0	0	0	0	0	0	0	0	0	0	0	0	0	0	0	0	0	0	0	0	0	0	0	0	0	18	0	0	0	0	0	0	0	0	0	0	0	0	0	0	0	0	0	0	0	0	0	0	0	0	0	0	0	0	0	0	0	13	0	0	0	0	0	0	0	0	0	0	0	0	0	0	0	0	0	0	0	0	0	0	0	0	0	0	0	0	0	0	0	0	0	0	0	0	0	0	0	0	0	0	0	0	0	0	0	0	0	0	0	0	0	0	0	0	0	0	0	0	0	0	0	0	0	0	0	0	0	0	0	0	0	0	0	0	0	0	0	23	0	0	0	0	0	0	0	0	0	0	0	0	483	0	0	0	0	0	0	0	0	0	0	0	0	0	0	0	0	0	0	0	0	0	0	0	0	0	0	0	0	0	0	0	0	0	0	0	0	0	3	0	0	0	0	0	0	0	0	0	0	0	0	0	0	0	0	0	0	0	0	0	0	0	0	0	0	0	1	0	0	0	0	0	0	0	0	0	0	0	0	0	0	0	9	0	0	0	0	0	0	0	0	0	3	0	0	0	0	0	0	0	0	0	0	0	0	0	0	0	0	0	0	0	0	0	0	0	0	0	0	2	0	0	15	0	0	0	0	0	0	0	0	0	0	0	0	0	0	0	0	0	0	0	0	0	0	0	0	0	0	0	0	0	0	0	0	0	0	0	0	0	0	0	0	0	0	0	0	0	0	0	0	0	0	0	0	2	0	0	0	0	0	0	0	0	0	0	0	0	0	0	0	0	0	0	0	0	0	0	0	0	0	0	0	0	0	0	0	0	0	0	0	0	0	0	0	0	0	0	0	0	0	0	0	0	0	0	0	0	0	0	0	0	0	0	0	0	0	0	0	0	0	0	0	0	0	0	0	0	0	0	0	0	0	16	0	0	0	0	0	0	0	0	0	0	0	0	0	71	0	0	0	0	0	0	0	0	0	0	0	0	0	0	0	0	0	0	0	0	0	0	0	0	0	0	0	0	0	0	0	0	213	0	0	0	0	0	0	0	0	0	0	0	0	0	0	0	0	0	0	0	0	0	0	0	0	1969	0	0	0	0	0	0	0	0	0	0	0	0	0	0	0	0	197	0	0	0	0	0	0	0	0	0	0	0	0	0	0	0	0	0	0	0	0	18	0
D303	0	0	0	0	0	0	0	0	0	0	0	0	0	0	0	0	0	0	0	0	0	0	0	0	0	0	0	0	0	0	0	0	0	0	0	0	0	0	0	0	0	0	0	0	0	0	0	0	0	0	0	0	0	0	0	0	0	0	0	0	0	0	11	0	0	0	0	31	0	0	0	0	0	0	0	10527	0	0	0	0	0	0	0	0	0	0	0	0	0	0	0	0	0	0	0	0	0	0	0	0	0	0	0	0	0	0	0	0	0	0	0	0	0	0	0	0	0	0	0	0	0	0	0	2	0	0	0	0	0	0	0	0	0	0	0	0	0	0	0	0	0	0	0	0	0	0	0	0	0	0	0	0	0	0	0	0	0	0	0	0	0	0	0	0	0	0	0	0	0	0	0	0	0	0	0	0	0	0	0	0	0	0	6	0	0	0	0	0	0	0	0	0	0	0	0	0	0	0	0	0	0	0	0	0	0	0	0	0	0	0	0	0	0	0	0	0	0	0	0	0	0	0	0	0	0	0	0	0	0	0	0	0	0	0	0	0	0	0	0	0	0	0	0	0	0	0	0	0	0	0	0	0	0	0	0	0	0	0	0	0	0	0	0	0	0	0	0	0	0	0	0	0	0	0	0	0	0	0	0	0	0	0	0	0	0	0	0	0	0	0	0	0	0	0	0	0	0	0	0	0	251	0	0	0	0	0	1	0	0	0	0	0	0	0	0	0	0	0	0	0	0	0	0	0	0	0	0	3	3394	0	0	0	17	0	0	0	0	0	0	10	0	0	0	0	0	0	29	0	0	0	0	0	0	0	0	0	0	0	0	0	0	0	0	0	0	0	0	0	0	69	0	0	0	0	0	0	0	0	0	0	0	0	0	0	0	0	0	0	0	0	0	0	0	0	0	0	0	0	0	0	0	0	0	0	0	0	0	0	0	0	0	0	0	0	0	0	0	0	0	0	0	0	0	0	0	0	0	0	0	0	0	0	0	0	0	0	0	0	0	0	0	0	0	0	0	0	0	0	0	0	0	0	0	0	0	0	0	0	0	0	0	0	0	0	0	0	0	0	0	0	0	0	0	0	0	0	0	0	0	0	0	0	0	0	0	0	0	0	0	0	0	0	0	0	0	0	0	0	0	0	0	0	9	0	0	0	0	0	0	0	0	0	0	0	0	0	0	0	0	0	0	0	0	0	0	0	0	0	2	0	0	0	0	0	0	0	0	14180	0	0	0	0	0	0	0	0	0	0	0	0	0	0	0	0	0	0	0	0	0	0	0	0	0	0	0	0	0	0	0	0	0	1	0	0	0	0	0	0	0	0	0	0	0	0	0	0	0	0	0	0	0	0	0	0	0	0	0	0	0	0	0	0	0	0	0
D304	0	0	0	0	0	0	0	0	0	0	0	0	0	0	0	0	0	0	0	2	0	0	0	0	0	0	0	0	0	0	0	0	0	0	0	0	0	0	0	0	0	0	0	0	0	0	0	0	0	0	0	0	0	0	0	0	0	0	0	0	0	0	0	0	0	0	0	0	0	0	0	0	7	0	0	0	0	0	0	0	0	0	0	0	0	48	0	0	0	0	0	0	0	0	0	0	0	0	0	0	0	0	0	0	0	0	0	0	0	0	0	0	0	0	0	2	0	0	0	0	0	0	0	0	0	0	0	0	0	0	0	0	0	0	0	0	0	0	0	0	0	0	0	0	0	0	0	0	0	0	0	0	0	0	0	0	0	0	0	0	0	0	0	0	0	0	0	0	0	0	0	0	0	0	0	0	0	0	0	0	0	0	0	0	0	2	0	0	0	0	0	0	0	0	0	0	0	0	0	0	0	0	0	0	0	0	0	0	0	0	0	0	0	0	0	0	0	0	0	0	0	0	0	0	0	0	0	27	0	0	0	0	0	0	0	0	0	0	0	0	0	0	0	0	0	0	0	0	0	8	0	0	0	0	0	0	0	0	0	0	0	0	0	0	0	0	0	0	0	0	0	0	0	0	0	0	0	0	67	0	0	0	0	0	0	0	0	0	0	0	0	0	0	0	0	0	0	0	0	0	0	0	0	0	0	0	0	0	0	0	0	0	0	0	0	0	0	0	0	0	0	0	0	0	0	0	0	0	0	0	0	0	0	0	0	0	0	0	0	0	0	0	0	0	0	0	0	0	0	0	0	0	0	0	0	0	0	0	0	0	0	0	0	0	0	0	0	0	0	0	0	0	0	0	0	0	0	0	0	0	0	0	0	0	0	0	0	0	0	0	0	0	0	0	0	0	0	0	0	1	0	0	0	0	0	0	0	0	0	0	0	0	0	0	0	0	0	0	0	0	0	12	0	0	0	103	0	0	0	0	0	0	0	0	0	0	0	0	0	0	0	0	0	0	0	0	0	0	0	0	0	0	0	0	0	0	0	0	0	0	0	0	0	30	0	0	0	0	0	0	0	0	0	0	0	0	0	0	0	0	0	0	0	0	0	0	0	0	0	0	0	0	0	55	0	0	0	0	0	0	0	0	0	0	0	0	0	496	0	0	0	0	0	0	0	0	0	0	175	0	0	0	0	0	0	0	0	0	0	0	0	0	0	0	0	0	0	0	0	0	546	0	0	0	0	0	0	0	0	0	0	0	0	0	0	0	0	0	0	0	0	0	0	0	0	7259	0	0	0	0	0	0	0	0	0	0	0	0	0	0	0	0	9	0	0	0	0	0	0	0	0	0	0	0	0	0	0	0	0	0	0	0	0	0	0
D305	0	0	0	0	0	0	2	0	0	0	0	0	0	0	0	0	0	0	0	0	0	0	0	0	0	0	0	0	0	0	0	0	0	0	0	0	0	0	0	0	0	0	0	0	0	0	0	0	0	0	0	0	0	0	0	0	0	0	0	0	0	0	3	0	0	0	0	0	0	0	0	0	0	2	0	0	0	0	0	0	0	0	0	0	0	0	0	0	0	0	0	0	0	0	0	0	0	0	0	0	0	0	0	0	0	0	0	0	0	0	0	0	0	0	0	0	0	0	0	0	0	0	0	0	0	0	0	0	0	0	0	0	0	0	0	0	0	0	0	0	0	0	0	0	0	0	0	0	0	0	0	0	0	0	0	0	0	0	0	0	0	0	0	0	0	0	0	0	0	0	0	0	0	0	0	0	0	0	0	0	0	0	0	0	0	0	0	0	0	0	0	0	0	0	0	0	0	0	0	0	0	0	0	0	0	0	0	0	0	0	0	0	0	0	0	0	0	0	0	0	0	0	0	0	0	0	0	0	0	0	0	0	0	0	0	0	0	38	0	0	0	0	0	0	0	0	0	0	0	0	0	0	0	0	0	0	0	0	0	0	0	0	0	0	0	0	0	0	0	0	0	0	0	0	0	0	0	0	0	0	0	0	0	0	0	0	0	0	0	0	0	0	0	0	0	0	0	0	0	0	0	0	0	0	0	0	0	0	0	0	0	0	0	0	0	0	0	0	0	0	0	0	0	0	0	0	0	0	0	0	0	0	147	0	0	0	0	0	0	0	0	0	0	0	0	0	0	0	0	0	0	0	0	0	0	0	0	0	0	0	0	0	0	0	0	0	0	0	0	0	0	0	0	0	0	0	0	0	0	0	0	0	0	0	0	0	0	0	0	0	0	0	0	0	0	0	0	0	0	0	0	0	0	0	0	0	0	0	0	0	0	0	0	0	0	0	0	0	0	0	0	0	0	0	0	0	0	0	0	0	0	0	0	0	0	0	0	0	0	0	0	0	0	0	0	0	0	0	0	0	0	19	0	0	0	0	0	0	0	0	0	0	0	0	0	0	0	0	0	0	0	0	2	0	0	0	0	0	0	0	0	0	0	0	0	0	0	0	0	0	0	0	0	0	0	0	0	0	0	0	0	0	0	0	0	0	0	0	0	0	0	0	0	0	0	0	0	0	0	0	0	0	0	0	0	0	0	0	0	0	0	0	0	0	0	0	0	0	0	0	0	0	0	0	0	0	0	0	0	0	0	0	0	0	0	0	0	0	0	0	0	0	0	0	0	0	0	0	0	0	0	0	0	0	0	0	0	0	0	0	0	0	0	0	0	0	0	0	0	0	0	0	0	0	0	0	0	0	0	0	0	0	0	0	0
D306	0	10	2	0	0	40	4	5	3153	0	0	4	0	0	0	0	0	0	0	0	0	0	26	0	2	3	0	0	4	0	0	0	3	0	4	0	0	4	16	85	4	0	0	0	4	0	0	0	0	0	0	0	0	0	0	1	51	0	25	0	0	2	164	21	0	0	0	0	0	11	0	0	7	10	0	24	0	0	0	0	0	1	0	0	0	0	0	0	0	0	0	0	0	0	0	0	0	2	0	0	9	2	0	0	0	0	2	0	0	0	0	0	0	0	4	4	2	0	0	112	43	0	37	7	2	0	0	2	0	0	0	10	0	0	0	2	0	0	0	31	0	0	0	0	0	36	0	0	0	0	0	0	0	0	0	5	5	0	0	0	0	9	0	0	17	0	0	0	0	0	6	0	24	0	112	0	0	0	0	0	0	0	82	0	0	50	0	0	0	14	0	0	32	0	0	31	0	20	0	0	4	0	0	0	0	0	0	0	2	0	0	23	0	0	0	0	0	0	5	41	2	0	0	0	0	0	0	3	0	0	0	0	0	0	0	0	2	0	0	0	102	0	12	0	4	2	3	0	0	2	0	0	0	0	4	4	3	0	0	0	0	0	73	0	0	0	76	0	0	0	0	0	0	2	0	0	0	0	0	38	0	1	0	0	8	0	0	0	0	0	11	0	12	0	0	6	31	0	0	0	0	0	0	0	2	0	9	0	0	20	0	22	0	2	0	0	0	5	0	0	0	6	0	0	5	0	0	0	6	0	2	0	203	0	2	0	3	0	0	246	0	2	8	0	0	11	22	0	0	0	1	5	0	0	0	14	0	0	0	0	0	0	0	0	0	0	0	3	0	2	33	0	0	0	0	0	0	0	18	0	0	0	0	2	0	0	0	0	0	0	0	0	0	0	4	0	0	0	0	0	0	5	0	0	0	20	0	0	2	0	0	0	0	0	0	0	0	0	0	0	0	0	0	0	4	0	0	0	0	0	0	0	2	4	37	2	0	0	0	0	0	0	0	0	0	0	0	0	0	0	0	9	0	9	0	0	0	0	0	14	0	0	0	261	0	34	8	0	0	0	2	0	13	0	0	6	0	0	0	0	0	0	11	0	0	0	0	0	0	0	2	2	0	0	0	0	0	0	0	0	0	0	0	34	0	0	0	0	9	0	0	0	0	0	1	0	0	11	0	0	0	0	0	1	0	0	0	5	48	0	2	3	0	0	1	0	0	35	1	0	0	0	0	3	0	0	0	0	0	0	1	4	0	0	0	5	0	0	0	4	0	0	0	0	0	0	0	0	0	0	0	0	0	13	0	0	0	0	0	0	0	0	0	0	0	0	0	0	0	0	0	0	0	3	0	0	0	0	0	0	0	0	0	0	6
D307	0	0	0	0	0	0	0	0	0	0	2	0	0	0	0	0	0	0	0	0	0	0	0	0	0	0	0	0	0	0	0	0	0	0	0	0	0	0	0	0	0	0	0	0	0	0	0	0	0	0	0	0	0	0	0	0	0	2	0	0	0	0	0	0	0	0	0	0	0	0	0	0	2	0	0	0	0	0	0	0	0	0	0	0	0	0	0	0	0	0	2	0	0	0	0	0	0	0	0	0	0	0	0	0	0	0	0	0	0	2	0	0	0	0	0	3	0	0	0	0	0	0	0	0	0	0	0	0	0	0	0	0	2	0	0	0	0	0	0	0	0	0	0	0	0	0	2	0	0	0	0	0	0	0	0	3	0	0	0	0	0	0	0	0	0	6	0	0	0	0	0	0	0	0	0	0	0	0	0	0	0	0	0	0	0	0	0	0	0	0	0	0	0	3	0	0	3	0	0	0	0	0	0	0	0	0	0	0	0	0	0	0	0	0	0	0	0	0	2	0	0	0	0	0	0	0	0	9	0	0	0	0	0	0	0	0	2	14	0	0	0	0	0	0	0	0	0	0	0	0	0	0	0	0	0	0	0	0	8	0	0	0	0	0	0	0	0	0	89	0	2	0	0	0	0	0	0	0	0	0	0	0	0	0	0	0	0	0	0	0	0	0	0	0	0	0	0	0	0	0	0	0	0	0	0	0	0	0	0	0	0	0	0	0	0	0	0	0	0	0	0	0	0	0	0	0	0	0	0	0	0	0	0	0	0	0	0	0	0	0	0	0	0	0	0	0	0	0	0	0	0	0	7	0	0	0	1	0	0	0	0	0	0	0	0	0	0	0	3	0	0	0	0	0	0	0	0	0	2	0	0	0	0	2	0	0	0	0	0	0	0	0	1	0	0	0	0	0	0	0	0	0	0	0	0	0	0	0	0	0	0	0	0	0	0	0	0	0	0	0	0	0	0	0	0	0	0	0	0	0	0	0	0	0	0	0	0	0	0	0	0	0	0	0	0	0	0	4	0	0	0	0	0	0	0	0	0	0	0	0	0	0	0	0	0	0	0	0	0	0	0	0	2	0	0	0	0	0	0	0	0	0	0	0	0	0	0	0	0	0	0	3	0	0	0	0	0	0	0	0	0	0	0	0	0	0	0	0	0	22	0	0	0	0	1	0	7	0	0	0	0	0	0	0	0	0	2	0	0	0	0	0	0	0	0	0	0	0	0	0	0	0	0	0	0	0	0	0	0	0	3	0	0	0	0	0	0	0	0	0	0	0	0	0	0	0	0	0	0	0	0	0	0	0	0	0	0	0	0	0	104	0	31	0	0	0	0	0	0	0	0	0	0	0	0	0	0	0	0	0	0	1	0	0	0
D308	0	0	0	0	0	0	0	0	0	0	0	0	0	0	0	0	0	0	0	0	0	0	0	0	0	0	0	0	0	0	0	0	0	0	0	0	0	0	0	0	0	0	0	0	0	0	0	0	3	0	0	0	0	0	0	0	0	0	0	0	0	0	0	0	0	0	0	0	0	0	0	0	0	0	0	0	0	0	0	0	0	0	0	0	0	0	0	0	0	0	0	0	0	0	0	0	0	0	0	0	0	0	0	0	0	0	0	0	0	0	0	0	321	0	0	0	0	0	0	5	0	0	0	3	0	0	0	0	0	0	0	0	0	0	0	0	0	0	0	0	0	0	0	0	0	0	0	0	0	0	0	0	0	0	0	0	0	0	0	0	0	0	0	0	0	0	0	0	0	0	0	0	0	0	2	0	0	0	0	0	0	0	0	0	0	0	0	0	0	0	0	0	3	0	0	0	0	0	0	0	0	0	0	0	0	0	0	0	0	0	0	0	0	0	0	0	0	0	0	0	0	0	0	0	2	0	0	0	0	0	0	0	0	0	0	0	0	2	0	0	0	0	0	0	0	18	0	0	0	0	0	0	0	0	0	0	0	0	0	0	0	0	0	0	0	0	0	0	2	0	0	0	0	0	0	0	0	0	0	0	0	0	0	0	0	0	0	0	0	0	3	0	2	0	0	0	0	0	0	0	0	0	0	0	0	0	0	0	0	0	0	0	0	0	0	0	0	0	0	0	0	0	2	0	0	0	0	0	0	0	0	0	0	0	0	0	1	0	0	0	0	0	0	0	0	2	0	0	0	0	3	0	0	0	0	0	0	0	0	3	0	0	0	27	0	0	0	0	0	0	0	0	0	0	0	0	0	0	0	0	0	0	0	0	0	0	0	0	0	0	0	0	0	0	3	0	0	0	0	0	0	0	0	0	0	0	0	0	0	0	0	0	0	0	0	0	0	0	0	0	0	0	0	2	0	0	0	0	0	0	0	0	0	3	0	0	0	0	0	0	0	0	0	0	0	0	0	0	0	0	0	0	0	0	0	0	0	0	0	0	0	0	0	0	0	0	0	0	0	0	0	0	0	0	0	0	0	0	0	0	0	0	0	0	0	0	0	0	0	0	0	0	0	0	0	0	0	0	0	0	0	0	0	0	0	0	0	0	0	0	0	0	0	0	0	0	0	0	0	0	0	0	0	0	0	0	0	0	0	0	0	0	0	0	0	0	0	0	0	0	0	0	0	0	0	0	0	0	0	0	0	0	0	0	0	0	2	0	0	0	0	0	0	0	0	0	0	0	0	0	0	0	0	0	0	0	0	0	0	0	0	0	0	0	0	0	0	0	0	0	0	0	0	0	0	0	0	0	0	0	0	0	0	0	0
D309	0	0	4	41	14	0	0	2	0	20	43	0	6	5	6	3	0	7	26	269	3	1	0	0	0	21	0	8	0	0	0	0	22	0	0	6	228	0	7	0	12	4	6	0	0	38	65	20	0	0	0	3	0	0	0	2	0	8	3	0	4	0	0	0	0	27	0	0	12	0	2	14	2	0	0	0	14	1	0	0	22	48	4	0	72	0	119	1	0	13	0	42	16	1	0	0	0	0	0	0	0	4	1	2	0	0	11	0	43	8	2	0	1	50	0	0	12	292	4	0	0	46	0	0	0	0	0	0	0	3	100	2	0	0	23	1	0	51	0	0	0	0	0	84	76	0	0	0	30	5	0	0	3	0	3	0	7	0	14	0	10	0	32	0	0	5	0	29	0	35	0	0	0	0	0	0	62	123	2	0	2	0	0	25	3	0	0	13	9	0	9	0	0	0	0	0	0	0	11	43	0	11	13	16	0	0	22	10	1	4	26	0	0	0	0	0	25	0	0	0	0	0	14	31	0	0	3	0	6	1	9	21	0	0	0	8	2	0	0	0	0	6	0	21	0	0	0	4	5	0	120	68	8	43	0	0	0	0	25	0	0	8	0	0	0	9	0	76	0	11	0	4	20	0	3	2	0	0	0	0	20	4	9	0	0	64	0	19	2	15	318	0	8	9	0	0	6	0	4	4	0	189	3	0	0	2	7	0	0	0	55	0	0	22	27	4	0	0	0	1	0	0	0	63	0	24	24	0	0	61	32	75	2	0	261	0	0	4	0	0	22	0	0	47	0	17	0	3	0	13	32	0	0	0	0	0	6	0	38	0	7	85	0	31	0	12	0	0	0	0	0	0	0	4	0	0	29	5	0	0	0	0	0	0	0	0	2	16	0	38	2	0	670	0	17	2	0	1	97	10	0	17	15	0	0	0	22	0	0	0	15	28	0	0	0	0	26	0	15	0	5	44	0	0	0	0	4	0	0	9	0	813	13	0	0	0	0	47	1	0	80	0	0	0	8	0	0	0	0	98	0	0	0	0	8	0	6	19	10	0	0	8	0	0	33	0	0	3	8	10	527	0	0	122	0	0	0	0	0	0	0	13	0	8	0	15	0	30	0	1	0	50	71	0	70	0	0	0	3	0	0	0	0	0	0	446	0	0	0	5	8	0	0	29	0	55	0	0	0	36	10	1	0	8	0	50	0	0	0	61	99	145	2	99	0	0	13	0	0	8	0	0	0	0	0	13	0	3	13	0	0	10	47	0	7	0	0	0	0	0	26	8	0	80	0	0	16	0	13	0	175	0	0	0	0	3	16	0	20	0	0	0	0	8	1	0	2	0	4	13	0	65	12	0	2	0	0	2	342	18	0	4	11	0	0
D310	0	0	0	0	0	0	0	0	14004	0	0	0	0	0	9	0	0	0	0	0	0	0	9	0	0	0	0	0	0	0	0	0	0	0	0	0	0	16	0	174	0	0	0	0	0	0	0	0	0	0	0	0	0	0	0	0	0	0	0	0	0	0	0	0	0	0	0	35	0	661	0	0	0	0	0	25	0	0	0	0	0	0	0	0	0	0	0	0	0	97	0	0	0	38	2300	0	0	0	0	0	0	0	0	0	0	0	0	0	0	0	0	0	0	0	0	0	0	0	0	49	16	0	0	0	0	0	0	0	0	0	0	0	0	0	0	0	0	0	0	0	0	0	0	0	0	0	0	0	0	0	37	0	0	0	0	0	0	0	0	0	0	23	0	0	0	0	0	0	0	0	0	0	23	0	0	0	0	0	0	0	0	0	2	0	0	0	0	0	0	18	0	1	0	0	0	0	0	0	0	0	0	0	0	0	0	0	0	0	0	0	0	0	0	0	0	0	0	0	0	22	0	9	0	0	0	0	0	0	0	0	0	0	0	0	0	0	0	0	0	0	10639	0	0	0	0	121	0	0	0	0	0	0	0	0	0	0	0	0	0	0	0	0	0	0	0	0	0	0	0	0	0	0	0	0	0	0	0	0	0	0	0	40	0	0	0	0	0	9	0	0	0	0	0	0	0	0	0	0	48	0	0	0	0	0	0	0	21	0	0	0	0	0	0	0	0	0	0	0	0	0	0	0	0	0	0	0	0	0	0	0	0	0	470	0	0	402	0	0	0	33	0	0	0	0	0	0	0	0	0	0	0	0	0	0	0	0	0	0	0	38	0	0	162	0	0	0	0	0	37	0	0	0	0	0	0	0	0	0	0	0	0	0	0	0	0	0	0	0	0	0	0	0	0	0	0	0	7	0	0	0	0	0	0	0	0	0	0	0	0	0	0	0	0	40	0	0	0	0	0	0	0	0	0	0	0	0	0	4	0	0	0	0	0	0	0	0	0	0	56	0	0	0	0	0	3	23	0	0	0	0	0	0	0	0	0	0	0	0	0	0	0	0	0	0	0	0	10	0	0	0	0	0	0	0	0	0	5	0	0	0	0	0	0	0	0	0	8	0	0	0	0	0	0	0	0	0	0	0	0	0	0	0	0	31	0	0	0	0	0	0	0	0	0	0	0	0	64	0	0	0	0	0	0	7	0	0	0	0	0	0	0	0	0	0	0	0	0	0	0	0	0	0	0	0	7	0	0	0	0	0	0	0	0	0	0	0	0	0	0	142	0	0	0	0	0	0	0	0	0	0	0	0	0	0	0	0	0	0	0	0	0	0	0	0	0	0	0	0	0	0	0	0	0	0	0	0	0	0	0	0	0	0	0	28	0
D311	0	0	0	0	0	0	0	0	0	0	0	0	0	0	0	0	0	0	0	0	0	0	0	0	0	0	0	0	0	0	0	0	0	0	0	0	0	0	0	0	0	0	0	0	0	0	0	0	0	0	0	0	0	0	0	0	0	0	0	0	0	0	0	0	0	0	0	26	0	0	0	0	0	0	0	0	0	0	0	0	0	0	0	0	0	116	0	0	0	0	0	0	0	0	0	0	0	0	0	0	0	0	0	0	0	0	0	0	0	0	0	0	0	0	0	0	0	0	0	0	0	0	0	0	0	0	0	0	0	0	0	0	22	0	0	0	0	0	0	0	0	0	0	0	0	0	0	0	0	0	0	0	0	0	0	0	0	0	0	0	0	0	0	0	0	0	0	0	0	0	0	0	0	0	0	0	0	0	0	0	0	0	1528	0	0	21	0	0	0	0	0	0	0	0	0	0	0	0	0	0	0	0	0	0	0	0	0	0	0	0	0	4	0	0	0	0	0	46	0	0	0	0	0	0	0	0	0	0	0	0	0	0	0	0	0	0	0	0	0	0	0	0	3	0	0	0	0	0	0	0	0	0	0	0	0	30	0	0	0	0	20	0	0	0	0	0	0	0	0	0	0	0	0	0	0	0	0	0	0	0	8	0	0	0	0	0	0	0	0	0	0	0	0	0	0	0	0	0	0	0	0	0	0	0	0	0	0	0	0	0	0	0	0	0	0	0	0	0	0	0	0	0	0	0	0	0	0	0	7	0	0	0	0	0	0	0	0	0	0	2	0	0	0	0	0	3	2621	0	0	0	0	0	0	0	0	0	0	0	0	0	0	0	0	0	0	0	0	0	0	0	0	0	0	0	0	0	0	0	0	13	0	0	0	0	0	0	0	0	0	0	0	0	0	0	0	0	0	0	0	0	0	0	0	0	0	0	0	0	0	0	0	0	0	0	0	0	0	0	0	0	0	0	0	0	0	0	0	0	0	0	0	0	0	0	0	0	0	0	0	0	0	0	0	0	0	0	0	0	0	0	49	109	0	0	0	0	0	0	0	0	0	0	0	0	0	1	0	0	0	0	0	0	0	0	0	0	0	0	0	0	0	0	0	0	0	0	0	0	0	0	0	0	0	0	0	0	0	37	0	0	0	0	0	0	0	0	0	5	0	0	0	0	0	0	0	0	0	0	0	0	0	0	0	0	0	0	0	0	0	0	0	0	0	0	0	0	0	0	0	0	2	0	0	0	0	0	0	0	0	0	0	0	0	0	0	0	0	0	0	247	0	0	0	0	0	1100	0	0	0	0	0	0	0	7	0	0	0	0	0	0	0	0	0	0	0	0	0	0	0	0	0	0	0	0	0	0	0	0	0	0	0	0	0	0	0
D312	0	0	0	0	0	0	0	23	0	23	0	0	55	0	0	4	0	2	0	25	0	0	0	16	0	0	93	0	0	0	298	0	0	0	0	0	459	0	21	0	0	0	0	0	0	0	0	0	24	0	145	0	0	0	0	0	0	0	0	0	0	0	0	0	0	0	0	0	139	0	22	0	6	0	2	0	0	0	33	377	0	0	22	2	0	0	0	9	329	0	104	0	0	1072	0	171	0	0	436	0	0	0	0	11	0	227	0	0	0	0	0	667	0	0	0	0	0	0	0	0	0	0	0	0	0	0	0	0	36	0	0	0	0	0	0	0	0	1633	0	0	0	0	0	0	0	0	247	1970	0	0	2	0	0	0	0	0	4	0	0	0	3	0	0	6	0	6	5	0	0	0	0	0	0	0	0	165	0	9	166	0	0	87	0	0	0	0	171	0	0	0	0	0	0	3829	28	0	0	0	0	0	0	0	0	0	103	0	0	0	0	0	0	0	0	0	0	0	0	0	0	0	0	0	0	0	40	0	33	0	35	0	3	0	54	74	0	0	50	2934	25	0	0	0	0	0	0	0	0	0	0	0	0	0	0	0	54	0	1	0	145	0	0	0	2	7	0	0	0	0	0	0	105	0	0	0	0	0	0	0	0	0	0	2	0	436	3	0	114	0	81	0	20	0	0	0	0	0	0	39	0	0	0	0	8	3	0	0	2	0	0	0	0	0	0	0	5	0	0	0	0	0	1494	0	0	0	0	122	0	0	0	0	0	0	0	0	1	629	0	0	117	3	0	0	0	0	0	2	0	0	5	0	0	0	0	2133	0	0	51	0	152	0	0	0	0	0	0	0	574	0	91	0	0	0	483	0	0	0	1	0	0	0	0	0	34	0	1	0	0	0	0	0	0	0	2	0	16	1	1992	0	144	44	4	0	0	0	239	0	0	0	0	0	0	0	0	0	0	0	0	0	0	0	35	0	0	0	0	0	35	645	0	0	557	0	0	0	0	0	0	0	3021	0	2	18	0	184	22	0	79	3	981	0	0	0	0	0	56	8	0	0	0	0	0	0	12	0	0	0	0	0	0	6	0	0	0	0	330	0	872	89	2469	0	0	0	0	0	0	0	5	0	30	0	0	0	0	0	0	0	0	0	0	26	0	17	0	0	105	0	0	0	0	0	0	0	0	0	0	0	3333	0	0	3	0	0	1627	0	0	0	0	0	0	0	0	5	0	0	0	72	45	0	0	0	0	0	0	0	2	0	358	0	0	0	0	0	67	4188	0	0	0	61	0	0	0	0	0	0	0	0	0	0	0	300	4	0	0	16	0	0	0	0	0	0	0	0	0	0	2	0	0	0	0	0	0	1	0	0	8921	189	7	0	0	0	79	0	0	0	0
D313	0	0	0	0	0	0	0	0	0	0	0	0	0	0	0	0	0	0	0	0	0	0	0	0	0	0	0	0	0	0	0	0	0	0	0	0	0	0	0	0	0	0	0	0	0	0	0	0	0	0	0	0	0	0	0	0	0	0	0	0	0	0	0	0	0	0	0	0	0	0	0	0	0	0	0	0	0	0	0	0	0	0	0	0	0	0	0	0	0	0	0	0	0	0	0	0	0	0	0	0	0	0	0	0	0	0	0	0	0	0	0	0	0	0	0	0	0	0	0	0	0	0	0	0	0	0	0	0	0	0	0	0	0	0	0	0	0	0	0	0	0	0	0	0	0	0	0	0	0	0	118	0	0	0	0	0	0	0	0	0	0	0	0	0	0	0	0	0	0	0	0	0	0	0	0	0	0	0	0	0	0	0	0	0	0	0	0	0	0	0	0	0	955	0	0	0	0	0	0	0	0	0	0	0	0	0	0	0	0	0	0	0	0	0	0	0	0	0	0	0	0	0	0	0	0	0	0	0	0	0	0	0	0	0	0	0	0	0	0	0	0	0	0	0	0	0	0	0	0	0	0	0	0	0	0	0	0	0	0	0	0	0	0	2	0	0	0	0	0	0	0	0	0	0	0	0	0	0	0	0	0	0	0	0	0	0	0	0	0	0	0	0	0	0	0	0	0	0	0	0	0	0	0	0	0	0	16279	0	0	0	0	0	0	0	0	0	0	0	0	0	0	0	0	0	0	0	0	0	0	0	0	0	0	0	0	2	0	0	0	0	0	0	0	0	0	0	0	0	0	0	0	0	0	0	0	0	0	0	0	0	0	0	0	0	0	0	0	0	0	0	0	0	0	0	0	0	0	0	0	0	0	0	0	0	0	0	0	0	0	0	0	0	0	0	0	0	0	0	0	0	0	0	0	0	0	0	0	0	0	0	0	0	0	0	0	0	0	0	0	0	0	0	0	0	0	0	0	0	0	0	0	0	0	0	0	0	0	0	0	0	0	0	0	0	0	0	0	0	0	669	0	0	0	0	0	0	0	0	0	0	0	0	0	0	0	0	0	0	0	0	0	0	0	0	0	0	0	0	0	0	0	0	0	0	0	0	0	0	0	0	0	0	0	0	0	0	0	0	0	0	0	0	0	0	0	0	0	0	0	0	0	0	0	0	0	0	0	0	0	0	0	0	0	0	0	0	0	0	0	0	0	0	0	0	0	0	0	0	0	0	0	0	0	0	0	0	0	0	0	0	0	0	0	0	0	0	0	0	0	0	0	0	0	0	0	0	0	0	0	0	0	0	384	0	0	0	0	0	0	0	0	0	775	0	0	0	0	0	0	0	0	0	0	0	6	0	0	0	0	0	0	0	0	0	0
D314	0	0	0	0	0	0	0	0	0	3	0	0	1	0	0	0	4	25	0	2	0	0	0	0	0	0	0	0	0	0	15	0	0	0	0	0	0	0	0	16	0	0	0	0	0	0	0	0	0	0	0	0	1	9	0	12	0	4	0	2	0	0	0	0	0	0	0	0	0	0	8	0	0	0	0	0	0	3	83	2	0	0	0	0	0	0	2	0	414	0	0	0	0	17	51	0	0	0	8	0	0	0	0	5	0	0	2	6	0	11	4	906	0	0	0	0	0	0	0	0	0	2	0	0	0	0	5	0	21	0	0	0	0	0	0	0	0	1097	0	0	0	0	0	0	0	0	2	0	0	21	0	0	13	0	0	2	0	0	0	0	0	0	0	299	0	0	23	0	0	0	0	0	0	0	0	0	0	0	0	24	6	0	3	0	0	2	0	2	0	0	0	0	34	853	27	0	0	0	3	8	0	12	0	0	0	0	0	0	0	0	0	0	0	0	0	0	0	0	0	0	0	0	0	5	139	0	0	0	0	0	2	0	33	0	3	0	0	0	1	7	2	0	0	0	0	0	0	0	6	0	0	0	0	0	3	0	0	0	2	0	0	0	0	39	0	0	0	0	0	5	0	2	3	0	0	0	0	0	0	0	0	0	0	0	0	0	0	0	0	0	2	0	0	3	0	0	0	0	2	0	0	0	46	11	0	0	3	0	0	0	3	5	0	0	0	0	0	0	0	0	0	0	0	0	0	0	0	0	0	0	0	0	6	0	0	176	9	0	4	0	0	0	0	0	0	0	0	0	0	0	0	0	0	0	0	0	0	0	5	0	2	3	0	0	0	0	2	0	8	0	0	0	13	3	0	0	2	0	0	0	0	4	45	196	1	0	0	7	0	1	0	0	0	0	4	0	1248	0	0	0	8	0	0	0	0	0	0	0	0	2	0	0	0	3563	1	0	0	0	0	0	0	0	0	0	0	0	2	2290	0	4	240	2	0	0	0	0	0	0	625	0	0	196	0	0	7	0	9	0	3	0	0	0	0	0	7	2	0	0	0	0	0	0	0	0	0	0	0	0	0	0	0	0	0	67	0	0	620	3	2055	0	0	0	0	0	0	0	0	2	2	0	0	7	0	0	1	0	0	0	0	0	0	31	0	0	0	0	0	0	1	0	0	0	0	0	0	0	8	0	0	0	0	0	66	0	0	0	0	0	0	0	3	0	0	0	0	12	0	0	0	0	0	0	0	0	0	0	4	0	0	1	0	0	6	558	0	0	0	3904	0	11	0	2	0	3	0	0	0	0	0	0	4	0	0	0	0	2	0	5	0	0	0	33	0	10	0	0	2	2	0	3	0	0	2	0	0	17	17	8	2	0	7	0	0	0	0
D315	0	2	0	0	0	0	0	3	5	0	0	0	0	0	0	0	0	0	0	0	0	0	0	0	0	2	0	0	0	0	0	0	0	0	0	0	0	0	8	204	0	0	0	0	0	0	0	0	0	0	0	0	0	0	0	75	0	0	0	0	0	0	1	0	0	0	0	0	12	0	0	0	0	0	0	1	0	0	0	0	0	0	0	0	0	0	0	0	0	5	0	42	0	0	0	0	0	0	0	0	0	2	0	0	3	0	8	0	0	0	0	0	0	0	0	0	0	0	0	0	0	0	25	0	0	0	0	0	0	0	0	0	42	0	0	0	7	0	0	0	0	0	0	0	0	0	0	0	0	0	0	0	0	0	0	0	0	1	0	0	71	15	0	0	0	0	0	0	0	0	177	0	1	0	0	0	0	0	0	15	0	0	408	0	0	0	0	0	0	77	0	22	0	0	0	0	0	0	0	0	1	0	0	0	0	0	0	0	0	0	0	0	0	0	0	0	0	32	4	0	0	0	0	4	0	0	0	16	0	0	0	0	0	0	0	0	0	0	0	0	0	0	0	0	4	0	0	0	63	0	0	0	0	0	0	0	0	0	21	0	116	0	0	0	0	0	0	0	0	0	0	0	0	0	0	0	0	0	8	0	0	15	0	0	0	0	0	0	0	0	2	0	0	0	0	0	0	0	9	0	0	0	0	0	0	0	0	0	20	0	0	368	0	0	0	0	0	0	0	0	0	0	0	0	3	0	0	0	36	0	0	0	0	0	0	0	5	0	0	75	0	0	0	0	0	144	10	0	0	0	0	2	0	0	0	40	0	0	0	0	22	0	0	0	0	0	0	0	24	3	0	0	0	3	0	0	0	0	0	0	0	0	0	0	0	0	0	0	0	0	0	0	0	0	0	5	0	0	0	0	0	0	2	0	67	0	0	0	0	13	0	0	0	0	0	0	0	0	3	0	0	0	0	0	4	0	0	0	0	0	0	0	5	0	0	0	0	0	0	0	0	0	0	0	14	0	0	0	0	0	0	0	0	0	0	0	0	0	0	0	0	0	0	0	0	7	0	0	0	0	0	0	2	0	0	4	0	0	0	0	0	0	0	0	0	0	3	0	0	0	0	0	0	4	0	0	0	2	0	0	0	0	0	2	0	0	0	12	33	0	0	0	0	0	0	0	0	11	0	0	0	0	0	0	0	0	0	0	0	0	2	0	0	0	0	0	0	0	0	0	48	0	0	19	0	14	0	0	0	1	0	0	1	0	0	0	0	0	0	51	0	0	0	0	0	557	0	0	0	0	1	0	1	0	0	0	0	2	0	0	0	0	56	0	0	0	0	0	0	0	0	0	0	0	0	0	71	0	0	0	0	0	0	0	0
D316	0	0	0	0	0	0	0	0	31	0	0	0	0	0	0	0	0	0	0	0	0	0	0	0	0	0	0	0	0	0	0	0	0	0	0	0	0	0	0	3	0	0	0	0	0	0	0	0	0	0	5	0	0	0	0	1	0	0	0	0	0	0	0	0	0	0	0	0	0	0	6	0	0	0	0	1	0	0	0	0	3	0	5	0	0	0	2	0	1	10	0	0	0	14	3	0	0	0	0	0	0	0	0	0	0	0	0	0	0	0	1	0	0	0	0	0	0	0	0	0	0	0	0	0	0	0	0	0	0	0	0	0	0	0	0	0	0	65	0	0	0	0	0	0	0	0	0	6	0	0	0	0	0	0	0	0	0	0	0	0	0	0	0	0	0	0	0	0	0	0	0	0	2	3	0	0	0	0	0	0	6	0	0	0	2	0	0	0	0	0	0	0	0	6	25	0	0	0	0	0	0	0	0	0	47	0	0	0	0	0	0	0	0	0	0	0	0	0	0	0	0	0	0	17	54	0	0	0	0	0	0	0	0	0	0	0	0	189	0	0	0	0	0	0	0	0	0	0	0	0	0	0	0	0	0	0	0	0	3	0	0	0	0	0	0	0	0	0	0	2	0	0	0	0	0	0	0	0	0	0	0	9	0	0	0	0	0	0	0	0	0	0	0	0	0	0	0	0	2	0	0	0	0	0	0	0	0	5	0	0	0	0	0	0	0	2	0	0	0	0	0	0	0	0	0	0	0	0	0	0	0	0	0	0	0	0	0	0	0	7	0	0	0	0	0	2	0	0	0	0	0	0	0	0	0	0	0	0	1	0	2	0	0	0	0	0	0	0	27	0	0	0	0	0	0	0	0	0	0	0	0	0	0	0	0	0	0	0	0	0	0	0	0	0	0	0	27	0	0	0	0	0	0	0	3	0	0	0	0	0	0	0	0	14	0	0	0	0	0	0	0	0	0	0	0	0	0	0	0	0	0	0	1	0	0	0	0	0	0	0	0	0	0	0	0	0	0	0	0	8	0	0	0	0	0	0	0	0	0	0	0	0	0	0	0	6	0	0	0	0	0	0	0	37	0	0	0	0	10	0	0	0	0	0	0	0	48	0	0	0	0	0	0	0	0	0	0	0	0	6	0	0	0	4	0	0	0	0	0	0	0	0	0	0	0	0	0	0	0	0	0	0	0	0	0	0	0	0	17	0	0	0	0	0	0	0	0	0	0	0	0	0	0	0	0	0	0	0	0	0	0	0	0	0	0	0	0	0	0	0	0	0	0	0	0	0	0	0	0	0	0	0	0	0	5	0	0	0	0	0	0	0	0	0	0	0	0	0	0	0	0	0	0	0	0	0	0	0	0	0	0	0	0	0	0
D317	0	0	53	302	0	13	0	0	0	0	39	0	0	192	0	0	0	0	0	0	0	0	0	0	4	0	0	0	0	0	0	0	407	0	0	0	0	0	0	0	12	22	0	0	0	3	3	0	0	0	1	0	0	0	0	7	34	0	2	0	0	0	0	0	0	101	0	0	2	0	0	0	0	0	58	0	0	0	0	0	0	106	0	0	59	0	96	0	0	13	0	0	93	0	9	0	0	19	0	0	0	0	9	96	6	0	0	0	89	7	0	0	0	0	0	0	0	2	0	0	0	5	0	0	0	0	0	36	0	0	0	0	27	0	63	0	0	0	0	0	0	0	0	0	32	0	0	0	2	0	0	0	0	10	0	0	18	0	0	0	7	67	1	0	0	0	0	0	0	0	0	77	0	9	0	0	7	0	0	0	0	0	5	0	0	0	0	3	4	5	0	8	0	0	0	0	0	0	2	7	0	0	5	0	0	1	4	968	0	34	14	0	0	0	0	0	240	0	0	0	0	0	0	0	0	0	0	2	0	283	0	194	0	0	0	0	0	0	2	0	229	0	0	0	0	0	0	0	0	0	0	0	0	19	0	0	0	0	8	8	0	7	7	8	0	358	0	0	0	0	0	0	0	0	4	0	0	21	0	0	0	0	10	0	0	0	0	4	0	0	69	0	0	0	0	0	2	0	0	58	0	0	0	5	0	6	0	0	0	0	0	0	0	0	0	0	0	72	0	9	0	0	0	0	0	0	2	3	0	0	555	490	18	0	0	0	0	37	2	0	2	0	5	0	0	0	0	9	0	5	3	0	0	0	0	0	0	0	1	0	0	0	0	0	0	98	0	3	0	0	11	2	0	0	382	0	0	0	0	0	0	0	0	0	8	1192	0	7	0	60	0	22	0	0	0	0	0	0	5	0	0	93	0	49	0	0	0	0	689	0	0	0	0	0	0	0	0	0	2	0	0	5	1530	2	2	0	0	0	0	0	0	0	0	0	2	0	11	1	0	0	14	1	5	0	0	0	0	0	0	6	0	2	0	0	0	9	7	0	0	2	0	3	0	0	0	3	0	0	2	0	9	1	0	0	0	3	0	0	0	0	0	0	0	3	0	0	0	0	0	0	0	0	2	2	0	0	0	6	3	0	0	0	0	0	0	1053	0	0	0	4	0	66	0	0	0	2	0	0	0	26	70	2	0	2	96	14	0	0	0	0	90	0	0	0	9	0	0	0	0	0	0	12	0	4	0	0	0	0	0	5	0	0	3	0	2	5	7	0	0	0	0	3	0	374	0	0	11	0	5	0	5	0	0	0	0	0	0	0	4	0	6	0	334	0	0	0	0	0	447	1	0	0	10	0	0	0	0	0	26	0	19	0	7	11	0
D318	0	0	0	0	0	66	0	0	19	0	0	0	0	0	0	0	0	0	0	0	0	0	0	0	8	0	0	0	198	0	0	0	0	0	0	0	0	0	0	0	0	0	0	0	17	0	0	0	0	0	0	0	0	0	0	0	0	0	0	0	0	122	0	0	0	0	0	2	0	43	0	0	0	0	0	22	0	0	0	0	0	0	0	0	0	0	0	0	0	0	0	0	0	0	0	0	0	0	0	0	0	0	0	0	0	0	0	0	0	0	0	0	0	0	734	0	0	0	0	1120	19	0	17	0	316	152	0	0	0	0	0	0	0	27	0	0	0	0	0	0	412	0	0	0	0	51	0	0	0	0	18	36	0	0	0	0	0	0	0	0	0	0	0	0	36	0	0	0	0	0	0	0	22	0	25	0	0	0	0	0	0	0	0	0	0	0	0	0	0	0	0	0	189	0	0	0	8	0	0	0	0	0	0	0	0	0	0	0	0	0	0	0	0	0	0	0	0	0	0	13718	60	0	0	0	0	0	0	0	0	15	0	0	0	0	0	0	0	0	0	0	27	0	0	0	2	18	2	0	0	25	0	0	0	0	0	0	0	0	0	0	0	0	4705	0	0	0	78	0	0	0	0	0	0	0	0	0	0	0	0	62	0	0	0	0	36	0	0	0	0	0	0	0	17	0	0	0	0	0	0	0	0	0	0	0	0	0	34	0	0	0	0	0	10	0	0	0	91	0	0	0	0	0	0	0	6	0	0	0	0	0	0	0	0	0	0	0	0	0	0	0	0	0	0	0	0	0	21	0	0	0	0	0	0	0	267	0	0	0	0	85	0	0	185	0	0	0	0	0	0	0	0	0	0	0	0	0	0	0	339	0	0	0	0	0	129	0	0	0	0	0	0	0	0	317	0	0	0	24	0	0	0	0	0	0	0	0	0	211	0	0	0	0	0	0	0	0	0	0	0	0	0	0	0	0	0	0	0	0	0	0	0	0	0	30	12	0	0	0	0	0	0	0	0	0	0	0	0	0	0	6	0	16	0	125	0	0	0	0	0	0	132	0	0	0	0	0	0	0	0	0	0	0	8	0	0	0	0	0	0	0	0	0	368	0	0	0	0	0	0	0	0	0	0	0	0	0	0	0	0	0	0	0	131	0	0	0	0	0	0	0	0	0	0	0	0	0	0	0	40	0	0	0	0	8	0	0	177	9	159	0	0	0	0	0	0	0	0	0	245	0	0	0	0	0	1	0	0	0	0	0	0	0	0	0	0	0	0	0	0	0	0	0	0	0	120	0	0	0	0	0	0	0	78	1	36	0	0	0	0	0	0	0	0	0	0	0	0	0	0	0	0	0	0	293	0	0	0	0	0	0	0	0	0	0	0
D319	0	6	48	9	0	0	0	0	0	16	0	0	0	112	0	0	0	13	0	66	4	0	0	0	0	0	0	2	0	1	0	0	106	0	0	1	142	0	0	0	0	0	17	0	0	0	101	0	59	0	65	21	0	30	0	23	204	0	4	0	36	0	0	0	10	21	0	0	58	0	0	0	0	0	0	0	0	1	0	0	4	99	0	2	0	0	0	0	0	0	2	0	29	0	0	0	0	0	0	0	2	1	0	0	0	0	0	3	4	0	74	0	0	1	0	0	0	262	10	0	0	0	5	0	0	0	0	3	0	0	0	0	0	0	0	0	0	0	0	0	0	0	0	7	41	0	0	0	1	8	0	0	0	0	4	0	17	0	0	0	0	0	10	0	0	0	0	0	3	13	15	0	0	16	0	0	0	0	0	0	10	0	10	0	13	0	0	4	7	71	28	0	0	0	0	0	2	0	43	22	0	11	3	7	0	1	38	30	0	61	0	0	0	0	0	0	0	0	0	0	0	0	2	0	0	0	0	5	36	4	0	77	0	0	0	4	0	0	8	0	0	5	0	0	0	0	0	0	0	0	10	0	1	284	0	0	0	0	5	0	0	14	0	0	0	0	1	0	0	0	0	0	0	0	0	0	0	25	5	0	0	4	7	0	0	8	0	0	0	0	288	0	0	0	1	0	0	0	83	7	0	0	23	0	0	3	27	0	0	0	43	4	0	0	78	7	0	59	0	24	0	0	4	4	0	6	0	8	0	0	312	0	58	2	37	5	0	0	1	0	0	7	0	0	2	0	0	0	0	8	25	1	0	0	0	0	0	0	7	0	0	0	0	0	0	0	0	0	0	0	19	2	3	0	55	0	0	15	0	0	0	0	0	0	0	40	1	4	0	0	0	0	0	0	0	0	0	0	0	0	0	0	1	59	0	0	0	0	0	0	3	20	0	0	0	0	12	0	8	0	0	0	0	2	0	0	0	0	0	0	0	0	0	0	0	0	9	25	0	16	49	0	0	0	0	0	0	0	0	0	0	0	0	0	2	0	2	0	0	0	0	2	0	0	4	12	0	2	0	0	184	0	1	63	0	0	0	0	0	0	7	0	0	2	0	5	0	50	0	0	0	223	0	0	0	8	0	0	21	0	0	0	0	29	0	184	0	0	0	10	25	4	0	0	0	113	0	0	0	11	9	0	0	0	0	5	0	0	46	18	88	12	0	0	2	0	0	0	0	0	0	0	0	0	0	0	3	0	6	12	0	0	83	0	4	0	0	0	0	0	0	9	0	210	0	0	21	0	0	0	97	0	2	9	0	0	2	0	0	0	0	2	49	0	0	0	0	0	8	0	0	2	0	0	0	0	0	0	45	0	0	0	4	25	0
D320	0	0	0	0	0	0	0	0	0	0	0	0	0	0	0	0	0	0	0	0	0	0	3	0	0	0	0	0	0	0	0	0	0	0	0	0	0	0	0	24	0	0	0	0	0	0	0	0	0	0	0	0	0	0	0	0	0	0	0	0	0	0	0	0	0	0	0	0	0	0	0	0	0	0	0	36	0	0	0	0	0	0	0	0	0	0	0	0	0	0	0	0	0	0	0	0	0	0	0	0	0	0	0	0	0	0	0	0	0	0	0	0	0	0	0	0	0	0	0	0	0	0	42	0	0	0	0	0	0	0	0	0	0	0	0	0	0	0	0	0	0	0	0	0	0	0	0	0	0	0	0	0	0	0	0	0	0	0	0	2	0	0	0	0	0	0	0	0	0	0	0	0	0	0	0	0	0	0	0	0	0	0	58	0	0	0	0	0	0	15	0	0	0	0	0	0	0	0	0	0	0	0	0	0	0	0	0	0	0	0	0	0	0	0	0	0	0	0	0	0	0	0	0	0	0	0	0	9	0	0	0	0	0	0	0	0	0	0	0	0	0	0	0	0	0	0	0	0	0	0	0	0	0	0	0	0	0	0	0	0	0	0	0	0	0	0	0	0	0	0	0	0	0	0	0	0	0	0	2	0	0	0	0	0	0	0	0	0	0	0	0	0	0	0	0	0	0	0	0	0	13	0	0	0	0	0	0	0	0	0	0	0	0	0	0	0	0	0	0	0	0	0	0	0	0	0	0	0	0	0	0	0	173	0	0	0	0	0	0	4	0	0	0	0	0	0	0	0	0	0	0	0	0	0	0	0	0	0	0	0	0	0	0	0	0	0	0	0	0	0	0	0	0	0	0	0	0	0	0	65	0	0	0	0	0	0	0	0	0	0	0	0	0	0	0	0	0	0	0	0	0	0	0	0	0	0	0	0	0	0	0	0	0	0	0	0	0	0	0	0	0	0	0	0	0	0	0	0	0	0	0	0	0	0	0	0	0	0	0	0	0	0	0	0	0	0	0	0	0	0	1520	2009	0	0	0	0	0	0	0	0	0	0	0	2	0	282	0	0	0	0	0	0	0	0	0	0	0	0	0	0	0	0	0	0	0	0	0	0	0	0	0	0	0	2	0	0	0	452	0	0	0	0	0	0	0	0	0	0	0	0	0	0	0	0	0	0	0	125	0	0	0	0	0	0	0	0	1387	0	0	0	0	0	0	0	0	0	0	0	0	0	0	0	0	3	0	0	0	0	0	0	0	0	0	0	0	0	0	0	0	0	0	0	0	0	0	0	0	0	0	0	0	0	0	0	0	0	0	0	0	0	0	0	4011	0	0	0	0	0	0	0	0	0	0	0	0	0	0	0	0	0	0	0	0	221	0
D321	0	0	0	0	0	177	0	0	25	0	0	0	0	0	0	0	0	0	0	0	0	0	23	0	0	0	0	0	0	0	0	0	0	0	0	0	0	0	0	0	0	0	0	0	0	0	0	0	0	2	0	0	0	0	37	3	0	0	0	0	0	0	0	0	0	0	0	0	0	0	0	0	0	0	0	10	0	0	0	0	0	0	0	0	0	0	0	0	0	0	0	0	0	0	25	0	0	0	0	0	0	0	0	0	0	0	0	0	0	0	0	0	0	0	1039	0	0	0	0	1276	256	0	0	0	487	0	0	0	0	0	0	0	0	0	0	0	0	0	0	4	444	0	0	0	0	0	0	0	0	0	59	65	0	0	0	0	0	0	0	0	0	7	0	0	199	0	0	0	0	0	0	0	38	0	508	0	0	0	0	0	0	0	0	0	0	0	0	0	0	0	0	0	149	0	0	0	0	0	0	0	0	0	0	0	0	0	0	0	0	0	0	0	0	0	0	0	0	0	0	164	296	0	0	0	0	0	0	0	0	0	0	0	0	0	0	0	0	0	0	0	0	0	0	0	0	0	0	0	0	27	0	0	0	0	0	0	0	0	0	0	0	0	3081	0	0	0	486	0	0	0	0	0	0	0	0	0	0	0	0	0	0	0	0	0	0	0	0	0	0	0	0	155	0	0	0	0	0	0	0	0	0	0	0	0	0	0	0	0	0	0	0	0	24	0	0	0	0	0	0	0	0	3	0	0	0	0	0	0	0	0	0	0	375	0	0	0	0	0	0	0	0	0	0	0	0	0	40	0	0	0	0	0	0	0	0	0	0	0	0	0	0	0	0	0	0	0	0	0	0	0	0	0	0	0	0	0	0	0	11	0	0	0	0	0	0	0	0	0	0	0	0	0	0	45	0	0	0	0	0	0	0	0	0	0	0	0	0	148	0	0	0	0	0	0	0	0	12	0	0	0	0	0	0	0	0	0	0	0	0	0	0	0	0	0	0	3	0	0	0	0	2	0	0	0	0	0	0	0	0	30	27	82	0	0	0	0	0	0	0	0	0	0	0	0	0	0	0	0	0	0	0	0	0	20	0	0	0	0	0	0	0	0	254	0	0	0	0	0	0	0	0	0	0	0	43	0	0	0	0	0	0	0	0	0	0	0	0	0	0	0	0	0	0	0	0	0	0	0	0	0	0	0	0	36	0	0	0	0	135	0	0	0	0	0	0	0	0	0	103	0	0	0	0	0	0	0	0	0	0	0	0	0	0	0	0	0	0	0	0	0	0	0	0	0	0	0	0	0	0	0	0	0	0	0	0	0	0	0	0	0	0	0	23	0	0	0	0	0	0	0	0	0	0	0	0	0	0	0	0	0	0	0	0	308	0
D322	0	0	0	0	0	0	0	0	0	0	0	0	0	0	0	0	0	0	0	0	0	0	0	0	0	0	0	0	0	0	0	0	0	0	0	0	0	0	0	0	0	0	0	0	0	0	0	0	0	0	0	0	0	0	0	0	0	0	0	0	0	0	0	0	0	0	0	0	0	0	0	0	0	0	0	0	0	0	0	0	0	0	0	0	0	0	0	0	0	0	0	0	0	0	0	0	0	0	0	0	0	0	0	0	0	0	0	0	0	0	0	0	0	0	0	0	0	0	0	0	0	0	0	0	0	0	0	0	0	0	0	0	0	0	0	0	0	0	0	0	0	0	0	0	0	0	0	0	0	0	0	0	0	0	0	0	0	0	0	0	0	0	0	0	0	0	0	0	0	0	0	0	0	0	0	0	0	0	0	0	0	0	0	0	0	0	0	0	0	0	0	0	0	0	0	0	0	0	0	0	0	0	0	0	0	0	0	0	0	0	0	0	0	0	0	0	0	0	0	3	0	0	0	0	0	0	0	21	0	0	0	0	0	0	0	0	0	0	0	0	0	0	0	0	0	0	0	0	0	0	0	0	0	0	0	0	0	0	0	0	0	0	5	0	0	0	0	0	0	0	0	0	0	0	0	0	0	0	0	0	0	0	0	0	0	0	0	0	0	0	0	0	0	0	0	0	0	0	0	0	0	0	0	0	0	0	0	0	0	0	0	0	0	0	0	0	0	0	0	0	0	0	0	0	0	0	0	0	0	0	0	0	0	0	0	0	0	0	0	0	0	0	0	0	0	0	0	0	0	0	0	0	0	0	0	0	0	0	0	0	0	0	0	0	0	0	0	0	0	0	20	0	0	0	0	0	0	0	0	0	0	0	0	0	0	0	0	0	0	0	0	0	0	0	0	0	0	0	0	0	0	0	0	0	0	0	0	0	0	0	0	0	0	0	0	0	0	0	0	0	0	0	0	0	0	0	0	0	0	0	0	0	0	0	0	0	0	0	0	0	0	0	0	0	0	0	0	0	0	0	0	0	0	0	0	0	0	0	0	0	0	0	0	0	0	0	0	0	0	0	0	0	0	0	0	0	0	0	0	0	0	0	0	0	0	0	0	0	0	0	0	0	0	0	0	0	0	0	0	0	0	0	0	0	0	0	0	0	0	0	0	0	0	0	0	0	0	0	0	0	0	0	0	0	0	0	0	0	0	0	0	0	0	0	0	0	0	0	0	0	0	0	0	0	0	0	0	0	0	0	0	0	0	0	0	0	0	0	0	0	0	0	0	0	0	0	0	0	0	0	0	0	0	0	0	0	0	0	0	0	0	0	0	0	0	0	0	0	0	0	0	0	0	0	0	0	0	0	0	0	0	0	0	0	0
D323	0	0	8	0	0	0	0	0	0	0	0	0	0	0	0	0	0	0	0	0	0	0	0	0	0	0	3	0	0	0	0	0	0	0	0	0	0	0	0	0	0	0	0	0	0	0	0	0	0	0	0	0	0	0	0	0	2045	0	0	0	0	0	0	0	0	0	0	0	0	0	0	0	0	0	0	0	0	0	0	0	0	0	0	0	0	0	0	0	0	0	0	0	0	0	0	0	0	0	0	0	0	0	0	0	0	0	0	0	0	0	0	0	0	0	0	0	0	0	0	0	0	0	0	0	0	0	0	0	0	0	0	13	0	0	0	0	0	0	0	0	0	1	0	0	0	0	0	0	0	0	0	0	0	0	0	0	0	0	2	0	0	0	0	0	0	0	0	0	0	0	0	0	232	0	0	0	0	0	0	0	0	0	0	0	0	0	0	0	0	209	0	0	0	0	0	0	0	0	0	2	0	0	0	0	0	0	0	0	0	0	0	0	0	0	0	0	0	0	0	0	0	0	0	0	0	0	0	0	0	0	0	0	0	0	0	0	0	0	0	0	0	0	0	0	0	0	0	0	0	0	0	0	0	0	0	0	0	0	0	0	0	0	4	0	0	0	0	0	0	0	0	0	0	0	0	0	0	0	0	0	0	0	0	0	0	0	0	0	0	0	45	0	0	0	0	0	0	0	0	0	0	1	0	0	0	0	13	0	0	0	0	0	0	0	0	0	0	0	0	0	0	0	3	0	0	0	0	0	0	0	0	0	0	0	0	0	18	0	0	0	3	0	0	0	0	0	0	0	0	0	0	0	0	0	0	0	0	0	0	0	0	0	0	0	0	0	0	0	0	0	0	0	0	0	0	0	0	0	0	0	0	0	0	0	0	0	0	0	0	0	0	0	0	0	0	0	0	0	0	0	2	0	0	0	0	0	0	0	0	0	0	0	0	0	0	0	0	0	0	0	0	0	0	0	0	0	0	0	0	0	0	0	0	0	0	0	0	0	0	0	0	0	0	0	0	0	0	0	0	0	0	0	0	0	0	0	0	0	0	0	0	0	0	0	0	0	0	0	0	0	0	0	0	0	0	0	0	0	0	0	0	0	0	0	0	0	0	0	0	0	0	0	0	0	0	0	0	0	2	2	0	0	0	0	0	0	0	0	0	0	0	0	0	0	0	0	0	2	0	0	4	0	0	0	0	0	0	0	0	0	0	0	0	0	0	0	0	0	0	0	0	0	0	0	0	0	0	0	0	0	0	0	0	0	0	0	0	0	0	0	0	0	0	0	0	0	0	0	0	0	0	0	0	0	0	0	0	0	0	0	0	11	84	0	0	0	0	0	0	0	0	0	0	0	0	0	0	0	0	0	0	0	0	12	0
D324	0	0	0	0	0	0	0	0	0	0	0	0	0	0	0	0	0	0	0	0	0	0	0	0	0	0	0	0	0	0	0	0	0	0	0	0	0	0	0	0	0	0	0	0	0	0	0	0	0	0	0	0	0	0	1	0	0	0	0	0	0	0	0	0	0	0	0	0	0	0	0	0	0	0	0	0	0	0	0	0	0	0	0	0	0	0	0	0	0	0	0	0	0	0	0	0	0	0	0	0	0	0	0	0	0	0	0	0	0	0	0	0	0	0	0	0	0	0	0	13	0	0	0	0	0	0	0	0	0	0	0	0	0	0	0	0	0	0	0	0	0	0	0	0	0	0	0	0	0	0	0	0	0	0	0	0	0	0	0	0	0	0	0	0	0	0	0	0	0	0	0	0	7	0	0	0	0	0	0	0	0	0	0	0	0	0	0	0	0	0	0	0	0	0	0	0	0	0	0	0	11	0	0	0	0	0	0	0	0	0	0	0	0	0	0	0	0	0	0	0	0	0	0	0	0	0	0	0	0	0	0	0	0	0	0	0	0	0	0	0	0	0	0	0	0	0	0	0	0	0	0	0	0	0	0	0	0	0	0	0	0	0	0	0	0	0	24	0	0	0	0	0	0	0	0	0	0	0	0	0	0	0	0	0	0	0	0	0	0	0	0	0	0	0	0	0	0	0	0	0	0	0	0	0	0	0	0	0	0	0	0	0	0	0	0	0	0	0	0	0	0	0	0	0	0	0	0	0	0	0	0	0	0	0	0	0	0	0	0	0	0	0	0	0	0	0	0	0	0	0	0	0	0	0	0	0	0	0	0	0	0	0	0	0	0	0	0	0	0	30	0	0	0	0	0	0	0	0	2	0	0	0	0	0	0	0	0	0	0	0	0	0	0	0	0	0	0	0	0	0	0	0	0	0	0	0	0	0	0	0	0	0	0	0	0	0	0	0	0	0	0	0	0	0	0	0	0	0	0	0	0	0	0	0	0	40	0	0	0	0	0	0	0	0	0	0	0	0	0	0	0	0	0	0	0	0	0	0	17	4	0	0	0	0	0	15	0	0	0	0	0	0	0	0	0	0	0	0	0	0	0	0	0	0	0	0	0	0	0	0	0	0	0	0	0	0	0	0	0	0	0	0	0	0	0	0	0	0	0	0	0	0	0	0	0	0	0	0	0	0	0	0	0	0	0	0	0	0	0	0	0	0	0	0	0	0	0	0	0	0	0	0	0	0	0	0	0	0	0	0	0	0	0	0	0	0	0	0	0	0	0	0	0	0	0	0	0	0	0	0	0	0	0	0	0	0	0	0	0	0	0	0	0	0	0	0	0	0	0	0	0	0	0	0	0	0	0	0	0	0	0	0	0	0	0
D325	0	0	0	0	0	0	0	0	0	0	0	0	0	0	0	0	0	0	0	0	0	0	0	0	0	0	0	0	0	0	0	0	0	0	0	0	0	0	0	0	0	0	0	0	0	0	0	0	0	0	0	0	0	0	0	0	0	0	0	0	0	0	0	0	0	0	0	0	0	0	0	0	0	0	0	0	0	0	0	0	0	0	0	0	0	0	0	0	0	0	0	0	0	0	0	0	0	0	0	0	0	0	0	0	0	0	0	0	0	0	0	0	0	0	0	0	0	0	0	4	0	0	3	0	17	0	0	0	0	0	0	0	0	0	0	0	0	0	0	0	0	0	0	0	0	0	0	0	0	0	0	0	0	0	0	0	0	0	0	0	0	1	0	0	0	0	0	0	0	0	0	0	0	0	0	0	0	0	0	0	0	0	0	0	0	0	0	0	0	0	0	0	4	0	0	0	0	0	0	0	0	0	0	0	0	0	0	0	0	0	0	0	0	0	0	0	0	0	0	0	0	0	0	0	0	0	0	0	0	0	0	0	0	0	0	0	0	0	0	0	0	0	0	0	0	0	0	0	0	0	0	0	0	0	0	0	0	0	0	0	0	0	62	0	0	0	0	0	0	0	0	0	0	0	0	0	0	0	0	0	0	0	0	0	0	0	0	0	0	0	0	0	0	0	0	0	0	0	0	0	0	0	0	0	0	0	0	0	0	0	0	0	0	0	0	0	0	0	0	0	0	0	0	0	11	0	0	0	0	0	0	0	0	0	0	0	0	0	0	0	0	0	0	0	0	0	0	0	0	0	0	0	0	0	0	0	0	0	0	0	0	0	0	0	0	0	0	0	0	0	0	0	0	0	0	0	0	0	0	0	0	0	0	0	0	0	0	0	0	0	0	0	0	0	0	0	0	0	0	0	0	0	0	0	0	0	0	0	0	0	0	0	0	0	0	0	0	0	0	0	0	0	0	0	0	0	0	0	0	0	0	0	0	0	0	0	0	0	0	0	0	0	0	0	0	0	0	0	0	0	0	0	0	0	0	0	0	0	0	0	0	0	0	0	0	0	0	0	0	0	0	0	0	0	0	0	0	0	0	0	0	0	0	0	0	0	0	0	0	0	0	0	0	0	0	0	0	0	0	0	0	0	0	0	0	0	0	0	0	0	0	0	0	0	0	0	0	0	0	0	0	0	0	0	0	0	0	0	143	0	0	0	0	0	0	0	0	0	0	0	0	0	0	0	0	0	0	0	0	0	0	0	0	0	0	0	0	0	0	0	0	0	0	0	0	0	0	0	0	0	0	0	0	0	0	0	0	0	0	0	0	0	0	0	0	0	0	0	0	0	0	0	0	0	0	0	0	0	0	0	0	0	0	0	0
D326	0	0	0	0	0	0	0	0	141	0	0	0	0	0	0	0	0	0	0	0	0	0	0	0	6	0	0	0	0	0	0	0	0	0	0	0	0	0	0	0	0	0	0	0	0	0	0	0	0	0	0	0	0	0	0	0	0	0	0	0	0	0	0	0	0	0	0	0	0	0	0	0	0	0	0	0	0	0	0	0	0	0	0	0	0	0	0	0	0	0	0	0	0	0	83	0	0	0	0	0	0	0	0	0	0	0	0	0	0	0	0	0	0	0	0	0	0	0	0	0	0	0	0	0	0	0	0	0	0	0	0	0	0	0	0	0	0	0	0	0	0	0	0	0	0	0	0	0	0	0	45	0	0	0	0	0	0	0	0	0	0	0	0	0	0	0	0	0	0	0	0	0	0	0	0	0	0	0	0	0	0	0	0	0	0	0	0	0	0	0	0	0	0	0	0	0	0	0	0	0	0	0	0	0	0	0	0	0	0	0	0	0	0	0	0	0	0	0	0	0	84	0	0	0	0	0	0	0	0	0	0	0	0	0	0	0	0	0	0	0	0	0	0	0	0	0	0	0	0	0	0	0	0	0	0	0	0	0	0	0	0	0	12	0	0	0	0	0	0	0	0	0	0	0	0	0	0	0	0	0	0	0	0	0	0	0	0	0	0	0	0	0	0	0	0	0	0	0	0	0	0	0	0	0	0	0	0	0	0	0	0	0	0	0	0	0	0	0	0	0	0	0	0	0	0	0	0	0	0	0	0	0	0	0	0	0	0	0	0	0	0	0	0	0	0	0	0	0	0	0	0	0	0	0	0	0	0	0	0	0	0	0	0	0	0	0	0	0	0	0	0	0	0	0	0	0	0	0	0	0	0	0	0	0	67	0	0	0	0	0	0	0	0	0	0	0	0	0	0	0	0	0	0	0	0	0	0	0	0	0	0	0	0	0	0	0	0	0	0	0	0	0	0	0	0	0	0	0	0	0	0	0	0	0	0	0	0	0	0	0	0	0	0	0	0	0	0	0	0	0	0	1155	0	0	0	0	0	0	0	0	0	0	0	0	0	0	0	0	0	0	0	0	0	0	0	0	0	0	0	0	0	0	0	0	0	0	0	0	0	0	0	0	0	0	0	0	0	0	0	0	79	0	0	0	0	0	0	0	0	0	0	0	0	0	0	0	0	0	0	0	0	0	0	0	0	0	0	0	0	0	0	0	0	0	0	0	0	0	0	0	0	0	0	0	0	0	0	0	0	0	0	0	0	0	0	0	0	0	0	0	0	0	0	0	0	0	0	0	0	0	0	0	0	0	0	0	0	0	0	0	0	0	0	0	0	0	0	0	0	0	0	0	0	0	0	0	0	0	0	0	0	0	0	0	0
D327	0	0	0	0	0	0	0	0	0	0	0	0	0	0	0	0	0	0	0	0	0	0	0	0	0	0	0	0	0	0	0	0	0	0	0	0	0	0	0	0	0	0	0	0	0	0	0	0	0	0	0	0	0	0	0	0	0	0	0	0	0	0	0	0	0	0	0	0	0	0	0	0	0	0	0	0	0	0	0	0	0	0	0	0	0	0	0	0	0	0	0	0	0	0	0	0	0	0	0	0	0	0	0	0	0	0	0	0	0	0	0	0	0	0	0	0	0	0	0	0	0	0	0	0	0	0	0	0	0	0	0	0	0	0	0	0	0	0	0	0	0	0	0	0	0	0	0	0	0	0	0	0	0	0	0	0	0	0	0	0	0	0	0	0	0	0	0	0	0	0	0	0	0	0	0	0	0	0	0	0	0	0	0	0	0	0	0	0	0	0	0	0	0	0	0	0	0	0	0	0	0	0	0	0	0	0	0	0	0	0	0	0	0	0	0	0	0	0	0	0	0	0	0	0	0	0	0	0	0	0	0	0	0	0	0	0	0	0	0	0	0	0	0	0	0	0	0	0	0	0	0	0	0	0	0	0	0	0	0	0	0	0	0	0	0	0	0	0	0	0	0	0	0	0	0	0	0	0	0	0	0	0	0	0	0	0	0	0	0	0	0	0	0	0	0	0	0	0	0	0	0	0	0	0	0	0	0	0	0	0	0	0	0	0	0	0	0	0	0	0	0	0	0	0	0	0	0	0	0	0	0	0	0	0	0	0	0	0	0	0	0	0	0	0	0	0	0	0	0	0	0	0	0	0	0	0	0	0	0	0	0	0	0	0	0	0	0	0	0	0	0	0	0	0	0	0	0	0	0	0	0	0	0	0	0	0	0	0	0	0	0	0	0	0	0	0	0	0	0	0	0	0	0	0	0	0	0	0	0	0	0	0	0	0	0	0	0	0	0	0	0	0	0	0	0	0	0	0	0	0	0	0	0	0	0	0	0	0	0	0	0	0	0	0	0	0	0	0	0	0	0	0	0	0	0	0	0	0	0	0	0	0	0	0	0	0	0	0	0	0	0	0	0	0	0	0	0	0	0	0	0	0	0	0	0	0	0	0	0	0	0	0	0	0	0	0	0	0	0	0	0	0	0	0	0	0	0	0	0	0	0	0	0	0	0	0	0	0	0	0	0	0	0	0	0	0	0	0	0	0	0	0	0	0	0	0	0	0	0	0	0	0	0	0	0	0	0	0	0	0	0	0	0	0	0	0	0	0	0	0	0	0	0	0	0	0	0	0	0	0	0	0	0	0	0	0	0	0	0	0	0	0	0	0	0	0	0	0	0	0	0	0	0	0	0	0	0	0	0	0	0	0	0	0	0
D328	0	0	0	0	0	0	0	0	0	0	0	0	0	0	0	0	0	6	0	0	0	0	0	0	0	0	0	0	0	0	0	0	0	0	0	0	0	0	0	0	0	0	0	0	0	0	0	0	0	0	0	0	0	0	0	0	0	0	0	0	0	0	0	0	0	0	0	0	0	0	0	0	0	0	0	0	0	0	0	0	0	0	0	0	0	0	0	0	0	0	0	0	0	0	0	0	0	0	0	0	0	0	0	0	0	0	0	0	0	0	0	0	0	0	0	0	0	0	0	0	0	0	0	0	0	0	0	0	0	0	0	0	0	0	0	0	0	0	0	0	0	0	0	0	0	0	0	0	0	0	0	0	0	0	0	0	0	0	0	0	0	0	0	0	0	0	0	0	0	0	0	0	0	0	0	0	0	0	0	0	0	0	0	0	0	0	0	0	0	0	0	0	0	0	0	0	0	0	0	0	0	0	0	0	0	0	0	0	0	0	0	0	0	0	0	0	0	0	0	0	0	0	0	0	0	0	0	0	0	0	0	0	0	0	0	0	0	0	0	0	0	0	0	0	0	0	0	0	0	0	0	0	0	0	0	0	0	0	0	0	0	0	0	0	0	0	0	0	0	0	0	0	0	0	0	0	0	0	0	0	0	0	0	0	0	0	0	0	0	0	0	0	0	0	0	0	0	0	0	0	0	0	0	0	0	0	0	0	0	0	0	0	0	0	0	0	0	0	0	0	0	0	0	0	0	0	0	0	0	0	0	0	0	0	0	0	0	0	0	0	0	0	0	0	0	0	0	0	0	0	0	0	0	0	0	3	0	0	0	0	0	0	0	0	0	0	0	0	0	0	0	0	0	0	0	0	0	0	0	0	0	0	0	0	0	0	0	0	0	0	0	0	0	0	0	0	0	0	0	0	0	0	0	0	0	0	0	0	0	0	0	0	0	0	0	0	0	0	0	0	0	0	0	0	0	0	0	0	0	0	0	0	0	0	0	0	0	0	0	0	0	0	0	0	0	0	0	0	0	0	0	0	0	0	0	0	0	0	0	0	0	0	0	0	0	0	0	0	0	0	0	0	0	0	0	0	0	0	0	0	0	0	0	0	0	0	0	0	0	0	0	0	0	0	0	0	0	0	0	0	0	0	0	0	0	0	0	0	0	0	0	0	0	0	0	0	0	0	0	0	0	0	0	0	0	0	0	0	0	0	0	0	0	0	0	0	0	0	0	0	0	0	0	0	0	0	0	0	0	0	0	0	0	0	0	0	0	0	0	0	0	0	0	0	0	0	0	0	0	0	0	0	0	0	0	0	0	0	0	0	0	0	0	0	0	0	0	0	0	0	0	0	0	0	0	0	0	0	0	0	0	0	0	0	0
