"","otu643","otu2411","otu2824","otu3200","otu3914","otu3990","otu4298","otu4389","otu5031","otu5199","otu5301","otu5854","otu6411","otu6486","otu6720","otu6834","otu7142","otu8351","otu9874","otu10651","otu10990","otu13504","otu13674","otu14493","otu15474","otu16260","otu16518","otu16641","otu16643","otu17070","otu17862","otu19492","otu19728","otu20066","otu20120","otu20321","otu21063","otu21474","otu22058","otu22968","otu22980","otu22981","otu23062","otu23328","otu24141","otu24274","otu24353","otu24528","otu24642","otu25654","otu25983","otu27943","otu29183","otu29192","otu31413","otu32501","otu33780","otu34128","otu34816","otu35825","otu36139","otu36430","otu36535","otu36538","otu38090","otu38199","otu38625","otu39577","otu40576","otu40699","otu40932","otu42549","otu42763","otu43678","otu43787","otu43895","otu44558","otu45484","otu45911","otu45913","otu46031","otu46075","otu46143","otu47403","otu48046","otu50291","otu50877","otu51779","otu52804","otu53020","otu53612","otu53613","otu53868","otu54094","otu54454","otu54664","otu55336","otu55465","otu55649","otu55654","otu56002","otu56079","otu56423","otu57594","otu57638","otu57830","otu58736","otu60355","otu61039","otu61099","otu61217","otu63689","otu64106","otu64708","otu66141","otu66266","otu66489","otu66997","otu67689","otu67961","otu68427","otu68874","otu69986","otu70569","otu73605","otu74871","otu75030","otu75528","otu75640","otu75913","otu76106","otu76575","otu77042","otu77782","otu78374","otu78596","otu79099","otu79168","otu81005","otu81477","otu81748","otu81766","otu83212","otu84462","otu84911","otu86075","otu86137","otu86374","otu86820","otu87407","otu88716","otu89173","otu89921","otu91036","otu91075","otu91208","otu92456","otu93674","otu95014","otu95020","otu97538","otu99090","otu100234","otu100666","otu100915","otu101011","otu101556","otu101753","otu102811","otu102961","otu102976","otu103020","otu103748","otu104749","otu104813","otu107311","otu107337","otu108155","otu108477","otu108628","otu111102","otu112225","otu113180","otu114491","otu115012","otu115117","otu115295","otu115406","otu115490","otu115778","otu116241","otu116285","otu117100","otu117241","otu117386","otu117463","otu117685","otu117687","otu118289","otu118956","otu119213","otu119446","otu119930","otu120543","otu120851","otu120996","otu121514","otu122543","otu123163","otu124216","otu124785","otu126602","otu126841","otu128440","otu128492","otu129244","otu132182","otu132750","otu133358","otu135474","otu135538","otu135583","otu137989","otu138417","otu138568","otu139401","otu140763","otu140795","otu142090","otu144720","otu145558","otu145838","otu148198","otu149332","otu149387","otu150453","otu150615","otu151388","otu151695","otu151813","otu152865","otu153831","otu154548","otu155702","otu155725","otu155734","otu156770","otu157879","otu160105","otu160520","otu162439","otu162483","otu163488","otu163947","otu164706","otu165386","otu165410","otu165448","otu165976","otu166117","otu166343","otu166559","otu167491","otu168212","otu168383","otu168614","otu168693","otu170243","otu170591","otu171245","otu171375","otu171426","otu172447","otu173727","otu173926","otu173981","otu174199","otu174745","otu175915","otu175960","otu177022","otu177295","otu177525","otu177813","otu178207","otu180281","otu181240","otu181268","otu181894","otu182032","otu182434","otu183055","otu183788","otu184240","otu187218","otu187988","otu188738","otu189123","otu190213","otu191467","otu193671","otu194828","otu195408","otu195689","otu196789","otu196922","otu196925","otu197583","otu197621","otu197885","otu199122","otu199161","otu199402","otu200155","otu201243","otu201690","otu203368","otu205724","otu206523","otu207098","otu207159","otu207307","otu207496","otu207677","otu207948","otu208613","otu208692","otu210374","otu210754","otu210801","otu210858","otu214178","otu214479","otu215301","otu217464","otu218587","otu219248","otu219274","otu219668","otu221483","otu221867","otu222127","otu223372","otu224206","otu224444","otu224581","otu225044","otu225347","otu225698","otu226925","otu227541","otu227760","otu227820","otu228653","otu228958","otu229309","otu229484","otu230665","otu230801","otu231276","otu231417","otu231647","otu232045","otu233411","otu234013","otu234042","otu234279","otu234399","otu234623","otu235489","otu235765","otu236496","otu237226","otu237622","otu237758","otu238032","otu239064","otu240002","otu240183","otu240288","otu240630","otu241002","otu241315","otu241782","otu242039","otu242915","otu243689","otu243958","otu244184","otu244383","otu244389","otu244693","otu244981","otu245136","otu245411","otu245615","otu246106","otu248837","otu249946","otu250594","otu251163","otu251239","otu251532","otu252305","otu253107","otu254131","otu254232","otu254910","otu255644","otu255728","otu255751","otu256267","otu256429","otu257163","otu257256","otu257742","otu258118","otu259902","otu260122","otu260203","otu261401","otu261723","otu263295","otu264772","otu265083","otu265125","otu265516","otu266181","otu266395","otu266417","otu267460","otu267538","otu267893","otu268092","otu268193","otu268361","otu270847","otu275566","otu276077","otu276830","otu277058","otu277402","otu277778","otu277908","otu278327","otu279863","otu280657","otu280946","otu282334","otu282540","otu282797","otu282960","otu284076","otu284898","otu285351","otu285371","otu285676","otu288120","otu288164","otu288562","otu288683","otu289928","otu290028","otu290249","otu290349","otu290794","otu291012","otu291721","otu291944","otu291989","otu292589","otu292933","otu293912","otu295753","otu295890","otu295992","otu297223","otu297683","otu297749","otu299267","otu299541","otu299581","otu300409","otu300568","otu302096","otu302225","otu302691","otu303019","otu303344","otu303909","otu304184","otu304795","otu305893","otu307179","otu307765","otu308261","otu308285","otu308757","otu309351","otu309779","otu309826","otu312312","otu312360","otu312748","otu312771","otu314549","otu314888","otu315975","otu316782","otu316965","otu317409","otu317458","otu317514","otu317655","otu318225","otu318627","otu318690","otu319077","otu319975","otu320506","otu320992","otu321120","otu321556","otu322018","otu324167","otu324739","otu324954","otu325184","otu325357","otu326323","otu326881","otu327540","otu328319","otu329524"
"D1",0,0,52,0,0,9,0,96,257,0,15,0,0,48,116,44,87,4,1561,0,33,70,0,0,0,52,3,0,0,325,0,0,0,8,0,0,0,0,0,0,0,0,0,0,12,0,0,0,211,0,0,0,0,0,0,0,0,205,0,42,0,0,2,7,0,0,0,7,0,5,0,0,0,0,0,0,321,22,0,0,0,0,0,0,0,0,8,0,0,0,0,340,0,0,0,67,0,0,0,402,0,3,0,0,0,0,0,0,0,0,0,80,0,0,1465,11,0,0,0,0,12,6,0,0,0,14,0,0,22,6,0,0,0,13,0,0,0,0,0,0,0,0,0,0,0,3,0,13,0,0,0,0,0,0,0,0,0,0,208,1578,0,0,0,0,0,0,0,60,0,0,0,0,0,0,0,0,0,340,0,0,336,0,0,0,0,0,0,0,4,0,1,0,0,3,0,0,0,0,0,0,0,0,0,0,0,101,51,0,0,0,13,0,33,0,0,0,0,101,0,0,0,0,0,0,0,0,0,0,0,0,104,0,0,0,0,0,0,0,0,0,0,0,4,0,8,7,0,0,0,0,0,336,0,0,1576,0,0,35,0,0,0,0,0,25,0,143,1734,0,0,0,0,0,0,6,0,15,0,0,253,15,0,0,0,0,0,0,0,0,0,0,0,0,3,4,0,0,2,10,0,0,799,317,0,0,0,0,0,0,3012,0,0,0,0,7,0,0,0,0,0,0,0,0,18,0,29,0,70,0,0,0,0,0,0,0,3,1442,0,0,0,25,0,0,17,0,0,5,1079,0,0,0,0,0,0,600,0,0,0,0,0,0,0,0,0,0,0,118,0,0,13,0,0,0,190,0,0,0,121,0,0,30,0,0,0,0,0,2295,0,0,0,0,0,0,0,0,0,0,2,0,0,8,0,0,0,0,0,0,0,310,0,0,31,0,16,0,0,0,0,0,0,8,43,0,0,0,0,0,0,0,0,77,0,0,36,0,0,0,0,9,0,8,0,0,0,0,0,0,155,0,0,0,0,0,0,0,0,0,0,5,0,0,0,4,0,0,0,128,6,0,0,0,72,0,7,0,0,0,0,0,0,0,0,0,0,0,106,0,0,0,0,0,0,0,0,11,0,15,0,0,0,0,157,0,58,0,0,24,8,0,24,7,79,68,6,0,0,0,151,0,3,28,0,0,0,0,19,19,36,44,0,0,0,0,0,0
"D2",0,4,1,0,0,0,3,4,33,0,10,0,27,69,29,8,22,46,12,0,0,26,0,0,0,0,0,0,0,196,7,0,0,5,3,60,0,0,6,0,18,30,0,0,209,7,0,91,1,19,10,3,0,2,0,0,0,0,0,77,0,441,1,59,0,0,0,75,0,17,4,91,0,0,14,0,40,0,45,0,5,0,4,32,0,40,429,3,0,17,37,45,61,9,0,61,0,0,6,369,0,6,0,7,0,0,0,0,0,511,6,69,7,0,19937,43,0,0,8,0,8,3,14,0,0,61,248,0,406,47,0,5,25,48,0,0,0,0,38,0,0,0,0,83,55,13,5,7,0,0,0,0,0,0,0,9,6,0,4,328,0,12,20,0,0,0,12,0,10,2,0,0,0,0,0,0,13,339,0,16,7,0,8,0,0,0,17,11,30,0,0,0,5,2,0,0,0,0,0,0,0,7,6,2,0,71,0,0,11,0,0,0,5,0,8,111,1,55,2,8,0,0,0,0,8,0,3,9,10,8,24,81,0,2,0,0,8,343,0,2,3,0,4,0,4,0,0,0,2,3,0,1,0,2,381,0,69,1,0,0,61,66,0,14,0,10,533,2,1,3,0,485,0,15,0,55,0,0,284,27,10,10,5,0,0,3,0,38,3,0,0,0,0,5,0,0,1,5,0,2,52,0,0,680,0,76,0,0,257,56,0,0,0,0,7,0,0,0,7,36,0,51,5,0,11,0,0,43,0,0,0,42,3,0,0,196,3,0,0,49,37,2,63,11,8,3,52,0,0,33,5,1353,27,640,1,0,11,0,12,0,0,0,0,0,7,7,0,0,143,18,0,1,7,0,3,19,11,0,29,12,6,0,0,0,21,580,27,0,0,4,3,0,17,0,0,0,8,154,0,3,0,0,0,0,1,105,2,8,0,0,0,0,9,32,0,4,0,66,0,0,0,0,0,0,0,8,0,0,331,0,2,22,3,2,129,0,0,19,5,23,0,0,0,0,0,18,135,0,0,0,0,0,6,2,0,0,2,2,4,0,0,24,0,0,0,0,0,18,67,0,61,0,1,0,0,0,0,11,0,0,0,4,5,0,266,0,13,0,0,0,3004,16,0,23,0,31,0,0,14,12,14,8,145,0,36,36,70,0,0,61,13,0,141,3,32,4,160,0,0,9,28,0,0,26,56,23,28,84,0,0,3,0,0,0
"D3",42,3,0,16,0,5,88,0,0,0,0,0,0,0,0,0,0,0,20,0,0,3,0,0,0,0,0,0,0,0,81,17,29,0,0,1,0,0,0,0,0,0,0,0,0,0,2,0,256,0,22,0,0,0,29,5,0,0,91,0,0,0,0,19,0,0,27,0,0,0,0,0,0,0,0,0,0,0,0,0,0,2,0,0,0,0,0,0,0,0,0,0,0,0,0,0,0,2137,0,0,0,0,0,4,0,0,42,0,0,0,0,0,0,0,0,0,0,0,0,0,77,0,0,3,0,0,0,0,0,0,5,0,2,0,0,383,0,13,0,0,5,0,0,2,0,0,0,0,0,7,0,0,0,0,61,0,0,0,0,0,0,0,290,14,0,11,0,48,0,0,0,24,0,4,0,0,0,0,0,0,0,0,0,0,0,0,0,0,0,0,0,7,0,3,0,15,0,0,0,0,0,0,0,0,67,0,0,0,0,0,0,0,0,0,0,0,2,0,8,0,0,0,0,0,0,0,0,0,0,0,0,0,0,0,12,0,0,3,0,1,0,0,0,0,0,0,0,29,0,0,0,0,0,0,0,0,9,0,0,14,183,0,0,0,0,0,0,7,0,0,4,94,0,0,0,1,0,1170,0,0,1,0,0,0,0,0,0,0,0,6,0,42,0,0,60,0,0,0,1050,0,0,0,0,65,0,93,0,71,0,27,1087,0,0,0,0,0,0,3,0,0,6,0,0,0,0,28,0,0,49,596,0,0,0,0,0,0,0,2,2,0,0,0,0,0,0,0,0,0,0,11,3,0,0,0,0,0,0,0,0,0,0,0,15,0,0,0,0,0,4,0,0,0,0,0,0,0,0,0,0,0,0,0,0,0,0,0,5,0,13,0,0,69,0,0,0,0,0,0,0,0,0,4,0,2,0,0,0,0,0,185,0,0,0,115,12,0,0,0,0,0,23,0,0,0,0,13,0,0,0,0,0,0,0,0,0,0,0,0,0,0,0,0,0,0,0,11,8,0,0,0,0,0,0,0,0,0,0,0,0,0,0,0,0,488,0,0,0,0,0,0,0,0,0,0,0,0,0,12,3,0,0,0,0,0,0,0,0,8,0,0,0,0,0,0,0,0,0,13,0,0,0,0,3,0,1,0,0,0,0,0,0,1686,0,0,8,7,0,0,0,0,0,0,0,0,13,0,0,0,0,0,6,0,0,0
"D4",0,0,0,0,0,0,0,0,0,0,0,0,0,0,0,0,0,0,0,0,0,0,0,0,0,0,924,0,0,0,0,0,0,0,0,0,0,0,0,11400,0,0,0,0,0,0,0,0,0,0,0,0,0,0,0,0,0,0,0,0,0,0,0,0,0,0,0,0,0,0,0,0,0,0,0,0,0,0,0,0,0,0,0,0,0,0,0,0,0,0,0,0,0,0,0,0,894,0,0,0,0,0,0,0,0,0,0,0,0,0,0,0,0,0,0,0,0,0,0,537,0,0,0,3,0,0,0,1435,0,0,0,0,0,0,0,0,0,0,0,0,0,0,0,0,0,0,0,0,0,0,0,0,0,0,0,0,0,0,0,0,0,0,0,0,0,0,0,0,0,0,0,0,0,0,0,0,0,0,0,0,0,0,0,15,0,0,0,0,0,0,0,0,0,0,0,0,3190,1,0,0,0,0,0,0,0,0,0,0,0,0,0,0,0,0,0,0,0,0,0,0,0,0,0,0,0,0,0,0,0,0,0,0,0,0,6787,0,0,7,0,0,0,0,0,0,0,0,0,0,0,0,0,0,0,0,0,0,0,0,0,0,0,0,0,0,0,0,0,0,0,0,0,0,0,0,0,0,0,0,0,0,0,0,0,0,0,0,0,0,0,0,0,0,0,0,0,0,0,0,0,0,0,0,0,0,0,0,0,0,0,0,0,0,0,0,0,0,928,0,0,0,0,0,0,0,0,0,0,0,0,0,0,0,0,0,0,0,0,0,0,0,0,0,0,0,0,0,0,0,0,0,0,0,0,0,0,0,0,0,0,0,0,0,131,0,0,0,19,0,0,0,6,0,0,14,0,0,0,0,0,0,0,0,0,0,0,0,0,0,0,0,0,0,0,0,0,0,0,0,0,0,0,0,0,372,0,0,0,0,0,0,0,351,0,0,0,0,0,0,0,0,0,0,0,0,0,0,1,0,2,0,0,0,0,0,0,0,0,0,0,0,0,0,0,0,777,0,0,0,0,0,0,0,0,0,0,0,0,0,0,0,0,0,0,0,0,0,0,0,0,0,0,0,0,0,0,0,0,0,0,0,0,0,0,0,0,0,0,0,0,0,0,0,0,0,0,0,0,0,0,0,0,0,0,0,0,0,0,0,0,0,0,0,0,0,0,0,0,0,0,0,0,1409,0,0,0,0,0,0,0,0,0,0,2,0
"D5",4,36,12,0,0,0,0,0,2,0,0,0,4,0,8,0,0,0,0,0,13,3,12,0,3,33,0,2,8,0,7,0,3,0,0,0,9,2,4,0,45,2,5,0,4,28,0,18,0,0,0,0,0,14,3,0,0,19,0,6,0,0,20,5,0,0,0,4,0,0,7,0,0,0,0,0,6,10,0,4,3,25,0,0,0,0,0,2,0,3,0,6,10,3,0,0,0,0,14,165,0,3,0,0,2,5,0,0,0,13,9,0,16,0,0,0,2,32,0,0,0,0,10,0,0,0,0,0,0,0,58,3,0,8,0,0,1,1,15,8,4,0,0,0,0,0,0,0,8,3,9,0,0,10,0,2,0,0,24,0,0,0,5,3,0,0,0,2,3,8,12,0,0,0,1,2,0,2,24,0,0,0,4,0,44,2,0,4,0,2,0,7,0,13,0,0,0,0,10,5,4,2,2,0,0,0,186,20,0,78,1,0,4,0,0,0,0,1,0,5,87,38,0,0,0,2,0,4,0,5,0,2,0,0,0,0,4,5,0,11,0,0,4,0,1,0,71,0,6,0,0,2,3,8,73,0,0,4,7,0,0,2,0,10,19,1,0,0,0,0,5,16,7,0,16,15,10,0,0,6,10,2,5,4,0,61,37,2,0,0,0,0,14,0,0,0,1,0,4,12,0,14,0,0,0,0,32,0,0,0,0,2,0,2,24,0,0,3,0,0,2,4,6,2,0,0,34,0,0,3,0,0,0,0,0,3,0,0,0,0,0,81,4,29,0,0,0,0,9,0,1,0,0,0,0,5,0,71,11,0,0,0,0,83,0,0,0,0,0,21,0,0,0,0,0,0,2,145,0,4,0,0,4,7,0,2,9,0,0,0,0,0,1,0,9,65,0,0,26,0,20,3,8,0,0,4,0,0,6,0,0,0,0,47,0,0,0,13,0,6,0,23,0,0,0,0,0,17,0,0,9,0,1,0,0,6,0,2,6,2,0,0,0,0,0,0,591,41,3,0,5,7,4,5,7,4,0,44,5,1,4,0,113,0,0,5,10,0,44,4,0,12,7,11,0,4,0,0,0,0,6,7,0,8,22,0,3,0,2,5,0,0,0,0,34,37,0,0,17,0,0,0,50,0,0,0,0,13,23,0,0,84,0,0,0,3,3,0,0,0,10,0,0,0,0,0,0,143,0,3,16,15,21,0
"D6",2,56,0,0,7,7,0,0,4,25,4,10,0,7,26,7,0,0,0,37,68,11,68,0,21,242,0,0,10,209,18,0,89,9,11,33,0,0,44,0,109,0,24,0,5,31,0,11,32,0,7,0,6,53,8,10,118,142,0,13,0,0,45,11,0,0,0,1,0,4,35,20,4,0,1,3,83,0,0,0,3,89,0,0,0,4,4,34,0,9,0,13,48,8,0,0,0,0,20,314,0,2,0,0,33,29,7,0,0,0,64,2,126,1,0,0,14,26,0,0,9,3,135,0,0,0,0,0,0,4,27,33,0,84,4,0,17,32,76,23,0,26,2,0,0,36,4,33,13,13,35,5,0,84,0,4,0,76,3,38,0,0,37,20,10,7,8,15,9,16,21,0,0,0,0,7,0,0,8,30,35,0,21,0,68,468,9,3,5,2,2,0,1,5,11,7,0,0,10,3,19,15,3,17,0,0,6831,3,0,299,5,1,0,0,1,0,0,0,38,20,351,77,0,0,1,8,3,164,0,101,9,14,0,15,0,0,91,0,83,0,0,25,4,0,8,3,43,11,11,27,22,13,18,22,346,0,7,3,11,4,6,0,2,4,7,22,168,3,13,3,0,31,69,76,48,62,154,0,0,30,139,1,0,0,0,55,88,3,0,0,28,0,6,2,0,0,101,176,67,8,41,226,0,9,0,22,204,0,51,5,20,45,0,18,94,0,0,13,0,1,21,6,84,19,2,0,23,0,26,1,14,0,350,3,8,21,58,0,11,0,0,410,2,138,0,44,0,0,2,0,2,0,0,0,0,2,0,148,33,5,0,0,0,189,6,2,0,0,5,20,0,5,16,0,3,5,10,305,4,4,0,0,29,9,0,5,12,0,0,0,22,7,1,0,99,706,0,2,63,0,29,0,21,0,0,4,6,0,82,5,61,0,3,78,0,12,2,14,0,3,55,30,0,0,0,0,0,83,0,13,42,0,2,0,2,88,0,2,1,3,0,16,0,0,0,0,1123,716,7,0,0,2,8,55,94,33,0,41,9,17,22,0,56,0,0,0,0,82,57,8,64,74,8,18,0,30,30,0,16,0,101,16,0,24,92,0,5,2,3,13,0,3,97,7,8,318,0,0,61,33,22,26,126,0,3,5,0,37,51,0,0,35,0,0,12,0,0,20,0,0,33,0,0,6,0,0,6,575,16,7,0,0,32,31
"D7",0,0,0,0,0,0,0,0,0,0,0,0,0,0,0,0,0,0,0,0,0,0,0,0,0,0,0,0,0,0,0,0,0,0,0,0,0,0,0,0,0,0,0,0,0,0,0,0,0,0,0,0,0,0,0,2,0,0,0,0,0,0,0,0,0,0,0,0,0,0,0,0,0,0,0,0,0,0,0,0,0,0,0,0,0,0,0,0,0,0,0,0,0,0,0,0,0,0,0,0,0,0,10,0,0,0,0,0,0,0,0,0,0,0,0,0,0,0,0,0,0,0,0,0,0,0,0,0,0,0,0,0,0,0,0,0,0,0,0,0,0,0,0,0,0,0,0,0,0,0,0,0,0,0,0,0,0,0,0,0,0,0,0,0,0,0,0,0,0,0,0,0,0,0,0,0,0,0,0,0,0,0,0,0,0,0,0,0,0,0,0,0,0,0,0,0,0,0,0,0,0,0,0,0,0,0,0,0,0,0,0,0,0,0,0,0,0,0,0,0,0,0,9,0,0,0,0,0,0,0,0,0,0,0,3,0,0,2,0,0,0,0,0,0,0,0,0,0,0,0,0,0,0,0,0,0,0,0,0,0,0,0,0,0,0,0,0,0,0,0,0,0,0,0,0,0,0,0,0,0,0,0,0,0,0,0,0,0,0,0,0,0,0,0,0,101,0,0,0,0,0,0,0,0,0,0,0,0,0,0,0,0,0,0,0,0,0,0,0,0,0,0,0,0,0,0,0,0,0,0,0,0,0,0,0,0,0,0,0,0,0,0,0,0,0,0,0,0,0,0,0,0,0,0,0,0,0,0,0,0,0,0,0,0,0,0,0,0,0,0,0,0,0,0,0,0,0,0,0,0,0,0,0,0,0,0,0,0,0,0,0,0,0,0,0,0,0,0,0,0,0,0,0,0,0,0,0,0,0,0,0,0,0,0,0,0,0,0,0,0,0,0,0,0,0,0,0,0,5,0,0,0,0,0,0,0,0,0,0,0,0,0,0,0,0,0,0,0,0,0,0,0,0,0,0,0,0,0,0,0,0,0,0,0,0,0,0,0,0,0,0,0,0,0,0,0,0,0,0,0,0,0,0,0,0,0,0,0,0,0,0,0,0,0,0,0,0,0,0,0,0,0,0,0,0,0,0,0,0,268,0,0,0,0,0,0,0,0,0,0,0,0,0,0,0,0,0,0,0,0,0,0,0,0
"D8",3,0,0,0,0,0,15,0,0,0,0,0,0,0,0,0,0,0,303,0,0,0,0,0,0,0,0,0,0,0,0,0,0,0,0,22,0,0,0,0,0,0,0,0,0,0,23,94,0,0,0,0,0,0,0,0,0,0,0,5,0,0,0,0,0,0,16,0,0,0,0,0,0,2,0,0,0,0,2,0,0,0,0,0,0,0,0,0,2,0,0,0,0,0,2,0,0,0,0,0,0,0,0,0,0,0,0,0,0,0,0,0,0,0,0,0,0,0,0,0,0,0,0,0,0,0,398,0,0,0,0,0,0,0,43,0,0,0,0,0,0,0,0,0,0,0,0,0,0,0,0,0,0,0,0,0,0,0,0,0,0,0,0,0,0,0,0,31,0,0,2261,0,0,0,0,0,0,0,0,0,0,0,0,0,0,0,0,0,0,0,0,0,0,0,0,0,0,0,0,0,0,0,0,0,0,0,0,0,0,0,0,0,0,0,0,0,51,0,0,0,0,0,0,0,0,0,0,0,0,0,0,0,0,0,0,0,0,0,0,0,3,0,0,0,0,0,0,0,0,0,0,0,0,0,0,0,0,0,0,0,0,2,0,0,0,0,0,0,0,0,28,50,0,0,0,0,0,0,0,0,0,0,0,0,0,0,0,0,0,0,0,0,0,0,0,1255,0,0,566,0,0,0,6,0,0,0,0,0,0,6,0,0,19,0,0,0,0,0,0,0,0,0,0,0,0,0,0,0,0,0,0,0,0,0,0,0,0,0,0,0,0,0,0,0,0,0,0,0,0,0,0,0,1,0,0,0,7,0,0,0,0,0,0,0,0,0,0,2,0,0,0,0,0,0,0,0,0,0,0,0,10,9,0,0,0,0,0,0,0,2,0,0,0,6,0,0,0,6,0,0,0,0,0,0,0,0,0,0,0,0,0,0,0,4,0,0,0,0,0,0,0,0,6,0,0,0,0,0,0,0,0,0,0,0,0,0,0,0,0,0,0,0,0,3,0,0,0,0,0,0,0,0,0,0,0,0,0,0,0,0,0,0,0,0,0,0,0,0,0,0,0,0,0,0,0,0,0,0,0,0,0,0,0,0,0,6,0,0,0,0,0,0,0,0,0,0,0,0,0,0,0,0,0,0,0,0,0,0,0,0,0,0,0,0,0,0,0,0,0,0,0,0,0,28,0,0,0,0,0,0,0,0,0,0
"D9",0,0,0,0,0,0,0,0,0,59,0,4,0,342,48,0,0,181,0,0,30,0,0,0,0,0,0,0,0,0,10,0,0,0,0,0,0,0,9,0,0,0,0,1,322,0,0,0,0,0,0,0,0,0,0,0,0,0,0,204,0,0,0,222,0,0,0,0,0,0,0,0,0,0,0,0,0,0,0,0,0,0,66,4,11,50,0,0,0,44,18,0,45,0,0,10,0,0,0,0,0,0,0,0,0,0,0,0,0,69,0,65,0,0,2258,5,0,0,0,0,0,0,0,0,0,13,0,0,819,37,0,18,113,0,0,23,0,0,0,0,0,0,0,0,0,0,0,0,0,0,0,0,0,0,0,0,0,0,0,0,0,0,0,48,0,8,0,0,0,0,0,5,0,0,0,0,0,833,0,0,120,0,0,0,0,0,0,0,0,0,0,6,0,0,0,0,0,0,0,0,0,0,0,0,0,118,0,0,0,0,0,0,0,0,0,0,15,0,0,0,0,0,0,0,10,0,0,0,4,0,0,0,0,0,0,0,0,0,0,0,0,0,0,0,0,0,0,0,0,0,0,0,0,0,1215,0,0,13,0,0,0,19,12,0,0,0,329,0,0,0,0,12,0,0,0,0,0,0,173,0,0,0,0,0,0,0,0,0,0,0,0,0,0,0,0,0,0,0,4,0,104,0,0,0,0,2,0,0,0,0,15,0,0,0,0,0,0,0,0,65,0,86,0,0,0,0,0,0,0,0,0,3,0,0,0,37,0,0,0,12,0,0,0,0,0,0,0,0,0,13,0,0,0,0,0,0,0,0,0,0,0,0,0,0,0,0,0,0,7,0,0,0,0,0,0,0,0,0,16,1943,0,0,0,0,0,0,0,0,0,0,0,0,0,0,0,0,83,27,0,0,0,5,0,0,0,23,0,0,0,0,0,0,0,0,0,0,0,0,0,0,268,0,0,0,0,0,0,0,0,0,0,0,39,0,234,0,0,20,0,0,0,0,0,0,0,0,0,0,0,0,0,0,0,0,0,0,0,0,0,0,73,0,0,0,0,0,0,0,0,0,1,0,6,0,0,0,0,0,0,0,0,0,0,19,63,0,0,0,0,0,0,0,0,0,0,0,0,0,0,0,0,0,0,0,0,0,110,0,0,12,0,2,29,0,0,0,42,0,0,0,0,0,0,0,0,2,185,0,0,0,0,0,0,0
"D10",0,5,4,0,0,0,0,373,8,0,0,11,0,6,0,0,652,0,0,0,0,12,0,0,0,0,0,47,0,447,1,0,0,15,43,0,6,122,0,0,0,324,10,0,2,0,0,101,71,7,6,0,51,0,0,0,0,11,0,16,0,0,0,0,0,35,0,14,0,32,1,112,0,1,3,0,139,17,0,0,2,0,0,12,2,6,4,36,0,10,0,0,0,2,5,0,0,0,9,0,3,5,0,0,0,16,0,0,0,3,2,4,0,0,38,1,0,0,0,0,0,8,29,0,3,0,0,0,0,0,0,1,0,10,0,0,0,0,0,1,0,8,29,0,0,88,2,10,1,0,0,0,0,0,4,8,0,0,5,0,8,26,0,0,11,0,32,50,11,0,23,0,7,0,12,0,0,0,11,21,3,2,459,0,26,0,33,35,0,0,0,0,10,0,0,0,0,0,0,3,0,0,5,5,0,0,0,0,145,0,24,12,0,0,139,4,0,7,0,0,0,0,0,0,0,0,71,0,0,0,0,40,0,10,0,0,0,0,0,0,3,0,54,0,0,0,0,0,70,43,0,50,0,0,13,0,0,0,3,0,0,0,0,0,48,0,0,0,5,0,0,18,0,0,0,0,0,0,0,0,274,0,38,0,0,190,0,3,2,0,31,0,2,22,0,0,359,220,7,0,0,284,0,298,0,0,0,0,0,0,0,0,0,31,133,0,0,0,16,0,0,5,385,13,6,0,0,13,0,0,0,50,248,5,4,0,1,0,0,0,0,54,3,124,3,2,217,0,0,0,0,2,7,0,0,8,0,149,2,0,0,0,0,0,9,0,0,0,0,42,0,0,7,0,19,0,0,0,0,0,5,15,0,0,0,2,3,0,0,0,0,0,0,0,61,291,0,2,0,0,51,0,0,2,2,10,51,0,0,0,0,0,13,0,0,6,0,873,0,0,77,0,3,8,3,0,0,13,0,31,26,0,0,0,6,214,0,0,0,11,0,0,0,0,0,0,1941,0,1,0,0,2,7,74,281,0,13,110,67,0,0,0,0,0,0,0,30,273,31,0,8,9,16,3,0,18,0,0,0,0,0,11,31,2,17,10,40,2,6,0,0,0,0,10,0,52,0,0,262,0,33,38,252,0,0,14,0,27,0,0,0,16,1,9,0,0,0,43,156,267,3,0,19,13,0,3,0,1002,0,0,0,19,0,0
"D11",5,0,0,0,0,0,0,0,0,0,0,0,0,0,0,0,0,0,2,0,0,0,0,0,0,0,0,0,0,0,0,0,0,0,0,0,0,0,0,0,0,0,0,0,0,0,0,0,0,0,0,0,0,0,0,0,0,0,0,0,0,0,0,0,0,0,0,0,0,0,0,0,0,0,0,0,0,0,0,0,0,0,0,0,0,0,0,0,0,0,0,0,0,0,0,0,0,0,0,0,0,0,0,0,0,0,0,0,0,0,0,0,0,0,0,0,0,0,0,0,0,0,0,0,0,0,0,0,0,0,0,0,0,0,0,0,0,0,0,0,0,0,0,0,0,0,0,0,0,0,0,0,0,0,0,0,0,0,0,0,0,0,2,0,0,0,0,0,0,0,0,2,0,0,0,0,0,0,0,0,0,0,0,0,0,0,0,0,0,0,0,0,0,0,0,0,0,0,0,0,0,0,0,0,0,0,0,0,0,0,0,0,0,0,0,0,0,0,0,0,0,0,0,0,0,0,0,0,0,0,0,0,0,0,3,0,0,0,0,0,0,0,0,0,0,0,0,0,0,0,0,0,0,0,0,0,0,0,0,0,5,0,0,0,0,0,0,0,0,0,0,0,0,0,0,0,0,0,0,0,0,0,0,0,0,0,0,0,0,0,0,0,0,0,0,0,0,0,0,0,0,0,0,0,0,0,0,0,0,0,0,0,0,0,0,7,0,0,0,0,0,0,0,0,0,0,0,0,0,0,0,0,0,0,0,0,0,0,0,0,0,0,0,0,0,0,0,0,0,0,0,0,0,0,0,0,0,0,0,0,0,0,0,0,0,0,0,0,0,0,0,0,0,0,0,0,0,0,0,0,0,0,0,0,0,0,0,40,0,0,0,0,0,0,0,0,0,0,0,0,0,0,0,0,0,0,0,0,0,0,0,0,0,0,0,0,0,0,0,0,0,0,0,0,0,0,0,0,0,0,0,0,0,11,9,0,0,0,0,0,0,0,0,0,0,0,0,0,0,0,0,0,0,0,0,0,0,0,0,0,0,0,0,0,0,0,0,0,0,0,0,0,0,0,0,0,0,0,0,0,0,0,0,0,0,0,0,0,0,0,0,0,0,0,0,0,0,0,0,0,0,0,0,0,0,0,0,0,0,0,0,0,0,0,0,0,0,0,0,0,0,0,0,0,0,0,0,0,0,0,0,0,0,0
"D12",0,2,4,0,0,0,0,0,5,3,16,0,0,3,5,0,0,0,0,0,0,0,0,0,0,0,0,0,0,9,19,2142,0,0,0,4,0,1,0,0,0,3,0,0,0,0,0,10,0,22,9,0,0,0,0,0,0,0,0,5,0,7,0,7,0,0,0,8,0,0,0,23,0,1075,0,0,1,0,58,160,2,0,0,14,4,11,0,0,0,41,0,0,5,0,368,411,0,0,3,0,0,0,0,0,0,0,0,0,0,1,2,6,3,18,1734,0,0,0,6,0,0,0,4,0,0,0,0,0,7,6,0,0,5,2,0,0,0,0,5,0,0,0,0,0,21,0,2,0,0,0,0,0,0,0,0,0,0,0,0,9,17,7,10,0,3,0,0,0,0,0,23,3,24,0,0,0,2,0,0,2,0,0,3,0,0,2,0,0,3,0,0,0,0,0,0,0,0,0,0,0,0,71,0,0,0,0,0,0,2,0,0,0,0,111,1,5,15,0,0,0,0,0,0,0,9,0,0,0,25,0,0,28,0,0,0,0,0,4,1,2,5,6,0,0,0,0,0,0,0,0,0,0,0,0,9,0,2,0,0,0,0,139,0,0,0,0,24,11,0,0,0,7,0,0,0,6,0,0,6,0,3,0,2,0,0,0,0,0,0,0,0,0,0,0,0,0,2,0,45,0,0,0,757,286,0,14,0,0,0,8,0,0,7,0,3,0,0,0,0,0,0,2,2,0,0,0,0,18,0,0,0,3,0,0,0,10,0,0,0,5,7,0,11,0,3,0,4,0,0,10,0,740,0,0,4,0,6,3,0,0,7,0,0,0,2,0,0,2103,0,4,0,0,3,0,0,3,0,0,8,0,6,882,0,0,10,0,15,0,0,0,0,0,0,128,0,0,0,7,0,2,0,4,0,0,0,19,0,2,0,0,0,0,2,4,0,0,0,0,0,0,357,0,1266,434,0,0,0,0,1,0,0,16,0,0,0,0,11,8,0,4,0,0,0,28,0,2,5,0,0,0,0,2,0,0,4,0,53,3,0,0,0,18,0,0,0,0,0,0,2,0,0,0,0,0,0,2,0,0,0,29,0,0,0,0,10,314,0,0,0,0,883,3,0,0,0,0,0,0,6,0,0,2,11,0,0,2,0,0,0,6,0,0,6,0,6,0,0,0,0,3,0,0,652,407,59,3,0,6,0,0,3,0,0,0
"D13",0,0,0,0,0,0,0,0,0,0,0,0,0,0,0,0,0,0,0,0,0,0,0,0,0,0,0,0,0,0,0,0,0,0,0,0,0,0,0,0,0,0,0,0,0,0,0,0,0,0,0,0,0,0,0,0,0,0,0,0,0,0,0,0,0,0,0,0,0,0,0,0,0,0,0,0,0,0,0,0,0,0,0,0,0,0,0,2,0,0,0,0,0,0,0,0,0,0,0,0,0,0,0,0,0,0,0,0,0,0,0,6,0,0,0,0,0,0,8,0,0,0,0,0,0,0,0,0,0,0,0,0,0,0,0,0,0,0,2,0,0,0,0,0,0,0,0,0,0,0,0,0,0,0,0,0,0,0,0,0,0,0,0,0,0,0,0,0,0,0,0,0,0,0,0,0,0,0,0,0,0,0,0,0,0,0,0,0,4,0,0,0,0,0,0,0,0,0,0,0,0,0,0,0,4,0,0,0,0,0,0,0,0,0,0,0,0,0,0,0,0,0,3,0,0,0,0,0,0,0,0,0,0,0,0,0,0,0,0,0,0,0,0,0,0,0,0,0,0,0,0,0,0,0,0,0,0,0,0,0,0,0,0,0,0,0,0,0,0,0,0,0,0,0,0,0,0,0,0,0,0,0,0,0,0,0,0,0,0,3,0,0,0,0,0,0,0,0,0,0,0,0,0,0,0,0,0,0,0,0,0,0,0,0,0,0,0,0,0,0,0,0,0,0,0,0,0,0,0,0,0,0,0,0,0,0,0,0,0,0,0,0,0,0,0,0,0,0,0,0,0,0,0,2,0,0,0,0,0,0,0,0,0,0,0,0,0,0,0,0,0,0,0,0,0,0,0,0,0,0,0,0,0,0,0,0,0,0,0,0,0,0,0,0,0,0,0,0,0,0,0,0,0,0,0,0,0,0,0,0,0,0,0,0,0,0,0,0,0,0,0,0,0,0,0,0,0,0,0,0,0,0,0,0,0,1,0,0,0,0,0,0,0,0,0,0,26,0,0,0,0,0,0,0,0,0,0,0,0,0,0,2,0,0,0,0,0,0,0,0,0,0,0,0,0,0,0,0,0,0,0,0,0,0,0,0,0,0,0,0,0,0,0,0,0,2,0,0,0,0,0,0,0,0,0,0,0,0,0,0,0,0,0,2,0,0,20,0,0,0,0,0,0,0,0,0,0,0,5,0,0,0,0,0
"D14",0,0,0,286,0,0,263,0,0,0,0,0,0,0,0,0,0,0,35,0,0,0,0,14,0,0,0,0,0,0,12,0,0,0,0,0,0,0,0,2,0,0,0,0,0,0,606,0,0,0,0,0,0,0,0,0,0,0,0,0,157,0,0,0,0,0,184,0,0,0,6,0,0,0,51,22,0,0,0,0,0,0,0,0,0,0,0,0,0,0,0,0,0,0,0,0,0,0,0,0,0,0,7767,264,0,0,8,7,11,0,0,0,0,0,0,0,0,0,0,10,0,0,0,8680,17,0,229,26,0,0,0,0,0,0,21,0,0,0,0,0,0,0,0,1126,0,0,0,0,0,0,0,0,0,0,30,0,20650,0,0,0,0,0,20,0,0,3,0,0,0,0,0,150,0,35,0,0,0,0,0,0,0,0,0,0,0,0,0,0,0,0,0,0,0,0,0,0,455,0,0,0,0,15,0,0,0,0,13,0,0,15,0,0,0,0,0,0,1137,0,0,0,7,0,0,0,0,12,0,0,0,11,0,0,0,0,247,3,0,124,0,0,0,0,0,0,0,0,0,0,0,0,41,0,0,0,0,0,0,0,0,0,0,0,0,0,0,0,0,0,0,0,1,44,0,0,0,0,0,15,0,0,7,0,0,0,24,0,0,0,0,0,0,0,0,0,0,0,0,0,66,0,0,0,0,0,0,11,0,0,0,0,0,0,0,0,0,0,20,0,11,0,0,0,0,21,0,0,0,0,0,0,0,0,0,0,0,0,0,72,299,0,0,0,0,0,0,0,0,0,0,0,0,0,0,0,0,0,0,0,0,0,0,97,6,0,0,0,0,0,0,0,0,0,0,0,0,0,0,0,0,0,0,0,0,0,0,0,10,0,1,53,0,0,0,0,0,0,0,0,0,0,0,22,0,0,0,0,0,0,0,0,0,9,0,364,2,0,0,0,0,0,0,0,8,0,0,3268,0,0,1,0,0,0,0,10,0,0,0,0,0,0,0,0,0,0,0,0,0,32,0,0,3,0,0,0,0,0,0,0,0,0,0,0,0,701,564,29,0,0,0,0,0,0,0,0,0,0,0,0,0,0,0,0,0,0,0,0,0,0,0,0,0,0,0,0,0,0,36,0,0,0,0,0,0,607,27,0,0,0,0,0,0,0,0,0,0,0,0,0,0,0,3,8,0,0,0,0,0,0,0,0,0,0,74,0
"D15",7,363,0,0,7,0,0,122,0,25,0,23,6,0,26,0,0,0,6,58,9,2,0,0,0,0,0,2,6,6,20,0,0,37,0,0,11,0,298,6,319,0,26,0,10,19,0,0,239,0,0,0,1,0,0,9,390,0,0,8,0,0,0,0,0,0,161,0,0,0,18,0,20,0,0,5,45,0,0,0,0,94,0,0,0,0,0,0,0,0,4,14,0,0,0,0,0,0,10,452,33,0,0,0,24,12,0,0,0,0,0,0,37,0,0,0,0,35,0,0,0,0,24,0,0,0,0,0,0,0,0,0,0,20,0,0,7,416,57,18,0,0,0,0,0,2,0,36,0,0,225,121,0,0,0,0,0,1,3,0,0,0,0,0,0,6,6,37,0,0,0,225,0,0,8,354,0,0,0,0,0,0,0,0,12,0,0,4,2,0,10,0,0,61,0,0,8,0,0,73,27,0,0,0,36,0,1914,0,0,0,0,0,0,0,0,0,0,2,0,8,311,40,2,0,0,11,0,0,0,0,0,0,0,7,0,0,0,45,0,53,0,0,0,0,0,26,254,95,4,0,0,0,71,0,1416,0,0,0,9,0,0,0,0,0,0,0,0,0,0,0,0,110,1,53,80,20,0,0,0,97,101,59,0,0,0,33,0,0,0,5,1,0,13,9,0,0,79,92,0,194,0,66,0,27,0,0,158,19,0,0,0,33,0,49,164,0,0,0,0,0,0,0,0,0,0,0,64,0,0,163,15,3,55,0,41,102,0,0,0,0,205,58,17,0,0,12,0,0,24,5,0,0,0,0,42,0,0,0,0,210,0,0,0,0,0,0,0,0,0,0,0,0,0,0,0,0,173,463,0,43,0,0,39,5,0,257,0,0,0,0,67,91,0,0,69,0,0,0,69,0,0,0,0,0,0,0,1,135,101,7,0,0,11,15,0,0,8,0,0,3,0,11,0,0,0,0,0,91,0,0,11,0,0,0,0,0,0,0,0,4,0,94,0,0,0,0,681,3055,64,0,5,55,30,0,89,0,0,113,0,120,47,0,1592,0,0,7,20,0,4,2,0,0,0,36,0,42,26,33,27,0,5,3,0,0,85,0,0,0,0,213,0,0,108,28,0,0,0,0,32,0,4,0,138,0,0,4,0,0,184,0,0,6281,0,5,0,54,0,0,6,0,0,0,0,0,0,6,0,415,14,0,0,7,0,0
"D16",2,0,0,223,2,0,22,0,0,0,0,0,0,0,0,0,0,0,8,0,0,0,0,119,0,0,0,0,0,0,9,0,0,2,0,0,0,0,0,0,0,0,0,0,0,0,0,6,22,0,12,0,0,0,3,31,0,0,2,0,11,0,0,2,0,0,0,0,72,0,0,0,0,0,0,0,0,0,0,0,0,0,0,0,0,0,0,0,0,0,0,0,0,0,0,0,190,0,3,0,0,0,485,61,0,0,4,1002,0,0,1,0,0,0,0,0,0,0,0,3,0,0,0,95,0,0,0,29,0,0,0,0,0,0,0,0,3,2,0,0,2,0,0,1,0,0,0,0,0,4,0,0,1,0,9,0,228,0,0,0,0,0,22,0,0,3,0,6,0,0,0,36,0,13,0,0,0,0,0,0,0,0,0,124,0,2,0,0,0,0,0,0,0,0,0,0,0,289,0,0,0,0,0,0,11,0,0,0,0,0,0,0,0,0,0,0,43,0,0,0,0,0,9,5,0,0,0,0,0,0,0,0,0,0,7139,8,0,121,0,0,0,0,0,0,0,0,0,0,0,0,0,0,0,0,7,0,11,0,0,2,20,0,0,0,0,0,0,0,0,0,0,22,0,0,0,5,0,3,0,0,0,0,0,0,12,0,0,0,0,0,0,3,0,0,5,0,0,0,255,0,0,0,0,0,0,20,0,2,0,0,0,0,0,0,0,21,118,6,0,0,3,0,0,0,0,5,0,0,0,25,0,0,0,0,0,0,0,708,2,0,1,0,0,0,0,0,0,32,0,0,0,0,0,0,0,0,0,0,0,0,0,205,157,3,0,0,57,0,0,0,9,2,0,4,0,0,0,0,0,0,0,0,0,0,0,0,3,2,0,7,0,4,0,0,0,0,0,0,0,0,0,0,0,30,0,0,0,0,0,2,0,210,0,5,4,0,0,0,0,6,0,0,0,0,0,42,1819,0,2,0,0,0,0,2,0,0,0,0,0,0,0,0,37,0,0,2,0,0,0,0,0,0,0,0,0,0,0,0,0,0,0,0,4,0,68,76,0,0,0,0,0,0,0,0,0,0,0,0,7,0,0,0,0,0,0,0,0,0,0,0,0,3,0,0,0,0,16,0,0,0,0,0,2,2,3,0,0,0,0,0,0,0,0,0,0,0,0,0,0,0,0,6,0,0,0,0,0,0,0,0,0,0,0,0
"D17",0,0,0,0,0,0,0,0,0,0,0,0,0,0,0,0,0,0,0,0,0,0,0,0,0,0,0,0,0,0,0,0,0,0,0,0,0,0,0,0,0,0,0,0,0,0,0,0,0,0,0,0,0,0,0,0,0,0,0,0,0,0,0,0,0,0,0,0,0,0,0,0,0,0,0,0,0,0,0,0,0,0,0,0,0,0,0,0,0,0,0,0,0,0,0,0,0,0,0,0,0,0,0,0,0,0,0,0,0,0,0,0,0,0,0,0,0,0,0,0,0,0,0,0,0,0,0,0,0,0,0,0,0,0,0,0,0,0,0,0,0,0,0,0,0,0,0,0,0,0,0,0,0,0,0,0,0,0,0,0,0,0,0,0,0,0,0,0,0,0,0,0,0,0,0,0,0,0,0,0,0,0,0,0,0,0,0,0,0,0,0,0,0,0,0,0,0,0,0,0,0,0,0,0,0,0,0,0,0,0,0,0,0,0,0,0,0,0,0,0,0,0,0,0,0,0,0,0,0,0,0,0,0,0,0,0,0,0,0,0,0,0,0,0,0,0,0,0,0,0,0,0,0,0,0,0,0,0,0,0,0,0,0,0,0,0,0,0,0,0,0,0,0,0,0,0,0,0,0,0,0,0,0,0,0,0,0,0,0,0,0,0,0,0,0,0,0,0,0,0,0,0,0,0,0,0,0,0,0,0,0,0,0,0,0,0,0,0,0,0,0,0,0,0,0,0,0,0,0,0,0,0,0,0,0,0,0,0,0,0,0,0,0,0,0,0,0,0,0,0,0,0,0,0,0,0,0,0,0,0,0,0,0,0,0,0,0,0,0,0,0,0,0,0,0,0,0,0,0,0,0,0,0,0,0,0,0,0,0,0,0,0,0,0,0,0,0,0,0,0,0,0,0,0,0,0,0,0,0,0,0,0,0,0,0,0,0,0,0,0,0,0,0,0,0,0,0,0,0,0,0,0,0,0,1,0,0,0,0,0,0,0,0,0,0,0,0,0,0,0,0,0,0,0,0,0,0,0,0,0,0,0,0,0,0,0,0,0,0,0,0,0,0,0,0,0,0,0,0,0,0,0,0,0,0,0,0,0,0,0,0,0,0,0,0,0,0,0,0,0,0,0,0,0,0,0,0,0,0,0,0,0,0,0,0,0,0,0,0,0,0,0,0,0,0,0,0,0,0,0,0,0,0,0
"D18",0,0,0,0,0,0,0,0,0,0,0,0,0,0,0,0,0,0,0,0,0,0,0,0,0,0,0,0,0,0,0,0,0,0,0,0,0,0,0,0,0,0,0,0,0,0,0,0,0,0,0,0,0,0,0,0,0,0,0,0,0,0,0,0,0,0,0,0,0,0,0,0,0,0,0,0,0,0,0,0,0,0,0,0,0,0,0,0,0,0,0,0,0,0,0,0,0,0,0,0,0,0,0,0,0,0,0,0,0,0,0,0,0,0,0,0,0,0,0,0,0,0,0,0,0,0,0,0,0,2,0,0,0,0,0,0,0,0,0,0,0,0,0,0,0,0,0,0,0,0,0,0,0,0,0,0,0,0,0,0,0,0,0,0,0,0,0,0,0,0,0,0,0,0,0,0,0,0,0,0,0,0,0,0,0,0,0,0,0,0,0,0,0,0,0,0,0,0,0,0,0,0,0,0,0,0,0,0,0,0,0,0,0,13,0,0,0,0,0,0,0,0,0,0,0,0,0,0,0,0,0,0,0,0,0,0,0,0,0,0,0,0,0,0,0,0,0,0,0,0,0,0,0,0,0,0,0,0,0,0,0,0,0,0,0,0,0,0,0,0,0,0,0,0,0,0,0,0,0,0,0,0,0,0,0,0,0,0,0,0,0,0,0,0,0,143,0,0,0,0,0,0,0,0,0,0,0,0,0,0,0,0,0,0,0,0,0,0,0,0,0,0,0,0,0,0,0,0,0,0,0,0,0,0,0,0,0,0,0,0,0,0,0,0,0,0,0,0,0,0,0,0,0,0,0,0,0,0,0,0,0,0,0,0,0,0,0,0,0,0,0,0,0,0,0,0,0,0,0,0,0,0,0,0,0,0,0,0,0,0,0,0,0,0,0,0,0,0,0,0,2,0,0,0,0,0,0,0,0,0,0,0,0,0,0,0,0,0,0,0,0,0,0,0,0,0,0,0,0,0,0,0,0,0,100,0,0,0,0,0,0,0,0,0,0,0,0,0,0,0,0,0,0,0,0,0,0,0,0,0,0,0,0,0,0,0,0,0,0,0,0,0,0,0,0,0,0,0,0,0,0,0,0,0,0,0,0,0,0,0,0,0,0,0,0,0,0,0,0,0,0,0,0,0,0,0,0,0,0,0,0,2,0,0,0,0,0,0,0,0,0,0,0,0,0,0,0,0,0,0,0,0,0,0
"D19",0,0,0,0,0,0,0,0,0,0,0,0,0,0,0,0,0,0,0,0,0,0,0,0,0,0,0,0,0,0,0,0,0,0,0,0,0,0,0,0,0,0,0,0,0,0,0,0,0,0,0,0,0,0,0,0,0,0,0,0,0,0,0,0,0,0,0,0,0,0,0,0,0,0,0,0,0,0,0,0,0,0,0,0,0,0,0,0,0,0,0,0,0,0,0,0,0,0,0,0,0,0,0,0,0,0,0,0,0,0,0,0,0,0,0,0,0,0,0,0,0,0,0,0,0,0,0,0,0,0,0,0,0,0,0,0,0,0,0,0,0,0,0,0,0,0,0,0,0,0,0,0,0,0,0,0,0,0,0,0,0,0,0,0,0,0,0,0,0,0,0,0,0,0,0,0,0,0,0,0,0,0,0,0,0,0,0,0,0,0,0,0,0,0,0,0,0,0,0,0,0,0,0,0,0,0,0,0,0,0,0,0,0,0,0,0,0,0,0,0,0,0,0,0,0,0,0,0,0,0,0,0,0,0,0,0,0,0,0,0,0,0,0,0,0,0,0,0,0,0,0,0,0,0,0,0,0,0,0,0,0,0,0,0,0,0,0,0,0,0,0,0,0,0,0,0,0,0,0,0,0,0,0,0,0,0,0,0,0,0,0,0,0,0,0,0,0,0,0,0,0,0,0,0,0,0,0,0,0,0,0,0,0,0,0,0,0,0,0,0,0,0,0,0,0,0,0,0,0,0,0,0,0,0,0,0,0,0,0,0,0,0,0,0,0,0,0,0,0,0,0,0,0,0,0,0,0,0,0,0,0,0,0,0,0,0,0,0,0,0,0,0,0,0,0,0,0,0,0,0,0,0,0,0,0,0,0,0,0,0,0,0,0,0,0,0,0,0,0,0,0,0,0,0,0,0,0,0,0,0,0,0,0,0,0,0,0,0,0,0,0,0,0,0,0,0,0,0,0,0,0,0,0,0,0,0,0,0,0,0,0,0,0,0,0,0,0,0,0,0,0,0,0,0,0,0,0,0,0,0,0,0,0,0,0,0,0,0,0,0,0,0,0,0,0,0,0,0,0,0,0,0,0,0,0,0,0,0,0,0,0,0,0,0,0,0,0,0,0,0,0,0,0,0,0,0,0,0,0,0,0,0,0,0,0,0,0,0,0,0,0,0,0,0,0,0,0,0,0,0,0,0,0,0
"D20",0,0,0,0,0,0,0,5,2,0,0,0,0,0,3,0,7,0,0,0,0,0,8,0,0,0,0,0,0,23,0,0,0,0,6,0,0,2,7,0,2,8,2,0,0,0,0,0,0,0,0,0,0,0,0,0,0,0,0,0,0,0,12,0,0,0,0,1,0,0,0,2,6,0,0,0,1,0,0,0,0,0,0,0,0,0,0,1,0,0,0,0,0,0,0,0,0,0,0,3,0,0,0,0,0,7,0,0,0,2,0,9,0,0,33,0,0,0,27,0,0,0,3,0,0,0,0,0,0,0,0,0,3,0,0,0,0,0,0,0,0,0,0,0,13,0,15,0,0,0,0,0,0,0,0,0,0,0,2,13,0,0,0,0,0,0,0,0,3,0,0,0,0,0,0,0,0,3,0,0,0,2,2,0,0,0,0,0,0,0,0,0,0,0,0,0,0,0,1,0,0,0,0,0,0,1,0,0,2,0,0,0,0,0,0,0,2,1,0,0,0,0,0,0,0,0,0,2,0,0,0,0,0,0,0,0,0,0,2,0,2,0,0,0,0,0,0,0,0,0,0,5,0,0,29,0,0,0,0,0,0,0,0,3,0,0,0,0,0,0,0,0,0,0,0,0,0,0,0,0,0,0,0,0,0,13,0,0,0,2,0,0,1,0,0,0,0,0,0,0,0,9,0,0,0,0,0,0,0,0,0,0,0,0,4,0,0,0,0,0,0,0,0,0,0,0,0,0,0,0,0,0,0,0,0,61,0,0,0,3,0,0,19,0,0,0,0,0,0,0,0,0,2,318,0,0,0,0,0,0,0,0,0,0,0,0,0,0,0,11,0,0,7,0,2,0,0,0,0,0,0,2,0,0,0,0,0,0,0,0,0,0,0,0,0,10,0,0,0,0,27,0,0,0,0,0,0,0,0,0,0,0,0,0,0,0,0,8,0,0,10,0,0,0,14,0,0,0,0,0,2,2,0,0,11,0,0,0,0,0,0,0,0,0,0,2,27,0,0,0,0,0,0,0,0,4,0,0,0,0,0,0,0,0,0,0,6,2,0,0,2,0,0,0,0,0,0,0,0,0,0,5,0,4,7,0,0,0,0,0,99,0,0,3,0,24,0,0,2,0,0,0,16,0,0,0,0,0,0,0,0,2,3,0,0,0,85,0,0,2,2,0,2,1,0,0,0,0,50,0,0,0,0,0
"D21",0,0,0,0,0,0,214,0,0,0,0,0,0,0,0,0,0,0,0,0,0,0,0,0,0,0,0,0,0,0,0,0,0,0,0,0,0,0,0,0,0,0,0,0,0,0,0,0,0,0,0,0,0,0,0,0,0,0,5,0,0,0,0,0,853,0,0,0,0,0,0,0,0,0,0,183,0,0,0,0,0,0,0,0,0,0,0,0,0,0,0,0,0,0,0,0,0,0,0,0,0,0,0,0,0,0,153,0,0,0,0,0,0,0,0,0,0,0,0,0,0,0,0,0,0,0,0,0,0,0,0,0,0,0,0,0,0,0,0,0,0,0,0,0,0,0,0,0,0,0,0,0,0,0,0,0,0,0,0,0,0,0,1470,0,0,1,0,0,0,0,0,0,0,0,0,0,0,0,0,0,0,0,0,0,0,0,0,0,0,85,0,0,0,0,4,0,0,0,0,0,0,0,0,0,0,0,0,0,0,0,0,0,0,0,0,0,0,0,0,0,0,0,0,0,0,0,0,0,0,0,0,0,1365,0,0,0,0,0,0,0,0,0,0,0,0,0,0,0,0,0,0,0,0,0,0,0,0,0,0,0,0,0,0,0,0,0,0,0,0,0,0,0,0,0,0,0,0,0,0,0,0,0,0,0,0,0,0,0,0,0,0,0,0,0,3,0,0,0,0,0,0,0,0,0,0,240,0,0,0,0,10,0,0,0,0,0,0,8,0,0,44,0,0,0,0,0,0,0,0,0,0,0,0,0,0,0,0,0,0,0,0,0,0,0,0,0,0,0,0,0,0,0,0,0,0,0,0,0,0,0,0,0,0,0,0,0,0,0,0,0,0,0,0,0,0,0,0,0,0,0,0,0,0,0,0,0,0,0,0,0,0,0,0,0,0,0,0,0,0,0,0,2078,0,0,0,0,0,0,0,0,0,0,0,0,0,0,0,0,1,0,0,0,0,0,0,0,0,0,0,0,0,0,0,0,0,0,0,0,107,0,0,0,0,0,0,0,0,0,0,2,0,0,0,0,0,0,0,0,0,0,0,0,0,0,0,3,0,0,0,0,0,0,0,0,0,0,0,0,0,0,0,0,0,0,0,0,0,0,0,0,0,0,0,0,0,0,0,0,0,0,0,0,0,0,0,0,0,0,0,0,0,279,0,0,0,0,0,0,0,0,0,0,0,0,0,0,0,0,0,0,0,0,0,0
"D22",0,0,0,0,0,0,0,0,0,0,0,0,0,0,0,0,0,0,2,0,0,0,0,0,0,0,0,0,0,0,0,0,0,0,0,0,0,0,0,0,0,0,0,0,0,0,0,0,0,0,0,0,0,0,0,0,0,0,0,0,0,0,0,0,0,0,0,0,0,0,0,0,22,0,0,0,0,0,0,0,0,0,0,0,0,0,0,0,0,0,0,0,0,0,0,0,0,0,0,0,0,0,5,0,0,0,0,0,0,0,0,0,0,0,0,0,0,0,0,0,0,0,0,0,0,0,0,0,0,0,0,0,0,0,0,0,0,0,0,0,0,0,0,0,0,0,0,0,0,0,0,0,0,0,0,0,8,0,0,0,0,0,0,0,0,0,0,3,0,0,0,20,0,0,0,0,0,0,0,0,0,0,0,0,0,0,0,0,0,0,0,0,0,0,0,0,0,0,0,0,0,0,0,0,0,0,0,0,0,0,0,0,0,6,0,0,0,0,0,0,0,0,6,0,0,0,0,0,0,0,0,0,0,0,7,0,0,0,0,0,0,0,0,0,0,0,0,0,0,0,0,0,0,0,0,0,0,0,0,0,0,0,0,0,0,0,0,0,0,0,0,86,0,0,0,0,0,0,0,0,0,0,0,0,0,0,0,0,0,0,0,0,0,0,0,0,0,0,0,0,0,0,0,0,0,0,0,0,0,0,0,0,0,0,0,0,0,0,0,0,0,0,0,0,0,0,0,0,0,8,0,0,0,0,0,0,0,0,0,0,0,0,0,0,0,0,0,0,0,0,0,0,0,0,0,0,0,0,0,0,0,0,0,0,0,0,0,0,0,0,0,0,0,0,0,0,0,0,0,0,0,0,0,0,0,0,7,0,0,0,0,0,0,0,0,0,0,0,0,0,0,5,2,0,0,0,0,0,0,0,0,0,0,0,0,0,0,0,0,0,0,0,0,0,0,2,0,0,0,0,0,0,0,0,0,0,0,0,0,0,0,0,0,0,0,0,0,0,0,0,0,0,0,0,0,0,0,0,0,0,3,0,0,0,0,0,0,0,0,0,0,0,0,0,0,0,0,0,0,0,0,0,0,0,0,0,0,0,0,0,0,0,0,0,0,0,0,0,0,0,0,0,0,0,0,0,0,0,0,0,0,0,0,0,0,0,0,0,0,0,0,0,0,0,0,0,0,0,0,0,0,0,0,0
"D23",0,0,0,1102,0,0,0,0,0,0,0,0,0,0,0,0,0,0,0,0,0,0,0,19,0,0,123,0,0,0,0,0,0,0,0,0,0,0,0,0,0,0,0,0,0,0,10,0,0,0,2,0,0,0,0,0,0,0,0,0,75,0,0,0,0,0,0,0,133,0,0,0,0,0,21,0,0,0,0,0,0,0,0,0,0,0,0,0,0,0,0,0,0,0,0,0,41,0,0,0,0,0,3958,0,0,0,0,2122,723,0,2,0,0,0,0,0,0,0,0,1140,0,0,0,0,0,0,0,126,0,0,0,0,0,0,4,0,0,0,0,0,0,0,0,5,0,0,0,0,0,0,0,0,40,0,2,0,0,0,0,0,0,0,0,0,0,0,0,0,0,0,0,0,0,0,0,0,0,0,0,0,0,0,0,58,0,0,0,0,0,0,0,0,0,0,0,0,16,21,0,0,0,0,0,0,14,0,0,0,0,0,0,0,0,2,0,0,4,0,0,0,0,0,0,3,0,0,0,0,0,0,0,0,0,0,1491,2,0,0,0,0,0,0,0,0,0,0,0,0,0,0,0,0,0,0,0,37,0,0,0,0,0,0,0,0,0,0,0,0,0,0,2,0,0,0,0,0,0,14,0,0,0,0,0,0,155,0,0,0,0,0,0,0,0,0,0,0,0,0,0,0,0,0,0,0,0,4,0,0,0,0,0,0,0,0,0,6,41,0,0,0,0,0,0,0,0,0,0,0,4,0,0,0,0,0,0,0,0,7,0,0,0,0,0,0,0,0,0,0,0,0,0,0,0,0,0,0,0,0,0,0,0,3877,262,0,0,0,0,0,0,0,43,0,0,3,0,0,0,0,0,0,0,0,0,0,0,0,0,2,0,2,0,0,0,0,0,0,0,0,0,0,0,0,13,98,0,0,0,0,0,0,0,0,0,6,0,0,0,0,0,0,0,0,0,0,0,0,413,0,0,0,0,0,0,2,0,0,0,0,0,0,0,0,7,0,0,0,0,0,0,3,0,0,0,0,0,0,0,0,0,0,0,0,0,85,0,2,0,0,0,0,0,0,0,0,0,0,0,0,0,0,0,0,0,0,0,0,0,0,0,0,0,0,0,0,0,0,312,0,0,0,0,0,0,0,0,0,0,0,0,0,0,0,0,0,0,0,0,0,0,0,0,90,0,0,0,0,0,0,0,0,0,0,0,0
"D24",2,0,0,0,0,0,0,0,0,0,0,0,0,0,0,0,0,0,473,0,0,0,0,0,0,0,0,0,0,0,537,0,0,0,0,0,0,0,0,0,0,6,0,0,0,0,0,0,8069,0,0,0,0,0,0,467,0,0,0,0,0,0,0,0,0,0,669,0,0,0,0,0,2,0,0,192,0,0,1,0,0,0,0,0,0,0,0,0,35,5,0,0,0,0,0,8,0,0,0,0,0,0,0,0,0,0,0,0,0,0,0,0,0,0,2,0,0,0,0,0,0,0,0,0,0,0,0,0,0,0,0,0,2,0,0,0,0,0,2,0,0,0,0,11,0,0,0,0,0,0,0,0,0,0,5538,0,0,0,0,0,0,3,0,0,0,70,0,549,0,0,0,0,0,0,0,0,0,0,0,0,0,383,0,0,0,0,0,0,0,0,0,0,0,0,0,0,0,0,0,0,0,0,0,0,0,25,0,0,0,0,0,0,0,0,0,0,0,0,0,0,0,0,0,0,0,358,0,0,0,23,0,0,0,0,0,0,0,0,0,0,0,0,0,0,0,0,0,0,0,0,0,0,0,0,0,0,637,0,0,0,162,0,1235,1,0,0,0,0,0,0,0,0,0,0,0,1146,0,0,0,0,0,0,0,0,0,0,0,0,0,0,0,0,0,0,0,0,0,0,143,0,0,0,0,0,0,3852,0,0,0,450,133,0,0,0,0,0,0,0,0,0,0,0,0,0,0,36,0,0,0,0,0,3,0,0,0,0,0,0,0,0,3,0,0,0,0,0,0,0,0,1874,0,0,0,6,0,0,0,0,0,0,0,0,0,0,0,0,0,64,0,0,0,0,0,0,0,0,0,0,7,0,0,0,0,0,0,0,0,0,8,0,0,0,0,0,0,0,0,0,0,0,0,123,0,0,0,0,0,0,0,199,0,0,0,32,0,0,0,0,0,0,0,0,0,56,2,0,0,0,0,0,0,0,0,0,0,0,0,0,0,0,3,0,0,1,0,0,0,0,0,0,0,0,0,0,0,0,0,0,0,0,0,0,0,0,0,0,0,0,0,0,0,0,0,0,0,0,0,0,0,0,0,0,0,0,2,0,0,0,0,0,0,0,0,0,0,0,0,0,0,0,0,0,0,0,56,0,0,0,0,0,0,0,0,0,0,0,0,0,0,0,0,0,0,0,0,0,0,0,0,0,0,0,0,0
"D25",0,0,0,0,0,0,0,0,0,0,0,0,0,14,0,0,0,5,8,0,0,0,0,0,0,0,0,0,0,0,2,220,0,0,0,3,0,0,0,0,0,0,0,0,118,0,0,0,0,0,0,0,0,0,0,12,0,0,0,22,0,0,49,0,0,0,0,0,0,0,0,0,0,0,0,0,0,0,406,0,0,0,2,20,0,286,0,0,0,0,3,0,0,0,0,183,0,0,0,0,0,0,0,0,0,0,0,0,0,0,0,0,0,0,0,0,0,0,0,0,0,0,0,0,0,0,0,0,196,0,0,0,2,0,0,0,0,0,39,0,0,0,0,0,0,0,0,0,0,0,0,0,0,0,0,0,0,0,0,0,0,0,0,0,0,0,0,0,0,0,0,0,0,0,0,0,0,179,0,0,0,0,0,0,0,0,0,0,0,0,0,0,0,0,0,0,0,0,0,0,0,0,0,18,0,0,0,0,0,0,0,0,0,0,0,0,0,0,0,0,0,0,0,0,0,0,0,0,0,0,0,0,0,0,0,0,0,0,0,0,0,5,0,0,0,0,0,0,0,0,0,0,0,0,0,0,0,0,0,0,0,0,0,24,0,0,0,0,0,0,0,0,0,0,0,0,0,0,27,48,0,0,0,0,0,0,0,0,0,0,0,0,0,0,0,0,0,0,0,0,0,0,0,0,0,0,0,0,0,0,0,0,0,0,0,0,0,0,0,0,0,19,0,0,0,0,0,0,0,0,0,0,0,0,0,0,0,0,0,0,9,0,0,0,0,0,0,0,0,0,0,450,36,4123,0,0,0,0,0,0,0,0,0,0,0,0,0,2434,0,0,0,0,0,0,0,0,0,0,0,10,0,0,0,0,0,0,3,0,0,0,0,0,0,0,0,0,0,0,0,0,0,0,0,0,0,0,0,0,0,0,0,0,0,0,0,0,0,0,0,0,0,0,0,4232,0,0,0,0,0,0,0,0,257,0,0,0,0,0,0,0,7,0,0,0,0,0,0,0,0,0,0,0,0,0,0,0,0,0,0,0,0,0,0,0,0,0,0,0,0,0,0,0,31,0,0,0,0,0,0,0,0,0,0,0,242,0,0,0,0,0,867,0,0,0,0,0,0,0,0,0,0,0,0,0,0,0,620,0,0,3,0,0,202,0,0,0,0,0,0,0,0,0,0,0,0,21,7,0,0,0,0,0,0,0
"D26",0,0,0,0,0,0,0,0,0,1314,0,0,0,0,3766,52,0,26,0,0,47,0,0,0,0,0,0,0,0,0,0,0,0,0,0,0,0,0,17,0,0,0,0,0,88,4,0,0,2242,0,0,0,0,0,0,0,0,0,0,0,0,0,243,0,0,0,0,0,0,0,0,0,0,0,0,0,11,8,0,0,0,0,6,0,0,0,0,0,0,0,364,0,0,0,0,0,0,0,0,0,1,0,0,0,0,0,0,0,0,0,0,6,0,0,0,18,0,0,0,0,0,0,0,0,0,0,0,0,0,0,0,0,22,0,0,0,0,0,0,0,0,0,0,0,0,0,0,655,0,0,0,0,0,0,0,0,0,0,0,0,0,0,0,0,0,0,0,0,0,0,0,0,0,0,0,0,0,0,0,0,0,0,0,0,0,0,0,0,0,0,0,0,0,0,0,0,0,0,97,0,0,0,0,0,23,5,0,0,0,0,0,0,0,0,0,0,0,0,0,0,0,213,0,0,0,0,0,0,0,0,0,0,0,0,0,0,0,0,0,0,0,0,0,0,0,0,0,0,0,0,0,0,0,0,1818,0,0,0,0,0,0,14,0,0,0,2,0,0,0,0,0,370,0,0,0,0,0,0,0,0,0,0,0,0,0,0,0,0,0,14,0,0,0,0,0,0,0,0,9,0,0,0,0,0,0,0,0,0,0,0,0,0,0,0,0,0,0,0,0,0,0,0,0,0,0,0,0,0,0,0,0,10,0,0,0,549,0,0,0,0,0,0,0,0,0,0,0,0,0,0,0,0,5,0,0,0,0,0,0,0,0,0,0,0,0,436,0,0,0,42,0,0,0,0,0,0,0,0,0,178,0,0,0,0,0,0,0,0,3,0,0,0,0,0,0,0,22,0,0,0,0,0,0,0,0,2,0,0,0,0,0,0,0,0,0,0,0,0,0,28,0,0,0,0,0,0,0,0,0,0,0,0,0,0,0,0,0,0,0,0,0,0,0,0,0,0,0,0,0,0,0,0,0,0,0,73,0,0,0,0,9,0,0,0,0,0,0,0,0,0,371,0,0,0,0,0,0,0,0,0,0,0,0,0,2646,0,0,0,0,0,0,0,0,387,0,0,0,0,0,0,0,0,0,0,2,0,0,0,0,0,0,5,3,0,0,0,17,0,0,0,0,0,0,0,0,0,366,0,37,0,0,0,0,0
"D27",0,0,0,0,3,0,0,3,0,0,0,0,0,0,0,0,0,0,6,0,0,8,0,0,0,0,0,0,0,0,0,0,0,0,0,0,0,0,0,0,0,0,0,0,0,0,0,69,79,7,0,0,0,0,0,0,0,0,0,0,0,4,0,0,0,0,0,78,0,2,0,0,0,0,0,4,0,0,0,0,0,0,0,8,0,0,2,0,0,0,0,0,0,0,2,0,0,0,0,0,0,0,0,0,0,0,0,0,0,13,0,2,0,0,1724,0,0,0,0,0,0,0,0,0,0,0,0,0,0,0,0,0,75,6,11900,0,0,0,80,0,0,0,0,0,0,0,0,0,0,0,0,0,0,0,26,0,0,0,0,0,3,0,0,1,0,0,0,0,17,0,0,0,0,0,0,0,32,0,0,7,0,0,0,0,0,0,0,0,0,0,0,0,0,0,0,0,0,0,0,0,0,36,0,0,0,0,0,0,0,0,0,0,0,6,54,70,0,0,0,0,0,3,0,0,16,0,0,0,0,0,0,0,0,0,2,0,0,0,0,0,3,0,0,0,0,0,0,0,5,0,0,0,0,0,49,0,0,0,0,0,0,0,0,0,0,0,0,0,0,0,0,0,0,0,0,0,0,0,0,0,0,0,14,0,0,0,0,4,0,0,0,0,0,0,0,0,0,0,318,0,0,0,0,35,0,0,0,0,0,0,0,0,0,2,0,0,0,0,0,1,0,43,0,5,0,210,0,0,0,0,0,5,0,0,0,0,0,0,0,0,0,0,0,10,0,0,0,0,0,0,0,0,0,0,0,46,0,0,0,0,0,0,0,0,0,0,0,0,0,0,0,3,0,0,0,0,0,0,10,0,0,0,0,0,0,0,7,0,0,0,0,0,0,0,0,0,0,67,0,0,0,0,0,0,0,10,0,0,0,0,0,0,0,46,0,0,0,0,0,0,530,0,0,0,0,2,0,0,0,0,0,0,0,0,0,0,0,0,0,0,2,0,0,0,0,50,0,0,0,0,0,0,0,0,0,0,0,27,0,0,0,0,0,0,0,0,0,178,0,0,0,0,0,0,0,0,0,0,0,0,0,0,0,0,1,0,0,4,0,0,83,101,0,0,0,1,0,0,0,0,0,0,0,0,0,0,0,0,0,0,0,2,0,0,0,0,0,0,0,1,0,0,0,7,164,15,0,2,0,0,0,0,25,0
"D28",0,0,0,61,0,0,0,0,0,0,0,0,0,0,0,0,0,0,0,0,0,0,0,0,0,0,0,0,0,0,0,0,0,0,0,0,0,0,0,0,0,0,0,0,0,0,0,0,0,0,0,0,0,0,0,0,0,0,0,0,0,0,0,0,0,0,0,0,0,0,0,0,0,0,0,0,0,0,0,0,0,0,0,0,0,0,0,0,0,0,0,0,0,0,0,0,2,0,0,0,0,0,0,16,0,0,0,0,0,0,0,0,0,0,0,0,0,0,0,0,0,0,0,3,0,0,0,0,0,0,0,0,0,0,0,0,0,0,0,0,0,0,0,0,0,0,0,0,0,0,0,0,0,0,0,0,12,0,0,0,0,0,0,0,0,0,0,0,0,0,0,0,0,0,0,0,0,0,0,0,0,0,0,0,0,0,0,0,0,0,0,0,0,0,0,0,0,0,0,0,0,0,0,0,0,0,0,0,0,0,0,0,0,0,0,0,0,0,0,0,0,0,0,273,0,0,0,0,0,0,0,0,0,0,5,0,0,0,0,0,0,0,0,426,0,0,0,0,0,0,0,0,0,0,0,0,0,0,0,0,0,0,0,0,0,0,0,0,0,0,0,0,0,0,0,0,0,0,0,0,0,0,0,0,0,0,0,0,11,0,0,0,0,0,0,0,0,0,0,0,0,0,0,0,0,0,0,0,0,0,0,0,0,0,0,0,0,0,0,0,0,0,0,0,0,0,0,0,0,0,0,0,0,0,0,0,0,0,0,0,0,0,0,0,0,0,0,0,0,0,0,0,0,0,0,0,0,0,0,0,0,61,0,0,0,0,0,0,0,0,0,0,0,0,0,0,0,0,0,0,0,0,0,0,0,0,0,2428,0,0,0,0,0,0,0,0,0,0,0,0,0,0,0,0,0,0,0,0,0,0,0,3,0,0,0,0,0,0,0,0,0,0,0,0,0,0,0,0,0,0,0,0,0,669,0,0,0,0,0,0,0,0,0,0,0,0,0,0,0,0,0,0,0,0,0,0,0,0,0,0,0,0,0,7,0,0,0,0,0,0,0,0,0,0,0,0,0,0,0,0,0,0,0,0,0,0,0,0,0,0,0,0,0,0,0,0,0,0,0,0,0,0,0,0,0,0,0,0,0,0,0,0,0,0,0,0,0,0,0,0,0,0,0,0,0,0,0,0,0,0,0,0,0,0
"D29",0,0,0,0,0,0,0,0,0,0,0,0,0,0,0,0,0,0,0,0,0,0,0,0,0,0,0,0,0,0,0,0,0,0,0,0,0,0,0,0,0,0,0,0,0,0,0,0,0,0,0,0,0,0,0,0,0,0,0,0,0,0,0,0,0,0,0,0,0,0,0,0,0,0,0,0,0,0,0,0,0,0,0,0,0,0,0,0,0,0,0,0,0,0,0,0,0,0,0,0,0,0,0,0,0,0,0,0,0,0,0,0,0,0,0,0,0,0,0,0,0,0,0,0,0,0,0,0,0,0,0,0,0,0,0,0,0,0,0,0,0,0,0,0,0,0,0,0,0,0,0,0,0,0,0,0,0,0,0,0,0,0,0,0,0,0,0,0,0,0,0,0,0,0,0,0,0,0,0,0,0,0,0,0,0,0,0,0,0,0,0,0,0,0,0,0,0,0,0,0,0,0,0,0,0,0,0,0,0,0,0,0,0,17,0,0,0,0,0,0,0,0,0,0,0,0,0,0,0,0,0,0,0,0,0,0,0,0,0,0,0,0,0,0,0,0,0,0,0,0,0,0,0,0,0,0,0,0,0,0,0,0,0,0,0,0,0,0,0,0,0,0,0,0,0,0,0,0,0,0,0,0,0,0,0,0,0,0,0,0,0,0,0,0,0,2940,0,0,0,0,0,0,0,0,0,0,0,0,0,0,0,0,0,0,0,0,0,0,0,0,0,0,0,0,0,0,0,0,0,0,0,0,0,0,0,0,0,0,0,0,0,0,0,0,0,0,0,0,0,0,0,0,0,0,0,0,0,0,0,0,0,0,0,0,0,0,0,0,0,0,0,0,0,0,0,0,0,0,0,0,0,0,0,0,0,0,0,0,0,0,0,0,0,0,0,0,0,0,0,0,0,0,0,0,0,0,0,0,0,0,0,0,0,0,0,0,0,0,0,0,0,0,0,0,0,0,0,0,0,0,0,0,0,0,0,0,0,0,0,0,0,0,0,0,0,0,0,0,0,0,0,0,0,0,0,0,0,0,0,0,0,0,0,0,0,0,0,0,0,0,0,0,0,0,0,0,0,0,0,0,0,0,0,0,0,0,0,0,0,0,0,0,0,0,0,0,0,0,0,0,0,0,0,0,0,0,0,0,0,0,0,0,0,0,0,0,0,0,0,0,0,0,0,0,0,0,0,0,0,0,0,0,0,0
"D30",0,6,0,40,0,0,0,0,0,0,0,0,0,0,0,0,0,0,7,8,0,0,0,87,0,0,0,0,0,0,0,0,0,0,0,0,0,0,0,0,0,0,0,0,0,0,0,0,0,0,3,0,0,0,8,0,0,0,0,0,810,0,0,0,0,0,0,0,5,0,0,0,0,0,0,0,0,0,0,110,0,0,0,0,0,0,0,0,0,0,0,0,0,0,0,0,105,4,0,0,0,0,1509,4078,0,0,0,197,1,0,0,0,0,0,0,0,0,0,0,77,0,0,0,169,0,0,41,28,0,0,0,0,0,0,0,0,0,0,0,0,0,0,0,9,0,0,0,0,0,0,0,0,7,0,4,0,801,0,0,0,0,0,0,0,0,0,0,0,0,0,0,680,0,2,0,0,0,0,0,0,0,0,0,11,0,0,0,0,0,0,0,0,0,0,0,0,0,11,0,0,0,0,0,0,0,0,0,0,0,0,0,0,0,0,0,0,8,0,0,5,0,0,6,2,0,37,0,0,0,0,0,0,0,0,1394,51,0,6,0,0,0,0,0,0,0,0,0,0,0,0,90,0,0,0,3,21,0,0,0,0,4,0,0,0,0,0,0,0,0,0,0,0,0,0,0,0,0,34,0,0,0,0,0,0,59,0,0,0,176,0,0,0,0,0,0,0,0,0,0,0,0,0,0,0,0,0,0,7,0,0,0,0,0,0,0,0,40,0,0,0,25,0,0,57,0,0,0,0,3,0,0,0,0,0,0,0,0,13,59,0,0,0,0,0,0,0,0,10,0,0,0,0,0,0,0,0,0,0,0,0,0,0,68,0,0,0,55,0,0,0,5,0,0,6,0,0,0,0,0,0,0,0,0,0,0,0,0,0,0,0,0,0,0,0,0,0,0,0,0,0,28,0,103,146,0,0,0,0,0,0,0,102,0,1,2,0,0,0,0,0,0,0,0,0,0,263,52,0,10,0,0,0,0,2,5,0,3,0,0,0,0,0,0,0,16,0,0,0,0,0,0,0,0,0,0,0,0,0,0,0,0,0,0,0,12,0,0,0,0,0,0,0,0,0,1,0,0,0,0,0,0,0,0,0,0,0,0,0,0,0,0,0,0,0,0,0,29,0,0,0,0,0,3,62,6,0,0,0,0,0,0,0,0,0,0,0,0,0,0,0,0,29,0,0,0,0,0,0,0,0,0,3,464,0
"D31",0,12,0,0,0,0,0,0,0,0,0,12,0,10,6,5,0,7,0,0,239,13,0,0,0,1,0,0,9,2,3,0,0,0,3,0,1,0,546,0,363,0,23,0,26,0,0,0,0,0,0,0,0,0,0,0,44,0,0,18,0,0,396,2,0,0,0,0,0,0,0,0,0,0,0,0,0,0,0,0,0,0,3,0,4,1,0,7,0,0,3,15,78,0,0,0,0,0,0,88,7,2,0,0,0,0,0,0,0,0,0,24,0,0,73,0,3,0,0,0,0,0,0,0,0,9,0,0,103,7,0,20,0,0,0,0,0,0,0,0,0,0,0,0,0,0,0,1,0,0,0,0,0,0,0,0,0,0,17,0,0,0,0,0,0,0,0,0,0,0,0,0,0,0,0,0,0,44,0,0,0,0,0,0,0,0,0,0,0,0,0,0,2,0,0,0,0,0,13,2,3,0,0,0,8,2,19,0,0,0,0,8,0,0,0,0,10,7,0,0,0,0,0,0,0,0,0,0,0,0,4,0,0,0,0,0,0,3,0,0,0,97,5,0,0,2,2,0,0,0,0,9,0,0,296,0,0,10,0,0,0,0,2,0,0,59,167,0,0,0,0,2,0,0,5,0,0,0,7,154,0,0,0,2,0,0,0,37,0,2,0,0,2,0,0,0,12,0,0,478,0,7,0,0,0,0,6,0,0,0,2,0,0,0,57,0,0,0,0,0,0,4,0,0,0,0,0,0,0,0,0,0,0,0,0,53,19,0,0,0,0,0,0,0,0,0,0,0,0,0,0,0,0,0,18,0,0,0,0,0,0,0,0,0,0,0,0,0,2,0,0,0,0,0,0,0,56,0,0,99,0,0,34,0,0,0,0,0,0,0,18,0,0,0,0,0,65,0,6,2,0,0,4,0,0,0,0,0,0,0,0,0,2,0,0,0,0,0,0,2,0,0,0,0,0,0,0,0,0,0,0,0,2,0,0,0,0,4,0,3,0,175,0,0,0,0,144,7,0,0,0,0,0,0,0,313,0,15,4,75,0,0,0,0,0,7,0,0,26,0,33,0,7,9,0,0,0,0,0,0,0,0,0,0,14,0,0,0,0,6,0,0,0,11,0,0,0,0,0,0,0,0,0,3,0,0,143,0,44,11,0,476,19,0,0,0,0,0,0,0,6,0,0,0,0,36,26,154,0,0,0,0,16,0
"D32",0,0,0,0,0,0,0,0,0,0,0,0,0,0,0,0,0,0,0,0,0,0,0,0,0,0,0,0,0,0,0,0,0,0,0,0,0,0,0,12,0,0,0,0,0,0,0,0,0,0,0,0,0,0,0,0,0,0,0,0,0,0,0,0,0,0,0,0,0,0,0,0,0,0,0,0,0,0,0,0,0,0,0,0,0,0,0,0,0,0,0,0,0,0,0,0,0,0,0,0,0,0,0,0,0,0,0,0,0,0,0,0,0,0,0,0,0,0,0,0,0,0,0,0,0,0,2,0,0,0,0,0,0,0,0,0,0,0,0,0,0,0,0,0,0,0,0,0,0,0,0,0,0,0,0,0,0,0,0,0,0,0,0,0,0,0,0,0,0,0,0,0,0,0,0,0,0,0,0,0,0,0,0,0,0,0,0,0,0,0,0,0,0,0,0,0,0,0,0,0,0,0,0,0,0,0,0,0,0,0,0,0,0,0,0,0,0,0,0,0,0,0,0,0,0,0,0,0,0,0,0,0,0,0,0,0,0,135,0,0,0,0,0,0,0,0,0,0,0,0,0,0,0,0,0,0,0,0,0,0,0,0,0,0,0,0,0,0,0,0,0,0,0,0,0,0,0,0,0,0,0,0,0,0,0,0,0,0,0,0,0,0,0,0,0,0,0,0,0,0,0,0,0,0,0,0,0,0,0,0,0,0,0,0,0,0,0,0,0,0,0,0,0,0,0,0,0,0,0,0,0,0,0,0,0,0,0,0,0,0,0,0,0,0,0,0,0,0,0,0,0,0,0,0,0,0,0,0,0,0,0,0,0,0,0,0,0,0,0,0,0,0,0,0,0,0,0,0,0,0,0,0,0,0,0,0,0,0,0,0,0,0,0,0,0,0,0,0,0,0,0,0,0,0,0,0,0,0,0,0,0,0,0,0,0,0,0,0,0,0,0,0,0,0,0,0,0,0,0,0,0,0,0,0,0,0,0,0,0,0,0,0,0,0,0,0,0,0,0,0,0,0,0,0,0,0,0,0,0,0,0,0,0,18,0,0,0,0,0,0,0,0,0,0,0,0,0,0,0,0,0,0,0,0,0,0,0,0,0,0,0,0,0,0,0,0,0,0,0,0,0,0,0,0,0,0,0,0,0,0,0,0,0,0,0,0,0,0,0,0,0,0,0,0,0,0,0,0,0,0,0,0,0,0
"D33",0,0,0,45,0,0,5,0,0,0,0,0,0,0,0,0,0,0,6,0,0,0,0,4,1,0,7,0,0,0,0,1,0,0,0,2,0,0,0,0,0,0,0,406,0,0,0,7,177,0,0,0,0,0,0,1,0,0,16,0,7,0,0,0,0,0,0,0,2,0,0,0,0,0,7,0,0,0,0,0,0,0,0,0,0,0,0,0,0,0,0,0,0,0,0,0,11,0,0,0,0,0,240,4,0,0,2,18,0,0,0,0,0,0,0,0,0,0,0,0,0,0,0,23,0,0,0,3,0,0,0,0,0,0,0,0,0,0,0,0,2,0,0,0,0,0,0,0,0,0,0,0,2,0,2,0,233,0,0,0,0,0,67,0,0,6,0,0,0,0,0,0,0,2,0,0,0,0,0,0,0,0,0,0,0,0,0,0,0,0,0,0,0,0,2,0,0,8,0,0,0,0,0,0,2,0,0,0,2,0,0,0,0,0,0,0,2,0,0,0,0,0,0,0,0,0,0,0,0,0,0,0,0,0,427,2,0,2851,0,0,0,0,0,3,0,0,0,0,0,0,0,0,0,0,0,0,0,0,0,2,4,0,0,0,0,0,0,0,0,0,0,695,0,0,0,2,0,0,0,0,0,0,0,0,0,0,0,0,17,0,0,0,0,0,0,0,0,0,1722,0,0,0,0,0,0,3,0,0,0,0,0,0,0,0,0,4,1,2,0,0,1,0,0,0,0,0,0,0,2,0,0,0,0,0,0,0,0,4,0,0,0,0,0,0,0,0,0,4,0,2,0,0,0,0,0,0,0,0,0,0,0,26,13,0,0,0,16,0,0,0,2,0,0,0,0,0,0,0,0,0,0,0,0,0,0,0,0,2,2,0,0,0,0,0,0,0,0,0,0,0,0,0,0,0,0,0,0,0,0,0,0,12,0,7,2,0,0,0,0,2,0,0,0,0,0,30,42,0,0,0,0,0,0,0,0,0,53,0,0,0,0,0,2,0,0,1,0,0,0,0,0,0,0,0,0,0,0,0,0,0,0,0,0,0,32,310,0,0,0,0,0,0,0,0,0,0,0,0,0,0,0,0,0,0,0,0,0,0,0,0,0,114,0,0,2,0,3,0,0,0,0,0,0,0,0,0,0,0,0,0,0,0,0,0,0,0,0,0,0,0,0,0,0,0,0,0,0,0,0,13,0,0,0,0
"D34",0,0,0,0,0,0,0,0,0,0,0,0,49,0,0,0,0,0,22,0,0,0,0,0,94,0,0,0,0,0,0,103,0,0,0,0,0,0,0,0,0,0,0,0,0,0,0,49,0,0,0,0,0,0,0,0,0,0,76,0,0,0,0,0,91,0,0,0,0,0,0,0,0,0,0,0,0,0,0,0,0,0,0,0,0,0,0,0,0,3,0,0,0,0,0,0,0,0,0,0,0,0,0,0,0,0,244,0,0,0,0,22,0,0,0,0,0,0,0,0,0,0,0,0,0,0,0,0,0,3,0,0,0,0,32,0,0,0,0,0,0,0,0,0,0,0,0,0,0,7,0,0,0,0,0,0,0,0,0,0,0,0,314,0,0,0,0,0,0,0,0,0,0,0,0,0,0,0,0,0,0,0,0,0,0,0,0,0,0,75,0,4,0,0,3,0,0,0,0,0,0,0,0,0,2,0,0,0,0,0,0,0,92,0,0,0,0,0,56,0,0,0,0,0,0,10,0,0,0,2,0,2,54,0,0,0,0,0,0,0,0,0,0,0,0,0,0,0,3,0,72,0,0,0,0,0,0,0,0,0,0,0,0,23,0,0,0,0,0,0,1,84,0,0,0,383,0,0,0,0,0,0,0,0,0,0,0,0,0,0,0,0,0,0,323,0,0,0,13,0,0,0,0,0,0,1,0,0,0,177,207,0,0,0,0,0,0,0,0,0,0,0,0,0,0,0,0,0,0,0,0,0,0,0,0,0,0,0,1,0,0,0,0,0,0,0,0,0,0,0,7,0,0,0,0,0,0,0,0,0,0,0,0,0,0,0,0,0,6,0,0,0,0,0,0,4,0,0,0,0,0,0,0,0,0,0,13,0,0,0,0,0,0,0,0,0,0,0,0,0,0,74,0,0,0,0,0,0,0,0,0,0,0,26,0,0,0,0,0,0,0,0,0,0,0,0,0,0,0,0,0,0,0,0,0,0,0,0,23,0,0,0,0,0,0,0,0,0,0,103,0,0,0,0,0,0,0,0,0,0,0,0,0,39,0,0,0,0,0,0,0,0,0,0,0,0,0,0,0,0,0,0,0,18,0,0,0,0,4,0,0,518,0,0,7,0,0,5707,0,0,0,0,0,0,0,0,0,0,0,0,0,16,0,0,0,0,0,0,0,0,0,0,0,0,0,0,0,0,0,4,0,0,0,0
"D35",0,0,0,0,0,0,0,0,0,0,0,0,0,0,0,0,0,0,0,0,0,0,0,0,0,0,0,0,0,0,0,0,0,0,0,0,0,0,0,0,0,0,0,0,0,0,0,0,0,0,0,0,0,0,0,0,0,0,0,0,0,0,0,0,0,0,0,0,0,0,0,0,0,0,0,0,0,0,0,0,0,0,0,0,0,0,0,0,0,0,0,0,0,0,0,0,0,25,0,0,0,0,0,0,0,0,0,0,0,0,0,0,0,0,0,0,0,0,0,0,0,0,0,0,0,0,0,0,0,0,0,0,0,0,0,0,0,0,0,0,0,0,0,0,0,0,0,0,0,0,0,0,0,0,0,0,0,0,0,0,0,0,0,0,0,0,0,0,0,0,0,0,0,0,0,8,0,0,0,0,0,0,0,0,0,0,0,0,0,0,0,0,0,0,0,0,0,0,0,0,0,0,0,0,382,0,0,0,0,0,0,0,0,0,0,0,0,0,0,0,0,0,0,0,0,0,0,0,0,0,0,0,0,0,0,0,0,0,0,0,0,0,0,0,0,0,0,0,0,0,0,0,0,0,0,0,0,0,0,0,0,0,0,0,0,0,0,0,0,0,0,0,0,0,0,0,0,0,0,0,0,0,0,0,0,0,0,0,0,11,0,0,0,0,0,0,0,0,0,0,0,0,0,0,0,0,0,0,0,0,0,0,0,0,0,0,0,0,0,0,0,0,0,0,0,0,0,0,0,0,0,0,0,0,0,0,0,0,0,0,0,0,0,0,0,0,0,0,0,0,0,0,0,0,0,0,0,0,0,0,0,0,0,0,0,0,0,0,0,0,0,0,0,0,0,0,0,0,0,0,0,0,0,0,0,0,0,69,0,0,0,0,0,0,0,0,0,0,0,0,0,0,0,0,0,0,0,0,0,0,0,0,0,0,0,0,0,0,0,0,0,0,0,0,0,0,0,0,0,0,0,0,0,0,0,0,0,0,0,0,0,0,0,0,0,0,0,0,0,586,0,0,0,0,0,0,0,0,0,0,0,0,0,220,0,0,0,0,0,0,0,0,0,0,0,0,0,0,0,0,0,0,0,0,0,0,0,0,0,0,0,0,0,0,0,0,0,14911,0,0,0,0,0,0,0,0,0,0,0,0,0,168,0,0,0,0,0,0,0,0,0,0,0,0,0,0,0,0,0,0,0,0,0,0
"D36",5,0,0,0,0,0,0,13,1,0,0,0,0,0,0,0,0,0,0,0,0,0,0,0,0,5,0,3,0,0,0,0,27,0,5,0,8,0,8,0,0,3,0,0,0,0,0,0,98,0,3,43,0,31,6,0,0,0,0,55,0,0,0,10,0,3,8,0,0,0,15,15,18,0,0,0,0,0,0,0,0,298,0,0,0,0,0,0,0,3,0,0,8,14,0,0,0,0,5,109,0,0,0,0,0,0,5,0,0,0,2,0,0,0,0,4,0,0,0,0,0,0,12,0,0,0,0,0,0,7,2,15,0,5,0,0,3,49,39,0,7,0,0,0,0,0,0,0,0,1,7,0,0,11,5,0,0,14,0,0,0,0,12,0,0,0,2,1,2,17,2,0,0,0,8,0,0,0,0,0,0,0,0,0,0,76,0,0,0,0,0,5,9,8,0,0,0,0,0,4,0,21,3,13,0,0,0,0,1,135,1,6,0,0,0,0,0,0,0,5,0,25,0,0,0,0,0,9,0,4,68,0,0,0,0,0,0,0,9,26,0,0,0,0,0,5,0,0,2,2,0,0,0,59,31,0,0,0,2,0,1,0,0,0,0,0,0,2,1,0,0,27,22,1,12,0,0,0,0,2,44,11,0,5,0,32,0,4,0,0,0,0,0,16,0,0,0,0,0,0,0,20,0,0,0,0,0,26,38,0,0,0,0,68,0,0,0,0,4,0,0,0,40,0,0,14,7,0,10,3,7,0,0,6,0,0,2,0,0,3,0,25,3,215,0,0,0,0,0,0,1,0,0,0,0,0,0,0,0,0,5,0,0,117,0,0,0,0,0,0,0,0,0,0,2,0,0,0,0,0,0,0,0,6,0,0,0,0,0,0,0,2,0,0,0,0,0,0,0,0,0,0,0,0,0,0,0,0,0,0,0,0,0,3,3,0,0,32,0,4,3,0,0,0,0,0,0,0,0,0,5,0,5,0,0,0,0,0,0,4,0,0,0,0,0,0,25,0,2,0,3,6,4,0,24,0,0,1,0,4,0,0,27,2,0,85,0,59,34,2,0,9,2,0,0,7,10,136,2,0,176,0,0,4,24,0,0,0,14,7,0,0,0,0,19,6,0,0,44,0,0,4,37,0,3,0,0,1,0,0,0,59,0,0,15,60,0,0,0,0,17,0,0,0,0,0,0,25,0,0,2,0,0,16
"D37",3,0,0,0,0,0,0,0,0,0,0,0,0,0,0,0,0,0,0,0,0,0,0,0,0,0,0,0,0,0,0,0,0,0,0,10,0,0,0,0,0,0,0,0,0,0,0,0,0,0,0,0,0,0,0,0,0,0,0,0,0,0,0,0,0,0,5645,0,0,0,0,0,0,0,0,0,0,0,0,0,0,0,0,0,0,0,0,0,0,0,0,0,0,0,0,0,0,0,0,0,0,0,0,0,0,0,215,0,0,0,0,0,0,0,0,0,0,0,0,0,0,0,0,0,0,0,0,0,0,0,0,0,0,0,0,200,0,0,0,0,0,0,0,0,0,0,0,0,0,0,0,0,0,0,284,0,0,0,0,0,0,0,794,0,0,0,0,0,0,0,0,0,0,0,0,0,0,0,0,0,0,0,0,0,0,0,0,0,0,0,0,0,0,0,36,0,0,0,0,0,0,0,0,0,0,0,0,0,0,0,0,0,0,0,0,0,0,0,18,0,0,0,0,0,0,0,0,0,0,0,0,0,2672,0,0,0,0,0,0,0,0,0,0,0,0,0,0,45,0,0,5,0,0,0,0,0,26,0,0,0,11,0,0,0,0,0,0,0,0,0,0,0,0,0,0,0,0,0,0,0,0,0,0,0,0,0,0,0,0,0,0,0,0,0,0,0,0,0,0,0,0,0,0,0,0,44,0,0,0,0,96,0,0,0,0,0,0,0,0,0,0,0,0,0,0,0,0,0,0,0,0,0,0,0,0,0,0,0,0,0,0,0,0,0,0,0,0,0,0,0,0,0,0,0,0,0,0,0,0,0,0,0,0,0,0,0,0,0,0,0,0,0,0,0,0,0,0,0,0,0,0,0,0,0,0,0,0,0,0,2,0,0,0,0,0,0,0,0,0,0,0,0,1,0,0,0,0,0,0,0,0,0,0,77,0,0,0,0,0,0,0,0,0,0,0,0,0,0,0,0,0,0,0,2,0,0,0,0,7,0,0,0,0,0,0,0,0,0,0,0,0,0,0,0,0,0,0,0,0,0,0,0,0,0,0,0,0,0,0,0,0,0,0,0,0,0,0,0,4,0,0,0,0,0,0,0,0,0,0,0,0,0,0,0,0,0,0,0,0,0,0,0,0,0,6,0,0,0,0,0,0,552,0,0,0,0,0,0,0,0,0,0,0,0,0,0,0,0,0,0,0,0,0,0
"D38",0,0,0,0,0,0,0,0,0,0,0,0,0,0,0,0,0,0,0,0,0,0,0,0,0,0,0,0,0,0,0,0,0,0,0,0,0,0,0,12,0,0,0,0,0,0,0,0,0,0,0,0,0,0,0,0,0,0,0,0,2,0,0,0,0,0,0,0,0,0,0,0,0,0,0,0,0,0,0,0,0,0,0,0,0,0,0,0,0,0,0,0,0,0,0,0,0,351,0,0,0,0,0,0,0,0,0,0,0,0,0,0,0,0,0,0,0,0,0,0,0,0,0,0,0,0,0,0,0,0,0,0,0,0,0,520,0,0,0,0,0,0,0,0,0,0,0,0,0,0,0,0,0,0,0,0,0,0,0,0,0,0,0,0,0,0,0,0,0,0,0,0,0,0,0,0,0,0,0,0,0,0,0,0,0,0,0,0,0,0,0,0,0,0,0,0,71,0,0,0,0,0,0,0,1314,0,0,0,0,0,0,0,0,0,0,0,0,0,0,0,0,0,0,504,0,0,0,0,0,0,0,0,0,0,2,0,0,0,0,0,0,0,0,0,0,0,0,0,0,0,0,0,0,0,0,0,0,0,0,0,0,0,0,0,0,0,0,0,0,0,0,0,0,0,0,0,0,0,0,0,0,0,0,0,0,0,0,0,0,0,0,0,0,0,0,0,0,0,0,0,0,0,0,0,0,0,0,0,0,0,0,0,0,0,0,91,0,0,0,0,0,0,0,0,0,0,0,0,0,0,0,0,0,0,0,0,0,3,0,0,0,0,0,0,0,0,0,0,0,0,0,0,0,0,0,0,0,0,0,0,0,0,0,0,0,0,0,0,0,0,0,0,0,0,0,0,0,0,0,0,0,0,0,0,0,0,0,6,0,0,0,0,0,0,0,0,0,0,0,0,0,0,2,0,0,0,0,0,0,0,0,0,0,0,0,0,0,0,0,0,0,0,0,0,0,0,0,0,0,0,0,0,0,228,0,0,0,0,0,0,0,0,0,0,0,0,0,0,0,0,0,0,0,0,0,0,0,0,0,0,0,0,0,123,0,0,0,0,0,0,0,0,0,0,0,0,0,0,0,0,0,0,0,0,0,0,0,0,0,0,0,0,0,0,0,0,0,0,0,0,0,0,0,0,0,0,0,0,0,0,0,0,0,0,0,0,0,0,0,0,0,0,0,0,0,0,0,0,0,0,0,0,2,0
"D39",15,7,25,0,0,0,0,896,1,0,0,6,0,0,0,0,473,0,0,0,0,4,0,0,0,0,0,13,0,128,9,0,33,28,59,0,2,294,0,0,0,713,3,0,0,0,0,187,1802,50,0,0,150,0,0,0,0,95,0,9,0,0,0,0,0,21,0,32,0,168,0,303,0,0,3,0,157,15,2,14,8,0,0,9,9,9,4,11,0,294,0,0,1,54,11,11,0,0,20,35,2,6,0,0,5,8,0,0,0,9,155,18,0,0,94,8,0,0,0,0,1,49,35,0,3,0,0,0,0,0,0,0,1,15,0,0,0,0,17,18,11,21,120,0,0,67,8,1,3,70,0,0,0,0,557,21,0,0,0,2,30,172,13,0,12,0,10,1070,72,0,54,0,0,0,36,0,6,0,9,20,6,13,436,0,39,0,175,68,0,0,0,0,8,3,0,0,0,0,0,2,0,22,2,4,4,6,0,6,48,0,38,12,0,0,568,42,0,0,0,0,0,0,0,0,0,0,35,0,2,0,0,660,0,13,0,0,2,0,0,0,8,4,14,0,0,1,0,0,61,17,0,50,0,1,111,0,0,0,0,0,26,0,0,0,55,2,8,0,43,0,0,39,0,3,0,0,0,0,0,0,156,0,54,0,0,117,0,5,0,0,3,0,0,9,0,0,147,261,34,0,0,485,2,503,0,0,0,0,23,0,0,0,2,181,132,0,0,0,70,0,0,70,389,41,17,8,0,39,0,7,11,95,313,1,32,0,0,0,0,0,0,135,5,328,0,3,240,0,0,1,1,0,16,0,2,15,6,238,42,0,0,0,0,0,35,2,0,17,0,144,0,0,7,0,0,0,0,0,0,0,10,12,1,0,1,1,15,0,0,0,0,29,0,17,40,54,2,5,0,0,28,0,0,0,0,16,63,0,0,0,1,0,7,0,5,21,0,446,0,0,189,0,0,40,5,0,0,7,0,9,15,0,0,0,0,107,0,0,0,3,0,0,0,4,0,29,925,0,1,0,0,42,2,12,343,0,4,166,24,0,0,0,0,0,0,0,18,373,160,1,4,43,2,11,0,5,0,0,0,8,0,0,56,0,20,49,19,9,2,2,1,0,0,5,0,11,0,0,340,0,66,16,485,0,0,8,1,11,0,0,0,81,3,7,0,0,0,31,281,472,0,0,39,16,2,2,0,719,0,0,12,18,23,0
"D40",12,0,0,141,0,0,1684,0,6,0,0,0,0,0,0,0,0,0,909,5,0,0,0,42,20,6,1,0,2,0,7,0,0,0,0,0,0,0,2,0,0,0,0,0,0,0,980,8,63,0,5,0,0,0,0,17,0,0,120,0,709,0,0,2,88,0,20,8,17,0,0,0,0,0,317,0,0,0,0,28,0,0,0,2,0,0,2,0,0,0,0,0,0,0,3,0,710,7,10,0,0,0,4624,95,0,0,6,518,98,0,0,0,0,0,0,0,0,0,0,152,0,0,0,173,0,0,0,83,0,0,4,0,0,10,0,0,0,49,7,0,0,0,0,2274,0,0,0,0,0,0,0,0,7,0,29,0,792,6,0,0,0,0,5,0,6,10,0,22,3,14,0,0,0,9,0,0,0,0,0,0,5,0,22,0,0,4,0,0,0,5,0,0,0,3,0,5,2153,121,2,0,0,6,6,0,100,0,0,0,0,0,0,12,0,0,0,0,1561,0,0,0,0,0,0,0,0,127,0,0,0,0,0,4,0,0,2878,9,0,1242,0,4,0,0,0,3,0,0,0,166,0,0,0,0,0,0,71,507,11,0,0,7,29,0,3,0,0,0,0,0,0,0,12,38,0,0,0,13,8,10,0,4,0,0,0,0,6,0,0,0,21,0,3,0,0,0,7,0,0,0,791,0,0,0,0,0,0,235,0,2,0,0,0,4,0,0,0,0,78,14,0,0,2,8,7,0,0,0,5,0,39,9,19,0,0,0,0,0,0,436,11,0,198,6,0,0,4,0,0,97,1,0,0,0,0,0,3,0,0,0,1,0,0,58,16,0,0,0,11,0,0,0,9,0,0,2,0,0,0,0,2,0,24,33,0,0,0,0,0,5,16,46,4,5,0,0,0,0,11,1,9,0,0,129,596,3,0,5,0,0,0,13,0,86,0,3980,22,0,0,0,0,61,126,0,0,0,0,165,115,0,17,0,0,0,0,0,502,0,0,4,11,0,0,0,30,0,0,64,10,0,0,0,3,7,0,0,2,0,0,0,0,0,20,0,0,212,63,220,0,7,0,0,0,0,0,0,31,0,0,0,0,0,0,0,0,0,0,0,0,4,0,0,0,69,0,0,0,10,60,0,0,0,4,0,5,191,30,0,0,0,0,0,0,0,0,0,0,0,0,0,0,0,0,157,0,0,0,0,0,0,70,0,0,0,80,0
"D41",0,0,0,0,0,0,0,0,0,0,0,0,0,0,0,0,0,0,0,0,0,0,0,0,0,0,0,0,0,0,0,0,0,0,0,0,0,0,0,0,0,0,0,0,0,0,0,0,0,0,0,0,0,0,0,0,0,0,0,0,0,0,0,0,5,0,0,0,0,0,0,0,0,0,0,0,0,0,0,0,0,0,0,0,0,0,0,0,0,0,0,0,0,0,0,0,0,0,0,0,0,0,0,0,0,0,0,0,0,0,0,0,0,0,0,0,0,0,0,0,0,0,0,0,0,0,0,0,0,0,0,0,0,0,0,0,0,0,0,0,0,0,0,0,0,0,0,0,0,0,0,0,0,0,0,0,0,0,0,0,0,0,0,0,0,0,0,0,0,0,0,0,0,0,0,0,0,0,0,0,0,0,0,0,0,0,0,0,0,0,0,0,0,0,0,0,0,0,0,0,0,0,0,0,0,0,0,0,0,0,0,0,0,0,0,0,0,0,0,0,0,0,0,5,0,0,0,0,0,0,0,0,0,0,2,0,0,0,0,0,0,0,0,0,0,0,0,0,0,0,0,0,0,0,0,0,0,0,0,0,0,0,0,0,0,0,0,0,0,0,0,0,0,0,0,0,0,0,0,0,0,0,0,0,0,0,0,0,0,0,0,0,0,0,0,0,0,0,0,0,0,0,0,0,0,0,0,0,0,0,0,0,0,0,0,29,0,0,0,0,0,0,0,0,0,0,0,0,0,0,0,0,0,0,0,0,0,0,0,0,0,0,0,0,0,0,0,0,0,0,0,0,0,0,0,0,0,0,0,0,0,0,0,0,0,0,0,0,0,0,0,0,0,0,0,0,0,0,0,0,0,0,0,0,0,0,0,30,0,0,0,0,0,0,0,0,0,0,0,0,0,0,0,0,0,0,0,0,0,0,0,0,0,0,0,0,0,0,0,0,0,0,0,0,0,0,0,0,0,0,0,0,0,54,0,0,0,0,0,0,0,0,0,0,0,0,0,0,0,21,0,0,0,0,0,0,0,0,0,0,0,0,0,4,0,0,0,0,0,0,0,0,0,0,0,0,0,0,0,0,0,0,0,0,0,0,0,0,0,0,0,0,0,0,0,0,0,2,0,0,0,0,0,0,0,0,0,0,0,0,0,0,0,0,0,0,0,0,0,0,0,0,0,0,0,0,0,0,0,0,0,0,0,0
"D42",0,0,0,0,0,0,0,0,0,81,0,16,0,0,146,6,0,0,0,0,0,0,0,0,0,756,0,0,0,16,19,0,0,0,0,0,0,0,0,0,0,0,0,0,123,0,0,0,2634,0,308,0,0,0,0,0,0,0,0,134,0,0,4,0,0,0,0,0,0,0,0,0,0,0,0,0,3,0,0,0,0,0,3,0,0,0,3,0,0,0,1,0,0,0,0,29,0,1,0,0,0,0,0,0,0,2,0,0,0,5,0,36,0,0,0,0,0,0,0,0,0,0,0,0,0,10,0,0,0,0,0,0,0,0,0,0,0,0,15,0,0,0,0,0,0,0,0,461,0,0,0,0,0,0,0,0,0,0,0,0,0,0,0,0,0,0,0,0,0,0,0,0,0,0,0,1,4,0,0,0,0,0,0,0,0,0,0,0,0,0,0,0,0,0,0,0,0,0,0,0,0,0,0,0,17,0,0,0,0,0,0,0,558,0,0,3,0,0,0,0,0,0,0,0,0,0,0,0,0,0,0,0,0,0,0,0,0,0,0,0,2,0,0,0,0,0,0,0,0,0,0,0,0,1,4458,0,0,0,0,0,0,0,0,0,0,0,0,0,0,0,0,5,0,0,0,0,0,0,0,0,0,0,0,0,0,0,0,0,0,6,0,0,0,0,0,0,0,0,0,0,98,0,0,0,0,0,0,0,0,0,0,0,0,0,0,0,0,0,0,0,0,0,0,0,0,0,0,0,0,0,0,0,0,0,0,0,0,0,0,0,0,0,0,0,0,0,0,0,0,0,0,0,347,0,0,0,0,0,0,0,0,0,0,0,0,566,0,0,3,6,0,0,0,0,0,0,0,0,0,63,3,0,0,0,0,0,0,0,0,0,0,0,0,0,0,0,3,0,0,0,0,0,0,0,0,10,0,0,0,0,0,0,0,0,0,0,34,0,0,5,0,0,0,0,0,0,0,0,0,0,4,0,0,0,0,0,0,0,0,0,0,57,0,0,0,0,2,0,0,0,0,0,0,0,0,0,0,0,0,0,0,0,0,0,0,0,0,0,0,2,411,0,0,0,0,0,0,0,0,0,0,0,0,33,2254,0,0,0,0,2,0,0,0,7,0,1,0,0,0,0,0,0,0,0,0,0,0,0,0,0,0,24,0,0,0,0,5,0,0,0,4,0,0,0,0,0,3,0,0,0,0,0,0,0
"D43",11,70,54,0,11,25,0,0,4,0,8,6,2,8,30,0,0,3,0,81,152,8,66,0,0,488,0,0,19,132,1,0,296,14,1,0,7,0,51,0,51,0,10,0,4,30,0,66,69,0,6,12,6,6,0,0,100,165,0,37,0,0,72,34,0,8,0,31,0,7,76,6,23,0,2,2,137,5,0,0,4,189,0,0,0,3,5,5,0,5,0,95,33,11,0,0,0,0,37,650,1,2,0,0,1,4,13,0,0,0,40,4,61,12,0,0,23,12,0,0,63,0,107,0,0,0,0,0,0,4,58,17,0,137,0,0,85,46,56,68,0,22,11,0,0,23,1,62,7,36,49,11,0,76,0,9,0,152,11,8,0,0,3,10,4,0,5,140,3,0,0,0,0,0,0,18,14,0,8,25,15,0,22,0,14,143,0,26,0,1,11,1,4,2,0,9,0,0,45,2,21,0,10,8,0,0,5869,3,34,185,4,3,0,0,0,0,0,6,2,16,153,168,0,0,0,0,2,9,0,42,3,30,0,10,0,0,4,0,69,26,2,12,1,0,8,10,59,1,12,29,0,24,20,22,474,0,0,5,8,11,0,0,23,9,5,29,6,5,165,40,6,52,24,89,37,73,224,0,0,176,129,20,0,29,0,46,119,11,0,0,13,0,8,8,13,0,0,49,29,12,91,543,0,2,0,0,78,1,188,2,0,56,0,41,51,0,0,38,0,3,8,3,87,0,27,0,60,0,8,4,15,0,258,0,14,23,98,0,0,0,3,158,9,125,2,69,0,0,24,0,1,0,0,0,20,3,4,72,13,2,5,0,0,129,22,2,0,0,0,37,0,5,3,0,1,5,25,5,0,18,0,0,18,19,0,9,34,0,0,0,106,3,10,0,73,36,0,0,104,0,0,46,84,0,0,0,11,8,55,0,65,0,4,9,3,10,5,0,0,5,0,142,0,0,0,0,0,76,0,14,8,5,2,0,3,137,2,3,14,5,0,13,0,0,0,0,888,1126,15,0,3,13,16,13,33,19,0,27,10,4,31,0,371,0,0,9,15,112,195,34,57,263,6,34,0,23,34,1,20,0,20,10,39,35,69,0,26,6,0,19,0,0,79,12,15,84,0,0,15,24,47,0,131,0,4,19,0,27,48,0,15,60,2,4,23,0,0,14,5,0,35,0,0,0,0,2,3,450,26,5,7,13,31,39
"D44",0,0,0,0,0,0,0,0,0,0,0,0,3,8,0,0,0,0,6,0,0,0,0,0,57,0,0,0,0,5,0,1,0,0,0,2,0,0,0,0,0,4,0,0,0,0,0,0,3,0,0,0,0,0,0,5,0,0,0,9,0,0,0,0,0,0,0,0,0,0,0,0,0,27,0,0,0,0,4,2,0,0,0,0,0,0,0,0,8,47,0,0,0,0,0,15,0,0,0,0,0,0,0,0,0,0,0,0,0,1,0,0,0,0,265,0,0,0,39,0,0,0,0,0,4,0,1,0,3,0,0,0,0,0,0,0,0,0,0,0,0,0,0,0,33,0,0,0,0,0,0,0,0,0,0,0,0,0,0,0,0,0,0,0,0,5,0,0,0,0,0,0,0,0,0,0,0,30,0,0,0,61,0,0,0,0,0,0,0,0,0,0,0,0,0,0,0,0,0,0,0,0,0,0,0,99,0,0,0,0,0,0,0,0,0,0,5,0,0,0,0,0,0,0,0,1,0,0,0,0,0,0,0,4,0,0,0,0,0,0,0,0,0,0,0,0,0,0,0,0,0,0,0,0,0,0,4,0,0,0,0,0,14,61,0,0,159,0,0,0,0,0,0,0,0,3,0,0,3,0,0,0,0,0,0,0,0,0,0,0,0,0,0,0,0,0,0,0,0,0,0,0,0,0,0,0,0,0,0,0,0,0,0,0,7,0,0,0,0,0,0,0,0,0,0,0,0,0,0,0,0,0,0,0,0,0,0,0,0,0,537,0,0,0,0,0,0,0,0,2,0,0,0,0,0,0,0,0,0,0,0,0,0,0,0,0,0,1417,0,0,0,0,0,0,0,28,0,0,0,0,0,13,0,0,0,0,2,0,0,8,0,0,0,26,0,0,0,0,0,0,0,0,0,0,0,0,0,0,0,0,0,0,0,6,0,0,0,0,0,0,0,0,19,228,0,0,0,0,0,0,0,0,0,0,0,0,0,0,0,2,0,0,0,0,0,0,5,0,0,0,0,0,0,0,0,0,21,0,0,0,0,8,0,0,0,0,0,0,0,0,0,0,0,0,0,0,0,0,0,0,0,0,0,0,12,4,0,0,0,0,63,0,0,0,0,0,0,0,0,0,0,0,0,0,0,0,0,0,0,0,0,0,0,0,0,0,102,0,0,0,0,0,3,0,0,0,0,0,4,0,0,0,0,0
"D45",0,0,0,0,0,0,0,0,0,0,0,0,0,0,0,0,0,0,0,0,0,0,0,0,0,0,0,0,0,0,0,0,0,0,0,0,0,0,0,0,0,0,0,0,0,0,0,0,0,0,0,0,0,0,0,0,0,0,0,0,0,0,0,0,0,0,0,0,0,0,0,0,0,0,0,0,0,0,0,0,0,0,0,0,0,0,0,0,0,0,0,0,0,0,0,0,0,0,0,0,0,0,0,0,0,0,0,0,0,0,0,0,0,0,0,0,0,0,0,0,0,0,0,0,0,0,0,0,0,0,0,0,0,0,0,0,0,0,0,0,0,0,0,0,0,0,0,0,0,0,0,0,0,0,0,0,0,0,0,0,0,0,0,0,0,0,0,0,0,0,103,0,0,0,0,0,0,0,0,0,0,0,0,0,0,0,0,0,0,0,0,0,0,0,0,0,0,0,0,0,0,0,0,0,0,0,0,0,0,0,0,0,6,0,0,0,0,0,0,0,0,0,0,0,0,0,0,0,0,0,0,0,0,0,0,0,0,0,0,0,0,0,0,0,0,0,0,0,0,0,0,0,0,0,6,0,0,0,0,0,0,0,0,0,0,0,0,0,0,0,0,0,0,0,0,0,0,0,0,0,0,0,0,0,0,0,0,0,0,0,0,0,0,0,0,2833,0,0,0,0,0,0,0,0,0,0,0,0,0,0,0,0,0,0,0,0,0,0,0,0,0,0,0,0,0,0,0,0,0,0,0,0,0,0,0,0,0,0,0,0,0,0,0,0,0,0,0,0,0,0,0,0,0,0,0,0,0,0,0,0,0,0,0,0,0,0,0,0,0,0,0,0,0,0,0,0,0,0,0,0,0,0,0,0,0,0,0,0,0,0,0,0,0,0,0,0,0,0,0,0,0,0,0,0,0,0,0,0,0,0,0,0,0,0,0,0,0,0,0,0,0,0,0,0,0,0,0,0,0,0,0,0,0,0,0,0,0,0,0,0,0,0,0,0,0,0,0,0,0,0,0,0,0,0,0,0,0,0,0,0,0,0,0,0,0,0,0,0,0,0,0,0,0,0,0,0,0,0,0,0,0,0,0,0,0,0,0,0,0,0,0,0,0,0,0,0,0,0,0,0,0,0,0,0,0,0,0,0,0,0,0,0,0,0,0,0,0,0,0,0,0,0,0,0,0,0,0,0,0,0,0,0,0,0
"D46",0,0,0,0,0,0,0,0,0,0,0,0,0,0,0,0,0,0,4,0,0,0,0,0,0,0,0,0,0,0,0,170,0,0,0,0,0,0,0,0,0,0,0,5,6,0,0,0,0,0,0,0,0,0,0,0,0,0,0,0,0,0,2,0,0,0,0,0,0,0,0,0,0,234,0,0,0,0,863,0,0,0,0,14,0,60,0,0,0,0,0,0,0,0,0,0,0,0,0,0,0,0,0,0,0,0,0,0,0,0,0,0,0,0,0,0,0,0,0,0,0,0,0,0,0,0,0,0,0,0,0,0,0,0,2,0,0,0,0,0,0,0,0,0,0,0,0,0,0,0,0,0,0,0,0,0,0,0,0,0,0,0,0,0,0,0,0,0,0,0,0,15,470,0,0,0,0,8,0,0,0,0,0,0,0,0,0,0,0,0,0,0,0,0,0,0,0,0,0,0,0,0,0,0,0,6,0,0,0,0,0,0,0,0,0,0,0,0,0,0,0,0,0,0,0,0,0,0,0,0,0,0,0,0,0,0,0,0,0,0,0,0,0,0,0,0,0,0,0,0,0,0,0,0,1,0,0,0,0,0,0,0,0,0,0,0,3,0,0,0,0,0,0,0,0,0,0,0,0,0,0,0,0,0,0,0,0,0,0,0,0,0,0,0,0,0,0,0,20,0,0,0,0,0,0,0,0,0,0,0,0,0,0,0,0,0,0,0,0,0,0,188,0,0,0,0,0,0,0,0,0,0,0,0,0,0,0,0,0,0,481,0,0,0,0,0,0,0,0,0,0,116,58,34,0,0,0,0,0,0,0,0,0,0,0,0,0,137,0,0,0,0,0,0,0,0,0,0,0,2,0,0,0,0,0,0,3,0,0,0,0,0,0,0,0,0,0,2,0,0,0,0,0,0,0,0,0,0,0,0,0,0,0,0,0,0,0,0,0,3,0,0,0,2796,0,0,0,0,5,0,0,2,0,0,0,0,0,0,0,15,15,0,0,0,0,0,0,0,0,0,0,0,0,0,0,0,0,0,0,0,0,0,0,0,0,0,0,0,0,0,0,0,0,0,0,0,0,0,0,0,0,0,0,0,0,0,0,0,0,0,0,3,0,0,0,0,0,0,0,0,0,0,0,7,2,0,0,0,0,0,0,3,0,0,0,0,0,0,0,0,0,0,0,0,0,0,0,0,0,0,0,0,0,0
"D47",0,0,0,0,0,0,0,0,0,0,574,0,0,57,0,0,0,271,0,0,0,0,0,0,0,0,0,0,0,0,2,0,0,0,0,0,0,0,0,0,0,0,2,0,5299,0,0,0,0,0,0,0,0,0,0,2,0,0,0,1932,0,0,421,0,0,0,0,0,0,0,0,0,0,0,0,0,0,0,1674,0,0,0,2,4423,2,626,0,0,0,0,0,0,0,0,0,357,3,0,0,0,0,0,0,0,0,0,0,0,0,0,0,0,0,0,0,0,0,0,2,4,0,0,0,0,0,0,0,0,207,0,0,0,0,0,0,0,0,0,111,0,0,0,0,0,30,0,0,0,0,0,0,0,0,0,0,0,0,0,0,0,0,0,0,0,0,0,0,0,0,0,0,0,8864,0,0,0,0,2650,0,0,0,0,0,0,0,0,0,0,0,0,0,0,0,0,0,0,0,0,0,0,0,0,0,683,0,0,0,0,0,0,0,0,0,0,0,0,0,2,0,0,0,0,0,0,0,0,0,0,0,0,0,0,0,0,0,0,0,0,0,0,0,751,0,0,0,0,0,0,0,0,0,0,0,0,0,0,2,0,0,0,15,28,0,143,0,0,0,0,0,1,0,0,0,0,0,0,0,0,17,0,0,0,0,0,0,0,0,0,0,0,0,0,0,0,0,0,0,0,0,0,0,0,0,0,0,4,0,0,0,0,0,0,0,0,0,0,0,0,0,0,0,10,0,0,0,0,0,0,0,0,0,7,0,0,0,0,0,0,0,0,4,0,0,0,0,0,0,0,0,0,0,335,0,20836,0,0,0,0,0,0,0,2,0,0,0,0,0,25557,0,0,0,0,0,0,0,0,0,0,0,61,0,0,0,0,0,0,0,0,0,0,0,0,0,0,0,0,0,0,0,0,0,0,0,0,0,3,0,0,0,0,0,0,2,0,0,0,0,0,0,0,0,0,0,68014,0,0,0,0,0,0,0,0,4356,0,0,0,0,0,0,8,0,0,0,0,0,0,0,0,0,0,0,0,0,0,0,0,0,0,0,0,0,0,0,0,0,0,0,0,0,0,0,0,0,0,0,0,0,0,0,0,0,0,0,0,7501,0,0,0,0,0,12570,0,0,0,0,0,0,0,0,0,0,0,0,0,42,0,7894,0,0,11,0,0,990,0,0,0,0,0,0,0,0,0,0,0,0,0,174,0,0,0,0,0,0,0
"D48",5,27,0,0,0,3,0,363,3,0,2,1,2,156,0,0,758,0,0,0,0,7,0,0,0,0,0,10,0,244,0,58,0,16,70,0,25,438,0,0,0,312,0,0,0,0,0,136,213,119,0,20,201,0,0,0,0,6,0,17,0,2,0,0,0,11,0,47,0,157,0,224,0,0,81,2,95,6,1,293,16,0,0,19,11,17,1,17,0,273,0,0,4,65,9,0,0,0,30,11,4,0,0,0,4,5,0,0,0,5,49,2,0,0,118,4,0,0,0,0,0,38,43,0,7,0,0,0,0,2,0,0,5,20,0,0,0,0,65,0,1,5,176,0,0,26,5,0,0,12,0,0,0,0,9,11,0,0,0,0,13,180,2,0,41,0,62,86,32,0,343,0,0,0,9,0,41,0,8,73,2,4,390,0,17,0,19,38,0,0,0,0,6,0,0,0,0,0,0,0,0,0,9,9,4,0,0,5,47,0,7,6,0,0,226,15,0,3,0,0,0,0,0,0,3,0,31,2,6,0,26,389,0,47,0,0,0,0,0,0,9,0,8,0,2,5,0,0,75,7,0,79,0,3,52,0,12,0,42,0,3,5,0,0,22,0,0,4,31,8,0,24,0,0,0,0,0,0,0,0,152,0,106,0,0,272,0,5,0,0,35,0,0,0,0,0,170,85,0,0,0,518,6,1960,0,1,0,0,1,3,13,0,3,36,109,0,0,0,111,0,0,175,239,3,104,0,0,125,0,0,3,7,140,0,14,0,0,0,0,0,0,5,7,295,0,0,248,0,0,1,12,2,6,0,0,44,3,177,25,0,2,0,0,0,17,0,0,0,0,144,0,0,14,0,7,0,0,0,25,0,37,31,0,0,30,4,11,0,0,0,0,6,0,6,15,159,0,51,0,0,320,0,0,0,54,21,49,0,0,0,0,0,11,0,6,36,0,385,0,0,386,0,4,53,0,0,0,3,0,16,18,0,2,0,0,139,0,0,0,5,12,0,0,0,0,47,548,0,0,0,0,57,23,26,121,0,22,176,48,0,0,0,0,0,0,0,30,176,36,0,0,7,7,0,0,18,1,0,0,9,0,3,11,3,11,34,39,20,45,0,61,0,0,6,0,36,0,0,245,0,58,23,210,0,2,13,0,38,0,0,0,28,0,4,0,0,0,34,134,893,8,0,23,76,15,27,0,295,0,0,6,12,0,0
"D49",1,0,0,0,0,0,0,0,0,0,0,0,0,0,0,0,0,0,23,0,0,0,0,0,0,0,0,0,0,0,0,232,0,0,0,0,0,0,0,0,0,0,0,1,0,0,0,36,0,0,0,0,0,0,1,0,0,0,1931,0,0,0,0,0,31,0,0,0,0,0,0,0,0,0,0,0,0,0,0,0,0,0,0,0,0,0,0,0,0,2,0,0,0,0,0,0,0,0,0,0,0,0,0,0,0,0,478,0,0,0,0,0,0,0,0,0,0,0,0,0,0,0,0,0,0,0,0,0,0,0,0,0,0,0,0,0,0,0,0,0,0,0,0,0,0,0,0,0,0,0,0,0,0,0,497,0,0,0,0,0,0,0,1955,0,0,0,0,0,0,0,0,0,0,0,0,0,0,0,0,0,0,0,0,0,0,0,0,0,0,70,0,0,0,0,34,2,0,0,0,0,0,0,0,0,15,0,0,0,0,0,0,0,0,0,0,0,0,0,296,0,0,0,0,0,0,0,0,0,0,0,0,0,2239,0,0,0,0,0,0,0,0,0,0,0,0,0,0,0,0,0,1688,0,0,0,0,0,0,0,0,0,0,0,0,0,0,0,0,0,0,0,0,25,0,0,0,0,0,0,0,0,0,0,0,0,0,0,0,0,0,0,0,0,0,0,1632,0,0,0,0,0,0,0,0,0,0,540,0,0,0,682,334,0,0,0,0,0,0,0,0,0,13,0,0,0,0,0,0,0,0,0,0,0,0,0,0,0,0,0,50,0,0,0,0,0,0,0,0,0,0,0,0,0,0,0,0,0,0,0,0,0,0,0,0,0,0,0,0,0,0,0,0,0,0,0,0,0,0,0,0,0,0,0,0,0,0,0,2,0,0,4,0,0,0,0,0,0,0,0,0,0,0,85,0,0,0,0,0,0,0,0,0,0,0,119,0,0,0,0,4,0,0,0,0,0,0,0,0,0,0,0,0,0,0,0,0,0,17,0,160,0,0,0,0,0,0,0,0,0,0,0,0,0,0,0,0,0,0,0,0,0,0,0,0,0,0,0,0,0,0,0,0,0,0,0,0,0,0,0,12,0,0,0,0,0,0,0,0,0,0,0,0,69,0,0,3,0,0,4,0,0,0,0,0,0,2,0,0,0,0,0,0,308,0,0,0,0,0,0,0,0,0,0,0,0,0,0,0,0,0,0,0,0,2,0
"D50",0,0,0,0,0,1,4,2,1,0,5,0,0,2,0,0,0,0,14,0,0,0,0,0,0,0,0,0,0,27,2,1568,0,0,0,6,0,0,0,0,0,75,0,0,0,0,0,50,5,3,0,0,0,0,0,40,0,0,0,2,0,372,0,0,0,0,0,0,0,0,0,1,4,1532,0,59,0,0,171,0,0,0,0,46,0,0,0,0,20,4,0,0,2,0,169,0,0,0,0,0,0,0,0,0,0,0,0,0,0,1,0,0,0,2,2979,0,0,0,3,0,0,0,0,0,54,0,0,0,0,0,0,0,0,0,0,0,0,0,0,0,2,0,0,17,4,0,0,0,0,0,0,0,0,0,0,0,0,0,0,3,26,0,0,0,0,12,0,0,0,0,0,5,323,0,0,0,0,0,0,0,0,48,0,0,0,0,0,0,0,0,0,0,0,0,0,0,0,0,0,0,0,36,0,0,0,1,0,0,0,0,0,0,3,883,2,8,0,0,0,0,0,0,0,0,0,0,0,0,63,0,0,43,0,0,0,0,0,0,0,0,0,0,0,0,0,0,0,0,0,0,0,0,0,0,0,0,1,0,0,0,9,0,0,0,0,0,7,0,0,0,0,0,0,0,0,0,0,0,0,0,0,0,0,0,0,0,0,0,0,0,0,0,0,0,0,0,0,0,0,0,0,0,633,0,53,0,0,0,0,2,0,0,29,0,1,0,0,0,6,296,0,0,0,0,0,0,0,9,0,0,0,2,0,0,0,0,0,0,0,14,34,0,2,0,0,0,0,0,0,7,0,205,0,0,0,0,320,0,0,0,6,0,0,0,0,0,0,527,0,0,0,0,0,0,0,3,0,0,0,0,15,321,0,0,3,0,37,0,0,22,0,0,0,294,0,0,0,85,0,0,22,0,0,0,43,2,0,0,0,0,0,0,0,2,0,0,0,0,0,0,308,0,473,1154,0,0,0,0,40,0,0,26,0,0,0,0,0,0,0,0,17,0,0,8,0,0,0,0,0,0,0,0,0,0,0,0,771,0,0,0,0,0,0,0,0,0,0,0,0,0,0,0,0,0,0,0,0,0,0,161,0,0,0,0,0,805,0,0,0,0,2526,0,0,0,0,0,0,0,0,0,0,0,0,2,6,0,0,0,0,0,0,0,0,0,3,0,0,0,0,0,0,0,2377,81,233,0,0,0,0,0,11,0,0,0
"D51",0,0,0,0,0,0,0,0,0,0,0,0,0,0,0,0,0,0,0,0,0,0,0,0,0,0,0,0,0,0,3,0,0,0,0,0,0,0,0,0,0,0,0,0,0,0,2,0,6,0,0,0,0,0,0,2,0,0,27,0,0,0,0,0,0,0,0,0,0,0,0,0,0,0,0,0,0,0,0,0,0,0,0,0,0,0,0,0,0,0,0,0,0,0,0,0,0,2,0,0,0,0,0,0,0,0,0,0,0,0,0,0,0,0,0,0,0,0,0,0,0,0,0,0,0,0,0,0,0,0,0,0,0,0,0,4811,0,0,0,0,0,0,0,0,0,0,0,0,0,0,0,0,0,0,2,0,0,0,0,0,0,0,5,0,0,0,0,0,0,0,0,0,0,0,0,0,0,0,0,0,0,0,0,0,0,0,0,0,0,0,0,0,0,0,0,0,0,0,0,0,0,0,0,0,0,0,0,0,0,0,0,0,0,0,0,0,0,0,0,0,0,0,0,0,0,0,0,0,0,0,0,0,0,0,0,0,0,0,0,0,0,0,0,0,0,0,0,0,0,0,0,0,0,0,0,0,0,0,0,0,5,0,0,0,0,0,0,0,0,0,0,0,0,0,0,0,0,0,0,0,0,0,0,0,0,0,0,0,0,0,0,0,0,0,13893,0,0,0,217343,0,0,0,0,0,0,15,0,2,0,0,0,0,0,0,0,0,0,0,0,0,0,0,0,0,0,0,0,0,0,13,0,0,0,0,0,0,0,0,2,0,0,0,0,0,0,0,0,0,0,0,0,0,0,0,0,0,0,0,0,0,0,0,0,0,0,0,0,0,0,0,0,0,0,0,0,0,0,0,0,0,0,0,0,0,0,0,0,0,0,0,0,0,0,0,0,0,0,0,0,0,0,6,0,0,0,0,0,0,0,0,0,0,0,4,0,0,0,0,0,0,0,0,0,0,0,0,0,0,0,0,0,0,0,0,0,0,0,0,0,0,0,0,0,0,0,0,0,0,0,0,0,0,0,0,0,0,0,0,0,0,0,0,0,0,0,0,0,0,0,0,0,0,0,0,0,0,0,0,0,0,0,0,0,0,0,0,0,0,0,0,0,0,0,0,0,0,0,0,0,0,0,0,0,0,0,0,0,0,0,0,0,0,0,0,0,0,0,0,0,0,0,0,0,0,0,0,0,0,0,0,0,0,0,0
"D52",0,0,0,0,0,0,0,0,0,0,0,0,0,0,0,0,0,0,0,0,0,0,0,0,0,0,0,0,0,0,0,0,0,0,0,0,0,0,0,0,0,0,0,0,0,0,0,0,5,0,2,0,0,0,69,0,0,0,0,0,0,0,0,0,0,0,0,0,0,0,0,0,0,0,0,3,0,0,0,0,0,0,0,0,0,0,0,0,0,0,0,0,0,0,0,0,0,11,0,0,0,0,0,0,0,0,0,3,0,0,0,3,0,0,0,0,0,0,0,0,0,0,0,0,0,0,0,0,0,0,0,0,0,0,0,0,0,0,0,0,0,0,0,0,0,0,0,0,0,0,0,0,0,0,0,0,0,0,0,0,0,0,0,0,0,0,0,0,0,0,0,0,0,0,0,0,0,0,0,0,0,0,0,0,0,0,0,0,0,0,0,0,0,0,0,0,0,0,0,0,0,0,0,0,17,0,11,0,0,0,0,3,0,3,0,0,0,0,0,0,0,0,0,0,0,0,0,0,0,0,0,0,0,0,0,0,0,0,0,0,0,0,0,0,0,0,0,0,0,0,0,0,0,0,0,0,0,0,0,0,0,0,0,0,0,0,0,0,0,0,0,0,0,0,0,0,0,0,0,0,0,0,0,0,0,0,0,0,0,0,0,2,0,0,0,0,0,0,0,0,0,0,0,0,0,0,0,0,0,0,0,0,0,0,0,2,0,0,0,0,0,0,0,0,0,0,0,0,0,0,0,0,0,0,0,0,0,0,0,0,0,0,0,0,0,0,0,0,0,0,0,0,0,0,0,0,0,0,0,0,0,0,0,0,0,0,0,0,0,0,0,0,0,0,0,0,0,0,0,0,0,0,0,0,0,0,0,0,0,0,0,0,0,0,2,0,2,0,0,0,0,0,0,0,0,0,0,0,0,0,0,0,0,0,0,0,0,0,0,3,0,0,0,0,0,3,0,0,0,0,0,0,0,0,1,0,0,0,0,0,0,0,0,0,2,0,0,0,0,0,0,0,0,0,0,0,0,0,0,0,6,0,0,0,0,0,0,0,0,0,0,0,0,0,0,0,0,0,0,0,0,0,0,0,0,0,0,0,0,0,0,0,0,0,0,0,0,0,0,0,0,0,0,0,0,0,0,0,0,0,0,5,0,0,0,0,0,0,0,0,0,0,3,0,0,0,0,0,0,0,0,0,0,0
"D53",0,0,0,0,0,0,0,0,0,0,0,0,0,0,0,0,0,0,0,0,0,0,0,0,0,0,0,0,0,0,0,0,0,0,0,0,0,0,0,0,0,0,0,0,0,0,0,0,0,0,0,0,0,0,0,0,0,0,0,0,0,0,0,0,0,0,0,0,0,0,0,0,0,0,0,0,0,0,0,0,0,0,0,0,0,0,0,0,0,0,0,0,0,0,0,0,0,0,0,0,0,0,0,0,0,0,0,0,0,0,0,0,0,0,0,0,0,0,0,0,0,0,0,0,0,0,0,0,0,0,0,0,0,0,0,0,0,0,0,0,0,0,0,0,0,0,0,0,0,0,0,0,0,0,0,0,0,0,0,0,0,0,0,0,0,0,0,0,0,0,0,0,0,0,0,0,0,0,0,0,0,0,0,0,0,0,0,0,0,0,0,0,0,0,0,0,0,0,0,0,0,0,0,0,0,0,0,0,0,0,0,0,0,4,0,0,0,0,0,0,0,0,0,0,0,0,0,0,0,0,0,0,0,0,0,0,0,0,0,0,0,0,0,0,0,0,0,0,0,0,0,0,0,0,0,0,0,0,0,0,0,0,0,0,0,0,0,0,0,0,0,41,0,0,0,0,0,0,0,0,0,0,0,0,0,0,0,0,0,8,0,0,0,0,0,0,0,0,0,0,0,0,0,0,0,0,0,0,0,0,0,0,0,0,0,0,0,0,0,0,0,0,0,0,0,0,0,0,0,0,0,0,0,0,0,0,0,0,0,0,0,0,0,0,0,0,0,0,0,0,0,0,0,0,0,0,0,0,0,0,0,0,0,0,0,0,0,0,0,0,0,0,0,0,0,0,0,0,0,0,0,0,0,0,0,0,0,0,0,0,0,0,0,0,0,0,0,0,0,0,0,0,0,0,0,0,0,0,0,0,0,0,0,0,0,0,0,0,0,0,0,0,0,0,0,0,0,0,0,0,0,0,0,0,0,0,0,0,0,0,0,0,0,0,0,0,0,0,0,0,0,0,0,0,0,0,0,0,0,0,0,0,0,0,2,0,0,0,0,0,0,0,0,0,0,0,0,0,0,0,0,0,0,0,0,0,0,0,0,0,0,0,0,0,0,0,0,0,0,0,0,0,0,4,0,0,0,0,0,0,0,0,0,0,0,0,0,0,0,0,0,0,0,0,0,0,0,0,0,0,0,0,0,0
"D54",0,0,0,0,0,0,0,0,0,0,2,0,0,0,0,0,0,0,3,0,0,0,0,0,0,0,0,0,0,0,5,0,0,0,0,0,0,0,0,0,0,0,0,0,0,0,0,0,9,0,7,0,0,0,0,4,0,0,108,0,5,0,0,0,0,0,0,0,0,0,0,0,0,0,0,0,0,0,0,0,0,0,0,0,0,0,0,0,0,0,0,0,0,0,0,0,0,0,0,0,0,0,0,2,0,0,9,0,0,0,0,0,0,0,0,0,0,0,0,0,0,0,0,0,0,0,0,0,0,0,0,0,0,0,0,13,0,0,0,0,5,0,0,0,0,0,0,0,0,0,0,0,0,0,2,0,0,0,0,0,0,0,18,0,0,3,0,1,0,0,0,0,0,11,0,0,0,0,0,0,0,0,0,0,0,0,0,0,0,0,0,0,0,0,0,0,2,0,0,0,0,0,0,0,0,0,0,0,0,0,0,0,0,0,0,0,0,0,0,0,0,0,0,0,0,0,0,0,0,0,0,0,6,0,2,0,0,6,0,0,0,0,0,0,0,0,0,1170,0,0,0,0,0,0,0,0,1,0,0,0,2,0,0,2,0,0,0,0,0,0,0,0,0,0,0,0,0,1,0,0,0,0,0,0,0,0,0,0,0,0,0,3,0,0,10,0,0,0,108426,0,0,0,0,0,0,15,0,3,2,2,0,0,0,0,0,0,0,0,0,0,0,0,0,0,0,0,0,0,0,6,0,0,0,0,0,0,0,0,0,0,0,0,0,0,0,0,0,0,0,0,0,0,0,0,0,0,0,0,0,0,0,0,0,0,0,0,0,0,0,0,0,0,0,0,0,0,0,0,0,0,0,0,0,0,0,0,0,0,0,0,0,3,0,0,0,0,0,0,0,0,0,7,0,0,0,0,0,0,0,7,0,0,0,0,0,0,0,0,0,0,0,2,0,0,0,0,0,0,0,0,0,0,0,0,0,0,0,0,6,0,0,0,0,0,0,0,0,0,0,0,0,0,0,0,0,0,0,0,0,0,0,0,0,0,0,0,0,0,0,0,0,0,0,0,0,0,0,0,0,0,0,0,0,0,0,0,0,0,0,0,0,0,0,0,0,0,0,0,0,2,0,0,0,0,0,0,0,0,0,0,0,5,0,0,0,0,0,0,0,0,0,0,0,0,0,0,0,0,0,0,0,0,0,0
"D55",0,0,0,481,0,0,0,0,0,0,0,0,0,0,0,0,0,0,0,0,0,0,0,0,0,0,0,0,0,0,0,0,0,0,0,0,0,0,0,0,0,0,0,0,0,0,0,0,0,0,0,0,0,0,0,0,0,0,0,0,0,0,0,0,0,0,0,0,0,0,0,0,0,0,0,0,0,0,0,0,0,0,0,0,0,0,0,0,0,0,0,0,0,0,0,0,0,0,0,0,0,0,27,0,0,0,0,0,0,0,0,0,0,0,0,0,0,0,0,0,0,0,0,53,0,0,0,0,0,0,0,0,0,0,0,0,0,0,0,0,0,0,0,0,0,0,0,0,0,0,0,0,0,0,0,0,171,0,0,0,0,0,0,0,0,0,0,0,0,0,0,0,0,0,0,0,0,0,0,0,0,0,0,0,0,0,0,0,0,0,0,0,0,0,0,0,0,0,0,0,0,0,0,0,19,0,0,0,0,0,0,0,0,0,0,0,0,0,0,0,0,0,0,69,0,0,0,0,0,0,0,0,0,0,3,0,0,0,0,0,0,0,0,6,0,0,0,0,0,0,0,0,0,0,0,0,0,0,0,0,0,0,0,0,0,0,0,0,0,0,0,0,0,0,0,0,0,0,0,0,0,0,0,0,0,0,0,0,0,0,0,0,0,0,0,0,0,0,0,0,0,0,0,0,0,0,0,0,0,0,0,0,0,0,0,177,2,0,0,0,0,0,0,0,0,0,0,0,0,0,0,0,0,0,0,0,0,0,0,0,0,0,0,0,0,0,0,0,0,0,0,0,0,0,0,0,0,0,0,0,0,982,0,0,0,0,0,0,0,0,0,0,0,0,0,0,0,0,0,0,0,0,0,0,0,0,0,90,0,0,0,0,0,0,0,0,0,0,0,0,0,0,0,0,0,0,0,0,0,0,0,0,0,0,0,0,0,0,0,0,0,0,0,0,0,0,0,0,0,0,0,0,0,84,0,0,0,0,0,0,0,0,0,0,0,0,0,0,0,0,0,0,0,0,0,0,0,0,0,0,0,0,0,0,0,0,0,0,0,0,0,0,0,0,0,0,0,0,0,0,0,0,0,0,0,0,0,0,0,0,0,0,0,0,0,0,0,0,0,0,0,0,0,0,0,0,0,0,0,0,0,0,0,0,0,0,0,0,0,0,0,0,0,0,0,0,0,0,0,12,0,0,0,0
"D56",0,0,0,0,0,0,11,0,0,0,0,0,0,0,0,0,0,0,811,0,0,0,0,0,0,0,0,0,0,0,0,0,0,0,0,93,0,0,0,0,0,0,0,0,0,0,106,3213,0,0,0,0,0,0,142,184,0,0,0,0,0,9,0,0,0,0,1,0,0,0,0,0,0,0,0,0,0,0,0,0,0,0,0,0,0,0,0,0,0,0,0,0,0,0,10,0,0,0,0,0,0,0,0,0,0,0,0,0,0,0,0,0,0,0,0,0,0,0,0,0,0,0,0,0,0,0,0,0,0,0,0,0,0,0,2218,0,0,0,0,0,0,0,0,0,0,0,0,0,0,0,0,0,0,0,0,0,4,0,0,0,0,0,0,0,0,0,0,0,0,0,3257,0,0,0,0,0,0,0,0,0,0,0,0,0,0,0,0,0,0,0,0,0,0,0,0,0,0,0,0,0,0,0,0,0,0,0,0,0,0,0,0,0,0,0,0,0,67,0,0,0,0,0,0,0,0,0,0,0,0,0,0,0,0,0,0,0,0,0,0,0,0,0,0,0,0,0,0,0,0,0,0,0,0,0,0,0,0,0,0,0,0,0,0,0,0,0,0,0,0,0,118,0,0,0,0,0,0,0,0,0,0,0,0,0,0,0,0,0,0,0,0,0,0,0,0,175,0,0,0,0,0,0,0,0,0,0,0,0,0,17,0,0,16,0,0,0,0,0,0,6,0,0,0,0,0,0,0,0,0,0,0,0,0,0,0,0,0,0,0,0,0,0,0,0,0,0,0,0,0,0,0,0,0,0,0,0,0,0,0,0,0,0,0,0,0,0,0,0,0,0,0,0,0,0,0,0,0,0,0,0,7,31,0,0,0,0,0,0,0,0,0,0,0,0,0,0,0,0,0,0,0,0,0,0,0,0,0,0,0,0,0,0,0,18,0,0,0,0,0,0,0,0,33,0,0,0,0,0,0,0,0,0,0,0,0,0,0,0,0,0,0,0,0,10,0,0,0,0,0,0,0,0,0,0,0,0,0,0,0,0,0,0,0,0,0,0,0,0,0,0,0,0,0,0,0,0,0,0,0,0,0,0,0,0,0,0,0,0,0,0,0,0,0,0,0,0,0,0,0,0,0,0,0,0,0,0,0,0,0,0,0,0,0,0,0,0,0,0,0,0,0,0,7,8,0,0,0,0,0,0,0,0,0,0
"D57",0,0,0,0,0,0,2,0,0,0,0,0,0,0,0,0,0,0,0,0,0,0,0,0,0,0,0,0,0,0,0,206,0,0,0,12,0,0,0,0,0,0,0,0,4,0,0,0,4,0,0,0,0,0,0,0,0,0,0,2,0,0,0,0,0,0,0,0,0,0,0,0,0,446,0,3,0,0,793,0,0,0,0,1082,0,77,0,0,0,0,0,0,0,0,0,250,0,0,0,0,0,0,3,0,0,0,0,0,0,0,0,0,0,0,0,0,0,0,0,0,0,0,0,0,0,0,0,0,0,0,0,0,0,0,0,0,0,0,0,0,0,0,0,2,0,0,0,0,0,0,0,0,0,0,0,0,0,0,0,0,0,0,0,0,0,0,0,0,0,0,0,0,176,0,0,0,0,33,0,0,0,0,0,0,0,0,0,0,0,0,0,0,0,0,0,0,0,0,0,0,0,0,0,0,0,140,0,0,0,0,0,0,0,0,0,0,0,0,0,0,0,0,0,0,0,0,0,0,0,0,0,0,0,0,0,0,0,0,0,0,0,0,0,0,0,0,0,0,0,0,0,0,0,0,0,0,0,0,0,0,0,0,0,0,0,0,0,0,0,0,0,0,0,0,0,0,0,0,0,0,0,0,0,0,0,0,0,0,0,0,0,0,0,0,0,0,0,0,0,0,0,0,0,0,161,0,0,0,0,0,0,0,0,0,0,0,0,0,0,0,0,70,0,0,0,0,0,0,0,0,0,0,0,0,0,0,0,0,0,0,10,0,0,0,0,0,0,0,0,18,0,118,146,5,0,0,0,0,0,0,0,0,0,0,0,0,0,3407,0,0,0,0,0,0,0,0,0,0,0,0,0,0,0,0,4,0,0,0,2,0,0,0,0,0,0,0,0,0,0,0,0,0,5,0,0,0,0,0,0,0,0,0,0,0,0,0,0,0,0,0,0,0,0,3280,0,0,0,0,2,0,0,3,23,0,0,0,0,0,0,334,0,0,0,0,0,0,0,0,0,0,0,0,0,0,0,0,0,0,0,0,2,0,0,0,0,0,0,0,0,0,0,0,0,0,0,0,0,0,0,0,0,0,0,0,5,0,0,0,0,0,10,0,0,0,0,0,0,0,0,0,0,0,0,0,0,0,0,0,0,0,0,0,0,0,0,0,0,0,0,0,0,0,0,0,0,0,0,0,0,0,0,0,0,0
"D58",0,0,0,0,0,0,0,0,2,0,0,16,3,31,0,0,0,0,0,0,0,0,0,0,0,0,0,0,0,0,15,0,0,0,0,0,0,0,0,0,0,184,0,0,1,0,0,0,0,0,30,0,0,0,0,0,0,0,0,29,0,0,0,0,0,0,7,0,0,0,0,0,0,286,0,0,0,0,70,0,0,0,0,0,0,24,0,0,0,81,18,0,0,0,0,58,0,0,0,0,0,0,0,0,0,0,0,0,0,3,0,0,0,0,832,0,0,0,10,0,0,0,0,0,5,10,0,0,11,0,0,0,0,1,0,0,0,0,22,0,0,0,0,0,2,0,0,0,0,0,0,0,0,0,0,0,0,0,0,0,0,0,0,0,0,0,0,0,0,0,0,2,63,3,3,0,0,757,0,0,0,433,0,0,0,0,0,0,0,0,0,3,0,0,0,0,0,0,0,0,0,0,0,0,0,54,0,0,0,0,0,0,0,2,0,0,0,0,0,0,0,0,0,0,0,0,0,0,8,0,0,0,0,0,0,0,0,0,0,0,0,0,0,0,0,0,0,0,0,0,0,0,0,0,0,0,0,0,0,0,0,2,0,15,0,0,7,0,0,0,0,2,0,0,0,0,0,0,0,0,0,0,0,0,0,0,0,0,0,0,0,0,0,0,0,0,0,0,52,0,0,0,2,0,47,3,0,0,0,2,7,0,113,0,0,0,0,0,0,3,0,519,0,0,0,0,0,0,0,0,0,0,0,0,0,0,0,0,0,211,0,0,0,0,0,0,0,0,0,0,0,207,0,1,0,0,0,0,0,0,0,0,0,0,0,0,0,3727,2,0,0,1,0,0,0,5,0,0,0,0,0,2094,0,0,12,0,0,0,0,0,0,0,0,189,0,0,0,1,0,0,0,0,0,0,3,0,0,0,0,0,0,0,0,0,0,0,0,0,0,0,0,0,0,4486,265,0,0,0,0,0,0,0,51,0,0,0,0,0,0,0,0,0,0,0,0,0,0,0,0,0,0,0,0,0,0,0,0,0,0,0,0,0,0,0,0,0,0,0,0,0,0,0,0,0,0,0,0,0,0,10,0,0,0,0,73,0,0,0,0,0,182,2,0,0,0,0,0,0,0,0,0,0,0,0,5,0,0,0,0,4,0,0,0,0,0,0,1,0,0,0,1,0,137,0,0,0,0,0,0,0,28,0,0,0
"D59",0,0,0,0,0,0,0,0,0,0,0,0,0,0,7,0,0,0,0,0,0,0,0,0,0,113,0,0,0,5,0,0,0,0,0,0,0,0,0,0,0,0,0,0,0,0,0,0,0,0,0,0,0,0,0,0,0,0,0,0,0,0,0,0,0,0,0,0,0,0,0,0,0,0,0,0,0,0,0,0,0,0,5,0,0,0,0,0,0,0,0,153,0,0,0,0,0,0,0,13,0,0,0,5,0,0,0,0,0,0,0,79,0,0,1746,0,0,0,0,0,0,0,0,0,0,0,0,0,17,0,0,0,0,0,0,0,0,0,0,0,0,0,0,0,14,0,0,0,0,0,0,0,0,0,0,0,0,0,0,32,0,0,0,0,0,0,0,0,0,0,0,0,0,0,0,0,0,116,0,0,0,0,0,0,0,0,0,0,0,0,0,0,0,0,0,0,0,0,0,2,0,0,0,0,0,7,0,0,0,0,0,0,0,0,0,0,0,58,0,0,0,0,0,0,0,0,0,0,0,0,0,0,0,0,0,0,0,0,0,0,0,0,0,0,0,0,0,0,0,0,0,0,0,0,155,0,0,0,0,0,0,0,0,4,0,0,275,0,0,0,0,0,0,0,0,0,0,0,101,0,0,0,0,0,0,0,0,0,0,0,0,0,0,0,0,0,5,0,0,0,0,0,0,0,0,0,0,0,107,0,0,0,0,0,0,0,0,0,0,2,0,0,0,0,0,0,0,0,0,0,0,0,0,0,0,175,0,0,0,2,0,0,0,0,0,0,0,0,0,0,0,0,0,39,0,0,0,0,0,0,0,0,0,0,0,0,0,0,0,0,0,0,0,0,0,0,0,0,0,20,0,0,0,0,0,0,0,0,0,0,0,0,0,0,0,0,0,0,0,0,0,0,0,0,0,0,0,5,0,0,0,0,6,0,0,0,0,0,0,0,0,0,0,0,0,0,0,0,0,0,0,0,0,0,0,0,0,0,0,0,0,0,0,0,0,0,27,0,0,0,0,0,0,0,0,0,0,0,0,0,3,7,0,0,0,0,0,0,0,0,0,0,0,0,0,0,0,0,0,0,0,0,0,0,0,0,0,0,0,0,0,0,0,0,0,0,0,0,0,0,0,0,0,0,0,0,13,0,0,0,0,0,0,0,0,0,883,0,0,0,14,0,0,0,0,0,51,0,0,0,0,0,0,0
"D60",7,13,3,4,1,0,0,2,0,0,0,0,3,0,0,0,0,0,159,11,0,0,2,30,0,1,0,0,0,0,0,0,0,0,0,13,0,0,0,0,0,0,0,0,0,0,0,0,0,0,0,0,0,0,14,0,0,2,0,0,558,0,0,0,0,0,53,0,5,0,0,0,0,0,14,0,0,0,0,1,0,3,0,0,3,0,0,1,0,9,0,0,0,0,0,0,60,0,0,0,2,0,1653,245,0,0,0,40,0,0,9,0,0,0,0,0,0,0,0,12,0,0,0,0,0,0,2,4,0,0,0,0,5,0,0,0,2,0,0,0,0,0,0,34,0,0,0,0,0,4,0,0,0,0,12,0,184,0,0,0,0,0,0,0,0,0,0,0,0,0,0,34,0,1,0,0,0,0,0,0,0,0,0,0,0,0,0,0,0,0,0,0,0,0,0,0,37,0,7,0,0,0,0,0,0,0,0,0,0,0,0,0,0,0,0,0,9,0,0,0,0,0,0,10,4,105,0,0,0,8,0,0,0,0,467,9,0,57,0,0,0,0,0,0,0,0,2,200,0,0,55,0,0,0,14,50,14,0,0,0,0,0,0,0,0,0,0,0,0,0,1,0,0,0,0,15,0,731,0,0,0,0,0,0,8,0,0,0,22,0,0,0,0,0,4,0,0,2,0,0,0,4,9,0,0,0,0,15,0,0,0,0,0,0,1,5,24,0,0,0,2,0,0,1,0,0,6,0,0,1077,0,0,0,0,0,0,0,6,348,0,180,0,0,0,0,0,0,24,0,0,0,0,0,0,0,0,3,0,0,0,0,3,18,0,0,0,18,0,0,0,3,1,0,4,0,0,0,0,0,0,0,0,0,0,0,0,0,0,2,0,0,0,0,0,0,0,0,0,0,0,10,0,18,3,0,0,0,0,0,3,0,153,0,34,16,0,0,0,0,2,1,0,0,0,0,129,110,0,46,0,0,2,0,3,0,0,0,0,96,0,0,0,0,0,20,0,2,0,0,0,0,0,0,0,0,0,0,0,0,0,0,0,7,4,0,19,0,0,0,0,0,3,0,0,91,0,0,0,0,0,0,0,0,0,0,0,0,0,0,0,0,0,5,0,0,0,1,0,0,0,0,0,0,267,13,0,0,0,0,0,0,0,0,0,0,3,0,0,0,0,0,4,0,0,0,0,0,2,0,0,0,0,5,2
"D61",0,0,0,0,0,0,109,0,0,0,0,0,0,0,0,0,0,0,0,0,0,0,0,0,0,0,0,0,0,0,0,0,0,0,0,0,0,0,0,0,0,0,0,0,0,0,0,0,0,0,0,0,0,0,0,0,0,0,0,0,0,0,0,0,8,0,0,0,0,0,0,0,0,0,0,0,0,0,0,0,0,0,0,0,0,0,0,0,0,0,0,0,0,0,0,0,0,0,0,0,0,0,0,0,0,0,0,0,0,0,0,0,0,0,0,0,0,0,0,0,0,0,0,0,0,0,0,0,0,0,0,0,0,0,0,0,0,0,0,0,0,0,0,0,0,0,0,0,0,0,0,0,0,0,0,0,0,0,0,0,0,0,0,0,0,0,0,0,0,0,0,85,0,0,0,108,0,0,0,0,0,0,0,0,0,0,0,0,0,0,0,0,0,0,0,0,0,0,0,0,0,0,0,0,0,0,0,0,0,0,0,0,0,0,0,0,22,0,0,0,0,19,0,0,0,0,0,0,0,0,0,0,240,0,0,0,0,0,0,0,0,0,0,0,0,0,0,0,0,0,0,0,0,0,0,0,4,0,0,0,0,0,0,0,0,0,0,0,0,0,0,0,0,0,0,0,0,0,0,0,0,0,0,0,0,0,0,0,0,0,0,0,0,0,0,0,0,0,0,0,0,0,0,0,0,0,0,0,0,0,0,0,0,0,0,0,0,0,0,0,0,0,0,0,0,0,0,0,0,0,0,0,0,0,0,0,0,0,0,0,0,0,0,0,0,0,0,0,0,0,0,0,0,0,0,0,0,0,0,0,0,0,0,0,0,0,0,0,0,0,0,0,0,0,0,0,0,0,0,0,0,0,0,0,0,0,0,0,0,0,0,0,0,0,0,0,0,0,0,0,0,0,26,0,0,0,0,0,0,0,0,0,0,0,0,0,0,0,27,0,0,0,0,0,0,0,0,0,0,0,0,0,0,0,0,0,0,0,0,0,0,0,0,0,0,0,0,0,0,0,0,0,0,0,0,0,0,0,0,0,0,0,0,2,0,0,0,0,0,0,0,0,0,0,0,0,0,0,0,0,0,0,0,0,0,0,0,0,0,0,0,0,0,0,0,0,0,0,0,0,0,0,0,0,0,0,0,0,0,0,0,1013,0,0,0,0,0,0,0,0,0,0,0,0,0,0,0,0,0,0,0,0,0,0
"D62",0,0,0,0,267,0,0,0,0,0,0,184,0,0,0,0,0,0,0,0,0,0,0,0,0,0,0,0,0,0,0,0,0,0,0,0,0,0,0,0,0,0,0,0,0,0,0,0,0,0,0,0,0,0,0,0,326,0,0,0,0,0,480,0,0,0,0,0,0,0,0,0,0,0,0,0,0,137,0,0,0,0,0,0,0,0,0,453,0,0,0,0,0,0,0,0,0,0,0,0,0,0,0,0,0,0,0,0,0,0,0,0,0,0,0,0,0,0,0,0,0,0,0,0,0,0,0,0,0,0,0,0,0,0,0,0,0,0,0,0,0,0,0,0,0,0,0,0,0,0,0,0,0,288,0,0,0,0,0,0,0,0,0,0,0,0,0,0,0,0,0,131,0,0,0,0,0,0,0,0,0,0,0,0,0,0,0,0,0,0,0,0,0,0,0,0,0,0,0,0,0,0,0,0,0,0,0,0,0,0,0,0,0,0,0,0,0,0,0,0,0,0,0,0,0,0,0,0,0,0,0,0,0,0,0,0,0,1792,0,0,0,0,0,0,0,0,162,0,0,0,0,0,0,0,50,567,0,0,0,0,0,0,0,0,0,0,0,0,0,0,0,0,0,0,0,0,0,0,0,0,0,0,0,0,0,0,0,0,0,0,0,0,0,0,0,0,411,0,0,0,0,0,0,0,0,0,0,0,0,0,0,0,0,0,0,0,0,0,0,0,0,0,259,0,0,0,0,0,0,0,0,0,0,0,0,0,0,0,0,0,0,0,0,0,0,0,0,0,0,0,0,0,0,0,0,0,0,0,0,376,0,0,229,0,270,0,0,0,0,0,0,0,0,0,0,0,0,621,0,0,0,0,0,0,0,351,0,0,0,0,0,0,0,0,0,0,0,0,0,0,0,0,0,0,0,0,0,0,0,0,0,0,0,0,0,0,0,0,0,0,0,0,0,0,0,473,0,0,0,0,0,0,0,0,0,0,0,0,0,0,0,0,0,0,0,0,319,0,0,0,0,0,0,0,0,0,0,0,0,0,0,0,0,1031,0,0,0,0,0,0,0,0,0,0,0,0,13,0,0,0,0,0,0,0,0,0,0,0,0,0,0,0,0,0,0,0,70,0,0,0,0,0,0,0,0,0,0,0,0,0,0,450,0,5,0,0,0,0,0,0,0,277,0,0,0,250,0,444,0,0,0,6,0,0
"D63",0,0,0,0,0,0,0,0,0,0,0,0,0,0,0,0,0,0,0,0,0,0,0,0,0,0,0,0,0,0,0,194,0,0,0,0,0,0,0,0,0,0,0,0,0,0,0,0,0,0,0,0,0,0,0,0,0,0,0,0,0,0,0,0,0,0,0,0,0,0,0,0,0,0,0,0,0,0,726,0,0,0,0,9,0,0,0,0,0,0,0,0,0,0,0,0,0,0,0,0,0,0,0,0,0,0,0,0,0,0,0,0,0,0,729,0,0,0,0,0,0,0,0,0,0,0,0,0,0,0,0,0,0,0,0,0,0,0,0,0,0,0,0,0,3,0,0,0,0,0,0,0,0,0,0,0,0,0,0,0,0,0,0,0,0,0,0,0,0,0,0,0,0,0,0,0,0,7,0,0,0,0,0,0,0,0,0,0,0,0,0,0,0,0,0,0,0,0,0,0,0,0,0,0,0,0,0,0,0,0,0,0,0,0,0,0,0,0,0,0,0,0,0,0,0,0,0,0,0,0,0,0,0,0,0,0,0,0,0,0,0,0,0,0,0,0,0,0,0,0,0,0,0,0,4,0,0,0,0,0,0,0,3,0,0,0,0,0,0,0,0,0,0,0,0,0,0,0,0,0,0,0,0,0,0,0,0,0,0,0,0,0,0,0,0,0,0,0,0,0,0,0,0,0,0,0,0,0,0,0,0,0,0,0,0,0,0,0,0,0,0,0,0,0,0,0,0,0,0,0,0,0,0,0,0,0,0,0,0,0,0,0,0,0,0,0,0,0,0,0,0,87,166,35,0,0,0,0,0,0,0,0,0,0,0,0,0,0,0,0,0,0,0,0,0,0,0,0,0,10,0,0,0,0,0,0,0,0,0,0,0,0,0,0,0,0,0,0,0,0,0,0,0,0,0,0,0,0,0,0,0,0,0,0,0,0,0,0,0,0,0,0,0,4409,0,0,0,0,0,0,0,0,0,0,0,0,0,0,0,6,29,0,0,0,0,0,0,0,0,0,0,0,0,0,0,0,0,0,0,0,0,0,0,0,0,0,0,0,0,0,0,0,0,0,0,0,0,0,0,0,0,0,0,0,0,0,0,0,0,0,618,0,0,0,0,0,0,0,0,0,0,0,0,0,0,0,0,0,0,0,0,0,0,0,0,0,0,0,0,0,0,0,0,0,0,0,0,0,0,0,0,0,0,0
"D64",0,0,0,0,0,0,0,0,0,0,0,0,0,0,0,0,0,0,0,0,0,0,0,0,0,0,0,0,0,0,0,0,0,0,0,0,0,0,0,0,0,0,0,26,0,0,0,0,0,0,0,0,0,0,0,0,0,0,341,0,0,0,0,0,0,0,0,0,0,0,0,0,0,0,0,4583,0,0,0,0,0,0,0,0,0,0,0,0,0,0,0,0,0,0,0,0,0,0,0,0,0,0,0,0,0,0,0,0,0,0,0,0,0,0,0,0,0,0,0,0,0,0,0,0,0,0,0,0,0,0,0,0,0,0,0,7949,0,0,0,0,0,0,0,0,0,0,0,0,0,0,0,0,0,0,0,0,0,0,0,0,0,0,76,0,0,0,0,0,0,0,0,0,0,0,0,0,0,0,0,0,0,0,0,0,0,0,0,0,0,0,0,0,0,0,0,0,0,0,0,0,0,0,0,0,0,0,0,0,0,0,0,0,0,0,0,0,296,0,0,0,0,0,0,0,0,0,0,0,0,0,0,0,475,0,0,0,0,0,0,0,0,0,0,0,0,0,0,70,0,0,0,0,0,0,0,0,0,0,0,0,0,0,0,0,0,0,0,0,0,0,0,0,0,0,0,0,0,0,0,0,0,0,0,0,0,0,0,0,0,0,0,0,0,0,15649,0,0,0,28302,0,0,0,0,0,0,0,0,0,0,0,0,0,0,0,0,0,0,0,0,0,106,0,0,0,0,0,0,0,0,0,0,0,0,0,0,0,0,0,18,0,9,0,0,0,0,0,0,0,0,0,0,0,0,0,0,0,0,0,0,0,0,0,0,0,0,0,0,0,0,0,0,0,0,0,0,0,0,0,0,0,0,0,0,0,0,0,0,0,0,0,0,0,0,0,0,0,0,0,0,0,0,8383,0,0,0,0,0,0,0,1230,0,0,0,2,0,0,0,0,1669,0,0,0,0,0,0,0,0,0,0,0,0,0,0,0,0,0,0,0,213,0,0,0,0,0,0,0,0,0,0,0,0,0,0,0,0,0,0,0,0,0,0,0,0,0,0,0,0,0,0,0,0,0,0,0,0,0,0,0,0,0,0,0,0,0,0,0,0,0,0,0,0,0,0,0,0,0,0,0,0,0,0,0,0,0,0,0,0,0,0,0,0,361,0,0,0,0,0,0,0,0,0,0,0,0,0,0,0,0,0,0,0,0,0,0
"D65",0,0,0,0,0,0,0,0,0,0,0,0,0,0,0,0,0,0,0,0,0,0,0,0,0,0,0,0,0,0,0,0,0,0,0,0,0,0,0,0,0,0,0,0,0,0,0,0,0,0,0,0,0,0,0,0,0,0,0,0,0,0,0,0,0,0,0,0,0,0,0,0,0,0,0,0,0,0,0,0,0,0,0,64,0,0,0,0,0,0,0,0,0,0,0,0,0,0,0,0,0,0,0,0,0,0,0,0,0,0,0,0,0,0,0,0,0,0,0,0,0,0,0,0,0,0,0,0,0,0,0,0,0,0,0,0,0,0,0,0,0,0,0,0,0,0,0,0,0,0,0,0,0,0,0,0,0,0,0,0,0,0,2,0,0,0,0,0,0,0,2424,0,0,0,0,0,0,0,0,0,0,0,0,0,0,0,0,0,0,0,0,0,0,0,0,0,0,0,0,0,0,0,0,0,0,0,0,0,0,0,0,0,0,0,0,0,3,0,0,0,0,0,0,0,0,0,0,0,4,0,0,0,0,0,0,0,0,0,0,0,0,0,0,2,0,0,0,0,0,0,0,0,0,0,43,0,0,0,0,0,0,0,0,0,0,0,0,0,0,0,0,0,0,0,0,0,0,0,0,0,0,0,0,0,0,0,0,0,0,0,0,0,0,0,0,43368,0,0,237,0,0,0,0,0,0,0,0,0,0,0,265,0,0,0,0,0,0,0,0,0,0,0,0,0,0,0,0,0,0,0,0,0,0,0,0,0,0,0,0,0,0,0,0,0,0,0,0,0,0,2,0,0,0,0,0,0,0,0,0,0,0,0,0,0,0,0,0,0,2,0,0,0,0,0,0,0,0,0,0,0,0,0,0,0,0,0,6,4,0,0,0,0,0,0,0,0,0,0,0,0,0,0,0,0,0,0,0,0,0,0,0,0,0,0,0,0,0,0,0,0,0,0,0,0,0,0,0,0,0,0,0,0,0,3,0,0,0,0,0,0,0,0,0,0,0,0,0,0,0,0,0,0,0,0,0,0,2,0,0,0,0,0,0,0,0,0,0,0,0,0,0,0,0,0,0,0,0,0,0,0,0,0,0,0,0,0,0,0,0,0,0,0,0,0,0,0,0,0,0,0,0,0,0,0,0,0,0,0,0,0,0,0,0,0,0,0,0,0,0,0,0,0,0,0,0,0,0,0,0,0,0,0,0,0
"D66",9,4,11,0,0,3,0,8,23,0,0,6,0,0,0,0,0,0,2,0,28,0,4,0,2,0,0,0,0,1,0,0,71,0,2,2,0,0,3,0,0,0,0,0,12,0,0,0,650,0,14,0,0,12,6,0,1,0,0,49,0,0,0,22,0,4,28,0,0,0,7,17,3,0,0,4,6,0,0,0,2,106,0,0,0,0,0,4,0,8,0,0,6,0,0,0,0,0,18,45,0,0,0,0,2,0,3,0,0,0,8,0,0,0,0,0,4,0,0,0,0,0,4,0,0,0,0,0,0,16,4,0,0,4,12,0,6,66,59,2,7,0,0,0,0,0,0,0,0,4,8,0,0,22,54,2,0,1,0,0,0,0,78,7,0,0,4,0,5,13,0,2,0,29,19,0,0,0,0,0,0,0,0,0,0,90,0,0,0,6,0,0,5,0,11,0,0,0,2,0,0,24,0,8,0,0,3,0,0,56,1,8,1,0,0,0,0,0,0,5,0,7,0,0,0,5,0,2,0,18,35,27,0,0,0,0,0,0,0,9,0,9,0,0,0,12,0,54,24,0,18,0,0,27,22,0,11,0,0,2,5,0,0,4,0,0,0,2,2,0,0,22,0,0,0,23,3,0,0,11,24,5,2,0,0,29,34,7,0,0,3,5,0,19,0,0,0,6,47,0,0,17,0,0,0,0,0,26,26,2,29,0,0,13,0,0,0,0,0,8,3,5,27,0,0,20,10,0,14,8,11,0,0,3,0,0,0,0,14,0,0,28,0,166,4,0,0,0,0,0,0,0,0,0,0,0,0,0,7,6,26,0,0,134,0,0,0,0,0,0,0,0,0,0,3,0,0,3,0,0,0,0,2,0,0,0,0,0,0,0,0,3,0,0,0,0,0,0,0,0,0,14,0,0,0,0,2,0,6,0,0,0,0,25,6,0,0,34,0,1,1,0,0,0,0,0,0,0,0,0,0,0,2,0,0,0,0,3,4,0,0,0,0,0,0,0,9,0,0,0,0,7,2,0,6,0,0,2,0,0,3,0,0,0,0,0,0,38,26,0,16,23,4,0,0,4,0,163,0,0,3,0,0,8,24,0,3,2,0,1,0,0,0,3,8,7,0,0,19,0,0,22,65,0,3,0,0,7,0,0,0,130,3,0,0,49,0,1,2,0,11,0,0,0,0,0,0,10,0,4,0,0,6,15
"D67",0,0,0,0,0,0,0,0,0,0,0,0,0,0,0,0,0,0,0,0,0,0,0,0,0,0,0,0,0,0,0,0,0,0,0,0,0,0,0,0,0,0,0,0,0,0,0,0,0,0,0,0,0,0,0,0,0,0,0,0,0,0,0,0,0,0,0,0,0,0,0,0,0,0,0,0,0,0,0,0,0,0,0,0,0,0,0,0,0,0,0,0,0,0,0,0,0,0,0,0,0,0,0,0,0,0,0,0,0,0,0,0,0,0,0,0,0,0,0,0,0,0,0,0,0,0,0,0,0,0,0,0,0,0,0,0,0,0,0,0,0,0,0,0,0,0,0,0,0,0,0,0,0,0,0,0,0,0,0,0,0,0,0,0,0,0,0,0,0,0,0,0,0,0,0,0,0,0,0,0,0,0,0,0,0,0,0,0,0,0,0,0,0,0,0,0,0,0,0,0,0,0,0,0,0,0,0,0,0,0,0,0,0,0,0,0,0,0,0,0,0,0,0,0,0,0,0,0,0,0,0,0,0,0,0,0,0,0,0,0,0,0,0,0,0,0,0,0,0,0,0,0,0,0,0,0,0,0,0,0,0,0,0,0,0,0,0,0,0,0,0,0,0,0,0,0,0,0,0,0,0,0,0,0,0,0,0,0,0,0,0,0,0,0,0,0,0,0,0,0,0,0,0,0,0,0,0,0,0,0,0,0,0,0,0,0,0,0,0,0,0,0,0,0,0,0,0,0,0,0,0,0,0,0,0,0,0,0,0,0,0,0,0,0,0,0,0,0,0,0,0,0,0,0,0,0,0,0,0,0,0,0,0,0,0,0,0,0,0,0,0,0,0,0,0,0,0,0,0,0,0,0,0,0,0,0,0,0,0,0,0,0,0,0,0,0,0,0,0,0,0,0,0,0,0,0,0,0,0,0,0,0,0,0,0,0,0,0,0,0,0,0,0,0,0,0,0,0,0,0,0,0,0,0,2,0,0,0,0,0,0,0,0,0,0,0,0,0,0,0,0,0,0,0,0,0,0,0,0,0,0,0,0,0,0,0,0,0,0,0,0,0,0,0,0,0,0,0,0,0,0,0,0,0,0,0,0,0,0,0,0,0,0,0,0,0,0,0,0,0,0,0,0,0,0,0,0,0,0,0,0,0,0,0,0,0,0,0,0,0,0,0,0,0,0,0,0,0,0,0,0,0,0,0
"D68",0,0,0,0,0,0,41,0,0,0,0,0,0,0,0,0,5,0,0,0,0,0,0,0,0,0,0,0,0,0,0,0,0,0,0,0,0,0,0,0,0,0,0,0,0,0,0,0,0,0,0,0,0,0,0,0,0,0,0,0,0,0,0,0,0,0,0,0,0,0,0,0,0,0,0,0,0,0,0,0,0,0,0,2,0,0,0,0,0,0,0,0,0,0,4,0,0,0,0,0,0,0,0,0,0,0,0,0,0,0,0,4,0,0,0,0,0,0,0,0,0,0,0,0,0,0,0,0,0,0,0,0,0,0,2,0,0,0,0,0,0,0,0,0,0,0,0,0,0,0,0,0,0,0,0,0,0,0,0,0,0,0,0,0,0,0,0,0,0,0,258,0,0,0,0,0,0,0,0,0,0,0,0,0,0,0,0,0,0,0,0,0,0,0,0,0,0,0,0,0,0,0,0,0,0,0,0,0,0,0,0,0,0,0,0,0,0,0,0,0,0,0,0,0,0,0,0,0,0,0,0,0,0,0,0,0,0,0,0,0,0,0,0,0,0,0,0,0,0,0,0,0,0,0,0,0,0,0,0,0,0,0,0,0,0,0,0,0,0,0,0,0,0,0,0,0,0,0,0,0,0,0,0,0,0,0,0,0,0,0,0,0,0,0,2,2682,0,0,0,0,0,0,0,0,2,0,0,0,0,0,0,0,2,0,0,0,0,0,0,0,0,0,0,0,0,0,0,0,0,0,0,0,0,0,0,0,0,0,0,0,0,0,0,0,0,0,0,0,0,0,0,0,0,0,0,0,0,0,0,0,0,0,0,0,0,0,0,0,0,0,0,0,0,0,0,0,0,0,0,0,3,5,0,0,0,0,0,0,0,0,0,0,0,0,0,0,0,0,0,0,0,0,0,0,0,0,0,0,0,0,0,0,0,0,0,0,0,0,0,0,0,0,2,0,0,0,0,0,0,0,0,0,0,0,0,0,0,0,0,0,0,0,0,0,0,0,0,0,0,0,0,0,0,0,0,0,0,0,0,0,0,0,0,0,0,0,0,0,0,0,0,0,0,0,0,0,0,0,0,0,0,0,0,0,0,2,0,0,0,0,0,0,0,0,0,0,0,0,0,0,0,0,0,0,0,0,0,0,0,0,0,0,0,0,0,0,0,0,0,0,0,0,0,9,2,0,0,0,0,0,0,0,0,0
"D69",5,1,71,0,3,6,0,9,0,0,1,0,0,0,0,0,12,0,0,0,0,0,0,0,0,0,0,0,0,0,0,0,0,0,0,0,0,0,0,0,0,36,0,41181,0,0,0,1,542,0,173,0,0,0,0,34,0,0,0,1,0,0,0,41,0,3,0,2,0,0,0,61,0,0,16,0,0,0,0,0,0,0,0,0,0,0,4,0,0,10,0,0,0,0,0,8,0,2,137,0,0,0,0,0,0,0,51,0,0,0,769,78,0,0,265,0,0,0,0,0,0,0,3,0,0,0,0,0,0,0,0,0,42,0,0,0,0,0,8,0,1,0,0,0,0,0,0,0,0,352,16,0,0,0,0,0,0,0,1,0,0,0,11,27,0,0,0,0,47,0,0,0,0,0,0,0,8,0,0,0,0,0,4,0,10,113,0,0,0,0,0,0,0,47,0,2,0,0,0,0,0,53,0,0,0,0,0,0,0,0,24,0,0,0,0,0,0,0,0,0,0,0,0,0,0,0,4,126,0,0,36,0,0,0,2,0,0,0,0,0,6,0,0,0,0,0,0,0,0,0,0,13,0,0,11,0,0,0,0,0,0,0,0,4,0,2,71,0,94,1,0,24842,2,0,0,23,0,0,0,0,0,0,0,0,0,0,0,0,0,0,5,0,0,0,17,0,0,0,0,0,0,0,0,0,0,3,0,0,270,53,0,0,0,47,9,0,0,0,4,0,0,0,0,0,0,0,13,1,0,0,4,0,0,0,0,0,0,0,0,0,0,0,0,15,0,0,28,0,0,0,1,0,0,0,3,5,6,0,0,0,25,0,0,0,0,0,0,0,0,37,0,0,7,0,5,0,1,0,0,0,10,0,0,0,0,9,4,0,0,0,0,0,2,0,0,0,0,19,0,0,101,0,0,0,0,0,3,2,0,0,44,0,0,8,11,0,0,0,0,1,108,0,0,0,0,0,0,0,0,3,2,0,0,0,0,3,0,0,0,0,0,0,0,0,0,0,18,0,0,0,0,0,0,0,0,0,0,0,0,0,0,0,0,0,0,0,0,118,0,0,0,0,0,0,0,0,0,140,0,0,2,0,0,0,0,0,0,6,0,0,0,0,0,0,0,0,0,0,0,2,36,0,35,1,0,0,0,0,0,0,20,0,1,0,0,0,0,0,0,3,0,0,0,0,12,0,0,7,0,0,0,0,0,0
"D70",2,0,0,259,2,1,0,0,0,0,0,0,0,0,0,0,0,0,6,2,0,0,0,9,0,32,26,0,0,0,1,49,0,0,0,0,0,0,0,0,0,0,0,0,0,0,0,6,3,0,4,0,0,0,3,6,0,0,6,0,53,0,0,3,46,0,41,0,5,0,2,0,0,0,34,0,0,0,0,4,0,0,0,0,0,0,0,0,0,0,1,0,0,0,0,3,19,0,0,0,0,0,752,743,0,0,8,27,20,0,2,0,0,0,0,0,0,0,0,19,0,0,0,188,0,0,4,2,0,0,0,0,0,0,0,0,0,0,2,0,8,0,0,457,0,0,0,0,0,0,0,0,6,0,22,0,503,0,2,0,0,0,19,0,0,5,0,18,0,0,0,3619,0,9,0,0,0,0,0,0,0,0,0,16,0,0,0,0,0,0,0,0,0,0,1,0,5,17,2,0,0,0,0,0,0,0,0,0,0,0,0,0,0,0,0,0,0,0,2,0,0,0,0,3,0,2,0,0,0,0,0,0,0,0,783,0,0,83,0,0,0,0,0,0,0,0,0,10,0,0,3,0,0,0,0,0,11,0,0,0,14,0,0,0,0,0,0,0,0,0,0,8,0,0,0,4,0,10,0,0,0,0,0,0,0,0,0,0,92,0,0,6,0,0,2,0,2,0,91,0,0,0,0,0,0,50,0,2,0,5,18,0,0,0,2,4,13,3,0,0,3,0,0,0,0,0,0,0,1,5,0,0,0,0,0,0,0,8,0,0,0,0,0,0,0,0,0,7,0,0,0,0,0,0,0,0,0,0,0,0,0,54,23,0,0,0,23,0,0,0,0,2,0,0,0,0,0,0,0,0,0,0,0,0,0,0,0,0,18,6,0,4,0,0,0,0,0,0,0,0,0,2,2,50,0,0,0,0,0,2,0,39,0,10,3,0,0,0,0,1,0,0,0,0,0,774,0,0,2,0,0,0,0,0,0,0,0,0,3,0,0,0,0,0,3,17,0,0,0,0,0,0,0,0,0,0,0,0,0,0,0,0,0,1,29,54,0,0,0,0,0,0,0,0,242,0,0,0,3,0,0,0,0,0,0,0,0,0,0,0,0,4,0,0,0,0,5,0,0,0,0,0,0,0,4,0,0,0,0,0,0,0,0,0,0,0,0,0,0,0,0,36,0,0,0,0,0,0,0,0,2,0,0,3
"D71",0,0,0,0,0,0,0,0,0,0,0,0,0,0,0,0,0,0,0,0,0,0,0,0,0,0,0,0,0,0,0,0,0,0,0,1,0,0,0,0,0,0,0,0,0,0,0,0,0,0,0,0,0,0,2,0,0,0,0,0,0,0,0,0,0,0,0,0,0,0,0,0,0,0,0,0,0,0,0,0,0,0,0,0,0,0,0,0,0,0,0,0,0,0,0,0,0,0,0,0,0,0,0,0,0,0,0,0,0,0,0,0,0,0,0,0,0,0,0,0,0,0,0,0,0,0,0,0,0,0,0,0,0,0,0,0,0,0,0,0,0,0,0,0,0,0,0,0,0,0,0,0,0,0,33,0,2,0,0,0,0,0,0,0,0,0,0,0,0,0,0,0,0,0,0,0,0,0,0,0,0,0,0,0,0,0,0,0,0,0,0,0,0,0,0,0,0,0,0,0,0,0,0,0,0,0,0,0,0,0,0,0,0,0,0,0,0,0,0,0,0,0,0,0,0,0,0,0,0,0,0,0,0,0,0,0,0,109070,0,0,0,0,0,0,0,0,0,3,0,0,0,0,0,0,0,0,28,0,0,0,0,0,0,0,0,0,0,0,0,0,0,0,0,0,0,0,0,0,0,0,0,0,0,0,0,0,0,0,0,0,0,0,0,0,0,0,0,0,0,0,0,0,0,0,0,43,0,0,0,0,145,0,0,0,0,0,0,0,0,0,0,0,0,0,0,0,0,0,0,0,0,0,0,0,0,0,0,0,0,0,0,0,0,0,0,0,0,0,0,0,0,0,0,0,0,0,0,0,0,0,0,0,0,0,0,0,0,0,0,0,0,0,0,0,0,0,0,0,0,0,0,0,0,0,0,0,0,0,0,0,0,0,0,0,0,0,0,0,0,0,0,0,0,0,0,0,0,0,0,3,0,0,0,0,0,0,0,0,0,0,0,0,0,0,0,2,0,0,3,0,0,0,0,0,0,0,0,0,0,0,0,0,0,0,0,0,0,0,0,0,0,0,0,0,0,0,0,0,0,0,0,0,0,0,0,0,0,0,0,0,0,0,0,0,0,0,0,0,0,0,0,0,0,0,0,0,0,0,0,0,0,0,0,0,0,0,0,0,0,0,0,0,0,0,16,0,0,0,0,0,0,0,0,0,0,0,0,0,0,0,0,0,0,0,0,0,0,0,0,0,0,0,0,0
"D72",0,0,0,0,0,0,0,0,0,0,0,0,0,0,0,0,0,0,0,0,0,0,0,0,0,0,0,0,0,0,0,0,0,0,0,0,0,0,0,0,0,0,0,0,0,0,0,0,0,0,0,0,0,0,0,0,0,0,0,0,0,0,0,0,0,0,0,0,0,0,0,0,0,0,0,0,0,0,0,0,0,0,0,0,0,0,0,0,0,0,0,0,0,0,0,0,0,0,0,0,0,0,0,0,0,0,0,0,0,0,0,0,0,0,0,0,0,0,0,0,0,0,0,0,0,0,0,0,0,0,0,0,0,0,0,0,0,0,0,0,0,0,0,0,0,0,0,0,0,0,0,0,0,0,0,0,0,0,0,0,0,0,0,0,0,0,0,0,0,0,0,0,0,0,0,0,0,0,0,0,0,0,0,0,0,0,0,0,0,0,0,0,0,0,0,0,0,0,0,0,0,0,0,0,0,0,0,0,0,0,0,0,0,0,0,0,0,0,0,0,0,0,0,0,0,0,0,0,0,0,0,0,0,0,0,0,0,0,0,0,0,0,0,0,0,0,0,0,0,0,0,0,0,0,0,0,0,0,0,0,0,0,0,0,0,0,0,0,0,0,0,0,0,0,0,0,0,0,0,0,0,0,0,0,0,0,0,0,0,0,0,0,0,0,0,0,0,0,0,0,0,0,0,0,0,0,0,0,0,0,0,0,0,0,0,0,0,0,0,0,0,0,0,0,0,0,0,0,0,0,0,0,0,0,0,0,0,0,0,0,0,0,0,0,0,0,0,0,0,0,0,0,0,0,0,0,0,0,0,0,0,0,0,0,0,0,0,0,0,0,0,0,0,0,0,0,0,0,0,0,0,0,0,0,0,0,0,0,0,0,0,0,0,0,0,0,0,0,0,0,0,0,0,0,0,0,0,0,0,0,0,0,0,0,0,0,0,0,0,0,0,0,0,0,0,0,0,0,0,0,0,0,0,0,6,0,0,0,0,0,0,0,0,0,0,0,0,0,0,0,0,0,0,0,0,0,0,0,0,0,0,0,0,0,0,0,0,0,0,0,0,0,0,0,0,0,0,0,0,0,0,0,0,0,0,0,0,0,0,0,0,0,0,0,0,0,0,0,0,0,0,0,0,0,0,0,0,0,0,0,0,2,0,0,0,0,0,0,0,0,0,0,0,0,0,0,0,0,0,0,0,0,0,0
"D73",0,0,0,0,0,0,0,16,0,0,4,0,37,0,0,0,0,0,3,0,0,1,0,0,0,0,0,0,0,15,7,0,0,0,0,14,0,6,0,0,0,0,0,0,2,0,0,26,0,14,3,0,3,0,0,0,0,0,0,0,0,29,0,18,0,0,0,26,0,0,0,21,0,0,0,0,0,0,104,0,0,0,3,1,0,3,9,2,0,7,0,0,29,0,0,0,0,0,0,0,0,0,0,0,0,0,0,0,0,0,0,0,0,0,2625,0,0,0,6,0,0,0,0,0,0,6,36,0,182,12,0,0,6,0,0,0,0,0,0,0,0,0,0,7,35,0,0,0,0,0,0,0,0,0,0,0,0,0,0,218,0,0,5,0,2,0,1,0,0,0,0,0,0,0,0,0,2,66,0,0,0,0,7,0,0,0,0,3,3,0,0,0,0,0,0,0,0,0,0,0,0,14,0,5,0,9,0,0,0,0,0,0,0,0,1,5,0,9,4,0,0,0,0,0,2,6,0,6,12,4,0,14,0,0,0,0,0,0,0,0,0,0,0,0,0,0,0,0,0,0,0,4,7,0,7,0,9,0,0,0,2,0,0,7,0,0,687,0,0,0,0,42,0,0,0,0,0,0,118,0,2,5,0,0,0,0,0,0,0,0,0,0,0,0,0,0,0,4,8,0,0,0,0,0,0,4,0,0,0,6,0,0,0,0,0,0,0,0,0,91,0,3,3,0,0,0,0,0,0,0,0,5,0,0,0,27,0,0,0,2,3,0,6,4,0,0,0,0,0,1,0,0,0,72,0,0,0,0,0,0,0,0,0,0,7,0,0,0,0,8,0,3,0,0,0,0,0,0,6,0,0,0,0,0,17,0,16,0,0,0,0,0,0,0,0,3,0,3,0,2,0,0,0,0,33,10,0,0,0,0,0,0,0,2,0,0,0,0,0,0,0,0,0,0,0,0,0,0,27,0,4,0,0,0,15,0,0,0,0,0,0,0,0,0,0,1,7,0,0,0,0,0,0,0,0,0,0,2,0,0,0,77,0,0,0,2,0,6,1,0,0,0,0,0,0,0,0,0,0,0,0,0,0,2,0,2,0,0,0,0,74,0,0,0,0,29,0,0,3,0,5,0,3,0,0,0,11,0,0,6,0,0,3,0,7,0,4,0,0,4,3,0,2,11,20,0,0,2,0,2,0,0,0,0
"D74",0,0,4,16,0,0,0,16,8,0,0,3,0,0,0,0,35,0,0,0,0,0,0,0,311,0,0,0,0,4,65,0,0,0,0,0,0,5,0,2,0,23,0,0,0,0,0,154,100,0,0,0,1,0,3,0,0,0,0,0,0,1539,0,12,0,0,1370,0,0,0,8,0,0,36,0,0,15,1,7,0,0,0,0,3,0,0,0,0,0,0,0,0,0,0,30,0,0,0,5,0,0,0,0,33,0,0,0,3,4,0,6,2,0,0,0,0,0,0,0,7,0,5,8,0,11,2,22,8,0,0,0,0,0,4,2,0,0,0,0,0,0,0,2,0,0,15,0,0,1,0,0,0,0,0,78,0,37,0,0,0,70,0,2,0,0,40,0,54,0,0,0,0,0,0,0,0,0,0,0,2,0,0,19,3,8,0,4,0,0,0,0,0,0,0,4,0,4,0,0,0,0,0,0,0,0,0,0,0,6,0,0,0,0,0,3,7,0,0,0,0,0,0,0,0,0,0,0,0,0,3,0,8,0,4,77,0,4,0,0,0,0,0,0,0,0,0,0,0,3,6,0,4,0,0,7,0,0,0,1,0,22,0,12,0,7,0,0,0,0,0,0,476,0,0,0,0,0,0,0,0,0,0,4,0,6,0,0,0,24,0,0,0,0,0,0,0,22,20,1343,0,0,0,0,3,0,562,0,0,0,10,8499,0,0,9,6,0,0,0,3,9,0,0,6,0,0,7,0,11,0,1,0,0,24,0,0,8,0,6,0,0,0,3,0,12,0,0,0,0,0,43,0,0,5,0,0,2,0,1,1,0,0,14,0,0,3,0,2,1,0,1,0,2,0,0,0,0,0,0,0,0,0,32,0,0,0,0,7,0,0,0,0,0,1,21,0,16,0,232,0,0,0,0,0,0,0,0,0,0,0,0,0,0,0,19,0,0,0,28,0,0,26,0,0,201,0,14,0,0,0,0,0,7,0,0,0,0,0,0,0,1,4,0,2,5,1,0,127,0,0,0,0,5,0,1,6,0,0,13,0,0,0,0,0,0,0,289,0,1,0,0,0,0,0,0,0,0,0,0,0,0,0,0,9,0,0,82,0,0,0,0,0,34,0,0,0,0,0,0,8,0,15,0,14,25,3,4,0,0,0,0,0,0,0,3,0,0,0,0,4,0,0,4,48,0,8,0,0,67,0,0,0,4,0,0
"D75",0,0,0,0,0,0,0,0,0,0,0,0,0,0,0,0,0,0,25,0,0,0,0,0,0,0,0,0,0,0,0,0,0,0,0,0,0,0,0,0,0,0,0,0,0,0,4,614,0,0,0,0,0,0,0,13,0,0,0,0,0,2,0,0,0,0,0,0,0,0,0,0,0,1,0,0,0,0,5,0,0,0,0,0,0,0,0,0,0,0,0,0,0,0,5,0,0,0,0,0,0,0,0,0,0,0,0,0,0,0,0,0,0,0,0,0,0,0,0,0,0,0,0,0,0,0,0,0,0,0,0,0,0,0,153,0,0,0,0,0,0,0,0,0,0,0,0,0,0,0,0,0,0,0,0,0,0,0,0,0,0,0,0,0,0,0,0,0,0,0,1569,0,0,0,0,0,0,0,0,0,0,0,0,0,0,0,0,0,0,0,0,0,0,0,0,0,0,0,0,0,0,0,0,0,0,0,0,0,0,0,0,0,0,0,0,0,0,0,0,0,0,0,0,0,0,0,0,0,0,0,0,0,0,0,0,0,0,0,0,0,0,0,0,0,0,0,0,0,0,0,0,0,0,0,0,0,0,0,0,0,0,0,0,0,0,0,0,0,0,0,0,0,0,0,0,0,0,0,0,0,0,0,0,0,0,0,0,0,0,0,0,0,0,0,0,9121,0,0,0,0,0,0,6,2,0,0,0,0,0,0,0,0,0,0,0,0,0,0,0,0,0,0,0,0,0,0,0,2,0,0,0,0,0,0,0,0,0,0,0,0,0,0,0,0,0,0,0,0,0,0,0,0,0,0,0,0,0,0,0,0,5,0,0,0,0,0,0,2,0,0,0,0,0,0,0,0,0,0,0,0,0,7,0,0,0,0,0,0,0,0,0,0,0,10,0,0,0,0,0,0,0,0,0,0,0,0,0,0,0,0,0,0,0,0,0,0,0,0,0,0,0,0,9,0,0,0,0,0,0,0,0,0,0,0,0,0,0,0,0,0,0,0,0,2,0,0,0,0,0,0,0,0,0,0,0,0,0,0,0,0,0,0,0,0,0,0,0,0,0,0,0,0,0,0,0,0,0,0,0,0,0,0,0,0,0,18,0,0,0,0,0,0,0,0,0,0,0,0,0,0,0,0,0,0,0,0,0,0,0,0,0,0,0,0,0,0,0,0,0,0,0,0,0,0,0,0,0,0,0,0,0,0,0,0
"D76",0,0,0,4,0,0,6,0,0,0,0,0,0,0,0,0,0,0,0,0,0,0,0,9,0,0,0,0,0,0,0,0,0,0,0,0,0,0,0,4,0,0,0,0,0,0,9,0,6,0,0,0,0,0,0,0,0,0,0,0,16,0,0,3,0,0,2,0,5,0,0,0,0,0,3,0,0,0,0,1,0,0,0,0,0,0,0,0,0,0,0,0,0,0,0,0,8,0,0,0,0,0,3975,0,0,0,0,103,0,0,0,0,0,0,0,0,0,0,0,5,0,0,0,22,0,0,4,18,0,0,0,0,0,0,5,0,0,0,0,0,0,0,0,23,0,0,0,0,0,0,0,0,0,0,0,0,1646,0,0,0,0,0,0,0,0,0,0,0,0,0,0,0,0,0,0,0,0,0,0,0,0,0,0,3,0,0,2,0,0,0,0,0,0,0,0,0,35,0,0,0,0,0,0,0,44,0,0,0,0,0,0,0,0,0,0,0,11,0,0,0,0,0,0,0,0,6,0,0,0,0,0,0,0,0,237,0,0,20,0,0,0,0,0,38,0,0,0,0,0,0,0,0,0,0,0,7,2,0,0,0,5,0,0,0,0,0,0,0,0,0,0,0,0,0,0,0,0,0,0,5,0,0,0,2,47,0,0,0,0,0,0,3,0,0,0,0,0,0,4,0,0,0,0,0,0,0,0,0,0,0,0,0,0,0,0,0,4,0,0,0,0,0,0,0,0,0,0,0,0,1,0,0,0,0,0,0,0,25,2,0,0,0,0,0,0,0,0,0,0,0,0,0,0,0,0,0,0,0,0,0,0,0,10,0,0,0,3,0,0,0,0,0,0,4,0,0,0,0,0,0,0,0,0,0,0,0,0,0,5,0,0,0,0,0,0,0,0,0,0,0,0,0,78,0,0,0,0,0,0,0,0,20,0,0,0,0,0,0,0,0,0,0,0,0,0,0,72,0,0,0,0,0,0,3,0,0,0,0,0,0,0,0,0,0,57,0,0,0,0,20,0,0,0,0,0,0,0,0,0,0,0,0,0,69,14,2,0,0,0,0,0,0,0,0,21,0,0,0,0,0,0,0,0,0,0,0,0,2,0,0,0,0,0,0,0,0,6,0,0,0,0,0,0,0,2,0,0,0,0,0,0,0,0,0,0,0,0,0,0,0,0,12,0,0,0,0,0,0,0,0,0,0,27,0
"D77",0,0,0,0,0,0,9,0,0,0,0,0,0,0,0,0,0,0,0,0,0,0,0,0,0,0,0,0,0,0,3,74,0,0,0,0,0,0,0,0,0,0,0,0,4,0,0,0,0,0,0,0,0,0,0,0,0,0,0,0,0,0,0,0,0,0,0,0,0,0,0,0,0,86,0,0,0,0,457,0,0,0,0,4,0,9,0,0,0,0,0,0,0,0,0,20,0,0,0,0,0,0,2,0,0,0,0,0,0,0,0,0,0,0,7,0,0,0,0,0,0,0,0,0,0,0,0,0,0,0,0,0,0,0,0,0,0,0,0,0,0,0,0,0,0,0,0,0,0,0,0,0,0,0,0,0,0,0,0,0,0,0,0,0,0,0,0,0,0,0,0,9,239,0,0,0,0,100,0,0,0,0,0,0,0,0,0,0,0,0,0,0,0,0,0,0,0,0,0,0,0,0,0,0,0,0,0,0,0,0,0,0,0,0,0,0,5,0,0,0,0,0,0,0,0,0,0,0,0,0,0,0,0,0,0,0,0,0,0,0,0,0,0,0,0,0,0,0,0,0,0,0,0,0,0,0,0,0,0,0,2,0,0,0,0,0,0,0,0,0,0,0,0,0,0,0,0,0,0,0,0,0,0,0,0,0,0,0,0,0,0,0,0,0,0,0,0,0,0,0,0,0,0,0,0,0,0,0,0,0,0,0,0,0,0,0,0,0,0,0,0,23,0,0,0,0,0,0,0,0,0,0,0,0,0,0,0,0,0,0,6,0,0,0,0,0,0,0,0,0,0,43,97,39,0,0,0,0,0,0,0,0,0,0,0,0,0,103,0,0,0,0,0,0,0,0,0,0,0,0,0,0,0,0,0,0,0,0,0,0,0,0,0,26,0,0,0,0,0,0,0,0,26,0,0,0,0,0,0,0,0,0,0,0,0,0,0,0,0,0,0,0,0,1203,0,0,0,0,5,0,0,0,0,0,0,0,6,0,0,21,0,0,0,0,0,0,0,0,0,0,0,0,0,0,0,0,0,0,0,0,0,0,0,0,0,2,0,0,0,0,0,0,0,0,0,0,0,0,0,0,0,0,0,0,3,0,0,0,0,0,0,0,0,0,0,0,0,0,0,0,0,0,0,0,0,0,0,0,0,0,0,0,0,0,0,0,0,0,0,0,0,0,0,0,0,0,0,0,0,0,0,0,0,0
"D78",0,0,0,1318,0,0,37,0,0,0,0,0,0,0,0,0,0,0,0,0,0,0,0,7,0,0,0,0,0,0,8,0,1,0,0,0,0,0,0,0,0,0,0,3,0,0,2,0,0,0,0,0,0,0,0,0,0,0,4,0,210,0,0,0,0,0,0,0,2,0,0,0,0,0,14,0,0,0,0,3,0,0,0,0,0,0,0,0,0,0,0,0,0,0,0,0,157,2,0,0,0,0,18542,1376,0,0,0,216,4,0,0,0,0,0,0,0,0,0,0,49,0,0,0,2558,0,0,23,14,0,0,0,0,0,0,1,0,0,0,0,0,3,0,0,101,0,0,0,0,0,0,0,0,8,0,8,0,11280,0,0,0,0,0,0,0,0,3,0,3,0,0,0,24,0,57,0,0,0,0,0,0,0,0,0,0,0,0,0,0,0,0,0,0,0,0,0,0,150,64,0,0,0,0,0,0,11,0,0,0,0,0,0,0,0,0,0,0,44,0,0,0,0,0,0,0,0,2,0,0,0,0,0,0,0,0,1310,0,0,43,0,0,0,0,0,0,0,0,0,31,0,0,1,0,0,0,0,214,7,0,0,5,14,0,19,0,0,0,0,0,0,0,0,0,0,0,0,2,0,0,0,0,0,0,0,0,18,0,0,0,40,0,0,17,0,0,0,0,0,0,143,0,0,0,0,0,0,10,0,0,0,0,1009,0,0,0,0,5,13,3,0,0,5,0,0,0,0,16,0,0,2,0,0,0,0,0,0,0,0,88,2,0,161,0,0,0,0,0,0,0,0,0,0,0,0,0,0,0,0,0,0,0,0,327,25,0,0,0,0,0,0,0,12,0,0,0,0,0,0,0,0,0,0,0,0,0,0,0,0,0,0,4,0,0,0,0,0,0,0,0,0,0,0,0,9,0,0,0,0,0,0,0,0,96,0,2,0,0,0,0,0,0,0,0,0,0,0,0,77,0,0,0,0,0,0,0,0,0,1,0,4,0,0,0,6,0,19,0,0,0,0,0,0,0,0,0,0,0,0,0,0,0,0,0,0,5,98,16,0,0,0,0,0,0,0,0,1,0,0,0,0,0,0,0,0,0,0,0,0,0,0,0,0,13,0,0,0,0,12,0,0,0,0,0,0,4,0,0,0,0,0,0,0,0,0,0,0,0,0,0,0,0,0,59,0,3,0,0,0,0,0,0,0,0,0,0
"D79",0,0,0,0,0,0,0,0,0,0,0,0,0,0,0,0,0,0,0,0,0,0,0,0,0,0,0,0,0,0,0,0,0,0,0,0,0,0,0,0,0,0,0,0,0,0,0,0,0,0,0,0,0,0,0,0,0,0,0,0,0,0,0,0,0,0,0,0,0,0,0,0,0,0,0,0,0,0,0,0,0,0,0,0,0,0,0,0,0,0,0,0,0,0,0,0,0,0,0,0,0,0,0,0,0,0,0,0,0,0,0,0,0,0,0,0,0,0,0,0,0,0,0,0,0,0,0,0,0,0,0,0,0,0,0,0,0,0,0,0,0,0,0,0,0,0,0,0,0,0,0,0,0,0,0,0,0,0,0,0,0,0,0,0,0,0,0,0,0,0,0,17,0,0,0,0,0,0,0,0,0,0,0,0,0,0,0,0,0,0,0,0,0,0,0,0,0,0,0,0,0,0,0,0,0,0,0,0,0,0,0,0,0,0,0,0,19,0,0,0,0,0,0,0,0,0,0,0,0,0,0,0,0,0,0,0,0,0,0,0,0,0,0,0,0,0,0,0,0,0,0,0,0,0,0,0,0,0,0,0,0,0,0,0,0,0,0,0,0,0,0,0,0,0,0,0,0,0,0,0,0,0,0,0,0,0,0,0,0,0,0,0,0,0,0,0,0,0,0,0,0,0,0,0,0,0,0,0,0,0,0,0,0,0,0,0,0,0,0,0,0,0,0,0,0,0,0,0,0,0,0,0,0,0,0,0,0,0,0,0,0,0,0,0,0,0,0,0,0,0,0,0,0,0,0,0,0,0,0,0,0,0,0,0,0,0,0,0,0,0,0,0,0,0,0,0,0,0,0,0,0,0,0,0,0,0,0,0,0,0,0,0,0,0,0,0,0,0,0,0,0,0,0,0,0,0,0,0,0,0,0,0,0,0,0,0,0,0,0,0,0,0,0,0,0,0,0,0,0,0,0,0,0,2,0,0,0,0,0,0,0,0,0,0,0,0,0,0,0,4,0,0,0,0,0,0,0,0,0,0,0,0,0,46,0,0,0,0,0,0,0,0,0,0,0,0,0,0,0,0,0,0,0,0,0,0,0,0,0,0,0,0,0,0,0,0,0,755,0,0,0,0,0,0,0,0,0,0,0,0,0,3,1,0,0,0,0,0,0,0,0,0,0,0,0,0,0,0,0,0,0,0,0,0
"D80",0,0,0,0,0,0,0,0,0,0,0,0,0,0,0,0,0,0,0,0,0,0,0,0,0,0,0,0,0,0,0,0,0,0,0,0,0,0,0,0,0,0,0,0,0,0,62,0,0,0,0,0,0,0,0,0,0,0,0,0,0,0,0,0,0,0,0,0,0,0,0,0,0,0,0,0,0,0,0,0,0,0,0,0,0,0,0,0,0,0,0,0,0,0,0,0,0,0,0,0,0,0,0,0,0,0,0,0,0,0,0,0,0,0,0,0,0,0,0,0,0,0,0,0,0,0,0,0,0,0,0,0,0,0,0,0,0,0,0,0,0,0,0,0,0,0,0,0,0,0,0,0,27,0,0,0,0,0,0,0,0,0,0,0,0,0,0,0,0,0,0,152,0,0,0,0,0,0,0,0,0,0,0,0,0,0,0,0,0,0,0,0,0,0,0,0,0,0,0,0,0,0,0,0,0,0,0,0,0,0,0,0,0,0,0,0,0,0,0,0,0,0,0,0,0,0,0,0,0,0,0,0,0,0,40,0,0,0,0,0,0,0,0,0,0,0,0,0,0,0,0,0,0,0,0,0,0,0,0,0,0,0,0,0,0,0,0,0,0,0,0,953,0,0,0,0,0,67,0,0,0,0,0,0,0,0,0,0,0,0,0,0,0,0,0,0,0,0,0,0,0,0,0,0,0,0,0,0,0,0,0,0,0,0,0,0,0,0,0,0,0,0,0,0,0,0,0,0,0,0,0,0,0,0,0,0,0,0,0,0,0,0,0,0,0,0,0,0,0,0,0,0,0,0,0,0,0,0,0,0,0,0,0,0,0,0,0,0,0,0,0,0,0,0,0,0,0,0,0,0,0,0,0,0,0,0,0,47,0,0,0,0,0,0,0,0,0,0,0,0,0,0,83,0,0,0,0,0,0,0,0,0,0,0,0,0,0,0,110,0,0,0,0,0,0,0,0,0,0,0,0,0,0,0,0,0,0,0,0,0,0,0,0,0,0,0,0,0,0,0,0,0,0,0,0,0,0,0,0,0,0,0,0,0,0,0,0,0,0,0,0,0,0,0,0,0,0,0,0,0,0,0,0,0,0,0,0,0,0,0,0,0,0,0,0,0,0,0,0,0,0,0,0,0,21,0,0,0,0,0,0,0,0,0,0,0,0,0,0,0,0,0,0,0,0,0,0,0,0,0,0,0,22,0
"D81",0,0,24,0,0,0,0,8,65,0,0,9,32,20,22,2,8,8,84,0,0,11,0,0,0,0,0,7,0,92,46,0,0,0,0,33,7,11,3,1,2,9,0,15,72,9,169,85,2,20,0,12,0,7,0,4,0,9,0,16,0,68,3,48,0,4,3,3,0,1,0,123,0,10,0,0,38,4,10,27,15,0,6,28,21,15,28,2,0,11,10,17,30,19,17,8,0,0,30,8,0,3,17,0,0,6,0,0,0,7,5,3,5,3,1107,2,0,0,32,0,0,7,8,0,96,6,0,0,65,70,0,0,44,33,0,0,0,0,17,0,0,0,0,252,430,3,0,5,0,0,0,0,0,0,60,0,0,0,0,76,0,17,28,2,5,2,5,41,2,2,0,64,0,0,1,0,6,80,1,3,0,4,1,0,0,0,3,3,60,0,0,0,0,0,7,0,2,6,0,0,4,7,4,16,0,4,0,0,0,2,0,13,0,0,19,41,173,34,2,2,0,0,0,0,29,0,1,12,29,0,19,17,0,0,16,0,0,0,8,0,26,9,28,0,0,0,0,19,0,3,108,0,1,1,152,3,0,11,4,0,27,41,0,4,0,6,183,7,0,10,0,79,6,9,0,31,0,0,55,1,9,0,4,3,0,8,0,7,0,0,0,0,2,3,0,0,14,9,93,0,1,0,3,16,0,65,1,0,33,24,39,3,0,2,26,0,0,1,26,13,0,43,20,0,24,0,0,12,0,0,0,37,15,0,0,81,1,0,0,17,830,1,31,9,28,6,36,0,0,100,8,21,40,12,8,0,9,14,17,0,2,0,0,0,0,6,0,64,0,6,0,5,13,0,12,13,3,0,23,0,5,87,0,0,0,18,21,0,0,4,0,0,6,0,14,4,4,17,0,81,7,383,0,0,9,150,0,15,0,0,0,0,19,58,0,0,0,17,0,0,29,0,81,108,4,0,0,0,87,8,13,31,3,0,31,23,45,72,0,45,4,0,0,0,0,4,64,0,1,0,0,5,7,6,4,0,6,32,13,0,0,261,0,0,0,748,2,50,46,0,15,0,20,0,0,12,0,0,0,3,5,0,8,4,31,43,10,0,0,0,94,10,1,2,0,22,0,0,0,9,8,6,76,0,35,10,6,3,0,156,8,0,29,0,10,0,0,0,0,3,16,0,350,62,19,15,9,39,0,4,0,1,37,0
"D82",0,0,0,0,0,0,0,0,0,0,0,0,0,0,0,0,0,0,2,0,0,0,0,0,0,0,0,0,0,0,0,0,0,0,0,0,0,0,0,0,0,0,0,0,0,0,0,0,2,0,3,0,0,0,0,0,0,0,0,0,0,0,0,0,0,0,0,0,0,0,0,0,0,0,0,0,0,0,0,0,0,0,0,0,0,0,0,0,0,0,0,0,0,0,0,0,0,0,0,0,0,0,0,0,0,0,0,0,0,0,0,2,0,0,0,0,0,0,0,0,0,0,0,0,0,0,0,0,0,0,0,0,0,0,0,0,0,0,0,0,0,0,0,0,0,0,0,0,0,0,0,0,0,0,0,0,0,0,0,0,0,0,0,0,0,0,0,4,0,0,0,0,0,0,0,0,0,0,0,0,0,0,0,0,0,0,0,0,0,0,0,0,0,0,0,0,0,0,0,0,0,0,0,0,1,0,0,0,0,0,0,0,0,0,0,0,2,0,0,0,0,0,3,0,0,0,0,0,0,0,0,0,0,0,0,0,0,5,0,0,0,0,0,0,0,0,0,0,0,0,0,0,0,0,2,0,0,0,0,4,0,0,0,0,0,0,0,0,5,0,0,0,0,0,0,0,0,0,0,0,0,0,0,0,0,0,0,0,0,3,0,0,0,0,0,0,0,0,0,0,3,0,0,0,0,0,0,0,2,0,0,0,0,0,0,0,0,0,0,0,0,0,0,0,0,0,0,0,0,0,0,0,0,0,0,0,0,0,0,0,0,0,0,0,0,0,0,0,0,0,0,0,0,2,0,0,0,0,0,0,0,0,0,0,0,0,0,0,0,0,0,0,0,0,0,0,0,0,0,0,0,0,0,0,0,5,0,0,0,0,0,0,0,0,0,0,0,0,0,0,0,0,0,0,0,0,0,0,0,0,2,0,0,0,2,0,0,0,0,0,0,0,0,3,0,0,0,0,0,0,0,0,0,0,0,0,0,0,0,0,4,0,0,0,0,0,19,0,0,0,0,0,0,0,0,0,0,0,0,0,0,0,0,0,0,6,0,0,0,0,0,0,0,0,0,0,0,0,0,0,0,0,0,0,3,0,0,0,0,0,0,0,0,0,0,0,0,0,0,0,2,0,0,0,0,0,0,0,0,0,0,3,0,0,0,0,0,0,0,0,0,0,0,0,0,0,0,0,0,0,0,0,2,0
"D83",0,2,0,0,0,0,0,4,0,0,34,3,5,42,0,0,0,0,0,0,0,4,0,0,0,0,0,0,0,2,2,1357,0,0,21,0,0,0,2,0,0,29,7,0,0,0,0,285,0,4,97,0,0,0,0,0,0,0,0,7,0,14,3,0,0,0,0,25,0,0,0,6,0,739,0,0,0,0,318,57,0,0,0,10,0,48,0,0,1,1,1,0,6,0,657,31,0,0,0,0,0,0,0,0,0,0,0,0,0,119,0,2,0,0,2490,2,0,0,8,0,0,0,0,0,4,4,0,0,12,5,0,0,18,3,0,0,0,0,6,0,0,0,0,0,12,0,0,0,0,0,0,0,0,0,0,0,0,0,0,20,75,5,0,0,0,39,0,0,3,0,0,0,1172,0,5,0,4,21,0,7,0,5,5,0,0,0,0,0,0,0,0,0,0,0,0,0,0,0,0,0,0,0,0,0,0,47,0,0,0,0,0,0,0,0,0,4,0,0,0,0,0,0,0,0,58,0,0,0,13,0,0,11,0,0,0,0,0,0,0,0,96,0,0,0,0,0,0,0,0,0,0,0,0,0,22,0,4,0,0,0,0,12,0,6,0,0,20,140,0,0,0,20,0,0,0,2,0,0,5,0,0,0,0,0,0,0,0,5,0,0,0,0,0,0,0,0,0,0,0,0,0,0,1125,137,72,4,0,0,0,0,0,0,63,0,0,0,0,0,0,951,0,22,6,0,0,0,0,1,0,0,0,0,0,0,0,12,0,0,0,8,0,0,2,0,0,0,2,0,0,6,0,920,233,57,0,0,0,0,0,0,0,0,0,0,0,0,0,2601,0,5,0,0,0,0,2,10,0,0,0,32,4,1102,0,0,159,0,0,0,0,0,0,0,4,727,0,2,0,113,0,0,25,0,0,0,98,0,0,0,0,0,0,0,0,3,0,0,0,0,0,0,293,0,1286,2043,21,0,0,0,0,0,0,12,3,0,31,0,0,0,0,0,49,0,0,819,0,28,5,0,0,0,0,0,0,0,1,0,4,7,0,0,0,10,0,0,0,0,8,0,3,0,0,0,0,0,0,0,0,0,0,0,0,0,0,0,0,158,0,0,0,0,1412,0,0,3,0,0,0,0,0,0,0,0,10,0,0,0,43,0,0,0,0,0,20,0,0,0,2,0,0,3,0,0,453,7,16,4,2,3,0,0,1,0,0,0
"D84",5,0,0,0,0,6,15,0,0,0,0,0,0,0,0,0,0,0,0,0,4,0,0,0,0,0,0,0,0,0,0,0,0,0,0,0,0,0,0,0,0,0,0,0,0,0,0,78,0,0,0,0,0,0,0,0,0,0,2,1,0,0,0,21,15,0,0,0,0,0,0,0,0,0,0,0,0,0,0,0,0,0,0,0,0,0,0,0,0,44,33,0,0,0,0,0,0,0,0,0,0,0,0,0,0,0,214,0,0,0,0,0,0,0,0,0,0,0,0,0,0,0,0,0,0,0,0,0,0,22,0,0,35,4,5,0,0,0,134,0,0,0,0,0,0,0,0,0,0,8,0,0,0,0,0,0,0,0,0,0,0,0,294,0,0,9,0,0,2,2,0,0,0,0,0,0,0,0,0,0,0,0,0,0,0,0,0,0,5,18,0,6,0,0,9,3,0,0,0,0,0,4,0,11,3,0,0,0,0,0,0,0,2,0,0,4,0,0,158,0,0,0,0,0,154,0,0,0,0,0,0,8,107,0,0,0,0,0,0,0,0,0,0,0,0,0,0,0,29,0,354,0,0,0,0,0,0,6,0,0,0,0,0,35,0,0,0,0,0,0,15,9,0,0,0,575,0,0,0,0,0,0,0,0,0,0,0,2,0,0,0,0,0,0,88,0,0,0,0,0,0,0,0,0,0,95,0,0,0,549,17,0,0,0,0,0,0,96,0,0,3,1,0,0,0,0,0,0,0,0,0,0,0,0,0,0,0,0,139,0,0,0,0,0,0,0,0,0,0,0,26,0,0,0,0,19,0,0,0,0,0,0,0,0,0,0,0,0,17,0,0,0,0,0,0,0,0,0,0,0,0,0,0,0,0,0,105,0,0,0,0,0,0,0,0,0,0,0,0,0,33,7,0,0,0,0,0,0,0,0,0,0,0,105,0,0,0,0,0,0,0,0,2,0,0,0,0,0,0,0,0,0,0,0,0,0,0,4,0,0,0,0,0,0,0,0,0,0,0,0,0,0,0,0,0,0,0,0,0,0,0,0,0,0,0,0,0,22,0,0,0,0,0,0,0,0,0,0,23,0,0,0,0,8,0,0,0,0,10,0,0,89,0,0,218,0,0,2,0,0,0,0,8,0,0,0,0,0,0,0,0,35,0,0,2,0,0,0,0,0,0,0,0,0,157,0,0,0,0,68,0,0,0,0
"D85",3,187,632,68,4,36,0,0,0,313,0,2,0,0,0,0,0,0,0,18,0,51,263,0,0,43,2,0,0,72,0,0,66,41,0,0,60,0,0,0,0,1,3,0,0,6,0,2,282,18,8,0,0,0,28,0,0,219,0,22,0,0,0,11,0,79,0,0,0,0,270,185,0,0,3,3,0,22,0,11,0,85,4,0,0,0,1,0,0,0,0,38,16,0,0,0,0,6,116,123,0,12,0,0,1,75,0,0,0,8,65,63,245,8,12,0,0,19,0,0,28,0,91,0,0,0,0,0,0,0,52,12,7,121,0,0,36,212,57,0,0,8,4,0,0,0,5,0,18,0,78,4,0,18,0,33,0,0,9,0,0,0,29,19,6,9,82,39,43,64,31,0,0,0,0,69,4,0,0,18,6,0,0,0,935,231,62,15,2,0,0,0,0,299,0,5,0,0,3,0,0,1,0,23,9,0,246,797,0,1342,0,4,0,0,0,0,298,0,0,5,0,12,0,0,4,0,16,39,0,0,18,16,0,1,3,0,353,1,6,578,0,165,0,0,51,0,0,0,16,0,0,0,0,3,468,0,0,0,0,0,0,0,0,0,113,0,68,0,24,1,0,95,23,0,0,4,97,0,0,144,160,0,10,408,0,527,0,11,0,5,0,1,0,38,2,0,698,322,55,0,0,0,0,5,5,0,0,96,0,0,0,11,0,3,22,0,0,18,0,0,5,0,0,0,0,0,170,0,60,77,10,0,23,0,0,0,0,0,0,4,0,1020,23,177,0,93,0,0,0,0,2,0,0,0,0,12,4,377,0,89,1,0,0,2122,0,0,0,0,0,0,0,5,1,0,18,0,22,1414,11,0,0,0,0,4,0,0,9,0,0,0,0,47,0,0,2,65,19,0,94,0,0,0,0,0,0,15,60,0,0,0,20,0,2,25,6,0,21,1,12,0,0,68,0,0,0,0,0,0,0,123,0,0,0,0,0,0,2,2,0,3,0,0,0,0,0,0,917,0,0,0,10,64,48,0,3,45,0,83,261,6,58,0,58,0,0,0,0,104,0,8,0,144,12,0,0,3,69,0,36,0,4,5,0,16,42,0,11,4,54,56,0,0,14,0,0,1258,0,6,48,1,20,27,88,0,0,7,0,1,0,0,0,491,0,0,9,35,0,0,0,0,167,0,0,0,0,0,0,107,0,4,0,0,206,43
"D86",0,8,43,0,0,2,0,0,34,227,18,9,2,0,0,7,0,0,0,9,11,4,0,0,0,52,0,0,6,13,0,0,0,0,0,0,15,0,18,0,0,0,0,0,0,0,0,25,18,0,0,1,0,200,0,0,0,0,0,0,0,0,0,7,334,1,0,28,0,0,19,80,0,0,0,0,0,9,0,11,0,10,0,0,3,0,1,5,0,3,1,4,34,14,0,0,0,0,22,120,0,1,0,0,0,12,7,0,0,1,57,0,1,2,0,0,8,3,0,0,12,5,15,0,0,0,0,0,0,0,11,59,35,29,0,0,2,18,309,17,2,4,3,0,0,0,0,0,5,0,85,2,0,2,0,12,0,8,10,0,0,0,0,3,20,0,1,63,8,719,0,0,0,0,0,0,4,0,0,14,3,0,34,0,93,57,11,2,13,0,0,0,0,32,0,2,0,0,2,4,6,0,177,5,0,0,73,26,6,163,1,0,0,0,0,0,0,0,0,26,0,2,0,0,0,0,2,26,0,0,0,61,0,3,0,0,16,274,2,0,2,0,0,0,24,3,0,0,56,1,63,0,10,82,478,0,0,0,1,30,0,0,0,0,1,6,0,6,30,2,0,0,18,7,30,7,48,0,0,0,564,24,3,0,0,40,15,87,0,0,0,0,4,10,0,0,206,30,0,0,0,124,0,0,0,0,67,1,0,0,0,0,0,0,25,0,0,2,0,12,0,0,3,0,6,0,25,0,253,2,15,2,35,20,0,0,6,0,0,0,0,76,2,87,0,4,0,0,21,0,13,0,0,0,0,0,4,46,52,9,0,0,0,79,0,0,0,0,0,0,0,18,3,0,0,2,2,128,0,0,0,0,9,8,0,38,25,0,0,0,0,3,45,0,44,25,0,2,15,4,153,6,0,0,0,28,7,0,0,0,17,0,3,116,7,3,0,138,0,8,253,5,0,0,0,0,0,16,0,0,0,0,10,0,2,6,0,8,0,0,0,0,0,0,0,0,225,0,0,0,2,55,11,5,124,147,0,17,7,0,9,0,12,0,0,0,0,48,17,6,0,18,2,0,0,6,183,0,17,0,0,1,36,73,9,0,2,0,7,10,0,0,0,0,15,335,0,0,94,10,9,4,108,0,2,0,0,11,0,0,0,5,0,6,18,29,0,0,22,0,49,0,0,1,2,0,0,669,0,0,0,2,116,52
"D87",11,0,0,0,0,497,65,0,0,0,0,8,0,0,0,0,0,0,0,0,6,0,0,0,29,21,0,0,0,0,21,4,8,0,0,0,0,0,0,0,0,0,0,0,2,0,0,10,0,0,0,0,0,0,0,0,0,0,0,69,0,0,0,8,0,0,0,12,0,0,0,0,0,0,0,4,0,0,0,0,0,0,0,0,0,32,0,0,0,11,122,0,17,0,0,17,0,0,0,0,0,0,0,0,0,0,389,0,0,0,0,0,0,0,0,0,0,0,0,0,0,0,0,0,0,0,0,0,0,304,4,0,289,0,0,0,0,0,35,0,0,0,0,0,0,0,0,0,0,0,0,0,0,0,0,0,0,0,0,0,0,7,1246,0,0,93,0,0,0,0,0,0,0,0,4,171,0,0,0,0,0,0,0,0,0,0,0,0,0,783,0,9,0,0,3,86,0,0,0,0,0,0,0,0,0,0,0,0,0,0,0,0,4,0,0,27,0,0,259,0,0,0,0,0,4,0,0,0,0,199,0,20,313,0,0,0,0,0,0,0,0,0,0,0,0,0,0,0,0,0,52,0,0,0,50,0,0,7,0,0,5,0,0,6,0,0,0,0,0,0,0,0,0,0,0,0,0,0,0,0,0,0,0,0,0,0,0,0,0,0,0,0,0,0,0,0,0,0,1,0,0,5,0,0,0,93,0,0,0,203,21,0,0,0,0,0,0,100,0,0,105,7,0,0,0,0,0,0,0,0,0,2,0,0,0,0,0,0,15,0,0,0,0,0,0,0,0,0,0,16,19,0,0,0,0,0,8,0,0,0,0,0,0,0,0,0,0,0,151,0,0,21,0,0,0,0,0,0,0,0,0,0,0,0,0,0,163,0,0,12,0,0,0,0,0,0,0,0,0,0,0,18,4,0,0,0,0,0,0,0,0,0,0,718,0,0,0,0,0,0,4,0,0,0,0,0,0,0,0,0,0,0,13,0,0,0,0,5,0,0,0,0,0,0,0,0,0,0,0,0,0,0,0,0,0,0,0,0,0,0,0,0,0,0,0,0,0,0,0,0,0,0,1,0,0,0,0,0,8,0,0,0,0,0,20,0,0,0,16,0,0,0,0,0,7,0,0,0,0,0,0,0,0,0,31,0,0,0,0,0,0,4,0,0,0,0,0,0,0,0,0,0,0,0,7,7,0,0,0,0,0,0,0,0
"D88",0,0,3,0,0,0,2,0,0,0,0,0,0,0,0,0,0,0,0,0,0,0,16,0,0,0,0,0,0,0,0,646,0,0,0,0,0,0,0,0,0,54,0,0,0,0,0,13,0,0,0,0,0,0,0,0,0,0,0,0,0,0,0,0,0,0,0,0,0,0,0,0,0,53,108,0,0,0,24,50,0,0,0,41,0,0,3,0,114,0,0,0,0,0,23,0,0,0,0,0,0,0,3,0,0,0,0,2,0,0,0,0,0,0,392,0,0,0,0,0,0,0,0,0,19,4,0,0,0,0,0,0,0,0,0,0,0,0,9,0,0,0,0,0,0,0,0,0,0,0,0,0,0,0,0,0,5,0,0,0,42,16,0,0,0,0,5,0,0,0,40,3,0,0,0,0,0,0,0,5,0,169,0,0,0,0,0,0,0,0,0,0,0,0,0,0,0,0,0,0,0,19,0,0,0,0,0,0,0,0,0,0,0,525,0,107,0,0,0,0,0,0,14,0,0,0,0,13,178,0,0,153,0,0,11,0,0,0,0,0,0,0,0,0,0,0,0,0,48,0,0,0,0,0,0,0,0,0,0,5,0,0,0,48,0,0,0,0,0,0,0,3,0,0,0,0,0,0,6,0,0,0,0,0,0,0,0,0,0,0,0,0,0,0,0,0,0,0,1,0,0,0,33,0,0,0,0,0,0,0,0,0,87,0,0,0,0,0,10,4,0,6,7,0,0,0,0,4290,0,0,0,0,0,0,0,0,0,0,0,0,0,0,0,4,0,0,0,0,0,0,0,0,2,1,0,0,5,15,0,0,0,0,0,0,0,0,0,0,0,9,0,11,0,0,0,272,0,0,0,0,40,9,0,0,34,0,16,0,0,0,0,0,0,13,0,0,3,81,0,0,0,0,0,5,31,0,0,0,0,0,0,0,0,29,0,0,0,0,0,0,148,0,65,72,19,0,0,0,0,0,0,0,0,0,0,0,0,0,0,0,10,0,0,60,0,10,2,0,0,0,0,0,0,0,0,0,239,9,0,0,0,0,0,0,0,148,0,1,0,0,0,0,0,0,0,0,0,0,0,784,0,0,0,0,0,74,7,0,6,0,0,0,0,0,0,0,2,0,0,0,0,0,0,0,0,0,0,0,0,0,0,0,0,0,0,0,0,0,0,1,0,0,76,0,22,0,0,0,0,0,1497,0,1,0
"D89",0,0,0,0,0,0,0,0,0,0,0,0,0,0,0,0,0,0,0,0,0,0,0,0,0,0,0,0,0,0,0,0,0,0,0,0,0,0,0,0,0,0,0,0,0,0,0,0,0,0,0,0,0,0,0,0,0,0,0,0,0,0,0,0,0,0,0,0,0,0,0,0,0,0,0,0,0,0,0,0,0,0,0,0,0,0,0,0,0,0,0,0,0,0,0,0,0,0,0,0,0,0,0,0,0,0,0,0,0,0,0,0,0,0,0,0,0,0,0,0,0,0,0,0,0,0,0,0,0,0,0,0,0,0,0,0,0,0,0,0,0,0,0,0,0,0,0,0,0,0,0,0,0,0,0,0,0,0,0,0,0,0,0,0,0,0,0,0,0,0,0,0,0,0,0,0,0,0,0,0,0,0,0,0,0,0,0,0,0,0,0,0,0,0,0,0,0,0,0,0,0,0,0,0,0,0,0,0,0,0,0,0,0,0,0,0,0,0,0,0,0,0,0,0,0,0,0,0,0,0,0,0,0,0,0,0,0,0,0,0,0,0,0,0,0,0,0,0,0,0,0,0,0,0,0,0,0,0,0,0,0,0,0,0,0,0,0,0,0,0,0,0,0,0,0,0,0,0,0,0,0,0,0,0,0,0,0,0,0,0,0,0,0,0,0,120,0,0,0,0,0,0,0,0,0,0,0,0,0,0,0,0,0,0,0,0,0,0,0,0,0,0,0,0,0,0,0,0,0,0,0,0,0,0,0,0,0,0,0,0,0,0,0,0,0,0,0,0,0,0,0,0,0,0,0,0,0,0,0,0,0,0,0,0,0,0,0,0,0,0,0,0,0,0,0,0,0,0,0,0,0,0,0,0,0,0,0,0,0,0,0,0,0,0,0,0,0,0,0,0,0,0,0,0,0,0,0,0,0,0,0,0,0,0,0,0,0,0,0,0,0,0,0,0,0,0,0,0,0,0,0,0,0,0,4,0,0,0,0,0,0,0,0,0,0,0,0,0,0,0,0,0,0,0,0,0,0,0,0,0,0,0,0,0,0,0,0,0,0,0,0,0,0,0,0,0,0,0,0,0,0,0,0,0,0,0,0,0,0,0,0,0,0,0,0,0,0,0,0,0,0,0,0,0,0,0,0,0,0,0,0,0,0,0,0,0,0,0,0,0,0,0,0,0,0,0,0,0,0,0,0,0,0,0
"D90",0,0,0,0,0,0,16,0,0,0,0,0,0,0,0,0,0,0,9,0,0,0,0,0,2,0,0,0,0,0,0,62,1,0,0,0,0,0,0,0,0,0,0,0,0,0,0,215,0,0,0,0,0,0,0,0,0,0,89,0,0,0,0,0,0,0,0,0,0,0,0,0,0,0,0,0,0,0,0,0,0,0,0,0,0,0,0,0,0,0,0,0,0,0,0,0,0,2,0,0,0,0,0,0,0,0,4,0,0,0,0,27,0,0,0,0,0,0,0,0,3,0,0,0,0,0,0,0,0,0,0,0,0,0,2,0,0,0,0,0,0,0,0,0,0,0,0,0,0,0,0,0,0,0,104,0,0,0,0,0,0,0,280,0,0,0,0,0,0,0,0,0,0,0,0,0,0,0,0,0,0,0,0,0,0,0,0,0,0,0,0,0,0,0,10,0,0,0,0,0,0,0,0,0,37,0,0,0,0,0,0,0,0,0,0,0,0,0,22,0,0,0,0,0,0,0,0,0,0,0,0,0,122,0,0,0,0,0,0,0,0,0,0,0,0,0,0,0,0,0,3,0,0,0,0,0,0,0,0,0,0,0,0,0,0,0,0,0,0,0,0,1,0,0,0,43,0,0,0,0,0,0,0,0,0,0,0,0,0,5,0,0,0,0,152,0,0,0,2,0,0,0,0,0,0,10,0,0,0,40,25,0,0,0,0,0,0,2,0,0,0,0,0,0,0,0,0,0,0,0,0,0,0,0,0,0,0,0,0,0,0,0,0,0,0,0,0,0,0,3,0,0,0,0,0,0,0,0,0,0,0,0,0,0,0,0,0,0,0,0,0,0,0,0,0,0,0,0,0,0,0,0,0,0,0,0,0,0,0,0,0,0,0,0,0,0,0,69,0,0,0,0,0,0,0,0,0,0,0,0,0,0,0,0,0,0,0,0,0,0,0,0,0,0,0,0,0,0,0,0,0,0,0,0,0,0,0,0,2,0,0,0,0,0,0,0,0,0,0,36,0,0,0,0,0,0,0,0,0,0,0,0,0,0,0,0,0,0,0,0,0,0,0,0,0,0,0,0,0,0,0,0,0,0,0,0,0,0,0,0,0,81,0,0,0,0,0,1805,0,0,0,0,0,0,0,0,0,0,0,0,0,447,0,0,0,0,0,0,0,0,0,0,0,0,1,0,0,0,0,0,0,0,0,0
"D91",4,160,288,0,5,10,0,0,14,723,8,31,5,0,35,14,7,0,0,14,52,29,12,0,0,108,0,51,63,261,0,0,27,23,4,0,5,0,427,0,300,91,65,0,3,28,0,149,376,5,3,65,0,158,0,0,0,0,0,47,0,0,128,5,7,54,5,22,0,3,34,103,4,0,0,0,167,113,0,19,20,103,0,0,38,0,1,41,0,3,1,175,19,0,0,0,0,0,149,465,44,22,0,0,14,10,20,0,0,0,199,1,82,15,0,16,46,25,0,0,17,20,132,0,0,10,0,0,0,2,11,20,2,44,0,0,9,139,126,1,16,21,4,0,0,127,20,47,36,0,356,134,0,15,7,10,0,10,119,0,0,0,40,5,0,6,12,84,11,126,29,0,0,0,25,0,3,0,3,2,3,0,23,0,139,61,62,67,41,0,10,2,14,411,11,6,0,0,0,4,62,3,23,0,0,0,1535,147,11,431,0,13,16,0,0,0,0,12,0,22,400,22,0,0,0,3,17,89,0,3,33,48,0,0,0,0,44,28,0,103,0,0,0,0,44,9,0,2,4,3,53,0,0,80,1362,0,0,19,28,99,0,0,0,4,31,471,0,9,46,41,1,75,47,12,72,25,78,0,0,282,200,51,0,22,0,195,74,16,0,0,28,0,4,95,0,0,596,298,72,75,319,103,0,9,19,0,123,36,227,0,0,14,0,73,124,0,0,3,0,0,0,0,58,7,32,0,188,0,69,6,70,0,553,109,87,0,71,0,0,2,31,968,87,205,5,37,421,0,25,0,3,0,0,0,23,0,0,124,157,145,0,0,0,348,9,20,0,0,2,3,0,5,38,0,4,7,38,324,27,18,0,0,25,20,0,982,19,0,0,0,28,11,49,0,164,0,0,0,46,22,12,0,54,0,0,76,42,5,80,4,65,0,15,33,11,22,37,794,10,7,33,68,0,0,0,0,0,32,0,27,0,0,4,0,0,56,0,14,0,41,0,123,0,0,0,0,2156,331,12,0,9,5,26,7,132,2,0,68,82,238,16,0,773,0,0,1,28,199,402,12,33,59,10,4,0,10,89,4,71,0,52,5,42,68,126,0,18,4,10,270,0,0,0,59,41,243,0,0,63,21,30,15,481,0,1,5,0,40,22,4,244,88,23,0,35,35,0,45,36,0,52,0,0,0,15,20,0,1516,0,0,3,0,212,188
"D92",0,0,0,0,0,0,0,0,0,0,0,0,0,0,86,0,0,0,0,0,2,0,0,0,0,0,0,0,0,193,0,0,0,0,0,0,0,0,0,0,0,0,0,0,0,0,0,0,0,0,0,0,0,0,0,0,0,0,2,0,0,0,0,0,0,0,0,0,0,0,1,0,0,0,0,0,0,0,0,0,0,0,1,0,0,0,0,0,0,4,0,0,0,0,0,13,0,0,0,97,0,0,0,0,0,0,0,0,0,0,0,1838,0,2,21,0,0,0,0,0,0,0,0,0,0,4,0,0,15,0,0,0,0,0,0,0,0,0,0,0,0,0,0,0,347,0,0,24,0,0,0,0,0,0,0,0,0,0,0,0,0,0,0,0,0,0,0,0,0,0,0,0,0,0,0,0,0,48,0,0,0,0,0,0,0,0,0,0,0,0,0,3,0,0,0,0,0,0,0,0,0,0,0,0,0,0,0,0,0,0,0,0,0,0,0,0,0,21,0,0,0,0,0,0,0,0,0,0,0,0,0,0,0,0,0,0,0,0,0,0,0,0,0,0,0,7,0,0,0,0,0,0,0,0,408,0,0,0,0,0,0,0,0,0,0,5,14,0,0,0,0,195,0,0,0,0,0,0,19,0,0,0,0,0,0,0,0,0,0,0,0,0,0,0,0,1,0,4,0,0,68,0,0,0,0,0,0,0,22,0,0,0,0,0,0,0,0,0,0,0,0,0,3,0,3,0,0,0,0,0,0,0,0,0,0,384,0,0,0,21,0,0,0,0,0,0,94,0,0,0,0,0,0,788,0,0,0,0,0,0,0,0,0,0,0,46,0,0,0,0,0,0,0,0,0,0,0,0,0,25,0,0,0,0,0,128,0,0,0,0,0,0,0,0,0,0,139,0,0,0,0,0,0,0,0,0,0,0,0,0,0,0,0,0,0,0,0,0,0,0,0,0,0,0,0,0,0,0,0,0,0,0,0,0,0,0,0,0,0,0,44,0,0,0,0,0,84,0,0,0,218,0,0,0,0,0,0,0,0,0,0,19,0,0,0,0,0,0,0,0,46,0,2,0,0,0,0,0,0,0,0,0,0,0,66,0,0,0,0,0,8,0,0,41,0,0,0,0,0,3,0,0,0,0,0,0,6,0,0,0,0,1,0,0,0,0,901,0,0,0,0,0,0,0,0,0,1774,0,5,0,0,2,6,0
"D93",0,0,0,0,0,0,0,0,0,0,0,0,0,400,0,0,0,0,0,0,0,0,0,0,0,0,0,0,0,0,0,554,0,0,0,0,0,0,0,0,0,0,0,0,0,0,369,0,0,0,0,0,0,0,0,0,0,0,0,0,277,0,0,0,0,0,0,0,0,0,0,0,0,0,0,0,0,0,451,0,0,0,0,0,0,0,0,0,42,0,0,0,0,0,0,0,0,0,0,0,0,0,0,0,0,0,0,0,0,0,0,0,0,0,349,0,0,0,0,0,0,0,0,0,0,0,0,0,0,0,0,0,0,0,0,0,0,0,2,0,0,0,0,0,0,0,0,0,0,0,0,0,0,0,0,0,0,0,0,0,0,0,0,0,0,0,0,0,0,0,0,560,0,0,0,0,0,0,0,0,0,0,0,0,0,0,0,0,0,0,0,0,0,0,0,0,0,0,0,0,0,0,0,0,0,0,0,0,0,0,0,0,0,0,0,0,0,0,0,0,0,0,0,0,0,0,0,0,0,0,0,0,0,0,0,0,0,2,0,0,0,0,0,0,0,0,0,0,0,0,0,0,0,0,0,0,748,0,0,0,0,0,0,0,0,0,2,0,0,0,0,6860,0,0,0,0,0,0,0,0,0,0,0,0,0,0,0,0,0,0,0,0,0,0,0,0,0,0,0,0,0,0,0,0,0,0,0,0,0,0,0,0,0,0,0,0,0,0,0,0,0,0,0,0,0,0,0,0,0,0,0,0,0,0,0,0,0,0,0,0,537,0,0,0,0,0,0,0,0,0,0,0,515,0,0,0,0,0,0,0,0,0,0,0,0,0,0,0,0,0,0,0,0,0,0,0,0,0,0,0,0,0,0,0,0,0,0,0,0,0,0,0,0,0,0,0,0,0,0,0,0,0,0,0,0,0,0,0,0,0,0,0,0,0,0,0,0,0,0,0,0,0,0,0,0,0,0,0,0,0,0,0,0,0,0,0,437,0,0,0,0,0,0,245,0,0,0,0,0,0,0,0,0,0,0,0,0,0,0,0,0,0,0,384,0,0,0,0,0,0,0,0,0,0,0,0,0,0,0,2,0,0,0,0,0,0,0,0,0,0,0,0,0,0,0,0,0,0,0,0,0,0,0,0,251,0,0,0,0,0,0,0,0,0,0,0,0,0,0,0,0,0,0,0,0,0,0,0,0,0,0,0,0,0
"D94",0,59,11,0,21,22,0,0,4,0,27,6,0,9,45,6,0,1,0,61,213,8,33,0,2,239,0,0,12,120,19,0,125,11,2,0,20,10,104,0,45,11,8,0,25,9,0,105,75,0,15,0,4,2,0,0,122,206,0,20,0,0,41,11,0,3,0,6,0,6,56,3,1,0,2,0,65,2,0,0,0,58,0,0,4,7,0,2,0,4,0,50,6,4,0,0,0,0,3,295,0,9,0,0,2,9,11,0,0,0,18,9,82,5,0,0,5,12,0,0,7,5,86,0,0,0,0,0,0,7,39,15,0,79,0,0,40,12,36,46,0,18,7,0,0,29,0,107,12,6,38,5,0,28,0,2,0,54,6,21,0,0,9,16,3,0,8,51,3,2,0,0,0,0,6,2,16,0,21,33,29,0,12,0,15,77,17,22,3,1,10,0,4,4,7,1,0,0,10,11,20,0,2,1,0,0,3049,0,0,202,13,3,0,0,1,0,0,2,26,24,106,82,0,0,0,4,2,17,2,33,11,12,0,14,0,0,4,0,52,3,0,29,7,0,6,14,21,0,11,22,0,56,29,19,636,0,3,17,13,0,2,0,26,6,0,31,7,0,70,20,1,110,14,53,28,96,14,0,0,73,98,11,0,30,0,34,98,10,0,0,35,0,5,4,0,0,0,51,88,13,185,515,0,0,0,4,99,0,146,18,4,30,0,16,42,0,0,13,0,10,0,2,40,0,7,0,21,1,44,1,10,0,107,0,28,37,77,0,0,2,52,116,3,67,0,37,0,0,15,0,4,0,0,0,0,39,3,41,17,3,0,0,0,70,4,5,0,0,17,29,0,2,2,0,0,2,31,11,1,29,0,0,39,8,0,0,12,0,0,0,87,1,38,0,69,67,2,0,89,0,10,31,108,0,0,0,19,1,23,2,76,0,2,45,0,3,2,0,0,5,65,56,0,0,0,0,0,72,0,26,15,0,1,0,2,75,253,0,1,3,0,15,0,0,0,0,820,550,26,0,6,16,17,2,38,28,0,33,9,20,20,0,278,0,0,26,19,75,173,13,73,57,11,58,0,13,34,0,2,0,66,10,30,6,106,0,10,0,0,27,0,0,134,28,65,12,0,0,31,14,23,3,87,0,5,4,0,30,68,0,4,85,11,6,19,0,0,16,0,0,43,0,0,0,0,2,32,226,49,8,0,10,50,21
"D95",0,5,30,537,5,10,191,0,0,0,0,0,0,0,0,0,0,0,343,108,8,0,0,81,0,24,10,0,6,0,0,0,0,0,0,439,0,2,1,619,0,0,0,10835,3,0,136,2,31,0,0,46,1,0,0,31,13,0,0,3,735,0,2,8,0,0,0,0,95,0,35,2,0,0,26,8,20,3,0,0,0,29,0,0,0,0,0,0,0,4,5,0,0,0,0,0,912,0,5,0,0,2,1584,103,0,0,4,1081,186,0,0,0,2,0,0,0,3,0,0,628,35,0,3,150,0,0,2,363,0,0,5,4,0,14,36,15,6,2,7,0,0,0,0,14031,0,10,0,10,0,0,22,3,45,0,210,0,1817,3,24,0,0,0,6,0,0,0,0,452,0,0,0,0,0,0,4,0,0,0,37,0,0,0,0,27,2,0,0,12,0,2,0,0,0,25,8,5,0,267,0,0,0,0,0,0,18,0,162,0,16,3,5,2,20,0,0,0,146,0,0,0,23,2,0,7,0,7,0,0,0,19,2,2,0,0,7326,16,0,38,0,6,0,0,0,2,0,0,24,0,0,0,0,17,0,4,230,286,0,2,2,6,0,0,0,0,10,4,0,0,0,2,0,0,3,0,0,7,0,95,0,57,15,3,0,5,111,0,0,0,79,0,0,0,2,0,0,0,4,34,0,0,48,22,0,0,0,49,0,0,103,0,275,11,0,31,0,0,600,0,0,0,0,0,13,0,2,0,2,0,96,37,10,0,34,0,0,0,1,34,192,0,57,4,0,8,0,0,97,46,0,0,0,0,0,0,0,0,0,3,30,0,0,100,156,0,0,0,11,0,8,0,8,29,0,3,3,0,13,3,0,0,0,0,0,0,0,31,1,6,10,278,0,2,7,0,0,0,0,0,4,0,0,647,3188,61,0,0,9,3,0,5,10,90,0,324,0,0,0,0,3,4,0,0,0,0,0,652,473,8,0,0,0,0,2,12,0,0,2057,0,2,2,0,0,16,0,56,77,94,0,0,0,26,0,0,0,16,45,0,20,3,3,13,0,0,0,16,39,5,10,29,14,5,0,0,0,48,0,1,10,0,0,5,0,0,0,9,0,2,0,0,358,0,0,14,0,0,0,270,0,2,4,6,0,39,140,60,0,0,0,14,0,59,157,0,0,0,0,0,6,5,0,0,891,2,0,0,0,0,101,0,6,0,0,850,0
"D96",0,0,0,0,6,0,0,0,0,0,0,0,0,0,0,0,0,0,0,0,0,0,0,0,0,0,0,0,0,0,0,0,0,0,0,0,0,0,0,0,0,0,0,0,0,0,0,0,0,0,0,0,0,0,0,23,0,0,0,0,0,0,0,0,0,0,0,0,0,0,0,0,0,0,0,0,0,0,0,10,0,0,0,0,0,0,0,0,0,0,0,0,0,0,0,0,0,0,0,0,0,0,2,0,0,0,12,0,0,0,0,0,0,0,0,0,0,0,0,0,0,0,0,0,0,0,0,0,0,0,0,0,0,0,0,0,0,0,0,0,0,0,0,0,0,0,0,0,0,0,0,0,0,0,0,0,0,0,0,0,0,0,0,0,0,0,0,0,0,0,0,0,0,0,0,0,0,0,0,0,0,0,0,0,0,0,0,0,0,3,0,0,0,0,0,0,0,0,0,0,0,0,0,0,0,0,0,0,0,0,0,0,0,0,0,0,0,0,0,0,0,0,0,0,0,0,0,0,0,0,0,0,0,0,0,0,0,0,0,0,0,0,0,0,0,0,0,0,0,0,0,0,0,0,0,0,1,0,0,0,0,0,0,0,0,0,0,0,0,0,0,0,0,0,0,0,0,0,0,0,0,0,0,0,0,0,0,0,0,0,0,0,0,0,0,377,0,0,187,0,0,0,0,0,0,0,0,0,0,0,0,0,0,0,0,0,0,0,0,0,0,0,0,0,0,0,0,0,0,0,0,0,0,0,0,0,0,0,0,0,0,0,0,0,0,0,0,0,0,0,0,0,0,0,0,0,0,0,0,0,0,0,0,0,0,0,0,0,0,0,0,0,0,0,0,0,0,0,0,0,0,0,0,0,0,0,0,0,0,0,0,0,0,0,0,0,0,0,0,0,0,0,131,0,0,0,0,0,0,0,0,0,0,0,0,0,0,0,0,3,0,0,0,0,0,0,0,0,0,0,0,0,0,0,2,0,1383,0,0,0,0,0,0,0,0,0,0,0,0,0,0,0,0,0,0,0,0,0,0,0,0,0,0,0,0,0,0,0,0,0,0,0,0,0,0,0,0,0,0,0,0,0,0,0,0,0,0,0,0,0,0,0,0,0,0,0,0,3,0,0,0,0,0,0,0,0,0,0,0,0,0,0,0,0,0,0,0,0,0,0,0,0,0,0,0,0,0,0,0,0,0,0,0,0
"D97",0,0,0,0,0,0,0,0,0,0,0,0,0,0,0,0,0,0,0,0,0,0,0,0,0,0,0,0,0,0,0,0,0,0,0,0,0,0,0,0,0,0,0,0,0,0,0,0,0,0,0,0,0,0,0,0,0,0,0,0,0,0,0,0,0,0,0,0,0,0,0,0,0,0,0,0,0,0,0,0,0,0,0,0,0,0,0,0,0,0,0,0,0,0,0,0,0,0,0,0,0,0,0,0,0,0,0,0,0,0,0,0,0,0,0,0,0,0,0,0,0,0,0,0,0,0,0,0,0,0,0,0,0,0,0,0,0,0,0,0,0,0,0,0,0,0,0,0,0,0,0,0,0,0,0,0,0,0,0,0,0,0,8,0,0,0,0,0,0,0,0,3,0,0,0,0,0,0,0,0,0,0,0,0,0,0,0,0,0,0,0,0,0,0,0,0,0,0,0,0,0,0,0,0,2,0,0,0,0,0,0,0,0,0,0,0,0,0,0,0,0,0,0,0,0,0,0,0,0,0,0,0,0,0,0,0,0,6,0,0,0,0,0,0,0,0,0,0,0,0,0,0,0,0,0,0,0,0,0,0,0,0,0,0,0,0,0,0,0,0,0,73,0,0,0,0,0,0,0,0,0,0,0,0,2,0,0,0,0,0,0,0,0,0,0,0,0,0,0,0,0,0,0,0,0,0,0,0,0,0,0,0,0,0,0,0,0,0,0,0,0,0,0,0,0,0,0,0,0,0,0,0,0,0,0,0,0,0,0,0,0,0,0,0,0,0,0,0,0,0,0,0,0,0,0,0,0,0,0,0,0,0,0,0,0,0,0,0,0,0,0,0,0,0,0,0,0,0,0,0,0,0,0,0,0,0,0,1,0,0,0,0,0,0,0,0,0,0,0,0,0,0,0,0,0,0,0,0,0,0,0,0,0,0,0,0,0,0,0,0,0,0,0,0,0,0,0,0,0,0,0,0,0,11,0,0,0,0,0,0,0,0,0,0,0,0,0,0,0,57,0,0,0,0,0,0,0,0,0,0,0,0,0,0,0,0,0,0,0,0,0,0,0,0,0,0,0,0,0,0,0,0,0,0,0,0,0,0,0,0,0,0,0,0,0,0,0,561,0,0,0,0,0,0,0,0,0,0,0,0,0,0,0,0,0,0,0,0,0,0,0,0,0,0,0,0,0,0,0,0,0,0,0,0
"D98",0,0,0,0,0,0,2950,0,0,0,0,0,0,0,0,0,0,0,0,0,0,0,0,0,0,0,0,0,0,0,0,0,0,0,0,0,0,0,0,0,0,0,0,0,0,0,0,0,0,0,0,0,0,0,0,0,0,0,0,0,0,0,0,0,3361,0,0,0,0,0,0,0,0,0,0,0,0,0,0,0,0,0,0,0,0,0,0,0,0,0,0,0,0,0,0,0,0,0,0,0,0,0,239,0,0,0,0,0,0,0,0,0,0,0,0,0,0,0,0,0,0,0,0,0,0,0,38,0,0,0,0,0,0,0,0,0,0,0,0,0,0,0,0,0,0,0,0,0,0,0,0,0,0,0,0,0,0,0,0,0,0,0,0,0,0,0,0,0,0,0,0,326,0,0,0,0,0,0,0,0,0,0,0,0,0,0,0,0,0,0,0,0,0,0,0,0,0,0,0,0,0,0,0,0,0,0,0,0,0,0,0,0,0,0,0,0,0,0,0,0,0,0,915,0,0,0,0,0,0,0,0,0,0,0,0,0,0,65,0,0,0,0,0,0,0,0,0,0,0,0,0,0,0,0,0,0,0,0,0,0,0,0,0,0,0,0,0,0,0,0,0,0,0,0,0,0,0,0,0,0,0,0,0,0,0,0,0,0,0,0,0,0,0,0,0,0,0,0,0,0,0,0,0,0,0,0,0,0,0,0,0,0,0,0,0,0,0,0,0,0,0,0,0,0,0,0,0,0,0,0,0,0,0,0,0,0,0,0,0,0,0,0,0,0,0,0,0,0,0,0,0,0,0,0,0,0,0,0,0,0,0,0,0,0,0,0,0,0,0,0,0,0,0,0,0,0,0,0,0,0,0,0,0,0,0,0,0,0,649,0,0,0,0,0,0,0,0,0,0,0,0,0,0,0,0,0,0,0,0,0,0,0,0,0,0,0,0,0,0,0,0,0,0,0,0,0,0,0,0,0,0,0,0,0,0,0,0,0,0,0,0,0,0,0,0,0,0,0,0,0,0,0,0,0,0,0,0,0,0,0,0,0,0,0,14,0,0,0,0,0,0,0,0,0,0,0,0,0,0,0,0,0,0,0,0,0,0,0,0,0,0,0,0,0,0,0,0,0,0,0,0,0,0,782,0,0,0,0,0,0,0,0,0,0,0,0,0,0,0,0,0,0,0,0,0,0,0,0,0,0,0,0,588,0
"D99",1,202,0,0,0,29,24,0,0,0,0,0,0,0,0,0,0,0,64,0,8,0,0,0,0,0,0,0,0,0,54,0,0,0,0,30,0,0,0,0,0,0,0,0,26,0,0,1,0,0,0,0,0,0,0,0,0,0,3,6,0,0,0,0,0,0,0,0,0,0,0,35,0,0,0,7,0,0,0,0,0,0,0,0,0,0,0,0,0,73,167,0,3,0,0,11,0,0,0,0,0,0,0,0,0,0,779,0,0,0,0,0,0,0,0,0,0,0,0,0,0,0,0,0,0,0,0,0,0,36,0,0,158,0,11,15,0,0,47,0,0,0,0,0,0,0,0,0,0,0,0,0,0,0,0,0,0,0,0,0,0,0,1704,0,0,0,0,90,0,0,0,0,0,2,0,0,0,0,0,0,0,0,0,0,0,0,0,0,0,0,1,5,0,0,1,1,0,0,0,0,0,0,0,0,0,0,0,0,0,0,0,0,0,0,0,0,0,0,4,0,0,0,0,0,0,0,0,0,0,10,0,20,796,0,0,0,0,0,0,0,0,0,0,0,0,0,0,0,29,0,66,0,0,0,10,0,0,0,0,0,1,0,0,23,0,0,0,20,0,0,15,32,0,0,0,387,0,0,0,0,0,0,0,0,0,0,0,0,0,0,0,1,0,0,68,0,0,0,0,0,1,0,0,0,0,525,0,0,0,186,0,0,0,0,0,0,0,28,0,0,64,0,0,0,0,0,0,0,0,0,0,0,0,0,0,0,0,0,2,0,0,0,0,0,0,0,0,0,0,0,32,0,0,0,0,0,0,0,0,0,0,0,0,0,0,0,0,0,0,0,0,3,0,0,0,0,0,0,0,0,0,0,0,0,0,0,33,0,2,59,0,0,0,0,0,0,0,0,0,0,45,639,371,0,0,0,0,0,0,0,0,0,0,283,0,0,4,0,0,0,0,0,0,0,0,0,0,0,0,0,0,0,0,0,0,0,0,11,2,0,0,0,0,0,0,0,0,0,0,0,0,0,0,0,0,0,0,0,0,0,0,0,0,24,0,0,0,81,0,0,0,0,0,0,0,0,0,0,258,0,0,0,0,0,3,0,0,0,0,0,0,0,0,0,1,0,0,0,0,0,0,0,2,0,7,0,0,0,0,0,0,139,0,0,0,0,0,0,0,0,0,0,0,0,0,0,0,0,0,0,0,0,164,0
"D100",0,0,0,0,0,2,21,0,0,0,0,0,0,0,0,0,3,0,8,0,0,0,0,0,0,0,0,0,0,0,0,0,0,0,0,0,0,0,0,0,0,24,0,0,0,0,64,12,0,0,0,0,0,0,0,0,0,0,0,0,16,0,0,0,0,0,0,78,0,0,0,0,0,4,1,0,0,0,29,0,0,0,0,96,0,0,22,1,35,11,0,0,0,18,20,0,0,0,0,0,0,0,1,0,0,0,0,0,0,0,0,0,0,0,79,0,0,0,0,0,0,0,0,0,90,0,0,0,0,0,0,0,0,0,0,0,0,0,0,0,0,0,0,3,4,0,0,0,0,0,0,0,0,0,6,0,0,0,0,0,6,8,0,0,0,0,0,6,0,0,57,277,77,0,0,0,12,0,0,6,0,62,0,0,0,0,0,0,0,0,0,0,0,0,0,0,0,0,0,0,0,0,0,0,0,0,0,0,0,0,0,0,0,1317,0,9,0,0,0,0,0,0,0,0,0,0,0,0,0,0,0,0,0,0,0,0,0,0,0,0,0,0,0,0,0,0,0,0,43,0,0,0,0,0,0,0,38,0,0,0,0,0,4,8,0,0,0,0,0,0,0,0,0,0,0,0,0,0,0,0,0,0,0,0,0,0,0,0,0,0,0,0,0,0,0,0,0,0,26,0,0,0,19,0,0,0,0,0,0,0,0,0,7,0,0,0,0,0,0,0,0,0,0,0,0,0,0,17,0,0,0,0,0,0,0,0,0,0,0,0,0,0,0,0,4,0,61,0,0,0,0,73,0,19,0,0,0,12,0,0,0,0,3,0,0,0,0,0,0,2,0,0,10,0,0,14,0,0,0,0,227,3,0,0,0,0,5,0,0,0,0,0,0,41,0,18,0,0,0,0,99,0,0,0,0,0,0,0,0,0,0,0,0,0,0,0,0,0,0,0,22,0,42,0,27,0,0,0,0,0,0,0,0,0,0,0,3,0,0,0,0,0,0,28,0,1,0,0,0,0,0,0,0,0,0,0,235,0,0,0,0,0,0,0,0,0,0,0,0,0,0,0,0,0,0,0,0,0,0,152,0,0,0,0,0,27,0,0,0,0,23,0,0,0,0,21,0,0,0,0,0,0,0,14,0,0,0,0,0,0,0,10,0,0,0,0,0,0,0,113,0,0,206,22,0,0,0,0,0,0,67,0,0,0
"D101",0,0,0,0,0,0,0,0,0,0,0,0,0,0,0,0,0,0,0,0,0,0,0,0,0,0,0,0,0,0,0,0,0,0,0,0,0,0,0,0,0,0,0,0,0,0,0,0,0,0,0,0,0,0,0,0,0,0,0,0,0,0,0,0,0,0,0,0,0,0,0,0,0,0,0,0,0,0,0,0,0,0,0,0,0,0,0,0,0,0,0,0,0,0,0,0,4,0,0,0,0,0,2,0,0,0,0,0,0,0,0,0,0,0,0,0,0,0,0,0,0,0,0,0,0,0,0,0,0,0,0,0,0,0,0,0,0,0,0,0,0,0,0,0,0,0,0,0,0,0,0,0,0,0,0,0,0,0,0,0,0,0,0,0,0,0,0,0,0,0,0,0,0,0,0,0,0,0,0,0,0,0,0,0,0,0,0,0,0,0,0,0,0,0,0,0,0,0,0,0,0,0,0,0,0,0,0,0,0,0,0,0,0,0,0,0,0,0,0,0,0,0,0,0,0,0,0,0,0,0,0,0,0,0,0,0,0,0,0,0,0,0,0,0,0,0,0,0,0,0,0,0,0,0,0,3,0,0,0,0,0,0,0,0,0,0,0,0,0,0,0,0,0,0,0,0,0,0,0,0,0,0,0,0,0,0,0,0,0,0,0,0,0,0,0,0,0,0,0,0,0,0,0,0,0,0,0,0,0,0,0,0,0,0,0,0,0,0,0,0,0,0,0,0,0,0,0,0,0,0,0,0,0,0,0,0,0,0,0,0,0,0,0,0,0,0,0,0,0,0,0,0,0,0,0,0,0,0,0,0,0,0,0,0,0,0,0,0,0,0,0,0,0,0,0,0,0,0,0,0,0,0,0,0,0,0,0,0,0,0,0,0,0,0,0,0,0,0,0,0,0,0,0,0,0,0,0,0,0,0,0,35,0,0,0,0,0,0,0,0,0,0,0,0,0,0,0,0,0,0,0,0,0,0,0,0,0,0,0,0,0,0,0,0,0,0,0,0,0,0,0,0,0,0,0,0,0,0,0,0,0,0,0,0,0,0,0,0,0,0,0,0,0,0,0,0,0,0,0,0,0,0,0,0,0,0,0,0,0,0,0,0,0,0,0,0,0,0,0,0,0,0,0,0,0,0,0,0,0,0,0,0,0,0,0,0,0,0,0,0,0,0,0,0,0,0,0,0,0,0,0,0,0,0
"D102",0,178,0,0,0,0,0,0,0,0,0,10,0,0,0,4,2,0,0,0,5,0,4,0,0,0,0,5,4,3,0,0,0,0,0,0,0,2,0,0,17,0,0,0,2,0,0,0,2,0,0,0,0,7,0,0,16,0,0,0,0,0,2,0,0,0,0,0,0,0,4,0,0,0,0,0,21,0,0,0,0,1,0,0,0,0,0,0,0,0,0,0,0,0,0,0,0,0,0,32,11,0,0,0,7,0,0,0,0,2,0,0,11,0,0,0,0,8,0,0,0,0,0,0,0,0,0,0,0,0,2,0,0,0,0,0,0,0,0,0,0,0,0,0,0,1,0,0,0,0,1,0,0,0,0,0,0,0,9,0,0,0,0,0,0,0,0,0,0,0,13,0,0,0,0,0,0,2,3,0,0,0,0,0,9,0,0,0,0,0,0,0,2,0,0,0,0,0,0,0,5,0,0,0,0,0,613,5,0,0,0,0,0,0,0,0,0,0,0,5,8,15,0,0,0,0,0,0,0,3,0,0,0,3,0,0,0,3,0,3,0,0,0,0,0,0,17,0,0,0,0,3,9,0,36,0,0,0,0,0,0,0,0,0,25,0,0,0,0,0,0,8,0,0,15,0,0,0,0,3,3,0,0,4,0,28,0,0,0,0,0,0,10,0,0,0,0,0,0,12,0,5,0,0,0,0,55,0,0,0,0,0,0,0,38,0,0,0,0,0,0,0,0,0,0,0,3,0,0,4,0,2,1,0,3,11,0,0,0,0,0,13,0,0,0,0,0,0,6,0,0,0,0,0,0,0,0,0,0,1,0,0,0,0,0,2,0,0,0,0,0,0,0,0,0,0,10,86,5,6,0,0,3,0,0,0,2,0,0,0,0,0,0,0,0,12,0,0,17,0,0,0,0,0,0,0,0,0,0,0,0,0,0,0,0,0,0,0,0,0,0,0,0,0,0,0,0,6,0,0,0,0,0,0,0,0,0,0,0,0,0,6,0,0,0,0,189,277,2,0,0,0,0,0,13,0,0,25,0,2,5,0,23,0,0,0,0,1,0,0,0,0,0,43,0,0,0,2,0,0,0,0,0,0,3,0,0,0,0,6,0,0,53,0,6,0,0,0,3,0,0,0,15,0,0,5,0,7,19,0,0,0,0,3,0,0,0,0,0,0,0,0,0,0,0,0,0,54,0,0,0,2,2,0
"D103",6,2,0,4,2,0,0,0,0,0,0,0,0,0,0,0,0,0,55,8,0,0,0,23,2,1,18,0,0,0,14,0,0,0,0,44,0,0,0,8,0,0,0,0,1,2,0,0,0,0,0,0,0,0,48,0,0,0,0,0,87,0,0,0,1,0,82,2,58,0,0,0,1,0,7,0,0,0,0,3,0,4,0,0,0,0,0,0,0,2,0,0,0,0,0,0,115,9,2,1,0,0,26,9,0,0,6,54,15,0,0,0,0,0,0,0,0,0,0,71,9,0,0,0,0,0,3,11,0,0,0,0,2,0,0,0,1,0,2,3,2,0,0,47,0,0,0,0,0,6,0,0,9,0,11,0,16,0,0,0,0,0,0,0,0,0,0,0,0,0,0,35,0,13,0,0,0,0,0,0,0,0,0,0,0,4,0,0,0,0,4,0,0,2,0,0,64,0,0,0,0,0,0,0,2,0,0,0,0,0,0,0,0,0,0,0,27,0,0,0,0,0,0,0,0,35,0,0,0,0,0,0,0,0,395,0,0,42,0,0,0,0,0,0,0,0,1,138,0,0,14,0,0,0,13,84,36,0,0,0,0,0,0,0,0,0,0,0,0,0,5,0,0,0,0,17,0,329,0,0,0,0,0,0,2,0,2,0,3,0,0,0,0,0,4,0,0,0,0,0,0,0,2,2,0,3,0,11,0,5,0,0,0,0,0,2,10,0,0,0,0,0,0,0,0,0,4,0,9,650,0,0,0,0,0,0,0,1,61,0,46,0,0,0,0,0,0,34,0,0,0,0,0,0,0,0,0,0,0,0,0,0,54,0,0,0,20,0,0,0,3,2,0,2,0,0,0,0,0,0,0,0,0,0,0,0,0,0,0,8,0,0,0,0,0,0,0,0,2,0,15,0,86,18,0,0,0,0,0,22,0,27,0,6,23,0,0,0,0,5,0,0,0,0,0,61,74,0,46,0,0,0,0,2,0,0,0,0,15,0,0,0,3,0,10,0,0,0,0,0,0,0,0,0,0,3,0,0,0,0,10,0,4,27,0,85,0,0,0,0,0,3,0,0,321,0,0,0,0,0,0,0,0,0,0,0,0,0,0,0,0,0,0,0,0,0,17,0,0,0,0,0,0,39,104,0,0,0,3,0,0,25,0,0,0,0,0,0,0,0,0,3,0,0,0,0,0,0,11,0,0,0,36,0
"D104",0,1,0,0,0,0,0,13,0,0,0,4,1,3,29,0,65,0,0,0,2,1,39,0,0,0,0,0,0,112,0,0,0,0,5,0,0,22,2,0,0,14,7,0,0,0,0,0,0,0,0,0,0,0,0,0,0,0,0,0,0,0,14,0,0,0,0,0,0,3,0,11,18,0,0,0,2,0,0,0,2,0,0,0,4,0,17,3,0,6,0,0,0,0,5,0,0,0,0,135,0,0,2,0,0,16,0,0,0,7,0,2,0,0,18,0,0,0,33,0,0,0,2,0,2,0,0,0,0,0,0,0,0,0,0,0,0,0,2,0,0,0,0,0,9,0,55,0,0,0,0,0,0,0,0,2,0,0,4,3,0,0,0,0,3,0,0,0,3,0,0,0,0,0,0,0,2,0,0,0,10,2,7,0,0,0,0,0,0,0,0,0,0,0,0,0,0,0,0,0,0,0,0,0,4,4,0,0,2,1,0,0,0,0,0,0,0,5,0,0,0,0,3,0,0,0,0,2,0,0,0,0,0,0,0,0,0,0,0,0,18,0,7,0,7,0,0,0,0,0,0,38,0,0,96,0,0,0,0,0,0,0,0,2,0,0,0,0,0,0,0,0,0,0,0,0,0,0,0,0,0,0,10,0,0,35,0,0,1,0,0,0,0,0,0,0,0,0,0,0,0,19,0,0,0,0,0,0,6,0,0,0,0,0,0,0,0,0,0,0,0,0,0,0,0,0,0,0,0,0,0,2,0,28,0,260,0,0,0,1,0,2,78,0,8,0,0,0,0,0,6,0,4,492,3,0,0,0,0,0,0,0,0,0,0,9,0,0,0,19,0,0,27,0,0,0,0,0,0,0,3,3,0,0,0,0,0,0,0,0,0,0,1,0,0,41,2,0,0,0,142,0,0,0,0,0,0,0,0,0,0,0,0,0,0,0,0,19,0,0,40,0,5,0,41,0,0,0,0,0,5,0,0,0,102,0,0,0,0,0,0,0,0,0,0,3,46,0,0,0,0,0,0,0,17,7,0,0,0,0,4,4,0,0,0,0,9,8,0,0,0,0,0,2,0,0,0,6,0,0,0,0,0,11,27,8,0,0,0,0,142,0,0,32,0,54,0,0,0,0,0,0,40,0,0,0,7,0,0,0,0,3,17,2,0,0,92,0,0,13,4,0,8,0,0,0,0,0,53,0,0,1,0,0
"D105",6,53,12,0,2,4,0,0,9,56,0,20,3,10,62,13,0,65,0,53,451,28,62,0,0,1082,0,11,24,352,17,0,0,15,4,0,0,0,420,0,582,35,121,0,95,14,0,0,29,2,8,0,15,31,0,0,136,297,0,113,0,0,444,10,3,1,0,21,0,9,90,0,7,0,0,0,160,0,0,0,0,81,0,0,1,23,7,35,0,8,0,4,20,1,0,0,0,0,0,787,15,9,0,0,40,56,0,0,0,0,0,24,281,6,0,6,26,28,0,0,9,11,76,0,0,19,0,0,0,5,35,16,4,97,0,0,19,58,122,49,0,31,0,0,0,131,4,247,67,0,53,17,0,24,0,0,0,72,20,344,0,0,0,6,17,0,36,67,0,7,0,0,0,0,15,1,0,0,0,51,21,0,46,0,30,24,16,12,24,0,0,0,29,7,0,0,0,0,6,19,63,0,11,2,0,0,10391,0,0,304,12,7,0,0,0,0,0,10,0,14,267,65,0,0,0,0,7,104,0,67,17,2,0,72,0,0,25,0,53,62,0,96,89,0,21,9,54,0,0,27,1,78,170,16,631,0,0,43,17,0,0,2,22,0,4,330,168,0,0,57,0,25,104,75,129,6,85,0,0,0,53,3,0,103,0,42,15,34,0,0,37,0,7,8,0,0,0,290,46,102,325,348,0,6,0,0,606,0,144,0,0,49,0,35,39,0,0,15,0,0,0,0,86,16,1,0,28,0,5,1,10,0,194,0,180,44,288,0,0,0,0,318,6,9,5,25,0,0,14,0,10,0,0,0,0,0,2,0,0,7,0,0,0,112,12,6,0,0,1,20,0,0,11,0,0,0,33,571,0,29,0,0,57,33,0,375,24,0,0,0,125,7,132,0,329,64,0,0,172,0,0,0,0,0,0,6,17,35,87,1,410,0,39,5,0,0,10,196,3,0,60,54,0,0,0,0,0,73,0,62,48,0,11,0,21,359,0,0,0,7,0,353,0,0,0,0,1863,2050,26,0,3,75,24,71,130,24,0,17,13,180,33,0,522,0,0,65,69,13,183,23,391,23,13,211,0,31,24,1,0,0,0,28,0,6,163,0,18,3,0,58,0,0,84,120,0,210,0,0,26,2,21,26,178,0,14,24,61,91,182,8,0,89,7,5,0,18,0,88,6,0,41,0,0,0,0,3,81,934,10,36,0,0,8,0
"D106",1,109,0,0,6,6,0,216,3,14,15,0,12,0,0,0,9,0,1,0,23,1,0,0,0,20,0,0,0,5,0,79,0,4,30,0,0,11,0,0,0,136,4,0,9,0,0,31,1143,0,12,27,19,0,0,0,0,10,0,75,0,0,0,0,0,6,10,3,0,16,10,41,8,0,0,27,45,3,0,0,3,0,2,0,2,24,0,0,0,7,0,0,0,5,0,13,0,0,104,13,3,0,0,0,0,0,0,0,0,6,5,23,0,0,6,7,0,0,0,0,0,5,13,0,0,0,0,0,0,0,2,0,27,56,1064,0,0,0,172,0,46,15,10,0,0,10,3,2,3,838,0,0,0,2,517,19,0,0,0,0,2,3,5,2,0,2,5,569,9,0,1,3,0,0,8,0,0,0,6,15,0,0,20,0,3,0,77,10,0,0,7,3,0,0,0,0,0,0,0,0,0,12,0,0,4,15,1,0,7,0,11,1,29,0,16,30,0,0,0,2,0,22,0,0,0,0,18,3,0,0,16,6,0,2,4,0,0,0,16,0,5,0,0,0,0,10,0,0,16,0,0,37,0,20,184,0,0,0,4,0,0,0,0,1,6,4,9,0,131,0,0,41,0,2,0,0,0,0,0,18,15,19,1,26,0,7,3,9,0,3,4,0,0,16,0,0,41,73,46,2,55,78,0,0,5,0,0,0,0,7,0,0,0,26,22,0,0,0,4,0,2,14,151,62,43,92,2,1,0,15,3,2,91,0,0,0,0,0,0,0,0,2,0,58,0,3,68,0,0,0,9,0,19,0,0,2,3,99,891,0,6,0,0,0,6,6,0,0,0,52,0,4,0,0,6,0,0,0,21,0,0,0,6,0,0,0,3,0,0,0,0,32,0,0,0,6,3,40,0,0,0,324,0,0,0,2,6,24,5,0,0,0,0,9,2,6,0,38,6,3,17,31,0,0,0,3,0,4,0,2,0,0,0,0,0,12,0,5,0,6,0,0,0,0,0,0,183,0,0,0,0,5,17,2,52,0,0,42,11,0,0,0,1177,0,0,0,3,105,14,5,4,715,0,0,0,3,7,159,11,0,0,0,9,9,94,0,12,10,11,8,0,0,2,0,0,0,0,0,11,0,41,0,357,0,0,13,11,0,0,2,0,111,21,5,0,0,0,6,4,7,10,0,0,0,11,3,0,184,0,0,69,0,37,293
"D107",0,0,0,0,0,0,0,0,0,0,0,0,0,0,0,0,0,0,0,0,0,0,0,0,0,0,0,0,0,0,0,0,0,0,0,0,0,0,0,0,0,0,0,0,0,0,0,0,0,0,0,0,0,0,0,0,0,0,0,0,0,0,0,0,0,0,0,0,0,0,0,0,0,0,0,0,0,0,0,0,0,0,0,0,0,0,0,0,0,0,0,0,0,0,0,0,0,0,0,0,0,0,0,0,0,0,0,0,0,0,0,0,0,0,0,0,0,0,0,0,0,0,0,0,0,0,0,0,0,0,0,0,0,0,0,0,0,0,0,0,0,0,0,0,0,0,0,0,0,0,0,0,0,0,0,0,0,0,0,0,0,0,0,0,0,0,0,0,0,0,0,0,0,0,0,0,0,0,0,0,0,0,0,0,0,0,0,0,0,0,0,0,0,0,0,0,0,0,0,0,0,0,0,0,14,0,0,0,0,0,0,0,0,0,0,0,0,0,0,0,0,0,0,0,0,0,0,0,0,0,0,0,66,0,0,0,0,0,0,0,0,0,0,0,0,0,0,0,0,0,0,0,0,0,0,0,0,0,0,0,0,0,0,0,0,0,0,0,0,0,0,0,0,0,0,0,0,0,0,0,0,0,0,0,0,0,0,0,0,0,0,0,0,0,3,0,0,0,0,0,0,0,0,0,0,0,0,0,0,0,0,0,0,0,0,0,0,0,0,0,0,0,0,0,0,0,0,0,0,0,0,0,0,0,0,0,0,0,0,0,0,0,0,0,0,0,0,0,0,0,0,0,0,0,0,0,0,0,0,0,0,0,0,0,0,0,0,0,0,0,0,0,0,0,0,0,0,0,0,0,0,0,0,0,0,0,0,0,0,0,0,0,0,0,0,0,0,0,0,0,0,0,0,0,0,0,0,0,0,0,0,0,0,0,0,0,0,0,1,0,0,0,0,0,0,0,0,0,0,0,0,0,0,0,0,0,0,0,0,0,0,0,0,0,0,0,0,0,0,6,0,0,0,0,0,0,0,0,0,0,0,0,0,490,0,0,0,0,0,0,0,0,0,0,0,0,0,0,0,0,0,0,0,0,0,0,0,0,0,0,0,0,0,0,0,0,0,845,0,0,0,0,0,0,0,0,0,0,0,0,0,3834,0,0,0,0,0,0,0,0,0,0,0,0,0,0,0,0,0,0,0,0,0,0
"D108",0,0,0,0,0,0,2,0,0,0,0,0,0,2,0,0,0,0,0,0,0,0,0,0,0,0,0,0,0,0,0,41,0,0,0,0,0,0,0,0,0,0,0,0,0,0,0,0,0,0,0,0,0,0,0,0,0,0,0,0,0,0,3,0,0,0,0,2,0,0,0,0,0,0,0,0,0,0,815,0,0,0,0,16,0,0,0,0,0,0,0,0,0,0,0,0,0,0,0,0,0,0,0,0,0,0,0,0,0,0,0,0,0,0,30,0,0,0,0,0,0,0,0,0,0,0,0,0,0,0,0,0,0,0,0,0,0,0,0,0,0,0,0,0,7,0,0,0,0,0,0,0,0,0,0,0,0,0,0,0,0,0,0,0,0,0,0,0,0,0,0,2,15,0,0,0,0,5,0,0,0,0,0,0,0,0,0,0,0,0,0,0,0,0,0,0,0,0,0,0,0,0,0,0,0,4,0,0,0,0,0,0,0,0,0,0,0,0,0,0,0,0,0,0,0,0,0,0,0,0,0,0,0,0,0,0,0,0,0,0,0,0,0,0,0,0,0,0,0,0,0,0,0,0,5,0,0,0,0,0,0,0,0,0,0,0,0,0,0,0,0,0,0,0,0,0,0,0,0,0,0,0,0,0,0,0,0,0,0,0,0,0,0,0,0,0,0,0,0,0,0,0,0,0,0,0,0,0,0,0,0,0,0,0,2,0,0,0,0,0,0,0,0,0,0,0,0,0,0,0,0,0,0,0,0,0,0,0,0,0,14,0,0,0,0,0,0,0,0,0,0,183,289,2,0,0,0,0,0,0,0,0,0,0,0,0,0,0,0,0,0,0,0,0,0,0,0,0,0,45,0,0,0,0,0,0,0,0,0,0,0,0,0,0,0,0,0,0,0,0,0,0,0,0,0,0,0,0,0,0,0,0,0,0,0,0,0,0,0,0,0,0,0,1980,0,0,0,0,0,0,0,0,0,0,2,0,0,0,0,0,2,0,0,0,0,0,0,0,0,0,0,0,0,0,0,4,0,0,0,0,2,1,0,0,0,0,0,0,0,0,0,0,0,0,0,0,0,0,0,0,0,0,0,0,0,0,0,0,0,0,30,0,0,0,0,0,0,0,0,0,0,0,0,0,0,0,0,0,0,0,0,0,0,0,0,0,9,0,0,0,0,0,0,0,0,0,0,0,0,0,0,0,0,0
"D109",0,0,0,0,0,0,0,0,0,0,144,0,0,84,3,0,0,0,0,0,0,0,0,0,0,0,0,0,0,0,5,0,0,0,0,0,0,0,0,0,0,0,0,0,30,0,0,0,0,0,0,0,0,0,0,0,0,0,0,119,0,0,249,0,0,0,0,0,0,0,0,0,0,0,0,0,0,0,0,0,0,0,7,9,2,264,0,0,0,0,5,0,0,4,0,28,0,0,0,0,0,0,0,0,0,0,0,0,0,0,0,3,0,0,1630,0,0,0,2,0,0,0,0,0,0,0,0,0,5,0,0,0,1,0,0,0,0,0,18,0,0,0,0,0,14,0,0,0,0,0,0,0,0,0,0,0,0,0,0,0,0,0,2,0,0,0,0,0,0,0,0,0,26,0,0,0,0,221,0,0,0,0,0,0,0,0,0,0,0,0,0,0,0,0,0,0,0,0,0,0,0,0,0,47,0,0,0,0,0,0,0,0,0,0,0,0,0,0,0,0,0,0,0,0,0,0,0,0,0,0,0,0,0,0,0,0,0,0,0,0,0,142,0,0,0,0,0,0,0,0,0,0,0,0,3,0,0,0,0,0,0,0,0,337,0,0,5,0,0,0,0,1,0,0,0,0,0,0,83,69,0,0,0,0,0,0,0,0,0,0,0,0,0,0,0,0,0,0,0,0,0,0,0,0,0,0,0,0,0,0,0,0,0,0,22,0,0,0,0,0,0,3,0,0,0,0,0,0,0,0,0,0,0,0,0,0,0,0,0,0,0,0,0,0,0,0,0,0,0,3,0,0,32,7510,0,0,0,1,0,0,0,0,0,0,0,0,0,18130,2,0,0,0,0,0,0,0,0,0,0,43,0,0,0,0,0,0,0,0,0,0,0,0,0,0,0,0,0,138,0,0,0,0,0,0,0,0,0,0,0,0,0,0,0,0,0,0,0,0,0,0,0,0,0,13531,0,0,0,0,0,0,0,0,421,0,3,0,0,0,0,0,0,0,0,0,0,0,0,0,0,0,0,0,0,0,0,0,0,0,0,0,0,4,0,0,0,0,0,0,0,0,0,0,57,0,0,0,0,0,0,0,0,0,0,0,784,0,0,0,0,0,1963,0,0,0,0,0,0,0,0,0,0,0,0,0,0,0,2868,0,2,3,0,0,25,0,0,0,3,0,0,0,0,0,0,0,0,22,89,0,5,0,0,0,0,0
"D110",0,0,0,0,2,0,40,0,0,0,0,0,0,0,0,0,20,0,0,0,0,0,0,0,0,0,0,0,0,0,0,0,0,0,0,0,0,0,0,0,0,0,0,0,0,0,0,0,3,0,2,0,0,0,0,3,0,0,0,11,0,2,0,0,0,0,0,0,0,0,0,0,0,1,0,0,0,0,2,0,0,0,0,0,0,0,0,0,4,0,0,0,0,0,8,0,0,0,0,0,0,0,0,0,0,0,0,0,0,0,0,5,0,0,0,0,0,0,0,0,0,0,0,0,0,0,0,0,0,0,0,0,0,0,11,0,0,0,0,0,0,0,0,0,0,0,0,0,0,0,0,0,0,0,0,0,0,0,0,2,0,0,0,0,2,0,0,0,0,0,3139,0,0,0,0,0,0,0,0,0,0,0,0,0,0,0,0,0,0,0,0,0,0,0,0,0,0,0,0,0,0,0,0,0,0,0,0,0,0,0,0,0,0,0,0,0,0,0,0,0,0,0,0,0,0,0,0,0,0,0,0,0,0,0,0,0,0,0,0,0,0,0,0,0,0,0,0,0,0,0,0,0,0,0,2,0,0,0,0,0,0,0,0,0,0,0,0,0,0,0,2,0,0,0,0,2,0,0,0,12,0,0,0,0,0,0,0,0,0,0,0,0,0,0,0,3545,0,0,0,0,0,0,2,0,0,0,0,0,0,0,0,0,3,0,0,0,0,0,0,0,2,8,0,0,0,0,0,2,0,0,0,4,0,0,0,0,0,0,0,0,0,0,0,8,0,0,0,0,0,0,0,0,0,0,0,6,5,0,0,0,3,0,0,0,0,0,0,1,0,0,0,0,0,0,0,0,0,0,0,0,9,2,0,0,0,0,0,0,0,5,0,0,0,0,0,0,0,0,0,0,0,0,0,0,0,0,0,0,0,0,0,0,0,0,0,0,0,0,0,0,0,0,11,0,4,0,0,0,0,0,0,0,0,0,0,0,0,0,0,0,5,0,0,5,0,0,0,0,0,0,0,0,0,0,3,0,0,0,0,0,0,0,0,0,0,0,0,4,0,0,0,0,0,0,0,0,0,0,0,2,0,0,0,0,0,6,0,0,0,0,0,0,0,0,0,0,0,0,0,0,0,0,0,0,0,0,0,0,0,0,0,0,0,0,0,0,0,0,0,0,0,0,0,64,0,0,0,0,0,0,0,0,0,0
"D111",0,27,2,0,0,5,0,1,0,81,0,7,20,7,0,16,40,3,0,11,35,22,2,0,0,0,0,11,0,75,5,0,22,0,17,0,10,144,123,0,47,25,17,0,19,0,0,4,218,0,4,2,5,20,0,0,8,9,0,7,0,0,111,0,0,0,5,0,0,5,86,0,17,0,0,3,7,54,0,6,0,33,3,0,10,0,0,0,0,0,6,40,34,87,0,8,0,0,7,235,13,1,0,0,2,11,0,0,0,3,24,0,7,7,0,0,0,17,3,0,0,4,40,0,0,21,0,1,0,2,3,2,5,7,0,0,0,0,12,5,0,2,0,2,9,0,0,20,3,93,2,9,0,0,0,11,0,26,20,2,0,6,0,0,6,0,2,62,10,2,0,0,0,0,38,0,8,7,0,3,6,0,12,0,35,0,52,0,5,0,13,2,2,32,0,7,0,0,8,0,7,0,8,0,3,27,166,0,0,131,0,0,0,0,6,0,0,0,0,0,25,7,0,0,0,0,1,126,0,7,0,2,0,5,0,0,12,0,5,10,3,16,0,0,0,12,30,0,0,5,0,6,33,0,176,0,0,1,0,0,0,0,1,6,1,114,51,0,2,11,0,36,30,12,312,0,3,0,18,0,42,0,3,7,0,46,0,18,0,7,0,0,9,8,0,0,328,0,9,38,0,46,0,13,4,0,20,0,146,0,0,2,0,21,12,0,0,0,0,17,0,0,5,0,0,11,31,0,5,8,5,0,93,35,72,41,12,0,0,4,0,64,6,22,2,71,0,0,4,0,4,0,0,0,0,0,0,0,4,101,0,0,0,5,4,13,0,0,6,5,0,0,11,0,0,0,26,99,0,0,0,0,20,0,0,39,0,0,0,0,21,15,19,0,0,26,9,0,5,0,16,0,2,0,2,0,0,10,82,0,8,0,0,13,0,0,3,180,6,0,27,9,0,0,0,0,0,4,0,6,23,0,0,0,198,0,0,0,0,30,0,25,0,0,0,2,186,55,0,0,0,14,3,0,141,2,0,9,13,4,2,0,173,0,0,45,17,136,0,6,3,3,0,41,0,0,7,67,0,0,6,6,0,0,48,0,0,0,0,39,0,0,11,7,0,115,0,0,29,3,0,0,65,0,4,5,1,2,14,0,53,92,3,2,0,53,96,0,0,4,7,0,0,0,0,21,0,19,49,0,0,2,2,0
"D112",0,0,0,0,0,0,0,0,0,0,0,0,0,0,0,0,0,0,0,0,0,0,0,0,0,0,0,0,0,0,0,0,0,0,0,0,0,0,0,0,0,0,0,0,0,0,0,0,0,0,0,0,0,0,0,0,0,0,0,0,0,0,0,0,0,0,0,0,0,0,0,0,0,0,0,0,0,0,0,0,0,0,0,0,0,0,0,0,0,0,0,0,0,0,0,0,0,0,0,0,0,0,0,0,0,0,0,0,0,0,0,0,0,0,0,0,0,0,0,0,0,0,0,0,0,0,0,0,0,0,0,0,0,0,0,0,0,0,0,0,0,0,0,0,0,0,0,0,0,0,0,0,0,0,0,0,0,0,0,0,0,0,0,0,0,0,0,0,0,0,0,0,0,0,0,0,0,0,0,0,0,0,0,0,0,0,0,0,0,0,0,0,0,0,0,0,3,0,0,0,0,0,0,0,4,0,0,0,0,0,0,0,0,0,0,0,0,0,0,0,0,0,0,63,0,0,0,0,0,0,0,0,0,0,0,0,0,0,0,0,0,0,0,5953,0,0,0,0,0,0,0,0,0,0,0,0,0,0,0,0,0,0,0,0,0,0,0,0,0,0,0,0,0,0,0,0,0,0,0,0,0,0,0,0,0,0,0,0,0,0,0,0,0,0,0,0,0,0,0,0,0,0,0,0,0,0,0,0,0,0,0,0,0,0,0,2252,0,0,0,0,0,0,0,0,0,0,0,0,0,0,0,0,0,0,0,0,0,0,0,0,0,0,0,0,0,0,0,0,0,0,0,0,0,0,0,0,0,0,0,0,0,0,0,0,0,0,0,0,0,0,0,0,0,0,0,0,0,0,0,0,0,0,0,0,0,0,0,8330,0,0,0,0,0,0,0,0,0,0,0,0,0,0,0,0,0,0,0,0,0,0,0,0,0,0,0,0,0,0,0,0,0,0,0,0,0,0,0,0,0,0,0,0,0,74,0,0,0,0,0,0,0,0,0,0,0,0,0,0,0,3,0,0,0,0,0,0,0,0,0,0,0,0,0,54,0,0,0,0,0,0,0,0,0,0,0,0,0,0,0,0,0,0,0,0,0,0,0,0,0,0,0,0,0,0,0,0,0,0,0,0,0,0,0,0,0,0,0,0,0,0,0,0,0,0,0,0,0,0,0,0,0,0,0,0,0,0,0,0,0,0,0,0,0,0
"D113",0,0,0,0,0,0,0,0,0,0,0,0,0,0,0,0,0,0,0,0,0,0,0,0,0,0,0,0,0,0,0,0,0,0,0,0,0,0,0,0,0,0,0,0,0,0,0,0,0,0,0,0,0,0,0,0,0,0,0,0,0,0,0,0,0,0,0,0,0,0,0,0,0,0,0,0,0,0,0,0,0,0,0,0,0,0,0,0,0,0,0,0,0,0,0,0,0,0,0,0,0,0,0,0,0,0,0,0,0,0,0,0,0,0,0,0,0,0,0,0,0,0,0,0,0,0,0,0,0,0,0,0,0,0,0,445,0,0,0,0,0,0,0,0,0,0,0,0,0,0,0,0,0,0,0,0,0,0,0,0,0,0,0,0,0,0,0,0,0,0,0,3,0,0,0,0,0,0,0,0,0,0,0,0,0,0,0,0,0,0,0,0,0,0,0,0,0,0,0,0,0,0,0,0,49,0,0,0,0,0,0,0,0,0,0,0,0,0,0,0,0,0,3,0,0,0,0,0,0,0,0,0,0,0,0,0,0,0,0,0,0,0,0,422,0,0,0,0,0,0,0,0,0,0,0,0,0,0,0,0,0,0,0,0,0,0,0,0,0,0,0,0,0,0,0,0,0,0,0,0,0,0,0,0,0,0,0,0,0,0,0,0,0,0,0,0,0,0,0,0,0,0,0,0,0,0,0,0,0,0,0,0,0,0,0,0,0,0,0,0,0,0,0,0,0,0,0,0,0,0,0,0,0,0,0,0,0,0,0,0,0,0,0,0,0,0,0,0,0,0,0,0,0,0,0,0,0,0,0,0,0,0,0,0,0,0,0,0,0,0,0,0,0,0,0,0,0,0,0,0,0,0,0,0,0,0,0,0,0,0,0,0,0,0,0,0,0,0,0,0,0,0,4451,0,0,0,0,0,0,0,0,0,0,0,0,0,0,0,0,0,0,0,0,0,0,0,0,0,0,0,0,0,0,0,0,0,0,0,0,0,0,0,0,0,0,0,0,0,0,0,0,0,0,0,0,0,0,0,0,0,3,0,0,14432,0,0,0,0,0,0,0,0,0,0,0,0,0,0,0,0,0,0,0,0,0,0,0,0,0,0,0,0,0,0,0,0,0,0,0,0,0,0,0,0,0,0,0,0,0,0,0,0,0,0,0,0,0,0,0,0,0,0,0,0,0,0,0,0,0,0,0,0,0,0
"D114",8,37,0,0,6,8,0,0,0,0,5,8,0,0,70,18,0,11,0,49,161,6,30,0,0,83,0,6,14,84,3,0,111,12,0,0,0,0,115,0,77,5,9,0,3,22,0,392,24,2,0,0,6,1,0,0,107,171,0,11,0,0,92,17,0,0,0,0,0,6,33,0,8,0,0,0,30,3,0,0,0,65,0,0,0,9,4,3,0,0,0,27,1,2,0,0,0,0,5,95,0,8,0,0,16,14,9,0,0,0,5,17,87,5,0,1,7,7,0,0,5,2,76,0,0,0,0,0,0,0,16,3,0,27,4,0,38,5,6,13,0,15,4,0,0,30,1,130,29,10,22,18,0,20,0,2,0,23,5,53,0,0,12,2,0,0,0,192,0,2,0,0,0,0,0,9,3,0,7,16,6,0,4,0,4,44,3,6,0,0,3,0,4,5,0,2,0,0,21,3,30,0,0,0,0,0,2771,0,0,62,4,4,0,0,0,3,0,7,6,0,144,38,0,0,0,2,0,8,0,31,35,90,0,11,0,0,2,0,42,9,0,54,5,0,3,6,34,0,0,14,0,52,12,2,564,0,0,9,4,12,0,0,3,0,0,41,13,6,7,11,0,18,11,20,28,150,22,0,0,31,23,2,0,56,0,13,60,6,0,0,11,0,22,0,0,0,0,10,15,23,54,290,0,0,0,9,88,0,40,0,0,19,0,34,121,0,0,20,0,3,0,0,14,0,0,0,30,0,1,2,3,0,213,0,19,35,92,0,0,0,0,128,5,18,0,16,0,0,7,0,3,0,0,0,0,0,4,16,19,2,0,0,0,28,1,0,0,0,0,14,0,2,0,0,0,0,26,2,0,31,0,0,24,4,0,42,10,0,0,0,44,11,15,0,87,56,0,0,41,0,6,3,0,0,2,0,5,11,17,1,78,0,26,0,2,7,6,0,0,0,0,129,0,0,0,0,0,40,0,15,4,0,6,0,0,86,0,0,0,0,0,48,0,0,0,0,621,325,20,0,10,6,10,4,38,16,0,19,2,30,26,0,153,0,0,4,27,14,112,11,99,121,4,27,0,7,35,0,8,0,11,2,33,19,48,0,12,2,0,22,0,0,156,4,10,36,0,0,0,9,19,2,117,0,0,1,0,3,171,0,0,38,10,5,0,0,11,11,3,0,23,0,0,0,0,2,13,238,37,3,0,12,20,0
"D115",0,0,0,0,0,0,1,0,0,0,0,0,0,0,0,0,0,0,0,0,0,0,0,0,0,0,0,0,0,0,59,0,0,0,0,0,0,0,0,0,0,0,0,433,0,0,48,169,0,0,0,0,0,0,0,0,0,0,0,0,0,0,0,0,0,0,0,0,0,0,0,0,0,0,462,0,0,0,0,72150,0,0,0,0,0,0,0,0,0,0,0,0,0,0,0,0,0,0,0,0,0,0,0,0,0,0,0,0,0,0,0,0,0,0,0,0,0,0,0,0,0,0,0,0,0,0,0,0,0,0,0,0,0,0,0,65,0,0,0,0,0,0,0,0,0,0,0,0,0,0,0,0,0,0,0,0,0,0,0,0,0,0,0,0,0,0,0,0,0,0,0,0,0,0,0,0,0,0,0,0,0,0,0,0,0,0,0,0,0,0,0,0,0,0,0,0,0,0,15,0,0,0,0,0,3,0,0,0,0,0,0,0,0,0,0,0,65,0,0,0,0,0,0,0,0,0,0,0,0,0,0,68,0,0,0,0,0,0,0,0,0,0,0,0,0,0,0,0,0,0,0,0,0,0,0,0,0,0,0,0,0,0,0,23,0,0,0,0,0,0,0,0,0,0,0,0,0,0,0,0,0,0,0,0,0,0,0,0,0,0,0,0,0,0,0,0,0,0,0,0,0,0,0,0,59,0,0,0,0,0,0,0,0,0,0,0,0,0,0,0,0,0,0,0,0,0,0,0,0,0,0,0,0,0,0,0,0,0,0,0,0,0,0,0,0,0,0,0,0,0,0,0,0,0,0,0,0,0,0,0,0,44,0,0,0,0,0,0,0,0,0,0,0,0,0,0,0,0,0,0,0,0,0,0,0,0,0,0,0,0,0,0,0,0,0,0,0,0,0,0,0,0,206,0,0,0,0,0,0,0,0,0,0,0,0,0,0,0,0,0,0,0,0,0,0,0,0,0,0,0,0,0,0,0,0,0,241,0,0,0,0,0,0,0,0,0,0,0,0,0,0,0,0,0,0,0,0,0,0,0,0,0,0,0,0,0,0,0,0,0,0,0,0,0,0,0,0,0,0,0,0,0,0,0,0,0,0,0,0,0,0,0,0,0,0,0,0,0,0,0,0,0,0,0,0,0,0,0,0,0,0,0,0,0,0,0,0,0,0,0,0,0,0,0,0,0,0,0,0,0,0,0,0,0
"D116",1,0,0,0,0,0,0,0,0,0,0,2,0,0,0,0,0,0,10,0,0,0,0,0,0,37,0,0,1,0,24,0,0,0,0,63,0,0,0,0,0,0,0,0,0,31,0,0,0,0,0,0,0,0,335,0,0,0,0,0,0,0,0,0,704,0,0,0,0,0,0,0,0,0,0,0,0,0,0,0,0,0,0,2,0,0,0,0,0,0,0,0,0,0,0,0,0,0,0,0,0,0,0,0,0,0,0,0,0,0,0,0,0,0,0,0,0,0,0,0,0,0,0,0,0,0,0,0,0,0,0,8,0,0,0,1,0,0,13,0,0,0,0,0,0,0,0,0,0,718,0,0,0,0,0,3,0,0,0,0,0,0,0,0,0,0,0,0,0,0,0,189,0,39,0,0,0,0,0,0,0,0,0,0,0,35,0,0,0,0,0,0,0,0,0,0,0,0,0,0,0,0,0,0,0,0,0,0,0,3,0,0,0,0,28,0,0,0,0,0,0,0,12,0,0,0,0,0,0,0,0,2,0,0,0,0,0,0,0,3,0,0,0,0,0,0,0,0,0,0,0,0,0,0,0,0,22,0,0,0,0,0,0,30,0,0,0,0,0,0,0,0,0,0,0,0,0,16,0,0,0,0,0,0,0,0,0,0,0,0,0,0,0,0,0,0,0,0,0,0,0,0,0,0,0,0,0,0,0,0,0,0,0,0,0,0,0,0,0,0,0,0,0,0,0,0,0,0,87,5,5,0,0,0,0,0,0,2,0,0,610,0,0,0,0,0,0,0,0,0,0,0,0,0,0,0,4,0,15,470,0,0,0,0,0,0,0,0,0,0,0,5,0,0,0,0,0,0,0,0,3,0,0,0,0,0,0,0,0,0,0,0,0,0,0,0,0,0,0,0,0,0,270,0,0,0,0,0,0,13,0,0,0,58,0,0,0,0,0,0,0,0,0,0,0,18,0,0,6,0,0,0,0,0,0,0,0,0,0,0,0,0,0,0,0,0,0,0,0,0,0,10,0,0,1,0,0,0,0,0,28,0,0,1680,0,13540,0,0,4,0,0,322,0,0,0,0,0,0,0,0,0,0,0,0,1,0,0,0,0,0,0,0,0,0,0,0,0,0,0,0,0,0,0,5,0,0,0,0,0,0,0,0,0,0,5,0,0,0,0,0,0,0,0,0,0,0,0,0,0,4,0,0,149,0
"D117",0,0,0,0,0,0,1594,0,0,0,0,0,0,0,0,0,0,0,0,0,2,0,0,0,0,0,0,0,0,0,0,0,0,0,0,0,0,0,0,0,0,0,0,0,0,0,0,2,0,0,0,0,0,0,0,0,0,0,1,0,0,0,0,0,52,0,0,0,0,0,0,0,0,0,0,0,0,0,0,0,0,0,0,0,0,0,0,0,0,0,0,0,0,0,0,0,0,0,0,0,0,0,0,0,0,0,24,0,0,0,0,0,0,0,0,0,0,0,0,0,0,0,0,0,0,0,0,0,0,0,0,0,0,0,0,0,0,0,2,0,0,0,0,0,0,0,0,0,0,4,0,0,0,0,0,0,0,0,0,0,0,0,16,0,0,0,0,0,0,0,0,13,0,0,0,0,0,0,0,0,0,0,0,0,0,0,0,0,0,0,0,0,0,0,0,0,0,0,0,0,0,0,0,0,4,0,0,0,0,0,0,0,2,0,0,0,0,0,0,0,0,0,0,0,0,0,0,0,0,0,0,0,1036,0,0,0,0,0,0,0,0,0,0,0,0,0,0,0,4,0,0,0,0,0,0,0,0,0,0,0,0,0,0,0,0,0,0,0,0,0,0,0,0,0,0,0,0,0,0,0,0,0,0,0,0,0,0,0,0,0,0,0,0,0,3,0,0,0,0,0,0,0,0,0,0,11,0,0,0,4,0,0,0,0,0,0,0,0,0,0,0,0,0,0,0,0,0,0,0,0,0,0,0,0,0,0,0,0,0,0,0,0,0,0,0,0,0,0,0,0,0,0,0,0,0,0,0,0,0,0,1,0,0,0,0,0,0,0,1,0,0,0,0,0,0,0,0,0,0,0,0,0,0,0,0,0,0,0,0,0,0,0,0,0,0,0,0,0,0,0,0,0,0,0,0,0,0,0,0,0,0,0,0,0,0,0,0,0,3,0,0,0,0,0,0,0,0,0,0,0,0,0,0,0,0,0,0,0,0,0,0,0,0,0,0,0,0,0,0,2,0,0,0,0,0,0,0,0,0,0,0,0,0,248,0,0,0,0,0,0,0,0,0,0,0,0,0,0,8,0,0,0,0,0,0,0,0,0,0,0,0,0,0,0,0,0,0,25,0,0,0,0,0,0,0,0,0,0,0,0,0,5570,0,0,0,0,0,0,0,0,0,0,0,0,0,0,0,0,0,0,0,0,0,0
"D118",0,0,0,0,0,0,0,0,0,0,0,0,0,0,0,0,0,0,0,0,0,0,0,912,0,0,0,0,0,0,0,0,0,0,0,0,0,0,0,922,0,0,0,0,0,0,0,0,0,0,0,0,0,0,0,0,0,0,0,0,0,0,0,0,0,0,0,0,17,0,0,0,0,0,0,0,0,0,0,0,0,0,0,0,0,0,0,0,0,0,0,0,0,0,0,0,247,0,0,0,0,0,0,0,0,0,0,6712,0,0,0,0,0,0,0,0,0,0,0,0,0,0,0,0,0,0,0,185,0,0,0,0,0,0,0,0,0,0,0,0,0,0,0,0,0,0,0,0,0,0,0,0,0,0,0,0,0,0,0,0,0,0,0,0,0,0,0,0,0,0,0,0,0,0,0,0,0,0,0,0,0,0,0,90,0,0,0,0,0,0,0,0,0,0,0,0,504,1688,0,0,0,0,0,0,0,0,0,0,0,0,0,0,0,0,0,0,0,0,0,0,0,0,0,0,0,0,0,0,0,0,0,0,0,0,4161,291,0,2,0,0,0,0,0,0,0,0,0,0,0,0,0,0,0,0,0,0,0,0,0,0,0,0,0,0,0,0,0,0,0,0,0,0,0,0,0,0,0,0,0,0,0,0,0,0,938,0,0,0,0,0,0,0,0,0,0,0,0,0,0,0,0,0,0,0,0,0,0,0,0,0,0,0,0,0,0,0,423,0,0,0,0,0,0,0,0,0,0,0,0,0,0,0,0,0,0,0,0,0,0,0,0,0,0,0,0,0,0,17,0,0,0,0,0,0,0,0,0,0,0,0,0,0,2057,0,0,0,204,0,0,0,152,0,0,58,0,0,0,0,0,0,0,0,0,0,0,0,0,0,0,0,0,0,0,0,0,0,0,0,0,0,0,0,0,8,0,0,0,0,0,0,0,197,0,0,0,0,0,0,0,0,0,0,0,0,0,0,8957,0,0,0,0,0,0,0,0,0,0,0,0,0,0,0,108,0,126,0,0,0,0,0,0,0,0,0,0,0,0,0,0,0,0,0,0,0,0,0,0,0,0,0,0,0,0,0,0,0,0,0,0,0,0,0,0,0,0,0,0,0,0,0,0,0,0,0,0,0,665,0,0,0,0,0,0,0,0,0,0,0,0,0,0,0,0,0,0,0,0,0,0,0,0,2,0,0,0,0,0,0,0,0,0,0,0,0
"D119",0,0,2,0,0,0,0,1,0,0,0,0,8,0,0,0,11,0,0,0,0,0,0,0,0,0,0,0,0,0,0,140,0,0,0,0,0,0,0,0,0,41,0,0,0,0,0,7,0,2,0,0,0,0,0,0,0,2,0,0,0,0,29,0,0,0,0,0,0,0,0,0,0,0,47,0,0,0,0,0,0,0,0,0,0,0,0,0,10,18,0,0,3,0,0,0,0,12,1,0,0,0,0,0,0,0,0,0,0,0,0,25,0,0,106,0,0,0,4,0,0,0,3,0,0,0,0,0,28,0,0,0,0,0,0,0,0,0,4,0,0,0,0,0,29,0,0,0,0,0,0,0,0,0,0,0,0,0,12,0,84,0,0,0,0,0,1,0,4,0,737,0,0,0,0,0,0,0,0,0,0,6,52,0,0,0,5,0,0,0,0,0,0,0,0,0,0,0,0,0,0,0,0,0,9,14,0,0,0,0,0,0,0,30,0,0,0,0,0,0,0,0,0,0,14,0,0,0,29,0,0,315,0,0,0,0,0,0,0,0,4,0,0,0,3,0,0,0,2,0,0,0,0,0,0,0,0,0,0,0,0,3,0,582,0,0,152,0,0,0,0,22,0,0,0,0,0,0,1,0,2,0,0,0,0,0,0,0,0,0,1,0,0,0,0,0,0,0,0,0,0,0,0,0,0,0,0,0,0,10,0,0,0,0,0,0,0,0,16,4,0,0,3,0,0,0,0,13,0,0,0,0,0,11,0,0,0,0,0,4,0,0,0,0,0,0,0,0,0,0,0,0,0,40,0,0,14,0,0,0,7,0,0,0,0,0,0,0,0,5,0,0,0,0,0,3,0,0,0,0,28,0,0,0,1,0,0,0,0,0,0,0,0,0,0,54,0,39,0,0,59,0,0,0,0,0,0,0,0,0,0,0,0,2,0,0,0,0,0,2,0,0,0,0,53,0,0,0,0,0,0,13,0,0,0,0,0,0,0,0,0,0,0,8,0,26,0,0,0,0,0,3,0,0,0,0,14,0,0,0,0,17,0,0,0,0,0,54,0,0,0,0,0,0,0,0,0,6,0,29,0,0,0,0,0,0,0,4,0,0,49,0,0,0,0,77,0,0,0,0,0,0,0,0,0,0,0,0,0,0,0,3,0,0,0,0,48,0,0,0,0,0,0,0,180,0,0,0,0,0,8,0,0,0
"D120",0,54,0,0,0,0,0,1,0,0,0,21,0,0,4,4,0,0,0,0,16,0,0,0,0,26,0,0,6,0,6,0,0,0,0,0,0,0,0,0,64,0,0,0,0,3,0,2,2,0,2,0,0,0,3,0,46,0,0,27,0,0,166,0,0,2,0,0,0,0,0,0,0,0,0,0,0,0,0,0,0,0,0,0,2,0,0,0,0,0,0,0,0,0,0,0,0,0,0,42,6,0,0,0,3,0,0,0,0,0,0,0,0,0,0,35,6,0,0,0,0,0,0,0,0,10,0,0,0,6,0,0,0,0,0,2,0,0,7,0,0,0,0,0,0,0,0,0,0,0,0,0,0,0,0,0,0,0,0,0,0,0,2,0,0,0,0,0,0,0,0,0,0,0,0,0,0,0,2,0,0,0,0,0,0,0,0,0,0,0,3,0,0,0,0,0,0,0,3,0,3,0,0,4,0,0,48,0,0,0,0,0,0,0,0,0,2,1,0,5,0,47,0,0,0,0,0,0,0,2,0,0,0,0,0,0,2,0,13,0,0,0,0,0,0,0,18,0,2,0,2,0,0,0,507,0,0,0,0,0,0,0,0,0,0,0,0,0,0,0,0,2,0,0,0,0,0,0,0,81,3,0,0,2,0,3,0,0,0,0,0,0,0,0,0,0,0,0,0,469,0,0,0,0,0,0,48,0,0,0,0,0,0,0,198,0,0,0,0,0,0,0,0,6,0,0,0,0,0,0,0,0,0,0,0,0,9,0,0,0,0,5,0,3,0,0,0,0,12,0,0,0,0,0,0,0,0,0,0,0,0,0,0,0,0,0,0,0,0,0,0,0,0,0,0,0,0,0,0,100,0,0,0,40,0,0,0,0,0,0,0,0,0,0,0,0,0,0,4,0,0,0,4,0,0,0,0,4,0,0,0,0,0,8,0,0,9,1,0,0,0,0,0,0,0,0,0,0,0,0,0,0,0,0,0,0,0,0,0,0,0,274,0,0,0,0,30,13,0,0,9,0,0,0,13,0,0,0,0,3,0,0,28,0,0,0,0,0,14,0,2,0,6,13,0,0,2,0,0,0,1,0,0,0,45,0,0,0,0,2,0,0,0,13,7,0,0,0,3,0,0,0,29,0,0,0,0,2,89,0,0,7,3,0,0,0,0,0,0,0,0,0,0,0,0,0,0,46,0,0,0,0,5,0
"D121",0,0,0,0,0,0,0,0,0,0,0,0,0,0,0,0,0,0,0,0,0,0,0,0,0,0,25,0,0,0,0,0,0,0,0,0,0,0,0,103,0,0,0,0,0,0,0,0,0,0,0,0,0,0,0,0,0,0,0,0,0,0,0,0,0,0,0,0,0,0,0,0,0,0,0,0,0,0,0,0,0,0,0,0,0,0,0,0,0,0,0,0,0,0,0,0,0,0,0,0,0,0,0,0,0,0,0,128,56,0,0,0,0,0,0,0,0,0,0,0,0,0,0,0,0,0,0,76,0,0,0,0,0,0,0,37,0,0,0,0,0,0,0,0,0,0,0,0,0,0,0,0,0,0,0,0,0,0,0,0,0,0,0,0,0,0,0,0,0,0,0,0,0,0,0,0,0,0,0,0,0,0,0,0,0,0,0,0,0,0,0,0,0,0,0,0,112,54,0,0,0,0,0,0,116,0,0,0,0,0,0,0,0,0,0,0,50,0,0,0,0,0,0,248,0,0,0,0,0,0,0,0,0,0,42,0,0,2,0,0,0,0,0,139,0,0,0,0,0,0,0,0,0,0,0,21,0,0,0,0,0,0,0,0,0,0,0,0,0,0,0,0,0,0,0,0,0,0,0,0,0,0,0,0,0,0,0,0,0,0,0,0,0,0,0,0,0,0,473,0,0,0,0,0,0,2,0,0,0,0,0,0,0,0,0,170,0,0,0,0,0,0,0,0,0,0,0,0,0,0,0,0,0,0,0,0,0,0,0,0,0,0,0,0,0,0,0,0,0,0,0,0,0,0,0,0,0,0,0,0,0,0,0,0,0,0,0,0,0,0,0,0,0,0,0,0,0,0,0,0,0,0,0,0,0,0,0,287,18,0,0,0,0,0,0,0,0,0,0,0,0,0,223,0,0,0,0,0,0,0,0,0,0,0,0,0,0,0,0,0,0,0,92,0,0,0,0,0,0,0,0,0,0,125,0,0,0,0,0,0,0,0,0,0,222,0,0,0,0,0,0,0,0,0,0,0,0,0,0,0,0,0,0,1091,0,0,0,0,0,0,0,0,0,0,0,0,0,0,0,0,0,0,0,0,0,0,0,0,0,0,0,0,0,0,0,0,129,0,0,0,0,0,0,0,0,0,0,0,0,0,0,39,0,0,0,0,0,0,0,0,0,0,0,0,0,0,0,0,0,0,0,0,340,0
"D122",0,0,0,0,0,0,0,0,0,0,0,0,0,0,0,0,0,0,0,0,0,0,0,0,0,0,0,0,0,0,0,7,0,0,0,0,0,0,0,0,0,0,0,0,0,0,0,0,0,0,0,0,0,0,0,0,0,0,0,0,0,0,2,0,0,0,0,0,0,0,0,0,0,0,0,0,0,0,148,0,0,0,0,11,0,0,0,0,0,0,0,0,0,0,0,0,0,0,0,0,0,0,2,0,0,0,0,0,0,0,0,0,0,0,0,0,0,0,3,0,0,0,0,0,0,0,0,0,0,0,0,0,0,0,0,0,0,0,0,0,0,0,0,0,0,0,0,0,0,0,0,0,0,0,0,0,0,0,0,0,0,0,0,0,0,0,0,0,0,0,0,5,0,0,0,0,0,4,0,0,0,0,0,0,0,0,0,0,0,0,0,0,0,0,0,0,0,0,0,0,0,0,0,0,0,2,0,0,0,0,0,0,0,0,0,0,0,0,0,0,0,0,0,0,0,0,0,0,0,0,0,0,0,0,0,0,0,0,0,0,0,0,0,0,0,0,0,0,0,0,0,0,0,0,6,0,0,0,0,0,0,3,17,0,0,0,0,0,0,0,0,0,0,0,0,0,0,0,0,0,0,0,0,0,0,0,0,0,0,0,0,0,0,0,0,0,0,0,0,0,0,0,0,0,0,0,0,0,0,0,0,0,0,0,0,0,0,0,0,0,0,0,0,0,0,0,0,0,0,0,0,0,0,0,0,0,0,0,0,0,19,0,0,0,0,0,0,0,0,0,0,116,57,0,0,0,0,0,0,0,0,0,0,0,0,0,0,0,0,0,0,0,0,0,0,0,0,0,0,23,0,0,0,0,0,0,0,0,2,0,0,0,0,0,0,0,0,0,0,0,0,0,0,0,0,0,0,0,0,0,0,0,0,0,0,0,0,0,0,0,0,0,0,1401,0,0,0,0,0,0,0,0,0,0,0,0,0,0,0,3,63,0,0,0,0,0,0,0,0,0,0,0,0,0,0,0,0,0,0,0,1,0,0,0,0,0,0,0,0,0,0,0,0,0,0,0,0,0,0,0,0,0,0,0,0,0,0,0,0,0,0,0,0,0,0,0,0,0,0,0,0,0,0,2,0,0,0,0,0,0,0,0,0,0,0,0,0,0,0,0,0,0,0,0,0,0,0,0,0,0,0,0,0,0
"D123",0,0,0,0,0,0,0,0,0,0,0,0,0,2,0,0,0,0,0,0,0,0,0,0,0,0,0,0,0,0,0,0,0,0,0,0,0,0,0,0,0,0,0,0,0,0,0,0,0,0,0,0,0,0,0,0,0,0,0,0,0,0,41,0,0,0,0,0,0,0,0,0,0,3,0,0,0,0,28,0,0,0,0,68,0,0,0,0,0,0,0,0,0,0,0,2,0,0,0,0,0,0,8,0,0,0,0,0,0,0,0,0,0,0,63,0,0,0,2,0,0,0,0,0,0,2,0,0,17,0,0,0,0,0,0,0,0,0,0,0,0,0,0,4,3,0,0,0,0,0,0,0,0,0,0,0,2,0,0,0,0,0,0,0,0,0,0,0,0,0,0,0,29,0,0,0,0,365,0,0,0,0,0,0,0,0,0,0,0,0,0,0,0,0,0,0,0,0,2,0,0,0,0,0,0,1627,0,0,0,0,0,0,0,0,0,0,0,0,0,0,0,0,0,0,0,0,0,0,0,0,0,0,0,0,0,0,0,0,0,0,0,0,0,0,0,0,0,0,0,0,0,0,0,0,0,0,0,0,0,0,0,0,0,49,0,0,4,0,0,0,0,0,0,0,0,0,0,0,0,0,0,0,0,0,0,0,0,0,0,0,0,0,0,0,0,0,0,0,0,0,0,0,0,0,0,0,0,0,0,0,0,0,0,0,0,0,0,0,0,0,0,7,0,0,0,0,0,0,0,0,0,0,0,0,0,0,0,0,0,0,11,0,0,0,0,0,0,0,0,0,0,0,6,0,0,0,0,0,0,0,0,0,0,0,0,0,0,424,0,0,0,0,0,0,0,0,0,0,0,4,0,0,0,0,0,0,0,0,0,0,0,0,0,0,0,0,0,0,0,0,0,0,0,0,0,0,0,0,0,0,0,0,0,0,0,0,0,0,0,0,0,0,0,45,0,0,0,0,0,0,0,0,4,0,0,0,0,0,0,5,0,0,0,0,0,0,0,0,0,0,0,0,0,0,0,0,0,0,0,0,0,0,0,0,0,0,0,0,0,0,0,0,0,0,0,0,0,0,0,0,0,0,0,0,0,0,0,0,0,0,22,0,0,0,0,0,0,0,0,0,0,0,0,0,0,0,0,0,0,0,0,0,7,0,0,0,10,0,0,0,17,0,0,0,0,0,8,0,0,0,0,0,0,0
"D124",0,0,0,0,0,0,0,0,0,0,0,0,0,0,0,0,0,0,0,0,0,0,0,0,0,0,0,0,0,0,0,0,0,0,0,0,0,0,0,0,0,0,0,0,0,0,0,0,8,0,0,0,0,0,2,0,0,0,4,0,0,0,0,0,0,0,0,0,0,0,0,0,0,0,0,193,0,0,0,0,0,0,0,0,0,0,0,0,0,0,0,0,0,0,0,0,0,0,0,0,0,0,0,0,0,0,0,0,0,0,0,0,0,0,0,0,0,0,0,0,0,0,0,0,0,0,0,0,0,0,0,0,0,0,0,90,0,0,0,0,0,0,0,0,0,0,0,0,0,0,0,0,0,0,0,0,0,0,0,0,0,0,14,0,0,0,0,0,0,0,0,0,0,0,0,0,0,0,0,0,0,0,0,0,0,0,0,0,0,0,0,0,0,0,0,0,0,0,0,0,0,0,0,0,0,0,0,0,0,0,0,0,0,0,0,0,0,0,0,0,0,0,0,0,0,0,0,0,0,0,0,0,0,0,0,0,0,0,0,0,0,0,0,0,0,0,0,66936,0,0,0,0,0,0,0,0,0,0,0,2,6,0,0,0,0,0,0,0,0,0,0,0,0,0,0,0,0,0,0,0,0,0,0,0,0,0,0,0,0,0,0,0,0,0,6103,0,0,0,0,0,0,0,0,0,0,0,0,0,0,0,0,0,0,0,0,0,0,0,0,0,0,0,0,0,0,0,0,0,0,4,0,0,0,0,0,0,0,0,0,0,0,0,0,0,0,0,0,0,0,0,0,0,0,0,0,0,0,0,0,0,0,0,0,0,0,0,0,0,0,0,0,0,0,0,0,0,0,0,0,2,0,0,0,0,0,0,0,0,0,0,0,0,0,0,0,0,0,0,0,0,0,0,0,0,0,0,0,0,0,0,0,0,0,3,0,0,0,0,0,0,0,0,0,0,0,0,0,0,0,0,0,0,0,0,0,0,0,0,0,0,0,0,0,0,0,0,0,0,0,0,0,0,0,0,0,0,0,0,0,0,0,0,0,0,0,0,0,0,0,0,0,0,0,0,0,0,0,0,0,0,0,0,0,0,0,0,0,0,0,0,0,0,0,0,0,0,0,0,0,0,0,0,0,0,0,0,0,0,0,0,0,11,0,0,0,0,0,0,0,0,0,0,0,0,0,0,0,0,0,0,0,0,0,0
"D125",0,0,0,0,0,0,0,0,0,0,0,0,0,0,0,0,0,0,0,0,0,0,0,0,0,0,0,0,0,0,0,0,0,0,0,0,0,0,0,0,0,0,0,0,0,0,0,0,0,0,0,0,0,0,0,0,0,0,0,0,0,0,0,0,0,0,0,0,0,0,0,0,0,0,0,0,0,0,0,0,0,0,0,0,0,0,0,0,0,0,0,0,0,0,0,0,207,0,0,0,0,0,107,0,0,0,0,128,0,0,0,0,0,0,0,0,0,0,0,0,0,0,0,0,0,0,6182,0,0,0,0,0,0,0,0,0,0,0,0,0,0,0,0,0,0,0,0,0,0,0,0,0,0,0,0,0,0,0,0,0,0,0,0,0,0,0,0,0,0,0,0,0,0,0,0,0,0,0,0,0,0,0,0,0,0,0,0,0,0,0,0,0,0,0,0,0,0,0,0,0,0,0,0,0,0,0,0,0,0,0,0,0,0,0,0,0,0,0,0,0,0,0,0,0,0,0,0,0,0,0,0,0,0,0,169,0,0,0,0,0,0,0,0,225,0,0,0,0,0,0,0,0,0,0,0,320,0,0,0,0,0,0,0,0,0,0,0,0,0,0,0,2589,0,0,0,0,0,0,0,0,0,0,0,0,0,0,0,0,0,0,0,0,0,0,0,352,0,0,0,0,0,0,0,0,0,0,0,0,0,0,0,0,0,0,0,270,31,0,0,0,0,0,0,0,0,0,0,0,0,0,0,0,0,0,0,0,0,0,0,0,93,0,0,0,0,0,0,0,0,0,0,0,0,90,0,0,0,0,0,0,0,0,0,0,0,0,0,0,0,0,0,0,0,0,0,0,0,0,0,0,85,0,0,0,0,0,0,1347,0,0,0,0,0,0,0,0,0,0,0,0,0,0,0,0,0,0,0,0,0,0,0,0,0,0,0,0,0,169,0,0,0,0,0,0,0,0,0,0,0,0,0,0,0,109,78,0,0,0,0,0,0,0,0,0,0,0,0,0,0,0,0,0,0,0,0,0,0,0,0,0,0,0,0,0,0,0,0,0,0,0,0,0,0,0,0,0,0,0,0,0,0,0,0,0,0,0,0,0,0,0,0,0,0,0,0,0,0,0,0,0,0,0,0,0,0,0,0,0,0,0,0,730,0,0,0,0,0,0,0,0,0,0,0,0,0,0,0,0,0,0,0,0,0,0
"D126",0,0,15,0,0,0,7,6,22,1,2,0,0,9,19,2,12,0,7,0,0,13,0,0,6,0,0,0,0,81,6,1,0,0,0,0,0,2,2,0,0,14,0,9,8,0,0,87,3,19,0,0,7,0,0,0,0,3,0,15,2,123,2,53,0,4,0,11,0,4,1,108,0,0,5,0,15,0,18,22,7,0,10,22,2,3,18,3,0,15,1,5,25,10,0,21,2,0,20,5,0,12,19,0,0,8,0,0,0,12,1,19,3,0,945,0,3,0,43,0,0,0,3,0,0,1,0,0,100,36,2,1,4,16,0,0,0,0,10,0,2,2,1,127,172,9,3,0,0,0,0,0,0,0,0,8,4,0,12,54,0,24,0,0,0,0,18,22,3,0,16,10,0,0,0,0,33,103,1,6,2,0,12,0,3,0,3,8,28,0,0,0,3,6,0,0,2,0,0,0,2,9,3,19,0,3,0,0,0,3,0,2,0,0,14,20,50,5,0,0,0,0,0,0,3,0,6,27,14,0,15,40,0,0,4,2,0,13,0,11,10,0,13,0,4,0,0,0,0,3,0,4,0,2,88,0,6,10,0,0,8,7,0,0,0,0,224,0,0,2,0,27,1,14,0,3,0,0,67,0,3,1,0,13,0,5,0,0,0,0,0,5,0,0,2,0,38,12,88,0,2,0,0,0,0,84,0,0,34,13,0,0,0,8,21,0,0,0,35,9,0,86,21,0,18,0,0,9,0,0,0,18,6,0,0,57,1,0,0,13,1,0,17,26,12,0,150,0,0,18,0,2,10,166,3,4,7,16,9,0,16,0,0,0,5,2,0,0,2,25,0,0,22,0,11,19,2,0,46,0,9,2,0,0,8,4,25,0,0,0,2,0,7,0,7,17,2,35,0,24,46,2,0,0,4,142,0,2,0,0,0,0,11,39,0,3,0,46,0,0,45,0,1,0,0,0,0,2,3,1,15,19,1,0,95,13,15,20,0,7,6,0,0,0,0,5,75,0,0,0,0,2,7,7,12,0,8,11,27,0,0,90,0,0,0,0,0,74,72,0,5,0,2,0,0,9,0,3,0,0,4,0,2,2,13,1,10,0,0,0,198,33,0,0,0,48,0,0,0,8,27,0,123,0,5,13,7,3,0,40,15,0,42,0,15,0,6,0,3,25,23,0,10,51,11,12,0,114,0,0,4,2,0,0
"D127",2,20,2,0,0,0,0,10,0,0,0,11,5,0,0,6,0,0,0,3,1,1,0,0,0,0,0,1,8,1,0,0,1,2,0,0,0,0,12,0,18,3,4,0,8,2,0,4,9,0,0,0,2,4,0,0,12,0,0,3,0,0,0,0,0,0,25,0,0,0,4,0,21,0,0,0,0,5,0,0,0,64,0,2,1,0,0,0,0,0,0,0,12,0,0,0,0,0,4,292,20,0,0,0,3,0,0,0,0,7,0,0,9,0,0,0,0,3,0,0,0,0,13,0,0,4,0,0,0,0,16,3,0,3,0,0,0,3,19,26,0,3,5,0,0,0,0,0,0,0,2,2,0,3,11,0,0,0,1,0,0,0,3,9,0,0,0,4,2,0,4,0,0,0,0,4,0,0,4,0,5,0,0,0,0,0,0,0,0,0,15,0,0,21,0,0,0,0,6,0,11,0,0,1,19,0,34,0,0,4,0,0,0,0,7,0,6,0,0,4,6,29,5,0,0,0,0,0,0,5,0,2,0,0,0,0,0,0,0,5,0,0,0,0,0,0,12,0,1,0,0,0,0,0,33,0,0,0,0,0,0,0,2,0,0,0,0,0,0,0,0,17,0,3,14,2,0,0,0,3,20,0,0,11,0,14,4,8,0,4,0,2,3,0,0,0,0,0,0,15,0,35,0,3,0,0,22,5,0,0,0,7,0,6,0,0,0,0,0,0,0,7,6,7,0,0,1,0,0,5,0,0,0,0,0,5,0,0,0,0,0,18,0,14,0,0,0,0,2,0,0,0,0,0,2,10,0,0,6,3,0,0,0,10,0,0,0,0,0,11,0,0,0,0,0,0,0,74,0,2,0,0,2,12,0,0,3,0,0,0,9,2,0,0,12,0,0,0,35,0,0,0,6,0,0,0,0,1,0,0,0,0,2,2,0,0,0,37,0,0,0,0,0,0,0,0,0,4,0,0,0,0,0,0,8,0,0,0,0,5,0,13,0,0,0,0,244,15,6,0,0,4,3,0,3,0,0,0,0,5,1,0,145,0,0,0,0,1,3,3,0,3,0,5,0,0,0,4,3,0,3,0,0,2,12,0,0,0,0,0,0,0,2,9,4,7,0,0,9,0,0,0,45,0,0,0,0,4,0,0,0,136,5,0,0,3,0,0,2,0,22,0,0,0,0,4,0,25,0,2,0,8,12,0
"D128",0,0,0,0,0,0,0,0,0,0,0,0,0,0,0,0,0,0,0,0,0,0,0,0,0,0,0,0,0,0,0,0,0,0,0,0,0,0,0,0,0,0,0,0,0,0,0,0,0,0,0,0,0,0,0,0,0,0,0,0,0,0,0,0,0,0,0,0,0,0,0,0,0,0,0,0,0,0,0,0,0,0,0,0,0,0,0,0,0,0,0,0,0,0,0,0,0,0,0,0,0,0,0,0,0,0,0,0,0,0,0,0,0,0,0,0,0,0,0,0,0,0,0,0,0,0,0,0,0,0,0,0,0,0,0,0,0,0,0,0,0,0,0,0,0,0,0,0,0,0,0,0,0,0,0,0,0,0,0,0,0,0,0,0,0,0,0,0,0,0,3372,0,0,0,0,0,0,0,0,0,0,0,0,0,0,0,0,0,0,0,0,0,0,0,0,0,0,0,0,0,0,0,0,0,0,0,0,0,0,0,0,0,182,0,0,0,0,0,0,0,0,0,0,0,0,0,0,0,0,0,0,0,0,0,0,0,0,0,0,0,0,0,0,0,0,0,0,0,0,0,0,0,0,0,85,0,0,0,0,0,0,0,0,0,0,0,0,0,0,0,0,0,0,0,0,0,0,0,0,0,0,0,0,0,0,0,0,0,0,0,0,0,0,0,0,904,0,0,0,0,0,0,0,0,0,0,0,0,0,0,0,0,0,0,0,0,0,0,0,0,0,0,0,0,0,0,0,0,0,0,0,0,0,0,0,0,0,0,0,0,0,0,0,0,0,0,0,0,0,0,0,0,0,0,0,0,0,0,0,0,0,0,0,0,0,0,0,0,0,0,0,0,0,0,0,0,0,0,0,0,0,0,0,0,0,0,0,0,0,0,0,0,0,0,0,0,0,0,0,0,0,0,0,0,0,0,0,0,0,0,0,0,0,0,0,0,0,0,0,0,0,0,0,0,0,0,0,0,0,0,0,0,0,0,0,0,0,0,0,0,0,0,0,0,0,0,0,0,0,0,0,0,0,0,0,0,0,0,0,0,0,0,0,0,0,0,0,0,0,0,0,0,0,0,0,0,0,0,0,0,0,0,0,0,0,0,0,0,0,0,0,0,0,0,0,0,0,0,0,0,0,0,0,0,0,0,0,0,0,0,0,0,0,0,0,0,0,0,0,0,0,0,0,0,0,0,0,0,0,0,0,0,0,0
"D129",0,131,526,0,0,83,7,0,0,0,51,0,0,0,20,0,215,0,0,0,0,20,0,0,0,0,0,0,0,1624,32,0,0,0,0,0,43,0,92,0,0,0,5,0,0,0,0,0,214,0,25,0,116,0,0,0,0,29,0,54,0,0,213,231,0,99,0,61,0,15,0,520,0,0,0,0,1231,11,0,0,0,0,2,0,0,0,25,0,0,11,4,203,25,0,0,0,0,0,80,552,0,0,0,0,0,23,0,25,0,0,0,3454,0,0,16248,8,0,0,0,0,0,37,0,0,0,0,0,0,28,0,0,0,11,0,0,0,0,0,0,0,0,0,0,0,0,328,0,72,0,0,60,0,0,24,0,0,43,0,557,36,0,0,0,0,0,0,0,67,0,0,0,18,0,0,0,0,0,117,159,0,0,0,63,0,37,0,26,115,53,0,0,0,0,83,0,100,0,0,0,0,102,0,79,0,0,0,0,0,0,0,63,0,0,0,0,0,290,0,0,0,0,0,0,0,0,0,0,107,0,0,349,100,0,0,5,0,101,25,138,0,15,289,87,0,29,0,0,0,0,0,0,0,0,0,313,0,0,3,0,0,0,0,0,0,0,0,4673,0,0,135,0,92,0,0,0,0,0,0,117,0,0,0,16,0,0,0,0,0,0,0,0,0,23,0,0,21,347,0,0,0,2536,0,0,0,0,0,10,0,3485,0,0,0,0,68,203,0,0,0,0,128,0,0,1,0,347,0,142,0,0,0,0,0,729,0,96,542,0,0,0,23,0,0,722,0,47,0,4015,0,0,0,79,0,156,71,1,0,0,0,29,0,194,0,0,0,188,226,0,0,0,22,0,0,228,0,95,5,24,0,0,0,0,0,0,0,0,7543,0,0,0,0,0,0,0,0,0,12,0,0,0,16,0,0,0,0,0,0,70,35,70,0,0,0,12,0,0,0,0,1273,0,38,234,0,0,0,0,0,0,332,0,246,0,0,0,0,0,174,0,0,0,8,0,73,0,0,0,0,1175,0,0,0,163,0,0,34,0,0,0,0,0,0,13,0,0,0,0,0,0,339,0,0,0,0,0,0,0,0,0,1748,0,0,0,0,46,0,168,0,0,0,0,0,0,142,0,6,0,252,0,0,0,931,388,0,1104,0,0,0,103,0,0,8,3231,394,0,5,0,0,0,6,213,86,30,0,0,0,0,28,0,862,0,0,0,0,0,0
"D130",2,0,0,0,0,4,2058,0,0,0,0,0,0,0,0,0,0,0,0,0,0,0,0,0,0,0,0,0,0,0,0,0,0,0,0,54,0,0,0,0,0,0,0,0,0,0,0,0,0,0,0,0,0,0,0,0,0,0,0,0,0,0,0,4,0,0,1576,0,0,0,0,0,0,0,0,0,0,0,0,0,0,0,0,0,0,0,0,0,0,0,0,0,0,0,0,0,0,0,0,0,0,0,0,0,0,0,412,0,0,0,0,0,0,0,0,0,0,0,0,0,0,0,0,0,0,0,0,0,0,0,0,0,0,0,0,233,0,0,0,0,0,0,0,0,0,0,0,0,0,1,0,0,0,0,237,0,0,0,0,0,0,0,643,0,0,0,0,0,0,0,0,0,0,0,0,0,0,0,0,0,0,0,0,0,0,0,0,0,0,0,0,0,0,0,416,3,0,0,0,0,0,0,0,0,8,0,0,0,0,0,0,0,0,0,0,0,0,0,0,0,0,0,0,0,0,12,0,0,0,0,0,0,4173,0,0,0,0,0,0,0,0,0,0,0,0,0,0,39,0,0,1,0,0,0,0,0,0,0,0,0,2,0,0,0,0,0,0,0,0,0,0,1,0,0,0,22,0,0,0,0,0,0,0,0,0,0,0,0,0,0,0,0,0,0,30,0,0,0,0,0,0,0,0,0,0,577,0,0,0,0,1,0,0,0,0,0,0,6,0,0,0,0,0,0,0,0,0,0,0,0,0,0,0,0,0,0,0,9,0,0,0,0,0,0,0,0,0,0,0,0,0,0,0,0,0,0,0,0,0,0,0,0,0,0,0,0,0,0,0,0,0,0,0,0,0,0,0,0,0,0,0,0,0,0,0,0,0,0,0,28,0,0,0,0,0,0,0,0,0,0,0,0,145,0,0,0,0,0,0,0,0,0,0,88,0,0,0,0,4,0,0,13,0,0,0,0,0,0,0,0,0,0,0,0,0,0,0,0,0,0,0,0,0,0,0,0,0,0,0,0,0,0,0,0,0,0,0,0,0,0,0,0,0,106,0,0,0,0,0,0,0,0,0,0,0,0,0,0,61,0,0,0,0,0,0,0,0,0,0,0,0,0,0,0,0,0,0,0,0,0,0,0,0,0,5,0,0,0,0,0,0,388,0,0,0,0,0,0,0,0,0,0,0,0,0,0,0,0,0,0,0,0,0,0
"D131",13,15,0,0,0,9,3,25,0,0,0,0,4,0,0,0,0,0,0,0,14,3,0,0,3,0,0,7,10,2,0,0,15,0,9,0,0,0,11,0,0,23,0,0,0,0,0,0,70,0,15,0,0,2,4,0,9,0,0,117,0,0,0,15,0,3,11,0,0,0,12,14,13,0,0,2,8,0,0,0,0,175,0,0,0,0,0,3,0,2,0,0,11,0,0,1,0,0,7,105,0,0,0,0,0,0,3,0,0,2,1,0,0,3,0,2,4,0,0,0,6,0,3,0,0,0,0,0,0,23,12,0,0,0,0,0,8,42,148,0,2,0,0,0,0,0,0,0,0,4,12,0,0,19,0,0,0,12,2,0,0,0,10,0,0,0,0,8,1,19,0,0,0,0,4,0,0,0,0,0,0,0,0,0,0,78,0,0,0,0,7,4,7,6,7,0,0,0,0,2,0,0,5,10,0,0,1,5,0,69,6,10,0,0,0,0,0,0,0,9,0,23,0,0,0,0,0,0,0,0,22,0,0,1,0,0,0,0,4,7,0,0,0,0,0,0,0,0,4,0,0,2,0,63,79,0,0,0,0,0,0,0,0,0,0,0,0,2,14,0,0,13,3,0,5,0,6,0,0,74,30,14,2,1,0,14,3,14,0,0,1,0,0,15,0,0,3,10,13,0,0,42,0,8,0,0,0,14,20,3,0,0,0,26,0,0,0,0,0,0,2,0,118,0,0,30,15,0,13,23,11,5,0,10,6,0,0,0,0,0,0,37,3,109,3,0,0,0,0,0,1,0,0,0,0,4,0,0,0,12,0,0,0,132,0,0,0,0,0,0,0,2,0,0,0,0,0,2,0,0,0,0,0,4,0,0,0,0,0,3,0,2,0,0,0,0,0,0,0,3,0,0,0,0,0,2,0,0,14,0,0,0,0,11,7,6,0,30,0,0,0,0,0,0,0,0,0,0,0,0,2,0,1,0,0,0,0,4,0,2,0,0,0,0,0,0,7,0,0,0,0,5,0,0,7,0,0,0,0,0,3,0,67,0,0,9,0,38,28,6,1,26,1,0,0,6,20,173,4,0,57,0,0,1,30,0,0,4,13,2,0,0,0,3,2,5,0,0,29,0,0,2,35,0,5,0,0,1,0,0,0,50,4,0,0,123,0,0,0,0,9,0,0,0,0,0,0,18,0,0,4,0,0,0
"D132",0,0,0,0,0,0,0,0,0,0,0,0,0,0,0,0,0,0,0,0,0,0,0,0,0,0,0,0,0,0,0,0,0,0,0,0,0,0,0,0,0,0,0,0,0,0,0,0,0,0,0,0,0,0,0,0,0,0,0,0,0,0,0,0,0,0,0,0,0,0,0,0,0,0,0,0,0,0,0,6,0,0,0,0,0,0,0,0,0,0,0,0,0,0,0,0,0,90,0,0,0,0,0,0,0,0,0,0,0,0,0,0,0,0,0,0,0,0,0,0,0,0,0,0,0,0,0,0,0,0,0,0,0,0,0,0,0,0,0,0,0,0,0,0,0,0,0,0,0,0,0,0,0,0,0,0,0,0,0,0,0,0,0,0,0,0,0,0,0,0,0,0,0,0,0,139,0,0,0,0,0,0,0,0,0,0,0,0,0,0,0,0,0,0,0,0,0,0,0,0,0,0,0,0,35,0,0,0,0,0,0,0,0,0,0,0,0,0,0,0,0,0,0,0,0,0,0,0,0,0,0,0,0,0,0,0,0,2,0,0,0,0,0,0,0,0,0,0,0,0,0,0,0,0,0,0,0,0,0,0,0,0,0,0,0,0,0,0,0,0,0,0,0,1,0,0,0,0,0,0,0,0,0,0,0,0,0,0,0,0,0,0,0,0,0,0,0,0,0,0,0,0,0,0,0,0,0,0,0,0,0,0,0,0,0,0,0,0,0,0,0,0,0,0,0,0,0,0,0,0,0,0,0,0,0,0,0,0,0,0,0,0,0,0,0,0,0,0,0,0,0,0,0,0,0,0,0,0,0,0,0,0,0,0,0,0,0,0,0,0,0,0,0,0,0,0,0,0,0,0,0,0,0,0,0,0,0,0,0,0,0,0,0,0,0,0,0,0,0,0,0,0,0,0,0,0,0,0,0,2,0,0,0,0,0,0,0,0,0,0,0,0,0,0,0,0,0,0,0,0,0,0,0,0,0,0,0,0,0,0,0,0,0,0,0,0,0,0,0,627,0,0,0,0,0,0,0,0,0,0,0,0,0,4,0,3,0,0,0,0,0,0,0,0,0,0,0,0,0,0,0,0,0,0,0,0,0,0,0,0,0,0,0,0,0,0,0,10021,0,0,0,0,0,0,0,0,0,0,0,0,0,598,0,0,0,0,0,0,0,0,0,0,0,0,0,0,0,0,0,0,0,0,0,0
"D133",0,0,2,0,0,0,0,185,0,0,0,0,0,0,0,0,18,0,0,0,0,0,0,0,0,0,0,2,0,0,10,0,0,12,16,0,3,44,0,0,0,280,3,0,0,0,0,2297,5128,0,22,0,33,0,0,0,0,29,0,5,0,0,0,0,0,15,0,0,0,11,0,122,0,3,0,4,155,0,0,0,5,0,0,0,0,0,0,2,0,13,0,0,0,1,0,0,0,0,0,0,3,0,0,0,0,0,0,0,0,0,0,4,0,0,0,0,0,0,0,0,0,4,16,0,0,0,0,0,0,0,0,0,0,0,1,0,0,0,0,0,0,5,21,0,0,11,0,13,2,0,0,0,0,0,5917,3,0,0,0,0,4,3,14,0,0,2,0,7521,2,0,0,0,0,0,6,0,0,0,1,2,2,2,163,0,0,0,55,30,0,4,0,0,15,0,0,0,0,0,0,0,0,0,0,0,0,0,0,0,27,0,7,10,0,0,32,0,0,0,0,0,0,0,0,0,0,0,14,0,0,0,0,11,0,4,0,0,0,0,0,0,0,0,0,0,0,0,0,0,88,0,0,44,0,0,14,0,0,0,3,0,0,0,0,0,21,0,7,0,0,0,0,231,0,0,0,6,0,0,0,0,28,0,1,6,0,32,0,0,0,0,0,0,0,5,0,0,47,60,510,0,0,0,0,0,0,38,0,0,0,75,0,0,0,35,38,0,0,0,2,0,0,0,304,5,37,0,0,43,0,0,0,0,197,0,0,0,0,0,0,0,0,3,0,111,0,0,240,0,0,8,0,0,0,0,0,0,0,49,9,0,0,0,0,0,5,0,0,0,0,54,0,0,0,0,0,0,0,0,0,0,0,0,0,0,0,0,0,0,0,0,0,0,0,0,4,15,0,14,0,0,0,0,0,0,0,2,34,0,0,0,0,0,0,0,0,7,0,3,0,0,0,0,0,0,0,0,0,7,0,0,0,2,0,0,2,0,0,0,0,0,0,0,0,0,0,11,509,0,0,0,0,4,3,0,16,0,0,86,1,0,0,0,0,0,0,0,0,146,38,1,0,0,0,0,0,0,0,0,0,0,0,0,13,0,0,0,21,0,6,0,0,0,0,0,0,2,0,0,43,0,21,0,218,0,2,10,0,0,0,0,0,31,0,0,0,0,0,17,113,26,0,0,3,0,0,0,0,503,0,0,2,9,0,0
"D134",0,0,0,0,0,0,0,9,0,2,0,0,0,1,34,0,43,0,0,0,0,0,23,0,0,0,0,0,0,34,0,0,0,0,6,0,0,3,1,0,0,3,8,0,0,0,0,0,0,0,0,0,0,0,0,0,0,0,0,0,0,0,13,0,0,0,0,0,0,0,0,13,11,0,0,0,5,0,0,0,2,0,0,0,3,0,6,3,0,0,0,0,0,0,0,0,0,0,0,44,4,0,0,0,0,18,0,0,0,1,0,2,0,0,0,0,0,0,19,0,0,0,6,0,3,0,0,0,0,0,0,0,0,2,0,0,0,0,0,0,0,0,0,0,17,0,37,0,0,0,0,0,0,0,0,0,0,0,5,4,0,0,0,0,2,0,0,0,0,0,0,0,0,0,0,0,0,4,0,0,1,2,8,0,0,0,0,0,0,0,0,0,0,0,0,0,0,0,4,0,0,0,2,0,6,3,0,0,0,0,0,0,0,0,0,0,0,0,0,0,0,0,0,0,0,0,0,0,0,0,0,0,0,0,0,0,0,0,2,0,5,0,3,0,6,0,0,0,0,0,0,19,0,0,65,0,0,0,0,0,0,0,0,2,0,0,0,0,0,0,0,0,0,0,0,0,0,0,0,0,0,0,6,0,0,17,0,0,0,0,0,0,2,0,0,0,0,0,0,0,0,10,0,0,0,0,0,0,0,0,0,0,0,0,0,0,0,0,0,0,0,0,2,0,0,0,0,0,0,0,0,0,0,19,0,182,0,0,0,6,0,0,61,0,0,0,0,0,0,0,0,0,6,365,0,0,0,0,0,0,0,0,0,0,0,3,0,0,0,18,0,0,17,3,0,0,0,0,0,0,2,2,0,0,0,0,0,0,0,0,0,0,0,0,0,13,0,0,0,0,56,0,0,0,0,0,0,0,0,0,0,0,0,0,0,0,0,14,0,0,7,0,0,0,43,0,0,0,0,0,3,0,0,0,45,0,0,0,0,0,2,0,0,0,0,0,27,0,0,0,0,0,0,0,15,4,0,0,0,0,0,10,0,0,0,0,5,4,3,0,0,0,0,0,0,0,0,0,0,0,0,0,0,10,8,0,0,0,0,0,114,0,0,9,0,48,0,0,0,0,0,0,4,0,0,0,2,0,0,0,0,2,0,0,0,0,64,0,0,6,0,0,0,0,0,0,0,0,59,0,0,0,0,0
"D135",0,0,0,61,7,0,0,0,0,0,0,0,0,0,0,0,0,0,0,0,0,0,0,80,0,0,41,0,0,0,0,0,0,0,0,0,0,0,0,0,0,0,0,69,0,0,2,9,24,0,0,0,0,0,0,0,0,0,9,0,0,0,0,0,0,0,0,0,321,0,0,0,0,0,0,0,0,0,0,0,0,0,0,0,0,0,0,0,0,0,0,0,0,0,0,0,126,0,0,0,0,0,645,50,0,0,0,277,36,0,0,0,0,0,0,0,0,0,0,17,0,0,0,20,0,0,0,19,0,0,0,0,0,0,0,0,0,0,0,0,3,0,0,0,0,0,0,0,0,0,0,0,13,0,0,0,210,0,0,0,0,0,25,0,0,0,0,0,0,0,0,72,0,0,0,0,0,0,0,0,0,0,0,111,0,0,0,0,0,0,0,0,0,0,17,0,96,57,0,0,0,0,0,0,0,0,0,0,0,0,0,0,0,0,0,0,0,0,0,0,0,0,6,0,0,16,0,0,0,0,0,0,0,0,1621,18,0,256,0,0,0,0,0,6,0,0,0,3,0,0,0,0,0,0,41,0,0,0,0,3,7,0,0,2,0,0,0,0,0,0,0,485,0,0,0,10,0,0,0,0,0,0,0,0,0,0,0,0,95,0,0,3,0,0,0,0,0,0,913,0,0,0,0,0,9,0,0,0,0,0,0,0,0,0,0,14,106,0,0,0,0,0,0,0,0,0,0,0,0,2,0,0,0,0,0,0,0,89,2,0,0,0,0,0,0,0,0,22,0,0,0,0,0,0,0,0,0,0,0,0,0,11,246,0,0,0,61,0,0,0,6,0,0,15,0,0,0,0,0,0,0,0,0,0,0,0,0,30,0,0,0,0,0,0,0,0,0,0,0,0,0,0,0,72,0,0,0,0,0,0,0,123,0,0,0,0,0,0,0,0,0,0,0,0,0,0,146,0,0,0,0,0,0,0,0,0,0,0,7,0,0,0,6,0,0,6,0,0,0,0,0,0,0,0,0,0,0,0,0,0,2,0,0,0,48,126,0,0,0,0,0,0,0,0,730,0,0,0,0,0,0,0,0,0,0,0,0,0,0,0,0,68,0,0,0,0,50,0,0,0,0,0,0,0,0,0,0,0,0,0,0,0,0,0,0,0,0,0,0,0,0,10,0,0,0,0,0,0,0,0,0,0,0,0
"D136",0,0,0,0,0,0,0,0,0,0,0,0,0,0,0,0,3,0,0,0,0,0,0,0,0,0,0,0,0,0,0,0,0,0,0,0,0,0,0,0,0,0,0,0,0,0,0,0,0,0,0,0,0,0,0,0,0,0,0,0,0,5,0,0,0,0,0,0,0,0,0,0,0,0,3,0,0,0,0,0,0,0,0,38,0,0,5,0,35,0,0,0,0,0,0,0,0,0,0,1,0,0,0,0,0,0,0,3,0,14,0,0,0,0,13,0,0,0,0,0,0,0,0,0,0,0,0,0,0,0,0,0,0,2,0,0,0,0,0,0,0,0,0,0,0,0,0,0,0,0,0,0,0,0,2,0,0,0,0,0,2,0,0,0,0,0,0,0,3,0,6,0,0,0,0,0,0,0,0,3,0,11,4,0,0,0,0,0,0,0,0,0,0,0,0,0,0,0,0,0,0,0,0,0,0,0,0,0,20,0,0,0,0,604,0,6,0,0,0,0,0,0,0,0,2,0,0,0,65,0,0,0,0,0,0,0,0,0,0,0,0,0,0,0,0,0,0,0,14,0,0,0,0,0,0,0,0,0,0,2,0,3,0,0,0,0,0,0,0,0,0,0,0,0,0,0,0,0,3,0,0,0,0,0,0,0,0,0,0,0,0,0,0,0,0,0,0,0,0,0,0,0,0,0,2,2,0,0,0,0,0,0,0,0,0,0,2,0,13,0,0,4,0,0,0,0,0,2,0,0,0,0,0,0,0,0,0,0,0,2,0,0,0,0,0,0,0,0,0,0,0,5,0,5,0,0,0,0,0,0,13,0,0,0,0,0,0,0,0,2,0,0,0,0,0,9,0,0,0,0,45,0,0,0,0,0,4,0,0,0,0,0,0,0,0,3,0,7,0,0,5,0,0,0,0,0,0,0,0,0,0,0,0,2,0,0,0,0,0,0,6,0,0,1,0,0,3,0,0,0,0,0,0,0,0,0,0,0,0,0,45,0,0,0,0,0,0,0,0,0,0,0,0,0,0,0,142,0,0,0,0,0,0,0,0,0,0,0,0,0,0,0,0,0,0,0,0,0,0,303,0,0,0,0,0,0,0,0,0,0,0,2,0,0,0,0,0,0,0,0,0,0,0,0,0,0,0,0,0,0,0,0,0,0,0,0,0,0,0,0,0,0,4,21,0,0,0,0,0,0,25,0,2,0
"D137",0,0,0,201,0,0,48,0,0,9,0,0,0,15,0,0,51,0,16,3,0,0,0,13,0,0,0,0,0,0,18,0,0,0,0,0,0,12,0,56,0,34,0,0,21,0,234,0,4,0,7,0,0,0,0,2,0,0,8,0,165,0,0,28,0,16,0,0,2,0,0,0,0,0,191,109,0,0,0,0,0,0,0,0,0,0,0,0,0,0,0,0,0,0,0,0,117,0,0,0,0,0,710,174,0,0,30,158,40,17,13,0,0,0,0,0,0,0,0,20,0,6,0,94,0,0,28,8,0,0,0,0,23,0,70,23,0,0,13,12,0,0,0,322,0,0,0,0,0,0,0,0,40,0,39,0,443,0,0,0,0,0,65,0,0,5,0,0,24,0,0,48,0,12,0,0,0,0,0,12,0,0,0,0,0,0,23,0,0,5,0,0,0,0,0,0,194,0,0,0,0,0,0,0,73,0,34,0,0,0,0,0,0,0,0,11,514,0,0,0,6,0,27,25,5,6,0,0,0,0,0,0,0,0,411,0,0,379,0,28,0,0,0,36,0,24,0,33,0,0,4,0,0,0,21,195,26,0,0,14,265,0,50,0,0,0,12,17,0,0,0,0,0,0,0,0,0,18,0,0,0,0,0,0,7,0,0,0,68,22,0,35,19,0,0,0,12,0,222,0,11,0,0,0,0,55,0,9,24,15,0,0,0,0,0,34,26,0,0,0,0,0,0,2,0,0,0,0,0,0,0,0,0,28,0,0,0,12,71,0,207,0,0,63,0,0,0,0,0,20,0,0,0,0,0,0,0,56,0,0,0,31,27,0,0,4,20,0,0,0,0,11,0,0,0,0,0,0,0,0,0,0,0,0,0,0,0,111,19,109,0,0,0,0,0,0,0,0,0,0,92,15,529,8,0,0,0,0,65,12,0,204,0,7,0,0,0,0,44,10,0,0,0,0,0,154,25,0,88,0,0,0,0,35,0,0,0,0,20,0,0,0,0,0,29,15,13,0,12,0,27,0,0,0,48,0,0,0,0,0,39,0,0,2051,5,139,0,68,0,0,0,10,0,0,43,0,0,0,0,0,0,0,0,0,0,0,0,0,0,0,0,23,0,0,0,25,14,0,49,0,31,0,0,0,102,0,0,0,0,0,0,0,0,0,0,0,0,0,0,0,0,18,0,0,0,0,0,0,0,0,0,0,71,0
"D138",0,0,0,0,0,0,0,0,0,0,0,0,0,0,0,0,0,0,0,0,0,0,0,0,0,0,0,0,0,0,0,0,0,0,0,0,0,0,0,0,0,0,0,0,0,0,0,0,0,0,0,0,0,0,0,0,0,0,0,0,0,0,0,0,0,0,0,0,0,0,0,0,0,0,0,0,0,0,0,0,0,0,0,0,0,0,0,0,0,0,0,0,0,0,0,0,0,0,0,0,0,0,0,0,0,0,0,0,0,0,0,0,0,0,0,0,0,0,0,0,0,0,0,0,0,0,0,0,0,0,0,0,0,0,0,0,0,0,0,0,0,0,0,0,0,0,0,0,0,0,0,0,0,0,0,0,0,0,0,0,0,0,0,0,0,0,0,0,0,0,0,0,0,0,0,0,0,0,0,0,0,0,0,0,0,0,0,0,0,0,0,0,0,0,0,0,0,0,0,0,0,0,0,0,0,0,0,0,0,0,0,0,0,0,0,0,0,0,0,0,0,0,0,0,0,0,0,0,0,0,0,0,0,0,0,0,0,0,0,0,0,0,0,0,0,0,0,0,0,0,0,0,0,0,0,0,0,0,0,0,0,0,0,0,0,0,0,0,0,0,0,0,0,0,0,0,0,0,0,0,0,0,0,0,0,0,0,0,0,0,0,0,0,0,0,46,0,0,0,0,0,0,0,0,0,0,0,0,0,0,0,0,0,0,0,0,0,0,0,0,0,0,0,0,0,0,0,0,0,0,0,0,0,0,0,0,0,0,0,0,0,0,0,0,0,0,0,0,0,0,0,0,0,0,0,0,0,0,0,0,0,0,0,0,0,0,0,0,0,0,0,0,0,0,0,0,0,0,0,0,0,0,0,0,0,0,0,0,0,0,0,0,0,0,0,0,0,0,0,0,0,0,0,0,0,0,0,0,0,0,0,0,0,0,0,0,0,0,0,0,0,0,0,0,0,0,0,0,0,0,0,0,0,0,0,0,0,0,0,0,0,0,0,0,0,0,0,0,0,0,0,0,0,0,0,0,0,0,0,0,0,0,0,0,0,0,0,0,0,0,0,0,0,0,0,0,0,0,0,0,0,0,0,0,0,0,0,0,0,0,0,0,0,0,0,0,0,0,0,0,0,0,0,0,0,0,0,0,0,0,0,0,0,0,0,0,0,0,0,0,0,0,0,0,0,0,0,0,0,0,0,0,0,0
"D139",0,0,0,0,0,0,1,0,0,0,0,0,0,0,0,0,0,0,0,0,0,0,0,0,0,0,0,0,0,0,15,0,0,0,0,0,0,0,0,0,0,0,0,0,0,0,0,0,5,0,0,0,0,0,0,0,0,0,0,0,0,0,0,0,0,0,3778,0,0,0,0,0,0,0,0,0,0,0,0,0,0,0,0,0,0,0,0,0,0,0,0,0,0,0,0,0,0,0,0,0,0,0,0,0,0,0,4,0,0,0,0,0,0,0,0,0,0,0,0,0,0,0,0,0,0,0,0,0,0,0,0,0,0,0,0,0,0,0,0,0,0,0,0,0,0,0,0,0,0,0,0,0,0,0,1483,0,0,0,0,0,0,0,61,0,0,0,0,0,0,0,0,0,0,0,0,0,0,0,0,0,0,0,0,0,0,0,0,0,0,0,0,0,0,0,870,0,0,0,0,0,0,0,0,0,0,0,0,0,0,0,0,0,0,0,0,0,0,0,0,0,0,0,0,0,0,0,0,0,0,0,0,0,72,0,0,0,0,0,0,0,0,0,0,0,0,0,0,131,0,0,40,0,0,0,0,0,28,0,0,0,3,0,0,0,0,0,0,0,0,0,0,0,0,0,0,0,0,0,0,0,0,0,0,0,0,0,0,0,0,0,0,0,0,0,0,0,0,0,0,0,0,0,0,0,0,0,0,0,0,0,293,0,0,0,0,0,0,0,0,0,0,0,0,0,0,0,0,0,2,0,0,0,0,0,0,0,0,0,2,0,0,0,0,0,0,0,0,0,0,0,0,0,0,0,0,0,0,0,0,0,0,0,0,0,0,0,0,0,0,0,0,0,0,0,0,0,0,0,0,0,0,0,0,0,0,0,0,0,0,0,0,0,0,0,0,0,0,0,0,0,0,0,670,0,0,0,0,0,0,34,0,0,0,22,0,0,0,0,0,0,0,0,0,0,0,0,0,0,16,0,0,0,0,0,0,0,0,0,0,0,0,0,0,0,0,0,0,0,0,0,0,0,0,0,0,0,0,0,0,0,0,0,0,249,0,0,0,0,0,0,0,0,0,0,0,0,0,0,0,0,0,0,0,0,0,0,0,0,0,0,0,0,0,0,0,0,0,0,0,0,0,0,0,0,9,0,0,0,0,0,0,185,0,0,0,0,0,0,0,0,0,0,0,0,0,0,0,0,0,0,0,0,0,0
"D140",10,139,292,0,3,11,0,0,4,68,0,6,0,0,0,6,7,0,0,9,0,35,30,0,0,62,0,7,18,91,0,0,22,10,0,0,12,0,23,0,0,77,0,0,0,37,0,30,296,1,4,51,0,93,50,0,0,0,0,0,0,0,0,5,0,27,37,34,0,0,75,68,8,0,0,0,80,61,0,66,11,41,0,0,14,0,0,16,0,4,0,28,31,0,0,0,0,0,131,305,0,44,0,0,3,5,15,0,0,0,205,9,55,7,0,0,25,15,0,0,25,4,82,0,0,0,0,0,0,2,23,16,5,58,0,0,20,122,83,4,19,13,0,0,0,95,11,6,29,0,136,23,0,38,49,14,0,9,50,0,0,0,52,6,0,3,16,54,37,199,114,0,0,2,0,0,11,0,0,10,6,0,61,0,97,60,21,39,32,3,0,1,1,99,0,9,0,0,12,0,0,27,7,0,2,0,38,132,37,334,2,0,0,0,0,2,0,0,0,20,0,22,0,0,0,2,12,74,0,6,12,63,0,2,0,0,15,43,17,105,0,0,6,0,34,2,0,0,2,3,10,0,3,72,228,0,0,1,0,113,3,0,0,1,18,22,0,3,74,14,0,135,36,0,22,21,153,0,0,102,165,20,0,60,0,173,44,9,0,0,0,2,3,62,0,0,348,61,120,0,16,56,0,0,15,0,51,51,152,10,0,5,0,7,111,0,0,6,0,6,41,3,17,0,13,0,86,0,35,3,46,2,391,48,1,0,36,0,26,0,0,423,40,226,6,16,63,0,1,0,6,0,0,0,13,0,1,104,91,29,0,0,0,281,3,1,0,0,0,9,0,15,13,0,4,0,10,140,9,0,0,0,13,37,0,519,113,0,0,0,16,14,19,0,26,0,0,0,22,4,357,69,7,0,0,13,28,3,42,0,49,0,2,58,18,20,0,333,5,15,0,86,0,0,0,0,0,27,0,12,0,0,0,0,0,12,0,8,10,19,0,0,0,0,0,1,936,0,0,0,6,0,28,2,151,2,0,32,17,0,2,0,62,0,0,0,3,96,175,2,0,93,11,2,0,22,15,0,95,0,77,4,0,49,42,0,5,8,3,56,0,0,4,0,35,203,0,0,43,15,34,6,205,0,0,1,0,25,2,3,146,23,0,17,24,15,0,12,9,0,56,0,0,0,0,0,0,733,0,1,13,6,209,201
"D141",0,0,0,0,0,2,0,0,0,0,0,0,544,91,0,0,0,0,0,0,0,0,0,0,40,0,0,0,0,0,0,0,0,0,0,0,0,0,0,0,0,0,0,0,0,0,0,0,0,0,34,0,0,0,0,0,0,0,0,4,9,124,0,0,0,0,0,0,0,0,0,0,1277,0,0,0,0,0,65,0,0,0,0,2,0,101,0,0,0,67,0,0,0,0,0,0,0,0,0,0,0,0,0,0,0,0,0,0,0,0,0,0,0,0,1517,0,0,0,0,0,0,0,0,0,7,9,0,3,75,0,0,0,0,0,0,0,0,0,0,0,0,0,0,0,37,0,0,0,0,0,0,0,0,0,0,0,9,0,0,0,0,0,0,0,0,0,0,0,0,0,0,103,0,0,3,0,0,144,0,0,0,10,0,0,0,0,0,0,0,0,0,0,0,0,3,0,0,0,0,0,0,0,0,0,11,67,0,0,16,0,0,6,0,2,0,117,0,0,0,0,0,0,61,0,129,0,0,0,0,0,0,0,0,0,2,0,0,0,0,0,0,0,0,0,0,5,0,0,0,0,0,0,0,0,0,0,0,0,0,7,2,0,0,0,0,0,0,0,0,0,0,0,0,0,0,0,0,0,10,0,0,0,0,0,0,0,0,0,0,0,0,0,0,0,0,0,0,0,0,0,0,0,209,3,0,0,0,0,0,0,0,0,253,0,0,0,0,0,0,0,0,30,0,0,0,0,0,0,0,0,0,0,0,0,0,0,0,0,0,0,0,0,0,0,0,26,0,0,0,0,0,0,3,0,0,0,0,0,0,0,0,0,0,0,0,4,0,66,0,0,0,0,0,0,0,57,0,0,0,0,0,58,0,0,22,0,0,0,0,0,0,0,0,5,0,0,0,2,0,0,13,0,0,0,0,0,0,0,0,0,0,0,0,0,0,0,0,0,0,0,82,0,0,28,12,0,0,0,0,0,0,0,0,0,0,0,0,0,0,0,0,0,0,11,0,0,0,0,0,0,0,0,0,0,0,0,0,0,0,0,0,0,0,0,0,0,0,0,0,0,0,0,0,0,0,0,0,0,2,0,0,0,0,0,0,7,0,0,0,6,831,0,0,0,0,0,0,0,0,0,0,0,0,0,0,0,0,0,0,0,0,7,0,0,0,0,0,0,0,0,0,0,4,0,0,5,0,0,0,0,0,0,0,0
"D142",0,2,3,0,0,0,0,0,6,0,0,0,0,0,0,0,3,0,0,0,0,0,0,0,0,0,0,0,0,27,3,113,0,0,2,0,0,0,0,0,0,9,0,0,0,0,0,0,0,0,0,0,0,0,0,0,0,0,0,44,0,4,0,0,0,0,0,0,0,0,0,2,0,108,0,0,0,0,90,25,0,0,0,11,0,0,0,0,22,4,7,0,0,0,55,0,0,0,0,0,0,0,0,0,0,0,0,0,0,0,0,0,0,0,155,0,0,0,0,0,0,0,0,0,38,0,0,0,2,2,0,0,0,0,0,0,0,0,0,0,0,0,0,0,5,0,0,0,0,0,0,0,0,0,0,0,0,0,0,2,0,0,2,0,0,0,0,2,0,0,0,0,73,0,0,0,0,2,0,0,0,3,0,0,0,0,0,0,2,0,0,0,0,3,0,0,0,0,0,0,0,5,0,22,0,0,3,0,2,0,0,0,0,26,0,12,0,0,0,0,0,0,0,0,0,0,0,4,7,0,0,5,2,0,0,0,0,0,0,2,0,0,0,0,0,0,0,0,0,0,0,0,0,0,13,0,2,0,0,0,0,3,0,0,0,0,2,0,0,0,0,0,0,2,0,0,0,0,0,4,4,0,0,5,0,0,0,3,0,0,0,0,0,3,0,0,4,0,0,0,0,0,153,30,5,0,0,0,0,8,0,0,0,0,2,0,0,0,4,17,0,2,0,0,0,0,0,11,0,0,0,0,2,0,0,0,0,0,0,2,0,0,0,3,0,0,16,0,0,2,0,64,0,12,0,0,18,0,0,0,6,0,0,0,2,0,0,65,0,0,0,0,0,0,0,0,0,0,2,0,0,125,0,0,3,0,6,0,0,0,0,2,0,84,0,2,0,2,0,0,14,0,0,0,2,0,0,0,0,0,0,0,0,0,0,0,0,2,0,0,15,0,74,81,0,0,0,0,0,2,0,4,0,0,0,2,0,0,0,3,5,0,0,2,0,2,5,0,0,0,0,0,0,2,0,0,14,0,0,0,0,6,0,0,0,0,0,0,1,0,0,0,3,0,0,0,0,0,0,6,0,0,0,1,4,163,0,0,0,0,28,92,0,0,0,2,0,0,2,0,0,0,2,0,0,0,0,0,0,5,2,5,0,0,0,0,0,0,0,2,0,0,287,4,9,0,0,3,0,0,4,0,0,0
"D143",0,0,0,0,0,0,0,0,0,0,0,0,0,0,0,0,0,0,0,0,3,0,0,0,0,0,0,0,0,0,0,0,0,0,0,0,0,0,0,0,0,0,0,0,0,0,0,0,0,0,0,0,0,0,0,0,0,0,0,0,0,0,0,0,0,0,0,0,0,0,0,0,0,0,0,0,0,0,0,0,0,0,0,0,0,0,0,0,0,0,0,0,0,0,0,0,0,0,0,0,0,0,0,0,0,0,0,0,0,0,0,0,0,0,0,0,0,0,0,0,0,0,0,0,0,0,0,0,0,0,0,0,0,0,0,0,0,0,0,0,0,0,0,0,0,0,0,0,0,0,0,0,0,0,0,0,0,0,0,0,0,0,5,0,0,0,0,0,0,0,0,0,0,0,0,0,0,0,0,0,0,0,0,0,0,0,0,0,0,0,0,0,0,0,0,0,0,0,0,0,0,0,0,0,25,0,0,0,0,0,0,0,0,0,0,0,0,0,0,0,0,0,0,0,0,0,0,0,0,0,0,0,10,0,0,0,0,0,0,0,0,0,0,0,0,0,0,0,0,0,0,0,0,0,0,0,0,0,0,0,0,0,0,0,0,0,0,0,0,0,0,0,0,0,0,0,0,0,0,0,0,0,0,0,0,0,0,0,0,10,0,0,0,0,0,0,0,0,0,0,0,0,0,0,0,0,0,0,0,0,0,0,0,0,0,0,0,0,0,0,0,0,0,0,0,0,0,0,0,0,0,0,0,0,0,0,0,0,0,0,0,0,0,0,0,0,0,0,0,0,0,0,0,0,0,0,0,0,0,0,0,0,0,0,0,0,0,0,0,0,0,0,0,0,0,0,0,0,0,0,0,0,0,0,0,0,0,0,0,0,0,0,0,0,0,0,0,0,0,0,0,0,0,0,0,0,0,0,0,0,0,0,0,0,0,0,0,0,0,1,0,0,0,0,0,0,0,0,0,0,0,0,0,0,0,0,0,0,0,0,0,0,0,0,0,0,0,0,0,3,0,0,0,0,0,0,0,0,0,0,0,0,0,54,0,0,0,0,0,0,0,0,0,0,0,0,0,0,0,0,0,0,0,0,0,0,0,0,0,0,0,0,0,0,0,0,0,736,0,0,0,0,0,0,0,0,0,0,0,0,0,40,0,0,0,0,0,0,0,0,0,0,0,0,0,0,0,0,0,0,0,0,0,0
"D144",0,0,0,0,0,0,0,0,0,0,0,0,0,0,0,0,0,0,0,0,0,0,0,0,0,0,0,0,0,0,780,315,143,0,0,0,0,0,0,0,0,0,0,0,0,0,0,0,0,0,0,0,0,0,0,0,0,0,0,0,0,0,0,0,0,0,0,0,0,0,0,0,0,0,0,0,0,0,0,0,0,0,0,0,0,0,0,0,691,0,0,0,0,0,485,0,0,0,0,0,0,0,0,0,0,0,0,0,0,0,0,0,0,0,0,0,0,0,0,0,0,0,0,0,0,0,0,0,0,0,0,0,0,0,0,0,0,0,0,0,0,0,0,197,0,0,0,0,0,0,0,0,0,0,0,0,0,0,0,2,0,0,0,0,0,0,0,0,0,0,0,0,0,0,0,0,0,0,0,0,0,0,0,0,0,0,0,0,0,0,0,0,0,0,0,0,0,0,0,0,0,0,0,0,0,0,0,0,0,0,0,0,0,0,0,0,0,0,0,0,0,0,0,0,0,115,0,0,0,0,0,0,0,0,0,0,0,0,0,0,0,0,0,0,0,0,0,0,0,0,0,0,0,0,0,0,293,0,0,0,0,0,0,0,0,0,0,0,0,0,0,9460,0,0,0,0,0,0,0,0,0,0,0,0,0,0,0,0,0,0,0,0,0,0,0,0,0,0,0,0,0,0,0,0,0,0,0,0,0,0,0,0,0,0,0,0,0,0,0,0,662,0,0,0,0,0,0,0,0,0,0,0,0,0,0,0,0,0,0,0,900,0,0,0,0,0,0,0,0,0,0,0,0,0,0,0,0,0,0,0,0,0,0,0,0,0,0,0,0,0,0,0,0,0,0,0,0,0,0,0,0,293,0,0,0,0,0,0,0,0,0,0,0,0,0,0,0,0,0,0,0,0,0,0,0,0,0,0,0,0,0,0,0,0,0,0,0,0,0,0,0,0,278,0,0,0,0,0,0,0,0,0,0,0,0,0,0,0,0,0,0,0,0,2315,0,0,0,0,0,0,0,0,0,0,0,0,0,0,0,0,0,0,0,0,0,0,0,0,0,0,0,0,0,0,0,0,0,0,0,0,0,0,0,0,0,187,0,0,0,0,0,0,0,0,0,0,0,0,0,0,0,0,0,357,0,0,0,0,0,0,0,499,0,0,0,0,0,0,0,0,0,0,0,0,0,0,0,0,0,0,0,0,0,0
"D145",0,0,0,0,0,0,0,0,0,0,0,3,0,0,3,0,0,0,0,0,0,0,0,0,1,3,0,0,0,0,2,0,0,0,0,0,0,0,28,0,233,0,27,0,4,0,0,0,0,0,0,0,0,0,0,0,66,0,0,0,0,0,10,0,0,0,0,0,0,0,9,0,0,0,0,0,0,0,0,0,0,0,0,0,0,0,0,0,0,0,0,0,0,0,0,0,0,0,0,0,0,0,0,0,0,0,0,0,0,0,0,0,1,0,0,0,0,0,0,0,0,0,0,0,0,0,0,0,0,0,0,0,0,0,0,0,0,0,0,0,0,0,0,0,0,0,0,0,3,0,0,0,0,0,0,0,0,0,4,0,0,0,2,0,0,0,0,0,0,0,0,0,0,0,0,5,0,6,0,0,0,0,0,0,0,0,0,0,0,0,0,0,2,13,0,0,0,0,0,0,0,0,0,0,3,0,1586,0,0,0,0,0,0,0,0,0,14,3,0,0,1051,0,0,0,0,0,0,0,0,0,0,0,0,0,0,0,0,0,0,0,0,0,0,0,0,0,0,0,0,0,0,26,2,0,85,0,0,0,0,0,0,0,0,0,3,2,0,0,0,0,0,17,0,0,0,0,0,0,0,4,0,0,0,0,0,0,0,0,0,0,0,0,0,2,0,0,0,11,0,6,0,0,0,0,0,0,0,0,0,0,0,0,0,0,95,0,0,0,0,0,0,0,0,0,0,0,0,0,0,0,0,0,0,0,0,135,0,0,0,0,0,0,0,0,0,0,0,0,0,0,0,0,0,4,16,0,0,0,0,0,0,0,2,0,0,0,0,0,0,0,0,0,0,0,0,0,8,4,0,3,0,0,16,0,0,0,0,0,0,0,0,0,0,0,10,0,0,0,3,0,0,0,0,0,0,4,0,0,0,0,0,0,0,0,0,0,0,0,0,0,0,0,0,0,0,0,0,0,0,0,0,2,0,0,0,0,0,2,0,2,0,5,0,0,0,0,190,731,3,0,0,0,0,0,4,0,0,22,3,0,0,0,0,0,0,0,5,0,0,0,0,0,0,0,0,0,0,0,0,0,0,0,0,0,4,0,0,0,0,2,0,0,4,0,0,0,0,0,0,0,0,0,0,4,0,2,0,0,58,0,0,108,4,0,0,0,32,0,0,0,0,0,0,0,0,0,0,55,0,0,0,0,3,0
"D146",3,13,0,0,0,0,0,324,0,0,0,2,0,0,0,0,280,0,0,0,0,4,0,0,0,0,0,13,0,93,0,0,0,6,34,0,3,160,0,0,0,414,0,0,0,0,0,975,3582,0,10,0,73,0,0,0,2,98,0,5,0,2,0,0,0,37,0,2,0,29,0,196,0,1,0,0,109,11,0,0,3,0,0,0,2,0,0,6,0,1,0,0,1,0,2,0,0,2,0,0,4,6,0,0,6,3,0,2,0,0,6,5,0,0,0,0,0,2,0,0,0,49,68,0,0,0,0,0,0,0,0,3,0,7,0,0,0,0,0,0,0,6,65,0,0,40,0,12,27,0,0,0,0,0,1826,15,0,0,0,2,0,3,4,0,0,0,1,9483,75,0,5,0,0,0,17,0,6,0,12,19,6,0,679,0,40,0,112,76,0,0,2,0,9,0,0,0,0,0,0,0,0,0,0,0,2,0,0,5,90,0,50,3,0,0,463,0,0,0,0,0,0,0,0,0,0,0,16,0,0,0,0,8,0,20,0,0,5,0,0,0,0,0,14,0,0,1,0,0,122,20,0,63,0,0,48,0,0,0,4,0,0,0,0,0,127,3,4,0,0,0,0,278,0,0,0,0,0,0,0,0,58,1,6,6,0,96,0,6,2,0,0,0,0,7,0,0,234,390,392,0,0,94,0,5,0,0,0,0,0,0,0,0,4,115,162,0,0,0,3,0,0,0,216,78,25,0,0,3,0,0,2,139,721,0,0,0,0,0,0,0,0,49,2,188,0,0,218,0,0,0,1,0,0,0,1,0,0,177,8,0,0,0,0,0,15,3,0,0,0,58,0,0,2,0,0,0,0,0,10,0,0,0,0,0,1,0,0,0,0,0,0,0,45,0,5,56,0,0,0,0,0,0,0,0,0,22,26,0,0,0,0,0,4,0,0,4,0,377,2,0,0,0,3,0,1,4,0,8,0,6,12,0,6,0,45,109,0,2,0,0,5,0,0,0,0,0,1046,0,0,0,0,0,7,0,396,0,0,182,37,0,0,0,0,0,0,0,13,314,67,8,10,11,2,0,0,16,0,0,0,0,0,3,104,0,5,3,6,0,0,0,0,0,0,2,0,6,0,0,364,0,34,12,326,0,0,1,2,25,0,3,0,33,2,11,0,0,0,40,151,19,0,0,3,7,0,0,0,791,0,0,0,8,0,0
"D147",0,0,0,2,0,0,0,0,0,0,0,0,0,0,0,0,0,0,13,0,0,0,0,0,0,0,0,0,0,0,2,69,0,0,0,11,0,0,0,0,0,0,0,0,0,0,0,0,0,0,0,0,0,0,0,0,0,0,3,0,0,0,0,0,88,0,6,0,0,0,0,0,0,0,0,0,0,0,0,0,0,0,0,0,0,0,0,0,0,0,2,0,0,0,0,0,0,0,0,0,0,0,0,0,0,0,0,0,0,0,0,0,0,0,0,0,0,0,0,0,0,0,0,0,0,0,0,0,0,0,0,0,0,0,3,0,0,0,0,0,0,0,0,4,0,0,0,0,0,0,0,0,0,0,0,0,0,0,0,0,0,0,0,0,0,0,0,0,0,11,0,104,0,0,0,0,0,0,0,0,0,0,0,0,0,0,0,0,0,0,0,0,0,0,0,0,0,0,0,4,0,0,0,0,5,0,0,0,0,0,0,0,0,0,0,0,0,0,0,0,0,0,0,0,0,5,0,0,0,0,0,0,0,0,0,0,0,1,0,0,0,0,0,0,0,0,0,4,0,0,0,0,0,0,0,0,0,0,0,0,0,0,0,0,0,0,0,0,0,0,0,0,0,0,0,0,0,10,0,0,0,0,0,0,0,0,0,0,0,0,862,0,0,0,0,0,0,0,4,0,0,0,0,0,0,0,0,0,0,3,1,0,0,0,0,0,0,0,0,0,0,0,0,2,0,0,0,0,0,0,0,0,0,0,0,0,0,0,0,0,0,0,0,0,0,0,0,0,0,0,0,242,0,0,0,0,0,0,0,0,0,0,0,0,0,0,0,0,0,0,0,0,0,0,0,0,0,0,0,0,0,0,0,0,0,0,0,0,32,0,0,0,0,0,0,0,4,0,0,0,0,2,18,0,0,0,0,0,0,4,0,0,0,0,0,0,0,0,0,0,0,0,0,0,0,44,0,0,1,0,0,0,0,0,0,0,0,0,2,0,0,0,0,0,0,0,0,0,0,678,0,0,0,0,0,0,0,0,0,0,0,0,0,0,0,0,0,0,0,0,0,0,0,0,0,0,0,0,0,0,0,0,0,0,0,0,0,0,0,0,0,0,0,0,0,0,0,0,0,0,0,0,0,2,0,0,0,0,0,0,0,6,0,0,0,0,0,0,0,0,0,0,0,0,0,0,0,0,0,0,0,0,0,0
"D148",0,0,0,0,0,0,1,0,0,0,0,0,0,0,0,0,0,0,0,0,0,0,0,0,0,0,0,0,0,0,0,0,0,0,0,0,0,0,0,0,0,0,0,0,0,2,0,0,0,2,0,0,0,0,5,0,0,0,0,0,0,0,0,0,0,0,0,0,0,0,0,0,0,0,0,0,0,0,0,2,0,0,0,0,3,0,0,0,0,0,0,0,0,0,0,0,0,0,0,0,0,0,1,0,0,0,0,0,0,0,0,0,0,0,0,0,0,0,0,0,0,0,0,0,0,0,273,0,0,0,0,0,0,0,7,13,0,9,12,0,2,0,0,0,0,0,0,0,0,0,0,0,0,10,0,0,0,0,0,0,0,0,0,0,0,0,0,0,0,0,0,901,0,0,0,0,0,0,0,0,0,0,0,0,0,0,0,0,0,0,0,0,0,0,0,0,0,0,0,0,0,0,0,0,2,0,0,0,0,0,0,0,0,0,0,0,0,0,0,0,0,2,105,0,0,17,0,0,0,0,0,0,0,0,0,0,0,0,0,0,0,0,0,2,0,0,0,0,0,0,0,0,0,0,3,1,0,0,0,0,0,0,0,0,0,0,0,0,0,0,0,0,0,0,0,0,0,0,0,3,5,0,0,0,3,0,4,0,0,4,0,0,0,0,0,0,0,0,0,0,0,0,0,0,0,0,0,0,0,0,0,0,0,0,0,0,0,0,0,0,0,0,0,97,0,0,0,0,0,15,0,0,0,0,0,0,0,0,1,0,0,0,0,4,0,0,0,0,0,0,0,0,0,0,0,0,0,0,0,0,0,0,0,5,0,0,0,0,0,0,0,0,0,0,0,0,0,0,0,0,0,0,0,0,0,0,0,4,0,0,0,0,0,0,0,0,0,0,0,0,0,0,24,0,0,0,0,0,0,0,0,0,0,1,2,0,0,0,0,0,0,0,0,0,0,0,0,0,0,0,0,0,0,0,0,0,0,0,1,0,0,0,0,0,0,0,0,0,0,0,0,2,0,0,0,0,0,0,0,0,0,0,0,0,0,5,0,2,0,0,0,3,0,0,0,0,2,0,0,0,0,0,0,0,0,0,0,0,0,0,0,0,0,0,0,0,6,0,0,0,0,0,0,0,0,0,0,0,0,0,0,15,0,0,0,44,0,0,0,0,0,0,0,0,0,0,0,0,0,0,0,0,0,0
"D149",0,0,0,0,0,0,0,0,0,0,0,0,0,3,0,0,0,16,0,0,0,0,0,0,0,0,0,0,0,0,2,0,0,0,0,0,0,0,0,0,0,0,0,0,7,0,0,0,0,0,0,0,0,0,0,0,0,0,0,0,0,0,17,0,0,0,0,0,0,0,0,0,0,26,0,0,0,0,235,0,0,0,0,160,0,0,0,0,0,0,0,0,0,0,0,22,0,0,0,0,0,0,0,0,0,0,0,0,0,0,0,0,0,0,310,0,0,0,2,0,0,0,0,0,0,0,0,0,4,0,0,0,0,0,0,0,0,0,0,0,0,0,0,0,4,0,0,0,0,0,0,0,0,0,0,0,0,0,0,0,0,0,0,0,0,0,0,0,0,0,0,28,463,0,0,0,0,193,0,0,0,0,0,0,0,0,0,0,0,0,0,0,0,0,0,0,0,0,0,0,0,0,0,0,0,1012,0,0,0,0,0,0,0,0,0,0,0,0,0,0,0,0,0,0,0,0,0,0,0,0,0,0,0,0,2,0,0,0,0,0,0,0,0,0,0,0,0,0,0,0,0,0,0,0,0,0,0,0,0,0,3,0,2,58,0,0,444,0,0,0,0,0,0,0,0,0,0,0,0,0,0,0,0,0,0,0,0,0,0,0,0,0,0,0,0,0,0,0,0,0,0,0,0,0,0,0,0,0,0,0,0,0,0,0,2,0,0,0,0,0,0,114,0,0,0,0,0,0,0,0,0,0,0,0,0,0,0,0,0,0,69,0,0,0,0,0,0,0,0,3,0,0,19,140,0,0,0,0,0,0,0,0,0,0,0,0,0,2165,0,0,0,0,0,0,0,2,0,0,0,5,0,0,0,0,3,0,0,0,8,0,0,0,0,0,0,0,0,22,0,0,0,0,7,0,0,0,0,0,0,0,0,0,0,0,0,0,0,0,0,0,0,0,0,384,0,0,0,0,2,0,0,0,2,0,0,0,0,0,0,0,0,0,0,0,0,0,0,0,0,0,0,0,0,0,0,0,0,0,0,0,0,0,0,0,0,0,0,0,0,0,0,0,0,0,0,0,0,0,0,0,0,0,0,0,2,0,0,0,0,0,0,0,0,0,0,0,0,0,0,0,0,0,0,0,3,0,0,0,0,5,0,0,0,0,0,0,12,0,0,0,5,0,0,0,0,0,0,0,2,0,0,0,0,0
"D150",0,23,0,0,3,0,0,0,4,54,0,11,0,7,14,11,0,0,0,12,159,18,20,0,0,16,0,2,6,112,3,0,19,3,0,0,44,0,55,0,177,15,21,0,3,20,0,1,21,0,0,5,6,15,0,0,42,74,0,3,0,0,72,0,0,2,0,0,0,2,19,10,0,0,0,0,26,0,0,0,0,20,0,0,0,3,7,16,0,2,0,0,6,0,0,0,0,0,0,60,0,0,0,0,21,16,0,0,0,0,58,3,85,2,0,0,26,33,0,0,1,3,40,0,0,0,0,0,0,0,21,8,0,29,0,0,12,20,6,16,0,11,4,0,0,5,2,46,36,2,11,6,0,10,0,0,0,30,2,0,0,0,3,81,10,0,9,6,5,8,22,0,0,0,36,4,0,0,39,13,17,0,10,0,45,467,7,7,4,0,0,0,0,27,0,0,0,0,7,5,0,2,2,0,0,0,5355,9,0,163,0,0,0,0,4,0,0,2,0,14,521,22,0,0,0,0,0,89,0,11,17,0,0,11,0,0,21,0,163,0,0,20,37,0,4,0,15,0,1,9,0,4,19,2,125,0,0,0,8,0,0,0,0,0,11,36,12,2,1,13,0,0,12,47,43,3,7,0,0,49,29,0,0,17,0,21,38,1,0,0,2,0,8,2,0,0,17,53,23,10,10,95,0,0,0,0,250,0,36,0,0,15,0,11,34,0,0,0,0,0,0,0,41,0,3,0,26,0,1,2,5,3,292,0,28,0,71,0,0,0,0,482,0,211,2,17,0,0,3,0,3,0,0,0,1,0,3,59,0,9,0,0,0,122,11,0,0,0,0,8,0,0,7,0,28,0,15,7,0,11,0,0,9,8,0,0,0,0,0,0,1,0,18,0,43,19,0,0,66,0,0,0,0,0,0,7,4,0,32,0,50,0,17,0,0,6,5,4,2,0,28,77,0,0,0,0,0,47,0,0,26,0,5,0,10,81,0,0,0,5,0,38,0,0,0,0,569,412,10,0,0,0,5,23,38,0,0,34,9,24,10,0,15,0,0,25,3,95,25,9,79,9,3,65,0,7,2,0,4,0,0,11,25,6,21,0,14,0,0,5,0,0,14,0,0,78,0,0,39,3,4,14,39,0,0,4,0,21,29,0,27,90,0,1,0,2,0,0,4,0,26,0,0,3,0,0,5,279,3,0,0,11,4,1
"D151",0,0,0,0,0,0,0,0,0,0,0,0,0,0,0,0,0,0,0,0,0,0,0,0,0,0,0,0,0,0,0,0,0,0,0,0,0,0,0,0,0,0,0,0,0,0,0,0,528,0,0,0,0,0,0,0,0,0,4,0,0,0,0,0,0,0,0,0,0,0,0,0,0,0,0,0,0,0,0,0,0,0,0,0,0,0,0,0,0,0,0,0,0,0,0,0,0,7,0,0,0,0,0,0,0,0,0,0,0,0,0,0,0,0,0,0,0,0,0,0,0,0,0,0,0,0,0,0,0,0,0,0,0,0,0,0,0,0,0,0,0,0,0,0,0,0,0,0,0,0,0,0,0,0,0,0,0,0,0,0,0,0,198,0,0,0,0,0,0,0,0,0,0,0,0,0,0,0,0,0,0,0,0,0,0,0,0,0,0,0,0,0,0,0,0,0,0,0,0,0,0,0,0,0,0,0,0,0,0,0,0,0,0,0,0,0,2,0,0,0,0,0,0,0,0,0,0,0,0,0,0,0,0,0,0,0,0,0,96,0,0,0,0,0,0,0,0,0,0,0,0,0,0,0,0,0,0,0,0,0,0,0,0,0,0,0,0,0,0,0,0,0,0,0,0,0,0,0,0,0,0,0,0,0,0,0,0,0,0,0,0,0,0,0,521,0,0,0,79769,0,0,0,0,0,0,0,0,0,0,0,0,0,0,0,0,0,0,0,0,0,0,0,0,0,0,0,0,0,0,0,0,0,0,0,0,0,0,0,0,0,0,0,0,0,0,0,0,0,0,0,0,0,0,0,0,0,0,0,0,0,0,0,0,0,0,0,0,0,0,0,0,0,0,0,0,0,0,0,0,0,0,0,0,0,0,0,0,0,0,0,0,0,0,0,0,0,0,0,0,0,0,3,0,0,0,0,0,0,0,0,0,0,0,0,0,0,0,0,0,0,0,0,0,0,0,0,0,0,0,0,0,0,0,0,0,0,0,0,0,0,0,0,0,0,0,0,0,0,0,0,0,0,0,0,0,0,0,0,0,0,0,0,0,0,0,0,0,0,0,0,0,0,0,0,0,0,0,0,0,0,0,0,0,0,0,0,0,0,0,0,0,0,0,0,0,0,0,0,0,0,0,0,0,0,0,0,0,0,0,0,0,9908,0,0,0,0,0,0,0,0,0,0,0,0,0,0,0,0,0,0,0,0,0,0
"D152",0,0,0,0,0,0,0,0,0,0,8,0,0,141,0,0,0,144,0,0,0,0,0,0,0,0,0,0,0,15,0,0,0,0,0,0,0,0,0,0,0,0,0,0,104,0,0,0,0,0,0,0,0,0,0,0,0,0,0,4,0,0,622,0,0,0,0,0,0,0,0,0,0,18,0,0,0,0,378,0,0,0,0,193,0,48,0,0,0,0,0,0,0,0,0,12,0,0,0,0,0,0,0,0,0,0,0,0,0,0,0,0,0,0,489,42,0,0,0,0,0,0,0,0,0,10,0,0,4,0,0,0,0,0,0,0,0,0,6,0,0,0,0,0,5,0,0,0,0,0,0,0,0,0,0,0,0,0,0,0,0,0,0,0,0,0,0,0,0,0,0,0,0,0,0,0,0,1199,0,0,0,0,0,0,0,0,0,0,0,0,0,0,0,0,0,0,0,0,0,0,0,0,0,5,0,0,0,0,0,0,0,0,0,0,0,0,0,0,0,0,0,0,0,0,0,0,0,0,0,0,0,0,0,0,0,0,0,0,0,0,0,93,0,0,0,0,0,0,0,0,0,0,0,0,0,0,0,0,0,0,0,0,0,410,0,0,0,0,0,0,0,0,0,0,0,0,0,0,16,0,0,0,0,0,0,0,0,0,0,0,0,0,0,0,0,0,0,0,0,0,0,0,0,0,0,0,0,0,0,0,0,0,0,0,21,0,0,0,0,0,0,21,0,0,0,0,0,0,0,0,0,0,0,0,0,0,0,0,0,0,0,0,0,0,0,0,0,0,0,0,0,0,0,1860,0,0,0,0,0,0,0,0,0,0,0,0,0,3108,0,0,0,0,0,0,0,0,0,0,0,69,0,0,0,0,0,0,0,0,0,0,0,0,0,0,0,0,0,16,0,0,0,0,0,0,0,0,0,0,0,0,0,0,0,0,0,0,0,0,0,0,0,0,0,149,0,0,0,0,0,0,0,0,131,0,0,0,0,0,0,218,0,0,0,0,0,0,0,0,0,0,0,0,0,0,0,0,0,0,0,0,2,1,0,0,0,0,0,0,0,0,0,0,0,0,0,0,0,0,0,0,0,0,0,0,17,0,0,0,0,0,0,0,0,0,0,0,0,0,0,0,0,0,0,0,0,0,5418,0,0,0,0,0,85,0,0,0,0,0,0,0,0,0,0,0,0,41,58,0,0,0,0,0,0,0
"D153",0,0,0,0,0,0,0,0,0,0,0,0,0,0,0,0,0,0,17,0,0,0,0,0,0,0,0,0,0,0,2,0,0,0,0,0,0,0,0,0,0,0,0,0,0,0,0,0,0,0,0,0,0,0,0,8,0,0,0,0,0,0,0,0,21,0,0,0,0,0,0,0,0,320,0,0,0,0,2,0,0,0,5,0,0,0,0,0,38,111,0,0,0,0,28,24,0,0,0,0,0,0,0,0,0,0,0,0,0,0,0,0,0,6,24,0,0,0,2,0,0,0,0,0,0,0,0,0,0,0,0,0,0,0,0,0,0,0,0,0,0,0,0,0,0,0,0,0,0,0,0,0,0,0,0,0,0,0,0,0,0,21,0,0,0,4,0,0,0,0,0,0,0,0,0,0,0,0,0,0,0,991,0,0,0,0,0,0,0,3,0,0,0,0,0,0,0,0,0,0,0,0,0,0,0,3,0,0,0,0,0,0,0,0,0,0,0,0,0,0,0,0,0,0,0,0,0,0,9,0,0,0,0,0,0,0,0,0,0,0,0,0,0,0,0,0,0,0,0,0,0,0,0,0,0,0,7,0,0,0,19,0,0,13,0,0,59,0,0,0,0,0,0,0,0,0,0,0,0,0,0,0,0,0,0,0,0,0,4,0,0,0,0,0,0,0,0,0,0,0,0,0,8,0,1,22,0,0,0,7,0,0,12,0,6,0,0,0,0,8,0,0,0,0,0,0,0,0,0,0,0,0,0,0,0,0,0,0,7,0,0,0,0,0,0,0,0,0,0,8,0,0,2,0,0,0,0,0,0,0,0,0,0,0,0,0,0,3045,0,0,0,0,0,0,0,0,0,0,0,0,0,97,0,0,0,0,0,0,0,12,0,0,0,24,0,0,0,0,0,0,0,0,0,0,0,0,0,0,0,0,0,0,0,0,0,0,0,0,0,0,0,0,17,2002,69,0,0,0,0,0,0,0,0,0,0,0,0,0,0,0,16,0,0,58,0,0,0,0,6,0,0,0,0,0,0,0,0,0,0,0,0,0,0,0,0,0,0,0,0,0,0,0,0,0,0,0,0,0,0,0,0,0,0,0,0,49,0,0,0,0,7,0,0,0,0,0,0,0,0,0,0,0,0,0,0,0,0,0,0,0,0,0,0,0,0,0,1,0,0,0,0,0,18,0,0,0,9,0,0,0,0,0,0,0
"D154",0,0,0,0,0,0,0,0,0,0,0,0,0,0,0,0,0,0,0,0,0,0,0,0,0,0,0,0,0,0,0,154,0,0,0,0,0,0,0,0,0,0,0,0,0,0,0,0,0,0,0,0,0,0,0,0,0,0,0,0,0,0,0,0,0,0,0,0,0,0,0,0,0,0,0,0,0,0,276,0,0,0,0,45,0,0,0,0,0,0,0,0,0,0,0,0,0,0,0,0,0,0,0,0,0,0,0,0,0,0,0,0,0,0,3,0,0,0,0,0,0,0,0,0,0,0,0,0,3,0,0,0,0,0,0,0,0,0,0,0,0,0,0,2,14,0,0,0,0,0,0,0,0,0,0,0,0,0,0,0,0,0,0,0,0,0,0,0,0,0,0,0,112,0,0,0,0,18,0,0,0,0,0,0,0,0,0,0,0,0,0,0,0,0,0,0,0,0,0,0,0,0,0,0,5,4,0,0,0,0,0,0,0,0,0,0,0,0,0,0,0,0,0,0,0,0,0,0,0,0,0,0,0,0,0,0,0,0,0,0,0,0,0,0,0,0,0,0,0,0,0,0,0,0,7,0,0,0,0,0,0,0,0,0,0,0,0,0,0,0,0,0,0,0,0,0,0,0,0,0,0,0,0,0,0,0,0,0,0,0,0,0,0,0,0,0,0,0,0,0,0,0,0,0,0,0,0,0,0,0,0,0,0,0,0,0,0,0,0,0,0,0,0,0,0,0,0,0,0,0,0,0,0,0,0,0,0,0,0,0,3,0,0,0,0,0,0,0,0,0,0,458,333,2,0,0,0,0,0,0,0,0,0,0,0,0,0,0,3,0,0,0,0,0,0,0,0,0,0,30,0,0,0,0,0,0,0,0,0,0,0,0,0,0,0,0,0,1,0,2,0,0,0,0,0,0,0,0,0,0,0,0,0,0,0,0,0,0,0,0,0,0,0,2375,0,0,0,0,0,0,0,0,0,0,0,0,0,0,0,7,0,0,0,0,0,0,0,0,0,0,0,0,0,0,0,0,0,0,0,0,0,0,0,0,0,0,0,0,0,0,0,0,0,0,0,0,0,0,0,0,0,0,0,0,0,0,0,0,0,0,23,0,0,0,0,0,0,0,0,0,0,0,0,0,0,0,1,0,0,0,0,0,0,0,0,0,0,0,0,0,0,0,0,0,0,0,0,0,0,0,0,0,0,0
"D155",11,0,0,0,0,45,0,0,0,0,0,0,0,0,0,0,0,0,0,0,0,0,0,0,0,0,0,0,0,0,46,0,0,0,0,0,0,0,7,0,0,14,0,0,138,3,0,0,0,0,17,0,0,0,13,0,2,0,0,0,67,0,0,3,0,0,81,0,0,0,0,0,0,0,29,14,0,0,0,11,0,0,0,0,0,0,16,0,0,0,0,4,21,0,0,0,0,311,0,0,0,0,0,0,0,0,98,0,0,0,0,0,0,0,0,0,0,0,12,0,4,0,0,0,0,0,11,0,0,33,21,0,44,2,0,195,0,0,7,0,0,5,0,0,0,0,0,0,0,1,0,0,0,10,5,0,0,0,0,0,0,0,12,0,0,15,0,0,0,0,0,0,0,8,0,0,0,0,0,0,0,0,0,0,0,0,0,0,0,0,0,14,0,0,0,3,0,0,0,0,0,0,0,0,364,0,0,8,0,0,0,13,0,0,9,0,27,0,0,7,0,22,372,0,28,0,0,0,0,0,0,0,0,0,2,0,0,22,9,0,0,0,0,0,0,0,0,0,0,0,132,0,0,0,105,508,39,0,0,0,52,0,0,14,0,0,0,0,0,0,134,4,0,0,0,24,0,13,0,32,0,6,0,0,0,0,2,0,0,2217,0,14,0,0,0,0,0,0,0,11,0,0,0,0,0,22,0,31,0,0,0,0,0,2,0,0,0,0,0,0,0,0,0,0,0,0,0,0,26,2,0,0,0,0,0,0,0,0,3,0,25,0,0,8,0,0,0,0,12,1,7,0,0,0,0,3,0,0,15,822,0,0,0,0,0,0,0,0,14,0,0,40,0,0,0,0,0,0,0,0,0,0,0,15,0,0,0,447,0,1,8,13,0,0,0,0,19,0,0,0,0,0,188,0,0,0,0,0,0,4,0,0,0,46,0,0,7,0,0,95,0,0,0,0,0,40,0,0,0,0,0,0,0,0,0,0,0,3,6,0,0,9,0,0,0,1,8,0,0,0,6,0,0,0,0,0,0,0,0,0,117,0,0,170,0,28,0,0,58,10,3,0,0,0,0,0,20,0,16,0,0,0,0,0,0,0,0,0,0,18,0,0,0,0,4,0,0,0,0,0,0,0,1,0,27,0,0,0,0,0,0,67,18,0,0,39,0,0,0,0,0,0,0,0,0,0,0,0,0,0,0,0,4,0
"D156",0,0,0,0,0,0,0,0,0,0,0,0,0,0,0,0,0,0,0,0,0,0,0,0,0,0,0,0,0,0,0,0,0,0,0,0,0,0,0,0,0,0,0,0,0,0,0,0,0,0,0,0,0,0,0,0,0,0,0,0,0,0,0,0,0,0,0,0,0,0,0,0,0,0,0,0,0,0,0,0,0,0,0,0,0,0,0,0,0,0,0,0,0,0,0,0,0,25,0,0,0,0,0,0,0,0,0,0,0,0,0,0,0,0,0,0,0,0,0,0,0,0,0,0,0,0,0,0,0,0,0,0,0,0,0,0,0,0,0,0,0,0,0,0,0,0,0,0,0,0,0,0,0,0,0,0,0,0,0,0,0,0,0,0,0,0,0,0,0,0,0,0,0,0,0,1,0,0,0,0,0,0,0,0,0,0,0,0,0,0,0,0,0,0,0,0,0,0,0,0,0,0,0,0,82,0,0,0,0,0,0,0,0,0,0,0,0,0,0,0,0,0,0,0,0,0,0,0,0,0,0,0,0,0,0,0,0,0,0,0,0,0,0,0,0,0,0,0,0,0,0,0,0,0,0,0,0,0,0,0,0,0,0,0,0,0,0,0,0,0,0,0,0,0,0,0,0,0,0,0,0,0,0,0,0,0,0,0,0,9,0,0,0,0,0,0,0,0,0,0,0,0,0,0,0,0,0,0,0,0,0,0,0,0,0,0,0,0,0,0,0,0,0,0,0,0,0,0,0,0,0,0,0,0,0,0,0,0,0,0,0,0,0,0,0,0,0,0,0,0,0,0,0,0,0,0,0,0,0,0,0,0,0,0,0,0,0,0,0,0,0,0,0,0,0,0,0,0,0,0,0,0,0,0,0,0,0,0,0,0,0,0,0,0,0,0,0,0,0,0,0,0,0,0,0,0,0,0,0,0,0,0,0,0,0,0,0,0,0,0,0,0,0,0,0,0,0,0,0,0,0,0,0,0,0,0,0,0,0,0,0,0,0,0,0,0,0,0,0,577,0,0,0,0,0,0,0,0,0,0,0,0,0,0,0,0,0,0,0,0,0,0,0,0,0,0,0,0,0,0,0,0,0,0,0,0,0,0,0,0,0,0,0,0,0,0,0,8994,0,0,0,0,0,0,0,0,0,0,0,0,0,59,0,0,0,0,0,0,0,0,0,0,0,0,0,0,0,0,0,0,0,0,0,0
"D157",2,26,30,0,0,7,0,0,4,197,0,21,0,23,122,61,0,93,0,65,526,46,52,0,0,1721,0,21,57,462,10,0,0,63,0,0,36,0,914,0,1061,15,113,0,70,13,0,0,53,0,1,0,14,2,0,2,283,610,0,172,0,0,708,4,0,1,0,0,0,9,136,0,10,0,0,2,263,5,0,0,0,24,2,0,3,9,5,23,0,0,0,36,8,0,0,0,0,0,0,1258,6,1,0,0,62,41,0,0,0,0,0,92,166,5,0,0,15,17,0,0,3,12,107,0,0,17,0,0,0,7,113,21,0,101,4,0,31,0,49,43,0,19,0,0,0,185,4,454,94,0,40,27,0,12,0,7,0,52,37,538,0,3,2,5,14,4,23,0,0,7,0,0,0,0,30,23,0,23,67,15,32,0,27,0,31,7,11,11,74,2,7,0,29,62,1,0,0,0,11,18,65,0,32,0,0,1,17091,12,0,374,28,3,2,0,0,0,0,36,9,9,397,51,0,0,2,1,4,56,0,16,10,0,0,165,0,0,44,0,91,182,3,125,162,0,16,9,32,0,44,189,0,77,260,29,1117,0,0,92,5,0,0,0,13,0,1,458,578,0,2,98,0,63,152,136,182,58,9,0,0,40,58,5,0,94,0,45,23,12,0,0,61,0,64,16,4,0,0,272,56,253,627,422,0,6,0,0,608,0,175,7,0,49,0,258,49,0,0,2,0,0,0,0,167,0,0,0,57,0,23,5,2,0,344,0,301,95,439,0,0,0,0,575,13,0,0,27,0,0,22,0,15,0,0,0,0,0,2,0,0,21,0,0,0,130,1,12,0,0,0,16,0,0,14,0,0,0,43,528,0,41,0,0,127,46,0,1071,0,0,0,0,93,1,203,0,585,63,2,0,172,2,0,0,3,0,0,0,9,55,90,1,846,0,71,26,0,6,98,109,0,0,33,35,0,0,0,0,0,116,0,67,92,0,11,0,40,356,0,2,1,22,0,767,0,0,0,0,2186,2322,31,0,1,123,27,103,292,91,0,16,25,249,46,0,577,0,0,101,115,0,296,19,774,9,11,215,0,10,42,9,1,0,82,35,0,11,273,0,17,5,0,38,0,0,196,159,0,158,0,0,70,11,20,17,172,0,5,16,11,118,279,5,0,157,6,4,0,0,0,107,6,0,48,0,0,0,0,11,134,1051,45,5,0,0,2,0
"D158",0,0,0,689,0,0,8,0,0,0,0,0,0,0,0,0,0,0,0,0,0,0,0,66,0,6,20,0,2,0,0,33,0,0,0,2,0,0,0,0,0,0,0,0,0,0,0,0,13,0,10,0,0,0,8,1,0,0,0,0,27,0,0,2,8,0,0,0,162,0,2,0,0,0,0,0,0,0,0,0,0,0,0,0,0,0,0,0,0,0,0,0,0,0,0,0,214,2,0,0,0,0,3887,405,0,0,3,502,25,0,0,0,0,0,0,0,0,0,0,46,0,0,0,260,0,0,0,30,0,0,0,0,2,0,0,0,0,0,4,0,0,0,0,150,0,0,0,0,0,0,0,0,80,0,17,0,1625,0,0,0,0,0,12,0,0,0,0,22,0,0,0,1074,0,12,0,0,0,0,0,0,0,0,0,25,0,0,0,0,0,0,0,0,0,0,0,0,0,346,0,0,0,0,0,0,16,0,0,0,0,0,0,0,0,0,0,0,0,0,0,0,0,0,7,11,0,0,0,0,0,0,0,2,0,0,4187,23,0,44,0,0,0,0,0,0,0,0,0,2,0,0,0,0,0,0,0,0,2,0,0,7,7,0,0,0,0,0,0,0,0,0,0,0,0,0,0,0,0,0,0,0,0,0,0,0,29,7,0,0,304,6,0,0,0,0,0,0,0,0,29,0,0,0,0,0,0,24,0,3,0,0,27,0,0,0,0,19,102,2,0,0,4,0,0,0,0,0,0,0,0,11,0,0,0,0,0,0,0,356,0,0,0,0,0,0,0,0,0,79,0,0,0,0,0,0,0,0,0,0,0,0,0,116,41,0,0,0,108,0,0,0,6,0,0,12,0,0,0,0,0,0,0,0,0,0,0,0,0,4,11,0,0,0,0,0,0,0,0,0,0,0,0,0,4,143,0,0,0,0,0,3,0,325,0,2,0,0,0,0,0,0,0,0,0,0,0,194,495,0,0,0,0,0,0,4,0,0,0,0,0,0,0,0,30,0,0,0,0,0,0,0,0,0,0,0,0,0,0,0,0,0,0,0,1,0,362,30,0,0,0,0,0,0,0,0,346,0,0,0,2,0,0,0,0,0,0,0,0,0,0,0,0,0,0,0,0,0,39,0,0,0,0,0,0,2,5,0,0,0,0,0,0,0,0,0,0,0,0,0,0,0,0,8,0,0,0,0,0,0,0,0,0,0,0,4
"D159",0,0,0,0,0,0,0,0,0,0,0,0,0,0,0,0,0,0,0,0,0,0,0,33,0,0,22,0,0,0,0,0,0,0,0,0,0,0,0,0,0,0,0,0,0,0,0,0,0,0,0,0,0,0,0,0,0,0,0,0,0,0,0,0,0,0,0,0,51,0,0,0,0,0,0,0,0,0,0,0,0,0,0,0,0,0,0,0,0,0,0,0,0,0,0,0,3288,0,0,0,0,0,0,0,0,0,0,4875,0,0,0,0,0,0,0,0,0,0,0,13,0,0,0,0,0,0,0,0,0,0,0,0,0,0,0,0,0,0,0,0,0,0,0,0,0,0,0,0,0,0,0,0,55,0,0,0,0,0,0,0,0,0,0,0,0,0,0,0,0,0,0,0,0,0,0,0,0,0,0,0,0,0,0,61,0,0,0,0,0,0,0,0,0,0,0,0,0,308,0,0,0,0,0,0,0,0,0,0,0,0,0,0,0,0,0,0,0,0,0,0,0,0,0,0,0,0,0,0,0,0,0,0,0,0,11919,7,0,0,0,0,0,0,0,0,0,0,0,0,0,0,0,0,0,0,0,0,0,0,0,0,0,0,0,0,0,0,0,0,0,0,0,0,0,0,0,0,0,0,0,0,0,0,0,0,0,0,0,0,0,0,0,0,0,0,0,0,0,0,0,0,0,0,0,0,0,0,0,0,0,0,0,0,0,0,0,0,15,0,0,0,0,0,0,0,0,0,0,0,0,2,0,0,0,0,0,0,0,0,0,0,0,0,0,0,0,0,0,104,0,0,0,0,0,0,0,0,0,0,0,0,0,0,456,0,0,0,28,0,0,0,6,0,0,6,0,0,0,0,0,0,0,0,0,0,0,0,0,0,0,0,0,0,0,0,0,0,0,0,0,0,0,0,0,3,0,0,0,0,0,0,0,1050,0,0,0,0,0,0,0,0,0,0,0,0,0,0,5,0,0,0,0,0,0,0,0,0,0,0,0,0,0,0,0,0,0,0,0,0,0,0,0,0,0,0,0,0,0,0,0,0,0,0,0,0,0,0,0,0,0,0,0,0,0,0,48,0,0,0,0,0,0,0,0,0,0,0,0,0,0,0,0,0,0,0,0,0,0,0,0,0,0,0,0,0,0,0,0,0,0,0,0,0,0,0,0,0,0,0,0,0,0,40,0,0,0,0,0,0,0,0,0,0,0,0
"D160",0,0,0,0,0,0,0,0,0,0,0,0,0,0,0,0,0,0,0,0,0,0,0,0,0,0,0,0,0,0,0,233,0,0,0,0,0,0,0,0,0,0,0,0,0,0,0,0,7894,0,0,0,0,0,0,72,0,0,23705,0,0,0,0,0,0,0,0,0,0,0,0,0,0,0,0,148,0,0,0,0,0,0,0,0,0,0,0,0,0,0,0,0,0,0,0,0,0,6,0,0,0,0,0,0,0,0,4,0,0,0,0,0,0,0,0,0,0,0,0,0,0,0,0,0,0,0,0,0,0,0,0,0,0,0,0,1875,0,0,0,0,0,0,0,0,0,0,0,0,0,0,0,0,0,0,0,0,0,0,0,0,0,0,0,0,0,6,0,0,0,0,0,0,0,2,0,0,0,0,0,0,0,0,0,0,0,0,0,0,0,0,0,0,0,0,0,0,0,0,0,0,0,0,0,0,11,0,0,0,0,0,0,0,0,0,0,0,0,0,0,0,0,0,0,0,0,0,0,0,0,0,0,0,270,0,0,0,0,0,0,0,0,0,0,0,0,0,0,15917,0,0,0,0,0,0,0,0,0,0,0,0,0,0,0,0,0,0,0,0,0,0,0,0,0,0,0,0,0,0,0,0,0,0,0,0,0,0,0,0,0,0,0,0,0,0,757,0,0,0,40692,0,0,0,0,0,0,6,0,0,0,34,0,0,0,0,0,0,0,0,0,0,1,0,0,0,0,0,0,0,0,0,0,0,0,0,0,0,0,0,0,0,0,0,0,0,0,0,0,0,0,0,0,0,0,0,0,0,0,0,0,0,0,0,0,0,0,0,0,0,0,0,0,0,0,0,0,0,0,0,0,0,0,0,0,0,0,0,0,0,53,0,0,0,0,0,0,0,0,0,0,0,0,10208,0,0,0,0,0,0,0,4,0,0,0,0,0,0,0,0,9,0,0,0,0,0,0,0,0,0,0,0,0,0,0,0,0,0,0,0,0,0,0,0,0,0,0,0,0,0,0,0,0,0,0,0,0,0,0,0,0,0,0,0,0,0,0,0,0,0,0,0,0,0,0,0,0,0,0,0,0,0,0,0,0,0,0,0,0,0,0,0,0,0,0,0,0,0,0,0,0,0,0,0,0,0,0,0,0,0,0,0,0,261,0,0,0,0,0,0,0,0,0,0,0,0,0,0,0,0,0,0,0,0,0,0
"D161",0,0,0,0,0,0,0,0,0,0,0,0,0,0,0,0,0,0,0,0,0,0,0,0,0,0,26,0,0,0,0,0,0,0,0,0,0,0,0,0,0,0,0,0,0,0,0,0,0,0,0,0,0,0,0,0,0,0,0,0,0,0,0,0,0,0,0,0,0,0,0,0,0,0,0,0,0,0,0,0,0,0,0,0,0,0,0,0,0,0,0,0,0,0,0,0,0,0,0,0,0,0,0,0,0,0,0,0,0,0,0,0,0,0,0,0,0,0,0,0,0,0,0,0,0,0,0,0,0,0,0,0,0,0,0,683,0,0,0,0,0,0,0,0,0,0,0,0,0,0,0,0,0,0,0,0,0,0,0,0,0,0,0,0,0,0,0,0,0,0,0,0,0,0,0,0,0,0,0,0,0,0,0,0,0,0,0,0,0,0,0,0,0,0,0,0,0,0,0,0,0,0,0,0,0,0,0,0,0,0,0,0,0,0,0,0,16,0,0,0,0,0,4,0,0,0,0,0,0,0,0,0,0,0,0,0,0,2,0,0,0,0,0,9147,0,0,0,0,0,0,0,0,0,0,2,0,0,0,0,0,0,0,0,0,0,0,0,0,0,0,0,0,0,0,0,0,0,0,0,0,0,0,0,0,0,0,0,0,0,0,0,0,0,0,0,0,0,0,0,0,0,0,0,0,0,0,0,0,0,0,0,0,0,0,0,0,0,0,0,0,0,0,0,0,0,0,0,0,0,0,0,0,0,0,0,0,0,0,0,0,0,0,0,0,0,0,0,0,0,0,0,0,0,0,0,0,0,0,0,0,0,0,0,0,0,0,0,0,0,0,0,0,0,0,0,0,0,0,0,0,0,0,0,0,0,0,0,0,0,0,0,0,0,0,0,0,0,0,0,0,0,0,1491,0,0,0,0,0,0,0,0,0,0,0,0,0,0,0,0,0,0,0,0,0,0,0,0,0,0,0,0,0,0,0,0,0,0,0,0,0,0,0,0,0,0,0,0,0,0,0,0,0,0,0,0,0,0,0,0,0,3,0,0,48372,0,0,0,0,0,0,0,0,0,0,0,0,0,0,0,0,0,0,0,0,0,0,0,0,0,0,0,0,0,0,0,0,0,0,0,0,0,0,0,0,0,0,0,0,0,0,0,0,0,0,0,0,0,0,0,0,0,0,0,0,0,0,0,0,0,0,0,0,0,0
"D162",0,0,0,0,0,0,0,0,0,0,0,0,0,0,0,0,0,0,0,0,0,0,0,0,0,0,0,0,0,0,0,0,0,0,2,0,0,0,0,0,0,0,0,0,0,0,0,0,0,0,0,0,0,0,0,0,0,0,0,0,0,0,0,0,0,0,0,0,0,0,0,0,0,0,0,0,0,0,0,0,0,0,0,0,0,0,0,0,0,0,0,0,0,0,0,0,0,12,0,0,0,0,0,0,0,0,0,0,0,0,0,0,0,0,0,0,0,0,0,0,0,0,0,0,0,0,0,0,0,0,0,0,0,0,0,0,0,0,0,0,0,0,0,0,0,0,0,0,0,0,0,0,0,0,0,0,0,0,0,0,0,0,0,0,0,0,0,0,0,0,0,0,0,0,0,0,0,0,0,0,0,0,0,0,0,0,0,0,0,0,0,0,0,0,0,0,0,0,0,0,0,0,0,0,226,0,0,0,0,0,0,0,0,0,0,0,5,0,0,0,0,0,0,0,0,0,0,0,0,0,0,0,0,0,0,0,0,0,0,0,0,0,0,0,0,0,0,0,0,0,0,0,0,0,0,0,0,0,0,0,0,0,0,0,0,0,0,0,0,0,0,0,0,0,0,0,0,0,0,0,0,0,0,0,0,0,0,0,0,83,0,0,0,0,0,0,0,0,0,0,0,0,0,0,0,0,0,0,0,0,0,0,0,0,0,0,0,0,0,0,0,0,0,43,0,0,0,0,0,0,0,0,0,0,0,0,0,0,0,0,0,0,0,0,0,0,0,0,0,0,0,0,0,0,0,0,0,0,0,0,0,0,0,0,0,0,0,0,0,0,0,0,0,0,0,0,0,0,0,0,0,0,0,0,0,0,0,0,0,0,0,0,0,0,0,0,0,0,0,0,0,0,2,0,0,0,0,0,0,0,0,0,0,0,0,0,0,0,0,0,0,0,0,0,0,0,0,0,0,0,0,0,0,5,0,0,0,0,0,0,0,0,0,0,0,0,0,0,0,90,0,0,0,0,0,0,0,0,0,0,0,0,10,2,0,0,0,0,0,0,0,0,0,0,0,0,0,0,0,0,0,0,0,0,0,0,0,0,0,0,0,0,0,0,0,0,0,4170,0,0,0,0,0,0,0,0,0,0,0,0,0,0,0,0,0,0,0,0,0,0,0,0,0,0,0,0,0,0,0,0,0,0,0,0
"D163",0,0,0,0,0,0,0,19,0,0,0,0,0,0,0,0,0,0,0,0,0,0,0,0,0,0,0,0,0,47,0,0,0,0,0,0,0,0,0,0,0,14,0,0,0,0,0,0,0,0,0,0,0,0,0,0,0,0,0,65,0,0,0,0,0,0,0,0,0,0,0,0,0,167,0,0,0,0,2729,0,0,0,0,22,0,0,0,0,142,0,0,0,0,0,676,14,0,0,0,0,0,0,0,0,0,0,0,0,0,0,0,0,0,0,835,0,0,0,2,0,0,0,0,0,642,0,0,0,0,0,0,0,0,8,0,0,0,0,0,0,0,0,0,0,2,0,0,0,0,0,0,0,0,0,0,0,0,0,0,0,259,0,0,0,0,0,0,0,2,0,0,0,1695,0,0,0,0,0,0,16,0,40,0,0,0,0,0,0,0,0,0,0,0,0,0,0,0,0,0,0,0,0,0,19,0,0,0,0,45,0,0,0,0,84,0,6,0,0,0,0,0,0,0,0,0,0,0,0,4,0,0,40,0,0,0,0,0,0,0,0,0,0,0,0,0,0,0,0,17,0,0,0,0,0,0,0,0,0,0,0,0,0,0,0,0,0,0,35,0,0,0,0,0,0,0,0,0,0,0,0,0,0,0,0,0,0,0,0,0,0,0,0,0,0,0,0,0,0,0,0,0,0,670,0,4,0,0,0,0,2,0,0,12,0,0,0,0,0,0,0,0,0,0,0,0,0,0,668,0,0,0,0,0,0,0,0,0,0,0,0,0,0,0,0,0,0,0,0,0,0,0,2042,0,97,0,197,0,0,0,0,1081,0,0,0,0,0,0,0,0,0,0,0,0,0,0,10,0,0,0,0,0,367,0,0,7,0,0,0,0,0,0,0,0,1849,0,0,0,18,0,0,0,0,0,0,13,0,0,0,0,0,0,0,0,0,0,0,0,0,0,0,0,0,1448,888,25,0,0,0,0,0,0,0,0,0,0,0,0,0,0,0,0,0,0,130,0,0,0,0,0,0,0,0,0,0,0,0,242,0,0,0,0,0,0,0,0,0,0,0,11,0,0,0,5,0,0,0,0,0,0,53,0,0,0,0,0,4376,0,0,0,0,0,44,0,0,0,0,0,0,0,0,0,0,0,1,0,0,0,0,0,0,0,0,0,0,0,0,0,0,0,34,0,0,3984,5,4,0,0,0,0,0,0,0,0,0
"D164",0,2,0,0,0,0,0,55,0,0,0,0,0,0,0,0,5,0,0,0,1,0,0,0,0,0,0,0,0,0,0,0,0,6,22,0,0,11,0,0,0,102,0,0,0,2,0,2380,1247,1,1,7,11,0,0,0,2,8,0,0,0,0,0,0,0,7,0,0,0,17,0,58,0,0,0,18,33,0,0,0,2,0,0,2,0,0,3,0,0,1,0,0,0,4,0,0,0,0,0,0,3,2,0,0,2,0,0,0,0,0,0,3,0,0,0,0,0,0,0,0,0,0,15,0,0,0,0,0,0,0,0,0,0,0,0,0,0,0,0,0,0,8,3,0,0,6,0,2,0,0,0,0,0,0,665,3,0,0,0,0,0,2,8,0,0,0,0,461,0,0,0,0,0,0,2,0,0,0,5,5,0,0,12,0,0,0,39,7,0,0,0,0,3,0,50,0,0,0,0,0,0,0,0,0,2,0,0,0,6,0,0,5,3,0,12,0,0,0,5,0,0,0,0,0,0,1,4,0,0,0,0,17,0,7,0,0,0,0,0,0,0,0,0,0,0,0,0,0,22,0,0,39,0,0,8,0,0,0,3,0,0,0,0,0,4,0,0,0,0,3,0,3258,0,0,0,10,0,0,0,0,7,0,0,0,0,6,0,0,0,0,0,0,0,3,0,0,25,28,2945,0,0,0,0,0,0,2,0,0,0,36,0,0,0,4,9,0,0,0,0,0,0,0,127,0,23,0,0,17,0,0,0,0,66,0,0,1,0,0,0,0,0,1,0,42,0,0,71,0,0,0,0,0,0,0,0,0,0,24,0,0,1,0,0,0,0,0,0,0,0,12,0,0,0,0,0,0,0,0,0,0,0,0,0,0,0,0,0,0,0,0,0,0,0,0,2,11,0,108,0,0,0,0,0,0,0,7,0,0,0,0,0,0,0,0,0,2,0,0,0,0,0,0,0,0,2,0,0,0,0,3,0,0,0,0,0,3,0,0,0,0,0,0,0,0,0,3,75,0,3,0,0,3,2,4,6,0,0,23,5,0,0,0,0,0,0,0,0,34,13,0,0,0,0,0,0,0,0,0,0,0,0,0,0,0,0,0,4,2,1,0,0,0,0,0,0,0,0,0,10,0,13,0,38,0,0,3,0,0,0,0,0,295,0,0,0,0,0,5,14,10,0,0,0,0,0,0,0,113,0,0,0,0,0,0
"D165",0,0,0,0,0,0,0,0,0,0,0,0,0,0,0,0,0,0,0,0,0,0,0,0,0,0,0,0,0,0,0,0,0,0,0,0,0,0,0,0,0,0,0,28,0,0,37,0,0,0,0,0,0,0,0,0,0,0,0,0,0,0,0,0,0,0,0,0,0,0,0,0,0,0,0,0,0,0,0,0,0,0,0,0,0,0,0,0,0,0,0,0,0,0,0,0,0,0,0,0,0,0,0,0,0,0,0,0,0,0,0,0,0,0,0,0,0,0,0,0,0,0,0,0,0,0,0,0,0,0,0,0,0,0,0,0,0,0,0,0,0,0,0,0,0,0,0,0,0,0,0,0,0,0,0,0,24,0,0,0,0,0,72,0,0,0,0,0,0,0,0,0,0,0,0,0,0,0,0,0,0,0,0,0,0,0,0,0,0,0,0,0,0,0,0,0,0,0,0,0,0,0,0,0,0,0,0,0,0,0,0,0,0,0,0,0,0,0,0,0,0,0,49,0,0,19,0,0,0,0,0,0,0,0,36,0,0,0,0,0,0,0,0,0,0,0,0,1265,0,0,0,0,0,0,0,0,0,0,0,0,0,0,0,0,0,0,0,0,0,0,0,1160,0,0,0,72,0,0,0,0,0,0,0,0,0,0,0,0,0,0,0,0,0,0,0,0,0,0,0,0,0,0,0,0,0,0,0,0,0,0,0,0,0,0,0,0,0,0,0,0,0,0,0,0,0,0,0,0,0,0,0,0,0,0,0,0,0,0,0,0,0,0,0,0,0,0,0,0,0,0,0,0,0,0,0,0,0,0,0,0,0,0,0,0,0,0,0,0,0,0,0,0,0,0,0,0,0,0,0,0,0,0,0,0,0,0,0,0,0,0,0,0,0,0,0,0,0,0,0,0,0,0,976,0,0,0,0,0,0,0,0,0,0,0,0,0,0,0,0,0,0,0,0,0,0,0,17,0,0,0,0,0,0,0,0,0,0,0,0,0,0,0,0,0,0,0,0,0,0,0,0,0,0,0,0,0,0,0,0,0,0,0,0,0,0,2674,0,0,0,0,0,0,0,0,0,0,0,0,0,0,0,0,0,0,0,0,0,0,0,0,0,0,0,0,0,0,0,0,0,0,0,0,0,0,0,0,0,0,0,0,0,0,0,0,0,0,0,0,0,0,0,0,0,0,0,0,0,0,0,0,0,0,0,0
"D166",0,0,0,0,0,0,0,0,0,0,0,0,0,0,0,0,0,0,0,0,0,0,0,0,7,0,0,0,0,0,0,0,0,0,0,0,0,0,0,0,0,0,0,6,0,0,0,0,0,0,0,0,0,0,0,0,0,0,11,0,0,0,0,0,10,0,0,0,0,0,0,0,0,0,0,0,0,0,0,0,0,0,0,0,0,0,0,0,0,0,0,0,0,0,0,0,0,0,0,0,0,0,0,0,0,0,0,0,0,0,0,0,0,0,0,0,0,0,0,0,0,0,0,0,0,0,0,0,0,0,0,0,0,0,0,0,0,0,0,0,0,0,0,0,0,0,0,0,0,0,0,0,0,0,0,0,0,0,0,0,0,0,4,0,0,0,0,0,0,0,0,0,0,0,0,0,0,0,0,0,0,0,0,0,0,0,0,0,0,4,0,0,0,0,0,0,0,0,0,0,0,0,0,0,4,0,0,0,0,0,0,0,0,0,0,0,0,0,0,0,0,0,0,0,0,0,0,0,0,0,0,0,81,0,0,0,0,0,0,0,0,0,0,0,0,0,0,0,0,0,0,0,0,0,0,0,0,0,0,0,0,0,0,0,0,0,0,0,0,0,0,0,0,0,0,0,0,0,0,0,0,0,0,0,0,0,0,0,0,0,0,0,2,0,98,0,0,0,0,0,0,0,0,0,0,6,0,0,0,0,558,0,0,0,0,0,0,0,0,0,0,0,0,0,0,0,0,0,0,0,0,0,0,0,0,0,0,0,0,0,0,0,0,0,0,0,0,0,0,0,0,0,0,0,0,0,0,0,0,0,0,0,0,0,0,0,0,0,0,0,0,0,0,0,0,0,0,0,0,0,0,0,0,0,0,0,0,0,0,0,0,0,0,0,0,0,0,0,0,0,0,0,0,2,0,0,0,0,0,0,0,0,0,2,0,0,0,0,39,0,0,0,0,0,0,0,0,0,0,0,0,0,0,0,0,0,16,0,0,0,0,2,0,0,0,0,0,0,0,187,0,0,0,0,0,0,0,0,0,0,0,0,0,4,0,0,0,0,0,0,0,0,0,0,0,0,0,0,0,0,0,0,0,0,0,0,0,0,0,0,0,42,0,0,0,0,0,4248,0,0,0,0,0,0,0,0,0,0,0,0,0,1017,0,0,0,0,0,0,0,0,0,0,0,0,0,0,0,0,0,0,0,0,0,0
"D167",0,0,0,0,0,0,0,0,0,0,0,0,0,0,0,0,0,0,0,0,0,0,0,0,0,0,0,0,0,0,0,0,0,0,0,0,0,0,0,16,0,0,0,0,0,0,0,0,0,0,0,0,0,0,0,0,0,0,0,0,0,0,0,0,0,0,0,0,0,0,0,0,0,0,0,0,0,0,0,0,0,0,0,0,0,0,0,0,0,0,0,0,0,0,0,0,0,8,0,0,0,0,2,0,0,0,0,13,0,0,0,0,0,0,0,0,0,0,0,0,0,0,0,0,0,0,0,0,0,0,0,0,0,0,0,2,0,0,0,0,0,0,0,0,0,0,0,0,0,0,0,0,0,0,0,0,0,0,0,0,0,0,0,0,0,0,0,0,0,0,0,0,0,0,0,0,0,0,0,0,0,0,0,0,0,0,0,0,0,0,0,0,0,0,0,0,94,0,0,0,0,0,0,0,33,0,0,0,0,0,0,0,0,0,0,0,0,0,0,0,0,0,0,147,0,0,0,0,0,0,0,0,0,0,0,0,0,0,0,0,0,0,0,29,0,0,0,0,0,0,0,0,0,0,0,0,0,0,0,0,2,0,0,0,0,0,0,0,0,0,0,0,0,0,0,0,0,0,0,0,0,0,0,0,0,0,0,0,0,0,0,0,0,0,0,0,0,0,0,0,0,0,0,0,0,2,0,0,0,0,0,0,0,0,0,437,0,0,0,0,0,0,0,0,0,0,0,0,0,0,0,0,0,0,0,0,0,10,0,0,0,0,0,0,0,0,0,0,0,0,0,0,0,0,0,0,0,0,0,0,0,0,0,0,0,0,0,0,0,0,0,0,0,0,0,0,0,0,0,0,0,0,0,0,0,0,0,699,0,0,0,0,0,0,0,0,0,0,0,0,0,0,13,0,0,0,0,0,0,0,0,0,0,0,0,0,0,0,0,0,0,0,0,0,0,0,0,0,0,0,0,0,0,432,0,0,0,0,0,0,0,0,0,0,0,0,0,0,0,174,0,0,0,0,0,0,0,0,0,0,0,0,0,39,0,0,0,0,0,0,0,0,0,0,0,0,0,0,0,0,0,0,0,0,0,0,0,0,0,0,0,0,0,0,0,0,0,0,0,0,0,0,0,0,0,0,0,0,0,0,0,0,0,0,0,0,0,0,0,0,0,0,0,0,0,0,0,0,0,0,0,0,0,0
"D168",0,0,0,0,4,0,0,0,0,0,0,0,0,0,0,0,0,0,0,0,0,0,0,0,0,0,0,0,0,0,0,0,0,0,0,0,0,0,0,0,0,0,0,0,0,0,0,0,0,0,0,0,0,0,0,5,0,0,0,0,0,0,0,0,0,0,0,0,0,0,0,0,0,0,0,0,0,0,0,8,0,0,0,0,0,0,0,0,0,0,0,0,0,0,0,0,0,0,0,0,0,0,0,0,0,0,0,0,0,0,0,0,0,0,0,0,0,0,0,0,0,0,0,0,0,0,0,0,0,0,0,0,0,0,0,0,0,0,0,0,0,0,0,0,0,0,0,0,0,0,0,0,0,0,0,0,0,0,0,0,0,0,0,0,0,0,0,0,0,0,0,0,0,0,0,0,0,0,0,0,0,0,0,0,0,0,0,0,0,4,0,0,0,0,0,0,0,0,0,0,0,0,0,0,0,0,0,0,0,0,0,0,0,2,0,0,0,0,0,0,0,0,0,0,0,0,0,0,0,0,0,0,0,0,0,0,0,0,0,0,0,0,2,0,0,0,0,0,0,0,0,0,0,0,0,0,0,0,0,0,0,0,0,0,0,0,0,0,0,0,0,0,0,0,0,0,0,0,0,0,0,0,0,0,0,0,0,0,0,0,0,0,0,0,0,1256,0,0,192,0,0,0,0,0,0,0,0,0,0,0,0,0,0,0,0,0,0,0,0,0,0,0,0,0,0,0,0,0,0,0,0,0,0,0,0,0,0,0,0,0,0,0,0,0,0,0,0,0,0,0,0,0,0,0,0,0,0,0,0,0,0,0,0,0,0,0,0,0,0,0,0,0,0,0,0,0,0,0,0,0,0,0,0,0,0,0,0,0,0,0,0,0,0,0,0,0,0,0,0,0,0,0,72,0,0,0,0,0,0,0,0,0,0,0,0,0,0,0,0,16,0,0,0,0,0,0,0,0,0,0,0,0,0,0,0,0,659,0,0,0,0,0,0,0,0,0,0,0,0,0,0,0,0,0,0,0,0,0,0,0,0,0,0,0,0,5,0,0,0,0,0,0,0,0,0,0,0,0,0,0,0,0,0,0,0,0,0,0,0,0,0,0,0,0,0,0,0,0,0,0,0,0,0,0,0,0,0,0,0,0,0,0,0,0,0,0,0,0,0,0,0,0,0,0,0,0,0,0,0,0,0,0,0,0
"D169",6,45,0,0,1,12,0,4,0,144,0,10,7,17,3,41,51,23,0,9,64,23,1,0,0,0,0,7,1,134,19,0,91,2,35,0,83,153,297,0,114,50,27,0,66,0,0,18,538,0,1,0,13,12,0,0,6,4,0,38,0,0,128,10,0,0,0,0,0,10,72,0,36,0,0,0,0,53,0,0,3,69,12,0,4,1,6,0,0,0,21,102,92,92,0,18,0,0,16,468,23,1,0,0,3,30,0,0,0,6,51,0,5,18,23,0,1,10,0,0,2,7,39,0,0,54,0,0,61,7,3,15,9,12,0,0,0,0,32,21,1,6,0,0,14,0,25,27,9,70,5,14,0,0,34,15,0,31,35,30,0,51,13,3,21,0,2,187,56,0,0,0,0,0,48,0,24,8,0,10,6,0,61,0,26,0,69,0,13,0,40,0,3,56,0,22,0,0,28,0,20,27,41,0,5,153,146,0,0,203,0,0,0,0,13,1,0,4,0,6,22,34,0,0,58,0,0,195,0,18,0,0,0,21,0,0,8,0,11,26,3,182,0,0,5,22,34,0,1,9,0,16,113,2,366,0,0,19,4,0,0,0,0,158,4,161,177,2,6,34,3,43,55,43,355,21,5,0,14,0,58,0,20,0,0,95,29,63,0,4,1,0,16,5,0,0,372,0,42,152,0,53,2,11,2,0,38,2,159,0,0,6,0,30,30,0,0,8,0,15,0,11,1,0,0,15,46,0,5,42,3,0,109,32,128,53,13,0,0,12,0,72,10,28,5,77,0,0,6,0,0,0,3,1,0,0,0,0,39,91,0,0,0,0,7,28,0,0,15,21,0,0,16,0,0,0,47,44,0,0,0,0,43,0,0,48,2,0,0,0,39,32,61,0,31,34,2,0,10,0,0,0,2,0,7,0,0,26,93,1,10,0,1,24,0,5,10,240,0,4,63,10,0,0,0,0,0,5,0,17,45,0,28,0,433,0,0,3,0,21,0,65,0,0,0,12,373,54,0,0,3,37,1,2,223,3,0,12,17,7,1,0,390,0,0,6,30,219,26,20,14,11,5,147,0,0,8,158,0,0,35,21,0,21,110,0,4,4,2,42,0,0,0,21,0,134,0,0,63,19,0,0,149,0,13,10,23,17,16,6,32,60,25,0,0,52,81,0,1,28,8,0,0,0,0,66,0,34,92,0,0,0,15,0
"D170",0,0,0,0,0,0,0,0,0,0,0,0,0,0,0,0,0,0,0,0,0,0,0,0,0,0,0,0,0,0,0,0,0,0,0,0,0,0,0,0,0,0,0,0,0,0,0,0,0,0,0,0,0,0,0,0,0,0,0,0,0,0,0,0,0,0,0,0,0,0,0,0,0,0,0,0,0,0,0,0,0,0,0,0,0,0,0,0,0,0,0,0,0,0,0,0,0,0,0,0,0,0,0,0,0,0,0,0,0,0,0,0,0,0,0,0,0,0,0,0,0,0,0,0,0,0,0,0,0,0,0,0,0,0,0,0,0,0,0,0,0,0,0,0,0,0,0,0,0,0,0,0,0,0,0,0,0,0,0,0,0,0,0,0,0,0,0,0,0,0,0,0,0,0,0,9985,0,0,0,0,0,0,0,0,0,0,0,0,0,0,0,0,0,0,0,0,0,0,0,0,0,0,0,0,0,0,0,0,0,0,0,0,0,0,0,0,0,0,0,0,0,0,0,0,0,0,0,0,0,0,0,0,0,0,0,0,0,0,0,0,0,0,0,0,0,0,0,8,0,0,0,0,0,0,0,0,0,0,0,0,0,0,0,0,0,0,0,0,0,0,0,4,0,0,0,0,0,0,0,0,0,0,0,0,0,0,0,0,0,0,0,0,0,0,0,0,0,0,0,0,0,0,0,0,0,0,0,0,0,0,0,0,0,0,0,0,0,0,0,0,0,0,0,0,0,0,0,0,0,0,0,0,0,0,0,0,0,0,0,0,0,0,0,0,0,0,0,0,0,0,0,0,0,0,0,0,0,0,0,0,0,0,0,0,0,0,0,0,0,0,0,0,0,0,0,0,0,0,0,0,0,0,0,0,0,0,0,0,0,0,0,0,0,0,0,0,0,0,0,0,0,0,11,0,0,0,0,0,0,0,0,0,0,0,0,0,0,0,2348,0,0,0,0,0,0,0,0,0,0,0,0,0,0,0,0,0,0,0,0,0,0,0,0,0,0,0,0,0,0,0,0,0,0,0,0,0,0,0,0,0,0,0,0,1,0,9,0,0,0,0,0,0,0,0,3,0,0,0,0,0,0,0,0,0,0,0,0,0,0,0,0,0,0,0,0,0,0,0,0,0,0,0,0,0,0,0,0,0,0,0,0,3837,0,0,0,0,0,0,0,0,0,0,0,0,0,0,0,0,0,0,0,0,2,0
"D171",0,0,0,0,0,0,0,0,0,0,0,0,0,0,0,0,0,0,0,0,0,0,0,0,0,0,3,0,0,0,0,0,0,0,0,0,0,0,0,0,0,0,0,0,0,0,0,0,0,0,0,0,0,0,0,0,0,0,0,0,0,0,0,0,0,0,0,0,0,0,0,0,0,0,0,0,0,0,0,0,0,0,0,0,0,0,0,0,0,0,0,0,0,0,0,0,0,0,0,0,0,0,0,0,0,0,0,0,0,0,0,0,0,0,0,0,0,0,0,0,0,0,0,0,0,0,0,0,0,0,0,0,0,0,0,0,0,0,0,0,0,0,0,0,0,0,0,0,0,0,0,0,0,0,3,0,0,0,0,0,0,0,0,0,0,0,0,0,0,0,0,0,0,0,0,0,0,0,0,0,0,0,0,0,0,0,0,0,0,0,0,0,0,0,0,0,0,0,0,0,0,0,0,0,4,0,0,0,0,0,0,0,0,0,0,0,0,0,0,0,0,0,0,0,0,0,0,0,0,0,0,0,101,0,0,0,0,0,0,0,0,0,0,0,0,0,0,0,0,0,0,0,0,0,0,0,0,0,0,0,0,0,0,0,0,0,0,0,0,0,0,0,0,0,0,0,0,0,0,0,0,0,0,0,0,0,0,0,0,0,0,0,0,0,0,0,0,0,6,0,0,0,0,0,0,0,0,0,0,0,16,0,0,0,0,0,0,0,0,0,0,0,0,0,0,0,0,0,0,0,0,0,0,0,0,0,0,0,0,0,0,0,0,0,0,0,0,0,0,0,0,0,0,0,0,0,0,0,0,0,0,0,0,0,0,0,0,0,0,0,0,0,0,0,0,0,0,0,0,0,0,0,0,0,0,0,0,0,0,0,0,0,0,0,0,0,0,0,0,0,0,0,0,0,0,0,0,0,0,0,0,0,0,2,0,0,0,0,5,0,0,0,0,0,0,0,0,0,0,0,0,0,0,0,0,0,0,0,0,0,0,0,0,0,0,0,0,0,0,39,0,0,0,0,0,0,0,0,0,0,0,0,0,77,0,0,0,0,0,0,0,0,0,0,0,0,0,0,0,0,0,0,0,0,0,0,0,0,0,0,0,0,0,0,0,0,0,445,0,0,0,0,0,0,0,0,0,0,0,0,0,13508,0,0,0,0,0,0,0,0,0,0,0,0,0,0,0,0,0,0,0,0,3,0
"D172",2,38,1,0,0,0,0,0,0,6,0,9,0,0,49,27,0,11,0,8,115,7,8,0,5,15,0,4,12,72,5,0,4,3,2,0,0,0,92,0,391,5,19,0,125,2,0,0,9,0,0,0,4,12,0,0,56,169,0,44,0,0,364,0,0,0,0,0,0,6,25,0,0,0,0,0,21,4,0,0,0,24,0,0,4,3,3,2,0,0,0,11,10,0,0,0,0,0,0,125,6,12,0,0,12,6,0,0,0,0,0,0,145,0,0,16,13,19,0,0,4,0,20,0,0,5,0,0,0,0,15,7,0,6,0,0,5,10,11,27,0,2,0,0,0,33,0,213,71,0,0,20,0,2,0,0,0,6,8,1,0,0,0,0,26,0,3,3,0,3,0,0,0,0,20,22,0,0,9,0,14,0,2,0,8,4,0,0,71,0,6,0,10,4,11,0,0,0,0,2,19,0,2,0,0,0,4382,0,0,57,3,1,0,0,1,0,0,17,0,9,0,12,0,0,0,1,2,0,0,21,0,0,0,63,0,0,17,0,8,0,3,13,11,0,7,0,11,0,0,25,0,6,17,0,249,0,0,30,2,0,0,0,23,0,3,89,12,0,0,12,0,34,33,46,47,1,4,0,0,0,9,0,0,18,0,5,5,8,0,0,5,0,2,0,0,0,0,18,9,46,193,59,0,11,0,0,230,0,93,0,0,14,0,100,84,0,0,4,0,0,0,0,48,0,0,0,13,0,2,3,0,4,184,0,91,23,42,0,0,0,0,109,14,31,3,0,0,0,10,0,1,0,0,0,7,0,0,0,2,1,0,0,0,41,1,4,0,0,0,0,0,0,2,0,0,0,6,68,0,14,0,0,43,12,0,118,0,0,0,0,11,1,11,0,271,70,0,0,9,3,0,0,17,0,0,3,0,14,24,0,62,0,42,3,0,0,21,8,0,0,9,10,0,0,0,0,0,5,0,0,1,0,3,0,1,123,0,2,0,12,0,242,0,0,0,0,345,593,12,0,3,20,7,30,25,6,0,14,3,49,9,0,97,0,0,86,25,0,54,13,342,0,3,150,0,0,15,0,0,0,11,1,10,20,44,0,7,0,0,35,0,0,46,5,0,28,0,0,0,0,8,0,50,0,0,5,0,6,78,2,0,143,5,1,0,0,22,35,2,0,7,0,0,0,0,6,1,193,16,0,0,7,0,0
"D173",0,28,166,0,0,0,0,0,34,117,0,12,0,0,4,0,0,0,0,0,0,11,0,0,0,1,0,3,0,126,0,0,0,0,0,0,0,0,17,0,1,35,13,0,0,10,0,9,123,0,0,0,0,58,0,0,13,0,0,0,0,0,0,1,0,29,0,3,0,0,0,235,0,0,0,0,376,253,0,0,18,0,0,0,11,0,32,87,0,11,0,32,14,0,0,0,0,0,0,197,11,28,0,0,10,18,5,0,0,1,31,3,69,0,6,0,28,27,0,0,2,25,280,0,0,0,0,0,0,0,9,0,0,55,0,0,0,116,32,2,0,25,0,0,0,50,14,53,31,1,159,26,0,0,0,2,0,0,81,0,0,0,19,3,3,0,8,102,0,3,0,0,0,0,2,1,2,0,0,0,8,0,30,0,133,0,17,128,0,0,0,0,3,103,6,0,0,0,0,0,7,0,5,0,0,0,0,466,38,231,0,0,10,0,0,0,0,2,0,8,0,12,0,0,0,0,8,44,0,0,0,17,0,6,0,0,25,203,73,0,0,0,0,0,13,3,0,0,58,2,33,0,0,74,335,0,0,1,0,1,0,0,0,0,1,663,0,0,7,27,0,54,12,3,40,7,6,0,0,22,21,19,0,0,0,261,77,27,0,0,7,0,3,21,0,0,463,312,76,0,77,12,0,0,0,0,28,1,196,0,0,5,0,114,125,0,0,0,0,0,0,4,71,5,0,0,57,0,35,3,38,0,280,17,58,0,2,0,0,0,0,554,28,82,0,15,34,0,6,0,0,0,0,0,7,2,0,111,16,2,1,0,0,584,47,0,0,0,0,0,0,0,92,0,0,0,0,50,9,15,0,0,44,0,0,557,0,0,0,0,76,2,33,0,42,0,0,0,0,4,1,0,0,0,0,9,10,2,50,0,58,0,0,0,0,3,8,634,12,9,19,0,0,0,0,0,0,25,0,67,11,0,8,0,0,19,0,6,0,7,0,9,0,0,0,0,1214,0,6,0,0,17,15,0,45,88,0,16,21,0,2,0,54,0,0,0,6,164,245,0,15,10,6,6,0,0,10,0,1,0,0,28,0,29,6,0,3,0,0,4,0,2,0,18,0,220,0,0,37,2,0,11,272,0,0,7,0,11,0,7,258,21,0,15,0,2,0,35,14,0,14,0,0,0,0,0,0,1414,0,0,0,13,22,174
"D174",18,6,0,0,0,1,162,0,0,0,0,0,0,0,0,0,0,0,0,0,0,0,0,0,0,0,0,0,0,0,0,0,0,0,0,0,0,0,0,0,0,0,0,0,0,0,0,0,0,0,0,0,0,0,58,0,0,0,0,0,0,0,0,0,17,0,0,0,0,0,0,0,0,0,0,0,0,0,0,0,0,0,0,0,0,0,0,0,0,0,0,0,0,0,0,0,0,0,0,0,0,0,0,0,0,0,79,0,0,0,0,0,0,0,0,0,0,0,0,0,0,0,0,0,0,0,0,0,0,0,0,0,0,0,0,0,0,0,0,0,0,0,0,0,0,0,0,0,0,1185,0,0,0,0,96,0,0,0,0,0,0,0,902,0,0,0,0,0,0,0,0,0,0,0,0,0,0,0,0,0,0,0,0,0,0,0,0,0,0,0,0,0,0,0,0,17,0,0,0,0,0,0,0,0,7,0,0,0,0,0,0,0,0,0,0,0,0,0,0,0,0,0,0,0,0,0,0,0,0,0,0,0,827,0,0,0,0,0,0,0,0,0,0,0,0,0,0,0,0,0,696,0,0,0,0,0,0,0,0,0,0,0,0,0,0,0,0,0,0,0,0,0,0,0,0,0,0,0,0,0,0,0,0,0,0,0,1,0,0,0,0,19,0,0,17,0,0,0,4,0,0,0,0,0,0,1149,0,0,0,31,0,0,0,0,0,0,0,0,0,0,0,0,0,0,0,0,0,0,0,0,0,0,0,0,0,0,0,0,17,0,0,0,0,0,0,0,0,0,0,0,0,0,0,0,0,0,0,0,0,0,0,0,0,1,0,0,0,0,0,0,0,0,0,0,0,0,0,0,0,0,0,0,0,0,0,0,0,0,0,0,0,0,0,0,0,0,0,0,0,0,0,0,0,0,0,0,0,0,0,0,0,0,0,17,0,0,0,0,0,0,0,0,0,0,0,0,0,0,0,0,0,0,0,0,0,0,0,0,0,0,0,0,0,0,0,0,0,0,0,0,0,0,0,0,0,0,0,0,0,0,0,0,0,3,0,0,0,0,0,0,0,0,0,0,0,0,0,0,228,0,0,0,0,0,0,0,0,0,0,0,0,0,0,0,0,0,0,0,0,0,0,0,0,0,0,0,0,0,0,0,0,234,0,0,0,0,0,0,0,0,0,0,3,0,0,0,0,0,0,0,0,0,0,0
"D175",0,0,0,0,0,0,0,0,0,0,0,0,0,0,0,0,0,0,0,0,0,0,0,0,0,0,0,0,0,0,0,0,0,0,0,0,0,0,0,0,0,0,0,0,0,0,0,0,0,0,0,0,0,0,0,0,0,0,0,0,0,0,0,0,0,0,0,0,0,0,0,0,0,0,0,0,0,0,0,0,0,0,0,0,0,0,0,0,0,0,0,0,0,0,0,0,0,0,0,0,0,0,0,0,0,0,0,0,0,0,0,0,0,0,0,0,0,0,0,0,0,0,0,0,0,0,0,0,0,0,0,0,0,0,0,0,0,0,0,0,0,0,0,0,0,0,0,0,0,0,0,0,0,0,0,0,0,0,0,0,0,0,0,0,0,0,0,0,0,0,0,3,0,0,0,0,0,0,0,0,0,0,0,0,0,0,0,0,0,0,0,0,0,0,0,0,0,0,0,0,0,0,0,0,0,0,0,0,0,0,0,0,0,0,0,0,0,0,0,0,0,0,0,0,0,0,0,0,0,0,0,0,0,0,0,0,0,0,0,0,0,0,0,0,0,0,0,0,0,0,0,0,0,0,0,0,0,0,0,0,0,0,0,0,0,0,0,0,0,0,0,0,0,0,0,0,0,0,0,0,0,0,0,0,0,0,0,0,0,0,0,0,0,0,0,0,0,0,0,0,0,0,0,0,0,0,0,0,0,0,0,0,0,0,0,0,0,0,0,0,0,0,0,0,0,0,0,0,0,0,0,0,0,0,0,0,0,0,0,0,0,0,0,0,0,0,0,0,0,0,0,0,0,0,0,0,0,0,0,0,0,0,0,0,0,0,0,0,0,0,0,0,0,0,0,0,0,0,0,0,0,0,0,0,0,0,0,0,0,0,0,0,0,0,0,0,0,0,0,0,0,0,0,0,0,0,0,0,0,0,0,0,0,0,0,0,0,0,0,0,0,0,0,0,0,0,0,0,0,0,0,0,0,0,0,0,0,0,0,0,0,0,0,0,0,0,0,0,0,0,0,0,0,0,0,0,0,0,0,0,0,0,0,0,0,0,0,0,0,0,0,0,0,0,0,0,0,0,0,0,0,0,0,0,0,0,0,0,0,0,0,0,0,0,0,0,0,0,0,0,0,0,0,0,0,0,0,0,0,0,0,0,0,0,0,0,0,0,0,0,0,0,0,0,0,0,0,0,0,0,0,0,0,0
"D176",0,0,0,0,0,0,0,0,0,0,0,0,0,0,0,0,0,0,0,0,0,0,0,0,0,0,0,0,0,0,0,0,0,0,0,0,0,0,0,0,0,0,0,0,0,0,0,0,0,0,0,0,0,0,0,0,0,0,0,0,0,0,0,0,0,0,0,0,0,0,0,0,0,0,0,0,0,0,0,0,0,0,0,0,0,0,0,0,0,0,0,0,0,0,0,0,0,0,0,0,0,0,0,0,0,0,0,0,0,0,0,0,0,0,0,0,0,0,0,0,0,0,0,0,0,0,0,0,0,0,0,0,0,0,0,0,0,0,0,0,0,0,0,0,0,0,0,0,0,0,0,0,0,0,0,0,0,0,0,0,0,0,0,0,0,0,0,0,0,0,0,0,0,0,0,0,0,0,0,0,0,0,0,0,0,0,0,0,0,0,0,0,0,0,0,0,0,0,0,0,0,0,0,0,33,0,0,0,0,0,0,0,0,0,0,0,0,0,0,0,0,0,0,0,0,0,0,0,0,0,0,0,59,0,0,0,0,0,0,0,0,0,0,0,0,0,0,0,0,0,0,0,0,0,0,0,0,0,0,0,0,0,0,0,0,0,0,0,0,0,0,0,0,0,0,0,0,0,0,0,0,0,0,0,0,0,0,0,0,0,0,0,0,0,72,0,0,0,0,0,0,0,0,0,0,0,0,0,0,0,0,0,0,0,0,1,0,1,0,0,0,0,0,0,0,0,0,0,0,0,0,0,0,0,0,0,0,0,0,0,0,0,0,0,0,0,0,0,0,0,0,0,0,0,0,0,0,0,0,0,0,0,0,0,0,0,0,0,0,0,0,0,0,0,0,0,0,0,0,0,0,0,0,0,0,0,0,0,0,0,0,0,0,0,0,0,0,0,0,0,0,0,0,0,0,0,0,0,0,0,0,0,0,0,0,0,0,0,9,0,0,0,0,0,0,0,0,0,0,0,0,0,0,0,0,0,0,0,0,0,0,0,0,0,0,0,0,0,0,0,0,0,0,0,0,0,0,0,0,0,0,0,0,96,0,0,0,0,0,0,0,0,0,0,0,0,0,0,0,0,0,0,0,0,0,0,0,0,0,0,0,0,0,0,0,0,0,922,0,0,0,0,0,0,0,0,0,0,0,0,0,1368,0,0,0,0,0,0,0,0,0,0,0,0,0,0,0,0,0,0,0,0,0,0
"D177",9,0,0,44,3,6,0,0,0,3,0,0,0,0,0,0,0,0,12,10,0,0,0,68,0,4,9,0,0,0,5,0,5,0,0,5,0,0,0,0,0,0,0,16,0,0,31,0,17,0,4,0,0,0,2,6,0,3,0,0,106,0,0,4,0,0,51,0,23,0,4,0,2,0,6,0,0,0,0,4,0,4,0,0,0,0,0,0,0,0,0,0,0,0,0,5,2293,0,0,0,0,0,1881,41,0,0,4,2028,34,0,0,2,0,2,0,0,0,0,0,194,4,0,0,15,0,0,20,127,0,0,1,0,2,0,1,0,8,2,8,0,1,0,0,1735,0,0,0,0,0,15,0,0,0,0,97,0,280,2,0,0,0,0,3,2,0,0,0,23,0,0,0,0,0,2,3,0,0,0,0,0,0,0,0,14,0,0,0,0,0,3,1,0,0,3,2,0,540,135,0,0,0,7,0,0,0,0,0,0,0,0,0,0,0,0,0,0,70,0,0,0,0,0,0,3,0,21,0,0,0,0,0,2,0,0,14094,34,0,1352,0,0,0,0,0,0,0,0,2,0,0,0,0,0,0,0,6,179,3,0,0,15,13,0,4,0,0,0,0,0,3,0,0,0,0,0,0,8,0,19,0,6,4,0,0,0,213,0,0,0,16,0,0,54,0,0,3,0,0,0,239,0,0,3,0,0,0,8,0,9,5,10,1667,0,0,0,0,0,344,10,0,0,0,0,0,0,0,60,0,0,1,38,0,0,0,0,0,0,0,13,0,0,0,0,0,0,0,0,0,376,0,2,2,0,0,0,0,0,0,0,1,0,0,8,37,0,0,0,22,0,0,0,6,7,0,5,0,0,0,0,0,0,0,0,0,0,0,0,0,0,10,282,0,15,0,0,0,0,3,0,6,0,0,12,1215,12,0,0,0,2,0,10,0,99,0,9,17,0,0,0,0,6,0,0,0,0,0,0,288,0,38,0,0,0,0,3,0,0,0,0,1,3,0,0,19,0,65,15,0,0,2,0,2,0,0,0,0,0,0,0,0,0,0,0,14,28,7,230,0,0,0,0,0,2,0,0,29,3,0,3,2,0,0,0,0,0,0,0,0,4,0,0,0,0,0,0,0,0,121,0,0,0,0,0,0,4,18,0,0,0,0,0,0,0,0,0,0,0,0,0,0,0,0,383,0,0,0,0,0,0,0,12,0,0,0,2
"D178",0,0,0,0,0,0,0,0,0,0,0,0,0,0,0,0,0,0,0,0,0,0,0,0,0,0,0,0,0,0,0,0,0,0,0,0,0,0,0,0,0,0,0,0,0,0,0,0,0,0,0,0,0,0,0,0,0,0,0,0,0,0,0,0,0,0,0,0,0,0,0,0,0,0,0,0,0,0,0,0,0,0,0,0,0,0,0,0,0,0,0,0,0,0,0,0,0,0,0,0,0,0,0,0,0,0,0,0,0,0,0,0,0,0,0,0,0,0,0,0,0,0,0,0,0,0,0,0,0,0,0,0,0,0,0,0,0,0,0,0,0,0,0,0,0,0,0,0,0,0,0,0,0,0,0,0,0,0,0,0,0,0,0,0,0,0,0,0,0,0,0,0,0,0,0,0,0,0,0,0,0,0,0,0,0,0,0,0,0,0,0,0,0,0,0,0,0,0,0,0,0,0,0,0,0,0,0,0,0,0,0,0,0,0,0,0,0,0,0,0,0,0,3,0,0,0,0,0,0,0,0,0,0,0,0,0,0,0,0,0,0,0,0,0,0,0,0,0,0,0,0,0,0,0,0,0,0,0,0,0,55,0,0,0,0,0,0,0,0,0,0,0,0,0,0,0,0,0,0,0,0,0,0,0,0,0,0,0,0,0,0,0,0,0,0,0,0,0,0,0,0,0,0,0,0,0,0,0,0,0,0,0,0,0,0,0,0,0,0,0,0,0,0,0,0,0,0,0,0,0,0,0,0,0,0,0,0,0,0,0,0,0,0,0,0,0,0,0,0,0,0,0,0,0,0,0,0,0,0,0,0,0,0,0,0,0,0,0,0,0,0,0,0,0,0,0,0,0,0,0,0,0,0,0,0,0,0,0,0,0,0,0,0,0,0,0,0,0,0,0,0,0,0,0,0,0,0,0,0,0,0,0,0,0,0,0,0,0,0,0,0,0,0,0,0,0,0,0,0,0,0,0,0,0,0,0,0,0,0,0,0,0,0,0,0,0,0,0,0,0,0,0,0,0,0,0,0,0,0,0,0,0,0,0,0,0,0,0,0,0,0,0,0,0,0,0,0,0,0,0,0,0,0,0,0,0,0,0,0,0,0,0,0,0,0,0,0,0,0,0,0,0,0,0,0,0,0,0,0,0,0,0,0,0,0,0,0,0,0,0,0,0,0,0,0,0,0,0,0,0,0,0,0,0
"D179",0,0,10,0,2,0,0,63,0,0,0,0,25,0,0,0,0,0,14,0,0,0,0,0,0,0,0,0,0,0,0,0,0,0,2,0,0,0,0,0,0,20,0,0,2,0,0,2954,239,5,0,0,0,0,0,37,0,0,0,73,0,0,0,0,0,0,1224,0,0,0,0,0,0,4,0,65,0,0,0,0,0,0,0,2,0,0,37,0,0,0,0,0,0,73,0,0,0,0,1,0,0,0,1,0,0,0,0,0,0,94,0,0,0,0,407,0,0,0,0,0,0,0,0,0,0,0,0,0,0,15,0,0,254,3,7762,0,0,0,660,0,0,0,0,0,0,2,0,0,0,0,0,0,0,0,3731,0,0,0,0,0,8,6,2,87,0,0,0,489,154,0,0,0,0,0,0,0,7,0,0,28,0,5,0,0,0,0,0,0,0,0,0,0,0,0,0,0,0,0,0,0,0,430,0,0,0,6,0,0,0,0,0,0,30,0,154,73,0,0,0,0,0,0,0,0,0,0,0,0,0,0,0,0,0,0,0,0,0,0,0,0,11,0,0,0,0,0,14,0,37,0,0,0,0,0,225,0,0,0,0,0,0,0,0,0,0,0,0,0,0,0,0,126,0,0,0,10,0,0,0,0,0,0,36,0,0,0,0,0,0,0,0,0,0,0,0,0,0,0,164,0,0,0,0,0,0,0,0,0,0,67,0,0,0,0,0,0,0,0,3,0,0,35,0,207,0,800,0,0,0,4,0,7,0,0,0,0,0,0,0,0,0,0,0,21,0,0,0,0,0,0,5,0,3,0,0,11,0,0,0,0,1,0,0,0,0,0,0,0,0,0,0,16,0,0,0,0,0,0,204,0,0,0,0,0,0,0,20,0,0,0,0,0,0,0,0,0,0,293,0,0,0,358,0,0,0,4,0,0,0,0,0,0,0,460,0,0,0,0,0,0,100,0,3,0,2,0,0,0,0,0,0,0,0,0,0,0,0,0,0,18,0,0,0,0,0,149,0,0,0,0,0,0,0,0,0,0,0,23,0,0,0,0,0,0,0,0,0,370,0,0,0,0,0,0,0,0,0,1,0,0,0,0,0,0,8,0,0,71,3,0,0,272,0,0,0,0,0,0,0,0,0,0,22,0,0,0,1,0,0,0,0,0,6,0,0,0,0,0,0,35,0,0,0,10,136,25,0,0,0,23,19,0,102,0
"D180",0,0,0,0,0,0,0,0,0,0,0,0,0,0,0,0,0,0,0,0,0,0,0,0,0,0,0,0,0,0,0,0,0,0,0,0,0,0,0,0,0,0,0,0,0,0,0,0,1361,0,0,0,0,0,0,6428,0,0,0,0,0,0,0,0,0,0,0,0,0,0,0,0,0,0,0,0,0,0,0,0,0,0,0,0,0,0,0,0,0,0,0,0,0,0,0,0,0,0,0,0,0,0,0,0,0,0,0,0,0,0,0,0,0,0,0,0,0,0,0,0,0,0,0,0,0,0,0,0,0,0,0,0,0,0,0,2921,0,0,0,0,0,0,0,0,0,0,0,0,0,0,0,0,0,0,0,0,0,0,0,0,0,0,0,0,0,0,0,0,0,0,0,0,0,0,0,0,0,0,0,0,0,0,0,0,0,0,0,0,0,0,0,0,0,0,0,0,0,0,0,0,0,0,0,0,0,0,0,0,0,0,0,0,0,0,0,0,2,0,0,0,0,0,0,0,0,0,0,0,0,0,0,0,928,0,0,0,0,0,0,0,0,0,0,0,0,0,0,7861,0,0,0,0,0,0,0,0,0,0,0,0,0,0,0,0,0,0,0,0,0,0,0,0,0,0,0,0,0,0,0,0,0,0,0,0,0,0,0,0,0,0,0,0,0,0,35,0,0,0,47385,0,0,0,0,0,0,9,0,0,0,0,0,0,0,0,0,0,0,0,0,0,2,0,0,0,0,0,0,0,0,0,0,0,0,0,0,0,0,0,0,0,0,0,0,0,0,0,0,0,0,0,0,0,0,0,0,0,0,0,0,0,0,0,0,0,0,0,0,0,0,0,0,0,0,0,0,0,0,0,0,0,0,0,0,0,0,0,0,0,5,0,0,0,0,0,0,0,0,0,0,0,0,0,0,0,0,0,0,0,0,1291,0,0,0,3,0,0,0,0,1228,0,0,0,0,0,0,0,0,0,0,0,0,0,0,0,0,0,0,0,0,0,0,0,0,0,0,0,0,0,0,0,0,0,0,0,0,0,0,0,0,0,0,0,0,0,0,0,0,0,0,0,0,0,0,0,0,0,0,0,0,0,0,0,0,0,0,0,0,0,0,0,0,0,0,0,0,0,0,0,0,0,0,0,0,0,0,0,0,0,0,0,0,0,0,0,0,0,0,0,0,0,0,0,0,0,0,0,0,0,0,0,0,0,0,0
"D181",0,0,0,0,0,0,0,0,0,0,0,0,0,0,0,0,0,0,0,0,0,0,0,0,0,0,0,0,0,0,0,0,0,0,0,0,0,0,0,0,0,0,0,0,0,0,0,0,0,0,0,0,0,0,0,0,0,0,0,0,0,0,0,0,0,0,0,0,0,0,0,0,0,0,0,0,0,0,0,0,0,0,0,0,0,0,0,0,0,0,0,0,0,0,0,0,0,0,0,0,0,0,0,0,0,0,0,0,0,0,0,0,0,0,0,0,0,0,0,0,0,0,0,3,0,0,0,0,0,0,0,0,0,0,0,0,0,0,0,0,0,0,0,0,0,0,0,0,0,0,0,0,0,0,0,0,0,0,0,0,0,0,0,0,0,0,0,0,0,0,0,0,0,0,0,0,0,0,0,0,0,0,0,0,0,0,0,0,0,0,0,0,0,0,0,0,0,0,0,0,0,0,0,0,0,0,0,0,0,0,0,0,0,0,0,0,0,0,0,0,0,0,0,0,0,0,0,0,0,0,0,0,0,0,0,0,0,0,0,0,0,0,0,0,0,0,0,47,0,0,0,0,0,0,0,0,0,0,0,0,0,0,0,0,0,0,0,0,0,0,0,0,0,0,0,0,0,0,0,0,0,0,0,0,0,0,0,0,0,0,0,0,0,0,0,0,0,0,0,0,0,0,0,0,0,0,0,0,0,0,0,0,0,0,0,0,0,0,0,0,0,0,0,0,0,0,0,0,0,0,0,0,0,0,0,0,0,0,0,0,0,0,0,0,0,0,0,0,0,0,0,0,0,0,0,0,0,0,0,0,0,0,0,0,0,0,0,0,0,0,0,0,0,0,0,0,0,0,0,0,0,0,0,0,0,0,0,0,0,0,0,0,0,0,0,0,0,0,0,0,0,0,1,0,0,0,0,0,0,0,0,0,0,0,0,0,0,0,0,0,0,0,0,0,0,0,0,0,0,0,0,0,0,2,0,0,0,0,0,0,0,0,0,0,0,0,0,0,0,0,0,0,0,0,0,0,0,0,0,0,0,0,0,32,0,0,0,0,0,0,0,0,0,0,0,0,0,0,0,0,0,0,0,0,0,0,0,0,0,0,0,0,0,0,0,0,0,0,0,0,0,0,0,0,0,0,0,0,0,0,0,0,0,0,0,0,0,0,0,0,0,0,0,0,0,0,0,0,0,0,0,0,2,0
"D182",0,0,0,0,0,0,0,0,0,0,0,9,0,110,45,0,0,142,0,0,1293,0,0,0,0,0,0,0,0,47,11,0,0,0,0,2,0,0,192,0,0,0,0,0,793,0,0,0,0,0,0,0,0,0,0,0,262,0,0,28,0,0,116,98,0,0,0,0,0,0,0,0,0,0,0,0,10,0,0,0,0,0,0,0,0,0,3,0,0,0,0,0,0,0,0,0,0,0,0,38,0,0,0,0,0,0,0,0,0,0,0,61,0,0,0,66,0,0,0,0,0,0,0,0,0,0,0,0,0,0,0,0,0,0,0,0,0,0,0,0,0,0,0,0,0,3,0,0,0,0,0,0,0,0,0,0,0,0,0,0,0,0,0,0,0,0,0,0,0,0,0,0,0,0,0,0,0,0,0,0,0,0,0,0,0,0,0,0,0,0,0,2,0,0,0,0,0,0,0,0,0,0,0,0,0,0,0,0,0,0,0,0,0,0,0,0,0,0,0,0,37,0,0,0,0,0,0,0,0,60,0,0,0,0,0,26,0,0,4,0,0,0,0,0,0,0,0,0,0,0,0,0,0,0,2111,0,0,0,0,0,0,0,0,0,0,25,7,0,0,0,0,0,0,0,0,63,0,0,0,2099,0,0,0,0,0,0,0,0,0,0,0,0,0,0,0,0,4,0,0,264,1,0,0,0,0,0,0,0,0,0,0,0,0,0,0,0,0,0,0,0,0,0,0,0,0,0,0,0,0,0,0,0,1,0,0,0,0,0,0,0,0,0,0,0,0,0,52,0,0,0,0,0,0,0,0,0,0,0,0,0,0,0,0,0,0,6,0,0,63,0,0,0,2,0,0,0,0,0,0,5,0,0,0,0,0,222,0,0,0,0,0,0,0,0,0,0,0,0,0,2,0,0,0,0,0,0,0,95,0,0,0,0,0,0,0,0,0,12,0,23,0,0,0,0,0,0,0,0,0,0,0,0,0,0,0,0,0,15,0,0,0,794,0,0,0,0,7,7,3,0,0,0,0,0,0,0,0,0,0,0,0,0,0,0,0,0,8,0,0,0,488,0,2,0,0,0,0,0,0,0,0,0,0,0,1766,0,0,0,0,0,0,0,0,109,0,0,0,0,0,0,0,0,81,0,0,0,0,5,0,0,8,149,7,0,0,0,0,0,0,0,0,0,0,0,0,0,0,10,29,0,0,0,0,0
"D183",0,0,0,340,0,0,17,0,0,0,0,0,0,0,0,0,0,0,6,0,0,0,0,51,0,0,601,0,0,0,10,0,0,0,0,0,0,0,0,0,0,0,0,9,0,0,4,10,15,0,4,0,0,95,4,5,0,0,2,0,9,0,0,0,0,0,0,0,364,0,0,0,0,0,0,0,0,0,0,0,0,0,0,0,0,0,0,0,0,0,0,0,0,0,0,2,668,0,0,0,0,0,545,153,0,0,0,546,76,0,0,0,0,0,0,0,0,0,0,21,0,0,0,89,0,0,0,16,0,0,0,0,0,0,0,0,0,2,0,0,0,0,0,3,0,0,0,0,0,2,0,0,80,0,0,0,1306,0,0,0,0,0,11,0,0,5,0,0,0,0,0,3,0,10,0,0,0,0,0,0,0,0,0,38,0,2,0,0,0,0,0,0,0,0,4,2,0,64,0,0,0,0,0,0,5,0,0,0,0,0,0,0,0,0,0,0,10,0,0,0,0,0,0,0,0,2,0,0,0,0,0,3,1,0,13064,71,0,50,0,0,0,0,0,0,0,0,0,29,0,0,0,0,0,0,3,0,8,0,0,7,21,0,0,0,0,0,0,0,0,0,0,0,0,0,0,14,0,4,0,0,0,0,0,0,38,0,0,0,523,1,0,5,0,0,4,0,0,0,51,0,0,0,0,4,0,38,0,3,0,4,21,0,0,0,0,7,34,0,0,0,0,0,0,0,0,0,0,0,0,8,0,0,0,0,0,0,0,0,0,0,3,0,0,0,0,0,0,351,0,1,0,0,0,0,0,0,0,0,0,0,0,106,131,0,0,0,1613,0,0,0,31,2,0,14,0,0,0,0,0,0,0,0,0,0,0,0,3,6,0,4,0,3,0,0,0,0,0,0,0,0,0,0,7,86,0,0,0,0,0,10,0,2958,0,20,5,0,0,0,0,0,0,2,0,0,0,842,702,0,23,0,0,0,0,3,0,0,0,0,0,0,0,0,7,0,0,3,0,0,0,0,0,0,0,0,0,0,0,0,0,0,0,0,1,0,64,153,0,0,1,0,0,0,0,0,272,0,0,0,1,0,0,0,0,0,0,0,0,0,0,0,0,0,2,0,0,0,74,0,0,0,0,0,0,0,8,0,0,0,0,0,0,0,0,0,0,0,0,0,0,0,0,12,0,0,0,0,0,0,0,0,0,0,30,1
"D184",0,0,0,0,0,0,0,0,0,0,0,0,0,0,0,0,0,0,0,0,18,0,0,0,0,0,0,0,0,0,0,0,0,0,0,0,0,0,0,0,0,0,0,0,0,0,0,83,227,0,0,0,0,0,0,0,128,0,0,0,0,0,0,0,0,0,0,0,0,93,0,0,0,0,0,0,205,0,0,0,0,0,0,0,0,0,0,0,0,0,0,0,0,0,0,0,0,0,0,0,0,0,224,0,0,0,0,0,0,0,0,0,0,0,0,0,0,0,0,0,0,0,0,0,0,0,0,0,0,0,0,0,0,0,0,0,0,0,0,0,0,0,0,0,0,0,0,0,0,0,0,0,0,0,0,0,0,0,0,0,0,0,0,0,0,0,0,0,0,0,0,303,0,0,0,0,0,0,0,0,0,0,0,0,0,0,0,0,0,0,0,0,0,163,0,0,0,0,0,0,0,0,0,0,0,0,0,80,0,0,0,0,0,0,0,0,0,0,0,0,243,0,0,0,0,0,0,0,0,0,0,224,0,0,0,0,0,505,3,0,0,0,0,0,0,0,19,0,0,0,0,35,0,0,317,102,0,0,0,0,0,0,0,0,0,0,0,0,0,0,0,0,0,0,0,0,0,0,0,171,0,0,0,0,0,0,109,0,0,0,0,0,0,0,0,0,859,0,0,0,0,0,0,0,0,0,0,0,0,0,0,0,0,0,0,0,0,0,0,0,0,0,0,0,0,0,0,0,0,0,0,0,287,234,0,0,100,0,0,0,0,0,0,0,0,0,0,0,0,0,0,0,0,0,0,0,0,0,0,0,0,0,300,0,0,0,0,9,0,0,0,0,0,0,0,0,0,0,0,213,0,0,0,0,0,0,0,0,0,0,0,0,7,0,0,0,0,0,0,0,243,0,0,0,0,0,0,0,0,0,0,0,0,0,0,0,0,0,0,0,0,0,0,0,0,0,0,0,0,0,0,0,0,0,0,0,0,0,0,0,0,0,0,0,0,0,117,0,0,0,29,0,0,0,0,0,0,0,0,11,0,0,0,0,0,0,0,0,0,0,0,36,0,0,0,0,0,0,0,0,0,0,0,0,0,0,0,0,0,0,0,0,0,0,0,0,0,0,224,0,0,0,29,0,0,0,0,0,0,0,97,241,0,10,0,0,0,0,0,0,0,0,0,0,0,0,0,675,0,0,15,0,0,0
"D185",0,12,11,0,0,0,0,15,1,29,0,4,0,13,39,15,0,5,0,7,46,9,11,0,0,72,0,2,16,100,9,0,19,3,0,0,0,0,91,0,402,1,43,0,10,3,0,0,4,0,2,1,2,28,4,3,17,36,0,22,0,0,202,2,0,2,0,0,0,4,6,2,5,0,0,0,152,0,0,0,0,16,0,0,3,0,0,4,0,0,0,20,14,10,0,0,0,0,4,257,2,0,0,0,9,10,0,0,0,0,2,8,88,2,0,0,27,0,0,0,3,0,48,0,0,0,0,0,0,0,24,14,0,5,1,0,10,27,9,22,3,10,0,0,0,20,0,38,14,16,30,5,0,23,0,0,0,36,10,10,0,0,2,4,10,0,5,20,20,1,9,0,0,0,9,0,1,0,25,5,12,0,24,0,16,50,1,1,21,2,2,2,8,5,0,4,0,0,0,16,31,0,6,8,0,0,6932,0,0,89,5,0,0,0,0,5,0,0,0,14,85,10,0,0,2,0,0,139,0,19,17,0,0,72,0,0,2,0,64,0,0,5,18,0,4,2,16,0,4,19,4,46,54,0,66,0,1,6,0,0,0,0,0,0,0,21,54,0,27,31,0,23,8,63,24,33,23,0,0,0,60,2,0,3,0,10,7,19,0,0,7,0,9,2,0,0,0,162,12,42,36,102,0,4,0,1,233,0,80,1,0,11,0,51,6,0,0,3,0,0,0,0,170,3,3,0,11,0,0,0,0,0,351,0,49,13,56,0,2,0,2,176,7,72,0,28,0,0,0,10,2,0,0,0,0,0,0,3,9,3,0,0,0,38,2,0,0,0,0,3,0,2,4,0,0,0,0,144,2,4,0,0,29,15,0,2,3,0,0,0,59,0,16,0,38,2,0,0,45,0,0,2,8,0,0,2,0,1,24,0,153,0,6,13,2,0,6,0,0,4,3,41,0,0,0,0,0,29,0,4,5,0,9,0,15,133,0,0,0,4,0,101,0,0,0,0,254,288,5,0,14,6,7,13,26,9,0,0,10,13,8,0,58,0,0,4,8,29,61,8,101,0,3,60,0,26,13,0,0,0,7,9,2,9,30,0,6,0,0,15,0,0,52,8,1,176,0,0,4,2,7,3,50,0,0,1,0,19,21,3,0,13,0,0,0,0,0,17,0,0,20,0,0,13,0,1,4,409,5,4,0,0,3,7
"D186",0,0,0,0,0,0,0,0,0,0,0,0,0,0,0,0,0,0,0,0,0,0,0,2191,0,0,0,0,0,0,0,0,0,0,0,0,0,0,0,678,0,0,0,0,0,0,0,0,0,0,0,0,0,0,0,0,0,0,0,0,0,0,0,0,0,0,0,0,4,0,0,0,0,0,0,0,0,0,0,0,0,0,0,0,0,0,0,0,0,0,0,0,0,0,0,0,94,0,0,0,0,0,0,0,0,0,0,4048,0,0,0,0,0,0,0,0,0,0,0,0,0,0,0,0,0,0,0,23,0,0,0,0,0,0,0,0,0,0,0,0,0,0,0,0,0,0,0,0,0,0,0,0,0,0,0,0,0,0,0,0,0,0,0,0,0,0,0,0,0,0,0,0,0,0,0,0,0,0,0,0,0,0,0,72,0,0,0,0,0,0,0,0,0,0,0,0,481,466,0,0,0,0,0,0,0,0,0,0,0,0,0,0,0,0,0,0,0,0,0,0,0,0,0,0,0,0,0,0,0,0,0,0,0,0,3416,480,0,0,0,0,0,0,0,0,0,0,0,0,0,0,0,0,0,0,0,0,0,0,0,0,0,0,0,0,0,0,0,0,0,0,0,0,0,0,0,0,0,0,0,0,0,0,0,0,694,0,0,0,0,0,0,0,0,0,0,0,0,0,0,0,0,0,0,0,0,0,0,0,0,0,0,0,0,0,0,0,249,0,0,0,0,0,0,0,0,0,0,0,0,0,0,0,0,0,0,0,0,0,0,0,0,0,0,0,0,0,0,0,0,0,0,0,0,0,0,0,0,0,0,0,0,0,1723,0,0,0,16,0,0,0,159,0,0,132,0,0,0,0,0,0,0,0,0,0,0,0,0,0,0,0,0,0,0,0,0,0,0,0,0,0,0,0,0,0,0,0,0,0,0,0,0,45,0,0,0,0,0,0,0,0,0,0,0,0,0,0,5840,0,0,0,0,0,0,0,0,0,0,0,0,0,0,0,60,0,336,0,0,0,0,0,0,0,0,0,0,0,0,0,0,0,0,0,0,0,0,0,0,0,0,0,0,0,0,0,0,0,0,0,0,0,0,0,0,0,0,0,0,0,0,0,0,0,0,0,0,0,775,0,0,0,0,0,0,0,0,0,0,0,0,0,0,0,0,0,0,0,0,0,0,0,0,0,0,0,0,0,0,0,0,0,0,0,0,0
"D187",9,60,0,0,5,5,0,484,2,32,16,11,1,7,0,0,255,0,0,0,10,8,0,0,0,64,0,20,0,329,0,0,9,20,42,0,0,41,0,0,0,270,11,0,3,0,0,17,1126,1,4,0,47,0,0,0,13,12,0,92,0,0,0,0,0,17,0,29,0,25,22,64,6,0,0,33,73,53,0,0,14,0,6,1,7,0,6,33,0,0,0,0,0,6,0,0,0,0,160,32,13,0,0,0,3,36,2,0,0,3,3,24,0,0,42,19,0,0,0,0,0,10,12,0,0,0,0,0,0,0,0,0,2,34,219,0,0,3,137,16,0,31,20,0,0,83,3,4,0,50,0,0,0,0,22,15,0,0,0,0,0,4,5,0,8,8,8,73,19,0,23,0,0,0,11,8,17,0,14,32,2,0,283,0,10,0,140,23,5,0,8,3,20,0,0,0,0,0,0,2,0,24,0,15,12,0,0,0,52,0,8,9,20,0,88,11,0,3,0,0,0,1,0,0,24,0,41,0,0,0,29,12,0,16,8,0,0,0,18,0,15,3,12,0,0,24,0,0,39,30,0,73,5,54,231,0,0,3,17,0,0,5,0,0,44,9,24,0,41,0,0,63,0,10,0,0,0,0,0,0,175,24,49,40,0,93,0,37,2,2,46,0,2,18,0,0,254,139,15,0,21,180,0,2,0,0,0,0,0,0,0,0,0,22,138,0,0,0,25,0,1,24,270,56,18,42,9,3,0,23,9,3,126,9,0,0,2,0,0,4,0,42,36,97,0,0,177,0,0,0,2,0,17,0,0,1,0,158,311,0,3,0,0,5,35,13,0,0,0,121,0,3,0,0,8,0,0,0,26,0,0,1,0,0,0,0,0,0,0,0,0,17,1,0,12,238,0,31,0,3,50,0,0,0,0,14,18,20,0,0,2,0,3,0,2,11,0,602,4,2,57,3,0,0,0,0,0,0,0,74,11,0,3,0,3,176,0,10,0,20,0,0,0,0,0,0,1214,0,0,0,0,18,18,30,172,0,3,103,103,0,1,0,136,0,0,0,39,116,35,15,27,87,9,1,0,17,0,94,8,0,0,18,17,8,156,0,43,8,0,10,0,0,4,12,0,32,0,0,74,0,81,8,587,0,0,14,26,10,0,4,0,163,11,8,0,0,0,23,120,144,10,0,2,0,5,21,0,582,0,0,2,11,20,104
"D188",11,0,0,29,0,0,0,4,0,0,0,0,0,0,0,0,0,0,193,0,0,0,0,664,12,0,163,0,3,0,0,35,0,0,0,0,0,0,0,0,0,0,0,52,0,0,215,0,6,0,12,0,0,0,21,0,0,0,76,0,174,0,0,3,0,0,26,0,77,0,0,0,0,0,183,14,0,0,0,47,0,0,0,0,0,0,0,0,0,0,0,0,0,0,0,0,2118,0,5,0,0,0,5063,541,0,0,11,1550,353,0,0,0,0,0,0,0,0,0,0,1876,4,0,0,359,0,0,5,293,0,0,0,0,3,0,8,0,0,0,5,0,1,0,0,392,0,0,0,0,0,0,0,0,107,0,2,0,647,0,0,0,0,0,40,0,0,3,0,1,0,0,0,683,0,3,0,0,0,0,0,0,0,0,0,28,0,0,0,0,0,0,0,0,0,0,0,3,661,1083,0,0,0,0,0,0,3,0,0,0,0,0,0,0,0,0,0,0,962,0,6,0,0,1,0,0,0,142,0,0,0,1,0,0,0,0,8278,3,0,691,0,0,0,0,0,4,0,0,0,8,0,0,1,0,0,0,0,79,84,0,0,0,18,0,0,17,0,0,0,4,0,0,4,0,0,0,0,24,0,47,0,5,0,0,0,0,82,0,0,0,188,0,0,1,0,0,6,0,0,0,426,0,0,0,0,0,0,21,0,3,0,0,29,0,0,0,0,0,720,0,0,0,2,0,0,0,0,9,0,0,0,0,0,0,0,0,0,0,0,18,226,0,0,0,0,0,0,0,2,299,0,1,0,0,3,0,0,0,0,0,1,0,0,24,402,0,0,0,336,0,0,0,37,5,0,22,0,0,0,0,0,0,0,0,0,0,0,0,0,0,0,22,0,0,0,0,0,0,0,0,0,0,20,0,94,271,0,0,0,0,0,2,0,335,0,179,9,0,0,0,2,12,0,0,0,0,0,12,2108,0,0,0,0,0,0,4,0,0,0,0,0,0,0,0,7,0,50,0,0,0,0,0,0,0,0,0,0,0,0,0,0,0,15,0,0,121,515,0,0,0,0,0,0,0,0,0,1284,0,0,0,0,0,0,0,0,0,0,0,0,6,0,0,0,61,0,0,0,0,333,0,0,0,0,0,5,39,12,0,0,0,0,0,0,0,0,0,0,4,0,0,0,0,0,1176,0,0,0,0,0,0,0,0,0,0,25,0
"D189",0,0,0,0,0,0,0,0,0,0,0,0,0,0,0,0,0,0,0,0,131,0,0,0,0,0,0,0,0,0,178,0,0,0,0,0,0,0,0,0,0,0,0,0,0,0,0,0,208,0,0,0,0,0,0,0,0,0,0,115,0,0,0,0,0,0,0,0,0,0,0,0,0,0,0,0,0,0,0,0,0,0,0,0,0,0,0,0,0,0,0,0,0,194,0,0,12,0,0,0,0,0,19,0,0,0,0,94,0,0,0,0,0,0,0,0,0,0,0,0,0,0,0,61,0,0,0,0,0,0,0,0,0,0,0,0,0,0,0,0,0,0,0,0,0,0,0,0,0,0,0,0,0,0,0,0,0,0,0,0,0,0,0,184,0,0,0,259,0,0,0,0,0,0,0,0,0,0,0,0,0,0,0,0,0,0,0,0,0,0,0,0,0,0,0,0,0,0,0,0,0,0,0,0,0,0,0,0,0,0,0,0,125,0,0,0,0,0,0,0,0,118,27,0,0,0,0,0,0,0,0,155,0,0,113,0,0,0,0,0,0,0,0,0,0,0,0,0,0,0,0,0,0,0,22,0,0,0,0,0,0,0,0,0,0,0,0,0,426,0,0,0,0,0,0,297,0,0,0,0,0,0,0,0,0,0,399,0,0,0,0,0,0,0,0,0,0,0,66,0,0,70,0,0,0,0,0,0,0,0,0,0,0,0,0,0,0,0,0,0,0,0,0,0,0,0,0,0,0,0,0,0,0,0,0,0,0,0,0,0,0,0,0,0,0,0,0,179,0,0,7,0,0,0,0,0,0,0,0,0,0,0,0,0,0,0,82,0,0,0,0,0,0,0,0,0,0,0,0,0,0,0,0,0,0,0,0,0,0,0,0,0,0,0,0,0,0,0,0,0,0,0,107,0,85,0,0,0,0,1,0,0,0,0,14,0,0,0,0,0,27,0,0,0,0,0,0,0,0,0,0,0,0,0,0,0,0,0,0,0,0,0,0,0,0,0,0,0,0,0,0,0,0,0,0,0,0,0,0,0,0,0,435,0,0,0,0,0,0,0,0,0,0,0,0,0,0,0,0,0,0,0,0,0,0,0,0,13,0,0,0,0,0,0,0,0,0,0,0,0,0,0,0,0,45,0,0,0,0,0,0,59,0,0,0,0,0,0,0,0,0,0,0,0,0,0,0,0,0,0,0,0,0,15
"D190",0,0,0,0,0,0,0,0,0,0,0,0,0,0,0,0,0,0,0,0,0,0,0,0,0,0,0,0,0,0,0,0,0,0,0,0,0,0,0,0,0,0,0,0,0,0,0,0,0,0,0,0,0,0,0,0,0,0,0,0,0,0,0,0,0,0,0,0,0,0,0,0,0,0,0,0,0,0,0,0,0,0,0,0,0,0,0,0,0,0,0,0,0,0,0,0,0,0,0,0,0,0,0,0,0,0,0,0,0,0,0,0,0,0,0,0,0,0,0,0,0,0,0,0,0,0,0,0,0,0,0,0,0,0,0,0,0,0,0,0,0,0,0,0,0,0,0,0,0,0,0,0,0,0,0,0,0,0,0,0,0,0,0,0,0,0,0,0,0,0,0,0,0,0,0,0,0,0,0,0,0,0,0,0,0,0,0,0,0,0,0,0,0,0,0,0,0,0,0,0,0,0,0,0,0,0,0,0,0,0,0,0,0,0,0,0,0,0,0,0,0,0,2,0,0,0,0,0,0,0,0,0,0,0,0,0,0,0,0,0,0,0,0,0,0,0,0,0,0,0,0,0,0,0,0,0,0,0,0,0,0,0,0,0,0,0,0,0,0,0,0,0,0,0,0,0,0,0,0,0,0,0,0,0,0,0,0,0,0,0,0,0,0,0,0,10,0,0,0,0,0,0,0,0,0,0,0,0,0,0,0,0,0,0,0,5,0,0,0,0,0,0,0,0,0,0,0,0,0,0,0,0,0,0,0,0,0,0,0,0,0,0,0,0,0,0,0,0,0,0,0,0,0,0,0,0,0,0,0,0,0,0,0,0,0,0,0,0,0,0,0,0,0,0,0,0,0,0,0,0,0,0,0,0,0,0,0,7,0,0,0,0,0,0,0,0,0,0,0,0,0,0,0,0,0,0,0,0,0,0,0,0,0,0,0,0,0,0,0,0,0,0,0,0,0,0,0,0,0,0,0,0,0,0,0,0,0,0,0,0,0,0,0,0,0,0,0,0,0,0,0,0,0,0,0,0,0,0,0,0,0,0,0,0,0,0,0,0,0,0,0,0,0,0,0,0,0,0,0,0,0,0,0,0,0,0,0,0,0,0,0,0,0,0,0,0,0,0,0,0,0,0,0,0,0,0,0,0,0,0,0,0,0,0,0,0,0,0,0,0,0,0,0,0,0,0,0,0,0,0,0,0,0,0
"D191",0,0,0,0,0,0,0,0,0,0,0,0,0,0,0,0,0,0,0,0,0,0,0,6,0,0,34,0,0,0,0,0,0,0,0,0,0,0,0,0,0,0,0,0,0,0,4,0,0,0,0,0,0,0,0,0,0,0,0,0,0,0,0,0,0,0,0,0,0,0,0,0,0,0,0,0,0,0,0,0,0,0,0,0,0,0,0,0,0,0,0,0,0,0,0,0,32,0,0,0,0,0,9,0,0,0,0,0,0,0,0,0,0,0,0,0,0,0,0,2,0,0,0,0,0,0,0,2,0,0,0,0,0,0,0,0,0,0,0,0,0,0,0,0,0,0,0,0,0,0,0,0,0,0,0,0,4,0,0,0,0,0,0,0,0,0,0,0,0,0,0,0,0,0,0,0,0,0,0,0,0,0,0,0,0,0,0,0,0,0,0,0,0,0,0,0,0,4,0,0,0,0,0,0,0,0,0,0,0,0,0,0,0,0,0,0,0,0,0,0,0,0,0,0,0,0,0,0,0,0,0,0,0,0,134,5,0,0,0,0,0,0,0,0,0,0,0,0,0,0,0,0,0,0,0,0,0,0,0,0,0,0,0,0,0,0,0,0,0,0,0,0,0,0,0,0,0,0,0,0,0,0,0,0,9,0,0,0,0,0,0,0,0,0,0,0,0,0,0,0,0,0,0,0,0,0,0,0,0,0,0,0,0,0,0,0,6,0,0,0,0,0,0,0,0,0,0,0,0,0,0,0,0,0,0,0,0,0,0,0,0,0,0,0,0,0,0,4,0,0,0,0,0,0,0,0,0,0,0,0,0,0,3,0,0,0,8,0,0,0,0,0,0,0,0,0,0,0,0,0,0,0,0,0,0,0,0,0,0,0,0,0,0,0,0,0,0,0,0,0,0,0,0,2,0,0,0,0,0,0,0,0,0,0,0,0,0,0,0,0,0,0,0,0,0,0,14,0,0,0,0,0,0,0,0,0,0,0,0,0,0,0,0,0,4,0,0,0,0,0,0,0,0,0,0,0,0,0,0,0,0,0,0,0,0,0,0,0,0,0,0,0,0,0,7,0,0,0,0,0,0,0,0,0,0,0,0,0,0,0,0,0,0,0,0,0,4,0,0,0,0,0,0,0,0,0,0,0,0,0,0,0,0,0,0,0,0,0,0,0,0,0,0,0,0,0,0,0,0,0,0,0,0,0
"D192",0,0,0,0,0,0,0,0,0,0,0,0,10,11,0,0,0,0,11,0,0,0,0,0,0,0,0,0,0,3,0,4,0,0,0,1,0,0,0,0,0,0,0,0,0,0,0,0,0,0,0,0,0,0,0,0,0,0,0,32,0,0,0,0,0,0,0,0,0,0,0,0,0,43,0,0,0,0,214,0,0,0,27,47,0,9,0,0,169,116,0,0,0,0,47,21,0,0,0,0,0,0,0,0,0,0,0,0,0,15,0,0,0,0,1164,0,0,0,128,0,0,0,0,0,118,0,0,0,9,0,0,0,0,0,0,0,0,0,0,0,0,0,0,0,340,0,0,0,0,0,0,0,0,0,0,0,0,0,0,0,0,0,0,0,0,23,0,0,0,0,0,4,0,0,0,0,0,60,0,0,0,215,0,0,0,0,0,0,0,0,0,0,0,0,0,0,0,0,0,0,0,0,0,0,4,678,0,0,0,0,0,0,0,0,0,0,0,0,0,0,0,0,0,0,0,0,0,0,674,0,0,0,0,0,0,0,0,0,0,0,0,0,0,0,0,0,0,0,0,0,0,0,0,0,6,0,0,0,0,0,0,0,30,317,0,0,89,0,0,0,0,0,0,0,0,3,0,0,4,0,0,0,0,0,0,0,0,0,0,0,0,0,0,0,0,0,0,0,0,0,0,0,21,0,29,2,0,0,0,0,0,0,7,0,0,0,2,0,0,10,0,18,0,0,0,0,0,2,0,0,0,0,0,0,0,0,0,0,0,9,153,0,0,0,0,0,0,0,0,0,0,0,36,1281,0,0,0,0,0,0,0,0,0,0,0,0,0,6062,0,3,0,0,0,0,2,60,0,0,0,7,0,95,0,0,9,0,0,0,2,0,0,0,0,442,0,0,0,5,0,0,0,0,0,0,2,0,0,3,0,0,0,0,0,0,0,0,0,0,0,0,0,0,8,404,137,0,0,0,0,0,0,8,0,0,0,0,0,0,0,6,7,0,0,60,0,0,13,0,0,0,0,0,0,0,0,0,75,0,0,0,0,191,109,0,0,6,0,0,0,3,0,0,9,0,0,0,0,0,0,0,0,0,0,0,0,217,0,0,1,0,0,0,0,0,0,0,0,0,0,0,1,0,0,0,29,0,0,0,0,6,0,0,0,0,0,0,263,0,0,0,0,0,250,0,5,0,0,0,0,0,0,0,0,0
"D193",0,0,0,0,0,49,0,0,0,0,0,0,3,0,0,0,0,0,26,0,0,0,0,0,239,0,0,0,0,0,0,3,0,0,0,0,0,0,0,0,0,0,0,240,230,0,0,162,0,0,0,0,0,0,0,0,0,0,19,0,0,0,0,0,0,0,0,0,0,0,0,0,0,0,9,1,0,0,0,0,0,0,0,0,0,0,0,0,0,24,0,0,3,1,0,0,0,0,0,0,0,0,0,0,0,0,265,0,0,0,0,0,0,0,0,0,0,0,0,0,0,0,0,0,0,0,0,0,0,1,0,0,124,0,0,0,0,0,9,0,0,0,0,0,0,0,0,0,0,2,0,0,0,0,0,0,0,0,0,0,0,0,1065,0,0,0,0,5,0,11,0,0,0,0,0,0,0,0,0,0,0,0,0,0,0,0,0,0,0,48,0,0,0,0,18,4,0,0,0,0,0,0,0,0,8,0,0,0,0,0,0,0,0,0,0,11,0,0,207,0,0,0,0,0,0,0,0,0,0,47,0,7,154,0,0,0,0,0,0,0,0,0,0,0,0,0,0,0,12,0,753,0,0,0,0,0,0,0,0,0,0,0,0,22,0,0,0,0,0,0,0,23,0,0,0,599,0,0,0,0,0,0,0,0,0,0,0,0,0,0,0,0,0,0,453,0,0,0,0,0,0,0,0,0,0,343,0,0,0,2222,306,0,0,0,0,0,0,446,0,0,46,2,0,0,0,0,0,0,0,0,0,0,0,0,0,0,0,0,18,2,0,0,0,0,0,0,0,0,0,12,0,0,0,0,0,0,3,0,0,0,0,0,0,0,0,0,0,0,0,0,0,0,0,0,0,0,0,0,0,0,0,0,0,0,0,0,121,0,0,0,0,0,0,0,0,0,0,0,0,0,0,78,3,2,0,0,0,0,0,0,0,0,0,778,0,0,0,0,0,0,0,0,0,0,0,0,0,0,0,0,0,0,0,0,0,0,33,0,168,0,0,0,0,0,0,0,0,0,0,0,0,0,0,0,0,0,0,0,0,0,0,0,0,0,0,0,0,52,0,0,0,0,0,0,0,0,0,0,2,0,0,0,0,2,0,0,0,0,1,0,0,303,0,0,0,0,0,0,0,0,0,0,0,0,0,0,0,0,0,0,0,91,0,0,0,0,0,0,0,0,0,0,0,0,23,0,0,0,0,28,0,0,0,0
"D194",0,0,0,0,0,0,0,0,0,0,0,0,0,0,0,0,0,0,0,0,0,0,0,0,0,0,0,0,0,0,0,0,0,0,0,0,0,0,0,0,0,0,0,0,0,0,0,0,0,0,0,0,0,0,0,0,0,0,0,0,0,0,0,0,0,0,0,0,0,0,0,0,0,0,0,0,0,0,0,2,0,0,0,0,0,0,0,0,0,0,0,0,0,0,0,0,0,11,0,0,0,0,0,0,0,0,0,0,0,0,0,0,0,0,0,0,0,0,0,0,0,0,0,0,0,0,0,0,0,0,0,0,0,0,0,0,0,0,0,0,0,0,0,0,0,0,0,0,0,0,0,0,0,0,0,0,0,0,0,0,0,0,0,0,0,0,0,0,0,0,0,0,0,0,0,10,0,0,0,0,0,0,0,0,0,0,0,0,0,0,0,0,0,0,0,0,0,0,0,0,0,0,0,0,35,0,0,0,0,0,0,0,0,0,0,0,0,0,0,0,0,0,0,0,0,0,0,0,0,0,0,0,0,0,0,0,0,0,0,0,0,0,0,0,0,0,0,0,0,0,0,0,0,0,0,0,9,0,0,0,0,0,0,0,0,0,0,0,0,0,0,0,0,0,0,0,0,0,0,0,0,0,0,0,0,0,0,0,0,0,0,0,0,0,0,0,0,0,0,0,0,0,0,0,0,0,0,0,0,0,0,0,0,0,0,0,0,0,0,0,0,0,0,0,0,0,0,0,0,0,0,0,0,0,0,0,0,0,0,0,0,0,0,0,0,0,0,0,0,0,0,0,0,0,0,0,0,0,0,0,0,0,0,0,0,0,0,0,0,0,0,0,0,0,0,0,0,0,0,0,0,0,0,0,0,0,0,0,0,0,0,0,0,0,0,0,0,0,0,0,0,0,0,0,0,0,0,0,0,0,0,0,0,0,0,0,0,0,0,0,0,0,0,0,0,0,0,0,0,0,0,0,0,0,0,0,0,0,0,0,0,0,0,0,0,0,0,0,0,213,0,0,0,0,0,0,0,0,0,0,0,0,0,0,0,0,0,0,0,0,0,0,0,0,0,0,0,0,0,0,0,0,0,0,0,0,0,0,0,0,0,0,0,0,0,0,0,2509,0,0,0,0,0,0,0,0,0,0,0,0,0,101,0,0,0,0,0,0,0,0,0,0,0,0,0,0,0,0,0,0,0,0,0,0
"D195",0,0,0,0,0,0,0,0,0,0,0,0,0,0,0,0,0,0,0,0,0,0,0,0,0,0,0,0,0,0,0,0,0,0,0,0,0,0,0,0,0,0,0,0,0,0,0,0,0,0,0,0,0,0,0,0,0,0,0,0,0,0,0,0,0,0,0,0,0,0,0,0,0,0,0,0,0,0,0,0,0,0,0,0,0,0,0,0,0,0,0,0,0,0,0,0,0,0,0,0,0,0,0,0,0,0,0,0,0,0,0,0,0,0,0,0,0,0,0,0,0,0,0,0,0,0,0,0,0,0,0,0,0,0,0,0,0,0,0,0,0,0,0,0,0,0,0,0,0,0,0,0,0,0,0,0,0,0,0,0,0,0,0,0,0,0,0,0,0,0,0,0,0,0,0,0,0,0,0,0,0,0,0,0,0,0,0,0,0,0,0,0,0,0,0,0,0,0,0,0,0,0,0,0,0,0,0,0,0,0,0,0,0,0,0,0,0,0,0,0,0,0,0,81,0,0,0,0,0,0,0,0,0,0,0,0,0,0,0,0,0,0,0,5768,0,0,0,0,0,0,0,0,0,0,0,0,0,0,0,0,0,0,0,0,0,0,0,0,0,0,0,0,0,0,0,0,0,0,0,0,0,0,0,0,0,0,0,0,0,0,0,0,0,0,0,0,0,0,0,0,0,0,0,0,0,0,0,0,0,0,0,0,0,0,0,1841,0,0,0,0,0,0,0,0,0,0,0,0,0,0,0,0,0,0,0,0,0,2,0,0,0,0,0,0,0,0,0,0,0,0,0,0,0,0,0,0,0,0,0,0,0,0,0,0,0,0,0,0,0,0,0,0,0,0,0,0,0,0,0,0,0,0,0,0,0,0,0,7993,0,0,0,0,0,0,0,0,0,0,0,0,0,0,0,0,0,0,0,0,0,0,0,0,0,0,0,0,0,0,0,0,0,0,0,0,0,0,0,0,0,0,0,0,0,47,0,0,0,0,0,0,0,0,0,0,0,0,0,0,0,0,0,0,0,0,0,0,0,0,0,0,0,0,0,1444,0,0,0,0,0,0,0,0,0,0,0,0,0,0,0,0,0,0,0,0,0,0,0,0,0,0,0,0,0,0,0,0,0,0,0,0,0,0,0,0,0,0,0,0,0,0,0,0,0,0,0,0,0,0,0,0,0,0,0,0,0,0,0,0,0,0,0,0,0,0
"D196",0,0,0,0,0,0,0,0,0,0,0,0,0,0,0,0,0,0,0,0,0,0,0,0,0,0,0,0,0,0,0,0,0,0,0,0,0,0,0,0,0,0,0,0,0,0,0,0,2,0,0,0,0,0,0,0,0,0,0,0,0,0,0,0,0,0,0,0,0,0,0,0,0,0,0,0,0,0,0,0,0,0,0,6,0,0,0,0,0,1,0,0,0,0,0,0,0,0,0,0,0,0,0,0,0,0,0,0,0,0,0,2,0,0,0,0,0,0,0,0,0,0,0,0,0,0,0,0,0,0,0,0,0,0,0,0,0,0,0,0,0,0,0,0,0,0,0,0,0,0,0,0,0,0,0,0,0,0,0,0,0,0,0,0,0,0,0,0,0,0,399,0,0,0,0,0,0,0,0,0,0,0,0,0,0,0,0,0,0,0,0,0,0,0,0,0,0,0,0,0,0,0,0,0,2,0,3,0,0,0,0,0,0,444,0,0,0,0,0,0,0,0,0,0,0,0,0,0,0,0,0,0,0,0,0,0,0,0,0,0,0,0,0,0,0,0,0,0,0,0,0,0,0,0,0,0,0,0,0,0,0,0,0,4,0,0,0,0,0,0,0,0,0,0,0,0,0,0,0,0,0,0,0,0,0,0,0,0,0,3,0,0,0,0,0,8,0,0,0,0,0,0,0,0,0,0,0,0,0,0,0,0,0,0,0,0,0,0,0,0,0,0,0,0,0,0,0,0,0,0,0,0,0,0,0,0,0,0,0,0,0,0,0,0,0,0,0,0,0,0,0,0,0,0,0,0,0,0,0,0,0,0,0,0,0,0,0,0,0,0,0,0,0,0,0,0,0,0,0,0,0,0,0,0,0,0,0,0,0,0,0,0,0,0,0,0,0,0,0,0,0,0,0,0,0,0,0,0,0,0,0,0,0,0,0,0,0,0,0,0,0,0,0,1,0,0,0,0,0,0,0,0,0,0,22,0,0,0,0,0,0,0,0,0,0,0,0,0,0,0,0,0,0,0,0,0,0,0,0,0,0,0,0,0,0,0,0,0,0,0,0,0,0,0,0,0,0,0,0,0,0,0,0,0,0,0,0,0,0,0,0,0,0,0,0,0,0,0,0,0,0,0,0,0,0,0,0,0,0,0,0,10,0,0,0,0,0,0,0,0,0,0,0,0,0,0,0,0,0,0,0,0,0,0
"D197",0,0,0,0,0,0,0,41,48,0,0,0,4,0,0,0,0,0,0,0,0,0,0,0,0,0,0,0,0,0,22,1651,0,0,0,3,3,0,0,0,0,0,0,0,0,0,0,0,0,0,0,0,0,0,0,0,0,0,0,0,0,2,0,0,0,0,0,0,0,0,0,0,0,205,0,0,0,0,99,68,0,0,0,13,0,0,0,0,0,0,0,0,0,0,120,0,0,0,0,0,0,0,0,0,0,0,0,0,0,0,0,2,0,0,422,0,0,0,13,0,0,0,0,0,30,0,0,0,3,6,0,0,0,0,0,0,0,0,0,0,0,0,0,0,24,0,0,0,0,0,0,0,0,0,0,0,0,0,0,2,1038,2,0,0,2,0,2,0,0,0,0,0,28,0,0,0,0,0,0,0,0,74,0,0,0,0,0,0,0,0,0,0,0,0,0,0,0,0,0,0,0,700,0,0,0,0,0,0,0,0,0,0,0,108,0,0,0,0,0,0,0,0,0,0,157,0,0,0,2,0,0,43,0,0,0,0,0,0,0,0,2,0,0,0,0,0,0,0,0,0,0,0,0,0,0,0,0,0,0,0,0,2,0,21,0,0,3,5,0,0,0,2,0,0,0,0,0,0,0,0,0,0,0,0,0,0,0,0,0,0,0,0,0,0,0,0,0,0,0,0,0,0,128,0,22,8,0,0,0,25,0,0,0,0,0,0,0,0,0,12,0,0,0,0,0,0,0,515,0,0,0,0,0,0,0,0,0,0,1,0,0,0,0,0,0,0,0,0,0,3,0,615,10,0,0,0,83,0,0,0,8,0,0,0,0,0,0,1581,0,0,0,2,0,0,0,0,0,0,0,0,0,389,0,0,89,0,0,0,0,0,0,0,0,14,0,0,0,0,0,0,0,0,0,0,80,3,0,0,0,0,0,0,0,2,0,0,0,0,0,0,254,0,2039,0,0,0,0,0,0,0,0,2,0,0,0,0,0,0,0,0,8,0,0,121,0,0,0,0,0,0,0,0,2,0,2,0,0,0,0,0,0,12,0,0,0,0,0,0,0,0,0,0,0,0,0,0,0,0,0,113,0,0,0,0,0,0,0,0,0,0,522,171,0,0,0,2,0,0,6,0,0,0,2,0,2,0,0,0,0,0,0,0,0,0,0,0,0,0,0,0,0,0,1313,0,18,0,0,0,0,0,217,0,0,0
"D198",0,0,0,0,0,0,0,0,0,0,0,0,0,0,0,0,0,0,0,0,0,0,0,0,0,0,0,0,0,0,0,0,0,0,0,0,0,0,0,0,0,0,0,0,0,0,0,0,0,0,0,0,0,0,0,0,0,0,0,0,0,0,0,0,0,0,0,0,0,0,0,0,0,0,0,0,0,0,0,0,0,0,0,0,0,0,0,0,0,0,0,0,0,0,0,0,0,44,0,0,0,0,0,0,0,0,0,0,0,0,0,0,0,0,0,0,0,0,0,0,0,0,0,0,0,0,0,0,0,0,0,0,0,0,0,0,0,0,0,0,0,0,0,0,0,0,0,0,0,0,0,0,0,0,0,0,0,0,0,0,0,0,0,0,0,0,0,0,0,0,0,0,0,0,0,0,0,0,0,0,0,0,0,0,0,0,0,0,0,0,0,0,0,0,0,0,0,0,0,0,0,0,0,0,1774,0,0,0,0,0,0,0,0,0,0,0,0,0,0,0,0,0,0,0,0,0,0,0,0,0,0,0,0,0,0,0,0,0,0,0,0,0,0,0,0,0,0,0,0,0,0,0,0,0,0,0,0,0,0,0,0,0,0,0,0,0,0,0,0,0,0,0,0,0,0,0,0,0,0,0,0,0,0,0,0,0,0,0,0,603,0,0,0,0,0,0,0,0,0,0,0,0,0,0,0,0,0,0,0,0,0,0,0,0,0,0,0,0,0,0,0,0,0,0,0,0,0,0,0,0,0,0,0,0,0,0,0,0,0,0,0,0,0,0,0,0,0,0,0,0,0,0,0,0,0,0,0,0,0,0,0,0,0,0,0,0,0,0,0,0,0,0,0,0,0,0,0,0,0,0,0,0,0,0,0,0,0,0,0,0,0,0,0,0,0,0,0,0,0,0,0,0,0,0,0,0,0,0,0,2,0,0,0,0,0,0,0,0,0,0,0,0,0,0,0,0,0,0,0,0,0,0,0,0,0,0,0,0,0,0,0,0,0,0,0,0,0,0,0,494,0,0,0,0,0,0,0,0,0,0,0,0,0,0,0,0,0,0,0,0,0,0,0,0,0,0,0,0,0,0,0,0,0,0,0,0,0,0,0,0,0,0,0,0,0,0,0,17358,0,0,0,0,0,0,0,0,0,0,0,0,0,16,0,0,0,0,0,0,0,0,0,0,0,0,0,0,0,0,0,0,0,0,0,0
"D199",0,696,0,0,0,0,0,0,0,0,0,61,0,0,7,0,0,37,0,0,464,0,0,0,0,5,0,66,0,0,0,0,0,0,0,0,0,0,0,0,0,0,10,0,14,0,0,0,0,0,0,0,0,0,0,0,314,16,0,2,0,0,778,0,0,0,0,0,0,0,0,0,0,0,0,0,0,0,0,0,0,0,0,0,12,0,0,0,0,0,0,0,0,0,0,0,0,0,0,333,7,0,0,0,4,0,0,0,0,0,0,0,0,0,0,14,0,0,0,0,0,0,0,0,0,0,0,0,0,0,0,0,0,0,0,0,0,0,0,0,0,0,0,0,0,0,0,0,0,0,0,0,0,0,0,0,0,0,0,0,0,0,0,0,0,0,0,0,0,0,0,0,0,0,0,0,0,1,1,0,0,0,0,0,0,0,0,0,0,0,0,0,0,0,0,0,0,0,0,0,9,0,0,0,0,0,1126,0,0,0,0,0,0,0,0,0,0,0,0,0,0,11,0,0,3,0,0,0,0,0,0,0,0,0,0,0,0,0,0,0,0,5,0,0,0,0,228,0,0,0,0,40,0,0,294,0,0,0,0,0,0,0,1,0,0,0,0,0,0,0,0,0,0,0,0,0,0,0,0,1475,0,0,0,0,0,0,0,0,0,0,0,0,0,0,0,0,0,0,0,2234,0,0,0,0,0,0,0,0,0,0,0,0,0,0,491,0,0,0,0,0,0,0,0,0,0,0,0,0,0,0,0,0,0,2,0,0,0,0,0,0,0,0,0,0,0,0,0,0,0,0,0,0,0,0,0,0,0,0,0,0,0,0,0,0,0,0,0,0,0,0,0,0,0,0,0,0,75,0,0,22,0,0,0,0,0,0,0,0,0,0,0,0,0,0,0,0,0,0,7,5,0,0,0,0,0,0,0,0,0,0,0,0,0,0,0,0,0,0,0,0,0,0,0,0,0,0,0,0,0,0,0,0,0,0,0,0,0,0,0,4,0,232,0,0,0,0,129,1185,0,0,0,0,0,0,0,324,0,36,0,63,3,0,0,0,0,0,0,0,0,0,0,0,0,3,0,0,0,0,0,0,0,0,0,0,0,0,0,0,0,145,0,0,56,0,28,0,0,0,0,0,0,0,0,0,0,29,0,0,406,0,0,59,47,3,0,0,0,0,0,0,0,0,0,0,0,0,0,93,0,0,0,3,0,0
"D200",0,0,0,0,0,0,0,12,0,0,0,0,0,0,0,0,0,0,0,0,0,0,0,0,0,0,0,0,0,12,0,0,0,0,0,1,0,0,0,0,0,2,0,0,0,0,0,0,0,0,0,0,0,0,0,0,0,0,0,89,0,0,0,0,0,0,0,0,0,0,0,0,0,111,0,0,0,0,3171,0,0,0,0,18,0,0,0,0,220,0,0,0,0,0,612,5,0,0,0,0,0,0,0,0,0,0,0,0,0,0,0,0,0,0,684,0,0,0,0,0,0,0,0,0,621,0,0,0,0,0,0,0,0,3,0,0,0,0,0,0,0,0,0,0,0,0,0,0,0,0,0,0,0,0,0,0,0,0,0,0,127,0,0,0,0,0,0,0,4,0,0,0,1599,0,0,0,0,0,0,23,0,137,0,0,0,0,0,0,0,0,0,0,0,0,0,0,0,0,0,0,0,0,0,12,0,0,0,0,19,0,0,0,0,45,0,0,0,0,0,0,0,0,3,0,0,0,0,0,0,0,0,25,0,0,0,0,0,0,0,0,0,0,0,0,0,0,0,0,17,0,0,0,0,0,0,0,0,0,0,0,0,0,0,0,0,0,0,29,0,0,0,0,0,0,0,0,0,0,0,0,0,0,0,0,0,0,0,0,0,0,0,0,0,0,0,0,0,0,0,0,0,0,1093,0,4,0,0,0,0,0,0,0,6,0,0,0,0,0,0,28,0,0,0,0,0,0,0,569,0,0,0,0,0,0,0,0,0,0,0,0,0,0,0,0,0,0,0,0,0,0,0,1621,0,48,0,84,0,0,0,0,935,0,0,0,0,0,0,0,0,0,0,0,0,0,0,6,0,0,0,0,0,327,0,0,11,0,0,0,0,0,0,0,0,2369,0,0,0,11,0,0,0,0,0,0,0,0,0,0,0,0,0,0,0,0,0,0,0,0,0,0,0,0,1283,822,23,0,0,0,0,0,0,0,0,0,0,0,0,0,0,0,0,0,0,197,0,0,0,0,0,0,0,0,0,0,0,0,529,0,0,0,0,0,0,0,0,0,0,0,0,0,0,0,5,0,0,0,0,0,0,35,0,0,0,0,0,3860,0,0,0,0,0,22,0,0,0,0,0,0,0,0,0,0,0,0,0,0,0,0,0,0,0,0,0,0,0,0,0,0,0,30,0,0,3776,0,0,0,0,0,0,0,0,0,0,0
"D201",0,0,0,0,0,0,0,0,0,0,0,0,0,0,0,0,0,0,0,0,0,0,0,407,0,0,0,0,0,0,0,0,0,0,0,0,0,0,0,0,0,0,0,0,0,0,0,0,0,0,0,0,0,0,0,0,0,0,0,0,0,0,0,0,0,0,0,0,7,0,0,0,0,0,0,0,0,0,0,0,0,0,0,0,0,0,0,0,0,0,0,0,0,0,0,0,554,0,0,0,0,0,9,0,0,0,0,722,52,0,0,0,0,0,0,0,0,0,0,190,0,0,0,0,0,0,0,58,0,0,0,0,0,0,0,0,0,0,0,0,0,0,0,0,0,0,0,0,0,0,0,0,262,0,0,0,0,0,0,0,0,0,0,0,0,0,0,0,0,0,0,0,0,0,0,0,0,0,0,0,0,0,0,15,0,0,0,0,0,0,0,0,0,0,0,0,91,0,0,0,0,0,0,0,0,0,0,0,0,0,0,0,0,0,0,0,0,0,0,0,0,0,3,0,0,0,0,0,0,0,0,0,0,0,9559,949,0,0,0,0,0,0,0,0,0,0,0,0,0,0,4,0,0,0,0,0,0,0,0,0,0,0,0,0,0,0,0,0,0,0,0,0,0,0,0,0,0,0,0,0,0,0,0,0,626,0,0,0,0,0,0,0,0,0,0,0,0,0,0,0,0,0,0,0,0,0,0,0,0,0,0,0,0,0,0,0,232,0,0,0,0,0,0,0,0,0,0,0,0,0,0,0,0,0,0,0,0,0,0,0,0,0,0,0,0,0,0,1085,0,0,0,0,0,0,0,0,0,0,0,0,0,0,112,0,0,0,439,0,0,0,26,0,0,58,0,0,0,0,0,0,0,0,0,0,0,0,0,0,0,0,0,0,0,0,0,0,0,0,0,0,0,0,0,56,0,0,0,0,0,0,0,1213,0,0,0,0,0,0,0,0,0,0,0,0,0,0,206,0,0,0,0,0,0,0,0,0,0,0,0,0,0,0,27,0,339,0,0,0,0,0,0,0,0,0,0,0,0,0,0,0,0,0,0,0,0,0,0,0,0,0,0,0,0,0,259,0,0,0,0,0,0,0,0,0,0,0,0,0,0,0,0,0,0,0,0,0,167,0,0,0,0,0,0,5,0,0,0,0,0,0,0,0,0,0,0,0,0,0,0,0,0,780,0,0,0,0,0,0,0,0,0,0,0,0
"D202",17,23,20,1179,1,37,432,2,0,0,2,0,0,0,0,0,0,0,37,41,6,1,1,17,9,14,1,0,0,5,47,9,1,0,0,8,0,0,0,63,0,0,0,0,0,13,314,35,112,0,73,6,0,0,7,12,0,18,0,8,411,0,0,67,0,0,0,2,28,0,13,3,0,0,17,0,4,0,0,0,0,13,0,0,0,0,0,0,0,7,0,0,0,0,0,1,57,0,44,0,0,5,8847,927,0,0,20,220,10,2,0,21,0,2,0,0,0,0,0,45,48,6,0,19,0,0,7,36,0,2,32,0,26,7,0,0,27,12,46,0,61,2,0,250,0,0,0,0,0,32,9,0,13,14,35,5,4930,7,3,0,0,0,118,5,0,33,0,223,4,12,0,0,0,20,10,0,0,0,1,0,5,0,2,2,0,10,4,1,0,14,0,6,0,19,5,14,462,0,26,2,0,22,0,1,15,0,13,1,3,18,0,0,3,0,10,4,553,0,10,0,6,1,0,3,0,7,0,5,0,1,0,47,0,5,790,5,0,3435,11,0,0,0,0,0,0,0,30,297,0,0,21,0,0,0,63,582,53,9,0,56,262,0,0,17,0,0,0,0,11,0,10,0,0,1,0,225,5,52,0,4,39,0,0,1,22,37,19,0,484,2,0,184,0,3,38,0,9,0,326,0,0,18,0,6,2,129,0,11,7,34,45,6,0,4,14,7,36,27,0,1,3,10,2,19,0,447,49,0,9,141,3,0,0,0,0,0,0,225,13,0,4,1,0,10,0,4,3,47,4,14,2,0,0,0,2,0,0,5,20,0,15,102,23,20,0,0,33,0,0,8,0,7,0,0,2,0,0,7,0,3,0,0,0,2,0,2,8,0,0,27,0,103,0,0,0,0,2,8,0,0,0,10,15,0,0,0,0,0,4,35,0,35,0,78,58,0,5,44,0,18,20,12,0,0,0,1183,191,4,0,4,0,0,4,8,2,0,0,0,18,0,0,0,2,0,19,164,42,8,1,0,19,10,0,0,2,0,0,9,0,0,20,0,0,22,9,118,0,9,31,0,0,12,0,0,65,0,0,4,40,0,10,0,0,0,7,0,0,8,0,0,0,4,0,0,4,8,17,0,7,30,30,0,30,4,80,0,0,2,1,0,0,0,0,0,25,7,0,0,0,0,12,17,0,0,6,0,0,15,0,6,7,3,0,49
"D203",0,0,0,0,0,0,0,0,0,0,0,0,0,0,0,0,0,0,0,0,0,0,0,0,0,0,0,0,0,0,0,0,0,0,0,0,0,0,0,0,0,0,0,0,0,0,0,0,0,0,0,0,0,0,0,0,0,0,0,0,0,0,0,0,0,0,0,0,0,0,0,0,0,0,0,0,0,0,0,0,0,0,0,0,0,0,0,0,0,0,0,0,0,0,0,0,0,0,0,0,0,0,0,0,0,0,0,0,0,0,0,0,0,0,0,0,0,0,0,0,0,0,0,0,0,0,0,0,0,0,0,0,0,0,0,0,0,0,0,0,0,0,0,0,0,0,0,0,0,0,0,0,0,0,0,0,0,0,0,0,0,0,0,0,81,0,0,0,0,0,0,0,0,0,0,0,0,0,0,0,0,0,0,0,0,0,0,0,0,0,0,0,0,0,0,0,0,0,0,0,0,0,0,0,0,0,0,0,0,0,0,0,0,0,0,0,0,0,0,0,0,0,0,0,0,0,0,0,0,0,0,0,0,0,0,0,0,0,0,0,0,0,0,0,0,0,0,0,0,0,0,0,0,0,0,0,0,0,0,0,0,0,0,0,0,0,0,0,0,0,0,0,0,0,0,0,0,0,0,0,0,0,0,0,0,0,0,0,0,0,0,0,0,0,0,0,0,0,0,0,0,0,0,0,0,0,0,0,0,0,0,0,0,0,0,0,0,0,0,0,0,0,0,0,0,0,0,0,0,0,0,0,0,0,0,0,0,0,0,0,0,0,0,0,0,0,0,0,0,0,0,0,0,0,0,0,0,0,0,0,0,0,0,0,0,0,0,0,0,0,0,0,0,0,0,0,0,0,0,0,0,0,0,0,0,0,0,0,0,0,0,0,0,0,0,0,0,0,0,0,0,0,0,0,0,0,0,0,0,0,0,0,0,0,0,0,0,0,0,0,0,0,0,0,0,0,0,0,0,0,0,0,0,0,0,0,0,0,0,0,0,0,0,0,0,0,0,0,0,0,0,0,0,0,0,0,0,0,0,0,0,0,0,0,0,0,0,0,0,0,0,0,0,0,0,0,0,0,0,0,0,0,0,0,0,0,0,0,0,0,0,0,0,0,0,0,0,0,0,0,0,0,0,0,0,0,0,0,0,0,0,0,0,0,0,0,0,0,0,0,0,0,0,0,0,0,0,0,0,0,0,0,0,0
"D204",0,0,0,0,0,0,0,0,0,0,0,0,0,0,0,0,0,0,0,0,0,0,0,0,0,0,0,0,0,0,0,0,0,0,0,0,0,0,0,0,0,0,0,0,0,0,0,0,0,0,0,0,0,0,0,0,0,0,0,0,0,0,0,0,0,0,0,0,0,0,0,0,0,0,0,0,0,0,0,0,0,0,0,0,0,0,0,0,0,0,0,0,0,0,0,0,0,2,0,0,0,0,0,0,0,0,0,0,0,0,0,2,0,0,0,0,0,0,0,0,0,0,0,0,0,0,0,0,0,0,0,0,0,0,0,0,0,0,0,0,0,0,0,0,0,0,0,0,0,0,0,0,0,0,0,0,0,0,0,0,0,0,0,0,0,0,0,0,0,0,68,0,0,0,0,0,0,0,0,0,0,0,0,0,0,0,0,0,0,0,0,0,0,0,0,0,0,0,0,0,0,0,0,0,7,0,0,0,0,0,0,0,0,67,0,0,0,0,0,0,0,0,0,0,0,0,0,0,0,0,0,0,0,0,0,0,0,0,0,0,0,0,0,0,0,0,0,0,0,0,0,0,0,0,0,0,0,0,0,0,0,0,0,0,0,0,0,0,0,0,0,0,0,0,0,0,0,0,0,0,0,0,0,0,0,0,0,0,0,2,0,0,0,0,0,36,0,0,0,0,0,0,0,0,0,0,0,0,0,0,0,0,0,0,0,0,0,0,0,0,0,0,0,0,0,0,0,0,0,0,0,0,0,0,0,0,0,0,0,0,0,0,0,0,0,0,0,0,0,0,0,0,0,0,0,0,0,0,0,0,0,0,0,0,0,0,0,0,0,0,0,0,0,0,0,0,0,0,0,0,0,0,0,0,0,0,0,0,0,0,0,0,0,0,0,0,0,0,0,0,0,0,0,0,0,0,0,0,0,0,0,0,0,0,0,0,0,0,0,0,0,0,0,0,0,0,0,0,0,0,0,0,0,0,2,0,0,0,0,0,0,0,0,0,0,0,0,0,0,0,0,0,0,0,0,0,0,0,0,0,0,0,0,2,0,0,0,0,0,0,0,0,0,0,0,0,0,0,0,0,0,0,0,0,0,0,0,0,0,0,0,0,0,0,0,0,0,0,0,0,0,0,0,0,0,0,0,0,0,0,0,27,0,0,0,0,0,0,0,0,0,0,0,0,0,0,0,0,0,0,0,0,0,0
"D205",0,0,0,0,0,0,0,0,0,0,0,0,0,0,0,0,0,0,0,0,0,0,0,0,0,0,0,0,0,0,0,0,0,0,0,0,0,0,0,0,0,0,0,0,0,0,0,0,2,0,0,0,0,0,0,0,0,0,0,0,0,0,0,0,0,0,0,0,0,0,0,0,0,0,0,0,0,0,0,0,0,0,0,0,0,0,0,0,0,0,0,0,0,0,0,0,0,0,0,0,0,0,0,0,0,0,0,0,0,0,0,0,0,0,0,0,0,0,7,0,0,0,0,0,0,0,0,0,0,0,0,0,0,0,0,0,0,0,0,0,0,0,0,0,0,0,0,0,0,0,0,0,0,0,0,0,0,0,0,0,0,0,0,0,0,0,0,0,0,0,0,0,0,0,0,0,0,0,0,0,0,0,0,0,0,0,0,0,0,0,0,0,0,0,0,0,0,0,0,0,0,0,0,0,3,0,0,0,0,0,0,0,0,0,0,0,0,0,0,0,0,0,6,0,0,0,0,0,0,0,0,0,0,0,0,0,0,0,0,0,0,0,0,0,0,0,0,0,0,0,0,0,0,0,0,0,0,0,0,0,0,0,0,0,0,0,0,0,0,0,0,0,0,0,0,0,0,0,0,0,0,0,0,0,0,0,0,0,0,0,0,0,0,0,0,0,0,0,0,0,0,0,0,0,0,0,0,0,0,0,0,0,0,0,0,0,0,0,0,0,0,0,0,0,0,0,0,0,0,0,0,0,0,0,0,0,0,0,0,0,0,0,0,0,0,0,0,0,0,0,0,0,0,0,0,0,0,0,0,0,0,0,0,0,0,0,0,0,0,0,0,0,0,0,0,0,0,0,0,0,0,0,0,0,0,0,0,0,0,0,0,0,0,0,0,0,0,0,0,0,0,0,0,0,0,0,0,0,0,0,0,0,0,0,0,0,0,0,0,0,0,0,0,0,0,0,0,0,0,0,0,0,0,0,0,0,0,0,0,0,0,0,0,0,0,0,9,0,0,0,0,0,0,0,0,0,0,0,0,0,0,0,0,0,0,0,0,0,0,0,0,0,0,0,0,0,0,0,0,0,0,0,0,0,0,0,0,0,0,0,0,0,0,0,0,0,0,0,0,0,0,0,0,0,2,0,0,0,0,0,0,4,0,0,0,0,16,0,0,0,0,0,0,0,0,0,0,0,0,0,0,0,0,0
"D206",0,2,0,971,0,0,42,0,0,0,0,0,0,0,0,0,0,0,5,2,0,0,0,70,0,0,14,0,0,0,0,2,0,0,0,0,0,0,0,0,0,0,0,0,0,0,38,0,0,0,0,0,0,0,0,2,2,0,0,0,64,0,0,0,0,0,3,0,18,0,0,0,0,0,3,0,0,0,0,0,0,0,0,0,0,0,0,0,0,0,0,0,0,0,0,0,1000,0,0,0,0,0,8248,54,0,0,2,923,32,0,6,0,0,0,0,0,0,0,0,66,0,0,0,105,0,0,6,63,0,0,0,0,0,0,2,0,4,0,0,0,2,0,0,171,0,0,0,0,0,0,0,0,7,0,11,0,488,2,0,0,0,0,0,0,0,2,0,0,0,0,0,1,1,21,0,0,0,0,0,0,0,0,0,9,0,0,0,0,0,0,5,0,0,0,0,0,250,75,0,0,0,0,0,0,2,0,0,0,0,0,0,0,0,2,0,0,88,0,0,0,0,0,0,0,0,5,0,0,0,0,0,0,0,0,5068,24,0,55,0,0,0,0,0,4,0,0,0,0,0,0,0,0,0,0,2,6,3,0,0,2,9,0,0,0,0,0,0,0,2,0,0,0,0,0,0,9,0,3,0,0,0,0,0,0,45,0,0,0,0,0,0,15,0,0,0,0,0,0,14,0,0,0,0,0,0,9,0,2,0,3,11,0,0,0,0,4,267,0,0,0,0,0,0,0,0,4,6,0,0,8,0,0,0,0,0,0,0,0,0,0,0,0,0,0,0,0,0,233,0,0,0,0,0,0,0,0,0,0,0,0,0,369,23,0,0,0,12,0,0,0,7,0,0,3,0,0,0,0,0,0,0,0,0,0,0,0,0,0,0,4,0,8,0,0,0,0,0,0,0,0,4,0,111,12,0,0,0,0,0,0,0,131,0,3,7,0,0,0,0,3,0,0,0,0,0,0,167,0,0,0,0,0,0,0,0,0,0,0,0,0,0,0,11,0,0,0,0,0,0,0,0,0,0,0,0,0,0,0,0,0,0,0,12,79,1202,14,0,0,0,0,0,0,0,0,0,0,0,2,2,0,0,0,0,0,0,0,0,0,0,0,0,2,0,0,0,0,207,0,0,0,0,0,0,0,4,0,0,0,0,0,0,0,0,0,0,0,0,0,0,0,0,94,0,0,0,0,0,0,0,0,0,0,2,0
"D207",0,0,0,0,0,0,0,0,0,0,0,0,0,0,0,0,0,0,0,0,0,0,0,0,0,0,0,0,0,0,0,0,0,0,0,0,0,0,0,0,0,0,0,0,0,0,0,0,0,0,0,0,0,0,0,0,0,0,0,0,0,0,0,0,0,0,0,0,0,0,0,0,0,0,0,0,0,0,0,0,0,0,0,0,0,0,0,0,0,0,0,0,0,0,0,0,0,0,0,0,0,0,0,0,0,0,0,0,0,0,0,0,0,0,0,0,0,0,0,0,0,0,0,0,0,0,0,0,0,0,0,0,0,0,0,0,0,0,0,0,0,0,0,0,0,0,0,0,0,0,0,0,0,0,0,0,0,0,0,0,0,0,0,0,0,0,0,0,0,0,0,0,0,0,0,0,0,0,0,0,0,0,0,0,0,0,0,0,0,0,0,0,0,0,0,0,0,0,0,0,0,0,0,0,0,0,0,0,0,0,0,0,0,0,0,0,0,0,0,0,0,0,0,0,0,0,0,0,0,0,0,0,0,0,0,0,0,0,0,0,0,0,0,0,0,0,0,0,0,0,0,0,0,0,0,0,0,0,0,0,0,0,0,0,0,0,0,0,0,0,0,0,0,0,0,0,0,0,0,0,0,0,0,0,0,0,0,0,0,0,0,0,0,0,0,557,0,0,0,0,0,0,0,0,0,0,0,0,0,0,0,0,0,0,0,0,0,0,0,0,0,0,0,0,0,0,0,0,0,0,0,0,1,0,0,0,0,0,0,0,0,0,0,0,0,0,0,0,0,0,0,0,0,0,0,0,0,0,0,0,0,0,0,0,0,0,0,0,0,0,0,0,0,0,0,0,0,0,0,0,0,0,0,0,0,0,0,0,0,0,0,0,0,0,0,0,0,0,0,0,0,0,0,0,0,0,0,0,0,0,0,0,0,0,0,0,0,0,0,0,0,0,0,0,0,0,0,0,0,0,0,0,0,0,0,0,0,0,0,0,0,0,0,0,0,0,0,0,0,0,0,0,0,0,0,0,0,0,0,0,0,0,0,0,0,0,0,0,0,0,0,0,0,0,0,0,0,0,0,0,0,0,0,0,0,0,0,0,0,0,0,0,0,0,0,0,0,0,0,0,0,0,0,0,0,0,0,0,0,0,0,0,0,0,0,0,0,0,0,0,0,0,0,0,0,0,0,0,0,0,0,0,0,0
"D208",0,0,13,0,0,2,0,26,0,0,0,0,0,0,0,1,21,0,0,0,0,4,0,0,0,0,0,0,0,117,1,0,0,0,0,0,53,4,0,0,0,0,0,0,0,0,0,30,2,56,30,9,1,0,0,0,0,0,0,3,2,398,0,166,0,0,0,37,0,0,0,166,0,0,0,0,0,0,12,0,2,0,7,0,0,0,7,4,0,4,0,3,29,3,0,0,0,0,7,116,0,1,0,0,0,6,0,0,0,0,0,3,0,0,627,4,0,0,0,0,0,38,5,0,3,0,0,0,11,7,2,2,2,2,0,0,0,0,66,0,0,0,0,0,6,18,0,0,0,0,0,0,0,0,0,3,0,0,18,14,0,4,2,0,10,0,2,0,21,0,0,0,0,0,11,0,15,2,0,4,38,11,17,0,0,0,0,0,4,0,0,0,0,0,0,0,0,0,0,62,0,0,0,9,0,5,0,0,2,0,0,0,0,0,0,29,0,0,0,0,0,1,0,0,1,0,12,35,0,0,3,7,0,5,0,0,0,0,0,0,37,0,0,0,0,0,0,0,0,0,0,8,12,5,150,0,0,0,0,0,4,0,0,0,0,0,52,0,0,0,0,0,0,2,0,0,0,0,15,0,26,0,9,2,0,4,0,0,0,0,0,0,1,0,0,0,0,18,0,0,0,36,0,0,0,7,0,0,0,7,0,0,0,3,17,0,0,0,182,0,0,32,20,0,5,0,0,41,0,0,0,0,3,0,1,45,2,0,0,0,0,0,3,79,0,2,20,0,0,5,6,0,0,0,0,0,2,6,30,0,0,0,0,0,1,0,0,0,0,50,0,0,48,0,29,0,7,0,80,0,7,3,0,0,99,29,3,0,0,0,0,0,4,0,0,7,0,29,0,4,450,0,0,0,43,9,6,0,0,0,10,0,0,3,0,18,3,91,0,0,0,0,0,0,0,0,0,0,0,6,13,0,2,0,13,23,0,14,0,5,0,0,0,0,0,0,36,0,0,0,0,49,0,0,207,0,0,5,14,0,0,2,0,0,0,0,3,260,154,2,0,0,7,0,0,0,0,0,0,0,5,0,13,10,16,0,5,9,0,0,493,0,0,31,0,25,0,0,67,0,25,0,66,0,0,4,5,30,0,0,4,0,6,1,4,0,0,3,0,59,11,0,3,64,4,9,0,52,0,0,4,0,0,0
"D209",0,0,1,263,0,0,143,0,5,14,0,0,0,0,0,0,0,0,76,0,41,0,0,11,0,3,53,0,34,60,53,0,9,0,0,0,0,0,6,0,64,0,24,0,0,0,516,0,0,11,0,0,0,0,0,36,0,18,24,25,100,0,76,0,1,0,26,0,0,13,27,7,0,11,0,0,17,0,0,0,0,0,0,0,0,0,12,0,0,0,0,0,0,0,0,0,166,0,13,60,0,0,2932,194,0,2,0,167,4,0,40,0,65,0,0,0,20,0,0,53,0,0,0,573,0,6,71,22,0,0,5,0,0,0,0,0,14,34,0,0,0,0,0,33,0,13,0,75,0,2,30,0,8,0,58,0,1352,0,0,0,0,0,16,0,22,0,0,0,0,0,0,132,0,0,0,0,0,0,0,18,0,0,22,11,8,26,6,0,0,0,0,0,0,0,0,0,262,13,16,0,23,0,0,0,0,0,479,0,0,30,0,0,0,0,0,0,233,0,0,0,106,0,0,15,0,40,0,61,0,17,0,0,0,25,1424,0,0,77,0,0,0,7,0,0,0,0,29,0,0,0,4,10,0,0,79,110,0,0,0,0,27,0,37,0,0,12,0,0,0,0,0,0,0,84,29,22,10,56,0,0,62,0,0,6,29,47,0,25,51,0,18,13,0,14,0,0,0,24,557,11,40,58,0,0,0,0,109,0,14,3,977,0,0,9,12,10,17,0,0,0,13,0,57,0,4,18,0,0,0,36,0,0,40,0,12,0,27,87,122,0,952,21,0,2,0,17,4,32,0,6,0,0,0,0,0,0,0,23,0,0,0,29,0,0,26,24,87,14,0,0,22,0,0,23,0,0,15,45,0,7,0,11,19,12,0,19,0,7,2,0,27,65,0,0,22,72,0,0,16,0,32,3,509,23,0,0,0,19,12,0,115,187,0,16,0,0,0,18,0,0,0,16,0,0,0,207,69,41,0,0,7,0,0,0,31,23,0,0,0,27,0,93,7,0,33,0,61,65,0,0,0,17,0,0,27,0,0,4,0,9,12,0,37,791,19,304,0,0,3,32,102,0,4,20,19,21,0,7,10,0,1,0,0,5,0,0,0,0,0,0,0,18,0,16,0,70,0,0,0,0,0,0,64,41,0,0,0,7,7,0,0,0,0,1,0,0,0,0,0,0,0,41,0,0,0,0,0,143,0,0,0,0,74,12
"D210",0,0,0,0,0,0,0,0,0,28,0,0,0,132,69,0,0,75,0,0,33,0,0,0,0,0,0,0,0,0,2,0,0,0,0,0,0,0,4,0,0,0,0,0,52,0,0,0,0,0,0,0,0,0,0,0,0,0,0,28,0,0,0,30,0,0,0,0,0,0,0,0,0,0,0,0,0,0,0,0,0,0,11,4,2,6,0,0,0,28,2,0,2,0,0,0,0,0,0,0,0,0,0,0,0,0,0,0,0,0,0,39,0,0,1100,1,0,0,0,0,0,0,0,0,0,46,0,0,480,3,0,2,61,0,0,2,0,0,0,0,0,0,0,0,0,0,0,0,0,0,0,0,0,0,0,0,0,0,0,0,0,0,0,0,0,0,0,0,0,0,0,0,0,0,0,0,0,210,0,0,3,0,0,0,0,0,0,0,0,7,0,0,0,0,0,0,0,0,0,0,0,0,0,0,0,29,0,0,0,0,0,0,0,0,0,0,8,2,0,0,0,0,0,0,0,0,0,0,0,0,0,0,0,0,0,0,0,0,0,0,0,0,0,0,0,0,0,0,0,0,0,0,0,0,379,0,0,0,0,0,0,0,0,0,0,0,75,0,0,0,0,0,0,0,0,0,0,0,59,0,0,0,0,0,0,0,0,0,0,0,0,0,0,0,0,0,0,0,2,0,31,0,0,0,0,2,0,0,0,0,0,0,0,0,0,0,0,0,0,3,0,7,0,0,0,0,0,0,0,0,0,0,0,0,0,19,0,0,0,8,0,0,0,0,0,0,0,0,0,0,0,0,0,0,0,0,0,0,0,0,0,0,0,0,0,0,0,0,9,0,0,0,0,0,0,0,0,0,1,1149,0,0,0,0,0,0,0,0,0,0,0,0,0,0,0,0,23,33,0,2,0,0,0,0,0,7,0,2,0,0,0,0,0,0,0,0,0,0,0,0,1,0,0,0,0,0,0,0,0,0,0,0,8,0,45,0,0,8,0,0,0,0,0,0,0,0,0,0,0,0,0,0,0,0,0,0,0,0,0,0,66,0,0,0,0,0,0,0,0,0,0,0,0,0,0,0,0,0,0,0,0,0,0,0,8,0,0,0,0,0,0,0,0,0,0,0,0,0,0,0,0,0,0,0,0,0,51,0,0,0,0,4,3,0,0,0,15,0,0,0,0,0,0,0,0,0,75,0,0,0,0,0,0,0
"D211",0,0,0,0,0,0,96,0,0,0,0,0,0,0,0,0,0,0,0,0,0,0,0,0,0,0,0,0,0,0,0,0,0,0,0,0,0,0,0,0,0,0,0,0,0,0,0,0,0,0,0,0,0,0,0,0,0,0,0,0,0,0,0,0,0,0,791,0,0,0,0,0,0,0,0,0,0,0,0,0,0,0,0,0,0,0,0,0,0,0,0,0,0,0,0,0,0,0,0,0,0,0,0,0,0,0,0,0,0,0,0,0,0,0,0,0,0,0,0,0,0,0,0,0,0,0,0,0,0,0,0,0,0,0,0,0,0,0,0,0,0,0,0,0,0,0,0,0,0,0,0,0,0,0,1617,0,0,0,0,0,0,0,41,0,0,0,0,0,0,0,0,0,0,0,0,0,0,0,0,0,0,0,0,0,0,0,0,0,0,0,0,0,0,0,9,0,0,0,0,0,0,0,0,0,0,0,0,0,0,0,0,0,0,0,0,0,0,0,0,0,0,0,0,0,0,0,0,0,0,0,0,0,180,0,0,0,0,0,0,0,0,0,0,0,0,0,0,67,0,0,0,0,0,0,0,0,0,0,0,0,0,0,0,0,0,0,0,0,0,0,0,0,0,0,0,0,0,0,0,0,0,0,0,0,0,0,0,0,0,0,0,0,0,0,0,0,0,0,0,0,0,0,0,0,0,0,0,0,0,0,91,0,0,0,0,0,0,0,0,0,0,0,0,0,0,0,0,0,0,0,0,0,0,0,0,0,0,0,0,0,0,0,0,0,0,0,0,0,0,0,0,0,0,0,0,0,0,0,0,0,0,0,0,0,0,0,0,0,0,0,0,0,0,0,0,0,0,0,0,0,0,0,0,0,0,0,0,0,0,0,0,0,0,0,0,0,0,0,0,0,0,0,306,0,0,0,0,0,0,2,0,0,0,0,0,0,0,0,0,0,0,0,0,0,0,0,0,0,0,0,0,0,0,0,0,0,0,0,3,0,0,0,0,0,0,0,0,0,0,0,0,0,0,0,0,0,0,0,0,0,0,0,0,319,0,0,0,0,0,0,0,0,0,0,0,0,0,0,0,0,0,0,0,0,0,0,0,0,0,0,0,0,0,0,0,0,0,0,0,0,0,0,0,0,0,0,0,0,0,0,0,0,0,0,0,0,0,0,0,0,0,0,0,0,0,0,0,0,0,0,0,0,0,0
"D212",0,0,0,0,0,0,0,0,0,0,0,0,0,0,0,0,0,0,0,0,0,0,0,2642,0,0,0,0,0,0,0,0,0,0,0,0,0,0,0,262,0,0,0,0,0,0,0,0,0,0,0,0,0,0,0,0,0,0,0,0,0,0,0,0,0,0,0,0,3,0,0,0,0,0,0,0,0,0,0,0,0,0,0,0,0,0,0,0,0,0,0,0,0,0,0,0,848,0,0,0,0,0,0,0,0,0,0,3466,0,0,0,0,0,0,0,0,0,0,0,0,0,0,0,0,0,0,0,109,0,0,0,0,0,0,0,0,0,0,0,0,0,0,0,0,0,0,0,0,0,0,0,0,0,0,0,0,0,0,0,0,0,0,0,0,0,0,0,0,0,0,0,0,0,0,0,0,0,0,0,0,0,0,0,37,0,0,0,0,0,0,0,0,0,0,0,0,9,1381,0,0,0,0,0,0,0,0,0,0,0,0,0,0,0,0,0,0,0,0,0,0,0,0,0,0,0,0,0,0,0,0,0,0,0,0,2580,68,0,0,0,0,0,0,0,0,0,0,0,0,0,0,0,0,0,0,0,0,0,0,0,0,0,0,0,0,0,0,0,0,0,0,0,0,0,0,0,0,0,0,0,0,0,0,0,0,3395,0,0,0,0,0,0,0,0,0,0,0,0,0,0,0,0,0,0,0,0,0,0,0,0,0,0,0,0,0,0,0,396,0,0,0,0,0,0,0,0,0,0,0,0,0,0,0,0,0,0,0,0,0,0,0,0,0,0,0,0,0,0,0,0,0,0,0,0,0,0,0,0,0,0,0,0,0,2494,0,0,0,3,0,0,0,60,0,0,13,0,0,0,0,0,0,0,0,0,0,0,0,0,0,0,0,0,0,0,0,0,0,0,0,0,0,0,0,0,0,0,0,0,0,0,0,0,0,0,0,0,0,0,0,0,0,0,0,0,0,0,0,4979,0,0,0,0,0,0,0,0,0,0,0,0,0,0,0,42,0,762,0,0,0,0,0,0,0,0,0,0,0,0,0,0,0,0,0,0,0,0,0,0,0,0,0,0,0,0,0,0,0,0,0,0,0,0,0,0,0,0,0,0,0,0,0,0,0,0,0,0,0,1131,0,0,0,0,0,0,0,0,0,0,0,0,0,0,0,0,0,0,0,0,0,0,0,0,0,0,0,0,0,0,0,0,0,0,0,0,0
"D213",0,0,0,0,0,0,0,0,0,0,0,0,0,0,0,0,0,0,0,0,0,0,0,273,0,0,80,0,0,0,0,0,0,0,0,0,0,0,0,0,0,0,0,0,0,0,0,0,0,0,0,0,0,0,0,0,0,0,0,0,0,0,0,0,0,0,0,0,16,0,0,0,0,0,0,0,0,0,0,0,0,0,0,0,0,0,0,0,0,0,0,0,0,0,0,0,107,0,0,0,0,0,0,0,0,0,0,1608,0,0,0,0,0,0,0,0,0,0,0,0,0,0,0,0,0,0,0,41,0,0,0,0,0,0,0,0,0,0,0,0,0,0,0,0,0,0,0,0,0,0,0,0,3,0,0,0,0,0,0,0,0,0,0,0,0,0,0,0,0,0,0,0,0,0,0,0,0,0,0,0,0,0,0,13,0,0,0,0,0,0,0,0,0,0,0,0,0,55,0,0,0,0,0,0,0,0,0,0,0,0,0,0,0,0,0,0,0,0,0,0,0,0,0,0,0,0,0,0,0,0,0,0,0,0,6980,1666,0,0,0,0,0,0,0,0,0,0,0,0,0,0,0,0,0,0,0,0,0,0,0,0,0,0,0,0,0,0,0,0,0,0,0,0,0,0,0,0,0,0,0,0,0,0,0,0,3759,0,0,0,0,0,0,0,0,0,0,0,0,0,0,0,0,0,0,0,0,0,0,0,0,0,0,0,0,0,0,0,123,0,0,0,0,0,0,0,0,0,0,0,0,0,0,0,0,0,0,0,0,0,0,0,0,0,0,0,0,0,0,56,0,0,0,0,0,0,0,0,0,0,0,0,0,0,3272,0,0,0,884,0,0,0,256,0,0,263,0,0,0,0,0,0,0,0,0,0,0,0,0,0,0,0,0,0,0,0,0,0,0,0,0,0,0,0,0,7,0,0,0,0,0,0,0,995,0,0,0,0,0,0,0,0,0,0,0,0,0,0,1126,0,0,0,0,0,0,0,0,0,0,0,0,0,0,0,102,0,183,0,0,0,0,0,0,0,0,0,0,0,0,0,0,0,0,0,0,0,0,0,0,0,0,0,0,0,0,0,0,0,0,0,0,0,0,0,0,0,0,0,0,0,0,0,0,0,0,0,0,0,371,0,0,0,0,0,0,0,0,0,0,0,0,0,0,0,0,0,0,0,0,0,0,0,0,0,0,0,0,0,0,0,0,0,0,0,0,0
"D214",0,0,0,0,0,0,0,0,0,0,0,0,0,0,0,0,0,0,0,0,0,0,0,0,0,0,0,0,0,0,0,0,0,0,0,0,0,0,0,0,0,0,0,0,0,0,0,0,0,0,0,0,0,0,0,0,0,0,0,0,0,0,0,0,0,0,0,0,0,0,0,0,0,0,0,0,0,0,0,25,0,0,0,0,0,0,0,0,0,0,0,0,0,0,0,0,0,0,0,0,0,0,0,0,0,0,0,0,0,0,0,0,0,0,0,0,0,0,0,0,0,0,0,0,0,0,0,0,0,0,0,0,0,0,0,0,0,0,0,0,0,0,0,0,0,0,0,0,0,0,0,0,0,0,0,0,0,0,0,0,0,0,0,0,0,0,0,0,0,0,0,0,0,0,0,0,0,0,0,0,0,0,0,0,0,0,0,0,0,0,0,0,0,0,0,0,0,0,0,0,0,0,0,0,0,0,0,0,0,0,0,0,0,0,0,0,0,0,0,0,0,0,0,0,0,0,0,0,0,0,0,0,0,0,0,0,0,0,0,0,0,0,0,0,0,0,0,0,0,0,0,0,0,0,0,0,0,0,0,0,0,0,0,0,0,0,0,0,0,0,0,0,0,0,0,0,0,0,0,0,0,0,0,0,2,0,0,0,0,0,0,0,0,0,0,465,0,0,323,0,0,0,0,0,0,0,0,0,0,0,0,0,0,0,0,0,0,0,0,0,0,0,0,0,0,0,0,0,0,0,0,0,0,0,0,0,0,0,0,0,0,0,0,0,0,0,0,0,0,0,0,0,0,0,0,0,0,0,0,0,0,0,0,0,0,0,0,0,0,0,0,0,0,0,0,0,0,0,0,0,0,0,0,0,0,0,0,0,0,0,0,0,0,0,0,0,0,0,0,0,0,0,78,0,0,0,0,0,0,0,0,0,0,0,0,0,0,0,0,0,0,0,0,0,0,0,0,0,0,0,0,0,0,0,0,0,720,0,0,0,0,0,0,0,0,0,0,0,0,0,0,0,0,0,0,0,0,0,0,0,0,0,0,0,0,0,0,0,0,0,0,0,0,0,0,0,0,0,0,0,0,0,0,0,0,0,0,0,0,0,0,0,0,0,0,0,0,0,0,0,0,0,0,0,0,0,0,0,0,0,0,0,0,0,0,0,0,0,0,0,0,0,0,0,0,0,0,0,0,0,0,0,0,0
"D215",3,13,5,0,0,0,0,0,1,337,0,51,2,0,7,9,0,0,0,0,83,4,1,0,6,48,0,4,25,177,8,0,38,0,2,0,0,0,297,0,291,3,55,0,27,0,0,209,98,0,7,16,0,13,0,0,0,0,0,27,0,0,187,6,0,16,0,2,0,2,0,5,5,0,0,0,84,53,0,9,0,14,0,0,11,10,6,1,0,33,0,82,132,13,0,1,0,0,16,269,28,21,0,0,9,15,5,0,0,0,0,2,36,8,20,28,11,6,0,0,0,18,56,0,0,3,0,0,0,6,8,9,17,19,0,0,0,8,75,16,0,11,0,0,0,0,10,41,6,18,272,94,0,2,0,0,0,13,35,0,0,3,7,2,3,0,2,214,2,0,0,0,0,0,23,0,72,1,7,1,19,0,5,0,27,0,19,7,31,0,11,0,20,198,0,0,0,0,0,5,45,0,16,1,0,0,614,10,6,31,0,6,34,0,0,4,0,5,0,2,267,16,0,0,0,0,13,6,3,9,31,69,0,10,0,0,0,8,15,0,6,0,4,0,15,5,0,0,0,0,0,0,41,4,869,0,0,26,16,0,0,2,0,0,0,611,0,0,20,28,1,60,8,6,58,17,2,0,0,52,26,32,0,0,0,30,85,47,0,0,7,0,4,14,0,0,231,202,109,26,109,75,0,2,12,0,45,8,131,0,0,3,0,51,38,0,0,9,0,6,0,0,44,29,9,14,83,0,24,2,17,2,217,41,37,0,68,0,0,3,0,432,53,4,8,9,70,0,15,0,5,0,0,0,8,0,0,7,83,84,0,0,0,36,7,16,0,0,0,4,0,3,38,0,1,0,32,76,7,11,0,0,0,14,0,224,24,0,0,0,33,3,33,0,115,0,0,14,17,8,94,0,0,0,12,22,0,10,6,0,19,0,16,0,0,5,26,478,4,12,10,19,0,0,0,0,0,7,0,0,21,0,14,0,0,36,0,5,0,32,0,68,0,0,0,0,823,281,8,0,5,8,13,1,106,0,0,41,32,124,2,0,299,0,0,0,33,0,108,3,85,0,3,32,0,2,42,9,0,0,469,9,30,18,137,0,16,6,22,94,6,0,0,45,33,183,0,0,9,3,3,3,302,0,0,5,0,10,22,16,92,24,79,2,0,0,15,9,9,1,33,0,0,0,17,8,0,544,0,0,3,0,110,1
"D216",0,0,0,0,0,0,0,0,0,0,0,0,0,0,0,0,0,0,4,0,0,0,0,0,532,0,0,0,0,0,0,168,0,0,0,0,0,0,0,0,0,0,0,23,0,0,0,1697,0,0,0,0,0,0,0,0,0,0,307,0,0,0,0,0,0,0,0,0,0,0,0,0,0,0,0,0,0,0,0,0,0,0,0,0,0,0,0,0,0,29,0,0,0,0,0,0,0,0,0,0,0,0,0,0,0,0,5,0,0,0,0,0,0,0,0,0,0,0,0,0,0,0,0,0,0,0,0,0,0,0,0,0,0,0,3,0,0,0,0,0,8,0,0,0,0,0,0,0,0,0,0,0,0,0,0,0,0,0,0,0,0,0,467,0,0,0,0,0,0,0,0,0,0,0,0,0,0,0,0,0,0,0,0,0,0,0,0,0,0,6,0,0,0,0,59,0,0,0,0,0,0,0,0,0,0,0,0,0,0,0,0,0,0,0,0,0,0,0,29,0,0,0,0,0,0,0,0,0,0,0,0,35,16,0,0,0,0,0,0,0,0,0,0,0,0,0,0,0,0,0,407,0,0,0,0,0,6,0,0,0,14,0,0,41,0,0,0,3,0,0,0,0,0,0,0,279,0,0,0,0,0,0,0,0,0,0,0,0,0,0,0,0,0,0,29,0,0,0,21,0,0,0,0,0,0,21,0,0,0,364,9,0,0,0,0,0,0,3,0,0,8,0,0,0,0,0,0,0,0,0,0,0,0,0,0,0,0,0,458,0,0,0,0,0,0,0,0,0,0,8,4,0,0,0,0,0,0,0,0,0,0,0,0,0,0,0,0,0,0,0,0,5,0,0,0,1,0,0,0,0,0,0,0,0,0,0,19,0,0,0,0,0,0,0,0,0,0,0,0,0,0,0,297,0,0,0,0,0,0,0,0,0,0,26,0,0,0,0,0,0,0,0,0,0,0,0,0,0,0,0,0,0,0,0,0,0,0,0,0,0,0,0,0,0,0,0,0,0,0,0,0,0,0,0,0,0,0,0,0,0,0,0,0,0,0,0,0,0,0,0,0,0,0,0,0,0,0,0,0,0,0,0,0,0,0,0,0,0,0,0,0,0,0,0,0,0,0,99,0,0,0,0,0,0,0,0,0,0,0,0,0,0,0,0,0,0,0,0,0,0,0,0,0,0,64,0,0,0,0,0,0,0,0,0
"D217",0,0,0,0,7,0,0,0,3,0,0,0,0,0,0,3,5,0,0,0,0,30,0,0,0,0,0,0,0,0,0,0,0,0,0,0,0,3,0,0,0,3,0,0,0,0,0,61,144,8,0,0,0,0,0,2,0,0,0,0,0,16,0,0,0,0,0,236,0,0,0,0,0,0,0,2,0,0,0,0,0,0,0,0,0,3,8,0,0,0,0,0,0,0,0,0,0,0,0,0,0,0,0,0,0,0,0,0,0,34,0,0,0,0,919,0,0,0,0,0,0,0,0,0,0,0,0,0,0,0,0,0,118,10,11346,0,0,0,198,0,0,0,0,0,0,0,2,0,0,0,0,0,0,0,36,0,0,0,0,0,2,0,0,3,2,0,0,0,25,2,0,0,0,0,0,0,53,0,0,10,0,0,0,0,0,0,0,0,0,0,0,0,0,0,0,0,0,0,0,0,0,41,0,0,0,0,0,0,0,0,0,0,0,0,99,211,0,0,0,0,0,0,0,0,27,0,0,0,0,0,0,1,0,0,0,0,0,0,0,0,12,0,0,0,0,0,0,0,12,0,0,0,0,0,51,0,0,0,0,0,0,0,0,1,0,0,0,0,0,0,0,0,0,0,0,0,0,4,0,0,0,0,26,0,0,0,0,18,0,0,0,0,0,0,0,0,0,0,197,0,0,0,1,253,0,0,0,0,0,0,0,0,0,0,0,0,0,0,0,0,0,356,0,0,0,232,0,0,0,0,0,3,0,0,1,0,0,0,0,0,0,0,0,5,4,0,0,0,0,0,0,0,0,0,0,90,0,2,0,0,0,0,0,0,0,0,0,0,0,0,0,4,0,0,0,0,0,0,50,0,0,3,0,0,0,0,8,0,0,0,0,0,0,0,0,0,0,49,0,0,0,0,0,0,0,14,0,0,0,0,0,0,0,77,0,0,0,0,0,2,799,0,0,0,2,0,0,0,0,0,0,0,0,0,0,0,0,0,0,0,4,0,0,0,0,151,4,0,0,0,0,0,0,0,0,0,0,13,0,0,0,0,0,0,0,0,0,89,0,0,0,0,0,0,0,0,0,0,0,5,0,0,0,0,0,3,0,2,0,0,0,77,0,0,0,2,0,0,0,0,0,0,0,0,4,0,0,0,0,0,0,7,0,0,0,0,0,0,0,6,0,0,0,53,79,66,0,0,0,10,0,0,72,0
"D218",9,210,117,0,5,14,0,0,6,623,1,13,0,4,32,19,0,0,0,89,286,3,77,0,0,320,0,0,66,401,0,0,7,7,4,0,0,0,213,0,235,3,68,0,1,51,0,2,62,0,4,17,5,13,0,2,170,224,0,10,0,0,105,8,0,3,0,0,0,4,70,0,18,0,0,0,92,0,0,0,2,375,0,0,2,1,5,43,0,0,0,16,2,0,0,0,0,0,0,321,0,2,0,0,12,17,3,0,0,8,158,27,453,10,0,0,34,79,0,0,26,2,202,0,0,0,0,0,0,0,42,26,9,183,3,0,87,40,31,34,0,37,7,0,0,8,0,83,7,0,175,38,0,57,0,9,0,0,21,87,0,0,30,6,10,5,3,12,0,19,34,0,0,0,103,134,1,0,7,59,38,0,23,0,89,532,25,6,4,0,3,3,18,22,1,5,0,0,46,4,186,0,0,0,2,0,6359,41,0,186,2,1,0,0,1,0,0,5,3,12,1239,135,0,0,3,0,0,211,0,129,23,2,0,56,0,0,56,0,395,0,4,163,1,0,19,3,70,0,0,29,10,105,121,7,523,0,6,3,9,17,5,0,25,5,31,119,399,0,29,49,0,10,116,55,53,54,59,0,0,7,295,0,0,25,0,93,17,10,0,0,52,0,63,13,0,0,111,119,59,24,68,674,0,11,0,1,948,0,143,3,1,50,0,69,160,0,0,17,0,0,6,1,231,14,5,0,58,0,8,18,37,0,368,10,88,0,191,0,0,0,0,1138,0,212,4,43,0,0,9,0,4,0,0,0,0,0,3,165,23,7,3,0,0,176,51,0,0,0,0,50,0,1,9,0,7,6,115,687,0,31,0,0,64,9,0,27,0,0,0,0,44,3,3,0,153,300,0,0,414,0,0,13,0,0,0,2,20,0,204,2,173,0,14,52,2,10,6,0,2,1,0,92,0,0,0,0,0,235,0,11,35,0,12,0,11,88,0,2,2,8,0,297,0,0,0,0,1584,738,27,0,25,0,40,19,53,61,0,62,14,28,19,0,225,0,0,5,15,105,115,16,105,66,6,178,0,7,78,0,29,0,12,1,41,23,92,0,38,2,0,27,0,0,147,45,3,211,0,0,22,22,55,7,364,0,4,14,0,50,124,3,10,663,6,4,9,0,20,0,2,0,73,0,0,10,0,0,67,606,10,1,0,3,15,75
"D219",0,0,0,0,0,0,0,0,0,33,0,8,3,175,51,1,9,267,0,0,1535,1,0,0,0,177,0,8,0,43,0,0,0,0,0,0,2,1,22,0,196,0,2,0,598,0,0,7,0,0,1,2,0,0,0,0,572,3,0,181,0,0,72,5,0,0,0,0,0,0,4,0,0,0,0,0,83,0,0,0,0,0,0,0,13,8,42,0,0,0,63,4,3,0,0,0,0,0,0,13,4,0,0,0,2,0,0,0,0,0,0,0,0,0,0,53,2,2,0,0,0,0,0,0,0,0,0,0,0,11,0,0,0,0,0,0,0,0,0,0,0,0,0,0,0,19,0,65,6,0,0,24,0,0,0,0,0,0,4,0,0,0,0,0,0,0,0,32,0,0,0,0,0,0,0,2,0,61,3,0,0,0,0,0,0,0,0,1,0,0,0,0,0,0,0,0,0,0,0,0,10,0,6,1,0,0,652,0,0,0,0,0,3,0,0,0,0,2,0,0,200,0,0,0,0,0,2,0,0,59,0,0,0,29,0,0,0,0,0,6,0,0,21,0,0,0,30,0,0,2,0,13,0,0,1353,0,0,0,0,0,0,3,0,0,2,132,0,0,0,4,0,152,0,0,0,253,0,0,0,2749,2,0,0,41,0,30,0,9,0,0,0,0,0,0,0,0,6,0,0,16,0,86,0,0,0,0,5,0,0,0,0,0,0,0,148,0,0,0,0,0,0,6,0,0,0,0,2,0,0,0,0,5,2,0,0,116,0,0,0,2,0,17,2,0,3,0,42,0,23,0,0,36,0,0,0,0,0,0,0,0,0,0,0,0,0,10,0,0,125,0,0,0,0,0,0,0,0,0,0,45,0,0,0,0,0,30,3,0,0,0,0,0,67,0,0,2,0,0,0,10,82,0,0,0,4,0,0,23,0,0,0,0,0,0,0,0,7,35,0,0,29,0,0,0,0,0,0,7,0,0,5,2,1,0,0,2,0,8,0,12,0,68,0,0,0,0,341,72,3,0,2,0,0,3,8,0,0,24,0,17,22,0,8,0,0,0,8,0,0,2,235,0,10,0,0,0,0,0,0,0,0,2,0,0,456,0,0,2,0,2,0,0,1,110,0,1,0,0,0,0,4,0,128,0,0,0,0,5,50,3,1,4,93,6,0,0,28,0,2,0,2,0,0,0,0,9,100,220,0,0,0,1,0,0
"D220",13,138,0,0,47,19,0,0,0,22,0,12,2,3,48,5,0,0,0,102,109,6,69,0,3,287,0,0,20,81,80,0,41,14,12,1,22,0,75,0,55,0,15,2,9,51,0,31,71,0,16,5,15,17,0,2,163,160,15,52,0,0,76,62,0,3,0,9,0,6,80,10,11,0,0,0,88,0,0,0,0,65,0,0,3,6,5,13,0,12,18,5,44,9,0,0,0,0,30,231,5,2,0,0,13,15,16,0,0,14,37,0,90,16,0,0,26,17,0,0,130,21,240,0,0,0,0,0,0,2,34,32,63,204,74,0,48,21,110,17,0,24,23,0,0,11,0,37,3,12,32,5,0,40,535,0,0,152,21,61,0,0,110,13,7,0,16,50,5,11,0,0,0,0,10,2,8,0,4,83,32,0,66,0,15,148,7,17,37,0,10,4,7,0,6,6,0,0,40,17,12,10,0,28,0,0,2825,54,0,408,11,9,10,0,0,0,0,1,69,31,44,124,0,0,1,42,13,22,0,125,4,5,0,0,0,0,8,0,93,0,0,20,21,0,16,14,55,47,13,17,7,57,38,18,691,0,135,0,20,13,6,0,16,17,46,63,67,2,55,7,17,4,23,194,68,464,46,0,0,20,60,18,1,11,0,60,29,10,0,0,23,0,21,10,0,0,0,66,511,22,21,609,0,10,0,54,195,1,50,68,13,54,0,14,95,0,0,18,0,0,0,10,22,0,6,0,84,0,4,8,3,0,77,0,19,10,59,0,0,0,0,114,5,85,0,69,0,0,23,2,13,0,0,0,0,4,0,143,39,6,0,0,0,181,14,3,0,0,0,55,0,5,11,0,6,0,50,24,0,27,0,0,12,17,0,0,44,0,0,0,117,8,11,0,71,24,0,0,237,0,42,133,4,0,0,5,18,0,28,33,41,0,0,341,4,28,19,60,0,0,77,40,0,0,0,0,0,100,0,14,33,0,5,0,12,72,0,4,14,3,0,17,0,0,0,0,760,387,39,0,7,15,13,11,41,22,0,41,9,67,42,0,142,0,0,28,15,111,158,29,44,268,12,77,0,13,44,5,8,0,1,4,28,15,108,0,28,6,1,23,0,0,247,15,0,82,0,0,84,91,33,18,176,0,14,13,0,28,68,0,1,25,0,1,2,5,2,6,14,0,20,0,0,0,0,7,4,435,24,19,0,0,5,6
"D221",0,0,0,0,0,0,0,0,0,0,0,0,0,0,0,0,0,0,0,0,0,0,0,4127,0,0,0,0,0,0,0,0,0,0,0,0,0,0,0,0,0,0,0,0,0,0,0,0,0,0,0,0,0,0,0,0,0,0,0,0,0,0,0,0,0,0,0,0,164,0,0,0,0,0,0,0,0,0,0,0,0,0,0,0,0,0,0,0,0,0,0,0,0,0,0,0,6327,0,0,0,0,0,0,0,0,0,0,2271,37,0,0,0,0,0,0,0,0,0,0,317,0,0,0,2,0,0,0,784,0,0,0,0,0,0,0,0,0,0,0,0,0,0,0,0,0,0,0,0,0,0,0,0,66,0,0,0,0,0,0,0,0,0,0,0,0,0,0,0,0,0,0,0,0,0,0,0,0,0,0,0,0,0,0,138,0,0,0,0,0,0,0,0,0,0,0,0,0,2257,0,0,0,0,0,0,0,0,0,0,0,0,0,0,0,0,0,0,0,0,0,0,0,0,0,0,0,0,0,0,0,0,0,0,0,0,22148,131,0,0,0,0,0,0,0,0,0,0,0,0,0,0,0,0,0,0,0,0,0,0,0,0,0,0,0,0,0,0,0,0,0,0,0,0,0,0,0,0,0,0,0,0,0,0,0,0,956,0,0,0,0,0,0,0,0,0,0,0,0,0,0,0,0,0,0,0,0,0,0,0,0,0,0,0,0,0,0,0,1458,0,0,0,0,0,0,0,0,0,0,0,0,0,0,0,0,0,0,0,0,0,0,0,0,0,0,0,0,0,0,890,0,0,0,0,0,0,0,0,0,0,0,0,0,0,367,0,0,0,4,0,0,0,13,0,0,31,0,0,0,0,0,0,0,0,0,0,0,0,0,0,0,0,0,0,0,0,0,0,0,0,0,0,0,0,0,329,0,0,0,0,0,0,0,475,0,0,0,0,0,0,0,0,0,0,0,0,0,0,2310,0,0,0,0,0,0,0,0,0,0,0,0,0,0,0,54,0,234,0,0,0,0,0,0,0,0,0,0,0,0,0,0,0,0,0,0,0,0,0,0,0,0,0,0,0,0,0,410,0,0,0,0,0,0,0,0,0,0,0,0,0,0,0,0,0,0,0,0,0,156,0,0,0,0,0,0,0,0,0,0,0,0,0,0,0,0,0,0,0,0,0,0,0,0,189,0,0,0,0,0,0,0,0,0,0,0,0
"D222",0,0,0,0,0,0,8,2,0,0,0,0,4,0,0,0,0,0,0,0,6,0,0,0,0,0,0,0,0,0,26,81,0,0,0,0,0,0,0,0,0,0,0,0,0,0,0,304,0,0,0,0,0,0,0,0,0,0,1,16,0,0,0,13,0,0,12,4,0,0,0,0,0,0,0,0,0,0,0,0,0,0,11,0,0,27,0,0,0,42,0,0,0,0,0,0,0,0,0,0,0,0,0,0,0,0,72,0,0,0,0,10,0,0,0,0,0,0,0,0,0,0,0,0,0,0,0,0,0,9,0,0,11,6,8,0,0,0,110,0,0,0,0,0,0,0,0,0,0,34,0,0,0,1,15,0,0,0,0,0,0,0,571,2,0,0,0,27,0,59,0,0,0,0,0,0,0,0,0,0,0,0,0,0,0,0,0,0,1,1,0,20,0,0,19,3,0,0,0,0,0,295,0,6,40,0,0,0,0,0,0,0,7,0,0,0,0,0,247,0,0,0,0,0,0,0,0,0,0,0,0,24,86,0,0,0,0,0,0,0,0,0,0,0,0,0,0,0,33,0,294,0,0,0,9,0,0,20,0,0,0,0,0,16,0,0,0,0,0,0,0,3,0,0,0,791,0,0,0,0,0,0,0,0,0,0,0,0,0,9,0,0,0,0,29,0,0,0,0,0,0,0,0,0,0,151,0,0,0,64,2,6,0,0,0,0,0,56,0,0,0,14,0,0,0,0,0,0,0,0,0,0,0,0,0,0,0,0,0,1,0,0,0,0,0,0,0,0,0,0,1,0,0,0,0,3,0,0,0,0,0,0,0,0,0,0,0,0,4,0,0,0,0,0,0,2,0,0,2,2,0,0,0,2,0,0,54,0,0,0,0,0,0,0,0,0,0,25,0,0,44,0,0,0,3,0,0,0,0,0,0,0,0,14,0,0,0,0,0,0,12,0,0,0,0,0,0,0,0,0,0,0,0,0,0,0,0,0,4,0,0,0,0,0,0,9,0,0,0,0,0,0,0,0,0,0,0,0,0,0,0,0,0,0,0,0,0,50,0,0,0,0,1,0,0,0,0,0,20,0,2,0,0,24,19,0,0,0,0,0,0,174,0,0,184,2,0,57,0,0,0,0,4,51,0,0,0,0,0,0,0,13,0,0,4,0,0,0,0,0,0,0,0,0,57,0,0,0,0,27,0,0,0,0
"D223",6,0,1,253,0,0,44,0,0,0,0,0,0,0,0,0,0,0,3,3,0,0,0,25,2,0,15,0,0,0,5,10,4,0,0,0,0,0,0,18,0,0,0,9,0,0,0,8,14,0,4,0,0,0,0,14,0,0,19,0,18,0,0,2,0,0,4,0,6,0,3,0,0,0,0,0,0,0,0,0,0,5,0,0,0,0,0,0,0,0,2,0,0,0,0,0,34,2,3,0,0,0,1561,28,0,0,8,131,0,0,0,0,0,0,0,0,0,0,0,0,0,0,0,163,0,0,0,3,0,0,0,0,0,0,0,0,0,0,0,0,0,0,0,31,0,0,0,0,0,0,0,0,3,0,16,0,364,0,0,0,0,0,91,0,0,2,0,31,0,0,0,18,0,7,0,0,0,0,0,0,0,0,0,3,0,0,0,0,0,7,0,0,0,2,0,0,0,39,0,0,0,3,0,0,8,0,0,0,0,0,0,0,0,0,0,0,124,0,2,0,0,2,3,0,0,0,0,0,0,0,0,0,0,0,588,9,0,152,0,0,0,0,0,2,0,0,0,6,0,0,5,0,0,0,3,0,13,0,0,3,24,0,8,0,0,0,0,0,0,0,0,0,0,0,0,4,0,5,0,0,2,0,0,0,6,0,3,0,17,0,0,7,0,0,0,0,0,0,1137,0,0,0,0,0,0,18,0,7,0,10,0,0,0,0,0,24,18,6,0,0,0,0,0,0,0,11,0,0,2,21,0,0,0,0,0,0,0,7,0,0,0,0,0,0,0,0,0,17,0,0,0,0,0,0,0,0,0,0,0,0,0,179,33,0,0,0,36,0,0,0,0,0,0,0,0,0,0,0,0,0,0,0,0,0,0,0,3,45,5,1,0,3,0,0,0,0,0,0,0,0,0,0,0,3,0,0,0,0,0,1,0,40,0,2,3,0,0,0,0,5,3,0,0,0,0,51,259,0,0,0,0,0,0,0,0,0,6,0,0,0,0,0,3,0,1,4,0,0,0,0,0,0,0,0,0,0,0,0,0,0,0,0,2,0,176,30,0,0,0,0,0,0,0,0,0,0,0,7,4,0,0,0,0,0,0,0,0,0,0,0,1,13,0,0,0,0,10,0,0,0,0,0,0,0,6,0,0,0,0,0,0,0,0,0,2,2,0,0,0,0,0,2,0,0,0,0,0,0,0,0,3,0,0,0
"D224",0,0,0,0,0,0,0,438,0,0,0,0,0,0,0,0,0,0,0,0,0,0,0,0,0,0,0,0,0,0,10,0,0,0,0,0,0,0,0,0,0,0,0,0,0,0,0,0,10,0,0,0,0,0,0,0,2595,0,0,0,0,0,0,0,271,0,0,0,0,0,0,0,0,0,0,0,0,0,0,0,0,0,0,0,0,0,0,0,0,0,0,0,0,0,0,0,0,0,466,0,0,0,0,0,0,0,0,0,0,0,0,0,0,0,0,0,0,0,0,0,0,0,0,0,0,0,0,0,0,0,0,0,0,0,0,0,609,0,0,0,0,0,0,0,0,0,0,0,0,0,0,0,0,0,0,0,0,0,0,0,0,0,0,0,0,0,0,0,0,0,0,494,0,0,0,808,0,0,0,0,0,0,0,0,0,0,0,0,0,0,0,0,0,0,0,0,0,0,0,0,0,0,0,0,0,0,333,0,0,0,0,0,0,0,0,0,0,0,0,0,0,0,0,0,0,0,0,0,0,0,0,0,0,0,0,0,0,0,0,0,0,0,0,0,0,0,0,24,0,0,0,0,0,0,244,0,0,0,0,0,0,0,0,0,0,0,0,0,0,0,0,18864,0,0,0,0,0,0,0,0,0,0,0,504,0,0,0,0,0,0,0,0,0,0,0,0,0,0,296,0,0,0,0,0,0,0,1284,0,0,0,0,0,0,0,0,0,0,0,0,0,0,0,0,0,0,0,1009,0,0,725,0,0,0,0,0,0,0,0,0,0,489,215,0,0,0,0,0,0,0,0,0,0,0,0,0,0,0,0,0,0,0,0,0,0,0,0,0,0,0,0,0,0,0,0,0,0,0,0,0,0,0,0,0,0,0,1585,0,0,0,0,0,0,0,0,0,0,0,0,0,0,0,0,0,0,0,0,0,126,0,0,0,0,0,0,0,0,0,0,0,0,0,0,0,0,0,0,0,0,0,0,0,0,0,0,0,0,0,0,0,0,0,0,0,0,0,0,0,0,483,0,0,0,0,0,0,0,0,0,0,0,802,0,1992,0,0,0,0,0,0,0,0,0,0,0,0,0,0,0,0,0,0,0,0,0,1158,0,0,0,0,0,0,0,0,0,0,0,0,0,0,0,0,0,0,0,0,0,0,0,0,0,0,2217,0,0,0,0,0,0,0,0,0,0,0,0,0,0,0,0,0,0,0,0,0,0
"D225",18,131,0,0,0,4,52,0,0,0,0,0,25,0,0,0,0,0,9,0,9,0,0,0,91,0,0,0,0,0,0,0,0,0,0,0,0,0,0,0,0,0,0,0,130,0,0,22,0,0,0,0,0,0,5,0,0,0,19,0,0,0,0,6,0,0,0,0,0,0,0,0,0,0,0,0,0,0,0,0,0,0,0,0,0,0,0,0,0,238,0,0,2,0,0,0,0,0,0,0,0,0,0,0,0,0,533,0,0,0,0,0,0,0,0,0,0,0,0,0,0,0,0,0,0,0,0,0,0,38,0,0,147,0,0,70,0,0,13,0,0,0,0,0,0,0,0,0,0,0,0,0,0,1,208,0,0,0,0,0,0,0,1966,0,0,0,0,160,0,49,0,0,0,0,0,0,0,0,0,0,0,0,0,0,0,0,0,0,0,0,0,11,0,0,4,20,0,0,0,0,0,0,0,0,0,0,0,0,12,0,0,0,0,0,0,0,0,0,31,0,0,0,0,0,0,1,0,0,0,14,0,24,1047,0,0,0,0,0,0,0,0,0,0,0,0,0,0,0,12,0,32,0,0,0,5,0,0,2,0,0,0,0,0,122,0,0,0,5,0,0,17,46,0,0,0,1152,0,0,0,0,0,0,0,0,0,0,0,0,0,0,0,17,0,0,87,0,0,0,0,0,0,0,0,0,0,290,0,0,0,229,21,0,0,0,0,0,0,101,0,0,31,6,0,0,0,0,0,0,0,0,0,0,0,0,0,0,0,5,42,0,0,0,0,0,0,0,0,0,0,0,41,0,0,0,0,0,14,0,0,0,0,0,0,0,0,0,0,0,0,0,0,6,0,0,0,0,0,0,0,0,0,0,0,0,0,0,199,0,0,46,0,0,0,0,0,0,0,0,0,0,94,398,889,0,0,0,0,0,0,2,0,0,0,299,8,0,0,0,0,4,0,0,0,0,0,0,0,0,0,0,0,0,0,3,0,0,0,0,48,0,0,0,0,0,0,0,0,0,0,0,0,0,0,0,0,0,0,0,0,0,0,0,0,61,0,0,0,90,0,0,0,0,0,0,0,0,0,0,113,0,0,0,0,138,0,0,0,0,0,0,0,58,0,0,15,0,0,2,0,0,0,0,12,0,0,0,0,0,0,0,0,32,0,0,0,0,0,0,0,0,0,0,0,0,0,0,0,0,0,9,0,0,14,0
"D226",0,0,0,0,0,0,0,0,0,0,0,0,0,0,0,0,0,0,0,0,0,0,0,334,0,0,0,0,0,0,0,0,0,0,0,0,0,0,0,160,0,0,0,0,0,0,0,0,0,0,0,0,0,0,0,0,0,0,0,0,0,0,0,0,0,0,0,0,240,0,0,0,0,0,0,0,0,0,0,0,0,0,0,0,0,0,0,0,0,0,0,0,0,0,0,0,296,0,0,0,0,0,0,0,0,0,0,2964,0,0,0,0,0,0,0,0,0,0,0,212,0,0,0,0,0,0,0,116,0,0,0,0,0,0,0,0,0,0,0,0,0,0,0,0,0,0,0,0,0,0,0,0,36,0,0,0,0,0,0,0,0,0,0,0,0,0,0,0,0,0,0,0,0,0,0,0,0,0,0,0,0,0,0,154,0,0,0,0,0,0,0,0,0,0,0,0,258,60,0,0,0,0,0,0,0,0,0,0,0,0,0,0,0,0,0,0,0,0,0,0,0,0,0,0,0,0,0,0,0,0,0,0,0,0,2725,554,0,0,0,0,0,0,0,0,0,0,0,0,0,0,0,0,0,0,0,0,0,0,0,0,0,0,0,0,0,0,0,0,0,0,0,0,0,0,0,0,0,0,0,0,0,0,0,0,623,0,0,0,0,0,0,0,0,0,0,0,0,0,0,0,0,0,0,0,0,0,0,0,0,0,0,0,0,0,0,0,235,0,0,0,0,0,0,0,0,0,0,0,0,0,0,0,0,0,0,0,0,0,0,0,0,0,0,0,0,0,0,333,0,0,0,0,0,0,0,0,0,0,0,0,0,0,1612,0,0,0,321,0,0,0,23,0,0,44,0,0,0,0,0,0,0,0,0,0,0,0,0,0,0,0,0,0,0,0,0,0,0,0,0,0,0,0,0,17,0,0,0,0,0,0,0,118,0,0,0,0,0,0,0,0,0,0,0,0,0,0,2091,0,0,0,0,0,0,0,0,0,0,0,0,0,0,0,28,0,263,0,0,0,0,0,0,0,0,0,0,0,0,0,0,0,0,0,0,0,0,19,0,0,0,0,0,0,0,0,1568,0,0,0,0,0,0,0,0,0,0,0,0,0,0,0,0,0,0,0,0,0,277,0,0,0,0,0,0,0,0,0,0,0,0,0,0,0,0,0,0,0,0,0,0,0,0,58,0,0,0,0,0,0,0,0,0,0,0,0
"D227",0,0,0,0,0,6,3,0,0,0,0,0,23,0,0,0,0,0,0,0,6,0,0,0,192,0,0,0,0,0,10,208,0,0,0,0,0,0,0,0,0,0,0,0,0,0,0,0,0,0,0,0,0,0,0,0,0,0,12,7,0,0,0,13,0,0,0,0,0,0,0,0,0,0,0,5,0,0,0,0,0,0,2,0,0,3,0,0,0,102,0,0,0,0,0,0,0,0,0,0,0,0,0,0,0,0,10,0,0,0,0,13,0,0,0,0,0,0,0,0,1,0,0,0,0,0,0,0,0,31,0,0,163,5,0,0,0,0,20,0,0,0,0,0,0,0,0,0,0,13,0,0,0,0,111,0,0,0,0,0,0,0,874,0,0,0,0,839,0,0,0,0,0,0,0,0,0,0,0,0,0,0,0,0,0,0,0,0,0,0,4,2,0,0,0,17,0,0,0,0,0,0,0,0,15,0,0,0,0,0,0,0,9,0,0,0,0,0,24,0,0,0,0,0,0,0,0,0,0,8,0,4,403,0,0,0,0,0,0,0,0,0,0,0,0,0,0,0,3,0,23,0,0,0,12,0,0,4,0,2,0,0,0,62,0,0,0,3,0,0,0,24,0,0,0,597,0,0,0,1,0,0,0,0,0,0,0,0,0,0,0,2,0,0,174,0,0,0,0,0,3,0,0,0,0,6,0,0,0,634,0,2,0,0,0,0,0,72,0,0,0,0,0,0,0,0,0,0,3,0,0,0,0,0,0,0,0,0,0,0,0,0,0,0,0,0,0,0,0,0,0,0,0,0,0,0,2,0,0,0,0,0,0,0,0,0,0,0,0,0,0,0,0,0,0,0,0,0,0,5,0,0,0,0,0,0,3188,0,0,0,0,0,0,0,0,0,0,0,0,0,0,17,0,0,2,0,0,0,0,0,0,0,0,97,0,0,0,0,0,2,0,2,0,0,0,0,0,0,0,0,0,0,0,0,0,0,0,0,19,0,0,0,0,0,0,0,0,0,0,0,0,0,0,0,0,0,0,0,0,0,4,0,8,0,0,0,0,1,0,0,0,0,0,0,0,0,0,0,5,0,0,0,0,4,10,0,0,0,6,0,0,96,0,0,64,0,0,0,0,0,0,0,12,0,3,0,0,0,0,0,0,33,0,0,0,0,0,0,0,0,0,0,0,0,2,0,0,0,0,17,0,0,0,0
"D228",0,0,0,0,0,0,11,0,0,0,0,0,0,0,0,0,0,0,2,0,0,0,0,0,0,0,0,0,0,0,4,0,0,0,0,0,0,0,0,0,0,661,0,0,0,0,1,7,0,0,0,0,0,0,0,0,0,0,0,0,0,0,0,0,0,0,0,2,0,0,0,0,0,0,0,0,0,0,694,0,0,0,0,0,0,0,189,0,3,72,0,0,0,0,138,0,0,0,0,0,0,0,0,0,0,0,0,0,0,0,0,13,0,0,0,0,0,0,42,0,0,0,0,0,4768,0,0,0,0,0,0,0,11,0,0,0,0,0,0,0,0,0,0,0,0,0,0,0,0,0,0,0,0,0,0,0,7,0,0,0,4382,0,0,0,0,0,0,0,10,0,0,0,2377,0,0,0,0,0,0,0,0,0,0,0,0,0,0,0,0,0,0,0,0,0,12,0,0,0,2,0,0,0,0,0,0,4,0,0,0,0,0,0,0,0,0,0,3,0,0,0,0,0,0,0,16,8,0,0,22,0,0,0,0,0,2,0,0,2,0,0,0,0,0,0,0,0,0,0,0,0,0,0,0,0,0,0,8,0,0,0,0,55,0,171,0,0,0,35,0,0,0,0,0,0,0,0,0,1,0,0,0,0,0,0,0,0,0,0,0,0,0,0,0,0,0,16,0,0,0,0,0,0,86,0,0,0,0,0,0,10,0,0,56,3,0,0,0,0,0,0,0,2206,0,0,0,0,0,0,0,0,0,0,0,0,0,0,0,0,0,0,0,0,0,0,0,0,0,0,0,0,0,5917,0,0,0,0,0,0,0,0,56,0,0,0,0,0,0,0,0,0,0,5,0,0,0,0,0,0,0,0,368,517,0,0,0,0,0,0,0,2,0,0,0,306,0,0,0,0,0,0,0,0,739,0,0,0,0,0,0,0,0,0,0,0,0,0,0,0,0,0,0,0,3505,7304,338,0,0,0,0,0,0,0,0,0,0,0,0,0,0,0,0,0,0,72,0,0,0,0,0,0,0,0,0,0,0,0,0,0,0,0,0,0,0,0,0,0,0,0,0,0,0,0,0,0,0,0,0,0,0,723,0,0,0,0,0,1423,0,0,0,0,343,0,0,0,0,5,0,0,0,0,0,0,0,0,0,0,0,0,0,0,0,1,0,0,0,0,0,0,0,123,0,0,8235,0,0,0,0,0,1324,6,25,0,0,0
"D229",0,0,0,2,0,0,0,12,0,0,0,0,0,22,2,0,4,0,2,0,0,0,47,0,0,0,0,0,0,3,0,1260,0,2,3,0,0,15,0,0,2,228,0,0,0,0,0,0,3,6,23,0,1,0,0,0,0,0,0,0,0,0,19,0,0,0,0,0,0,8,21,48,121,0,54,0,0,0,0,0,0,0,0,0,0,0,0,0,0,0,0,0,5,9,0,0,0,0,7,0,0,0,0,0,0,0,0,8,0,1,0,308,0,0,119,0,0,0,42,0,0,0,0,0,2,0,0,0,2,0,0,0,7,2,0,2,0,0,13,0,4,6,0,0,6,0,0,0,0,0,0,0,0,0,0,11,0,0,0,393,0,0,2,2,6,0,0,0,3,0,0,0,0,0,1,0,1,7,0,0,0,0,21,0,0,0,0,0,0,0,0,0,0,0,0,0,0,0,0,0,0,56,2,0,3,48,0,0,0,0,0,13,0,0,0,3,1,0,0,2,0,0,0,2,0,0,0,2,0,0,0,172,0,0,3,0,0,0,4,7,1,0,0,2,0,1,0,0,55,0,0,3,2,1,32,0,0,0,0,0,0,0,9,265,0,5,55,0,0,0,0,0,0,0,0,0,0,0,11,0,0,0,5,0,0,4,0,0,0,0,0,0,0,16,0,16,2,0,0,0,0,0,3,0,0,0,0,0,0,0,0,0,0,0,7,5,0,0,0,65,15,0,5,0,0,0,0,2,0,0,0,0,0,0,0,7,0,0,0,9,0,0,0,86,0,0,0,0,0,0,1,0,0,300,1,0,0,0,0,0,0,0,5,0,3,11,0,0,0,22,0,0,0,0,0,0,0,0,0,0,36,0,0,0,9,0,2,8,0,0,0,0,0,0,0,2,29,0,0,0,0,0,0,0,34,0,0,0,4,0,0,0,0,23,0,0,2,0,0,0,1320,0,25,0,0,0,0,0,1,0,5,3,0,0,795,0,0,0,0,8,4,0,0,0,3,78,12,0,0,0,0,7,0,1,6,1,0,14,0,0,272,1,0,0,0,0,0,400,29,0,2,0,0,0,0,7,0,0,0,0,2,0,0,3,0,3,0,0,6,0,247,3,0,0,0,218,4,0,0,0,0,0,9,0,0,0,11,0,0,0,0,0,0,0,0,0,81,0,0,6,0,0,65,0,2,0,0,5,124,0,0,0,0,0
"D230",0,0,0,0,0,0,0,0,0,0,0,0,0,0,0,0,0,0,0,0,0,0,0,0,0,0,0,0,0,4,0,0,0,0,0,0,0,0,0,0,0,3,0,0,0,0,0,0,0,0,0,0,0,0,0,0,0,0,0,0,0,3,0,0,0,0,0,3,0,0,0,0,0,3,0,0,0,0,24,0,0,0,0,125,0,0,2,0,13,0,0,0,0,0,6,2,0,0,0,0,0,0,0,0,0,0,0,0,0,65,0,2,0,0,100,0,0,0,0,0,0,0,0,0,8,0,0,0,0,0,0,0,0,0,0,0,0,0,0,0,0,0,0,0,0,0,0,0,0,0,0,0,0,0,0,0,0,0,0,0,62,3,0,0,0,0,0,0,0,0,5,0,20,0,0,0,2,0,0,0,0,15,0,0,0,0,0,0,0,0,0,0,0,0,0,0,0,0,0,0,0,0,0,0,0,0,0,0,0,0,0,0,0,27759,0,0,0,0,0,0,0,0,0,0,0,0,0,0,0,0,0,65,0,0,0,0,0,0,0,0,0,0,0,0,0,0,0,0,0,0,0,0,0,0,0,0,0,0,0,0,0,0,0,0,0,0,0,2,0,0,0,7,0,0,0,0,0,0,0,0,0,0,0,0,0,0,0,0,0,0,0,0,0,0,0,0,0,0,0,0,0,0,14,0,0,0,0,0,0,2,0,0,5,0,0,0,0,0,0,4,0,0,0,0,0,0,0,32,0,0,0,0,0,0,0,0,0,0,0,2,0,0,0,0,0,0,0,0,0,0,0,46,0,34,0,10,0,2,0,0,28,0,0,0,0,0,0,0,0,0,0,0,0,0,0,0,0,0,0,0,7,7,0,0,0,0,0,0,0,0,0,0,0,40,0,0,0,7,0,0,174,0,0,0,3,0,0,0,0,0,0,0,0,0,0,0,0,0,0,0,0,0,5,3,7,0,0,0,0,0,0,0,0,0,0,0,0,0,0,0,74,0,0,3,0,3,0,0,0,0,0,0,0,0,0,0,36,0,0,0,0,0,0,0,0,0,0,0,0,0,0,0,0,0,0,0,0,0,0,95,0,0,0,0,0,63,0,0,0,0,0,0,0,0,0,0,0,2,0,0,0,0,0,0,0,0,0,0,0,0,0,0,0,0,0,0,0,0,0,7,0,0,44,17,69,0,0,0,0,0,31,0,0,0
"D231",0,0,0,0,0,0,0,0,0,0,0,0,0,0,0,0,0,0,0,0,0,0,0,0,0,0,2,0,0,0,0,0,0,0,0,0,0,0,0,0,0,0,0,0,0,0,0,0,0,0,0,0,0,0,0,0,0,0,0,0,0,0,0,0,0,0,0,0,0,0,0,0,0,0,0,0,0,0,0,0,0,0,0,0,0,0,0,0,0,0,0,0,0,0,0,0,0,10,0,0,0,0,0,0,0,0,0,43,26,0,0,0,0,0,0,0,0,0,0,0,0,0,0,2,0,0,0,0,0,0,0,0,0,0,0,0,0,0,0,0,0,0,0,0,0,0,0,0,0,0,0,0,0,0,0,0,0,0,0,0,0,0,0,0,0,0,0,0,0,0,0,0,0,0,0,0,0,0,0,0,0,0,0,0,0,0,0,0,0,0,0,0,0,0,0,0,14,0,0,0,0,0,0,0,5,0,0,0,0,0,0,0,0,0,0,0,0,0,0,0,0,0,0,28,0,0,0,0,0,0,0,0,0,0,5,0,0,0,0,0,0,0,0,0,0,0,0,0,0,0,0,0,0,0,0,0,0,0,0,0,0,0,0,0,0,0,0,0,0,0,0,0,0,0,0,0,0,0,0,0,0,0,0,0,0,0,0,0,0,0,0,0,0,0,0,0,0,0,0,0,0,0,0,0,0,0,0,0,0,0,0,0,0,0,0,116,0,0,0,0,0,0,0,0,0,0,0,0,0,0,0,0,0,0,0,0,0,0,0,0,0,0,0,0,0,0,0,7,0,0,0,0,0,0,0,0,0,0,0,0,0,3,0,0,0,0,0,0,0,0,0,0,0,2,0,0,0,0,0,0,0,0,0,0,0,0,0,0,0,0,0,0,0,0,0,0,0,0,0,0,0,0,131,0,0,0,16,0,0,0,0,0,0,0,0,0,0,0,0,0,0,0,0,0,0,0,2,0,0,0,0,0,0,131,0,0,0,0,0,0,0,0,0,0,101,0,0,0,0,0,0,0,0,0,0,0,0,0,0,0,0,0,0,112,0,0,0,0,0,0,0,0,0,0,2,0,0,0,0,0,0,0,0,0,0,0,0,0,0,0,0,0,0,0,0,0,2,0,0,0,0,0,0,0,0,0,0,0,0,0,0,0,0,0,0,0,0,0,0,0,0,0,0,0,0,0,0,0,0,8,0,0,0,0
"D232",0,0,0,0,0,0,0,0,0,0,0,0,0,0,0,0,0,0,0,0,0,0,0,4,0,0,29,0,0,0,0,0,0,0,0,0,0,0,0,0,0,0,0,0,0,0,0,0,22,0,0,0,0,0,0,0,0,0,0,0,0,0,0,0,0,0,0,0,0,0,0,0,0,0,0,0,0,0,0,0,0,0,0,0,0,0,0,0,0,0,0,0,0,0,0,0,0,0,0,0,0,0,0,0,0,0,0,0,0,0,0,0,0,0,0,0,0,0,0,0,0,0,0,0,0,0,0,0,0,0,0,0,0,0,0,0,0,0,0,0,0,0,0,0,0,0,0,0,0,0,0,0,0,0,0,0,0,0,0,0,0,0,0,0,0,7,0,0,0,0,0,0,0,0,0,0,0,0,0,0,0,0,0,0,0,0,0,0,0,0,0,0,0,0,0,0,0,0,0,0,0,0,0,0,41,0,0,0,0,0,0,0,0,0,0,0,0,0,0,0,0,0,0,0,0,0,0,0,0,0,0,0,311,0,4,0,0,0,0,0,0,0,0,0,0,0,0,5,0,0,0,0,0,0,0,0,0,0,0,0,0,0,0,0,0,0,0,0,0,0,0,0,0,0,0,0,0,0,0,0,0,0,0,0,0,0,0,0,0,9,0,0,0,0,2,0,0,0,0,0,0,0,0,0,0,0,0,0,0,0,4,0,0,0,0,0,0,0,0,0,0,0,0,0,0,0,0,0,0,0,0,0,0,0,0,0,0,0,0,0,0,0,0,0,0,0,0,0,0,0,0,0,0,0,0,0,0,0,0,0,0,0,0,0,0,0,0,0,0,0,0,0,0,0,0,0,0,0,0,0,0,0,0,0,0,0,0,0,0,0,0,0,0,0,0,0,0,0,0,0,0,0,6,0,0,0,0,0,0,4,0,0,0,0,0,0,0,0,0,0,0,0,0,0,0,0,0,0,0,0,0,0,0,0,0,0,0,0,0,0,0,0,0,0,0,0,0,0,0,17,0,0,0,0,0,0,0,0,0,0,0,0,0,12,0,0,0,0,0,0,0,0,0,0,0,0,0,0,0,0,0,0,0,0,0,0,0,0,0,0,0,0,0,0,0,0,0,652,0,0,0,0,0,0,0,0,0,0,0,0,0,2192,0,0,0,0,0,0,0,0,0,0,0,0,0,0,0,0,0,0,0,0,0,0
"D233",5,0,0,802,0,3,229,0,1,0,0,0,0,0,0,0,0,0,91,2,0,0,0,197,0,0,640,0,0,0,6,0,0,0,0,0,0,0,13,88,0,0,0,0,0,7,227,0,0,0,12,0,0,0,0,1,0,0,0,0,451,0,0,2,0,0,567,0,606,0,0,0,0,0,20,6,0,0,0,0,0,0,0,0,0,0,0,0,0,0,0,0,0,0,5,0,1007,0,0,0,0,0,6592,25,0,0,0,4106,2809,0,0,0,0,0,0,0,0,0,0,3415,26,0,0,74,3,0,43,990,0,0,0,0,0,0,40,0,0,0,0,0,0,0,0,649,0,0,0,0,0,0,0,0,258,0,39,0,635,1,0,0,0,0,22,0,0,0,0,0,0,0,0,67,0,0,0,0,0,0,0,0,0,0,0,91,0,0,0,0,0,0,0,0,0,0,0,0,666,402,0,0,0,0,0,0,25,0,12,0,0,0,0,8,0,0,0,0,134,0,40,0,0,0,0,0,0,3,0,0,0,0,0,0,0,0,7844,85,0,1047,0,0,0,0,0,0,0,0,0,98,0,0,0,0,0,0,6,200,9,0,0,0,22,0,34,0,0,0,0,0,8,0,0,0,0,0,0,73,0,98,0,0,0,0,0,0,188,0,0,0,26,0,0,0,0,0,12,14,0,0,179,0,0,0,0,0,0,70,0,0,0,15,2239,2,0,0,0,12,485,0,0,0,0,0,0,0,0,0,14,0,40,3,0,0,0,0,0,0,0,146,0,0,3,0,0,0,0,0,0,233,0,0,0,0,0,0,0,0,0,0,0,0,0,0,1132,0,0,0,231,0,0,0,332,6,0,34,0,0,0,4,8,0,0,0,0,0,0,0,11,9,0,60,0,3,0,0,0,0,0,0,0,0,0,17,817,542,0,0,0,0,0,0,0,199,0,27,2,0,0,0,0,24,0,0,0,5,0,148,1963,0,0,0,0,0,0,24,0,16,0,0,4,0,0,0,0,0,0,36,0,9,0,0,8,0,0,0,0,0,0,0,0,0,0,0,0,440,37,591,0,0,0,0,0,0,0,0,0,0,0,0,5,0,0,0,0,0,0,0,0,0,0,0,0,0,0,0,0,0,1840,0,0,0,10,0,20,0,37,0,0,0,0,0,0,0,0,0,0,0,0,0,0,0,0,316,0,0,0,0,0,3,0,0,0,0,0,1
"D234",0,0,0,0,0,0,0,0,0,0,0,0,0,0,0,0,0,0,0,0,0,0,0,0,0,0,0,0,0,0,0,0,0,0,0,0,0,0,0,0,0,0,0,0,0,0,0,0,0,0,0,0,0,0,0,0,0,0,0,0,0,0,0,0,0,0,0,0,0,0,0,0,0,0,0,0,0,0,0,0,2,0,0,0,0,0,0,0,0,0,0,0,0,0,0,0,0,0,0,0,0,0,0,0,0,0,0,0,0,0,0,0,0,0,0,0,0,0,0,0,0,0,0,0,0,0,0,0,0,0,0,0,0,0,0,0,0,0,0,0,0,0,0,0,0,0,0,0,0,0,0,0,0,0,0,0,0,0,0,0,0,0,0,0,0,0,0,0,0,0,62,0,0,0,0,0,0,0,0,0,0,0,0,0,0,0,0,0,0,0,0,0,0,0,0,0,0,0,0,0,0,0,0,0,3,0,0,0,0,0,0,0,0,31,0,0,0,0,0,0,0,0,0,0,0,0,0,0,0,0,0,0,0,0,0,0,0,0,0,0,0,0,0,0,0,0,0,0,0,0,0,0,0,0,0,0,0,0,0,0,0,0,0,0,0,0,0,0,0,0,0,0,0,0,0,0,0,0,0,0,0,0,0,0,0,0,2,0,0,0,0,0,0,0,0,7,0,0,0,0,0,0,0,2,0,0,0,0,0,0,0,0,0,0,0,0,0,0,0,0,0,0,0,0,0,0,0,0,0,0,0,0,0,0,0,0,0,0,0,0,0,0,0,0,0,0,0,0,0,0,0,0,0,0,0,0,0,0,0,0,0,0,0,0,0,0,0,0,0,0,0,2,0,0,0,0,0,0,0,0,0,0,0,0,0,0,0,0,0,0,0,0,0,0,0,0,0,0,0,0,0,0,0,0,0,0,0,0,0,0,0,0,0,0,0,0,0,0,0,0,0,0,0,0,0,0,0,0,0,0,0,0,0,0,5,0,0,0,0,0,0,0,0,0,0,0,0,0,0,0,0,0,0,0,0,0,0,0,0,0,0,0,0,0,0,0,0,0,0,0,0,0,0,0,0,0,0,0,0,0,0,0,0,0,0,0,0,0,0,0,0,0,0,0,0,0,0,0,0,0,0,0,0,0,0,0,0,0,0,0,0,6,0,0,0,0,0,0,0,0,0,0,0,0,0,0,0,0,0,0,0,0,0,0
"D235",0,0,0,0,0,0,0,0,56,0,0,1,0,69,0,0,0,0,0,0,0,0,0,0,0,0,0,0,0,814,0,427,0,0,0,0,0,0,0,0,0,320,0,0,0,0,0,2,0,0,0,0,0,0,0,0,0,0,0,843,0,0,0,0,0,0,0,0,0,0,0,0,0,1219,0,0,0,0,16,0,0,0,0,49,0,0,0,0,55,0,298,0,0,0,821,25,0,0,0,0,0,0,0,0,0,0,0,0,0,58,0,0,0,0,720,0,0,0,3,0,0,0,0,0,119,14,0,0,0,2,0,0,0,0,0,0,0,0,0,0,0,0,0,0,5,0,0,0,0,0,0,0,0,0,0,0,0,0,0,0,3,0,0,0,0,0,0,0,84,0,0,0,2209,0,0,0,0,0,0,0,0,81,0,0,0,0,0,0,0,0,0,4,0,0,0,0,0,0,0,0,0,0,0,210,0,0,0,0,0,0,0,0,0,128,0,12,0,0,0,0,0,0,0,0,5,0,0,0,21,0,0,0,0,0,0,0,0,0,0,0,1549,0,0,0,0,0,0,0,0,0,0,0,0,0,1,0,0,0,0,0,2,4,0,0,0,0,0,0,0,0,0,0,0,0,0,0,0,0,2,0,0,0,46,0,0,0,0,0,0,0,0,0,0,0,0,0,0,0,0,0,0,0,522,0,259,3,0,0,0,0,0,0,689,0,0,0,0,0,563,98,0,725,0,0,0,0,0,380,0,0,0,0,0,0,0,0,0,0,0,67,0,0,0,0,0,0,0,0,0,2,5,811,340,49,0,0,0,0,0,0,10,0,0,0,0,0,0,586,19,0,0,3,0,0,0,0,0,0,0,0,22,896,0,0,155,0,0,0,0,0,0,0,0,1133,0,0,0,31,0,0,58,0,0,0,130,7,0,0,0,0,0,0,0,0,0,0,0,0,0,0,0,0,310,2496,38,0,0,0,0,0,0,50,0,0,0,0,0,0,0,0,1,0,0,66,0,0,0,0,0,0,0,0,0,0,0,0,3218,0,0,0,0,3,0,0,0,0,0,0,0,0,0,0,13,0,0,0,0,0,0,769,0,0,0,0,43,2205,0,0,0,0,0,0,0,0,0,0,0,0,0,0,0,0,0,0,0,0,0,0,0,0,0,0,0,0,0,0,0,0,0,87,0,0,7232,777,4,0,0,0,0,0,0,0,0,0
"D236",3,0,0,1314,0,9,56,0,0,0,0,0,0,0,0,0,0,0,57,0,0,0,0,26,0,0,78,0,0,0,0,5,0,0,0,0,0,0,0,0,0,0,0,0,0,0,93,0,0,0,1,0,0,0,0,25,0,0,0,0,302,0,0,0,0,0,16,0,326,0,0,0,0,0,9,0,0,0,0,0,0,0,0,0,0,0,0,0,0,0,0,0,0,0,0,0,1113,0,0,0,0,0,4301,308,0,0,0,1613,293,0,0,0,0,0,0,0,0,0,0,707,0,0,0,193,0,0,31,159,0,0,0,0,0,0,0,0,0,0,0,0,0,0,0,218,0,0,0,0,0,0,0,0,75,0,17,0,3836,0,0,0,0,0,0,0,0,0,0,0,0,0,0,9,0,1,0,0,0,0,0,0,0,0,0,59,0,0,2,0,0,0,0,0,0,0,109,0,247,116,0,0,0,0,0,0,12,0,0,0,0,0,0,0,0,0,0,0,87,0,0,0,0,0,0,12,0,10,0,0,0,0,0,0,0,0,6914,8,0,515,0,0,0,0,0,0,0,0,0,0,0,0,15,0,0,0,2,136,0,0,2,0,31,0,0,0,0,0,0,0,0,0,0,0,0,0,0,0,0,12,0,0,10,0,0,0,92,0,0,0,258,0,0,0,0,0,0,0,0,0,79,0,0,0,0,0,0,0,0,0,0,30,0,0,0,0,0,0,134,0,0,0,1,0,0,0,0,0,0,0,0,0,0,0,0,0,0,0,0,77,9,0,0,0,0,0,0,0,0,116,0,0,0,0,0,0,0,0,0,0,0,0,0,184,186,0,0,0,58,0,0,0,22,2,0,4,0,0,0,0,0,0,0,0,0,0,0,0,0,10,2,20,0,0,0,0,0,0,0,0,0,0,6,0,187,221,0,0,0,0,0,0,0,161,0,15,0,0,0,0,0,0,0,0,0,0,0,1151,328,0,2,0,0,0,0,21,0,0,0,0,0,0,0,0,36,0,0,154,0,4,0,0,0,0,0,0,0,0,0,0,0,0,0,0,3,605,44,90,0,0,0,0,0,0,0,0,712,0,0,0,0,0,0,0,0,0,0,0,0,0,0,0,0,9,0,0,0,0,207,0,0,0,0,0,0,47,25,0,0,0,0,0,0,0,0,18,0,0,0,0,0,0,0,192,0,0,0,0,0,0,0,0,0,0,90,0
"D237",0,0,0,0,0,0,0,0,0,0,0,0,0,0,0,0,0,0,0,0,0,0,0,0,0,0,0,0,0,0,0,0,0,0,0,0,0,0,0,0,0,0,0,0,0,0,0,0,3,0,1,0,0,0,0,0,0,0,0,0,0,0,0,0,0,0,0,0,0,0,0,0,0,0,0,0,0,0,0,0,0,0,0,0,0,0,0,0,0,0,0,0,0,0,0,2,0,2,0,0,0,0,1,0,0,0,0,0,0,0,1,0,0,0,0,0,0,0,0,0,0,0,0,0,0,0,0,0,0,0,0,0,0,0,0,8,0,0,0,0,2,0,0,0,0,0,0,0,0,0,0,0,0,0,0,0,0,0,0,0,0,0,8,0,0,0,0,0,0,0,0,0,0,0,0,0,0,0,0,0,0,0,0,0,0,0,0,0,0,0,0,0,0,0,0,0,0,0,0,0,0,0,0,0,3,0,0,0,0,0,0,0,0,0,0,0,0,0,0,0,0,0,0,0,0,0,0,0,0,0,0,0,0,0,0,0,0,1,0,0,0,0,0,0,0,0,0,0,0,0,0,0,0,0,0,0,0,0,0,2,2,0,0,2,0,0,0,0,0,0,0,111037,0,0,0,0,0,3,0,0,0,0,0,0,0,0,0,0,0,0,0,0,0,0,5,0,0,0,0,0,0,0,0,0,0,3,0,3,0,9,0,0,0,0,0,0,0,2,0,0,31,0,0,0,0,0,0,0,0,19,0,0,0,0,0,0,0,0,0,0,0,0,0,0,0,0,0,0,0,0,0,0,0,0,0,0,0,0,0,0,0,0,0,0,0,0,0,0,0,0,0,0,0,0,0,0,0,0,0,0,0,0,0,0,0,0,0,0,0,14,0,4,0,0,0,0,0,0,0,0,0,691,0,0,0,0,0,0,0,0,0,0,0,5,0,0,0,0,0,0,0,0,0,0,0,0,0,0,0,0,0,0,0,0,0,0,0,0,0,0,0,0,0,0,0,0,0,0,0,0,0,0,0,0,0,0,0,0,0,0,0,0,0,0,0,0,0,0,0,0,0,0,0,0,0,0,0,0,3,0,0,0,0,0,0,0,0,0,0,0,0,0,0,0,0,0,0,0,0,0,0,0,0,0,0,0,0,0,0,0,0,28,0,0,0,0,0,0,0,0,0,0,0,0,0,0,0,0,0,0,0,0,0,0
"D238",0,0,0,0,0,0,0,0,0,0,0,0,0,0,0,0,0,0,0,0,0,0,0,0,0,0,0,0,0,0,0,2815,0,0,0,0,0,0,0,0,0,0,0,0,0,0,0,0,1901,0,0,0,0,0,0,93,0,0,27273,0,0,0,0,0,0,0,0,0,0,0,0,0,0,0,0,239,0,0,0,0,0,0,0,0,0,0,0,0,0,0,0,0,0,0,0,0,0,0,0,0,0,0,0,0,0,0,0,0,0,0,0,0,0,0,0,0,0,0,0,0,0,0,0,0,0,0,0,0,0,0,0,0,0,0,0,151,0,0,0,0,0,0,0,0,0,0,0,0,0,0,0,0,0,0,0,0,0,0,0,0,0,0,13,0,0,10,0,1198,0,0,0,0,0,0,0,0,0,0,0,0,0,0,0,0,0,0,0,0,0,0,0,0,0,0,0,0,0,0,0,0,0,0,0,0,0,0,0,0,0,0,0,0,0,0,0,0,0,0,0,0,0,0,0,0,0,0,0,0,0,0,0,0,0,0,0,0,0,0,0,0,0,0,0,0,0,0,0,6103,0,0,0,0,0,0,0,0,0,0,0,0,0,0,0,0,0,0,0,0,0,0,0,0,0,0,0,0,0,0,0,0,0,0,0,0,0,0,0,0,0,0,0,0,0,0,648,0,0,0,37285,0,0,0,0,0,0,13,0,0,0,0,288,0,0,0,0,0,0,0,0,0,0,0,0,0,0,0,0,0,0,0,0,0,0,0,0,0,0,0,0,0,0,0,0,0,0,0,0,0,0,0,0,0,0,0,0,0,0,0,0,0,0,0,0,0,0,0,0,0,0,0,0,0,0,0,0,0,0,0,0,0,0,0,0,0,0,0,0,0,0,0,0,0,0,0,0,0,0,0,0,0,0,1311,0,0,0,0,0,0,0,0,0,0,0,1009,0,0,0,0,0,0,0,0,0,0,0,0,0,0,0,0,0,0,0,0,0,0,0,0,0,0,0,0,0,0,0,0,0,0,0,0,0,0,0,0,0,0,0,0,0,0,0,0,0,0,0,5,0,0,0,0,0,0,0,0,0,0,0,0,0,0,0,0,0,0,0,0,0,0,0,0,0,0,0,0,0,0,0,0,0,0,0,0,0,0,0,0,0,0,0,0,0,77,0,0,0,0,0,0,0,0,0,0,0,0,0,0,0,0,0,0,0,0,0,0
"D239",0,0,0,1177,0,0,0,0,0,0,0,0,0,0,0,0,0,0,2,0,0,0,0,0,0,0,0,0,0,0,0,0,0,0,0,0,0,0,0,0,0,0,0,0,0,0,0,0,0,0,0,0,0,0,0,0,0,0,0,0,5,0,0,0,0,0,2,0,0,0,0,0,0,0,3,0,0,0,0,0,0,0,0,0,0,0,0,0,0,0,0,0,0,0,0,0,0,0,0,0,0,0,986,0,0,0,0,0,0,0,0,0,0,0,0,0,0,0,0,2,0,0,0,32,0,0,0,0,0,0,0,0,0,0,0,0,0,0,0,0,0,0,0,0,0,0,0,0,0,0,3,0,0,0,0,0,3877,0,0,0,0,0,0,0,0,0,0,2,0,0,0,4,0,2,0,0,0,0,0,0,0,0,0,0,0,0,0,0,0,0,0,0,0,0,0,0,0,0,0,0,0,0,0,0,0,0,0,0,0,0,0,0,0,0,0,0,0,0,0,0,0,2,2,11,0,0,0,0,0,0,0,0,0,0,10,0,0,0,0,0,0,0,0,0,0,0,0,0,0,0,0,0,0,0,0,0,3,0,0,0,0,0,0,0,0,0,0,0,0,0,0,0,0,0,0,0,0,0,0,0,0,0,0,0,0,0,0,0,0,0,0,0,0,0,0,0,0,0,0,0,0,0,0,0,0,0,0,0,0,0,0,0,0,0,0,12,0,0,0,0,0,0,0,0,0,0,0,0,0,0,0,0,0,0,0,0,0,0,0,0,0,0,0,0,0,0,0,4,0,0,0,0,0,0,0,0,0,0,0,0,0,584,0,0,0,0,0,0,0,0,0,0,0,0,0,0,0,0,0,0,0,0,0,0,0,0,0,26,0,0,0,0,0,0,0,0,0,0,0,0,0,0,1,0,0,0,0,0,0,0,0,0,0,0,0,0,0,0,0,0,0,0,0,0,0,0,0,0,0,0,0,0,0,7,0,0,0,0,0,0,0,0,0,0,0,0,0,0,0,0,0,0,0,0,0,0,0,0,0,0,0,0,0,24,0,0,0,0,0,0,0,0,0,0,2,0,0,0,0,0,0,0,0,0,0,0,0,0,0,0,0,0,0,0,0,0,0,0,0,0,0,0,0,7,0,0,0,0,0,0,0,0,0,0,0,0,0,0,0,0,0,0,0,0,0,0,0,0,0,0,0,0,0,0
"D240",0,0,0,0,0,0,0,0,0,0,0,0,0,0,0,0,0,0,0,0,0,0,0,0,0,0,0,0,0,0,0,0,0,0,0,0,0,0,0,0,0,0,0,0,0,0,0,0,0,0,0,0,0,0,0,0,0,0,0,0,0,0,3,0,0,0,0,0,0,0,2,0,0,0,0,0,0,0,0,0,0,0,0,0,0,0,0,0,0,0,0,0,0,0,0,0,0,0,0,0,0,0,0,0,0,0,0,0,0,0,0,3,0,0,0,0,0,0,10,0,0,0,0,0,0,0,0,0,0,0,0,0,0,0,0,0,0,0,0,0,0,0,0,0,0,0,0,0,0,0,0,0,0,0,0,0,0,0,0,0,0,0,0,0,0,0,0,0,0,0,0,2,0,0,0,0,0,0,0,0,0,0,0,0,0,0,0,0,0,0,0,0,0,0,0,0,0,0,0,0,0,0,0,0,2,0,0,0,0,0,0,0,0,0,0,0,0,0,0,0,0,0,3,0,0,0,0,0,0,0,0,0,0,0,0,0,0,0,0,0,0,0,0,0,0,0,0,0,0,0,0,0,0,0,7,0,0,0,0,0,0,0,0,0,0,0,0,0,0,0,0,0,0,0,0,0,0,0,0,0,0,0,0,0,0,0,0,0,0,2,0,0,0,0,0,0,0,0,0,0,0,1,0,0,0,0,0,0,0,0,0,0,0,0,0,0,0,0,0,0,0,0,0,0,0,0,0,0,0,0,0,0,0,0,0,5,0,0,0,0,0,0,0,0,0,0,0,0,0,0,0,0,0,11,0,0,0,0,0,0,0,0,0,0,0,0,0,0,0,0,0,0,0,0,0,0,0,0,0,0,0,0,0,0,0,0,0,0,0,0,0,0,0,0,0,0,0,0,0,0,6,0,0,0,0,0,0,0,0,0,0,0,0,0,0,0,0,1,0,0,2,0,0,0,2,0,0,0,0,0,0,0,0,0,0,0,0,0,0,0,0,0,0,0,0,0,16,0,0,0,0,0,0,0,0,0,0,0,0,0,0,0,0,0,0,0,0,0,0,0,0,0,0,0,0,0,0,0,0,0,0,0,0,0,0,0,0,0,0,0,6,0,0,0,0,1,0,0,0,0,0,0,0,0,0,0,0,0,0,0,0,2,0,0,0,0,14,0,0,0,0,0,0,0,0,0,0,0,3,0,0,0,0,0
"D241",0,6,0,0,0,0,0,135,18,0,0,22,0,10,0,0,565,0,0,0,0,5,0,0,0,0,0,54,0,610,1,0,0,8,30,0,1,217,0,0,0,244,5,0,0,0,0,33,206,2,0,0,36,0,0,0,0,27,0,18,0,0,0,2,0,50,0,9,0,21,0,163,0,0,1,0,111,19,4,3,2,0,0,9,0,7,5,31,0,6,2,0,1,0,3,0,0,0,0,0,9,6,0,0,14,14,0,0,0,17,0,7,2,0,33,8,0,0,0,0,0,7,28,0,8,0,0,0,0,0,0,0,0,21,0,0,0,0,0,4,0,14,23,0,0,77,5,20,0,0,0,0,0,0,0,4,0,0,0,0,2,11,0,0,15,0,26,37,16,0,39,0,0,0,8,0,13,0,26,19,2,2,193,0,30,0,80,14,0,0,2,0,6,0,0,0,0,0,0,0,0,0,0,20,2,0,0,0,72,0,9,7,0,0,130,12,0,11,0,0,0,0,0,0,0,0,26,3,2,0,0,20,0,2,0,0,0,0,0,0,0,0,33,0,0,4,0,0,65,30,0,57,0,0,14,0,0,0,23,0,2,2,0,1,64,2,3,0,4,0,0,32,0,0,0,0,0,0,0,0,108,1,12,0,0,129,0,0,0,0,62,0,0,4,0,0,485,133,21,0,0,213,2,162,0,4,0,0,0,0,0,2,0,32,125,0,0,0,8,0,0,7,171,21,13,0,0,10,0,0,0,28,129,3,2,0,2,0,0,0,0,44,8,95,0,0,96,0,0,0,0,0,9,0,0,0,1,177,6,0,0,0,0,0,13,0,0,0,0,71,0,0,5,0,17,0,0,0,3,0,0,3,0,0,3,0,2,0,0,0,0,0,0,5,33,319,0,2,0,0,64,0,0,0,0,17,18,0,0,0,1,0,5,0,0,8,0,1121,0,0,39,0,1,20,0,0,0,1,0,29,20,0,0,0,5,253,0,0,0,13,2,0,0,0,0,5,1841,0,14,0,0,0,4,67,318,0,0,164,87,0,0,0,0,0,0,0,54,164,27,5,11,6,32,1,0,0,0,0,0,2,0,27,17,3,24,11,31,0,5,0,0,0,0,5,0,17,0,0,137,0,34,16,351,0,0,18,0,26,0,2,0,33,7,13,0,0,0,40,68,78,3,0,18,0,0,3,0,967,0,0,0,22,2,0
"D242",12,109,14,0,48,31,0,0,0,0,0,22,0,18,71,5,0,0,5,124,125,11,55,0,0,120,0,4,11,234,130,0,101,10,6,0,0,0,109,0,83,0,17,0,81,50,0,4,76,0,4,14,36,27,0,1,276,245,0,88,0,0,48,31,0,1,0,41,0,6,82,3,6,0,0,0,192,0,0,0,0,88,0,0,5,0,1,18,0,0,30,5,9,0,0,0,0,0,14,485,0,2,0,0,8,14,5,0,0,30,39,0,114,1,0,3,14,11,0,0,66,6,127,0,0,0,0,0,0,8,74,26,41,98,30,0,67,25,90,72,0,39,20,0,0,82,0,41,8,129,19,16,0,31,0,1,0,147,2,62,0,0,16,1,9,0,0,49,1,5,0,0,0,0,24,1,1,0,42,20,36,0,15,0,41,132,6,6,2,13,26,5,0,5,4,3,0,0,73,15,13,0,5,30,0,0,6315,11,0,274,23,2,20,0,0,0,0,2,3,27,45,88,0,0,1,7,4,9,0,210,9,32,0,19,0,0,13,0,32,9,0,33,6,0,23,16,158,0,0,21,188,47,37,1,1269,0,33,17,8,8,13,0,0,5,4,34,41,1,64,13,0,0,26,74,53,84,22,0,0,759,102,6,0,88,0,71,35,20,0,0,0,0,22,10,3,0,0,127,57,71,31,884,0,11,0,122,259,0,60,254,7,129,0,66,83,0,0,21,0,0,102,0,87,0,15,0,65,0,4,14,0,0,321,0,22,42,121,0,0,0,0,167,6,72,3,46,0,0,79,17,0,0,0,0,0,0,6,98,8,1,0,0,0,113,6,6,0,0,0,91,1,1,0,0,4,0,25,27,1,23,0,0,93,76,0,0,4,0,0,0,81,0,44,0,88,41,0,0,91,0,0,0,25,0,0,0,6,0,48,17,105,0,10,1596,2,9,18,0,0,6,75,18,0,0,0,0,0,128,0,7,26,0,8,0,13,66,0,0,3,11,0,52,0,0,0,0,826,445,39,0,16,11,12,23,81,45,0,66,10,65,46,0,197,0,0,2,16,50,184,49,148,50,12,65,0,15,66,3,3,0,9,9,11,1,271,0,21,3,0,12,0,0,235,28,55,93,0,0,23,66,33,6,287,0,66,4,0,45,125,0,0,21,0,3,42,3,0,17,7,0,26,0,0,0,0,2,19,596,44,10,0,2,1,0
"D243",59,60,0,0,0,1,0,0,0,0,0,0,0,0,0,0,0,0,0,0,0,0,0,0,0,0,0,0,0,0,102,0,0,0,0,0,0,0,0,0,0,0,0,0,2,0,0,0,0,0,0,0,0,0,13,0,0,0,0,0,0,0,0,0,0,0,484,0,0,0,0,0,0,0,0,2,0,0,0,0,0,0,0,0,0,0,0,0,0,0,0,0,0,0,0,0,0,0,0,0,0,0,0,0,0,0,181,0,0,0,0,0,0,0,0,0,0,0,0,0,0,0,0,0,0,0,0,0,0,0,0,0,2,0,0,0,0,0,0,0,0,0,0,0,0,0,0,0,0,16,0,0,0,0,513,0,0,0,0,0,0,0,136,0,0,0,0,0,0,0,0,0,0,0,0,0,0,0,0,0,0,0,0,0,0,0,0,0,0,0,0,0,0,0,5,74,0,0,0,0,0,0,0,0,0,0,0,0,0,0,0,0,0,0,0,0,0,0,0,0,0,0,0,0,0,78,0,0,0,0,0,0,1742,0,0,0,0,0,0,0,0,0,0,0,0,0,0,0,0,0,22,0,0,0,0,0,72,0,0,0,16,0,0,0,0,0,0,0,0,0,0,0,0,0,0,652,0,0,0,0,0,0,0,0,0,0,0,0,0,0,0,0,0,0,46,0,0,0,0,0,0,0,0,0,0,997,0,0,0,3,5,0,0,0,0,0,0,6,0,0,0,0,0,0,0,0,0,0,0,0,0,0,0,0,0,0,0,0,0,0,0,0,0,0,0,0,0,0,0,0,0,0,0,0,0,0,0,0,0,0,0,0,0,0,0,0,0,0,0,0,0,4,0,0,0,0,0,0,0,0,0,0,0,0,0,0,0,0,0,79,0,0,0,0,0,0,0,0,0,0,0,0,1,0,0,0,0,0,0,0,0,0,0,247,0,0,0,0,0,0,0,0,0,0,0,0,0,0,0,0,0,0,0,0,0,0,0,0,0,0,0,0,0,0,0,0,0,0,0,0,0,0,0,0,0,0,0,0,0,0,0,0,0,63,0,0,0,0,0,0,0,0,0,0,0,0,0,0,211,0,0,0,0,0,0,0,0,0,0,0,0,0,0,0,0,0,0,0,0,0,0,0,0,0,5,0,0,0,0,0,0,315,0,0,0,0,0,0,0,0,0,0,0,0,0,0,0,0,0,0,0,0,0,0
"D244",0,0,0,0,0,0,0,4,3,0,4,4,8,11,0,0,0,1,0,0,1,6,0,0,0,0,0,3,0,0,7,696,0,0,2,0,0,7,0,0,0,35,0,11,3,0,0,5,0,3,0,0,2,0,0,0,0,0,0,21,0,11,0,14,0,0,0,3,0,0,0,11,0,798,0,0,3,0,64,31,0,0,0,14,5,9,8,0,40,2,8,0,0,0,722,0,0,0,0,0,0,0,0,0,0,0,0,0,0,2,0,9,0,0,952,3,0,0,2,0,0,0,0,0,212,0,0,0,40,42,0,0,7,3,0,0,0,0,13,0,0,0,0,0,70,0,0,0,0,0,0,0,0,0,0,0,0,0,0,6,3,3,9,0,0,2,0,0,0,0,0,0,1056,0,3,0,5,22,0,4,2,34,5,0,0,0,0,0,6,0,0,2,0,0,0,0,0,0,0,0,3,0,0,1,0,7,0,0,0,0,0,0,0,15,0,3,0,12,0,0,0,0,0,0,28,0,2,0,21,7,0,0,0,0,0,0,0,0,0,0,3,0,3,0,0,0,0,0,0,0,0,2,0,0,32,0,0,9,0,0,5,10,0,1,0,0,48,0,0,0,0,22,0,3,0,10,0,0,6,0,0,0,0,0,0,0,0,0,0,0,0,0,0,0,0,0,0,0,16,0,0,0,429,0,111,35,0,0,0,8,16,0,13,0,2,0,0,0,0,148,0,6,0,0,4,0,0,11,0,0,0,11,0,0,0,0,0,0,0,6,2,0,12,0,0,0,5,0,0,20,0,354,125,13,0,0,2,0,0,0,4,0,0,0,0,0,0,709,7,0,0,0,0,0,0,0,0,0,2,4,0,1614,0,0,9,3,23,0,0,0,0,0,1,1038,0,0,10,3,0,16,0,3,0,0,11,11,0,0,0,0,0,0,1,14,0,0,2,0,0,0,108,0,1912,1729,5,0,0,0,2,0,7,8,4,0,7,0,16,6,0,17,0,0,0,342,0,2,14,0,0,0,0,0,0,0,4,0,49,3,0,0,0,30,0,0,0,0,3,2,12,0,3,0,10,4,0,0,0,3,0,13,0,2,0,0,15,2674,3,3,0,0,149,3,0,2,0,2,0,0,0,4,0,0,0,0,0,3,5,0,0,20,0,0,14,0,1,0,0,0,0,13,0,0,2527,0,15,3,0,11,0,3,0,0,0,0
"D245",0,0,0,0,0,0,0,0,0,0,0,0,0,0,0,2,0,0,0,0,0,37,76,0,0,0,0,0,0,0,0,0,0,0,0,0,0,0,0,0,0,65,0,0,0,0,0,1,0,12,12,0,0,0,0,0,0,0,0,0,0,0,57,0,0,0,0,0,0,0,13,0,7,0,11,0,0,0,4,0,0,0,3,24,0,0,0,0,5,140,0,0,0,0,2,0,0,0,0,0,0,0,0,0,0,0,0,0,0,14,0,13,0,0,24,0,0,0,181,0,0,0,0,0,19,0,0,0,22,0,0,0,2,0,0,0,0,0,8,0,0,0,0,0,544,0,0,0,0,0,0,0,0,0,0,3,0,0,0,0,8,59,0,0,0,0,0,0,2,0,0,0,2,0,0,0,0,40,0,0,0,41,0,0,0,0,0,0,0,0,0,12,0,0,0,0,0,0,0,3,0,19,3,5,1,183,0,2,0,0,0,0,0,0,4,2,0,0,0,0,0,0,0,0,1,0,0,0,3,0,0,15,2,0,0,0,0,0,0,0,19,0,0,0,0,0,0,0,2,0,1,0,0,0,0,0,0,0,0,0,0,0,0,138,0,0,137,9,0,0,0,0,0,0,0,0,0,0,113,0,0,0,0,0,0,0,0,0,0,0,0,0,0,0,0,0,0,0,0,0,0,0,10,0,14,0,0,0,0,3,0,0,0,0,0,0,0,0,0,0,0,41,0,0,0,0,0,2,0,0,0,0,0,0,0,2,0,0,0,19,0,0,0,11,6,0,0,0,0,0,0,0,0,132,0,5,4,0,0,0,0,0,0,0,0,0,0,0,0,3,0,0,0,0,0,0,0,0,0,0,4,3,0,0,15,0,6,0,0,0,0,0,0,0,0,0,8,12,0,0,0,0,0,0,0,0,0,0,0,0,0,0,0,6,0,0,0,0,0,0,186,0,10,0,0,0,0,0,0,0,0,0,0,0,0,0,0,0,0,3,19,0,10,0,0,8,24,0,0,0,0,0,0,3,9,0,4,2,0,0,28,91,0,0,0,0,0,10,2,0,0,0,0,0,0,0,0,0,0,63,0,0,0,0,0,3,0,0,0,3,0,0,0,0,0,334,0,0,0,0,0,0,0,11,0,0,0,0,0,0,0,5,0,0,0,0,67,0,0,0,0,0,19,0,54,0,0,0,3,0,6,0,0,0
"D246",0,0,0,87,0,0,0,0,0,0,0,0,0,0,0,0,0,0,0,0,0,0,0,0,0,0,0,0,0,0,0,0,0,0,0,0,0,0,0,6,0,0,0,0,0,0,0,0,0,0,0,0,0,0,0,0,0,0,0,0,0,0,0,0,0,0,0,0,0,0,0,0,0,0,0,0,0,0,0,0,0,0,0,0,0,0,0,0,0,0,0,0,0,0,0,0,0,157,0,0,0,0,0,0,0,0,0,4,0,0,0,0,0,0,0,0,0,0,0,0,0,0,0,6,0,0,0,0,0,0,0,0,0,0,0,0,0,0,0,0,0,0,0,0,0,0,0,0,0,0,0,0,0,0,0,0,0,0,0,0,0,0,0,0,0,0,0,0,0,0,0,0,0,0,0,0,0,0,0,0,0,0,0,0,0,0,0,0,0,0,0,0,0,0,0,0,22,0,0,0,0,0,0,0,11,0,0,0,0,0,0,0,0,0,0,0,0,0,0,0,0,0,0,810,0,0,0,0,0,0,0,0,0,0,0,0,0,4,0,0,0,0,0,3605,0,0,0,0,0,0,0,0,0,0,0,0,0,0,0,0,0,0,0,0,0,0,0,0,0,0,0,0,0,0,0,0,0,0,0,0,0,0,0,0,0,0,0,0,0,0,0,0,0,0,0,0,0,0,0,0,0,0,0,0,0,0,0,0,0,0,0,0,0,0,0,3561,0,0,0,0,0,0,0,0,0,0,0,0,0,0,0,0,0,0,0,0,0,0,0,0,0,0,0,0,0,0,0,0,0,0,0,2,0,0,0,0,0,0,0,0,0,0,0,0,0,0,0,0,0,0,0,0,0,0,0,0,0,0,0,0,0,0,0,0,0,0,0,21585,0,0,0,0,0,0,0,0,0,0,0,0,0,0,2,0,0,0,0,0,0,0,0,0,0,0,0,0,0,0,0,0,0,0,0,0,0,0,0,0,0,0,0,0,0,0,0,0,0,0,0,0,0,0,0,0,2,0,0,0,0,359,0,0,0,0,0,0,0,0,0,0,0,0,0,3,0,0,0,0,0,0,0,0,0,0,0,0,0,0,0,0,0,0,0,0,0,0,0,0,0,0,0,0,0,0,0,0,2,0,0,0,0,0,0,0,0,0,0,0,0,0,0,0,0,0,0,0,0,0,0,0,0,0,0,0,0,0,0,0,0,0,0,0,0,0
"D247",0,0,0,0,0,0,9991,0,0,0,0,0,0,0,0,0,0,0,95,0,0,0,0,0,0,0,0,0,0,0,0,0,0,0,0,0,0,0,0,0,0,0,0,0,0,0,0,0,0,0,0,0,0,0,0,0,0,0,0,0,0,0,0,0,0,0,0,0,0,0,0,0,0,0,9,0,0,0,0,3304,0,0,0,0,0,0,0,0,0,0,0,0,0,0,0,0,0,0,0,0,0,0,0,0,0,0,0,0,0,0,0,0,0,0,0,0,0,0,0,0,0,0,0,0,0,0,0,0,0,0,0,0,0,0,0,0,0,0,0,0,0,0,0,0,0,0,0,0,0,0,0,0,0,0,0,0,0,0,0,0,0,0,0,0,0,0,0,5,0,0,0,0,0,0,0,0,0,0,0,0,0,0,0,0,0,0,0,0,0,0,0,0,0,0,0,0,0,0,0,0,0,0,0,0,0,0,0,0,0,0,0,0,0,0,0,0,144,0,0,0,0,0,250,0,0,0,0,0,0,0,0,18,0,0,5,0,0,0,0,0,0,0,0,0,0,0,0,0,0,0,0,0,0,0,0,0,101,0,0,0,122,0,0,137,0,0,0,0,0,0,0,0,0,0,0,0,0,0,0,0,0,0,0,0,0,0,0,0,0,0,0,0,0,0,0,0,0,0,261,0,0,0,52,0,0,4,0,0,0,0,0,0,0,0,0,0,0,0,0,0,0,0,0,0,0,0,0,92,0,0,0,0,0,0,0,0,0,0,0,0,0,0,0,0,0,0,0,0,0,0,0,0,0,0,0,0,0,0,0,0,0,0,0,0,0,0,0,0,0,0,0,46,0,0,0,0,0,0,0,0,0,0,0,0,0,0,0,0,0,0,0,0,0,0,0,0,0,0,0,0,0,0,0,0,0,0,0,0,0,0,0,0,0,0,0,0,0,0,0,0,0,0,0,0,0,0,0,0,0,0,0,0,0,0,0,0,0,0,0,0,0,0,0,0,0,0,0,0,0,0,0,0,0,0,0,0,0,0,0,0,0,0,0,0,0,0,0,0,0,0,0,0,0,0,0,0,0,0,0,0,0,0,0,0,0,0,0,0,0,0,0,0,0,0,0,0,0,0,0,0,0,0,0,0,0,0,0,0,0,0,0,0,0,0,0,0,0,0,0,0,0,0,0,0,0,0,0,0,0,0,0,0,0,0
"D248",0,0,0,0,0,0,0,0,0,0,0,0,0,0,0,0,0,0,0,0,0,0,0,0,0,0,0,0,0,0,0,0,0,0,0,0,0,0,0,0,0,0,0,0,0,0,0,0,0,0,0,0,0,0,0,0,0,0,0,0,0,0,0,0,0,0,0,0,0,0,0,0,0,0,0,0,0,0,0,0,0,0,0,0,0,0,0,0,0,0,0,0,0,0,0,0,0,0,0,0,0,0,0,0,0,0,0,0,0,0,0,0,0,0,0,0,0,0,0,0,0,0,0,0,0,0,0,0,0,0,0,0,0,0,0,0,0,0,0,0,0,0,0,0,0,0,0,0,0,0,0,0,0,0,0,0,0,0,0,0,0,0,0,0,0,0,0,0,0,0,0,1,0,0,0,0,0,0,0,0,0,0,0,0,0,0,0,0,0,0,0,0,0,0,0,0,0,0,0,0,0,0,0,0,0,0,0,0,0,0,0,0,0,0,0,0,0,0,0,0,0,0,3,0,0,0,0,0,0,50,0,0,0,0,0,0,0,0,0,0,0,0,0,0,0,0,0,0,0,0,0,0,0,0,0,0,0,0,8,0,0,0,0,0,0,0,0,0,0,0,0,0,0,0,0,0,0,0,0,0,0,0,0,0,0,0,0,0,0,0,0,0,0,0,0,10,0,0,0,0,0,0,0,0,0,0,0,0,0,0,0,0,0,0,0,0,0,0,0,0,0,0,0,0,0,0,0,0,0,0,0,0,0,0,0,0,0,0,0,0,0,0,0,0,0,0,0,0,0,0,0,0,0,0,0,0,0,0,0,0,0,0,0,0,0,0,0,0,0,0,0,0,0,0,0,0,0,0,0,0,0,0,0,0,0,0,0,0,0,0,0,0,0,0,0,0,0,0,0,0,0,0,0,0,0,0,0,0,0,0,0,0,0,0,0,0,0,0,0,0,0,0,0,0,0,0,0,0,0,0,0,0,0,0,0,0,0,0,0,0,0,0,0,0,0,0,0,0,0,0,0,0,0,0,0,0,0,0,0,0,0,0,0,0,0,0,0,0,0,0,0,0,0,0,0,0,0,0,0,0,0,0,0,0,0,0,0,0,0,0,0,0,0,0,0,0,0,0,0,0,0,0,0,0,0,0,0,0,0,0,0,0,0,0,0,0,0,0,0,0,0,0,0,0,0,0,0,0,0,0,0,0,0,0
"D249",0,0,0,0,0,0,0,0,0,0,0,0,0,0,0,0,2,0,110,0,0,0,0,0,0,0,0,0,0,0,0,0,0,0,0,12,0,0,0,0,0,0,0,0,0,0,17,683,0,0,0,0,0,0,0,2,0,0,0,0,0,4,0,0,0,0,0,0,0,0,0,0,0,8,0,0,0,0,7,0,0,0,0,0,0,0,0,0,0,0,0,0,0,0,41,0,0,0,0,0,0,0,0,0,0,0,0,0,0,0,0,0,0,0,0,0,0,0,0,0,0,0,0,0,0,0,24,0,0,0,0,0,0,0,104,0,0,0,0,0,0,0,0,0,0,0,0,0,0,0,0,0,0,0,0,0,0,0,0,0,0,0,0,0,0,0,0,0,0,0,408,0,0,0,0,0,0,0,0,0,0,0,0,0,0,0,0,0,0,0,0,0,0,0,0,0,0,0,0,0,0,0,0,0,0,0,0,0,0,0,0,0,0,0,0,0,139,0,0,0,0,0,0,0,0,0,0,0,0,0,0,0,0,0,0,0,0,0,0,0,0,0,0,0,0,0,0,0,0,0,0,0,0,0,0,0,0,0,0,0,0,0,0,0,0,0,0,0,0,0,6,0,0,0,0,0,0,0,0,0,0,0,0,0,0,0,0,0,0,0,0,0,0,0,0,6290,0,0,0,0,0,0,10,0,0,0,0,0,0,0,0,0,3,0,0,0,0,0,0,0,0,0,0,0,0,0,0,8,0,0,0,0,0,0,0,0,0,0,0,0,0,0,0,0,0,0,0,0,0,0,0,0,0,0,0,0,0,0,0,0,5,0,0,0,0,0,0,15,0,0,0,0,0,0,0,0,0,0,0,0,0,35,0,0,0,0,0,0,0,0,0,0,0,33,0,0,0,0,0,0,0,0,0,0,0,0,0,0,0,0,0,0,0,0,0,0,0,0,0,0,0,0,70,0,0,0,0,0,0,0,0,0,0,0,0,0,0,0,0,0,0,0,0,2,0,0,0,0,0,0,0,0,0,0,0,0,0,0,0,0,0,0,0,0,0,0,0,0,0,0,0,0,0,0,0,0,0,0,0,0,0,0,0,0,0,42,0,0,0,0,0,0,0,0,0,0,0,0,0,0,0,0,0,0,0,0,0,0,0,0,0,0,0,0,0,0,0,0,0,0,0,0,7,3,0,0,0,0,0,0,0,0,0,0
"D250",0,0,0,0,0,0,0,0,0,0,0,0,0,3,0,0,0,5,0,0,0,0,0,0,0,0,0,0,0,0,0,33,0,0,0,0,0,0,0,0,0,0,0,0,8,0,0,0,0,0,0,0,0,0,0,0,0,0,0,0,0,0,8,0,0,0,0,0,0,0,0,0,0,101,0,0,0,0,583,0,0,0,5,485,0,3,0,0,0,0,0,0,0,0,0,70,0,0,0,0,0,0,0,0,0,0,0,0,0,0,0,0,0,0,193,4,0,0,0,0,0,0,0,0,0,0,0,0,29,0,0,0,0,0,0,0,0,0,0,0,0,0,0,0,2,0,0,0,0,0,0,0,0,0,0,0,0,0,0,0,0,0,0,0,0,0,0,0,0,0,0,2,741,0,0,0,0,98,0,0,0,0,0,0,0,0,0,0,0,0,0,0,0,0,0,0,0,0,0,0,0,0,0,0,0,908,0,0,0,0,0,0,0,0,0,0,0,0,0,0,0,0,0,0,0,0,0,0,0,0,0,0,0,0,0,0,0,0,0,0,0,0,0,0,0,0,0,0,0,0,0,0,0,0,0,0,0,0,0,0,0,0,0,29,0,0,17,0,0,0,0,0,0,0,0,0,0,0,0,0,0,0,0,0,0,0,0,0,0,0,0,0,0,0,0,0,0,0,0,0,0,0,0,0,0,0,0,0,0,0,0,0,0,0,2,0,0,0,0,0,0,150,0,0,0,0,0,0,0,0,0,0,0,0,0,0,0,0,0,0,5,0,0,0,0,0,0,0,0,0,0,3,45,87,0,0,0,0,0,0,0,0,0,0,0,0,0,1010,0,0,0,0,0,0,0,0,0,0,0,9,0,0,0,0,5,0,0,0,0,0,0,0,0,0,0,0,3,40,0,0,0,0,9,0,0,2,0,0,0,0,0,0,0,0,0,0,0,0,0,0,0,0,0,959,0,0,0,0,0,0,0,0,13,0,0,0,0,0,0,2,0,0,0,0,0,0,0,0,0,0,0,0,0,0,0,0,0,0,0,0,3,0,0,0,0,0,0,0,0,0,0,0,0,0,0,0,0,0,0,0,0,0,0,0,0,0,0,0,0,0,0,0,0,0,0,0,0,0,0,0,0,0,0,0,2,0,0,0,0,0,0,0,4,0,0,0,8,0,0,0,5,0,0,0,0,0,2,0,1,0,0,0,0,0
"D251",62,21,0,0,0,196,3,2,0,0,0,0,0,0,0,0,0,0,0,0,15,0,0,0,0,0,0,0,0,0,36,0,0,0,0,126,3,0,0,0,0,0,0,0,46,0,0,3,0,0,0,0,0,0,0,0,0,0,0,67,0,0,0,14,0,0,0,4,0,0,0,0,1,0,7,9,0,0,0,0,0,0,0,0,0,0,0,0,0,3,23,0,1,0,0,5,0,0,1,5,0,0,0,0,0,0,353,0,0,0,0,0,0,1,0,0,0,0,0,0,79,0,0,0,0,0,0,0,0,13,0,0,45,8,0,0,0,2,92,0,2,0,0,0,0,0,2,0,0,93,0,0,0,7,44,0,0,0,0,0,0,0,600,9,0,0,0,0,0,15,0,0,0,1,0,0,0,0,0,0,0,0,0,0,0,0,0,0,0,3,0,13,0,0,0,187,0,0,0,0,0,0,0,22,83,0,0,0,7,0,0,0,1,0,0,0,0,0,0,0,0,1,0,0,0,2,0,0,0,0,0,5,310,0,7,0,0,0,0,0,0,0,0,0,0,0,4,0,29,0,30,0,0,0,32,0,0,8,0,4,17,0,0,1,0,0,0,0,0,0,16,1,0,1,0,175,0,0,0,0,0,0,0,0,0,0,0,0,0,0,0,10,0,0,41,0,0,0,0,0,0,0,0,9,7,97,0,0,0,83,0,83,0,18,0,0,0,315,0,0,4,3,0,0,0,6,0,0,0,0,0,3,0,0,0,0,0,0,0,0,0,0,0,26,5,0,0,0,0,0,1,0,0,0,0,10,0,0,0,0,0,0,0,0,0,0,0,0,15,0,0,0,0,0,0,0,0,0,0,0,0,0,0,0,0,0,24,0,0,25,0,2,0,0,0,0,0,0,0,0,26,0,0,0,0,0,0,0,0,0,0,0,0,22,12,0,0,0,0,0,12,0,0,0,0,0,0,0,0,0,0,0,0,0,3,0,0,3,0,0,0,0,0,0,0,9,0,0,0,0,0,13,0,0,0,0,0,0,0,0,0,0,0,0,0,0,0,0,28,0,0,0,0,0,0,0,0,3,57,0,0,0,0,2,27,0,0,2,0,0,1,0,0,0,48,0,0,0,0,1,0,0,16,0,1,0,0,0,0,0,0,120,0,0,0,0,0,0,0,0,2,0,0,0,0,0,0,0,0,4,2,0,0,0
"D252",0,0,0,0,0,0,0,0,0,0,0,0,0,0,0,0,0,0,0,0,0,0,0,0,0,0,0,0,0,0,0,50,0,0,0,0,0,0,0,0,0,0,0,0,0,0,0,0,0,0,0,0,0,0,0,0,0,0,0,12,0,0,0,0,0,0,0,0,0,0,0,0,0,0,0,0,0,0,0,0,0,0,0,0,0,0,0,0,0,0,0,0,0,0,0,0,0,0,0,0,0,0,0,0,0,0,0,0,0,0,0,0,0,0,0,0,0,0,0,0,0,0,0,0,0,0,0,0,0,0,0,0,0,0,0,0,0,0,0,0,0,0,0,0,0,0,0,0,0,0,0,0,0,0,0,0,0,0,0,0,0,0,0,0,0,0,0,0,0,0,997,0,0,0,0,0,0,0,0,0,0,0,0,0,0,0,0,0,0,0,0,0,0,0,0,0,0,0,0,0,0,0,0,0,0,0,0,0,0,0,0,0,0,0,0,0,0,0,0,0,0,0,0,0,0,0,0,0,0,0,0,0,0,0,0,0,0,0,0,0,0,0,0,0,0,0,0,0,0,0,0,0,0,0,80,0,0,0,0,0,0,0,0,0,0,0,0,0,0,0,0,0,0,0,0,0,0,0,0,0,0,0,0,0,0,0,0,0,0,0,0,0,0,0,0,3298,0,0,0,0,0,0,0,0,0,0,0,0,0,0,0,0,0,0,0,0,0,0,0,0,0,0,0,0,0,0,0,0,0,0,0,0,0,0,0,0,0,0,0,0,0,0,0,0,0,0,0,0,0,0,0,0,0,0,0,0,0,0,0,0,0,0,0,0,0,0,0,0,0,0,0,0,0,0,0,0,0,0,0,0,0,0,0,0,0,0,0,0,0,0,0,0,0,0,0,0,0,0,0,0,0,0,0,0,0,0,0,0,0,0,0,0,0,0,0,0,0,0,0,0,0,0,0,0,0,0,0,0,0,0,0,0,0,0,0,0,0,0,0,0,0,0,0,0,0,0,0,0,0,0,0,0,0,0,0,0,0,0,0,0,0,0,0,10,0,0,0,0,0,0,0,0,0,0,0,0,0,0,0,0,0,0,0,0,0,0,0,0,0,0,0,0,0,0,0,0,0,0,0,0,0,0,0,0,0,0,0,0,0,0,0,0,0,0,0,0,0,0,0,0,0,0,0,0,0,0,0,0,0,0,0,0,0,0
"D253",0,35,25,0,7,6,0,0,0,9,6,17,0,4,17,10,0,10,4,15,89,12,21,0,5,430,0,3,0,85,65,0,31,7,2,4,47,0,69,0,238,13,19,0,18,16,0,2,32,0,21,0,8,11,10,0,43,40,3,47,0,0,124,9,0,0,0,5,0,6,17,48,15,0,0,0,49,0,0,0,0,40,0,0,2,0,2,10,0,3,0,0,18,8,0,0,0,0,0,386,3,1,0,0,9,13,3,0,0,0,77,3,45,6,0,0,12,6,0,0,6,2,71,0,0,2,0,0,0,3,16,31,1,42,10,0,14,7,108,153,0,6,3,0,0,33,0,61,18,33,15,4,0,1,0,0,0,42,14,19,0,0,6,1,14,3,9,28,1,19,0,0,0,0,23,0,0,0,4,20,16,0,22,0,29,14,0,3,7,0,7,4,7,4,0,0,0,0,0,24,11,1,33,7,0,0,3756,7,1,531,19,0,11,0,0,0,0,6,5,15,214,33,0,0,11,5,0,99,0,49,0,3,0,14,0,0,5,0,11,9,0,18,15,0,4,2,6,0,26,14,26,9,31,23,253,0,4,35,13,0,2,0,0,3,3,110,19,0,60,21,0,27,24,97,102,58,15,0,0,34,16,1,2,50,0,5,10,13,0,0,27,0,14,4,0,0,0,64,48,31,112,505,0,2,0,10,167,0,57,34,0,39,0,60,19,0,0,8,0,0,0,2,47,0,0,0,8,0,31,0,0,0,52,0,27,5,82,0,0,0,0,90,3,3,2,8,0,0,13,24,6,0,0,0,0,0,0,3,2,0,0,0,0,33,3,2,0,0,0,5,0,0,6,0,7,0,7,69,0,13,0,0,38,15,0,352,13,0,0,0,31,5,95,0,89,13,0,0,19,0,49,9,1,0,0,0,2,2,8,2,323,0,5,21,0,2,4,117,0,0,216,7,0,0,0,0,0,17,0,8,38,0,3,0,41,118,0,0,2,12,0,105,0,0,0,0,520,733,9,0,8,65,2,14,125,2,0,10,2,11,21,0,283,0,0,1,18,64,52,20,135,17,1,61,0,2,9,0,0,0,124,7,19,18,51,0,8,0,0,4,0,0,41,38,0,114,0,0,63,9,4,29,114,0,5,7,0,19,35,0,0,14,0,4,0,30,0,8,1,0,17,0,0,0,0,1,10,328,5,17,0,9,35,8
"D254",0,0,0,0,0,0,0,0,0,0,0,0,0,0,0,0,0,0,0,0,0,0,0,0,0,0,0,0,0,0,0,30,0,0,0,0,0,0,0,0,0,0,0,0,0,0,0,0,0,0,0,0,0,0,0,0,0,0,0,0,0,0,0,0,0,0,0,0,0,0,0,0,0,0,0,0,0,0,0,0,0,0,0,0,0,0,0,0,0,0,0,0,0,0,0,0,0,0,0,0,0,0,207,0,0,0,0,0,0,0,0,0,0,0,0,0,0,0,0,0,0,0,0,174,0,0,0,0,0,0,0,0,0,0,0,0,0,0,0,0,0,0,0,0,0,0,0,0,0,0,0,0,0,0,0,0,0,0,0,0,0,0,109,0,0,0,0,0,0,0,0,124,0,0,0,0,0,0,0,0,0,0,0,0,0,0,0,0,0,0,0,0,0,0,0,0,0,0,0,0,0,0,0,0,0,0,0,0,0,0,0,0,0,0,0,0,0,0,0,0,0,0,0,0,0,0,0,0,0,0,0,0,0,0,0,0,0,0,0,0,0,0,0,0,0,0,0,87,0,0,0,0,0,0,0,0,0,0,0,0,0,0,0,0,0,0,0,0,0,0,0,9690,0,0,0,0,0,0,0,0,0,0,0,0,0,0,0,0,0,0,0,0,0,0,0,0,0,0,0,0,0,0,0,0,0,0,0,0,0,0,0,0,0,0,0,0,0,0,0,0,98,0,0,0,0,0,0,0,0,0,0,0,0,0,0,0,0,0,0,0,557,0,0,0,0,0,0,0,0,0,0,0,0,0,0,0,0,0,0,0,0,0,0,0,0,0,0,0,0,0,0,0,0,0,0,0,0,0,0,0,0,0,0,0,0,0,0,0,0,0,0,0,0,0,0,0,0,0,0,0,36,0,0,0,0,0,0,0,0,0,0,0,0,0,0,0,0,0,0,0,0,0,0,0,0,0,0,0,0,0,0,0,0,0,0,0,0,0,0,0,0,0,0,0,0,0,0,0,0,0,0,0,0,0,0,0,0,0,0,0,0,0,0,0,3,517,0,0,0,0,0,0,0,0,0,0,0,0,0,0,0,0,0,0,0,0,0,0,0,0,0,0,0,0,0,0,0,0,0,0,0,0,0,211,0,0,0,0,0,0,0,0,0,0,0,0,0,0,0,0,0,0,0,0,0,0,0,0,0,0,0,0,0,0
"D255",0,0,0,0,0,0,0,0,0,0,0,0,0,0,0,0,0,0,4,0,0,0,0,0,0,0,0,0,0,0,14,18,0,0,0,0,0,0,0,0,0,0,0,0,0,0,0,27,2,0,0,0,0,0,0,0,0,0,180,0,0,0,0,0,8,0,0,0,0,0,0,0,0,0,0,0,0,0,0,0,0,0,0,0,0,0,0,0,0,0,0,0,0,0,0,0,0,0,0,0,0,0,0,0,0,0,0,0,0,0,0,0,0,0,0,0,0,0,0,0,0,0,0,0,0,0,0,0,0,0,0,0,0,0,0,0,0,0,0,0,0,0,0,0,0,0,0,0,0,2,0,0,0,0,0,0,2,0,0,0,0,0,60,0,0,0,0,0,0,0,0,0,0,0,0,0,0,0,0,0,0,0,0,0,0,0,0,0,0,3,0,0,0,0,0,0,0,0,0,0,0,0,0,0,0,0,0,0,0,0,0,0,0,0,0,0,0,0,8,0,0,0,0,0,0,0,0,0,0,0,0,0,14,0,0,0,0,0,0,0,0,0,0,0,0,0,0,0,0,0,0,0,0,0,0,0,0,0,0,0,0,0,0,0,0,0,0,0,0,0,0,0,0,0,0,1,0,0,0,0,0,0,0,0,0,0,0,0,0,0,0,0,0,0,2,0,0,0,0,0,0,0,0,13,0,0,0,0,0,9,534,0,0,0,0,0,0,0,0,0,0,0,0,0,0,0,0,0,0,0,0,0,0,0,0,0,0,0,0,0,0,0,0,0,0,0,0,0,0,0,0,0,0,0,0,0,0,0,0,0,0,0,0,0,0,0,5,0,0,0,0,0,0,0,0,0,0,0,0,0,0,0,0,0,0,0,0,0,0,0,0,0,0,0,0,0,0,0,0,0,0,0,0,0,0,0,0,0,0,0,0,0,0,3,0,0,0,0,0,0,0,0,8,0,0,0,0,0,0,0,0,0,0,0,0,0,0,0,12,0,0,0,0,0,0,0,0,0,0,7,0,0,0,0,0,0,0,0,0,0,0,0,0,0,0,0,0,0,0,0,0,0,0,0,0,0,0,0,0,0,0,0,0,0,0,0,0,0,0,0,0,26,0,0,0,0,0,0,0,0,0,0,0,0,0,0,0,0,0,0,0,0,0,0,0,0,0,0,0,0,0,0,0,0,3,0,0,0,0,0,0,0,0,0
"D256",0,214,0,0,1,5,0,0,6,103,1,12,0,1,20,2,0,4,0,41,251,7,20,0,0,106,0,0,9,142,31,0,25,6,3,0,0,8,73,0,307,7,38,0,29,19,0,7,31,0,2,0,7,9,0,0,220,293,0,12,0,0,156,4,0,1,0,0,0,1,56,8,3,0,0,0,22,1,0,0,4,20,0,0,3,0,9,53,0,0,0,0,6,2,0,0,0,0,0,104,0,14,0,0,10,19,0,0,0,5,33,0,111,2,15,0,8,26,0,0,6,8,120,0,0,0,0,0,0,0,10,15,0,54,0,0,15,3,39,24,0,14,3,0,0,35,5,79,12,0,33,61,0,3,0,4,0,14,8,20,0,0,0,9,5,0,9,0,0,7,17,1,0,0,1,5,6,0,4,70,28,0,10,0,61,376,28,16,5,4,0,0,11,4,0,0,0,0,6,0,9,0,1,0,0,0,7042,35,0,318,0,3,2,0,3,2,0,1,0,9,125,28,0,0,8,0,8,106,0,29,0,5,0,0,0,0,96,0,49,0,0,120,6,0,15,4,0,0,0,53,0,16,36,7,446,0,0,0,13,0,0,0,38,0,22,30,358,3,30,9,0,4,13,63,50,3,21,0,0,50,14,3,2,0,0,15,17,4,0,0,12,0,17,2,0,0,20,20,47,59,66,112,0,6,0,1,148,0,37,0,0,7,0,38,107,0,0,3,0,6,0,1,74,16,49,0,67,0,5,0,4,0,455,0,27,28,96,0,0,2,0,477,4,120,2,20,0,0,4,0,3,0,0,0,0,2,3,31,15,1,0,0,0,76,18,1,0,0,0,13,0,0,22,0,2,0,18,230,0,17,0,0,22,1,0,10,10,0,0,0,7,3,16,0,130,212,2,0,77,0,8,0,29,0,0,4,4,0,42,0,57,0,14,10,0,16,1,30,0,0,93,46,0,0,0,0,0,44,0,3,18,0,0,0,9,155,0,0,1,6,0,35,0,0,0,0,1064,841,13,0,10,0,15,70,36,34,0,32,25,38,16,0,36,0,0,650,10,52,34,11,146,25,8,22,0,6,7,0,2,0,23,12,31,8,88,0,27,0,0,21,0,0,234,0,0,77,0,0,95,4,20,14,88,0,0,2,0,42,55,11,0,64,3,12,2,0,0,17,2,0,26,0,0,0,0,3,4,376,37,0,0,23,7,0
"D257",0,0,9,0,0,27,0,0,0,200,0,3,0,0,0,0,2,0,0,0,1244,0,0,0,0,0,0,0,1,0,0,0,0,2,5,0,0,0,8,0,6,0,0,0,0,0,0,4,41,0,0,2,0,779,0,0,0,0,0,40,0,0,0,140,46,0,0,25,0,0,23,460,0,0,0,0,0,10,0,0,0,0,0,0,0,0,1,2,0,2,0,2,62,0,0,0,0,0,0,48,0,0,0,0,0,3,70,0,0,0,8,0,0,0,0,4,4,4,0,0,0,9,19,0,0,0,0,0,0,1,4,268,119,218,0,0,3,5,2096,1,0,8,0,0,0,0,0,0,0,0,6,3,0,0,0,59,0,5,17,0,0,0,9,0,37,0,5,0,7,644,0,0,0,0,0,0,2,0,0,63,0,0,16,0,20,15,51,92,2,0,5,0,0,26,0,1,0,0,0,0,42,0,752,29,0,0,72,15,0,255,0,0,121,0,0,0,0,0,2,0,0,0,0,0,0,0,0,46,0,0,0,24,0,2,0,0,15,788,31,0,0,0,0,0,231,13,0,0,0,0,2178,0,4,0,2113,0,0,0,82,7,0,0,0,18,10,9,0,3,0,4,66,0,10,0,11,0,25,1,0,0,1539,52,0,0,0,26,1,14,0,0,0,0,0,5,0,0,83,0,0,0,0,0,0,0,0,0,0,0,0,0,0,2,0,2,121,0,0,2,0,0,4,0,0,30,0,0,37,0,368,3,0,7,3,6,0,39,32,0,0,0,0,0,2,537,0,1,0,0,0,0,0,0,0,0,0,19,0,0,94,19,0,0,0,0,0,0,0,0,6,1,0,13,0,0,0,21,0,86,0,0,0,0,0,19,0,31,51,0,0,0,1,0,127,0,3,1,0,0,0,0,0,0,0,0,0,5,6,0,0,0,4,0,0,458,2,0,96,75,0,22,0,3,0,0,0,0,0,10,0,0,0,0,3,0,0,0,0,11,0,3,0,10,0,0,0,0,0,9,0,0,1,0,28,0,6112,325,0,74,8,3,120,0,3,0,0,0,1,250,2,4,0,0,0,0,0,2,290,0,15,0,0,4,0,161,19,0,2,0,6,22,0,1,0,1,13,195,0,0,147,9,16,6,484,0,0,2,0,0,4,0,0,33,0,0,76,0,0,3,44,0,37,0,0,0,2,0,2,3018,0,0,0,0,0,9
"D258",0,0,0,0,4,13,2,0,0,0,0,0,0,0,0,0,0,0,0,0,0,0,9,700,0,0,0,0,0,0,0,0,0,0,0,0,0,0,0,309,0,14,0,0,0,0,0,1,0,0,0,0,0,0,0,4,0,0,0,0,0,5,0,0,0,0,0,17,0,0,0,0,3,23,38,0,0,0,38,0,0,0,0,128,0,0,8,0,110,1,0,0,0,2,6,16,225,0,0,5,0,0,7,0,0,0,0,1664,0,44,0,0,0,0,332,0,0,0,0,0,0,0,0,0,10,0,0,5,0,0,0,0,0,0,2,0,0,0,0,0,0,0,0,0,0,0,0,0,0,0,0,0,0,0,0,1,5,0,0,0,125,0,0,0,0,0,4,0,0,0,27,0,13,0,0,0,0,0,0,3,0,88,4,33,0,0,0,0,0,0,0,0,0,0,0,0,0,0,0,0,0,2,0,0,0,0,0,0,16,0,0,0,0,5313,0,1239,0,0,0,0,0,0,7,0,0,0,0,0,0,0,0,335,0,0,321,17,0,80,0,0,0,0,0,0,0,0,0,0,15,0,0,0,0,0,0,0,13,6,0,8,4,8,0,0,0,0,2,5,0,0,0,261,0,0,0,0,0,0,2,0,0,0,0,0,0,0,0,0,0,0,0,0,0,0,0,0,0,0,0,0,0,0,21,78,0,0,0,0,0,48,0,0,14,0,0,0,572,0,3,5,0,8,2,0,0,0,0,23,4,0,0,0,0,0,0,0,0,0,0,0,0,0,0,0,0,0,3,0,0,0,0,78,0,0,0,17,0,0,0,0,13,0,294,0,0,0,0,0,0,0,17,4,0,2,6,695,0,0,0,0,12,0,0,0,2,0,29,0,0,8,0,4,0,9,0,0,0,76,0,0,47,0,0,0,11,0,0,0,0,0,0,0,0,16,0,0,0,0,0,5,4,0,19,76,5,0,792,0,14,0,0,0,0,0,0,0,3,0,0,0,11,0,0,22,19,0,0,0,0,5,0,0,0,0,0,0,922,0,0,0,0,0,0,0,0,0,0,5,5,0,0,0,0,0,0,0,0,0,0,663,0,0,0,0,0,59,2,7,0,0,0,0,0,0,0,0,214,0,0,0,0,0,0,2,6,0,0,0,0,0,0,0,0,0,0,0,2,0,0,1,0,0,39,128,112,0,0,0,4,0,204,0,0,0
"D259",0,0,0,0,0,0,0,0,0,0,0,0,0,0,0,0,0,0,0,0,0,0,0,233,0,0,0,0,0,0,0,0,0,0,0,0,0,0,0,720,0,0,0,0,0,0,0,0,0,0,0,0,0,0,0,0,0,0,0,0,0,0,0,0,0,0,0,0,0,0,0,0,0,0,0,0,0,0,0,0,0,0,0,0,0,0,0,0,0,0,0,0,0,0,0,0,113,0,0,0,0,0,0,0,0,0,0,1092,0,0,0,0,0,0,0,0,0,0,0,0,0,0,0,0,0,0,0,28,0,0,0,0,0,0,0,0,0,0,0,0,0,0,0,0,0,0,0,0,0,0,0,0,0,0,0,0,0,0,0,0,0,0,0,0,0,0,0,0,0,0,0,0,0,0,0,0,0,0,0,0,0,0,0,17,0,0,0,0,0,0,0,0,0,0,0,0,65,216,0,0,0,0,0,0,0,0,0,0,0,0,0,0,0,0,0,0,0,0,0,0,0,0,0,0,0,0,0,0,0,0,0,0,0,0,693,44,0,0,0,0,0,0,0,0,0,0,0,0,0,0,0,0,0,0,0,0,0,0,0,0,0,0,0,0,0,0,0,0,0,0,0,0,0,0,0,0,0,0,0,0,0,0,0,0,567,0,0,0,0,0,0,0,0,0,0,0,0,0,0,0,0,0,0,0,0,0,0,0,0,0,0,0,0,0,0,0,86,0,0,0,0,0,0,0,0,0,0,0,0,0,0,0,0,0,0,0,0,0,0,0,0,0,0,0,0,0,0,0,0,0,0,0,0,0,0,0,0,0,0,0,0,0,680,0,0,0,7,0,0,0,11,0,0,33,0,0,0,0,0,0,0,0,0,0,0,0,0,0,0,0,0,0,0,0,0,0,0,0,0,0,0,0,0,0,0,0,0,0,0,0,0,0,0,0,0,0,0,0,0,0,0,0,0,0,0,0,0,0,0,0,0,0,0,0,0,0,0,0,0,0,0,0,44,0,258,0,0,0,0,0,0,0,0,0,0,0,0,0,0,0,0,0,0,0,0,0,0,0,0,0,0,0,0,0,0,0,0,0,0,0,0,0,0,0,0,0,0,0,0,0,0,0,0,0,0,0,60,0,0,0,0,0,0,0,0,0,0,0,0,0,0,0,0,0,0,0,0,0,0,0,0,4,0,0,0,0,0,0,0,0,0,0,0,0
"D260",0,0,0,297,2,34,274,0,0,0,0,0,0,0,0,0,0,0,39,0,0,0,0,129,13,0,39,0,0,0,107,0,0,0,0,0,0,0,0,325,0,0,0,0,15,0,266,12,0,0,9,0,0,0,0,18,0,0,0,0,386,0,0,13,0,0,128,0,17,0,0,0,0,0,7,0,0,0,0,28,0,0,0,0,0,0,0,0,0,0,0,0,0,0,0,0,291,35,0,0,0,0,5597,306,0,0,0,560,80,0,7,0,0,8,0,0,0,0,0,404,0,0,0,3185,0,0,68,184,0,0,17,0,0,0,4,0,1,0,0,0,0,0,0,473,0,0,0,0,0,6,0,0,18,0,70,0,1348,0,0,0,0,0,35,0,0,9,0,0,0,0,0,632,0,3,0,0,0,0,0,0,0,0,0,20,0,0,0,0,0,0,0,0,0,0,0,2,426,186,0,0,0,0,0,0,0,0,0,0,0,0,0,0,0,0,0,0,621,0,0,0,0,0,0,41,0,40,0,0,0,0,0,0,0,0,2348,37,0,262,0,0,0,0,0,0,0,0,0,186,0,0,0,0,0,0,26,142,0,0,0,0,368,0,183,0,0,0,0,0,0,0,0,125,0,0,0,0,0,91,0,0,0,0,0,0,63,0,0,0,123,0,0,119,0,0,16,0,0,0,694,0,0,0,0,0,0,97,0,0,62,5,55,0,0,0,0,6,112,12,0,0,5,0,12,45,0,89,10,0,0,30,0,0,0,0,0,0,0,211,0,0,38,0,0,0,0,0,0,44,0,0,0,0,0,0,0,0,0,0,0,0,0,258,166,0,0,0,76,0,0,0,7,20,0,4,0,0,0,0,0,0,0,0,0,0,0,0,0,0,0,46,0,35,0,0,0,0,0,0,0,0,0,16,432,9,0,0,0,0,0,0,0,25,0,34,14,0,0,0,0,21,0,0,0,0,0,281,128,0,0,0,0,0,0,9,0,0,1,0,0,0,0,0,0,0,88,137,7,0,0,0,0,0,0,0,0,0,0,7,0,0,37,0,22,121,883,21,0,0,0,0,0,0,0,0,18,0,0,0,0,0,0,0,0,0,0,0,0,0,0,0,0,0,0,0,0,0,111,0,0,0,0,0,0,5,183,0,0,0,0,0,0,20,0,0,0,0,0,0,0,0,0,150,0,0,0,18,0,0,0,0,0,0,154,0
"D261",0,0,0,0,92,0,0,0,0,0,0,0,0,0,0,0,0,0,0,0,0,0,0,0,16,0,0,0,0,0,16,0,0,0,0,0,0,0,0,0,0,0,0,0,0,0,0,0,207,0,0,0,0,0,0,42,0,0,17,0,16,0,0,0,0,0,0,0,0,0,6,0,3,0,0,0,0,0,0,25,0,0,0,0,0,0,0,0,0,0,0,0,0,0,0,0,0,0,21,127,0,0,0,5,0,0,13,0,0,0,0,0,0,0,0,0,0,0,0,0,130,0,0,0,0,0,0,0,0,0,13,0,22,9,0,26,0,35,4,0,0,0,30,8,0,0,0,0,0,0,0,0,0,0,0,0,10,0,0,0,0,0,0,0,0,0,0,32,0,0,0,0,0,37,0,0,0,0,0,0,0,0,0,0,0,0,0,0,0,0,0,0,0,0,0,0,0,0,0,0,0,0,0,0,0,0,0,0,0,117,0,0,9,0,0,0,60,0,0,0,0,0,0,0,0,0,0,0,0,0,0,0,0,0,0,0,0,0,0,0,0,0,0,0,0,0,0,42,0,0,0,0,0,0,86,0,0,0,0,69,0,0,0,0,0,0,0,0,0,0,0,302,0,0,0,0,0,0,0,0,59,0,0,0,0,17,0,0,0,0,0,0,0,0,0,0,0,0,29,0,0,7,0,0,0,48,0,191,0,0,11,0,0,0,0,0,0,91,0,0,0,0,0,0,0,1,0,0,0,111,0,0,0,0,0,0,0,2,0,0,0,0,0,113,0,0,0,0,171,0,0,0,0,0,0,0,0,3,0,0,0,0,0,466,0,0,0,0,0,0,0,0,0,0,0,0,0,0,0,0,0,0,0,0,0,0,0,0,0,0,0,111,0,0,0,0,0,0,0,0,0,106,0,0,0,0,0,0,0,0,0,0,0,32,3,0,0,0,0,7,0,0,0,0,0,0,0,0,0,0,0,5,0,0,0,0,0,0,0,0,0,0,0,0,0,0,0,0,0,0,0,0,0,0,0,0,0,0,0,0,0,0,0,0,4,0,0,0,0,0,0,0,0,0,0,0,0,0,3,0,0,0,0,19,0,0,0,4,0,0,0,0,0,0,0,0,0,0,0,0,0,0,0,15,0,0,0,0,4,0,0,53,0,0,0,0,0,0,0,0,0,0,0,0,0,0,0,0,0,0,0,0,0,82
"D262",0,0,0,0,0,0,0,0,0,0,0,0,0,0,0,0,0,0,0,0,0,0,0,0,0,0,0,0,0,0,0,0,0,0,0,0,0,0,0,0,0,0,0,0,0,0,0,0,0,0,0,0,0,0,0,0,0,0,0,0,0,0,0,0,0,0,0,0,0,0,0,0,0,0,0,0,0,0,2,0,0,0,0,0,0,0,0,0,0,8,0,0,0,0,0,0,0,0,0,0,0,0,0,0,0,0,0,0,0,0,0,5,0,0,0,0,0,0,0,0,0,0,0,0,0,0,0,0,0,0,0,0,0,0,0,3,0,0,0,0,0,0,0,0,0,0,0,0,0,0,0,0,0,0,0,0,0,0,0,0,0,0,0,0,0,0,0,0,0,0,0,0,0,0,0,0,0,0,0,0,0,0,0,0,0,0,0,0,0,0,0,0,0,0,0,0,0,0,0,0,0,0,0,0,0,0,0,0,0,0,0,0,0,0,0,0,0,0,0,0,0,0,0,0,0,0,0,0,0,0,0,0,0,0,0,0,0,0,0,0,0,0,0,0,0,0,0,0,0,0,0,0,0,0,3,0,0,0,0,0,0,0,0,7,0,0,0,0,0,0,0,0,0,0,0,0,0,0,0,0,2,0,0,0,0,0,0,0,0,2,0,0,0,0,0,1499,0,0,0,0,0,0,2,0,0,0,0,0,0,0,0,0,0,0,0,0,0,0,0,0,0,0,0,0,0,0,0,9,0,0,0,0,0,0,0,0,0,0,0,0,0,0,0,0,0,0,0,0,0,0,0,0,0,0,0,0,0,0,0,0,0,0,0,0,0,0,0,29,0,0,0,0,0,0,0,0,0,0,0,0,0,5,0,0,0,0,0,0,0,0,0,0,0,3,0,0,0,0,0,0,0,0,0,0,0,0,0,0,0,0,0,0,0,0,0,0,0,0,0,0,0,0,0,0,0,0,0,0,0,0,0,0,0,0,0,0,0,0,0,0,0,0,0,0,0,0,0,0,0,0,0,0,0,0,0,0,0,0,0,0,0,0,0,0,0,0,0,0,0,0,0,0,0,0,0,0,0,0,0,0,0,0,0,0,0,0,0,0,0,0,0,13,0,0,0,2,0,0,0,0,0,0,3,0,0,0,0,0,0,0,0,0,0,0,0,0,0,0,0,0,0,0,2,0,0,0,0,0,0,0,0,0,0,0
"D263",0,13,94,0,0,4,0,0,16,119,0,9,0,0,0,40,0,0,0,0,150,0,0,0,0,46,0,0,6,45,0,0,0,0,0,0,2,0,7,0,10,0,0,0,20,0,0,2,60,0,0,13,0,449,0,0,0,0,0,27,0,0,11,1,108,0,0,18,0,0,15,19,0,0,0,0,0,46,0,0,25,0,0,0,4,0,0,9,0,0,0,11,7,0,0,0,0,0,5,49,0,4,0,0,2,9,13,0,0,0,22,0,15,4,0,1,14,9,0,0,0,2,38,0,0,0,0,0,0,0,1,102,22,126,0,0,7,23,629,5,0,3,0,0,0,9,12,0,12,0,0,3,0,0,0,10,0,5,23,0,0,0,4,4,33,0,9,0,11,222,0,0,0,0,0,0,0,0,0,40,0,0,54,0,90,20,14,16,3,0,0,0,0,59,0,2,0,0,0,6,15,8,73,4,0,0,55,72,2,180,0,0,0,0,0,0,0,0,0,0,0,7,0,0,0,0,0,21,0,41,3,18,0,0,0,0,22,5104,81,125,0,0,0,0,31,3,0,0,22,6,98,0,0,18,1086,0,0,0,41,11,0,0,0,20,2,57,0,0,1,20,5,0,12,0,24,0,54,0,0,84,669,15,0,0,0,20,16,125,0,0,2,0,0,3,0,0,270,30,13,0,21,56,0,0,7,0,25,7,46,0,0,0,0,5,156,0,0,0,3,0,0,15,9,0,9,0,40,0,11,0,9,0,244,21,0,0,0,0,0,0,0,161,11,575,0,5,22,0,10,0,16,0,0,0,0,15,3,2,21,128,0,0,0,0,0,0,0,0,0,0,0,7,0,0,10,10,3,104,0,0,0,0,0,11,0,77,65,0,0,0,0,0,69,0,54,12,0,2,9,0,0,0,0,0,0,25,7,0,25,0,7,0,17,158,0,0,8,156,2,14,33,14,0,0,0,0,0,3,0,0,9,3,10,0,0,18,0,19,2,6,0,0,0,0,0,0,178,0,0,0,0,0,12,2,171,0,0,29,9,0,0,0,14,0,0,0,12,216,1,4,2,10,5,11,0,3,233,0,8,0,16,0,75,107,24,0,2,0,0,11,0,0,0,0,27,211,0,0,120,6,1,14,178,0,0,1,0,18,0,0,26,54,3,0,44,1,0,1,1,0,31,0,0,0,0,11,0,683,0,2,0,0,72,27
"D264",0,0,0,9,0,3,0,5,66,0,0,0,0,0,0,0,3,0,0,0,0,0,0,0,782,0,0,0,0,0,78,100,0,0,2,0,0,0,0,0,0,157,0,93,0,0,0,185,49,27,0,0,0,0,0,1,1,0,0,0,0,58,0,0,0,0,7602,0,0,11,0,0,2,189,2,4,0,0,18,0,0,0,0,13,0,0,6,0,0,0,0,0,0,0,16,0,6,0,0,0,0,0,57,16,0,0,0,6,0,30,0,6,0,0,86,0,0,0,0,8,0,0,0,0,123,0,1,0,0,2,0,0,8,0,3,0,0,0,4,0,0,2,0,0,0,2,0,0,0,0,0,0,0,0,0,1,27,0,0,0,578,0,0,0,0,2,0,0,0,0,0,0,113,0,0,0,0,0,0,0,0,14,2,0,0,0,8,0,0,3,0,0,0,0,166,0,4,0,0,0,0,0,0,4,4,0,0,0,0,0,0,2,0,9,0,7,0,0,6,0,0,0,0,0,0,0,0,0,0,1,0,124,0,0,44,0,0,0,0,0,0,0,0,0,0,0,0,0,0,0,0,0,0,0,6,0,0,0,0,0,0,0,0,0,0,0,0,0,0,0,0,888,0,0,0,0,0,0,0,0,0,0,0,0,0,0,0,0,47,0,0,0,0,0,0,0,2,7,10843,0,0,0,175,0,0,247,0,0,0,18,0,0,6,0,0,0,0,0,0,71,0,0,5,253,0,0,0,53,0,0,0,0,2,0,0,0,0,4,0,0,0,0,0,0,0,0,2,0,0,1,0,1128,33,0,0,0,0,0,0,0,0,9,0,0,0,0,0,393,0,3,0,0,0,0,0,0,0,0,0,0,0,73,0,0,0,0,0,0,0,0,0,0,0,79,1,2,0,352,0,0,0,0,0,1,9,8,0,0,0,0,0,0,0,0,0,0,0,0,0,0,0,0,10,916,36,56,0,0,2,0,0,8,0,0,0,0,0,3,0,0,0,0,0,18,0,0,2,0,0,0,0,0,0,0,0,0,49,0,0,0,0,0,0,0,0,0,0,0,0,0,0,0,0,0,0,0,0,0,0,17,0,0,0,0,0,118,0,0,44,0,36,529,0,0,0,0,0,0,4,0,0,2,0,278,0,0,0,0,0,0,0,9,0,0,0,0,0,0,0,0,0,0,287,3,10,0,0,3,0,2,0,0,0,0
"D265",0,0,0,0,0,0,0,0,0,0,0,0,0,0,0,0,0,0,0,0,0,0,0,0,0,0,0,0,0,0,0,0,0,0,0,0,0,0,0,0,0,0,0,0,0,0,0,0,0,0,0,0,0,0,0,0,0,0,0,0,0,0,0,0,0,0,0,0,0,0,0,0,0,0,0,0,0,0,0,0,0,0,0,0,0,0,0,0,0,0,0,0,0,0,0,0,0,0,0,0,0,0,0,0,0,0,0,0,0,0,0,0,0,0,0,0,0,0,0,0,0,0,0,0,0,0,0,0,0,0,0,0,0,0,0,0,0,0,0,0,0,0,0,0,0,0,0,0,0,0,0,0,0,0,0,0,0,0,0,0,0,0,0,0,0,0,0,0,0,0,0,1013,0,0,0,0,0,0,0,0,0,0,0,0,0,0,0,0,0,0,0,0,0,0,0,0,0,0,0,0,0,0,0,0,0,0,0,0,0,0,0,0,0,0,0,0,0,0,0,0,0,0,0,0,0,0,0,0,0,0,0,0,0,0,0,0,0,0,0,0,0,0,0,0,0,0,0,0,0,0,0,0,0,0,0,4258,0,0,0,0,0,0,0,0,0,0,0,0,0,0,0,14050,0,0,0,0,0,0,0,0,0,0,0,0,0,0,0,0,0,0,0,0,0,0,0,0,0,0,0,0,0,0,0,0,0,0,0,0,0,0,0,0,0,0,0,0,0,0,0,0,0,0,0,0,0,0,0,0,0,0,0,0,0,0,0,0,0,0,0,0,0,0,0,0,0,0,0,0,0,0,0,0,0,0,0,0,0,0,0,0,0,0,0,0,0,0,0,0,0,0,0,0,0,0,0,0,0,0,0,0,0,0,0,0,0,0,0,0,0,0,0,0,0,0,0,0,0,0,0,0,460,0,0,0,0,0,0,0,0,0,0,0,0,0,0,0,0,0,0,0,0,0,0,0,0,0,0,0,0,0,0,0,0,0,0,0,0,0,0,0,0,0,0,0,0,0,0,0,0,0,0,0,0,0,0,0,0,0,0,0,0,0,0,865,0,0,0,0,0,0,0,0,0,0,0,0,0,0,0,0,0,0,0,0,0,0,0,0,0,0,0,0,0,0,0,0,0,0,0,0,0,0,0,1302,0,0,0,0,0,0,0,0,0,0,0,0,0,0,0,0,0,0,0,0,0,0,0,0,0,0,0,0,0,0
"D266",10,0,0,0,0,0,0,0,0,0,0,0,0,0,0,0,0,0,0,0,0,0,0,0,156,0,0,0,0,0,0,756,0,0,0,0,0,0,0,20,0,0,0,0,0,0,16,539,128,0,0,0,0,0,0,0,0,0,315,0,0,955,0,0,713,0,0,0,0,0,0,0,0,0,0,0,0,0,0,0,0,0,5,0,0,0,0,0,0,0,0,0,0,0,0,0,0,2551,0,0,0,0,0,0,0,0,41,0,0,0,0,1,0,0,0,0,0,0,0,0,0,0,0,0,0,0,0,0,0,0,0,0,0,0,0,0,0,0,0,0,0,0,0,1,0,0,0,0,0,75,0,0,0,0,0,0,0,0,0,0,0,0,345,0,0,9,0,0,0,0,0,82,0,0,0,0,0,0,0,0,0,0,0,0,0,0,0,0,0,0,18,0,0,0,157,3,0,0,0,0,0,0,0,0,470,0,0,0,0,0,0,0,0,0,0,0,0,0,0,0,0,0,193,0,0,0,0,0,0,0,0,0,0,0,0,0,0,0,0,0,0,0,0,0,0,0,0,122,0,0,46,0,0,0,0,0,0,32,0,0,0,0,0,0,0,0,0,0,0,0,0,0,0,0,0,67,0,139,0,0,0,0,0,0,0,0,0,0,0,0,0,53,0,0,144,0,0,0,0,0,0,0,0,0,0,18,0,0,0,127,236,0,0,0,0,0,0,0,0,0,0,0,0,182,0,0,0,0,0,27,0,0,0,0,0,0,0,12,150,0,0,0,0,0,0,0,0,0,0,0,0,0,0,0,0,0,0,0,0,0,0,0,0,0,0,0,0,0,0,0,0,32,0,0,0,0,0,0,17,0,0,0,0,0,0,0,0,0,623,0,0,3,0,0,0,0,0,3894,0,0,0,0,158,0,0,0,0,0,0,0,0,0,0,12,0,0,0,0,0,0,0,0,0,0,0,40,88,0,0,0,0,54,0,0,0,0,0,0,0,0,0,0,0,0,0,0,0,0,0,0,0,0,0,0,0,0,0,0,0,0,0,0,0,106,0,6060,0,0,0,0,0,0,0,0,0,0,0,0,0,0,0,0,0,0,0,0,0,0,0,0,176,0,0,0,0,0,0,0,0,0,0,0,0,103,21,0,0,0,0,0,0,0,0,0,0,0,0,0,0,0,0,85,0,0,275,0,0,0,0,0,80,0,104,0
"D267",0,53,147,0,0,4,0,64,0,0,70,2,0,4,5,3,453,0,0,0,0,8,2,0,0,0,0,0,0,192,8,0,38,5,19,0,39,26,0,0,0,186,0,0,0,11,1,5,1,50,41,4,103,4,0,0,0,19,0,30,0,5,0,0,0,4,0,17,0,88,38,996,0,0,10,0,25,0,0,1,23,0,0,8,2,0,5,6,0,48,0,21,0,124,0,6,0,0,81,767,0,9,0,0,2,12,0,0,0,0,15,0,49,6,185,3,0,0,0,0,1,148,104,0,0,0,0,0,0,3,0,15,0,4,0,0,0,0,227,0,0,6,0,0,0,81,2,0,2,0,0,0,0,0,98,19,0,0,47,106,0,11,2,1,17,0,67,9,89,1,217,0,0,0,29,0,15,1,0,38,18,0,166,0,28,107,55,25,0,0,2,0,2,400,0,3,0,0,0,12,0,376,3,0,0,0,0,0,83,11,14,2,0,0,253,0,0,0,0,1,0,14,0,0,0,0,22,186,0,0,0,98,0,16,0,0,9,1,18,0,4,0,20,0,3,15,0,0,3,6,0,29,2,38,967,0,6,11,0,0,3,4,0,106,5,12,11,0,28,19,0,7,3,9,6,0,0,0,0,0,13,22,14,0,0,2,15,4,0,0,10,0,2,12,0,0,105,86,21,0,18,316,0,25,0,4,0,0,100,70,0,4,0,49,189,0,0,0,0,1,0,0,259,0,78,0,4,146,0,0,0,3,55,4,0,0,8,0,0,2,0,0,2,424,0,29,287,0,0,3,0,0,0,47,4,11,5,127,193,0,0,0,0,0,6,40,0,0,0,122,0,4,23,0,64,0,0,0,143,0,23,2,0,0,25,1056,33,0,0,0,5,0,24,0,52,25,0,17,0,14,162,0,0,0,1,11,33,1,31,0,13,0,5,0,2,10,1,397,0,0,117,0,6,0,0,0,0,25,0,4,13,6,1,0,12,84,0,0,2,7,2,0,0,0,0,32,479,0,0,0,1,33,6,6,97,0,0,149,22,2,0,0,0,0,0,0,18,672,242,11,6,0,2,1,0,2,0,0,0,0,4,0,284,0,45,0,23,5,1,0,453,2,0,20,0,18,0,0,216,97,71,5,176,0,0,10,2,7,0,4,81,0,0,7,40,0,0,9,0,35,6,0,0,6,2,2,0,404,0,0,16,8,0,0
"D268",0,0,0,0,0,0,0,0,0,0,12,0,0,23,6,0,0,4,0,0,0,0,0,0,0,0,0,0,0,0,0,0,0,0,0,0,0,0,0,0,0,0,0,0,5,0,0,0,0,0,0,0,0,0,0,0,0,0,0,2,0,0,90,0,0,0,0,0,0,0,0,0,0,0,0,0,0,0,37,0,0,0,2,244,0,5,0,0,0,0,2,0,0,0,0,11,0,0,0,0,0,0,0,0,0,0,0,0,0,0,0,3,0,0,947,0,0,0,0,0,0,0,0,0,0,7,0,0,0,0,0,0,0,0,0,0,0,0,0,0,0,0,0,0,5,0,0,0,0,0,0,0,0,0,0,0,0,0,0,0,0,0,2,0,0,0,0,0,0,0,0,0,20,0,0,0,0,379,0,0,0,0,0,0,0,0,0,0,0,0,0,0,0,0,0,0,0,0,0,0,0,0,0,0,0,807,0,0,0,0,0,0,0,0,0,0,0,0,0,0,0,0,0,0,0,0,0,0,0,0,0,0,0,0,2,0,0,0,0,0,0,0,0,0,0,0,0,0,0,0,0,0,0,0,0,0,0,0,0,0,0,0,1,78,0,0,176,0,0,0,0,0,0,0,0,0,0,0,2,0,0,0,0,0,0,0,0,0,0,0,0,0,0,0,0,0,0,0,0,0,0,0,0,0,0,0,0,0,0,0,0,0,0,0,0,0,0,0,0,0,0,11,0,0,0,0,0,0,0,0,0,0,0,0,0,0,0,0,0,6,119,0,0,0,0,0,0,0,0,0,0,0,4,94,0,0,0,0,0,0,0,0,0,0,0,0,0,4812,0,0,0,0,0,0,0,4,0,0,0,37,0,0,0,0,0,0,0,0,0,0,0,0,0,0,0,0,0,2,0,0,0,0,0,0,0,2,0,0,0,4,0,0,0,0,0,0,0,0,0,0,0,0,0,0,0,0,0,0,3,0,0,2,1,0,0,0,0,0,0,173,21,0,0,0,0,0,0,0,0,0,0,0,0,0,0,0,0,0,0,0,0,0,0,0,0,0,0,0,0,0,0,0,0,0,0,0,0,0,0,0,0,0,0,0,0,0,0,0,0,0,6,0,0,0,0,0,0,0,0,0,0,0,0,0,0,0,67,0,0,0,0,0,15,0,0,0,122,0,0,0,0,0,0,0,0,0,17,0,0,0,0,0,0,0
"D269",0,0,0,0,0,0,0,0,0,0,0,0,0,0,0,0,0,0,0,0,0,0,0,0,0,0,0,0,0,0,0,0,0,0,0,0,0,0,0,0,0,130,0,50,0,0,0,0,0,245,0,0,0,0,0,0,0,0,0,0,0,0,0,0,0,0,0,0,0,0,0,0,0,176,0,0,0,0,165,0,0,0,0,0,0,0,0,0,751,0,0,0,0,0,0,0,0,0,0,0,0,0,0,0,0,0,0,0,0,0,0,0,0,0,64,0,0,0,0,0,0,0,0,0,28,0,0,0,0,0,0,0,0,0,0,0,0,0,0,0,0,0,0,0,0,0,0,0,0,0,0,0,0,0,0,0,0,0,0,0,0,0,0,0,0,0,0,0,0,0,0,0,39,0,0,0,0,0,0,0,0,103,0,0,0,0,0,0,0,0,0,0,0,0,0,0,0,0,0,0,0,0,0,0,0,0,0,0,0,0,0,0,0,0,0,0,0,0,0,0,0,0,0,0,110,0,0,0,0,0,0,53,0,0,0,0,0,0,0,0,0,0,0,0,0,0,0,0,0,0,0,0,0,0,0,0,0,0,0,0,0,0,0,0,0,0,0,0,0,0,0,2013,0,0,0,0,0,0,0,0,0,0,0,0,0,0,0,0,0,0,0,0,0,0,0,0,0,0,0,0,0,0,135,0,0,0,0,0,0,0,0,0,0,0,0,0,0,0,0,42,0,0,0,0,0,0,0,0,0,0,0,0,0,0,0,0,0,0,0,0,53,0,0,0,0,0,0,0,0,0,0,130,0,0,0,0,0,0,0,0,0,0,0,0,0,0,0,112,0,0,0,0,0,0,0,0,0,0,0,0,0,138,0,0,102,0,5,0,0,0,0,0,0,0,0,0,0,0,0,0,101,0,0,0,0,0,0,0,0,0,0,0,0,0,0,0,0,0,0,0,294,0,65,292,0,0,0,0,0,0,0,0,0,0,0,0,0,0,0,0,5,0,0,168,0,0,0,0,0,0,0,0,0,0,0,0,81,0,0,0,0,0,0,0,0,0,0,0,0,0,0,0,0,0,0,0,0,0,0,172,0,0,0,0,0,202,0,0,0,0,893,0,0,0,0,50,0,0,0,0,0,0,0,0,0,0,0,0,0,0,0,0,0,0,0,0,0,0,0,0,0,0,197,183,0,0,0,0,0,0,0,0,0,0
"D270",0,0,0,0,0,0,0,0,0,0,0,0,0,0,0,0,0,0,0,0,0,0,0,0,0,0,0,0,0,0,0,0,0,0,0,0,0,0,0,0,0,0,0,0,0,0,0,0,0,0,0,0,0,0,0,0,0,0,0,0,0,0,0,0,0,0,0,0,0,0,0,0,0,0,0,0,0,0,0,0,0,0,0,0,0,0,0,0,0,0,0,0,0,0,0,0,0,0,0,0,0,0,0,0,0,0,0,0,0,0,0,0,0,0,0,0,0,0,0,0,0,0,0,0,0,0,0,0,0,0,0,0,0,0,0,0,0,0,0,0,0,0,0,0,0,0,0,0,0,0,0,0,0,0,0,0,0,0,0,0,0,0,0,0,0,0,0,0,0,0,0,0,0,0,0,0,0,0,0,0,0,0,0,0,0,0,0,0,0,0,0,0,0,0,0,0,0,0,0,0,0,0,0,0,0,0,0,0,0,0,0,0,0,0,0,0,0,0,0,0,0,0,0,0,0,0,0,0,0,0,0,0,0,0,0,0,0,0,0,0,0,0,0,0,0,0,0,0,0,0,0,0,0,0,0,0,0,0,0,0,0,0,0,0,0,0,0,0,0,0,0,0,0,0,0,0,0,0,0,0,0,0,0,0,0,0,0,0,0,0,0,0,0,0,0,0,0,0,0,0,0,0,0,0,0,0,0,0,0,0,0,0,0,0,0,0,0,0,0,0,0,0,0,0,0,0,0,0,0,0,0,0,0,0,0,0,0,0,0,0,0,0,0,0,0,0,0,0,0,0,0,0,0,0,0,0,0,0,0,0,0,0,0,0,0,0,0,0,0,0,0,0,0,0,0,0,0,0,0,0,0,0,0,0,0,0,0,0,0,0,0,0,0,0,0,0,0,0,0,0,0,0,0,0,0,0,0,0,0,0,0,0,0,0,0,0,0,0,0,0,0,0,0,0,0,0,0,0,0,0,0,0,0,0,0,0,0,0,0,0,0,0,0,0,0,0,0,0,0,0,0,0,0,0,0,0,0,0,0,0,0,0,0,0,0,0,0,0,0,0,0,0,0,0,0,0,0,0,0,0,0,0,0,0,0,0,0,0,0,0,0,0,0,0,0,0,0,0,0,0,0,0,0,0,0,0,0,0,0,0,0,0,0,0,0,0,0,0,0,0,0,0,0,0,0,0,0,0,0,0,0,0,0,0
"D271",0,0,0,0,0,0,0,0,0,0,0,0,0,0,0,0,0,0,0,0,0,0,0,0,0,0,0,0,0,0,0,0,0,0,0,0,0,0,0,0,0,0,0,0,0,0,0,0,0,0,0,0,0,0,0,0,0,0,0,0,0,0,0,0,0,0,0,0,0,0,0,0,0,0,0,0,0,0,0,0,0,0,0,0,0,0,0,0,0,0,0,0,0,0,0,0,0,0,0,0,0,0,27,0,0,0,0,0,0,0,0,0,0,0,0,0,0,0,0,0,0,0,0,0,0,0,0,0,0,0,0,0,0,0,0,0,0,0,0,0,0,0,0,0,0,0,0,0,0,0,0,0,0,0,0,0,0,0,0,0,0,0,0,0,0,0,0,0,0,0,0,0,0,0,0,0,0,0,0,0,0,0,0,0,0,0,0,0,0,0,0,0,0,0,0,0,0,0,0,0,0,0,0,0,0,0,0,0,0,0,0,0,0,0,0,0,0,0,0,0,0,0,7,0,0,0,0,0,0,0,0,0,0,0,12,0,0,0,0,0,0,0,0,0,0,0,0,0,0,0,0,0,0,0,0,2,0,0,0,0,0,0,0,0,0,0,0,0,0,0,0,0,0,0,0,0,0,0,0,0,0,0,0,0,0,0,0,0,0,0,0,0,0,0,0,0,0,0,0,0,0,0,0,0,0,0,0,0,0,0,0,0,0,0,0,0,0,0,0,0,0,0,0,0,0,0,0,0,0,0,0,0,0,0,0,0,0,0,0,0,0,0,0,0,0,0,0,0,0,0,0,0,0,0,0,0,0,0,0,0,0,0,0,0,0,0,2,0,0,0,0,0,0,0,0,0,0,0,0,0,0,0,0,0,0,0,0,0,3,0,0,0,0,0,0,0,0,0,0,0,0,0,5,0,0,0,0,0,0,0,0,0,0,0,0,0,0,0,0,0,0,0,0,0,0,12,0,0,0,0,0,0,0,0,0,0,0,0,0,0,0,0,0,0,0,0,0,0,0,0,0,0,0,0,0,0,0,0,0,0,0,0,0,0,0,29,0,0,0,0,0,0,0,0,0,0,0,0,0,0,0,0,0,0,0,0,0,0,0,0,0,0,0,0,0,0,0,0,0,0,0,0,0,0,12,0,0,0,0,0,0,13,0,0,0,0,0,0,0,0,0,0,0,0,0,0,0,0,0,0,0,0,0,0
"D272",0,0,0,0,0,0,0,0,0,0,0,0,0,0,0,0,0,0,0,0,0,0,0,0,0,0,0,0,0,0,0,0,0,0,0,0,0,0,0,0,0,0,0,0,0,0,0,0,0,0,0,0,0,0,0,0,0,0,0,0,0,0,0,0,0,0,0,0,0,0,0,0,0,0,0,0,0,0,0,0,0,0,0,0,0,0,0,0,0,0,0,0,0,0,0,0,0,22,0,0,0,0,0,0,0,0,0,0,0,0,0,0,0,0,0,0,0,0,0,0,0,0,0,0,0,0,0,0,0,0,0,0,0,0,0,0,0,0,0,0,0,0,0,0,0,0,0,0,0,0,0,0,0,13,0,0,0,0,0,0,0,0,0,0,0,0,0,0,0,0,0,0,0,0,0,0,0,0,0,0,0,0,0,0,0,0,0,0,0,0,0,0,0,0,0,0,0,0,0,0,0,0,0,0,653,0,0,0,0,0,0,0,0,0,0,0,0,0,0,0,0,0,0,0,0,0,0,0,0,0,0,0,0,0,0,0,0,0,0,0,0,0,0,0,0,0,0,0,0,0,0,0,0,0,0,0,0,0,0,0,0,0,0,0,0,0,0,0,0,0,0,0,0,0,0,0,0,0,0,0,0,0,0,0,0,0,0,0,0,119,0,0,0,0,0,0,0,0,0,0,0,0,0,0,0,0,0,0,0,0,0,0,0,0,0,0,0,0,0,0,0,0,0,0,0,0,0,0,0,0,0,0,0,0,0,0,0,0,0,0,0,0,0,0,0,0,0,0,0,0,0,0,0,0,0,0,0,0,0,0,0,0,0,0,0,0,0,0,0,0,0,0,0,0,0,0,0,0,0,0,0,0,0,0,0,0,0,0,2,0,0,0,0,0,0,0,0,0,0,0,0,0,0,0,0,0,0,0,0,0,0,0,0,0,0,0,0,0,0,0,0,0,0,0,0,0,0,0,0,0,0,0,0,0,0,0,0,0,0,0,0,0,0,0,0,0,0,0,0,114,0,0,0,0,0,0,0,0,0,0,0,0,0,75,0,0,0,0,0,0,0,0,0,0,0,0,0,0,0,0,0,0,0,0,0,0,0,0,0,0,0,0,0,0,0,0,0,6787,0,0,0,0,0,0,0,0,0,0,0,0,0,220,0,0,0,0,0,0,0,0,0,0,0,0,0,0,0,0,0,0,0,0,0,0
"D273",2,4,0,2,0,6,0,0,0,0,0,0,0,0,0,0,0,0,2,0,0,0,0,0,0,0,0,0,0,0,0,0,0,0,0,1,3,2,0,0,0,0,0,0,0,0,0,11,2,0,3,0,0,0,61,0,3,0,0,2,3,0,0,3,0,5,0,0,0,0,0,0,0,0,0,0,0,0,0,754,4,0,0,0,0,0,0,0,0,0,0,0,0,0,0,0,0,0,0,0,0,0,0,0,0,0,12,0,0,0,0,0,0,0,0,0,0,0,0,0,0,0,2,0,0,0,0,0,58,0,2,2,0,0,0,187,0,4,25,0,0,0,0,0,0,2,0,0,0,0,0,0,0,13,0,4,0,0,0,0,0,0,8,0,0,0,0,0,0,4,0,1490,0,0,0,0,0,0,0,0,0,0,0,0,0,11,0,0,0,0,0,0,0,4,0,0,0,0,0,0,0,0,0,4,2,0,0,14,0,0,0,0,0,0,0,0,887,0,0,0,0,4,0,0,0,2,0,0,0,0,0,12,0,0,0,0,0,0,0,2,0,0,0,2,0,0,6,122,0,0,0,0,0,0,4,0,0,0,0,0,0,0,0,3,0,0,0,0,0,0,7,0,0,0,0,3,0,0,0,0,0,0,0,1,0,10,1,0,0,0,0,14,0,0,0,0,3,0,0,0,0,0,0,0,0,0,0,9,0,0,0,0,0,0,0,29,0,0,0,0,33,0,0,0,0,0,6,0,16,0,0,0,0,4,0,0,0,28,44,0,30,5,0,22,0,0,0,0,0,0,0,0,0,0,0,0,0,11,0,0,5,0,0,7,0,0,0,0,4,0,0,17,0,0,0,0,0,6,0,0,0,0,30,2,0,0,0,0,1,2,0,0,0,0,0,0,0,0,0,0,0,4,411,0,0,4,0,0,0,1,0,0,0,243,3,0,0,0,2,19,0,0,0,0,0,0,0,0,4,0,0,21,0,0,0,0,0,2,0,0,0,0,0,0,0,0,0,0,0,14,2,0,3,0,7,0,2,0,4,0,13,0,0,154,0,0,0,0,11,0,0,0,0,0,0,0,0,0,0,0,0,0,0,0,0,0,0,0,0,0,3,0,0,0,0,8,0,39,0,0,0,0,1,0,0,0,0,0,0,0,0,59,0,0,0,15,0,0,0,0,0,0,0,0,0,0,0,0,0,0,0,0,369,0
"D274",0,0,0,0,0,0,0,0,0,0,7,0,0,11,0,0,0,0,0,0,0,0,0,0,0,0,0,0,0,0,0,0,0,0,0,0,0,0,0,0,0,0,0,0,7,0,0,0,0,0,0,0,0,0,0,0,0,0,0,1,0,0,6,0,0,0,0,0,0,0,0,0,0,17,0,0,0,0,6,0,0,0,2,1216,0,18,0,0,0,8,3,0,0,0,0,4,0,0,0,0,0,0,0,0,0,0,0,0,0,0,0,0,0,0,1087,0,0,0,9,0,0,0,0,0,0,7,0,0,11,0,0,0,0,0,0,0,0,0,0,0,0,0,0,0,2,0,0,0,0,0,0,0,0,0,0,0,0,0,0,0,0,0,2,0,0,0,0,0,0,0,0,0,0,0,0,0,0,187,0,0,0,0,0,0,0,0,0,0,0,0,0,0,0,0,0,0,0,0,0,0,0,0,0,0,0,997,0,0,0,0,0,0,0,0,0,0,0,0,0,0,0,0,0,0,0,0,0,0,0,0,0,0,0,0,0,0,0,0,0,0,0,0,0,0,0,0,0,0,0,0,0,0,0,0,0,0,0,0,0,0,0,0,0,44,0,0,83,0,0,0,0,0,0,0,0,0,0,0,4,0,0,0,0,0,0,0,0,0,0,0,0,0,0,0,0,0,0,0,0,0,0,0,0,0,2,0,0,0,0,0,0,0,0,0,6,0,0,0,0,0,0,39,0,0,0,0,0,0,0,0,0,0,0,0,0,0,0,0,0,0,23,0,0,0,0,0,0,0,0,0,0,0,0,54,0,0,0,0,0,0,0,0,0,0,0,0,0,3457,0,0,0,0,0,0,0,0,0,0,0,4,0,0,0,0,0,0,0,0,0,0,0,0,0,0,0,0,0,0,0,0,0,0,0,0,0,0,0,0,0,0,0,0,0,0,0,0,0,0,0,0,0,0,0,205,0,0,0,0,2,0,0,0,8,0,0,0,0,0,0,2,0,0,0,0,0,0,0,0,0,0,0,0,0,0,0,0,0,0,0,0,0,0,0,0,0,0,0,0,0,0,0,0,0,0,0,0,0,0,0,0,0,0,0,0,3,0,0,0,0,0,0,0,0,0,0,0,0,0,0,0,0,0,0,0,0,0,0,0,0,0,0,0,16,0,0,0,30,0,0,0,0,0,0,0,0,0,7,0,0,0,0,0,0,0
"D275",0,0,0,0,0,0,18,0,0,0,0,0,0,0,0,0,0,0,0,0,0,0,0,0,0,0,0,0,0,0,0,895,0,0,0,0,0,0,0,0,0,0,0,0,12,0,0,0,0,0,0,0,0,0,0,0,0,0,0,0,0,0,0,0,0,0,0,0,0,0,0,0,6,0,0,0,0,0,1405,10,0,0,0,10,0,0,0,0,0,0,1,0,0,0,0,7,0,0,0,0,0,0,0,0,0,0,0,0,0,0,0,0,0,0,0,0,0,0,0,0,0,0,0,0,804,0,0,0,0,0,0,0,0,0,0,0,0,0,0,0,0,0,0,0,7,0,0,0,0,0,0,0,0,0,0,0,0,0,0,0,0,0,0,0,0,0,0,0,0,0,0,5,59,0,0,0,0,4,0,0,0,450,0,0,0,0,0,0,0,0,0,0,0,0,3,0,0,0,0,0,0,0,0,0,0,0,0,0,0,0,0,0,0,0,0,0,0,0,0,0,0,0,2,0,10,0,0,0,0,0,0,0,0,0,0,0,0,0,0,0,0,0,0,0,0,0,0,0,0,0,0,0,0,0,0,0,0,0,0,0,0,0,2,0,0,0,0,0,0,0,0,0,0,0,0,3,0,0,0,0,0,0,0,0,0,0,0,0,0,0,0,0,0,0,0,0,0,0,1,0,0,0,506,0,0,0,0,0,0,0,0,0,12,0,0,0,0,0,0,0,0,0,0,0,0,0,0,0,0,0,0,0,0,0,0,0,0,0,0,0,0,0,0,0,0,0,0,0,0,2,0,1493,0,0,0,0,0,0,0,0,0,0,0,0,0,0,0,231,0,0,0,0,0,0,0,2,0,0,0,4,0,11517,0,0,5,0,0,0,0,0,0,0,0,0,0,0,0,3,0,0,0,0,0,0,0,0,0,0,0,0,0,0,0,0,0,0,0,0,0,0,0,0,0,4215,0,0,0,0,3,0,0,0,0,0,0,0,0,0,0,0,0,0,0,0,0,0,0,0,0,0,0,0,0,0,0,0,0,0,0,0,0,1,0,0,0,0,0,0,0,0,0,0,0,0,0,0,0,0,0,0,0,0,0,0,0,0,0,0,2,0,276,1,0,0,0,0,0,0,0,0,0,0,0,0,0,0,0,0,0,0,0,0,0,0,0,0,0,0,0,0,0,0,885,0,0,0,0,0,0,0,0,0,1,0
"D276",0,0,0,0,0,0,0,0,0,0,0,0,0,0,0,0,0,0,0,0,0,0,0,1019,0,0,0,0,0,0,0,0,0,0,0,0,0,0,0,881,0,0,0,0,0,0,0,0,0,0,0,0,0,0,0,0,0,0,0,0,0,0,0,0,0,0,0,0,0,0,0,0,0,0,0,0,0,0,0,0,0,0,0,0,0,0,0,0,0,0,0,0,0,0,2,0,33,0,0,0,0,0,0,0,0,0,0,21906,0,0,0,0,0,0,0,0,0,0,0,0,0,0,0,3,0,0,0,54,0,0,0,0,0,0,0,13,0,0,0,0,0,0,0,18,0,0,0,0,0,0,0,0,0,0,0,0,2,0,0,0,0,0,0,0,0,0,0,0,0,0,0,4,0,0,0,0,0,0,0,0,0,0,0,274,0,0,0,0,0,0,0,0,0,0,0,0,438,4895,0,0,0,0,0,0,0,0,0,0,0,0,0,0,0,38,0,0,0,0,0,0,0,0,0,1,0,0,0,0,0,0,0,0,0,0,824,644,0,2,0,0,0,0,0,3,0,0,0,0,0,0,0,0,0,0,0,0,0,0,0,0,0,0,0,0,0,0,0,0,0,0,0,0,0,0,0,0,0,0,0,0,0,0,0,0,9612,0,0,0,0,0,0,0,0,0,0,7,0,0,0,0,0,0,3,0,0,0,0,0,0,0,0,0,0,0,0,16,201,0,0,0,0,0,0,0,0,0,0,0,0,0,0,0,0,0,0,0,0,0,0,0,0,0,0,0,0,0,0,0,0,0,0,0,0,0,0,0,0,0,0,0,0,0,9589,0,0,0,4,3,0,0,537,0,0,2089,0,0,0,0,0,0,0,0,0,0,0,0,0,18,2,0,0,0,0,0,0,0,0,0,0,0,0,0,0,0,0,0,0,0,0,0,0,0,0,0,0,0,0,0,0,0,0,0,12,0,0,2,0,0,0,0,0,0,0,4,0,0,0,0,0,0,0,0,897,0,5287,0,0,0,0,0,0,0,0,0,0,0,0,0,0,0,0,0,0,0,0,2,0,0,0,0,1,0,0,0,0,0,0,0,0,0,0,0,0,0,0,0,0,0,0,0,0,0,0,0,0,0,939,0,0,0,0,0,0,0,0,0,0,0,0,0,0,0,0,0,0,0,0,0,0,0,0,0,16,0,0,0,0,0,0,0,0,0,0,0
"D277",0,0,0,1427,0,0,18,0,0,0,0,0,0,0,0,0,0,0,4,0,0,0,0,78,0,0,5,0,0,0,0,1,0,0,0,20,0,0,0,0,0,0,0,10,0,0,21,0,0,0,0,0,0,0,4,0,0,0,5,0,16,0,0,3,0,0,4,0,53,0,3,0,0,0,1,0,0,0,0,8,0,0,0,0,0,0,0,0,0,0,0,0,0,0,0,2,304,7,0,0,0,0,5575,136,0,0,2,625,0,0,0,0,0,0,0,0,0,0,0,19,0,0,0,288,0,0,0,83,0,0,0,0,0,0,7,0,0,0,0,0,4,0,0,23,0,0,0,0,0,0,0,0,36,0,22,0,1676,0,0,0,0,0,21,0,0,0,0,0,0,0,0,143,0,11,0,0,0,0,0,0,0,0,0,33,0,0,0,0,0,0,0,0,0,0,0,3,435,393,0,0,0,0,0,2,17,0,0,0,0,0,0,0,0,0,0,0,79,0,7,0,0,0,6,6,0,11,0,0,0,0,0,0,0,0,5271,34,0,824,0,0,0,0,0,0,0,0,0,64,0,0,0,0,0,0,14,0,0,0,0,2,10,0,0,0,0,0,0,0,0,0,0,0,0,0,0,11,0,0,0,0,0,0,0,0,23,0,0,0,1257,0,0,15,0,0,7,0,0,0,38,0,0,0,0,0,0,18,0,0,0,0,14,0,0,0,0,0,125,6,0,0,0,0,0,0,0,4,0,0,0,5,0,0,0,0,0,0,0,87,12,0,20,0,0,0,0,0,0,20,0,11,0,0,0,0,0,0,0,0,0,0,0,1322,249,3,0,0,130,0,0,0,8,0,0,11,0,0,0,0,0,0,0,0,0,0,0,0,0,0,8,3,0,0,0,0,0,0,0,0,0,0,2,4,54,132,0,0,0,0,0,0,0,316,0,0,0,0,0,0,0,0,2,0,0,0,0,834,710,0,24,0,0,0,0,4,0,0,3,0,1,0,0,0,30,0,28,21,0,0,0,0,0,0,0,0,0,0,0,0,0,0,0,0,0,0,488,0,0,0,0,0,0,0,0,0,58,0,0,0,0,0,0,0,0,0,0,0,0,0,0,0,7,0,0,0,0,0,114,0,0,0,0,0,0,0,3,0,0,0,0,0,0,0,0,0,0,0,0,0,0,0,0,65,0,0,0,0,0,0,0,0,0,0,13,0
"D278",0,0,0,0,0,0,0,0,0,0,0,0,0,0,0,0,0,0,0,0,0,0,0,0,0,0,0,0,0,0,0,0,0,0,0,0,0,0,0,0,0,0,0,0,0,0,0,0,0,0,0,0,0,0,0,0,0,0,0,0,0,0,0,0,0,0,0,0,0,0,0,0,0,0,0,0,0,0,0,0,0,0,0,0,0,0,0,0,0,0,0,0,0,0,0,0,0,0,0,0,0,0,0,0,0,0,0,0,0,0,0,0,0,0,0,0,0,0,0,0,0,0,0,0,0,0,0,0,0,0,0,0,0,0,0,0,0,0,0,0,0,0,0,0,0,0,0,0,0,0,0,0,0,0,0,0,0,0,0,0,0,0,0,0,0,0,0,0,0,0,0,0,0,0,0,0,0,0,0,0,0,0,0,0,0,0,0,0,0,0,0,0,0,0,0,0,0,0,0,0,0,0,0,0,0,0,0,0,0,0,0,0,0,0,0,0,0,0,0,0,0,0,0,0,0,0,0,0,0,0,0,0,0,0,0,0,0,0,0,0,0,0,0,0,0,0,0,0,0,0,0,0,0,0,0,0,0,0,0,0,0,0,0,0,0,0,0,0,0,0,0,0,0,0,0,0,0,0,0,0,0,0,0,0,0,0,0,0,0,0,0,2,0,0,0,0,0,0,0,0,0,0,0,0,0,5,0,0,0,0,0,0,0,0,0,0,0,0,0,0,0,0,0,0,0,3,0,0,0,0,0,0,0,0,0,0,0,0,0,0,0,0,0,0,0,0,0,0,0,0,0,0,0,0,0,0,0,0,0,0,0,0,0,0,0,0,0,0,0,0,0,0,0,0,0,0,0,0,0,0,0,0,0,0,0,0,0,0,0,0,0,0,0,0,0,0,0,0,0,0,0,0,0,0,0,0,0,0,0,0,0,0,0,0,0,0,0,0,0,0,0,0,0,0,0,0,0,0,0,0,0,0,0,0,0,0,0,0,0,0,0,0,0,0,0,0,0,0,0,0,0,0,0,0,0,0,0,0,0,0,0,0,0,0,0,0,0,0,0,0,0,0,0,0,0,0,0,0,0,0,0,0,0,0,0,0,0,0,0,0,0,0,0,0,0,0,0,0,0,0,0,0,0,0,0,0,0,0,0,0,0,2,0,0,0,0,0,0,0,0,0,0,0,0,0,0,0,0,0,0,0,0,0,0
"D279",0,0,6,0,0,0,0,0,0,8,0,0,0,0,0,0,0,0,0,0,0,0,0,0,0,4,0,0,0,0,0,121,0,0,0,0,0,0,0,0,0,254,0,0,0,0,0,0,2,0,0,0,0,0,0,0,0,0,0,0,0,0,0,1,0,0,0,0,0,2,0,0,0,137,141,5,0,0,147,0,0,0,0,14,0,0,1,0,0,2,0,0,0,0,0,0,0,0,0,0,0,0,0,0,0,0,0,0,0,0,0,36,0,0,157,0,0,0,0,0,0,0,0,0,0,0,0,0,0,0,8,0,0,0,0,0,0,0,0,0,0,0,0,0,39,0,0,0,0,0,0,0,0,0,0,0,0,0,6,0,0,0,0,0,0,0,0,0,0,0,0,0,0,0,0,0,0,0,0,0,0,1,0,0,2,0,0,0,0,0,0,0,0,0,0,0,0,0,0,0,0,0,0,0,3,0,0,0,0,0,0,0,0,632,0,2,0,0,0,0,0,0,99,0,0,0,0,0,0,0,0,0,0,0,64,0,0,0,0,0,3,0,0,0,0,0,0,0,0,0,0,0,0,0,0,0,0,0,0,0,0,0,0,63,0,0,0,0,0,0,0,3973,0,0,0,0,0,0,0,0,0,0,0,0,0,0,0,0,0,0,0,0,0,0,0,14,0,0,0,0,0,0,355,3013,0,0,0,0,0,0,0,0,0,3,0,0,0,0,0,0,0,0,0,0,2,0,0,5,0,0,0,0,0,0,0,0,0,0,0,0,459,4,0,0,0,1,0,0,0,0,0,47,0,0,0,0,0,0,0,0,0,0,0,0,0,0,0,242,0,0,0,0,0,0,0,0,0,0,0,0,6,0,0,0,0,0,0,0,0,0,0,0,0,0,0,0,2,0,0,0,0,0,0,0,0,0,0,0,0,0,0,0,0,0,0,0,0,0,0,0,0,0,170,854,0,0,0,0,0,0,0,0,0,0,0,0,0,0,0,0,0,0,0,0,0,0,0,0,0,0,0,0,0,0,0,2,4,0,0,0,0,0,0,0,0,0,0,1,0,0,0,0,0,0,0,0,0,0,0,0,0,0,0,0,0,0,2,0,0,0,153,0,0,0,0,2,0,0,0,0,2,0,0,191,0,0,0,0,0,0,0,0,0,0,0,0,0,0,0,0,0,0,1,0,2,0,0,2,0,0,0,0,0,0
"D280",0,6,0,0,0,0,0,0,0,0,0,1,0,0,0,0,0,628,0,0,72,0,0,0,0,0,0,0,0,0,5,0,0,0,0,0,12,0,79,0,0,0,0,0,92,0,0,0,0,0,0,0,0,0,0,0,166,0,0,612,0,0,0,46,0,0,0,0,0,0,0,0,0,0,0,0,2,0,0,0,0,0,0,0,0,2,0,0,0,0,25,0,0,0,0,0,0,0,0,0,0,0,0,0,0,0,0,0,0,0,0,0,0,0,0,194,0,0,0,0,0,0,0,0,0,35,0,0,0,0,0,0,0,0,0,0,0,0,0,0,0,0,0,0,0,3,0,0,0,0,0,0,0,0,0,0,0,0,0,0,0,0,0,0,0,0,0,0,0,0,0,0,0,0,0,2,0,0,0,0,0,0,0,0,0,0,0,0,0,0,0,2,0,0,0,0,0,0,0,0,0,0,0,0,0,0,0,0,0,0,0,0,0,0,0,0,0,0,0,0,7,0,0,0,0,0,0,0,0,3,0,0,0,0,0,0,0,0,0,0,0,0,0,0,0,0,0,0,0,0,0,0,0,0,3232,0,0,0,0,0,0,0,0,0,0,0,0,0,0,0,0,0,0,0,0,26,0,0,0,276,0,0,0,0,0,0,0,0,0,0,0,0,0,0,0,0,0,0,0,0,3,0,0,0,0,0,0,0,0,0,0,0,0,0,108,0,0,0,0,0,0,0,0,0,0,0,0,0,0,0,0,2,0,0,0,0,0,0,0,0,0,0,0,0,0,0,0,0,1,0,0,0,0,0,0,0,0,0,0,0,0,0,0,0,0,0,0,0,65,0,0,0,3,0,0,0,0,0,0,32,0,0,0,0,0,0,1,0,0,0,0,0,0,0,0,0,0,0,0,4,0,0,0,0,0,0,0,5,0,0,0,0,0,0,0,0,1,0,0,0,0,0,0,0,0,0,0,0,0,0,0,0,0,0,0,0,0,5,0,0,0,23,0,0,0,0,0,0,0,0,0,0,0,0,0,0,0,0,0,0,0,0,0,0,0,0,0,0,0,0,134,0,2,0,0,0,0,0,0,0,0,0,0,0,582,0,0,0,0,0,0,0,0,195,0,0,0,0,0,0,0,0,93,0,0,0,0,0,48,0,0,4,9,0,0,0,0,0,0,0,0,0,0,0,0,0,0,0,63,0,0,0,0,0
"D281",0,0,0,0,0,0,0,0,0,0,1,0,0,0,0,0,0,0,229,0,0,0,0,0,0,0,0,0,0,0,0,0,0,0,0,27,0,0,0,0,0,0,0,0,0,0,6,47,0,0,0,0,0,0,0,0,0,0,0,0,0,0,0,0,0,0,0,0,0,0,0,0,0,2,0,0,0,0,2,0,0,0,0,0,0,0,0,0,0,0,0,0,0,0,6,0,0,0,0,0,0,0,0,0,0,0,0,0,0,0,0,0,0,0,0,0,0,0,0,0,0,0,0,0,0,0,44,0,0,0,0,0,0,0,161,0,0,0,0,0,0,0,0,0,0,0,0,0,0,0,0,0,0,0,0,0,0,0,0,0,0,0,0,0,0,0,0,3,0,0,805,0,0,0,0,0,0,0,0,0,0,0,0,0,0,0,0,0,0,0,0,0,0,0,0,0,0,0,0,0,0,0,0,0,0,0,0,0,0,0,0,0,0,0,0,0,10,0,0,0,0,0,0,0,0,0,0,0,0,0,0,0,0,0,0,0,0,0,0,0,0,0,0,0,0,0,0,0,0,0,0,0,0,0,0,0,0,0,0,0,0,0,0,0,0,0,0,0,0,0,35,0,0,0,0,0,0,0,0,0,0,0,0,0,0,0,0,0,0,0,0,0,0,0,0,4154,0,0,0,0,0,0,3,0,0,0,0,0,0,8,0,0,0,0,0,0,0,0,0,0,0,0,0,0,0,0,0,0,0,0,0,0,0,0,0,0,0,0,0,0,0,0,0,0,0,0,0,0,0,0,0,0,0,0,0,0,0,0,0,0,3,0,0,0,0,0,0,0,0,0,0,1,0,0,0,0,0,0,0,0,0,7,0,0,0,0,0,0,0,0,0,0,0,9,0,0,0,0,0,0,0,0,0,0,0,0,0,0,0,0,0,0,0,0,0,0,0,0,0,0,0,0,11,0,0,0,0,0,0,0,0,0,0,0,0,0,0,0,0,0,0,0,0,2,0,0,0,0,0,0,0,0,0,0,0,0,0,0,0,0,0,0,0,0,0,0,0,0,0,0,0,0,0,0,0,0,0,0,0,0,0,0,0,0,0,10,0,0,0,0,0,0,0,0,0,0,0,0,0,0,0,0,0,2,0,0,0,0,0,0,0,0,0,0,0,0,0,0,0,0,0,0,4,0,0,0,0,0,0,0,0,0,0,0
"D282",0,3,0,0,0,0,0,179,0,0,0,8,0,14,0,0,444,0,0,0,0,5,0,0,0,0,0,24,0,381,0,0,0,9,33,0,0,85,0,0,0,208,4,0,0,0,0,22,44,3,0,0,24,0,0,0,0,20,0,6,0,0,0,0,0,22,0,6,0,27,6,108,0,0,6,0,73,52,0,0,1,0,0,0,0,1,4,3,0,0,0,0,1,0,0,0,0,0,0,19,10,3,2,0,0,20,0,0,0,0,0,5,0,0,62,2,0,0,0,0,0,3,48,0,0,0,0,0,0,0,0,0,0,7,0,0,0,0,0,1,0,8,26,0,0,75,5,9,1,2,0,0,0,0,0,9,0,0,0,0,0,8,0,0,11,0,20,12,15,0,78,2,0,0,12,0,17,0,12,12,1,3,259,0,30,0,51,26,2,0,0,0,10,0,0,0,0,0,0,2,0,0,0,1,0,0,0,0,65,0,13,7,0,0,190,2,0,4,0,0,0,0,0,0,0,0,19,4,0,0,0,9,0,8,0,0,0,0,0,1,3,2,3,0,0,0,0,0,46,16,0,31,0,0,25,0,0,3,12,0,0,0,0,3,63,0,4,0,4,0,0,11,0,4,0,2,0,0,0,0,70,0,3,0,0,72,0,14,0,0,22,0,8,3,0,0,307,151,0,0,0,260,0,55,0,0,0,0,0,0,0,0,0,81,76,0,0,0,0,0,0,1,158,0,11,0,0,5,0,0,0,58,294,0,1,0,0,0,0,0,0,37,13,78,0,2,124,0,0,0,3,1,4,0,0,2,0,67,5,0,0,0,0,0,9,0,0,0,0,31,0,0,6,0,7,0,0,0,2,0,0,3,0,0,2,0,0,0,0,0,0,0,6,0,15,178,0,2,0,0,61,0,0,0,0,4,18,0,0,0,1,0,4,0,0,7,0,734,2,0,51,0,0,0,0,0,0,5,0,15,13,2,4,0,24,187,0,0,0,5,0,0,0,0,0,2,1333,0,3,0,0,0,1,32,311,0,0,106,27,0,2,0,0,0,0,0,27,119,25,2,6,0,12,8,0,7,0,0,0,0,0,19,33,0,10,3,14,0,0,0,0,0,0,1,0,15,0,0,215,0,19,22,203,0,0,17,8,29,0,0,0,20,4,11,0,0,0,22,70,26,2,0,5,3,0,4,0,595,0,0,0,12,0,0
"D283",0,0,0,0,0,4,0,0,0,0,0,0,0,0,0,0,0,0,0,0,0,0,0,0,0,0,0,0,0,0,70,0,0,0,0,42,0,0,0,0,0,0,0,0,219,0,0,0,0,0,0,0,0,0,0,0,0,0,0,0,0,0,0,0,0,0,1442,0,0,0,0,0,1,0,0,0,0,0,0,0,0,0,0,0,0,0,0,0,0,0,0,0,0,0,0,0,0,0,0,0,0,0,0,0,0,0,107,0,0,0,0,0,0,0,0,0,0,0,0,0,0,0,0,0,0,0,0,0,0,0,0,0,7,0,0,0,0,0,0,0,0,0,0,0,0,0,0,0,0,0,0,0,0,0,1008,0,0,0,0,0,0,0,1646,0,0,0,0,0,0,0,0,0,0,0,0,0,0,0,0,0,0,0,0,0,0,0,0,0,0,10,0,0,0,0,0,2,0,0,0,0,0,0,0,0,0,0,0,0,0,0,0,0,0,0,0,0,0,0,114,0,0,0,0,0,0,0,0,0,0,17,0,0,3302,0,0,0,0,0,0,0,0,0,0,0,0,0,0,1703,0,0,7,0,0,0,11,0,314,0,0,0,20,0,0,0,0,0,0,0,0,0,0,0,0,0,0,135,0,0,0,0,0,0,0,0,0,0,0,0,0,0,0,0,0,0,0,0,0,0,0,0,0,0,0,0,0,189,0,0,0,4,339,0,0,0,0,0,0,0,0,0,0,0,0,0,0,46,0,0,0,0,0,0,0,0,0,0,0,0,0,0,0,0,0,0,0,0,0,0,0,17,0,0,0,0,0,0,0,0,0,0,0,0,0,0,0,0,0,0,0,0,0,0,0,0,0,0,0,0,0,0,0,0,0,0,0,0,3,0,0,0,0,0,0,0,0,0,0,0,0,0,0,0,1423,0,0,0,0,0,0,81,0,0,0,138,0,0,0,0,2,0,0,0,0,0,0,0,0,0,6,0,0,0,0,0,0,0,0,0,2,0,0,0,0,0,0,0,0,0,0,0,0,0,0,0,0,0,0,0,0,0,0,0,0,0,0,0,0,0,0,0,0,0,0,0,0,0,0,0,0,0,0,0,0,0,0,0,0,0,0,0,0,0,0,0,0,0,0,0,0,0,0,0,0,0,21,0,0,0,0,0,0,0,0,0,0,0,0,0,0,0,0,0,0,0,0,0,0,0,0,0,0,0,0,0
"D284",0,0,0,0,0,0,0,0,0,0,0,0,0,3,0,0,0,0,0,0,0,0,0,0,0,0,0,0,0,0,0,59,0,0,0,2,0,0,0,0,0,0,0,0,9,0,0,0,0,0,0,0,0,0,0,0,0,0,0,5,0,0,0,0,0,0,0,0,0,0,0,0,0,0,0,0,0,0,137,0,0,0,0,8,0,30,0,0,0,0,0,0,0,0,0,27,0,0,0,0,0,0,0,0,0,0,0,0,0,0,0,0,0,0,27,0,0,0,0,0,0,0,0,0,0,0,0,0,4,0,0,0,0,0,0,0,0,0,0,0,0,0,0,0,0,0,0,0,0,0,0,0,0,0,0,0,0,0,0,0,0,0,0,0,0,0,0,0,0,0,0,0,0,0,0,0,0,12,0,0,0,0,0,0,0,0,0,0,0,0,0,0,0,0,0,0,0,0,0,0,0,0,0,2,0,0,0,0,0,0,0,0,0,0,0,0,0,0,0,0,0,0,0,0,0,0,0,0,0,0,0,0,0,0,0,0,0,0,0,0,0,0,0,0,0,0,0,0,0,0,0,0,0,0,0,0,0,0,0,0,0,0,0,2,0,0,0,0,0,0,0,0,0,0,0,0,0,0,4,4,0,0,0,0,0,0,0,0,0,0,0,0,0,0,0,0,0,0,0,0,0,0,0,0,0,0,0,0,0,0,0,0,0,0,0,0,0,0,0,0,0,2,0,0,0,0,0,0,0,0,0,0,0,0,0,0,0,0,0,0,16,0,0,0,0,0,0,0,0,0,0,126,4,1963,0,0,0,0,0,0,0,0,0,0,0,0,0,1218,0,0,0,0,0,0,0,0,0,0,0,0,0,0,0,0,0,0,0,0,0,0,0,0,0,0,0,0,0,0,0,0,0,0,0,0,0,0,0,0,0,0,0,0,0,0,0,0,0,0,0,0,0,0,0,1530,0,0,0,0,0,0,0,0,19,0,0,0,0,0,0,0,0,0,0,0,0,0,0,0,0,0,0,0,0,0,0,0,0,0,0,0,0,0,0,0,0,0,0,0,0,0,0,0,2,0,0,0,0,0,0,0,0,0,0,0,37,0,0,0,0,0,193,0,0,0,0,0,0,0,0,0,0,0,0,0,2,0,47,0,0,0,0,0,43,0,0,0,0,0,0,0,0,0,0,0,0,0,0,0,0,0,0,0,0,0
"D285",0,0,0,0,0,0,0,0,0,0,0,0,0,0,0,0,0,0,0,0,0,0,0,0,0,0,0,0,0,0,0,0,0,0,0,0,0,0,0,0,0,0,0,0,0,0,0,0,0,0,0,0,0,0,0,0,0,0,2,0,0,0,0,0,3,0,0,0,0,0,0,0,0,0,0,0,0,0,0,0,0,0,0,0,0,0,0,0,0,0,0,0,0,0,0,0,0,0,0,0,0,0,0,0,0,0,0,0,0,0,0,0,0,0,0,0,0,0,0,0,0,0,0,0,0,0,0,0,0,0,0,0,0,0,0,0,0,0,0,0,0,0,0,0,0,0,0,0,0,0,0,0,0,0,0,0,0,0,0,0,0,0,0,0,0,0,0,0,0,0,0,1,0,0,0,0,0,0,0,0,0,0,0,0,0,0,0,0,0,0,0,0,0,0,0,0,0,0,0,0,0,0,0,0,23,0,0,0,0,0,0,0,0,0,0,0,0,0,0,0,0,0,0,0,0,0,0,0,0,0,0,0,13,0,0,0,0,0,0,0,0,0,0,0,0,0,0,0,0,0,0,0,0,0,0,0,0,0,0,0,0,0,0,0,0,0,0,0,0,0,0,0,0,0,0,0,0,0,0,0,0,0,0,0,0,0,0,0,0,0,0,0,0,0,6,0,0,0,0,0,0,0,0,0,0,0,0,0,0,0,136,0,0,0,0,0,0,0,0,0,0,0,0,0,0,0,0,0,0,0,0,0,0,0,0,0,0,0,0,0,0,0,0,0,0,0,0,0,0,0,0,0,0,0,0,0,0,0,0,0,0,0,0,0,0,0,0,0,0,0,0,0,0,0,0,0,0,0,0,0,0,0,0,0,0,0,0,0,0,0,0,0,0,0,0,0,0,0,0,0,0,0,0,0,0,0,0,0,0,0,0,0,0,0,0,0,0,0,0,0,0,0,0,0,0,0,0,0,0,0,0,0,0,0,0,0,0,0,0,0,0,0,0,0,0,0,0,0,0,143,0,0,0,0,0,0,0,0,0,0,0,0,0,38,0,0,0,0,0,0,0,0,0,0,0,0,0,0,0,0,0,0,0,0,0,0,0,0,0,0,0,2,0,0,0,0,0,5693,0,0,0,0,0,0,0,0,0,0,0,0,0,12,0,0,0,0,0,0,0,0,0,0,0,0,0,0,0,0,0,0,0,0,0,0
"D286",0,0,0,0,0,0,0,0,0,0,0,0,4,23,0,0,0,0,2,0,0,0,0,0,0,0,0,0,0,19,0,0,0,0,0,0,0,0,4,0,0,8,0,0,0,0,0,0,0,0,0,0,0,0,0,0,0,0,0,13,0,0,0,0,0,0,0,0,0,2,0,0,5,17,0,0,0,0,41,0,0,0,0,2,0,5,0,0,11,42,0,0,0,0,1,8,0,0,0,0,0,0,0,0,0,0,0,0,0,4,0,0,0,0,188,0,0,0,77,0,0,0,0,0,4,0,0,0,33,0,0,0,0,0,0,0,0,0,3,0,1,0,0,0,174,0,0,0,0,0,0,0,0,0,0,0,0,0,0,0,0,5,0,0,0,19,0,0,0,0,0,0,0,0,0,0,0,83,0,0,0,166,0,0,0,0,0,0,0,0,0,0,0,0,0,0,0,0,0,0,0,0,0,0,0,135,0,0,0,0,0,0,0,0,0,0,0,0,0,0,0,0,0,0,0,0,0,0,5,0,0,0,0,0,0,0,0,0,0,0,0,0,0,0,0,0,0,0,0,0,0,0,0,0,0,0,0,0,0,0,0,0,6,29,0,0,173,0,0,0,0,0,0,0,0,0,0,0,18,0,0,0,0,0,0,0,0,0,0,0,0,0,0,0,0,0,0,0,0,0,0,0,2,0,5,0,0,0,0,0,0,0,6,0,5,0,0,0,0,2,0,2,0,0,0,0,0,0,0,0,0,6,0,0,0,0,0,0,0,2,6,0,0,0,0,0,0,0,0,0,0,0,0,23,0,0,0,0,0,0,0,0,0,0,0,0,0,1516,0,0,0,0,0,0,0,39,0,0,0,0,0,44,0,0,5,0,0,0,0,0,0,0,0,59,0,0,0,3,0,0,0,0,0,0,10,0,0,0,0,0,0,0,0,0,0,0,0,0,0,0,0,0,60,223,5,0,0,0,0,0,0,0,0,0,0,0,0,0,0,4,0,0,0,7,0,0,19,0,0,0,0,0,0,0,0,0,74,0,0,0,1,67,0,0,0,0,0,0,0,0,0,0,0,0,0,0,0,0,0,5,0,0,0,0,13,50,0,0,0,0,127,0,0,0,0,3,0,0,0,0,1,0,0,1,0,0,0,0,0,4,0,0,0,0,0,0,141,0,0,0,3,2,2,0,3,0,0,0,3,0,0,2,0,0
"D287",0,0,0,0,0,0,3,0,0,0,0,0,0,0,0,0,0,0,0,0,0,0,0,0,53,0,0,0,0,0,0,0,0,0,0,0,0,0,0,0,0,0,0,0,0,0,0,9,0,0,0,0,0,0,0,0,0,0,54,0,0,0,0,0,534,0,0,0,0,0,0,0,0,0,0,2,0,0,0,0,0,0,0,0,0,0,0,0,0,0,0,0,0,0,0,0,0,0,0,0,0,0,0,0,0,0,0,0,0,0,0,0,0,0,0,0,0,0,0,0,0,0,0,0,0,0,0,0,0,0,0,0,0,0,4,0,0,0,0,0,0,0,0,0,0,0,0,0,0,0,0,0,0,0,0,0,0,0,0,0,0,0,21,0,0,0,0,0,0,0,0,3,0,0,0,0,0,0,0,0,0,0,0,0,0,0,0,0,0,2,0,0,0,0,14,0,0,0,0,0,0,0,0,0,0,0,0,0,0,0,0,0,0,0,0,0,0,0,2,0,0,0,0,0,0,0,0,0,0,0,0,0,74,0,0,0,0,0,0,0,0,0,0,0,0,0,0,0,0,0,5,0,0,0,0,0,0,0,0,0,0,0,0,0,0,0,0,0,0,0,0,0,0,0,0,39,0,0,0,0,0,0,0,0,0,0,0,0,0,0,0,0,0,0,16,0,0,0,0,0,0,0,0,0,0,2,0,0,0,2,2103,0,0,0,0,0,0,0,0,0,0,0,0,0,0,0,0,0,0,0,0,0,0,0,0,0,0,2,0,0,0,0,0,0,0,0,0,0,0,0,0,0,0,0,0,0,0,0,0,0,0,0,0,0,0,0,0,0,0,0,0,0,0,0,0,0,0,0,0,0,0,0,0,0,0,0,0,0,0,0,0,0,0,0,0,0,0,0,0,0,0,30,0,0,0,0,0,0,0,0,0,0,0,0,0,0,0,0,0,0,0,0,0,0,0,0,0,0,0,0,0,0,0,1,0,0,579,0,36,0,0,0,0,0,0,0,0,0,0,8,0,0,0,0,0,0,0,0,0,0,0,0,0,0,0,0,0,0,0,0,0,0,0,0,0,0,0,0,0,0,0,0,0,0,0,0,0,0,0,0,0,8,0,0,0,0,0,2109,0,0,0,0,0,0,0,0,0,0,0,0,0,29,0,0,0,0,0,0,0,0,0,0,0,0,0,0,0,0,0,0,0,0,0,0
"D288",5,26,1,0,0,0,0,0,0,16,0,2,3,0,0,0,4,0,0,0,0,0,17,0,0,13,0,2,0,0,0,0,3,2,0,0,12,0,0,0,0,0,2,0,0,15,0,0,0,0,0,0,0,5,6,0,0,35,0,0,0,0,0,0,0,0,0,3,0,0,7,0,2,0,0,0,0,0,0,0,0,0,0,0,0,0,0,0,0,0,0,0,2,0,0,0,0,0,0,63,0,0,0,0,3,14,0,0,0,2,19,0,10,0,0,0,0,5,0,0,0,0,7,0,0,0,0,0,0,0,11,0,0,0,0,0,0,5,3,6,0,2,0,0,0,0,0,0,3,0,0,3,0,6,0,0,0,2,5,0,0,0,0,0,0,0,0,0,0,0,8,2,0,0,0,0,0,0,7,0,0,0,0,0,85,23,0,0,0,0,0,0,0,5,0,0,0,0,10,3,0,0,0,0,0,0,323,16,0,22,0,0,0,0,1,0,0,0,0,5,12,12,0,0,0,0,0,0,0,5,0,0,0,3,0,0,2,13,3,41,0,0,0,0,0,0,40,0,0,0,0,0,2,8,17,0,0,0,0,0,0,0,0,0,33,0,2,0,0,0,0,0,0,0,4,0,0,0,0,6,1,0,0,1,0,41,4,0,0,0,0,0,17,2,2,0,9,13,0,3,0,5,0,0,0,0,25,5,0,0,0,0,0,0,3,0,0,0,0,0,0,0,0,4,0,0,40,0,0,5,0,0,0,5,0,0,0,0,0,0,0,120,0,19,0,0,0,0,2,0,0,0,0,0,6,0,0,25,4,0,0,0,0,80,0,2,0,0,0,8,0,0,0,0,0,0,6,203,0,3,0,0,0,0,0,0,0,0,0,0,0,0,0,0,0,29,0,0,24,0,0,0,6,0,0,0,0,0,0,3,0,0,0,0,0,0,0,0,0,2,0,5,0,0,0,0,0,0,0,0,0,0,0,0,0,0,0,0,0,2,0,0,0,0,0,0,232,21,2,0,0,15,0,0,24,0,0,29,4,2,7,0,12,0,9,0,3,1,3,3,0,36,0,5,0,0,5,0,11,0,0,0,0,0,3,0,0,0,0,880,0,0,5,0,5,17,0,0,14,0,0,0,6,0,0,0,0,4,2,0,0,115,0,2,0,4,0,0,0,0,4,0,0,0,0,0,0,74,0,0,0,2,0,6
"D289",0,0,0,2,0,0,0,0,0,0,0,0,0,0,0,0,0,0,0,0,0,0,0,0,0,0,0,0,0,0,0,0,0,0,0,0,0,0,0,0,0,0,0,0,0,0,0,0,0,0,0,0,0,0,0,0,0,0,0,0,0,0,0,0,0,0,0,0,0,0,0,0,0,0,0,0,0,0,0,0,0,0,0,0,0,0,0,0,0,0,0,0,0,0,0,0,0,18,0,0,0,0,0,0,0,0,0,2,0,0,0,0,0,0,0,0,0,0,0,0,0,0,0,0,0,0,0,0,0,0,0,0,0,0,0,0,0,0,0,0,0,0,0,0,0,0,0,0,0,0,0,0,0,0,0,0,0,0,0,0,0,0,0,0,0,0,0,0,0,0,0,0,0,0,0,0,0,0,0,0,0,0,0,0,0,0,0,0,0,0,0,0,0,0,0,0,4,0,0,0,0,0,0,0,6,0,0,0,0,0,0,0,0,0,0,0,0,0,0,0,0,0,0,61,0,0,0,0,0,0,0,0,0,0,0,0,0,0,0,0,0,0,0,1904,0,0,0,0,0,0,0,0,0,0,0,0,0,0,0,0,0,0,0,0,0,0,0,0,0,0,0,0,0,0,0,0,0,0,0,0,0,0,0,0,0,0,0,0,0,0,0,0,0,0,0,0,0,0,0,0,0,0,0,0,0,0,0,0,0,0,0,0,0,0,0,1471,0,0,0,0,0,0,0,0,0,0,0,0,0,0,0,0,0,0,0,0,0,0,0,0,0,0,0,0,0,0,0,0,0,0,0,0,0,0,0,0,0,0,0,0,0,0,0,0,0,0,0,0,0,0,0,0,0,0,0,0,0,0,0,0,0,0,0,0,0,0,0,9178,0,0,0,0,0,0,0,0,0,0,0,0,0,0,0,0,0,0,0,0,0,0,0,0,0,0,0,0,0,0,0,0,0,0,0,0,0,0,0,0,0,0,0,0,0,121,0,0,0,0,0,0,0,0,0,0,0,0,0,0,0,619,0,0,0,0,0,0,0,0,0,0,0,0,0,24,0,0,0,0,0,0,0,0,0,0,0,0,0,0,0,0,0,0,0,0,0,0,0,0,0,0,0,0,0,0,0,0,0,0,0,0,0,0,0,0,0,0,0,0,0,0,0,0,0,0,0,0,0,0,0,0,0,0,0,0,0,0,0,0,0,0,0,0,0,0
"D290",0,1,37,0,0,0,4,44,12,0,6,4,22,5,31,2,24,0,0,0,0,25,0,0,4,0,0,0,0,179,49,251,0,0,0,41,2,8,2,0,0,37,3,33,0,2,0,113,6,40,10,4,5,2,0,0,0,2,0,22,0,5208,1,107,0,0,0,35,0,0,0,157,0,1,0,0,34,0,52,101,18,0,13,13,3,8,57,10,0,16,0,15,64,5,0,31,0,0,25,4,2,4,2,0,0,12,0,0,0,18,7,61,0,0,4981,3,0,0,13,0,0,2,13,0,0,0,0,0,142,56,0,0,9,14,0,0,0,0,43,0,0,5,0,13,180,7,5,0,0,0,1,0,0,0,0,2,0,0,15,165,0,9,6,1,5,0,12,73,8,0,0,0,0,0,2,0,12,39,0,11,2,0,23,0,2,0,0,0,13,0,0,3,0,0,0,0,0,0,0,4,2,5,0,4,0,24,0,0,5,0,1,0,0,0,2,22,1,10,0,2,0,6,0,0,45,0,5,23,14,5,24,19,0,0,0,0,0,1,0,11,40,1,7,1,0,0,0,0,0,3,3,4,10,0,89,0,34,12,0,0,5,9,0,8,0,0,310,2,0,3,0,124,0,16,0,8,0,0,93,0,4,7,10,0,0,0,0,35,0,0,0,0,2,0,0,0,7,3,25,0,6,0,0,1356,0,53,0,0,33,70,9,0,0,5,9,0,0,0,14,42,0,11,11,0,5,0,21,7,0,0,0,13,1,0,0,159,0,0,0,41,31,1,27,21,5,3,14,0,0,35,5,0,68,57,1,3,15,5,3,0,15,0,0,0,20,13,0,35,16,40,0,1,47,0,1,11,0,0,40,0,15,0,0,0,40,39,71,0,0,0,0,0,3,0,0,9,15,11,0,4,180,0,0,0,43,36,2,16,0,0,3,0,9,45,0,0,0,8,0,0,171,0,0,0,10,0,0,0,0,10,18,8,14,0,0,26,61,17,0,6,61,0,0,13,0,17,57,0,3,0,0,6,0,1,9,0,4,4,3,0,0,148,0,0,0,0,2,59,23,0,7,0,8,2,0,2,0,0,0,0,0,3,3,4,19,0,6,0,1,0,216,128,0,6,0,67,0,0,0,5,16,8,93,0,2,9,20,0,0,27,3,0,33,0,2,0,6,0,0,10,13,0,0,19,111,31,3,51,0,0,9,0,0,0
"D291",2,131,0,0,0,0,0,45,0,14,5,3,0,0,29,0,0,0,0,122,0,0,0,0,0,0,0,0,31,9,3,0,6,39,0,0,0,0,278,0,344,0,6,0,6,0,0,0,93,0,0,0,0,0,0,3,466,0,0,23,0,0,0,0,0,0,3,0,0,0,24,0,31,0,0,0,16,0,0,0,0,206,0,0,6,0,0,0,0,0,0,0,0,0,0,0,0,15,4,333,37,0,0,0,0,0,0,0,0,10,0,0,15,0,0,6,0,13,0,0,2,0,0,0,0,6,0,0,0,0,0,0,0,23,0,0,16,487,0,0,0,0,9,0,0,5,0,64,0,0,226,63,0,0,0,0,0,7,5,0,0,0,42,0,0,0,0,41,0,0,0,8,0,0,31,225,0,0,17,0,13,0,0,0,3,0,0,0,0,0,24,0,0,77,5,0,0,0,5,32,9,0,0,0,10,0,1448,0,0,8,0,0,0,0,0,0,14,0,0,7,501,36,0,0,0,3,0,0,0,0,0,0,0,0,0,0,0,6,0,0,0,0,0,0,0,20,318,9,0,0,0,0,83,0,660,0,0,0,0,0,0,5,0,0,10,27,0,0,0,0,0,188,0,0,166,0,0,0,0,19,73,0,0,0,0,22,0,0,0,6,0,0,12,13,0,0,0,35,0,181,0,112,0,24,0,15,61,34,17,0,0,21,0,52,13,0,0,0,0,0,0,0,9,0,0,0,37,0,0,93,26,0,46,0,0,236,0,0,0,0,0,225,0,14,0,27,0,0,12,0,0,0,0,0,54,0,0,0,0,138,0,0,0,10,0,0,0,0,0,0,0,0,0,0,0,0,179,405,0,23,0,0,20,7,0,234,0,0,0,0,2,33,0,0,56,0,0,0,65,11,0,0,0,0,0,0,0,29,45,0,0,0,2,1,0,0,2,0,0,4,0,5,0,0,0,0,0,0,0,0,0,0,0,0,0,0,0,0,0,8,0,96,0,0,0,0,481,2801,41,0,0,0,28,0,12,5,0,73,4,67,18,0,1440,0,0,0,7,8,33,7,10,0,0,0,0,0,30,30,14,0,0,0,0,0,157,0,0,0,0,0,0,0,53,5,0,0,0,0,0,0,0,0,42,0,0,0,0,0,175,0,0,6952,0,1,0,26,0,0,7,0,4,0,0,0,0,0,0,299,0,0,0,0,11,0
"D292",2,0,0,0,0,4,0,3,3,0,0,0,0,0,0,0,0,0,0,0,0,0,0,2,1,0,3,0,7,0,0,0,12,0,0,0,0,0,0,0,0,0,0,0,0,0,0,3,24,0,0,4,0,0,3,0,0,0,2,0,0,0,0,7,0,0,7,0,0,0,0,0,0,0,0,0,0,0,0,0,0,0,0,0,0,0,0,0,0,0,1,0,0,0,0,0,0,0,3,0,0,0,20,0,0,0,7,0,0,0,0,0,0,14,0,0,3,0,0,0,0,0,0,0,0,0,1,0,0,0,0,0,0,0,0,0,4,4,0,0,4,0,0,0,0,0,0,0,0,0,2,0,0,5,0,0,1,5,0,0,0,0,0,0,0,0,0,4,0,0,0,0,0,0,0,0,0,0,0,0,0,0,0,0,0,0,0,0,0,1,5,0,0,0,0,0,0,0,0,0,0,0,0,0,0,0,0,0,3,0,0,0,0,0,0,0,0,0,5,0,0,3,0,0,0,0,0,0,0,0,2,0,0,0,12,0,0,5,0,0,0,0,0,0,0,0,0,0,0,0,0,0,0,0,5,2,0,0,0,0,4,0,0,0,0,0,0,0,7,0,0,0,0,0,0,7,0,0,0,0,3,0,0,0,0,0,3,0,3,0,0,0,0,0,0,0,0,0,0,0,0,0,0,0,0,53,0,0,2,2,0,0,0,0,0,169,0,2,0,0,0,0,0,0,0,8,0,0,0,22,0,0,0,0,0,0,0,0,0,0,0,2,0,0,0,0,0,0,0,7,0,0,0,0,0,0,0,0,0,4,0,0,0,0,0,0,0,0,0,0,0,0,0,0,0,0,0,0,0,0,0,0,0,0,0,0,6,0,1,0,0,2,0,0,0,0,0,0,0,0,0,2,0,2,0,0,0,3,0,0,0,0,0,6,2,0,0,0,0,0,0,0,0,0,0,7,414,0,41,0,0,0,0,0,0,0,0,0,0,0,0,0,0,0,0,0,0,0,0,6,2,0,0,0,0,0,0,0,0,0,0,0,39,26,0,0,0,0,0,0,0,0,0,0,0,0,0,0,0,0,0,0,0,0,0,0,0,3,0,0,0,0,0,0,0,0,0,0,0,0,0,0,0,1,0,0,0,0,0,0,0,22,0,0,0,0,0,0,0,0,0,0,0,0,0,0,0,11,0,0,0,0,0,0
"D293",0,0,0,0,0,0,0,0,0,0,32,0,0,60,0,0,0,54,9,0,0,0,0,0,0,0,0,0,0,0,0,904,0,0,0,2,0,0,0,0,0,0,0,0,1772,0,0,0,0,0,0,0,0,0,0,25,0,0,0,164,0,0,217,0,0,0,0,0,0,0,0,0,0,0,0,0,0,0,2980,0,0,0,3,245,0,1980,0,0,0,0,202,0,0,0,0,1069,0,0,0,0,4,0,6,0,0,0,0,0,0,0,0,0,0,0,0,0,0,0,0,0,0,0,0,0,0,0,0,0,469,0,0,0,0,0,0,0,0,0,382,0,0,0,0,0,54,0,0,0,0,0,0,0,0,0,0,0,0,0,0,0,0,0,0,0,0,0,0,0,0,0,0,0,0,0,0,0,0,637,0,0,0,5,0,0,0,0,0,0,0,4,0,0,0,0,0,0,0,0,0,0,0,0,0,142,0,0,0,0,0,0,0,0,0,0,0,0,0,4,0,0,0,0,0,0,0,0,0,0,0,0,0,0,0,0,10,0,0,0,0,0,0,12,0,0,0,0,0,0,0,0,0,0,0,0,13,0,4,0,0,0,13,0,0,109,0,0,0,0,0,0,0,0,0,0,0,0,0,0,65,207,0,0,0,0,0,0,0,0,0,0,0,0,0,0,0,0,0,0,0,0,0,0,0,0,0,0,0,0,0,0,0,0,0,0,0,0,0,0,0,0,0,905,0,0,0,0,0,0,0,0,0,0,0,0,0,0,0,3,0,0,4,0,0,0,0,0,0,0,0,0,0,763,68,48237,0,0,0,0,0,0,0,0,0,0,0,0,0,6337,0,0,0,0,0,0,0,0,0,0,11,18,0,0,0,0,0,0,12,0,0,6,0,0,0,0,0,0,0,0,0,0,0,0,0,0,0,0,0,0,0,0,0,0,0,0,0,3,0,0,0,9,0,0,0,19991,0,0,0,0,0,0,0,0,2185,0,0,0,0,0,0,0,141,0,0,0,0,0,0,0,0,0,0,0,0,0,0,0,0,0,0,0,2,0,0,0,0,0,0,0,0,0,0,0,143,0,0,0,0,0,0,0,0,0,0,0,1876,0,0,0,0,0,9338,0,0,0,0,0,0,0,0,0,0,0,0,0,0,0,3828,0,0,1,0,0,2152,0,0,0,0,0,0,0,0,0,0,0,0,27,29,0,0,0,0,0,0,0
"D294",13,0,0,16,11,0,1467,0,0,0,0,0,0,0,0,0,0,0,27,0,0,0,0,0,0,0,0,0,0,0,70,40,0,0,0,0,0,0,0,5,0,0,0,0,0,0,1188,21,1,0,0,0,0,0,272,0,0,0,22,0,652,0,0,0,27,0,21,0,0,0,0,0,0,0,0,29,0,0,0,968,0,0,0,0,0,0,0,0,0,0,14,0,0,0,0,0,20,0,30,0,0,0,1715,76,0,0,4,0,0,0,0,0,0,0,0,0,0,0,0,0,0,0,0,323,0,0,0,0,0,0,0,0,0,0,7,5,12,0,0,0,0,4,0,487,0,0,0,0,0,0,0,0,0,0,11,0,964,0,0,0,0,0,30,0,0,15,0,0,0,0,0,0,0,65,0,0,0,0,0,0,0,0,0,0,0,0,0,0,0,2,0,0,0,0,0,0,87,0,24,0,0,0,0,0,0,0,26,0,0,0,0,0,0,0,0,0,9471,0,0,0,0,0,0,0,0,43,0,18,0,0,12,37,0,0,129,0,0,4610,0,0,0,0,0,0,0,0,0,0,0,0,145,0,0,0,0,41,0,0,0,18,0,0,0,0,0,0,0,0,0,0,55,0,0,0,0,6,0,229,0,12,0,0,0,0,0,0,0,0,52,0,0,68,0,0,0,0,0,0,74,0,0,0,0,0,0,19,0,0,0,12,0,0,0,0,0,0,8,0,0,0,77,0,0,0,0,0,0,8,0,91,0,0,0,0,0,15,0,535,482,0,0,0,0,0,0,0,0,0,0,0,0,0,36,0,0,0,0,0,0,0,0,7,0,0,0,0,0,0,17,0,0,0,0,0,0,0,0,0,0,0,0,0,0,0,0,0,0,0,0,3,0,13,0,0,0,0,0,0,0,0,0,0,0,0,0,0,0,0,0,8,0,5,0,945,41,0,0,0,3,0,0,0,0,0,32,142,0,0,0,0,0,0,0,0,0,0,0,0,19,0,0,0,0,0,0,101,14,0,0,0,0,0,0,0,0,0,0,0,0,0,0,0,0,1569,8,0,0,0,0,0,0,0,0,0,0,0,0,0,11,0,0,0,0,0,0,12,0,0,0,0,0,2,0,0,0,0,0,0,0,0,0,0,0,127,2,0,0,0,0,0,0,0,0,0,0,0,0,0,0,0,0,0,0,0,0,0,0,0,0,0,0,0,359,0
"D295",4,6,0,0,0,1,4,9,0,0,0,0,0,0,0,0,0,0,0,0,0,0,0,0,0,0,0,12,4,0,0,0,43,0,2,0,2,0,12,0,3,2,1,0,0,0,0,0,139,0,6,0,0,2,0,0,5,0,0,79,0,0,0,17,0,2,33,0,0,0,19,17,18,0,0,0,0,0,0,0,3,291,0,0,0,0,0,0,0,0,1,0,10,10,0,0,0,0,20,102,0,0,0,0,0,0,0,0,0,0,14,0,0,0,0,1,0,0,0,0,0,0,5,0,0,0,0,0,0,2,3,0,1,0,0,0,0,13,49,0,0,1,0,0,0,0,0,0,0,1,7,0,0,23,22,5,0,8,0,0,0,0,47,3,0,0,3,0,3,7,0,0,0,0,0,0,0,0,0,0,5,0,0,0,0,60,0,0,0,0,0,7,2,3,0,0,0,0,6,0,0,6,0,9,0,0,0,2,0,64,8,3,0,0,0,0,0,0,0,0,0,19,0,0,0,0,0,23,0,0,61,0,0,0,0,0,0,0,9,17,0,4,0,0,2,3,0,0,0,0,0,0,0,31,37,0,0,0,0,2,0,0,0,0,0,0,0,4,1,0,0,39,19,0,0,0,10,0,0,10,50,12,1,0,0,33,18,0,0,0,0,0,4,0,0,0,0,6,11,0,0,9,0,2,0,0,0,14,13,0,0,0,0,5,0,0,0,0,5,0,5,0,40,0,0,25,4,0,3,5,6,0,0,8,0,0,0,0,0,0,0,9,0,125,0,0,0,0,0,0,0,0,0,0,0,0,0,0,10,2,0,0,0,54,0,0,0,0,0,4,0,0,0,0,0,0,0,0,0,0,0,0,2,0,0,0,1,0,0,0,5,3,0,0,0,0,0,0,0,0,0,0,0,0,0,0,2,0,4,0,0,0,0,8,3,0,0,34,0,4,11,5,0,0,0,0,0,2,0,0,0,0,0,0,0,0,0,0,0,2,0,0,0,0,0,0,8,0,0,0,3,3,6,0,23,0,0,0,0,0,0,0,48,0,0,0,0,35,36,2,10,15,0,0,0,6,23,246,0,0,91,0,0,5,4,0,2,3,0,0,0,0,0,2,1,4,0,0,20,0,0,0,14,8,2,0,0,0,0,0,0,89,0,0,0,58,0,0,0,0,12,0,0,0,0,0,0,26,0,0,17,0,0,11
"D296",0,0,0,0,0,0,0,0,0,0,0,0,0,0,0,0,0,0,0,0,0,0,0,0,0,0,0,0,0,0,0,0,0,0,0,0,0,0,0,0,0,0,0,0,0,0,0,0,0,0,0,0,0,0,0,0,0,0,0,0,0,0,0,0,3,0,0,0,0,0,0,0,0,0,0,0,0,0,0,0,0,0,0,0,0,0,0,0,0,0,0,0,0,0,0,0,0,0,0,0,0,0,0,0,0,0,0,0,0,0,0,0,0,0,0,0,0,0,0,0,0,0,0,0,0,0,0,0,0,0,0,0,0,0,0,0,0,0,0,0,0,0,0,0,0,0,0,0,0,0,0,0,0,0,0,0,0,0,0,0,0,0,0,0,0,0,0,0,0,0,0,0,0,0,0,0,0,0,0,0,0,0,0,0,0,0,0,0,0,0,0,0,0,0,0,0,0,0,0,0,0,0,0,0,0,0,0,0,0,0,0,0,0,0,0,0,0,0,0,0,0,0,0,0,0,0,0,0,0,0,0,0,0,0,0,0,0,0,0,0,0,0,0,0,0,0,0,0,0,0,0,0,0,0,0,0,0,0,0,0,0,0,0,0,0,0,0,0,0,0,0,0,0,0,0,0,0,0,0,0,0,0,0,0,0,0,0,0,0,0,0,0,0,0,0,0,0,0,0,0,0,0,0,0,0,0,0,0,0,0,0,0,0,0,0,17,0,0,0,0,0,0,0,0,0,0,0,0,0,0,0,0,0,0,0,0,0,0,0,0,0,0,0,0,0,0,0,0,0,0,0,0,0,0,0,0,0,0,0,0,0,0,0,0,0,0,0,0,0,0,0,0,0,0,0,0,0,0,0,0,0,0,0,0,0,0,0,28,0,0,0,0,0,0,0,0,0,0,0,0,0,0,0,0,0,0,0,0,0,0,0,0,0,0,0,0,0,0,0,0,0,0,0,0,0,0,0,0,0,0,0,0,0,79,0,0,0,0,0,0,0,0,0,0,0,0,0,0,0,14,0,0,0,0,0,0,0,0,0,0,0,0,0,0,0,0,0,0,0,0,0,0,0,0,0,0,0,0,0,0,0,0,0,0,0,0,0,0,0,0,0,0,0,0,0,0,0,0,0,0,0,0,0,0,0,0,0,0,0,0,0,0,0,0,0,0,0,0,0,0,0,0,0,0,0,0,0,0,0,0,0,0,0,0
"D297",2,15,1,0,0,2,0,1,0,46,0,2,11,2,0,8,18,4,0,0,34,5,0,0,0,0,0,0,0,35,1,0,6,0,11,0,5,47,109,0,31,11,8,0,22,0,0,0,149,0,4,2,5,7,0,0,6,3,0,11,0,0,53,0,0,0,3,0,0,0,34,0,8,0,0,0,0,27,0,2,3,19,2,0,0,0,0,0,0,0,2,15,31,24,0,2,0,0,1,94,2,0,0,0,0,0,0,0,0,0,4,0,0,0,0,0,0,6,2,0,0,0,13,0,0,6,0,0,3,0,0,7,0,7,0,0,0,0,12,5,0,3,2,0,19,0,0,9,4,13,0,0,0,0,4,2,0,4,2,0,0,10,0,0,0,0,0,21,3,0,1,0,0,0,34,0,7,3,0,5,0,0,19,0,16,0,12,0,0,0,9,2,0,10,0,4,0,0,2,0,8,6,11,0,0,19,41,0,0,38,0,0,3,0,2,0,1,0,0,0,15,12,0,0,0,0,0,72,0,0,0,0,0,4,0,0,9,0,3,0,0,25,0,0,3,4,3,0,0,1,0,3,30,4,66,0,0,7,0,0,0,0,7,5,5,57,47,0,1,11,2,13,21,28,96,1,2,0,2,4,17,0,1,0,0,36,2,11,0,0,0,0,7,2,0,0,147,0,14,37,0,0,0,0,3,0,8,0,42,0,1,0,0,5,10,0,0,2,0,1,0,0,0,0,0,2,12,0,0,11,4,0,24,21,46,20,4,0,0,6,0,28,9,7,3,7,0,0,0,0,0,0,0,0,0,0,0,0,2,24,0,0,0,0,5,7,0,0,5,0,0,0,1,0,0,0,12,23,0,0,0,0,15,0,0,14,2,0,0,0,10,12,15,0,9,12,1,0,2,0,0,0,0,0,0,0,0,9,22,0,3,0,0,5,0,0,2,119,0,0,12,8,0,0,0,0,0,0,0,0,10,0,0,0,44,0,0,0,0,10,0,17,0,0,2,2,109,9,0,0,0,7,2,0,59,2,0,4,6,3,0,0,99,0,0,0,6,44,5,3,4,2,0,43,0,0,3,10,0,0,14,0,0,2,40,0,2,0,0,5,0,0,3,4,2,69,0,0,21,0,0,0,42,0,2,6,5,3,4,0,8,20,4,0,0,5,39,0,0,4,3,0,0,0,0,20,0,17,10,0,0,0,2,2
"D298",0,0,0,76,0,0,0,0,0,0,0,0,0,0,0,0,0,0,0,0,0,0,0,0,0,0,0,0,0,0,0,0,0,0,0,0,0,0,0,8,0,0,0,0,0,0,0,0,0,0,0,0,0,0,0,0,0,0,0,0,0,0,0,0,0,0,0,0,0,0,0,0,0,0,0,0,0,0,0,0,0,0,0,0,0,0,0,0,0,0,0,0,0,0,0,0,0,0,0,0,0,0,0,4,0,0,0,0,0,0,0,0,0,0,0,0,0,0,0,0,0,0,0,9,0,0,0,0,0,0,0,0,0,0,0,0,0,0,0,0,0,0,0,0,0,0,0,0,0,0,0,0,0,0,0,0,0,0,0,0,0,0,0,0,0,0,0,0,0,0,0,0,0,0,0,0,0,0,0,0,0,0,0,0,0,0,0,0,0,0,0,0,0,0,0,0,23,0,0,0,0,0,0,0,4,0,0,0,0,0,0,0,0,0,0,0,0,0,0,0,0,0,0,77,0,0,0,0,0,0,0,0,0,0,0,0,0,0,0,0,0,0,0,499,0,0,0,0,0,0,0,0,0,0,0,0,0,0,0,0,0,0,0,0,0,0,0,0,0,0,0,0,0,0,0,0,0,0,0,0,0,0,0,0,0,0,0,0,0,0,0,0,0,0,0,0,0,0,0,0,0,0,0,0,0,0,0,0,0,0,0,0,0,0,0,851,2,0,0,0,0,0,0,0,0,0,0,0,0,0,0,0,0,0,0,0,0,11,0,0,0,0,0,0,0,0,0,0,0,0,0,0,0,0,0,0,0,0,0,0,0,28,0,0,0,0,0,0,0,0,0,0,0,0,0,0,0,0,0,0,0,0,0,0,0,0,0,3518,0,0,0,0,0,0,0,0,0,0,0,0,0,0,0,0,0,0,0,0,0,0,0,0,0,0,0,0,0,0,0,0,0,0,0,0,0,22,0,0,0,0,0,0,0,435,0,0,0,0,0,0,0,0,0,0,0,0,0,0,0,0,0,0,0,0,0,0,0,0,0,0,0,0,0,444,0,0,0,0,0,0,0,0,0,0,0,0,0,0,0,0,0,0,0,0,0,0,0,0,0,0,0,0,0,0,0,0,4,0,0,0,0,0,0,0,0,0,0,0,0,0,0,0,0,0,0,0,0,0,0,0,0,0,0,0,0,0,0,0,0,0,0,0,0,0
"D299",0,0,0,0,0,0,0,0,0,0,0,0,0,0,0,0,0,0,0,0,0,0,0,0,0,0,0,0,0,0,0,0,0,0,0,0,0,0,0,0,0,0,0,0,0,0,0,0,0,0,0,0,0,0,0,0,0,0,0,0,0,0,0,0,0,0,0,0,0,0,0,0,0,0,0,0,0,0,0,0,0,0,0,0,0,0,0,0,0,0,0,0,0,0,0,0,0,0,0,0,0,0,0,0,0,0,0,0,0,0,0,0,0,0,0,0,0,0,0,0,0,0,0,0,0,0,0,0,0,0,0,0,0,0,0,0,0,0,0,0,0,0,0,0,0,0,0,0,0,0,0,0,0,0,0,0,0,0,0,0,0,0,0,0,0,0,0,0,0,0,0,0,0,0,0,0,0,0,0,0,0,0,0,0,0,0,0,0,0,0,0,0,0,0,0,0,0,0,0,0,0,0,0,0,0,0,0,0,0,0,0,0,0,0,0,0,0,0,0,0,0,0,0,0,0,0,0,0,0,0,0,0,0,0,0,0,0,0,0,0,0,0,0,0,0,0,0,0,0,0,0,0,0,0,0,0,0,0,0,0,0,0,0,0,0,0,0,0,0,0,0,0,0,0,0,0,0,0,0,0,0,0,0,0,0,0,0,0,0,0,0,0,0,0,0,0,0,0,0,0,0,0,0,0,0,0,0,0,0,0,0,0,0,0,0,0,0,0,0,0,0,0,0,0,0,0,0,0,0,0,0,0,0,0,0,0,0,0,0,0,0,0,0,0,0,0,0,0,0,0,0,0,0,0,0,0,0,0,0,0,0,0,0,0,0,0,0,0,0,0,0,0,0,0,0,0,0,0,0,0,0,0,0,0,0,0,0,0,0,0,0,0,0,0,0,0,0,0,0,0,0,3894,0,0,0,0,0,0,0,0,0,0,0,0,0,0,0,0,0,0,0,0,0,0,0,0,0,0,0,0,0,0,0,0,0,0,0,0,0,0,0,0,0,0,0,0,0,0,0,0,0,0,0,0,0,0,0,0,0,0,0,0,0,0,0,0,0,0,0,0,0,0,0,0,0,0,0,0,0,0,0,0,0,0,0,0,0,0,0,0,0,0,0,0,0,0,0,0,0,0,0,0,0,0,0,0,0,0,0,0,0,0,0,0,0,0,0,0,0,0,0,0,0,0,0,0,0,0,0,0,0,0,14836,0
"D300",0,0,0,0,0,0,1467,0,0,0,0,0,0,0,0,0,0,0,22,0,0,0,0,0,0,0,0,0,0,0,0,0,0,0,0,0,0,0,0,0,0,0,0,0,0,0,0,0,0,0,3,0,0,0,0,0,0,0,0,0,0,0,0,0,0,0,0,0,0,0,0,0,0,0,0,7,0,0,0,0,0,0,0,0,0,0,0,0,0,0,0,0,0,0,0,0,0,0,0,0,0,0,0,0,0,0,261,0,0,0,0,0,0,0,0,0,0,0,0,0,0,0,0,0,0,0,18,0,0,0,0,0,0,0,0,93,0,0,0,0,0,0,0,0,0,0,0,0,0,0,0,0,0,0,0,0,0,0,0,0,0,0,0,0,0,0,0,0,0,0,0,0,0,0,0,0,0,0,0,0,0,0,0,0,0,0,0,0,0,0,0,0,0,0,0,0,0,0,0,0,0,0,0,0,0,0,0,0,0,0,0,0,0,0,0,0,0,0,0,0,0,0,0,0,0,252,0,0,0,1,0,0,2505,0,0,0,0,0,0,0,0,0,0,0,0,0,0,0,0,0,0,0,0,0,0,0,0,0,0,0,0,0,0,0,0,0,0,0,0,0,0,0,0,0,0,0,0,0,0,0,0,0,0,0,0,0,0,0,0,0,0,0,0,0,6,0,0,0,0,0,0,0,0,0,0,213,0,0,0,0,0,0,0,0,0,0,0,0,0,0,254,0,0,0,0,0,0,0,0,0,0,0,0,0,0,0,0,0,16,0,0,0,0,0,0,0,0,0,0,0,0,0,0,0,0,0,0,0,0,0,0,0,0,0,0,0,0,0,0,0,0,0,0,0,0,0,0,0,0,0,0,0,0,0,0,0,0,0,0,0,0,0,0,0,0,0,0,0,0,0,0,846,332,0,0,0,0,0,0,0,0,0,0,107,0,0,0,0,15,0,0,0,0,0,0,0,0,0,0,0,0,0,0,0,0,0,0,0,0,0,0,0,0,0,0,0,0,0,0,0,0,0,0,0,0,0,0,0,0,0,0,0,0,402,0,0,0,0,0,0,0,0,0,0,0,0,0,0,12,0,0,0,0,0,0,0,0,0,0,0,0,0,0,0,0,0,0,0,0,0,0,0,0,0,0,0,0,0,0,0,0,416,0,0,0,0,0,0,0,0,0,0,0,0,0,0,0,0,0,0,0,0,21,0
"D301",0,0,0,0,0,0,0,0,0,0,0,0,6,0,0,0,0,0,5,0,0,0,0,0,0,0,0,0,0,0,42,19358,0,0,0,0,0,0,0,0,0,0,0,0,0,0,0,0,0,0,0,0,0,0,0,0,0,0,0,0,0,0,0,0,0,0,0,0,0,0,0,0,0,0,0,0,2,0,55,0,0,0,0,0,0,0,0,0,0,0,0,0,5,0,141,0,0,0,0,0,0,0,0,0,0,0,0,0,0,0,0,0,0,0,0,0,0,0,0,0,0,0,0,0,23,0,0,0,0,0,0,0,4,0,0,0,0,0,0,0,0,0,0,0,5,1,0,0,0,0,0,0,0,0,0,0,0,0,0,0,0,0,0,0,83,0,0,0,0,0,0,0,0,0,0,0,0,0,0,0,0,2,0,0,0,0,0,0,0,0,0,0,0,0,0,0,0,0,0,0,0,0,0,0,0,0,0,0,0,0,0,0,0,0,0,0,0,0,0,0,0,0,0,0,0,0,0,0,5,0,0,0,0,0,0,0,0,0,0,3,0,0,5,0,0,0,0,0,0,0,0,0,0,0,0,0,0,0,0,0,13,0,5,0,0,0,0,0,0,0,0,94,0,0,0,0,0,0,0,0,9,0,0,0,0,0,0,0,0,0,0,0,0,0,0,0,0,0,0,0,0,0,264,0,0,0,0,0,0,0,0,0,0,0,0,0,0,0,0,4,0,0,0,0,0,0,0,0,0,0,0,0,0,0,0,0,0,4,0,1,4,0,0,0,0,0,0,0,0,0,0,0,0,0,0,0,11,0,0,0,0,0,0,0,6,0,0,1560,0,0,0,0,0,0,0,0,0,0,0,0,0,616,0,0,0,0,372,0,0,0,0,0,0,108,0,0,0,16,0,3,19,0,0,0,0,18,0,0,0,0,0,0,0,15,0,0,0,0,0,0,0,0,234,1986,0,0,0,0,0,0,0,9,0,0,0,0,0,9,0,20,0,0,0,9,0,0,4,0,0,0,0,0,0,0,0,0,0,0,0,0,0,8,0,0,0,0,0,0,0,0,0,0,0,0,0,0,0,0,0,0,0,0,1,0,8,79,0,0,0,0,125,272,0,0,0,0,0,0,0,0,0,0,0,4,14,0,0,0,0,6,0,0,0,0,0,0,0,0,0,0,0,0,123,0,6,0,0,2,0,0,2,0,0,0
"D302",0,0,0,0,0,0,0,0,0,0,0,0,0,0,0,0,0,0,0,0,0,0,0,0,0,0,0,0,0,0,0,0,0,0,0,0,0,0,45,0,0,0,0,303,0,0,0,0,0,0,0,0,0,0,0,0,0,59,0,0,0,0,0,0,0,0,0,0,0,0,2,0,0,0,0,0,0,0,0,0,0,0,1,0,0,0,0,0,0,0,0,0,0,0,0,0,0,0,0,0,0,0,0,0,0,0,0,0,0,0,0,0,0,0,0,13,0,0,0,0,0,0,0,0,0,0,0,0,0,0,0,0,0,0,0,0,0,0,0,0,0,0,0,0,0,0,0,0,0,0,0,0,0,0,0,0,0,0,0,0,0,0,0,0,0,0,0,0,0,0,0,0,0,0,0,0,0,0,0,0,0,0,0,0,0,0,0,0,0,0,0,0,0,0,0,0,0,0,0,0,0,0,0,0,0,0,0,0,0,0,0,0,0,0,0,0,173,0,0,0,0,0,2,0,0,0,0,0,0,0,0,0,0,0,0,0,0,0,0,0,0,0,0,0,0,0,0,0,0,0,0,0,0,0,3,0,0,0,0,0,0,0,0,0,0,0,0,0,0,0,0,352,0,0,0,0,0,0,0,0,0,0,0,0,0,0,0,0,0,0,0,0,0,0,0,0,0,0,634,0,0,0,0,0,0,0,0,0,0,0,65,0,0,0,195,0,0,0,0,0,0,0,0,0,0,0,0,0,0,0,0,7,0,0,0,4,0,0,0,0,0,0,0,0,0,0,0,0,0,0,0,40,0,0,0,0,0,0,0,0,0,0,0,0,0,0,0,0,0,0,0,0,0,0,0,0,0,0,0,2,0,0,3,0,0,0,0,0,0,0,0,0,0,0,0,0,104,0,0,0,0,0,48,0,0,0,0,0,0,0,0,0,0,0,0,0,0,0,0,0,0,0,0,0,0,0,0,0,0,0,0,0,0,0,0,0,68,0,0,0,0,0,0,0,0,0,0,0,0,0,0,0,0,0,0,0,0,0,0,0,0,0,0,0,0,0,0,0,0,0,2,0,0,0,0,0,0,0,0,0,0,0,0,0,0,0,0,0,0,0,0,0,0,0,0,0,0,0,0,0,0,0,0,0,0,0,0,0,79,0,0,0,0,0,0,0,341,0,0,0,0,0,0,0,0,0,3,2,0,0,0,0,0,0
"D303",0,0,0,834,0,3,0,0,6,0,0,0,0,0,0,0,0,0,3,0,3,0,0,101,0,0,80,0,0,0,0,0,3,0,0,0,0,0,0,0,0,0,0,0,0,0,0,0,15,0,2,0,0,0,0,0,0,0,5,0,17,0,0,0,0,0,0,0,29,0,0,0,0,0,3,0,0,0,0,0,0,0,0,0,0,0,0,0,0,0,0,0,0,0,0,0,344,0,0,0,0,0,5029,79,0,0,6,904,483,0,0,0,0,0,0,0,0,0,0,407,0,0,0,29,0,0,9,45,0,0,0,0,0,0,11,0,0,0,0,0,1,0,0,508,0,0,0,0,0,6,0,0,4,0,12,0,6851,0,0,0,0,0,3,0,0,0,0,7,0,0,0,0,0,0,0,0,0,0,0,0,0,0,0,53,0,0,0,0,0,0,0,0,0,0,0,0,117,115,0,0,0,0,0,0,5,0,0,0,0,0,0,0,0,0,0,0,0,0,0,0,0,2,0,3,0,0,0,0,0,0,0,0,0,0,3414,24,0,34,0,0,0,0,0,0,0,0,0,0,0,0,0,0,0,0,0,0,0,0,0,0,3,0,0,0,0,0,0,0,0,0,0,0,0,0,0,2,0,2,0,1,0,0,0,0,83,0,0,0,0,0,0,0,0,0,0,0,0,0,25,0,0,0,0,0,0,0,0,0,0,0,140,0,0,0,0,0,301,0,0,0,0,0,0,0,0,0,0,0,0,0,0,0,0,0,0,0,0,0,0,0,0,0,0,0,0,0,0,23,0,0,0,0,0,0,0,0,0,0,0,0,4,986,117,0,0,0,42,0,0,0,6,0,0,0,0,0,0,0,0,0,0,0,0,0,0,0,0,0,0,0,0,0,0,0,0,0,0,0,2,0,0,7,1047,707,0,0,0,0,0,0,0,14,0,10,3,0,0,0,0,2,0,0,0,0,0,0,283,0,0,0,0,0,0,0,0,0,0,0,6,0,0,0,6,0,0,8,0,0,0,0,0,0,0,0,0,0,0,0,0,0,0,0,0,217,430,6,0,0,0,0,0,0,0,0,27,0,0,0,2,0,0,0,0,0,0,0,0,0,0,0,0,2,0,0,0,0,266,0,0,0,4,0,0,0,6,0,0,0,0,0,0,0,0,0,0,0,0,0,0,0,0,299,0,0,0,0,0,0,0,3,0,0,24,0
"D304",3,0,0,7,2,0,0,0,0,0,0,0,0,0,0,0,0,0,294,0,0,0,0,2,0,0,0,0,0,0,0,0,0,0,0,0,0,0,0,21,0,0,0,60,0,0,9066,0,0,0,0,0,0,0,0,0,0,0,0,0,3,0,0,3,0,0,0,0,0,0,0,0,0,0,40,0,0,0,0,0,0,0,0,0,0,0,0,0,0,0,0,0,0,0,0,0,25,0,0,0,0,0,243,71,0,0,3,24,0,0,0,0,0,0,0,0,0,0,0,6,0,0,0,4,0,0,87,5,0,0,0,0,0,0,0,108,0,0,0,0,0,0,0,19,0,0,0,0,0,0,0,0,0,0,12,0,50,0,0,0,0,0,0,0,0,0,0,0,0,0,0,0,0,26,0,0,0,0,0,0,0,0,0,0,0,0,0,0,0,0,0,0,0,0,0,0,135,7,0,0,0,0,0,0,2,0,0,0,0,0,0,0,0,0,0,0,30794,0,0,0,0,0,0,0,0,69,0,0,0,0,0,0,0,0,89,0,0,101,0,0,0,0,0,3,0,0,0,41,0,0,0,0,0,0,0,64,11,0,0,0,0,0,0,0,0,0,0,0,0,0,0,1011,0,0,0,0,0,41,0,0,0,0,0,0,5,0,0,0,52,0,0,3,0,0,0,0,0,0,2793,0,0,0,0,0,0,34,0,9,0,0,0,0,0,0,0,0,0,0,0,0,26,0,0,0,0,0,0,0,30,5,0,0,0,0,0,0,0,40,219,0,0,0,0,0,0,0,0,0,0,0,0,0,0,0,0,0,0,0,0,0,0,2,0,0,0,0,0,0,0,0,0,0,0,0,0,0,0,0,0,0,0,0,0,0,0,0,0,0,0,3,0,0,0,0,0,0,0,0,0,0,0,0,528,3,0,0,0,0,0,12,0,0,0,26,2,0,0,0,0,2,0,2,0,0,0,29,7,0,2,0,0,0,0,0,0,0,147,0,2,0,0,0,0,0,7,0,0,0,0,0,0,0,0,0,0,0,0,0,0,0,0,0,0,0,5,0,0,0,0,0,0,0,0,0,5,0,0,0,2,0,0,0,0,0,0,0,0,0,0,15,0,0,0,0,0,0,4,0,0,0,0,0,0,326,0,0,0,0,0,0,0,7,0,0,0,0,0,0,0,0,0,3,0,0,0,0,0,0,0,0,0,0,329,0
"D305",0,0,0,0,0,0,0,0,0,0,0,0,0,0,0,0,0,0,0,0,0,0,0,688,0,0,11,0,0,0,0,0,0,0,0,0,0,0,0,15,0,0,0,0,0,0,0,0,0,0,0,0,0,0,0,0,0,0,0,0,0,0,0,0,0,0,0,0,4,0,0,0,0,0,0,0,0,0,0,0,0,0,0,0,0,0,0,0,0,0,0,0,0,0,0,0,30,0,0,0,0,0,0,0,0,0,0,1267,0,0,0,0,0,0,0,0,0,0,0,0,0,0,0,0,0,0,0,14,0,0,0,0,0,0,0,0,0,0,0,0,0,0,0,0,0,0,0,0,0,0,0,0,0,0,0,0,0,0,0,0,0,0,0,0,0,0,0,0,0,0,0,0,0,0,0,0,0,0,0,0,0,0,0,10,0,0,0,0,0,0,0,0,0,0,0,0,29,89,0,0,0,0,0,0,0,0,0,0,0,0,0,0,0,0,0,0,0,0,0,0,0,0,0,0,0,0,0,0,0,0,0,0,0,0,556,695,0,0,0,0,0,0,0,0,0,0,0,0,0,0,0,0,0,0,0,0,0,0,0,0,0,0,0,0,0,0,0,0,0,0,0,0,0,0,0,0,0,0,0,0,0,0,0,0,1233,0,0,0,0,0,0,0,0,0,0,0,0,0,0,0,0,0,0,0,0,0,0,0,0,0,0,0,0,0,0,0,31,0,0,0,0,0,0,0,0,0,0,0,0,0,0,0,0,0,0,0,0,0,0,0,0,0,0,0,0,0,0,9,0,0,0,0,0,0,0,0,0,0,0,0,0,0,485,0,0,0,25,0,0,0,25,0,0,42,0,0,0,0,0,0,0,0,0,0,0,0,0,0,0,0,0,0,0,0,0,0,0,0,0,0,0,0,0,6,0,0,0,0,0,0,0,213,0,0,0,0,0,0,0,0,0,0,0,0,0,0,418,0,0,0,0,0,0,0,0,0,0,0,0,0,0,0,26,0,133,0,0,0,0,0,0,0,0,0,0,0,0,0,0,0,0,0,0,0,0,0,0,0,0,0,0,0,0,0,322,0,0,0,0,0,0,0,0,0,0,0,0,0,0,0,0,0,0,0,0,0,178,0,0,0,0,0,0,0,0,0,0,0,0,0,0,0,0,0,0,0,0,0,0,0,0,0,0,0,0,0,0,0,0,0,0,0,0,0
"D306",0,0,0,0,0,0,0,0,0,0,0,0,0,0,0,0,0,0,0,0,0,0,0,0,0,0,0,0,0,118,0,166,0,0,0,0,0,0,0,0,0,0,0,0,0,0,0,49,0,0,0,0,0,0,0,0,0,0,0,0,0,0,0,0,0,0,0,0,0,0,0,0,0,681,0,0,0,0,34,86,0,0,0,0,0,0,0,0,0,0,0,0,0,0,0,224,0,0,0,0,0,0,0,0,0,0,0,0,0,0,0,0,0,129,1392,0,0,0,0,0,0,0,0,0,0,0,0,0,0,0,0,0,0,0,0,0,0,0,154,0,0,0,0,0,0,0,0,0,0,0,0,0,0,0,0,0,0,0,0,0,156,0,0,0,0,0,0,37,0,0,0,155,0,0,0,0,0,0,0,0,0,0,0,0,0,0,0,0,0,0,0,0,0,0,0,0,0,0,0,0,0,0,0,0,0,0,0,0,0,0,0,0,0,100,0,0,0,0,0,0,0,0,0,0,0,0,0,0,0,0,0,18,0,0,0,0,0,0,0,0,0,0,0,0,0,0,0,0,0,0,0,0,0,0,0,0,0,0,0,0,0,0,0,0,0,0,0,88,0,0,0,1648,0,0,0,129,0,0,0,0,0,0,0,0,0,0,0,0,0,0,0,0,0,0,0,0,0,0,0,0,0,0,303,392,32,0,0,0,0,0,0,0,442,0,0,0,0,0,0,54,0,95,0,0,0,0,0,0,0,0,0,0,0,0,0,0,0,0,127,0,118,0,0,0,0,0,0,0,0,0,0,645,49,0,0,0,0,0,0,0,0,0,0,0,0,0,0,665,0,0,0,0,0,0,0,0,0,0,0,0,0,0,0,0,0,0,0,0,0,0,0,0,0,175,0,0,0,0,0,0,0,0,1,0,334,0,0,0,0,0,0,0,0,0,0,0,0,0,0,0,342,0,187,483,155,0,0,0,0,0,0,0,0,0,0,0,0,0,0,0,0,0,0,0,0,0,0,0,0,0,0,0,0,0,0,0,77,0,0,0,0,205,0,0,0,0,0,0,0,0,0,0,0,0,0,0,0,0,0,421,0,0,0,0,0,84,0,0,0,0,228,0,0,0,0,0,0,0,0,0,0,0,0,17,0,0,0,0,0,0,0,0,0,0,0,0,0,0,0,0,0,0,0,684,0,0,0,0,0,0,0,0,0,0
"D307",2,20,0,0,0,0,0,27,0,0,0,0,0,0,0,2,0,0,0,0,0,21,0,0,0,0,0,0,0,21,0,0,55,0,0,0,14,0,0,0,22,47,0,0,0,0,0,0,189,35,14,0,0,90,0,0,0,0,0,0,0,0,0,0,0,0,0,0,0,0,0,0,0,0,35,0,0,0,0,0,0,129,0,5,0,0,17,0,0,0,0,0,36,0,0,2,0,0,0,847,0,0,0,0,0,0,0,0,0,0,0,0,0,0,0,0,0,0,0,0,0,0,0,0,2,0,0,0,0,3,0,106,0,2,0,0,0,8,3,14,7,0,0,0,0,0,0,0,0,0,0,0,10,5,11,11,2,0,0,0,0,0,48,0,163,0,0,41,7,61,180,0,0,0,0,1,0,0,0,0,0,2,5,0,0,613,0,1,0,0,0,4,0,4,0,1,0,0,6,2,0,0,0,1,0,0,0,3,0,87,8,0,0,0,0,3,0,0,0,21,0,50,4,0,0,0,0,0,0,0,0,0,0,0,0,0,0,0,1,7,0,29,0,0,0,0,0,0,46,0,0,0,0,91,1,0,0,0,0,9,0,0,0,104,0,0,0,0,0,0,0,0,0,0,0,0,4,0,0,215,49,0,0,38,0,56,0,1,0,0,0,0,0,16,0,0,4,0,0,0,0,1,0,10,0,0,0,31,0,0,0,0,0,0,0,0,0,0,0,0,0,25,0,0,0,0,2,353,0,1,12,3,0,167,0,0,0,0,0,3,0,22,28,215,0,0,0,0,0,0,18,0,0,0,6,0,5,0,2,0,2,0,0,1,0,0,0,0,0,0,0,0,0,0,0,0,0,0,0,0,3,0,0,0,0,0,0,0,0,0,8,0,0,0,0,0,0,0,0,5,0,0,0,0,0,0,0,0,0,0,0,0,0,0,0,0,0,0,0,0,168,0,0,0,0,0,0,0,0,2,0,0,0,0,111,0,0,0,0,15,0,0,0,0,0,82,9,0,2,0,0,47,0,0,150,0,0,0,2,0,2,0,0,0,0,0,0,0,16,0,0,3,11,0,0,0,0,0,13,2,0,0,0,4,0,0,0,0,0,0,0,0,0,1,0,107,0,0,332,0,0,3,12,0,0,0,0,0,0,0,0,5,0,0,0,86,0,0,0,0,24,0,0,0,0,0,0,34,0,0,2,0,0,629
"D308",11,31,17,0,0,13,3,16,2,0,0,3,0,0,0,7,0,0,0,0,0,0,0,0,0,0,0,0,0,10,0,0,33,0,0,0,10,0,6,0,0,0,0,0,0,1,0,0,87,13,9,2,0,85,0,0,0,2,0,45,0,0,0,9,0,3,6,0,0,0,8,202,8,0,0,0,0,0,0,0,4,110,0,0,4,0,0,10,0,3,0,3,25,0,0,0,0,0,2,51,0,0,0,0,8,0,0,0,0,0,4,0,0,2,0,0,3,0,0,0,4,0,18,0,0,0,0,0,0,5,13,0,1,6,0,0,2,37,73,2,21,10,0,0,0,0,4,0,0,0,3,0,0,15,9,10,0,4,0,0,0,0,13,2,0,0,11,0,3,4,0,0,0,0,4,0,0,0,0,21,1,0,0,0,0,72,0,0,0,0,6,3,0,8,0,0,0,0,2,0,0,29,2,2,0,0,0,21,3,146,0,2,0,0,0,2,0,0,0,3,0,20,0,0,0,0,0,3,0,0,45,0,0,1,0,0,0,0,3,33,0,2,0,0,2,3,0,14,7,9,0,0,0,42,19,0,7,0,0,6,4,0,0,2,0,0,0,0,2,0,0,20,8,0,4,0,7,0,0,13,57,1,17,5,0,82,28,5,0,0,0,0,0,6,0,0,28,2,14,0,0,11,0,16,0,0,0,33,46,4,0,0,0,22,18,0,0,0,14,0,2,2,9,0,0,27,1,0,5,4,12,3,0,20,0,11,0,0,0,2,0,33,0,249,8,0,0,0,0,0,0,0,0,0,5,0,0,0,18,23,0,0,0,90,0,0,0,0,0,2,0,0,11,0,5,0,0,0,1,0,0,0,0,2,0,0,2,0,0,8,0,0,0,0,0,0,0,0,0,5,0,0,0,0,0,2,0,0,3,0,0,0,0,19,9,3,0,102,0,0,4,0,0,0,0,0,0,0,0,22,0,0,11,0,0,2,0,8,0,0,0,0,0,0,0,0,19,0,0,0,2,10,0,0,18,0,0,0,3,0,11,0,2,0,0,0,2,97,31,11,0,5,5,0,0,2,14,101,0,0,46,0,0,24,17,0,0,2,2,0,0,0,0,0,9,22,0,0,50,0,0,12,15,0,2,2,0,12,0,0,0,78,7,0,0,22,0,5,0,0,15,0,0,0,0,1,0,22,1,0,5,0,0,50
"D309",0,0,0,0,0,0,0,0,0,0,0,0,0,0,0,0,0,0,0,0,0,0,0,0,0,0,0,0,0,0,0,0,0,0,0,0,0,0,0,0,0,0,0,0,0,0,0,0,0,0,0,0,0,0,0,0,0,0,0,0,0,0,0,0,0,0,0,0,0,0,0,0,0,0,0,0,0,0,0,0,0,0,0,0,0,0,0,0,0,0,0,0,0,0,0,0,0,0,0,0,0,0,0,0,0,0,0,0,0,0,0,0,0,0,0,0,0,0,0,0,0,0,0,0,0,0,0,0,0,0,0,0,0,0,0,0,0,0,0,0,0,0,0,0,0,0,0,0,0,0,0,0,0,0,0,0,0,0,0,0,0,0,0,0,0,0,0,0,0,0,0,0,0,0,0,0,0,0,0,0,0,0,0,0,0,0,0,0,0,0,0,0,0,0,0,0,5,0,0,0,0,0,0,0,15,0,0,0,0,0,0,0,0,0,0,0,0,0,0,0,0,0,0,79,0,0,0,0,0,0,0,0,0,0,0,0,0,0,0,0,0,0,0,2665,0,0,0,0,0,0,0,0,0,0,0,0,0,0,0,0,0,0,0,0,0,0,0,0,0,0,0,0,0,0,0,0,0,0,0,0,0,0,0,0,0,0,0,0,0,0,0,0,0,0,0,0,0,0,0,0,0,0,0,0,0,0,0,0,0,0,0,0,0,0,0,1657,0,0,0,0,0,0,0,0,0,0,0,0,0,0,0,0,0,0,0,0,0,0,0,0,0,0,0,0,0,0,0,0,0,0,0,0,0,0,0,0,0,0,0,0,0,0,0,0,0,0,0,0,0,0,0,0,0,0,0,0,0,0,0,0,0,0,0,0,0,0,0,4263,0,0,0,0,0,0,0,0,0,0,0,0,0,0,19,0,0,0,0,0,0,0,0,0,0,0,0,0,0,0,0,0,0,0,0,0,0,0,0,0,0,0,0,0,0,226,0,0,0,0,0,0,0,0,0,0,0,0,0,0,0,0,0,0,0,0,0,0,0,0,0,0,0,0,0,62,0,0,0,0,0,0,0,0,0,0,0,0,0,0,0,0,0,0,0,0,0,0,0,0,0,0,0,0,0,0,0,0,0,0,0,0,0,0,0,0,0,0,0,0,0,0,0,0,0,0,0,0,0,0,0,0,0,0,0,0,0,0,0,0,0,0,0,0,0,0
"D310",0,0,0,0,0,0,0,0,0,0,0,0,0,0,0,0,0,0,0,0,0,0,0,4352,0,0,0,0,0,0,0,0,0,0,0,0,0,0,0,4197,0,0,0,0,0,0,2,0,0,0,0,0,0,0,0,0,0,0,0,0,0,0,0,0,0,0,0,0,16,0,0,0,0,0,0,0,0,0,0,0,0,0,0,0,0,0,0,0,0,0,0,0,0,0,0,0,2704,0,0,0,0,0,0,0,0,0,0,2910,0,0,0,0,0,0,0,0,0,0,0,60,0,0,0,0,0,0,0,2454,0,0,0,0,0,0,0,0,0,0,0,0,0,0,0,0,0,0,0,0,0,0,0,0,7,0,0,0,0,0,0,0,0,0,0,0,0,0,0,0,0,0,0,0,0,0,0,0,0,0,0,0,0,0,0,34,0,0,0,0,0,0,0,0,0,0,0,0,889,763,0,0,0,0,0,0,0,0,0,0,0,0,0,0,0,0,0,0,0,0,0,0,0,0,0,0,0,0,0,0,0,0,0,0,0,0,5084,616,0,0,0,0,0,0,0,0,0,0,0,0,0,0,0,0,0,0,0,0,0,0,0,0,0,0,0,0,0,0,0,0,0,0,0,0,0,0,0,0,0,0,0,0,0,0,0,0,2980,0,0,0,0,0,0,0,0,0,0,0,0,0,0,0,0,0,0,0,0,0,0,0,0,0,0,0,0,0,0,0,1187,0,0,0,0,0,0,0,0,0,0,0,0,0,0,0,0,0,0,0,0,0,0,0,0,0,0,0,0,0,0,67,0,0,0,0,0,0,0,0,0,0,0,0,0,0,4541,0,0,0,54,0,0,0,425,0,0,46,0,0,0,0,0,0,0,0,0,0,0,0,0,0,0,0,0,0,0,0,0,0,0,0,0,0,0,0,0,135,0,0,0,0,0,0,0,0,0,0,0,0,0,0,0,0,0,0,0,0,0,0,9200,0,0,0,0,0,0,0,0,0,0,0,0,0,0,0,195,0,1090,0,0,0,0,0,0,0,0,0,0,0,0,0,0,0,0,0,0,0,0,0,0,0,0,0,0,0,0,0,0,0,0,0,0,0,0,0,0,0,0,0,0,0,0,0,0,0,0,0,0,0,3989,0,0,0,0,0,0,0,0,0,0,0,0,0,0,0,0,0,0,0,0,0,0,0,0,41,0,0,0,0,0,0,0,0,0,0,0,0
"D311",0,0,0,0,0,0,0,0,78,0,0,0,0,0,0,0,3,0,5,0,0,0,0,0,0,0,0,0,0,0,0,470,0,0,0,18,0,0,0,0,0,2,0,0,0,0,0,0,0,0,0,0,0,0,0,0,0,0,0,2,0,76,0,0,0,0,0,0,0,3,0,3,0,391,0,0,0,0,69,1,0,0,0,2,0,0,44,0,4,0,0,0,0,0,1164,0,0,0,0,0,0,0,0,0,0,0,0,0,0,9,0,0,0,0,322,0,0,0,17,0,0,0,0,0,122,0,0,0,0,0,0,2,3,0,0,0,0,0,0,0,0,0,0,14,11,0,0,0,0,0,0,0,0,0,0,0,0,0,0,0,22,0,0,0,0,37,0,0,0,0,0,2,867,0,0,0,2,5,0,0,0,52,0,0,0,0,0,0,0,0,0,0,0,0,0,0,0,0,0,0,0,0,0,0,0,0,0,0,0,0,0,0,0,4,0,38,3,0,0,0,0,0,0,0,103,0,0,0,0,0,0,1,0,0,0,0,0,2,0,0,0,0,0,0,0,0,0,0,0,0,4,0,0,0,0,0,0,0,0,0,2,92,0,1,0,0,3,0,0,0,0,1,0,2,0,0,0,0,2,0,0,0,0,0,0,0,0,0,0,0,0,0,0,0,0,0,0,0,5,0,0,0,215,0,27,3,0,0,0,6,0,0,135,0,0,0,0,0,2,0,0,2,0,0,0,0,0,84,0,0,0,0,0,0,0,0,0,0,0,5,47,0,4,0,0,0,0,0,0,17,0,186,10,3,0,0,3,0,0,0,0,0,0,0,0,0,0,436,0,0,0,0,0,0,0,2,0,0,0,0,0,1482,0,0,52,0,0,0,0,0,0,0,0,64,0,0,0,27,0,0,0,47,0,0,71,0,0,0,0,0,0,0,0,0,0,0,0,0,0,0,65,0,2293,679,5,0,0,0,3,0,0,7,0,0,0,0,0,2,0,0,80,0,0,139,0,0,0,0,0,0,0,3,0,0,0,0,34,0,0,0,0,2,0,0,0,0,0,0,0,0,0,0,0,0,0,0,0,0,0,615,0,0,0,2,0,378,0,0,0,0,346,0,0,0,0,0,0,0,0,0,0,0,0,0,4,0,0,0,0,0,0,0,0,0,0,0,0,0,0,0,0,0,11182,12,2,0,0,0,0,0,0,0,0,0
"D312",0,0,0,0,0,0,0,0,0,0,0,0,0,0,0,0,0,0,0,0,0,0,0,0,0,0,0,0,0,0,0,0,0,0,0,0,0,0,0,0,0,0,0,0,0,0,0,0,0,0,0,0,0,0,0,0,0,0,0,0,0,0,0,0,0,0,0,0,0,0,0,0,0,0,0,0,0,0,0,0,0,0,0,0,0,0,0,0,0,0,0,0,0,0,0,0,0,6,0,0,0,0,0,0,0,0,0,0,0,0,0,0,0,0,0,0,0,0,0,0,0,0,0,0,0,0,0,0,0,0,0,0,0,0,0,0,0,0,0,0,0,0,0,0,0,0,0,0,0,0,0,0,0,0,0,0,0,0,0,0,0,0,0,0,0,0,0,0,0,0,0,0,0,0,0,0,0,0,0,0,0,0,0,0,0,0,0,0,0,0,0,0,0,0,0,0,0,0,0,0,0,0,0,0,257,0,0,0,0,0,0,0,0,0,0,0,6,0,0,0,0,0,0,0,0,0,0,0,0,0,0,0,0,0,0,0,0,4,0,0,0,0,0,0,0,0,0,0,0,0,0,0,0,0,0,0,0,0,0,0,0,0,0,0,0,0,0,0,0,0,0,0,0,0,0,0,0,0,0,0,0,0,0,0,0,0,0,0,0,113,0,0,0,0,0,0,0,0,0,0,0,0,0,0,0,0,0,0,0,0,0,0,0,0,0,0,0,0,0,0,0,0,0,0,0,0,0,0,0,0,0,0,0,0,0,0,0,0,0,0,0,0,0,0,0,0,0,0,0,0,0,0,0,0,0,0,0,0,0,0,0,0,0,0,0,0,0,0,0,0,0,0,0,0,0,0,0,0,0,0,0,0,0,0,0,0,0,0,0,0,0,0,0,0,0,0,0,0,0,0,0,0,0,0,0,0,0,0,0,0,0,0,0,0,0,0,0,0,0,0,0,0,0,0,0,0,0,0,0,0,0,0,0,69,0,0,0,0,0,0,0,0,0,0,0,0,0,0,0,252,0,0,0,0,0,0,0,0,0,0,0,0,0,0,0,0,0,0,0,0,0,0,0,0,0,0,0,0,0,0,0,0,0,0,0,0,0,0,0,0,0,0,0,0,0,0,0,5928,0,0,0,0,0,0,0,0,0,0,0,0,0,0,0,0,0,0,0,0,0,0,0,0,0,0,0,0,0,0,0,0,0,0,0,0
"D313",3,19,2,0,8,0,0,0,0,11,0,4,0,0,0,8,0,0,0,0,2,4,2,0,1,8,0,4,5,5,0,0,0,0,0,0,2,4,17,0,51,0,10,0,6,5,0,0,18,0,0,0,0,0,0,0,44,21,0,2,0,0,0,0,1,0,5,9,0,0,20,0,0,0,0,0,0,0,0,0,0,7,0,0,0,0,0,0,0,0,0,52,0,0,0,0,0,2,0,40,0,0,1,0,5,12,4,0,0,0,0,0,14,0,0,0,2,14,0,0,2,0,17,0,0,5,0,0,0,0,29,0,0,6,0,1,3,1,4,10,0,0,2,0,0,1,0,0,2,0,0,0,0,2,0,0,0,0,0,0,0,0,3,0,3,0,0,1,6,0,0,0,0,0,0,1,0,0,29,0,0,0,9,0,28,0,2,5,0,0,6,0,2,43,0,0,0,0,1,0,0,0,0,0,0,0,217,25,0,10,0,0,0,0,0,0,0,0,0,7,32,1,0,0,0,0,0,0,0,3,0,0,0,0,0,0,1,2,17,0,0,0,0,0,0,2,69,0,0,0,0,2,4,0,105,0,1,0,3,0,0,0,0,0,16,3,0,0,0,4,0,35,2,0,7,1,0,0,0,19,2,0,0,1,0,3,0,4,0,0,0,0,0,4,0,0,0,7,1,2,0,16,0,0,0,0,11,0,0,0,0,3,0,0,12,0,0,0,0,0,0,4,0,1,0,0,13,0,5,9,0,0,0,0,0,1,0,0,0,0,6,103,0,5,0,0,0,0,3,0,0,0,0,0,0,0,0,2,5,52,0,0,0,8,0,0,0,0,0,8,0,0,0,0,0,0,3,22,0,0,0,0,13,16,0,2,0,0,0,0,2,0,0,0,2,4,0,0,14,0,0,0,0,0,0,0,6,0,3,0,0,0,0,10,2,2,0,3,0,0,3,0,0,0,0,0,0,0,1,0,12,9,0,0,2,0,0,0,0,3,0,22,0,0,0,0,177,26,1,0,0,2,4,0,2,0,0,28,9,21,3,0,69,0,0,14,5,3,60,12,0,4,0,42,0,0,68,2,0,0,0,2,3,0,12,0,0,0,0,0,0,0,0,0,5,5,0,0,6,0,0,0,26,0,9,0,0,13,9,0,0,31,0,3,0,0,9,0,0,5,8,0,0,0,0,0,0,65,0,0,0,2,7,3
"D314",0,0,0,0,0,0,0,0,0,0,0,0,0,0,0,0,0,0,0,0,0,0,0,0,0,0,0,0,0,0,0,2,0,0,0,0,0,0,0,0,0,0,0,0,0,0,0,47,0,0,0,0,0,0,0,0,0,0,0,0,0,0,0,0,677,0,0,0,0,0,0,0,0,0,0,0,0,0,0,0,0,0,0,0,0,0,0,0,0,0,0,0,0,0,0,0,0,0,0,0,0,0,0,0,0,0,0,0,0,0,0,0,0,0,0,0,0,0,0,0,0,0,0,0,0,0,0,0,0,0,0,0,0,0,0,0,0,0,0,0,0,0,0,0,0,0,0,0,0,0,0,0,0,0,0,0,0,0,0,0,0,0,39,0,0,0,0,0,0,0,0,0,0,0,0,0,0,0,0,0,0,0,0,0,0,0,0,0,0,0,0,0,0,0,2,0,0,0,0,0,0,0,0,0,0,0,0,0,0,0,0,0,0,0,0,0,10,0,0,0,0,0,0,0,0,0,0,0,0,0,0,0,12,0,0,0,0,0,0,0,0,0,0,0,0,0,0,0,0,0,0,0,0,0,0,0,0,0,0,0,0,0,0,0,0,0,0,0,0,0,0,0,0,0,0,0,0,0,0,0,0,0,0,0,0,0,0,0,0,0,0,0,0,0,0,0,0,0,0,0,0,0,0,0,0,0,0,0,0,0,286,0,0,0,0,0,0,0,0,0,0,0,0,0,0,0,0,0,0,0,0,0,0,0,0,0,0,0,0,0,0,0,0,0,0,0,0,0,0,0,0,0,0,0,0,0,0,0,0,0,0,0,0,0,0,0,0,0,0,0,0,0,0,0,0,0,0,0,0,0,0,0,0,0,0,0,0,0,0,0,0,0,0,0,0,0,0,0,0,0,0,0,21,0,0,0,0,0,0,0,0,0,0,0,0,0,0,0,3,0,0,0,0,0,0,0,0,0,0,0,0,0,0,0,0,0,12,0,0,0,0,0,0,0,0,0,0,0,0,0,0,0,0,0,0,0,0,0,0,0,0,0,0,0,0,0,0,0,0,0,0,0,0,0,0,0,0,0,0,0,0,0,0,0,0,0,0,0,0,0,0,0,0,0,0,0,0,4,0,0,0,0,0,0,0,0,0,0,0,0,0,0,0,0,0,0,0,0,0,0,0,0,0,0,0,0,0,0,0,0,0,0,0,0
"D315",5,0,0,33,3,3,15,0,0,0,0,0,0,0,0,0,0,0,11,0,2,0,0,3,2,4,0,0,0,0,17,6,1,0,0,2,0,0,0,0,0,0,0,19,0,0,0,5,16,0,7,0,0,0,0,16,0,0,0,0,10,0,0,7,5,0,10,0,59,0,0,0,3,0,0,1,0,0,0,5,0,0,0,0,0,0,0,0,0,0,0,0,0,0,0,0,32,4,0,0,0,0,238,72,0,0,8,0,9,0,1,0,0,3,0,0,0,0,0,10,0,0,0,29,0,0,1,0,0,0,0,0,2,0,0,0,0,0,0,0,0,0,0,119,0,0,0,0,0,6,0,0,2,0,14,0,117,0,0,0,0,0,16,0,0,6,0,4,0,0,0,677,0,5,0,0,0,0,0,0,0,0,0,1,0,0,0,0,0,0,0,0,0,0,0,3,14,17,0,0,0,0,0,0,11,0,0,0,0,0,0,0,0,0,0,0,29,0,0,0,0,0,0,32,0,0,0,0,0,0,0,0,0,0,567,0,0,42,0,0,0,0,0,0,0,0,0,9,0,0,0,0,0,0,6,0,4,0,0,3,31,0,0,0,0,0,0,0,0,0,0,9,0,0,0,8,2,5,0,0,0,0,0,0,7,0,0,0,67,0,0,16,0,0,0,0,2,0,61,0,0,0,0,0,0,36,0,5,2,8,30,0,0,0,0,15,3,2,0,0,2,0,0,0,0,7,0,0,0,14,0,0,0,0,3,0,0,14,0,0,0,0,0,0,0,0,0,3,0,4,0,0,0,0,0,0,0,0,0,0,1,30,0,0,0,0,15,0,0,0,0,0,0,7,0,0,0,0,0,0,0,0,0,0,0,0,0,24,5,1,0,0,0,0,0,0,0,0,0,0,0,0,21,35,0,0,0,0,0,5,0,18,0,12,7,0,0,0,0,3,0,0,0,0,0,14,2,0,0,0,0,0,0,0,2,0,0,0,0,0,0,0,0,0,4,0,0,0,0,2,0,0,0,0,0,0,0,0,0,0,0,0,8,0,2,45,0,0,0,0,0,0,0,0,82,0,0,0,0,0,0,0,0,0,0,0,0,0,0,0,0,0,0,0,0,0,7,0,0,0,0,0,0,0,2,0,0,0,0,0,0,1,0,0,0,0,0,0,0,0,0,6,0,0,0,0,0,0,0,3,0,0,0,0
"D316",0,1,26,0,0,5,0,34,57,0,14,12,13,2,0,4,25,0,1,0,0,7,0,0,73,0,0,5,0,185,33,19,0,0,0,7,6,1,2,0,0,5,0,27,2,0,0,47,0,37,38,2,1,0,0,0,0,3,0,11,0,120,1,19,0,0,0,19,0,11,0,117,0,0,0,0,63,2,33,0,0,0,10,15,15,8,9,0,0,15,7,27,41,10,0,18,0,0,6,21,0,3,34,0,0,2,0,0,0,15,3,12,0,0,6013,0,0,0,17,0,0,0,12,0,0,0,0,0,170,48,0,0,24,11,0,0,0,0,41,0,0,2,0,107,232,15,3,0,0,0,0,0,0,0,0,3,0,0,10,73,0,4,5,0,0,0,11,40,9,0,0,0,0,0,0,0,12,9,1,13,3,8,26,0,0,0,0,0,19,4,0,3,0,3,0,0,5,0,0,4,0,0,0,8,2,15,0,0,3,0,0,0,0,0,0,31,0,20,0,0,0,1,0,0,15,0,6,16,13,5,10,37,0,0,0,0,0,0,0,11,23,0,11,0,4,6,0,0,0,0,0,2,1,0,92,0,28,9,0,0,12,31,0,39,0,0,327,9,0,3,0,52,2,9,2,0,0,0,76,1,1,7,0,8,0,3,0,1,0,0,0,0,10,0,0,0,6,8,17,0,0,0,0,0,0,55,0,0,54,165,5,0,0,0,9,0,0,0,10,8,0,11,3,0,13,0,11,12,0,0,0,14,2,0,0,173,0,0,7,44,0,1,23,11,0,0,10,0,0,48,0,0,40,37,1,9,19,0,0,0,11,0,0,0,32,0,0,134,4,36,0,7,28,0,2,38,0,0,24,0,4,0,0,0,69,53,202,0,0,0,0,0,2,0,0,0,3,42,0,65,183,0,0,0,14,40,0,1,0,0,4,0,7,68,0,0,5,6,0,3,74,1,40,0,12,0,0,0,0,5,7,59,4,0,4,47,267,81,0,14,0,0,0,0,0,10,80,0,4,0,0,5,0,0,9,0,0,3,2,0,0,179,0,0,0,0,0,36,16,0,0,0,10,0,0,0,0,0,0,0,0,9,12,16,19,6,5,0,0,0,217,46,4,0,0,12,0,0,0,7,7,4,132,4,14,2,33,0,0,76,3,0,14,0,2,0,2,0,0,5,11,0,4,1,101,12,0,85,0,0,16,0,0,0
"D317",0,0,0,68,0,0,0,0,0,0,0,0,0,0,0,0,0,0,0,0,0,0,0,0,0,0,0,0,0,0,0,574,0,0,0,0,0,0,0,0,0,0,0,0,0,0,0,0,0,0,34,0,0,0,0,0,0,0,0,0,50,0,0,0,11185,0,0,0,0,0,0,0,0,0,0,0,0,0,0,0,0,0,0,0,0,0,0,0,0,0,0,0,0,0,0,0,0,0,0,0,0,0,924,0,0,0,0,792,0,0,0,0,0,0,0,0,0,0,0,0,0,0,0,434,0,0,0,0,0,0,0,0,0,0,0,29,0,0,0,0,0,0,0,163,0,0,0,0,0,0,0,0,0,0,0,0,0,0,0,0,0,0,0,0,0,0,0,84,0,0,0,2464,0,0,0,0,0,0,0,0,0,0,0,0,0,0,0,0,0,0,0,0,0,0,0,0,0,0,0,0,0,0,0,0,297,0,0,0,0,0,0,0,0,0,0,0,0,0,0,0,0,0,4943,0,0,0,0,0,0,0,0,0,0,0,0,0,0,64,0,0,0,0,0,0,0,0,0,10,0,0,342,0,0,0,236,0,0,0,0,0,58,0,0,0,0,0,0,0,0,0,97,615,0,0,0,0,0,0,0,0,0,0,0,0,0,0,0,0,0,23,0,0,0,0,0,0,0,0,313,0,0,0,0,0,0,0,0,0,0,0,0,0,0,0,0,0,0,0,0,0,229,0,0,107,0,0,0,0,0,0,0,0,0,0,0,0,0,75,0,0,0,0,0,0,0,0,0,0,0,0,0,0,0,0,0,0,0,0,0,0,0,0,0,0,0,0,0,0,0,0,0,0,0,0,0,0,0,0,0,0,0,0,0,0,0,0,0,129,5102,0,0,0,0,0,0,0,0,0,0,0,0,0,1146,0,0,0,0,0,0,0,0,0,0,0,0,0,0,0,0,0,0,0,0,0,0,0,0,0,0,0,0,0,0,0,0,0,0,0,0,0,0,0,0,0,0,0,0,0,0,0,0,0,0,0,0,0,0,0,0,0,0,0,0,66,38,4564,0,0,0,0,0,0,0,0,0,0,0,0,0,0,0,0,0,0,0,0,0,0,0,0,0,0,0,0,0,0,0,0,0,0,0,0,0,959,0,0,0,0,0,0,0,0,0,0,0,0,0,0,0,0,0,0,0,0,0,0,0,0,0,0,0,0,599,0
"D318",0,0,0,0,0,0,0,0,0,0,0,0,0,0,0,0,0,0,0,0,0,0,0,0,0,0,0,0,0,0,0,0,0,0,0,0,0,0,0,0,0,0,0,0,0,0,0,0,0,0,0,0,0,0,0,0,0,0,0,0,0,0,0,0,0,0,0,0,0,0,0,0,0,0,0,0,0,0,0,0,0,0,0,0,0,0,0,0,0,0,0,0,0,0,0,0,0,0,0,0,0,0,0,0,0,0,0,0,0,0,0,0,0,0,0,0,0,0,0,0,0,0,0,0,0,0,0,0,0,0,0,0,0,0,0,0,0,0,0,0,0,0,2,0,0,0,0,0,0,0,0,0,0,0,0,0,0,0,0,0,0,0,0,0,0,0,0,0,0,0,0,0,0,0,0,0,0,0,0,0,0,0,0,0,0,0,0,0,0,0,0,0,0,0,0,0,0,0,0,0,0,0,0,0,4,0,0,0,0,0,0,0,3,2,0,0,0,0,0,0,0,0,0,0,0,0,0,0,0,0,0,3,0,0,0,0,0,0,0,0,0,0,0,0,0,0,0,0,0,0,0,0,0,0,0,0,0,0,0,0,0,0,0,0,0,0,0,0,0,0,0,0,0,0,0,0,0,0,0,0,0,0,0,0,0,0,0,0,0,2,0,0,0,0,0,0,0,0,0,0,0,0,0,0,0,0,0,0,0,0,0,0,0,0,0,0,0,0,0,0,0,0,0,0,0,0,0,0,0,0,0,0,0,0,0,0,0,0,0,0,0,0,0,0,0,0,0,0,0,0,0,0,0,0,3,0,0,0,0,0,0,0,0,0,0,0,0,0,0,0,0,0,0,0,0,0,0,0,0,0,0,0,0,0,0,0,0,0,0,0,0,0,0,0,0,0,0,0,0,0,0,0,0,0,0,0,0,0,0,0,0,0,0,0,0,0,0,0,0,2,0,0,0,0,0,0,0,0,0,0,0,0,0,0,0,0,0,0,0,0,0,0,0,0,0,0,0,0,0,0,0,0,0,0,0,0,0,0,0,0,0,0,0,0,0,0,0,0,0,0,0,0,0,0,0,0,0,0,0,0,0,0,0,0,0,0,0,0,0,0,0,0,0,0,0,0,0,0,0,0,0,0,0,0,0,0,0,0,0,0,0,9,0,0,0,0,0,0,0,0,0,0,0,0,0,0,0,0,0,0,0,0,0,0
"D319",0,0,0,0,0,0,0,0,0,0,0,0,0,0,0,0,0,0,0,0,0,0,0,0,0,0,0,0,0,0,0,0,0,0,0,0,0,0,0,0,0,0,0,0,0,0,0,0,0,0,0,0,0,0,0,0,0,0,0,0,0,0,0,0,0,0,0,0,0,9,0,0,0,0,0,0,0,0,0,0,0,0,0,0,0,0,0,0,0,0,0,0,0,0,0,0,0,20,0,0,0,0,0,0,0,0,0,0,0,0,0,0,0,0,0,0,0,0,0,0,0,0,0,0,0,0,0,0,0,0,0,0,0,0,0,0,0,0,0,0,0,0,0,0,0,0,0,0,0,0,0,0,0,0,0,0,0,0,0,0,0,0,0,0,0,0,0,0,0,0,0,0,0,0,0,0,0,0,0,0,0,0,0,0,0,0,0,0,0,0,0,0,0,0,0,0,0,0,0,0,0,0,0,0,272,0,0,0,0,0,0,0,0,0,0,0,0,0,0,0,0,0,0,0,0,0,0,0,0,0,0,0,0,0,0,0,0,6,0,0,0,0,0,0,0,0,0,0,0,0,0,0,0,0,0,0,0,0,0,0,0,0,0,0,0,0,0,0,0,0,0,0,0,0,0,0,0,0,0,0,0,0,0,0,0,0,0,0,0,26,0,0,0,0,0,0,0,0,0,0,0,0,0,0,0,0,0,0,0,0,0,0,0,0,0,0,0,0,0,0,0,0,0,0,0,0,0,0,0,0,0,0,0,0,0,0,0,0,0,0,0,0,0,0,0,0,0,0,0,0,0,0,0,0,0,0,0,0,0,0,0,0,0,0,0,0,0,0,0,0,0,0,0,0,0,0,0,0,0,0,0,0,0,0,0,0,0,0,0,0,0,0,0,0,0,0,0,0,0,0,0,0,0,0,0,0,0,0,0,3,0,0,0,0,0,0,0,0,0,0,0,0,0,0,0,0,0,0,0,0,0,0,0,0,0,0,0,0,0,0,0,0,0,0,0,0,0,0,0,475,0,0,0,0,0,0,0,0,0,0,0,0,0,0,0,12,0,0,0,0,0,0,0,0,0,0,0,0,0,0,0,0,0,0,0,0,0,0,0,0,0,0,0,0,0,0,0,12799,0,0,0,0,0,0,4,0,0,0,0,0,0,94,0,0,0,0,0,0,0,0,0,0,0,0,0,0,0,0,0,0,0,0,0,0
"D320",0,0,0,0,0,1,0,0,0,0,0,3,0,0,0,0,0,0,0,0,0,0,0,0,0,0,0,0,0,0,0,0,0,0,0,0,0,0,0,0,0,0,0,0,0,0,0,0,3,0,2,0,0,0,66,0,0,0,0,0,0,0,0,0,0,2,0,0,0,0,0,0,0,0,0,0,0,0,0,0,0,0,0,0,0,0,0,0,0,0,0,0,0,0,0,0,0,6,0,0,0,0,0,0,0,0,0,0,0,0,0,0,0,0,0,0,0,0,0,0,0,0,0,0,0,0,0,0,0,0,0,0,0,0,0,0,0,0,0,0,0,0,0,0,0,0,0,0,0,0,0,0,0,0,0,0,0,0,0,0,0,0,0,0,0,0,0,0,0,0,0,0,0,0,0,0,0,0,0,0,0,0,0,0,0,0,0,0,0,0,0,0,0,0,0,0,0,0,0,0,0,0,0,0,12,0,6,0,0,0,0,0,0,0,0,0,0,0,0,0,0,0,0,0,0,0,0,0,0,0,0,0,0,0,0,0,0,0,0,0,0,0,0,0,0,0,0,0,0,0,0,0,0,0,0,0,0,0,0,0,0,0,0,0,0,0,0,0,0,0,0,0,0,0,0,0,0,0,0,0,0,0,2,0,0,0,0,0,0,0,0,0,0,0,0,0,0,0,0,0,0,0,0,0,0,0,0,0,0,0,0,0,0,0,0,0,0,0,0,0,0,0,0,0,0,0,0,0,0,0,0,0,0,0,0,0,0,0,0,0,0,0,0,0,0,0,0,0,0,0,0,0,0,0,0,0,0,0,0,2,0,0,0,0,0,0,0,0,0,0,0,0,0,0,0,0,0,0,0,0,0,0,0,0,0,0,0,0,0,0,0,0,0,0,0,0,0,0,0,0,0,0,0,0,0,0,0,0,0,0,0,0,0,0,0,0,0,0,0,3,0,0,0,0,0,0,0,0,0,0,0,0,0,0,0,0,0,0,0,0,0,0,0,0,0,0,0,0,0,0,0,0,0,0,0,0,0,0,0,0,6,0,0,0,0,0,0,0,0,0,0,0,0,0,0,0,0,0,0,0,0,0,0,0,0,0,0,0,0,0,0,0,0,0,0,0,0,0,0,0,0,0,0,0,0,0,0,0,0,0,0,0,0,0,0,0,0,0,0,0,0,0,0,0,0,0,0,0,0,0,0,0,0,0
"D321",0,0,0,0,0,0,0,0,0,0,0,0,0,0,0,0,0,0,0,0,0,0,0,0,0,0,0,0,0,0,0,0,0,0,0,0,0,0,0,0,0,0,0,0,0,2,0,0,0,0,0,0,0,0,0,2,0,0,0,0,0,0,0,0,0,0,0,0,0,0,0,0,0,0,0,0,0,0,0,0,0,0,0,0,0,0,0,0,0,0,0,0,0,0,0,0,0,2,0,0,0,0,0,0,0,0,6,0,0,0,0,0,0,0,0,0,0,0,0,0,0,0,0,0,0,0,0,0,0,0,0,0,0,0,0,0,0,0,0,0,0,0,0,0,0,0,0,0,0,0,0,0,0,0,0,0,0,0,0,0,0,0,19,0,0,0,0,0,0,0,0,0,0,5,0,0,0,0,0,0,0,0,0,0,0,0,0,0,0,0,0,0,0,0,0,0,0,0,0,0,0,0,0,0,3,0,0,0,0,0,0,0,0,0,0,0,0,0,0,0,0,0,0,0,0,0,0,0,0,0,0,0,283,0,0,0,0,0,0,0,0,0,0,0,0,0,0,0,0,0,0,0,0,0,0,0,0,0,0,0,2,0,0,0,0,0,0,0,0,0,0,0,0,0,0,0,0,54,0,0,0,0,0,0,0,0,0,0,0,0,0,2,0,0,416,0,0,0,0,0,0,0,0,0,0,0,0,2,0,2,55264,0,0,0,0,0,0,0,0,0,0,0,0,0,0,0,0,0,2,26,0,0,0,0,0,0,0,0,0,0,0,0,0,0,0,0,0,0,0,0,0,0,0,0,0,0,0,0,0,0,0,0,0,0,0,0,0,0,0,0,0,0,0,0,0,0,0,0,0,0,0,0,0,0,0,0,0,0,0,0,0,0,0,0,0,0,0,0,0,0,0,0,794,0,0,0,0,0,0,0,0,0,0,0,0,0,0,0,0,0,0,0,0,0,0,0,0,0,0,0,0,0,0,0,0,0,0,0,0,0,0,0,0,0,0,2,0,0,0,0,0,0,0,0,0,0,0,0,0,0,0,0,0,0,0,0,0,0,0,0,0,0,0,0,0,0,0,0,0,0,0,0,0,0,0,0,0,0,0,0,0,0,0,0,0,0,0,0,0,0,0,0,0,0,0,0,0,0,0,0,0,1779,0,0,0,0,0,0,0,0,0,0,0,0,0,0,0,0,0,0,0,0,0,0
"D322",0,0,0,658,0,0,40,0,0,0,0,0,0,0,0,0,0,0,11,0,0,0,0,148,0,0,26,0,0,0,3,0,0,0,0,0,0,0,0,10,0,0,0,3,0,0,0,0,3,0,0,0,0,0,0,0,0,0,0,0,36,0,0,0,0,0,12,0,41,0,0,0,0,0,5,0,0,0,0,1,0,0,0,0,0,0,0,0,0,0,0,0,0,0,0,0,178,0,0,0,0,0,3720,61,0,0,0,1263,1,0,0,0,0,0,0,0,0,0,0,49,0,0,0,988,0,0,6,94,0,0,0,0,0,0,0,0,0,0,0,0,4,0,0,8,0,0,0,0,0,0,0,0,25,0,26,0,1454,0,0,0,0,0,0,0,0,4,0,0,0,0,0,4,0,3,0,0,0,0,0,0,0,0,0,53,0,0,0,0,0,0,0,0,0,0,0,2,0,418,0,0,0,0,0,0,0,0,0,0,0,0,0,0,0,0,0,0,61,0,0,0,0,0,4,4,0,0,0,0,0,0,0,0,0,0,3194,71,0,39,0,0,0,0,0,0,0,0,0,65,0,0,0,0,0,0,2,0,3,0,0,0,14,0,0,0,0,0,0,0,0,0,0,0,0,0,0,1,0,3,0,0,0,0,0,0,44,0,0,0,260,0,0,7,0,0,3,0,0,0,81,0,0,0,0,0,0,2,0,0,0,6,21,0,0,0,0,6,75,0,0,0,0,0,0,14,0,3,0,0,0,0,0,0,0,0,0,0,0,1739,0,0,7,0,0,0,0,0,0,0,0,20,0,0,0,0,0,0,0,0,0,0,0,843,263,0,0,0,122,0,0,0,15,2,0,17,0,0,0,0,0,0,0,0,0,0,0,0,0,2,19,10,0,0,0,0,0,0,0,0,0,0,5,1,53,21,0,0,0,0,0,0,0,477,0,0,0,0,0,0,0,0,0,0,0,0,0,95,785,0,9,0,0,0,0,0,0,0,0,0,0,0,0,0,17,0,9,5,0,0,0,0,0,0,2,0,0,0,0,0,0,0,1,0,0,72,1719,160,0,0,0,0,0,0,0,0,79,0,0,0,0,0,0,0,0,0,0,0,0,2,0,0,0,0,0,0,0,0,98,0,0,0,0,0,0,2,4,0,0,0,0,0,0,0,0,0,0,0,0,0,0,0,0,244,0,0,0,0,0,0,0,0,0,0,28,2
"D323",0,0,0,10,0,0,2246,0,3,0,0,0,0,0,0,0,0,0,8,0,0,0,0,0,0,0,0,0,0,0,12,0,0,0,0,0,0,0,0,0,0,0,0,0,0,0,8375,0,0,0,0,0,0,0,0,0,0,0,6,0,122,0,0,3,0,0,427,0,0,0,0,0,0,0,2,4,0,0,0,0,0,0,0,0,0,0,0,0,0,0,0,0,0,0,0,0,0,0,0,0,0,0,438,63,0,0,0,2,0,0,0,0,0,0,0,0,0,0,0,5,0,0,0,21,0,0,0,0,0,0,0,0,0,0,0,0,0,0,0,0,0,0,0,0,0,0,0,0,0,0,0,0,0,0,0,0,134,0,0,0,0,0,12,0,0,2,0,0,0,0,0,767,0,5,0,0,0,0,0,0,0,0,0,0,0,0,0,0,0,0,0,0,0,0,3,0,80,0,0,0,0,0,0,0,0,0,0,0,0,0,0,0,0,0,0,0,7323,0,2,0,0,0,0,0,0,38,0,0,0,0,0,0,0,0,31,0,0,123,0,0,0,0,0,0,0,0,0,10,0,0,0,0,0,0,0,623,3,0,0,0,14,0,0,3,0,0,0,0,0,0,82,0,0,0,0,5,0,30,0,0,0,0,0,0,0,0,0,0,6,0,0,4,0,0,0,0,0,0,666,0,0,0,0,0,0,9,0,0,0,0,6182,0,0,0,0,0,0,0,0,0,193,0,0,0,0,0,0,0,0,8,0,0,0,0,0,0,0,104,1194,0,11160,0,0,0,0,0,0,0,0,4,0,0,0,0,0,0,0,0,0,0,0,5,2,0,0,0,0,0,0,0,0,2,0,0,0,0,0,0,0,0,0,0,0,0,0,0,0,0,0,0,0,4,0,0,0,0,0,0,0,0,0,0,40,0,0,0,0,0,0,0,0,0,0,0,2,0,0,0,0,4,0,0,0,1,0,19,0,0,0,0,0,0,0,0,0,0,0,0,2,0,0,0,0,0,0,5,0,0,0,0,0,0,0,0,0,0,0,0,0,0,0,0,0,0,6,1469,0,0,0,0,0,0,0,0,0,0,0,0,0,0,0,0,0,0,0,0,0,4,0,0,0,29,0,0,0,0,0,0,0,0,0,0,0,630,0,0,0,0,0,0,0,0,0,0,0,0,0,0,0,0,0,0,0,0,0,0,0,0,0,0,0,0,338,0
"D324",0,0,0,0,0,0,0,6,0,0,0,0,27,0,0,0,0,0,0,0,0,0,0,0,0,0,0,0,0,0,5,58,0,0,0,0,0,0,0,0,0,0,0,0,1874,0,0,0,0,0,0,0,0,0,0,0,0,0,0,0,0,35,0,2,0,0,0,0,0,0,0,0,0,0,0,0,0,0,1194,1,0,0,0,0,3,17,0,0,0,2,0,0,0,0,0,211,0,0,0,0,0,0,6,0,0,0,0,0,0,0,0,0,0,0,8,0,0,0,0,0,3,0,0,0,5,318,0,0,9,19,0,0,0,0,0,0,0,0,0,0,0,0,0,0,17,0,0,0,0,0,0,0,0,0,0,0,3,0,0,2,0,0,0,0,0,0,0,0,0,0,0,0,0,0,0,0,0,40,0,0,0,4,0,0,0,0,0,0,0,0,0,0,0,0,0,0,0,0,0,0,0,0,0,8,4,9,0,0,0,0,0,0,0,2,0,0,0,0,0,0,0,2,0,0,0,0,0,0,0,0,0,0,0,0,0,0,0,0,0,0,0,3,0,0,0,0,0,0,0,0,0,0,0,0,7,0,4,0,0,0,0,3,0,0,0,0,0,3,0,0,0,0,0,0,0,0,0,0,0,0,0,0,0,0,0,0,0,0,0,0,0,0,0,0,0,0,0,0,10,0,0,0,182,0,0,11,0,0,0,7,5,0,0,0,5,0,0,0,0,0,0,15,0,0,0,0,0,0,0,0,0,2,0,0,0,1,0,0,0,0,0,0,0,0,0,0,0,0,0,0,0,107,0,6,0,0,0,0,0,0,0,0,0,0,0,0,0,0,0,0,0,0,0,0,0,76,0,0,0,7,0,0,2,0,15,0,0,0,0,0,0,0,0,0,0,0,0,2,0,2,0,0,0,0,0,0,0,0,0,0,0,0,0,1,0,0,0,0,0,2,0,0,0,3839,0,0,0,0,0,0,0,0,5,0,4,0,0,3,0,4,0,0,0,0,0,0,0,0,0,0,0,0,0,0,0,0,0,0,0,0,0,7,0,0,0,0,0,0,0,0,0,0,0,0,0,0,0,0,0,0,0,0,0,0,12,0,0,0,0,0,2789,0,0,0,0,0,0,0,0,0,0,0,0,0,9,0,9,0,0,5,0,0,46,0,0,0,4,0,0,0,0,0,0,0,0,0,3,0,0,0,0,0,0,0
"D325",0,0,0,0,0,0,0,0,0,0,0,0,0,0,0,0,0,0,0,0,0,0,0,0,2,0,0,0,0,0,0,0,0,0,0,0,0,0,0,0,0,0,0,0,0,0,0,12,0,0,0,0,0,0,0,0,0,0,36,0,0,0,0,0,978,0,0,0,0,0,0,0,0,0,0,0,0,0,0,0,0,0,0,0,0,0,0,0,0,0,0,0,0,0,0,0,0,0,0,0,0,0,0,0,0,0,0,0,0,0,0,13,0,0,0,0,0,0,0,0,0,0,0,0,0,0,0,0,0,0,0,0,0,0,0,0,0,0,0,0,0,0,0,0,0,0,0,0,0,0,0,0,0,0,0,0,0,0,0,0,0,0,12,0,0,0,0,7,0,0,0,0,0,0,0,0,0,0,0,0,0,0,0,0,0,0,0,0,0,6,0,0,0,0,0,0,0,0,0,0,0,0,0,0,0,0,0,0,0,0,0,0,0,0,0,0,0,0,0,0,0,0,0,0,0,2,0,0,0,0,0,0,13,0,0,0,0,0,0,0,0,0,0,0,0,0,0,0,0,0,0,0,0,0,0,0,0,0,0,0,0,0,0,0,0,0,0,0,0,0,0,0,0,0,0,11,0,0,0,0,0,0,0,0,0,0,0,0,0,0,0,0,0,0,3,0,0,0,0,0,0,0,0,0,0,0,0,0,0,2,347,0,0,0,0,0,0,0,0,0,0,0,0,0,0,0,0,0,0,0,0,0,0,0,0,0,0,0,0,0,0,0,0,0,0,0,0,0,0,0,0,0,0,0,0,0,0,0,0,0,0,0,0,0,0,0,0,0,0,0,0,0,0,0,0,0,0,0,0,0,0,0,0,0,0,0,0,0,0,0,0,0,0,0,0,0,0,0,0,0,0,41,2,0,0,0,0,0,0,0,0,0,0,3,0,0,0,0,3,0,0,0,0,0,0,4,0,0,0,0,0,0,0,0,0,0,89,0,14,0,0,0,0,0,0,0,0,0,0,0,0,0,0,0,0,0,0,0,0,0,0,0,0,0,0,0,0,0,0,0,0,0,0,0,0,0,0,0,0,0,0,0,0,0,0,0,0,0,0,0,0,2,0,0,0,0,0,1275,0,0,0,0,0,0,0,0,0,0,0,0,0,27,0,0,0,0,0,0,0,0,0,0,0,0,2,0,0,0,0,0,0,0,4,0
"D326",0,0,0,0,0,0,0,0,0,1,0,0,0,0,0,0,0,0,0,0,0,0,0,0,0,0,0,0,0,0,0,0,0,0,0,0,0,0,0,0,0,0,0,0,0,0,0,0,2,0,0,0,0,0,0,0,0,7,0,0,2,0,0,0,0,0,0,0,0,0,0,0,0,0,0,0,0,0,0,0,0,0,0,0,0,0,0,0,0,0,0,0,0,0,0,0,0,0,0,0,0,0,0,0,0,0,0,0,0,0,0,3,0,0,0,0,0,0,0,0,0,0,0,0,0,0,0,0,0,0,0,0,0,0,0,0,0,0,0,0,0,0,0,0,0,0,0,0,0,0,0,0,0,0,0,0,0,0,0,0,0,0,0,0,0,0,0,0,0,0,5,0,0,0,0,14,0,0,0,0,0,0,0,0,0,0,0,0,0,0,0,0,0,0,0,0,0,0,0,0,0,0,0,0,2,0,3,0,0,0,0,0,0,0,0,0,0,0,0,0,0,0,0,0,0,0,0,0,0,0,0,0,0,0,0,0,0,0,0,2,0,0,0,0,0,0,0,0,0,0,0,0,0,0,0,0,0,0,0,0,0,2,0,0,0,0,0,0,0,0,0,0,0,0,0,0,0,0,0,0,0,0,0,0,0,0,0,0,0,0,0,0,0,0,0,0,0,0,0,0,0,0,0,0,0,0,0,0,0,0,0,0,0,0,0,0,0,0,0,0,0,0,0,0,0,0,0,0,0,0,0,0,0,0,0,0,0,0,0,0,0,0,0,0,0,0,0,0,0,0,0,0,0,0,0,0,0,0,0,0,0,0,0,0,0,0,0,0,0,0,0,0,0,0,0,0,0,0,0,0,0,0,0,0,0,0,0,0,0,0,0,0,0,0,0,0,5,0,0,0,0,0,0,0,0,0,0,0,0,0,0,0,0,0,0,0,0,0,0,0,0,0,0,0,0,0,0,0,0,0,0,0,0,0,0,0,0,0,0,0,0,0,0,0,0,0,2,0,0,0,0,0,0,0,0,0,0,0,0,0,0,0,0,0,0,12,0,0,0,0,0,0,0,0,0,0,0,0,0,0,0,0,0,0,0,0,0,0,0,2,0,0,0,0,0,0,0,0,5,0,0,0,0,0,0,0,0,0,0,0,0,40,0,0,0,0,0,0,0,0,0,0,0,0,2,0,0,0,0,0,0,0,0,0
"D327",0,0,0,0,0,0,0,0,0,0,0,0,0,0,0,0,0,0,0,0,0,0,0,66,0,0,11,0,0,0,0,0,0,0,0,0,0,0,0,0,0,0,0,0,0,0,0,0,0,0,0,0,0,0,0,0,0,0,0,0,0,0,0,0,0,0,0,0,10,0,0,0,0,0,0,0,0,0,0,0,0,0,0,0,0,0,0,0,0,0,0,0,0,0,0,0,2379,0,0,0,0,0,0,0,0,0,0,165,4,0,0,0,0,0,0,0,0,0,0,0,0,0,0,0,0,0,0,0,0,0,0,0,0,0,0,0,0,0,0,0,0,0,0,0,0,0,0,0,0,0,0,0,4,0,0,0,0,0,0,0,0,0,0,0,0,0,0,0,0,0,0,0,0,0,0,0,0,0,0,0,0,0,0,30,0,0,0,0,0,0,0,0,0,0,0,0,0,497,0,0,0,0,0,0,0,0,0,0,0,0,0,0,0,0,0,0,2,0,0,0,0,0,0,0,0,0,0,0,0,0,0,0,0,0,13175,0,0,0,0,0,0,0,0,0,0,0,0,0,0,0,0,0,0,0,0,0,0,0,0,0,0,0,0,0,0,0,0,0,0,0,0,0,0,0,0,0,0,0,0,0,0,0,0,0,0,0,0,0,0,0,0,0,0,0,0,0,0,0,0,0,0,0,0,0,0,0,0,0,0,0,0,0,0,0,0,0,26,0,0,0,0,0,0,0,0,0,0,0,0,0,0,0,0,0,0,0,0,0,0,0,0,0,0,0,0,0,0,17,0,0,0,0,0,0,0,0,0,0,0,0,0,0,260,0,0,0,12,0,0,0,2,0,0,0,0,0,0,0,0,0,0,0,0,0,0,0,0,0,0,0,0,0,0,0,0,0,0,0,0,0,0,0,0,0,0,0,0,0,0,0,0,3014,0,0,0,0,0,0,0,0,0,0,0,0,0,0,0,0,0,0,0,0,0,0,0,0,0,0,0,0,0,0,0,0,0,0,0,0,0,0,0,0,0,0,0,0,0,0,0,0,0,0,0,0,0,0,0,0,0,0,0,0,0,0,180,0,0,0,0,0,0,0,0,0,0,0,0,0,0,0,0,0,0,0,0,0,0,0,0,0,0,0,0,0,0,0,0,0,0,0,0,0,0,0,0,0,0,0,0,0,0,2,0,0,0,0,0,0,0,0,0,0,0,0
"D328",0,0,0,0,0,0,27,0,0,0,0,0,0,0,0,0,0,0,0,0,0,0,0,0,0,0,0,0,0,0,0,0,0,0,0,0,0,0,0,0,0,0,0,0,0,0,0,0,0,0,0,0,0,0,0,0,0,0,0,0,0,0,0,0,0,0,0,0,0,0,0,0,0,0,0,0,0,0,0,0,0,0,0,0,0,0,0,0,0,0,0,0,0,0,0,0,0,27,0,0,0,0,0,0,0,0,0,0,0,0,0,0,0,0,0,0,0,0,0,0,0,0,0,0,0,0,0,0,0,0,0,0,0,0,0,0,0,0,0,0,0,0,0,0,0,0,0,0,0,0,0,0,0,0,0,0,0,0,0,0,0,0,0,0,0,0,0,0,0,0,0,0,0,0,0,0,0,0,0,0,0,0,0,0,0,0,0,0,0,0,0,0,0,0,0,0,0,0,0,0,0,0,0,0,91,0,0,0,0,0,0,0,0,0,0,0,0,0,0,0,0,0,0,0,0,0,0,0,0,0,0,0,0,0,0,0,0,0,0,0,0,0,0,69,0,0,0,0,0,0,0,0,0,0,0,0,0,0,0,0,0,0,0,0,0,0,0,0,0,0,0,0,0,0,0,0,0,0,0,0,0,0,0,0,0,0,0,0,0,0,0,0,0,0,0,0,0,0,0,0,0,0,0,0,0,0,0,0,0,0,0,0,0,0,0,0,0,0,0,0,0,0,0,0,0,0,0,0,0,0,0,0,0,0,0,0,0,0,0,0,0,0,0,0,0,0,0,0,0,0,0,0,0,0,0,0,0,0,0,0,0,0,0,0,0,0,0,0,0,0,0,0,0,0,0,0,0,0,0,0,0,0,0,0,0,0,0,96,0,0,0,0,0,0,0,0,0,0,0,0,0,0,48,0,0,0,0,0,0,0,0,0,0,0,0,0,0,0,0,0,0,0,0,0,0,0,0,0,0,0,0,0,0,0,0,0,0,0,0,0,0,0,0,0,0,0,0,0,0,0,0,0,0,0,0,0,0,0,0,0,0,0,0,1520,0,0,0,0,0,0,0,0,0,0,0,0,0,0,0,0,0,0,0,0,0,0,0,0,0,0,0,0,0,0,0,0,0,67,0,0,0,0,0,0,0,0,0,0,0,0,0,2,0,0,0,0,0,0,0,0,0,0,0,0,0,0,0,0,0,0,0,0,0,0
"D329",5,116,260,0,7,12,0,0,1,259,0,13,7,0,0,0,0,0,0,17,0,63,46,0,0,123,0,1,24,161,0,0,142,2,0,0,14,0,22,0,0,39,16,0,0,51,0,135,250,8,6,48,0,189,14,0,0,0,0,0,0,0,5,15,0,23,0,20,0,4,45,37,13,0,0,0,57,51,0,391,8,65,0,0,2,0,0,32,0,29,0,27,77,0,0,2,0,0,293,386,0,8,0,0,2,15,3,0,0,0,441,0,73,8,0,0,32,33,0,0,10,5,110,0,0,0,0,0,0,0,16,39,0,53,0,0,22,100,77,0,18,8,2,0,0,34,16,2,39,0,178,5,0,60,0,14,0,30,21,0,0,0,36,4,25,3,13,39,126,419,249,0,0,0,2,0,61,0,0,19,5,0,294,0,111,50,30,29,8,0,0,0,13,90,0,7,0,0,6,0,0,44,2,0,2,0,132,132,33,273,0,3,2,0,5,4,0,0,0,34,0,29,0,0,0,0,8,78,0,11,44,178,0,92,0,0,54,3,18,138,1,0,0,0,26,4,4,0,14,15,1,0,0,45,309,0,0,3,7,194,0,0,0,26,30,54,0,3,78,29,0,0,65,3,35,4,77,0,0,38,212,6,15,45,0,280,154,0,0,0,4,1,0,96,0,0,358,66,338,0,11,21,0,0,10,0,17,30,81,4,0,0,0,8,69,0,0,5,0,41,0,0,22,6,4,0,49,0,14,0,59,0,78,51,10,0,69,0,0,0,0,529,99,213,3,21,10,0,0,0,22,0,0,0,4,2,4,190,117,32,0,0,0,454,0,0,0,0,0,11,0,13,37,0,0,0,11,311,17,0,2,0,34,27,0,155,23,0,0,0,4,17,0,0,40,0,0,10,70,7,188,0,0,0,0,17,21,0,75,0,9,0,35,17,13,19,0,637,4,9,0,71,0,0,0,0,0,36,0,14,0,7,15,0,0,89,0,2,0,14,0,0,0,0,0,0,937,0,0,0,17,0,14,0,22,0,0,22,44,0,8,0,22,0,0,0,2,111,112,5,0,99,9,0,0,30,8,0,102,0,23,4,0,62,152,0,14,9,0,81,23,0,8,0,76,805,0,0,36,7,51,21,253,0,0,1,0,16,4,2,96,45,0,7,55,0,0,1,7,0,29,0,0,0,8,0,0,704,0,0,6,6,105,102
"D330",0,5,89,2,6,12,0,0,6,5,0,8,0,31,22,0,3,42,0,26,1095,10,0,0,10,0,0,0,7,118,24,0,0,0,5,0,6,2,9,0,0,0,8,23687,504,28,0,0,4,0,0,45,2,2,0,0,4,0,0,80,0,0,18,259,0,2,0,2,0,2,7,68,0,0,0,0,75,2,0,0,0,47,0,0,0,18,1,0,0,6,41,21,8,3,0,1,0,0,7,144,0,4,0,0,0,13,5,0,0,0,6,0,13,0,0,31,23,0,0,0,36,7,13,0,0,4,0,0,0,23,3,0,0,113,0,0,0,8,15,0,0,3,2,0,0,58,2,26,5,3,13,15,0,1,0,2,0,0,25,0,0,13,0,5,0,0,0,48,0,0,0,0,0,0,5,0,18,1,1,0,12,0,3,0,4,0,5,27,4,0,3,3,3,32,0,0,0,0,0,0,2,15,0,9,16,0,199,2,0,66,0,5,38,0,0,0,0,5,1,0,111,10,0,0,4,0,0,4,0,323,21,6,0,5,0,0,2,0,44,0,13,0,14,0,0,0,36,0,0,8,0,28,1,3,1282,0,0,29,6,0,0,0,0,1,10,128,3,0,10,12,0,551,8,5,0,1089,0,0,0,274,22,3,0,23,0,5,44,3,0,0,15,0,2,0,0,0,38,71,300,24,450,20,0,0,0,0,22,0,258,0,0,4,0,66,8,0,0,6,0,1,0,0,66,0,29,0,0,0,32,1,17,2,61,2,16,75,0,0,0,0,0,0,9,8,0,17,2361,0,12,4,3,0,2,0,4,0,0,8,19,0,0,0,0,38,6,12,0,0,26,2,0,0,11,0,19,0,11,10,0,13,0,0,0,0,0,1530,8,0,12,0,3,0,21,0,0,11,2,9,3,3,0,50,1763,0,0,19,2,30,0,0,12,0,4,12,0,3,11,203,0,0,77,0,0,0,0,0,0,15,0,8,14,0,10,0,0,9,2032,6,0,5,0,12,0,0,0,0,226,0,5,0,3,0,2,2,13,18,0,17,11,12,17,0,169,0,0,2,12,0,70,6,277,11,12,0,0,6,2,19,3,0,2,2,15,9,249,0,58,0,0,23,0,6,7,29,3,12,0,0,0,6,13,6,220,0,0,19,0,6,2,0,164,8337,16,0,0,0,0,23,0,0,5,0,0,0,0,6,40,263,0,0,0,2,0,0
"D331",0,0,10,0,0,0,0,0,0,0,2,0,1,0,0,3,17,0,0,0,0,5,0,0,0,0,0,3,0,0,4,1964,0,0,0,0,3,0,0,0,0,11,0,7,0,1,0,58,0,3,0,7,0,0,0,0,0,0,0,2,0,3,2,0,0,3,0,9,0,2,0,15,2,11,0,0,0,0,135,696,8,0,5,16,0,7,13,4,0,12,0,0,8,0,27,5,0,0,8,0,0,0,0,0,2,0,0,0,0,3,0,0,0,0,1584,0,0,0,1,0,0,0,5,0,5,0,4,0,10,9,0,0,2,0,0,1,0,0,6,0,0,0,0,31,57,3,5,0,0,0,0,0,0,0,0,2,0,0,5,10,0,10,0,0,0,0,0,0,0,0,0,0,0,0,0,0,2,7,2,0,2,0,5,0,2,0,0,0,4,0,0,0,3,0,0,0,0,0,0,0,0,0,4,0,0,3,0,0,0,0,3,7,0,0,3,1,0,2,0,0,0,0,0,0,460,0,0,2,47,0,2,71,0,0,0,0,3,27,0,9,13,0,12,0,4,0,0,0,0,3,0,2,0,0,10,0,8,0,1,0,2,13,0,9,0,0,15,0,0,4,0,41,0,2,0,0,0,0,20,0,0,0,0,3,0,0,0,0,0,0,0,0,0,0,0,0,3,0,80,0,0,0,8052,1574,2,34,0,0,9,8,0,0,0,3,0,0,0,0,2,8,0,0,3,0,2,0,0,14,0,0,0,15,3,0,0,23,0,0,7,10,5,0,24,10,0,0,5,0,0,1,0,462,10,14,2,0,3,0,3,0,0,0,0,0,6,3,0,292,0,6,0,0,0,0,5,20,0,0,7,0,9,90,0,0,0,3,2,0,0,0,0,0,0,48,0,0,3,4,0,3,0,0,0,0,9,54,0,0,0,0,0,0,2,19,0,0,0,0,0,0,0,0,74,552,0,0,0,0,0,12,0,28,11,0,0,0,38,9,0,9,339,0,0,24,0,28,26,0,0,0,0,4,0,0,7,0,7,11,2,0,0,45,0,0,0,0,0,10,7,0,0,2,2,0,0,0,0,0,0,0,0,0,0,3,0,8,5,0,1,0,153,250,0,0,0,4,0,0,0,0,5,0,25,0,0,5,0,0,0,9,4,0,13,0,4,0,9,0,0,12,0,0,15,8,640,0,0,19,0,0,7,0,0,0
"D332",0,0,0,0,0,0,0,0,0,0,0,0,0,0,0,0,0,0,18,0,0,0,0,0,0,0,0,0,0,0,0,0,0,0,0,0,0,0,0,0,0,0,0,0,0,0,2,657,0,0,0,0,0,0,5,3,0,0,0,0,0,4,0,0,0,0,0,0,0,0,0,0,0,0,0,0,0,0,6,0,0,0,0,0,0,0,0,0,0,0,0,0,0,0,12,0,0,0,0,0,0,0,0,0,0,0,0,0,0,0,0,0,0,0,0,0,0,0,0,0,0,0,0,0,0,0,0,0,0,0,0,0,0,0,79,0,0,0,0,0,0,0,0,0,0,0,0,0,0,0,0,0,0,0,0,0,0,0,0,0,0,0,0,0,0,0,0,0,0,0,710,0,0,0,0,0,0,0,0,0,0,0,0,0,0,0,0,0,0,0,0,0,0,0,0,0,0,0,0,0,0,0,0,0,0,0,0,0,0,0,0,0,0,0,0,0,6,0,0,0,0,0,0,0,0,0,0,0,0,0,0,0,0,0,0,0,0,0,0,0,0,0,0,0,0,0,0,0,0,0,0,0,0,0,0,0,0,0,0,0,0,0,0,0,0,0,0,0,0,0,0,0,0,0,0,0,0,0,0,0,0,0,0,0,0,0,0,0,0,0,0,0,0,0,0,7203,0,0,0,0,0,0,2,0,0,0,0,0,0,0,0,0,0,0,0,0,0,0,0,0,0,0,0,0,0,0,0,2,0,0,0,0,0,0,0,0,0,0,0,0,0,0,0,0,0,0,0,0,0,0,0,0,0,0,0,0,0,0,0,0,2,0,0,0,0,0,0,0,0,0,0,0,0,0,0,0,0,0,0,0,0,9,0,0,0,0,0,0,0,0,0,0,0,7,0,0,0,0,0,0,0,0,0,0,0,0,0,0,0,0,0,0,0,0,0,0,0,0,0,0,0,0,16,0,0,0,0,0,0,0,0,0,0,0,0,0,0,0,0,0,0,0,0,0,0,0,0,0,0,0,0,0,0,0,0,0,0,0,0,0,0,0,0,0,0,0,0,0,0,0,0,0,0,0,0,0,0,0,0,0,0,0,0,0,0,15,0,0,0,0,0,0,0,0,0,0,0,0,0,0,0,0,0,0,0,0,0,0,0,0,0,0,0,0,0,0,0,0,0,0,0,0,0,0,0,0,0,0,0,0,0,0,0,0
"D333",0,0,0,0,0,0,0,0,0,0,0,0,0,0,0,0,0,0,0,12,0,0,0,0,0,0,0,0,0,0,0,0,0,0,0,0,0,0,0,0,0,0,0,0,0,0,0,0,0,0,0,0,0,0,0,0,0,0,0,0,2,0,0,0,0,0,54,0,0,0,0,0,0,0,0,0,0,0,0,0,0,0,0,0,0,0,0,0,0,0,0,0,0,0,0,0,0,0,0,0,0,0,35,16,0,0,0,0,0,0,0,0,0,0,0,0,0,0,0,0,0,0,0,0,0,0,66,0,0,0,0,0,0,0,10,113,0,0,0,0,0,0,0,0,0,0,0,0,0,0,0,0,0,0,0,0,72,0,0,0,0,0,0,0,0,0,0,0,0,0,0,0,0,0,0,0,0,0,0,0,0,0,0,0,0,0,0,0,0,0,0,0,0,0,0,0,0,0,0,0,0,0,0,0,0,0,0,0,0,0,0,0,0,0,0,0,15,0,0,0,0,0,0,0,0,12,0,0,0,0,0,0,0,0,7,0,0,0,0,0,0,0,0,0,0,0,0,0,0,0,48,0,0,0,0,0,13,0,0,0,0,0,0,0,0,0,0,0,0,0,0,1,0,0,0,17,0,11,0,0,0,0,0,0,0,0,0,0,0,0,0,0,0,0,0,0,0,0,0,0,0,0,0,0,0,3,0,0,0,0,0,0,0,0,0,0,0,0,0,0,0,0,0,8,0,0,0,0,38,0,0,0,0,0,0,0,0,0,0,0,0,0,0,0,0,0,0,0,0,0,0,0,0,0,0,0,0,0,0,0,0,0,0,0,0,0,0,0,0,0,0,0,0,0,0,0,0,0,0,0,0,0,0,0,0,0,0,0,0,4,0,0,0,0,0,0,0,0,0,0,0,8,20,0,0,0,0,0,0,0,0,0,0,0,0,0,0,0,0,0,0,0,0,0,0,9,0,0,0,0,0,0,0,0,0,0,0,0,0,0,0,0,0,0,0,0,0,0,0,0,0,0,0,0,0,0,0,0,0,0,0,0,0,0,0,0,0,0,0,0,0,0,0,0,4,0,0,0,0,0,0,0,0,0,0,0,0,0,0,0,0,0,0,0,0,0,0,0,0,0,0,0,0,0,0,0,0,0,0,0,0,0,0,0,0,0,0,0,0,0,0,0,0,0,0,0,0,0,0,0,0,0,32,0
"D334",0,0,0,0,0,0,0,0,0,0,0,0,24,0,0,0,0,0,4,0,0,0,0,0,109,0,0,0,0,0,0,12,0,0,0,0,0,0,0,0,0,0,0,8,0,0,0,75,0,0,0,0,0,0,0,0,0,0,0,0,0,27,0,0,56,0,0,0,0,0,0,0,0,0,0,0,0,0,0,0,0,0,0,0,0,0,0,0,0,7,0,0,0,0,0,0,0,0,0,0,0,0,0,0,0,0,30,0,0,0,0,46,0,0,105,0,0,0,0,0,0,0,0,0,0,0,0,0,0,0,0,0,0,0,34,0,0,0,0,0,0,0,0,0,0,0,0,0,0,0,0,0,0,0,0,0,0,0,0,0,0,0,185,0,0,0,0,0,0,0,0,0,0,0,0,0,0,0,0,0,0,0,0,0,0,0,0,0,0,2,0,0,0,0,181,0,0,0,0,0,0,0,0,0,3,0,0,0,0,0,0,0,1,0,0,40,0,0,30,0,0,0,0,0,0,0,0,0,0,0,0,0,4,0,0,0,0,0,0,0,0,0,0,0,0,0,0,0,2,0,27,0,0,0,0,0,0,0,0,0,0,0,0,7,0,0,0,0,0,0,9,22,0,0,0,71,0,0,0,0,0,0,0,0,0,0,0,0,0,0,0,0,0,0,6,0,0,0,0,0,0,0,0,0,0,20,0,0,0,129,20,0,0,0,0,0,0,5,0,0,0,6,0,0,0,0,0,0,0,0,0,0,0,0,0,0,0,0,242,0,0,0,0,0,0,0,0,0,0,0,0,0,0,0,0,0,0,0,0,0,5,0,0,0,0,0,0,0,0,0,0,0,0,0,0,0,0,0,2,0,0,0,0,0,0,0,52,0,0,0,0,0,0,0,0,0,0,0,0,0,0,46,0,0,0,0,0,0,0,0,0,0,0,28,0,0,0,0,0,0,0,0,0,0,0,0,0,0,0,0,0,0,0,0,0,0,6,0,13,0,0,0,0,0,0,0,0,0,0,356,0,0,0,0,0,0,0,0,0,0,0,0,0,0,0,0,0,0,0,0,0,0,0,0,0,0,0,0,0,0,0,0,0,0,0,0,0,0,2,0,0,91,3,0,44,0,0,4724,0,0,0,0,0,0,0,0,0,0,0,0,0,53,0,0,0,0,0,0,0,0,0,0,0,0,0,0,0,0,0,9,0,0,0,0
"D335",0,0,0,0,0,0,0,0,0,0,0,0,0,0,0,0,0,0,0,0,0,0,0,0,0,0,0,0,0,0,0,0,0,0,0,0,0,0,0,0,0,0,0,0,0,0,0,0,0,0,0,0,0,0,0,0,0,0,0,0,0,0,0,0,0,0,0,0,0,0,0,0,0,0,0,0,0,0,0,0,0,0,0,0,0,0,0,0,0,0,0,0,0,0,0,0,0,0,0,0,0,0,0,0,0,0,0,0,0,0,0,0,0,0,0,0,0,0,0,0,0,0,0,0,0,0,0,0,0,0,0,0,0,0,0,0,0,0,0,0,0,0,0,0,0,0,0,0,0,0,0,0,0,0,0,0,0,0,0,0,0,0,0,0,0,0,0,0,0,0,0,0,0,0,0,0,0,0,0,0,0,0,0,0,0,0,0,0,0,0,0,0,0,0,0,0,0,0,0,0,0,0,0,0,0,0,0,0,0,0,0,0,0,81,0,0,0,0,0,0,0,0,0,0,0,0,2,0,0,0,0,0,0,0,0,0,0,0,0,0,0,0,0,0,0,0,0,0,0,0,0,0,0,0,0,0,0,0,0,0,0,0,0,0,0,0,0,0,0,0,0,0,0,0,0,0,0,0,0,0,0,0,0,0,0,0,0,0,0,0,0,0,0,0,0,1448,0,0,0,0,0,0,0,113,0,0,0,0,0,0,0,0,0,0,0,0,0,0,0,0,0,0,0,0,0,0,0,0,0,0,0,0,0,0,0,0,0,0,0,0,0,0,0,0,0,0,0,0,0,0,0,0,0,0,0,0,0,0,0,0,0,0,0,0,0,0,0,0,0,0,0,0,0,0,0,0,0,0,0,0,0,0,0,0,0,0,0,0,0,0,0,0,0,0,0,0,0,0,0,0,0,0,0,0,0,0,0,0,0,0,0,0,0,0,0,0,0,0,0,0,0,0,0,0,0,0,0,0,0,0,0,0,0,0,0,0,0,0,0,0,0,0,0,0,0,0,0,0,0,0,0,0,0,0,0,0,0,0,0,0,0,0,0,0,0,0,0,0,0,0,0,0,0,0,0,0,0,0,0,0,0,0,0,0,0,0,0,0,0,0,0,0,0,0,0,0,0,0,0,0,0,0,0,0,0,0,0,0,0,0,0,0,0,0,0,0,0,0,0,0,0,0,0,0,0,0,0,0,0,0,0,0,0,0
"D336",0,0,5,0,0,0,0,2,8,2,0,6,5,0,0,4,16,0,0,0,0,3,0,0,0,0,0,2,0,4,0,5145,0,0,0,0,0,1,0,0,0,2,0,0,0,0,0,0,0,9,6,0,0,0,0,0,0,0,0,0,0,95,0,4,0,0,0,6,0,0,0,12,0,0,0,0,8,0,7,238,6,0,2,22,0,4,7,5,0,4,0,0,13,0,0,0,0,0,4,0,0,0,4,2,0,2,0,0,0,5,0,0,0,0,293,0,0,0,6,0,0,0,4,2,0,1,0,0,24,6,0,0,0,5,0,0,0,0,0,0,0,0,0,0,199,6,2,0,0,0,0,0,0,0,0,4,0,0,0,29,2,6,5,0,0,0,0,0,0,0,0,0,0,0,0,0,8,12,0,0,0,0,0,0,0,0,0,0,8,0,0,2,2,0,3,0,0,0,0,0,0,1,2,4,0,0,0,0,2,0,0,0,0,0,0,4,0,22,0,0,0,0,0,0,0,0,3,0,6,0,0,20,0,0,0,0,2,0,0,0,11,4,5,0,0,0,0,0,0,0,0,0,0,0,3,0,4,6,0,0,3,16,14,4,0,0,85,4,0,0,2,26,0,0,0,0,0,0,16,1,7,0,0,1,0,0,0,3,0,0,0,0,0,0,0,0,7,0,7,0,0,0,0,39,0,4,0,0,4,8,8,0,0,3,0,0,0,0,3,0,0,8,3,0,0,0,0,0,0,0,0,4,0,0,0,7,2,0,0,12,9,0,29,6,0,2,8,0,0,51,0,0,2,2,4,0,8,2,0,0,0,0,0,0,5,0,0,97,0,3,0,0,2,0,0,15,0,0,2,0,0,0,0,0,0,3,15,0,0,0,0,0,0,0,2,0,0,0,0,27,0,0,0,0,0,15,0,2,0,0,0,0,4,6,0,0,0,3,0,0,0,0,3,0,0,0,0,0,2,3,6,5,4,4,5,5,75,18,0,8,35,0,0,0,0,4,11,0,0,0,0,5,2,0,5,0,0,0,0,0,0,209,0,0,0,0,0,17,7,0,0,0,8,2,0,0,0,0,0,0,0,0,2,3,4,0,3,0,2,0,1,4866,0,0,0,6,0,5,6,0,3,0,9,0,0,0,10,0,0,14,1,0,8,0,0,7,2,0,0,0,0,0,3,14,24,0,0,14,0,0,8,0,0,0
"D337",0,0,0,0,0,0,0,0,0,0,0,0,0,0,0,0,0,0,0,0,0,0,0,0,0,0,0,0,0,0,0,0,0,0,0,0,0,0,0,0,0,0,0,0,0,0,0,0,0,0,0,0,0,0,0,0,0,0,0,0,0,0,0,0,0,0,0,0,0,0,0,0,0,0,0,0,0,0,0,0,0,0,0,0,0,0,0,0,0,0,0,0,0,0,0,0,0,0,0,0,0,0,34,0,0,0,0,0,0,0,0,0,0,0,0,0,0,0,0,0,0,0,0,0,0,0,0,0,0,0,0,0,0,0,0,0,0,0,0,0,0,0,0,0,0,0,0,0,0,0,0,0,0,0,0,0,5,0,0,0,0,0,0,0,0,0,0,0,0,0,0,0,0,0,0,0,0,0,0,0,0,0,0,0,0,0,0,0,0,0,0,0,0,0,0,0,0,0,0,0,0,0,0,0,0,0,0,0,0,0,0,0,0,0,0,0,0,0,0,0,0,0,20,0,0,0,0,0,0,0,0,0,0,0,0,0,0,0,0,0,0,0,0,0,0,0,0,0,0,0,0,0,0,0,0,0,0,0,0,0,0,0,0,0,0,0,0,0,0,0,0,0,0,0,0,0,0,0,0,0,0,0,0,0,0,0,0,0,0,0,0,0,0,0,0,0,0,0,0,0,0,0,0,0,0,0,0,0,0,0,0,0,0,0,0,0,0,0,0,0,0,0,0,0,0,0,0,0,0,0,0,0,0,0,0,0,0,0,0,0,0,0,0,0,0,0,0,0,0,0,0,0,0,0,0,0,0,0,0,0,0,0,0,0,0,0,0,0,0,0,0,0,0,0,0,0,0,0,0,0,0,0,0,0,0,0,0,0,0,0,0,0,0,0,0,0,0,0,0,0,0,0,0,0,0,0,0,0,0,0,0,0,0,0,0,0,0,0,0,0,0,0,0,0,0,0,0,0,0,0,0,0,0,0,0,0,0,0,0,0,0,0,0,0,0,0,0,0,0,0,0,0,0,0,0,0,0,0,0,0,0,0,0,0,0,0,0,0,0,0,0,0,0,0,0,0,0,0,0,0,0,0,0,0,0,0,0,0,0,0,0,0,0,0,0,0,0,0,0,0,0,0,0,0,0,0,0,0,0,0,0,0,0,0,0,0,0,0,0,0,0,0,0,0,0,0,0,0,0,0,0,0,0,0
"D338",0,0,0,0,0,0,0,4,0,0,0,0,2,0,0,0,2,0,482,0,0,3,0,0,0,0,0,0,0,0,0,0,0,0,0,0,0,0,0,2,0,0,0,0,6,0,0,812,341,6,0,0,0,0,0,0,0,0,0,0,0,9,0,2,0,0,1813,3,0,0,0,0,0,0,0,5,0,0,0,0,0,0,0,2,0,2,13,0,0,0,0,0,0,8,0,0,0,0,0,0,0,0,0,0,0,0,0,0,0,5,0,0,0,0,123,0,0,0,0,0,0,0,0,0,0,0,0,0,0,0,0,0,263,3,7185,0,0,0,603,0,0,0,2,0,0,0,0,0,0,0,0,0,0,0,12989,0,0,0,0,0,3,2,0,36,0,0,0,363,13,0,0,0,0,0,0,0,0,0,0,0,0,0,0,0,0,0,0,0,0,0,0,0,0,0,2,0,0,0,0,0,0,36,0,0,0,1,0,0,0,0,0,0,4,0,26,5,0,0,2,0,0,0,0,0,0,0,0,0,0,0,0,0,0,0,3,0,0,0,0,0,0,0,0,0,0,0,0,0,20,0,0,2,0,0,155,0,22,0,0,0,0,0,0,0,0,0,0,2,0,0,0,58,0,0,0,25,0,0,0,0,0,0,0,0,0,2,0,0,0,0,0,0,0,0,0,0,0,0,791,0,0,0,0,0,0,0,0,0,0,43,0,0,0,0,0,0,0,0,0,0,0,0,0,20,0,819,0,0,0,0,0,0,0,0,0,0,0,0,0,0,0,0,0,7,0,0,0,0,0,0,23,257,0,0,0,117,0,0,0,0,0,0,0,0,0,0,0,0,0,0,0,33,0,0,0,0,0,0,5,0,0,2,0,0,0,0,101,0,0,0,0,0,0,0,0,0,0,42,0,0,0,0,0,0,0,2,0,0,0,0,0,0,0,303,0,0,0,0,0,0,56,0,0,0,0,0,0,0,0,0,0,0,0,0,0,0,0,0,0,0,0,0,0,0,0,108,4,0,0,0,0,0,0,0,0,0,0,27,0,0,0,0,0,0,0,0,0,23,0,0,0,0,0,0,0,0,0,0,0,0,0,0,0,0,0,0,0,10,0,0,2,1118,0,0,0,0,0,0,2,0,0,0,4,0,0,0,6,0,0,0,0,3,0,0,0,0,0,0,0,2,0,0,0,0,168,11,0,1,0,350,7,0,157,0
"D339",0,0,0,0,0,0,0,0,0,0,0,0,0,0,0,0,0,0,0,0,0,0,0,0,0,0,0,0,0,0,0,0,0,0,0,0,0,0,0,0,0,0,0,0,0,0,0,0,0,0,0,0,0,0,0,0,0,0,0,0,0,0,0,0,0,0,0,0,0,0,0,0,0,0,0,0,0,0,0,0,0,0,0,0,0,0,0,0,0,0,0,0,0,0,0,0,0,0,0,0,0,0,0,0,0,0,0,0,0,0,0,0,0,0,0,0,0,0,0,0,0,0,0,0,0,0,0,0,0,0,0,0,0,0,0,0,0,2,0,0,0,0,0,0,0,0,0,0,0,0,0,0,0,0,0,0,0,0,0,0,0,0,0,0,0,0,0,0,0,0,0,0,0,0,0,0,0,0,0,0,0,0,0,0,0,0,0,0,0,0,0,0,0,0,0,0,0,0,0,0,0,0,0,0,0,0,0,0,0,0,0,0,0,0,0,0,0,0,0,0,0,0,0,0,0,0,0,0,0,0,0,0,0,0,0,0,0,2,0,0,0,0,0,0,0,0,0,0,0,0,0,0,0,0,0,0,0,0,0,0,0,0,0,0,0,0,0,0,0,0,0,8,0,0,0,0,0,0,0,0,0,0,0,0,0,0,0,0,0,0,0,0,0,0,0,0,0,0,0,0,0,0,0,0,0,0,0,0,0,0,0,0,0,0,0,0,0,0,0,0,0,0,0,0,0,0,0,0,0,0,0,0,0,0,0,0,0,0,0,0,0,0,0,0,0,0,0,0,0,0,0,0,0,0,0,0,0,0,0,0,0,0,0,0,0,0,0,0,0,0,0,0,0,0,0,0,0,0,0,0,0,0,0,0,0,0,0,0,0,0,0,0,0,0,0,0,0,0,0,0,0,0,0,0,0,0,0,0,0,0,0,0,0,0,0,0,0,0,0,0,0,0,0,0,0,0,0,0,0,0,0,0,0,0,0,0,0,0,0,0,0,0,0,0,0,0,0,3,0,0,0,0,0,0,0,0,0,0,0,0,0,0,0,0,0,0,0,0,0,0,0,0,0,0,0,0,0,0,0,0,0,0,0,0,0,0,0,0,0,0,0,0,0,0,0,0,0,0,0,0,0,0,0,2,0,0,0,0,0,0,0,0,0,0,0,0,0,0,0,0,0,0,0,0,0,0,0,0,0,0,0,0,0,0
"D340",0,0,0,0,0,0,0,0,0,0,0,0,0,0,0,0,0,0,0,0,0,0,0,0,0,0,0,0,0,0,0,0,0,0,0,0,0,0,0,0,0,0,0,204,0,0,0,0,0,0,0,0,0,0,0,0,0,0,0,0,0,0,0,0,0,0,0,0,0,0,0,0,0,0,0,0,0,0,0,0,0,0,0,0,0,0,0,0,0,0,0,0,0,0,0,0,0,0,0,0,0,0,0,0,0,0,0,0,0,0,0,0,0,0,0,0,0,0,0,0,0,0,0,0,0,0,0,0,0,0,0,0,0,0,0,6,0,0,0,0,0,0,0,0,0,0,0,0,0,0,0,0,0,0,0,0,0,0,0,0,0,0,0,0,0,0,0,0,0,0,0,0,0,0,0,0,0,0,0,0,0,0,0,0,0,0,0,0,0,0,0,0,0,0,0,0,0,0,0,0,0,0,0,0,2,0,0,0,0,0,0,0,0,0,0,0,0,0,0,0,0,0,0,0,0,0,0,0,0,0,0,0,0,0,0,0,0,0,0,0,0,0,0,0,0,0,0,0,0,0,0,0,0,0,0,0,0,0,0,0,0,0,0,0,0,0,0,0,0,0,0,0,0,0,0,0,0,0,0,0,0,0,0,0,0,0,0,0,0,0,0,0,0,0,0,0,0,0,0,0,0,0,0,0,0,0,0,0,0,0,662,0,0,0,0,0,0,0,0,0,0,0,0,0,0,0,0,0,0,0,0,0,0,0,0,0,0,2,0,0,0,0,0,0,0,0,0,0,0,0,0,0,0,0,0,0,0,0,0,0,0,0,0,0,0,0,0,0,0,0,0,0,0,0,0,0,0,0,0,0,0,0,0,0,0,0,0,0,0,0,0,0,0,0,0,0,0,0,0,0,0,0,0,0,0,0,0,0,0,0,0,0,0,0,0,0,0,0,0,0,0,0,0,0,0,0,0,0,0,0,0,0,0,0,0,0,21,0,0,0,0,0,0,0,0,0,0,0,0,4,0,0,0,0,0,0,0,0,0,0,0,0,0,1328,0,0,0,0,0,0,0,0,0,0,0,0,0,0,0,0,0,0,0,0,0,0,0,0,0,0,0,0,0,0,0,0,0,904,0,0,0,0,0,0,0,0,0,0,0,0,0,2,0,0,0,0,0,0,0,0,0,0,0,0,0,0,0,0,0,0,0,0,0,0
"D341",0,0,0,0,0,0,26,0,0,0,0,0,0,0,0,0,0,0,0,0,0,0,10,0,0,0,0,0,0,5,0,4,0,0,0,0,0,0,0,0,0,0,0,0,0,0,0,11,0,0,0,0,0,0,0,12,0,0,0,0,0,3,0,5,0,0,0,6,0,0,0,0,0,17,1,0,0,0,12,0,0,0,0,62,0,0,0,0,96,0,0,0,0,0,11,2,0,0,0,0,0,0,15,0,0,0,0,0,0,25,0,16,0,0,87,0,0,0,0,0,0,0,0,5,14,0,0,0,0,0,0,0,0,0,0,0,0,0,0,0,21,0,0,6,11,0,0,0,0,0,0,0,0,0,0,0,11,0,0,0,40,15,0,4,0,0,0,2,0,10,22,0,7,10,0,0,0,0,0,0,0,39,0,0,0,0,0,0,0,0,0,0,0,0,0,0,0,0,0,0,0,14,0,0,0,0,0,0,6,0,0,0,0,26546,0,23,4,0,0,0,0,0,0,0,21,0,0,0,16,0,0,3,0,0,5,0,0,1,0,0,0,0,0,0,0,0,0,0,3,0,0,0,0,0,0,0,0,0,0,0,0,0,0,7,0,0,0,0,0,0,0,85,0,0,0,3,0,0,0,0,0,0,0,0,0,0,0,0,0,0,0,0,0,0,0,0,0,0,0,0,0,0,0,0,0,0,0,0,0,20,0,0,11,0,0,0,0,0,2,3,0,28,0,0,4,0,0,26,0,23,0,0,0,0,0,0,0,0,0,0,5,0,0,0,0,0,0,0,0,0,0,24,2,10,0,0,0,0,0,0,16,0,0,0,0,0,0,6,0,1,0,0,0,0,0,15,0,0,2,0,31,5,0,0,0,0,17,0,4,0,0,0,0,33,0,0,0,25,0,0,15,0,0,0,0,0,0,0,0,0,0,0,0,0,0,0,0,0,0,0,8,0,0,0,8,0,0,0,0,0,0,0,0,0,0,0,10,0,0,0,2631,0,0,15,0,0,0,0,0,0,0,0,0,0,0,0,195,0,0,0,0,0,6,3,0,24,0,12,0,0,0,0,0,0,0,0,0,0,0,268,0,0,0,0,0,17,0,0,0,0,0,4,0,0,0,2,0,0,4,0,0,0,0,0,0,0,0,0,0,0,0,13,0,0,0,0,0,0,0,0,0,0,11,34,169,0,0,0,0,0,327,0,0,0
"D342",2,0,0,513,0,0,0,0,0,0,0,0,0,0,0,0,0,0,2,0,0,0,0,86,0,0,5,0,0,0,23,16,0,0,0,0,0,0,0,0,0,0,0,0,0,0,11,0,5,0,0,0,0,0,0,11,1,0,0,0,78,0,0,5,27,0,19,0,298,0,5,0,0,0,0,11,0,0,0,39,0,0,0,0,0,0,0,0,0,0,0,0,0,0,0,0,685,0,0,0,0,0,881,236,0,0,5,298,136,0,0,0,0,0,0,0,0,0,0,1116,0,0,0,86,0,0,45,47,0,0,0,0,0,0,45,0,0,0,0,0,0,0,0,509,0,0,0,0,0,4,0,11,84,0,15,0,340,0,0,0,0,0,10,0,0,3,0,0,0,0,0,6,0,0,0,0,0,0,0,0,0,0,0,40,0,0,0,0,0,0,0,0,0,0,0,0,476,70,0,0,0,0,0,0,46,0,0,0,0,0,0,0,0,0,3,0,39,0,0,0,0,0,0,170,0,187,0,0,0,15,0,0,0,0,5727,8,0,510,0,0,0,0,0,72,0,0,0,0,0,0,2,0,0,0,10,239,40,0,0,0,25,0,10,0,0,0,0,0,0,0,39,20,0,0,0,10,0,126,0,0,0,0,0,0,86,0,0,0,37,0,0,12,0,0,0,0,0,0,337,0,0,0,0,0,0,30,0,4,0,8,34,0,0,0,0,34,315,0,0,0,0,0,0,0,0,0,0,0,0,0,0,0,0,0,0,0,0,11,77,0,33,0,0,0,0,9,0,416,0,4,0,0,0,0,0,0,0,0,0,102,0,40,344,10,0,0,26,0,0,0,15,0,0,0,0,0,0,0,0,7,0,0,0,0,0,0,0,155,84,6,0,0,0,0,0,0,0,3,0,0,0,0,406,196,0,0,0,0,0,9,0,178,0,0,3,0,0,0,0,6,0,0,0,10,0,0,0,0,0,0,0,0,0,47,0,0,0,0,0,0,0,0,15,0,68,19,0,0,0,50,0,0,0,0,0,0,0,0,0,0,0,0,0,793,9,1308,0,0,0,0,0,0,0,0,904,0,0,0,0,0,0,0,0,0,0,20,0,0,0,0,0,3,0,0,0,0,296,0,0,0,0,0,0,0,0,0,0,0,0,0,0,25,0,0,0,0,0,0,0,0,0,896,0,0,0,0,0,0,0,0,0,0,105,0
"D343",0,0,0,0,0,0,10,0,0,0,0,0,0,0,0,0,0,0,0,0,0,0,0,0,0,0,0,0,0,0,0,0,0,0,0,0,0,0,0,0,0,0,0,0,0,0,0,0,0,0,0,0,0,0,0,0,0,0,0,0,0,0,0,0,0,0,0,0,0,0,0,0,0,0,0,0,0,0,0,0,0,0,0,0,0,0,0,0,0,0,0,0,0,0,0,0,0,0,0,0,0,0,0,0,0,0,0,0,0,0,0,0,0,0,0,0,0,0,0,0,0,0,0,0,0,0,0,0,0,0,0,0,0,0,0,0,0,0,0,0,0,0,0,0,0,0,0,0,0,0,0,0,0,0,0,0,0,0,0,0,0,0,0,0,0,0,0,0,0,0,0,0,0,0,0,0,0,0,0,0,0,0,0,0,0,0,0,0,0,0,0,0,0,0,0,0,0,0,0,0,0,0,0,0,0,0,2,0,0,0,0,0,0,0,0,0,0,0,0,0,0,0,0,0,0,0,0,0,0,0,0,0,0,0,0,0,0,0,0,0,0,0,0,0,0,0,0,0,0,0,0,0,0,0,0,0,0,0,0,0,0,0,0,0,0,0,0,0,0,0,0,0,0,0,0,0,0,0,0,0,0,0,0,0,0,0,0,0,0,0,0,0,0,0,0,201,0,0,0,0,0,0,0,0,0,0,0,0,0,0,0,0,0,0,0,0,0,0,0,0,0,0,0,0,0,0,0,0,0,0,0,0,0,0,0,0,0,0,0,0,0,0,0,0,0,0,0,0,0,0,0,0,0,0,0,0,0,0,0,0,0,0,0,0,0,0,0,0,0,0,0,0,0,0,0,0,0,0,0,0,0,0,0,0,0,0,0,0,0,0,0,0,0,0,0,0,0,0,0,0,0,0,0,0,0,0,0,0,0,0,0,0,0,0,0,0,0,0,0,0,0,0,0,0,0,0,0,0,0,0,0,0,0,0,0,0,0,0,0,0,0,0,0,0,0,0,0,0,0,0,0,0,0,0,0,0,0,0,0,0,0,0,0,0,0,0,0,0,0,0,0,0,0,0,0,0,0,0,0,0,0,0,0,0,0,0,0,0,0,0,0,0,0,0,0,0,0,0,0,82,0,0,0,0,0,0,0,0,0,0,0,0,0,0,0,0,0,0,0,0,0,0,0,0,0,0,0,0,0,0,0,0,0,0
"D344",0,0,2,0,0,0,0,13,29,0,0,8,8,6,14,0,0,0,0,0,0,2,0,0,30,0,0,0,0,16,22,265,0,0,0,0,2,8,3,0,0,58,0,1,11,0,0,62,0,17,41,0,12,0,2,0,0,0,0,2,0,244,0,96,0,0,0,3,0,0,1,3,2,34,1,0,0,0,157,87,2,0,7,19,4,0,0,0,0,6,6,0,9,0,224,2,0,0,6,0,0,5,0,0,0,6,0,0,0,5,0,5,0,0,1360,1,0,0,23,0,0,6,3,0,30,2,0,0,52,46,0,0,6,0,0,0,0,0,50,0,0,4,0,0,98,0,0,0,0,0,0,0,0,0,0,0,0,0,21,55,21,3,3,0,0,12,0,0,3,0,0,0,4,0,0,0,2,46,0,14,2,49,5,0,0,0,0,0,0,33,0,0,0,0,0,0,0,0,8,0,0,0,0,2,0,4,0,0,0,1,2,0,0,0,6,4,0,10,0,0,0,0,0,0,92,0,0,0,6,1,0,27,0,0,0,0,0,3,4,0,0,0,9,5,0,0,0,0,0,0,0,0,6,0,14,0,6,5,0,0,18,13,3,10,0,0,155,9,0,0,0,56,0,8,0,0,0,0,51,0,2,0,0,0,0,0,0,2,0,0,0,0,0,0,0,0,0,0,32,0,0,0,134,12,5,44,1,0,0,13,4,0,0,0,8,0,0,0,10,69,0,5,0,0,0,0,0,15,0,0,0,0,0,0,0,51,4,0,3,6,0,0,22,0,3,0,3,0,0,15,0,83,5,32,5,12,3,18,1,0,0,0,0,0,3,6,0,294,1,4,0,0,0,0,4,54,0,0,15,0,5,620,0,0,37,6,6,9,0,0,0,0,0,144,0,0,2,2,0,2,358,2,0,0,0,13,0,7,0,0,0,0,0,14,0,0,0,0,0,0,164,0,361,764,4,0,0,0,2,0,0,5,0,0,18,0,11,0,0,21,58,0,0,264,0,19,16,0,0,0,0,0,0,2,14,0,0,13,0,0,0,22,0,0,0,0,0,0,16,0,0,0,2,0,0,0,0,0,0,4,0,0,0,3,0,139,0,0,1,0,364,32,0,10,0,19,0,0,0,0,8,0,35,0,0,3,4,1,0,5,3,4,9,0,3,0,10,0,0,0,1,0,383,2,159,2,0,0,0,0,0,0,10,0
"D345",0,0,0,791,3,0,0,0,0,0,0,0,0,0,0,0,0,0,3,0,2,0,0,28,0,0,0,0,0,0,0,71,0,0,0,0,0,0,0,0,0,0,0,5,0,0,44,10,11,0,0,0,0,0,0,0,0,0,0,0,64,0,0,0,0,0,0,0,3,0,0,0,0,0,6,0,0,0,0,6,0,0,0,0,0,0,0,0,0,0,0,0,0,0,0,4,68,4,0,0,0,0,928,4215,0,0,0,25,27,0,0,0,0,0,0,0,0,0,0,105,0,0,0,284,0,0,272,4,0,0,0,0,0,0,7,0,0,0,0,0,3,0,0,6991,0,0,0,0,0,3,0,0,0,0,0,0,2541,0,0,0,0,0,4,0,0,1,0,2,0,0,0,0,0,57,0,0,0,0,0,0,0,0,0,2,0,0,0,0,0,0,0,0,0,0,0,0,67,16,0,0,0,0,0,0,9,0,0,0,0,0,0,0,0,0,0,0,113,0,0,0,0,0,0,70,0,481,0,0,0,0,0,0,0,0,500,0,0,1882,0,0,0,0,0,13,0,0,0,0,0,0,4,0,0,0,6,7,32,0,0,0,14,0,0,0,0,0,0,0,0,0,2,0,0,0,0,0,0,156,0,0,0,0,0,0,7,0,3,0,402,0,0,0,0,0,0,0,0,0,953,0,0,0,0,0,0,0,0,0,0,0,370,0,0,2,0,38,8,0,0,0,4,0,0,0,0,9,0,0,0,0,0,0,0,0,0,0,0,22,80,0,0,0,0,0,0,0,0,3,0,2,0,0,0,0,0,0,0,0,0,0,0,116,27,0,0,0,0,0,0,0,0,0,0,6,0,0,0,0,0,0,0,0,0,0,0,0,0,61,2,2,0,0,0,0,0,0,0,0,0,0,0,0,2087,0,0,0,0,0,0,0,0,54,0,3,0,0,0,0,0,0,0,0,0,0,0,0,77,0,6,0,0,0,0,150,0,0,1,0,0,0,0,0,2,0,0,0,0,0,0,0,0,0,0,0,0,0,0,0,0,0,0,0,0,101,13,190,0,0,0,0,0,0,0,0,66,0,0,0,0,0,0,0,0,0,0,0,0,0,0,0,0,0,0,0,0,0,39,0,0,0,0,0,0,10,3,0,0,0,0,0,0,0,0,0,3,0,0,0,0,0,0,186,0,0,0,0,0,0,0,0,0,0,0,0
"D346",0,0,0,0,0,0,0,0,0,0,0,0,0,54,7,0,0,11,0,0,0,0,0,0,0,0,0,0,0,0,0,0,0,0,0,0,0,0,0,0,0,0,0,0,77,0,0,0,2,0,0,0,0,0,0,0,0,0,0,1,0,0,93,0,0,0,0,0,0,0,0,0,0,0,0,0,0,0,77,0,0,0,21,491,0,0,0,0,0,0,0,0,0,0,0,36,0,0,0,0,0,0,0,0,0,0,0,0,0,0,0,6,0,0,412,0,0,0,3,0,0,0,0,0,0,1,0,0,2,0,0,0,0,0,0,0,0,0,0,0,0,0,0,0,0,0,0,0,0,0,0,0,0,0,0,0,0,0,0,0,0,0,4,0,0,0,0,0,0,0,0,10,0,0,0,0,0,575,0,0,0,0,0,0,0,0,0,0,0,0,0,0,0,0,0,0,0,0,0,0,0,0,0,0,0,466,0,0,0,0,0,0,0,0,0,0,0,0,0,0,0,0,0,0,0,0,0,0,9,0,0,0,0,0,0,0,0,0,0,0,0,0,0,0,0,0,0,0,0,0,0,0,0,0,0,0,0,0,0,0,0,13,0,506,0,0,22,0,0,0,0,0,0,0,0,0,0,0,0,0,0,0,0,0,0,0,0,0,0,0,0,0,0,0,0,0,0,0,0,0,0,0,0,0,0,0,0,0,0,0,0,0,0,0,91,0,0,0,0,0,0,61,0,0,0,0,0,0,0,0,0,0,0,0,0,0,0,0,0,10,6,0,0,0,0,0,0,0,0,0,0,0,0,146,0,0,0,0,0,0,0,0,0,0,0,0,0,30857,0,0,0,0,0,0,0,0,0,0,0,655,0,0,0,0,0,0,0,0,0,0,0,0,0,0,0,0,0,0,0,0,0,0,0,0,0,10,0,0,0,0,0,0,0,0,0,0,0,0,0,12,0,0,0,0,0,0,0,0,0,0,0,12,2,0,0,0,0,0,0,229,10,0,0,0,0,0,0,0,0,0,0,0,0,0,0,0,0,0,0,0,11,2,0,0,0,0,0,0,0,0,0,0,0,0,0,0,0,0,0,0,0,0,0,0,8,0,0,0,0,0,51,0,0,0,0,0,0,0,0,0,0,0,0,0,0,0,146,0,4,12,0,0,53,0,0,0,313,0,0,0,4,0,0,0,0,6,33,0,17,0,0,0,0,0
"D347",0,0,0,0,0,0,0,0,0,0,0,0,0,0,0,0,0,0,0,0,0,0,0,11229,0,0,0,0,0,0,0,0,0,0,0,0,0,0,0,2273,0,0,0,0,0,0,0,0,0,0,0,0,0,0,0,0,0,0,0,0,0,0,0,0,0,0,0,0,34,0,0,0,0,0,0,0,0,0,0,0,0,0,0,0,0,0,0,0,0,0,0,0,0,0,0,0,7547,0,0,0,0,0,0,0,0,0,0,3882,0,0,0,0,0,0,0,0,0,0,0,36,0,0,0,0,0,0,0,1376,0,0,0,0,0,0,0,0,0,0,0,0,0,0,0,0,0,0,0,0,0,0,0,0,1,0,0,0,0,0,0,0,0,0,0,0,0,0,0,0,0,0,0,0,0,0,0,0,0,0,0,0,0,0,0,16,0,0,0,0,0,0,0,0,0,0,0,0,122,338,0,0,0,0,0,0,0,0,0,0,0,0,0,0,0,0,0,0,0,0,0,0,0,0,0,0,0,0,0,0,0,0,0,0,0,0,7511,609,0,3,0,0,0,0,0,0,0,0,0,0,0,0,0,0,0,0,0,0,0,0,0,0,0,0,0,0,0,0,0,0,0,0,0,0,0,0,0,0,0,0,0,0,0,0,0,0,2682,0,0,0,0,0,0,0,0,0,0,0,0,0,0,0,0,0,0,0,0,0,0,0,0,0,0,0,0,0,0,0,914,0,0,0,0,0,0,0,0,0,0,0,0,0,0,0,0,0,0,0,0,0,0,0,0,0,0,0,0,0,0,161,0,0,0,0,0,0,0,0,0,0,0,0,0,0,2636,0,0,0,1835,0,0,0,102,0,0,3,0,0,0,0,0,0,0,0,0,0,0,0,0,0,0,0,0,0,0,0,0,0,0,0,0,0,0,0,0,80,0,0,0,0,0,0,0,0,0,0,0,0,0,0,0,0,0,0,0,0,0,137,12530,0,2,0,0,0,0,0,0,0,0,0,0,0,0,0,22,0,0,0,0,0,0,0,0,0,0,0,0,0,0,0,0,0,0,0,0,0,0,0,0,0,0,0,0,0,0,0,0,0,0,0,0,0,0,0,0,0,0,0,0,0,0,0,0,0,0,0,0,0,3415,0,0,0,0,0,0,0,0,0,0,0,0,0,0,0,0,0,0,0,0,0,0,0,0,72,0,0,0,0,0,0,0,0,0,0,0,0
"D348",5,0,0,121,0,0,1,0,0,0,3,0,0,0,0,0,0,0,0,2,0,0,0,60,0,0,15,0,4,0,0,0,3,0,0,0,0,0,0,0,0,0,0,8,0,0,5,0,14,0,0,0,0,0,0,13,0,0,11,0,13,0,0,0,0,0,19,0,5,0,0,0,0,0,0,0,0,0,0,0,0,0,0,0,0,0,0,0,0,0,0,0,0,0,0,0,34,0,0,0,0,0,894,22,0,0,0,153,9,0,2,0,0,2,0,0,0,0,0,0,0,0,0,96,0,0,0,7,0,0,0,0,0,0,0,0,0,0,0,0,0,0,0,3,0,0,0,0,0,0,0,0,4,0,19,0,297,0,0,0,0,0,11,0,0,4,0,0,0,0,0,10,0,6,0,0,0,0,0,0,0,0,0,13,0,0,0,0,0,0,0,0,0,0,0,0,9,22,0,0,0,0,0,0,0,0,0,0,0,0,0,0,0,0,0,0,4,0,0,0,0,0,0,0,0,0,0,0,0,0,0,0,0,0,790,12,0,84,0,0,0,0,0,0,0,0,0,31,0,0,0,0,0,0,0,0,5,0,0,0,6,0,0,0,0,0,0,0,0,0,0,0,0,0,0,0,0,0,0,0,0,0,0,0,23,0,0,0,31,0,0,0,0,0,0,0,0,0,91,0,0,0,0,0,0,23,0,0,0,6,44,0,0,0,0,0,11,2,0,0,0,0,0,0,0,5,0,0,0,6,0,0,0,0,0,0,0,14,3,0,0,0,0,0,0,0,0,5,0,0,0,0,0,0,0,0,0,0,0,0,0,54,73,0,0,0,8,0,0,0,2,0,0,0,0,0,0,0,0,0,0,0,0,0,0,0,2,35,4,0,0,0,0,0,0,0,2,0,0,0,0,0,2,3,0,0,0,0,0,4,0,55,0,12,0,0,0,0,0,0,0,0,0,0,0,32,132,0,0,0,0,0,0,0,0,0,0,0,0,0,0,0,8,0,1,0,0,0,0,0,0,0,0,0,0,0,0,0,0,0,0,0,0,4,101,692,0,0,0,0,0,0,0,0,39,0,0,0,0,0,0,0,0,0,0,0,0,0,0,0,3,2,0,0,0,0,19,0,0,0,0,0,0,0,0,0,0,0,0,0,0,0,0,0,0,0,0,0,0,0,0,0,0,0,0,0,0,0,0,0,0,0,0,0
"D349",0,0,0,0,0,0,0,0,0,0,0,0,0,0,0,0,0,0,0,0,0,0,0,0,0,0,0,0,0,0,0,0,0,0,0,0,0,0,0,112,0,0,0,0,0,0,0,0,0,0,0,0,0,0,0,0,0,0,0,0,0,0,0,0,0,0,12,0,0,0,0,0,0,0,0,0,0,0,0,0,0,0,0,0,0,0,0,0,0,0,0,0,0,0,0,0,72,0,0,0,0,0,11,28,0,0,0,130,0,0,0,0,0,0,0,0,0,0,0,0,0,0,0,26,0,0,4,0,0,0,0,0,0,0,0,0,0,0,10,0,0,0,0,0,0,0,0,0,0,0,0,0,0,0,0,0,0,0,0,0,0,0,0,0,0,0,0,5,0,0,0,33,0,0,0,0,0,0,0,0,0,0,0,0,0,0,0,0,0,0,0,0,0,0,0,0,0,88,0,0,0,0,0,0,0,0,0,0,0,0,0,0,0,0,0,0,30,0,0,0,0,0,90,0,0,0,0,0,0,0,0,0,0,0,115,0,0,0,0,0,0,0,0,0,0,0,0,0,0,0,0,0,0,0,0,0,19,0,0,0,0,0,0,0,0,0,0,0,0,0,0,413,0,0,0,0,0,20,0,0,0,0,0,0,0,0,0,0,0,0,0,0,0,0,0,64,0,0,0,0,0,0,0,16,0,0,0,0,0,0,0,0,0,0,0,0,49,0,0,0,0,0,0,0,0,6,0,0,0,0,0,0,0,0,0,0,0,8,0,0,128,0,0,0,0,0,0,0,0,0,0,0,0,0,0,0,0,0,0,0,0,0,54,0,0,0,0,0,0,0,0,0,0,0,0,0,0,0,0,0,0,0,0,0,0,0,0,0,0,0,0,0,0,0,0,0,0,0,0,0,0,0,0,0,0,0,0,0,0,0,0,53,0,0,0,0,0,0,0,0,0,0,0,0,0,0,30,0,0,0,0,0,0,0,0,0,0,0,0,0,0,0,0,0,0,0,0,0,0,0,0,0,0,0,0,0,0,0,0,0,0,0,0,30,0,242,0,0,0,0,0,0,0,0,11,0,0,0,0,0,0,0,0,0,0,0,0,0,0,0,0,0,0,0,0,0,0,0,0,0,0,0,0,0,91,0,0,0,0,0,0,23,0,0,0,0,0,0,0,0,0,13,0,0,0,0,0,0,0,0,0,0,0,0
"D350",0,0,0,0,0,0,0,0,0,0,0,0,0,0,0,0,0,0,0,0,0,0,0,0,0,0,0,0,0,0,0,0,0,0,0,0,0,0,0,0,0,0,0,0,0,0,0,0,0,0,0,0,0,0,0,0,0,0,0,0,0,0,0,0,0,0,0,0,0,0,0,0,0,0,0,0,0,0,0,0,0,0,0,0,0,0,0,0,0,0,0,0,0,0,0,0,0,8,0,0,0,0,0,0,0,0,0,0,0,0,0,0,0,0,0,0,0,0,0,0,0,0,0,0,0,0,0,0,0,0,0,0,0,0,0,0,0,0,0,0,0,0,0,0,0,0,0,0,0,0,0,0,0,0,0,0,0,0,0,0,0,0,0,0,0,0,0,0,0,0,0,0,0,0,0,100,0,0,0,0,0,0,0,0,0,0,0,0,0,0,0,0,0,0,0,0,0,0,0,0,0,0,0,0,279,0,0,0,0,0,0,0,0,0,0,0,0,0,0,0,0,0,0,0,0,0,0,0,0,0,0,0,0,0,0,0,0,4,0,0,0,0,0,0,0,0,0,0,0,0,0,0,0,0,0,0,0,0,0,0,0,0,0,0,0,0,0,0,0,0,0,0,0,0,0,0,0,0,0,0,0,0,0,0,0,0,0,0,0,54,0,0,0,0,0,0,0,0,0,0,0,0,0,0,0,0,0,0,0,0,0,0,0,0,0,0,0,0,0,0,0,0,0,0,0,0,0,0,0,0,0,0,0,0,0,0,0,0,0,0,0,0,0,0,0,0,0,0,0,0,0,0,0,0,0,0,0,0,0,0,0,0,0,0,0,0,0,0,0,0,0,0,0,0,0,0,0,0,0,0,0,0,0,0,0,0,0,0,0,0,0,0,0,0,0,0,0,0,0,0,0,0,0,0,0,0,0,0,0,0,0,0,0,0,0,0,0,0,0,0,0,0,0,0,0,0,0,0,0,0,0,0,0,0,0,0,0,0,0,0,0,0,0,0,0,0,0,0,0,259,0,0,0,0,0,0,0,0,0,0,0,0,0,4,0,2,0,0,0,0,0,0,0,0,0,0,0,0,0,0,0,0,0,0,0,0,0,0,0,0,0,0,0,0,0,0,0,8334,0,0,0,0,0,0,0,0,0,0,0,0,0,440,0,0,0,0,0,0,0,0,0,0,0,0,0,0,0,0,0,0,0,0,0,0
"D351",0,0,0,0,0,0,0,0,0,0,0,0,0,0,0,0,0,0,0,0,0,0,0,0,0,0,0,0,0,0,0,0,0,0,0,0,0,0,0,0,0,0,0,0,0,0,0,0,0,0,0,0,0,0,0,0,0,0,0,0,0,0,0,0,0,0,0,0,0,0,0,0,0,0,0,0,0,0,0,0,0,0,0,0,0,0,0,0,0,0,0,0,0,0,0,0,0,0,0,0,0,0,21,0,0,0,0,0,0,0,0,0,0,0,0,0,0,0,0,0,0,0,0,0,0,0,0,0,0,0,0,0,0,0,0,0,0,0,0,0,0,0,0,0,0,0,0,0,0,0,0,0,0,0,0,0,0,0,0,0,0,0,0,0,0,0,0,0,0,0,0,0,0,0,0,0,0,0,0,0,0,0,0,0,0,0,0,0,0,0,0,0,0,0,0,0,0,0,0,0,0,0,0,0,0,0,0,0,0,0,0,0,0,0,0,0,0,0,0,0,0,0,3,0,0,0,0,0,0,0,0,0,0,0,8,0,0,4,0,0,0,0,0,0,0,0,0,0,0,0,0,0,0,0,0,0,2,0,0,0,0,0,0,0,0,0,0,0,0,0,0,0,0,0,0,0,0,0,0,0,0,0,0,0,0,0,0,0,0,0,0,0,0,0,0,546,0,0,0,0,0,0,0,0,0,0,0,0,0,0,0,0,0,0,0,0,0,0,0,0,0,0,0,0,0,3,0,0,0,0,0,0,0,0,0,0,0,0,0,0,0,0,0,0,0,0,0,0,0,0,0,0,0,0,0,0,0,0,0,0,0,0,0,0,0,0,0,0,0,0,0,0,0,0,0,0,0,0,0,0,0,0,0,0,0,0,0,0,0,0,0,0,0,0,0,0,0,0,0,0,0,0,0,0,0,0,0,0,0,0,0,0,0,0,0,0,0,0,0,0,0,0,0,0,0,0,0,0,0,0,0,0,0,0,0,0,0,0,0,0,0,0,0,0,0,0,0,0,0,0,0,0,0,0,0,0,0,0,0,0,3,0,0,0,0,0,0,0,0,0,0,0,0,0,0,0,0,0,0,0,0,0,0,0,0,0,0,0,0,0,0,0,0,0,0,0,0,0,0,0,0,0,0,0,2,0,0,0,0,0,0,0,0,0,0,0,0,0,0,0,0,0,0,0,0,0,0,0,0,0,0,0,0,0
"D352",0,0,0,0,0,0,0,0,0,0,0,0,0,0,0,0,0,0,0,0,0,0,0,0,0,0,0,0,0,0,54,0,0,0,0,42,0,0,0,0,0,0,0,0,3,0,0,0,0,0,0,0,0,0,0,0,0,0,0,0,0,0,0,0,0,0,2644,0,0,0,0,0,0,0,0,0,0,0,0,0,0,0,0,0,0,0,0,0,0,0,0,0,0,0,0,0,0,0,0,0,0,0,0,0,0,0,14,0,0,0,0,0,0,0,0,0,0,0,0,0,0,0,0,0,0,0,0,0,0,0,0,0,0,0,0,0,0,0,0,0,0,0,0,0,0,0,0,0,0,0,0,0,0,0,1324,0,0,0,0,0,0,0,284,0,0,0,0,0,0,0,0,0,0,0,0,0,0,0,0,0,0,0,0,0,0,0,0,0,0,3,0,0,0,0,0,0,0,0,0,0,0,0,0,0,0,0,0,0,0,0,0,0,0,0,0,0,0,0,4,0,0,0,0,0,0,0,0,0,0,4,0,0,241,0,0,0,0,0,0,0,0,0,0,0,0,0,0,223,0,0,1,0,0,0,0,0,82,0,0,0,6,0,0,0,0,0,0,0,0,0,0,0,0,0,0,1,0,0,0,0,0,0,0,0,0,0,2,0,0,0,0,0,0,0,0,0,0,0,0,0,0,0,0,0,0,18,0,0,0,0,340,0,0,0,0,0,0,0,0,0,0,0,0,0,0,0,0,0,0,0,0,0,0,0,0,0,0,0,5,0,0,0,0,0,0,0,0,0,0,2,0,0,0,0,0,0,0,0,0,0,0,0,0,0,0,0,0,0,0,0,0,0,0,0,0,0,0,0,0,0,0,0,0,0,0,0,0,0,0,0,0,0,0,0,0,0,0,0,0,0,0,0,3177,0,0,0,0,0,0,108,0,0,0,84,0,0,0,0,0,0,0,0,0,0,0,0,0,0,0,0,0,0,0,0,0,0,0,0,0,0,0,0,0,0,0,0,0,0,0,0,0,0,0,0,0,0,0,0,0,0,0,0,0,0,0,0,0,0,0,0,0,0,0,0,0,0,0,0,0,0,0,0,0,0,0,0,0,0,0,0,0,0,0,0,0,0,0,0,0,0,0,0,0,0,37,0,0,0,0,0,0,0,0,0,0,0,0,0,0,0,0,0,0,0,0,0,0,0,0,0,0,0,0,0
"D353",0,0,0,0,0,0,0,0,0,0,0,0,0,0,0,0,0,0,0,0,0,0,0,0,0,0,5,0,0,0,2,0,0,0,0,0,0,0,0,2,0,0,0,0,0,0,0,0,0,0,0,0,0,0,0,2,0,0,0,0,0,0,0,0,0,0,0,0,0,0,0,0,0,7,0,0,0,0,20,0,0,0,0,54,0,0,3,0,106,0,0,0,0,0,10,0,0,0,0,0,0,0,3,0,0,0,0,0,0,9,0,0,0,0,332,0,0,0,0,0,0,0,0,0,32,0,0,0,0,0,0,0,0,0,5,0,0,0,0,0,0,0,0,0,0,0,0,0,0,0,0,0,0,0,0,0,0,0,0,0,5,0,0,0,0,0,0,0,0,0,1,0,14,0,0,0,2,0,0,0,0,37,0,0,0,0,0,0,0,4,0,0,0,0,0,0,0,0,0,0,0,3,0,0,0,0,0,0,9,0,0,0,0,2112,0,0,0,0,0,0,0,0,0,0,0,0,0,0,16,0,0,5,0,0,2,0,0,0,0,0,0,0,0,0,0,0,0,0,0,0,0,0,0,0,0,0,0,0,0,0,3,0,0,2,0,0,0,0,0,0,0,2,0,0,0,0,0,0,0,0,0,0,0,0,0,0,0,0,0,0,0,0,0,0,0,0,0,0,1,0,0,0,2,0,0,0,0,0,0,5,0,0,0,0,0,0,0,0,5,0,0,3,0,0,0,0,0,13,0,0,0,0,0,0,0,0,0,0,0,0,0,0,0,0,0,0,0,0,0,2,1,64,0,0,0,0,0,0,0,0,3,0,0,0,0,0,0,0,0,0,0,2,0,0,0,0,0,0,0,0,12,6,0,0,4,0,7,0,0,3,0,0,0,15,0,0,0,18,0,0,6,0,0,0,2,0,0,0,0,0,0,0,0,0,0,0,0,0,0,0,0,0,37,29,0,0,0,0,0,0,0,0,0,0,0,0,0,0,0,0,498,0,0,2,0,0,0,0,0,0,0,0,0,0,0,0,48,0,0,0,0,0,0,0,0,11,0,2,0,0,0,0,0,0,0,0,0,0,0,47,0,0,0,0,0,16,0,0,0,0,0,0,0,0,0,0,0,0,0,0,0,0,0,2,0,0,0,0,0,0,0,2,0,0,0,0,2,0,0,0,0,0,100,3,40,0,0,0,0,0,41,0,4,0
"D354",0,0,0,0,0,0,0,0,0,0,0,0,0,0,0,0,0,0,0,0,0,0,0,0,0,0,4,0,0,0,0,0,0,0,0,0,0,0,0,0,0,0,0,0,0,0,0,30,0,0,0,0,0,0,0,0,0,0,0,0,0,0,0,0,2185,0,0,0,0,0,0,0,0,0,0,0,0,0,0,0,0,0,36,0,0,0,0,0,0,0,0,0,0,0,0,0,0,0,0,0,0,0,0,0,0,0,0,0,0,0,0,180,0,0,0,0,0,0,0,0,0,0,0,0,0,0,0,0,0,0,0,0,0,0,0,0,0,0,0,0,0,0,0,0,0,0,0,0,0,0,0,0,0,0,0,0,0,0,0,0,0,0,11,0,0,0,0,0,0,0,0,0,0,0,0,0,0,0,0,0,0,0,0,0,0,0,0,0,0,0,0,0,0,0,0,0,0,0,0,0,0,0,0,0,0,0,0,0,0,0,0,0,0,0,0,0,0,0,0,0,0,0,0,0,0,0,0,0,0,0,0,0,0,0,0,0,0,0,0,0,0,0,0,0,0,0,0,0,0,0,0,0,0,0,0,0,0,0,0,0,0,0,0,0,0,0,0,0,0,0,0,0,0,0,0,0,0,0,0,0,0,0,0,0,0,0,0,0,0,0,0,0,0,0,0,0,0,0,0,0,0,0,0,0,0,0,0,0,0,3,149,0,0,0,0,0,0,0,0,0,0,0,0,0,0,0,0,0,0,0,0,0,0,0,0,0,0,0,25,0,0,0,0,0,0,0,0,0,0,0,0,0,0,0,0,0,0,0,0,0,0,0,0,0,0,1,0,0,0,0,0,0,0,0,0,0,0,0,0,0,0,0,0,0,0,0,0,0,0,0,0,0,0,0,0,0,0,0,0,0,0,0,6,0,0,0,0,0,0,0,0,0,0,0,0,0,0,0,0,0,0,0,0,0,0,0,0,0,0,0,0,0,0,0,0,0,0,0,0,0,0,0,0,0,0,0,0,0,0,0,0,0,0,0,0,0,0,0,0,0,0,0,0,0,0,0,0,0,0,0,0,0,0,0,0,0,0,0,0,0,0,0,0,0,0,0,0,0,0,0,0,19,0,0,0,0,0,0,0,0,0,0,0,0,0,0,0,0,5,0,0,35,0,0,0,0,0,0,0,0,0,0,0,0,0,0,0,0,0,0,0,0,0,0
"D355",0,0,0,0,0,0,0,0,0,0,0,0,0,0,0,0,0,0,0,0,0,0,0,0,0,0,0,0,0,0,0,0,0,0,0,0,0,0,0,0,0,0,0,0,0,0,0,0,0,0,0,0,0,0,0,0,0,0,0,0,0,0,0,0,0,0,0,0,0,0,0,0,0,0,0,0,0,0,0,0,0,0,0,0,0,0,0,0,0,0,0,0,0,0,0,0,0,0,0,0,0,0,0,0,0,0,0,0,0,0,0,0,0,0,0,0,0,0,0,0,0,0,0,0,0,0,0,0,0,0,0,0,0,0,0,0,0,0,0,0,0,0,0,0,0,0,0,0,0,0,0,0,0,0,0,0,0,0,0,0,0,0,0,0,0,0,0,0,0,0,0,0,0,0,0,0,0,0,0,0,0,0,0,0,0,0,0,0,0,0,0,0,0,0,0,0,0,0,0,0,0,0,0,0,0,0,0,0,0,0,0,0,0,0,0,0,0,0,0,0,0,0,0,0,0,0,0,0,0,0,0,0,0,0,0,0,0,0,0,0,0,0,0,0,0,0,0,0,0,0,0,0,0,0,0,0,0,0,0,0,0,0,0,0,0,0,0,0,0,0,0,0,0,0,0,0,0,0,0,0,0,0,0,0,0,0,0,0,0,0,0,0,0,0,0,95,0,0,0,0,0,0,0,0,0,0,0,0,0,0,0,0,0,0,0,0,0,0,0,0,0,0,0,0,0,0,0,0,0,0,0,0,0,0,0,0,0,0,0,0,0,0,0,0,0,0,0,0,0,0,0,0,0,0,0,0,0,0,0,0,0,0,0,0,0,0,0,0,0,0,0,0,0,0,0,0,0,0,0,0,0,0,0,0,0,0,0,0,0,0,0,0,0,0,0,0,0,0,0,0,0,0,0,0,0,0,0,0,0,0,0,0,0,0,0,0,0,0,0,0,0,0,0,0,0,0,0,0,0,0,0,0,0,0,120,0,0,0,0,0,0,0,0,0,0,0,0,0,0,0,0,0,0,0,0,0,0,0,0,0,0,0,0,0,0,0,0,0,0,0,0,0,0,0,0,0,0,0,0,0,0,0,0,0,0,0,0,0,0,0,0,0,0,0,0,0,0,0,0,0,0,0,0,0,0,0,0,0,0,0,0,0,0,0,0,0,0,0,0,0,0,0,0,0,0,0,0,0,0,0,0,0,0,0
"D356",3,32,117,22,23,4,13,0,6,0,0,0,0,0,0,0,0,0,19,155,57,0,0,16,0,9,0,0,1,0,8,0,1,2,0,0,5,0,2,27,1,0,0,0,0,14,3,0,458,0,0,110,7,0,0,0,9,0,0,7,16,0,0,2,0,3,2,0,0,0,3,56,0,0,0,1,4,0,0,0,0,95,0,0,0,0,0,0,0,0,0,5,0,0,0,0,0,0,8,50,0,6,7094,694,0,0,31,57,6,0,19,0,1,12,0,0,17,0,0,18,100,9,0,0,0,0,12857,24,0,0,17,8,21,15,0,55,2,30,10,0,13,1,51,13,0,0,0,0,0,0,30,39,0,9,0,0,4684,0,10,0,0,0,1,0,0,9,0,0,0,0,0,1,0,1,3,0,0,0,2,4,0,0,0,0,0,0,0,33,0,2,0,9,0,200,0,1,28,5,0,3,6,0,0,0,2,0,164,5,1,98,0,0,0,0,0,0,10,0,4,2,57,3,0,0,0,0,0,0,0,0,0,4,0,0,128,2,2,49,104,7,0,0,0,0,2,0,6,0,0,0,0,9,0,0,634,0,6,0,8,7,20,0,0,0,0,0,0,0,0,3,0,0,0,1,46,2,4,10,0,106,21,0,0,19,5,0,3,0,78,2,0,5,9,11,0,0,10,17,255,0,18,50,0,0,1,1,4,25,109,0,0,8,0,41,33,0,0,5,0,0,0,0,4,15,8,10,7,0,36,43,21,0,4,2,0,0,1,8,0,0,0,8,0,2,0,0,67,0,6,0,0,0,0,0,5,2,0,2,25,0,4,6,5,40,0,0,2,0,5,0,0,0,0,0,0,0,19,49,0,0,0,0,0,5,0,25,5,0,0,0,2,25,2,0,0,0,0,0,7,0,0,1801,8455,0,0,0,2,0,12,31,0,0,0,107,6,0,0,0,2294,2,13,0,0,0,0,0,21,45,0,0,0,14,0,0,0,0,0,0,0,0,0,0,0,0,12,2,122,0,0,0,3,0,6,0,0,30,0,8,4,0,8,0,159,0,0,62,0,0,32,2,0,0,0,0,3,0,28,5,17,0,4,0,1,0,17,0,3,0,0,0,0,0,2,0,0,0,8,0,0,79,0,0,113,0,11,2,0,0,0,0,80,681,0,1,0,7,0,3,16,0,0,6,0,0,0,0,0,141,0,0,0,0,0,18
"D357",0,0,0,0,0,0,0,0,0,0,0,0,0,0,0,0,0,0,0,0,0,0,0,0,0,0,0,0,0,0,0,0,0,0,0,0,0,0,0,0,0,0,0,0,0,0,0,0,0,0,0,0,0,0,0,0,0,0,0,0,0,0,0,0,3,0,0,0,0,0,0,0,0,0,0,0,0,0,0,0,0,0,0,0,0,0,0,0,0,0,0,0,0,0,0,0,0,0,0,0,0,0,0,0,0,0,0,0,0,0,0,0,0,0,0,0,0,0,0,0,0,0,0,0,0,0,0,0,0,0,0,0,0,0,0,0,0,0,0,0,0,0,0,0,0,0,0,0,0,0,0,0,0,0,0,0,0,0,0,0,0,0,0,0,0,0,0,0,0,0,0,0,0,0,0,0,0,0,0,0,0,0,0,0,0,0,0,0,0,0,0,0,0,0,0,0,0,0,0,0,0,0,0,0,0,0,0,0,0,0,0,0,0,0,0,0,0,0,0,0,0,0,0,2,0,0,0,0,0,0,0,0,0,0,2,0,0,0,0,0,0,0,0,0,0,0,0,0,0,0,0,0,0,0,0,0,0,0,0,0,0,0,0,0,0,0,0,0,0,0,0,0,0,0,0,0,0,0,0,0,0,0,0,0,0,0,0,0,0,0,0,0,0,0,0,0,0,0,0,0,0,0,0,0,0,0,0,0,0,0,0,0,0,0,0,23,0,0,0,0,0,0,0,0,0,0,0,0,0,0,0,0,0,0,0,0,0,0,0,0,0,0,0,0,0,0,0,0,0,0,0,0,0,0,0,0,0,0,0,0,0,0,0,0,0,0,0,0,0,0,0,0,0,0,0,0,0,0,0,0,0,0,0,0,0,0,0,45,0,0,0,0,0,0,0,0,0,0,0,0,0,0,0,0,0,0,0,0,0,0,0,0,0,0,0,0,0,0,0,0,0,0,0,0,0,0,0,0,0,0,0,0,0,7,0,0,0,0,0,0,0,0,0,0,0,0,0,0,0,12,0,0,0,0,0,0,0,0,0,0,0,0,0,0,0,0,0,0,0,0,0,0,0,0,0,0,0,0,0,0,0,0,0,0,0,0,0,0,0,0,0,0,0,0,0,0,0,0,0,0,0,0,0,0,0,0,0,0,0,0,0,0,0,0,0,0,0,0,0,0,0,0,0,0,0,0,0,0,0,0,0,0,0,0
"D358",0,0,0,0,0,0,0,0,0,0,17,0,0,24,0,0,0,21,0,0,0,0,0,0,0,0,0,0,0,0,0,0,0,0,0,0,0,0,0,0,0,0,0,0,57,0,0,0,0,0,0,0,0,0,0,0,0,0,0,0,0,0,146,0,0,0,0,0,0,0,0,0,0,0,0,0,0,0,93,0,0,0,30,516,0,0,0,0,0,0,0,0,0,0,0,42,0,0,0,0,0,0,0,0,0,0,0,0,0,0,0,0,0,0,940,0,0,0,2,0,0,0,0,0,0,7,0,0,38,0,0,0,0,0,0,0,0,0,3,0,0,1,0,0,24,0,0,0,0,0,0,0,0,0,0,0,0,0,0,0,0,0,0,0,0,0,0,0,0,0,0,0,22,0,0,0,0,1267,0,0,0,3,0,0,0,0,0,0,0,0,0,0,0,0,0,0,0,0,0,0,0,0,0,0,0,2022,0,0,0,0,0,0,0,0,0,0,0,0,0,0,0,0,0,0,0,0,0,0,3,0,0,0,0,0,0,0,0,0,0,0,0,0,0,0,0,0,0,0,0,0,0,0,0,0,3,0,0,0,0,0,0,5,0,313,0,0,73,0,0,0,0,0,0,0,0,3,0,0,3,0,0,0,0,0,0,0,0,0,0,0,0,0,0,0,0,2,0,0,0,0,0,0,0,0,0,0,0,0,0,0,1,0,0,0,24,0,0,0,0,0,0,91,0,0,0,0,0,0,0,0,0,0,0,0,0,0,0,0,0,0,0,0,0,0,0,0,0,0,0,0,0,0,0,245,0,0,0,0,0,0,0,0,0,0,0,0,0,20489,0,0,0,0,0,0,0,0,0,0,0,219,0,0,0,0,0,0,0,0,2,0,0,0,0,0,0,0,0,2,0,0,0,0,0,0,0,3,0,0,0,0,0,0,0,0,0,0,0,0,0,6,0,0,0,0,0,0,0,0,0,0,0,3,41,0,0,0,0,0,0,523,6,0,0,0,0,0,0,0,0,0,0,0,0,0,0,0,0,0,0,0,0,0,0,0,0,0,0,0,0,0,0,0,0,0,0,0,0,0,0,0,0,0,0,0,7,0,0,0,0,0,78,0,0,0,0,0,0,0,0,0,0,0,0,0,4,0,493,0,0,20,0,0,67,0,0,0,319,0,0,0,0,0,0,0,0,6,99,0,4,0,0,0,0,0
"D359",0,11,8,0,0,0,0,8,0,11,0,0,0,0,0,0,0,0,0,4,0,0,9,0,0,5,0,13,0,32,0,0,1,0,0,0,25,0,5,0,4,0,0,0,25,0,0,0,63,0,4,0,0,52,0,0,0,0,0,13,0,0,0,4,1,4,1,0,0,0,8,10,0,0,0,0,5,6,0,0,4,9,0,0,4,2,0,0,0,0,8,1,0,3,0,0,0,0,19,38,0,0,9,0,0,0,0,0,0,0,8,0,6,0,9,0,2,0,0,0,0,0,17,0,0,0,3,0,0,0,0,0,8,3,0,0,0,5,43,0,0,1,0,0,0,0,0,0,0,0,0,2,0,8,0,0,0,0,1,31,0,0,7,0,46,0,0,0,11,0,0,0,0,0,0,0,0,0,0,13,0,0,9,0,5,4,31,0,0,0,0,0,0,1,0,0,0,0,6,0,13,2,0,1,0,0,16,45,3,99,5,0,0,0,0,0,0,0,0,3,0,7,0,0,0,5,0,0,0,0,2,0,0,0,0,0,0,0,19,21,0,21,0,0,0,0,0,27,2,15,0,0,1,72,29,0,0,3,5,0,0,0,0,0,0,32,0,0,14,0,0,62,0,15,10,0,0,0,0,7,10,5,0,5,0,99,0,0,0,0,8,0,0,0,0,0,39,11,86,9,0,13,0,0,0,0,31,0,6,0,0,0,0,1,6,0,0,0,0,0,0,0,7,19,2,0,9,0,4,7,6,0,9,16,6,3,0,0,8,0,28,32,0,13,0,0,0,0,0,0,0,0,0,0,0,2,0,24,19,1,0,0,0,39,1,0,0,0,5,0,0,0,7,0,2,0,0,5,0,0,0,0,20,18,0,13,0,0,0,0,13,0,11,0,10,2,0,0,0,0,0,0,25,0,0,0,10,0,19,0,0,0,2,8,4,3,0,105,0,0,0,0,0,0,0,0,0,0,1,0,16,0,0,0,0,20,0,0,0,0,0,14,0,0,0,0,22,0,0,0,0,41,0,0,101,0,0,16,2,2,0,0,28,0,0,5,0,29,0,0,3,2,9,6,0,9,18,0,20,0,0,0,0,3,21,0,0,0,2,3,0,0,1,11,12,21,0,0,123,0,0,0,45,0,0,0,0,17,0,3,0,8,0,0,0,4,0,0,0,0,7,0,0,0,0,0,0,63,0,0,2,0,66,0
"D360",0,0,0,1442,0,5,0,1,0,1,6,0,0,0,0,0,43,0,124,0,0,0,0,21,0,0,0,0,0,0,18,23,0,0,0,2,0,0,0,0,0,39,0,0,0,4,117,15,0,0,16,3,0,5,0,0,0,0,0,0,249,0,0,13,0,0,242,6,8,0,0,10,0,0,0,1,0,0,0,530,0,0,0,0,0,0,0,0,0,21,0,0,0,0,0,6,39,0,0,0,0,0,1706,724,0,0,6,20,16,0,5,0,0,0,14,0,9,0,0,14,0,0,0,243,0,0,208,9,0,0,0,0,7,0,2,0,0,0,0,0,1,0,0,727,0,0,0,0,0,47,0,0,7,0,7,0,1737,0,0,0,0,0,21,0,0,7,0,0,9,0,0,17,0,90,0,0,0,0,0,0,0,0,22,0,0,0,0,0,0,8,0,0,0,0,0,0,50,1,3,0,0,4,0,0,9,0,0,6,0,0,0,0,0,0,2,0,203,0,0,0,0,22,0,38,5,124,0,0,0,22,0,0,225,0,334,0,0,382,0,0,0,0,0,48,0,0,0,0,0,0,31,0,0,0,0,518,30,2,16,0,45,0,7,0,0,0,0,10,0,0,0,72,4,0,0,31,0,163,0,0,0,0,0,0,40,67,0,0,159,0,0,0,0,0,0,0,3,0,78,0,0,1,0,0,0,37,0,59,0,53,14,0,0,0,0,49,0,0,0,0,84,0,0,0,0,0,0,0,38,19,0,0,0,33,0,18,0,23,29,0,0,4,13,17,0,0,0,0,0,40,0,0,0,0,0,0,0,13,0,0,0,118,6,0,0,0,5,0,0,3,0,12,0,0,0,0,0,0,0,0,0,0,0,0,0,0,0,78,146,1,8,0,0,0,0,7,0,12,0,0,20,0,656,0,0,3,0,0,4,0,0,47,0,54,7,0,0,0,0,0,40,0,0,3,0,0,50,0,16,0,0,5,0,46,6,0,7,0,0,0,0,0,0,0,9,1,6,0,0,0,0,0,0,0,0,0,0,0,0,0,3,0,8,517,0,1004,0,7,0,0,4,3,0,0,37,0,0,0,3,0,0,0,0,0,0,0,0,0,0,0,3,6,0,0,0,3,26,7,4,0,0,0,0,0,3,0,0,0,0,0,0,371,0,0,2,0,0,0,0,0,0,36,0,0,4,0,0,0,0,7,0,0,8,20
"D361",0,0,0,100,0,0,1,0,0,0,0,0,0,0,0,0,0,0,34,11,0,0,0,45,0,0,0,0,0,0,1,6,0,0,0,0,0,0,0,0,0,0,0,0,0,0,30,0,0,0,0,0,0,0,0,0,0,0,0,0,235,0,0,0,7,0,26,0,60,0,0,0,0,0,0,0,0,0,0,413,0,0,0,0,0,0,0,0,0,0,0,0,0,0,0,0,46,0,0,0,0,0,15545,148,0,0,0,227,3,0,0,0,0,0,0,0,0,0,0,108,0,0,0,87,0,0,269,43,0,0,0,0,0,0,0,0,0,0,9,0,0,0,0,91,0,0,0,0,0,0,0,0,68,0,191,0,350,0,0,0,0,0,0,0,0,0,0,0,0,0,0,42,0,11,0,0,0,0,0,0,0,0,0,40,0,0,0,0,0,0,0,0,0,0,0,0,70,7,0,0,0,0,0,0,0,0,0,0,0,0,0,0,0,0,4,0,117,0,0,0,0,0,30,0,0,2,0,0,0,0,0,0,5,0,1017,0,0,28,0,0,0,0,0,0,0,0,0,0,0,0,36,0,0,0,0,9,2,0,0,0,0,0,0,0,0,0,0,0,0,0,0,0,0,0,0,0,0,58,0,0,0,0,0,0,11,0,0,0,6,0,0,0,0,0,0,0,0,0,10,0,0,0,0,0,0,6,0,0,0,0,0,0,0,0,0,0,0,0,0,0,13,0,0,197,0,0,4,0,0,9,0,0,0,0,0,0,0,11,16,0,22,0,0,0,0,0,0,0,0,0,0,0,0,0,0,0,0,0,0,0,0,0,180,0,0,0,32,0,0,0,6,0,0,13,0,0,0,0,0,0,0,0,0,0,0,0,0,0,0,13,0,0,0,0,0,0,0,0,0,0,0,0,642,25,0,0,0,0,0,0,0,48,0,22,0,0,0,0,0,0,0,0,0,0,0,112,40,0,19,0,0,0,0,0,0,0,0,0,0,0,0,0,0,0,0,0,0,0,0,0,0,0,0,0,0,0,0,0,0,0,0,0,1,320,21,0,0,0,0,0,0,0,0,0,47,0,0,0,0,0,0,0,0,0,0,0,0,0,0,0,0,0,0,0,0,0,11,0,0,0,0,0,0,90,20,0,0,0,0,0,0,0,0,0,0,0,0,0,0,0,0,41,0,0,0,0,0,0,0,0,0,0,0,0
"D362",0,0,0,0,0,0,0,0,0,0,0,0,0,0,0,0,0,0,0,0,0,0,0,1228,0,0,0,0,0,0,0,0,0,0,0,0,0,0,0,1086,0,0,0,0,0,0,0,0,0,0,0,0,0,0,0,0,0,0,0,0,0,0,0,0,0,0,0,0,153,0,0,0,0,0,0,0,0,0,0,0,0,0,0,0,0,0,0,0,0,0,0,0,0,0,0,0,215,0,0,0,0,0,0,0,0,0,0,2890,0,0,0,0,0,0,0,0,0,0,0,0,0,0,0,0,0,0,0,143,0,0,0,0,0,0,0,0,0,0,0,0,0,0,0,0,0,0,0,0,0,0,0,0,11,0,0,0,0,0,0,0,0,0,0,0,0,0,0,0,0,0,0,0,0,0,0,0,0,0,0,0,0,0,0,24,0,0,0,0,0,0,0,0,0,0,0,0,2998,918,0,0,0,0,0,0,0,0,0,0,0,0,0,0,0,0,0,0,0,0,0,0,0,0,0,0,0,0,0,0,0,0,0,0,0,0,949,231,0,0,0,0,0,0,0,0,0,0,0,0,0,0,0,0,0,0,0,0,0,0,0,0,0,0,0,0,0,0,0,0,0,0,0,0,0,0,0,0,0,0,0,0,0,0,0,0,782,0,0,0,0,0,0,0,0,0,0,0,0,0,0,0,0,0,0,0,0,0,0,0,0,0,0,0,0,0,0,0,205,0,0,0,0,0,0,0,0,0,0,0,0,0,0,0,0,0,0,0,0,0,0,0,0,0,0,0,0,0,0,0,0,0,0,0,0,0,0,0,0,0,0,0,0,0,2277,0,0,0,12,0,0,0,196,0,0,289,0,0,0,0,0,0,0,0,0,0,0,0,0,0,0,0,0,0,0,0,0,0,0,0,0,0,0,0,0,8,0,0,0,0,0,0,0,0,0,0,0,0,0,0,0,0,0,0,0,0,0,0,5537,0,0,0,0,0,0,0,0,0,0,0,0,0,0,0,470,0,194,0,0,0,0,0,0,0,0,0,0,0,0,0,0,0,0,0,0,0,0,7,0,0,0,0,0,0,0,0,0,0,0,0,0,0,0,0,0,0,0,0,0,0,0,0,0,0,0,0,0,0,770,0,0,0,0,0,0,0,0,0,0,0,0,0,0,0,0,0,0,0,0,0,0,0,0,0,0,0,0,0,0,0,0,0,0,0,0,0
"D363",0,3,2,0,0,0,0,0,9,0,0,3,6,38,0,0,0,0,0,0,0,0,0,0,0,0,0,2,0,9,12,1318,0,0,0,0,0,0,0,0,0,49,0,4,17,0,0,11,0,2,0,0,0,1,0,0,2,0,0,14,0,0,0,0,0,0,0,7,0,0,0,11,0,634,0,0,2,0,349,7,0,0,2,12,3,6,8,0,10,0,13,0,18,0,1166,0,0,0,0,0,0,0,2,0,0,0,0,0,0,114,0,8,0,0,1100,0,0,0,4,0,0,0,0,0,496,2,0,0,31,29,0,0,5,4,0,0,0,0,9,0,0,0,0,8,13,0,1,2,0,0,0,0,0,0,0,0,0,0,0,16,17,3,18,0,0,50,0,0,3,0,0,0,1340,0,2,0,0,8,0,0,0,38,0,0,0,0,0,0,14,0,0,0,0,0,0,0,0,0,0,0,0,0,0,0,0,2,0,0,0,3,0,0,1,26,0,17,0,5,0,2,0,0,0,0,12,0,0,0,21,1,0,6,0,0,0,0,0,0,0,0,2,0,2,0,0,0,0,0,0,0,0,0,0,0,19,0,0,10,0,0,0,9,0,0,0,0,45,7,0,0,0,17,0,3,0,29,0,0,3,0,2,0,0,0,0,0,0,0,0,0,0,0,0,0,0,0,0,0,24,0,0,0,1541,0,149,12,0,0,0,0,13,0,63,0,1,0,0,0,3,341,0,8,4,0,2,0,0,46,0,0,0,4,0,0,0,5,0,0,0,1,3,0,10,0,2,0,13,0,0,19,0,611,79,0,2,0,0,0,0,0,1,0,0,0,0,0,0,999,14,0,0,0,0,0,0,1,0,0,0,0,0,1573,0,0,36,0,0,0,0,0,0,0,3,1927,1,0,2,35,0,7,0,0,0,0,55,6,0,2,0,0,0,0,2,13,0,0,2,0,0,0,286,0,1712,3234,43,0,0,0,0,0,7,2,2,0,3,0,0,10,0,2,0,0,0,359,0,0,4,0,0,0,0,0,0,3,8,0,104,0,0,0,0,13,0,0,0,0,0,0,8,0,2,0,3,0,0,0,0,0,0,66,0,0,0,0,12,1427,0,0,0,0,1513,0,0,3,0,3,0,0,0,0,0,0,9,0,0,2,7,0,0,5,0,0,26,0,1,0,3,0,0,2,0,0,2693,5,2,5,0,3,0,0,0,0,0,0
"D364",0,0,0,0,0,0,0,0,0,0,0,0,0,0,0,0,0,0,0,0,0,0,0,0,0,0,0,0,0,0,0,0,0,0,0,0,0,0,0,0,0,0,0,0,0,0,0,0,0,0,0,0,0,0,0,0,0,0,0,0,0,0,0,0,160,0,0,0,0,0,0,0,0,0,0,0,0,0,0,0,0,0,0,0,0,0,0,0,0,0,0,0,0,0,0,0,0,0,0,0,0,0,0,0,0,0,0,0,0,0,0,0,0,0,0,0,0,0,0,0,0,0,0,0,0,0,0,0,0,0,0,0,0,0,0,153,0,0,0,0,0,0,0,0,0,0,0,0,0,0,0,0,177,0,0,0,0,0,0,0,0,0,0,0,0,4,0,0,0,0,0,326,0,0,0,0,0,0,0,0,0,0,0,0,0,0,0,0,0,0,0,0,0,0,0,0,0,0,0,0,0,0,0,0,0,0,0,0,0,0,0,0,0,0,0,0,24,0,0,0,0,0,0,0,0,0,0,0,0,0,0,0,129,0,0,0,0,0,0,0,0,0,0,0,0,0,0,1101,0,0,0,0,0,0,0,0,0,0,0,0,0,0,0,0,0,0,0,0,0,0,0,0,0,0,0,0,0,0,0,0,0,0,0,0,0,0,0,0,0,0,0,0,0,0,608,0,0,0,9529,0,0,0,0,0,0,0,0,0,0,0,0,0,0,0,0,0,0,0,0,0,0,0,0,0,0,0,0,0,0,0,0,0,0,0,0,0,0,0,0,0,0,0,0,0,0,0,0,0,0,0,0,0,0,0,0,0,0,0,0,0,0,0,0,0,0,0,0,0,0,0,0,0,0,0,0,0,0,0,0,0,0,0,0,0,0,0,0,0,0,0,0,0,0,0,0,0,0,0,0,0,0,33,0,0,0,0,0,0,0,12,0,0,0,0,0,0,0,0,38,0,0,0,0,0,0,0,0,0,0,0,0,0,0,0,0,0,0,0,0,0,0,0,0,0,0,0,0,0,0,0,0,0,0,0,0,0,0,0,0,0,0,0,0,0,4,0,0,0,0,0,0,0,0,0,0,0,0,0,0,0,0,0,0,0,0,0,0,0,0,0,0,0,0,0,0,0,0,0,0,0,0,0,0,0,0,0,0,0,0,0,0,11,0,0,0,0,0,0,0,0,0,0,0,0,0,0,0,0,0,0,0,0,0,0
"D365",0,18,0,0,3,9,0,4,0,66,0,7,0,3,0,13,21,15,0,0,23,101,2,0,0,0,0,2,0,0,32,0,0,2,14,0,5,42,97,0,34,29,23,0,0,0,0,5,303,0,0,2,5,3,0,0,4,4,0,70,0,0,41,0,4052,0,0,0,0,2,37,0,20,0,0,3,3,20,0,0,0,31,16,0,5,16,0,0,0,0,0,25,0,40,0,3,0,0,3,117,16,0,0,0,0,0,0,0,0,0,4,0,3,9,0,0,2,4,0,0,0,2,32,0,0,1,0,0,1019,1,1,4,35,5,0,0,3,0,26,6,0,0,0,0,0,0,2,3,0,22,3,6,0,0,0,4,0,20,13,8,0,16,0,0,9,0,0,0,22,0,0,0,0,0,49,3,6,6,0,12,1,0,29,0,17,0,56,0,5,0,21,0,0,20,0,6,0,0,4,2,3,0,15,0,1,491,94,0,0,47,0,1,0,0,0,0,0,0,0,2,16,0,0,0,15,0,0,94,0,12,5,0,10,4,0,0,7,0,3,7,0,686,0,0,5,9,14,0,8,2,0,13,54,0,204,0,0,1,0,0,2,0,93,95,2,54,849,0,3,23,2,36,11,25,164,0,0,0,63,14,17,0,4,6,0,20,6,16,0,0,0,0,7,3,0,0,137,0,25,72,0,0,0,4,1,0,12,3,40,0,0,7,0,12,5,0,0,0,0,4,0,1,0,0,0,0,17,0,0,17,0,0,23,7,54,16,9,0,0,39,0,17,4,0,10,24,0,0,0,0,1,0,0,0,0,0,2,0,6,48,0,0,0,0,6,10,3,0,0,11,0,0,7,0,0,0,19,29,0,0,0,0,20,5,0,8,5,0,0,0,5,13,10,0,37,21,16,0,0,0,0,0,17,0,5,2,0,10,0,0,0,0,0,21,0,0,2,41,2,0,0,2,0,0,0,0,0,2,3,0,7,0,0,0,279,0,0,2,0,21,0,52,0,0,0,2,106,32,0,0,0,9,2,0,74,5,0,6,6,7,0,2,170,0,0,2936,11,71,9,15,2,0,1,31,0,0,15,25,0,0,7,2,0,3,94,0,5,0,2,2,0,0,1,11,0,53,0,0,26,18,0,0,50,0,33,2,0,2,6,6,4,70,15,2,0,7,28,0,1,8,1,0,0,0,0,20,0,18,121,0,0,0,4,0
"D366",0,0,0,0,0,0,0,0,118,0,0,0,0,0,0,0,0,0,0,0,0,0,0,0,0,0,0,0,0,0,0,1881,0,0,33,0,0,0,0,0,0,0,0,0,0,0,0,43,0,15,5,0,0,0,0,0,0,0,0,0,0,0,0,0,0,0,0,0,0,0,0,0,0,1243,0,0,0,0,126,0,0,0,0,6,0,0,0,0,0,0,0,0,0,0,664,0,0,0,0,0,0,0,0,0,0,0,0,0,0,0,0,29,0,0,883,0,0,0,0,0,0,0,0,0,260,0,0,0,0,0,0,0,0,0,0,0,0,0,0,0,0,1,0,147,27,0,0,0,0,0,0,0,0,0,0,0,0,0,0,0,561,0,0,0,0,23,0,0,0,0,0,71,462,0,0,0,0,0,0,0,0,653,30,0,0,0,0,0,0,0,0,0,0,0,0,0,0,0,0,0,0,0,0,0,0,18,0,0,0,0,0,0,0,392,0,0,0,0,0,0,0,0,0,0,109,0,0,0,0,0,0,161,0,0,0,0,0,0,0,0,0,0,0,0,0,0,0,0,0,0,0,0,0,0,0,22,28,0,0,0,0,0,0,0,0,0,56,0,0,0,0,351,0,0,0,0,0,0,0,0,0,0,0,0,0,0,0,0,0,0,0,0,0,0,0,0,0,0,0,0,0,0,552,0,222,0,0,0,0,0,0,0,310,0,23,0,0,0,37,96,0,0,0,0,0,0,0,294,0,0,0,0,0,0,0,0,0,0,0,0,0,0,0,0,0,0,0,0,0,0,0,14,46,0,0,0,0,0,0,0,0,0,0,0,0,0,0,1870,0,0,0,0,0,0,0,0,0,0,0,0,0,1377,0,0,415,0,0,0,0,0,0,0,0,283,0,0,0,0,0,0,0,0,0,0,118,0,0,0,0,0,0,0,0,0,0,0,0,0,0,0,682,0,985,702,14,0,0,0,0,0,0,37,0,0,0,0,12,0,0,0,99,0,0,211,0,0,0,0,0,0,0,0,0,0,0,0,0,0,0,0,0,0,0,0,0,0,0,0,0,0,0,0,0,0,0,0,0,0,0,564,0,0,0,0,0,568,0,0,0,0,1151,9,0,0,0,0,0,0,0,0,0,0,0,0,14,0,0,0,0,0,0,0,25,0,0,0,0,0,0,0,0,0,1712,68,20,0,0,0,0,0,0,0,0,0
"D367",0,0,0,0,0,0,0,0,0,0,0,0,0,0,0,0,0,0,0,0,0,0,0,0,0,0,0,0,0,0,0,0,0,0,0,0,0,0,0,0,0,0,0,0,0,0,0,0,0,0,0,0,0,0,0,0,0,0,0,0,2,0,0,0,0,0,0,0,0,0,0,0,0,0,0,0,0,0,0,0,0,0,0,0,0,0,0,0,0,0,0,0,0,0,0,0,0,0,0,0,0,0,0,0,0,0,0,0,0,0,0,0,0,0,0,0,0,0,0,0,0,0,0,0,0,0,0,0,0,0,0,0,0,0,0,0,0,0,0,0,0,0,0,0,0,0,0,0,0,0,0,0,0,0,0,0,0,0,0,0,0,0,0,0,0,0,0,0,0,0,0,5,0,0,0,0,0,0,0,0,0,0,0,0,0,0,0,0,0,0,0,0,0,0,0,0,0,0,0,0,0,0,0,0,0,0,0,0,0,0,0,0,0,0,0,0,0,0,0,0,0,0,2,0,0,0,0,0,0,0,0,0,0,0,3,0,0,0,0,0,0,0,0,0,0,0,0,0,0,0,0,0,0,0,0,0,0,0,0,0,0,0,0,0,0,0,0,0,0,0,0,0,0,0,0,0,0,0,0,0,0,0,0,0,0,0,0,0,0,0,0,0,0,0,0,116,0,0,0,0,0,0,0,0,0,0,0,0,0,0,0,0,0,0,0,0,0,0,0,0,0,0,0,0,0,0,0,0,0,0,0,0,0,0,0,0,0,0,0,0,0,0,0,0,0,0,0,0,0,0,0,0,0,0,0,0,0,0,0,0,0,0,0,0,0,0,0,0,0,0,0,0,0,0,0,0,0,0,0,0,0,0,0,0,0,0,0,0,0,2,0,0,0,0,0,0,0,0,0,0,0,0,0,0,0,0,0,0,0,0,0,0,0,0,0,0,0,0,0,0,0,0,0,0,0,0,0,0,0,0,0,0,0,0,0,0,0,0,0,0,0,0,0,0,0,0,0,0,0,0,0,0,0,0,0,0,0,0,0,0,0,0,0,0,0,0,0,0,0,0,0,0,0,0,0,0,0,0,0,0,0,0,0,0,0,0,0,0,0,0,0,0,0,0,0,0,0,0,0,0,0,0,0,0,0,0,0,0,0,0,0,0,0,0,0,0,0,0,0,0,0,0,0,0,0,0,0,0,0,0,0,0,0,0
"D368",0,0,0,0,0,0,0,0,0,0,0,0,0,63,0,0,0,0,0,0,0,0,0,0,0,0,0,0,0,13,0,1014,0,0,0,5,0,0,0,0,0,142,0,0,0,0,0,4,0,5,0,0,0,0,0,0,0,0,0,6,0,65,0,0,0,0,0,0,0,0,0,0,0,557,0,0,0,0,220,6,0,0,0,48,0,17,0,0,51,0,5,0,0,0,320,3,0,0,0,0,0,0,0,0,0,0,0,0,0,30,0,0,0,0,863,0,0,0,0,0,0,0,0,0,377,2,0,0,0,0,0,0,0,0,0,0,0,0,0,0,0,0,0,9,5,0,0,0,0,0,0,0,0,0,0,0,0,0,0,0,669,3,0,0,0,23,0,0,0,0,0,0,502,0,0,0,0,0,0,0,0,77,0,0,0,0,0,0,0,0,0,0,0,0,0,0,0,0,0,0,0,0,0,9,0,0,0,0,0,0,0,0,0,862,0,4,0,0,0,0,0,0,0,0,17,0,0,0,10,0,0,25,0,0,0,0,0,0,0,0,0,0,0,0,0,0,0,0,0,0,0,0,0,0,0,0,0,0,0,0,0,8,0,0,0,0,0,22,0,0,0,0,0,0,0,0,0,0,0,0,0,0,0,0,0,0,0,0,0,0,0,0,0,0,0,0,0,0,0,0,0,0,596,0,118,9,0,0,0,0,0,0,235,0,0,0,0,0,0,69,0,0,0,0,0,0,0,128,0,0,0,0,0,0,0,2,0,0,0,13,19,0,0,0,2,0,0,0,0,5,0,567,78,0,0,0,0,0,0,0,2,0,0,0,0,0,0,790,0,0,0,0,0,0,0,0,0,0,4,0,0,635,0,0,97,0,0,0,0,0,0,0,0,723,0,0,0,2,0,0,0,0,0,0,173,0,0,0,0,0,0,0,0,6,0,0,0,0,0,0,165,0,433,1498,39,0,0,0,0,0,0,6,0,0,0,0,0,0,0,0,0,0,0,340,0,0,0,0,0,0,0,0,0,0,0,0,311,0,0,0,0,3,0,0,0,0,0,0,0,0,0,0,0,0,0,0,0,0,0,348,0,0,0,0,0,441,0,0,0,0,492,0,0,0,0,0,0,0,0,0,0,0,0,0,13,0,3,0,0,0,0,0,0,0,0,0,0,0,0,0,0,0,2337,41,0,0,0,0,0,0,0,0,0,0
"D369",0,0,0,0,0,0,0,0,0,0,0,0,0,0,0,0,0,0,0,0,0,0,0,0,0,0,0,0,0,0,0,0,0,0,0,0,0,0,0,2,0,0,0,0,0,0,0,0,0,0,0,0,0,0,0,0,0,0,0,0,0,0,5,0,0,0,0,0,0,0,0,0,0,0,0,0,0,0,0,0,0,0,0,0,0,0,0,0,0,0,0,0,0,0,0,0,0,0,0,0,0,0,0,0,0,0,0,0,0,0,0,0,0,0,0,0,0,0,0,0,0,0,0,0,0,0,0,0,0,0,0,0,0,0,0,0,0,0,0,0,0,0,0,0,0,0,0,0,0,0,0,0,0,0,0,0,0,0,0,0,0,0,0,0,0,0,0,0,0,0,0,0,0,0,0,0,0,0,0,0,0,0,0,0,0,0,0,0,0,0,0,0,0,0,0,0,0,0,0,0,0,0,0,0,4,0,0,0,0,0,0,0,0,0,0,0,0,0,0,0,0,0,0,11,0,0,0,0,0,0,0,0,0,0,0,0,0,0,0,0,0,0,0,3699,0,0,0,0,0,0,0,0,0,0,0,0,0,0,0,0,0,0,0,0,0,0,0,0,0,0,0,0,0,0,0,0,0,0,0,0,0,0,0,0,0,0,0,0,0,0,0,0,0,0,0,0,0,0,0,0,0,0,0,0,0,0,0,0,0,0,0,0,0,0,0,743,0,0,0,0,0,0,0,0,0,0,0,0,0,0,0,0,0,0,0,0,0,0,0,0,0,0,0,0,0,0,0,0,0,0,0,0,0,0,0,0,0,0,0,0,0,0,0,0,0,0,0,0,0,0,0,0,0,0,0,0,0,0,0,0,0,0,0,0,0,0,0,9808,0,0,0,0,0,0,0,0,0,0,0,0,0,0,0,0,0,0,0,0,0,0,0,0,0,0,0,0,0,0,0,0,0,0,0,0,0,0,0,0,0,0,0,0,0,148,0,0,0,0,0,0,0,0,0,0,0,0,0,0,0,0,0,0,0,0,0,0,0,0,0,0,0,0,0,17,0,0,0,0,0,0,0,0,0,0,0,0,0,0,0,0,0,0,0,0,0,0,0,0,0,0,0,0,0,0,0,0,0,0,0,0,0,0,0,0,0,0,0,0,0,0,0,0,0,0,0,0,0,0,0,0,0,0,0,0,0,0,0,0,0,0,0,0,0,0
"D370",0,0,0,0,0,0,0,0,0,0,6,0,0,0,0,0,0,151,0,0,0,0,0,0,0,0,0,0,0,3,0,0,0,0,0,0,0,0,0,0,0,0,0,0,436,0,0,0,0,0,0,0,0,0,0,0,0,0,0,29,0,0,30,0,0,0,0,0,0,0,0,0,0,14,0,0,0,0,17,0,0,0,0,159,0,26,0,0,0,0,0,0,0,0,0,17,0,0,0,0,0,0,0,0,0,0,0,0,0,0,0,0,0,0,0,50,0,0,0,0,0,0,0,0,0,4,0,0,0,0,0,0,0,0,0,0,0,0,5,0,0,0,0,0,2,0,0,0,0,0,0,0,0,0,0,0,0,0,0,0,0,0,0,0,0,0,0,0,0,0,0,0,161,0,0,0,0,670,0,0,0,0,0,0,0,0,0,0,0,0,0,0,0,0,0,0,0,0,0,0,0,0,0,3,0,0,0,0,0,0,0,0,0,0,0,0,0,0,0,0,0,0,0,0,0,0,0,0,0,0,0,0,0,0,0,0,0,0,0,0,0,0,0,0,0,0,0,0,0,0,0,0,0,0,0,0,0,0,0,0,0,0,0,12,0,0,0,0,0,0,0,0,0,0,0,0,0,0,2,0,0,0,0,0,0,0,0,0,0,0,0,0,0,0,0,0,0,0,0,0,0,0,0,0,0,0,0,0,0,0,0,0,0,0,0,0,0,0,0,0,0,35,0,0,0,0,0,0,0,0,0,0,0,0,0,0,0,0,0,0,7,0,0,0,0,0,0,0,0,0,0,26,0,76,0,0,0,0,0,0,0,0,0,0,0,0,0,304,0,0,0,0,0,0,0,0,0,0,0,4,0,0,0,0,0,0,2,0,2,0,0,0,0,0,0,0,0,2,0,0,0,0,0,0,0,0,0,0,0,0,0,0,0,0,0,0,0,0,0,0,0,0,0,886,0,0,0,0,0,0,0,0,118,0,0,0,0,0,0,125,0,0,0,0,0,0,0,0,0,0,0,0,0,0,0,0,0,0,0,0,0,0,0,0,0,0,0,0,0,0,0,0,0,0,0,0,0,0,0,0,0,0,0,0,51,0,0,0,0,0,79,0,0,0,0,0,0,0,0,0,0,0,0,0,4,0,123,0,0,0,0,0,72,0,0,0,0,0,0,0,0,0,0,0,0,0,15,0,2,0,0,0,0,0
"D371",0,0,0,0,0,0,0,0,0,0,0,0,0,0,0,0,0,0,0,0,0,0,0,0,0,0,0,0,0,0,0,0,0,0,0,0,0,0,0,0,0,0,0,0,0,0,0,0,0,0,0,0,0,0,0,0,0,0,0,0,0,0,0,2,0,0,0,0,0,0,0,0,0,0,0,0,0,0,0,0,0,0,0,0,0,0,0,0,0,0,0,0,0,0,0,0,0,0,0,0,0,0,0,0,0,0,0,0,0,0,0,0,0,0,0,0,0,0,0,0,0,0,0,0,0,0,0,0,0,0,0,0,0,0,0,2,0,0,0,0,0,0,0,0,0,0,0,0,0,0,0,0,0,0,0,0,0,0,0,0,0,0,0,0,0,0,0,0,0,0,0,0,0,0,0,0,0,0,0,0,0,0,0,0,0,0,0,0,0,0,0,0,0,0,0,0,0,0,0,0,0,0,0,0,2,0,0,0,0,0,0,0,0,0,0,0,0,0,0,0,0,0,0,0,0,0,0,0,0,0,0,0,50,0,0,0,0,0,0,0,0,0,0,0,0,0,0,0,0,0,0,0,0,0,0,0,0,0,0,0,2,0,0,0,0,0,0,0,0,0,0,0,0,0,0,0,0,0,0,0,0,0,0,0,0,0,0,0,0,0,0,0,0,0,0,0,0,0,0,0,0,0,0,0,0,0,0,0,0,0,0,0,0,0,0,0,0,0,0,0,0,0,0,0,0,0,0,0,0,0,0,0,0,0,0,0,0,6,0,0,0,0,0,0,0,0,0,0,0,0,0,0,0,0,0,0,0,0,0,0,0,0,0,0,0,0,0,0,0,0,0,0,0,0,0,0,0,0,0,0,0,0,0,0,0,0,0,0,0,0,0,0,0,0,0,0,0,0,0,0,0,0,11,0,0,0,0,0,0,7,0,0,0,0,0,0,0,0,0,0,0,0,0,0,0,0,0,0,0,0,0,0,0,0,0,0,0,0,0,0,0,0,0,0,0,0,0,0,0,7,0,0,0,0,0,0,0,0,0,0,0,0,0,760,0,0,0,0,0,0,0,0,0,0,0,0,0,0,0,0,0,0,0,0,0,0,0,0,0,0,0,0,0,0,0,0,0,646,0,0,0,0,0,0,0,0,0,0,0,0,0,7411,0,0,0,0,0,0,0,0,0,0,0,0,0,0,0,0,0,0,0,0,0,0
"D372",0,0,0,0,0,0,2,33,31,0,0,2,0,5,0,0,0,0,0,0,0,27,0,0,0,0,0,0,0,81,3,233,0,0,0,0,0,0,0,0,0,265,0,0,0,0,0,0,0,12,0,0,0,0,0,0,0,0,0,119,0,16,0,4,0,0,0,7,0,0,0,0,208,293,0,0,0,0,581,0,0,0,0,54,0,3,35,0,69,0,5,0,0,0,330,100,0,0,0,0,0,0,0,0,0,0,0,0,0,8,0,0,0,0,974,0,0,0,0,0,0,0,0,0,992,1,25,3,0,0,0,0,157,15,856,0,0,0,4,0,0,0,0,3,0,0,0,0,0,0,0,0,0,0,0,0,0,0,0,0,465,0,0,0,0,2,0,0,0,0,0,3,1213,0,0,0,0,0,0,0,0,31,0,0,0,0,0,0,0,0,0,1,0,0,0,0,0,0,0,0,0,0,0,72,0,0,0,0,0,0,0,0,0,90,28,0,0,0,0,0,0,0,0,0,0,0,0,0,30,0,0,0,0,0,0,0,0,0,0,0,0,0,0,0,0,0,0,0,2,0,0,0,0,0,15,0,0,0,0,0,25,92,16,0,0,0,0,3,0,0,0,0,0,0,0,0,0,0,0,0,0,0,0,0,0,0,0,0,0,0,0,0,0,0,0,0,0,0,138,0,0,0,383,0,30,95,0,0,0,91,0,0,70,0,0,0,0,0,493,31,0,31,0,0,0,0,0,80,0,0,0,0,0,0,0,0,0,0,0,11,1,0,0,0,24,4,1,0,0,3,0,716,0,98,0,0,0,0,0,0,48,0,0,0,0,0,0,418,0,2,0,0,0,0,0,36,0,0,3,0,15,545,0,0,4,0,388,0,0,0,0,0,0,533,0,0,0,84,0,2,0,0,0,0,107,0,0,0,0,0,0,0,0,0,0,0,0,0,0,0,212,0,501,768,28,0,0,0,0,0,0,9,0,0,0,0,0,0,0,0,1,0,0,58,0,0,0,0,0,0,0,0,0,0,0,0,1105,0,0,0,0,0,0,0,0,0,0,0,0,0,0,0,6,0,0,0,0,0,0,1005,0,0,0,0,0,1673,0,0,0,0,327,0,0,0,0,0,2,0,0,0,0,0,0,0,4,0,0,0,0,0,0,0,0,0,0,0,0,0,0,0,0,0,4366,13,1,1,0,0,0,0,61,0,0,0
"D373",0,0,0,0,0,0,0,0,0,0,0,0,0,0,0,0,0,0,0,0,0,0,0,0,0,0,0,0,0,0,0,0,0,0,0,0,0,0,0,0,0,0,0,0,0,0,0,0,2,0,0,0,0,0,22,0,0,0,0,0,0,0,0,0,0,0,0,0,0,0,0,0,0,0,0,0,0,0,0,0,0,0,0,0,0,0,0,0,0,0,0,0,0,0,0,0,0,4,0,0,0,0,0,0,0,0,0,0,0,0,0,2,0,0,0,0,0,0,0,0,0,0,0,0,0,0,0,0,0,0,0,0,0,0,0,0,0,0,0,0,0,0,0,0,0,0,0,0,0,0,0,0,0,0,0,0,0,0,0,0,0,0,0,0,0,0,0,0,0,0,0,0,0,0,0,0,0,0,0,0,0,0,0,0,0,0,0,0,0,0,0,0,0,0,0,0,9,0,0,0,0,0,0,0,9,0,3,0,0,0,0,3,0,0,0,0,0,0,0,0,0,0,0,0,0,0,0,0,0,0,0,0,0,0,0,0,0,0,0,0,0,0,0,0,0,0,0,0,0,0,0,0,0,0,0,0,0,0,0,0,0,0,0,0,0,0,0,0,0,0,0,0,0,0,0,0,0,0,0,0,0,0,0,0,0,0,0,0,0,0,0,0,0,0,0,0,0,0,0,0,0,0,0,1,0,0,0,0,0,0,0,0,0,0,0,0,0,0,0,0,0,0,0,0,0,0,0,0,0,0,0,0,0,0,0,0,0,0,0,0,0,0,0,0,0,0,0,0,0,0,0,0,0,0,0,0,0,0,0,0,0,0,0,0,0,0,0,0,0,0,0,0,0,0,0,0,0,0,0,0,0,0,0,0,0,0,0,0,0,0,0,0,0,0,0,0,2,0,0,0,0,0,0,0,0,0,0,0,0,0,0,0,0,0,0,0,0,0,0,3,0,0,0,0,0,0,0,0,0,0,0,0,0,0,0,0,0,0,0,0,0,0,0,0,0,0,0,0,0,0,0,0,0,0,0,0,0,0,0,0,3,0,0,0,0,0,0,0,0,0,0,0,0,0,0,0,0,0,0,0,0,0,0,0,0,0,0,0,0,0,0,0,0,0,0,0,0,0,0,0,0,0,0,0,0,0,0,0,0,0,0,0,0,0,0,0,0,0,0,0,0,0,0,0,0,0,3,0,0,0,0,0,0,0
"D374",0,0,0,0,0,0,0,0,0,0,0,0,0,0,0,0,0,0,0,2,0,0,0,0,0,0,0,0,0,0,0,0,0,0,0,0,0,0,0,0,0,0,0,0,0,0,0,0,2,0,0,0,0,0,0,8,1,0,0,0,0,0,0,2,0,0,0,0,0,0,0,0,0,0,0,0,0,0,0,0,0,0,0,0,0,0,0,0,4,0,0,0,0,0,0,0,0,3,0,0,0,0,0,0,0,0,0,0,0,0,0,22,0,0,0,0,0,0,0,0,0,0,0,0,0,0,0,0,0,0,0,0,0,0,0,0,0,0,0,0,0,0,0,0,0,0,0,0,0,0,0,0,0,0,0,0,0,0,0,0,0,0,0,0,0,0,0,0,0,0,93,0,0,0,0,0,0,0,0,0,0,12,0,0,0,0,0,0,0,2,0,0,0,0,0,0,0,0,0,0,0,0,0,0,28,0,17,0,0,0,0,0,0,4,0,0,0,0,0,0,0,0,0,0,0,0,0,0,0,0,0,0,0,0,0,0,0,0,0,0,0,0,0,0,0,0,1,0,0,0,0,0,0,0,5,0,0,0,0,0,0,0,0,6,0,0,0,0,0,0,0,0,0,0,0,0,0,0,0,0,0,0,0,0,0,0,0,0,0,8,0,0,0,0,0,0,0,0,0,0,0,0,0,1,0,0,0,0,0,0,0,0,0,0,3,0,0,0,0,2,0,0,0,0,0,0,0,0,0,0,0,0,0,0,0,1,0,0,0,0,0,0,0,0,0,0,0,0,0,0,0,0,0,0,0,0,0,0,0,0,0,0,0,0,0,0,0,0,2,0,0,0,0,0,0,0,0,0,0,0,0,0,0,0,0,0,0,2,0,0,0,0,0,0,0,0,4,0,0,3,0,0,0,0,0,7,0,0,0,0,0,0,0,0,0,0,0,0,0,0,0,0,0,0,0,0,0,0,0,0,0,26,0,0,0,0,0,0,0,0,0,0,0,0,0,0,0,0,0,0,2,0,0,0,0,0,0,0,0,0,0,0,0,0,0,10,0,0,0,0,0,0,0,0,0,0,0,0,0,0,0,0,0,0,0,0,0,0,0,0,0,0,0,0,0,0,0,0,0,2,0,0,0,0,0,0,0,0,0,0,0,2048,0,0,0,0,0,0,0,0,0,0,0,0,0,0,0,0,0,0,0,0,0,0
"D375",0,0,0,0,0,0,0,0,0,0,0,0,0,0,0,0,0,0,0,0,0,0,0,0,0,0,0,0,0,0,0,0,0,0,0,0,0,0,0,0,0,0,0,0,0,0,0,0,12498,0,7,0,0,0,0,3,0,0,20,0,0,0,0,0,37,0,0,0,0,0,0,0,0,0,0,36,0,0,0,0,0,0,0,0,0,0,0,0,0,0,0,0,0,0,0,0,0,0,0,0,0,0,0,0,0,0,0,0,0,0,0,0,0,0,0,0,0,0,0,0,0,0,0,0,0,0,0,0,0,0,0,0,0,0,16045,2960,0,0,0,0,0,0,0,0,0,0,0,0,0,0,0,0,0,0,0,0,0,0,0,0,0,0,0,0,0,64,0,0,0,0,0,378,0,0,0,0,0,0,0,0,0,0,0,0,0,0,0,0,0,0,0,0,0,0,0,0,0,0,0,0,0,0,0,0,0,0,0,0,0,0,0,0,0,0,0,0,0,0,0,0,0,0,0,0,0,0,0,0,0,0,0,0,616,0,0,0,0,0,0,0,0,0,0,0,0,0,0,0,0,0,0,0,0,0,0,0,0,0,0,0,0,0,0,0,0,0,0,0,0,0,0,0,0,0,0,0,0,0,0,0,0,0,0,0,0,0,0,0,0,0,0,0,0,0,0,0,0,0,35741,0,0,0,0,0,0,0,0,0,0,0,5382,0,0,0,0,0,0,0,0,0,0,0,0,0,0,0,0,0,0,0,0,0,0,0,0,0,0,0,0,0,0,0,0,0,0,0,0,0,0,0,0,0,0,0,0,0,0,0,0,0,0,0,0,0,0,0,0,0,0,0,0,0,0,0,0,0,0,0,0,0,0,0,0,0,0,0,0,0,36,0,0,0,0,0,0,0,0,0,0,0,0,2170,0,0,0,0,0,0,0,408,0,0,0,0,0,0,0,0,17,0,0,0,0,0,0,0,0,0,0,0,0,0,0,0,0,0,0,0,5,0,0,0,0,0,0,0,0,0,0,0,0,0,0,0,0,0,0,0,0,0,0,0,0,0,0,0,0,0,0,0,0,0,0,0,0,0,0,0,0,0,0,0,0,0,0,0,0,0,0,0,0,0,0,0,0,0,0,0,0,0,0,0,0,0,0,0,0,0,0,0,0,0,0,0,0,0,0,0,0,0,0,0,0,0,0,0,0,0,0,29,0,0,0,0
"D376",5,0,5,5,0,6,334,0,1,0,0,0,0,0,0,0,0,0,29,0,0,0,0,15,0,0,0,0,0,0,19,24,0,0,0,0,0,0,0,25,0,0,0,0,0,0,690,5,1,0,2,0,0,0,146,13,0,0,0,0,251,0,0,2,0,0,0,4,2,0,0,0,0,0,0,15,0,0,0,625,0,0,0,0,0,0,0,0,0,0,0,0,0,0,0,0,10,0,0,0,0,0,622,23,0,0,3,61,0,0,5,0,0,0,0,0,0,0,0,2,0,0,0,202,0,0,0,13,0,0,0,0,0,9,7,16,3,0,0,0,0,0,0,193,0,0,0,0,0,0,0,0,0,0,0,0,342,0,0,0,0,0,12,0,0,5,0,0,0,0,0,0,0,55,0,0,0,0,0,0,0,0,0,0,0,0,0,0,0,6,0,0,0,0,0,2,28,0,0,0,0,0,0,0,99,0,0,0,0,0,0,0,0,0,0,0,5326,0,0,0,0,4,0,0,0,17,0,0,0,0,0,1,0,0,87,0,0,162,0,2,0,0,0,102,0,0,7,0,0,0,23,0,0,0,0,47,0,0,0,6,4,0,0,2,0,0,0,4,0,0,0,0,0,0,0,7,0,174,0,0,0,0,0,0,16,0,0,0,9,0,0,35,0,0,0,0,0,0,53,0,0,0,0,0,0,21,0,0,0,0,0,0,0,0,0,0,6,0,0,0,43,0,0,0,0,3,0,0,0,36,0,0,0,0,0,0,0,59,263,0,0,0,0,0,0,0,0,0,0,3,0,0,0,0,0,0,0,0,0,0,0,18,4,0,0,0,0,0,0,0,2,6,0,0,0,0,0,0,0,0,0,0,0,0,0,0,8,16,0,8,0,0,0,0,0,0,2,0,0,0,0,0,254,0,0,0,0,0,0,11,0,9,0,649,8,0,0,0,0,5,0,0,0,0,0,80,51,0,14,0,0,0,0,0,2,0,0,0,11,0,0,0,0,0,2,87,7,0,0,19,0,0,0,0,0,0,0,0,0,0,0,0,0,170,30,1412,0,0,0,0,0,0,0,0,6,0,0,0,5,0,0,0,0,0,0,0,0,0,0,0,0,0,0,0,1,0,18,0,0,0,0,0,4,21,5,0,0,0,0,0,0,0,0,0,0,0,0,0,0,0,0,2,0,0,0,0,0,0,0,1,0,0,219,0
"D377",0,9,0,9,0,0,6,84,24,0,5,2,0,9,0,0,5,0,0,0,0,0,0,2,0,0,0,0,0,69,0,162,0,17,81,23,0,43,0,0,0,413,0,0,0,2,0,549,347,19,0,0,5,0,0,0,0,14,0,20,0,2,0,3,0,4,0,2,0,61,6,22,0,257,2,4,5,0,318,8,7,0,0,13,0,5,11,5,3,104,54,0,0,5,366,0,0,0,2,0,5,0,12,9,0,0,0,22,3,13,1,75,0,0,18,0,0,0,2,3,0,5,8,0,1178,0,0,0,0,4,0,0,0,15,0,0,0,0,16,0,6,0,34,3,0,8,0,1,0,0,0,0,0,0,2481,13,36,0,0,0,861,29,0,0,13,0,0,2041,10,0,10,3,1087,0,4,0,0,0,5,16,0,35,41,0,2,0,12,7,0,0,0,0,0,0,3,0,6,0,0,0,0,0,0,102,3,0,0,0,16,0,0,0,0,8,135,11,0,0,0,0,0,0,0,0,0,6,18,0,8,0,2,66,0,6,79,0,0,0,0,2,1,0,0,0,0,0,9,0,8,0,0,23,0,5,59,0,13,0,0,0,1,5,0,0,14,0,3,0,16,3,0,1150,0,0,0,0,0,2,0,0,25,5,17,0,0,9,0,0,10,0,0,0,0,2,0,0,24,32,735,0,0,0,1241,16,23,0,0,0,0,7,0,0,80,50,78,0,0,0,18,102,0,44,141,170,4,71,0,108,0,116,0,82,32,0,23,0,3,11,0,11,0,5,10,81,8,4,71,0,0,6,9,297,707,0,0,18,0,11,17,0,0,7,2,0,1,0,2,389,0,71,0,3,0,0,0,2,0,0,0,0,2,1049,0,0,8,0,0,0,0,0,0,0,0,1076,6,17,0,116,0,0,0,0,0,0,59,2,7,0,0,0,0,0,0,0,0,9,0,0,5,0,0,0,72,1281,112,22,0,0,11,9,9,20,0,0,0,0,0,0,29,3,4,0,0,50,0,13,171,0,0,0,0,28,0,7,81,0,273,17,17,0,2,0,0,0,0,6,15,69,9,5,5,299,8,0,0,0,1,3,0,101,0,0,2,0,7,2021,18,7,85,2,0,49,0,3,0,0,0,0,75,0,21,0,73,0,69,11,0,0,0,5,0,668,11,3,0,0,0,2,31,76,39,0,2290,4,44,0,0,113,0,0,5,3,643,0
"D378",0,0,0,0,0,0,0,0,0,0,0,0,0,0,0,0,4,0,3657,0,0,0,0,0,0,0,0,0,0,0,0,65,0,0,0,442,0,0,0,0,0,0,0,0,0,0,130,1170,0,0,0,0,0,0,0,27,0,0,0,0,0,17,0,0,0,0,0,0,0,0,0,0,0,0,0,0,0,0,0,0,0,0,0,0,0,0,0,0,0,0,0,0,0,0,10,0,0,0,0,0,0,0,2,0,0,0,0,0,0,0,0,0,0,0,0,0,0,0,0,0,0,0,0,0,0,0,285,0,0,0,0,0,0,0,4768,0,0,0,0,0,0,0,0,0,0,0,0,0,0,0,0,0,0,0,0,0,0,0,0,0,0,0,3,0,0,0,0,900,0,0,2867,0,0,0,0,0,0,0,0,0,0,0,0,0,0,0,0,0,0,0,0,0,0,0,0,0,0,0,0,0,0,0,0,0,0,0,0,0,0,0,0,0,0,0,0,0,52,0,0,0,0,0,0,0,0,0,0,0,0,0,0,2,0,0,0,0,0,0,0,0,0,0,0,0,0,0,0,0,0,0,0,0,0,0,0,0,0,0,0,0,0,0,0,0,0,0,0,0,0,0,549,0,0,0,0,0,0,0,0,6,0,0,0,0,0,0,0,0,0,0,0,0,0,0,0,1075,0,0,867,0,0,0,1,0,0,0,0,0,0,52,0,0,25,0,0,0,0,0,0,0,0,5,0,0,0,0,0,0,0,0,0,0,0,0,0,0,0,0,0,0,0,0,0,0,0,0,0,0,0,13,0,0,0,0,0,0,2,0,0,0,5,0,0,0,0,0,0,0,0,0,0,0,0,0,0,0,0,0,0,0,16,6,0,0,0,0,0,0,0,0,0,0,0,0,0,0,0,0,0,0,0,0,0,0,0,0,0,0,0,0,0,0,0,218,0,0,0,0,0,0,0,0,11,0,0,0,0,0,0,0,0,0,0,0,0,0,0,0,0,0,0,0,0,5,0,0,0,0,0,0,0,0,0,0,0,0,0,0,0,0,0,0,0,0,0,0,0,0,0,0,0,0,0,0,0,0,0,0,0,10,0,0,0,0,0,8,0,0,0,0,0,0,0,0,0,0,0,0,0,0,0,0,0,0,0,0,0,0,0,0,0,0,0,0,0,0,0,0,0,0,0,0,0,18,0,0,0,0,0,70,0,0,0,0
"D379",0,0,0,0,0,0,0,0,0,0,4,0,0,0,0,0,0,0,0,0,0,0,0,0,0,0,0,0,0,0,0,0,0,0,0,0,0,0,0,0,0,1,0,0,0,0,0,0,0,0,0,0,0,0,0,0,0,0,0,0,0,0,0,3,0,0,0,0,8,0,0,0,0,0,0,0,0,0,0,0,0,0,0,2,0,0,0,0,0,3,2,0,0,0,0,0,0,5,0,0,0,0,0,0,0,0,0,0,0,0,0,0,0,0,1,0,0,0,0,0,0,0,0,0,0,0,0,0,0,0,0,0,0,0,0,0,0,0,0,0,0,0,0,0,0,0,0,0,0,0,0,0,0,0,0,0,0,0,0,0,0,0,5,0,0,0,0,0,0,0,236,0,0,0,0,0,0,0,0,0,3,0,0,0,0,0,0,0,0,0,0,0,0,0,0,0,0,0,0,0,0,0,0,0,0,0,0,0,0,0,0,0,0,109,0,0,1,0,0,0,0,0,0,0,0,0,0,0,0,0,0,0,0,0,0,0,0,0,0,0,0,0,0,0,0,0,0,0,0,0,0,0,0,0,0,0,0,0,0,0,0,0,0,0,0,0,0,0,0,0,0,0,0,0,0,0,0,0,0,0,0,0,0,0,0,0,0,0,0,0,0,0,0,0,0,34,0,0,0,0,0,0,0,2,0,0,0,0,0,0,0,0,0,3,3,0,0,0,0,0,0,0,0,0,0,0,0,0,0,0,2,0,0,0,0,0,0,0,0,0,0,0,0,0,0,0,0,0,0,2,0,0,0,0,0,0,0,0,0,0,0,0,0,0,0,0,0,0,0,0,0,0,0,0,0,0,0,0,0,0,0,0,0,0,0,0,0,0,0,0,0,2,0,0,0,0,0,0,0,0,0,0,0,0,0,0,0,0,0,0,0,0,0,1,0,0,0,0,0,0,0,0,0,0,0,0,0,0,0,0,0,0,0,0,16,0,0,0,0,0,0,0,0,0,0,0,0,0,0,0,0,27,0,0,0,0,4,0,0,0,0,0,0,0,0,0,0,0,0,0,0,0,0,0,0,0,0,0,0,0,0,0,0,0,0,3,0,2,0,0,0,0,0,0,0,2,0,2,0,0,3,0,0,0,0,0,0,0,0,0,0,25,0,0,0,0,0,0,0,0,0,0,0,0,0,0,0,0,0,0,0,0,0,0
"D380",0,0,0,0,0,0,0,0,0,0,0,0,0,0,0,0,0,0,0,0,0,0,0,0,0,0,0,0,0,0,0,0,0,0,0,0,0,0,0,0,0,0,0,0,0,0,0,0,0,0,0,0,0,0,0,0,0,0,0,0,0,0,0,0,0,0,0,0,0,0,0,0,0,0,0,0,0,0,0,0,0,0,0,0,0,0,0,0,0,0,0,0,0,0,0,0,0,3,0,0,0,0,0,0,0,0,0,0,0,0,0,0,0,0,0,0,0,0,0,0,0,0,0,0,0,0,0,0,0,0,0,0,0,0,0,0,0,0,0,0,0,0,0,0,0,0,0,0,0,0,0,0,0,0,0,0,0,0,0,0,0,0,0,0,0,0,0,0,0,0,0,0,0,0,0,0,0,0,0,0,0,0,0,0,0,0,0,0,0,0,0,0,0,0,0,0,0,0,0,0,0,0,0,0,109,0,0,0,0,0,7,0,0,0,0,0,0,0,0,0,0,0,0,0,0,0,0,0,0,0,0,0,0,0,0,0,0,0,0,0,0,0,0,0,0,0,0,0,0,0,0,0,0,0,0,0,0,0,0,0,0,0,0,0,0,0,0,0,0,0,0,0,0,0,0,0,0,0,0,0,0,0,0,0,0,0,0,0,0,0,0,0,0,0,0,0,0,0,0,0,0,0,0,0,0,0,0,0,0,0,0,0,0,0,0,0,0,0,0,0,0,0,0,0,0,0,0,0,0,0,0,0,0,0,0,0,0,0,0,0,0,0,0,0,0,0,0,0,0,0,0,0,0,0,0,0,0,0,0,0,0,0,0,0,0,0,0,0,0,0,0,0,0,0,0,0,0,0,0,0,0,0,0,0,0,0,0,0,0,0,0,0,0,0,0,0,0,0,0,0,0,0,0,0,0,0,0,0,0,2,0,0,0,0,0,0,0,0,0,0,0,0,0,0,0,0,0,0,0,0,0,0,0,0,0,0,0,0,0,0,0,0,0,0,0,0,0,0,0,211,0,0,0,0,0,0,0,0,0,0,0,0,0,0,0,0,0,0,0,0,0,0,0,0,0,0,0,0,0,0,0,0,0,0,0,0,0,0,0,0,0,0,0,0,0,0,0,4572,0,0,0,0,0,0,0,0,0,0,0,0,0,9,0,0,0,0,0,0,0,0,0,0,0,0,0,0,0,0,0,0,0,0,0,0
"D381",0,0,0,139,0,0,279,0,0,0,0,0,0,0,0,0,0,0,184,0,0,0,0,0,0,0,0,0,0,0,0,0,0,0,0,0,0,0,0,0,0,0,0,0,0,0,2217,0,0,0,0,0,0,0,0,0,0,0,0,0,268,0,0,0,0,0,330,0,0,0,0,0,0,0,12,4,0,0,0,0,0,0,0,0,0,0,0,0,0,0,0,0,0,0,0,0,36,0,7,0,0,0,4222,381,0,0,19,49,0,0,0,0,0,0,0,0,0,0,0,0,0,0,0,2707,0,0,426,0,0,0,0,0,0,0,0,0,0,0,0,0,0,0,0,4756,0,0,0,0,0,0,0,0,0,0,44,0,15619,0,0,0,0,0,14,0,0,0,0,0,0,0,0,0,0,6,0,0,0,0,0,0,0,0,0,0,7,0,0,0,0,0,0,0,0,0,0,0,4652,18,0,0,0,0,0,0,0,0,10,3,0,0,0,0,0,0,0,0,2826,0,0,0,0,0,0,10,0,197,0,0,0,0,0,0,0,0,0,0,0,2666,0,0,0,0,0,0,0,0,0,1005,0,0,0,0,0,0,1,52,0,0,0,0,5,0,0,0,0,0,0,0,0,0,0,12,0,0,0,0,0,4,0,0,0,0,0,0,0,0,0,0,13,0,0,1,0,0,0,0,0,0,82,0,0,0,0,0,0,90,5,0,0,0,0,0,0,0,0,0,9,0,0,0,0,0,0,1,0,32,0,0,0,0,0,0,0,0,0,0,0,93,1136,0,0,0,0,0,0,0,0,0,0,0,0,0,0,0,0,0,0,0,0,0,0,60,0,0,0,0,0,12,0,0,0,0,0,0,0,0,0,0,0,0,0,0,0,0,0,0,0,0,0,38,0,0,0,0,0,0,0,0,0,0,0,155,33,0,0,0,0,0,0,2,0,10,0,1081,0,0,0,0,0,0,0,0,0,6,0,3603,0,0,0,0,0,0,0,0,0,0,0,0,0,0,0,0,0,0,12,0,0,0,0,0,0,0,0,0,0,0,0,0,0,0,0,0,0,623,188,2030,0,0,0,0,0,0,0,0,0,0,0,0,0,0,0,0,10,0,0,0,0,0,0,0,0,0,0,0,0,0,0,0,0,0,0,0,9,1759,21,0,0,0,0,0,0,0,0,0,0,0,0,0,0,0,0,0,5,0,0,0,0,0,0,0,0,0,70,0
"D382",0,0,0,0,0,0,0,0,0,0,0,0,0,0,0,0,0,0,0,0,0,0,0,0,0,0,0,0,0,0,0,0,0,0,0,0,0,0,0,14,0,0,0,0,0,0,0,0,0,0,0,0,0,0,0,0,0,0,0,0,0,0,0,0,0,0,0,0,0,0,0,0,0,0,0,0,0,0,0,0,0,0,0,0,0,0,0,0,0,0,0,0,0,0,0,0,0,0,0,0,0,0,0,0,0,0,0,6,0,0,0,0,0,0,0,0,0,0,0,0,0,0,0,0,0,0,0,0,0,0,0,0,0,0,0,3,0,0,0,0,0,0,0,0,0,0,0,0,0,0,0,0,0,0,0,0,0,0,0,0,0,0,0,0,0,0,0,0,0,0,0,0,0,0,0,0,0,0,0,0,0,0,0,0,0,0,0,0,0,0,0,0,0,0,0,0,5,0,0,0,0,0,0,0,0,0,0,0,0,0,0,0,0,0,0,0,5,0,0,0,0,0,0,5,0,0,0,0,0,0,0,0,0,0,3,0,0,4,0,0,0,0,0,10,0,0,0,0,0,0,0,0,0,0,0,150,0,0,0,0,0,0,0,0,0,0,0,0,0,0,0,0,0,0,0,0,0,0,0,0,0,0,0,0,0,0,0,0,0,0,0,0,0,0,0,0,0,0,357,0,0,0,0,0,0,0,0,0,0,0,0,0,0,0,0,0,2,0,0,0,0,0,0,0,0,0,0,0,0,0,0,0,0,0,0,0,0,0,0,0,0,0,0,0,0,0,0,0,0,0,0,0,0,0,0,0,0,0,0,3,0,0,0,0,0,0,0,0,0,0,0,0,0,0,0,0,0,0,0,0,0,0,0,0,0,0,0,20,0,0,0,0,0,0,0,0,0,0,0,0,0,0,0,0,0,0,0,0,0,0,0,0,0,0,0,0,0,0,0,0,0,0,2,0,0,0,0,0,0,0,0,0,0,6,0,0,0,0,0,0,0,0,0,0,3,0,0,0,0,1,0,0,0,0,0,0,0,0,0,0,0,0,0,0,0,0,0,0,0,0,0,0,0,0,0,0,0,0,0,0,0,0,0,0,0,0,0,0,0,0,0,0,0,0,0,0,3,0,0,0,0,0,0,0,0,0,0,0,0,0,0,0,0,0,0,0,0,0,0,0,0,0,0,0,0,0,0,0,0,0,0,0,16292,0
"D383",0,0,0,0,0,0,0,0,0,0,0,0,0,0,0,0,0,0,0,0,0,0,0,0,0,0,0,0,0,0,0,0,0,0,0,0,0,0,0,0,0,0,0,0,0,0,0,0,0,0,0,0,0,0,0,0,0,0,0,0,0,0,0,0,4,0,0,0,1,0,0,0,0,0,0,0,0,0,0,0,0,0,0,0,0,0,0,0,0,0,0,0,0,0,0,0,0,0,0,0,0,0,0,0,0,0,0,0,0,0,0,0,0,0,0,0,0,0,0,2,0,0,0,2,0,0,0,0,0,0,0,0,0,0,0,0,0,0,0,0,0,0,0,0,0,0,0,0,0,0,0,0,0,0,0,0,0,0,0,0,0,0,0,0,0,0,0,0,0,0,0,0,0,0,0,0,0,0,0,0,0,0,0,0,0,0,0,0,0,0,0,0,0,0,0,0,3,0,0,0,0,0,0,0,0,0,0,0,5,0,0,0,0,0,0,0,0,0,0,0,0,0,0,3,0,0,0,0,0,0,0,0,0,0,2,0,0,2,0,0,0,0,0,2,0,0,0,0,0,0,0,0,0,0,0,0,0,0,0,0,0,0,0,0,0,0,0,0,0,0,0,0,0,0,0,0,0,0,0,0,0,0,0,0,0,0,0,0,0,0,0,0,0,0,0,0,0,0,0,0,0,0,0,0,0,0,0,0,0,0,0,0,0,0,0,11,0,0,0,0,0,0,0,0,0,0,0,0,0,0,0,0,0,0,0,0,0,0,0,0,0,0,0,0,0,0,0,0,0,0,0,0,0,0,0,0,0,0,0,0,0,0,0,0,0,0,0,0,0,0,0,0,0,0,0,0,0,0,0,0,0,0,0,0,0,0,0,15,0,0,0,0,0,0,0,0,0,0,0,0,0,0,0,0,0,0,0,0,0,0,0,0,0,0,0,0,0,0,0,0,0,0,0,0,0,0,0,0,0,0,0,0,0,0,0,0,0,0,0,0,0,0,0,0,0,0,0,0,0,12,0,0,0,0,0,0,0,0,0,0,0,0,0,0,0,0,0,0,0,0,0,0,0,0,0,0,0,0,0,0,0,0,0,0,0,0,0,0,0,0,0,0,0,0,0,0,0,0,0,0,0,0,0,0,0,0,0,0,0,0,0,0,0,0,0,0,0,0,0,0,0,0,0,0,0,0,0,0,0,0,0,0,0,0
"D384",4,18,47,0,3,6,15,0,4,0,1,7,3,0,29,0,2,8,0,5,27,0,0,0,18,18,0,9,33,27,17,0,16,6,9,0,6,12,2,0,12,0,0,5,19,7,0,13,34,0,2,13,0,6,0,0,128,7,0,1,0,0,0,9,0,0,0,0,0,3,43,18,2,0,0,0,42,3,0,0,7,34,0,0,4,0,4,0,0,4,4,0,0,15,0,5,0,0,9,122,11,7,0,0,3,0,2,0,0,197,0,3,6,4,22,2,24,7,0,0,4,11,32,0,0,0,0,0,0,8,2,8,0,73,0,0,0,5,48,41,0,7,1,0,0,0,11,7,2,8,5,2,0,2,3,5,0,9,10,0,0,0,5,0,28,0,0,43,2,0,1,0,0,0,14,0,0,0,0,9,2,0,3,0,0,3,0,14,10,0,0,0,0,21,4,1,0,0,0,7,11,23,13,2,0,0,840,0,0,16,0,10,10,0,0,12,0,0,3,4,1240,17,0,0,3,21,0,0,0,47,4,16,0,6,0,0,3,0,5,5,0,2,3,2,0,7,43,1,0,0,0,26,0,4,354,0,0,12,18,0,0,0,0,0,2,59,0,0,56,3,0,28,5,5,47,10,1,0,0,149,21,10,0,28,0,3,24,2,0,0,14,0,0,10,0,0,0,45,59,14,167,119,0,8,0,8,7,0,90,2,0,3,0,37,51,2,0,7,0,0,0,2,20,9,14,0,0,0,5,4,0,3,33,0,8,0,7,0,0,10,14,9,9,101,2,4,0,0,41,3,0,0,0,0,0,0,2,2,22,0,0,0,0,36,16,17,0,0,20,4,0,0,2,0,11,0,32,0,0,18,0,0,3,2,0,45,17,5,0,0,4,2,5,0,1,0,0,2,4,2,0,3,0,0,0,0,3,18,29,0,5,0,0,14,3,0,9,61,0,0,36,12,0,0,0,0,0,18,0,7,15,0,2,0,7,8,1,0,19,32,0,8,0,0,0,0,67,1157,12,0,10,2,0,10,36,1,0,66,6,6,73,0,91,0,0,0,6,161,33,24,29,53,0,0,0,25,0,6,6,0,13,0,13,19,7,0,0,0,1,0,0,11,5,0,2,7,0,0,22,8,3,3,20,0,0,7,0,0,40,15,5,0,0,4,0,1,2,0,0,0,6,0,0,2,0,0,0,185,0,0,6,5,13,0
"D385",0,0,0,0,0,0,0,0,0,0,0,0,0,0,0,0,0,0,0,0,0,0,0,0,0,0,0,0,0,0,5,0,0,0,0,0,0,0,0,0,0,0,0,0,2,0,0,0,0,0,0,0,0,0,0,0,0,0,9,0,0,0,0,3,0,0,0,0,0,0,0,0,0,0,0,0,0,0,0,0,0,0,0,0,0,0,0,0,0,0,0,0,0,0,0,0,0,5,0,0,0,0,0,0,0,0,8,0,0,0,0,0,0,0,0,0,0,0,0,0,0,0,0,0,0,0,0,0,0,2,0,0,2,0,0,286,0,0,0,0,0,0,0,0,0,0,0,0,0,0,0,0,0,0,0,0,0,0,0,0,0,0,5,0,0,8,0,0,0,0,0,0,0,0,0,0,0,0,0,0,0,0,0,0,0,0,0,0,0,0,0,0,0,0,0,0,0,0,0,0,0,0,0,0,2,0,0,0,0,0,0,0,0,0,0,0,4,0,2,0,0,0,0,0,0,0,0,0,0,0,0,0,0,0,0,0,0,0,0,0,0,0,0,0,0,0,2,0,0,0,3,0,0,0,0,0,5,0,0,0,0,0,0,0,0,0,0,0,0,0,0,14,0,0,0,7,0,0,0,0,0,0,0,0,0,0,0,0,0,0,0,0,0,0,0,0,0,0,0,0,0,0,0,0,0,4,0,0,0,0,0,0,0,0,0,0,0,0,0,0,0,0,0,0,0,0,0,0,0,0,0,0,0,0,0,0,0,0,0,0,0,0,0,0,0,0,0,0,0,0,0,0,0,0,0,0,0,0,0,0,0,0,0,0,0,0,0,0,0,0,0,0,0,0,0,0,0,0,0,0,0,0,0,0,0,0,0,8858,0,0,0,0,0,0,0,0,0,0,0,0,0,2,3711,0,0,0,0,0,0,0,0,0,0,0,0,0,0,0,0,0,0,0,0,0,0,0,0,0,0,0,0,4,0,0,0,0,0,0,2,0,0,0,0,0,0,0,0,0,0,0,0,0,0,0,0,0,0,0,0,0,0,0,0,4446,0,2,0,0,0,0,0,0,0,0,0,0,0,0,0,0,0,0,0,0,0,0,0,0,0,0,0,0,0,0,0,0,0,0,0,0,0,0,0,2,5,0,0,0,0,0,0,0,0,0,0,0,0,0,0,0,0,0,0,0,0,0,0,0,0,0,0,0,0,0
"D386",0,2,29,0,0,0,0,13,1,31,0,2,0,0,0,0,0,0,0,0,3,0,2,0,0,13,0,2,8,20,0,0,15,0,0,0,8,0,3,2,0,0,4,0,0,6,0,0,93,0,3,5,0,16,3,0,0,0,0,10,0,0,0,3,0,2,14,9,0,0,9,25,0,0,0,0,12,2,0,0,6,47,0,0,0,0,0,0,0,2,0,2,0,0,0,0,0,0,13,152,0,0,0,0,2,0,0,0,0,0,86,0,1,0,0,0,2,3,0,0,0,0,46,0,0,0,0,0,0,7,0,0,2,1,0,0,0,20,66,8,6,0,0,0,0,0,5,0,0,1,0,0,0,70,14,9,4,16,3,0,0,0,22,0,2,0,0,0,0,17,4,0,0,0,0,0,0,0,0,9,0,0,9,0,18,65,14,0,0,0,3,1,19,11,0,0,0,0,2,10,3,0,0,0,0,0,8,22,0,82,7,0,0,0,0,0,0,0,0,0,0,33,0,0,0,0,4,21,0,10,11,15,0,10,0,0,0,0,0,45,0,0,0,0,1,0,0,0,0,2,0,0,0,26,19,0,0,0,0,0,0,0,0,1,6,4,0,0,6,0,3,26,7,0,0,0,0,0,0,0,39,3,7,9,0,116,8,0,0,0,5,0,0,2,0,0,40,36,23,0,1,0,0,0,0,0,6,13,12,2,0,0,0,12,14,0,0,0,0,2,2,0,7,19,4,2,10,0,6,0,11,0,0,39,1,0,0,0,0,0,2,37,2,132,0,0,3,0,0,0,0,0,0,0,0,0,6,38,18,0,0,0,0,69,9,0,0,0,0,0,0,2,0,0,7,0,2,27,0,0,0,0,11,2,0,5,7,0,0,0,0,2,0,0,3,0,0,0,0,0,0,0,5,0,0,2,9,2,19,0,4,0,2,1,0,6,0,34,0,0,2,1,0,0,0,0,0,0,0,0,3,0,0,0,0,0,0,0,0,0,0,0,0,0,0,0,83,1,0,0,5,12,7,0,18,0,0,20,2,0,0,0,9,0,0,0,0,21,10,2,0,41,0,0,0,8,0,0,2,0,3,0,0,0,50,0,0,0,0,1,0,0,0,0,5,24,0,0,217,0,3,0,54,0,0,0,0,0,0,0,0,68,0,3,0,21,0,0,0,0,6,0,0,0,0,0,0,137,0,2,15,0,34,60
"D387",0,0,0,0,0,0,0,0,0,0,0,0,0,0,0,0,0,0,0,0,0,0,0,476,0,0,66,0,0,0,0,0,0,0,0,0,0,0,0,0,0,0,0,0,0,0,0,0,0,0,0,0,0,0,0,0,0,0,0,0,0,0,0,0,0,0,0,0,55,0,0,0,0,0,0,0,0,0,0,0,0,0,0,0,0,0,0,0,0,0,0,0,0,0,0,0,227,0,0,0,0,0,0,0,0,0,0,886,805,0,0,0,0,0,0,0,0,0,0,240,0,0,0,0,0,0,0,28,0,0,0,0,0,0,0,0,0,0,0,0,0,0,0,0,0,0,0,0,0,0,0,0,2,0,0,0,0,0,0,0,0,0,0,0,0,0,0,0,0,0,0,0,0,0,0,0,0,0,0,0,0,0,0,23,0,0,0,0,0,0,0,0,0,0,0,0,0,0,0,0,0,0,0,0,0,0,0,0,0,0,0,0,0,0,0,0,0,0,0,0,0,0,0,0,0,0,0,0,0,0,0,0,0,0,2539,404,0,0,0,0,0,0,0,0,0,0,0,0,0,0,0,0,0,0,0,0,0,0,0,0,0,0,0,0,0,0,0,0,0,0,0,0,0,0,0,0,0,0,0,0,0,0,0,0,0,0,0,0,0,0,0,0,0,0,0,0,0,0,0,0,0,0,0,0,0,0,0,0,0,0,0,0,0,0,0,0,289,0,0,0,0,0,0,0,0,0,0,0,0,0,0,0,0,0,0,0,0,0,0,0,0,0,0,0,0,0,0,421,0,0,0,0,0,0,0,0,0,0,0,0,0,0,557,0,0,0,1637,0,0,0,11,0,0,2,0,0,0,0,0,0,0,0,0,0,0,0,0,0,0,0,0,0,0,0,0,0,0,0,0,0,0,0,0,8,0,0,0,0,0,0,0,650,0,0,0,0,0,0,0,0,0,0,0,0,0,3,1406,0,0,0,0,0,0,0,0,0,0,0,0,0,0,0,3,0,61,0,0,0,0,0,0,0,0,0,0,0,0,0,0,0,0,0,0,0,0,0,0,0,0,0,0,0,0,0,546,0,0,0,0,0,0,0,0,0,0,0,0,0,0,0,0,0,0,0,0,0,650,0,0,0,0,0,0,0,0,0,0,0,0,0,0,0,0,0,0,0,0,0,0,0,0,15,0,0,0,0,0,0,0,0,0,0,0,0
"D388",2,0,0,0,0,0,0,0,0,0,0,0,0,0,0,0,3,0,216,0,0,0,0,0,0,0,0,0,0,0,0,0,0,0,0,29,0,0,0,0,0,0,0,0,0,0,3,197,0,0,0,0,0,0,27,2,0,0,0,4,0,0,0,0,0,0,0,0,0,0,0,0,0,0,0,0,0,0,0,0,3,0,0,0,0,0,0,0,4,0,0,0,0,0,12,0,0,0,0,0,0,0,2,0,0,0,0,0,0,0,0,19,0,0,0,0,0,0,0,0,0,0,0,0,0,0,10,0,0,0,0,0,0,0,274,0,0,0,0,0,0,0,0,0,0,0,0,0,0,0,0,0,0,0,0,0,0,0,0,0,0,0,0,0,0,0,0,0,0,0,1032,0,0,0,0,0,0,0,0,0,0,0,0,0,0,0,0,0,0,0,0,0,0,0,0,0,0,0,0,0,0,0,0,0,0,0,0,0,0,0,0,0,0,9,0,0,4,0,0,0,0,0,0,0,0,0,0,0,0,0,0,0,0,0,0,0,0,0,0,0,0,0,0,0,0,0,0,0,0,0,0,0,0,0,0,0,0,0,0,0,0,0,0,0,0,0,0,0,0,0,22,0,0,0,0,0,0,0,0,0,0,0,0,0,0,0,0,0,0,0,0,0,0,0,0,2435,0,0,0,0,0,0,2,0,0,0,0,0,2,0,0,0,4,0,0,0,0,0,0,0,0,0,0,0,0,0,0,0,0,0,0,0,0,0,0,0,0,0,0,0,0,0,0,0,0,0,0,0,0,0,0,0,0,0,0,1,0,0,0,0,0,0,0,0,0,0,0,7,0,2,0,0,0,0,0,0,0,0,0,0,0,3,0,0,0,0,0,0,11,0,0,0,0,0,0,0,0,0,0,0,0,0,0,0,0,0,0,0,0,0,0,0,0,0,0,0,0,0,0,0,0,0,4,0,0,0,0,0,0,0,0,0,0,0,0,0,0,0,1,0,0,0,0,5,0,0,0,0,0,0,0,0,0,0,0,0,0,0,0,0,0,0,0,0,0,0,0,0,0,0,0,0,0,0,0,0,0,0,0,0,0,0,0,0,0,4,0,2,0,0,0,0,0,0,0,0,0,0,0,0,0,0,0,0,0,0,0,0,0,0,2,0,0,0,0,0,0,0,0,0,0,0,2,0,0,0,0,0,0,0,0,0,0,0
"D389",0,0,0,0,0,0,0,0,0,0,0,0,0,0,0,0,0,0,10,0,0,0,0,0,0,0,0,0,0,0,0,0,0,0,0,0,0,0,0,0,0,0,0,0,0,0,0,16,0,0,0,0,0,0,0,2,0,0,0,0,0,0,0,0,0,0,0,0,0,0,0,0,0,0,0,0,0,0,5,0,0,0,0,0,0,0,0,0,0,0,0,0,0,0,9,0,0,0,0,0,0,0,0,0,0,0,0,0,0,0,0,0,0,0,0,0,0,0,0,0,0,0,0,0,0,0,0,0,0,0,0,0,0,0,16,0,0,0,0,0,0,0,0,0,0,0,0,0,0,0,0,0,0,0,0,0,0,0,0,0,0,0,0,0,0,0,0,0,0,0,580,0,0,0,0,0,0,0,0,0,0,0,0,0,0,0,0,0,0,0,0,0,0,0,0,0,0,0,0,0,0,0,0,0,0,0,0,0,0,0,0,0,0,0,0,0,0,0,0,0,0,0,0,0,0,0,0,0,0,0,0,0,0,0,0,0,0,0,0,0,0,0,0,0,0,0,0,0,0,0,0,0,0,0,0,0,0,0,0,0,0,0,0,0,0,0,0,0,0,0,0,0,0,0,0,0,0,0,0,0,0,0,0,0,0,0,0,0,0,0,0,0,0,0,0,12056,0,0,0,0,0,0,6,0,0,0,0,0,0,0,0,0,0,0,0,0,0,0,0,0,0,0,0,0,0,0,0,0,0,0,0,0,0,0,0,0,0,0,0,0,0,0,0,0,0,0,0,0,0,0,0,0,0,0,0,0,0,0,0,0,0,0,0,0,0,0,0,0,0,0,0,0,0,0,0,0,0,0,0,0,0,7,0,0,0,0,0,0,0,0,0,0,0,12,0,0,0,0,0,2,0,0,0,0,0,0,0,0,0,0,0,0,0,0,0,0,0,0,0,0,0,0,17,0,0,0,0,0,0,0,0,0,0,0,0,0,0,0,0,0,0,0,0,0,0,0,0,0,0,0,0,0,0,0,0,0,0,0,0,0,0,0,0,0,0,0,0,0,0,0,0,0,0,0,0,0,0,0,0,0,0,0,0,0,0,12,0,0,0,0,0,0,0,0,0,0,0,0,0,0,0,0,0,0,0,0,0,0,0,0,0,0,0,0,0,0,0,0,0,0,0,0,2,0,0,0,0,0,0,0,0,0,0,0
"D390",0,2,6,0,0,0,0,9,0,0,0,0,0,0,0,0,58,0,0,0,0,0,10,0,0,0,0,0,0,35,4,0,0,0,3,2,0,0,0,0,0,76,0,0,0,0,0,17,0,0,0,3,0,0,0,0,0,0,0,22,0,0,0,0,0,0,0,81,0,1,1,0,0,33,18,0,0,0,144,13,0,0,0,885,0,0,34,2,308,0,0,0,0,6,55,3,0,0,0,1,0,0,27,0,0,3,0,0,0,0,0,0,0,0,176,0,0,0,14,0,2,0,0,0,206,0,0,2,0,0,0,0,0,4,0,0,0,0,2,0,0,0,0,11,36,2,12,0,0,1,0,0,0,0,0,0,0,0,0,1,393,42,0,0,3,1,7,0,3,0,167,20,353,0,0,0,20,0,0,34,1,125,25,0,0,0,0,0,0,0,0,0,0,0,0,0,0,0,0,0,0,7,2,0,3,0,0,0,417,0,0,0,0,2559,56,544,4,0,0,0,0,0,0,0,0,0,0,13,5,0,0,12,0,0,9,0,0,5,0,0,5,0,0,0,0,0,0,0,20,0,3,0,0,0,0,3,0,0,0,0,4,46,0,23,0,0,0,3,0,0,0,12,0,0,0,0,0,0,10,0,2,0,0,0,0,0,0,0,0,0,0,0,0,0,0,0,0,0,19,0,0,0,126,0,6,5,0,0,0,1,4,0,77,0,0,0,1,0,16,52,0,30,10,0,2,0,0,141,0,0,0,0,0,0,0,0,0,0,0,0,0,0,14,24,11,0,27,3,0,0,0,285,0,24,0,31,0,32,0,0,103,0,0,0,0,0,0,0,0,23,0,0,8,0,6,17,0,0,0,0,260,78,0,0,3,0,5,0,0,0,0,0,0,440,0,37,0,7,0,0,65,0,0,0,0,0,0,0,0,0,0,0,0,9,0,0,0,2,0,5,0,0,106,248,73,0,0,0,3,0,0,4,0,0,0,0,0,0,0,0,7,0,0,46,0,0,0,0,0,0,0,2,0,0,9,0,574,0,3,0,1,13,0,0,0,0,0,6,4,0,0,0,5,0,0,0,0,0,0,378,0,0,0,2,0,341,0,6,0,0,0,10,0,0,0,36,0,0,8,0,0,2,0,1,0,6,2,0,0,0,0,0,0,0,2,0,0,0,0,323,0,0,1149,254,16,0,0,0,0,0,50,0,0,0
"D391",0,0,0,0,0,0,0,0,0,0,0,0,0,0,0,0,0,0,0,0,0,0,0,2734,0,0,277,0,0,0,0,0,0,0,0,0,0,0,0,746,0,0,0,0,0,0,0,0,0,0,0,0,0,0,0,0,0,0,0,0,0,0,0,0,0,0,0,0,181,0,0,0,0,0,0,0,0,0,0,0,0,0,0,0,0,0,0,0,0,0,0,0,0,0,0,0,1346,0,0,0,0,0,0,0,0,0,0,4144,0,0,0,0,0,0,0,0,0,0,0,26,0,0,0,0,0,0,0,1326,0,0,0,0,0,0,0,0,0,0,0,0,0,0,0,0,0,0,0,0,0,0,0,0,60,0,0,0,1,0,0,0,0,0,0,0,0,0,0,0,0,0,0,0,0,0,0,0,0,0,0,0,0,0,0,220,0,0,0,0,0,0,0,0,0,0,0,0,343,2939,0,0,0,0,0,0,0,0,0,0,0,0,0,0,0,0,0,0,0,0,0,0,0,0,0,0,0,0,0,0,0,0,0,0,0,0,4673,1101,0,0,0,0,0,0,0,0,0,0,0,0,0,0,0,0,0,0,0,0,0,0,0,0,0,0,0,0,0,0,0,0,0,0,0,0,0,0,0,0,0,0,0,0,0,0,0,0,10458,0,0,0,0,0,0,0,0,0,0,0,0,0,0,0,0,0,0,0,0,0,0,0,0,0,0,0,0,0,0,0,1533,0,0,0,0,0,0,0,0,0,0,0,0,0,0,0,0,0,0,0,0,0,0,0,0,0,0,0,0,0,0,0,0,0,0,0,0,0,0,0,0,0,0,0,0,0,2900,0,0,0,78,0,0,0,94,0,0,191,0,0,0,0,0,0,0,0,0,0,0,0,0,0,0,0,0,0,0,0,0,0,0,0,0,0,0,0,0,23,0,0,0,0,0,0,0,0,0,0,0,0,0,0,0,0,0,0,0,0,0,0,12960,0,2,0,0,0,0,0,0,0,0,0,0,0,0,0,44,0,2414,0,0,0,0,0,0,0,0,0,0,0,0,0,0,0,0,0,0,0,0,0,0,0,0,0,0,0,0,0,0,0,0,0,0,0,0,0,0,0,0,0,0,0,0,0,0,0,0,0,0,0,1138,0,0,0,0,0,0,0,0,0,0,0,0,0,0,0,0,0,0,0,0,0,0,0,0,117,0,0,0,0,0,0,0,0,0,0,0,0
"D392",0,0,0,0,0,0,0,0,0,0,0,0,0,0,0,0,0,0,0,0,0,0,0,0,0,0,0,0,0,0,0,0,0,0,0,0,0,0,0,0,0,0,0,0,0,0,0,0,0,0,0,0,0,0,0,0,0,0,0,0,0,0,0,0,0,0,0,0,0,0,0,0,0,0,0,0,0,0,0,0,0,0,0,0,0,0,0,0,0,0,0,0,0,0,0,0,0,0,0,0,0,0,0,0,0,0,0,0,0,0,0,0,0,0,0,0,0,0,0,0,0,0,0,0,0,0,0,0,0,0,0,0,0,0,0,0,0,0,0,0,0,0,0,0,0,0,0,0,0,0,0,0,0,0,0,0,0,0,0,0,0,0,0,0,0,0,0,0,0,0,0,0,0,0,0,0,0,0,0,0,0,0,0,0,0,0,0,0,0,0,0,0,0,0,0,0,0,0,0,0,0,0,0,0,0,0,0,0,0,0,0,0,0,0,0,0,0,0,0,0,0,0,0,284,0,0,0,0,0,0,0,0,0,0,0,0,0,0,0,0,0,0,0,0,0,0,0,0,0,0,0,0,0,0,0,0,0,0,0,0,0,0,0,0,0,0,0,0,0,0,0,731,0,0,0,0,0,0,0,0,0,0,0,0,0,0,0,0,0,0,0,0,0,0,0,169,0,0,0,0,0,0,0,0,0,0,0,0,0,0,0,0,0,0,0,329,0,0,0,0,0,0,0,0,0,0,0,0,0,0,0,0,0,0,0,0,0,0,0,0,0,0,0,0,0,0,0,0,0,0,0,0,0,0,0,0,0,0,0,0,0,0,0,0,0,0,0,0,0,0,0,0,0,0,0,0,0,0,0,0,0,0,0,0,0,0,0,2259,0,0,0,0,0,0,0,0,0,0,0,0,0,0,0,0,0,0,0,0,0,0,0,0,0,0,0,0,0,0,0,0,0,0,0,0,0,0,0,0,0,0,0,0,0,187,0,0,0,0,7,0,0,0,0,0,0,0,0,0,0,0,0,0,0,0,0,0,0,0,0,0,0,0,0,0,0,0,0,0,0,0,0,0,0,0,0,0,0,0,0,0,0,0,0,0,0,0,0,0,0,0,0,0,0,0,0,0,0,0,0,0,0,0,0,0,0,0,0,0,0,0,0,0,0,0,0,0,0,0,0,0,0,0,0,0,0,0,0,0,0,0,0,0,0,0
"D393",0,0,0,0,0,0,0,98,0,0,3,0,0,144,0,0,0,8,8,0,0,0,0,0,0,0,0,0,0,179,0,372,0,0,0,0,32,0,0,0,0,190,17,0,0,0,0,0,0,108,61,0,0,0,0,0,0,0,0,32,0,196,0,49,0,0,0,7,0,0,0,8,17,44,0,0,0,0,51,9,7,0,0,25,18,14,0,11,182,39,0,0,46,12,485,12,0,0,21,0,0,0,0,0,0,35,0,0,0,0,17,0,0,0,1021,19,0,0,18,0,0,0,0,0,227,16,0,0,105,42,0,0,37,24,0,0,0,0,91,0,0,0,7,23,30,0,0,0,0,0,0,0,0,0,0,0,0,0,0,102,148,0,5,0,0,0,9,0,21,22,0,0,590,0,13,0,64,33,0,19,18,20,0,0,0,0,0,0,0,104,0,0,0,0,0,0,0,0,0,0,0,0,0,1,0,24,0,0,0,0,0,0,0,45,0,0,0,0,0,0,0,0,0,0,0,0,0,0,0,0,10,0,0,0,0,0,0,0,0,0,0,0,0,0,0,0,0,0,0,0,0,29,0,0,50,0,6,14,0,0,0,23,0,0,0,0,239,0,0,0,0,294,0,18,0,84,0,0,48,0,0,0,22,0,0,0,0,0,0,0,0,0,0,31,0,0,0,0,0,0,0,0,122,15,6,24,0,0,0,0,0,0,5,0,5,0,0,0,49,20,0,46,4,0,0,0,0,22,0,0,0,0,0,0,0,20,0,0,0,0,0,0,0,0,0,0,0,0,14,68,29,111,51,27,0,0,0,0,0,0,0,0,0,0,0,0,0,534,0,0,0,0,0,0,0,0,0,0,6,0,0,739,0,0,217,0,13,0,0,0,0,0,0,230,0,3,0,0,0,0,0,0,0,0,87,0,0,0,0,0,0,0,0,27,0,0,0,0,0,0,102,0,545,1271,6,0,0,0,21,0,7,23,15,0,7,0,20,0,0,0,0,0,0,150,0,61,0,0,9,0,0,0,0,20,0,0,112,5,0,0,0,16,0,0,0,0,0,1,27,0,0,0,0,0,0,5,0,0,0,86,0,0,0,0,25,743,48,0,0,0,275,0,0,32,0,5,0,0,0,0,0,0,55,0,0,13,53,0,0,0,0,0,0,0,4,0,5,0,0,32,40,0,1067,53,0,55,0,0,0,0,0,0,0,0
"D394",3,0,0,0,0,0,13,0,0,0,0,0,0,0,0,0,0,0,0,0,0,0,0,0,0,0,0,0,0,0,0,0,0,0,0,0,0,0,0,0,0,0,0,0,0,0,0,0,0,0,0,0,0,0,0,0,0,0,0,0,0,0,0,0,404,0,0,0,0,0,0,0,0,0,0,0,0,0,0,0,0,0,0,0,0,0,0,0,0,0,0,0,0,0,0,0,0,0,0,0,0,0,0,0,0,0,50,0,0,0,0,0,0,0,0,0,0,0,0,0,0,0,0,0,0,0,0,0,0,0,0,0,0,0,0,0,0,0,0,0,0,0,0,0,0,0,0,0,0,0,0,0,0,0,2603,0,0,0,0,0,0,0,583,0,0,0,0,0,0,0,0,0,0,0,0,0,0,0,0,0,0,0,0,0,0,0,0,0,0,123,0,0,0,0,0,0,0,0,0,0,0,0,0,0,0,0,0,0,0,0,0,0,0,0,0,0,0,0,0,0,0,0,0,0,0,0,0,0,0,0,0,0,492,0,0,0,0,0,0,0,0,0,0,0,0,0,0,1,0,0,0,0,0,0,0,0,0,0,0,0,0,0,0,0,0,0,0,0,0,0,0,147,0,0,0,0,0,0,0,0,0,0,0,0,0,0,0,0,0,0,0,0,0,0,36,0,0,0,542,0,0,0,0,0,0,92,0,0,0,0,0,0,0,0,0,0,0,27,0,0,21,0,0,0,0,0,0,0,0,0,0,0,0,0,0,0,0,0,0,0,0,0,0,0,0,0,0,0,0,0,0,0,0,0,0,0,0,0,0,0,0,0,0,0,0,0,0,0,0,0,0,0,0,0,0,0,0,0,0,0,0,0,0,0,0,0,0,0,0,0,0,0,0,0,0,0,0,0,0,0,0,1082,30,0,0,0,0,0,0,0,0,0,0,112,0,0,0,0,0,0,0,0,0,0,0,0,0,0,0,0,0,0,0,0,0,0,3,0,0,0,0,0,0,0,0,0,0,0,0,4,0,0,0,0,0,0,0,0,0,0,0,0,0,0,0,0,0,0,0,0,0,0,0,0,0,0,0,0,0,0,0,0,0,0,0,0,0,0,0,0,0,0,0,0,0,0,0,1589,0,0,0,0,0,0,0,0,0,0,0,0,0,12,0,0,0,0,0,0,0,0,0,0,0,0,0,0,0,0,0,0,0,0,8,0
"D395",0,0,0,0,0,0,0,0,0,0,0,0,0,0,0,0,0,0,0,0,0,0,0,0,0,0,0,0,0,0,48,0,0,0,0,0,0,0,0,0,0,0,0,0,0,0,0,0,0,0,54,0,0,0,0,0,0,0,0,0,0,0,0,0,0,0,0,0,0,0,0,0,0,0,0,0,0,0,0,0,0,0,0,0,0,0,0,0,0,0,0,0,0,0,0,0,0,0,0,0,0,0,0,0,0,0,0,0,0,0,0,0,0,0,0,0,0,0,0,0,0,0,0,0,0,0,0,0,0,0,0,0,155,0,0,0,0,0,0,0,0,0,0,0,0,0,0,0,0,0,0,0,0,0,0,0,0,0,0,0,0,0,0,0,0,0,0,0,0,0,0,59,0,0,0,0,0,0,0,0,0,0,0,0,0,0,0,0,0,0,0,0,0,0,0,0,0,0,0,0,0,0,0,0,0,0,0,0,0,0,0,0,0,0,0,0,56,0,0,0,0,0,0,0,0,0,0,0,0,0,0,0,0,0,0,0,0,0,0,0,0,0,0,2,0,0,0,14868,0,0,0,0,0,0,0,0,0,0,0,0,0,0,0,0,0,0,0,0,0,0,0,1643,0,0,0,0,0,0,0,0,0,0,0,0,0,0,0,0,0,0,0,0,0,0,0,0,0,0,0,0,0,0,0,0,0,0,0,0,0,0,0,0,0,0,0,0,0,0,0,0,0,0,0,0,0,0,0,0,0,0,0,0,0,0,0,0,0,0,81,0,0,0,0,0,0,0,0,0,0,0,0,0,0,0,0,0,0,0,0,0,0,0,0,0,0,0,0,0,0,0,0,0,0,0,0,0,0,0,0,0,0,0,0,0,0,0,0,0,0,0,0,0,0,0,0,0,0,0,0,0,0,0,0,0,0,0,0,0,0,0,0,0,0,0,0,0,0,0,0,751,0,0,0,0,0,0,0,0,0,0,0,0,0,0,0,0,0,0,0,0,0,0,0,0,0,0,0,0,0,0,0,0,0,0,0,0,0,0,0,0,0,0,0,0,0,125,0,0,0,0,0,0,0,0,0,0,0,0,0,0,0,0,0,0,0,0,0,0,0,0,0,0,0,0,0,0,0,0,0,0,0,0,0,0,0,0,0,0,0,0,0,0,0,0,0,0,0,0,0,0,0,0,0,0,0,0,0,0,0,0,0,0,136,0
"D396",0,0,0,0,0,0,0,0,0,0,0,0,0,0,0,0,0,0,0,0,0,0,0,54,0,0,3,0,0,0,0,0,0,0,0,0,0,0,0,0,0,0,0,0,0,0,0,0,0,0,0,0,0,0,0,0,0,0,0,0,0,0,0,0,0,0,0,0,59,0,0,0,0,0,0,0,0,0,0,0,0,0,0,0,0,0,0,0,0,0,0,0,0,0,0,0,1133,0,0,0,0,0,0,0,0,0,0,373,0,0,0,0,0,0,0,0,0,0,0,12,0,0,0,0,0,0,0,0,0,0,0,0,0,0,0,0,0,0,0,0,0,0,0,0,0,0,0,0,0,0,0,0,7,0,0,0,0,0,0,0,0,0,0,0,0,0,0,0,0,0,0,0,0,0,0,0,0,0,0,0,0,0,0,27,0,0,0,0,0,0,0,0,0,0,0,0,0,0,0,0,0,0,0,0,0,0,0,0,0,0,0,0,0,0,0,0,0,0,0,0,0,0,0,0,0,0,0,0,0,0,0,0,0,0,14744,3,0,0,0,0,0,0,0,0,0,0,0,0,0,0,0,0,0,0,0,0,0,0,0,0,0,0,0,0,0,0,0,0,0,0,0,0,0,0,0,0,0,0,0,0,0,0,0,0,0,0,0,0,0,0,0,0,0,0,0,0,0,0,0,0,0,0,0,0,0,0,0,0,0,0,0,0,0,0,0,0,12,0,0,0,0,0,0,0,0,0,0,0,0,0,0,0,0,0,0,0,0,0,0,0,0,0,0,0,0,0,0,614,0,0,0,0,0,0,0,0,0,0,0,0,0,0,54,0,0,0,83,0,0,0,0,0,0,0,0,0,0,0,0,0,0,0,0,0,0,0,0,0,0,0,0,0,0,0,0,0,0,0,0,0,0,0,0,9,0,0,0,0,0,0,0,256,0,0,0,0,0,0,0,0,0,0,0,0,0,0,308,0,0,0,0,0,0,0,0,0,0,0,0,0,0,0,0,0,0,0,0,0,0,0,0,0,0,0,0,0,0,0,0,0,0,0,0,0,0,0,0,0,0,0,0,0,0,0,117,0,0,0,0,0,0,0,0,0,0,0,0,0,0,0,0,0,0,0,0,0,4,0,0,0,0,0,0,0,0,0,0,0,0,0,0,0,0,0,0,0,0,0,0,0,0,25,0,0,0,0,0,0,0,0,0,0,0,0
"D397",0,0,0,0,0,0,0,0,0,0,0,0,0,0,0,0,0,0,0,0,0,0,0,0,0,0,0,0,0,0,0,0,0,0,0,0,0,0,0,131,0,0,0,0,0,0,0,0,0,0,0,0,0,0,0,0,0,0,0,0,0,0,0,0,0,0,0,0,0,0,0,0,0,0,0,0,0,0,0,0,0,0,0,0,0,0,0,0,0,0,0,0,0,0,0,0,49,68,0,0,0,0,0,0,0,0,0,383,63,0,0,0,0,0,0,0,0,0,0,0,0,0,0,0,0,0,0,0,0,0,0,0,0,0,0,22,0,0,0,0,0,0,0,0,0,0,0,0,0,0,0,0,29,0,0,0,0,0,0,0,0,0,0,0,0,0,0,0,0,0,0,0,0,0,0,0,0,0,0,0,0,0,0,0,0,0,0,0,0,0,0,0,0,0,0,0,283,0,0,0,0,0,0,0,0,0,0,0,0,0,0,0,0,0,0,0,0,0,0,0,0,0,0,542,0,0,0,0,0,0,0,0,0,0,232,0,0,0,0,0,0,0,0,450,0,0,0,0,0,0,0,0,0,0,0,0,0,0,0,0,28,0,33,0,0,0,0,0,0,0,0,0,0,0,0,0,0,0,0,0,0,0,0,0,0,0,0,0,0,0,0,0,0,0,0,0,0,0,24,0,0,0,0,0,0,0,0,0,0,0,0,0,0,0,0,112,123,0,0,0,0,0,0,0,0,0,0,0,0,3,0,0,0,0,0,0,0,0,0,0,0,0,0,0,0,0,0,0,0,0,0,0,0,0,0,0,0,0,0,31,0,0,0,0,0,0,0,0,0,0,0,0,0,0,0,0,0,0,0,0,0,0,0,0,0,0,0,1327,0,0,0,0,0,0,0,0,0,0,0,0,0,0,234,0,0,0,0,0,0,0,0,0,0,0,0,0,0,0,0,0,0,0,0,0,0,3,38,0,0,0,0,0,0,111,0,0,17,0,0,0,0,0,0,0,504,0,0,0,0,20,0,0,0,0,0,0,0,0,0,0,0,0,0,774,0,0,0,0,0,0,0,0,0,0,0,0,0,0,0,0,0,0,0,0,0,0,0,0,0,0,0,0,0,0,0,0,9,0,0,0,0,0,0,0,0,0,0,0,0,0,0,5,0,0,0,0,0,0,0,0,0,0,0,0,0,0,0,0,0,0,0,0,799,0
"D398",0,0,0,0,0,0,0,0,0,0,0,0,0,0,0,0,0,0,0,0,0,0,0,2,0,0,0,0,0,0,0,0,0,0,0,0,0,0,0,0,0,0,0,0,0,0,0,0,0,0,0,0,0,0,0,0,0,0,0,0,7,0,0,0,0,0,0,0,0,0,0,0,0,0,0,0,0,0,0,0,0,0,0,0,0,0,0,0,0,0,0,0,0,0,0,0,0,0,0,1,0,0,2,0,0,0,0,0,0,0,0,0,0,0,0,0,0,0,0,0,0,0,0,0,0,0,0,0,0,0,0,0,0,0,0,0,0,0,0,0,0,0,3,0,0,0,0,0,0,0,0,0,0,0,0,0,0,0,0,0,0,0,0,0,0,0,0,0,0,0,0,0,0,0,0,0,0,0,0,0,0,0,0,0,0,0,0,0,0,0,0,0,0,0,0,0,0,2,0,0,0,0,0,0,0,0,3,0,0,0,0,0,0,0,0,0,0,0,0,0,0,0,6,0,0,0,0,0,0,0,0,0,0,0,0,0,0,0,0,0,0,0,0,0,0,0,0,0,0,0,0,0,0,0,0,0,0,0,0,0,0,0,0,0,0,0,0,0,0,0,0,0,0,0,0,0,0,0,0,0,0,0,0,0,3,0,0,0,0,0,0,0,0,0,0,674,0,0,0,0,0,0,0,0,0,0,0,0,0,0,0,0,0,0,0,0,0,0,0,0,2,0,0,0,0,0,0,0,0,0,0,0,0,0,0,0,0,0,0,0,0,0,2,0,0,0,0,0,0,0,0,0,0,0,0,0,0,0,0,0,2,0,0,0,0,0,0,0,0,0,0,0,0,0,0,0,0,4,0,0,0,0,0,0,0,0,0,0,0,0,0,0,0,0,0,0,0,0,0,0,0,0,0,0,0,0,0,0,0,0,0,0,0,0,0,0,0,0,0,0,0,0,3,0,0,3,0,0,1,0,0,0,0,0,0,0,0,0,0,0,0,0,0,0,0,0,0,0,0,0,0,0,0,0,0,0,0,0,0,0,0,0,0,0,0,0,0,0,0,0,0,0,0,0,0,0,0,0,0,0,0,0,0,0,0,0,0,0,0,12,0,0,0,0,0,0,0,0,0,0,0,0,0,0,0,0,0,0,0,0,0,0,0,0,0,0,0,0,0,0,0,0,2,0,0,0,0,0,0,0,0,0,0,0
"D399",0,0,0,0,0,0,0,0,0,0,0,0,0,0,0,0,0,0,0,0,0,0,0,1,0,0,0,0,0,0,0,0,0,0,0,0,0,0,0,0,0,0,0,31,0,0,0,0,0,0,0,0,0,0,0,0,0,0,0,0,0,0,0,0,2,0,0,0,0,0,0,0,0,0,0,0,0,0,0,0,0,0,0,0,0,0,0,0,0,0,0,0,0,0,0,0,0,0,0,0,0,0,0,0,0,0,0,0,0,0,0,0,0,0,0,0,0,0,0,0,0,0,0,0,0,0,0,0,0,0,0,0,0,0,0,2,0,0,0,0,0,0,0,0,0,0,0,0,0,0,0,0,0,0,0,0,0,0,0,0,0,0,0,0,0,0,0,0,0,0,0,0,0,0,0,0,0,0,0,0,0,0,0,0,0,0,0,0,0,0,0,0,0,0,0,0,0,0,0,0,0,0,0,0,0,0,0,0,0,0,0,0,0,0,0,0,0,0,0,0,0,0,0,0,0,0,0,0,0,0,0,0,0,0,0,0,0,0,0,0,0,0,0,0,0,0,0,0,0,0,0,0,0,0,0,0,0,0,0,0,0,0,0,0,0,0,0,0,0,0,0,0,0,0,0,0,0,0,0,0,0,0,0,0,0,0,0,0,0,0,0,0,0,0,0,0,0,0,0,0,0,0,0,0,0,0,0,0,0,0,305,0,0,0,0,0,0,0,0,0,0,0,0,0,0,0,0,0,0,0,0,0,0,0,0,0,0,0,0,0,0,0,0,0,0,0,0,0,0,0,0,0,0,0,0,0,0,0,0,0,0,0,0,0,0,0,0,0,0,0,0,0,0,0,0,0,0,0,0,0,0,0,0,0,0,0,0,0,0,0,0,0,0,0,0,0,0,0,0,0,0,0,0,0,0,0,0,0,0,0,0,0,0,0,0,0,0,0,2,0,0,0,0,0,0,0,0,0,0,0,0,0,0,3,0,0,11,0,0,0,0,0,0,0,0,0,0,0,0,71,0,0,0,0,0,0,0,0,0,0,0,0,0,12,0,0,0,0,0,0,0,0,0,0,0,0,0,0,0,0,0,0,0,0,0,0,0,0,0,0,0,0,0,0,0,0,0,4481,0,0,0,0,0,0,0,0,0,0,0,0,0,12,0,0,0,0,0,0,0,0,0,0,0,0,0,0,0,0,0,0,0,0,0,0
"D400",0,0,0,0,0,0,0,0,0,0,0,0,0,0,0,0,0,0,0,0,0,0,0,0,0,0,0,0,0,0,0,0,0,0,0,0,0,0,0,0,0,0,0,0,0,0,0,0,0,0,0,0,0,0,0,0,0,0,0,0,0,0,0,4,0,0,0,0,0,0,0,0,0,0,0,0,0,0,0,0,0,0,0,0,0,0,0,0,0,0,0,0,0,0,0,0,0,4,0,0,0,0,0,0,0,0,0,0,0,0,0,0,0,0,0,0,0,0,0,0,0,0,0,0,0,0,0,0,0,0,0,0,0,0,0,0,0,0,0,0,0,0,0,0,0,0,0,0,0,0,0,0,0,0,0,0,0,0,0,0,0,0,0,0,0,0,0,0,0,0,0,0,0,0,0,0,0,0,0,0,0,0,0,0,0,0,0,0,0,0,0,0,0,0,0,0,0,0,0,0,0,0,0,0,180,0,0,0,0,0,0,0,0,0,0,0,0,0,0,0,0,0,0,0,0,0,0,0,0,0,0,0,0,0,0,0,0,4,0,0,0,0,0,0,0,0,0,0,0,0,0,0,0,0,0,0,0,0,0,0,0,0,0,0,0,0,0,0,0,0,0,0,0,0,0,0,0,0,0,0,0,0,0,0,0,0,0,0,0,0,0,0,0,0,0,0,0,0,0,0,0,0,0,0,0,0,0,0,0,0,0,0,0,0,0,0,0,0,0,0,0,0,0,0,0,0,0,0,0,0,0,0,0,0,0,0,0,0,0,0,0,0,0,0,0,0,0,0,0,0,0,0,0,0,0,0,0,0,0,0,0,0,0,0,0,0,0,0,0,0,0,0,0,0,0,0,0,0,0,0,0,0,0,0,0,0,0,0,0,0,0,0,0,0,0,0,0,0,0,0,0,0,0,0,0,0,0,0,0,2,0,0,0,0,0,0,0,0,0,0,0,0,0,0,0,3,0,0,0,0,0,0,0,8,0,0,0,0,0,0,0,0,0,0,0,0,0,0,0,1030,0,0,0,0,0,0,0,0,0,0,0,0,0,3,0,2,0,0,0,0,0,0,0,0,0,0,0,0,0,0,0,0,0,0,0,0,0,0,0,0,0,0,0,0,0,0,0,18305,0,0,0,0,0,0,2,0,0,0,0,0,0,42,0,0,0,0,0,0,0,0,0,0,0,0,0,0,0,0,0,0,0,0,0,0
"D401",0,0,0,0,0,0,0,0,0,0,0,0,0,0,0,0,0,0,0,0,0,0,0,0,0,0,0,0,0,0,0,0,0,0,0,0,0,0,0,0,0,0,0,0,0,0,0,0,0,0,0,0,0,0,0,0,0,0,0,0,0,0,0,0,0,0,0,0,0,0,0,0,0,0,0,0,0,0,0,0,0,0,0,0,0,0,0,0,0,0,0,0,0,0,0,0,0,0,0,0,0,0,0,0,0,0,0,0,0,0,0,0,0,0,0,0,0,0,0,0,0,0,0,0,0,0,0,0,0,0,0,0,0,0,0,0,0,0,0,0,0,0,0,0,0,0,0,0,0,0,0,0,0,0,0,0,0,0,0,0,0,0,0,0,0,0,0,0,0,0,0,0,0,0,0,2249,0,0,0,0,0,0,0,0,0,0,0,0,0,0,0,0,0,0,0,0,0,0,0,0,0,0,0,0,0,0,0,0,0,0,0,0,0,0,0,0,0,0,0,0,0,0,0,0,0,0,0,0,0,0,0,0,0,0,0,0,0,0,0,0,0,0,0,0,0,0,0,17,0,0,0,0,0,0,0,0,0,0,0,0,0,0,0,0,0,0,0,0,0,0,0,9,0,0,0,0,0,0,0,0,0,0,0,0,0,0,0,0,0,0,0,0,0,0,0,0,0,0,0,0,0,0,0,0,0,0,0,0,0,0,0,0,0,0,0,0,0,0,0,0,0,0,0,0,0,0,0,0,0,0,0,0,0,0,0,0,0,0,0,0,0,0,0,0,0,0,0,0,0,0,0,0,0,0,0,0,0,0,0,0,0,0,0,0,0,0,0,0,0,0,0,0,0,0,0,0,0,0,0,0,0,0,0,0,0,0,0,2,0,0,0,0,0,0,0,0,0,0,0,0,0,0,4,0,0,0,0,0,0,0,0,0,0,0,0,0,0,0,74,0,0,0,0,0,0,0,0,0,0,0,0,0,0,0,0,0,0,0,0,0,0,0,0,0,0,0,0,0,0,0,0,0,0,0,0,0,0,0,0,0,0,0,0,9,0,6,0,0,0,0,0,0,0,0,5,0,0,0,0,0,0,0,0,0,0,0,0,0,0,0,0,0,0,0,0,0,0,0,0,0,0,0,0,0,0,0,0,0,0,0,0,0,0,0,0,0,0,0,0,0,0,0,0,0,0,0,0,0,0,0,0,0,0,0
"D402",0,0,0,0,0,0,3,0,0,0,0,0,0,0,0,0,26,0,0,0,0,0,0,0,675,0,0,0,0,0,18,224,0,0,0,0,0,0,0,0,0,0,0,1338,0,0,0,1589,2,2,6,0,0,0,0,0,0,0,0,3,0,6546,0,11,0,0,0,6,0,0,0,5,0,19,1,0,0,3,9,1519,2,0,0,4,2,7,3,0,2,0,0,0,4,5,53,0,0,0,0,0,0,0,17,2,0,0,0,0,0,7,0,3,0,0,1818,0,0,0,0,0,0,0,0,0,0,0,0,0,0,15,0,0,3,0,0,0,0,0,0,0,0,0,0,0,11,0,0,0,0,0,0,0,0,0,0,0,2,0,0,0,0,8,0,0,2,0,0,47,0,0,0,0,0,0,0,0,0,0,0,0,0,0,0,0,0,0,2,0,3,0,0,0,0,0,3,0,5,0,0,0,0,0,0,3,0,0,0,0,0,0,0,0,0,0,3,12,0,0,0,0,0,0,0,0,57,0,0,0,5,0,0,21,0,0,8,0,0,0,2,0,5,0,5,0,0,0,0,0,0,0,6,0,0,0,3,0,1,2,0,0,0,3,0,0,0,0,0,0,0,0,0,1022,0,3,0,0,0,0,0,0,0,0,0,0,0,0,0,0,0,0,0,0,2,0,0,0,0,2,1636,0,0,0,0,360,0,36,0,0,0,13,0,0,0,0,0,0,0,0,2,0,0,0,2,0,0,0,0,14,0,0,0,4,0,0,0,5,0,0,0,5,0,0,0,3,0,0,0,0,0,9,0,742,0,0,0,0,24,0,0,0,0,0,0,0,3,0,0,193,0,0,0,0,2,0,0,6,0,0,11,0,3,69,0,0,0,3,15,0,0,0,0,0,0,0,0,0,0,356,0,6,737,0,0,0,1,16,0,2,0,0,0,0,2,11,0,0,0,0,0,0,0,0,66,12,0,0,0,0,0,0,2,16,0,0,0,0,44,19,0,6,1,0,0,5,0,5,4,0,0,0,0,2,0,2,0,0,7,0,0,0,0,4,0,0,0,0,0,7,3,0,0,0,0,0,0,0,0,0,0,0,0,0,0,0,15,40,0,0,1,0,0,113,0,0,0,0,0,0,1,0,0,0,9,0,7,0,0,0,0,6,3,0,8,0,0,0,0,0,0,2,2,0,13,3,333,0,0,8,0,0,2,0,0,0
"D403",0,0,0,2402,0,0,0,0,0,0,0,0,0,0,0,0,0,0,0,0,0,0,0,0,0,0,0,0,0,0,0,0,0,0,0,0,0,0,0,0,0,0,0,0,0,0,0,0,0,0,0,0,0,0,0,0,0,0,0,0,0,0,0,0,0,0,0,0,0,0,0,0,0,0,0,0,0,0,0,0,0,0,0,0,0,0,0,0,0,0,0,0,0,0,0,0,0,0,0,0,0,0,17,1,0,0,0,0,0,0,0,0,0,0,0,0,0,0,0,0,0,0,0,86,0,0,0,0,0,0,0,0,0,0,0,0,0,0,0,0,0,0,0,0,0,0,0,0,0,0,0,0,0,0,0,0,39,0,0,0,0,0,0,0,0,0,0,0,0,0,0,0,0,0,0,0,0,0,0,0,0,0,0,0,0,0,0,0,0,0,0,0,0,0,0,0,0,0,0,0,0,0,0,0,0,0,0,0,0,0,0,0,0,0,0,0,0,0,0,0,0,0,0,45,0,0,0,0,0,0,0,0,0,0,0,0,0,0,0,0,0,0,0,177,0,0,0,0,0,0,0,0,0,0,0,0,0,0,0,0,0,0,0,0,0,0,0,0,0,0,0,0,0,0,0,0,0,0,0,0,0,0,0,0,0,0,0,0,0,0,0,0,0,0,0,0,0,0,0,0,0,0,0,0,0,0,0,0,0,0,0,0,0,0,0,87,0,0,0,0,0,0,0,0,0,0,0,0,0,0,0,0,0,0,0,0,0,0,0,0,0,0,0,0,0,0,0,0,0,0,0,0,0,0,0,0,0,0,0,0,0,792,0,0,0,0,0,0,0,0,0,0,0,0,0,0,0,0,0,0,0,0,0,0,0,0,0,398,0,0,0,0,0,0,0,0,0,0,0,0,0,0,0,0,0,0,0,0,0,0,0,0,0,0,0,0,0,0,0,0,0,0,0,0,0,125,0,0,0,0,0,0,0,99,0,0,0,0,0,0,0,0,0,0,0,0,0,0,0,0,0,0,0,0,0,0,0,0,0,0,0,0,0,0,0,0,0,0,0,0,0,0,0,0,0,0,0,0,0,0,0,0,0,0,0,0,0,0,0,0,0,0,0,0,0,0,0,0,0,0,0,0,0,0,0,0,0,0,0,0,0,0,0,0,0,0,0,0,0,0,0,0,0,0,0,0,0,0,0,0,0,0,0,0
"D404",0,0,0,0,0,0,0,0,0,0,0,0,0,0,0,0,0,0,0,0,0,0,0,342,0,0,0,0,0,0,0,0,0,0,0,0,0,0,0,26,0,0,0,0,0,0,0,0,0,0,0,0,0,0,0,0,0,0,0,0,0,0,0,0,0,0,0,0,0,0,0,0,0,0,0,0,0,0,0,0,0,0,0,0,0,0,0,0,0,0,0,0,0,0,0,0,24,0,0,0,0,0,0,0,0,0,0,1230,0,0,0,0,0,0,0,0,0,0,0,0,0,0,0,0,0,0,0,10,0,0,0,0,0,0,0,0,0,0,0,0,0,0,0,0,0,0,0,0,0,0,0,0,0,0,0,0,0,0,0,0,0,0,0,0,0,0,0,0,0,0,0,0,0,0,0,0,0,0,0,0,0,0,0,18,0,0,0,0,0,0,0,0,0,0,0,0,44,27,0,0,0,0,0,0,0,0,0,0,0,0,0,0,0,0,0,0,0,0,0,0,0,0,0,0,0,0,0,0,0,0,0,0,0,0,897,509,0,0,0,0,0,0,0,0,0,0,0,0,0,0,0,0,0,0,0,0,0,0,0,0,0,0,0,0,0,0,0,0,0,0,0,0,0,0,0,0,0,0,0,0,0,0,0,0,722,0,0,0,0,0,0,0,0,0,0,0,0,0,0,0,0,0,0,0,0,0,0,0,0,0,0,0,0,0,0,0,64,0,0,0,0,0,0,0,0,0,0,0,0,0,0,0,0,0,0,0,0,0,0,0,0,0,0,0,0,0,0,14,0,0,0,0,0,0,0,0,0,0,0,0,0,0,527,0,0,0,81,0,0,0,26,0,0,22,0,0,0,0,0,0,0,0,0,0,0,0,0,0,0,0,0,0,0,0,0,0,0,0,0,0,0,0,0,0,0,0,0,0,0,0,0,269,0,0,0,0,0,0,0,0,0,0,0,0,0,0,1528,0,0,0,0,0,0,0,0,0,0,0,0,0,0,0,20,0,29,0,0,0,0,0,0,0,0,0,0,0,0,0,0,0,0,0,0,0,0,0,0,0,0,0,0,0,0,0,27,0,0,0,0,0,0,0,0,0,0,0,0,0,0,0,0,0,0,0,0,0,145,0,0,0,0,0,0,0,0,0,0,0,0,0,0,0,0,0,0,0,0,0,0,0,0,3,0,0,0,0,0,0,0,0,0,0,0,0
"D405",0,0,0,0,0,0,0,0,0,0,0,0,0,0,0,0,0,0,0,0,0,0,0,0,0,0,0,0,0,0,0,0,0,0,0,0,0,0,0,0,0,0,0,0,0,0,0,0,0,0,0,0,0,0,0,0,0,0,0,0,0,0,0,0,0,0,0,0,0,0,0,0,0,0,0,0,0,0,0,0,0,0,0,0,0,0,0,0,0,0,0,0,0,0,0,0,0,0,0,0,0,0,0,0,0,0,0,0,0,0,0,0,0,0,0,0,0,0,0,0,0,0,0,0,0,0,0,0,0,0,0,0,0,0,0,0,0,0,0,0,0,0,0,0,0,0,0,0,0,0,0,0,0,0,0,0,0,0,0,0,0,0,0,0,0,0,0,0,0,0,0,0,0,0,0,0,0,0,0,0,0,0,0,0,0,0,0,0,0,0,0,0,0,0,0,0,0,0,0,0,0,0,0,0,0,0,0,0,0,0,0,0,0,0,0,0,0,0,0,0,0,0,0,0,0,0,0,0,0,0,0,0,0,0,0,0,0,0,0,0,0,0,0,0,0,0,0,0,0,0,0,0,0,0,0,0,0,0,0,0,0,0,0,0,0,0,0,0,0,0,0,0,0,0,0,0,0,0,0,0,0,0,0,0,0,0,0,0,0,0,0,0,0,0,0,6858,0,0,0,0,0,0,0,0,0,0,0,0,0,0,0,0,0,0,0,0,0,0,0,0,0,0,0,0,0,0,0,0,0,0,0,0,0,0,0,0,0,0,0,0,0,0,0,0,0,0,0,0,0,0,0,0,0,0,0,0,0,0,0,0,0,0,0,0,0,0,0,0,0,0,0,0,0,0,0,0,0,0,0,0,0,0,0,0,0,0,0,0,0,0,0,0,0,0,0,0,0,0,0,0,0,0,0,0,0,0,0,0,0,0,0,0,0,0,0,0,0,0,0,0,0,0,0,0,0,0,0,0,0,0,0,0,0,0,0,0,0,0,0,0,0,0,0,0,0,0,0,0,0,0,0,0,0,0,0,0,0,0,0,0,0,0,0,0,0,3,0,0,0,0,0,0,0,0,0,0,0,0,0,0,0,0,0,0,0,0,0,0,0,0,0,0,0,0,0,0,0,0,0,0,0,0,0,0,0,0,0,0,0,0,0,0,0,0,0,0,0,0,0,0,0,0,0,0,0,0,0,0,0,0,0,0,0,0
"D406",0,0,0,0,0,0,0,0,0,0,0,0,0,0,0,0,0,0,0,0,0,0,0,0,0,0,0,0,0,0,0,0,0,0,0,0,0,0,0,0,0,0,0,0,0,0,0,0,0,0,0,0,0,0,0,0,0,0,0,0,0,0,0,0,0,0,0,0,0,0,0,0,0,0,0,0,0,0,0,0,0,0,0,0,0,0,0,0,0,0,0,0,0,0,0,0,0,0,0,0,0,0,0,0,0,0,0,0,0,0,0,0,0,0,0,0,0,0,0,0,0,0,0,0,0,0,0,0,0,0,0,0,0,0,0,0,0,0,0,0,0,0,0,0,0,0,0,0,0,0,0,0,0,0,0,0,0,0,0,0,0,0,0,0,0,0,0,0,0,0,0,0,0,0,0,0,0,0,0,0,0,0,0,0,0,0,0,0,0,0,0,0,0,0,0,0,0,0,0,0,0,0,0,0,0,0,0,0,0,0,0,0,0,0,0,0,0,0,0,0,2,0,0,0,0,0,0,0,0,0,0,0,0,0,0,0,0,0,0,0,0,0,0,0,0,0,0,0,0,0,0,0,0,0,0,0,0,0,0,0,0,0,0,0,0,0,0,0,0,0,0,0,0,0,0,0,0,0,0,0,0,0,0,0,0,0,0,0,0,0,0,0,0,0,0,0,0,0,0,0,0,0,0,0,0,0,0,0,0,0,0,0,0,0,0,0,0,0,0,0,0,0,0,0,0,0,0,0,0,0,0,0,0,0,0,0,0,0,0,0,0,0,0,0,0,0,0,0,0,0,0,0,0,0,0,0,0,0,0,0,0,0,0,0,0,0,0,0,0,0,0,0,0,0,0,0,0,0,0,0,0,0,0,0,0,0,0,0,0,0,0,0,0,0,0,0,0,0,0,0,0,0,0,0,0,0,0,0,0,0,0,0,0,0,0,0,0,0,0,0,0,0,0,0,0,0,0,0,0,0,0,0,0,0,0,0,0,0,0,0,0,0,0,0,0,0,0,0,0,0,0,0,0,0,0,0,0,0,0,0,0,0,0,0,0,4,0,0,0,0,0,0,0,0,0,0,0,0,0,0,0,0,0,0,0,0,0,0,0,0,0,0,0,0,0,0,0,0,0,0,0,0,0,0,0,0,0,0,0,0,0,0,0,0,0,0,0,0,0,0,0,0,0,0,0,0,0,0,0,0,0,0,0,0
"D407",0,0,0,0,0,0,29,0,0,0,0,0,0,0,0,0,0,0,18,0,0,0,0,0,17,0,0,0,0,0,0,26,0,0,0,0,0,0,0,0,0,0,0,0,0,0,0,0,0,0,0,0,0,0,0,0,0,0,34,0,0,0,0,0,0,0,78,0,0,0,0,0,0,0,0,1,0,0,0,0,0,0,0,0,0,0,0,0,0,0,0,0,0,0,0,0,0,0,0,0,0,0,0,0,0,0,0,0,0,0,0,0,0,0,0,0,0,0,0,0,0,0,0,0,0,0,0,0,0,0,0,0,0,0,3,0,0,0,0,0,0,0,0,0,0,0,0,0,0,0,0,0,0,0,0,0,0,0,0,0,0,0,9,0,0,0,0,0,0,0,0,0,0,0,0,0,0,0,0,0,0,0,0,0,0,0,0,0,0,0,0,0,0,0,31,3,0,0,0,0,0,0,0,0,59,0,0,0,0,0,0,0,0,0,0,0,0,0,18,0,0,0,0,0,0,0,0,0,0,0,0,0,1099,0,0,0,0,0,0,0,0,0,0,0,0,0,0,0,0,0,2,0,0,0,0,0,2,0,0,0,0,0,0,0,0,0,0,0,0,0,0,0,0,0,0,72,0,0,0,0,0,0,0,0,0,0,0,0,0,11,0,0,0,0,77,0,0,0,26,0,0,0,0,0,0,7,0,0,0,11,271,0,0,0,0,0,0,0,0,0,0,0,0,0,0,0,0,0,0,0,0,0,0,0,0,0,0,0,0,0,0,0,0,0,0,0,0,0,0,0,0,0,0,0,0,0,0,0,0,0,0,0,0,0,0,0,0,0,0,0,0,0,0,0,0,0,0,0,0,0,0,0,0,0,0,0,0,0,0,0,0,0,0,0,0,0,0,0,0,0,0,32,1,0,0,0,0,0,0,0,0,0,0,27,0,0,0,0,2,0,0,0,0,0,0,0,0,0,0,0,0,0,0,0,0,0,50,0,19,0,0,0,0,0,0,0,0,0,0,4,0,0,0,0,0,0,0,0,0,0,0,0,0,26,0,0,0,0,0,0,0,0,0,0,0,0,0,0,0,0,0,0,0,0,0,0,0,0,0,0,0,116,0,0,0,0,0,375,0,0,0,0,0,0,0,0,0,0,0,0,0,1132,0,0,0,0,0,0,0,0,0,0,0,0,0,0,0,0,0,0,0,0,0,0
"D408",0,0,0,0,9,0,0,0,0,0,0,0,0,0,0,0,0,0,0,0,0,0,0,5,0,0,0,0,0,0,0,0,0,0,0,0,0,0,0,0,0,0,0,0,0,0,19,0,0,0,16,0,0,0,0,0,0,0,0,0,1,0,0,0,0,0,0,0,0,0,0,0,0,0,0,0,0,0,0,0,0,0,0,0,0,0,0,0,0,0,0,0,0,0,0,0,0,0,0,0,0,0,0,0,0,0,0,0,0,0,0,0,0,0,0,0,0,0,0,0,19,0,0,0,0,0,0,0,0,0,0,0,0,0,0,16,0,0,0,0,0,0,1,0,0,0,0,0,0,0,0,0,0,0,0,0,0,0,0,0,0,0,0,0,0,0,0,0,0,0,0,0,0,0,0,0,0,0,0,0,0,0,0,0,0,0,0,0,0,0,0,0,0,0,0,0,0,0,0,0,0,0,0,0,9,0,0,0,0,0,0,0,0,0,0,0,0,0,0,0,0,0,0,0,0,0,0,0,0,0,0,0,0,0,0,0,0,15,0,0,0,0,0,0,0,0,0,0,0,0,0,0,0,0,0,0,0,0,0,0,0,0,0,0,0,0,0,0,0,0,0,0,0,0,0,0,0,0,0,0,0,0,0,0,0,0,0,0,0,0,0,1,0,0,0,57,0,0,0,0,0,0,0,0,0,0,0,15,0,0,0,0,0,0,0,0,0,0,0,0,0,0,0,0,0,0,0,0,0,0,0,0,0,0,0,0,0,2,0,0,0,0,0,0,0,0,0,0,0,0,0,0,0,0,0,0,0,0,0,0,0,0,24,0,0,0,0,0,0,0,0,0,0,0,0,0,0,0,0,0,0,0,0,0,0,0,0,0,0,0,0,16,0,0,0,0,0,0,0,0,0,0,1,0,0,0,0,0,0,0,0,0,0,0,0,0,0,0,0,0,0,0,0,0,0,0,0,0,0,0,0,0,0,0,37,0,0,0,0,0,0,0,0,0,0,0,0,0,0,0,0,0,0,0,0,0,0,0,0,0,0,0,0,0,7,14,0,0,0,0,0,0,0,0,0,0,5,0,0,0,0,0,0,0,0,0,0,0,0,0,0,0,0,0,0,0,0,0,0,0,0,0,0,0,0,0,0,0,0,0,0,0,0,0,0,0,0,0,0,0,0,0,0,0,0,0,0,0,0,0,0,0,0,0
"D409",0,0,0,0,0,0,0,0,0,0,27,0,0,0,0,0,2,0,204,0,0,0,0,0,0,0,0,0,0,0,0,0,0,0,0,0,0,0,0,0,0,0,0,0,0,0,24,1182,0,0,0,0,0,0,30,280,0,0,0,0,0,7,0,0,0,0,0,0,0,0,0,0,0,0,0,0,0,0,0,0,0,0,0,0,0,0,0,0,0,0,0,0,0,0,12,0,0,0,0,0,0,0,0,0,0,0,0,0,0,0,33,0,0,0,0,0,0,0,0,0,0,0,0,0,0,0,0,0,0,0,0,0,0,0,271,0,0,0,0,0,0,0,0,0,0,0,0,0,0,0,0,0,0,0,0,0,0,0,0,0,0,0,0,0,0,0,0,0,0,0,8632,0,0,0,0,0,0,0,0,0,0,0,0,0,0,0,0,0,0,0,0,0,0,0,0,0,0,0,0,0,0,0,0,0,0,0,0,0,0,0,0,0,0,15,0,0,34,0,0,0,0,0,0,0,0,0,0,0,0,0,0,0,0,0,0,0,0,0,0,0,0,0,0,0,0,0,0,0,0,0,0,0,0,0,0,0,0,0,0,0,0,5,0,0,0,0,0,0,0,0,0,0,0,0,0,0,0,0,0,0,0,0,0,0,0,0,0,0,0,0,0,0,0,0,0,747,0,0,0,0,0,0,0,31,0,0,0,0,0,0,0,0,0,0,0,0,0,0,0,0,0,0,0,0,0,0,0,0,0,0,0,0,0,0,0,0,0,0,0,0,0,0,0,0,0,0,0,0,0,0,0,0,8,0,0,0,0,0,0,0,0,0,0,0,0,0,0,5,0,0,0,18,0,0,0,0,0,0,0,0,2,0,0,0,0,0,0,0,0,0,0,0,0,0,0,0,0,0,0,0,0,0,0,0,0,0,0,0,0,0,0,0,0,0,0,0,0,0,0,0,0,0,0,0,0,0,0,0,0,0,0,0,0,0,0,0,0,0,0,0,0,0,0,0,0,0,0,0,0,0,0,0,0,0,0,0,0,0,0,0,0,0,0,0,0,0,0,0,0,0,0,0,0,0,0,0,0,0,0,0,0,0,0,0,0,60,0,0,0,0,0,0,0,0,0,0,0,0,0,0,0,0,0,0,0,0,0,0,0,0,0,0,0,0,0,0,0,0,0,0,0,0,0,0,0,0,0,0,0,0,0,0,0,0
"D410",0,0,0,0,0,0,0,0,0,0,0,0,0,0,2,0,0,4,52,0,0,0,2,0,0,0,0,0,0,0,14,0,0,0,0,0,0,0,0,0,0,3,0,28,11,0,0,0,0,0,0,0,0,0,0,3,0,0,0,5,0,0,5,0,0,0,0,0,0,0,0,0,0,0,0,0,0,0,56,0,0,0,0,4,0,0,0,0,0,0,0,0,0,0,0,21,0,0,0,0,5,0,8,0,0,0,0,0,0,0,0,0,0,0,58,0,0,0,0,0,0,0,0,0,0,155,0,0,50,0,0,0,0,0,5,0,0,0,0,0,0,0,0,0,6,0,0,0,0,0,0,0,0,0,2,0,0,0,0,0,0,0,0,0,0,0,0,0,0,0,0,3,0,0,0,0,0,264,0,0,0,10,0,0,0,0,0,0,0,0,2,0,0,0,0,0,0,0,0,0,0,0,0,0,0,9,0,0,0,0,0,0,0,0,0,0,0,0,0,0,0,0,3,0,0,0,0,0,0,0,0,0,0,0,3,0,0,0,10,0,0,0,0,0,0,0,0,0,0,0,0,0,0,0,0,0,0,0,0,0,0,0,0,1,0,0,0,0,0,0,0,0,0,0,0,0,0,0,0,0,0,0,0,0,0,0,0,0,0,0,0,0,0,0,0,0,0,0,0,0,0,0,0,8,6,2,0,3,0,33,0,0,2,0,0,0,0,0,0,0,0,0,0,0,0,0,0,0,0,0,0,0,0,0,0,0,0,0,0,0,0,0,0,0,0,0,0,0,0,8,0,52,1,668,0,1,0,0,0,0,0,0,0,0,0,0,0,81,0,0,0,0,0,0,0,0,0,0,0,6,2,31,0,0,0,0,0,0,0,13,0,0,0,6,0,0,0,5,0,0,0,0,0,0,0,0,0,0,0,0,0,0,0,0,0,0,0,0,0,0,1,0,0,321,3,0,0,0,0,0,0,0,0,0,0,0,0,0,0,0,0,0,0,0,0,0,0,0,0,0,0,0,0,0,0,0,0,0,0,0,0,0,0,0,0,17,0,0,0,0,0,0,0,0,0,0,0,0,0,4,0,0,0,0,0,1,0,0,0,0,31,0,0,0,0,6,0,0,0,0,0,0,0,0,6,0,163,0,0,0,0,0,0,0,0,0,0,0,0,0,0,0,14,0,3,0,0,0,1,0,0,0,0,0
"D411",0,0,0,0,0,0,0,0,0,0,3,0,0,0,0,0,0,0,0,0,0,0,0,0,0,0,0,0,0,0,0,30,0,0,0,0,0,0,0,0,0,0,0,0,39,0,0,0,4,0,0,0,0,0,0,0,0,0,0,0,0,0,2,0,0,0,0,0,0,0,0,0,0,13,0,0,0,0,94,0,0,0,2,139,0,12,0,0,0,0,0,0,0,0,0,2,0,0,0,0,0,0,0,0,0,0,0,0,0,0,0,0,0,0,46,0,0,0,0,0,0,0,0,0,0,0,0,0,0,0,0,0,0,0,0,0,0,0,0,0,0,0,0,155,2,0,0,0,0,0,0,0,0,0,0,0,0,0,0,0,0,0,0,0,0,0,0,0,0,0,0,0,81,0,0,0,0,75,0,0,0,0,0,0,0,0,0,0,0,0,0,0,0,0,2,0,0,0,0,0,0,0,0,0,0,183,0,0,0,0,0,0,0,0,0,0,0,0,0,0,0,0,0,0,0,0,0,0,0,0,0,0,0,0,0,0,0,0,0,0,0,0,0,0,0,0,0,0,0,0,0,0,0,0,0,0,0,0,0,0,0,2,0,10,0,0,9,0,0,0,0,0,0,0,0,0,0,0,0,0,0,0,0,0,0,0,0,0,0,0,0,0,0,0,0,0,0,0,0,0,0,0,0,0,0,0,0,0,0,0,0,0,0,0,0,0,0,0,0,0,0,12,0,0,0,0,0,0,0,0,0,0,0,0,0,0,0,0,0,0,1460,0,0,0,0,0,0,0,0,0,0,25,11,12,0,0,0,0,0,0,0,0,0,0,0,0,0,884,1,0,0,0,0,0,0,0,0,0,0,19,0,0,0,0,0,0,0,0,0,0,0,0,0,0,0,0,0,0,0,0,0,0,3,0,0,0,0,0,0,23,0,0,0,0,0,0,0,0,0,0,0,0,0,500,0,0,0,0,0,0,0,0,0,0,0,0,0,0,0,29,1,0,0,0,0,0,0,0,0,0,0,0,0,0,0,0,0,0,0,0,0,0,0,0,0,0,0,0,0,0,0,0,0,0,0,0,0,0,0,0,0,0,0,0,0,0,0,0,0,0,8,0,0,0,0,0,0,0,0,0,0,0,0,0,0,0,34,0,0,0,0,0,24,0,0,0,10,0,0,0,0,0,0,0,0,0,3,0,0,0,0,0,0,0
"D412",0,0,0,0,0,0,0,0,0,0,0,0,0,0,0,0,0,0,0,0,0,0,0,0,0,0,0,0,0,0,0,0,0,0,0,0,0,0,0,0,0,0,0,0,0,0,2,0,0,0,0,0,0,0,0,0,0,0,0,0,0,0,0,0,0,0,0,0,0,0,0,0,0,0,0,0,0,0,0,0,0,0,0,0,0,0,0,0,0,0,0,0,0,0,0,0,0,1,0,0,0,0,0,0,0,0,0,0,0,0,0,0,0,0,0,0,0,0,0,0,0,0,0,0,0,0,0,0,0,0,0,0,0,0,0,59,0,0,0,0,0,0,0,0,0,0,0,0,0,0,0,0,0,0,0,0,0,0,0,0,0,0,0,0,0,0,0,0,0,0,0,3,0,0,0,0,0,0,0,0,0,0,0,0,0,0,0,0,0,0,0,0,0,0,0,0,0,0,0,0,0,0,0,0,10,0,0,0,0,0,0,0,0,0,0,0,8,0,0,0,0,0,0,0,0,0,0,0,0,0,0,0,0,0,4,0,0,0,0,0,0,0,0,0,0,0,0,0,0,0,0,0,0,0,0,0,0,0,0,0,0,0,0,0,0,0,0,0,0,0,0,0,0,0,0,0,0,0,0,0,0,0,0,0,0,0,0,0,0,0,0,0,0,0,0,0,0,0,0,0,0,0,0,0,0,0,0,0,0,0,0,0,0,0,0,0,0,0,0,0,0,0,0,0,0,0,0,0,0,0,0,0,0,0,0,0,0,35,0,0,1,0,0,0,0,0,0,0,0,0,0,0,0,0,0,0,0,0,0,0,0,0,0,0,0,0,0,0,0,0,0,0,0,0,0,0,0,0,0,0,0,0,0,0,0,0,0,0,0,0,0,0,0,0,0,0,1,0,0,0,0,0,12299,0,0,0,0,0,0,0,0,0,0,0,0,0,0,0,0,0,0,0,0,0,0,0,0,0,0,0,0,0,0,0,0,0,0,0,0,0,0,0,0,0,0,0,0,0,0,0,0,0,0,0,0,0,0,0,0,0,2,0,0,51040,0,0,0,0,0,0,0,0,0,0,0,0,0,0,0,0,0,0,0,0,0,0,0,0,0,0,0,0,0,0,0,0,0,0,0,0,0,0,0,5,0,0,0,0,0,0,0,0,0,0,0,0,0,0,0,0,0,0,0,0,0,0,0,0,0,0,0,0,0,0
"D413",0,0,0,0,0,0,0,0,0,0,0,0,0,0,0,0,0,0,0,0,0,0,0,0,0,0,0,0,0,5,0,0,0,0,0,0,0,0,35,0,0,0,0,266,0,0,0,0,0,0,0,0,0,0,0,0,0,55,0,0,0,0,0,0,0,0,0,0,0,0,0,0,0,0,0,0,0,0,0,0,0,0,0,0,0,0,0,0,0,0,0,0,0,0,0,0,0,0,0,0,0,0,0,0,0,0,0,0,0,0,0,0,0,0,0,3,0,0,0,0,0,0,0,0,0,0,0,0,0,0,0,0,0,0,0,0,0,0,0,0,0,0,0,0,0,0,0,0,0,0,0,0,0,0,0,0,0,0,0,0,0,0,0,0,0,0,0,0,0,0,0,0,0,0,0,0,0,0,0,0,0,0,0,0,0,0,0,0,0,0,0,0,0,0,0,0,0,0,0,0,0,0,0,0,0,0,0,0,0,0,0,0,0,0,0,0,140,0,0,0,0,0,0,0,0,0,0,0,0,3,0,0,0,0,0,0,0,0,0,0,0,0,0,0,0,0,0,0,0,0,0,0,0,0,4,0,0,0,0,0,0,0,0,0,0,0,0,0,0,0,0,286,0,0,0,0,0,0,0,2,0,0,0,0,0,0,0,0,0,0,0,0,0,0,0,0,0,0,391,0,0,0,0,0,0,0,0,0,0,0,148,0,0,0,245,0,0,0,0,0,0,0,0,0,0,0,0,0,0,0,0,0,0,0,0,74,6,0,0,0,0,0,0,0,0,0,0,0,0,0,0,0,0,0,0,0,0,0,0,0,0,0,0,0,0,0,0,0,0,0,0,0,0,0,0,0,0,0,0,6,0,0,0,0,0,0,0,0,0,0,0,0,0,0,0,0,34,0,0,0,0,0,85,0,0,0,0,0,0,0,0,0,0,0,0,0,0,0,0,0,0,0,0,0,0,0,0,0,0,0,0,0,0,0,0,0,1,0,0,0,0,0,0,48,0,0,2,0,0,0,0,0,0,0,0,0,0,0,0,0,0,0,0,0,0,0,0,0,0,0,0,0,0,0,0,0,0,0,0,0,0,0,0,0,0,0,0,0,0,0,0,0,0,0,0,0,0,0,0,0,0,0,0,0,0,0,0,0,115,0,0,0,0,0,0,0,312,0,0,0,0,0,0,0,0,0,2,0,0,0,0,0,0,0
"D414",0,0,0,25,0,3,6,0,0,0,0,0,0,0,0,0,0,0,0,0,0,0,0,0,0,4,1,0,0,0,0,0,0,0,0,0,0,0,0,34,0,6,0,0,0,0,0,0,0,0,0,0,0,0,4,15,0,0,0,0,14,0,0,0,0,0,0,0,4,0,0,0,0,0,0,0,0,0,0,0,0,0,0,0,0,0,0,0,16,0,0,0,0,0,0,0,27,0,0,0,0,0,62,40,0,0,4,70,0,0,0,0,0,0,0,0,0,0,0,2,0,0,0,10,0,0,0,2,0,0,0,0,0,0,0,0,0,0,0,0,0,0,0,2,0,0,0,0,0,0,0,0,0,0,0,0,5,0,0,0,0,0,4,0,0,66,0,0,0,0,3774,3,0,0,0,6,0,0,0,0,0,0,0,0,0,0,0,0,0,0,0,0,0,0,0,0,26,115,0,0,0,0,0,0,0,0,0,0,0,0,0,0,0,113,4,0,0,0,0,0,0,0,0,0,0,0,0,0,0,0,0,0,0,0,247,0,0,6,0,0,0,0,0,0,0,0,0,0,0,0,0,0,0,0,41,3,0,0,0,0,2,0,0,0,0,0,0,0,0,0,0,0,0,0,0,5,0,2,0,0,0,0,0,0,34,0,0,0,5,0,0,0,0,0,0,138,0,0,87,0,0,0,0,457,0,16,0,0,0,3,0,0,0,0,0,0,31,0,0,0,0,0,0,0,0,0,0,0,0,1,0,6,0,0,0,3,0,12,0,0,3,0,0,0,0,0,0,0,0,0,0,0,0,0,0,0,0,0,0,0,0,25,0,0,0,0,5,0,0,0,0,0,0,0,0,0,0,0,0,0,0,5,0,0,0,0,8,4,3,0,0,0,0,0,0,0,0,0,0,0,0,0,0,0,0,0,0,0,0,0,0,0,0,0,0,0,0,0,0,1,0,0,0,0,0,33,0,0,0,0,0,0,0,0,0,0,0,0,0,0,0,0,4,0,40,1,0,0,0,0,0,0,0,0,0,0,0,0,0,0,15,0,0,0,0,2,0,9,0,0,0,0,0,0,0,0,0,0,0,0,0,0,0,0,0,0,0,0,0,0,0,0,0,0,0,0,0,0,0,0,0,0,0,4,3,0,0,0,0,0,0,5,0,0,0,0,0,0,0,0,0,16,0,0,0,0,0,0,0,0,0,0,0,0
"D415",1,0,381,0,2,19,0,0,92,66,0,5,0,0,0,10,0,0,0,0,6,0,0,0,0,22,0,0,0,7,0,0,0,2,0,0,0,0,27,0,3,0,0,0,0,20,0,0,106,0,0,2,0,0,0,0,0,0,0,0,0,0,0,1,214,3,0,28,0,0,0,122,0,0,0,2,0,16,0,0,4,8,0,0,0,0,4,2,0,0,0,15,0,0,0,0,0,0,22,34,2,0,0,0,0,14,122,0,0,0,115,0,5,2,0,0,17,2,0,0,2,29,173,0,0,0,0,0,0,5,8,275,219,134,0,0,0,30,1225,0,0,45,9,0,0,0,4,1,7,0,44,18,0,0,0,2,0,5,54,0,0,0,9,8,13,0,13,0,7,94,0,0,0,0,2,0,0,0,0,16,0,0,7,0,81,0,24,135,1,0,11,1,0,48,0,0,0,0,0,4,37,0,986,0,0,0,0,551,0,532,0,0,0,0,0,0,0,0,2,0,0,0,0,0,0,2,10,4,0,0,0,37,0,0,0,0,6,2939,146,0,0,0,0,0,13,3,0,0,194,0,3064,0,0,103,2071,0,0,0,35,10,0,0,0,28,5,198,0,0,6,6,13,0,11,9,74,5,200,0,0,0,674,53,0,0,0,38,0,158,0,0,0,0,1,3,0,0,135,0,0,0,0,380,0,0,0,0,95,5,0,0,0,57,0,11,45,0,0,0,0,0,0,0,10,0,1,0,37,0,688,0,12,0,127,7,4,0,0,0,0,0,0,47,6,493,0,9,24,0,226,0,0,0,0,0,2,0,0,0,10,8,0,0,0,0,0,0,0,0,0,0,0,14,3,0,3,40,0,63,3,0,0,0,0,18,0,69,16,0,0,0,15,0,543,0,162,0,0,0,0,2,0,0,0,0,0,13,16,11,0,0,3,0,0,321,1,6,242,161,0,0,70,0,0,0,0,0,0,7,0,0,3,0,26,0,0,4,0,12,0,3,0,15,0,0,0,0,27,0,0,0,0,0,6,0,8,1271,0,0,14,0,44,0,27,0,0,0,0,102,202,3,0,7,0,0,0,7,1272,0,2,0,0,7,0,21,33,0,3,2,2,34,0,0,0,0,26,109,0,0,398,61,0,16,445,0,4,0,0,11,0,0,60,2,0,36,116,20,0,1,192,0,237,0,0,0,0,0,0,3536,0,0,0,0,0,198
"D416",0,0,0,0,6,0,0,0,0,0,0,0,0,0,0,0,0,0,20,0,0,0,0,16,0,0,0,0,0,0,8,0,0,0,0,0,0,0,0,0,0,0,0,0,0,0,4,0,0,0,0,0,0,0,0,58,0,0,0,0,41,0,0,2,0,0,0,0,0,0,0,0,0,0,0,14,0,0,0,0,0,0,0,0,0,0,0,0,0,0,0,0,0,0,0,0,9,0,0,0,0,0,102,39,0,0,0,16,6,0,0,0,0,0,0,0,0,0,0,13,0,0,0,11,0,0,0,0,0,0,0,0,0,0,13,0,0,0,0,0,0,0,0,0,0,0,0,0,0,0,0,0,0,0,0,0,0,0,10,0,0,0,0,0,0,96,0,79,0,0,10260,3,0,0,0,0,0,0,0,0,0,0,0,0,0,0,0,0,0,0,0,0,0,0,0,0,28,0,0,0,0,0,0,0,0,0,0,0,0,0,0,0,0,153,0,0,0,0,0,0,0,0,0,0,0,0,0,0,0,0,0,0,0,0,128,0,0,2,0,0,0,0,0,0,0,0,0,0,0,0,0,0,0,0,132,0,0,0,0,4,0,0,0,0,0,0,0,0,0,0,0,0,0,0,0,29,0,0,0,0,0,0,0,0,0,0,0,0,23,0,0,0,0,0,0,128,0,0,923,0,0,0,0,373,0,54,0,0,0,0,0,0,0,0,0,0,0,0,0,0,3,0,0,0,0,0,0,0,0,0,0,0,0,0,0,0,0,0,0,0,26,0,0,0,0,0,0,0,0,0,0,0,0,0,0,0,0,0,0,0,0,0,0,0,0,0,0,0,0,0,0,0,0,0,0,0,0,0,0,0,0,17,0,0,0,0,0,0,0,43,0,0,0,0,0,0,0,0,0,0,0,134,0,0,0,0,0,0,0,0,0,0,0,0,0,0,0,0,0,109,0,0,0,0,0,0,0,0,0,0,0,0,0,0,0,0,0,0,0,0,0,0,0,0,0,5,0,0,0,0,0,0,0,0,0,0,0,0,0,0,121,0,0,0,5,0,0,0,4,0,0,0,0,0,0,0,0,0,0,0,0,0,0,0,0,0,0,0,0,0,0,0,0,0,0,0,0,0,0,0,0,0,0,0,0,0,0,0,0,0,0,12,0,0,0,0,0,0,0,0,0,12,0,0,0,0,0,0,0,0,0,0,0,0
"D417",25,0,0,69,0,0,46,0,0,0,0,0,0,0,0,0,0,0,0,0,0,0,0,100,0,0,93,0,0,0,23,14,0,0,0,0,0,0,0,237,0,0,0,0,0,0,101,0,0,0,0,0,0,0,0,0,0,0,0,0,23,0,0,0,0,0,53,0,38,0,0,0,0,0,16,0,0,0,0,0,0,0,0,0,0,0,0,0,0,0,0,0,0,0,0,0,398,0,0,0,0,0,3176,921,0,0,0,220,163,0,0,0,0,0,0,0,0,0,0,935,0,0,0,59,0,0,61,25,0,0,0,0,0,0,55,54,0,0,0,0,0,0,0,113,0,0,0,0,0,0,0,0,19,0,80,0,1852,0,0,0,0,0,0,0,0,0,0,0,0,0,0,0,0,0,0,0,0,0,0,0,0,0,0,0,0,0,0,0,0,0,0,0,0,0,0,0,473,187,0,0,0,0,0,0,0,0,0,0,0,0,0,0,0,0,0,0,327,0,0,0,0,0,0,0,0,14,0,0,0,0,0,0,0,0,1548,41,0,84,0,0,0,0,0,0,0,0,0,0,0,0,0,0,0,0,0,0,0,0,0,0,9,0,12,0,0,0,0,0,0,0,0,63,0,0,0,0,0,17,0,0,0,0,0,0,2,0,0,0,847,0,0,0,0,0,0,0,0,0,171,0,0,0,0,0,0,0,0,0,0,0,0,0,0,0,0,0,156,0,0,0,0,0,0,0,0,0,0,0,0,8,0,0,0,0,0,0,0,164,2,0,0,0,0,0,0,0,0,82,0,0,0,0,0,0,0,0,21,0,0,0,0,97,42,0,0,0,68,0,0,0,0,0,0,0,0,0,0,0,0,0,0,0,0,0,0,0,0,0,0,0,0,0,0,0,0,0,0,0,0,0,0,0,0,322,0,0,0,0,0,0,0,0,0,0,0,0,0,0,0,0,0,0,0,0,0,139,220,0,0,0,0,0,0,0,0,0,0,0,6,0,0,0,7,0,81,32,0,0,0,0,0,0,0,0,0,0,0,0,0,0,0,0,0,1552,33,1,0,0,0,0,0,0,0,0,81,0,0,0,0,0,0,0,0,0,0,0,0,0,0,0,0,0,0,0,0,0,54,0,0,0,0,0,0,24,145,0,0,0,0,0,0,0,0,0,0,0,0,0,0,0,0,31,0,0,0,0,0,0,0,0,0,0,57,0
"D418",0,0,0,0,16,0,0,0,0,0,0,0,0,0,0,0,0,0,0,0,0,0,0,0,0,0,0,0,0,0,10,0,0,0,0,0,0,0,0,0,0,0,0,0,0,0,0,0,0,0,0,0,0,0,0,0,0,0,0,0,0,0,0,0,0,0,0,0,0,0,0,0,0,0,0,0,0,0,0,0,0,0,0,0,0,0,0,0,0,0,0,0,0,0,0,0,0,0,0,0,0,0,0,0,0,0,2,0,0,0,0,0,0,0,0,0,0,0,0,0,0,0,0,0,0,0,0,0,0,0,0,0,0,0,0,0,0,0,0,0,0,0,0,0,0,0,0,0,0,0,0,0,0,0,0,0,0,0,0,0,0,0,0,0,0,0,0,0,0,0,0,0,0,0,0,0,0,0,0,0,0,0,0,0,0,0,0,0,0,0,0,0,0,0,0,0,0,0,0,0,0,0,0,0,0,0,0,0,0,0,0,0,0,0,0,0,0,0,0,0,0,0,0,0,0,0,0,0,0,0,0,0,0,0,0,0,0,0,0,0,0,0,0,0,0,0,0,0,0,0,0,0,0,0,0,0,0,0,0,0,0,0,0,0,0,0,0,0,0,0,0,0,0,0,0,0,0,0,0,0,0,0,0,0,0,0,0,0,0,0,0,0,0,0,0,1625,0,0,0,0,0,0,0,0,0,0,0,0,0,0,0,0,0,0,0,0,0,0,0,0,0,0,0,0,0,0,0,0,0,0,0,0,0,0,0,0,0,0,0,0,0,0,0,0,0,0,0,0,0,0,0,0,0,0,0,0,0,0,0,0,0,0,0,0,0,0,0,0,0,0,0,0,0,0,0,0,0,0,0,0,0,0,0,0,0,0,0,0,0,0,0,0,0,0,0,0,0,0,0,0,0,0,0,0,0,0,0,0,0,0,0,0,0,0,0,0,0,0,0,0,0,0,0,0,0,0,0,0,0,0,0,0,0,0,0,0,0,0,0,0,0,0,0,0,0,0,0,0,0,0,0,0,0,0,0,0,0,0,0,0,0,0,0,0,0,0,0,0,0,0,0,0,0,0,0,0,0,0,0,0,0,0,0,0,0,0,0,0,0,0,0,0,0,0,0,0,0,0,0,0,0,0,0,0,0,0,0,0,0,0,0,0,0,0,0,0,0,0,0,0,0,0,0,0,0,0,0,0,0,0,0,0,0,0
"D419",0,21,59,0,0,5,0,0,31,99,0,6,2,0,2,0,0,0,0,2,70,1,0,0,0,91,0,0,7,16,0,0,0,2,0,0,24,0,12,0,0,0,0,0,0,2,0,140,132,0,0,2,0,984,0,0,0,0,0,12,0,0,0,3,126,3,0,28,0,0,19,191,0,0,0,0,0,54,0,91,0,4,0,0,0,0,0,3,0,3,0,10,29,0,0,0,0,0,71,62,0,0,0,0,0,12,69,0,0,0,93,0,6,0,0,0,2,10,0,0,0,0,63,0,0,0,0,0,0,11,4,110,29,43,0,0,2,14,596,1,0,4,0,0,0,0,6,0,2,0,5,0,0,0,0,5,0,3,33,0,0,0,30,5,45,0,9,0,22,635,2,0,0,0,0,0,5,0,0,36,2,0,39,0,119,23,59,88,7,0,4,0,0,27,1,2,0,0,2,7,30,0,60,6,0,0,22,109,3,629,0,1,0,0,0,0,0,0,0,19,0,5,0,0,0,0,0,15,0,0,0,54,0,0,0,0,11,1761,16,0,0,0,0,0,65,5,0,0,26,0,1595,0,3,89,823,4,0,0,227,28,0,0,0,0,9,45,0,5,32,6,0,0,20,4,60,31,75,0,0,0,911,79,0,5,0,48,3,26,0,0,0,0,1,4,0,0,190,23,8,0,0,0,0,0,0,0,42,4,13,0,0,50,0,3,63,0,0,7,0,0,0,0,0,9,6,0,30,0,275,1,4,2,16,10,3,0,14,0,0,0,0,69,3,632,0,12,0,0,41,0,3,0,0,0,1,0,0,104,26,138,0,0,0,0,0,0,0,0,0,2,0,15,1,0,5,12,0,56,2,0,0,0,1,7,0,15,56,0,0,0,2,3,268,0,40,6,0,6,2,2,201,1,0,0,0,51,10,0,0,0,5,0,0,428,9,3,49,250,3,21,2608,15,0,0,0,0,0,2,0,0,1,0,14,0,0,29,2,17,0,2,0,0,0,0,0,0,57,0,0,0,0,7,11,0,421,71,0,12,1,0,15,0,4,0,0,0,23,138,52,3,0,53,3,2,0,5,370,0,35,0,0,2,0,44,27,0,3,4,132,3,0,0,0,0,0,384,0,0,153,16,17,5,308,0,0,0,0,7,0,0,14,14,0,0,77,6,0,3,18,0,97,0,0,0,20,13,0,2056,0,0,3,0,118,65
"D420",1,0,0,0,0,6,2,0,0,0,0,0,0,0,0,0,0,0,8,0,0,0,0,0,65,0,0,0,0,0,37,21,0,0,0,0,0,0,0,0,0,0,0,0,0,0,0,28,0,0,0,0,0,0,0,0,0,0,10,0,0,0,0,0,0,0,0,2,0,0,0,0,0,0,0,2,0,0,0,0,0,0,0,0,0,0,0,0,0,15,0,0,0,0,0,0,0,0,0,0,0,0,0,0,0,0,278,0,0,0,0,0,0,0,0,0,0,0,0,0,0,0,0,0,0,0,0,0,0,0,0,0,37,0,122,0,0,0,0,0,0,0,0,0,0,0,0,0,0,2,0,0,0,0,38,0,0,0,0,0,0,0,795,0,0,0,0,0,0,0,0,0,0,0,0,0,0,0,0,0,0,0,0,0,0,0,0,0,0,0,0,2,0,0,501,47,0,0,0,0,0,0,0,0,15,0,0,0,0,0,0,0,0,0,0,0,0,0,42,0,0,0,0,0,0,0,0,0,0,2,0,4,1799,0,0,0,0,0,0,0,0,0,0,0,0,0,0,0,0,0,172,0,0,0,0,0,19,3,0,0,10,0,0,0,0,0,0,0,0,0,0,0,0,0,0,507,0,0,0,0,0,0,0,0,0,0,0,0,0,0,0,0,0,0,79,0,0,0,0,0,0,0,0,2,0,364,0,0,0,1046,22,0,0,0,0,0,0,71,0,0,0,0,0,0,0,0,0,0,0,0,0,0,0,0,0,0,0,0,0,0,0,0,0,0,0,0,0,0,0,55,11,0,0,0,0,0,0,0,0,0,0,0,0,0,0,0,0,0,0,0,0,0,0,0,0,0,0,0,0,0,0,0,0,0,0,0,14,0,0,0,0,0,0,0,0,0,0,0,0,0,0,23,0,0,0,0,0,0,0,0,0,0,0,105,0,0,0,0,0,0,8,0,0,0,0,0,0,0,0,0,0,0,0,0,0,0,0,0,20,0,0,0,0,0,0,0,0,0,0,0,0,0,0,0,0,0,0,0,0,0,0,0,0,0,0,0,0,7,0,0,0,0,0,0,0,0,0,0,8,0,0,0,0,0,0,0,0,0,3,0,0,25,0,0,0,0,0,0,0,0,0,0,0,0,4,0,0,0,0,0,0,60,0,0,0,0,0,0,0,0,0,0,0,0,0,0,0,0,0,0,0,0,0,0
"D421",0,2,24,0,0,1,0,0,2,91,0,4,0,0,0,14,0,0,0,0,21,0,0,0,0,107,0,0,0,13,1,0,0,0,7,0,7,0,6,0,7,41,0,0,0,0,0,186,62,0,0,3,0,197,0,0,0,0,0,0,0,0,1,9,0,7,0,36,0,0,18,7,0,0,0,0,1,22,0,0,3,0,0,0,0,0,0,4,0,1,0,11,32,0,0,0,0,0,3,37,0,2,0,0,0,12,23,0,0,2,0,0,4,0,133,0,2,5,0,0,0,3,15,0,0,0,0,0,0,16,4,73,15,43,0,0,5,8,401,0,0,0,0,0,0,31,4,0,5,0,13,3,0,0,0,6,0,4,39,0,0,0,7,5,22,0,3,91,6,340,0,0,0,0,0,0,35,0,0,33,0,0,71,0,71,7,28,0,5,0,0,0,0,23,0,2,0,0,0,10,13,0,43,7,0,0,6,50,5,395,0,3,0,0,14,0,0,0,3,27,0,8,0,0,0,0,0,1,5,180,0,17,0,3,0,0,11,1200,14,32,0,0,0,0,15,0,0,0,69,0,211,0,7,78,723,0,0,0,8,9,0,0,0,1,9,28,0,0,0,9,0,175,2,21,6,26,45,0,0,0,358,72,7,0,0,21,1,86,0,0,0,0,0,2,0,0,133,12,672,2,0,106,0,0,0,0,55,0,0,0,0,4,0,0,29,0,0,0,3,0,0,1,0,0,7,0,19,0,44,0,4,8,50,12,0,0,1,0,0,0,0,34,5,83,4,3,5,0,20,0,39,0,0,0,1,0,0,26,89,13,10,0,0,177,0,0,0,0,0,0,0,16,11,0,22,12,0,49,0,0,0,0,1,27,0,42,104,0,0,0,0,1,454,0,43,12,0,0,10,10,0,0,0,0,0,27,6,0,4,0,10,0,0,29,4,0,0,39,0,7,288,4,0,0,0,0,0,3,0,0,3,0,8,0,0,11,0,3,20,3,0,0,0,0,0,0,170,0,0,0,0,93,9,4,260,141,0,25,0,1,3,0,11,0,0,0,5,31,19,2,1,0,4,0,0,4,355,0,9,0,0,0,0,46,21,0,3,0,0,5,0,57,0,0,27,107,0,0,74,8,2,2,178,0,0,0,0,4,0,0,13,13,0,0,74,2,0,2,0,0,16,0,0,0,0,6,0,389,0,0,0,4,1721,7
"D422",0,0,0,0,0,0,0,0,0,0,0,0,0,0,0,0,0,0,5,0,0,0,0,0,0,0,0,0,0,0,0,0,0,0,0,0,0,0,0,0,0,0,0,0,0,0,6,0,0,0,0,0,0,0,0,2,0,0,0,0,0,0,0,0,0,0,0,0,0,0,0,0,0,0,0,2,0,0,0,0,0,0,0,0,0,0,0,0,0,0,0,0,0,0,0,0,0,0,0,0,0,0,0,0,0,0,0,8,0,0,0,0,0,0,0,0,0,0,0,0,0,0,0,0,0,0,0,0,0,0,0,0,0,0,7,0,0,0,0,0,0,0,0,0,0,0,0,0,0,0,0,0,3,0,0,0,2,0,0,0,0,0,3,0,0,0,0,0,0,0,0,0,0,7,0,0,0,0,0,0,0,0,0,0,0,0,0,0,0,0,0,0,0,0,0,0,0,0,0,0,0,0,0,0,0,0,0,0,0,0,0,0,0,0,0,0,1,0,0,0,0,2,17,0,0,0,0,0,0,0,0,0,0,0,2,0,0,0,0,0,0,0,0,0,0,0,0,0,0,0,0,0,0,0,3,0,7,0,0,0,4,0,0,0,0,0,0,0,0,0,0,12,0,0,0,0,0,0,0,0,0,0,0,0,0,0,4,0,0,0,0,2,0,0,0,56,0,0,0,0,0,0,0,0,0,0,0,0,0,0,0,0,0,0,0,0,2,0,0,0,5,0,0,0,0,0,0,0,0,0,0,0,0,0,0,0,0,0,0,0,3,0,0,0,0,0,0,0,0,0,0,0,0,0,0,0,0,0,0,0,0,0,0,0,0,0,0,0,0,0,0,0,0,0,0,0,0,0,0,0,0,0,0,0,0,0,0,0,0,0,0,4,0,0,0,0,0,0,0,0,0,0,0,0,0,0,0,0,0,0,0,0,0,0,0,0,0,0,0,0,0,0,0,0,0,0,0,0,0,0,0,0,0,0,1305,0,0,0,0,0,0,0,0,0,0,12,0,0,0,0,0,0,0,0,0,0,0,0,0,0,0,0,1,0,0,67,0,0,0,0,0,0,0,0,0,0,0,0,0,0,0,0,0,0,0,0,0,0,0,0,0,0,0,0,0,0,0,0,0,0,0,0,0,0,20,0,0,0,0,0,0,4,0,0,0,0,0,0,0,0,0,0,0,0,0,0,0,0,0,0,0,0,0,0
"D423",7,63,17,20,1,51,179,10,28,10,0,0,0,0,0,0,0,0,50,30,0,0,0,10,0,0,0,0,4,0,28,0,94,0,0,2,0,0,0,0,0,0,0,37,0,2,0,24,150,0,8,18,6,0,0,37,0,7,23,0,322,0,0,30,0,0,70,3,6,0,0,0,31,0,2,6,0,0,0,100,0,10,0,0,0,0,7,0,0,22,0,0,0,0,0,5,81,22,12,12,16,0,790,50,0,0,62,118,6,0,0,0,0,183,0,11,0,0,0,57,0,0,0,58,0,0,271,25,0,0,17,0,4,0,3,0,47,6,27,0,48,0,0,1575,0,0,0,0,0,57,21,0,6,16,84,0,434,0,0,0,0,0,79,0,0,35,0,1,0,0,0,0,0,33,0,0,0,0,0,0,0,0,0,13,0,0,0,0,0,0,44,2,0,26,0,15,100,30,0,0,0,2,0,0,2,0,9,0,0,0,0,0,6,0,0,0,334,0,5,0,0,0,0,0,0,66,0,0,0,66,16,0,0,0,570,29,0,2720,0,0,0,0,0,22,0,0,10,0,0,0,5,0,0,0,68,382,47,0,0,0,49,0,0,0,0,0,0,0,15,0,10,100,0,0,7,100,0,18,0,13,95,0,0,0,4,0,4,0,34,0,0,15,0,0,3,0,0,0,825,0,0,226,0,4,0,159,0,2,1,13,344,0,0,0,2,15,6,14,0,0,7,0,0,0,0,37,19,0,0,190,12,0,0,0,0,0,0,156,22,0,0,0,0,0,0,0,0,51,16,12,0,0,0,0,0,10,0,0,0,957,0,0,25,1,0,0,12,0,18,11,7,0,0,0,14,0,0,28,0,0,0,0,0,0,0,0,37,0,9,53,2,46,0,0,0,0,0,0,0,0,0,0,3755,37,0,0,0,0,0,116,0,4,0,57,70,0,0,0,14,8,1,10,0,0,0,132,52,0,37,0,0,0,0,0,0,0,0,0,8,6,0,0,0,0,1,0,14,0,0,0,0,6,0,0,0,0,0,3,0,0,0,0,249,526,14,518,0,0,1,2,0,0,0,0,17,0,0,22,12,0,0,0,0,0,52,35,0,18,0,0,0,9,6,0,0,0,29,0,0,0,0,0,0,10,83,0,0,0,0,0,0,83,0,0,5,0,0,0,0,0,0,15,0,0,0,0,0,22,5,27,7,0,0,0
"D424",0,0,0,0,0,0,0,0,0,0,0,0,3,0,0,0,0,0,0,0,0,0,0,0,1134,0,0,0,0,0,0,108,0,0,0,0,0,0,0,0,0,0,0,0,0,0,0,286,0,0,0,0,0,0,0,0,0,0,482,0,0,0,0,0,0,0,0,0,0,0,0,0,0,0,0,0,0,0,0,0,0,0,0,0,0,0,0,0,0,0,0,0,0,0,0,0,0,0,0,0,0,0,0,13,0,0,2,0,0,0,0,2,0,0,0,0,0,0,0,0,0,0,0,0,0,0,0,0,0,0,0,0,0,0,0,0,0,0,0,0,0,0,0,0,0,0,0,0,0,0,0,0,0,0,0,0,0,0,0,0,0,0,542,0,0,0,0,0,0,0,0,0,0,0,0,0,0,0,0,0,0,0,0,0,0,0,0,0,0,21,0,0,0,0,5,0,0,0,0,0,0,0,0,0,0,0,0,0,0,0,0,0,0,0,0,0,0,0,5,0,0,0,0,0,0,0,0,0,0,0,0,0,37,0,0,0,0,0,0,0,0,0,0,0,0,0,0,0,0,0,0,0,0,0,0,0,0,0,0,0,0,0,0,0,0,0,0,0,0,0,0,0,0,0,0,27,0,0,0,0,0,0,0,0,0,0,0,0,0,0,0,0,0,0,0,0,0,0,0,0,0,0,0,0,0,3,0,0,0,56,1291,0,0,0,0,0,0,0,0,0,0,0,0,0,0,0,0,0,0,0,0,0,0,0,0,0,0,0,2,0,0,0,0,0,0,0,0,0,0,0,0,0,0,0,0,0,0,0,0,0,0,0,0,0,0,0,0,0,0,0,0,0,0,0,0,0,0,0,0,0,0,0,0,0,0,0,0,0,0,0,0,0,0,0,0,0,0,0,0,0,0,0,0,0,0,0,0,0,0,0,0,0,0,0,0,0,0,0,0,0,0,0,0,0,0,0,0,0,0,0,0,0,0,0,0,0,5,0,443,0,0,0,0,0,0,0,0,0,0,0,0,0,0,0,0,0,0,0,0,0,0,0,0,0,0,0,0,0,0,0,0,0,0,0,0,0,0,0,0,0,0,0,0,0,0,0,0,0,0,0,0,336,0,0,0,0,0,0,0,0,0,0,0,0,0,0,0,0,0,0,0,0,0,0,0,0,0,0,0,0,0,0,0,0,0,0,0,0,0,0,0,0,0,0
"D425",0,28,6,0,0,2,0,0,1,100,0,7,0,3,39,55,0,70,0,14,234,34,4,0,0,744,0,5,32,278,7,0,0,35,4,0,0,0,410,0,853,6,190,0,111,2,0,0,15,0,1,0,7,4,0,0,81,168,0,62,0,0,480,0,0,0,0,0,0,0,36,0,5,0,0,0,84,0,0,0,0,50,0,0,5,10,0,1,0,0,0,68,13,0,0,0,0,0,0,288,14,16,0,0,29,59,0,0,0,0,0,40,57,3,0,1,18,19,0,0,0,6,25,0,0,7,0,0,0,0,7,0,0,31,0,0,9,4,15,18,0,8,0,0,0,80,3,376,55,0,39,12,0,2,0,0,0,16,17,400,0,0,2,0,5,0,17,0,0,0,0,0,0,0,9,5,0,0,0,14,15,0,14,0,12,6,5,4,25,0,0,0,28,6,0,0,0,0,0,23,65,0,18,0,0,1,11800,1,0,101,13,3,0,0,0,0,0,14,0,7,773,19,0,0,1,8,0,29,0,15,11,0,0,67,0,0,9,0,44,36,0,39,105,0,13,5,0,0,0,96,3,18,98,0,389,0,0,50,1,0,0,2,13,0,2,409,244,0,0,32,0,28,42,43,66,3,2,0,0,2,18,0,0,124,0,16,6,0,0,0,31,0,12,10,0,0,0,145,38,253,362,117,0,4,0,0,292,0,118,0,0,21,0,130,0,0,0,0,0,0,0,0,147,0,0,0,16,0,0,0,17,0,216,0,270,20,203,0,0,0,21,232,20,6,0,18,0,0,14,0,7,0,0,0,9,0,0,0,0,11,0,0,0,94,2,1,0,0,0,4,0,0,8,0,0,0,4,246,0,21,0,0,60,14,0,1303,0,0,0,0,62,0,52,0,246,19,4,0,54,4,0,0,18,0,0,6,5,24,31,0,222,0,58,0,1,8,60,103,0,0,25,36,0,0,0,0,0,36,0,56,44,0,0,0,7,228,0,2,0,3,0,443,0,0,0,0,986,1455,16,0,9,32,19,74,56,14,0,2,8,113,15,0,287,0,0,31,95,0,163,17,623,0,1,175,0,1,17,2,0,0,39,19,0,2,122,0,12,0,0,37,0,0,52,120,0,137,0,0,8,0,13,16,87,0,0,21,3,77,145,2,0,91,11,1,0,0,0,45,2,0,26,0,0,0,0,5,121,445,8,0,0,5,0,0
"D426",0,0,15,0,9,0,0,4,0,0,0,0,0,0,0,0,0,0,0,19,10,0,0,0,0,0,0,0,10,0,2,0,0,0,0,0,0,0,0,0,0,0,0,278,0,8,0,0,91,0,0,21,1,0,0,0,0,0,0,2,0,0,0,0,0,0,0,0,0,0,2,17,0,0,0,0,4,0,0,0,0,24,0,0,0,0,0,0,0,0,0,0,0,0,0,0,0,0,2,5,0,3,0,0,0,0,4,0,0,0,5,0,2,2,0,0,0,0,0,0,44,8,0,0,0,0,0,0,0,0,1,0,5,11,0,239,0,4,4,0,0,0,10,0,0,0,0,3,0,9,5,4,0,0,0,0,0,2,9,0,0,0,0,0,0,0,0,0,0,0,0,0,0,0,0,1526,0,0,0,0,2,0,0,0,0,0,0,12,0,2,0,0,0,15,0,3,0,0,0,0,0,2,0,0,0,0,47,6,1,10,0,0,1,0,0,3,0,0,0,0,7,0,0,0,0,0,0,0,0,16,0,0,0,0,0,0,0,0,9,0,0,0,0,0,0,0,4,0,0,0,0,3,0,0,148,0,0,0,0,0,2,0,0,0,2,3,0,0,0,0,0,37,0,0,10,5,0,0,0,13,4,0,0,5,0,0,0,0,0,0,0,0,0,0,0,0,0,6,0,0,16,0,0,0,0,2,0,0,24,0,0,5,0,5,1,0,0,0,0,0,0,0,1,0,1,0,2,0,7,7,2,2,2,0,0,0,0,0,0,0,0,0,0,0,0,3,74,0,2,2,0,0,0,0,0,0,0,0,11,0,0,0,0,0,0,0,0,0,0,3,0,0,0,0,0,0,2,0,0,0,0,0,0,0,0,6,3,0,0,0,0,0,0,0,0,0,0,0,0,0,0,93,8036,0,0,0,0,0,0,1,0,0,0,5,0,2,0,0,667,0,0,0,0,0,0,0,0,9,0,0,0,0,0,0,0,0,2668,0,0,0,0,0,0,0,0,0,31,1,0,0,0,0,0,0,0,8,0,8,0,0,0,0,10,0,0,0,0,6,10,0,0,1,0,0,0,0,5,2,0,0,0,0,0,0,0,0,0,0,0,687,0,0,0,0,0,0,0,0,0,11,1,0,25,0,0,0,0,0,0,0,9,73,0,0,0,0,0,0,0,0,0,0,0,0,0,0,0,46,0,0,0,2,0,0
"D427",0,0,0,0,0,0,0,0,0,0,0,0,0,0,0,0,0,0,0,0,0,0,0,709,0,0,0,0,0,0,0,0,0,0,0,0,0,0,0,292,0,0,0,0,0,0,0,0,0,0,0,0,0,0,0,0,0,0,0,0,0,0,0,0,0,0,0,0,5,0,0,0,0,0,0,0,0,0,0,0,0,0,0,0,0,0,0,0,0,0,0,0,0,0,0,0,133,0,0,0,0,0,0,0,0,0,0,3337,0,0,0,0,0,0,0,0,0,0,0,0,0,0,0,0,0,0,0,29,0,0,0,0,0,0,0,0,0,0,0,0,0,0,0,0,0,0,0,0,0,0,0,0,0,0,0,0,0,0,0,0,0,0,0,0,0,0,0,0,0,0,0,0,0,0,0,0,0,0,0,0,0,0,0,32,0,0,0,0,0,0,0,0,0,0,0,0,169,827,0,0,0,0,0,0,0,0,0,0,0,0,0,0,0,0,0,0,0,0,0,0,0,0,0,0,0,0,0,0,0,0,0,0,0,0,2537,96,0,0,0,0,0,0,0,0,0,0,0,0,0,0,0,0,0,0,0,0,0,0,0,0,0,0,0,0,0,0,0,0,0,0,0,0,0,0,0,0,0,0,0,0,0,0,0,0,1545,0,0,0,0,0,0,0,0,0,0,0,0,0,0,0,0,0,0,0,0,0,0,0,0,0,0,0,0,0,0,0,784,0,0,0,0,0,0,0,0,0,0,0,0,0,0,0,0,0,0,0,0,0,0,0,0,0,0,0,0,0,0,0,0,0,0,0,0,0,0,0,0,0,0,0,0,0,1044,0,0,0,35,0,0,0,30,0,0,27,0,0,0,0,0,0,0,0,0,0,0,0,0,0,0,0,0,0,0,0,0,0,0,0,0,0,0,0,0,0,0,0,0,0,0,0,0,0,0,0,0,0,0,0,0,0,0,0,0,0,0,0,10308,0,0,0,0,0,0,0,0,0,0,0,0,0,0,0,9,0,200,0,0,0,0,0,0,0,0,0,0,0,0,0,0,0,0,0,0,0,0,0,0,0,0,0,0,0,0,0,0,0,0,0,0,0,0,0,0,0,0,0,0,0,0,0,0,0,0,0,0,0,436,0,0,0,0,0,0,0,0,0,0,0,0,0,0,0,0,0,0,0,0,0,0,0,0,0,0,0,0,0,0,0,0,0,0,0,0,0
"D428",0,0,0,0,0,0,0,0,0,0,0,0,0,0,0,0,0,0,0,0,0,0,0,0,0,0,0,0,0,0,0,0,0,0,0,0,0,0,0,0,0,0,0,0,0,0,0,0,0,0,0,0,0,0,0,0,0,0,0,0,0,0,0,0,0,0,0,0,0,0,0,0,0,0,0,0,0,0,0,0,0,0,0,0,0,0,0,0,0,0,0,0,0,0,0,0,0,425,0,0,0,0,13,0,0,0,0,0,0,0,0,0,0,0,0,0,0,0,0,0,0,0,0,0,0,0,0,0,0,0,0,0,0,0,0,0,0,0,0,0,0,0,0,0,0,0,0,0,0,0,0,0,0,0,0,0,0,0,0,0,0,0,0,0,0,0,0,0,0,0,0,0,0,0,0,0,0,0,0,0,0,0,0,0,0,0,0,0,0,0,0,0,0,0,0,0,0,0,0,0,0,0,0,0,0,0,0,0,0,0,0,0,0,0,0,0,0,0,0,0,0,0,2,172,0,0,0,0,0,0,0,0,0,0,0,0,0,0,0,0,0,0,0,8277,0,0,0,0,0,0,0,0,0,0,0,0,0,0,0,0,0,0,0,0,0,0,0,0,0,0,0,0,0,0,0,0,0,0,0,0,0,0,0,0,0,0,0,0,0,33,0,0,0,0,0,0,0,0,0,0,0,0,0,0,0,0,0,0,0,0,0,0,0,0,0,0,0,0,0,0,0,0,0,0,0,0,0,0,0,0,0,0,0,0,0,0,0,0,0,0,0,0,0,0,0,0,0,0,0,0,0,0,0,0,0,0,0,0,0,0,0,0,0,0,0,0,0,0,0,0,0,0,0,0,0,0,0,0,0,0,0,0,0,0,0,0,0,0,0,0,0,0,0,0,0,0,0,0,0,0,0,0,0,0,0,0,0,0,0,0,0,0,0,0,0,0,0,0,0,0,0,0,0,0,0,0,0,0,0,0,0,0,0,0,0,0,0,0,0,0,0,0,0,0,0,0,0,0,0,0,0,0,0,0,0,0,0,0,0,0,0,0,0,0,0,0,0,0,0,0,0,0,0,0,0,0,0,0,0,0,0,0,0,0,0,0,0,0,0,0,0,0,0,0,0,0,0,152,0,0,0,0,0,0,0,0,0,0,0,0,0,0,0,0,0,0,0,0,0,0,0,0,0,0,0,0,0,0,0,0,0,0,0,0
"D429",0,0,20,0,0,0,0,0,5,32,0,0,0,0,0,0,0,0,0,0,0,0,0,0,0,3,0,0,3,18,0,0,5,0,0,0,0,0,2,0,1,8,2,0,0,0,0,73,19,0,0,2,0,15,2,0,0,0,0,0,0,0,0,0,0,2,0,0,0,0,3,0,0,0,0,0,0,5,0,42,6,0,0,0,0,0,2,0,0,5,0,0,9,1,0,3,0,0,7,15,0,2,0,0,0,0,0,0,0,0,5,0,2,0,2,0,2,5,0,0,3,0,0,0,0,0,0,0,0,0,3,4,0,0,2,0,2,16,0,0,0,0,0,0,0,4,0,0,4,2,0,0,0,0,0,0,0,0,7,0,0,0,10,0,3,0,0,13,11,22,10,0,0,0,0,0,13,0,0,0,0,0,0,0,35,14,3,0,3,0,0,0,0,14,0,0,0,0,0,0,0,4,14,0,0,0,50,8,1,3,0,2,0,0,0,2,0,0,1,0,4,6,0,0,0,0,1,11,0,0,7,8,0,0,0,0,2,12,2,12,0,0,0,0,0,0,0,0,0,0,0,0,0,3,7,0,2,0,0,0,0,0,0,2,0,10,0,0,4,8,0,0,5,0,6,13,3,0,0,15,2,0,0,1,0,5,37,4,0,0,0,0,0,6,0,0,74,0,29,0,5,2,0,0,0,2,2,0,27,2,0,0,0,0,1,0,0,0,0,6,0,0,11,3,4,0,13,0,0,0,14,0,29,4,0,0,0,0,0,0,0,20,5,12,0,8,7,0,2,0,3,0,0,0,0,0,0,0,20,19,3,0,0,9,0,0,0,0,0,0,0,0,3,0,0,0,0,30,4,0,0,0,3,0,0,15,6,0,0,0,0,0,0,0,5,2,0,5,3,0,51,0,0,0,0,4,0,0,12,2,4,0,0,2,0,0,0,56,0,0,1,11,0,0,0,0,0,0,0,3,0,0,1,0,0,2,0,0,0,3,0,3,0,0,0,0,52,2,0,0,0,2,3,0,5,0,0,3,0,2,0,0,2,3,0,0,2,21,2,0,0,0,3,0,0,0,3,2,0,0,0,0,2,7,2,0,3,0,0,12,5,5,0,0,5,42,0,0,0,0,1,2,9,2,0,0,0,0,0,0,10,19,0,3,7,3,0,3,0,10,4,0,0,0,7,0,0,50,0,0,0,3,12,0
"D430",0,0,0,5,0,0,0,0,0,0,0,0,0,0,0,0,0,0,7,0,0,0,0,8,0,0,16,0,0,0,0,248,0,0,0,0,0,0,0,0,0,0,0,4,0,0,0,0,4474,0,0,0,0,0,0,0,0,0,0,0,0,0,0,0,1351,0,0,0,0,0,0,0,0,0,0,0,0,0,0,0,0,0,0,0,0,0,0,0,0,0,0,0,0,0,0,0,0,0,0,0,0,0,69,14,0,0,0,26,13,0,0,0,0,0,0,0,0,0,0,8,0,0,0,12,0,0,21,0,0,0,0,0,0,0,36,12,0,0,0,0,0,0,0,17,0,0,0,0,0,0,0,0,0,0,0,0,11,0,0,0,0,0,0,0,0,0,0,0,0,0,0,2298,0,0,0,0,0,0,0,0,0,0,0,0,0,0,0,0,0,0,0,0,0,0,0,0,0,0,0,0,0,0,0,0,0,0,0,0,0,0,0,0,0,0,0,0,0,0,0,0,0,0,0,0,0,0,0,0,0,0,0,0,0,0,1,0,0,0,0,0,0,0,0,0,0,0,0,0,0,0,0,0,0,0,0,53,0,0,0,0,0,0,0,0,0,0,0,0,0,0,0,0,0,0,0,0,0,0,0,0,0,0,0,0,0,0,0,0,9,0,0,0,0,0,0,0,0,0,0,0,0,0,0,0,0,0,0,0,0,0,0,0,0,0,0,0,0,0,0,0,0,0,0,5,0,0,0,0,0,0,0,0,0,0,0,0,0,0,0,0,0,0,0,0,0,0,0,0,0,0,0,0,0,0,0,0,0,0,0,0,0,0,8,0,0,0,0,0,0,0,0,0,0,0,0,0,0,0,0,0,0,0,0,0,0,0,0,0,1452,0,0,0,0,0,0,0,0,0,0,0,0,0,24,2,0,0,0,0,0,0,0,0,0,0,0,0,0,0,0,7,0,0,0,0,0,0,6,0,3145,0,0,0,0,0,0,0,0,0,0,0,0,0,0,0,0,0,0,0,0,0,0,0,0,0,0,0,0,0,0,0,0,0,0,33,0,2,0,0,0,0,0,0,0,0,0,0,0,3,0,0,0,0,0,0,0,0,0,0,0,0,0,0,0,0,0,0,1,0,0,0,0,0,0,15,0,0,0,0,0,0,0,1,0,0,0,0,0,0,0,0,0,0,0,0,0,0,0,0,0,0,0,0,0,0
"D431",1,0,0,164,0,0,382,0,0,2,0,0,0,0,0,0,0,0,16,0,0,0,0,39,0,0,21,0,0,0,47,0,0,0,0,18,0,0,0,0,0,0,0,7,0,0,157,0,0,0,16,0,0,0,0,0,0,0,3,0,1147,0,0,0,0,0,3,0,0,0,0,0,0,0,1,13,0,0,0,0,0,0,0,0,0,0,0,0,0,0,0,0,0,0,0,0,1849,0,0,0,0,0,4904,189,0,0,0,372,44,0,0,0,0,0,0,0,0,0,0,363,0,0,0,415,0,0,31,208,0,0,0,0,0,0,0,0,0,0,0,0,0,0,0,597,0,0,0,0,0,0,0,0,105,0,5,0,782,0,0,0,0,0,8,0,0,0,0,22,0,0,0,122,0,65,0,0,0,0,0,0,0,0,0,13,0,0,0,0,0,0,0,0,0,0,5,0,739,194,0,0,0,0,0,0,0,0,2,0,0,0,0,0,0,0,0,0,448,0,0,0,0,0,0,0,0,57,0,0,0,0,0,0,0,0,8890,18,0,19,0,0,0,0,0,0,0,0,0,238,0,0,17,0,0,0,2,701,0,0,0,0,23,0,138,0,0,0,0,0,0,0,0,0,0,0,0,0,0,81,0,0,0,0,0,0,103,0,0,0,21,8,0,14,0,0,6,0,0,8,686,0,0,0,0,0,0,16,0,0,0,0,1540,0,0,0,0,0,92,0,0,0,0,0,0,1,0,20,0,0,0,98,0,0,0,0,0,0,0,69,19,0,34,0,0,0,0,0,0,161,0,0,0,0,0,0,0,0,0,0,0,0,0,204,64,0,0,0,35,0,0,0,0,0,0,2,0,0,0,0,0,0,0,0,0,0,0,0,0,3,20,10,0,0,0,0,0,0,0,0,0,0,0,12,52,21,0,0,0,0,0,0,0,419,0,32,0,0,0,0,0,0,0,0,0,0,0,100,51,0,0,0,0,0,0,15,0,0,6,0,3,0,0,0,9,0,229,19,0,0,0,4,0,0,0,0,0,0,0,0,0,0,0,0,0,88,139,21,0,0,0,0,0,0,0,0,8,0,0,0,0,0,0,0,0,0,0,0,0,0,0,0,0,9,10,0,0,0,74,0,0,0,0,0,0,14,19,0,0,0,0,0,0,0,0,0,0,18,0,0,0,0,0,278,0,0,0,0,0,0,0,0,0,0,0,0
"D432",0,0,0,0,0,0,0,0,0,0,0,0,0,0,0,0,0,0,163,0,2,0,0,0,0,0,0,0,0,0,0,0,0,0,0,10,0,0,0,0,0,0,0,0,0,0,10,35,0,0,0,0,0,0,0,0,0,0,0,1,0,0,0,0,0,0,0,0,0,0,0,0,0,0,0,0,0,0,0,0,0,0,0,0,0,0,0,0,2,0,0,0,0,0,3,0,0,0,0,0,0,0,3,0,0,0,0,0,0,0,0,0,0,0,0,0,0,0,0,0,0,0,0,0,0,0,3,0,0,0,0,0,0,0,59,0,0,0,0,0,0,0,0,0,0,0,0,0,0,0,0,0,0,0,0,0,0,0,0,0,0,0,0,0,0,0,0,14,0,0,1328,0,0,0,0,0,0,0,0,0,0,0,0,0,0,0,0,0,0,0,0,0,0,0,0,0,0,0,0,0,0,0,0,0,0,0,0,0,0,0,0,0,0,0,0,0,9,0,0,0,0,0,0,0,0,0,0,0,0,0,0,0,0,0,0,0,0,0,0,0,0,0,0,0,0,0,0,0,0,0,0,0,0,0,0,0,2,0,0,0,0,0,0,0,0,0,0,0,0,0,26,0,0,0,0,0,0,0,0,0,0,0,0,0,0,0,0,0,0,0,0,0,0,0,0,2081,0,0,0,0,0,0,2,0,0,0,0,0,0,13,0,0,6,0,0,0,0,0,0,0,0,0,0,0,0,0,0,3,0,0,0,0,0,0,0,0,0,0,0,0,0,0,0,0,0,0,0,0,0,0,0,0,0,0,0,0,5,0,0,0,0,0,0,0,0,0,0,2,0,0,0,0,0,0,0,0,0,0,0,0,5,5,0,0,0,0,0,0,0,0,0,0,0,2,0,0,0,0,0,0,0,0,0,0,0,0,0,0,0,0,0,0,0,0,0,0,0,0,0,0,0,0,3,0,0,0,0,0,0,0,0,0,0,0,0,0,0,0,0,0,0,0,0,3,0,0,0,0,0,0,0,0,0,0,0,0,0,0,0,0,0,0,0,0,0,0,0,0,0,0,0,0,0,0,0,0,0,0,0,0,0,0,0,0,0,5,0,0,0,0,0,0,0,0,0,0,0,0,0,0,0,0,0,0,0,0,0,0,0,0,0,0,0,0,0,0,0,0,0,0,0,0,0,5,0,0,0,0,0,0,0,0,0,0
"D433",3,212,0,0,5,0,0,158,0,0,0,29,0,0,13,7,0,0,0,65,0,0,0,0,0,0,0,8,23,6,0,0,27,37,0,0,0,33,133,0,134,0,10,0,62,0,0,0,107,0,0,0,0,0,0,0,147,0,0,0,0,0,8,0,0,0,21,0,0,0,0,0,31,0,0,0,21,0,0,0,0,105,0,0,0,0,0,0,0,0,0,0,0,0,0,0,0,0,36,238,48,0,0,0,0,0,0,0,0,0,0,0,12,0,0,7,0,12,0,0,0,0,20,0,0,2,0,0,0,0,0,0,0,58,0,0,16,596,58,29,7,0,0,0,0,0,0,0,0,0,128,26,0,0,0,0,0,0,13,6,0,0,8,0,6,0,0,19,0,0,0,0,0,0,216,234,0,0,0,0,0,0,5,0,4,0,0,0,0,0,25,0,0,52,0,3,6,0,25,69,2,0,0,0,34,0,1143,0,0,2,0,0,0,16,0,0,0,0,0,0,101,23,22,0,0,0,0,0,0,0,0,0,0,6,0,0,0,1095,0,28,0,11,0,0,0,0,192,0,0,0,0,0,28,0,871,0,0,0,5,0,6,0,0,0,0,17,0,0,0,0,0,176,0,0,139,6,0,0,0,55,99,0,0,0,0,14,0,10,0,1,0,0,0,0,0,0,0,5,0,118,0,118,0,21,0,0,137,21,54,0,0,255,0,65,8,0,0,0,0,0,0,0,0,0,0,0,45,0,0,219,14,0,11,0,6,91,0,0,0,0,0,126,0,0,0,81,0,0,84,0,0,0,0,0,6,0,0,0,0,274,0,0,0,67,0,0,0,0,0,0,0,0,0,0,0,0,55,325,0,51,0,0,6,0,0,236,0,0,0,0,39,74,0,0,60,0,0,0,0,0,0,0,4,0,0,11,0,36,75,1,0,0,0,7,0,0,0,0,0,16,49,0,0,0,0,0,0,16,0,0,0,0,15,0,0,20,0,0,0,0,0,38,0,0,0,0,344,1161,14,0,0,19,28,0,71,0,0,37,0,81,6,0,1582,0,0,0,18,0,18,13,0,2,0,65,0,0,17,120,34,0,19,0,0,0,164,0,0,0,0,0,0,0,60,0,0,0,0,0,14,0,0,0,108,0,0,0,0,13,113,0,0,6900,0,1,0,158,15,0,0,0,6,0,0,0,0,0,0,175,12,0,0,3,0,0
"D434",0,0,0,0,0,0,0,0,0,0,0,0,0,0,2,0,1,0,0,0,3,0,8,0,0,0,0,0,0,13,0,0,0,0,0,0,0,2,0,0,0,1,0,0,0,0,0,0,0,0,0,0,0,0,0,0,0,0,0,0,0,0,14,0,0,0,0,0,0,0,0,1,1,0,0,0,0,0,0,0,0,0,3,0,0,0,0,0,0,2,0,0,0,0,0,0,0,0,0,5,0,0,0,0,0,0,0,0,0,2,0,11,0,0,35,0,0,0,23,0,0,0,0,0,0,0,0,0,0,0,0,0,0,0,0,0,0,0,0,0,0,0,0,0,13,5,4,0,0,0,0,0,0,0,0,2,0,0,0,0,0,0,0,0,0,0,0,0,2,0,0,0,0,0,0,0,0,1,0,0,0,2,0,0,0,0,0,0,0,0,2,0,0,4,0,0,0,0,0,0,0,0,0,0,0,4,0,0,0,0,0,0,0,0,0,3,0,0,0,0,3,0,1,0,0,0,0,0,0,0,0,0,0,0,0,0,0,0,0,0,0,0,0,0,0,0,7,0,0,0,0,10,0,0,36,0,0,0,0,0,0,0,0,0,0,0,0,0,0,0,0,0,0,0,0,0,2,0,0,3,0,0,2,0,0,2,0,0,0,2,0,0,0,0,0,0,2,0,0,0,0,0,0,0,0,0,0,0,0,0,0,0,0,0,0,0,0,0,0,0,0,0,0,0,0,0,0,0,0,0,0,0,0,0,0,44,0,0,0,0,0,0,4,0,0,0,0,0,0,0,0,0,0,180,0,0,0,0,0,0,0,0,0,0,0,0,0,0,0,6,0,0,0,0,0,0,1,0,0,0,0,0,0,0,0,7,0,0,0,0,0,0,0,0,0,3,0,0,0,0,12,0,0,0,0,0,0,0,0,0,0,0,0,0,0,0,0,7,0,0,3,0,0,0,3,0,0,0,0,0,0,0,0,0,0,0,0,0,0,0,0,0,0,0,0,0,26,0,0,0,0,0,0,4,2,4,0,0,0,0,0,4,0,0,0,0,0,0,0,0,0,0,0,0,0,0,0,0,2,0,0,0,0,0,2,0,0,0,0,0,41,0,4,3,0,20,0,0,0,0,0,0,0,0,0,0,3,0,0,0,0,4,0,0,0,0,60,0,0,2,2,0,0,0,0,0,0,0,73,0,0,0,0,0
"D435",4,22,5,0,1,11,0,0,2,0,1,2,0,35,110,77,0,84,0,40,271,0,53,0,28,93,0,13,9,100,17,0,44,27,0,0,0,2,199,0,524,53,51,0,57,6,0,18,13,1,1,0,4,5,0,2,143,152,0,17,0,0,422,3,0,1,0,4,0,17,40,0,0,0,0,0,143,0,0,0,0,45,0,0,3,12,5,2,0,4,0,9,7,0,0,0,0,0,0,225,4,10,0,0,23,21,8,0,0,0,0,20,91,2,0,0,29,16,0,0,0,3,117,0,0,0,0,0,0,0,33,0,0,57,9,0,13,11,0,41,0,22,0,0,0,28,9,574,54,4,28,24,0,5,0,2,0,14,19,134,0,0,2,0,36,0,0,20,0,0,0,0,0,0,10,16,0,0,17,15,22,0,5,0,33,158,7,3,2,0,9,0,14,0,2,0,0,0,14,0,36,0,0,0,0,0,22236,0,0,51,8,0,1,0,1,0,0,16,4,4,1916,12,0,0,0,0,0,4,0,85,80,8,0,3,0,0,9,0,39,27,0,62,20,0,18,3,34,0,0,9,13,22,20,3,317,0,0,68,0,0,0,0,8,1,0,162,50,0,12,42,4,99,3,42,60,28,33,0,0,27,26,2,0,75,0,26,8,31,0,0,3,0,38,1,3,0,0,9,89,165,130,238,0,0,0,0,259,0,48,0,13,11,0,204,53,0,0,9,0,0,1,0,124,0,0,0,26,0,0,0,0,0,1324,0,46,39,106,0,0,0,0,259,0,33,0,26,0,0,6,0,4,0,0,0,0,0,0,8,0,2,0,0,0,102,3,6,0,0,2,2,0,0,0,0,0,0,11,15,0,21,0,0,57,16,0,38,4,0,0,0,33,1,11,0,173,238,0,0,62,8,36,41,0,0,8,2,4,10,33,0,193,0,21,20,0,3,6,0,3,1,20,76,0,0,0,0,0,50,0,17,17,0,0,0,0,226,0,2,0,13,0,394,0,0,0,0,1208,3264,14,0,11,15,33,69,69,17,0,13,4,40,43,0,165,0,0,61,15,47,139,28,344,30,0,186,0,11,25,0,3,0,28,5,72,6,143,0,31,0,0,30,0,0,72,10,1,129,0,0,1,7,22,0,126,0,2,10,0,7,67,0,0,109,5,13,0,0,17,17,0,0,24,0,0,0,0,4,94,533,32,4,0,17,0,7
"D436",0,0,0,0,0,0,65,0,0,0,0,0,4,0,0,0,0,0,15,0,0,0,0,0,0,0,0,0,0,0,0,2289,0,0,0,0,0,0,0,0,0,322,0,0,0,0,0,226,0,0,0,0,0,0,0,0,0,0,0,0,0,0,0,0,0,0,0,0,0,0,0,0,0,151,1,0,0,0,4474,283,0,0,0,2,0,0,21,0,33,0,0,0,0,0,1035,78,0,0,0,0,0,0,4,0,0,0,0,0,2,0,0,0,0,0,32,0,0,49,7,0,0,0,0,4,10672,0,0,0,0,0,0,0,0,0,0,0,0,0,0,0,0,0,0,0,0,0,0,0,0,0,0,0,0,0,0,0,9,0,0,0,8236,0,0,0,0,0,0,0,27,0,0,0,2093,0,0,0,0,0,0,0,0,0,0,0,0,0,0,0,0,0,0,0,0,0,10,0,0,0,0,0,0,0,0,0,5,0,0,0,0,0,0,0,0,0,19,2,20,0,0,0,0,0,0,0,0,0,0,0,6,2,0,0,0,0,0,0,0,0,0,0,2,0,0,0,0,0,0,0,0,0,0,0,0,0,0,0,0,0,0,0,2,10,0,3690,0,0,0,20,0,0,5,0,0,0,0,0,0,0,0,0,0,0,0,0,0,0,0,0,0,0,0,0,0,0,0,0,0,0,35,0,0,0,2519,0,0,7,0,0,0,32,0,0,689,0,0,0,0,0,0,169,0,292,0,0,0,0,0,0,0,0,0,0,0,2,0,0,0,0,1,0,0,0,0,0,0,0,0,0,0,0,0,14788,0,0,0,0,0,0,0,0,783,0,0,0,0,0,0,371,0,0,0,3,0,0,0,0,0,0,0,0,130,970,0,0,0,0,0,0,0,0,0,0,0,3259,0,0,0,23,0,0,0,0,460,0,0,0,0,0,0,0,0,0,0,10,2,0,0,0,0,0,0,0,12385,4255,808,0,0,0,0,0,0,0,0,0,0,0,0,0,0,0,0,0,0,640,0,1,0,0,0,0,0,0,0,0,0,0,0,0,0,0,0,0,0,0,0,0,0,0,0,0,0,0,0,0,0,0,0,0,0,112,0,0,0,0,0,8494,0,0,0,0,357,136,0,0,0,0,0,0,0,0,0,0,0,0,4,0,0,0,0,0,0,11,0,0,0,0,9,0,0,833,0,0,27582,0,192,0,0,0,439,0,55,0,0,0
"D437",0,3,35,0,0,0,0,130,54,0,69,2,0,7,20,3,20,5,0,0,6,10,0,0,0,87,0,0,0,352,6,0,0,0,0,0,2,0,0,0,0,21,0,0,1,3,0,8,0,95,21,5,0,0,0,0,0,0,0,34,0,4,0,20,0,0,0,68,0,26,0,113,0,0,2,0,26,0,40,0,16,0,0,2,2,0,4,8,0,19,0,73,29,33,0,71,0,0,13,658,0,0,0,0,0,7,0,0,0,4,27,10,0,0,4207,10,0,0,0,0,0,15,8,0,0,0,0,0,29,2,0,0,15,3,0,0,0,0,116,1,0,4,0,0,7,9,0,1,0,0,0,0,0,0,0,0,0,0,22,122,0,20,0,11,26,0,22,28,27,0,92,0,0,0,6,0,66,47,0,10,9,0,110,0,0,0,1,2,0,0,0,3,0,0,0,0,0,0,0,4,0,81,6,0,0,65,0,0,19,1,0,0,0,0,5,7,0,28,0,0,0,23,0,0,6,0,5,124,0,0,6,138,0,0,0,0,0,0,0,0,21,0,0,0,0,3,0,0,0,0,0,13,10,0,190,0,2,4,1,0,0,0,0,104,0,9,283,0,3,3,0,28,4,8,0,0,0,0,73,0,9,0,35,0,0,0,5,8,0,0,11,0,0,0,0,0,1,0,0,0,58,0,0,0,0,0,0,0,389,11,0,0,0,7,0,0,0,0,28,180,0,11,63,0,9,0,5,68,0,0,0,6,6,2,0,155,0,0,0,14,0,0,0,58,3,1,52,0,0,4,44,0,106,109,3,9,3,2,8,0,42,0,0,0,8,7,0,0,0,30,0,2,73,0,27,0,9,0,114,1,43,0,0,0,318,960,51,0,0,0,0,0,0,0,9,15,2,24,0,0,176,0,0,0,80,0,0,4,0,0,0,0,3,35,0,0,0,26,0,0,181,0,13,0,21,0,0,0,0,13,6,0,0,0,259,6,0,2,0,0,0,0,0,0,0,6,48,0,0,0,2,4,0,0,6,0,0,7,4,0,0,0,0,0,0,0,3,123,25,2,26,0,12,0,0,0,0,3,0,0,3,0,0,12,71,6,2,3,0,0,810,2,0,23,0,21,0,0,1,0,2,6,56,0,2,0,56,0,0,0,3,0,1,0,1,0,58,0,0,81,22,0,0,21,34,4,2,17,0,0,15,0,0,5
"D438",0,0,0,0,0,0,0,0,0,0,0,0,0,0,0,0,0,0,0,0,0,0,0,0,0,0,0,0,0,0,0,0,0,0,0,0,0,0,0,0,0,0,0,0,0,0,0,0,0,0,0,0,0,0,0,0,0,0,0,0,0,0,0,0,0,0,414,0,0,0,0,0,0,0,0,0,0,0,0,0,0,0,0,0,0,0,0,0,0,0,0,0,0,0,0,0,0,0,0,0,0,0,0,0,0,0,2,0,0,0,0,0,0,0,0,0,0,0,0,0,0,0,0,0,0,0,0,0,0,0,0,0,0,0,0,9,0,0,0,0,0,0,0,0,0,0,0,0,0,0,0,0,0,0,206,0,0,0,0,0,0,0,2,0,0,0,0,0,0,0,0,0,0,0,0,0,0,0,0,0,0,0,0,0,0,0,0,0,0,0,0,0,0,0,0,0,0,0,0,0,0,0,0,0,0,0,0,0,0,0,0,0,0,0,0,0,0,0,0,0,0,0,0,0,0,2,0,0,0,0,0,0,6,0,0,0,0,0,0,0,0,0,0,2,0,0,0,36,0,0,0,0,0,0,0,0,6,0,0,0,0,0,0,0,0,0,0,0,0,0,0,0,0,0,0,10,0,0,0,0,0,0,0,0,0,0,0,0,0,0,0,0,0,0,0,0,0,0,1,0,0,0,0,0,0,0,0,0,0,0,6,0,0,0,0,0,0,0,0,0,0,0,0,0,0,0,0,0,0,0,0,0,0,0,0,0,0,0,0,0,0,0,0,0,0,0,0,0,0,0,0,0,0,0,0,0,0,0,0,0,0,0,0,0,0,0,0,0,0,0,0,0,0,0,0,0,0,0,0,0,0,0,0,0,0,0,0,0,0,0,0,0,0,0,0,0,0,0,0,0,0,0,270,0,0,0,0,0,0,5,0,0,0,9,0,0,0,0,0,0,0,0,0,0,0,0,0,0,0,0,0,0,0,0,0,0,0,0,3,3,0,0,0,0,0,0,0,0,0,7,0,0,0,0,0,0,0,0,0,0,0,0,0,286,0,0,0,0,0,0,0,0,0,0,0,0,0,0,0,0,0,0,0,0,0,0,0,0,0,0,0,0,0,0,0,0,0,0,0,0,0,0,0,0,0,0,0,0,0,0,0,0,0,0,0,0,0,0,0,0,0,0,0,0,0,0,0,0,0,0,0,0,0,0
"D439",0,0,0,0,0,0,20,0,0,0,0,0,0,0,0,0,0,0,0,0,0,0,0,0,0,0,2,0,0,0,0,0,0,0,0,684,0,0,0,0,0,0,0,0,0,0,8962,0,0,0,0,0,0,0,0,0,0,0,0,0,0,0,0,0,0,0,0,0,0,0,0,0,0,0,0,52,0,0,0,0,0,0,0,0,0,0,0,0,0,0,0,0,0,0,0,0,2,0,0,0,0,0,10,0,0,0,0,4,7,0,0,0,0,0,0,0,0,0,0,0,0,0,0,0,0,0,0,0,0,0,0,0,0,0,5089,0,0,0,0,0,0,0,0,0,0,0,0,0,0,0,0,0,0,0,0,0,1,0,0,0,0,0,0,0,0,0,0,0,0,0,0,0,0,0,0,0,0,0,0,0,0,0,0,0,0,0,0,0,0,0,0,0,0,0,0,0,0,0,0,0,0,0,0,0,0,0,0,0,0,0,0,0,0,0,0,0,11028,0,0,0,0,0,0,0,0,0,0,0,0,0,0,0,0,0,4,0,0,0,0,0,0,0,0,0,0,0,0,0,0,0,19623,0,0,0,92,0,0,0,0,0,0,0,0,0,0,0,0,0,0,0,0,22906,0,0,0,0,0,0,0,0,0,0,0,0,0,0,0,0,0,0,0,0,0,0,0,0,0,0,0,0,0,0,0,0,0,0,0,0,0,0,0,0,0,0,0,0,0,0,0,0,0,0,0,0,0,0,0,0,0,0,0,0,0,0,0,0,0,0,0,0,0,0,0,0,0,0,0,0,0,0,0,0,0,0,0,0,0,0,0,0,0,3,3,0,0,0,0,0,0,0,0,0,0,0,0,0,0,0,0,0,0,0,0,0,0,0,0,0,3,7,0,0,0,0,0,0,0,0,0,0,0,0,0,0,0,0,0,0,0,0,0,0,0,0,0,0,0,0,0,0,0,0,0,0,0,0,0,0,0,0,0,0,0,0,0,0,0,0,0,0,0,0,0,0,0,0,0,0,0,0,0,0,0,0,0,0,0,0,0,0,0,0,0,0,0,0,0,0,0,0,0,0,0,0,0,0,0,0,0,0,0,0,0,0,0,0,0,0,0,0,0,0,0,0,0,0,5,0,0,0,0,0,0,0,0,0,0,0,0,0,0,0,0,0,0,0,0,0,0,0,0,0,0,0,0,0,0,0,0,0,0,0,0,0
"D440",0,0,140,0,0,0,0,103,21,0,0,0,0,0,164,1,18,0,0,0,0,9,0,0,0,0,0,2,0,678,0,0,0,0,0,0,0,0,0,0,0,0,0,0,0,0,0,0,0,0,0,0,0,0,0,0,0,0,0,5,0,0,0,0,0,0,0,0,0,0,0,0,0,0,0,0,174,9,0,0,0,0,2,0,0,0,3,0,0,2,0,103,0,0,0,5,0,0,0,3044,0,0,0,0,0,0,0,0,0,0,0,555,0,0,1248,0,0,0,0,0,0,2,0,0,0,0,0,0,37,0,0,0,0,0,0,0,0,0,0,0,0,3,0,0,7,0,0,10,3,0,0,0,0,0,0,0,3,0,197,70,0,0,0,0,0,0,0,0,0,0,0,0,0,0,0,0,0,204,0,0,0,0,0,0,0,0,0,0,0,0,0,0,0,0,0,0,0,0,0,0,0,0,0,0,0,0,0,0,0,0,18,0,0,0,0,0,0,31,0,0,0,0,0,0,0,0,0,14,0,0,0,0,0,0,0,0,0,0,0,0,0,0,0,0,0,16,0,0,0,0,0,0,0,0,74,0,0,0,0,0,0,0,0,2,0,0,523,0,0,0,0,0,0,0,0,0,0,0,168,0,0,0,0,0,0,0,0,0,0,0,0,0,0,0,0,0,0,0,0,0,585,0,0,0,0,0,0,0,4528,0,0,0,0,0,0,0,0,0,0,9,0,0,12,0,0,0,0,0,0,0,0,0,0,0,6,391,0,0,0,36,0,0,3,0,0,0,301,0,0,0,0,0,0,1177,0,0,0,0,0,0,0,0,0,0,0,40,0,0,0,8,0,0,3,0,0,0,589,0,0,0,0,0,0,0,0,3670,0,0,0,0,0,0,0,0,0,0,0,0,0,7,0,0,0,0,0,0,0,56,0,0,0,0,3,0,0,0,0,25,0,0,0,0,0,0,0,0,0,0,0,0,0,0,0,0,0,0,0,0,0,0,0,0,0,0,0,0,252,0,0,0,169,0,0,0,0,0,0,0,0,0,0,4,0,0,0,0,0,0,0,0,26,0,0,0,0,0,0,0,0,0,3,0,0,0,12,0,0,0,0,0,0,0,0,0,0,97,0,0,0,0,0,0,0,0,0,0,0,0,0,0,21,624,0,0,1,0,94,0,0,0,0,0,0,0,2,0,60,0,5,0,0,3,0,0
"D441",0,0,0,0,0,0,12,0,10,0,0,0,0,0,0,0,0,0,5,0,0,0,0,63,0,0,1,0,0,0,0,0,0,0,0,0,0,0,0,87,2,0,0,0,0,0,0,0,0,0,0,2,0,0,0,0,0,0,0,0,13,0,0,0,0,0,0,0,1,0,0,0,0,0,0,4,0,0,0,0,0,0,0,0,0,0,0,0,0,0,0,0,0,0,0,0,66,0,0,0,0,0,5080,5,0,0,0,230,30,0,4,0,0,0,0,0,0,0,0,19,2,0,0,0,0,0,32,37,0,0,0,0,0,0,2,0,7,0,0,0,5,0,0,405,0,0,0,0,0,9,0,0,0,0,6,0,3443,0,0,0,0,0,0,0,0,5,0,13,0,0,0,0,0,16,0,0,0,0,0,0,0,0,0,10,0,0,0,0,0,0,5,0,0,0,0,0,117,24,5,0,0,9,0,0,0,0,0,0,0,0,0,0,0,0,0,0,12,0,0,0,0,0,0,0,0,4,0,0,0,0,0,0,0,0,674,32,0,84,0,0,0,0,0,5,0,0,0,0,0,0,0,0,0,0,2,41,0,0,0,0,0,0,5,0,0,0,0,0,0,0,0,0,0,0,6,0,0,0,0,0,0,0,0,0,46,0,0,0,0,0,0,0,0,0,0,0,0,0,80,6,0,0,0,0,0,0,0,0,0,0,52,0,0,0,0,0,147,0,0,0,0,0,0,0,0,3,0,0,0,2,0,0,8,0,0,0,0,0,0,0,0,0,0,0,0,0,0,5,0,0,0,0,0,0,0,0,0,0,0,0,0,98,9,0,0,0,0,0,0,0,4,0,0,4,0,0,0,0,0,0,0,0,0,0,0,3,0,0,4,0,0,8,0,0,0,0,0,0,0,0,5,0,1314,0,0,0,0,0,0,0,0,0,0,0,3,0,0,0,0,0,0,0,0,0,0,0,0,0,0,0,0,0,0,0,0,0,0,0,0,0,0,0,3,0,2,7,0,0,0,0,0,0,0,0,0,0,0,2,6,0,0,0,27,689,21,121,0,0,0,0,0,0,0,0,3,0,0,0,0,0,0,0,0,0,0,0,0,0,0,0,1,0,0,0,0,0,112,0,0,0,0,0,0,0,5,0,0,0,0,0,0,0,0,0,0,0,0,0,0,0,0,41,0,0,0,0,0,0,2,0,0,0,46,0
"D442",0,0,0,0,0,0,0,0,0,0,0,0,0,0,0,0,0,0,0,0,0,0,0,0,0,0,0,0,0,0,0,0,0,0,0,0,0,0,0,0,0,0,0,0,0,0,0,0,0,0,0,0,0,0,0,0,0,0,0,0,0,0,0,0,0,0,0,0,0,0,0,0,0,0,0,0,0,0,0,0,0,0,0,0,0,0,0,0,0,0,0,0,0,0,0,0,0,0,0,0,0,0,0,0,0,0,0,0,0,0,0,0,0,0,0,0,0,0,0,0,0,0,0,0,0,0,0,0,0,0,0,0,0,0,0,0,0,0,0,0,0,0,0,0,0,0,0,0,0,0,0,0,0,0,0,0,0,0,0,0,0,0,0,0,0,0,0,0,0,0,0,0,0,0,0,0,0,0,0,0,0,0,0,0,0,0,0,0,0,0,0,0,0,0,0,0,0,0,0,0,0,0,0,0,0,0,0,0,0,0,0,0,0,0,0,0,0,0,0,0,0,0,0,0,0,0,0,0,0,0,0,0,0,0,0,0,0,0,0,0,0,0,0,0,0,0,0,0,0,0,0,0,0,0,0,0,0,0,0,0,0,0,0,0,0,0,0,0,0,0,0,0,0,0,0,0,0,0,0,0,0,0,0,0,0,0,0,0,0,0,0,0,0,0,0,0,0,0,0,0,0,0,0,0,0,0,0,0,0,0,0,0,0,0,0,0,0,0,0,0,0,0,0,0,0,0,0,0,0,0,0,0,0,0,0,0,0,0,0,0,0,0,0,0,0,0,0,0,0,0,0,0,0,0,0,0,0,0,0,0,0,0,0,0,0,0,0,0,0,0,0,0,0,0,0,0,0,0,0,0,0,0,0,0,0,0,0,0,0,0,0,0,0,0,0,0,0,0,0,0,0,0,85,0,0,0,0,0,0,0,0,0,0,0,0,0,0,0,0,0,0,0,0,0,0,0,0,0,0,0,0,0,0,0,0,0,0,0,0,0,0,0,3,0,0,0,0,0,0,0,0,0,0,0,0,0,0,0,0,0,0,0,0,0,0,0,0,0,0,0,0,0,0,0,0,0,0,0,0,0,0,0,0,0,0,0,0,0,0,0,0,0,0,0,0,0,0,0,0,0,0,0,0,0,0,0,0,0,0,0,0,0,0,0,0,0,0,0,0,0,0,0,0,0,0,0,0,0,0,0,0,0,0,0
"D443",0,0,0,0,0,0,0,0,0,0,0,0,0,0,0,0,0,0,0,0,0,0,0,0,0,0,0,0,0,0,0,0,0,0,0,0,0,0,0,0,0,0,0,0,0,0,0,0,0,0,0,0,0,0,0,0,0,0,12510,0,0,0,0,0,0,0,0,0,0,0,0,0,0,0,0,0,0,0,0,0,0,0,0,0,0,0,0,0,0,0,0,0,0,0,0,0,0,0,0,0,0,0,0,0,0,0,0,0,0,0,0,0,0,0,0,0,0,0,0,0,0,0,0,0,0,0,0,0,0,0,0,0,0,0,0,36,0,0,0,0,0,0,0,0,0,0,0,0,0,0,0,0,0,0,0,0,0,0,0,0,0,0,667,0,0,0,0,0,0,0,0,0,0,0,0,167,0,0,0,0,0,0,0,0,0,0,0,0,0,0,0,0,0,0,0,0,0,0,0,0,0,0,0,0,0,0,0,0,0,0,0,0,0,0,0,0,0,0,0,0,0,0,0,0,0,0,0,0,0,0,0,0,1100,0,0,0,0,0,0,0,0,0,0,0,0,0,0,45726,0,0,0,0,0,0,0,0,0,0,0,0,0,0,0,0,0,0,0,0,0,0,0,0,0,0,0,0,0,0,0,0,0,0,0,0,0,0,0,0,0,0,0,0,0,0,0,0,0,0,16966,0,0,0,0,0,0,3,0,0,0,0,0,0,0,0,0,0,0,0,0,0,0,0,0,0,38,0,0,0,0,0,0,0,0,0,0,0,0,0,5,0,0,0,0,0,0,0,0,0,0,0,0,0,0,0,0,0,0,0,0,0,0,0,0,0,0,0,0,0,0,0,0,0,0,0,0,0,0,0,0,0,0,0,0,0,0,0,0,0,0,0,0,0,0,0,0,0,0,0,0,0,0,0,0,0,0,0,0,0,0,784,0,0,0,0,0,0,0,0,0,0,0,0,0,0,0,0,0,0,0,0,0,0,0,0,0,0,0,0,0,0,0,0,0,0,0,0,0,0,0,0,0,0,0,0,0,0,0,0,0,0,0,0,0,0,0,0,0,0,0,0,0,0,0,0,0,0,0,0,0,0,0,0,0,0,0,0,0,0,0,0,0,0,0,0,0,0,0,0,0,0,0,0,0,0,0,0,0,0,0,0,0,0,0,0,0,0,0,0,0,0,0,0,0,0,0,0,0,0,0,0,0,0,0,0
"D444",0,34,0,44,0,0,14,0,0,0,0,0,0,0,0,0,0,0,53,0,0,0,0,248,0,0,16,0,0,0,62,0,6,0,0,0,0,0,0,3,0,0,0,0,0,0,141,0,208,0,0,0,0,0,0,0,0,0,0,0,82,0,0,0,0,0,19,0,201,0,0,0,0,0,20,0,0,0,0,0,0,0,0,0,0,0,0,0,0,0,0,0,0,0,0,0,845,0,0,0,0,0,1961,1072,0,0,0,358,152,0,0,0,0,0,0,0,0,0,0,994,0,0,0,146,0,0,114,45,0,0,0,0,0,0,64,75,0,0,3,0,3,0,0,129,0,0,0,0,0,0,0,109,115,0,32,0,351,0,0,0,0,0,7,0,0,10,0,0,0,0,0,17,0,0,0,0,0,0,0,0,0,0,0,0,0,0,0,0,0,0,0,0,0,0,16,0,950,254,0,0,0,0,0,0,0,0,0,0,0,0,0,0,0,0,0,0,40,0,0,0,0,0,0,0,0,23,0,0,0,0,0,0,0,0,3619,19,0,640,0,0,0,0,0,0,0,0,0,0,0,0,9,0,0,0,0,57,5,0,0,0,0,0,0,0,0,0,0,11,0,0,0,0,0,0,0,0,15,48,0,0,0,0,0,3,82,0,0,0,488,0,0,0,0,0,0,0,0,0,15,0,0,0,0,0,0,0,0,0,0,0,2797,0,0,0,0,0,130,0,0,0,0,0,0,0,0,0,0,0,0,2,0,0,0,0,0,0,0,292,34,0,11,0,0,0,0,0,0,118,0,0,0,0,0,0,0,0,0,0,0,0,0,26,250,0,0,0,317,0,0,0,63,0,0,43,0,0,0,0,0,0,0,0,0,0,0,0,0,0,18,0,0,69,0,0,0,0,0,0,0,0,0,0,56,334,0,0,0,0,0,7,0,57,0,28,0,0,0,0,15,9,0,0,0,0,0,1239,309,0,341,0,0,17,0,9,0,0,0,0,0,0,0,0,0,0,93,0,0,0,0,0,0,0,0,0,0,0,0,0,0,0,6,0,0,1447,32,0,0,0,0,0,0,0,0,0,222,0,0,0,5,0,0,0,0,0,0,0,0,0,0,0,0,11,0,0,0,0,158,0,0,0,0,0,8,18,4,0,0,0,0,0,0,0,0,0,0,0,0,0,0,0,0,187,0,0,0,0,0,0,0,0,0,0,124,0
"D445",0,0,0,42,0,0,0,0,0,0,0,0,0,0,0,0,0,0,15,2,0,0,0,15,3,0,526,0,0,0,2,0,0,0,0,0,0,0,0,38,0,0,0,2,0,0,20,0,9,0,3,0,0,0,0,0,0,0,0,0,19,0,0,3,8,0,2,0,31,0,0,0,0,0,1,0,0,0,0,0,0,0,0,0,0,0,0,0,0,0,0,0,0,0,0,0,9,0,0,0,0,0,66,5,0,0,0,251,286,0,0,2,0,0,0,0,0,0,0,55,0,0,0,21,0,0,0,3,0,0,0,0,0,0,0,0,0,0,0,0,0,0,0,198,0,0,0,0,0,0,0,0,2,0,1,0,127,0,0,0,0,0,7,0,0,4,0,5,0,0,0,51,0,5,0,0,0,0,0,0,0,0,0,89,0,0,0,0,0,0,0,0,0,0,2,0,44,0,0,0,0,0,0,0,4,0,0,0,0,0,0,0,0,0,0,0,42,0,0,0,0,0,0,0,0,29,0,0,0,0,0,0,0,0,200,0,0,35,0,0,0,0,0,0,0,0,0,4,0,0,0,0,0,0,0,7,1,0,0,0,0,0,0,0,0,0,0,0,0,0,0,2,0,0,0,0,0,0,0,0,0,0,0,0,0,0,0,0,3,0,0,0,0,0,2,0,0,0,25,0,0,0,0,10,0,5,0,0,12,0,4,0,0,0,0,0,9,0,0,0,0,0,0,0,0,2,0,0,0,9,0,0,0,0,0,0,0,3,0,0,3,0,0,0,0,0,0,0,0,0,0,0,0,0,0,0,0,0,0,0,0,8,126,5,0,0,21,0,0,0,0,0,0,18,0,0,0,0,0,0,0,0,0,0,0,0,0,0,5,0,0,0,0,0,0,0,0,0,0,0,0,2,21,409,0,0,0,0,0,0,0,0,0,4,0,0,0,0,0,2,0,3,0,0,0,0,70,0,2,0,0,0,0,0,0,0,3,0,0,0,0,0,16,0,12,7,0,0,0,0,0,0,0,0,0,0,0,0,0,0,0,0,1,0,0,50,0,0,0,0,0,0,0,0,0,0,0,0,3,0,0,0,0,0,0,0,0,0,0,0,0,4,0,0,0,0,112,0,0,0,0,0,0,0,0,0,0,0,0,0,0,1,0,0,0,0,0,0,0,0,0,44,2,0,0,0,0,0,0,0,0,0,14,0
"D446",0,54,93,0,36,14,0,1,10,0,2,5,10,0,0,2,0,0,0,10,205,0,0,0,0,11,0,31,112,279,99,0,33,0,0,0,12,0,152,0,67,0,1,0,69,14,0,19,8,5,0,85,27,6,0,0,26,4,0,77,0,0,56,25,0,0,0,0,0,2,0,1,6,0,0,6,0,15,0,0,0,0,0,0,10,0,0,0,0,11,208,1,5,1,0,0,0,0,7,421,0,0,0,0,4,0,14,0,0,0,0,12,0,6,91,43,99,1,0,0,0,0,42,0,0,0,0,0,0,22,28,0,2,0,0,0,0,162,57,77,0,2,16,0,0,0,0,0,5,145,187,52,0,6,0,0,0,8,9,0,0,0,36,13,0,0,0,189,0,5,0,0,0,0,9,128,0,0,0,0,0,0,0,0,0,0,0,18,29,0,4,4,0,143,0,0,0,0,2,0,32,34,9,14,0,0,3682,35,0,266,0,0,6,0,0,0,0,2,0,0,0,35,0,0,0,5,1,3,0,26,13,16,0,62,0,0,0,2,16,6,0,3,9,0,5,8,19,0,0,1,0,27,16,0,286,0,0,0,1,17,0,0,0,3,0,108,0,3,159,8,0,73,52,2,213,52,2,0,0,169,118,0,3,9,0,23,76,0,0,0,9,0,1,0,0,0,0,58,5,28,0,150,0,0,5,0,3,21,359,0,0,0,0,144,80,0,0,14,0,0,0,5,52,0,21,0,5,0,11,3,0,0,360,9,6,0,0,0,0,0,3,45,14,162,2,0,0,0,6,0,4,0,0,0,15,0,0,0,35,0,0,0,0,105,24,0,0,0,10,2,0,0,1,0,0,0,9,0,0,0,0,0,0,34,1,566,165,0,0,0,21,10,26,0,0,0,0,0,3,0,71,0,0,0,0,0,0,9,105,0,0,0,2,31,0,0,47,603,0,0,119,85,0,2,0,0,0,39,0,27,32,0,0,0,0,0,0,0,0,20,0,65,0,0,0,0,226,445,10,0,0,3,0,0,21,0,0,6,0,39,1,0,1812,0,0,0,0,12,61,5,0,17,4,0,0,0,0,156,5,0,135,0,13,0,217,0,0,7,1,0,0,43,2,5,0,10,0,0,7,18,6,0,169,0,3,0,0,8,0,5,40,4652,23,0,11,146,0,0,3,0,0,0,0,0,0,0,4,116,0,0,0,10,16,0
"D447",0,35,9,0,0,0,0,0,0,42,0,10,0,0,26,16,0,28,0,26,288,12,18,0,0,435,0,5,21,196,0,0,0,22,3,0,0,0,307,0,598,2,95,0,48,0,0,0,11,0,3,0,2,25,0,0,69,153,0,12,0,0,416,2,33,0,9,0,0,4,37,0,6,0,0,0,43,0,0,0,0,52,0,0,4,1,1,24,0,0,0,7,5,0,0,0,0,0,0,358,7,16,0,0,22,31,0,0,0,0,0,35,83,5,0,0,17,23,0,0,0,4,20,0,0,8,0,0,0,0,5,5,0,30,0,0,9,10,17,47,0,7,2,0,0,96,0,244,39,0,14,7,0,7,0,3,0,28,9,82,0,0,0,0,24,0,30,0,0,3,0,0,0,0,7,8,2,0,0,9,6,0,16,0,11,3,7,3,18,0,2,1,20,4,0,0,0,0,4,12,39,0,12,0,0,0,11266,0,0,121,5,2,2,2,0,0,0,19,0,0,450,14,0,0,5,4,0,26,0,15,0,0,0,10,0,0,8,0,18,50,0,26,116,0,5,2,9,0,0,49,0,26,145,0,333,0,0,2,5,0,0,0,0,0,0,184,99,2,4,27,0,28,109,37,92,20,2,0,0,0,32,3,0,24,0,24,10,2,0,2,7,0,6,10,0,0,0,118,27,92,330,118,0,30,0,0,400,0,141,0,5,10,0,96,20,0,0,2,0,0,0,0,139,1,1,0,8,0,0,0,4,0,254,0,113,28,152,0,0,0,0,265,30,13,4,11,0,0,0,0,2,0,0,0,2,0,0,0,0,6,0,0,0,87,1,2,0,0,0,6,0,0,14,0,0,0,15,486,0,14,0,0,60,5,0,629,0,0,0,0,58,0,55,0,332,20,2,0,94,0,0,0,1,0,0,8,1,3,50,0,247,0,25,9,0,2,14,64,0,0,49,16,0,0,0,0,0,38,0,56,36,0,1,0,34,193,0,0,0,5,0,294,0,0,0,0,967,1889,9,0,0,49,16,44,54,18,0,8,15,116,17,0,289,0,0,27,32,3,172,9,384,0,9,179,0,4,7,3,0,0,8,26,1,0,72,0,8,0,0,32,0,0,52,58,0,96,0,0,10,3,4,31,81,0,0,20,0,49,72,3,0,83,8,9,0,0,0,56,1,0,11,0,0,0,0,1,74,462,8,0,0,17,0,29
"D448",0,0,0,0,0,0,0,0,0,0,2,0,0,110,0,0,0,10,6,0,0,0,0,0,0,0,0,0,0,0,4,63,0,0,0,6,0,0,0,0,0,0,0,0,81,0,0,0,0,0,0,0,0,0,0,0,0,0,0,0,0,0,184,0,0,0,0,0,0,0,0,0,0,74,0,0,0,0,212,0,0,0,0,334,0,83,0,0,0,0,4,0,0,0,0,11,0,0,0,0,0,0,0,0,0,0,0,0,0,0,0,0,0,0,930,0,0,0,2,0,0,0,0,0,0,0,0,0,4,0,0,0,0,0,0,0,0,0,2,0,0,0,0,0,0,0,0,0,0,0,0,0,0,0,0,0,0,0,0,0,0,0,0,0,0,0,0,0,0,0,0,0,225,0,0,0,0,196,0,0,0,3,0,0,0,0,0,0,0,0,0,0,0,0,0,0,0,0,0,0,0,0,0,1,0,886,0,0,0,0,0,0,0,0,0,0,0,0,0,0,0,0,0,0,0,0,0,0,0,0,0,0,0,0,0,0,0,0,0,0,0,34,0,0,0,0,0,0,0,0,0,0,0,0,0,0,0,0,0,0,0,0,0,81,0,0,7,0,0,0,0,0,0,0,0,0,0,0,2,0,0,0,0,0,0,0,0,0,0,0,0,0,0,0,0,0,0,0,0,0,0,0,0,0,0,0,0,0,0,2,0,0,0,0,3,0,0,0,0,0,0,55,0,0,0,0,0,0,0,0,0,0,0,0,0,0,0,0,0,0,16,0,0,0,0,0,0,0,0,7,0,0,88,978,0,0,0,0,0,0,0,0,0,0,0,0,0,4013,0,0,0,0,0,0,0,0,0,0,0,25,0,0,0,0,0,0,29,0,0,0,0,0,0,0,0,0,0,0,0,0,0,0,0,0,0,0,0,0,0,0,0,0,0,0,0,0,0,0,0,0,0,0,0,2196,0,0,0,0,12,0,0,0,22,0,0,0,0,0,0,22,61,0,0,0,0,0,0,0,0,0,0,0,0,0,0,0,0,0,0,0,0,0,0,0,0,0,0,0,0,0,0,0,0,0,0,0,0,0,0,0,0,0,0,0,20,0,0,0,0,0,0,0,0,0,0,0,0,0,0,0,0,0,0,0,0,0,8500,0,0,0,0,0,93,0,0,0,0,0,0,0,0,0,0,0,0,1,26,0,0,0,0,0,0,0
"D449",0,0,0,0,0,0,0,0,0,0,0,0,0,0,0,0,0,0,0,0,0,0,0,0,0,0,0,0,0,0,11,0,0,0,0,0,0,0,0,0,0,0,0,0,0,0,0,0,0,0,0,0,0,0,4,2,0,0,0,0,0,0,0,0,0,0,0,0,0,0,0,0,0,0,0,0,0,0,0,0,0,0,0,0,0,0,0,0,0,0,0,0,0,0,0,0,0,0,0,0,0,0,8,0,0,0,0,0,0,0,0,0,0,0,0,0,3,0,0,0,0,0,0,0,0,0,0,0,0,0,0,0,0,0,0,0,0,0,0,0,0,0,0,0,0,0,0,0,0,0,0,0,0,0,0,0,0,0,0,0,0,0,0,0,0,0,0,0,0,0,0,0,0,0,0,0,0,0,0,0,0,0,0,0,0,0,0,0,0,0,0,0,0,0,0,0,0,0,0,0,0,0,0,0,0,0,0,0,0,0,0,0,0,0,0,0,0,0,0,0,0,0,0,0,0,0,0,0,0,0,0,0,0,0,0,0,0,0,0,0,0,0,0,0,0,0,0,0,0,0,0,0,0,0,0,0,3,0,0,0,0,0,0,0,0,0,0,0,0,0,0,0,0,0,0,0,0,0,0,0,0,0,0,0,0,0,0,0,0,0,0,0,0,0,0,1231,0,0,0,0,0,0,0,1,0,0,0,0,0,0,0,0,0,0,0,0,0,0,0,0,0,0,0,0,0,0,0,0,0,0,0,0,0,0,0,0,0,0,0,0,0,0,0,0,0,0,0,0,0,0,0,0,0,0,0,0,0,0,0,0,0,0,0,0,0,0,0,0,0,0,0,0,0,0,0,0,0,0,0,0,0,0,0,0,0,0,0,0,0,0,0,0,0,0,0,0,0,0,0,0,0,0,0,0,0,0,0,0,0,0,0,0,0,0,0,0,0,0,0,0,0,0,0,0,0,0,0,0,0,0,0,0,0,0,3,0,0,0,0,0,0,0,0,0,0,0,0,0,0,0,0,0,0,0,0,0,0,0,0,0,0,0,0,0,0,0,0,0,0,0,0,0,0,0,0,0,0,0,0,0,0,0,0,0,0,0,0,0,0,0,0,0,0,0,0,0,0,0,0,0,0,0,0,0,0,0,0,0,0,0,0,0,0,0,0,0,0,0,0,0,0,0,0,0,0,0,0,0,0,0,0,0,0,0
"D450",0,0,0,0,0,0,0,2,0,0,0,0,0,0,0,0,0,0,0,0,0,0,0,0,0,0,0,0,0,0,0,0,0,0,0,0,0,0,0,0,0,9,0,0,0,0,0,0,0,0,0,0,0,0,0,0,0,0,0,4,0,0,0,0,0,0,0,0,0,0,0,0,0,109,0,0,0,0,625,0,0,0,0,10,0,0,0,0,563,0,0,0,0,0,677,2,0,0,0,0,0,0,4,0,0,0,0,0,0,0,0,0,0,0,448,0,0,0,0,0,0,0,0,0,2162,0,0,0,0,0,0,0,0,2,0,0,0,0,0,0,0,0,0,0,0,0,0,0,0,0,0,0,0,0,0,0,0,0,0,0,758,0,0,0,0,0,0,0,2,0,0,0,1640,0,0,0,0,0,0,15,0,118,0,0,0,0,0,0,0,0,0,0,0,0,0,0,0,0,0,0,0,0,0,0,0,0,0,0,0,0,0,0,0,26,0,70,0,0,0,0,0,0,0,0,0,0,0,0,0,0,0,11,0,0,0,0,0,0,0,0,0,0,0,0,0,0,0,0,0,0,0,0,0,0,0,0,0,0,0,0,0,2,0,0,0,0,0,28,0,0,0,3,0,0,0,0,0,0,0,0,0,0,0,0,0,0,0,0,0,0,0,0,0,0,0,0,0,0,0,0,0,0,517,0,0,0,0,0,0,0,0,0,71,0,0,0,0,0,0,76,0,0,0,0,0,0,0,115,0,0,0,0,0,0,0,0,0,0,0,0,0,0,0,0,0,0,0,0,0,0,0,2042,10,0,0,65,0,0,0,0,138,0,0,0,0,0,0,0,0,0,0,0,0,0,0,36,0,0,0,0,0,419,0,0,0,0,0,0,0,0,0,0,0,999,0,0,0,388,0,0,0,0,0,0,10,0,0,0,0,0,0,0,0,0,0,0,0,0,0,0,0,0,2210,1842,57,0,0,0,0,0,0,0,0,0,0,0,0,0,0,0,2,0,0,365,0,0,0,0,0,0,0,0,0,0,0,0,592,0,0,0,0,0,0,0,0,0,0,0,0,0,0,0,0,0,0,0,0,0,0,396,0,0,0,0,0,2675,0,0,0,0,0,0,0,0,0,0,0,2,0,0,0,0,0,0,0,0,0,0,0,0,0,0,0,0,0,0,0,0,0,0,0,0,3674,3,197,0,0,0,2,0,7,0,0,0
"D451",0,0,0,0,0,0,1,0,0,0,0,0,0,0,0,0,0,0,0,0,0,0,0,0,0,0,0,0,0,0,0,0,0,0,0,0,0,0,0,0,0,0,0,0,0,0,0,0,0,0,0,0,0,0,0,0,0,0,7,0,0,0,0,0,425,0,0,0,0,0,0,0,0,0,0,0,0,0,0,0,0,0,0,0,0,0,0,0,0,0,0,0,0,0,0,0,0,0,0,0,0,0,0,0,0,0,2,0,0,0,0,0,0,0,0,0,0,0,0,0,0,0,0,0,0,0,0,0,0,0,0,0,0,0,0,0,0,0,0,0,0,0,0,0,0,0,0,0,0,0,0,0,0,0,0,0,0,0,0,0,0,0,19,0,0,0,0,0,0,0,0,0,0,0,0,0,0,0,0,0,0,0,0,0,0,0,0,0,0,12,0,0,0,0,10,0,0,0,0,0,0,0,0,0,8,0,0,0,0,0,0,0,0,0,0,0,0,0,0,0,0,0,0,0,0,0,0,0,0,0,0,0,101,0,0,0,0,0,0,0,0,0,0,0,0,0,0,0,0,0,6,0,0,0,0,0,0,0,0,0,0,0,0,0,0,0,0,0,0,0,0,0,0,0,0,16,0,0,0,0,0,0,0,0,0,0,0,0,0,0,0,0,0,0,53,0,0,0,64,0,0,0,0,0,0,2,0,0,0,0,0,0,0,0,0,0,0,0,0,0,0,0,0,0,0,0,0,0,0,0,0,0,0,0,0,0,0,0,4,0,0,0,0,0,0,0,0,0,0,0,0,0,0,0,0,5,0,0,0,0,0,0,0,0,0,0,0,0,0,0,0,0,0,0,0,0,0,0,0,0,0,0,0,0,0,0,0,0,0,0,0,0,0,0,0,0,0,0,0,0,0,0,0,0,0,0,0,0,0,0,0,0,0,4,0,0,0,0,6,0,0,0,0,0,0,0,0,0,0,0,0,2,0,0,0,0,0,0,0,0,0,0,0,0,0,0,0,0,0,3,0,0,0,0,0,0,0,0,0,0,0,0,0,1437,0,0,0,0,0,0,0,0,0,0,0,0,0,0,0,0,0,0,0,0,0,0,0,0,0,0,0,6,0,0,0,0,0,1014,0,0,0,0,0,0,0,0,0,0,0,0,0,668,0,0,0,0,0,0,0,0,0,0,0,0,0,0,0,0,0,0,0,0,0,0
"D452",2,0,0,168,0,0,5,0,0,0,0,0,0,0,0,0,0,0,0,0,0,0,0,16,0,0,3,0,0,0,0,0,0,0,0,0,0,0,0,0,0,0,0,8,0,0,0,3,5,0,0,0,0,0,0,0,0,0,3,0,3,0,0,0,0,0,2,0,19,0,0,0,0,0,0,0,0,0,0,0,0,0,0,0,0,0,0,0,0,0,0,0,0,0,0,0,38,0,0,0,0,0,1045,15,0,0,2,76,0,0,0,0,0,0,0,0,0,0,0,3,0,0,0,102,0,0,0,12,0,0,0,0,0,0,0,0,0,0,0,0,0,0,0,4,0,0,0,0,0,0,0,0,5,0,4,0,189,0,0,0,0,0,3,0,0,0,0,5,0,0,0,64,0,0,0,0,0,0,0,0,0,0,0,12,0,0,0,0,0,0,0,0,0,0,0,0,30,58,0,0,0,0,0,0,0,0,0,0,0,0,0,0,0,0,0,0,0,0,0,0,0,0,0,0,0,0,0,0,0,0,0,0,0,0,919,4,0,0,0,0,0,0,0,0,0,0,0,1,0,0,0,0,0,0,0,0,0,0,0,0,2,0,0,0,0,0,0,0,0,0,0,0,0,0,0,0,0,0,0,0,0,0,0,0,2,0,0,0,5,0,0,2,0,0,0,0,0,0,909,0,0,0,0,0,0,3,0,0,0,0,0,0,0,0,0,0,25,0,0,0,0,0,0,0,0,3,0,0,0,5,0,0,0,0,0,0,0,398,0,0,0,0,0,0,0,0,0,20,0,0,0,0,0,0,0,0,0,0,0,0,0,148,17,0,0,0,38,0,0,0,3,0,0,0,0,0,0,0,0,0,0,0,0,0,0,0,0,0,0,0,0,0,0,0,0,0,0,0,0,0,0,0,0,0,0,0,0,0,0,0,0,120,0,0,0,0,0,0,0,0,0,0,0,0,0,43,201,0,0,0,0,0,0,0,0,0,53,0,0,0,0,0,5,0,1,0,0,0,0,0,0,0,0,0,0,0,0,0,0,0,0,0,2,0,44,22439,0,0,0,0,0,0,0,0,13,0,0,0,0,0,0,0,0,0,0,0,0,0,0,0,0,2,0,0,0,0,11,0,0,0,0,0,0,0,0,0,0,0,0,0,0,0,0,0,0,0,0,0,0,0,0,4,0,0,0,0,0,0,0,0,0,0,0,0
"D453",0,0,0,0,0,0,0,0,0,0,0,0,0,0,0,0,0,0,0,0,0,0,0,0,0,0,0,0,0,0,0,0,0,0,0,0,0,0,0,0,0,3,0,0,0,0,0,0,0,0,0,0,0,0,0,0,0,0,0,0,0,0,0,0,0,0,0,0,0,0,0,0,0,0,3,0,0,0,2,0,0,0,0,4,0,0,0,0,88,0,0,0,0,0,0,2,0,0,0,0,0,0,5,0,0,0,0,0,0,4,0,0,0,0,0,0,0,0,0,0,0,0,0,0,28,0,0,0,0,0,0,0,0,0,0,0,0,0,2,0,0,0,0,0,0,0,0,0,0,0,0,0,0,0,0,0,0,0,0,0,23,0,0,0,0,0,0,0,0,0,0,0,8,0,0,0,0,0,0,0,0,41,0,0,0,0,0,0,0,0,0,0,0,0,0,0,0,0,0,0,0,2,0,0,0,0,0,0,1,0,0,0,0,4444,3,2,0,0,0,0,0,0,0,0,0,0,0,0,4,0,0,31,0,0,0,0,0,0,0,0,0,0,0,0,0,0,0,0,0,0,0,0,0,0,0,0,0,0,0,0,0,0,0,0,0,0,0,0,0,0,0,0,0,0,0,0,0,0,0,0,0,0,0,0,0,0,0,0,0,0,0,0,0,0,0,0,0,0,0,0,0,0,0,0,0,0,0,0,0,0,0,0,0,0,0,0,0,0,0,0,0,0,2,0,0,0,0,3,0,0,0,0,0,0,0,0,0,0,0,0,0,0,0,0,0,0,0,0,0,0,0,8,0,0,0,0,0,0,0,0,3,0,0,0,0,0,0,0,0,2,0,0,0,0,0,0,0,0,0,0,114,4,0,0,0,0,0,0,0,0,0,0,0,9,0,0,2,0,0,0,0,0,0,0,0,0,0,0,0,0,0,0,0,0,0,2,0,0,0,0,2,0,16,17,2,0,0,0,0,0,0,2,0,0,0,0,0,0,0,0,0,0,0,6,0,0,0,0,0,0,0,0,0,0,0,0,13,0,0,0,0,0,0,0,0,0,0,2,0,0,0,0,0,0,0,0,0,0,0,18,0,0,0,0,0,13,0,0,0,0,0,0,0,0,0,0,0,0,0,0,0,0,0,0,0,0,0,0,0,0,0,0,0,0,0,0,0,0,0,0,0,0,36,3,0,0,0,0,0,0,0,0,0,0
"D454",0,0,0,0,0,0,0,0,0,0,0,0,0,0,0,0,0,0,0,0,0,0,0,0,0,0,0,0,0,0,0,0,0,0,0,0,0,0,0,0,0,0,0,0,0,0,0,0,0,0,0,0,0,0,0,0,0,0,0,0,0,0,0,0,0,0,0,0,0,0,0,0,0,0,0,0,0,0,0,0,0,0,0,0,0,0,0,0,0,0,0,0,0,0,0,0,0,0,0,0,0,0,0,0,0,0,0,0,0,0,0,0,0,0,0,0,0,0,0,0,0,0,0,0,0,0,0,0,0,0,0,0,0,0,0,0,0,0,0,0,0,0,0,0,0,0,0,0,0,0,0,0,0,0,0,0,0,0,0,0,0,0,0,0,0,0,0,0,0,0,0,0,0,0,0,0,0,0,0,0,0,0,0,0,0,0,0,0,0,0,0,0,0,0,0,0,0,0,0,0,0,0,0,0,0,0,0,0,0,0,0,0,0,0,0,0,0,0,0,0,0,0,0,0,0,0,0,0,0,0,0,0,0,0,0,0,0,0,0,0,0,0,0,0,0,0,0,0,0,0,0,0,0,0,0,0,0,0,0,0,0,0,0,0,0,0,0,0,0,0,0,0,0,0,0,0,0,0,0,0,0,0,0,0,0,0,0,0,0,0,0,0,0,0,0,0,0,0,0,0,0,0,0,0,0,0,0,0,0,0,0,0,0,0,0,0,0,0,0,0,0,0,0,0,0,0,0,0,0,0,0,0,0,0,0,0,0,0,0,0,0,0,0,0,0,0,0,0,0,0,0,0,0,0,0,0,0,0,0,0,0,0,0,0,0,0,0,0,0,0,0,0,0,0,0,0,0,0,0,0,0,0,0,0,0,0,0,0,0,0,0,0,0,0,0,0,0,0,0,0,0,0,0,0,0,0,0,0,0,0,0,0,0,0,0,0,0,0,0,0,0,0,0,0,0,0,0,0,0,0,0,0,0,0,0,0,0,0,0,0,0,0,0,0,0,0,0,0,0,0,0,0,0,0,0,0,0,0,0,0,0,0,0,3,0,0,0,0,0,0,0,0,0,0,0,0,0,0,0,0,0,0,0,0,0,0,0,0,0,0,0,0,0,0,0,0,0,0,0,0,0,0,0,0,0,0,0,0,0,0,0,0,0,0,0,0,0,0,0,0,0,0,0,0,0,0,0,0,0,0,0,0,0,0
"D455",0,46,0,0,0,0,0,0,0,13,0,12,0,0,2,0,1,0,0,0,0,0,0,0,0,1,0,7,0,4,0,0,0,0,0,0,0,3,7,0,9,6,9,0,0,5,0,9,0,0,0,0,0,8,4,0,6,4,0,0,0,0,21,0,0,0,0,0,0,0,3,0,0,0,0,0,2,0,0,0,0,0,0,3,0,0,0,0,0,0,0,2,0,0,0,0,0,0,0,26,6,0,0,0,4,9,0,0,0,5,0,0,5,0,0,0,0,4,0,0,0,0,5,0,0,0,0,0,0,0,2,0,0,2,0,0,0,0,0,4,0,0,0,0,0,0,0,0,0,0,0,2,0,2,0,0,0,1,1,0,0,0,0,0,0,0,0,1,0,0,0,0,0,0,0,0,0,0,4,0,0,0,5,0,15,3,2,0,0,1,0,0,0,2,0,0,0,0,7,0,0,0,0,0,0,0,1240,6,0,4,0,0,0,0,3,0,0,0,0,0,4,7,0,0,0,0,0,0,0,5,0,0,0,0,0,0,1,2,0,0,0,4,0,0,0,0,18,0,0,0,0,4,2,0,20,0,3,0,0,0,0,0,0,0,20,0,3,0,0,0,0,6,0,0,3,0,0,0,0,5,1,0,0,8,0,58,0,0,0,0,2,0,27,0,0,0,0,0,1,8,0,11,0,0,0,0,37,0,0,0,0,5,0,0,9,0,0,0,0,0,0,0,0,0,0,0,3,0,0,0,0,0,0,5,0,18,0,0,0,0,2,116,0,1,0,0,0,0,6,0,0,0,0,0,0,0,0,0,0,0,0,0,0,13,0,0,0,0,0,7,0,0,0,0,0,0,11,91,0,2,0,0,0,3,0,0,0,0,0,0,0,0,0,0,0,0,0,0,11,0,0,0,0,0,0,3,0,0,0,0,0,0,1,0,0,0,0,0,0,0,0,0,0,0,0,0,0,9,0,0,0,0,0,0,0,0,0,0,0,0,0,3,0,0,0,0,177,151,9,0,0,3,0,0,9,0,0,10,3,11,0,0,6,0,0,0,0,0,0,3,0,5,3,7,0,0,2,0,0,0,4,4,0,0,0,0,0,0,0,19,0,0,21,0,0,19,0,0,4,0,0,3,28,3,0,0,0,12,9,0,0,19,2,0,2,0,2,0,0,0,2,0,0,0,0,2,0,81,0,0,0,1,3,0
"D456",0,0,0,0,0,5,2,0,0,0,0,0,0,0,0,0,0,0,0,0,0,0,0,0,0,0,0,0,0,0,0,0,0,0,0,0,0,0,0,0,0,0,0,195,0,0,0,278,0,0,0,0,0,0,0,0,0,0,2879,0,0,0,0,0,147,0,0,0,0,0,0,0,0,0,0,9,0,0,0,0,0,0,0,0,0,0,0,0,0,0,0,0,0,0,0,0,0,0,0,0,0,0,0,0,0,0,99,0,0,0,0,17,0,0,0,0,0,0,0,0,0,0,0,0,0,0,0,0,0,0,0,0,0,0,8,0,0,0,0,0,0,0,0,0,0,0,0,0,0,212,0,0,0,0,284,0,0,0,0,0,0,0,3528,0,0,0,0,0,0,0,0,0,0,0,0,0,0,0,0,0,0,0,0,0,0,0,0,0,0,304,0,0,0,0,47,3,0,0,0,0,0,0,0,0,0,0,0,0,0,0,0,0,0,0,0,0,0,0,89,0,0,0,0,0,0,0,0,0,0,0,0,0,1192,0,0,0,0,0,0,0,0,0,0,0,0,0,0,0,0,0,175,0,0,0,0,0,0,0,0,0,0,0,0,0,0,0,0,0,0,0,0,0,0,0,0,0,0,0,0,0,0,0,0,0,0,0,0,0,0,0,0,5,0,0,459,0,0,0,0,0,0,0,0,0,0,567,0,0,0,303,622,0,0,0,0,0,0,10,0,0,33,0,0,0,0,0,0,0,0,0,0,0,0,0,0,0,0,0,70,0,0,0,0,0,0,0,0,0,0,0,0,0,0,0,0,0,0,0,0,0,0,0,0,0,0,0,0,0,0,0,0,0,0,0,0,0,0,0,0,0,0,0,0,0,0,0,0,0,0,7,0,0,0,0,0,0,0,0,0,0,0,17,0,0,0,0,0,0,0,0,0,0,0,46,0,0,0,0,0,0,0,0,0,0,0,0,0,0,0,0,0,0,0,0,0,0,54,0,190,0,0,0,0,0,0,0,0,0,0,0,0,0,0,0,0,0,0,0,0,0,0,0,0,0,0,0,0,0,0,0,0,0,0,0,0,0,0,0,16,0,0,0,0,0,0,0,0,0,0,0,0,18,0,0,0,0,0,10,0,0,0,0,0,0,0,0,0,0,0,0,0,193,0,0,0,0,0,0,0,0,0,0,0,0,0,0,0,0,0,0,0,0,0,0
"D457",0,0,0,66,0,0,0,0,0,0,0,0,0,0,0,0,0,0,0,0,0,0,0,0,0,0,18,0,0,0,0,0,0,0,0,0,0,0,0,0,0,0,0,0,0,0,0,0,4881,0,0,0,0,0,0,0,0,0,0,0,0,0,0,0,0,0,0,0,17,0,0,0,0,0,0,0,0,0,0,0,0,0,0,0,0,0,0,0,0,0,0,0,0,0,0,0,0,0,0,0,0,0,371,0,0,0,0,135,294,0,0,0,0,0,0,0,0,0,0,177,0,0,0,19,0,0,0,107,0,0,0,0,0,0,0,0,0,0,0,0,0,0,0,0,0,0,0,0,0,0,0,0,0,0,0,0,26,0,0,0,0,0,0,0,0,0,0,0,0,0,29,17,54,0,0,0,0,0,0,0,0,0,0,0,0,0,0,0,0,0,0,0,0,0,0,0,0,0,0,0,0,0,0,0,0,0,0,0,0,0,0,0,0,0,0,0,0,0,0,0,0,0,0,0,0,0,0,0,0,0,0,0,0,0,334,0,0,0,0,0,0,0,0,0,0,0,0,0,0,0,0,0,0,0,0,0,0,0,0,0,0,0,0,0,0,0,0,0,0,0,0,0,0,0,0,0,0,0,0,0,0,0,0,0,15,0,0,0,0,0,0,0,0,0,0,0,0,0,13,0,0,0,0,0,0,0,0,0,0,0,0,0,0,0,0,0,28,0,0,0,0,0,0,0,0,0,0,0,0,0,0,0,0,0,0,0,0,0,0,0,0,0,0,0,0,0,0,0,0,0,0,0,0,0,0,0,0,0,0,0,0,376,99,0,0,0,0,0,0,0,98,0,0,0,0,0,0,0,0,0,0,0,0,0,0,0,0,0,34,0,0,0,0,0,0,0,0,0,0,0,0,0,11,120,0,0,0,0,0,0,0,0,0,0,0,0,0,0,0,0,0,0,0,0,0,0,43,0,10036,0,0,0,0,0,0,0,0,0,0,0,0,0,0,6,0,0,0,0,0,0,0,0,0,0,0,0,0,0,0,0,0,0,0,38,0,0,0,0,0,0,0,0,0,0,55,0,0,0,0,0,0,0,0,0,0,0,0,0,0,0,0,0,0,0,0,0,37,0,0,0,0,0,0,0,0,0,0,0,0,0,0,0,0,0,0,0,0,0,0,0,0,23,0,0,0,0,0,0,0,0,24,0,0,0
"D458",15,315,2086,0,52,24,0,0,9,0,0,4,0,0,0,10,0,0,0,17,0,50,23,0,0,0,0,0,7,0,0,18,141,0,0,0,355,0,29,0,0,0,1,3,16,19,0,0,16,0,0,0,4,0,41,0,5,11,0,0,0,0,0,7,0,26,0,41,0,0,24,0,0,0,0,0,0,0,0,0,2,318,0,2,10,0,45,0,0,6,14,11,21,0,0,0,0,0,3,203,0,0,0,0,3,0,2,0,0,0,0,0,33,0,0,0,4,16,0,0,70,0,4,0,0,0,0,0,0,3,19,10,8,118,0,0,9,495,54,14,0,0,56,0,2,0,0,0,0,0,43,9,0,77,0,0,0,0,0,0,0,0,47,0,0,3,427,34,0,1239,0,0,0,0,0,28,0,0,0,0,3,0,0,0,63,720,9,1,0,0,0,7,0,149,0,0,0,0,25,34,0,0,0,14,5,0,2328,286,0,492,0,0,0,0,0,0,0,0,0,116,0,142,0,0,0,0,0,0,0,0,5,17,0,49,0,0,50,0,57,160,0,0,0,0,16,0,83,0,7,0,0,0,0,16,261,0,0,0,0,1,3,4,0,30,8,0,0,6,3,0,4,5,89,0,0,2,386,0,0,214,292,0,0,84,0,873,262,15,0,0,0,8,1,71,0,0,152,119,0,0,0,113,0,0,2,0,151,357,0,7,6,30,0,0,18,0,0,8,0,4,0,8,0,34,0,0,52,0,11,32,0,5,0,7,0,0,4,0,7,0,12,624,11,392,4,1,0,0,5,0,0,0,0,0,108,0,8,61,6,7,15,0,0,3438,0,0,0,0,6,0,0,8,0,0,0,0,4,2832,0,0,0,0,0,17,0,0,22,0,0,0,0,63,0,0,0,0,0,0,89,0,124,8,53,0,0,7,4,0,252,0,0,0,5,67,10,5,0,0,0,3,0,52,0,0,0,0,0,0,0,103,0,0,0,0,0,0,0,8,0,20,0,0,0,0,0,0,69,0,0,0,1,7,15,0,12,37,0,9,18,0,29,0,147,0,0,83,0,57,13,0,0,132,10,0,34,2,9,0,47,0,80,0,0,475,3,0,0,0,2,14,0,0,16,0,3,18,0,0,2,0,0,5,122,0,39,2,0,30,0,0,0,584,0,0,0,1009,0,0,0,0,81,0,0,0,0,0,0,85,0,0,8,1,0,59
"D459",0,0,0,0,0,0,0,0,0,0,0,1,0,0,0,0,0,0,0,0,0,0,0,0,0,0,0,0,0,0,0,0,0,0,0,0,0,0,0,0,0,0,0,0,0,0,0,0,0,0,0,0,0,0,0,0,0,24,0,0,0,0,0,0,0,0,0,0,0,0,0,0,0,0,0,0,0,0,5,0,0,0,0,0,0,0,0,0,0,0,0,0,0,0,5,0,0,0,0,0,0,0,0,0,0,0,0,0,0,0,0,0,0,0,0,0,0,0,0,0,0,0,0,0,0,0,0,0,0,0,0,3,0,0,0,0,0,0,0,0,0,0,0,0,0,0,0,3,0,0,0,0,0,0,0,0,0,0,0,0,0,0,0,0,0,0,0,0,0,0,0,0,0,0,0,2,0,0,0,3,0,0,0,0,0,0,0,0,0,0,0,0,0,0,0,0,0,0,0,0,0,0,0,0,0,0,0,0,0,0,0,0,0,0,0,0,0,0,0,0,0,0,0,0,0,0,0,0,0,0,0,0,0,0,0,0,0,0,0,1,0,0,0,0,0,0,0,0,0,0,0,0,0,0,0,0,0,0,0,0,0,0,0,0,0,0,0,0,0,0,1,0,0,0,0,0,0,0,0,0,0,0,0,0,0,0,0,0,0,0,0,0,0,0,0,0,2,0,0,0,0,0,0,0,0,0,0,2,0,0,0,0,0,0,0,0,0,0,0,0,0,0,0,0,0,0,0,0,0,0,0,0,0,7,0,7,1,0,0,0,0,4,0,0,0,0,0,0,0,0,0,0,0,0,0,2,0,0,0,0,0,0,0,0,0,0,0,0,0,0,0,0,0,0,0,0,0,0,0,0,0,0,0,0,0,0,0,0,0,0,0,0,0,0,0,0,0,0,0,0,0,0,0,0,0,0,0,0,0,0,0,0,0,0,0,0,0,0,0,0,2,0,0,0,0,0,0,0,0,0,0,0,0,0,0,0,0,2,0,0,0,0,0,0,0,0,0,0,0,0,0,1,4,0,0,0,0,0,0,0,0,0,0,0,0,0,0,0,0,0,0,0,0,0,0,0,0,0,0,0,0,0,0,4,0,0,0,0,0,1,0,0,0,0,0,0,0,0,0,0,0,0,0,0,0,0,0,0,0,0,0,12,0,0,0,0,0,0,0,0,0,0,0,0,0,0,0,0,0,0,0,0,0,0
"D460",0,0,0,16,0,3,105,0,0,0,0,0,0,0,0,0,0,0,33,0,0,0,0,0,0,19,0,0,0,0,31,0,0,0,0,33,0,0,0,0,0,0,0,0,0,0,1326,0,53,0,0,0,0,0,0,15,0,0,49,0,202,0,0,0,0,0,0,0,0,0,0,0,0,0,34,10,0,0,0,86,0,0,0,0,0,0,0,0,0,0,0,0,19,0,0,0,52,0,0,0,0,0,1879,130,0,0,0,47,25,0,0,0,0,0,0,0,0,0,0,43,0,0,0,1267,0,0,89,12,0,0,0,0,0,0,0,0,0,0,0,0,0,0,0,226,0,0,0,0,0,0,0,0,20,0,45,0,658,0,0,0,0,0,26,0,0,0,0,0,0,0,0,346,0,2,0,0,0,0,0,0,0,0,0,0,0,0,0,0,0,0,0,0,0,0,0,0,369,0,0,0,0,0,0,0,0,0,12,0,0,0,0,0,9,0,0,0,866,0,0,0,9,0,0,0,0,194,0,0,0,0,0,0,0,0,483,0,0,719,0,0,0,0,0,0,0,0,0,11,0,0,0,0,0,0,0,702,30,0,0,0,0,0,292,0,0,0,0,0,0,0,21,0,0,0,0,1,0,81,0,0,0,0,0,0,22,0,0,0,5,0,0,0,0,0,0,0,0,0,21617,0,0,0,0,0,0,4,0,0,0,0,707,0,0,0,0,0,45,0,0,0,71,0,0,0,0,0,0,0,0,57,0,0,0,0,0,0,0,337,244,0,566,0,0,0,0,0,0,16,0,0,0,0,0,0,0,0,0,0,0,0,0,46,22,0,0,0,3,0,0,0,3,5,0,0,0,0,0,0,0,0,0,0,0,0,0,0,0,0,22,53,0,0,0,0,0,0,0,0,0,0,0,0,499,0,0,0,0,0,0,29,0,29,0,21,0,0,0,0,0,47,0,0,0,0,0,24,0,0,43,0,0,0,0,0,0,0,0,0,0,0,0,0,0,0,9,19,0,0,0,0,0,0,18,0,0,0,0,0,0,0,4,0,0,0,54,867,0,0,0,0,0,0,0,0,0,0,0,0,0,0,0,0,0,0,0,0,0,0,0,0,0,648,11,0,0,0,17,0,0,0,0,0,0,290,7,0,0,0,0,0,0,0,0,0,0,0,0,0,0,0,0,28,0,0,0,0,0,0,0,0,0,0,0,0
"D461",0,0,0,0,0,0,0,0,0,0,0,0,0,7,0,0,0,0,0,0,0,0,0,0,0,0,0,0,0,0,0,0,0,0,0,0,0,0,0,0,0,0,0,0,0,0,0,0,0,0,2,0,0,0,0,0,0,0,0,3,0,0,0,3,0,0,0,0,0,0,0,0,0,0,0,0,0,0,1,0,0,0,0,0,0,0,0,0,5,6,0,0,0,0,0,3,0,0,0,0,0,0,0,0,0,0,0,0,0,12,0,0,0,0,119,0,0,0,38,0,0,0,0,0,7,0,0,0,9,10,0,0,0,0,0,0,0,0,0,0,0,0,0,0,126,0,0,0,0,0,0,0,0,0,0,0,0,0,0,0,0,0,0,0,0,3,0,0,0,0,0,0,17,0,0,0,0,29,0,0,0,57,0,0,0,0,0,0,0,0,0,0,0,0,0,0,0,0,0,0,0,0,0,0,0,60,0,0,0,0,0,0,2,0,0,0,0,0,0,0,0,0,0,0,0,0,0,0,0,3,0,1,0,0,0,0,0,0,0,0,0,0,0,0,0,0,0,0,0,0,0,0,1,0,0,0,0,0,0,0,0,0,184,16,0,0,213,0,0,0,0,0,0,0,0,0,0,0,0,0,0,0,0,0,0,0,0,0,0,0,0,0,0,0,0,0,0,0,2,0,0,0,5,0,6,0,0,0,0,0,0,0,0,0,4,0,0,0,0,0,0,4,0,0,0,0,0,0,0,0,0,0,0,0,0,0,0,0,0,9,23,0,0,0,7,3,0,0,0,0,0,0,0,0,0,0,0,0,0,0,0,0,0,0,0,0,0,790,2,0,0,0,0,0,0,9,0,0,0,0,0,28,0,0,0,0,6,0,0,0,0,0,0,34,0,0,0,3,0,0,0,0,0,0,2,2,0,0,0,0,0,0,0,2,0,0,0,0,0,2,0,0,21,166,3,0,0,0,0,0,0,0,0,0,0,0,0,0,0,0,0,0,0,0,0,0,0,0,0,0,0,0,0,0,0,0,25,0,0,0,0,41,0,0,0,0,0,0,0,0,0,0,0,0,0,0,0,0,0,2,0,0,0,0,0,6,0,0,0,5,104,0,0,0,0,0,0,0,0,0,3,0,0,0,0,0,0,0,0,0,0,0,0,0,0,0,137,0,0,0,0,0,7,0,0,0,0,0,0,0,0,0,0,0
"D462",0,0,0,0,0,0,0,0,0,0,0,0,0,0,0,0,0,0,0,0,0,0,0,0,0,0,0,0,0,0,0,0,0,0,0,0,0,0,0,0,0,0,0,31,0,0,0,0,0,0,0,0,0,0,0,0,0,0,0,0,0,0,0,0,0,0,0,0,0,0,0,0,0,0,0,0,0,0,0,0,0,0,0,0,0,0,0,0,0,0,0,0,0,0,0,0,0,0,0,0,0,0,0,0,0,0,0,0,0,0,0,0,0,0,0,0,0,0,0,0,0,0,0,0,0,0,0,0,0,0,0,0,0,0,0,0,0,0,0,0,0,0,0,0,0,0,0,0,0,0,0,0,0,0,0,0,0,0,0,0,0,0,0,0,0,0,0,0,0,0,0,0,0,0,0,0,0,0,0,0,0,0,0,0,0,0,0,0,0,0,0,0,0,0,0,0,0,0,0,0,0,0,0,0,0,0,0,0,0,0,0,0,0,0,0,0,0,0,0,0,0,0,0,0,0,0,0,0,0,0,0,0,0,0,0,0,0,8,0,0,0,0,0,0,0,0,0,0,0,0,0,0,0,0,0,0,0,0,0,0,0,0,0,0,0,0,0,0,0,0,0,0,0,0,0,0,0,0,0,0,0,0,0,0,0,0,0,0,0,0,0,0,0,0,0,0,0,0,0,0,0,0,0,0,0,0,0,0,0,0,0,0,0,0,0,0,0,0,0,0,0,0,0,0,0,0,0,0,0,0,0,0,0,0,0,0,0,0,0,0,0,0,0,0,0,0,0,0,0,0,0,0,0,0,0,0,0,0,0,0,0,0,0,0,0,0,0,0,0,0,0,0,0,0,0,0,0,0,0,0,0,0,0,0,0,0,0,0,0,0,0,0,0,0,0,0,0,0,0,0,0,0,6989,0,0,0,0,0,0,0,0,0,0,0,0,0,0,0,0,0,0,0,0,0,0,0,0,0,0,0,0,0,0,0,0,0,0,0,0,0,0,0,0,0,0,0,0,0,0,0,0,0,0,0,0,0,0,0,0,0,0,0,0,0,0,2,0,0,0,0,0,0,0,0,0,0,0,0,0,0,0,0,0,0,0,0,0,0,0,0,0,0,0,0,0,0,0,0,0,0,0,0,0,0,0,0,0,0,0,0,0,0,0,0,0,0,0,0,0,0,0,0,0,0,0,0,0,0,0,0,0,0,0,0
"D463",0,0,0,0,0,0,0,0,2,18,0,0,3,14,18,0,0,114,0,0,0,0,0,0,0,0,0,0,0,0,15,0,0,0,0,0,0,0,23,0,0,0,0,16,711,0,0,0,0,0,0,0,0,0,0,0,0,0,0,77,0,0,1,791,0,0,0,0,0,0,0,0,0,0,0,0,0,0,0,0,0,0,31,4,4,17,0,0,0,0,42,0,2,0,0,0,0,0,0,0,0,0,0,0,0,0,0,0,0,0,0,325,0,0,2766,0,0,0,0,0,0,0,0,0,0,0,0,0,359,11,0,21,21,0,0,0,0,0,0,0,0,0,0,0,0,0,4,0,0,0,0,0,0,0,0,0,0,0,0,0,0,0,13,0,0,4,0,0,0,0,0,0,0,0,0,0,0,302,0,0,42,0,0,0,0,0,0,0,0,0,0,0,0,0,0,0,0,0,0,0,0,0,0,0,0,0,0,0,0,0,0,0,0,0,0,0,105,2,0,0,0,0,0,0,0,0,0,5,2,15,0,0,0,0,0,0,0,0,0,0,0,471,0,0,0,0,0,0,0,0,0,0,0,0,92,0,0,0,0,0,0,3,0,0,0,0,10914,0,0,0,0,508,0,0,0,0,0,0,99,0,0,0,0,0,0,0,0,0,0,0,0,0,0,0,0,0,0,0,0,0,220,0,0,0,0,0,0,0,0,0,0,0,0,0,0,0,0,0,0,2,0,46,0,0,0,0,0,0,0,0,0,7,0,0,0,36,0,0,0,114,0,0,0,0,0,0,0,0,0,683,0,316,0,0,0,0,0,0,0,0,0,0,0,0,0,0,0,0,0,0,0,0,0,0,0,0,0,0,0,921,0,0,0,0,0,0,0,0,0,0,0,0,0,0,0,0,85,594,0,0,0,0,0,0,0,64,0,0,0,0,0,0,0,0,0,0,0,0,0,0,544,0,0,29,0,0,0,0,0,0,0,0,13,0,345,0,2,19,0,2,0,0,0,0,0,0,0,0,0,0,0,0,0,0,0,0,0,0,0,0,42,0,0,0,0,0,0,0,0,0,1,0,0,0,0,0,0,0,0,0,0,0,0,0,12,0,0,0,0,0,0,0,0,0,0,0,20,0,0,0,0,0,0,0,0,0,0,0,0,2,0,2,284,0,0,0,14,0,0,0,0,0,0,0,0,0,212,0,0,0,0,0,0,0
"D464",0,0,0,0,0,0,0,0,0,0,0,0,0,0,0,0,0,0,0,0,0,0,0,0,0,0,0,0,0,0,0,0,0,0,0,0,0,0,0,7,0,0,0,0,0,0,0,0,0,0,0,0,0,0,0,0,0,0,0,0,0,0,0,0,0,0,0,0,0,0,0,0,0,0,0,0,0,0,0,0,0,0,0,0,0,0,0,0,0,0,0,0,0,0,0,0,0,0,0,0,0,0,0,0,0,0,0,0,0,0,0,0,0,0,0,0,0,0,0,0,0,0,0,0,0,0,0,0,0,0,0,0,0,0,0,0,0,0,0,0,0,0,0,0,0,0,0,0,0,0,0,0,0,0,0,0,0,0,0,0,0,0,0,0,0,0,0,0,0,0,0,15,0,0,0,0,0,0,0,0,0,0,0,0,0,0,0,0,0,0,0,0,0,0,0,0,0,0,0,0,0,0,0,0,0,0,0,0,0,0,0,0,0,0,0,0,0,0,0,0,0,0,0,0,0,0,0,0,0,0,0,0,0,0,0,0,0,0,0,0,0,0,0,0,0,0,0,0,0,0,0,0,0,0,0,0,0,0,0,0,0,0,0,0,0,0,0,0,0,0,0,0,0,0,0,0,0,0,0,0,0,0,0,0,0,0,0,0,0,0,0,0,0,0,0,0,0,0,0,0,0,0,0,0,0,0,0,0,0,0,0,0,0,0,0,0,0,0,0,0,0,0,0,0,0,0,0,0,0,0,0,0,0,0,0,0,0,0,0,0,0,0,0,0,0,0,0,0,0,0,0,0,0,0,0,0,0,0,0,0,0,0,0,0,0,0,0,0,0,0,0,0,0,0,0,0,0,0,0,0,0,0,0,0,0,0,0,0,0,0,0,0,0,0,0,0,0,0,0,0,0,0,0,0,0,0,0,0,0,0,0,0,0,0,0,0,0,0,0,0,0,0,0,0,0,0,0,0,0,0,0,0,0,0,0,0,0,0,0,0,0,0,0,0,0,0,0,0,0,0,0,0,0,0,0,0,0,0,0,0,0,0,0,11719,0,0,0,0,0,0,0,0,0,0,0,0,0,0,0,0,0,0,0,0,0,0,0,0,0,0,0,0,0,0,0,0,0,0,0,0,0,0,0,0,0,0,0,0,0,0,0,0,0,0,0,0,0,0,0,0,0,0,0,0,0,0,0,0,0,0,0,0,0,0
"D465",0,0,0,85,0,0,0,0,0,0,0,0,0,0,0,0,0,0,0,0,0,0,0,15,0,0,0,0,0,0,0,0,0,0,0,0,0,0,0,0,0,0,0,0,0,0,6,0,2,0,0,2,0,0,0,0,0,0,0,0,9,0,0,0,0,0,0,0,0,0,0,0,0,0,0,0,0,0,0,0,0,0,0,0,0,0,0,0,0,0,0,0,0,0,0,0,0,0,0,2,0,0,42178,0,0,0,0,89,1,0,0,2,0,0,4,0,0,0,0,11,0,0,0,484,0,0,0,17,0,0,0,0,0,0,0,0,0,0,0,0,2,0,0,6,0,0,0,0,0,0,0,0,0,0,6,0,4138,0,0,0,0,0,0,0,0,0,0,0,0,0,0,2,0,2,0,0,0,0,0,0,0,0,0,7,0,0,0,0,0,0,2,0,0,0,0,0,1,2,0,0,0,0,0,0,0,0,0,0,0,0,0,0,0,0,0,0,4,0,0,0,0,0,0,0,0,0,0,0,0,0,0,0,0,0,231,7,0,5,0,0,0,0,0,0,0,0,0,0,0,0,0,0,0,0,0,0,0,0,0,0,3,0,0,0,0,0,0,0,3,0,0,0,0,0,0,0,0,0,0,0,0,0,0,0,9,0,0,0,0,0,0,0,0,0,0,0,0,0,8,0,0,0,0,0,0,5,0,0,0,0,18,0,0,0,0,3,0,0,0,0,0,0,0,0,0,0,0,0,0,0,0,0,0,0,0,0,0,16,0,0,2,0,0,0,0,0,0,0,0,0,0,3,0,0,0,0,0,0,0,0,0,709,14,0,0,0,4,3,0,0,2,0,0,0,0,0,0,0,0,0,0,0,0,0,0,0,0,0,0,0,0,0,0,2,0,0,0,0,0,0,0,0,10,0,0,0,0,0,0,0,0,5,0,0,0,0,0,0,0,0,2,0,0,0,0,0,22,0,0,0,0,0,0,0,0,0,3,0,0,0,0,0,0,0,0,0,0,0,0,0,0,0,0,0,0,0,0,0,0,0,0,0,2,13,7,23,0,0,0,0,0,0,0,0,23,0,0,0,0,0,0,0,0,0,0,2,0,0,0,0,0,0,0,0,0,0,5,0,0,0,0,0,0,2,0,0,0,0,0,0,0,0,0,0,0,0,0,0,0,0,0,9,0,0,0,0,0,0,0,0,0,0,0,2
"D466",0,0,2,0,0,0,0,0,0,0,0,7,0,24,81,0,94,351,0,0,1233,2,0,0,0,0,0,0,0,125,12,0,0,0,0,0,0,0,155,0,25,0,2,0,1198,0,0,0,0,0,0,1,0,0,0,0,166,5,0,137,0,0,95,67,0,2,0,0,0,0,0,0,0,0,0,0,77,0,0,0,0,0,0,0,19,11,13,0,0,0,236,4,0,0,0,0,0,0,0,0,0,0,0,0,0,0,0,0,0,0,0,12,0,0,0,167,0,0,0,0,0,0,0,0,0,67,0,0,0,10,0,0,0,0,0,0,0,0,5,0,0,0,0,0,0,71,0,122,3,0,0,26,0,0,0,0,0,0,5,0,0,0,0,0,0,0,0,0,0,0,0,0,0,0,0,22,0,0,4,0,0,0,0,0,0,0,0,0,0,0,0,0,2,0,0,0,0,0,0,0,6,0,2,0,0,0,1294,0,0,0,2,0,4,0,0,0,0,3,0,0,430,2,0,0,0,0,0,0,0,18,0,0,0,0,0,0,0,0,0,0,0,0,20,0,0,0,0,0,0,0,0,6,0,0,1645,0,0,0,0,0,0,0,0,0,0,25,21,0,0,0,0,46,0,0,0,392,0,0,0,1187,0,0,0,22,0,0,0,0,0,0,10,0,0,0,0,0,12,9,0,44,761,0,2,0,0,0,0,0,20,0,0,0,0,39,116,0,0,0,0,0,0,0,0,0,15,0,0,0,0,0,0,6,27,0,0,68,0,0,0,0,0,9,32,0,0,0,0,0,8,0,0,0,0,0,2,0,0,0,0,0,0,0,0,0,0,29,0,0,28,0,0,0,0,0,0,0,36,0,0,43,0,0,0,0,0,199,6,0,0,0,0,0,3,0,11,7,0,0,0,7,0,0,0,0,0,0,0,82,0,0,7,0,0,0,0,0,3,6,0,0,0,0,0,0,0,0,0,0,0,0,0,89,0,0,0,0,0,6,0,11,0,1390,0,0,0,0,66,1187,63,0,17,0,0,0,0,0,0,0,0,42,39,0,5,0,0,0,24,0,0,5,713,0,4,0,0,0,0,0,0,0,0,0,2,0,546,0,0,0,0,0,0,0,0,131,0,0,0,0,0,0,0,0,74,0,0,0,0,8,72,11,5,49,30,2,0,0,0,0,0,0,0,0,0,0,0,4,0,139,27,0,0,0,0,0
"D467",6,42,0,0,9,15,0,0,0,0,0,0,3,7,85,23,0,11,0,37,258,11,22,0,0,53,0,4,21,111,0,0,93,31,1,0,0,16,134,0,148,73,42,0,29,5,0,20,19,0,1,0,14,0,0,0,113,274,0,20,0,0,138,5,0,2,0,0,0,8,58,0,6,0,0,0,42,0,0,0,0,83,0,0,2,1,2,3,0,2,0,31,10,0,0,0,0,0,11,107,5,27,0,0,18,12,2,0,0,0,0,12,70,11,0,0,35,9,0,0,4,2,55,0,0,0,0,0,0,2,25,1,0,53,0,0,15,13,9,9,0,19,1,0,0,36,3,327,47,11,19,9,0,2,0,3,0,8,5,110,0,0,1,0,12,0,4,64,2,0,0,0,0,0,4,11,11,0,16,17,7,0,8,0,35,152,7,12,0,0,4,2,13,5,0,1,0,0,18,2,36,0,0,0,0,0,9220,0,0,60,7,2,0,0,0,0,0,6,2,3,916,42,0,0,0,0,0,4,0,24,13,2,0,6,0,0,3,0,50,43,0,62,17,0,3,2,7,0,0,30,0,60,24,1,428,0,0,25,7,4,0,2,36,2,0,59,45,0,2,28,0,79,24,58,55,124,50,0,0,39,24,0,0,24,0,16,25,14,0,0,4,0,17,4,18,0,0,0,56,23,141,195,0,0,0,0,151,0,67,0,0,30,0,73,107,0,0,5,0,0,3,0,39,1,1,2,30,0,2,0,0,0,536,0,25,45,88,0,0,2,2,307,9,22,2,58,0,0,5,0,10,0,0,0,0,0,0,7,0,0,0,0,0,50,1,5,0,0,12,7,0,2,5,0,0,0,19,2,0,28,0,0,21,15,0,130,6,0,0,0,41,0,30,0,128,200,0,0,63,4,2,0,4,0,0,5,3,12,30,0,114,0,25,0,0,2,8,0,2,2,20,58,0,0,0,0,0,77,0,52,12,0,2,0,0,144,2,0,0,6,0,70,0,0,0,0,1223,1160,10,0,3,10,22,22,44,25,0,25,9,45,17,0,167,0,0,19,20,64,220,16,182,55,1,71,0,22,21,0,4,0,25,15,46,18,62,0,27,2,0,13,0,0,83,17,0,78,0,0,5,9,12,9,64,0,2,13,0,8,114,2,0,79,14,0,0,0,0,21,2,0,45,0,0,0,0,1,24,432,42,0,0,8,0,2
"D468",0,0,0,0,0,0,0,348,9,0,0,9,0,4,0,0,225,0,0,0,0,3,0,0,0,0,0,31,0,221,0,0,0,16,49,0,4,277,0,0,0,307,0,0,0,0,0,22,46,0,0,0,56,0,0,0,0,20,0,0,0,0,0,0,0,54,0,5,0,110,0,173,0,1,0,0,202,6,0,0,5,0,0,10,0,8,4,30,0,16,0,0,0,5,0,0,0,0,0,0,1,9,0,0,2,0,0,0,0,0,0,7,0,0,0,3,0,0,0,0,0,6,67,0,0,0,0,0,0,0,0,0,0,15,0,0,0,0,0,0,0,18,20,0,0,98,3,7,0,0,0,0,0,0,0,7,0,0,5,0,23,11,0,0,15,0,2,3,34,0,44,0,0,0,11,0,0,0,8,17,0,9,488,0,13,0,77,35,0,0,0,0,26,0,0,0,0,0,0,0,0,0,0,3,2,0,0,0,158,0,18,9,0,10,63,0,0,1,0,0,0,0,0,0,0,0,15,0,0,0,0,47,0,20,0,0,4,0,0,0,0,0,15,0,0,0,0,0,73,17,0,86,0,0,13,0,0,0,23,0,0,0,0,0,47,0,0,0,3,16,0,10,0,0,0,0,0,0,0,0,173,0,8,0,0,109,0,0,0,0,19,0,0,6,0,0,258,152,0,0,0,71,4,45,0,0,0,0,0,0,0,0,0,13,49,0,0,0,7,0,0,0,464,0,51,0,0,4,0,0,0,14,348,3,0,0,1,0,0,0,0,0,0,249,2,0,327,0,0,0,0,0,4,0,2,0,0,123,0,0,0,0,0,0,5,0,0,9,0,75,0,0,0,0,0,0,0,0,2,0,4,11,0,0,0,2,0,0,0,0,0,3,0,0,4,79,0,0,0,0,0,0,0,0,0,13,21,0,0,0,0,0,0,0,0,6,0,389,3,0,25,0,0,35,2,0,0,1,0,9,27,3,3,0,7,111,0,0,0,6,0,0,0,0,0,7,2347,0,1,0,0,13,7,58,90,0,8,109,54,0,0,0,0,0,0,0,14,266,29,3,5,0,4,0,0,3,0,0,0,0,0,5,16,11,7,14,59,3,8,0,0,0,0,1,0,6,0,0,67,0,30,8,224,0,0,7,0,14,0,0,0,22,8,0,0,0,0,71,93,131,1,0,16,2,2,0,0,1070,0,0,0,0,0,0
"D469",0,0,0,244,0,0,0,0,0,0,0,0,0,0,0,0,0,0,8,0,0,0,0,81,10,0,9,0,0,0,31,2,0,0,0,0,0,0,0,0,0,0,0,141,0,0,63,0,18,0,0,0,0,0,0,1,10,0,0,0,230,0,0,8,0,0,0,0,26,0,4,0,0,0,15,0,8,0,0,2,0,0,0,0,0,0,0,0,0,0,2,0,0,0,0,0,440,0,4,0,0,0,2054,148,0,0,11,505,320,0,0,0,0,0,0,0,0,0,0,314,6,0,0,158,0,0,17,123,0,0,0,0,0,0,17,0,9,0,0,0,0,0,0,2949,0,0,0,0,0,2,2,0,0,0,59,0,902,0,0,0,0,0,0,0,0,31,0,0,0,0,0,0,0,85,0,0,0,0,0,0,0,0,0,59,0,0,0,0,0,0,2,0,0,5,0,0,336,26,0,0,0,0,0,0,22,0,28,0,0,0,0,0,0,0,0,0,95,0,2,0,0,0,0,54,0,19,0,0,0,0,0,0,0,0,4073,3,0,158,0,0,0,0,0,1,0,0,13,0,0,0,0,0,0,0,29,108,0,0,0,0,0,0,16,0,0,0,0,0,12,0,0,0,0,0,0,36,0,9,0,0,0,0,0,8,185,14,0,0,225,0,0,67,0,0,0,0,0,35,375,0,0,6,0,0,0,72,5,0,13,0,0,0,0,0,0,18,301,0,0,0,0,0,0,0,0,0,0,0,0,19,0,0,0,0,0,0,0,39,0,0,0,0,0,0,0,0,0,311,0,0,0,0,0,0,0,0,0,0,0,0,0,21,54,0,0,0,225,0,0,0,17,8,0,5,0,0,0,0,0,0,0,0,0,0,0,0,0,0,2,6,0,0,0,0,0,0,0,0,0,0,0,0,875,45,0,0,0,0,0,5,0,118,0,9,3,6,0,0,0,0,0,0,0,0,0,225,99,0,0,0,0,0,0,41,0,0,285,0,5,0,0,0,42,0,11,1,3,2,0,0,3,0,0,0,0,6,30,0,0,0,0,0,43,711,30,152,0,0,0,0,0,30,0,0,252,0,5,0,0,0,0,0,0,0,0,0,0,0,0,0,0,8,0,0,0,0,213,0,0,0,0,0,0,20,0,0,0,0,0,0,0,84,0,0,0,0,0,0,0,0,0,267,0,0,0,0,0,0,0,23,0,0,103,0
"D470",0,0,0,94,0,6,0,0,2,0,0,0,0,0,0,0,9,0,18,0,0,0,0,12,1,0,11,0,0,0,40,7,0,0,2,12,0,0,0,0,0,9,0,0,0,0,0,3,0,0,0,0,0,0,1,5,0,0,4,7,297,0,0,10,9,0,63,0,2,0,0,0,0,0,27,9,0,0,0,199,0,2,0,0,0,0,9,3,0,5,5,0,4,0,0,0,82,0,0,2,0,0,555,80,0,0,7,18,4,0,27,0,0,0,0,0,0,0,0,12,11,0,2,8,0,0,0,7,0,0,0,0,2,0,1,0,0,3,0,0,15,0,0,296,0,0,0,0,0,0,0,0,0,0,17,0,159,0,2,0,0,0,25,0,0,0,0,54,0,0,0,0,0,14,0,0,0,0,10,0,0,0,20,0,5,0,0,0,0,0,9,0,0,0,0,2,44,0,0,0,0,0,0,0,5,0,11,0,0,0,0,0,0,0,0,0,37,0,0,0,0,12,15,3,0,876,5,0,0,4,0,2,0,0,292,0,0,1028,0,5,0,3,0,4,0,0,6,25,0,0,82,0,0,0,17,3076,5,0,0,9,35,0,0,0,0,4,0,2,0,0,45,100,0,0,0,21,0,78,0,2,0,0,3,0,0,4,0,0,7,0,0,11,0,0,3,0,0,0,177,0,0,2,0,3,0,18,0,7,9,0,33,0,0,10,0,18,0,0,0,0,215,4,0,0,0,47,4,4,0,18,0,0,0,1,0,0,0,9,45,0,0,0,0,2,0,0,0,3,0,3,2,0,0,0,0,0,0,0,0,0,0,21,5,0,0,0,12,0,0,4,0,3,0,2,0,0,0,0,0,5,0,0,0,0,0,0,2,17,146,51,0,0,0,0,0,0,0,0,0,0,41,0,1536,0,4,0,0,0,0,0,0,17,0,287,15,0,0,0,0,0,3,0,0,0,0,37,5,0,135,0,0,47,0,23,12,0,8,0,0,3,0,0,0,0,9,43,6,0,0,0,0,0,0,0,0,2,0,0,0,0,0,0,3,204,0,0,0,17,0,0,3,0,0,0,9,0,0,0,1,0,0,0,0,0,12,0,0,3,0,0,0,9,0,0,0,0,7,0,0,0,8,0,9,77,17,0,0,0,0,0,0,240,0,0,0,0,0,0,0,0,0,4,0,0,0,0,4,4,0,1,0,0,14,1
"D471",0,0,0,0,0,0,0,0,0,0,0,0,0,0,0,0,0,0,0,0,0,0,0,0,0,0,0,0,0,0,0,0,0,0,0,0,0,0,0,0,0,0,0,0,0,0,0,0,0,0,0,0,0,0,0,0,0,0,0,0,0,0,0,0,0,0,0,0,0,0,0,0,0,0,0,0,0,0,0,0,0,0,0,0,0,0,0,0,0,0,0,0,0,0,0,0,0,20,0,0,0,0,0,0,0,0,0,0,0,0,0,0,0,0,0,0,0,0,0,0,0,0,0,0,0,0,0,0,0,0,0,0,0,0,0,0,0,0,0,0,0,0,0,0,0,0,0,0,0,0,0,0,0,0,0,0,0,0,0,0,0,0,0,0,0,0,0,0,0,0,0,0,0,0,0,82,0,0,0,0,0,0,0,0,0,0,0,0,0,0,0,0,0,0,0,0,0,0,0,0,0,0,0,0,54,0,0,0,0,0,0,0,0,0,0,0,0,0,0,0,0,0,0,0,0,0,0,0,0,0,0,0,0,0,0,0,0,2,0,0,0,0,0,0,0,0,0,0,0,0,0,0,0,0,0,0,0,0,0,0,0,0,0,0,0,0,0,0,0,0,0,0,0,0,0,0,0,0,0,0,0,0,0,0,0,0,0,0,0,2,0,0,0,0,0,0,0,0,0,0,0,0,0,0,0,0,0,0,0,0,0,0,0,0,0,0,0,0,0,0,0,0,0,0,0,0,0,0,0,0,0,0,0,0,0,0,0,0,0,0,0,0,0,0,0,0,0,0,0,0,0,0,0,0,0,0,0,0,0,0,0,0,0,0,0,0,0,0,0,0,0,0,0,0,0,0,4,0,0,0,0,0,0,22,0,0,0,0,0,0,0,0,0,0,0,0,0,0,0,0,0,0,0,0,0,0,0,0,0,0,0,0,0,0,0,0,0,0,0,0,0,0,0,0,0,0,0,0,0,0,0,0,0,0,0,0,0,0,0,0,0,0,0,0,0,0,0,0,0,720,0,0,0,0,0,0,0,0,0,0,0,0,0,2,0,0,0,0,0,0,0,0,0,0,0,0,0,0,0,0,0,0,0,0,0,0,0,0,0,0,0,0,0,0,0,0,0,6479,0,0,0,0,0,0,0,0,0,0,0,0,0,507,0,0,0,0,0,0,0,0,0,0,0,0,0,0,0,0,0,0,0,0,0,0
"D472",0,0,0,0,0,0,0,0,0,0,0,0,0,0,0,0,0,0,0,0,0,0,0,715,0,0,0,0,0,0,0,0,0,0,0,0,0,0,0,741,0,0,0,0,0,0,0,0,0,0,0,0,0,0,0,0,0,0,0,0,0,0,0,0,0,0,0,0,23,0,0,0,0,0,0,0,0,0,0,0,0,0,0,0,0,0,0,0,0,0,0,0,0,0,0,0,128,0,0,0,0,0,0,0,0,0,0,3231,0,0,0,0,0,0,0,0,0,0,0,0,0,0,0,0,0,0,0,113,0,0,0,0,0,0,0,0,0,0,0,0,0,0,0,0,0,0,0,0,0,0,0,0,0,0,0,0,0,0,0,0,0,0,0,0,0,0,0,0,0,0,0,0,0,0,0,0,0,0,0,0,0,0,0,75,0,0,0,0,0,0,0,0,0,0,0,0,674,229,0,0,0,0,0,0,0,0,0,0,0,0,0,0,0,0,0,0,0,0,0,0,0,0,0,0,0,0,0,0,0,0,0,0,0,0,1898,200,0,0,0,0,0,0,0,0,0,0,0,0,0,0,0,0,0,0,0,0,0,0,0,0,0,0,0,0,0,0,0,0,0,0,0,0,0,0,0,0,0,0,0,0,0,0,0,0,1173,0,0,0,0,0,0,0,0,0,0,0,0,0,0,0,0,0,0,0,0,0,0,0,0,0,0,0,0,0,0,0,328,0,0,0,0,0,0,0,0,0,0,0,0,0,0,0,0,0,0,0,0,0,0,0,0,0,0,0,0,0,0,0,0,0,0,0,0,0,0,0,0,0,0,0,0,0,4716,0,0,0,11,0,0,0,325,0,0,366,0,0,0,0,0,0,0,0,0,0,0,0,0,0,0,0,0,0,0,0,0,0,0,0,0,0,0,0,0,5,0,0,0,0,0,0,0,20,0,0,0,0,0,0,0,0,0,0,0,0,0,0,4769,0,0,0,0,0,0,0,0,0,0,0,0,0,0,0,271,0,186,0,0,0,0,0,0,0,0,0,0,0,0,0,0,0,0,0,0,0,0,23,0,0,0,0,0,0,0,0,0,0,0,0,0,0,0,0,0,0,0,0,0,0,0,0,0,0,0,0,0,0,776,0,0,0,0,0,0,0,0,0,0,0,0,0,0,0,0,0,0,0,0,0,0,0,0,0,0,0,0,0,0,0,0,0,0,0,0,0
"D473",0,0,0,0,0,0,0,0,0,0,0,0,0,0,0,0,0,0,0,0,0,0,0,0,0,0,0,0,0,0,4,569,0,0,0,0,0,0,0,0,0,0,0,0,470,0,0,0,0,0,0,0,0,0,0,0,0,0,0,4,0,0,0,0,0,0,0,0,0,0,0,0,0,30,0,14,0,0,1034,0,0,0,0,22,0,16,0,0,0,0,0,0,0,0,0,8,2,0,0,0,0,0,8,8,0,0,0,0,0,0,0,0,0,0,0,0,0,0,0,0,0,0,0,0,0,0,5,0,0,0,0,0,0,0,0,0,0,0,0,0,0,0,0,16,0,0,0,0,0,0,0,0,0,0,0,0,4,0,0,0,0,0,0,0,0,0,0,0,0,0,0,0,2450,0,0,0,0,16,0,0,0,0,0,0,0,0,0,0,0,0,0,0,0,0,0,0,0,0,0,0,0,0,0,0,0,0,0,0,0,0,0,0,0,0,0,0,0,0,0,0,0,0,0,0,0,0,0,0,0,0,0,0,0,0,0,0,0,0,0,0,0,0,0,0,0,0,0,0,0,0,0,0,0,0,0,0,3,0,0,0,0,0,0,18,0,0,0,0,0,0,0,0,0,0,0,0,0,0,0,0,0,0,0,0,0,0,0,0,0,0,0,0,0,0,0,0,0,0,0,0,0,0,0,0,0,0,0,0,0,0,0,0,0,0,0,0,0,8,0,0,0,29,0,0,0,0,0,0,0,0,0,0,0,0,0,0,0,0,0,0,545,0,0,0,0,0,0,0,0,0,0,437,1120,243,0,0,0,0,0,0,0,0,14,0,0,0,0,1603,12,0,0,0,0,0,0,0,0,0,0,0,0,0,0,0,0,0,13,0,0,0,0,0,0,0,0,0,0,2,0,0,0,0,197,0,0,0,0,6,0,0,0,0,0,0,0,0,0,0,0,0,0,0,0,7738,0,0,0,0,0,0,0,0,0,0,0,0,0,0,0,3419,685,0,0,0,0,0,0,0,0,0,0,0,0,0,0,0,0,0,0,0,0,12,0,0,0,0,0,0,0,0,0,0,0,0,0,0,0,0,0,0,0,0,0,0,0,0,0,0,0,0,1001,0,0,0,0,0,0,0,0,0,0,0,0,0,0,0,0,0,0,22,0,0,8,0,0,0,0,0,0,0,0,0,0,0,0,0,0,0,0,0,0,0,0,0
"D474",0,7,0,0,0,0,0,730,5,0,0,13,0,0,0,0,866,0,0,0,0,4,0,0,2,0,0,39,0,355,0,0,0,13,27,0,2,180,0,0,0,334,4,0,0,0,0,73,71,0,0,6,40,0,0,0,0,5,0,6,0,0,0,0,0,30,0,5,0,38,0,86,0,0,0,0,101,51,0,0,7,0,0,2,0,0,7,10,0,0,0,0,0,0,3,0,0,0,0,0,5,5,0,0,5,7,0,0,0,4,0,7,0,0,3,0,0,0,0,0,0,5,35,0,0,0,0,0,0,0,0,7,0,6,0,0,0,0,0,0,0,7,41,0,0,50,9,11,0,0,0,0,0,0,26,0,0,0,0,0,2,5,0,0,3,0,8,79,25,0,24,0,0,0,14,0,0,0,9,22,0,0,499,0,25,0,58,48,0,0,0,0,14,0,0,0,0,0,0,1,0,0,0,4,0,0,0,0,95,0,4,11,0,0,57,0,0,1,0,0,0,0,0,0,0,0,25,2,0,0,8,7,0,19,0,0,0,0,0,0,0,0,9,0,0,0,0,0,132,9,0,35,0,9,21,0,0,0,0,0,0,0,0,0,89,0,0,0,10,7,0,23,0,2,0,0,0,0,0,0,104,0,11,0,0,250,0,0,0,0,19,0,5,2,0,0,302,89,0,0,0,241,0,43,0,0,0,0,0,0,0,0,0,19,67,0,0,0,4,0,0,0,399,13,36,0,0,0,0,0,0,2,209,1,0,0,0,0,0,2,0,7,6,225,0,0,89,0,0,0,0,16,0,0,1,0,0,88,0,0,0,0,0,0,14,0,0,0,0,36,0,0,4,0,8,0,0,0,0,0,0,3,0,0,0,0,0,0,0,0,0,0,0,0,9,203,0,4,0,0,3,0,0,0,0,10,47,0,0,0,0,0,4,0,2,5,0,727,0,0,103,0,0,0,1,0,0,1,0,24,16,2,12,0,5,190,0,0,0,8,2,0,0,0,0,1,1606,0,0,0,0,4,4,18,135,0,3,167,66,0,0,0,0,0,0,0,24,118,23,1,0,1,10,7,0,12,0,0,0,0,0,20,54,3,3,2,25,0,2,0,0,0,0,3,0,20,0,0,135,0,32,6,180,0,0,6,0,37,0,0,0,18,0,0,0,0,0,49,348,54,1,0,5,0,0,0,0,658,0,0,3,0,0,0
"D475",0,0,0,0,0,0,0,0,0,0,0,0,0,0,0,0,0,0,0,0,0,0,0,0,0,0,0,0,0,0,0,0,0,0,0,0,0,0,0,0,0,0,0,0,0,0,0,0,0,0,0,0,0,0,0,0,0,0,0,0,0,0,0,0,0,0,2178,0,0,0,0,0,0,0,0,0,0,0,0,0,0,0,0,0,0,0,0,0,0,0,0,0,0,0,0,0,0,0,0,0,0,0,0,0,0,0,0,0,0,0,0,0,0,0,0,0,0,0,0,0,0,0,0,0,0,0,0,0,0,0,0,0,0,0,0,0,0,0,0,0,0,0,0,0,0,0,0,0,0,0,0,0,0,0,1236,0,0,0,0,0,0,0,11,0,0,2,0,0,0,0,0,0,0,0,0,0,0,0,0,0,0,0,0,0,0,0,0,0,0,0,0,0,0,0,0,0,0,0,0,0,0,0,0,0,0,0,0,0,0,0,0,0,0,0,0,0,0,0,0,0,0,0,0,0,0,0,0,0,0,0,0,0,22,0,0,0,0,0,0,0,0,0,0,0,0,0,0,0,0,0,0,0,0,0,0,0,0,0,0,0,0,0,0,0,0,0,0,0,0,0,0,0,0,0,0,0,0,0,0,0,0,0,0,0,0,0,0,0,0,0,0,0,0,0,0,0,0,0,0,0,0,0,0,0,0,0,0,0,0,0,103,0,0,0,0,0,0,0,0,0,0,0,0,0,0,0,0,0,0,0,0,0,0,0,0,0,0,0,0,0,0,0,0,0,0,0,0,0,0,0,0,0,0,0,0,0,0,0,0,0,0,0,0,0,0,0,0,0,0,0,0,0,0,0,0,0,0,0,0,0,0,0,0,0,0,0,0,0,0,0,0,0,0,0,0,0,0,0,0,0,0,0,44,0,0,0,0,0,0,4,0,0,0,0,0,0,0,0,0,0,0,0,0,0,0,0,0,0,0,0,0,0,0,0,0,0,0,0,0,0,0,0,0,0,0,0,0,0,0,0,0,0,0,0,0,0,0,0,0,0,0,0,0,883,0,0,0,0,0,0,0,0,0,0,0,0,0,0,0,0,0,0,0,0,0,0,0,0,0,0,0,0,0,0,0,0,0,0,0,0,0,0,0,0,0,0,0,0,0,0,0,526,0,0,0,0,0,0,0,0,0,0,0,0,0,0,0,0,0,0,0,0,0,0
"D476",0,0,0,0,0,0,0,14,4,0,0,0,0,0,0,0,0,0,0,0,0,0,0,0,0,0,0,0,0,164,0,0,0,0,0,0,0,0,0,0,0,2,0,0,0,0,0,68,0,0,0,0,0,0,0,0,0,0,0,18,2,0,0,0,0,0,0,0,0,6,0,0,0,259,0,0,0,0,699,0,0,0,0,73,0,0,9,0,2795,0,0,0,0,0,26,81,9,0,0,0,1,0,83,135,0,0,0,4,0,0,0,2,0,0,1137,0,0,0,0,3,0,0,0,0,341,0,0,0,0,0,0,0,0,0,51,0,0,0,0,0,0,0,0,0,0,5,0,0,0,0,0,0,0,0,0,0,74,0,0,0,496,0,0,0,0,0,0,0,0,0,0,0,106,0,0,0,2,0,0,0,0,569,2,0,0,0,0,0,0,0,0,0,0,0,0,0,1,0,0,0,0,0,0,4,0,0,0,0,12,0,0,0,0,2500,38,23,0,0,0,0,0,0,2,0,0,0,0,0,69,0,0,0,0,0,36,0,0,3,0,3,0,0,0,0,0,0,0,0,3,0,0,0,0,0,0,0,41,0,0,0,4,3,0,0,0,0,0,0,0,0,0,0,0,0,0,0,0,0,0,0,0,0,0,0,0,0,0,0,0,0,0,0,0,0,0,0,0,0,0,0,0,0,242,0,18,54,0,0,0,11,2,0,151,0,0,0,0,0,0,38,0,0,0,0,0,0,0,125,0,0,0,0,0,0,0,0,0,0,0,0,0,0,0,0,0,0,0,0,0,1,0,1193,0,0,0,25,0,0,0,0,111,0,0,0,0,0,0,0,0,33,0,0,0,0,0,35,0,0,0,0,138,39,0,0,0,0,0,0,0,3,0,0,0,166,0,4,0,2,0,0,0,0,0,3,45,0,0,0,0,0,0,0,0,0,0,0,0,0,0,0,22,0,10,31,35,0,0,0,0,0,0,0,0,0,0,2,0,0,0,2,12,0,0,72,0,0,0,0,0,0,0,0,0,0,0,0,5464,0,0,0,0,0,0,0,0,40,0,0,0,0,0,0,9,0,0,0,0,0,0,655,0,0,0,0,0,250,0,0,0,0,0,0,0,0,0,0,2,0,3,0,9,0,0,0,0,0,0,0,0,0,0,0,0,0,0,0,0,0,0,26,0,0,823,66,61,0,0,1,0,0,4,0,0,0
"D477",0,0,0,86,0,0,0,0,0,0,0,0,0,0,0,0,0,0,6,0,0,0,0,475,0,0,0,0,0,0,2,0,0,0,0,0,0,0,0,0,0,0,0,8,0,0,3,0,0,0,2,0,0,0,0,0,0,0,0,0,12,0,0,0,0,0,0,0,78,0,0,0,0,0,0,0,0,0,0,0,0,0,0,0,0,0,0,0,0,0,0,0,0,0,0,0,434,0,0,0,0,0,4972,35,0,0,0,639,392,0,0,0,0,0,0,0,0,0,0,334,0,0,0,0,0,0,3,343,0,0,0,0,0,0,0,0,0,0,0,0,0,0,0,0,0,0,0,0,0,0,0,0,45,0,0,0,0,0,0,0,0,0,0,0,0,0,0,3,0,0,0,0,0,0,0,0,0,0,0,0,0,0,0,25,0,0,0,0,0,0,0,0,0,0,2,0,0,1051,0,0,0,0,0,0,0,0,0,0,0,0,0,0,0,0,0,0,5,0,0,0,0,0,0,0,0,0,0,0,0,0,0,0,0,0,7141,42,0,2,0,0,0,0,0,0,0,0,0,0,0,0,0,0,0,0,0,0,2,0,0,0,0,0,0,0,0,0,0,0,0,0,0,0,0,0,0,0,0,3,0,0,0,0,0,0,74,0,0,0,18,0,0,0,0,0,0,2,0,0,0,0,0,0,0,2,0,3,0,0,0,2,22,0,0,0,0,0,185,0,0,0,0,0,0,0,0,0,0,0,0,0,0,0,0,0,0,0,0,0,0,0,0,0,0,0,0,0,0,128,0,0,0,0,0,0,0,0,0,0,0,0,0,438,684,0,0,0,299,0,0,0,4,0,0,38,0,0,0,0,0,0,0,0,0,0,0,0,0,0,0,0,0,0,0,0,0,0,0,0,0,0,0,0,0,0,0,0,0,0,0,2,0,146,0,0,0,0,0,0,0,0,0,0,0,0,0,0,1024,0,0,0,0,0,0,0,0,0,0,0,0,0,0,0,2,0,236,0,0,0,0,0,0,0,0,0,0,0,0,0,0,0,0,0,0,8,3,2,0,0,0,0,0,0,0,0,1349,0,0,0,0,0,0,0,0,0,0,0,0,0,0,0,0,0,0,0,0,0,255,0,0,0,0,0,0,0,0,0,0,0,0,0,0,0,0,0,0,0,0,0,0,0,0,131,0,0,0,0,0,0,0,0,0,0,1,0
"D478",0,0,0,0,0,0,0,0,9,0,0,0,2,0,0,0,0,0,19,0,0,0,0,0,0,0,0,0,0,0,2,0,0,0,0,17,0,0,0,0,0,216,0,0,0,0,0,0,0,0,234,0,0,0,0,0,0,0,0,20,0,0,0,0,0,0,0,0,0,0,0,0,23,342,0,0,0,0,370,0,0,0,0,126,0,0,0,0,576,232,0,0,0,0,12,689,0,0,0,0,0,0,2,0,0,0,0,0,0,0,0,0,0,0,205,0,0,0,10,0,0,0,0,0,57,23,0,0,0,0,0,0,0,0,0,0,0,0,0,0,0,0,0,6,0,0,0,0,0,0,0,0,0,0,0,0,0,0,0,0,2,212,15,0,0,43,0,0,0,0,0,0,69,0,0,0,0,46,0,0,0,5882,0,0,0,0,0,0,0,0,0,0,0,0,0,0,0,0,0,0,0,0,0,0,0,10,0,0,0,0,0,0,0,0,0,0,6,0,0,0,0,0,0,0,0,0,0,0,27,0,0,43,0,0,0,0,0,0,0,0,0,0,0,0,0,0,0,0,0,0,0,0,0,0,0,0,0,0,0,0,36,0,45,89,0,0,23,0,0,0,0,1,0,0,0,0,0,0,0,0,0,0,0,0,0,0,0,0,0,0,0,0,0,0,0,0,0,0,0,0,0,0,0,0,44,0,0,0,0,0,0,0,0,0,18,0,0,0,0,0,0,0,0,0,0,0,0,0,0,0,0,919,0,0,0,0,0,4,0,0,119,0,0,0,0,0,0,0,0,0,0,0,6,3,0,0,0,0,0,0,0,0,0,0,0,0,0,8720,0,6,0,5,0,0,0,0,0,0,0,0,0,108,0,0,0,0,0,0,0,4,0,0,0,62,0,0,0,0,0,0,0,9,0,0,60,3,0,0,0,0,0,2,0,0,0,0,0,0,0,0,0,0,40,3372,490,0,0,0,0,0,0,0,0,0,0,0,0,0,0,60,3,0,0,15,0,0,0,0,0,0,0,0,0,0,0,0,3,0,0,0,0,0,0,0,0,0,0,0,0,0,0,0,0,0,0,0,0,0,0,8,0,0,0,0,17,12,0,0,0,0,14,0,0,0,0,0,0,0,0,0,0,0,7,0,7,0,0,0,0,0,0,0,0,0,0,0,0,0,0,0,0,0,1,0,0,0,0,0,48,0,0,0,0,0
"D479",0,0,0,0,0,0,0,0,0,0,0,0,0,0,0,0,0,0,0,0,0,0,0,0,5,0,0,0,0,0,2,0,0,0,0,0,0,0,0,0,0,0,0,4,0,0,0,3,0,0,0,0,0,0,0,0,0,0,0,0,0,0,0,0,1145,0,0,0,0,0,0,0,0,0,0,0,0,0,0,0,0,0,0,0,0,0,0,0,0,0,0,0,0,0,0,0,0,0,6,0,0,0,0,0,0,0,0,0,0,0,0,0,0,0,0,0,0,0,0,0,0,0,0,0,0,0,0,0,0,0,0,0,0,0,0,0,0,0,0,0,0,0,0,0,0,0,0,0,0,0,0,0,0,0,0,0,0,0,0,0,0,0,0,0,0,0,0,0,0,0,0,0,0,0,0,0,0,0,0,0,0,0,0,0,0,0,0,0,0,0,0,0,0,0,0,0,0,0,0,0,0,0,0,0,4,0,0,0,0,0,0,0,0,0,0,0,0,0,0,0,0,0,0,0,0,1,0,0,0,0,0,0,4,0,0,0,0,0,0,0,0,0,0,0,0,0,0,0,0,0,0,0,0,0,0,0,0,0,0,0,0,0,0,0,0,0,0,0,0,0,0,9,0,0,0,0,0,0,0,0,0,0,0,0,0,0,0,0,0,0,0,0,0,0,0,0,0,0,22,0,0,0,0,0,0,0,0,0,0,0,331,0,0,0,0,0,0,0,0,0,0,0,0,0,0,0,0,0,0,0,0,0,0,0,0,0,0,0,2,0,0,0,0,0,0,0,0,0,0,0,0,0,0,0,0,0,0,0,0,0,0,0,0,0,0,0,0,0,0,0,0,0,0,0,0,0,0,0,0,0,0,0,0,0,0,0,0,0,0,0,0,0,0,0,0,0,0,0,0,0,0,0,48,0,0,0,0,0,0,0,0,0,0,0,0,0,0,0,3,0,0,0,0,0,0,0,0,0,0,0,0,0,0,0,0,0,0,0,0,0,0,0,0,0,0,0,0,0,0,72,0,0,0,0,0,0,0,0,0,0,0,0,0,24,0,0,0,0,0,0,0,0,0,0,0,0,0,0,0,0,0,0,0,0,0,0,0,0,0,0,0,12,0,0,0,0,0,2031,0,0,0,0,0,0,17,0,0,0,0,0,0,0,0,0,0,0,0,0,0,0,0,0,0,0,0,0,0,0,0,0,0,0,0,0
"D480",0,0,0,0,0,0,8,0,0,0,0,0,0,0,0,0,0,0,0,0,0,0,0,0,0,0,0,0,0,0,17028,0,2,0,0,0,0,0,0,87,0,0,0,0,0,0,0,0,0,0,0,0,0,0,0,1137,0,0,0,0,0,0,0,0,0,0,24,0,0,0,0,0,0,0,0,23,0,0,0,0,0,0,0,0,0,0,0,0,0,0,0,0,0,0,0,0,0,0,0,0,0,0,0,0,0,0,0,0,0,0,0,0,0,0,0,0,0,0,0,0,0,0,0,11,0,0,0,0,0,0,0,0,0,0,0,2677,0,0,0,0,0,0,0,0,0,0,0,0,0,3,0,0,0,0,0,0,0,0,0,0,0,0,13,0,0,12228,0,1,0,0,0,0,0,0,0,0,0,0,0,0,0,0,0,0,0,0,0,0,0,0,0,0,0,0,0,0,0,0,0,0,0,0,0,0,3,0,0,0,0,0,0,0,0,0,0,0,0,0,0,0,0,0,0,0,0,0,0,0,0,0,0,0,0,0,13,0,0,0,0,0,0,0,0,0,0,0,0,4,0,0,0,0,0,0,13,0,0,0,0,0,0,0,0,0,0,0,0,0,0,0,0,0,0,0,0,0,0,18,0,0,0,0,0,0,0,0,0,0,0,0,0,0,0,0,249,0,0,0,113,0,0,0,0,0,0,18755,0,0,0,0,0,0,0,0,0,0,0,0,0,0,0,0,0,0,0,0,0,0,22,0,0,0,0,0,0,0,0,0,0,0,0,0,0,0,0,0,0,0,0,0,0,0,0,0,0,0,0,0,0,0,0,0,0,0,0,0,0,0,0,0,0,0,0,0,0,0,0,0,0,0,0,0,0,0,0,0,0,0,0,0,0,0,0,0,0,0,0,0,0,0,0,4,0,0,0,0,0,0,0,0,0,0,0,0,0,0,0,0,0,0,0,0,0,0,0,0,0,0,0,0,0,0,0,0,0,0,0,0,0,0,0,0,0,0,48,0,0,0,0,0,0,0,0,0,0,0,0,0,0,0,0,0,0,41,0,0,0,0,0,0,0,0,0,0,0,0,0,0,0,0,0,0,0,0,0,0,0,0,0,0,0,0,0,0,0,0,0,0,0,0,0,0,0,0,0,0,0,0,0,0,0,36,0,0,0,0,0,0,0,0,0,0,0,0,0,0,0,0,0,0,0,0,0,0
"D481",0,0,0,0,0,0,0,0,0,0,0,0,0,0,0,0,0,0,0,0,0,0,0,0,0,0,0,0,0,0,0,0,0,0,0,0,0,0,0,0,0,0,0,0,0,0,0,0,0,0,0,0,0,0,0,0,0,0,0,0,0,0,0,0,0,0,0,0,0,0,0,0,0,0,0,0,0,0,0,0,0,0,0,0,0,0,0,0,0,0,0,0,0,0,0,0,0,0,0,0,0,0,2,0,0,0,0,0,0,0,0,0,0,0,0,0,0,0,0,0,0,0,0,0,0,0,0,0,0,0,0,0,0,0,0,0,0,0,0,0,0,0,0,0,0,0,0,0,0,0,0,0,0,0,0,0,0,0,0,0,0,0,0,0,0,0,0,0,0,0,0,0,0,0,0,0,0,0,0,0,0,0,0,0,0,0,0,0,0,0,0,0,0,0,0,0,0,0,0,0,0,0,0,0,0,0,0,0,0,0,0,0,0,0,0,0,0,0,0,0,0,0,0,0,0,0,0,0,0,0,0,0,0,0,0,0,0,0,0,0,0,0,0,0,0,0,0,0,0,0,0,0,0,0,0,0,0,0,0,0,0,0,0,0,0,0,0,0,0,0,0,3,0,0,0,0,0,0,0,0,0,0,0,0,0,0,0,0,0,0,0,0,0,0,0,0,0,0,0,0,0,0,0,0,0,0,0,0,0,0,0,0,0,0,0,3,0,0,0,0,0,0,0,0,0,0,0,0,0,0,0,0,0,0,0,0,0,0,0,0,0,0,0,0,0,0,0,0,0,0,0,0,0,0,0,0,0,0,0,0,0,0,0,0,0,0,0,0,0,0,0,0,0,0,0,0,0,0,0,0,0,0,0,0,0,0,0,15,0,0,0,0,0,0,0,0,0,0,0,0,0,0,0,0,0,0,0,0,0,0,0,0,0,0,0,0,0,0,0,0,0,0,0,0,0,0,0,0,0,0,0,0,0,0,0,0,0,0,0,0,0,0,0,0,0,0,0,0,0,0,0,0,0,0,0,0,0,0,0,0,0,0,0,0,0,0,0,0,0,0,0,0,0,0,0,0,0,0,0,0,0,0,0,0,0,0,0,0,0,0,0,0,0,0,0,0,0,0,0,0,0,0,0,0,0,0,0,0,0,0,0,0,0,0,0,0,0,0,0,0,0,0,0,0,0,0,0,0,0,0,0,0,0,0
"D482",0,0,0,0,0,0,0,0,0,0,8,0,0,18,0,0,0,22,0,0,0,0,0,0,0,0,0,0,0,4,0,0,0,0,0,0,0,0,0,0,0,0,0,0,69,0,0,0,0,0,0,0,0,0,0,0,0,0,0,0,0,0,201,0,0,0,0,0,0,0,0,0,0,5,0,0,0,0,260,0,0,0,0,105,0,41,0,0,0,0,0,0,0,0,0,2,0,0,0,0,0,0,0,0,0,0,0,0,0,0,0,0,0,0,331,43,0,0,0,0,0,0,0,0,0,0,0,0,3,0,0,0,0,0,0,0,0,0,4,0,0,0,0,0,4,0,0,0,0,0,0,0,0,0,0,0,0,0,0,0,0,0,0,0,0,0,0,0,0,0,0,49,0,0,0,0,0,536,0,0,0,0,0,0,0,0,0,0,0,0,0,0,0,0,0,0,0,0,0,0,0,0,0,3,0,0,0,0,0,0,0,0,0,0,0,0,0,0,0,0,0,0,0,0,0,2,0,0,0,0,0,0,0,0,2,0,0,0,0,0,0,42,0,0,0,0,0,0,0,0,0,0,0,0,0,0,0,0,0,0,0,0,0,129,0,0,0,0,0,0,0,0,0,0,0,1,0,0,16,0,0,0,0,0,0,0,0,0,0,0,0,0,0,0,0,0,0,0,0,0,0,0,0,0,0,0,0,0,0,0,0,0,0,0,3,0,0,0,0,0,0,10,0,0,0,0,0,0,0,0,0,0,0,0,0,0,0,0,0,0,69,0,0,0,0,0,0,0,0,0,0,0,0,1003,0,0,0,0,0,0,0,0,0,0,0,0,0,1537,0,0,0,0,0,0,0,0,0,0,0,28,0,0,0,0,0,0,0,0,0,3,0,0,0,0,0,0,0,23,0,0,0,0,0,0,0,0,0,0,0,0,0,0,0,0,0,0,0,0,0,0,0,0,0,37,0,0,0,0,2,0,0,0,31,0,0,0,0,0,0,48,1,0,0,0,0,0,0,0,0,0,0,0,0,0,0,0,0,0,0,0,0,0,0,0,0,0,0,0,0,0,0,0,0,0,0,0,0,0,0,0,0,0,0,0,11,0,0,0,0,0,0,0,0,0,0,0,0,0,0,0,0,0,0,0,2,0,2247,0,0,0,0,0,74,0,0,0,0,0,0,0,0,0,0,0,0,21,39,0,4,0,0,0,0,0
"D483",0,0,0,0,0,0,4,0,311,0,0,0,0,5,0,0,0,0,7,0,0,0,0,0,0,0,0,0,0,0,0,1539,0,0,0,0,0,0,0,0,0,16,0,197,0,0,0,0,2,8,4,0,0,0,0,0,0,0,0,1,0,40,0,0,0,0,0,17,0,0,0,0,10,641,0,0,0,0,396,3,0,0,0,23,0,70,1,0,0,8,0,0,0,0,970,140,0,0,0,0,0,0,0,0,0,0,0,0,0,0,0,0,0,131,1901,0,0,0,0,0,0,0,0,0,881,2,1,0,0,0,0,0,3,0,1,0,0,0,0,0,0,0,0,8,3,0,0,0,0,0,0,0,0,0,0,0,0,0,0,0,687,3,0,0,0,22,0,0,0,0,0,0,395,0,0,0,0,0,0,0,0,21,0,0,0,0,0,0,0,0,0,0,0,0,0,0,0,0,0,0,0,0,0,0,0,0,0,0,0,0,0,0,0,48,2,5,0,2,0,0,0,0,0,0,0,0,0,0,0,0,0,0,0,0,0,0,0,0,0,0,0,0,0,0,0,0,0,0,4,0,0,0,0,0,1,0,6,0,0,0,3,5,6,0,0,0,4,19,0,0,0,2,0,0,0,3,0,0,0,0,0,0,0,0,0,0,0,0,0,0,0,0,0,0,0,0,0,0,0,0,0,0,928,0,7,11,0,0,0,8,0,0,30,0,0,0,0,0,21,91,0,0,0,0,0,0,0,159,0,0,0,0,0,0,0,0,0,0,0,47,0,0,0,0,17,0,0,0,0,2,0,654,0,0,0,0,2,0,0,0,0,0,0,0,0,0,0,1146,0,0,0,0,0,0,0,0,0,0,0,0,4,2268,0,0,98,0,30,0,0,0,0,0,0,156,0,10,0,24,0,0,0,0,0,0,44,0,0,0,0,0,0,0,0,0,0,0,0,0,0,0,524,0,1865,1141,35,0,0,0,0,0,0,2,0,0,0,0,0,0,0,0,4,0,0,185,0,0,2,0,0,0,0,0,0,0,0,0,88,0,0,0,0,3,0,0,0,0,0,0,1,0,0,0,0,0,0,0,0,0,0,794,0,0,0,0,0,2870,0,0,0,0,1166,0,0,0,0,0,0,0,0,0,0,0,0,0,2,0,0,0,0,0,0,0,0,0,0,0,0,0,0,0,0,0,4943,192,0,0,0,0,0,0,31,0,0,0
"D484",0,0,0,0,0,0,0,0,0,0,0,0,0,0,0,0,0,0,0,0,0,0,0,0,0,0,0,0,0,0,0,0,0,0,0,0,0,0,0,0,0,0,0,0,0,0,0,0,0,0,0,0,0,0,0,0,0,0,0,0,0,0,0,4,0,0,0,0,0,0,0,0,0,0,0,0,0,0,0,0,0,0,0,0,0,0,0,0,0,0,0,0,0,0,0,0,0,0,0,0,0,0,0,0,0,0,0,0,0,0,0,0,0,0,0,0,0,0,0,0,0,0,0,0,0,0,0,0,0,0,0,0,0,0,3,0,0,0,0,0,0,0,0,0,0,0,0,0,0,0,0,0,0,0,0,0,0,0,0,0,0,0,2,0,0,0,0,0,0,0,0,0,0,0,0,0,0,0,0,0,0,0,0,0,0,0,0,0,0,0,0,0,0,0,0,0,0,0,0,0,0,0,0,0,3,0,0,0,0,1,0,0,0,0,0,0,0,0,0,0,0,0,0,0,0,0,0,0,0,0,0,0,0,0,0,0,0,0,0,0,0,0,0,0,0,0,0,0,0,0,0,0,0,0,0,0,2,0,0,0,0,0,0,0,0,0,0,0,0,0,0,7,0,0,0,0,0,0,0,0,0,0,0,0,0,0,0,0,0,0,0,0,0,0,0,0,0,0,0,0,0,0,0,5,0,0,0,0,0,0,0,0,0,0,0,0,0,0,0,0,0,0,0,0,0,0,0,0,0,0,0,0,0,0,0,0,0,0,2,0,0,0,0,0,0,0,0,0,0,0,0,0,0,0,0,0,0,0,0,0,0,0,0,0,0,0,0,0,0,0,0,0,0,0,0,0,0,0,0,0,0,0,0,0,0,0,0,0,0,0,0,0,0,0,0,0,0,0,0,0,0,0,0,0,2,0,0,0,0,0,0,0,0,0,0,0,0,0,0,0,0,0,0,0,0,0,0,0,0,0,0,0,0,0,7,0,0,0,0,0,0,0,0,0,0,0,0,0,0,0,0,0,0,0,0,0,0,0,0,0,0,0,0,0,0,0,0,0,0,0,0,0,0,0,0,0,0,0,0,0,0,0,0,0,0,0,0,0,0,0,0,0,0,0,0,0,0,0,0,0,0,0,0,0,0,0,0,0,0,0,0,0,0,0,0,0,0,0,0,0,0,0,0,0,0,0,0,0,0,0,0,0,0,0
"D485",0,0,0,0,0,0,0,0,0,0,0,0,0,0,0,0,0,0,0,0,0,0,0,0,0,0,0,0,0,0,0,0,0,0,0,0,0,0,0,0,0,0,0,0,0,0,0,0,0,0,0,0,0,0,0,0,9,0,0,0,0,0,0,0,0,0,0,0,0,0,0,0,0,0,0,0,0,0,0,0,0,0,0,0,0,0,0,0,0,0,0,0,0,0,0,0,0,0,0,0,0,0,0,0,0,0,0,0,0,0,0,0,0,0,0,0,0,0,0,0,0,0,0,0,0,0,0,0,0,0,0,0,0,0,0,0,0,0,0,0,0,0,0,0,0,0,0,0,0,0,0,0,0,0,0,0,0,0,0,0,0,0,0,0,0,0,0,0,0,0,0,0,0,0,0,0,0,0,0,0,0,0,0,0,0,0,0,0,0,0,0,0,0,0,0,0,0,0,0,0,0,0,0,0,0,0,0,0,0,0,0,0,0,0,0,0,0,0,0,0,0,0,0,0,0,0,0,0,0,0,0,0,0,0,0,0,0,0,0,0,0,0,0,0,0,0,0,0,0,0,0,0,0,0,0,0,0,0,0,0,0,0,0,0,0,0,0,0,0,0,0,0,0,0,0,2,0,0,0,0,0,0,0,0,0,0,0,0,0,0,0,0,0,0,0,3478,0,0,0,0,0,0,0,1,0,0,0,0,0,0,0,0,0,0,0,0,0,0,0,0,0,0,0,0,0,0,0,0,0,0,0,0,0,0,0,0,0,0,0,0,0,0,0,0,0,0,0,0,0,0,0,0,0,0,0,0,0,0,0,0,0,0,0,0,0,0,0,0,0,0,0,0,0,0,0,0,0,0,0,0,0,0,0,0,0,0,0,0,0,0,0,0,0,0,0,0,0,0,0,0,0,0,0,0,0,0,0,0,0,0,0,0,0,0,0,0,0,0,0,0,0,0,0,0,0,0,0,0,0,0,0,0,0,0,0,0,0,0,0,0,0,0,0,0,0,0,0,0,0,0,0,0,0,0,0,0,0,0,0,0,0,0,0,0,0,0,0,0,0,0,0,0,0,0,0,0,0,0,0,0,0,0,0,0,0,0,0,0,0,0,0,0,0,0,0,0,0,0,0,0,0,0,0,0,0,0,0,0,0,0,0,0,0,0,0,0,0,0,0,0,0,0,0,0,0,0,0,0,0,0,0,0,0,0
"D486",0,0,0,0,0,0,0,0,0,0,2,0,0,0,0,0,0,0,0,0,0,0,0,0,0,0,0,0,0,0,0,53,0,0,0,3,0,0,0,0,0,0,0,0,2,0,0,0,0,0,0,0,0,0,0,0,0,0,0,2,0,0,89,0,0,0,0,0,0,0,0,0,0,19,0,0,0,0,131,0,0,0,8,167,0,2,0,0,0,0,0,0,0,0,0,8,0,0,0,0,0,0,0,0,0,0,0,0,0,0,0,0,0,0,127,0,0,0,0,0,0,0,0,0,0,0,0,0,60,0,0,0,0,0,0,0,0,0,0,0,0,0,0,0,4,0,0,0,0,0,0,0,0,0,0,0,0,0,0,0,0,0,0,0,0,0,0,0,0,0,0,0,142,0,0,0,0,978,0,0,0,0,0,0,0,0,0,0,0,0,0,0,0,0,0,0,0,0,0,3,0,0,0,0,0,4465,0,0,0,0,0,0,0,0,0,0,0,0,0,0,0,0,0,0,0,0,0,0,0,0,0,0,0,0,0,0,0,0,0,0,0,0,0,0,0,0,0,0,0,0,0,0,0,0,0,0,0,0,0,0,0,0,4,59,0,0,15,0,0,0,0,0,0,0,0,0,0,0,0,0,0,0,0,0,0,0,0,0,0,0,0,0,0,0,0,0,0,0,0,0,0,0,0,0,7,0,0,0,0,0,0,0,0,0,0,0,0,0,0,0,0,22,0,0,0,0,0,0,0,0,0,0,0,0,0,0,0,0,0,0,24,0,0,0,0,0,0,0,0,0,0,11,51,0,0,0,0,0,0,0,0,0,0,0,0,0,0,2058,0,0,0,0,0,0,0,0,0,0,0,9,0,0,0,0,0,0,0,0,0,0,0,0,0,0,0,0,0,0,0,0,0,0,1,0,0,0,0,0,0,0,0,0,0,0,0,0,0,0,0,0,0,0,0,171,0,0,0,0,0,0,0,0,7,0,0,0,0,0,0,3,0,0,0,0,0,0,0,0,0,0,0,0,0,0,0,0,0,0,0,0,0,0,0,0,0,0,0,0,0,0,0,0,0,0,0,0,0,0,0,0,0,0,0,0,0,0,0,0,0,0,28,0,0,0,0,0,0,0,0,0,0,0,0,0,0,0,0,0,0,2,0,0,3,0,0,0,8,0,0,0,6,0,0,0,0,0,17,0,0,0,0,0,0,0
"D487",0,0,0,0,0,0,0,0,0,0,0,0,0,0,0,0,0,0,0,0,0,0,0,0,0,0,0,0,0,0,0,0,0,0,0,0,0,0,0,0,0,0,0,0,0,0,0,0,3,0,0,0,0,0,0,0,0,0,0,0,0,0,0,0,0,0,0,0,0,0,0,0,0,0,0,0,0,0,0,0,0,0,0,0,0,0,0,0,0,0,0,0,0,0,0,0,0,0,0,0,0,0,0,0,0,0,0,0,0,0,0,0,0,0,0,0,0,0,0,0,0,0,0,0,0,0,0,0,0,0,0,0,0,0,0,3,0,0,0,0,0,0,0,0,0,0,0,0,0,0,0,0,0,0,0,0,0,0,0,0,0,0,0,0,0,0,0,0,0,0,0,0,0,0,0,0,0,0,0,0,0,0,0,0,0,0,0,0,0,0,0,0,0,0,0,0,0,0,0,0,0,0,0,0,0,0,0,0,0,0,0,0,0,0,0,0,0,0,0,0,0,0,0,0,0,0,0,0,0,0,0,0,0,0,0,0,0,0,0,0,0,0,0,0,0,0,2,0,0,0,0,0,0,0,0,0,0,0,0,0,0,0,0,0,0,0,0,0,0,0,0,0,0,0,0,0,0,0,0,0,0,0,0,0,0,0,0,0,0,2,0,0,0,0,0,4,0,0,0,0,0,0,0,0,0,0,0,0,0,0,0,0,0,0,0,0,0,0,0,0,0,0,0,0,0,0,0,0,0,0,0,0,0,0,0,0,0,8,0,0,0,0,0,0,0,0,0,0,0,0,0,0,0,0,0,0,0,0,0,0,0,0,0,0,0,0,0,0,0,0,0,0,0,0,0,0,0,0,0,0,0,0,0,0,0,0,0,0,0,0,0,0,0,0,0,0,0,0,0,0,0,0,0,0,0,0,0,0,0,0,0,0,0,0,0,0,0,0,0,0,0,0,0,0,0,100,0,0,0,0,0,0,0,0,0,0,0,0,0,0,0,0,0,0,0,0,0,0,0,0,0,0,0,0,0,0,0,0,0,0,0,0,0,0,0,3,0,0,0,0,0,0,0,0,0,0,0,0,0,0,0,0,0,0,0,0,0,0,0,0,0,0,0,0,0,0,0,0,0,0,0,0,0,0,0,0,0,0,0,0,0,2,0,0,0,0,0,0,0,0,0,0,0,0,0,0,0,0,0,0,0,0,0,0
"D488",3,6,7,0,2,12,0,3,0,54,0,5,9,5,2,25,47,8,0,8,30,17,3,0,0,0,0,4,0,60,19,0,18,4,9,0,16,118,193,0,52,15,16,0,23,0,0,7,108,0,2,3,16,15,0,0,3,3,0,39,0,2,91,4,1,0,0,0,0,2,35,0,16,0,0,2,0,49,0,0,5,26,3,0,3,4,0,0,0,0,6,25,98,34,0,4,0,0,5,264,9,0,1,0,0,16,6,0,0,3,23,0,2,3,0,0,0,4,0,0,1,2,28,0,0,15,0,0,129,6,3,11,26,5,0,0,0,0,38,14,0,4,7,0,13,0,3,28,10,37,3,2,0,0,3,2,0,32,15,34,0,18,0,3,12,0,3,37,20,2,0,0,0,0,53,0,19,10,0,0,0,0,25,0,32,0,26,0,1,0,14,0,0,34,0,7,0,0,0,0,19,0,29,0,4,108,62,0,0,132,0,0,1,0,2,0,0,3,0,3,4,30,0,0,15,0,0,154,0,14,0,0,0,3,0,0,10,76,15,9,0,66,0,0,0,9,5,0,2,0,0,3,73,5,166,0,0,3,1,0,3,0,0,33,1,76,206,0,7,4,1,29,25,51,247,12,2,0,175,11,31,0,9,0,0,48,1,48,0,2,2,0,11,3,0,0,251,0,40,74,1,7,0,6,0,2,18,0,74,0,6,4,0,10,8,0,0,2,0,2,0,2,4,0,0,0,16,0,10,10,2,0,45,35,70,19,2,0,0,7,0,60,8,11,6,5,0,0,4,0,1,0,0,0,0,0,0,0,4,14,0,0,0,0,1,12,0,0,0,1,0,0,7,0,0,0,12,34,2,0,0,3,17,0,0,17,4,1,0,0,27,9,16,0,10,32,1,0,4,0,0,0,0,0,4,2,0,4,43,4,9,0,0,25,0,0,6,198,0,0,42,2,0,0,0,4,0,3,6,11,24,0,0,0,134,0,0,0,0,9,0,40,0,0,0,5,179,17,2,0,0,23,0,0,130,5,0,8,11,9,0,0,118,0,0,562,21,154,8,11,7,11,0,78,0,0,20,28,0,5,16,9,0,20,106,0,0,4,1,1,0,0,0,16,2,122,0,0,23,23,0,0,73,0,8,3,8,11,6,3,26,14,20,0,0,16,70,0,1,8,1,0,0,0,0,48,0,12,12,2,0,0,9,0
"D489",0,0,0,0,0,0,0,6,0,0,0,0,4,0,0,3,0,0,0,0,0,0,4,0,0,0,0,0,0,2,0,0,0,0,0,0,0,0,0,0,0,9,0,0,1,0,0,0,0,0,0,0,0,0,0,0,0,0,0,6,2,0,0,0,105,0,0,0,0,0,0,0,0,2,1,0,0,0,12,10,0,0,0,2057,0,0,0,0,41,0,0,0,0,3,6,0,0,0,0,59,0,0,7,0,0,0,0,0,4,14,0,0,0,0,222,0,0,0,0,0,0,0,0,0,16,0,0,0,0,0,0,0,0,7,0,0,0,0,0,0,1,0,0,0,0,0,0,0,0,0,0,0,0,0,0,0,0,0,0,0,5771,5,0,0,0,0,0,16,2,0,11,4,27,0,0,0,0,0,0,10,0,39,2,0,0,0,0,0,0,0,0,0,0,0,0,0,0,0,0,0,0,2,0,0,2,0,0,0,8,0,0,0,0,26,0,16,0,0,0,0,0,0,0,2,2,0,0,0,10,0,0,56,0,0,6,0,0,3,0,0,0,0,0,0,0,0,0,0,0,0,0,0,0,0,0,0,7,0,0,0,0,0,0,0,0,0,0,0,0,0,0,0,0,0,0,0,0,0,0,0,0,0,0,0,4,0,0,0,0,0,0,0,0,0,0,0,0,0,0,0,0,0,6,0,0,0,0,0,0,0,0,0,5,0,0,0,0,0,0,2,0,2,0,0,0,0,0,353,0,0,0,0,0,0,0,0,0,0,0,0,0,0,0,0,0,0,0,0,0,0,0,2,0,0,0,18,0,2,0,0,20,0,0,0,0,0,0,0,0,0,0,0,0,0,0,2,0,0,0,0,12,2,0,0,0,0,0,0,0,0,0,5,0,27,0,0,0,12,0,0,0,0,51,0,5,0,0,0,0,0,0,0,0,0,0,0,0,0,0,0,0,0,19,21,12,0,0,0,0,0,0,0,0,0,0,0,0,0,0,0,5,0,0,2,0,0,0,0,0,0,0,0,0,0,0,0,10,0,0,0,0,0,0,0,0,8,0,0,0,0,0,0,0,0,0,0,0,0,0,117,0,0,0,0,0,33,0,0,0,0,0,0,0,0,0,0,0,0,0,0,0,0,0,1,0,0,0,0,0,0,0,0,0,0,0,0,0,0,0,5,0,0,76,0,0,0,0,2,0,0,0,0,0,0
"D490",0,9,54,0,0,2,0,0,0,0,1,0,0,0,0,0,1707,0,0,0,0,0,0,0,0,0,0,5,0,86,0,0,0,0,0,0,31,0,0,0,0,73,0,0,0,0,0,2,0,0,0,0,0,0,0,0,0,401,0,0,0,2,0,0,0,10,0,2,0,4,0,375,0,0,41,0,0,1082,0,1,6,0,0,0,0,0,0,0,1,10,0,0,4,0,0,0,0,0,0,0,0,0,0,0,5,23,0,0,0,0,0,2,0,0,0,0,0,0,0,0,0,0,10,0,2,0,0,0,0,0,0,0,0,0,0,0,0,0,0,0,0,3,0,0,0,12,0,0,0,1,0,0,0,0,0,0,0,168,24,0,3,0,0,2,0,0,0,4,262,0,9,0,0,0,0,0,9,0,0,0,0,13,0,0,294,31,0,0,0,0,0,0,0,0,0,0,0,0,0,0,0,0,0,0,0,0,0,2486,273,37,0,0,0,0,40,0,0,3,0,0,0,0,0,0,0,0,91,32,0,0,0,56,0,0,0,0,91,0,0,0,6,0,3,0,0,0,0,0,8,4,0,2,0,75,0,0,22,0,0,0,0,0,0,0,36,0,0,0,0,3,0,0,0,0,0,0,0,0,0,0,258,0,0,0,0,0,0,4,0,0,0,0,38,0,0,0,0,6,0,0,0,0,0,0,0,0,0,0,0,26,0,0,0,163,11,0,0,0,36,0,0,2,1,0,27,0,0,48,0,0,0,3,0,0,0,0,0,0,0,0,0,3,24,125,0,0,4,0,0,0,6,0,0,0,3,0,0,1070,0,0,0,0,0,237,0,0,0,0,0,84,0,0,8,0,19,0,0,0,3,0,25,0,0,0,0,0,3,0,0,0,0,0,0,0,0,10,0,4,0,5,0,0,0,0,0,0,0,0,0,0,0,0,40,0,0,0,0,0,0,0,0,0,0,0,0,0,0,0,0,0,0,0,0,0,0,72,0,4,0,2,0,0,0,0,0,0,1063,0,0,0,2,117,0,6,205,0,0,38,0,0,31,0,0,0,0,0,28,49,0,0,0,0,14,0,0,0,0,0,0,0,0,0,0,0,0,0,0,2,0,0,0,3,0,0,0,77,0,0,729,0,31,0,4,0,0,0,0,22,0,3,227,0,0,2,75,10,28,0,0,0,4,0,0,107,0,0,0,0,0,0,15,20,0,0
"D491",0,0,0,0,0,0,0,0,0,0,2,0,0,3,0,0,0,2,0,0,0,0,0,0,0,0,0,0,0,0,2,0,0,0,0,0,0,0,0,0,0,0,0,0,2,0,0,0,0,0,0,0,0,0,0,0,0,0,0,0,0,0,32,0,0,0,0,0,0,0,0,0,0,0,0,0,0,0,7,0,0,0,0,58,0,0,0,0,0,0,0,0,0,0,0,6,0,0,0,0,0,0,0,0,0,0,0,0,0,0,0,0,0,0,129,0,0,0,0,0,0,0,0,0,0,0,0,0,13,0,0,0,0,0,0,0,0,0,0,0,0,0,0,0,0,0,0,0,0,0,0,0,0,0,0,0,0,0,0,0,0,0,0,0,0,0,0,0,0,0,0,2,0,0,0,0,0,170,0,0,0,0,0,0,0,0,0,0,0,0,0,0,0,0,0,0,0,0,0,0,0,0,0,0,0,262,0,0,0,0,0,0,0,0,0,0,0,0,0,0,0,0,0,0,0,0,0,0,0,0,0,0,0,0,0,0,0,0,0,0,0,0,0,0,0,0,0,0,0,0,0,0,0,0,3,0,0,0,0,0,0,0,0,39,0,0,6,0,0,0,0,0,0,0,0,0,0,0,0,0,0,0,0,0,0,0,0,0,0,0,0,0,0,0,0,0,0,0,0,0,0,0,0,0,0,0,0,0,0,0,0,0,0,0,0,0,0,0,0,0,0,6,0,0,0,0,0,0,0,0,0,0,0,0,0,0,0,0,0,0,0,0,0,0,0,0,0,0,0,0,0,0,0,58,0,0,0,0,0,0,0,0,0,0,0,0,0,3958,0,0,0,0,0,0,0,0,0,0,0,36,0,0,0,0,0,0,0,0,0,0,0,0,0,0,0,0,0,0,0,0,0,0,0,0,0,0,0,0,0,0,0,0,0,0,0,0,0,0,0,0,0,0,0,0,0,0,0,0,0,0,0,3,5,0,0,0,0,0,0,14,0,0,0,0,0,0,0,0,0,0,0,0,0,0,0,0,0,0,0,0,0,0,0,0,0,0,0,0,0,0,0,0,0,0,0,0,0,0,0,0,0,0,0,0,0,0,0,0,0,0,4,0,0,0,0,0,0,0,0,0,0,0,0,0,0,0,4,0,0,3,0,0,0,0,0,0,51,0,0,0,0,0,0,0,0,0,14,0,3,0,0,0,0,0
"D492",0,0,0,0,0,0,0,0,219,0,20,0,24,15,0,0,0,0,0,0,0,0,0,0,0,0,0,0,0,0,9,1567,0,0,0,0,0,0,0,0,0,100,0,0,1,0,0,30,0,0,0,0,0,0,0,0,0,0,0,4,0,175,0,0,0,0,0,0,0,0,0,0,118,516,0,0,0,0,320,0,0,0,0,18,0,2,0,0,16,0,2,0,0,0,714,31,0,0,0,0,0,0,0,0,0,0,0,0,0,26,0,0,0,0,1521,0,0,0,3,0,0,0,0,0,358,12,0,0,2,3,0,0,0,3,0,0,0,0,3,0,0,0,0,0,8,0,0,0,0,0,0,0,0,0,0,0,0,0,0,2,867,0,0,0,0,31,0,0,0,0,0,0,933,0,0,0,0,1,0,0,0,90,0,0,0,0,0,0,0,0,0,0,0,0,0,0,0,0,0,0,0,0,0,1,0,2,0,0,0,0,0,0,0,250,0,0,0,0,0,0,0,0,0,0,11,0,0,0,9,0,0,20,0,0,0,0,0,0,0,0,0,0,0,0,0,0,0,0,0,0,0,2,0,0,5,0,2,3,0,0,0,7,0,0,0,0,10,60,0,0,0,1,0,0,0,0,0,0,0,0,0,0,0,0,0,0,0,2,0,0,0,0,0,0,0,0,0,0,0,0,0,0,465,0,179,2,0,0,0,21,0,0,39,0,0,0,0,0,6,68,0,16,0,0,0,0,0,122,0,0,0,0,0,0,0,7,0,0,0,0,0,0,3,0,0,0,0,0,0,4,0,386,137,0,0,0,0,0,0,0,0,0,0,0,0,0,0,867,0,0,0,0,0,0,0,0,0,0,0,0,0,1085,0,0,95,2,0,0,0,0,0,0,0,959,0,0,0,23,0,0,0,0,0,0,70,0,0,0,0,0,0,0,0,3,0,0,0,0,0,0,442,0,1172,2558,12,0,0,0,0,0,2,11,0,0,0,0,0,0,0,2,20,0,0,177,0,0,0,0,0,0,0,0,0,0,0,0,79,0,0,0,0,3,0,0,0,0,0,0,3,0,0,0,0,0,0,0,0,0,0,369,0,0,0,0,1,1004,0,0,0,0,897,0,0,0,0,0,0,0,0,0,0,0,2,0,0,0,0,0,0,3,0,0,0,0,0,0,0,0,0,0,0,0,2764,18,3,0,0,0,0,0,0,0,0,0
"D493",4,20,144,0,20,6,0,0,15,0,0,3,2,0,0,0,3,0,2,63,42,7,0,0,6,32,0,2,26,17,49,0,0,0,6,0,8,6,18,0,0,0,2,0,72,70,0,0,9,0,0,208,2,4,0,0,27,3,0,27,0,0,0,10,0,0,0,2,0,0,40,181,0,0,0,0,36,15,0,0,0,257,0,0,0,4,6,0,0,4,8,0,2,18,0,0,0,0,25,49,2,13,0,0,0,2,2,0,0,0,84,0,29,0,27,0,11,22,0,0,44,5,9,0,0,0,0,0,0,9,14,13,0,90,0,0,3,28,31,0,0,2,9,0,0,28,3,26,3,72,55,8,0,1,1,0,3,11,41,0,0,7,131,16,0,0,0,62,2,2,0,0,0,0,16,0,0,0,16,11,6,0,3,2,10,0,0,64,4,0,5,7,2,120,14,2,0,0,0,2,13,5,0,9,0,0,640,52,17,127,5,4,0,0,0,14,1,1,18,5,447,13,0,0,0,0,3,0,0,28,14,3,2,1,0,0,9,4,25,21,4,0,15,0,2,0,34,0,0,8,6,21,0,9,874,0,0,8,5,2,5,0,0,1,34,15,0,0,13,6,0,188,3,19,71,252,8,0,0,200,34,2,0,0,0,12,61,0,0,0,6,0,3,21,0,0,73,119,1195,0,268,55,0,0,0,33,55,0,384,7,0,5,0,79,5,0,0,3,0,0,6,2,35,0,21,5,0,0,75,9,21,3,278,0,0,0,0,0,0,0,182,28,2,58,4,5,1002,0,3,0,5,0,0,0,5,0,2,15,72,0,0,0,0,225,15,0,0,0,30,2,0,0,4,0,15,3,34,26,0,0,0,0,0,5,0,357,18,0,0,0,14,6,27,0,10,0,0,6,16,0,0,30,198,0,0,6,5,3,16,6,22,0,3,36,0,4,6,0,0,0,31,0,0,0,0,0,0,27,0,13,9,0,5,0,0,14,18136,0,4,4,0,6,0,0,0,0,445,4,0,0,1,0,0,4,32,51,0,25,2,17,8,0,75,0,0,0,9,92,121,2,26,71,5,0,0,5,3,53,12,0,5,3,8,25,71,0,9,0,0,664,0,122,12,3,4,4,0,0,2,99,0,0,160,0,10,6,0,4,0,0,289,35407,0,11,0,4,0,19,3,0,2,0,0,0,7,3,0,474,0,1,1,3,0,0
"D494",0,0,0,0,0,0,0,0,0,0,0,0,0,0,0,0,0,0,0,0,0,0,0,0,0,0,0,0,0,0,0,0,0,0,0,0,0,0,0,0,0,0,0,0,0,0,0,0,0,0,0,0,0,0,0,0,0,0,0,0,0,0,0,0,0,0,0,0,0,0,0,0,0,0,0,0,0,0,0,0,0,0,0,0,0,0,0,0,0,0,0,0,0,0,0,0,0,0,0,0,0,0,0,0,0,0,0,0,0,0,0,0,0,0,0,0,0,0,0,0,0,0,0,0,0,0,0,0,0,0,0,0,0,0,0,0,0,0,0,0,0,0,0,0,0,0,0,0,0,0,0,0,0,0,0,0,0,0,0,0,0,0,0,0,0,0,0,0,0,0,2,0,0,0,0,0,0,0,0,0,0,0,0,0,0,0,0,0,0,0,0,0,0,0,0,0,0,0,0,0,0,0,0,0,0,0,0,0,0,0,0,0,0,0,0,0,0,0,0,0,0,0,0,0,0,0,0,0,0,0,0,0,0,0,0,0,0,0,0,4,0,0,0,0,0,0,0,0,0,0,0,0,0,0,0,0,0,0,0,0,0,0,0,0,0,0,0,0,0,0,0,0,0,0,0,0,0,0,0,0,0,0,0,0,0,0,0,0,0,0,0,0,0,0,0,0,0,0,0,0,0,0,0,2,0,0,0,0,0,0,0,0,0,0,0,0,0,0,0,0,0,0,0,0,0,0,0,0,0,0,0,0,0,0,0,0,0,0,0,0,0,0,0,0,0,0,0,0,0,0,0,0,0,0,0,0,0,0,0,0,0,0,0,0,0,0,0,0,0,0,0,0,0,0,0,0,0,0,0,0,0,0,0,0,0,0,0,0,0,0,0,0,0,0,0,0,0,0,0,0,0,0,0,0,0,0,0,0,0,0,0,0,0,0,0,0,0,0,0,0,0,0,0,0,0,0,0,0,0,0,0,2,0,0,0,0,0,0,0,0,0,0,0,0,0,0,0,0,0,0,0,0,0,0,0,0,0,0,0,0,0,0,0,0,0,0,0,0,0,0,0,0,0,0,0,0,0,0,0,0,0,0,0,0,0,0,0,0,0,0,0,0,0,0,0,0,0,0,0,0,0,0,0,0,0,0,0,0,0,0,0,0,0,0,0,0,0,0,0,0,0,0,0,0,0,0,0,0,0,0,0,0,0,0
"D495",0,1,20,0,0,0,0,28,38,2,8,4,0,11,24,14,9,7,22,0,0,44,1,0,0,0,0,0,0,189,13,0,0,0,0,0,2,8,4,0,0,12,0,72,13,0,0,98,3,0,8,7,0,2,0,0,0,0,0,17,0,204,16,30,0,0,15,26,0,1,0,129,0,0,0,0,39,0,90,44,3,0,4,16,8,25,50,3,0,9,3,28,119,15,0,31,0,0,37,82,0,4,6,0,7,6,0,0,0,15,4,74,3,0,1814,6,0,0,35,0,2,3,8,0,0,6,0,0,192,40,0,4,7,21,0,4,0,0,32,0,0,0,2,414,389,7,9,6,0,0,0,0,0,0,0,2,0,0,5,245,0,11,20,5,0,0,5,16,5,0,1,125,0,0,13,0,12,147,0,5,0,0,17,0,3,0,1,4,19,0,0,0,0,3,0,0,0,0,0,0,0,12,11,0,0,29,0,0,0,0,3,2,0,0,20,47,239,20,5,4,0,1,0,0,66,0,7,5,27,1,38,32,0,2,0,0,2,99,5,1,33,0,25,2,10,0,0,0,0,0,0,0,1,0,119,0,4,4,0,0,2,45,0,12,0,1,487,4,0,0,0,55,1,3,0,14,0,0,110,0,2,0,6,3,0,0,0,14,0,0,0,0,0,0,0,0,9,6,49,0,6,0,0,55,0,19,2,0,54,18,8,0,0,0,11,0,0,2,24,17,0,33,13,0,9,7,4,28,0,0,0,6,0,0,5,164,1,0,0,35,2233,0,43,19,9,4,37,0,0,11,2,0,67,20,6,0,16,3,2,0,1,0,0,0,10,5,0,0,2,9,0,3,20,0,3,73,0,0,23,0,12,0,0,0,13,85,24,0,0,3,0,0,4,0,0,9,8,37,0,39,4,0,0,0,30,102,0,21,0,0,0,5,2,17,0,0,2,15,0,0,0,0,1,0,11,0,6,2,47,17,17,43,9,0,83,9,101,43,0,16,0,7,0,7,0,0,78,0,5,2,0,3,2,1,0,0,2,5,4,0,0,265,0,0,0,18,0,76,78,0,3,0,5,0,0,0,0,0,0,2,0,0,6,6,41,0,9,0,0,0,269,83,0,3,0,77,0,0,0,6,7,2,109,2,3,21,34,2,0,95,6,0,76,2,10,0,24,0,0,11,8,0,0,57,40,22,8,48,0,0,3,0,0,0
"D496",0,0,0,0,0,0,0,0,0,0,0,0,0,0,0,0,0,0,0,0,0,0,0,0,0,0,0,0,0,0,0,0,0,0,0,0,0,0,0,0,5,0,0,0,0,0,0,0,0,0,0,0,2,0,0,0,0,0,0,0,0,0,0,0,0,0,0,0,0,0,0,0,0,11,0,0,0,0,0,0,0,0,0,0,0,0,0,0,0,0,0,0,0,0,0,0,0,79,0,0,0,0,0,0,0,0,0,0,0,0,0,0,0,0,0,0,0,0,0,0,0,0,0,0,0,0,0,0,0,0,0,0,0,0,0,0,0,0,0,0,0,0,0,0,0,0,0,0,0,0,0,0,0,0,0,0,0,0,0,0,0,0,0,0,0,0,0,0,0,0,0,0,0,0,0,3,0,0,0,0,0,0,0,0,0,0,0,0,0,0,0,0,0,0,0,0,0,0,0,0,0,0,0,0,986,0,0,0,0,0,0,0,0,0,0,0,0,0,0,0,0,0,0,0,0,0,0,0,0,0,0,0,0,0,0,0,0,2,0,0,0,0,0,0,0,0,0,0,0,0,0,0,0,0,0,0,0,0,0,0,0,0,0,0,0,0,0,0,0,0,0,0,0,0,0,0,0,0,0,0,0,0,0,0,0,0,0,0,0,55,0,0,0,0,0,0,0,0,0,0,0,0,0,0,0,0,0,0,0,0,0,0,0,0,0,0,0,0,0,0,0,0,0,0,0,0,0,0,0,0,0,0,0,0,0,0,0,0,0,0,0,0,0,0,0,0,0,0,0,0,0,0,0,0,0,0,0,0,0,0,0,0,0,0,0,0,0,0,0,0,0,0,0,0,0,0,0,0,0,0,0,0,0,0,0,0,0,0,0,0,0,0,0,0,0,0,0,0,0,0,0,0,0,0,0,0,0,0,0,0,0,0,0,0,0,0,0,0,0,0,0,0,0,0,0,0,0,0,0,0,0,0,0,0,0,0,0,0,0,0,0,0,0,0,0,0,0,0,0,323,0,0,0,0,0,0,0,0,0,0,0,0,0,74,0,2,0,0,0,0,0,0,0,0,0,0,0,0,0,0,0,0,0,0,0,0,0,0,0,0,0,0,0,0,0,0,0,12966,0,0,0,0,0,0,0,0,0,0,0,0,0,356,0,0,0,0,0,0,0,0,0,0,0,0,0,0,0,0,0,0,0,0,0,0
"D497",0,0,0,0,0,0,0,0,0,0,0,0,0,0,0,0,0,0,0,0,0,0,0,0,0,0,14,0,0,0,0,0,0,0,0,0,0,0,0,0,0,0,0,0,0,0,0,0,0,0,0,0,0,0,0,0,0,0,0,0,0,0,0,0,0,0,0,0,0,0,0,0,0,0,0,0,0,0,0,0,0,0,0,0,0,0,0,0,0,0,0,0,0,0,0,0,0,0,0,0,0,0,0,0,0,0,0,0,0,0,0,0,0,0,0,0,0,0,0,0,0,0,0,0,0,0,0,0,0,0,0,0,0,0,0,0,0,0,0,0,0,0,0,0,0,0,0,0,0,0,0,0,0,0,0,0,0,0,0,0,0,0,0,0,0,0,0,0,0,0,0,0,0,0,0,0,0,0,0,0,0,0,0,0,0,0,0,0,0,0,0,0,0,0,0,0,0,0,0,0,0,0,0,0,0,0,0,0,0,0,0,0,0,0,0,0,0,0,0,0,0,0,0,0,0,0,0,0,0,0,0,0,0,0,2,0,0,64,0,0,104,0,0,0,0,0,0,0,0,0,0,0,0,0,0,0,0,0,0,0,0,0,0,0,0,0,0,0,0,0,0,0,0,0,0,0,0,0,0,0,0,0,0,0,0,0,0,0,0,3,0,0,0,0,0,0,0,0,0,0,0,0,0,0,0,0,0,0,0,0,0,0,0,0,0,0,0,0,0,0,0,0,0,0,0,0,0,0,0,0,0,0,0,0,0,0,0,0,0,0,0,0,0,0,0,0,0,0,0,0,0,0,0,0,0,0,0,0,0,0,0,0,0,0,0,0,0,0,0,0,0,0,0,0,0,0,0,0,0,0,0,0,0,0,0,0,0,0,0,0,0,0,0,0,0,0,0,0,0,0,0,0,0,0,0,0,0,0,0,0,0,0,0,0,0,0,0,0,0,0,0,0,0,0,0,0,0,0,0,0,0,0,0,0,0,0,0,0,0,0,0,0,0,0,0,0,0,0,0,0,0,0,0,0,0,0,0,0,0,0,0,0,0,16,0,0,0,0,0,0,0,0,0,0,0,0,0,0,0,0,0,0,0,0,0,0,0,0,0,0,0,0,0,0,0,0,0,0,0,0,0,0,0,0,0,0,10,0,0,0,0,0,0,0,0,0,0,0,0,0,0,0,0,0,0,0,0,0,0,0,0,0,0,0
"D498",0,0,0,0,0,0,0,0,0,0,0,0,0,0,0,0,0,0,0,0,0,0,0,0,0,0,0,0,0,124,0,2550,0,0,0,0,0,0,0,0,0,271,0,0,0,0,0,109,0,0,0,0,0,0,0,0,0,0,0,16,0,248,0,0,0,0,0,0,0,0,0,53,0,3342,0,0,0,0,519,0,0,0,0,25,0,0,0,0,0,0,0,0,0,0,436,0,0,0,0,0,0,0,0,0,0,0,0,0,0,0,0,0,0,42,2687,0,0,0,0,0,0,0,0,0,141,0,0,0,0,0,0,0,0,0,0,0,0,0,0,0,0,0,0,0,23,0,0,0,0,0,0,0,0,0,0,0,0,0,0,0,173,0,21,0,0,0,0,0,0,0,0,35,1009,0,0,0,0,0,0,0,0,50,0,0,0,0,0,0,0,0,0,0,0,0,0,0,0,0,0,0,0,186,0,0,0,0,0,0,0,0,0,0,0,379,18,0,0,0,0,0,0,0,0,0,25,0,0,0,52,0,0,0,0,0,0,0,0,0,0,0,0,0,0,0,0,0,0,0,0,0,0,0,0,0,0,0,45,0,0,0,25,0,25,0,0,0,0,38,0,0,0,488,0,0,0,0,0,0,0,0,0,0,22,0,0,0,0,0,0,0,0,0,0,0,0,0,0,0,0,0,0,0,693,0,79,0,0,0,0,47,0,0,68,0,0,0,0,0,37,570,0,0,0,0,0,0,0,0,0,0,0,0,0,0,0,0,0,0,0,2,0,0,0,0,3,0,0,0,0,23,0,1025,0,52,0,0,0,0,0,0,44,0,0,0,0,0,0,1084,0,0,0,0,0,0,0,0,0,0,0,0,7,974,0,0,0,0,5,0,0,0,0,0,0,455,0,0,0,11,0,0,0,0,0,0,0,0,0,0,0,0,0,0,0,0,0,0,0,0,0,0,758,0,804,1736,0,0,0,0,0,0,0,0,0,0,0,0,0,12,0,0,95,0,0,30,0,0,0,0,0,0,0,0,0,0,0,0,960,0,0,0,0,0,0,0,0,0,0,0,0,0,0,0,0,0,0,0,0,0,0,429,0,0,0,0,0,1742,0,0,0,0,1869,26,0,0,0,0,0,0,0,0,0,0,0,0,64,0,0,0,0,0,0,0,0,0,0,0,0,0,0,0,0,0,1971,81,531,0,0,0,0,0,0,0,0,0
"D499",0,0,0,0,0,0,0,0,0,0,80,0,0,847,0,0,0,0,15,0,0,0,0,0,0,0,0,0,0,0,0,0,0,0,0,19,0,0,0,0,0,0,0,0,4,0,0,0,2,0,0,0,0,0,0,0,0,0,0,76,0,0,1748,0,0,0,0,0,0,0,0,0,0,0,0,0,0,0,14,0,0,0,11,491,0,22,0,0,0,0,0,0,0,0,0,10,0,0,0,0,0,0,0,0,0,0,0,0,0,0,0,0,0,0,451,1,0,0,0,0,0,0,0,0,0,0,0,0,979,0,0,0,0,0,0,0,0,0,0,0,0,0,0,13,36,0,0,0,0,0,0,0,0,0,0,0,0,0,0,0,0,0,2,0,0,0,0,0,0,0,0,0,0,0,0,0,0,652,0,0,0,0,0,0,0,0,0,0,0,0,0,0,0,0,0,0,0,0,0,0,0,0,0,59,0,0,0,0,0,0,0,0,0,0,0,0,0,0,0,0,0,0,0,0,0,1,0,0,0,0,0,0,0,0,0,0,0,0,0,0,0,136,0,0,0,0,0,0,0,0,0,0,0,0,0,0,0,0,0,0,0,0,0,330,0,0,1,0,0,0,1,2,0,0,0,0,0,0,133,0,0,0,0,0,0,0,0,0,0,0,0,0,0,0,0,0,0,0,0,0,0,7,0,0,0,2,0,0,0,0,0,0,0,0,37,0,0,0,0,0,0,26,0,0,0,0,0,0,0,0,0,0,0,0,0,0,0,3,0,0,85,0,0,0,0,0,0,0,0,1,0,0,0,4756,0,0,0,0,0,0,0,0,0,0,0,0,0,16056,0,0,0,0,0,0,0,0,0,0,0,61,0,0,0,0,0,0,0,0,0,0,0,0,0,0,0,0,0,19,0,0,0,0,0,0,0,0,0,0,0,14,0,0,0,0,0,0,0,0,0,0,0,0,0,12994,0,0,0,0,90,0,0,0,925,0,0,0,0,0,0,590,0,0,0,0,0,0,0,0,0,0,0,0,0,0,0,0,0,0,0,0,0,0,0,0,0,0,0,0,0,0,0,0,52,0,0,0,0,0,0,0,0,0,0,0,412,0,0,0,0,0,1622,0,0,0,0,0,0,0,0,0,0,0,0,0,0,0,2607,0,2,0,0,0,10,0,0,21,0,0,0,0,0,0,0,0,0,47,185,0,1,0,0,0,0,0
"D500",12,5,6,68,6,0,567,0,3,0,0,0,0,0,0,0,0,0,278,92,0,0,0,10,18,0,1,0,0,0,0,0,0,2,0,9,0,0,9,5,0,0,0,0,0,4,334,6,75,0,6,27,2,0,16,6,2,0,22,3,445,5,0,12,12,2,0,5,41,0,4,0,0,0,128,4,5,0,0,1672,0,19,0,2,0,0,0,0,0,0,0,4,0,0,0,0,169,0,6,0,0,0,5919,9,0,0,8,738,122,2,6,0,5,9,0,0,2,0,0,821,1,0,2,91,0,0,6,72,0,7,4,0,0,6,4,0,0,12,2,0,1,0,7,927,0,2,0,0,0,0,1,29,58,0,4,0,514,3,3,0,0,0,7,0,0,11,0,8,0,0,0,0,0,39,0,0,0,0,8,0,0,0,6,11,0,3,0,0,0,1,0,0,0,161,0,3,2443,98,1,0,0,0,0,0,88,0,10,3,14,0,0,0,8,0,0,0,491,0,0,0,13,2,0,0,0,32,0,0,0,0,0,0,0,0,1786,4,0,1930,5,1,0,0,0,9,0,0,11,2225,12,0,1,0,6,0,95,266,3,0,0,3,17,0,0,2,0,0,0,0,0,2,27,0,2,0,3,6,0,1,0,125,0,0,0,1,41,6,2,0,7,0,0,5,0,0,9,0,6,0,22374,0,1,0,0,0,0,144,6,26,27,0,0,7,0,5,0,2,53,7,0,0,0,0,0,0,0,3,6,0,11,0,14,4,0,6,0,0,0,676,48,0,47,3,0,2,3,2,16,0,2,0,0,0,0,0,5,0,0,0,7,0,0,29,75,0,0,0,14,0,0,0,5,0,0,0,0,0,6,1,1,0,7,20,1,2,0,75,0,3,3,1,0,70,0,0,0,0,0,0,0,0,0,375,0,11,0,0,0,1,0,4,0,23,0,122,3,0,0,0,53,27,36,0,0,5,0,252,126,6,4,0,0,0,0,7,228,0,7061,0,4,2,0,0,6,0,0,38,49,0,0,0,0,0,5,0,5,2,0,0,0,0,25,0,32,0,3,75,0,16,13,0,0,0,0,0,0,0,0,1,23,0,70,0,2,0,5,0,0,0,0,0,0,15,0,0,0,0,76,0,9,6,0,0,21,5,12,0,0,0,0,0,10,0,0,0,8,3,0,2,4,0,0,520,0,0,0,0,0,37,44,3,0,0,0,0
"D501",0,0,0,0,0,0,9620,0,47,0,0,0,0,0,0,0,0,0,0,0,0,0,85,0,0,0,0,0,0,0,125,487,380,0,0,0,0,0,0,0,0,0,0,0,0,0,0,87,119,0,0,0,0,0,0,0,0,0,0,0,63,0,0,0,0,0,0,0,0,0,0,0,0,0,0,0,0,0,131,785,0,0,0,0,0,0,0,0,0,51,0,0,0,0,0,0,0,0,0,0,0,0,0,0,0,0,0,0,0,0,0,0,0,0,40,0,0,0,0,0,0,0,0,99,0,0,0,0,0,0,0,0,0,0,106,0,0,0,0,0,0,0,0,0,0,0,0,0,0,0,0,0,0,0,0,0,0,0,0,0,0,0,0,0,0,0,0,57,0,0,0,0,42,0,0,0,0,0,0,0,0,0,0,0,0,0,0,0,0,0,0,0,0,81,0,0,0,0,0,0,0,0,0,0,0,0,0,0,0,0,0,0,0,0,0,0,1840,0,0,0,0,0,388,19,0,0,0,0,0,0,0,68,0,0,341,0,0,0,0,0,0,0,0,0,0,0,0,0,0,0,0,0,0,0,0,0,173,0,0,0,0,255,0,0,0,0,0,0,0,0,0,0,0,0,0,0,0,0,8,0,0,0,0,0,0,0,0,0,0,0,0,0,0,0,0,0,0,0,0,24,0,0,943,0,0,0,0,0,0,0,0,0,0,0,0,0,0,16,0,0,0,0,0,0,0,0,0,112,0,0,0,0,0,0,0,0,0,0,0,0,0,0,0,0,0,0,0,0,0,0,0,0,0,0,0,0,0,0,0,0,0,0,0,0,0,0,0,0,0,0,0,0,0,0,0,0,0,0,0,0,0,0,0,0,0,0,0,2,0,0,0,0,0,41,0,0,0,199,0,0,19,0,1,0,0,0,0,0,0,0,0,0,0,91,0,0,0,0,0,0,0,0,40,0,0,0,0,0,0,0,0,0,0,0,0,0,124,0,0,0,0,0,0,0,0,155,0,0,0,0,0,0,0,0,0,0,0,0,0,0,0,0,0,69,0,0,0,0,0,0,0,0,0,0,0,0,0,0,0,0,0,0,0,0,0,0,0,0,0,0,28,294,0,0,0,0,0,0,0,0,0,0,0,0,0,0,0,0,0,0,0,0,0,0,0,0,0,0,0,0,0,0,0,0,64,0,0,0,0,0,0,0,313,0
"D502",0,0,0,0,0,0,0,0,0,0,0,0,0,0,0,0,0,0,0,0,0,0,0,0,0,0,527,0,0,0,4,0,0,0,0,0,0,0,0,0,0,0,0,0,2,0,0,0,0,0,0,0,0,0,0,0,0,0,0,0,0,0,0,3,0,0,0,0,0,0,0,0,0,0,0,0,0,0,0,0,0,0,0,0,0,0,0,0,0,0,0,0,0,0,0,0,0,11,0,0,0,0,0,0,0,0,0,0,0,0,0,0,0,0,0,0,0,0,0,0,0,0,0,0,0,0,0,0,0,0,0,0,0,0,0,1000,0,0,0,0,0,0,0,0,0,0,0,0,0,0,0,0,0,0,0,0,0,0,0,0,0,0,0,0,0,0,0,0,0,0,0,496,0,0,0,0,0,0,0,0,0,0,0,0,0,0,0,0,0,0,0,0,0,0,0,0,0,0,0,0,0,0,0,0,59,0,0,0,0,0,0,0,0,0,0,0,0,0,0,0,0,0,0,0,0,0,0,0,0,0,0,0,0,0,0,0,0,0,0,0,0,0,0,0,0,0,0,0,0,0,0,0,0,0,0,0,0,0,0,0,0,0,0,0,0,0,0,0,0,0,0,3127,0,0,0,0,0,0,0,0,0,0,0,0,0,0,0,0,0,0,0,0,0,0,0,0,0,0,0,0,0,0,0,0,0,4,0,0,0,0,0,0,0,0,0,0,0,0,0,0,0,0,0,0,0,0,0,0,0,0,0,0,0,0,0,0,0,0,0,0,154,0,0,0,0,0,0,0,0,0,0,0,0,0,0,0,0,0,0,0,0,0,0,0,0,0,0,0,0,0,0,0,0,0,0,0,0,0,0,0,0,0,0,0,0,0,3,0,0,0,0,0,0,0,0,0,0,0,0,0,0,0,1381,0,0,0,0,0,0,0,0,0,0,0,0,0,0,0,0,0,0,0,0,0,0,0,0,0,0,0,0,0,0,2,0,0,0,0,0,0,0,0,0,0,0,0,0,0,0,0,0,0,0,0,0,0,0,0,0,0,0,0,0,19983,0,0,0,0,0,0,0,0,0,0,0,0,0,0,0,0,0,0,0,0,0,0,0,0,3,0,0,0,0,0,0,0,0,0,0,0,0,0,0,0,0,0,0,0,0,0,0,0,0,0,0,0,0,0,0,0,0,0,0,0,0,0,0,0,0,0,0,0,0,0
"D503",0,0,0,0,0,0,0,0,0,0,0,0,0,0,0,0,0,0,0,0,0,0,0,0,0,0,0,0,0,0,0,0,0,0,0,0,0,0,0,0,0,0,0,0,4,0,0,0,0,0,0,0,0,0,0,0,0,0,0,0,0,0,2,0,0,0,0,0,0,0,0,0,0,0,0,0,0,0,0,0,0,0,0,149,0,11,0,0,0,0,0,0,0,0,0,3,0,0,0,0,0,0,0,0,0,0,0,0,0,0,0,0,0,0,232,0,0,0,0,0,0,0,0,0,0,0,0,0,0,0,0,0,0,0,0,0,0,0,0,0,0,0,0,0,0,0,0,0,0,0,0,0,0,0,0,0,0,0,0,0,0,0,0,0,0,0,0,0,0,0,0,0,0,0,0,0,0,105,0,0,0,0,0,0,0,0,0,0,0,0,0,0,0,0,0,0,0,0,0,3,0,0,0,0,0,159,0,0,0,0,0,0,0,0,0,0,0,0,0,0,0,0,0,0,0,0,0,0,0,0,0,0,0,0,0,0,0,0,0,0,0,0,0,0,0,0,0,0,0,0,0,0,0,0,0,0,0,0,0,0,0,0,0,18,0,0,13,0,0,0,0,0,0,0,0,0,0,0,4,0,0,0,0,0,0,0,0,0,0,0,0,0,0,0,0,0,0,0,0,0,0,0,0,0,0,0,0,0,0,0,0,0,0,0,2,0,0,0,0,0,0,15,0,0,0,0,0,0,0,0,0,0,0,0,0,0,0,0,0,0,0,0,0,0,0,0,0,0,0,0,0,0,0,8,0,0,0,0,0,0,0,0,0,0,0,0,0,1811,0,0,0,0,0,0,0,0,0,0,0,0,0,0,0,0,0,0,0,0,0,0,0,0,0,0,0,0,0,0,0,0,0,0,0,0,0,2,0,0,0,0,0,0,0,0,0,0,0,0,0,0,0,0,0,0,0,0,0,0,0,0,0,0,6,0,0,0,0,0,0,0,0,0,0,0,0,0,0,0,0,0,0,0,0,0,0,0,0,0,0,0,0,0,0,0,0,0,0,0,0,0,0,0,0,0,0,0,0,0,0,0,0,0,0,0,4,0,0,0,0,0,0,0,0,0,0,0,0,0,0,0,0,0,0,0,0,0,0,0,0,0,0,0,6,0,0,0,0,0,0,0,0,0,0,0,0,0,2,0,0,0,0,0,0,0
"D504",0,0,0,0,0,0,0,0,0,0,0,0,0,0,0,0,0,0,0,0,0,0,0,0,0,0,0,0,0,0,0,0,0,0,0,0,0,0,0,0,0,0,0,0,0,0,73,0,0,0,0,0,0,0,0,0,0,0,0,0,0,0,0,0,0,0,0,0,0,0,0,0,0,0,0,0,0,0,0,0,0,0,0,0,0,0,0,0,0,0,0,0,0,0,0,0,0,0,0,0,0,0,0,0,0,0,0,0,0,0,0,0,0,0,0,0,0,0,0,0,0,0,0,0,0,0,0,0,0,0,0,0,0,0,0,3747,0,0,0,0,0,0,0,0,0,0,0,0,0,0,0,0,0,0,0,0,0,0,0,0,0,0,0,0,0,67,0,0,0,0,0,0,0,0,0,12,0,0,0,0,0,0,0,0,0,0,0,0,0,0,0,0,0,0,0,0,0,0,0,0,0,0,0,0,0,0,0,0,0,0,0,0,0,0,0,0,0,0,0,0,0,0,0,0,0,0,0,0,0,0,0,0,0,0,25,0,0,0,0,0,0,0,0,0,0,0,0,0,0,0,0,0,0,0,0,0,0,0,0,0,3,0,0,0,0,0,0,0,0,0,0,0,0,0,0,0,0,0,0,0,0,0,0,0,0,0,0,0,0,0,0,0,0,0,2245,0,0,0,41582,0,0,0,0,0,0,2,0,0,0,0,0,0,0,0,0,0,0,0,0,0,0,0,0,0,0,0,0,0,0,0,0,0,0,0,0,0,0,0,0,0,0,0,0,0,0,0,0,0,0,0,0,0,0,0,0,0,0,0,0,0,0,0,0,0,0,0,0,0,0,0,0,0,0,0,0,0,0,0,0,0,0,0,0,0,0,0,0,0,0,37,0,0,0,0,0,0,0,0,0,0,0,0,0,0,0,0,0,0,0,231,0,0,0,0,0,0,0,0,9,0,0,0,0,0,0,0,0,0,0,0,0,0,0,0,0,0,0,0,0,0,0,0,0,0,0,4,0,0,0,0,0,0,0,0,0,0,0,0,0,0,0,0,0,0,4,2,0,0,0,0,0,0,0,0,0,0,0,0,0,0,0,0,0,0,0,0,0,0,0,85,0,0,0,0,0,0,0,0,0,0,0,0,0,0,0,0,0,0,0,0,0,0,0,0,0,0,0,0,0,0,0,0,0,0,0,0,0,0,0,0,0,0,0,0
"D505",0,0,0,0,0,0,0,0,0,0,0,0,0,0,0,0,0,0,0,0,0,0,0,0,0,0,0,0,0,0,0,0,0,0,0,0,0,0,0,0,0,0,0,0,0,0,0,0,0,0,0,0,0,0,0,0,0,0,0,0,0,0,0,0,0,0,0,0,0,0,0,0,0,0,0,0,0,0,0,0,0,0,0,0,0,0,0,0,0,0,0,0,0,0,0,0,0,0,0,0,0,0,0,0,0,0,0,0,0,0,0,0,0,0,0,0,0,0,0,0,0,0,0,0,0,0,0,0,0,0,0,0,0,0,0,0,0,0,0,0,0,0,0,0,0,0,0,0,0,0,0,0,0,0,0,0,0,0,0,0,0,0,0,0,0,0,0,0,0,0,0,0,0,0,0,0,0,0,0,0,0,0,0,0,0,0,0,0,0,0,0,0,0,0,0,0,0,0,0,0,0,0,0,0,0,0,0,0,0,0,0,0,0,0,0,0,0,0,0,0,0,0,0,22,0,0,0,0,0,0,0,0,0,0,0,0,0,0,0,0,0,0,0,2698,0,0,0,0,0,0,0,0,0,0,0,0,0,0,0,0,0,0,0,0,0,0,0,0,0,0,0,0,0,0,0,0,0,0,0,0,0,0,0,0,0,0,0,0,0,0,0,0,0,0,0,0,0,0,0,0,0,0,0,0,0,0,0,0,0,0,0,0,0,0,0,2189,0,0,0,0,0,0,0,0,0,0,0,0,0,0,0,0,0,0,0,0,0,0,0,0,0,0,0,0,0,0,0,0,0,0,0,0,0,0,0,0,0,0,0,0,0,0,0,0,0,0,0,0,0,0,0,0,0,0,0,0,0,0,0,0,0,0,0,0,0,0,0,10326,0,0,0,0,0,0,0,0,0,0,0,0,0,0,0,0,0,0,0,0,0,0,0,0,0,0,0,0,0,0,0,0,0,0,0,0,0,0,0,0,0,0,0,0,0,38,0,0,0,0,0,0,0,0,0,0,0,0,0,0,0,0,0,0,0,0,0,0,0,0,0,0,0,0,0,1177,0,0,0,0,0,0,0,0,0,0,0,0,0,0,0,0,0,0,0,0,0,0,0,0,0,0,0,0,0,0,0,0,0,0,0,0,0,0,0,0,0,0,0,0,0,0,0,0,0,0,0,0,0,0,0,0,0,0,0,0,0,0,0,0,0,0,0,0,0,0
"D506",0,0,0,0,0,0,0,0,0,0,0,0,0,0,0,0,0,0,189,0,0,0,0,0,0,0,0,0,0,0,0,0,0,0,0,0,0,0,0,0,0,0,0,0,0,0,342,582,0,0,0,0,0,0,0,6,0,0,0,0,0,0,0,0,0,0,0,0,0,0,0,0,0,2,0,0,0,7,2,0,0,0,0,0,0,0,0,0,0,0,0,0,0,0,0,0,0,0,0,0,0,0,2,0,0,0,0,0,0,0,0,2,0,0,0,0,0,0,0,0,0,0,0,0,0,0,19,0,0,0,0,0,0,0,154,0,0,0,0,0,0,0,0,0,0,0,0,0,0,0,0,0,0,0,0,0,0,0,0,0,0,0,10,0,0,0,0,5,0,0,7528,0,0,0,0,0,0,0,0,0,0,0,0,0,0,0,0,0,0,0,0,0,0,0,0,0,0,0,0,0,0,0,0,0,0,0,0,0,0,0,0,0,0,0,0,0,800,0,0,0,0,0,0,0,0,0,0,0,6,0,0,0,0,0,5,0,0,0,0,0,0,0,0,0,0,0,0,0,0,0,0,0,0,0,0,0,0,0,0,0,0,0,0,0,0,0,0,0,0,0,0,0,0,0,0,0,0,0,0,5,0,0,0,0,0,0,0,0,0,0,0,0,0,0,0,401,0,0,0,0,0,0,0,0,0,0,0,0,3,0,0,0,0,0,0,0,0,0,0,0,0,7,0,0,0,0,0,0,0,0,0,0,0,0,0,0,0,0,0,0,0,0,0,0,0,0,0,0,0,0,0,0,0,0,0,0,0,0,0,0,0,0,0,0,0,0,0,0,0,0,0,0,0,0,0,0,0,0,0,0,7,3,0,0,0,0,0,0,0,5,0,0,0,0,0,0,0,0,0,0,0,0,0,0,0,0,0,0,0,0,0,0,0,7,0,0,0,0,0,0,0,0,22,0,0,0,0,0,0,0,0,0,0,0,0,0,0,0,0,0,0,0,0,0,0,0,0,0,0,0,0,0,0,0,0,0,0,0,0,0,0,0,0,0,0,0,0,0,0,0,0,0,0,0,0,0,0,0,0,13,0,0,0,0,0,0,0,0,0,0,0,0,0,0,0,0,0,0,0,0,0,0,0,0,0,0,0,0,0,0,0,0,0,0,0,0,0,0,0,0,0,0,0,44,0,0,0,0,0,0,0,0,0,0
"D507",0,0,0,0,0,0,0,0,0,0,0,0,0,0,0,0,0,0,0,0,0,0,0,0,0,0,0,0,0,0,0,0,0,0,0,0,0,0,0,6,0,0,0,0,0,0,0,0,0,0,0,0,0,0,0,0,0,0,0,0,0,0,0,0,0,0,0,0,0,0,0,0,0,0,0,0,0,0,0,0,0,0,0,0,0,0,0,0,0,0,0,0,0,0,0,0,0,74,0,0,0,0,0,0,0,0,0,23,3,0,0,0,0,0,0,0,0,0,0,0,0,0,0,0,0,0,0,0,0,0,0,0,0,0,0,0,0,0,0,0,0,0,0,0,0,0,0,0,0,0,0,0,0,0,0,0,0,0,0,0,0,0,0,0,0,0,0,0,0,0,0,0,0,0,0,0,0,0,0,0,0,0,0,0,0,0,0,0,0,0,0,0,0,0,0,0,102,0,0,0,0,0,0,0,81,0,0,0,0,0,0,0,0,0,0,0,0,0,0,0,0,0,0,290,0,0,0,0,0,0,0,0,0,0,0,0,0,0,0,0,0,0,0,4688,0,0,0,0,0,0,0,0,0,0,0,0,0,0,0,0,0,0,0,0,0,0,0,0,0,0,0,0,0,0,0,0,0,0,0,0,0,0,0,0,0,0,0,0,0,0,0,0,0,0,0,0,0,0,0,0,0,0,0,0,0,0,0,0,0,0,0,0,0,0,0,392,0,0,0,0,0,0,0,0,0,0,0,0,0,0,0,0,0,0,0,0,0,2,0,0,0,0,0,0,0,0,0,0,0,0,0,0,0,0,0,0,0,0,0,0,0,0,0,0,0,0,0,0,0,0,0,0,0,0,0,0,0,0,0,0,0,0,0,0,0,0,0,14085,0,0,0,0,0,0,0,0,0,0,0,0,0,0,0,0,0,0,0,0,0,0,0,0,0,0,0,0,0,0,0,0,0,0,0,0,0,0,0,0,0,0,0,0,0,382,0,0,0,0,0,0,0,0,0,0,4,0,0,0,0,78,0,0,0,0,0,0,0,0,0,0,0,0,0,1,0,0,0,0,0,0,0,0,0,0,0,0,0,0,0,0,0,0,0,0,0,0,0,0,0,0,0,0,0,0,0,0,0,0,0,0,0,0,0,0,0,0,0,0,0,0,0,0,0,0,0,0,0,0,0,0,0,0,0,0,0,0,0,0,0,0,0,0,0,0
"D508",2,8,6,0,0,0,0,319,6,0,0,33,0,4,0,0,598,3,0,0,0,4,0,0,0,0,0,52,0,463,0,0,0,38,59,0,1,103,0,0,0,289,4,0,12,0,0,23,331,0,3,0,46,0,0,0,40,35,0,13,0,3,0,0,0,30,0,4,0,40,0,136,0,0,0,0,50,34,1,0,0,0,2,4,0,0,5,6,3,2,6,0,0,0,19,0,0,0,13,0,8,3,0,0,5,42,0,0,0,3,0,20,2,0,1,2,0,1,0,0,0,26,19,0,23,0,0,0,0,0,0,0,0,32,0,0,0,0,0,14,0,38,16,0,0,93,8,8,0,0,0,0,0,0,0,10,0,0,1,0,2,0,4,0,24,0,13,31,35,0,23,0,39,1,20,0,2,0,47,32,0,4,309,0,53,0,134,32,0,0,0,0,12,1,0,1,0,0,0,0,0,0,0,8,0,0,0,0,31,0,24,5,0,0,93,3,0,5,0,0,0,0,0,0,0,0,73,2,0,0,0,2,0,12,0,0,9,0,0,0,0,0,27,0,2,0,0,0,55,28,0,151,0,4,21,0,0,0,9,0,0,0,0,0,98,0,7,0,4,0,0,27,0,0,0,0,0,0,0,0,82,4,29,0,0,72,0,0,0,0,37,0,2,10,0,0,483,274,35,0,0,80,10,0,0,0,0,0,0,0,0,0,2,32,145,0,0,0,2,0,0,0,263,23,0,0,0,0,0,0,4,6,191,3,0,0,6,0,0,0,0,139,28,93,0,0,157,0,0,0,0,7,0,0,2,0,0,168,7,0,0,0,0,0,8,1,0,0,0,89,0,0,9,0,17,0,0,0,0,0,5,28,1,0,1,0,0,0,0,0,0,3,0,40,37,381,0,0,0,0,9,0,0,0,0,17,74,0,0,0,0,0,9,0,0,3,0,1065,3,0,23,0,6,0,0,0,0,3,0,64,15,0,0,0,7,285,4,0,0,5,0,0,0,0,0,4,1438,0,2,0,0,0,11,53,222,0,9,116,162,0,0,0,0,0,0,0,38,191,51,0,4,2,32,0,0,10,0,0,0,0,0,18,33,0,33,51,53,2,0,10,0,0,0,3,0,21,0,0,112,0,56,24,360,0,0,95,0,18,0,0,0,30,2,11,0,0,0,47,129,85,6,0,33,0,0,0,0,790,0,0,0,18,0,0
"D509",0,0,0,0,0,0,0,0,0,0,0,0,0,0,0,0,0,0,0,0,0,0,0,0,0,0,3,0,0,0,0,0,0,0,0,0,0,0,0,0,0,0,0,0,0,0,0,0,0,0,0,0,0,0,0,0,0,0,0,0,0,0,0,0,0,0,0,0,0,0,0,0,0,0,0,0,0,0,0,0,0,0,0,0,0,0,0,0,0,0,0,0,0,0,0,0,0,0,0,0,0,0,0,0,0,0,0,0,0,0,0,0,0,0,0,0,0,0,0,0,0,0,0,0,0,0,0,0,0,0,0,0,0,0,0,0,0,0,0,0,0,0,0,0,0,0,0,0,0,0,0,0,0,0,0,0,0,0,0,0,0,0,0,0,0,0,0,0,0,0,0,0,0,0,0,0,0,0,0,0,0,0,0,0,0,0,0,0,0,0,0,0,0,0,0,0,0,0,0,0,0,0,0,0,0,0,0,0,0,0,0,0,0,0,0,0,0,0,0,0,0,0,0,0,0,0,0,0,0,0,0,0,0,0,0,0,0,32,0,0,0,0,0,0,0,0,0,0,0,0,0,0,0,0,0,0,0,0,0,0,0,0,0,0,0,0,0,0,0,0,0,0,0,0,0,0,0,0,0,0,0,0,0,0,0,0,0,0,0,0,0,0,0,0,0,0,0,0,0,0,0,0,0,0,0,0,0,0,0,0,0,0,0,0,0,0,0,0,0,0,0,0,0,0,0,0,0,0,0,0,0,0,0,0,0,0,0,0,0,0,0,0,0,0,0,0,0,0,0,0,0,0,0,0,0,0,0,0,0,0,0,0,0,0,0,0,0,0,0,0,0,0,0,0,0,0,0,0,0,0,0,0,0,0,0,0,0,0,3,0,0,0,0,0,3,0,0,0,0,0,0,0,0,0,0,0,0,0,0,0,0,0,0,0,0,0,0,0,0,0,0,0,0,0,0,0,0,0,0,0,0,0,0,0,0,0,0,0,0,0,0,0,0,0,0,0,0,0,0,0,0,0,0,0,0,0,0,0,0,0,0,0,0,255,0,0,0,0,0,0,0,0,0,0,0,0,0,0,0,0,0,0,0,0,0,0,0,0,0,0,0,0,0,0,0,0,0,10,0,0,0,0,0,0,0,0,0,0,0,0,0,0,0,0,0,0,0,0,0,0,0,0,0,0,0,0,0,0,0,0,0,0,0,0
"D510",0,0,0,0,0,0,0,0,0,0,0,0,0,0,0,0,0,0,0,0,0,0,0,0,0,0,0,0,0,0,0,0,0,0,0,0,0,0,0,0,0,0,0,0,0,0,0,0,0,0,0,0,0,0,0,0,0,0,0,0,0,0,0,0,0,0,0,0,0,0,0,0,0,0,0,0,0,0,0,0,0,0,0,0,0,0,0,0,0,0,0,0,0,0,0,0,0,0,0,0,0,0,0,0,0,0,0,0,0,0,0,0,0,0,0,0,0,0,0,0,0,0,0,0,0,0,0,0,0,0,0,0,0,0,0,0,0,0,0,0,0,0,0,0,0,0,0,0,0,0,0,0,0,0,0,0,0,0,0,0,0,0,0,0,0,0,0,0,0,0,0,0,0,0,0,0,0,0,0,0,0,0,0,0,0,0,0,0,0,0,0,0,0,0,0,0,0,0,0,0,0,0,0,0,0,0,0,0,0,0,0,0,0,0,0,0,0,0,0,0,0,0,0,0,0,0,0,0,0,0,0,0,0,0,0,0,0,0,0,0,0,0,0,0,0,0,0,0,0,0,0,0,0,0,0,0,0,0,0,0,0,0,0,0,0,0,0,0,0,0,0,0,0,0,0,0,0,0,0,0,0,0,0,0,0,0,0,0,0,0,0,0,0,0,0,15161,0,0,0,0,0,0,0,0,0,0,0,0,0,0,0,0,0,0,0,0,0,0,0,0,0,0,0,0,0,0,0,0,0,0,0,0,0,0,0,0,0,0,0,0,0,0,0,0,0,0,0,0,0,0,0,0,0,0,0,0,0,0,0,0,0,0,0,0,0,0,0,0,0,0,0,0,0,0,0,0,0,0,0,0,0,0,0,0,0,0,0,0,0,0,0,0,0,0,0,0,0,0,0,0,0,0,0,0,0,0,0,0,0,0,0,0,0,0,0,0,0,0,0,0,0,0,0,0,0,0,0,0,0,0,0,0,0,0,0,0,0,0,0,0,0,0,0,0,0,0,0,0,0,0,0,0,0,0,0,0,0,0,0,0,0,0,0,0,0,0,0,0,0,0,0,0,0,0,0,0,0,0,0,0,0,0,0,0,0,0,0,0,0,0,0,0,0,0,0,0,0,0,0,0,0,0,0,0,0,0,0,0,0,0,0,2,0,0,0,0,0,0,0,0,0,0,0,0,0,0,0,0,0,0,0,0,0,0
"D511",4,22,57,6321,28,10,64,0,5,0,0,0,0,0,0,0,0,0,27,202,21,2,0,129,3,0,0,0,2,0,10,5,0,0,0,3,3,0,13,0,0,0,0,909,0,9,105,0,153,0,0,50,29,0,0,2,7,0,0,3,384,0,0,2,0,0,0,0,354,0,9,27,0,0,23,0,8,0,0,0,0,17,0,0,0,0,0,0,0,2,8,5,0,0,0,0,1050,0,8,3,0,0,462,26,0,0,20,918,98,2,9,0,4,12,0,0,9,4,0,339,131,0,0,21,0,0,557,58,0,2,8,0,0,10,0,10,0,18,13,0,9,2,37,155,0,5,0,0,0,0,24,57,121,3,9,0,111,1,19,0,0,0,6,6,0,0,0,0,0,6,0,10,0,2,11,0,0,0,3,0,0,0,0,11,3,0,0,23,0,0,0,3,0,98,0,12,971,56,1,2,2,0,0,0,4,0,77,8,31,86,1,0,0,0,0,0,108,0,0,0,0,12,0,6,0,0,0,2,0,5,0,0,0,0,10255,26,4,163,43,1,0,0,0,0,4,0,21,0,0,0,4,8,2,2,468,82,19,0,2,3,32,0,0,2,3,0,0,0,0,0,0,598,3,0,46,6,7,3,0,185,11,0,0,13,123,0,2,0,4,0,0,8,4,3,0,0,0,15,0,0,19,17,0,2,0,13,3,33,123,2,0,6,0,11,13,4,60,7,0,0,0,0,10,829,5,0,16,0,17,48,15,0,16,0,0,0,0,103,5,0,8,18,0,8,0,3,89,466,2,0,1,0,0,0,3,2,0,0,29,0,0,2986,83,47,0,0,248,0,5,0,10,1,3,9,0,0,5,11,0,0,0,0,0,3,0,39,9,7,0,0,3,52,3,0,1,0,0,0,8,0,0,607,14508,60,0,0,4,8,1,0,3,538,2,43,4,0,0,0,443,0,0,0,0,0,0,269,484,4,7,0,0,0,0,9,0,0,1376,0,2,0,0,0,15,0,100,39,79,0,0,2,10,0,4,0,4,24,0,8,4,0,12,0,55,0,0,420,0,7,15,4,0,5,0,0,699,0,168,0,8,0,5,0,4,3,10,0,0,0,0,23,0,0,2,0,2,0,84,0,3,83,2,0,48,0,12,2,0,0,0,0,66,242,0,1,0,2,0,3,27,0,2,34,0,0,0,0,0,87,0,0,2,1,990,4
"D512",5,1,0,0,0,8,2,0,0,0,0,4,2,0,0,0,0,0,12,0,2,0,0,0,0,0,0,0,0,0,20,0,13,0,0,0,0,0,0,0,0,0,0,0,0,0,0,0,0,0,0,0,0,0,100,0,0,0,0,1,0,0,0,2,0,0,0,502,0,0,0,0,0,0,0,0,0,0,0,0,0,0,2,0,0,26,0,0,0,10,0,0,4,0,0,2,0,0,0,0,0,0,0,0,0,0,55,0,0,0,0,0,0,0,0,0,0,0,0,0,0,0,0,0,0,0,0,0,0,5,0,0,51,0,0,0,0,0,212,0,0,0,0,0,0,0,0,0,0,154,0,0,0,0,11,0,0,0,0,0,0,0,507,0,0,0,0,0,0,15,0,0,0,0,0,0,0,0,0,0,0,0,0,0,0,0,0,0,0,0,0,10,0,0,0,26,0,0,0,0,0,0,0,2,29,0,0,0,0,0,0,0,0,0,0,0,0,0,4,0,0,0,0,0,0,3,0,0,0,0,0,11,263,0,0,0,0,0,0,0,27,0,0,0,0,0,0,0,64,0,19,0,0,0,0,0,0,7,0,0,0,0,0,169,0,0,0,0,0,0,18,1,0,0,0,80,0,0,0,0,0,0,0,0,0,0,0,0,0,0,0,0,0,0,12,0,0,0,0,0,0,0,0,0,0,751,0,0,0,546,0,2,0,3,0,0,0,37,0,0,0,0,0,0,0,0,0,0,0,0,0,0,0,0,0,0,0,0,0,0,0,0,0,0,0,0,0,0,0,0,71,0,0,0,0,0,0,0,0,0,474,0,0,29,0,0,0,0,2,0,0,0,0,0,0,29,0,0,0,0,0,0,0,0,0,0,49,0,0,6,0,0,0,0,0,0,0,0,0,0,0,6,0,0,0,0,0,0,0,0,0,0,0,38,0,0,0,0,0,0,9,0,0,0,0,0,0,0,88,0,0,0,1,0,0,0,0,7,7,0,0,0,0,0,0,0,0,0,0,0,0,0,0,0,0,0,0,0,0,0,0,0,0,102,0,0,0,255,0,0,0,0,2,0,0,0,0,0,142,0,0,0,0,0,12,0,0,0,37,0,0,1,0,0,28,0,0,4,0,0,0,0,1,0,0,0,0,0,0,0,0,174,0,0,4,0,0,0,0,0,0,0,0,0,0,0,0,0,0,68,0,0,14,0
"D513",5,36,0,0,11,19,0,0,1,0,1,3,0,31,93,11,0,16,0,90,200,0,75,0,0,406,0,0,10,118,9,0,218,31,0,0,0,14,130,0,173,32,34,0,32,25,0,143,28,0,4,0,5,5,0,0,188,229,0,24,0,0,156,9,0,0,0,24,0,16,71,0,3,0,0,0,156,12,0,0,0,63,0,0,3,7,0,2,0,1,0,14,19,1,0,0,0,0,11,379,0,25,0,0,11,19,2,0,0,0,0,15,83,3,0,0,11,13,0,0,9,2,172,0,0,0,0,0,0,8,24,9,0,105,0,0,28,17,23,40,0,38,6,0,0,49,9,243,49,0,43,29,0,12,0,3,0,27,9,22,0,0,0,4,5,0,1,52,4,1,8,0,0,0,4,5,25,0,0,45,38,0,13,0,39,171,8,24,0,1,9,0,2,16,2,3,0,0,0,9,42,0,5,0,0,0,14109,0,0,154,26,0,0,0,1,0,0,14,5,9,1449,54,0,0,0,0,0,13,0,51,29,47,0,11,0,0,8,0,51,25,0,42,10,0,13,5,37,0,0,24,0,50,8,11,824,0,0,91,16,4,2,0,40,1,0,84,7,0,65,30,1,54,12,83,58,74,93,0,0,50,79,4,0,28,0,36,92,24,0,0,16,0,29,9,0,0,0,0,45,41,163,505,0,0,0,0,213,0,69,0,0,34,1,65,143,0,0,13,0,0,2,0,56,0,8,0,46,0,6,6,0,0,443,0,19,87,119,0,0,3,0,216,5,47,3,53,0,0,12,0,3,0,0,0,0,0,3,52,0,0,0,0,0,90,6,9,0,0,0,15,0,6,2,0,0,2,26,16,4,37,0,0,46,19,0,32,3,0,0,0,108,1,46,0,77,218,0,0,72,2,0,0,0,0,2,0,9,6,32,1,175,0,16,2,0,2,7,0,0,4,48,207,0,0,0,0,0,102,0,67,11,0,2,0,5,124,0,0,2,6,0,44,0,0,0,0,1799,1901,19,0,11,2,20,24,70,15,0,27,15,23,72,0,285,0,0,15,18,32,174,29,159,60,2,83,0,23,57,0,2,0,42,20,81,8,84,0,21,2,0,18,0,0,239,11,2,92,0,0,15,4,25,6,121,0,0,8,0,7,118,0,0,55,7,12,13,0,0,20,4,0,56,0,0,0,0,2,43,696,56,1,0,30,0,18
"D514",0,0,0,20,0,0,6138,0,1,0,0,0,0,0,0,0,0,0,7,4,0,0,0,8,0,0,0,0,0,0,3,3,0,0,0,0,0,0,0,0,0,0,0,0,0,0,16171,0,0,0,0,0,0,0,0,5,0,0,55,0,163,0,2,0,0,0,20,0,0,0,0,0,0,0,14,0,0,0,0,0,0,5,0,0,0,0,0,0,0,0,0,0,0,0,0,0,0,0,0,0,0,0,2274,116,0,0,2,17,2,0,0,0,0,0,0,0,0,0,0,11,0,0,0,72,0,0,32,3,0,0,0,0,0,0,0,0,0,0,0,0,0,0,0,8,0,0,0,0,0,0,0,0,0,0,8,0,635,0,0,0,0,0,8,0,0,0,0,3,0,0,0,950,0,6,0,0,0,0,0,0,0,0,0,0,0,0,0,0,0,0,0,0,0,0,2,0,756,5,0,0,0,0,0,0,0,0,0,0,0,0,0,0,0,0,0,0,13242,0,0,0,0,0,0,0,0,134,0,0,0,0,0,0,0,0,147,0,0,290,0,0,0,0,0,0,0,0,0,0,0,0,0,0,0,0,5,1052,6,0,0,0,8,0,0,0,0,0,0,0,0,0,5,0,0,0,0,4,0,50,0,0,0,0,0,0,0,0,0,0,52,0,0,7,0,0,0,0,0,0,2512,0,0,0,0,0,0,15,0,0,0,2,8487,0,0,0,0,6,0,0,0,0,56,0,0,0,0,3,0,0,0,15,0,0,0,0,0,0,0,516,779,0,22547,4,0,0,0,0,0,0,0,0,0,0,0,0,0,0,0,0,0,0,0,2,7,0,0,0,4,0,0,0,3,14,0,0,0,0,0,0,0,0,0,0,0,0,0,0,0,0,19,6,0,3,0,0,0,0,0,0,0,0,0,0,106,12,0,0,0,0,0,0,0,15,0,0,0,0,0,0,0,0,0,0,0,0,0,0,10,0,3,0,0,1,0,0,0,0,0,0,7,0,0,0,0,0,3,26,0,0,0,0,0,0,0,0,0,0,0,0,0,0,0,0,1,0,0,1846,0,0,0,0,0,0,0,0,0,0,0,0,0,0,0,0,0,0,0,0,0,0,0,0,0,111,0,0,0,5,0,0,0,0,0,0,0,218,3,0,0,0,0,0,0,0,0,0,0,0,0,0,0,0,3,0,0,0,0,0,0,0,0,1,0,0,1985,0
"D515",0,0,0,0,0,0,0,0,0,0,0,0,0,0,0,0,0,0,0,0,0,0,0,0,0,0,3,0,0,0,0,0,0,0,0,0,0,0,0,7850,0,0,0,0,0,0,0,0,0,0,0,0,0,0,0,0,0,0,0,0,0,0,0,0,0,0,0,0,0,0,0,0,0,0,0,0,0,0,0,0,0,0,0,0,0,0,0,0,0,0,0,0,0,0,0,0,1185,0,0,0,0,0,0,0,0,0,0,9428,1546,0,0,0,0,0,0,0,0,0,0,0,0,0,0,0,0,0,0,540,0,0,0,0,0,0,0,0,0,0,0,0,0,0,0,0,0,0,0,0,0,0,0,0,0,0,0,0,0,0,0,0,0,0,0,0,0,0,0,0,0,0,0,0,0,0,0,0,0,0,0,0,0,0,0,75,0,0,0,0,0,0,0,0,0,0,0,0,285,1697,0,0,0,0,0,0,0,0,0,0,0,0,0,0,0,0,0,0,0,0,0,0,0,0,0,0,0,0,0,0,0,0,0,0,0,0,2458,0,0,0,0,0,0,0,0,0,0,0,0,0,0,0,0,0,0,0,0,0,0,0,0,0,0,0,0,0,0,0,0,0,0,0,0,0,0,0,0,0,0,0,0,0,0,0,0,0,0,0,0,0,0,0,0,0,0,0,0,0,0,0,0,0,0,0,0,0,0,0,0,0,0,0,0,0,0,0,0,0,5203,0,0,0,0,0,0,0,0,0,0,0,0,0,0,0,0,0,0,0,0,0,0,0,0,0,0,0,0,0,0,0,0,0,0,0,0,0,0,0,0,0,0,0,0,0,0,0,0,0,0,0,0,0,0,0,0,229,0,0,0,0,0,0,0,0,0,0,0,0,0,0,0,0,0,0,0,0,0,0,0,0,0,0,0,0,0,0,0,0,0,0,0,0,0,0,0,0,0,0,0,0,0,0,0,0,0,0,0,0,134,0,0,0,0,0,0,0,0,0,0,0,0,0,0,0,0,0,1957,0,0,0,0,0,0,0,0,0,0,0,0,0,0,0,0,0,0,0,0,0,0,0,0,0,0,0,0,0,0,0,0,0,0,0,0,0,0,0,0,0,0,0,0,0,0,0,0,0,0,0,801,0,0,0,0,0,0,0,0,0,0,0,0,0,0,0,0,0,0,0,0,0,0,0,0,0,0,0,0,0,0,0,0,0,0,0,0,0
"D516",0,0,0,0,0,0,0,0,0,0,0,0,0,0,0,0,33,0,12840,0,0,0,0,0,0,0,0,0,0,0,0,0,0,0,0,347,0,0,0,0,0,0,0,0,0,0,38,2516,0,0,0,0,0,0,99,24,0,0,0,0,0,71,0,0,0,0,0,2,0,0,0,0,0,0,0,0,0,0,2,0,0,0,0,0,0,0,1,0,12,0,0,0,0,0,0,0,0,0,0,0,0,0,0,0,0,0,0,0,0,0,0,0,0,0,6,0,0,0,0,0,0,0,2,0,0,0,0,0,0,0,0,0,0,0,3950,0,0,0,0,0,0,0,0,0,0,0,0,0,0,0,0,0,0,0,0,0,0,0,0,0,0,0,0,0,4,0,0,0,0,0,4366,0,0,0,0,0,0,0,0,0,0,0,0,0,0,0,0,0,0,0,0,0,0,0,0,0,0,0,0,0,0,0,0,0,0,0,0,0,0,0,0,0,0,0,0,0,103,0,0,0,0,0,0,0,0,0,0,0,0,0,0,3,0,0,0,0,0,0,0,0,0,0,0,0,0,0,0,0,0,0,0,0,0,0,0,0,0,0,0,0,0,0,0,0,0,0,0,0,0,0,397,0,0,0,0,0,0,0,0,0,0,0,0,0,0,0,0,0,0,0,0,0,0,0,0,550,0,0,0,0,0,0,0,0,0,0,0,0,0,521,0,0,34,0,0,0,0,0,10,1,0,26,0,0,0,0,0,0,0,0,0,0,0,0,2,0,0,0,0,0,0,0,0,5,0,0,0,0,0,0,0,0,0,0,0,0,8,0,0,0,8,0,0,0,0,0,0,0,0,4,0,63,0,0,0,0,0,0,0,0,11,3,0,0,0,0,0,0,0,0,0,0,0,1,0,0,0,0,0,0,0,0,0,0,0,0,0,0,0,0,0,0,0,1598,0,0,0,0,0,0,0,0,18,0,0,0,0,0,0,0,0,0,0,0,0,0,0,0,0,2,0,0,0,6,0,0,0,0,0,0,0,0,0,0,1,0,0,0,0,0,0,0,0,0,0,0,0,0,0,0,0,0,0,0,0,0,0,0,0,15,0,0,0,0,0,7,0,3,0,0,0,0,0,0,0,0,0,0,0,0,0,0,0,0,0,0,0,0,0,0,0,0,0,0,0,0,0,0,0,0,0,0,0,107,0,0,0,0,0,34,0,0,0,0
"D517",0,0,0,0,0,0,0,0,0,0,0,0,0,0,0,0,0,0,0,0,0,0,0,89,0,0,0,0,0,0,0,749,0,0,0,0,0,0,0,0,0,0,0,0,0,0,0,0,156,0,0,0,0,0,0,0,0,0,0,0,0,0,0,0,4886,0,0,0,0,0,0,0,0,0,0,0,0,0,0,5,0,0,0,0,0,0,0,0,0,0,0,0,0,0,0,0,0,0,0,0,0,0,0,0,0,0,0,0,0,0,0,0,0,0,0,0,0,0,0,0,0,0,0,284,0,0,224,0,0,0,0,0,0,0,0,0,0,0,0,0,0,0,0,0,0,0,0,0,0,0,0,0,0,0,0,0,413,0,0,0,0,0,0,0,0,0,0,0,0,0,0,989,0,0,0,0,0,0,0,0,0,0,0,0,0,0,0,0,0,0,0,0,0,0,0,0,0,0,0,0,0,0,0,0,159,0,0,0,0,0,0,0,0,0,0,0,0,0,0,0,0,0,94,0,0,53,0,0,0,0,0,0,0,0,198,0,0,561,0,0,0,0,0,0,0,0,0,0,0,0,299,0,0,0,18,0,0,0,0,0,0,0,0,0,0,0,0,0,0,0,0,0,0,0,0,0,0,0,0,0,0,0,0,0,0,0,0,0,0,0,0,0,0,0,0,0,0,0,0,0,0,0,0,0,0,0,0,0,0,0,0,0,0,0,0,0,0,0,0,0,109,0,0,0,0,0,0,0,0,0,0,0,0,0,0,0,0,0,0,0,0,0,0,0,0,0,0,0,0,0,0,0,0,0,0,0,0,0,0,0,0,0,0,0,0,0,0,0,0,0,0,0,0,0,0,0,0,0,0,0,0,0,0,0,0,0,0,0,3867,0,0,0,0,0,0,0,0,0,0,0,0,0,186,0,0,0,0,0,0,0,0,0,0,0,0,0,0,0,0,0,0,0,0,0,0,0,0,0,0,0,0,0,0,0,0,0,0,0,0,0,0,0,0,0,0,0,0,0,0,0,0,0,0,0,0,0,0,0,0,0,320,0,0,0,11,1147,0,0,0,0,0,0,0,0,0,0,0,0,0,0,0,0,0,0,0,0,0,0,0,0,0,0,0,0,0,0,0,0,0,0,0,0,0,427,7,0,0,0,0,0,0,0,0,0,0,0,0,0,0,0,0,0,0,0,0,0,0,0,0,0,0,0,494,0
"D518",0,0,0,0,0,0,0,0,0,0,0,0,0,0,0,0,0,0,0,0,0,0,0,0,0,0,0,0,0,0,0,0,0,0,0,0,0,0,0,2,0,0,0,0,0,0,0,0,0,0,0,0,0,0,0,0,0,0,0,0,0,0,0,0,0,0,0,0,0,0,0,0,0,0,0,0,0,0,0,0,0,0,0,0,0,0,0,0,0,0,0,0,0,0,0,0,0,0,0,0,0,0,0,0,0,0,0,0,0,0,0,0,0,0,0,0,0,0,0,0,0,0,0,0,0,0,0,0,0,0,0,0,0,0,0,0,0,0,0,0,0,0,0,0,0,0,0,0,0,0,0,0,0,0,0,0,0,0,0,0,0,0,0,0,0,0,0,0,0,0,0,0,0,0,0,0,0,0,0,0,0,0,0,0,0,0,0,0,0,0,0,0,0,0,0,0,0,0,0,0,0,0,0,0,0,0,0,0,0,0,0,0,0,0,0,0,0,0,0,0,0,0,0,0,0,0,0,0,0,0,0,0,0,0,0,0,0,5,0,0,0,0,0,0,0,0,0,0,0,0,0,0,0,0,0,0,0,0,0,0,0,0,0,0,0,0,0,0,0,0,0,0,0,0,0,0,0,0,0,0,0,0,0,0,0,0,0,0,0,0,0,0,0,0,0,0,0,0,0,0,0,0,0,0,0,0,0,0,0,0,0,0,0,0,0,0,0,0,0,0,0,0,0,0,0,0,0,0,0,0,0,0,0,0,0,0,0,0,0,0,0,0,0,0,0,0,0,0,0,0,0,0,0,0,0,0,0,0,0,0,0,0,0,0,0,0,0,0,0,0,0,0,0,0,0,0,0,0,0,0,0,0,0,0,0,0,0,0,0,0,0,0,0,0,0,0,0,0,0,0,0,0,3282,0,0,0,0,0,0,0,0,0,0,0,0,0,0,0,0,0,0,0,0,0,0,0,0,0,0,0,0,0,0,0,0,0,0,0,0,0,0,0,0,0,0,0,0,0,0,0,0,0,0,0,0,0,0,0,0,0,0,0,0,31,0,0,0,0,0,0,0,0,0,0,0,0,0,0,0,0,0,0,0,0,0,0,0,0,0,0,0,0,0,0,0,0,0,0,0,0,0,0,0,0,0,0,0,0,0,0,0,0,0,0,0,0,0,0,0,0,0,0,0,0,0,0,0,0,0,0,0,0,0,0
"D519",3,25,4,0,0,1,0,0,3,34,0,2,0,1,19,14,0,15,0,23,94,9,27,0,0,469,0,4,9,109,7,0,0,15,3,0,0,0,194,0,215,0,9,0,26,8,0,0,13,0,1,1,8,1,4,0,48,90,0,50,0,0,123,0,4,0,1,0,0,0,31,2,8,0,0,0,48,0,0,0,0,9,0,0,0,2,2,4,0,0,0,8,4,5,0,1,0,0,0,568,2,2,0,0,16,22,0,0,0,0,4,7,71,5,0,2,3,14,0,0,2,5,42,0,0,3,0,0,0,0,9,8,0,53,0,0,8,5,37,37,0,8,0,0,0,45,0,81,39,6,3,4,0,3,0,2,0,36,16,91,0,0,6,1,8,0,6,1,0,2,0,0,0,0,13,0,0,0,7,14,10,0,19,0,15,4,0,4,13,0,2,1,2,27,0,0,0,0,0,12,26,0,8,2,0,0,1975,10,0,173,13,0,7,0,0,0,0,9,2,2,96,24,0,0,2,0,3,32,0,23,3,0,0,8,0,0,5,6,12,24,0,49,38,0,10,0,27,0,6,37,0,22,46,20,339,0,0,56,8,1,0,0,10,0,0,148,107,0,0,17,0,21,25,56,57,25,7,0,0,9,8,1,0,50,0,9,7,8,0,0,20,0,7,5,0,0,0,45,19,43,127,195,0,7,0,1,268,0,60,5,0,13,0,109,31,0,0,3,0,0,0,2,21,3,0,0,21,0,22,5,4,0,64,0,53,5,136,0,0,0,0,116,5,6,2,7,0,0,14,0,7,0,0,0,0,3,0,0,1,2,0,0,0,40,1,7,0,0,0,11,0,0,4,0,0,0,18,103,0,10,0,0,51,13,0,280,0,0,0,4,35,5,177,0,70,16,0,0,52,0,0,1,2,0,0,0,1,11,18,2,336,0,0,13,0,0,14,77,4,0,49,7,0,0,0,0,0,30,0,15,29,0,6,0,16,127,0,0,0,0,0,128,0,0,0,0,566,454,6,0,4,40,6,10,90,12,0,8,6,38,13,0,214,0,0,19,53,12,123,7,187,12,0,80,0,2,23,1,0,0,20,3,0,8,65,0,13,0,0,9,0,0,119,49,0,56,0,0,38,2,7,20,87,0,5,2,3,40,81,3,0,29,1,2,0,0,2,23,2,0,13,0,0,0,0,3,23,256,3,6,0,7,12,0
"D520",0,0,0,0,0,0,0,5,0,0,0,0,2,0,0,0,9,0,0,0,0,0,0,0,0,0,0,0,0,0,0,148,0,0,0,0,0,0,0,0,0,30,0,0,0,0,0,0,0,1,4,0,0,0,0,0,0,0,0,0,0,0,35,2,0,0,0,0,0,0,0,0,0,0,75,0,0,0,0,0,0,0,2,0,0,0,0,0,8,0,0,0,0,7,0,0,0,11,0,25,0,0,0,0,0,0,0,0,0,0,2,33,0,0,126,0,0,0,5,0,0,0,0,0,0,0,0,0,71,0,0,0,2,0,0,0,0,0,6,0,0,0,0,0,27,0,0,0,0,1,0,0,0,0,0,0,0,0,9,0,97,0,0,0,0,0,2,0,2,2,973,0,0,0,0,0,4,0,0,0,0,2,83,0,0,5,5,0,0,0,0,0,0,0,0,0,0,0,0,0,0,0,0,0,5,13,1,0,1,0,0,0,0,65,0,0,0,0,0,0,0,0,0,0,14,0,0,0,20,0,0,352,0,0,0,0,0,0,0,3,0,0,0,0,0,0,0,0,6,0,0,0,0,0,0,0,0,0,0,0,0,0,0,704,0,0,166,0,0,0,0,60,0,0,0,0,0,0,0,0,0,0,0,0,0,0,0,0,0,0,0,0,0,0,0,0,0,0,0,0,0,0,0,0,0,0,0,0,0,16,0,0,0,0,0,0,0,0,22,4,0,0,0,0,0,0,0,17,0,0,0,2,0,4,0,0,0,2,0,2,0,0,0,0,0,0,0,0,0,0,0,0,0,18,0,0,13,0,0,0,3,0,0,0,0,0,0,0,0,4,0,0,2,0,0,3,0,0,0,0,38,0,0,0,2,0,2,0,0,0,0,0,0,0,0,57,2,73,0,0,87,0,0,0,0,0,0,0,0,0,0,0,0,0,0,0,0,0,0,1,2,0,0,0,64,0,0,0,0,0,0,38,0,0,0,0,0,0,0,0,0,0,0,2,0,20,1,2,0,0,0,3,0,0,0,0,12,0,0,0,0,18,0,0,0,0,0,97,3,0,0,0,0,0,0,0,0,13,0,25,0,3,0,0,0,2,0,4,0,0,63,1,0,0,0,129,0,0,0,0,0,0,0,0,0,0,0,0,0,0,0,3,0,0,0,0,75,0,0,2,0,0,0,0,313,0,0,0,0,0,28,0,0,0
"D521",0,0,0,0,0,0,0,0,0,0,0,0,0,0,0,0,0,0,0,0,0,0,0,0,0,0,0,0,0,0,0,0,0,0,0,0,0,0,0,0,0,0,0,0,0,0,0,0,0,0,0,0,0,0,0,0,0,0,0,0,0,0,0,0,0,0,0,0,0,0,0,0,0,0,0,0,0,0,0,0,0,0,0,0,0,0,0,0,0,0,0,0,0,0,0,0,0,0,0,0,0,0,0,0,0,0,0,0,0,0,0,0,0,0,0,0,0,0,0,0,0,0,0,0,0,0,0,0,0,0,0,0,0,0,0,0,0,0,0,0,0,0,0,0,0,0,0,0,0,0,0,0,0,0,0,0,0,0,0,0,0,0,0,0,0,0,0,0,0,0,0,0,0,0,0,0,0,0,0,0,0,0,0,0,0,0,0,0,0,0,0,0,0,0,0,0,0,0,0,0,0,0,0,0,0,0,0,0,0,0,0,0,0,0,0,0,0,0,0,0,0,0,0,0,0,0,0,0,0,0,0,0,0,0,0,0,0,0,0,0,0,0,0,0,0,0,0,0,0,0,0,0,0,0,0,0,0,0,0,0,0,0,0,0,0,0,0,0,0,0,0,0,0,0,0,0,0,0,0,0,0,0,0,0,0,0,0,0,0,0,0,0,0,0,0,0,0,0,0,0,0,0,0,0,0,0,0,0,0,0,0,0,0,0,0,0,0,0,0,0,0,0,0,0,0,0,0,0,0,0,0,0,0,0,0,0,0,0,0,0,0,0,0,0,0,0,0,0,0,0,0,0,0,0,0,0,0,0,0,0,0,0,0,0,0,0,0,0,0,0,0,0,0,0,0,0,0,0,0,0,0,0,0,0,0,0,0,0,0,0,0,0,0,0,0,0,0,0,0,0,0,0,0,0,0,0,0,0,0,0,0,0,0,0,0,0,0,0,0,0,0,0,0,0,0,0,0,0,0,0,0,0,0,0,0,0,0,0,0,0,0,0,0,0,0,0,0,0,0,0,0,0,0,0,0,0,0,0,0,0,0,0,0,0,0,0,0,0,0,0,0,0,0,0,0,0,0,0,0,0,0,0,0,0,0,0,0,0,0,0,0,0,0,0,0,0,0,0,0,0,0,0,0,0,0,0,0,0,0,0,0,0,0,0,0,0,0,0,0,0,0,0,0,0,0,0,0,0,0,0,0,0,0,0
"D522",0,0,0,9,0,0,0,0,0,0,0,0,0,0,0,0,0,0,0,0,0,0,0,0,0,0,0,0,0,0,0,0,0,0,0,0,0,0,0,6,0,0,0,0,0,0,0,0,0,0,0,0,0,0,0,0,0,0,0,0,0,0,0,0,0,0,0,0,0,0,0,0,0,0,0,0,0,0,0,0,0,0,0,0,0,0,0,0,0,0,0,0,0,0,0,0,0,23,0,0,0,0,0,0,0,0,0,12,0,0,0,0,0,0,0,0,0,0,0,0,0,0,0,0,0,0,0,0,0,0,0,0,0,0,0,0,0,0,0,0,0,0,0,0,0,0,0,0,0,0,0,0,0,0,0,0,0,0,0,0,0,0,0,0,0,0,0,0,0,0,0,0,0,0,0,0,0,0,0,0,0,0,0,0,0,0,0,0,0,0,0,0,0,0,0,0,21,0,0,0,0,0,0,0,16,0,0,0,0,0,0,0,0,0,0,0,0,0,0,0,0,0,0,89,0,0,0,0,0,0,0,0,0,0,0,0,0,0,0,0,0,0,0,1243,0,0,0,0,0,0,0,0,0,0,0,0,0,0,0,0,0,0,0,0,0,0,0,0,0,0,0,0,0,0,0,0,0,0,0,0,0,0,0,0,0,0,0,0,0,0,0,0,0,0,0,0,0,0,0,0,0,0,0,0,0,0,0,0,0,0,0,0,0,0,0,2136,0,0,0,0,0,0,0,0,0,0,0,0,0,0,0,0,0,0,0,0,0,0,0,0,0,0,0,0,0,0,0,0,0,0,0,0,0,0,0,0,0,0,0,0,0,0,0,0,0,0,0,0,0,0,0,0,0,0,0,0,0,0,0,0,0,0,0,0,0,0,0,5881,0,0,0,0,0,0,0,0,0,0,0,0,0,0,0,0,0,0,0,0,0,0,0,0,0,0,0,0,0,0,0,0,0,0,0,0,0,0,0,0,0,0,0,0,0,1043,0,0,0,0,0,0,0,0,0,0,3,0,0,0,0,0,0,0,0,0,0,0,0,0,0,0,0,0,0,36,0,0,0,0,0,0,0,0,0,0,0,0,0,0,0,0,0,0,0,0,0,0,0,0,0,0,0,0,0,0,0,0,9,0,0,0,0,0,0,0,0,0,0,0,0,0,0,0,0,0,0,0,0,0,0,0,0,0,0,0,0,0,0,0,0,0,0,0,0,0
"D523",0,0,0,0,0,0,0,0,0,0,0,0,0,0,0,0,0,0,0,0,0,0,0,8,0,0,47,0,0,0,0,0,0,0,0,0,0,0,0,5,0,0,0,0,0,0,0,0,0,0,0,0,0,0,0,0,0,0,0,0,0,0,0,0,0,0,0,0,0,0,0,0,0,0,0,0,0,0,0,0,0,0,0,0,0,0,0,0,0,0,0,0,0,0,0,0,0,0,0,0,0,0,0,0,0,0,0,0,0,0,0,0,0,0,0,0,0,0,0,0,0,0,0,0,0,0,0,0,0,0,0,0,0,0,0,5,0,0,0,0,0,0,0,0,0,0,0,0,0,0,0,0,0,0,0,0,0,0,0,0,0,0,0,0,0,0,0,0,0,0,0,0,0,0,0,0,0,0,0,0,0,0,0,2,0,0,0,0,0,0,0,0,0,0,0,0,0,0,0,0,0,0,0,0,0,0,0,0,0,0,0,0,0,0,0,0,0,0,0,0,0,0,0,615,0,0,0,0,0,0,0,0,0,0,0,2,0,70,0,0,0,0,0,12,0,0,0,0,0,0,0,0,0,0,0,0,0,0,0,0,0,0,0,0,0,0,0,0,0,0,0,0,0,0,0,0,0,0,0,0,0,0,0,0,0,0,0,0,0,0,0,0,0,0,0,0,0,0,0,0,0,0,0,0,0,0,0,0,0,0,3,0,0,0,0,92,0,0,0,0,0,0,0,0,0,0,0,0,0,0,0,0,0,0,0,0,0,0,0,0,0,0,0,0,0,0,0,0,0,0,0,0,0,0,0,0,0,0,0,0,0,0,0,0,0,0,0,0,0,0,0,0,0,0,0,0,0,0,0,0,0,0,0,0,0,0,0,10,0,0,0,0,0,0,0,0,0,0,0,0,0,0,0,0,0,0,0,0,0,0,0,0,0,0,0,0,0,0,0,0,0,0,0,0,0,0,0,0,0,0,0,0,0,0,0,0,0,0,0,0,0,0,0,0,0,0,0,0,0,0,0,0,0,0,0,0,0,0,0,0,0,0,0,147,0,0,0,0,0,0,0,0,0,0,0,0,0,0,0,0,0,0,0,0,0,0,0,0,0,0,0,0,0,0,0,0,0,0,0,0,0,0,0,0,0,0,0,0,0,0,0,0,0,0,0,0,0,0,0,0,0,0,0,0,0,0,0,0,0,0,0,0,0,0
"D524",0,0,0,0,0,0,0,0,0,0,0,0,0,0,0,0,0,0,0,0,0,0,0,0,8,0,0,0,0,0,0,0,0,0,0,0,0,0,0,0,0,0,0,34,0,0,0,0,0,0,0,0,0,0,0,0,0,0,3,0,0,0,0,0,0,0,0,0,0,0,0,0,0,0,0,0,0,0,0,0,0,0,0,0,0,0,0,0,0,0,0,0,0,0,0,0,0,0,0,0,0,0,0,0,0,0,0,0,0,0,0,0,0,0,0,0,0,0,0,0,0,0,0,0,0,0,0,0,0,0,0,0,0,0,0,0,0,0,0,0,0,0,0,0,0,0,0,0,0,0,0,0,0,0,9,0,0,0,0,0,0,0,0,0,0,0,0,0,0,0,0,0,0,0,0,33,0,0,0,0,0,0,0,0,0,0,0,0,0,0,0,0,0,0,48,0,0,0,0,0,0,0,0,0,2,0,0,0,0,0,0,0,0,0,0,0,0,0,0,0,0,0,0,0,0,0,0,0,0,0,0,0,0,0,0,0,0,0,0,0,0,0,0,0,0,0,0,0,0,0,0,0,0,0,0,0,0,0,0,0,0,0,0,0,0,0,0,0,0,0,0,0,0,0,0,0,0,0,0,0,0,0,0,0,0,0,0,0,0,0,0,0,0,0,0,0,0,0,7,0,0,0,0,0,0,0,0,0,0,0,106,0,0,0,0,0,0,0,0,0,0,0,0,0,0,0,0,0,0,0,0,0,0,0,0,0,0,0,0,0,0,0,0,0,0,0,0,0,0,0,0,0,0,0,0,0,0,0,0,0,0,0,0,0,0,0,0,1,0,0,0,0,0,0,0,0,0,0,0,0,0,2,0,0,0,0,0,0,0,0,0,0,0,0,0,0,0,0,0,0,0,0,0,0,0,0,0,0,0,0,0,0,0,2,0,0,0,0,0,0,0,0,0,0,0,0,0,0,0,0,0,0,0,0,0,0,166,0,2,0,0,0,0,0,0,0,0,0,0,51,0,0,0,0,0,0,0,0,0,0,0,0,0,89,0,0,0,0,0,0,0,0,0,0,0,0,0,0,0,0,0,0,0,0,0,0,0,0,0,0,0,0,0,0,0,0,0,7922,0,0,0,0,0,0,0,0,0,0,0,0,0,0,0,0,0,0,0,0,0,0,0,0,0,0,0,0,0,0,0,0,0,0,0,0
"D525",0,0,0,0,0,0,0,0,0,273,0,0,0,0,0,0,0,0,0,0,0,0,0,0,0,0,0,0,0,0,0,0,0,0,0,0,0,0,0,0,0,0,0,0,0,0,0,0,0,0,0,0,0,0,0,0,0,0,0,0,0,0,0,0,0,0,0,0,0,0,0,0,0,234,0,0,0,0,0,0,0,0,0,0,0,0,0,0,0,0,0,214,0,0,0,0,0,0,0,272,0,0,118,0,0,0,0,0,0,0,0,0,0,0,0,0,0,0,0,0,0,0,0,0,0,0,0,0,0,0,0,0,0,0,0,0,0,0,0,0,0,0,0,0,0,0,0,0,0,0,0,0,0,0,0,0,0,0,0,0,0,0,160,0,0,0,0,0,0,0,0,0,0,0,0,0,0,0,0,0,0,0,0,0,0,0,0,0,0,0,0,0,0,0,0,0,0,0,0,0,0,0,0,0,0,0,0,0,0,0,0,0,0,0,0,0,0,0,0,0,0,0,0,0,0,0,0,0,0,0,0,0,0,0,0,0,0,0,0,0,0,0,0,0,0,0,0,0,0,0,0,0,0,0,0,0,124,0,0,0,0,0,0,0,0,0,0,0,0,0,0,0,0,0,0,0,0,0,0,0,0,0,0,0,0,0,0,0,0,0,0,0,0,0,0,0,0,0,0,0,0,165,0,0,0,0,0,0,0,0,0,0,0,0,0,0,0,0,0,0,0,0,0,0,0,0,0,0,0,252,0,0,0,0,0,0,0,177,0,0,0,0,0,0,0,0,0,0,0,0,0,0,0,0,0,0,0,0,0,0,0,0,0,0,0,0,0,0,0,0,0,0,0,0,0,0,0,0,0,0,0,0,0,0,0,0,0,0,0,0,0,0,0,0,0,0,0,0,0,0,0,0,0,0,0,333,0,0,0,0,0,0,0,57,0,0,0,64,0,0,0,0,0,0,0,0,0,0,0,0,0,0,0,0,0,0,0,0,0,0,0,0,0,0,0,0,0,465,0,0,0,0,0,0,0,0,0,0,0,0,0,0,0,0,0,113,0,0,0,0,0,0,0,0,0,0,0,0,0,0,0,0,0,0,0,0,0,0,0,0,0,0,0,0,0,0,0,0,49,0,0,0,0,0,0,0,0,0,0,0,0,0,0,0,0,170,0,0,0,0,0,0,0,0,0,0,0,243,0,0,0,0,155,33
"D526",0,0,0,0,0,0,123,0,0,0,11,0,0,0,0,0,0,2,0,0,0,0,0,0,0,0,0,0,0,0,0,212,0,0,0,0,0,0,0,0,0,0,0,0,84,0,0,0,0,0,0,0,0,0,0,0,0,0,0,0,0,0,0,0,0,0,0,0,0,0,0,0,0,62,0,0,0,0,615,0,0,0,0,88,0,14,0,0,0,0,0,0,0,0,0,59,0,0,0,0,0,0,3,0,0,0,0,0,0,0,0,0,0,0,0,0,0,0,0,0,0,0,0,0,0,235,0,0,0,4,0,0,0,0,0,0,0,0,0,0,0,0,0,0,0,0,0,0,0,0,0,0,0,0,0,0,0,0,0,0,0,0,0,0,0,0,0,0,0,0,0,0,79,0,0,0,0,202,0,0,0,0,0,0,0,0,0,0,0,0,0,0,0,0,0,0,0,0,0,0,0,0,0,0,0,53,0,0,0,0,0,0,0,0,0,0,0,0,0,0,0,0,0,0,0,0,0,0,37,0,0,0,0,0,2,0,0,0,0,0,0,0,0,0,0,0,0,0,0,0,0,0,0,0,0,0,0,0,0,0,0,0,0,0,0,0,0,0,0,0,0,0,0,0,0,0,0,0,0,0,0,0,0,0,0,0,0,0,0,0,0,0,0,0,0,0,0,0,0,0,0,0,0,0,0,0,0,0,0,0,0,0,0,0,0,0,0,0,0,0,0,4,0,0,0,0,0,0,0,0,0,0,0,0,0,0,0,0,0,0,0,0,0,0,0,0,0,0,0,0,0,177,0,97,0,0,0,0,0,0,0,0,0,0,0,0,0,4014,12,0,0,0,0,0,0,0,0,0,0,5,0,0,0,0,0,0,12,0,0,0,0,0,0,0,0,0,0,3,0,0,0,0,0,0,0,0,0,0,0,0,0,0,0,0,0,0,0,0,0,0,0,0,0,4198,0,0,0,0,0,0,0,0,0,0,0,0,0,3,0,103,1037,0,0,0,0,0,0,0,0,0,0,0,0,0,0,0,0,0,0,0,0,0,0,0,0,0,0,0,0,0,0,0,2,0,0,0,0,0,0,0,0,0,0,0,0,0,0,0,0,0,397,0,0,0,0,0,0,0,0,0,0,0,0,0,0,0,0,0,0,0,0,0,0,0,0,0,0,0,0,0,0,0,0,0,0,0,0,0,21,0,0,0,0,0
"D527",0,0,0,0,0,0,0,0,0,0,0,0,0,0,0,0,0,0,0,0,0,0,0,0,0,0,0,0,0,0,0,0,0,0,0,0,0,0,0,0,0,9,0,0,0,0,0,0,0,0,0,0,0,0,0,0,0,0,0,16,0,0,0,0,0,0,0,0,0,0,0,0,0,0,0,0,0,0,582,0,0,0,0,2,0,0,0,0,6,0,0,0,0,0,402,3,0,0,0,0,0,0,0,0,0,0,0,0,0,0,0,0,0,0,346,0,0,0,3,0,0,0,0,0,1825,0,0,0,0,0,0,0,0,0,0,0,0,0,0,0,0,0,0,0,2,0,0,0,0,0,0,0,0,0,0,0,0,0,0,0,195,0,0,0,0,0,0,0,12,0,0,0,2632,0,0,0,0,0,0,3,0,8,0,0,0,0,0,0,0,0,0,0,0,0,0,0,0,0,0,0,0,0,0,7,0,0,0,0,1,0,0,0,0,14,0,12,0,0,0,0,0,0,0,0,0,0,0,0,3,0,0,0,0,0,0,0,0,0,0,0,35,0,0,0,0,0,0,0,0,0,0,0,0,0,0,0,0,0,0,0,0,2,0,5,0,0,0,2,0,0,0,0,0,0,0,0,0,0,0,0,0,0,0,0,0,0,0,0,0,0,0,0,0,0,0,0,0,0,0,0,0,0,264,0,1,0,0,0,0,0,0,0,0,0,0,0,0,0,0,14,0,2,0,0,0,0,0,62,0,0,0,0,0,0,0,0,0,0,0,2,0,0,0,0,0,0,0,0,0,0,0,1051,80,482,0,0,0,0,0,0,150,0,0,0,0,0,0,9,0,0,0,0,0,0,0,0,0,0,0,0,2,362,0,0,1,0,0,0,0,0,0,0,0,534,0,0,0,0,0,0,0,0,0,0,0,0,0,0,0,0,0,0,0,0,0,0,0,0,0,0,0,0,681,903,32,0,0,0,0,0,0,2,0,0,0,0,0,0,0,0,0,0,0,152,0,0,0,0,0,0,0,0,0,0,0,0,13,0,0,0,0,3,0,0,0,0,0,0,0,0,0,0,0,0,0,0,0,0,0,148,0,0,0,0,0,1678,0,0,0,0,343,0,0,0,0,0,0,0,0,0,0,0,0,0,0,0,0,0,0,0,0,0,0,0,0,0,0,0,0,60,0,0,5465,0,2,0,0,0,0,0,3,0,0,0
"D528",0,0,0,0,21,3,0,0,0,0,0,0,0,0,0,0,0,0,0,0,6,2,0,0,0,0,0,0,3,0,11,0,0,0,0,0,0,0,0,0,0,2,0,0,1,0,0,0,6,0,0,14,0,0,0,0,0,0,0,4,0,0,0,0,0,0,0,0,0,0,0,4,0,0,0,2,3,0,0,0,0,26,0,0,0,0,0,0,0,0,0,0,0,0,0,3,0,0,4,3,0,0,0,0,0,0,4,0,0,0,0,0,0,20,0,0,6,0,0,0,38,0,0,0,0,0,0,0,0,0,1,0,14,2,0,0,0,10,5,0,2,0,5,0,0,0,0,0,0,0,2,5,0,0,1,0,0,0,0,0,0,0,0,0,0,0,0,0,0,2,0,0,0,0,0,507,0,0,0,0,0,0,0,0,0,0,0,0,0,0,0,6,0,37,0,0,0,0,0,0,0,0,0,2,0,0,20,0,0,14,0,0,2,0,0,0,0,0,0,0,0,8,0,0,0,0,0,0,0,0,0,2,105,0,0,0,0,0,13,0,0,0,0,0,0,0,0,25,0,0,0,0,0,0,105,0,0,0,0,4,11,0,0,0,0,0,0,0,0,0,0,0,0,0,5,12,0,0,0,43,2,0,0,0,0,0,0,0,0,0,0,2,0,2,0,0,0,5,83,0,2,19,0,0,0,0,0,2,15,0,0,0,0,0,5,0,0,8,0,0,0,0,2,0,0,2,2,0,3,0,0,0,2,0,0,0,0,0,0,0,0,0,0,0,0,0,12,0,0,0,0,0,0,0,0,0,0,0,3,661,0,0,0,5,0,0,0,0,0,0,0,0,0,0,0,0,0,0,0,0,0,0,0,0,0,3,8,0,0,0,0,12,0,0,0,0,0,0,0,0,0,265,0,0,0,0,2,0,0,3,0,0,0,4,0,0,0,0,1716,0,8,0,0,0,0,0,0,2,0,2,0,0,0,0,0,0,0,0,0,0,0,0,0,0,0,0,33,0,0,0,5,0,0,0,0,0,0,3,0,0,0,0,25,0,0,0,2,1,8,0,0,1,0,0,0,0,0,0,3,0,0,0,0,0,2,0,0,0,0,0,0,0,0,0,2,0,0,0,0,1,20,0,21,0,4,0,0,0,0,0,7,1288,0,3,3,4,0,0,2,0,0,0,0,0,0,0,0,14,0,0,5,0,0,6
"D529",0,0,0,0,0,0,0,0,0,0,0,0,0,0,0,0,0,0,1866,0,0,0,0,0,0,0,0,0,0,0,0,0,0,0,0,98,0,0,0,0,0,0,0,0,0,0,102,388,0,0,0,0,0,0,0,93,0,0,0,1,0,30,0,0,0,0,0,0,0,0,0,0,0,6,0,0,0,0,0,0,0,0,0,0,0,0,0,0,2,0,0,0,0,0,0,0,0,0,0,0,0,0,3,5,0,0,0,0,0,0,0,0,0,0,0,0,0,0,0,0,0,0,0,0,0,0,37,0,0,0,0,0,0,0,3931,0,0,0,0,0,0,0,0,0,0,0,0,0,0,0,0,0,0,0,0,0,5,0,0,0,0,0,2,0,0,0,0,0,0,0,5256,0,0,0,0,0,0,0,0,0,0,0,0,0,0,0,0,0,0,0,0,0,0,0,0,0,0,0,0,0,0,0,0,0,0,0,0,0,0,0,0,0,0,0,0,0,231,0,0,0,0,0,0,0,0,0,0,0,0,0,0,2,0,0,7,0,0,0,0,0,0,0,0,0,0,0,0,0,0,0,0,0,0,0,2,0,26,0,0,0,0,0,0,0,0,0,0,0,0,0,45,0,0,0,0,0,0,0,0,0,0,0,0,0,0,0,0,0,0,0,0,17,0,0,0,1278,0,0,0,0,0,0,1,0,0,0,0,0,0,0,0,0,10,0,0,0,0,0,0,3,3,0,0,0,0,0,0,0,0,0,0,0,0,0,0,0,0,0,0,3,0,0,0,0,0,0,0,0,0,0,0,0,0,0,0,0,5,0,0,0,0,0,0,0,0,0,0,4,0,0,0,0,0,0,0,0,0,0,0,0,11,14,0,0,0,0,0,0,0,12,0,0,0,2,0,0,0,0,0,0,0,0,0,0,0,0,0,0,0,0,0,0,0,97,0,0,0,0,0,0,0,0,20,0,0,0,0,0,0,0,0,0,0,0,0,0,0,0,0,0,1,0,0,0,0,0,2,0,0,0,0,0,0,0,2,0,0,0,0,0,0,0,0,0,0,0,0,0,0,0,0,0,0,0,0,0,0,0,0,0,0,0,0,0,0,29,0,0,0,0,0,0,0,0,0,0,0,0,0,0,0,0,0,0,0,0,0,0,0,0,0,0,0,0,0,0,0,0,0,0,0,0,0,2,0,0,0,0,0,9,15,0,0,0
"D530",0,0,0,0,0,0,10,0,0,0,0,0,0,0,0,0,0,0,0,0,0,0,0,0,0,0,0,0,0,0,0,0,0,0,0,0,0,0,0,17,0,0,0,0,0,0,0,0,0,0,0,0,0,0,0,0,0,0,0,0,0,0,0,0,0,0,0,0,3,0,0,0,0,0,0,0,0,0,0,0,0,0,0,0,0,0,0,0,0,0,0,0,0,0,0,0,23,0,0,0,0,0,0,0,0,0,0,44,0,0,0,0,0,0,0,0,0,0,0,0,0,0,0,0,0,0,0,0,0,0,0,0,0,0,0,0,0,0,0,0,0,0,0,0,0,0,0,0,0,0,0,0,0,0,0,0,0,0,0,0,0,0,11,0,0,0,0,0,0,0,0,36,0,0,0,0,0,0,0,0,0,0,0,0,0,0,0,0,0,0,0,0,0,0,0,0,15,10,0,0,0,0,0,0,0,0,0,0,0,0,0,0,0,97,0,0,0,0,0,0,0,0,0,0,0,0,0,0,0,0,0,0,0,0,73,2,0,0,0,0,0,0,0,0,0,0,0,0,0,0,0,0,0,0,0,0,0,0,0,0,0,0,0,0,0,0,0,0,0,0,0,125,0,0,0,0,0,0,0,0,0,0,0,0,0,0,0,0,0,0,0,0,0,0,0,636,0,0,0,0,0,0,0,69,0,0,0,0,0,0,0,0,0,0,0,0,0,0,0,0,0,0,0,0,0,0,0,0,0,0,0,0,0,0,0,0,0,4,0,0,0,0,0,0,0,0,0,3,0,0,0,0,0,0,0,0,0,0,0,0,0,0,0,0,0,0,0,0,0,0,0,0,0,0,0,0,0,0,0,0,0,0,0,0,0,0,0,0,0,0,0,0,0,0,0,0,0,0,0,0,0,0,0,0,0,0,0,0,0,0,0,0,0,0,0,0,0,0,0,0,0,0,0,6,0,0,15,0,0,12,0,0,0,0,0,0,0,0,0,0,0,0,2,0,0,0,0,0,0,0,0,0,0,0,0,0,0,0,0,0,0,0,0,0,0,0,0,0,0,0,0,0,0,0,0,0,0,0,0,0,0,0,0,0,0,0,0,0,0,0,0,0,0,0,0,0,8,0,0,0,0,0,0,0,0,0,0,0,0,0,0,0,0,0,0,0,0,0,0,0,0,6,0,0,0,0,0,0,0,0,0,0,0,0
"D531",0,0,0,0,0,0,0,0,1,0,26,0,0,0,0,0,0,0,0,0,0,0,0,0,0,0,0,0,0,0,2,1727,0,0,0,0,0,0,0,0,0,6,0,1,0,0,0,7,0,0,0,0,0,0,0,0,0,0,0,0,0,44,0,0,0,0,0,0,0,0,0,0,0,508,9,0,0,0,198,0,0,0,0,22,0,0,0,0,51,0,0,2,7,0,368,0,2,0,0,0,0,0,4,0,0,0,0,0,0,2,0,3,0,13,1497,0,0,0,4,0,0,0,0,2,769,0,0,0,2,14,0,0,5,0,0,0,0,0,0,0,0,0,0,0,4,0,0,0,0,0,0,0,0,0,0,0,0,0,0,3,689,0,0,0,0,12,0,0,0,4,3,0,89,0,0,0,4,2,0,0,0,4,0,0,0,0,0,0,2,0,0,0,0,0,0,0,0,0,0,2,0,38,0,0,0,0,0,0,2,0,0,0,0,278,0,0,1,0,0,0,0,0,0,0,0,0,0,2,17,8,0,23,0,0,0,0,0,0,0,0,0,0,0,0,0,0,0,0,75,0,0,0,0,2,0,0,2,0,0,0,0,0,0,10,0,0,5,16,0,0,0,14,0,0,0,0,0,0,0,0,0,0,0,0,0,0,0,0,0,0,0,0,0,0,0,0,0,0,0,0,0,0,450,0,10,11,0,0,0,18,0,0,0,0,0,0,0,0,0,74,0,2,0,0,0,0,0,183,0,0,0,0,0,0,0,0,0,2,4,0,0,0,0,0,0,0,0,0,0,2,0,260,0,0,0,1,0,0,0,0,28,0,0,0,0,0,0,261,0,0,0,5,0,0,0,3,0,0,0,0,0,819,0,0,12,0,0,0,0,0,0,0,0,83,0,0,0,5,0,0,0,0,0,0,47,0,0,0,0,0,0,0,0,13,0,0,0,0,0,0,256,0,2206,470,0,0,0,0,0,0,0,0,0,0,0,0,0,0,0,3,0,0,0,111,0,0,0,0,0,0,0,0,0,0,0,0,18,0,0,0,0,2,0,0,0,0,0,0,0,0,0,0,0,0,0,0,0,0,0,305,0,0,0,0,0,701,0,0,0,0,699,0,0,0,0,0,0,0,0,0,0,2,0,0,2,0,0,0,0,2,0,0,0,0,0,0,0,0,0,0,2,0,4394,0,16,0,0,0,0,0,16,0,4,0
"D532",0,0,0,0,0,0,0,0,0,0,0,0,38,19,0,0,0,0,0,0,0,0,0,0,0,0,0,0,0,0,0,160,0,4,0,0,0,2,0,0,0,10,0,508,0,0,0,198,0,0,1,0,0,0,0,0,0,0,0,0,0,0,0,0,0,0,0,214,0,0,0,0,0,148,0,0,0,0,21,8,4,0,0,9,0,5,0,0,3,0,6,0,2,0,138,0,0,0,0,0,0,0,5,0,0,0,0,0,0,9,0,0,0,0,2054,0,0,0,3,0,0,0,0,0,51,0,0,0,0,0,0,0,0,0,0,2,0,0,0,0,0,0,0,0,13,0,0,0,0,0,0,0,0,0,0,0,3,0,0,1,26,4,0,0,0,0,0,0,0,0,0,0,326,0,0,0,0,7,0,0,0,91,0,0,0,0,0,0,0,0,0,0,0,0,19,0,0,0,0,0,0,0,0,0,0,4,0,0,0,0,0,0,0,4,0,2,0,0,0,0,0,0,0,0,0,2,0,0,39,0,0,9,0,0,0,0,0,0,0,0,0,0,0,0,0,0,0,0,0,0,0,0,0,0,0,0,0,0,0,0,0,0,0,3,0,0,2,2,0,0,0,11,0,0,0,0,0,0,0,0,0,8,0,0,0,0,0,0,3,0,0,0,0,0,0,0,0,0,1,0,0,0,361,5,88,0,0,0,0,2,0,0,54,0,1,0,0,0,0,66,0,6,0,0,0,0,0,0,0,0,0,0,0,0,0,0,0,0,0,0,0,0,0,0,0,0,0,0,0,0,0,15,0,4,0,0,0,0,0,0,0,0,0,0,0,0,0,579,0,1,0,0,0,0,0,2,0,0,3,0,0,1038,0,0,187,0,0,0,0,0,0,0,0,148,0,0,0,5,0,3,0,0,0,0,10,0,0,0,0,0,2,0,0,0,0,0,0,0,3,0,551,0,650,892,46,0,0,0,0,0,0,0,0,0,5,0,0,3,0,0,89,0,0,146,0,0,0,0,0,0,0,0,0,0,0,0,4,0,0,0,0,3,0,0,0,0,0,0,3,0,0,0,0,2,0,0,0,0,0,3,0,0,0,0,0,269,2,0,0,0,631,0,0,0,0,0,0,0,0,0,0,0,0,0,0,0,3,0,0,2,0,0,4,0,0,0,0,0,0,5,0,0,1072,6,0,0,0,0,0,0,0,0,0,0
"D533",0,0,0,0,0,0,0,0,0,0,0,0,0,0,0,0,0,0,0,0,0,0,4,0,0,0,2,0,0,0,0,0,0,0,0,0,0,0,0,0,0,0,0,0,0,0,0,0,2,0,0,0,0,0,0,0,0,0,0,0,0,0,0,0,0,0,0,0,0,0,0,0,0,0,0,0,0,0,0,0,0,0,0,0,0,0,0,0,0,3,0,0,0,0,0,0,0,0,0,0,0,0,0,0,0,0,0,0,0,0,0,0,0,0,0,0,0,0,0,0,0,0,0,0,0,0,0,0,0,0,0,0,0,0,0,0,0,0,0,0,0,0,0,0,0,0,0,0,0,0,0,0,0,0,0,0,0,0,0,0,0,0,0,0,0,0,0,0,0,0,0,0,0,0,0,0,0,0,0,0,0,0,0,0,0,0,0,0,0,0,0,0,0,0,0,0,0,0,0,0,0,0,0,0,6,0,0,0,0,0,0,0,0,0,0,0,0,0,0,0,0,0,0,5,0,0,0,0,0,0,0,0,0,0,0,0,0,0,0,0,0,0,0,0,0,0,0,0,0,0,0,0,0,0,2,0,0,0,0,0,0,0,0,0,0,0,0,0,0,0,0,0,0,0,0,0,0,0,0,0,2,0,0,0,0,0,0,0,0,11,0,0,0,0,0,0,0,0,0,0,0,0,0,0,0,0,0,0,0,0,0,0,0,0,0,0,0,0,0,0,0,0,0,0,0,0,0,0,0,0,0,0,0,0,0,0,0,0,0,0,0,0,0,1,0,0,0,0,0,0,0,0,0,0,0,0,0,0,0,2,0,0,0,0,0,0,0,0,0,0,0,0,0,0,0,0,0,0,0,0,0,0,0,0,0,0,5,0,0,0,0,0,0,0,0,0,0,0,0,0,0,0,0,0,0,0,0,0,0,0,0,0,0,0,0,0,0,0,0,0,0,0,0,0,0,0,0,0,0,0,0,0,0,0,0,0,0,0,0,0,0,0,0,0,0,0,24,0,0,0,0,0,0,0,0,0,0,0,0,0,0,0,0,0,0,0,0,0,0,0,0,0,0,0,0,0,0,0,0,0,0,0,0,0,0,0,0,0,0,0,0,0,0,0,0,0,0,0,0,0,0,0,0,0,3,0,0,0,0,0,0,0,0,0,0,0,3,0,0,0,0,0,0,0,0,0,0,0,0,0,0,0,0,0
"D534",0,0,0,216,0,0,13,0,0,0,0,0,0,0,0,0,0,0,12,0,0,0,0,356,0,0,12,0,0,0,47,0,0,0,0,0,0,0,0,346,0,0,0,0,26,0,123,0,0,0,3,0,0,0,0,0,0,0,0,0,108,0,0,0,0,0,0,0,120,0,0,0,0,0,0,26,0,0,0,11,0,0,0,0,0,0,0,0,0,0,4,0,0,0,0,0,935,0,0,0,0,0,4659,315,0,0,0,387,176,0,26,0,0,0,0,0,0,0,0,496,0,0,0,0,0,0,17,102,0,0,0,0,13,0,0,0,0,0,0,0,0,0,0,154,0,0,0,0,0,0,0,0,0,0,5,0,755,0,0,0,0,0,31,0,0,0,0,0,0,0,0,39,0,23,0,0,0,0,0,0,0,0,0,63,0,0,0,0,0,0,0,0,0,0,0,0,683,0,0,0,0,0,0,5,57,0,0,0,0,0,0,0,0,0,0,0,144,0,0,0,0,0,0,0,0,29,0,0,0,11,0,0,0,0,4584,57,0,1419,0,0,0,0,0,5,0,0,0,0,0,0,0,0,0,0,0,208,12,0,0,0,137,0,14,0,0,0,0,0,0,0,0,723,0,0,0,4,0,67,0,0,0,0,0,0,10,0,0,0,54,0,0,6,0,0,0,0,0,0,94,0,0,0,0,0,0,45,0,0,0,8,390,0,0,0,0,0,364,0,0,0,0,0,0,0,0,50,0,0,2,1,0,0,0,0,0,0,0,56,26,0,186,0,0,0,0,0,0,206,0,0,0,0,0,1,0,0,0,0,0,0,0,165,254,0,0,0,138,0,0,0,9,0,0,18,0,0,0,0,0,0,0,0,0,0,0,0,0,1,0,8,0,0,0,0,0,0,0,0,0,0,1,15,365,311,0,0,0,0,0,0,0,136,0,0,0,0,0,0,13,0,0,0,0,0,0,20,438,0,0,0,0,0,0,34,0,0,0,0,15,0,0,0,23,0,137,0,0,0,0,21,0,0,0,0,0,0,0,0,0,0,0,0,0,889,60,448,0,0,0,0,0,0,0,0,671,0,0,0,0,0,0,0,0,0,0,0,0,0,0,0,0,8,0,0,0,0,252,12,0,0,0,0,0,0,53,0,0,0,0,0,0,0,0,0,0,0,0,0,0,0,0,457,0,0,0,0,0,0,0,0,0,0,51,0
"D535",0,0,7,0,0,0,0,7,12,1,4,3,0,15,2,0,9,0,96,0,0,0,0,0,0,0,0,3,0,70,34,4132,0,0,3,0,4,9,2,0,0,483,2,0,12,0,0,152,4,16,1,4,4,2,0,0,0,0,0,30,0,0,0,42,0,0,0,8,0,2,0,73,0,6389,0,0,8,0,1346,0,3,0,0,43,2,78,0,4,35,11,18,2,11,0,571,3,0,0,5,0,0,3,0,0,0,4,0,0,0,11,0,42,5,2,2394,4,0,0,10,0,0,2,8,0,187,4,0,0,29,62,0,0,29,11,0,5,0,0,33,0,0,4,0,36,57,4,6,2,0,0,0,0,0,0,0,0,0,0,6,0,184,6,27,2,0,8,0,0,11,0,0,0,652,0,4,0,0,25,0,12,7,521,4,0,0,0,0,1,8,0,0,4,4,2,0,0,0,0,0,2,6,24,0,4,0,2,0,0,0,0,0,0,0,193,3,49,1,6,6,2,0,0,0,0,355,0,5,0,18,11,2,35,0,1,0,0,0,0,0,1,33,0,2,0,0,0,0,0,0,0,0,0,0,0,91,0,124,12,0,0,30,9,0,2,0,2,81,0,0,1,0,18,0,16,0,25,0,0,16,0,3,3,3,0,0,3,0,1,0,0,0,0,0,3,0,0,1,2,2,0,0,0,1639,0,101,50,2,0,0,86,6,4,40,2,19,0,0,0,32,129,0,18,4,0,3,0,0,37,0,1,0,25,1,0,0,68,3,0,0,39,0,0,9,0,3,6,28,0,0,70,1,494,306,33,0,8,32,6,3,0,75,0,0,0,2,0,0,1083,17,8,0,2,0,0,3,8,0,0,2,1,12,814,0,0,23,2,43,0,0,4,0,0,5,2660,0,4,0,133,0,4,162,2,0,0,132,40,0,3,0,0,0,0,0,30,0,0,0,0,2,0,0,0,922,4111,20,0,0,0,0,2,8,81,1,0,4,0,0,5,0,11,28,0,0,139,0,0,24,0,0,0,0,6,6,0,13,0,705,5,4,0,0,21,0,0,0,0,3,0,45,0,3,0,5,0,0,2,0,2,0,101,3,2,0,0,27,1632,7,0,0,0,2135,0,0,1,0,6,0,0,5,14,0,0,102,0,16,3,0,0,0,4,2,0,72,0,11,0,10,0,0,20,1,0,1524,122,112,5,4,15,0,0,15,0,0,0
"D536",0,0,0,0,0,0,0,0,0,0,0,0,0,0,0,0,0,0,434,0,0,0,0,0,0,0,0,0,0,0,0,0,0,0,0,25,0,0,0,0,0,0,0,0,0,0,0,301,0,0,0,0,0,0,0,31,0,0,0,0,0,0,0,0,0,0,0,0,0,0,0,0,0,0,0,0,0,0,1,0,0,0,0,0,0,0,0,0,0,0,0,0,0,0,17,0,0,0,0,0,0,0,0,0,0,0,0,0,0,0,0,0,0,0,0,0,0,0,0,0,0,0,0,0,0,0,2,0,0,0,0,0,0,0,441,0,0,0,0,0,0,0,0,0,0,0,0,0,0,0,0,0,0,0,0,0,0,0,0,0,0,0,0,0,0,0,0,0,0,0,632,0,0,0,0,0,0,0,0,0,0,0,0,0,0,0,0,0,0,0,0,0,0,0,0,0,0,0,0,0,0,0,0,0,0,0,0,0,0,0,0,0,0,0,0,0,59,0,0,0,0,0,0,0,0,0,0,0,0,0,0,0,0,0,0,0,0,0,0,0,0,0,0,0,0,0,0,0,0,0,0,0,0,0,2,0,0,0,0,0,0,0,0,0,0,0,0,0,0,0,3,0,0,0,0,0,0,0,0,0,0,0,0,0,0,0,0,0,0,0,0,0,0,0,0,0,0,0,0,0,0,0,7,0,0,0,0,0,0,0,0,0,3,0,0,0,0,0,0,0,0,0,0,0,0,0,0,0,0,0,0,0,0,0,0,0,0,0,0,0,0,0,0,0,0,0,0,0,0,0,0,0,1,0,0,0,0,0,0,0,0,0,0,0,0,0,0,2,0,0,0,3,0,0,0,0,0,0,0,0,0,12,0,0,0,0,0,0,0,0,0,0,0,7,0,0,0,0,0,0,0,0,0,0,0,0,0,0,0,0,0,0,0,0,0,0,0,0,0,0,0,0,38,0,0,0,0,0,0,0,0,0,0,0,0,0,0,0,0,0,0,0,0,6,0,0,0,0,0,0,0,0,0,0,0,0,0,0,0,0,0,0,0,0,0,0,0,0,0,0,0,0,0,0,0,0,0,0,0,0,0,0,0,0,0,26,0,0,0,0,0,0,0,0,0,0,0,0,0,0,0,0,0,0,0,0,0,0,0,0,0,0,0,0,0,0,0,0,0,0,0,0,0,0,0,0,0,0,0,0,0,0,0,0
"D537",0,30,26,0,0,3,0,0,12,251,0,11,0,0,9,0,0,0,0,0,7,0,8,0,0,31,0,15,0,122,1,0,5,2,5,0,0,0,93,0,98,21,11,0,5,0,0,0,98,0,0,13,0,29,0,0,0,0,0,14,0,0,62,0,7,17,0,4,0,3,29,17,6,0,0,0,135,40,0,0,0,38,0,0,8,0,0,12,0,4,0,125,7,0,0,0,0,0,27,344,11,15,0,0,0,4,15,0,0,0,0,4,0,12,3,2,0,0,0,0,0,31,54,0,0,8,0,0,0,0,6,7,6,4,0,0,4,71,24,7,4,10,2,0,0,0,26,38,18,14,280,55,0,3,0,0,0,9,41,0,0,0,4,0,0,0,2,18,0,0,0,9,0,0,0,0,0,0,0,0,3,0,17,0,105,9,24,78,0,0,3,0,0,317,0,0,0,0,0,3,0,0,2,2,0,0,0,123,0,123,0,10,7,2,0,0,0,15,0,9,0,1,0,0,0,1,23,4,0,12,5,3,0,11,0,0,71,6,20,0,0,0,5,0,0,12,0,0,0,4,1,0,5,54,625,0,0,3,12,9,0,0,0,2,76,437,0,0,4,0,0,41,0,5,0,18,8,0,0,72,47,18,0,0,0,32,63,9,0,0,28,0,5,24,0,0,363,113,81,5,142,64,0,2,7,0,0,13,121,0,0,25,0,65,29,0,0,0,0,0,0,0,19,0,0,12,129,0,81,2,22,0,334,57,48,0,16,0,0,0,63,557,62,28,3,13,14,0,20,0,3,0,0,0,5,0,0,25,14,0,0,0,0,118,33,3,0,0,0,2,0,3,12,0,0,0,9,0,0,0,0,0,49,0,0,499,0,0,0,0,0,3,0,0,99,0,2,0,0,23,0,0,3,0,0,40,14,14,26,0,29,0,0,5,0,7,9,760,8,2,88,11,0,0,0,0,0,31,0,0,9,0,0,0,0,48,0,11,0,14,0,17,0,0,0,0,1087,261,3,0,0,0,50,2,75,0,0,78,28,42,11,0,366,16,0,27,7,68,480,0,39,1,1,2,0,10,27,4,6,0,0,3,14,9,69,0,16,0,16,115,0,0,0,15,5,159,0,0,22,22,0,2,287,0,1,0,0,12,0,2,971,24,1,0,0,1,0,20,27,0,33,0,0,0,0,11,0,1062,0,0,0,0,16,172
"D538",0,0,0,0,0,0,0,0,0,0,0,0,0,0,0,0,0,0,2,0,0,0,0,0,87,0,0,0,0,0,0,0,0,0,0,0,0,0,0,0,0,0,0,0,0,0,0,71,0,0,0,0,0,0,0,0,0,0,181,0,0,0,0,0,1369,0,0,0,0,0,0,0,0,0,0,0,0,0,0,0,0,0,2,0,0,0,0,0,0,0,0,0,0,0,0,0,0,0,0,0,0,0,0,0,0,0,5,0,0,0,0,100,0,0,0,0,0,0,0,0,0,0,0,0,0,0,0,0,0,0,0,0,3,0,9,0,0,0,0,0,0,0,0,0,0,0,0,0,0,0,0,0,0,0,120,0,0,0,0,0,0,0,833,0,0,5,0,0,0,0,0,0,0,0,0,0,0,0,0,0,0,0,0,0,0,0,0,0,0,103,0,0,0,0,1129,0,0,0,0,0,0,0,0,0,3,0,0,0,0,0,0,0,0,0,0,0,0,0,61,0,0,0,0,0,0,0,0,0,0,0,0,0,41,0,2,0,0,0,0,0,0,0,0,0,0,0,0,0,0,0,37,0,0,0,0,0,0,0,0,0,0,0,0,0,0,0,0,0,0,0,0,0,0,0,0,11,0,0,0,0,0,0,0,0,0,0,0,0,0,0,0,0,0,0,141,0,0,0,0,0,0,0,0,0,0,5,0,0,0,149,924,0,0,0,0,0,0,0,0,0,0,0,0,0,0,0,0,0,0,0,0,0,0,0,0,0,0,0,51,0,0,0,0,0,0,0,0,0,0,0,0,0,0,0,0,0,0,0,0,0,0,0,0,0,0,0,0,0,0,0,0,0,0,0,0,0,0,0,0,0,0,0,0,0,0,0,0,0,0,0,0,0,0,0,0,0,0,0,0,0,0,7,0,0,0,0,0,0,0,0,0,0,0,4,0,0,0,0,0,0,0,0,0,0,0,0,0,0,0,0,0,0,0,0,0,0,0,0,0,0,0,0,0,0,0,0,0,0,0,5,0,0,0,0,0,0,0,0,0,0,0,0,0,144,0,0,0,0,0,0,0,0,0,0,0,0,0,0,0,0,0,0,0,0,0,0,0,0,0,0,0,1354,0,0,19,0,0,303,0,0,0,0,0,0,0,0,0,0,0,0,0,362,0,0,0,0,0,0,0,0,0,0,0,0,0,0,0,0,0,1,0,0,0,0
"D539",0,0,0,0,0,0,0,0,0,0,0,0,0,0,0,0,0,0,0,0,0,0,0,0,0,0,0,0,0,0,0,0,0,0,0,0,0,0,0,0,0,0,0,0,0,0,0,0,0,0,0,0,0,0,0,0,0,0,0,0,0,0,0,0,0,0,0,0,0,0,0,0,0,0,0,0,0,0,0,0,0,0,0,0,0,0,0,0,0,0,0,0,0,0,0,0,0,0,0,0,0,0,7,0,0,0,0,0,0,0,0,0,0,0,0,0,0,0,0,0,0,0,0,0,0,0,0,0,0,0,0,0,0,0,0,0,0,0,0,0,0,0,0,0,0,0,0,0,0,0,0,0,0,0,0,0,3,0,0,0,0,0,0,0,0,0,0,0,0,0,0,0,0,0,0,0,0,0,0,0,0,0,0,0,0,0,0,0,0,0,0,0,0,0,0,0,0,0,0,0,0,0,0,0,0,0,0,0,0,0,0,0,0,0,0,0,0,0,0,0,0,0,0,0,0,0,0,0,0,0,0,0,0,0,5,0,0,0,0,0,0,0,0,0,0,0,0,0,0,0,0,0,0,0,0,0,0,0,0,0,1,0,0,0,0,0,0,0,0,0,0,0,0,0,0,0,0,0,0,0,0,0,0,0,0,0,0,0,0,0,0,0,0,0,0,0,0,0,0,0,0,0,0,0,0,0,0,0,0,0,0,0,0,0,0,0,0,0,0,0,0,0,0,0,0,0,0,0,0,0,0,0,0,0,0,0,0,0,0,0,0,0,0,0,0,0,0,0,0,0,0,0,0,0,0,0,0,0,0,0,0,0,0,0,0,0,0,0,0,0,0,0,0,0,0,0,0,0,0,0,0,0,0,0,0,0,0,0,0,0,0,0,0,0,0,0,0,0,0,0,0,0,0,0,0,0,0,0,0,0,0,0,0,0,0,0,0,0,0,0,0,0,0,0,0,0,0,0,0,0,0,0,0,0,62,0,0,0,0,0,0,0,0,0,0,0,0,0,0,0,0,0,0,0,0,0,0,0,0,0,0,0,0,0,0,0,0,0,0,0,0,0,0,0,0,0,0,0,0,0,0,0,0,0,0,0,0,0,0,0,0,0,0,0,0,0,0,0,0,0,0,0,0,0,0,0,0,0,0,0,0,0,0,0,0,0,0,0,0,0,0,0,0,0,0,0,0,0,0,0,0,0,0,0
"D540",0,0,0,0,0,0,0,0,0,0,0,0,0,0,0,0,0,0,0,0,0,0,0,0,0,0,0,0,0,0,0,0,0,0,0,0,0,0,0,0,0,0,0,0,0,0,0,0,0,0,0,0,0,0,0,0,0,0,0,0,0,0,0,0,0,0,0,0,0,0,0,0,0,0,0,0,0,0,0,0,0,0,0,0,0,0,0,0,0,0,0,0,0,0,0,0,0,0,0,0,0,0,0,0,0,0,0,0,0,0,0,0,0,0,0,0,0,0,0,0,0,0,0,0,0,0,0,0,0,0,0,0,0,0,0,0,0,0,0,0,0,0,0,0,0,0,0,0,0,0,0,0,0,0,0,0,0,0,0,0,0,0,0,0,0,0,0,0,0,0,0,2,0,0,0,0,0,0,0,0,0,0,0,0,0,0,0,0,0,0,0,0,0,0,0,0,0,0,0,0,0,0,0,0,0,0,0,0,0,0,0,0,0,0,0,0,0,0,0,0,0,0,0,0,0,0,0,0,0,0,0,0,0,0,0,0,0,0,0,0,0,0,0,0,0,0,0,0,0,0,0,0,0,0,0,0,0,0,0,0,0,0,0,0,0,0,0,0,0,0,0,0,0,0,0,0,0,0,0,0,0,0,0,0,0,0,0,0,0,0,0,0,0,0,0,0,0,0,0,0,0,0,0,0,0,0,0,0,0,0,0,0,0,0,0,0,0,0,0,0,0,0,0,0,0,0,0,0,0,0,0,0,0,0,0,0,0,0,0,0,0,0,0,0,0,0,0,0,0,0,0,0,0,0,0,0,0,0,0,0,0,0,0,0,0,0,0,0,0,0,0,0,0,0,0,0,0,0,0,0,0,0,0,0,0,0,0,2,0,0,0,0,0,0,0,0,0,0,0,0,0,0,758,0,0,0,0,0,0,0,0,0,0,0,0,0,0,0,0,0,0,0,0,0,0,0,0,0,0,0,0,0,0,0,0,0,0,0,0,0,0,0,0,0,0,0,0,0,0,0,0,0,0,0,0,0,0,0,0,0,0,0,0,0,0,0,0,0,0,0,0,0,0,0,0,0,0,0,0,0,0,0,0,0,0,0,0,0,0,0,0,0,0,0,0,0,0,0,0,0,0,0,0,0,0,0,0,0,0,0,0,0,0,0,0,0,0,0,0,0,0,0,0,0,0,0,0,0,0,0,0,0,0,0
"D541",6,0,0,0,0,5,12,0,0,0,0,0,0,0,0,0,0,0,0,0,2,0,0,0,0,0,0,0,0,0,0,29,0,0,0,0,0,0,0,0,0,0,0,0,0,0,0,186,0,0,0,0,0,0,0,0,0,0,8,4,0,0,0,1,83,0,14,0,0,0,0,0,0,0,0,0,0,0,0,0,0,0,6,0,0,0,0,0,0,48,0,0,0,0,0,0,0,0,0,0,0,0,0,0,0,0,192,0,0,0,0,47,0,0,0,0,0,0,0,0,0,0,0,0,0,0,0,0,0,0,0,0,22,2,0,0,0,0,62,0,0,0,0,0,0,0,0,0,0,105,0,0,0,0,33,0,0,0,0,0,0,0,1253,0,0,0,0,71,0,3,0,0,0,0,0,0,0,0,0,0,0,0,0,0,0,0,0,0,0,7,0,25,24,0,48,34,0,0,0,0,0,1,0,0,53,0,0,0,0,0,0,0,3,0,0,0,0,0,354,0,0,0,0,0,0,0,0,0,0,0,0,0,552,0,0,0,0,0,0,0,12,0,0,0,0,0,0,0,5,0,121,0,0,0,3,0,0,0,0,4,0,0,0,81,0,0,0,0,0,0,0,0,0,0,0,454,0,0,0,2,0,0,0,0,0,0,0,0,0,9,0,20,0,0,114,0,0,0,2,0,0,0,0,0,0,217,0,0,0,399,18,0,0,0,0,0,0,86,0,0,0,0,0,0,0,0,0,0,0,0,0,5,0,0,0,0,0,0,0,0,0,0,0,0,0,0,0,0,0,0,0,0,0,0,0,0,0,0,0,0,0,0,0,0,0,0,0,0,5,0,0,0,0,0,0,0,0,0,0,0,0,0,0,0,0,0,39,0,0,0,0,0,0,0,0,0,0,0,0,0,12,26,0,0,0,0,0,0,0,0,0,0,0,13,0,0,0,0,0,0,0,0,0,0,0,0,0,0,0,0,0,0,0,0,0,0,0,0,0,0,0,0,0,0,0,0,0,0,0,0,0,0,0,0,0,0,0,0,0,0,2,0,0,0,0,0,0,2,0,0,0,0,0,0,0,0,0,0,10,0,0,0,0,107,0,0,0,0,1,0,0,351,0,0,72,0,0,51,0,0,0,0,0,0,0,0,0,0,0,0,0,91,0,0,0,0,0,0,0,0,0,0,0,0,109,0,0,0,0,68,0,0,0,0
"D542",0,0,0,0,0,0,46,0,0,0,32,0,0,41,0,0,0,0,2,0,0,0,0,0,0,0,0,0,0,0,185,828,0,0,0,137,0,0,0,0,0,0,0,0,78,0,0,0,54,0,0,0,0,0,0,7,0,0,0,27,0,0,9,0,0,0,0,0,0,0,0,0,0,391,0,0,0,0,3851,0,0,0,0,1153,0,380,0,0,0,0,0,0,0,0,0,202,0,0,0,0,0,0,5,0,0,0,0,0,0,0,0,0,0,0,848,0,0,0,0,0,0,0,0,0,0,0,83,0,4,0,0,0,10,0,0,0,0,0,30,0,0,0,0,0,24,0,0,0,0,0,0,0,0,0,0,0,0,0,0,0,0,0,0,0,0,0,0,0,0,0,0,23,2390,0,0,0,0,2807,0,0,0,6,0,0,0,0,0,0,0,0,0,0,0,0,0,0,0,0,0,0,0,0,0,0,0,0,0,0,0,0,0,0,0,0,0,0,8,5,0,0,0,0,0,0,0,0,0,0,0,0,0,0,0,0,0,0,0,0,0,0,0,0,0,0,0,0,0,0,0,0,0,0,0,0,10,0,32,0,0,0,0,0,198,23,0,0,33,0,0,0,0,0,0,0,0,0,0,0,0,0,0,0,0,0,0,0,0,0,0,0,0,0,0,0,0,0,0,0,0,0,0,0,0,0,8,0,0,0,0,0,0,0,0,0,0,0,0,0,0,0,0,1067,0,0,0,0,0,0,0,0,0,0,0,0,0,0,0,4,0,0,110,0,0,0,0,0,0,6,0,28,0,646,1459,1771,0,0,6,0,0,0,0,0,0,0,0,0,0,6610,0,0,0,0,0,0,0,0,0,0,0,0,0,0,0,0,0,0,18,0,0,0,0,0,0,700,0,0,0,0,0,0,0,0,0,0,0,0,0,2,0,0,0,0,0,0,0,0,0,0,0,0,0,0,0,11037,0,0,0,0,99,0,0,0,44,0,0,0,0,0,0,51,43,0,0,0,0,0,0,0,0,0,0,0,0,0,0,0,0,0,0,0,0,0,0,0,0,0,0,0,0,0,0,0,0,0,0,0,0,0,0,0,0,0,0,0,89,0,0,0,0,0,0,0,0,0,0,0,0,0,0,0,0,0,3,0,67,0,0,0,0,0,0,0,244,0,0,0,0,0,0,0,14,3,0,0,0,0,0,0,0,0,0,0,0,0
"D543",2,11,0,0,0,0,0,0,1,0,0,0,0,0,0,0,0,0,0,0,0,0,0,0,0,0,0,0,0,0,0,0,0,0,0,0,0,0,0,0,0,0,0,0,4,0,0,14,18,0,4,0,0,0,0,0,0,0,0,0,0,0,0,0,0,0,23,0,0,0,0,0,0,0,0,0,0,0,0,0,0,0,0,0,0,0,0,0,0,0,0,0,0,0,0,0,0,96,0,0,0,0,0,0,0,0,3,0,23,0,0,0,0,0,0,0,0,0,0,0,0,0,0,0,0,0,0,0,0,0,0,0,0,0,0,0,0,0,0,0,0,0,0,0,0,0,0,0,0,8,0,0,0,0,4,0,0,0,0,0,0,0,0,0,0,0,0,0,0,0,0,0,0,4,0,7,0,0,0,0,0,0,0,0,0,0,0,0,0,3,0,0,0,0,0,0,23,0,0,0,0,0,0,0,45,0,0,0,0,0,0,0,0,0,0,0,374,0,0,0,0,0,249,148,0,6,0,0,0,0,0,0,0,0,0,0,0,0,0,0,0,0,0,1425,0,0,0,0,0,0,9,0,0,0,15,5,15,0,0,7,2,0,0,0,0,0,0,0,0,0,11,0,0,0,0,0,0,12,0,0,0,0,0,0,0,0,0,0,0,983,0,0,0,0,0,0,0,0,0,3,0,0,0,0,0,18,0,5,0,0,0,0,0,0,0,155,0,0,0,0,0,0,0,0,0,0,0,0,0,1,0,0,0,0,0,0,0,38,0,0,10,0,0,0,0,0,0,0,0,0,0,0,0,0,0,0,0,0,0,0,0,0,0,0,0,0,0,0,0,0,0,0,0,0,0,0,0,0,0,0,0,0,0,0,0,0,0,3678,12,0,0,0,0,0,0,0,1,32,0,0,0,0,2119,0,0,0,0,0,0,0,0,0,0,0,0,0,0,0,0,3,0,0,0,0,0,0,0,0,35,0,0,0,0,2249,0,0,0,0,0,0,0,0,0,0,57,0,0,0,0,0,0,0,0,0,0,0,0,0,0,0,3,0,0,2021,0,46,0,0,0,0,0,0,0,0,0,0,6,0,0,0,0,0,0,0,0,0,0,0,0,0,0,0,0,0,0,0,13,0,0,0,0,0,0,0,0,0,0,0,0,0,0,0,0,0,0,0,0,0,0,0,0,0,0,0,0,0,0,0,0,0,0,0,0,0
"D544",35,0,0,0,35,0,4,0,0,0,0,23,0,98,0,0,0,23,0,0,337,0,0,0,44,0,0,0,0,115,457,0,244,0,0,4,8,0,0,0,0,20,0,0,952,0,0,24,842,0,30,0,0,0,0,0,0,0,0,2190,0,0,0,192,0,0,0,2,0,0,0,0,0,0,0,102,42,0,0,0,0,0,0,0,3,14,14,0,0,10,1721,0,0,0,0,82,65,0,0,440,1,0,0,0,0,0,242,0,0,0,0,0,0,9,0,107,0,0,0,0,0,0,0,0,0,13,0,0,0,0,0,0,419,0,7,0,0,0,87,0,0,0,0,0,0,29,0,0,0,8,0,0,0,0,402,0,0,0,0,0,0,0,534,16,0,100,0,284,2,0,0,0,0,0,0,0,0,0,0,0,0,0,0,0,0,0,0,0,0,0,0,24,5,0,10,10,0,0,0,0,0,0,0,0,0,0,0,0,0,0,0,0,276,0,0,0,0,0,0,0,0,11,0,0,1,0,0,0,3,779,0,15,26,0,0,0,0,0,237,0,0,0,8,0,0,4,0,0,20,0,4,0,0,0,1357,0,0,0,0,4,0,3,0,4,0,1,0,0,0,0,0,383,0,0,0,209,0,0,0,586,1,0,0,0,0,0,0,0,0,0,0,0,0,0,0,0,0,0,116,0,0,0,0,0,0,10,0,0,22,127,0,0,0,0,17,0,0,1,0,0,4,14,0,0,0,125,0,0,0,0,0,4,62,0,0,0,0,0,0,5,0,0,0,0,0,0,12,0,0,0,69,0,0,0,0,0,2,0,12,0,0,0,0,0,0,116,0,2,0,0,0,12,2,0,0,0,0,0,0,0,0,0,0,0,0,589,148,0,0,0,0,17,0,0,0,0,0,0,0,11,0,30,0,0,0,0,0,85,0,0,5,0,3,127,16,0,6,360,0,1,0,0,0,0,0,0,0,0,0,0,5,0,0,0,0,0,0,16,0,7,0,321,0,0,0,0,40,0,0,0,0,0,0,4,0,0,0,0,0,0,23,0,0,0,0,0,0,0,27,0,227,0,83,0,0,0,0,0,27,0,0,0,4,0,739,0,0,31,3,0,0,0,0,195,8,0,0,0,0,9,2,0,208,1,6,0,0,11,0,0,24,76,117,0,0,0,0,0,0,0,1,0,0,0,0,0,0,5,0,0,22,0,0,0
"D545",2,4,0,0,0,0,0,2,1,0,0,0,0,0,0,0,0,0,0,0,6,1,0,0,0,0,0,0,0,2,0,0,80,0,0,0,0,0,0,0,0,0,0,0,0,0,0,0,66,15,24,0,2,0,3,0,0,0,0,29,0,0,0,6,0,3,6,0,0,0,1,38,8,2,0,6,0,0,0,0,18,0,0,0,0,0,0,6,0,4,0,0,4,0,0,8,0,0,16,126,0,0,0,0,0,4,2,0,0,4,17,0,0,0,0,2,0,0,0,0,0,0,3,0,0,0,0,0,0,10,5,0,4,10,0,0,0,19,84,6,1,0,0,0,0,0,0,0,0,8,0,2,0,22,7,0,0,0,0,0,0,0,65,0,0,0,8,7,2,0,0,0,0,0,3,0,0,0,0,3,0,0,0,0,0,60,0,0,0,0,0,0,0,0,0,0,0,0,0,0,0,28,0,12,0,0,0,3,0,215,1,4,0,0,0,0,0,0,0,0,0,24,0,0,0,0,0,12,0,0,44,7,0,0,0,0,0,0,0,21,0,0,0,0,0,4,0,0,7,0,0,0,0,54,24,0,0,0,0,0,0,0,0,3,0,0,0,4,3,0,0,39,0,0,0,0,0,0,0,77,23,3,16,0,0,67,0,11,0,0,3,0,0,12,0,0,6,5,57,0,0,2,0,2,0,0,0,94,9,5,0,0,0,23,9,0,0,0,10,0,6,0,6,0,0,5,1,0,0,20,16,0,0,0,0,5,0,0,0,0,0,7,0,217,0,0,0,0,0,0,0,0,0,0,0,5,0,16,2,0,4,0,0,0,0,0,0,0,0,0,0,6,0,0,18,0,0,0,3,0,0,0,0,0,0,0,0,0,0,0,0,0,0,0,4,0,0,0,0,0,1,0,0,0,0,3,0,0,4,0,0,0,0,10,5,0,0,51,0,4,10,2,0,0,0,0,0,0,0,0,0,0,1,0,0,0,0,0,0,0,0,0,0,0,0,0,5,0,0,0,0,5,0,0,9,0,0,0,3,0,2,0,0,0,0,1,0,32,23,2,0,16,3,0,0,0,0,75,0,0,0,0,0,4,30,0,0,0,0,0,0,0,4,0,0,31,0,0,26,0,0,3,6,0,4,0,0,0,0,0,0,271,0,0,1,0,0,0,0,0,8,0,0,0,0,0,0,23,0,0,27,2,9,19
"D546",0,0,0,0,0,0,0,0,21,0,0,0,0,0,0,0,0,0,0,0,0,0,0,0,0,0,0,0,0,8,2,98,0,0,0,0,0,0,0,0,0,0,0,0,0,0,0,0,0,2,0,0,0,0,0,0,0,0,0,3,0,0,0,0,0,0,0,0,0,0,0,1,0,185,0,0,0,0,0,113,0,0,0,6,0,10,48,0,0,0,0,7,0,0,712,4,0,0,0,0,0,0,0,0,0,0,0,0,0,0,0,0,0,3,434,0,0,0,0,0,0,0,0,0,76,0,0,0,0,0,0,0,0,0,0,0,0,0,0,0,0,0,0,0,0,0,0,0,0,0,0,0,0,0,0,0,0,0,0,0,260,2,0,0,0,0,0,0,0,0,0,0,1686,0,0,0,0,0,0,0,0,0,0,0,0,0,0,0,0,0,0,0,0,0,0,0,0,0,0,0,0,0,0,4,0,0,0,0,0,0,0,0,0,156,0,213,0,0,0,0,0,0,0,0,0,0,0,0,0,0,0,13,0,0,0,0,0,0,0,0,0,0,0,0,0,0,0,0,0,0,0,0,0,0,0,0,2,0,0,0,0,10,0,0,0,0,0,0,0,0,0,0,0,0,0,0,0,0,0,0,0,0,0,0,0,0,0,2,0,0,0,0,0,0,0,0,0,0,2,0,0,0,181,0,15,0,2,0,0,3,0,0,16,0,0,0,0,0,82,27,0,15,0,0,0,0,0,132,0,0,0,0,0,0,0,0,0,0,0,16,7,0,0,0,2,0,0,0,0,0,0,0,0,8,0,0,0,0,0,0,22,0,0,0,0,0,0,1748,0,0,0,0,0,0,0,15,0,0,0,0,0,1584,0,0,1,0,0,0,0,0,0,0,0,132,0,0,0,0,0,0,0,0,0,0,26,0,0,0,0,0,0,0,0,0,0,0,0,0,0,0,74,0,0,1187,0,0,0,0,5,0,0,0,0,0,0,0,0,0,0,0,0,0,0,0,0,0,0,0,0,0,0,0,0,0,0,0,0,0,0,0,0,2,0,0,0,0,0,0,0,0,0,0,0,0,0,0,0,0,0,0,0,0,0,0,0,2103,0,0,0,0,547,0,0,0,0,0,0,0,0,0,0,0,0,0,0,0,0,0,0,0,0,0,0,0,0,0,0,0,0,0,0,0,3824,72,4,0,0,0,0,0,0,0,0,0
"D547",0,0,0,0,0,0,0,0,0,0,0,0,0,0,0,0,0,0,0,0,0,0,0,1999,0,0,0,0,0,0,0,0,0,0,0,0,0,0,0,0,0,0,0,0,0,0,0,0,0,0,0,0,0,0,0,0,0,0,0,0,0,0,0,0,0,0,0,0,4,0,0,0,0,0,0,0,0,0,0,0,0,0,0,0,0,0,0,0,0,0,0,0,0,0,0,0,1209,0,0,0,0,0,0,0,0,0,0,2318,0,0,0,0,0,0,0,0,0,0,0,27,0,0,0,0,0,0,0,1510,0,0,0,0,0,0,0,0,0,0,0,0,0,0,0,0,0,0,0,0,0,0,0,0,0,0,0,0,0,0,0,0,0,0,0,0,0,0,0,0,0,0,0,0,0,0,0,0,0,0,0,0,0,0,0,0,0,0,0,0,0,0,0,0,0,0,0,0,533,0,0,0,0,0,0,0,0,0,0,0,0,0,0,0,0,0,0,0,0,0,0,0,0,0,0,0,0,0,0,0,0,0,0,0,0,0,5046,500,0,4,0,0,0,0,0,0,0,0,0,0,0,0,0,0,0,0,0,0,0,0,0,0,0,0,0,0,0,0,0,0,0,0,0,0,0,0,0,0,0,0,0,0,0,0,0,0,0,0,0,0,0,0,0,0,0,0,0,0,0,0,0,0,0,0,0,0,0,0,0,0,0,0,0,0,0,0,0,0,892,0,0,0,0,0,0,0,0,0,0,0,0,0,0,0,0,0,0,0,0,0,0,0,0,0,0,0,0,0,0,137,0,0,0,0,0,0,0,0,0,0,0,0,0,0,373,0,0,0,71,0,0,0,0,0,0,105,0,0,0,0,0,0,0,0,0,0,0,0,0,0,0,0,0,0,0,0,0,0,0,0,0,0,0,0,0,45,0,0,0,0,0,0,0,20,0,0,0,0,0,0,0,0,0,0,0,0,0,0,8219,0,3,0,0,0,0,0,0,0,0,0,0,0,0,0,0,0,2918,0,0,0,0,0,0,0,0,0,0,0,0,0,0,0,0,0,0,0,0,0,0,0,0,0,0,0,0,0,0,0,0,0,0,0,0,0,0,0,0,0,0,0,0,0,0,0,0,0,0,0,1413,0,0,0,0,0,0,0,0,0,0,0,0,0,0,0,0,0,0,0,0,0,0,0,0,0,0,0,0,0,0,0,0,0,0,0,0,0
"D548",0,6,0,0,0,0,0,0,0,3,0,0,0,0,0,0,0,0,0,0,0,0,0,0,0,0,0,0,0,0,2,2,0,0,0,0,0,0,0,0,0,0,0,0,0,0,0,0,0,0,0,0,0,0,0,0,0,0,0,0,0,0,0,0,0,0,2,0,0,0,0,0,0,0,0,0,0,0,0,0,0,0,0,0,0,0,0,0,0,0,0,0,0,0,0,0,0,3,0,0,0,0,0,29,0,0,2,24,0,0,0,0,0,0,0,0,0,0,0,0,0,0,0,0,0,0,0,0,0,0,0,0,0,0,0,0,0,3,0,0,5,0,0,0,0,0,0,0,0,0,0,0,0,0,0,0,76,0,2,0,0,0,0,0,0,0,0,0,0,0,0,0,0,0,0,0,0,0,0,0,0,0,0,0,0,0,0,0,0,0,0,0,0,0,0,0,9,0,0,0,0,1,0,0,0,0,0,0,0,0,0,0,0,0,0,0,0,0,0,3,0,0,0,3,0,0,0,0,0,0,0,0,0,0,295,0,0,0,0,0,0,0,0,0,0,0,0,0,0,0,0,0,0,0,0,0,2,0,0,0,0,0,0,0,0,0,0,0,0,0,0,0,0,0,0,0,0,0,0,0,4,0,0,0,0,0,0,0,3,0,0,0,0,0,0,0,0,0,0,0,0,0,0,0,0,0,0,0,3,0,0,0,0,0,0,0,0,0,0,0,2,0,0,0,0,0,0,0,0,846,0,0,0,0,0,0,0,0,0,0,224,0,0,0,0,0,0,0,0,0,0,0,0,0,3,0,0,0,0,0,0,0,0,0,0,0,0,0,0,0,0,0,0,0,0,0,0,0,0,0,0,0,0,0,0,0,0,0,0,0,0,0,0,0,0,0,0,0,0,0,6,0,0,0,0,0,0,0,0,0,0,0,0,0,5,0,0,0,0,2,0,0,0,0,0,0,0,0,0,0,0,0,0,0,0,0,0,0,0,0,0,0,0,0,0,0,0,0,0,0,0,0,0,0,0,0,0,3,0,0,0,0,8,14,0,0,0,0,0,0,0,4,0,0,0,0,0,0,0,0,0,0,0,2,0,0,0,0,0,0,0,0,0,0,0,0,11,0,0,0,0,0,0,10,10,0,0,0,0,0,0,5,0,0,0,0,0,2,0,0,0,0,0,0,0,0,0,0,0,0,0,0,0,0
"D549",0,0,0,0,0,0,0,0,0,0,0,0,0,0,0,0,0,0,0,0,0,0,0,0,0,0,0,0,0,0,0,0,0,0,0,0,0,0,0,0,0,0,0,0,0,0,0,0,0,0,0,0,0,0,0,0,0,0,0,0,0,0,0,0,0,0,0,0,0,0,0,0,0,0,0,0,0,0,0,0,0,0,0,0,0,0,0,0,0,0,0,0,0,0,0,0,0,0,0,0,0,0,0,0,0,0,0,0,0,0,0,0,0,0,0,0,0,0,0,0,0,0,0,0,0,0,0,0,0,0,0,0,0,0,0,0,0,0,0,0,0,0,0,0,0,0,0,0,0,0,0,0,0,0,0,0,0,0,0,0,0,0,0,0,0,0,0,0,0,0,0,0,0,0,0,1,0,0,0,0,0,0,0,0,0,0,0,0,0,0,0,0,0,0,0,0,0,0,0,0,0,0,0,0,74,0,0,0,0,0,0,0,0,0,0,0,0,0,0,0,0,0,0,0,0,9,0,0,0,0,0,0,0,0,0,0,0,0,0,0,0,0,0,0,0,0,0,0,0,0,0,0,0,0,0,0,0,0,0,0,0,0,0,0,0,0,0,0,0,0,0,0,0,0,0,0,0,0,0,0,0,0,0,0,0,0,0,0,0,0,0,0,0,0,0,0,0,0,0,0,0,0,0,0,0,0,0,0,0,0,0,0,0,0,0,0,0,0,0,0,0,0,0,0,0,0,0,0,0,0,0,0,0,0,0,0,0,0,0,0,0,0,0,0,0,0,0,0,0,0,0,0,0,0,0,0,0,0,0,0,0,0,0,0,0,0,0,0,0,0,0,0,0,0,0,0,0,0,0,0,0,0,0,0,0,0,0,0,0,0,0,0,0,0,0,0,0,0,0,0,0,0,0,0,0,0,0,0,0,0,0,0,0,0,0,0,0,0,0,0,0,0,0,0,0,0,0,0,0,0,0,0,0,13,0,0,0,0,0,0,0,0,0,0,0,0,0,0,0,219,0,0,0,0,0,0,0,0,0,0,0,0,0,0,0,0,0,0,0,0,0,0,0,0,0,0,0,0,0,0,0,0,0,0,0,0,0,0,0,0,0,0,0,0,0,0,0,3180,0,0,0,0,0,0,0,0,0,0,0,0,0,38,0,0,0,0,0,0,0,0,0,0,0,0,0,0,0,0,0,0,0,0,0,0
"D550",0,0,0,0,0,0,0,0,0,0,0,2,25,0,0,0,0,0,0,0,0,0,0,0,0,0,0,0,0,0,0,0,0,0,0,0,0,0,0,0,0,12,0,0,0,0,0,0,0,0,1,0,0,0,0,0,0,0,0,11,0,0,0,0,0,0,0,0,0,0,0,0,0,0,0,0,0,0,0,0,0,0,0,2,0,1909,0,0,0,0,0,0,0,0,0,49,0,0,0,0,0,0,0,0,0,0,0,0,0,15,0,0,0,0,1036,0,0,0,0,0,0,0,0,0,254,0,0,0,3,0,0,0,0,0,0,0,0,0,4,0,6,0,0,0,10,0,0,0,0,0,0,0,0,0,0,0,0,0,0,0,0,0,0,0,0,0,0,0,0,0,0,0,0,0,0,0,0,0,0,0,0,330,0,0,0,0,0,0,0,0,0,0,0,0,0,0,0,0,0,0,0,0,0,0,0,0,0,0,0,0,0,0,0,0,0,0,0,0,0,0,0,0,0,0,0,0,0,0,0,0,0,0,0,0,0,0,0,0,0,0,0,0,0,0,0,0,0,0,0,0,0,0,0,0,0,0,0,0,0,0,0,0,0,0,0,0,0,0,0,0,0,0,0,0,0,0,0,0,0,0,0,0,0,0,0,0,0,0,0,0,0,0,0,0,0,0,0,0,0,0,0,0,510,0,154,0,0,0,0,0,0,0,0,0,0,0,0,0,0,185,0,309,0,0,0,0,0,0,0,0,0,0,0,0,0,0,0,0,0,413,0,0,0,0,292,0,0,0,0,0,0,0,176,0,0,0,0,0,0,0,0,0,0,0,0,0,0,0,0,0,0,0,0,0,0,0,0,0,0,0,0,1157,0,0,0,0,0,0,0,0,0,0,0,0,0,0,0,28,0,0,76,0,0,0,0,0,0,0,0,0,0,0,0,0,0,0,0,0,0,0,0,0,0,534,0,0,0,0,0,0,0,0,359,0,0,0,0,0,0,0,0,0,0,0,0,0,0,0,0,0,0,0,0,0,0,0,0,0,0,0,0,0,0,0,0,0,0,0,0,0,0,0,0,0,0,0,0,0,0,0,0,0,0,0,0,0,0,0,9,0,1116,0,0,0,0,0,0,0,0,0,0,0,0,0,0,0,0,0,0,0,0,0,0,0,0,0,0,0,0,0,0,0,396,0,2,0,0,0,0,0,0,0,0,0
"D551",0,0,0,0,0,2,0,0,0,0,0,0,0,0,0,0,7,0,0,0,0,0,0,0,0,1,0,0,42,0,0,0,0,0,0,0,0,0,0,0,0,39,0,0,0,0,0,8,15,0,84,0,0,0,0,0,0,1,0,0,0,0,0,0,0,611,0,0,0,0,0,103,0,0,0,0,0,0,0,0,0,0,0,8,0,0,0,0,0,0,0,0,6,0,0,26,0,0,0,510,0,4,0,0,0,2,0,2,0,0,0,12,0,0,1568,0,0,0,0,0,0,3,1,0,0,0,0,0,4,0,0,0,0,0,0,0,0,0,15,0,0,0,0,0,0,0,0,0,0,0,0,0,0,0,0,12,0,0,0,0,0,8,7,0,0,0,0,0,0,0,137,0,0,0,0,0,63,0,0,0,0,0,165,0,0,0,4,0,0,0,0,0,0,0,0,3,0,0,0,0,0,0,0,0,0,0,6,0,0,0,1,0,0,0,0,0,0,0,0,0,0,0,0,0,0,0,5,0,0,0,4,106,0,0,0,0,0,0,0,0,1,0,0,0,0,33,0,0,0,0,0,3,0,0,7,0,0,0,0,0,0,0,0,0,0,0,0,0,0,0,0,17,0,0,0,0,0,0,0,0,4,0,0,0,0,0,0,0,0,0,0,0,0,4,0,0,2,0,0,0,0,0,0,19,0,0,0,0,0,0,0,0,0,0,7,0,4,0,3,0,0,10,0,0,8,0,1,0,0,0,0,0,0,0,0,0,0,0,0,0,0,0,0,11,0,0,8,0,0,0,0,0,0,0,0,0,0,0,0,0,1,0,0,0,0,0,0,0,0,10,0,0,0,0,0,0,0,0,31,0,0,0,0,0,0,0,0,0,0,0,0,0,0,0,0,0,0,7,0,0,516,0,0,0,0,2,0,0,0,0,0,0,0,0,2,0,2,1,0,0,0,0,0,0,0,0,0,0,0,0,0,0,0,0,0,0,0,0,0,0,0,0,0,0,0,0,2,0,0,0,0,2,0,0,2,0,0,0,5,0,0,0,0,0,0,0,0,335,1,0,0,0,0,0,0,0,0,0,0,0,0,0,2,0,0,0,0,3,0,0,0,0,0,0,0,131,0,0,8,0,0,1,11,0,0,0,0,0,0,0,0,0,0,0,0,0,0,0,0,6,0,0,6,0,4,0,0,11,0,0,14,0,0,0
"D552",0,0,0,0,0,0,0,0,0,0,0,0,0,0,0,0,0,0,0,0,0,0,0,0,0,0,0,0,5,0,0,0,0,0,0,0,0,0,0,0,0,0,0,0,0,0,0,0,0,0,0,0,0,0,0,0,0,0,0,0,0,0,0,0,0,0,0,4,0,0,1,0,0,0,0,0,0,0,0,0,0,0,0,0,0,0,0,0,0,0,0,0,0,0,0,0,0,0,0,0,0,0,0,0,0,0,0,0,0,0,0,0,0,0,0,0,0,0,0,0,0,5,0,0,0,0,0,0,0,0,0,0,0,0,0,0,0,0,0,0,0,0,0,0,0,0,0,0,0,0,0,0,0,0,0,0,0,0,0,0,0,0,0,0,0,0,0,0,0,0,0,0,0,0,0,0,2,0,0,0,0,0,0,0,0,0,0,0,0,0,0,0,0,0,0,0,0,0,0,0,0,0,0,0,0,0,0,0,0,0,0,0,0,0,0,0,0,0,0,0,0,0,0,0,0,0,0,0,0,0,0,0,0,0,0,0,10,0,0,0,0,0,0,0,0,0,0,0,0,0,0,0,0,0,0,0,0,0,0,0,0,0,0,0,0,0,0,0,0,0,0,0,0,0,0,0,0,0,0,0,0,0,0,0,0,0,0,0,0,0,0,0,0,0,0,0,0,0,0,0,0,0,0,0,0,0,0,0,0,0,0,0,0,0,0,0,0,0,0,0,0,0,0,0,0,0,0,0,0,0,0,0,0,0,0,0,0,0,1,0,0,0,0,0,0,0,0,0,2,0,0,0,0,0,0,0,3,0,0,0,0,0,0,0,0,0,0,0,0,0,0,0,0,0,0,0,0,0,0,0,0,0,0,0,0,0,0,0,0,0,0,0,0,0,0,0,0,0,0,0,0,0,0,0,0,0,0,0,0,0,0,0,0,0,0,0,0,0,0,0,0,0,0,0,0,0,0,0,0,0,0,0,0,0,0,0,0,0,0,0,0,0,0,0,0,0,0,2,0,0,0,0,0,0,0,0,0,0,0,0,0,0,0,0,0,0,0,0,0,0,0,0,0,0,0,0,0,0,0,0,0,0,0,0,0,0,0,0,0,0,0,0,0,0,0,0,0,0,0,0,0,0,0,0,0,0,0,0,0,0,0,204,0,0,0,0,0,0,0,0,0,0,0,0,0,0,0,0,0,0,0,0,0,0
"D553",0,0,0,0,0,0,0,0,0,0,0,0,0,0,0,0,0,0,0,0,0,0,0,0,0,0,0,0,0,0,0,0,0,0,0,0,0,0,0,0,0,0,0,0,0,0,0,0,0,0,0,0,0,0,0,0,0,0,0,0,0,0,0,0,0,0,0,0,0,0,0,0,0,0,0,0,0,0,0,0,0,0,0,0,0,0,0,0,0,0,0,0,0,0,0,0,0,0,0,0,0,0,0,0,0,0,0,0,0,0,0,0,0,0,0,0,0,0,0,0,0,0,0,0,0,0,0,0,0,0,0,0,0,0,0,0,0,0,0,0,0,0,0,0,0,0,0,0,0,0,0,0,0,0,0,0,4,0,0,0,0,0,0,0,0,0,0,0,0,0,0,0,0,0,0,0,0,0,0,0,0,0,0,0,0,0,0,0,0,0,0,0,0,0,0,0,0,16,0,0,0,0,0,0,0,0,0,0,0,0,0,0,0,0,0,0,0,0,0,0,0,0,0,0,0,0,0,0,0,0,0,0,0,0,0,0,0,0,0,0,0,0,0,0,0,0,0,0,0,0,0,0,0,0,0,0,0,0,0,0,0,0,0,0,0,0,0,0,0,0,0,0,0,0,0,0,0,0,0,0,0,0,0,0,0,0,0,0,0,0,0,0,0,0,0,0,0,0,0,0,0,0,0,0,0,0,0,0,0,0,0,0,0,0,0,0,0,0,0,0,0,0,0,0,0,0,0,0,0,0,0,0,0,0,0,0,0,0,0,0,0,0,0,0,0,0,0,0,0,0,0,0,0,0,0,0,0,0,0,0,0,0,0,0,0,0,0,0,0,0,0,0,0,0,0,0,0,0,0,0,0,0,0,0,0,0,0,0,0,0,0,0,0,0,0,0,0,0,0,0,0,0,0,0,0,0,0,0,0,0,0,0,0,0,0,0,0,0,0,0,0,0,0,0,0,0,0,0,0,0,0,0,0,0,0,0,0,0,0,0,0,0,0,0,0,0,0,0,0,0,0,0,0,0,0,0,0,0,0,0,0,0,0,15,0,0,0,0,0,0,0,0,0,0,0,0,0,0,0,0,0,0,0,0,0,0,0,0,0,0,0,0,0,0,0,0,0,0,0,0,0,0,0,0,0,0,0,0,0,0,0,0,0,0,0,0,0,0,0,0,0,0,0,0,0,0,0,0,0,0,0,0,0,0
"D554",0,0,0,0,0,0,0,0,0,0,0,0,0,0,0,0,0,0,0,0,0,0,0,0,0,0,2,0,0,0,0,0,0,0,0,0,0,0,0,0,0,0,0,0,0,0,0,0,0,0,0,0,0,0,0,0,0,0,0,0,0,0,0,0,0,0,0,0,0,0,0,0,0,0,0,0,161,0,0,0,0,0,0,0,0,0,0,0,0,0,0,0,0,0,0,0,0,0,0,0,0,0,0,0,0,0,0,0,0,0,0,0,0,0,0,0,0,0,0,0,0,0,0,0,0,0,0,0,0,0,0,0,0,0,0,0,0,0,0,0,0,0,0,9,0,0,0,0,0,0,0,0,0,0,0,0,0,0,0,0,0,0,0,0,0,0,0,0,0,0,0,0,0,0,0,0,0,0,0,0,0,0,0,0,0,0,0,0,0,0,0,0,0,0,0,0,0,0,0,0,0,0,0,0,0,0,0,0,0,0,0,0,0,0,0,0,0,0,0,0,0,0,0,0,0,0,0,0,0,0,0,0,0,0,0,0,0,0,0,0,0,0,0,0,0,0,0,0,0,0,0,0,0,0,0,0,0,0,0,0,0,0,0,0,0,0,0,0,0,0,0,0,0,0,0,0,0,0,0,0,0,0,0,0,0,0,0,0,0,0,0,0,0,0,0,0,0,0,0,0,0,0,0,0,0,0,0,0,0,0,0,0,0,0,0,0,0,0,0,0,0,0,0,0,0,0,0,0,0,0,0,0,0,0,0,0,0,0,0,0,0,0,0,0,0,0,0,0,0,0,0,0,0,0,0,2,0,0,0,0,0,0,0,0,0,0,0,0,0,0,0,0,0,0,0,0,0,0,0,0,0,0,0,0,0,0,0,0,0,0,0,0,0,0,0,0,0,0,0,0,0,0,0,0,0,0,0,0,0,0,0,0,0,0,0,0,0,0,0,0,0,0,0,0,0,0,0,0,0,0,0,0,0,0,0,0,0,0,0,0,0,0,0,0,0,0,0,0,0,0,0,0,0,0,0,0,0,0,0,0,0,0,0,0,0,0,0,0,0,0,0,0,0,0,0,0,0,0,0,0,0,0,0,0,0,0,0,0,0,0,0,0,0,0,0,0,0,0,0,0,0,0,0,0,0,0,0,0,0,0,0,0,0,0,0,0,0,0,0,0,0,0,0,0,0,0,0,0,0,0,0,0,0,0
