"","otu643","otu2411","otu2824","otu3200","otu3914","otu3990","otu4298","otu4389","otu4863","otu5031","otu5061","otu5199","otu5301","otu5854","otu6411","otu6486","otu6720","otu6834","otu7142","otu8351","otu9874","otu10651","otu10990","otu13504","otu13674","otu14493","otu14883","otu15474","otu16260","otu16641","otu17070","otu17081","otu17862","otu19492","otu19728","otu20120","otu20321","otu21063","otu21161","otu22058","otu22860","otu22968","otu22980","otu22981","otu23062","otu23328","otu23473","otu23933","otu24141","otu24274","otu24353","otu24528","otu24642","otu25654","otu25983","otu29183","otu29192","otu31413","otu32501","otu33780","otu34128","otu34816","otu35825","otu36139","otu36430","otu36535","otu36538","otu38090","otu38199","otu38625","otu39577","otu39875","otu40521","otu40576","otu40699","otu40932","otu41945","otu42549","otu42763","otu43590","otu43678","otu43787","otu43895","otu43996","otu44558","otu45911","otu45913","otu46018","otu46075","otu47403","otu48046","otu49610","otu49788","otu50291","otu50877","otu50898","otu52804","otu53020","otu53612","otu53613","otu53868","otu54094","otu54454","otu54664","otu54959","otu55336","otu55465","otu55649","otu55654","otu56002","otu56423","otu57000","otu57594","otu57638","otu57830","otu58736","otu60148","otu60355","otu61099","otu61217","otu63644","otu63689","otu63821","otu63987","otu64106","otu64533","otu64708","otu66141","otu66266","otu66826","otu67104","otu67961","otu68427","otu68823","otu68874","otu69986","otu70569","otu73605","otu73793","otu74755","otu74871","otu75030","otu75528","otu75640","otu75913","otu76106","otu76575","otu77042","otu77782","otu78374","otu78596","otu79099","otu79168","otu81005","otu81766","otu84462","otu84911","otu86075","otu86374","otu86382","otu86820","otu87407","otu88716","otu89173","otu91075","otu91208","otu92456","otu95014","otu95020","otu95345","otu97538","otu98911","otu99090","otu100234","otu100666","otu100915","otu101011","otu101215","otu101556","otu101753","otu102811","otu102961","otu102976","otu103020","otu103748","otu104658","otu104688","otu104749","otu104751","otu104813","otu107198","otu107311","otu107337","otu108155","otu108477","otu108508","otu108628","otu109019","otu109684","otu111102","otu111137","otu112225","otu113180","otu114491","otu115012","otu115117","otu115261","otu115295","otu115406","otu115490","otu115778","otu116241","otu116285","otu117241","otu117386","otu117463","otu117685","otu117687","otu118289","otu118956","otu119446","otu119930","otu120543","otu120851","otu120996","otu121514","otu123163","otu124216","otu126696","otu126841","otu128440","otu128492","otu129244","otu132182","otu132750","otu133358","otu135474","otu135538","otu135583","otu136171","otu136701","otu137989","otu138417","otu138568","otu139125","otu139401","otu140558","otu140795","otu142090","otu143731","otu144720","otu145209","otu145558","otu145838","otu147213","otu147546","otu148198","otu149332","otu149387","otu150453","otu150615","otu151388","otu151399","otu151695","otu151813","otu152865","otu153831","otu154548","otu155725","otu155734","otu155792","otu156770","otu157879","otu160105","otu160520","otu162439","otu162483","otu163488","otu163843","otu163947","otu164706","otu165386","otu165410","otu165448","otu165976","otu166117","otu166343","otu166559","otu167491","otu168212","otu168383","otu168446","otu168565","otu168614","otu168693","otu170243","otu170591","otu171245","otu171375","otu171426","otu172447","otu172985","otu173727","otu173926","otu173981","otu174745","otu175915","otu175960","otu177022","otu177463","otu177813","otu178207","otu180281","otu181240","otu181268","otu181894","otu182032","otu182184","otu183055","otu183640","otu183743","otu183788","otu184240","otu184634","otu184843","otu185021","otu187218","otu188108","otu188667","otu188738","otu188803","otu189123","otu190213","otu190788","otu191467","otu193249","otu193671","otu194828","otu195408","otu195689","otu195872","otu196789","otu196922","otu196925","otu197583","otu197621","otu197885","otu198672","otu199122","otu199161","otu200155","otu200994","otu201243","otu201690","otu203189","otu203368","otu205724","otu205932","otu206149","otu206965","otu207098","otu207159","otu207307","otu207496","otu207948","otu208613","otu208692","otu209586","otu210374","otu210754","otu210801","otu210858","otu213238","otu214178","otu214479","otu215301","otu217464","otu218587","otu219248","otu219274","otu219668","otu219768","otu220859","otu221483","otu221737","otu221867","otu222127","otu223020","otu223372","otu223598","otu224206","otu224444","otu224581","otu225044","otu225698","otu226876","otu226925","otu227541","otu227760","otu227820","otu228653","otu228958","otu229309","otu229484","otu230665","otu230801","otu231417","otu231461","otu231647","otu232032","otu232045","otu233411","otu234013","otu234042","otu234279","otu234399","otu234443","otu234579","otu234623","otu235143","otu235489","otu236496","otu237226","otu237758","otu238032","otu239064","otu239361","otu240002","otu240183","otu240219","otu240288","otu240630","otu241002","otu242039","otu242237","otu242915","otu243689","otu243958","otu243989","otu244383","otu244693","otu244981","otu245136","otu245411","otu245615","otu246106","otu248837","otu249946","otu250594","otu251163","otu251239","otu251532","otu252305","otu252534","otu252667","otu253107","otu254131","otu254232","otu254910","otu255644","otu255728","otu255751","otu256267","otu256429","otu257163","otu257256","otu257742","otu258118","otu258915","otu259507","otu259902","otu260122","otu260203","otu261401","otu261723","otu262467","otu263295","otu264772","otu265004","otu265125","otu265516","otu266181","otu266395","otu266417","otu267460","otu267538","otu267893","otu268092","otu268193","otu268361","otu270847","otu273035","otu274526","otu275132","otu275566","otu276077","otu276706","otu276830","otu277058","otu277402","otu277908","otu278327","otu279863","otu280363","otu280574","otu280657","otu280946","otu282540","otu282797","otu282810","otu282960","otu284076","otu285128","otu285351","otu285676","otu286610","otu287736","otu288120","otu288164","otu288562","otu288683","otu289928","otu290028","otu290186","otu290249","otu290349","otu290794","otu291012","otu291721","otu291944","otu291989","otu292589","otu292933","otu293912","otu294723","otu295753","otu295890","otu297223","otu297683","otu297749","otu298459","otu299115","otu299267","otu299382","otu299541","otu299581","otu300568","otu300821","otu302096","otu302225","otu302691","otu303019","otu303909","otu304184","otu304795","otu305295","otu305893","otu307179","otu307765","otu308261","otu308285","otu308757","otu309351","otu309779","otu309826","otu312312","otu312360","otu312383","otu312748","otu312771","otu314549","otu314888","otu315340","otu315975","otu316782","otu316965","otu317198","otu317409","otu317458","otu317514","otu318225","otu318627","otu318690","otu319105","otu319177","otu319219","otu320506","otu320992","otu321120","otu321556","otu322018","otu324167","otu324739","otu324954","otu325184","otu325357","otu326323","otu326881","otu327540","otu327646","otu328319","otu329524","otu329808"
"D1",0,0,0,0,0,0,0,0,0,0,0,0,0,0,0,0,0,0,0,0,0,0,0,0,0,0,0,0,0,0,0,0,0,0,0,0,0,0,0,0,0,0,0,0,0,0,0,0,0,0,0,0,0,0,0,0,0,0,0,0,0,0,0,0,0,0,0,0,0,0,0,0,0,0,0,0,0,0,0,0,0,0,0,0,0,0,0,0,0,0,0,0,0,0,0,0,0,0,0,0,0,0,0,0,0,0,14,0,0,0,0,0,0,0,0,0,0,0,0,0,0,0,0,0,0,0,0,0,0,0,0,0,0,0,0,0,0,0,0,0,0,0,0,0,0,0,0,0,0,0,0,0,0,0,0,0,0,0,0,0,0,0,0,0,0,0,0,0,0,0,0,0,0,0,0,0,0,0,0,0,0,0,0,0,0,0,0,0,0,0,0,9,0,0,0,0,0,0,0,0,0,0,0,0,0,0,0,0,0,0,0,0,0,0,0,0,0,0,0,0,0,0,0,34,0,0,0,0,0,0,0,0,0,0,0,0,0,0,0,0,0,0,0,0,0,0,0,0,0,0,0,0,0,0,0,0,0,0,0,0,0,0,0,0,0,0,0,0,0,0,0,0,0,0,0,0,0,0,0,0,0,0,0,0,0,0,0,0,0,0,0,0,0,0,0,0,0,0,0,0,0,0,0,0,0,0,0,0,0,0,0,0,0,0,0,0,0,0,0,0,0,0,0,0,0,0,0,0,0,0,0,0,0,0,0,0,0,0,0,0,0,0,0,0,0,0,0,0,0,0,0,0,0,0,0,0,0,0,0,0,0,0,0,0,0,0,0,0,0,0,0,0,0,0,0,0,0,0,0,0,0,0,0,0,0,0,0,0,0,0,0,0,0,0,0,0,0,0,0,0,0,0,0,0,0,0,0,0,0,0,0,0,0,0,0,0,0,0,0,0,0,0,0,0,0,0,0,0,0,0,0,0,0,0,0,0,0,0,0,0,0,0,0,0,0,0,0,0,0,0,0,0,0,0,0,0,0,0,0,0,0,0,0,0,0,0,0,0,0,0,0,0,0,0,0,0,0,0,0,0,0,0,0,0,0,0,0,0,0,0,0,0,0,0,0,0,0,0,0,0,0,0,0,0,0,0,0,922,0,0,0,0,0,0,0,0,0,0,0,0,0,0,0,0,7,0,0,0,0,0,0,0,0,0,0,0,0,0,0,0,0,0,0,0,0,0,0,0,0,0,0,0,0,0,0,0,0,0,0,0,0,6869,0,0,0,0,0,0,0,0,0,0,0,0,0,0,0,0,1118,0,0,0,0,0,0,0,0,0,0,0,0,0,0,0,0,0,0,0,0,0,0,0,0
"D2",0,0,0,0,0,0,0,0,0,0,0,0,0,0,0,0,0,0,0,0,0,0,0,0,0,0,8,0,0,0,26,0,0,37,0,0,0,0,0,0,0,0,0,0,0,0,0,0,0,0,0,0,0,0,0,0,0,0,0,0,0,0,0,0,0,0,0,0,0,0,0,5,0,0,0,0,0,0,0,0,0,0,0,0,0,17,0,0,0,0,0,0,0,0,0,0,0,0,0,0,0,0,11,0,0,0,0,0,0,0,0,0,0,0,0,0,0,0,0,0,0,0,0,0,0,0,0,0,0,0,0,0,0,0,0,0,0,64,0,0,0,0,0,0,0,0,0,0,0,0,0,0,0,0,0,0,0,0,0,0,0,0,0,0,0,0,0,0,0,0,0,0,0,0,0,0,0,0,0,0,0,0,0,30,0,0,0,0,0,0,0,0,0,0,0,0,0,0,0,0,0,0,0,0,0,0,0,0,0,0,0,0,0,0,0,0,2,0,0,0,0,0,0,0,0,0,0,0,0,0,0,0,0,0,0,0,0,0,0,0,0,0,0,0,0,0,0,0,0,0,0,0,0,0,0,0,0,0,0,0,0,0,0,0,0,0,0,0,0,0,0,0,0,0,0,0,0,0,0,0,35,0,0,0,0,0,0,0,0,0,0,0,0,0,0,0,0,0,0,321,0,0,0,0,0,0,0,0,0,0,0,0,0,0,0,0,0,0,0,0,0,0,0,0,0,0,0,0,0,0,0,0,0,0,0,0,0,0,0,0,0,0,0,0,0,0,0,0,0,0,0,0,0,0,0,0,0,0,0,0,0,0,0,0,0,0,0,0,0,0,0,0,0,0,0,0,0,0,0,0,0,0,0,0,20,22,0,0,0,0,0,0,0,0,0,0,0,0,5,18,0,0,0,0,0,0,0,0,0,0,0,0,0,0,0,0,0,0,0,0,0,0,0,0,0,0,0,0,0,0,0,0,0,0,25,0,0,0,0,0,0,0,0,0,0,0,0,0,0,0,0,0,0,0,0,0,0,0,0,0,0,0,0,0,0,0,0,0,0,0,0,0,0,0,0,0,24,18,0,0,0,0,0,0,0,0,0,0,0,0,0,0,0,0,0,0,0,0,0,0,23,0,0,0,0,0,0,0,0,0,0,0,0,0,0,0,0,0,0,0,0,0,0,0,0,0,0,0,0,0,0,0,0,0,0,0,0,0,0,0,0,0,0,0,0,0,0,0,0,35,0,0,0,0,0,0,0,0,0,0,0,0,0,0,0,0,0,0,28,0,0,0,0,0,0,0,0,0,9258,0,0,0,0,0,0,0,0,0,0,59,0,0,0,0,0,0,0,0,0,0,0,0,0
"D3",2,68,8,0,2,29,0,0,0,0,32,209,0,19,14,3,0,9,59,4,0,13,38,3,12,0,0,0,0,7,142,6,9,0,20,29,0,24,0,180,46,0,81,44,37,0,0,10,20,0,0,19,379,0,7,26,19,0,0,15,14,0,41,0,0,134,2,0,0,0,0,0,0,0,6,149,61,0,21,10,0,0,0,19,0,0,1,0,40,0,12,35,0,0,0,11,0,0,3,48,38,64,0,5,0,0,0,8,401,22,0,13,0,0,12,0,0,0,4,17,33,0,4,0,0,0,10,0,0,0,198,0,0,0,8,62,0,0,0,0,10,0,0,35,0,3,8,11,14,0,0,0,0,23,9,0,9,0,64,31,7,60,5,13,4,13,0,23,1,0,0,2,11,8,2,13,0,0,4,59,12,0,0,0,0,46,2,0,45,56,33,0,15,3,0,0,0,0,3,14,0,0,52,0,62,0,0,93,0,9,1,21,0,53,0,4,0,0,8,3,0,29,0,6,37,228,0,140,2,0,0,4,0,0,1,0,0,47,25,0,0,0,0,0,0,0,5,256,0,0,18,10,0,8,0,0,0,1,0,0,29,0,44,7,21,2,26,0,3,24,14,55,0,0,2,0,10,63,12,4,236,0,0,18,5,0,0,0,1,11,4,0,0,142,39,0,4,32,1,65,45,5,34,405,8,0,7,0,44,0,0,0,36,1,21,0,7,116,0,5,67,17,4,81,15,4,0,6,72,395,0,0,29,3,50,4,0,19,0,0,82,2,0,24,0,100,0,6,0,13,9,39,35,0,1,0,0,5,0,0,4,0,0,6,0,0,33,28,0,10,28,6,2,0,90,30,151,60,4,0,0,196,2,5,0,0,95,0,10,0,34,5,75,0,5,1,0,1,0,0,0,0,0,0,0,0,0,56,0,4,0,6,8,23,0,0,10,2,7,50,7,0,15,0,0,68,0,88,0,0,0,0,0,0,0,54,5,0,0,0,23,60,0,7,40,5,0,2,0,0,0,0,0,6,28,7,0,1,9,76,0,8,0,1,18,0,3,4,19,39,316,3,2,44,11,0,0,0,0,0,0,0,0,4,18,0,1,0,160,0,0,17,2,7,0,0,0,27,0,36,0,0,4,3,0,391,67,0,0,0,27,6,1,181,0,0,3,14,22,17,0,0,237,20,0,0,876,17,210,1,17,0,10,0,0,52,0,18,32,0,0,2,0,8,13,11,7,14,76,0,9,0,17,0,0,0,17,13,0,117,0,0,77,27,0,0,134,0,0,3,1,0,88,8,20,1,50,38,149,10,1,18,108,8,29,135,8,0,0,0,0,0,22,0,52,92,0,0,0,0,4,0,0
"D4",4,49,0,0,2,7,0,0,0,2,39,52,0,7,0,0,8,0,0,0,0,6,186,7,14,0,0,0,52,0,57,0,2,0,22,0,0,0,8,31,0,0,163,10,32,0,0,30,0,25,0,17,29,0,4,0,13,0,0,101,144,0,3,0,0,30,6,0,6,0,6,0,0,0,2,27,8,0,0,0,0,0,0,9,0,0,0,0,10,0,0,6,0,9,6,1,0,0,0,0,6,9,0,0,11,0,0,0,130,0,0,2,0,18,10,0,2,0,3,28,18,7,29,0,70,19,0,0,0,0,179,0,3,0,0,41,0,0,14,2,0,0,0,0,0,12,0,0,24,0,0,0,4,14,16,0,0,10,29,39,13,0,12,11,0,7,0,8,5,35,0,0,0,3,7,6,2,8,8,8,0,4,26,0,0,3,0,0,1,1,24,0,3,0,28,0,35,0,1,18,6,0,14,0,41,210,0,8,11,0,0,0,0,7,0,0,0,0,4,5,3,0,0,0,0,4675,0,140,6,0,0,4,1,0,3,0,14,220,15,2,0,0,0,3,0,0,3,43,0,0,5,0,0,0,12,1,0,0,0,0,19,0,0,26,0,0,25,2,7,0,15,0,0,2,23,0,15,20,0,14,164,0,1,11,6,0,0,0,11,0,16,0,0,23,73,0,20,11,0,7,15,0,14,17,3,0,0,6,11,5,0,0,12,20,1,0,0,4,0,0,33,11,5,67,6,1,0,7,0,26,4,23,39,3,41,17,34,77,0,1,6,0,0,100,0,18,0,32,0,11,23,48,55,0,0,0,0,6,0,53,0,0,0,32,13,0,31,0,0,0,2,10,0,0,159,5,14,17,38,0,0,112,2,0,0,0,319,0,0,0,61,0,21,0,1,45,0,2,0,0,0,0,1,0,32,18,0,40,0,12,0,40,6,0,0,0,0,11,0,0,8,0,17,6,0,12,3,118,0,0,11,0,0,0,0,11,3,0,0,0,2,10,0,52,94,0,3,84,0,0,0,176,0,439,5,0,9,2,0,19,0,48,0,6,1,0,14,3,0,35,108,0,0,29,48,0,0,0,4,0,0,32,0,0,17,0,3,0,6,78,0,0,4,0,0,0,1,6,0,3,0,0,0,28,0,627,358,0,11,0,1,13,0,28,0,0,2,12,20,20,13,0,20,68,0,0,33,8,25,18,2,53,41,6,0,17,0,3,0,0,0,0,0,3,228,4,10,0,38,0,29,0,9,0,0,5,133,0,0,60,0,0,53,0,20,10,32,0,0,0,2,0,17,15,18,3,0,2,21,2,5,1,0,4,6,0,0,17,0,0,2,0,3,6,319,10,0,0,15,0,5,2,0
"D5",0,2,0,0,0,0,0,429,0,0,0,0,0,4,0,0,0,0,153,0,0,0,0,3,0,0,0,0,0,21,166,0,0,0,0,12,0,0,13,0,0,0,0,149,2,0,0,0,0,0,0,80,59,2,0,9,0,0,0,33,5,0,3,0,0,0,0,0,13,0,0,0,0,0,13,0,0,56,0,0,0,0,0,0,131,0,0,0,0,0,0,0,0,0,0,0,0,0,0,0,0,0,0,0,2,0,0,1,0,4,0,0,0,0,3,0,0,0,0,0,0,2,0,0,0,0,0,8,0,0,0,0,0,0,0,36,0,0,0,0,0,0,0,0,0,0,2,0,6,0,0,0,0,0,0,0,0,48,3,0,0,0,0,0,269,3,0,0,0,0,0,0,4,0,0,5,0,5,3,163,16,0,3,0,0,0,0,0,0,35,83,0,0,0,5,2,3,0,0,0,0,0,139,0,16,0,0,32,13,0,0,0,0,0,0,0,0,0,0,0,0,0,4,0,0,0,99,0,11,0,0,25,0,0,2,0,0,0,0,0,0,0,0,4,2,0,0,0,0,0,0,0,0,8,0,0,0,7,0,0,0,0,0,0,0,0,0,9,0,0,0,0,0,22,0,0,10,0,0,3,9,0,0,0,19,0,0,0,0,0,37,0,0,0,0,0,11,0,0,5,0,0,0,0,0,0,0,0,57,0,1,0,97,0,0,0,0,0,0,15,0,4,0,0,0,0,0,0,0,270,0,99,2,0,0,0,0,51,0,77,0,0,0,0,0,0,8,0,0,0,28,0,57,0,0,0,0,0,0,16,0,0,6,280,127,0,0,0,22,0,0,0,0,0,158,0,0,0,0,0,1,5,0,0,0,0,5,0,7,2,74,0,0,102,0,0,0,0,59,0,0,0,2,0,96,0,0,34,0,0,0,0,0,0,0,0,0,0,0,0,11,0,0,0,0,0,0,0,0,0,0,0,0,0,0,0,4,0,0,0,0,1,0,15,41,0,11,0,0,3,0,0,0,0,0,0,2,6,0,0,0,0,0,0,0,0,0,0,0,0,330,0,0,4,0,0,0,4,0,0,0,0,0,15,17,0,1,0,0,104,0,0,0,0,0,0,0,2,2,0,0,0,0,0,0,884,0,0,0,0,0,0,4,64,2,0,0,36,25,0,0,0,0,0,0,0,0,11,97,10,0,0,0,3,0,1,0,0,0,0,0,0,0,0,0,5,7,15,0,2,13,0,0,0,12,0,2,0,0,21,0,0,23,0,12,3,120,0,0,0,5,0,0,10,0,0,0,0,10,0,0,0,0,0,0,0,41,1,0,3,14,0,3,0,401,0,2,7,12,0,2,0,0
"D6",0,696,0,0,0,0,0,0,0,0,387,0,0,61,0,0,7,0,0,37,0,0,464,0,0,0,0,0,5,66,0,0,0,0,0,0,0,0,0,0,0,0,0,0,10,0,0,0,14,0,0,0,0,0,0,0,0,0,0,314,16,0,2,0,0,778,0,0,0,0,0,0,0,0,0,0,328,0,0,0,0,0,0,0,0,0,0,0,0,0,12,0,0,0,0,0,0,0,0,0,0,0,0,0,0,0,0,0,333,7,0,0,0,4,0,0,0,0,0,0,263,0,0,0,0,0,0,0,14,0,264,0,0,0,0,0,0,0,0,0,0,0,0,0,0,0,0,0,0,0,0,0,0,0,0,0,0,0,0,0,0,0,0,0,0,0,0,0,0,0,0,0,0,0,0,0,0,0,0,0,0,0,0,0,0,0,0,0,0,0,0,0,0,1,1,0,0,0,13,0,0,0,0,0,0,0,0,0,0,0,0,0,0,0,0,0,0,0,0,0,0,0,0,0,0,1126,0,0,10,0,0,0,0,0,0,0,0,0,11,2,0,0,0,0,0,0,5,0,0,0,0,0,0,0,0,0,0,0,0,0,0,0,13,0,0,0,0,0,0,0,0,228,0,0,0,0,40,0,0,0,294,0,0,0,0,0,0,0,1,0,0,0,0,0,0,0,4,0,0,0,0,0,0,0,0,0,0,1475,0,0,0,0,0,0,0,0,0,0,0,0,0,0,0,0,0,0,0,0,0,0,0,0,0,0,2234,0,0,0,0,0,91,0,0,0,0,0,0,0,0,0,0,0,491,0,0,0,0,0,0,0,0,0,0,0,0,0,0,0,0,0,0,0,0,0,0,2,0,0,0,0,0,0,0,0,0,0,0,0,0,0,0,0,0,0,0,0,0,0,0,0,0,0,0,0,0,0,0,0,0,0,0,0,0,0,0,0,0,0,0,6,0,0,0,0,0,75,0,0,0,0,22,0,0,0,0,0,0,0,0,0,0,0,0,0,0,0,0,7,5,0,0,0,0,0,0,0,0,0,0,0,0,0,0,0,0,0,0,0,0,0,0,0,0,0,0,0,0,0,0,0,0,0,0,0,0,0,0,0,0,0,0,0,0,0,0,0,0,4,0,232,0,0,0,0,0,129,1185,0,0,0,0,0,0,0,0,0,0,36,0,63,3,0,0,0,0,0,0,0,0,0,0,0,0,0,0,3,0,0,0,0,0,0,0,0,0,0,0,7,0,0,0,0,145,0,0,0,56,0,28,0,0,0,0,0,0,0,0,0,0,0,0,0,0,0,406,0,0,0,59,47,0,0,0,7,0,0,0,0,0,0,0,0,0,0,93,0,0,0,3,0,0,0,0
"D7",0,0,0,0,0,5,0,0,0,0,0,0,0,0,0,0,0,0,0,0,0,0,0,0,0,0,0,0,0,0,0,0,0,0,0,0,0,0,0,0,0,0,0,0,0,0,0,0,0,0,0,0,0,0,0,0,0,0,0,0,0,0,0,0,0,0,0,0,0,0,0,0,0,0,0,0,0,0,0,0,0,0,0,0,0,0,0,0,0,0,0,0,0,0,0,0,0,0,0,0,0,0,0,0,0,0,0,0,0,0,0,0,0,0,0,0,0,0,0,0,0,0,0,0,0,0,0,0,0,0,0,0,0,0,0,0,0,0,0,0,0,0,0,0,0,0,0,0,0,0,0,0,0,0,0,0,0,0,0,0,0,0,0,0,0,0,0,0,0,0,0,0,0,20,0,0,0,0,0,0,0,0,0,29,0,0,0,0,0,0,0,0,0,0,0,0,0,0,0,0,0,0,0,0,0,0,0,0,0,0,0,0,0,0,0,0,0,0,0,0,0,0,0,0,0,0,0,0,0,0,0,0,0,0,0,0,0,0,0,0,0,0,0,0,0,0,0,0,0,0,0,0,0,0,0,0,0,0,0,0,0,0,0,0,0,0,0,0,0,0,0,0,4,0,0,0,0,0,0,0,0,0,0,0,0,0,0,0,0,0,0,0,0,0,0,0,0,0,0,1150,0,0,0,0,0,0,0,0,0,0,0,0,0,0,0,0,0,0,0,0,0,0,0,0,0,0,0,0,0,0,0,0,0,0,0,0,0,0,0,0,0,0,0,0,0,0,0,0,0,0,0,0,0,0,0,0,0,0,0,0,0,0,0,0,0,0,0,0,0,4,0,0,0,0,0,0,0,0,0,0,1,0,0,0,0,15,0,0,0,0,0,0,0,0,9,0,0,0,0,0,0,0,0,0,0,0,0,0,0,0,0,0,0,0,0,0,0,0,0,0,0,0,0,0,0,0,0,0,0,0,0,0,0,0,0,0,0,0,0,0,0,0,0,0,0,0,0,0,0,0,0,0,0,0,0,0,0,0,0,0,0,0,0,0,13,0,0,0,0,0,0,157,0,0,0,0,0,0,0,0,0,0,0,0,0,0,0,0,0,0,0,0,0,0,0,0,0,0,0,0,0,0,0,0,0,0,0,0,0,0,0,0,0,0,0,0,0,0,0,0,12,0,0,0,0,0,3,0,0,0,0,0,0,0,0,0,0,0,0,0,0,0,0,0,0,0,0,0,0,0,0,0,0,0,0,0,0,0,0,0,0,0,0,0,0,0,0,0,249,97,0,0,0,0,0,0,0,0,0,0,0,0,0,0,0,0,0,0,0,0,0,0,0,0,0,0,0,0,0,0,0,0,0
"D8",0,0,0,0,0,0,2,0,0,0,0,0,36,0,0,0,0,0,0,0,0,0,0,0,0,0,936,0,0,0,26,0,0,375,0,0,0,0,0,0,0,0,0,0,0,0,0,0,0,0,0,5,0,125,4,0,0,0,0,0,0,0,0,0,0,0,0,0,0,0,0,445,10,0,0,0,0,0,0,0,713,0,0,0,0,183,15,381,0,14,0,0,0,25,0,0,0,0,2,0,0,0,480,82,0,0,0,0,0,0,0,0,0,0,0,0,0,0,0,0,0,0,0,0,0,0,322,2384,0,0,0,0,0,0,0,0,0,0,0,0,0,0,0,0,0,0,0,0,0,0,0,0,0,0,0,12,0,0,0,0,0,0,0,0,0,0,0,0,2,0,92,2,5,0,0,0,8,0,0,0,0,0,0,0,0,0,0,0,0,0,0,0,0,0,0,0,0,0,0,0,0,0,0,0,0,0,0,0,0,0,0,0,0,0,0,0,0,0,0,0,13,0,0,0,0,0,0,0,0,0,14,0,19,13,0,0,0,0,0,0,0,0,0,1,3,0,0,0,3,0,0,0,0,7,0,0,0,0,0,0,0,0,0,0,0,5,0,0,0,0,0,0,0,0,0,0,0,0,0,0,0,0,0,0,0,0,4,0,0,1,0,0,0,0,2,140,0,0,0,0,0,0,0,0,0,0,0,0,0,0,0,0,0,0,0,0,0,0,0,2,0,0,0,0,0,0,0,0,0,0,2,0,0,0,0,0,0,0,271,0,0,39,0,0,0,0,0,0,0,0,0,0,0,0,0,0,0,0,0,0,21,0,20,0,0,0,0,0,71,0,0,0,0,0,0,0,0,0,0,2,1,0,0,0,170,2,0,0,0,2,0,0,0,0,0,0,2,0,1785,0,0,0,0,0,0,0,7,0,0,0,0,0,0,0,0,1104,0,0,0,0,0,2,0,0,5,0,0,0,0,0,0,12,714,48,143,0,48,0,0,0,0,0,10,0,0,0,0,0,0,2,0,0,0,0,0,78,0,0,0,0,0,0,0,0,8,0,0,0,0,0,0,0,0,358,0,0,886,8,0,0,0,0,0,0,0,0,0,0,0,0,0,0,0,0,0,0,0,0,314,0,381,0,3,0,225,0,0,0,0,0,0,0,0,0,18,0,0,0,0,0,0,2,0,0,0,0,0,0,0,0,0,0,0,0,4,0,0,0,0,0,0,0,55,0,0,0,0,0,0,382,0,0,0,408,0,0,0,0,0,0,0,0,0,0,0,0,0,0,0,2,0,0,0,0,0,0,0,0,0,0,0,0,0,0,0,0,0,0,0,7,181,131,0,0,0,0,0,5,0,505,0,0,0
"D9",0,0,0,0,0,0,0,0,0,0,0,0,0,0,0,0,0,0,0,0,0,0,0,0,0,0,0,0,0,0,0,0,0,0,0,0,0,0,0,0,0,0,0,0,0,0,0,0,0,0,0,0,0,0,0,0,0,0,0,0,0,0,0,0,0,0,0,0,0,0,0,0,0,0,0,0,0,0,0,0,0,0,0,0,0,0,0,0,0,0,0,0,0,0,0,0,0,0,0,0,0,0,0,0,0,0,0,0,0,0,0,0,0,0,0,0,0,0,0,0,0,0,0,0,0,0,0,0,0,0,0,0,0,0,0,0,0,0,0,0,0,0,0,0,0,0,0,0,0,0,0,0,0,0,0,0,0,0,0,0,0,0,0,0,0,0,0,0,0,0,0,0,0,0,0,0,0,0,0,0,0,0,0,0,0,0,0,0,0,0,0,0,0,0,0,0,0,0,0,0,0,0,0,0,0,0,0,0,0,0,0,0,0,0,0,0,0,0,0,0,0,0,0,2,0,0,0,0,0,0,0,0,0,0,0,0,0,0,0,0,0,0,0,0,0,0,0,0,0,0,0,0,0,0,0,0,0,0,0,0,0,92,0,0,0,0,0,0,0,0,0,0,0,0,0,0,0,0,0,0,0,0,0,0,0,0,0,0,0,0,0,0,0,0,0,0,0,0,0,0,0,0,0,0,0,0,0,0,0,0,0,0,0,0,0,0,0,0,0,0,0,0,0,0,0,0,0,0,0,0,0,0,0,0,0,0,0,0,0,0,0,0,0,0,0,0,0,0,0,0,0,0,0,0,0,0,0,0,0,0,0,0,0,0,0,0,0,0,0,0,0,0,0,0,0,0,0,0,0,0,0,0,0,0,0,0,0,0,0,0,0,0,0,0,0,0,0,0,0,0,0,0,0,0,0,0,0,0,0,0,0,0,0,0,0,0,0,0,0,0,0,0,0,0,0,0,0,0,0,0,0,0,0,0,0,0,0,3,0,0,0,0,0,0,0,0,0,0,0,0,0,0,0,0,0,0,0,0,0,0,0,0,0,0,0,0,0,0,0,0,0,0,0,0,0,0,0,0,0,0,0,0,0,0,0,0,0,110,0,0,0,0,0,0,0,0,0,0,0,0,0,0,0,0,0,0,0,28,0,0,0,0,0,0,0,0,0,0,0,0,0,0,0,0,0,0,0,0,0,0,0,0,0,0,0,0,0,0,0,0,0,0,0,0,0,0,0,0,0,0,0,0,0,0,0,0,0,0,0,0,0,969,0,0,0,0,0,0,0,0,0,0,0,0,0,0,0,0,0,0,0,0,0,0,0,0,0,0,0,0,0,0,0,0,0,0,0,0,0,0,0,0,0
"D10",0,0,0,0,0,0,0,0,0,0,0,0,0,0,0,0,0,0,0,0,0,0,0,0,0,0,0,0,0,0,0,0,0,0,0,0,0,0,0,0,0,0,0,0,0,0,0,0,0,0,0,0,0,0,0,0,0,0,0,0,0,0,0,0,0,3,0,0,0,0,0,0,0,0,0,0,0,0,0,0,0,0,0,0,0,0,0,0,0,0,0,0,0,0,0,0,0,1,0,0,0,0,0,0,0,0,0,0,0,0,0,0,0,0,0,0,0,0,0,0,0,2,0,0,0,0,0,0,0,0,0,0,0,0,0,0,0,0,0,0,0,0,0,0,0,0,0,0,0,0,0,0,0,0,0,0,2,0,0,0,0,0,0,0,0,0,0,0,0,0,0,0,0,0,0,0,0,0,0,0,0,0,0,0,0,0,0,0,0,0,0,0,0,0,0,0,0,0,0,0,0,0,0,0,0,0,0,0,0,0,0,0,0,0,0,0,0,0,0,0,0,0,0,0,2,0,0,0,0,0,0,0,0,164,0,0,0,0,0,5,0,0,0,0,0,0,0,0,0,0,0,0,0,0,0,0,0,0,0,0,0,0,0,0,0,0,0,0,0,0,0,0,0,0,0,0,0,0,0,0,2,0,0,0,0,0,0,0,0,0,0,0,0,0,0,0,0,0,0,0,0,0,0,0,0,0,0,0,0,0,0,0,0,0,0,0,4,0,0,0,0,0,0,0,0,0,0,0,0,0,0,0,0,0,0,0,0,0,0,0,0,0,0,0,0,2,0,0,0,0,0,0,0,0,0,0,0,0,0,0,0,0,0,0,0,0,2,0,0,0,0,0,0,0,0,0,0,0,0,0,0,0,0,0,0,0,0,0,0,0,0,0,0,0,0,0,0,0,0,0,0,0,0,0,0,0,0,0,0,0,0,0,0,0,0,0,0,0,0,0,0,0,0,0,0,0,0,0,0,0,0,0,0,0,0,0,0,0,0,0,0,0,0,0,0,2,0,0,0,0,0,0,0,0,0,0,0,0,0,0,0,0,0,0,0,0,0,0,0,0,0,0,0,0,0,0,0,0,0,0,0,0,0,0,0,0,0,0,0,0,0,0,0,0,0,0,0,0,0,0,0,0,0,0,0,9,0,0,0,0,0,0,0,0,0,0,0,0,0,0,0,0,0,0,0,0,0,0,0,0,0,0,0,0,0,0,0,0,0,0,0,0,0,0,0,0,0,0,0,0,0,0,0,0,0,0,0,0,0,0,0,0,0,0,0,0,0,0,0,0,0,0,0,0,0,0,0,0,3,0,0,0,31,0,0,0,0,0,0,0,0,0,0,0,0,0,0,0,0,0,0,0,0
"D11",26,0,0,20,0,0,0,0,0,0,0,0,0,0,0,0,0,0,0,0,98,0,0,0,0,0,0,32,0,0,0,0,0,642,0,0,0,0,0,0,15,153,0,0,0,0,0,0,0,0,0,55,0,0,0,0,0,0,0,0,0,0,0,0,0,0,0,5271,0,0,0,0,0,0,0,0,0,0,0,115,0,0,0,0,0,0,0,0,0,0,0,0,0,0,0,0,0,0,0,0,0,0,0,0,0,0,79,0,0,0,236,0,10,0,0,0,0,93,0,0,0,0,0,0,0,0,0,199,0,74,0,0,0,0,0,0,0,0,0,0,0,16,38,0,0,0,0,84,0,102,1,0,0,23,0,0,0,0,0,0,0,0,0,0,0,0,0,0,0,0,0,0,0,6747,67,0,0,0,0,0,0,0,0,1291,0,0,22,0,0,0,0,0,0,0,0,0,0,0,0,0,0,0,0,0,0,0,0,0,4,0,0,0,0,0,0,0,7,75,0,0,0,0,0,297,0,0,0,0,0,0,0,0,0,0,0,0,0,0,0,0,0,2504,0,0,0,0,0,0,0,46,0,0,0,0,0,0,0,0,107,0,0,60,0,0,0,0,0,0,0,0,0,0,0,0,0,218,0,0,0,0,72,0,0,0,0,0,0,0,0,0,0,0,0,0,0,0,0,0,0,0,0,0,0,0,0,0,0,0,0,0,0,0,0,0,0,0,0,0,0,0,0,0,0,0,0,0,82,0,0,0,0,0,260,0,0,0,0,0,0,0,0,0,0,0,0,0,41,0,0,0,0,0,0,0,0,0,0,0,0,0,0,11,0,0,0,0,0,0,0,0,12,0,0,0,0,0,0,0,0,0,0,0,0,0,0,0,0,0,0,0,0,0,0,0,0,0,0,0,0,0,0,0,0,0,0,0,0,0,0,0,0,0,0,0,0,0,0,0,0,0,0,112,0,0,0,0,363,0,0,11,0,0,0,0,0,0,0,0,0,0,0,0,0,0,0,0,34,0,0,0,0,119,0,0,0,0,0,0,0,0,0,0,0,0,0,0,0,0,0,0,0,0,0,0,0,0,0,0,0,47,0,0,0,0,0,0,0,0,0,0,0,0,0,0,23,157,0,0,0,0,0,0,0,0,0,0,0,0,0,0,0,0,0,0,0,0,0,0,0,0,0,0,0,0,0,13,77,0,0,0,0,0,0,0,0,0,0,0,0,0,0,0,0,0,0,0,0,1269,0,0,0,32,0,0,0,0,0,0,0,0,0,0,0,0,0,0,0,26,668,22,0,0,0,0,0,0,0,0,68,0,0,0,0,0,0,0,0,0,0,0,0,0,0,0,0,0,211,0,0,0,538,0,0
"D12",17,4,0,60,7,0,41,0,2,0,0,0,0,0,0,0,0,0,0,0,5,3,0,0,4,5,0,58,0,0,0,16,17,76,0,0,0,0,0,0,8,0,0,0,0,271,0,0,0,0,0,21,95,0,30,0,0,1,26,0,0,21,0,24,0,0,19,0,0,79,0,0,0,0,0,5,0,0,0,1,0,1,12,4,0,0,0,0,5,0,0,0,3,0,0,0,0,0,0,0,0,0,0,2,0,21,7,4,0,0,242,0,27,0,0,24,6,32,0,6,0,0,5,4,0,0,3,0,0,18,0,3,0,0,0,0,31,0,0,4,0,0,5,0,0,0,0,0,0,0,0,4,0,1,0,3,0,0,0,0,0,13,0,0,124,0,46,1,0,0,0,0,0,53,0,0,12,0,0,0,0,0,0,38,0,0,0,31,0,0,0,0,0,0,0,0,0,0,0,0,5,0,0,2,0,12,4,1,0,0,2,0,0,0,4,10,44,9,3,0,5,0,0,8,0,0,0,0,0,0,0,0,0,35,0,0,0,0,0,0,3,0,2,0,0,2,0,0,0,1,0,4,0,4,0,3,0,0,218,0,0,10403,0,0,0,0,0,0,0,0,0,3,273,0,0,9,0,0,1,0,10,0,8,0,0,22,31,0,0,5,0,5,0,0,0,0,0,0,0,84,0,3,0,0,17,8,0,0,0,0,0,9,8,3,0,12,1,0,13,0,0,0,0,0,0,3,7,0,0,0,0,1,2442,0,0,0,0,0,0,0,0,0,75,0,8,2,56,2,12,0,0,0,1,6,4,11,38,0,7,0,0,2,0,0,0,12,2,7,0,0,128,0,0,0,0,0,0,0,0,575,2,0,0,0,0,8,0,0,0,0,0,0,0,0,0,2,0,0,0,0,0,2,0,0,5,0,0,0,35,0,17,5,0,0,24,0,0,0,0,0,0,3,0,0,0,0,0,6,5,8,0,0,0,0,0,0,2,2,4,1,15,0,0,0,0,0,0,0,0,0,18,26,28,0,0,0,0,0,0,0,2,0,9,0,55,26,0,0,0,0,0,0,15,0,0,25,0,0,0,70,32,0,13,0,0,0,0,0,0,0,0,0,3,0,0,2,0,0,0,0,0,0,19,0,0,1,0,0,5,0,0,0,13,0,0,20,0,0,0,0,0,0,13,0,0,36,0,0,0,4,0,0,4,0,21,0,3,0,0,9,0,0,0,0,0,0,0,0,0,0,0,0,0,0,67,0,0,0,0,0,5,0,0,0,7,0,6,0,0,1,0,0,0,0,0,0,1,0,27,0,0,0,0,0,0,0,0,0,3,0,0,1,0,0,2,0,5,7,0,6,0,2,0
"D13",0,0,0,0,0,0,0,0,0,0,0,0,0,0,0,0,0,0,0,0,4,0,0,0,0,0,0,56,0,0,0,0,0,1,0,0,0,0,0,0,0,0,0,0,0,0,0,0,0,0,0,72,0,0,0,0,0,0,0,0,0,142,0,0,0,0,0,304,0,0,0,0,0,0,0,0,0,0,0,0,0,0,0,0,0,0,0,0,0,0,0,0,0,0,0,0,0,0,0,0,0,0,0,0,0,0,0,0,0,0,0,0,0,0,0,6,0,0,0,0,0,16,0,0,0,0,0,0,0,0,0,0,0,0,0,0,0,0,0,0,0,0,0,0,0,0,0,0,0,2,0,0,0,0,0,0,0,0,0,0,0,0,0,0,0,0,0,0,0,0,0,0,0,72,0,0,3,0,0,0,0,0,0,0,0,0,0,0,0,0,0,0,0,0,0,0,0,0,0,0,0,0,0,0,0,0,0,0,0,0,0,0,0,0,1,0,0,0,0,0,0,0,0,3,0,0,0,0,0,0,0,0,0,0,0,12,0,0,0,0,0,0,0,0,0,0,0,0,0,4,0,0,0,0,0,0,4,0,0,0,0,0,0,0,0,0,0,0,0,0,0,0,0,0,0,8,0,0,0,0,0,0,0,0,0,0,0,0,0,0,0,0,0,0,0,0,0,0,0,4,0,0,0,0,0,0,0,0,0,0,0,0,0,0,0,0,0,0,0,0,0,0,0,0,0,0,3,0,0,0,0,0,8,0,0,0,0,0,0,0,0,0,0,0,0,0,9,0,85,0,0,0,0,0,0,0,0,0,0,0,0,5,0,0,0,0,0,0,0,0,0,0,0,0,0,0,0,0,0,0,33,0,0,0,0,0,0,0,0,0,0,0,0,0,0,0,0,0,0,0,0,0,0,0,0,0,0,0,0,0,0,0,0,0,0,0,0,0,0,0,0,0,0,0,0,0,0,0,0,0,0,0,0,0,0,0,0,0,0,0,0,0,0,0,0,0,0,0,0,0,25,6,0,0,0,0,0,0,0,0,0,0,0,0,4,0,0,0,0,0,0,0,0,0,0,2,0,0,0,0,0,0,0,0,0,6,0,0,0,0,103,0,0,0,0,14,0,0,0,0,0,0,0,0,0,0,0,0,0,133,0,0,0,0,0,0,0,0,0,0,0,0,0,0,4,0,0,0,0,0,0,0,0,0,0,0,0,0,0,0,0,0,0,0,0,0,0,0,0,0,0,0,0,0,40,0,0,0,0,0,0,3232,0,0,0,0,0,0,0,0,0,0,0,0,0,0,0,0,0,0,0,0,0,0,0,0,0,0,0,0,0,0,0,0,0,0,0,0,0,0,0,0,0
"D14",0,14,19,0,7,0,2,0,0,16,2,0,0,11,0,15,57,0,12,0,0,0,705,0,0,0,0,0,0,4,432,0,4,0,0,0,0,6,2,41,0,0,0,0,0,0,12,6,76,100,0,0,32,0,0,0,0,0,0,61,0,0,74,0,0,111,30,0,11,0,0,0,0,0,4,10,0,315,0,0,0,0,0,0,211,0,0,0,0,0,8,8,9,0,0,0,0,2,0,19,2,0,0,0,103,0,0,1,310,0,0,9,0,0,0,0,0,0,0,0,0,15,46,0,0,8,0,18,17,0,131,0,0,0,25,41,0,0,0,0,0,0,0,0,2,5,0,0,0,0,0,0,0,17,5,0,0,141,1,0,17,0,10,14,0,0,0,61,0,0,0,0,0,11,0,0,0,0,0,61,0,0,0,0,0,0,0,0,14,0,8,149,0,2,0,0,0,0,0,0,2,0,12,0,21,0,0,30,56,9,12,0,2,335,2,0,0,0,0,0,0,4,24,0,0,650,0,67,0,21,0,0,0,2,8,0,0,640,16,7,0,0,0,0,0,0,1,83,5,0,352,0,8,2,11,0,0,0,0,0,4,23,270,107,8,0,0,18,6,2,5,95,0,0,4,0,23,0,0,5,995,0,0,3,0,0,0,0,0,0,6,0,0,364,181,0,5,23,0,379,2,0,0,32,11,0,0,359,9,0,94,0,4,0,2,0,0,225,0,0,342,1,0,2,0,0,0,12,10,730,16,132,114,0,17,0,518,31,0,0,0,0,4,7,0,504,0,5,0,0,36,0,110,0,0,0,7,0,0,1,0,0,0,24,24,0,16,0,0,21,0,0,10,3,26,0,66,58,0,0,0,0,0,8,0,0,25,3,10,1,34,0,0,693,3,0,0,0,0,0,0,6,0,0,3,3,1,0,0,3,0,0,24,55,0,0,32,2,2,0,2,0,11,8,0,74,46,0,0,0,2,0,0,0,0,4692,4,0,0,0,3,32,0,0,12,0,0,0,5,0,1,0,0,221,0,0,0,10,112,90,0,17,0,6,0,0,0,12,0,0,272,0,8,57,0,0,0,0,5,0,0,130,0,5,14,0,2,0,0,36,0,9,0,10,2,0,21,3,0,110,0,0,0,20,0,408,10,0,17,0,0,0,0,3,0,0,0,48,0,41,75,0,247,0,0,0,0,19,123,0,4,310,0,10,0,0,0,0,193,0,0,0,0,11,21,0,0,0,259,0,0,0,0,0,2,9,0,81,0,1,0,0,1,36,15,0,395,0,0,0,0,0,120,8,4,12,0,501,325,16,8,0,0,0,6,0,0,1,0,0,4,0,3,20,476,0,0,0,6,0,37,0,0
"D15",6,3,0,52,0,6,28,0,3,0,0,0,0,0,0,0,0,0,0,0,7,3,0,0,0,20,0,6,10,0,0,4,9,20,0,0,4,0,0,0,0,0,0,0,0,0,0,0,0,0,0,15,16,0,13,0,0,3,96,0,0,0,0,16,2,0,1,9,0,5,0,0,0,44,0,0,0,0,0,1,0,5,3,0,0,0,23,0,0,0,0,0,0,0,0,0,0,0,0,0,0,0,0,0,0,36,2,0,0,0,344,0,101,0,0,15,3,65,0,0,0,2,0,3,0,3,0,0,0,9,0,7,0,2,0,0,69,0,0,7,0,0,6,0,0,0,0,4,0,0,0,0,0,0,0,117,0,0,0,0,0,4,0,0,12,0,197,0,0,0,0,0,0,19,0,0,10,0,0,7,0,0,0,1342,0,0,0,11,0,0,2,0,0,0,0,0,0,0,0,0,0,0,0,2,0,0,3,0,0,0,2,0,0,0,0,2,37,21,0,0,0,0,0,10,0,0,0,0,0,0,0,0,0,52,0,2,0,0,0,0,0,0,17,0,0,0,0,0,0,5,0,0,0,0,0,0,0,0,577,0,0,74,0,0,0,0,0,0,0,0,0,0,25,0,0,4,0,0,2,0,0,0,4,0,0,7,15,0,0,2,0,8,0,0,0,0,0,0,0,1,0,2,0,0,16,5,0,0,0,0,0,0,2,0,0,78,8,0,8,0,0,0,0,0,0,3,0,0,0,0,0,0,66,0,0,0,0,2,0,0,0,0,75,0,3,0,8,0,23,0,0,0,0,17,0,13,8,0,5,0,0,0,0,0,0,1,3,4,0,0,16,0,0,0,0,0,0,0,0,88,2,0,0,0,0,0,0,0,0,0,0,0,0,0,0,0,5,0,0,0,0,0,0,0,0,0,1,0,32,0,2,4,0,0,11,0,0,0,0,0,0,0,0,0,0,0,0,0,4,8,0,0,0,0,0,0,0,10,0,1,3,0,0,0,0,0,0,0,0,0,2,13,10,0,0,0,0,0,0,0,4,0,6,0,15,9,0,0,0,0,0,0,6,2,3,0,0,0,0,23,10,0,7,0,0,0,0,2,0,0,0,0,0,0,0,2,0,0,0,0,0,0,5,0,0,0,0,0,0,0,0,0,5,0,0,0,0,0,0,0,0,0,1,0,6,20,115,0,0,0,0,0,0,0,5,0,120,0,0,1,3,0,0,0,0,0,2,0,0,0,0,0,0,0,2,0,0,0,0,0,8,0,0,0,2,0,0,46,9,0,0,0,0,0,0,0,0,0,0,0,0,0,0,0,0,0,0,0,9,0,0,0,0,0,0,0,3,0,0,0,3,2,2
"D16",0,0,0,41,0,0,0,0,0,0,0,0,0,0,0,0,0,0,0,0,0,0,0,0,0,0,0,0,0,0,0,0,0,0,0,0,0,0,0,0,0,2,0,0,0,0,0,0,0,0,0,0,0,0,0,0,0,0,0,0,0,0,0,0,0,0,0,0,0,0,0,0,0,0,0,0,0,0,0,0,0,0,0,0,0,0,0,0,0,0,0,0,0,0,0,0,0,0,0,0,0,0,0,0,0,0,8,0,0,0,0,0,0,0,0,0,0,0,0,0,0,0,0,0,0,0,0,0,0,0,0,0,0,0,0,0,0,0,0,0,0,0,0,0,0,0,0,0,0,0,0,0,0,0,0,0,0,0,0,0,0,0,0,0,0,0,0,0,0,0,0,0,0,0,0,0,0,0,0,0,0,0,0,0,0,0,0,0,0,0,0,0,0,0,0,0,0,0,0,0,0,0,0,0,0,0,0,0,0,0,0,0,0,0,0,0,12,0,0,0,0,0,0,10,0,0,0,0,0,0,0,0,0,0,0,0,0,0,0,0,0,0,193,0,0,0,0,0,0,0,0,0,0,0,0,0,0,0,0,0,0,0,0,0,0,0,0,0,0,0,0,0,0,0,0,0,0,0,0,0,0,0,0,0,0,0,0,0,0,0,0,0,0,0,0,0,0,0,0,0,0,0,0,0,0,0,0,0,0,0,0,0,0,0,0,0,0,0,0,0,0,0,0,0,0,0,0,0,0,0,0,0,0,0,0,0,0,0,0,0,0,0,0,0,0,0,0,0,0,0,0,0,0,1461,0,0,0,0,0,0,0,0,0,0,0,0,0,0,0,0,0,0,0,0,0,0,0,0,0,0,0,0,0,0,0,0,0,0,0,0,0,0,0,0,0,0,0,0,0,0,0,0,0,0,0,0,0,0,11,0,0,0,0,0,0,0,0,0,0,0,0,0,0,0,0,0,0,0,0,0,0,0,0,0,0,0,0,6776,0,0,0,0,0,0,0,0,0,0,0,0,0,0,0,0,0,0,0,0,0,0,0,0,0,0,0,0,0,0,0,0,0,0,0,0,0,0,0,0,0,13,0,0,0,0,0,0,0,223,0,0,0,0,0,0,0,0,0,0,0,0,0,0,0,0,0,0,0,67,0,0,0,0,0,0,0,0,0,0,0,0,0,0,0,0,32,0,0,0,0,0,0,0,0,0,0,0,0,0,0,0,0,0,0,0,0,0,0,0,0,0,0,0,0,0,0,0,0,0,0,0,0,0,0,0,0,0,0,0,0,0,0,0,0,0,0,0,0,0,0,0,0,0,0,0,0,0,0,0,0,0,0,0,0,0,0,0,0,0,0,0,0,0,0
"D17",0,11,0,0,0,0,0,50,0,0,0,0,0,2,0,3,12,2,63,0,0,0,0,0,28,0,0,0,0,0,64,0,0,0,0,6,0,0,0,1,0,0,0,18,10,0,0,16,0,0,0,0,0,0,0,0,0,0,0,0,2,0,0,0,0,10,0,0,0,0,16,0,0,0,2,0,0,21,6,0,0,0,0,0,15,0,5,0,0,0,3,0,0,2,16,0,0,6,0,0,0,0,2,1,0,0,0,2,100,0,0,0,0,0,34,0,0,0,0,0,0,4,0,0,0,0,0,145,0,0,0,0,0,0,0,10,0,0,0,0,0,0,0,0,0,0,0,5,4,0,0,0,0,4,0,0,29,0,0,0,0,0,0,0,0,7,0,1,2,0,0,0,0,0,0,8,0,2,0,0,0,0,0,0,0,0,0,0,0,0,3,0,5,7,0,0,0,0,0,2,0,4,23,0,0,0,0,0,0,0,0,0,0,0,0,0,0,0,10,0,1,0,0,4,12,0,2,0,0,0,0,0,0,18,0,0,0,0,0,0,0,0,0,0,0,0,0,5,0,0,0,0,0,6,0,0,0,0,0,0,0,0,0,0,0,7,0,2,3,0,4,0,0,0,0,0,62,0,0,0,96,0,0,0,0,0,0,0,0,5,0,0,0,0,2,0,0,0,0,0,0,0,0,0,0,0,3,0,0,0,0,0,21,0,0,0,0,0,0,2,0,3,0,0,4,0,0,0,0,0,0,0,0,0,0,0,0,11,0,0,0,0,0,0,0,0,0,0,0,0,0,0,0,0,0,0,0,0,0,0,0,0,0,0,0,0,0,0,2,0,0,0,0,0,0,28,0,283,0,0,0,121,11,16,2,0,2,0,124,0,0,2,0,0,0,0,0,2,0,5,933,0,0,0,0,0,0,3,0,0,0,0,0,6,0,0,5,0,0,2,24,0,35,0,0,0,0,0,0,0,0,7,6,2,0,0,0,0,0,0,0,3,0,0,58,0,0,0,0,54,0,0,0,0,0,0,3,0,0,0,0,0,0,0,0,0,0,0,0,0,1,0,0,17,0,0,0,0,0,0,0,0,0,0,2,0,0,0,47,0,0,0,0,0,0,0,0,4,0,0,0,0,6,0,0,50,0,0,0,0,0,0,0,7,0,0,3,0,4,0,0,7,0,2,0,0,0,9,16,0,0,0,0,2,0,0,0,0,2,0,0,0,0,3,0,0,22,0,11,3,0,2,0,269,0,5,0,16,0,55,0,0,0,0,0,0,11,0,0,0,0,17,3,0,0,0,0,0,4,7,0,0,70,0,0,93,21,2,0,6,0,2,0,0,0,55,0,0,0,0,0,0,0
"D18",0,0,0,0,0,0,0,0,0,0,0,0,0,0,0,0,0,0,0,0,0,0,0,0,0,0,0,0,0,0,0,0,0,0,0,0,0,0,0,0,0,0,0,0,0,0,0,0,0,0,0,0,0,0,0,0,0,0,0,0,0,0,0,4,0,0,0,0,0,0,0,0,0,0,0,0,0,0,0,0,0,0,0,0,0,0,0,0,0,0,0,0,0,0,0,0,0,0,0,0,0,0,0,0,0,0,0,0,0,0,0,0,0,0,0,0,0,0,0,0,0,0,0,0,0,0,0,0,0,0,0,0,0,0,0,0,0,0,0,0,0,0,0,0,0,0,0,0,0,0,0,0,0,0,0,0,0,0,0,0,0,0,0,0,0,0,0,0,0,0,0,0,0,0,0,0,0,0,0,0,0,0,0,1,0,0,0,0,0,0,0,0,0,0,0,0,0,0,0,0,0,0,0,0,0,0,0,0,0,0,0,0,0,0,0,0,0,0,0,0,0,0,0,0,0,0,0,0,0,0,0,0,0,0,0,0,0,0,0,0,0,0,0,0,0,0,0,0,0,0,0,0,0,0,0,0,0,0,0,0,0,0,0,0,0,0,0,0,0,0,0,0,0,0,0,0,0,0,0,0,0,0,0,0,0,0,0,0,0,0,0,0,0,0,0,0,0,0,0,0,0,0,0,0,0,0,0,0,0,0,0,0,0,0,0,0,0,0,0,0,0,0,0,0,0,0,0,0,0,0,0,0,0,0,0,0,0,0,0,0,0,0,0,0,0,0,0,0,0,0,0,0,0,0,0,0,0,0,0,0,0,0,0,0,0,0,0,0,0,0,0,0,0,0,0,0,0,0,0,0,0,0,0,0,0,0,0,0,0,0,0,0,0,0,0,0,0,0,0,0,0,0,0,0,0,0,0,0,0,0,0,0,0,0,0,0,0,0,0,0,0,0,0,0,0,0,0,0,0,0,0,0,0,0,0,0,0,0,0,0,0,0,0,0,0,0,0,0,0,0,0,0,0,0,0,0,0,0,0,0,0,0,0,0,0,0,0,0,0,0,0,0,0,0,0,0,0,0,0,0,0,0,0,0,0,0,0,0,2,0,0,0,0,0,0,0,0,0,0,0,0,0,0,0,0,0,0,0,0,0,0,0,0,0,0,0,0,0,0,0,0,0,0,0,0,0,0,0,0,0,0,0,0,0,0,0,0,0,0,0,0,0,0,0,0,0,0,0,0,0,0,0,0,0,0,0,0,0,0,0,0,0,0,0,0,0,0,0,0,0,0,0,0,0,0,0,0,0,0,0,0,0,0,0,0,0,0,0,0,0,0,0,0,0,0,0,0,0,0,0,0,0,0
"D19",0,0,0,0,0,0,0,0,0,0,0,0,0,0,0,0,0,0,0,0,0,0,0,0,0,331,0,0,0,0,0,0,0,0,0,0,0,0,0,0,0,108,0,0,0,0,0,0,0,0,0,0,0,0,0,0,0,0,0,0,0,0,0,0,0,0,0,0,0,0,0,0,0,5,0,0,0,0,0,0,0,0,0,0,0,0,0,0,0,0,0,0,0,0,0,0,0,0,0,0,0,0,0,0,0,64,0,0,0,0,0,0,0,0,0,0,0,573,0,0,0,0,0,0,0,0,0,0,0,0,0,2,0,0,0,0,0,0,0,0,0,0,41,0,0,0,0,0,0,0,0,0,0,0,0,0,0,0,0,0,0,0,0,0,0,0,0,0,0,0,0,0,0,0,0,0,0,0,0,0,0,0,0,0,0,0,0,0,0,0,0,0,0,0,0,0,0,0,0,0,0,0,0,5,0,0,0,0,0,0,0,0,0,0,0,0,175,39,0,0,0,0,0,0,0,0,0,0,0,0,0,0,0,0,0,0,0,0,0,0,0,0,0,0,0,0,0,0,0,0,0,0,0,0,0,0,0,0,1335,232,0,0,0,0,0,0,0,0,0,0,0,0,0,0,0,0,0,0,0,0,0,0,0,0,0,0,0,0,0,0,0,0,0,0,0,0,0,0,0,0,0,0,0,0,0,0,0,0,0,0,0,1079,0,0,0,0,0,0,0,0,0,0,0,0,0,0,0,0,0,0,0,0,0,0,0,0,0,0,0,0,0,0,0,0,0,0,0,0,0,0,0,0,0,0,0,88,0,0,93,0,0,0,0,0,0,0,0,0,0,0,0,0,0,0,0,0,0,0,0,0,0,0,0,0,0,0,0,0,0,0,0,0,0,0,0,0,0,0,0,0,0,0,0,0,0,0,0,0,0,0,433,0,0,0,124,0,0,0,0,0,0,0,0,0,0,0,0,0,0,0,0,0,0,0,0,0,0,0,0,0,0,0,0,0,0,0,0,0,0,0,0,0,8,0,0,0,0,0,0,0,0,0,308,0,0,0,0,0,0,0,0,0,0,0,0,0,0,0,0,0,544,0,0,0,0,0,0,0,0,0,0,0,0,0,0,0,0,0,0,0,0,162,0,0,0,0,0,0,0,0,0,0,0,0,0,0,0,0,0,0,0,0,0,0,0,0,0,0,0,0,0,0,0,0,0,0,0,0,0,0,0,0,0,0,0,0,0,0,0,0,0,0,0,0,0,0,0,0,0,0,154,0,0,0,0,0,0,0,0,0,0,0,0,0,0,0,0,0,0,0,0,0,0,0,0,0,0,0,0,0,0,0,0,0,0,0,0,0,0,0,0,0,0
"D20",0,0,4,0,0,0,0,22,0,0,0,0,0,0,0,8,0,2,298,0,0,0,0,0,73,0,0,0,0,0,79,0,0,0,0,12,0,0,4,1,10,0,0,15,0,0,0,0,0,0,0,0,0,0,0,0,0,0,0,1,0,0,0,0,0,0,0,0,0,0,0,0,0,0,15,0,0,90,0,0,0,5,0,0,11,0,0,0,0,7,0,0,0,0,0,0,0,5,0,0,0,4,0,0,0,0,0,5,0,0,0,0,0,0,7,0,0,0,0,0,0,4,29,0,0,0,2,0,0,0,0,0,0,0,0,63,0,0,0,0,0,0,0,6,0,0,0,0,13,0,14,0,0,0,7,0,20,1,0,0,0,0,0,0,0,5,0,4,0,0,2,0,0,0,0,7,0,1,0,0,5,0,25,0,0,0,0,0,0,2,128,0,19,0,0,0,51,0,0,2,0,5,32,0,0,1,0,19,0,0,0,0,0,0,0,0,0,0,0,5,0,0,0,0,24,0,24,0,2,0,0,0,2,0,2,0,0,0,0,0,0,0,0,0,0,0,0,2,3,0,0,0,0,15,0,0,0,5,0,0,4,0,0,0,5,1,0,0,0,0,3,0,0,2,0,0,138,1,0,0,30,0,0,2,0,0,0,3,0,7,0,0,0,0,0,0,0,0,0,0,0,0,0,0,0,0,5,0,0,0,3,0,4,0,0,0,0,0,0,1,0,0,2,3,430,0,0,0,0,7,5,9,0,0,0,0,0,13,2,0,1,0,0,0,4,0,0,0,0,0,0,0,19,0,4,0,0,0,0,0,7,0,0,11,0,0,0,0,2,0,0,0,5,0,0,0,3,52,0,0,0,29,0,12,0,0,0,0,0,5,19,0,0,336,0,0,0,0,0,0,253,3,0,0,0,0,0,475,0,0,0,0,3,4,0,0,7,0,0,0,69,0,5,25,0,0,0,0,7,0,4,3,0,7,0,0,0,0,0,0,0,0,7,0,66,0,0,0,0,330,0,0,0,0,0,0,0,0,0,2,0,0,0,0,0,0,0,0,0,0,0,0,0,62,0,0,2,0,0,0,0,0,0,0,4,0,0,0,175,0,0,0,0,0,0,0,0,0,2,0,0,0,9,0,0,66,0,0,24,0,3,0,0,15,0,0,2,4,4,0,0,12,0,0,0,0,0,8,46,0,0,0,0,0,0,0,0,0,0,0,0,0,0,0,0,1,3,0,7,2,0,0,0,0,0,2,0,3,0,63,0,0,22,0,54,2,54,0,0,0,0,18,0,0,0,0,0,0,0,0,30,0,93,0,0,328,2,0,0,3,3,0,0,0,1,13,0,0,2,0,0,0,0
"D21",2,6,0,0,89,28,0,0,0,0,0,0,0,2,0,0,115,0,0,0,0,0,997,0,0,0,0,0,0,0,63,0,20,0,18,0,15,0,0,230,0,0,0,0,0,0,0,0,475,0,0,0,159,0,5,0,0,0,0,363,0,0,208,0,0,18,9,0,0,0,0,0,0,0,0,0,0,0,0,0,0,0,0,0,107,0,0,0,0,0,1,0,143,0,7,0,0,0,8,0,0,25,0,2,5,0,0,0,148,8,0,2,0,0,0,3,0,0,0,0,0,0,0,0,0,0,3,0,0,0,0,0,0,0,16,3,0,0,0,0,0,0,0,0,6,0,0,0,0,0,0,0,0,16,9,0,0,11,0,0,0,0,0,0,35,0,0,14,0,0,0,0,0,98,0,0,0,0,0,0,0,1,0,0,0,0,5,0,171,24,0,0,0,0,0,0,0,0,0,0,0,0,0,0,0,0,0,0,5,0,5,0,6,0,0,0,0,0,0,0,0,0,13,0,0,0,0,0,0,24,0,0,0,0,2,3,0,0,0,0,0,0,0,0,0,0,137,0,0,0,51,0,10,0,0,0,0,0,0,0,0,0,161,202,0,0,0,10,0,0,0,0,0,0,0,0,4,0,1,0,1422,0,0,0,0,2,11,0,0,0,0,0,0,10,0,0,0,7,0,3,29,0,0,14,0,0,0,776,11,0,99,0,0,84,0,0,0,1099,0,0,0,0,0,0,0,0,0,3,0,0,0,34,16,0,112,0,205,106,0,0,0,0,12,0,0,773,22,7,2,0,0,0,149,0,0,0,0,0,0,9,0,0,0,0,0,12,0,0,0,0,0,0,0,3,111,0,0,0,0,0,0,0,0,0,0,0,22,0,5,0,0,0,0,43,0,0,5,3,0,0,0,0,0,0,0,0,0,0,0,2,0,0,6,41,0,0,96,3,2,3,0,2,0,0,0,0,2,0,0,0,12,0,0,0,0,616,28,0,0,0,2,0,0,0,0,0,0,0,2,0,1,0,0,14,0,0,0,2,60,22,0,0,0,9,0,0,0,67,2,0,106,0,10,47,0,0,0,0,15,0,0,5,0,6,36,0,3,0,0,0,0,1,0,0,1,5,0,10,0,182,0,0,0,7,0,27,62,0,4,0,0,0,0,0,0,0,0,45,0,72,0,0,0,0,0,0,0,0,0,292,2,264,0,8,0,0,0,0,16,1,0,6,0,17,0,0,0,0,342,0,0,3,0,0,0,0,1,52,1,0,0,0,0,1,2,0,390,2,1,26,0,0,0,6,2,19,0,466,0,175,0,0,0,3,5,3,0,4,0,0,0,0,22,0,56,1,0,0,0,23,0,0,0
"D22",3,17,1,0,0,18,0,2,0,0,25,116,0,8,7,13,0,16,37,9,0,6,41,8,13,0,0,0,0,2,113,2,3,0,4,9,0,14,0,190,18,0,81,49,15,0,0,2,26,0,0,6,151,0,0,6,12,0,0,9,12,0,20,0,0,114,3,0,0,0,0,0,0,0,3,60,23,0,40,4,0,0,0,7,1,0,1,0,14,0,0,26,0,0,2,10,0,0,2,43,65,83,0,4,0,0,0,8,370,11,0,10,0,0,32,0,1,0,3,14,21,0,8,0,0,4,6,0,0,0,107,0,0,0,2,39,0,0,0,0,8,0,0,0,2,2,4,24,8,0,0,0,0,23,6,0,25,0,13,23,4,47,0,10,7,6,0,21,0,12,0,2,15,0,4,12,0,1,2,43,33,2,0,0,0,68,6,0,6,42,19,0,9,44,1,1,4,0,0,3,0,0,59,0,27,0,0,42,0,3,0,17,0,37,0,4,0,0,21,2,0,12,0,2,41,71,0,112,2,7,0,1,0,0,1,0,3,10,15,0,2,0,0,0,0,0,9,323,0,0,8,6,0,0,2,4,0,10,0,0,8,135,28,9,1,0,11,0,0,14,7,26,0,2,4,0,7,110,2,1,150,0,0,8,6,0,2,0,0,134,1,0,0,65,41,0,9,11,6,28,20,0,27,321,5,0,35,0,42,0,12,0,54,5,28,0,2,100,0,8,8,9,5,38,4,4,0,5,41,272,0,0,34,3,45,5,0,20,0,7,67,0,0,9,3,48,0,5,0,2,11,11,9,0,0,0,0,4,0,10,2,0,3,3,0,0,51,12,0,4,11,0,2,0,49,20,39,27,3,0,0,181,9,2,0,0,28,0,0,0,8,3,14,0,1,0,0,1,0,0,0,0,0,0,0,2,0,50,0,8,0,0,5,17,0,0,7,4,5,16,7,2,3,0,0,15,0,50,0,0,0,0,0,1,0,20,0,0,0,0,11,25,0,35,28,0,0,0,0,0,0,0,0,4,5,1,0,0,9,47,123,5,0,0,12,0,4,4,36,9,205,0,0,34,7,0,0,0,0,0,0,4,0,0,17,0,0,0,118,0,0,9,4,0,3,0,0,8,0,16,0,0,29,4,0,147,10,0,0,0,9,3,7,84,0,0,4,5,8,8,0,0,146,2,0,0,3,24,79,12,13,5,3,0,2,38,0,2,30,0,0,0,0,8,4,5,14,5,52,0,2,5,8,0,0,0,5,7,1,175,0,0,20,4,0,0,108,0,0,8,0,6,56,1,8,3,62,11,16,6,0,33,69,5,0,152,8,0,0,0,0,0,15,0,20,44,0,0,2,0,4,0,0
"D23",5,0,0,0,0,5,0,0,0,0,0,0,0,0,0,0,0,0,0,0,4,85,0,0,0,0,0,0,0,0,0,0,0,0,0,0,1,0,0,0,0,0,0,0,0,7,0,0,0,0,0,2,6,0,0,0,0,106,0,0,0,3,0,13,0,0,0,0,0,109,0,0,0,0,0,0,0,0,0,4,0,32,0,0,0,0,0,0,0,0,0,0,0,0,0,0,0,0,0,0,0,0,0,0,0,0,229,0,0,0,5,0,0,0,0,4,0,0,0,0,0,0,0,0,0,0,0,0,0,0,0,2,18,0,0,0,0,0,0,16,0,0,0,0,0,18,0,0,0,0,125,0,9,0,0,267,0,0,0,0,0,0,0,0,325,0,18,0,0,0,0,0,0,4,0,0,0,0,0,0,0,0,0,0,0,0,0,356,0,0,0,0,0,0,0,0,0,0,0,0,0,0,0,0,0,0,0,0,0,0,0,0,0,2,0,0,0,0,0,0,0,0,0,238,0,0,0,0,0,0,0,0,0,29,0,0,0,0,0,0,0,64,0,0,0,0,0,0,0,16,0,0,0,0,0,4,0,0,11,0,0,2093,0,0,0,0,0,0,0,0,0,0,0,0,0,4,0,0,8,0,0,259,76,0,0,19,0,0,0,0,0,4,6,0,0,0,0,0,5,0,0,0,0,0,0,0,0,0,0,0,0,0,0,0,0,2,86,0,20,0,0,0,0,0,0,0,0,0,0,0,0,0,0,0,0,0,0,0,0,0,0,0,0,0,0,0,9,13,0,0,0,0,0,0,0,0,12,0,0,0,0,3,0,0,0,0,0,0,0,20,15,0,0,0,0,0,0,0,0,0,0,0,0,0,24,0,0,0,0,0,0,0,0,0,0,0,0,0,0,0,0,0,0,0,0,0,19,0,0,0,1,8,0,0,0,0,0,0,0,0,0,0,0,0,0,0,0,0,0,0,0,0,0,0,0,0,0,11,16,1,0,0,0,0,0,0,0,0,0,0,2,1060,0,0,0,0,0,0,0,0,14,0,0,0,0,3,0,0,0,0,0,0,0,0,0,0,0,0,0,15,0,0,0,0,0,16,0,13,0,0,0,0,0,0,0,8,6,0,0,0,0,6,10,0,0,0,0,0,0,0,0,3,1,0,0,0,0,0,0,0,2,0,0,0,91,0,0,0,0,2,0,0,0,0,0,0,0,0,0,14,0,0,0,0,0,0,0,0,0,0,0,0,8,0,0,0,0,0,0,0,0,0,0,0,0,0,13,1,0,97,0,0,0,0,0,0,0,0,14,0,5,0,0,0,0,0,0,0,0,0,0,0,0,0,0,0,8,0,0,0,0,0,0
"D24",0,0,0,0,0,0,0,0,0,0,0,0,0,0,0,0,0,0,0,0,0,0,0,0,0,0,0,0,0,0,0,0,0,0,0,0,0,0,0,0,0,0,0,0,0,0,0,0,0,0,0,0,3,0,0,0,0,0,0,0,0,0,0,0,0,0,0,15,0,0,0,0,0,0,0,0,0,0,0,0,0,0,0,0,0,0,0,0,0,0,0,0,0,0,0,0,0,0,0,0,0,0,0,0,0,0,0,0,0,0,0,0,0,0,0,0,0,0,0,0,0,0,0,0,0,0,0,0,0,0,0,0,0,0,0,0,0,0,0,0,0,0,0,0,0,0,0,0,0,0,0,0,0,0,0,0,0,0,0,0,0,0,0,0,0,0,0,0,0,0,0,0,0,0,0,0,0,0,0,0,0,0,0,7,0,0,0,0,0,0,0,0,0,0,0,0,0,0,0,0,0,0,0,0,0,0,0,0,0,0,0,0,0,0,0,0,0,0,0,0,0,0,0,0,0,0,0,0,0,0,0,0,0,0,0,0,0,0,0,0,0,0,0,0,0,0,0,0,0,0,0,0,0,0,0,0,3,0,0,0,0,0,0,0,0,0,0,0,0,0,0,0,11,0,0,0,0,0,0,0,0,3,0,0,0,0,0,0,0,0,0,0,0,0,0,0,0,0,0,0,0,0,0,0,0,0,0,0,0,0,0,0,0,0,0,0,0,0,0,0,0,0,0,0,0,0,2,0,0,0,0,0,14,0,0,0,0,0,0,0,0,0,0,0,0,0,0,0,0,0,0,0,0,0,0,0,0,0,0,0,0,0,0,0,0,0,0,0,0,0,0,0,0,0,0,0,0,0,0,0,0,0,0,0,0,0,0,0,0,0,0,0,0,0,0,0,0,0,0,0,0,0,0,0,0,0,0,0,0,0,0,0,0,0,0,0,0,0,0,0,0,0,0,0,0,0,0,0,0,0,0,0,0,0,0,0,0,0,0,0,0,0,0,0,0,0,0,0,0,0,6,2,0,0,0,0,0,0,0,0,3,0,0,0,0,0,0,0,0,0,0,0,0,0,0,0,0,0,0,0,0,0,0,0,0,0,0,0,0,0,0,0,0,0,0,3,0,0,0,0,0,0,0,0,0,0,0,358,0,0,0,0,0,0,0,0,0,0,0,0,0,0,0,0,1,0,0,0,0,0,0,0,0,0,0,0,0,0,0,0,0,0,0,0,0,0,0,0,0,0,0,0,0,0,0,0,0,0,0,0,0,0,0,0,0,0,0,2,0,2,0,0,0,0,0,0,0,0,1,0,0,0,0,0,0,0,0,0,0,0,0,0,0,0,0,0,0,0,0,0,0,0,0
"D25",0,0,4,0,0,0,0,68,0,4,0,0,0,2,0,5,0,0,0,4,0,0,0,0,0,0,152,0,0,0,508,0,7,0,0,0,0,2,0,0,0,0,0,61,0,0,0,0,0,0,0,0,0,0,0,0,0,0,0,0,0,0,78,0,1,0,6,0,0,0,0,41,420,0,0,0,0,5,4,0,221,0,0,0,0,470,0,4,0,87,0,0,2,0,49,0,27,0,0,0,1,0,184,0,0,0,0,0,0,0,0,0,0,0,0,0,0,0,0,0,0,6,0,0,0,0,0,874,0,0,0,0,0,0,0,2,0,511,0,0,3,0,0,0,0,0,0,2,4,0,0,0,0,0,0,0,0,0,0,0,0,0,0,0,0,0,0,0,0,0,15,0,0,0,0,0,0,0,0,0,0,0,0,0,2538,0,0,0,0,2,0,0,0,0,0,0,2,0,0,0,0,88,0,0,0,0,3,1,1,0,0,0,0,0,0,0,0,0,0,0,0,0,11,0,2,0,0,0,0,0,1188,29,0,0,0,3,0,0,0,0,1,0,0,0,0,0,0,0,42,0,4,0,0,18,0,0,0,0,0,0,0,0,0,1,0,0,0,2,0,0,0,0,0,1,0,0,0,0,0,0,14,0,1,5,0,0,0,13,0,0,0,0,0,3,2,0,2,0,0,19,0,0,0,0,20,0,0,0,3,0,0,0,0,2,0,0,0,0,0,51,0,0,0,0,0,0,0,0,0,0,0,0,11,0,0,0,11,0,67,0,0,28,22,0,0,17,3,0,14,0,0,0,0,0,0,0,0,0,0,0,35,0,0,2,3,0,0,0,7,0,0,0,0,0,0,0,0,0,0,0,0,0,0,3,0,0,0,0,0,24,0,5,3,13,0,0,17,0,734,0,27,0,24,29,0,0,170,0,0,0,0,0,0,0,0,20,1,0,7,0,0,0,0,0,2,0,0,0,0,0,0,55,259,0,222,2,4,0,0,0,0,0,567,0,0,0,26,0,0,0,0,0,0,0,0,10,0,0,0,0,0,0,0,0,0,0,0,4,0,0,0,0,0,0,0,0,284,1018,0,0,0,0,0,0,3,6,0,0,0,0,0,0,0,0,0,0,0,0,70,0,5,0,0,0,62,2,0,0,0,6,0,0,0,0,1373,0,0,2,0,0,0,0,0,0,0,0,0,0,1,4,0,0,0,37,0,0,0,0,2,0,0,0,180,0,0,0,0,0,33,1969,0,0,0,0,0,0,0,0,0,0,0,0,2,3,0,0,4,0,0,2,0,0,0,0,0,0,0,0,0,0,2,0,1,0,0,0,1,0,0,5439,136,147,0,0,1,0,0,0,0,0,0,0,0
"D26",0,0,0,0,0,0,0,0,0,0,0,0,0,0,0,0,0,0,0,0,0,0,0,0,0,17,0,0,0,0,0,0,0,0,0,0,0,0,0,0,0,1273,0,0,0,0,0,0,0,0,0,0,0,0,0,0,0,0,0,0,0,0,0,0,0,0,0,0,0,0,0,0,0,0,0,0,0,0,0,0,0,0,0,0,0,0,0,0,0,0,0,0,0,0,0,0,0,0,0,0,0,0,0,0,0,788,0,0,0,0,0,0,0,0,0,0,0,419,0,0,0,0,0,4,0,0,0,0,0,0,0,3,0,4,0,0,0,0,0,0,0,0,10,0,0,0,0,0,0,0,0,0,0,0,0,0,0,0,0,0,0,0,0,0,0,0,0,0,0,0,0,0,0,0,0,0,0,0,0,0,0,0,0,0,0,0,0,0,0,0,0,0,0,0,0,0,0,0,0,0,0,0,0,3,0,0,0,0,0,0,0,0,0,0,0,0,1074,467,0,0,0,0,0,0,0,0,0,0,0,0,0,0,0,0,0,0,0,0,0,0,0,0,0,0,0,0,0,0,0,0,0,0,0,0,0,0,0,0,1033,41,0,0,0,0,0,0,0,0,0,0,0,0,0,0,0,0,0,0,0,0,0,0,0,0,0,0,0,0,0,0,0,0,0,0,0,0,0,0,0,0,0,0,0,0,0,0,0,0,0,0,0,477,0,0,0,0,0,0,0,0,0,0,0,0,0,0,0,0,0,0,0,0,0,0,0,0,0,0,0,0,0,0,0,0,0,0,0,0,0,0,0,0,0,0,0,243,0,0,27,0,0,0,0,0,0,0,0,0,0,0,0,0,0,0,0,0,0,0,0,0,0,0,0,0,0,0,0,0,0,0,0,0,0,0,0,0,0,0,0,0,0,0,0,0,0,0,0,0,0,0,127,0,0,0,0,0,0,0,0,0,0,0,0,0,0,0,0,0,0,0,0,0,0,0,0,0,0,0,0,0,0,0,0,0,0,0,0,0,0,0,0,0,13,0,0,0,0,0,0,0,0,0,0,0,0,0,0,0,0,0,0,0,0,0,0,0,0,0,0,0,0,0,0,0,0,0,0,0,0,0,0,0,0,0,0,0,0,0,0,0,0,469,0,0,0,0,0,0,0,0,0,0,0,0,0,0,0,0,0,0,0,0,0,0,0,0,0,0,0,0,0,0,0,0,0,0,1,0,0,0,0,0,0,0,0,0,0,0,0,0,0,0,0,0,0,0,0,0,0,0,91,0,0,0,0,0,0,0,0,0,0,0,0,0,0,0,0,0,0,0,0,0,0,0,0,0,0,0,19,0,0,0,0,0,0,0,0,0,0,0,0,0,122
"D27",0,0,0,0,0,0,0,0,0,0,0,0,0,0,0,0,0,0,0,0,0,0,0,0,0,0,0,0,0,0,0,0,0,0,0,0,0,0,0,0,0,0,0,0,0,0,0,0,0,0,0,0,0,0,0,0,0,0,0,0,0,0,0,0,0,0,0,0,0,0,0,0,0,0,0,0,0,0,0,0,0,0,0,0,0,0,0,0,0,0,0,0,0,0,0,0,0,0,0,0,0,0,0,0,0,0,0,0,0,0,0,0,0,0,0,0,0,0,0,0,0,0,0,0,0,0,0,0,0,0,0,0,0,0,0,0,0,0,0,0,0,0,0,0,0,0,0,0,0,0,14,0,0,0,0,0,0,0,0,0,0,0,0,0,0,0,0,0,0,0,0,0,0,0,0,0,0,0,0,0,0,0,0,0,0,0,0,0,0,0,0,0,0,0,0,0,0,0,0,0,0,0,0,0,0,0,0,0,0,0,0,0,0,0,0,0,0,0,0,0,0,0,0,0,0,0,0,0,0,0,0,0,0,0,0,0,0,0,0,0,0,0,0,0,0,0,0,0,0,0,0,0,0,0,0,0,2,0,0,0,0,0,0,0,0,0,0,0,0,0,0,0,0,0,0,0,0,0,0,0,0,0,0,0,0,0,0,0,0,0,0,0,0,0,0,0,0,0,0,0,0,0,0,0,0,0,0,0,0,0,0,0,0,0,0,0,0,0,0,0,0,0,0,0,0,0,0,0,0,0,0,0,0,0,0,1,0,0,0,0,0,0,0,0,0,0,0,0,0,0,0,0,0,0,0,0,0,0,0,0,0,0,0,0,0,0,0,0,0,0,0,0,0,0,0,0,0,0,0,0,0,0,0,0,0,0,0,0,0,0,0,0,0,0,0,0,0,0,0,0,0,0,0,0,0,0,0,0,0,0,0,0,0,0,0,0,0,0,0,0,0,0,0,0,0,0,0,0,0,0,0,0,0,0,0,0,0,0,0,0,0,0,0,0,0,0,0,0,0,0,0,0,0,0,0,0,0,0,0,0,0,0,0,0,0,0,0,0,0,0,0,0,0,0,0,0,0,0,0,0,0,0,0,0,0,0,0,0,0,0,0,0,0,0,0,0,0,0,0,0,0,0,0,0,0,0,0,0,0,0,0,0,0,0,0,0,0,0,0,0,0,0,0,0,1367,0,0,0,0,0,0,0,0,0,0,0,0,0,0,0,0,0,0,0,0,0,0,0,0,0,0,0,0,0,0,0,0,0,0,0,0,0,0,0,0,0,0,0,0,0,0,0,0,0,0,0,0,0,0,0,0,0,0,0,0,0,0,0,0,0,0,0,0,0,0,0,0,0,0,0,0,0,0
"D28",0,0,0,0,0,0,9526,0,0,0,0,0,0,0,0,0,0,0,0,0,0,0,0,0,0,0,0,0,0,0,0,0,0,98,0,0,0,0,0,0,0,0,0,0,0,0,0,0,0,0,0,0,53,0,0,0,0,0,0,0,0,117,0,0,0,0,0,26,0,40,0,0,0,0,0,0,0,0,0,0,0,14,32,0,0,0,360,0,0,0,0,0,0,0,0,0,0,0,0,0,0,0,0,0,0,0,0,0,0,0,0,0,0,0,0,0,0,0,0,0,0,0,0,0,0,0,0,0,0,0,0,0,0,0,0,0,0,0,0,0,0,0,0,0,0,0,0,0,0,0,0,0,0,0,0,0,0,0,0,0,0,0,0,0,0,0,0,0,0,0,0,0,0,74,0,0,0,0,0,0,0,0,0,0,0,0,0,0,0,0,0,0,0,0,0,0,0,0,0,0,0,0,0,0,0,0,0,0,0,0,0,0,0,0,0,0,0,0,0,0,0,0,0,76,96,0,0,0,0,0,0,0,0,1295,0,0,0,0,0,0,0,20,0,0,0,0,0,0,0,54,0,0,0,0,0,0,0,0,76,0,0,0,0,0,0,0,0,0,0,0,0,0,0,0,0,0,0,0,0,0,0,0,0,0,0,0,0,0,0,44,0,0,0,0,0,0,0,0,0,0,0,0,0,0,0,0,0,0,0,0,0,0,0,0,0,0,0,0,0,0,0,0,0,0,0,0,0,0,0,0,0,0,93,0,0,0,0,0,87,0,0,0,0,0,0,0,0,0,0,0,0,0,0,0,0,0,0,0,0,0,0,45,0,0,0,47,0,0,0,0,0,0,0,0,0,0,0,0,0,0,0,0,0,0,0,0,0,0,0,0,0,0,0,0,0,0,0,0,0,0,0,0,0,0,0,0,0,0,0,0,0,0,0,0,0,0,0,0,0,0,0,0,0,0,0,0,0,0,0,0,0,0,0,0,0,0,29,0,0,0,0,0,71,0,0,0,0,0,0,0,190,0,0,0,0,0,0,0,0,0,0,0,0,0,42,0,0,0,0,0,0,0,0,0,0,0,0,0,0,0,0,0,0,0,0,0,0,0,0,0,52,0,0,0,0,0,1185,0,0,0,0,0,0,0,0,0,0,0,0,0,0,0,0,0,0,0,0,0,0,0,0,0,0,0,0,0,0,0,0,0,0,0,0,0,0,0,0,0,0,74,19,0,0,0,0,0,0,0,0,0,0,0,0,0,26,0,0,0,0,0,0,0,0,0,0,0,0,0,0,0,0,0,0,0,0,0,0,0,0,0,0,0,0,0,0,0,0,0,0,0,0,0,0,0,0,0,0,0,0,0,131,0,0
"D29",0,0,0,0,0,0,0,0,0,0,0,0,0,0,0,0,0,0,0,0,0,0,0,0,0,0,0,0,0,0,0,0,0,0,0,0,0,0,0,0,0,0,0,0,0,0,0,0,0,0,0,0,0,0,0,0,0,0,0,0,0,0,0,0,0,0,0,4,0,0,0,0,0,0,0,0,0,0,0,0,0,0,0,0,0,0,0,0,0,0,0,0,0,0,0,0,0,0,0,0,0,0,0,0,0,0,0,0,0,0,0,0,0,0,0,0,0,0,0,0,0,0,0,0,0,0,0,0,0,0,0,0,0,0,0,0,0,0,0,0,0,0,0,0,0,0,0,0,0,0,0,0,0,0,0,0,0,0,0,0,0,0,0,0,0,0,0,0,0,0,0,0,0,0,0,0,0,0,0,0,0,0,0,0,0,0,0,0,0,0,0,0,0,0,0,0,0,0,0,0,0,0,0,0,0,0,0,0,0,0,0,0,0,0,0,0,0,0,0,0,0,0,0,0,0,0,0,0,0,0,0,0,0,0,0,0,0,0,0,0,0,0,0,0,0,0,0,0,0,0,0,0,0,0,0,0,0,0,3,0,0,0,0,0,0,0,0,0,0,0,0,0,0,0,0,0,0,0,0,0,0,0,0,0,0,0,0,0,0,0,0,0,0,0,0,0,0,0,0,0,0,0,0,0,0,0,0,0,0,0,0,0,0,0,0,0,0,0,0,0,0,0,0,0,0,0,0,0,0,0,0,0,0,0,0,0,0,0,0,0,0,0,0,0,0,0,0,0,0,0,0,0,0,10,0,0,0,0,0,0,0,0,0,0,0,0,0,0,0,0,0,0,0,0,0,0,0,0,0,0,0,0,0,0,0,0,0,0,0,0,0,0,0,0,0,0,0,0,0,0,0,0,0,0,0,0,0,0,0,0,0,0,0,0,0,0,0,0,0,0,0,0,0,0,0,0,0,0,0,0,0,0,0,0,0,0,0,18,0,0,0,0,0,0,0,0,0,0,0,0,0,0,0,0,0,0,0,0,0,0,0,0,0,0,0,0,0,0,0,0,0,0,0,0,0,0,0,0,0,0,0,0,0,0,0,0,0,68,0,0,0,0,0,0,0,0,0,0,0,0,0,0,0,0,0,0,0,8,0,0,0,0,0,0,0,0,0,0,0,0,0,0,0,0,0,0,0,0,0,0,0,0,0,0,0,0,0,0,0,0,0,0,0,0,0,0,0,0,0,0,0,0,0,0,0,0,0,0,0,0,0,0,0,0,0,0,0,0,0,0,0,0,0,0,0,0,0,0,0,0,0,0,0,0,0,0,0,0,0,0,0,0,0,0,0,0,0,0,0,0,0,0,0
"D30",10,213,0,0,27,9,0,0,0,18,57,180,0,6,2,0,0,5,0,0,0,46,2,56,376,0,0,0,169,0,290,0,3,0,11,0,0,177,27,30,0,0,1183,0,21,0,2,0,0,44,0,23,10,0,1,3,6,0,2,71,142,0,5,0,0,0,5,0,5,0,0,0,0,0,0,124,0,116,0,1,0,7,0,22,0,0,0,0,43,2,0,0,0,0,18,0,0,3,0,0,38,0,0,0,23,0,0,46,288,0,0,0,0,13,75,3,9,0,0,83,0,38,173,0,225,35,0,0,0,0,0,0,64,0,0,130,0,0,0,2,0,0,0,4,0,28,30,11,116,0,0,10,57,33,8,0,0,22,0,269,17,0,31,0,0,22,0,4,236,283,0,0,0,26,9,25,0,28,5,0,3,1073,146,0,0,0,0,0,75,12,0,3,2,0,2,54,17,70,0,6,6,0,12,0,451,902,0,0,19,0,0,0,1,0,3,3,0,0,21,20,21,0,6,0,0,1893,0,754,1,0,0,1,0,0,0,16,23,118,19,0,5,0,0,2,0,3,0,526,0,0,71,1,0,15,0,7,0,0,0,0,28,0,0,527,0,4,23,3,22,0,0,54,0,43,10,28,0,26,0,27,229,0,0,10,20,7,0,0,0,20,110,0,0,0,134,2,6,1,2,159,39,1,6,42,24,0,2,0,167,11,0,0,152,58,9,0,0,0,0,0,409,7,24,41,40,5,0,11,0,864,109,50,0,9,0,15,0,179,0,4,0,0,2,12,0,11,0,0,0,26,0,0,15,0,3,0,9,1,0,0,0,3,4,0,21,0,24,14,0,1,14,36,2,0,317,35,0,0,39,0,16,68,4,0,0,2,1103,0,21,2,245,0,32,0,1,178,0,0,0,0,0,0,4,2,124,3,0,0,0,0,0,356,0,0,0,0,0,8,0,4,21,0,16,10,4,52,1,1176,5,0,0,2,0,0,0,0,53,0,4,0,3,0,0,6,29,4,2,82,0,209,45,8,0,205,59,0,2,24,0,66,0,22,0,20,233,2,5,4,0,118,48,0,6,3,264,0,0,0,6,0,0,105,0,150,3,0,0,0,14,62,0,0,8,0,4,0,0,15,0,0,0,0,0,1,0,556,465,0,23,0,47,0,2,25,0,0,3,16,38,0,7,0,5,108,0,0,40,0,312,23,8,0,88,9,0,0,0,0,0,40,0,5,0,0,0,0,11,0,17,0,2,0,38,0,0,5,64,0,0,609,0,0,23,20,10,23,111,0,0,0,4,0,0,18,0,2,12,25,95,0,23,19,0,0,69,0,0,36,0,0,0,0,0,0,166,0,20,1,13,0,72,16,0
"D31",3,5,0,0,0,8,0,302,0,0,0,0,0,0,0,2,0,0,130,0,0,0,0,0,0,0,0,0,0,6,86,0,3,0,0,86,0,0,42,0,0,0,0,437,5,0,2,0,0,0,0,47,2120,0,2,28,0,0,0,15,38,0,8,0,0,0,17,0,43,0,0,0,0,0,42,20,0,174,0,0,0,12,0,0,157,0,0,0,0,0,0,0,0,0,0,0,0,2,0,0,4,3,0,0,2,0,0,0,6,24,0,0,0,0,6,0,4,6,0,0,0,18,0,0,0,0,0,41,0,0,0,0,0,0,11,75,0,0,2,0,0,0,0,0,2,0,1,0,14,0,0,0,0,0,18,0,0,51,12,0,5,0,0,0,106,44,0,0,0,0,0,0,4,0,0,9,0,2,13,111,30,0,80,2,0,0,0,0,0,16,139,0,2,0,24,2,10,0,0,3,2,5,413,0,12,0,0,131,43,0,0,0,0,0,0,0,0,0,0,5,0,0,0,8,0,0,89,0,35,0,0,405,0,0,0,0,0,0,0,5,0,0,0,0,0,0,0,4,0,0,0,1,0,12,0,0,0,3,3,0,2,0,0,0,0,0,2,6,0,0,0,0,0,72,3,0,77,0,0,0,50,0,0,3,15,0,0,0,0,2,60,0,0,0,3,0,2,0,0,16,0,0,0,0,0,0,0,0,76,0,0,0,52,0,3,0,0,0,0,6,0,0,3,1,1,0,0,0,0,218,0,262,42,0,0,0,0,63,0,13,0,0,0,0,0,0,15,0,0,0,189,0,179,0,0,0,2,0,0,4,0,0,0,345,45,0,0,0,2,0,0,0,0,74,478,1,0,0,0,0,0,5,0,0,0,0,39,0,0,15,107,0,1,179,0,0,0,7,0,2,0,2,0,0,149,7,0,57,0,0,0,0,9,3,0,0,0,0,0,0,130,0,2,0,0,0,0,0,6,0,0,0,0,0,0,0,26,0,0,0,0,15,0,9,55,3,0,0,0,33,1,17,2,0,0,0,15,15,0,0,0,0,0,2,6,0,11,0,0,0,309,3,3,4,0,0,0,0,2,2,0,11,0,2,8,7,4,0,4,66,0,5,0,0,0,0,0,4,0,0,0,0,4,0,0,1472,0,0,0,0,0,11,0,265,0,0,1,175,23,0,0,0,0,3,0,0,0,11,172,36,9,13,0,0,0,3,0,0,0,0,0,0,0,0,0,4,0,0,5,3,14,2,6,0,25,0,0,0,1,5,0,0,130,0,91,5,310,0,0,0,17,17,0,13,0,0,0,0,91,0,0,0,0,0,3,0,12,0,0,4,9,7,0,0,897,0,0,29,14,0,11,0,0
"D32",0,60,2,0,3,7,0,6,0,0,23,154,0,8,8,1,0,14,65,6,0,8,43,11,3,0,0,0,0,11,142,3,1,0,20,18,0,26,0,269,40,0,71,29,25,0,0,9,30,0,0,1,336,0,1,16,19,0,0,14,24,0,37,0,0,134,3,0,0,0,0,0,0,0,2,120,34,5,30,16,0,0,2,15,0,0,0,0,33,0,4,131,0,0,0,26,0,0,9,71,53,92,0,15,0,0,0,6,432,17,0,11,0,0,0,0,0,0,3,35,26,0,3,0,0,4,10,0,0,0,188,0,0,0,12,77,0,0,3,0,19,0,0,8,2,8,10,0,15,0,0,0,0,18,9,0,9,0,34,21,7,67,3,10,1,10,0,34,11,4,0,0,19,4,2,6,0,6,3,47,32,0,0,0,0,68,9,0,20,45,43,0,21,6,1,1,10,0,3,8,0,0,35,0,57,0,0,72,0,5,0,19,0,44,0,7,0,0,2,1,6,18,0,4,62,170,0,170,2,4,0,5,0,0,1,0,1,35,31,0,0,0,0,0,0,0,10,247,0,0,18,5,0,0,0,2,0,7,0,0,30,0,70,8,9,1,33,0,9,7,8,46,0,4,3,0,1,97,10,15,274,0,0,6,8,0,0,0,2,71,6,0,0,154,89,0,12,17,0,29,54,5,50,487,12,0,46,3,52,0,0,0,88,4,33,0,4,124,0,0,46,14,7,58,13,1,0,6,49,352,0,0,19,11,52,15,0,42,1,19,119,3,0,12,2,103,0,13,0,8,27,36,34,0,3,0,0,12,0,0,6,0,0,14,0,17,40,30,0,7,34,10,0,0,114,38,100,45,10,0,0,226,5,9,0,0,96,0,6,0,29,4,62,0,2,4,0,4,0,0,0,0,0,0,0,3,0,69,0,11,0,4,6,15,0,0,7,5,9,55,9,0,13,5,0,50,0,73,0,0,0,0,0,1,0,58,0,0,0,0,20,60,0,4,56,2,0,0,0,0,0,3,0,13,19,7,3,0,13,114,0,12,0,0,10,0,2,6,23,28,239,5,1,49,14,0,0,0,4,0,0,8,0,8,37,0,0,0,187,0,0,14,4,1,4,0,0,27,0,41,0,0,8,7,0,361,53,0,4,0,30,8,0,223,0,0,4,9,18,16,0,0,242,9,0,2,13,25,292,10,15,2,8,1,0,38,0,6,62,0,0,2,0,15,16,7,8,1,99,0,2,0,21,0,0,1,24,13,3,109,0,0,56,29,0,0,124,0,0,4,4,0,117,15,19,5,46,42,71,14,0,39,102,3,25,160,15,5,0,0,0,0,21,0,45,73,0,0,1,0,5,0,0
"D33",4,5,0,0,0,2,0,367,0,4,0,0,0,16,0,3,0,0,218,0,0,0,0,1,0,0,0,0,0,34,258,0,4,0,0,59,0,0,32,0,0,0,0,458,6,0,8,0,0,0,0,62,519,0,7,61,0,0,0,0,44,0,19,0,0,0,2,0,47,0,8,0,4,0,60,8,148,197,0,0,0,2,0,0,190,0,1,0,0,11,0,2,0,0,3,0,0,33,0,0,0,9,7,0,8,0,0,8,26,2,0,0,0,7,4,0,0,0,2,3,0,6,0,0,2,0,0,18,8,0,0,0,0,0,10,30,0,0,0,0,0,0,0,0,0,0,1,0,10,0,0,0,0,0,23,0,0,98,42,0,0,0,0,0,103,11,0,0,0,0,5,0,35,0,0,16,2,40,16,241,21,0,46,0,0,3,0,0,0,19,296,0,4,0,28,1,23,0,1,5,0,5,491,0,30,0,0,113,31,0,1,0,0,0,0,0,0,0,0,0,0,2,8,5,2,0,79,0,24,0,11,297,0,0,8,0,0,0,0,0,0,0,0,1,0,0,0,0,4,0,0,0,0,70,0,0,0,35,0,0,0,0,0,0,0,4,3,26,0,3,0,10,0,59,25,0,112,5,0,0,42,0,0,0,11,0,2,3,0,7,51,0,0,0,7,0,20,1,0,60,0,0,0,0,0,0,0,0,227,0,0,0,85,0,0,0,2,0,0,10,0,2,13,0,0,0,0,0,0,339,0,427,61,0,0,2,0,160,0,61,0,0,0,0,0,0,0,0,0,0,122,0,133,0,0,0,0,0,0,5,0,0,1,613,2,0,0,0,10,0,0,0,0,112,378,0,1,0,0,0,0,22,2,0,0,0,71,0,0,9,195,0,0,248,0,0,0,0,0,4,0,1,2,1,169,2,0,73,0,0,0,0,17,4,0,0,0,0,0,0,105,0,9,2,0,0,7,0,2,0,0,8,19,2,0,0,1,0,0,0,1,3,0,63,137,2,0,0,0,6,0,0,0,0,0,0,22,23,0,0,0,1,0,5,0,0,9,0,0,0,616,0,0,0,2,0,0,55,1,0,0,5,0,34,15,3,0,0,16,122,0,2,0,0,0,0,0,13,0,0,2,0,5,0,0,2047,0,0,0,0,5,9,7,314,5,0,1,103,41,0,0,0,0,26,0,0,0,8,415,65,3,14,23,8,2,1,0,0,0,0,0,1,0,0,0,6,0,0,20,26,37,0,3,0,0,0,0,3,0,6,0,0,287,0,40,18,436,0,0,0,9,0,0,13,0,5,0,0,96,8,0,0,0,0,2,0,107,2,0,23,0,0,0,0,1535,0,0,0,0,0,0,0,0
"D34",0,0,7,0,0,0,0,0,0,13,0,63,11,1,0,133,502,2,610,1,0,0,1033,0,0,0,0,0,0,0,856,0,0,0,0,0,0,0,0,137,0,0,0,0,0,0,0,0,4,0,0,0,2,0,0,6,0,0,0,20,41,0,31,0,0,6,9,0,2,0,0,0,0,0,4,47,558,0,0,0,0,0,0,0,314,0,0,0,0,0,0,21,0,0,24,0,0,9,0,42,0,0,0,0,0,0,0,0,914,1,0,271,0,0,7,0,0,0,0,0,0,1753,2,0,0,0,0,216,6,0,0,0,0,0,18,0,0,0,0,0,9,0,0,34,0,0,0,0,0,0,0,0,0,0,50,2,42,53,232,0,0,0,0,0,0,0,0,183,109,0,0,0,0,0,0,0,0,0,0,10,0,0,0,0,0,2,0,0,0,0,0,0,0,295,0,0,0,0,0,0,4,0,0,0,0,0,0,0,16,0,0,2,5,2,0,0,0,0,0,0,0,0,0,0,103,0,0,0,0,0,0,0,0,0,47,0,0,0,4,0,0,0,0,0,0,0,181,0,0,0,4,0,41,0,213,0,0,0,0,0,3,4,58,37,0,0,0,53,3,0,5,0,0,0,0,0,247,0,0,0,729,0,0,0,0,0,0,0,0,2,3,0,0,657,96,0,0,0,0,52,0,0,0,0,5,0,33,173,10,0,0,0,0,0,0,0,0,0,0,0,5,2,0,0,0,0,0,7,0,0,30,55,0,0,0,0,2647,244,0,0,0,0,0,0,0,272,0,0,0,0,0,0,56,0,0,0,0,0,0,0,0,0,0,31,22,0,0,0,0,0,0,0,5,0,0,0,0,416,0,0,0,0,0,6,0,0,0,0,115,0,0,0,0,3897,0,0,0,5,0,3,86,0,0,0,0,0,0,0,0,0,0,0,0,157,0,0,47,0,16,6,59,0,39,0,0,14,8,0,0,0,4,0,0,2,0,2438,0,0,0,0,0,14,0,0,0,17,0,0,11,0,0,0,0,0,0,0,0,0,293,0,0,22,0,2,0,0,0,10,0,0,518,0,1,0,0,0,0,0,2,0,0,26,0,0,4,0,0,0,0,0,0,0,0,0,0,0,0,6,0,16,0,0,0,18,0,297,0,0,350,0,0,0,0,0,0,0,0,14,0,0,5,11,0,0,0,0,0,36,29,0,0,348,0,5,0,0,0,0,0,0,0,0,0,23,5,6,0,0,213,0,0,0,0,34,0,0,0,85,0,81,0,0,0,41,0,0,239,0,0,0,0,198,0,5,67,11,0,30,49,1,0,0,246,0,1,774,0,9,0,0,0,10,0,367,87,0,0,0,10,0,0,0,0
"D35",0,0,0,0,0,0,0,0,0,0,0,0,0,0,0,0,0,0,0,0,0,0,0,0,0,0,0,0,0,0,0,0,0,0,0,0,0,0,0,0,0,0,0,0,0,0,0,0,0,0,0,0,0,0,0,0,0,0,0,0,19,0,0,0,0,0,0,0,0,0,0,0,0,0,0,0,0,0,0,0,0,0,0,0,0,0,0,0,0,0,0,0,0,0,0,0,0,0,0,0,0,0,0,0,0,0,0,0,0,0,4,0,0,0,0,0,0,0,0,0,0,0,0,0,0,0,0,0,0,0,0,0,0,0,0,0,0,0,0,0,0,0,0,0,0,0,0,0,0,0,0,0,0,0,0,0,0,0,0,0,0,0,0,0,0,0,0,0,0,0,0,0,0,0,0,0,0,0,0,0,0,0,0,0,0,0,0,0,0,0,0,0,0,0,0,0,0,0,0,0,0,0,0,0,0,0,0,0,0,0,0,0,0,0,0,0,0,0,0,0,0,0,0,0,0,0,0,0,0,0,0,0,0,8,0,0,0,0,0,0,0,75,0,0,0,0,0,0,0,0,0,0,0,0,0,0,0,0,0,0,0,6,0,0,0,0,0,0,0,0,0,0,0,0,0,0,0,0,0,0,0,0,0,0,0,0,0,0,0,0,0,0,0,0,0,0,0,0,0,0,0,0,0,0,0,0,0,0,0,0,0,0,0,0,0,0,0,0,0,0,0,0,0,0,0,0,0,0,0,0,0,0,0,0,0,0,0,0,0,0,0,0,0,0,0,0,0,0,0,0,0,0,0,0,0,0,0,0,0,0,0,0,0,0,0,0,0,0,0,0,0,0,0,0,0,0,0,0,0,0,0,0,0,0,0,0,0,0,0,0,0,0,0,0,0,0,0,0,0,0,0,0,0,0,0,0,0,0,0,0,0,0,0,0,0,0,0,0,0,0,0,0,0,0,0,0,0,0,0,0,0,0,0,0,0,0,0,0,0,0,0,0,0,0,0,0,0,0,0,0,0,0,0,0,0,0,0,0,0,0,0,0,0,0,0,0,0,0,0,0,0,0,0,0,0,0,0,0,0,0,0,0,0,0,0,0,0,0,0,0,0,0,0,0,0,0,0,0,0,0,0,0,0,0,0,0,0,0,0,0,0,0,0,0,0,0,0,0,0,0,0,0,0,0,0,0,0,0,0,0,0,0,0,0,0,0,0,0,0,0,0,0,0,0,0,0,0,0,0,0,0,0,0,0,0,0,0,0,0,0,0,0,0,0,0,0,0,0,0,0,0,0,0,0,0,0,0,0,0,0,0,0,0,0,0,0,0,0,0,0,0,0,0,0,0,0,0,0,0,0,1059,0,0
"D36",0,0,0,0,0,0,1477,0,0,0,0,0,0,0,0,0,0,0,0,0,222,0,0,0,0,0,26,0,0,0,0,3,0,0,0,0,0,0,0,0,0,0,0,36,0,0,0,0,0,0,0,0,0,0,0,0,0,0,0,0,0,0,381,1,0,0,0,0,0,0,0,10824,0,0,0,0,0,0,0,0,0,0,0,0,0,4901,0,36,0,0,0,0,0,0,0,50,13,58,0,0,0,0,3211,3,0,0,0,0,0,0,9,0,0,0,0,0,0,0,0,0,0,2,0,0,0,0,0,0,0,0,0,0,0,0,0,0,2,22157,0,0,0,0,0,0,0,0,0,239,0,26,0,0,0,0,0,0,23,0,0,0,0,0,0,0,0,0,0,0,2,0,373,0,0,0,0,0,0,0,0,0,7,0,0,0,28702,0,0,2,0,0,0,0,0,0,0,0,0,0,0,0,0,0,0,0,0,0,0,0,0,0,0,0,0,0,0,0,0,0,0,0,179,0,0,0,1,0,0,0,0,0,2,0,0,0,0,0,0,0,0,0,0,0,0,0,0,0,0,0,0,4,0,0,0,3,0,0,0,0,6,0,0,4,0,0,0,0,0,0,0,0,0,0,0,0,0,0,0,0,0,0,0,0,0,0,0,0,0,0,0,68,0,0,0,0,2,132,0,0,0,0,0,0,0,0,0,0,0,0,0,0,0,0,0,0,3,0,0,0,0,0,0,0,0,0,0,0,0,0,0,0,0,0,0,0,0,0,0,0,332,0,0,1,15,0,0,0,19,0,0,0,0,0,0,0,0,0,0,0,0,0,0,0,151,0,0,0,0,0,352,0,0,0,0,0,0,0,0,0,0,0,3,0,0,0,0,0,0,0,0,0,0,0,0,0,0,0,0,0,7575,258,0,0,0,0,0,0,675,0,0,0,0,0,0,0,0,0,0,0,0,0,0,16,0,0,0,0,0,0,0,0,0,137,1456,0,8468,0,24,0,0,21,0,0,20512,0,0,0,0,0,0,0,0,0,0,0,0,0,0,0,0,0,0,0,0,0,52,0,0,0,0,0,0,0,0,0,0,0,11469,7051,0,0,0,0,6,0,0,2,0,0,0,0,0,0,0,0,0,0,0,0,0,0,853,0,0,0,299,0,0,0,0,0,0,0,0,0,0,0,0,0,0,0,0,12,0,0,0,0,0,0,0,0,0,0,0,0,0,0,0,0,0,0,0,0,973,0,0,0,0,0,0,5845,0,0,0,9164,29,0,0,0,0,0,0,0,0,0,0,0,0,0,0,12,0,0,0,0,0,0,0,0,0,0,0,0,0,0,0,0,2258,0,0,38254,0,15,0,0,0,59,0,5,0,0,531,0,0
"D37",0,43,2,0,0,0,0,0,0,0,0,0,0,6,0,0,0,5,3,0,0,0,0,0,4,0,0,0,8,2,0,0,2,0,0,0,2,0,4,4,0,0,23,0,3,0,0,0,0,9,0,0,0,0,0,0,7,1,0,9,2,0,0,0,0,12,0,0,0,0,0,0,0,0,0,2,0,0,0,0,0,0,0,0,0,0,0,0,3,0,0,0,0,0,0,4,0,0,0,0,0,0,0,0,0,0,0,0,30,0,0,0,0,0,12,0,0,0,3,0,26,0,0,0,8,0,0,0,1,0,67,0,0,0,0,5,0,0,0,0,0,0,0,0,0,14,0,0,0,0,0,0,5,6,0,0,0,3,0,97,4,0,3,0,0,0,0,1,0,0,0,0,0,0,0,0,0,0,0,0,2,3,5,0,0,0,0,0,14,0,2,0,0,0,9,1,0,0,19,0,10,0,4,0,8,3,0,0,0,0,2,7,0,0,0,0,0,0,2,4,0,0,0,0,0,594,0,11,8,0,0,0,0,6,0,0,9,0,15,0,0,0,0,0,0,0,0,0,0,0,12,0,0,2,0,0,0,0,0,0,0,3,4,0,0,0,0,0,0,0,0,64,0,0,0,6,0,0,0,11,47,0,0,0,0,0,0,0,0,0,15,0,0,0,0,0,0,0,0,5,0,0,0,11,0,0,0,2,13,5,15,0,51,8,3,0,0,0,0,0,203,30,0,0,9,0,0,0,4,0,0,4,0,8,6,3,0,22,0,0,15,0,0,47,0,0,0,0,0,0,0,10,13,0,0,0,0,0,0,2,0,0,0,0,0,0,7,0,0,0,8,0,0,0,2,0,0,0,0,0,0,0,0,0,0,0,59,0,0,0,4,0,0,0,8,0,0,0,0,0,0,1,0,0,20,0,0,1,0,0,0,31,0,0,0,0,0,0,0,0,7,0,0,0,0,15,0,48,0,0,2,0,0,0,0,0,0,0,0,0,0,0,0,10,2,0,0,20,0,7,0,5,0,0,0,0,3,0,0,0,0,0,0,0,0,0,0,0,0,15,3,0,1,0,0,0,0,0,2,0,0,5,0,0,2,0,0,0,0,0,0,0,0,0,0,0,0,2,0,7,0,0,0,0,0,180,127,0,0,0,4,0,1,23,0,0,0,11,0,5,7,0,20,48,0,0,0,3,1,5,3,0,11,5,0,18,0,2,0,0,0,0,0,0,2,3,0,14,1,0,0,0,7,0,0,0,1,0,5,13,0,0,2,0,0,0,18,0,0,0,0,0,0,19,22,0,1,0,31,2,0,0,0,3,0,0,0,1,0,0,0,0,0,0,151,0,8,0,5,0,2,0,0
"D38",2,38,0,0,0,19,0,0,0,0,5,174,0,15,20,4,0,26,60,8,0,7,30,7,4,0,0,2,0,11,122,2,46,0,0,11,0,22,0,136,14,0,67,44,29,0,0,2,17,0,0,2,167,0,37,26,23,0,0,19,20,0,15,0,0,104,0,0,2,0,0,0,0,0,4,87,38,0,14,4,0,0,0,14,0,0,0,0,43,0,3,36,0,0,0,11,0,0,3,34,43,29,0,5,1,0,0,3,352,22,0,16,0,0,28,0,0,0,0,41,34,0,4,0,0,3,2,0,0,0,151,0,33,0,11,83,0,0,3,0,6,0,0,17,4,7,4,25,11,0,0,0,0,20,14,0,11,0,46,42,8,57,2,8,0,14,0,38,0,0,0,0,12,6,0,16,0,0,4,25,7,2,0,0,0,29,0,0,27,31,34,0,9,9,0,3,8,0,6,3,0,0,38,0,71,0,0,66,0,9,0,17,0,67,0,5,0,0,13,2,0,8,0,6,45,138,0,126,3,2,0,2,0,0,0,0,0,18,25,0,4,0,0,0,0,0,6,173,0,0,18,7,0,1,3,3,0,7,0,0,37,0,35,9,9,1,33,0,9,13,8,44,7,0,6,0,13,51,12,3,263,0,0,12,0,0,0,0,9,11,4,0,0,154,50,0,2,14,42,67,53,8,33,492,7,0,39,0,46,0,5,0,86,0,19,0,4,92,0,14,44,12,2,62,23,0,0,7,63,364,0,0,24,2,37,3,0,19,0,3,108,1,0,28,0,95,0,8,0,2,4,40,17,0,5,0,0,4,0,0,0,0,0,5,0,0,38,21,0,0,13,3,2,0,121,36,128,33,15,0,0,227,2,3,0,0,111,0,10,0,35,3,26,0,0,0,0,7,0,0,0,0,0,0,0,0,0,41,0,11,0,0,10,21,0,0,5,0,1,64,8,0,18,0,0,79,0,87,0,0,0,0,0,0,0,72,0,0,0,0,18,45,0,3,52,9,0,11,2,0,0,3,0,11,12,5,0,0,12,106,0,7,0,0,14,0,2,13,19,27,303,3,0,83,4,0,2,0,0,0,0,4,20,9,27,0,0,0,162,0,0,9,10,2,2,0,0,16,0,33,0,0,22,4,0,380,49,0,0,2,21,4,5,220,0,0,4,15,12,39,0,0,180,15,0,0,5039,33,211,4,7,1,1,0,0,36,0,21,37,0,0,0,0,10,22,1,6,1,56,0,0,0,14,0,0,0,0,16,2,111,0,0,52,12,0,0,167,0,2,13,2,0,67,3,15,0,47,57,56,5,0,23,103,6,34,91,4,2,0,0,0,0,28,0,30,117,0,0,0,10,0,0,0
"D39",0,0,0,919,0,0,3,0,3,0,0,0,0,0,0,0,0,0,0,0,0,0,0,0,0,13,0,0,0,0,0,0,0,0,0,0,0,0,0,0,0,186,0,0,0,0,0,0,0,0,8,2,2,0,0,0,0,2,0,0,0,0,0,2,0,0,0,0,0,0,0,0,0,0,0,0,0,0,0,0,0,0,0,0,0,0,0,0,0,0,0,0,0,0,0,0,0,0,0,0,0,0,0,0,0,0,0,0,0,0,8044,0,0,0,0,0,0,369,0,0,0,0,0,0,0,0,0,0,0,0,0,20,0,2,0,0,3754,0,0,0,0,6,17,0,0,0,0,0,0,0,0,0,0,0,0,30,0,0,0,0,0,0,0,0,0,0,13780,0,0,0,0,0,0,2,0,0,3,0,0,0,0,0,0,0,0,0,0,3,0,0,0,0,0,0,0,0,0,0,0,0,0,0,0,3,0,0,0,0,0,0,0,0,0,0,0,0,111,18,0,0,0,0,0,0,0,0,0,0,0,0,0,0,0,10,0,0,0,0,0,0,0,0,2,0,0,4,0,0,0,0,0,0,0,0,0,0,0,0,669,31,0,14,0,0,0,0,0,0,0,0,0,0,0,0,0,0,0,0,0,0,0,0,0,0,0,0,0,0,0,0,0,0,0,0,0,0,0,0,0,0,0,0,0,0,2,0,0,0,0,4,0,43,0,0,0,0,0,0,0,0,0,0,0,0,0,0,0,0,0,0,0,0,0,0,0,0,0,0,0,0,0,0,2,0,0,0,0,0,0,0,0,0,0,0,0,82,0,0,0,0,0,0,0,0,0,2,0,0,0,0,0,0,0,0,0,0,0,0,0,2,0,0,0,0,0,0,0,0,0,0,0,0,0,0,0,0,0,0,0,0,0,0,0,0,0,0,0,0,4494,0,5,0,0,0,0,0,0,0,0,0,0,0,0,0,0,0,0,0,0,0,0,0,0,0,0,0,0,0,0,0,0,0,0,0,0,0,0,0,0,0,0,0,0,0,0,0,0,0,0,0,0,0,0,0,0,0,0,2,0,0,0,0,0,0,0,0,0,0,0,0,48,0,0,0,0,0,0,0,0,0,0,0,0,0,0,0,0,0,0,0,0,262,0,0,0,0,0,0,0,0,0,0,2,0,2,0,0,0,0,0,0,0,3,0,4584,40,4,0,0,0,0,0,0,0,0,0,0,0,0,0,0,0,0,0,0,0,0,0,0,0,0,0,0,0,0,0,0,0,0,0,66,0,0,0,0,0,0,0,0,0,0,0,0,0,0,0,0,0,0,0,0,0,0,0,0,0,0,0,16,0,0,0,0,0,2,0,0,0,0,0,0,0,2
"D40",0,0,0,0,0,0,7,2,0,0,0,0,0,0,0,0,0,0,0,0,2,0,0,0,0,0,418,0,0,0,5,0,0,0,0,0,0,0,0,0,0,0,0,2,0,0,0,0,0,0,3,0,4,1,0,0,0,0,0,0,0,0,51,0,0,8,0,0,0,0,11,31,408,0,0,0,0,0,0,0,32,0,0,0,0,98,0,96,0,7,0,0,0,0,0,0,6671,11,0,0,0,0,48,0,0,0,0,0,0,0,0,0,0,0,0,0,0,0,5,0,0,0,0,0,0,0,0,293,0,17,0,0,0,0,0,0,0,99,0,0,0,1,0,0,0,0,0,0,19,0,0,0,0,4,0,4,81,0,0,0,0,2,0,0,0,0,0,0,0,0,195,0,0,0,0,0,0,0,0,0,3,0,0,25,186,0,0,0,0,0,0,0,0,0,0,0,30,0,0,0,0,362,0,0,0,0,0,0,0,0,0,0,0,0,0,0,0,0,0,0,0,0,0,0,11,0,7,0,0,0,17,0,0,0,0,0,0,0,0,0,0,15,0,0,9,0,0,0,2,0,0,0,0,20,0,0,0,0,0,0,0,0,0,0,0,0,0,0,0,0,0,0,0,47,0,0,0,0,0,0,0,0,12,0,0,0,10,0,0,0,0,0,0,0,14,0,0,0,0,0,0,0,0,0,0,0,3,0,0,0,0,0,0,0,0,0,0,0,0,2,0,0,0,0,0,0,0,0,0,0,0,0,0,0,0,0,0,0,872,0,0,13,0,0,0,0,0,0,1,0,0,0,0,0,0,0,0,0,0,0,36,0,40,0,0,0,0,0,258,0,0,0,0,0,0,0,0,0,0,0,0,0,0,3,133,0,0,0,0,0,1,0,0,0,0,0,0,0,217,0,65,0,106,0,0,0,250,0,0,0,0,0,0,0,0,0,0,0,0,0,12,0,0,0,6,0,0,0,0,0,0,39,50,0,111,0,0,0,0,0,0,0,79,0,0,0,23,0,0,0,0,0,0,0,0,15,0,0,0,0,0,0,0,0,0,0,0,0,0,0,0,0,0,0,0,0,97,90,0,0,0,0,0,0,0,0,0,0,0,0,0,0,0,0,0,0,0,0,11,0,39,0,0,0,20,0,0,0,0,0,0,0,2,0,352,0,4,0,0,0,0,17,0,0,1,0,15,0,0,0,0,0,0,0,0,0,0,0,0,0,0,0,122,0,0,0,0,0,0,384,0,0,0,0,3,0,0,0,0,39,0,0,0,0,0,0,0,1,8,14,0,0,0,0,0,0,0,0,0,0,0,0,15,0,0,34,0,0,0,652,9,6,0,0,0,0,0,103,0,0,0,0,0
"D41",0,2,0,1127,2,0,7,0,0,0,0,0,0,0,0,0,0,0,0,0,4,3,0,0,0,35,0,0,0,0,0,2,1,0,0,0,0,0,0,0,1,0,0,0,0,3,0,0,0,0,0,4,36,0,1,0,0,0,0,0,0,5,0,16,0,0,12,0,0,0,0,0,0,90,0,0,0,0,0,1,0,0,0,0,0,0,0,0,8,0,0,0,0,0,0,0,0,2,0,0,0,0,0,0,0,155,2,2,0,0,3078,0,413,0,0,0,7,63,0,0,0,0,0,7,0,4,0,0,0,184,0,22,0,2,2,0,143,0,0,0,0,0,15,0,0,0,0,3,2,0,0,5,0,0,0,43,0,0,0,0,0,4,0,0,0,0,505,0,0,2,0,0,0,28,0,0,3,0,0,0,0,2,0,10,0,0,0,5,0,0,0,0,0,0,0,0,0,0,0,0,0,0,0,13,0,6,2,0,0,0,2,0,0,0,0,4,22,26,3,0,0,0,0,8,0,0,0,1,0,0,0,0,0,29,0,0,0,0,0,0,0,0,3,0,0,0,0,0,0,0,0,0,0,3,0,0,0,0,1521,7,0,714,0,0,0,0,0,0,0,0,0,0,0,0,0,0,0,0,0,0,3,0,6,0,0,4,10,0,0,2,0,4,0,0,0,0,0,0,0,0,0,0,0,0,2,2,0,0,0,0,0,8,0,0,0,196,0,0,6,0,0,0,0,0,0,0,8,0,0,2,0,0,262,0,0,0,0,0,0,0,0,0,23,0,4,0,17,0,15,0,0,0,0,9,0,42,6,0,21,0,0,0,0,0,0,0,0,4,0,0,26,0,0,0,0,0,0,0,0,37,0,0,0,0,2,0,0,0,0,0,2,0,0,0,0,0,0,0,0,0,0,0,0,0,4,0,0,0,435,0,22,4,0,0,55,0,0,0,0,0,0,0,0,0,0,0,0,2,0,4,0,0,0,0,0,0,0,5,2,4,0,0,0,0,0,0,0,0,0,0,0,0,0,0,0,0,0,0,0,0,0,0,56,0,3,14,0,0,0,0,0,0,0,0,0,0,0,0,0,1392,138,0,0,0,0,0,0,0,0,0,0,0,0,0,0,0,0,0,0,0,0,1,5,0,0,0,0,0,4,0,0,0,6,0,0,3,0,0,0,0,0,0,0,0,0,295,49,0,0,5,0,0,0,0,0,0,83,0,0,3,0,0,0,0,0,0,0,0,0,0,0,0,0,0,7,0,0,0,0,0,9,0,0,0,2,0,0,20,0,4,0,0,0,0,0,0,2,0,0,0,1,0,0,0,0,0,0,0,5,0,0,0,0,0,2,0,0,2,0,0,0,1,0
"D42",0,0,0,0,0,0,0,0,0,0,0,0,0,0,0,0,0,0,0,0,0,0,0,0,0,0,0,0,0,0,0,0,0,411,0,0,0,0,0,0,2,0,0,0,0,0,0,0,0,0,0,0,0,0,0,0,0,0,0,0,0,0,0,0,1,0,0,0,0,0,0,0,0,0,0,0,0,0,12,0,0,0,0,0,0,355,0,0,0,63,0,0,0,2,0,0,0,0,0,0,0,0,0,0,0,0,0,0,0,0,0,0,0,0,0,0,0,0,0,0,0,0,0,0,0,0,0,206,0,0,0,0,0,0,0,0,0,829,0,0,0,0,0,0,5,0,0,0,0,0,0,0,0,0,0,66,12,0,0,0,0,0,0,0,0,0,0,0,0,0,0,0,0,0,0,0,0,0,0,0,0,0,0,0,402,0,0,0,0,0,0,0,0,7,0,0,0,0,0,0,0,135,0,0,0,0,0,0,0,0,0,0,0,0,0,0,0,0,0,0,0,0,0,0,18,0,0,0,0,0,0,0,0,0,0,0,0,0,0,0,0,0,0,0,0,11,0,0,5,0,0,0,0,0,0,0,0,0,0,0,0,0,0,0,0,0,0,0,0,0,0,0,0,0,0,0,0,0,0,0,2,0,0,0,0,0,0,3,0,0,0,0,336,0,0,0,0,0,0,0,0,0,0,0,0,0,0,0,0,0,0,0,0,0,0,0,0,0,0,0,0,0,0,0,0,0,0,0,0,0,0,0,0,0,0,0,0,0,55,0,0,21,0,0,0,0,2,0,0,0,0,0,0,0,0,0,0,0,0,0,0,0,0,0,0,0,0,0,0,0,0,0,0,0,0,0,0,0,0,0,0,0,0,0,0,0,0,8,0,0,0,0,0,0,0,0,0,0,34,781,0,0,0,0,0,0,0,0,0,0,0,0,0,0,0,0,0,0,0,0,0,0,0,0,0,0,0,0,0,0,0,0,5043,150,0,0,0,0,0,0,0,0,326,0,0,0,0,0,0,0,0,63,0,0,0,0,0,0,0,0,0,0,0,0,0,0,0,0,0,0,0,0,0,0,0,0,0,3808,0,0,0,0,0,0,0,0,0,0,0,0,0,0,0,0,0,0,0,0,0,0,0,0,0,0,0,0,0,0,0,0,0,0,0,0,0,0,0,0,0,0,0,3,0,0,0,0,0,0,0,0,0,0,0,0,7,0,0,0,0,0,0,0,43,0,0,0,0,0,0,0,0,0,0,0,0,0,0,0,0,0,0,0,0,0,0,0,0,0,0,0,0,0,0,0,0,0,0,0,0,0,0,0,0,0,0,0,0,0,0,1058,0,0,2,0,0,0,0,0,0,5,0,0,0
"D43",0,0,0,0,0,0,59,0,0,0,0,0,5,0,0,0,0,0,0,0,0,0,0,0,0,0,0,0,0,0,0,0,0,12,0,0,1,0,0,0,0,0,0,0,0,4,0,0,0,0,0,19,0,0,0,0,0,0,0,0,0,17,0,0,0,0,0,39,0,0,0,0,0,0,0,0,0,0,0,0,0,0,2,0,0,0,0,0,0,0,0,0,0,0,0,0,0,2,0,0,0,0,0,2,0,0,0,0,0,0,0,0,0,0,0,32,0,0,0,0,0,125,0,0,0,0,0,0,0,0,0,0,0,0,0,0,0,0,0,0,0,0,0,0,0,0,0,6,0,3,0,0,0,1,0,0,0,0,0,0,0,29,0,0,191,0,0,0,0,0,0,0,0,729,0,0,0,0,0,0,0,0,0,0,0,0,0,0,0,0,0,0,0,0,0,0,0,0,0,0,0,0,0,0,0,0,133,0,0,0,15,0,0,0,119,0,0,0,0,0,0,0,0,19,0,0,0,0,0,12,0,0,0,0,0,23,0,0,0,0,0,0,0,0,0,0,0,0,0,3,0,0,0,3,0,0,392,0,0,0,0,0,0,0,0,0,0,0,0,0,0,0,0,2,0,9,0,0,0,0,0,0,0,0,0,0,0,0,0,4,0,0,1,0,0,0,0,0,0,0,0,7,0,0,30,0,0,0,0,0,0,0,0,0,0,0,0,0,0,0,0,0,0,0,0,0,126,0,0,0,0,0,0,0,0,0,0,0,0,0,0,0,60,0,0,0,98,0,142,0,0,0,0,0,0,0,23,0,0,0,0,0,2,0,0,1,0,0,0,0,0,0,0,0,0,0,0,0,0,0,73,0,0,0,0,0,0,0,0,0,0,0,0,0,0,0,0,0,0,0,0,0,0,0,0,0,0,0,0,0,0,0,0,0,0,0,0,0,0,0,0,0,0,0,0,0,0,0,0,0,0,0,0,0,0,0,6,0,2,2,0,0,0,0,0,0,2,0,0,0,0,0,0,0,0,0,0,0,0,0,0,0,0,0,5,0,0,0,0,0,0,2,0,0,0,4,0,0,0,0,0,0,0,0,0,0,0,0,0,0,1,0,0,0,0,9,0,0,0,0,0,0,0,0,0,0,0,6,0,8,0,0,0,0,0,6,0,0,0,0,0,0,0,0,15,0,0,0,2,0,0,0,0,0,0,0,0,0,0,2,0,0,0,0,0,0,0,0,0,0,0,0,0,0,35,0,0,0,15,0,0,632,0,0,0,0,0,0,0,0,0,0,0,0,0,0,0,0,318,0,0,0,0,0,0,0,0,0,0,0,0,1,0,0,0,0,9,0,0,0,0,0,0
"D44",0,0,0,0,0,0,0,2,0,0,0,0,0,0,0,0,0,0,0,0,0,0,0,0,0,0,0,0,0,0,0,0,0,0,0,0,0,0,0,0,0,0,0,0,0,0,0,0,0,0,0,0,0,0,0,0,0,0,0,0,0,0,0,0,0,0,0,0,0,0,0,0,0,0,0,0,0,0,0,0,0,0,6,0,0,0,0,0,0,0,0,0,0,0,0,0,0,0,0,0,0,0,0,0,0,0,7,0,0,0,0,0,0,0,0,0,0,0,0,0,0,0,0,0,0,0,0,0,0,0,0,0,0,0,0,0,0,0,0,0,0,0,0,0,0,0,0,0,0,0,0,0,0,0,0,0,0,0,0,0,0,0,0,0,0,0,0,0,0,0,0,0,0,0,0,0,0,0,0,0,0,0,0,2,0,0,0,0,0,0,0,0,0,0,0,0,0,0,0,0,0,0,0,0,0,0,0,0,0,0,0,0,0,0,0,0,0,0,0,0,0,0,0,50,0,0,0,0,0,0,0,0,0,0,0,0,0,0,0,0,0,0,0,0,0,0,0,0,0,0,0,0,0,0,0,0,524,0,0,0,0,0,0,0,0,0,0,0,0,0,0,0,0,0,0,0,0,0,0,0,0,0,0,0,0,0,0,0,0,0,0,0,0,0,0,0,0,0,0,0,0,0,0,0,0,0,0,0,0,0,0,0,0,0,0,0,4,0,0,0,0,0,0,0,0,0,29,0,0,0,0,0,0,0,0,0,0,0,0,0,0,0,0,0,0,0,0,0,1260,0,0,0,0,0,0,0,0,0,0,0,0,0,0,0,0,0,0,0,0,0,0,0,0,0,0,0,0,0,0,0,0,0,0,0,0,0,0,0,0,0,0,0,0,0,0,0,0,0,0,0,0,0,0,0,0,0,0,0,0,0,0,0,0,0,0,0,0,0,0,0,0,0,0,0,0,0,0,0,0,0,0,0,0,0,0,0,0,0,0,0,0,0,0,0,0,0,0,0,0,0,3,0,0,0,0,0,0,0,0,0,0,0,0,0,0,0,0,0,0,0,0,0,0,0,0,0,0,0,0,0,0,0,0,0,0,0,0,0,0,0,0,0,0,0,0,0,0,0,0,0,0,0,0,0,0,0,0,7,0,0,0,0,0,0,0,0,0,0,0,0,0,0,0,0,541,0,0,0,0,0,0,0,0,0,0,0,0,0,0,0,0,0,0,0,0,0,0,0,0,0,0,0,0,0,0,0,0,0,0,0,0,894,0,0,0,0,0,0,0,0,0,0,0,0,0,0,0,0,292,0,0,0,0,0,0,0,0,0,0,0,0,0,0,0,0,0,0,0,0,0,0,0,0
"D45",0,0,0,172,0,0,1560,0,16,0,0,0,0,0,0,0,0,0,0,0,0,0,0,0,0,10,0,0,1,0,0,0,0,2,0,0,0,0,0,0,0,0,0,0,0,0,0,0,0,0,325,4,0,0,2,0,0,0,0,0,0,8,0,61,0,0,0,0,0,19,0,0,0,5,0,0,0,0,0,0,0,2,8,0,0,0,5,0,0,0,0,0,0,0,0,0,5,0,0,0,0,0,0,0,0,10,0,0,0,0,5772,0,816,0,0,0,0,23,0,0,0,0,0,0,0,0,0,0,0,109,0,16,0,3,0,0,795,0,0,0,0,9,4,0,0,0,0,0,0,3,47,0,0,0,0,32,0,0,0,0,0,4,0,0,18,0,3133,0,0,0,3,0,0,2,0,0,0,0,0,10,0,0,0,0,0,0,0,11,0,0,0,0,0,0,0,0,0,0,0,0,0,0,0,6,0,0,0,0,0,0,0,0,0,0,0,0,1550,9,0,0,0,0,0,278,0,10,0,0,0,0,0,0,0,378,0,0,0,0,0,0,0,0,5,0,0,41,0,0,0,0,0,0,0,0,0,0,0,0,176,0,0,180,0,0,0,0,0,0,0,0,0,0,27,0,0,0,0,0,0,0,8,31,3,0,0,0,5,0,8,0,0,3,0,0,0,0,0,0,0,0,0,0,0,0,0,22,0,0,0,0,0,8,0,0,0,39,0,0,0,0,0,0,0,0,0,0,0,0,0,0,0,0,415,0,0,0,0,0,0,0,0,0,3,0,0,0,0,0,284,0,0,0,0,0,0,0,0,0,2,0,0,0,0,0,0,0,0,0,0,0,0,0,0,0,0,0,0,0,0,171,18,0,0,0,0,442,0,0,0,0,0,0,0,0,0,0,0,0,0,0,0,0,0,0,0,0,0,0,8,0,0,0,0,0,14,0,0,0,0,0,0,0,0,0,0,0,0,0,0,0,0,0,0,0,0,0,0,29,0,0,0,0,0,0,0,0,0,0,0,0,34,455,0,0,0,0,0,0,0,0,0,0,11,0,0,6,0,0,0,0,0,0,0,0,0,0,0,0,0,0,26,0,0,0,0,0,0,4,0,2,0,0,0,0,0,8,0,0,0,0,0,24,0,0,0,0,0,57,0,0,0,0,0,0,6,0,0,0,0,0,1,0,0,0,207,17,116,0,0,0,0,0,0,0,0,0,30,0,0,0,61,0,0,0,0,0,0,2,0,0,0,0,0,0,0,0,0,0,0,0,7,0,0,0,0,0,0,157,0,0,0,0,0,0,0,0,0,0,0,0,0,0,0,0,0,0,0,0,21,0,0,0,0,0,0,0,0,0,0,0,59,0,14
"D46",0,0,0,0,0,0,0,0,0,0,0,0,21,0,0,71,0,0,0,211,0,0,0,0,0,0,0,0,0,0,0,0,0,0,0,0,0,0,0,0,0,0,0,0,0,0,0,0,102,0,0,0,0,0,0,0,0,0,0,0,0,0,9,0,0,837,0,0,0,0,0,0,0,0,0,0,0,0,0,0,0,0,0,0,0,11,0,0,0,89,0,0,0,9,0,0,0,0,0,0,0,0,0,5,0,0,0,0,0,0,0,0,0,0,0,0,0,0,0,0,0,0,0,0,0,0,0,860,12,0,0,0,0,0,0,0,0,0,0,0,0,0,0,381,0,0,0,0,0,0,0,0,0,0,0,0,4,0,0,0,0,0,0,0,0,0,0,0,0,0,0,0,0,0,0,0,0,0,0,0,0,0,0,0,15,0,0,0,0,0,0,0,0,1214,0,0,0,0,0,0,0,0,0,0,0,0,0,0,0,0,0,0,0,0,0,0,0,0,0,0,0,0,1,0,0,0,0,0,0,0,0,0,0,0,0,0,0,0,0,0,0,0,0,0,0,0,0,0,0,0,0,0,0,0,0,0,0,0,0,0,0,0,0,0,0,0,839,0,0,0,0,0,0,0,0,0,0,0,0,0,0,0,0,0,0,0,0,0,0,329,0,0,0,0,0,0,0,0,0,0,0,0,0,0,0,0,42,0,0,0,0,0,0,0,0,0,0,0,0,0,0,0,0,0,0,0,0,0,0,0,28,0,0,0,0,0,0,0,0,0,0,0,0,0,0,0,0,0,0,0,0,0,0,0,0,0,0,0,0,0,0,0,2,0,0,0,0,0,0,0,0,0,0,0,0,0,0,0,0,0,0,0,0,0,0,0,0,141,0,0,0,0,0,0,0,0,0,0,0,0,1372,0,0,0,0,0,0,0,0,0,0,0,0,0,0,5455,0,0,0,0,0,0,0,0,0,0,0,0,0,0,74,0,0,0,0,0,0,0,0,0,0,0,0,0,0,0,0,0,0,0,0,0,0,0,0,0,0,0,0,0,0,0,0,0,0,0,0,0,0,0,0,0,0,0,0,0,0,1211,0,0,0,0,0,0,0,0,368,0,0,0,0,0,0,1,0,0,0,5,0,0,0,0,0,0,0,0,0,0,0,0,0,0,0,0,0,0,0,0,0,0,2,0,0,0,0,0,0,0,0,0,0,0,0,0,0,0,0,0,0,0,0,0,0,0,0,0,0,0,22,0,0,0,0,56,0,0,0,0,0,0,0,0,0,0,0,0,0,0,0,0,0,4529,0,0,0,0,0,0,0,6,0,0,0,0,0,0,0,0,0,3,0,0,48,239,0,3,0,0,0,0,0,0,0
"D47",0,0,0,0,0,0,0,0,0,0,0,0,0,0,0,0,0,0,0,0,0,0,0,0,0,0,0,0,0,0,0,0,0,0,0,0,0,0,0,0,20,0,0,0,0,0,0,0,0,0,0,0,0,0,0,0,0,0,3,0,0,0,0,0,0,0,0,0,0,0,0,0,0,0,0,0,0,0,0,0,0,0,0,0,0,0,0,0,0,0,0,0,0,0,0,0,0,0,0,0,0,0,0,0,0,2,0,0,0,0,16,0,2,0,0,0,0,0,0,0,0,0,0,0,0,0,0,0,0,0,0,0,0,0,0,0,0,0,0,0,0,0,0,0,0,0,0,0,0,0,0,0,0,0,0,0,0,0,0,0,0,0,0,0,0,0,3,0,0,0,0,0,0,0,0,0,5,0,0,0,0,0,22,0,0,0,0,0,0,0,0,0,0,0,0,0,0,0,0,0,0,0,0,0,0,0,0,0,0,0,0,0,0,0,0,0,0,3,0,0,0,0,0,0,0,0,0,0,0,0,0,0,0,0,0,0,0,0,0,0,0,0,0,0,0,0,0,0,0,0,0,0,0,0,0,0,0,0,7,0,0,0,0,0,0,0,0,0,0,0,0,0,0,0,0,0,0,0,0,0,58,0,0,0,0,0,0,0,0,0,0,0,0,0,0,0,0,0,0,0,0,0,0,0,0,0,0,0,0,0,0,0,0,0,0,0,0,0,0,0,0,2,0,0,0,0,0,0,0,0,0,0,0,0,0,0,0,0,2,0,0,0,0,0,0,0,0,0,0,0,0,0,0,0,0,0,0,0,0,0,0,0,0,0,0,0,0,0,0,0,0,0,0,0,0,0,0,0,0,0,0,0,0,0,0,0,0,0,0,0,0,0,0,0,0,0,0,0,0,0,0,0,0,0,0,0,0,0,0,0,0,0,0,0,0,0,0,0,0,0,0,4,0,0,0,0,0,0,0,0,0,0,0,0,0,0,0,0,0,0,0,0,0,0,0,0,0,0,0,0,0,0,0,0,0,0,0,0,0,0,0,0,0,0,0,0,0,0,0,0,0,0,1,0,0,0,0,0,0,0,0,0,0,0,0,0,0,0,0,0,0,0,0,0,0,0,0,0,0,0,5,0,0,0,0,0,0,0,0,0,0,0,0,0,0,0,0,0,0,0,6,0,0,0,0,0,0,0,0,0,0,0,0,0,0,0,0,0,0,0,2,0,0,0,0,0,0,0,0,0,0,0,0,0,0,0,0,0,0,0,0,0,0,0,0,0,0,0,0,3,0,0,0,0,0,0,0,0,0,0,0,0,0,0,0,0,0,0,0,0,0,0,0,0,0,0,0,0,0,0,0,0,0
"D48",0,0,0,0,0,0,0,0,0,0,0,0,0,0,0,22,0,0,0,4,0,0,0,0,0,0,0,0,0,0,0,0,0,38,0,0,0,0,0,0,0,0,0,0,0,0,0,0,122,0,0,0,0,0,0,0,0,0,0,0,0,0,3,0,0,37,0,0,0,0,0,0,0,0,0,0,0,0,0,0,0,0,0,0,0,151,0,0,0,8,0,0,0,176,0,0,0,0,0,0,0,0,0,30,0,0,0,0,0,0,0,0,0,0,0,0,0,0,0,0,0,0,0,0,0,0,0,11,0,0,0,0,0,0,0,0,0,0,0,0,0,0,0,36,0,0,0,0,0,0,0,0,0,21,0,0,4,0,0,0,0,0,0,0,0,0,0,0,0,0,0,0,0,0,0,0,0,0,0,0,0,0,0,0,18,0,0,0,0,0,0,0,0,91,0,0,0,0,0,0,0,0,0,0,0,0,0,0,0,0,0,0,0,0,0,0,0,0,0,0,1,0,3,0,0,0,0,0,0,0,0,0,0,0,0,0,0,0,0,0,0,0,0,0,0,0,0,0,0,0,0,0,0,0,0,0,0,0,0,0,0,0,0,0,0,0,6,0,0,0,0,0,0,0,0,0,0,0,0,0,0,0,0,0,0,0,0,0,0,12,0,0,0,0,0,0,0,0,0,0,0,0,0,0,0,0,20,2,0,0,0,0,0,0,0,0,0,0,0,0,0,0,0,0,0,0,0,0,0,0,4,0,0,0,0,0,0,0,0,0,0,0,0,0,0,0,0,0,0,0,0,0,4,0,0,0,0,0,0,0,0,0,80,0,0,0,0,0,0,0,0,0,0,0,0,0,0,0,0,0,0,0,0,0,0,0,0,53,0,0,0,0,0,0,0,0,0,0,6,0,844,0,0,0,0,0,0,0,0,0,0,0,0,0,0,164,0,0,0,0,0,0,0,0,0,0,0,0,0,0,3,0,0,0,0,0,0,0,0,0,0,0,0,0,0,0,0,0,0,0,0,0,0,0,0,0,0,0,0,0,0,0,0,0,0,0,0,0,0,0,0,0,0,0,0,0,0,391,0,0,0,0,0,0,0,0,67,0,0,0,0,0,0,15,0,0,0,0,56,0,0,0,0,0,0,0,0,0,0,0,0,0,0,0,0,0,0,0,0,0,0,0,0,0,0,0,0,0,0,0,0,0,0,4,0,0,0,0,0,0,0,0,0,0,0,0,0,0,30,0,0,0,0,129,0,0,0,0,0,0,0,0,0,0,0,0,0,0,0,2,0,669,0,0,0,0,0,0,0,25,0,0,0,0,0,0,0,0,0,0,0,0,7,5,0,0,0,0,0,0,0,0,0
"D49",0,0,0,0,0,0,0,0,0,0,0,0,2,0,0,0,3,0,0,2,0,0,0,0,0,0,0,0,0,0,0,0,0,0,0,0,0,0,0,0,0,0,0,0,0,0,0,0,21,0,0,0,0,0,0,0,0,0,0,0,0,0,0,0,0,1,0,0,0,0,0,0,0,0,0,0,0,0,0,0,3,0,0,0,0,0,0,0,0,220,0,0,0,22,0,0,0,0,0,0,0,0,0,6,0,0,0,0,0,0,0,0,0,0,0,0,0,0,0,0,0,0,0,0,0,0,0,754,0,0,0,0,0,0,0,0,0,0,0,0,4,0,0,10,0,0,0,0,0,1,0,0,0,0,0,0,0,0,0,0,0,0,0,0,0,0,0,0,0,0,0,0,0,0,0,0,2,0,0,0,0,0,0,0,0,0,0,0,0,0,0,0,0,368,0,0,0,0,0,0,0,0,0,0,0,0,0,0,0,0,0,0,0,0,0,0,0,0,0,7,0,0,0,0,1964,0,0,0,0,0,0,0,0,0,0,0,0,0,0,0,0,0,0,0,0,0,0,0,2,0,0,0,0,0,0,0,0,0,0,0,0,0,0,0,0,0,0,0,0,0,0,0,0,0,0,0,0,0,0,0,0,0,0,0,0,0,0,0,0,120,0,0,113,0,182,0,0,0,0,0,0,0,0,0,0,0,4,0,0,0,0,0,0,0,0,0,0,0,0,0,0,0,0,0,0,0,0,0,0,0,0,0,0,0,0,0,0,0,0,0,0,0,0,0,0,0,0,0,0,0,0,0,0,0,0,0,0,0,0,0,0,0,10,0,0,0,0,0,0,0,0,0,0,0,0,0,0,0,0,0,0,0,0,0,0,0,0,8,2,0,0,0,0,0,0,0,0,0,0,0,57,0,0,0,0,0,0,0,0,0,0,0,0,0,0,5071,0,0,0,0,0,0,0,0,2,0,0,0,0,0,0,0,0,0,0,0,0,0,0,0,0,0,0,0,0,0,0,0,0,0,0,0,0,0,0,0,0,0,0,0,0,0,0,0,0,0,0,0,0,0,0,0,0,0,0,0,0,0,0,0,0,0,0,0,0,0,11,0,0,0,0,0,0,0,0,0,0,13,0,0,0,0,0,0,0,0,0,0,0,0,0,0,0,0,0,0,0,0,0,0,0,0,0,0,0,0,0,0,0,0,0,0,0,0,0,0,0,0,0,0,0,0,0,0,0,0,0,0,11,0,0,0,0,0,0,0,0,0,0,0,0,0,0,0,0,0,0,0,0,0,0,0,0,0,0,3,0,0,0,49,0,0,30,0,0,2,0,2,0,0,0,0,0,6,0,0,0,0,0,0,0,0,0
"D50",0,0,0,0,0,0,0,0,0,0,0,0,0,0,0,0,0,0,0,0,0,0,0,0,0,0,0,0,0,0,0,0,0,0,0,0,0,0,0,0,0,0,0,0,0,0,0,0,0,0,0,0,0,0,0,0,0,0,0,0,0,0,0,0,0,0,0,0,0,0,0,0,0,0,0,0,0,0,0,0,0,0,0,0,0,0,0,0,0,0,0,0,0,0,0,0,0,0,0,0,0,0,0,0,0,0,2,0,0,0,0,0,0,0,0,0,0,0,0,0,0,0,0,0,0,0,0,0,0,0,0,0,0,0,0,0,0,0,0,0,0,0,0,0,0,0,0,0,0,0,0,0,0,0,0,0,0,0,0,0,0,0,0,0,0,0,0,0,0,0,0,0,0,0,0,0,0,0,0,0,0,0,0,0,0,0,0,0,0,0,0,0,0,0,0,0,0,0,0,0,0,0,0,0,0,0,0,0,0,0,0,0,0,0,0,0,0,0,0,0,0,0,0,6,0,0,0,0,0,0,0,0,0,2,0,0,0,0,0,0,0,0,0,0,0,0,0,0,0,0,0,0,0,0,0,0,0,0,0,0,0,0,0,0,0,0,0,0,0,0,0,0,0,0,0,0,0,0,0,0,0,0,0,0,0,0,0,0,0,0,0,0,0,0,0,0,0,0,0,0,0,0,0,0,0,0,0,0,0,0,0,0,0,0,0,0,2,0,0,0,0,0,0,0,0,0,0,0,0,0,0,0,0,0,0,0,0,0,0,0,0,0,0,0,0,0,0,0,0,0,0,0,0,0,0,0,0,0,0,0,0,0,0,0,0,0,0,0,0,0,0,0,0,0,0,0,0,0,0,0,0,0,0,0,0,0,0,0,0,0,0,0,0,0,0,0,0,0,0,0,0,0,0,0,0,0,0,0,0,0,0,0,0,0,0,0,0,0,0,0,0,0,0,0,0,0,0,0,0,0,0,0,0,0,0,0,0,0,0,0,0,0,0,0,0,0,0,0,0,0,0,0,0,0,0,0,0,0,0,0,0,0,0,0,0,0,0,0,0,0,0,0,0,0,0,0,0,0,0,0,0,0,0,0,0,0,0,0,0,0,0,0,0,0,0,0,0,0,0,4,0,0,0,0,0,0,0,38,0,0,0,0,0,0,0,0,0,0,0,0,0,0,0,0,2,0,0,0,0,0,0,0,0,0,0,0,0,0,0,0,0,0,0,0,0,0,0,0,0,0,0,0,0,0,0,0,0,0,0,0,0,1267,0,0,0,0,0,0,0,0,0,0,0,0,0,0,0,0,473,0,0,0,0,0,0,0,0,0,0,0,0,0,0,0,0,0,0,0,0,0,0,0,0
"D51",9,6,0,1456,0,10,68,0,3,0,0,0,0,0,0,0,0,0,0,0,19,2,0,0,9,94,0,0,0,0,0,4,11,0,0,0,0,0,0,0,0,0,0,0,0,19,0,0,0,0,50,2,48,0,12,0,0,2,0,0,0,13,0,120,0,0,12,0,0,85,0,0,0,19,0,0,0,0,3,0,0,10,0,0,0,0,66,0,0,0,0,0,0,0,0,0,0,0,0,0,0,0,0,6,0,209,1,3,0,0,7111,0,413,0,0,18,4,552,0,0,0,7,0,0,0,0,5,0,0,75,0,21,0,2,0,0,621,0,0,0,0,0,31,0,0,0,0,20,0,1,0,5,0,5,0,22,0,0,0,0,0,0,0,0,45,0,4232,0,0,0,0,0,0,28,0,0,16,0,0,28,0,0,0,37,0,0,2,27,0,0,0,0,0,0,0,0,0,0,0,0,0,0,0,12,0,0,7,0,0,0,2,0,0,0,0,0,165,149,0,0,0,0,0,10,0,0,0,0,0,0,0,0,0,189,0,0,0,0,2,0,0,13,9,0,0,0,0,0,0,2,2,0,0,0,0,0,0,0,2691,15,0,111,0,0,0,0,0,0,0,0,0,0,37,0,0,27,0,0,4,0,10,2,23,0,0,8,2,0,0,0,0,4,0,0,0,0,0,0,0,0,0,0,0,0,20,3,0,4,0,0,0,46,0,0,0,299,0,0,8,0,0,0,0,0,0,0,0,0,0,0,0,0,117,0,0,0,0,5,0,0,0,0,61,0,3,4,0,3,44,0,0,0,0,10,3,111,13,0,32,0,0,6,0,0,0,4,0,0,0,2,37,0,0,0,0,0,0,0,0,336,4,0,0,0,0,0,0,0,0,0,0,0,0,0,0,0,0,0,0,0,0,0,5,0,0,0,0,0,875,0,190,2,0,0,115,0,0,0,0,0,0,0,0,0,0,0,0,7,0,4,0,0,0,0,0,0,0,0,3,0,10,0,0,0,0,0,0,0,0,0,1,136,0,0,0,0,0,0,0,0,4,0,233,0,14,0,0,0,0,0,0,0,0,4,0,0,0,0,0,463,428,0,22,0,0,0,0,0,0,0,0,0,0,0,0,0,9,0,0,0,0,0,17,0,0,3,0,0,0,1,0,0,0,0,0,0,0,0,0,0,0,0,5,0,13,326,928,0,0,0,0,0,0,0,9,0,115,0,0,0,97,0,0,0,0,0,0,0,0,0,0,0,0,0,4,0,0,0,0,0,61,0,0,0,0,0,3,11,6,6,0,0,0,0,0,0,0,0,0,0,0,0,0,0,0,0,0,0,7,0,0,0,0,0,7,0,0,0,0,0,37,0,0
"D52",0,0,0,0,0,0,0,0,0,0,0,0,0,0,0,0,0,0,0,0,0,0,0,0,0,0,0,0,0,0,0,0,0,0,0,0,0,0,0,0,0,0,0,0,0,0,0,0,0,0,0,0,0,0,0,0,0,0,0,0,0,0,0,0,0,0,0,0,0,0,0,0,0,0,0,0,0,0,0,0,0,0,0,0,0,0,0,0,0,0,0,0,0,0,0,0,0,0,0,0,0,0,0,0,0,0,0,0,0,0,0,0,0,0,0,0,0,0,0,0,0,0,0,0,0,0,0,0,0,0,0,0,0,0,0,0,0,0,0,0,0,0,0,0,0,0,0,0,0,0,0,0,0,0,0,0,0,0,0,0,0,0,0,0,0,0,0,0,0,0,0,0,0,0,0,0,0,0,0,0,0,0,0,0,0,0,0,0,0,0,0,0,0,0,0,0,0,0,0,0,0,0,0,0,0,0,0,0,0,0,0,0,0,0,0,0,0,0,0,0,0,0,0,0,0,0,0,0,0,0,0,0,0,0,0,0,0,0,0,0,0,0,0,0,0,0,0,0,0,0,0,0,0,0,0,0,0,0,0,0,0,4,0,0,0,0,0,0,0,0,0,0,0,0,0,0,0,0,0,0,0,0,0,0,0,0,0,0,0,0,0,0,0,0,0,0,0,0,0,2,0,0,0,0,0,0,0,0,0,0,0,0,0,0,0,0,0,0,0,0,0,0,0,0,0,0,0,0,0,0,0,0,0,0,0,0,0,0,0,0,0,0,0,0,0,0,0,0,0,0,0,0,0,0,0,0,0,0,0,0,0,0,0,0,0,0,0,0,0,0,0,0,0,0,0,0,0,0,0,0,0,0,0,0,0,0,0,0,0,0,0,0,0,0,0,0,0,0,0,0,0,0,0,0,0,0,0,0,0,0,0,0,0,0,0,0,0,0,0,0,0,0,0,0,0,0,0,0,0,0,0,0,0,0,0,0,0,5,0,0,0,0,0,0,0,0,0,0,0,0,0,2,0,0,0,0,0,0,0,0,0,0,0,0,0,0,0,0,0,0,0,0,0,0,0,0,0,0,0,0,0,0,0,0,0,0,0,0,0,0,0,0,0,0,0,0,0,0,0,0,0,2,0,0,0,0,0,0,0,0,0,0,0,0,0,0,0,0,0,0,0,0,0,0,0,0,0,0,0,0,0,0,0,0,0,0,0,0,0,0,0,0,0,0,0,0,0,0,0,0,0,0,0,0,0,0,0,0,0,0,0,0,0,0,0,0,0,0,0,0,0,0,0,0,0,0,0,0,0,0,0,0,0,0,0,0,0,0,0,0,0,0,0,0,0,0,0,0,0,0,0,0,0
"D53",16,0,0,0,0,0,0,0,23,0,0,0,0,0,0,0,0,0,0,0,0,0,0,0,0,0,0,0,0,0,0,0,0,0,0,0,0,0,0,0,0,0,0,0,0,0,0,0,0,0,0,10,0,0,0,0,0,0,0,0,0,0,0,0,0,0,0,0,0,0,0,0,0,0,0,0,0,0,0,0,0,0,0,0,0,0,0,0,0,0,0,0,0,0,0,0,0,0,0,0,0,0,0,0,0,0,0,0,0,0,31,0,0,0,0,0,0,0,0,0,0,0,0,0,0,0,0,0,0,0,0,0,0,0,0,0,0,0,0,0,0,0,0,0,0,0,0,0,0,0,0,0,0,0,0,2,0,0,0,0,0,13,0,0,0,0,14,0,0,0,0,0,0,18,0,0,0,0,0,0,0,0,0,0,0,0,0,12,0,0,0,0,0,0,0,0,0,0,0,0,0,0,0,0,0,0,0,0,0,0,0,0,0,0,0,0,0,0,0,0,0,0,0,0,0,0,0,0,0,0,0,0,0,0,0,0,0,0,0,0,0,0,0,0,0,0,0,0,0,0,0,0,0,0,0,0,0,0,0,0,0,42,0,0,0,0,0,0,0,0,0,0,0,0,0,0,0,0,0,0,0,0,33,0,0,0,0,0,0,0,0,0,0,0,0,0,0,0,0,770,0,0,0,0,0,0,0,0,0,0,0,0,0,0,0,0,0,0,0,0,0,0,0,0,0,0,0,0,0,0,0,0,0,0,0,0,0,0,0,0,0,0,0,0,0,0,0,0,0,0,0,0,0,0,0,0,0,0,0,0,0,0,0,0,0,0,0,0,0,0,0,0,0,0,0,0,0,0,0,0,0,0,0,0,0,0,0,0,0,0,0,0,0,0,0,0,0,0,0,0,0,0,0,0,0,0,0,0,0,0,0,0,0,0,0,0,0,0,0,0,0,0,0,0,0,0,0,0,0,0,0,0,0,0,0,0,0,0,0,0,15,0,0,0,0,0,0,0,0,0,0,0,0,0,0,0,0,0,0,0,0,0,0,0,0,0,0,0,0,0,0,5,0,0,0,0,0,0,0,0,0,0,0,0,0,0,0,0,0,0,0,0,0,0,0,0,0,0,0,0,0,0,92,0,0,0,0,0,0,0,0,0,0,0,0,0,0,0,0,0,4,0,0,0,596,0,0,0,0,0,0,0,0,0,0,0,0,0,0,0,0,0,0,0,0,0,0,0,0,0,0,0,0,0,0,0,0,0,0,0,0,0,0,0,0,0,0,0,0,0,0,0,0,0,0,0,0,0,0,0,0,0,0,0,0,0,0,0,0,0,0,0,0,0,0,0,0,0,0,0,0,0,0
"D54",0,0,128,0,0,4,0,5,0,22,0,0,31,7,0,46,40,0,275,0,0,0,0,20,0,0,0,0,12,0,526,0,0,0,0,14,0,24,7,18,0,0,0,3,3,0,1,50,0,0,0,33,0,1,7,0,0,0,0,47,0,0,29,0,3,13,1,0,5,0,14,0,0,0,42,3,125,450,0,0,0,2,0,0,171,11,0,3,0,3,0,24,0,6,4,0,0,11,0,64,54,40,0,0,88,0,0,15,784,2,0,30,0,4,74,0,0,0,0,0,0,3,71,0,52,2,0,198,5,0,0,0,0,0,41,81,0,0,36,0,5,0,0,2,11,0,0,0,17,0,0,0,0,53,220,0,0,80,23,0,18,0,0,0,0,4,0,364,23,0,0,0,16,0,7,4,0,51,14,0,3,0,0,0,0,0,0,0,0,3,27,0,39,65,8,6,5,3,0,22,6,0,143,0,12,0,0,28,28,0,0,2,0,12,0,0,0,0,0,5,53,6,1,0,0,0,23,2,17,0,0,0,34,0,0,0,0,0,33,0,0,0,0,2,20,0,0,86,0,0,0,0,75,87,190,0,0,0,0,0,42,0,0,235,0,25,0,28,18,5,13,0,0,0,12,0,180,27,0,1,302,0,50,2,9,0,0,0,0,0,7,0,0,2,4,0,7,4,0,49,7,0,131,0,0,0,2,57,45,0,0,0,28,25,0,0,0,0,0,51,0,3,0,4,58,0,0,4,5,59,11,183,0,34,0,1,236,398,0,0,7,0,0,71,0,106,44,0,0,0,33,0,35,0,1,0,0,3,0,88,0,0,13,125,72,0,0,0,14,0,0,0,6,11,56,0,0,172,5,0,0,35,4,13,0,0,0,0,13,15,102,2,0,1488,0,0,30,0,0,0,1915,2,18,6,64,55,0,42,0,23,0,0,21,16,0,0,26,12,0,6,84,0,31,22,2,19,0,0,13,0,0,9,0,23,0,201,22,0,0,0,0,88,0,1,167,0,26,0,0,121,0,0,0,0,0,0,5,20,12,11,0,16,0,0,0,0,4,4,0,0,905,0,0,197,0,0,0,0,1,0,0,33,0,20,63,0,6,0,513,182,0,0,0,5,0,0,0,0,0,0,0,0,1,6,8,720,0,0,4,0,0,1,0,98,3,0,18,63,62,4,20,0,0,142,0,0,0,73,289,654,4,45,0,12,0,0,0,0,5,0,0,5,2,1,5,6,13,0,11,0,25,2,0,37,3,3,0,47,0,169,0,0,0,1,56,30,291,0,0,0,40,12,0,13,0,2,0,133,0,8,0,0,0,0,45,48,149,31,0,2,19,14,5,0,649,0,0,5,0,0,0,0,0
"D55",0,0,3,0,0,0,0,73,0,3,0,0,0,4,0,2,0,0,455,0,0,0,0,6,0,0,0,0,0,5,210,0,0,0,0,18,0,1,12,0,0,0,0,128,0,0,0,0,0,0,0,15,37,1,0,35,0,0,0,2,33,0,3,0,0,0,0,0,5,0,3,0,3,0,10,0,0,71,0,0,0,1,0,0,33,0,2273,0,0,0,0,0,0,0,0,0,0,4,0,0,4,0,0,0,3,0,0,4,1,0,0,0,0,2,20,0,0,0,0,0,0,3,0,0,2,1,0,5,0,0,0,0,0,0,3,29,0,0,0,0,0,0,0,0,0,0,2,0,6,0,0,0,0,3,2,0,0,45,9,1,0,0,0,0,0,13,0,0,0,0,0,0,0,0,0,3,0,5,4,8,23,0,24,2,9,0,0,0,0,6,50,0,0,0,2,3,4,0,2,4,0,0,207,0,7,0,0,52,15,2,0,0,0,0,0,0,0,0,0,0,2,0,0,0,0,0,39,0,10,6,0,85,0,0,2,0,0,0,0,0,0,0,0,0,0,0,0,0,0,0,0,0,0,13,0,0,0,6,0,0,0,0,0,0,0,2,0,20,0,0,0,0,0,22,8,0,12,0,0,2,10,0,0,0,0,0,0,0,0,0,41,0,0,0,4,0,0,0,0,257,0,0,0,0,0,0,0,0,24,0,0,0,35,0,2,2,0,0,0,0,0,5,4,2,0,0,0,0,0,0,0,152,113,0,0,0,0,122,0,15,0,0,0,0,0,0,0,0,0,0,71,0,32,0,0,0,0,0,0,1,0,0,0,107,12,0,0,0,0,0,0,0,0,27,303,0,3,0,0,0,0,2,0,0,0,0,42,0,8,4,53,0,0,84,0,0,0,0,0,0,0,1,0,0,47,4,0,10,0,0,0,0,5,0,0,0,0,0,0,0,6,0,0,15,0,0,0,0,0,0,0,3,3,0,0,0,0,0,0,0,0,8,0,6,119,0,0,0,0,18,0,0,0,0,0,0,6,13,0,0,0,0,0,0,0,0,3,0,0,0,466,0,0,0,0,0,0,7,0,0,0,0,0,5,5,0,1,0,7,81,0,0,0,0,0,0,0,3,0,0,0,0,1,0,0,595,0,0,0,0,0,0,0,121,5,0,0,36,18,0,0,0,0,0,1,0,0,21,108,14,3,3,1,3,0,0,0,0,0,0,0,0,0,0,0,10,2,0,0,12,7,0,0,0,0,0,0,0,0,14,0,0,111,0,17,4,79,0,0,0,10,0,0,12,0,0,0,0,13,0,0,0,0,0,22,0,11,3,0,10,2,0,2,0,292,0,0,0,0,0,0,0,0
"D56",0,0,0,0,0,0,2,0,0,0,0,0,0,0,0,0,0,0,0,0,4,0,0,0,0,0,0,0,0,0,0,0,0,0,0,0,2,0,0,0,0,0,0,0,0,0,0,0,320,0,0,0,0,0,0,0,0,0,0,0,0,0,0,0,0,0,4,0,0,0,0,0,0,0,0,0,0,0,0,0,0,0,0,0,0,13,0,0,0,2,0,0,0,0,2,0,0,0,0,0,0,0,0,52,0,0,0,0,0,0,14,0,0,0,0,0,0,0,0,0,0,0,0,0,0,0,0,0,0,0,0,0,0,0,0,0,0,73,0,0,0,0,0,0,0,0,0,0,0,0,0,0,0,2,0,0,0,0,0,0,0,0,0,0,0,0,0,0,0,0,0,0,0,0,0,0,0,0,0,0,0,7,0,0,0,0,0,0,0,0,0,0,0,11,0,0,0,0,0,0,0,8,0,0,0,0,0,0,0,0,0,0,0,0,0,0,0,0,0,0,0,0,0,0,6,0,0,0,0,0,0,0,0,2,0,0,0,0,3,0,0,0,0,0,0,0,0,0,0,0,0,0,0,0,0,0,0,0,0,0,0,0,0,0,0,0,0,0,0,0,0,0,0,0,0,0,0,0,0,0,5,0,0,0,0,0,2,0,0,0,0,0,77,0,3,0,0,0,0,0,0,0,0,0,0,0,0,0,0,0,0,0,0,0,0,0,0,0,0,0,0,0,0,0,0,0,0,0,0,0,0,0,0,0,0,0,0,0,8,0,0,0,0,0,0,0,4,0,0,0,0,0,2,0,0,0,0,0,0,0,0,0,0,0,0,0,0,0,0,0,2,0,0,0,0,0,0,0,0,0,0,0,0,0,0,0,0,2,0,0,0,0,0,0,0,0,0,0,1790,0,0,0,1,0,0,0,0,0,0,0,0,0,0,0,0,0,0,0,0,0,0,0,0,0,0,0,0,0,0,0,0,0,0,0,0,0,0,0,0,4,0,0,19,0,0,0,0,0,0,0,3,0,0,0,0,0,0,0,0,0,0,0,0,0,0,0,0,0,0,0,0,0,0,0,0,0,0,5070,0,0,0,0,0,0,0,0,0,0,0,0,0,0,0,0,0,0,5,0,0,0,0,0,0,0,0,0,0,0,0,0,2,0,0,0,0,0,0,0,0,0,0,0,0,0,0,0,0,0,0,0,0,0,0,0,0,0,0,0,0,0,0,0,0,0,0,0,0,0,0,0,0,0,0,1990,0,0,0,0,0,0,0,0,0,0,0,0,0,0,0,0,0,235,0,0,0,0,0,0,0,0,0,0,0,0,0,0,0,0,0,0,0,0,0,0,0,0,0,0,0,0,0,0,0
"D57",0,37,103,0,3,1,0,0,0,2,27,297,0,6,0,0,0,0,0,0,0,5,0,19,7,0,0,0,22,0,73,0,0,0,20,0,0,3,4,22,0,0,2,103,11,0,0,44,0,14,0,5,231,0,3,0,71,12,0,0,0,0,0,0,0,20,0,0,21,74,11,0,0,0,0,4,0,55,8,0,0,0,0,1,0,0,2,0,15,0,3,0,1,0,0,0,0,5,0,38,13,2,0,0,14,0,0,73,240,0,0,0,0,2,18,13,52,0,0,208,2,3,0,0,53,0,3,0,0,0,0,0,8,0,11,131,0,0,2,0,0,0,0,0,2,3,9,0,34,0,0,19,58,41,28,0,0,211,30,7,48,0,63,18,53,8,0,69,0,5,0,0,0,49,1,0,4,0,2,66,8,46,12,7,0,10,3,0,11,0,0,0,6,0,0,0,1,33,0,4,5,0,21,0,149,0,0,37,44,34,0,0,0,179,0,6,0,0,0,1,0,7,0,0,0,303,14,127,18,0,0,0,1,0,5,0,11,0,11,2,0,0,0,0,0,8,0,55,0,0,1,0,0,16,0,3,0,0,0,0,88,7,0,6,33,0,0,5,28,2,4,0,0,17,7,13,0,0,0,96,226,0,0,0,6,51,0,0,0,3,24,0,0,95,0,2,26,22,0,4,20,0,3,40,1,0,0,113,52,6,11,0,149,18,5,0,0,0,0,0,0,6,31,4,0,20,2,0,11,715,0,28,108,0,0,0,54,27,0,0,57,8,0,3,34,130,4,33,0,0,17,18,67,0,2,0,2,7,0,0,0,5,2,30,1,0,61,9,0,28,3,26,4,0,798,7,7,0,18,0,0,0,6,0,0,0,769,0,49,0,81,2,34,47,11,173,0,1,0,0,0,11,0,0,176,119,0,0,0,25,0,170,7,2,0,0,0,16,0,0,0,8,26,0,0,20,7,86,4,0,5,0,0,0,0,240,6,0,0,1,13,13,0,28,0,0,0,1,0,5,4,0,0,0,138,0,22,24,0,66,0,122,0,2,0,10,6,0,0,14,376,10,14,44,70,0,0,0,1,0,0,18,0,4,2,0,0,0,0,70,0,0,1,0,0,0,0,11,0,0,0,0,0,8,0,1356,0,0,0,0,4,40,2,146,0,2,3,31,19,20,0,0,10,0,0,0,0,9,93,86,4,5,52,4,0,6,0,18,10,64,0,3,0,0,1,2,14,0,10,0,11,2,46,0,0,2,0,0,0,121,0,0,73,7,4,16,211,0,0,2,2,0,6,11,4,0,0,94,52,1,15,5,0,1,657,0,0,38,0,0,0,0,0,0,1154,0,0,9,0,0,78,184,0
"D58",0,0,0,0,2,0,18251,0,0,0,0,0,0,0,0,0,0,0,0,0,0,0,0,0,0,0,0,0,0,0,0,0,0,0,0,0,0,0,0,0,0,0,0,0,0,0,0,0,0,0,0,0,0,0,0,0,0,0,0,0,0,0,0,0,0,0,0,0,0,0,0,0,0,0,0,0,0,0,0,0,0,0,0,0,0,0,0,0,0,0,0,0,0,0,0,0,0,0,0,0,0,0,0,0,0,0,0,0,0,0,0,0,0,0,0,0,0,0,0,0,0,0,0,0,0,0,0,0,0,0,0,0,0,0,0,0,0,0,0,0,0,0,0,0,0,0,0,0,0,0,29689,0,0,0,0,0,0,0,0,0,0,0,0,0,0,0,0,0,0,0,0,0,0,0,0,0,0,0,0,0,0,0,0,0,0,0,0,0,0,0,0,0,0,0,0,0,0,0,0,0,0,0,0,0,0,0,0,0,0,0,0,0,0,0,0,0,0,0,0,0,0,0,0,0,0,0,0,0,0,0,0,0,0,0,0,0,0,0,0,0,0,0,0,0,0,0,0,0,0,0,0,0,0,0,0,0,0,0,0,0,0,0,0,0,0,0,0,0,0,0,0,0,35,0,0,0,0,0,0,0,0,0,0,0,0,0,0,0,0,0,0,0,0,0,0,0,0,0,0,0,0,0,0,0,0,0,0,0,0,0,0,0,0,0,0,0,459,0,0,0,0,0,0,0,0,0,0,0,0,0,0,0,1394,0,0,0,0,0,0,0,0,0,0,0,0,0,0,0,8821,0,0,0,0,0,0,0,0,0,0,0,0,0,0,0,0,0,0,0,0,0,0,0,0,0,0,0,0,0,0,0,0,0,0,0,0,0,0,0,0,0,0,0,0,0,0,0,0,0,0,0,0,0,0,0,0,0,0,0,0,0,0,0,0,0,0,0,0,0,0,0,0,0,0,0,0,0,0,0,0,0,0,0,0,0,0,0,0,0,0,0,0,0,0,0,0,0,0,0,0,0,2905,0,0,0,0,0,0,0,0,0,3,0,0,0,0,0,0,0,0,0,0,3,0,0,0,0,0,0,0,0,0,0,0,0,0,1,0,0,0,0,0,0,0,0,0,0,0,0,0,0,0,0,0,0,0,0,0,0,0,0,0,0,0,0,0,0,0,0,0,0,0,0,0,0,0,0,0,0,0,0,0,0,0,0,0,0,0,0,0,0,0,0,0,0,0,0,0,0,0,0,0,0,0,0,0,0,0,0,0,0,0,0,0,0,0,0,0,0,0,2,0,0,0,0,0,0,0,0,0,0,0,0,0,0,0,0,0,0,0,0,0,0,0,0,0,0,0,0,0,0,0,0,0
"D59",6,0,6,0,5,0,0,46,0,1,0,0,6,13,3,0,33,3,22,2,0,0,0,1,0,0,0,6,0,3,72,0,5,3302,0,0,0,0,16,0,8,0,0,26,0,1,15,0,5,18,0,31,0,15,1,0,7,0,0,0,0,0,2,0,41,0,9,0,0,0,14,0,0,0,0,0,12,44,0,0,0,0,0,0,23,3,22,7,0,0,0,1,5,21,7,0,2,9,4,68,14,1,0,10,0,0,0,8,9,0,0,2,0,0,0,5,0,0,10,2,0,6,0,0,9,4,8,292,6,0,0,0,11,0,4,0,0,0,0,0,15,0,0,12,39,0,0,28,17,0,0,0,0,26,15,0,59,1,0,0,0,0,0,0,0,4,0,11,16,0,0,42,12,0,0,4,7,0,0,0,3,0,0,3,0,0,0,0,0,0,0,0,0,19,0,0,24,5,0,8,0,0,13,0,0,0,0,12,0,14,12,0,0,0,2,0,0,0,0,0,0,3,7,0,0,0,2,6,0,0,0,3,72,0,25,0,0,0,1,0,0,0,0,14,0,0,3,0,0,0,9,0,17,14,46,0,0,0,0,0,0,0,0,2,10,34,0,4,4,1,0,0,0,0,3,0,0,0,0,21,115,0,0,5,0,0,17,5,0,6,4,0,0,0,22,2,0,3,0,192,18,0,48,0,4,0,14,0,0,0,17,0,0,0,6,0,0,0,0,10,0,0,0,0,4,0,0,0,0,5,9,5,2,0,0,0,0,0,1,18,0,0,27,0,0,41,15,0,14,0,12,0,18,0,0,0,0,0,0,0,6,0,34,3,0,0,19,0,0,0,0,0,0,0,0,0,0,104,5,0,3,0,25,16,0,14,0,7,13,0,5,10,0,10,0,0,26,0,0,88,13,2,7,0,11,21,20,0,0,3,0,0,16,19,0,0,0,4,0,8,36,0,0,1,9,0,11,0,14,0,3,0,0,11,0,66,48,0,0,0,0,0,0,3,0,0,19,0,8,0,0,0,0,0,0,0,71,4,62,0,0,0,0,0,49,0,2,0,1,0,0,0,0,0,0,0,0,0,5,0,0,8,0,5,12,14,2,0,10,13,10,0,0,0,0,0,0,3,0,0,0,0,13,3,17,44,0,0,0,5,8,0,0,4,0,0,0,18,0,0,0,21,0,0,0,0,0,0,14,54,0,3,0,9,1,0,0,0,0,0,0,0,0,0,2,0,0,0,20,0,9,0,0,0,12,0,0,8,4,30,0,0,0,13,11,4,73,0,5,2,11,1,4,5,0,25,0,0,0,27,7,0,8,0,0,1,3,10,0,0,9,7,6,0,37,0,0,15,2,0,0,9,0
"D60",0,167,0,0,6,11,0,17,0,0,0,0,0,17,0,0,26,14,0,0,0,29,0,0,0,0,0,0,38,3,0,0,303,0,0,0,0,0,2,127,0,0,485,0,41,0,0,0,364,0,0,0,218,0,0,13,15,0,5,163,0,0,107,0,0,0,18,0,4,5,0,0,0,0,0,0,61,0,13,0,0,0,2,5,50,0,0,0,59,0,1,763,0,0,0,29,0,0,0,8,42,0,0,0,0,0,3,8,375,32,0,0,0,5,5,1,0,0,0,0,717,0,0,0,18,0,0,0,0,0,18,0,0,0,0,21,0,0,0,0,0,0,0,0,0,16,17,0,15,0,0,2,156,250,0,0,0,4,43,152,13,0,72,35,0,0,0,1,0,7,0,2,1,0,0,25,0,0,0,79,0,0,0,0,0,39,1,0,26,142,0,106,0,0,0,5,0,0,0,2,2,0,0,0,3,0,0,0,0,23,0,14,0,37,0,0,0,0,8,1,0,31,0,6,0,1507,0,315,0,0,0,0,0,0,0,0,20,743,81,0,0,5,0,0,0,2,6,0,0,0,0,14,6,2,0,34,0,1,0,0,9,0,1666,0,1,0,0,0,1,10,0,126,0,6,0,0,0,19,1,0,1647,0,0,87,0,0,0,2,0,0,11,0,0,59,0,0,0,4,0,47,4,0,514,155,0,0,0,781,98,270,0,0,17,1,73,0,2,30,0,0,25,13,4,0,0,0,0,2,71,2,0,43,0,60,881,120,0,563,0,3,33,0,0,134,10,1,0,0,0,39,152,84,9,0,0,0,0,6,0,6,0,0,2,0,0,0,51,2,0,0,72,13,7,2,33,0,70,86,0,0,0,0,0,0,0,0,82,0,0,0,0,0,4,0,58,0,0,0,0,0,0,6,0,0,0,0,0,0,0,0,2,69,0,3,0,0,0,0,0,7,0,0,0,0,0,50,0,257,0,0,32,0,0,0,0,481,0,0,0,0,24,0,0,199,0,0,0,0,3,0,0,0,0,0,7,0,6,0,34,6,0,0,0,0,187,0,3,79,13,10,0,6,5,315,5,0,0,0,0,0,0,17,0,0,8,0,0,0,0,0,0,7,0,1,13,0,0,25,0,171,0,0,0,1,0,509,3176,0,5,207,74,4,0,57,0,0,0,52,10,28,14,0,1705,0,0,0,0,15,0,57,10,0,0,0,0,90,0,66,61,8,0,0,0,4,34,0,27,0,711,0,6,0,36,0,0,2,30,4,0,0,0,0,26,0,0,0,159,0,0,6,3,0,0,18,72,0,37,0,2889,0,0,85,0,2,0,0,0,6,0,0,0,0,8,0,189,0,0,0,4,0,0,0,0
"D61",0,0,0,189,0,0,170,0,0,0,0,0,0,0,0,0,0,0,0,0,53,0,4,0,0,19,0,5,0,0,0,4,7,0,0,0,0,0,0,0,3,0,0,0,0,0,0,0,0,0,7424,2,5,0,0,0,0,0,0,0,0,0,0,123,0,0,0,0,0,4,0,0,0,0,0,0,0,0,0,0,0,18,0,0,0,0,94,0,0,0,0,0,0,0,0,0,0,0,0,0,0,0,0,0,0,365,0,0,0,0,5612,0,1959,0,0,0,0,139,0,0,0,0,4,0,0,0,0,0,0,26,0,73,0,1,0,0,441,0,0,0,0,1240,18,0,0,0,0,0,0,0,0,0,0,0,0,50,0,0,0,0,0,0,0,0,1,0,614,0,0,0,0,0,0,0,0,0,0,0,0,8,0,0,0,0,0,0,3,17,0,0,0,0,0,0,0,0,0,0,0,0,0,0,0,2,0,0,0,0,0,0,0,0,0,0,0,0,826,30,0,0,0,0,0,0,0,8,0,0,0,0,0,0,0,9714,0,0,0,0,0,0,0,0,0,0,0,816,0,0,0,26,0,0,0,0,0,0,0,0,2679,0,0,145,0,0,0,0,0,0,0,0,0,0,0,0,0,0,0,0,0,0,3,115,0,0,0,0,3,0,0,0,0,0,0,0,0,0,0,0,0,0,0,0,0,0,0,19,0,0,0,0,0,0,0,0,0,227,0,0,26,0,0,0,0,0,0,0,0,0,0,0,0,0,324,0,0,0,0,0,0,0,0,0,4,0,0,0,0,0,2537,0,0,0,0,0,0,85,0,0,0,0,0,18,0,0,0,4,0,0,0,1,22,0,0,0,0,0,0,0,0,217,27,0,0,0,6,960,0,0,0,0,0,0,0,0,0,0,0,0,0,0,0,0,0,0,0,0,0,0,113,0,22,0,0,0,8,0,0,0,0,0,0,0,0,0,0,0,0,0,0,2,0,0,0,0,0,0,2,0,0,25,7,0,0,0,0,0,0,0,0,0,0,1616,26,0,0,0,0,0,0,0,1,0,250,0,8,0,0,0,0,0,0,4,0,0,0,1,0,0,0,123,23,0,0,0,0,0,0,0,0,0,0,0,0,1,2,0,0,0,0,0,0,0,0,0,0,0,0,0,0,0,0,0,0,0,0,0,0,0,0,0,0,0,0,0,188,67,255,0,0,0,0,0,0,0,0,0,29,0,0,0,9,0,0,0,0,0,0,0,0,0,0,0,0,0,0,0,0,0,0,0,10,0,0,0,0,0,0,0,707,20,0,0,0,0,0,0,0,0,0,0,0,0,0,0,0,0,0,0,263,0,0,0,0,0,0,0,0,3,0,0,1273,0,23
"D62",0,0,0,0,0,0,0,0,0,0,0,0,0,0,0,0,0,0,0,0,0,0,0,0,0,3283,0,0,0,0,0,0,0,0,0,0,0,0,0,0,0,483,0,0,0,0,0,0,0,0,0,0,0,0,0,0,0,0,0,0,0,0,0,0,0,0,0,0,0,0,0,0,0,3,0,0,0,0,0,0,0,0,0,0,0,0,0,0,0,0,0,0,0,0,0,0,0,0,0,0,0,0,0,0,0,146,0,0,0,0,0,0,0,0,0,0,0,4070,0,0,0,0,0,12,0,0,0,0,0,0,0,0,0,1,0,0,0,0,0,0,0,0,103,0,0,0,0,0,0,0,0,0,0,0,0,0,0,0,0,0,0,0,0,0,0,0,0,0,0,0,0,0,0,0,0,0,0,0,0,0,0,0,0,0,0,0,0,0,0,0,0,0,0,0,0,0,0,0,0,0,0,0,0,19,0,0,0,0,0,0,0,0,0,0,0,0,355,568,0,0,0,0,0,0,0,0,0,0,0,0,0,0,0,0,0,0,0,0,0,0,0,0,0,0,0,0,0,0,0,0,0,0,0,0,0,0,0,0,1823,970,0,0,0,0,0,0,0,0,0,0,0,0,0,0,0,0,0,0,0,0,0,0,0,0,0,0,0,0,0,0,0,0,0,0,0,0,0,0,0,0,0,0,0,0,0,0,0,0,0,0,0,4467,0,0,0,0,0,0,0,0,0,0,0,0,0,0,0,0,0,0,0,0,0,0,0,0,0,0,0,0,0,0,0,0,0,0,0,0,0,0,0,0,0,0,0,271,0,0,492,0,0,0,0,0,0,0,0,0,0,0,0,0,0,0,0,0,0,0,0,0,0,0,0,0,0,0,0,0,0,0,0,0,0,0,0,0,0,0,0,0,0,0,0,0,0,0,0,0,0,0,687,0,0,0,6,0,0,0,0,0,0,0,0,0,0,0,0,0,0,0,0,0,0,0,0,0,0,0,0,0,0,0,0,0,0,0,0,0,0,0,0,0,0,0,0,0,0,0,0,0,0,0,0,0,0,0,0,0,0,0,0,0,0,0,0,0,0,0,0,0,10410,0,0,0,0,0,0,0,0,0,0,0,0,0,0,0,0,0,0,0,0,594,0,0,0,0,0,0,0,0,0,0,0,0,0,0,0,0,0,0,0,0,0,0,0,0,0,0,0,0,0,0,0,0,0,0,0,0,0,0,0,0,0,0,0,0,0,0,0,0,0,0,0,0,0,0,0,0,0,0,619,0,0,0,0,0,0,0,0,0,0,0,0,0,0,0,0,0,0,0,0,0,0,0,0,0,0,0,4,0,0,0,0,0,0,0,0,0,0,0,0,0,11
"D63",0,0,0,0,0,0,0,0,0,0,0,0,0,0,0,0,0,0,0,0,0,0,0,0,0,766,0,0,0,0,0,0,0,0,0,0,0,0,0,0,0,1038,0,0,0,0,0,0,0,0,0,0,0,0,0,0,0,0,0,0,0,0,0,0,0,0,0,0,0,0,0,0,0,40,0,0,0,0,0,0,0,0,0,0,0,0,0,0,0,0,0,0,0,0,0,0,0,0,0,0,0,0,0,0,0,233,0,0,0,0,0,0,0,0,0,0,0,3187,0,0,0,0,0,5,0,0,0,0,0,0,0,1,0,4,0,0,0,0,0,0,0,0,150,0,0,0,0,0,0,0,0,0,0,0,0,0,0,0,0,0,0,0,0,0,0,0,0,0,0,0,0,0,0,0,0,0,0,0,0,0,0,0,0,0,0,0,0,0,0,0,0,0,0,0,0,0,0,0,0,0,0,0,0,50,0,0,0,0,0,0,0,0,0,0,0,0,568,626,0,0,0,0,0,0,0,0,0,0,0,0,0,0,0,0,0,0,0,0,0,0,0,0,0,0,0,0,0,0,0,0,0,0,0,0,0,0,0,0,1518,136,0,0,0,0,0,0,0,0,0,0,0,0,0,0,0,0,0,0,0,0,0,0,0,0,0,0,0,0,0,0,0,0,0,0,0,0,0,0,0,0,0,0,0,0,0,0,0,0,0,0,0,262,0,0,0,0,0,0,0,0,0,0,0,0,0,0,0,0,0,0,0,0,0,0,0,0,0,0,0,0,0,0,0,0,0,0,0,0,0,0,0,0,0,0,0,276,0,0,308,0,0,0,0,0,0,0,0,0,0,0,0,0,0,0,0,0,0,0,0,0,0,0,0,0,0,0,0,0,0,0,0,0,0,0,0,0,0,0,0,0,0,0,0,0,0,0,0,0,0,0,2392,0,0,0,26,0,0,0,0,0,0,0,0,0,0,0,0,0,0,0,0,0,0,0,0,0,0,0,0,0,0,0,0,0,0,0,0,0,0,0,0,0,9,0,0,0,0,0,0,0,0,0,54,0,0,0,0,0,0,0,0,0,0,0,0,0,0,0,0,0,6687,0,0,0,0,0,0,0,0,0,0,0,0,0,0,0,0,0,0,0,0,33,0,0,0,0,0,0,0,0,0,0,0,0,0,0,0,0,0,0,0,0,0,0,0,0,0,0,0,0,0,0,0,0,0,0,0,0,0,0,0,0,0,0,0,0,0,0,0,0,0,0,0,0,0,0,0,0,0,0,433,0,0,0,0,0,0,0,0,0,0,0,0,0,0,0,0,0,0,0,0,0,0,0,0,0,0,0,0,0,0,0,0,0,0,0,0,0,0,0,0,0,28
"D64",0,0,0,0,0,0,0,5,0,0,0,0,0,0,6,0,0,0,0,0,0,0,0,0,0,0,35,0,0,0,103,0,0,138,0,0,0,0,0,0,2,0,0,32,0,0,0,0,3,0,0,78,0,13,5,0,0,0,0,0,0,0,0,0,354,0,4,0,0,0,0,337,185,0,0,0,0,1,0,0,3730,0,0,0,0,55,0,30,0,123,0,0,0,0,6,0,11,0,0,0,0,0,37,11,0,0,0,0,0,0,2,0,0,0,0,0,0,0,5,0,0,0,0,0,0,0,3,1209,0,0,0,0,0,0,0,0,0,25,0,0,0,0,0,0,4,0,0,0,4,0,0,0,0,0,0,0,0,0,0,0,0,0,0,0,0,0,0,0,3,0,50,0,0,0,0,0,17,0,0,0,0,0,0,0,0,0,0,0,0,0,0,0,0,0,0,0,0,0,0,0,0,4,0,0,0,0,0,0,0,0,0,0,0,0,0,0,0,0,0,0,93,0,0,0,3,0,0,1,0,0,2066,13,14,0,0,0,0,0,0,0,0,0,0,0,1,0,0,0,31,0,0,0,0,393,0,0,0,0,0,0,0,0,0,0,0,13,0,0,0,0,0,0,0,0,0,0,0,0,0,0,2,0,4,0,0,0,0,27,279,0,0,0,0,0,4,1,0,0,0,6,0,0,0,0,2,0,0,0,0,0,1,0,0,0,0,0,0,0,0,4,0,0,0,0,0,0,0,0,0,0,3,0,17,0,0,0,0,0,108,0,0,9,0,0,0,0,14,0,0,0,0,0,0,0,0,0,0,0,0,0,2,0,8,0,0,0,0,0,15,0,0,0,0,0,0,0,0,0,0,0,0,0,0,12,2378,4,0,0,2,0,0,5,0,0,0,0,3,0,0,2,17,0,0,88,0,0,3,0,0,0,0,0,2,0,0,460,0,0,0,0,0,0,0,0,3,0,0,0,0,0,0,53,70,8,32,0,40,0,0,0,0,0,38,0,2,0,10,0,0,58,0,0,0,0,0,94,4,0,0,0,0,0,0,0,2,0,0,0,0,0,0,0,0,1040,0,0,58,1003,0,0,0,0,29,0,0,0,2,0,0,0,0,0,0,0,0,0,0,0,153,0,21,0,0,0,27,0,0,0,0,0,0,0,0,0,1695,0,0,2,0,0,0,0,0,0,0,0,0,0,0,0,0,0,0,0,0,0,0,0,0,0,0,0,271,0,0,0,0,0,0,129,0,0,0,4046,0,4,0,0,0,0,0,0,0,0,0,0,2,0,0,0,0,0,0,0,0,0,0,0,0,0,0,0,0,0,0,0,2,0,0,113,370,104,0,0,0,0,0,2,0,0,0,0,0
"D65",0,19,2,0,0,5,18,2,0,0,11,49,0,8,10,4,2,28,21,15,0,6,21,7,0,0,0,0,0,3,46,4,9,0,24,9,0,11,0,147,42,0,59,18,20,0,0,0,27,0,0,1,139,0,5,17,4,0,0,10,6,0,44,11,3,54,6,0,0,2,0,0,0,0,3,43,15,0,20,6,0,0,0,4,0,0,0,0,16,0,0,47,0,0,0,24,0,0,6,53,58,39,0,10,0,0,0,0,246,8,0,4,0,0,12,0,0,0,5,27,17,1,4,0,0,1,4,0,0,0,33,0,2,0,0,26,0,0,2,0,12,0,0,33,5,0,0,4,7,0,0,0,0,26,8,0,4,0,12,15,2,49,1,6,3,7,0,20,9,1,0,6,15,3,0,13,0,1,2,51,7,0,0,0,0,30,10,0,21,35,13,0,11,6,0,2,7,0,1,6,0,0,23,0,18,0,0,34,0,2,0,20,0,21,0,4,0,0,11,3,7,25,0,0,161,60,0,87,1,5,0,2,0,0,0,0,0,10,25,0,0,0,0,11,0,0,2,102,0,0,23,2,0,0,0,0,0,10,0,0,14,0,54,15,11,3,53,0,3,6,2,2,0,1,4,0,3,56,7,0,155,0,0,10,4,0,2,0,0,34,2,0,0,54,177,0,5,8,6,30,37,1,72,160,8,0,48,0,30,0,1,0,71,2,23,0,2,116,0,13,7,12,0,34,7,0,0,2,44,202,3,0,23,0,63,3,0,13,0,6,67,2,0,18,0,52,0,7,9,2,11,14,9,0,0,0,0,4,0,0,6,0,8,0,0,3,21,15,0,10,14,7,0,0,56,24,57,22,3,0,0,104,3,3,0,0,41,0,6,0,0,7,9,0,2,0,0,1,0,3,0,0,0,0,0,12,0,30,0,18,0,0,3,14,0,0,7,0,3,33,8,0,0,0,0,31,0,34,0,0,0,0,0,0,0,19,8,0,0,0,7,24,0,23,17,3,0,16,0,0,0,40,0,0,3,3,0,0,4,44,0,4,0,4,15,0,0,4,12,8,139,0,0,61,2,0,0,0,1,0,0,4,1,0,18,0,0,0,108,0,0,5,3,6,0,0,0,10,0,28,0,0,7,1,0,187,14,0,0,0,14,0,0,106,0,0,5,5,5,4,0,0,110,3,0,0,9475,11,100,10,5,0,0,3,0,56,0,4,37,0,0,0,0,12,12,14,13,2,77,0,2,0,6,0,0,1,0,11,2,97,0,0,26,15,0,0,56,4,0,10,2,7,59,0,5,3,67,32,17,12,0,26,59,2,5,96,11,2,0,0,0,0,34,0,17,17,0,0,3,0,12,0,0
"D66",0,0,0,0,0,0,0,0,0,17,0,0,0,0,0,0,0,0,0,0,0,0,0,0,0,0,874,0,0,0,0,0,0,0,0,0,0,0,0,0,0,0,0,16,0,0,0,0,0,0,0,0,0,0,0,0,0,0,0,0,0,0,187,0,0,0,0,0,0,0,0,449,2,0,0,0,0,0,0,0,0,0,0,0,0,591,0,38,0,47,0,0,0,0,0,0,0,0,0,0,0,0,652,0,0,0,0,0,0,0,0,0,0,0,0,0,0,0,0,0,0,0,0,0,0,0,0,0,0,0,0,0,0,0,0,0,0,5148,0,0,0,0,0,0,0,0,0,0,0,0,0,0,0,0,0,0,0,0,0,0,0,0,0,0,0,0,0,0,0,0,2135,0,25,0,0,0,0,0,0,0,0,0,0,0,1030,0,0,0,0,0,0,0,0,0,0,0,0,0,0,0,0,163,0,0,0,0,0,0,0,0,0,0,0,0,0,0,0,0,0,0,0,0,0,0,0,0,0,0,0,0,3,0,0,0,0,0,0,0,0,0,0,0,0,0,1,0,0,0,2,0,0,0,0,0,0,0,0,0,0,0,0,0,0,0,0,0,0,0,0,0,0,0,0,7,0,0,0,0,0,0,0,0,0,0,0,0,0,0,0,17,0,0,0,0,0,17,0,0,0,0,0,0,0,0,0,0,0,0,0,0,0,0,0,0,0,0,0,0,0,0,0,0,0,0,0,0,0,0,0,0,0,0,0,0,0,0,0,0,868,0,0,0,0,0,0,0,0,0,0,0,0,0,0,0,0,0,0,0,0,0,16,0,51,0,0,0,0,0,127,0,0,0,0,0,0,0,0,0,0,0,0,0,0,0,23,0,0,0,0,0,0,0,0,0,0,0,0,0,2171,0,0,0,0,0,0,0,126,0,0,0,0,0,0,0,0,0,0,0,0,0,0,0,0,0,0,0,0,0,0,0,0,2,454,0,410,0,0,0,0,0,0,0,964,0,0,0,3,0,0,0,0,0,0,0,0,8,0,0,0,0,0,0,0,0,0,0,0,0,0,0,0,0,0,0,0,0,1711,885,0,0,0,0,0,0,0,0,0,0,0,0,0,0,0,0,0,0,0,0,7,0,213,0,0,0,0,0,0,0,0,0,0,0,0,0,0,0,0,0,0,0,0,0,0,0,0,0,0,0,0,0,0,0,0,0,0,0,0,0,0,0,0,0,7,0,0,0,0,0,0,958,0,0,0,0,0,0,0,0,0,0,0,0,0,0,0,0,0,0,0,0,0,0,0,0,0,0,0,0,0,0,0,0,0,0,0,0,0,0,0,10726,0,0,0,0,0,0,0,7,0,0,0,0,0
"D67",0,0,0,0,0,0,0,0,0,0,0,0,0,0,0,0,0,0,0,6,0,0,0,0,0,0,0,0,0,0,0,0,0,110,0,0,0,0,0,0,0,0,0,0,0,0,0,0,0,0,0,0,0,0,0,0,0,0,0,0,0,0,3,0,0,0,0,0,0,0,0,0,0,0,0,0,0,0,0,0,56,0,0,0,0,5,0,0,0,6,0,0,0,0,0,0,0,0,0,0,0,0,0,0,0,0,0,0,0,0,0,0,0,0,0,0,0,0,0,0,0,0,0,0,0,0,0,59,0,0,0,0,0,0,0,0,0,0,0,0,2,0,0,0,0,0,0,0,0,0,0,0,0,0,0,0,0,0,0,0,0,0,0,0,0,0,0,0,0,0,0,0,0,0,0,0,0,0,0,0,0,0,0,0,77,0,0,0,0,0,0,0,0,20,0,0,0,0,0,0,0,0,0,0,0,0,0,0,0,0,0,0,0,0,0,0,0,0,0,0,0,0,0,0,0,0,0,0,0,0,0,0,0,0,0,0,0,0,0,0,0,0,0,0,0,0,0,0,0,0,0,0,0,0,0,0,0,0,0,0,0,0,0,0,0,0,0,0,0,0,0,0,0,0,0,0,0,0,0,0,0,0,0,0,0,0,0,0,0,0,0,0,76,0,0,0,0,0,0,0,0,0,0,0,0,0,0,0,0,0,0,0,0,0,0,0,0,0,0,0,0,0,0,0,0,0,0,0,0,0,0,0,0,0,0,0,0,0,0,0,0,0,0,0,0,0,0,0,0,0,0,0,0,0,0,0,0,0,0,0,0,0,24,0,0,0,0,0,0,0,0,0,0,0,0,0,0,0,0,0,0,0,0,0,0,0,0,69,0,0,0,0,0,0,0,0,0,0,0,24,15,0,0,0,0,0,0,0,0,0,0,0,0,0,0,202,0,0,28,0,0,0,0,0,0,0,0,0,0,0,6,0,0,0,0,0,0,0,0,0,0,0,0,0,0,0,0,0,0,0,0,0,0,0,0,0,0,0,0,0,0,0,0,0,0,0,0,0,0,0,0,0,0,0,0,0,0,606,0,0,0,0,0,0,0,0,0,0,0,0,0,0,0,0,0,0,0,0,24,0,0,0,0,0,0,0,0,0,0,0,0,0,0,0,0,0,0,0,0,0,4,0,0,0,0,0,0,0,0,0,0,0,0,0,0,0,0,0,0,0,0,0,0,0,0,0,0,0,0,0,0,0,0,37,0,0,0,0,0,0,0,0,0,0,0,0,0,0,1,0,0,4,0,0,0,0,0,0,0,0,0,0,2,0,0,0,0,0,0,0,0,0,0,0,0,0,0,0,0,0,0,0,0
"D68",0,0,0,0,0,0,0,0,0,25,0,0,0,0,0,0,0,0,0,0,0,0,0,0,0,0,854,0,0,0,0,0,5,507,0,0,2,0,0,0,0,0,0,0,0,0,0,2,0,0,0,0,0,0,0,0,0,0,0,0,0,0,0,0,0,0,0,0,0,0,0,95,272,0,0,0,0,1,0,0,516,0,0,0,0,1117,0,58,0,5,0,0,0,0,76,0,2,0,0,0,0,0,447,0,0,0,0,0,0,0,0,0,0,0,0,0,0,0,32,0,0,0,0,0,0,0,0,320,0,0,0,0,0,0,0,0,0,286,0,0,0,0,0,0,0,0,0,0,0,0,0,0,0,2,0,0,2,0,0,0,0,0,0,0,0,0,0,0,0,0,5063,0,0,0,0,0,9,0,0,0,0,0,0,3,1470,0,0,0,0,0,0,0,2,0,0,0,0,0,0,0,0,19,0,0,0,0,0,0,0,0,0,0,0,0,0,0,0,0,0,0,0,0,14,0,0,0,0,0,0,0,35,0,82,0,0,0,0,0,0,0,0,0,0,14,0,0,0,0,2,0,0,0,0,0,0,0,0,0,0,0,0,0,0,0,0,0,0,0,0,0,0,0,0,0,0,0,0,0,0,0,0,0,2,0,0,0,2,2,0,0,0,0,0,0,0,0,0,0,0,0,0,0,0,0,0,0,0,0,0,0,0,0,0,0,0,0,0,0,0,0,0,0,0,0,0,0,0,0,0,0,0,0,0,0,0,0,0,0,913,0,0,55,3,0,0,0,0,0,0,0,0,0,0,0,0,0,0,0,0,0,94,0,0,0,0,0,0,0,310,0,0,0,0,0,0,0,0,0,0,0,0,0,0,11,59,0,0,0,2,0,0,2,0,0,0,0,3,0,689,215,0,0,0,0,0,0,23,0,0,0,0,0,0,0,0,772,0,0,0,0,0,0,0,0,29,0,0,0,0,0,0,10,1023,0,745,0,0,0,0,0,0,0,1315,0,0,0,22,0,0,0,0,0,0,0,0,10,0,0,0,0,0,0,0,0,0,0,0,0,0,0,0,0,0,55,0,0,2091,1141,0,0,0,0,0,0,0,0,0,0,0,0,0,0,0,0,0,0,0,0,0,0,193,0,0,0,7,0,0,0,0,0,0,0,0,0,12,0,0,0,0,0,0,4,0,0,0,0,0,0,0,0,0,0,0,0,2,0,0,0,0,0,0,0,267,0,0,0,0,0,0,733,0,0,0,179,0,0,0,0,0,0,0,0,0,0,0,0,0,0,0,0,0,0,0,0,0,0,0,0,0,0,0,0,0,0,0,0,0,0,0,3663,300,0,0,0,0,0,0,0,0,0,0,0,0
"D69",39,0,0,43,0,0,0,0,0,0,0,0,0,0,0,0,0,0,0,0,0,0,0,0,0,0,0,0,0,0,0,0,0,1489,0,0,0,0,0,0,0,0,0,0,0,0,0,0,0,0,0,0,0,58,0,0,0,0,0,0,0,0,0,0,0,0,0,2872,0,0,0,0,0,0,0,0,0,0,0,0,0,0,0,0,0,0,0,0,0,0,0,0,0,0,0,0,0,0,0,0,0,0,0,0,0,0,0,0,0,0,173,0,43,0,0,0,0,0,0,0,0,0,0,0,0,0,0,0,0,0,0,0,0,0,0,0,0,0,0,0,0,0,0,0,0,0,0,0,0,23,32,0,0,0,0,0,0,0,0,0,0,0,0,0,0,0,0,0,0,0,0,0,0,0,0,0,0,0,21,0,0,0,0,766,0,0,0,0,0,0,0,0,0,0,0,0,0,0,0,0,0,0,0,0,0,0,0,0,0,0,0,0,0,0,0,0,0,0,0,0,0,0,0,9812,0,0,0,0,0,0,0,0,0,26,0,0,0,0,11,0,0,2186,0,0,0,0,0,0,0,0,0,0,0,0,0,0,0,0,0,0,0,0,0,0,0,0,0,0,0,0,0,0,0,0,0,0,0,0,0,0,0,0,0,0,0,0,0,0,0,0,0,0,0,0,0,0,0,0,0,0,0,0,0,0,0,0,0,0,0,0,0,0,0,0,0,0,0,0,0,0,0,0,0,0,0,0,0,0,0,0,0,0,0,0,0,0,0,0,49,0,0,0,0,0,0,0,123,0,0,0,0,0,0,0,0,0,0,0,0,0,0,0,0,0,0,0,0,0,0,0,0,0,0,0,0,0,0,0,0,0,15,0,0,0,0,0,0,0,0,0,0,0,0,0,0,0,0,0,0,0,0,0,0,0,0,0,0,0,0,0,0,0,0,0,0,0,0,0,0,0,0,0,0,0,0,0,0,0,0,0,0,0,67,0,0,0,0,0,0,0,0,0,0,0,0,0,11,0,0,0,0,0,0,0,0,0,0,0,0,0,0,0,0,0,0,0,0,0,0,0,0,0,0,0,0,0,0,0,0,68,0,0,0,0,0,0,0,0,0,0,0,0,0,0,0,39,0,0,0,0,0,0,0,0,0,0,0,0,0,0,0,0,0,0,0,0,0,0,0,0,0,0,0,0,0,0,2471,0,0,0,0,0,0,0,0,0,0,0,0,0,923,0,0,0,0,0,0,0,0,0,0,0,0,0,414,0,0,0,0,0,0,2,0,0,0,0,0,0,418,0,0,0,0,0,0,0,0,0,0,0,0,0,0,0,0,0,0,0,0,0,0,0,0,0,0,0,0,0,0,0,179,0,0
"D70",0,0,0,431,0,0,0,0,4,0,0,0,0,0,0,0,0,0,0,0,4,0,0,0,0,110,0,1,3,0,0,0,2,18,0,0,3,0,0,0,0,0,0,0,0,0,0,0,0,0,0,4,2,0,2,0,0,0,0,0,0,0,0,22,0,0,0,16,0,0,0,0,0,90,0,0,0,0,0,0,0,3,0,0,0,0,1,0,0,0,0,0,0,0,0,0,0,0,0,0,0,0,0,0,0,122,0,0,0,0,1594,0,19,0,0,0,0,269,0,0,0,0,0,18,0,0,0,0,0,21,0,25,0,5,0,0,269,0,0,4,0,9,29,0,0,0,0,0,0,5,0,3,0,0,0,149,0,0,0,0,0,1,0,0,6,0,498,0,0,0,0,0,0,0,0,0,0,0,0,2,0,0,0,1322,0,0,0,4,0,0,0,0,0,0,0,0,0,0,0,0,0,0,0,48,0,0,0,0,0,0,0,0,0,0,0,0,95,127,0,0,0,0,0,0,0,0,0,0,0,0,0,0,0,0,0,0,0,0,2,0,0,4,0,0,0,0,0,0,0,5,0,0,0,0,0,0,0,0,2332,53,0,26,0,0,0,0,0,0,0,0,0,0,5,0,0,0,0,0,0,0,4,0,2,0,0,0,8,0,0,0,0,0,0,0,0,0,0,0,0,0,0,0,0,0,0,0,0,0,0,0,0,85,0,0,0,36,0,0,0,0,0,0,0,0,0,0,0,0,0,0,0,0,167,0,0,0,0,0,0,0,0,0,4,0,0,0,4,0,0,0,0,0,0,0,0,49,0,0,33,0,0,0,0,0,0,3,0,0,0,0,4,0,0,0,0,0,0,0,0,40,0,0,0,0,0,0,0,0,0,0,0,0,0,0,0,0,0,0,0,0,0,0,0,0,0,0,0,0,67,0,158,0,0,0,54,0,0,0,0,0,0,0,0,0,0,0,0,0,0,0,0,0,0,0,0,0,0,5,0,0,1,0,0,0,0,0,0,0,0,0,0,222,161,0,0,0,0,0,0,0,3,0,110,0,0,8,0,0,0,0,0,0,3,0,0,0,0,0,0,99,59,0,0,0,0,0,0,0,0,0,0,0,0,0,0,2,0,0,0,0,0,6,6,0,0,0,0,0,2,0,0,0,0,0,0,0,0,0,0,0,0,0,0,0,8,130,113,0,0,0,0,0,0,0,0,0,486,0,0,2,13,0,0,0,0,0,0,2,0,0,0,0,0,0,0,0,0,0,0,0,52,0,0,0,0,0,0,27,3,5,0,0,0,0,0,0,2,0,0,0,0,0,0,0,0,0,0,0,16,0,0,3,0,0,0,0,0,0,0,2,0,0,0
"D71",0,4,29,0,16,0,0,51,0,0,0,0,720,0,11,0,0,0,0,0,6,0,0,0,0,0,0,0,0,4,0,0,0,55,0,11,0,0,2,0,757,0,0,70,0,0,0,0,0,0,0,606,619,16,0,0,0,0,10,0,0,0,117,0,0,0,0,0,5,2896,2,0,2,0,5,0,4,0,0,0,0,0,163,0,2,0,0,0,0,0,0,0,4,0,0,0,0,0,0,0,0,66,0,0,0,0,0,9,0,5,0,0,0,0,0,0,0,2,0,0,0,3,0,0,0,0,0,127,2,0,0,0,0,0,0,0,0,0,20,0,0,0,0,0,0,0,2,68,6,10521,0,0,0,587,2,0,0,6,0,0,0,14,0,0,1889,0,0,1,0,0,3,0,24,0,26,0,0,0,0,235,210,0,0,0,0,0,0,0,0,3,17,1,3,0,5,0,74,0,0,0,0,9,15,0,0,0,0,0,0,0,25,0,0,1,0,0,0,0,0,0,379,0,0,0,174,0,7,0,3,62,0,186,0,0,0,0,0,0,0,0,0,0,0,136,0,0,0,0,0,0,0,0,0,3,0,0,5,3,2,0,0,0,0,0,0,23,0,0,0,0,2,17,0,13,0,0,11,2,0,0,243,0,0,0,0,2,2,0,0,2,5,4,0,0,0,0,12,0,0,90,0,0,0,0,18,0,0,0,16,0,0,0,0,0,10,0,0,0,0,0,0,0,0,0,0,0,0,0,0,26,0,15,101,0,0,0,0,0,0,0,0,0,0,0,0,0,11,0,0,0,2,0,9,0,0,0,0,0,0,0,0,0,17,45,7,893,0,0,557,0,1,0,2,9,7,0,0,0,0,0,0,0,0,0,0,0,0,3,0,0,61,0,0,21,0,0,0,0,0,62,0,0,0,0,24,0,0,3,0,0,0,0,0,0,0,0,0,0,0,0,22,4,0,1,0,0,12,0,837,0,0,2,0,0,0,0,0,0,0,0,0,0,0,5,16,2,880,0,0,0,277,0,0,0,0,0,4,0,0,0,0,0,0,0,213,0,0,0,0,0,4,0,3,367,0,0,26,0,0,0,0,0,0,6,0,0,0,0,0,0,0,0,0,0,61,0,0,0,0,0,0,0,85,0,0,67,0,0,0,0,1,0,0,8,0,0,0,39,3,0,0,0,0,1,0,0,0,0,1718,7,2,0,17,0,0,0,0,3,0,0,0,766,0,0,0,0,0,0,14,1,2,109,3,0,0,0,0,0,0,0,0,0,6,0,22,0,80,0,0,2,6,73,0,0,0,0,0,0,42,0,0,0,0,0,0,0,15,0,0,0,4,54,14,0,62,0,0,53,0,0,43,0,0
"D72",0,0,0,1365,0,0,19,0,0,0,0,0,0,0,0,0,0,0,0,0,7,0,0,0,0,30,0,3,0,0,0,3,2,0,0,0,2,0,0,0,37,79,0,0,0,3,0,0,0,0,5,4,9,0,2,0,0,0,0,0,0,0,3,8,0,0,0,0,0,0,0,0,0,7,0,2,0,0,0,0,0,3,0,0,0,0,3,0,0,0,0,0,0,0,0,0,0,0,0,0,0,0,0,0,0,33,0,0,0,0,1341,0,30,0,0,3,2,167,0,0,0,0,0,0,0,0,3,0,0,16,0,0,0,0,0,0,377,0,0,0,0,0,16,0,0,0,0,0,0,0,0,0,0,0,0,20,0,0,0,0,0,0,0,0,0,0,654,0,0,0,0,0,0,7,0,0,0,0,0,95,0,0,0,21,0,0,0,5,0,0,0,0,0,0,0,0,0,0,0,0,0,0,0,4,0,0,0,0,0,0,3,0,0,0,0,0,11,85,0,0,0,0,0,3,0,0,0,0,0,0,0,0,0,45,0,0,0,0,0,0,0,0,0,0,0,0,0,0,0,0,0,0,0,0,0,0,0,0,897,16,0,213,0,0,0,0,0,0,0,0,0,0,7,0,0,0,0,0,0,0,0,0,6,0,0,0,4,0,0,0,0,0,0,0,0,0,0,0,0,0,0,0,0,0,2,2,0,0,0,0,0,4,0,0,0,41,2,0,0,0,0,0,0,0,0,1,0,0,0,0,0,0,447,0,0,0,0,0,0,0,0,0,22,0,0,0,0,0,14,0,0,0,0,17,0,30,0,0,11,0,0,0,0,0,0,4,0,0,0,0,0,0,0,0,0,0,0,0,0,23,2,0,0,0,0,0,0,0,0,0,0,0,0,0,0,0,0,0,0,0,0,0,0,0,0,0,0,0,574,0,20,0,0,0,33,0,0,0,0,0,0,0,0,0,0,0,0,0,0,0,0,0,0,0,0,0,0,24,0,13,0,0,0,0,0,0,0,0,0,0,0,34,0,0,0,0,0,0,0,0,1,0,52,0,5,3,0,0,0,0,0,0,0,0,2,0,0,0,0,117,281,0,12,0,0,0,0,2,0,0,3,0,0,0,0,0,0,0,0,0,0,2,4,0,0,0,0,0,0,0,0,0,0,0,0,0,0,0,0,0,0,0,0,0,1,201,71,0,0,0,0,0,0,0,4,0,0,0,0,0,50,0,0,0,0,0,0,0,0,0,0,0,0,0,6,0,0,0,0,0,30,0,0,0,0,0,0,12,2,3,0,0,0,0,0,0,0,0,0,0,0,0,0,0,0,0,0,0,5,0,0,0,0,0,0,0,0,0,0,0,0,0,0
"D73",2,60,35,0,2,1,0,1,0,0,15,18,0,2,0,0,55,26,0,55,0,57,179,13,62,0,0,0,1594,0,172,0,6,0,0,0,0,0,0,297,0,0,1070,5,54,0,2,0,32,2,0,0,51,0,7,6,33,0,0,112,80,0,29,0,0,760,7,6,0,0,0,0,0,0,16,38,0,0,8,0,0,0,2,3,176,0,0,0,24,0,0,9,0,2,0,4,0,0,2,1,20,0,0,0,0,0,0,0,745,7,0,2,0,22,14,0,0,0,0,0,203,22,7,0,135,0,4,0,0,0,372,0,0,0,0,134,0,0,0,0,0,0,0,0,0,27,7,0,76,0,0,9,2,21,8,0,0,46,236,7,67,10,10,8,0,3,0,17,59,22,0,0,0,0,0,26,0,0,16,0,4,2,0,0,0,45,0,0,148,16,11,11,1,0,2,13,14,0,5,25,0,0,34,0,26,31,0,7,1,6,0,6,0,0,0,0,0,0,14,12,0,12,0,0,0,14404,0,97,1,0,0,2,0,0,10,0,7,283,34,4,0,0,0,0,0,0,18,77,0,0,32,1,0,0,2,1,0,35,0,0,16,0,25,29,2,0,22,62,10,3,12,30,0,0,14,0,12,74,2,5,321,0,0,26,0,2,0,0,6,0,0,2,0,175,50,0,49,61,0,26,43,0,39,164,0,0,0,0,44,13,36,0,40,5,7,0,0,281,0,3,64,30,12,18,0,5,0,0,23,0,1,76,39,23,86,42,133,346,0,8,0,1,0,498,0,57,0,117,0,14,210,382,24,0,2,0,6,18,0,64,0,0,0,224,0,0,23,2,0,0,0,10,0,0,350,0,49,43,255,0,0,122,0,3,0,0,118,0,8,3,23,3,4,0,9,0,0,0,0,0,0,0,0,0,1,1,0,0,0,26,0,126,18,5,0,0,76,6,0,0,12,0,11,0,0,5,3,315,0,0,10,0,0,0,0,429,0,0,0,0,6,56,0,156,20,0,0,80,2,0,0,0,0,2006,6,0,0,5,6,49,0,680,0,10,3,0,0,17,6,65,92,0,0,70,14,0,0,0,6,0,0,44,0,79,36,0,2,0,16,480,0,4,1,19,0,0,0,11,0,521,0,0,0,27,0,1192,2918,0,10,0,14,12,0,50,0,0,3,6,15,49,56,0,202,258,0,0,17,3,30,134,10,389,0,0,0,89,0,6,5,0,0,0,0,20,9,5,3,0,65,0,7,2,25,0,0,0,55,48,0,267,0,0,10,2,15,18,185,0,0,7,12,0,0,48,34,6,18,0,40,2,0,0,0,15,0,0,0,21,0,0,0,0,2,61,664,19,0,0,15,0,0,0,0
"D74",0,0,0,0,0,0,0,0,0,0,0,0,0,0,0,0,0,0,0,0,0,0,0,0,0,5762,0,0,0,0,0,0,0,0,0,0,0,0,0,0,0,2043,0,0,0,0,0,0,0,0,0,0,0,0,0,0,0,0,0,0,0,0,0,0,0,0,0,0,0,0,0,0,0,104,0,0,0,0,0,0,0,0,0,0,0,0,0,0,0,0,0,0,0,0,0,0,0,0,0,0,0,0,0,0,0,2797,0,0,0,0,0,0,0,0,0,0,0,3938,0,0,0,0,0,325,0,0,0,0,0,0,0,5,0,13,0,0,0,0,0,0,0,0,1859,0,0,0,0,0,0,0,0,0,0,0,0,0,0,0,0,0,0,0,0,0,0,0,0,0,0,0,0,0,0,0,0,0,0,0,0,0,0,0,0,0,0,0,0,0,0,0,0,0,0,0,0,0,0,0,0,0,0,0,0,320,0,0,0,0,0,0,0,0,0,0,0,0,403,5888,0,0,0,0,0,0,0,0,0,0,0,0,0,0,0,0,0,0,0,0,0,0,0,0,0,0,0,0,0,0,0,0,0,0,0,0,0,0,0,0,5145,1661,0,0,0,0,0,0,0,0,0,0,0,0,0,0,0,0,0,0,0,0,0,0,0,0,0,0,0,0,0,0,0,0,0,0,0,0,0,0,0,0,0,0,0,0,0,0,0,0,0,0,0,5864,0,0,0,0,0,0,0,0,0,0,0,0,0,0,0,0,0,0,0,0,0,0,0,0,0,0,0,0,0,0,0,0,0,0,0,0,0,0,0,0,0,0,0,2836,0,0,552,0,0,0,0,0,0,0,0,0,0,0,0,0,0,0,0,0,0,0,0,0,0,0,0,0,0,0,0,0,0,0,0,0,0,0,0,0,0,0,0,0,0,0,0,0,0,0,0,0,0,0,2744,0,0,0,23,0,0,0,0,0,0,0,0,0,0,0,0,0,0,0,0,0,0,0,0,0,0,0,0,0,0,0,0,0,0,0,0,0,0,0,0,0,206,0,0,0,0,0,0,0,0,0,0,0,0,0,0,0,0,0,0,0,0,0,0,0,0,0,0,180,14754,0,0,0,0,0,0,0,0,0,0,0,0,0,0,0,0,0,0,0,0,458,0,0,0,0,0,0,0,2,0,0,0,0,0,0,0,0,0,0,0,0,0,0,0,0,0,0,0,0,0,0,0,0,0,0,0,0,0,0,0,0,0,0,0,0,0,0,0,0,0,0,0,0,0,0,0,0,0,0,1499,0,0,0,0,0,0,0,0,0,0,0,0,0,0,0,0,0,0,0,0,0,0,0,0,0,0,0,23,0,0,0,0,0,0,0,0,0,0,0,0,0,790
"D75",0,0,0,0,0,0,0,0,0,0,0,0,0,0,0,0,0,0,0,0,0,0,0,0,0,0,0,0,0,0,0,0,0,0,0,0,19,0,0,0,0,0,0,0,0,0,45,0,0,0,0,0,0,0,0,0,0,0,0,0,0,0,0,0,0,0,0,0,0,0,0,0,0,0,0,0,0,0,0,0,0,0,0,0,0,0,0,0,0,0,0,0,0,0,0,0,0,0,0,0,0,0,0,0,0,0,0,0,0,0,0,0,0,0,0,0,0,0,0,0,0,0,0,0,0,0,0,0,0,0,0,0,0,0,0,0,0,0,0,0,0,0,0,0,0,0,0,0,0,0,0,0,0,0,0,0,0,0,0,0,0,0,0,0,0,0,0,0,0,0,0,0,0,0,0,0,0,0,0,0,0,0,0,0,0,0,0,0,0,0,0,0,0,0,0,0,0,0,0,0,0,0,0,0,0,0,0,0,0,0,0,0,0,0,0,0,0,0,0,0,0,0,0,0,0,0,0,0,0,0,0,0,0,0,0,0,0,0,0,0,0,0,0,0,0,0,0,0,0,0,0,0,0,0,0,0,0,0,4,0,0,19,0,0,0,0,0,0,0,0,0,0,0,0,0,0,0,0,0,0,0,0,0,0,0,0,0,0,0,0,0,0,0,0,0,0,0,0,0,0,0,0,0,0,0,0,0,0,0,0,0,0,0,0,0,0,0,0,0,0,0,0,0,0,0,0,0,0,0,0,0,0,0,0,0,0,0,0,0,0,0,0,0,0,0,0,0,0,0,0,0,0,0,2,0,0,0,0,0,0,0,0,0,0,0,0,0,0,0,0,0,0,0,0,0,0,0,0,0,0,0,0,0,0,0,0,0,0,0,0,0,0,0,0,0,0,0,0,0,0,0,0,0,0,0,0,0,0,0,0,0,0,0,0,0,0,0,0,0,0,0,0,0,0,0,0,0,0,0,0,0,0,0,0,0,0,0,0,0,0,0,0,0,0,0,0,0,0,0,0,0,0,0,0,0,0,0,0,0,0,0,0,0,0,0,0,0,0,0,0,0,0,0,0,0,0,0,0,0,0,0,0,0,0,0,0,0,126,0,0,0,0,0,0,0,0,0,0,0,0,0,0,0,0,0,0,0,0,0,0,0,0,0,0,0,0,0,0,0,0,0,0,0,0,0,0,0,0,0,0,0,0,0,0,0,0,0,0,0,0,0,0,0,0,0,0,0,0,0,0,0,0,0,0,0,0,0,0,0,0,0,608,0,0,0,0,0,0,0,0,0,0,0,0,0,0,0,0,0,0,2,0,0,0,0,0,0,0,0,0,0,0,0,0,0,0,0,0,0,0,0,0,0
"D76",26,16,795,0,16,0,0,0,0,0,0,0,60,0,0,0,0,0,0,0,0,0,0,0,0,0,0,0,13,0,12,11,0,0,152,0,5,0,0,0,0,0,0,36,0,0,5,0,0,0,0,0,14,0,0,0,0,0,0,0,0,0,0,0,0,0,2,0,0,0,0,0,0,0,0,0,0,123,0,0,0,81,0,0,0,0,0,0,0,0,0,0,394,0,37,0,0,51,0,0,0,0,0,4,0,0,0,24,0,0,0,0,0,0,0,2,398,0,0,379,0,28,0,0,0,0,0,0,0,0,0,0,0,0,3,0,0,0,27,0,0,0,0,0,0,0,0,4,0,0,0,2,12,0,0,0,0,0,2,0,0,258,0,0,0,0,0,0,0,0,0,3,0,23,19,0,0,0,0,1,0,400,0,0,0,0,0,0,0,0,0,0,0,0,0,0,0,0,0,0,0,0,0,0,2,0,0,0,0,0,0,0,0,58,0,0,0,0,0,0,462,0,0,0,0,0,48,0,0,0,0,0,0,0,0,0,0,0,22,0,0,0,0,0,0,0,0,0,0,0,0,0,97,21,0,6,0,0,0,0,0,0,0,0,0,48,0,0,0,0,20,0,0,10,0,0,0,0,0,0,0,0,0,0,0,0,0,0,0,19,0,3,0,0,0,0,0,0,0,0,0,0,0,0,0,0,0,0,6,0,1,0,0,4,0,0,0,0,0,0,0,0,0,0,0,2,0,13,0,0,0,0,0,0,0,0,0,51,0,0,0,0,1,0,0,1216,640,0,0,0,1319,0,0,0,105,0,0,0,0,0,1722,0,0,0,176,0,5,0,1940,5,11,84,0,0,0,0,0,0,0,0,0,0,0,0,0,0,0,0,6,0,0,0,0,0,0,0,0,0,0,0,0,8,0,14,3,0,101,0,0,0,0,0,0,0,0,0,0,26,0,0,2,6,1,0,0,13,61,0,2,5,0,24,0,0,0,2,0,0,0,0,0,0,0,0,0,0,237,0,0,0,0,0,0,0,0,0,0,3,0,7,0,0,0,0,0,0,0,0,0,0,0,0,0,0,0,0,0,0,2,0,0,0,0,34,0,0,0,0,0,0,0,14,0,0,0,0,0,0,0,0,0,0,0,0,0,3,0,0,0,0,0,0,0,0,0,0,0,0,0,0,0,0,0,0,0,0,0,0,0,0,0,0,0,0,0,0,0,0,30,0,0,15,0,0,0,0,0,0,0,0,0,0,0,0,0,0,0,0,0,7,0,0,0,5,11,0,5,0,0,0,0,0,0,0,0,0,194,132,0,0,8,0,0,0,0,0,0,2,0,0,0,0,12,0,0,0,0,34,0,0,0,0,0
"D77",0,0,0,0,0,0,0,0,0,0,0,0,0,0,0,0,0,0,0,0,0,0,0,0,0,0,0,0,0,0,0,0,0,0,23,0,0,0,0,0,0,0,0,45,0,10,0,0,0,0,545,56,0,79,0,0,0,0,0,0,0,42,0,56,0,0,0,0,0,92,0,0,0,0,0,0,0,14,0,0,0,259,0,0,0,0,4479,0,0,0,0,0,0,0,0,0,0,0,0,0,0,0,0,0,0,0,0,0,0,0,16,0,0,0,0,0,0,0,0,0,0,0,0,0,0,0,0,0,0,0,0,0,0,0,0,0,0,0,0,61,0,21,0,0,0,0,0,0,0,0,0,0,83,0,0,15214,0,0,0,0,0,0,0,0,0,0,0,0,0,0,0,0,0,0,0,0,0,0,0,0,0,0,4,0,0,0,0,63,0,0,0,0,0,0,0,0,0,0,0,0,0,0,0,0,0,0,0,0,0,0,0,0,0,0,0,0,0,0,0,0,0,0,0,0,0,0,0,0,0,0,0,0,0,504,0,0,0,0,0,0,0,138,0,0,0,0,0,33,0,0,0,0,0,11,0,0,0,0,0,0,0,0,0,0,0,0,0,0,0,0,0,0,0,0,0,0,0,0,0,0,37,0,0,0,0,0,0,0,0,715,0,0,0,0,0,0,0,0,0,0,0,0,0,0,44,0,0,0,0,0,0,0,0,0,0,0,0,0,0,0,0,0,0,0,0,0,0,0,0,0,0,0,2939,0,0,0,0,0,53,0,0,0,0,0,0,44,0,0,134,0,0,0,0,0,0,0,0,0,0,0,0,0,0,0,0,0,0,0,0,0,0,0,0,0,0,0,0,0,0,0,0,0,0,0,0,0,0,0,0,0,0,0,0,0,0,0,0,0,0,0,0,0,0,0,0,0,0,0,24,0,0,0,0,0,0,0,0,0,0,0,0,11,0,0,0,0,0,0,0,3,0,0,0,0,0,0,0,0,0,0,0,0,34,0,0,0,15,0,0,0,0,51,0,0,0,0,0,0,0,0,0,0,0,0,120,0,0,0,0,0,0,0,0,0,0,0,0,0,0,0,0,0,0,0,0,0,0,0,0,0,50,0,0,0,0,0,0,0,0,0,86,0,0,0,0,0,0,0,0,0,0,0,0,0,0,0,0,0,0,0,0,0,0,0,0,0,0,0,0,0,0,0,0,0,0,0,0,0,0,0,41,0,0,0,0,0,0,48,0,0,0,0,0,0,32,0,0,0,0,0,0,0,0,0,0,0,0,0,0,0,0,0,0,0,0,0,0,0,0,0,0,0,0,0,0,0,0,0,0,0,0,0,0,0,0,0,0,0,0,0,0,0,0
"D78",0,0,0,0,0,0,0,0,0,0,0,0,0,0,0,0,0,0,0,0,0,0,0,0,0,0,0,0,0,0,0,0,0,0,0,0,0,0,0,0,0,0,0,0,0,0,0,0,0,0,0,0,0,0,0,0,0,0,0,0,0,0,0,0,0,0,0,0,0,0,0,0,0,0,0,0,0,0,0,0,0,0,0,0,0,0,0,0,0,0,0,0,0,0,0,0,0,0,0,0,0,0,0,0,0,0,105,0,0,0,0,0,0,0,0,0,0,0,0,0,0,0,0,0,0,0,0,0,0,0,0,0,0,0,0,0,0,0,0,0,0,0,0,0,0,0,0,0,0,0,0,0,0,0,0,0,0,0,0,0,0,0,0,0,0,0,0,0,0,0,0,0,0,0,0,0,0,0,0,0,0,0,0,0,0,0,0,0,0,0,0,3,0,0,0,0,0,0,0,0,0,0,0,0,0,0,0,0,0,0,0,0,0,0,0,0,0,0,0,0,0,0,0,1871,0,0,0,0,0,0,0,0,0,0,0,0,0,0,0,0,0,0,0,0,0,0,0,0,0,0,0,0,0,0,0,0,0,0,0,0,0,0,0,0,0,0,0,0,0,0,0,0,0,0,0,0,0,0,0,0,0,0,0,0,0,0,0,0,0,0,0,0,0,0,0,0,0,0,0,0,0,0,0,0,0,0,0,0,0,0,0,0,0,0,0,0,469,0,0,0,0,0,0,0,0,0,0,0,0,0,0,0,0,0,0,0,0,0,0,0,0,0,0,0,0,0,0,0,0,0,0,0,0,0,0,0,0,0,0,0,0,0,0,0,0,0,0,0,0,0,0,0,0,0,0,0,0,0,0,0,0,0,0,0,0,0,0,0,0,0,0,0,0,0,0,0,0,0,0,0,0,0,0,0,0,0,0,0,0,0,0,0,0,0,0,0,0,0,0,0,0,0,0,0,0,0,0,0,0,0,0,0,0,0,0,0,0,0,0,0,0,0,0,0,0,0,0,0,0,0,0,0,0,0,0,0,0,0,0,0,0,0,0,0,0,0,0,0,0,0,0,0,0,0,0,0,0,0,0,0,0,0,0,0,0,0,0,0,0,0,0,0,0,0,0,0,0,0,0,0,0,0,0,0,0,0,0,613,0,0,0,0,0,0,0,0,0,0,0,0,0,0,0,0,0,0,0,0,0,0,0,0,0,0,0,0,0,0,0,0,0,0,0,0,0,0,0,0,0,0,0,0,0,0,0,0,0,0,0,0,0,7533,0,0,0,0,0,0,0,0,0,0,0,0,0,0,0,0,159,0,0,0,0,0,0,0,0,0,0,0,0,0,0,0,0,0,0,0,0,0,0,0,0
"D79",5,0,0,595,0,0,6,0,2,0,0,0,0,0,0,0,0,0,0,0,3,0,0,0,0,7,0,5,5,0,0,2,0,0,0,0,0,0,0,0,0,0,0,0,0,0,0,0,0,0,2,3,14,0,4,0,0,0,16,0,0,0,0,6,0,0,0,3,0,18,0,0,0,171,0,3,0,0,0,0,0,1,0,0,0,0,0,0,0,0,2,0,0,0,0,0,0,0,0,0,0,0,0,0,0,13,0,0,0,0,503,0,7,0,0,7,3,40,0,0,0,0,0,0,0,0,0,0,0,2,0,2,0,0,0,0,22,0,0,0,0,0,6,0,0,0,0,2,0,0,0,2,0,0,0,3,0,0,0,0,0,0,0,0,7,0,1097,0,0,0,0,0,0,15,0,0,5,0,0,1,0,0,0,7,0,0,0,3,0,0,0,0,0,0,0,0,0,0,0,0,0,0,0,1,0,3,3,0,0,0,2,0,0,0,2,0,48,10,0,0,0,0,0,13,0,0,0,0,0,0,0,0,0,12,0,0,0,0,0,0,2,0,0,0,0,0,0,0,0,0,0,0,0,0,0,0,0,0,258,3,0,48,0,0,0,0,0,0,0,0,0,0,15,0,0,0,0,0,0,0,3,0,4,0,0,7,15,0,0,0,0,3,0,0,0,0,0,0,0,0,0,0,0,0,2,0,0,0,0,0,0,0,0,0,0,307,0,0,3,0,0,0,0,0,0,0,4,0,0,0,0,0,242,0,0,0,0,0,0,0,0,0,37,0,6,0,5,0,12,0,0,0,2,4,0,3,4,0,3,0,0,2,0,0,0,0,0,0,0,0,8,0,0,0,0,0,0,0,0,6,0,0,0,0,2,6,0,0,0,0,0,0,0,0,0,0,2,0,0,0,0,0,2,0,0,0,0,0,200,0,16,0,0,0,3,0,0,0,0,0,0,0,0,0,0,0,0,0,2,0,0,0,0,0,0,0,3,7,0,2,2,0,0,0,0,0,0,0,0,0,0,47,0,0,0,0,0,0,0,0,1,0,15,0,6,2,0,0,0,0,0,0,1,0,0,5,0,0,0,101,27,0,0,0,0,0,0,2,0,0,0,0,0,0,0,0,0,0,0,0,0,0,6,0,0,0,0,0,0,4,0,0,0,0,0,0,0,0,0,0,0,0,0,0,1,35,1093,0,0,0,0,0,0,0,3,0,90,0,3,0,5,0,0,0,0,0,0,0,0,0,0,0,0,0,7,0,0,0,0,0,2,2,0,0,0,0,0,0,0,2,0,0,0,0,0,0,0,0,0,0,0,0,0,0,0,0,0,0,2,0,0,0,0,0,0,0,2,0,0,0,0,0,0
"D80",0,0,0,0,0,0,4,6,0,0,0,0,19,0,0,0,0,0,0,0,0,0,0,0,0,0,5,0,0,0,0,0,254,0,47,5,0,3,0,0,16,0,0,0,0,0,18,0,0,0,3,62,3,0,172,0,0,0,0,0,0,0,0,0,269,0,1079,0,0,0,89,0,0,0,0,0,0,0,0,0,0,0,0,0,0,0,25,0,0,0,0,0,22,0,0,0,0,57,0,5,0,0,7,10,0,0,11,0,0,0,10,0,0,0,0,0,0,0,0,112,0,0,0,0,0,0,2,431,0,0,0,0,4,0,9,2,0,0,0,0,0,0,0,0,26,0,0,0,0,0,10,0,0,0,0,0,0,0,0,0,0,1,0,0,602,0,7,0,0,0,13,0,57,38,0,0,0,0,0,74,0,0,5,26,0,0,0,0,0,0,0,0,0,0,0,0,0,0,0,0,2,0,60,0,0,0,10,0,0,0,0,0,0,0,3,0,0,0,0,0,20,0,0,0,0,0,0,0,0,0,0,22,2,0,0,2,0,0,0,0,0,0,0,22,0,0,0,5,0,0,0,0,0,26,64,0,0,0,0,0,0,0,0,0,0,2,0,0,0,0,0,0,0,0,0,0,0,0,0,0,23,0,0,4,0,0,14,0,0,0,0,0,0,9,0,0,23,0,0,133,0,23,10,0,0,0,0,0,0,0,0,0,0,0,0,0,0,0,0,0,0,0,0,0,0,0,0,0,0,0,0,10,0,0,0,0,0,0,0,756,0,0,69,0,0,0,308,0,0,0,78,0,0,0,1,0,0,0,0,0,5,0,0,8,11,0,5,0,6,0,0,0,0,0,0,0,0,0,0,0,0,0,0,0,4,14,0,3,0,0,8,0,11,0,0,0,10,0,0,0,0,0,5,0,0,0,0,5,0,0,0,0,0,0,0,0,0,0,0,0,2,0,0,99,0,0,0,0,60,3,0,15,11,2,0,0,16,0,0,0,0,0,0,0,0,0,14,0,0,0,0,0,0,0,0,42,4,5,0,0,0,0,0,0,15,0,0,0,0,0,0,0,0,122,0,0,0,0,0,0,0,0,0,0,0,0,0,0,0,0,39,5,0,0,0,0,0,0,3,0,0,0,6,0,0,0,0,0,0,0,0,0,0,0,15,0,0,0,0,0,0,0,0,0,0,0,0,0,45,1,0,0,0,0,18,0,0,0,1,0,0,0,0,0,0,0,0,0,0,8,0,0,0,796,87,0,0,0,0,0,0,0,0,0,0,0,18,0,0,0,0,0,3,0,0,0,0,0,0,0,0,0,0,0,0,0,37,0,0,0,0,22,1,0,20,0,0,95,0,0,0,0,0
"D81",0,0,0,0,0,0,0,0,0,0,0,0,0,0,0,0,0,0,0,0,0,0,0,0,0,0,0,0,0,0,0,0,2,0,0,0,0,0,0,0,0,0,0,0,0,0,0,0,0,0,2,0,0,0,0,0,0,0,0,0,0,0,0,0,0,0,0,0,0,0,0,0,0,0,0,0,0,0,0,0,0,0,0,0,0,0,0,0,0,0,0,0,0,0,0,0,0,0,0,0,0,0,0,0,0,0,0,0,0,0,0,0,0,0,0,0,0,0,0,0,0,0,0,0,0,0,0,0,0,0,0,0,0,0,0,0,0,0,0,1,0,0,0,0,0,0,0,0,0,0,0,0,0,0,0,0,0,0,0,0,0,0,0,0,0,0,0,0,0,0,0,0,0,0,0,0,0,0,0,0,0,0,0,2,0,0,0,0,0,0,0,0,0,0,0,0,0,0,0,0,0,0,0,0,0,0,0,0,0,0,0,0,0,0,0,0,0,0,0,0,0,0,0,0,0,0,0,0,0,0,0,0,0,4,0,0,0,0,0,0,0,0,0,0,0,0,0,0,0,0,0,0,0,0,0,0,0,0,0,0,0,0,0,0,0,0,0,0,0,0,0,0,199775,0,0,0,0,0,0,0,0,0,0,0,0,0,0,0,0,0,0,0,0,0,0,0,0,0,0,0,0,0,0,0,0,0,0,0,0,0,0,0,0,0,0,0,0,0,0,0,0,0,0,0,0,0,0,0,0,0,0,0,0,0,0,0,0,0,0,0,0,0,0,0,0,0,0,0,0,0,0,0,0,0,0,0,0,0,0,0,0,2,0,0,0,0,0,0,0,0,0,0,0,0,0,0,0,0,0,0,0,0,0,0,0,2,0,0,0,0,0,0,0,0,0,0,0,0,0,0,0,0,0,0,0,0,0,0,0,0,0,0,0,0,0,0,0,0,0,0,0,0,0,0,0,0,0,0,0,0,0,0,0,0,0,0,0,0,0,0,0,0,0,0,0,0,0,0,0,0,0,0,0,0,0,0,0,0,0,0,0,0,0,0,0,0,0,0,0,0,0,0,0,0,0,0,0,0,0,0,0,0,0,0,0,0,0,0,0,0,0,0,0,0,0,0,0,0,0,0,0,0,0,0,0,0,0,0,0,0,0,0,0,0,0,0,0,0,0,0,0,0,0,0,0,0,186,0,0,0,0,0,0,0,0,0,0,0,0,0,0,0,0,0,0,0,0,0,0,0,0,0,0,0,0,0,0,0,0,0,0,0,0,0,0,0,0,0,2,2,0,0,0,0,0,0,0,0,0,0,0,0,0,0,0,0,0,0,0,0,0,0,0,0,0,0,0,0,0,0,0,0,2
"D82",0,0,0,0,0,0,0,0,0,0,0,0,0,0,0,0,0,0,0,0,0,0,0,0,0,0,0,0,0,0,0,0,0,0,0,0,0,0,0,1,0,0,0,0,0,0,0,0,0,0,0,0,0,0,0,0,0,0,0,5,0,0,10,0,0,6,0,0,0,0,0,0,0,0,0,0,0,0,0,0,0,0,0,0,0,0,0,0,0,0,0,0,0,0,0,0,3,0,0,0,0,0,0,0,0,0,0,0,0,0,0,0,0,0,0,0,0,0,0,0,53,0,0,0,0,0,0,0,0,0,0,0,0,0,0,0,0,0,0,0,0,0,0,0,0,0,0,0,0,0,0,0,0,0,0,0,0,0,0,3,0,0,0,0,0,0,0,0,0,0,0,0,0,0,0,0,0,0,0,0,0,0,0,0,0,0,0,0,0,0,0,0,0,0,0,0,0,0,0,0,0,0,0,0,0,0,0,0,0,0,0,0,0,0,0,0,0,0,0,0,0,0,0,0,0,3,0,0,0,0,0,0,0,0,0,0,0,0,5,0,0,0,0,0,0,0,0,0,0,0,0,0,0,0,0,0,0,0,0,0,0,0,0,31,0,0,0,0,0,0,0,2,0,0,0,0,0,0,0,0,141,0,0,0,0,0,0,0,0,0,0,0,0,0,0,0,0,0,0,0,0,0,0,0,0,0,0,49,0,0,43,0,0,0,0,0,0,0,0,0,0,0,0,0,0,0,0,0,0,0,0,0,0,0,283,2,0,0,0,0,15,0,0,0,0,0,0,0,0,0,0,0,113,0,0,0,0,0,0,0,0,0,0,0,0,0,0,0,0,0,0,0,0,0,0,0,0,0,0,0,0,0,0,0,0,0,0,0,0,0,0,0,0,0,0,0,0,0,0,0,0,0,0,0,0,0,0,0,0,0,0,2,0,0,0,0,0,0,0,0,0,0,0,0,0,0,0,0,0,0,114,0,0,0,0,0,0,0,0,0,0,0,0,0,0,0,0,0,0,0,0,0,0,0,0,0,0,0,0,0,0,0,0,0,0,0,0,0,0,0,0,0,0,0,0,0,0,0,0,0,0,0,0,0,0,0,0,0,0,0,0,0,0,0,0,0,0,0,0,80,0,0,0,0,0,3,0,0,0,0,0,0,0,0,0,0,0,0,0,1,0,0,3,0,0,0,0,0,0,0,0,0,0,0,0,0,0,0,0,0,0,0,0,0,0,0,0,0,0,0,0,0,0,0,0,0,0,0,0,0,0,0,0,0,0,0,0,0,0,0,0,0,0,0,65,0,0,0,0,3,0,0,0,0,0,0,0,0,0,0,0,0,0,0,1,0,0,0,0,0,0,0,0
"D83",0,0,0,0,0,0,0,0,0,0,0,0,0,0,2,0,0,0,0,0,0,0,0,0,0,0,0,0,0,0,0,0,2,0,0,0,6,0,0,0,0,0,0,0,0,0,0,0,0,0,0,0,2,0,0,0,0,0,0,0,0,0,0,0,0,3,2,0,0,0,0,0,0,0,0,0,0,0,0,0,0,0,0,0,0,466,0,0,0,7,0,0,0,0,0,0,0,0,0,0,0,0,0,2,0,0,0,0,0,0,0,0,0,0,0,0,0,0,0,0,0,0,0,0,0,0,0,0,0,0,0,0,0,0,0,0,0,0,0,0,0,0,0,0,2,0,0,0,0,0,0,0,0,0,0,0,0,0,0,0,0,0,0,0,0,0,0,0,0,0,0,0,0,0,0,0,0,0,0,0,0,0,0,0,0,0,0,0,0,0,0,0,0,43,0,0,0,0,0,0,0,0,0,0,0,0,0,0,0,0,0,0,0,0,0,0,0,0,0,0,0,0,0,0,7,0,0,0,0,0,0,0,0,2,0,0,0,0,0,0,0,0,0,0,0,0,0,0,3,0,0,0,0,0,0,0,0,0,0,0,0,0,0,0,0,0,0,0,0,0,0,0,0,0,0,0,0,0,0,0,4,0,1,0,0,0,8,0,3,0,0,0,437,0,0,0,0,0,0,0,0,0,0,0,0,0,0,0,0,0,0,0,0,0,0,0,0,0,0,0,0,0,0,0,0,0,0,0,0,0,0,0,0,0,0,0,0,0,0,2,0,0,5,0,0,0,0,0,3,0,0,0,0,0,0,0,0,0,0,0,0,0,0,0,0,0,0,0,0,0,0,0,0,0,0,0,0,0,0,0,0,0,0,0,0,21,0,0,0,0,0,0,0,0,0,0,5,0,497,45,59,0,0,0,0,0,0,0,0,0,0,0,0,0,0,0,0,0,0,0,0,0,0,0,0,0,0,0,0,0,14,0,0,0,0,0,0,0,0,0,0,0,0,0,0,0,0,0,0,0,0,0,0,0,0,0,0,0,0,0,0,0,0,0,0,0,0,0,0,0,0,0,0,0,0,0,0,8555,0,0,0,0,1,0,0,0,2,0,2,0,0,0,0,3,0,0,0,0,1,0,0,0,0,0,0,0,0,0,0,0,0,0,0,0,0,0,0,0,0,0,1,0,0,0,0,0,0,0,0,0,0,0,0,0,0,0,0,0,0,0,0,0,0,0,0,0,0,0,0,0,0,0,0,0,0,0,0,0,0,0,0,0,0,0,0,0,0,0,1,6,0,3,0,0,0,0,0,0,0,3,0,0,0,0,0,0,0,0,0,0,0,0,0,0,0,0,0,0,0,0,0,0,0
"D84",0,0,0,0,0,0,0,0,0,0,0,0,0,0,0,0,0,0,0,0,0,0,0,0,0,0,0,0,0,0,0,0,0,0,0,0,0,0,0,0,0,0,0,0,0,0,0,0,0,0,0,0,0,0,0,0,0,0,0,0,0,0,0,0,0,0,0,0,0,0,0,0,0,0,0,0,0,0,0,0,0,0,0,0,0,0,0,0,0,0,0,0,0,0,0,0,0,0,0,0,0,0,0,0,0,0,0,0,0,0,0,0,0,0,0,0,0,0,0,0,0,0,0,0,0,0,0,0,0,0,0,0,0,0,0,0,0,0,0,0,0,0,0,0,0,0,0,0,0,0,0,0,0,0,0,0,0,0,0,0,0,0,0,0,0,0,0,0,0,0,0,0,0,0,0,0,0,0,0,0,0,0,0,0,0,0,0,0,0,0,0,0,0,0,0,0,0,0,0,0,0,0,0,0,0,0,0,0,0,0,0,0,0,0,0,0,0,0,0,0,0,0,0,4,0,0,0,0,0,0,0,0,0,0,0,0,0,0,0,0,0,0,0,0,0,0,0,0,0,0,0,0,0,0,0,0,0,0,0,0,0,29,0,0,0,0,0,0,0,0,0,0,0,0,0,0,0,0,0,0,0,0,0,0,0,0,0,0,0,0,0,0,0,0,0,0,0,0,0,0,0,0,0,0,0,0,0,0,0,0,0,0,0,0,0,0,0,0,0,0,0,0,0,0,0,0,0,0,0,0,0,0,0,0,0,0,0,0,0,0,0,0,0,0,0,0,0,0,0,0,0,0,0,0,0,0,0,0,0,0,0,0,0,0,0,0,0,0,0,0,0,0,0,0,0,0,0,0,0,0,0,0,0,0,0,0,0,0,0,0,0,0,0,0,0,0,0,0,0,0,0,0,0,0,0,0,0,0,0,0,0,0,0,0,0,0,0,0,0,0,0,0,0,0,0,0,0,0,0,0,0,0,0,0,0,0,0,55,0,0,0,0,0,0,0,0,0,0,0,0,0,0,0,0,0,0,0,0,0,0,0,0,0,0,0,0,0,0,0,0,0,0,0,0,0,0,0,0,0,0,0,0,0,0,0,0,0,0,0,0,0,0,0,0,0,0,0,0,0,0,0,0,0,0,0,0,0,47,0,0,0,0,0,0,0,0,0,0,0,0,0,0,0,0,0,0,0,0,0,0,0,0,0,0,0,0,0,0,0,0,0,0,0,0,0,0,0,0,0,0,0,0,0,0,0,0,0,0,0,0,0,370,0,0,0,0,0,0,0,0,0,0,0,0,0,0,0,0,0,0,0,0,0,0,0,0,0,0,0,0,0,0,0,0,0,0,0,0,0,0,0,0,0
"D85",38,4,17,1770,3,56,1048,0,34,17,0,0,7,0,0,0,0,6,0,0,220,12,2,0,0,138,0,0,3,0,0,6,60,257,0,0,52,0,0,0,0,363,0,0,0,0,0,0,0,0,567,39,50,0,73,0,0,0,42,0,3,0,3,1768,0,0,80,0,0,5,0,0,0,177,0,9,0,0,0,0,0,443,17,0,0,0,4,0,17,15,0,0,18,0,0,0,0,7,0,0,0,0,0,0,0,182,0,15,0,0,20598,0,1303,0,0,44,7,868,0,28,0,6,0,44,0,34,5,0,0,0,2,402,16,31,0,0,81,0,0,11,0,64,141,0,5,18,0,38,25,38,0,6,28,43,0,1576,0,0,0,0,0,24,1,0,104,0,7543,0,0,0,0,0,0,31,0,0,12,0,0,125,0,27,0,7,0,0,0,76,0,0,0,0,0,0,2,0,0,28,0,0,5,0,0,11,0,16,0,0,0,0,36,0,0,4,12,26,919,110,23,0,8,0,0,13,0,28,3,31,0,5,0,0,0,692,0,0,0,5,17,0,2,0,52,0,0,60,0,5,0,1,7,5,0,31,0,37,0,0,3214,6,0,194,0,0,3,0,0,0,0,0,0,2,122,0,0,11,0,0,0,0,7,1550,144,0,0,85,324,0,0,20,0,16,0,0,0,6,2,0,3,0,0,0,0,0,245,103,0,0,13,13,0,261,14,43,0,414,0,0,91,0,0,7,0,0,0,12,15,0,0,2,0,0,185,0,0,0,0,0,0,42,0,0,299,0,0,22,70,11,61,12,0,1,0,4,4,110,10,0,0,0,0,0,0,0,0,339,30,13,0,0,111,0,0,0,0,0,0,0,0,405,49,2,0,0,0,0,4,0,0,0,3,0,0,0,0,9,25,0,0,0,0,0,0,0,11,0,0,0,200,0,230,13,0,0,0,0,0,0,5,0,0,37,0,0,0,0,0,0,5,29,0,0,0,0,0,0,35,27,0,108,144,0,0,0,0,0,0,0,0,0,52,434,0,3,0,0,0,0,0,0,49,0,55,0,126,53,0,0,0,0,0,0,16,24,0,0,0,0,0,953,508,0,0,0,0,0,0,48,0,0,0,0,0,0,0,0,0,0,0,0,0,95,219,0,0,7,0,9,3,23,0,0,22,0,0,7,0,0,0,0,0,0,6,0,471,16,162,0,5,18,7,0,9,0,0,0,268,0,0,3,77,0,0,0,0,0,5,1,1,0,0,6,0,4,16,0,0,0,1,0,339,0,3,3,7,0,13,0,24,239,0,0,0,0,0,0,2,0,0,0,0,4,0,0,0,0,0,0,213,0,0,18,0,0,9,0,14,6,3,0,27,27,5
"D86",0,0,0,0,0,0,0,0,0,0,0,0,0,0,0,0,0,0,0,0,0,0,0,0,0,0,0,0,0,0,0,0,0,0,0,0,0,0,0,0,0,10,0,0,0,0,0,0,0,0,0,0,0,0,0,0,0,0,0,0,0,0,0,0,0,0,0,0,0,0,0,0,0,0,0,0,0,0,0,0,0,0,0,0,0,0,0,0,0,0,0,0,0,0,0,0,0,0,0,0,0,0,0,0,0,0,3,0,0,0,0,0,0,0,0,0,0,3,0,0,0,0,0,0,0,0,0,0,0,0,0,0,0,0,0,0,0,0,0,0,0,0,0,0,0,0,0,0,0,0,0,0,0,0,0,0,0,0,0,0,0,0,0,0,0,0,0,0,0,0,0,0,0,0,0,0,0,0,0,0,0,0,0,0,0,0,0,0,0,0,0,0,0,0,0,0,0,0,0,0,0,0,0,0,0,0,0,0,0,0,0,0,0,0,0,0,28,0,0,0,0,0,0,40,0,0,0,0,0,0,0,0,0,0,0,0,0,0,0,0,0,0,44,0,0,0,0,0,0,0,0,0,0,0,0,0,0,0,0,0,0,0,0,0,0,0,0,0,0,0,0,0,0,0,0,0,0,0,0,0,0,0,0,0,0,0,0,0,0,0,0,0,0,0,0,0,0,0,0,0,0,0,0,0,0,0,0,0,0,0,0,0,0,0,0,0,0,0,0,0,0,0,0,0,0,0,0,0,0,0,0,0,0,0,0,0,0,0,0,0,0,0,0,0,0,0,0,0,0,0,0,0,0,1197,0,0,0,0,0,0,0,0,0,0,0,0,0,0,0,0,0,0,0,0,0,0,0,0,0,0,0,0,0,0,0,0,0,0,0,0,0,0,0,0,0,0,0,0,0,0,0,0,0,0,0,0,0,0,0,0,0,0,0,0,0,0,0,0,0,0,0,0,0,0,0,0,0,0,0,0,0,0,0,0,0,0,0,6085,0,0,0,0,0,0,0,0,0,0,0,0,0,0,0,0,0,0,0,0,0,0,0,0,0,0,0,0,0,0,0,0,0,0,0,0,0,0,0,0,0,0,0,0,0,0,0,0,0,570,0,0,0,0,0,0,0,0,0,0,0,0,0,0,0,0,0,0,0,0,0,0,0,0,0,0,0,0,0,0,0,0,0,0,0,0,0,0,0,0,0,0,0,0,0,0,0,0,0,0,0,0,0,0,0,0,0,0,0,0,0,0,0,0,0,0,0,0,0,0,0,0,0,0,0,0,0,0,0,0,0,0,0,0,0,0,0,0,0,0,0,0,0,0,0,0,0,0,0,0,0,0,0,0,0,0,0,0,0,0,0,0,0,0,0
"D87",0,0,0,0,0,0,0,0,0,0,0,0,0,0,0,0,0,0,0,0,0,0,0,0,0,0,0,0,0,0,0,0,0,0,0,0,0,0,0,0,0,0,0,0,0,0,0,0,0,0,0,0,0,0,0,0,0,0,0,0,0,0,0,0,0,0,0,0,0,0,0,0,0,0,0,0,0,0,0,0,0,0,0,0,0,0,0,0,0,0,0,0,0,0,0,0,0,0,0,0,0,0,0,0,0,0,0,0,0,0,0,0,0,0,0,0,0,0,0,0,0,0,0,0,0,0,0,0,0,0,0,0,0,0,0,0,0,0,0,0,0,0,0,0,0,0,0,0,0,0,0,0,0,0,0,0,0,0,0,0,0,0,0,0,0,0,0,0,0,0,0,0,0,0,0,0,0,0,0,0,0,0,0,0,0,0,0,0,0,0,0,0,0,0,0,0,0,0,0,0,0,0,0,0,0,0,0,0,0,0,0,0,0,0,0,0,0,0,0,0,0,0,0,0,0,0,0,0,0,0,0,0,0,0,0,0,0,0,0,0,0,0,0,0,0,0,3,0,0,0,0,0,0,0,0,0,0,0,0,0,0,44,0,0,0,0,0,0,0,0,0,0,0,0,0,2,0,0,0,0,0,0,0,0,0,0,0,0,0,0,0,0,0,0,0,0,0,0,0,0,0,0,0,0,0,0,0,0,0,0,0,0,0,0,0,0,0,0,0,0,0,0,0,0,0,0,0,0,0,0,0,0,56,0,0,0,0,0,0,0,0,0,0,0,0,0,0,0,0,0,0,0,0,0,0,0,0,0,0,0,0,0,0,0,0,0,0,0,0,0,0,0,0,0,0,0,0,0,0,0,0,0,0,0,0,0,0,0,0,0,0,0,0,0,0,0,0,0,0,0,0,0,0,0,0,0,0,0,0,0,0,0,0,0,0,0,0,0,0,0,0,0,0,0,0,0,0,0,0,0,0,0,0,0,0,0,0,0,0,0,0,0,0,0,0,0,0,0,0,0,0,3,0,0,0,0,0,0,0,0,0,0,0,0,0,0,0,0,0,0,0,0,0,0,0,0,0,0,0,0,0,0,0,0,0,0,0,0,0,0,0,0,0,0,0,0,0,0,0,0,0,0,0,0,0,0,0,0,0,0,0,0,0,0,0,0,0,0,0,0,0,0,0,0,0,0,0,0,0,0,0,0,0,0,0,0,0,0,0,0,0,0,0,0,0,0,0,0,0,0,0,0,0,0,0,0,0,0,0,0,0,0,0,0,0,0,0,0,3,0,0,0,0,0,0,0,0,0,0,0,0,0,0,0,0,0,0,0,0,0,0,0,0,0,0,0,0,0,0,0,0,0,0
"D88",0,0,0,0,0,0,0,0,0,0,0,0,0,0,0,0,0,0,0,0,0,0,0,0,0,0,0,0,0,0,0,0,0,0,0,0,0,0,0,0,0,0,0,0,0,0,0,0,0,0,0,0,3,0,0,0,0,0,0,0,87,0,0,0,0,0,0,0,0,0,0,0,0,0,0,0,0,0,0,0,0,0,0,0,0,0,0,0,0,0,0,0,0,0,0,0,0,0,0,0,0,0,0,0,0,0,0,0,0,0,0,0,0,0,0,0,0,0,0,0,0,3,0,0,0,0,0,0,0,0,0,0,0,0,0,0,0,0,0,0,0,0,0,0,0,0,0,0,0,0,0,0,0,0,0,0,0,0,0,0,0,0,0,0,0,0,0,0,0,0,0,0,0,0,0,0,0,0,0,0,0,0,83,0,0,0,0,0,0,0,0,4,0,0,0,0,0,0,0,0,0,0,0,0,0,0,0,0,0,0,0,0,0,0,0,0,0,0,0,0,0,0,0,0,0,4,0,0,0,0,0,0,0,0,0,0,0,0,0,0,0,0,0,0,0,0,0,0,0,0,0,0,0,0,0,0,0,0,0,0,0,0,0,0,11,0,0,0,0,0,0,0,0,0,0,0,0,0,0,0,0,0,0,0,0,0,0,0,0,0,0,0,0,0,0,0,0,0,0,0,0,0,0,0,0,0,0,0,1,0,0,0,0,0,0,0,0,0,0,0,0,0,0,0,0,0,0,0,0,15,0,0,0,0,0,0,0,0,0,0,0,0,0,0,0,0,0,0,0,0,0,0,0,0,0,0,0,0,0,0,0,0,0,0,0,0,0,0,0,0,0,0,0,0,0,80,0,2,0,0,0,0,0,0,0,0,38,0,0,2,0,0,0,0,0,0,0,0,0,0,0,0,0,0,0,0,0,0,0,0,0,0,0,0,0,0,0,0,0,0,0,0,0,0,0,0,0,0,0,0,0,0,0,0,0,0,0,0,0,0,0,0,0,0,0,0,0,0,0,0,0,0,0,0,0,0,0,0,0,0,0,0,0,0,0,0,0,0,0,0,0,0,0,0,0,0,0,0,0,0,0,0,0,0,0,0,0,0,0,0,0,0,0,0,0,0,0,0,0,0,0,0,0,0,0,0,0,0,0,0,0,0,0,0,0,0,0,0,0,0,0,0,0,0,0,0,2,0,0,0,0,0,0,0,0,0,0,0,0,0,0,0,0,0,0,0,0,0,0,0,0,0,0,0,0,0,0,0,0,0,0,0,0,0,0,0,0,0,0,0,0,0,0,0,0,0,0,0,30,0,0,0,0,0,0,0,0,0,0,0,0,0,0,0,0,0,0,0,0,0,0,0,0
"D89",0,0,0,0,0,0,0,0,0,0,0,0,3,0,0,0,0,0,0,0,0,0,0,0,0,0,0,0,0,0,0,0,0,0,0,0,0,0,0,0,0,0,0,0,0,0,0,0,491,0,0,0,0,0,0,0,0,0,0,0,0,0,27,0,0,0,0,0,0,0,0,0,0,0,0,0,0,0,0,0,14,0,4,0,0,51,0,0,0,761,0,0,0,61,0,0,0,0,0,0,0,0,0,11,0,0,0,0,0,0,0,0,0,0,0,0,0,0,0,0,0,0,0,0,0,0,0,0,12,0,0,0,0,0,0,0,0,0,0,0,0,0,0,0,0,0,0,0,0,0,0,0,0,5,0,0,0,0,0,0,0,0,0,0,0,0,0,0,0,0,0,0,0,0,0,0,0,0,0,0,0,0,0,4,411,0,0,0,0,0,0,0,0,364,0,0,0,0,0,0,0,0,0,0,0,0,0,0,0,0,0,0,0,0,0,0,0,0,0,0,0,0,2,0,0,0,0,0,0,0,0,0,0,0,0,0,0,0,0,0,0,0,0,0,0,0,0,0,0,0,0,0,0,0,0,0,0,0,0,0,0,0,0,0,0,0,0,0,0,0,0,0,0,0,0,0,0,0,0,0,0,0,0,0,0,0,0,0,1,3,0,0,54,0,0,0,0,0,0,0,0,0,0,0,0,0,0,0,0,0,0,0,0,0,0,0,0,0,0,0,0,0,0,0,0,0,0,0,0,0,0,0,0,0,0,0,0,0,0,0,0,0,0,0,0,0,0,0,0,0,0,0,0,0,0,0,0,0,0,0,0,0,23,0,0,0,0,0,0,0,0,0,0,0,0,0,0,0,0,0,0,0,0,0,0,107,0,5,0,0,0,0,0,0,0,0,0,0,58,0,32,0,0,0,0,0,0,0,0,0,0,0,0,0,0,182,0,0,0,0,0,0,0,0,0,0,0,0,0,0,7,0,0,0,0,0,0,0,0,0,0,0,0,0,0,0,0,0,0,0,0,0,0,0,0,0,0,0,0,0,0,0,0,0,0,0,0,0,0,0,0,0,0,0,0,0,0,672,0,0,0,0,0,0,0,0,30,0,0,0,0,0,0,21,0,0,0,569,15,0,0,0,0,0,0,0,0,0,0,0,0,0,0,0,0,0,0,0,0,0,0,0,0,0,3,0,0,0,0,0,0,0,0,0,0,0,0,0,0,0,0,0,0,0,0,0,0,0,27,0,0,0,0,47,0,0,0,0,0,0,0,0,0,0,0,0,0,0,0,0,0,8,0,0,0,0,0,0,0,44,0,0,0,0,0,0,0,0,0,0,0,0,0,7,0,0,0,0,0,0,0,0,0
"D90",7,5,0,3,2,2,61,0,8,1,0,0,0,0,0,0,0,0,0,0,72,25,0,0,0,0,0,0,0,0,0,2,0,0,0,0,0,0,0,0,0,0,0,0,0,0,0,0,0,0,78,8,13,0,0,2,0,16,0,0,4,0,0,129,0,0,3,0,0,27,0,0,0,0,0,0,0,0,0,0,0,0,0,0,0,0,27,0,5,0,0,0,0,0,0,0,0,5,0,0,0,0,0,0,0,0,10,0,0,0,213,2,24,0,0,3,4,0,0,21,0,0,0,0,0,0,0,0,0,2,0,0,0,0,0,0,0,0,0,3,0,108,0,0,0,7,0,0,0,0,32,2,0,4,0,95,0,0,0,0,0,0,0,0,9,0,81,0,0,0,0,19,0,3,0,0,0,0,0,7,0,0,0,528,0,0,7,90,0,0,0,0,0,0,0,0,0,0,0,2,0,0,0,0,0,0,0,0,0,0,1,0,0,0,0,4,10,0,2,0,0,0,0,7,0,10,0,0,0,0,0,0,0,285,0,0,0,0,35,0,0,2,0,0,0,18,0,0,0,14,0,0,0,13,0,2,0,0,13,0,0,231,0,0,0,0,0,0,0,0,0,6,40,0,0,24,0,0,10,0,0,47,15,0,0,0,0,0,0,0,0,16,2,0,0,70,0,0,17,0,0,0,0,0,0,45,0,0,3,0,1,1,0,0,0,11,0,0,33,0,0,0,0,0,0,0,0,0,0,0,0,2,0,0,0,0,0,0,0,2,0,0,2,0,22,0,9,0,106,0,0,0,2,0,0,0,2,0,0,0,0,4,0,0,0,0,3,0,0,1,27,0,0,0,0,0,0,0,0,38,60,0,0,0,0,65,0,0,0,0,0,0,0,0,3,2,0,0,0,0,0,2,3,3,0,0,0,0,0,0,4,1,0,0,0,0,0,0,0,0,0,16,0,0,0,0,0,0,0,1,0,0,0,0,0,0,7,0,0,6,13,0,0,0,0,2,0,2,0,1,0,326,2,0,0,0,0,0,0,0,5,0,0,0,7,40,0,0,0,0,0,0,6,0,0,1,0,0,0,19,0,0,2,0,0,5,0,0,0,0,0,2,2,0,0,0,2,0,0,0,0,0,20,0,0,4,0,0,0,0,0,0,15,0,0,0,0,1,0,0,22,0,13,0,43,0,426,0,0,4,0,0,21,0,0,0,0,1,0,1,6,0,0,0,0,0,0,0,2,0,0,0,5,0,0,0,4,0,3,0,2,0,0,0,0,0,4,284,39,8,0,0,0,0,0,0,2,0,0,0,0,3,0,0,0,0,0,17,0,0,0,0,0,0,0,0,0,0,0,0,168,12,0
"D91",0,0,0,0,0,0,0,0,0,0,0,0,0,0,0,0,0,0,0,0,0,0,0,0,0,0,0,0,0,0,0,0,0,0,0,0,2,0,0,0,0,0,0,0,0,0,0,0,0,0,0,0,0,0,0,0,0,0,0,0,0,0,0,3,0,0,0,0,0,0,0,0,0,0,0,0,0,0,0,0,0,0,0,0,0,0,0,0,0,0,0,0,0,0,0,0,0,0,0,0,0,0,0,0,0,0,0,0,0,0,0,0,0,0,0,0,0,0,0,0,0,0,0,0,0,0,0,0,0,0,0,0,0,0,0,0,0,0,0,0,0,0,0,0,0,0,0,0,0,0,0,0,0,0,0,0,0,0,0,0,0,0,0,0,0,0,0,0,0,0,0,0,0,0,0,0,0,0,0,0,0,0,0,0,0,0,0,0,0,0,0,0,0,0,0,0,0,0,0,0,0,0,0,0,0,0,0,0,0,0,0,0,0,0,0,0,0,0,0,0,0,0,0,0,0,0,0,0,0,0,0,0,0,2,0,0,0,0,0,0,0,2,0,0,0,0,0,0,0,0,0,0,0,0,0,0,0,0,0,0,0,0,0,0,0,0,0,0,0,0,0,0,0,0,0,0,0,0,0,0,0,0,0,0,0,0,0,0,0,0,0,0,0,0,0,0,0,0,0,0,0,0,0,0,0,0,0,0,0,0,0,0,0,0,0,0,0,0,0,0,0,0,0,0,0,0,0,0,0,0,0,0,0,0,0,0,0,0,0,0,0,0,0,0,0,0,2,0,0,0,0,0,0,0,0,0,0,0,0,0,0,0,0,0,0,0,0,0,0,0,0,0,0,0,0,0,0,0,0,0,0,0,0,0,0,0,0,0,0,0,0,0,0,0,0,0,0,0,0,0,0,0,0,0,0,0,0,0,0,0,0,0,0,0,0,0,0,0,0,0,0,0,0,0,0,0,0,0,0,0,0,0,0,0,0,0,0,0,0,0,0,0,0,0,0,0,0,0,0,0,0,0,0,0,0,0,0,0,0,0,0,0,0,0,0,0,0,0,0,0,0,0,0,0,0,0,0,0,0,0,0,0,0,0,0,0,0,0,0,0,0,0,0,0,0,0,0,0,0,0,0,0,0,0,0,0,0,0,0,0,0,0,0,0,0,0,0,0,0,0,0,0,0,0,0,0,0,0,0,0,0,0,0,0,0,0,0,0,0,0,0,0,0,0,0,0,0,0,0,0,0,0,0,0,0,0,0,0,0,0,0,0,0,0,0,0,0,0,0,0,0,0,0,0,0,0,0,0,0,0,0,0,0,0,0,0,0,0,0,0,0,0,0,0,0,0,0,0,0,0,0,0,0
"D92",7,37,0,0,0,14,0,19,0,9,0,0,0,4,2,0,0,6,0,0,0,0,12,0,2,0,0,0,4,3,7,1,6,0,9,0,3,5,0,7,8,0,0,0,0,0,0,2,5,2,0,0,108,0,20,0,18,5,0,4,4,0,20,0,0,0,15,0,0,4,0,0,0,0,0,3,0,43,19,6,0,0,0,0,0,0,0,0,83,0,0,0,4,0,0,0,0,0,0,0,19,0,0,2,0,0,0,10,60,0,0,0,0,3,4,7,8,0,0,1,0,0,0,0,0,33,2,0,5,0,2,0,0,0,0,11,0,0,0,0,0,14,0,0,0,4,2,0,16,0,0,0,82,83,4,0,0,0,0,0,0,4,0,0,3,2,0,0,0,18,0,0,0,24,4,0,0,0,6,0,4,17,0,0,0,0,4,0,0,1,0,0,0,0,0,0,12,14,0,3,0,0,0,0,0,38,0,14,0,0,0,9,0,7,0,0,0,0,0,0,4,0,14,0,0,2,6,117,0,0,0,0,0,0,0,0,4,0,21,0,0,0,0,0,0,2,0,14,0,2,0,3,15,3,0,0,2,0,0,0,0,0,0,0,8,0,0,0,2,2,0,0,0,4,0,0,0,4,5,18,23,0,0,0,0,0,2,0,0,2,0,0,6,0,0,0,5,0,0,45,0,2,3,0,0,0,0,22,56,1,0,0,35,28,9,0,0,0,5,0,0,0,12,0,0,0,2,0,0,10,0,3,28,16,0,0,0,6,0,20,2,0,0,0,12,32,5,7,0,0,40,4,1,0,0,0,0,0,0,6,0,0,0,0,0,1,14,0,0,3,15,12,0,0,0,0,0,26,0,0,0,0,0,0,0,0,13,0,0,0,139,8,0,0,0,9,0,0,0,0,0,1,1,0,1,26,2,0,0,0,0,36,0,0,0,0,0,4,0,0,0,0,0,2,2,0,0,4,0,3,2,0,0,0,0,0,9,0,0,3,0,0,0,0,0,0,0,0,2,0,0,0,0,0,13,0,0,0,0,7,1,0,0,0,6,11,3,0,1,0,77,0,1,2,0,0,0,0,0,0,0,0,0,25,0,0,1,0,0,0,0,2,0,0,0,0,0,0,0,11,0,0,0,0,0,8,0,0,2,0,4,0,0,4,0,0,3,1,0,0,7,0,18,0,0,0,5,0,30,32,11,0,10,0,0,0,0,53,183,0,0,0,0,0,92,0,8,13,19,0,0,4,0,0,0,0,4,0,13,13,0,0,13,0,0,5,7,0,0,16,0,0,18,9,0,0,13,0,94,4,1,64,0,0,0,0,0,15,0,0,0,0,3,0,21,0,0,8,0,0,7,32,0
"D93",2,0,0,0,0,518,4,0,0,11,0,0,0,2,0,0,0,0,0,0,7,0,12,0,0,0,0,2,0,0,0,0,497,0,0,0,33,0,0,0,0,0,0,0,0,0,0,0,20,0,0,0,0,26,0,0,0,0,0,0,0,0,26,0,0,0,52,0,0,0,0,0,0,0,0,0,0,0,0,0,0,0,7,0,0,0,0,0,0,0,0,0,29,0,0,0,0,9,249,0,0,66,0,18,0,0,0,0,0,0,0,0,0,0,0,1473,0,0,0,0,0,3,0,0,0,0,0,0,0,0,0,0,0,0,0,0,0,0,0,0,0,0,0,0,1101,23,0,372,2,0,0,0,0,75,0,0,0,0,0,0,0,0,0,0,0,0,0,0,0,0,0,6,0,75,0,0,16,0,0,0,0,0,0,0,0,0,6,0,0,2,0,0,0,0,0,0,0,0,0,0,0,0,0,0,0,0,25,0,0,0,149,0,40,0,0,107,0,0,0,0,0,0,6,0,0,0,0,0,0,12,0,0,0,0,0,55,0,0,0,0,0,0,0,0,0,0,0,0,0,0,129,0,0,8,0,0,185,0,0,0,0,0,0,0,0,0,0,0,0,0,0,0,0,0,0,178,0,0,0,0,0,0,0,3,0,0,54,0,0,2,0,4,0,0,0,0,0,0,29,3,0,0,0,0,59,0,0,0,0,0,0,0,0,0,0,0,0,0,0,0,0,0,0,0,0,0,8,0,0,0,0,0,0,0,0,0,0,0,0,0,0,0,38,0,0,0,318,2,14,0,5,0,0,0,0,0,58,0,0,0,0,0,3,0,0,0,0,0,0,0,0,0,0,0,0,0,0,0,0,0,23,0,0,0,1,0,0,8,0,0,0,0,3,0,0,0,44,54,106,0,0,0,0,0,0,0,0,0,0,0,0,0,0,0,0,0,0,0,154,0,0,13,0,0,0,0,0,0,9,0,0,0,0,0,0,0,539,0,4,0,0,0,0,0,0,0,0,0,0,9,0,11,0,0,0,0,0,0,0,0,0,0,0,0,415,0,0,0,0,0,0,0,0,45,0,170,0,0,0,0,0,0,0,0,0,0,0,0,0,0,0,36,0,0,4,0,4,0,0,0,0,0,0,0,0,0,0,0,0,574,0,0,0,0,0,444,0,0,0,0,0,0,0,0,0,0,0,0,50,0,0,0,0,1,0,0,0,0,0,0,0,10,0,0,0,0,0,3,20,0,0,0,0,0,11,0,0,0,22,0,0,0,0,0,0,0,0,0,0,22,0,0,0,0,0,0,0,0,26,0,0,0,0,0,0,0,0,0,0,0,0,0,0,0,0,0,0,0,0,0,0,0,0
"D94",0,0,0,0,0,0,2,0,0,1,0,0,0,0,0,0,0,0,0,0,0,0,0,0,0,0,570,0,0,0,0,0,0,0,0,0,0,0,0,0,0,0,0,24,0,0,0,0,0,0,0,0,0,0,0,0,0,0,0,0,0,0,0,0,0,0,0,0,0,0,0,149,229,0,0,0,0,0,0,0,28,0,0,0,0,806,0,0,0,11,0,0,0,0,0,0,182,0,0,0,0,0,635,0,0,0,0,0,0,0,0,0,0,0,0,0,0,0,6,0,0,0,0,0,0,0,0,1584,0,0,0,0,0,0,0,0,0,664,0,0,0,0,0,0,0,0,0,0,5,0,0,0,0,0,0,0,2,0,0,0,0,0,0,0,0,0,0,0,0,0,209,0,0,0,0,0,0,0,0,0,0,0,0,0,1064,0,0,0,0,0,0,0,0,0,0,0,4,0,0,0,0,126,0,0,0,0,0,0,0,0,0,0,0,0,0,0,0,0,0,0,0,0,0,0,0,0,0,0,0,0,42,0,0,0,0,0,0,0,0,0,0,0,0,0,2,0,0,0,2,0,0,0,0,33,0,0,0,0,0,0,0,0,0,0,0,0,0,0,0,0,0,0,0,3,0,0,0,0,0,0,0,0,0,0,0,0,0,0,0,0,0,0,0,0,0,2,0,0,0,0,0,0,0,0,0,0,0,0,0,0,0,0,0,0,0,0,0,0,0,0,0,0,0,0,0,0,0,0,0,0,0,0,0,0,0,0,0,0,1219,0,0,11,0,0,0,0,0,0,0,0,0,0,0,0,0,0,0,0,0,0,119,0,0,0,0,0,0,0,355,0,0,0,0,0,0,0,0,0,0,0,0,0,0,0,0,0,0,0,0,0,0,0,0,0,0,0,0,0,2177,0,47,0,60,0,0,0,59,0,0,0,0,0,0,0,0,220,0,0,0,0,0,0,0,0,16,0,0,0,0,0,0,2,520,0,1040,0,0,0,0,0,0,0,1166,0,0,0,357,0,0,0,0,0,0,0,0,123,0,0,0,0,0,0,0,0,0,0,0,0,0,0,0,0,0,0,0,0,1116,423,0,0,0,0,0,0,0,0,0,0,0,0,0,0,0,0,0,0,0,0,18,0,105,0,0,0,0,0,0,0,0,0,0,0,0,0,414,0,0,0,0,0,0,0,0,0,0,0,5,0,0,0,0,0,0,0,10,0,0,0,0,0,0,0,452,0,0,0,0,0,0,2418,0,0,0,0,56,0,0,0,0,0,0,0,0,0,0,0,0,0,0,0,0,0,0,0,0,0,0,0,0,0,0,0,0,0,0,0,9,0,0,1713,8,0,0,0,0,0,0,6,0,0,0,0,0
"D95",0,0,0,0,0,0,0,0,0,0,0,0,0,0,0,0,0,0,83,0,45,0,0,0,0,0,0,0,0,0,0,0,0,424,0,0,0,0,0,0,0,0,0,0,0,0,0,0,0,0,266,0,0,0,60,0,0,0,0,0,0,0,0,0,0,0,0,0,0,61,0,0,0,0,0,167,0,0,0,0,0,455,0,0,0,0,1340,0,56,0,0,0,0,0,0,0,0,0,0,0,0,0,82,0,0,0,0,0,0,0,116,0,0,0,0,0,0,0,0,18,0,0,0,0,0,0,0,0,0,0,0,0,0,0,0,0,123,0,0,0,0,0,0,0,0,0,0,0,0,0,0,0,0,0,0,194,0,0,0,0,0,0,0,0,0,0,0,0,0,0,0,0,0,0,0,0,0,0,0,0,0,65,303,1330,159,0,89,0,0,0,0,0,0,0,0,0,0,116,0,0,0,0,0,0,0,0,0,0,0,0,0,0,0,0,0,0,0,0,0,0,238,0,0,0,0,0,0,0,0,0,0,0,0,35,0,0,0,0,0,0,0,681,0,0,0,0,0,0,0,0,0,0,0,265,0,0,0,0,0,0,0,0,0,0,0,0,207,0,0,0,0,0,0,0,0,0,0,0,0,0,0,0,0,0,0,0,0,0,0,280,0,0,0,0,0,0,0,0,0,0,72,0,0,0,0,0,259,0,0,0,0,0,0,0,0,0,0,0,0,0,0,0,0,0,0,0,0,0,0,0,0,0,1000,0,0,0,0,0,21,0,0,90,0,0,0,0,0,0,0,0,0,0,0,0,0,0,0,0,0,0,0,0,0,0,0,0,0,0,0,0,0,0,0,0,0,33,0,0,0,0,0,0,0,0,0,0,0,0,0,0,0,0,0,0,0,0,0,0,0,23,33,0,0,0,0,0,0,0,153,0,0,0,0,0,0,0,0,0,0,0,0,0,0,0,0,0,0,0,0,0,0,0,0,0,0,0,213,0,0,0,0,0,0,0,0,0,0,0,0,11,0,0,66,0,0,0,0,0,0,0,0,0,0,0,0,0,0,0,0,0,0,0,0,0,0,0,0,0,0,0,0,0,0,0,0,0,0,0,0,0,0,0,0,0,0,0,0,0,0,0,0,0,118,0,93,0,0,0,0,0,0,0,0,0,0,0,0,0,0,0,0,103,0,0,0,0,0,0,0,0,0,0,0,0,0,0,0,0,0,0,0,0,0,0,0,0,0,0,0,0,0,106,0,83,220,0,0,0,0,0,0,0,0,0,0,0,0,0,0,0,0,0,0,0,0,0,0,0,0,0,0,0,0,0,0,0,0,0,0,159,0,184,0,0,0,0,82,238,0,0,0,0,0
"D96",0,0,19,0,0,0,0,11,0,0,0,0,4,0,1,9,19,6,253,0,0,0,25,48,0,0,0,0,0,0,360,0,3,0,0,2,0,0,2,14,0,0,0,3,0,0,1,38,0,0,0,4,1,11,4,13,0,0,0,0,11,0,1,0,0,12,1,0,0,0,0,0,0,0,8,74,57,30,1,0,0,0,0,0,17,0,0,0,0,0,0,0,0,5,0,0,0,5,0,54,149,2,0,9,35,0,0,1,332,0,0,13,0,0,29,0,0,0,15,0,0,11,49,0,0,1,0,550,0,0,0,0,0,0,17,31,0,0,7,0,2,0,0,21,0,6,0,0,0,0,0,0,0,0,15,0,429,7,46,0,0,0,0,0,0,1,0,152,672,0,0,0,2,0,1,5,0,3,2,1,0,0,14,0,0,30,0,0,0,26,39,0,13,73,0,0,0,0,0,1,0,0,18,0,0,0,0,29,17,0,0,0,3,162,0,0,0,0,0,1,10,2,0,0,2,8,8,0,1,0,0,0,3,0,9,0,0,3,0,0,0,0,0,2,6,0,42,10,0,0,0,0,25,8,203,0,0,0,0,0,7,0,5,74,0,0,0,3,2,4,5,0,0,0,0,0,136,64,0,2,400,0,5,1,0,0,0,4,0,23,14,0,0,279,82,0,0,15,0,0,3,0,0,15,0,0,387,9,6,0,13,0,0,0,0,0,0,0,0,10,0,3,2,6,10,0,0,3,43,85,59,6,0,0,0,0,37,75,0,189,0,0,0,0,0,13,0,0,0,0,0,0,44,0,0,0,0,0,0,21,3,0,7,12,3,0,2,0,4,0,0,0,6,0,9,0,21,116,0,0,0,199,9,12,0,0,0,0,15,0,8,3,1,182,0,0,0,7,0,0,224,0,0,0,3,0,0,10,0,2,0,0,6,41,0,0,22,0,0,0,39,0,0,0,0,18,0,0,8,0,0,8,0,24,0,572,10,0,0,0,0,25,0,0,67,0,0,0,0,49,0,0,0,9,0,0,0,0,10,0,0,29,0,6,1,0,0,0,0,0,1091,0,0,16,0,0,0,0,0,0,0,2,0,6,0,0,0,0,289,0,0,0,0,1,2,0,0,3,0,2,0,0,6,9,0,65,5,0,2,0,0,0,0,8,0,0,0,29,8,0,0,11,4,39,0,0,0,51,21,23,15,138,0,0,0,0,0,0,0,0,0,0,0,2,11,0,6,0,13,0,0,0,0,105,0,0,0,8,2,155,0,0,0,3,30,2,99,0,0,0,8,120,1,0,1,0,0,108,0,6,0,0,188,0,12,981,8,9,0,0,0,4,6,3,22,0,0,0,0,0,0,0,0
"D97",0,0,0,0,0,0,0,0,0,0,0,0,0,0,0,0,0,0,0,0,0,0,0,0,0,0,0,0,0,0,0,0,0,0,0,0,0,0,0,0,0,0,0,0,0,0,0,0,0,0,0,0,0,0,0,0,0,0,9,0,0,0,0,0,0,0,0,0,0,0,0,0,0,0,0,0,0,0,0,0,0,0,0,0,0,0,45,0,0,2,0,0,0,0,0,0,0,0,0,0,0,0,0,0,0,0,0,0,0,0,4,0,0,0,0,0,0,0,0,0,0,0,0,0,0,0,0,0,0,0,0,0,0,0,0,0,0,0,0,0,0,0,0,0,0,0,0,0,0,11,0,0,0,0,0,0,0,0,0,0,0,0,0,0,0,0,0,0,0,0,0,0,0,0,0,0,0,0,0,0,0,0,0,0,0,0,0,0,0,0,0,0,0,0,0,0,0,0,0,0,0,0,0,0,0,0,0,0,0,0,0,0,0,0,0,0,0,0,0,0,0,0,0,0,0,0,0,0,0,0,1,0,0,0,0,0,0,0,0,0,0,0,0,0,0,0,0,0,0,0,0,0,0,0,0,0,0,0,0,0,0,0,0,0,0,0,0,0,0,0,0,0,0,0,0,0,0,0,0,0,0,0,0,0,0,0,0,0,0,0,0,0,0,0,0,0,0,0,0,0,0,0,0,0,0,0,0,0,0,0,0,0,0,0,0,0,0,0,0,0,0,0,0,0,0,0,0,0,0,0,0,0,361,0,0,0,0,0,0,11,0,0,0,0,0,0,0,0,0,0,0,0,0,0,0,0,0,0,0,0,0,0,0,0,0,0,0,0,0,0,0,0,0,0,0,0,0,0,0,0,0,0,0,0,0,0,0,0,0,0,0,0,0,0,0,0,0,0,0,0,0,0,0,0,0,0,0,0,0,0,0,0,0,0,0,0,0,0,0,0,0,0,0,0,0,0,0,0,0,0,0,0,0,0,0,0,0,0,0,0,0,0,0,0,0,0,0,0,0,0,0,112,0,0,0,0,0,0,0,0,0,0,0,0,0,0,0,0,0,0,0,0,4,0,0,0,0,0,0,0,0,0,0,0,0,0,0,0,0,0,966,0,0,0,0,0,0,0,0,0,0,0,0,0,0,0,0,0,0,0,0,0,0,0,0,0,0,0,0,0,2,0,0,0,0,0,0,0,0,0,0,0,0,0,0,0,0,0,0,0,0,0,0,0,0,0,0,0,0,0,0,0,0,0,0,0,0,0,0,0,0,0,0,0,0,0,0,0,0,0,0,0,0,0,0,0,0,0,0,0,0,0,0,0,0,0,0,0,0,0,0,0,0,0,0,0,0,0,0,0,0,0,0
"D98",0,0,0,0,0,0,0,0,0,0,0,0,0,0,0,0,0,0,0,0,0,0,0,0,0,0,0,0,0,0,0,0,0,0,0,0,0,0,0,0,0,0,0,0,0,0,0,0,0,55,0,0,0,0,0,0,0,341,0,6,0,0,0,0,0,0,0,3,0,0,0,0,0,0,0,0,0,0,0,0,0,0,1,0,0,0,0,0,0,0,0,0,0,0,0,1,0,0,0,0,0,0,0,0,0,0,2,0,0,0,0,0,0,0,0,3,0,0,0,0,0,0,0,0,0,0,0,0,0,0,0,0,0,0,0,0,0,0,0,0,0,0,0,0,0,0,0,0,0,0,268,0,0,0,0,0,0,0,0,0,0,0,0,0,0,0,0,0,0,0,0,0,0,0,0,0,0,0,0,0,0,0,0,2,0,0,0,0,0,0,0,0,0,0,0,0,0,0,0,0,0,0,0,0,0,0,0,0,0,0,0,0,0,0,0,0,0,0,0,0,0,0,0,6,0,0,0,0,0,10,0,0,0,0,0,0,0,0,0,0,0,2,0,0,0,0,2,0,0,0,0,0,0,0,0,0,0,0,0,0,0,0,0,0,0,0,0,0,0,0,0,0,0,0,0,0,0,0,0,0,28,0,0,0,0,0,0,0,0,0,0,0,558,0,0,0,0,0,0,0,0,0,16,0,0,0,0,0,0,0,0,0,0,0,0,0,16,0,0,0,0,0,0,0,0,0,0,0,0,0,0,0,0,0,0,0,0,0,0,0,0,0,0,0,0,0,0,0,0,0,0,0,0,0,0,0,0,0,0,0,0,282,0,0,0,0,0,0,0,0,0,0,0,0,0,0,0,0,0,1,0,0,0,0,0,0,0,0,0,0,0,0,0,0,0,0,0,0,0,0,0,0,0,0,0,0,0,0,0,0,0,0,0,0,0,0,0,0,0,0,0,0,0,0,0,0,0,0,0,0,0,0,0,0,0,0,0,0,0,0,0,0,0,0,0,0,0,0,0,0,0,528,0,0,0,0,0,0,0,0,0,0,0,0,0,0,0,0,0,0,0,0,3,0,0,0,0,0,0,0,0,0,0,0,0,0,0,0,0,0,0,0,0,0,0,0,0,0,0,0,0,0,0,0,0,0,0,0,0,0,0,0,0,0,0,0,0,0,0,0,0,0,0,0,41,0,0,0,0,0,0,0,0,0,0,0,0,0,0,0,0,0,0,0,0,0,0,0,0,0,0,0,0,0,0,0,0,0,0,0,0,13,0,0,0,0,0,0,0,0,0,0,0,0,0,0,0,0,2132,0,0,0,0,0,0,0,0,0,0,0,0,0,0,0,0,0,0,0,0,0,0,0,0
"D99",0,0,0,365,0,0,90,0,0,0,0,0,0,0,0,0,0,0,0,0,9,0,0,0,0,29,0,0,0,0,0,0,0,0,0,0,46,0,0,0,0,11,0,0,0,0,0,0,0,0,356,0,0,0,0,0,0,0,0,0,0,0,30,401,0,0,0,24,0,9,0,0,0,0,0,0,0,0,0,0,0,0,0,0,0,0,0,0,0,0,0,0,0,0,0,0,0,0,0,0,0,0,0,0,0,177,10,0,0,0,5396,0,937,0,0,18,0,168,0,0,0,0,0,0,0,0,0,0,0,22,0,12,0,0,0,0,12,0,0,0,0,65,0,0,0,0,0,0,0,83,0,0,0,0,0,267,0,0,0,0,0,0,0,0,53,0,1634,0,0,0,0,0,0,0,0,0,0,0,0,0,0,0,0,60,0,0,0,25,0,0,0,0,0,0,0,0,0,0,0,0,0,0,0,0,0,0,0,0,0,0,2,0,0,0,0,0,107,0,0,0,0,0,0,0,0,32,0,0,0,0,0,0,0,62,0,0,0,0,0,0,6,0,34,0,0,30,0,0,0,0,0,0,0,0,0,0,0,0,1046,0,0,937,0,0,0,0,0,0,0,0,0,0,0,0,0,0,0,0,0,0,0,239,0,0,0,0,4,0,48,0,0,0,0,0,0,0,0,0,0,0,0,0,0,0,0,62,0,0,0,0,0,36,0,0,0,24,0,0,162,0,0,0,0,0,0,1,0,0,0,0,0,0,259,0,0,0,0,14,0,0,0,0,12,0,0,0,0,0,0,0,0,19,0,0,0,70,6,0,19,0,0,0,0,0,0,0,0,0,0,0,141,0,0,0,0,0,0,0,0,361,0,0,0,0,0,8,0,0,0,0,0,0,0,0,0,0,48,0,0,0,0,0,0,0,0,0,0,0,0,0,0,0,0,0,0,0,0,0,0,0,0,0,0,0,0,0,0,0,0,0,0,0,0,0,0,0,0,0,0,86,0,0,0,0,0,0,0,0,0,0,0,47,2,24,0,0,0,0,0,0,0,0,0,0,0,0,0,0,0,0,0,0,16,0,0,0,0,0,0,24,8,0,0,0,0,0,0,0,0,0,0,0,0,0,0,5,0,0,0,0,0,0,0,0,0,0,0,0,0,0,0,0,0,0,0,0,0,0,0,0,0,0,0,0,1871,24,0,0,0,0,0,0,0,0,0,0,0,0,0,0,0,0,0,0,0,0,0,72,0,0,0,0,0,0,0,0,0,0,0,0,0,0,0,0,0,0,0,57,0,12,0,0,0,0,0,0,0,0,0,0,0,0,0,0,0,0,0,0,55,0,0,0,0,0,0,0,0,0,0,0,201,0,14
"D100",0,0,0,0,0,0,0,0,0,0,0,0,0,0,0,0,0,0,0,0,0,0,0,0,0,39,0,0,0,0,0,0,0,0,0,0,0,0,0,0,0,532,0,0,0,0,0,0,0,0,0,0,0,0,0,0,0,0,0,0,0,0,0,0,0,0,0,0,0,0,0,0,0,0,0,0,0,0,0,0,0,0,0,0,0,0,0,0,0,0,0,0,0,0,0,0,0,0,0,0,0,0,0,0,0,219,0,0,0,0,0,0,0,0,0,0,0,1571,0,0,0,0,0,2,0,0,0,0,0,0,0,0,0,4,0,0,0,0,0,0,0,0,94,0,0,0,0,0,0,0,0,0,0,0,0,0,0,0,0,0,0,0,0,0,0,0,0,0,0,0,0,0,0,0,0,0,0,0,0,0,0,0,0,0,0,0,0,0,0,0,0,0,0,0,0,0,0,0,0,0,0,0,0,3,0,0,0,0,0,0,0,0,0,0,0,0,139,430,0,0,0,0,0,0,0,0,0,0,0,0,0,0,0,0,0,0,0,0,0,0,0,0,0,0,0,0,0,0,0,0,0,0,0,0,0,0,0,0,1553,12,0,0,0,0,0,0,0,0,0,0,0,0,0,0,0,0,0,0,0,0,0,0,0,0,0,0,0,0,0,0,0,0,0,0,0,0,0,0,0,0,0,0,0,0,0,0,0,0,0,0,0,1458,0,0,0,0,0,0,0,0,0,0,0,0,0,0,0,0,0,0,0,0,0,0,0,0,0,0,0,0,0,0,0,0,0,0,0,0,0,0,0,0,0,0,0,137,0,0,39,0,0,0,0,0,0,0,0,0,0,0,0,0,0,0,0,0,0,0,0,0,0,0,0,0,0,0,0,0,0,0,0,0,0,0,0,0,0,0,0,0,0,0,0,0,0,0,0,0,0,0,220,0,0,0,38,0,0,0,0,0,0,0,0,0,0,0,0,0,0,0,0,0,0,0,0,0,0,0,0,0,0,0,0,0,0,0,0,0,0,0,0,0,0,0,0,0,0,0,0,0,0,0,0,0,0,0,0,0,0,0,0,0,0,0,0,0,0,0,0,0,0,0,0,0,0,0,0,0,0,0,0,0,0,0,0,0,0,0,0,0,0,961,0,0,0,0,0,0,0,0,0,0,0,0,0,0,0,0,0,0,0,0,0,0,0,0,0,0,0,0,0,0,0,0,0,0,14,0,0,0,0,0,0,0,0,0,0,0,0,0,0,0,0,0,0,0,0,0,0,0,71,0,0,0,0,0,0,0,0,0,0,0,0,0,0,0,0,0,0,0,0,0,0,0,0,0,0,0,6,0,0,0,0,0,0,0,0,0,0,0,0,0,5
"D101",0,0,0,1351,0,0,0,0,0,0,0,0,0,0,0,0,0,0,0,0,0,0,0,0,0,0,0,0,0,0,0,0,0,0,0,0,0,0,0,0,0,0,0,0,0,0,0,0,0,0,0,0,0,0,0,0,0,0,0,0,0,0,0,0,0,0,0,0,0,0,0,0,0,0,0,0,0,0,0,0,0,0,0,0,0,0,0,0,0,0,0,0,0,0,0,0,0,0,0,0,0,0,0,0,0,0,0,0,0,0,2848,0,49,0,0,0,0,0,0,0,0,0,0,0,0,0,0,0,0,3963,0,0,0,0,0,0,55,0,0,0,0,0,0,0,0,0,0,0,0,0,14,0,0,0,0,0,0,0,0,0,0,0,0,0,0,0,3472,0,0,0,0,0,0,0,0,0,0,0,0,0,0,0,0,0,0,0,0,0,0,0,0,0,0,0,0,0,0,0,0,0,0,0,0,0,0,0,0,0,0,0,0,0,0,0,0,0,0,0,0,0,0,0,0,0,0,0,0,0,0,0,0,0,0,0,0,0,0,0,0,0,0,0,0,0,0,0,0,0,0,0,0,0,0,0,0,0,0,0,0,0,0,0,0,0,0,0,0,0,0,0,0,0,0,0,0,0,0,0,0,0,0,0,0,0,0,0,0,0,0,0,0,0,0,0,0,0,0,0,0,0,0,0,0,0,0,0,0,0,0,0,0,0,0,0,0,0,0,0,0,0,0,0,0,0,0,0,0,0,0,0,0,0,0,0,0,0,0,0,0,0,0,0,0,0,0,0,0,0,0,0,0,0,0,5,0,0,0,0,0,0,0,0,0,0,0,0,0,0,0,0,0,0,0,0,0,0,0,0,0,0,0,0,0,0,0,0,0,0,0,0,0,0,0,0,0,0,0,0,0,0,0,0,0,0,0,0,0,0,736,0,0,0,0,0,0,0,0,0,0,0,0,0,0,0,0,0,0,0,0,0,0,0,0,0,0,0,0,9,0,0,0,0,0,0,0,0,0,0,0,0,0,0,0,0,0,0,0,0,0,0,0,0,0,0,0,0,0,0,0,0,0,0,0,0,0,0,0,0,0,961,0,0,0,0,0,0,0,7,0,0,0,0,0,0,0,0,0,0,0,0,0,0,0,0,0,0,0,0,0,0,0,0,0,0,0,0,0,0,0,0,0,0,0,0,0,3,0,0,0,0,0,0,0,0,0,0,0,0,0,0,0,0,0,0,0,0,0,0,0,0,0,0,0,0,0,0,0,0,0,0,0,0,0,0,0,0,0,0,0,0,0,0,0,0,0,0,0,0,0,0,0,0,0,0,0,0,0,0,0,0,0,0,0,0,0,0,0,0,0,0,0,0,0
"D102",0,11,6,0,0,0,0,0,0,4,0,0,0,20,0,477,90,3,0,261,0,0,520,16,0,0,0,0,0,69,861,0,0,0,0,0,0,11,0,33,0,0,61,0,5,0,0,13,274,0,0,0,28,0,0,0,0,0,0,215,0,0,278,0,0,350,23,0,0,0,0,0,0,0,5,0,0,0,0,0,0,0,0,0,110,0,0,0,0,0,31,0,0,0,9,0,0,0,0,830,28,4,0,0,249,0,0,0,444,15,0,11,0,7,5,2,0,0,0,0,0,108,7,0,0,0,0,0,34,0,0,0,0,0,12,0,0,0,0,0,37,0,0,0,0,0,0,0,0,0,0,0,0,9,14,0,0,65,30,0,56,0,0,7,0,0,0,14,48,0,0,0,0,0,0,0,0,0,0,57,0,0,0,0,0,32,0,0,104,0,0,0,0,0,10,0,0,0,3,0,0,0,0,0,0,0,0,0,4,0,1,0,0,18,0,0,0,0,0,0,0,18,0,0,0,0,1,0,0,18,0,0,0,0,143,0,0,0,0,0,0,0,0,0,0,0,26,0,0,0,181,0,98,0,157,0,1,7,0,0,18,8,144,565,0,10,0,121,9,0,4,0,0,0,0,0,22,0,0,0,937,0,0,1,0,0,2,9,0,0,0,0,0,397,657,0,0,21,0,584,0,0,0,0,52,0,0,604,13,0,45,0,0,15,5,0,0,66,0,0,0,0,0,0,0,0,0,3,0,24,0,57,0,0,116,35,443,32,0,0,0,0,0,19,0,757,0,0,0,0,1,0,0,0,0,0,0,0,0,0,0,0,0,2,3,0,13,0,0,0,0,0,2,2,644,0,6,97,0,0,0,0,0,8,0,0,16,12,108,4,43,6,0,1426,17,0,0,27,0,0,0,31,0,0,0,0,0,0,0,10,0,0,0,72,0,0,37,0,62,74,0,0,24,0,0,12,1,0,0,0,4,0,0,0,0,833,1,0,0,0,0,44,0,0,0,0,0,0,10,0,0,0,0,161,0,0,0,0,74,0,0,10,0,44,0,0,0,20,0,0,1038,0,11,49,0,0,0,0,14,0,0,22,0,4,120,0,10,0,0,79,0,3,0,37,0,0,0,37,0,131,0,0,0,10,0,243,25,0,1,0,0,0,0,0,0,0,0,35,0,77,3,0,0,0,0,0,0,17,0,702,7,480,0,31,0,0,0,0,0,0,0,0,0,71,8,11,0,0,680,0,0,3,0,0,0,0,0,91,0,12,0,0,0,16,5,0,364,0,0,0,0,0,0,33,0,53,0,115,45,77,0,0,79,9,0,2,14,9,0,0,0,0,12,0,157,0,0,0,0,0,0,0,0
"D103",0,0,0,0,0,0,0,0,2,0,0,0,0,0,0,0,0,0,0,0,0,0,0,0,0,0,0,0,0,0,0,0,0,192,0,0,0,0,0,0,0,0,0,0,0,0,0,0,197,0,0,0,0,0,0,0,0,0,2,0,0,0,9,0,0,0,0,0,0,0,0,0,0,0,0,0,0,0,0,0,10,0,2,0,0,117,0,0,0,9,0,0,0,229,0,0,0,0,0,0,0,0,0,14,0,0,0,0,0,0,0,0,0,0,0,0,0,0,0,0,0,0,0,0,0,0,0,0,0,0,0,0,0,0,0,0,0,0,0,0,0,0,0,0,0,0,0,0,0,0,0,0,0,0,0,0,3,0,0,0,0,0,0,0,0,0,0,0,0,0,0,0,0,0,0,0,0,0,0,0,0,0,0,0,227,0,0,0,0,0,0,0,0,3,0,0,0,0,0,0,0,0,0,0,0,0,0,0,0,0,0,0,0,0,0,0,0,0,0,0,0,0,6,0,0,0,0,0,0,0,0,0,0,0,0,0,0,0,0,0,0,0,0,0,0,0,0,0,0,0,0,0,0,0,0,0,0,0,0,0,0,0,0,0,0,0,0,0,0,0,0,0,0,0,0,0,0,0,0,0,0,0,0,0,0,0,0,0,0,0,0,0,131,0,0,0,0,0,0,0,0,0,0,0,0,0,0,0,0,0,0,0,0,0,0,0,0,0,0,0,0,0,0,0,0,0,0,0,0,0,0,0,0,0,0,0,0,0,0,0,0,0,0,0,0,0,0,0,0,0,0,0,0,0,0,0,0,0,0,0,0,0,680,0,0,0,0,0,0,0,0,0,0,0,0,0,0,0,0,0,0,0,0,0,0,19,0,87,0,0,0,0,0,0,0,0,0,0,47,0,51,0,0,0,0,0,0,0,0,0,0,0,0,0,0,245,0,0,0,0,0,0,0,0,0,0,0,0,0,0,0,0,0,0,0,0,0,0,0,0,0,0,0,0,0,0,8,0,0,0,0,19,0,0,0,0,0,0,0,0,0,0,0,0,0,0,0,0,0,0,0,0,0,0,0,0,0,1335,0,0,0,0,0,0,0,0,27,0,0,0,0,0,0,0,0,0,0,10,2,0,0,0,0,0,0,0,0,0,0,0,0,0,0,0,0,0,0,0,0,0,2,0,0,0,9,0,0,0,0,0,0,0,0,0,0,0,0,0,0,0,0,0,0,0,0,0,0,0,6,0,0,0,0,0,0,0,0,0,0,0,0,0,0,0,0,0,0,0,0,0,0,5,0,0,0,0,0,0,0,36,0,0,0,0,0,0,0,0,0,0,0,0,0,0,0,0,0,0,0,0,2,0,0
"D104",5,435,0,0,32,19,0,79,0,45,298,586,11,10,0,0,0,8,0,0,0,82,0,165,822,0,0,0,418,0,835,0,0,0,32,0,0,297,62,161,0,0,3665,0,48,0,3,4,0,109,0,7,27,0,10,1,52,10,0,123,357,0,2,0,0,0,5,0,19,60,0,0,0,0,0,265,0,179,0,0,0,0,4,76,0,0,0,0,100,0,3,0,0,0,102,18,0,4,0,0,59,0,0,0,55,0,0,102,879,0,0,1,0,38,361,0,17,0,0,129,0,191,471,0,754,173,4,0,0,0,0,0,67,0,2,297,0,0,0,11,0,0,0,60,1,67,75,0,293,0,0,22,221,70,26,0,0,3,0,467,45,0,48,0,0,22,0,9,923,943,0,0,0,33,58,72,7,37,8,21,12,2873,489,0,0,0,0,0,101,93,0,31,10,0,8,85,66,340,0,22,7,0,76,0,1303,3238,0,0,80,0,0,0,0,2,3,6,0,0,51,34,81,4,0,0,0,7498,0,2760,0,0,0,0,6,0,0,0,32,690,72,13,5,0,0,5,0,27,0,2197,0,0,92,1,0,40,0,15,0,41,0,0,72,0,0,2327,0,25,196,26,39,5,4,18,0,82,126,0,0,74,0,44,359,0,0,0,34,8,2,0,0,22,284,0,0,25,890,15,8,2,0,959,200,0,67,93,28,0,15,0,292,20,0,0,499,168,22,0,2,0,0,0,1241,2,78,106,65,0,0,36,0,3012,408,80,1271,37,0,48,0,243,0,70,0,0,7,219,0,0,0,0,333,24,0,0,0,0,1,0,15,0,0,0,0,0,0,0,74,0,70,6,0,0,34,210,3,0,799,68,0,0,108,0,0,115,2,2,0,0,3338,0,36,0,683,6,59,0,13,211,0,9,0,0,0,0,1,4,335,0,6,0,0,0,0,1077,0,0,0,0,0,39,0,7,41,0,32,26,0,75,3,3512,3,0,0,7,10,0,0,0,30,0,0,0,1,0,0,38,76,17,7,183,3,167,0,0,0,485,119,0,36,53,0,244,0,33,0,56,16,3,4,3,0,400,183,7,9,57,784,0,0,0,16,0,0,153,0,440,27,0,0,0,137,229,0,0,22,0,4,7,0,10,0,0,0,0,0,2,0,1542,961,0,35,0,71,0,4,8,0,3,25,28,152,0,6,0,5,127,0,0,269,0,646,0,28,0,119,8,0,0,0,37,0,74,0,3,0,0,0,0,57,0,22,0,7,2,125,0,0,0,132,3,0,2113,0,0,135,5,20,39,208,0,29,2,15,0,0,121,7,4,23,90,251,0,48,59,0,0,378,5,0,130,0,0,0,0,0,0,530,0,4,4,2,7,0,28,0
"D105",0,3,14,0,0,0,0,0,0,0,0,0,0,0,3,0,0,0,246,0,0,0,0,0,0,0,2,0,0,0,0,0,0,0,0,0,0,0,4,0,0,0,0,321,0,0,0,1,0,5,0,6,2,5,2,1,0,0,0,0,3,3,0,0,0,0,0,0,7,0,25,2,4,0,0,0,0,90,0,0,0,187,0,0,0,14,1,1,0,3,0,0,0,0,1,0,0,7,0,0,7,18,0,0,45,0,0,0,0,0,0,0,0,0,16,0,0,0,7,0,0,2,0,0,0,0,0,0,0,0,0,0,0,0,5,7,0,7,6,0,0,0,0,0,0,0,6,1,3,0,0,0,0,3,0,0,23,0,0,0,0,47,4,0,0,0,0,0,0,0,0,0,0,0,2,11,0,1,5,0,23,4,12,0,0,0,0,0,0,4,0,0,5,0,0,0,12,0,0,15,0,0,26,0,2,0,0,0,0,0,0,0,0,9,0,0,0,0,9,8,0,0,0,0,4,0,0,0,0,0,0,1,2,0,0,0,0,0,0,0,0,4,0,3,6,0,0,32,0,0,0,0,0,7,0,0,0,0,2,0,0,0,0,0,71,10,0,0,0,0,0,0,0,0,2,0,0,0,0,18,8,0,0,0,16,0,0,0,0,10,0,0,0,0,22,3,0,0,0,0,10,0,0,0,0,0,0,0,5,0,12,0,74,0,6,0,0,0,0,0,0,5,0,11,0,0,0,0,0,189,8,0,0,0,0,0,0,0,16,0,0,0,0,0,0,0,0,1,0,0,1,0,80,0,0,0,0,0,0,0,3,0,9,4,0,0,9,0,5,0,0,6,2,0,0,379,0,13,0,0,0,0,5,6,0,0,0,0,36,0,145,0,2,0,0,2,0,0,0,0,0,0,1,3,4,0,13,0,0,0,0,0,0,0,0,0,0,0,4,0,3,3,11,1,0,0,2,0,0,0,0,11,0,0,2,0,0,0,0,0,0,0,0,0,14,0,40,0,6,331,0,0,0,0,0,0,0,1,0,0,0,0,0,1,0,0,2,0,0,0,0,0,0,66,0,0,9,0,0,0,0,0,0,7,0,0,0,0,0,0,0,0,0,0,8,0,0,2,0,0,3,0,29,0,0,89,0,0,0,0,91,2,0,31,0,0,0,2,12,0,0,1,0,4,0,0,0,0,71,0,0,0,0,18,0,0,0,0,0,0,0,2,0,2,0,0,10,0,0,3,0,0,0,23,8,0,0,0,0,252,0,0,67,0,0,12,36,0,0,0,0,7,0,31,0,0,0,0,0,1,0,23,0,0,0,0,0,4,0,33,0,2,0,0,0,13,0,0,0,0,3,0,0
"D106",0,0,0,0,0,0,0,0,0,0,0,0,0,0,0,0,0,0,0,0,0,0,0,0,0,0,0,0,0,0,0,0,0,3814,0,0,0,0,0,0,0,0,0,0,0,0,0,0,2,0,0,8,0,0,0,0,0,0,0,0,0,0,0,0,0,0,0,0,0,0,0,0,0,0,0,0,0,0,3,0,0,0,0,0,0,235,10,0,0,0,0,0,0,7,0,0,0,0,0,0,0,0,0,0,0,0,0,0,0,0,3,0,0,0,0,0,0,0,0,0,0,0,0,0,0,0,0,0,0,0,0,0,0,0,0,0,0,1419,0,0,0,0,0,0,0,0,0,0,0,0,0,0,0,0,0,0,23,0,0,0,0,0,0,0,0,0,0,0,0,0,0,0,0,0,0,0,0,0,0,0,0,0,0,0,100,0,0,0,0,0,0,0,0,3,0,0,0,0,0,0,0,282,0,0,0,0,0,0,0,0,0,0,0,0,0,0,0,0,0,0,0,0,0,0,3,0,0,0,0,0,0,0,0,0,0,0,0,0,0,0,0,2,0,35,0,0,0,0,0,0,0,0,0,0,0,0,0,0,0,0,0,0,0,0,0,0,0,0,0,0,0,0,0,0,0,0,0,0,0,0,0,0,0,0,0,0,0,2,2,0,0,0,98,0,0,0,0,0,2,0,0,0,0,0,0,0,0,0,0,0,0,0,0,0,0,0,0,0,0,0,0,0,0,0,0,0,0,0,0,0,0,0,8,0,0,0,0,0,291,0,0,0,0,0,0,0,0,0,0,0,0,0,0,0,0,0,0,0,0,0,0,0,0,0,0,0,0,0,0,0,0,0,0,0,0,0,0,0,0,0,0,0,0,0,0,0,0,0,0,0,0,0,0,0,0,0,0,0,0,188,0,0,0,0,0,0,0,0,0,0,0,0,0,0,0,1165,0,0,0,0,0,0,0,0,0,0,0,0,0,0,0,0,6956,0,0,0,0,0,0,0,0,0,230,0,0,0,39,0,0,0,0,0,0,0,0,0,0,0,0,0,0,0,0,0,0,0,0,0,0,0,0,0,0,0,0,0,0,1049,0,0,0,0,0,0,0,0,0,0,0,0,0,0,0,2,2,0,0,7,0,0,0,0,0,0,0,0,0,0,0,0,0,0,0,0,0,0,0,0,0,0,0,1,0,0,0,0,0,0,0,0,0,0,0,0,78,0,0,0,0,0,0,0,0,0,0,0,0,0,0,0,0,0,0,1183,0,0,0,0,0,0,0,0,0,0,0,0,0,0,6,0,0,0,0,0,0,0,0,0,0,0,0,0,0,0,0,0,0,2,0,1362,0,0,0,0,0,3,0,0,0,3,0,0,0
"D107",0,0,0,0,0,0,0,0,0,0,0,0,0,0,0,0,0,0,0,0,0,0,0,0,0,0,0,0,0,0,0,0,91,0,0,0,0,0,0,0,0,0,0,0,0,0,0,0,0,0,0,0,0,0,0,0,0,0,0,0,0,0,0,0,0,0,0,2,0,0,0,0,0,0,0,0,0,0,0,0,0,0,0,0,0,0,0,0,0,0,0,0,0,0,0,0,0,0,0,0,0,0,0,0,0,0,0,0,0,0,0,0,18,0,0,0,0,4,0,0,0,0,0,0,0,0,0,0,0,0,0,0,0,0,0,0,0,0,0,0,0,0,0,0,0,0,0,0,0,0,0,0,0,0,0,0,0,0,0,0,0,0,0,0,0,0,0,0,0,0,0,0,0,3,0,0,0,0,0,0,0,0,0,0,0,0,0,0,0,0,0,0,0,0,0,0,0,0,0,0,0,0,0,0,0,0,0,0,0,0,0,0,0,0,0,0,0,0,0,0,0,0,0,0,0,0,0,0,0,0,0,0,0,0,0,0,0,0,0,0,0,0,0,0,0,0,0,0,0,0,0,0,0,0,0,0,0,0,0,0,0,0,0,0,0,0,0,0,0,0,0,0,0,0,0,0,0,0,0,0,9,0,0,0,0,0,0,0,0,0,0,0,0,0,0,0,0,0,0,0,0,0,0,0,0,0,0,0,0,0,0,0,0,0,0,0,0,0,0,0,0,0,0,0,0,0,0,0,0,0,0,0,0,0,0,0,0,0,0,0,0,0,0,0,0,0,0,0,0,0,0,0,0,0,0,0,0,0,0,0,0,0,0,0,1,0,0,0,0,0,0,0,0,0,0,0,0,0,0,0,0,0,0,0,0,0,0,0,0,0,0,0,0,0,0,0,0,0,0,0,0,0,0,0,0,0,0,0,0,0,0,0,0,0,0,0,0,0,0,0,0,0,0,0,0,0,0,0,0,0,0,0,0,0,0,0,0,0,0,0,0,0,0,0,0,0,0,0,0,0,0,8,0,0,0,0,0,0,0,0,0,0,0,0,0,0,0,0,0,0,0,0,0,0,0,0,0,0,0,0,0,0,0,0,0,0,0,0,0,0,0,0,0,0,0,0,0,0,0,0,0,0,0,0,0,0,0,1,0,0,0,0,0,0,0,0,0,0,0,0,0,0,0,0,0,0,0,0,0,0,0,0,0,0,0,0,0,0,0,0,0,0,0,0,0,0,0,0,0,0,0,0,0,0,0,0,0,0,0,0,0,0,0,0,0,0,0,6,0,0,0,0,0,0,0,0,0,0,7,0,0,0,0,0,0,0,0,0,0,0,0,0,0,0,0,0,0,0,0,0,0,0,0
"D108",0,24,0,0,0,2,0,0,0,0,0,0,0,0,0,0,19,0,0,0,0,0,0,0,0,0,0,0,0,0,0,0,0,0,2,0,0,0,0,1,0,0,18,0,11,3,0,0,6,0,0,0,0,0,0,0,0,0,0,287,0,4,0,0,0,0,0,0,0,0,0,0,0,0,0,0,0,0,0,0,0,0,0,0,0,0,0,0,0,0,1,0,0,0,0,0,0,0,0,0,0,0,0,0,0,0,0,0,0,0,0,0,0,0,0,0,0,0,0,0,10,0,0,0,0,0,0,0,0,0,0,0,0,0,0,0,0,0,0,0,0,0,0,0,0,0,0,0,0,13,0,0,0,0,0,0,0,0,0,0,0,0,0,0,0,0,0,0,0,0,0,0,0,2,0,0,2,0,0,0,0,0,0,0,0,0,4,0,0,0,0,0,0,0,0,0,0,0,5,0,0,0,0,0,0,0,0,0,0,0,0,0,0,0,2,2,0,0,0,0,0,3,0,0,0,14,0,0,0,0,0,0,0,0,0,0,0,4,0,0,0,0,0,0,0,0,19,0,0,0,0,2,0,2,0,0,0,0,0,0,0,0,0,39,0,0,0,0,0,0,0,15,0,0,0,0,0,0,0,0,198,0,0,0,0,0,2,0,0,0,0,0,0,0,0,0,0,0,0,1,0,0,0,0,0,6,0,8,0,0,0,0,0,0,0,0,0,0,1,0,0,0,0,0,0,0,0,0,0,0,0,0,0,0,7,0,0,0,0,0,2,0,0,0,0,0,0,0,5,0,0,0,509,0,0,0,0,0,0,0,0,0,0,0,0,0,0,0,0,0,0,0,0,0,0,0,0,7,0,3,0,0,0,0,0,0,0,0,0,0,0,0,0,0,0,0,0,0,0,0,0,0,0,0,0,0,0,0,0,0,0,0,0,0,0,0,0,0,0,0,0,0,0,0,0,2,0,0,0,3,56,0,0,0,0,0,0,0,0,0,0,0,0,0,0,0,0,0,0,0,0,0,0,3,0,0,0,0,0,0,0,0,0,0,0,3,0,0,0,0,0,0,0,0,0,0,0,0,0,0,0,0,0,0,0,0,0,0,2,0,0,0,0,0,0,0,0,6,0,6,0,0,0,0,0,11,12,0,0,0,0,0,0,0,0,0,0,65,0,6,0,0,30,0,0,0,0,0,0,0,0,0,0,0,0,0,3,0,0,0,0,0,0,0,0,0,0,0,0,0,0,0,0,0,0,0,0,0,0,0,0,0,0,0,0,0,0,0,0,0,0,0,0,0,124,0,0,0,0,5,0,0,0,0,0,0,0,0,0,2,0,0,0,0,20,0,0,0,0,0,0,0,0
"D109",0,20,8,0,0,0,0,0,0,0,0,0,0,0,0,0,0,0,0,0,0,60,0,0,0,0,0,0,0,0,0,3,0,0,0,0,0,10,0,0,0,0,0,0,0,0,0,4,0,10,0,0,3,0,0,0,0,0,0,72,21,0,0,0,0,0,0,4,11,12,0,0,0,0,0,3,270,0,0,0,0,0,0,0,0,0,0,0,5,0,9,0,2,0,0,6,0,0,0,36,0,0,0,0,7,0,0,0,0,0,0,0,0,0,0,21,0,0,0,0,0,0,0,0,37,5,0,0,0,0,0,0,3,0,0,0,0,0,0,2,0,0,0,0,0,9,0,0,0,0,0,0,76,3,0,0,0,0,0,124,0,0,5,3,2,0,0,6,0,58,0,0,0,0,0,0,0,3,0,0,0,0,0,0,0,0,0,0,29,0,0,8,0,0,0,8,0,11,0,0,11,0,0,0,10,0,0,0,0,9,0,3,0,174,0,0,0,0,0,4,0,0,0,0,0,295,0,36,0,0,0,0,0,4,0,0,21,64,11,1,0,0,0,0,0,0,0,0,0,0,8,0,0,0,0,0,0,0,5,0,6,0,0,0,73,0,0,0,0,0,0,57,0,0,0,2,9,0,0,0,313,0,4,0,0,0,0,0,0,0,0,0,0,12,0,0,0,0,0,0,0,0,0,2,0,0,0,1,10,191,123,0,11,11,0,0,0,0,0,0,0,6,7,0,0,0,0,0,0,65,0,55,2,0,0,31,0,0,0,0,0,0,0,0,1,0,0,45,0,12,1,2,0,0,0,0,0,0,0,0,0,0,0,0,0,0,0,0,0,0,0,8,0,0,29,0,0,0,0,0,0,0,0,0,10,0,77,0,0,0,17,0,0,0,0,68,0,0,0,0,0,0,0,0,0,14,0,0,0,0,0,23,0,0,0,2,0,0,0,0,0,0,0,0,0,29,0,6,0,0,0,0,0,0,0,9,0,0,0,0,6,0,0,0,0,0,0,3,0,0,0,4,0,0,0,0,0,14,0,9,0,0,0,0,10,0,0,0,0,8,34,0,0,13,0,0,0,0,0,0,0,18,0,0,0,0,2,0,0,16,0,0,37,0,0,0,0,0,0,0,0,0,0,0,0,166,155,0,0,0,0,4,0,0,0,0,0,9,0,0,34,0,35,128,0,0,29,0,0,0,7,0,0,0,0,0,0,126,0,0,14,0,0,0,12,0,4,3,6,0,0,0,0,0,0,0,3,0,0,0,0,0,0,0,0,0,50,0,0,0,0,0,0,12,0,0,0,0,105,0,0,0,0,20,0,0,0,0,0,0,0,0,0,0,126,0,0,0,0,0,9,0,0
"D110",0,0,0,0,0,0,9,0,12,0,0,0,0,0,0,0,0,0,0,0,0,1,0,0,0,0,0,0,0,0,0,3,0,0,0,0,0,0,0,0,0,0,0,0,0,0,0,0,0,0,0,4,0,0,0,0,0,0,2,0,0,3,0,0,0,0,8,0,0,0,0,0,0,0,0,0,0,0,0,3,0,0,0,0,0,0,0,0,0,0,0,0,0,0,0,0,0,3,0,0,0,0,0,0,0,0,3,0,0,0,0,0,4,0,0,12,0,0,0,0,0,0,0,0,0,0,0,0,0,0,0,0,0,0,0,0,4,0,0,0,0,0,0,0,0,0,0,0,0,0,323,0,0,0,0,0,0,0,0,0,0,0,0,0,0,0,0,0,0,0,0,0,0,59,0,0,1,0,0,50,0,0,0,0,0,0,0,9,0,0,0,0,0,0,0,0,0,0,0,0,0,0,0,0,0,0,0,0,0,0,0,0,0,0,0,0,2,0,0,0,0,0,0,10,0,0,0,0,0,0,0,0,0,7,0,0,0,0,0,0,0,0,0,0,0,0,0,0,0,0,0,0,0,0,0,0,0,0,11,0,0,5,0,0,0,0,0,0,0,0,0,0,0,0,0,0,0,0,0,0,0,0,1,0,0,0,0,0,0,0,0,3,0,0,0,0,0,0,0,0,0,0,0,0,0,38,0,0,0,2,0,0,0,0,0,0,0,0,0,0,0,0,0,0,0,0,665,0,0,0,0,0,21655,0,0,0,0,0,0,0,0,0,0,0,0,0,0,0,0,0,0,0,0,0,0,0,0,0,0,0,0,1667,0,0,0,0,0,0,0,0,19,0,0,0,0,0,0,0,0,0,0,0,0,0,0,0,0,0,0,0,0,0,31,0,0,0,0,0,0,0,0,0,0,0,0,0,0,0,0,0,0,0,0,0,0,0,0,0,0,0,0,0,0,0,0,0,0,0,0,3,0,0,0,0,0,0,0,3,0,0,2,0,0,0,0,0,0,0,0,0,32120,0,0,0,0,0,0,0,0,0,0,0,0,0,52,4,0,0,0,0,0,0,0,0,0,0,0,0,0,11,0,0,0,0,0,0,0,2,0,0,0,0,0,0,0,0,0,0,0,0,0,0,35,0,0,0,0,0,0,0,0,0,0,0,0,0,0,0,0,0,0,0,0,0,0,9,6,0,0,0,0,0,0,0,2,0,0,0,0,0,0,0,0,0,0,0,0,0,0,0,0,0,0,0,0,0,0,0,0,0,0,0,0,0,0,0,0,0,1,0,0,0,0,0,0,0,0,0,2870,0,0,0,0,0,0,0,0,0,0,0,0,4,0,0,0,0,0,0,0,0,37546,0,0
"D111",0,0,0,0,0,0,0,0,0,0,0,0,0,0,0,0,0,0,0,0,0,0,0,0,0,0,0,0,0,0,0,0,0,0,0,0,0,0,0,0,0,0,0,0,0,0,0,0,0,0,0,0,0,0,0,0,0,0,0,0,0,0,0,0,0,0,0,0,0,0,0,0,0,0,0,0,0,0,0,0,0,0,0,0,0,0,0,0,0,0,0,0,0,0,0,0,0,0,0,0,0,0,0,0,0,0,0,0,0,0,0,0,0,0,0,0,0,0,0,0,0,0,0,0,0,0,0,0,0,0,0,0,0,0,0,0,0,0,0,0,0,0,0,0,0,0,0,0,0,0,0,0,0,0,0,0,0,0,0,0,0,0,0,0,0,0,0,0,0,0,0,0,0,2,0,0,0,0,0,0,0,0,0,0,0,0,0,0,0,0,0,0,0,0,0,0,0,0,0,0,0,0,0,0,0,0,0,0,0,0,0,0,0,0,0,0,0,0,0,0,0,0,0,0,0,0,0,0,0,0,0,0,0,0,0,0,0,0,0,0,0,0,0,0,0,0,0,0,0,0,0,0,0,0,0,0,0,0,0,0,0,0,0,0,0,0,0,0,0,0,0,0,0,0,0,0,0,0,0,0,0,0,0,0,0,0,0,0,0,0,0,0,0,0,0,0,0,0,0,0,0,0,0,0,0,0,0,0,0,0,0,0,0,0,0,0,0,0,0,0,0,0,0,0,0,0,0,0,0,0,0,0,0,0,0,0,0,0,0,0,0,0,0,0,0,0,0,0,0,0,0,0,0,0,0,0,0,0,0,0,0,0,0,0,0,0,0,0,0,0,0,0,0,0,0,0,0,0,0,0,0,0,0,0,0,0,0,0,0,0,0,0,0,0,0,0,0,0,0,0,0,0,0,0,0,0,0,0,0,0,0,0,0,0,0,0,0,0,0,0,0,0,0,0,0,0,0,0,0,0,0,0,0,0,0,0,0,0,0,0,0,0,0,0,0,0,0,0,0,0,0,0,0,0,0,0,0,0,0,0,0,0,0,0,0,0,0,0,0,0,0,0,0,0,0,0,0,0,0,0,0,0,0,0,0,0,0,0,0,0,0,0,0,0,0,0,0,0,0,0,0,0,0,0,0,0,0,0,0,0,0,0,0,0,0,0,0,0,0,0,0,0,0,0,0,0,0,0,0,0,0,0,0,0,0,0,0,0,0,0,0,0,0,0,0,0,0,0,0,0,0,0,0,0,0,0,0,0,0,0,0,0,0,0,0,0,0,0,0,0,0,0,0,0,0,0,0,0,0,0,0,0,0,0,0,0,0,0,0,0,0,0,0,0,0,0,0,0,0,0,0,0,0
"D112",4,0,0,0,0,0,0,0,0,0,0,0,0,0,0,0,0,0,0,0,0,0,0,0,0,0,0,0,0,0,0,0,0,0,0,0,0,0,0,0,0,0,0,0,0,0,0,0,0,0,0,0,0,0,0,0,0,3,0,0,0,0,0,0,0,0,0,0,0,0,0,0,0,0,0,0,0,0,0,0,0,0,4,0,0,0,0,0,0,0,0,0,0,0,0,0,0,0,0,0,0,0,0,0,0,0,0,0,0,0,0,0,0,0,0,0,0,0,0,0,0,0,0,0,0,0,0,0,0,0,0,0,0,0,0,0,0,0,0,0,0,0,0,0,0,0,0,0,0,0,0,0,0,0,0,0,0,0,0,0,0,0,0,0,0,0,0,0,0,0,0,0,0,0,0,0,0,0,0,0,0,0,0,0,0,0,0,0,0,0,0,0,0,0,0,0,0,0,0,0,0,0,0,0,0,0,0,0,0,0,0,0,0,0,0,0,0,0,0,0,0,0,0,0,0,0,0,0,0,0,15,0,0,0,0,0,0,0,0,0,0,12,0,0,0,0,0,0,0,0,0,0,0,0,0,0,0,0,0,0,0,0,0,0,0,0,0,0,0,0,0,0,0,0,0,0,0,0,0,0,4,0,0,0,0,0,0,0,0,0,0,0,0,0,0,0,0,0,0,0,0,0,0,0,0,0,0,0,0,0,0,0,0,0,0,0,17,0,0,0,0,0,0,0,0,0,0,0,0,0,0,0,0,0,0,0,0,0,0,0,0,0,0,0,0,0,0,0,0,0,0,0,0,0,0,0,0,0,0,0,0,0,0,0,0,0,0,0,0,0,0,0,0,0,0,0,0,0,0,0,0,0,0,0,0,0,0,0,0,0,0,0,0,0,0,0,0,0,0,0,0,0,0,0,0,0,0,0,0,0,0,0,0,0,0,0,0,0,0,0,0,0,0,0,0,0,0,0,0,0,0,0,0,0,0,0,0,0,0,0,0,0,0,0,0,0,0,0,0,0,0,0,0,0,0,0,0,0,0,0,0,0,0,0,0,0,0,0,0,0,0,0,0,0,0,0,0,0,0,0,0,0,0,0,0,0,0,0,0,0,0,0,0,0,0,0,0,0,0,0,0,0,0,0,0,0,0,0,0,0,0,0,0,0,0,0,0,0,0,0,0,0,0,0,0,0,0,0,0,0,0,0,0,0,0,0,0,0,0,0,0,0,0,0,0,0,0,0,0,0,0,0,0,0,0,0,0,0,0,0,0,0,0,0,0,0,0,0,3,0,0,0,0,0,0,0,0,0,0,0,0,0,0,0,0,0,0,0,0,0,0,0,0,0,0,0,0,0,0,0,0,0,0
"D113",14,373,0,0,37,27,0,0,0,121,575,1350,15,63,0,98,349,170,0,6,2,77,488,154,184,0,66,12,642,31,1547,0,66,0,171,42,0,0,106,683,0,0,3878,55,950,15,9,1138,130,232,0,93,94,14,2,20,212,0,127,508,1038,0,167,0,0,701,64,0,34,0,18,0,0,0,15,124,0,91,14,0,0,5,0,55,117,0,0,15,726,4,12,133,0,47,51,828,0,22,0,44,237,105,0,0,127,0,0,76,874,32,0,11,0,109,244,30,45,0,208,399,806,91,78,0,522,946,23,2,0,0,7052,0,44,0,31,482,0,0,164,9,0,0,0,0,14,156,1255,332,432,295,0,76,342,403,65,0,0,143,1002,219,123,0,1187,109,0,26,0,43,526,1418,0,0,0,510,80,195,1,103,19,230,0,158,88,0,2,284,0,0,107,886,509,56,255,0,72,55,385,0,8,195,33,0,425,0,1488,7023,0,59,42,85,0,5,5,68,2,5,0,0,74,99,126,80,44,15,0,67556,0,3978,41,19,0,39,21,83,7,529,45,11201,184,22,119,0,0,86,17,22,20,419,0,0,873,3,73,58,31,4,0,279,3,0,2035,0,0,799,53,25,658,214,80,10,17,0,6,209,860,17,90,91,3,344,2432,0,0,10,46,0,3,0,2,109,30,2,0,448,7316,7,58,124,10,294,144,2,881,381,1476,0,0,1005,616,11,433,0,289,217,119,0,3,348,0,2,603,158,48,202,33,34,1,115,68,276,111,817,502,189,69,651,523,1168,0,46,545,0,8,1936,0,869,50,66,25,353,387,1111,728,0,11,0,47,182,0,160,0,4,25,809,96,0,151,9,0,128,15,273,1,7,3699,5,408,0,350,0,24,1652,19,12,0,10,2758,0,61,21,1199,21,202,0,40,436,0,59,0,0,0,0,5,18,456,90,2,302,0,48,0,2276,124,3,0,0,0,67,16,59,41,6,195,302,43,75,0,1026,0,0,249,0,0,0,0,39,45,0,4,0,0,34,0,1064,0,0,19,250,6,562,0,0,0,9896,5,0,35,73,13,757,2,245,0,63,545,7,68,26,15,659,119,0,19,420,651,14,0,0,82,0,0,231,0,0,494,4,34,0,57,1094,0,1,17,0,5,9,0,54,0,502,0,0,52,120,0,7412,4526,0,76,0,56,195,2,415,0,5,16,123,125,763,58,0,512,245,0,0,8,14,1501,310,63,1519,71,119,0,712,0,85,0,21,0,93,0,84,371,190,66,64,662,0,151,8,196,0,0,13,589,48,18,1041,0,0,340,32,102,537,718,0,0,1,102,5,302,200,198,14,243,0,880,12,18,81,0,6,31,0,0,379,0,0,0,0,16,69,6381,85,51,0,34,7,384,172,3
"D114",0,0,0,0,0,0,0,0,0,0,0,0,0,0,3,0,0,0,0,0,1,0,0,0,0,0,0,0,0,0,0,0,0,279,0,0,0,0,0,0,0,0,0,0,0,21,0,0,0,0,0,63,0,0,0,0,0,0,0,0,0,6,0,0,0,0,9,343,0,22,0,0,0,0,0,0,0,0,0,0,0,0,0,0,0,0,0,0,0,0,0,0,0,0,0,0,0,20,0,0,0,0,0,0,0,0,0,0,0,0,0,0,0,0,0,54,0,0,0,0,0,60,0,0,0,0,0,0,0,0,0,0,0,0,0,0,0,0,0,0,0,0,0,0,2,0,0,0,0,23,0,0,0,0,0,0,0,0,0,0,0,0,0,0,0,0,0,0,0,0,0,0,0,726,0,0,12,0,0,0,0,0,0,0,0,0,0,0,0,0,0,0,0,0,0,0,0,0,0,0,0,0,0,0,0,0,657,0,0,0,80,0,0,0,65,0,0,0,0,0,3,0,0,0,0,0,0,0,0,0,0,0,0,0,0,18,0,0,0,0,0,0,0,0,0,0,0,0,0,23,0,0,0,0,0,0,49,0,0,0,0,0,0,0,0,0,0,0,0,0,0,0,0,0,0,120,0,0,0,0,0,0,0,0,0,0,0,0,0,13,0,0,0,0,0,0,0,0,0,0,0,2,0,0,597,0,0,0,0,0,0,0,0,0,0,0,0,0,0,0,0,0,0,0,0,0,43,0,0,0,0,0,19,0,0,0,0,0,0,0,0,0,3,0,0,0,297,0,367,0,0,0,0,0,0,0,28,0,0,0,0,0,0,0,0,0,0,0,0,0,0,0,0,2,0,0,0,0,0,0,65,0,0,4,3,0,0,0,0,0,0,0,0,0,0,0,2,3,0,0,0,0,0,0,0,0,0,0,0,0,0,0,0,0,0,0,0,0,0,0,0,0,0,0,0,0,0,0,0,0,0,0,0,0,0,0,36,0,0,0,0,0,0,0,0,0,0,0,0,0,1,25,0,0,0,0,0,0,0,0,0,0,0,0,8,0,0,0,0,0,0,0,0,0,0,1,0,0,0,0,0,0,0,0,0,0,0,0,0,0,26,0,0,0,0,0,166,0,0,0,0,0,0,0,0,0,0,0,0,374,0,0,0,0,0,25,0,0,0,0,0,0,0,0,0,0,0,0,0,0,0,0,0,0,0,0,0,0,0,0,0,0,0,0,0,0,0,0,0,0,0,0,0,0,1281,0,0,0,42,0,0,3,0,0,0,0,0,0,0,0,0,0,0,0,0,0,0,0,40,0,0,0,0,0,0,0,0,0,0,0,0,80,0,0,0,0,10,0,0,0,0,0,0
"D115",0,12,0,0,2,16,0,3,0,0,16,94,0,2,7,4,0,7,31,0,0,2,35,4,8,0,0,0,0,2,55,2,48,0,22,7,0,24,0,200,66,0,38,26,22,0,0,0,26,0,0,3,190,0,6,45,7,0,0,5,1,0,50,1,1,90,3,0,0,0,0,0,0,0,0,43,21,0,40,3,0,0,0,2,6,0,3,0,27,0,4,66,0,1,0,37,0,0,2,35,41,29,0,4,0,0,0,4,266,16,0,7,0,0,9,0,0,0,0,14,7,0,6,0,0,1,8,0,0,0,68,0,7,0,7,43,0,0,1,0,5,0,0,8,7,3,2,12,8,0,0,0,0,42,7,0,4,0,20,15,4,49,0,4,4,2,0,20,0,0,0,0,4,12,0,9,0,0,0,91,1,0,0,0,0,26,5,0,23,76,13,0,8,5,0,0,7,0,0,6,0,0,13,0,24,0,0,41,0,7,0,25,0,23,0,5,0,0,10,0,0,15,0,7,62,70,0,153,6,23,0,6,0,4,1,0,0,12,50,0,0,0,0,0,0,0,5,89,0,0,18,5,0,1,0,0,0,8,0,0,5,0,127,31,7,0,25,0,3,10,1,27,12,0,0,0,11,36,5,2,364,0,0,11,4,0,0,0,0,7,0,0,0,80,55,0,0,10,16,17,23,7,47,275,7,0,49,22,35,2,4,0,64,2,8,0,2,84,0,4,22,18,0,40,11,3,0,2,21,161,0,0,45,0,35,6,0,43,0,1,102,0,0,44,0,42,0,5,0,2,5,24,15,0,1,0,4,2,0,0,6,0,0,3,0,5,21,16,0,1,18,2,0,0,58,17,59,23,10,0,0,123,4,6,0,0,33,0,0,0,2,4,27,0,8,0,0,5,0,0,0,0,0,0,0,3,0,41,0,12,0,3,0,21,0,0,14,0,10,22,5,0,0,0,0,35,0,32,0,0,0,0,0,0,0,13,7,0,0,0,13,43,0,29,24,4,0,0,0,0,0,0,0,3,3,6,0,0,8,39,0,4,0,0,14,0,3,7,1,5,119,0,5,79,4,0,0,0,0,0,0,2,0,3,10,0,0,0,37,0,0,15,6,0,2,0,0,9,0,44,0,0,1,3,0,167,34,0,0,3,15,2,5,141,0,0,0,10,6,13,0,0,167,7,0,0,4201,18,82,7,14,6,0,0,0,11,0,24,15,0,0,0,0,4,158,2,3,14,71,0,3,0,8,0,0,2,0,17,0,38,0,0,55,25,0,0,116,1,0,11,3,0,78,0,11,0,47,15,21,4,1,18,39,2,8,165,4,0,0,0,0,0,29,0,8,26,0,0,2,2,3,0,0
"D116",0,0,0,0,0,0,0,0,0,0,0,0,0,0,0,0,0,0,0,0,23,0,0,0,0,0,0,0,0,0,0,0,0,0,0,0,0,0,0,0,0,0,0,0,0,0,0,0,0,0,8,100,0,0,0,0,0,0,5,0,0,0,0,0,0,0,0,0,0,0,0,0,0,0,0,0,0,0,0,0,0,0,0,0,0,0,0,0,0,0,0,0,0,0,0,0,0,0,0,0,0,0,7,0,0,0,0,0,0,0,0,0,0,0,0,0,0,0,0,0,0,0,0,0,0,0,0,0,0,0,0,0,0,0,0,0,0,0,0,0,0,0,0,0,0,0,0,0,0,55,0,0,0,0,0,0,0,0,0,0,0,0,0,0,0,0,0,0,0,0,0,0,0,0,0,0,0,0,0,0,0,0,1766,0,0,0,0,0,0,0,0,0,0,0,0,0,0,0,0,0,0,0,0,0,0,0,0,0,0,0,0,0,0,0,0,0,0,0,0,0,0,0,0,0,0,0,0,0,0,0,0,0,0,2,0,0,0,0,0,0,0,0,0,0,0,0,0,0,0,0,0,0,0,0,0,0,0,0,0,0,0,0,0,0,0,0,0,0,0,0,0,0,0,0,0,0,0,0,0,0,0,0,0,0,0,0,0,0,0,0,0,0,0,0,0,0,0,0,0,0,0,0,0,0,0,0,0,0,0,0,0,0,0,0,0,0,0,0,0,0,0,0,0,0,0,0,0,0,0,0,0,0,0,0,0,0,0,0,0,0,0,0,0,0,0,0,0,0,0,0,0,0,0,0,0,0,0,0,0,0,0,0,0,0,0,0,0,0,0,0,0,0,0,0,0,0,0,0,0,0,0,0,0,0,0,0,0,0,0,0,0,0,0,0,0,0,0,0,0,1,0,0,0,0,0,0,0,0,0,0,0,0,0,0,0,0,0,0,0,0,0,5,0,0,0,0,0,0,0,0,0,0,2,0,3,0,0,0,0,0,0,0,8,0,0,0,0,0,0,0,0,0,0,0,0,0,0,0,0,0,0,0,0,0,0,0,0,0,0,0,0,0,0,0,0,0,14,0,0,0,0,0,0,0,0,0,0,0,0,0,0,0,0,0,0,0,9,0,0,0,0,0,0,0,0,0,0,0,0,0,0,0,0,0,0,0,0,0,0,0,0,0,0,0,0,0,0,0,0,0,0,0,0,0,0,0,0,0,0,0,0,0,0,0,0,0,0,0,0,9,0,0,0,0,0,0,0,0,0,0,0,0,0,0,0,0,0,0,0,0,0,0,0,0,0,0,0,0,0,0,0,0,0,0,0,0,0,0,0,0,0,0,0,0,0,0,0,0,0,0,0,0,0
"D117",2,0,0,0,0,0,19,0,21,0,0,0,0,0,0,0,0,0,0,0,0,0,0,0,0,0,0,0,0,0,0,0,0,0,0,0,0,0,0,0,0,0,0,0,0,0,0,0,0,0,0,0,0,0,0,0,0,0,1,0,0,5,0,0,0,0,0,0,0,0,0,0,0,0,0,0,0,0,0,0,0,0,7,0,0,0,0,0,2,0,0,0,0,0,0,0,0,0,0,0,0,0,0,0,0,0,7,0,0,0,0,0,0,0,0,0,0,0,0,0,0,0,0,0,0,0,0,0,0,0,0,0,0,0,0,0,0,0,0,0,0,0,0,0,0,0,0,0,0,0,0,0,0,0,0,0,0,0,0,0,0,0,0,0,0,0,0,0,0,0,0,0,0,17,0,0,7,0,0,0,0,0,0,0,0,0,0,3,0,0,0,0,0,0,0,0,0,0,0,0,0,0,0,0,0,0,0,0,0,0,0,0,0,0,0,0,0,0,0,0,0,0,0,8,0,0,0,0,0,0,0,0,0,0,0,0,0,0,0,0,0,0,0,0,0,0,0,0,0,0,0,0,0,0,0,0,57,0,0,0,0,0,0,0,0,0,0,0,0,0,0,0,12507,0,0,0,0,0,0,0,0,0,0,0,0,0,2,0,0,0,0,0,0,0,0,0,0,0,0,0,0,0,0,0,0,33,0,0,0,0,0,0,0,0,0,0,2,0,0,0,0,0,0,0,0,0,18,0,0,0,0,0,0,0,0,0,0,0,0,0,0,0,11,0,4,0,0,0,0,0,0,0,0,0,0,0,0,0,0,0,0,0,0,0,0,0,0,0,0,0,14,0,0,0,0,0,0,0,0,0,2,0,0,0,0,0,0,0,0,0,0,0,0,0,0,0,0,0,0,0,0,0,0,0,0,0,0,0,0,0,0,0,0,0,0,0,0,0,0,0,0,0,0,0,0,0,0,0,0,0,0,0,0,0,0,0,0,2,0,0,0,0,0,0,0,0,0,0,0,0,43554,0,0,0,0,0,0,0,0,0,0,0,0,0,4,0,0,0,0,0,0,0,0,0,0,6,0,0,0,3,0,0,0,0,0,0,0,0,0,0,0,0,0,0,0,0,0,0,0,0,0,0,1,0,0,0,0,0,0,0,0,0,0,0,0,0,0,0,0,0,0,0,0,0,0,0,2,0,0,0,0,0,0,0,253,0,0,0,0,0,0,0,0,0,0,0,0,0,0,0,0,0,0,0,0,0,0,0,0,0,0,0,0,0,0,0,0,0,2,0,0,0,0,0,0,0,0,0,384,0,0,0,0,0,0,0,0,0,0,0,0,0,0,0,0,0,0,0,0,0,0,2,0
"D118",0,0,0,0,0,0,0,0,0,0,0,0,0,0,0,0,0,0,0,0,4,0,0,0,0,0,0,0,0,0,0,0,0,292,0,0,5,0,0,0,0,0,0,0,0,0,0,0,9,0,0,0,7,0,0,0,0,0,0,0,0,0,12,0,0,0,0,0,0,0,0,0,0,0,0,0,0,0,0,0,114,0,0,0,0,1253,1,0,0,215,0,0,0,29,0,0,0,0,0,0,0,0,0,15,0,0,0,0,0,0,0,0,0,0,0,0,0,0,0,0,0,0,0,0,0,0,0,0,0,0,0,0,0,0,0,0,0,0,0,0,0,2,0,4,1,0,0,0,0,0,0,0,0,0,0,6,0,0,0,0,0,0,0,0,0,0,0,0,0,0,0,0,0,0,0,0,0,0,0,0,0,0,0,0,521,0,0,0,0,0,0,0,0,35,0,0,0,0,0,0,0,0,0,0,0,0,0,0,0,0,0,0,0,0,0,0,0,0,0,0,0,0,0,0,47,0,0,0,0,0,0,0,0,0,0,0,0,0,0,0,0,0,0,0,0,0,0,0,0,0,0,0,0,0,0,0,0,0,0,0,0,0,0,0,0,0,0,0,0,0,0,0,0,0,0,0,0,0,0,0,0,0,0,0,0,0,0,0,0,7,0,0,141,0,21,0,0,0,0,11,0,0,0,0,0,0,0,0,0,0,0,0,0,0,0,0,0,0,0,0,0,0,0,0,0,0,0,0,0,0,0,0,0,0,0,0,0,0,0,0,0,0,0,0,0,0,0,0,0,0,0,0,0,0,0,0,0,0,0,0,0,0,740,0,0,0,0,0,0,0,0,0,0,0,0,0,0,0,0,2,0,0,0,0,0,585,0,0,0,0,0,0,0,0,0,0,0,0,248,154,11,0,0,0,0,0,0,0,0,0,0,0,0,0,0,1168,0,0,0,0,0,0,0,0,2,0,0,0,0,0,2,0,0,0,0,0,0,0,0,0,0,0,0,0,0,0,3,0,0,0,0,10,0,0,0,0,0,0,0,0,0,0,0,0,0,0,0,0,0,0,0,0,0,0,0,0,0,3735,0,0,0,0,3,0,0,2,1,0,0,0,0,0,0,0,0,4,0,10,64,0,0,0,0,0,0,0,0,0,0,0,0,0,0,0,0,0,0,0,0,0,0,0,0,0,0,0,0,0,0,0,0,0,0,0,0,0,0,0,0,0,0,0,0,0,0,0,0,0,40,0,0,0,0,0,0,0,0,0,0,0,0,0,0,0,0,0,0,0,6,0,0,0,0,0,0,0,0,0,0,3,0,0,0,0,0,0,0,0,0,0,0,0,0,0,0,0,0,0,0,0,3,0,0
"D119",0,0,0,0,0,0,0,0,0,0,0,0,0,0,0,0,0,0,0,0,0,0,0,0,0,0,0,0,0,0,0,0,0,0,0,0,0,0,0,0,0,0,0,0,0,0,0,0,0,0,0,0,0,0,0,0,0,0,0,0,0,0,0,0,0,0,0,0,0,0,0,0,0,0,0,0,0,0,0,0,0,0,0,0,0,0,0,0,0,0,0,0,0,0,0,0,0,0,0,0,0,0,0,0,0,0,0,0,0,0,0,0,0,0,0,0,0,0,0,0,0,0,0,0,0,0,0,0,0,0,0,0,0,0,0,0,0,0,0,0,0,0,0,0,0,0,0,0,0,0,0,0,0,0,0,0,0,0,0,0,0,0,0,0,0,0,0,0,0,0,0,0,0,0,0,0,0,0,0,0,0,0,0,0,0,0,0,0,0,0,0,0,0,0,0,0,0,0,0,0,0,0,0,0,0,0,0,0,0,0,0,0,0,0,0,0,0,0,0,0,0,0,0,0,0,0,0,0,0,0,0,0,0,2,0,0,0,0,0,0,0,0,0,0,0,0,0,0,0,0,0,0,0,0,0,0,0,0,0,0,0,0,0,0,0,0,0,0,0,0,0,0,0,0,0,0,0,0,0,0,0,0,0,0,0,0,0,0,0,0,0,0,0,0,0,0,0,0,0,0,0,0,0,0,0,0,0,0,0,0,0,0,0,0,0,0,0,0,0,0,0,0,0,0,0,0,0,0,0,0,0,0,0,0,0,0,0,0,0,0,0,0,0,0,0,0,0,0,0,0,0,0,0,0,0,0,0,0,0,0,0,0,0,0,0,0,0,0,0,0,0,0,0,0,0,0,0,0,0,0,0,0,0,0,0,0,0,0,0,0,0,0,0,0,0,0,0,0,0,0,0,0,0,0,0,0,0,0,0,0,0,0,0,0,0,0,0,0,0,0,0,0,0,0,0,0,0,0,0,0,0,0,0,0,0,0,0,0,0,0,0,0,0,0,0,0,0,0,0,0,0,0,0,0,0,0,0,0,0,0,0,0,0,0,0,0,0,0,0,0,0,0,0,0,0,0,0,0,0,0,0,0,0,0,0,0,0,0,11,0,0,0,0,0,0,0,0,0,0,0,0,0,0,0,0,0,0,0,0,0,0,0,0,0,0,0,0,0,0,0,0,0,0,0,0,0,0,0,0,0,0,0,0,0,0,0,0,0,0,0,0,0,0,0,0,0,0,0,0,0,0,0,0,0,0,0,0,0,0,0,0,0,0,0,0,0,0,0,0,0,0,0,0,0,0,0,0,0,2,0,0,0,0,0,0,0,0,0,0,0,0,0,0,0,0,0,0,0,0,0,0,0,0
"D120",0,0,0,0,0,0,0,0,0,0,0,0,0,0,0,0,0,0,0,0,0,0,0,0,0,0,0,0,0,0,0,0,0,0,0,0,0,0,0,0,0,0,0,0,0,0,0,0,0,0,0,0,0,0,0,0,0,0,0,0,0,0,0,0,0,0,0,0,0,0,0,0,0,0,0,0,0,0,0,0,0,0,0,0,0,0,0,0,0,0,0,0,0,0,0,0,0,0,0,0,0,0,0,0,0,0,0,0,0,0,0,0,0,0,0,4,0,0,0,0,0,0,0,0,0,0,0,0,0,0,0,0,0,0,0,0,0,0,0,0,0,0,0,0,0,0,0,0,0,0,0,0,0,0,0,0,0,0,0,0,0,0,0,0,0,0,0,0,0,0,0,0,0,0,0,0,0,0,0,0,0,0,0,0,0,0,0,0,0,0,0,0,0,0,0,0,0,0,0,0,0,0,0,0,0,0,0,0,0,0,0,0,0,0,0,0,0,0,0,0,0,0,0,0,0,0,0,0,0,0,427,0,0,0,0,0,0,0,0,0,0,0,0,0,0,0,0,0,0,0,0,0,0,0,0,0,0,0,0,0,0,0,0,0,0,0,0,0,0,0,0,0,0,0,0,0,0,0,0,0,0,0,0,0,0,0,0,0,0,0,0,0,0,0,0,0,0,0,0,0,0,0,0,0,0,0,0,0,0,0,0,0,0,0,0,0,0,0,0,0,0,0,0,0,0,0,0,0,0,0,0,0,0,0,0,0,0,0,0,0,0,0,0,0,0,0,0,0,0,0,0,0,0,0,0,0,0,0,0,0,0,0,0,0,0,0,0,0,0,0,0,0,0,0,0,0,0,0,0,0,0,0,0,0,0,0,0,0,0,0,0,0,0,0,0,0,0,0,0,0,0,0,0,0,0,0,0,0,0,0,0,0,0,0,0,0,0,0,0,0,0,0,0,0,0,0,0,0,0,0,0,0,0,0,0,0,0,0,0,0,0,0,0,0,0,0,0,0,0,0,0,0,0,0,0,0,0,0,0,0,0,0,0,0,0,0,0,0,0,0,0,0,0,0,0,0,0,0,0,0,0,0,0,0,0,0,0,0,0,0,44,0,0,0,0,0,0,0,0,0,0,0,0,0,0,0,0,0,0,0,0,0,0,0,0,0,0,0,0,0,0,0,0,0,0,0,0,0,0,0,0,0,0,0,0,0,0,0,0,0,0,0,0,0,0,0,0,0,0,0,0,0,0,0,0,0,0,0,0,0,0,0,0,0,0,0,0,0,0,0,0,0,0,0,0,0,0,0,0,0,0,0,0,0,0,0,0,0,0,0,0,0,0,0,0,0,0,0,0,0,0,0,0
"D121",0,0,0,0,0,0,25,0,0,0,0,0,0,0,0,0,0,0,0,0,1,0,0,0,0,0,0,0,0,0,0,0,0,30,0,0,0,0,0,0,0,0,0,0,0,0,0,0,0,0,0,4,0,0,0,0,0,0,0,0,0,37,0,0,0,0,0,846,0,0,0,0,0,0,0,0,0,0,0,0,0,0,0,0,0,0,0,0,0,0,0,0,0,0,0,0,0,0,0,0,0,0,0,0,0,0,0,0,0,0,0,0,0,0,0,0,0,0,0,0,0,0,0,0,0,0,0,0,0,0,0,0,0,0,0,0,0,0,0,0,0,0,0,0,0,0,0,0,0,0,0,0,0,0,0,0,0,0,0,0,0,0,0,0,0,0,0,0,0,0,0,0,0,5,0,0,0,0,0,0,0,0,0,0,0,0,0,0,0,0,0,0,0,0,0,0,0,0,0,0,0,0,0,0,0,0,2,0,0,0,0,0,0,0,28,0,0,0,0,0,0,0,0,5,0,0,0,0,0,0,0,0,0,0,0,0,0,0,0,0,0,0,0,0,0,0,0,0,0,98,0,0,0,0,0,0,41,0,0,0,0,0,0,0,0,0,0,0,0,0,0,0,0,0,0,53,0,0,0,0,0,0,0,0,0,0,0,0,0,0,0,0,0,0,0,0,0,0,0,0,0,0,0,0,0,0,0,0,0,0,0,0,0,0,0,0,0,0,0,0,0,0,0,0,0,0,24,0,0,0,0,0,0,0,0,0,0,0,0,0,0,0,0,0,0,0,6,0,102,0,0,0,0,0,0,0,0,0,0,0,0,0,0,0,0,0,0,0,0,0,0,0,0,0,0,0,0,0,0,0,9,0,0,0,0,0,0,0,0,0,0,0,0,0,0,0,0,0,0,0,0,0,0,0,0,0,0,0,0,0,0,0,0,0,0,0,0,0,0,0,0,0,0,0,0,0,0,0,0,0,0,0,0,0,0,0,0,0,0,0,0,0,0,0,0,0,0,0,0,0,0,0,0,0,0,0,0,0,0,0,0,0,0,0,0,0,0,0,0,0,0,2,0,0,0,0,0,0,0,0,0,0,0,0,0,0,0,0,0,0,23,0,0,0,0,0,0,0,0,0,0,0,0,0,0,0,0,2,0,0,0,0,0,0,0,4,0,0,0,0,0,0,0,0,0,0,0,0,0,0,0,0,0,0,0,0,0,0,0,0,0,0,0,0,0,0,0,0,0,0,0,0,0,0,0,0,0,0,0,0,0,565,0,0,0,0,0,0,0,0,0,0,0,0,0,0,0,0,158,0,0,0,0,0,0,0,0,0,0,0,0,0,0,0,0,0,0,0,0,0,0,0,0
"D122",0,0,0,0,0,0,0,0,0,0,0,0,0,0,0,0,0,0,0,0,0,0,0,0,0,203,0,0,0,0,0,0,0,0,0,0,0,0,0,0,0,278,0,0,0,0,0,0,0,0,0,0,0,0,0,0,0,0,0,0,0,0,0,0,0,0,0,0,0,0,0,0,0,0,0,0,0,0,0,0,0,0,0,0,0,0,0,0,0,0,0,0,0,0,0,0,0,0,0,0,0,0,0,0,0,44,0,0,0,0,0,0,0,0,0,0,0,781,0,0,0,0,0,3,0,0,0,0,0,0,0,0,0,0,0,0,0,0,0,0,0,0,19,0,0,0,0,0,0,0,0,0,0,0,0,0,0,0,0,0,0,0,0,0,0,0,0,0,0,0,0,0,0,0,0,0,0,0,0,0,0,0,0,0,0,0,0,0,0,0,0,0,0,0,0,0,0,0,0,0,0,0,0,4,0,0,0,0,0,0,0,0,0,0,0,0,60,84,0,0,0,0,0,0,0,0,0,0,0,0,0,0,0,0,0,0,0,0,0,0,0,0,0,0,0,0,0,0,0,0,0,0,0,0,0,0,0,0,409,80,0,0,0,0,0,0,0,0,0,0,0,0,0,0,0,0,0,0,0,0,0,0,0,0,0,0,0,0,0,0,0,0,0,0,0,0,0,0,0,0,0,0,0,0,0,0,0,0,0,0,0,1223,0,0,0,0,0,0,0,0,0,0,0,0,0,0,0,0,0,0,0,0,0,0,0,0,0,0,0,0,0,0,0,0,0,0,0,0,0,0,0,0,0,0,0,47,0,0,24,0,0,0,0,0,0,0,0,0,0,0,0,0,0,0,0,0,0,0,0,0,0,0,0,0,0,0,0,0,0,0,0,0,0,0,0,0,0,0,0,0,0,0,0,0,0,0,0,0,0,0,1248,0,0,0,19,0,0,0,0,0,0,0,0,0,0,0,0,0,0,0,0,0,0,0,0,0,0,0,0,0,0,0,0,0,0,0,0,0,0,0,0,0,0,0,0,0,0,0,0,0,0,0,0,0,0,0,0,0,0,0,0,0,0,0,0,0,0,0,0,0,0,0,0,0,0,0,0,0,0,0,0,0,0,0,0,0,0,0,0,0,0,412,0,0,0,0,0,0,0,0,0,0,0,0,0,0,0,0,0,0,0,0,0,0,0,0,0,0,0,0,0,0,0,0,0,0,0,0,0,0,0,0,0,0,0,0,0,0,0,0,0,0,0,0,0,0,0,0,0,0,70,0,0,0,0,0,0,0,0,0,0,0,0,0,0,0,0,0,0,0,0,0,0,0,0,0,0,0,0,0,0,0,0,0,0,0,0,0,0,0,0,0,35
"D123",0,67,0,0,13,6,0,0,0,4,36,93,1,17,5,20,59,15,0,5,0,18,70,21,26,0,0,0,68,6,236,0,10,0,40,11,0,0,12,111,0,0,400,9,48,0,0,109,17,17,0,1,12,0,0,10,8,0,0,91,131,0,10,0,0,117,6,11,3,0,0,0,0,0,6,25,0,24,1,0,0,0,0,5,12,0,0,0,43,0,1,35,0,4,0,10,0,0,0,61,12,0,0,0,15,0,0,0,240,1,0,3,0,13,57,2,6,0,1,56,67,24,21,0,158,55,0,7,0,0,670,0,1,0,4,67,0,0,5,0,0,0,0,0,3,26,25,0,29,2,0,6,18,25,14,0,0,1,137,44,30,0,55,27,0,2,0,7,79,114,0,0,0,9,10,23,0,0,5,30,0,24,15,6,0,18,0,0,0,69,41,1,27,0,4,18,27,3,1,56,7,0,33,0,161,694,0,12,15,20,0,0,2,31,0,2,0,0,8,5,0,11,0,0,0,6674,0,408,0,0,0,4,1,0,2,0,8,1039,24,0,0,0,0,1,2,0,13,97,0,0,59,2,3,2,2,0,0,53,0,0,145,8,11,161,0,0,111,18,6,1,13,10,0,2,107,0,45,8,0,39,394,0,0,20,8,0,0,0,1,4,10,2,0,74,1061,0,14,28,3,17,10,2,134,75,57,0,0,141,80,0,28,0,45,19,25,0,2,28,0,0,43,61,6,39,11,6,0,22,2,76,0,66,143,28,8,108,96,307,0,0,32,0,3,443,0,92,0,13,0,17,73,110,73,0,2,0,10,4,0,21,0,0,4,66,4,0,24,0,0,5,3,11,1,0,494,0,74,6,48,0,7,86,0,2,0,2,389,0,17,4,81,0,26,0,0,48,0,1,0,0,0,0,0,0,81,24,2,3,0,16,0,171,21,5,0,0,0,4,0,7,10,1,26,54,0,21,14,133,0,0,19,0,0,0,0,38,0,0,0,0,1,9,0,129,2,3,0,44,0,0,3,0,0,1167,0,0,8,12,0,95,0,150,0,4,21,2,7,4,8,44,7,0,0,56,106,0,0,0,0,0,0,61,0,16,62,0,28,0,3,160,0,0,5,1,3,5,0,8,0,82,0,0,0,48,0,1248,639,0,5,0,5,21,0,113,0,0,5,27,8,104,8,0,125,109,0,0,0,5,222,57,8,194,10,8,0,93,0,25,0,0,0,4,0,10,79,15,12,0,68,0,23,0,33,0,0,8,220,12,4,125,0,0,82,6,8,98,132,0,0,0,20,6,27,28,33,0,6,4,118,6,5,0,0,0,11,0,0,32,0,0,8,0,0,9,434,14,2,0,5,0,0,16,0
"D124",0,0,0,0,0,0,0,0,0,0,0,0,0,0,0,0,0,0,0,0,0,0,0,0,0,0,0,0,0,0,0,0,0,0,0,0,0,0,0,0,0,4,0,0,0,0,0,0,0,0,0,0,0,0,0,0,0,0,0,0,0,0,0,0,0,0,0,0,0,0,0,0,0,0,0,0,0,0,0,0,0,0,0,0,0,0,0,0,0,0,0,0,0,0,0,0,0,0,0,0,0,0,0,0,0,0,173,0,0,0,0,0,0,0,0,0,0,0,0,0,0,0,0,0,0,0,0,0,0,2,0,0,0,0,0,0,0,0,0,0,0,0,2,0,0,0,0,0,0,0,3,0,0,0,0,0,0,0,0,0,0,0,0,0,0,0,0,0,0,0,0,0,0,0,0,0,0,0,0,0,0,0,0,0,0,0,0,0,0,0,0,0,0,0,0,0,0,0,0,0,0,0,0,0,0,0,0,0,0,0,0,0,0,0,0,0,130,0,0,0,0,0,0,1085,0,0,0,0,0,0,0,0,0,0,0,0,0,0,0,0,0,0,324,0,0,0,0,0,0,0,0,0,0,0,0,0,0,0,4,0,0,0,0,0,0,0,0,0,0,0,0,0,0,0,0,0,0,0,0,0,0,0,2,0,0,0,0,0,0,0,0,0,0,0,0,0,0,0,0,0,0,0,0,0,0,0,0,0,0,0,0,0,0,0,0,0,0,0,0,0,0,0,0,0,0,0,0,0,0,0,0,0,0,0,0,0,0,0,0,0,0,0,0,0,0,0,0,0,0,0,0,0,0,250,0,0,0,0,0,0,0,0,0,0,0,0,0,0,0,0,0,0,0,0,0,0,0,0,0,0,0,0,0,0,0,0,0,0,0,0,0,0,0,0,0,0,0,0,0,0,0,0,0,0,0,0,0,0,0,0,0,0,0,0,0,0,0,0,0,0,0,0,0,0,0,0,0,0,0,0,0,0,0,0,0,0,0,212,0,0,0,0,0,0,0,0,0,0,0,0,0,1,0,0,0,0,0,0,0,0,0,0,0,0,0,0,0,0,0,0,0,0,0,0,0,0,0,0,0,0,0,0,0,0,0,0,0,159,0,0,0,0,0,0,0,0,0,0,0,0,0,0,0,0,0,0,0,175,0,0,0,0,0,0,0,0,0,0,0,0,0,0,0,0,37,0,0,0,0,0,0,0,0,0,0,0,0,0,0,0,0,0,0,0,0,0,0,0,0,0,0,0,0,0,0,0,0,0,0,0,0,0,0,0,0,0,0,0,0,0,0,0,0,0,0,0,0,0,0,0,0,0,0,0,0,0,0,0,0,0,0,0,0,0,0,0,0,0,0,0,0,0,0
"D125",0,0,0,0,0,0,0,0,0,0,0,0,0,0,0,0,0,0,0,0,0,0,0,0,0,0,178,0,0,0,0,0,0,194,0,0,0,0,0,0,0,0,0,0,0,0,0,0,0,0,0,0,0,0,0,0,0,0,0,0,0,0,0,0,31,0,0,0,0,34,0,0,0,0,0,0,0,0,0,0,92,0,0,0,0,0,0,0,0,0,0,0,0,0,0,0,0,0,0,0,0,0,0,0,0,0,0,0,0,0,0,0,0,0,0,0,0,0,0,0,0,0,0,0,0,0,0,114,0,0,0,0,0,0,0,0,0,0,0,0,0,49,0,0,0,0,0,0,0,0,0,0,0,0,0,0,0,0,0,0,0,0,0,0,0,0,0,0,0,0,0,0,0,0,0,0,0,0,0,0,0,0,0,0,0,0,0,0,0,0,0,0,0,0,0,0,0,0,0,0,0,0,0,0,0,0,0,0,0,0,64,0,0,0,0,0,0,0,0,0,0,0,0,0,0,0,0,0,0,0,0,0,0,0,0,0,0,0,0,0,0,0,0,0,0,0,0,0,0,0,0,0,0,0,0,0,0,0,0,0,0,0,0,0,0,0,0,0,0,0,0,0,101,0,0,0,0,0,0,0,0,0,0,0,0,0,0,0,0,0,0,0,0,0,0,0,0,0,0,1419,0,0,0,0,0,0,0,0,0,0,0,0,0,0,0,0,0,0,0,0,0,0,0,0,0,0,0,0,0,0,0,0,0,0,0,0,0,0,0,0,0,0,0,0,0,0,0,0,0,0,0,0,0,0,0,0,0,0,0,0,7,0,92,0,0,0,0,0,0,0,0,0,0,0,0,0,0,0,0,0,0,0,0,0,0,329,0,0,0,0,0,0,0,0,0,0,0,0,0,0,0,0,0,0,0,0,0,0,0,0,0,0,0,0,0,0,0,0,0,0,0,0,42,0,0,0,0,0,0,0,0,0,0,0,0,0,0,0,0,0,0,0,227,0,0,0,71,0,0,0,0,0,0,0,0,0,0,0,0,0,0,0,0,0,0,0,0,0,0,0,0,0,0,0,0,0,0,351,0,0,0,0,0,0,0,0,0,0,0,0,0,0,0,0,0,0,0,0,183,0,0,0,0,0,0,0,0,0,0,0,0,0,0,0,0,0,0,0,0,0,0,0,0,0,0,0,0,0,0,0,0,0,0,0,0,0,0,0,0,0,0,0,0,0,0,85,0,0,0,0,0,0,0,133,0,0,0,0,0,0,0,0,0,0,0,0,0,0,0,0,0,0,0,0,0,0,0,0,0,0,0,0,0,0,0,0,0,0,0,68,0,0,0,0,0,0,0,0,0,0,0,0,0
"D126",14,277,0,0,0,1,0,0,0,0,0,0,0,0,0,0,0,0,0,0,84,0,0,0,0,0,0,0,5,0,0,0,73,0,0,0,0,0,0,0,0,0,0,0,0,0,0,0,0,0,0,12,0,0,0,0,0,46,0,0,0,8,0,0,0,0,0,11,0,927,0,0,0,0,0,0,0,0,0,0,0,0,0,0,0,0,0,0,0,0,0,0,0,0,0,34,0,0,0,0,0,0,0,2,0,0,0,0,0,0,0,0,0,0,0,815,0,0,0,0,0,2,0,0,0,0,0,0,0,0,0,0,0,0,0,0,0,0,0,0,0,0,0,0,0,0,0,26,0,47,0,0,0,0,0,0,0,0,0,0,0,0,0,0,231,0,0,0,0,0,0,0,0,393,0,0,0,0,0,0,0,0,0,21,0,0,0,0,0,0,0,0,0,0,0,0,0,0,0,0,0,0,0,0,0,0,0,0,0,0,0,0,0,0,0,30,0,0,0,0,0,0,0,9,0,0,0,0,0,0,0,0,0,2,0,0,0,0,0,0,36,0,0,0,0,0,0,0,0,0,36,0,0,2,0,0,1429,0,0,0,0,10,0,0,0,0,0,0,0,0,0,0,0,0,0,1769,0,0,0,0,0,0,108,0,0,0,32,0,0,0,0,0,0,0,0,0,0,0,0,0,0,0,0,0,303,0,0,0,0,0,0,0,0,0,0,0,0,0,0,0,0,0,0,0,0,0,3,0,0,0,0,0,11,0,0,0,0,0,0,0,0,0,955,0,0,0,605,2,0,0,0,0,0,0,0,0,190,0,0,0,0,7,0,0,0,0,0,0,0,0,0,0,0,0,0,0,0,0,0,0,3,0,0,0,0,0,0,0,0,0,0,0,0,0,0,0,0,0,0,0,0,0,0,0,0,0,57,0,0,0,0,0,0,0,0,0,0,0,0,0,0,13,0,0,0,0,0,0,0,0,0,0,0,0,0,0,0,0,0,0,0,0,0,0,0,0,0,0,0,0,14,0,0,0,0,0,0,0,0,0,0,0,0,0,248,0,0,0,0,0,0,0,0,0,0,57,0,0,0,0,0,0,0,0,0,5,0,0,0,0,0,0,0,0,0,59,0,0,0,0,0,0,0,0,0,0,0,0,0,0,0,0,0,0,0,378,0,0,0,0,0,0,0,0,1104,0,0,0,0,0,0,0,0,0,0,0,0,0,0,599,0,0,0,0,0,0,0,0,0,0,0,0,0,0,0,0,0,0,51,0,0,4,0,0,0,0,0,0,0,36,0,0,0,0,0,0,0,0,405,0,0,0,0,0,0,0,0,0,0,0,0,0,0,0,0,0,0,0,0,0,34,0,0
"D127",0,9,10,0,3,5,0,0,0,0,0,160,0,10,0,8,4,0,142,0,0,3,81,0,0,0,0,0,0,7,178,0,6,0,0,0,0,7,6,65,26,0,20,10,4,2,9,11,6,0,0,0,0,7,0,7,165,0,0,0,13,0,30,0,0,32,2,0,6,0,0,0,0,0,4,46,17,38,2,0,0,0,0,0,76,0,0,0,0,0,3,16,0,0,3,2,0,0,0,4,0,7,0,13,12,0,0,2,239,2,0,3,0,1,11,0,0,0,0,0,0,17,2,0,0,3,0,16,0,0,4,0,0,0,0,151,0,0,3,0,0,0,0,0,3,2,0,15,0,0,0,0,0,12,36,0,7,13,61,0,7,0,0,0,0,0,0,72,89,0,0,0,0,0,0,2,0,0,0,57,0,0,22,0,0,4,0,0,2,5,24,0,6,11,5,0,0,0,1,0,0,0,23,0,2,0,0,36,4,0,0,0,0,3,0,0,0,0,0,0,16,13,10,0,11,0,0,88,5,0,0,3,0,0,11,2,0,166,7,4,0,0,0,0,0,0,4,19,0,0,9,0,19,0,0,0,0,19,0,0,18,0,28,17,0,0,2,37,2,2,1,0,0,13,7,0,56,0,0,12,136,0,0,0,1,0,0,0,0,2,19,0,0,100,16,0,8,1,0,19,15,0,0,280,7,0,0,25,36,0,112,0,152,0,0,0,0,1,0,3,0,58,0,72,70,0,0,0,0,97,0,37,2,0,0,0,51,39,0,0,0,0,0,24,0,0,0,0,0,0,43,0,29,0,0,0,0,0,0,10,5,0,0,10,3,0,0,0,0,0,0,0,13,7,47,6,0,261,0,0,0,129,0,0,0,0,19,1,6,0,15,0,0,200,2,0,0,5,0,0,38,8,0,0,0,9,0,6,0,0,0,8,9,14,0,0,58,2,0,5,3,0,0,15,0,0,2,0,0,0,0,0,0,0,0,0,10,0,0,0,0,59,0,0,25,0,0,6,3,12,0,0,0,0,0,12,0,0,3,0,0,22,0,6,8,0,0,24,0,0,198,0,0,249,9,0,0,0,0,0,0,6,0,10,7,0,0,0,0,62,0,0,0,2,2,0,0,0,0,9,0,0,0,0,0,864,60,0,15,0,8,0,0,100,0,0,0,33,0,24,0,2,0,0,0,0,0,28,72,50,0,31,0,6,0,0,0,0,5,0,0,0,0,2,10,3,0,0,116,0,0,0,2,0,6,2,3,60,0,30,0,0,0,23,0,0,351,0,0,0,0,159,55,11,4,7,0,0,0,0,0,0,23,0,0,101,0,0,0,0,13,0,0,3,297,0,0,0,0,0,33,0,0
"D128",3,0,0,0,0,0,0,0,0,0,0,0,0,0,0,0,0,0,0,0,0,0,0,0,0,0,0,0,0,0,0,0,338,0,0,0,0,0,0,0,0,2,0,0,0,135,0,0,0,0,0,0,0,0,0,0,0,2,0,0,0,0,0,6,0,0,0,0,0,0,0,0,0,0,0,0,0,0,0,0,0,0,0,0,0,0,7,4,0,0,0,0,0,0,0,0,0,0,0,0,0,0,0,0,0,0,0,0,0,0,14,0,0,0,0,0,0,0,0,0,0,0,0,0,0,0,0,0,0,0,0,0,0,0,0,0,8,0,0,0,0,0,0,0,0,2,0,0,0,9,0,0,0,0,0,0,0,0,0,0,0,0,0,0,23,0,0,0,0,0,0,0,5,0,0,0,0,0,0,7,0,0,0,0,0,0,0,0,0,0,0,0,0,0,0,0,0,0,0,0,0,0,0,0,0,0,0,0,0,0,0,0,0,0,0,0,0,2,0,0,0,0,0,0,0,0,0,0,0,0,1263,0,0,0,0,0,0,0,0,0,0,0,0,0,0,0,0,0,2,0,0,0,0,0,0,0,0,0,3,0,0,0,0,0,0,0,0,0,0,0,0,0,0,0,0,36,0,0,0,0,0,0,0,0,0,0,30,0,0,0,0,0,0,0,0,0,0,0,0,0,0,0,0,0,0,0,0,0,0,0,0,0,0,0,0,0,0,0,0,0,0,0,0,0,0,0,0,0,0,0,0,0,135,0,0,0,0,0,0,143,0,0,18,0,0,0,0,0,0,0,0,0,0,0,0,0,0,0,0,0,0,0,0,0,0,0,0,0,0,0,0,0,0,0,0,0,0,0,0,0,0,0,0,0,0,0,0,0,0,0,0,0,0,0,0,0,0,0,0,0,0,0,0,0,0,0,0,0,0,0,0,0,0,0,0,0,0,0,0,0,0,0,0,0,0,0,0,0,0,0,0,0,0,0,0,0,0,0,0,0,0,0,0,0,0,0,0,0,0,0,0,13,0,0,0,0,0,0,0,0,0,0,0,0,0,0,0,0,0,0,0,0,0,0,0,0,0,0,0,0,23,0,0,0,0,0,0,0,0,0,123,0,0,0,0,0,0,0,0,0,0,0,0,0,0,0,0,0,0,1,0,0,0,0,0,0,0,0,0,0,0,0,0,0,4,0,0,0,0,0,0,0,0,0,0,0,0,0,0,0,0,0,0,0,0,0,0,0,0,0,0,0,0,0,0,0,0,0,0,0,0,0,0,0,0,0,0,0,0,0,0,0,0,0,0,0,0,0,0,0,0,0,0,0,0,0,0,0,0,0,0,0,0,0,0,0,0,0,0,0,0,0,0
"D129",2,4,3,0,0,0,0,0,0,7,0,0,2,4,4,6,0,0,9,0,0,0,0,3,0,0,198,0,0,13,36,0,2,1306,0,0,0,0,0,0,0,1,0,9,0,0,13,4,19,0,0,52,0,9,0,0,1,0,0,0,0,0,20,0,16,0,5,0,0,0,4,25,149,0,0,0,2,59,0,0,2070,0,0,0,0,818,7,77,0,38,3,3,4,25,13,0,66,1,22,3,13,0,1291,0,0,2,0,0,0,0,4,0,0,0,4,0,0,0,36,0,0,7,0,0,3,0,0,1728,2,0,0,0,0,0,0,2,0,91,0,0,23,0,0,30,16,0,0,14,6,0,0,0,0,9,0,0,51,3,2,0,0,0,0,0,0,0,0,2,56,0,94,20,8,27,0,0,1,0,0,0,2,0,0,0,1111,0,0,0,0,15,0,0,0,31,0,0,2,0,0,0,0,4,0,0,0,0,4,0,0,0,0,0,0,0,0,0,0,0,0,0,246,0,4,0,2,0,0,5,0,0,89,0,120,0,12,1,2,0,0,0,2,0,0,66,2,0,0,0,15,0,0,0,1,72,0,0,0,0,19,0,2,3,0,0,2,25,0,11,3,0,0,0,0,0,2,0,0,0,0,0,34,0,1,2,0,0,3,20,6,0,0,0,0,3,55,0,0,0,0,14,0,0,8,0,31,0,19,0,2,0,1,0,0,0,3,0,0,2,0,4,0,0,0,0,0,0,0,0,0,11,11,0,14,0,0,0,0,0,1182,21,0,7,16,0,0,0,7,0,9,0,0,0,2,0,0,0,0,0,0,2,51,0,8,4,0,0,0,0,18,0,0,0,0,12,0,0,0,0,0,0,0,0,4,39,6,17,0,0,20,15,7,8,4,14,0,0,13,0,335,282,39,2,0,90,0,3,29,1,0,0,0,0,3,2,0,898,0,0,3,2,4,0,3,0,0,0,0,0,0,0,0,4,1540,1,402,2,6,0,0,0,0,5,2031,1,0,0,27,0,14,0,0,0,0,0,0,75,9,2,0,0,0,0,0,2,19,0,0,2,0,0,0,0,0,0,0,0,1559,5430,0,0,0,0,1,0,12,21,2,0,11,0,0,0,0,0,20,0,0,8,28,0,96,0,1,0,44,13,0,0,0,12,2,0,0,6,313,0,4,0,0,0,0,24,0,0,0,0,0,0,0,4,0,4,0,5,0,0,0,0,0,0,0,0,79,2,0,0,1,0,32,2364,0,0,0,2466,0,0,0,3,0,3,0,0,1,0,2,0,18,0,0,0,0,9,0,0,0,7,0,1,0,24,5,0,1,0,0,35,2,1,0,1984,31,117,4,4,3,0,3,3,0,0,0,0,0
"D130",0,0,0,0,0,0,0,0,0,0,0,0,0,0,0,0,0,0,2,0,0,0,0,0,0,0,0,0,4,0,0,0,1,0,0,0,0,0,0,0,0,0,0,2,0,0,0,0,0,0,0,4,2,0,3,0,0,0,0,0,0,0,0,0,0,0,3,0,12,0,0,0,0,0,0,0,0,8,0,0,0,0,0,0,0,0,0,0,0,0,0,0,0,0,0,0,0,0,0,0,0,2,0,0,0,0,0,0,0,0,0,0,0,0,0,0,0,0,0,35,0,6,0,0,0,0,0,58,0,0,0,0,0,0,0,0,0,0,0,0,0,0,0,0,0,0,0,4,0,0,0,0,0,2,0,0,2,0,0,0,0,0,0,0,0,0,0,3,0,0,0,0,0,3,0,0,0,0,0,0,0,0,96,0,0,0,0,0,0,0,0,0,0,0,0,0,0,0,0,0,0,0,0,0,0,0,0,0,0,0,0,0,0,0,0,0,0,0,0,0,6,0,0,0,0,0,0,0,0,0,0,0,0,0,0,0,0,0,2,0,0,0,0,0,0,0,0,5,0,0,0,0,2,0,11,0,0,0,0,0,0,0,0,0,0,0,0,0,0,0,0,0,0,0,0,0,4,0,0,0,3,0,0,0,0,0,0,0,0,108,0,0,0,0,0,0,0,0,0,0,0,0,0,0,0,0,1,7,0,0,0,0,0,0,0,0,0,0,0,0,0,0,0,0,0,0,0,0,0,0,0,2,0,0,0,0,12,0,0,0,0,0,0,0,0,30,3,0,0,0,0,0,2,0,0,0,0,0,0,0,18,0,0,0,0,2,2,0,3,0,0,0,0,0,0,0,0,0,0,0,0,0,0,0,0,0,0,0,0,0,11,0,0,6,0,0,0,0,0,0,0,0,0,0,0,0,0,0,0,0,0,0,0,0,0,0,0,2,0,0,0,0,0,0,0,0,0,0,2,0,0,0,0,3,0,2,0,0,0,0,0,0,0,0,0,0,0,0,0,12,0,0,0,0,0,0,0,0,2,0,0,0,0,0,0,0,0,0,0,0,0,0,0,12,0,0,0,0,0,0,0,0,0,0,0,0,0,0,0,0,0,2,0,0,0,0,0,0,0,0,0,0,0,0,0,0,0,0,0,0,0,0,0,0,0,0,0,0,0,0,0,0,0,0,0,0,0,0,10,0,0,0,0,0,0,0,0,0,3,0,0,0,0,0,0,0,0,0,0,0,0,0,0,25,0,0,0,0,0,0,0,0,0,2,0,0,9,0,0,0,0,0,0,0,0,0,1,3,0,0,0,0,0,0,0,0,0,0,0,0,0,5,0,0,0,0,0,0,0,0,0,3,0
"D131",0,0,0,0,0,0,0,0,0,0,0,0,0,0,0,0,0,0,0,0,0,0,0,0,0,0,0,0,0,0,0,0,0,0,0,0,0,0,0,0,0,0,0,0,0,0,0,0,0,0,0,0,0,0,0,0,0,0,0,0,0,0,0,0,0,0,0,0,0,0,0,0,0,0,0,0,0,0,0,0,0,0,0,0,0,0,0,0,0,0,0,0,0,0,0,0,0,0,0,0,0,0,0,0,0,0,0,0,0,0,0,0,0,0,0,0,0,0,0,0,0,0,0,0,0,0,0,0,0,0,0,0,0,0,0,0,0,0,0,0,0,0,0,0,0,0,0,0,0,0,0,0,0,0,0,0,0,0,0,0,0,0,0,0,0,0,0,0,0,0,0,0,0,0,0,0,0,0,0,0,0,0,0,0,0,0,0,0,0,0,0,0,0,0,0,0,0,0,0,0,0,0,0,0,0,0,0,0,0,0,0,0,0,0,0,0,0,0,0,0,0,0,0,0,0,0,0,0,0,0,0,0,0,0,0,0,0,0,0,0,0,0,0,0,0,0,0,0,0,0,0,0,0,0,0,0,0,0,0,0,0,2,0,0,0,0,0,0,0,0,0,0,0,0,0,0,0,0,0,0,0,0,0,0,0,0,0,0,0,0,0,0,0,0,0,0,0,0,0,0,0,0,0,0,0,0,0,0,0,0,0,0,0,0,0,0,0,0,0,0,0,0,0,0,0,0,0,0,0,0,0,0,0,0,0,0,0,0,0,0,0,0,0,0,0,0,0,0,0,0,0,0,0,0,0,0,0,0,0,0,0,0,0,0,0,0,0,0,0,0,0,0,0,0,0,0,0,0,0,0,0,0,0,0,0,0,0,0,0,0,0,0,0,0,0,0,0,0,0,0,0,0,0,0,0,0,0,0,0,0,0,0,0,0,0,0,0,0,0,0,0,0,0,0,0,0,0,0,0,0,0,0,0,0,0,0,0,0,0,0,0,0,0,0,0,0,0,0,0,0,0,0,0,0,0,0,0,0,0,0,0,0,0,0,0,0,0,0,0,0,0,0,0,0,0,0,0,0,0,0,0,0,0,0,0,0,0,12,0,0,0,0,0,0,0,0,0,0,0,0,0,0,0,0,0,0,0,137,0,0,0,0,0,0,0,0,0,0,0,0,0,0,0,0,0,0,0,0,0,0,0,0,0,0,0,0,0,0,0,0,0,0,0,0,0,0,0,0,0,0,0,0,0,0,0,0,0,0,0,0,0,870,0,0,0,0,0,0,0,0,0,0,0,0,0,0,0,0,0,0,0,0,0,0,0,0,0,0,0,0,0,0,0,0,0,0,0,0,0,0,0,0,0
"D132",0,0,0,0,0,0,0,0,0,0,0,0,0,0,0,0,0,0,0,0,3,0,0,0,0,0,0,10,0,0,0,0,0,6,0,0,0,0,0,0,0,0,0,0,0,40,0,0,0,0,0,29,0,0,0,0,0,0,0,0,0,154,0,0,0,0,0,292,0,0,0,0,0,0,0,0,0,0,0,0,0,0,0,0,0,0,0,0,0,0,0,0,0,0,0,0,0,0,0,0,0,0,0,0,0,0,0,0,0,0,0,0,0,0,0,2,0,0,0,0,0,2,0,0,0,0,0,0,0,0,0,0,0,0,0,0,0,0,0,0,0,0,0,0,0,0,0,2,0,0,0,0,0,0,0,0,0,0,0,0,0,0,0,0,0,0,0,0,0,0,0,0,0,24,0,0,0,0,0,0,0,0,0,0,0,0,0,0,0,0,0,0,0,0,0,0,0,0,0,0,0,0,0,0,0,0,0,0,0,0,0,0,0,0,20,0,0,0,0,0,0,0,0,7,0,0,0,0,0,0,0,0,0,0,0,2,0,0,0,0,0,0,0,0,0,0,0,0,0,4,0,0,0,0,0,0,18,0,0,0,0,0,0,0,0,0,0,0,0,0,0,0,0,0,0,5,0,0,0,0,0,0,0,0,0,0,0,0,0,0,0,0,12,0,0,0,0,0,0,3,0,0,0,0,0,0,0,0,0,0,0,0,0,0,0,0,0,0,0,0,0,0,0,0,0,0,78,0,0,0,0,0,0,0,0,0,0,0,0,0,0,0,5,0,0,0,0,0,40,0,0,0,0,0,0,0,0,0,0,0,0,0,0,0,0,0,0,0,0,0,0,0,0,0,0,0,0,0,0,0,4,0,0,0,0,0,0,0,0,0,0,0,0,0,0,0,0,0,0,0,0,0,0,0,0,0,0,0,0,0,0,0,0,0,0,0,0,0,0,0,0,0,0,0,0,0,0,0,0,0,0,0,0,0,0,0,0,0,0,0,0,0,0,0,0,0,0,0,0,0,14,0,0,0,0,0,0,0,0,0,0,0,0,0,5,0,0,0,0,0,0,3,0,0,0,0,0,0,0,0,0,0,0,0,0,0,0,0,0,0,0,0,0,0,0,0,0,0,0,0,0,0,0,0,0,0,0,113,0,129,0,0,0,0,0,7,0,0,0,0,0,0,0,0,200,0,0,0,0,0,0,0,0,0,0,0,0,0,0,0,0,0,0,0,0,0,0,0,0,0,0,0,0,0,47,0,0,0,0,0,0,1708,0,0,0,0,0,0,0,0,0,0,0,0,0,0,0,0,260,0,0,0,0,0,0,0,0,0,0,0,0,0,0,0,0,0,0,0,0,0,0,0,0
"D133",0,0,0,0,0,0,0,0,0,0,0,0,0,0,0,0,0,0,0,0,0,5,0,0,0,0,0,0,0,0,0,0,0,33,0,0,0,0,0,0,0,0,0,0,0,0,0,0,0,0,0,0,159,0,0,0,0,0,1054,0,0,1628,0,0,0,0,0,0,0,0,0,0,0,0,0,0,0,0,0,0,0,0,4494,0,0,0,0,0,0,0,0,0,0,0,0,0,0,0,0,0,0,0,0,0,0,0,0,0,0,0,0,0,0,0,0,8,0,0,0,0,0,0,0,0,0,0,0,0,0,0,0,0,0,0,0,0,0,0,0,0,0,0,0,0,0,0,0,0,0,0,146,0,0,0,0,0,0,0,0,0,0,0,0,0,0,0,0,0,0,0,0,0,0,26,0,0,0,0,0,165,0,0,0,0,0,0,0,0,0,0,0,0,0,0,0,0,0,0,0,0,0,0,0,0,0,0,0,0,0,0,0,0,0,0,0,0,0,0,0,0,0,0,0,0,0,0,0,0,0,0,0,0,0,0,0,0,0,0,0,0,0,0,0,0,0,0,0,0,0,0,0,0,0,0,0,0,5,0,59,0,0,0,0,0,0,0,0,0,0,0,0,0,5905,0,0,0,0,0,0,0,0,17,0,0,0,0,0,0,0,0,0,0,0,0,0,0,0,0,0,0,0,0,0,0,0,0,0,0,0,0,0,0,0,0,0,0,2,0,0,0,0,0,0,0,0,0,1678,0,0,0,0,0,33126,0,0,0,0,0,0,0,0,0,3,0,0,0,0,0,14709,0,0,0,0,0,0,0,0,0,0,0,0,0,0,0,0,0,0,0,0,0,0,0,0,0,0,0,0,0,0,0,0,0,0,0,0,1958,0,0,0,0,0,0,0,0,0,0,0,0,0,0,0,0,0,0,0,0,0,0,0,0,0,0,0,0,0,0,0,0,0,0,0,0,0,0,0,0,0,0,0,0,0,0,0,0,0,0,0,0,0,0,0,0,0,0,0,0,0,0,0,0,226,0,0,0,0,0,0,0,0,0,0,0,0,0,8,0,0,0,0,0,0,0,0,0,0,217,0,0,0,0,0,0,0,0,0,0,0,0,0,0,0,0,0,0,0,0,0,0,0,0,0,0,0,0,0,0,0,0,0,0,0,0,0,0,0,0,0,0,0,0,56,0,0,0,0,0,7,0,0,0,0,0,0,0,0,0,0,0,0,0,0,0,0,0,0,0,0,24,0,0,0,0,0,0,0,0,0,0,0,0,0,0,0,0,0,0,0,0,0,0,0,0,0,0,0,0,0,0,3,0,0,0,0,0,0,0,0,0,0,0,0,0,0,0,0,0,0,0,0,0,0,0,0
"D134",0,0,0,0,0,0,0,0,0,0,0,0,0,0,0,0,0,0,0,0,0,0,0,0,0,0,0,0,0,0,0,0,2,0,0,0,0,0,0,0,0,0,0,0,0,0,0,0,0,0,0,0,0,0,0,0,0,0,0,0,0,0,0,0,0,0,0,0,0,0,0,0,4,0,0,0,0,0,0,0,0,0,0,0,0,0,0,0,0,67,0,0,0,0,0,0,0,0,0,0,0,0,0,0,0,0,0,0,0,0,2,0,0,0,0,0,0,0,0,0,0,0,0,0,0,0,0,0,0,0,0,0,0,0,0,0,0,0,0,0,0,0,0,0,0,0,0,0,0,0,0,0,0,0,0,0,0,0,0,0,0,0,0,0,0,0,0,0,0,0,0,0,0,0,0,0,0,0,0,0,0,0,2209,0,0,0,0,0,0,0,0,0,0,0,0,0,0,0,0,0,0,0,0,0,0,0,0,0,0,0,0,0,0,0,0,0,0,0,0,0,0,0,0,2,0,0,0,0,0,0,1898,0,0,9,0,0,0,0,0,0,0,0,0,0,0,0,0,0,0,0,0,0,0,0,0,0,0,0,0,0,0,0,0,0,0,0,0,0,0,0,0,0,0,0,0,0,0,0,0,0,43,3,0,0,0,0,0,0,0,2,0,0,0,0,0,0,0,0,0,0,0,0,0,0,0,0,0,0,0,0,0,0,0,0,0,0,0,0,0,0,0,0,0,0,0,0,0,0,0,0,0,0,0,0,0,0,0,0,0,0,0,0,0,0,0,0,0,0,0,0,0,0,0,0,0,0,0,0,0,0,0,0,0,0,0,0,0,0,0,0,0,0,0,0,0,0,0,0,0,0,0,0,0,0,0,0,0,0,0,0,0,0,0,0,0,0,0,0,0,0,0,0,0,0,0,0,0,0,0,0,0,0,0,0,0,0,0,0,0,0,0,0,0,0,0,0,0,0,0,0,0,0,0,0,0,0,0,4,0,0,0,0,0,0,0,0,0,0,0,0,0,0,0,0,0,0,2,0,0,0,0,0,0,0,0,0,0,0,0,0,0,0,0,0,0,0,0,0,0,0,0,0,0,0,0,2,0,0,0,0,0,0,0,0,0,0,0,0,0,0,0,0,0,0,0,0,0,0,0,0,0,0,0,0,0,0,0,0,0,0,0,0,0,0,0,0,14,0,0,0,0,0,0,0,0,0,0,0,0,0,0,0,0,0,0,0,0,0,0,0,0,0,0,0,0,0,0,0,0,0,0,0,0,0,0,0,0,0,0,0,0,0,0,0,0,0,0,0,0,0,0,0,0,0,0,0,0,0,0,0,0,0,0,0,0,0,0,0,0,0,0,0,0
"D135",0,0,0,0,0,0,0,2,0,0,0,0,0,0,7,0,1,0,0,0,0,0,0,0,0,0,0,0,0,0,0,0,0,1125,0,0,0,0,0,0,0,0,0,0,0,0,0,0,0,0,0,96,0,0,33,0,0,0,0,0,0,0,0,0,0,0,0,0,0,0,6,67,7,0,0,0,0,0,0,0,544,0,0,0,0,80,0,0,0,10,0,0,0,4,2,0,0,0,5,0,0,0,494,31,0,0,0,0,0,0,0,0,0,0,0,0,0,0,9,0,0,7,0,0,0,0,0,1490,0,0,0,0,0,0,0,0,0,0,0,0,0,0,0,6,1,0,0,0,0,0,0,0,0,0,0,0,6,0,0,0,0,0,0,0,0,0,0,0,1,0,0,0,0,0,0,0,11,0,0,0,0,0,0,0,1145,0,0,0,0,0,0,0,0,0,0,0,0,0,0,0,0,12,0,0,0,0,0,0,0,0,0,0,0,0,0,0,0,0,0,0,0,0,0,0,3,0,0,0,0,0,0,0,3,0,0,0,0,0,0,0,0,0,0,0,0,0,0,0,5,0,0,0,0,5,0,0,0,0,0,0,0,0,0,0,0,69,0,0,0,0,0,0,0,0,0,0,0,0,0,0,2,0,0,0,0,0,0,0,0,1,0,0,0,0,7,0,0,0,0,0,0,0,0,0,0,0,3,0,0,0,0,0,0,0,0,0,0,0,0,0,0,0,0,0,0,0,0,0,0,0,0,0,0,0,0,0,0,0,1741,20,0,17,0,0,0,0,0,0,0,0,0,0,0,0,0,0,0,0,0,0,233,0,4,0,0,0,0,0,1,0,0,0,0,0,0,0,0,1,0,0,0,0,0,1,39,0,0,0,0,0,0,2,0,0,0,0,0,0,635,25,0,0,0,0,0,0,0,0,0,0,0,0,0,0,0,1768,0,0,0,0,0,0,0,0,2,0,0,0,0,0,0,0,1523,68,123,0,0,0,0,0,0,0,521,0,0,0,69,0,0,0,0,0,0,0,0,58,0,0,0,0,0,0,0,0,0,0,0,0,0,0,0,0,0,111,0,0,967,1271,0,0,0,0,0,0,0,10,0,0,5,0,0,0,0,0,0,0,0,0,14,0,397,0,0,0,22,0,0,0,0,0,0,0,0,0,4,0,0,0,0,0,0,2,0,0,0,0,0,0,0,0,0,0,0,0,2,0,0,0,0,0,0,0,0,0,0,0,0,0,0,181,3,0,0,839,0,0,0,0,0,0,0,0,0,0,0,0,0,0,0,0,0,2,0,0,0,0,0,0,0,4,0,0,0,0,0,4,0,0,0,143,0,0,0,0,0,0,0,0,0,0,0,0,0
"D136",0,0,0,0,0,0,0,0,0,0,0,0,0,0,0,0,0,0,0,0,0,0,0,0,0,0,0,0,0,0,0,0,0,0,0,0,0,0,0,0,0,0,0,0,0,0,0,0,0,0,0,0,0,0,0,0,0,0,0,0,0,3,0,0,0,0,0,0,0,0,0,0,0,0,0,0,0,0,0,0,0,0,0,0,0,0,0,0,0,0,0,0,0,0,0,0,0,0,0,0,0,0,0,0,0,0,0,0,0,0,1,0,0,0,0,0,0,0,0,0,0,0,0,0,0,0,0,0,0,0,0,0,0,0,0,0,0,0,0,0,0,0,0,0,0,0,0,0,0,0,0,0,0,0,0,0,0,0,0,0,0,0,0,0,0,0,0,0,0,0,0,0,0,0,0,0,0,0,0,0,0,0,0,0,0,0,0,0,0,0,0,0,0,0,0,0,0,0,0,0,0,0,0,0,0,0,0,0,0,0,0,0,0,0,0,0,0,0,0,0,0,0,0,0,0,0,0,0,0,0,0,0,0,0,0,0,0,0,0,0,0,0,0,0,0,0,0,0,0,0,0,0,0,0,0,0,535,0,0,0,0,0,0,0,0,0,0,0,0,0,0,0,58696,0,0,0,0,0,0,0,0,0,0,0,0,0,0,0,0,0,0,0,0,0,0,0,0,0,0,0,0,0,0,0,0,0,0,0,0,0,0,0,0,0,0,0,0,0,0,0,0,0,0,0,0,0,0,0,0,0,0,0,753,0,0,0,0,0,0,0,0,0,0,0,0,0,0,0,0,0,0,0,0,0,0,0,0,0,0,0,0,13932,0,0,0,0,0,0,0,0,1,0,0,0,0,0,0,0,0,0,3877,0,0,0,0,0,0,0,0,0,0,0,0,0,0,0,0,0,0,0,0,0,0,0,0,0,0,0,0,0,0,0,0,0,0,0,0,0,0,0,0,0,0,0,0,0,0,0,0,0,0,0,0,0,0,0,0,0,24,0,0,0,0,0,0,0,0,0,0,0,41,0,0,0,0,0,0,0,0,0,0,0,0,0,3975,0,0,0,0,0,0,0,0,0,0,0,0,0,0,0,0,0,0,0,0,0,0,0,0,0,0,0,0,0,0,0,0,0,0,0,0,0,0,0,0,0,0,0,0,0,0,0,0,0,0,3,0,0,0,0,0,0,0,0,0,0,0,0,0,0,0,0,0,0,0,0,0,0,0,0,0,0,0,0,0,0,0,0,0,0,0,0,0,0,0,0,0,0,0,0,0,0,0,0,0,0,0,0,0,0,0,0,0,0,0,0,0,0,48,0,0,0,0,0,0,0,0,0,0,0,0,0,0,0,0,0,0,0,0,0,0,0,0
"D137",0,0,0,0,0,0,0,0,0,2,0,0,0,0,5,7,0,0,0,0,0,0,0,0,0,0,48,0,0,0,78,0,2,406,0,0,0,0,0,0,0,0,0,51,0,0,0,0,0,0,0,0,0,0,0,0,0,0,0,0,0,0,2,0,406,0,0,0,0,0,0,65,245,0,0,0,0,0,0,0,896,0,0,0,0,70,0,23,0,17,0,0,0,1,5,0,5,0,6,0,0,0,601,3,0,0,0,0,0,0,0,0,0,0,0,0,0,0,114,0,0,2,0,0,0,0,0,1418,0,0,0,0,0,0,0,0,0,58,0,0,3,0,0,0,0,0,0,0,0,0,0,0,0,0,0,0,4,0,0,0,0,0,0,0,0,0,0,0,3,0,6,0,0,0,0,0,14,0,0,0,2,0,0,0,1609,0,0,0,0,0,0,0,0,0,0,0,0,0,0,0,0,35,0,0,0,0,0,0,0,0,0,0,0,0,0,0,0,0,0,0,211,0,0,0,0,0,0,0,0,0,18,0,114,0,0,0,0,0,0,0,0,0,0,9,0,0,0,0,90,0,0,0,0,166,0,0,0,0,0,0,0,0,0,0,0,10,0,0,0,0,0,0,0,0,0,0,0,0,0,0,0,0,0,0,0,0,0,0,0,0,0,0,0,0,0,0,0,0,0,0,0,0,0,0,0,0,0,0,0,0,0,0,0,0,0,0,0,0,0,0,0,0,0,0,0,0,0,0,0,0,0,0,8,0,0,0,0,0,367,0,0,42,0,0,0,0,0,0,0,0,0,0,0,0,0,0,0,0,0,0,86,0,2,0,0,0,0,0,6,0,0,0,0,0,0,0,0,0,0,0,0,0,0,57,2,0,0,0,0,0,0,2,0,0,0,0,0,0,730,65,24,0,0,47,0,0,3,0,0,0,0,0,0,0,0,517,0,0,4,0,0,0,0,0,0,0,0,0,0,0,0,0,831,17,239,0,0,0,0,0,0,0,729,0,0,0,12,0,0,0,0,0,0,0,0,84,0,0,0,0,0,0,0,0,0,0,0,0,0,0,0,0,0,305,0,0,781,3004,0,0,0,0,0,0,0,2,0,0,0,0,0,0,0,0,0,0,0,0,2,0,69,0,0,0,1,0,0,0,0,0,0,0,0,0,426,0,0,0,0,0,0,0,0,0,0,0,0,0,0,0,0,0,0,0,0,0,0,0,0,0,0,0,84,0,0,0,0,0,4,1578,0,0,0,559,0,0,0,0,0,0,0,0,0,0,0,0,0,0,0,0,0,0,0,0,0,0,0,0,0,0,0,0,0,0,0,0,2,0,0,3225,59,6,0,0,0,0,0,0,0,0,0,0,0
"D138",2,45,40,0,9,7,0,37,0,0,28,44,0,7,2,3,41,9,0,31,2,45,328,20,30,0,0,0,397,5,245,0,24,0,15,3,0,0,2,281,0,0,301,9,58,0,0,0,27,21,0,33,21,0,10,11,8,0,0,67,170,0,134,0,0,208,13,20,2,0,2,0,0,0,13,47,0,19,9,0,0,0,0,6,98,0,0,0,61,0,2,96,0,10,2,22,0,6,1,0,16,8,0,1,0,0,0,2,469,4,0,3,0,34,39,2,2,0,0,12,104,38,24,0,59,0,13,0,9,0,383,0,4,0,8,80,0,0,0,0,8,0,0,0,7,23,8,0,82,3,0,14,51,106,9,0,0,44,180,7,46,10,41,10,0,1,0,11,126,17,0,0,0,40,4,19,8,0,6,21,0,2,0,5,0,35,0,0,28,29,15,9,0,0,6,3,24,6,22,13,4,0,70,0,11,21,0,3,2,16,0,4,6,2,0,0,0,0,4,23,0,6,12,2,0,4839,0,297,3,11,0,0,2,0,6,2,12,200,37,4,0,0,0,0,2,4,5,72,0,7,49,9,7,2,0,2,0,51,0,0,14,0,19,60,36,0,56,88,9,10,0,22,0,1,17,19,38,121,1,5,537,0,0,34,8,2,0,0,5,4,0,0,0,181,140,0,5,28,0,15,52,0,75,118,58,0,0,22,59,9,27,0,24,19,10,0,2,213,0,5,116,14,9,40,1,25,15,16,16,0,0,133,31,47,60,52,151,255,0,5,0,0,0,544,0,119,20,52,0,27,36,356,34,0,2,0,10,13,0,13,0,8,3,83,0,0,17,0,0,12,3,4,6,3,108,0,110,13,225,0,0,239,0,4,0,0,163,10,9,0,7,2,16,0,15,0,0,11,0,0,0,0,0,0,0,0,0,0,0,6,0,78,8,4,0,0,71,4,9,8,19,0,3,0,0,11,0,277,0,0,17,0,0,0,0,279,27,0,0,0,5,92,0,271,38,0,0,141,4,0,12,9,0,1105,2,0,3,6,6,50,0,212,0,30,9,0,5,13,11,117,201,0,0,27,22,0,0,0,12,0,0,41,0,25,43,0,7,0,20,209,0,4,7,8,0,5,0,15,0,184,0,0,0,62,0,913,1079,0,6,0,61,24,1,88,0,0,0,16,18,84,27,0,348,50,0,0,24,23,32,104,23,420,11,10,0,107,0,14,0,0,0,0,0,21,0,11,20,29,133,0,17,4,25,0,0,3,57,93,3,92,0,0,22,16,7,21,157,0,0,5,15,0,22,63,110,0,9,0,59,6,0,8,0,10,0,0,0,22,0,0,0,0,5,69,547,11,5,0,17,0,22,33,0
"D139",13,0,0,53,0,0,2774,0,591,0,0,0,0,0,0,0,0,0,0,0,0,0,0,0,0,0,0,2974,0,0,0,0,0,0,0,0,321,0,0,0,0,0,0,0,0,0,0,0,0,0,2101,0,0,0,0,0,0,0,0,0,0,0,0,155,0,0,0,3422,0,204,0,0,0,0,0,0,0,0,0,0,0,0,0,0,0,0,0,0,0,0,0,0,0,0,0,0,0,0,0,0,0,0,0,0,0,0,0,0,0,0,0,0,0,0,0,26,0,9,0,0,0,0,0,0,0,0,0,0,0,42,0,0,0,0,0,0,102,0,0,0,0,0,0,0,0,0,0,0,0,0,0,0,0,0,0,411,0,0,0,0,0,0,0,0,0,0,0,0,0,0,0,0,0,0,0,0,23,0,0,0,0,0,0,2149,0,0,0,0,0,0,0,0,0,0,0,0,0,0,0,0,0,0,0,0,0,0,0,0,0,0,0,0,0,0,0,0,0,0,0,0,0,0,0,0,0,0,0,0,0,0,0,0,0,23237,0,0,0,0,0,0,0,1387,0,0,0,0,0,0,0,0,0,0,0,0,0,0,0,0,69,0,0,0,0,0,0,0,0,0,0,0,0,0,0,0,0,66,0,0,0,0,0,1256,0,0,0,0,0,0,0,0,0,0,0,0,0,0,0,0,0,0,0,0,0,0,0,148,0,0,0,0,0,0,0,0,0,0,0,0,16,0,0,0,0,0,0,0,0,0,0,0,0,0,795,0,0,0,0,0,0,0,0,0,0,0,0,0,0,0,0,0,0,0,0,0,0,0,0,0,0,0,0,12,0,0,0,0,0,0,0,0,36,0,0,0,0,0,0,0,0,0,0,0,0,0,0,0,0,0,0,0,0,0,0,0,0,0,0,0,0,0,0,0,0,0,0,0,0,0,0,0,0,0,0,0,0,0,0,0,0,0,0,0,0,0,0,0,0,0,0,14,0,0,0,0,0,0,0,0,0,0,0,0,0,0,0,0,0,0,0,0,0,4898,0,0,0,0,0,0,0,0,31,0,0,0,0,0,0,0,0,0,0,0,4,0,0,0,0,0,0,186,0,0,152,0,0,0,0,0,0,0,0,0,0,0,0,0,0,0,0,0,0,0,0,0,0,0,0,0,0,0,0,0,0,0,0,0,0,0,0,0,0,0,0,0,0,9,45,0,0,0,0,0,0,0,0,0,0,0,0,0,418,0,0,0,0,0,0,0,0,0,0,0,0,0,0,0,0,0,0,0,0,4,0,0,0,0,0,0,260,50,0,0,0,0,0,0,0,0,118,0,0,0,0,0,0,0,0,0,0,0,0,0,0,0,0,0,0,0,0,0,77,59,0
"D140",2,0,0,73,0,0,41,0,0,0,0,0,0,0,0,0,0,0,0,0,4,2,0,0,0,10,0,0,1,0,0,2,4,5,0,0,0,0,0,0,0,0,0,0,0,4,0,0,0,0,0,6,11,0,4,0,0,3,15,0,0,4,0,12,0,0,3,3,0,11,0,0,0,41,0,0,0,0,0,0,0,2,0,0,0,0,2,0,0,0,0,0,0,0,0,0,0,0,0,0,0,0,0,0,0,17,5,0,0,0,88,0,40,0,0,6,0,0,0,0,0,0,0,8,0,0,0,0,0,27,0,6,0,5,0,0,18,0,0,3,0,0,0,0,0,0,0,0,0,0,1,3,0,0,0,41,0,0,0,0,0,6,0,0,15,0,119,0,0,0,0,0,0,6,0,0,5,0,0,3,0,0,0,369,0,0,2,11,0,0,0,0,0,0,0,0,0,0,0,0,0,0,0,0,0,2,2,0,0,0,0,0,0,0,2,2,0,4,0,0,0,0,0,4,0,0,0,0,0,0,0,0,0,0,0,0,0,0,0,0,0,0,11,0,0,0,0,0,0,3,0,0,0,0,0,0,0,0,329,0,0,22,0,0,0,0,0,0,0,0,0,0,7,0,0,0,0,0,0,0,3,0,7,0,0,3,4,0,0,0,0,0,0,0,0,0,0,0,0,0,0,0,0,0,6,2,0,0,0,0,2,0,5,0,0,48,1,0,6,0,0,0,0,0,0,2,0,0,0,0,0,0,111,0,0,0,0,0,0,2,0,0,25,0,3,0,3,0,17,0,0,0,0,79,2,2,6,0,0,0,0,2,0,0,0,7,0,0,0,0,7,0,0,0,0,0,0,0,0,22,0,0,0,0,4,0,0,0,0,0,0,0,0,0,0,0,0,0,0,0,0,2,0,0,0,0,0,0,12,0,0,0,0,0,0,0,0,0,0,0,0,0,0,0,0,0,0,0,0,0,0,0,0,0,0,0,0,42,0,0,0,0,0,0,0,0,0,0,0,0,1,0,37,0,0,0,0,0,0,0,3,0,0,0,6,4,0,0,0,0,0,0,3,0,0,2,0,0,0,25,22,0,0,0,0,0,0,0,0,0,0,0,0,0,0,0,2,0,0,0,0,0,2,0,0,0,0,18,2,3,0,0,0,0,0,0,0,0,0,0,0,0,4,0,0,0,27,0,0,0,0,0,0,0,2,0,95,0,0,2,0,0,0,0,0,0,0,0,0,0,0,0,0,0,0,0,0,0,0,0,4,0,0,0,0,0,0,11,6,3,0,0,0,0,0,0,2,0,0,0,0,0,0,0,0,0,0,0,5,0,0,0,0,0,0,0,0,4,0,0,0,0,0
"D141",0,49,13,0,11,5,0,0,0,9,6,131,0,21,0,32,101,85,0,35,4,17,935,41,37,0,0,0,35,8,242,0,18,0,30,4,0,0,0,520,0,0,1080,0,112,0,2,0,52,1,0,1,22,4,0,4,0,0,2,57,194,0,110,0,0,612,6,0,0,0,0,0,0,0,4,10,0,0,0,0,0,0,0,3,674,0,0,0,4,0,4,35,0,0,4,0,0,4,0,256,12,0,0,0,0,0,0,0,1086,6,0,5,0,24,16,4,0,0,0,0,160,8,5,0,193,0,4,0,52,0,0,0,7,0,2,46,0,0,0,1,0,0,0,0,6,13,8,0,16,12,0,5,21,21,2,0,0,117,687,0,54,0,45,4,19,1,0,27,0,0,0,0,2,27,5,25,4,0,0,19,0,7,0,0,0,56,1,0,18,38,15,16,0,0,14,6,7,0,31,64,6,0,16,0,0,6,0,0,0,43,0,9,0,6,0,0,0,0,1,29,0,51,2,8,0,3751,0,198,8,3,0,0,0,0,13,17,9,1197,51,0,9,0,0,0,10,2,20,76,0,0,49,1,0,0,14,0,0,95,0,0,0,0,65,43,0,2,69,30,11,9,0,8,23,1,10,0,124,88,0,6,646,0,13,47,11,0,4,0,1,1,0,0,0,148,273,0,0,57,0,10,0,0,83,59,87,0,0,12,74,3,81,0,25,43,4,0,0,3353,0,0,0,19,4,4,0,8,0,27,21,0,0,37,46,44,142,60,359,239,0,8,15,0,12,585,0,139,7,8,0,14,123,307,236,0,4,0,0,14,0,23,0,0,0,202,0,0,27,0,0,0,4,0,12,2,353,0,142,89,275,0,0,102,0,0,0,0,179,0,20,0,57,4,8,0,19,0,0,3,0,0,0,0,0,0,0,9,0,0,0,1,0,44,0,9,0,0,86,8,0,0,8,0,4,0,0,106,5,435,0,0,60,0,0,0,0,74,4,0,2,0,3,59,0,258,307,4,0,31,7,0,0,0,0,1154,0,0,11,0,42,20,5,267,0,91,113,0,13,32,7,40,0,2,2,47,61,1,0,0,0,0,0,38,0,77,39,0,14,0,52,132,0,0,15,13,3,3,0,34,0,447,0,0,0,135,0,1229,652,0,2,0,44,22,2,104,0,2,1,7,18,300,19,0,178,2,0,0,40,67,1,171,6,489,0,3,0,217,0,39,0,1,0,0,0,79,11,35,46,0,107,0,31,0,34,0,0,49,32,56,0,118,0,0,27,5,10,6,131,0,0,5,27,0,32,124,179,10,0,0,194,11,0,0,366,6,0,0,0,67,0,0,0,0,0,77,457,40,0,0,5,0,11,0,0
"D142",0,0,0,65,0,0,2,0,3,0,0,2,0,0,0,0,0,0,0,0,3,0,0,0,0,31,0,0,0,0,0,0,5,3,0,0,0,0,0,0,0,0,0,0,0,0,0,0,0,2,2,10,0,0,0,0,0,2,0,0,0,0,0,4,0,0,0,9,0,12,0,0,0,288,0,0,0,0,0,0,0,0,2,0,0,0,35,0,0,0,0,0,4,0,0,5,0,0,0,0,0,0,0,0,0,98,0,0,0,0,504,0,15,0,0,0,0,123,0,0,0,0,0,33,0,0,0,0,0,0,0,261,0,15,0,0,0,0,0,3,0,14,7,0,0,0,0,0,0,5,0,0,0,0,0,242,0,0,0,0,0,0,0,0,0,0,0,0,0,0,0,0,0,0,0,0,0,0,0,1,0,0,0,7,0,0,0,0,0,0,0,0,0,0,0,0,0,0,0,0,0,0,0,23,0,0,0,0,0,0,0,0,0,0,0,0,0,2,0,0,0,0,0,0,0,0,0,0,0,0,0,0,0,17,0,0,0,0,0,0,2,0,12,0,0,18,0,0,0,15,0,0,0,0,0,0,6,0,1659,8,0,151,0,0,0,0,0,0,0,0,0,0,6,0,0,3,0,0,0,0,0,11,19,0,0,0,0,0,0,0,0,0,0,0,0,0,0,0,0,0,0,0,0,0,0,3,0,0,0,0,0,20,0,0,0,0,0,0,0,0,0,0,0,0,0,0,0,0,0,0,0,0,45,0,0,0,0,0,0,0,0,0,3,0,6,0,0,0,41,0,0,0,0,7,0,31,0,0,0,0,0,0,0,0,0,0,0,0,0,0,0,0,0,0,0,0,0,0,0,4,2,0,0,0,0,0,0,0,0,0,0,0,0,0,0,0,3,0,0,0,0,0,0,0,0,0,0,0,16,0,98,0,0,0,2,0,0,0,0,0,0,0,0,0,0,0,0,0,0,0,0,0,0,0,0,0,0,19,0,0,0,0,0,0,0,0,0,0,0,0,0,27,71,0,0,0,0,0,0,0,0,0,73,0,2,0,0,0,0,0,0,0,0,0,0,0,0,0,0,0,0,0,39,0,0,0,0,11,0,0,0,0,0,0,0,0,0,0,0,0,0,0,0,0,0,0,0,3,0,14,0,0,0,0,0,0,0,0,0,0,0,0,0,0,186,0,43,0,0,0,0,0,0,0,0,0,803,0,0,5,27720,0,0,0,0,0,0,0,0,0,0,0,0,0,0,0,0,0,0,0,55,0,0,0,0,0,0,3,0,0,0,0,0,0,2,0,0,0,0,0,0,0,0,0,0,0,0,0,152,0,0,0,0,0,0,0,0,0,0,0,6,0,0
"D143",0,0,0,2,0,0,0,0,0,0,0,0,0,0,0,0,0,0,0,0,0,0,0,0,0,0,0,0,0,0,0,0,0,0,0,0,0,0,0,0,0,0,0,0,0,0,0,0,0,0,0,0,0,0,0,0,0,0,0,0,0,0,0,0,0,0,0,0,0,0,0,0,0,0,0,0,0,0,0,0,0,0,0,0,0,0,0,0,0,0,0,0,0,0,0,0,0,0,0,0,0,0,0,0,0,0,0,0,0,0,0,0,0,0,0,0,0,0,0,0,0,0,0,0,0,0,0,0,0,0,0,0,0,0,0,0,0,0,0,0,0,0,0,0,0,0,0,0,0,0,0,0,0,0,0,0,0,0,0,0,0,0,0,0,0,0,0,0,0,0,0,0,0,0,0,0,0,0,0,0,0,0,0,0,0,0,0,0,0,0,0,0,0,0,0,0,0,0,0,0,0,0,0,0,0,0,0,0,0,0,0,0,0,0,0,0,4,0,0,0,0,0,0,0,0,0,0,0,0,0,0,0,0,0,0,0,0,0,0,0,0,0,94,0,0,0,0,0,0,0,0,0,0,0,0,0,0,0,0,0,0,0,0,0,0,0,0,0,0,0,0,0,0,0,0,0,0,0,0,0,0,0,0,0,0,0,0,0,0,0,0,0,0,0,0,0,0,0,0,0,0,0,0,0,0,0,0,0,0,0,0,0,0,0,0,0,0,0,0,0,0,0,0,0,0,0,0,0,0,0,0,0,0,0,0,0,0,0,0,0,0,0,0,0,0,0,0,0,0,0,0,0,0,2244,0,0,0,0,0,0,0,0,0,0,0,0,0,0,0,0,0,0,0,0,0,0,0,0,0,0,0,0,0,0,0,0,0,0,0,0,0,0,0,0,0,0,0,0,0,0,0,0,0,0,0,0,0,0,0,0,0,0,0,0,0,0,0,0,0,0,0,0,0,0,0,0,0,0,0,0,0,0,0,0,0,0,0,6456,0,0,0,0,0,0,0,0,0,0,0,0,0,0,0,0,0,0,0,0,0,0,0,0,0,0,0,0,0,0,0,0,0,0,0,0,0,0,0,0,0,0,0,0,0,0,0,0,0,35,0,0,0,0,0,0,0,0,0,0,0,0,0,0,0,0,0,0,0,1037,0,0,0,0,0,0,0,0,0,0,0,0,0,0,0,0,11,0,0,0,0,0,0,0,0,0,0,0,0,0,0,0,0,0,0,0,0,0,0,0,0,0,0,0,0,0,0,0,0,0,0,0,0,0,0,0,0,0,0,0,0,0,0,0,0,0,0,0,0,0,0,0,0,0,0,0,0,0,0,0,0,0,0,0,0,0,0,0,0,0,0,0,0,0,0
"D144",0,0,0,0,0,0,0,0,0,0,0,0,0,0,0,0,0,0,0,0,0,0,0,0,0,188,0,0,0,0,0,0,0,0,0,0,0,0,0,0,0,31,0,0,0,0,0,0,0,0,0,0,0,0,0,0,0,0,0,0,0,0,0,0,0,0,0,0,0,0,0,0,0,14,0,0,0,0,0,0,0,0,0,0,0,0,0,0,0,0,0,0,0,0,0,0,0,0,0,0,0,0,0,0,0,95,0,0,0,0,0,0,0,0,0,0,0,2593,0,0,0,0,0,2,0,0,0,0,0,0,0,0,0,9,0,0,0,0,0,0,0,0,23,0,0,0,0,0,0,0,0,0,0,0,0,0,0,0,0,0,0,0,0,0,0,0,0,0,0,0,0,0,0,0,0,0,0,0,0,0,0,0,0,0,0,0,0,0,0,0,0,0,0,0,0,0,0,0,0,0,0,0,0,10,0,0,0,0,0,0,0,0,0,0,0,0,212,71,0,0,0,0,0,0,0,0,0,0,0,0,0,0,0,0,0,0,0,0,0,0,0,0,0,0,0,0,0,0,0,0,0,0,0,0,0,0,0,0,5187,2945,0,0,0,0,0,0,0,0,0,0,0,0,0,0,0,0,0,0,0,0,0,0,0,0,0,0,0,0,0,0,0,0,0,0,0,0,0,0,0,0,0,0,0,0,0,0,0,0,0,0,0,6042,0,0,0,0,0,0,0,0,0,0,0,0,0,0,0,0,0,0,0,0,0,0,0,0,0,0,0,0,0,0,0,0,0,0,0,0,0,0,0,0,0,0,0,189,0,0,210,0,0,0,0,0,0,0,0,0,0,0,0,0,0,0,0,0,0,0,0,0,0,0,0,0,0,0,0,0,0,0,0,0,0,0,0,0,0,0,0,0,0,0,0,0,0,0,0,0,0,0,1656,0,0,0,454,0,0,0,0,0,0,0,0,0,0,0,0,0,0,0,0,0,0,0,0,0,0,0,0,0,0,0,0,0,0,0,0,0,0,0,0,0,3,0,0,0,0,0,0,0,0,0,463,0,0,0,0,0,0,0,0,0,0,0,0,0,0,0,0,0,2176,0,0,0,0,0,0,0,0,0,0,0,0,0,0,0,0,0,0,0,0,332,0,0,0,0,0,0,0,0,0,0,0,0,0,0,0,0,0,0,0,0,0,0,0,0,0,0,0,0,0,0,0,0,0,0,0,0,0,0,0,0,0,0,0,0,0,0,0,0,0,0,0,0,0,0,0,0,0,0,260,0,0,0,0,0,0,0,0,0,0,0,0,0,0,0,0,0,0,0,0,0,0,0,0,0,0,0,0,0,0,0,0,0,0,0,0,0,0,0,0,0,20
"D145",0,0,0,0,0,0,0,0,0,0,0,0,0,0,0,0,0,0,0,0,13,0,0,0,0,0,0,278,0,0,0,0,31,0,0,0,0,0,0,0,0,0,0,0,0,0,0,0,0,0,0,0,0,0,0,0,0,0,2,0,0,0,0,0,0,0,0,0,0,1728,0,0,0,0,0,0,0,0,0,0,0,0,0,0,0,0,0,0,0,0,0,0,0,0,0,0,0,0,0,0,0,0,0,0,0,0,0,0,0,0,0,0,0,0,0,99,0,0,0,0,0,0,0,0,0,0,0,0,0,0,0,0,0,0,0,0,0,0,0,0,0,0,0,0,0,0,0,3,0,0,0,0,0,0,0,0,0,0,0,0,0,0,0,0,1897,0,0,0,0,0,0,0,0,748,0,0,1,0,0,0,0,0,0,0,0,0,0,0,0,0,0,0,0,0,0,0,0,0,0,0,0,0,0,0,0,0,9,0,0,0,6,0,0,0,0,2,0,0,0,0,0,0,0,0,0,0,0,0,0,0,0,0,0,0,0,120,0,0,0,0,38,0,0,0,0,0,0,0,0,0,5,0,0,0,0,0,1014,0,0,0,0,0,0,0,0,0,0,0,0,0,0,0,272,0,0,14,0,0,0,0,0,0,78,0,0,0,7,0,0,0,0,3,0,0,0,0,0,0,0,0,0,0,0,0,221,0,0,0,0,0,0,0,0,0,0,0,0,0,0,0,0,0,0,0,0,0,7,0,0,0,0,0,33,0,0,0,0,0,0,0,0,0,357,0,0,0,16,0,200,0,0,0,0,0,0,0,13,0,0,0,0,0,0,0,0,0,0,0,0,0,0,0,0,0,0,0,0,0,0,0,0,0,0,0,0,149,0,0,0,0,0,0,0,0,0,0,2,0,0,0,0,0,0,0,0,0,0,0,0,0,0,0,0,0,0,0,0,0,0,0,0,0,0,0,0,0,0,0,0,0,0,0,0,0,0,0,0,0,7,0,0,0,0,0,0,0,0,0,0,0,38,1723,0,0,0,0,0,0,0,0,66,0,0,0,163,0,0,0,0,0,0,0,0,0,0,57,0,0,0,0,0,0,0,0,0,0,0,0,0,0,0,0,0,0,0,466,0,0,0,0,0,0,0,0,0,0,0,0,0,0,0,0,0,0,0,4,0,0,0,0,0,0,0,0,0,0,3,0,0,0,0,0,0,0,0,0,0,0,0,0,0,0,0,0,0,0,0,0,0,0,0,0,0,0,0,0,0,0,0,0,0,0,0,0,0,0,0,0,0,14,0,0,0,0,0,0,0,0,0,0,0,0,0,0,0,0,0,0,0,0,0,0,0,0,0,0,0,0,0,0,276,0,0
"D146",20,526,0,0,0,109,630,0,0,4,0,0,0,0,0,0,0,0,0,0,33,0,19,0,0,0,0,24,18,0,0,0,9,0,0,0,0,0,0,0,0,0,0,0,0,0,0,0,0,0,0,0,0,11,6,0,0,46,0,0,0,0,3,0,0,0,1,0,0,94,407,0,0,0,0,0,0,0,0,0,0,0,44,0,0,0,0,0,0,0,0,0,29,0,0,24,0,14,17,0,2,0,0,18,0,0,0,0,0,0,0,0,0,0,0,678,0,0,0,0,0,0,0,0,0,0,0,0,0,0,0,0,0,0,0,0,0,0,0,0,0,0,0,0,9,0,0,61,0,0,11,0,0,27,0,0,0,0,0,0,0,0,0,0,35,0,0,0,0,0,0,2,0,118,0,0,0,0,0,0,0,17,0,2,0,0,0,0,0,0,0,0,0,0,0,0,0,0,0,0,0,0,0,0,0,0,793,0,0,0,17,1,2,0,0,24,0,0,0,0,0,0,0,0,0,0,11,0,0,0,0,0,0,2,0,92,0,0,0,54,11,0,0,0,0,0,0,0,0,0,19,0,0,13,0,0,983,0,0,0,0,0,0,0,0,0,0,0,0,0,0,0,0,0,0,97,0,0,0,0,16,0,48,0,0,0,35,0,0,70,0,8,65,0,0,120,0,0,90,168,0,2,0,0,483,0,0,0,0,0,0,0,0,0,0,0,0,0,18,0,0,0,0,0,0,0,63,0,0,0,0,0,13,0,0,0,0,0,0,0,0,0,758,0,0,0,723,4,0,56,0,0,0,0,0,0,5,0,0,0,0,193,0,0,0,0,0,0,0,0,0,0,0,0,0,0,0,0,0,0,0,0,0,0,0,0,0,0,0,0,0,0,0,0,0,0,0,11,0,0,0,0,0,0,0,0,198,0,0,0,0,0,0,0,0,0,0,0,0,0,0,10,0,0,7,0,0,0,0,0,0,0,0,0,0,0,0,0,0,114,0,0,0,0,0,0,0,0,0,61,709,408,0,0,0,0,0,0,0,0,31,0,0,0,195,0,0,0,0,0,0,0,0,2,0,58,0,0,0,0,0,0,0,0,0,0,0,0,0,0,0,1,0,0,5,89,0,2,0,0,0,0,0,0,0,0,0,2,0,0,0,0,0,0,0,486,0,0,0,0,0,0,0,0,231,0,0,0,47,1,0,0,0,0,0,0,0,0,0,256,0,16,0,0,0,0,0,0,19,0,0,2,0,0,0,0,0,0,6,0,0,0,0,0,0,0,15,0,0,52,0,0,0,0,0,0,0,0,58,0,0,0,0,0,0,0,0,0,0,0,0,0,0,0,0,0,0,0,0,0,212,0,0
"D147",0,0,0,0,0,0,74,0,0,0,0,0,0,0,0,0,0,0,0,0,46,0,0,0,0,0,0,0,0,0,0,0,0,139,0,0,0,0,0,0,0,0,0,0,0,0,0,0,0,0,0,0,0,0,0,0,0,0,0,0,0,547,0,0,0,0,0,128,0,374,0,0,0,0,0,0,0,0,0,0,0,0,1,0,0,0,0,0,0,0,0,0,0,0,0,0,0,0,0,0,0,0,0,0,0,0,0,0,0,0,0,0,0,0,0,2,0,0,0,0,0,25,0,0,0,0,0,0,0,0,0,0,0,0,0,0,0,0,0,0,0,0,0,0,0,0,0,2,0,49,0,0,0,0,0,0,0,0,0,0,0,6,0,0,0,0,0,0,0,0,0,0,0,94,0,0,0,0,0,0,0,0,0,0,0,0,0,0,0,0,0,0,0,0,0,0,0,0,0,0,0,0,0,0,0,0,0,0,0,0,0,0,0,0,42,0,0,0,0,0,0,0,0,60,0,0,0,0,0,0,0,0,0,0,0,245,0,0,0,0,1,0,0,0,0,0,0,0,0,0,0,0,0,0,0,0,847,0,0,0,0,0,0,0,0,0,0,0,0,0,0,0,4,0,0,14,0,0,0,0,0,0,4,0,0,0,3,0,0,0,0,0,0,0,0,0,0,0,0,0,0,0,0,0,225,0,0,0,0,0,0,0,0,0,0,0,16,0,0,0,0,0,0,0,0,0,255,0,0,0,0,0,0,0,0,0,0,0,0,0,0,0,100,0,0,0,44,0,147,0,0,0,0,0,0,0,10,0,0,0,0,0,0,0,0,0,0,0,0,0,0,0,0,0,0,0,0,0,0,0,6,0,0,0,0,0,0,0,0,0,0,0,0,0,0,0,7,0,0,0,0,0,0,0,0,0,0,0,0,0,0,0,0,0,0,0,0,0,0,0,0,0,0,0,0,0,0,0,0,0,0,0,0,0,0,0,0,0,2,0,0,0,0,0,0,0,0,0,0,0,47,0,0,0,0,0,0,0,0,0,0,0,0,0,79,0,0,0,0,0,0,0,0,0,0,6,0,0,0,0,0,0,0,0,0,0,0,0,0,0,5,0,0,0,0,63,0,0,0,0,0,0,0,0,0,0,0,0,0,184,0,0,0,0,0,14,0,0,0,0,0,0,0,0,0,0,0,0,0,0,0,0,0,0,0,0,0,0,0,0,0,0,0,0,0,0,0,0,0,0,0,0,0,0,930,0,0,0,0,0,0,244,0,0,0,0,0,0,0,0,0,0,0,0,0,0,0,0,271,0,0,0,0,0,0,0,0,0,0,0,0,0,0,0,0,0,0,0,0,0,0,0,0
"D148",0,0,0,0,0,0,0,0,0,0,0,0,0,0,0,0,0,0,0,0,0,0,0,0,0,0,0,0,0,0,0,0,0,0,0,0,0,0,0,0,0,0,0,0,0,0,0,0,0,0,0,0,0,0,0,0,0,0,0,0,0,0,0,0,0,0,0,1,0,0,0,0,0,0,0,0,0,0,0,0,0,0,0,0,0,0,0,0,0,0,0,0,0,0,0,0,0,0,0,0,0,0,0,0,0,0,4,0,0,0,0,0,0,0,0,0,0,0,0,0,0,0,0,0,0,0,0,0,0,0,0,0,0,0,0,0,0,0,0,0,0,0,0,0,0,0,0,0,0,0,0,0,0,0,0,0,0,0,0,0,0,0,0,0,0,0,0,0,0,0,0,0,0,0,0,0,0,0,0,0,0,0,0,0,0,0,0,0,0,0,0,0,0,0,0,0,0,0,0,0,0,0,0,0,0,0,0,0,0,0,0,0,0,0,0,0,0,0,0,0,0,0,0,524,0,0,0,0,0,0,0,0,0,0,0,0,0,0,0,0,0,0,0,0,0,0,0,0,0,0,0,0,0,0,0,0,0,0,0,0,0,3,0,0,0,0,0,0,0,0,0,0,0,0,0,0,0,0,0,0,0,0,0,0,0,0,0,0,0,0,0,0,0,0,0,0,0,0,0,0,0,0,0,0,0,0,0,0,0,0,0,0,0,0,0,0,59,0,0,0,0,0,0,0,0,0,0,0,0,0,0,0,0,0,0,0,0,0,0,0,0,0,0,0,0,0,0,0,0,0,0,0,0,0,0,0,0,0,0,0,0,0,0,0,0,0,0,0,0,0,0,0,0,0,0,0,0,0,0,0,0,0,0,0,0,0,0,0,0,0,0,0,0,0,0,0,0,0,0,0,0,0,0,0,0,0,0,0,0,0,0,0,0,0,0,0,0,0,0,0,0,0,0,0,0,0,0,0,0,0,0,0,0,0,0,0,0,0,0,0,0,0,0,0,0,0,0,0,0,0,0,0,0,0,0,0,0,0,0,0,0,0,0,0,0,0,0,0,0,0,0,0,0,0,0,0,0,0,0,2,0,0,0,0,0,0,0,0,0,0,0,0,0,0,0,0,0,0,0,0,0,0,0,0,0,0,0,276,0,0,0,0,0,0,0,0,0,0,0,0,0,0,0,0,0,0,0,0,0,0,0,0,0,0,0,0,0,0,0,0,0,0,0,0,0,0,0,0,0,0,0,0,0,0,0,0,0,0,0,0,0,14292,0,0,0,0,0,0,0,0,0,0,0,0,0,0,0,0,25,0,0,0,0,0,0,0,0,0,0,0,0,0,0,0,0,0,0,0,0,0,0,0,0
"D149",3,0,0,0,0,24,121,0,0,0,0,0,0,0,0,0,0,0,0,0,0,0,6,0,0,0,0,0,0,0,0,0,80,0,142,0,0,0,0,0,0,0,0,0,0,0,0,0,0,0,0,0,43,0,0,0,0,0,0,0,0,0,49,0,0,0,0,0,0,0,0,0,0,0,0,0,0,0,2,0,0,0,59,0,0,0,0,0,0,0,0,0,22,0,0,0,0,0,44,0,0,0,0,5,0,0,0,0,0,0,0,0,0,0,0,520,0,0,0,0,0,0,0,0,0,0,2,0,0,0,0,0,0,0,0,0,0,0,0,0,0,0,0,0,0,2,0,115,0,2,0,0,0,19,0,0,0,0,0,0,0,0,0,0,921,0,0,0,0,0,0,2,0,1133,0,0,30,0,0,0,0,0,0,0,0,0,1,0,0,0,0,0,0,0,0,0,0,0,0,1,0,0,0,0,0,0,0,0,0,0,124,0,13,0,0,273,0,0,0,0,4,0,0,0,0,0,0,0,0,14,0,0,0,0,0,0,0,0,0,0,0,0,0,0,0,0,0,0,0,0,0,0,0,0,0,0,544,0,0,0,0,0,0,0,0,0,0,0,0,0,0,0,0,0,0,4,0,0,0,0,23,0,0,56,0,0,4,0,0,0,0,15,0,0,0,0,0,0,0,1,0,12,0,0,255,0,0,0,0,0,0,0,0,22,0,0,0,0,0,0,0,0,0,0,0,0,130,0,0,0,0,0,7,0,0,0,0,0,0,0,0,0,46,0,0,1,215,2,0,4,3,0,0,0,0,0,51,0,0,0,5,22,0,0,0,195,0,0,0,0,0,0,0,0,0,0,0,0,0,0,0,0,0,0,0,0,0,3,0,0,0,0,0,0,0,0,0,10,0,0,0,0,0,0,0,0,0,0,0,0,0,0,0,0,0,0,0,0,4,0,0,5,0,0,0,0,0,0,0,0,0,0,0,0,0,0,35,0,2,0,0,0,0,0,0,0,0,0,0,0,97,0,0,0,0,2,0,0,0,0,0,0,0,0,23,0,0,0,0,0,0,0,0,10,36,18,0,0,0,0,0,0,0,0,0,0,2,0,3,0,0,17,0,0,0,2,196,0,0,0,0,0,0,0,0,0,0,0,0,0,0,0,0,0,0,133,0,0,0,0,0,0,0,0,0,0,0,0,0,0,0,0,0,0,0,0,0,0,2,2,0,15,0,0,0,0,0,0,2,0,0,9,0,0,5,0,0,0,10,0,0,0,0,0,0,0,0,0,0,3,0,0,0,0,0,0,0,0,2,0,1,0,0,0,0,0,0,0,0,0,0,0,0,0,0,0,11,30,0,0,0,0,0
"D150",28,22,5,220,2,16,126,6,11,12,13,5,0,0,0,0,2,0,0,0,27,34,0,0,1,4,0,0,0,0,0,2,68,0,73,0,7,0,0,9,0,0,0,0,0,175,2,0,0,4,133,9,233,0,81,0,2,2,42,0,15,2,9,291,0,0,81,0,0,480,0,0,0,0,0,22,0,0,26,17,0,22,7,10,0,0,0,0,0,0,6,0,12,0,0,0,0,4,0,0,0,3,0,11,0,40,9,13,3,0,1995,0,102,0,3,68,5,25,0,2,9,4,0,3,0,3,7,0,0,9112,0,43,24,3,0,0,19,0,2,23,0,21,10,0,0,40,0,21,11,0,0,42,10,19,0,248,0,0,0,0,2,139,10,0,1190,0,560,13,0,0,0,0,0,98,24,0,30,4,0,303,4,4,0,38,0,0,25,45,0,0,0,0,0,0,0,0,0,7,0,12,8,0,0,0,0,4,0,0,0,0,21,57,5,32,8,28,40,3,3,7,43,0,4,2,0,7,0,8,0,11,0,0,0,290,0,20,4,2,16,0,0,0,34,0,0,16,0,0,0,9,0,0,0,15,0,22,0,0,685,10,0,259,0,0,6,0,0,0,0,1,0,13,50,0,0,11,3,0,10,0,82,111,15,4,0,22,188,0,0,0,0,16,0,0,0,0,27,0,0,0,0,2,0,0,118,2,0,15,23,4,0,10,0,21,0,75,0,0,45,0,0,0,2,0,0,22,11,0,2,0,0,0,337,0,7,0,5,164,0,4,5,0,118,3,35,35,63,0,45,2,18,3,0,15,0,11,35,0,0,0,0,8,0,0,1,175,25,10,0,0,250,26,0,0,0,0,0,0,0,34,0,0,0,0,0,0,0,0,0,0,5,0,0,0,0,0,36,1,0,0,0,0,0,3,0,0,0,0,16,2,5,1,0,2,2,0,2,0,14,0,10,2,0,0,0,0,0,7,0,13,0,0,0,0,0,0,0,19,13,3,56,3,0,0,0,0,0,1,0,0,2,202,11,0,21,0,0,0,0,0,31,0,1,0,151,95,8,0,0,0,0,3,29,0,18,0,0,0,0,95,110,0,0,0,0,0,0,14,0,0,0,9,6,0,5,2,0,3,0,0,0,1,2,0,0,21,2,0,10,5,0,0,50,0,0,3,0,21,0,0,15,0,211,0,76,5,857,0,0,1,4,0,20,0,9,0,0,0,67,27,0,3,0,0,4,0,0,0,6,0,0,6,0,0,37,0,0,0,0,5,2,0,0,13,0,0,11,200,1,82,0,0,0,0,3,0,10,0,158,0,3,7,0,0,0,0,0,5,7,0,0,10,0,0,1,6,1,10,2,5,36,23,0
"D151",0,0,0,0,0,0,20,0,0,0,0,0,0,0,0,0,0,0,0,0,0,0,0,0,0,0,0,0,0,0,0,0,0,0,0,0,0,0,0,0,0,0,0,0,0,0,0,0,0,0,0,0,0,0,0,0,0,0,0,0,0,0,0,2,0,0,0,0,0,0,0,0,0,0,0,0,0,0,0,0,0,0,0,0,0,0,0,0,0,0,0,0,0,0,0,0,0,0,0,0,0,0,0,0,0,0,0,0,0,0,0,0,0,0,0,0,0,0,0,0,0,0,0,0,0,0,0,0,0,0,0,0,0,0,0,0,0,0,0,0,0,0,0,0,0,0,0,0,0,0,0,0,0,0,0,0,0,0,0,0,0,0,0,0,1,0,0,0,0,0,0,0,0,0,0,0,0,0,0,1,0,0,0,1,0,0,0,0,0,0,0,0,0,0,0,0,0,0,0,0,0,0,0,0,0,0,0,0,0,0,0,0,0,0,0,0,0,0,0,0,0,0,0,0,0,0,0,0,0,0,0,0,0,24,0,0,0,0,0,0,0,0,0,0,0,0,0,0,0,0,0,0,0,0,0,0,0,0,0,0,0,0,0,0,0,0,0,0,0,0,0,0,0,0,0,0,0,0,0,0,0,0,0,0,0,0,0,0,0,0,0,0,0,0,0,0,0,0,0,0,0,0,0,0,0,0,0,0,0,0,0,0,0,0,0,0,0,0,0,0,0,0,0,0,0,0,0,0,0,0,0,0,0,0,0,0,0,0,0,6,0,0,0,0,0,0,0,0,0,0,0,0,0,9,0,0,0,0,0,0,0,0,0,0,0,0,0,0,0,0,0,0,0,0,0,0,0,0,0,0,0,0,0,0,0,0,0,0,0,0,0,0,0,0,0,0,0,0,0,0,0,0,0,0,0,0,0,0,0,0,0,0,0,0,0,0,0,0,0,0,0,0,0,0,0,0,0,0,0,0,0,0,0,0,0,0,0,28,0,0,0,0,0,0,0,0,0,0,0,0,0,0,0,0,0,0,0,0,0,0,0,0,0,0,0,0,0,0,0,0,0,0,0,0,0,0,0,0,0,0,0,0,0,0,0,0,0,4,0,0,0,0,0,0,0,0,0,0,0,0,0,0,0,0,0,0,0,0,0,0,0,0,0,0,0,0,0,0,0,0,0,0,0,0,0,0,0,0,0,0,0,0,0,0,0,0,0,0,0,0,0,0,0,0,0,0,0,0,0,0,0,0,0,0,0,0,0,0,0,0,0,0,0,0,0,0,0,0,0,0,0,0,0,0,0,0,0,0,0,0,0,0,0,0,0,0,0,0,0,0,0,0,0,0,0,0,0,0,0,0,0,0,0
"D152",15,650,657,0,0,62,0,0,2,0,33,0,0,20,0,0,0,0,0,0,0,49,0,96,96,0,0,0,16,0,162,7,0,0,285,0,0,41,0,0,0,0,0,0,1,0,5,0,0,0,0,11,652,0,2,0,0,88,5,0,98,0,152,0,0,0,52,0,45,0,6,0,0,0,0,101,0,177,7,24,0,45,7,31,0,0,0,0,499,0,5,5,0,0,0,90,0,8,0,64,142,0,0,0,0,0,0,505,404,0,0,0,0,0,4,0,40,0,0,195,0,38,0,0,4,222,16,11,0,0,0,0,92,0,0,7,0,0,8,0,0,55,0,0,0,37,3,158,233,0,0,29,762,246,0,0,0,0,0,35,11,0,424,6,0,18,0,0,0,109,0,0,0,398,137,0,18,109,248,516,381,103,115,0,0,0,0,9,35,0,0,59,1,0,0,13,6,284,0,26,8,0,0,0,117,551,2,3,0,0,0,0,2,332,1,0,0,0,39,8,181,0,43,13,0,49,4,1565,0,0,0,0,0,184,0,0,48,0,63,6,0,0,0,10,0,0,0,11,0,0,0,4,55,61,0,32,0,22,0,0,25,0,0,13,100,0,346,0,31,0,13,0,0,0,0,0,0,0,1,2,467,0,0,29,0,125,0,0,0,13,9,0,0,0,71,9,30,2,0,108,120,0,43,0,25,0,0,57,1192,0,216,0,702,56,0,0,0,0,2,0,314,0,87,0,7,40,0,0,217,159,18,0,139,0,0,0,0,272,0,26,6,41,0,0,349,0,0,611,4,17,20,0,0,0,21,0,34,18,0,0,64,171,0,20,0,0,73,432,0,339,91,57,3,4,0,27,0,0,0,0,0,0,8,0,0,0,603,0,2,0,333,0,29,0,0,3621,0,24,0,0,0,1,7,8,109,0,0,0,0,0,0,1248,0,0,0,0,0,23,39,0,0,20,22,0,0,4,9,330,66,11,0,0,0,0,0,0,164,0,0,1,98,0,0,17,3,35,3,42,4,37,117,7,0,0,106,0,21,38,0,35,0,0,0,0,280,19,0,486,0,18,0,3,20,0,561,0,0,0,1,0,0,1,0,451,0,0,0,0,0,0,0,0,0,0,8,8,0,12,0,0,0,0,0,0,0,261,0,0,0,0,5,14,16,0,0,0,0,11,145,0,61,0,261,0,0,0,13,0,0,59,17,0,284,20,0,0,0,55,0,108,0,0,0,0,0,0,190,0,160,0,9,7,10,0,0,2,42,0,37,412,0,0,1,16,6,0,99,0,0,0,10,0,0,0,0,0,1305,0,369,0,40,60,0,14,11,0,0,307,0,0,0,2,0,0,76,0,22,11,0,0,281,284,0
"D153",0,0,0,0,0,0,349,0,0,0,0,0,0,0,0,0,0,0,0,0,0,0,0,0,0,0,0,0,0,0,0,0,0,1483,0,0,0,0,0,0,0,0,0,0,0,0,0,0,0,0,0,0,0,0,0,0,0,0,0,0,0,0,0,0,0,0,0,1453,0,0,0,0,0,0,0,0,0,0,0,0,0,0,0,0,0,0,176,0,0,0,0,0,0,0,0,0,0,0,0,0,0,0,0,0,0,0,0,0,0,0,129,0,0,0,0,0,0,0,0,0,0,0,0,0,0,0,0,0,0,0,0,0,0,0,0,0,710,0,0,0,0,0,0,0,0,0,0,0,0,62,0,0,0,0,0,101,0,0,0,0,0,0,0,0,0,0,0,0,0,0,0,0,0,0,0,0,0,0,0,0,0,0,0,629,0,0,0,0,0,0,0,0,0,0,0,0,0,0,0,0,0,0,0,0,0,0,0,0,0,0,0,0,0,0,0,0,0,0,0,0,0,0,0,0,0,0,0,0,0,0,0,0,0,94,0,0,0,0,0,0,0,2361,0,0,0,73,0,0,0,234,0,0,0,0,0,0,0,0,0,0,0,0,0,0,0,0,0,0,0,0,0,0,0,0,0,0,0,0,0,0,0,0,0,0,0,0,0,0,0,0,0,0,0,0,0,0,0,0,0,0,0,0,0,0,0,0,0,0,0,0,0,0,0,0,0,0,0,0,0,0,0,0,0,0,0,0,0,0,0,0,0,0,179,0,0,0,0,0,0,0,0,0,0,0,0,0,0,0,0,0,0,0,0,0,0,0,0,0,0,0,0,53,0,0,0,0,0,0,0,0,0,0,0,0,0,0,0,0,0,0,0,0,0,0,0,0,0,0,0,0,0,0,0,0,0,0,0,0,0,0,0,0,0,0,0,0,0,0,0,0,0,0,0,0,0,0,0,0,0,0,0,0,0,0,0,0,0,0,0,0,0,0,0,0,0,0,0,0,0,0,0,0,0,0,0,0,0,0,0,0,0,270,0,0,0,0,0,0,0,0,0,0,0,0,0,0,0,0,0,0,0,0,0,0,0,0,0,0,0,0,0,0,0,0,0,0,0,0,0,0,0,0,0,0,0,0,0,0,0,0,0,0,0,0,0,0,0,0,0,0,0,0,0,0,0,0,0,0,0,0,116,0,0,0,222,13,0,0,0,0,0,0,0,0,0,0,0,0,0,0,0,0,0,0,0,0,0,0,0,0,0,0,0,0,192,0,0,0,0,0,0,0,0,0,0,0,0,101,156,0,0,0,0,0,0,0,0,0,0,0,0,0,0,0,0,0,0,0,0,0,0,0,0,0,0,0,0,0,0,0,71,0,0
"D154",0,0,0,0,0,0,7,0,0,0,0,0,0,0,0,0,0,0,0,0,0,0,0,0,0,0,0,0,0,0,0,0,0,0,0,0,0,0,0,0,0,0,0,0,0,0,0,0,0,0,0,0,0,0,0,0,0,0,0,0,0,0,0,0,0,0,0,3,0,0,0,0,0,0,0,0,0,0,0,0,0,0,0,0,0,0,0,0,0,0,0,0,0,0,0,0,0,0,0,0,0,0,0,0,0,0,85,0,0,0,0,0,0,0,0,0,0,9,0,0,0,0,0,0,0,0,0,0,0,0,0,0,0,0,0,0,0,0,0,0,0,0,0,0,0,0,0,0,0,0,0,0,0,0,0,0,0,0,0,0,0,0,0,0,0,0,0,0,0,0,0,0,0,0,0,0,0,0,0,0,0,0,0,0,0,0,0,0,0,0,0,0,0,0,0,0,0,0,0,0,0,0,0,0,0,0,0,0,0,0,0,0,0,0,0,0,0,0,0,0,0,0,0,589,0,0,0,0,0,0,0,0,0,14,0,0,0,0,0,0,0,0,0,0,0,0,0,0,0,0,0,0,0,0,0,0,0,0,0,0,0,0,0,0,0,0,0,0,0,0,0,0,0,0,0,0,0,0,0,0,0,0,0,0,0,0,0,0,0,0,0,0,0,0,0,0,0,0,0,0,0,0,0,0,0,0,0,0,0,0,0,0,0,0,0,0,245,0,0,0,0,0,0,0,0,0,0,0,0,0,0,0,0,0,0,0,0,0,0,0,0,0,0,0,0,0,0,0,0,0,0,0,0,0,0,0,0,0,0,0,0,0,0,0,0,0,0,0,0,0,0,0,0,0,0,0,0,0,0,0,0,0,0,0,0,0,0,0,0,0,0,0,0,0,0,0,0,0,0,0,0,0,0,0,0,0,0,0,0,0,0,0,0,0,0,0,0,0,0,0,0,0,0,0,0,0,0,0,0,0,0,0,0,0,0,0,0,0,0,0,0,0,0,0,0,0,0,0,0,0,0,0,0,0,0,0,0,0,0,0,0,0,0,0,0,0,0,0,0,0,0,0,0,0,0,0,0,0,0,2,0,0,0,0,0,0,0,24,0,0,0,0,0,0,0,0,0,0,0,0,0,0,0,0,0,0,0,166,0,0,0,0,0,0,0,0,0,0,0,0,0,0,0,0,24,0,0,0,0,0,0,0,0,0,0,0,0,0,0,0,0,0,0,0,0,0,0,0,0,0,0,0,0,0,0,0,0,0,0,0,0,5744,0,0,0,0,0,0,0,0,0,0,0,0,0,0,0,0,5,0,0,0,0,0,0,0,0,0,0,0,0,0,0,0,0,0,0,0,0,0,0,0,0
"D155",46,0,0,0,0,0,285,0,0,0,0,0,0,0,0,0,0,0,0,0,2,0,0,0,0,0,0,0,0,0,0,0,0,0,0,0,0,0,0,0,0,0,0,0,0,0,0,0,0,0,0,0,0,0,0,0,0,22,0,0,0,1,0,0,0,0,15,0,0,278,0,0,0,0,0,0,0,0,0,0,0,0,0,0,0,0,0,0,0,0,0,0,0,0,0,0,0,0,0,0,0,0,0,0,0,0,0,0,0,0,0,0,0,0,0,160,0,0,0,0,0,0,0,0,0,0,0,0,0,0,0,0,0,0,0,0,0,0,0,0,0,0,0,0,0,0,0,0,0,0,90,0,0,0,0,0,0,0,0,0,0,140,0,0,1331,0,0,0,0,0,0,0,0,1652,0,0,0,0,0,0,0,0,0,0,0,0,0,0,0,0,0,0,0,0,0,0,0,0,0,0,0,0,0,0,0,0,504,0,0,0,0,0,0,0,0,9,0,0,0,0,0,0,0,14,0,0,0,0,0,0,0,0,0,0,0,1,0,0,0,0,5,0,0,0,0,2,0,0,0,0,0,0,0,0,0,0,3869,0,0,0,0,0,0,0,0,0,0,0,0,0,0,0,0,0,0,33,0,0,0,0,0,0,0,0,0,0,0,0,0,0,0,0,95,0,0,0,0,0,0,0,0,0,0,0,0,0,0,0,0,0,0,0,0,0,0,0,0,0,4,0,0,0,0,0,0,0,53,0,0,0,0,0,0,0,0,0,0,0,0,0,0,0,570,0,0,0,0,0,0,0,0,0,0,0,0,0,2,0,0,0,0,0,0,0,0,0,0,0,0,0,0,0,0,0,0,0,0,0,0,6,0,0,0,0,0,0,0,0,0,0,0,0,0,0,0,0,0,0,0,0,0,0,0,0,0,0,0,0,0,0,0,0,0,0,0,0,0,0,0,0,0,0,0,0,0,0,0,0,0,1,0,0,0,0,0,0,0,0,16,7,0,0,0,0,0,0,0,0,0,0,0,95,0,0,0,0,0,0,0,0,0,0,0,0,99,0,0,0,0,0,0,13,0,0,0,50,0,0,0,0,0,0,0,0,0,0,0,2,0,0,0,0,0,0,0,215,0,0,0,0,0,0,0,0,0,0,0,0,0,0,0,0,0,0,0,275,0,0,0,0,0,0,0,0,316,0,0,0,0,0,0,0,0,0,0,0,0,0,0,125,0,0,0,0,0,0,0,0,0,0,0,0,0,0,0,0,0,0,0,0,0,0,0,0,0,0,0,0,0,0,0,0,0,0,0,0,0,0,264,0,0,0,0,0,0,0,0,0,0,0,0,0,0,0,0,0,0,0,0,0,21,0,0
"D156",0,0,0,0,0,0,0,0,0,0,0,0,0,0,0,0,0,0,0,0,0,0,0,0,0,0,0,0,0,0,0,0,0,0,0,0,0,0,0,0,0,0,0,0,0,0,0,0,0,0,0,0,6,0,0,0,0,0,0,0,0,0,3,0,0,0,0,0,0,0,0,0,0,0,0,0,0,0,0,0,18,0,0,0,0,119,0,0,0,235,0,0,0,6,0,0,0,14,0,0,0,0,0,2,0,0,0,0,0,0,0,0,0,0,0,0,0,0,0,0,0,0,0,0,0,0,0,35,0,0,0,0,0,0,0,0,0,0,0,0,0,0,0,6,0,0,0,0,0,0,0,0,0,0,0,34,0,0,0,0,0,0,0,0,0,0,0,0,0,0,0,0,0,0,0,0,0,0,0,0,0,0,0,0,1,0,0,0,0,0,0,0,0,221,0,0,0,0,0,0,0,42,0,0,0,0,0,0,0,0,0,0,0,0,0,0,0,0,0,0,0,0,0,0,36,0,0,0,0,0,0,0,0,87,0,0,0,0,0,0,0,0,0,0,0,0,0,0,0,0,0,0,0,0,0,0,0,0,0,0,0,0,0,0,0,0,0,0,0,0,0,0,0,0,0,0,0,0,0,0,0,0,0,0,0,0,0,0,0,5,0,0,20,0,0,0,0,0,0,0,0,0,0,0,0,0,0,0,0,0,0,0,0,0,0,0,0,0,0,0,0,0,0,0,0,0,0,0,0,0,0,0,0,0,0,0,0,0,0,0,0,0,0,0,0,0,0,0,0,0,0,0,0,0,0,0,0,0,0,0,0,0,0,0,0,0,0,0,0,0,0,0,0,0,0,0,0,0,0,0,0,0,0,0,0,4465,0,0,0,0,0,0,0,0,0,0,0,0,0,0,7,0,0,0,0,0,0,0,0,0,0,0,0,0,0,196,0,0,0,0,0,0,0,0,6,0,0,0,0,0,0,0,10,0,0,0,0,0,0,0,0,0,0,0,0,0,0,0,0,0,0,2,0,0,0,0,0,0,0,0,0,0,0,0,0,0,0,0,0,0,0,0,0,0,0,0,0,101,0,0,0,0,0,0,0,0,0,0,0,0,0,0,0,0,0,0,0,0,0,0,0,0,0,0,0,0,0,0,0,0,0,0,0,0,0,0,0,0,0,0,0,0,0,0,0,0,0,0,0,0,0,0,0,0,2,0,0,0,0,0,0,0,0,0,0,0,0,0,0,0,0,0,0,22,0,0,0,0,0,0,0,0,0,0,0,0,0,0,0,0,0,0,0,0,0,0,0,0,0,2,0,0,0,0,0,0,0,0,0,0,0,0,0,0,0,0,0,0,0,0,0,0,0
"D157",0,0,0,0,0,0,0,0,0,0,0,0,1,0,2,12,0,0,0,1,0,0,0,0,0,0,0,0,0,0,0,0,2,86,0,0,4,0,0,0,0,0,0,0,0,0,0,0,0,0,0,0,0,0,0,0,0,0,0,0,0,0,3,0,0,25,0,0,0,0,0,0,0,0,0,0,0,0,0,0,0,0,0,0,0,0,0,0,0,345,0,0,0,4,0,0,0,0,0,0,0,0,0,3,0,0,0,0,0,0,0,0,0,0,0,0,0,0,0,0,0,0,0,0,0,0,0,472,0,0,0,0,0,0,0,0,0,0,0,0,0,0,0,3,0,0,0,0,0,0,0,0,0,0,0,0,4,0,0,0,0,0,0,0,9,0,0,0,0,0,0,0,0,0,0,0,0,0,0,0,0,0,0,4,0,0,0,0,0,0,0,0,0,619,0,0,0,0,0,0,0,0,0,0,0,0,0,0,0,0,0,0,0,0,0,0,0,0,0,3,0,0,0,0,748,0,0,0,0,0,0,0,0,0,0,0,0,0,0,0,0,0,0,0,0,0,0,0,0,0,0,0,0,0,0,0,0,0,0,0,0,0,0,0,0,0,0,0,0,0,0,0,0,0,0,0,0,0,0,0,0,0,0,0,0,0,2,0,3,54,0,0,24,0,158,0,0,0,0,0,0,0,0,0,0,0,2,0,0,0,0,0,0,0,0,0,0,0,0,0,0,0,0,0,0,0,0,0,0,0,0,0,0,0,0,0,0,0,0,0,0,5,0,0,0,0,0,0,0,0,0,0,0,0,0,0,0,0,0,0,0,0,61,0,0,0,0,0,0,0,0,0,0,0,0,0,0,0,0,0,0,0,0,0,0,6,0,0,0,0,0,0,0,0,0,0,0,0,96,8,286,0,0,0,0,0,0,0,0,0,0,0,0,0,0,1880,0,0,0,0,0,0,0,0,67,0,0,0,0,0,6,0,0,0,0,0,2,0,0,0,0,0,50,0,0,0,4,0,0,0,0,0,0,0,0,0,0,0,0,0,0,0,0,0,0,0,0,0,0,0,0,0,0,0,0,0,0,47,0,0,0,0,6,0,0,0,3,0,0,0,0,0,0,0,0,0,0,6,0,0,0,0,0,0,0,0,0,0,0,0,0,0,0,0,0,0,0,0,0,0,0,0,0,0,0,0,2,0,0,0,0,0,0,0,0,0,0,0,0,0,0,0,0,0,0,0,0,0,11,0,0,0,0,0,0,0,0,0,0,0,0,0,0,0,0,0,0,0,0,6,0,0,0,0,0,0,0,0,0,16,0,0,66,0,0,0,0,3,0,0,0,3,0,5,0,0,0,0,0,0,1,0,0
"D158",0,0,0,0,0,0,0,0,0,0,0,0,0,0,0,0,0,0,0,0,0,0,0,0,0,0,0,0,0,0,0,0,0,0,0,0,0,0,0,0,0,0,0,0,0,0,0,0,0,0,0,0,0,0,0,0,0,0,0,0,0,0,0,0,0,0,0,0,0,0,0,0,0,0,0,0,0,0,0,0,0,0,0,0,0,0,0,0,0,0,0,0,0,0,0,0,0,0,0,0,0,0,0,0,0,0,2,0,0,0,0,0,0,0,0,0,0,0,0,0,0,0,0,0,0,0,0,0,0,0,0,0,0,0,0,0,0,0,0,0,0,0,0,0,0,0,0,0,0,0,0,0,0,0,0,0,0,0,0,0,0,0,0,0,0,0,0,0,0,0,0,0,0,0,0,0,0,0,0,0,0,0,0,0,0,0,0,0,0,0,0,0,0,0,0,0,0,0,0,0,0,0,0,0,0,0,0,0,0,0,0,0,0,0,0,0,3,0,0,0,0,0,0,2,0,0,0,0,0,0,0,0,0,0,0,0,0,0,0,0,0,0,128,0,0,0,0,0,0,0,0,0,0,0,0,0,0,0,0,0,0,0,0,0,0,0,0,0,0,0,0,0,0,0,0,0,0,0,0,0,0,0,0,0,0,0,0,0,0,0,0,0,0,0,0,0,0,0,0,0,0,0,0,0,0,0,0,0,0,0,0,0,0,0,0,0,0,0,0,0,0,0,0,0,0,0,0,0,0,0,0,0,0,0,0,0,0,0,0,0,0,0,0,0,0,0,0,0,0,0,0,0,0,890,0,0,0,0,0,0,0,0,0,0,0,0,0,0,0,0,0,0,0,0,0,0,0,0,0,0,0,0,0,0,0,0,0,0,0,0,0,0,0,0,0,0,0,0,0,0,0,0,0,0,0,0,0,0,0,0,0,0,0,0,0,0,0,0,0,0,0,0,0,0,0,0,0,0,0,0,0,0,0,0,0,0,0,8521,0,0,0,0,0,0,0,0,0,0,0,0,0,0,0,0,0,0,0,0,0,0,0,0,0,0,0,0,0,0,0,0,0,0,0,0,0,0,0,0,0,0,0,0,0,0,0,0,0,373,0,0,0,0,0,0,0,0,0,0,0,0,0,0,0,0,0,0,0,0,0,0,0,0,0,0,0,0,0,0,0,0,0,0,0,0,2,0,0,0,0,0,0,0,0,0,0,0,0,0,0,0,0,0,0,0,0,0,0,0,0,0,0,0,0,0,0,0,0,0,0,0,2,0,0,0,0,0,0,0,0,0,0,0,0,0,0,0,0,0,0,0,0,0,0,0,0,0,0,0,0,0,0,0,0,0,0,0,0,0,0,0,0,0,0
"D159",0,0,0,0,0,0,0,0,0,0,0,0,0,0,0,0,0,0,0,0,0,0,0,0,0,0,0,0,0,0,0,0,0,0,0,0,0,0,0,0,0,0,0,0,0,0,0,0,0,0,0,0,0,0,0,0,0,0,0,0,0,0,0,0,0,0,0,2,0,0,0,0,0,0,0,0,0,0,0,0,0,0,0,0,0,0,0,0,0,0,0,0,0,0,0,0,0,0,0,0,0,0,0,0,0,0,0,0,0,0,0,0,0,0,0,0,0,0,0,0,0,0,0,0,0,0,0,0,0,0,0,0,0,0,0,0,0,0,0,0,0,0,0,0,0,0,0,0,0,0,0,0,0,0,0,0,0,0,0,0,0,0,0,0,0,0,0,0,0,0,0,0,0,0,0,0,0,0,0,0,0,0,0,0,0,0,0,0,0,0,0,0,0,0,0,0,0,0,0,0,0,0,0,0,0,0,0,0,0,0,0,0,0,0,0,0,0,0,0,0,0,0,0,50,0,0,0,0,0,0,0,0,0,0,0,0,0,0,0,0,0,0,0,0,0,0,0,0,0,0,0,0,0,0,0,0,0,0,0,0,0,0,0,0,0,0,0,0,0,0,0,0,0,0,0,0,0,0,0,0,0,0,0,0,0,0,0,0,0,0,0,0,0,0,0,0,0,0,0,0,0,0,0,0,0,0,0,0,0,0,0,0,0,0,0,0,0,0,0,0,0,0,0,0,0,0,0,0,0,0,0,0,0,0,0,0,0,0,0,0,0,0,0,0,0,0,0,0,0,0,0,0,0,0,0,0,0,0,0,0,0,0,0,0,0,0,0,0,0,0,0,0,0,0,0,0,0,0,0,0,0,0,0,0,0,0,0,0,0,0,0,0,0,0,0,0,0,0,0,0,0,0,0,0,0,0,0,0,0,0,0,0,0,0,0,0,0,0,0,0,0,0,0,0,0,0,0,0,0,0,0,0,0,0,0,0,0,0,0,0,0,0,0,0,0,0,0,0,0,0,0,0,0,0,0,0,0,0,0,0,0,0,0,0,0,0,0,0,0,0,0,0,0,0,0,0,0,0,0,0,0,0,0,0,0,0,0,0,0,0,0,0,0,0,0,0,0,0,0,0,0,0,0,0,0,0,0,446,0,0,0,0,0,0,0,0,0,0,0,0,0,0,0,0,0,0,5,0,0,0,0,0,0,0,0,0,0,0,0,0,0,0,0,0,0,0,0,0,0,0,0,0,0,0,0,0,0,0,0,21,0,9702,0,0,0,0,0,0,0,0,0,0,0,0,0,0,0,0,9,0,0,0,0,0,0,0,0,0,0,0,0,0,0,0,0,0,0,0,0,0,0,0,0
"D160",0,3,4,0,0,0,0,15,0,29,0,0,2,11,8,6,0,1,8,0,0,0,0,7,0,0,2,0,0,5,99,0,16,966,0,3,0,3,0,0,7,0,0,44,1,91,10,5,7,0,0,34,1,23,14,2,1,0,0,0,0,0,14,0,194,0,7,0,2,0,8,91,27,0,0,2,0,61,5,0,478,0,0,0,9,171,529,6,0,21,10,4,5,18,7,0,7,7,5,0,41,4,691,0,0,0,0,20,0,0,0,0,0,0,2,0,0,0,4,0,0,17,0,0,0,0,0,2388,4,0,0,0,2,0,4,7,0,127,9,0,0,0,0,124,58,0,4,7,12,0,4,0,0,25,6,0,266,3,0,0,0,0,0,0,0,0,0,11,89,0,71,31,25,7,0,0,3,2,2,0,11,0,12,0,651,2,0,0,0,11,3,3,19,80,0,0,15,0,0,2,0,80,9,0,3,0,0,0,2,18,0,0,0,0,0,0,0,0,0,0,1,2,3,3,12,0,7,13,3,6,0,5,34,0,14,0,0,0,0,0,0,0,0,45,3,0,0,3,14,0,1,0,0,16,6,0,0,0,0,0,0,0,0,3,0,33,0,10,0,0,0,0,0,0,2,0,3,0,0,0,43,0,6,9,0,0,0,18,0,1,0,0,0,0,296,0,0,0,0,5,0,0,11,0,6,0,63,0,10,0,0,0,3,0,1,0,0,0,0,11,0,0,0,0,2,0,0,0,0,9,30,4,45,0,0,0,0,0,136,40,0,12,7,0,0,0,7,0,9,0,13,0,10,0,0,0,0,0,0,1,37,0,30,19,2,0,0,0,64,0,0,0,0,10,0,0,0,33,0,0,0,0,11,7,28,0,0,0,24,44,7,5,5,3,0,0,15,0,918,54,150,6,5,21,8,3,0,1,0,0,0,0,3,3,0,2768,1,0,0,2,0,0,9,3,60,0,5,0,32,0,0,6,1282,31,218,4,14,0,0,34,0,0,236,2,6,19,7,0,22,84,2,0,0,0,0,31,39,4,0,0,0,0,0,2,26,0,2,0,0,0,0,0,0,161,0,0,1501,4104,2,0,0,0,0,3,4,26,0,0,75,0,41,0,0,0,35,0,0,32,11,0,49,0,9,0,12,30,0,2,0,0,10,5,0,12,9,0,0,5,4,0,0,124,0,4,0,0,0,2,22,24,0,2,0,6,0,0,0,0,8,0,0,7,28,0,0,0,8,0,25,1281,13,0,0,629,12,0,0,0,0,13,0,0,8,0,5,3,52,0,0,1,11,36,0,2,0,15,0,4,0,54,2,0,10,0,0,25,22,1,0,2599,32,10,20,0,24,0,0,0,0,0,0,0,0
"D161",0,0,0,0,0,0,0,34,0,0,0,0,0,1,0,0,0,0,0,0,1,0,0,0,0,0,447,0,0,0,43,0,0,0,0,0,0,0,0,0,0,0,0,43,0,0,0,0,0,0,0,0,0,0,0,0,0,0,0,0,0,0,222,0,0,0,0,0,0,0,0,20,1992,0,0,0,0,0,0,0,535,0,0,0,0,1870,0,0,0,23,0,0,0,0,0,0,304,0,0,0,0,0,372,35,0,0,0,0,0,0,0,0,0,0,0,0,0,0,13,0,0,0,0,0,0,0,0,965,0,0,0,0,0,0,0,0,0,2155,0,0,0,0,0,0,0,0,0,0,50,0,0,0,0,14,0,0,0,0,0,0,0,0,0,0,0,0,0,0,0,0,780,0,0,0,0,0,0,0,0,0,12,0,0,0,1857,0,0,0,0,0,0,0,0,0,0,0,36,0,0,0,0,67,0,0,0,0,0,0,0,0,0,0,0,0,0,0,0,0,0,0,0,0,13,0,0,0,69,0,0,0,738,0,0,0,0,0,0,0,0,0,0,0,0,0,0,0,0,0,8,0,0,0,0,2,0,0,0,0,0,0,0,0,0,0,0,0,0,0,0,0,0,0,0,19,0,0,0,0,0,0,0,0,3,0,0,0,0,0,0,0,0,0,0,0,0,40,0,0,0,0,0,0,0,0,0,0,0,0,0,0,0,0,0,0,0,0,0,0,0,43,0,0,0,0,0,0,0,0,0,0,0,0,0,0,0,0,0,0,437,0,0,39,0,0,0,0,0,0,0,0,0,0,0,0,0,0,0,0,0,0,215,0,0,0,0,0,0,0,688,0,0,0,0,0,0,0,0,0,0,0,0,0,0,16,0,0,0,0,0,3,0,0,0,0,0,0,0,0,1550,59,296,0,95,0,0,0,980,0,0,0,0,0,0,0,0,0,0,0,0,0,2,0,0,0,25,0,0,0,0,0,0,21,286,19,401,0,0,0,0,0,0,0,1073,0,0,0,15,0,0,0,0,0,0,0,0,65,0,0,0,0,0,0,0,0,0,0,0,0,0,0,0,0,0,0,0,0,891,955,0,0,0,0,0,0,0,0,0,0,0,0,0,0,0,0,0,0,0,0,0,0,379,0,0,0,184,0,0,0,0,0,0,0,0,0,147,0,7,0,0,0,0,2,0,0,0,0,0,0,0,0,0,0,0,0,0,0,0,0,0,0,0,0,405,0,0,0,0,0,2,2147,0,0,0,0,3,0,0,0,0,0,0,0,0,0,0,0,0,0,2,0,0,0,0,0,0,0,0,0,0,0,0,0,0,0,0,0,137,0,0,3342,29,138,0,0,0,0,0,0,0,0,0,0,0
"D162",0,0,0,0,0,0,0,0,0,0,0,0,0,0,0,0,0,0,0,0,0,0,0,0,0,0,0,0,0,0,0,0,0,0,0,0,0,0,0,0,0,0,0,0,0,0,0,0,0,0,0,0,0,0,0,0,0,0,0,0,0,0,0,0,0,0,0,0,0,0,0,0,0,0,0,0,0,0,0,0,0,0,0,0,0,0,0,0,0,0,0,0,0,0,0,0,0,0,0,0,0,0,0,0,0,0,35,0,0,0,0,0,0,0,0,0,0,0,0,0,0,0,0,0,0,0,0,0,0,0,0,0,0,0,0,0,0,0,0,0,0,0,0,0,0,0,0,0,0,0,0,0,0,0,0,0,0,0,0,0,0,0,0,0,0,0,0,0,0,0,0,0,0,0,0,0,0,0,0,0,0,0,0,0,0,0,0,0,0,0,0,58,0,0,0,0,0,0,0,0,0,0,0,0,0,0,0,0,0,0,0,0,0,0,0,0,0,0,0,0,0,0,0,129,0,0,0,0,0,0,0,0,0,0,0,0,0,0,0,0,0,0,0,0,0,0,0,0,0,0,0,0,0,0,0,0,0,0,0,0,0,0,0,0,0,0,0,0,0,0,0,0,0,0,0,0,0,0,0,0,0,0,0,0,0,0,0,0,0,0,0,0,0,0,0,0,0,0,0,0,0,0,0,0,0,0,0,0,0,0,0,0,0,0,0,0,0,0,0,0,0,0,0,0,0,0,0,0,0,0,0,0,0,0,0,0,0,0,0,0,0,0,0,0,0,0,0,0,0,0,0,0,0,0,0,0,0,0,0,0,0,0,0,0,0,0,0,0,0,0,0,0,0,0,0,0,0,0,0,0,0,0,0,0,0,0,0,0,0,0,0,0,0,0,0,0,0,0,0,0,0,0,0,0,0,0,0,0,0,0,0,0,0,0,0,0,0,0,0,0,0,0,0,0,0,0,0,0,0,0,0,0,0,0,0,0,0,26,0,0,0,0,0,0,0,0,0,0,0,0,0,0,0,0,0,0,0,0,0,0,0,0,0,0,0,0,0,0,0,0,0,0,0,0,0,0,0,0,0,0,0,0,0,0,0,0,0,0,0,0,0,0,0,0,0,0,0,0,0,0,0,0,0,0,0,0,0,0,0,0,0,0,0,0,0,0,0,0,0,0,0,0,0,0,472,0,0,0,0,0,0,0,0,0,0,0,0,0,0,0,0,0,0,0,0,0,0,0,0,0,0,0,0,0,0,0,0,0,0,0,0,11,0,0,0,0,0,0,0,0,0,0,0,0,0,0,0,0,11,0,0,0,0,0,0,0,0,0,0,0,0,0,0,0,0,0,0,0,0,0,0,0,0
"D163",0,0,0,0,0,0,0,0,0,0,0,0,0,0,0,0,0,0,0,0,0,0,0,0,0,0,0,0,0,0,0,0,0,125,0,0,0,0,0,0,0,0,0,0,0,0,0,0,0,0,0,0,0,0,0,0,0,0,0,0,0,0,2,0,0,0,0,0,0,0,0,0,0,0,0,0,0,0,0,0,27,0,0,0,0,148,0,0,0,5,0,0,0,0,0,0,0,0,0,0,0,0,0,17,0,0,0,0,0,0,0,0,0,0,0,0,0,2,0,0,0,0,0,0,0,0,0,0,0,0,0,0,0,0,0,0,0,0,0,0,0,0,0,0,0,0,21,0,0,0,0,0,0,0,0,0,0,0,0,0,0,0,0,0,0,0,0,0,0,0,0,0,0,0,0,0,0,0,0,0,0,0,0,0,223,0,0,0,0,0,0,0,0,4,0,0,0,0,0,0,0,0,0,0,0,0,0,0,0,0,0,0,0,0,0,0,0,0,0,0,0,0,0,0,0,0,0,0,0,0,0,0,0,0,0,0,0,0,0,0,0,0,0,0,0,0,0,0,0,0,0,0,0,0,0,0,0,0,0,0,0,0,0,0,0,0,0,0,0,0,0,0,0,0,0,0,0,0,0,0,0,0,0,0,0,0,0,0,0,0,0,0,151,0,0,0,0,0,0,0,0,0,0,0,0,0,0,0,0,0,0,0,0,0,0,0,0,0,0,0,0,0,0,0,0,0,0,0,0,0,0,0,0,0,0,0,0,0,0,0,0,0,0,0,0,0,0,0,0,0,0,0,0,0,0,0,0,0,0,0,0,0,0,0,0,0,0,0,0,0,0,0,0,0,0,0,0,0,0,0,0,0,0,0,0,0,0,51,0,0,0,0,0,0,0,0,0,0,198,285,1,0,0,0,0,0,0,0,0,0,0,0,0,0,0,78,0,0,2,0,0,0,0,0,0,0,0,0,0,0,0,0,0,0,0,0,0,0,0,0,0,0,0,0,0,0,18,0,0,0,0,0,0,0,0,0,0,0,0,0,0,0,0,0,0,0,0,0,0,0,0,0,0,0,0,0,0,1371,0,0,0,0,0,0,0,0,0,0,0,0,0,0,0,0,0,0,0,42,27,0,0,0,0,0,0,0,0,0,0,0,0,0,0,0,0,0,0,0,0,0,0,3,0,0,0,0,0,0,0,0,0,0,0,0,0,0,0,0,0,0,0,0,0,0,0,0,0,0,0,0,0,0,0,38,0,0,0,0,0,0,0,0,0,0,0,0,0,0,0,0,0,3,0,0,0,0,0,0,0,0,0,0,0,0,0,0,0,0,0,0,0,0,0,0,0,0,0,0,0,0,0,0,0
"D164",53,18,0,0,6,43,0,0,0,0,0,0,0,0,0,0,0,0,0,0,131,0,0,0,16,0,0,0,0,0,0,140,395,244,55,0,0,0,0,0,0,9,0,0,0,0,0,0,0,0,0,29,2724,0,253,0,0,37,161,0,0,109,0,0,0,0,35,0,37,1333,0,0,0,0,0,0,0,0,0,31,0,0,32,0,0,0,0,0,0,0,0,0,9,0,0,0,0,14,0,0,0,0,0,0,0,0,246,0,0,0,76,0,0,0,0,119,44,0,0,2,0,0,0,0,0,0,0,0,0,3,0,17,0,0,0,0,0,0,0,20,0,0,0,0,0,7,0,23,0,0,64,0,37,0,0,0,0,0,0,0,0,82,65,20,924,0,0,0,0,0,0,0,0,2289,0,0,329,0,0,902,0,0,0,0,0,0,39,227,0,0,0,0,0,0,0,0,0,44,0,11,0,0,0,0,0,14,31,0,0,0,80,0,67,5,173,64,15,43,0,0,0,0,0,204,0,0,0,0,0,0,0,0,0,0,0,42,0,0,0,0,113,0,0,0,0,18,0,0,0,75,0,15,0,30,0,14,69,0,0,0,0,125,0,0,0,0,0,0,0,0,0,9,240,0,0,42,0,0,0,0,4,0,153,0,0,29,656,0,3,0,0,225,0,0,0,0,0,0,0,0,0,14,0,0,686,0,2,0,9,0,0,0,0,0,0,0,0,0,245,0,0,0,0,0,0,27,52,0,0,0,0,0,1009,0,0,0,0,7,0,0,0,0,1364,0,217,0,410,0,971,0,0,0,0,0,0,0,103,0,0,0,0,30,0,0,0,386,0,0,57,0,197,0,0,0,0,0,0,0,0,0,0,0,0,0,11,0,0,0,0,0,0,0,0,0,0,0,170,0,0,0,0,0,0,0,0,0,0,0,0,0,0,0,0,0,0,0,0,0,0,0,0,23,0,0,0,0,0,0,0,159,0,0,0,0,0,18,2,0,0,0,291,0,0,0,0,0,5,0,0,0,68,0,0,0,0,0,0,0,0,0,0,0,0,0,169,57,0,0,0,0,0,0,13,0,0,151,0,0,0,0,0,0,0,0,0,0,0,0,0,0,48,0,0,0,0,557,0,0,0,0,0,2,24,0,0,22,0,0,0,238,0,0,0,0,0,3,0,0,0,0,12,0,0,0,0,0,0,0,0,0,0,0,0,0,513,0,0,0,0,92,0,0,0,0,0,0,0,0,0,0,0,17,0,0,81,0,8,0,0,0,0,0,0,0,0,0,0,157,0,143,0,0,0,0,0,0,0,0,1411,0,0,0,0,0,0,0,0,0,0,0,0,19,0,0,0,0,1,42,0,0,0,0,0
"D165",0,0,0,0,0,0,0,0,0,0,0,0,0,0,0,0,0,0,0,0,0,0,0,0,0,0,0,0,0,0,0,0,151,0,0,0,12,0,0,0,0,0,0,0,0,0,0,0,0,0,0,0,0,0,0,0,0,0,0,0,0,0,0,0,0,0,0,0,0,0,0,0,0,0,0,0,0,0,0,0,0,0,0,0,0,0,0,0,0,0,0,0,0,0,0,0,0,0,0,0,0,0,0,0,0,0,0,0,0,0,0,0,0,0,0,0,0,0,0,0,0,0,0,0,0,0,0,0,0,0,0,0,0,0,0,0,0,0,0,0,0,0,0,0,0,0,0,0,0,0,0,0,0,0,0,0,0,0,0,0,0,0,0,0,0,0,0,0,0,0,0,0,0,2,0,0,0,0,0,0,0,0,0,42,0,0,0,0,0,0,0,0,0,0,0,0,0,0,0,0,0,0,0,0,0,0,0,0,0,0,0,0,0,0,0,0,0,0,0,0,0,0,0,0,0,0,0,0,0,0,207,0,0,0,0,0,0,0,0,0,0,0,0,0,0,0,0,0,3,0,0,0,0,0,0,0,0,0,0,0,0,0,0,0,0,0,0,0,0,0,0,0,0,0,0,0,0,0,0,0,0,0,0,0,0,0,0,0,0,0,0,2,4,0,0,0,0,0,0,0,0,0,0,0,0,0,0,0,0,0,0,0,0,0,0,0,0,0,0,0,0,0,0,0,0,0,0,0,0,0,0,0,0,0,0,0,0,0,0,70,0,0,0,0,0,0,0,0,0,0,0,0,0,0,0,0,0,0,0,0,0,0,0,0,0,0,0,0,0,0,0,0,0,0,0,0,0,0,0,0,23,0,0,0,0,0,0,0,0,0,0,0,0,0,0,0,0,0,0,0,0,0,0,0,0,0,0,0,0,0,0,0,0,0,0,0,0,0,0,0,0,2,0,0,0,0,0,0,0,0,0,0,0,0,0,0,0,3,0,0,0,0,0,0,0,0,0,0,0,0,0,0,0,0,0,0,0,0,0,0,0,0,0,0,7,0,0,0,0,0,0,0,0,0,0,5,0,0,0,0,0,0,709,0,0,0,0,0,0,0,0,0,0,0,0,0,17,0,0,0,0,0,0,0,0,0,0,0,0,0,0,0,0,0,0,0,0,0,0,0,0,0,0,0,0,0,0,0,0,0,0,0,0,0,0,0,0,0,0,0,0,0,0,0,0,0,0,0,0,0,0,0,0,0,0,0,0,0,0,0,0,0,0,0,0,0,0,0,0,0,0,0,0,0,0,0,0,0,0,0,0,0,0,0,0,0,0,0,0,0,0,0,0,0,0,0,0,0,0,0,0,0,0
"D166",0,0,0,0,0,0,0,0,0,0,0,0,0,0,0,0,0,0,0,0,0,0,0,0,0,0,0,0,0,0,0,0,0,0,0,0,0,0,0,0,0,0,0,0,0,0,0,0,0,0,0,0,0,0,0,0,0,0,0,0,0,0,0,0,0,0,0,0,0,0,0,0,0,0,0,6,0,0,0,0,0,0,0,0,0,0,0,0,0,0,0,0,0,0,0,0,0,0,0,0,0,0,0,0,0,0,2,0,0,0,0,0,0,0,0,0,0,0,0,0,0,0,0,0,0,0,0,0,0,0,0,0,0,0,0,0,0,0,0,0,0,0,0,0,0,0,0,0,0,0,0,0,0,0,0,0,0,0,0,0,0,0,0,0,0,0,0,0,0,0,0,0,0,0,0,0,0,0,0,0,0,0,0,0,0,0,0,0,0,0,0,0,0,0,0,0,0,0,0,0,0,0,0,0,0,0,0,0,0,4,0,0,0,0,0,0,0,0,0,0,0,0,0,2,0,0,0,0,1,0,5,0,0,0,0,0,0,0,0,3,0,0,0,0,0,0,0,0,0,0,0,0,0,0,0,0,0,0,0,0,0,0,0,0,0,0,0,0,0,0,0,0,0,0,0,0,0,0,0,0,0,0,0,0,0,0,0,0,0,0,0,0,0,0,0,0,0,0,0,0,0,0,0,0,0,0,0,0,0,0,0,0,0,0,0,0,2,0,0,0,0,0,0,0,0,0,0,0,0,0,0,0,0,0,0,0,0,0,0,0,0,0,0,0,0,0,0,0,0,0,0,0,0,0,0,0,0,0,0,0,0,0,0,0,0,0,0,0,0,0,0,0,0,0,0,0,0,0,0,0,0,0,0,0,0,0,0,0,0,0,0,0,0,0,0,0,0,0,0,0,0,0,0,0,0,0,0,0,0,0,0,0,0,0,0,0,0,0,0,0,0,0,0,0,0,0,0,0,0,0,0,0,0,0,0,0,0,0,0,0,0,0,0,0,0,0,0,0,0,0,0,0,0,0,0,0,0,0,0,0,0,0,0,0,0,0,0,0,0,0,0,0,3,0,0,0,0,0,0,0,0,0,0,0,0,0,0,0,3,0,0,0,0,0,0,0,0,0,0,0,0,0,0,0,0,0,0,0,0,0,0,0,0,0,0,0,0,0,0,0,0,0,0,0,0,0,0,0,0,0,0,0,0,0,0,0,0,0,0,0,0,0,0,0,0,0,0,0,0,0,0,0,0,0,0,0,0,0,0,0,0,0,0,0,0,0,0,0,0,0,0,1,0,0,0,0,0,0,28,0,0,0,0,0,0,0,0,0,0,0,0,0,0,0,0,0,0,0,0,0,0,0,0
"D167",0,0,0,0,0,0,0,0,0,0,0,0,0,0,0,0,0,0,0,0,0,0,0,0,0,0,0,0,0,0,0,0,0,0,0,0,0,0,0,0,0,0,0,0,0,0,0,0,0,0,0,0,0,0,0,0,0,0,0,0,0,0,0,0,0,0,0,0,0,0,0,0,0,0,0,0,0,0,0,0,0,0,0,0,0,0,0,0,0,0,0,0,0,0,0,0,0,0,0,0,0,0,0,0,0,0,0,0,0,0,0,0,0,0,0,0,0,0,0,0,0,0,0,0,0,0,0,0,0,0,0,0,0,0,0,0,0,0,0,0,0,0,0,0,0,0,0,0,0,0,0,0,0,0,0,0,0,0,0,0,0,0,0,0,0,0,0,0,0,0,0,0,0,0,0,0,0,0,0,0,0,0,0,0,0,0,0,0,0,0,0,0,0,0,0,0,0,0,0,0,0,0,0,0,0,0,0,0,0,0,0,0,0,0,0,0,0,0,0,0,0,0,0,0,0,0,0,0,0,0,0,0,0,0,0,0,0,0,0,0,0,0,0,0,0,0,0,0,0,0,0,0,0,0,0,0,0,0,0,0,0,0,0,0,0,0,0,0,0,0,0,0,0,0,0,0,0,0,0,0,0,0,0,0,0,0,0,0,0,0,0,0,0,0,0,0,0,0,0,0,0,0,0,0,0,0,0,0,0,0,0,0,0,0,0,0,0,0,0,0,0,0,0,0,0,0,0,0,0,0,0,0,0,0,0,0,0,0,0,0,0,0,0,0,0,0,0,0,0,0,0,0,0,0,0,0,0,0,0,0,0,0,0,0,0,0,0,0,0,0,0,0,0,0,0,0,0,0,0,0,0,0,0,0,0,0,0,0,0,0,0,0,0,0,0,0,0,0,0,0,0,0,0,0,0,0,0,0,0,0,0,0,0,0,0,0,0,0,0,0,0,0,0,0,0,0,0,0,0,0,0,0,0,0,0,0,0,0,0,0,0,0,0,0,0,0,0,0,0,0,0,0,0,0,0,0,0,0,0,0,0,0,0,0,0,0,0,0,0,0,0,0,0,0,0,0,0,0,0,0,0,0,0,0,0,0,0,0,0,0,0,0,0,0,0,0,0,0,0,0,0,0,0,0,0,0,0,0,0,0,0,0,0,0,0,0,0,0,0,0,0,0,0,0,0,0,0,0,0,0,0,0,0,0,0,0,0,0,0,0,0,0,0,0,0,0,0,0,0,0,0,0,0,0,0,0,0,0,0,0,0,0,0,0,0,0,0,0,0,0,0,0,0,0,0,0,0,0,0,0,0,0,0,0,0,0,0,0,0,0,0,0,0,0,0,0,0,0,0,0,0,0,0
"D168",0,0,0,0,0,0,0,0,0,15,0,0,13,2,6,0,0,0,0,0,4,0,0,0,0,0,290,0,0,0,0,0,13,2622,0,0,0,0,0,0,6,2,0,141,0,0,0,0,0,0,0,0,0,13,0,0,0,0,0,0,0,0,0,0,0,0,0,0,0,0,1,136,202,0,0,0,0,0,16,0,918,0,0,0,0,260,0,144,0,10,0,0,0,0,7,0,2,0,2,0,0,0,1112,2,0,0,0,0,0,0,0,0,0,0,0,0,0,0,2,0,0,2,0,0,0,0,18,2845,0,0,0,0,0,0,0,0,0,492,0,0,0,0,0,4,1,0,0,1,0,0,0,0,0,0,0,0,4,0,0,0,0,0,0,0,0,0,0,0,0,0,600,0,0,0,0,0,23,0,0,0,0,0,0,0,566,0,0,0,0,0,0,0,0,0,0,0,0,0,0,0,0,70,0,0,0,0,0,0,0,0,0,0,0,0,0,0,0,0,0,0,1,0,0,0,3,0,0,0,0,0,126,17,11,0,0,0,0,0,0,0,0,0,0,47,80,0,0,0,3,0,0,0,0,9,0,0,0,0,0,0,0,0,0,0,0,0,0,0,0,0,0,0,0,0,0,1,0,0,0,0,4,0,17,0,0,0,82,0,0,0,0,0,0,0,0,67,0,0,0,20,0,0,0,0,0,0,0,0,0,0,0,0,0,0,2,0,0,0,0,0,0,0,0,0,0,0,0,0,0,3,5,0,8,0,0,0,0,0,366,0,0,65,2,0,0,0,5,0,0,0,0,0,0,0,0,0,0,0,0,0,133,0,4,0,0,0,0,0,113,0,0,0,0,0,0,0,0,0,0,0,0,0,0,3,124,1,0,0,0,0,0,0,0,0,0,0,0,0,1289,0,0,0,3,0,0,0,2,0,0,0,0,0,0,0,0,6040,0,0,0,0,0,0,0,0,9,0,0,0,0,0,0,4,3222,20,657,0,9,0,0,0,0,0,165,0,0,0,47,0,0,0,0,0,0,0,0,28,0,0,0,0,0,0,0,0,0,0,0,0,0,0,0,0,0,398,0,0,2720,5610,0,0,0,0,3,0,0,3,0,0,0,0,0,0,0,0,0,0,0,0,0,0,148,0,0,0,79,0,0,0,0,0,0,0,0,4,282,0,0,0,0,0,0,3,0,0,0,0,0,0,0,0,0,0,0,0,10,0,0,0,0,0,0,0,324,0,0,0,1,0,0,2535,0,0,0,1544,0,0,0,0,0,0,0,0,0,0,2,0,2,0,0,25,0,0,0,0,0,0,0,0,0,0,0,0,0,0,0,0,0,0,0,6350,62,6,0,0,0,0,0,9,0,12,0,0,0
"D169",0,0,0,0,0,0,0,0,0,0,0,0,0,0,0,0,0,0,0,0,8,0,0,0,0,0,0,0,0,0,0,0,0,0,0,0,0,0,0,0,0,0,0,0,0,0,0,0,186,0,0,0,0,0,0,0,0,0,0,0,0,0,0,0,0,0,0,0,0,0,0,0,0,0,0,0,0,0,0,0,0,0,0,0,0,443,0,0,0,0,0,0,0,0,0,0,0,0,0,0,0,0,0,494,0,0,0,0,0,0,2,0,0,0,0,0,0,0,0,0,0,0,0,0,0,0,0,0,0,0,0,0,0,0,0,0,0,20,0,0,0,0,0,3,0,0,0,0,0,0,0,0,0,0,0,0,6,0,0,0,0,0,0,0,0,0,0,0,0,0,0,0,0,0,0,0,0,0,0,0,0,0,0,0,0,0,0,0,0,0,0,0,0,4,0,0,0,0,0,0,0,0,0,0,0,0,0,0,0,0,0,0,0,0,0,0,0,0,0,0,0,0,0,0,0,0,0,0,0,0,0,0,0,0,0,0,0,0,0,0,0,0,0,0,0,0,0,0,0,0,0,0,0,0,0,0,0,0,0,0,0,0,0,0,0,0,0,0,0,0,0,0,0,0,0,0,0,0,0,0,2,0,0,0,0,0,0,0,0,0,0,0,2,0,0,0,0,0,0,0,0,0,0,0,0,0,0,0,0,0,0,0,0,0,0,0,0,0,0,0,0,0,0,0,0,0,0,0,0,0,0,0,0,0,0,0,0,0,0,0,0,0,0,0,0,0,0,0,0,0,0,0,0,0,0,0,0,0,0,0,0,0,0,0,0,0,0,0,0,0,0,0,0,0,0,0,0,0,0,0,0,0,0,0,0,0,0,64,0,0,0,0,0,0,0,0,0,0,2165,0,0,0,0,0,0,0,0,0,0,0,0,0,0,0,0,1226,0,0,0,0,0,2,0,0,0,0,0,0,0,0,0,0,0,0,0,0,0,0,0,0,0,0,0,0,0,0,0,0,0,0,0,0,0,0,0,0,2,0,0,0,0,0,0,0,0,0,0,0,0,0,0,0,0,0,0,0,0,2661,0,0,0,0,0,0,0,2,244,0,0,0,0,0,0,0,3,0,0,0,0,0,0,0,0,0,0,0,0,0,0,0,0,0,0,0,0,0,0,0,0,0,0,6,0,0,0,0,0,0,0,0,0,0,0,0,0,0,0,0,0,0,0,0,0,0,0,0,0,0,2,0,0,0,0,3057,0,0,0,0,0,0,0,0,0,0,0,0,0,0,0,4,0,244,0,0,0,3,0,0,0,335,0,0,0,0,0,0,0,0,0,0,0,0,0,0,0,0,0,0,0,7,0,0,0
"D170",0,0,0,0,0,0,0,0,0,0,0,0,0,0,0,0,0,0,0,0,0,0,0,0,0,0,0,0,0,0,0,0,0,8,0,0,0,0,0,0,0,0,0,0,0,0,0,0,0,0,0,0,0,0,0,0,0,0,0,0,0,0,0,0,0,0,0,0,0,0,0,0,0,0,0,0,0,0,0,0,0,0,0,0,0,0,0,0,0,0,0,0,0,0,0,0,0,0,0,0,0,0,0,0,0,0,0,0,0,0,0,0,0,0,0,0,0,2,0,0,0,0,0,0,0,0,0,0,0,0,0,0,0,0,0,0,0,0,0,0,0,0,0,0,0,0,0,0,0,0,0,0,0,0,0,0,0,0,0,0,0,0,0,0,0,0,0,0,0,0,0,0,0,0,0,0,0,0,0,0,0,0,0,0,0,0,0,0,0,0,0,0,0,0,0,0,0,0,0,0,0,0,0,0,0,0,0,0,0,0,0,0,0,0,0,0,0,0,0,0,0,0,0,0,0,0,0,0,0,0,0,0,0,0,0,0,0,0,0,0,0,0,0,0,0,0,0,0,0,19,0,0,0,0,0,0,0,0,7,0,0,0,0,0,0,0,0,0,0,0,0,0,0,0,0,0,0,0,0,0,0,40,0,0,0,0,0,0,0,0,0,0,0,0,0,0,0,0,0,0,0,0,0,0,0,0,0,0,0,0,0,0,0,0,0,0,0,0,0,0,0,0,0,0,0,0,0,0,0,0,0,0,0,0,0,0,0,0,0,0,0,0,0,0,0,0,0,0,0,0,0,0,0,0,0,0,0,0,0,0,0,0,0,0,0,0,0,0,0,0,26,0,0,0,0,0,0,0,0,0,0,0,0,0,0,0,0,0,0,0,0,0,0,0,0,0,0,0,0,0,0,0,0,0,0,0,0,0,0,0,0,0,0,0,0,0,0,0,0,0,0,28,0,0,0,0,0,0,0,0,0,0,0,0,0,0,0,0,0,0,0,0,0,0,0,0,0,0,0,0,0,0,0,0,0,0,0,0,0,0,0,0,0,0,0,0,0,0,0,0,0,0,0,0,0,0,0,0,0,0,0,0,0,0,0,0,0,64,0,0,0,0,0,0,0,0,0,0,0,0,0,0,0,0,0,0,0,69,0,0,0,0,0,0,0,0,0,0,0,0,0,0,0,0,14,0,0,0,0,0,0,0,0,0,0,0,0,0,0,0,0,0,0,0,0,0,0,21,0,0,0,0,0,0,0,0,0,0,0,0,0,1044,0,0,0,0,0,0,0,0,0,0,0,0,0,0,0,0,0,0,0,0,0,0,0,0,0,0,0,0,0,0,0,0,0,0,135,0,0,0,0,0,0
"D171",0,4,0,19,0,4,0,4,14,0,0,0,0,0,0,0,0,4,0,0,6,0,0,0,0,98,0,0,0,0,0,0,0,0,1,0,0,0,0,0,0,0,0,7,0,0,0,0,0,0,0,0,3,3,4,0,0,0,0,0,0,0,0,6,0,0,0,0,0,2,0,0,0,37,0,0,0,0,0,0,0,0,0,0,0,0,0,0,0,0,0,0,0,0,0,0,0,0,0,0,0,0,0,0,0,76,0,0,0,0,903,0,0,0,0,0,0,49,0,0,0,0,0,14,0,0,0,0,0,0,7,4,0,8,0,0,0,0,0,0,0,0,13,0,0,0,0,0,0,0,0,0,0,2,0,11,0,0,0,0,0,0,0,0,0,0,0,0,0,0,0,0,0,0,0,0,0,0,0,0,0,0,0,5,0,0,0,0,0,0,0,0,0,0,0,0,0,0,6,0,0,0,0,0,0,0,0,0,0,0,0,0,0,0,0,0,0,0,0,0,0,0,0,0,0,0,0,0,0,0,0,0,0,2,0,0,0,0,0,0,5,14,4,7,0,2,0,0,0,0,0,0,0,0,0,0,0,0,0,24,0,0,0,0,0,0,0,0,0,0,0,0,9,0,0,8,0,0,0,0,0,5,0,0,0,0,0,0,0,0,0,0,0,0,0,0,0,0,0,0,0,0,0,0,0,21,0,0,0,0,0,0,0,7,0,0,0,0,0,0,0,0,0,0,0,0,0,0,0,0,0,0,0,4,0,0,0,0,18,15,0,0,2,0,0,0,0,0,0,0,0,0,2,0,0,32,0,0,0,0,0,0,0,0,0,0,0,0,0,0,53,0,0,0,0,0,0,0,0,0,22,0,0,0,0,1,0,0,0,0,0,0,0,0,0,0,0,0,0,0,0,0,0,0,0,0,0,0,6,0,51,0,0,0,192,0,0,0,0,0,0,0,0,0,0,0,0,0,0,0,0,0,0,0,0,0,8,0,0,0,0,0,0,0,0,0,0,0,0,0,0,4,0,0,0,0,0,0,0,3,7,0,377,0,0,2,0,0,0,0,0,0,2,0,0,0,0,0,0,0,99,0,2,0,0,0,0,0,7,0,0,0,0,0,0,0,0,0,0,0,0,0,4,0,0,0,0,0,0,0,0,0,0,3,0,0,0,3,0,0,0,0,2,0,0,0,0,0,0,0,0,0,0,0,0,0,140,0,0,0,19,0,0,0,0,0,0,1,0,0,0,0,0,0,0,0,0,0,11,3,15,0,9,0,0,0,4,0,13,6,0,0,0,0,0,0,0,0,0,0,0,0,0,0,0,0,0,0,4,0,0,0,0,0,0,0,0,0,0,0,0,0,3
"D172",0,0,0,0,0,0,0,0,0,0,0,0,4,0,0,3,0,0,0,3,2,0,0,0,0,0,0,0,0,0,0,0,0,0,0,0,0,0,0,0,0,0,0,0,0,0,0,0,31,0,0,0,3,0,0,0,0,0,0,0,0,0,0,0,0,24,0,0,0,0,0,0,0,0,0,0,0,0,0,0,6,0,0,0,0,83,0,0,0,218,0,0,0,1,0,0,0,0,0,0,0,0,0,11,0,0,0,0,0,0,0,0,0,0,0,0,0,0,0,0,0,0,0,0,0,0,0,185,0,0,0,0,0,0,0,0,0,0,0,0,0,0,0,6,0,0,2,0,0,0,0,0,0,0,0,96,0,0,0,0,0,0,0,0,0,0,0,0,0,0,0,0,0,0,0,0,0,0,0,0,0,0,0,0,54,0,0,0,0,0,0,0,0,214,0,0,0,0,0,0,0,0,0,0,0,0,0,0,0,0,0,0,0,0,0,0,0,0,0,0,0,0,0,0,742,0,0,0,0,0,0,0,0,0,0,0,0,0,0,0,0,0,0,0,0,1,0,0,4,0,0,0,0,0,0,0,0,0,0,0,0,0,0,0,0,0,0,0,0,0,0,0,0,0,0,0,0,0,0,0,0,0,0,0,0,0,2,2,0,36,0,0,155,0,27,0,0,0,0,0,0,0,0,0,3,0,0,0,0,0,0,0,0,0,0,0,0,0,0,0,0,0,0,0,0,0,0,0,0,0,22,0,0,0,0,0,0,0,0,0,0,0,2,0,0,0,0,0,0,0,0,0,4,0,0,0,0,0,0,0,0,0,59,0,0,0,0,0,0,0,0,0,0,0,0,0,0,0,0,0,0,0,0,0,0,1043,0,16,0,0,0,0,0,0,0,0,0,0,0,1,36,0,0,0,0,0,0,0,0,0,0,0,0,0,0,2246,0,0,0,0,0,0,0,0,0,0,0,0,0,0,58,0,0,0,0,0,0,0,0,0,0,0,0,0,0,0,0,0,0,0,0,1,0,0,0,0,3,0,0,0,12,0,0,0,0,0,0,0,0,0,0,3,0,0,0,0,0,198,0,0,0,0,0,0,0,0,4,0,0,0,0,0,0,0,0,0,0,54,2,0,0,0,0,0,0,0,0,0,0,0,0,0,0,0,0,0,0,0,0,0,2,0,0,0,0,0,0,0,0,0,0,0,0,0,0,0,0,0,0,0,0,0,0,0,0,0,0,0,0,0,0,0,4,4,0,0,0,0,0,0,0,0,0,0,0,0,0,0,0,0,0,236,0,0,0,0,0,0,0,74,0,0,32,0,0,0,0,0,0,0,0,0,2,12,0,1,0,0,0,0,0,0,0
"D173",0,0,0,0,0,0,0,0,0,0,0,0,0,0,0,0,0,0,0,0,0,0,0,0,0,0,0,0,0,0,0,0,0,0,0,0,0,0,0,0,0,0,0,0,4,0,0,0,0,0,0,0,0,0,0,0,0,0,0,0,0,0,0,0,0,0,0,0,0,0,0,3,0,0,0,0,13,0,0,0,0,0,0,0,0,0,0,0,0,0,0,0,0,0,0,0,0,0,0,0,0,0,0,0,0,0,0,0,0,0,0,0,0,0,0,0,0,0,0,0,0,0,0,0,0,0,0,0,0,0,0,0,0,0,0,0,0,0,0,0,0,0,0,0,0,0,0,0,0,0,0,0,0,0,0,0,0,0,0,0,0,0,0,0,0,0,0,0,0,0,0,0,0,0,0,0,0,0,0,0,0,0,0,0,0,0,0,0,0,0,0,0,0,0,0,0,0,0,0,0,0,0,0,0,0,0,0,0,0,0,0,0,0,0,0,0,0,0,0,0,0,0,0,2,0,0,0,0,0,0,10,0,0,0,0,0,0,0,0,0,0,0,0,0,0,0,0,0,0,0,0,0,0,0,0,0,0,0,0,0,0,0,0,0,0,0,0,0,0,0,0,0,0,0,0,0,0,0,0,0,0,0,0,0,0,0,0,0,0,0,2,0,0,0,0,0,0,0,0,0,0,0,0,0,0,0,0,0,0,0,0,0,0,0,0,0,0,0,0,0,0,0,0,0,0,0,0,0,0,0,0,0,0,0,0,0,0,0,0,2,0,0,0,0,0,0,0,0,0,0,0,0,0,0,0,0,0,0,0,0,0,0,0,0,0,0,0,0,2,0,0,0,0,0,0,0,0,0,0,0,0,0,0,0,0,0,0,0,0,0,0,0,0,0,0,0,0,0,0,0,0,0,0,0,0,0,0,0,0,0,0,0,0,0,0,0,0,0,0,0,0,0,0,0,0,0,1,0,0,0,0,0,0,0,0,0,0,0,0,0,0,0,0,0,0,0,0,0,0,0,0,0,0,0,0,0,0,0,0,0,0,0,0,0,0,0,0,0,0,0,0,0,0,0,0,0,0,0,0,0,0,0,0,0,0,0,0,0,0,0,0,0,0,0,0,0,0,0,0,0,0,0,0,0,0,0,0,0,0,0,0,0,2,0,0,0,0,0,0,0,0,0,0,0,1,0,0,0,0,0,0,0,0,0,0,0,0,0,0,0,0,0,0,0,0,0,0,0,0,0,0,0,0,0,0,0,0,0,0,0,0,0,0,0,0,0,0,0,0,0,0,0,0,0,0,0,0,0,8,0,0,0,0,0,0,0,0,0,0,0,0,0,0,0,0,0,0,0,0,0,0,0,0
"D174",0,0,0,0,0,0,6,0,0,0,0,0,0,0,0,0,0,0,0,0,22,0,0,0,0,0,0,19,0,0,0,0,6,8,0,0,0,0,0,0,0,0,0,0,0,0,0,0,0,0,0,6,0,0,0,0,0,0,0,0,0,221,0,0,0,0,0,0,0,37,0,0,0,0,0,0,0,0,0,0,0,0,0,0,0,0,0,0,0,0,0,0,0,0,0,0,0,0,0,0,0,0,0,0,0,0,1,0,0,0,0,0,0,0,0,0,0,0,0,0,0,0,0,0,0,0,0,0,0,0,0,0,0,0,0,0,0,0,0,0,0,0,0,0,0,0,0,0,0,3,0,0,0,0,0,0,0,0,0,0,0,2,0,0,0,0,0,0,0,0,0,0,0,7,0,0,0,0,0,0,0,0,0,0,0,0,0,0,0,0,0,0,0,0,0,0,0,0,0,0,0,0,0,0,0,0,0,0,0,0,0,0,0,0,11,3,0,0,0,0,0,0,0,160,0,0,0,0,0,0,0,0,0,0,0,24,0,0,0,0,0,0,0,0,0,0,0,0,0,0,0,0,0,0,0,0,690,0,0,0,0,0,0,0,0,0,0,0,0,0,0,0,0,0,0,10,0,0,0,0,0,0,0,0,0,0,0,0,0,0,0,0,0,0,0,0,0,0,0,1,0,0,0,0,46,0,0,0,0,0,0,0,0,0,0,0,19,0,0,0,0,0,0,0,0,0,239,0,0,0,0,0,3,0,0,0,0,0,0,0,0,0,46,0,0,0,15,0,3,0,0,0,0,0,0,0,0,0,0,0,0,0,0,0,0,0,0,0,0,0,0,0,0,0,0,0,0,0,0,0,0,0,0,0,0,0,0,0,0,0,0,0,0,0,0,0,0,0,0,0,0,0,0,0,0,0,0,0,0,0,0,0,0,0,0,0,0,0,0,0,0,0,0,0,0,0,0,0,0,0,0,0,0,0,0,0,0,0,1,0,0,0,0,0,0,0,0,0,0,0,111,0,0,0,0,0,0,0,0,0,0,0,0,0,39,0,0,0,0,0,0,0,0,0,0,0,0,0,0,0,0,0,0,0,0,0,0,0,0,0,153,0,0,0,0,9,0,0,0,0,0,0,0,0,0,0,0,4,0,223,0,0,0,0,0,11,0,0,0,0,0,0,0,0,237,0,0,0,0,0,0,0,0,0,0,0,0,0,0,0,0,0,0,0,0,0,0,0,0,0,0,0,0,0,9,0,0,0,0,0,0,374,0,0,0,0,0,0,0,0,0,0,0,0,0,0,0,0,1785,0,0,0,0,0,0,0,0,0,0,0,0,0,0,0,0,0,0,0,0,0,4,0,0
"D175",0,0,0,0,0,0,0,2,0,3,0,0,0,0,0,4,0,0,0,0,0,0,0,0,0,0,522,0,0,0,74,0,0,0,0,0,0,0,0,0,3,0,0,32,0,0,0,0,0,0,0,0,0,0,0,0,0,0,0,0,0,0,5,0,0,0,0,0,0,0,0,116,33,0,0,0,0,0,9,0,772,0,0,0,0,880,0,278,0,79,0,0,0,0,15,0,55,0,1,0,0,0,943,0,0,0,0,0,0,0,0,0,0,0,0,0,0,0,0,0,0,0,0,0,0,0,0,2368,0,0,0,0,0,0,0,0,0,37,0,0,0,0,0,0,0,0,0,0,2,0,0,0,0,0,0,0,3,0,0,0,0,0,0,0,0,0,0,0,0,0,14,2,0,0,0,0,0,0,0,0,0,0,0,0,2171,0,0,0,0,0,0,0,0,0,0,0,0,0,0,0,0,10,0,0,0,0,0,0,0,0,0,0,0,0,0,0,0,0,0,0,50,0,5,0,6,0,0,0,0,0,90,0,1597,0,0,0,0,0,0,0,0,0,0,0,0,0,0,0,49,0,0,0,0,4,0,0,0,0,0,0,0,0,0,0,0,0,0,0,0,0,0,0,0,0,0,0,0,0,0,0,0,0,0,2,0,0,0,58,5,0,0,0,0,0,0,11,0,0,0,0,0,0,0,0,0,0,0,0,0,0,0,0,0,0,0,0,0,0,0,2,0,0,0,0,0,0,0,0,0,0,0,0,0,0,0,0,0,0,1212,0,0,15,0,0,0,0,1,0,0,0,0,0,0,0,0,0,0,0,0,0,61,0,0,0,0,0,0,0,56,0,0,0,0,2,0,0,0,0,0,0,0,0,0,4,26,0,0,0,0,21,0,10,0,0,0,0,0,0,929,0,47,0,0,4,0,0,26,0,0,0,0,0,0,0,0,210,0,0,0,0,2,0,0,0,13,0,0,0,0,0,0,11,1122,0,1220,0,39,0,0,0,0,0,1388,0,0,0,462,0,0,0,0,0,0,0,0,101,0,0,0,0,0,0,0,0,0,0,0,0,0,0,0,0,0,68,0,0,2539,656,0,0,0,0,0,0,0,2,0,0,0,0,0,0,0,0,0,0,0,0,0,0,34,0,0,0,294,0,0,0,0,0,0,0,2,0,1552,0,0,0,0,0,0,3,0,0,0,0,0,0,0,0,0,0,0,0,0,0,0,0,0,0,0,0,350,0,0,0,0,0,0,5331,0,0,0,169,0,2,0,0,0,0,0,0,0,0,0,0,0,0,0,0,0,0,0,0,0,2,0,0,0,0,0,0,0,0,0,0,0,0,0,5591,328,12,0,0,0,0,0,11,0,0,0,0,0
"D176",0,0,0,0,0,0,0,0,0,0,0,0,0,0,0,0,0,0,0,0,0,0,0,0,0,0,0,0,0,0,0,0,0,0,0,0,0,0,0,0,0,0,0,0,0,0,0,0,0,0,0,0,0,0,0,0,0,0,0,0,9,0,0,0,0,0,0,0,0,0,0,0,0,0,0,0,0,0,0,0,0,0,0,0,0,0,0,0,0,0,0,0,0,0,0,0,0,0,0,0,0,0,0,0,0,0,0,0,0,0,0,0,0,0,0,0,0,0,0,0,0,2,0,0,0,0,0,0,0,0,0,0,0,0,0,0,0,0,0,0,0,0,0,0,0,0,0,0,0,0,0,0,0,0,0,0,0,0,0,0,0,0,0,0,0,0,0,0,0,0,0,0,0,0,0,0,0,0,0,0,0,0,0,0,0,0,0,0,0,0,0,3,0,0,0,0,0,0,0,0,0,0,0,0,0,0,0,0,0,0,0,0,0,0,0,0,0,0,0,0,0,0,0,0,0,3,0,0,0,0,2,0,0,0,0,0,0,0,0,0,0,0,0,0,0,0,0,0,0,0,0,0,0,0,0,0,0,0,0,0,0,0,0,0,4,0,0,0,0,0,0,0,0,0,0,0,0,0,0,0,0,0,0,0,0,0,0,0,43,8,0,0,0,0,0,0,0,0,9,0,0,0,0,0,0,0,0,0,0,0,0,0,0,0,0,0,0,0,0,0,0,0,0,0,0,0,0,0,0,7,0,0,0,0,0,0,0,0,0,0,0,0,0,0,0,0,0,0,0,0,0,0,0,0,0,0,0,0,0,0,0,0,0,0,0,0,0,0,0,0,0,0,0,0,0,17,0,0,0,0,0,0,0,0,0,0,11,0,0,0,0,0,0,0,0,0,0,0,0,0,0,0,0,0,0,0,5,0,0,0,0,0,0,0,0,0,0,0,0,0,0,0,0,0,0,0,0,0,0,0,0,0,0,0,0,0,0,0,0,0,0,0,0,0,0,0,0,0,0,0,0,0,0,0,0,0,0,0,0,0,0,0,0,0,0,0,0,0,0,0,0,0,0,0,0,0,0,0,0,0,0,0,0,0,0,0,0,0,0,0,0,0,0,0,0,0,0,0,0,0,0,0,0,0,0,0,2,0,2,0,0,0,0,0,0,0,0,0,0,0,0,0,0,2,0,0,0,0,0,0,0,0,0,0,0,0,0,0,0,0,0,0,0,0,0,0,0,0,0,0,0,0,0,0,0,0,0,0,0,0,0,0,0,0,0,0,0,0,0,0,0,0,0,0,0,0,0,0,20,0,0,0,0,0,0,0,0,0,0,0,0,0,0,0,0,0,0,0,0,0,0,0,0
"D177",0,0,0,0,0,0,0,0,0,0,0,0,0,0,0,0,0,0,0,0,0,0,0,0,0,104,0,0,0,0,0,0,0,0,0,0,0,0,0,0,0,529,0,0,0,0,0,0,0,0,0,0,0,0,0,0,0,0,0,0,0,0,0,0,0,0,0,0,0,0,0,0,0,0,0,0,0,0,0,0,0,0,0,0,0,0,0,0,0,0,0,0,0,0,0,0,0,0,0,0,0,0,0,0,0,113,0,0,0,0,0,0,0,0,0,0,0,1469,0,0,0,0,0,0,0,0,0,0,0,0,0,0,0,0,0,0,0,0,0,0,0,0,24,0,0,0,0,0,0,0,0,0,0,0,0,0,0,0,0,0,0,0,0,0,0,0,0,0,0,0,0,0,0,0,0,0,0,0,0,0,0,0,0,0,0,0,0,0,0,0,0,0,0,0,0,0,0,0,0,0,0,0,0,4,0,0,0,0,0,0,0,0,0,0,0,0,112,282,0,0,0,0,0,0,0,0,0,0,0,0,0,0,0,0,0,0,0,0,0,0,0,0,0,0,0,0,0,0,0,0,0,0,0,0,0,0,0,0,1071,22,0,0,0,0,0,0,0,0,0,0,0,0,0,0,0,0,0,0,0,0,0,0,0,0,0,0,0,0,0,0,0,0,0,0,0,0,0,0,0,0,0,0,0,0,0,0,0,0,0,0,0,1191,0,0,0,0,0,0,0,0,0,0,0,0,0,0,0,0,0,0,0,0,0,0,0,0,0,0,0,0,0,0,0,0,0,0,0,0,0,0,0,0,0,0,0,71,0,0,25,0,0,0,0,0,0,0,0,0,0,0,0,0,0,0,0,0,0,0,0,0,0,0,0,0,0,0,0,0,0,0,0,0,0,0,0,0,0,0,0,0,0,0,0,0,0,0,0,0,0,0,437,0,0,0,14,0,0,0,0,0,0,0,0,0,0,0,0,0,0,0,0,0,0,0,0,0,0,0,0,0,0,0,0,0,0,0,0,0,0,0,0,0,2,0,0,0,0,0,0,0,0,0,0,0,0,0,0,0,0,0,0,0,0,0,0,0,0,0,0,0,0,0,0,0,0,0,0,0,0,0,0,0,0,0,0,0,0,0,0,0,0,472,0,0,0,0,0,0,0,0,0,0,0,0,0,0,0,0,0,0,0,0,0,0,0,0,0,0,0,0,0,0,0,0,0,0,16,0,0,0,0,0,0,0,0,0,0,0,0,0,0,0,0,0,0,0,0,0,0,0,55,0,0,0,0,0,0,0,0,0,0,0,0,0,0,0,0,0,0,0,0,0,0,0,0,0,0,0,0,0,0,0,0,0,0,0,0,0,0,0,0,0,0
"D178",0,0,0,0,0,0,0,0,0,0,0,0,0,0,0,0,0,0,0,0,0,0,0,0,0,0,0,0,0,0,0,0,0,0,0,0,0,0,0,0,0,0,0,0,0,0,0,0,0,0,0,0,0,0,0,0,0,0,0,0,0,0,0,0,0,0,0,0,0,0,0,0,0,0,0,0,0,0,0,0,0,0,0,0,0,0,0,0,0,0,0,0,0,0,0,0,0,0,0,0,0,0,0,0,0,0,26,0,0,0,0,0,0,0,0,0,0,0,0,0,0,0,0,0,0,0,0,0,0,0,0,0,0,0,0,0,0,0,0,0,0,0,0,0,0,0,0,0,0,0,0,0,0,0,0,0,0,0,0,0,0,0,0,0,0,0,0,0,0,0,0,0,0,0,0,0,0,0,0,0,0,0,0,0,0,0,0,0,0,0,0,0,0,0,0,0,0,0,0,0,0,0,0,0,0,0,0,0,0,0,0,0,0,0,0,0,0,0,0,0,0,0,0,122,0,0,0,0,0,0,0,0,0,0,0,0,0,0,0,0,0,0,0,0,0,0,0,0,0,0,0,0,0,0,0,0,0,0,0,0,0,0,0,0,0,0,0,0,0,0,0,0,0,0,0,0,0,0,0,0,0,0,0,0,0,0,0,0,0,0,0,0,0,0,0,0,0,0,0,0,0,0,0,0,0,0,0,0,0,0,0,0,0,0,0,0,18,0,0,0,0,0,0,0,0,0,0,0,0,0,0,0,0,0,0,0,0,0,0,0,0,0,0,0,0,0,0,0,0,0,0,0,0,0,0,0,0,0,0,0,0,0,0,0,0,0,0,0,0,0,0,0,0,0,0,0,0,0,0,0,0,0,0,0,0,0,0,0,0,0,0,0,0,0,0,0,0,0,0,0,0,0,0,0,0,0,0,0,0,0,0,0,0,0,0,0,0,0,0,0,0,0,0,0,0,0,0,0,0,0,0,0,0,0,0,0,0,2,0,0,0,0,0,0,0,0,0,0,0,0,0,0,0,0,0,0,0,0,0,0,0,0,0,0,0,0,0,0,0,0,0,0,0,0,0,0,0,0,0,0,0,0,0,0,0,0,0,0,0,0,0,0,0,0,0,0,0,0,0,0,0,0,0,0,0,0,0,248,0,0,0,0,0,0,0,0,0,0,0,0,0,0,0,0,0,0,0,0,0,0,0,0,0,0,0,0,0,0,0,0,0,0,0,0,0,0,0,0,0,0,0,0,0,0,0,0,0,0,0,0,0,3576,0,0,0,0,0,0,0,0,0,0,0,0,0,0,0,0,14,0,0,0,0,0,0,0,0,0,0,0,0,0,0,0,0,0,0,0,0,0,0,0,0
"D179",1,0,0,0,0,0,12,0,0,0,0,0,0,0,0,0,0,0,0,0,19,0,0,0,0,2,0,0,0,0,0,0,0,0,0,0,0,0,0,0,0,2,0,0,0,2,0,0,0,0,0,0,0,0,0,0,0,2,0,0,0,0,0,35,0,0,0,0,0,0,0,0,0,0,0,0,0,0,0,0,0,0,0,0,0,0,0,0,0,0,0,0,0,0,0,0,0,0,0,0,0,0,0,0,0,0,0,0,0,0,25384,0,14,0,0,0,0,0,0,0,0,0,0,0,0,0,0,0,0,0,0,0,0,0,0,0,2,0,0,0,0,0,0,0,0,0,0,0,0,0,0,0,0,0,0,12,0,0,0,0,0,0,0,0,0,0,80,0,0,0,0,0,0,0,0,0,0,0,0,0,0,0,0,58,0,0,10,1,0,0,0,0,0,0,0,0,0,0,0,0,0,0,0,0,0,0,0,0,0,0,0,0,0,0,0,2,2,0,0,0,0,0,0,0,0,0,0,0,0,0,0,0,0,18,0,0,0,0,0,0,0,0,0,0,0,0,0,0,0,0,0,0,0,0,0,0,0,0,18,0,0,3,0,0,0,0,0,0,0,0,0,0,0,0,0,3,0,0,0,0,0,6,8,0,0,0,0,0,0,0,0,0,0,0,0,0,0,0,0,0,0,0,0,0,0,6,0,0,0,0,0,0,0,0,0,0,0,0,0,0,0,0,0,0,0,0,0,0,0,0,0,0,0,0,0,0,0,0,0,0,0,0,6,0,0,0,0,0,0,0,0,0,0,0,0,0,0,0,0,0,0,0,0,0,0,0,0,0,0,0,6,0,0,0,0,0,0,0,0,0,0,0,0,0,0,2,0,0,0,0,0,0,0,0,0,0,0,0,0,0,0,0,0,0,0,0,0,0,0,0,0,0,0,0,0,0,0,0,0,0,0,0,0,0,0,0,0,0,0,0,0,0,0,0,0,0,0,0,0,0,0,0,0,0,0,0,0,0,0,2,0,2,0,0,0,0,0,0,0,0,0,0,0,0,0,2,0,0,0,0,0,0,0,0,0,0,0,0,0,0,0,0,0,0,0,0,0,0,0,0,0,0,0,0,0,0,0,0,0,0,0,0,0,0,0,0,0,0,0,0,0,0,0,0,0,0,0,0,0,0,0,0,2,0,0,0,5,0,0,0,0,0,0,0,0,0,0,0,0,0,0,0,0,0,0,0,0,0,0,0,0,0,0,0,0,0,0,0,0,0,0,0,0,0,0,0,0,6,0,9,0,0,0,0,0,0,0,0,0,0,0,2,0,0,0,0,0,0,0,0,0,0,0,0,0,0,0,0,0,0,3,0,0
"D180",0,0,0,0,0,0,0,0,0,0,0,0,0,0,0,0,0,0,0,0,0,0,0,0,0,0,0,0,0,0,0,0,0,1242,0,0,0,0,0,0,0,0,0,0,0,0,0,0,0,0,0,0,0,0,0,0,0,0,0,0,0,0,0,0,0,0,0,1572,0,0,0,0,0,0,0,0,0,0,0,0,0,0,0,0,0,0,0,0,0,0,0,0,0,0,0,0,0,0,0,0,0,0,0,0,0,0,0,0,0,0,119,0,0,0,0,0,0,0,0,0,0,0,0,0,0,0,0,0,0,0,0,0,0,0,0,0,40,0,0,0,0,0,0,0,0,74,0,0,0,0,8,0,0,0,0,89,0,0,0,0,0,0,0,0,0,0,0,0,0,0,0,0,0,0,0,0,0,0,0,0,0,0,0,1751,0,0,0,0,0,0,0,0,0,0,0,0,0,0,0,0,0,0,0,0,0,0,0,0,0,0,0,0,0,0,0,0,0,0,0,0,0,0,0,40,0,0,0,0,0,0,0,0,0,0,0,0,0,0,0,0,0,0,0,0,0,0,0,0,0,0,0,0,0,0,0,0,0,0,66,0,0,0,0,0,0,0,0,0,0,0,0,0,0,0,0,0,0,0,0,0,0,0,0,0,0,0,0,0,0,0,0,0,0,0,0,0,0,0,0,0,0,0,0,0,0,70,0,0,0,0,0,0,0,0,0,0,0,0,0,0,0,0,0,0,0,0,0,0,0,0,0,0,0,0,0,0,0,0,0,0,0,0,0,0,0,0,0,0,0,0,0,0,0,0,0,0,0,0,0,0,0,0,0,0,0,0,0,0,0,0,11,0,0,0,0,0,0,0,0,72,0,0,0,0,0,0,0,0,0,0,0,0,0,0,0,0,0,0,0,0,0,0,0,0,0,0,0,0,0,0,0,0,0,0,0,0,0,0,0,0,0,0,0,0,0,0,0,0,0,0,0,0,0,0,0,0,0,0,0,0,0,0,0,0,0,0,0,0,0,0,2,76,0,0,0,0,0,0,0,0,0,0,0,0,0,12,0,0,0,0,0,0,0,0,0,0,0,0,0,0,0,0,0,0,0,0,0,0,0,0,0,0,0,0,0,0,0,0,0,0,0,0,0,0,0,0,0,0,0,0,0,0,0,0,0,0,0,0,0,0,0,0,0,0,0,19,0,0,0,0,0,0,0,0,0,0,0,0,0,0,0,0,0,0,0,0,0,0,0,0,0,0,0,0,0,0,0,0,0,0,0,0,0,0,0,0,0,99,0,0,0,0,0,0,0,0,0,0,0,0,0,0,0,0,0,0,0,0,36,0,0,0,0,0,0,92,217,0,0,0,0,0,0
"D181",0,0,0,0,0,0,11,0,0,0,0,0,0,0,0,0,0,0,0,0,0,0,0,0,0,0,0,0,0,0,0,0,0,0,0,0,0,0,0,0,0,0,0,0,0,0,0,0,0,0,0,0,0,0,0,0,0,0,29,0,0,0,0,0,0,0,0,2400,0,0,0,0,0,0,0,0,0,0,0,0,0,0,0,0,0,0,0,0,0,0,0,0,0,0,0,0,0,0,0,0,0,0,0,0,0,0,0,0,0,0,16,0,14,0,0,0,0,0,0,0,0,0,0,0,0,0,0,0,0,0,0,0,0,0,0,0,0,0,0,0,0,0,0,0,0,0,0,0,0,0,0,0,0,0,0,0,0,0,0,0,0,0,0,0,0,0,0,0,0,0,0,0,0,0,0,0,0,0,0,0,0,0,0,523,0,0,0,0,0,0,0,0,0,0,0,0,0,0,0,0,0,0,0,0,0,0,0,0,0,0,0,0,0,0,0,0,0,0,0,0,0,0,0,0,0,0,0,0,0,0,0,0,0,0,0,0,0,0,0,0,0,2188,0,0,0,0,0,0,0,153,0,0,0,0,0,0,0,0,0,0,0,0,0,0,0,0,0,0,0,0,0,0,0,0,0,154,0,0,0,0,0,0,0,0,0,0,0,0,0,0,0,0,0,0,0,0,0,0,0,0,0,0,0,0,0,0,0,0,0,0,0,0,0,0,0,20,0,0,0,0,0,0,0,0,0,0,0,0,0,0,0,0,0,0,0,0,0,0,0,0,0,0,0,0,0,0,0,0,0,0,0,0,0,0,0,0,0,0,0,0,0,0,0,0,0,0,0,0,0,0,0,0,0,0,0,0,0,0,0,0,0,0,0,0,0,0,0,0,0,0,0,0,0,0,0,0,0,0,0,0,0,0,0,0,0,0,0,0,0,0,0,0,0,0,0,0,0,0,0,0,0,0,0,0,0,0,0,0,0,0,0,0,0,0,0,0,0,0,0,0,0,0,0,0,0,0,0,0,0,0,0,0,0,0,0,0,0,0,0,0,0,0,0,0,0,0,0,0,0,0,0,0,0,0,0,0,0,0,0,0,0,0,0,0,0,0,0,0,0,0,0,0,0,0,0,0,0,0,0,0,0,0,0,0,0,0,0,0,0,0,0,0,0,0,0,0,0,0,0,0,0,0,0,0,0,0,70,0,0,0,0,0,0,0,0,0,0,0,0,0,0,0,0,0,0,0,0,0,0,0,0,0,0,0,0,0,0,0,0,0,0,0,0,0,0,0,0,0,374,0,0,0,0,0,0,0,0,0,0,0,0,0,0,0,0,0,0,0,0,0,0,0,0,0,0,0,0,0,0,0,0,0,0
"D182",0,0,0,0,0,0,0,0,0,0,0,261,0,10,18,747,339,0,0,724,0,0,432,0,0,0,0,0,0,0,0,0,66,0,0,0,0,0,0,77,0,0,0,0,0,11,8,0,655,0,0,0,0,0,145,0,0,0,2,0,0,0,127,0,0,2,663,0,0,0,0,0,0,0,0,0,0,0,0,0,0,0,0,0,0,0,0,0,0,11,66,0,0,76,0,0,0,134,8,0,159,0,0,0,0,0,0,0,0,0,0,0,0,0,0,0,0,0,14,0,0,989,0,0,0,0,0,1446,0,0,0,0,0,0,0,0,0,0,0,0,0,0,0,4390,98,0,29,161,0,0,2,0,0,0,0,0,3,0,0,0,0,0,0,0,0,0,0,0,0,0,0,0,0,0,80,0,0,0,0,0,0,0,0,0,0,0,0,0,0,0,0,0,0,2043,0,0,0,0,0,194,37,0,0,0,0,0,0,0,0,0,54,0,10,0,0,0,0,0,0,0,0,0,0,0,410,0,0,0,0,0,0,0,37,80,29,0,0,0,0,0,0,0,0,18,0,0,30,0,7,0,0,0,0,0,903,0,0,0,0,0,0,0,0,0,0,0,0,0,0,0,0,0,0,0,0,0,0,0,0,0,2159,0,0,77,0,0,2,30,11,0,0,0,0,0,1117,0,0,0,0,44,0,0,0,0,0,0,224,0,0,0,0,0,0,0,0,0,0,0,0,0,0,0,0,0,0,0,0,0,0,0,1289,0,14,0,0,0,146,211,0,0,0,0,4,0,0,0,0,0,0,0,0,0,0,0,0,0,0,0,0,0,792,0,174,0,0,0,0,0,0,0,0,0,0,41,0,0,0,108,0,0,0,0,0,21,0,0,0,32,0,0,0,0,0,0,0,0,69,0,0,0,0,0,0,0,0,0,0,0,0,0,0,0,0,0,0,0,0,0,6,0,0,0,0,0,0,0,0,0,467,0,6258,0,0,0,0,0,0,0,0,0,0,0,0,0,0,28,77,0,0,0,11,0,0,0,0,4,129,0,0,0,0,0,0,0,0,0,0,0,0,0,0,0,0,672,0,0,0,0,0,0,0,0,0,0,0,0,119,0,380,0,0,0,0,177,27,0,0,3,0,0,0,0,0,0,0,0,0,0,0,0,0,2,20,0,0,0,0,0,0,0,333,0,0,0,0,0,0,0,0,0,0,0,0,5,0,0,0,0,0,0,0,0,0,0,0,0,40,0,193,0,0,0,0,0,0,0,0,0,0,0,0,0,0,0,0,0,0,0,14,0,0,0,0,0,0,12,0,0,8,163,0,0,163,0,0,1528,0,0,0,0,0,0,15,605,0,0,0,0,0,0,0,0,0
"D183",5,115,0,0,6,5,0,0,0,0,23,59,0,5,0,6,104,8,0,0,0,89,150,17,49,0,0,0,289,2,142,0,16,0,20,1,0,22,3,94,0,0,85,7,39,0,0,39,0,44,0,4,33,0,0,23,5,0,0,328,276,0,2,0,0,113,3,3,0,0,0,0,0,0,9,84,0,8,1,1,0,0,0,4,151,0,0,0,47,0,0,9,0,2,6,2,0,6,0,19,11,12,0,0,8,0,0,4,241,11,0,4,0,53,54,0,9,0,5,103,63,0,109,0,165,65,4,0,0,0,219,0,24,0,7,124,0,0,4,3,0,0,0,0,6,39,11,0,97,16,0,48,14,56,24,0,0,7,87,151,10,12,87,43,0,0,0,54,131,116,0,0,0,10,16,6,0,0,13,53,0,2,1,0,0,2,0,0,0,22,8,3,5,0,16,27,31,2,5,47,13,0,19,0,53,426,0,15,43,11,0,5,0,2,0,1,0,0,40,2,0,4,0,0,0,5736,0,229,4,0,0,0,0,0,4,0,45,73,141,0,2,0,0,0,0,0,38,82,0,0,62,2,5,5,12,8,0,0,0,0,13,0,0,67,0,0,19,28,28,12,5,57,0,0,47,6,101,34,0,22,604,0,9,28,24,1,0,0,17,3,49,0,0,56,135,0,79,14,0,26,11,0,151,54,63,0,0,24,72,19,31,0,56,24,4,0,0,5,0,0,106,53,7,107,14,7,0,56,27,6,13,86,30,18,32,38,28,603,0,7,8,0,2,540,0,59,17,18,0,38,34,111,184,0,12,0,20,7,0,21,0,0,4,59,11,0,211,2,0,2,8,4,4,0,262,0,49,43,187,0,0,104,0,2,0,2,388,0,4,2,131,2,31,0,13,46,1,9,0,0,0,0,4,2,165,26,0,0,0,20,0,118,34,6,0,0,50,13,0,0,57,3,15,21,0,64,11,20,0,0,34,0,0,0,0,1,23,0,0,0,1,23,0,117,61,0,0,230,0,0,15,2,0,337,2,0,0,8,0,32,0,109,0,1,19,0,31,15,3,62,9,0,0,40,41,0,0,0,6,0,0,295,0,16,27,0,0,0,11,140,0,4,4,2,0,9,0,5,0,29,0,0,0,67,0,2043,349,0,7,4,4,29,0,78,0,0,3,81,20,113,38,0,117,168,0,0,22,15,90,132,16,122,106,4,0,105,0,25,0,2,0,0,0,5,0,11,2,0,58,0,20,2,19,0,0,17,789,10,4,134,0,0,161,10,84,25,160,0,0,7,14,0,21,75,133,0,3,1,47,2,0,0,0,8,10,0,0,20,0,0,2,0,0,13,726,38,7,0,41,2,16,3,0
"D184",16,2,2,47,31,8,1349,0,11,0,0,0,0,0,0,0,0,0,0,0,38,127,4,0,0,16,0,0,0,0,0,11,87,0,15,0,0,0,0,0,0,0,0,0,0,3,0,0,0,11,159,4,46,2,52,0,0,15,16,0,0,3,0,37,0,0,16,9,0,139,3,0,0,0,0,1,0,0,2,16,0,3,0,7,0,0,13,0,10,0,0,0,3,0,0,0,0,4,0,0,0,0,0,10,0,23,4,2,0,0,3182,0,9885,0,0,41,0,56,0,0,0,9,0,2,0,0,2,0,1,21,0,37,65,2,0,2,29,0,0,54,0,1,24,0,0,14,0,14,2,0,0,0,17,12,0,37,0,0,0,0,0,7,2,5,270,0,610,2,0,0,0,0,0,83,14,0,85,0,0,79,0,2,0,0,0,0,43,32,3,0,0,0,0,0,0,0,0,1,0,1,3,0,0,0,0,9,2,0,0,0,21,8,0,7,0,8,84,19,0,0,2,0,0,9,0,0,0,7,0,3,0,0,0,1905,0,8,2,0,4,3,5,0,3,0,0,5,0,0,0,6,4,1,0,0,0,6,0,0,387,5,0,376,0,0,1,0,0,0,0,0,0,0,255,6,0,35,0,0,1,0,25,16,254,4,0,81,216,0,0,7,0,24,0,0,0,0,0,0,0,0,0,5,0,0,83,19,0,10,4,5,0,5,3,7,0,171,24,0,93,0,0,0,0,0,0,0,20,0,0,0,0,0,0,0,0,0,0,14,0,15,0,0,131,0,23,0,19,0,92,9,13,0,0,0,0,0,6,0,1,0,0,9,0,0,0,25,2,9,1,4,11,2,0,0,0,0,0,0,0,33,16,0,0,0,0,0,0,0,0,0,0,0,0,0,0,0,15,0,0,0,0,4,0,2,0,0,0,0,4,0,5,6,0,0,23,0,0,0,2,0,0,2,0,0,0,0,0,0,0,15,0,0,0,0,0,0,17,0,6,0,96,0,0,0,0,7,0,0,0,77,24,351,0,0,4,0,2,0,0,0,197,0,8,0,151,40,0,0,0,0,0,0,7,16,0,7,0,0,2,76,47,0,0,3,0,45,0,10,2,0,0,0,0,0,2,7,0,3,0,0,0,12,20,0,0,0,0,0,3,0,0,0,8,0,2,6,0,0,0,0,13,0,81,0,47,3,150,0,9,4,0,0,0,0,8,0,30,0,8,17,3,2,0,0,6,0,2,0,4,0,0,3,0,0,0,0,3,0,2,0,17,0,0,0,0,0,15,0,0,102,0,0,0,0,0,0,0,0,49,0,0,8,0,0,0,0,0,0,14,0,0,0,0,0,6,4,2,0,0,16,1191,0,6
"D185",0,0,0,0,0,0,0,0,0,0,0,0,0,0,0,0,0,0,0,0,0,0,0,0,0,0,0,0,0,0,0,0,0,80,0,0,0,0,0,0,0,0,0,0,0,0,0,0,13,0,0,0,3,0,0,0,0,0,0,0,0,0,0,0,0,5,0,0,0,0,0,0,0,0,0,0,0,0,0,0,0,0,0,0,0,116,0,0,0,8,0,0,0,0,0,0,0,0,0,0,0,0,0,18,0,0,0,0,0,0,5,0,0,0,0,0,0,0,0,0,0,0,0,0,0,0,0,0,0,0,0,0,0,0,0,0,0,0,0,0,0,0,0,2,0,0,0,0,0,0,2,0,0,1,0,0,0,0,0,0,0,0,0,0,0,0,0,0,0,0,0,0,0,0,0,0,0,0,0,0,0,0,0,5,410,0,0,0,0,0,0,0,0,15,0,0,0,0,0,0,0,0,0,0,0,0,0,0,0,0,0,0,0,0,0,0,0,0,0,0,0,0,0,0,25,0,0,0,0,0,0,0,0,0,0,0,0,0,0,0,0,0,0,0,0,0,0,0,0,0,0,0,0,0,0,0,0,0,0,0,0,0,0,0,0,0,0,0,0,0,0,0,0,0,0,0,0,0,0,0,0,0,0,0,0,0,0,0,0,0,0,0,211,0,0,0,0,0,0,0,0,0,0,0,0,0,0,0,0,0,0,0,0,0,0,0,0,0,0,0,0,0,0,0,0,0,0,0,0,0,0,0,0,0,0,0,0,0,0,0,0,0,0,0,0,0,0,0,0,0,0,0,0,0,0,0,0,0,0,0,0,0,0,0,0,0,0,0,0,0,0,0,0,0,0,0,0,0,0,0,0,0,0,0,0,0,0,28,0,0,0,0,0,0,0,0,0,0,122,48,1,0,0,0,0,0,0,0,0,0,0,0,0,0,0,0,0,0,0,0,2,0,0,0,0,0,0,0,0,0,13,0,0,0,0,0,0,0,0,0,0,0,0,0,0,0,0,0,0,0,0,0,0,0,0,0,0,0,0,0,0,0,0,0,0,0,0,0,0,0,0,0,0,0,0,0,0,1284,0,0,0,0,0,0,0,0,0,0,0,0,0,0,0,0,3,0,0,58,6,0,0,0,0,0,0,0,0,0,0,0,0,0,0,0,0,0,0,0,0,0,0,0,0,0,0,0,0,0,0,0,0,0,0,0,0,0,0,0,0,0,0,0,0,0,0,0,0,0,0,0,0,0,0,91,0,0,0,0,0,0,0,0,0,0,0,0,0,0,0,0,0,0,0,0,0,0,0,0,0,0,0,0,0,0,0,0,0,0,0,0,0,0,0,0,0,0,0,0,0,0,0,0,0
"D186",0,0,0,0,0,0,0,2,0,0,0,0,0,0,8,3,3,3,3,0,1,0,0,0,0,0,74,0,0,0,0,0,40,732,0,5,41,0,0,0,1,0,0,6,0,0,3,0,2,0,0,4,0,199,10,0,0,0,0,0,0,0,3,0,9,0,2,0,0,0,0,439,6,0,0,0,0,21,6,0,235,0,0,0,0,19,365,4,0,12,0,0,2,10,4,0,0,0,0,0,7,0,435,77,2,0,0,0,0,0,0,0,0,0,0,0,0,0,1,4,0,6,3,0,0,0,7,1529,0,0,0,0,0,0,0,5,0,0,4,0,1,0,0,0,1,0,0,3,7,3,0,0,0,2,0,5,13,0,0,0,0,0,0,0,0,2,0,0,9,0,6,10,3,0,0,2,0,4,0,0,7,0,30,0,0,0,0,0,0,0,2,0,5,0,0,0,4,0,0,0,0,0,2,0,0,0,0,0,0,4,0,0,0,0,1,0,0,0,0,0,0,0,0,0,0,0,0,0,0,0,107,2,9,0,0,0,0,0,0,0,0,0,0,7,13,0,0,1,7,0,0,0,0,25,3,0,0,0,0,0,0,0,0,0,3,0,0,0,0,0,0,1,0,0,0,0,0,0,0,0,34,0,0,4,0,0,13,0,0,0,0,0,0,0,0,32,0,0,0,21,0,0,11,0,3,0,2,0,4,0,6,0,0,0,0,0,0,0,0,3,0,0,0,0,0,0,5,0,0,0,6,0,28,3,0,0,0,0,401,48,0,16,2,0,0,0,8,0,0,0,0,0,0,0,0,0,0,0,0,0,0,0,30,0,0,0,0,0,113,0,0,0,0,5,0,0,0,5,0,0,0,0,0,7,216,1,0,0,43,12,0,0,0,4,0,0,5,0,1504,0,0,0,0,13,0,0,0,0,0,0,0,0,6,0,0,2050,0,0,0,0,0,0,0,0,2,0,0,0,9,0,0,5,931,7,101,0,155,0,0,3,0,0,15,0,0,0,4,0,3,0,0,0,0,0,0,25,9,0,0,0,0,0,0,0,7,0,4,0,0,0,0,0,0,177,0,0,709,0,0,0,0,0,0,0,0,1,2,0,2,0,5,0,0,0,10,0,0,4,172,0,57,0,22,0,490,2,0,0,0,0,2,0,0,5,21,0,3,0,0,0,0,15,0,2,0,0,0,0,0,14,0,0,0,4,4,0,0,0,0,0,0,3,72,0,0,0,0,0,11,220,8,0,0,585,3,0,0,0,0,0,0,0,11,0,4,3,19,0,0,17,0,0,0,0,0,8,0,0,0,4,1,0,0,0,0,0,9,0,0,0,158,34,5,0,3,0,0,9,0,107,0,0,0
"D187",0,0,0,0,0,33,0,0,0,0,0,0,0,0,0,0,0,0,0,0,0,0,0,0,0,0,0,0,0,0,0,0,91,0,0,0,0,0,0,0,0,0,0,0,0,0,0,0,132,0,0,0,0,0,0,0,0,0,0,0,0,0,0,0,0,0,0,0,0,3266,0,0,0,0,0,0,0,0,4,0,0,0,0,0,0,0,0,0,0,0,0,0,0,0,0,0,0,0,0,0,0,0,0,1,0,0,0,0,0,0,0,0,0,0,0,6,0,0,0,0,0,0,0,0,0,0,2,0,0,0,0,0,0,0,0,0,0,0,0,0,0,0,0,0,0,0,0,18,0,0,0,0,0,0,0,0,0,0,0,0,0,0,0,0,2779,0,0,0,0,0,0,0,0,126,0,0,5,0,0,0,0,0,0,0,0,0,60,0,0,0,0,0,0,0,0,0,0,0,0,0,0,0,0,0,0,0,0,0,0,0,8,0,0,0,39,1,0,0,0,0,0,0,0,0,0,0,0,0,0,0,0,0,0,0,0,8,0,0,0,0,0,0,0,0,0,0,0,0,0,0,93,0,0,0,0,0,315,0,0,0,0,0,0,0,0,0,0,0,0,0,0,0,343,0,0,0,0,0,0,0,17,0,25,0,0,0,20,0,0,0,0,0,0,0,0,0,0,0,0,0,0,0,0,0,11,0,0,0,0,0,0,0,0,0,0,0,0,0,0,0,0,0,0,0,0,0,0,0,0,0,0,0,49,0,0,0,0,0,0,3,0,0,30,0,0,0,0,0,389,0,0,0,0,0,0,0,0,0,0,0,0,0,0,0,0,0,0,0,0,0,0,0,0,0,0,0,0,0,0,0,0,0,0,0,3,0,0,0,0,0,0,0,0,0,0,0,33,0,0,0,0,0,0,0,0,0,0,0,0,0,0,0,0,0,0,0,0,0,0,0,0,0,0,0,0,0,0,0,0,0,0,0,0,0,0,0,2,0,2,0,0,0,0,0,0,0,0,0,0,0,0,842,0,0,0,0,0,0,0,0,103,0,0,0,110,0,0,0,0,0,0,0,0,0,0,0,0,0,0,0,0,0,90,0,0,0,0,0,2,0,0,0,0,0,0,54,0,0,0,0,0,0,0,0,0,0,0,0,0,0,0,0,0,0,0,0,0,0,0,0,0,0,0,0,0,0,0,0,0,0,0,0,0,0,0,0,0,0,0,0,0,0,0,0,0,0,0,0,0,0,0,0,0,0,0,0,0,0,0,0,0,0,0,0,0,0,0,0,0,40,0,0,0,0,0,0,0,0,0,0,0,0,0,0,0,0,0,0,0,0,0,0,0,0,0,0,0,0,0,2,0,0,0
"D188",0,6,1,0,0,0,2,84,0,64,0,0,0,11,0,164,3166,3,2,48,9,0,2,26,0,0,7,0,0,2,308,0,79,77,0,0,24,0,0,0,20,0,1,9,0,9,1096,0,43,0,0,16,0,2,0,0,0,0,0,50,0,0,270,0,490,0,168,0,0,0,0,140,48,0,0,0,13,0,0,0,480,0,0,6,226,38,0,176,0,45,64,0,0,3,99,0,0,0,30,72,35,0,165,0,0,0,0,0,1035,0,0,0,0,0,0,0,0,0,33,0,0,7,4,0,0,0,1,2703,25,0,0,0,0,0,0,0,0,20,0,0,8,37,0,182,116,0,20,0,594,0,4,0,0,0,0,2,115,4,9,0,0,0,0,0,0,0,0,0,162,0,0,5,0,0,0,0,0,0,0,0,0,0,0,0,0,0,0,2,0,0,0,0,0,228,240,0,0,0,5,0,0,36,0,0,0,0,0,0,0,0,0,0,1,0,0,0,0,0,0,0,28,0,41,0,107,0,0,0,0,0,91,0,0,0,203,0,0,0,0,0,0,0,0,88,0,0,0,0,51,0,7,0,0,5,340,0,0,0,7,0,0,0,118,0,0,0,8,82,0,0,0,0,0,0,0,0,1,0,0,0,3072,0,0,14,0,0,4,50,0,0,0,0,0,0,446,0,0,0,0,78,0,0,0,0,6,0,43,7,0,0,0,0,0,0,11,0,0,6,0,0,0,0,0,0,0,0,0,0,0,0,27,3,0,0,0,0,8,0,145,0,0,13,8,0,0,57,0,0,6,0,0,0,0,0,0,0,0,0,0,0,92,0,3,0,9,0,8,0,26,0,0,0,0,255,0,0,0,2432,0,0,0,0,24,100,31,5,0,38,29,58,0,0,0,45,0,0,3,11,200,13,0,3,10,17,0,0,3,0,0,2,0,0,0,146,0,266,282,0,34,0,0,0,0,0,0,20,20,0,0,0,111,13,256,3,28,198,0,0,0,2,0,0,80,0,0,0,15,0,68,0,0,0,0,0,0,61,728,0,721,0,0,0,0,50,0,0,0,0,0,0,0,0,0,414,0,5,209,586,0,0,0,0,0,0,0,333,0,0,0,0,0,0,0,38,79,0,0,141,13,0,12,0,0,0,46,207,2,0,0,17,0,0,0,0,347,0,0,14,1,61,0,31,0,0,0,0,0,0,0,0,0,11,0,11,0,0,0,0,6,0,0,0,249,13,14,0,0,0,1490,147,2,0,0,1164,0,0,0,22,0,0,0,0,0,0,0,0,286,66,3,6,21,43,0,0,0,158,0,0,0,5,0,0,1,0,0,9,3,82,0,462,22,7,28,2,106,0,10,0,0,0,0,0,0
"D189",0,22,5,0,0,0,1,9,0,15,0,0,0,2,11,6,10,1,19,0,2,0,0,5,0,0,0,22,0,0,73,0,29,192,0,0,0,2,3,2,0,0,0,5,0,2081,6,2,1,0,0,58,2,11,0,0,3,0,0,0,0,14,8,0,2533,0,83,0,0,0,18,0,0,0,0,1,2,67,0,0,0,0,0,0,9,34,102,8,0,28,1,0,0,2,9,0,0,4,6,9,25,7,0,13,5,0,0,15,13,0,4,0,0,0,4,0,0,0,0,10,0,6,2,0,0,5,0,877,6,0,0,0,0,0,0,2,0,0,4,0,0,0,0,78,41,0,0,11,20,4,0,0,0,30,0,29,263,0,2,0,0,0,0,0,0,8,0,2,65,0,0,8,3,43,0,0,0,5,0,25,0,0,12,0,0,3,0,0,0,6,0,0,16,37,0,0,15,0,0,3,0,0,10,0,0,4,0,0,0,22,0,0,0,0,8,0,0,0,0,0,15,0,0,0,2,0,4,0,0,0,0,0,10,0,2,1,0,0,0,0,3,0,0,405,5,0,0,8,15,0,2,0,10,14,21,0,0,0,0,0,0,4,0,3,2,23,0,10,0,3,0,0,0,2,6,0,0,0,0,0,45,0,2,0,1,0,18,23,0,4,0,0,0,0,122,2,0,0,0,52,0,3,12,0,18,0,40,0,0,0,0,0,0,0,1,0,0,0,0,12,0,2,2,0,0,0,2,0,0,5,18,5,400,5,0,0,1,0,120,28,0,0,75,0,0,3,56,0,2,0,3,0,15,0,0,0,0,0,0,5,4,0,29,4,4,0,2,0,15,0,0,0,0,10,1,0,0,70,0,0,3,0,10,7,0,0,0,2,26,27,20,3,0,5,0,0,39,0,0,32,20,4,0,2,4,1,0,0,0,3,0,0,1,2,0,58,0,0,0,0,5,0,4,4,37,0,2,0,17,0,2,3,2,12,0,25,35,0,0,1,0,0,0,0,6,0,12,0,15,147,1,0,0,0,0,0,50,0,12,0,0,0,0,4,49,0,0,0,1,0,6,2,0,59,0,0,6,0,0,0,0,0,1,2,8,16,2,0,35,8,0,0,0,0,40,2,0,19,17,0,4,0,4,0,2,34,0,0,0,17,8,2,0,2,2,0,11,5,8,0,0,141,0,0,0,0,0,0,45,44,0,0,0,4,0,0,0,0,0,0,0,0,2,0,0,0,0,41,11,0,5,0,0,72,24,6,0,2,0,17,0,0,0,3,2,0,88,0,0,0,0,15,0,0,0,66,1,3,0,13,5,2,4,0,0,7,5,3,0,0,21,58,6,0,28,0,0,5,0,0,0,0,0
"D190",0,0,0,0,0,0,0,0,0,0,0,0,0,0,0,0,0,0,0,0,0,0,0,0,0,0,0,0,0,0,0,0,0,0,0,0,0,0,0,0,0,0,0,0,0,0,0,0,0,0,0,0,0,0,33,0,0,0,0,0,0,0,0,0,0,0,0,0,0,0,0,0,0,0,0,0,0,0,0,0,0,0,0,0,0,0,0,0,0,0,0,0,0,0,0,0,0,0,0,0,0,0,0,0,0,0,0,0,0,0,0,0,0,0,0,0,0,0,0,0,0,0,0,0,0,0,0,0,0,0,0,0,0,0,0,0,0,0,0,0,0,0,0,0,0,0,0,0,0,0,0,0,0,0,0,0,0,0,0,0,0,0,0,0,0,0,0,0,0,0,0,0,0,0,0,0,0,0,0,0,0,0,12,0,0,0,0,0,0,0,0,0,0,0,0,0,0,0,0,0,0,0,117,0,0,0,0,0,0,0,0,0,0,0,0,0,0,0,0,0,0,0,0,107,0,3,0,0,0,0,0,0,0,0,0,0,0,0,0,0,0,0,0,0,0,0,0,0,171,0,0,0,0,0,0,0,0,0,0,0,0,0,0,0,0,0,0,0,0,0,0,0,0,0,0,0,0,0,0,0,0,0,0,0,0,0,0,0,0,234,0,0,0,0,0,0,0,0,0,0,0,0,0,0,0,0,0,0,0,0,0,0,0,0,0,0,1,0,0,0,0,0,0,0,0,0,0,0,0,0,0,0,0,0,0,0,0,0,0,0,0,0,0,0,0,0,0,0,0,0,0,0,0,0,0,0,0,0,0,0,0,0,0,0,0,0,0,0,0,0,0,0,0,0,0,0,0,0,0,0,0,0,0,0,0,0,0,0,0,0,0,0,0,0,0,0,0,0,0,0,0,0,0,0,0,0,0,0,0,0,0,0,0,0,0,0,0,0,0,0,0,0,0,0,0,0,0,0,0,0,0,0,0,0,0,0,0,0,0,0,0,0,0,0,0,0,0,0,0,0,0,0,0,0,0,0,0,0,0,0,0,0,0,0,0,0,0,0,0,0,0,0,3,0,0,0,0,0,0,0,0,0,0,0,0,0,0,0,0,0,0,0,0,0,0,0,0,0,0,0,0,0,0,0,0,0,0,0,0,0,0,0,0,0,0,0,0,0,0,0,0,0,0,0,0,0,0,0,0,0,0,0,0,0,0,0,0,0,0,0,0,0,0,0,0,0,0,0,0,0,0,0,0,0,0,0,0,0,0,0,0,0,0,0,0,0,0,0,0,0,0,0,0,0,0,0,0,0,0,0,0,0,0,0,0,0,0,0,0,0,0,0,0,0,0,0,0,0,0,0,0,0,0
"D191",11,0,0,13,5,0,2,0,25,0,0,0,0,0,0,0,0,0,2,0,3,0,0,0,0,4,0,0,0,0,0,3,14,0,0,0,0,0,0,0,0,4,0,0,0,0,0,0,0,0,70,0,22,0,3,0,0,9,12,0,0,0,2,14,0,0,3,0,0,6,0,0,0,0,0,0,0,0,0,5,0,0,0,6,0,0,0,0,2,0,0,0,0,0,0,0,0,0,0,0,0,0,0,0,0,0,0,3,0,0,467,0,3233,0,0,16,6,10,0,4,0,0,0,2,0,0,0,0,0,5,0,4,27,0,0,0,4,0,0,14,0,6,7,0,0,6,0,0,0,0,0,5,4,5,0,4,0,0,0,0,0,7,0,0,58,4,304,0,0,2,0,0,0,32,0,0,4,0,0,5,0,0,0,0,0,0,5,6,0,0,0,0,0,0,0,0,0,0,0,0,0,0,0,0,0,2,0,0,0,0,2,9,4,4,0,0,40,4,0,0,0,0,0,37,0,0,0,0,0,1,0,0,0,40,0,0,0,0,4,11,0,0,6,0,0,0,0,0,0,2,2,0,3,0,0,11,0,0,89,0,0,50,0,0,2,0,0,0,0,0,0,0,0,0,0,0,0,0,0,0,12,10,13,0,0,17,21,0,0,0,0,4,0,0,0,0,0,0,0,0,0,0,0,0,4,30,0,0,7,1,0,10,6,0,0,34,48,0,16,0,3,0,0,0,0,0,4,0,0,0,0,0,150,2,0,0,0,3,0,0,0,0,2,0,2,0,1,0,0,0,2,0,0,19,3,0,9,0,1,0,0,3,0,0,0,5,0,7,0,12,3,0,0,0,0,0,0,0,0,119,5,0,0,0,0,3,0,0,0,0,3,0,0,0,0,0,1,0,0,0,0,0,0,0,2,0,2,0,0,0,0,0,0,0,0,0,0,0,0,0,0,0,0,0,0,0,0,0,0,10,0,0,0,0,0,0,0,0,3,3,17,0,0,0,0,0,0,0,0,0,3,0,0,0,0,0,0,0,0,0,10,0,0,0,25,7,0,0,0,0,0,5,10,9,0,0,0,0,0,34,1,0,1,0,0,12,0,49,0,0,0,0,0,0,2,0,6,0,0,0,0,24,14,0,0,4,0,3,1,0,0,0,6,0,0,5,0,0,0,0,8,0,11,0,1187,0,28,0,5,2,0,0,0,0,0,0,6,1,2,7,0,6,0,0,0,0,0,0,0,0,0,0,0,0,0,0,0,0,0,0,1,0,0,0,0,0,4,0,1,7,0,0,0,0,0,0,0,0,0,0,0,0,0,0,0,0,0,0,7,0,0,0,0,0,0,2,0,0,0,6,49,2,2
"D192",0,0,0,2,0,0,0,2,0,0,0,0,0,0,0,0,0,0,3,0,0,0,0,0,0,0,10,0,0,0,0,0,0,0,0,0,0,0,0,0,0,0,0,7,0,0,0,0,0,0,0,1,0,2,0,0,0,0,0,0,0,0,0,0,0,0,0,0,0,0,0,20,50,0,2,0,0,0,0,0,16,4,0,0,0,82,0,20,0,97,0,0,0,0,3,0,23,12,0,0,0,0,3,2,0,0,0,0,0,0,0,0,0,0,0,0,0,0,240,0,0,0,0,0,0,0,0,140,0,0,0,0,0,0,0,0,0,3,0,0,0,0,0,0,0,0,0,0,3,0,0,0,0,0,0,0,0,0,0,0,0,0,0,0,0,0,5,0,0,0,273,0,0,0,0,0,0,0,0,0,3,0,10,0,10,0,0,0,0,0,0,0,3,0,0,0,7,0,0,0,0,9,2,0,0,0,0,0,0,0,0,0,0,0,0,0,0,0,0,0,2,0,0,0,0,0,17,0,0,0,28513,3,597,0,0,0,0,0,0,0,0,0,0,0,0,0,0,2,2,0,0,0,0,60,0,0,0,0,0,0,0,0,0,0,0,0,0,0,0,0,0,0,0,11,0,0,0,0,0,0,0,0,0,0,0,0,0,13,0,0,0,0,0,0,0,10,0,0,0,12,0,0,0,0,0,0,0,0,0,0,0,0,0,0,0,0,0,0,0,0,0,0,0,0,0,0,0,0,0,0,0,0,0,0,0,0,0,0,13,0,0,0,0,0,0,0,5,0,0,0,0,0,0,0,0,0,0,0,0,0,0,0,3,2,0,0,0,0,32,0,0,0,0,0,0,0,0,0,0,0,0,0,0,0,0,0,0,0,0,3,2,0,0,0,0,0,0,0,64,0,10,0,9,0,3,0,21,0,0,0,0,0,0,0,0,0,0,0,0,0,0,0,0,0,97,0,0,0,0,0,0,24,5,2,2,0,16,0,0,0,0,0,22,0,0,0,13,0,0,18,0,0,0,0,0,0,0,0,0,0,0,0,0,0,0,0,0,0,0,0,0,0,0,0,0,1,11,18,0,0,0,0,0,0,0,0,0,0,0,2,0,0,0,0,0,0,0,0,10,0,2,0,0,0,7,2,0,0,0,0,0,0,0,0,592,0,2,0,0,0,0,0,0,0,0,0,2,0,0,7,0,0,0,3,0,0,0,0,0,0,0,0,386,0,0,0,0,0,0,17,0,0,0,0,6,0,0,0,0,0,0,0,0,0,0,0,0,0,0,0,0,0,0,0,0,0,0,0,0,0,0,0,0,0,0,0,18,0,0,25,116,15,0,0,0,0,0,17,0,0,0,0,0
"D193",0,0,0,0,0,0,835,0,0,0,0,0,0,0,0,0,0,0,0,0,2,0,0,0,0,0,0,0,0,0,0,0,7,0,0,0,0,0,0,0,0,0,0,0,0,0,0,0,0,0,0,0,0,0,0,0,0,0,0,0,0,1706,0,0,0,0,0,0,0,0,0,0,0,0,0,0,0,0,0,0,0,0,2,0,0,0,0,0,0,0,0,0,0,0,0,0,0,0,0,0,0,0,0,0,0,0,0,0,0,0,0,0,0,0,0,7,0,0,0,0,0,0,0,0,0,0,0,0,0,0,0,0,0,0,0,0,0,0,0,0,0,0,0,0,0,0,0,0,0,0,42,0,0,0,0,0,0,0,0,0,0,61,0,0,0,0,0,0,0,0,0,0,0,226,0,0,0,0,0,47,0,0,0,29,0,0,0,0,0,0,0,0,0,0,0,0,0,0,0,0,0,0,0,0,0,0,13,0,0,0,0,0,0,0,11,0,0,0,0,0,0,0,0,0,0,0,0,0,0,0,0,0,0,17,0,3,0,0,0,0,171,0,0,0,0,70,0,0,0,0,0,0,0,0,0,0,2679,0,0,0,0,0,0,0,0,0,0,0,0,0,0,0,0,0,0,0,0,0,0,0,3,0,1,0,0,0,3,0,0,0,0,0,17,0,0,0,0,0,0,0,0,0,0,0,185,0,0,0,0,0,0,0,0,0,0,0,0,0,0,0,0,0,0,0,0,0,299,0,0,0,0,0,57,0,0,0,0,0,0,0,0,0,144,0,0,0,18,0,0,0,0,0,0,0,0,0,0,0,0,0,0,46,0,0,0,0,0,0,0,0,0,0,0,0,0,0,0,0,0,0,2,0,0,0,0,0,0,0,0,0,0,0,0,0,0,0,0,0,0,0,0,0,0,0,0,0,0,0,0,0,0,0,0,0,0,0,0,0,0,0,0,0,0,0,0,0,0,0,0,0,0,0,0,0,0,0,0,0,0,0,0,0,0,0,0,0,0,0,0,0,115,1272,0,0,0,0,0,0,0,0,0,0,0,0,42,0,0,0,0,0,0,29,0,0,0,0,0,0,0,0,0,0,0,0,0,0,0,0,0,0,0,0,0,0,0,600,0,0,0,0,0,0,0,0,0,0,0,0,0,0,0,0,0,0,0,5,0,0,0,0,0,0,0,0,9352,0,0,0,0,0,0,0,0,0,0,0,0,0,0,0,0,0,0,0,0,0,0,0,0,0,0,0,0,0,0,0,0,0,0,0,0,0,0,0,0,0,0,0,0,0,0,0,0,0,0,0,0,0,3238,0,0,0,0,0,0,0,0,0,0,0,0,0,0,0,0,0,0,0,0,0,5,0,0
"D194",0,0,0,0,0,0,0,0,0,0,0,0,0,0,0,0,0,0,0,0,0,0,0,0,0,0,2,0,0,0,0,0,0,450,0,0,0,0,0,0,0,0,0,0,0,0,0,0,0,0,0,0,0,0,0,0,0,0,0,0,0,0,0,0,0,0,0,0,0,0,0,0,0,0,0,0,0,0,0,0,0,0,0,0,0,0,0,0,0,0,0,0,0,0,0,0,563,0,0,0,0,0,0,0,0,0,0,0,0,0,0,0,0,0,0,0,0,0,0,0,0,0,0,0,0,0,0,0,0,0,0,0,0,0,0,0,0,0,0,0,0,659,0,0,0,0,0,0,0,0,0,0,0,0,0,0,0,0,0,0,0,0,0,0,0,0,0,0,0,0,0,0,0,670,0,0,0,0,0,0,0,0,0,0,0,0,0,0,0,0,0,0,0,0,0,0,0,0,0,0,0,0,0,0,0,0,0,0,0,0,0,0,0,0,0,0,0,0,0,0,0,0,0,0,0,0,0,0,0,0,0,0,0,0,0,0,0,0,0,0,0,0,0,0,0,0,0,0,0,0,0,0,0,0,0,0,0,0,0,0,0,0,0,0,0,0,0,0,0,0,0,0,0,0,0,0,0,0,0,0,0,0,0,0,0,0,0,0,0,0,0,0,0,0,0,0,0,0,0,14949,0,0,0,0,0,0,0,0,0,0,0,0,0,0,0,0,0,0,0,0,0,0,0,0,0,0,0,0,0,0,0,0,0,0,0,0,0,0,1,0,0,0,0,0,0,0,0,0,0,0,0,0,0,0,0,0,0,0,0,0,0,0,0,0,0,0,0,0,0,0,0,0,0,0,0,0,0,0,0,0,0,0,0,0,0,0,0,0,0,0,0,0,0,0,0,0,0,0,184,0,0,0,0,0,0,0,0,0,0,0,0,0,0,0,0,0,0,0,0,0,0,0,0,0,0,0,0,0,0,0,0,0,0,0,0,0,0,0,0,0,0,0,0,0,0,0,0,0,0,0,0,0,0,0,0,0,0,0,0,0,0,0,0,0,0,0,0,0,0,0,0,0,0,0,0,0,0,0,0,0,0,0,0,0,0,0,0,0,0,0,0,0,0,0,0,0,0,0,0,0,0,0,0,0,0,0,0,0,0,0,0,0,0,0,0,0,0,0,0,0,0,0,0,0,0,0,0,0,0,0,0,0,0,0,0,0,0,0,0,0,0,0,0,0,0,0,0,0,0,0,0,0,0,0,0,0,0,0,0,0,0,0,0,0,0,0,0,0,268,0,0,0,0,0,0,0,0,0,0,0,0,0,0,0,0,0,0,0,0,0,3,0,0,0,0,0,0,0,0,0,0,0,0
"D195",0,0,0,259,0,0,0,0,5,0,0,0,0,0,0,0,0,0,0,0,5,0,0,0,0,103,0,0,20,0,0,3,0,4,0,0,22,0,0,0,0,0,0,0,0,31,0,0,0,0,0,3,64,0,0,0,0,0,0,0,0,20,0,9,0,0,0,21,0,0,0,0,0,174,0,0,0,0,0,0,0,0,0,0,0,0,0,0,0,0,0,0,0,0,0,14,0,0,0,0,0,0,0,0,0,280,3,0,0,0,2103,0,72,0,0,0,0,657,0,0,0,0,0,111,0,0,0,0,0,83,0,153,0,48,0,0,59,0,0,0,0,0,85,0,0,0,0,0,0,0,0,2,0,4,0,126,0,0,0,0,0,1,0,0,4,0,997,0,0,0,0,0,0,97,0,0,0,0,0,0,0,0,0,1486,0,0,0,0,0,0,0,0,0,0,0,0,0,8,0,0,0,0,0,99,0,0,0,0,0,0,0,0,0,0,2,0,0,194,0,0,0,0,0,28,0,0,0,0,0,0,0,0,0,0,0,0,0,0,0,0,0,9,0,0,0,0,0,0,0,0,0,0,0,0,0,0,0,0,3826,0,0,92,0,0,0,0,0,0,0,0,0,0,0,0,0,0,0,0,0,0,39,0,0,0,0,0,13,0,0,0,0,3,0,0,0,0,0,0,0,544,0,0,0,0,0,0,0,0,0,0,0,9,0,0,0,306,0,0,9,0,0,0,0,0,0,0,0,0,0,0,0,0,1687,0,0,0,0,0,0,0,0,0,0,0,0,0,0,0,0,0,0,0,0,0,0,317,0,0,54,0,0,0,0,0,0,0,0,0,0,0,0,0,0,0,0,0,0,0,0,80,0,0,0,0,0,0,0,0,0,0,0,0,0,0,0,0,0,0,0,0,0,0,0,0,0,0,12,0,106,0,263,0,0,0,44,0,0,0,0,0,0,0,0,0,0,0,0,0,0,0,0,0,0,0,0,0,0,0,0,0,0,0,0,0,0,0,0,0,0,0,0,0,259,0,0,0,0,0,0,0,33,0,120,0,14,0,0,0,0,0,0,0,0,0,0,0,0,0,0,204,25,0,0,0,0,0,0,0,0,0,0,0,0,0,0,8,1,0,0,0,0,0,13,0,0,0,0,0,0,29,0,0,0,0,0,0,0,0,0,0,0,0,0,0,12,109,80,0,0,0,0,0,0,0,0,0,1121,0,0,0,42,0,0,0,0,0,0,4,0,0,0,0,0,0,63,0,0,0,0,0,155,0,0,0,0,0,0,0,0,0,0,0,0,0,0,0,0,0,0,0,0,0,0,0,0,0,0,0,7,0,0,0,0,0,7,0,0,0,0,0,0,0,0
"D196",0,0,0,6861,2,25,151,0,8,0,0,2,0,0,0,0,0,0,0,0,51,0,0,0,3,5,0,1,0,0,0,0,0,31,0,0,8,0,0,0,0,18,0,0,0,0,0,0,0,0,77,0,0,0,11,0,0,0,19,0,0,0,0,585,0,0,2,0,0,0,0,0,0,0,0,0,0,0,0,0,0,88,0,0,0,0,9,0,0,0,0,0,0,0,0,0,0,2,0,0,0,0,0,0,0,3,32,2,0,0,2281,0,2308,0,0,5,3,22,0,0,0,0,0,0,0,0,0,0,0,4,0,16,0,0,0,0,102,0,0,0,0,19,2,0,0,0,0,0,0,3,0,0,0,0,0,783,0,0,0,0,0,3,0,0,13,0,5139,0,0,0,0,0,0,0,0,0,0,0,0,22,0,4,0,8,0,0,0,7,0,0,0,0,0,0,0,0,0,2,0,0,0,0,0,0,0,0,0,0,0,0,2,0,0,0,0,0,102,7,0,0,0,0,0,5,0,0,0,2,0,0,0,0,0,32,0,0,0,0,0,0,0,0,33,0,0,8,0,0,0,2,0,0,0,0,0,0,0,0,137,0,0,41,0,0,0,0,0,0,0,0,0,0,8,0,0,0,0,0,0,0,0,278,28,0,0,0,9,0,11,0,0,0,0,2,0,0,0,0,0,0,0,0,0,0,0,17,0,0,0,0,0,3,0,0,0,823,0,0,7,0,0,0,0,0,0,0,0,0,0,0,0,0,37,0,0,0,0,0,0,0,0,0,8,0,0,0,16,0,17,5,0,0,0,354,0,10,0,0,0,0,0,0,0,0,0,19,2,0,0,21,0,0,0,0,0,0,0,0,0,36,1,0,0,0,0,0,0,0,0,0,2,0,0,0,0,0,1,0,0,0,0,0,0,0,2,0,0,0,1632,0,2,0,0,0,6,0,0,0,0,0,0,5,0,0,0,0,0,0,0,0,0,0,0,0,0,0,0,181,0,18,1,0,0,0,0,5,0,0,0,7,11,0,0,0,0,0,0,0,0,0,0,0,7,0,23,2,0,0,0,0,0,0,10,0,0,0,0,1,0,3387,20,0,16,0,0,0,0,36,0,0,0,0,0,0,0,0,0,0,0,0,0,3,83,0,0,0,2,18,0,0,0,0,0,0,0,11,0,3,0,0,0,0,4,0,78,0,15,0,0,0,0,0,0,0,0,0,0,0,0,0,9,0,0,0,2,0,0,0,0,0,0,0,0,0,0,0,0,0,0,0,2,0,0,0,0,0,0,1,4,37,0,0,0,0,0,0,0,0,0,0,0,0,0,0,0,0,0,0,12,0,0,0,0,0,0,0,3,0,0,0,9,0,1
"D197",0,0,0,0,0,0,0,0,0,0,0,0,0,0,0,0,0,0,0,0,0,0,0,0,0,0,0,0,0,0,0,0,0,0,0,0,0,0,0,0,0,3,0,0,0,0,0,0,0,0,0,0,0,0,0,0,0,0,0,0,0,0,0,0,0,0,0,17,0,0,0,0,0,0,0,0,0,0,0,0,0,0,0,0,0,0,0,0,0,0,0,0,0,0,0,0,0,0,0,0,0,0,0,0,0,0,0,0,0,0,0,0,0,0,0,0,0,0,0,0,0,0,0,0,0,0,0,0,0,0,0,0,0,0,0,0,0,0,0,0,0,0,0,0,0,0,0,0,0,0,787,0,0,0,0,0,0,0,0,0,0,0,0,0,0,0,0,0,0,0,0,0,0,0,0,0,0,0,0,0,0,0,0,1,0,0,0,0,0,0,0,0,0,0,0,0,0,0,0,0,0,0,0,0,0,0,0,0,0,0,0,0,0,0,0,0,0,0,0,0,0,0,0,0,0,0,0,0,0,0,0,0,0,0,0,0,0,0,0,0,0,29,0,0,0,0,0,0,0,0,0,0,0,0,0,0,0,0,0,0,0,46,0,0,0,0,0,0,0,0,0,0,46,0,0,0,0,0,0,0,124,0,0,0,0,0,0,0,0,0,0,0,0,0,0,0,0,0,0,0,0,0,0,0,0,0,0,0,0,0,0,0,0,0,0,0,0,0,0,0,0,0,0,0,0,0,0,0,0,0,0,0,0,0,0,0,0,0,0,0,0,0,0,0,0,0,0,0,0,0,0,0,0,0,0,0,0,0,0,0,0,0,0,0,0,0,0,0,0,0,0,0,0,0,0,0,0,0,0,1,0,0,0,0,0,0,0,0,0,0,0,0,0,0,0,0,0,0,0,0,0,0,0,0,0,0,0,0,0,0,0,0,0,0,0,0,0,0,0,0,0,0,0,0,0,0,0,0,0,0,0,0,0,0,0,0,0,0,0,0,0,0,0,0,0,0,0,0,0,0,0,293,0,0,0,0,0,0,0,0,0,0,0,0,0,0,0,0,0,0,0,0,0,0,0,0,0,0,0,0,0,0,0,0,0,0,0,0,0,0,0,0,0,0,0,0,0,0,0,0,0,0,0,0,0,0,0,0,0,0,0,0,0,0,0,0,0,0,0,0,0,0,0,0,36,0,0,0,0,0,0,0,0,0,0,0,0,0,0,0,0,0,0,0,0,0,0,0,0,0,0,0,0,0,0,0,0,0,0,0,0,2,0,0,0,0,0,0,0,0,0,0,0,0,0,0,0,0,0,0,0,0,0,0,0,0,0,0,0,0,0,0,0,0,0,0,0,0,0,0,0,0,0
"D198",0,0,158,0,0,0,0,0,0,0,0,0,0,2,3,46,0,0,465,0,0,0,0,7,0,0,0,0,0,0,225,0,0,0,0,8,0,0,0,3,1,0,0,77,0,0,14,94,0,0,0,0,0,6,0,4,0,0,0,20,0,0,0,0,6,1,22,0,11,0,0,0,0,0,169,0,0,421,0,0,0,1,0,0,54,0,0,0,0,24,0,0,0,0,3,0,0,0,0,3,0,0,0,0,2,0,0,6,115,23,0,3,0,1,13,0,0,0,0,0,0,0,52,0,1,5,2,35,0,0,0,0,0,0,36,54,0,0,2,0,0,0,0,0,0,0,0,0,0,0,0,0,0,3,6,0,8,62,1,0,0,0,0,0,0,19,0,30,0,0,0,0,8,0,1,5,0,9,10,0,0,0,109,0,0,0,0,0,0,25,274,0,32,0,1,17,30,0,5,16,0,5,158,0,80,0,0,54,0,0,0,0,0,79,0,0,0,0,0,0,0,0,0,0,8,0,31,0,0,0,0,30,3,0,9,0,1,13,14,4,0,0,0,4,0,0,0,8,3,0,0,0,4,93,3,0,0,0,0,0,22,0,0,0,0,4,0,10,1,2,288,0,0,0,2,0,122,0,0,6,19,0,0,3,4,0,0,0,0,14,0,0,0,0,0,0,0,0,0,16,0,0,9,35,0,0,0,0,2,0,1,0,0,0,96,0,0,0,0,26,50,27,5,77,29,0,0,0,0,322,4,78,0,0,0,0,0,102,0,0,0,0,0,0,0,0,0,0,0,0,1,0,41,0,3,0,0,6,0,29,14,0,0,81,115,0,0,0,0,0,0,0,1,8,0,0,0,0,0,0,0,16,6,5,0,0,1,0,19,22,407,0,3,351,0,0,0,3,0,2,0,2,3,2,129,0,0,158,0,0,0,0,5,0,0,0,32,5,0,0,115,0,41,3,0,0,1,0,45,0,0,12,2,0,0,0,4,0,0,0,0,23,0,2,185,0,5,0,0,281,0,0,0,0,0,0,7,4,0,0,0,0,0,1,0,0,2,0,0,0,255,0,0,6,0,0,0,0,0,0,0,0,0,27,3,0,0,0,3264,50,0,0,0,0,3,0,0,2,7,0,0,0,0,0,0,523,0,0,3,0,5,1,0,135,2,0,7,55,28,0,0,0,0,117,0,0,0,13,210,0,0,12,0,6,0,0,11,0,0,0,0,0,2,3,7,7,0,0,3,3,4,2,0,0,0,14,0,5,0,15,0,0,123,0,50,30,282,0,0,0,0,9,2,8,0,0,0,1,0,0,0,0,0,0,3,0,97,6,0,3,5,22,0,0,270,0,0,5,0,0,0,0,0
"D199",0,0,0,0,0,0,0,0,0,0,0,0,0,0,0,0,0,0,0,0,0,0,0,0,0,0,0,0,0,0,0,0,0,0,0,0,0,0,0,0,0,3,0,0,0,0,0,0,0,0,0,0,0,0,0,0,0,0,0,0,0,0,0,0,0,0,0,0,0,0,0,0,0,0,0,0,0,0,0,0,0,0,0,0,0,0,0,0,0,0,0,0,0,0,0,0,0,0,0,0,0,0,0,0,0,0,0,0,0,0,5,0,0,0,0,0,0,0,0,0,0,0,0,0,0,0,0,0,0,0,0,0,0,0,0,0,0,0,0,0,0,0,0,0,0,0,0,0,0,0,0,0,0,0,0,0,0,0,0,0,0,0,0,0,0,0,0,0,0,0,0,0,0,0,0,0,0,0,0,0,0,0,0,1,0,0,0,0,0,0,0,0,0,0,0,0,0,0,0,0,0,0,0,0,0,0,0,0,0,0,0,0,0,0,0,0,0,0,0,0,0,0,0,0,0,0,0,0,0,0,3,0,0,0,0,0,0,0,0,0,0,0,0,0,0,0,0,0,0,0,0,0,0,0,0,0,0,0,0,0,0,0,0,0,0,0,0,0,0,0,0,0,0,0,0,0,0,0,0,0,0,0,0,0,0,0,0,0,0,0,0,0,0,0,0,0,0,0,0,0,0,0,0,0,0,0,0,0,0,0,0,0,0,0,0,0,0,0,0,0,0,0,0,0,0,0,0,0,0,0,0,0,0,0,0,0,0,0,0,3,0,0,0,0,0,0,0,0,0,0,0,0,0,0,0,0,0,0,0,0,0,0,0,0,0,0,0,0,0,0,0,0,0,0,0,0,0,0,0,0,0,0,0,0,0,0,0,0,0,0,0,0,0,0,0,0,0,0,0,0,0,0,0,0,0,0,0,0,0,0,0,0,0,0,0,0,0,0,0,0,0,0,0,0,0,0,0,0,0,0,0,0,0,0,0,0,0,0,0,0,0,0,0,0,0,0,0,0,0,0,0,0,0,0,0,0,0,0,0,0,0,0,0,0,0,0,0,0,0,0,0,0,0,0,0,0,0,0,0,0,0,0,0,0,0,0,0,0,0,0,0,0,0,0,0,0,0,0,0,0,0,0,0,0,0,0,0,0,0,0,0,0,0,0,0,0,0,0,0,0,0,0,0,0,0,0,0,0,0,0,0,0,0,0,0,0,0,0,0,0,0,0,0,0,0,0,0,0,0,0,0,0,0,0,0,0,0,0,0,0,0,0,0,0,0,0,0,0,0,0,0,0,0,0,0,0,0,0,0,0,0,0,0,0,0,0,0,0,0,0,0,0,0,0,0,0,0,0,0,0,0,0,0
"D200",35,0,0,0,0,22,0,3,0,0,0,0,1,2,0,0,0,0,0,0,78,0,30,5,0,0,0,60,0,0,6,0,86,0,2,0,3,0,0,0,0,0,0,0,0,0,2,0,0,0,0,30,20,0,3,0,0,14,0,0,0,0,58,0,0,0,45,0,0,0,0,0,0,0,0,0,0,0,0,0,0,0,3,0,0,0,0,0,0,0,0,9,3,4,2,0,0,0,0,0,1,0,0,1,0,0,0,0,14,0,0,0,0,0,0,58,0,0,0,0,0,0,0,0,0,0,0,13,1,0,0,0,8,0,0,3,0,0,0,4,0,0,0,0,49,12,0,35,5,26,0,0,0,105,0,0,0,0,0,0,0,51,2,0,58,2,0,0,0,0,0,0,0,66,0,0,6,0,0,3,3,0,0,0,0,0,8,0,0,0,0,0,0,0,0,0,0,0,0,2,2,0,0,0,0,4,25,0,0,0,15,1,6,0,7,56,0,0,0,0,0,3,7,19,0,0,0,15,0,0,0,0,0,0,0,12,0,0,328,0,50,0,0,2,0,0,0,0,0,0,0,0,0,3,0,0,29,0,0,0,0,0,0,0,0,0,0,0,0,0,0,23,0,19,0,36,0,0,0,0,36,0,0,7,0,4,44,0,0,17,0,4,0,0,0,0,0,0,0,0,0,12,2,0,295,0,5,0,11,0,0,0,2,0,0,0,0,0,12,0,0,0,0,0,0,0,17,0,0,0,0,0,17,14,0,0,2,2,0,70,18,6,191,0,0,0,184,2,16,49,2,0,0,0,21,0,69,0,0,2,7,0,6,0,0,15,0,0,0,0,1,0,0,3,0,0,0,0,0,0,2,0,0,0,0,0,0,4,0,0,0,0,0,0,0,0,12,0,12,0,0,0,0,0,0,26,0,0,0,6,0,0,0,7,0,0,0,0,0,0,0,0,0,0,0,0,0,0,2,6,0,0,0,0,0,0,0,0,3,6,8,0,0,0,0,0,2,0,0,15,6,0,0,0,0,0,0,0,0,0,3,0,0,0,64,33,3,0,2,0,0,0,8,18,0,17,0,0,0,0,0,0,0,0,0,0,2,0,1,0,0,0,0,4,0,1,0,0,0,3,0,0,35,0,0,3,0,0,0,0,24,2,8,0,0,22,0,2,0,0,13,0,0,0,0,0,0,0,8,15,2,0,3,3,8,0,0,0,0,16,0,5,0,0,0,0,13,16,66,0,0,7,0,0,3,0,0,0,43,4,0,0,0,7,0,0,8,0,3,6,0,3,26,0,0,0,0,0,99,14,4,0,0,0,0,0,0,0,0,0,0,13,0,0,1,0,12,0,0,1,8,0,0
"D201",0,0,0,466,0,0,0,0,0,0,0,0,0,0,0,0,0,0,0,0,0,0,0,0,0,0,0,0,0,0,0,0,0,0,0,0,0,0,0,0,0,0,0,0,0,0,0,0,0,0,0,0,0,0,0,0,0,0,0,0,0,0,0,0,0,0,0,0,0,0,0,0,0,0,0,0,0,0,0,0,0,0,0,0,0,0,0,0,0,0,0,0,0,0,0,0,0,0,0,0,0,0,0,0,0,0,0,0,0,0,0,0,4,0,0,0,0,0,0,0,0,0,0,0,0,0,0,0,0,0,0,0,0,0,0,0,24,0,0,0,0,0,0,0,0,0,0,0,0,0,0,0,0,0,0,0,0,0,0,0,0,0,0,0,0,0,0,0,0,0,0,0,0,0,0,0,0,0,0,0,0,0,0,0,0,0,0,0,0,0,0,0,0,0,0,0,0,0,0,0,0,0,0,0,0,0,0,0,0,0,0,0,0,0,0,0,7,0,0,0,0,0,0,23,0,0,0,0,0,0,0,0,0,0,0,0,0,0,0,0,0,0,259,0,0,0,0,0,0,0,0,0,0,0,0,0,0,0,0,0,0,0,0,0,0,0,0,0,0,0,0,0,0,0,0,0,0,0,0,0,0,0,0,0,0,0,0,0,0,0,0,0,0,0,0,0,0,0,0,0,0,0,0,0,0,0,0,0,0,0,0,0,0,0,0,0,0,0,0,0,0,0,0,0,0,0,0,0,0,0,0,0,3,0,0,0,0,0,0,0,0,0,0,0,0,0,0,0,0,0,0,0,0,1646,0,0,0,0,0,0,0,0,0,0,0,0,0,0,0,0,0,0,0,0,0,0,0,0,0,0,0,0,0,0,0,0,0,0,0,0,0,0,0,0,0,0,0,0,0,0,0,0,0,0,0,0,0,0,74,0,0,0,0,0,0,0,0,0,0,0,0,0,0,0,0,0,0,0,0,0,0,0,0,0,0,0,0,7469,0,0,0,0,0,0,0,0,0,0,0,0,0,0,0,0,0,0,0,0,0,0,0,0,0,0,0,0,0,0,0,0,0,0,0,0,0,0,0,0,0,22,0,0,0,0,0,0,0,504,0,0,0,0,0,0,0,0,0,0,0,0,0,0,0,0,0,0,0,0,0,0,0,0,0,0,0,0,0,0,0,0,0,0,0,0,166,0,0,0,0,0,0,0,0,0,0,0,0,0,0,0,0,0,0,0,0,0,0,0,0,0,0,0,0,0,0,0,0,0,0,0,0,0,0,0,0,0,0,0,0,0,0,0,0,0,0,0,0,0,0,0,0,0,0,0,0,0,0,0,0,0,0,0,0,0,0,0,0,0,0,0,0,0,0
"D202",0,0,0,0,0,0,0,0,0,0,0,0,0,0,0,0,0,0,0,0,21,0,0,0,0,0,0,0,0,0,0,0,0,80,0,0,0,0,0,0,0,0,0,0,0,39,0,0,0,0,0,38,0,0,0,0,0,0,0,0,0,720,0,0,0,0,0,1153,0,78,0,0,0,0,0,0,0,0,0,0,0,0,0,0,0,0,0,0,0,0,0,0,0,0,0,0,0,2,0,0,0,0,0,0,0,0,0,0,0,0,0,0,0,0,0,318,0,0,0,0,0,0,0,0,0,0,0,0,0,0,0,0,0,0,0,0,0,0,0,0,0,0,0,0,0,0,0,20,0,12,0,0,0,0,0,0,0,0,0,0,0,2,0,0,29,0,0,0,0,0,0,0,0,396,0,0,0,0,0,271,0,0,0,0,0,0,0,0,0,0,0,0,0,0,0,0,0,0,0,0,0,0,0,0,0,0,0,0,0,0,14,0,0,0,27,0,0,0,0,0,0,0,0,0,0,0,0,0,0,0,0,0,0,0,0,22,0,0,0,0,17,0,0,0,0,0,0,0,0,0,0,0,0,0,0,0,1202,0,0,0,0,0,0,0,0,0,0,0,0,0,0,0,0,0,0,706,0,0,0,0,0,0,0,0,0,0,0,0,0,0,0,0,0,0,0,0,0,0,0,15,0,16,0,0,76,0,0,0,0,0,0,0,0,0,0,0,0,0,0,0,0,0,0,0,0,0,91,0,0,0,0,0,0,0,0,0,0,0,0,0,0,0,223,0,0,0,508,0,486,0,0,0,0,0,0,0,0,0,0,0,0,4,0,0,0,0,0,0,0,0,0,0,0,0,0,0,0,0,0,0,2,0,0,0,0,0,0,0,0,0,0,0,0,0,0,0,0,0,0,0,0,0,0,0,0,0,0,0,0,0,0,0,0,0,0,0,0,0,0,0,0,0,0,0,0,0,0,0,0,0,0,0,0,0,0,0,9,0,31,2,0,0,0,0,0,0,0,0,0,0,264,25,0,0,0,0,0,0,0,0,0,0,0,0,207,0,0,0,0,0,0,0,0,0,0,39,0,0,0,0,0,0,0,0,0,0,0,0,0,0,31,0,0,0,0,103,0,0,0,0,0,0,0,0,0,0,0,0,0,506,0,0,0,0,0,474,0,0,0,0,0,0,0,0,0,0,0,0,0,0,0,0,0,0,0,0,0,0,0,11,0,0,0,0,0,0,0,0,0,0,0,0,0,0,84,0,0,0,4,0,0,2,0,0,0,0,0,0,0,0,0,0,0,0,0,0,0,0,33,0,0,0,0,0,0,0,0,0,0,0,0,0,0,0,0,0,10,0,0,0,0,0,0
"D203",0,0,0,0,0,0,0,0,0,0,0,0,0,0,0,0,0,0,0,0,0,0,0,0,0,0,0,0,0,0,0,0,0,0,0,0,0,0,0,0,0,0,0,0,0,0,0,0,0,0,0,0,0,0,0,0,0,0,0,0,0,0,0,0,0,0,0,0,0,0,0,0,0,0,0,0,0,0,0,0,0,0,0,0,0,0,0,0,0,0,0,0,0,0,0,0,0,0,0,0,0,0,0,0,0,0,0,0,0,0,0,0,0,0,0,0,0,0,0,0,0,2,0,0,0,0,0,0,0,0,0,0,0,0,0,0,0,0,0,0,0,0,0,0,0,0,0,0,0,0,0,0,0,0,0,0,0,0,0,0,0,0,0,0,0,0,0,0,0,0,0,0,0,0,0,0,0,0,0,0,0,0,0,0,0,0,0,0,0,0,0,0,0,0,0,0,0,0,0,0,0,0,0,0,0,0,0,0,0,0,0,0,0,0,0,0,0,0,0,0,0,0,0,0,0,0,0,0,0,0,0,0,0,0,0,0,0,0,0,0,0,0,0,0,0,0,0,0,0,0,0,0,0,0,0,0,0,0,0,0,0,2,0,0,0,0,0,0,0,0,0,0,0,0,0,0,0,0,0,0,0,0,0,0,0,0,0,0,0,3,0,0,0,0,0,0,0,0,0,0,0,0,0,0,0,0,0,0,0,0,0,0,0,0,0,0,0,0,0,0,0,0,0,0,0,0,0,0,0,0,0,0,0,0,0,0,0,0,0,0,0,0,0,0,0,0,0,0,0,0,0,0,0,0,0,0,0,0,0,0,0,0,0,0,0,0,0,0,0,0,0,0,0,0,0,0,0,0,0,0,0,0,0,0,0,0,0,0,0,0,0,0,0,0,0,0,0,0,0,0,0,0,0,0,0,0,0,0,0,0,0,0,0,0,0,0,0,0,0,0,0,0,0,0,0,0,0,0,0,0,0,0,0,0,0,0,0,0,0,0,0,0,0,0,0,0,0,0,0,0,0,0,0,0,0,0,0,0,0,0,0,0,0,0,0,0,0,0,0,0,0,0,0,0,0,0,0,0,0,0,0,0,0,0,0,11,0,0,0,0,0,0,0,0,0,0,0,0,0,0,0,0,0,0,0,0,0,0,2,0,0,0,0,0,0,0,0,0,0,0,0,0,0,0,0,0,0,0,0,0,0,0,0,0,0,0,0,0,0,0,0,0,0,0,0,0,0,0,0,0,0,0,0,0,0,0,0,0,0,0,0,0,0,0,0,0,0,0,0,0,0,0,0,0,0,0,0,0,512,0,0,0,0,0,0,0,0,0,0,0,0,0,0,0,0,0,0,0,0,0,0,0,0
"D204",0,538,12,0,3,6,0,0,0,0,2,0,0,5,0,0,12,0,0,0,0,241,0,1,0,0,0,0,5,5,2,0,0,0,0,0,0,0,6,98,0,0,747,0,8,0,0,0,36,7,0,0,38,0,0,0,0,0,0,1081,0,0,35,0,0,0,0,0,1,0,0,0,0,0,0,1,328,0,0,0,0,0,3,0,35,0,0,0,38,0,2,16,0,0,0,169,0,0,0,9,0,0,0,0,0,0,13,7,244,25,0,0,0,8,5,0,3,0,0,0,1383,0,0,0,0,0,0,0,0,0,49,0,0,0,0,8,0,0,0,0,1,0,0,0,0,53,0,0,0,0,0,41,263,0,0,0,0,3,31,0,24,0,138,80,0,0,0,4,0,0,0,0,0,0,0,0,2,0,0,0,0,0,0,0,0,27,0,0,9,6,0,180,0,0,0,7,0,0,24,0,4,0,0,0,12,0,0,0,0,0,0,17,0,47,0,0,0,0,15,0,0,0,0,14,0,2526,0,38,0,0,0,0,0,0,0,0,0,1177,29,0,0,0,0,0,0,0,48,0,0,0,0,37,0,0,0,49,0,0,0,0,19,0,96,0,0,0,4,3,0,16,0,705,0,0,0,0,0,65,0,0,509,0,0,0,3,0,0,0,0,0,19,0,0,68,0,0,0,0,0,0,5,0,0,161,0,0,0,52,73,230,0,0,51,0,0,0,0,148,0,0,146,17,0,0,0,0,0,46,30,0,0,27,0,0,94,203,0,45,0,0,17,0,0,56,5,0,0,0,0,0,43,338,198,0,0,0,0,0,0,10,0,0,0,0,0,0,74,21,0,0,137,7,8,2,168,0,30,228,0,0,0,0,0,0,0,0,351,0,0,0,3,0,0,0,0,9,0,0,0,0,0,0,0,0,0,0,0,0,0,0,0,456,0,0,0,0,0,0,0,0,0,2,0,0,0,176,0,549,0,0,5,0,0,0,0,570,0,0,0,0,12,0,0,51,0,0,0,56,0,0,0,0,0,0,12,0,0,0,31,36,0,1,0,1,0,0,0,11,2,19,0,0,0,0,12,0,0,0,1,0,0,80,0,0,3,0,0,0,0,0,0,0,21,0,2,0,0,6,0,130,0,0,0,3,0,854,3546,0,8,0,36,0,0,61,0,0,0,202,0,59,31,0,455,0,0,0,0,24,0,84,10,0,24,3,0,2,0,7,0,10,0,0,0,0,9,5,0,0,89,0,0,0,30,0,0,2,146,0,0,0,0,0,33,0,1,0,34,0,0,0,0,0,5,0,410,2,22,0,3771,0,0,12,0,13,5,0,0,5,0,0,0,0,2,1,415,6,0,0,20,0,0,0,0
"D205",0,5,0,0,0,0,0,0,0,184,0,0,0,0,0,26,0,0,4,0,1,0,0,0,0,0,2084,0,0,0,7,0,0,1608,0,0,0,0,0,0,2,0,0,11,0,158,0,0,0,0,0,0,0,7,0,0,0,0,0,0,0,0,0,0,18,0,0,0,0,0,65,234,260,0,0,0,0,1,7,0,661,0,0,0,0,453,46,196,0,12,0,0,0,52,6,0,10,4,19,0,4,0,879,65,0,0,0,0,0,0,0,0,0,0,0,0,0,0,3,0,0,0,0,0,0,0,59,2623,0,0,0,0,0,0,0,0,0,336,0,0,0,0,0,0,0,0,0,0,0,0,0,0,0,0,0,0,8,0,0,0,0,0,0,0,0,0,0,0,0,0,863,2,6,0,0,0,9,0,0,0,0,0,0,0,376,0,0,0,0,0,0,0,0,0,0,0,0,0,0,0,0,26,0,0,0,0,0,0,0,0,0,0,0,0,0,0,0,0,0,0,0,0,0,0,0,0,0,0,0,0,104,0,48,0,0,0,0,0,0,0,0,0,0,25,106,0,0,0,16,0,0,0,0,0,0,0,0,0,0,0,0,0,0,0,0,0,0,0,0,0,0,0,0,0,0,0,0,0,0,0,0,0,3,0,0,0,3,4,42,0,0,0,0,0,0,17,0,0,0,5,0,0,0,0,0,0,0,0,0,0,0,0,0,0,4,0,0,0,0,0,0,0,0,0,0,0,0,0,0,0,0,0,0,0,0,0,0,0,1272,0,0,7,1,0,0,0,5,0,0,0,0,0,0,0,0,0,0,0,0,0,76,0,9,0,0,0,0,0,107,0,0,0,0,0,0,0,0,3,0,0,0,0,0,33,193,0,0,0,0,0,0,16,0,0,0,0,4,0,1434,0,0,0,0,0,0,0,0,0,0,0,0,0,0,0,0,1194,0,0,0,0,0,0,0,0,1,0,0,0,0,0,0,4,1932,49,399,0,29,0,0,0,0,0,193,0,0,0,9,0,2,0,0,0,0,0,0,153,0,0,0,0,0,0,0,0,0,0,0,0,0,0,0,0,0,399,0,0,1735,1050,0,0,0,0,0,0,0,0,0,0,0,0,0,0,0,0,0,0,0,0,21,0,139,0,0,0,223,0,0,0,0,0,0,0,0,0,443,0,0,0,0,0,0,5,0,0,0,0,0,0,0,1,0,0,0,0,0,0,0,0,0,0,0,0,918,0,0,0,0,0,0,3080,0,0,0,644,59,2,0,0,0,0,0,0,0,0,0,0,0,0,0,0,0,0,0,0,0,0,0,0,0,0,0,0,0,0,0,0,0,0,0,3613,238,5,0,0,0,0,0,13,0,35,0,0,0
"D206",0,0,0,0,0,0,21267,0,0,0,0,0,0,0,0,0,0,0,0,0,0,0,0,0,0,0,0,0,0,0,0,0,0,121,4,0,0,0,0,0,0,0,0,0,0,0,0,0,0,0,0,0,0,0,0,0,0,0,0,0,0,104,0,8,0,0,11,2,0,24,0,0,0,0,0,0,0,0,0,0,0,51,10,0,0,0,121,8,0,7,0,0,0,0,0,0,0,0,0,0,0,0,0,0,0,0,0,0,26,0,0,0,0,0,0,0,0,0,0,0,0,0,0,0,0,0,0,0,0,0,0,0,0,0,0,0,0,0,0,0,0,14,0,0,0,0,0,0,0,2,0,0,0,8,0,0,0,0,0,0,0,0,0,0,14,0,0,0,0,0,0,0,0,11,0,0,0,0,0,0,0,0,0,0,0,0,0,0,0,0,0,0,0,0,0,0,0,0,0,0,0,0,0,0,0,0,0,0,0,0,0,0,0,0,0,0,0,0,0,0,0,0,0,0,0,0,0,0,0,0,0,0,0,4451,0,0,0,0,0,0,0,37,0,0,0,0,0,0,0,81,0,0,0,29,0,0,0,0,0,0,0,0,0,0,0,0,0,0,0,0,0,0,0,0,0,0,0,0,0,0,10,0,92,0,0,0,0,0,0,0,0,0,0,0,1,0,0,0,0,84,0,0,0,0,0,0,0,0,0,0,0,0,0,0,0,0,0,0,0,0,0,0,0,0,0,0,0,0,0,0,0,0,15,0,0,0,0,0,43,0,0,0,6,0,0,0,0,0,0,0,0,0,0,0,0,0,0,0,0,0,0,41,0,0,0,0,0,0,0,0,0,0,0,0,0,0,0,0,0,0,0,0,0,0,0,0,0,0,0,0,0,0,0,0,0,0,0,0,0,0,0,0,0,0,0,0,0,0,0,0,0,0,0,0,0,12,0,0,0,0,0,0,0,0,0,0,0,0,0,3,0,0,0,0,0,0,52,0,0,0,0,0,0,0,0,0,0,0,0,0,202,60,0,0,0,0,0,0,0,0,0,0,0,0,0,0,0,0,0,0,0,0,0,0,0,0,9,0,0,0,2,0,0,0,0,0,0,0,0,0,0,0,0,0,0,0,2439,0,0,0,0,0,0,0,0,0,0,0,0,0,0,0,0,0,0,0,0,0,0,0,0,0,0,0,0,0,0,0,0,0,0,0,0,0,0,0,0,0,0,0,35,0,0,0,0,0,0,0,0,0,0,0,0,0,29,0,0,0,0,0,0,0,0,0,0,0,0,16,0,0,0,0,0,0,0,0,0,0,0,0,0,0,0,0,0,0,0,0,0,43,0,0,0,0,0,0,207,0,0,0,89,0,0
"D207",0,69,171,0,0,4,0,0,0,0,17,108,0,22,0,0,3,0,0,0,0,0,0,0,0,0,0,9,27,0,225,0,0,0,0,0,0,0,8,11,0,0,22,48,10,0,0,0,0,25,0,31,312,0,0,0,386,0,0,0,0,0,0,0,0,0,0,9,35,0,4,0,0,0,0,0,0,210,0,0,0,0,0,2,437,0,0,0,0,0,16,0,0,0,3,0,0,21,0,35,4,0,0,0,25,0,0,0,293,3,0,3,0,44,66,0,52,0,55,49,12,3,0,0,64,0,3,3,0,0,22,0,9,0,14,398,0,0,10,0,0,0,0,0,0,0,15,13,16,0,0,0,83,20,32,0,0,50,41,0,13,0,90,118,0,2,0,133,0,0,0,3,0,0,0,3,0,2,3,190,0,6,0,0,0,30,0,0,126,10,0,0,0,0,0,0,5,7,0,6,0,0,8,0,323,0,0,34,146,5,0,0,0,78,0,0,0,0,0,2,0,19,0,0,0,15,24,128,4,2,0,0,0,0,2,0,13,0,7,0,0,0,0,0,0,0,0,298,0,0,0,0,0,14,0,0,0,0,0,0,41,206,0,95,0,0,0,0,11,1,0,0,0,95,4,6,0,0,1,57,270,0,0,1,0,8,0,0,0,0,0,0,0,534,0,0,15,6,0,56,42,0,2,44,4,0,0,43,0,0,0,0,209,9,9,0,0,0,0,0,0,0,14,2,0,7,0,0,4,695,0,183,23,6,0,0,8,12,0,0,75,0,0,0,3,202,0,17,0,3,70,5,55,0,0,0,0,9,0,0,0,0,0,44,0,0,83,6,2,24,3,16,3,3,387,0,43,0,13,0,0,0,13,2,0,0,792,0,14,0,45,4,8,0,6,459,0,0,0,0,0,0,0,0,72,30,0,0,0,9,0,413,13,0,0,0,0,28,0,4,0,2,109,0,2,0,3,11,10,0,37,0,0,0,0,1157,0,0,0,0,0,10,0,29,0,3,0,0,0,0,0,0,0,0,7,0,7,15,28,70,0,44,0,0,0,0,0,2,12,0,515,10,1,35,0,0,0,0,2,0,0,11,0,0,4,0,15,0,0,138,0,0,0,0,1,0,0,9,0,0,0,0,0,3,0,915,0,0,0,0,0,21,0,22,0,0,34,29,83,0,6,0,0,0,0,0,0,4,214,1225,2,1,0,6,0,0,0,14,8,0,0,0,0,12,1,6,20,0,10,0,23,0,12,0,6,0,0,14,5,398,0,0,25,9,0,7,292,0,0,0,1,0,3,11,0,7,0,451,13,3,0,8,0,1,88,0,0,33,0,0,0,0,2,0,1883,0,0,0,0,0,3,226,0
"D208",0,25,0,0,0,0,0,7,0,0,0,0,71,0,0,0,0,0,1,0,0,0,0,0,0,0,0,0,0,2,178,0,0,36,0,0,0,72,4,0,0,0,0,0,0,0,2,0,0,0,0,16,0,95,42,124,0,0,0,0,0,0,0,3,232,0,3,0,0,0,19,11,2,0,0,0,0,594,14,0,0,0,0,0,0,0,42,0,0,28,0,0,2,0,0,0,0,8,0,0,0,0,0,6,0,0,0,0,0,0,23,0,0,0,0,0,0,0,0,0,0,0,0,0,0,0,0,386,0,0,0,0,0,0,0,10,0,0,2,0,0,0,0,0,0,0,0,11,0,0,0,0,0,0,0,3,0,2,0,0,0,4,0,0,0,0,0,0,4,0,0,0,45,0,46,0,0,75,0,64,32,0,0,0,0,0,0,0,0,0,0,0,0,0,0,0,5,0,0,28,0,25,10,0,0,0,0,0,0,0,0,0,0,0,0,0,0,0,0,11,3,0,0,2,0,0,0,0,0,0,0,28,0,0,0,0,0,0,2,0,0,0,0,8,23,0,0,3,10,0,0,0,0,21,95,0,0,0,0,0,0,0,0,2,0,0,0,0,0,0,0,0,0,137,0,0,0,0,0,0,24,0,72,0,0,0,0,0,0,0,0,0,0,0,6,3,0,0,0,25,0,1,0,0,1,0,0,0,4,0,0,0,6,0,0,0,0,0,0,0,0,0,0,0,3,0,0,0,0,0,0,0,0,0,0,0,0,0,0,119,0,0,2,2,0,0,67,0,0,0,6,0,14,0,0,0,0,0,0,0,0,0,54,82,0,0,2,0,40,0,0,0,0,0,0,0,48,0,0,0,0,0,0,2,0,0,0,0,2,0,128,0,3,0,0,0,156,27,0,0,0,0,39,4,0,0,0,0,0,0,0,0,0,0,0,0,0,0,0,0,8,0,7,7,0,0,0,0,1,0,0,24,3,256,0,3,88,0,0,0,0,0,0,0,0,0,32,0,0,1164,0,0,0,0,0,15,6,0,0,0,0,0,0,0,0,0,70,0,0,0,672,0,0,560,0,0,5,0,0,0,0,0,0,1,0,0,0,0,303,0,0,3,0,0,0,0,0,0,3,0,0,0,0,0,2,0,0,0,0,2,101,0,0,0,18,0,0,0,5,0,0,0,0,0,0,0,0,0,227,0,0,0,0,0,0,0,0,0,1,0,0,83,12,0,0,0,0,0,0,0,0,0,0,3612,7,0,0,907,0,0,0,0,172,0,0,1,41,0,0,0,0,5,0,3,0,0,0,0,0,0,0,26,0,0,0,0,39,0,0,10,373,2,0,0,0,0,0,109,0,0,0,0,0
"D209",0,2,2,0,0,0,0,9,0,0,4,18,0,0,0,0,0,4,0,3,0,0,4,4,0,0,0,2,0,11,0,0,6,0,0,2,0,0,0,22,12,0,6,18,2,0,3,0,0,0,0,0,63,0,0,0,0,0,0,0,0,0,10,0,7,14,0,801,0,0,0,0,0,0,0,20,2,0,3,3,0,0,3,6,1,0,3,0,7,4,0,0,0,0,0,0,0,0,0,2,5,10,0,2,0,0,0,0,53,6,0,2,0,0,0,0,0,0,3,7,3,0,0,0,0,0,0,0,0,0,26,2,3,2,0,11,0,0,0,0,0,0,0,37,4,0,3,5,0,0,0,0,0,5,0,0,0,0,3,0,0,5,1,0,0,3,0,5,0,2,0,0,4,7,3,0,0,0,0,9,7,0,0,0,0,3,0,0,3,37,0,0,3,0,0,0,7,0,0,0,0,0,7,0,0,0,0,10,0,0,0,0,0,9,0,0,0,0,1,0,0,2,0,0,39,17,0,33,5,0,0,0,0,0,0,0,0,4,3,0,2,0,0,4,0,0,2,13,0,0,3,2,0,3,0,0,3,4,3,0,0,0,5,2,2,0,281,0,7,3,0,17,0,0,0,0,2,14,2,0,65,0,0,3,0,0,0,0,44,12,0,0,32,16,119,0,0,8,15,8,7,0,8,42,0,0,10,6,9,2,0,0,3,0,3,0,0,21,0,0,9,0,0,3,4,0,0,0,6,46,11,0,2,0,8,2,0,0,0,0,16,0,0,0,0,11,0,0,0,0,2,14,6,0,0,0,1,0,0,0,1,0,2,0,0,0,7,12,0,0,1,0,0,0,14,2,10,9,0,0,9,17,0,12,0,0,4,4,3,0,18,3,9,0,0,0,0,0,0,0,0,0,0,0,0,0,0,4,0,6,0,0,0,8,0,0,1,0,0,12,0,0,0,0,0,6,0,4,0,0,0,0,0,0,0,7,0,0,0,0,0,0,0,0,2,0,0,2,0,0,0,37,2,3,2,0,0,0,4,0,8,4,0,0,28,0,0,3,5,1,10,0,0,0,2,0,0,0,2,0,0,0,0,0,4,0,0,0,142,0,0,0,0,3,0,0,0,2,0,7,0,0,15,0,0,30,7,0,0,0,10,0,3,6,0,0,2,0,0,0,2,0,30,0,0,0,2106,0,19,0,3,1,0,0,0,4,0,4,5,0,0,7,0,0,8,0,6,16,9,0,0,0,0,0,0,0,0,7,0,15,0,0,8,2,0,0,30,0,1,6,0,0,17,0,2,5,14,2,33,11,0,7,1,0,0,6,0,0,0,0,0,0,2,0,1,20,0,0,2,2,0,0,0
"D210",0,0,0,0,0,0,0,0,0,0,0,0,0,0,0,0,0,0,0,0,0,0,0,0,0,0,0,0,0,0,0,0,0,0,0,0,0,0,0,0,0,0,0,0,0,0,0,0,0,0,0,0,0,0,0,0,0,0,0,0,0,0,0,0,0,0,0,0,0,0,0,0,0,0,0,0,0,0,0,0,0,0,0,0,0,0,0,0,0,0,0,0,0,0,0,0,0,0,0,0,0,0,0,0,0,0,0,0,0,0,0,0,0,0,0,0,0,0,0,0,0,0,0,0,0,0,0,0,0,0,0,0,0,0,0,0,0,0,0,0,0,0,0,0,0,0,0,0,0,0,0,0,0,0,0,0,0,0,0,0,0,0,0,0,0,0,0,0,0,0,0,0,0,0,0,0,0,0,0,0,0,0,0,0,0,0,0,0,0,0,0,0,0,0,0,0,0,0,0,0,0,0,0,0,0,0,0,0,0,0,0,0,0,0,0,0,0,0,0,0,0,0,0,0,0,0,0,0,0,0,0,0,0,0,0,0,0,0,0,0,0,0,0,0,0,0,0,0,0,0,0,0,0,0,0,0,0,0,0,0,0,0,0,0,0,0,0,0,0,0,0,0,0,0,0,0,0,0,0,0,0,0,0,0,0,0,0,0,0,0,0,0,0,0,0,0,0,0,0,0,0,0,0,0,0,0,0,0,0,0,0,0,0,0,0,0,0,0,0,0,0,0,0,0,0,0,0,0,0,0,0,0,0,0,0,0,0,0,0,0,0,0,0,0,0,0,0,0,0,0,0,0,0,0,0,0,0,0,0,0,0,0,0,0,0,0,0,0,0,0,0,0,0,0,0,0,0,0,0,0,0,0,0,0,0,0,0,0,0,0,0,0,0,0,0,0,0,0,0,0,0,0,0,0,0,0,0,0,0,0,0,0,0,0,0,0,0,0,0,0,0,0,0,0,0,0,0,0,0,0,0,0,0,0,0,0,0,0,0,0,0,0,0,0,0,0,0,0,0,0,0,0,0,0,0,0,0,0,0,0,0,0,0,0,0,0,0,0,0,0,0,0,0,0,0,0,0,0,0,0,0,0,0,0,0,0,0,0,24,0,0,0,0,0,0,0,0,0,0,0,0,0,0,0,0,0,0,0,0,0,0,0,0,0,0,0,0,0,0,0,0,0,0,0,0,0,0,0,0,0,0,0,0,0,0,0,0,0,0,0,0,0,0,0,0,0,0,0,0,0,0,0,0,0,0,0,0,0,0,0,0,0,0,0,0,0,0,0,0,0,0,0,0,0,0,0,0,0,0,0,0,0,0,0,0,0,0,0,0,0,0,0,0,0,0,0,0,0,0,0,0,0,0
"D211",0,0,0,0,0,2,0,0,0,0,0,0,0,0,0,0,0,0,0,0,0,0,0,0,0,0,3,0,0,2,0,0,0,0,0,0,0,0,0,0,0,0,0,0,0,0,0,0,155,0,0,0,0,0,3,0,0,0,0,0,0,0,0,0,0,0,0,0,0,0,0,0,0,0,0,0,0,0,0,0,0,0,0,0,0,28,0,0,0,0,0,0,0,6,0,0,4,0,0,0,0,0,0,37,0,0,0,0,0,0,2,0,0,0,0,0,0,0,0,0,0,0,0,0,0,0,0,0,0,0,0,0,0,2,0,0,0,3,0,0,0,0,0,6,0,0,0,0,0,0,0,0,0,0,0,0,13,0,0,0,0,0,0,0,0,0,0,0,0,0,7,0,0,0,0,0,0,0,0,0,0,0,0,0,0,0,0,0,0,0,0,0,0,118,0,0,0,0,0,0,0,0,0,0,0,0,0,0,0,0,0,0,0,0,0,0,0,0,0,0,0,0,0,0,63,0,0,0,0,0,13,0,0,0,6,0,0,0,0,0,0,4,0,0,0,0,0,0,2,0,0,0,0,2,0,0,0,0,0,0,0,0,0,0,0,0,0,0,0,0,0,0,0,0,0,0,0,0,0,0,0,0,2,0,0,0,0,0,0,0,0,0,25,0,4,0,0,0,0,0,0,0,0,0,0,0,0,0,0,0,0,0,0,0,0,0,0,0,0,0,0,0,0,0,0,0,0,0,0,0,0,0,0,2,0,0,0,0,3,0,0,0,2,0,0,0,3,0,0,0,0,0,0,0,0,0,0,0,0,0,2,0,0,0,0,0,0,0,0,0,0,0,0,2,0,0,0,0,0,0,0,0,0,0,0,0,0,19,0,0,0,0,0,0,0,0,0,0,964,0,25,0,0,0,0,0,0,0,0,0,0,0,0,0,0,0,0,0,0,0,0,0,0,0,0,0,0,0,0,0,3,0,0,0,0,0,0,0,0,9,0,0,0,0,0,0,0,0,0,0,0,0,0,0,0,0,0,0,0,0,0,0,0,0,0,0,0,0,0,0,0,0,0,0,0,0,0,7414,0,0,0,0,0,0,0,0,0,0,0,0,0,0,0,0,0,0,0,0,0,0,3,0,0,0,0,0,0,0,0,0,0,0,0,0,2,0,0,0,0,0,0,11,0,0,0,0,0,0,0,0,0,0,0,0,0,0,0,0,0,0,0,0,3,0,0,0,0,0,1,0,0,0,0,2452,0,0,0,0,0,0,0,0,0,0,0,0,0,0,0,13,0,594,0,0,0,5,0,0,0,0,0,0,2,0,0,0,0,0,0,0,0,0,0,0,0,0,0,0,0,0,0,0,0
"D212",0,0,0,0,0,0,0,0,0,0,0,0,0,0,0,0,0,0,0,0,0,0,0,0,0,0,0,0,0,0,0,0,0,0,0,0,0,0,0,0,0,0,0,0,0,0,0,0,0,0,0,0,0,0,0,0,0,0,0,0,0,0,0,0,0,0,0,0,0,0,0,0,0,0,0,0,0,0,0,0,0,0,0,0,0,0,0,0,0,0,0,0,0,0,0,0,0,0,0,0,0,0,0,0,0,0,0,0,0,0,0,0,0,0,0,0,0,0,0,0,0,0,0,0,0,0,0,0,0,0,0,0,0,0,0,0,0,0,0,0,0,0,2,0,0,0,0,0,0,0,0,0,0,0,0,0,0,0,0,0,0,0,0,0,0,0,0,0,0,0,0,0,0,0,0,0,0,0,0,0,0,0,0,0,0,0,0,0,0,0,0,0,0,0,0,0,0,0,0,0,0,0,0,0,0,0,0,0,0,0,0,0,0,0,0,0,2,0,0,0,0,0,0,5,0,0,0,0,0,0,0,0,0,0,0,0,0,0,0,0,0,0,138,0,0,0,0,0,0,0,0,0,0,0,0,0,0,0,0,0,0,0,0,0,0,0,0,0,0,0,0,0,0,0,0,0,0,0,0,0,0,0,0,0,0,0,0,0,0,0,0,0,0,0,0,0,0,0,0,0,0,0,0,0,0,0,0,0,0,0,0,0,0,0,0,0,0,0,0,0,0,0,0,0,0,0,0,0,0,0,0,0,0,0,0,0,0,0,0,0,0,0,0,0,0,0,0,0,0,0,0,0,0,935,0,0,0,0,0,0,0,0,0,0,0,0,0,0,0,0,0,0,0,0,0,0,0,0,0,0,0,0,0,0,0,0,0,0,0,0,0,0,0,0,0,0,0,0,0,0,0,0,0,0,0,0,0,0,0,0,0,0,0,0,0,0,0,0,0,0,0,0,0,0,0,0,0,0,0,0,0,0,0,0,0,0,0,5455,0,0,0,0,0,0,0,0,0,0,0,0,0,0,0,0,0,0,0,0,0,0,0,0,0,0,0,0,0,0,0,0,0,0,0,0,0,0,0,0,0,0,0,0,0,0,0,0,0,550,0,0,0,0,0,0,0,0,0,0,0,0,0,0,0,0,0,0,0,785,0,0,0,0,0,0,0,0,0,0,0,0,0,0,0,0,15,0,0,0,0,0,0,0,0,0,0,0,0,0,0,0,0,0,0,0,0,0,0,0,0,0,0,0,0,0,0,0,0,0,0,0,0,0,0,0,0,0,0,0,0,0,0,0,0,0,0,0,0,0,0,0,0,0,0,0,0,0,0,0,0,0,0,0,0,0,0,0,0,0,0,0,0,0,0
"D213",26,22,8,26,23,15,326,12,16,46,0,12,0,0,0,0,0,0,0,0,17,22,2,0,0,3,0,14,0,0,0,7,40,69,70,0,8,2,0,3,0,0,0,0,0,0,6,0,0,0,103,33,236,0,38,4,0,17,44,0,13,2,0,14,0,0,40,0,0,231,2,0,0,0,0,3,0,0,23,17,0,0,1,4,2,0,55,0,21,0,0,3,18,0,0,0,0,10,0,0,0,0,0,15,0,0,9,13,3,0,1162,0,31,0,0,64,3,0,0,1,5,5,2,0,0,0,25,0,0,15,0,4,44,0,0,0,0,0,0,22,1,314,3,0,0,37,0,17,0,0,0,63,10,7,0,11,0,0,0,0,0,0,10,2,339,0,186,18,0,0,0,2,0,75,4,0,36,0,0,570,0,0,0,42,0,3,27,21,0,4,0,0,0,0,5,0,0,4,2,4,8,0,0,0,0,2,5,1,0,0,59,59,5,20,6,9,0,0,11,2,32,0,0,0,0,6,0,0,0,2,0,0,3,284,0,9,8,0,20,8,0,0,59,0,0,0,0,0,0,30,6,0,0,5,0,14,0,0,31,5,0,42,0,0,0,0,0,0,0,3,0,8,0,0,0,8,0,0,5,0,91,50,14,13,0,19,115,0,0,3,0,10,0,0,0,0,3,0,2,0,3,5,0,0,103,37,0,24,32,19,0,4,4,18,0,7,0,0,30,0,0,0,0,0,0,15,17,4,0,0,0,0,36,0,0,0,6,129,0,0,0,0,141,8,31,33,15,0,0,11,18,2,0,28,4,0,45,0,0,0,0,12,6,0,0,156,46,0,0,4,351,14,0,0,0,0,0,0,0,0,12,0,0,0,12,0,2,0,0,0,0,0,6,0,2,1,22,3,0,0,0,0,0,0,0,0,17,0,0,2,0,4,0,0,2,0,5,0,6,0,0,1,0,0,0,0,0,7,0,15,0,0,0,0,0,0,10,0,12,0,73,0,0,0,0,0,0,0,0,12,1832,198,0,0,36,0,0,0,2,2,39,0,0,0,88,95,0,0,0,0,0,6,10,34,22,16,0,0,0,104,17,0,0,0,0,0,2,4,0,0,0,9,0,0,0,4,107,0,0,0,0,0,0,0,0,24,0,0,6,0,0,0,39,0,0,3,0,10,0,0,15,0,276,0,6,0,108,0,0,6,2,0,0,0,11,0,0,0,40,26,2,1,0,0,12,0,0,0,3,0,0,8,0,0,1,0,4,0,3,0,2,0,0,10,3,0,8,7892,0,56,0,0,0,0,4,0,11,3,217,0,0,13,0,0,0,0,0,8,0,0,0,11,0,0,12,7,4,12,2,10,0,0,2
"D214",15,0,0,0,0,7,249,0,0,0,0,0,0,0,0,0,0,0,0,0,0,0,0,0,0,0,0,0,0,0,0,0,0,0,0,0,0,0,0,0,0,0,0,0,0,0,0,0,0,0,0,0,0,0,0,0,0,0,0,0,0,0,0,0,0,0,1,0,0,1646,0,0,0,0,0,0,0,0,0,0,0,0,0,0,0,0,0,0,0,0,0,0,0,0,0,0,0,0,0,0,0,0,0,0,0,0,0,0,0,0,0,0,0,0,0,2935,0,0,0,0,0,0,0,0,0,0,0,0,0,0,0,0,0,0,0,0,0,0,0,0,0,0,0,0,0,0,0,0,0,0,40,0,0,0,0,0,0,0,0,0,0,0,0,0,725,0,0,0,0,0,0,0,0,283,0,0,0,0,0,0,0,0,0,8,0,0,0,0,0,0,0,0,0,0,0,0,0,0,0,0,0,0,0,0,0,0,0,0,0,0,0,0,0,0,0,42,0,0,0,0,0,0,0,3,0,0,0,0,0,0,0,0,0,0,0,0,0,0,0,4,0,0,0,0,0,0,0,0,0,0,0,0,0,0,0,0,2848,0,0,0,0,0,0,0,0,0,0,0,0,0,2,0,0,0,0,44,0,0,0,0,0,0,0,0,0,0,1,0,0,0,0,0,68,0,0,0,0,0,0,0,0,0,0,0,10,0,0,0,0,0,0,0,0,0,0,0,0,0,0,0,0,0,0,0,0,0,4,0,0,0,0,0,0,0,0,0,0,0,0,0,0,0,430,0,0,0,0,0,0,0,0,0,0,0,0,0,32,0,0,0,0,10,0,0,0,1,0,0,0,0,0,0,0,0,0,0,0,0,0,7,0,0,0,0,0,0,0,0,0,0,0,0,0,0,0,0,0,0,0,0,0,0,0,0,0,0,0,0,0,0,0,0,0,0,0,0,0,0,0,0,0,0,0,0,0,0,0,0,0,0,0,0,0,0,0,0,0,0,0,45,0,0,0,0,0,0,0,0,0,0,23,418,0,0,0,0,0,0,0,0,0,0,0,0,192,0,0,0,0,0,0,1,0,0,0,2,0,0,0,0,0,0,0,0,0,0,0,0,0,0,0,0,0,0,0,0,0,0,0,0,0,0,0,0,0,0,0,0,0,0,0,0,0,0,0,134,0,0,0,0,0,0,0,0,709,0,0,0,0,0,0,0,0,0,0,0,0,0,0,40,0,0,0,0,0,0,0,0,0,0,0,0,0,0,0,0,0,0,0,0,0,0,0,0,0,0,0,0,0,15,0,0,0,0,0,0,0,0,313,0,0,0,0,0,0,0,0,0,0,0,0,0,0,0,0,0,0,0,0,0,0,0,0
"D215",7,0,0,0,0,0,0,0,0,0,0,0,0,0,0,0,0,0,0,4,92,0,0,0,0,0,0,0,0,0,0,8,0,0,0,0,0,0,0,0,0,0,0,0,0,0,0,0,0,0,0,0,85,0,19,0,0,71,0,0,0,0,0,30,0,0,1,0,0,8,0,0,0,0,0,0,0,0,0,35,0,0,0,0,0,0,9,0,0,0,2,0,0,0,0,0,0,0,0,0,0,0,0,0,0,0,284,0,0,22,0,0,0,0,0,0,0,0,0,0,20,0,0,0,0,0,0,0,0,52,0,2,0,0,0,0,9,0,0,0,0,0,0,0,0,0,0,0,0,0,59,16,0,34,0,0,0,0,0,0,0,0,0,0,0,0,0,0,0,0,0,0,0,84,0,0,0,0,0,0,0,0,0,0,0,0,0,0,0,0,0,0,0,0,0,0,0,0,0,0,0,0,0,0,0,0,0,0,0,0,0,0,0,0,0,0,0,0,0,0,0,0,0,129,0,0,0,0,0,0,0,0,0,0,0,0,0,0,11,0,0,358,11,0,0,0,0,0,0,10,0,0,13,0,0,0,0,0,10,0,0,0,0,0,0,0,0,0,0,0,0,0,0,0,0,0,0,0,23,0,16,0,9,0,0,0,0,0,0,0,0,0,3,6,0,6,0,0,0,0,0,0,0,0,2,7,0,50,0,10,0,0,4,0,0,0,373,0,25,0,0,0,0,0,0,0,0,12,0,0,0,0,0,0,0,0,0,0,0,0,0,0,0,0,14,0,11,0,0,0,0,0,6,0,0,0,0,0,0,0,0,13,0,0,0,15,0,0,0,0,0,0,0,0,0,0,0,0,0,0,0,0,0,0,0,0,0,0,0,0,0,0,0,0,0,0,0,0,0,0,0,6,0,20,0,0,0,0,0,0,0,0,0,0,0,0,0,0,0,0,0,0,0,0,0,0,0,0,0,0,0,0,0,0,0,0,0,0,3,0,18,0,0,0,0,30,0,0,0,0,0,34,0,0,15,0,0,0,4,0,6,0,0,0,23,10,0,0,0,0,0,0,8,31,0,8,0,0,0,0,0,0,0,0,0,0,0,35,0,0,0,0,6,0,0,0,0,5,0,0,0,0,22,0,0,0,0,0,12,0,0,0,0,0,0,0,0,0,0,0,1,0,2,0,53,0,23,0,0,0,0,0,0,0,0,0,0,0,0,37,0,0,0,0,0,0,0,0,0,0,0,0,0,0,0,0,0,0,0,0,0,0,0,0,0,0,0,0,0,0,0,0,0,0,0,0,0,0,220,0,0,0,0,0,0,0,0,5,0,0,0,0,0,0,8,10,0,0,0,0,0,0,0
"D216",0,0,0,0,0,0,0,0,0,0,0,12,0,0,0,77,27,0,0,90,0,0,1,0,0,0,0,0,0,0,0,0,0,0,0,0,0,0,0,19,0,0,0,0,0,0,0,0,13,0,0,0,0,0,0,0,0,0,0,0,0,0,24,0,0,0,41,0,0,0,0,0,0,0,0,0,0,0,0,0,0,0,0,0,0,0,0,0,0,0,0,0,0,9,0,0,0,0,1,0,6,0,0,0,0,0,0,0,0,0,0,0,0,0,0,0,0,0,0,0,0,63,0,0,0,0,0,147,2,0,0,0,0,0,0,0,0,0,0,0,3,0,0,6,3,0,0,4,0,0,0,0,0,0,0,0,0,0,0,0,0,0,0,0,0,0,0,0,0,0,0,0,0,0,0,0,0,0,0,0,0,0,0,0,0,0,0,0,0,0,0,0,0,248,0,0,0,0,0,7,0,0,0,0,0,0,0,0,0,0,0,0,0,0,0,0,0,0,0,0,0,0,0,0,0,0,0,0,0,0,0,0,0,13,0,0,0,0,0,0,0,0,0,0,0,0,10,0,0,0,0,0,0,0,71,0,0,0,0,0,0,0,0,0,0,0,1,0,0,0,0,0,0,0,0,0,0,0,0,0,160,0,0,0,0,0,0,0,0,4,0,0,0,0,132,0,0,0,0,3,0,0,0,0,1,0,34,0,0,0,0,0,0,0,0,0,0,0,0,0,0,0,0,0,0,0,0,0,0,0,64,0,0,0,0,0,28,40,0,0,0,0,0,0,0,0,0,0,0,0,0,0,0,0,0,0,0,0,0,0,0,0,5,0,0,0,0,0,0,0,0,0,0,2,0,0,0,18,0,0,0,0,0,0,0,0,0,0,0,0,0,0,0,0,0,0,0,0,0,0,0,0,0,0,0,0,0,0,0,0,0,0,0,0,0,0,0,0,0,0,0,0,0,0,0,0,0,0,0,0,734,0,0,0,0,0,0,0,0,0,0,0,0,0,0,4,33,0,0,0,0,0,0,0,0,0,4,0,0,0,0,0,0,0,0,0,0,0,0,0,0,0,0,7,0,0,0,0,0,0,0,0,0,0,0,0,2,0,25,0,0,0,0,43,2,0,0,0,0,0,0,0,0,0,0,0,0,0,0,0,0,0,0,0,0,0,0,0,0,0,10,0,0,0,0,0,0,0,0,0,0,0,0,0,0,0,0,0,0,0,0,0,0,0,0,0,0,0,31,0,0,0,0,0,0,0,0,0,0,0,2,0,0,0,0,0,0,0,0,0,0,11,0,0,0,2,0,0,0,1,0,0,18,0,0,83,0,0,0,0,0,0,0,136,0,0,0,0,0,0,0,0,0
"D217",0,0,0,331,0,0,0,0,27,0,0,0,0,0,0,0,0,0,0,0,169,0,0,0,0,26,0,0,0,0,0,0,39,51,0,5,8,0,0,0,0,24,0,0,0,0,0,0,0,0,0,9,0,0,0,0,0,108,0,0,0,10,0,392,0,0,17,57,0,598,0,0,0,23,0,0,0,0,0,0,0,6,4,0,0,0,1271,0,0,0,0,0,7,0,0,36,0,0,0,0,0,4,0,0,0,59,0,5,0,0,6677,0,547,0,0,23,0,59,0,2,0,0,0,6,0,0,0,0,0,28,0,136,0,16,2,0,48,0,0,0,0,155,32,0,4,0,0,3,0,3,0,0,0,26,0,635,0,0,0,0,0,0,0,0,0,0,988,0,0,0,0,8,0,21,0,0,6,0,0,0,0,0,0,66,0,0,13,20,0,0,0,0,0,0,0,0,0,0,0,0,0,0,0,0,0,0,0,0,0,0,0,2,0,0,0,0,128,9,0,0,2,0,0,31,0,11,0,0,0,5,0,0,0,301,0,4,0,0,87,0,2,0,61,0,0,104,0,0,0,385,0,0,0,0,0,0,24,0,671,0,0,164,0,0,0,0,0,0,0,0,0,0,0,0,0,0,0,4,0,0,13,1661,7,18,0,3,33,0,15,5,0,0,28,0,0,2,0,0,13,45,0,0,0,0,10,99,0,0,0,0,6,2,0,0,0,86,0,0,5,0,0,0,0,0,0,0,2,0,0,0,0,0,254,0,0,0,0,0,0,0,0,0,25,0,179,0,13,0,113,0,3,0,0,26,0,0,0,0,0,0,0,50,0,0,0,13,0,0,9,0,22,0,0,0,0,0,0,0,0,24,11,0,0,0,0,0,0,0,0,0,0,0,0,0,0,0,0,0,0,0,0,0,0,8,0,0,4,0,113,0,39,0,0,0,8,0,0,0,0,0,1,8,0,0,0,0,0,0,0,0,0,0,0,0,0,0,0,62,0,5,0,0,0,0,0,0,0,0,0,0,0,662,28,0,0,0,0,0,0,0,0,0,99,0,32,5,0,0,0,0,0,0,1,0,5,0,0,0,0,0,85,0,8,0,0,0,0,47,0,0,0,0,0,0,0,2,0,0,0,0,0,22,5,0,0,0,0,0,4,0,0,0,0,0,0,0,0,0,0,0,3,0,16,0,319,3,134,0,0,0,0,0,0,0,0,0,143,0,0,6,10,0,0,0,0,0,0,60,0,0,0,0,0,0,5,0,0,0,0,0,42,0,0,0,0,0,7,21,0,3,0,0,0,0,0,0,0,0,1159,0,0,0,0,0,0,0,0,0,46,0,0,0,0,0,0,0,0,0,0,0,0,0,0
"D218",0,0,0,0,0,0,0,0,0,0,0,0,0,0,0,0,0,0,0,0,0,0,0,0,0,0,0,66,0,0,0,0,22,0,0,0,9,0,0,0,0,0,0,0,0,5,0,0,15,0,0,3,0,0,0,0,0,0,0,0,0,0,0,0,0,0,0,0,0,3664,0,0,0,0,0,0,0,0,0,0,0,0,0,0,0,0,0,0,0,0,0,0,0,0,0,0,0,0,0,0,0,0,0,0,0,0,0,0,0,0,0,0,0,0,0,74,0,0,0,0,0,0,0,0,0,0,0,0,0,0,0,0,0,0,0,0,0,0,0,0,0,0,0,0,0,0,0,0,0,0,0,0,0,0,0,0,0,0,0,0,0,0,0,0,1479,0,0,0,0,0,0,0,0,481,0,0,12,0,0,0,0,0,0,0,0,0,2,0,0,0,0,0,0,0,0,0,0,0,0,0,0,0,0,0,0,0,4,0,0,0,7,0,0,0,10,28,0,0,0,0,0,0,0,0,0,0,0,0,0,0,0,0,0,0,0,26,0,0,0,0,36,0,0,0,0,0,0,0,0,0,15,0,0,0,0,0,1528,0,0,0,0,0,0,0,0,0,0,0,0,0,0,0,339,0,0,12,0,0,0,0,0,0,54,0,0,0,18,0,0,0,0,3,0,0,0,0,0,0,0,0,0,0,0,0,48,0,0,0,0,0,0,0,0,0,0,0,0,0,0,0,0,0,0,0,0,0,0,0,0,0,0,0,74,0,0,0,0,0,0,0,0,0,58,0,0,0,2,0,223,0,0,0,0,0,0,0,3,0,0,0,0,0,0,0,0,0,0,0,0,0,0,0,0,0,0,0,0,0,0,0,0,0,0,0,0,0,0,0,0,0,0,0,0,0,0,0,11,0,0,0,0,0,0,0,0,0,0,0,0,0,0,0,0,0,0,0,0,0,0,0,0,0,0,0,0,0,0,0,0,0,0,0,0,0,0,0,0,0,4,0,0,0,0,0,0,0,0,0,0,0,0,257,0,0,0,0,0,0,0,0,52,0,0,0,37,0,0,0,0,0,0,1,0,0,0,9,0,0,0,0,0,0,36,0,0,0,0,0,0,0,0,0,0,0,0,43,0,0,0,0,0,0,0,0,0,0,0,0,0,0,0,0,0,0,0,0,0,0,0,0,0,0,0,0,358,0,0,0,0,0,0,0,0,0,0,0,0,0,0,0,0,0,0,0,0,0,0,0,0,0,0,0,0,0,0,0,0,0,0,0,0,0,0,0,0,0,0,0,0,6,0,0,0,0,0,0,0,0,0,0,0,0,0,0,0,0,0,0,0,0,0,0,0,0,0,0,0,0,0,0,0,0,0
"D219",8,20,0,0,0,0,218,0,0,0,0,0,0,0,0,0,0,0,0,0,44,0,0,0,0,0,0,0,0,0,0,0,5,0,0,0,0,0,0,0,0,0,0,0,0,0,0,0,0,0,0,0,0,0,0,0,0,0,0,0,0,20,0,0,0,0,0,0,0,119,0,0,0,0,0,0,0,0,0,0,0,0,0,0,0,0,0,0,0,0,0,0,0,0,0,0,0,0,0,0,0,0,0,0,0,0,0,0,0,0,0,0,0,0,0,162,0,0,0,0,0,0,0,0,0,0,0,0,0,0,0,0,0,0,0,0,0,0,0,0,0,0,0,0,0,0,0,3,0,0,0,0,0,0,0,0,0,0,0,0,0,0,0,0,428,0,0,0,0,0,0,0,0,146,0,0,0,0,0,0,0,0,0,0,0,0,0,0,0,0,0,0,0,0,0,0,0,0,0,0,0,0,0,0,0,0,0,0,0,0,0,0,0,0,3,10,0,0,0,0,0,0,0,40,0,0,0,0,0,0,0,0,0,0,0,0,0,0,0,5,0,0,0,0,0,131,0,0,0,0,0,0,0,0,0,0,2953,0,0,0,0,0,0,0,0,0,0,0,0,0,0,0,0,0,0,84,0,0,0,0,0,0,31,0,0,0,15,0,0,0,0,0,174,0,0,0,0,0,0,0,0,2,0,0,70,0,0,0,0,0,0,0,0,0,0,0,0,0,0,0,0,0,0,0,0,0,32,0,0,0,0,0,1,0,0,0,0,0,0,0,0,0,337,0,0,0,15,0,2,0,0,0,0,0,0,0,24,0,0,0,0,0,0,0,0,0,0,0,0,0,0,0,0,0,0,0,0,0,0,0,0,0,0,0,0,0,0,0,0,0,0,0,0,0,0,0,0,0,0,0,0,0,0,0,0,0,0,0,0,0,0,0,0,0,0,0,0,0,0,0,0,0,0,0,0,0,0,0,0,0,0,0,0,0,0,0,0,0,0,5,0,0,0,0,0,0,0,0,0,0,264,465,0,0,0,0,0,0,0,0,0,0,0,0,61,0,0,0,0,0,0,0,0,0,0,6,0,0,0,0,0,0,0,0,0,0,0,0,0,0,0,0,0,0,0,4,0,0,0,0,0,0,0,0,0,0,0,0,0,0,0,0,0,0,0,219,0,0,0,0,0,0,0,0,110,0,0,0,0,0,0,0,0,0,0,0,0,0,0,60,0,0,0,0,0,0,0,0,0,0,0,0,0,0,0,0,0,0,0,0,0,0,0,0,0,0,0,0,0,16,0,0,0,0,0,0,0,0,357,0,0,0,0,0,0,0,0,0,0,0,0,0,0,0,0,0,0,0,0,0,0,0,0
"D220",0,17,130,0,0,4,0,0,0,9,5,430,0,19,0,0,2,2,0,0,0,0,0,3,6,0,0,16,55,0,135,0,0,0,6,2,0,3,0,59,0,0,63,157,13,0,0,46,27,0,0,34,221,0,0,0,6,0,0,0,2,0,13,0,0,18,0,0,16,0,8,0,0,0,0,14,0,23,3,0,0,0,0,4,0,0,0,0,0,0,7,0,2,2,3,0,0,1,0,49,44,0,0,0,11,0,0,32,116,3,0,0,0,3,11,1,8,0,0,6,0,2,92,0,21,0,4,0,0,0,0,0,2,0,11,20,0,0,5,0,29,0,0,0,5,0,0,0,18,0,0,17,17,50,5,0,0,232,0,27,39,0,384,8,0,8,0,41,0,6,0,3,0,1,0,4,0,5,7,185,6,0,0,0,0,16,0,0,19,0,0,0,44,0,0,4,11,1,2,4,0,0,22,0,217,1,0,0,39,0,0,2,0,166,0,0,0,0,0,3,17,34,1,0,0,432,171,33,0,0,0,0,2,0,4,0,0,29,1,0,0,0,0,0,0,0,0,35,0,0,10,0,0,21,0,3,0,0,0,0,55,0,4,0,0,4,0,0,1,1,6,0,0,1,16,19,0,0,0,8,310,0,0,0,5,13,0,0,0,5,5,0,0,322,0,3,0,21,0,5,0,0,0,61,4,0,0,145,5,0,29,0,19,37,68,0,0,0,0,9,0,0,71,4,0,23,0,0,31,915,0,36,0,2,9,0,98,16,0,2,22,2,0,6,0,140,0,0,0,0,16,0,23,0,0,0,0,23,0,8,23,2,0,51,4,0,145,34,0,2,0,10,6,0,573,0,24,0,11,0,0,0,7,0,0,0,510,0,53,48,49,8,4,0,2,49,0,3,0,0,0,5,0,0,21,114,1,0,0,7,0,37,0,0,0,0,0,17,0,7,1,21,25,0,3,12,1,204,0,0,0,0,0,0,0,438,0,0,0,0,0,6,0,43,7,0,0,7,2,0,0,0,0,0,48,0,24,31,40,0,0,26,0,1,0,2,0,0,6,0,702,4,0,84,0,0,0,0,5,0,0,11,0,0,22,0,0,0,0,72,0,0,2,0,9,0,0,16,0,17,0,0,0,9,0,1213,0,0,2,2,1,24,0,69,0,0,4,19,12,9,9,0,33,0,0,0,0,27,97,39,1,4,28,2,0,40,0,10,8,35,0,0,0,24,2,4,2,0,22,0,11,0,59,0,0,1,0,4,2,109,0,0,24,3,1,11,222,0,0,0,0,0,10,17,0,11,0,132,81,0,10,0,0,12,164,0,235,35,0,0,0,6,4,0,949,0,0,2,17,0,113,21,0
"D221",13,200,682,0,2,39,0,0,0,0,46,190,0,5,0,0,0,10,0,0,0,29,0,71,268,0,0,0,60,0,46,7,0,0,210,0,0,41,0,0,0,0,0,0,0,0,5,2,0,11,0,13,184,4,4,0,0,41,0,0,184,0,18,0,0,0,6,0,79,0,0,0,0,0,0,229,0,120,5,20,0,2,3,15,0,0,25,0,89,1,2,0,0,0,0,37,0,4,0,146,54,0,0,0,0,0,0,278,191,0,0,7,0,5,46,0,0,0,5,107,0,26,0,0,118,595,4,0,0,0,0,0,37,0,0,52,0,0,17,0,0,0,0,0,0,47,3,0,144,0,0,57,183,98,2,0,0,0,0,378,18,0,197,8,0,16,0,10,0,321,0,0,0,10,13,9,6,33,85,37,36,84,45,0,0,0,0,0,381,0,0,65,20,0,0,3,11,82,0,12,9,0,5,0,854,287,2,32,13,3,1,0,0,311,0,0,0,0,7,0,25,0,14,16,0,101,1,1110,0,0,1,0,3,215,0,0,13,0,16,7,3,2,0,4,0,0,0,52,0,0,0,0,10,58,0,19,0,17,0,0,261,6,0,2,570,5,31,0,46,0,344,0,0,8,0,0,0,0,0,31,484,0,0,14,0,18,0,0,0,0,143,0,0,0,15,0,15,1,0,48,22,0,0,0,2,0,0,20,213,0,239,0,539,0,6,0,4,0,1,0,2094,0,36,1,21,5,4,1,45,661,0,337,50,0,0,0,0,0,0,18,116,2,0,0,140,0,0,33,0,13,16,45,35,0,10,0,16,4,0,0,0,49,9,0,0,0,174,128,0,78,59,17,10,4,1,3,0,0,0,0,0,0,5,0,0,0,1628,0,2,4,211,0,41,0,0,3933,0,3,0,0,0,3,18,0,361,0,1,3,0,0,0,1270,0,0,0,0,0,30,5,0,0,7,15,0,3,16,1,1094,20,8,0,0,0,0,0,8,5,0,0,0,59,0,0,28,40,38,0,84,0,0,0,2,0,0,208,0,18,65,0,0,0,53,0,3,32,5,0,14,0,82,1,10,0,0,113,0,0,0,0,0,0,4,0,130,0,0,0,0,0,0,0,0,2,0,0,0,0,12,0,0,0,0,0,0,0,896,0,0,0,0,25,43,0,7,0,0,16,96,164,0,55,0,44,0,0,0,0,0,103,29,7,0,187,6,0,0,0,35,0,34,0,0,0,0,0,10,5,0,21,0,0,3,43,0,0,2,34,0,4,1399,0,2,42,0,19,39,114,0,0,0,0,0,0,0,0,0,296,0,459,0,43,39,0,0,184,0,0,153,0,0,0,0,0,0,100,0,3,1,0,0,277,82,0
"D222",14,1024,337,0,0,20,0,24,0,0,0,7,0,21,12,0,0,9,0,0,0,9,0,427,141,0,0,0,0,0,55,24,11,0,517,0,0,4,0,13,0,0,0,0,0,214,0,0,0,14,0,0,1309,0,0,0,0,72,6,0,82,0,0,0,0,0,1,0,18,459,0,0,0,0,0,144,0,0,24,74,0,1,0,6,0,0,0,0,484,0,8,0,0,0,0,0,0,0,0,92,0,0,0,0,0,0,0,277,9,0,0,1,0,4,3,0,0,1,0,635,0,41,0,0,15,93,35,0,0,0,0,0,40,0,0,13,0,0,0,0,0,0,8,0,0,35,0,12,120,0,0,36,1075,23,0,0,0,0,0,26,3,0,312,0,841,7,0,4,0,30,0,0,0,291,86,0,8,16,37,385,0,31,0,0,0,0,0,0,0,0,0,47,0,0,0,10,1,304,0,9,11,0,0,0,39,116,0,4,0,0,6,0,0,345,0,0,0,0,10,6,0,0,0,6,0,29,0,306,0,0,0,0,2,143,0,0,33,0,130,11,2,0,0,0,0,0,0,1,0,0,0,3,91,2,0,12,0,8,0,0,11,0,0,0,205,0,10,0,22,0,7,4,428,0,0,5,2,0,0,20,281,0,0,0,0,66,0,2,0,1,27,0,0,0,2,14,6,0,12,0,2,0,0,0,17,0,0,263,331,4,164,2,423,0,0,0,0,0,6,0,327,3,101,0,14,0,3,0,95,158,0,0,1773,3,0,0,0,39,0,11,3,39,585,0,1054,0,0,65,0,23,3,39,7,0,10,0,9,15,0,0,0,109,0,0,0,155,57,438,0,5,139,17,2,2,0,29,0,0,0,0,11,0,0,0,0,0,367,0,0,0,37,0,60,0,0,1976,0,0,0,0,0,19,0,6,67,0,44,0,0,0,10,668,0,0,0,0,0,0,3,0,0,2,0,0,0,10,37,268,1,2,0,0,0,0,0,0,35,0,7,1,119,0,0,0,0,8,0,70,0,0,0,149,0,0,107,0,0,14,0,0,0,0,0,0,223,24,2,0,0,28,30,3,3,0,532,0,0,0,0,0,0,2,0,65,0,0,0,0,0,0,27,0,0,0,2,15,0,18,0,0,0,0,0,0,0,71,0,0,0,0,6,13,0,0,0,0,0,32,31,0,52,0,611,0,46,0,0,0,0,12,4,0,284,3,0,0,0,39,40,182,0,0,0,0,0,0,105,0,0,0,2,2,0,0,0,0,96,0,0,66,0,7,0,0,8,2,42,0,0,0,3,0,0,0,0,0,962,0,407,0,0,163,0,19,32,0,0,250,0,0,0,0,0,0,18,0,0,130,0,0,0,230,0
"D223",0,0,0,0,0,0,0,0,0,0,0,0,0,0,0,0,0,0,0,0,0,0,0,0,0,0,0,0,0,0,0,0,0,0,0,0,0,0,0,0,0,0,0,0,0,0,0,0,0,0,0,0,0,0,0,0,0,0,0,0,0,0,0,0,0,0,0,0,0,1180,0,0,0,0,0,0,0,0,0,0,0,0,0,0,0,0,0,0,0,0,0,0,0,0,0,0,0,0,0,0,0,0,0,0,0,0,0,0,0,0,0,0,0,0,0,0,0,0,0,0,0,0,0,0,0,0,0,0,0,0,0,0,0,0,0,0,0,0,0,0,0,0,0,2,0,0,0,0,0,0,0,0,0,0,0,0,0,0,0,0,0,0,0,0,507,0,0,0,0,0,0,0,0,3,0,0,0,0,0,0,0,0,0,0,0,0,0,0,0,0,0,0,0,0,0,0,0,0,0,0,0,0,0,0,0,0,0,0,0,0,0,0,0,0,0,0,0,0,0,0,0,0,0,0,0,0,0,0,0,0,0,0,0,0,0,0,0,0,0,0,0,0,0,0,0,0,0,0,0,0,0,0,0,0,0,0,317,0,0,0,0,0,0,0,0,0,0,0,0,0,0,0,345,0,0,0,0,0,0,0,0,0,0,0,0,0,0,0,0,0,0,0,0,0,0,0,0,0,0,0,0,0,0,0,0,0,0,0,0,0,0,0,0,0,0,0,0,0,0,0,0,0,0,0,0,0,0,0,0,0,0,0,2,0,0,0,0,0,0,0,0,0,0,0,0,0,0,0,4,0,0,0,0,0,0,0,0,0,0,0,0,0,0,0,0,0,0,0,0,0,0,0,0,0,0,0,0,0,0,0,0,0,0,0,0,41,0,0,0,0,0,0,0,0,0,0,0,0,0,0,0,0,0,0,0,0,0,0,0,0,0,0,0,0,0,0,0,0,0,0,0,0,0,0,0,0,0,0,0,0,0,0,0,0,0,0,0,0,0,0,0,0,0,0,0,0,0,0,0,0,0,455,0,0,0,0,0,0,0,0,6,0,0,0,0,0,0,0,0,0,0,3,0,0,0,0,0,0,0,0,0,0,0,0,0,0,0,0,0,0,0,0,0,0,0,0,0,0,0,0,0,0,0,0,0,0,0,0,0,0,0,0,0,0,0,0,0,0,0,0,0,0,0,0,1113,0,0,0,0,0,0,0,0,0,0,0,0,0,0,0,0,0,0,0,0,0,0,0,0,0,0,0,0,0,0,0,0,0,0,0,0,0,0,0,0,0,0,0,0,0,0,0,0,0,0,0,0,0,0,0,0,0,0,0,0,0,0,0,0,0,0,0,0,0,0,0,0,0,0,0,0,0,0
"D224",0,15,3,0,0,5,0,8,0,0,13,64,0,18,5,14,0,44,31,19,0,7,43,14,0,0,0,0,0,4,86,2,9,0,20,25,0,12,0,232,17,0,95,16,13,0,0,3,65,0,0,3,196,0,0,8,20,0,0,3,6,0,25,0,0,73,5,0,0,0,0,0,0,0,4,46,28,0,21,5,0,0,0,11,0,0,0,0,43,0,8,40,0,0,0,6,0,0,7,52,84,66,0,6,0,0,0,1,210,8,0,7,0,0,26,0,0,0,0,24,26,0,2,0,0,0,5,0,0,0,67,0,0,0,0,23,0,0,0,0,34,0,0,84,5,6,2,1,4,0,0,0,0,19,8,0,25,0,30,15,11,56,0,9,2,5,0,14,40,16,0,4,15,8,0,10,0,0,0,67,16,0,0,0,0,43,13,0,22,81,27,0,21,6,0,1,5,0,4,0,0,0,27,0,43,0,0,25,0,3,1,20,0,35,0,6,0,0,12,1,2,36,0,5,138,64,0,94,0,0,0,10,0,0,0,0,2,18,18,0,0,0,0,38,0,0,3,172,0,0,15,2,0,7,0,0,0,17,0,0,22,0,37,16,6,0,94,0,7,12,2,25,0,2,3,0,4,80,7,4,165,0,1,5,1,0,3,0,0,14,1,0,0,127,238,0,9,12,0,26,36,0,40,255,32,0,104,0,51,0,3,0,89,12,60,0,5,231,0,16,6,18,4,31,3,3,0,3,43,333,0,0,17,9,130,7,0,21,0,0,61,3,0,20,0,175,0,12,0,3,28,14,11,0,2,0,4,4,0,0,0,0,4,2,0,0,30,19,0,0,10,4,0,0,86,34,104,37,7,0,0,197,5,9,0,0,55,0,9,0,0,15,20,0,4,0,0,0,0,3,0,0,0,0,0,8,0,36,0,12,0,0,2,12,0,0,6,0,1,76,6,0,3,0,0,23,0,29,0,0,0,0,0,0,0,24,9,0,0,0,5,33,0,20,35,3,0,9,0,0,0,1,0,7,6,3,0,0,10,50,0,5,0,0,10,0,0,7,43,8,226,0,0,74,6,0,0,0,2,0,0,0,0,3,43,0,0,0,180,0,0,11,3,7,4,0,0,6,0,55,0,0,6,1,0,258,34,0,0,0,13,0,7,133,0,0,8,5,4,8,0,0,141,11,0,0,43,15,185,9,11,9,2,0,0,99,0,5,55,0,0,2,0,17,20,12,13,14,69,0,0,4,6,0,0,10,0,15,6,144,0,0,21,4,0,0,82,0,0,7,6,0,153,10,6,3,137,30,18,30,0,33,107,3,5,259,13,4,0,0,0,0,53,0,25,19,0,0,0,0,17,1,0
"D225",0,0,0,2179,0,0,40,0,11,0,0,0,0,0,0,0,6,0,0,0,5,0,0,0,0,12,0,0,0,0,0,0,0,0,0,0,0,0,0,0,0,0,0,0,0,0,0,0,0,0,26,3,0,0,0,0,0,0,0,0,0,0,0,88,7,0,0,0,0,0,0,0,0,10,0,0,0,0,0,0,0,0,0,0,0,0,0,0,0,0,0,0,0,0,0,0,0,0,0,3,0,0,2,0,0,1269,3,0,0,0,15737,0,12108,0,0,0,0,665,0,0,0,0,0,5,0,0,0,19,0,11,0,7,0,0,0,0,9477,8,0,0,0,2,13,0,0,0,0,0,0,6,0,0,0,0,0,32,0,0,0,0,0,0,0,0,0,0,3511,0,0,0,0,0,0,0,0,0,0,0,0,0,0,0,0,12,0,0,0,9,0,0,0,0,0,0,0,0,0,0,0,0,0,0,0,0,0,0,0,0,0,0,0,0,0,0,0,0,0,174,0,0,0,0,0,0,0,0,0,0,0,0,0,0,0,39,0,0,0,0,0,0,0,0,0,0,0,6,0,0,0,2,0,0,0,0,2,0,0,0,6009,14,0,42,0,0,0,0,0,0,0,0,0,0,0,0,0,0,0,0,0,0,0,16,0,0,0,0,3,0,2,0,0,0,0,0,0,0,0,0,0,10,0,0,0,0,0,31,0,0,0,0,0,0,0,0,0,1851,0,0,2,0,0,0,0,0,0,0,0,0,0,0,0,0,11,0,0,0,0,0,0,0,0,0,0,0,0,0,0,0,15,0,0,0,0,3,0,182,0,0,0,0,0,0,0,0,0,2,0,0,0,0,0,0,0,0,0,0,0,0,0,13,6,0,0,0,0,9,0,0,0,0,0,0,0,3,8,0,0,0,0,0,0,0,0,0,0,0,0,0,3904,0,13,0,0,0,139,1,0,0,0,0,0,0,0,0,0,0,0,0,0,0,0,0,5,0,0,0,0,0,0,0,0,0,0,0,0,0,0,0,0,0,0,0,0,0,0,10,0,0,0,3,0,0,2304,0,0,0,0,0,0,0,0,0,0,0,0,0,6,6,0,546,0,0,0,0,0,0,0,3,0,0,0,0,0,0,0,3,0,0,0,0,0,0,0,0,7,0,0,0,0,0,0,0,0,0,0,0,0,0,0,0,0,0,0,0,178,212,8,0,0,0,0,0,0,0,0,0,341,0,0,0,11,0,6,0,0,0,0,3,0,0,0,0,0,0,2,0,0,0,0,3,8,3,0,0,0,0,3,1,2,0,0,0,0,0,0,0,0,0,0,0,0,0,0,0,0,0,0,0,67,0,0,0,0,0,0,0,0,0,0,0,43,0,0
"D226",0,0,0,0,0,0,0,0,0,13,0,0,3,0,2,18,0,0,0,0,12,0,0,0,0,0,146,0,0,0,1,0,28,1340,0,0,0,0,0,0,0,0,0,92,0,344,0,0,0,0,0,37,4,2,11,0,0,0,0,0,0,0,0,0,355,0,0,0,0,0,3,166,145,0,0,0,0,0,2,0,2237,0,0,0,0,232,9,107,0,47,0,0,0,0,0,0,22,75,0,0,0,0,387,32,0,0,0,0,0,0,0,0,0,0,0,2,0,0,0,0,0,0,0,0,0,0,8,1715,0,0,0,0,0,0,0,0,0,115,0,0,0,2,0,0,0,0,0,7,0,7,0,0,0,0,0,0,4,0,0,0,0,2,0,0,0,0,0,0,0,0,28,3,2,0,0,0,18,0,0,0,0,0,0,0,119,0,0,0,0,0,0,0,0,0,0,0,0,0,0,0,0,52,0,0,0,0,0,0,0,0,0,0,0,0,0,0,0,0,0,0,56,0,0,0,0,0,0,0,0,0,185,0,2,0,0,0,0,0,0,0,0,0,0,0,10,0,0,0,55,0,0,0,0,189,2,0,0,0,0,0,0,0,0,0,0,0,0,0,0,0,0,0,0,0,0,0,0,0,0,0,2,0,7,0,0,0,36,0,0,0,0,0,0,0,0,30,0,0,0,4,0,0,0,0,0,0,0,0,0,0,0,0,0,0,2,0,0,0,0,0,0,0,0,0,0,0,0,0,0,0,0,0,4,0,0,0,0,0,667,0,0,12,0,0,0,0,18,0,0,0,0,0,0,0,0,0,0,0,0,0,144,0,0,0,0,0,0,0,18,0,0,0,0,0,0,0,0,0,0,0,0,0,0,24,408,4,0,0,0,2,0,0,0,0,0,0,4,0,386,0,0,0,0,19,0,0,7,0,0,0,0,0,0,0,0,418,0,0,0,0,0,0,0,0,0,0,0,0,0,0,0,3,492,68,54,0,81,0,0,5,0,0,123,0,0,0,6,0,0,0,0,0,0,0,0,87,0,0,0,0,0,0,0,0,0,0,0,0,0,0,0,0,0,1435,0,0,450,1021,0,0,0,0,0,0,0,11,0,0,0,0,0,0,0,0,0,0,0,0,932,0,107,0,0,0,288,0,0,0,0,0,2,0,0,0,750,0,0,0,0,0,0,4,0,0,0,0,0,0,0,0,0,0,0,0,0,0,0,0,0,0,0,0,1726,0,0,0,0,0,0,795,0,0,0,1481,0,0,0,0,0,0,0,0,0,0,0,0,0,0,0,17,0,4,0,0,0,0,0,0,0,0,0,0,0,0,0,0,0,0,0,2013,84,81,0,0,0,0,0,18,0,2,0,0,0
"D227",0,0,0,0,0,0,0,0,0,0,0,0,0,0,0,0,0,0,0,0,0,0,0,0,0,0,0,0,0,0,0,0,0,0,0,0,0,0,0,0,0,0,0,0,0,0,0,0,0,0,0,0,0,0,0,0,0,0,0,0,0,0,0,0,0,0,0,0,0,0,0,0,0,0,0,0,0,0,0,0,0,0,0,0,0,0,0,0,0,0,0,0,0,0,0,0,0,0,0,0,0,0,0,0,0,0,3,0,0,0,0,0,0,0,0,0,0,0,0,0,0,0,0,0,0,0,0,0,0,0,0,0,0,0,0,0,0,0,0,2,0,0,0,0,0,0,0,0,0,0,0,0,0,0,0,0,0,0,0,0,0,0,0,0,0,0,0,0,0,0,0,0,0,0,0,0,0,0,0,0,0,0,0,0,0,0,0,0,0,0,0,0,0,0,0,0,0,0,0,0,0,0,0,0,0,0,0,0,0,0,0,0,0,0,0,0,0,0,0,0,0,0,0,81,0,0,0,0,0,0,0,0,0,0,0,0,0,0,0,0,0,0,0,0,0,0,0,0,0,0,0,0,0,0,0,0,0,0,0,0,0,18,0,0,0,0,0,0,0,0,0,0,0,0,0,0,0,0,0,0,0,0,0,0,0,0,0,0,0,0,0,0,0,0,0,0,0,0,0,0,0,0,0,0,0,0,0,0,0,0,0,0,0,0,0,0,7,0,0,0,0,0,0,0,0,0,0,0,0,0,0,0,0,0,0,0,0,0,0,0,0,0,0,0,0,0,0,0,0,0,0,0,0,0,0,0,0,0,0,0,0,0,0,0,0,0,0,0,0,0,0,0,0,0,0,0,0,0,0,0,0,0,0,0,0,0,0,0,0,0,0,0,0,0,0,0,0,0,0,0,0,0,0,0,0,0,0,0,0,0,0,0,0,0,0,0,0,0,0,0,0,0,0,0,0,0,0,0,0,0,0,0,0,0,0,0,0,0,0,0,0,0,0,0,0,0,0,0,0,0,0,0,0,0,0,0,0,0,0,0,2,0,0,0,0,0,0,0,0,0,0,0,0,0,0,0,0,0,0,0,0,0,0,0,0,0,0,0,0,0,0,0,0,0,0,0,0,0,0,0,0,0,0,0,0,0,0,465,0,0,0,0,0,0,0,0,0,0,0,0,0,0,0,0,0,0,1,0,0,0,0,0,0,0,0,0,0,0,0,0,0,0,0,0,0,0,0,0,0,0,0,0,0,0,0,0,0,0,0,0,0,4999,0,0,0,0,0,0,0,4,0,0,0,0,0,0,0,0,12,0,0,0,0,0,0,0,0,0,0,0,0,0,0,0,0,0,0,0,0,0,0,0,0
"D228",0,0,0,31,4,0,234,0,0,7,0,0,0,0,0,0,0,0,0,0,4,0,0,0,0,86,0,0,0,0,0,1,9,0,0,0,0,0,0,0,0,1451,0,0,0,0,0,0,0,0,124,0,0,0,1,0,16,0,0,0,0,0,0,3,0,0,61,0,0,0,0,0,0,13,0,0,0,0,0,0,0,0,0,0,0,0,0,0,0,0,0,0,0,0,0,0,0,0,0,0,0,0,0,0,0,26,0,0,0,0,468,0,84,0,0,0,0,2134,0,0,0,0,0,2,0,0,0,0,0,0,0,4,0,2,0,0,3,0,0,1,0,0,130,0,0,0,0,3,0,0,0,0,0,0,0,21,0,0,0,0,0,0,0,0,0,0,240,0,0,0,0,0,0,2,0,0,2,0,0,1,0,0,0,0,0,0,1,0,0,0,0,0,0,0,0,0,0,0,0,0,0,0,0,28,0,0,11,0,0,0,0,0,0,0,0,2,164,1719,0,0,0,0,0,0,0,0,0,0,0,0,0,0,0,278,0,1,0,0,0,0,2,2,0,0,0,0,0,0,0,0,0,0,0,0,0,0,0,0,1951,13,0,15,0,0,0,0,0,0,0,0,0,0,13,0,0,0,2,0,0,0,13,0,2,0,0,0,7,0,0,0,0,0,0,0,0,0,0,0,0,0,0,0,0,0,0,0,0,0,0,0,0,36,0,0,0,86,0,0,0,0,0,0,0,0,0,0,0,0,0,0,0,0,13,0,0,0,0,0,0,0,0,0,19,0,0,3,0,0,1,0,0,0,0,0,0,348,0,0,387,0,0,0,0,0,0,0,0,0,0,0,16,0,0,0,0,0,0,0,0,1,0,0,0,0,0,1938,0,0,0,0,0,0,0,0,0,0,2,0,0,0,0,0,0,0,0,0,0,0,19,0,294,0,0,0,3,0,0,0,0,0,0,0,0,0,0,0,0,0,0,0,0,0,0,0,0,0,0,2,0,0,0,0,0,0,0,0,0,0,0,0,0,37,0,0,0,0,0,0,0,0,0,0,0,0,2,0,0,0,0,0,0,0,8,0,0,0,0,0,0,157,2678,0,3,0,0,0,0,0,0,0,0,0,4,0,0,7,0,0,0,0,0,0,2,0,0,3,0,0,0,2,0,0,0,0,0,0,0,0,0,0,5,0,5,0,0,4,2,0,0,0,0,0,2,0,0,0,0,0,0,0,4,0,0,0,0,0,0,0,0,0,0,0,9,0,0,0,0,0,0,0,433,0,0,3,0,0,0,11,0,3,0,0,0,0,0,0,0,0,0,0,0,0,0,0,0,0,0,0,0,0,0,0,0,0,0,0,0,0,0,0,8,11,0
"D229",2,0,0,0,0,0,1716,0,0,0,0,0,0,0,0,0,0,0,0,0,0,0,0,0,0,0,0,0,0,0,0,0,0,1,0,0,0,0,0,0,0,0,0,0,0,0,0,0,0,0,0,0,0,0,0,0,0,0,0,0,0,0,0,0,0,0,0,0,0,2,0,0,0,0,0,0,0,0,0,0,0,0,0,0,0,0,0,0,0,0,0,0,0,0,0,0,0,0,0,0,0,0,0,0,0,0,0,0,0,0,0,0,0,0,0,157,0,0,0,0,0,0,0,0,0,0,0,0,0,0,0,0,0,0,0,0,0,0,0,0,0,0,0,0,0,0,0,0,0,0,345,0,0,0,0,0,0,0,0,0,0,3,0,0,90,0,0,0,0,0,0,0,0,3,0,0,0,0,0,0,0,0,0,0,0,0,0,0,0,0,0,0,0,0,0,0,0,0,0,0,0,0,0,0,0,0,0,0,0,0,0,0,0,0,0,2,0,0,0,0,0,0,0,0,0,0,0,0,0,0,0,0,0,0,0,0,0,0,0,0,0,0,0,0,0,0,0,0,0,0,0,0,0,0,0,0,5686,0,0,0,0,0,0,0,0,0,0,0,0,0,0,0,0,0,0,0,0,0,0,0,0,0,0,0,0,0,0,0,0,0,0,0,29,0,0,0,0,0,0,0,0,0,0,0,0,0,0,0,0,0,0,0,0,0,0,0,0,0,0,0,0,0,0,0,0,0,27,0,0,0,0,0,0,0,0,0,0,0,0,0,0,0,90,0,0,0,0,0,0,0,0,0,0,0,0,0,4,0,0,0,0,0,0,0,0,0,0,0,0,0,0,0,0,0,0,0,0,0,0,55,0,0,0,0,0,0,0,0,0,0,0,0,0,0,0,0,0,0,0,0,0,0,0,0,0,0,0,0,0,0,0,0,0,0,0,0,0,0,0,0,0,0,0,0,0,0,0,0,0,0,0,0,0,0,0,0,0,0,8,0,0,0,0,0,0,0,0,0,0,0,0,59,0,0,0,0,0,0,0,0,0,0,0,0,48,0,0,0,0,0,0,31,0,0,0,13,0,0,0,0,0,0,0,0,0,0,0,0,0,0,0,0,0,0,0,0,0,0,0,0,0,0,0,0,0,0,0,0,0,0,0,0,0,0,0,22,0,0,0,0,0,0,0,0,188,0,0,0,0,0,0,0,0,0,0,0,0,0,0,10,0,0,0,0,0,0,0,0,0,0,0,0,0,0,0,0,0,0,0,0,0,0,0,0,0,0,0,0,0,0,0,0,0,0,0,0,0,0,3289,0,0,0,0,0,0,0,0,0,0,0,0,0,0,0,0,0,0,0,0,0,0,0,0
"D230",0,0,0,0,0,0,0,0,0,0,0,0,0,0,0,0,0,0,0,0,0,0,0,0,0,0,0,0,0,0,0,0,0,0,0,0,0,0,0,0,0,0,0,0,0,0,0,0,0,0,0,0,0,0,0,0,0,0,0,0,0,0,0,0,0,0,0,0,0,0,0,0,0,0,0,0,0,0,0,0,0,0,0,0,0,0,0,0,0,0,0,0,0,0,0,0,0,0,0,0,0,0,0,0,0,0,0,0,0,0,0,0,0,0,0,0,0,0,0,0,0,0,0,0,0,0,0,0,0,0,0,0,0,0,0,0,0,0,0,0,0,0,0,0,0,0,0,0,0,0,0,0,0,0,0,0,0,0,0,0,0,0,0,0,0,0,0,0,0,0,0,0,0,0,0,0,0,0,0,0,0,0,0,0,0,0,0,0,0,0,0,0,0,0,0,0,0,0,0,0,0,0,0,0,0,0,0,0,0,0,0,0,0,0,0,0,0,0,0,0,0,0,0,0,0,0,0,0,0,0,0,0,0,0,0,0,0,0,0,0,0,0,0,0,0,0,0,0,0,0,0,0,0,0,0,0,0,0,0,0,0,0,0,0,0,0,0,0,0,0,0,0,0,0,0,0,0,0,0,0,0,0,0,0,0,0,0,0,0,0,0,0,0,0,0,0,0,0,0,0,0,0,0,0,0,0,0,0,0,0,0,0,0,0,0,0,0,0,0,0,0,0,0,0,0,0,0,0,0,0,0,0,0,0,0,0,0,0,0,0,0,0,0,0,0,0,0,0,0,0,0,0,0,0,0,0,0,0,0,0,0,0,0,0,0,0,0,0,0,0,0,0,0,0,0,0,0,0,0,0,0,0,0,0,0,0,0,0,0,0,0,0,0,0,0,0,0,0,0,0,0,0,0,0,0,0,0,0,0,0,0,0,0,0,0,0,0,0,0,0,0,0,0,0,0,0,0,0,0,0,0,0,0,0,0,0,0,0,0,0,0,0,0,0,0,0,0,0,0,0,0,0,0,0,0,0,0,0,0,0,0,0,0,0,0,0,0,0,0,0,0,0,0,0,0,0,0,0,0,0,0,0,0,0,0,0,0,0,0,0,0,0,0,0,0,0,0,0,0,0,0,0,0,0,0,0,0,0,0,0,0,0,0,0,0,0,0,0,0,0,0,0,0,0,0,0,0,0,0,0,0,0,0,0,0,0,0,0,0,0,0,0,0,0,0,0,0,0,0,0,0,0,0,0,0,0,0,0,0,0,0,0,0,0,0,0,0,0,0,0,0,0,0,0,0,0,0,0,2,0,0,0,0,0,0,0,0,0,0,0,0,0,0,0,0,0,0,0,0,0,0,0,0
"D231",0,0,0,0,0,0,0,0,0,0,0,0,0,0,0,0,0,0,0,0,0,0,563,0,0,0,0,0,0,0,2,0,0,0,0,0,0,0,0,29,0,0,0,0,0,0,0,0,101,0,0,0,0,0,0,0,0,0,0,213,0,0,133,0,0,0,18,0,0,0,0,0,0,0,0,0,0,0,0,0,0,0,0,0,12,0,0,0,0,0,20,0,0,23,0,0,0,0,444,0,0,0,0,0,0,0,0,0,0,0,0,0,0,0,0,0,0,0,0,0,0,0,0,0,0,0,0,0,208,0,0,0,0,0,0,0,0,0,0,0,28,0,0,0,0,0,0,0,0,0,0,0,0,0,0,0,0,6,0,0,0,0,0,0,0,0,0,0,0,0,0,0,0,0,0,0,0,0,0,0,0,0,0,0,0,0,0,0,0,0,0,0,0,0,2,0,0,0,3,0,0,0,0,0,0,0,0,0,0,0,0,0,0,0,0,0,0,0,0,0,0,0,12,0,0,0,0,0,0,4,0,0,0,0,0,0,0,0,0,0,0,0,0,0,0,0,31,0,0,0,0,0,0,1,0,0,0,0,0,0,0,0,218,0,0,0,0,0,0,0,0,0,0,0,0,0,0,0,0,0,1029,0,0,0,0,0,0,2,0,0,0,0,0,35,0,0,0,0,0,0,0,0,0,0,0,0,0,892,0,0,0,0,0,0,0,0,0,0,0,0,0,0,0,0,0,0,0,0,0,0,0,0,0,0,20,0,0,0,0,0,0,0,0,0,0,0,0,0,0,0,0,0,138,0,0,0,0,0,0,0,0,0,0,0,0,0,0,0,0,0,0,0,0,1,0,0,0,0,0,0,0,0,0,0,0,0,0,0,0,0,0,0,0,0,0,0,0,0,0,0,0,0,2,0,0,0,0,0,0,0,0,0,0,0,0,0,0,0,0,54,0,0,0,0,0,0,0,0,0,0,0,0,0,0,0,0,0,0,0,0,0,0,0,0,0,0,0,0,4,0,0,0,0,259,0,0,0,0,8,0,0,0,0,0,0,0,0,0,0,0,2,0,0,0,0,0,0,0,0,0,0,0,0,0,0,0,0,0,0,0,0,0,0,75,10,0,0,1,0,1200,0,0,0,12,0,24,163,0,0,0,0,0,0,0,0,0,0,0,0,8,216,0,0,0,0,0,0,0,0,0,0,341,0,7,0,0,0,0,0,0,0,0,0,3,0,0,0,0,882,0,0,0,0,0,0,0,0,299,0,0,0,0,0,0,0,0,8,0,0,0,0,0,0,0,0,2,0,0,0,287,0,0,0,0,0,0,0,0,0,0,0,0,0,83,5,0,0,0,0,0,0,0,0
"D232",0,0,0,0,0,0,0,0,0,0,0,0,0,0,0,0,0,0,0,0,0,0,0,0,0,0,0,0,0,0,0,0,0,0,0,0,0,0,0,0,0,0,0,0,0,0,0,0,0,0,0,0,0,0,0,0,0,0,0,0,0,0,0,0,0,0,0,0,0,0,0,0,0,0,0,0,0,0,0,0,0,0,0,0,0,0,0,0,0,0,0,0,0,0,0,0,0,0,0,0,0,0,0,0,0,0,0,0,0,0,0,0,0,0,0,0,0,0,0,0,0,0,0,0,0,0,0,0,0,0,0,0,0,0,0,0,0,0,0,0,0,0,0,0,0,0,0,0,0,0,0,0,0,0,0,0,0,0,0,0,0,0,0,0,0,0,0,0,0,0,0,0,0,0,0,0,0,0,0,0,0,0,0,0,0,0,0,0,0,0,0,348,0,0,0,0,0,0,0,0,0,0,0,0,0,0,0,0,0,0,0,0,0,0,0,0,0,0,0,0,0,0,0,0,0,0,0,0,0,0,0,0,0,0,0,0,0,0,0,0,0,0,0,0,0,0,0,0,0,0,0,0,0,0,0,0,0,0,0,0,0,0,0,0,0,0,0,0,0,0,0,0,9,0,0,0,0,0,0,0,0,0,0,0,0,0,0,0,0,0,0,0,0,0,0,0,0,0,0,18,0,0,0,0,0,0,0,0,0,0,0,0,0,0,0,0,0,0,0,0,0,0,0,0,0,0,0,0,0,0,0,0,0,0,0,0,0,0,0,0,0,0,0,0,0,0,0,0,0,0,0,0,0,0,0,0,0,0,0,0,0,0,0,0,0,0,0,0,0,0,0,0,0,0,0,0,0,0,0,0,0,0,0,0,0,0,0,0,0,0,0,0,0,0,0,0,0,0,0,0,0,0,0,0,0,0,0,0,0,0,0,0,0,0,0,0,0,0,0,0,0,0,0,0,0,0,0,0,0,0,0,0,0,0,0,0,0,3,0,0,0,0,0,0,0,0,0,0,0,0,0,2,0,0,0,0,0,0,0,0,0,0,0,0,0,0,0,0,0,0,0,153,0,0,0,0,0,0,0,3,0,0,0,0,0,0,0,0,0,0,0,0,0,0,0,0,0,0,0,0,0,0,0,0,0,0,0,0,0,0,0,0,0,0,0,0,0,0,0,0,0,0,0,0,8,0,154,0,0,0,0,0,0,0,0,0,8,0,0,0,0,0,0,0,0,0,0,0,0,0,0,0,0,0,0,0,0,0,0,0,0,0,0,0,0,0,0,1,0,0,0,0,0,0,0,0,0,0,0,0,0,0,0,0,0,0,0,0,0,0,0,0,0,0,0,0,0,0,0,0,1,0,0
"D233",103,0,0,0,0,0,0,0,6,0,0,0,0,0,0,0,0,0,0,0,0,0,0,0,0,0,0,0,0,0,0,0,0,0,0,0,0,7,0,0,0,0,0,0,0,0,0,0,0,11,0,0,0,0,0,0,0,43,0,1,13,0,0,0,0,0,0,0,0,0,0,0,0,0,0,0,0,0,0,0,0,0,0,0,0,0,0,0,0,0,0,0,0,0,0,0,0,0,0,0,2,0,0,0,0,0,76,0,0,0,0,0,0,0,0,0,30,0,0,0,0,0,0,0,0,0,0,0,0,0,0,0,0,0,0,0,0,0,0,0,0,10,0,0,0,0,0,0,0,0,222,0,0,0,0,2,0,0,0,0,0,0,0,0,0,0,0,0,0,0,0,0,0,0,0,0,0,0,0,0,0,0,0,5,0,0,0,255,0,0,0,0,0,0,0,0,0,0,0,0,0,0,0,0,17,5,0,3,0,0,0,0,0,4,0,0,0,0,0,0,0,0,0,39,0,0,0,3,0,0,0,0,0,4,0,0,0,0,5,0,0,155,0,0,0,0,0,0,0,0,0,0,0,0,0,0,0,0,0,0,0,0,0,0,1,0,0,0,0,0,0,0,0,0,0,4,0,0,0,0,0,0,7,0,0,0,3,0,0,0,0,0,20,0,0,0,0,0,0,0,0,0,0,0,0,10,0,0,0,0,0,0,0,0,0,0,688,0,0,0,0,0,0,0,0,0,0,0,0,1,0,0,0,0,0,0,0,0,0,0,3,0,0,0,0,0,0,0,0,0,0,0,3,0,0,0,0,0,0,0,0,0,0,0,0,0,1,0,0,0,0,0,0,0,0,0,0,0,0,2,0,0,0,0,0,0,0,0,0,0,0,0,0,0,0,0,0,0,0,0,0,0,0,0,10,0,0,0,0,0,0,0,0,0,0,0,0,0,0,0,0,0,0,0,0,0,0,0,0,0,0,0,0,0,0,0,0,0,0,6,0,0,0,0,0,0,49,0,0,0,0,373,0,0,0,0,0,0,0,0,2,0,0,0,0,0,0,0,0,0,0,0,7,2,0,0,0,0,0,0,0,0,0,0,0,0,0,0,0,0,0,0,0,0,0,0,0,0,0,0,0,0,12,0,0,0,0,0,0,0,0,0,0,0,0,0,0,0,0,0,0,0,1,0,303,0,374,0,0,0,0,0,0,0,0,0,0,0,0,4,0,0,8,0,7,0,0,3,0,0,0,0,0,3,0,0,0,0,0,0,0,0,0,0,0,0,0,0,0,2,0,0,0,0,0,0,0,0,548,0,0,0,0,0,0,0,0,0,0,0,0,0,0,0,0,0,0,0,0,0,0,0,0
"D234",0,0,0,0,0,2,0,0,0,0,0,0,0,0,0,0,0,0,0,0,0,0,0,0,0,0,0,0,0,0,0,0,0,0,0,0,0,0,0,0,0,0,0,0,0,0,0,0,0,0,0,0,0,0,0,0,0,0,0,0,0,0,0,0,0,0,0,0,0,0,0,0,0,0,0,0,0,0,0,0,0,0,0,0,0,0,0,0,0,0,0,0,0,0,0,0,0,0,0,0,0,0,0,0,0,0,0,0,0,0,0,0,0,0,0,0,0,0,0,0,0,0,0,0,0,0,0,0,0,0,0,0,0,0,0,0,0,0,0,0,0,0,0,0,0,0,0,0,0,0,0,0,0,0,0,0,0,0,0,0,0,0,0,0,0,0,0,0,0,0,0,0,0,0,0,0,0,0,0,0,0,0,0,0,0,0,0,0,0,0,0,0,0,0,0,0,0,0,0,0,0,0,0,0,0,0,0,0,0,0,0,0,0,0,0,0,0,0,0,0,0,0,0,0,0,0,0,0,0,0,0,0,0,0,0,0,0,0,0,0,0,0,0,0,0,0,0,0,0,0,33,0,0,0,0,0,0,0,0,0,0,0,0,0,0,0,0,0,0,0,0,0,111362,0,0,0,0,0,0,0,0,0,0,0,0,0,0,0,0,0,0,0,0,0,0,0,0,0,0,0,0,0,0,0,0,0,0,0,0,0,0,0,0,0,0,0,0,0,0,0,0,0,0,0,0,0,0,0,0,0,0,0,0,0,0,0,0,0,0,0,0,0,0,0,0,0,0,0,0,0,0,0,0,0,0,0,0,0,0,0,0,0,0,0,0,0,0,0,0,0,0,0,0,0,0,0,0,0,0,0,0,0,0,0,0,0,0,0,0,0,0,0,0,0,0,0,0,0,0,0,0,0,0,0,0,0,0,0,0,0,0,0,0,0,0,0,0,0,0,0,0,0,0,0,0,0,0,0,0,0,0,0,0,0,0,0,0,0,0,0,0,0,0,0,0,0,0,0,0,0,0,0,0,0,0,0,0,0,0,0,10,0,0,0,0,0,0,0,0,0,0,386,0,0,0,0,0,0,0,0,0,0,0,0,0,0,0,0,0,0,0,0,0,0,0,0,0,0,0,0,0,0,0,0,0,0,0,0,0,0,0,0,0,0,0,0,0,0,0,0,0,0,0,0,0,0,103,0,0,0,0,0,0,0,0,0,0,0,0,0,0,0,0,0,0,0,0,0,0,0,0,0,0,0,0,0,0,0,0,0,0,0,0,0,0,0,0,0,0,8,0,0,0,0,0,0,0,0,0,0,0,0,0,0,0,0,0,0,0,0,0,0,0,0,0,0,0,0,0,0,4169,0,0
"D235",0,14,0,0,0,0,2,2,0,0,0,0,0,0,0,0,0,0,0,0,0,0,0,4,0,0,0,0,0,0,0,5,0,0,70,0,0,0,0,0,0,0,0,0,0,0,0,0,0,0,0,0,176,0,7,0,0,2,0,0,0,0,0,0,0,0,0,0,0,0,0,0,0,0,0,0,0,0,0,6,0,0,0,0,0,0,0,0,0,0,0,0,357,0,0,0,0,0,0,0,0,0,0,0,0,0,0,0,0,0,0,0,0,0,0,0,0,0,0,0,0,0,0,0,0,8,0,0,0,0,0,0,5,0,0,0,0,0,0,0,0,0,0,0,0,0,0,0,0,0,0,0,12,0,0,0,0,0,0,0,0,0,0,0,19,0,0,0,0,5,0,0,0,8,0,0,0,0,0,0,0,0,0,26,0,0,12,0,0,0,0,0,0,0,0,0,0,18,0,0,0,0,0,0,0,0,0,0,0,0,0,0,23,0,0,0,0,0,0,0,0,0,0,0,0,0,0,0,0,0,0,0,0,0,0,0,0,0,0,0,0,2,0,0,0,0,0,0,0,0,0,0,0,0,0,0,0,0,2,0,0,0,0,14,0,0,0,0,0,0,0,0,0,0,0,0,0,0,4,0,0,0,0,0,0,5,0,0,0,0,0,0,0,0,0,0,0,0,0,0,0,0,0,0,0,0,0,0,0,0,0,0,0,0,0,0,0,0,0,0,0,0,6,0,0,0,0,0,0,0,0,0,0,0,0,0,0,0,0,0,0,0,0,0,175,0,0,0,0,0,0,0,0,0,26,0,105,0,0,0,0,0,0,0,0,0,0,3,0,0,2,0,0,0,0,0,0,0,0,0,2,0,0,0,32,0,0,0,0,0,0,0,0,0,0,0,0,0,0,0,0,3,0,0,0,0,6,0,0,0,0,0,0,0,0,0,0,0,0,0,0,0,0,0,0,0,0,0,0,2,0,0,0,0,0,0,4,2,0,0,0,0,0,0,0,0,0,0,0,0,0,0,0,0,0,0,0,0,0,16,0,0,0,0,0,0,0,0,0,0,0,0,0,0,0,0,0,0,0,0,0,0,0,0,0,0,0,0,0,0,0,0,0,0,0,0,0,0,0,0,0,0,0,0,0,0,0,0,0,0,0,0,0,0,0,0,0,0,0,0,0,0,0,0,0,0,0,0,0,0,0,0,0,0,0,0,0,0,0,74,0,0,0,0,0,0,4,0,0,0,0,0,0,0,0,0,0,0,0,0,0,0,0,0,0,0,0,0,0,0,0,0,0,0,0,0,49,0,0,0,0,0,0,0,0,0,0,31,0,0,0,0,0,0,0,0,0,0,0,13,0,0,0
"D236",25,106,221,0,175,48,0,0,0,49,0,0,0,11,12,117,22,19,69,67,0,585,594,36,0,0,0,211,64,0,266,0,152,0,0,11,0,8,4,179,0,0,0,0,7,0,10,17,585,29,0,263,133,0,0,21,0,0,0,78,25,0,402,0,0,55,187,0,4,0,1,0,0,0,2,83,28,46,3,5,0,0,0,1,153,0,0,0,65,0,7,23,160,34,35,0,0,11,142,42,11,0,0,12,66,0,0,40,292,0,0,27,0,0,10,89,0,0,54,0,0,33,7,0,67,0,60,0,177,0,0,0,642,0,25,8,0,0,3,86,73,0,0,0,32,68,15,85,128,0,0,3,90,150,18,0,0,70,81,0,5,64,77,81,18,0,4,77,0,0,0,0,8,141,55,0,0,0,0,343,0,35,0,0,0,0,20,0,16,16,0,13,0,41,16,17,0,31,2,20,26,0,12,0,0,0,0,0,38,2,0,20,36,270,0,66,0,0,1,30,0,13,22,2,0,456,105,345,2,32,0,0,0,0,5,19,15,641,65,36,0,0,0,0,135,0,0,0,0,0,303,5,37,50,32,22,0,0,2,0,0,14,406,156,0,2,54,50,8,0,8,127,0,0,6,0,33,0,17,3,2443,0,5,398,1,13,2,7,0,5,14,6,0,304,26,0,22,2,0,764,4,0,215,34,464,0,0,996,57,0,51,0,11,154,5,0,0,38,7,0,0,11,4,0,0,0,0,9,123,38,0,49,73,66,28,38,1012,468,0,0,0,0,55,223,11,760,17,0,26,34,88,0,68,0,18,0,37,3,0,0,2,0,3,30,34,0,21,4,0,37,146,130,2,7,41,5,0,51,12,0,0,0,2,5,12,0,17,59,24,4,56,4,33,1412,21,8,0,30,0,0,0,21,31,6,0,106,0,0,0,45,0,85,8,26,0,0,63,0,178,7,3,3,24,14,4,43,13,4,0,1,35,0,0,0,0,1804,146,0,0,0,208,61,0,0,4,0,34,6,8,91,0,0,0,571,0,0,23,24,80,76,0,28,0,19,78,13,13,57,0,0,224,0,0,211,0,0,0,0,12,0,0,52,0,51,8,0,38,0,0,7,0,0,0,17,22,19,0,14,0,105,0,0,0,33,0,852,46,0,163,0,5,2,0,6,0,7,0,37,17,51,30,0,138,27,0,0,2,7,2,183,23,386,129,33,0,0,0,163,9,66,0,11,0,17,262,6,30,0,926,0,27,6,0,0,80,2,12,85,51,9,0,0,0,184,0,5,461,0,0,45,59,0,29,21,20,3,0,303,758,57,0,23,0,3,27,0,0,48,0,0,0,4,6,25,414,0,0,36,0,179,0,43,0
"D237",0,12,1,0,0,0,0,0,0,0,4,49,0,7,1,0,0,7,9,5,0,0,10,0,2,0,0,0,0,0,5,0,17,0,0,5,0,0,0,43,5,0,10,8,3,0,0,0,12,0,0,0,74,0,0,4,3,0,0,0,2,0,12,0,8,27,0,780,0,0,0,0,0,0,0,13,3,0,6,3,0,0,0,2,3,0,1,0,11,0,2,21,0,0,0,4,0,0,2,11,21,12,0,1,0,0,0,2,68,6,0,4,0,0,2,0,0,0,3,10,11,0,2,0,2,0,0,0,0,0,18,0,2,0,0,13,0,0,0,0,7,0,0,108,3,0,5,9,7,0,0,0,0,20,2,0,0,0,8,0,0,16,0,5,0,2,0,4,9,7,0,3,11,5,0,4,0,0,0,0,15,0,0,0,0,16,0,0,7,27,1,0,4,4,0,0,8,0,1,3,0,0,18,0,10,0,0,7,0,2,0,3,0,11,0,4,0,0,6,0,0,10,0,0,53,31,0,37,0,0,0,0,0,0,0,0,3,4,24,0,2,0,0,14,0,0,2,39,0,0,3,2,1,0,0,0,0,3,0,0,9,0,11,0,0,0,154,0,0,7,0,5,4,4,0,0,3,40,0,4,97,0,0,20,1,0,3,0,91,25,0,0,2,36,147,0,0,4,2,14,22,0,31,84,0,0,16,1,11,0,0,0,12,1,12,0,3,36,0,5,2,4,0,15,3,2,0,0,5,81,13,0,0,0,47,0,0,1,0,7,17,0,0,11,0,21,0,0,3,0,5,12,0,0,2,0,0,0,0,0,1,0,2,0,0,0,13,8,0,0,7,0,0,0,14,7,41,3,2,0,0,33,3,11,0,0,13,0,3,0,0,3,2,0,0,0,0,6,0,0,0,0,0,0,0,0,0,12,0,4,0,1,0,11,2,0,5,0,3,13,3,0,1,0,0,8,0,8,0,0,0,0,0,0,0,5,8,0,0,0,6,6,0,1,10,0,0,0,0,0,0,1,0,2,2,0,0,0,0,0,0,2,0,0,10,0,2,0,6,4,27,0,0,36,2,0,0,0,0,0,0,2,18,3,9,0,0,0,99,0,1,5,0,1,11,0,0,7,0,16,0,0,0,0,0,71,4,0,0,0,6,0,0,61,0,0,3,2,7,1,3,0,59,2,0,0,1571,2,54,0,6,2,0,2,0,36,0,5,8,0,0,0,0,3,7,0,9,40,64,0,0,0,2,0,0,2,0,6,0,29,0,0,13,9,0,0,25,0,0,5,0,4,28,2,5,2,37,6,23,5,0,6,20,0,0,17,7,4,0,0,0,0,13,0,7,14,0,0,0,0,8,2,0
"D238",24,65,0,0,2,35,0,2,0,0,0,0,0,0,0,0,0,0,0,0,4,0,0,0,0,0,0,0,118,0,0,15,0,0,258,0,0,0,0,0,0,0,0,0,0,0,0,0,0,0,0,0,464,0,0,0,0,0,4,0,0,0,0,0,0,0,2,0,0,53,0,0,0,0,0,0,0,0,0,6,0,0,0,0,0,0,0,0,0,0,0,0,75,0,0,0,0,0,0,0,0,0,0,0,0,0,0,0,0,0,0,0,0,0,0,21,3,2,0,0,0,0,0,0,0,12,0,0,0,0,0,0,6,0,0,0,0,0,0,0,0,0,0,0,0,2,0,0,0,0,0,0,72,0,0,0,0,0,0,0,0,0,0,0,259,0,0,0,0,8,0,0,0,65,17,0,0,0,0,0,0,0,0,0,0,0,25,22,0,0,0,0,0,0,0,0,0,132,0,0,0,0,1,0,0,0,0,0,0,0,0,0,18,0,0,0,0,0,0,0,0,0,0,0,0,0,0,0,0,0,0,0,0,0,0,0,0,0,59,0,0,19,0,0,0,0,0,0,0,0,0,0,0,0,0,0,0,0,0,0,0,0,0,7,18,0,0,0,0,0,0,0,0,0,0,0,0,0,11,0,0,0,0,0,0,33,16,0,0,0,0,5,0,0,0,0,0,0,0,0,0,0,0,0,0,0,0,0,18,0,0,0,0,26,0,0,0,0,0,0,0,0,0,0,0,3,0,0,0,0,0,0,0,0,0,0,0,0,0,0,0,0,0,0,140,0,0,0,0,0,0,0,0,0,6,0,90,0,0,0,0,0,0,0,0,152,0,35,0,0,2,0,0,0,0,3,0,0,0,0,0,0,0,0,324,0,0,0,0,0,0,0,0,0,0,5,0,0,0,0,0,0,0,0,0,0,25,0,0,0,0,7,0,0,0,0,0,0,0,0,0,0,0,0,0,0,0,0,0,16,0,0,0,0,0,0,31,2,0,0,0,0,0,0,0,0,0,0,0,0,0,34,0,0,0,0,0,0,0,0,0,6,0,0,22,4,0,0,0,0,0,0,0,28,108,0,0,0,0,2,0,0,0,0,0,0,0,0,7,0,0,0,0,0,0,0,0,0,0,0,0,0,11,0,0,0,0,0,0,0,0,0,0,0,0,0,0,0,0,0,0,0,0,0,0,0,0,0,0,0,0,0,0,0,0,0,0,3,0,79,2,0,0,0,6,0,2,43,0,0,0,0,0,0,0,0,0,0,0,0,0,0,0,0,0,0,0,0,0,0,0,0,0,0,0,0,0,0,5,0,0,0,0,0,0,0,0,4,0,0,0,0,0,0,0,0,0,50,0,20,0,0,0
"D239",0,0,0,0,0,0,0,0,0,0,0,0,1,0,0,0,0,0,0,0,0,0,0,0,0,0,0,0,0,0,0,0,0,0,0,0,0,0,0,0,0,0,0,0,0,0,0,0,15,0,0,0,0,0,0,0,0,0,0,0,0,0,0,0,0,2,0,0,0,0,0,0,0,0,0,0,0,0,0,0,0,0,0,0,0,11,0,0,0,68,0,0,0,0,0,0,0,0,0,0,0,0,0,3,0,0,0,0,0,0,0,0,0,0,0,0,0,0,0,0,0,0,0,0,0,0,0,111,0,0,0,0,0,0,0,0,0,0,0,0,0,0,0,0,0,0,0,0,0,0,0,0,0,0,0,0,11,0,0,0,0,0,0,0,0,0,0,0,0,0,0,0,0,0,0,0,0,0,0,0,0,0,0,0,3,0,0,0,0,0,0,0,0,69,0,0,0,0,0,0,0,0,0,0,0,0,0,0,0,0,0,0,0,0,0,0,0,0,0,0,0,0,0,0,105,0,0,0,0,0,0,0,0,0,0,0,0,0,0,0,0,0,0,0,0,0,0,0,3,0,0,0,0,0,0,0,0,0,0,0,0,0,0,0,0,0,0,0,0,0,0,0,0,0,0,0,0,0,0,0,0,0,0,0,0,0,0,0,0,22,0,0,95,0,0,0,0,0,0,0,0,0,0,0,0,0,0,0,0,0,0,0,0,0,0,0,0,0,0,0,0,0,0,0,0,0,0,0,0,0,2,0,0,0,0,0,0,0,0,0,0,0,0,0,0,0,0,0,0,0,0,0,0,0,0,0,0,0,0,0,0,0,15,0,0,0,0,0,0,0,0,0,0,0,0,0,0,0,0,0,0,0,0,0,0,11,0,4,0,0,0,0,0,0,0,0,0,0,0,0,23,0,0,0,0,0,0,0,0,0,0,0,0,0,0,1727,0,0,0,0,0,0,0,0,0,0,0,0,0,0,8,0,0,0,0,0,0,0,0,0,0,0,0,0,0,0,0,0,0,0,0,0,0,0,0,0,0,0,0,0,0,0,0,0,0,0,0,0,0,0,0,0,0,0,0,0,0,0,0,0,0,0,0,0,0,0,2,0,0,0,0,0,0,0,0,0,0,9,0,0,0,0,0,0,0,0,0,0,0,0,0,0,0,0,0,0,0,0,0,0,0,0,0,0,0,0,0,0,0,0,0,0,0,1,0,0,0,0,0,0,0,0,0,0,0,0,0,0,2,0,0,0,0,1,0,0,0,0,0,0,0,0,0,0,0,0,0,0,0,0,0,23,0,0,0,0,0,0,0,3,0,0,12,0,0,0,0,0,0,0,0,0,0,5,0,0,0,0,0,0,0,0,0
"D240",2,23,0,0,0,3,0,2,0,0,17,94,0,2,21,0,2,17,38,5,0,7,29,8,6,0,0,0,0,3,86,12,0,0,15,13,0,7,0,183,19,0,72,23,22,0,0,0,19,0,0,1,162,0,0,3,5,0,0,8,6,0,17,0,0,84,0,0,0,0,0,0,0,0,2,60,24,0,14,5,0,0,0,4,0,0,0,0,19,0,5,8,0,0,0,25,0,0,6,67,35,44,0,14,0,0,0,0,246,10,0,12,0,0,10,0,0,0,0,44,13,0,5,0,4,0,12,0,0,0,124,0,0,0,5,24,0,0,0,0,5,0,0,10,3,2,0,0,10,0,0,0,0,13,4,0,16,0,17,18,6,77,0,8,0,8,0,16,0,0,0,2,9,0,0,5,0,2,0,26,14,0,0,0,0,43,8,0,9,30,12,4,12,7,0,0,0,0,3,1,0,0,36,0,32,0,0,48,0,4,0,16,0,34,0,10,0,0,9,0,0,8,0,0,34,131,0,61,9,0,0,8,0,0,1,0,3,20,8,0,0,0,0,0,0,0,3,114,0,0,5,7,0,6,2,0,0,12,0,0,7,53,25,12,4,0,18,0,2,8,4,30,0,1,3,0,1,76,6,0,141,0,0,7,0,0,0,0,0,3,1,0,0,98,104,0,6,11,0,35,40,1,13,257,8,0,32,0,40,0,7,0,60,5,21,0,0,101,0,8,29,7,3,35,5,2,0,2,55,237,0,0,9,2,42,12,0,17,0,0,54,5,0,14,0,94,0,2,0,2,15,14,23,0,6,0,0,5,0,0,4,0,0,7,0,0,31,10,0,0,16,3,0,0,103,20,68,20,9,0,0,123,7,7,0,0,62,1,2,0,0,6,22,0,4,0,0,3,0,0,0,0,0,0,0,6,0,37,0,14,0,1,4,6,0,0,9,0,1,37,6,0,4,0,0,29,0,52,0,0,0,0,0,0,0,38,2,0,0,0,10,23,0,6,24,2,0,4,0,0,0,1,0,10,8,3,2,0,14,75,0,4,0,0,9,0,0,6,45,11,169,0,0,22,7,0,0,0,1,0,0,4,0,4,17,0,0,0,94,1,0,10,0,3,0,0,0,6,0,16,0,0,2,3,0,186,35,0,0,1,14,5,2,115,0,0,2,10,14,2,2,0,280,8,0,0,40,18,72,7,12,1,6,1,0,38,0,4,82,0,0,0,0,5,10,11,5,0,46,0,0,0,5,0,0,0,4,15,2,95,0,0,42,0,0,0,78,0,0,3,2,0,71,3,3,0,32,55,49,10,0,61,68,2,4,79,7,2,0,0,0,0,21,0,18,41,0,0,5,0,5,0,0
"D241",0,0,0,50,0,0,0,0,2,0,0,0,0,0,0,0,0,0,0,0,0,0,0,0,0,0,0,0,0,0,0,0,0,0,0,0,0,0,0,0,0,0,0,0,0,0,0,0,0,0,0,0,0,0,0,0,0,0,0,0,0,0,0,0,0,0,0,0,0,0,0,0,0,0,0,0,0,0,0,0,0,0,0,0,0,0,0,0,0,0,0,0,0,0,0,0,0,0,0,0,0,0,0,0,0,0,0,0,0,0,47,0,0,0,0,0,0,0,0,0,0,0,0,0,0,0,0,0,0,0,0,0,0,0,0,0,0,0,0,0,0,0,0,0,0,0,0,0,0,0,0,0,0,0,0,3,0,0,0,0,0,0,0,0,0,0,14,0,0,0,0,0,0,0,0,0,0,0,0,0,0,0,0,0,0,0,0,0,0,0,0,0,0,0,0,0,0,0,0,0,0,0,0,0,0,0,0,0,0,0,0,0,0,0,0,0,0,0,0,0,0,0,0,0,0,0,0,0,0,0,0,0,0,0,0,0,0,0,0,0,0,0,0,0,0,0,0,0,0,0,0,0,0,0,0,0,0,0,4,0,0,0,0,0,0,0,0,0,0,0,0,0,0,0,0,0,0,0,0,0,0,0,0,0,0,0,0,0,0,0,0,0,0,0,0,0,0,0,0,0,0,0,0,0,0,3,0,0,0,0,0,0,0,0,0,0,0,0,0,0,0,0,0,0,0,0,0,0,0,0,0,0,0,0,0,0,0,0,0,0,0,0,0,0,0,0,0,0,0,0,0,0,0,0,0,0,0,0,0,0,0,0,0,0,0,0,0,0,0,0,2,0,0,0,0,0,0,0,0,0,0,0,0,0,0,0,0,0,0,0,0,0,0,0,0,0,0,0,0,0,0,0,0,0,0,0,0,0,12,0,0,0,0,0,0,0,0,0,0,0,0,0,0,0,0,0,0,0,0,0,0,0,0,0,0,0,0,0,0,0,0,0,0,0,0,0,0,0,0,0,0,0,0,0,0,0,0,0,0,0,0,0,0,0,0,0,0,0,0,0,0,0,0,0,0,0,0,0,0,1,0,0,0,0,0,0,0,0,0,0,0,0,0,0,0,0,0,0,0,0,0,0,0,0,0,0,0,0,0,0,0,0,0,0,0,0,0,0,0,0,0,0,0,0,0,0,0,0,0,0,0,0,0,0,0,0,0,0,0,0,0,0,0,0,0,0,0,0,0,0,0,0,0,0,0,0,0,0,0,0,0,0,0,0,0,0,0,0,0,0,0,0,0,0,0,0,0,0,0,0,0,0,0,0,0,0,0,0,0,0,0,0,0,0,0,0,0,0,0,0,0,0,0
"D242",2,17,0,0,0,75,0,0,0,0,0,0,0,2,3,0,0,0,0,0,1,0,3,0,0,0,0,52,0,0,0,0,200,0,0,0,0,0,0,0,0,0,0,0,0,0,0,0,175,0,0,0,0,0,109,0,0,0,0,0,0,0,0,0,0,0,47,16,0,56,0,0,0,0,0,0,0,0,0,0,0,0,21,0,0,0,0,0,0,0,0,0,0,0,0,0,0,10,0,0,0,228,0,12,0,0,0,0,0,0,0,0,0,0,0,2990,0,0,0,0,0,0,0,0,0,0,0,0,0,0,0,0,3,0,0,0,0,0,0,0,0,0,0,0,74,0,0,178,2,0,5,0,0,35,0,0,0,0,0,0,0,0,0,0,0,0,0,0,0,0,0,0,0,150,0,0,49,0,0,0,0,0,0,0,0,0,8,0,0,4,0,0,0,0,0,0,0,0,0,0,0,0,0,0,0,0,0,0,0,0,247,0,1,0,43,105,0,0,0,0,0,0,0,0,0,0,0,0,0,16,0,0,0,0,0,560,0,0,0,0,0,0,0,0,0,0,0,0,0,0,25,0,0,6,0,0,407,0,0,0,0,0,0,0,0,0,0,0,0,0,0,0,0,0,0,80,0,0,0,0,10,0,0,0,0,0,187,0,0,0,0,24,1,0,0,0,0,0,40,2,0,2,0,0,231,0,0,0,0,0,0,0,0,0,0,0,0,0,0,0,0,0,0,0,0,0,0,0,0,0,0,0,32,0,0,0,0,0,0,0,0,0,104,0,0,0,101,2,13,10,5,0,0,0,0,0,79,0,0,0,0,30,0,0,0,0,0,0,0,0,0,0,0,0,0,0,0,0,0,0,6,0,0,0,2,0,0,11,0,0,0,0,0,0,0,0,75,47,8,0,0,0,0,9,0,0,0,0,0,0,0,0,0,0,0,0,0,0,7,0,0,13,0,0,0,0,0,0,0,0,0,0,0,0,0,0,25,0,5,0,0,0,0,0,0,0,0,0,0,90,54,5,0,0,0,0,0,0,0,0,0,0,0,0,402,0,0,0,0,0,0,5,0,0,0,10,0,0,0,0,0,0,0,0,0,0,0,0,0,0,0,0,0,0,0,0,6,0,0,0,0,0,0,0,0,0,0,0,0,0,0,0,0,0,0,115,0,0,0,0,0,0,0,0,0,0,3,0,0,0,0,0,0,0,0,0,0,0,0,0,0,0,0,0,0,0,0,0,2,0,0,0,0,0,14,0,0,0,2,0,0,0,0,0,0,0,0,0,0,93,0,0,0,0,0,0,0,0,0,0,0,0,0,0,0,0,0,0,0,0,0,50,0,0,0,0,0,0,0,0,0,0,0
"D243",0,0,0,0,0,0,0,0,0,0,0,0,0,0,0,0,0,0,0,0,612,2,0,0,0,0,0,0,0,0,0,0,0,0,0,0,0,0,0,0,0,0,0,0,0,0,0,0,0,0,0,0,0,0,0,0,0,0,34,0,0,0,0,0,0,0,0,0,0,0,0,0,0,0,0,0,0,0,0,0,0,0,0,0,0,0,0,0,0,0,0,0,0,0,0,0,0,0,0,0,0,0,0,0,0,0,0,0,0,0,0,0,0,0,0,60,0,0,0,0,0,0,0,0,0,0,0,0,0,0,0,0,0,0,0,0,0,0,0,5,0,0,0,0,0,0,0,62,0,0,0,0,3,0,0,0,0,0,0,0,0,0,0,0,21,0,0,0,0,0,0,0,0,2146,0,0,138,0,0,0,0,0,0,0,0,0,0,0,0,0,0,0,0,0,0,0,0,0,0,0,0,0,0,0,0,0,0,0,0,0,31,0,0,0,0,0,0,0,0,0,0,0,0,0,0,0,0,0,0,0,0,0,0,0,0,0,0,0,0,0,0,0,0,0,0,0,0,0,0,0,0,0,0,0,0,0,0,0,0,0,0,0,0,0,0,0,0,0,0,0,0,0,0,0,0,0,0,0,0,0,0,0,0,0,0,0,4,0,0,0,0,92,0,0,0,0,0,0,0,0,0,0,0,0,0,47,0,0,0,0,0,0,0,0,0,0,0,0,22,0,0,0,0,0,0,0,30,0,0,0,0,0,0,0,0,0,0,0,0,0,0,0,739,0,0,0,866,0,0,0,0,0,0,0,0,0,0,0,0,0,0,1,0,0,0,0,0,0,0,0,7,0,0,0,0,0,0,0,0,0,0,0,0,0,0,0,0,0,0,0,0,0,0,0,0,0,0,0,0,0,0,0,0,0,0,0,0,0,0,0,0,0,0,0,0,0,0,0,0,0,0,0,0,0,0,0,0,0,0,0,0,0,0,0,0,0,0,0,71,0,0,0,0,0,0,0,0,0,0,0,56,0,0,0,0,0,0,0,0,0,20,0,0,0,195,0,0,0,0,0,0,0,8,0,0,143,0,0,0,0,0,0,0,0,0,0,0,0,0,0,0,0,0,0,0,0,0,0,0,0,0,0,0,0,0,0,0,0,0,0,0,0,0,0,0,27,0,0,0,0,0,0,0,0,0,0,264,0,3,0,0,0,0,0,0,0,0,0,0,0,0,0,0,0,0,0,0,0,0,0,0,0,0,0,0,0,0,0,0,0,0,0,0,0,0,0,0,0,0,11,0,0,0,0,8,0,0,0,26,0,0,0,0,0,0,0,0,0,0,0,0,0,0,0,0,0,0,0,0,0,0,0,0
"D244",0,0,0,0,0,0,0,0,0,0,0,0,0,0,0,0,0,0,0,0,0,0,0,0,0,0,0,0,0,0,0,0,0,0,0,0,0,0,0,0,0,0,0,0,0,0,0,0,0,0,0,0,0,0,0,0,0,0,0,0,0,0,0,0,0,0,0,0,0,0,0,0,0,0,0,0,0,0,0,0,0,0,0,0,0,0,0,0,0,0,0,0,0,0,0,0,0,0,0,0,0,0,0,0,0,0,0,0,0,0,0,0,0,0,0,0,0,0,0,0,0,0,0,0,0,0,0,0,0,0,0,0,0,0,0,0,0,0,0,0,0,0,0,0,0,0,0,0,0,0,0,0,0,0,0,0,0,0,0,0,0,0,0,0,0,0,2,0,0,0,0,0,0,0,0,0,0,0,0,0,0,0,0,0,0,0,0,0,0,0,0,0,0,0,0,0,0,0,0,0,0,0,0,0,0,0,0,0,0,0,0,0,0,0,0,0,0,0,0,0,0,0,0,0,0,0,0,0,0,0,0,0,0,0,0,0,0,0,0,0,0,0,0,0,0,0,0,0,0,0,0,0,0,0,0,0,0,0,0,0,0,0,0,0,0,0,0,0,0,0,0,0,0,0,0,0,0,0,0,0,0,0,0,0,0,0,0,0,0,0,0,0,0,0,0,0,0,0,0,0,0,0,0,0,0,0,0,0,0,0,0,0,0,0,0,0,0,0,0,0,0,0,0,0,0,0,0,0,0,0,0,0,0,0,0,0,0,0,0,0,0,0,0,0,0,0,0,0,0,0,0,0,0,0,0,0,0,0,0,0,0,0,0,0,0,0,0,0,0,0,0,0,0,0,0,0,0,0,0,0,0,0,0,0,0,0,0,0,0,0,0,0,0,0,0,0,0,0,0,0,0,0,0,0,0,0,0,0,0,0,0,0,0,0,0,0,0,0,0,0,0,0,0,0,0,0,0,0,0,0,0,0,0,0,0,0,0,0,0,0,0,0,0,0,0,0,0,0,0,0,0,4585,0,0,0,0,0,0,0,0,0,0,0,0,0,0,0,0,0,0,0,0,0,0,0,0,0,0,0,0,0,0,0,0,0,0,0,0,0,0,0,0,0,0,0,0,0,0,0,0,0,0,0,0,0,0,0,0,0,0,0,0,0,0,0,0,0,0,0,0,0,0,0,0,0,0,0,0,0,0,0,0,2,0,0,0,0,0,0,0,0,0,0,0,0,0,0,0,0,0,0,0,0,0,0,0,0,0,0,0,0,0,0,0,0,0,0,0,0,0,0,0,0,0,0,0,0,0,37,0,0,0,0,0,0,0,0,0,3,0,0,0,0,0,0,0,0,0,0,0,4476,0,0
"D245",0,0,0,0,0,0,0,0,0,0,0,0,0,0,0,0,0,0,0,0,0,0,0,0,0,0,0,0,0,0,0,0,0,0,0,0,0,0,0,0,0,0,0,0,0,0,0,0,0,0,0,0,0,0,0,0,0,0,0,0,0,0,0,0,0,0,0,0,0,0,0,0,0,0,0,0,0,0,0,0,0,0,0,0,0,0,0,0,0,0,0,0,0,0,0,0,0,0,0,0,0,0,0,0,0,0,4,0,0,0,0,0,0,0,0,0,0,2,0,0,0,0,0,0,0,0,0,0,0,0,0,0,0,0,0,0,0,0,0,0,0,0,0,0,0,0,0,0,0,0,0,0,0,0,0,0,0,0,0,0,0,0,0,0,0,0,0,0,0,0,0,0,0,0,0,0,0,0,0,0,0,0,0,0,0,0,0,0,0,0,0,0,0,0,0,0,0,0,0,0,0,0,0,0,0,0,0,0,0,0,0,0,0,0,0,0,8,0,0,0,0,0,0,25,0,0,0,0,0,0,0,0,0,0,0,0,0,0,0,0,0,0,102,0,0,0,0,0,0,0,0,0,0,0,0,0,0,0,0,0,0,0,0,0,0,0,0,0,0,0,0,0,0,0,0,0,0,0,0,0,0,0,0,0,0,0,0,0,0,0,0,0,0,0,0,0,0,0,0,0,0,0,0,0,0,0,0,0,0,0,0,0,0,0,0,0,0,0,0,0,0,0,0,0,0,0,0,0,0,0,0,0,0,0,0,0,0,0,0,0,0,0,0,0,0,0,0,0,0,0,0,0,0,2466,0,0,0,0,0,0,0,0,0,0,0,0,0,0,0,0,0,0,0,0,0,0,0,0,0,0,0,0,0,0,0,0,0,0,0,0,0,0,0,0,0,0,0,0,0,0,0,0,0,0,0,0,0,0,0,0,0,0,0,0,0,0,0,0,0,0,0,0,0,0,0,0,0,0,0,0,0,0,0,0,0,0,0,7601,0,0,0,0,0,0,0,0,0,0,0,0,0,0,0,0,0,0,0,0,0,0,0,0,0,0,0,0,0,0,0,0,0,0,0,0,0,0,0,0,0,0,0,0,0,0,0,0,0,496,0,0,0,0,0,0,0,0,0,0,0,0,0,0,0,0,0,0,0,0,0,0,0,0,0,0,0,0,0,0,0,0,0,0,0,0,7,0,0,0,0,0,0,0,0,0,0,0,0,0,0,0,0,0,0,0,0,0,0,0,0,0,0,0,0,0,0,0,0,0,0,0,0,0,0,0,0,0,0,0,0,0,0,0,0,0,0,0,0,0,0,0,0,0,0,0,0,0,0,0,0,0,0,0,0,0,0,0,0,0,0,0,0,0,0
"D246",0,0,0,0,0,0,0,0,0,0,0,0,0,0,0,0,0,0,0,0,0,0,0,0,0,0,0,0,0,0,0,0,0,108,0,0,0,0,0,0,0,0,0,0,0,0,0,0,0,0,0,0,0,0,0,0,0,0,0,0,0,0,0,0,0,0,0,0,0,0,0,0,0,0,0,0,0,0,0,0,0,0,0,0,0,339,3,0,0,0,0,0,0,0,0,0,0,0,0,0,0,0,0,0,0,0,0,0,0,0,0,0,0,0,0,0,0,0,0,0,0,0,0,0,0,0,0,0,0,0,0,0,0,0,0,0,0,0,0,0,0,0,0,0,0,0,0,0,0,0,0,0,0,0,0,0,0,0,0,0,0,0,0,0,0,0,0,0,0,0,0,0,0,0,0,0,0,0,0,0,0,0,0,0,0,0,0,0,0,0,0,0,0,6,0,0,0,0,0,0,0,0,0,0,0,0,0,0,0,0,0,0,0,0,0,0,0,0,0,0,0,0,0,0,6,0,0,0,0,0,0,0,0,0,0,0,0,0,0,0,0,0,0,0,0,0,0,0,0,0,0,0,0,0,0,0,0,0,0,0,0,0,0,0,0,0,0,0,0,0,0,0,0,0,0,0,0,0,0,0,3,0,0,0,0,0,0,0,4,0,0,0,99,0,0,0,0,0,0,0,0,0,0,0,0,0,0,0,0,0,0,0,0,0,0,0,0,0,0,0,0,0,0,0,0,0,0,0,0,0,0,0,0,0,0,0,0,0,0,0,0,0,0,0,0,0,0,0,0,0,0,0,0,0,0,0,0,0,0,0,0,0,0,0,0,0,0,0,0,0,0,0,0,0,0,0,0,0,0,0,0,0,0,0,0,2,0,0,0,0,0,0,0,0,0,0,0,0,162,114,0,0,0,0,0,0,0,0,0,0,0,0,0,0,0,0,0,0,0,0,0,0,0,0,0,0,0,0,0,0,19,0,0,0,0,0,0,0,0,0,0,0,0,0,0,0,0,0,0,0,0,0,0,0,0,0,0,0,0,0,0,0,0,0,0,0,0,0,0,0,0,0,0,0,0,0,0,1262,0,0,0,0,0,0,0,0,0,0,0,0,0,0,0,0,0,0,0,0,2,0,0,0,0,0,0,0,0,0,0,0,0,0,0,0,0,0,0,0,0,0,0,0,0,0,0,0,0,0,0,0,0,0,0,0,0,0,0,0,0,0,0,0,0,0,0,0,0,0,0,0,0,0,0,0,0,0,0,0,0,0,0,0,0,0,0,0,0,0,0,0,0,0,0,0,0,0,0,0,0,0,0,0,0,0,0,0,0,0,0,0,0,0,0,0,0,0,0,0,0,0,0,0,0
"D247",2,0,0,0,0,0,0,0,0,0,0,0,0,0,0,0,0,0,0,0,18,0,0,0,0,0,0,0,0,0,0,0,9,0,0,0,0,0,0,0,0,2,0,0,0,0,0,0,0,0,11,6,13,0,0,0,0,0,0,0,0,5,0,0,0,0,0,0,0,0,0,0,0,0,0,0,0,0,0,0,0,0,0,0,0,0,0,0,0,0,0,0,0,0,0,0,0,0,0,0,0,0,0,13,0,0,0,0,0,0,6,0,0,0,0,0,0,0,0,0,0,0,0,0,0,0,0,0,0,0,0,0,0,0,0,0,0,0,0,0,0,13,0,0,0,0,0,0,0,0,0,0,0,0,0,0,0,0,0,0,0,0,0,0,0,0,0,0,0,0,0,0,0,11,0,0,0,0,0,0,0,0,0,0,0,0,0,0,0,0,0,0,0,0,0,0,0,0,0,0,0,0,0,0,0,0,3,0,0,0,0,0,0,0,0,0,0,0,0,0,0,0,0,0,0,0,0,0,0,0,2,0,0,17,0,0,0,0,0,0,0,9,0,0,0,0,0,0,0,0,0,0,0,0,0,0,0,0,0,0,0,0,0,0,0,0,0,0,0,0,0,0,0,0,0,15,0,0,0,0,0,10,24,0,0,10,0,0,6,0,0,0,0,0,0,0,0,0,0,0,0,0,0,0,3,0,0,0,0,0,0,0,0,0,0,0,5,0,7,0,0,0,0,0,0,0,2,0,0,0,0,0,0,0,0,0,0,0,0,0,0,0,0,0,0,0,22,0,0,0,0,0,0,2,0,0,0,0,0,0,0,0,0,0,0,2,0,0,0,0,2,0,0,0,0,0,0,0,0,0,0,0,0,0,0,0,0,0,0,0,0,0,0,0,0,0,2,0,0,0,0,0,0,0,0,0,0,0,0,0,0,0,0,0,0,0,0,0,0,0,0,0,0,0,0,0,0,0,0,0,0,0,0,0,0,0,2,2,0,0,0,0,0,0,0,0,0,0,0,3,5,0,0,0,0,0,0,0,0,0,0,0,0,0,0,0,0,0,0,0,0,0,0,0,0,0,0,0,0,0,0,0,0,0,0,0,0,0,0,0,0,0,0,0,0,0,6,0,0,0,0,0,404,0,0,0,0,0,0,0,0,0,0,0,0,0,0,0,0,0,0,0,0,0,0,0,0,0,0,0,0,0,0,0,0,0,0,0,0,0,0,0,0,0,0,0,0,0,0,0,0,0,0,0,0,0,0,0,0,0,0,0,0,0,0,0,0,0,5,2,0,0,0,0,0,0,0,0,59,0,0,0,0,0,0,0,0,0,0,0,0,0,0,0,0,0,0,0,0,4,0,0,0
"D248",0,0,0,0,0,0,0,0,0,0,0,0,0,0,0,0,0,0,0,0,0,0,0,0,0,0,0,0,0,0,0,0,0,0,0,0,0,0,0,0,0,0,0,0,0,0,0,0,0,0,0,0,1,0,0,0,0,0,0,0,0,2,0,0,0,0,0,5834,0,0,0,0,0,0,0,0,0,0,0,0,0,0,0,0,0,0,0,0,0,0,0,0,0,0,0,0,0,0,0,0,0,0,0,0,0,0,0,0,0,0,3,0,0,0,0,0,0,0,0,0,0,0,0,0,0,0,0,0,0,0,0,0,0,0,0,0,4,0,0,0,0,0,0,0,0,0,0,0,0,4,1,0,0,0,0,2,0,0,0,0,0,0,0,0,0,0,0,0,0,0,0,0,0,3,0,0,0,0,0,0,0,14,0,0,0,0,0,0,0,0,0,0,0,0,0,0,0,0,0,0,0,0,0,0,0,0,0,0,0,0,0,0,0,0,0,0,0,0,0,0,0,0,0,6,0,0,0,0,0,0,0,0,0,0,0,0,0,0,0,0,0,0,0,0,0,0,0,0,0,0,0,0,0,0,0,0,0,0,6,0,0,0,0,0,0,0,0,0,0,0,0,0,0,0,0,0,0,0,0,0,0,113,4,0,0,0,0,0,0,0,0,0,0,0,0,0,0,0,0,0,0,0,0,0,0,0,0,0,0,0,0,0,0,0,0,0,0,0,0,0,0,0,0,0,0,0,4,0,0,0,0,0,0,0,0,0,0,0,0,0,0,0,0,0,0,0,0,0,0,0,0,0,0,0,0,0,0,0,3,0,0,0,0,0,0,0,0,0,0,0,0,0,0,0,0,0,0,0,0,0,0,0,0,0,0,0,0,0,0,0,0,0,0,0,0,0,0,0,0,0,0,0,0,0,0,0,0,0,0,0,0,0,0,0,0,0,0,0,0,0,0,0,0,0,0,0,0,0,0,0,0,0,0,0,0,0,0,0,0,0,0,0,0,0,0,84,0,0,0,0,2,0,0,0,0,0,0,0,0,0,1,0,0,0,0,0,0,0,0,0,0,7,0,0,0,0,0,0,0,0,0,0,6,0,0,0,0,0,0,0,0,0,0,0,0,0,0,0,0,0,0,0,0,0,0,0,0,1,0,0,0,0,0,0,0,0,0,0,0,0,0,0,0,0,13273,0,0,0,0,0,0,0,0,0,0,0,0,0,0,0,0,0,0,0,0,0,0,0,0,0,0,0,0,0,0,0,0,0,0,0,4,0,0,0,0,0,0,0,0,20,0,0,0,0,0,0,0,0,84,0,0,0,0,0,0,0,0,0,0,0,0,0,0,0,0,0,0,0,0,0,0,0,0
"D249",35,492,2502,0,74,50,0,0,0,9,31,0,0,0,0,0,0,0,0,0,0,30,0,48,133,0,0,0,0,0,0,0,0,31,873,0,0,288,0,87,0,0,0,0,0,0,2,0,0,51,0,0,24,0,0,0,0,124,0,30,40,0,0,0,0,0,13,0,42,3,69,0,0,0,0,0,0,0,0,2,0,0,0,141,0,0,0,0,1449,0,7,0,0,0,7,138,0,10,22,2,23,0,0,0,0,0,0,0,438,0,0,0,0,2,0,0,0,0,0,0,0,3,0,0,4,0,0,0,0,0,617,0,61,0,0,11,0,0,0,0,0,0,0,0,24,25,11,1,308,0,0,12,571,112,0,0,3,0,0,3,0,0,32,14,0,0,0,0,0,57,0,0,0,46,4,0,0,34,0,49,0,984,0,0,0,0,0,0,0,0,0,20,0,0,0,3,0,61,1,2,0,0,0,0,59,1089,0,0,4,0,0,0,9,172,0,1,0,0,36,27,0,0,3,14,0,3681,71,1051,0,0,0,0,0,0,0,0,170,0,205,7,12,0,0,0,0,0,0,0,0,0,0,0,0,67,0,2,0,44,0,0,27,0,0,92,257,0,0,0,38,0,0,177,0,0,0,0,0,0,0,27,519,0,0,6,0,20,0,10,0,33,17,0,0,0,0,21,0,0,14,15,30,0,0,0,37,0,0,248,855,26,93,0,2351,312,23,0,0,0,27,0,0,0,172,0,9,0,0,10,0,20,0,437,0,0,0,21,0,229,0,0,0,0,0,136,944,0,0,24,0,37,0,69,21,0,2,0,27,1,0,0,0,40,13,0,0,0,38,124,0,21,57,0,2,3,0,42,0,0,0,0,204,0,0,0,0,31,1111,0,6,12,177,0,0,0,9,1694,0,0,0,0,0,143,0,1,125,0,0,0,0,0,0,7049,0,0,0,0,0,0,0,0,0,3,0,0,0,10,3,1987,0,0,0,0,0,0,0,0,32,0,0,0,107,0,0,0,0,3,0,151,0,241,18,23,0,0,0,0,5,3,0,191,0,0,0,0,195,12,7,0,0,41,0,0,11,0,111,0,0,0,5,0,0,0,0,79,0,0,0,0,0,0,0,0,0,0,6,0,0,19,0,0,0,0,0,0,0,152,0,0,0,0,10,26,23,1,0,1,0,5,42,0,92,0,418,0,0,0,206,0,28,9,17,0,413,3,0,0,0,15,0,205,0,0,0,0,94,0,338,0,0,0,0,0,9,0,0,0,10,0,0,64,0,0,0,0,0,0,226,0,9,0,0,0,0,19,0,0,1018,0,348,0,6,1538,0,13,0,0,0,93,0,0,0,0,0,0,227,0,0,0,1,0,0,314,0
"D250",0,16,0,0,0,0,0,0,0,1,30,0,0,14,0,60,52,0,33,367,0,0,1877,0,0,0,0,0,51,20,26,0,0,0,0,0,0,0,0,73,0,0,547,0,8,0,0,0,109,0,0,5,0,0,0,0,0,0,0,653,0,0,101,0,0,473,3,0,0,0,0,0,0,0,0,43,2,0,0,0,0,0,0,0,0,0,0,0,0,0,7,0,0,0,5,0,0,0,0,0,0,0,0,0,0,0,0,0,53,0,0,0,0,2,0,0,0,0,0,0,0,0,0,0,0,0,0,0,150,0,0,0,0,0,0,0,0,0,0,0,38,0,0,0,0,0,0,0,0,0,0,0,0,0,0,0,0,6,98,0,3,0,0,0,0,0,0,0,0,0,0,0,0,0,0,0,0,0,0,1,0,0,0,0,0,0,0,0,0,0,0,3,0,33,4,0,0,0,0,0,0,0,0,0,0,0,2,0,0,0,0,0,0,0,0,0,0,0,0,0,0,0,0,0,0,980,0,0,8,0,0,0,0,0,19,0,0,670,0,2,0,0,0,0,0,0,13,0,0,0,0,0,0,0,0,0,0,2,0,31,0,0,36,0,0,0,0,52,0,0,0,5,0,0,0,0,7,0,0,0,736,0,0,0,111,0,0,3,0,0,0,0,0,308,0,0,0,0,0,42,5,0,0,0,31,0,0,853,0,0,0,0,0,0,0,0,0,2,0,0,0,0,0,0,0,0,0,0,0,0,0,0,0,0,1,0,0,2,0,0,64,0,0,2,0,0,0,0,0,0,0,0,3162,0,0,0,0,0,0,0,0,0,0,0,0,0,0,0,0,0,0,0,0,11,0,0,0,332,0,0,0,0,0,0,0,0,0,0,17,2,0,0,0,0,0,0,0,0,14,0,0,21,0,0,0,0,0,0,0,0,0,0,0,3,0,0,4,0,26,9,0,0,0,0,0,4,0,0,0,0,36,0,0,0,0,3,0,0,0,0,0,33,0,16,0,0,0,0,15,0,0,0,0,186,0,0,0,0,1,0,0,0,0,2,0,0,0,0,0,0,0,0,0,0,0,0,0,0,0,0,0,0,0,0,12,12,0,0,0,0,0,0,0,43,4,0,0,10,0,84,0,0,0,73,0,962,93,0,0,0,0,0,0,9,0,0,0,41,0,0,4,0,0,0,0,0,0,0,0,0,0,90,0,4,0,0,0,0,0,0,0,0,0,134,21,2,0,0,232,0,0,0,0,0,0,0,0,53,0,0,0,0,0,0,0,0,0,0,0,0,0,0,0,0,229,3,0,0,26,17,0,0,0,6,0,0,0,0,0,0,0,0,0,63,38,0,0,0,0,0,0,0,0
"D251",6,29,5,0,5,8,0,40,0,1,51,45,5,9,0,10,31,22,0,0,2,22,79,16,33,0,0,13,202,4,198,0,20,0,21,6,0,0,2,109,0,0,164,8,37,0,0,0,45,16,0,1,20,5,10,2,4,0,4,98,87,0,37,0,0,61,10,0,0,0,5,0,0,0,4,20,0,6,8,0,0,0,0,10,22,0,0,0,79,2,2,55,0,3,11,4,0,0,0,17,16,25,0,0,0,0,0,4,148,3,0,7,0,11,56,0,16,0,3,47,37,15,20,0,78,51,5,0,0,0,213,0,9,0,2,46,0,0,14,4,8,0,0,0,2,24,57,5,76,6,0,17,33,36,11,0,0,29,49,20,7,0,31,13,0,4,0,0,192,56,0,1,0,13,0,13,0,1,2,15,28,7,3,1,0,25,0,0,1,1,1,0,41,0,3,6,47,0,7,18,7,0,27,0,74,207,0,1,2,23,6,11,5,2,0,1,0,0,19,21,14,12,5,0,0,3638,0,347,1,0,0,0,3,0,0,8,10,1012,39,7,0,0,0,4,0,0,10,32,0,0,44,5,0,10,0,3,0,109,0,0,29,0,3,86,0,3,70,18,17,2,0,22,8,1,28,7,41,43,0,2,379,0,5,105,0,4,5,0,0,1,0,0,0,10,158,0,15,14,0,48,23,0,89,49,56,0,0,19,101,2,11,0,27,31,38,0,0,20,0,4,52,27,10,43,3,8,2,18,3,0,4,67,39,34,20,59,43,297,0,0,0,0,5,179,0,67,5,27,2,29,61,193,41,0,2,0,17,6,0,0,0,0,2,66,0,1,18,0,0,24,5,19,5,0,215,0,43,7,108,0,0,224,3,0,0,0,152,5,13,0,69,0,19,0,15,4,0,9,0,0,0,0,0,2,29,24,0,20,0,15,0,88,9,1,0,0,5,15,2,15,16,0,11,0,0,8,4,284,0,2,11,0,0,0,0,0,4,0,2,0,0,10,0,84,130,0,2,83,0,69,14,15,0,632,14,0,2,7,1,76,6,66,0,31,72,2,8,10,16,56,2,0,2,1,43,0,0,0,3,0,0,33,0,11,45,0,35,0,14,54,0,0,3,1,5,0,0,3,0,98,0,0,2,21,0,335,429,0,11,11,15,8,5,55,0,4,3,9,12,106,7,0,105,16,0,0,95,10,60,48,21,95,22,9,0,62,0,47,0,9,0,5,0,21,6,30,20,38,132,0,19,5,12,0,0,2,148,20,1,184,0,0,19,24,23,0,127,0,0,10,4,0,8,35,62,2,12,0,43,0,0,13,0,2,3,0,0,40,0,0,19,0,4,29,200,16,0,0,14,4,38,26,0
"D252",0,0,0,0,0,8,0,0,0,0,0,0,0,0,0,0,0,0,0,0,0,0,0,0,0,0,0,0,0,0,0,0,60,0,0,0,0,0,0,0,0,0,0,0,0,0,0,0,83,0,0,0,0,0,0,0,0,0,0,0,0,0,0,0,0,0,0,0,0,1843,0,0,0,0,0,0,0,0,0,0,0,0,0,0,0,0,0,0,0,0,0,0,0,0,0,0,0,0,11,0,0,0,0,0,0,0,0,0,0,0,0,0,0,0,0,24,0,0,0,0,0,0,0,0,0,0,0,0,0,0,0,0,0,0,0,0,0,0,0,0,0,0,0,0,0,0,0,16,0,0,0,0,0,0,0,0,0,0,0,0,0,0,0,0,2405,0,0,0,0,0,0,0,0,70,0,0,2,0,0,0,0,0,0,0,0,0,13,0,0,0,0,0,0,0,0,0,0,0,0,0,0,0,0,0,0,0,2,0,0,0,5,0,2,0,107,0,0,0,0,0,0,0,0,0,0,0,0,0,0,0,0,0,0,0,0,21,0,0,0,0,0,0,0,0,0,0,0,0,0,0,31,0,0,0,0,0,106,0,0,0,0,0,0,0,0,0,0,0,0,0,0,0,350,0,0,15,0,0,0,0,6,0,178,0,0,0,10,0,0,0,0,0,0,0,0,0,0,0,5,0,0,2,0,0,5,0,0,0,0,0,0,0,0,0,0,0,0,0,0,0,0,0,0,0,0,0,1,0,0,0,0,0,72,0,0,0,0,0,0,0,0,0,6,0,0,0,1,0,692,0,0,0,0,0,0,0,2,0,0,0,0,4,0,0,0,0,0,0,0,0,0,0,0,0,0,0,0,0,0,0,0,0,0,0,5,0,0,0,0,0,0,0,0,0,0,0,0,1,0,0,0,0,0,0,0,0,0,0,0,0,0,0,0,0,0,0,0,0,0,0,0,0,0,0,0,0,0,0,0,0,0,0,0,0,0,0,16,0,6,0,0,0,0,0,0,0,0,0,0,0,0,2689,0,0,0,0,0,0,0,0,98,0,0,0,96,0,0,0,0,0,0,0,0,0,0,2,0,0,0,0,0,0,9,0,0,0,0,0,0,0,0,0,13,0,0,0,0,2,0,0,0,0,0,0,0,0,0,0,0,0,0,0,0,0,0,0,0,0,0,0,2,0,0,0,0,0,0,0,0,0,0,0,0,0,0,0,0,0,0,0,0,0,0,0,0,0,0,0,0,0,0,0,0,0,0,0,0,0,2,0,0,0,0,0,0,0,0,0,0,79,0,0,0,0,0,0,0,0,0,0,0,0,0,0,0,0,0,0,0,0,0,0,0,0,0,0,0,0,0,2,0,0,0
"D253",0,0,0,0,0,0,0,0,0,0,0,0,0,0,0,0,0,0,0,0,0,0,0,0,0,0,0,0,0,0,0,0,0,0,0,0,110,0,0,0,0,0,0,0,0,0,0,0,0,0,0,0,0,0,0,0,0,0,0,0,0,0,0,0,0,0,0,0,0,31,0,0,0,0,0,0,0,0,0,0,0,0,0,0,0,0,0,0,0,0,0,0,0,0,0,0,0,0,0,0,0,0,0,0,0,0,0,0,0,0,0,0,0,0,0,0,0,0,0,0,0,0,0,0,0,0,0,0,0,0,0,0,0,0,0,0,0,0,0,0,0,0,0,0,0,0,2,0,0,0,0,0,0,0,0,0,0,0,0,0,0,0,0,0,0,0,0,0,0,0,0,0,0,0,0,0,4,0,0,0,0,0,0,0,0,0,0,0,0,0,0,0,0,0,0,0,0,0,0,0,0,0,0,0,0,0,0,0,0,0,0,0,0,0,0,0,0,0,0,0,0,0,0,0,0,0,0,0,0,0,0,0,0,0,0,0,0,0,0,0,0,0,0,0,0,0,0,0,0,0,0,0,0,0,0,0,0,0,0,0,0,80398,0,0,0,0,0,0,0,0,0,0,76,0,0,0,0,0,0,0,0,0,0,0,0,0,0,0,0,0,0,0,0,0,0,0,0,0,0,0,0,0,0,0,0,0,0,0,0,0,0,0,0,0,0,0,0,0,0,0,0,0,0,0,0,0,0,0,0,0,0,0,0,0,0,0,0,0,0,0,0,0,34,0,0,0,0,0,92,0,0,0,0,0,0,0,0,0,0,0,0,0,0,0,0,0,0,0,0,0,0,0,0,0,0,0,0,0,0,0,0,0,0,0,0,0,0,0,0,0,0,0,0,0,0,0,0,0,0,0,0,0,0,0,0,0,0,0,0,0,0,0,0,0,0,0,0,0,0,0,0,0,0,0,0,0,0,0,0,0,0,0,0,0,0,0,0,0,0,0,0,0,0,0,0,0,0,0,0,0,0,0,0,0,0,0,0,0,0,0,42,0,0,0,9,0,0,0,0,0,0,0,0,0,0,0,0,0,0,0,0,0,0,0,0,0,0,0,0,0,0,0,0,0,0,0,0,0,0,0,0,0,0,0,0,0,0,0,0,0,0,0,0,0,0,0,0,0,0,0,0,0,0,0,0,0,0,0,0,0,0,0,0,0,0,0,0,0,0,0,0,0,0,0,0,0,0,0,0,0,0,0,0,0,0,0,0,0,0,0,0,0,0,0,0,0,0,0,0,5,0,0,0,0,0,0,0,0,0,0,0,0,0,0,0,0,0,0,0,0,0,0,0,0,0,0,0,0,0,0,0,0,0
"D254",0,0,0,280,0,0,0,0,14,0,12,0,0,0,0,0,0,0,34,0,35,0,0,0,0,0,0,2,0,0,0,0,0,39,0,0,0,0,0,0,0,0,0,0,0,14,0,0,0,0,31,17,4,0,0,0,0,2,0,0,0,0,0,133,0,0,0,5,0,112,0,0,0,14,0,0,0,0,0,0,0,0,37,0,0,0,471,0,0,0,0,0,0,0,0,0,0,0,0,0,0,0,0,0,0,0,0,0,0,0,1283,0,242,0,0,0,0,4,0,0,0,0,0,0,0,0,0,0,0,0,0,26,0,0,0,0,0,0,0,0,0,174,35,0,0,0,0,0,0,45,0,0,0,0,0,447,0,0,0,0,0,0,0,0,10,0,456,0,0,0,0,0,0,0,0,0,0,0,0,0,0,0,0,138,0,0,0,46,0,0,0,0,0,0,0,0,0,0,0,0,0,0,9,22,0,0,0,0,0,0,0,0,0,0,0,0,11,7,0,0,0,0,0,12,0,0,0,0,0,0,0,0,0,107,0,0,0,0,0,0,0,0,21,0,0,107,0,0,0,34,0,0,0,0,0,0,34,0,117,0,0,453,0,0,0,0,0,0,0,0,0,0,0,0,0,0,0,0,0,0,0,99,0,0,0,0,35,0,0,0,0,0,1,0,0,0,0,0,0,28,0,0,0,0,0,76,0,0,0,0,0,26,0,0,0,27,0,0,0,0,0,0,0,0,0,0,0,0,0,32,0,0,199,0,0,0,0,0,0,0,0,0,31,0,78,0,33,0,51,0,0,0,0,9,0,0,0,0,0,0,0,0,0,0,0,13,0,0,0,0,2,0,0,0,0,0,0,0,0,30,0,0,0,0,0,27,0,0,0,0,0,0,0,0,0,0,38,0,0,0,0,0,0,0,0,0,0,0,28,0,0,0,0,0,0,0,0,0,12,0,0,14,0,0,0,0,0,0,0,0,0,0,0,0,0,0,0,73,0,0,0,0,0,0,0,0,0,0,0,0,5,723,0,0,0,0,0,0,0,0,0,0,33,0,38,0,0,0,0,0,0,0,0,0,0,11,0,5,0,38,51,0,17,0,0,0,0,6,0,0,39,0,0,0,0,7,0,0,0,0,0,21,0,0,0,0,0,2,0,0,0,0,0,0,0,0,0,0,0,0,0,0,7,0,1182,0,91,0,0,0,0,0,0,0,0,0,0,0,0,0,37,0,0,0,0,0,0,0,0,0,0,0,0,0,2,0,0,0,0,0,18,0,0,0,23,0,0,0,0,25,0,0,0,0,0,0,0,0,110,0,0,0,0,0,0,0,0,0,25,0,0,0,0,0,0,0,0,0,0,0,133,0,0
"D255",0,0,0,0,0,0,0,0,0,0,0,0,0,0,0,0,0,0,0,0,0,0,0,0,0,0,0,0,0,0,0,0,0,0,0,0,0,0,0,0,0,0,0,0,0,0,0,0,0,0,0,0,0,0,0,0,0,0,88,0,0,0,0,0,0,0,0,0,0,0,0,0,0,0,0,0,0,0,0,0,0,0,0,0,0,0,0,0,0,0,0,0,0,0,0,0,0,0,0,0,0,0,0,0,0,0,0,0,0,0,0,0,0,0,0,0,0,0,0,0,0,0,0,0,0,0,0,0,0,0,0,0,0,0,0,0,0,0,0,0,0,0,0,0,0,0,0,0,0,0,0,0,0,0,0,0,0,0,0,0,0,0,0,0,0,0,0,0,0,0,0,0,0,2,0,0,0,0,0,0,0,0,0,0,0,0,0,0,0,0,0,0,0,0,0,0,0,0,0,0,0,0,0,0,0,0,0,0,0,0,0,0,0,0,0,0,0,0,0,0,0,0,0,0,0,0,0,0,0,0,0,0,0,0,0,0,0,0,0,0,0,0,0,0,0,0,0,0,0,0,0,0,0,0,0,0,3490,0,0,0,0,0,0,0,0,0,0,0,0,0,0,0,3,0,0,0,0,0,0,0,0,0,0,0,0,0,0,0,0,0,0,0,0,0,0,0,0,0,0,4,0,0,0,0,0,0,0,0,0,0,0,0,0,0,0,0,0,0,0,0,0,0,0,0,0,0,0,0,0,0,0,0,5,0,0,0,0,0,0,0,0,0,0,0,0,0,0,0,0,0,0,0,0,0,0,0,0,0,0,0,0,0,0,0,0,0,0,0,0,188,0,0,0,0,0,0,0,0,0,0,0,0,0,0,0,0,0,0,0,0,0,0,0,0,0,0,0,0,0,0,0,0,0,0,0,0,0,0,0,0,0,0,0,0,0,0,0,0,0,0,0,0,0,0,0,0,0,0,0,0,0,0,0,0,0,0,0,0,0,0,0,0,0,0,0,3,0,0,0,0,64628,3,0,0,0,0,0,0,0,0,0,0,0,0,588,0,0,0,0,0,0,0,0,0,0,0,0,0,0,8,0,0,0,0,0,0,0,0,0,0,2,0,0,0,0,0,0,0,0,0,0,0,0,0,0,0,0,0,0,0,0,0,0,0,0,0,0,0,0,0,0,0,0,0,5,0,0,0,0,0,0,0,0,0,135,0,0,0,0,0,0,0,0,0,0,0,0,0,0,0,0,0,0,0,0,0,0,0,0,0,0,0,0,0,0,0,0,0,0,0,0,0,0,0,0,0,0,0,7498,0,0,0,0,0,0,0,0,0,0,0,0,0,0,0,0,0,0,0,0,0,0,0,0
"D256",0,871,0,0,0,0,0,0,0,0,231,0,0,50,0,0,17,0,0,16,0,0,495,0,0,0,0,0,0,54,0,0,0,0,0,0,0,0,0,0,0,0,0,0,7,0,0,0,5,0,0,0,0,0,0,0,0,0,0,375,13,0,4,0,0,933,0,0,0,0,0,0,0,0,0,0,533,0,0,0,0,0,0,0,0,0,0,0,0,0,23,0,0,0,0,0,0,0,0,0,0,0,0,0,0,0,0,0,502,22,0,0,0,0,0,0,0,0,0,0,366,0,0,0,0,0,0,0,20,0,297,0,0,0,0,0,0,0,0,0,0,0,0,0,0,0,0,0,0,0,0,0,0,0,0,0,0,0,0,0,0,0,0,0,0,0,0,0,0,0,0,0,0,0,0,0,0,0,0,0,0,0,0,0,0,0,0,0,0,0,0,0,0,10,1,0,0,0,10,0,0,0,0,0,0,0,0,0,0,0,0,0,0,0,0,0,0,0,0,0,0,0,0,0,0,901,0,0,11,0,0,0,0,0,0,0,0,0,9,0,0,0,0,0,0,0,7,0,0,0,0,0,0,0,0,0,0,0,0,0,0,0,0,0,0,0,0,0,0,0,0,330,0,0,0,0,31,0,0,0,380,0,0,0,0,0,0,0,0,0,0,0,0,0,0,0,0,0,0,0,0,0,0,0,0,0,0,1854,0,0,0,0,0,0,0,0,0,0,0,0,0,0,0,0,0,0,0,0,0,0,0,0,0,0,3329,0,0,0,0,0,81,0,0,0,0,0,0,0,0,0,0,0,780,0,0,0,0,0,0,0,0,0,0,0,0,0,0,0,0,0,0,0,0,0,0,11,0,0,0,0,0,0,0,0,0,0,1,0,0,2,0,0,0,0,0,0,0,0,0,0,0,0,0,0,0,0,0,0,0,0,0,0,0,0,0,0,0,0,0,8,0,0,0,0,0,74,0,0,0,0,14,0,0,0,0,0,0,2,0,0,0,0,0,0,0,0,0,7,2,0,0,1,0,0,0,0,0,0,0,0,0,0,0,0,0,0,0,0,0,0,0,0,1,0,0,0,0,0,0,0,0,0,0,0,0,0,0,0,0,0,0,0,0,0,0,0,0,6,0,255,0,0,0,0,0,156,1768,0,0,0,0,0,0,0,0,0,0,64,0,77,2,0,0,0,0,0,0,0,0,0,0,0,0,0,0,4,0,0,0,0,0,0,0,0,0,0,0,9,0,0,0,0,161,0,0,0,98,0,24,0,0,0,0,0,0,0,0,0,0,0,0,0,0,0,610,0,0,0,72,35,0,0,0,5,0,0,0,0,0,0,0,0,0,0,99,0,0,0,0,0,0,0,0
"D257",0,0,0,20,0,0,0,0,0,0,0,0,0,0,0,0,0,0,0,0,0,0,0,0,0,0,0,0,0,0,0,0,0,0,0,0,0,0,0,0,0,0,0,0,0,0,0,0,0,0,0,0,0,0,0,0,0,0,0,0,0,0,0,0,0,0,0,0,0,0,0,0,0,0,0,0,0,0,0,0,0,0,0,0,0,0,0,0,0,0,0,0,0,0,0,0,0,0,0,0,0,0,0,0,0,0,0,0,0,0,0,0,0,0,0,0,0,42,0,0,0,0,0,0,0,0,0,0,0,0,0,0,0,0,0,0,2,0,0,0,0,0,0,0,0,0,0,0,0,0,0,0,0,0,0,0,0,0,0,0,0,0,0,0,0,0,0,0,0,0,0,0,0,0,0,0,0,0,0,0,0,0,0,0,0,0,0,0,0,0,0,0,0,0,0,0,0,0,0,0,0,0,0,0,0,0,0,0,0,0,0,0,0,0,0,0,8,0,0,0,0,0,0,0,0,0,0,0,0,0,0,0,0,0,0,0,0,0,0,0,0,0,68,0,0,0,0,0,0,0,0,0,0,0,0,0,0,0,0,0,0,0,0,0,0,0,0,0,0,0,0,0,0,0,0,0,0,0,0,0,0,0,0,0,0,0,0,0,0,0,0,0,0,0,0,0,0,0,0,0,0,0,0,0,0,0,0,0,0,0,0,0,0,0,0,0,0,0,0,0,0,0,0,0,0,0,0,0,0,0,0,0,0,0,0,0,0,0,0,0,0,0,0,0,0,0,0,0,0,0,0,0,0,1105,0,0,0,0,3,0,0,0,0,0,0,0,0,0,0,0,0,0,0,0,0,0,0,0,0,0,0,0,0,0,0,0,0,0,0,0,0,0,0,0,0,0,0,0,0,0,0,0,0,0,0,0,0,0,5,0,0,0,0,0,0,0,0,0,0,0,0,0,0,0,0,0,0,0,0,0,0,0,0,0,0,0,0,7691,0,0,0,0,0,0,0,0,0,0,0,0,0,0,0,0,0,0,0,0,0,0,0,0,0,0,0,0,0,0,0,0,0,0,0,0,0,0,0,0,0,0,0,0,0,0,0,0,0,45,0,0,0,0,0,0,0,0,0,0,0,0,0,0,0,0,0,0,0,337,0,0,0,0,0,0,0,0,0,0,0,0,0,0,0,0,2,0,0,0,0,0,0,0,0,0,0,0,0,0,0,0,0,0,0,0,0,0,0,0,0,0,0,0,0,0,0,0,0,0,0,0,10,0,0,0,0,0,0,0,0,0,0,0,0,0,0,0,0,0,0,0,0,0,0,0,0,0,0,0,0,0,0,0,0,0,0,0,0,0,0,0,0,0,0
"D258",0,32,0,0,3,4,0,0,0,0,12,23,0,0,0,0,16,11,0,0,0,6,49,8,29,0,0,0,16,2,82,0,6,0,22,0,0,0,0,32,0,0,70,0,8,0,0,6,3,17,0,0,12,0,0,2,8,0,0,144,99,0,6,0,0,42,0,0,0,0,0,0,0,0,5,31,0,0,7,0,0,0,0,4,28,0,0,0,20,0,0,15,0,0,4,14,0,0,0,6,3,0,0,0,1,0,0,2,74,2,0,1,0,1,4,0,0,0,6,17,12,6,8,0,47,33,2,0,0,0,116,0,0,0,0,34,0,0,0,0,0,0,0,0,0,5,3,0,23,0,0,11,22,6,8,0,0,22,26,59,6,0,31,3,0,2,0,6,11,25,0,0,0,0,0,4,0,2,7,4,3,0,0,0,0,2,0,0,22,0,0,1,0,0,16,4,4,5,3,14,2,0,5,0,19,132,0,2,2,0,0,0,0,2,0,0,0,0,15,2,0,0,3,0,0,4893,0,90,4,0,0,1,0,0,0,3,7,168,4,0,0,0,0,0,0,0,2,22,0,0,15,0,9,0,0,6,0,22,0,0,16,0,1,10,0,0,7,10,10,0,3,43,3,0,16,0,12,20,0,2,130,0,0,19,1,0,4,0,0,0,4,0,0,10,25,0,7,4,0,0,16,0,26,45,0,0,0,11,57,11,6,0,11,6,2,0,0,10,0,0,114,8,0,15,2,1,0,6,1,6,0,43,3,13,12,35,17,129,0,0,0,0,0,73,0,16,0,5,0,11,26,62,39,0,0,0,6,12,0,8,0,0,2,44,13,0,21,3,0,1,0,0,0,0,69,0,20,15,41,0,0,28,0,0,0,0,148,0,0,0,33,0,3,0,2,22,0,0,0,0,0,0,0,0,42,3,0,2,0,11,0,60,7,3,0,0,7,4,0,0,8,0,2,2,0,11,0,16,0,0,8,0,0,0,0,0,0,0,0,0,0,10,0,15,20,0,0,52,0,0,0,0,0,233,3,0,0,0,1,29,0,24,0,3,1,0,0,0,3,23,0,0,1,8,23,0,0,0,2,0,0,25,0,3,14,2,1,0,0,36,0,0,3,2,0,0,0,0,0,62,0,0,0,4,0,448,392,0,5,0,3,13,0,15,0,0,0,8,2,15,4,0,22,32,0,0,6,2,10,24,3,62,17,2,0,16,0,5,3,2,0,0,0,0,3,3,4,0,18,0,6,0,6,0,0,10,42,4,0,25,0,0,8,5,13,3,29,0,0,0,2,0,0,7,16,0,12,0,10,0,0,1,0,3,0,0,0,12,0,0,0,0,0,6,264,7,0,0,1,0,0,2,0
"D259",4,0,0,0,0,237,0,0,0,4,0,0,0,3,13,0,0,0,0,0,0,0,0,0,0,0,0,0,0,0,0,0,57,26,0,0,0,0,0,0,0,0,0,0,0,0,0,0,287,0,0,0,0,0,0,0,0,0,0,0,0,0,0,0,0,0,20,0,0,0,0,0,0,0,0,0,0,0,0,0,0,0,12,0,0,0,0,0,0,0,0,0,1,24,0,0,0,31,22,0,0,0,0,8,0,0,0,0,0,0,0,0,0,0,0,2477,0,0,0,0,0,0,0,0,0,0,0,0,0,0,0,0,0,0,0,0,0,0,0,0,0,0,0,0,3,2,0,76,3,26,0,0,0,25,0,0,0,0,0,0,0,0,0,0,0,0,0,0,0,0,0,0,0,79,0,0,55,0,0,0,0,0,0,0,0,0,0,0,0,0,0,0,0,0,0,0,0,0,0,0,0,0,0,0,0,0,0,0,0,0,26,0,11,0,3,420,0,0,0,0,0,0,0,0,0,0,0,0,0,0,0,0,0,0,0,210,0,0,0,0,0,0,0,2,0,0,0,0,0,0,0,0,0,13,0,0,388,0,0,0,0,0,0,0,0,0,0,0,0,0,0,0,0,0,0,143,0,0,0,0,0,0,0,0,0,0,17,0,0,3,0,8,0,0,0,0,0,0,0,0,0,21,0,0,211,0,0,0,0,0,0,0,0,2,0,0,0,0,0,0,0,0,0,0,0,0,75,0,0,0,0,0,20,0,0,0,0,0,0,0,0,0,150,0,0,0,321,0,39,0,20,0,0,0,0,0,70,0,0,0,0,75,7,0,0,0,0,0,0,0,0,0,0,0,0,0,0,0,0,0,0,0,0,9,0,0,0,4,0,0,0,0,4,0,0,0,6,7,0,0,0,0,0,0,0,0,0,0,0,0,0,0,0,0,0,0,0,0,75,0,0,0,0,0,0,0,0,0,63,0,0,0,0,0,0,0,180,0,2,0,0,0,0,0,0,0,0,0,0,0,780,235,0,0,0,0,0,0,0,0,0,0,0,0,493,0,0,0,0,0,0,0,0,5,0,0,0,0,0,0,0,0,0,0,0,0,0,0,0,0,4,11,0,0,0,1,118,0,0,0,0,0,0,0,0,0,0,0,0,9,0,0,0,0,0,1251,0,0,0,0,0,0,0,0,0,0,0,0,0,2,0,0,0,0,0,0,0,0,0,0,0,0,0,0,0,0,0,0,1,0,0,0,0,0,5,0,0,0,0,0,0,2,0,0,0,0,0,0,0,0,0,0,0,0,0,0,0,0,12,0,0,2,0,0,0,0,0,0,0,0,0,0,0,0,0,0,0,0,0,0,0,0,0
"D260",0,0,0,0,0,0,0,0,0,0,0,0,0,0,0,0,0,0,0,0,0,0,0,0,0,0,0,0,0,0,0,0,0,0,0,0,0,0,0,0,0,0,0,0,0,0,0,0,0,0,0,0,0,0,0,0,0,0,0,0,0,4,0,0,0,0,0,4,0,0,0,0,0,0,0,0,0,0,0,0,0,0,2,0,0,0,0,0,0,0,0,0,0,0,0,0,0,0,0,0,0,0,0,0,0,0,0,0,0,0,0,0,0,0,0,0,0,0,0,0,0,0,0,0,0,0,0,0,0,0,0,0,0,0,0,0,0,0,0,0,0,0,0,0,0,0,0,0,0,0,0,0,0,0,0,0,0,0,0,0,0,0,0,0,0,0,0,0,0,0,0,0,0,2,0,0,0,0,0,0,0,0,0,3,0,0,0,0,0,0,0,0,0,0,0,0,0,0,0,0,0,0,0,0,0,0,0,0,0,0,0,0,0,0,0,0,0,0,0,0,0,0,0,0,0,0,0,0,0,0,0,0,0,0,0,0,0,0,0,0,0,0,0,0,0,0,0,0,0,2,0,0,0,0,0,0,2,0,0,0,0,3,0,0,0,0,0,0,0,0,0,0,6,0,0,0,0,0,0,0,0,0,0,0,0,0,0,0,0,0,0,0,0,0,0,0,0,0,0,0,0,0,0,0,0,0,0,0,0,0,0,0,0,0,0,0,0,0,0,0,0,0,0,0,0,0,0,0,0,0,0,0,5,0,0,0,0,0,0,0,0,0,0,0,0,0,0,0,2,0,0,0,0,0,0,0,0,0,0,0,0,0,0,0,0,0,0,0,0,0,0,0,0,0,0,0,0,0,0,0,0,0,0,0,0,0,0,0,0,0,0,0,0,0,0,0,0,0,11,0,0,0,0,0,0,0,0,0,0,0,0,0,0,0,0,0,0,0,0,0,0,0,0,0,0,0,0,0,0,0,0,0,0,0,0,0,0,0,0,0,0,0,0,0,0,0,0,0,0,0,3,2,0,0,0,0,0,0,0,0,0,0,0,0,0,0,0,0,0,0,0,0,0,0,0,0,0,0,0,0,0,0,0,0,0,0,0,0,0,0,0,0,0,0,0,0,0,0,0,0,0,0,0,0,0,0,0,0,0,0,0,0,0,0,0,0,0,0,0,0,0,0,0,0,0,0,0,0,0,0,0,0,0,0,0,0,0,0,0,0,0,0,0,0,0,0,0,0,0,0,0,0,0,0,0,0,0,0,0,0,0,0,0,0,0,0,0,0,0,0,0,0,0,0,0,0,0,0,6,0,0,0,0,0,0,0,0,0,0,0,0,0,0,0,0,0,0,0,0,0,0,0,0
"D261",0,0,0,0,0,0,0,0,0,0,0,0,0,0,0,0,0,0,0,0,0,0,0,0,0,0,0,0,0,0,0,0,0,0,0,0,0,0,0,0,0,0,0,0,0,0,0,0,0,0,0,0,2,0,0,0,0,0,0,0,0,0,0,0,0,0,0,0,0,0,0,0,0,0,0,0,0,0,0,0,0,0,0,0,0,0,0,0,0,0,0,0,0,0,0,0,2,0,0,0,0,0,0,0,0,0,2,0,0,0,0,0,0,0,0,0,0,0,0,0,0,6,0,0,0,0,0,0,0,0,0,0,0,0,0,0,0,0,0,0,0,0,0,0,0,0,0,0,0,0,0,0,0,0,0,0,0,0,0,0,0,0,0,0,0,0,0,0,0,0,0,0,0,0,0,0,0,0,0,0,0,0,113,0,0,0,0,0,0,0,0,0,0,0,0,0,0,0,0,0,0,6,0,0,0,0,0,0,0,0,0,0,0,0,0,0,0,0,0,0,0,0,0,18,0,10,0,0,0,0,0,0,0,0,0,0,0,0,0,0,0,0,0,0,0,0,0,0,0,0,0,0,0,0,0,0,0,0,4,0,0,0,0,0,0,0,0,0,0,0,0,0,0,0,0,0,0,0,0,0,2,0,0,0,0,0,0,0,0,10,0,0,0,0,0,0,0,0,0,0,0,0,0,0,0,0,0,0,0,0,0,0,0,0,0,0,4,0,0,0,0,0,0,0,0,0,0,0,0,0,0,0,0,0,0,0,0,0,0,0,0,0,0,0,0,0,0,0,0,0,0,0,4,0,0,0,0,0,0,0,0,0,0,0,0,0,0,0,0,0,0,0,0,0,0,0,0,2,0,0,0,0,0,0,0,0,0,0,0,0,0,0,0,0,0,0,0,0,0,0,0,0,0,0,0,0,0,0,0,0,0,0,0,0,0,0,0,0,0,0,0,0,0,0,0,0,0,0,0,0,0,0,0,0,0,0,0,0,0,0,421,0,0,0,0,2,0,0,0,0,0,0,0,0,0,0,8,0,0,0,0,0,0,0,0,0,0,0,0,0,0,0,0,0,0,0,0,0,0,0,0,0,0,0,0,49,0,0,0,0,0,0,0,0,0,0,0,0,0,0,0,0,0,0,0,0,2,0,0,0,0,0,0,0,0,0,0,0,0,0,0,0,0,0,0,0,4,0,0,0,0,0,0,0,0,0,0,0,0,0,0,0,0,0,0,0,0,0,0,0,0,0,0,0,2,0,0,0,0,0,0,0,0,0,0,0,2,0,0,0,0,0,0,0,0,0,0,0,5421,0,0,0,0,0,0,0,0,0,0,0,0,0,0,0,2,0,0,0,0,0,0,0,0
"D262",8,0,0,0,0,0,1,0,0,0,0,0,5,0,0,28,0,0,0,8,0,0,0,0,0,0,0,0,0,0,0,0,0,602,0,0,136,0,0,0,0,0,0,0,0,0,0,0,144,0,0,0,3,0,0,0,0,0,5,0,0,0,53,0,2,68,0,0,0,0,0,0,0,0,0,0,0,0,0,0,0,0,0,0,0,1598,0,0,0,78,0,0,0,958,0,0,0,0,12,0,0,0,0,433,0,0,0,0,0,0,0,0,0,0,0,0,0,0,0,0,0,0,0,0,0,0,0,0,0,0,0,0,0,0,0,0,0,0,0,2,0,0,0,159,0,0,0,0,0,0,0,0,0,57,0,0,7,0,0,0,0,0,0,0,0,0,0,0,0,0,0,0,0,1,0,0,0,0,0,0,0,0,0,0,0,0,0,0,0,0,0,0,0,325,0,0,0,0,0,0,0,0,0,0,0,0,0,0,0,0,0,0,0,0,0,0,0,0,0,0,0,0,41,0,0,0,0,0,0,0,0,0,0,0,0,0,0,0,0,0,0,0,0,0,0,0,0,0,0,0,0,0,0,0,0,0,0,0,0,0,0,0,0,0,0,0,13,0,0,0,0,0,0,0,0,0,0,0,0,0,4,0,0,0,0,0,5,0,0,39,0,0,0,0,0,0,0,0,0,0,0,0,0,0,0,0,28,114,0,0,0,0,0,0,0,0,0,0,0,0,0,0,0,0,0,0,0,0,0,0,20,0,0,0,0,0,0,0,0,1,0,0,0,0,0,0,0,0,0,0,0,0,0,0,0,0,0,0,0,0,0,0,56,0,0,0,0,0,0,0,0,0,0,0,0,0,0,0,0,0,0,0,0,0,0,19,0,1082,0,0,0,0,0,0,0,0,0,0,1370,82,11450,0,0,0,0,0,0,0,0,0,0,0,0,0,0,8434,0,0,0,0,0,0,0,0,0,0,0,0,0,0,12,0,0,0,0,0,0,0,0,2,0,0,0,0,0,0,0,0,0,0,0,0,0,0,0,0,3,0,0,0,0,0,0,0,0,0,0,0,0,0,0,0,0,0,0,0,0,13966,0,0,0,0,0,0,0,0,478,0,0,0,0,0,0,12,0,0,0,0,6,0,0,0,0,0,0,0,0,0,0,0,0,0,0,0,0,0,0,0,0,0,0,0,0,0,0,0,0,0,0,0,0,0,0,58,0,0,0,0,0,0,0,0,0,0,0,0,0,0,736,0,0,0,0,2224,0,0,0,0,0,0,0,0,0,0,0,0,0,0,0,4,0,1526,0,0,0,2,0,0,0,359,0,0,3,0,0,0,0,0,0,0,0,0,11,28,0,0,0,0,0,0,0,0,0
"D263",0,0,0,0,0,0,0,0,0,0,0,0,0,0,0,0,0,0,0,0,0,0,0,0,0,0,0,0,0,0,0,11,0,0,0,0,0,0,0,0,0,8,0,0,0,0,0,0,0,0,0,0,13,0,0,0,0,0,0,0,0,0,0,0,0,0,0,0,0,0,0,0,0,0,0,0,0,0,0,0,0,0,0,0,0,0,0,0,0,0,0,0,0,0,0,0,0,0,0,0,0,0,0,0,0,0,0,0,0,0,0,0,0,0,0,0,0,0,0,0,0,0,0,0,0,0,0,0,0,0,0,0,0,0,0,0,0,0,0,0,0,0,0,0,0,0,0,0,0,0,11,0,0,0,0,0,0,0,0,0,0,0,0,0,0,0,2,0,0,0,0,0,0,21,0,0,0,0,0,1,0,0,0,0,0,0,0,5,0,0,0,0,0,0,0,0,0,0,0,0,0,0,0,0,0,0,0,0,0,0,0,0,0,0,0,0,35,0,0,0,0,0,0,0,0,0,0,0,0,0,0,0,0,166,0,0,0,0,0,0,0,0,63,0,0,0,0,0,0,0,0,0,0,0,0,0,0,0,0,0,0,2,0,15,0,0,0,0,0,0,0,0,0,0,0,0,0,0,0,0,0,0,0,0,0,0,0,0,0,0,0,0,0,0,0,0,0,0,0,0,0,0,0,0,0,3,0,0,0,0,0,0,0,0,0,0,0,0,4,0,0,0,0,0,0,0,6,0,0,0,0,0,42979,0,0,0,0,0,0,0,0,0,0,0,0,0,0,0,0,0,0,0,0,42,0,0,0,0,5,0,0,0,0,0,0,0,0,0,0,0,14,0,0,0,0,0,0,0,0,33,0,0,0,0,0,0,0,0,0,0,0,0,0,0,0,0,0,0,0,0,0,0,0,0,0,0,0,0,0,0,0,0,0,0,0,0,0,0,0,0,0,0,0,0,0,0,0,0,0,0,0,0,0,0,0,0,0,1446,0,0,0,0,0,0,0,0,0,0,0,0,0,284,0,0,0,0,0,0,0,0,0,0,0,0,6,0,0,0,0,0,0,0,0,0,0,0,0,0,0,0,0,0,0,0,0,0,0,1026,0,0,0,0,0,0,0,0,0,0,0,0,0,37,0,0,0,0,0,0,0,0,0,0,0,0,0,0,0,0,0,0,0,0,0,0,200,0,0,0,0,0,0,0,0,0,2,0,0,0,0,0,0,0,0,0,0,0,0,0,0,0,0,0,0,0,0,0,0,0,0,0,0,0,0,0,0,0,0,0,0,0,0,0,0,0,0,0,0,0,2,0,0,0,0,0,0,0,0,0,0,0,0,0,0,0,0,0,0,6,0,0,0,0,0
"D264",0,0,0,0,0,0,0,0,0,0,0,0,0,0,0,0,0,0,24,0,5,0,0,0,0,0,260,0,0,0,41,0,0,0,0,0,0,0,0,0,0,0,0,1,0,0,0,0,0,0,2,0,0,0,0,0,0,0,0,0,3,0,17,0,0,0,0,0,0,594,0,18,108,0,3,0,0,7,0,0,93,0,2,0,0,2498,0,0,0,35,0,0,0,0,1,0,474,0,0,0,0,0,30,21,0,0,0,0,0,0,2,0,0,0,0,0,0,3,0,0,0,0,0,0,0,0,0,314,0,0,0,0,0,0,0,0,0,471,0,0,0,0,0,0,0,0,0,0,0,19,0,0,0,0,0,0,0,4,0,0,0,0,0,0,0,0,0,0,0,0,120,0,0,0,0,0,0,0,0,0,0,0,14,0,122,0,0,0,0,0,0,2,2,0,0,0,0,0,0,0,0,0,8,0,0,0,0,0,0,0,0,0,0,0,0,0,0,0,0,0,0,0,0,0,0,0,21,0,0,0,406,11,7,0,0,0,0,0,0,0,0,6,0,0,0,0,0,0,10,0,0,0,0,11,0,0,0,0,2,0,0,18,0,0,0,0,0,3,0,0,0,0,0,4,0,0,0,0,0,0,0,0,80,0,0,0,16,0,0,0,0,0,0,0,0,75,0,0,0,0,0,0,0,0,0,0,0,0,0,0,0,0,0,0,0,0,0,0,0,20,0,0,0,0,0,0,0,0,0,1,0,0,0,0,0,0,0,0,497,669,0,0,73,0,0,0,4,0,9,0,0,0,0,0,0,0,0,0,0,0,17,0,6,3,2,0,0,0,152,0,0,0,0,0,0,0,0,0,0,0,0,0,0,0,0,0,0,0,0,0,0,2,0,0,0,3,0,0,345,0,0,0,36,0,0,0,723,3,0,0,0,0,0,0,0,0,0,0,0,0,8,0,0,1,24,0,0,0,0,0,0,32,54,0,9,0,0,0,0,1,0,3,0,0,9,0,4,0,0,0,0,0,0,0,0,5,0,0,0,0,0,0,0,0,0,0,0,0,0,0,0,0,0,0,0,0,26,191,0,0,0,0,0,0,0,0,0,0,0,4,0,0,0,0,0,0,0,0,7,0,59,0,0,0,16,3,0,0,0,0,0,0,0,8,612,0,2,0,5,0,0,0,0,0,0,0,40,0,0,0,0,0,0,0,0,0,0,0,2,0,0,0,1117,0,0,0,0,0,0,166,0,0,0,0,0,0,0,0,0,6,0,0,5,0,23,2,0,0,0,0,0,0,0,0,0,0,0,0,5,0,0,0,0,0,0,0,23,0,0,556,27,20,0,0,2,0,0,0,0,0,0,0,0
"D265",0,0,0,0,0,0,0,0,0,0,0,0,0,0,0,0,0,0,0,0,0,0,0,0,0,0,0,0,0,0,0,0,0,0,0,0,0,0,0,0,0,0,0,0,0,0,0,0,0,0,0,0,0,0,0,0,0,0,0,0,0,0,0,0,0,0,0,3,0,0,0,0,0,0,0,0,0,0,0,0,0,0,0,0,0,0,0,0,0,0,0,0,0,0,0,0,0,0,0,0,0,0,0,0,0,0,3,0,0,0,2,0,0,0,0,0,0,0,0,0,0,0,0,0,0,0,0,0,0,0,0,0,0,0,0,0,0,0,0,0,0,0,0,0,0,0,0,0,0,0,0,0,0,0,0,0,0,0,0,0,0,0,0,0,0,0,0,0,0,0,0,0,0,0,0,0,0,0,0,0,0,0,0,23,0,0,0,0,0,0,0,0,0,0,0,0,0,0,0,0,0,0,0,0,0,0,0,0,0,0,0,0,0,0,0,0,0,0,0,0,0,0,0,20,0,0,0,0,0,0,0,0,0,14,0,0,0,0,0,0,0,0,0,0,0,0,0,0,0,0,0,0,0,0,0,0,0,0,0,0,0,62,0,0,0,0,0,0,0,0,0,0,0,0,0,0,0,0,0,0,0,0,0,0,0,0,0,0,0,0,0,0,0,0,0,0,0,0,0,0,4,0,0,0,0,0,0,0,0,0,0,0,0,0,0,0,0,0,0,0,0,0,0,0,0,0,2,0,0,0,0,0,0,0,0,0,0,0,0,0,0,0,0,0,0,0,0,0,0,0,0,0,0,0,0,0,0,0,0,0,0,0,0,0,0,0,0,0,0,0,0,0,0,0,0,0,0,0,0,0,0,0,0,0,0,0,0,0,0,0,0,0,0,0,0,0,0,0,0,0,0,0,0,0,0,0,0,0,0,0,0,0,0,0,0,0,0,0,0,0,0,0,0,0,0,0,0,0,0,0,0,0,0,0,0,0,0,114,0,0,0,0,0,0,0,0,0,0,0,0,0,0,0,0,0,0,0,0,0,0,0,0,0,0,0,0,0,0,0,0,0,0,0,0,0,0,0,0,0,0,0,0,0,0,0,0,0,10,0,0,0,0,0,0,0,0,0,0,0,0,0,0,0,0,0,0,0,20,0,0,0,0,0,0,0,0,0,0,0,0,0,0,0,0,12,0,0,0,0,0,0,0,0,0,0,0,0,0,0,0,0,0,0,0,0,0,0,0,0,0,0,0,0,0,0,0,0,0,0,0,0,630,0,0,0,0,0,0,0,0,0,0,0,0,0,0,0,0,0,0,0,0,0,0,0,0,0,0,0,0,0,0,0,0,0,0,0,0,0,0,0,0,0
"D266",0,0,0,0,0,0,0,0,0,0,0,0,0,0,0,0,0,0,0,0,0,0,0,0,0,0,0,0,0,0,0,0,0,0,0,0,0,0,0,0,0,0,0,0,0,0,0,0,0,0,0,0,0,0,0,0,0,0,0,0,0,0,0,0,0,0,0,0,0,0,0,0,0,0,0,0,0,0,0,0,0,0,0,0,0,0,0,0,0,0,0,0,0,0,0,0,0,0,0,0,0,0,0,0,0,0,96,0,0,0,0,0,0,0,0,0,0,0,0,0,0,0,0,0,0,0,0,0,0,0,0,0,0,0,0,0,0,0,0,0,0,0,0,0,0,0,0,0,0,0,0,0,0,0,0,0,0,0,0,0,0,0,0,0,0,0,0,0,0,0,0,0,0,0,0,0,0,0,0,0,0,0,0,0,0,0,0,0,0,0,0,25,0,0,0,0,0,0,0,0,0,0,0,0,0,0,0,0,0,0,0,0,0,0,0,0,0,0,0,0,0,0,0,631,0,0,0,0,0,0,0,0,0,0,0,0,0,0,0,0,0,0,0,0,0,0,0,0,0,0,0,0,0,0,0,0,0,0,0,0,0,0,0,0,0,0,0,0,0,0,0,0,0,0,0,0,0,0,0,0,0,0,0,0,0,0,0,0,0,0,0,0,0,0,0,0,0,0,0,0,0,0,0,0,0,0,0,0,0,0,0,0,0,0,0,0,147,0,0,0,0,0,0,0,0,0,0,0,0,0,0,0,0,0,0,0,0,0,0,0,0,0,0,0,0,0,0,0,0,0,0,0,0,0,0,0,0,0,0,0,0,0,0,0,0,0,0,0,0,0,0,0,0,0,0,0,0,0,0,0,0,0,0,0,0,0,0,0,0,0,0,0,0,0,0,0,0,0,0,0,0,0,0,0,0,0,0,0,0,0,0,0,0,0,0,0,0,0,0,0,0,0,0,0,0,0,0,0,0,0,0,0,0,0,0,0,0,0,0,0,0,0,0,0,0,0,0,0,0,0,0,0,0,0,0,0,0,0,0,0,0,0,0,0,0,0,0,0,0,0,0,0,0,0,0,0,0,0,0,0,0,0,0,0,0,0,0,0,0,0,0,0,0,0,0,0,0,0,0,0,0,0,0,0,0,0,0,47,0,0,0,0,0,0,0,0,0,0,0,0,0,0,0,0,5,0,0,0,0,0,0,0,0,0,0,0,0,0,0,0,0,0,0,0,0,0,0,0,0,0,0,0,0,0,0,0,0,0,0,0,0,6977,0,0,0,0,0,0,0,0,0,0,0,0,0,0,0,0,121,0,0,0,0,0,0,0,0,0,0,0,0,0,0,0,0,0,0,0,0,0,0,0,0
"D267",0,0,0,0,0,0,0,0,0,0,0,0,0,0,75,0,0,0,0,0,7,0,0,0,0,0,0,1553,0,0,0,0,11,0,0,0,0,0,0,0,0,0,0,0,0,63,0,0,148,0,0,97,0,0,0,0,0,0,0,0,0,436,0,0,12,0,46,0,0,0,0,0,0,0,0,0,0,0,0,0,0,0,0,0,0,0,0,0,0,0,0,0,0,0,0,0,0,151,0,0,0,0,0,0,0,0,0,0,0,0,0,0,0,0,0,2,0,0,0,0,0,0,0,0,0,0,0,38,0,0,0,0,0,0,0,0,0,0,0,0,0,0,0,0,314,0,0,0,0,71,0,0,0,0,0,0,0,0,0,0,0,0,0,0,0,0,0,0,0,0,0,133,0,1615,0,0,0,0,0,0,0,0,0,0,0,0,0,0,0,0,0,0,0,0,0,0,0,0,0,0,0,0,0,0,0,0,0,0,0,0,0,0,4,0,4909,0,0,0,0,0,0,0,0,0,0,0,0,0,0,0,0,0,0,0,0,425,0,0,0,0,26,0,0,0,0,0,0,0,0,0,99,0,0,0,0,0,0,0,0,0,0,0,0,0,0,0,0,0,0,0,0,0,0,0,0,872,0,0,0,0,0,0,2,0,0,0,4,0,0,19,0,0,0,0,0,9,0,0,33,621,0,2,0,0,961,0,0,0,0,0,0,0,0,0,0,0,0,0,0,0,0,0,0,0,0,0,3,0,0,0,0,0,338,0,0,0,0,0,0,0,0,0,6,0,0,0,810,0,155,0,0,0,0,0,0,0,0,0,0,0,0,0,24,0,0,0,0,0,0,0,0,0,0,0,0,0,0,0,0,0,130,0,0,101,8,0,0,0,0,0,0,0,0,0,0,0,0,0,0,0,0,0,0,157,0,0,0,0,0,0,0,0,0,0,0,0,0,0,0,0,0,0,0,0,39,0,0,0,0,0,0,0,0,0,0,0,629,0,5,0,0,0,0,0,0,0,0,0,0,0,0,0,0,0,0,0,0,0,0,0,0,0,0,0,269,0,0,0,0,0,0,0,0,0,0,5,0,0,0,0,0,0,11,0,0,0,0,0,0,0,0,0,0,0,0,0,0,0,0,0,0,0,0,0,2,0,0,0,0,0,0,0,0,0,0,2,0,0,0,0,0,0,0,0,0,0,0,0,0,0,0,0,0,0,0,0,0,0,0,0,0,0,0,0,0,0,7,0,0,0,0,0,0,0,3505,0,0,0,0,0,0,2,0,0,0,0,0,0,0,2,0,0,0,0,0,0,0,0,0,0,0,0,0,0,0,0,0,0,0,0,0,0,0,0,0,0,0,0,0,0,0,0,0
"D268",3,0,0,0,0,2,0,0,76,0,0,0,0,0,0,0,0,0,0,0,107,2,0,0,2,15,2,0,0,0,0,0,0,1,2,0,58,0,0,0,0,0,0,0,0,0,0,0,0,2,0,0,0,0,0,0,0,0,0,2,0,0,0,339,2,0,0,1,0,29,0,2,0,14,0,0,0,0,2,0,0,4,0,0,0,0,2,0,0,0,0,0,0,0,0,0,0,0,0,0,0,0,0,0,0,53,2,0,0,0,449,0,83,0,0,48,0,12,0,4,0,0,0,4,0,0,0,0,0,0,0,16,0,1,0,0,0,0,0,2,0,0,9,0,0,2,0,0,0,0,0,0,0,0,0,112,0,0,0,0,0,12,0,0,16,0,159,3,0,0,0,0,0,0,0,0,0,0,0,0,0,0,0,19,0,2,0,0,0,0,0,0,0,0,0,0,0,3,0,0,0,0,0,0,0,2,0,0,0,0,0,0,0,0,0,0,5,0,0,0,0,0,11,0,0,0,0,0,0,0,0,0,0,51,0,0,0,0,1,0,0,0,7,0,0,12,0,0,0,0,0,0,0,0,0,0,0,0,643,6,0,24,0,0,0,0,0,0,0,0,0,1,30,0,0,9,0,0,6,0,2,204,11,0,0,0,0,0,0,0,0,2,0,0,0,0,0,0,0,0,0,1,0,0,0,1016,0,0,4,0,0,1,0,0,0,3,28,0,0,0,0,0,0,0,0,0,0,0,0,0,0,0,0,0,0,0,0,0,8,0,0,0,45,0,17,0,3,0,0,0,0,0,0,0,0,0,0,0,0,0,0,0,0,0,0,0,0,0,0,6,1701,0,0,0,0,2,0,0,0,5,9,0,0,0,0,0,0,0,0,0,0,0,0,0,0,0,0,0,0,0,0,4,0,0,0,0,0,0,0,0,13,0,0,0,190,0,0,0,0,0,0,5,0,0,0,5,0,0,0,3,0,0,0,0,0,0,0,0,2,2,0,0,0,0,0,0,0,0,0,0,0,22,4,0,0,0,0,0,0,0,0,0,18,0,0,25,0,0,0,0,0,0,0,0,2,3,0,0,0,139,36,0,18,0,0,0,0,0,0,0,0,0,0,0,0,0,2,0,0,0,0,2,3,0,0,0,3,0,0,0,0,0,0,0,0,0,0,2,0,4,5,0,0,0,5,0,11,0,0,0,0,0,0,0,0,0,88,0,0,0,7,0,0,0,0,0,0,4,0,0,0,0,0,0,0,0,0,0,0,0,4,0,0,0,0,0,0,4,7,7,0,0,0,0,0,0,0,0,0,0,0,0,0,0,0,0,0,0,0,0,0,0,0,0,0,0,0,0,0,0,2,2,0
"D269",0,0,0,0,0,0,0,0,0,0,0,5,0,3,0,0,3,0,0,0,0,0,0,0,0,0,0,0,0,0,0,0,0,0,0,0,0,0,0,0,0,0,0,0,2,0,0,0,0,0,0,0,0,0,0,0,0,0,0,16,0,0,18,0,0,2,0,0,0,0,0,0,0,0,0,0,0,5,0,0,0,0,0,0,0,0,0,0,0,0,0,0,0,0,0,0,0,0,0,0,0,0,0,0,0,0,0,0,0,0,0,0,0,0,0,0,0,0,0,0,3,0,0,0,0,0,0,0,8,0,0,0,0,0,0,0,0,0,0,0,1,0,0,0,0,0,0,0,0,0,0,0,0,0,0,0,0,0,0,5,0,0,0,0,0,0,0,0,0,0,0,0,0,0,0,0,0,0,0,0,0,0,0,0,0,0,0,0,0,0,0,0,0,0,0,0,0,0,0,0,0,0,0,0,0,0,0,0,0,0,0,0,0,0,0,0,0,0,0,0,0,0,0,0,0,1,0,0,0,0,0,0,0,0,0,0,0,1,5,5,0,0,0,0,0,0,1,0,0,0,0,0,0,0,0,0,0,0,0,0,0,4,2,4,0,0,0,0,0,0,0,34,0,0,0,0,0,0,0,0,329,0,0,0,0,0,0,0,0,0,0,0,0,0,0,0,0,0,0,3,0,0,0,0,0,0,0,69,0,0,8,0,0,0,0,0,0,0,0,0,0,0,0,0,0,0,0,0,0,0,0,0,0,0,353,0,0,0,0,0,28,0,0,0,0,0,0,0,0,0,0,0,214,0,0,0,0,0,0,0,0,0,0,0,0,0,0,0,0,0,0,0,0,0,0,0,0,0,0,0,0,0,0,0,0,0,0,0,0,0,0,0,0,0,0,0,0,0,0,0,0,0,0,0,0,0,0,0,0,0,0,0,0,0,0,0,0,0,0,0,0,0,0,0,0,0,0,0,0,0,176,0,0,0,0,0,0,0,0,0,0,0,0,0,0,0,0,0,0,0,0,0,0,0,0,0,2,0,0,0,0,0,0,0,0,0,0,0,0,0,0,0,0,0,0,0,0,0,0,0,0,0,0,0,0,0,0,0,0,0,0,0,0,0,3,0,0,3,0,45,0,0,0,0,0,14,0,0,0,0,0,0,0,0,0,0,0,0,0,0,0,0,0,0,0,0,0,0,39,0,0,0,0,0,0,0,0,0,0,0,0,0,0,0,0,0,0,0,15,0,0,0,0,0,0,0,2,0,0,0,0,0,0,0,0,0,0,0,0,0,0,0,0,0,58,0,0,0,4,4,0,0,0,0,0,0,0,0,0,0,0,0,0,0,0,9,0,0,0,0,0,0,0
"D270",0,0,0,0,293,0,0,0,0,0,0,0,0,0,0,0,0,0,0,0,0,0,0,0,0,0,0,0,402,0,0,0,25,0,0,0,0,0,0,0,123,0,0,112,0,0,0,0,0,0,0,0,0,0,0,0,0,0,72,0,0,0,0,0,0,0,44,0,0,0,0,0,0,0,0,0,0,0,0,0,0,0,0,0,0,0,0,0,0,0,0,0,0,0,0,0,0,0,0,0,0,0,0,0,0,0,0,0,0,0,7,0,0,0,0,33,0,2,0,0,0,0,0,0,0,0,0,0,0,0,0,0,0,0,0,0,0,0,0,6,0,0,0,0,0,0,0,0,4,569,0,0,0,46,0,0,0,0,0,0,0,0,0,0,0,41,2,0,0,0,0,0,0,0,0,0,4,0,0,0,0,0,468,0,0,0,0,0,0,0,0,0,0,0,0,0,3,0,0,0,0,0,0,0,0,0,0,0,0,0,0,0,0,0,0,0,0,2,0,0,0,0,0,6,0,0,0,0,0,88,0,0,0,0,0,0,0,0,0,7,9,0,0,3,0,0,0,0,0,0,0,0,0,0,0,0,0,0,5,0,0,0,0,0,0,0,0,0,0,0,0,0,0,0,0,0,0,0,0,0,1736,1,0,0,0,0,0,0,0,0,0,0,0,0,0,0,0,0,22,0,0,0,0,0,0,0,0,0,0,0,0,0,0,0,0,0,0,0,0,0,0,0,0,0,0,0,0,0,0,0,0,0,0,0,0,0,0,0,0,28,0,0,0,0,0,0,0,0,0,0,0,0,0,0,0,0,0,0,0,0,0,64,0,0,0,0,0,0,0,0,0,0,5,322,0,0,0,0,0,0,0,0,0,0,0,0,0,0,0,0,0,0,0,0,0,0,0,2,0,0,0,0,0,0,0,0,0,0,0,0,0,0,0,0,0,0,0,0,0,0,0,110,0,0,0,0,0,0,0,0,0,0,0,0,0,0,0,0,0,0,0,0,0,0,0,0,0,0,0,0,0,0,0,0,0,0,2,0,0,0,75,0,1,0,0,0,0,0,0,0,0,0,570,0,0,0,0,0,0,0,0,0,0,0,0,2,0,0,5,0,0,0,0,0,0,0,2,0,0,0,0,0,0,0,0,0,0,0,0,0,0,0,0,0,0,0,0,0,0,0,3534,0,0,0,0,0,0,0,6,0,0,0,0,0,0,0,0,0,0,0,0,0,0,0,0,0,0,0,0,0,0,0,0,0,0,0,0,0,0,0,0,0,0,0,0,0,0,0,0,111,0,0,0,0,0,0,0,0,4,0,0,0,0,0,0,0,0,0,0,0,0,0,0,0,0,0,0,0,0,0,0,0,0
"D271",0,0,0,0,0,0,0,0,0,0,0,0,0,0,0,0,0,0,0,0,0,0,0,0,0,0,0,0,0,0,0,0,0,0,0,0,0,0,0,0,0,0,0,0,0,0,0,0,0,0,0,0,0,0,0,0,0,0,0,0,0,0,0,0,0,0,0,0,0,0,0,0,0,0,0,0,0,0,0,0,0,0,0,0,0,0,0,0,0,0,0,0,0,0,0,0,0,0,0,0,0,0,0,0,0,0,0,0,0,0,0,0,0,0,0,0,0,0,0,0,0,0,0,0,0,0,0,0,0,0,0,0,0,0,0,0,0,0,0,0,0,0,0,0,0,0,0,0,0,0,0,0,0,0,0,0,0,0,0,0,0,0,0,0,0,0,0,0,0,0,0,0,0,0,0,0,0,0,0,0,0,0,0,0,0,0,0,0,0,0,0,0,0,0,0,0,0,0,0,0,0,0,0,0,0,0,0,0,0,0,0,0,0,0,0,0,0,0,0,0,0,0,0,0,0,0,0,0,0,0,0,0,0,0,0,0,0,0,0,0,0,0,0,0,0,0,0,0,0,0,0,0,0,0,0,0,0,0,0,0,0,0,0,0,0,0,0,0,0,0,0,0,0,0,0,0,0,0,0,0,0,0,0,0,0,0,0,0,0,0,0,0,0,0,0,0,0,0,0,0,0,0,0,0,0,0,0,0,0,0,0,0,0,0,0,0,0,0,0,0,0,0,0,0,0,0,0,0,0,0,0,0,0,0,0,0,0,0,0,0,0,0,0,0,0,0,0,0,0,0,0,0,0,0,0,0,0,0,0,0,0,0,0,0,0,0,0,0,0,0,0,0,0,0,0,0,0,0,0,0,0,0,0,0,0,0,0,0,0,0,0,0,0,0,0,0,0,0,0,0,0,0,0,0,0,0,0,0,0,0,0,0,0,0,0,0,0,0,0,0,0,0,0,0,0,0,0,0,0,0,0,0,0,0,0,0,0,0,0,0,0,0,0,0,0,0,0,0,0,0,0,0,0,0,0,0,0,0,0,0,0,0,0,0,0,0,0,0,0,0,0,0,0,0,0,0,0,0,0,0,0,0,0,0,0,0,0,0,54,0,0,0,0,0,0,0,0,0,0,0,0,0,0,0,0,0,0,0,0,0,0,0,0,0,0,0,0,0,0,0,0,0,0,0,0,0,0,0,0,0,0,0,0,0,0,0,0,0,0,0,0,0,0,0,0,0,0,0,0,0,0,0,0,0,0,0,0,0,0,0,0,0,0,0,0,0,0,0,0,0,0,0,0,0,0,0,0,0,0,0,0,0,0,0,0,0,0,0,0,0,0,0,0,0,0,0,0,0,0,0,0,0,0
"D272",0,0,0,0,0,0,0,0,0,0,0,0,0,0,0,0,0,0,0,0,0,0,0,0,0,0,0,0,0,0,0,0,0,0,0,0,0,0,0,0,0,0,0,0,0,0,0,0,0,0,0,0,0,0,0,0,0,2,0,0,0,0,0,0,0,0,0,2,0,0,0,0,0,0,0,0,0,0,0,0,0,0,0,0,0,0,0,0,0,0,0,0,0,0,0,0,0,0,0,0,0,0,0,0,0,0,0,0,0,0,0,0,0,0,0,0,0,0,0,0,0,0,0,0,0,0,0,0,0,0,0,0,0,0,0,0,0,0,0,0,0,0,0,0,0,0,0,0,0,0,0,0,0,0,0,0,0,0,0,0,0,0,0,0,0,0,0,0,0,0,0,0,0,0,0,0,0,0,0,0,0,0,0,0,0,0,0,0,0,0,0,0,0,0,0,0,0,0,0,0,0,0,0,0,0,0,0,0,0,0,0,0,0,0,0,0,0,0,0,0,0,0,0,166,0,0,0,0,0,0,0,0,0,0,0,0,0,0,0,0,0,0,0,0,0,0,0,0,0,0,0,0,0,0,0,10,0,0,0,0,0,32,0,0,0,0,0,0,0,0,0,0,0,0,0,0,0,0,0,0,0,0,0,0,0,0,0,0,0,0,0,0,0,0,0,0,0,0,0,0,0,0,0,0,0,0,0,0,0,0,0,0,0,0,0,0,0,0,0,0,0,0,0,0,0,0,0,0,0,0,0,0,0,0,0,0,0,0,0,0,0,0,0,0,0,0,0,0,0,0,0,0,0,0,0,0,0,0,0,0,0,0,0,0,0,0,0,0,0,0,0,0,0,0,0,0,0,0,0,0,0,0,0,0,0,0,0,0,0,0,0,0,0,0,0,0,0,0,0,0,0,0,0,0,0,0,0,0,0,0,0,0,0,0,0,0,0,0,0,0,0,0,0,0,0,0,0,0,0,0,0,0,0,0,0,0,0,0,0,0,0,0,0,0,0,0,0,0,0,0,0,0,0,0,0,0,0,0,0,0,0,0,0,0,0,0,0,0,0,0,0,0,0,0,0,0,0,0,0,0,0,0,0,0,0,0,0,0,0,0,0,0,0,0,0,0,0,0,0,0,0,0,0,0,0,0,0,997,0,0,0,0,0,0,0,0,0,0,0,0,0,0,0,0,0,0,0,0,0,0,0,0,0,0,0,0,0,0,0,0,0,0,0,0,0,0,0,0,0,0,0,0,0,0,0,0,0,0,0,0,0,11254,0,0,0,0,0,10,0,0,0,0,0,0,0,0,0,0,11,0,0,0,0,0,0,0,0,0,0,0,0,0,0,0,0,0,0,0,0,0,0,0,0
"D273",0,0,0,0,0,0,0,0,0,0,0,0,0,0,0,0,0,0,0,0,0,0,0,0,0,0,0,0,0,0,0,0,0,0,0,0,0,0,0,0,0,0,0,0,0,0,0,0,0,0,0,0,0,0,0,0,0,0,0,0,0,0,0,0,0,0,0,0,0,0,0,0,0,0,0,0,0,0,0,0,0,0,0,0,0,0,0,0,0,0,0,0,0,0,0,0,0,0,0,0,0,0,0,0,0,0,1,0,0,0,0,0,0,0,0,0,0,0,0,0,0,0,0,0,0,0,0,0,0,0,0,0,0,0,0,0,0,0,0,0,0,0,0,0,0,0,0,0,0,0,0,0,0,0,0,0,0,0,0,0,0,0,0,0,0,0,0,0,0,0,0,0,0,0,0,0,0,0,0,0,0,0,0,0,0,0,0,0,0,0,0,0,0,0,0,0,0,0,0,0,0,0,0,0,0,0,0,0,0,0,0,0,0,0,0,0,0,0,0,0,0,0,0,24,0,0,0,0,0,0,0,0,0,0,0,0,0,0,0,0,0,0,0,0,0,0,0,0,0,0,0,0,0,0,0,0,0,0,0,0,0,0,0,0,0,0,0,0,0,0,0,0,0,0,0,0,0,0,0,0,0,0,0,0,0,0,0,0,0,0,0,0,0,0,0,0,0,0,0,0,0,0,0,0,0,0,0,0,0,0,0,0,0,0,0,0,0,0,0,0,0,0,0,0,0,0,0,0,0,0,0,0,0,0,0,0,0,0,0,0,0,0,0,0,0,0,0,0,0,0,0,0,0,0,0,0,0,0,0,0,0,0,0,0,0,0,0,0,0,0,0,0,0,0,0,0,0,0,0,0,0,0,0,0,0,0,0,0,0,0,0,0,0,0,0,0,0,0,0,0,0,0,0,0,0,0,0,0,0,0,0,0,0,0,0,0,0,0,0,0,0,0,0,0,0,0,0,0,0,0,0,0,0,0,0,0,0,0,0,0,0,0,0,0,0,0,0,0,0,0,0,0,0,0,0,0,0,0,0,0,0,0,0,0,0,0,0,0,0,0,0,0,1,0,0,0,0,0,0,0,0,0,0,0,0,0,0,0,0,0,0,0,0,0,0,0,0,0,0,0,0,0,0,0,0,0,0,47,0,0,0,0,0,0,0,0,0,0,0,0,0,0,0,0,29,0,0,0,0,0,0,0,0,0,0,0,0,0,0,0,0,0,0,0,0,0,0,0,0,0,0,0,0,0,0,0,0,0,0,0,0,1051,0,0,0,0,0,0,0,0,0,0,0,0,0,0,1,0,1980,0,0,0,0,0,0,0,0,0,0,0,0,0,0,0,0,0,0,0,0,0,0,0,0
"D274",0,0,0,0,0,0,0,0,0,0,0,0,0,0,0,0,0,0,0,0,0,0,0,0,0,0,0,0,0,0,0,0,0,0,0,0,0,0,0,0,0,0,0,0,0,0,0,0,0,0,0,0,0,0,0,0,0,0,0,0,1,0,0,0,0,0,0,5,0,0,0,0,0,0,0,0,0,0,0,0,0,0,0,0,0,0,0,0,0,0,0,0,0,0,0,0,0,0,0,0,0,0,0,0,0,0,0,0,0,0,46,0,0,0,0,0,0,0,0,0,0,0,0,0,0,0,0,0,0,0,0,0,0,0,0,0,0,0,0,0,0,0,0,0,0,0,0,0,0,0,114,0,0,0,0,0,0,0,0,0,0,0,0,0,0,0,0,0,0,0,0,0,0,0,0,0,0,0,0,0,0,0,0,5,0,0,0,0,0,0,0,0,0,0,0,0,0,0,0,0,0,0,0,0,0,0,0,0,0,0,0,0,0,0,0,0,0,0,0,0,0,0,0,50,0,2,0,0,0,0,0,0,0,0,0,0,0,0,0,0,0,9,0,0,0,0,0,0,0,0,1,0,0,0,0,0,0,0,0,0,0,0,0,0,0,0,0,0,0,0,0,0,2,0,0,0,0,0,0,0,3,0,0,0,0,0,0,0,0,0,0,0,0,0,0,0,0,0,0,0,0,0,0,0,0,0,0,0,0,0,1,0,0,0,0,0,0,0,0,0,0,0,0,0,0,0,0,0,0,0,0,0,0,0,0,0,0,0,0,0,0,0,0,0,0,0,0,0,0,0,0,0,0,0,0,0,0,0,0,0,0,0,0,0,0,0,0,0,0,0,0,0,0,0,0,0,0,0,0,52,0,0,0,0,0,32,0,0,0,0,0,0,0,0,0,0,0,0,0,0,0,0,0,0,0,0,0,0,0,0,0,0,0,0,0,0,0,0,0,0,0,2,0,0,0,0,0,0,0,0,0,0,0,0,0,0,0,0,0,0,0,0,0,0,0,0,0,0,0,0,0,37,0,0,0,0,0,0,0,0,0,0,0,0,0,0,0,0,0,0,0,0,0,0,0,0,0,0,0,0,0,0,0,0,0,1375,0,0,0,0,0,0,0,0,0,0,0,0,0,0,0,0,0,0,0,0,0,0,0,0,0,0,0,0,0,0,0,0,0,0,3,0,0,0,7,0,0,0,0,0,0,0,0,0,0,0,0,0,0,0,0,0,0,0,0,0,0,0,0,0,0,0,0,0,0,0,0,0,0,0,0,1550,0,0,0,0,0,0,0,0,0,0,0,0,0,0,0,0,0,0,0,0,0,0,0,0,0,0,0,0,0,0,0,0,0,0,0,0,0,0,0,0,0
"D275",0,0,0,0,0,10,0,0,0,0,0,0,0,0,0,0,0,0,0,0,0,0,0,0,0,0,0,0,0,0,0,0,0,0,0,0,0,0,0,0,0,0,0,0,0,0,0,0,0,0,0,0,0,0,0,0,0,0,0,0,0,0,0,0,0,0,0,0,0,0,0,0,0,0,0,0,0,0,0,0,0,0,0,0,0,0,0,0,0,0,0,0,0,0,0,0,0,0,0,0,0,0,0,0,0,0,0,0,0,0,0,0,0,0,0,0,0,0,0,0,0,0,0,0,0,0,0,0,0,0,0,4,0,0,0,0,0,0,0,0,0,0,0,0,0,0,0,0,0,0,0,0,0,0,0,0,0,0,0,0,0,0,0,0,0,0,0,0,0,0,0,0,0,0,0,0,0,0,0,0,0,0,0,0,0,0,0,0,0,0,0,0,0,0,0,0,0,0,0,0,0,0,0,0,0,0,0,0,0,0,0,0,0,0,0,0,0,0,0,0,0,0,0,0,0,0,0,0,0,0,0,0,0,0,0,0,0,0,0,0,0,0,0,0,0,0,0,0,0,0,0,0,0,0,0,0,0,0,10,0,0,0,0,0,0,0,0,0,0,0,0,0,22,0,0,0,0,0,0,0,0,0,0,0,0,0,0,0,0,0,0,0,0,0,0,0,0,0,0,0,0,0,0,0,0,0,0,0,0,0,0,0,0,0,0,0,0,0,0,0,0,0,0,0,0,0,0,0,0,0,0,0,0,0,0,0,0,0,0,0,0,0,0,0,0,0,0,0,0,0,0,0,0,0,0,0,0,0,0,0,0,0,0,0,0,0,0,0,0,0,0,0,0,0,0,0,0,0,0,0,0,0,0,0,0,0,0,0,0,0,0,0,0,0,0,0,0,0,0,0,0,0,0,0,0,0,0,0,0,0,0,0,0,0,0,0,0,0,0,0,0,0,0,0,0,0,0,0,0,0,0,0,0,0,0,0,0,0,0,0,0,0,0,0,0,0,0,0,0,0,0,210,0,0,0,0,0,0,0,0,0,0,0,0,0,0,0,0,0,0,0,3,0,0,0,0,0,0,0,0,0,0,0,0,0,0,0,0,0,0,0,0,0,0,0,0,0,0,0,0,0,0,0,0,0,0,0,0,0,0,0,0,0,0,0,0,0,0,0,0,0,0,0,0,16,0,0,0,0,0,0,0,0,0,0,0,0,0,0,0,0,0,0,0,0,0,0,0,0,0,0,0,0,0,0,0,0,0,0,0,0,0,0,0,0,0,0,0,0,0,0,0,0,0,0,0,0,0,2,0,0,0,0,0,0,0,0,0,0,0,0,0,0,0,0,0,0,0,0,0,0,0,2
"D276",0,0,0,0,0,0,0,0,0,0,0,0,0,0,0,0,0,0,0,0,0,0,0,0,0,0,0,0,0,0,0,0,0,0,0,0,0,0,0,0,0,0,0,0,0,0,0,0,0,0,0,0,0,0,0,6,0,0,0,0,0,0,0,0,0,0,0,0,0,0,0,0,0,0,0,0,0,0,0,0,0,0,0,0,0,0,3,0,0,0,0,0,0,0,0,0,0,0,0,0,0,0,0,0,0,0,5,0,0,0,0,0,0,0,0,0,0,0,0,0,0,0,0,0,0,0,0,0,0,0,0,0,0,0,0,0,0,0,0,0,0,0,0,0,0,0,0,0,0,0,0,0,0,0,0,0,0,0,0,0,0,0,0,0,0,0,0,0,0,0,0,0,0,0,0,0,0,0,0,0,0,0,0,0,0,0,0,0,0,0,0,0,0,0,0,0,0,0,0,0,0,0,0,0,0,0,0,0,0,0,0,0,0,0,0,0,0,0,0,0,0,0,0,365,0,0,0,0,0,0,0,0,0,0,0,0,0,0,0,0,0,0,0,0,0,0,0,0,0,0,0,0,0,0,0,0,0,0,0,0,0,2,0,0,0,0,0,0,0,0,0,0,0,0,0,0,0,0,0,0,0,0,1,0,0,0,0,0,0,0,0,0,0,0,0,0,0,0,0,0,0,0,0,0,0,0,0,0,0,0,0,0,0,0,0,0,15,0,0,0,0,0,0,0,0,0,0,0,0,0,2,0,0,0,0,0,0,0,0,0,0,0,0,0,0,0,0,0,0,0,0,0,0,0,0,0,0,0,0,0,0,0,0,0,0,0,0,0,0,0,0,0,0,0,0,0,0,0,0,0,0,0,0,0,0,0,0,0,0,0,0,0,0,0,0,0,0,0,0,0,0,0,0,0,0,0,0,0,0,0,0,0,0,0,0,0,0,0,0,0,0,0,0,0,0,0,0,0,0,0,0,0,0,0,0,0,0,0,0,0,0,0,0,0,0,0,0,0,0,0,0,0,0,0,0,0,0,0,0,0,0,0,0,0,0,0,0,0,0,0,0,0,0,0,0,0,0,0,0,0,0,0,0,0,0,0,0,0,0,0,0,0,0,0,0,0,0,0,0,0,0,0,0,0,0,0,0,109,0,0,0,0,0,0,0,0,0,0,0,0,0,0,0,0,2,0,0,0,0,0,0,0,0,0,0,0,0,0,0,0,0,0,0,0,0,0,0,0,0,0,0,0,0,0,0,0,0,0,0,0,0,16057,0,0,0,0,0,0,0,0,0,0,0,0,0,0,0,0,22,0,0,0,0,0,0,0,0,0,0,0,0,0,0,0,0,0,0,0,0,0,0,0,0
"D277",0,0,0,0,0,0,0,0,0,0,0,0,0,0,0,0,0,0,0,0,0,0,0,0,0,0,0,0,0,0,0,0,0,0,0,0,0,0,0,0,0,0,0,0,0,0,0,0,0,0,0,0,0,0,0,0,0,0,0,0,0,0,0,0,0,0,0,0,0,0,0,0,0,0,0,0,0,0,0,0,0,0,0,0,0,0,0,0,0,0,0,0,0,0,0,0,0,0,0,0,0,0,0,0,0,0,0,0,0,0,0,0,0,0,0,0,0,0,0,0,0,0,0,0,0,0,0,0,0,0,0,0,0,0,0,0,0,0,0,0,0,57,0,0,0,0,0,0,0,0,0,0,0,0,0,0,0,0,0,0,0,0,0,0,0,0,20,0,0,0,0,0,0,0,0,0,0,0,0,0,0,0,0,0,0,0,0,0,0,0,0,0,0,0,0,0,0,0,0,0,0,0,0,0,0,0,0,0,0,0,0,0,0,0,0,0,0,0,0,0,0,0,0,0,0,0,0,0,0,0,0,0,0,0,0,0,0,0,0,0,0,0,0,0,0,0,0,0,0,0,0,0,0,0,0,0,0,0,0,0,0,0,0,0,0,0,0,0,0,0,0,0,0,0,0,0,0,0,0,0,0,0,0,0,0,0,0,0,0,0,0,0,0,0,0,0,0,0,0,1520,0,0,0,0,0,0,0,0,0,0,0,0,0,0,0,0,0,0,0,0,0,0,0,0,0,0,0,0,0,0,0,0,0,0,0,0,0,0,0,0,0,0,0,0,0,0,0,0,0,0,0,0,0,0,0,0,0,0,0,0,0,0,0,0,0,0,0,0,0,0,0,0,0,0,0,0,0,0,0,0,0,0,0,0,0,0,0,0,0,0,0,0,0,0,0,0,0,0,0,0,0,0,0,0,0,0,0,0,0,0,0,0,0,0,0,0,0,0,0,0,0,0,0,0,0,0,0,0,0,0,0,0,0,0,0,0,0,0,0,0,0,0,0,0,0,0,0,0,0,0,0,0,0,0,0,0,0,0,0,0,0,0,0,0,0,0,0,0,0,0,0,0,0,0,0,0,0,0,0,0,0,0,0,0,0,0,0,0,0,0,0,0,0,0,0,0,0,0,0,0,0,0,0,0,0,0,0,0,0,0,0,0,0,0,0,0,0,0,0,0,0,0,0,0,0,0,0,0,0,0,0,0,0,0,0,0,0,0,0,0,0,0,0,0,0,0,0,0,0,0,0,0,0,0,0,0,0,0,0,0,0,0,0,0,0,0,0,0,0,0,0,0,0,0,0,0,0,0,0,0,0,0,0,0,0,0,0,0,0,0,0,0,0,0,0,0,0,0,0,0,0,0,0
"D278",0,3,0,0,36,15,0,0,0,0,0,0,0,11,0,0,26,0,0,134,0,0,500,0,0,0,0,72,0,0,6,0,2,0,0,0,0,0,0,109,0,0,8,0,0,0,0,0,725,0,0,0,64,0,0,0,0,0,0,256,0,0,233,0,0,0,13,0,0,0,0,0,0,0,0,0,0,0,0,2,0,0,0,0,80,0,0,0,0,0,8,0,0,0,0,0,0,0,0,0,0,0,0,0,0,0,0,0,3,0,0,0,0,0,0,7,0,0,0,0,0,0,0,0,0,0,0,0,46,0,0,0,0,0,2,0,0,0,0,0,57,0,0,0,0,0,0,0,0,0,0,0,0,0,0,0,0,15,0,0,0,0,0,0,0,0,0,0,0,0,0,0,0,0,0,0,0,0,0,0,0,0,0,0,0,0,14,0,4,2,0,0,0,0,0,0,0,0,2,0,0,0,0,0,0,0,0,0,0,0,0,0,3,0,0,3,0,0,0,0,0,0,0,0,0,0,0,0,0,16,0,0,0,0,0,0,0,0,0,6,0,0,0,0,0,0,123,0,2,0,37,0,0,0,0,0,0,0,0,0,0,0,105,0,0,0,0,12,0,0,0,0,0,0,0,0,3,0,0,0,1966,0,0,0,0,0,5,5,0,0,0,0,0,2,0,0,0,2,0,0,0,0,0,0,10,0,0,1148,0,0,0,0,0,0,0,0,0,1771,0,0,0,0,0,0,0,0,0,0,6,0,0,1,0,0,82,0,63,0,0,0,0,0,2,3,0,55,0,0,0,0,0,0,129,0,2,0,0,0,0,0,0,0,0,0,0,6,0,0,0,0,0,0,0,2,5,0,0,0,0,0,0,0,0,0,0,0,0,14,4,0,0,2,0,105,0,0,0,0,0,0,0,0,0,0,0,0,0,0,0,3,0,0,0,16,0,0,59,0,0,0,0,0,0,0,0,0,0,0,0,0,0,0,0,0,0,89,0,0,0,0,2,0,0,0,0,0,0,0,2,0,0,0,0,145,0,0,0,0,38,0,0,0,0,2,0,0,0,0,0,0,632,0,0,0,0,0,0,0,0,0,0,0,0,1,0,0,0,0,0,0,0,1,0,21,2,0,0,0,0,66,0,0,0,4,0,36,589,0,0,0,0,0,0,0,0,0,0,0,0,0,0,0,0,0,0,0,0,0,0,51,0,458,0,22,0,0,0,0,3,0,0,0,0,30,0,0,0,0,668,0,0,0,0,0,0,0,1,150,0,0,0,0,0,0,0,0,139,0,0,5,0,0,0,13,0,7,0,14,0,129,0,0,11,0,0,0,0,3,0,0,0,0,11,0,14,44,0,0,1,0,0,0,0
"D279",7,4,16,72,0,0,679,0,10,3,0,5,0,0,0,0,0,0,0,0,30,8,0,0,3,11,0,8,0,0,0,0,31,4,13,0,5,0,0,3,6,12,0,0,0,0,0,0,0,6,135,9,3,0,10,0,0,13,0,1,3,0,9,1552,0,0,15,0,3,1,0,0,0,14,0,12,0,0,0,0,0,432,3,0,3,0,4,0,0,0,0,4,6,0,0,0,0,7,0,0,0,0,0,0,0,0,0,4,1,0,7877,0,273,0,0,20,11,119,0,7,0,0,0,3,0,5,3,0,0,0,0,49,12,9,0,0,0,0,0,11,0,15,16,0,0,2,0,11,10,3,0,7,0,19,0,553,0,0,0,3,0,19,0,0,9,0,7992,0,0,0,0,3,0,34,0,0,8,0,0,83,2,16,0,0,0,0,2,28,0,0,0,0,0,0,0,0,0,3,0,2,0,0,0,0,0,10,0,0,0,0,2,0,0,0,0,4,1278,21,6,0,2,0,2,24,0,13,2,6,0,0,0,0,0,227,0,5,0,0,2,0,4,0,19,0,5,15,0,1,0,1,13,1,0,6,0,0,0,0,651,0,0,748,0,4,5,0,0,0,0,0,0,8,7,1,0,13,0,0,0,0,13,612,8,7,0,5,44,0,1,2,0,7,0,0,0,0,1,0,5,0,0,5,0,4,74,42,0,2,6,4,4,32,12,0,0,8,0,0,19,0,5,0,0,0,0,0,0,0,0,0,0,7,108,0,0,0,0,0,0,2,0,0,100,0,1,3,14,0,35,2,0,0,0,9,0,0,9,0,0,0,0,0,0,0,0,21,7,0,0,4,7,0,0,0,0,0,0,0,0,111,12,0,0,0,0,8,4,0,0,0,0,0,0,0,0,10,11,5,0,0,0,0,0,0,1,6,0,0,10,0,26,2,0,0,9,0,0,0,0,0,0,5,0,0,9,0,0,0,0,8,0,0,0,0,0,0,3,25,0,6,3,0,0,0,0,0,0,0,0,5,18,41,0,0,12,0,0,2,0,0,14,0,20,0,44,9,0,0,0,0,0,2,19,9,0,0,0,0,0,0,101,2,6,0,0,0,0,13,0,0,0,1,5,0,0,5,0,0,0,0,0,53,0,0,0,13,2,0,5,14,0,0,0,0,0,0,0,0,0,0,4,0,0,0,43,0,389,0,6,2,3,0,0,0,0,0,40,0,0,10,8,2,0,0,0,0,0,0,4,0,0,4,0,2,3,0,0,0,0,0,10,0,0,0,4,0,16,2,0,59,0,0,3,0,0,0,2,0,0,0,1,0,0,0,0,0,0,0,11,0,7,0,0,0,2,11,0,3,0,13,33,5,22
"D280",0,0,0,0,0,0,0,0,0,0,0,0,0,0,0,0,0,0,0,0,0,0,0,0,0,1279,0,0,0,0,0,0,0,0,0,0,0,0,0,0,0,1539,0,0,0,0,0,0,0,0,0,0,0,0,0,0,0,0,0,0,0,0,0,0,0,0,0,0,0,0,0,0,0,177,0,0,0,0,0,0,0,0,0,0,0,0,0,0,0,0,0,0,0,0,0,0,0,0,0,0,0,0,0,0,0,224,0,0,0,0,1,0,0,0,0,0,0,6405,0,0,0,0,0,11,0,0,0,0,0,0,0,0,0,0,0,0,0,0,0,0,0,0,285,0,0,0,0,0,0,0,0,0,0,0,0,0,0,0,0,0,0,0,0,0,0,0,0,0,0,0,0,0,0,0,0,0,0,0,0,0,0,0,0,0,0,0,0,0,0,0,0,0,0,0,0,0,0,0,0,0,0,0,0,47,0,0,0,0,0,0,0,0,0,0,0,0,973,727,0,0,0,0,0,0,0,0,0,0,0,0,0,0,0,0,0,0,0,0,0,0,0,0,0,0,0,0,0,0,0,0,0,0,0,0,0,0,0,0,2373,266,0,3,0,0,0,0,0,0,0,0,0,0,0,0,0,0,0,0,0,0,0,0,0,0,0,0,0,0,0,0,0,0,0,0,0,0,0,0,0,0,0,0,0,0,0,0,0,0,0,0,0,575,0,0,0,0,0,0,0,0,0,0,0,0,0,0,0,0,0,0,0,0,11,0,0,0,0,0,0,0,0,0,0,0,0,0,0,0,0,0,0,0,0,0,0,725,0,0,461,0,0,0,0,0,0,0,0,0,0,0,0,0,0,0,0,0,0,0,0,0,0,0,0,0,0,0,0,0,0,0,0,0,0,0,0,0,0,0,0,0,0,0,0,0,0,0,0,0,0,0,5321,0,0,0,17,0,0,0,0,0,0,0,0,0,0,0,0,0,0,0,0,0,0,0,0,0,0,0,0,0,0,0,0,0,0,0,0,0,0,0,0,0,6,0,0,0,0,0,0,0,0,0,0,0,0,0,0,0,0,0,0,0,0,0,0,0,0,0,0,0,5725,0,0,0,0,0,0,0,0,0,0,0,0,0,0,0,0,0,0,0,0,150,0,0,0,0,0,0,0,0,0,0,0,0,0,0,0,0,0,0,0,0,0,0,0,0,3,0,0,0,0,0,0,0,0,0,0,0,0,0,0,0,0,0,0,0,0,0,0,0,0,0,0,0,0,0,0,0,0,0,601,0,0,0,0,0,0,0,0,0,0,0,0,0,0,0,0,0,0,0,0,0,0,0,0,0,0,0,0,0,0,0,0,0,0,0,0,0,0,0,0,0,16
"D281",0,0,0,0,0,0,0,0,0,0,0,0,0,0,0,208,75,0,0,1039,0,0,77,0,0,0,0,0,0,0,0,0,0,0,0,0,0,0,0,554,35,0,0,0,0,0,0,0,42,0,0,0,0,0,0,0,0,0,0,0,0,0,327,0,0,0,124,0,0,0,0,0,0,0,0,0,0,0,0,0,0,0,0,0,0,0,0,0,0,1,0,0,35,52,0,0,0,0,15,0,48,0,0,0,0,0,0,0,0,0,0,0,0,0,0,0,0,0,0,0,0,264,0,0,0,0,0,0,58,0,0,0,0,0,0,0,0,0,0,0,9,0,0,0,5,0,6,0,0,0,0,0,0,0,0,0,0,0,0,0,0,0,0,0,0,0,0,0,0,0,0,0,0,0,0,0,1,0,0,0,0,0,0,0,0,0,0,0,0,0,0,0,0,2889,0,0,0,0,0,0,0,0,0,0,0,0,0,0,0,0,0,0,1,0,0,0,0,0,0,0,0,0,0,0,0,0,0,0,0,0,0,0,0,14,12,0,0,0,0,0,0,0,0,0,0,0,28,0,0,0,0,0,0,0,131,0,0,0,0,0,0,0,0,0,0,0,0,0,0,0,0,0,0,0,0,0,0,0,0,0,415,0,0,0,0,0,0,18,0,2,0,0,0,0,10,0,0,0,0,2,0,0,0,0,0,0,109,0,0,0,0,0,0,0,0,0,0,0,0,0,0,0,0,0,0,0,2,0,0,0,16,0,3,0,0,0,559,328,0,0,0,0,1,0,0,0,0,0,6,0,0,0,0,26,0,0,0,0,0,0,0,0,37,0,0,0,0,0,0,0,0,0,0,15,0,0,0,517,0,0,0,0,0,0,0,0,0,0,0,0,0,0,0,0,0,0,0,0,0,0,0,0,0,0,0,0,0,0,0,0,0,0,0,0,0,0,0,0,0,0,0,0,0,0,0,0,0,0,0,0,2526,0,0,0,0,0,0,0,0,0,0,0,0,0,0,0,0,0,0,0,5,0,0,0,0,5,35,0,0,0,0,0,0,0,0,0,0,0,0,0,0,0,0,0,0,0,0,0,0,0,0,0,0,0,0,0,8,0,0,0,0,0,0,69,13,0,0,1,0,0,0,0,0,0,0,0,0,0,0,0,0,0,0,0,0,0,0,0,0,0,12,0,0,0,0,0,0,0,0,0,0,0,0,0,0,0,0,0,0,0,0,0,0,0,0,0,0,0,196,0,0,0,0,0,0,0,0,28,0,0,0,0,0,0,0,0,0,0,0,0,0,0,0,0,0,25,0,0,0,36,0,0,4,0,0,42,0,0,0,0,0,0,0,454,0,0,0,0,0,0,0,0,0
"D282",5,0,0,90,0,0,180,1,12,0,0,0,0,0,0,0,0,0,0,0,4,0,10,0,0,104,0,0,0,0,0,0,3,0,0,0,0,0,0,0,0,0,8,0,2,0,0,0,0,0,356,4,0,0,0,0,0,0,2,3,0,0,4,4978,0,2,3,1,0,2,0,0,0,25,0,0,0,0,3,0,0,30,0,0,1,0,0,0,0,0,2,0,0,0,0,0,0,0,0,4,0,0,0,0,0,160,0,3,1,0,39590,0,124,0,0,8,0,427,0,2,3,0,0,2,0,2,0,0,0,7,6,215,2,4,0,4,204,0,0,0,0,10,82,0,0,0,0,0,0,0,0,0,0,0,0,2861,0,0,0,0,0,2,2,0,26,0,1166,1,0,3,0,0,0,5,3,0,2,0,0,31,0,0,0,0,0,2,1,35,1,0,0,0,0,3,0,0,0,0,0,2,0,0,0,29,0,2,0,0,0,0,4,0,0,3,0,0,0,64,4,0,3,0,0,0,0,54,0,0,0,0,0,0,0,643,2,5,0,1,4,0,0,0,9,0,0,25,0,0,0,2,0,0,0,3,0,2,0,0,2276,32,0,120,2,1,1,0,0,0,0,0,0,1,0,0,0,2,0,2,0,0,21,951,0,0,0,3,5,0,0,2,0,2,0,0,3,0,4,0,3,8,0,0,0,0,14,23,0,2,4,2,1,47,3,0,0,148,0,0,5,0,2,0,0,2,0,0,0,0,0,0,0,0,2,5,0,0,4,4,0,3,0,0,29,2,3,5,0,0,30,0,3,0,4,8,0,81,0,0,93,0,0,2,2,0,0,4,3,3,0,0,26,2,0,0,0,0,0,2,7,18,4,2,0,0,3,0,5,0,3,0,0,0,0,7,0,0,0,0,0,0,0,0,0,0,2,0,0,0,69,0,122,0,0,0,48,0,1,0,0,0,4,0,3,0,0,0,3,3,0,2,0,0,0,0,0,0,0,15,0,2,1,0,0,0,0,0,0,3,0,0,11,4957,159,10,2,0,0,0,2,0,0,0,83,0,7,5,0,0,0,0,0,0,8,0,0,0,0,2,0,497,206,0,1,5,0,0,0,4,1,0,0,0,0,2,0,0,18,2,0,0,0,0,4,0,0,8,9,0,0,0,0,0,0,0,0,0,0,0,0,0,0,0,22,0,0,7,22,0,2,0,0,2,0,0,0,0,191,0,2,1,8,0,0,0,0,0,0,0,0,3,0,0,0,0,0,0,0,0,0,0,25,0,0,0,5,0,2,4,0,7,0,0,0,0,0,0,2,0,0,0,0,0,0,0,0,0,0,2,119,8,0,0,0,0,14,3,0,2,0,4,0,0,13
"D283",0,0,0,0,0,0,0,0,0,0,0,0,0,0,0,0,0,0,0,0,0,0,0,0,0,0,0,0,0,0,0,0,0,0,0,0,0,0,0,0,0,0,0,0,0,0,0,0,0,0,0,0,0,0,0,0,0,0,0,0,0,0,0,0,0,0,0,0,0,0,0,0,0,0,0,0,0,0,0,0,0,0,0,0,0,0,0,0,0,0,0,0,0,0,0,0,0,0,0,0,0,0,0,0,0,0,0,0,0,0,0,0,0,0,0,0,0,0,0,0,0,0,0,0,0,0,0,0,0,0,0,0,0,0,0,0,0,0,0,0,0,0,0,0,0,0,0,0,0,0,0,0,0,0,0,0,0,0,0,0,0,0,0,0,0,0,0,0,0,0,0,0,0,0,0,0,0,0,0,0,0,0,0,0,0,0,0,0,0,0,0,0,0,0,0,0,0,0,0,0,0,0,0,0,0,0,0,0,0,0,0,0,0,0,0,0,0,0,0,0,0,0,0,0,0,0,0,0,0,0,2,0,0,0,0,0,0,0,0,0,0,0,0,0,0,0,0,0,0,0,0,0,0,0,0,0,0,0,0,0,0,0,0,0,0,0,0,0,0,0,0,0,0,0,0,0,0,0,0,0,0,0,0,0,0,0,0,0,0,0,0,0,0,0,0,0,0,0,0,0,0,0,0,0,0,0,0,0,0,0,0,0,0,0,0,0,0,0,0,0,0,0,0,0,0,0,0,0,0,0,0,0,0,0,0,0,0,0,0,0,0,0,0,0,0,0,0,0,0,0,0,0,0,0,0,0,0,0,0,0,0,0,0,0,0,0,0,0,0,0,0,0,0,0,0,0,0,0,0,0,0,0,0,0,0,0,0,0,0,0,0,0,0,0,0,0,0,0,0,0,0,0,0,0,0,0,0,0,0,0,0,0,0,0,0,0,0,0,0,0,0,0,0,0,0,0,0,0,0,0,0,0,0,0,0,0,0,0,0,0,0,0,0,0,0,0,0,0,0,0,0,0,0,0,0,0,0,0,0,0,0,0,0,0,0,0,0,0,0,0,0,0,0,0,0,0,0,0,0,0,0,0,0,0,0,0,0,0,0,0,0,0,0,0,0,0,0,0,0,0,0,0,0,0,0,0,0,0,0,0,0,0,0,0,0,0,0,0,0,0,0,0,0,0,0,0,0,0,0,0,0,0,0,0,0,0,0,0,0,0,0,0,0,0,0,0,0,0,0,0,0,0,0,0,0,0,0,0,0,0,0,0,0,0,0,0,0,0,0,0,0,0,0,0,0,0,0,0,0,0,0,0,0,0,0,0,0,0,0,0,0,0,0,0,0,0,0,0,0,0,0,0,0
"D284",0,0,0,0,0,0,0,0,0,0,0,0,0,0,0,0,0,0,0,0,0,0,0,0,0,0,0,0,0,0,0,0,0,0,0,0,0,0,0,0,0,0,0,0,0,0,0,0,0,0,0,0,0,0,0,0,0,0,0,0,0,0,0,0,0,0,0,0,0,0,0,0,0,0,0,0,0,0,0,0,0,0,0,0,0,0,0,0,0,0,0,0,0,0,0,0,0,1,0,0,0,0,0,0,0,0,0,0,0,0,0,0,0,0,0,0,0,0,0,0,0,0,0,0,0,0,0,0,0,0,0,0,0,0,0,0,0,0,0,0,0,0,0,0,0,0,0,0,0,0,0,0,0,0,0,0,0,0,0,0,0,0,0,0,0,0,0,0,0,0,0,0,0,0,0,0,0,0,0,0,0,0,0,0,0,0,0,0,0,0,0,0,0,0,0,0,0,0,0,0,0,0,0,0,0,0,0,0,0,0,0,0,0,0,0,0,0,0,0,0,0,0,0,0,0,4,0,0,0,0,0,0,0,0,0,0,0,0,0,0,0,0,0,0,0,0,0,0,0,0,0,0,0,0,0,0,0,0,0,0,0,0,0,0,0,0,0,0,0,0,0,0,0,0,0,0,0,0,0,0,0,0,0,0,0,0,0,0,0,0,0,0,0,0,0,0,0,0,0,0,0,0,0,0,0,0,0,0,0,0,0,0,0,0,0,0,0,0,0,0,0,0,0,0,0,0,0,0,0,0,0,0,0,0,0,0,0,0,0,0,0,0,0,0,0,0,0,0,0,0,0,0,0,0,0,0,0,0,0,0,0,0,0,0,0,0,2,0,0,0,0,0,0,0,0,0,0,0,0,0,0,0,0,0,0,0,0,0,0,0,0,0,0,0,0,0,0,0,0,0,0,0,0,0,0,0,0,0,0,0,0,0,0,0,0,0,0,0,0,0,0,0,0,0,0,0,0,0,0,0,0,0,0,0,0,0,0,0,0,0,0,0,0,0,0,0,0,0,0,0,0,0,0,0,0,0,0,0,0,0,0,0,0,0,0,0,0,0,0,0,0,0,0,0,0,0,0,0,0,0,0,0,0,0,0,0,0,0,0,0,0,0,0,0,0,0,0,0,0,0,0,0,0,0,0,0,2,0,0,0,0,0,0,0,0,0,0,0,0,0,0,0,0,0,0,0,0,0,0,0,0,0,0,0,0,0,0,0,0,0,0,0,0,0,0,0,0,0,0,0,0,0,0,0,0,0,0,0,0,0,0,0,0,0,0,0,0,0,0,0,0,0,0,0,0,0,0,0,0,0,0,0,0,0,0,0,0,0,0,0,0,0,0,0,0,0,0,0,0,0,0,0,0
"D285",0,0,67,0,0,7,0,307,0,0,0,0,0,0,0,39,0,0,3,1,0,0,0,0,0,0,0,0,1,0,664,0,6,0,0,3,0,3,10,2,5,0,0,3,0,0,0,4,0,2,0,3,0,7,0,0,0,0,0,0,0,0,1,0,20,13,12,0,0,0,0,0,0,0,8,14,0,91,7,0,0,0,0,0,11,0,0,0,0,0,6,3,0,0,0,0,0,0,0,9,42,4,0,12,18,0,0,0,640,0,0,27,0,0,44,0,0,0,5,0,0,5,0,0,0,0,7,946,8,0,0,0,0,0,82,15,0,0,4,0,0,0,0,10,0,0,1,0,9,0,0,0,0,36,0,0,42,47,1,0,0,0,0,0,0,3,0,102,457,0,0,0,3,0,2,0,0,2,2,0,5,0,0,0,0,0,0,0,0,21,0,0,3,98,0,0,21,0,0,8,0,0,76,0,0,0,0,26,7,0,0,0,0,0,0,0,0,0,0,0,3,9,1,0,60,0,5,0,8,0,0,0,1,0,7,0,2,0,0,0,0,0,0,2,0,0,0,175,0,0,0,0,7,3,2905,0,0,3,0,0,4,0,0,40,0,9,0,9,3,0,5,0,0,0,2,0,98,43,0,0,124,0,0,8,0,0,0,0,0,1,0,0,0,0,200,0,0,0,0,0,0,0,1,0,0,0,52,0,27,0,6,0,0,0,2,0,0,0,0,18,0,0,0,0,31,0,0,0,0,0,0,128,0,1,0,0,0,0,0,0,0,0,0,0,0,11,0,0,0,0,0,0,20,0,0,0,0,0,0,20,0,5,0,59,17,0,0,0,1,0,0,0,0,0,0,0,0,147,0,0,0,0,4,2,0,0,0,0,18,0,46,0,0,125,0,0,3,3,0,2,1766,13,0,2,0,2,0,0,0,32,0,0,10,6,0,0,0,0,0,0,130,0,23,3,0,0,0,0,12,0,0,3,0,17,0,31,10,0,0,0,0,3,0,0,130,0,0,0,2,167,0,0,0,0,0,6,2,13,1,0,0,2,0,0,0,0,0,0,2,0,252,0,0,46,0,0,0,0,0,0,0,7,0,3,92,0,3,0,14,0,0,1,0,0,3,0,0,0,0,0,0,0,5,0,0,140,0,0,0,0,0,0,0,17,0,0,2,12,22,0,0,4,0,0,0,0,0,2,317,238,2,2,0,0,0,2,0,0,0,0,0,3,0,0,0,0,49,0,8,0,5,0,0,17,0,0,0,18,0,348,0,0,4,2,197,8,126,0,0,0,16,45,0,0,0,0,0,10,0,11,2,0,41,0,7,261,24,25,0,0,13,0,2,0,117,0,0,0,2,0,0,0,0
"D286",30,0,0,0,0,0,54,0,0,0,0,0,0,0,0,0,0,0,0,0,0,0,0,0,111,0,0,0,0,0,0,0,0,0,0,0,0,0,0,0,0,0,0,0,0,0,0,0,0,0,1293,0,0,0,0,0,0,0,0,0,0,0,0,0,0,0,0,117,0,0,0,0,0,0,0,0,0,0,0,0,0,0,0,0,0,0,603,0,0,0,0,0,0,0,0,0,0,45,0,0,0,0,0,0,0,0,0,0,0,0,94,0,0,0,0,0,0,25,0,0,0,0,0,0,0,0,0,0,0,0,0,0,0,0,0,0,0,0,0,0,0,0,0,0,0,0,0,0,0,0,0,0,0,0,0,0,0,0,0,0,0,0,0,0,0,0,32,0,0,0,0,0,0,0,0,0,0,0,0,0,0,0,17,0,0,0,0,0,0,0,0,0,0,0,0,0,0,0,0,0,0,0,0,0,0,0,0,0,0,0,0,0,0,0,0,0,125,0,0,0,0,0,0,0,0,0,0,0,0,0,0,0,0,747,0,0,0,0,0,0,0,140,0,0,0,0,0,0,0,0,0,0,0,0,0,0,0,0,6,0,0,0,0,0,0,0,0,0,0,0,0,0,45,0,0,0,0,0,0,0,54,0,0,0,0,0,0,0,0,43,0,0,0,0,0,0,0,0,0,0,0,0,0,0,0,0,0,0,0,0,0,0,0,0,0,0,0,0,0,0,0,0,0,0,0,0,0,0,0,0,0,0,334,0,0,0,0,0,92,0,0,0,0,0,0,0,0,0,0,0,0,0,0,0,0,0,0,0,0,0,0,0,0,0,0,0,0,0,0,18,0,0,0,0,0,0,0,0,0,0,0,0,0,0,0,0,0,0,0,0,0,0,0,0,0,0,0,0,0,0,0,0,0,0,0,0,0,0,0,0,0,0,0,0,0,0,0,0,0,0,0,0,0,0,0,0,0,0,0,0,0,0,0,0,0,0,0,0,0,0,0,0,0,0,0,0,0,0,0,0,0,0,0,0,0,0,0,0,0,0,0,0,0,0,0,0,0,0,0,0,0,0,0,0,0,0,0,0,0,0,0,0,0,0,0,0,0,0,0,0,0,0,0,0,0,0,0,0,0,0,0,0,117,0,0,0,0,0,0,0,0,0,0,0,0,0,0,0,0,0,18,0,0,0,20,0,0,0,0,0,0,0,0,0,0,0,0,0,0,0,0,0,0,0,0,0,0,50,0,0,0,0,0,0,0,0,0,0,0,0,0,0,0,0,0,0,0,0,0,0,0,0,0,0,0,0,0,0,21,0,0,0,0,0,0,0,0,0,0,0,0,51,0,0,0,0,0,0,0,0,0,0,0
"D287",0,0,0,0,0,0,0,0,0,0,0,0,0,0,0,0,0,0,0,0,0,0,0,0,0,0,0,0,0,0,0,0,0,0,0,0,0,0,0,0,0,0,0,0,0,0,0,0,0,0,0,0,0,0,0,0,0,0,0,0,0,0,0,0,0,0,0,0,0,0,0,0,0,0,0,0,0,0,0,0,0,0,0,0,0,0,0,0,0,0,0,0,0,0,0,0,0,0,0,0,0,0,0,0,0,0,0,0,0,0,412,0,0,0,0,0,0,0,0,0,0,0,0,0,0,0,0,0,0,0,0,0,0,0,0,0,0,0,0,0,0,0,0,0,0,0,0,0,0,0,0,0,0,0,0,0,0,0,0,0,0,0,0,0,0,0,0,0,0,0,0,0,0,0,0,0,0,0,0,0,0,0,0,0,0,0,0,0,0,0,0,0,0,0,0,0,0,0,0,0,0,0,0,0,0,0,0,0,0,0,0,0,0,0,0,0,0,0,0,0,0,0,0,0,0,0,0,0,0,0,0,0,0,0,0,0,0,0,0,0,0,0,0,0,0,0,0,0,0,0,0,0,0,0,0,0,0,0,0,0,0,0,0,0,0,0,0,0,0,0,0,0,3,0,0,0,0,0,0,0,0,0,0,0,0,0,0,0,0,0,0,0,0,0,0,0,0,0,0,209,0,0,0,0,0,0,0,0,0,0,0,0,0,0,0,0,0,0,0,0,0,0,0,0,0,0,0,0,0,0,0,0,0,0,0,0,0,0,0,0,0,0,0,0,0,0,0,0,0,0,0,0,0,0,0,10,0,0,0,0,0,0,0,0,0,0,0,0,0,0,0,0,0,0,0,0,0,0,0,0,0,0,0,0,0,0,0,0,0,0,0,0,0,0,0,0,0,0,0,0,0,0,0,0,0,0,0,0,0,0,0,0,0,0,0,0,0,0,0,0,0,0,0,0,0,0,0,0,0,0,0,0,0,0,0,0,0,0,0,0,0,0,0,0,0,0,0,0,0,0,0,4,0,0,0,0,0,0,0,0,0,0,0,0,0,0,0,0,0,0,0,0,0,0,0,0,0,0,0,0,0,0,0,0,0,0,0,0,0,0,0,0,0,0,0,0,0,0,0,0,0,0,0,0,0,0,0,0,0,0,0,0,0,0,0,0,0,0,0,0,0,0,0,0,4,0,61,0,0,0,0,0,0,0,0,0,0,0,0,0,0,0,0,0,0,0,0,0,0,0,0,0,0,0,0,0,0,0,0,0,0,0,0,0,0,0,0,0,2,0,0,0,0,0,0,0,0,0,0,0,0,0,0,0,0,0,0,0,0,0,0,0,0,0,0,0,0,0,0,0,5,0,0
"D288",0,15,0,0,0,7,0,1,0,0,6,37,0,4,0,2,0,4,8,0,0,3,0,28,0,0,0,0,0,3,5,2,4,0,0,0,0,0,0,34,3,0,9,27,14,0,0,0,0,0,0,0,90,0,1,0,3,0,0,9,4,0,13,0,1,16,0,397,0,0,0,0,0,0,2,6,7,0,11,3,0,0,0,0,1,0,15,0,13,0,0,10,0,2,0,0,0,0,0,16,18,6,0,0,0,0,0,4,59,5,0,2,0,0,0,0,0,0,8,3,2,0,1,0,2,0,2,0,0,0,20,2,0,0,4,10,0,0,0,0,2,0,0,182,4,5,0,10,3,0,0,0,0,16,0,3,0,0,2,4,0,3,0,2,0,2,0,3,0,4,0,3,5,0,4,5,0,1,0,4,5,0,0,0,0,17,0,0,2,15,0,0,9,5,0,0,2,0,0,0,0,0,17,0,6,0,0,20,0,0,0,3,0,6,0,0,0,0,3,3,0,7,0,0,166,41,0,21,2,0,0,0,0,0,0,0,0,8,0,0,0,0,0,9,0,0,8,27,0,0,1,7,0,0,0,0,0,2,0,0,0,0,11,0,2,0,251,0,0,4,4,5,0,2,0,0,3,17,3,0,92,0,0,1,0,0,0,0,174,48,0,0,17,28,226,0,0,3,6,3,3,0,4,58,0,0,16,11,3,0,0,0,17,5,2,0,0,37,0,0,9,2,0,9,3,2,0,0,13,55,0,0,4,3,27,0,0,0,0,0,15,0,0,4,2,17,0,7,0,0,4,2,6,0,0,0,0,4,0,0,0,0,4,0,0,0,11,10,0,0,4,0,0,0,10,10,22,33,0,0,0,37,0,21,0,0,8,1,0,0,2,3,4,0,0,0,0,1,0,0,0,0,0,0,0,2,0,20,0,0,0,3,0,6,0,0,3,0,0,12,2,0,3,0,0,9,0,16,0,0,0,0,0,0,0,0,6,0,0,0,2,2,0,9,5,2,0,2,0,0,0,3,4,2,0,3,3,0,2,0,1,0,0,0,10,0,3,0,2,2,18,0,0,0,0,0,0,0,0,0,0,0,0,2,7,0,0,0,247,0,0,5,2,0,0,0,0,8,0,12,0,0,0,1,0,63,15,0,0,0,2,2,2,35,0,0,6,0,3,2,0,0,53,0,0,0,1817,5,28,0,7,1,0,0,0,15,0,18,6,0,0,5,0,0,4,0,3,19,22,0,0,0,9,0,0,2,1,6,0,26,0,0,15,2,0,0,35,0,0,18,6,4,31,0,2,4,35,6,35,2,2,6,8,0,0,23,6,2,2,0,0,0,13,0,14,48,0,0,0,0,4,0,0
"D289",15,17,10,35,6,7,8,0,407,5,0,2,2,2,0,0,4,0,0,0,413,21,6,0,0,0,0,0,0,0,0,4,14,5,12,0,0,2,0,0,0,30,0,0,0,0,6,0,0,0,117,13,40,0,54,0,0,14,52,0,1,0,2,1893,0,0,16,0,0,71,2,0,0,0,0,9,0,0,8,10,0,160,9,3,0,0,31,0,3,0,0,3,8,0,0,0,0,4,0,0,0,0,0,2,0,0,0,9,6,0,29397,0,56,0,0,31,17,24,0,22,0,0,0,0,0,3,8,0,0,6,0,9,7,3,0,0,4,0,0,5,0,18,50,0,0,15,0,4,0,0,0,41,8,6,0,7145,0,0,0,0,0,67,5,2,183,0,369,0,0,0,0,0,0,38,5,0,22,0,0,258,0,4,0,45,0,0,12,14,0,0,0,0,0,0,1,0,0,4,2,2,5,0,0,0,0,9,2,0,0,0,22,17,0,8,5,17,28,36,13,0,11,0,0,0,0,2,0,4,0,6,0,0,0,536,0,0,0,0,2,9,0,0,14,0,0,5,0,0,0,3,0,2,2,6,0,7,0,0,149,6,0,42,0,0,0,0,0,0,0,0,0,16,35,0,0,8,0,0,3,0,25,50,87,0,0,38,75,0,0,1,0,13,0,0,0,4,6,0,0,0,0,10,2,0,55,3,0,9,10,4,3,8,22,0,0,10,0,0,150,0,6,0,0,0,0,11,11,0,0,0,0,0,28,3,0,0,0,40,0,0,0,0,70,0,19,3,45,4,14,8,2,6,0,3,0,0,27,0,4,0,1,0,2,0,0,96,22,8,2,0,230,3,0,0,0,2,0,0,0,5,10,0,0,0,1,0,1,0,0,0,5,0,0,0,0,5,29,1,0,0,0,0,0,3,4,0,4,0,5,2,16,0,0,0,0,0,0,0,6,0,2,0,0,0,0,0,0,5,0,27,0,0,0,0,0,0,5,0,2,20,31,3,0,0,0,2,0,3,0,5,10,380,0,0,37,0,0,0,0,0,27,0,0,0,60,56,0,0,0,0,0,2,15,4,2,0,0,0,0,68,36,2,0,0,0,0,0,2,0,0,0,0,3,0,0,10,0,0,0,0,0,18,63,0,0,20,0,0,13,2,0,0,0,0,0,8,0,0,0,0,0,0,38,0,37,0,80,0,0,5,0,0,9,0,0,0,5,2,8,16,27,0,0,0,4,0,2,0,0,0,0,9,0,8,0,0,2,2,1,0,9,2,0,0,2,0,11,54,0,33,0,0,0,0,3,0,10,0,0,0,0,6,0,0,0,0,0,2,4,0,0,7,0,0,3,0,3,5,0,8,0,14,24
"D290",0,0,0,0,0,0,0,0,0,0,0,0,0,0,0,0,0,0,0,0,0,0,0,0,0,0,0,0,0,0,0,0,0,0,0,0,0,0,0,0,0,0,0,0,0,0,0,0,0,0,0,0,0,0,0,0,0,0,0,0,0,0,0,0,0,0,0,0,0,0,0,0,0,0,0,0,0,0,0,0,0,0,0,0,0,0,0,0,0,0,0,0,0,0,0,0,0,0,0,0,0,0,0,0,0,0,45,0,0,0,0,0,0,0,0,0,0,0,0,0,0,0,0,0,0,0,0,0,0,0,0,0,0,0,0,0,0,0,0,0,0,0,0,0,0,0,0,0,0,0,0,0,0,0,0,0,0,0,0,0,0,0,0,0,0,0,0,0,0,0,0,0,0,0,0,0,0,0,0,0,0,0,0,0,0,0,0,0,0,0,0,0,0,0,0,0,0,0,0,0,0,0,0,0,0,0,0,0,0,0,0,0,0,0,0,0,0,0,0,0,0,0,0,491,0,0,0,0,0,0,0,0,0,8,0,0,0,0,0,0,0,0,0,0,0,0,0,0,0,0,0,0,0,0,0,0,0,0,0,0,0,0,0,0,0,0,0,0,0,0,0,0,0,0,0,0,0,0,0,0,0,0,0,0,0,0,0,0,0,0,0,0,0,0,0,0,0,0,0,0,0,0,0,0,0,0,0,0,0,0,0,0,0,0,0,0,236,0,0,0,0,0,0,0,0,0,0,0,0,0,0,0,0,0,0,0,0,0,0,0,0,0,0,0,0,0,0,0,0,0,0,0,0,0,0,0,0,0,0,0,0,0,0,0,0,0,0,0,0,0,0,0,0,0,0,0,0,0,0,0,0,0,0,0,0,0,0,0,0,0,0,0,0,0,0,0,0,0,0,0,0,0,0,0,0,0,0,0,0,0,0,0,0,0,0,0,0,0,0,0,0,0,0,0,0,0,0,0,0,0,0,0,0,0,0,0,0,0,0,0,0,0,0,0,0,0,0,0,0,0,0,2,0,0,0,0,0,0,0,0,0,0,0,0,0,0,0,0,0,0,0,0,0,0,0,0,0,0,0,0,0,0,0,0,0,0,0,0,0,0,0,0,0,0,0,0,0,0,0,0,0,0,0,0,0,0,0,149,0,0,0,0,0,0,0,0,0,0,0,0,0,0,0,0,0,0,0,0,0,0,0,0,0,0,0,0,0,0,0,0,0,0,0,0,0,0,0,0,0,0,0,0,0,0,0,0,0,0,0,0,0,6843,0,0,0,0,0,0,0,0,0,0,0,0,0,0,0,0,0,0,0,0,0,0,0,0,0,0,0,0,0,0,0,0,0,0,0,0,0,0,0,0,0
"D291",6,0,0,187,0,0,766,0,240,0,0,0,0,0,0,0,0,0,0,0,56,0,0,0,0,5,0,0,0,0,0,15,10,0,0,0,0,0,0,0,0,0,0,0,0,0,0,0,0,0,1100,0,0,0,0,0,0,0,0,0,0,0,0,3316,0,0,4,0,0,832,0,0,0,0,0,0,0,0,0,0,0,142,0,0,0,0,0,0,0,0,0,0,16,0,0,0,0,0,0,0,0,0,0,0,0,0,0,12,0,0,16271,0,1344,0,0,1,0,13,0,0,0,0,0,0,0,0,0,0,0,291,0,57,0,0,0,0,245,0,0,0,0,42,0,0,0,0,0,0,0,0,0,2,0,0,0,493,0,0,0,0,0,0,0,0,32,0,4677,0,0,0,0,0,0,6,0,0,0,0,0,8,0,0,0,601,0,0,0,20,0,0,0,0,0,0,0,0,0,0,0,0,0,0,0,0,0,9,0,0,0,0,0,0,0,0,0,0,153,0,0,0,0,0,0,0,0,0,0,0,0,11,0,0,0,897,0,0,0,0,0,0,0,0,1,0,0,25,0,0,0,75,0,0,0,0,0,0,0,0,884,0,0,17,0,0,0,0,0,0,0,0,0,0,309,0,0,6,0,0,0,0,35,2286,0,0,0,20,37,0,6,3,0,2,0,0,0,0,0,0,35,0,0,0,0,0,29,356,0,0,0,0,0,49,0,0,0,0,0,0,19,0,0,0,0,0,0,0,1,0,0,0,0,0,239,0,0,0,0,0,0,0,0,0,25,0,0,0,6,0,543,0,0,0,0,0,0,0,0,0,15,0,0,32,0,0,0,38,4,0,0,0,338,0,0,0,0,0,0,0,0,82,40,0,0,0,0,270,0,0,0,0,0,0,0,0,0,0,0,0,0,0,0,0,0,0,0,0,0,0,0,0,8,0,0,0,39,0,0,0,0,0,0,0,0,0,0,0,0,0,7,0,0,0,0,0,0,0,30,0,0,14,0,0,0,0,0,0,0,0,0,0,64,5,0,0,9,0,0,0,0,0,0,0,60,0,21,0,0,0,0,0,0,17,0,0,0,0,0,0,0,0,59,0,0,0,0,0,0,19,0,0,0,0,0,0,0,8,64,0,0,0,0,90,86,0,0,0,0,0,0,0,0,0,0,0,0,0,0,0,0,0,3,0,0,0,647,19,47,0,0,0,8,0,0,0,0,0,0,0,0,0,2,0,0,0,0,0,0,0,7,0,0,0,0,0,9,0,0,0,0,0,0,0,0,0,0,0,0,372,30,3,0,0,0,0,0,0,0,0,0,0,0,0,0,0,0,0,0,0,0,0,0,0,0,0,0,0,17,0,0,0,192,0,0
"D292",0,4,0,324,0,0,142,0,11,0,0,0,0,0,0,0,0,0,0,0,66,0,0,0,0,4,0,0,0,0,6,9,5,32,0,0,0,0,0,0,0,0,3,0,2,5,0,0,0,0,3516,0,0,0,15,0,0,0,0,0,0,0,0,158,6,0,1,0,0,196,0,0,7,0,0,0,3,0,0,0,20,3,5,0,0,0,3,0,0,0,0,0,3,0,4,0,2,1,0,0,4,0,3,0,0,0,10,0,6,0,23335,0,1289,0,0,0,0,25,0,0,0,0,0,0,0,0,4,40,0,45,5,7,0,6,0,0,209,6,0,0,0,647,10,0,0,0,0,0,0,0,0,0,3,0,0,3521,4,0,5,0,0,0,0,0,1,0,3189,0,4,0,0,0,0,7,0,0,0,2,0,0,0,0,0,0,0,0,4,27,0,0,0,0,0,0,0,0,3,0,0,0,0,3,0,0,0,0,0,0,0,3,1,0,0,0,0,2,126,9,0,0,0,0,0,7,0,61,0,0,0,0,0,0,0,5251,0,0,0,2,0,0,0,0,20,0,2,158,0,0,0,106,0,0,0,14,0,0,0,0,172,0,0,70,0,0,0,0,0,0,0,0,0,0,105,0,0,0,0,0,2,0,1,308,10,0,0,14,95,0,0,2,0,0,0,0,3,0,0,0,5,0,0,0,0,0,8,56,0,0,0,6,0,8,3,0,0,91,0,0,48,0,0,0,0,5,0,0,2,0,0,0,0,0,87,0,0,0,0,0,17,15,0,0,21,0,0,4,0,0,82,0,0,1,0,14,0,0,3,0,3,0,3,3,3,0,3,49,4,0,0,0,49,0,0,0,0,0,0,0,0,45,1543,0,0,0,3,33,3,0,0,0,8,0,0,4,0,0,0,0,6,0,0,0,0,0,0,0,5,0,40,0,1,0,0,0,2,8,0,0,0,0,0,0,0,0,0,0,0,0,0,2,0,0,5,0,2,3,5,2,0,28,7,0,7,0,0,0,4,0,0,0,198,141,0,4,0,0,0,5,0,0,0,0,9,0,1280,0,0,0,0,0,1,0,9,0,3,0,9,12,0,0,30,0,15,0,0,0,0,31,0,0,0,0,0,0,0,0,0,0,0,0,0,1,16,0,0,10,11,0,0,2,0,0,0,0,3,0,0,0,0,0,3,3,0,0,126,12,1359,0,6,0,0,0,0,0,0,0,3,0,0,0,67,0,0,2,0,0,0,0,0,19,0,0,0,0,20,0,0,0,0,3,15,0,0,0,4,0,1,27,1944,26,0,0,0,0,0,0,1,0,0,0,0,0,0,0,0,3,8,0,12,5,0,2,0,5,4,0,0,0,0,0,47,0,7
"D293",0,0,0,44,0,0,0,0,0,0,0,0,0,0,0,0,0,0,0,0,0,0,0,0,0,0,0,0,0,0,0,0,0,0,0,0,0,0,0,0,0,0,0,0,0,0,0,0,0,0,0,0,0,0,0,0,0,0,0,0,0,0,0,0,0,0,0,0,0,0,0,0,0,0,0,0,0,0,0,0,0,0,0,0,0,0,0,0,0,0,0,0,0,0,0,0,0,0,0,0,0,0,0,0,0,0,3,0,0,0,0,0,0,0,0,0,0,8,0,0,0,0,0,0,0,0,0,0,0,0,0,0,0,0,0,0,3,0,0,0,0,0,0,0,0,0,0,0,0,0,0,0,0,0,0,0,0,0,0,0,0,0,0,0,0,0,0,0,0,0,0,0,0,0,0,0,0,0,0,0,0,0,0,0,0,0,0,0,0,0,0,0,0,0,0,0,0,0,0,0,0,0,0,0,0,0,0,0,0,0,0,0,0,0,0,0,4,0,0,0,0,0,0,0,0,0,0,0,0,0,0,0,0,0,0,0,0,0,0,0,0,0,70,0,0,0,0,0,0,0,0,0,0,0,0,0,0,0,0,0,0,0,0,0,0,0,0,0,0,0,0,0,0,0,0,0,0,0,0,0,0,0,0,0,0,0,0,0,0,0,0,0,0,0,0,0,0,0,0,0,0,0,0,0,0,0,0,0,0,0,0,0,0,0,0,0,0,0,0,0,0,0,0,0,0,0,0,0,0,0,0,0,0,0,0,0,0,0,0,0,0,0,0,0,0,0,0,0,0,0,0,0,0,2288,0,0,0,0,2,0,0,0,0,0,0,0,0,0,0,0,0,0,0,0,0,0,0,0,0,0,0,0,0,0,0,0,0,0,0,0,0,0,0,0,0,0,0,0,0,0,0,0,0,0,0,0,0,0,4,0,2,0,0,0,0,0,0,0,0,0,0,0,0,0,0,0,0,0,0,0,0,0,0,0,0,0,0,6559,0,0,0,0,0,0,0,0,0,0,0,0,0,0,0,0,0,0,0,0,0,0,0,0,0,0,0,0,0,0,0,0,0,0,0,0,0,0,0,0,0,0,0,0,0,0,0,0,0,160,0,0,0,0,0,0,0,0,0,0,0,0,0,3,0,0,0,0,0,756,0,0,0,0,0,0,0,0,0,0,0,0,0,0,0,0,160,0,0,0,0,0,0,0,0,0,0,0,0,0,0,0,0,0,0,0,0,0,0,2,0,0,0,0,0,0,0,0,0,0,0,0,6,0,0,0,0,0,0,0,0,0,0,0,0,0,0,0,0,0,0,0,0,0,0,0,0,0,0,0,0,0,0,0,0,0,0,0,0,0,0,0,0,0,0
"D294",0,0,0,0,0,0,0,0,0,0,0,0,0,0,0,0,0,0,0,0,1,0,0,0,0,0,0,0,0,0,0,0,6,241,0,0,5,0,0,0,0,0,0,0,0,0,0,0,383,0,0,0,0,0,0,0,0,0,0,0,0,0,0,0,0,0,0,0,0,0,0,0,0,0,0,0,0,0,0,0,0,0,3,0,0,170,0,0,0,13,0,0,0,0,0,0,0,0,0,0,0,0,0,243,0,0,0,0,0,0,6,0,0,0,0,0,0,0,0,0,0,0,0,0,0,0,0,0,0,0,0,0,0,0,0,0,0,0,0,0,181,1,0,0,0,0,0,0,0,0,0,0,0,2,0,10,17,0,0,0,0,0,0,0,0,0,0,0,0,0,0,0,0,0,2,0,0,0,0,0,0,0,0,1,958,0,0,0,0,0,0,0,0,126,0,0,0,0,0,0,0,0,0,0,0,0,0,0,0,0,0,0,0,0,0,0,0,0,0,0,0,0,0,0,23,0,0,0,0,0,0,0,0,0,3,0,0,0,0,0,3,0,0,0,0,0,0,0,0,0,0,0,0,0,0,0,0,0,2,0,0,0,0,0,0,0,2,0,0,0,0,0,0,0,0,7,0,0,0,0,4,0,1,0,0,0,2,0,0,0,0,0,259,0,0,0,0,0,0,0,0,0,0,0,0,0,0,0,0,0,0,0,0,0,0,0,0,0,0,0,0,0,0,0,0,0,0,0,0,0,0,0,0,0,0,0,0,0,0,0,0,6,0,0,0,0,0,0,0,0,0,0,0,0,0,2,176,0,0,0,0,0,9,0,0,0,0,0,0,0,0,0,0,0,0,0,0,0,0,0,0,0,0,0,0,290,0,62,0,0,0,0,0,0,0,0,0,0,432,99,46,0,0,0,0,0,0,0,0,0,0,0,0,0,0,448,0,0,0,0,0,0,0,0,0,0,0,0,0,0,5,0,0,0,0,0,0,0,0,0,0,0,0,0,0,0,2,0,0,0,0,53,0,0,0,0,0,0,0,0,0,0,0,0,0,0,0,0,0,0,0,0,0,0,0,0,0,2357,0,0,0,0,0,0,0,0,0,0,0,0,0,0,0,0,0,3,0,1324,306,0,0,0,0,0,0,0,0,0,0,0,0,0,0,0,0,0,0,0,0,0,0,2,0,0,0,0,0,0,0,0,0,0,0,0,0,0,0,0,0,0,0,0,0,0,0,0,0,0,0,0,0,0,0,535,0,0,0,0,0,0,0,0,0,0,0,0,0,0,0,0,0,1,0,0,0,0,0,0,0,0,0,0,0,0,0,2,0,0,0,0,0,0,0,0,0,0,0,0,0,0,0,0,0
"D295",0,0,0,0,0,0,0,0,0,0,0,0,0,0,0,0,0,0,0,0,0,0,0,0,0,206,0,0,0,0,0,0,0,0,0,0,0,0,0,0,0,0,0,0,0,0,0,0,0,0,0,0,0,0,0,0,0,0,0,0,0,0,0,0,0,0,0,0,0,0,0,0,0,128,0,0,0,0,0,0,0,0,0,0,0,0,0,0,0,0,0,0,0,0,0,0,0,0,0,0,0,0,0,0,0,272,0,0,0,0,0,0,0,0,0,0,0,1666,0,0,0,0,0,69,0,0,0,0,0,0,0,91,0,0,0,0,0,0,0,0,0,0,50,0,0,0,0,0,0,0,0,0,0,0,0,0,0,0,0,0,0,0,0,0,0,0,0,0,0,0,0,0,0,0,0,0,0,0,0,0,0,0,0,0,0,0,0,0,0,0,0,0,0,0,0,0,0,0,0,0,0,0,0,60,0,0,0,0,0,0,0,0,0,0,0,0,59,20,0,0,0,0,0,0,0,0,0,0,0,0,0,0,0,0,0,0,0,0,0,0,0,0,0,0,0,0,0,0,0,0,0,0,0,0,0,0,0,0,3010,252,0,0,0,0,0,0,0,0,0,0,0,0,0,0,0,0,0,0,0,0,0,0,0,0,0,0,0,0,0,0,0,0,0,0,0,0,0,0,0,0,0,0,0,0,0,0,0,0,0,0,0,278,0,0,0,0,0,0,0,0,0,0,0,0,0,0,0,0,0,0,0,0,0,0,0,0,0,0,0,0,0,0,0,0,0,0,0,0,0,0,0,0,0,0,0,149,0,0,59,0,0,0,0,0,0,0,0,0,0,0,0,0,0,0,0,0,0,0,0,0,0,0,0,0,0,0,0,0,0,0,0,0,0,0,0,0,0,0,0,0,0,0,0,0,0,0,0,0,0,0,789,0,0,0,1022,0,0,0,0,0,0,0,0,0,0,0,0,0,0,0,0,0,0,0,0,0,0,0,0,0,0,0,0,0,0,0,0,0,0,0,0,0,3,0,0,0,0,0,0,0,0,0,193,0,0,0,0,0,0,0,0,0,0,0,0,0,0,0,0,0,956,0,0,0,0,0,0,0,0,0,0,0,0,0,0,0,0,0,0,0,0,115,0,0,0,0,0,0,0,0,0,0,0,0,0,0,0,0,0,0,0,0,0,0,0,0,0,0,0,0,0,0,0,0,0,0,698,0,0,0,2,0,0,0,0,0,0,0,0,0,0,0,0,0,0,0,0,0,0,0,155,0,0,0,0,0,0,0,0,0,0,0,0,0,0,0,0,0,0,0,0,0,0,0,0,0,0,0,45,0,0,0,0,0,0,0,0,0,0,0,0,0,143
"D296",17,509,235,0,12,15,0,118,0,14,15,279,38,36,3,3,22,43,0,0,0,99,255,11,97,0,0,45,401,0,570,1,33,0,126,9,0,230,13,199,0,0,155,2,42,155,4,22,20,68,0,56,120,0,40,7,109,18,9,117,248,0,62,0,0,130,13,7,1,0,0,0,0,0,10,61,0,101,39,3,0,0,3,50,124,0,0,0,440,2,2,0,8,2,4,55,0,39,11,17,103,0,0,0,66,0,0,46,1117,2,0,6,0,10,23,3,68,0,16,71,80,26,153,0,156,189,16,0,0,0,1211,0,70,0,2,259,0,0,5,9,0,0,0,0,19,50,89,53,213,0,0,65,166,150,39,0,0,23,32,38,2,55,108,4,0,10,0,1,47,237,0,9,6,101,94,17,5,40,29,266,1,78,58,0,0,50,0,0,43,15,14,80,0,0,2,47,68,86,25,69,18,0,116,0,105,542,0,20,10,15,4,7,17,5,2,3,0,0,40,22,76,3,38,2,0,6784,24,721,10,0,0,0,0,0,0,12,61,472,195,15,71,0,0,11,13,0,8,193,0,0,159,2,85,22,0,16,0,73,0,0,31,0,0,416,0,8,174,6,16,0,12,57,24,26,71,76,84,120,1,81,748,0,20,5,20,21,9,0,0,17,25,1,0,123,325,1,87,33,15,222,190,2,257,92,143,0,0,251,422,12,0,0,119,162,43,0,0,13,0,0,40,41,14,62,17,21,0,41,0,96,24,164,61,210,33,64,18,757,0,95,0,0,9,457,0,521,43,99,9,56,68,525,128,0,6,0,53,9,0,25,0,63,6,218,6,0,32,18,0,28,20,117,1,1,341,5,38,0,162,0,6,226,6,2,0,2,831,0,19,0,451,8,73,0,21,281,0,8,0,0,0,0,0,9,193,57,0,0,0,5,0,356,65,0,0,0,16,39,0,15,38,5,22,0,13,73,18,388,18,2,0,0,0,0,0,7,79,0,10,0,6,8,0,160,114,0,3,395,0,95,41,74,0,1687,35,0,12,24,0,259,8,48,0,50,219,5,42,33,20,54,0,7,16,35,124,1,0,0,10,0,0,164,0,87,259,0,36,0,12,153,0,5,10,0,8,9,0,13,0,174,0,0,1,19,0,988,1287,0,10,149,8,21,9,47,0,7,13,42,15,24,11,0,181,140,0,0,37,4,309,174,40,162,59,34,0,47,0,21,0,38,0,32,0,18,226,8,53,12,311,0,44,8,25,0,0,18,70,32,36,204,0,0,46,42,57,38,371,0,0,8,20,0,71,91,49,5,375,17,493,23,45,34,8,21,12,0,0,123,0,0,0,0,0,58,746,19,11,5,6,1,152,316,0
"D297",12,0,6,640,12,28,50,5,18,3,0,25,0,0,0,0,9,0,97,0,19,3,19,5,0,35,0,2,0,0,0,24,107,0,0,10,0,0,0,5,9,0,2,53,0,0,12,5,0,18,109,17,43,17,5,0,0,0,0,0,3,6,6,326,5,0,8,0,3,37,11,0,0,86,2,11,0,44,3,3,0,17,40,0,15,0,21,3,0,0,3,0,112,0,0,6,0,17,0,7,10,4,0,11,12,97,9,9,3,3,1275,3,500,0,2,18,2,145,0,191,0,0,12,4,0,2,10,1,8,295,0,45,30,0,7,3,162,0,7,17,0,18,20,0,10,35,0,9,14,0,0,5,0,13,0,130,0,0,0,0,0,112,5,0,36,0,911,11,0,0,0,2,2,78,4,0,28,0,0,99,15,6,0,6,0,0,11,26,3,0,0,0,0,2,6,0,0,0,0,9,6,0,0,0,2,8,4,15,0,0,30,19,12,2,0,19,95,15,16,0,17,0,1,29,24,7,12,5,0,4,0,0,3,449,0,3,0,0,0,4,0,13,59,3,13,33,13,4,0,14,31,0,0,21,0,5,0,0,664,3,0,678,2,9,6,14,0,2,0,6,0,35,35,2,0,42,0,7,2,3,131,422,42,5,7,46,513,0,0,0,0,1,0,6,5,6,5,0,0,45,0,17,0,5,88,69,0,13,12,7,0,14,11,15,1,113,0,3,10,0,0,0,0,0,0,41,12,0,0,56,1,1,159,2,0,0,1,102,0,0,0,0,33,0,7,13,104,0,198,0,19,0,0,132,4,0,42,3,0,1,1,13,3,0,1,171,9,3,43,9,51,0,2,0,11,46,0,5,11,73,22,6,0,2,0,2,9,6,0,0,57,0,0,0,1,0,92,1,0,0,0,3,0,0,45,0,8,0,115,9,47,0,0,0,8,0,19,0,7,0,19,8,0,0,0,2,0,0,0,12,17,9,0,0,0,4,6,104,8,0,21,0,0,0,6,0,20,0,0,113,33,1018,12,0,0,2,2,0,0,0,7,4,65,0,34,24,0,0,0,0,9,43,16,91,0,6,0,0,0,198,88,18,3,2,0,0,11,113,23,0,0,7,0,2,0,0,0,0,0,0,0,0,49,4,0,79,0,0,35,0,19,0,9,5,0,5,2,0,2,7,5,0,41,2,1076,3,896,0,68,10,10,0,0,2,0,0,115,0,4,0,34,7,0,0,5,0,2,0,7,2,4,13,0,9,14,0,0,0,8,11,11,5,11,4,17,0,54,19,3,58,0,4,8,0,15,0,0,4,24,1,7,0,0,0,0,0,8,0,30,0,6,3,0,0,26,2,2,1,1,70,13,5,17
"D298",0,0,0,0,0,0,0,0,0,0,0,0,0,0,0,0,0,0,0,0,0,0,0,0,0,408,0,0,0,0,0,0,0,0,0,0,0,0,0,0,0,147,0,0,0,0,0,0,0,0,0,0,0,0,0,0,0,0,0,0,0,0,0,0,0,0,0,0,0,0,0,0,0,5,0,0,0,0,0,0,0,0,0,0,0,0,0,0,0,0,0,0,0,0,0,0,0,0,0,0,0,0,0,0,0,66,0,0,0,0,0,0,0,0,0,0,0,1765,0,0,0,0,0,2,0,0,0,0,0,0,0,0,0,2,0,0,0,0,0,0,0,0,22,0,0,0,0,0,0,0,0,0,0,0,0,0,0,0,0,0,0,0,0,0,0,0,0,0,0,0,0,0,0,0,0,0,0,0,0,0,0,0,0,0,0,0,0,0,0,0,0,0,0,0,0,0,0,0,0,0,0,0,0,21,0,0,0,0,0,0,0,0,0,0,0,0,50,275,0,0,0,0,0,0,0,0,0,0,0,0,0,0,0,0,0,0,0,0,0,0,0,0,0,0,0,0,0,0,0,0,0,0,0,0,0,0,0,0,772,103,0,0,0,0,0,0,0,0,0,0,0,0,0,0,0,0,0,0,0,0,0,0,0,0,0,0,0,0,0,0,0,0,0,0,0,0,0,0,0,0,0,0,0,0,0,0,0,0,0,0,0,152,0,0,0,0,0,0,0,0,0,0,0,0,0,0,0,0,0,0,0,0,0,0,0,0,0,0,0,0,0,0,0,0,0,0,0,0,0,0,0,0,0,0,0,103,0,0,54,0,0,0,0,0,0,0,0,0,0,0,0,0,0,0,0,0,0,0,0,0,0,0,0,0,0,0,0,0,0,0,0,0,0,0,0,0,0,0,0,0,0,0,0,0,0,0,0,0,0,0,743,0,0,0,3,0,0,0,0,0,0,0,0,0,0,0,0,0,0,0,0,0,0,0,0,0,0,0,0,0,0,0,0,0,0,0,0,0,0,0,0,0,2,0,0,0,0,0,0,0,0,0,29,0,0,0,0,0,0,0,0,0,0,0,0,0,0,0,0,0,1173,0,0,0,0,0,0,0,0,0,0,0,0,0,0,0,0,0,0,0,0,55,0,0,0,0,0,0,0,0,0,0,0,0,0,0,0,0,0,0,0,0,0,0,0,0,0,0,0,0,0,0,0,0,0,0,11,0,0,0,0,0,0,0,0,0,0,0,0,0,0,0,0,0,0,0,0,0,0,0,87,0,0,0,0,0,0,0,0,0,0,0,0,0,0,0,0,0,0,0,0,0,0,0,0,0,0,0,0,0,0,0,0,0,0,0,0,0,0,0,0,0,0
"D299",0,0,0,0,0,0,0,0,0,0,0,0,0,0,0,0,0,0,0,0,0,0,0,0,0,0,0,0,0,0,0,0,0,0,0,0,0,0,0,0,0,0,0,0,0,0,0,0,0,0,0,0,0,0,0,0,0,0,0,0,0,0,0,0,0,0,0,0,0,0,0,0,0,0,0,0,0,0,0,0,0,0,0,0,0,0,0,0,0,0,0,0,0,0,0,0,0,0,0,0,0,0,0,0,0,0,0,0,0,0,0,0,0,0,0,0,0,0,0,0,0,0,0,0,0,0,0,0,0,0,0,0,0,0,0,0,0,0,0,0,0,0,0,0,0,0,0,0,0,0,0,0,0,0,0,0,0,0,0,0,0,0,0,0,0,0,0,0,0,0,0,0,0,0,0,0,0,0,0,0,0,0,0,0,0,0,0,0,0,0,0,0,0,0,0,0,0,0,0,0,0,0,0,0,0,0,0,0,0,0,0,0,0,0,0,0,0,0,0,0,0,0,0,0,0,0,0,0,0,0,0,0,0,0,0,0,0,0,0,0,0,0,0,0,0,0,0,0,0,0,0,0,0,0,0,0,0,0,0,0,0,0,0,0,0,0,0,0,0,0,0,0,0,0,0,0,0,0,0,0,0,0,0,0,5,0,0,0,0,0,0,0,0,0,0,0,0,0,0,0,0,0,0,0,0,0,0,0,0,0,0,0,0,0,0,0,0,0,0,0,0,0,0,0,0,0,0,0,0,0,0,0,0,0,0,0,0,0,0,0,0,0,0,0,0,0,0,0,0,0,0,0,0,0,0,0,0,0,0,0,0,0,0,0,0,0,0,0,0,0,0,0,0,0,0,0,0,0,0,0,0,0,0,0,0,0,0,0,0,0,0,0,0,0,0,0,0,0,0,0,0,0,0,0,0,0,0,0,0,0,0,0,0,0,0,0,0,0,0,0,0,0,0,0,0,0,0,0,0,0,0,0,0,0,0,0,0,0,0,0,0,0,0,0,0,0,0,0,0,0,0,0,0,0,0,0,0,0,0,0,0,0,0,0,0,0,0,0,0,0,0,0,0,0,0,0,0,0,0,0,0,0,0,0,0,0,0,0,2,0,0,0,0,0,0,0,0,0,0,0,0,0,0,0,0,0,0,0,0,0,0,0,0,0,0,0,0,0,0,0,0,0,0,0,0,0,0,0,0,0,0,0,0,0,0,0,0,0,0,0,0,0,0,0,0,0,0,0,0,0,0,0,0,0,0,0,0,0,0,0,0,0,0,0,0,0,0,0,0,0,0,0,0,0,0,0,0,0,0,0,0,0,0,0,0,0,0,0,0,0,0,0,0,0,0,0,0,0,0,0,0,0,0
"D300",0,0,0,0,1081,0,0,0,0,0,0,0,0,0,0,0,0,0,0,0,0,0,0,0,0,2,0,0,481,0,0,0,0,0,0,0,0,0,0,0,262,4,0,462,0,0,0,0,0,0,0,9,0,0,495,0,0,0,2481,0,0,0,0,8,8,0,29,0,0,0,0,0,0,0,0,0,0,0,0,0,0,0,0,0,0,0,0,0,0,0,0,0,0,0,0,13,15,0,0,0,0,0,0,0,0,8,9,0,0,0,40,0,0,0,0,420,0,0,0,0,0,0,0,0,0,0,0,0,0,6,0,0,0,0,0,0,0,0,0,68,0,0,0,0,0,0,0,0,99,1184,0,0,0,0,0,0,0,0,0,0,0,0,0,0,0,158,6,0,0,0,0,0,0,0,0,0,23,0,0,0,0,0,3713,9,0,0,0,0,0,0,0,0,0,0,0,0,0,0,0,0,0,0,0,0,0,0,0,0,0,0,0,0,0,0,0,0,1,0,0,0,0,0,0,45,0,0,0,0,0,27,0,0,0,0,0,0,0,0,0,0,0,0,0,3,0,0,0,0,0,0,0,0,0,0,0,0,0,0,42,0,0,5,0,0,0,0,0,0,0,0,0,0,0,0,0,0,0,0,0,0,1580,0,8,0,0,5,0,0,0,0,0,17,18,0,0,0,0,0,43,0,0,0,0,0,18,0,0,0,0,0,0,5,0,0,0,0,6,0,0,0,0,0,0,0,0,0,0,0,0,0,0,0,0,0,0,0,0,0,0,220,0,0,6,0,0,0,0,0,0,0,0,0,0,0,0,0,0,0,0,0,0,0,16,0,0,0,0,0,0,0,0,0,0,678,0,0,0,0,0,0,0,0,0,0,0,0,0,0,0,0,0,0,0,0,0,0,0,9,0,0,0,0,0,0,0,0,0,0,0,0,7,0,0,0,0,0,0,0,0,0,0,126,0,0,0,0,0,0,0,0,0,0,0,0,0,0,0,0,0,0,0,0,0,0,0,5,6,0,0,0,0,0,0,0,0,0,0,0,0,0,158,0,0,0,0,0,0,0,0,0,0,0,1904,10,0,0,0,0,0,0,7,0,0,0,0,26,0,0,13,0,0,0,0,0,0,0,42,0,0,0,0,0,0,0,0,0,0,0,0,0,0,0,0,0,0,0,0,0,0,0,15639,0,0,0,0,1,5,0,0,77,0,0,0,0,0,0,4,0,0,0,0,0,0,0,0,0,0,0,0,0,0,0,18,12,0,0,0,0,0,0,14,0,0,0,0,0,0,0,0,193,0,0,0,0,0,0,0,0,15,0,0,0,0,0,0,0,0,0,0,0,0,0,0,0,0,0,2,18,0,0,0,0,0
"D301",0,0,0,0,0,0,11,0,0,0,0,0,0,0,0,0,0,0,0,0,0,0,0,0,0,0,0,0,0,0,0,0,0,0,0,0,0,0,0,0,0,0,0,0,0,271,0,0,0,0,0,0,1795,0,0,0,0,0,133,0,0,4,0,0,0,0,0,0,0,0,0,0,0,0,0,0,0,0,0,0,0,0,4127,0,0,0,0,0,0,0,0,0,0,0,0,0,0,0,0,0,0,0,0,0,0,0,0,0,0,0,0,0,0,0,0,6,0,0,0,0,0,0,0,0,0,0,0,0,0,2,0,0,0,0,0,0,2,0,0,0,0,0,0,0,0,0,0,0,0,0,7220,0,0,0,0,0,0,0,0,0,0,0,0,0,0,0,0,0,0,0,0,0,0,46,0,0,133,0,0,0,0,0,0,2,0,0,0,0,0,0,0,75,0,0,0,0,0,0,0,0,0,0,0,0,0,0,0,0,0,0,172,0,0,0,0,0,0,0,0,0,0,0,0,0,0,0,0,0,0,0,0,0,0,0,0,0,0,0,0,0,0,0,0,0,0,0,0,0,0,0,0,0,0,0,0,0,529,0,0,0,0,10,0,0,0,0,0,0,0,0,0,0,1398,0,0,0,0,0,0,0,0,0,0,0,0,7,0,0,0,0,0,0,0,0,0,0,0,0,0,4801,0,0,0,0,0,0,0,0,0,0,0,0,0,0,0,0,0,0,0,0,0,0,0,0,0,0,2449,0,0,0,0,0,0,0,0,0,0,0,0,0,0,0,4,0,0,0,0,0,47,0,0,0,0,0,0,0,0,0,0,0,0,1060,0,0,0,0,0,0,0,0,0,0,0,0,0,0,0,0,0,0,120,0,0,0,0,2,0,0,0,0,0,0,0,0,0,0,0,0,0,0,0,0,0,0,0,0,0,0,2,0,2,0,0,0,0,0,0,0,0,0,0,0,0,0,0,0,0,0,0,0,0,0,0,0,0,0,0,0,40,0,0,0,0,0,0,0,0,0,0,0,3191,0,0,0,0,0,0,0,0,0,1372,0,0,0,698,0,0,0,0,0,0,2,0,0,0,2942,0,0,0,0,0,0,0,0,0,0,0,0,0,0,0,0,0,0,0,0,0,0,0,0,0,0,0,0,0,0,0,0,0,0,0,0,0,0,0,19,0,0,0,0,0,0,0,0,0,0,3,0,0,0,0,0,0,0,0,0,0,0,0,0,0,0,0,0,0,0,0,0,0,0,0,0,0,0,0,0,0,0,0,0,0,0,0,0,0,0,0,0,0,0,0,0,0,0,0,0,0,0,2572,0,0,0,0,0,0,0,0,0,0,0,0,0,0,0,0,0,0,0,0,0,39312,0,0
"D302",0,0,0,710,0,0,0,0,0,0,0,0,0,0,0,0,0,0,0,0,6,0,0,0,0,19,0,0,0,0,0,0,0,0,0,0,0,0,0,0,0,0,0,0,0,0,0,0,0,0,11,0,0,0,0,0,0,0,0,0,0,0,0,31,0,0,0,9,0,0,0,0,0,0,0,0,0,0,0,0,0,12,0,0,0,0,0,0,0,0,0,0,0,0,0,0,0,0,0,0,0,0,0,0,0,143,0,0,0,0,2710,0,0,0,0,0,0,35,0,0,0,0,0,0,0,0,0,0,0,0,0,55,0,0,0,0,458,0,0,0,0,0,0,0,0,0,0,0,0,0,26,0,0,0,0,18,0,0,0,0,0,0,0,0,0,0,0,0,0,0,0,0,0,0,0,0,0,0,0,0,0,0,0,0,0,0,0,0,0,0,0,0,0,0,0,0,0,0,0,0,0,0,0,5,0,0,0,0,0,0,0,0,0,0,0,0,0,0,0,0,0,0,0,0,0,0,0,0,0,0,0,0,0,0,0,0,2,0,0,0,0,30,0,0,0,33,0,0,0,0,0,0,0,0,0,0,0,0,4058,0,0,282,0,0,0,0,0,0,0,0,0,0,0,0,0,18,0,0,0,0,0,0,5,0,0,0,0,0,0,0,0,0,0,0,0,0,0,0,0,0,0,0,0,0,0,0,0,0,0,0,0,14,0,0,0,0,0,0,0,0,0,0,0,0,0,0,0,0,0,0,0,0,0,0,0,0,0,0,0,0,0,0,0,0,0,0,0,0,0,0,0,0,0,0,0,70,0,0,0,0,0,0,0,0,0,0,0,0,0,0,0,0,0,0,0,0,0,0,0,7,0,0,0,0,0,0,0,0,0,0,0,0,0,0,0,0,0,0,0,0,0,0,0,0,0,0,0,0,79,0,30,0,0,0,0,0,0,0,0,0,0,0,0,0,0,0,0,0,0,0,0,0,0,0,0,0,0,36,0,61,0,0,0,0,0,0,0,0,0,0,0,33,0,0,0,0,0,0,0,0,0,0,27,0,0,0,0,0,0,0,0,0,0,0,0,0,0,0,0,6403,11,0,0,0,0,0,0,26,0,0,0,0,0,0,7,2,0,0,0,0,0,12,0,0,0,0,0,0,0,0,0,0,0,0,0,0,0,0,0,0,5,0,0,0,0,55,1,0,0,0,0,0,0,0,7,0,4,0,0,0,7,0,0,0,0,0,0,0,0,0,0,0,0,0,0,0,0,0,0,0,47,0,0,0,0,0,0,0,92,1601,0,0,0,0,0,0,0,0,0,0,0,0,0,0,0,0,0,0,62,0,0,0,0,0,0,0,0,0,0,0,0,0,2
"D303",0,0,0,0,0,0,0,0,0,0,0,0,0,0,0,0,0,0,0,0,0,0,0,0,0,0,0,0,0,0,0,0,0,0,0,0,0,0,0,0,0,0,0,0,0,0,0,0,0,0,0,0,0,0,0,0,0,0,0,0,0,0,0,0,0,0,0,0,0,0,0,0,0,0,0,0,0,0,0,0,0,0,0,0,0,0,0,0,0,0,0,0,0,0,0,0,0,0,0,0,0,0,0,0,0,0,0,0,0,0,0,0,0,0,0,0,0,0,0,0,0,0,0,0,0,0,0,0,0,0,0,0,0,0,0,0,0,0,0,0,0,0,0,0,0,0,0,0,0,0,0,0,0,0,0,0,0,0,0,0,0,0,0,0,4,0,0,0,0,0,0,0,0,0,0,0,0,0,0,0,0,0,0,0,0,0,0,0,0,0,0,0,0,0,0,0,0,0,0,0,0,0,0,0,0,0,0,0,0,0,0,0,0,0,0,0,0,0,0,0,0,0,0,0,0,0,0,0,0,0,0,0,0,0,0,0,0,0,0,0,0,0,0,0,0,0,0,0,0,0,0,0,0,0,0,0,25,0,0,0,0,0,0,0,0,0,0,0,0,0,0,0,0,0,0,0,0,0,0,0,0,0,0,0,0,0,0,0,0,0,0,0,0,0,0,0,0,0,0,0,0,0,0,0,0,0,0,0,0,0,0,0,0,0,0,0,0,0,0,0,0,0,0,0,0,0,0,0,0,0,0,0,0,0,0,0,0,0,0,0,0,0,0,0,0,0,0,0,3,0,0,0,0,0,0,0,0,0,0,0,0,0,0,0,0,0,0,0,0,0,0,0,0,0,0,0,0,0,0,0,0,0,0,0,0,0,0,0,0,0,0,0,0,0,0,0,0,0,0,0,0,0,0,0,0,0,0,0,0,0,0,0,0,0,0,0,0,0,0,0,0,0,0,0,0,0,0,0,0,0,0,0,0,0,0,0,0,0,0,0,0,0,0,0,0,0,0,0,0,0,0,0,0,0,0,0,0,0,0,0,0,0,0,0,0,0,0,0,0,0,0,0,0,0,0,0,0,0,0,0,0,0,0,0,0,0,0,0,0,0,0,0,0,0,0,0,0,0,0,0,0,0,0,0,0,0,0,0,0,0,0,0,0,0,0,0,0,0,0,0,0,0,0,0,0,0,8,0,0,0,0,0,0,0,0,0,0,0,0,0,0,0,0,0,0,0,0,0,0,0,0,0,0,0,0,0,0,0,0,0,0,0,0,0,0,0,0,0,0,0,0,0,0,0,0,0,0,0,3,0,0,0,0,0,0,0,0,0,0,3,0,0,0,0,0,0,0,0,0,0,0,0,0
"D304",6,2,0,0,0,70,9,0,0,0,0,0,0,0,0,0,0,0,0,0,0,0,0,0,0,0,0,52,0,0,0,0,6,0,0,0,0,0,0,0,0,0,0,0,0,0,0,0,0,0,0,0,1,0,0,0,0,0,0,0,0,0,0,0,0,0,0,0,0,335,0,0,0,0,0,0,0,0,0,0,0,0,2,0,0,0,0,0,0,0,0,0,0,0,0,0,0,0,0,0,0,0,0,0,0,0,0,0,0,0,0,0,0,0,0,26,0,0,0,0,0,0,0,0,0,0,0,0,0,0,0,0,2,0,0,0,0,0,0,3,0,0,0,0,0,0,0,19,0,0,0,0,0,0,0,0,0,0,0,0,0,0,0,0,3,0,0,0,0,0,0,0,0,117,0,0,0,0,0,0,0,0,0,0,0,0,0,0,0,0,0,0,0,0,0,0,0,0,0,0,0,0,0,0,0,0,67,0,0,0,17,0,5,0,0,0,0,0,0,0,0,0,0,0,0,0,0,0,0,0,0,0,0,17,0,3,0,0,0,0,0,0,0,0,0,0,0,0,0,0,168,0,0,0,0,0,16,0,0,0,0,0,0,0,0,0,0,0,0,0,0,0,0,0,0,105,0,0,0,0,4,0,2,0,0,0,4,0,0,0,0,4,0,0,0,0,0,0,4,183,0,0,0,0,278,16,0,0,0,0,0,0,0,0,0,0,0,0,0,0,0,0,0,0,0,0,0,0,0,0,0,0,615,0,0,0,0,0,0,3,0,0,9,0,0,0,0,0,491,0,0,0,0,0,0,0,2,0,0,0,0,60,0,0,0,0,0,0,0,0,7,0,0,0,0,0,0,0,0,0,32,0,0,0,8,7,0,0,0,0,0,0,0,0,0,0,0,0,0,0,0,0,0,0,0,0,0,0,0,0,0,0,0,0,0,0,0,0,0,0,0,4,0,0,0,0,0,0,0,0,0,0,0,0,0,0,140,0,9,1,0,0,0,0,0,0,0,0,0,15,511,36,0,0,0,0,0,0,0,0,19,0,0,0,325,8,0,0,0,0,0,0,45,0,0,8,0,0,0,0,0,0,6,0,0,0,0,0,0,0,0,0,0,0,0,0,0,0,0,0,0,0,0,0,0,0,0,0,0,0,0,0,0,0,0,11,0,0,0,0,0,0,3,0,910,0,0,0,2,0,0,0,0,0,0,0,0,0,0,0,0,0,0,0,0,0,0,0,0,0,0,0,0,0,0,0,0,0,23,0,0,0,0,0,0,0,5,0,0,35,0,0,0,0,0,0,0,0,5,0,0,0,0,0,0,0,0,0,0,0,0,0,0,0,0,0,0,0,0,0,0,0,0
"D305",6,34,105,0,0,13,0,0,0,33,0,121,0,8,2,0,0,3,0,0,0,5,216,0,0,0,0,0,195,0,7,0,0,0,0,5,0,33,2,10,0,0,0,0,0,0,0,330,0,0,0,391,149,0,0,0,1514,91,0,0,0,0,21,0,0,0,17,218,0,0,165,0,0,0,0,0,0,589,0,0,0,0,0,25,0,0,195,0,0,0,0,0,0,0,9,0,0,33,0,4,89,0,0,0,48,0,0,95,116,0,0,0,0,0,12,122,107,0,12,208,5,0,1,0,22,1151,3,0,2,0,0,0,0,0,4,121,0,0,28,2,0,0,0,0,5,7,241,106,152,0,0,11,10,1943,37,0,0,0,0,0,10,0,9,4,0,34,0,38,0,9,0,44,0,43,4,53,0,0,27,0,18,3544,0,0,0,0,0,0,0,0,0,0,26,0,0,5,124,0,0,0,2,0,77,0,135,51,0,60,74,3,0,3,0,45,0,2,0,0,1,10,0,460,16,0,0,9,9,716,2,0,0,0,0,0,0,0,42,0,18,2,24,0,0,0,0,35,0,20,0,0,0,0,0,464,0,22,0,0,0,0,13,3663,0,76,0,0,0,0,135,4,0,0,0,179,0,11241,0,0,0,113,2129,0,0,0,101,20,0,0,0,0,10,1,0,66,0,11,50,3,88,204,16,0,7,23,89,0,0,0,3162,0,0,0,36,0,106,0,0,0,0,0,0,0,9,3,0,0,0,0,4,247,0,24,85,12,0,0,0,207,0,0,2,0,0,0,4,0,0,12,0,119,3,0,68,0,0,0,3,0,0,0,0,0,0,3,1,0,76,11,0,324,0,10,1,8,19,17,0,0,24,0,0,0,5,0,0,71,0,0,3,0,771,4,14,0,69,0,0,0,0,0,0,9,0,0,93,0,0,0,0,2,0,0,0,0,0,0,0,35,0,0,3,86,1,0,122,3,0,90,0,8,0,0,0,0,0,22,378,0,0,0,0,158,0,62,3,0,24,0,2,369,0,0,0,0,42,0,75,15,2,0,0,11,0,0,3046,7,5,101,0,2,170,6,79,1243,18,0,0,0,0,0,0,11,0,0,1,0,37,0,0,29,0,0,0,0,41,0,0,4,0,0,0,0,0,0,0,183,0,0,0,0,8,27,0,473,0,3,4,10,6,0,63,0,0,2,0,0,0,27,184,44,5,5,22,0,0,0,0,1059,0,32,0,10,0,0,4,1,39,0,28,0,0,3,19,11,0,1,0,2,0,1352,0,0,202,34,38,23,490,0,0,0,0,0,396,8,0,0,0,10,13,0,226,26,0,0,59,0,0,258,0,0,0,74,33,0,1177,0,0,0,0,0,652,97,0
"D306",0,0,0,0,0,0,0,0,0,0,0,0,0,0,0,0,0,0,0,0,0,0,0,0,0,0,0,0,0,0,0,0,0,0,0,0,0,0,0,0,0,0,0,0,0,0,0,0,0,0,0,0,0,0,0,0,0,0,0,0,0,0,0,0,0,0,0,0,0,0,0,0,0,0,0,0,0,0,0,0,0,0,0,0,0,0,0,0,0,0,0,0,0,0,0,0,0,0,0,0,0,0,0,0,0,0,0,0,0,0,0,0,0,0,0,0,0,0,0,0,0,0,0,0,0,0,0,0,0,0,0,0,0,0,0,0,0,0,0,0,0,0,0,0,0,0,0,0,0,0,0,0,0,0,0,0,0,0,0,0,0,0,0,0,0,0,0,0,0,0,0,0,0,0,0,0,0,0,0,0,0,0,0,0,0,0,0,0,0,0,0,0,0,0,0,0,0,0,0,0,0,0,0,0,0,0,0,0,0,0,0,0,0,0,0,0,0,0,0,0,0,0,0,0,0,0,0,0,0,0,0,0,0,0,0,0,0,0,0,0,0,0,0,0,0,0,0,0,0,0,0,0,0,0,0,0,0,0,0,0,0,0,0,0,0,0,0,0,0,0,0,0,0,0,0,0,0,0,0,0,0,0,0,0,0,0,0,0,0,0,0,0,0,0,0,0,0,0,0,0,0,0,0,0,0,0,0,0,0,0,0,0,0,0,0,0,0,0,0,0,0,0,0,0,0,0,0,0,0,0,0,0,0,0,0,0,0,0,0,0,0,0,0,0,0,0,0,0,0,0,0,0,0,0,0,0,0,0,0,0,0,0,0,0,0,0,0,0,0,0,0,0,0,0,0,0,0,0,0,0,0,0,0,0,0,0,0,0,0,0,0,0,0,0,0,0,0,0,0,0,0,0,0,0,0,0,0,0,0,0,0,0,0,0,0,0,0,0,0,0,0,0,0,0,0,0,0,0,0,0,0,0,0,0,0,0,0,0,0,0,0,0,0,0,0,0,0,0,0,0,0,0,0,0,0,0,0,0,0,0,0,0,0,0,0,0,0,0,0,0,0,0,0,0,0,0,0,0,0,0,0,0,0,0,0,0,0,0,0,0,0,0,0,0,0,0,0,0,0,0,0,0,0,0,0,0,0,0,0,0,0,0,0,0,0,0,0,0,0,0,0,0,0,0,0,0,0,0,0,0,0,0,0,0,0,0,0,0,0,0,0,0,0,0,0,0,0,0,0,0,0,0,0,0,0,0,0,0,0,0,0,0,0,0,0,0,0,0,0,0,0,0,0,0,0,0,0,0,0,0,0,0,0,0,0,0,0,0,0,0,0,0,0,0,0,0,0,0,0,0,0,0,0
"D307",0,0,0,0,0,0,0,0,0,0,0,0,0,0,0,0,0,0,0,0,0,0,0,0,0,0,0,0,0,0,0,0,0,0,0,0,0,0,0,0,0,0,0,0,0,0,0,0,0,0,0,0,2,0,0,0,0,0,0,0,0,0,0,0,0,0,2,0,0,0,0,0,0,0,0,0,0,0,0,0,0,0,0,0,0,0,0,0,0,0,0,0,0,0,0,0,0,0,2,0,0,0,0,0,0,0,0,0,0,0,0,0,0,0,0,0,0,0,0,0,0,0,0,0,0,0,0,0,0,0,0,0,0,0,0,0,0,0,0,0,0,0,0,0,0,0,0,0,0,0,0,0,0,0,0,0,0,0,0,0,0,0,0,0,0,0,0,0,0,0,0,0,0,0,0,0,0,0,0,0,0,0,0,0,0,0,0,0,0,0,0,0,0,0,0,0,0,0,0,0,0,0,0,0,0,0,0,0,0,0,0,0,0,0,2,0,0,0,0,0,0,0,0,2,0,0,0,0,0,2,0,0,0,0,0,0,0,0,0,0,0,0,0,0,0,0,0,0,0,0,0,0,0,0,0,0,3,0,0,0,0,0,0,0,0,0,0,0,0,0,0,0,0,0,0,0,0,0,0,0,0,0,0,0,0,0,0,0,0,0,0,0,0,0,0,0,0,0,0,3,0,0,0,0,2,0,0,0,0,0,0,0,0,0,0,0,0,0,0,0,0,0,0,0,0,0,0,0,0,0,0,0,0,0,0,0,0,0,0,0,0,0,0,0,0,0,0,0,17,0,0,0,0,0,0,0,0,0,0,0,0,0,0,0,0,0,0,0,0,0,0,0,0,0,0,0,0,0,0,0,0,0,0,0,0,0,0,0,0,0,0,0,0,0,0,0,0,0,0,0,0,0,0,0,0,0,0,0,0,0,0,0,0,0,0,0,0,0,0,0,0,0,0,0,0,0,0,0,0,0,0,0,0,0,0,0,0,0,0,0,0,0,0,0,0,0,0,0,0,0,0,0,0,0,0,0,0,0,0,0,0,0,0,0,0,0,0,0,0,0,0,0,0,0,0,0,0,0,0,0,0,0,0,0,0,0,0,0,0,0,0,0,0,0,0,0,0,0,0,0,0,0,0,0,0,0,0,175,0,0,0,0,0,0,0,0,0,0,0,0,0,0,0,0,4,0,0,0,0,0,0,0,0,0,0,0,0,0,0,0,0,0,0,0,0,0,0,0,0,0,0,0,0,0,0,0,0,0,0,0,0,1322,0,0,0,0,0,0,0,0,0,0,0,0,0,0,0,0,175,0,0,0,0,0,0,0,0,0,0,0,0,0,0,0,0,0,0,0,0,0,0,0,0
"D308",2,63,4,0,0,0,0,31,0,3,8,20,0,8,0,0,12,10,3,0,0,0,8,0,0,0,0,22,30,5,0,6,0,0,0,0,0,2,3,5,0,0,29,0,0,0,0,8,4,10,0,0,0,0,0,0,4,6,0,1,0,0,32,0,0,30,0,1,2,32,2,0,0,0,0,3,4,0,6,0,0,0,0,0,0,0,0,0,10,0,2,0,0,0,0,3,0,0,0,2,0,2,0,0,0,0,0,0,315,23,0,2,0,12,1,0,0,0,24,0,16,0,6,0,23,0,0,0,9,0,74,0,0,0,0,17,0,0,0,0,0,0,0,0,0,16,0,0,6,0,0,14,2,19,0,0,0,0,0,47,0,0,9,2,0,0,0,1,0,0,0,0,0,0,2,0,0,1,0,16,0,0,0,8,0,9,0,0,1,0,7,0,0,0,6,0,0,7,30,0,3,0,8,0,17,0,0,5,1,0,0,9,0,8,2,0,0,0,9,0,0,2,1,0,9,199,0,17,6,0,0,0,0,0,6,0,12,14,17,0,0,0,0,0,0,10,4,7,0,0,5,6,0,0,0,6,0,4,0,0,0,0,12,4,7,2,8,2,3,0,1,14,0,2,0,0,5,0,3,3,103,0,0,0,1,0,0,0,9,0,2,0,0,0,1,0,0,0,1,152,15,0,0,11,3,0,0,27,10,15,20,0,29,12,24,0,0,1,0,0,0,15,2,3,0,0,0,0,13,26,0,3,2,5,43,9,0,24,0,0,24,0,0,70,0,5,0,0,0,4,3,40,18,0,3,0,0,0,0,0,0,0,0,0,0,0,22,0,0,0,34,0,4,0,0,3,0,7,0,0,0,0,0,0,0,23,27,6,2,0,14,0,0,0,17,12,0,0,0,0,0,0,0,0,40,11,0,0,0,0,0,17,0,0,0,0,0,0,0,0,12,0,0,0,0,15,9,51,0,0,7,0,0,0,0,0,0,0,0,0,0,0,0,20,10,0,0,32,0,0,0,40,0,0,2,0,2,0,0,7,0,0,0,0,10,0,0,5,5,13,2,0,0,13,4,0,0,0,0,0,0,18,0,0,0,0,0,0,4,0,0,1,1,2,0,0,0,0,0,27,0,0,0,0,0,177,57,0,10,0,14,4,0,30,0,0,0,13,0,5,4,0,191,14,4,0,5,4,0,20,0,1,17,1,0,64,0,0,0,0,0,0,0,0,0,4,2,15,25,0,0,0,10,0,0,0,4,8,0,7,0,0,20,0,0,3,72,0,0,5,0,2,0,26,21,0,1,0,31,9,0,3,0,15,0,0,0,4,0,0,0,0,10,0,133,4,0,0,2,0,38,17,0
"D309",0,0,2,0,0,0,0,3,0,28,0,0,0,0,0,0,1,0,2,0,0,0,0,0,0,0,339,0,0,0,363,0,2,175,0,0,2,0,0,0,0,0,0,58,0,0,0,0,7,0,0,2,0,0,10,0,0,0,0,0,0,0,61,0,330,0,5,0,0,0,0,72,144,0,0,0,0,8,0,0,1222,0,0,0,0,523,0,115,0,36,0,0,2,12,24,0,5,1,51,0,9,0,373,0,1,0,0,0,0,0,0,0,0,0,0,0,0,0,40,0,0,3,0,0,0,0,0,922,3,0,0,0,0,0,0,0,0,399,0,0,4,0,0,0,0,0,0,1,3,0,0,0,0,0,1,0,3,0,0,0,0,0,0,0,0,0,0,0,1,0,32,0,0,0,0,0,5,0,0,0,0,0,0,0,1308,0,0,0,0,0,0,0,0,0,0,0,0,0,0,0,0,14,2,0,0,0,0,0,0,0,0,0,4,0,0,2,0,0,0,0,3,0,31,0,0,0,0,0,0,0,188,7,9,0,0,0,0,0,0,0,0,0,0,6,0,0,0,0,12,0,0,0,0,120,2,0,0,0,0,0,0,0,0,0,0,24,0,5,0,0,0,0,0,0,0,0,0,0,0,0,23,0,3,0,0,0,4,13,0,0,0,0,0,5,2,0,0,0,0,0,0,0,0,0,11,0,0,0,0,0,0,0,0,1,1,0,0,0,0,15,0,0,0,0,0,0,0,0,0,0,3,3,22,2,0,0,0,0,968,0,0,35,5,0,0,5,4,0,0,0,0,0,0,0,0,0,0,0,0,1,107,0,0,3,2,0,0,0,37,0,0,0,0,0,0,0,0,15,0,0,0,0,0,18,38,0,0,0,2,10,0,0,0,17,0,0,2,0,1184,0,27,0,11,3,0,0,153,0,0,0,0,0,0,0,0,405,0,0,8,0,0,0,0,2,0,0,0,0,0,0,1,3,765,1,349,0,6,0,0,0,0,6,1394,0,0,0,27,0,0,36,0,0,0,0,0,22,7,0,3,0,0,0,0,0,0,0,0,0,0,0,0,0,0,0,0,0,431,2991,2,0,0,0,0,0,0,20,2,0,0,0,0,0,0,0,0,0,0,0,78,0,73,0,0,0,158,3,0,0,0,0,0,0,0,0,430,0,0,0,0,0,0,0,0,0,0,0,0,0,1,4,0,0,0,1,0,0,0,0,0,0,0,0,37,0,0,0,0,0,37,1747,0,0,0,170,11,0,0,0,0,0,0,0,0,0,0,0,16,0,0,4,0,0,0,0,0,0,0,0,0,4,3,0,0,0,0,0,4,1,0,2623,35,175,0,0,2,0,0,3,0,0,0,0,0
"D310",0,0,0,0,0,0,0,0,5,0,0,0,0,0,0,0,0,0,0,0,0,0,0,0,0,0,0,0,0,0,0,0,0,0,0,0,0,0,0,0,0,0,0,0,0,0,0,0,0,0,0,0,0,0,0,0,0,0,0,0,0,0,0,0,0,0,0,482,0,0,0,0,0,0,0,0,0,0,0,0,0,0,0,0,0,0,0,0,0,0,0,0,0,0,0,0,0,0,0,0,0,0,0,0,0,0,0,0,0,0,0,0,0,0,0,0,0,0,0,0,0,0,0,0,0,0,0,0,0,0,0,0,0,0,0,0,0,0,0,0,0,0,0,0,0,0,0,0,0,2,0,0,0,0,0,0,0,0,0,0,0,0,0,0,0,0,0,0,0,0,0,0,0,0,0,0,0,0,0,0,0,0,0,2375,0,0,0,0,0,0,0,0,0,0,0,0,0,0,0,0,0,0,0,0,0,0,0,0,0,0,0,0,0,0,0,0,0,0,0,0,0,0,0,0,0,0,0,0,0,0,0,0,0,2175,0,0,0,0,0,0,0,0,0,0,0,0,0,0,0,0,0,0,0,0,0,0,0,0,4,0,0,3,0,0,0,0,0,0,0,0,0,0,0,0,0,0,0,0,0,0,0,0,0,0,0,0,0,0,0,0,0,0,0,0,0,0,0,0,0,0,0,0,0,0,0,0,0,0,0,0,0,0,0,0,0,0,0,0,0,0,0,0,0,0,0,0,0,0,0,0,0,0,0,0,0,0,0,0,0,0,0,0,0,0,0,0,0,0,0,0,0,0,0,0,0,0,0,0,0,0,0,3,0,0,0,0,0,0,0,0,2,0,0,0,0,0,0,0,0,0,7,0,0,0,0,0,0,0,0,0,0,0,0,0,0,0,0,0,0,0,0,0,0,0,0,0,0,0,0,0,0,0,0,0,0,0,0,0,0,0,0,0,0,0,0,0,0,0,0,0,0,0,0,0,0,0,0,3,0,0,0,0,0,0,0,0,0,0,0,0,0,0,0,0,0,0,0,0,0,0,0,0,0,0,0,0,0,0,0,0,0,0,0,0,0,0,0,0,0,0,0,0,0,0,0,0,0,28,0,0,0,0,0,0,0,0,0,0,0,0,0,0,0,0,0,0,0,39,0,0,0,0,0,0,0,0,0,0,0,0,0,0,0,0,0,0,0,0,0,0,0,0,0,0,0,0,0,0,0,0,0,0,0,0,0,0,0,0,0,0,0,0,0,0,0,0,0,0,0,0,0,1626,0,0,0,0,0,0,0,0,0,0,0,0,0,0,0,0,22,0,0,0,0,0,0,0,0,0,0,0,0,0,0,0,0,0,0,0,0,0,0,0,0
"D311",0,0,0,0,0,0,0,0,0,0,0,0,0,0,0,0,0,0,0,0,0,0,0,0,0,0,0,0,0,0,0,0,0,0,0,0,0,0,0,0,0,3,0,0,0,0,0,0,0,0,0,0,0,0,0,0,0,0,0,0,0,0,0,0,0,0,0,0,0,0,0,0,0,0,0,0,0,0,0,0,0,0,0,0,0,0,0,0,0,0,0,0,0,0,0,0,0,0,0,0,0,0,0,0,0,0,0,0,0,0,0,0,0,0,0,0,0,8,0,0,0,0,0,0,0,0,0,0,0,0,0,0,0,0,0,0,0,0,0,0,0,0,0,0,0,0,0,0,0,0,0,0,0,0,0,0,0,0,0,0,0,0,0,0,0,0,0,0,0,0,0,0,0,0,0,0,0,0,0,0,0,0,0,0,0,0,0,0,0,0,0,0,0,0,0,0,0,0,0,0,0,0,0,0,0,0,0,0,0,0,0,0,0,0,0,0,13,0,0,0,0,0,0,0,0,0,0,0,0,0,0,0,0,0,0,0,0,0,0,0,0,0,101,0,0,0,0,0,0,0,0,0,0,0,0,0,0,0,1,0,0,0,0,0,0,0,0,0,0,0,0,0,0,0,0,0,0,0,0,0,0,0,0,0,0,0,0,0,0,0,0,0,0,0,0,0,0,0,0,0,0,0,0,0,0,0,0,0,0,0,0,0,0,0,0,0,0,0,0,0,0,0,0,0,0,0,0,0,0,0,0,0,0,0,0,0,0,0,0,0,0,0,0,0,0,0,0,0,0,0,0,0,0,0,0,0,0,0,0,0,0,0,0,0,0,0,0,0,0,0,0,0,0,0,0,0,0,0,0,0,0,0,0,0,0,0,0,0,0,0,0,0,0,0,0,0,0,0,0,0,0,0,0,0,0,0,0,0,0,0,0,0,0,0,0,0,0,0,0,0,0,0,0,0,0,0,0,0,0,0,0,0,0,0,0,0,0,6412,0,0,0,0,0,0,0,0,0,0,0,0,0,0,0,0,0,0,0,0,0,0,0,0,0,0,0,0,0,0,0,0,0,0,0,0,0,0,0,0,0,0,0,0,0,0,0,0,0,119,0,0,0,0,0,0,0,0,0,0,0,0,0,0,0,0,0,0,0,92,0,0,0,0,0,0,0,0,0,0,0,0,0,0,0,0,1256,0,0,0,0,0,0,0,0,0,0,0,0,0,0,0,0,0,0,0,0,0,0,0,0,0,0,0,0,0,0,0,0,0,0,0,0,0,0,0,0,0,0,0,0,0,0,0,0,0,0,0,0,0,0,0,0,0,0,0,0,0,0,0,0,0,0,0,0,0,0,0,0,0,0,0,0,0,0
"D312",0,0,0,5,0,0,3,0,0,0,0,0,0,0,0,0,0,0,0,0,3,0,0,0,0,0,0,0,0,0,0,0,0,0,0,0,0,0,0,0,0,0,0,0,0,0,0,0,0,0,2,0,0,0,0,0,0,0,0,0,0,0,0,0,0,0,0,0,0,0,0,0,0,0,0,0,0,0,0,0,0,0,0,0,0,0,0,0,0,0,0,0,0,0,0,0,0,0,0,0,0,0,0,0,0,0,0,0,0,0,33,0,0,0,0,0,0,0,0,0,0,0,0,0,0,0,0,0,0,0,0,3,0,0,0,0,3,0,0,0,0,0,0,0,0,0,0,0,0,1,0,0,0,0,0,0,0,0,0,0,0,0,0,0,0,0,10,0,0,0,0,0,0,0,0,0,0,0,0,0,0,0,0,0,0,0,0,11,0,0,0,0,0,0,0,0,0,0,0,0,0,0,0,0,0,0,0,0,0,0,0,0,0,0,0,0,3,0,0,0,0,0,0,0,0,0,0,0,0,0,0,0,0,0,0,0,0,0,0,0,0,10,0,0,0,0,0,0,0,0,0,0,0,0,0,0,0,0,7,0,0,27,0,0,0,0,0,0,0,0,0,0,0,0,0,0,0,0,0,0,2,0,0,0,0,0,2,0,0,0,0,0,0,0,0,0,0,0,0,5,0,0,0,0,0,0,0,0,0,0,0,0,0,0,0,2,0,0,0,0,0,0,0,0,0,0,0,0,0,0,0,0,0,0,0,0,0,0,0,1,0,0,7,0,0,0,0,0,0,0,0,0,0,0,0,2,0,0,0,0,0,0,0,0,0,0,0,0,0,0,0,0,0,0,0,0,0,0,0,5,0,0,0,0,0,0,0,0,0,0,0,0,0,0,0,0,0,0,0,0,0,0,0,0,0,0,0,0,0,0,2,0,0,0,0,0,0,0,0,0,0,0,0,0,0,0,0,0,0,0,0,0,0,0,0,0,0,0,0,0,0,0,0,0,0,0,0,0,0,0,4,0,0,0,0,0,0,0,0,0,0,0,0,0,0,0,0,0,0,0,0,0,0,0,0,0,0,0,0,0,0,0,0,0,0,0,0,0,0,0,0,0,0,0,0,0,0,0,0,0,0,0,0,0,0,0,0,0,0,0,0,0,0,0,0,0,0,0,0,0,0,0,0,0,2176,0,0,0,0,0,0,0,0,0,0,0,0,0,0,0,0,0,0,0,0,0,0,0,0,0,0,0,0,0,0,0,0,0,0,0,0,0,0,0,0,0,0,0,0,0,0,0,0,0,0,0,0,0,1,0,0,0,0,0,0,0,0,0,3,0,0,0,0,0,0,0,0,0,0,0,0,0,0
"D313",0,0,0,0,0,0,0,0,0,0,0,0,0,0,0,0,0,0,0,0,0,0,0,0,0,0,0,0,0,0,0,0,0,121,0,0,0,0,0,0,0,0,0,0,0,335,0,0,0,0,0,0,0,0,0,0,0,0,12,0,0,10426,0,0,0,0,0,42,0,1,0,0,0,0,0,0,0,0,0,0,0,0,128,0,0,0,0,0,0,0,0,0,0,0,0,0,0,0,0,0,0,0,0,0,0,0,0,0,0,0,76,0,0,0,0,9,0,0,0,0,0,0,0,0,0,0,0,0,0,0,0,0,0,0,0,0,0,0,0,0,0,0,0,0,0,0,0,0,0,0,0,0,0,0,0,0,0,0,0,0,0,0,0,0,0,0,0,0,0,0,0,0,0,776,0,0,0,0,0,31,0,0,0,93,0,0,0,3,0,0,0,0,0,0,0,0,0,0,0,0,0,0,0,0,0,0,150,0,0,0,0,0,0,0,0,0,0,0,0,0,0,0,0,0,0,0,0,0,0,0,0,0,0,0,0,0,0,0,0,0,0,0,0,0,0,0,0,0,0,47,0,0,0,0,0,0,0,0,0,0,0,0,0,0,0,0,0,0,0,0,0,0,556,0,0,0,0,0,0,0,0,0,0,0,0,0,0,0,0,0,0,0,0,0,0,0,0,0,0,0,0,0,0,0,0,0,0,0,0,0,0,0,0,0,0,0,0,0,0,0,0,0,0,0,0,0,528,0,0,0,0,0,4514,0,0,0,0,0,0,0,0,0,0,0,0,0,7,0,0,0,0,0,0,0,0,0,0,0,0,0,0,1104,0,0,0,0,0,0,0,0,0,0,0,0,0,0,0,0,0,0,0,0,0,0,0,0,0,0,0,0,0,0,0,0,0,0,0,0,0,0,0,0,0,0,0,0,0,0,0,0,0,0,0,0,0,0,0,0,0,0,0,0,0,0,0,0,0,0,0,0,0,0,0,0,0,0,0,0,0,0,0,0,0,0,0,0,0,0,0,0,2242,0,0,0,0,0,0,0,0,0,0,0,0,0,0,0,0,0,0,0,0,3,0,0,0,407,0,0,0,0,0,0,0,0,0,0,0,0,0,0,0,0,0,0,0,6269,399,0,0,0,0,0,0,0,0,0,0,0,0,2314,0,0,0,0,0,0,0,0,0,0,0,0,0,0,0,37,0,0,0,0,0,0,0,0,0,0,0,0,0,0,0,0,0,0,0,0,0,0,0,0,0,0,0,0,0,0,0,0,0,0,0,0,0,0,0,0,0,596,0,0,0,0,0,0,0,0,0,0,1031,0,0,0,0,0,0,0,0,0,0,0,0,0,0,0,0,0,0,0,0,0,37166,0,0
"D314",4,24,0,0,2,9,0,0,0,6,29,117,4,9,4,3,12,5,0,2,0,5,189,20,26,0,0,0,157,2,197,0,4,0,14,2,0,0,5,177,0,0,209,0,48,0,3,37,19,20,0,4,16,0,3,2,13,3,2,73,125,13,25,0,0,42,6,0,2,0,6,0,0,0,3,43,0,15,7,0,0,0,0,7,34,0,0,0,84,0,0,7,0,2,5,15,0,4,0,5,26,0,0,0,37,0,0,0,144,6,0,0,0,15,50,0,17,0,4,26,36,8,32,0,108,106,0,0,0,0,377,0,5,0,5,110,0,0,0,3,0,0,0,0,2,15,24,0,60,1,0,12,53,16,12,0,0,45,72,82,5,0,59,3,0,5,0,4,25,30,0,0,0,10,23,19,0,4,6,17,0,16,32,0,0,33,0,0,2,13,5,4,4,0,3,2,37,2,14,37,0,0,28,0,50,462,0,10,5,10,0,0,0,0,0,0,0,0,6,11,5,16,1,0,0,5827,0,225,5,0,0,13,2,0,7,16,9,550,16,4,0,0,0,0,3,0,2,170,0,0,34,2,0,7,0,5,0,84,0,0,24,0,11,70,0,0,63,1,11,0,13,7,0,8,29,1,23,67,0,26,278,0,0,0,6,0,0,0,0,1,9,0,0,45,469,0,14,34,0,10,32,2,52,41,55,0,0,42,89,8,4,0,43,28,3,0,0,50,0,0,121,12,14,53,12,1,0,7,9,94,4,129,52,37,16,96,92,173,0,29,9,0,0,382,0,63,0,16,0,47,64,153,49,0,0,0,4,19,0,23,0,0,3,89,15,0,11,5,0,0,2,93,2,0,438,3,21,5,59,0,0,282,3,0,0,0,508,0,7,0,167,0,35,0,10,58,0,5,0,0,0,1,0,0,60,9,0,73,0,11,0,318,13,9,0,0,0,10,0,1,8,0,11,15,0,16,0,57,0,0,7,0,0,0,0,2,3,0,0,0,0,17,0,51,185,2,0,69,2,51,12,0,0,933,10,0,0,1,3,71,0,58,0,18,13,0,12,5,0,42,1,0,2,21,82,0,0,0,0,0,0,70,0,29,66,2,12,0,13,69,0,0,4,0,0,3,0,3,0,89,0,0,0,7,0,707,351,0,7,0,2,17,0,23,0,0,2,7,19,27,7,0,109,33,0,0,0,5,119,56,11,177,21,8,0,35,0,19,0,9,0,7,0,5,0,17,2,0,51,0,36,0,26,0,0,3,97,17,0,154,0,0,33,6,14,22,68,0,2,2,8,0,6,36,37,0,21,0,52,7,5,0,0,2,20,0,0,57,0,0,14,0,2,20,335,12,0,0,4,0,37,5,0
"D315",0,0,0,0,0,0,0,0,0,0,0,0,0,0,0,6,2,0,0,1,0,0,0,2,0,0,34,0,0,0,0,0,27,743,0,0,0,0,0,0,0,0,0,11,0,0,0,0,0,0,0,9,0,0,0,0,0,0,0,0,0,0,26,0,755,0,6,0,0,0,0,0,265,0,0,0,0,1,0,0,2734,0,0,0,0,204,0,62,0,60,0,0,0,5,0,0,13,0,0,0,0,0,133,0,0,0,0,0,0,0,0,0,0,0,0,0,0,0,20,0,0,0,0,0,0,0,0,1263,0,0,0,0,0,0,0,0,0,61,3,0,0,0,0,0,0,0,0,0,0,0,0,0,0,0,0,11,7,0,0,0,0,0,0,0,0,3,0,0,0,0,209,0,0,0,7,0,0,0,0,0,0,0,0,0,0,0,0,0,0,0,0,0,0,0,0,0,9,0,0,0,0,28,0,0,0,0,0,13,0,2,0,0,0,0,0,0,0,0,0,0,116,0,0,0,0,0,0,0,0,0,1241,0,23,0,0,0,0,0,0,0,0,0,0,31,29,0,0,0,10,0,0,0,0,112,0,0,0,0,0,0,0,6,0,0,0,9,0,0,0,0,0,0,0,0,0,0,0,0,0,0,0,0,0,0,0,0,0,7,7,0,0,0,0,0,0,0,0,0,0,40,0,0,0,0,0,0,0,0,0,0,0,0,0,0,0,0,0,0,0,0,0,0,0,0,0,0,0,0,0,0,0,2,0,0,0,0,0,0,258,0,0,220,11,0,0,0,4,0,0,0,0,0,0,0,0,0,0,0,0,0,474,0,1,16,0,0,0,0,35,0,0,0,0,5,4,0,0,0,0,0,0,0,0,3,507,0,0,0,0,0,0,0,0,13,0,0,0,2,483,27,0,0,2,14,0,0,0,0,0,0,0,0,0,0,0,201,0,0,0,0,0,0,0,0,7,0,0,0,0,0,0,0,160,0,138,0,23,0,0,0,0,0,153,0,0,0,19,0,0,317,0,0,0,0,0,204,19,0,0,0,0,16,0,0,0,0,0,0,0,0,0,0,0,0,0,0,533,648,0,0,0,0,0,0,0,21,0,0,0,0,0,0,0,0,0,0,0,0,1146,0,28,0,0,0,39,0,0,0,0,0,0,0,0,0,6,0,0,6,4,0,0,1,0,0,0,0,0,0,0,9,0,0,0,0,0,0,0,0,0,0,0,0,2043,0,0,0,0,0,0,150,0,0,0,3110,0,0,0,0,0,0,0,0,3,0,0,0,0,0,0,39,0,0,0,0,0,0,0,0,0,0,8,0,0,0,0,0,0,0,0,924,0,42,0,0,0,0,0,0,0,0,0,0,0
"D316",0,0,0,0,0,0,0,0,0,0,0,0,0,2,0,0,0,0,0,0,0,0,0,0,0,0,0,0,0,0,0,0,0,0,0,0,0,0,0,0,0,0,0,0,0,0,0,0,0,0,0,0,0,0,0,0,0,0,0,0,31,0,0,0,0,0,0,0,0,0,0,0,0,0,0,0,0,0,0,0,0,0,0,0,0,0,0,0,0,0,0,0,0,0,0,0,0,0,0,0,0,0,3,0,0,0,0,0,0,0,0,0,0,0,0,0,0,0,69,0,0,0,0,0,0,0,0,0,0,0,0,0,0,0,0,0,0,0,0,0,0,0,0,0,0,0,0,0,0,0,0,0,0,0,0,0,0,0,1,0,0,0,0,0,0,0,0,0,0,0,0,0,0,0,0,0,0,0,0,0,0,0,0,0,0,0,0,0,0,0,0,0,0,0,0,0,2,0,0,0,0,0,0,0,0,0,0,0,0,0,0,0,0,0,0,0,0,0,0,0,0,0,0,0,0,0,0,0,0,0,0,0,0,0,0,0,0,0,0,0,0,0,0,0,0,0,0,0,0,0,0,0,0,0,0,0,0,0,0,0,0,0,0,0,1,0,0,0,0,0,0,0,0,0,0,0,0,0,0,0,0,0,0,0,0,0,0,5,0,0,0,0,0,0,0,0,0,0,0,0,0,0,0,0,0,0,0,0,5,0,0,0,0,0,0,0,0,0,0,0,0,0,0,0,0,0,0,0,0,9,0,0,0,0,0,0,0,0,0,0,0,0,0,0,0,0,0,0,0,0,0,0,0,0,0,0,0,2,0,0,0,0,0,0,0,0,0,0,0,0,0,0,0,0,0,8,0,0,2,0,0,0,0,0,0,0,8,0,0,0,0,0,0,0,0,0,0,0,0,0,0,0,0,0,0,0,0,0,14,0,0,0,0,0,0,0,0,0,0,0,0,0,0,0,0,0,2,0,0,0,0,0,0,0,0,0,0,0,0,0,0,0,0,0,0,0,0,0,0,0,0,0,0,0,0,0,0,0,0,0,0,0,0,0,0,0,0,0,0,0,0,0,0,0,0,0,0,0,0,0,0,0,0,0,0,2,0,0,0,0,0,0,0,0,2,0,0,0,0,0,0,0,0,0,0,0,0,0,0,0,0,4,0,0,0,0,0,0,0,0,0,0,0,0,0,0,0,2,0,0,0,0,0,0,0,0,0,0,0,0,0,0,0,0,0,0,14,0,0,0,0,0,0,0,0,0,0,0,0,0,0,0,0,0,0,0,0,0,0,0,0,0,0,0,0,0,0,0,15,0,0,0,0,0,0,0,0,0,0,0,0,0,0,0,0,0,0,0,0,0,0,0,0
"D317",0,0,0,0,0,0,0,0,0,0,0,0,0,0,0,0,0,0,0,0,0,0,0,0,0,0,0,0,0,0,0,0,0,0,0,0,0,0,0,0,0,0,0,0,0,0,0,0,0,0,0,0,0,0,0,0,0,0,0,0,0,0,0,0,0,0,0,0,0,0,0,0,0,0,0,0,0,0,0,0,0,0,0,0,0,0,0,0,0,0,0,0,0,0,0,0,0,0,0,0,0,0,0,0,0,0,0,0,0,0,0,0,0,0,0,0,0,0,0,0,0,0,0,0,0,0,0,0,0,0,0,0,0,0,0,0,0,0,0,0,0,0,0,0,0,0,0,0,0,0,0,0,0,0,0,0,0,0,0,0,0,0,0,0,0,0,0,0,0,0,0,0,0,0,0,0,0,0,0,0,0,0,0,0,0,0,0,0,0,0,0,0,0,0,0,0,0,0,0,0,0,0,0,0,0,0,0,0,0,0,0,0,0,0,0,0,0,0,0,0,0,0,0,0,0,0,0,0,0,0,0,0,0,2,0,0,0,0,0,0,0,0,0,0,0,0,0,0,0,0,0,0,0,0,0,0,0,0,0,0,0,0,0,0,0,0,0,0,0,0,0,0,0,0,0,0,0,0,0,0,0,0,0,0,0,0,0,0,0,0,0,0,0,0,0,0,0,0,0,0,0,0,0,0,0,0,0,0,0,0,0,0,0,0,0,0,0,0,0,0,0,0,0,0,0,0,0,0,0,0,0,0,0,0,0,0,0,0,0,2,0,0,0,0,0,0,0,0,0,0,0,0,0,0,0,0,0,0,0,0,0,0,0,0,0,0,0,0,0,0,0,0,0,0,0,0,0,0,0,0,0,0,0,0,0,0,0,0,0,0,0,0,0,0,0,0,0,0,0,0,0,0,0,0,0,0,0,0,0,0,0,0,0,0,0,0,0,0,0,0,0,0,0,0,0,0,0,0,0,0,0,0,0,0,0,0,0,0,0,0,0,0,0,0,0,0,0,0,0,0,0,0,0,0,0,0,0,0,0,0,0,0,0,0,0,0,0,0,0,0,0,0,0,0,0,0,0,0,0,0,0,0,0,0,0,0,0,0,0,0,0,0,0,0,0,0,0,0,0,0,0,0,0,0,0,0,0,0,0,0,0,0,0,0,0,0,0,0,0,0,0,0,0,0,0,0,0,0,0,0,0,0,0,0,0,0,0,0,0,0,0,0,0,0,0,0,0,0,0,0,0,0,0,0,0,0,0,0,0,0,0,0,0,0,0,0,0,0,0,0,0,0,0,0,0,0,0,0,0,0,0,0,0,0,0,0,0,0,0,0,0,0,0,0,0,0,0,0,0,0,0,0,0
"D318",0,0,0,0,0,0,0,0,0,0,0,0,0,0,0,0,0,0,0,0,0,0,0,0,0,0,0,0,0,0,0,0,0,0,0,0,0,0,0,0,0,0,0,0,0,0,0,0,0,0,0,0,0,0,0,0,0,0,0,0,0,0,0,0,0,0,0,0,0,0,0,0,0,0,0,0,0,0,0,0,0,0,0,0,0,0,0,0,0,0,0,0,0,0,0,0,0,0,0,0,0,0,0,0,0,6,0,0,0,0,31,0,0,0,0,0,0,0,0,0,0,0,0,0,0,0,0,0,0,0,0,0,0,0,0,0,0,0,0,0,0,0,0,0,0,0,0,0,0,0,0,0,0,0,0,0,0,0,0,0,0,0,0,0,0,0,0,0,0,0,0,0,0,0,0,0,0,0,0,0,0,0,0,0,0,0,0,0,0,0,0,0,0,0,0,0,0,0,0,0,0,0,0,0,0,0,0,0,0,0,0,0,0,0,0,0,0,0,0,0,0,0,0,0,0,0,0,0,0,0,0,0,0,0,0,0,0,0,0,0,0,0,0,0,0,0,0,0,0,0,0,0,0,0,0,0,0,0,17,0,0,0,0,0,0,0,0,0,0,0,0,0,0,0,0,0,0,0,0,0,0,0,0,0,0,0,0,0,0,0,0,0,0,0,0,0,0,0,0,0,0,0,0,0,0,0,0,0,0,0,0,0,0,0,0,0,0,0,0,0,0,0,0,0,0,0,0,0,0,0,0,0,0,0,0,0,0,0,0,0,0,0,0,0,0,0,0,0,0,0,0,0,0,0,0,0,0,0,0,0,0,0,0,0,0,0,0,0,0,0,0,0,0,0,0,0,0,0,0,0,0,0,0,0,0,0,0,0,0,0,0,0,0,0,0,0,0,0,0,0,0,0,0,0,0,0,0,0,0,0,0,0,0,0,0,0,0,0,0,0,0,0,0,0,0,0,0,0,0,0,0,0,0,0,0,0,0,0,0,0,0,0,0,0,0,0,0,0,0,0,0,0,0,0,0,0,0,0,0,0,0,0,0,0,0,0,0,0,0,0,0,0,0,0,0,0,0,0,0,0,0,0,0,0,0,0,0,0,0,0,0,0,0,0,0,0,0,0,0,0,0,0,0,0,0,0,0,0,0,0,0,0,0,0,0,0,0,0,0,0,0,0,0,0,0,0,0,0,0,0,0,0,0,0,0,0,0,0,0,0,0,0,0,0,0,0,0,0,0,0,0,0,0,0,0,0,0,0,0,0,0,0,0,0,0,0,0,0,0,0,0,0,0,0,0,0,0,0,0,0,0,0,0,0,0,0,0,0,0,0,0,0,0,0,0,0,0,0,0,0,0,0,0
"D319",0,0,0,0,0,0,964,0,0,0,0,0,0,0,0,0,0,0,0,0,0,0,0,0,11,0,0,0,0,0,0,0,0,8,0,0,0,0,0,0,0,0,0,187,0,207,0,0,0,0,0,11,0,0,54,0,0,0,0,0,0,0,0,0,0,0,0,0,0,0,0,0,0,0,0,11,0,0,0,0,0,9978,0,0,0,0,3459,0,0,0,0,0,0,0,0,0,0,0,0,0,0,0,0,0,0,0,0,0,0,0,16,0,0,0,0,0,0,0,0,0,0,0,0,0,0,0,0,2,0,0,0,0,0,0,0,0,0,0,0,0,0,0,0,0,0,0,0,0,0,0,0,0,0,0,0,0,0,0,0,0,0,0,0,0,2,0,0,0,0,0,0,0,0,0,0,0,0,0,0,0,0,0,232,0,0,0,0,0,0,0,0,0,0,0,0,0,0,0,0,0,0,0,0,0,0,0,0,0,0,0,0,0,0,0,0,0,0,0,3,0,0,0,0,0,0,0,0,0,0,0,0,0,0,37,0,0,0,0,0,0,0,4,0,0,0,0,0,0,0,0,0,0,0,1379,0,0,0,0,0,0,0,0,0,0,0,0,0,0,0,0,0,0,0,0,0,0,0,0,0,0,0,0,0,0,0,0,0,0,0,561,0,0,0,0,0,0,0,0,0,0,0,34,0,0,0,0,0,0,0,0,0,0,0,0,0,0,0,0,0,0,0,0,0,0,0,0,0,0,0,0,0,0,0,0,0,0,0,0,0,0,0,348,0,0,0,0,0,0,0,0,0,0,0,0,0,0,0,0,0,0,0,0,0,0,0,0,0,0,0,0,0,0,0,0,0,0,0,0,0,0,64,0,0,0,0,0,0,0,0,0,0,0,0,0,0,0,0,0,0,0,0,0,0,0,0,0,0,0,6,0,0,0,0,0,0,0,0,0,0,0,0,11,0,0,0,0,0,0,9,0,0,25,0,0,0,0,0,0,0,0,0,0,0,0,0,0,0,0,0,13,0,0,0,0,0,0,0,0,0,0,0,0,0,0,18,0,0,0,0,0,0,0,0,0,0,0,0,0,0,0,0,0,0,0,0,0,0,0,0,0,2263,0,0,0,0,0,150,0,0,0,0,0,0,0,0,0,0,0,0,0,0,0,0,0,0,0,0,0,0,0,0,0,66,0,0,0,0,0,0,0,0,0,0,0,0,0,0,0,0,0,0,0,0,0,0,0,0,0,0,0,0,79,0,0,0,0,0,0,0,0,0,0,0,0,0,0,0,0,0,0,0,0,0,0,0,0,0,0,11,0,0,0,0,0,0,0,0,0,0,0,0,0,0,0,0,0,0,0,0,0,0,0,0
"D320",0,0,0,0,0,0,13,0,0,0,0,0,0,0,0,0,0,0,0,0,0,0,0,0,0,6,0,0,0,0,0,0,0,0,0,0,0,0,0,0,0,0,0,0,0,0,0,0,0,0,0,0,0,0,0,0,0,0,0,0,0,0,0,0,0,0,0,29,0,0,0,0,0,0,0,0,0,0,0,0,0,0,0,0,0,0,0,0,0,0,0,0,0,0,0,0,0,0,0,0,0,0,0,0,0,0,0,0,0,0,0,0,0,0,0,0,0,0,0,0,0,0,0,0,0,0,0,0,0,0,0,0,0,0,0,0,0,0,0,0,0,0,0,0,0,0,0,0,0,0,0,0,0,0,0,0,0,0,0,0,0,0,0,0,0,0,0,0,0,0,0,0,0,0,0,0,0,0,0,0,0,0,0,0,0,0,0,0,0,0,0,0,0,0,0,0,0,0,0,0,0,0,0,0,0,0,0,0,0,0,0,0,0,0,0,0,0,0,0,0,0,0,0,0,0,0,0,0,0,0,0,0,0,0,0,0,0,0,0,0,0,0,0,0,0,0,0,0,0,0,0,0,0,0,0,0,2,0,0,0,0,0,0,0,0,0,0,0,0,0,0,0,0,0,0,0,0,0,0,0,0,0,0,0,0,0,0,0,0,0,0,0,0,0,0,0,0,0,0,0,0,0,0,0,0,0,0,0,0,0,0,0,0,0,0,0,0,0,0,0,0,0,0,0,0,0,0,0,0,0,0,0,0,0,0,0,0,0,0,0,0,0,0,0,0,0,0,0,2958,0,0,0,0,0,0,0,0,0,0,0,0,0,0,0,0,0,0,0,0,0,0,0,0,0,0,0,0,0,0,0,0,0,0,0,0,0,0,0,0,0,0,0,0,0,0,0,0,0,0,0,0,0,0,0,0,0,0,0,0,0,0,0,0,0,0,0,0,0,0,0,0,0,0,0,0,0,0,0,0,0,0,0,0,0,0,0,0,0,0,0,0,0,0,0,0,0,0,0,0,0,0,0,0,0,0,0,0,0,0,0,0,0,0,0,0,0,0,0,0,0,0,0,0,0,0,0,0,0,0,0,0,0,0,0,0,0,0,0,0,0,0,0,0,0,0,0,0,0,0,0,0,0,0,0,0,0,0,358,0,0,0,0,0,0,0,0,0,0,0,0,0,0,0,0,0,0,0,0,0,0,0,0,0,0,0,0,0,0,0,0,0,0,0,0,0,0,0,0,0,0,0,0,0,0,0,0,0,0,0,0,0,2456,0,0,0,0,0,0,0,0,0,0,0,0,0,0,0,0,0,0,0,0,0,0,0,0,0,0,0,0,0,0,0,0,0,0,0,0,0,0,0,0,0
"D321",0,0,25,0,0,0,0,3,0,0,0,8,0,0,0,3,0,0,33,0,3,0,0,0,45,0,7,0,0,0,0,0,0,0,0,4,0,0,0,0,13,3,0,42,0,0,0,5,0,0,0,2,0,0,0,0,0,0,5,0,0,0,14,0,0,0,0,0,0,0,96,8,21,0,5,0,0,8,0,0,1,0,0,0,0,14,0,0,0,53,0,0,0,0,0,0,25,155,0,0,0,0,26,0,7,0,0,0,4,0,21,0,0,0,0,0,0,4,36,0,0,0,0,0,0,0,0,268,0,0,0,0,0,0,0,5,0,35,2,0,0,0,0,0,0,0,0,0,0,0,0,0,0,5,0,0,7,3,0,0,0,0,0,0,0,14,0,0,0,0,214,35,92,122,0,6,0,0,0,0,0,0,175,0,45,0,0,0,0,0,0,0,16,0,0,0,13,0,0,2,0,43,25,0,0,0,0,0,0,0,0,0,0,0,0,0,0,0,0,0,6,0,0,0,0,0,0,0,0,0,1904,2,97,0,0,0,0,0,0,0,0,0,0,0,130,0,0,0,0,0,0,0,0,2,0,0,0,0,0,0,0,0,0,0,0,0,0,0,0,0,0,0,0,13,0,0,0,0,0,0,0,0,0,0,0,0,17,14,0,34,0,0,0,0,0,0,0,0,0,0,0,0,0,0,0,0,5,0,0,0,0,0,0,0,0,0,0,0,0,0,0,0,0,0,24,0,0,0,0,0,16,0,0,0,0,0,0,0,2,0,0,0,0,0,0,0,0,0,0,0,0,0,0,0,0,0,0,5,0,0,0,0,3,6,2,0,0,0,9,0,0,0,0,0,0,0,0,0,0,0,0,0,0,0,7,0,0,0,6,16,0,0,0,10,0,0,0,0,10,0,0,0,0,0,14,0,4,13,0,0,0,0,0,0,0,8,0,1,0,0,6,0,0,4,23,0,0,0,25,0,0,668,11,8,1,0,0,0,0,0,0,0,23,0,12,0,4,0,0,11,0,0,0,0,0,0,0,0,0,0,0,0,0,0,0,0,0,3,0,0,3,0,0,21,0,0,35,17,0,0,0,0,0,0,0,0,0,0,0,0,0,0,0,0,0,0,0,0,4,0,0,0,0,0,0,0,0,0,0,0,0,0,0,18,163,0,0,0,0,0,0,0,0,0,8,0,0,0,13,0,0,0,0,0,0,0,0,0,0,0,0,0,99,0,0,0,4,0,0,58,0,4,0,0,0,0,0,0,0,37,0,0,17,0,0,0,0,0,0,0,0,0,0,0,0,0,0,0,0,0,0,0,0,0,0,0,599,0,0,182,104,4,0,0,0,0,3,91,0,0,0,0,0
"D322",0,2,54,0,0,2,0,3,0,17,0,2,36,0,59,89,6,0,76,71,0,0,0,1,0,0,2,0,0,9,62,0,65,0,0,19,0,0,10,0,7,0,0,46,0,7,58,57,0,0,0,1313,12,34,0,0,0,0,0,0,17,0,7,0,1114,0,0,0,0,0,13,7,4,0,72,0,7,345,0,0,0,542,0,0,5,479,78,8,0,59,14,0,21,8,64,0,0,0,0,0,126,96,2,6,0,0,0,20,0,0,0,0,0,0,6,0,0,0,6,11,0,47,0,0,0,26,2,1836,0,0,0,0,0,0,0,0,0,0,221,0,0,0,0,42,23,0,0,41,8,0,14,0,0,21,0,0,295,7,0,0,0,0,0,0,0,40,0,18,116,0,2,97,87,53,11,8,0,8,46,34,33,0,805,0,0,0,2,0,0,0,3,0,208,18,0,0,23,0,0,2,0,0,18,0,6,31,7,6,4,30,0,0,0,0,9,0,0,0,0,1,93,0,2,0,15,0,53,0,0,0,0,0,301,0,5,4,0,0,0,0,7,4,0,0,0,0,0,74,24,0,0,0,9,2634,204,0,0,0,0,0,6,83,0,0,15,99,0,9,3,0,2,0,0,0,0,0,13,0,0,10,107,0,135,0,1,0,22,40,0,341,8,0,0,0,161,197,0,4,9,840,0,10,8,0,40,0,28,0,21,0,19,0,5,0,6,0,0,0,0,12,0,3,0,0,3,0,0,0,0,0,139,12,109,0,0,0,0,0,0,782,0,0,228,0,0,0,272,5,171,0,0,0,25,0,0,0,0,7,0,3,162,0,224,21,23,0,0,0,509,0,0,0,0,22,2,0,4,31,14,0,0,1,2,124,0,6,0,5,52,42,30,0,0,63,0,0,43,0,0,3,0,2,37,150,14,21,0,21,0,0,0,0,21,0,0,0,5,2,0,0,33,2,9,25,102,0,0,0,198,2,0,61,1,12,2,14,48,0,0,0,0,2,0,0,8,9,649,0,22,1822,0,0,0,3,0,0,204,6,0,0,0,0,0,18,47,0,17,7,6,0,21,0,0,226,0,0,4,0,0,0,0,5,0,7,3,29,0,0,0,58,74,3,0,0,34,0,0,11,0,0,6,0,138,0,48,48,0,4,0,29,13,3,8,21,6,11,13,6,21,0,0,195,0,4,0,0,0,0,160,51,0,0,0,0,1,0,0,0,0,0,0,2,0,0,0,0,0,0,7,2,28,0,0,302,0,20,1,0,0,82,0,0,1,2,29,5,107,0,0,23,9,11,0,0,0,23,0,13,0,27,11,0,0,0,0,6,69,0,0,4,203,548,18,3,78,0,0,70,1,0,0,0,0
"D323",37,54,0,0,0,23,0,0,0,280,4,0,0,0,0,0,0,0,0,0,0,34,217,0,0,0,0,0,205,0,0,0,166,0,14,0,84,0,0,19,160,0,7,0,0,0,0,0,178,0,0,0,0,0,0,0,0,724,0,7,0,0,0,0,0,0,37,0,0,0,0,0,0,0,0,0,0,0,0,0,0,0,0,0,11,0,0,0,0,0,0,0,0,0,0,0,0,0,0,0,0,0,0,0,0,0,0,0,18,0,67,0,76,0,0,0,0,0,0,0,25,0,0,0,0,0,0,0,0,0,0,0,131,0,0,0,0,0,0,11,0,0,0,0,0,25,0,724,0,0,0,0,0,154,0,0,0,0,1,0,0,63,99,0,0,0,0,0,0,0,0,0,0,0,0,0,0,0,0,3,0,0,0,0,0,0,520,0,0,0,0,0,0,0,25,0,0,0,0,7,0,0,0,0,0,0,0,0,0,0,0,0,8,7,0,55,0,0,23,0,0,0,0,0,0,0,0,0,0,0,0,0,0,0,0,0,0,0,0,0,0,0,0,0,0,0,0,0,0,0,753,15,0,0,0,0,0,0,0,0,0,292,0,0,0,0,0,0,0,0,0,0,0,5,0,21,0,0,7,0,885,0,405,0,0,0,0,0,0,0,0,8,0,0,0,0,0,0,54,178,0,28,0,0,2,0,0,0,14,8,0,0,0,380,0,48,9,0,0,0,0,0,0,0,0,0,0,0,21,0,0,0,0,0,0,0,0,13,0,0,0,0,0,0,0,45,7,7,7,55,0,0,0,0,0,0,0,0,0,0,0,0,0,0,0,0,22,0,0,1726,0,0,0,0,0,0,0,0,0,12,574,0,0,0,0,11,20,0,0,0,331,0,5,0,31,0,0,0,0,0,0,0,0,0,0,0,0,0,0,0,0,0,0,0,0,0,0,0,0,0,0,0,0,0,0,0,0,8,0,0,0,0,0,0,0,34,0,0,8,43,0,0,0,0,0,0,0,2,0,7,0,0,0,0,0,0,0,0,0,0,956,0,0,0,1130,57,0,0,0,0,0,0,0,512,0,0,0,0,0,12,0,0,0,0,0,0,0,0,0,0,0,0,0,0,0,0,6,0,0,0,0,0,0,0,0,31,65,0,0,0,122,0,0,0,0,0,0,0,0,0,54,0,137,27,1,0,0,0,0,0,0,0,0,0,0,0,0,5,0,9,0,0,0,0,10,0,0,0,31,0,0,0,0,0,0,0,0,0,54,0,0,0,0,0,0,0,75,0,0,302,0,0,0,0,0,0,0,0,136,0,0,0,0,0,0,0,0,51,0,0,0,0,0,0,104,63,0,0,1,25,0,0,0
"D324",0,0,0,113,0,0,80,0,21,0,0,0,0,0,0,0,0,0,0,0,36,0,0,0,0,34,0,0,0,0,0,0,47,0,0,0,0,0,0,5,0,0,0,0,0,0,0,0,0,0,34,14,0,0,2,0,0,0,0,0,0,0,0,163,0,0,0,0,0,28,0,6,0,0,0,0,0,0,0,0,0,164,0,0,0,0,0,0,0,0,0,0,0,0,0,0,0,0,0,0,0,0,4,0,0,195,0,0,0,0,14431,0,185,0,0,7,0,62,0,0,0,0,0,0,0,0,0,0,0,10,0,239,0,0,0,0,183,6,0,0,0,43,36,0,0,0,0,0,0,63,0,0,0,0,0,59,0,0,0,0,0,21,0,0,10,0,2124,0,0,0,0,0,0,0,0,0,0,0,0,11,0,0,0,80,1,0,0,0,0,0,0,0,0,0,0,0,0,0,0,0,0,0,0,0,0,0,0,0,0,0,0,0,14,0,0,0,222,45,0,0,0,0,0,0,0,7,0,0,0,0,0,0,0,80,0,0,0,0,0,0,2,0,0,0,0,4,0,35,0,0,0,0,0,0,0,0,0,0,3657,73,0,43,0,0,0,0,0,0,0,0,0,0,0,0,0,0,0,0,0,0,0,108,0,0,0,8,0,0,20,11,0,0,0,0,0,0,0,0,0,2,0,0,0,0,0,20,0,0,0,4,0,21,0,0,0,0,0,0,11,0,0,0,0,0,0,0,0,0,0,0,0,4,87,0,0,0,0,0,0,0,0,0,8,0,0,0,0,0,312,0,0,0,0,0,0,98,0,0,0,0,0,6,0,0,0,0,0,0,0,0,13,0,0,0,13,0,0,0,0,1460,12,0,0,0,0,88,0,0,0,0,0,0,0,0,0,0,0,0,0,0,0,0,0,0,0,0,0,0,29,0,25,0,0,0,312,0,0,0,0,0,0,0,0,0,0,0,0,0,0,0,0,0,0,0,0,0,0,5,0,0,0,0,0,0,0,0,0,0,0,0,0,0,29,0,0,8,0,0,0,0,0,0,397,0,3,0,0,0,0,0,0,0,0,0,0,0,0,0,0,0,11,0,5,0,0,0,0,8,0,0,1,0,0,0,0,0,0,0,0,0,0,47,0,0,0,0,0,0,0,0,0,0,0,0,0,0,0,0,0,0,0,0,0,0,563,103,296,0,0,0,0,0,0,0,0,0,60,0,0,0,20178,0,0,0,0,0,0,7,0,0,0,0,0,0,0,0,0,0,0,0,30,0,0,0,0,0,0,5,0,5,0,0,0,0,0,0,0,0,100,0,0,0,0,0,0,0,0,0,106,3,0,2,0,0,0,0,0,0,0,0,64,0,51
"D325",3,64,12,0,10,6,0,0,0,3,44,54,0,17,3,25,87,4,0,6,0,62,265,23,95,0,0,3,315,7,226,0,8,0,14,4,0,0,5,267,0,0,817,0,73,0,0,0,50,13,0,0,29,0,1,21,17,0,0,86,216,0,32,0,0,340,3,17,2,0,0,0,0,0,6,26,0,0,8,0,0,0,0,10,286,0,0,0,38,0,0,57,0,4,0,34,0,0,0,62,12,1,0,0,0,0,2,0,702,5,0,4,0,15,23,2,7,0,0,0,107,13,28,0,214,0,0,121,0,0,362,0,3,0,4,152,0,0,3,1,0,0,0,0,5,20,11,0,54,0,0,36,39,56,26,0,0,103,460,3,65,0,28,19,0,2,0,27,47,29,0,0,0,6,2,12,0,0,8,20,0,1,0,0,0,26,0,0,4,14,14,8,5,0,5,24,23,0,16,41,4,0,52,0,29,68,0,6,8,127,1,9,1,34,2,0,0,0,15,17,0,12,0,2,0,4302,0,194,0,7,0,0,0,0,7,0,6,718,53,6,2,0,0,4,0,0,23,168,0,0,48,0,0,2,5,2,0,52,0,0,41,0,26,50,0,0,84,4,17,9,17,60,0,0,16,5,139,43,0,13,637,0,0,69,8,0,0,0,32,0,0,0,0,85,40,0,5,48,0,20,17,0,122,100,6,0,0,0,83,15,52,0,57,121,9,0,0,478,0,0,27,19,9,112,0,7,0,17,10,0,0,75,77,43,82,125,258,397,0,7,0,0,1,515,0,97,0,39,0,23,140,606,81,0,5,0,10,11,0,33,0,0,0,81,0,0,43,2,0,2,10,27,3,2,225,1,49,123,340,0,0,134,0,3,0,0,289,0,18,3,28,0,10,27,25,0,0,7,0,0,0,0,0,0,31,2,0,0,0,64,0,198,4,20,0,0,144,14,0,0,16,3,7,0,0,85,6,103,0,0,45,0,0,0,0,227,1,0,0,0,4,126,0,284,111,0,0,157,3,0,0,0,0,1389,2,0,0,13,9,61,0,297,0,39,5,0,6,16,5,20,0,0,3,30,49,0,0,0,7,0,0,113,0,4,55,0,23,0,15,133,0,0,7,17,0,0,0,6,0,221,0,0,0,83,0,1146,1054,0,51,9,21,16,1,128,0,2,1,24,15,146,39,0,489,38,0,0,21,47,36,281,26,331,42,3,0,93,0,31,0,3,0,0,0,16,24,27,10,0,106,0,24,0,29,0,0,3,159,89,1,105,0,0,20,10,17,79,203,0,0,0,2,0,0,61,295,2,4,0,57,7,0,0,59,11,0,0,0,32,0,0,0,0,0,40,675,17,0,0,28,4,0,0,0
"D326",3,0,2,115,7,0,136,0,2,0,0,0,2,0,0,0,0,0,0,0,6,0,0,0,0,23,0,7,0,0,0,6,6,18,6,0,2,0,0,0,2,0,0,0,0,0,0,0,0,0,5,6,41,0,15,0,0,4,13,0,0,29,0,12,0,0,14,3,0,44,0,0,0,19,0,2,0,0,0,2,0,0,0,0,0,0,2,0,3,0,0,0,2,0,0,0,0,0,0,0,0,0,0,0,0,42,3,0,0,0,749,0,347,0,0,7,2,2,0,12,0,0,0,3,0,0,5,0,0,29,0,8,0,3,0,0,148,0,0,3,0,0,5,0,0,0,0,12,0,0,0,3,0,2,0,7,0,0,0,0,0,1,0,0,32,0,1004,0,0,0,0,19,0,122,0,0,7,0,0,53,0,0,0,19,0,0,0,29,0,0,0,0,0,0,0,0,0,0,0,0,2,0,0,6,0,3,2,0,0,0,3,0,0,0,2,0,65,11,0,0,1,0,0,6,0,0,0,0,0,2,0,0,0,31,0,0,0,0,0,0,12,2,2,0,0,0,0,0,0,2,0,0,0,0,0,0,0,0,645,3,0,570,0,0,0,0,0,0,0,0,0,0,31,0,0,3,0,0,2,0,7,0,17,2,0,16,17,0,0,0,0,3,0,0,0,2,0,0,0,129,0,0,0,0,21,22,0,0,0,0,0,2,4,0,0,120,0,0,17,0,0,0,0,0,0,3,7,0,0,0,0,0,1656,0,0,0,0,0,0,0,0,0,74,0,13,0,13,0,0,0,0,0,0,28,2,8,8,0,0,0,0,8,0,0,0,20,0,5,0,1,19,0,0,0,0,0,0,0,0,24,2,0,0,0,10,0,0,0,0,0,0,0,0,0,0,7,2,0,0,0,0,0,0,0,0,0,0,0,166,0,0,1,0,0,70,0,0,0,1,0,0,0,0,0,0,0,0,3,0,2,0,0,0,0,0,0,14,6,0,5,6,0,0,0,0,0,0,0,0,5,0,0,11,0,0,0,0,0,0,0,4,0,81,0,33,7,0,0,0,0,0,0,3,0,0,9,0,0,0,0,80,0,0,0,0,0,0,0,0,0,0,0,0,0,0,0,5,0,0,0,0,1,23,0,0,0,0,0,2,6,0,0,7,0,0,0,0,0,0,0,0,0,9,0,0,6,92,0,0,0,0,0,0,0,11,0,5,0,0,3,2,2,0,0,0,0,0,0,0,0,0,0,0,0,61,0,0,0,0,0,4,0,0,0,0,0,0,0,0,5,0,0,0,0,0,0,0,0,4,0,0,2,0,0,0,0,0,0,5,0,0,5,0,0,0,0,13,3,0,0,0,0,0
"D327",0,0,0,0,0,0,0,0,0,0,0,0,3,0,0,11,0,0,0,139,0,0,0,0,0,0,0,0,0,0,0,0,2,0,0,0,19,0,0,0,0,0,0,0,0,0,0,0,59,0,0,0,3,0,0,0,0,0,0,0,0,0,3,0,0,97,0,0,0,0,0,0,0,0,0,0,0,0,0,0,27,0,0,0,0,263,0,0,0,195,0,0,0,63,0,0,0,0,0,0,0,0,0,17,0,0,0,0,0,0,0,0,0,0,0,0,0,0,0,0,0,0,0,0,0,0,0,74,20,0,0,0,0,0,0,0,0,0,0,0,7,0,0,0,0,0,0,0,0,0,0,0,0,4,0,0,0,0,0,0,0,0,0,0,0,0,0,0,0,0,0,0,0,0,0,0,0,0,0,0,0,0,0,0,33,0,0,0,0,0,0,0,0,233,0,0,0,0,0,0,0,0,0,0,0,0,0,0,0,0,0,0,0,0,0,0,0,0,0,0,0,0,6,0,0,0,0,0,0,0,0,0,0,0,0,0,0,0,0,0,0,0,0,0,0,0,0,0,0,0,0,0,0,0,0,0,0,0,0,0,0,0,0,0,0,0,40,0,0,0,0,0,0,0,0,0,0,0,0,0,0,0,0,0,0,0,0,0,0,163,0,0,61,0,0,0,0,0,2,0,0,0,0,0,0,0,0,0,0,0,0,0,0,0,0,0,0,0,0,0,0,0,0,0,0,0,0,0,0,0,14,0,7,0,0,0,0,0,0,0,0,0,0,0,0,0,0,0,0,0,0,0,20,0,0,0,0,0,0,0,0,0,27,0,0,0,0,0,0,0,0,0,0,0,0,0,0,0,0,0,0,0,0,0,0,182,0,34,0,0,0,0,0,0,0,0,0,0,73,0,339,0,0,0,0,0,0,0,0,0,0,0,0,0,0,1881,0,0,0,0,0,0,0,0,0,0,0,0,0,0,34,0,0,0,0,0,0,0,0,0,0,0,0,0,0,0,2,0,0,0,0,1,0,0,0,0,0,0,0,0,0,0,0,0,0,0,0,0,0,0,0,0,0,0,0,0,0,266,0,0,0,0,2,0,0,0,31,0,0,0,0,0,0,2,0,7,0,133,10,0,0,0,0,0,0,0,0,0,0,0,0,0,0,0,0,0,0,0,0,0,0,0,0,0,0,0,0,0,0,0,0,0,0,3,0,0,0,0,0,0,0,0,0,0,0,0,0,0,20,0,0,0,0,0,0,0,0,0,0,0,0,0,0,0,0,0,0,0,0,0,0,1657,0,0,0,0,0,0,0,16,0,0,0,0,0,0,0,0,0,0,0,0,8,6,0,4,0,0,0,0,0,0,0
"D328",0,0,0,0,0,0,0,0,0,0,0,0,0,0,0,0,0,0,0,0,0,0,0,0,0,0,0,0,0,0,0,0,0,0,0,0,0,0,0,0,0,0,0,0,0,0,0,0,0,0,0,0,0,0,0,0,0,0,0,0,0,0,0,0,0,0,0,0,0,0,0,0,0,0,0,0,0,0,0,0,0,0,0,0,0,0,0,0,0,0,0,0,0,0,0,0,0,0,0,0,0,0,0,0,0,0,0,0,0,0,0,0,0,0,0,0,0,0,0,0,0,0,0,0,0,0,0,0,0,0,0,0,0,0,0,0,0,0,0,0,0,0,0,0,0,0,0,0,0,0,0,0,0,0,0,0,0,0,0,0,0,0,0,0,0,0,0,0,0,0,0,0,0,0,0,68,0,0,0,0,0,0,0,0,0,0,0,0,0,0,0,0,0,0,0,0,0,0,0,0,0,0,0,0,0,0,0,0,0,0,0,0,0,0,0,0,0,0,0,0,0,0,0,0,0,0,0,0,0,0,0,0,0,0,0,0,0,0,0,0,0,0,0,0,0,0,8,0,0,0,0,0,0,0,0,0,0,0,0,0,0,0,0,0,0,0,0,0,0,0,0,0,0,0,0,0,0,0,0,0,0,0,0,0,0,0,0,0,0,0,0,0,0,0,0,0,0,0,0,0,0,0,0,0,0,0,0,0,0,0,0,0,0,0,0,0,0,0,0,0,0,0,0,0,0,0,0,0,0,0,0,0,0,0,0,0,0,0,0,0,0,0,0,0,0,0,0,0,0,0,0,0,0,0,0,0,0,0,0,0,0,0,0,0,0,0,0,0,0,0,0,0,0,0,0,0,0,0,0,0,0,0,0,0,0,0,0,0,0,0,0,0,0,0,0,0,0,0,0,0,0,0,0,0,0,0,0,0,0,0,0,0,0,0,0,0,0,0,0,0,0,0,0,0,0,0,0,0,0,0,0,0,0,0,0,0,0,0,0,0,0,0,0,0,0,0,0,0,0,0,0,0,0,0,0,0,0,0,0,0,0,0,0,0,0,0,0,0,0,0,0,0,0,0,0,0,0,0,0,0,0,0,0,0,0,0,0,0,0,0,0,0,0,0,0,0,0,0,0,0,0,0,0,0,0,0,0,0,0,0,0,0,0,0,0,0,0,0,0,0,0,0,0,0,0,0,0,0,0,0,0,0,0,0,0,0,0,0,0,0,0,0,0,0,0,0,0,0,0,0,0,0,0,0,0,0,0,0,0,0,0,0,0,0,0,0,0,0,0,0,0,0,0,0,0,0,0,0,0,0,0,0,0,0,0,0,0,0,0,0,0,0,0,0,0,0,0,0,0,0,0,0,0
"D329",3,67,0,0,1,12,0,0,0,18,179,371,0,6,0,0,27,5,0,1,0,20,328,29,16,0,0,0,256,0,257,0,2,0,39,3,0,0,23,183,0,0,495,15,117,58,3,73,17,26,0,15,46,0,4,10,25,2,0,151,272,0,11,0,0,251,11,0,2,0,4,0,0,0,6,32,0,0,2,0,0,0,0,25,83,0,0,0,114,2,1,6,0,0,19,10,0,1,0,0,22,4,0,0,2,0,0,5,163,0,0,2,0,26,34,3,13,0,7,68,132,17,35,0,96,203,3,0,0,0,805,0,6,0,4,110,0,0,42,2,4,0,0,0,5,27,21,13,55,4,0,19,52,28,19,0,0,21,115,65,8,2,178,47,0,28,0,6,14,235,0,0,0,5,19,11,1,7,14,1,0,42,71,0,0,25,0,0,16,0,149,8,14,0,1,0,43,1,14,36,11,0,33,0,143,948,0,35,14,12,1,0,0,12,0,2,0,0,12,10,1,0,0,2,0,19811,0,389,0,0,0,0,0,0,15,2,15,1595,32,4,2,0,0,7,0,1,7,131,0,0,46,0,20,4,22,4,0,0,0,0,194,0,0,140,0,0,92,0,27,1,5,1,0,2,104,1,13,64,0,35,345,0,0,7,7,2,0,0,19,2,25,0,0,55,383,2,21,34,0,29,46,5,40,47,34,0,0,0,52,5,3,0,45,49,18,0,3,3,0,0,291,15,34,102,11,7,0,18,5,134,4,78,179,10,101,114,133,130,0,14,23,0,2,216,0,100,0,42,0,16,101,119,173,0,6,0,9,52,0,85,13,0,0,204,129,0,48,1,0,2,3,23,0,0,1334,10,35,21,68,0,0,619,0,0,0,0,874,0,24,2,449,7,46,0,1,56,2,7,0,0,0,32,2,0,70,31,0,251,0,15,0,267,9,4,0,0,0,30,1,0,17,0,45,8,0,23,7,947,4,0,40,0,0,0,0,2,7,0,0,0,2,1,0,120,141,0,0,190,0,10,6,1,0,3144,3,0,16,9,0,127,2,19,0,26,21,0,38,1,0,257,341,4,1,45,161,0,0,0,23,0,0,77,0,0,53,0,3,0,108,228,0,0,9,0,0,0,0,15,0,64,0,0,0,26,0,1389,2106,0,17,0,1,55,0,27,0,0,4,25,32,135,12,0,69,91,0,0,129,8,100,45,18,258,34,2,0,84,0,9,0,0,0,5,0,19,50,24,18,0,105,0,32,3,71,0,0,19,124,1,0,190,0,0,90,12,20,25,135,0,0,3,8,0,9,60,52,22,16,8,159,8,2,0,0,0,16,0,0,66,0,0,10,0,0,35,980,35,0,0,0,3,48,4,0
"D330",0,18,0,0,0,0,0,349,0,7,0,0,0,17,0,34,0,0,546,0,0,0,0,12,0,0,2,0,0,19,490,0,0,0,0,50,0,4,38,0,0,0,0,161,3,0,0,0,0,0,0,22,37,8,0,91,0,0,0,0,17,0,11,0,0,0,0,0,21,0,6,0,0,0,100,0,23,166,0,0,0,2,0,0,282,0,0,0,0,5,0,0,0,6,7,0,0,4,0,0,6,1,3,0,1,0,0,1,0,2,0,0,0,6,16,0,0,0,0,0,0,5,0,0,0,0,0,4,0,0,0,0,0,0,0,79,0,2,3,0,0,0,0,0,0,0,0,0,10,2,0,0,0,0,5,0,0,96,11,0,0,0,0,0,0,7,0,0,0,0,6,0,12,0,0,18,0,47,6,6,11,0,72,0,0,0,0,1,0,3,138,0,4,0,6,2,16,0,0,7,0,5,437,0,9,0,0,45,22,0,0,0,0,0,0,0,0,0,0,0,0,3,6,0,0,0,148,0,30,0,0,36,6,0,5,0,0,0,0,0,0,0,0,1,7,0,0,0,0,0,0,0,0,37,0,0,0,30,0,0,2,0,0,0,0,0,0,25,1,0,3,0,0,88,16,0,149,0,0,2,10,0,0,0,25,0,0,2,0,0,64,0,0,0,0,0,6,7,0,20,0,0,0,0,0,0,0,0,173,0,0,0,204,0,1,0,0,0,0,14,0,0,3,0,0,0,0,0,0,363,0,134,0,0,0,0,0,145,3,344,0,1,0,0,0,0,0,0,0,0,22,0,50,0,0,0,0,6,0,26,0,0,4,255,53,0,0,0,5,0,0,0,0,2,193,0,0,0,0,0,0,0,0,0,0,0,3,0,7,0,149,0,0,297,0,0,0,3,0,2,0,0,1,0,162,0,0,18,0,0,0,0,22,0,0,0,0,0,0,0,67,0,3,0,0,0,0,0,0,0,0,9,4,1,0,0,0,0,0,0,0,0,0,8,143,0,2,0,0,74,0,0,0,0,0,0,12,29,0,0,0,0,0,1,0,0,8,0,0,0,581,0,0,60,0,0,0,16,3,0,0,7,0,12,24,0,8,0,36,219,0,0,0,0,0,0,0,6,2,0,0,0,1,0,0,2019,0,0,0,0,14,8,0,62,7,0,38,153,89,0,0,0,0,4,0,0,0,34,150,14,1,2,0,13,0,3,0,0,0,0,0,0,2,5,0,11,7,0,15,8,70,3,0,0,0,0,0,1,0,22,0,0,73,0,39,8,131,0,0,0,1,0,0,23,0,0,0,0,6,0,0,0,0,0,2,0,219,13,0,5,7,2,10,0,1131,0,0,0,0,0,16,0,0
"D331",0,0,0,52,0,0,125,0,2,0,0,0,0,0,0,0,0,0,0,0,6,0,0,0,0,501,0,0,0,0,0,0,7,0,0,0,0,0,0,0,0,0,0,0,0,0,0,0,0,0,42,0,0,0,0,0,0,0,0,0,4,0,2,233,0,0,0,0,0,0,0,0,0,2240,0,0,0,0,0,0,0,6,0,0,0,0,0,0,0,0,0,0,0,0,0,0,0,0,0,0,0,0,0,0,0,1732,0,0,0,0,347,0,3,0,0,0,0,1512,0,0,0,0,0,167,0,0,0,0,0,0,0,788,0,38,0,0,11,0,0,0,0,3,92,0,0,0,0,0,0,0,0,0,0,0,0,105,0,0,0,0,0,0,0,0,4,0,49,0,0,0,0,0,0,0,0,0,0,0,0,2,0,0,0,0,0,0,0,0,0,0,0,0,0,0,0,0,0,0,0,0,0,0,0,97,0,0,0,0,0,0,0,0,0,0,0,0,722,382,0,0,0,0,0,5,0,0,0,0,0,0,0,0,0,88,0,0,0,0,0,0,0,0,12,0,0,0,0,0,0,0,0,0,0,0,0,0,0,0,16367,76,0,15,0,0,0,0,0,0,0,0,0,0,0,0,0,0,0,0,0,0,2,70,0,0,0,0,3,0,0,0,0,0,0,0,0,0,0,0,0,0,0,2,0,0,0,2,0,0,0,0,0,261,4,0,0,2,0,0,0,0,0,0,0,0,0,0,0,0,0,0,0,0,18,0,0,0,0,0,0,0,0,0,8,0,0,0,0,0,0,0,0,0,0,6,0,363,2,0,7,0,0,0,0,0,0,0,0,0,0,6,3,0,0,0,0,0,0,0,0,115,0,0,0,0,0,9,0,0,0,0,0,0,0,0,0,0,0,0,0,0,0,0,0,0,0,0,0,0,10,0,713,0,0,0,286,0,0,0,0,0,0,0,0,0,0,0,0,0,0,0,0,0,0,0,0,0,0,10,0,2,0,0,0,0,0,0,0,0,0,0,4,0,816,0,0,0,0,0,0,0,0,0,997,0,5,0,0,0,0,0,0,0,0,0,0,0,0,0,0,0,3445,0,0,0,0,0,0,3,0,0,0,0,0,0,0,0,0,0,0,0,0,34,1,0,0,0,0,2,0,2,0,0,0,0,0,0,0,2,0,0,0,0,0,0,18,0,46,0,0,0,0,0,0,0,1,0,1514,0,0,0,8,0,0,0,0,0,0,0,0,0,0,0,0,0,0,0,0,0,0,0,400,0,0,0,0,0,0,4,0,0,0,0,0,0,0,0,0,0,0,0,0,0,0,0,0,0,0,0,389,0,0,0,0,0,0,0,0,0,0,0,6,0,27
"D332",0,0,0,3199,0,0,7,0,0,0,0,0,10,0,0,0,0,0,0,0,0,0,0,0,0,127,0,0,0,0,0,0,0,12,0,0,0,0,0,0,0,0,0,0,0,0,0,0,0,0,11,0,1,0,0,0,0,0,0,0,0,0,0,4,0,0,0,0,0,0,0,0,0,211,0,0,0,0,0,0,0,0,0,0,0,0,0,0,0,0,0,0,0,0,0,0,0,0,0,0,0,0,0,0,0,192,0,0,0,0,7458,0,380,0,0,0,0,526,0,0,0,0,0,26,0,0,0,0,0,7,0,28,0,14,0,0,243,0,0,0,0,0,22,0,0,0,0,0,0,0,0,0,0,0,0,3,0,0,0,0,0,2,0,0,6,0,4821,0,0,0,0,0,0,2,0,0,0,0,0,1,0,0,0,0,0,0,0,3,0,0,0,0,0,0,0,0,0,0,0,0,0,0,0,32,0,0,0,0,0,0,0,0,0,0,0,0,0,33,0,0,0,0,0,0,0,0,0,0,0,0,0,0,0,18,0,0,0,0,2,0,0,0,0,0,0,0,0,0,0,0,0,0,0,0,0,0,0,0,3393,35,0,11,0,0,0,0,0,0,0,0,0,0,0,0,0,0,0,0,0,0,2,0,0,0,0,0,5,0,0,0,0,0,0,0,0,0,0,0,0,0,0,0,0,0,0,0,0,2,0,0,0,8,0,0,0,57,0,0,0,0,0,0,0,0,0,0,0,0,0,0,0,0,63,0,0,0,0,0,0,0,0,0,0,0,0,0,0,0,0,0,0,0,0,0,0,102,0,0,36,0,0,0,0,0,0,0,0,0,0,0,0,0,0,0,0,0,0,0,0,21,0,0,0,0,0,0,0,0,0,0,0,0,0,0,0,2,0,0,0,0,0,0,0,0,0,0,0,0,1567,0,210,0,0,0,171,0,0,0,0,0,0,0,0,0,0,0,0,0,0,0,0,0,0,0,0,0,0,2,0,0,0,0,0,0,0,0,0,0,0,0,0,2,0,0,0,0,0,0,0,0,0,0,424,0,0,0,0,0,0,0,0,0,0,0,0,0,0,0,0,76,476,0,11,0,0,0,0,3,0,0,0,0,0,0,0,0,0,0,0,0,0,0,9,0,0,0,0,0,0,0,0,0,0,0,0,0,0,0,0,0,0,0,0,0,0,149,186,0,0,0,0,0,0,0,0,0,245,0,0,0,13,0,0,0,0,0,0,0,0,0,0,0,0,0,0,0,0,0,0,0,36,0,0,0,0,0,0,0,9,22,0,0,0,0,0,0,0,0,0,0,0,0,0,0,0,0,0,0,6,0,0,0,0,0,0,0,0,0,0,0,0,0,0
"D333",0,0,0,0,0,0,0,0,0,0,0,0,0,0,0,0,2,0,0,0,0,0,0,0,0,0,0,0,0,0,0,0,3,188,0,0,0,0,0,0,0,0,0,0,0,0,0,0,206,0,2,0,0,0,0,0,0,0,0,0,0,0,0,0,0,3,0,0,0,0,0,0,0,0,0,0,0,0,0,0,38,0,0,0,0,490,0,0,0,0,0,0,0,36,0,0,0,0,0,0,0,0,0,8,0,0,0,0,0,0,0,0,0,0,0,0,0,0,0,0,0,0,0,0,0,0,0,0,0,0,0,2,0,0,0,0,0,0,0,0,0,0,0,0,0,0,0,0,0,0,0,0,0,0,0,3,0,0,0,0,0,0,0,0,0,0,0,0,0,0,0,0,0,0,0,0,1,0,0,0,0,0,0,7,769,0,0,0,0,0,0,0,0,2,0,0,0,0,0,0,0,4,0,0,0,0,0,0,0,0,0,0,0,0,0,0,0,0,0,0,0,0,0,0,0,0,0,0,0,0,0,0,0,0,0,0,0,0,0,0,0,0,0,0,0,0,0,0,0,0,0,0,0,0,0,0,0,0,3,0,0,0,0,0,0,0,0,0,0,0,0,0,0,0,0,0,0,0,0,0,5,0,0,0,0,0,2,0,13,0,0,0,246,0,0,0,0,0,0,0,0,0,0,0,0,0,0,0,0,0,0,0,0,0,0,0,4,0,0,0,0,0,0,0,0,0,0,0,0,0,0,0,5,0,0,0,0,0,0,0,0,2,0,0,0,0,0,0,0,0,0,0,0,0,0,0,0,0,0,0,0,0,204,0,0,0,0,0,0,0,0,0,0,0,0,0,0,0,0,0,0,0,0,0,0,135,0,55,0,0,0,0,0,0,0,0,0,0,184,339,747,0,0,0,0,0,0,0,0,0,0,0,0,0,2,613,0,0,0,0,0,0,0,0,25,0,0,0,0,0,4,0,0,0,0,0,0,0,0,0,0,0,0,0,0,0,2,0,0,0,0,33,0,0,0,0,0,0,0,0,0,0,0,0,0,0,0,0,0,0,0,0,0,0,0,0,0,2541,0,0,0,0,1,0,0,0,0,0,0,0,0,0,0,0,0,0,0,74,5,0,0,0,0,0,0,0,0,0,0,0,0,0,0,0,0,0,0,0,0,0,2,0,0,0,0,0,0,0,0,0,0,0,0,0,0,0,0,0,0,0,0,0,0,0,0,0,0,0,0,0,0,0,0,320,0,0,0,0,0,0,0,0,0,0,0,0,0,0,0,4,0,0,0,0,0,0,0,0,0,115,0,0,0,0,0,2,0,0,0,0,0,0,0,0,0,0,0,0,0,0,0,0,0
"D334",0,6,0,0,0,2,0,402,0,4,0,0,0,10,0,25,0,0,641,0,0,0,0,9,0,0,0,0,0,6,481,0,0,0,0,92,0,3,24,0,0,0,0,445,8,0,6,0,0,7,0,70,57,16,11,24,0,0,0,16,17,0,25,0,0,0,0,0,52,0,10,0,13,0,99,0,143,122,2,0,0,2,0,0,267,0,444,2,0,4,2,0,0,1,11,0,0,0,0,0,0,6,0,0,5,0,0,33,0,26,0,0,0,0,6,0,0,0,2,0,0,10,0,0,0,0,0,7,4,0,0,0,0,0,3,84,0,0,2,0,0,0,0,0,0,0,2,0,19,0,0,0,0,0,29,0,0,80,27,0,0,0,0,0,0,31,0,0,0,0,7,0,60,0,0,13,2,13,55,5,14,0,161,0,0,0,0,0,0,17,308,0,8,0,29,1,25,0,3,18,0,3,559,0,4,0,0,121,11,2,0,0,0,0,0,0,0,0,0,2,3,2,14,3,0,0,75,0,26,6,0,88,2,0,6,0,0,0,0,2,0,0,0,0,1,0,0,4,0,0,0,0,5,71,0,0,0,3,2,0,0,0,0,0,0,4,2,9,0,6,0,0,0,56,19,0,270,0,0,3,41,0,0,0,13,0,0,3,0,0,69,0,0,0,0,0,30,5,0,91,0,0,2,0,0,0,0,0,142,0,0,0,80,0,0,0,0,0,0,18,0,2,9,0,0,3,0,0,0,408,0,163,32,0,0,0,0,62,0,28,2,0,2,0,0,0,0,0,0,0,16,0,153,0,0,0,0,3,0,12,0,0,6,717,57,0,0,0,3,0,0,0,1,6,326,1,0,0,0,0,0,13,16,0,0,0,33,0,12,4,100,0,5,364,0,0,0,7,0,0,0,4,17,5,167,10,0,142,0,0,0,0,21,0,0,0,0,12,0,0,172,0,2,10,0,0,4,0,14,0,0,16,3,3,0,0,0,0,0,0,2,0,0,34,227,0,7,0,0,58,0,0,0,0,0,0,8,10,0,0,0,0,3,1,0,0,6,0,0,0,800,0,0,23,0,0,0,5,3,0,0,1,0,24,28,2,7,0,0,237,0,9,0,0,0,0,0,7,0,0,0,0,19,0,0,2500,0,0,0,0,10,17,3,98,7,0,3,114,103,0,0,0,0,7,0,0,0,19,228,27,12,4,0,6,3,11,0,0,0,0,0,8,0,4,0,29,5,0,17,3,97,30,1,19,0,2,0,1,0,18,0,0,72,0,136,21,292,0,0,0,44,0,0,12,0,0,0,0,78,6,0,0,0,0,10,0,101,3,0,7,11,3,2,0,1262,0,0,0,0,0,0,0,0
"D335",8,0,0,374,0,0,105,0,56,0,0,0,0,0,0,0,0,0,0,0,18,5,3,0,5,295,0,6,1,0,0,8,6,0,7,0,5,0,0,0,0,465,0,0,0,0,0,0,0,0,79,9,24,0,15,0,0,0,0,2,14,0,0,89,0,0,10,0,0,1,0,0,0,44,0,3,0,0,0,0,0,11,3,0,0,0,2,0,0,0,0,0,5,0,0,0,0,2,0,0,0,0,0,0,0,1692,9,6,0,0,6451,0,100,0,0,8,3,1501,0,16,0,4,9,10,0,0,5,0,0,18,0,272,0,0,0,0,52,0,0,0,0,19,504,0,0,0,0,5,0,6,0,15,12,4,0,177,0,0,0,0,0,18,2,0,19,0,294,0,0,0,0,0,0,29,2,0,10,0,0,24,0,0,0,26,0,0,0,37,0,0,0,0,0,0,3,0,0,2,0,0,0,0,0,83,0,10,5,0,0,0,15,0,0,0,3,2,956,518,0,0,0,0,0,4,0,10,0,0,3,0,0,0,0,280,0,0,0,0,3,0,6,0,0,0,0,0,0,0,0,7,0,0,0,8,0,0,0,0,7734,109,0,145,0,5,0,0,0,0,0,0,0,2,8,0,0,8,0,0,2,0,9,50,9,0,0,50,61,0,2,0,0,0,0,0,0,0,3,0,0,20,0,4,0,0,21,0,0,0,6,0,0,769,0,3,0,10,0,0,85,0,11,0,0,0,0,0,5,0,0,0,0,0,21,0,0,0,0,0,0,0,0,0,39,0,5,0,7,3,166,0,0,0,0,0,0,783,10,0,130,0,0,0,2,0,6,56,4,0,0,3,65,0,0,0,0,0,0,0,0,24,0,0,0,0,0,2,0,0,0,0,0,0,0,0,0,0,2,0,0,0,0,0,0,0,0,3,0,0,127,0,269,0,0,0,42,0,0,0,0,0,0,0,0,0,0,0,0,4,0,7,0,0,0,0,0,0,0,0,2,15,0,0,0,0,0,2,0,0,0,0,8,85,37,0,10,0,0,0,0,0,3,0,216,0,7,28,0,0,0,0,0,0,0,12,0,0,0,0,0,0,618,0,0,0,0,0,0,0,0,0,0,4,5,0,0,0,4,0,0,0,0,166,11,0,0,3,0,0,4,2,0,0,1,0,0,0,0,0,0,0,0,0,3,0,105,822,22,0,1,2,0,0,0,0,1,0,8,7,3,7,9,0,0,0,0,0,0,0,0,0,0,0,0,0,4,0,8,0,0,0,434,0,0,0,1,0,0,20,0,19,0,0,2,2,0,0,7,0,0,0,0,0,0,0,0,0,0,0,502,0,0,0,0,0,7,0,0,9,0,7,20,15,4
"D336",0,0,0,0,0,0,0,0,0,0,0,0,0,0,0,0,0,0,0,0,0,0,0,0,0,54,0,0,0,0,0,0,0,0,0,0,0,0,0,0,0,478,0,0,0,0,0,0,0,0,0,0,0,0,0,0,0,0,0,0,0,0,0,0,0,0,0,0,0,0,0,0,0,2,0,0,0,0,0,0,0,0,0,0,0,0,0,0,0,0,0,0,0,0,0,0,0,0,0,0,0,0,0,0,0,41,0,0,0,0,0,0,0,0,0,0,0,865,0,0,0,0,0,3,0,0,0,0,0,0,0,0,0,0,0,0,0,0,0,0,0,0,35,0,0,0,0,0,0,0,0,0,0,0,0,0,0,0,0,0,0,0,0,0,0,0,0,0,0,0,0,0,0,0,0,0,0,0,0,0,0,0,0,0,0,0,0,0,0,0,0,0,0,0,0,0,0,0,0,0,0,0,0,3,0,0,0,0,0,0,0,0,0,0,0,0,60,198,0,0,0,0,0,0,0,0,0,0,0,0,0,0,0,0,0,0,0,0,0,0,0,0,0,0,0,0,0,0,0,0,0,0,0,0,0,0,0,0,745,51,0,0,0,0,0,0,0,0,0,0,0,0,0,0,0,0,0,0,0,0,0,0,0,0,0,0,0,0,0,0,0,0,0,0,0,0,0,0,0,0,0,0,0,0,0,0,0,0,0,0,0,856,0,0,0,0,0,0,0,0,0,0,0,0,0,0,0,0,0,0,0,0,0,0,0,0,0,0,0,0,0,0,0,0,0,0,0,0,0,0,0,0,0,0,0,71,0,0,9,0,0,0,0,0,0,0,0,0,0,0,0,0,0,0,0,0,0,0,0,0,0,0,0,0,0,0,0,0,0,0,0,0,0,0,0,0,0,0,0,0,0,0,0,0,0,0,0,0,0,0,663,0,0,0,6,0,0,0,0,0,0,0,0,0,0,0,0,0,0,0,0,0,0,0,0,0,0,0,0,0,0,0,0,0,0,0,0,0,0,0,0,0,3,0,0,0,0,0,0,0,0,0,8,0,0,0,0,0,0,0,0,0,0,0,0,0,0,0,0,0,0,0,0,0,0,0,0,0,0,0,0,0,0,0,0,0,0,0,0,0,0,203,0,0,0,0,0,0,0,0,0,0,0,0,0,0,0,0,0,0,0,0,0,0,0,0,0,0,0,0,0,0,0,0,0,0,0,0,0,0,0,0,0,0,0,0,0,0,0,0,0,0,0,0,0,0,0,0,0,0,57,0,0,0,0,0,0,0,0,0,0,0,0,0,0,0,0,0,0,0,0,0,0,0,0,0,0,0,0,0,0,0,0,0,0,0,0,0,0,0,0,0,53
"D337",0,0,0,0,0,0,0,0,0,0,0,0,0,0,0,0,0,0,0,0,0,0,0,0,0,0,0,0,0,0,0,0,0,0,0,0,0,0,0,0,0,0,0,0,0,0,0,0,0,0,0,0,0,0,0,0,0,0,0,0,0,0,0,0,0,0,0,0,0,0,0,0,0,0,0,0,0,0,0,0,0,0,0,0,0,0,0,0,0,0,0,0,0,0,0,0,0,0,0,0,0,0,0,0,0,0,0,0,0,0,0,0,0,0,0,0,0,0,0,0,0,0,0,0,0,0,0,0,0,0,0,0,0,0,0,0,0,0,0,0,0,0,0,0,0,0,0,0,0,0,0,0,0,0,0,0,0,0,0,0,0,0,0,0,0,0,0,0,0,0,0,0,0,0,0,0,0,0,0,0,0,0,0,0,0,0,0,0,0,0,0,0,0,0,0,0,0,0,0,0,0,0,0,0,0,0,0,0,0,0,0,0,0,0,0,0,0,0,0,0,0,0,0,0,0,0,0,0,0,0,0,0,0,0,0,0,0,0,0,0,0,0,0,0,0,0,0,0,0,0,0,0,0,0,0,0,0,0,0,0,0,33,0,0,0,0,0,0,0,0,0,0,0,0,0,0,0,0,0,0,0,0,0,0,0,0,0,0,0,0,0,0,0,0,0,0,0,0,0,0,0,0,0,0,0,0,0,0,0,0,0,0,0,0,0,0,0,0,0,0,0,0,0,0,0,0,0,0,0,0,0,0,0,0,0,0,0,0,0,0,0,0,0,0,0,0,0,0,0,0,0,0,0,0,0,0,0,0,0,0,0,0,0,0,0,0,0,0,0,0,0,0,0,0,0,0,0,0,0,0,0,0,0,0,0,0,0,0,0,0,0,0,0,0,0,0,0,0,0,0,0,0,0,0,0,0,0,0,0,0,0,0,0,0,0,0,0,0,0,0,0,0,0,0,0,0,0,0,0,0,0,0,0,0,0,0,0,77,0,0,0,0,0,0,0,0,0,0,0,0,0,0,0,0,0,0,0,0,0,0,0,0,0,0,0,0,0,0,0,0,0,0,0,0,0,0,0,0,0,0,0,0,0,0,0,0,0,0,0,0,0,0,0,0,0,0,0,0,0,0,0,0,0,0,0,0,0,0,0,0,0,0,0,0,0,0,0,0,0,0,0,0,0,0,0,0,0,0,0,0,0,0,0,0,0,0,0,0,0,0,0,0,0,0,0,0,0,0,0,0,0,0,0,0,0,0,0,0,0,0,0,208,0,0,0,0,0,0,0,0,0,0,0,0,0,0,0,0,0,0,0,0,0,0,0,0,0,0,0,0,0,0,0,0,0,0,0,0,0,0,0,0,0
"D338",0,0,0,0,0,0,0,0,0,0,0,0,0,0,0,0,0,0,0,0,0,0,0,0,0,596,0,0,0,0,0,0,0,0,0,0,0,0,0,0,0,906,0,0,0,0,0,0,0,0,0,0,0,0,0,0,0,0,0,0,0,0,0,0,0,0,0,0,0,0,0,0,0,31,0,0,0,0,0,0,0,0,0,0,0,0,0,0,0,0,0,0,0,0,0,0,0,0,0,0,0,0,0,0,0,2661,0,0,0,0,0,0,0,0,0,0,0,6331,0,0,0,0,0,12,0,0,0,0,0,0,0,125,0,50,0,0,3,0,0,0,0,0,626,0,0,0,0,0,0,0,0,0,0,0,0,0,0,0,0,0,0,0,0,0,0,0,0,0,0,0,0,0,0,0,0,0,0,0,0,0,0,0,0,0,0,0,0,0,0,0,0,0,0,0,0,0,0,0,0,0,0,0,0,89,0,0,0,0,0,0,0,0,0,0,0,0,56,1154,0,0,0,0,0,0,0,0,0,0,0,0,0,0,0,2,0,0,0,0,0,0,0,2,0,0,0,0,0,0,0,0,0,0,0,0,0,0,0,0,12587,204,0,0,0,0,0,0,0,0,0,0,0,0,0,0,0,0,0,0,0,0,0,0,0,0,0,0,0,0,0,0,0,0,0,0,0,0,0,0,0,0,0,0,0,0,0,0,0,0,0,0,0,2609,0,0,0,0,0,0,0,0,0,0,0,0,0,0,0,0,0,0,0,0,0,0,0,0,0,0,0,0,0,0,0,0,0,0,0,0,0,0,0,0,0,0,0,2949,0,0,0,0,0,0,0,0,0,0,0,0,0,0,0,0,0,0,0,0,0,0,0,0,0,0,0,0,0,0,0,0,0,0,0,0,0,0,0,0,0,0,0,0,0,0,0,0,0,0,0,0,0,0,554,0,0,0,7,0,0,0,0,0,0,0,0,0,0,0,0,0,0,0,0,0,0,0,0,0,0,0,0,0,0,0,0,0,0,0,0,0,0,0,0,0,56,0,0,0,0,0,0,0,0,0,32,0,0,0,0,0,0,0,0,0,0,0,0,0,0,0,0,0,4168,0,2,0,0,0,0,0,0,0,0,0,0,0,0,0,0,0,0,0,0,3711,0,0,0,0,0,0,0,0,0,0,0,0,0,0,0,0,0,0,0,0,0,0,0,0,0,0,0,0,0,0,0,0,0,0,0,0,0,0,0,0,0,0,0,0,0,0,0,0,0,0,0,0,0,0,0,0,0,0,168,0,0,0,0,0,0,0,0,0,0,0,0,0,0,0,0,0,0,0,0,0,0,0,0,0,0,0,791,0,0,0,0,0,0,0,0,0,0,0,0,0,1754
"D339",0,0,0,0,0,0,0,0,0,0,0,0,0,0,0,0,0,0,0,0,0,0,0,0,0,0,0,0,0,0,0,0,0,78,0,0,0,0,0,0,0,0,0,0,0,0,0,0,0,0,0,12,0,0,0,0,0,0,0,0,0,60,0,0,0,0,0,1210,0,0,0,0,0,0,0,0,0,0,0,0,0,0,0,0,0,0,0,0,0,0,0,0,0,0,0,0,0,0,0,0,0,0,0,0,0,0,0,0,0,0,0,0,0,0,0,0,0,0,0,0,0,3,0,0,0,0,0,0,0,0,0,0,0,0,0,0,0,0,0,0,0,0,0,0,0,0,0,0,0,0,0,0,0,0,0,0,0,0,0,0,0,0,0,0,0,0,0,0,0,0,0,0,0,34,0,0,0,0,0,0,0,0,0,0,0,0,0,0,0,0,0,0,0,0,0,0,0,0,0,0,0,0,0,0,0,0,0,0,0,0,0,0,0,0,89,0,0,0,0,0,0,0,0,0,0,0,0,0,0,0,0,0,0,0,0,0,0,0,0,0,3,0,0,0,0,0,0,0,0,15,0,0,0,0,0,0,8,0,0,0,0,0,0,0,0,0,0,0,0,0,0,0,0,0,0,0,0,0,0,0,0,0,0,0,0,0,0,0,0,0,0,0,0,0,0,0,0,0,0,0,0,0,0,0,0,0,0,0,0,0,0,0,0,0,0,0,0,0,0,0,0,0,0,0,0,0,3,0,0,0,0,0,0,0,0,0,0,0,0,0,0,0,0,0,0,0,23,0,3124,0,0,0,0,0,0,0,0,0,0,0,0,0,0,0,0,0,0,0,0,0,0,0,0,0,0,0,0,0,0,0,2,0,0,0,0,0,0,0,0,0,0,0,0,0,0,0,0,0,0,0,0,0,0,0,0,0,0,0,0,0,0,0,0,0,0,0,0,0,0,0,0,0,0,0,0,0,0,0,0,0,0,0,0,0,0,0,0,0,0,0,0,0,0,0,0,0,0,0,0,0,0,0,0,0,0,0,0,0,0,0,0,0,0,0,0,0,0,0,0,0,0,0,0,0,0,0,0,0,0,0,0,0,0,0,0,0,0,0,0,0,399,0,0,0,0,1,0,0,0,0,0,0,0,0,0,0,0,10,0,0,0,0,0,0,0,0,0,0,0,0,0,0,0,0,165,0,0,0,0,0,0,0,0,0,0,0,0,0,0,0,0,0,0,0,0,0,0,0,0,0,0,0,0,0,9,0,0,0,0,0,0,3045,0,0,0,0,0,0,0,0,0,0,0,0,0,0,0,0,0,0,0,0,0,0,0,0,0,0,0,0,0,0,0,0,0,0,0,0,0,0,0,0,0
"D340",0,0,0,0,0,0,0,0,0,0,0,0,0,0,0,0,0,0,0,0,0,0,0,0,0,0,0,0,0,0,0,0,0,0,0,0,0,0,0,0,0,0,0,0,0,0,0,0,0,0,0,0,0,0,0,0,0,25,0,0,0,0,0,0,0,0,0,0,0,0,0,0,0,0,0,0,0,0,0,0,0,0,0,0,0,0,0,0,0,0,0,0,0,0,0,0,0,0,0,0,0,0,0,0,0,0,2,0,0,0,0,0,0,0,0,0,0,0,0,0,0,0,0,0,0,0,0,0,0,0,0,0,0,0,0,0,0,0,0,0,0,0,0,0,0,0,0,0,0,0,145,0,0,0,0,0,0,0,0,0,0,0,0,0,0,0,0,0,0,0,0,0,0,0,0,0,0,0,0,0,0,0,0,0,0,0,0,0,0,0,0,0,0,0,0,0,0,0,0,0,0,0,0,0,0,0,0,0,0,0,0,0,0,0,0,0,0,0,0,0,0,0,0,5,0,0,0,0,0,0,0,0,0,0,0,0,0,0,0,0,0,0,0,0,0,0,0,0,0,0,0,0,0,0,0,0,0,0,0,0,0,0,0,0,0,0,0,0,0,0,0,0,0,0,0,0,0,0,0,0,0,0,0,0,0,0,0,0,0,0,0,0,0,0,0,0,0,0,0,0,0,0,0,0,0,0,0,0,0,0,0,0,0,0,0,0,4,0,0,0,0,0,0,0,0,0,0,0,0,0,0,0,0,0,0,0,0,0,0,0,0,0,0,0,0,0,0,0,0,0,0,0,0,0,0,0,0,0,0,0,0,0,0,0,0,0,0,0,0,0,0,0,0,0,0,0,0,0,0,3,0,0,0,0,0,0,0,0,0,0,0,0,0,0,0,0,0,0,0,0,0,0,0,0,0,0,0,0,0,0,0,0,0,0,0,0,0,0,0,0,0,0,0,0,0,0,0,0,0,0,0,0,0,0,0,0,0,0,0,0,0,0,0,0,0,0,0,0,0,0,0,31,0,0,0,0,0,0,0,0,0,0,0,0,0,0,0,0,0,0,0,0,0,0,0,0,0,0,0,0,0,0,0,0,0,0,0,0,0,0,0,0,0,0,0,0,0,0,0,0,0,0,0,0,0,0,0,0,0,0,0,0,0,0,0,0,0,0,0,0,0,0,0,0,141,0,0,0,0,0,0,0,0,0,0,0,0,0,0,0,0,0,0,0,0,0,0,0,0,0,0,0,0,0,0,0,0,0,0,0,0,2,0,0,0,0,0,0,0,0,0,0,0,0,0,0,0,0,0,0,0,0,0,0,0,0,0,0,0,0,0,0,0,0,0,0,0,0,0,0,0,0,0
"D341",0,0,0,0,0,0,0,0,0,0,0,0,0,0,0,0,0,0,0,0,0,0,0,0,0,0,0,0,0,0,0,0,0,0,0,0,0,0,0,0,0,0,0,0,0,0,0,0,0,0,10,0,0,0,0,0,0,0,0,0,0,0,0,5,0,0,0,0,0,0,0,0,0,0,0,0,0,0,0,0,0,0,0,0,0,0,0,0,0,0,0,0,0,0,0,0,0,0,0,0,0,0,0,0,0,0,0,0,0,0,8,0,0,0,0,0,0,0,0,0,0,0,0,0,0,0,0,0,0,0,0,2,0,0,0,0,2,0,0,0,0,0,0,0,0,0,0,0,0,0,7,0,0,0,0,0,0,0,0,0,0,0,0,0,0,2,0,0,0,0,0,0,0,0,0,0,4,0,0,0,0,0,0,3,0,0,0,0,0,0,0,0,0,0,0,0,0,0,0,0,0,0,0,0,0,0,0,0,0,0,0,0,0,0,0,0,0,0,0,0,0,0,0,0,0,0,0,0,0,0,436,0,0,1,0,0,0,0,0,0,0,6,0,0,0,0,0,0,0,0,0,0,0,0,0,0,0,0,0,0,0,29,0,0,0,0,0,0,0,0,0,0,0,0,0,0,0,0,0,0,0,0,0,0,0,0,0,0,0,0,0,0,0,0,0,0,0,0,0,109,0,0,0,0,0,0,0,0,0,0,0,0,0,0,0,0,0,0,3,0,0,0,0,0,0,0,0,0,0,0,0,0,0,0,0,0,0,0,0,0,0,0,0,0,0,0,0,0,0,0,0,0,0,0,0,0,0,0,0,0,0,3,0,0,0,0,0,0,0,0,0,0,0,0,0,0,0,0,0,0,0,0,0,0,0,0,0,0,0,0,0,0,0,0,0,0,0,0,0,0,0,0,0,0,0,0,0,0,0,0,0,0,0,0,0,0,0,0,0,0,0,0,0,0,0,0,0,0,0,0,0,0,0,0,0,0,0,0,0,0,0,0,0,0,0,0,0,0,0,0,5,0,0,0,0,0,0,0,0,0,0,0,1,0,0,0,0,0,0,0,0,0,0,0,0,0,0,0,0,0,0,0,0,0,0,0,0,0,86,0,0,0,0,0,0,0,0,0,0,0,0,0,0,0,0,0,0,0,0,0,0,0,0,0,0,0,0,0,0,0,0,0,0,0,718,0,2,0,0,0,0,0,0,0,0,0,0,0,0,0,0,0,0,0,0,0,0,0,0,0,0,0,0,0,0,0,0,0,0,0,0,0,0,0,0,0,0,0,0,4,0,0,0,0,0,0,0,0,2,0,0,0,0,0,0,0,0,0,0,0,0,0,0,0,0,0,0,0,0,0,0,0,0
"D342",0,0,0,0,0,0,3,0,0,0,0,0,0,0,0,0,0,0,0,0,5,0,0,0,0,0,0,0,0,0,0,0,17,47745,0,0,0,0,0,0,0,0,0,0,0,3,0,0,0,0,0,0,0,0,0,0,0,0,0,0,0,0,0,6,0,0,0,0,0,0,0,0,0,0,0,0,3,0,0,0,0,0,0,0,0,40,0,0,0,0,4,0,0,0,2,0,0,0,0,0,0,0,62,0,0,0,0,2,0,0,0,0,0,0,0,0,0,0,0,0,0,0,0,0,0,0,0,0,0,0,0,0,0,0,0,0,0,24,90,0,0,3,0,0,1,0,0,0,0,0,0,0,0,0,0,0,4,2,0,0,0,0,0,0,0,0,0,0,0,0,0,0,0,0,0,22,0,0,0,0,0,0,0,0,0,0,0,32,0,0,0,0,5,0,0,0,0,0,0,0,0,0,0,0,0,0,0,0,0,0,0,0,0,0,0,0,0,0,0,0,0,0,0,0,0,0,0,0,0,0,0,0,0,0,0,0,0,0,0,0,0,0,0,0,0,0,0,0,4,0,0,0,0,0,0,0,0,0,0,0,0,0,0,0,0,0,0,2,0,0,0,0,0,0,0,0,0,0,0,0,0,0,0,0,0,0,0,0,0,0,0,0,0,0,0,0,0,0,0,24,0,0,0,0,0,0,0,0,0,0,0,0,0,0,0,6,0,0,0,0,0,0,0,0,0,0,0,0,0,0,0,0,0,0,0,0,0,0,194,0,0,0,0,0,0,0,7,0,0,0,0,0,0,0,0,0,0,0,0,0,5,0,0,0,0,0,0,0,0,0,0,0,0,7,0,0,0,2,0,0,0,0,0,0,0,0,0,0,0,0,0,0,0,0,0,0,0,5,0,0,0,0,0,0,0,0,0,0,0,0,0,0,0,0,0,1794,0,0,0,0,2,0,0,0,0,0,0,0,0,0,0,0,423,0,57,0,47,0,0,0,0,0,68,0,0,0,8,0,13,0,0,0,0,0,0,0,0,0,0,0,0,0,0,0,3,0,0,0,0,0,0,0,0,0,0,0,161,1156,0,0,0,0,0,0,0,3,0,0,0,0,0,0,0,0,13,0,0,6,0,0,7,0,0,0,0,3,0,0,0,0,0,0,0,0,0,0,0,0,0,0,0,7,0,0,0,0,0,0,0,0,0,0,0,0,0,0,0,0,0,0,0,0,0,0,0,0,0,0,0,68,0,0,0,0,486,0,0,0,0,0,0,0,0,0,0,0,0,0,1,11,0,0,0,0,0,0,0,0,0,0,0,0,0,0,0,0,0,0,0,125,0,8,0,0,4,0,0,4,0,0,5,0,0
"D343",0,2,2,142,0,0,10,0,0,0,0,0,0,0,0,0,0,0,0,0,3,0,0,0,0,203,0,4,0,0,0,0,8,0,0,0,0,0,0,0,0,0,0,0,0,82,0,0,0,0,0,16,546,0,3,0,0,0,8,0,0,48,0,1,0,0,0,0,0,9,0,0,0,74,0,0,0,0,0,0,0,0,0,0,0,0,0,0,0,0,0,0,0,0,0,0,0,0,0,0,0,0,0,0,0,434,0,0,0,0,1150,0,16,0,0,4,0,950,0,0,0,0,0,36,0,0,0,0,0,52,0,39,0,15,0,0,69,0,0,0,0,0,25,0,0,0,0,0,0,0,0,0,0,5,0,0,0,0,0,0,0,0,0,0,2,0,565,0,0,0,0,0,0,153,0,0,4,0,0,2,0,0,0,0,0,0,0,0,0,0,0,0,0,0,0,0,0,0,0,0,0,0,0,84,0,4,0,0,0,0,2,0,0,0,0,0,0,383,0,0,0,0,0,0,0,0,0,0,0,0,0,0,0,5,0,2,0,0,0,0,0,0,3,0,0,0,0,0,0,0,0,0,0,2,0,0,0,0,7014,26,0,3720,0,0,0,0,0,0,0,0,0,0,24,0,0,0,0,0,0,0,2,0,3,0,0,2,0,0,0,0,0,2,0,0,0,0,0,0,0,1529,0,0,0,0,7,0,0,0,0,0,0,6,0,0,0,18,0,0,0,0,0,0,0,0,0,1,8,0,0,0,0,0,4337,0,0,0,0,0,0,5,0,0,16,0,0,0,0,0,0,0,0,0,0,9,0,161,0,0,37,0,0,3,0,0,0,5,0,0,0,0,1,0,0,0,0,0,0,0,0,1,2,0,0,0,0,0,0,0,0,0,0,0,0,0,0,0,0,0,0,0,0,0,0,0,0,0,0,0,77,0,411,0,0,0,161,0,0,0,0,0,0,0,0,0,0,0,0,0,0,3,0,0,0,0,0,0,0,3,0,0,0,0,0,0,0,0,0,0,0,0,0,0,79,0,0,0,0,0,0,0,0,0,291,0,22,7,0,0,0,0,0,0,0,0,0,0,0,0,0,74,1213,0,0,0,0,0,0,0,0,0,56,0,0,0,0,2,4,0,0,0,0,4,4,0,0,0,0,0,0,0,0,0,0,0,0,0,0,0,0,0,0,0,0,0,0,89,1519,0,0,0,0,0,0,0,3,0,308,0,0,0,38,0,0,0,0,0,0,0,0,2,0,0,0,1,240,0,0,0,0,0,109,0,0,0,0,0,0,0,4,0,0,0,0,0,0,0,0,0,0,0,0,0,0,0,0,0,0,0,0,0,0,0,0,0,0,0,15,0,0,0,0,0,0
"D344",0,0,0,0,0,0,0,0,0,0,0,0,0,0,0,0,0,0,0,0,0,0,0,0,0,0,0,0,0,0,0,0,0,0,0,0,0,0,0,0,0,0,0,0,0,250,0,0,0,0,0,0,0,0,0,0,0,0,0,0,0,0,0,0,0,0,0,0,0,0,0,0,0,0,0,0,0,0,0,0,0,0,0,0,0,0,0,0,0,0,0,0,0,0,0,0,0,0,0,0,0,0,0,0,0,0,0,0,0,0,0,0,0,0,0,0,0,0,0,0,0,0,0,0,0,0,0,0,0,0,0,0,0,0,0,0,0,0,0,0,0,0,0,0,0,0,0,0,0,0,0,0,0,0,0,0,0,0,0,0,0,0,0,0,0,0,0,0,0,0,0,0,0,0,0,0,0,0,0,0,0,0,0,0,0,0,0,0,0,0,0,0,0,0,0,0,0,0,0,0,0,0,0,0,0,0,0,0,0,0,0,0,0,0,0,0,0,0,0,0,0,0,0,0,0,0,0,0,0,0,0,0,0,84,0,0,0,0,0,0,0,0,0,0,0,0,0,0,0,0,0,0,0,0,0,0,0,0,0,0,0,0,0,0,0,0,0,0,0,0,0,0,0,0,0,0,0,0,0,0,0,0,0,0,0,0,0,0,0,0,0,0,0,0,0,0,0,0,0,0,0,0,0,0,0,0,0,0,0,0,0,0,0,0,0,0,0,0,0,0,0,0,0,0,0,0,0,0,0,0,0,0,0,0,0,0,0,0,0,0,0,0,0,0,0,0,0,0,535,0,0,0,0,0,0,0,0,0,0,0,0,0,0,0,0,0,0,0,0,0,0,0,0,0,0,0,0,0,0,0,0,0,0,0,0,0,0,0,0,0,0,0,0,0,0,0,0,0,0,0,0,0,0,0,0,0,0,0,0,0,0,0,0,0,0,0,0,0,0,0,0,0,0,0,0,0,0,0,0,0,0,0,0,0,0,0,0,0,0,0,0,0,0,0,0,0,0,0,0,0,0,0,0,0,0,0,0,0,0,0,0,0,0,0,0,0,0,0,0,0,0,0,0,0,0,0,0,0,0,0,0,0,0,0,0,0,0,0,0,0,64,0,0,0,0,0,0,0,0,0,0,0,0,0,0,0,0,1,0,0,0,0,0,0,0,0,0,0,0,0,0,0,0,0,497,0,0,0,0,0,0,0,0,0,0,0,0,0,0,0,0,0,0,0,0,0,0,0,0,0,0,0,0,0,0,0,0,0,0,0,0,658,0,0,0,0,0,0,0,0,0,0,0,0,0,0,0,0,0,0,0,0,0,0,0,0,0,0,0,0,0,0,0,0,0,0,0,0,0,0,0,0,0
"D345",0,0,0,0,0,0,177,0,0,0,0,0,0,0,0,0,0,0,0,0,0,0,0,0,0,0,0,0,0,0,0,0,0,0,0,0,0,0,0,0,0,0,0,0,0,12,0,0,0,0,0,0,0,0,0,0,0,0,0,0,0,0,0,0,0,0,0,1,0,0,0,0,0,0,0,0,0,0,0,0,0,0,0,0,0,0,0,0,0,0,0,0,0,0,0,0,0,0,0,0,0,0,0,0,0,0,0,0,0,0,0,0,0,0,0,0,0,0,0,0,0,0,0,0,0,0,0,0,0,0,0,0,0,0,0,0,0,0,0,0,0,0,0,0,0,0,0,0,0,0,0,0,0,0,0,0,0,0,0,0,0,0,0,0,0,0,0,0,0,0,0,0,0,8,0,0,4,0,0,0,0,0,0,0,0,0,0,0,0,0,0,152,0,0,0,0,0,0,0,0,0,0,0,0,0,0,0,0,0,0,0,0,0,0,0,0,0,0,0,0,0,0,0,0,0,0,0,0,0,0,0,0,0,0,0,0,0,0,0,0,0,0,0,0,0,0,0,0,0,0,0,0,0,0,0,0,52,0,0,0,0,0,0,0,0,0,0,0,0,0,0,0,0,0,0,0,0,0,0,0,0,0,0,0,0,0,0,0,0,0,0,0,0,0,0,0,0,0,0,0,0,0,0,0,0,0,0,0,0,0,0,0,0,0,0,0,0,0,0,0,0,0,0,0,0,0,27,0,0,0,0,0,0,0,0,0,0,0,0,0,0,0,0,0,0,0,2,0,569,0,0,0,0,0,0,0,0,0,0,0,0,0,0,0,0,0,0,0,0,0,0,0,0,0,0,0,0,0,0,0,0,0,0,0,0,0,0,0,0,0,0,0,0,0,0,0,0,0,0,0,0,0,0,0,0,0,0,0,0,0,0,0,0,0,0,0,0,0,0,0,0,0,0,0,0,0,0,0,0,0,0,0,0,0,0,0,0,0,0,0,0,0,0,0,0,0,0,0,0,0,0,11,0,0,0,0,0,0,0,0,0,0,0,0,2,0,0,0,0,0,0,0,0,0,0,0,0,0,0,0,0,0,0,0,0,0,0,0,0,0,91,0,0,0,0,0,0,0,0,0,0,0,0,0,0,0,0,78,0,0,0,0,0,0,0,4,0,0,0,0,0,0,0,0,15,0,0,0,0,0,0,0,0,0,0,0,0,0,0,0,0,0,0,0,0,0,0,0,0,0,0,0,0,0,0,0,0,0,0,0,0,1348,0,0,0,0,0,0,0,0,0,0,0,0,0,0,0,0,80,0,0,0,0,0,0,0,0,0,0,0,0,0,0,0,0,0,0,0,0,0,0,0,0
"D346",0,0,0,0,0,0,0,0,0,0,0,0,0,0,0,0,0,0,0,0,0,0,0,0,0,0,0,0,0,0,0,0,0,0,0,0,0,0,0,0,0,0,0,0,0,0,0,0,0,0,0,0,0,0,0,0,0,0,0,0,0,0,0,0,0,0,0,0,0,0,0,0,0,0,0,0,0,0,0,0,0,0,0,0,0,0,0,0,0,0,0,0,0,0,0,0,0,0,0,0,0,0,0,0,0,0,0,0,0,0,0,0,0,0,0,0,0,0,0,0,0,0,0,0,0,0,0,0,0,0,0,0,0,0,0,0,0,0,0,0,0,0,0,0,0,0,0,0,0,0,0,0,0,0,0,0,0,0,0,0,0,0,0,0,0,0,0,0,0,0,0,0,0,0,0,0,0,0,0,0,0,0,332,0,0,0,0,0,0,0,0,0,0,0,0,0,0,0,0,0,0,0,0,0,0,0,0,0,0,0,0,0,0,0,0,0,0,0,0,0,0,0,0,0,0,0,0,0,0,0,0,0,0,0,0,0,0,0,0,0,0,0,0,0,0,0,0,0,0,0,0,0,0,0,0,0,0,0,0,0,0,0,0,0,0,0,0,0,0,0,0,0,0,0,0,0,0,0,0,0,0,0,0,0,0,0,0,0,0,0,0,0,0,0,0,0,0,0,0,0,0,0,0,0,0,0,0,0,0,0,0,0,0,0,0,0,0,0,0,0,0,0,0,0,0,0,0,0,0,0,0,0,0,0,0,0,0,0,0,0,0,0,0,0,0,0,0,0,0,0,0,0,0,0,0,0,0,0,0,0,0,0,0,0,0,0,0,0,0,0,0,0,0,0,0,0,0,0,0,0,0,0,0,0,0,0,0,0,0,0,0,0,0,0,0,0,0,0,0,0,0,0,0,0,0,0,0,0,0,0,0,0,0,0,0,0,0,0,0,0,0,0,0,0,0,0,0,0,0,0,0,0,0,0,0,0,0,0,0,0,0,0,0,0,0,0,0,0,0,0,0,0,0,0,0,0,0,0,0,0,0,0,0,0,0,0,0,0,0,0,0,0,0,0,0,0,0,0,0,0,0,0,0,0,0,0,0,0,0,0,0,0,0,0,0,0,3,0,0,0,0,0,0,0,0,0,0,0,0,0,0,0,0,0,0,0,0,0,0,0,0,0,0,0,0,0,0,0,0,0,0,0,0,0,0,0,0,0,0,0,0,0,0,0,0,0,0,0,0,0,0,0,0,0,0,0,0,0,0,0,0,0,0,0,0,0,0,0,0,0,0,0,0,0,0,0,0,0,0,0,0,0,0,0,0,0,0,0,0,0,0,0,0,0,0,0,0,0,0,0,0,0,0
"D347",8,23,0,0,3,40,0,27,0,0,0,0,0,0,2,0,0,7,0,0,0,0,0,1,0,0,0,8,0,0,1,0,0,0,2,0,2,2,0,1,9,0,2,3,0,0,0,5,0,0,0,0,28,3,15,0,7,10,0,0,0,0,55,0,0,0,30,0,0,4,0,0,0,0,0,3,0,10,5,10,0,0,5,0,0,0,0,0,35,0,0,0,11,0,5,6,0,0,0,0,15,0,0,0,0,0,0,14,18,0,0,0,0,0,0,0,21,0,4,3,0,0,0,0,0,10,4,0,4,0,5,0,3,0,0,7,0,0,0,0,0,0,0,0,55,10,0,0,0,0,0,2,37,131,10,0,0,0,0,2,0,4,0,0,1,4,0,0,0,6,0,4,0,11,2,4,0,0,0,0,11,22,0,2,0,0,7,2,0,0,0,0,0,0,0,0,0,7,0,0,0,0,0,0,0,45,0,0,0,2,3,8,2,0,0,0,0,0,8,0,0,0,9,4,0,0,4,69,0,0,0,0,0,0,0,0,0,0,0,0,0,4,0,0,0,2,0,8,0,1,0,0,13,9,0,0,0,0,2,0,0,0,0,0,14,0,0,0,2,2,0,0,0,2,3,0,0,1,10,5,53,0,0,0,0,0,1,0,0,1,0,0,9,0,0,2,0,0,0,45,0,0,1,0,7,0,0,27,68,0,0,0,36,26,1,0,0,0,3,0,0,0,3,0,0,0,0,0,0,6,0,1,1,6,0,0,0,8,0,19,4,12,0,0,8,13,4,0,0,0,33,0,0,0,0,0,0,2,0,1,0,6,6,4,0,8,9,0,0,3,4,5,0,0,0,0,0,0,0,0,0,0,0,0,0,0,0,0,0,19,78,0,0,0,0,1,0,0,0,0,0,2,2,0,2,13,2,0,0,0,0,35,0,2,0,0,0,5,2,0,0,0,0,0,0,0,0,0,0,0,0,0,0,0,0,0,5,0,0,2,2,0,0,0,0,0,0,0,0,4,0,0,0,0,6,0,7,0,0,0,0,0,0,0,9,7,0,0,5,0,46,0,0,6,0,2,0,0,0,0,0,0,0,34,0,0,0,0,0,0,0,9,0,0,6,0,0,0,0,0,0,0,0,0,0,0,0,0,5,0,21,0,0,3,0,0,0,0,2,0,0,0,4,0,0,0,0,0,1,16,7,0,9,17,0,0,0,25,109,4,0,6,0,0,29,0,0,0,48,0,0,11,2,0,0,0,0,0,4,35,0,0,11,0,0,0,10,0,0,11,0,0,0,3,0,0,0,0,10,4,1,25,0,0,0,0,0,5,0,0,0,0,0,0,11,0,0,7,0,4,10,27,0
"D348",0,0,1,0,0,0,0,1,0,0,0,0,0,0,0,0,0,0,23,0,0,2,0,0,40,0,293,0,0,0,0,0,0,0,0,1,0,0,0,0,0,0,0,166,0,0,0,0,0,0,0,10,2,0,0,0,0,0,0,0,0,0,13,2,0,0,0,0,0,0,14,70,339,0,5,0,0,0,0,0,23,30,0,0,0,109,2,0,0,338,0,0,0,0,17,0,171,0,0,0,0,1,131,0,0,0,0,1,56,0,26,0,0,0,7,0,0,0,4,0,0,0,0,0,0,0,0,96,0,0,0,0,0,0,0,0,0,929,7,0,0,0,0,0,265,0,0,0,3,0,0,0,0,0,0,2,6,0,0,0,0,4,0,0,0,0,2,0,0,0,667,122,276,0,0,8,0,0,0,0,3,0,106,1,336,0,0,0,0,0,0,0,2,0,0,0,17,0,0,0,0,530,22,0,0,6,0,0,0,0,0,0,0,0,0,0,3,0,0,0,7,0,0,0,0,0,0,0,0,0,2618,53,39,3,0,0,0,0,0,0,0,2,0,1,37,0,0,5,5,0,0,0,0,96,0,0,0,0,0,0,0,0,0,0,0,0,0,0,0,0,0,0,0,65,0,0,0,0,0,0,0,0,6,0,0,3,11,28,0,135,0,0,0,0,0,0,0,0,0,0,0,0,0,0,0,0,0,0,0,0,0,0,0,0,0,0,4,0,0,0,0,0,0,0,6,0,0,0,0,0,0,0,0,0,0,0,0,0,196,0,0,0,6,0,0,0,3,0,0,0,0,0,0,0,0,0,0,0,0,0,101,0,26,9,0,0,0,0,312,0,2,0,0,0,0,0,0,0,0,0,0,0,0,0,14,0,0,0,0,3,0,3,0,5,0,0,0,0,1148,94,0,0,44,1,13,0,154,5,0,0,0,0,0,0,0,3,1,2,0,0,19,4,0,12,20,0,0,0,0,0,0,719,219,2,375,0,5,0,0,14,0,0,755,0,2,0,2,0,0,0,0,0,0,0,0,2,0,0,0,0,0,0,0,0,0,0,0,0,0,0,0,0,0,0,0,0,496,211,0,0,0,0,2,0,5,0,0,0,0,0,0,0,0,0,0,0,0,0,24,0,108,0,0,0,1,6,0,0,0,0,9,0,0,0,172,0,0,0,0,0,0,0,0,0,0,0,0,0,7,8,0,0,0,0,9,0,0,0,2,0,0,0,255,0,0,0,0,504,0,708,0,9,0,0,2,6,0,0,0,9,0,0,11,0,4,10,2,0,0,0,0,0,0,0,0,0,0,0,3,0,0,0,0,0,0,0,295,0,0,2676,16,9,0,0,2,0,0,347,0,0,0,0,0
"D349",0,514,0,0,0,0,0,4,0,0,74,0,0,22,0,0,13,0,0,8,0,0,161,0,0,0,0,0,0,34,0,0,0,0,0,0,0,0,0,0,0,0,0,0,11,0,0,0,2,0,0,0,0,0,0,0,0,0,0,245,10,0,4,0,0,802,0,0,0,0,0,0,0,0,0,0,367,0,0,0,0,0,0,0,0,0,0,0,0,0,5,0,0,0,0,0,0,0,0,0,0,0,0,0,0,0,0,0,254,12,0,0,0,0,0,0,0,0,0,0,225,0,0,0,0,0,0,0,9,0,225,0,0,0,0,0,0,0,0,0,0,0,0,0,0,0,0,0,0,0,0,0,0,0,0,0,0,0,0,0,0,0,0,0,0,0,0,0,0,0,0,0,0,0,0,0,0,0,0,0,0,0,0,0,0,0,0,0,0,0,0,0,0,0,2,0,0,0,10,0,0,0,0,0,0,0,0,0,0,0,0,0,0,0,0,0,0,0,0,0,0,0,0,0,0,1297,0,0,5,0,0,0,0,0,0,0,0,0,14,0,0,0,0,0,0,0,6,0,0,0,0,0,0,0,0,0,0,0,0,0,0,0,0,0,0,0,0,0,0,0,0,197,0,0,0,0,9,0,0,0,211,0,0,0,0,0,0,0,0,0,0,0,0,0,0,0,0,0,0,3,0,0,0,0,0,0,0,619,0,0,0,0,0,0,0,0,0,0,0,0,0,0,0,0,0,0,0,0,0,0,0,0,0,0,2532,0,0,0,0,0,69,0,0,0,0,0,0,0,0,0,0,0,428,0,0,0,0,0,0,0,0,0,0,0,0,0,0,0,0,0,0,0,0,0,0,7,0,0,0,0,0,0,0,0,0,0,1,0,0,0,0,0,0,0,0,0,0,0,0,0,0,0,0,0,0,0,0,0,0,0,0,0,0,0,0,0,0,0,0,0,0,0,0,0,0,49,0,4,0,0,7,0,0,0,0,0,0,0,0,0,0,0,0,0,0,0,0,4,3,0,0,1,0,0,0,0,0,0,0,0,0,0,0,0,0,0,0,0,0,0,0,0,0,0,0,0,0,0,1,0,0,0,0,0,0,0,0,0,0,0,0,0,0,5,3,0,0,2,0,173,0,0,0,0,0,101,1978,0,0,0,0,0,0,0,0,0,0,20,0,26,2,0,0,0,0,0,0,0,0,0,0,0,0,0,0,0,0,0,0,0,0,0,0,0,0,0,0,0,0,0,0,0,52,0,0,0,41,0,35,0,0,0,0,0,0,0,0,0,0,0,55,0,0,0,180,0,0,0,14,21,0,0,0,8,0,0,0,0,0,0,0,0,0,0,95,0,0,0,0,0,0,1,0
"D350",0,0,0,0,0,0,0,0,80,30,0,0,0,0,0,17,0,0,0,2,19,0,0,0,0,0,93,0,0,0,4,0,5,1237,0,0,1,0,0,0,0,0,0,177,0,0,12,0,0,0,0,0,0,11,0,0,0,0,0,0,0,0,0,0,0,0,0,0,0,0,11,101,179,0,8,0,0,0,24,0,561,0,0,0,0,280,22,84,0,8,0,0,0,0,2,0,9,0,2,0,0,0,892,0,0,0,0,0,0,0,0,0,0,0,0,0,0,0,5,0,0,0,0,0,0,0,17,1948,0,0,0,0,0,0,0,0,0,1027,0,0,0,0,0,0,0,0,0,0,0,3,0,0,0,0,0,3,3,0,0,0,0,0,0,0,0,0,0,0,0,0,778,0,0,0,0,0,6,0,0,0,0,0,0,0,440,0,0,0,0,0,0,0,0,0,0,0,0,0,0,0,0,48,0,0,0,0,0,0,0,0,0,0,0,0,0,0,0,0,0,0,0,0,0,0,0,0,0,0,0,0,58,0,12,24,0,0,0,0,0,0,0,0,0,28,54,4,0,0,1,0,0,0,0,0,0,0,0,0,0,0,0,0,0,0,0,0,0,0,0,0,0,0,0,0,0,8,0,0,0,0,10,0,0,0,0,0,60,0,0,0,0,0,0,0,0,115,0,0,0,61,0,0,0,0,0,0,0,0,0,0,0,0,0,0,0,0,0,0,0,0,0,0,0,0,0,0,0,0,0,0,0,0,0,0,0,0,0,0,199,0,0,69,25,0,0,0,6,0,0,0,0,0,0,0,0,0,0,0,0,0,141,0,8,0,0,0,0,0,152,0,0,0,0,0,0,0,0,0,0,0,0,0,0,10,64,0,0,0,0,0,0,0,0,0,0,0,11,0,1408,0,0,0,15,0,0,0,10,0,0,0,0,0,0,0,0,2283,0,0,0,0,0,0,0,0,17,0,0,0,0,0,0,3,2335,38,502,0,0,0,0,0,0,0,89,0,0,0,38,0,0,0,3,0,0,0,0,57,0,0,0,0,0,0,0,0,0,0,0,0,0,0,0,0,0,454,0,0,2260,2364,0,0,0,0,0,0,0,0,0,0,0,0,7,0,0,0,0,0,0,0,0,0,106,0,0,0,41,0,0,0,0,0,0,0,0,0,373,0,0,0,0,0,0,6,0,0,0,0,0,0,0,0,0,0,0,0,2,0,0,0,10,0,0,0,288,0,0,0,0,0,0,2094,0,0,0,1019,0,0,0,0,0,0,0,0,0,0,0,0,0,0,5,11,0,0,0,0,0,0,0,0,0,0,0,0,0,0,0,0,0,0,0,6730,33,2,0,0,0,0,0,2,0,5,0,0,0
"D351",0,0,0,0,0,0,0,0,0,0,0,0,0,0,0,0,0,0,0,0,0,0,0,0,0,0,0,73,0,0,0,0,5,0,0,0,0,0,0,0,0,0,0,0,0,50,0,0,0,0,0,2,8,0,0,0,0,0,0,0,0,179,0,0,0,0,0,0,0,20,0,0,0,0,0,0,0,0,0,0,0,0,0,0,0,0,0,0,0,0,0,0,0,0,0,0,0,0,0,0,0,0,0,0,0,0,0,0,0,0,0,0,0,0,0,0,0,0,0,0,0,0,0,0,0,0,0,0,0,0,0,0,0,0,0,0,0,0,0,0,0,0,0,0,0,0,0,0,0,0,25,0,0,0,0,0,0,0,0,0,0,0,0,0,0,0,0,0,0,0,0,0,0,624,0,0,0,0,0,0,0,0,0,73,0,0,3,0,0,0,0,0,0,0,0,0,0,0,0,0,0,0,0,0,0,0,3,0,0,0,2,2,0,0,0,0,0,0,0,0,0,0,0,0,0,0,0,0,0,0,0,0,0,0,0,4,0,0,0,0,2,0,0,0,0,12,0,0,0,3,0,0,0,0,0,0,58,0,0,0,0,0,0,0,0,0,0,0,0,0,0,0,0,0,0,17,0,0,0,0,0,0,7,0,0,0,4,0,0,0,0,0,0,0,0,0,0,0,0,589,0,0,0,0,46,0,0,0,0,0,0,0,0,0,0,0,0,0,0,0,0,0,0,0,0,0,2,0,0,0,0,0,1251,0,0,0,0,0,0,0,0,0,2,0,0,0,4,0,629,0,0,0,0,0,0,0,0,0,0,0,0,3,0,0,0,2,0,0,0,0,0,0,0,0,0,0,0,0,0,0,0,0,0,0,0,13,0,0,0,0,0,0,0,0,0,0,0,0,0,0,0,0,0,0,0,0,0,0,0,0,0,0,0,0,0,0,0,0,0,0,0,0,0,0,0,0,0,0,0,0,0,0,0,0,0,0,0,0,0,0,0,0,0,0,0,0,0,0,0,0,63,175,0,0,0,0,0,0,0,0,9,0,0,0,7,0,0,0,0,0,0,0,0,0,2,0,0,0,0,0,0,0,0,0,0,0,0,0,0,0,0,0,0,0,0,157,5,0,0,0,0,0,0,0,0,0,0,3,0,4,0,0,0,0,0,0,0,0,0,0,0,0,4,0,1532,0,0,0,0,0,0,0,0,0,0,0,0,0,0,0,0,0,0,0,0,0,0,0,2,0,0,0,0,0,14,0,0,0,0,0,0,0,0,0,0,0,0,0,0,0,0,0,0,0,0,0,0,0,57,0,0,0,0,0,0,0,0,0,0,0,0,0,0,0,0,0,0,0,0,0,317,0,0
"D352",0,6,12,0,0,0,0,0,0,0,19,7,0,3,0,0,0,0,0,0,0,0,0,0,7,0,0,0,0,4,2,3,0,0,6,0,0,10,3,1,0,0,18,0,0,0,0,0,0,9,0,0,5,0,0,0,5,0,0,1,16,0,0,0,0,0,0,1,0,1,7,0,0,0,0,3,22,0,0,2,0,0,0,0,0,0,0,0,19,0,3,0,0,0,1,2,0,0,0,0,5,1,0,0,0,0,0,0,55,0,0,3,0,2,6,4,2,0,45,3,0,0,0,0,10,0,0,0,0,0,3,0,0,0,0,3,0,0,0,0,0,0,0,0,0,9,0,2,0,0,0,0,2,5,0,0,0,0,0,172,5,0,0,0,2,0,0,0,0,1,0,0,0,2,0,0,0,3,0,4,5,0,16,0,0,0,0,0,2,0,0,0,0,0,1,4,0,10,0,0,4,0,5,0,31,31,0,0,0,0,0,0,0,4,0,0,0,0,0,11,1,0,0,0,0,232,0,39,5,0,0,0,10,0,0,0,18,16,13,0,0,0,0,0,0,0,0,6,0,0,3,0,0,2,0,7,0,3,0,0,0,0,0,0,21,0,2,0,3,0,0,15,0,2,0,0,0,0,0,4,10,0,0,0,0,3,0,0,0,0,11,0,0,0,0,0,0,0,0,10,2,0,0,10,0,0,0,0,1,12,7,0,48,8,3,0,0,0,0,0,332,8,0,2,2,0,0,0,2,0,0,0,0,6,0,3,0,3,0,0,12,0,0,9,0,2,0,0,0,0,2,4,8,0,0,0,0,0,0,1,0,0,0,0,0,1,12,0,0,0,4,2,2,0,1,6,0,0,0,0,0,0,0,0,0,4,72,2,2,0,41,0,0,0,0,9,0,2,0,0,0,4,0,2,38,4,0,6,0,0,0,47,0,0,0,0,0,0,2,0,0,0,0,0,0,5,10,274,0,0,0,0,0,0,0,0,0,0,0,0,0,0,0,2,3,0,0,43,0,1,1,2,0,0,2,0,0,0,0,8,0,0,0,0,0,0,0,0,0,15,0,0,2,7,10,0,0,0,0,0,0,0,0,0,0,0,0,0,0,0,0,0,3,0,0,0,0,0,0,0,0,0,0,0,0,169,66,0,0,0,2,0,0,17,0,0,0,11,0,0,0,0,15,0,0,0,0,0,0,7,0,0,74,0,0,0,0,0,0,0,0,2,0,0,6,1,5,0,5,0,0,0,0,0,0,0,1,0,4,12,0,0,20,0,0,3,3,0,3,0,0,0,4,20,0,0,3,0,41,0,0,0,0,4,0,0,0,4,0,0,0,0,0,0,105,0,0,0,0,0,3,2,0
"D353",0,0,0,0,0,0,0,0,0,1,0,0,0,0,0,0,3,0,0,2,17,0,0,0,0,0,25,0,0,0,0,0,11,0,0,0,0,0,0,0,11,0,0,0,4,0,0,0,134,0,0,0,0,0,4,0,0,0,6,0,0,0,47,0,0,0,12,0,0,0,0,0,3,0,0,0,0,0,0,0,0,0,0,0,0,70,0,4,0,2,0,0,3,190,0,0,4,0,76,0,0,0,59,630,0,0,0,0,0,0,4,11,0,0,0,0,0,0,0,0,0,0,0,0,0,0,0,1494,0,0,0,2,0,0,0,0,0,56,0,3,375,0,0,0,2,0,9,2,0,0,0,0,0,3,0,0,0,0,0,0,0,0,0,0,0,0,0,0,0,0,0,0,0,0,0,0,0,0,0,0,0,2,0,2,0,0,0,0,0,0,0,0,0,550,0,0,0,0,0,0,0,177,0,0,0,0,0,0,0,0,1,0,1,0,0,0,0,0,0,0,31,0,64,0,22,0,0,0,0,0,1,0,0,5,0,0,0,0,0,0,0,0,0,0,0,0,0,0,8,0,2,0,7,34,0,0,0,0,3,0,0,0,0,16,0,5,0,0,0,0,0,0,0,0,0,0,0,0,0,0,31,0,12,0,0,0,50,5,0,0,0,3,5,0,0,0,0,0,0,104,0,0,0,0,0,0,0,0,0,0,0,0,0,0,0,0,0,0,0,0,0,0,0,0,0,0,0,0,0,0,0,0,0,0,0,0,7,0,4,0,0,0,51,0,0,0,1,0,0,0,0,0,0,0,0,0,0,0,0,0,11,0,668,0,0,0,0,0,7,0,0,0,0,3,0,0,0,0,0,0,0,0,0,0,0,0,0,78,0,0,0,0,0,0,0,0,0,0,132,2,601,0,0,4,0,0,0,0,0,0,0,0,0,0,0,222,0,0,0,0,0,1,0,0,0,0,0,0,0,0,54,0,290,0,0,0,0,0,0,0,0,0,15,0,0,0,30,0,0,0,0,0,10,0,0,12,0,0,3,0,0,0,0,0,0,0,0,0,0,0,0,0,0,0,0,0,42,596,0,0,0,0,0,0,0,0,45,0,5,0,20,0,0,0,0,0,0,0,0,0,11,0,0,0,0,0,0,0,0,0,0,0,0,0,0,0,0,0,0,0,3,5,0,0,0,0,15,0,0,0,0,0,0,0,0,0,0,0,3,0,0,0,4,0,0,0,0,0,272,51,0,0,0,43,0,0,0,0,0,0,0,0,0,0,0,0,0,0,0,3,0,8,0,0,0,0,0,0,0,39,0,0,9,0,0,4,0,0,0,263,0,0,0,5,0,3,0,1,0,0,0,0,0
"D354",0,0,0,0,0,0,0,0,2,0,0,0,0,0,0,0,0,0,0,0,7,0,0,0,0,19,0,0,0,0,0,0,0,0,0,0,0,0,0,0,0,0,0,0,0,0,0,0,0,0,0,0,0,0,0,0,0,0,0,0,0,0,0,76,0,0,0,0,0,0,0,0,0,40,0,0,0,0,0,0,0,6,0,0,0,0,3,0,0,0,0,0,0,0,0,0,0,0,0,0,0,0,0,0,0,2183,0,0,0,0,465,0,5,0,0,0,0,1597,0,0,0,0,0,0,0,0,0,0,0,0,0,1,0,0,0,0,140,0,0,0,0,14,262,0,0,0,0,0,0,0,0,0,0,0,0,5,0,0,0,0,0,3,0,0,2,0,160,0,0,0,0,0,0,0,0,0,0,0,0,0,0,0,0,43,0,0,2,9,0,0,0,0,0,0,0,0,0,0,0,0,0,0,0,5,0,0,0,0,0,0,0,0,0,0,0,0,0,0,0,0,0,0,0,0,0,0,0,0,0,0,0,0,0,1,0,0,0,0,0,0,0,7,0,0,0,0,0,0,0,0,0,0,0,0,0,0,0,0,25505,122,0,37,0,0,0,0,0,0,0,0,0,0,0,0,0,4,0,0,0,0,3,0,12,0,0,0,0,0,0,0,0,0,0,0,0,0,0,0,2,0,0,0,0,0,0,2,0,0,0,0,0,444,0,0,0,0,0,0,0,0,0,0,0,0,0,0,0,0,0,0,0,0,4,0,0,0,0,0,0,0,0,0,4,0,0,0,0,0,0,0,0,0,0,0,0,88,0,0,0,0,0,0,0,0,0,0,0,0,0,0,7,0,0,0,0,0,0,0,0,24,8,0,0,0,0,6,0,0,0,0,0,0,0,0,0,0,0,0,0,0,0,0,0,0,0,0,0,0,0,0,3,0,0,0,2569,0,0,0,0,0,0,0,0,0,0,0,0,0,0,0,0,0,0,0,0,0,0,0,0,0,0,0,0,0,0,0,0,0,0,0,0,16,0,0,0,0,0,0,0,0,0,0,250,0,0,0,0,0,0,0,0,0,0,1,0,0,0,0,0,0,1414,0,0,0,0,0,0,0,0,0,0,0,0,0,0,0,0,0,0,0,0,632,0,0,0,0,0,0,0,0,0,0,0,0,0,0,0,0,0,0,0,0,0,0,0,152,86,0,0,0,0,0,0,0,0,0,0,0,0,0,26,0,0,0,0,0,0,0,0,0,0,0,0,0,0,0,0,0,0,0,0,0,0,0,0,0,0,0,17,6,0,0,0,0,0,0,0,0,0,0,0,0,0,0,0,0,0,0,6,0,0,0,0,0,0,0,0,0,0,0,11,0,107
"D355",0,0,0,0,0,0,0,0,0,0,0,0,0,0,0,0,0,0,0,0,0,0,0,0,0,0,0,0,5,0,0,0,0,405,0,0,0,0,0,0,0,0,0,0,0,0,0,0,0,0,0,0,0,0,0,0,0,0,182,0,0,0,0,0,0,0,0,5762,0,0,0,0,0,0,0,0,0,0,0,0,0,0,0,0,0,0,0,0,0,0,0,0,0,0,0,0,0,0,0,0,0,0,0,0,0,0,0,0,0,0,159,0,0,0,0,0,0,0,0,0,0,0,0,0,0,0,0,0,0,0,0,0,0,0,0,0,0,0,0,0,0,0,0,0,0,0,0,0,0,0,248,0,0,0,0,0,0,0,0,0,0,0,0,0,0,0,245,0,0,0,0,0,0,0,0,0,0,0,0,0,0,0,0,1936,0,0,0,0,0,0,0,0,0,0,0,0,0,0,0,0,0,0,0,0,0,0,0,0,0,0,0,0,0,0,0,0,66,0,0,0,0,0,0,0,0,0,0,0,0,0,0,0,0,0,0,0,0,0,0,0,0,598,0,0,0,0,0,0,0,0,0,62,0,0,0,0,0,0,0,0,0,0,0,0,0,0,0,0,0,0,0,0,0,0,0,0,0,0,0,0,0,177,0,0,0,0,0,0,0,0,0,0,0,0,0,0,0,0,0,62,0,0,0,0,0,0,0,0,0,0,0,0,0,0,0,0,0,0,0,0,0,0,0,0,0,0,0,0,0,0,0,0,653,0,0,0,0,0,0,0,0,0,0,0,0,0,0,0,0,0,0,0,0,0,0,0,0,0,0,0,0,0,0,0,0,0,0,0,0,0,0,0,0,0,0,0,0,0,0,0,0,0,0,0,0,0,0,0,0,0,0,0,0,0,0,0,0,0,0,0,0,0,0,0,0,0,0,0,0,0,0,0,0,0,0,0,0,0,0,0,0,0,0,0,0,0,0,0,0,0,0,0,0,0,0,0,133,0,0,0,0,0,0,0,0,0,0,0,0,0,0,0,0,0,0,0,0,0,0,0,0,0,0,0,144,0,0,0,0,0,0,0,0,0,0,0,0,0,0,92,0,0,0,0,0,0,0,0,0,0,0,0,0,0,0,0,0,0,0,0,0,0,0,0,0,0,0,0,0,0,0,0,0,0,0,0,0,0,0,0,0,0,0,0,461,14,998,0,0,0,0,0,0,0,0,0,0,0,0,0,224,0,0,0,0,0,0,14,0,0,0,0,0,0,0,0,0,0,0,0,0,0,0,0,0,0,0,33,0,37,0,0,0,0,0,0,0,0,0,0,0,0,0,0,0,0,0,0,0,0,0,0,0,0,0,0,0,0,0,0,141,0,0
"D356",0,2,2,0,3,9,0,0,0,0,0,0,0,19,0,33,125,0,0,91,0,0,536,0,0,0,0,2,0,0,410,0,4,0,0,0,0,6,0,104,0,0,217,0,0,0,0,0,215,0,0,0,0,0,0,0,0,0,0,879,4,0,235,0,0,254,29,0,4,0,0,0,0,0,0,0,25,0,0,2,0,0,0,0,119,0,0,0,0,0,29,0,3,0,24,0,2,0,0,0,0,0,0,0,90,0,0,0,117,21,0,0,0,2,0,0,0,0,0,0,0,4,0,0,0,0,0,0,84,0,0,0,16,0,3,0,0,0,0,5,11,0,0,0,0,0,0,0,0,0,0,0,0,12,0,0,0,60,0,0,123,0,0,16,0,0,0,13,0,0,0,0,0,0,0,0,5,0,0,27,0,0,0,2,0,0,14,0,54,0,0,0,0,0,18,0,0,0,0,0,0,0,0,0,0,0,0,0,0,0,0,2,0,0,3,0,0,0,0,0,0,0,4,0,0,0,0,0,0,10,0,0,0,0,0,0,0,0,0,14,0,0,0,0,0,0,17,0,0,0,299,0,29,0,0,0,0,0,0,0,0,20,594,4,0,0,0,0,3,0,0,0,0,0,0,0,2,0,0,0,1943,0,1,0,0,0,7,4,0,0,0,3,0,124,0,0,0,2,0,0,4,0,0,0,42,0,0,874,4,0,129,0,0,0,0,0,0,77,0,0,0,0,0,0,0,0,0,6,2,0,0,63,0,0,20,0,46,42,0,0,0,0,22,4,0,8,0,0,0,0,7,0,88,0,0,0,0,0,0,0,0,0,0,0,0,0,2,0,0,0,0,0,2,0,17,0,0,0,0,0,0,0,0,0,0,0,0,120,121,0,0,0,0,412,0,0,24,8,0,0,0,20,0,0,0,0,0,0,0,0,0,0,0,113,0,0,4,0,40,3,0,0,7,0,0,3,0,0,0,0,9,0,0,0,0,917,0,0,0,0,0,1,0,4,0,0,0,0,18,0,0,0,0,109,0,0,0,0,71,5,0,0,0,55,0,0,0,2,0,0,1367,0,0,0,0,0,0,0,0,0,0,0,0,0,58,0,0,0,0,0,0,0,0,55,3,0,0,9,0,74,0,0,0,55,0,143,65,0,0,0,0,0,0,0,0,0,0,55,0,37,26,0,0,0,0,0,0,6,0,0,5,605,0,31,0,0,0,0,0,0,0,0,0,117,0,0,0,0,875,0,0,2,0,0,0,0,0,192,0,0,0,0,0,6,2,0,293,0,0,9,0,0,0,7,0,0,0,19,247,127,0,0,104,2,2,0,0,0,0,0,0,0,0,0,108,4,0,0,3,0,0,0,0
"D357",0,0,0,0,0,0,0,0,0,0,0,0,0,0,0,0,0,0,0,0,0,0,0,0,0,0,0,0,0,0,0,0,0,0,0,0,0,0,0,0,0,0,0,0,0,0,0,0,0,0,0,0,0,0,0,0,0,0,0,0,0,0,0,0,0,0,0,0,0,0,0,0,0,0,0,0,0,0,0,0,0,0,0,0,0,0,0,0,0,0,0,0,0,0,0,0,0,0,0,0,0,0,0,0,0,0,0,0,0,0,4,0,0,0,0,0,0,0,0,0,0,0,0,0,0,0,0,0,0,0,0,0,0,0,0,0,0,0,0,0,0,0,0,0,0,0,0,0,0,0,0,0,0,0,0,0,0,0,0,0,0,0,0,0,0,0,0,0,0,0,0,0,0,0,0,0,0,0,0,0,0,0,0,0,0,0,0,0,0,0,0,0,0,0,0,0,0,0,0,0,0,0,0,0,0,0,0,0,0,0,0,0,0,0,0,0,0,0,0,0,0,0,0,0,0,0,0,0,0,0,0,0,0,0,0,0,0,0,0,0,0,0,0,0,0,0,0,0,0,0,0,0,0,0,0,0,0,0,0,0,0,0,0,0,0,0,0,0,0,0,0,0,0,0,0,0,0,0,0,0,0,0,0,0,0,0,0,0,0,0,0,0,0,0,0,0,0,0,0,0,0,0,0,0,0,0,0,0,0,0,0,0,0,0,0,0,0,0,0,0,0,0,0,0,0,0,0,0,0,0,0,0,0,0,0,0,0,0,0,0,0,0,0,0,0,0,0,0,0,0,0,0,0,0,0,0,0,0,0,0,0,0,0,0,0,0,0,0,0,0,0,0,0,0,0,0,0,0,0,0,0,0,0,0,0,0,0,0,0,0,0,0,0,0,0,0,0,0,0,0,0,0,0,0,0,0,0,0,0,0,0,0,0,0,0,0,0,0,0,0,0,0,0,0,0,0,0,0,0,0,0,0,0,0,0,0,0,2,0,0,0,0,0,0,0,0,0,0,0,0,0,0,0,0,0,0,0,0,0,0,0,0,0,0,0,0,0,0,0,0,0,0,0,0,0,0,0,0,0,0,0,0,0,0,0,0,0,0,0,0,0,0,0,0,0,0,0,0,0,0,0,0,0,0,0,0,0,0,0,0,0,0,0,0,0,0,0,0,0,0,0,0,0,0,67,0,0,0,0,0,0,0,0,0,0,0,0,0,0,0,0,0,0,0,0,0,0,0,0,0,0,0,0,0,0,0,0,0,0,0,0,0,0,0,0,0,0,0,0,0,0,0,0,0,0,0,0,0,0,0,0,0,0,0,0,0,0,0,0,0,0,0,0,0,0,0,0,0,0,0,0,0,0
"D358",0,0,0,0,0,0,0,0,0,0,0,0,0,0,0,0,0,0,0,0,0,0,0,0,0,0,0,0,0,0,0,0,0,0,0,0,0,0,0,0,0,0,0,0,0,0,0,0,0,0,0,0,0,0,0,0,0,0,0,0,0,0,0,0,0,0,0,0,0,0,0,0,0,0,0,0,0,0,0,0,0,0,0,0,0,0,0,0,0,0,0,0,0,0,0,0,0,0,0,0,0,0,0,0,0,0,141,0,0,0,31,0,0,0,0,0,0,0,0,0,0,0,0,0,0,0,0,0,0,0,0,0,0,0,0,0,0,0,0,0,0,0,0,0,0,0,0,0,0,0,9,0,0,0,0,0,0,0,0,0,0,0,0,0,0,0,0,0,0,0,0,0,0,0,0,0,0,0,0,0,0,0,0,0,0,0,0,0,0,0,0,0,0,0,0,0,0,0,0,0,0,0,0,0,0,0,0,0,0,0,0,0,0,0,0,0,0,0,0,0,0,0,0,26,0,0,0,0,0,0,0,0,0,0,0,0,0,0,0,0,0,0,0,0,0,0,0,0,0,0,0,0,0,0,0,0,0,0,0,0,0,0,0,0,0,0,0,0,0,0,0,0,0,0,0,0,0,0,0,0,0,0,0,0,0,0,0,0,0,0,0,0,0,0,0,0,0,0,0,0,0,0,0,0,0,0,0,0,0,0,0,0,0,0,0,0,3,0,0,0,0,0,0,0,0,0,0,0,0,0,0,0,0,0,0,0,0,0,0,0,0,0,0,0,0,0,0,0,0,0,0,0,0,0,0,0,0,0,0,0,0,0,0,0,0,0,0,0,0,0,0,0,0,0,0,0,0,0,0,0,0,0,0,0,0,0,0,0,0,0,0,0,0,0,0,0,0,0,0,0,0,0,0,0,0,0,0,0,0,0,0,0,0,0,0,0,0,0,0,0,0,0,0,0,0,0,0,0,0,0,0,0,0,0,0,0,0,0,0,0,0,0,0,0,0,0,0,0,0,0,0,2558,0,0,0,0,0,0,0,0,0,0,0,0,0,0,0,0,0,0,0,0,0,0,0,0,0,0,0,0,0,0,0,0,0,0,0,0,0,0,0,0,0,0,0,0,0,0,0,0,0,0,0,0,0,0,0,0,0,0,0,0,0,0,0,0,0,0,0,0,0,0,0,0,770,0,0,0,0,0,0,0,0,0,0,0,0,0,0,0,0,0,0,0,0,0,0,0,0,0,0,0,0,0,0,0,0,0,0,0,0,0,0,0,0,0,0,0,0,0,0,0,0,0,0,0,0,0,1,0,0,0,0,0,0,0,0,0,0,0,0,0,0,0,0,0,0,0,0,0,0,0,0
"D359",0,0,0,0,0,0,0,0,0,0,0,0,0,0,0,0,0,0,0,0,0,0,0,0,0,138,0,0,0,0,0,0,0,0,0,0,0,0,0,0,0,0,0,0,0,0,0,0,0,0,0,0,0,0,0,0,0,0,0,0,0,0,0,0,0,0,0,0,0,0,0,0,0,193,0,0,0,0,0,0,0,0,0,0,0,0,0,0,0,0,0,0,0,0,0,0,0,0,0,0,0,0,0,0,0,591,0,0,0,0,0,0,0,0,0,0,0,182,0,0,0,0,0,125,0,0,0,0,0,0,0,104,0,47,0,0,0,0,0,0,0,0,17,0,0,0,0,0,0,0,0,0,0,0,0,1,0,0,0,0,0,0,0,0,0,0,0,0,0,0,0,0,0,0,0,0,0,0,0,0,0,0,0,0,0,0,0,0,0,0,0,0,0,0,0,0,0,0,0,0,0,0,0,40,0,0,0,0,0,0,0,0,0,0,0,0,0,21,0,0,0,0,0,0,0,0,0,0,0,0,0,0,0,0,0,0,0,0,0,0,0,0,0,0,0,0,0,0,0,0,0,0,0,0,0,0,0,0,3585,6,0,0,0,0,0,0,0,0,0,0,0,0,0,0,0,0,0,0,0,0,0,0,0,0,0,0,0,0,0,0,0,0,0,0,0,0,0,0,0,0,0,0,0,0,0,0,0,0,0,0,0,0,0,0,0,0,0,0,0,0,0,0,0,0,0,0,0,0,0,0,0,0,0,0,0,0,0,0,0,0,0,0,0,0,0,0,0,0,0,0,0,0,0,0,0,88,0,0,0,0,0,0,0,0,0,0,0,0,0,0,0,0,0,0,0,0,0,0,0,0,2,0,0,0,0,0,0,0,0,0,0,0,0,0,0,0,0,0,0,0,0,0,0,0,0,0,0,0,0,0,803,0,0,0,1136,0,0,0,0,0,0,0,0,0,0,0,0,0,0,0,0,0,0,0,0,0,0,0,0,0,0,0,0,0,0,0,0,0,0,0,0,0,69,0,0,0,0,0,0,0,0,0,94,0,0,0,0,0,0,0,0,0,0,0,0,0,0,0,0,0,900,0,0,0,0,0,0,0,0,0,0,0,0,0,0,0,0,0,0,0,0,2,0,0,0,0,0,0,0,0,0,0,0,0,0,0,0,0,0,0,0,0,0,0,0,0,0,0,0,0,0,0,0,0,0,0,1135,0,0,0,0,0,0,0,0,0,0,0,0,0,0,0,0,0,0,0,0,0,0,0,4,0,0,0,0,0,0,0,0,0,0,0,0,0,0,0,0,0,0,0,0,0,0,0,0,0,0,0,23,0,0,0,0,0,0,0,0,0,0,0,0,0,1
"D360",0,0,0,0,0,0,0,0,0,0,0,2131,0,4,0,0,5099,86,0,63,0,0,15,0,0,0,0,0,0,0,1,0,0,0,0,0,0,0,0,69,746,0,0,0,0,0,0,0,732,0,0,0,13108,0,0,0,0,0,0,0,0,0,0,0,0,14,0,0,0,0,0,0,0,0,0,0,0,0,0,0,0,0,0,0,10,0,0,0,0,0,0,0,0,0,0,0,0,0,0,0,0,0,0,2,0,0,0,0,0,0,0,0,0,0,0,0,0,0,0,0,0,0,0,0,0,0,0,0,83,0,0,0,0,0,0,0,0,0,0,0,0,0,0,0,0,0,3,345,0,0,0,0,0,0,0,0,0,0,223,0,0,0,0,0,0,0,0,0,0,0,0,0,0,0,0,0,0,0,0,0,0,0,0,0,0,0,0,0,0,0,0,0,0,0,0,0,0,0,0,0,0,0,0,0,0,0,0,0,0,0,0,0,0,0,0,0,0,0,10,0,0,0,0,11,0,0,0,0,0,0,0,0,0,0,0,0,0,0,487,0,0,2,0,0,0,0,0,0,0,0,0,0,0,0,0,0,0,0,0,0,0,0,0,0,0,0,0,0,0,0,0,0,0,0,0,0,0,0,0,0,1707,0,0,0,0,0,0,0,0,0,0,0,0,6,0,0,0,0,0,154,0,0,0,0,0,0,0,0,0,0,0,0,0,0,0,0,9,0,0,0,0,0,0,0,0,0,0,0,0,0,0,0,0,0,0,0,628,0,0,0,0,0,0,0,0,0,0,0,0,0,0,0,0,0,0,0,0,0,0,0,0,0,0,0,0,0,2,0,0,0,0,0,0,0,0,0,0,0,0,0,0,0,0,0,0,0,0,0,0,0,0,0,0,0,0,0,0,0,0,0,0,0,0,0,0,0,0,0,0,0,0,0,0,200,0,0,0,0,0,0,3,0,0,0,0,0,0,0,0,0,579,0,0,0,0,0,0,0,0,0,0,0,0,0,0,7,0,0,0,0,0,0,0,0,0,0,0,0,0,0,0,0,0,0,0,0,0,0,0,0,0,0,114,0,0,0,0,0,0,0,0,0,0,0,0,0,0,0,0,0,0,0,0,0,0,0,0,0,0,0,0,0,0,0,0,0,0,0,0,0,0,0,0,0,0,0,0,0,0,0,0,0,0,0,0,0,0,0,0,0,0,623,0,0,0,0,0,0,0,0,0,0,0,0,0,0,0,0,2737,0,0,0,0,0,0,0,0,543,0,0,0,0,0,0,0,0,0,0,0,0,0,0,0,0,0,0,0,0,0,5,0,0,3,0,0,0,0,35,0,0,0,0,0,448,0,0,0,0,0,0,0,0,0
"D361",0,0,0,0,0,0,0,17,0,0,0,0,0,2,0,0,32,0,8,0,0,0,0,0,0,0,76,0,0,0,14,0,44,2172,0,0,0,0,0,0,0,0,0,111,34,0,0,0,0,0,0,6,0,114,0,0,0,0,0,0,0,0,0,0,0,0,0,0,0,0,84,565,118,0,0,0,3,29,0,0,1082,0,0,0,0,76,106,62,0,60,43,0,0,0,0,0,0,0,0,0,0,0,338,0,0,0,0,0,1,22,0,0,0,0,0,0,0,0,0,0,0,0,0,0,0,14,0,1400,0,0,0,0,0,0,0,0,0,27,0,0,0,0,0,0,0,0,0,27,34,0,0,0,0,0,0,0,135,0,0,0,0,0,0,0,0,0,0,0,0,0,0,114,0,0,0,0,0,0,0,0,0,0,0,0,385,0,0,0,0,0,0,0,0,0,0,0,0,0,0,0,0,35,0,0,0,0,0,0,0,0,0,0,0,0,0,0,0,0,0,0,76,0,0,0,0,0,0,0,0,0,0,0,0,0,0,0,0,0,0,0,0,0,0,24,134,0,0,0,0,0,0,0,0,57,11,0,0,0,0,0,0,0,0,0,0,0,0,0,0,0,0,0,0,0,0,0,0,0,0,0,56,0,0,0,0,0,0,0,60,0,0,0,0,0,91,0,7,0,0,825,0,0,0,0,46,0,0,0,0,0,0,0,0,0,0,0,0,0,0,0,0,0,0,0,0,0,0,0,0,0,0,0,0,95,0,0,0,0,893,528,0,162,0,0,0,0,0,0,0,0,0,0,0,0,0,0,0,0,0,0,379,0,0,0,0,0,0,0,26,0,0,0,0,22,0,0,0,54,0,0,0,0,0,0,0,0,0,0,0,44,0,0,0,0,0,0,0,0,319,44,0,0,0,20,0,0,0,0,0,0,0,0,0,0,0,925,31,0,0,0,0,0,0,0,0,0,0,0,0,0,0,0,305,0,193,0,39,0,0,0,0,0,633,0,0,0,17,0,0,0,0,0,0,0,0,39,152,0,0,0,0,0,0,0,14,0,17,0,0,0,0,0,0,189,0,0,288,895,10,0,0,0,0,0,0,106,0,0,0,0,0,0,0,0,10,0,0,0,111,0,20,0,0,0,0,0,0,0,0,0,0,0,0,58,237,0,0,0,0,0,0,0,0,0,0,0,0,0,0,57,0,0,0,0,23,0,0,0,0,0,0,0,0,0,0,0,0,0,0,419,0,0,0,593,32,0,0,0,0,0,0,0,0,0,0,0,102,0,0,0,0,0,0,0,0,0,0,0,0,19,5,0,13,0,0,0,0,8,0,383,11,153,0,0,198,0,0,0,0,0,0,0,0
"D362",4,0,0,7,0,2,0,0,0,0,0,0,0,0,0,0,0,0,0,0,10,0,0,0,0,14,0,0,0,0,0,0,0,0,0,0,6,0,0,0,0,0,0,0,0,0,0,0,0,0,28,0,0,0,0,0,0,12,0,0,0,0,0,32,0,0,0,7,0,2,0,0,0,14,0,12,0,0,0,0,0,7,0,0,0,0,0,0,3,0,0,0,0,0,0,0,0,0,0,0,0,0,0,0,0,37,1,0,0,0,5049,0,37,0,0,0,0,86,0,0,0,0,0,35,0,0,0,0,0,0,0,314,0,105,0,0,4,0,0,15,0,0,130,0,0,0,0,0,0,0,0,0,0,0,0,10,0,0,0,0,0,0,0,0,6,0,125,0,0,0,0,0,0,0,0,0,0,0,0,3,0,0,0,5,0,0,0,7,0,0,0,0,0,0,0,0,0,0,0,0,0,0,0,6,0,0,0,0,0,0,3,0,0,0,0,0,165,49,0,0,0,0,0,0,0,0,0,0,0,0,0,0,0,100,0,0,0,0,3,0,0,29,65,0,0,0,0,0,0,26,0,0,0,0,0,0,0,0,2118,0,0,0,0,0,0,0,0,0,0,0,0,0,27,0,0,51,0,0,6,0,0,1,0,0,0,31,0,0,0,0,0,3,0,0,0,0,0,0,44,0,0,0,0,0,0,0,0,0,0,0,0,0,0,0,0,0,0,0,3,0,0,0,0,0,0,0,0,0,0,0,0,0,0,0,8,0,0,0,0,0,0,0,24,0,7,0,10,0,2,0,0,0,11,36,0,85,6,0,0,0,0,0,0,0,0,0,0,0,0,5,10,0,0,0,0,0,0,0,0,34,0,0,0,0,0,83,0,0,0,0,0,0,0,0,0,0,0,0,0,0,0,0,0,0,0,0,0,0,0,0,40,0,0,0,4,0,0,0,0,0,0,0,0,0,0,0,0,0,0,0,0,0,0,0,0,0,0,0,0,0,0,0,0,0,0,0,0,0,0,3,9,57,194,0,0,0,0,0,0,0,10,0,32,0,3,5,0,0,0,0,0,0,16,0,0,0,0,0,0,0,8,0,0,0,0,0,0,0,0,0,0,0,0,0,0,11,0,0,0,0,0,24,0,0,4,0,0,0,0,0,0,0,0,0,0,0,0,0,0,0,4,0,15,0,0,0,49,0,0,0,0,0,0,0,0,0,36,0,0,0,12,0,0,0,0,0,0,0,0,0,0,0,0,0,0,0,0,0,0,0,243,0,0,0,0,0,0,34,57,19,0,0,0,0,0,0,0,0,0,0,0,0,0,0,0,0,0,0,57,0,0,0,0,0,0,0,0,0,3,0,32,0,156
"D363",22,0,270,0,0,14,0,0,0,0,9,0,6,2,0,21,1,0,97,0,0,0,0,0,0,0,0,0,13,0,187,0,1,0,0,7,0,0,5,0,39,0,0,37,2,0,5,20,0,3,0,9,0,23,162,0,0,0,0,0,0,0,0,0,3,0,0,0,3,0,0,0,0,0,34,45,0,1044,24,32,0,0,0,0,26,0,0,0,0,11,0,0,0,0,4,0,2,7,0,2,0,6,0,2,129,0,0,16,304,0,0,371,0,0,9,0,31,0,0,0,0,52,70,0,0,0,0,0,0,0,0,0,4,0,150,22,0,0,46,0,0,0,0,0,9,0,7,0,13,0,0,0,0,49,20,0,0,1,0,0,0,0,0,0,0,24,0,230,337,0,0,0,12,4,0,0,0,2,2,0,4,0,49,14,0,0,0,0,0,11,0,0,0,0,0,7,50,0,0,0,15,35,66,0,7,0,0,173,61,0,17,3,0,0,0,9,0,0,0,3,99,0,0,0,3,0,35,0,34,1,0,19,0,0,0,0,0,0,2,2,0,0,0,0,5,0,0,176,2,0,0,0,3,41,3355,0,0,0,0,0,56,0,0,179,0,8,0,0,0,0,0,0,0,0,6,0,114,0,0,4,509,0,0,3,6,0,4,0,0,0,0,0,0,0,58,0,3,0,0,82,0,2,11,4,0,0,0,0,13,0,0,0,18,0,0,0,0,0,0,0,69,0,0,3,28,90,0,53,0,46,0,83,118,10,0,0,4,25,0,0,0,0,31,0,0,18,16,0,2,6,44,0,167,4,5,0,13,5,0,11,1,0,0,250,31,0,0,0,52,0,0,0,0,3,28,0,0,11,0,0,0,22,0,31,0,6,0,0,0,14,238,0,5,281,0,0,9,0,0,0,716,5,0,0,208,92,0,94,0,0,0,0,0,0,0,0,0,16,0,0,375,0,0,13,0,0,0,0,139,0,2,38,0,6,0,5,19,0,0,0,0,12,0,0,6,2,0,1,0,93,0,0,0,0,0,0,17,30,0,16,0,0,0,0,0,0,12,0,0,0,66,3,2,24,0,0,0,0,0,0,0,10,0,0,8,4,2,0,0,4,0,0,0,0,0,0,0,5,0,0,0,0,89,0,0,380,0,0,0,0,8,0,0,38,0,0,12,25,59,0,0,0,0,28,0,0,0,42,370,303,92,3,0,5,0,0,0,0,0,0,0,6,0,0,0,0,0,0,9,0,39,12,0,64,3,4,2,1,0,4,0,0,18,7,293,4,236,0,0,0,15,14,0,3,0,0,0,0,0,0,28,0,0,0,20,14,59,0,0,0,8,3,0,0,206,0,0,17,5,0,2,0,0
"D364",0,208,0,0,10,0,0,90,0,0,6,68,0,9,0,0,9,5,0,0,0,124,0,2,0,0,0,0,21,4,3,14,3,0,0,0,0,0,0,366,0,0,421,0,26,0,0,0,24,0,0,0,65,0,0,0,1,0,0,306,0,0,22,0,0,0,0,0,0,24,0,0,0,0,0,1,14,0,6,1,0,0,11,0,55,0,0,0,97,0,4,31,0,0,0,12,0,0,0,28,5,0,0,0,0,0,20,10,248,30,0,0,0,9,14,0,1,0,0,0,466,0,0,0,37,0,0,0,0,0,23,0,0,0,0,31,0,0,0,0,0,0,0,0,0,16,7,0,22,0,0,37,357,58,0,0,0,0,46,170,27,0,264,87,0,0,0,1,0,1,0,0,0,0,0,4,0,0,1,19,0,0,0,0,0,38,4,0,12,19,0,229,0,0,0,6,0,0,10,0,2,0,0,0,2,0,0,0,2,2,0,29,0,82,0,0,0,0,12,9,0,1,0,25,0,1417,0,49,0,0,0,0,0,0,0,0,0,517,18,0,0,12,0,0,0,0,20,0,0,0,1,34,0,0,0,86,0,0,0,0,6,58,75,0,55,0,2,0,5,16,0,298,13,0,0,0,0,22,2,0,886,0,0,3,0,0,1,0,0,2,7,0,0,30,0,0,0,2,0,44,0,0,7,163,9,0,0,50,82,373,0,0,41,4,5,0,0,105,0,0,50,31,12,0,0,0,3,7,103,0,0,49,0,2,208,122,0,125,0,8,12,0,0,348,3,4,0,0,2,18,53,97,48,0,0,0,0,1,0,13,0,0,0,0,0,0,104,42,0,0,173,19,10,0,17,0,21,208,14,0,0,0,0,0,0,0,227,0,2,0,0,0,12,0,20,0,0,0,0,0,0,0,0,0,0,0,0,0,0,0,0,0,0,0,0,0,0,0,4,4,0,0,0,0,0,142,0,464,0,0,49,0,0,0,0,326,0,0,0,0,89,0,0,67,0,4,0,100,0,0,0,0,0,0,32,0,11,0,107,59,0,0,0,0,16,0,0,37,1,21,0,0,8,0,12,0,0,0,0,0,0,57,0,0,9,0,0,0,0,0,0,0,1,0,0,0,0,13,0,57,0,0,0,0,0,895,1967,0,0,0,61,20,0,48,0,0,0,112,9,86,17,0,1682,0,0,0,0,23,6,95,4,0,0,3,0,56,0,31,53,14,0,0,0,0,15,0,6,0,144,0,8,0,115,0,0,0,49,2,2,8,0,0,16,0,0,0,20,0,0,0,0,0,7,17,180,0,34,0,6594,8,0,50,0,19,18,0,0,14,0,0,0,0,2,0,348,19,0,0,14,0,12,0,0
"D365",0,0,0,0,0,0,0,3,0,7,0,0,13,2,5,3,4,0,12,0,0,0,0,7,0,0,0,156,0,0,33,0,10,348,0,0,0,3,3,0,5,0,3,9,0,57,6,1,0,0,0,76,0,25,43,0,2,0,0,0,0,0,5,0,552,0,42,0,0,0,8,0,0,0,0,0,2,32,2,0,0,0,0,0,6,7,311,0,0,35,6,0,0,13,7,0,0,11,4,0,32,2,0,0,5,0,0,9,14,0,0,0,0,0,7,0,0,0,0,5,0,6,0,0,3,6,0,1380,0,0,0,0,3,0,0,6,0,0,4,0,2,0,0,41,39,0,0,1,8,0,0,0,0,59,3,0,127,9,0,0,0,0,0,0,0,3,0,3,23,0,0,4,4,9,0,0,0,19,2,2,3,0,18,0,0,0,0,0,0,4,0,0,15,14,0,0,18,3,3,1,0,0,5,0,0,0,0,6,0,15,0,0,0,7,5,0,0,0,0,0,0,2,3,0,2,0,12,2,0,0,0,0,14,0,5,0,0,0,3,0,0,0,0,54,18,0,0,0,43,0,1,0,1,65,5,0,0,0,0,0,0,0,0,1,5,7,0,8,3,0,0,0,0,0,3,0,0,2,0,4,21,0,68,0,0,0,6,22,0,5,0,0,0,0,45,6,0,1,0,49,0,5,3,3,4,0,18,0,2,0,0,0,0,0,0,0,0,0,0,14,0,0,2,0,0,0,0,0,2,4,17,5,59,0,0,0,0,0,0,2292,0,0,22,0,0,7,126,0,3,0,2,3,9,0,0,0,0,0,0,0,39,0,15,0,0,0,2,0,10,0,0,0,0,11,0,0,0,28,1,2,0,0,17,15,0,0,6,0,19,22,6,3,0,5,1,0,22,0,0,13,10,4,6,11,18,3,0,3,0,0,0,0,17,3,0,58,7,3,2,0,16,0,6,0,9,0,1,0,73,0,0,14,0,21,0,4,69,4,0,0,0,0,0,1,3,8,13,0,14,210,1,0,0,0,0,50,29,0,7,0,0,0,0,10,21,0,0,0,0,0,9,0,0,76,0,0,7,0,3,0,0,0,0,2,3,6,3,0,0,6,25,0,0,0,22,0,0,14,1114,0,2,0,199,0,9,32,0,0,0,2,4,0,0,9,3,0,3,4,3,0,0,115,0,0,0,0,0,0,12,14,0,2,2,5,1,0,0,0,0,0,0,6,0,0,0,0,2,0,12,0,0,0,0,17,164,5,0,2,2,5,0,0,18,10,11,5,61,0,0,5,0,4,0,2,0,32,0,0,0,8,3,2,2,0,2,4,9,5,0,2,16,194,3,2,29,0,0,44,0,0,16,0,0
"D366",0,0,0,0,0,0,0,0,0,3,0,0,0,0,0,0,0,0,0,0,46,0,0,0,0,0,134,0,0,0,0,0,0,861,0,0,0,0,0,0,0,0,0,0,0,0,0,0,0,0,0,30,0,65,5,0,0,0,0,0,0,0,0,0,0,0,0,0,0,0,0,43,139,0,0,0,0,3,0,0,756,0,0,0,0,346,394,34,0,15,0,0,0,0,0,0,0,0,0,0,0,0,562,53,0,0,0,2,0,0,0,0,0,0,0,0,0,0,2,0,0,7,0,0,0,0,236,2129,0,0,0,0,0,0,0,0,0,2,0,0,0,0,0,0,4,0,0,0,0,0,0,0,0,0,0,0,12,0,0,0,0,0,0,0,0,0,0,0,3,0,56,14,7,0,0,0,61,0,0,0,6,0,0,0,170,0,0,0,0,0,0,0,0,0,0,0,0,0,0,0,0,0,0,0,0,0,0,0,0,0,0,0,0,0,0,0,0,0,0,0,0,0,0,0,0,0,0,0,0,0,172,0,13,0,0,0,0,0,0,0,0,0,0,24,0,0,0,0,7,0,0,0,0,58,0,0,0,0,0,0,0,0,0,0,0,0,0,0,0,0,0,0,0,0,0,0,0,0,0,0,0,0,0,0,0,0,0,0,0,0,0,0,0,0,0,21,0,0,0,45,0,0,0,0,4,0,0,0,0,0,0,0,0,0,0,0,0,0,0,6,0,0,0,0,0,0,0,0,0,0,0,0,0,0,0,0,0,0,208,0,0,42,0,0,0,0,10,0,0,0,2,0,0,0,0,0,0,0,0,0,30,0,2,0,0,0,0,0,223,0,0,0,0,3,0,0,0,0,0,0,0,0,0,17,117,4,0,0,0,0,0,2,0,0,0,0,0,0,1404,8,0,0,0,8,0,0,6,0,0,0,0,0,0,0,0,3582,0,0,0,0,0,38,0,0,37,0,0,0,0,0,0,2,1427,0,210,0,17,0,0,3,0,0,51,0,0,0,1,0,0,0,0,0,0,0,0,30,0,0,0,0,0,0,0,0,3,0,0,0,0,0,0,0,0,241,0,0,1232,669,0,0,0,0,0,0,0,3,0,0,0,0,0,0,0,0,0,0,0,0,0,0,96,0,0,0,51,0,0,0,0,0,0,0,0,0,108,0,0,0,0,0,0,3,0,0,0,0,0,0,0,0,0,0,0,0,30,0,0,0,0,0,0,0,207,0,0,0,0,0,0,573,0,0,0,849,15,0,0,0,0,0,0,0,0,0,0,0,0,11,0,0,0,0,0,0,0,0,0,0,0,0,0,0,0,0,0,0,0,0,0,16,167,17,0,0,0,0,0,10,0,101,2,0,0
"D367",0,0,0,25,0,7,23,0,61,0,0,0,0,0,0,0,0,0,0,0,12,0,0,0,0,8,0,0,0,0,0,14,10,0,0,0,0,0,0,0,0,7,0,0,0,0,0,0,0,0,80,6,0,0,17,0,0,0,0,0,0,0,0,97,0,0,0,0,0,0,0,0,0,0,0,4,0,0,0,0,0,0,0,0,0,0,0,0,0,0,0,0,5,0,0,0,16,0,0,0,0,0,0,0,0,0,0,0,0,0,3863,1,605,0,0,0,0,25,0,0,0,0,0,0,0,3,0,0,0,0,0,6,0,9,0,0,27,0,0,4,0,9,9,0,0,0,0,7,0,4,27,5,0,0,0,17,0,0,0,0,0,6,0,0,14,0,788,0,0,0,0,0,0,16,0,0,12,0,0,20,0,0,0,7,0,0,6,11,0,0,0,0,0,0,0,0,0,0,0,0,0,0,0,0,5,0,0,0,0,0,0,0,0,0,0,0,29,0,0,0,0,0,0,335,0,0,0,0,0,5,0,0,0,25,0,0,0,0,0,0,0,0,18,0,0,7,0,0,0,0,0,0,0,10,0,1,0,0,90,0,0,58,0,0,0,0,0,0,0,0,0,0,0,0,0,0,0,0,0,0,2,63,17,0,0,24,250,0,0,0,0,0,0,0,0,0,0,0,0,0,0,0,0,0,5,55,0,0,0,0,0,15,0,0,0,35,0,0,151,0,0,0,0,0,0,0,0,0,0,0,0,0,28,0,0,0,0,1,0,0,0,0,18,0,0,0,6,0,0,0,0,0,6,18,0,0,14,0,2,0,0,2,0,0,0,110,11,0,4,4,46,0,0,0,0,0,0,0,0,817,2,0,0,0,84,11,0,0,0,0,0,0,0,0,0,0,15,0,0,0,0,0,0,0,6,0,0,0,10,0,0,0,0,0,0,0,0,0,0,0,0,0,0,0,0,0,0,3,0,4,0,0,0,0,0,0,0,0,0,49,39,0,0,0,0,0,7,0,0,0,0,362,0,0,0,0,0,0,0,0,0,0,0,0,0,2,0,0,0,0,0,0,1,0,0,0,0,0,0,207,10,3,0,0,0,0,0,11,0,0,0,0,0,0,0,3,5,0,0,0,0,16,25,0,0,0,0,63,0,0,0,0,0,0,0,0,0,0,0,0,2,0,156,0,396,0,61,0,0,1,0,0,2,0,0,0,12,0,0,0,64,0,0,0,7,0,0,0,0,0,0,0,0,1,0,0,0,0,0,0,4,0,0,0,0,0,0,24,0,63,0,0,0,0,0,0,0,0,27,0,0,10,0,0,0,0,0,0,3,0,0,0,0,0,0,7,0,4,0,1,62,0,7
"D368",0,70,0,0,0,0,0,0,0,0,0,0,0,2,0,0,17,0,0,0,0,315,0,14,0,0,0,1,86,0,0,0,10,0,0,0,0,0,12,19,0,0,404,0,7,0,0,0,0,7,15,0,13,0,0,0,0,0,2,370,0,0,0,0,0,117,0,0,0,9,0,0,0,0,0,0,90,0,0,1,0,0,0,0,0,0,0,0,11,0,0,26,5,0,0,2,0,0,0,24,0,0,0,0,0,0,10,0,31,12,0,0,0,31,30,0,6,0,0,0,171,0,6,0,0,0,0,0,0,0,4,0,0,0,0,0,0,4,0,0,4,0,0,0,0,84,0,0,0,0,0,41,11,0,0,0,0,0,15,0,6,0,63,6,0,0,0,7,0,15,0,0,0,0,0,0,0,0,0,0,0,0,0,0,5,0,0,0,0,0,0,267,0,0,45,4,0,0,18,0,0,0,0,0,3,0,0,0,0,0,0,6,0,33,0,0,0,0,26,0,0,0,3,29,0,1168,0,74,0,0,0,0,0,0,0,3,0,54,14,0,0,0,0,0,0,0,178,0,0,0,16,23,60,0,0,80,0,0,0,0,4,0,29,0,5,0,0,3,0,1,0,65,0,0,0,0,0,1,0,0,47,0,0,0,1,0,0,0,0,0,23,0,0,17,0,0,0,0,0,0,0,0,0,15,0,2,0,0,0,87,0,0,28,0,0,0,4,4,0,0,20,6,0,23,0,0,0,207,4,0,0,0,0,0,0,71,0,0,6,0,10,0,1,9,0,0,0,0,0,0,0,118,132,0,0,0,0,0,0,5,0,0,0,0,0,0,237,13,0,0,62,0,14,0,12,0,0,3,0,0,0,0,0,0,0,0,108,0,0,0,0,0,0,0,14,0,0,2,0,0,0,11,0,0,0,0,0,0,0,0,0,53,4,0,0,6,0,0,0,0,0,0,0,0,0,56,0,187,0,0,0,0,0,0,0,122,0,0,0,0,18,0,0,14,0,0,0,18,0,0,0,0,0,117,61,0,0,0,0,0,0,16,0,0,0,0,0,10,0,13,0,0,3,18,0,0,0,0,9,0,0,21,0,0,0,0,0,0,0,1,0,9,4,0,0,0,0,0,0,12,0,0,0,0,0,676,378,0,0,0,0,0,0,2,0,0,0,55,0,2,12,0,207,0,0,0,0,30,0,0,0,0,0,0,0,5,0,0,0,0,0,0,0,0,0,6,0,0,3,8,0,0,20,0,0,0,169,0,0,0,0,0,4,0,21,0,7,0,0,0,0,0,3,0,856,0,0,0,4604,0,0,2,0,1,6,0,0,8,0,0,0,0,2,0,43,0,0,0,23,0,0,0,0
"D369",30,0,0,0,0,125,76,0,0,149,0,0,0,5,3,2,0,0,0,0,10,0,4,2,0,0,0,52,0,0,0,0,114,8,0,0,0,0,0,0,0,0,0,0,0,0,0,0,6,0,0,56,0,3,0,0,0,0,0,0,0,0,0,0,0,0,0,0,0,0,0,0,0,0,0,0,0,0,0,0,0,0,4,3,0,0,0,0,0,0,0,0,2,0,0,0,0,91,27,0,5,0,0,5,0,0,0,0,0,0,1,0,0,0,0,885,0,0,0,0,0,5,0,0,0,0,0,0,0,0,0,0,0,0,0,0,0,0,0,0,0,0,0,0,112,0,0,212,0,46,0,0,0,326,0,0,0,0,0,0,0,0,0,0,0,0,0,0,0,0,0,3,0,654,0,0,0,0,0,207,0,0,0,0,0,0,0,0,0,4,0,5,0,0,0,0,0,0,0,0,0,0,0,0,0,0,0,0,0,0,291,0,17,0,7,1126,0,0,0,0,6,0,0,0,0,0,0,0,0,0,0,0,0,0,0,74,0,0,0,0,8,0,0,0,0,0,0,0,0,0,5,0,0,41,0,0,321,0,0,0,0,0,0,0,0,0,0,0,0,0,0,0,0,65,0,267,0,0,0,0,0,0,0,0,0,0,21,0,0,11,0,19,0,0,0,0,0,0,16,0,0,32,0,0,138,0,0,0,0,0,0,0,0,0,0,0,0,0,0,0,0,0,0,0,0,0,0,0,0,0,0,0,0,0,0,0,0,0,0,0,0,0,94,0,0,0,488,11,22,0,56,0,0,0,0,0,57,0,0,0,0,1,65,0,0,0,0,0,0,0,0,0,0,0,0,0,0,0,0,0,0,0,0,0,17,0,0,33,0,0,0,0,0,0,0,0,0,0,0,0,0,0,0,0,0,0,0,0,0,0,0,0,0,0,0,0,0,0,0,0,0,15,0,0,0,0,0,0,41,0,0,0,0,0,0,0,70,0,1,7,0,0,0,0,0,0,0,0,0,0,3,3,0,0,0,0,0,0,0,0,0,0,0,0,574,0,0,0,0,0,0,0,0,0,0,70,0,0,0,0,0,0,19,0,0,0,0,0,0,0,0,5,0,0,3,0,0,0,0,0,0,0,0,0,0,0,0,0,0,0,0,0,0,0,0,482,0,0,0,0,0,0,0,0,0,0,0,0,48,0,0,0,0,0,0,0,0,0,0,1,0,20,0,0,0,0,3,0,1,0,0,9,0,0,0,0,0,0,0,0,0,0,0,0,0,0,0,0,0,2,0,0,0,0,0,0,0,0,7,8,0,0,0,0,0,0,0,0,0,0,0,0,0,0,0,0,45,0,0,0,11,0,0
"D370",0,11,3,0,0,4,0,6,0,0,5,25,0,2,8,4,0,12,9,4,0,2,24,8,2,0,0,0,0,2,0,0,6,0,0,4,0,15,0,67,32,0,37,17,5,0,0,2,10,0,0,5,64,0,3,21,1,0,0,0,3,0,19,0,2,38,7,0,0,0,0,0,0,0,0,23,12,0,21,3,0,0,0,2,0,0,38,0,21,0,3,36,0,0,1,17,0,0,6,10,32,25,0,0,0,0,0,2,79,5,3,7,0,0,21,0,0,0,2,8,14,0,1,0,0,0,2,0,0,0,37,0,7,0,6,21,0,0,0,0,5,0,2,220,9,5,7,11,6,0,0,0,0,23,2,0,9,0,10,5,0,6,0,0,0,5,0,7,0,6,0,3,11,3,5,11,0,1,2,0,9,6,0,0,0,19,11,0,12,24,11,1,9,26,0,0,3,0,0,8,0,0,22,0,9,0,0,13,0,2,0,4,0,12,0,4,0,0,6,0,0,20,3,2,193,30,0,52,0,1,0,1,0,0,0,0,2,2,14,0,10,0,0,2,0,0,2,107,0,0,13,2,0,0,1,0,0,10,0,0,0,0,18,7,1,0,73,0,2,6,2,5,0,3,0,0,3,24,4,5,112,0,0,23,1,0,2,2,8,84,1,0,0,29,410,0,6,5,7,9,11,0,36,89,16,0,46,1,20,0,1,0,17,0,30,0,0,23,0,6,4,9,0,19,0,3,0,0,11,90,48,0,14,0,31,5,0,0,3,19,49,3,0,10,0,19,0,7,0,3,2,9,0,0,2,0,0,2,0,3,0,0,0,0,0,0,13,5,0,6,8,0,3,0,17,13,33,7,5,0,0,44,6,0,0,0,17,0,3,0,0,3,6,0,0,0,0,3,0,5,0,0,0,0,0,1,0,9,0,3,0,0,4,6,0,0,4,5,3,10,9,0,0,0,1,16,1,18,0,0,0,0,5,0,0,5,5,0,0,0,4,15,0,34,14,19,0,4,0,0,0,5,0,0,4,3,0,0,3,0,0,2,0,0,14,0,0,21,4,2,33,0,0,6,3,0,0,0,0,0,0,0,3,1,12,0,0,0,97,0,0,3,3,0,6,0,0,9,0,24,0,2,26,0,0,83,8,0,0,1,1,0,0,55,0,0,0,0,0,2,0,1,60,4,0,0,5960,5,45,5,4,2,2,4,0,26,0,12,7,0,0,4,0,0,5,1,11,14,23,0,0,2,1,0,0,4,0,11,2,60,0,0,12,11,0,0,52,0,1,15,4,84,28,0,6,3,30,4,13,2,6,5,25,3,1,84,6,0,0,0,0,0,25,0,2,30,0,0,1,4,8,0,0
"D371",0,0,0,0,0,0,0,0,0,0,0,0,0,0,0,0,0,0,0,0,0,0,0,0,0,0,0,0,0,0,0,0,0,0,0,0,0,0,0,0,0,0,0,0,0,0,0,0,0,0,0,0,0,0,0,0,0,0,0,0,0,0,0,0,0,0,0,0,0,0,0,0,0,0,0,0,0,0,0,0,0,0,0,0,0,0,0,0,0,0,0,0,0,0,0,0,0,0,0,0,0,0,0,0,0,0,0,0,0,0,0,0,0,0,0,0,0,0,0,0,0,0,0,0,0,0,0,0,0,0,0,0,0,0,0,0,0,0,0,0,0,0,0,0,0,0,0,0,0,0,0,0,0,0,0,0,0,0,0,0,0,0,0,0,0,0,0,0,0,0,0,0,0,0,0,0,0,0,0,0,0,0,0,0,0,0,0,0,0,0,0,0,0,0,0,0,0,0,0,0,0,0,0,0,0,0,0,0,0,0,0,0,0,0,0,0,0,0,0,0,0,0,0,0,0,0,0,0,0,0,0,0,0,0,0,0,0,0,0,0,0,0,0,0,0,0,0,0,0,0,0,0,0,0,0,0,0,0,0,0,0,0,0,0,0,0,0,0,0,0,0,0,0,0,0,0,0,0,0,0,0,0,0,0,0,0,0,0,0,0,0,0,0,0,0,0,0,0,0,0,0,0,0,0,0,0,0,0,0,0,0,0,0,0,0,0,0,0,0,0,0,0,0,0,0,0,0,0,0,0,0,0,0,0,0,0,0,0,0,0,0,0,0,0,0,0,0,0,0,0,0,0,0,0,0,0,0,0,0,0,0,0,0,0,0,0,0,0,0,0,0,0,0,0,0,0,0,0,0,0,0,0,0,0,0,0,0,0,0,0,0,0,0,0,0,0,0,0,0,0,0,0,0,0,0,0,0,0,0,0,0,0,0,0,0,0,0,0,0,0,0,0,0,0,0,0,0,0,0,0,0,0,0,0,0,0,0,0,0,0,0,0,0,0,0,0,0,0,0,0,0,0,0,0,0,0,0,0,0,0,0,0,0,0,0,0,0,0,0,0,0,0,0,0,0,0,0,0,0,0,0,0,0,0,0,0,0,0,0,0,0,0,0,0,0,0,0,0,0,0,0,0,0,0,0,0,0,0,0,0,0,0,0,0,0,0,0,0,0,0,0,0,0,0,0,0,0,0,0,0,0,0,0,0,0,0,0,0,0,0,0,0,0,0,0,0,0,0,0,0,0,0,0,0,0,0,0,0,0,0,0,0,0,0,0,0,0,0,0,0,0,0,0,0,0,0,0,0,0,0,0,0,0,0,0,0,0,0,0,0,0,0,0,0,0,0,0,0,0,0,0,0,0
"D372",0,0,0,0,0,0,0,118,0,9,0,0,0,0,0,0,132,175,0,0,0,0,0,9,0,0,0,0,0,0,62,0,0,0,0,0,0,0,0,0,475,0,0,0,0,0,0,0,0,0,0,0,0,2,0,0,0,0,0,0,0,0,10,0,0,0,0,0,0,0,0,0,0,0,0,0,194,0,3,0,0,0,0,0,0,0,0,0,0,0,0,0,0,0,0,0,0,0,0,237,0,0,0,0,0,0,0,0,0,0,0,0,0,0,0,0,0,0,0,0,0,31,0,0,0,0,0,2913,0,0,0,0,0,0,0,0,0,0,0,0,0,0,0,1464,0,0,0,0,0,0,0,0,0,0,0,0,0,0,0,0,0,0,0,0,0,0,0,0,613,0,0,0,0,0,0,0,0,0,0,0,0,0,0,0,0,0,0,0,0,0,0,0,0,145,0,0,0,0,0,0,0,0,0,0,0,0,0,0,0,0,0,0,0,0,0,0,0,0,29,2,0,0,0,0,4,0,0,0,0,0,0,0,0,0,8,0,0,0,0,0,0,0,0,0,0,0,0,0,0,0,0,0,0,0,8844,0,0,0,0,0,0,0,0,0,0,0,0,0,0,15,0,0,0,0,0,0,0,0,0,0,82,0,0,0,0,0,0,0,0,0,0,0,0,0,521,0,0,0,0,0,0,0,0,0,0,0,416,0,0,0,0,0,2,0,0,0,0,0,0,0,0,0,0,0,0,0,0,0,0,0,0,0,0,0,0,0,0,0,0,0,0,0,0,0,0,14003,0,0,0,0,0,0,0,0,0,0,0,0,0,0,0,0,0,0,7,0,0,0,0,0,0,0,0,0,0,0,0,697,0,0,0,0,4,22,0,0,0,0,0,0,0,0,0,0,0,0,0,0,0,0,0,1,0,0,0,0,0,0,0,0,0,0,0,0,0,0,0,0,0,0,0,0,0,0,0,0,0,0,0,0,3,0,0,0,0,324,0,0,0,0,0,0,0,0,0,0,0,0,0,0,0,0,0,0,0,0,0,0,4,0,0,0,0,0,0,0,0,0,0,0,0,0,0,0,0,0,0,0,4,0,0,0,0,0,0,0,6,0,0,0,0,21,0,0,0,0,0,0,1488,0,0,0,0,0,0,668,0,0,4,0,0,0,0,0,0,0,0,0,0,0,0,3,0,0,0,0,0,0,0,0,0,0,0,0,0,0,0,0,0,0,0,0,0,0,0,0,0,0,2,0,0,0,0,0,0,0,0,0,0,0,0,0,3,0,0,0,0,0,0,0,2,10,0,0,0,8,0,0,0,0,0,0,0,0,0,2998,0,14,0,0,0,0,0,183,0,0,0,0,4,0,0,0,0
"D373",13,75,0,0,4,9,0,343,0,22,0,62,6,21,2,34,0,1,87,1,0,0,37,8,0,0,0,0,44,9,140,0,0,0,2,15,0,0,3,0,141,0,4,91,12,0,0,0,22,0,0,7,2198,13,7,35,0,0,1,0,2,0,171,0,0,0,1,0,7,0,26,7,0,0,30,36,7,6,22,0,0,0,45,0,0,0,0,2,0,2,2,0,17,13,23,0,0,3,1,0,3,0,0,21,0,0,0,285,27,4,0,0,5,0,13,0,3,0,52,0,0,30,0,0,0,0,0,78,46,0,0,0,0,0,7,5,0,2,3,1,0,0,0,0,2,3,0,7,55,548,0,0,8,231,38,0,0,13,6,0,0,55,1,0,62,19,2,2,2,0,2,0,13,0,0,3,7,0,6,102,25,0,12,0,0,0,0,0,0,9,46,6,54,0,4,0,33,0,0,0,2,3,59,0,19,0,0,163,13,8,0,13,0,0,0,0,0,0,0,0,3,4,0,14,0,0,7,0,7,17,2,35,79,0,2,0,0,0,7,8,0,0,0,37,80,0,0,0,0,0,0,2,59,13,0,0,0,4,0,0,5,0,0,67,0,38,1,2,0,16,0,0,0,16,8,0,25,0,15,96,441,0,0,0,3,5,4,3,0,0,8,0,0,6,12,3,17,0,0,29,0,0,13,0,0,0,0,23,157,0,44,0,67,0,42,3,3,0,6,87,0,0,22,0,2,3,0,1,0,71,0,76,8,0,0,0,85,129,2,25,0,0,0,0,0,0,0,0,0,2,4,0,23,0,0,0,1,0,0,11,0,0,554,82,14,81,15,0,4,0,58,27,0,0,36,0,0,0,4,0,0,37,0,0,0,0,1,0,4,0,49,24,3,37,0,0,0,4,0,75,0,1,20,2,41,420,9,10,0,0,0,1,0,6,0,0,0,1,0,2,102,3,0,7,0,0,1,0,10,11,0,4,4,0,0,0,0,0,0,0,39,4,0,9,58,9,76,0,2,51,0,0,0,0,0,0,6,5,37,28,0,1,0,2,0,4,2,2,8,0,524,9,1,19,8,0,0,18,0,0,0,0,0,25,5,0,1,0,0,62,0,4,0,0,3,0,0,12,0,3,0,0,0,0,0,273,0,0,0,0,13,36,15,164,0,0,0,51,29,0,0,0,675,1,0,0,0,18,55,0,20,52,75,11,0,0,0,1,101,13,0,4,2,3,0,0,16,60,303,3,16,4,24,0,10,7,5,37,0,12,0,0,41,0,45,4,712,0,0,3,2,0,0,2,0,0,0,0,241,27,0,0,0,0,2,0,111,11,0,4,8,8,72,0,129,0,0,23,1,0,33,215,0
"D374",0,0,0,36,0,0,0,0,0,0,0,0,0,0,0,0,0,0,0,0,0,0,0,0,0,0,0,0,0,0,0,0,0,0,0,0,0,0,0,0,0,0,0,0,0,0,0,0,0,0,0,0,0,0,0,0,0,0,0,0,0,0,0,0,0,0,0,0,0,0,0,0,0,0,0,0,0,0,0,0,0,0,0,0,0,0,0,0,0,0,0,0,0,0,0,0,0,0,0,0,0,0,0,0,0,0,0,0,0,0,0,0,0,0,0,0,0,6,0,0,0,0,0,0,0,0,0,0,0,0,0,0,0,0,0,0,2,0,0,0,0,0,0,0,0,0,0,0,0,0,0,0,0,0,0,0,0,0,0,0,0,0,0,0,0,0,0,0,0,0,0,0,0,0,0,0,0,0,0,0,0,0,0,0,0,0,0,0,0,0,0,0,0,0,0,0,0,0,0,0,0,0,0,0,0,0,0,0,0,0,0,0,0,0,0,0,31,0,0,0,0,0,0,0,0,0,0,0,0,0,0,0,0,0,0,0,0,0,0,0,0,0,132,0,0,0,0,0,0,0,0,0,0,0,0,0,0,0,0,0,0,0,0,0,0,0,0,0,0,0,0,0,0,0,0,0,0,0,0,0,0,0,0,0,0,0,0,0,0,0,0,0,0,0,0,0,0,0,0,0,0,0,0,0,0,0,0,0,0,0,0,0,0,0,0,0,0,0,0,0,0,0,0,0,0,0,0,0,0,0,0,0,0,0,0,0,0,0,0,0,0,0,0,0,0,0,0,0,0,0,0,0,0,1449,0,0,0,0,0,0,0,0,0,0,0,0,0,0,0,0,0,0,0,0,0,0,0,0,0,0,0,0,0,0,0,0,0,0,0,0,0,0,0,0,0,0,0,0,0,0,0,0,0,0,0,0,0,0,3,0,0,0,0,0,0,0,0,0,0,0,0,0,0,0,0,0,0,0,0,0,0,0,0,0,0,0,0,5978,0,0,0,0,0,0,0,0,0,0,0,0,0,4,0,0,0,0,0,0,0,0,0,0,0,0,0,0,0,0,0,0,0,0,0,0,0,0,0,0,0,0,0,0,0,0,0,0,0,296,0,0,0,0,0,0,0,0,0,0,0,0,0,2,0,0,0,0,0,272,0,0,0,0,0,0,0,0,0,0,0,0,0,0,0,0,60,0,0,0,0,0,0,0,0,0,0,0,0,0,0,0,0,0,0,0,0,0,0,0,0,0,0,0,0,0,0,0,0,0,0,0,0,0,0,0,0,0,0,0,0,0,0,0,0,0,0,0,0,0,0,0,0,0,0,0,0,0,0,0,0,0,0,0,0,0,0,0,0,0,0,0,0,0,0
"D375",0,0,20,0,0,4,0,0,0,18,0,30,12,1,0,190,220,5,354,3,0,0,827,5,0,0,0,0,0,399,785,0,0,0,0,0,0,0,0,105,0,0,0,0,0,0,0,0,3,0,0,0,0,0,0,47,0,0,0,1,44,0,66,0,0,9,13,0,0,0,0,0,0,0,7,17,940,0,0,0,0,0,0,0,259,0,0,0,0,0,0,17,0,0,29,0,0,7,0,67,3,0,0,0,0,0,0,0,762,0,0,133,0,0,10,0,0,0,0,0,0,2075,0,0,0,0,0,284,13,0,0,0,0,0,18,0,0,0,0,0,13,0,0,57,0,0,0,0,0,0,0,0,0,0,57,0,159,38,383,0,0,0,0,0,0,0,0,99,145,0,0,0,0,0,0,0,0,0,0,0,0,0,0,0,0,9,0,0,0,0,0,0,0,307,0,0,0,2,3,0,2,0,0,0,0,0,0,0,6,0,0,0,2,2,0,0,0,0,0,0,0,0,0,0,176,0,0,0,0,0,0,0,0,0,85,0,0,0,0,2,0,0,0,0,0,0,117,0,0,0,1,0,0,0,189,0,0,0,0,0,5,8,139,17,0,0,0,50,4,0,2,0,0,0,0,0,218,0,0,0,508,0,0,0,0,0,0,0,0,0,0,0,0,552,87,0,0,6,0,45,5,0,0,0,1,0,43,114,7,0,0,0,0,0,0,0,0,0,0,0,2,2,0,0,2,0,0,1,0,0,27,20,0,0,0,0,2993,329,0,0,0,0,0,0,0,290,0,0,0,0,0,0,27,0,0,0,0,0,0,0,0,0,0,56,34,0,0,0,0,0,0,0,4,3,0,0,0,510,0,0,0,0,0,9,0,0,0,0,75,0,0,4,0,5092,0,0,0,0,0,1,196,0,0,0,0,0,0,0,0,0,0,0,0,90,0,0,91,0,3,3,20,0,14,0,0,14,0,0,0,0,0,0,0,1,0,2279,0,0,0,0,0,19,0,0,5,53,0,0,23,0,0,0,0,0,0,0,0,0,122,0,0,20,0,11,0,0,0,3,0,0,475,0,0,0,0,0,0,0,0,0,0,21,0,0,7,0,0,0,0,0,0,0,0,0,1,0,0,3,0,15,0,0,0,4,0,243,0,0,169,0,0,0,0,0,0,0,0,15,0,0,6,35,0,0,0,0,0,41,52,4,0,377,0,1,0,0,0,0,0,0,2,0,0,35,10,3,0,0,212,0,0,0,0,43,0,0,0,75,0,85,0,0,0,15,0,0,173,0,0,0,0,195,0,3,98,12,0,55,55,7,0,0,675,0,3,1895,0,13,0,0,0,15,0,490,66,0,0,0,5,0,0,0,0
"D376",0,0,0,0,0,0,0,0,0,0,0,0,0,0,0,0,0,0,0,0,0,0,0,0,15,0,0,0,0,0,0,0,0,0,0,0,0,0,0,0,0,0,0,0,0,0,0,0,0,0,0,73,0,0,0,0,0,0,0,0,0,0,0,0,0,0,0,0,0,0,0,0,0,0,0,0,0,0,0,0,0,152,0,0,0,0,1188,0,0,0,0,0,0,0,0,0,0,0,0,0,0,0,0,0,0,0,0,0,0,0,48,0,0,0,0,0,0,0,0,0,0,0,0,0,0,0,0,0,0,0,0,0,0,0,0,0,0,82,0,0,0,0,0,0,0,0,0,0,0,0,0,0,0,0,0,0,0,0,0,0,0,0,0,0,0,0,0,0,0,0,0,0,0,0,0,0,0,0,0,0,0,0,114,89,0,0,0,0,0,0,0,0,0,0,0,0,0,0,0,0,0,0,0,0,0,0,0,0,0,0,0,0,0,0,0,0,0,0,0,0,0,0,0,0,0,0,0,0,0,0,0,0,0,388,0,0,0,0,0,0,0,380,0,0,0,0,0,0,0,0,0,0,0,0,0,0,0,0,0,0,0,0,0,0,0,0,0,0,0,0,0,0,0,0,0,0,0,0,0,0,0,0,0,0,0,0,0,0,0,53,0,0,0,0,0,0,0,0,0,210,0,0,0,0,0,0,0,0,0,0,0,0,0,0,0,0,0,0,0,0,0,0,0,0,0,0,0,0,0,0,0,0,31,0,0,0,0,0,160,0,0,0,0,0,0,0,0,0,0,0,0,0,0,0,0,0,0,0,0,0,0,0,0,0,0,0,0,0,0,0,0,0,0,0,0,0,0,0,0,0,0,0,0,0,0,0,0,0,0,0,0,0,0,0,0,0,0,0,0,0,0,0,0,0,0,0,0,0,0,0,0,0,0,0,0,0,0,0,0,0,0,0,0,0,0,0,0,0,0,0,0,0,0,0,0,0,0,0,0,0,0,0,0,0,0,0,36,0,0,0,0,0,0,0,0,0,0,0,0,0,0,0,0,0,489,0,0,0,0,0,0,0,0,0,0,0,0,81,0,0,0,0,0,0,0,0,0,0,0,0,0,0,0,0,0,0,0,0,0,0,0,0,305,0,0,0,0,0,0,0,0,0,0,0,0,0,0,0,0,0,0,0,0,0,259,0,0,0,0,0,0,0,0,0,0,0,0,0,0,0,0,0,0,0,0,0,0,161,0,0,0,0,0,68,128,0,0,0,0,0,0,0,0,0,0,0,0,0,0,0,0,0,0,0,0,0,0,0,0,0,0,0,0,0,0,0,0,0,0,0,0,83,0,0,0,0,0,0,0,0,42,0,0
"D377",0,0,0,0,0,0,0,0,0,0,0,0,0,0,0,0,0,0,0,0,0,0,0,0,0,0,0,0,0,0,0,0,0,0,0,0,0,0,0,0,0,0,0,0,0,0,0,0,0,0,0,0,0,0,0,0,0,0,0,0,0,0,0,0,0,2,0,0,0,0,0,0,0,0,0,0,0,0,0,0,0,0,0,0,0,0,0,0,0,0,0,0,0,0,0,0,0,0,0,0,0,0,0,0,0,0,0,0,0,0,0,0,0,0,0,0,0,0,0,0,0,0,0,0,0,0,0,4,0,0,0,0,0,0,0,0,0,0,0,0,0,0,0,0,0,0,0,0,0,0,0,0,0,0,0,0,0,0,0,0,0,0,1,0,0,0,0,0,0,0,0,0,0,0,0,0,0,0,0,0,0,0,0,0,0,0,0,0,0,0,0,0,0,0,0,13,0,0,0,0,0,0,0,0,0,0,0,0,0,0,0,0,0,0,0,0,0,0,0,0,0,0,0,3,0,0,0,0,0,0,0,0,0,179,0,0,0,0,0,0,0,0,0,0,0,0,0,0,0,0,0,0,0,0,0,0,0,0,0,0,0,2,0,0,0,0,0,0,0,0,0,0,0,0,0,0,0,0,0,0,0,0,0,0,0,0,0,0,0,0,0,0,4,0,0,0,0,0,0,0,0,0,0,22,0,0,0,0,4,0,0,0,0,0,0,0,0,0,0,0,0,0,0,0,0,0,0,0,0,0,0,0,0,0,0,0,0,0,0,0,0,0,0,0,0,0,0,0,0,0,0,0,0,0,0,0,0,0,0,0,0,0,0,2,0,0,0,0,0,0,0,0,0,0,0,0,0,0,0,0,0,0,0,0,0,0,0,0,0,0,2,0,0,0,0,0,0,0,0,0,0,0,0,0,0,0,0,0,0,0,0,0,0,0,0,0,0,0,0,0,0,0,0,0,0,0,0,0,0,0,0,0,0,0,0,5,0,0,0,0,0,0,0,0,0,0,0,0,0,0,0,0,0,2,0,0,0,0,0,0,0,0,0,0,0,0,0,0,2,67,0,0,0,0,0,0,0,0,0,0,0,0,0,0,0,0,0,0,0,0,0,0,0,0,0,0,0,0,0,0,0,0,1,0,0,18,0,0,0,0,0,0,0,0,0,0,0,0,0,0,0,0,0,0,0,0,0,0,0,0,0,0,0,0,0,0,0,0,0,0,0,0,0,0,0,0,0,0,0,0,0,0,0,0,0,0,0,0,0,0,0,0,0,0,0,0,0,0,0,0,0,0,0,0,0,0,0,0,14,0,0,0,7,0,0,0,0,0,0,0,0,0,0,0,0,0,0,0,0,0,0,0,0
"D378",0,0,0,0,0,0,0,0,0,0,0,0,0,0,0,0,0,0,0,0,0,0,0,0,0,0,0,0,0,0,0,0,0,0,0,0,0,0,0,0,0,0,0,0,0,0,0,0,0,0,0,0,0,0,0,0,0,0,0,0,0,0,0,0,0,0,0,0,0,0,0,0,0,0,0,0,0,0,0,0,0,0,39,0,0,0,0,0,0,0,0,0,0,0,0,0,0,0,0,0,0,0,0,0,0,0,0,0,0,0,0,0,60,0,0,0,0,0,0,0,0,0,0,0,0,0,0,0,0,21,0,0,0,0,0,0,60,0,0,0,0,0,0,0,0,0,0,0,0,0,572,0,0,0,0,0,0,0,0,0,0,0,0,0,0,0,10,0,0,0,0,0,0,0,0,0,0,0,0,0,0,0,0,0,0,0,0,2,0,0,0,0,0,0,0,0,0,0,0,0,0,0,0,0,0,0,0,0,0,0,0,0,0,0,0,0,0,0,0,0,0,0,0,0,0,0,0,0,0,0,0,0,0,0,0,0,0,0,0,0,0,0,0,0,0,0,0,0,0,0,0,0,0,0,0,0,1098,0,0,0,0,0,0,0,0,0,0,0,0,0,0,0,5487,0,0,0,0,0,0,0,0,0,0,0,0,0,0,0,0,0,0,0,0,0,0,0,0,0,0,0,0,0,0,0,0,0,0,0,0,0,0,0,0,0,0,0,2,0,0,0,0,0,0,0,0,0,949,0,0,0,0,0,19772,0,0,0,0,0,0,0,0,0,0,0,0,0,0,0,0,0,0,0,0,0,0,0,0,0,0,0,0,0,0,0,0,0,0,0,0,0,0,0,0,0,0,0,0,0,0,0,0,0,0,0,0,0,0,0,0,0,0,0,0,0,0,0,0,0,0,0,0,0,0,0,0,0,0,0,0,0,0,0,0,0,0,0,0,0,0,0,0,0,0,0,0,0,0,0,0,0,0,0,0,0,0,0,0,0,0,0,0,0,0,0,0,0,0,0,0,0,7441,0,0,0,0,0,0,0,0,0,0,0,0,0,0,0,0,0,0,0,0,119,0,0,0,0,0,0,0,0,0,0,0,0,0,0,0,0,0,0,0,0,0,0,0,0,3548,0,0,0,0,0,0,0,0,0,0,0,0,0,0,0,0,0,0,0,0,0,0,0,0,0,0,0,0,4,0,0,0,0,0,0,0,0,0,0,0,0,0,0,0,0,0,0,0,0,0,0,0,0,0,0,0,0,0,0,0,0,0,0,0,0,0,0,0,0,0,0,0,0,0,0,0,0,0,0,0,0,0,0,0,0,0,0,0,0,0,0,0,0,0,0,0,0,0,0,0,0,0,0,10541,0,0
"D379",0,6,51,0,0,0,0,0,0,0,0,0,0,18,0,42,84,3,0,106,0,0,578,13,0,0,0,0,0,0,464,2,1,0,0,0,0,28,0,24,0,0,45,0,0,0,0,0,71,0,0,0,4,0,0,0,0,0,0,286,12,0,214,0,0,259,2,0,2,0,0,0,0,0,0,0,40,0,0,0,0,0,0,0,45,0,0,0,0,0,2,0,0,0,63,0,16,0,0,0,15,0,0,0,209,0,0,0,297,7,0,11,0,1,5,0,0,0,0,0,0,34,0,0,0,0,0,0,57,0,0,0,0,0,5,0,0,0,0,0,65,0,0,0,0,0,0,0,0,0,0,0,0,0,0,0,0,47,64,0,23,0,0,12,0,0,0,24,0,0,0,0,0,0,0,0,0,0,0,19,0,0,0,0,0,4,0,0,148,0,0,0,0,98,0,0,0,0,0,0,0,0,0,0,0,0,0,0,5,0,0,0,0,16,0,0,0,0,0,0,0,3,0,0,0,51,0,0,0,18,0,0,0,0,11,0,0,0,2,0,0,0,1,0,0,0,51,0,2,0,85,0,138,0,3,0,0,0,0,0,10,0,360,345,0,0,9,30,0,0,0,0,0,0,0,0,102,0,0,0,1329,0,0,0,0,0,0,5,0,0,0,0,0,396,81,0,0,8,0,17,0,0,0,2,107,0,0,1264,5,0,137,0,0,2,0,0,0,6,0,0,0,0,0,0,0,0,0,9,59,0,0,51,0,0,45,0,842,109,0,0,0,0,0,3,0,360,0,0,0,0,9,0,0,0,0,0,0,0,0,1,0,0,0,2,25,0,0,0,0,0,0,0,0,0,669,0,0,32,0,0,0,0,0,3,0,0,11,0,114,0,0,2,0,2085,0,0,0,21,0,0,0,30,0,0,0,0,0,0,0,12,0,0,0,149,0,0,0,0,43,70,0,0,16,0,0,12,0,0,0,0,2,0,0,0,0,2347,0,0,0,0,0,17,0,0,0,0,0,14,23,0,0,0,0,1166,0,0,0,0,93,11,0,3,0,7,0,0,0,0,0,0,1616,0,0,0,0,0,0,4,45,0,0,10,0,0,77,0,0,0,0,33,0,1,0,69,3,0,0,14,0,265,0,0,0,35,0,187,148,0,9,0,0,0,0,0,0,0,0,34,0,34,57,0,0,0,0,0,0,26,0,374,4,589,0,24,0,0,0,0,0,0,0,0,0,21,4,7,0,0,787,0,0,0,0,0,0,0,0,120,0,0,0,0,0,3,7,0,247,0,0,0,0,0,0,16,0,49,0,764,12,80,0,0,217,4,10,0,0,14,0,0,0,0,20,0,132,0,0,0,0,0,0,0,0
"D380",0,0,0,96,0,0,0,0,0,0,0,0,0,0,0,0,0,0,0,0,0,0,0,0,0,0,0,0,0,0,0,0,0,0,0,0,0,0,0,0,0,3,0,0,0,0,0,0,0,0,0,0,0,0,0,0,0,0,0,0,0,0,0,0,0,24,0,0,0,0,0,0,0,0,0,0,0,0,0,0,0,0,0,0,0,0,0,0,0,0,0,0,0,0,0,0,0,0,0,0,0,0,0,0,0,0,157,0,0,0,0,0,0,0,0,0,0,9,0,0,0,0,0,0,0,0,0,0,0,0,0,1,0,0,0,0,8,0,0,0,0,0,0,0,0,0,0,0,0,0,0,0,0,0,0,0,0,0,0,0,0,0,0,0,0,0,0,0,0,0,0,0,0,0,0,0,0,0,0,0,0,0,0,0,0,0,0,0,0,0,0,0,0,0,0,0,0,0,0,0,0,0,0,0,0,0,0,0,0,0,0,0,0,0,0,0,32,0,0,0,0,0,0,12,0,0,0,0,0,0,0,0,0,0,0,0,0,0,0,0,0,0,736,0,0,0,0,0,0,0,0,0,0,0,0,0,0,0,0,0,0,0,0,0,0,0,0,0,0,0,0,0,0,0,0,0,0,0,0,0,0,0,0,0,0,0,0,0,0,0,0,0,0,0,0,0,0,0,0,0,0,0,0,0,0,0,0,0,0,0,0,0,0,0,0,0,0,0,0,0,0,0,0,0,0,0,0,0,0,0,0,0,0,0,0,0,0,0,0,0,0,0,0,0,0,0,0,0,0,0,0,0,0,3213,0,0,0,0,0,0,0,0,0,0,0,0,0,0,0,0,0,0,0,0,0,0,0,0,0,3,0,0,0,0,0,0,0,0,0,0,0,0,0,0,0,0,0,0,0,0,0,0,0,0,0,0,0,0,0,0,0,0,0,0,0,0,0,0,0,0,0,0,0,0,0,0,0,0,0,0,0,0,0,0,0,0,0,19623,0,0,0,0,0,0,0,0,0,0,0,0,0,0,0,0,0,0,0,0,0,0,0,0,0,0,0,0,0,0,0,0,0,0,0,0,0,0,0,0,0,0,0,0,0,0,0,0,0,0,0,0,0,0,0,0,0,0,0,0,0,0,0,0,0,0,0,0,0,509,0,0,0,0,0,0,0,0,0,0,0,0,0,0,0,0,3,0,0,0,0,0,0,0,0,0,0,0,0,0,0,0,0,0,0,0,0,0,0,0,0,0,0,0,0,0,0,0,0,0,0,0,4,0,0,0,0,0,0,0,0,0,0,0,0,0,0,0,0,0,0,0,0,0,0,0,0,0,0,0,0,3,0,0,0,0,0,0,0,0,0,0,0,0,0
"D381",9,0,0,0,0,0,62,0,0,0,0,0,0,0,0,0,0,0,0,0,0,0,0,0,0,0,0,0,0,0,0,0,2,4,5,0,0,0,0,0,0,0,0,0,0,0,0,0,0,0,0,0,0,0,0,0,0,0,0,0,0,0,0,0,0,0,0,0,0,0,0,0,0,0,0,0,0,0,0,0,0,0,2,0,0,0,0,0,0,0,0,0,0,0,0,0,0,0,0,0,0,0,0,0,0,0,0,0,0,0,0,0,0,0,0,1644,0,0,0,0,0,0,0,0,0,0,0,0,0,0,0,0,0,0,0,0,0,0,0,0,0,0,0,0,0,0,0,24,0,0,0,0,0,0,0,0,0,0,0,0,0,0,0,0,662,0,0,0,0,0,0,0,0,2338,0,0,0,0,0,0,0,0,0,0,0,0,0,0,0,0,0,6,0,0,0,0,0,0,0,0,0,0,0,0,0,0,0,0,0,0,475,0,0,0,33,87,0,0,0,0,0,0,0,0,0,0,0,0,0,0,0,0,0,0,0,29,0,0,0,0,0,0,0,0,0,0,0,0,0,0,0,0,0,0,0,0,2042,0,0,0,0,0,0,0,0,0,0,0,0,0,0,0,0,0,0,0,0,0,0,0,0,0,0,0,0,0,2,0,0,0,0,9,0,0,0,0,0,0,0,0,0,0,0,0,165,0,0,0,0,0,0,0,0,0,0,0,0,0,0,0,0,0,0,0,0,0,0,0,0,0,0,0,0,0,0,0,0,0,0,0,0,0,105,0,0,0,15,0,69,0,0,0,0,0,0,0,52,0,0,0,0,0,0,0,0,79,0,0,0,0,0,0,0,0,0,0,0,0,0,0,0,0,0,0,0,0,0,0,0,0,0,0,0,0,0,0,0,0,0,0,0,0,0,0,0,0,0,0,0,0,0,0,0,0,0,0,0,0,0,0,0,0,0,0,0,0,0,0,0,0,0,0,0,0,0,0,0,0,0,0,0,0,0,0,0,0,0,0,0,0,0,0,0,0,0,0,0,0,0,0,0,0,0,0,0,0,0,0,0,0,0,0,0,0,0,2,0,0,0,0,0,0,0,0,0,0,0,0,0,0,0,0,0,0,0,14,2,0,0,0,0,0,0,0,0,0,0,0,0,0,0,0,0,0,0,191,0,0,0,0,0,0,0,0,0,0,0,0,0,0,0,0,0,0,0,0,0,0,0,6,0,0,0,0,0,0,0,0,0,0,0,0,5,0,39,0,0,0,0,0,0,0,0,0,0,0,0,0,0,2,0,0,0,0,0,0,0,0,3,0,0,0,0,0,0,0,0,0,0,0,0,0,0,0,0,0,0,0,0,2,0,0,0
"D382",0,0,0,805,0,0,22,0,4,0,0,0,0,0,0,0,0,0,0,0,5,0,0,0,0,18,10,1,0,0,0,0,0,0,8,0,0,0,0,0,0,70,0,0,0,0,0,0,0,0,44,0,0,0,7,0,0,0,0,0,0,0,0,51,0,0,0,0,0,0,0,0,0,89,0,0,0,0,0,0,0,1,0,0,0,0,9,0,0,0,0,0,0,0,0,0,0,0,0,0,0,0,0,0,0,0,0,0,0,0,12064,0,688,0,0,0,0,91,0,0,0,0,0,48,0,0,0,0,0,12,0,266,0,18,0,0,86,0,0,0,0,15,20,0,0,0,0,0,0,0,0,0,0,0,0,123,0,0,0,0,0,0,0,0,0,0,2143,0,0,0,0,0,0,0,0,0,10,0,0,4,0,0,0,13,0,0,0,13,0,0,0,0,0,0,0,0,0,0,0,0,0,0,0,7,0,0,0,0,0,0,0,0,0,0,3,0,0,0,0,0,0,0,0,246,0,0,0,0,0,2,0,0,0,69,0,0,0,0,0,0,0,0,0,0,0,22,0,0,0,0,0,0,0,0,0,0,0,0,356,7,0,125,0,0,0,0,0,0,0,0,0,0,0,0,0,0,0,0,0,0,4,42,0,0,0,0,9,0,0,0,0,0,0,0,0,0,0,0,0,11,0,0,0,0,0,41,0,0,0,0,0,47,0,0,0,35,0,0,2,0,0,0,0,0,0,0,0,0,0,0,0,0,102,0,0,0,0,0,0,0,0,0,15,0,0,0,0,0,74,0,0,0,0,22,0,50,0,0,6,0,0,0,0,0,0,3,0,0,0,0,14,0,0,0,0,0,0,0,0,231,0,0,0,0,0,13,0,0,0,0,0,0,0,0,0,0,0,0,0,0,0,0,0,0,0,0,0,0,22,0,113,0,0,0,0,0,0,0,0,0,0,0,0,0,0,0,0,0,0,0,0,0,0,0,0,0,0,2,0,4,0,0,0,0,0,0,0,0,0,0,0,454,201,0,0,0,0,0,0,0,0,0,19,0,0,0,0,0,0,0,0,9,0,0,0,0,0,0,0,112,83,0,17,0,0,0,0,8,0,0,0,0,0,0,0,1,0,0,0,0,0,23,11,0,0,0,0,36,0,0,0,0,0,0,24,0,0,0,0,0,0,0,0,0,247,15,36,0,0,0,0,0,0,0,0,0,4,0,0,0,65,0,0,0,0,0,0,0,0,0,0,0,0,0,0,0,0,0,0,0,9,0,0,0,0,0,0,11,3,16,0,0,0,0,0,0,0,0,0,0,0,0,0,0,0,0,0,0,325,0,0,0,0,0,0,0,0,5,0,0,14,0,0
"D383",1,118,5,0,5,0,0,0,0,0,0,0,3,23,0,0,0,39,0,0,0,1,0,35,5,0,0,0,3,7,4,0,0,0,0,0,0,15,0,3,0,0,68,0,0,0,0,0,0,0,0,0,4,0,0,0,0,0,0,27,10,0,0,0,0,6,2,0,2,0,4,0,0,0,0,8,19,0,0,0,0,0,0,9,0,0,0,0,14,0,0,8,0,0,16,1,0,0,0,25,0,0,0,0,0,0,0,8,187,0,0,1,0,0,2,0,0,0,0,0,6,0,1,0,45,0,0,0,0,0,15,0,6,0,0,24,0,0,0,0,12,0,0,0,0,83,0,0,0,0,2,39,1,2,7,0,0,3,0,133,4,0,18,3,4,0,0,23,0,0,0,0,0,3,1,0,0,4,0,2,0,1,5,0,0,0,3,0,1,0,0,4,0,5,38,35,0,0,0,0,17,0,5,0,26,0,0,1,9,0,0,49,0,23,0,0,0,0,13,3,0,6,0,0,0,163,0,7,31,0,0,21,0,0,3,0,13,46,20,4,0,5,0,0,9,0,0,0,0,0,3,15,0,0,0,252,0,0,0,0,0,0,7,0,7,0,4,0,0,1,0,136,4,0,0,8,6,1,1,16,86,0,0,0,7,0,0,0,0,0,18,0,0,8,0,0,0,0,0,94,0,0,1,38,4,0,0,6,41,190,3,0,32,13,4,0,0,0,0,0,96,0,0,9,0,0,0,12,15,0,0,0,0,0,8,20,0,116,0,0,22,0,0,12,7,0,0,0,0,12,2,6,7,0,13,0,6,0,0,0,0,0,0,7,0,0,96,0,0,3,47,0,0,0,0,0,0,0,0,0,2,0,0,0,0,0,97,0,0,0,6,0,0,0,0,0,0,0,0,0,0,0,0,0,38,14,0,2,0,0,0,50,0,0,0,0,0,0,0,0,45,1,6,0,0,18,0,24,0,0,0,0,0,0,0,0,0,0,0,0,9,0,0,11,0,0,4,83,0,7,0,6,0,11,4,0,0,0,0,6,0,0,0,0,9,4,0,0,0,52,27,0,0,17,0,0,0,0,0,0,0,68,0,0,0,0,1,0,0,0,0,0,7,0,0,0,0,0,0,0,0,0,0,0,0,545,61,0,11,0,6,0,0,0,0,0,9,22,0,1,4,0,103,15,0,0,14,7,0,0,18,0,7,0,0,2,0,15,0,0,0,8,0,0,0,0,0,15,2,0,0,0,0,0,0,0,0,0,13,2,0,0,7,0,0,0,47,0,0,5,0,0,0,55,74,0,1,0,197,0,2,3,0,13,1,0,0,5,0,0,0,0,0,0,73,0,0,0,7,0,3,4,0
"D384",0,0,0,0,0,0,0,0,0,0,0,0,0,0,0,0,0,0,0,0,0,0,0,0,0,0,0,0,0,0,0,0,0,0,0,0,0,0,0,0,0,0,0,0,0,0,0,0,0,0,0,0,0,0,0,0,0,0,0,0,0,0,0,0,0,0,0,0,0,0,0,0,0,0,0,0,0,0,0,0,0,0,0,0,0,0,0,0,0,0,0,0,0,0,0,0,0,0,0,0,0,0,0,0,0,0,0,0,0,0,0,0,0,0,0,0,0,0,0,0,0,0,0,0,0,0,0,0,0,0,0,0,0,0,0,0,0,0,0,0,0,0,0,0,0,0,0,0,0,0,0,0,0,0,0,0,0,0,0,0,0,0,0,0,0,0,0,0,0,0,0,0,0,0,0,0,0,0,0,0,0,0,6,0,0,0,0,0,0,0,0,0,0,0,0,0,0,0,0,0,0,0,0,0,0,0,0,0,0,0,0,0,0,0,0,0,0,0,0,0,0,0,0,2,0,0,0,0,0,0,0,0,0,0,0,0,0,0,0,0,0,0,0,0,0,0,0,0,0,0,0,0,0,0,0,0,0,0,0,0,0,0,0,0,0,0,0,0,0,0,0,0,0,0,0,0,0,0,0,0,0,0,0,0,0,0,0,0,0,0,0,0,0,0,0,0,0,0,0,0,0,0,0,0,0,0,0,0,0,0,0,0,0,0,0,0,0,0,0,0,0,0,0,0,0,0,0,0,0,0,0,0,0,0,0,0,0,0,0,0,0,0,0,0,0,0,0,0,0,0,0,0,0,0,0,0,0,0,0,0,0,0,0,0,0,0,0,0,0,0,0,0,0,0,0,0,0,0,0,0,0,0,0,0,0,0,0,0,0,0,0,0,0,0,0,0,0,0,0,0,0,0,0,0,0,0,0,0,0,0,0,0,0,0,0,0,0,0,0,0,0,0,0,0,0,0,0,0,0,0,0,0,0,0,0,0,0,0,0,0,0,0,0,0,0,0,0,0,0,0,0,0,0,0,0,0,0,0,0,0,0,0,0,0,0,0,0,0,0,0,0,0,0,0,0,0,0,0,0,0,0,0,0,0,0,0,0,0,0,0,0,0,0,0,0,0,0,0,0,0,0,0,0,0,0,0,0,0,0,0,0,0,0,0,0,0,0,0,0,0,0,0,0,0,0,0,0,0,0,0,0,0,0,0,0,0,0,0,0,0,0,0,0,0,0,0,0,0,0,0,0,0,0,0,0,0,0,0,0,0,0,0,0,0,0,0,0,0,0,0,0,0,0,0,0,0,0,0,2,0,0,0,0,0,0,0,0,0,0,0,0,0,0,0,0,0,0,0,0,0,0,0,0
"D385",0,0,0,0,0,0,0,79,0,0,0,0,1,0,0,2,0,0,13,1,2,0,0,0,0,0,215,0,0,0,194,0,11,171,0,0,0,0,0,0,0,0,0,134,0,0,0,0,12,0,0,28,0,0,271,0,0,0,0,0,0,0,21,0,927,0,16,0,0,0,2,812,257,0,0,0,0,3,8,0,1679,0,0,0,0,272,0,325,0,41,0,0,0,13,0,0,19,0,93,0,0,0,59,0,0,0,0,0,0,0,0,0,0,0,0,0,0,0,14,0,0,3,0,0,0,0,7,1760,0,0,0,0,0,0,0,0,0,133,0,0,4,0,0,0,2,0,0,9,16,1,0,0,0,0,0,0,5,0,0,0,0,0,0,0,0,0,0,0,10,0,4,0,2,6,0,0,2,0,0,0,0,0,0,0,29,0,0,0,0,0,0,0,0,0,0,0,1,0,0,0,0,10,0,0,0,0,4,0,0,0,0,0,3,0,0,0,0,0,0,0,20,0,1,0,22,0,3,0,0,0,149,33,3,0,0,0,0,0,0,0,0,0,0,26,3,0,0,0,11,0,0,0,0,730,7,0,0,0,0,0,0,2,0,0,0,19,0,0,0,0,0,0,0,23,0,1,0,0,0,0,22,0,7,0,0,0,8,6,0,0,0,0,0,0,5,0,0,0,0,15,0,0,0,0,15,0,0,0,4,0,0,0,0,0,2,0,0,0,0,26,0,0,0,0,0,0,0,0,0,0,0,0,10,0,0,0,2,0,366,0,0,9,11,0,0,0,51,0,0,0,0,0,2,0,0,0,0,0,0,0,851,0,6,0,0,0,0,0,10,0,0,0,0,0,0,0,0,4,0,0,0,0,0,0,109,0,0,0,0,18,0,4,0,3,0,0,30,0,366,0,106,0,0,28,0,0,36,0,0,2,0,0,0,0,0,246,0,0,7,0,0,0,0,2,0,0,0,0,0,0,1,44,108,5,59,0,43,0,0,0,0,2,319,0,0,0,89,0,0,226,1,0,0,0,0,133,7,0,3,0,0,0,0,0,0,0,0,0,0,0,0,0,0,156,0,0,74,546,0,0,0,0,0,0,0,37,0,0,0,0,0,0,0,0,4,0,0,0,6,0,22,0,0,0,224,0,0,0,0,0,0,0,0,0,381,0,0,2,6,0,0,2,0,0,0,0,0,0,0,0,0,0,0,6,0,0,0,0,0,0,0,0,141,0,0,0,0,0,13,201,2,0,0,801,0,0,0,0,0,0,0,0,0,0,0,0,9,0,0,0,2,1,0,0,0,0,0,0,0,1,0,0,0,0,0,0,38,0,0,279,109,80,0,0,0,0,0,16,0,0,0,0,0
"D386",0,0,0,0,0,0,0,0,0,0,0,0,0,0,0,0,0,0,0,0,0,0,0,0,0,0,0,216,0,0,0,0,0,120,0,0,27,0,0,0,0,0,0,0,0,0,0,0,7,0,0,0,7,0,0,0,0,0,0,0,0,0,0,0,0,16,0,0,0,0,0,0,0,0,0,0,0,0,0,0,27,0,0,0,0,967,0,0,0,1029,0,0,0,2,0,0,0,0,0,0,0,0,0,60,0,0,0,0,0,0,0,0,0,0,0,0,0,0,0,0,0,0,0,0,0,0,0,122,0,0,0,0,0,0,0,0,0,0,0,0,0,0,0,21,0,0,0,0,0,0,0,0,0,0,0,2,0,0,0,0,0,0,0,0,0,0,0,0,0,0,0,0,0,0,0,0,0,0,0,0,0,0,0,0,462,0,0,0,0,0,0,0,0,471,0,0,0,0,0,0,0,0,0,0,0,0,0,0,0,0,0,0,0,0,0,0,0,0,0,6,0,0,0,0,1852,0,0,0,0,0,0,0,0,0,0,0,0,0,0,0,0,0,0,0,0,0,0,0,0,0,0,0,0,0,0,0,0,0,0,0,0,0,0,0,0,0,0,0,0,0,0,0,0,0,0,0,0,0,0,0,0,0,0,0,0,0,0,0,5,18,0,0,220,0,0,0,0,0,7,0,0,0,0,0,0,0,0,0,0,0,0,0,0,0,0,0,0,0,0,0,0,0,0,0,0,0,0,0,0,0,0,0,0,0,0,0,0,0,0,0,0,75,0,0,0,0,0,0,0,0,0,0,0,0,0,0,0,0,0,0,0,0,36,0,0,0,0,0,0,0,0,0,0,0,0,0,0,0,0,0,0,0,0,0,0,206,0,0,0,0,0,0,0,0,0,0,0,0,59,290,0,0,0,0,0,0,0,0,0,0,0,0,0,0,0,1007,0,0,0,0,0,0,0,0,0,0,0,0,0,0,2,0,0,0,0,0,0,0,0,0,0,0,29,0,0,0,0,0,0,0,0,16,0,0,0,0,0,0,0,0,0,0,0,0,0,0,0,0,0,0,0,0,0,0,0,0,0,1955,0,0,0,0,38,0,0,2,6,0,0,0,0,0,0,0,0,0,0,36,156,0,0,0,0,0,0,0,0,0,0,0,0,0,0,0,0,0,0,0,0,0,0,0,0,0,0,0,0,0,0,0,0,0,0,0,0,0,0,0,0,0,0,0,0,0,0,0,0,0,0,0,0,0,0,29,0,0,0,0,0,0,0,0,0,0,0,0,0,0,0,5,0,0,0,0,0,0,0,0,0,14,0,0,0,0,0,0,0,0,0,0,0,0,0,2,0,0,0,0,0,0,0,0,0
"D387",0,0,0,0,0,0,0,0,0,0,0,0,0,0,0,0,0,0,3,0,0,0,0,0,2,0,0,0,0,0,0,0,6,17,0,0,0,0,0,0,0,0,0,8,0,0,0,0,0,0,0,0,0,0,0,0,0,0,0,0,0,0,0,5,0,0,3,0,0,0,0,1,3,0,0,0,0,0,0,0,3,18,0,0,0,27,0,0,0,18,0,0,2,0,0,0,40,0,0,0,0,0,5,7,0,0,0,0,0,0,3,0,0,0,0,0,0,0,0,0,0,0,0,0,0,0,0,211,0,0,0,0,0,0,0,0,0,15,0,45,0,0,0,0,0,0,0,0,0,0,0,0,0,0,0,0,0,0,0,0,0,0,0,0,0,0,0,0,0,0,14,0,0,0,0,0,0,0,0,0,2,0,2,18,0,0,0,11,0,0,0,0,0,0,0,0,0,0,0,0,0,13,0,0,0,0,0,0,0,0,0,0,0,0,0,0,0,0,0,0,0,0,0,0,0,0,6,0,0,0,20365,4,0,0,0,0,0,0,0,0,0,0,0,0,0,0,0,4,19,0,0,0,0,15,0,0,0,0,0,0,0,7,0,0,0,0,0,0,0,0,0,0,0,6,0,0,0,0,0,0,0,0,0,0,0,0,10,2,0,9,0,0,0,0,0,0,0,0,0,0,0,0,0,0,0,0,0,0,0,0,0,0,0,0,0,0,0,0,3,0,0,0,0,0,0,0,0,0,0,0,0,0,2,0,0,0,0,0,6,0,0,0,7,0,0,0,0,0,0,0,0,0,0,0,0,0,0,0,0,0,3,0,0,1,0,0,0,0,33,0,2,0,0,0,0,0,0,0,0,0,0,0,0,0,0,0,0,0,0,0,0,0,0,0,0,0,0,0,434,0,15,0,0,0,0,0,14,5,0,0,0,0,0,0,0,0,0,0,0,0,0,0,0,0,0,0,0,0,0,0,0,64,8,0,13,0,10,0,0,0,0,0,6,0,0,0,8,0,0,20,0,0,0,0,0,3,0,0,0,0,0,0,0,0,2,0,0,0,0,0,0,0,0,0,0,0,14,9,0,0,0,0,0,0,0,0,0,0,0,0,0,0,0,0,0,0,0,0,4,0,9,0,9,0,6,0,0,0,0,0,0,0,0,0,91,0,0,0,0,0,0,0,0,0,0,0,0,0,0,0,0,0,0,0,2,0,0,0,0,0,0,0,28,0,0,0,7,0,0,25,0,0,0,4,0,0,0,0,0,0,0,0,0,0,0,0,0,0,0,0,0,0,0,0,0,0,0,0,0,0,0,0,0,0,0,0,10,0,0,47,4,53,0,0,0,0,0,3,0,0,0,0,0
"D388",5,97,0,0,4,10,0,0,0,8,79,99,0,14,0,6,60,31,0,1,0,30,176,35,46,0,0,0,31,3,236,0,8,0,57,11,0,0,7,244,0,0,174,0,101,0,0,17,14,60,0,0,38,0,0,23,27,0,0,452,356,0,15,0,0,70,4,14,4,0,0,0,0,0,8,79,0,0,3,0,0,0,0,12,62,0,0,0,44,0,1,22,2,3,5,23,0,0,0,0,10,12,0,1,6,0,0,0,195,0,0,0,0,27,40,0,5,0,11,25,41,14,20,0,249,183,2,0,0,0,371,0,4,0,4,58,0,0,0,1,10,0,0,0,0,37,21,0,58,1,0,40,73,33,30,0,0,55,67,179,50,2,158,23,0,8,0,11,73,98,0,0,0,6,12,22,0,2,5,15,1,5,12,0,0,48,0,0,161,0,27,14,3,0,78,4,39,3,11,48,6,0,34,0,67,596,0,24,41,9,0,4,1,9,0,0,0,0,28,14,3,3,3,0,0,14746,0,232,16,0,0,8,0,0,1,0,16,264,43,3,0,0,0,0,0,0,7,174,0,0,23,5,14,0,0,3,0,68,0,0,97,0,10,132,0,5,43,24,7,5,8,144,0,2,61,0,47,116,2,5,516,0,2,19,3,0,0,0,0,2,7,0,0,28,109,0,20,35,0,4,20,0,103,112,10,0,0,23,241,20,0,0,46,58,20,0,0,238,0,1,399,10,10,103,6,14,0,33,0,10,0,284,29,20,60,109,79,358,0,18,0,0,0,437,0,107,0,26,0,42,53,215,74,0,4,0,7,39,0,21,0,0,1,101,29,0,51,15,0,6,7,0,0,0,533,0,50,13,149,0,0,74,0,0,0,0,690,0,10,0,110,4,26,0,1,70,1,0,0,0,0,0,0,0,91,8,0,0,0,24,0,157,9,1,0,0,15,11,0,0,16,0,33,5,0,36,7,64,0,2,14,0,0,0,0,0,24,0,0,0,4,35,0,121,119,0,0,123,0,0,0,0,0,623,47,0,0,5,0,90,2,80,0,25,13,0,11,15,18,85,0,0,1,12,61,0,0,0,4,0,0,97,0,23,67,0,16,0,22,70,0,3,3,4,0,5,0,7,0,210,0,0,0,12,0,1496,675,0,6,1,13,28,0,91,0,0,3,23,14,191,11,0,104,134,0,0,17,11,81,106,14,239,8,8,0,143,0,20,0,5,0,0,0,14,0,79,12,0,90,0,38,0,56,0,0,26,137,12,2,193,0,0,49,24,36,24,108,0,3,6,12,0,6,32,105,5,31,0,114,0,0,3,0,12,9,0,0,62,0,0,26,0,0,12,740,31,0,0,26,0,0,9,0
"D389",0,0,0,104,0,0,0,0,0,0,0,0,0,0,0,0,0,0,0,0,9,0,0,0,0,20,0,4,1,0,0,0,0,4,0,0,0,0,0,0,0,0,0,0,0,28,0,0,0,0,0,0,6,0,2,0,0,0,4,0,0,6,0,5,0,0,4,0,0,0,0,0,0,224,0,0,0,0,0,0,0,0,0,2,0,0,0,0,0,0,0,0,0,0,0,0,0,0,0,0,0,0,0,0,0,41,0,0,0,0,394,0,12,0,0,0,0,153,0,2,0,0,0,44,0,0,0,0,0,11,2,22,0,7,0,0,35,0,0,3,0,0,16,0,0,0,0,0,0,0,0,0,2,0,0,3,0,0,0,0,0,1,0,0,6,0,363,0,0,0,0,0,0,10,0,0,0,0,0,0,2,0,0,109,0,0,0,7,0,0,0,0,0,0,0,0,0,0,0,0,0,0,0,14,0,0,0,0,0,0,0,0,0,0,0,0,0,29,0,0,0,0,0,7,0,0,0,0,0,0,0,0,0,1,0,0,0,0,0,0,0,0,0,0,0,0,0,0,0,0,0,0,0,0,0,0,0,0,1038,4,0,2360,0,0,0,0,0,0,0,0,0,0,3,0,0,0,0,0,0,0,4,0,1,0,0,0,8,0,0,0,0,0,0,0,0,0,0,0,0,1,0,4,0,0,3,0,0,0,0,0,0,16,0,0,0,39,1,0,0,0,0,0,0,0,0,3,0,0,0,0,0,0,828,0,0,0,0,0,0,0,0,0,10,0,0,0,0,0,0,0,0,0,0,5,0,30,0,0,22,0,0,0,0,0,0,0,0,0,0,0,6,0,0,0,0,0,0,0,0,0,0,0,0,0,0,0,0,0,0,0,0,0,0,0,0,0,2,0,0,0,0,0,0,0,0,0,0,0,16,0,116,0,0,0,16,0,0,0,0,0,0,0,0,0,0,0,0,0,0,0,0,0,0,0,0,0,0,8,0,0,3,0,0,0,0,0,4,0,0,0,0,1,83,0,2,0,0,0,0,0,0,0,42,0,9,3,0,0,0,0,0,0,0,0,0,0,0,0,0,33,28,0,0,0,0,0,0,0,0,0,5,0,0,0,0,0,3,0,0,0,0,0,0,0,0,0,0,0,0,3,0,0,0,0,0,0,0,0,0,0,0,0,0,0,0,76,0,0,0,0,0,0,0,0,0,0,345,0,0,0,33,0,0,0,0,0,0,22,0,0,0,0,0,0,18,0,0,0,0,0,26,0,0,0,0,0,0,0,0,2,0,0,0,0,0,0,0,0,0,0,0,0,0,0,0,0,0,0,6,0,0,0,0,0,0,0,7,0,0,0,0,0,0
"D390",0,0,0,0,0,0,0,0,0,0,0,0,0,0,0,0,0,0,0,0,0,0,0,0,0,0,0,0,0,0,0,0,0,969,0,0,0,0,0,0,0,0,0,0,0,0,0,0,0,0,0,0,880,0,0,0,0,0,0,0,0,9283,0,0,0,0,0,0,0,2408,0,0,0,0,0,0,0,0,0,0,0,0,0,0,0,0,0,0,0,0,0,0,0,0,0,0,0,0,0,0,0,0,0,0,0,0,0,0,0,0,0,0,0,0,0,0,0,0,0,0,0,0,0,0,0,0,0,0,0,0,0,0,0,0,0,0,0,0,0,0,0,0,0,0,0,0,0,0,0,0,0,0,0,0,0,0,0,0,0,0,0,0,0,0,102,0,0,0,0,0,0,0,0,0,0,0,18,0,0,0,0,0,0,0,0,0,0,0,0,0,0,0,0,0,0,0,0,0,0,0,0,0,0,0,0,0,12,0,0,0,0,0,0,0,0,0,0,0,0,0,0,0,0,0,0,0,0,0,0,0,0,0,0,0,0,0,0,0,0,0,0,0,0,0,0,0,0,0,0,0,0,0,0,0,0,0,48,0,0,0,0,0,0,0,0,0,0,0,0,0,0,0,50,0,0,0,0,0,0,0,0,0,0,0,0,0,0,0,0,0,0,0,0,0,0,0,0,0,0,0,0,0,0,0,0,0,0,0,0,0,0,0,0,0,0,0,0,0,0,0,0,0,0,0,0,0,643,0,0,0,0,0,0,0,0,0,0,0,0,0,0,0,3,0,0,0,0,0,25884,0,0,0,0,0,0,0,0,0,0,0,0,0,0,0,0,0,0,0,0,0,0,0,0,0,0,0,0,0,0,0,0,0,0,0,0,0,0,0,0,0,0,0,0,0,0,0,0,0,0,0,0,0,0,0,0,0,0,0,0,0,0,0,0,0,0,0,0,0,0,0,0,0,0,0,0,0,0,0,0,0,0,0,0,0,0,0,0,0,0,0,0,0,0,0,0,0,0,0,0,0,274,0,0,0,0,0,0,0,0,0,4,0,0,0,2,0,0,0,0,0,0,6,0,0,0,0,0,0,0,0,0,0,0,0,0,0,0,0,0,0,0,0,0,0,0,0,45,0,0,0,0,0,0,0,0,0,0,0,0,189,0,0,0,0,0,0,0,0,0,0,0,0,0,0,0,0,0,0,0,0,0,0,0,0,0,0,0,0,0,0,0,0,0,0,0,0,0,0,0,0,0,0,0,0,0,0,0,0,0,0,0,0,0,0,0,0,0,0,0,0,0,0,0,0,0,0,0,0,0,0,0,0,0,0,0,0,0,0,0,0,0,0,0,0,0,0,0,0,0,9,0,0,0
"D391",0,3,0,0,0,0,0,10,0,0,0,0,0,0,0,0,0,1,0,0,3,0,3,0,0,0,0,0,0,0,6,3,0,0,28,0,0,3,2,9,2,0,0,0,0,0,0,5,0,2,0,2,359,12,18,0,15,2,0,0,2,0,16,0,0,2,4,0,0,0,0,0,0,0,0,4,0,68,0,2,0,0,0,0,0,0,0,0,63,6,2,0,0,0,0,1,0,0,0,0,17,0,0,3,0,0,0,18,66,0,0,0,0,0,0,0,3,0,0,0,0,0,0,0,0,19,0,1,0,0,0,0,0,0,0,4,0,0,0,0,3,0,0,0,2,4,2,0,5,0,0,5,66,44,2,0,0,0,0,0,0,8,4,0,38,3,0,0,0,10,0,0,0,135,0,2,0,0,10,22,12,5,0,2,0,2,1,6,0,11,0,0,0,0,0,3,8,25,0,0,0,0,0,0,0,149,0,0,0,0,0,0,0,1,0,0,0,0,2,0,6,0,9,0,0,0,1,69,0,0,0,0,0,0,0,0,0,0,9,0,0,0,0,0,0,0,0,31,0,0,0,0,21,3,0,0,0,0,0,0,0,0,0,6,24,0,27,0,0,0,0,0,0,2,0,0,0,2,2,18,11,0,0,0,5,0,0,0,0,0,0,0,0,0,0,5,0,0,0,16,0,0,0,4,0,0,0,9,41,0,5,0,43,28,1,2,0,0,0,0,0,0,8,0,0,0,0,0,0,3,0,2,19,20,2,0,0,13,0,20,0,0,0,0,21,68,6,29,0,0,65,1,0,0,0,0,0,3,3,0,0,0,3,11,0,4,3,0,0,0,5,12,0,0,0,2,1,6,0,0,0,0,0,0,0,0,0,0,0,0,153,0,0,0,0,27,0,2,0,0,0,5,1,2,36,15,3,0,0,0,0,44,0,0,0,0,0,3,0,0,0,0,0,5,0,0,0,0,0,0,0,0,0,0,0,0,0,0,0,0,0,0,0,0,0,0,0,0,4,0,0,0,0,0,10,0,2,2,0,13,0,0,0,0,0,6,0,0,3,0,39,0,0,1,0,0,0,0,0,0,0,0,0,7,0,0,0,0,0,0,0,0,0,0,4,0,0,0,0,3,0,0,0,0,0,9,0,0,0,0,18,0,0,14,0,0,0,1,3,0,5,0,5,0,0,0,0,0,47,28,2,3,1,0,0,0,0,0,261,3,0,0,0,2,3,0,3,0,18,0,0,0,0,0,0,0,0,0,5,23,0,0,16,0,0,4,13,0,0,0,0,6,34,0,0,0,59,0,0,0,0,68,0,0,0,0,0,29,0,0,0,0,0,0,8,0,0,29,0,3,0,68,0
"D392",2,0,0,0,0,0,1,0,0,0,0,0,0,0,0,0,0,0,0,0,76,0,0,0,0,0,0,0,0,0,0,0,0,0,0,0,0,0,0,0,0,0,0,0,0,0,0,0,0,0,0,0,0,0,0,0,0,0,0,0,0,0,21,0,0,0,0,0,0,0,0,0,0,0,0,0,0,0,0,0,166,0,0,0,0,356,0,0,0,6,0,0,0,321,0,0,0,0,0,0,0,0,0,48,0,0,0,0,0,0,0,0,0,0,0,0,0,0,0,0,0,0,0,0,0,0,0,66,0,0,0,0,0,0,0,0,0,0,0,0,0,2,0,38,0,0,0,0,0,0,0,0,0,0,0,0,2,0,0,0,0,0,0,0,0,0,0,0,0,0,0,0,0,0,0,0,0,0,0,0,0,0,0,0,797,0,0,0,0,0,0,0,0,117,0,0,0,0,0,0,0,0,0,0,0,0,0,0,0,0,0,0,0,0,0,0,0,0,0,0,0,0,0,0,532,0,0,0,0,0,0,0,0,0,0,0,0,0,0,0,0,0,0,0,0,5,0,0,0,0,0,0,0,0,0,0,0,0,0,0,0,0,0,0,0,0,2,0,0,0,0,0,0,0,0,0,0,0,0,0,0,0,0,0,0,0,0,0,0,9,0,0,24,0,49,0,0,0,0,0,0,0,0,0,0,0,0,0,0,0,0,0,0,0,0,0,0,0,0,0,0,0,0,0,0,0,0,0,0,0,0,0,0,0,0,0,0,0,0,0,0,23,0,0,0,0,0,0,0,0,0,0,0,0,0,0,0,0,0,0,0,0,425,0,0,0,0,0,0,0,0,0,0,0,0,0,0,0,0,0,0,0,0,0,0,133,0,0,0,0,0,0,0,0,0,0,2,0,1,99,1035,0,0,0,0,0,0,0,0,0,0,0,0,0,0,821,0,0,0,0,0,0,0,0,0,0,0,0,0,0,5,0,0,9,0,0,0,0,0,0,0,0,674,0,0,0,0,0,0,0,0,0,0,0,0,0,0,0,0,0,0,0,0,0,0,0,0,0,0,0,0,0,0,0,0,0,0,1802,0,0,0,0,0,0,0,0,0,0,0,0,0,0,0,0,0,0,0,0,0,0,0,0,0,0,0,0,0,0,0,0,0,0,0,0,0,0,0,0,0,0,0,0,0,0,0,0,0,0,0,0,0,0,0,0,0,0,0,0,0,0,0,0,0,0,0,0,0,0,0,0,0,0,2,435,0,0,0,0,0,0,0,0,0,0,0,0,0,0,2,0,0,0,0,0,0,0,0,0,0,0,0,0,0,0,0,0,0,4,0,0,0,0,0,2,0,0,0,0,0,0,0,0,0
"D393",0,0,0,0,0,0,0,0,0,0,0,0,0,0,0,0,0,0,0,0,0,0,0,0,0,1103,0,0,0,0,0,0,0,0,0,0,0,0,0,0,0,519,0,0,0,0,0,0,0,0,0,0,0,0,0,0,0,0,0,0,0,0,0,0,0,0,0,0,0,0,0,0,0,5,0,0,0,0,0,0,0,0,0,0,0,0,0,0,0,0,0,0,0,0,0,0,0,0,0,0,0,0,0,0,0,180,0,0,0,0,0,0,0,0,0,0,0,2878,0,0,0,0,0,0,0,0,0,0,0,0,0,0,0,0,0,0,0,0,0,0,0,0,273,0,0,0,0,0,0,0,0,0,0,0,0,0,0,0,0,0,0,0,0,0,0,0,0,0,0,0,0,0,0,0,0,0,0,0,0,0,0,0,0,0,0,0,0,0,0,0,0,0,0,0,0,0,0,0,0,0,0,0,0,37,0,0,0,0,0,0,0,0,0,0,0,0,1418,195,0,0,0,0,0,0,0,0,0,0,0,0,0,0,0,0,0,0,0,0,0,0,0,0,0,0,0,0,0,0,0,0,0,0,0,0,0,0,0,0,1419,696,0,43,0,0,0,0,0,0,0,0,0,0,0,0,0,0,0,0,0,0,0,0,0,0,0,0,0,0,0,0,0,0,0,0,0,0,0,0,0,0,0,0,0,0,0,0,0,0,0,0,0,1679,0,0,0,0,0,0,0,0,0,0,0,0,0,0,0,0,0,0,0,0,0,0,0,0,0,0,0,0,0,0,0,0,0,0,0,0,0,0,0,0,0,0,0,217,0,0,584,0,0,0,0,0,0,0,0,0,0,0,0,0,0,0,0,0,0,0,0,0,0,0,0,0,0,0,0,0,0,0,0,0,0,0,0,0,0,0,0,0,0,0,0,0,0,0,0,0,0,0,7247,0,0,0,13,0,0,0,0,0,0,0,0,0,0,0,0,0,0,0,0,0,0,0,0,0,0,0,0,0,0,0,0,0,0,0,0,0,0,0,0,0,7,0,0,0,0,0,0,0,0,0,0,0,0,0,0,0,0,0,0,0,0,0,0,0,0,0,0,0,3495,0,0,0,0,0,0,0,0,0,0,0,0,0,0,0,0,0,0,0,0,371,0,0,0,0,0,0,0,0,0,0,0,0,0,0,0,0,0,0,0,0,0,0,0,0,0,0,0,0,0,0,0,0,0,0,0,0,0,0,0,0,0,0,0,0,0,0,0,0,0,0,0,0,0,0,0,0,0,0,636,0,0,0,0,0,0,0,0,0,0,0,0,0,0,0,0,0,0,0,0,0,0,0,0,0,0,0,0,0,0,0,0,0,0,0,0,0,0,0,0,0,39
"D394",0,0,0,0,0,0,0,0,0,0,0,0,0,0,5,0,0,0,0,0,0,0,0,0,0,0,0,0,0,0,0,0,0,698,0,0,42,0,0,0,0,0,0,0,0,0,0,0,0,0,0,0,0,0,100,0,0,0,0,0,0,0,18,0,0,0,0,0,0,0,0,166,0,0,0,0,0,0,0,0,85,0,0,0,0,275,0,2,0,77,0,0,0,26,6,0,0,0,0,0,0,0,41,571,0,0,0,0,0,0,0,0,0,0,0,0,0,0,0,0,0,0,0,0,0,0,0,1316,0,0,0,0,0,0,0,0,0,155,0,0,0,0,0,2,0,0,0,0,0,0,0,0,0,0,0,0,0,0,0,0,0,0,0,0,0,0,0,0,0,0,0,0,0,0,0,0,0,0,0,0,0,0,0,0,761,0,0,0,0,0,0,0,0,23,0,0,0,0,0,0,0,296,0,0,0,0,0,0,0,0,0,0,0,0,0,0,0,0,0,0,0,0,0,0,0,0,0,0,0,0,0,0,0,1,0,0,0,0,0,0,0,0,0,0,0,0,0,0,0,0,0,0,0,0,0,0,0,0,0,0,0,0,0,0,0,0,0,0,0,0,0,0,0,0,0,0,0,0,0,0,4,0,21,0,0,0,4,0,15,3,0,0,196,0,0,0,0,0,0,0,0,0,0,0,2,0,0,0,0,0,0,0,0,0,0,0,0,0,0,0,0,0,0,0,0,0,0,0,0,0,0,0,0,0,0,0,0,0,195,0,0,387,0,0,0,0,0,0,0,0,0,0,0,0,0,0,0,0,0,0,53,0,32,0,0,0,0,0,0,0,0,0,0,2,0,0,0,0,0,2,0,0,0,0,0,105,0,0,0,0,0,0,0,0,0,0,0,0,297,0,0,0,0,0,0,0,0,0,0,0,0,0,0,0,0,560,0,0,0,0,0,0,0,0,0,0,0,0,0,0,0,0,985,32,0,0,0,0,0,1,0,0,552,0,0,0,3,0,0,0,0,0,0,0,0,295,0,0,0,0,0,0,0,0,0,0,0,0,0,0,0,0,0,20,0,0,491,4515,0,0,0,0,7,0,0,0,0,0,0,0,0,0,0,77,25,0,0,110,0,0,54,0,0,0,9,0,0,0,0,0,0,0,0,0,0,0,0,0,0,0,0,0,0,0,0,0,0,0,0,0,0,0,0,1,35,0,0,0,0,0,0,0,58,0,0,0,0,0,1,0,0,0,0,0,0,0,0,0,0,1,0,0,0,0,0,0,0,0,9,26,0,2,0,0,0,0,0,0,0,0,0,0,0,0,0,2,0,0,0,17,0,0,0,0,0,90,0,0,0,372,0,0,0
"D395",0,0,0,0,0,0,0,0,0,0,0,0,0,0,0,0,0,0,0,0,0,0,0,0,0,0,0,0,0,0,0,0,0,0,0,0,0,0,0,0,0,0,0,0,0,0,0,0,0,0,0,0,0,0,0,0,0,0,0,0,0,0,0,0,0,0,0,0,0,0,0,0,0,3,0,21,0,0,0,5,0,0,0,0,0,0,0,0,0,0,0,0,0,0,0,0,0,0,0,0,0,0,0,0,0,0,7,0,0,0,0,0,0,0,0,0,0,0,0,0,0,0,62,0,0,0,0,0,0,0,0,0,0,0,0,0,0,0,0,0,0,0,0,0,0,0,0,0,0,0,0,0,0,0,0,0,0,0,0,0,0,0,0,0,0,0,0,0,0,0,0,0,0,0,0,0,0,0,0,0,0,0,0,0,0,0,0,0,0,0,0,0,0,0,0,0,0,0,0,0,0,0,0,0,0,0,0,0,0,0,0,0,0,0,0,0,0,0,0,0,0,0,0,2,0,0,0,0,0,0,2,0,0,0,0,0,0,0,0,0,0,0,0,0,0,0,0,0,0,0,2,0,0,0,0,0,0,0,0,0,0,0,0,0,0,0,0,0,0,0,0,2,0,0,0,0,0,0,0,0,0,0,0,0,0,0,0,0,0,2,0,0,0,0,0,0,0,0,0,0,0,0,0,0,0,0,0,0,0,0,0,0,0,0,0,0,3,0,0,0,0,0,0,0,0,0,0,0,0,0,0,0,0,0,0,0,0,0,0,0,0,0,0,0,0,0,0,0,0,0,0,0,0,0,0,0,0,0,0,0,0,0,0,0,0,0,0,0,0,0,0,0,0,0,0,0,0,2,0,1,0,0,0,0,0,0,0,0,0,0,0,0,0,0,0,0,1,0,0,0,0,0,0,0,0,0,0,0,0,0,0,0,0,0,0,0,0,0,0,0,0,3,0,0,0,0,0,0,0,0,0,0,0,0,0,0,0,0,4,0,0,0,0,0,0,0,0,0,0,0,0,0,0,0,0,0,0,0,0,0,0,0,0,0,0,0,0,0,0,0,0,0,4,0,0,0,0,0,0,0,0,0,0,0,0,2,0,0,0,0,0,0,0,0,0,2,6,0,0,0,0,0,0,0,0,0,2,0,0,0,0,0,0,0,0,0,0,0,0,0,0,0,0,0,0,0,0,0,0,0,0,0,0,0,0,0,0,0,0,0,0,0,0,0,0,0,0,0,0,0,0,0,0,0,0,0,0,0,0,0,0,0,0,0,0,0,0,0,0,0,0,0,0,0,0,0,0,0,36,0,0,0,0,0,0,0,0,0,0,0,0,0,0,0,0,0,0,0,0,0,0,0,0
"D396",0,25,6,0,3,12,0,0,0,0,33,125,0,9,13,3,0,20,56,5,0,7,25,4,9,0,0,0,0,5,99,6,13,56,0,11,0,27,0,219,35,0,60,37,28,0,0,5,32,0,0,1,232,0,0,63,7,0,0,8,9,0,25,0,0,111,0,0,0,0,0,0,0,0,2,90,29,0,10,9,0,0,0,4,0,0,0,0,18,0,4,53,0,0,2,27,0,0,5,31,53,58,0,0,0,0,0,4,367,13,0,5,0,0,13,0,0,0,2,17,21,0,2,0,0,2,0,0,0,34,99,0,0,0,6,57,0,0,0,0,19,0,0,0,5,2,4,3,17,0,0,0,0,31,16,0,8,0,21,21,10,40,0,8,5,8,0,34,0,3,0,2,12,8,0,8,0,0,6,42,9,0,0,0,0,25,3,0,35,90,13,0,11,0,0,0,4,0,2,8,0,0,34,0,38,0,0,52,0,10,1,22,0,43,0,6,0,0,4,3,1,15,0,2,55,94,0,139,1,4,0,7,0,0,0,0,2,24,32,0,0,0,0,0,0,0,7,195,0,0,6,7,0,5,0,0,0,10,0,0,27,0,36,19,4,0,23,0,5,12,8,12,0,0,4,0,10,57,7,2,188,0,0,5,3,0,0,0,0,2,3,0,0,116,53,0,12,11,10,53,46,2,75,354,12,0,23,1,29,0,6,0,63,0,15,0,0,102,0,0,20,32,0,44,11,2,2,2,38,283,0,0,17,7,27,3,0,28,0,5,80,9,0,18,0,83,0,1,0,5,8,11,27,0,7,0,0,6,0,0,7,0,0,3,0,0,26,20,0,6,20,0,2,0,90,29,81,39,13,0,0,133,2,0,0,0,79,1,8,0,54,4,39,0,0,0,0,1,0,0,0,0,0,0,0,0,0,51,0,11,0,1,0,16,0,0,8,0,5,57,7,0,0,0,0,32,0,57,0,0,0,0,0,0,0,38,1,0,0,0,17,30,0,9,25,8,0,8,0,0,0,0,0,16,15,4,0,2,7,64,0,10,0,0,16,0,5,4,31,16,235,0,0,78,9,0,0,0,1,0,0,4,0,10,14,0,0,0,76,0,0,9,3,4,3,0,0,13,0,20,0,0,3,2,0,288,26,0,0,0,33,0,1,150,0,0,6,13,13,9,0,0,133,11,0,0,8476,31,152,1,9,0,5,0,0,42,0,18,38,0,0,0,0,6,9,7,7,0,62,0,3,3,6,0,0,0,0,11,0,91,0,0,75,11,0,0,91,70,0,3,0,3,164,0,6,5,29,35,49,21,7,17,95,3,28,120,7,0,0,0,0,0,34,0,33,45,0,0,1,0,0,0,0
"D397",0,0,0,0,7,0,2,0,0,0,0,0,0,0,0,0,0,0,0,0,0,0,0,0,0,0,0,0,0,0,0,0,2,3,0,0,0,0,0,0,0,0,0,0,0,0,0,0,0,0,0,0,0,0,0,0,0,0,6,0,0,0,0,0,0,0,0,0,0,0,0,0,0,0,0,0,0,0,0,0,0,0,0,0,0,0,0,0,0,0,0,0,0,0,0,0,0,0,0,0,0,0,0,0,0,0,0,0,0,0,0,0,0,0,0,12,0,0,0,0,0,0,0,0,0,0,0,0,0,0,0,0,0,0,0,0,0,0,0,0,0,0,0,0,0,0,0,0,0,0,0,0,0,0,0,0,0,0,0,0,0,0,0,0,0,0,0,0,0,0,0,0,0,0,0,0,0,0,0,0,0,0,23,0,0,0,0,0,0,0,0,0,0,0,0,0,0,0,0,0,0,0,0,0,0,0,0,0,0,0,0,0,0,0,0,0,0,0,0,0,0,0,0,0,0,0,0,0,0,0,653,0,0,1,0,0,0,0,0,0,0,0,0,0,0,0,0,0,0,0,0,0,0,0,0,0,0,0,0,0,0,0,0,0,0,0,0,0,0,0,0,0,0,0,0,0,0,0,0,0,0,0,1,0,0,0,0,0,0,0,0,12,0,0,0,0,0,0,0,0,0,0,0,0,0,0,0,0,0,0,0,2,0,0,0,0,0,0,0,0,0,0,0,0,0,0,0,0,0,0,0,0,0,0,0,0,0,0,0,0,0,0,0,0,0,0,0,0,0,0,0,0,0,0,0,0,0,0,0,0,0,0,0,0,0,0,0,0,0,0,0,0,0,0,0,0,0,0,0,0,0,0,0,0,0,0,0,0,0,0,0,0,0,0,0,0,0,0,0,0,0,0,0,0,0,0,0,0,0,0,0,0,0,0,0,0,0,0,0,0,0,0,0,0,0,0,0,0,0,0,0,0,0,0,0,0,0,2,0,0,0,0,0,0,0,0,0,0,0,0,0,0,0,0,0,0,0,0,0,0,0,0,0,0,0,0,0,0,0,0,0,0,0,0,0,0,0,1,0,0,0,0,0,0,0,0,0,0,0,0,14,0,0,0,0,0,0,0,0,0,0,0,0,0,0,0,0,0,0,0,0,0,0,0,0,0,0,0,0,0,0,0,0,0,0,0,0,0,0,0,0,0,0,0,0,0,0,0,0,0,0,0,0,0,0,0,0,0,0,0,0,0,0,0,0,0,0,0,0,0,0,0,0,0,0,0,0,0,0,0,0,0,0,0,0,0,0,0,0,0,0,0,0,0,0,0,0,0,0,0,0,0,0,0,0,0,0,0,0,0,0,0,0
"D398",0,0,0,0,0,0,0,0,0,0,0,0,0,0,0,0,0,0,0,0,0,0,0,0,0,0,0,0,0,0,0,0,0,0,0,0,0,0,0,0,0,0,0,0,0,0,0,0,0,0,0,0,0,0,0,0,0,0,0,0,0,0,0,0,0,0,0,0,0,0,0,0,0,0,0,0,0,0,0,0,0,0,0,0,0,0,0,0,0,0,0,0,0,0,0,0,40,0,0,0,0,0,0,0,0,0,0,0,0,0,0,0,0,0,0,0,0,0,0,0,0,0,0,0,0,0,0,0,0,576,0,0,0,0,0,0,0,0,0,0,0,592,0,0,0,0,0,0,0,0,0,0,0,0,0,0,0,0,0,0,0,0,0,0,0,0,0,0,0,0,0,0,0,180,0,0,0,0,0,0,0,0,0,0,0,0,0,0,0,0,0,0,0,0,0,0,0,0,0,0,0,0,0,0,0,0,0,0,0,0,0,0,0,0,0,0,0,0,0,0,0,0,0,0,0,0,0,0,0,0,2,0,0,0,0,0,0,0,0,0,0,0,0,0,0,0,0,0,0,0,0,0,0,0,0,0,0,0,0,0,0,0,0,0,0,0,0,0,0,0,0,0,0,0,0,0,0,0,0,0,0,0,0,0,0,0,0,0,0,0,0,0,0,0,0,0,0,0,0,11700,0,0,0,0,0,0,0,0,0,0,0,0,0,0,0,0,0,0,0,0,0,0,0,0,0,0,0,0,0,0,0,0,0,0,0,0,0,0,0,0,0,0,0,0,0,0,0,0,0,0,0,0,0,0,0,0,0,0,0,0,0,0,0,0,0,0,0,0,0,0,0,0,0,0,0,0,0,0,0,0,0,0,0,0,0,739,0,0,0,0,0,0,0,0,0,0,0,0,0,0,0,0,0,0,0,0,0,0,0,0,0,0,0,0,0,0,0,0,0,0,0,0,0,0,0,0,0,0,0,0,0,0,0,0,0,0,0,0,0,0,0,0,0,0,0,0,0,0,0,0,0,0,0,0,0,0,0,0,0,0,0,0,0,0,0,0,0,0,0,0,0,0,0,0,0,0,0,0,0,0,0,0,0,0,0,0,0,0,0,0,0,0,0,0,0,0,0,0,0,0,0,0,0,0,0,0,0,0,0,0,0,0,0,0,0,0,0,0,0,0,0,0,0,0,0,0,0,0,0,0,0,0,0,0,0,0,0,0,0,0,0,0,0,0,0,0,0,0,0,0,0,0,0,0,0,0,0,0,0,0,0,0,0,0,0,0,0,0,0,0,0,0,0,0,0,0,0,0,1072,0,0,0,0,0,0,0,0,0,0,36,0,0,0,0,0,0,0,0,0,0,0,0,0
"D399",0,0,0,0,0,0,0,0,0,0,0,0,0,0,0,0,0,0,0,0,0,0,0,0,0,0,0,9,0,0,0,0,0,4,0,0,0,0,0,0,0,0,0,0,0,0,0,0,0,0,0,18,0,0,0,0,0,0,0,0,0,0,0,0,0,0,3,1,0,0,0,0,0,0,0,0,0,0,0,0,0,0,0,0,0,0,0,0,0,0,0,0,0,0,0,0,0,0,0,0,0,0,0,0,0,0,0,0,0,0,0,0,0,0,0,10,0,0,0,0,0,2,0,0,0,0,0,0,0,0,0,0,0,0,0,0,0,0,0,0,0,0,0,0,0,0,0,0,0,0,0,0,0,0,0,0,0,0,0,0,0,0,0,0,5,0,0,0,0,0,0,0,0,25,0,0,0,0,0,0,0,0,0,0,0,0,0,0,0,0,0,0,0,0,0,0,0,0,0,0,0,0,0,0,0,0,0,0,0,0,3,0,0,0,5,0,0,0,0,0,0,0,0,0,0,0,0,0,0,0,0,0,0,0,0,6,0,0,0,0,0,0,0,0,0,0,0,0,0,0,3,0,0,0,0,0,10,0,0,0,0,0,0,0,0,0,0,0,0,0,0,0,0,0,0,0,0,0,0,0,0,0,0,0,0,0,0,0,0,0,0,0,0,0,0,0,0,0,0,0,0,0,0,0,9,0,0,0,0,0,0,0,0,0,0,0,0,0,0,0,0,0,0,0,0,0,7,0,0,0,0,0,3,0,0,0,0,0,0,0,0,0,2,0,0,0,12,0,42,0,0,0,0,0,0,0,4,0,0,0,0,0,0,0,0,0,0,0,0,0,0,0,0,0,0,0,0,0,0,0,0,0,0,0,0,0,0,0,0,0,0,0,0,0,0,0,0,0,0,0,0,0,0,0,0,0,0,0,0,0,0,0,0,0,0,0,0,0,0,0,0,0,0,0,0,0,0,0,0,0,0,0,0,0,0,0,0,0,2,0,0,0,0,0,0,0,0,0,0,0,0,0,0,0,0,0,0,0,0,0,0,0,0,0,5,0,0,0,0,0,0,0,0,0,0,0,0,0,0,0,0,0,0,0,0,0,0,0,0,0,4,0,0,0,0,3,1,0,0,0,0,0,0,0,0,0,0,5,0,0,0,0,0,0,0,0,0,0,0,0,0,0,0,0,0,0,0,0,0,0,0,0,0,0,0,0,0,0,0,0,0,0,0,0,0,0,0,0,0,0,0,0,0,0,19,0,0,0,0,0,0,2806,0,0,0,0,0,0,0,0,0,0,0,0,0,0,0,0,15,0,0,0,0,0,0,0,0,0,0,0,0,0,0,0,0,0,0,0,0,0,0,0,0
"D400",0,0,0,0,0,0,0,0,0,0,0,0,0,0,0,0,0,0,0,0,0,0,0,0,0,0,0,0,0,0,21,0,3,78,8,0,6,0,0,0,0,0,0,27,0,0,0,0,0,0,0,0,0,0,15,0,0,0,0,3,0,0,6,0,0,0,0,0,0,0,0,0,0,0,0,0,0,0,0,0,243,0,0,0,0,74,0,0,0,20,0,0,0,6,0,0,0,0,0,0,0,0,11,141,0,0,0,0,0,0,0,0,0,0,0,0,0,0,0,0,0,0,0,0,0,0,0,117,0,0,0,0,0,0,0,0,0,63,0,0,16,0,0,0,0,0,0,0,0,0,0,0,0,10,0,8,0,0,0,0,0,0,0,0,0,0,0,0,0,0,0,0,0,0,0,0,0,0,0,0,0,0,0,0,47,0,0,0,0,0,0,0,0,7,0,0,0,0,0,0,0,179,0,0,0,0,0,0,0,0,0,0,0,0,0,0,0,0,0,16,0,0,0,0,4,0,0,0,0,0,0,0,0,0,0,0,0,0,0,0,0,0,0,0,0,0,0,0,3,0,0,0,0,0,0,0,0,0,0,0,0,0,0,0,0,0,0,0,0,0,0,0,0,0,0,0,0,0,0,0,0,0,0,0,0,0,0,0,0,31,0,0,67,0,4,0,0,0,0,0,0,0,0,0,0,0,0,0,0,0,0,0,0,0,0,0,0,0,0,0,0,0,0,0,0,0,0,0,0,0,0,0,0,0,0,0,0,0,15,0,0,113,0,0,0,0,0,0,0,0,0,0,0,0,0,0,0,0,0,0,21,0,20,0,0,0,0,0,0,0,0,0,0,0,0,0,0,0,0,0,0,0,0,0,6,60,0,0,0,0,0,0,0,0,0,0,0,0,41,67,12,0,0,0,0,0,0,0,0,0,0,0,0,0,0,354,0,0,0,0,0,0,0,0,0,0,0,0,0,0,0,0,287,8,0,0,0,0,0,0,0,0,116,0,0,0,0,0,0,0,0,1,0,0,0,75,0,0,0,0,0,0,0,0,12,0,0,0,0,0,0,0,0,0,0,0,32,597,0,0,0,0,4,0,0,0,0,0,0,0,0,0,0,1,5,0,0,55,55,0,130,0,0,0,0,0,0,0,0,0,0,0,0,0,0,0,0,0,0,0,0,0,0,0,0,0,0,0,0,0,0,0,0,0,0,0,0,0,0,0,0,0,0,0,0,0,0,0,0,13,0,0,0,0,0,0,0,0,0,0,0,0,0,0,0,0,0,0,0,0,0,0,0,0,0,0,0,0,0,0,0,0,2,0,0,0,0,0,0,9,0,0,0,0,0,0,0,0,0,0,0,0,0
"D401",0,0,0,0,0,0,0,0,0,0,0,0,0,0,0,0,0,0,0,0,0,0,0,0,0,274,0,0,0,0,0,0,0,0,0,0,0,0,0,0,0,0,0,0,0,0,0,0,0,0,0,0,0,0,0,0,0,0,0,0,0,0,0,0,2,0,0,0,0,0,0,0,0,29,0,0,0,0,0,0,0,0,0,0,0,0,0,0,0,0,0,0,0,0,0,0,0,0,0,0,0,0,0,0,0,6194,0,0,0,0,0,0,0,0,0,0,0,3637,0,0,0,0,0,69,0,0,0,0,0,0,0,20,0,7,0,0,0,0,0,0,0,0,53,0,0,0,0,0,0,0,0,0,0,0,0,0,0,0,0,0,0,0,0,0,0,0,0,0,0,0,0,0,0,0,0,0,0,0,0,0,0,0,0,0,0,0,0,0,0,0,0,0,0,0,0,0,0,0,0,0,0,0,0,51,0,0,0,0,0,0,0,0,0,0,0,0,0,1952,0,0,0,0,0,0,0,0,0,0,0,0,0,0,0,0,0,0,0,0,0,0,0,0,0,0,0,0,0,0,0,0,0,0,0,0,0,0,0,0,19873,27,0,0,0,0,0,0,0,0,0,0,0,0,0,0,0,0,0,0,0,0,0,0,0,0,0,0,0,0,0,0,0,0,0,0,0,0,0,0,0,0,0,0,0,0,0,0,0,0,0,0,0,205,0,0,0,0,0,0,0,0,0,0,0,0,0,0,0,0,0,0,0,0,0,0,0,0,0,0,0,0,0,0,0,0,0,0,0,0,0,0,0,0,0,0,0,99,0,0,0,0,0,0,0,0,0,0,0,0,0,0,0,0,0,0,0,0,0,0,0,0,0,0,0,0,0,0,0,0,0,0,0,0,0,0,0,0,0,0,0,0,0,0,0,0,0,0,0,0,0,0,548,0,0,0,8,0,0,0,0,0,0,0,0,0,0,0,0,0,0,0,0,0,0,0,0,0,0,0,0,0,0,0,0,0,0,0,0,0,0,0,0,0,29,0,0,0,0,0,0,0,0,0,315,0,0,0,0,0,0,0,0,0,0,0,0,0,0,0,0,0,245,0,0,0,0,0,0,0,0,0,0,0,0,0,0,0,0,0,0,0,0,90,0,0,0,0,0,0,0,0,0,0,0,0,0,0,0,0,0,0,0,0,0,0,0,0,0,0,0,0,0,0,0,0,0,0,44,0,0,0,0,0,0,0,0,0,0,0,0,0,0,0,0,0,0,0,0,0,0,0,99,0,0,0,0,0,0,0,3,0,0,0,0,0,0,0,0,0,0,0,0,0,0,0,0,0,0,0,329,0,0,0,0,0,0,0,0,0,0,0,0,0,30
"D402",0,0,0,63,0,0,0,0,0,0,0,0,0,0,0,0,0,0,0,0,16,0,0,0,0,17,0,0,0,0,0,0,0,0,0,0,12,0,0,0,0,0,0,0,0,0,0,0,0,0,54,0,0,0,0,0,0,0,0,0,0,0,0,29,0,0,0,0,0,16,0,0,0,0,0,0,0,0,0,0,0,0,0,0,0,0,97,0,0,0,0,0,0,0,0,12,0,0,0,0,0,0,0,0,0,706,0,0,0,0,7788,0,16,0,0,0,0,25,0,0,0,0,0,0,0,0,0,0,0,0,0,39,0,0,0,0,76,0,0,0,0,644,23,0,0,2,0,0,0,0,0,0,0,0,0,139,0,0,0,0,0,0,0,0,0,0,876,0,0,0,0,0,0,0,0,0,0,0,0,17,0,0,0,441,0,0,0,0,0,0,0,0,0,0,0,0,0,0,0,0,0,0,0,0,0,0,0,0,0,0,0,0,0,0,0,0,306,16,0,0,0,0,0,0,0,0,0,0,0,0,0,7,0,54,0,0,0,0,0,0,0,22,0,0,0,0,0,0,0,0,0,0,0,0,0,0,0,0,20171,19,0,30,0,0,0,0,0,0,0,0,0,0,0,0,0,6,0,0,0,0,0,92,0,0,0,0,0,0,0,0,0,0,0,0,0,0,0,0,19,0,0,0,0,0,0,33,0,0,0,0,0,0,0,0,0,40,0,0,3,0,0,0,0,0,0,0,6,0,0,0,0,0,34,0,0,0,0,0,0,0,0,0,0,0,2,0,0,0,10,0,0,0,0,0,0,0,0,0,0,0,0,0,0,0,0,0,0,0,0,0,0,0,0,0,0,0,0,0,0,47,28,0,0,0,0,164,0,0,0,0,0,0,0,0,0,0,0,0,0,0,0,0,0,0,0,0,0,0,5,0,16,0,0,0,2491,0,0,0,0,0,0,0,0,0,0,0,0,0,0,0,0,0,0,0,0,0,9,3,0,0,0,0,0,0,0,0,0,0,0,0,0,557,0,0,0,0,0,0,0,0,0,0,12,0,1,3,0,0,0,0,0,0,0,0,0,0,0,0,0,32,15,0,0,0,0,7,0,0,4,0,0,0,0,0,0,0,0,0,0,0,0,0,0,0,0,2,0,0,0,0,0,0,0,0,0,0,0,0,0,0,4,0,0,0,67,145,15,0,0,0,0,0,0,0,0,0,8,0,0,0,3,0,0,0,0,0,0,2,0,0,0,0,0,0,0,0,0,0,0,0,0,0,0,0,0,0,0,32,52,3,0,0,0,0,0,0,0,0,0,0,0,0,0,0,0,0,0,0,8,0,0,0,0,0,0,0,0,0,0,0,63,0,10
"D403",0,0,0,0,0,0,0,0,0,0,0,0,0,0,0,0,0,0,0,0,0,0,0,0,0,0,0,0,0,0,0,0,0,0,0,0,0,0,0,0,0,25,0,0,0,0,0,0,0,0,0,0,0,0,0,0,0,0,0,0,0,0,0,0,0,0,0,0,0,0,0,0,0,0,0,0,0,0,0,0,0,0,0,0,0,0,0,0,0,0,0,0,0,0,0,0,0,0,0,0,0,0,0,0,0,19,0,0,0,0,0,0,41,0,0,0,0,0,0,0,0,0,0,0,0,0,0,0,0,0,0,0,0,0,0,0,0,0,0,0,0,0,0,0,0,0,0,0,0,0,0,0,0,0,0,0,0,0,0,0,0,0,0,0,0,0,0,0,0,0,0,0,0,0,0,0,0,0,0,0,0,0,0,0,0,0,0,0,0,0,0,0,0,0,0,0,0,0,0,0,0,0,0,0,0,0,0,0,0,0,0,0,0,0,0,0,0,0,0,0,0,0,0,0,0,0,0,0,0,0,0,0,0,0,0,0,0,0,0,0,0,26,0,0,0,0,0,0,0,0,0,0,0,0,0,0,0,0,0,22,0,18,0,0,0,0,0,0,0,0,0,0,0,0,0,0,0,0,0,0,0,0,0,0,0,0,0,0,0,0,0,0,0,0,0,0,0,0,0,0,0,0,0,0,0,0,0,0,0,0,0,0,0,0,0,2,0,0,0,0,0,0,0,0,0,0,0,0,0,0,0,0,0,0,0,0,0,0,0,0,0,0,0,0,0,0,0,0,0,0,0,0,0,0,0,8,0,0,0,0,0,0,0,0,0,0,0,0,0,0,0,0,0,0,0,0,0,0,0,27,0,0,0,0,0,0,0,0,0,0,0,0,0,0,0,0,0,0,0,0,0,0,0,0,0,0,0,0,0,0,0,0,0,0,0,0,0,0,0,0,0,0,0,0,0,0,0,0,0,0,0,0,0,0,0,0,0,0,0,0,0,0,0,0,0,0,0,0,0,0,0,5,0,0,0,0,0,0,0,0,0,0,0,0,0,0,0,0,0,0,0,0,0,0,0,0,0,0,0,10,0,0,0,0,0,6,0,0,0,0,0,0,0,0,0,0,0,0,0,0,0,0,0,0,0,0,0,0,0,0,0,0,0,0,0,0,0,0,0,0,0,0,0,0,0,11,0,0,0,0,0,0,0,0,0,0,0,0,0,0,0,0,0,0,0,0,0,0,0,0,0,0,0,0,0,0,0,0,0,0,9,0,0,0,0,0,0,0,0,0,0,0,0,0,0,0,0,0,18,0,0,0,0,0,0,0,0,0,0,0,0,0,0,0,0,0,0,0,0,0,0,0,0
"D404",0,0,0,0,0,0,0,0,0,0,0,0,0,0,0,0,0,0,0,0,0,0,0,0,0,0,0,0,0,0,0,0,0,0,0,0,0,0,0,0,0,0,0,0,0,0,0,0,0,0,0,0,0,0,0,0,0,13,6,0,0,0,0,0,0,0,0,0,0,0,0,0,0,0,0,0,0,0,0,0,0,0,0,0,0,0,0,0,0,0,0,0,0,0,0,0,0,0,0,0,0,0,0,0,0,0,0,0,0,0,85,0,0,0,0,0,0,0,0,0,0,0,0,0,0,0,0,0,0,0,0,0,0,0,0,0,0,0,0,0,0,0,0,0,0,0,0,0,0,0,0,0,0,0,0,0,0,0,0,0,0,0,0,0,0,0,15,0,0,0,0,0,0,34,0,0,0,0,0,0,0,0,0,0,0,0,0,0,0,0,0,0,0,0,0,0,0,0,0,0,0,0,0,0,0,0,0,0,0,0,0,0,0,0,0,0,7,0,0,0,0,0,0,0,0,0,0,0,0,0,30,0,0,0,0,0,0,0,0,0,0,0,0,0,0,0,0,0,0,0,0,0,0,0,0,0,0,0,5,0,0,0,0,0,0,0,0,0,0,0,0,0,0,0,0,0,0,0,0,0,0,0,27,0,0,0,0,0,0,0,0,0,0,0,0,0,0,0,0,398,0,0,0,0,0,0,0,0,0,0,0,0,0,0,0,0,0,0,0,0,0,0,0,0,0,0,0,0,0,0,0,0,0,0,0,0,0,0,0,0,0,0,0,0,0,0,0,0,0,0,0,0,0,0,0,0,0,0,0,0,0,0,0,0,0,0,0,0,0,0,0,0,0,0,0,0,0,0,0,0,0,0,0,0,0,0,0,0,0,0,0,0,0,0,0,0,0,0,0,0,0,0,0,0,0,0,0,0,23,0,0,0,0,0,0,0,0,0,0,0,0,0,0,0,0,0,0,0,0,0,0,0,0,0,0,0,0,25,0,0,0,0,0,0,0,0,0,0,0,0,0,0,0,0,0,0,0,0,0,0,0,0,0,0,0,0,0,2,0,0,0,0,0,0,0,0,0,0,0,0,0,0,0,0,0,4,0,0,67,0,0,0,0,0,0,0,0,0,0,0,0,0,0,0,0,0,0,0,0,0,0,0,0,0,0,0,0,0,0,0,12,0,0,0,151,0,0,0,0,0,0,0,0,0,0,0,0,0,0,0,0,0,0,0,0,0,0,0,0,0,0,0,0,0,0,0,0,0,0,0,0,0,0,0,0,0,0,0,0,0,0,0,0,0,0,0,0,0,1,0,0,0,0,0,0,0,0,0,0,0,0,0,0,0,0,0,0,0,0,0,0,0,0
"D405",0,0,0,0,0,0,0,0,0,0,0,0,0,0,0,0,0,0,0,0,0,0,0,0,0,0,0,0,0,0,0,0,0,0,0,0,0,0,0,0,0,0,0,0,0,0,0,0,0,0,0,0,0,0,0,0,0,0,0,0,0,0,0,0,0,0,0,0,0,0,0,0,0,0,0,0,0,0,0,0,0,0,0,0,0,0,0,0,0,0,0,0,0,0,0,0,0,0,0,0,0,0,0,0,0,0,0,0,0,0,0,0,0,0,0,0,0,0,0,0,0,0,0,0,0,0,0,0,0,0,0,0,0,0,0,0,0,0,0,0,0,0,0,0,0,0,0,0,0,0,0,0,0,0,0,0,0,0,0,0,0,0,0,0,0,0,0,0,0,0,0,0,0,0,0,0,0,0,0,0,0,0,0,0,0,0,0,0,0,0,0,0,0,0,0,0,0,0,0,0,0,0,0,0,0,0,0,0,0,0,0,0,0,0,0,0,0,0,0,0,0,0,0,0,0,0,0,0,0,0,0,0,0,0,0,0,0,0,0,0,0,0,0,0,0,0,0,0,0,0,0,0,0,0,0,0,0,0,0,0,0,0,0,0,0,0,0,0,0,0,0,0,0,0,0,0,0,0,0,0,0,0,0,0,0,0,0,0,0,0,0,0,0,0,0,0,0,0,0,0,0,0,0,0,0,0,0,0,0,0,0,0,0,0,0,0,0,0,0,0,0,0,0,0,0,0,0,0,0,0,0,0,0,0,0,0,0,0,0,0,0,0,0,0,0,0,0,0,0,0,0,0,0,0,0,0,0,0,0,0,0,0,0,0,0,0,0,0,0,0,0,0,0,0,0,0,0,0,0,0,0,0,0,0,0,0,0,0,0,0,0,0,0,0,0,0,0,0,0,0,0,0,0,0,0,0,0,0,0,0,0,0,0,0,0,0,0,0,0,0,0,0,0,0,0,0,0,0,0,0,0,0,0,0,0,0,0,0,0,0,0,0,0,0,0,0,0,0,0,0,0,0,0,0,0,0,0,0,0,0,0,0,0,0,0,0,0,0,0,0,0,0,0,0,0,0,0,0,0,0,0,0,0,401,0,0,0,0,32,0,0,0,0,0,0,0,0,0,0,0,0,0,0,0,0,0,0,0,0,0,0,0,0,0,0,0,0,0,0,0,0,0,0,0,0,0,0,0,0,0,0,0,0,0,0,0,0,0,0,0,0,0,0,0,0,0,0,0,0,0,0,0,0,0,0,0,0,0,0,0,0,0,0,0,0,0,0,0,0,0,0,0,0,0,0,0,0,0,0,0,0,0,0,0,0,0,0,0,0,0,0,0,0,0,0,0,0,0,0,0,0,0,0
"D406",2,13,8,0,0,9,0,27,0,0,0,0,0,4,0,0,0,5,0,0,0,0,0,0,0,0,0,0,7,0,5,3,5,0,43,0,0,3,0,2,17,0,0,0,0,0,3,10,0,2,0,0,36,12,13,0,13,0,0,0,0,0,41,0,0,0,10,1,0,2,0,0,0,0,0,12,0,122,5,0,0,0,0,0,0,0,0,0,81,0,2,0,0,0,0,0,0,0,4,0,13,1,0,0,1,0,0,13,52,0,0,0,0,8,0,0,0,0,0,36,0,0,0,0,1,72,0,0,0,0,1,0,0,0,0,20,0,0,0,0,0,0,0,0,3,11,6,0,9,0,0,2,22,90,0,0,0,0,0,0,0,0,1,0,28,0,0,0,0,7,0,0,12,9,6,3,0,0,36,9,10,8,0,0,0,0,0,0,0,95,0,0,0,0,0,0,17,10,0,0,0,0,0,0,0,109,0,1,0,0,3,13,4,0,0,3,0,0,2,0,29,4,10,0,0,4,2,94,0,1,0,0,0,0,0,0,3,0,20,0,0,0,0,0,0,0,0,30,0,0,0,2,19,0,0,0,0,0,0,0,0,0,0,26,22,0,3,0,0,21,0,0,0,1,12,0,0,11,8,25,31,0,0,0,0,2,2,0,0,0,0,0,2,2,0,3,5,0,0,9,0,0,5,0,0,0,0,2,43,1,6,0,43,46,5,0,0,0,0,0,0,0,19,0,0,0,0,0,0,21,0,12,14,119,10,1,0,18,0,6,7,0,0,0,14,141,5,20,0,0,98,16,5,0,0,0,0,0,0,5,0,0,4,34,0,2,4,0,0,7,1,9,0,4,0,8,0,1,0,0,0,0,2,0,0,2,18,18,0,0,151,5,0,0,1,31,0,0,0,0,0,0,0,0,0,8,0,0,0,20,0,55,0,0,0,0,0,1,2,0,0,0,6,3,0,0,3,0,0,0,0,0,0,0,0,0,0,0,0,2,6,0,0,2,0,0,0,0,0,0,0,0,0,0,0,0,0,3,0,11,0,0,0,0,3,7,0,0,8,0,122,0,4,5,0,0,0,0,0,0,0,0,0,9,2,0,19,0,0,0,0,0,0,0,12,0,0,3,0,50,0,0,0,0,0,0,0,0,6,0,4,0,3,6,0,0,0,14,5,2,11,0,45,0,0,0,4,0,42,44,2,5,9,7,0,0,0,13,64,1,0,4,0,0,21,0,5,12,69,0,4,0,2,0,0,0,0,0,13,25,0,0,21,0,0,2,39,0,0,4,0,0,51,3,0,0,118,0,48,0,0,23,0,9,0,0,0,11,0,0,0,0,0,0,30,0,2,3,0,2,1,58,0
"D407",4,69,0,0,0,5,0,0,0,0,0,0,3,9,0,0,0,14,0,0,0,0,0,4,0,0,0,0,0,4,14,4,0,0,25,0,0,25,0,9,0,0,0,1,0,0,0,21,3,1,0,0,50,50,12,0,34,11,0,0,0,0,42,0,0,0,6,0,0,8,0,0,0,0,0,2,0,51,0,14,0,0,0,0,0,0,0,0,2,0,5,0,0,3,3,3,0,0,0,2,50,0,0,4,0,0,0,1,27,0,0,0,0,5,7,2,7,0,0,0,0,0,0,0,3,15,0,0,0,0,0,0,5,0,0,20,0,0,3,2,0,0,0,0,9,7,0,5,0,3,0,0,21,139,1,0,0,0,0,0,0,14,0,0,17,0,0,0,0,16,0,0,0,8,9,14,0,0,39,1,5,0,0,0,0,0,4,4,1,34,0,0,0,0,0,2,3,25,0,0,0,0,0,0,4,69,0,1,0,0,0,0,5,0,0,0,0,0,0,0,2,10,39,0,0,2,0,196,0,0,0,8,7,0,0,0,15,0,10,0,0,0,0,0,0,0,0,50,0,0,0,0,8,0,0,0,0,0,0,0,0,0,0,0,21,0,0,0,5,2,0,0,0,1,10,0,0,0,4,60,17,0,0,0,0,9,1,0,4,0,0,0,1,2,0,5,0,0,0,27,0,2,2,0,1,0,0,13,25,0,6,0,85,15,20,0,0,0,8,0,0,0,3,0,2,0,3,0,0,3,0,5,10,34,3,0,0,0,0,10,2,0,0,0,13,45,0,8,0,0,32,0,15,0,0,0,2,0,0,0,0,0,8,0,0,4,13,0,0,0,26,3,7,0,0,23,0,4,2,0,3,0,4,0,0,0,22,0,7,0,9,0,0,0,0,30,0,4,0,0,0,0,0,3,19,16,3,0,0,0,0,26,0,0,0,0,0,0,0,0,0,6,0,41,0,0,1,0,4,0,0,0,0,0,0,0,1,0,0,1,8,0,0,0,0,0,0,0,2,2,0,0,0,0,0,0,0,0,0,12,0,0,0,0,10,11,0,0,16,2,167,0,0,5,0,1,0,0,0,0,0,0,0,14,11,0,0,0,0,0,4,1,0,0,9,0,0,3,0,24,0,0,2,0,0,8,0,0,4,0,62,0,0,15,0,0,2,2,6,0,1,0,24,0,0,0,4,0,33,35,5,19,0,10,0,9,0,2,174,1,0,4,0,0,38,0,10,2,34,0,3,7,0,0,0,0,0,2,10,33,0,0,17,0,0,1,13,0,2,17,0,0,13,8,0,0,52,0,17,15,0,23,0,3,0,0,0,18,0,0,0,0,0,0,17,0,2,6,0,8,0,18,0
"D408",0,0,2,0,10,0,0,5,0,0,0,0,0,0,2,0,0,0,0,0,6,0,0,0,0,0,0,0,0,0,0,0,0,0,0,0,0,0,0,0,2705,0,0,3,0,0,0,0,0,0,0,398,78,3,0,0,0,0,10,0,0,0,0,0,0,0,0,0,0,310,4,3,1,0,0,0,0,0,0,0,0,0,54,0,0,0,0,0,0,4,0,0,0,15,0,0,0,0,0,0,0,52,0,0,0,0,0,0,0,0,0,0,0,0,0,0,0,0,288,0,0,0,0,0,0,0,0,1371,0,0,0,0,0,0,0,0,0,0,49,0,0,0,0,0,0,0,0,79,5,10513,0,0,0,257,0,0,0,0,0,0,0,0,0,0,713,0,0,0,0,0,14,0,0,2,3,0,0,0,0,0,71,3,0,0,0,0,0,0,0,0,0,0,7,0,0,0,16,0,0,0,0,2,0,0,0,0,0,0,0,0,0,0,0,0,0,0,0,0,0,0,409,0,0,0,7,0,0,0,0,0,0,83,112,0,0,0,0,0,0,0,0,0,0,70,35,0,0,0,0,0,0,0,0,2,0,0,0,0,0,0,0,0,0,0,0,1,0,0,0,0,0,0,0,24,0,0,2,0,0,0,48,0,0,0,0,0,0,0,0,0,0,0,0,0,0,0,0,0,0,45,0,0,0,0,2,0,0,0,0,0,0,0,0,0,2,0,0,0,0,0,0,0,0,0,0,0,0,0,0,0,0,0,25,0,0,0,0,0,0,0,0,0,0,0,0,0,0,0,0,0,0,0,0,0,0,0,0,0,0,0,0,0,46,0,0,898,0,0,0,0,2,0,0,2,0,0,0,0,0,0,0,0,0,0,0,0,0,4,0,0,32,0,0,0,0,0,0,11,0,2,0,0,21,0,0,0,0,0,0,0,0,0,0,0,0,0,0,0,0,0,0,5,0,0,0,0,4,0,141,0,0,0,0,0,93,0,5,0,0,0,0,0,0,0,0,0,286,0,0,0,38,0,0,0,0,0,0,0,0,0,0,0,0,0,134,0,0,0,0,0,0,0,0,170,0,0,0,0,0,0,0,0,0,0,0,0,0,0,0,0,0,0,0,0,0,0,0,2,0,0,0,0,171,0,0,1,0,0,0,0,0,0,0,0,2,0,0,15,0,0,0,0,0,0,0,0,0,0,572,0,0,0,0,0,0,4,0,0,0,0,0,490,0,0,0,0,0,0,0,0,0,16,0,0,118,0,0,0,0,0,0,0,0,0,0,0,2,0,0,0,0,3,0,0,0,0,0,0,2,6,0,0,0,0,0,0,6,0,0,0,4,79,18,0,0,0,0,0,0,0,63,0,0
"D409",0,0,0,0,0,0,0,0,0,0,0,0,0,0,0,0,0,0,0,0,0,0,0,0,0,0,0,0,0,0,0,0,3,0,0,0,0,0,0,0,0,2,0,0,0,0,0,0,0,0,0,0,0,0,0,0,0,0,0,0,0,0,0,0,0,0,0,0,0,0,0,0,0,0,0,0,0,0,0,0,0,0,0,0,0,0,0,0,0,0,0,0,0,0,0,0,0,0,0,0,0,0,0,0,0,0,0,0,0,0,0,0,0,0,0,0,0,0,0,0,0,0,0,0,0,0,0,0,0,0,0,0,0,0,0,0,0,0,0,0,0,0,0,0,0,0,0,0,0,0,0,0,0,0,0,0,0,0,0,0,0,0,0,0,0,0,0,0,0,0,0,0,0,0,0,0,0,0,0,0,0,0,0,0,0,0,0,0,0,0,0,0,0,0,0,0,0,0,0,0,0,0,0,0,0,0,0,0,0,0,0,0,0,0,0,0,0,0,0,0,0,0,0,11,0,0,0,0,0,0,0,0,0,0,0,0,0,0,0,0,0,0,50,0,0,0,0,0,0,0,0,0,0,0,0,0,0,0,0,0,0,0,4,0,0,0,0,0,0,0,0,0,0,0,0,0,0,0,0,0,0,0,0,0,0,0,0,0,0,0,0,0,0,0,0,0,0,0,0,2,0,0,0,0,0,0,0,0,0,0,0,0,0,0,0,0,0,0,0,0,0,0,0,0,0,0,0,0,0,0,0,0,0,0,0,0,0,0,0,0,0,0,0,0,0,0,0,0,0,0,0,0,0,1399,0,0,0,0,3,0,0,0,0,0,0,0,0,0,0,0,0,0,0,0,0,0,0,0,0,0,0,0,0,0,0,0,0,0,0,0,0,0,0,0,0,0,0,0,0,0,0,0,0,0,0,0,0,0,0,0,0,0,0,0,0,0,0,0,0,0,0,0,0,0,0,0,0,0,0,0,0,0,0,0,0,0,0,7438,0,0,0,0,0,0,0,0,0,0,0,0,0,0,0,0,0,0,0,0,0,0,0,0,0,0,0,0,0,0,0,0,0,0,0,0,0,0,0,0,0,0,0,0,0,0,0,0,0,173,0,0,0,0,0,0,0,0,0,0,0,0,0,0,0,0,0,0,0,0,0,0,0,0,0,0,0,0,0,0,0,0,0,0,0,0,3,0,0,0,0,0,0,0,0,0,0,0,0,0,0,0,0,0,0,0,0,0,0,4,0,0,0,0,0,4,0,0,0,0,0,0,3,0,0,0,0,0,0,0,0,0,0,0,0,0,0,0,0,0,0,0,0,0,0,0,0,0,0,0,0,0,0,0,0,0,0,0,0,0,0,0,0,0,0
"D410",0,0,0,0,0,0,0,0,0,0,0,0,308,0,0,0,0,0,8,0,4528,0,0,0,0,0,0,0,0,0,0,0,0,0,0,0,221,0,0,0,0,0,0,0,0,0,0,0,0,0,0,1062,0,0,0,0,0,105,138,0,0,0,0,0,11,0,0,0,0,0,0,0,0,0,0,0,0,0,0,0,0,0,0,0,0,0,0,0,0,0,0,0,0,0,0,0,12,0,0,0,0,0,6,0,0,0,0,0,0,0,4,0,0,0,0,0,0,0,0,0,0,0,0,0,0,0,0,17,0,0,0,0,0,0,0,0,0,0,0,0,0,0,0,0,0,0,0,0,0,1880,0,0,0,0,0,0,0,0,0,0,0,0,0,0,0,0,0,0,0,0,0,0,0,0,0,0,0,0,0,0,0,0,5003,0,0,0,0,0,0,0,0,0,0,0,0,0,0,0,0,0,0,0,0,0,0,0,0,0,0,0,0,0,0,0,0,0,0,0,0,0,0,0,0,0,0,0,0,0,0,0,0,0,0,18,0,0,0,0,0,0,0,0,0,0,0,0,0,0,0,0,0,0,0,0,0,0,0,0,0,0,0,0,0,0,0,0,0,0,0,0,0,0,0,0,0,0,0,0,0,0,19,0,0,0,0,0,0,0,0,0,0,4,0,0,0,0,0,0,0,0,0,0,0,0,0,0,0,0,0,0,0,0,0,0,0,0,0,0,0,0,0,0,0,0,0,0,0,0,0,0,0,0,20,0,0,0,0,0,0,0,0,0,0,0,0,0,0,0,0,0,0,0,0,0,0,0,0,0,0,0,0,0,0,0,0,0,0,0,0,0,0,0,0,0,0,0,0,0,0,0,0,0,0,0,0,0,0,0,0,0,0,0,0,0,0,0,0,0,0,0,0,0,0,0,0,0,15,0,0,0,0,0,0,0,0,0,0,0,0,0,0,18,0,0,0,0,0,0,0,0,0,0,0,0,4,0,0,0,0,5,0,0,0,0,0,0,0,0,0,0,0,0,0,0,0,0,0,0,0,0,0,0,0,0,71,0,0,0,0,0,0,0,0,0,0,0,16,0,0,0,0,0,0,0,0,0,0,0,0,0,0,0,0,0,0,0,112,0,0,0,0,0,0,0,0,0,0,0,0,0,0,0,0,0,0,0,0,0,0,0,0,0,0,0,0,0,0,0,0,0,0,0,0,0,0,0,0,0,0,0,0,0,8,0,0,0,0,0,0,15,0,0,0,0,0,0,0,0,0,0,0,0,0,0,0,0,0,0,0,0,0,0,0,0,0,0,0,0,0,0,0,0,0,0,0,0,0,0,0,0,33,0,0,0,0,0,0,0,0,0,0,0,0
"D411",0,0,0,0,0,0,0,0,0,0,0,0,0,0,0,0,0,0,0,0,0,0,0,0,0,0,0,0,0,0,0,0,0,201,0,0,0,0,0,0,0,0,0,1,0,0,0,0,2,0,0,0,0,0,0,0,0,0,0,0,0,0,0,0,0,0,0,0,0,0,0,0,0,0,0,0,0,0,0,0,0,0,0,0,0,868,6,0,0,2,0,0,0,0,0,0,0,0,0,0,0,0,0,0,0,0,0,0,0,0,0,0,0,0,0,0,0,0,0,0,0,0,0,0,0,0,0,522,0,0,0,0,0,0,0,0,0,1502,0,0,0,0,0,0,0,0,0,0,0,0,0,0,0,0,0,0,0,0,0,0,0,0,0,0,0,0,0,0,0,0,0,0,0,0,0,0,0,0,0,0,0,0,0,0,775,0,0,0,0,0,0,0,0,2,0,0,0,0,0,0,0,48,0,0,0,0,0,0,0,0,0,0,0,0,0,0,0,0,0,0,0,0,0,0,0,0,0,0,0,0,0,0,0,0,0,0,0,0,0,0,0,0,0,0,0,0,0,0,0,0,0,0,0,0,0,0,0,0,0,0,0,0,0,0,0,0,0,0,0,0,0,0,0,0,0,0,0,0,0,0,0,0,0,0,0,0,0,0,0,0,0,0,79,0,0,0,0,0,0,0,0,0,0,0,0,0,0,0,0,0,0,0,0,0,0,3,0,0,0,0,0,0,0,0,0,0,0,0,0,0,0,0,0,0,0,0,0,0,2481,0,0,14,0,0,0,0,0,0,0,0,0,0,0,0,0,0,0,0,0,0,0,0,2,0,0,0,0,0,0,0,0,0,0,0,0,0,0,0,0,0,0,0,0,0,0,0,0,0,0,0,0,0,0,0,0,0,0,0,0,286,70,0,0,0,0,0,0,0,0,0,0,0,0,0,0,612,0,0,0,0,0,0,0,0,0,0,0,0,0,0,1,0,686,0,0,0,0,0,0,0,0,0,3115,0,0,0,0,0,0,0,0,0,0,0,0,0,0,0,0,0,0,0,0,0,0,0,0,0,0,0,0,0,0,0,0,0,0,749,0,0,0,0,0,0,0,0,0,0,0,0,0,0,0,0,0,0,0,0,0,0,0,0,0,0,0,0,0,0,0,0,0,0,0,0,0,0,0,0,0,0,0,2,0,0,0,0,0,0,0,0,0,0,0,0,3,0,0,0,0,0,0,0,4,0,0,0,0,0,0,0,0,0,0,76,0,0,0,0,0,0,0,0,0,0,0,0,0,0,0,0,0,0,0,0,0,0,0,0,0,0,0,0,3,0,0,0,0,0,2,157,0,0,0,0,0,0,0,0,0,2,0,0,0
"D412",2,24,2,0,3,2,0,509,0,0,0,0,0,0,4,10,0,0,209,0,0,0,0,0,0,0,0,0,0,13,172,0,1,0,0,107,0,0,99,0,0,0,0,582,3,0,4,0,0,0,0,68,1859,0,19,51,0,0,0,0,53,0,26,0,0,0,0,0,57,0,7,0,2,0,60,0,0,266,0,0,0,13,0,0,237,0,0,2,0,3,0,0,0,0,0,0,0,10,0,2,0,13,0,0,3,0,0,7,4,20,0,0,0,2,9,0,3,0,0,4,0,13,0,0,0,0,0,70,0,0,0,0,0,0,11,132,0,0,4,0,0,0,0,0,0,0,3,0,17,0,0,0,0,0,13,1,0,91,33,0,13,0,0,0,179,31,0,6,0,0,0,0,7,0,0,33,0,1,13,523,60,0,128,1,0,0,0,0,0,29,229,0,8,0,21,3,20,0,0,3,0,3,833,0,22,0,0,116,45,0,0,2,0,0,0,0,0,0,0,9,6,0,0,5,0,0,174,0,30,0,0,513,0,0,2,0,0,0,0,6,0,0,0,0,0,0,0,8,0,0,0,0,0,21,0,0,0,28,2,0,5,0,0,0,0,0,0,6,0,1,1,4,0,94,6,0,97,0,0,3,61,0,0,0,15,0,0,0,0,14,116,0,0,0,8,0,0,0,0,13,0,0,0,0,0,0,0,0,153,0,0,0,104,0,5,2,0,0,0,5,0,5,5,0,3,0,2,0,0,339,0,426,27,0,0,0,0,104,0,34,0,0,7,0,0,0,0,0,0,5,417,0,185,0,0,0,0,0,0,7,0,0,0,723,53,0,0,0,15,0,0,0,0,196,1246,2,3,0,0,0,0,15,2,0,0,0,69,0,5,13,221,0,5,377,0,0,0,0,0,3,0,0,1,0,159,8,0,82,0,0,0,0,11,10,0,0,0,0,0,0,92,0,5,0,0,0,0,0,11,0,0,0,0,5,0,2,2,0,0,0,0,16,0,9,85,0,7,0,2,21,0,3,0,0,0,0,13,21,0,0,0,0,0,1,0,0,9,0,0,0,456,3,0,15,0,0,0,4,1,9,0,7,0,21,15,3,6,0,13,94,0,5,0,0,0,0,0,11,0,0,0,0,7,0,0,2440,0,0,0,0,0,6,6,643,0,0,1,182,45,0,0,0,0,0,0,0,0,18,343,45,6,14,0,0,0,2,0,0,0,0,0,6,0,0,3,0,3,0,18,0,36,0,1,0,0,4,0,2,0,13,0,0,417,0,60,19,373,0,0,0,25,1,0,29,0,2,0,0,77,1,0,0,0,0,16,0,49,2,0,0,11,0,0,0,1568,0,0,0,55,0,0,0,0
"D413",0,0,0,2,0,0,0,0,0,0,0,0,0,0,0,0,0,0,0,0,0,0,0,0,0,62,0,0,0,0,0,0,0,0,0,0,0,0,0,0,0,1441,0,0,0,0,0,0,0,0,0,0,0,0,0,0,0,0,0,0,0,0,0,0,0,0,0,0,0,0,0,0,0,0,0,0,0,0,0,0,0,0,0,0,0,0,0,0,0,0,0,0,0,0,0,0,0,0,0,0,0,0,0,0,0,224,0,0,0,0,4,0,0,0,0,0,0,4163,0,0,0,0,0,19,0,0,0,0,0,0,0,1,0,14,0,0,4,0,0,0,0,0,69,0,0,0,0,0,0,0,0,0,0,0,0,0,0,0,0,0,0,0,0,0,0,0,0,0,0,0,0,0,0,0,0,0,0,0,0,0,0,0,0,3,0,0,0,0,0,0,0,0,0,0,0,0,0,0,0,0,0,0,0,31,0,0,0,0,0,0,0,0,0,0,0,0,186,959,0,0,0,0,0,0,0,0,0,0,0,0,0,0,0,0,0,0,0,0,0,0,0,0,0,0,0,0,0,0,0,0,0,0,0,0,0,0,0,0,1591,544,0,2490,0,0,0,0,0,0,0,0,0,0,0,0,0,0,0,0,0,0,0,0,0,0,0,0,0,0,0,0,0,0,0,0,0,0,0,0,0,0,0,0,0,0,0,0,0,0,0,0,0,1661,0,0,0,0,0,0,0,0,0,0,0,0,0,0,0,0,0,0,0,0,0,0,0,0,0,0,0,0,0,0,0,0,0,0,0,0,0,0,0,0,0,0,0,168,0,0,146,0,0,0,0,0,0,0,0,0,0,0,0,0,0,0,0,0,0,0,0,0,0,0,0,0,0,0,0,0,0,0,0,0,0,0,0,0,0,0,0,0,0,0,0,0,0,0,0,0,0,0,1486,0,0,0,10,0,0,0,0,0,0,0,0,0,0,0,0,0,0,0,0,0,0,0,0,0,0,0,0,0,0,0,0,0,0,0,0,0,0,0,0,0,8,0,0,0,0,0,0,0,0,0,0,0,0,0,0,0,0,0,0,0,0,0,0,0,0,0,0,5,10,0,0,0,0,0,0,0,0,0,0,0,0,0,0,0,0,0,0,0,0,621,0,0,0,0,0,0,0,0,0,0,0,0,0,0,0,0,0,0,0,0,0,0,0,0,0,0,0,0,0,0,0,0,0,0,85,0,0,0,0,0,0,0,0,0,0,0,0,0,0,0,0,0,0,0,0,0,0,0,278,0,0,0,0,0,0,11,0,0,0,0,0,0,0,0,0,0,0,0,0,0,0,0,0,0,0,0,1,0,0,0,0,0,0,0,0,0,0,0,0,0,0
"D414",0,0,0,0,0,0,0,0,0,0,0,0,0,0,0,0,0,0,0,0,0,0,0,0,0,0,0,0,0,0,0,0,0,0,0,0,3,0,0,0,0,0,0,0,0,0,0,0,0,0,0,0,0,0,0,0,0,0,0,0,0,0,0,0,0,0,0,0,0,0,0,0,0,0,0,0,0,0,0,0,0,0,0,0,0,0,0,0,0,0,0,0,0,0,0,0,0,0,0,0,0,0,0,0,0,0,0,0,0,0,0,0,0,0,0,0,0,0,0,0,0,0,0,0,0,0,0,0,0,0,0,0,0,0,0,0,0,0,0,0,0,0,0,0,0,0,0,0,0,0,0,0,0,0,0,0,0,0,0,0,0,0,0,0,0,0,0,0,0,0,0,0,0,0,0,0,0,0,0,0,0,0,0,30,0,0,0,0,0,0,0,0,0,0,0,0,0,0,0,0,0,0,0,0,0,0,0,0,0,0,0,0,0,0,0,0,0,0,0,0,0,0,0,0,0,0,0,0,0,0,0,0,0,0,0,0,0,0,0,0,0,4,0,0,0,0,0,0,0,0,0,0,0,0,0,0,0,0,4,0,0,0,0,0,0,0,0,0,0,0,0,0,0,0,0,0,0,0,0,0,0,0,0,0,0,0,0,0,0,0,0,0,0,0,0,0,0,0,0,67,0,0,0,0,5,0,0,0,0,0,0,0,0,0,0,0,0,0,0,0,0,0,0,0,0,0,0,0,0,0,0,0,0,0,0,0,0,0,0,0,0,0,0,0,0,0,0,0,0,0,0,0,0,0,0,0,0,0,0,0,0,0,0,0,0,0,0,0,0,0,0,0,0,0,0,0,0,0,0,0,0,0,0,0,0,2,0,0,0,0,0,0,0,0,0,0,0,0,0,0,0,0,0,0,0,0,0,0,0,0,0,0,0,0,0,0,0,0,0,0,0,0,0,0,0,0,0,0,0,0,0,0,0,0,0,0,0,0,0,0,0,0,0,0,0,0,0,0,0,0,0,0,0,0,0,0,0,0,0,0,0,0,0,0,6,0,0,0,0,0,0,0,0,0,0,0,0,0,0,0,0,0,0,0,0,0,0,0,6,0,0,0,0,0,0,0,0,0,0,0,0,0,0,0,0,0,0,0,0,0,0,0,0,0,0,0,0,0,0,0,0,0,0,0,0,0,0,0,0,0,0,0,0,0,0,0,0,0,0,0,0,0,0,0,0,0,0,0,0,0,0,0,0,0,0,0,0,0,0,0,0,0,0,0,0,0,0,0,2,0,0,0,0,0,0,0,0,0,0,0,0,0,0,0,0,0,0,0,0,0,0,0,0,0,0,0,0,0,0,0,0,0,0
"D415",0,0,0,0,0,0,0,0,0,1,0,0,0,0,0,45,0,0,0,0,0,0,0,0,0,0,26,0,0,0,0,0,21,1173,0,0,4,0,0,0,0,0,0,2,0,0,1,0,0,0,0,16,0,0,0,0,0,0,0,0,0,0,0,0,0,0,0,0,0,0,0,23,94,0,0,0,0,0,0,0,421,0,0,0,0,212,0,18,0,13,0,0,0,0,0,0,84,0,0,0,0,0,416,0,0,0,0,0,0,0,0,0,0,0,0,0,0,0,0,0,0,0,0,0,0,0,0,188,0,0,0,0,0,0,0,0,0,98,0,0,0,0,0,0,0,0,0,0,0,0,0,0,0,0,0,0,0,0,0,0,0,0,0,0,0,0,0,0,0,0,193,0,0,0,0,0,2,0,0,0,0,0,0,0,1321,0,0,0,0,0,0,0,0,0,0,0,0,0,0,0,0,2,0,0,0,0,0,0,0,0,0,0,0,0,3,0,0,0,0,0,0,0,2,0,0,0,0,0,0,0,325,0,0,0,0,0,0,0,0,0,0,0,0,6,0,0,0,0,3,0,0,0,0,0,0,0,0,0,0,0,0,0,0,0,0,0,0,0,0,0,0,0,0,0,0,0,0,0,0,0,0,0,0,0,0,0,0,0,10,0,0,0,0,0,0,0,0,0,0,0,0,0,0,0,0,0,0,0,0,0,0,0,0,0,0,0,0,0,0,0,0,0,0,0,0,0,0,0,0,0,0,0,14,0,0,0,0,0,638,0,0,7,0,0,0,0,0,0,0,0,0,0,0,0,0,0,0,0,0,0,74,0,0,0,0,0,0,0,40,0,0,0,0,0,0,0,0,0,0,0,0,0,0,2,98,2,0,0,0,0,0,0,0,0,0,0,0,0,559,98,0,0,0,0,0,0,0,0,0,0,0,0,0,0,0,1030,0,0,0,0,0,0,0,0,5,0,0,0,0,0,0,0,461,0,176,0,0,0,0,0,0,0,1425,0,0,0,18,0,0,0,0,0,0,0,0,18,2,0,0,0,0,0,0,0,0,0,0,0,0,0,0,0,0,123,0,0,727,1772,0,0,0,0,0,0,0,0,0,0,0,0,0,0,0,0,0,0,0,0,41,0,254,0,0,0,4,0,0,0,0,0,0,0,0,0,217,0,0,0,0,0,0,2,0,0,0,0,0,0,0,0,0,0,0,0,2,0,0,0,0,0,0,0,49,0,0,0,0,0,0,1494,0,0,0,1318,0,0,0,0,0,0,0,0,0,0,0,0,0,0,0,3,0,0,0,0,0,0,0,0,0,3,0,0,0,0,0,0,0,0,0,1717,15,2,0,0,0,0,0,0,0,0,0,0,0
"D416",0,0,0,0,0,0,0,0,0,0,0,0,0,0,0,0,0,0,0,0,0,0,0,0,0,0,0,0,0,0,0,0,0,0,0,0,0,0,0,0,0,0,0,0,0,0,0,0,0,0,9,0,0,0,0,0,0,0,137,0,0,3,0,0,0,0,0,0,0,6,0,0,0,0,0,0,0,0,0,0,0,0,0,0,0,0,4,0,0,0,0,0,0,0,0,0,0,0,0,0,0,0,0,0,0,0,0,0,0,0,0,0,0,0,0,0,0,2,0,0,0,0,0,0,0,0,0,0,0,0,0,0,0,0,0,0,4,0,0,0,0,0,0,0,0,0,0,0,0,0,10260,0,0,0,0,0,0,0,0,0,0,0,0,0,3,0,0,0,0,0,0,0,0,2,0,0,0,0,0,0,0,0,0,0,0,0,0,0,0,0,0,0,0,0,0,0,0,0,0,0,0,0,0,0,0,0,0,0,0,0,0,0,0,0,0,0,0,0,0,0,0,0,0,0,0,0,0,0,0,0,0,0,0,1,0,0,0,0,0,0,0,0,0,0,0,0,0,0,0,0,0,0,0,0,0,0,0,0,131,0,0,15,0,0,0,0,0,0,0,0,0,0,2,0,0,0,0,0,0,0,0,0,0,0,0,0,0,0,0,0,0,0,0,0,0,0,0,0,0,5,0,0,0,0,0,0,0,0,0,0,0,0,0,0,0,0,0,0,0,0,0,0,0,0,0,0,22206,0,0,0,0,0,33,0,0,0,0,0,0,0,0,0,0,0,0,0,0,0,8,0,0,0,0,0,0,0,0,0,0,0,0,1,0,0,0,0,0,0,0,0,5,0,0,0,0,0,0,0,0,0,0,0,0,0,0,0,0,0,0,0,0,0,0,0,0,0,0,0,0,0,0,0,0,0,0,0,0,0,0,0,0,0,0,0,0,0,0,0,0,0,0,0,0,0,0,0,0,0,0,0,0,0,0,0,0,0,0,0,0,0,0,0,0,0,0,2,0,0,0,0,9,20,0,0,0,0,0,0,0,0,0,0,0,0,13519,0,0,0,0,0,0,0,0,0,0,68,0,0,0,0,0,0,0,0,0,0,0,0,0,0,5,0,0,0,0,0,0,0,0,0,0,0,0,0,0,0,0,0,0,0,0,0,0,0,0,0,0,0,0,0,0,0,0,0,0,0,3,0,0,0,0,0,0,0,5456,0,0,0,0,0,0,0,0,0,0,0,0,0,0,0,0,0,0,0,0,0,0,0,0,0,0,0,0,0,0,0,0,0,0,0,0,0,0,0,0,0,0,0,0,0,0,0,0,0,0,0,0,0,0,0,0,0,0,0,0,0,0,0,0,0,40,0,0
"D417",2,2,0,101,7,0,89,0,23,0,0,0,0,0,0,0,0,0,0,0,8,9,2,0,0,10,0,0,2,0,0,1,20,0,3,0,1,0,0,2,0,11,0,0,0,0,0,0,0,0,0,0,0,0,0,0,0,7,0,0,0,0,2,93,0,0,1,0,0,22,0,0,0,0,0,0,0,0,0,2,0,3,0,0,0,0,0,0,0,0,0,0,0,0,0,0,0,0,0,0,0,0,0,0,0,0,0,0,1,0,1311,0,528,0,0,2,0,28,0,0,0,0,0,2,0,0,0,0,0,5,0,7,6,5,0,0,0,0,0,4,0,4,4,0,0,5,0,2,0,0,0,0,2,3,0,5,0,0,0,0,0,1,6,0,79,0,2567,0,0,0,0,0,0,9,0,0,16,6,0,53,0,0,0,0,0,0,8,5,0,0,0,0,0,0,0,0,0,2,0,0,0,0,0,0,0,3,0,0,0,0,0,0,0,0,0,0,12,5,0,0,0,0,0,7,0,0,0,0,0,0,0,0,0,25,0,3,0,0,0,2,0,0,0,0,0,0,0,0,0,7,0,0,0,0,0,3,0,0,151,0,0,74,0,0,0,0,0,0,0,0,0,0,35,0,0,4,0,0,2,2,9,83,13,0,0,11,32,0,0,0,0,8,0,0,0,0,0,0,2,0,0,2,0,0,8,324,0,2,3,1,0,8,0,0,0,401,3,0,15,0,0,0,0,0,0,0,4,0,0,0,0,0,15,0,0,0,0,3,0,3,0,0,21,0,5,0,7,0,10,0,2,0,0,2,0,0,1,0,0,0,0,0,0,0,0,9,0,11,0,0,0,0,0,0,0,0,0,0,0,0,0,0,0,0,2,0,0,0,0,0,0,0,0,0,0,0,0,0,0,0,0,0,0,0,0,0,0,0,23,0,6,2,0,0,6,0,0,0,0,0,0,0,0,0,0,0,0,0,0,2,0,0,0,0,0,0,0,0,0,0,18,0,0,0,0,0,0,0,0,0,0,8,0,0,0,0,0,0,0,0,22,0,0,0,11,12,0,0,0,0,0,0,1,5,0,3,0,0,0,309,5,0,0,0,0,34,0,2,0,0,2,2,0,0,0,0,0,0,0,0,0,6,2,0,0,0,0,0,0,0,0,0,0,0,0,0,0,0,0,0,1,0,14,0,37,0,59,0,0,2,0,0,0,0,0,0,15,0,2,4,2,2,0,0,0,0,0,0,0,0,0,0,0,0,0,0,0,0,2,0,1,0,0,3,0,0,0,0,0,7,0,0,0,0,0,0,0,0,0,0,0,0,0,0,0,0,0,0,8,0,0,0,0,0,0,0,3,2,0,7,6,0,7
"D418",0,0,0,0,0,0,0,0,0,7,0,0,0,0,0,0,0,0,0,0,0,0,0,0,0,0,0,0,0,0,0,0,0,0,0,0,0,0,0,0,0,0,0,0,0,0,0,0,0,0,0,0,0,0,0,0,0,0,0,0,0,0,0,0,0,0,0,0,0,0,0,0,0,0,0,0,0,0,0,0,0,0,0,0,0,0,0,0,0,0,0,0,0,0,0,0,0,0,0,0,0,0,0,0,0,0,0,0,0,0,3,0,0,0,0,0,0,0,0,0,0,0,0,0,0,0,0,0,0,0,0,0,0,0,0,0,0,0,0,0,0,0,0,0,0,0,0,0,0,0,0,0,0,0,0,0,0,0,0,0,0,0,0,0,0,0,0,0,0,0,4,0,0,0,0,0,0,0,0,0,0,0,0,0,0,0,0,0,0,0,0,0,0,0,0,0,0,0,0,0,0,0,0,0,0,0,0,0,0,0,0,0,0,0,0,0,0,0,0,0,0,0,0,0,0,0,0,0,0,0,0,0,0,0,0,0,0,0,0,0,0,4,0,0,0,0,0,0,0,0,0,0,0,0,0,0,0,0,0,0,0,0,0,0,0,0,0,0,0,0,0,0,0,0,0,0,0,0,0,0,0,0,0,0,0,0,0,0,0,0,0,0,0,0,0,0,0,0,0,0,0,0,0,0,0,0,0,0,0,0,0,0,0,0,0,0,0,0,0,0,0,0,0,0,0,0,0,0,0,0,0,0,0,0,0,0,0,0,0,0,0,0,0,0,0,0,0,0,0,0,0,0,0,0,0,0,0,0,0,0,0,0,0,0,0,0,0,0,0,0,0,0,0,0,0,0,0,0,0,0,0,0,0,0,0,0,0,0,0,0,0,0,0,0,0,0,0,0,0,0,0,0,0,0,0,0,0,0,0,0,0,0,0,0,0,0,0,0,0,0,0,0,0,9,0,0,0,0,0,0,0,0,0,6,0,0,0,0,0,0,0,0,0,0,0,0,0,0,0,0,0,0,0,0,0,0,0,0,0,0,0,0,0,0,0,0,0,0,0,0,0,0,0,0,0,0,5,0,0,0,0,0,0,0,0,0,0,0,0,7,0,0,0,0,0,0,0,0,0,0,0,0,0,0,0,0,0,0,0,0,0,0,0,0,0,0,0,0,0,0,0,0,0,0,0,0,0,0,0,0,0,0,0,0,0,0,0,0,0,0,0,0,0,0,0,0,0,0,0,3,0,0,2,0,0,0,0,0,0,0,0,0,0,0,0,0,0,0,0,0,0,0,0,0,0,0,0,0,0,0,0,0,0,0,0,0,0,0,0,2,0,0,0,0,0,0,0,0,0,0,0,0,0
"D419",0,0,0,0,0,0,0,0,0,0,0,0,0,0,0,0,0,0,0,0,0,0,0,0,0,0,0,0,0,0,0,0,0,0,0,0,0,0,0,0,0,0,0,0,0,0,0,0,0,0,0,0,42,0,0,0,0,0,4,0,0,289,0,0,0,0,0,0,0,0,0,0,0,0,0,0,0,0,0,0,0,0,2,0,0,0,0,0,0,0,0,0,0,0,0,0,0,0,0,0,0,0,0,0,0,0,0,0,0,0,0,0,0,0,0,0,0,0,0,0,0,0,0,0,0,0,0,0,0,0,0,0,0,0,0,0,0,0,0,0,0,0,0,0,0,0,0,0,0,0,124,0,0,0,0,0,0,0,0,0,0,0,0,0,0,0,0,0,0,0,0,0,0,7,0,0,23,0,0,0,0,0,0,0,0,0,0,0,0,0,0,34,0,0,0,0,0,0,0,0,0,0,0,0,0,0,0,0,0,0,0,0,0,0,0,0,0,0,0,0,0,0,0,0,0,0,0,0,0,0,0,0,0,0,0,0,0,0,2,0,0,0,0,0,0,0,0,0,0,2,0,0,13,0,0,0,2,0,0,0,0,0,0,0,0,0,0,0,0,0,0,0,61435,0,0,0,0,0,0,0,0,0,0,0,0,0,4,0,0,0,0,0,0,0,0,0,0,0,0,15193,0,0,0,0,0,58,0,0,0,0,0,0,0,0,0,0,0,0,0,0,0,0,0,0,0,0,20,0,0,0,0,0,0,0,0,0,0,0,0,0,0,0,0,0,0,0,0,0,0,0,0,0,0,0,0,0,0,0,0,0,0,0,0,0,0,0,0,0,0,0,0,0,0,0,3,0,0,0,0,0,0,0,0,0,0,0,0,0,0,0,0,0,0,0,0,0,0,0,0,0,0,0,0,0,0,0,0,0,0,0,0,0,0,0,0,0,0,0,0,0,0,0,0,0,0,0,0,0,0,0,0,0,0,0,0,0,0,0,0,0,0,0,0,0,0,0,0,0,0,0,0,0,0,0,0,0,0,0,0,0,1,0,0,0,2,0,0,0,0,0,0,0,0,0,0,0,0,0,0,0,0,0,0,0,0,0,0,0,0,0,0,0,0,0,0,0,0,0,0,0,0,0,2,0,0,0,0,0,0,0,0,0,0,0,0,0,0,0,0,0,0,0,0,0,0,0,0,0,0,0,0,0,0,0,8,0,0,0,0,0,0,0,0,0,0,0,0,0,0,0,0,0,0,0,0,0,0,0,0,0,0,0,0,0,0,0,0,0,0,0,0,0,0,0,0,0,0,0,948,0,0,0,0,0,0,0,0,0,0,0,0,0,0,0,0,0,0,0,0,0,0,0,0
"D420",0,0,0,0,0,0,0,0,0,0,0,0,0,0,0,0,0,0,0,0,0,0,0,0,0,0,0,0,0,0,0,0,0,32,0,0,0,0,0,0,0,0,0,0,0,0,0,0,1,0,0,0,0,0,0,0,0,0,0,0,0,0,2,0,0,0,0,0,0,0,0,0,0,0,0,0,0,0,0,0,36,0,0,0,0,2,0,0,0,0,0,0,0,0,0,0,0,0,0,0,0,0,0,0,0,0,0,0,0,0,0,0,0,0,0,0,0,0,0,0,0,0,0,0,0,0,0,55,0,0,0,0,0,0,0,0,0,0,0,0,0,0,0,0,0,0,0,0,0,0,0,0,2,0,0,0,2,0,0,0,0,0,0,0,0,0,0,0,0,0,0,0,0,0,0,0,0,0,0,0,0,0,0,0,53,0,0,0,0,0,0,0,0,9,0,0,0,0,0,0,0,0,0,0,0,0,0,0,0,0,0,0,0,0,0,0,0,0,0,0,0,0,0,0,3,0,0,0,0,0,0,0,0,0,0,0,0,0,0,0,0,0,0,0,0,0,0,0,0,0,0,0,0,0,0,0,0,0,0,0,0,0,0,0,0,0,0,0,0,0,0,0,0,0,0,0,0,0,0,0,2,0,0,0,0,0,0,0,0,0,0,0,29,0,0,0,0,0,0,0,0,0,0,0,0,0,0,0,0,0,0,0,0,0,0,0,0,0,0,0,0,0,0,0,0,0,0,0,0,0,0,0,0,0,0,0,0,0,0,0,0,0,0,0,0,0,0,0,0,0,0,0,0,0,0,0,0,0,0,0,0,0,13,0,0,0,0,0,0,0,0,0,0,0,0,0,0,0,0,0,0,0,0,0,0,0,0,36,0,0,0,0,0,0,0,0,0,0,1,8,1,0,0,0,0,0,0,0,0,0,0,0,0,0,0,117,0,0,29,0,0,0,0,0,0,0,0,0,0,0,0,0,0,0,0,0,0,0,0,0,0,0,0,0,0,0,7,0,0,0,0,0,0,0,0,0,0,0,0,0,0,0,0,0,0,0,0,0,0,0,0,0,0,0,0,0,0,334,0,0,0,0,0,0,0,0,0,0,0,0,0,0,0,0,0,0,0,0,13,0,0,0,0,0,0,0,0,0,0,0,0,0,0,0,0,0,0,0,0,0,0,0,0,0,0,0,0,0,0,0,0,0,0,0,0,0,0,0,0,0,0,0,0,0,0,0,0,0,0,0,0,0,0,49,0,0,0,0,0,0,0,0,0,0,0,0,0,0,8,0,0,4,0,0,0,0,0,0,0,0,0,0,2,0,0,0,0,0,0,0,0,0,0,0,0,0,0,0,0,0,0,0,0
"D421",0,0,0,12,0,0,5,0,0,0,0,0,0,0,0,0,0,0,0,0,2,0,0,0,0,0,0,0,0,0,0,0,0,7,2,0,0,0,0,0,0,0,0,0,0,3,0,0,0,0,0,0,10,0,0,0,0,2,18,0,0,0,0,9,0,0,0,0,0,2,0,0,0,5,0,0,0,0,0,2,0,2,0,2,0,0,0,0,0,0,0,0,0,0,0,0,0,0,0,0,0,0,0,0,0,0,0,0,0,0,83,0,14,0,0,7,2,0,0,0,0,0,0,0,0,0,0,0,0,8,0,0,0,0,0,0,34,0,0,2,0,0,0,0,0,0,0,0,0,0,0,0,0,0,0,0,0,0,0,0,0,0,0,0,3,0,44,0,0,0,0,0,0,12,0,0,4,0,0,2,0,0,0,3,0,0,0,0,0,0,0,0,0,0,0,0,0,0,0,0,0,0,0,0,0,0,0,0,0,0,0,0,0,0,0,0,11,0,0,0,0,0,0,0,0,0,0,0,0,0,0,0,0,2,0,2,0,0,0,0,0,0,0,0,0,2,0,0,0,0,0,0,0,0,0,0,0,0,24,0,0,25,0,0,0,0,0,0,0,0,0,0,2,0,0,3,0,0,0,0,2,0,0,0,0,0,7,0,0,0,0,0,0,0,0,0,0,0,0,0,0,0,0,0,0,0,0,0,0,0,0,0,0,0,0,10,0,0,0,0,0,0,0,0,0,0,0,0,0,0,0,0,36,0,0,0,0,0,0,0,0,0,26,0,0,0,0,0,0,0,0,0,0,0,0,0,2,0,0,0,0,0,0,0,0,4,0,0,0,2,5,0,0,0,0,0,0,0,0,6,2,0,0,0,0,0,0,0,0,0,0,0,0,0,0,0,0,0,0,0,0,0,0,0,0,0,0,0,10,0,0,2,0,0,0,0,0,0,0,0,0,0,0,0,0,0,0,0,0,2,0,0,0,0,0,0,0,0,0,0,0,0,0,0,0,0,0,0,0,0,0,0,1,0,0,0,0,0,0,0,4,0,0,0,3,5,0,0,0,0,0,0,3,0,0,0,0,0,0,6,0,0,0,0,0,0,0,2,0,0,0,0,0,0,0,0,0,0,0,0,0,0,2,0,0,0,0,0,0,0,0,0,0,0,0,0,0,0,0,0,0,0,1,0,0,3,8,0,0,0,0,0,0,0,6,0,1,0,0,0,0,0,0,0,0,0,0,2,0,0,0,0,0,0,0,0,0,0,0,0,0,0,0,0,0,0,0,0,0,0,0,0,0,0,0,0,0,0,0,0,0,0,0,0,0,0,0,0,3,0,0,0,0,0,0,0,0,0,0,0,0,0,0
"D422",1,0,0,21,0,0,0,0,31,0,0,0,0,0,0,0,0,0,0,0,28,2,0,0,0,25,0,0,0,0,0,0,5,0,1,0,3,0,0,0,0,0,0,0,0,0,0,0,0,8,0,0,0,0,0,0,0,1,0,0,0,0,3,687,0,0,0,1,0,30,0,0,0,8,0,0,0,0,3,12,0,7,0,0,0,0,0,0,3,0,0,0,0,0,0,0,0,2,0,0,0,0,0,0,0,0,3,0,0,0,13580,0,74,0,0,0,4,24,0,0,0,0,0,0,0,0,0,0,0,2,0,9,0,0,0,0,0,0,0,0,0,9,4,0,0,4,0,0,0,0,0,0,2,0,0,109,0,0,0,0,0,0,0,0,6,0,140,0,0,0,0,0,0,0,0,0,0,0,0,0,0,0,0,16,0,0,0,5,0,0,0,0,0,0,0,0,0,0,0,0,0,0,0,2,0,0,0,0,0,0,0,3,0,0,0,0,0,0,0,0,0,0,0,2,0,0,0,0,2,0,0,0,0,6,0,0,0,0,0,0,0,0,0,0,0,12,0,0,0,0,0,0,0,0,0,0,0,0,223,0,0,29,0,2,0,0,0,0,0,0,0,4,41,0,0,9,0,0,3,0,0,58,2,0,0,0,0,0,0,0,0,0,0,0,0,2,0,0,0,0,0,0,0,0,0,786,0,0,0,0,0,4,0,0,0,8,0,0,0,0,0,0,0,0,0,0,0,0,0,0,0,0,0,0,0,0,0,0,0,0,0,0,0,0,2,0,0,0,0,0,0,0,0,0,0,0,0,0,0,0,0,0,0,0,0,0,0,0,0,2,1462,0,0,0,0,0,0,0,0,3,19,0,0,0,0,32,0,0,0,0,0,0,0,0,0,0,0,0,0,0,0,0,0,2,0,0,0,0,5,0,24,0,0,0,15,0,0,0,0,0,0,2,0,0,0,0,0,0,0,1,0,0,0,0,0,0,0,0,0,0,0,0,0,0,0,0,0,0,0,2,0,22,3,0,0,0,0,0,0,0,0,0,876,0,4,11,0,0,0,0,0,0,0,0,0,0,0,0,0,46,26,0,13,0,0,2,0,0,0,0,0,0,0,0,0,14,5,0,0,0,0,2,0,0,0,2,0,0,0,0,0,0,0,0,0,0,0,0,0,0,6,0,3,0,19,31,14,0,0,0,0,0,0,0,0,0,63,0,0,1,2,0,0,0,0,0,0,0,0,0,0,0,0,0,0,0,0,0,0,0,0,0,0,0,0,0,0,1,31,18,0,0,0,0,0,0,0,0,0,0,0,0,0,0,0,0,0,0,0,0,0,0,0,0,2,3,0,0,0,0,0,1,0
"D423",0,0,0,0,0,0,0,0,0,0,0,0,0,0,0,0,0,0,0,0,0,0,0,0,0,0,0,0,0,0,0,0,0,0,0,0,0,0,0,0,0,0,0,0,0,0,0,0,0,0,0,0,0,0,0,0,0,0,0,0,0,0,0,0,0,0,0,0,0,0,0,0,0,0,0,0,0,0,0,0,0,0,0,0,0,0,0,0,0,0,0,0,0,0,0,0,0,0,0,0,0,0,0,0,0,0,0,0,0,0,0,0,0,0,0,0,0,0,0,0,0,0,0,0,0,0,0,0,0,0,0,0,0,0,0,0,0,0,0,0,0,0,0,0,0,0,0,0,0,0,0,0,0,0,0,0,0,0,0,0,0,0,0,0,0,0,0,0,0,0,0,0,0,0,0,0,0,0,0,0,0,0,0,0,0,0,0,0,0,0,0,0,0,0,0,0,0,0,0,0,0,0,0,0,0,0,0,0,0,0,0,0,0,0,0,0,0,0,0,0,0,0,0,0,0,0,0,0,0,0,0,0,0,0,0,0,0,0,0,0,0,0,0,0,0,0,0,0,0,0,0,0,0,3,0,0,0,0,0,0,0,0,0,0,7,0,0,0,0,0,0,0,0,0,0,0,0,0,0,0,0,0,0,0,0,0,0,0,0,0,0,0,0,0,0,0,0,0,0,0,0,0,0,0,0,0,0,0,0,0,0,0,0,0,0,0,0,0,0,0,0,0,0,0,0,0,0,0,0,0,0,0,0,0,0,0,0,0,0,0,0,0,0,0,0,0,0,0,0,0,0,0,0,0,0,0,0,0,0,0,0,0,0,0,0,0,0,0,0,0,0,0,0,0,0,0,0,0,0,0,0,0,0,0,0,0,0,0,0,0,0,0,0,0,0,0,0,0,0,0,0,0,0,0,0,0,0,0,0,0,0,0,0,0,0,0,0,0,0,0,0,0,0,0,0,0,0,0,0,13,0,0,0,0,0,0,0,0,0,0,0,0,0,0,0,0,0,0,2,0,0,0,0,0,0,0,0,0,0,0,0,0,0,0,0,0,0,0,0,0,0,0,0,0,0,0,0,0,0,0,0,0,0,0,0,0,0,0,0,0,0,0,0,2,0,0,0,0,0,0,0,0,0,0,0,0,0,0,0,0,4,0,0,0,0,0,0,0,0,0,0,0,0,0,0,0,0,0,0,0,0,0,0,0,0,0,0,0,0,0,0,0,0,0,0,0,0,2,0,0,0,0,0,0,0,0,0,0,0,0,0,0,0,0,0,0,0,0,0,0,0,0,0,0,0,0,0,0,7,0,0,0,0,0,0,0,0,0,0,0,0,0,0,8,0,0,0,0,0,0,0,0,0
"D424",0,0,0,0,0,0,0,263,0,10,0,0,0,1,0,0,0,0,19,0,0,0,0,0,0,0,169,0,0,0,225,0,81,0,0,0,67,0,0,0,0,0,0,466,0,0,0,0,0,0,0,0,0,0,0,0,0,0,0,0,0,0,40,0,0,0,0,0,0,0,2,20,385,0,0,0,0,0,95,0,79,0,0,0,0,0,0,221,0,52,0,0,0,0,8,0,98,0,0,0,0,0,83,0,0,0,0,0,0,0,0,0,0,0,0,0,0,0,7,0,0,0,0,0,0,0,0,178,0,0,0,0,0,0,0,0,0,1393,0,0,3,0,0,0,0,0,0,14,18,0,0,0,0,0,0,1,6,0,0,0,0,0,0,0,0,0,0,0,2,0,18,0,0,0,0,0,0,0,0,0,0,0,0,0,974,0,0,0,0,0,0,0,0,0,0,0,5,0,0,0,0,27,0,0,0,0,0,0,0,0,0,0,11,0,0,0,0,0,0,0,0,0,12,0,8,0,47,0,0,0,75,107,0,0,0,0,0,0,0,0,0,0,0,0,0,0,0,0,8,0,0,0,0,0,0,0,0,0,0,0,0,0,0,0,0,29,0,0,0,0,0,0,0,169,0,0,0,0,0,0,4,0,0,0,0,0,0,3,6,1,0,0,0,0,4,0,0,0,0,1,0,0,0,0,0,0,0,0,2,0,0,0,0,0,2,0,0,0,0,44,0,0,0,0,0,0,0,0,0,0,0,0,0,0,0,0,0,0,9,0,0,0,0,0,0,0,0,0,0,0,0,0,0,0,0,0,0,0,0,0,13,0,0,0,0,0,0,0,7,0,0,0,0,0,0,0,0,0,0,0,0,0,3,26,50,0,0,0,0,84,0,108,2,0,0,0,13,0,19,0,80,0,4,0,0,0,58,0,0,0,0,0,0,0,0,0,0,0,0,0,0,0,0,0,3,0,0,0,0,0,0,164,81,2,7,0,0,0,0,0,0,0,0,0,0,0,4,0,0,0,0,0,0,0,0,85,0,0,0,0,0,0,0,0,0,0,0,0,0,0,0,0,0,0,0,0,50,146,0,0,0,0,4,0,0,2,0,0,0,0,0,0,0,0,2,0,0,0,0,0,3,0,0,0,19,0,0,0,0,0,0,0,0,0,847,0,0,0,0,0,0,2,0,0,0,0,0,0,0,0,0,0,0,15,2,0,0,0,0,0,0,0,344,0,0,0,0,0,29,361,0,0,0,0,0,0,0,0,0,0,0,0,0,0,0,0,0,0,0,11,0,7,0,0,0,0,0,0,0,0,0,0,0,0,0,0,162,0,0,1383,210,0,0,0,0,0,0,0,0,0,0,0,0
"D425",0,0,0,0,0,0,0,0,0,0,0,0,0,0,0,298,0,0,0,18,0,0,0,0,0,0,0,0,0,0,0,0,0,0,0,0,11,0,0,0,0,0,0,0,0,0,0,0,40,0,0,0,2,0,0,0,0,0,2,0,0,0,0,0,0,153,0,0,0,0,0,0,0,0,0,0,0,0,0,0,43,0,0,0,0,245,0,0,0,412,0,0,0,31,0,0,0,0,0,0,0,0,0,183,0,0,0,0,0,0,0,0,5,0,0,0,0,6,0,0,0,0,0,0,0,0,0,517,5,2,0,0,0,0,0,0,0,0,0,0,0,0,0,5,0,0,0,0,0,0,0,0,0,0,0,0,0,0,0,0,0,0,0,0,0,0,0,0,0,0,0,0,0,0,0,0,0,0,0,0,0,0,0,0,18,0,0,0,0,0,0,0,0,92,0,0,0,0,0,0,0,0,0,0,0,0,0,0,0,0,0,0,0,0,0,0,0,0,0,0,0,0,0,0,882,0,0,0,0,0,0,0,0,0,0,0,0,0,0,0,0,0,0,0,0,0,0,0,0,0,0,0,0,0,0,0,0,0,0,0,0,0,0,0,0,0,43,0,0,0,0,0,0,0,0,0,0,0,0,0,0,0,0,0,0,0,3,0,2,113,0,0,33,0,2,0,0,0,0,0,0,0,0,0,0,0,7,0,0,0,0,0,0,0,0,0,0,0,0,0,0,0,0,0,0,0,0,0,0,0,7,0,0,0,0,0,0,0,0,0,0,0,0,0,0,0,0,0,0,0,0,0,13,0,0,0,0,0,0,0,0,0,86,0,0,0,0,0,0,0,0,0,0,0,0,0,0,0,0,0,0,0,0,0,0,3,0,16,0,0,0,0,0,0,0,0,0,0,0,5,455,0,0,0,0,0,0,0,0,0,0,0,0,0,0,5088,0,0,0,0,0,0,0,0,0,0,0,0,0,0,79,0,0,0,0,0,0,0,0,0,0,0,0,0,0,0,9,0,0,0,0,11,0,0,0,0,0,0,0,0,0,0,0,0,0,0,0,0,0,0,0,0,0,0,0,0,0,1611,0,0,0,0,0,0,0,0,6,0,0,0,0,0,0,0,0,0,0,33,20,0,0,0,0,0,0,0,0,0,0,0,0,0,0,0,0,0,0,0,0,0,0,0,0,0,0,0,0,0,0,0,0,0,0,0,0,0,0,0,0,0,0,0,0,0,0,0,0,0,9,0,0,0,0,0,0,0,0,0,0,0,0,0,0,0,0,0,0,0,0,4,0,13296,0,0,0,0,0,0,0,4,0,0,0,0,0,0,0,0,0,0,0,0,0,20,0,1,0,0,0,0,0,0,0
"D426",0,0,0,0,0,0,0,0,0,0,0,0,0,0,0,0,0,0,0,0,0,0,0,0,0,0,0,0,0,0,0,0,0,135,0,0,0,0,0,0,0,0,0,0,0,0,0,0,0,0,0,0,0,0,0,0,0,0,0,0,0,0,0,0,0,0,0,0,0,0,0,0,0,0,0,0,0,0,0,0,2,0,0,0,0,319,0,0,0,4,0,0,0,0,0,0,0,0,0,0,0,0,0,0,0,0,0,0,0,0,0,0,0,0,0,0,0,0,0,0,0,0,0,0,0,0,0,136,0,0,0,0,0,0,0,0,0,0,0,0,0,0,0,0,0,0,0,0,0,0,0,0,0,0,0,0,0,0,0,0,0,0,0,0,0,0,0,0,0,0,0,0,0,0,0,0,0,0,0,0,0,0,0,0,0,0,0,0,0,0,0,0,0,6,0,0,0,0,0,0,0,0,0,0,0,0,0,0,0,0,0,0,0,0,0,0,0,0,0,0,0,0,0,0,3,0,0,0,0,0,0,0,0,0,0,0,0,0,0,0,0,0,0,0,0,0,0,0,0,0,0,0,0,0,0,0,0,0,0,0,0,0,0,0,0,0,0,0,0,0,0,0,0,0,0,0,0,3,0,0,11,0,0,0,0,0,0,0,0,0,0,0,71,0,0,0,0,0,0,0,0,0,0,0,0,0,0,0,0,0,0,0,0,0,0,0,0,0,0,0,0,0,0,0,0,0,0,0,0,4,0,0,0,0,0,0,0,0,0,0,0,0,0,0,0,0,0,0,0,0,0,0,0,0,0,0,0,0,0,0,0,0,0,0,0,0,0,0,0,0,0,0,0,0,0,0,0,0,0,0,0,0,0,0,0,8,0,0,0,0,0,0,0,0,0,0,0,0,184,55,65,0,0,0,0,0,0,0,0,0,0,0,0,0,0,0,0,0,0,0,0,0,0,0,0,0,0,0,0,0,85,0,0,0,0,0,0,0,0,0,0,0,0,0,0,0,0,0,0,0,0,0,0,0,0,0,0,0,0,0,0,0,0,0,0,0,0,0,0,0,0,0,0,0,0,0,0,2576,0,0,0,0,0,0,0,0,0,0,6,0,0,0,0,0,0,0,0,0,284,0,0,0,0,0,0,0,0,0,0,0,0,0,0,0,0,0,0,0,0,0,0,0,0,0,0,0,0,0,0,0,0,0,0,0,0,0,0,0,0,0,0,0,0,0,0,0,0,0,0,0,0,0,0,224,0,0,0,3,0,0,0,0,0,0,0,0,0,0,0,0,0,0,0,0,0,0,0,0,0,0,0,0,2,0,0,0,0,0,0,0,0,0,0,0,0,0,0,0,0,0,0,0,0
"D427",0,0,18,0,0,2,0,8,0,7,0,0,0,6,26,8,0,5,8,0,0,0,0,19,0,0,0,0,0,0,197,0,6,0,0,0,0,4,0,0,0,0,0,2,0,618,7,3,0,2,0,50,2,54,16,1,0,0,0,0,0,3,8,0,256,5,156,0,0,0,39,2,3,0,0,0,3,80,0,0,24,0,0,0,3,42,19,18,0,17,4,0,3,20,20,0,0,3,5,0,122,29,38,8,10,0,0,6,0,0,0,0,0,0,14,0,0,0,0,0,0,9,0,0,0,1,0,4963,2,2,0,0,0,0,0,8,0,31,41,0,0,0,0,21,31,0,0,2,7,0,0,0,0,49,1,0,260,6,0,0,0,0,0,0,0,0,0,3,109,0,0,4,12,9,8,8,0,67,13,0,17,0,0,0,0,0,0,0,0,4,0,0,53,70,0,0,9,0,0,0,0,0,13,0,0,0,13,6,0,22,0,0,0,0,2,0,0,0,0,0,28,5,7,0,10,0,8,0,4,0,0,3,113,0,17,2,2,0,0,0,5,0,0,15,74,0,0,50,10,0,0,0,0,6,28,0,0,0,0,0,3,0,0,18,0,57,0,3,5,0,0,0,0,0,0,0,0,0,0,1,32,0,10,0,0,0,3,5,0,4,0,0,0,0,167,0,0,0,0,21,0,2,3,0,6,0,102,0,19,0,6,0,2,0,0,0,0,0,0,13,0,0,0,0,0,0,1,0,0,2,58,7,89,0,0,0,0,0,0,0,0,0,5,0,0,0,3,0,5,0,3,0,6,0,0,0,0,2,0,15,18,0,79,30,15,0,0,0,65,0,0,0,0,5,3,0,0,43,2,0,0,0,15,2,0,0,0,0,9,2,34,6,0,20,0,0,6,2,0,0,310,0,3,17,5,8,0,6,0,0,0,0,2,0,0,22,2,0,1,0,7,0,10,5,13,0,3,0,116,0,0,9,81,15,7,3,12,0,0,0,0,0,0,0,5,0,19,0,6,13,0,0,0,0,0,75,34,3,0,0,0,0,0,0,38,0,5,0,0,0,19,0,0,7,0,0,91,64,0,0,0,0,0,6,8,6,8,0,26,4,0,0,0,0,24,0,0,10,0,0,6,0,59,0,10,17,0,0,0,1,34,0,0,12,0,0,6,2,12,0,0,274,0,0,0,0,0,2,184,22,0,2,0,6,0,2,0,0,0,0,0,8,6,0,0,0,15,0,17,69,4,3,0,585,0,0,0,9,0,82,0,0,0,0,2,0,17,0,0,2,9,7,0,1,0,5,0,7,0,8,3,0,17,0,3,39,29,4,0,198,102,27,14,0,13,0,0,16,0,0,0,0,0
"D428",0,0,0,0,0,0,0,0,0,0,0,0,0,0,0,0,0,0,0,0,0,0,0,0,0,0,0,0,0,0,0,0,0,0,0,0,0,0,0,0,0,0,0,0,0,0,0,0,0,0,0,0,0,0,0,0,0,0,0,2,0,0,0,0,0,0,0,0,4,0,0,0,0,0,0,0,5,0,0,0,0,0,0,0,0,0,0,0,0,0,0,0,0,0,0,0,0,0,0,4,0,0,0,0,0,0,0,0,0,0,0,0,0,0,0,0,0,0,0,0,0,0,0,0,0,0,0,0,0,0,0,0,0,0,0,0,0,0,0,0,0,0,0,0,0,62,0,0,0,0,0,0,4,0,0,0,0,0,0,0,0,0,0,0,0,0,0,0,0,142,0,0,0,0,0,0,0,0,0,0,0,0,0,0,0,0,0,0,0,0,0,0,0,0,0,0,0,0,0,0,0,0,0,0,0,0,0,0,0,0,0,0,1,43,0,0,0,0,0,0,0,0,0,0,0,644,0,0,0,0,0,0,0,524,0,0,0,0,0,0,0,0,0,0,0,0,0,0,0,0,0,0,0,0,0,0,0,0,0,0,0,22,0,0,17,0,0,0,0,0,0,30,3,0,0,0,0,0,0,0,47,0,0,0,0,0,0,0,0,0,0,0,0,0,0,0,0,0,0,0,0,0,0,0,0,0,0,0,0,68,222,0,0,0,0,0,0,0,0,0,0,0,0,0,0,0,0,0,0,48,0,0,0,0,0,6,0,0,0,0,10,0,0,0,8,0,0,0,0,0,0,0,0,0,0,0,0,0,0,0,0,2,0,0,0,0,0,0,0,0,0,0,0,0,0,0,0,0,0,0,0,0,0,0,0,0,0,0,0,0,1,0,0,0,0,3,0,0,0,0,0,0,0,0,0,380,0,0,0,0,0,3,0,0,0,0,0,0,0,0,0,0,0,0,0,0,0,0,0,0,0,0,0,0,0,3,0,0,0,0,0,0,0,0,0,0,0,46,0,0,0,0,0,0,0,0,0,0,0,8,0,0,0,0,0,0,0,0,0,27,0,0,0,2,0,0,0,0,0,0,0,0,0,0,0,0,0,0,0,0,0,0,340,0,0,0,0,0,0,0,0,0,0,0,0,76,0,4,0,0,0,9,0,0,0,0,0,0,0,0,0,0,108,1398,0,0,1,0,0,0,0,0,0,0,0,0,0,531,0,1,0,0,0,0,0,0,0,0,0,0,0,0,0,0,0,0,0,0,0,0,0,0,3,0,0,0,20,0,0,0,0,0,0,0,0,0,2,0,4,0,0,0,0,0,0,0,0,2,0,0,0,0,0,0,39,0,0,0,3,0,0,0,0
"D429",0,0,0,0,0,0,0,0,0,0,0,0,0,0,0,0,0,0,0,0,0,0,0,0,0,4261,0,0,0,0,0,0,0,0,0,0,0,0,0,0,0,1198,0,0,0,0,0,0,0,0,0,0,0,0,0,0,0,0,0,0,0,0,0,0,0,0,0,0,0,0,0,0,0,318,0,0,0,0,0,0,0,0,0,0,0,0,0,0,0,0,0,0,0,0,0,0,0,0,0,0,0,0,0,0,0,2161,0,0,0,0,0,0,0,0,0,0,0,4697,0,0,0,0,0,118,0,0,0,0,0,0,0,79,0,0,0,0,0,0,0,0,0,0,1014,0,0,0,0,0,0,0,0,0,0,0,0,0,0,0,0,0,0,0,0,0,0,0,0,0,0,0,0,0,0,0,0,0,0,0,0,0,0,0,0,0,0,0,0,0,0,0,0,0,0,0,0,0,0,0,0,0,0,0,0,64,0,0,0,0,0,0,0,0,0,0,0,0,933,0,0,0,0,0,0,0,0,0,0,0,0,0,0,0,0,0,0,0,0,0,0,0,0,0,0,0,0,0,0,0,0,0,0,0,0,0,0,0,0,0,8286,629,0,2,0,0,0,0,0,0,0,0,0,0,0,0,0,0,0,0,0,0,0,0,0,0,0,0,0,0,0,0,0,0,0,0,0,0,0,0,0,0,0,0,0,0,0,0,0,0,0,0,0,2979,0,0,0,0,0,0,0,0,0,0,0,0,0,0,0,0,0,0,0,0,0,0,0,0,0,0,0,0,0,0,0,0,0,0,0,0,0,0,0,0,0,0,0,647,0,0,0,0,0,0,0,0,0,0,0,0,0,0,0,0,0,0,0,0,0,0,0,0,0,0,0,0,0,2,0,0,0,0,0,0,0,0,0,0,0,0,0,0,0,0,0,0,0,0,0,0,0,0,4435,0,0,0,4,0,0,0,0,0,0,0,0,0,0,0,0,0,0,0,0,0,0,0,0,0,0,0,0,0,0,0,0,0,0,0,0,0,0,0,0,0,139,0,0,0,0,0,0,0,0,0,0,0,0,0,0,0,0,0,0,0,0,0,0,0,0,0,0,0,2617,0,0,0,0,0,0,0,0,0,0,0,0,0,0,0,0,0,0,0,0,941,0,0,0,0,0,0,0,0,0,0,0,0,0,0,0,0,0,0,0,0,0,0,0,0,0,0,0,0,0,0,0,0,0,0,70,0,0,0,0,0,0,0,0,0,0,0,0,0,0,0,0,0,0,0,0,0,0,0,2286,0,0,0,0,0,0,0,0,0,0,0,0,0,0,0,0,0,0,0,0,0,0,0,0,0,0,0,0,0,0,0,0,0,0,0,0,0,0,0,0,0,722
"D430",0,0,0,0,0,0,0,0,0,0,0,0,0,0,0,0,0,0,0,0,0,0,0,0,0,0,7,0,0,0,0,0,0,2,0,0,0,0,0,0,0,2,0,4,0,0,0,0,0,0,0,0,0,0,0,0,0,0,0,0,0,0,0,0,0,0,0,0,0,0,0,2,27,0,0,0,0,0,0,0,0,0,0,0,0,21,0,0,0,6,0,0,0,0,0,0,46,0,0,0,0,0,7,0,0,0,0,0,0,0,0,0,0,0,0,0,0,0,13,0,0,0,0,0,0,0,0,16,0,0,0,0,0,0,0,0,0,17,0,0,0,0,0,0,0,0,0,0,0,0,0,0,0,0,0,0,0,0,0,0,0,0,0,0,0,0,0,0,0,0,20,0,0,0,0,0,0,0,0,0,0,0,0,2,21,0,0,0,0,0,0,0,0,0,0,0,0,0,0,0,0,19,0,0,0,0,0,0,0,0,0,0,0,0,0,0,0,0,0,0,0,0,0,0,0,0,2,0,0,0,14140,0,5,3,0,0,0,0,0,0,0,0,0,0,0,0,0,0,3,0,0,0,0,4,0,0,0,0,0,0,0,3,0,0,0,3,0,0,0,0,0,0,0,0,0,0,0,0,0,0,0,0,0,0,0,0,0,0,0,0,0,0,0,0,0,0,0,0,0,0,0,0,0,0,0,0,0,0,0,0,0,0,0,0,0,0,0,0,0,0,0,0,0,0,0,0,0,0,0,0,0,0,0,0,0,0,0,0,4,0,0,0,0,0,0,0,0,0,0,0,0,0,0,0,0,0,0,0,0,0,0,0,0,0,0,0,0,0,3,0,0,0,0,0,0,0,0,0,0,0,0,0,0,2,0,0,0,0,0,0,0,0,0,0,0,0,0,0,15,0,0,0,0,0,0,0,0,0,0,0,0,0,0,0,0,0,0,0,0,0,0,0,0,0,3,0,0,0,0,0,0,8,5,0,5,0,0,0,0,0,0,0,11,0,0,0,3,0,0,2,0,0,0,0,0,0,0,0,0,0,0,0,0,0,0,0,0,0,0,0,0,0,0,0,0,0,16,15,0,0,0,0,0,0,0,0,0,0,0,0,0,0,0,0,0,0,0,0,3,0,2,0,0,0,0,0,0,0,0,0,0,0,0,0,49,0,0,0,0,0,0,0,0,0,0,0,0,0,0,0,0,0,0,0,0,0,0,0,0,0,0,0,21,0,0,0,0,0,0,9,0,0,0,6,0,0,0,0,0,0,0,0,0,0,0,0,0,0,3,0,0,0,0,0,0,0,0,0,2,0,0,0,0,0,0,0,0,0,0,57,8,435,0,0,0,0,0,3,0,0,0,0,0
"D431",0,0,0,0,0,0,0,0,0,0,0,0,0,0,0,0,0,0,0,0,0,0,0,0,0,0,0,0,0,0,0,0,2,0,0,0,0,0,0,0,0,0,0,0,0,0,0,0,0,0,0,0,0,0,0,0,0,2,0,0,0,0,0,0,0,0,0,2254,0,0,0,0,0,0,0,0,0,0,0,0,0,0,0,0,0,0,0,0,0,0,0,0,0,0,0,0,0,0,0,0,0,0,0,0,0,0,0,0,0,0,0,0,0,0,0,47,0,0,0,0,0,0,0,0,0,0,0,0,0,0,0,0,0,0,0,0,0,0,0,0,0,0,0,0,0,0,0,0,0,0,0,0,0,0,0,0,0,0,0,0,0,13,0,0,0,0,0,0,0,0,0,0,0,0,0,0,0,0,0,0,0,0,0,49,0,0,0,3,0,0,0,0,0,0,0,0,0,0,0,0,0,0,0,0,0,0,0,0,0,0,0,0,0,0,0,6,0,0,0,0,0,0,0,5,0,0,0,0,0,0,0,0,0,0,0,0,0,0,0,0,0,0,0,0,0,0,0,0,0,0,0,0,0,0,0,0,448,0,0,0,0,0,0,0,0,0,0,0,0,0,0,0,0,0,0,2,0,0,0,0,0,0,0,0,0,0,0,0,0,0,0,0,107,0,0,0,0,0,0,0,0,0,0,0,0,0,0,0,0,0,0,0,0,0,0,0,0,0,0,0,0,0,0,0,0,0,1,0,0,0,0,0,0,0,0,0,0,0,0,0,0,0,33,0,0,0,0,0,0,0,0,0,0,0,0,0,0,0,0,0,0,0,0,0,0,0,0,0,0,0,0,0,0,0,0,0,0,0,0,0,2,0,0,0,0,0,0,0,0,0,0,0,0,0,0,0,0,0,0,0,0,0,0,0,0,0,0,0,0,0,0,0,0,0,0,0,0,0,0,0,0,0,0,0,0,0,0,0,0,0,0,0,0,0,0,0,0,0,0,0,0,0,0,0,0,0,0,0,0,0,0,0,0,0,0,0,0,0,0,0,0,0,0,0,6,0,0,0,0,0,0,0,0,0,0,0,0,0,0,0,0,0,0,0,0,0,0,0,0,0,0,0,0,0,0,0,0,0,0,0,0,0,0,0,0,0,0,0,0,0,0,0,0,0,0,6,0,0,0,0,0,0,0,0,100,0,0,0,0,0,0,0,0,0,0,0,0,0,0,5,0,0,0,0,0,0,0,0,0,0,0,0,0,0,0,0,0,0,0,0,0,28,0,0,0,0,0,0,0,0,0,0,0,0,0,0,0,0,3993,0,0,0,0,0,0,0,0,0,0,0,0,0,0,0,0,0,0,0,0,0,12,0,0
"D432",0,0,0,0,0,0,488,0,0,0,0,0,0,0,0,0,0,0,0,0,0,0,0,0,0,0,0,0,0,0,0,0,95,0,0,0,0,0,0,0,0,0,0,0,0,0,0,0,0,0,0,0,0,0,0,0,0,0,0,0,0,0,0,169,0,0,0,0,0,0,0,0,0,0,0,0,0,0,0,0,0,0,0,0,0,0,0,0,0,0,0,0,0,0,0,0,0,0,0,0,0,0,0,0,0,0,0,0,0,0,0,0,0,0,0,0,0,0,0,0,0,0,0,0,0,0,0,0,0,0,0,0,0,0,0,0,0,0,0,0,0,0,0,0,0,0,0,0,0,2,0,0,0,0,0,0,0,0,0,0,0,0,0,0,0,0,0,0,0,0,0,0,0,0,0,0,0,0,0,0,0,0,4222,0,0,0,0,0,0,0,0,0,0,0,0,0,0,0,0,0,0,0,0,0,0,0,0,0,0,0,0,0,0,0,0,0,0,0,0,0,0,0,0,0,0,0,0,0,0,0,0,0,0,0,0,0,0,0,0,0,0,0,0,0,0,0,0,0,0,0,0,0,0,0,0,0,0,0,23,0,0,0,0,0,0,0,0,0,0,0,0,0,0,0,0,0,0,0,0,0,0,0,0,0,0,0,0,0,0,0,0,0,0,0,0,0,0,0,151,25,0,0,0,0,0,0,0,0,0,0,0,0,0,0,0,0,0,0,0,0,0,0,0,0,0,0,0,0,0,0,0,0,0,0,0,0,0,0,0,0,0,0,0,0,0,0,0,0,0,0,0,0,0,0,0,0,0,0,0,0,0,0,0,0,0,0,0,0,0,0,0,0,0,0,0,0,0,0,0,0,0,0,0,0,0,0,0,0,0,0,0,0,0,0,0,0,0,0,0,0,0,0,0,0,0,0,0,0,0,0,0,0,0,0,0,0,0,0,0,0,0,0,0,0,0,0,0,0,0,0,0,0,0,0,0,0,0,0,0,0,0,0,0,0,0,0,0,0,0,0,0,0,0,0,0,0,0,0,0,0,0,0,0,0,0,0,0,0,0,0,0,0,0,0,0,0,0,0,0,0,0,0,0,0,0,0,0,0,0,0,0,0,0,0,0,0,0,0,0,0,36,0,0,0,0,0,0,0,0,0,0,0,0,0,0,0,0,0,0,0,0,0,0,0,0,0,0,0,0,0,0,0,0,0,0,0,0,0,0,0,0,0,0,0,0,0,0,0,0,0,0,0,0,0,0,0,0,0,0,0,0,0,0,0,0,0,0,0,0,0,0,0,0,0,0,0,0,0,0,0,0,0,0,0,0,0,0,0,32,0,0,0,0,0,0,0,0,0,0,0,23,0,0
"D433",0,0,8,0,0,0,1,7,0,12,0,0,2,3,0,3,1,2,12,0,0,0,0,4,0,0,3,0,0,3,89,0,10,0,0,3,1,0,0,0,2,0,0,42,2,2,21,3,22,0,0,55,0,7,0,0,0,0,0,0,0,0,6,2,84,1,7,0,0,0,11,9,90,0,0,0,2,25,0,0,467,0,0,0,3,46,25,15,0,54,8,0,2,99,49,0,12,0,65,2,10,7,530,9,0,0,0,0,0,0,2,0,0,0,8,0,0,0,93,0,0,83,0,0,0,0,2,754,6,0,0,0,0,0,0,0,0,65,0,0,6,2,0,115,21,0,0,3,8,0,0,0,0,1,0,8,251,2,3,0,0,0,0,0,0,0,0,3,75,0,8,95,7,23,2,0,0,4,0,0,0,0,0,29,1115,2,2,0,0,8,0,0,2,38,0,0,5,0,0,0,0,33,3,0,0,0,0,2,2,9,0,0,0,2,0,0,0,0,0,0,1,0,0,0,0,0,0,0,0,0,45,1,167,9,16,0,0,0,0,0,2,0,0,93,88,0,0,0,18,0,2,0,0,10,4,0,0,2,0,0,3,0,0,2,0,19,0,22,0,0,0,0,0,0,4,0,0,0,0,2,25,1,3,0,0,0,0,36,0,1,0,0,0,0,211,0,0,0,1,19,0,0,5,0,12,0,46,0,5,0,0,0,0,0,3,0,0,0,0,7,0,0,0,0,0,0,0,0,0,2,46,1,15,0,0,0,0,0,19,34,0,0,5,0,0,2,6,0,1,0,0,0,10,0,0,0,0,0,0,4,34,0,22,4,4,0,0,0,2,0,1,0,0,27,0,0,0,34,0,0,0,0,3,156,1,0,0,0,47,18,6,12,0,8,0,0,10,4,267,103,121,3,1,115,0,0,3,2,0,0,0,0,4,0,0,956,5,0,27,2,0,2,6,0,8,0,1,0,3,0,0,0,1039,3,235,10,18,1,0,0,0,0,471,3,4,1,10,0,19,0,0,0,0,0,0,8,46,2,4,0,0,0,0,8,6,0,0,0,0,0,0,0,0,0,0,0,688,4362,5,0,0,0,2,1,19,67,1,0,16,0,69,1,0,0,24,0,0,25,13,2,21,0,0,0,53,14,0,0,0,0,0,0,0,5,443,0,3,1,3,0,0,90,0,0,0,0,0,0,26,17,0,3,0,7,0,0,0,0,0,0,0,2,21,9,0,0,4,0,20,1333,3,0,0,712,4,7,0,7,0,8,0,0,0,2,2,0,42,0,0,6,8,20,2,0,0,14,0,2,0,76,2,0,17,0,0,150,4,0,0,1019,24,16,6,2,11,0,0,4,0,0,0,0,0
"D434",7,0,0,0,0,11,0,0,6,0,0,0,0,0,0,0,0,0,0,0,75,0,0,0,0,0,0,0,0,0,0,14,2,0,4,0,0,0,0,0,0,13,0,0,0,0,0,0,0,0,3,0,33,0,7,0,0,0,0,0,0,0,0,135,0,0,0,0,0,5,0,0,0,0,0,0,0,0,0,0,0,0,365,0,0,0,0,0,0,0,0,0,0,0,0,0,0,0,0,0,0,0,0,6,0,0,0,0,0,0,321,7,0,0,0,12,0,0,0,10,0,0,0,0,0,0,0,0,0,5,0,0,7,0,0,0,0,0,0,0,0,0,0,0,0,0,0,0,0,0,24,0,0,0,0,0,0,0,0,0,0,0,0,0,3,0,5,0,0,0,0,0,0,67,0,0,11,0,0,0,0,0,0,0,0,0,18,0,0,0,0,0,0,0,0,0,0,0,0,0,0,0,0,0,0,0,0,0,0,0,4,0,0,15,20,0,0,0,0,0,0,0,0,13,0,0,0,0,0,0,0,0,0,0,0,0,0,0,0,0,0,0,0,0,0,0,0,0,0,0,0,0,0,0,0,0,22,0,17,0,0,28,0,0,0,0,0,0,0,0,0,0,4867,0,0,0,0,0,0,0,0,0,0,0,0,4,32,0,0,0,0,18,0,0,0,0,0,0,0,0,0,0,0,0,0,7,0,0,0,0,0,0,0,0,0,0,0,0,15,0,0,0,0,0,0,0,46,0,0,0,0,0,0,0,0,0,0,0,0,0,0,0,26,0,8,0,0,0,41,0,0,0,0,0,0,0,7,0,0,0,0,0,0,0,0,4,0,0,0,14,20,0,0,0,0,0,0,0,0,0,13,0,0,0,0,0,0,0,0,0,0,0,0,0,0,0,0,0,0,0,0,0,0,0,0,0,0,0,0,0,0,0,0,0,0,0,0,0,0,0,0,0,0,0,0,0,0,0,0,3,0,0,0,0,0,0,0,0,0,0,104,0,0,0,0,0,0,0,0,0,387,0,0,0,0,0,0,0,0,0,22,0,0,0,59,0,0,0,0,0,0,1340,0,6,0,5,0,0,0,1,0,0,2,0,0,0,0,0,0,0,0,0,0,0,0,0,29,0,0,0,0,0,17,0,0,0,0,0,0,0,0,0,0,0,0,0,0,0,0,0,0,0,3,0,1433,0,0,0,0,0,0,0,0,0,45,0,0,0,21,0,0,0,0,0,0,0,0,0,0,0,0,0,0,0,0,0,0,0,0,0,0,0,0,0,0,0,0,0,0,51,0,0,0,0,0,0,0,0,0,0,2,0,0,0,0,0,0,0,0,0,0,0,0,0,0,0,0,5,0,0,0,0,0
"D435",0,0,0,0,0,0,0,0,0,0,0,0,0,0,13,2,0,0,0,0,1,0,0,0,0,0,0,140,0,0,0,0,0,0,0,0,0,0,0,0,0,0,0,0,0,66,0,0,0,0,0,67,0,1,0,0,0,0,0,0,0,0,0,0,0,0,8,1329,0,0,0,0,0,0,0,0,0,0,0,0,0,0,0,0,0,0,0,0,0,0,0,0,0,11,0,0,0,28,16,0,9,0,0,0,0,0,0,0,0,0,0,0,0,0,0,23,0,0,0,0,0,244,0,0,0,0,0,0,0,0,0,0,0,0,0,0,0,0,0,0,0,0,0,0,29,0,0,0,0,0,0,0,0,3,0,0,0,0,0,0,0,0,0,0,0,0,0,0,0,0,0,21,0,313,0,0,3,0,0,0,0,0,0,0,0,0,0,0,0,0,0,6,0,0,0,0,0,0,0,0,0,0,0,0,0,0,2,0,0,0,0,0,2,0,205,0,0,0,0,0,6,0,0,0,0,0,0,0,0,0,0,0,0,0,0,148,0,0,0,0,0,0,0,0,0,0,0,0,0,85,0,0,0,20,0,0,2,0,0,0,0,0,0,0,0,0,0,0,0,0,0,0,0,0,0,15,0,0,0,0,0,0,0,0,0,0,0,0,0,7,0,0,0,0,0,0,0,0,0,42,0,40,0,0,243,0,0,0,0,0,0,0,0,0,0,0,0,0,0,0,0,0,0,0,0,0,0,0,0,0,0,0,437,0,0,0,0,0,0,0,0,0,96,0,0,0,309,0,94,0,0,0,0,0,0,0,0,0,0,0,0,15,12,0,0,0,0,0,0,0,0,0,0,0,0,0,0,0,0,0,327,0,0,0,0,0,0,6,0,0,0,0,0,0,0,0,0,8,0,0,0,0,0,0,0,0,0,0,0,0,0,0,0,0,0,0,0,0,32,0,0,0,0,0,0,0,0,0,0,0,0,0,0,0,0,0,34,0,0,0,0,0,0,0,0,0,42,0,0,0,0,0,0,0,0,0,2,0,0,0,0,0,0,0,126,0,0,0,0,0,0,0,0,0,0,0,0,0,0,0,0,0,0,0,0,0,0,0,2,0,192,0,0,0,5,105,0,0,0,0,0,0,0,0,0,0,0,1,0,198,0,0,0,0,0,0,0,0,0,0,0,0,0,0,0,0,0,0,0,0,0,0,0,0,0,0,0,0,0,0,0,0,0,0,0,0,0,0,0,0,0,2,0,0,124,0,0,0,94,0,0,0,0,0,0,0,0,0,0,0,0,0,0,0,0,0,0,0,15,0,0,0,0,0,0,0,0,0,0,0,0,154,0,0,0,0,2,0,0,0,0,0,0
"D436",0,0,0,0,0,0,0,0,0,0,0,0,0,0,0,0,0,0,0,0,0,0,0,0,0,0,0,0,0,0,0,0,0,0,0,0,0,0,0,0,0,0,0,0,0,0,0,0,0,0,0,0,0,0,0,0,0,0,0,0,0,0,0,0,0,0,0,0,0,0,0,0,0,0,0,0,0,0,0,0,0,0,0,0,0,0,0,0,0,0,0,0,0,0,0,0,0,0,0,0,0,0,0,0,0,0,8,0,0,0,0,0,0,0,0,0,0,0,0,0,0,0,0,0,0,0,0,0,0,0,0,0,0,0,0,0,0,0,0,0,0,0,0,0,0,0,0,0,0,0,0,0,0,0,0,0,0,0,0,0,0,0,0,0,0,0,0,0,0,0,0,0,0,0,0,0,0,0,0,0,0,0,0,0,0,0,0,0,0,0,0,0,0,0,0,0,0,0,0,0,0,0,0,0,0,0,0,0,0,0,0,0,0,0,0,0,0,0,0,0,0,0,0,4,0,0,0,0,0,0,0,0,0,0,0,0,0,0,0,0,0,0,0,0,0,0,0,0,0,0,0,0,0,0,0,0,0,0,0,0,0,0,0,0,0,0,0,0,0,0,0,0,0,0,0,0,0,0,0,0,0,0,0,0,0,0,0,0,0,0,0,0,0,0,0,0,0,0,0,0,0,0,0,0,0,0,0,0,0,0,0,0,0,0,0,0,0,0,0,0,0,0,0,0,0,0,0,0,0,0,0,0,0,0,0,0,0,0,0,0,0,0,0,0,0,0,0,0,0,0,0,0,0,0,0,0,0,0,0,0,0,0,0,0,0,0,0,0,0,0,0,0,0,0,0,0,0,0,0,2,0,0,0,0,0,0,0,0,0,0,0,0,0,0,0,0,0,0,0,0,0,0,0,0,0,0,0,0,0,0,0,0,0,0,0,0,0,0,0,0,0,0,0,0,0,0,0,0,0,0,0,0,0,0,0,0,0,0,0,0,0,0,0,0,0,0,0,0,0,0,0,0,0,0,0,0,0,0,0,0,0,0,0,0,0,0,0,0,0,0,0,0,0,0,0,0,0,0,0,0,0,0,0,0,0,0,0,0,0,0,0,0,0,0,0,0,0,0,0,0,0,0,0,0,0,0,0,0,0,0,0,0,0,0,0,0,0,0,0,0,0,0,0,0,0,0,0,0,0,0,0,0,0,0,0,0,0,0,0,0,0,0,0,0,0,0,0,0,0,0,0,0,0,0,0,0,0,0,0,0,0,0,0,0,0,0,0,0,0,0,0,0,0,0,0,0,0,0,414,0,0,0,0,0,0,0,0,0,0,0,0,0,0,0,0,0,0,0,0,0,0,0,0
"D437",0,0,0,0,0,0,0,0,0,0,0,0,21,0,0,0,0,0,18,0,57,0,0,0,0,0,0,0,0,0,0,0,0,0,0,0,1,0,0,0,0,2,0,0,0,0,0,0,0,0,8,479,0,0,0,0,0,317,292,0,0,0,0,0,57,0,0,0,0,0,0,0,0,0,0,0,0,0,0,0,1,0,0,0,0,1,0,0,0,0,0,0,0,0,0,0,0,0,0,0,0,0,11,0,0,0,0,0,0,0,3,0,0,0,0,2,0,0,0,0,0,0,0,0,0,0,0,0,0,0,0,0,0,0,0,0,0,0,0,0,0,0,0,0,0,0,0,0,0,526,0,0,0,0,0,0,0,0,0,0,0,0,0,2,0,0,0,0,0,0,0,0,0,2,0,0,0,0,0,0,0,0,15662,0,0,0,0,0,0,0,0,0,0,0,0,0,0,0,0,0,0,0,0,0,0,0,0,0,0,0,0,0,0,0,0,0,0,0,0,0,0,0,0,0,0,0,0,0,0,0,0,0,0,0,0,0,0,0,0,0,0,0,0,0,0,0,0,0,3,0,0,0,0,0,0,0,0,0,0,0,0,0,0,0,0,0,0,4,0,0,0,0,0,0,0,0,0,0,0,0,2,0,0,0,0,0,0,0,0,0,0,31,0,0,0,0,0,0,0,0,0,0,0,0,0,0,0,0,0,0,0,0,0,0,0,0,3,0,0,0,0,0,0,0,0,0,0,0,0,0,0,0,0,0,0,0,0,0,7,17,0,0,0,0,0,0,0,0,0,0,0,0,0,0,0,0,0,0,0,0,8,0,2,0,0,0,0,0,3,0,0,0,0,0,0,0,0,0,0,0,0,0,0,0,0,0,0,0,0,0,7,0,0,0,0,0,0,0,0,1,0,0,1,0,0,0,0,0,0,0,0,0,0,0,0,0,0,0,0,0,0,1,0,0,0,0,0,0,0,0,0,6,7,0,10,0,0,0,0,5,0,0,2,0,0,0,8,0,0,0,0,0,0,0,0,0,0,0,0,0,0,0,0,0,0,0,0,0,0,0,0,0,0,0,0,0,13,0,0,0,0,0,0,0,0,0,0,0,0,0,0,0,0,0,0,0,167,0,23,0,0,0,0,0,0,0,0,0,0,0,0,0,0,2,0,0,0,0,0,0,0,0,0,0,0,0,0,0,0,0,0,0,0,0,0,0,0,0,0,0,0,0,3,0,0,0,0,0,0,14,0,0,0,0,0,0,0,0,0,0,0,0,0,0,0,0,0,0,0,0,0,0,0,0,0,0,0,0,0,0,0,0,0,0,0,0,2,0,5,6,23,0,0,0,0,0,0,0,0,0,0,0,0
"D438",0,0,0,0,0,0,0,0,0,1,0,0,1,0,0,2,0,0,0,0,0,0,0,0,0,0,54,0,0,0,5,0,6,33,0,0,0,0,0,0,0,0,0,0,0,0,0,0,0,0,0,4,0,0,9,0,0,0,0,0,0,0,0,0,130,0,0,0,0,0,0,347,51,0,0,0,0,0,1,0,1747,0,0,0,0,124,1,23,0,14,0,0,0,0,0,0,3,11,0,0,2,0,30,0,0,0,0,0,0,0,0,0,0,0,0,0,0,0,6,0,0,5,0,0,0,0,0,398,0,0,0,0,0,0,0,0,0,12,0,0,0,0,0,0,4,0,0,0,0,0,0,0,0,0,0,0,5,0,0,0,0,0,0,0,0,0,0,2,5,0,6,0,0,0,0,0,5,0,0,0,0,0,0,0,0,0,0,0,0,0,0,0,0,0,0,0,0,0,0,0,0,13,0,0,0,0,0,0,0,0,0,0,0,0,0,0,0,0,0,0,268,0,0,0,4,0,0,0,0,0,184,0,2,0,0,0,0,0,0,0,0,0,0,5,3,0,0,0,3,0,0,0,0,742,5,0,0,0,0,0,0,0,0,0,0,11,0,0,0,0,0,0,0,2,0,0,0,0,0,0,3,0,0,0,0,0,0,0,0,0,0,0,0,0,2,0,0,0,0,6,0,0,0,0,0,0,0,0,0,0,0,0,0,0,0,0,0,0,0,0,0,0,0,0,0,0,0,0,0,0,1,0,0,0,0,0,0,0,292,0,0,6,0,0,0,0,6,0,0,0,0,0,0,0,0,0,0,0,0,0,133,0,1,0,0,0,0,0,3,0,0,0,0,0,0,0,0,0,0,0,0,0,0,0,1306,0,0,0,0,0,0,0,0,0,0,0,0,0,0,2,12,0,0,47,0,0,3,0,0,0,0,0,0,0,0,12,0,0,0,0,0,0,0,0,0,0,0,0,0,0,0,0,32,7,18,0,17,0,0,0,0,0,51,0,0,0,27,0,0,330,0,0,0,0,0,141,2,0,0,0,0,0,0,0,1,0,0,0,0,0,0,0,0,500,0,0,48,75,0,0,0,0,0,0,0,10,0,0,0,0,0,0,0,0,0,0,0,0,94,0,4,0,0,0,23,0,0,0,0,0,0,0,0,0,4,0,0,0,0,0,0,0,0,0,0,0,0,0,0,0,0,0,0,0,0,0,0,0,0,0,0,0,1557,0,0,0,0,0,0,13,0,0,0,536,0,0,0,0,0,0,0,0,0,0,0,0,0,0,0,0,0,2,0,0,0,0,0,0,0,0,0,0,0,0,0,0,0,0,0,81,7,0,0,0,0,0,0,0,0,0,0,0,0
"D439",0,0,0,0,0,0,2,0,0,0,0,0,6,2,9,17,0,0,0,0,112,0,0,4,0,0,0,0,0,0,93,0,2,92,0,0,11,0,0,0,0,0,0,22,0,0,0,0,0,0,0,1,6,0,14,0,0,0,0,0,0,0,50,0,0,0,1,0,0,0,0,3,110,0,0,0,0,0,0,0,230,0,0,0,0,52,0,0,0,21,0,0,0,33,0,0,75,50,5,0,0,0,9,97,0,0,0,0,0,0,4,0,0,0,0,0,0,0,10,0,0,0,0,0,0,0,0,1520,7,0,0,0,0,0,0,0,0,22,0,0,19,0,0,0,0,0,0,6,0,1,0,0,0,10,0,0,84,0,0,0,0,0,0,0,0,0,0,0,0,0,33,0,10,3,0,0,2,0,0,0,0,0,0,0,175,0,0,0,0,0,0,0,0,82,0,0,0,0,0,0,0,415,0,0,0,0,0,0,0,0,0,0,0,0,0,0,0,0,0,0,0,0,1,0,143,0,0,0,0,0,0,0,0,2,0,0,0,0,0,0,0,0,0,0,0,0,0,0,14,0,0,0,0,0,0,0,0,0,0,0,0,0,0,0,0,0,0,0,0,0,0,0,0,0,0,7,0,0,0,0,8,0,13,0,0,0,2,3,58,160,0,0,0,0,271,0,0,0,5,0,0,0,0,0,5,0,7,0,0,0,0,0,0,0,0,0,0,0,0,0,0,0,0,0,0,0,0,0,0,0,0,0,0,0,0,0,0,0,6,0,9,35,7,0,0,0,4,0,0,0,0,0,9,0,0,0,0,0,0,0,31,0,7,0,0,0,0,0,0,0,0,0,0,16,0,0,0,0,0,2,0,0,0,6,0,1,0,0,0,0,0,0,0,0,0,0,0,0,0,0,0,0,0,0,0,0,0,0,0,0,0,0,0,0,0,4736,0,14,0,0,0,0,0,0,93,0,0,0,0,0,0,0,782,15,0,0,3,0,0,0,0,0,428,0,0,0,17,0,0,0,0,0,0,0,0,58,0,0,0,0,0,0,0,0,1,0,0,0,0,0,0,0,0,0,0,0,247,1724,0,0,0,0,0,0,0,0,0,0,0,0,5,0,0,16,0,0,0,19,33,0,46,0,0,0,0,24,0,0,0,0,0,0,0,0,76,0,0,0,2,0,0,9,0,0,0,0,2,0,0,0,0,0,0,5,4,0,0,0,0,0,0,0,3,0,0,0,0,0,20,464,0,0,0,181,0,0,0,0,0,9,0,0,0,0,0,0,0,0,0,21,0,0,0,0,0,3,0,0,0,14,0,0,138,0,0,12,0,0,0,14,0,2,0,2,0,13,0,0,0,8,3,0,0
"D440",0,0,0,0,0,0,0,0,0,0,0,0,0,0,0,0,0,0,0,0,0,0,0,0,0,860,0,0,0,0,0,0,0,0,0,0,0,0,0,0,0,627,0,0,0,0,0,0,0,0,0,0,0,0,0,0,0,0,0,0,0,0,0,0,0,0,0,0,0,0,0,0,0,10,0,0,0,0,0,0,0,0,0,0,0,0,0,0,0,0,0,0,0,0,0,0,0,0,0,0,0,0,0,0,0,162,0,0,0,0,0,0,0,0,0,0,0,5354,0,0,0,0,0,4,0,0,0,0,0,0,0,0,0,6,0,0,0,0,0,0,0,0,9,0,0,0,0,0,0,0,0,0,0,0,0,0,0,0,0,0,0,0,0,0,0,0,0,0,0,0,0,0,0,0,0,0,0,0,0,0,0,0,0,0,0,0,0,0,0,0,0,0,0,0,0,0,0,0,0,0,0,0,0,26,0,0,0,0,0,0,0,0,0,0,0,0,543,133,0,0,0,0,0,0,0,0,0,0,0,0,0,0,0,0,0,0,0,0,0,0,0,0,0,0,0,0,0,0,0,0,0,0,0,0,0,0,0,0,2468,1552,0,0,0,0,0,0,0,0,0,0,0,0,0,0,0,0,0,0,0,0,0,0,0,0,0,0,0,0,0,0,0,0,0,0,0,0,0,0,0,0,0,0,0,0,0,0,0,0,0,0,0,7129,0,0,0,0,0,0,0,0,0,0,0,0,0,0,0,0,0,0,0,0,0,0,0,0,0,0,0,0,0,0,0,0,0,0,0,0,0,0,0,0,0,0,0,722,0,0,535,0,0,0,0,0,0,0,0,0,0,0,0,0,0,0,0,0,0,0,0,0,0,0,0,0,0,0,0,0,0,0,0,0,0,0,0,0,0,0,0,0,0,0,0,0,0,0,0,0,0,0,1323,0,0,0,126,0,0,0,0,0,0,0,0,0,0,0,0,0,0,0,0,0,0,0,0,0,0,0,0,0,0,0,0,0,0,0,0,0,0,0,0,0,5,0,0,0,0,0,0,0,0,0,32,0,0,0,0,0,0,0,0,0,0,0,0,0,0,0,0,0,2539,0,0,0,0,0,0,0,0,0,0,0,0,0,0,0,0,0,0,0,0,253,0,0,0,0,0,0,0,0,0,0,0,0,0,0,0,0,0,0,0,0,0,0,0,0,0,0,0,0,0,0,0,0,0,0,0,0,0,0,0,0,0,0,0,0,0,0,0,0,0,0,0,0,0,0,0,0,0,0,646,0,0,0,0,0,0,0,0,0,0,0,0,0,0,0,0,0,0,0,0,0,0,0,0,0,0,0,0,0,0,0,0,0,0,0,0,0,0,0,0,0,10
"D441",6,0,0,0,3,5,3,0,3,0,0,0,2,0,0,0,0,0,0,0,12,0,3,0,0,0,0,0,0,0,0,6,57,0,0,0,0,0,0,0,0,0,0,0,0,0,0,0,0,0,4,0,0,0,0,0,0,2,294,0,0,1,0,0,3,0,3,0,0,0,0,0,0,0,0,0,0,0,0,0,0,0,530,0,0,0,0,0,2,0,0,0,0,8,0,0,0,3,40,0,0,0,0,1,0,0,3,2,0,0,2,0,0,0,0,17,0,0,0,4,0,0,0,0,0,0,0,0,0,0,0,0,17,0,0,0,0,0,0,6,0,0,0,0,0,1,0,10,0,0,53,0,4,4,0,0,0,0,0,0,0,2,6,0,12,0,4,0,0,0,0,0,0,153,3,0,119,0,0,0,0,0,0,0,0,0,0,17,0,0,0,12,0,0,0,0,0,4,0,0,0,0,0,0,0,0,9,2,0,0,0,0,0,4,2,0,0,0,0,0,0,0,0,22,0,0,0,0,0,0,0,0,0,8,0,7,0,0,0,0,0,0,2,0,0,0,0,0,0,0,0,0,0,11,0,6,0,0,3,0,0,73,0,0,0,0,0,0,0,0,0,0,0,2,0,6,0,0,0,0,3,0,37,369,0,10,79,0,0,3,0,15,0,0,0,0,0,0,0,0,0,6,0,0,33,0,0,0,0,0,0,0,0,0,0,0,0,0,28,0,0,0,2,0,0,0,2061,0,0,0,0,0,183,0,0,0,0,0,0,1,0,0,89,0,24,10,36,0,0,0,0,0,0,0,0,0,0,0,0,0,0,2,0,0,0,10,3,0,4,7,21,2,0,0,0,0,0,0,0,0,4,0,0,0,1,0,0,0,0,0,0,0,0,0,0,0,2,0,0,0,0,0,0,0,0,0,0,0,0,0,2,0,0,0,2,0,0,0,6,0,0,6,0,0,0,0,0,0,0,9,0,0,0,0,0,0,1,0,12,0,8,0,0,0,0,0,0,0,0,0,5,0,0,0,0,0,0,0,0,0,42,0,0,0,38,9,0,0,0,0,0,0,11,0,4,2,0,0,0,0,0,0,0,0,0,2,0,0,0,0,0,0,0,0,0,0,0,0,0,0,0,0,0,0,0,0,0,0,0,30,0,0,0,0,0,3,0,0,0,0,0,0,0,0,0,0,13,0,14,0,0,0,0,0,43,0,0,2,2,6,0,0,0,0,0,0,0,0,0,0,0,2,2,0,0,0,0,0,0,0,0,0,0,0,0,0,2,0,0,9,0,0,0,0,0,0,0,0,58,0,2,0,0,0,0,0,0,0,0,0,0,2,0,0,0,0,5,0,0,23,0,0,0
"D442",5,44,14,0,2,6,0,75,0,5,29,16,0,10,0,25,42,9,0,6,0,10,96,15,32,0,0,0,117,5,203,0,4,0,20,7,1,0,3,143,0,0,289,9,37,0,0,0,5,16,0,0,14,1,3,2,25,0,0,56,67,0,30,0,0,144,3,0,2,0,4,0,0,0,8,1,0,19,7,0,0,0,0,28,223,0,0,0,22,0,2,32,0,3,6,23,0,0,0,24,7,9,0,0,8,0,0,11,444,0,0,5,0,2,41,0,4,0,2,6,18,0,15,0,178,44,0,0,0,0,45,0,2,0,0,96,0,0,5,3,0,0,0,0,0,27,22,0,9,0,0,19,30,54,28,0,0,29,34,2,14,0,64,10,0,3,0,7,65,34,0,0,0,0,3,10,0,1,22,20,28,0,21,0,0,31,0,0,0,16,4,1,10,0,31,2,25,0,18,20,7,0,38,0,20,53,0,20,1,3,0,6,0,14,0,5,0,0,3,10,0,7,9,0,0,4522,0,221,22,0,1,0,4,0,0,0,26,0,20,6,0,0,0,0,0,0,1,103,0,0,23,0,19,5,0,1,0,50,0,0,8,0,0,65,0,3,37,27,3,1,0,60,0,0,24,0,92,79,0,0,186,0,5,8,3,0,0,0,0,0,0,0,0,25,135,0,23,26,0,2,16,4,131,54,13,0,0,0,100,5,19,0,23,12,21,0,0,33,0,2,0,29,7,14,0,13,0,9,7,0,0,226,33,83,14,50,7,176,0,0,0,0,5,251,0,36,0,44,0,14,20,192,84,0,6,0,16,8,0,30,0,0,0,59,6,0,23,0,0,6,2,0,3,0,210,0,47,22,104,0,0,203,0,0,0,0,309,0,12,0,139,2,26,6,2,0,0,9,0,0,0,0,0,0,35,0,0,0,0,5,0,49,11,2,0,0,110,18,0,0,7,0,5,0,2,9,0,133,3,0,0,0,0,0,0,2,0,0,0,0,1,27,0,36,55,0,0,134,0,0,0,3,0,131,0,0,2,0,7,46,1,170,0,13,3,0,0,0,6,14,8,2,3,2,56,0,0,0,7,0,0,36,0,6,37,0,12,0,11,137,0,2,3,6,0,0,0,4,0,51,0,0,0,26,0,309,181,0,23,6,2,10,1,27,0,5,0,9,9,23,8,0,24,7,0,0,5,14,32,57,8,217,0,11,0,96,0,17,0,0,0,1,0,6,44,20,5,0,35,0,22,3,12,0,0,4,161,8,2,250,0,0,26,2,28,5,74,0,0,0,3,0,0,74,34,0,13,0,20,0,0,2,0,6,0,0,0,42,0,0,43,0,2,4,832,6,0,0,5,0,0,2,0
"D443",0,0,0,680,0,0,13,0,0,0,0,0,0,0,0,0,0,0,0,0,7,0,0,0,0,9,0,0,0,0,0,0,0,0,0,0,0,0,0,0,0,0,0,0,0,0,0,0,0,0,10,0,14,0,6,0,0,0,0,0,0,0,0,34,0,0,0,0,0,3,0,0,0,0,0,0,0,0,0,0,0,5,0,0,0,0,0,0,0,0,0,0,0,0,0,0,0,0,0,0,0,0,0,0,0,120,0,0,0,0,1679,0,213,0,0,0,0,34,0,0,0,0,0,0,0,0,0,0,0,48,0,14,0,4,0,0,2641,0,0,0,0,12,4,0,0,0,0,0,0,2,0,0,0,0,0,10,0,0,0,0,0,0,0,0,2,0,0,0,0,0,0,0,0,0,0,0,0,0,0,0,0,0,0,7,0,0,0,8,0,0,0,0,0,0,0,0,0,0,0,0,0,0,0,0,0,0,0,0,0,0,0,0,0,0,0,0,110,16,0,0,0,0,0,94,0,0,0,0,0,0,0,0,0,10,0,0,0,0,0,0,0,0,0,0,0,3,0,0,0,0,0,0,0,0,0,0,0,0,902,2,0,10,0,0,0,0,0,0,0,0,0,0,0,0,0,0,0,0,0,0,0,11,0,0,0,3,0,0,0,0,0,0,0,0,0,0,0,0,0,11,0,2,0,0,0,4,0,0,0,0,0,2,0,0,0,0,0,0,0,0,0,0,0,0,0,0,0,0,0,0,0,0,10,0,0,0,0,0,0,0,0,0,6,0,0,0,3,0,0,0,0,0,0,0,0,13,0,0,0,0,0,0,0,0,0,0,0,0,0,0,6,0,0,0,0,0,0,0,0,37,0,0,0,0,0,3,0,0,0,0,0,0,0,0,0,0,0,0,0,0,0,0,0,0,0,0,0,0,1221,0,3,0,0,0,49,0,0,0,0,0,0,0,0,0,0,0,0,0,0,0,0,0,0,0,0,0,0,0,0,10,0,0,0,0,0,0,0,0,0,0,0,113,0,0,0,0,0,0,0,0,0,0,80,0,0,0,0,0,0,0,0,0,0,0,0,0,0,0,0,0,51,0,0,0,0,0,0,3,0,0,0,0,0,0,0,3,0,0,0,0,0,26,0,0,0,0,0,33,0,0,0,0,0,0,0,0,0,0,0,0,0,0,0,0,124,27,132,0,0,0,0,0,0,0,0,0,7,0,0,0,3104,0,0,0,0,0,0,0,0,0,0,0,0,0,0,0,0,0,0,0,4,0,0,0,0,0,0,0,2,0,0,0,0,0,0,0,0,0,0,0,0,0,0,0,0,0,0,0,14,0,0,0,0,0,0,0,0,0,0,0,18,0,9
"D444",0,0,0,0,0,0,0,0,0,0,0,0,0,0,0,0,0,0,0,0,12,0,0,0,0,0,0,0,0,0,0,0,0,0,0,0,0,0,0,0,0,0,0,0,0,0,0,0,0,0,3,409,0,0,0,0,0,0,3,0,0,0,0,0,3,0,0,0,0,0,0,0,0,0,0,0,0,0,0,0,2,0,0,0,0,2,0,0,0,0,0,0,0,0,0,0,0,0,0,0,0,0,6,0,0,0,0,0,0,0,0,0,0,0,0,0,0,0,0,0,0,0,0,0,0,0,0,0,0,0,0,0,0,0,0,0,0,0,0,0,0,0,0,0,0,0,0,0,0,26,0,0,0,0,0,0,3,0,0,0,0,0,0,0,0,0,0,0,0,0,0,0,0,0,0,0,0,0,0,0,0,0,834,0,0,0,0,0,0,0,0,0,0,0,0,0,0,0,0,0,0,0,0,0,0,0,0,0,0,0,0,0,0,0,0,0,0,0,0,0,0,0,0,0,0,0,0,0,0,0,0,0,0,0,0,0,0,0,0,0,0,0,0,0,0,0,0,0,0,0,0,0,0,0,0,0,0,0,0,0,0,0,0,0,0,0,0,0,0,0,0,0,0,0,0,0,0,0,0,0,0,0,0,0,0,0,0,0,0,0,0,0,0,0,0,0,0,0,0,0,0,0,0,0,0,0,0,0,0,0,0,0,0,0,0,0,0,0,0,0,0,0,0,0,0,0,0,0,0,0,0,0,0,0,0,0,0,0,3,0,0,0,0,0,0,0,0,0,0,0,0,0,0,0,0,0,0,0,0,0,0,0,0,0,0,0,0,0,0,0,0,0,0,0,0,0,0,0,0,0,0,0,0,0,0,0,0,0,0,0,0,0,0,0,0,0,0,0,0,0,0,0,0,0,0,0,0,0,0,0,0,0,0,0,0,0,0,0,0,0,0,0,2,0,0,0,0,0,0,0,0,0,0,0,2,0,0,0,0,0,0,0,4,0,0,0,0,0,0,0,0,0,0,0,0,0,0,0,0,0,0,0,0,0,0,0,0,0,0,0,0,0,0,0,0,0,8,0,0,0,0,0,0,0,0,0,0,0,0,0,0,0,0,0,0,0,0,0,0,0,0,0,0,0,0,0,0,0,0,0,0,0,0,0,0,0,0,0,0,0,0,0,0,0,0,0,0,0,0,0,0,0,0,0,0,0,0,0,0,0,0,0,0,0,0,0,0,0,0,11,0,0,0,0,0,0,0,0,0,0,0,0,0,0,0,0,0,0,0,0,0,0,0,0,0,0,0,0,0,0,0,0,0,0,0,0,0,0,0,0,0,0,0,0,0,0,0,0,0,0,0,0,0
"D445",0,0,0,0,1,0,0,0,0,0,0,0,0,0,0,0,0,0,0,0,3,0,0,0,0,0,24,0,0,0,0,0,0,0,0,0,0,0,0,0,0,0,0,4,0,4,0,0,0,0,0,1,0,0,0,0,0,0,12,0,0,0,5,2,8,0,3,0,0,0,0,70,33,0,0,0,0,0,0,0,0,9,0,0,0,62,0,12,0,111,0,0,0,0,45,0,32,2,0,0,0,0,17,0,0,0,0,0,4,0,0,0,0,0,0,0,0,0,5,0,0,0,0,0,0,0,0,2374,0,0,0,0,0,0,0,0,0,49,0,0,0,0,0,0,0,0,0,0,4,0,0,0,0,2,0,0,0,0,0,0,0,6,0,0,0,3,0,0,0,0,153,5,49,0,0,5,0,0,0,5,1,3,1,0,24,0,0,0,0,0,0,0,0,0,0,0,0,0,0,0,0,34,2,0,0,0,0,0,0,0,0,0,0,0,140,0,0,0,0,0,1,0,0,0,0,0,61,0,0,0,421,0,43,0,0,0,0,0,0,0,0,0,0,0,2,0,0,0,7,0,0,0,0,3,0,0,0,0,2,0,0,0,0,0,0,0,0,0,0,0,0,0,0,48,0,0,0,0,0,0,2,0,0,0,0,0,15,10,0,4,0,0,0,0,0,10,0,0,0,0,0,0,0,0,0,0,0,0,0,0,0,0,0,0,0,0,0,0,0,0,0,0,0,0,0,0,0,0,0,0,0,0,0,0,0,0,0,0,26,0,0,1,12,0,0,0,17,0,0,0,0,0,0,0,0,0,0,0,0,0,0,0,5,0,0,0,0,0,3077,1,0,0,0,0,0,0,0,0,0,0,0,0,0,0,0,0,0,0,0,0,2,0,0,0,0,0,0,1,0,0,0,0,11,0,0,0,30,0,0,0,0,0,0,0,0,0,0,0,0,0,0,0,4,0,175,0,0,0,0,3,0,17,12,0,8,0,6,0,2,3,0,0,42,0,0,0,69,0,0,0,3,0,0,0,0,0,0,0,0,0,0,0,0,0,0,2,2,0,0,0,0,0,0,0,0,0,12,0,0,0,0,0,0,0,0,0,0,0,0,0,0,0,0,0,0,0,4,2,0,0,5,0,7,0,0,0,0,0,0,0,0,0,0,0,68,0,0,0,0,0,0,0,0,0,0,0,0,0,0,0,0,0,0,0,0,0,0,0,0,0,0,0,215,0,0,0,0,0,0,47,0,0,0,0,0,0,0,0,0,0,0,0,0,0,0,3,0,0,0,2,0,0,0,0,0,0,0,0,0,0,0,0,0,0,0,0,100,0,0,295,6,2,0,0,0,0,6,0,0,0,0,0,0
"D446",0,0,0,0,0,0,0,0,0,0,0,0,0,0,0,0,0,0,0,0,0,0,0,0,0,0,0,0,307,0,0,0,0,0,0,0,0,0,0,0,0,0,4,0,0,0,0,0,0,20,0,2,0,0,0,0,0,0,0,0,0,0,0,0,0,0,0,0,12,0,0,0,0,0,0,101,112,0,0,0,0,0,0,0,0,0,0,0,0,0,0,0,0,0,0,0,0,0,0,35,0,0,0,0,0,0,0,0,0,0,0,0,0,0,7,2,0,0,0,0,0,0,2,0,11,31,0,0,0,0,0,0,0,0,0,4,0,0,0,0,0,0,0,0,0,0,0,0,0,0,0,0,0,2,6,0,0,1,4,1412,0,0,0,0,0,0,0,45,0,2,0,0,0,0,0,0,0,0,0,9,0,0,0,0,0,0,0,0,9,13,0,0,0,0,0,18,0,0,0,0,0,0,0,0,32,0,0,0,0,0,0,0,0,393,0,0,0,0,0,0,0,0,0,0,0,54,0,8,0,0,0,6,0,40,1,0,0,9,0,0,0,0,0,0,0,0,0,0,0,0,2,0,1,0,0,0,0,0,0,0,88,0,7,0,3,0,0,2,0,0,0,4,0,0,0,0,0,0,0,0,180,0,0,0,0,0,0,0,0,0,32,0,0,0,0,0,0,0,0,0,0,0,2,2,0,0,0,0,0,0,37,0,1,0,0,0,0,0,0,0,296,0,0,302,2,0,0,0,26,0,0,0,0,0,0,0,0,19,0,0,20,0,0,0,0,0,0,0,0,0,2,7,0,0,0,0,0,19,0,0,0,0,0,0,0,0,0,0,0,0,0,0,14,0,0,0,2,2,0,0,0,2,0,0,0,0,27,0,2,0,0,0,0,0,0,0,0,0,0,0,0,0,0,0,5,0,0,0,0,0,0,11,0,0,0,0,0,0,0,0,0,0,0,0,0,18,0,0,0,0,0,0,0,0,0,0,0,0,0,0,0,0,0,0,0,0,0,11,0,0,0,0,0,0,0,0,0,4,0,0,0,0,0,0,0,0,0,0,1,13,0,0,0,0,5,0,0,0,0,0,0,4,0,0,0,6,0,0,0,0,0,0,3,0,0,0,0,0,0,3,0,0,0,3,0,631,0,0,2,0,2,0,0,19,0,0,0,0,0,2,7,0,0,525,0,0,0,3,0,0,0,0,37,0,0,0,0,9,0,0,0,0,0,0,0,0,0,0,7,0,0,0,0,0,0,0,0,0,0,4,0,0,39,0,0,0,20,0,0,0,0,0,2,10,0,0,0,0,149,0,0,0,0,0,0,0,0,0,0,0,0,0,0,0,75,0,0,0,6,0,17,0,0
"D447",0,0,0,0,0,0,2058,0,0,0,0,0,0,0,0,0,0,0,0,0,0,0,0,0,0,0,0,0,0,0,0,0,0,0,0,0,0,0,0,0,0,0,0,0,0,0,0,0,0,0,0,0,0,0,0,0,0,0,0,0,0,0,0,0,0,0,0,2829,0,120,0,0,0,0,0,0,0,0,0,0,0,0,0,0,0,0,0,0,0,0,0,0,0,0,0,0,0,0,0,0,0,0,0,0,0,0,0,0,0,0,0,0,0,0,0,0,0,0,0,0,0,0,0,0,0,0,0,0,0,0,0,0,0,0,0,0,0,0,0,0,0,0,0,0,0,0,0,0,0,0,10,0,0,0,0,0,0,0,0,0,0,0,0,0,24,0,0,0,0,0,0,0,0,0,0,0,0,0,0,0,0,0,0,134,0,0,0,0,0,0,0,0,0,0,0,0,0,0,0,0,0,0,0,0,0,0,0,0,0,0,0,0,0,0,0,0,0,0,0,0,0,0,0,0,0,0,0,0,0,0,0,0,0,20,0,0,0,0,0,0,0,0,0,0,0,0,0,0,0,0,0,0,0,0,0,0,307,0,0,0,0,0,0,0,0,0,0,0,0,0,0,0,0,0,0,2,0,0,0,0,0,0,0,0,0,0,2,0,0,0,0,0,0,0,0,0,0,0,0,0,0,0,0,0,0,0,0,0,0,0,0,0,0,0,0,0,0,0,0,0,0,0,0,0,0,0,0,0,0,0,0,0,0,0,0,0,0,0,0,0,0,0,5,0,0,0,1,0,3,0,0,0,0,0,0,0,0,0,0,0,0,0,0,0,0,0,0,0,0,0,0,0,0,0,0,0,0,0,0,0,0,0,0,0,0,0,0,0,0,0,0,0,0,0,0,0,0,0,0,0,0,0,0,0,0,0,0,0,0,0,0,0,0,0,0,0,0,0,0,0,0,0,0,0,0,0,0,0,0,0,0,0,0,0,0,0,0,0,0,0,0,0,0,0,0,0,0,0,0,0,6,35,0,0,0,0,0,0,0,0,0,0,0,0,0,0,0,0,0,0,0,8,0,0,0,0,0,0,0,0,0,0,0,0,0,0,0,0,0,0,0,0,0,0,0,0,0,0,0,0,0,0,0,0,0,0,0,0,0,0,0,0,0,0,0,2,0,0,0,0,0,0,0,0,35,0,0,0,0,0,0,0,0,0,0,0,0,0,0,0,0,0,0,0,0,0,0,0,0,0,0,0,0,0,0,0,0,0,0,0,0,5,0,0,0,0,0,0,0,0,0,0,0,0,0,0,0,0,647,0,0,0,0,0,0,0,0,0,0,0,0,0,0,0,0,0,0,0,0,0,18,0,0
"D448",0,7,0,152,0,0,0,5,9,0,0,0,0,0,0,0,0,0,0,0,36,0,0,0,0,386,0,0,0,0,0,0,0,0,0,0,0,0,0,0,0,0,0,0,0,0,0,0,0,0,0,0,0,0,0,0,0,4,0,3,0,0,0,349,0,0,0,0,0,6,0,0,0,283,0,0,0,0,0,0,0,6,6,0,0,0,58,0,0,0,0,0,0,0,0,0,0,0,0,0,0,0,0,0,0,1499,6,0,0,0,860,0,39,0,0,0,0,718,0,1,0,0,0,6,0,0,0,0,0,0,7,246,0,0,0,0,27,0,0,8,0,19,67,0,0,1,0,0,0,2,0,0,0,0,0,520,0,0,0,0,0,0,0,0,7,0,229,0,0,0,0,0,0,0,0,0,0,0,0,0,0,0,0,0,0,0,0,11,0,0,0,0,0,0,0,0,0,0,0,0,7,0,0,29,0,0,0,0,0,0,0,0,0,0,0,0,0,231,0,0,0,0,0,0,0,0,0,0,0,0,0,0,0,275,0,0,60,0,0,0,0,11,2,0,0,19,0,0,0,0,0,0,0,0,0,0,0,0,9606,19,0,14,0,0,0,0,0,0,0,0,0,10,57,0,0,45,0,0,0,0,8,8,0,0,0,0,0,0,0,0,0,4,0,0,0,0,0,0,3,0,0,0,0,0,0,15,0,0,0,0,0,23,0,0,0,17,0,0,5,0,8,0,0,0,0,0,0,0,0,0,0,0,0,0,0,0,0,0,0,0,0,0,18,0,0,0,6,0,0,0,0,0,0,0,0,65,0,0,8,0,0,12,0,0,0,0,0,0,0,6,4,0,0,4,0,0,0,0,0,33,42,0,0,0,0,104,0,0,0,0,0,0,0,0,8,0,0,0,0,0,0,0,0,0,0,0,0,0,38,0,241,0,0,0,1404,0,0,0,0,0,0,0,0,0,0,0,0,0,0,0,0,0,0,0,0,0,10,2,0,0,6,0,0,0,0,0,0,0,0,0,0,105,34,0,0,0,0,0,0,7,10,0,148,0,20,10,0,0,0,0,0,0,9,0,0,0,0,0,0,1,178,0,5,0,0,7,0,0,0,0,0,0,0,0,0,69,0,0,0,0,0,4,0,0,0,0,0,0,0,0,0,0,0,0,0,0,0,0,0,0,4,0,0,0,0,8,19,0,0,0,0,0,0,0,0,0,996,0,0,4,961,0,0,0,0,0,0,0,0,0,0,0,0,0,0,0,0,0,0,0,6,0,0,0,0,0,0,0,50,22,0,0,0,0,0,0,0,0,0,0,0,0,0,0,0,0,0,0,62,0,0,0,0,0,11,0,0,0,0,0,0,8,28
"D449",0,37,2,0,1,3,0,5,0,0,12,191,0,6,0,8,6,15,0,1,0,16,140,7,17,0,0,14,32,4,81,0,4,0,3,0,0,0,2,52,0,0,88,7,23,0,0,7,0,12,0,2,7,0,5,0,7,0,5,28,66,0,0,0,0,74,0,0,0,0,0,0,0,0,3,21,0,0,3,0,0,0,0,4,11,0,0,0,73,2,0,0,0,5,6,0,0,4,0,6,1,0,0,0,0,0,0,0,20,2,0,0,0,13,5,2,6,0,1,38,71,8,22,0,118,18,3,0,0,0,631,0,4,0,2,74,0,0,0,3,0,0,0,0,0,7,9,4,31,2,0,6,6,8,3,0,0,14,60,52,6,0,34,9,3,2,0,5,47,38,0,6,0,36,2,3,0,6,3,33,0,2,2,2,0,17,0,0,11,17,10,50,3,0,3,1,13,3,2,9,0,0,9,0,42,257,0,13,0,8,4,0,0,2,5,3,0,0,11,3,0,4,0,0,0,2933,0,107,1,2,0,0,4,0,1,3,3,496,22,2,0,0,0,0,8,5,4,80,0,0,21,0,37,4,0,2,0,19,0,0,32,0,0,153,0,2,24,0,3,0,0,12,3,4,17,10,3,7,0,6,157,0,1,3,2,2,4,0,8,6,13,0,0,63,227,0,6,11,0,187,38,0,25,9,81,0,0,12,65,0,0,0,18,4,7,0,0,14,0,0,16,10,5,40,2,3,0,6,0,29,3,54,0,22,11,23,55,68,0,9,8,0,4,323,0,61,3,23,0,6,35,45,51,0,0,0,0,4,0,0,0,11,0,44,0,0,1,0,0,9,0,6,0,0,142,0,25,0,57,0,0,88,0,0,0,0,373,0,9,0,81,0,15,0,0,110,0,2,0,0,0,0,0,0,31,6,0,0,0,4,0,77,13,0,0,0,0,4,3,5,6,0,8,9,0,12,4,326,0,0,11,0,0,0,0,17,1,0,0,0,0,0,0,66,225,0,2,69,0,3,49,0,0,371,3,0,0,0,0,70,3,43,0,8,100,0,2,0,3,60,0,0,0,17,66,0,0,0,0,0,0,38,0,5,52,0,11,0,0,43,0,0,0,0,0,4,0,4,0,72,0,0,0,10,0,397,295,0,4,16,0,5,0,8,0,0,0,6,2,11,4,0,31,58,0,0,142,0,41,6,2,79,2,1,0,19,0,0,0,4,0,4,0,6,0,0,12,1,24,0,6,0,13,0,0,3,24,11,0,93,0,0,10,3,12,0,67,0,0,3,3,0,0,19,13,0,34,1,463,3,0,0,6,0,23,0,0,28,0,0,8,0,0,19,146,4,0,0,3,3,61,4,0
"D450",18,539,1024,33,4,29,0,0,0,1,23,251,0,2,0,0,0,0,0,0,0,12,0,97,317,0,0,0,74,0,59,9,0,0,257,0,0,53,4,4,0,0,0,0,1,232,9,1,0,12,0,8,1182,13,10,0,0,69,3,0,217,0,40,0,0,0,15,0,58,53,0,0,0,0,0,410,0,110,8,47,0,17,16,30,0,0,0,0,299,0,2,2,0,0,0,21,0,0,0,100,45,0,0,0,15,0,0,569,240,0,0,8,0,17,31,0,0,0,2,302,0,194,0,0,60,1154,10,0,0,0,0,0,30,5,0,96,0,0,0,0,0,0,0,0,0,55,1,25,142,0,0,62,308,20,0,0,0,0,0,120,21,0,206,1,185,25,0,17,0,323,0,2,0,110,27,2,18,13,95,119,60,100,154,0,0,0,0,6,204,2,0,65,11,0,0,3,14,70,0,5,14,0,43,0,408,87,0,47,16,5,0,0,1,596,0,0,0,0,19,10,19,0,0,3,0,237,0,602,0,2,0,2,6,194,0,2,29,0,33,5,2,0,0,3,0,0,0,0,0,0,0,1,12,23,0,38,0,78,0,0,148,0,0,29,364,0,82,0,26,0,178,14,136,0,5,0,2,0,0,45,408,0,0,0,0,52,0,0,0,10,100,0,0,0,146,3,25,7,0,371,22,0,0,0,0,0,0,12,261,0,284,0,763,9,16,0,1,0,3,0,1914,0,61,0,18,0,0,0,24,1069,0,69,56,10,0,0,0,13,0,12,35,19,108,0,282,0,4,57,318,15,33,85,48,0,22,0,24,5,0,0,0,51,0,0,0,31,210,305,0,71,124,9,13,0,14,6,0,0,0,0,0,0,0,9,3,1,1334,0,4,0,139,0,78,0,0,3656,0,10,0,0,0,0,3,1,274,0,16,0,0,0,0,1419,0,0,0,0,0,33,0,0,5,16,0,4,0,16,0,971,3,8,0,0,0,0,0,0,5,0,0,0,101,2,0,0,35,20,0,76,0,0,71,0,0,0,81,0,22,57,0,4,6,0,0,0,91,11,0,2,0,83,122,5,7,0,200,0,0,0,0,0,0,6,0,89,0,0,0,0,0,0,0,0,5,0,3,4,0,7,0,0,0,0,0,0,0,670,0,0,6,0,32,52,0,0,0,0,10,88,162,9,58,0,197,0,0,0,13,0,9,0,6,0,314,10,0,0,0,57,0,64,0,3,0,0,0,5,26,0,30,0,5,9,5,0,0,9,33,0,0,1293,0,5,20,0,30,11,68,0,0,0,0,0,0,0,0,0,423,8,643,0,16,67,0,4,173,0,0,274,0,0,0,0,0,0,101,0,0,8,0,0,363,179,0
"D451",0,7,2,0,0,0,0,0,0,3,0,0,1,0,6,3,0,0,15,0,0,0,0,6,0,0,27,0,0,0,16,0,61,3167,0,0,0,0,0,0,0,0,0,18,0,0,13,2,0,0,0,0,1,2,14,0,4,0,0,0,0,0,15,0,654,0,1,0,0,0,5,4,9,0,0,0,0,60,0,0,53,0,0,0,0,174,0,62,0,6,2,0,0,1,34,0,0,0,0,4,37,10,80,7,5,0,0,5,0,0,0,0,0,2,0,0,0,0,8,34,0,49,0,0,6,16,0,771,0,0,0,0,3,0,0,0,0,18,2,0,2,0,0,3,10,0,2,6,12,0,0,0,0,8,0,0,14,0,0,0,0,0,0,0,0,0,0,4,13,0,0,5,10,1,0,3,0,0,0,42,4,2,0,0,16,0,0,0,0,0,0,0,9,0,0,0,2,11,0,0,0,0,7,0,2,0,21,0,0,11,2,0,0,27,0,0,0,0,0,0,14,0,2,0,0,0,2,1,0,0,0,5,27,0,0,0,0,0,1,0,0,0,0,0,16,0,0,2,10,0,0,0,6,29,27,0,0,0,0,0,0,0,0,0,20,6,0,0,0,0,6,0,0,14,13,0,0,3,0,0,19,0,13,0,0,0,0,5,0,12,0,0,0,0,5,1,4,0,0,33,0,1,4,0,10,0,5,4,8,0,36,0,2,0,8,0,0,0,0,2,0,0,2,0,2,0,0,0,0,0,1,0,7,0,0,0,0,0,1046,67,0,0,6,0,0,7,178,0,1,0,0,0,29,0,0,0,0,0,0,0,14,0,3,4,13,0,6,0,91,7,0,2,0,3,12,0,0,11,3,0,0,0,17,9,4,0,3,0,27,4,26,0,0,9,0,0,0,0,0,0,0,2,7,54,0,3,24,0,0,3,0,0,0,0,0,490,0,4,4,0,3,4,0,1,43,0,0,0,7,0,0,4,144,0,73,20,30,0,0,0,0,1,48,0,0,0,30,0,5,0,0,0,0,0,0,5,7,0,0,0,0,3,0,2,0,0,0,2,7,0,0,0,0,0,0,0,502,62,2,0,0,0,0,4,0,0,3,0,0,34,12,0,0,0,10,0,0,19,11,0,6,0,0,0,22,25,0,0,0,0,5,4,0,0,0,0,1,2,0,0,0,10,0,0,0,0,3,0,34,20,0,0,0,3,0,0,0,0,0,0,0,6,6,0,0,0,0,0,0,34,2,0,0,299,1864,4,0,0,0,9,0,3,18,2,3,0,31,0,3,3,0,0,0,4,0,0,2,18,0,0,0,0,0,0,0,0,10,1,0,116,13,34,5,0,35,0,0,116,0,0,0,0,0
"D452",0,0,0,0,0,0,35,0,0,0,0,0,0,26,0,0,38,0,0,0,0,3,18,0,0,18,0,0,0,0,0,0,0,255,0,0,0,0,0,0,5,1,0,0,7,0,0,0,29,0,0,0,3,0,0,0,0,0,0,0,0,1,61,0,0,0,0,680,0,0,0,0,0,0,0,0,0,0,11,0,0,0,0,0,57,0,0,0,0,0,0,0,0,0,0,0,0,0,0,0,0,0,0,0,0,32,0,0,0,0,8,0,0,0,0,0,0,51,0,0,0,0,0,0,0,0,0,0,26,0,0,30,0,0,0,29,0,0,0,0,0,43,0,0,0,0,0,0,0,27,0,0,0,0,0,24,0,0,0,0,0,0,0,0,0,0,1,0,0,0,0,0,0,0,0,0,0,0,0,0,0,0,0,1085,0,0,0,0,0,0,0,0,0,0,0,0,0,0,0,0,0,0,0,0,0,0,0,0,0,0,0,0,0,0,4,0,117,0,0,0,0,0,0,9,0,0,0,0,0,0,0,0,0,0,0,0,0,7,0,0,0,0,0,0,0,9,4,0,0,0,4,0,0,0,0,0,1,0,159,0,0,10,0,0,0,0,0,0,0,0,0,0,193,0,0,2,0,0,0,0,342,11,0,0,0,0,9,0,0,0,0,0,15,0,0,0,0,0,0,0,0,0,0,0,11,0,0,77,0,0,0,17,0,0,0,0,0,0,41,0,0,0,0,0,0,0,2,0,0,0,0,0,68,0,9,0,0,0,0,0,0,0,0,0,0,0,0,0,0,0,0,0,215,0,0,25,0,0,0,0,0,5,0,0,0,0,0,0,0,0,0,0,0,0,15,0,0,0,0,7,0,0,0,0,0,0,0,0,0,0,0,0,0,0,0,0,0,0,0,0,0,0,0,0,0,0,0,0,0,0,3,0,0,0,45,0,0,0,36,0,0,0,0,0,0,0,0,0,0,0,365,0,0,0,0,0,0,0,0,0,0,0,0,0,0,0,0,0,0,0,0,0,9,3,0,0,0,0,0,0,0,0,5,0,0,0,0,0,0,0,0,0,0,0,0,0,0,0,0,0,0,0,0,0,0,0,0,0,0,0,0,0,0,115,0,5,10,0,0,0,0,20,0,0,0,28,1,111,0,0,0,0,0,0,0,0,0,0,0,0,0,0,0,0,6224,0,0,0,0,0,0,82,0,0,0,0,25,0,0,0,18,0,0,0,0,0,0,0,55,0,0,0,66,0,0,0,0,38,0,0,0,0,0,0,0,0,0,46,54,0,0,0,0,0,45,0,0,0,34,2,0,0,0,0,0,0,0,0,0,0,0,0,0,1,0,4,36,0,0,0,0,0,43
"D453",0,0,0,0,0,0,0,0,0,0,0,0,0,0,0,0,0,0,0,0,0,0,0,0,0,2,0,0,0,0,0,0,0,0,0,0,0,0,0,0,0,0,0,0,0,0,0,0,0,0,0,0,0,0,0,0,0,0,0,0,0,0,0,0,0,0,0,0,0,0,0,0,0,0,0,0,0,0,0,0,0,0,0,0,0,0,0,0,0,0,0,0,0,0,0,0,0,0,0,0,0,0,0,0,0,0,0,0,0,0,0,0,0,0,0,0,0,0,0,0,0,0,0,0,0,0,0,0,0,0,0,0,0,0,0,0,0,0,0,0,0,0,0,0,0,0,0,0,0,0,0,0,0,0,0,0,0,0,0,0,0,0,0,0,0,0,0,0,0,0,0,0,0,0,0,0,0,0,0,0,0,0,0,0,0,0,0,0,0,0,0,0,0,0,0,0,0,0,0,0,0,0,0,0,0,0,0,0,0,0,0,0,0,0,0,0,0,0,0,0,0,0,0,0,0,0,0,0,0,0,0,0,0,0,0,0,0,0,0,0,0,0,0,0,0,0,0,0,0,0,0,0,0,0,0,0,0,0,0,0,0,10,0,0,0,0,0,0,0,0,0,0,0,0,0,0,0,0,0,0,0,0,0,0,0,0,0,0,0,0,0,0,0,0,0,0,0,0,0,0,0,0,0,0,0,0,0,0,0,0,0,0,0,0,0,0,0,0,0,0,0,0,0,0,0,0,0,0,0,0,0,0,0,0,0,0,0,0,0,0,0,0,0,0,0,0,0,0,0,0,0,0,0,0,0,0,0,0,0,0,0,0,0,0,0,0,0,0,0,0,0,0,0,0,0,0,0,0,0,0,0,0,0,0,0,0,0,0,0,0,0,0,0,0,0,0,0,0,0,0,0,0,0,0,0,0,0,0,0,0,0,0,0,0,0,0,0,0,0,0,0,0,0,0,0,0,0,0,0,0,0,0,0,0,0,0,0,0,0,0,0,0,0,0,0,0,0,0,0,0,0,5,0,0,0,0,0,0,0,0,0,0,0,0,0,0,0,0,0,0,0,0,0,0,0,0,0,0,0,0,0,0,0,0,0,0,0,0,0,0,0,0,0,0,0,0,0,0,0,0,0,0,0,0,0,0,0,0,0,0,0,0,0,0,0,0,0,0,0,0,0,0,0,0,1,0,0,0,0,0,0,0,0,0,0,0,0,0,0,0,0,0,0,0,0,0,0,0,0,0,0,0,0,0,0,0,0,0,0,0,0,0,0,0,0,0,0,0,0,0,0,0,0,0,0,0,0,0,0,0,0,0,0,0,0,0,0,0,0,0,0,0,0,0,0,0,0,0,0,0,0,0,0
"D454",0,6,10,0,0,0,0,5,0,11,0,0,8,3,3,20,173,1,11,5,1,0,2,12,0,0,0,5,0,0,82,0,22,0,0,0,0,4,2,14,0,0,1,10,0,9,6,0,19,0,0,65,5,8,12,0,0,0,0,8,0,0,28,0,215,3,44,0,0,0,8,0,0,0,0,0,4,42,0,0,0,0,0,0,50,9,6,10,0,3,5,12,2,21,24,0,0,6,0,29,42,2,0,4,0,0,0,7,28,0,0,17,0,0,8,0,0,0,15,0,0,108,2,0,15,3,2,1276,24,0,0,0,0,0,15,4,0,0,0,0,15,0,0,40,23,0,4,7,42,0,3,0,0,25,0,0,56,5,4,0,0,0,0,0,0,1,0,45,131,0,0,14,4,1,3,0,0,0,2,30,0,0,0,0,0,0,0,0,1,3,0,0,0,41,0,0,8,0,0,2,0,0,9,0,0,0,5,0,7,5,1,0,2,0,0,0,0,0,0,4,2,0,5,0,9,0,2,2,0,6,0,0,20,0,15,2,0,0,0,0,0,0,0,20,33,0,7,0,6,0,11,0,15,28,71,0,0,1,0,0,2,0,4,6,0,4,0,14,4,0,0,0,0,0,0,4,2,0,0,0,224,0,27,51,0,0,4,4,0,4,2,0,0,10,157,0,0,3,0,40,0,2,4,0,24,0,50,10,0,0,13,0,0,1,0,0,0,0,0,11,0,3,0,0,0,0,0,0,2,2,74,4,8,0,2,0,17,0,0,510,0,0,23,14,0,34,36,0,5,0,0,0,6,0,0,0,2,0,0,5,2,0,8,3,2,0,26,0,2,0,0,0,4,8,8,0,0,79,4,0,0,0,8,6,0,0,0,2,22,5,1,8,9,55,1,0,15,2,0,13,0,7,0,6,2,5,0,0,0,11,0,0,4,32,0,0,21,0,10,5,18,4,14,1,12,3,1,0,1,0,16,0,0,22,0,34,57,0,0,0,0,21,0,0,2,5,20,0,8,50,0,1,0,0,0,15,60,2,107,0,0,2,0,1,11,0,3,6,0,0,2,0,0,49,0,0,0,0,5,0,0,0,9,5,6,23,7,0,21,21,14,0,0,7,5,0,0,5,0,0,0,0,1,5,40,86,0,0,0,0,0,2,0,7,2,0,3,10,8,37,0,11,0,0,0,0,0,2,16,85,0,14,0,4,1,0,0,0,3,0,0,3,3,0,4,0,0,0,36,0,8,0,0,53,23,4,1,2,0,20,0,0,0,24,9,4,131,0,0,2,8,15,1,4,2,13,0,3,0,32,0,0,25,0,0,49,3,9,0,0,6,62,16,2,35,0,0,11,0,4,0,0,0
"D455",0,0,0,0,0,0,2,0,0,0,0,0,0,0,0,0,0,0,0,0,0,0,0,0,0,617,0,0,0,0,0,0,0,0,0,0,0,0,0,0,0,547,0,0,0,0,0,0,0,0,2,0,0,0,0,0,0,0,0,0,0,0,0,0,0,0,0,0,0,0,0,0,0,67,0,0,0,0,0,0,0,0,0,0,0,0,0,0,0,0,0,0,0,0,0,0,0,0,0,0,0,0,0,0,0,246,0,0,0,0,0,0,0,0,0,0,0,123,0,0,0,0,0,82,0,0,0,0,0,0,0,0,0,6,0,0,0,0,0,0,0,0,1803,0,0,0,0,0,0,0,0,0,0,0,0,0,0,0,0,0,0,0,0,0,0,0,0,0,0,0,0,0,0,0,0,0,0,0,0,0,0,0,0,0,0,0,0,0,0,0,0,0,0,0,0,0,0,0,0,0,0,0,0,80,0,0,0,0,0,0,0,0,0,0,0,0,0,0,0,0,0,0,0,0,0,0,0,0,0,0,0,0,0,0,0,0,0,0,0,0,0,2,0,0,0,0,0,0,0,0,0,0,0,0,0,0,0,0,8664,87,0,0,0,0,0,0,0,0,0,0,0,0,0,0,0,0,0,0,0,0,0,0,0,0,0,0,0,0,0,0,0,0,0,0,0,0,0,0,0,0,0,0,0,0,0,0,0,0,0,0,0,1624,0,0,0,0,0,0,0,0,0,0,0,0,0,0,0,0,0,0,0,0,0,0,0,0,0,0,0,0,0,0,0,0,0,0,0,0,0,0,0,0,0,0,0,1103,0,0,108,0,0,0,0,0,0,0,0,0,0,0,0,0,0,0,0,0,0,0,0,0,0,0,0,0,0,0,0,0,0,0,0,0,0,0,0,0,0,0,0,0,0,0,0,0,0,0,0,0,0,0,357,0,0,0,7,0,0,0,0,0,0,0,0,0,0,0,0,0,0,0,0,0,0,0,0,0,0,0,0,0,0,0,0,0,0,0,0,0,0,0,0,0,55,0,0,0,0,0,0,0,0,0,4,0,0,0,0,0,0,0,0,0,0,0,0,0,0,0,0,0,18521,0,0,0,0,0,0,0,0,0,0,0,0,0,0,0,0,0,0,0,0,820,0,0,0,0,0,0,0,0,0,0,0,0,0,0,0,0,0,0,0,0,0,0,0,0,0,0,0,0,0,0,0,0,0,0,0,0,0,0,2,0,0,0,0,0,0,0,0,0,0,0,0,0,0,0,0,0,0,0,0,0,0,0,0,0,0,0,0,0,0,0,0,0,0,0,0,0,0,0,0,0,0,0,0,0,0,0,0,0,0,0,0,0,0,0,0,0,0,0,0,0,5253
"D456",0,0,2,0,0,0,15,0,0,0,0,0,0,0,0,0,0,0,0,0,100,0,0,0,0,0,0,0,0,0,0,0,0,0,0,0,1,0,0,0,0,0,0,0,0,0,0,0,0,0,0,0,8,0,0,0,0,0,827,0,0,0,0,4,0,0,0,0,0,55,0,0,0,0,0,0,0,0,0,10,0,0,0,0,0,0,0,0,6,0,0,0,0,0,0,0,0,0,0,0,0,0,0,0,0,0,5,0,0,0,0,0,0,0,0,0,0,0,0,0,0,0,0,0,0,0,0,0,0,0,0,0,7,0,0,0,0,0,0,0,0,0,0,0,0,0,0,0,0,0,27,0,0,0,0,0,0,0,0,0,0,0,0,0,0,0,0,0,0,0,0,0,0,0,0,0,269,0,0,0,0,0,0,3,0,0,0,5,0,0,0,0,0,0,0,0,0,0,0,0,2,0,0,0,0,7,0,0,0,0,58,0,0,0,0,0,0,0,0,0,0,0,0,0,0,0,0,0,0,0,0,0,0,35,0,0,0,0,0,0,0,92,0,0,0,0,0,0,0,38,0,0,0,0,0,0,0,0,0,0,0,0,0,0,0,0,0,0,0,0,0,0,0,0,0,4,0,0,0,0,0,0,6,0,0,0,0,0,0,0,0,0,0,0,0,0,0,0,0,0,0,0,0,0,0,0,0,0,0,0,0,0,0,0,0,0,18,0,0,0,0,0,0,0,0,0,17,0,0,0,0,0,389,0,0,0,0,0,0,0,0,0,300,0,0,0,0,0,8878,0,0,0,0,0,0,0,0,0,0,0,0,0,0,0,0,0,2,0,0,0,0,0,0,0,0,0,0,0,0,14,0,0,0,0,0,0,0,0,0,0,0,0,0,0,0,2,0,0,0,0,0,0,0,0,0,0,0,0,0,0,0,0,0,0,0,0,0,0,0,0,0,0,0,0,0,0,0,0,0,0,0,0,0,0,0,0,0,2,0,0,0,0,0,0,0,0,0,0,0,0,0,29,0,0,0,0,0,0,0,0,1043,0,0,0,4580,0,0,0,0,0,0,0,5,0,0,1547,0,0,0,0,0,0,0,0,0,0,0,0,0,0,0,0,0,0,0,3,0,0,0,0,0,0,0,0,0,0,0,0,0,0,0,0,0,0,0,0,0,0,0,0,0,0,0,0,0,0,356,0,0,0,0,0,0,0,602,0,0,0,5,3,0,0,0,0,0,0,0,0,0,0,0,0,0,0,0,0,0,0,0,0,0,0,0,0,0,0,0,0,0,0,0,0,0,0,0,0,0,0,44,0,0,0,0,0,0,0,0,0,0,0,0,0,0,0,0,0,0,0,0,0,0,0,0
"D457",0,0,0,0,0,0,0,0,0,0,0,0,0,0,0,0,0,0,0,0,0,0,0,0,0,50,0,0,0,0,0,0,0,0,0,0,0,0,0,0,0,847,0,0,0,0,0,0,0,0,0,0,0,0,0,0,0,0,0,0,0,0,0,0,0,0,0,0,0,0,0,0,0,4,0,0,0,0,0,0,0,0,0,0,0,0,0,0,0,0,0,0,0,0,0,0,0,0,0,0,0,0,0,0,0,158,0,0,0,0,0,0,0,0,0,0,0,1197,0,0,0,0,0,13,0,0,0,0,0,0,0,0,0,5,0,0,0,0,0,0,0,0,59,0,0,0,0,0,0,0,0,0,0,0,0,0,0,0,0,0,0,0,0,0,0,0,0,0,0,0,0,0,0,0,0,0,0,0,0,0,0,0,0,0,0,0,0,0,0,0,0,0,0,0,0,0,0,0,0,0,0,0,0,3,0,0,0,0,0,0,0,0,0,0,0,0,322,649,0,0,0,0,0,0,0,0,0,0,0,0,0,0,0,0,0,0,0,0,0,0,0,0,0,0,0,0,0,0,0,0,0,0,0,0,0,0,0,0,740,13,0,0,0,0,0,0,0,0,0,0,0,0,0,0,0,0,0,0,0,0,0,0,0,0,0,0,0,0,0,0,0,0,0,0,0,0,0,0,0,0,0,0,0,0,0,0,0,0,0,0,0,270,0,0,0,0,0,0,0,0,0,0,0,0,0,0,0,0,0,0,0,0,0,0,0,0,0,0,0,0,0,0,0,0,0,0,0,0,0,0,0,0,0,0,0,108,0,0,12,0,0,0,0,0,0,0,0,0,0,0,0,0,0,0,0,0,0,0,0,0,0,0,0,0,0,0,0,0,0,0,0,0,0,0,0,0,0,0,0,0,0,0,0,0,0,0,0,0,0,0,370,0,0,0,5,0,0,0,0,0,0,0,0,0,0,0,0,0,0,0,0,0,0,0,0,0,0,0,0,0,0,0,0,0,0,0,0,0,0,0,0,0,16,0,0,0,0,0,0,0,0,0,0,0,0,0,0,0,0,0,0,0,0,0,0,0,0,0,0,0,0,0,0,0,0,0,0,0,0,0,0,0,0,0,0,0,0,0,0,0,0,316,0,0,0,0,0,0,0,0,0,0,0,0,0,0,0,0,0,0,0,0,0,0,0,0,0,0,0,0,0,0,0,0,0,0,192,0,0,0,0,0,0,0,0,0,0,0,0,0,0,0,0,0,0,0,0,0,0,0,73,0,0,0,0,0,0,0,0,0,0,0,0,0,0,0,0,0,0,0,0,0,0,0,0,0,0,0,10,0,0,0,0,0,0,0,0,0,0,0,0,0,4
"D458",0,0,0,9,0,0,0,0,0,0,0,0,0,0,0,0,0,0,0,0,15,0,0,0,0,99,0,0,0,0,0,0,0,228,0,0,0,0,0,0,0,0,0,0,0,0,0,0,0,0,0,0,5531,0,0,0,0,0,0,0,0,0,0,0,0,0,0,2197,0,0,0,0,0,0,0,0,0,0,0,0,0,0,0,0,0,0,0,0,0,0,0,0,0,0,0,0,0,0,0,0,0,0,0,0,0,6,0,0,0,0,8,0,0,0,0,0,0,14,0,0,0,0,0,0,0,0,0,0,0,0,0,80,0,43,0,0,2,0,0,0,0,29,41,0,0,0,0,0,0,37,0,0,0,0,0,0,0,0,0,0,0,0,0,0,0,0,0,0,0,0,0,0,0,0,0,0,0,0,0,0,0,0,0,2634,0,0,0,0,0,0,0,0,0,0,0,0,0,0,0,0,0,0,0,0,0,0,0,0,0,0,0,0,0,0,0,0,0,0,0,0,0,0,0,0,0,0,0,0,0,0,0,0,0,0,0,0,0,0,0,0,0,0,0,0,0,6,0,0,0,0,0,0,0,0,0,0,0,0,161,15,0,0,0,0,0,0,0,0,0,0,0,0,0,0,0,0,0,0,0,0,0,0,0,0,0,0,0,0,0,0,0,0,0,0,0,0,0,0,0,0,0,0,0,0,0,0,0,0,0,0,0,14,0,0,0,0,0,0,0,0,0,0,0,0,0,0,0,0,0,0,0,0,0,0,0,0,0,0,0,0,0,0,0,0,0,0,0,0,0,0,0,0,0,0,0,0,0,0,12,0,0,55,0,0,0,0,0,0,0,0,0,0,0,0,0,0,0,0,0,0,0,0,0,0,0,0,0,0,0,0,0,0,0,0,0,0,0,0,0,0,0,0,0,0,0,0,0,0,0,0,97,0,0,0,0,0,0,0,0,0,0,0,0,0,0,0,0,0,0,0,0,0,0,0,0,0,0,0,0,0,0,0,0,0,0,0,0,0,0,0,0,0,29,0,0,0,0,0,0,0,0,0,0,0,0,0,0,0,0,0,0,0,0,0,0,0,0,0,0,0,0,0,8114,0,0,0,0,0,0,0,0,0,0,0,0,0,0,0,0,0,0,22,0,0,0,0,0,0,0,0,0,0,0,0,0,0,0,0,0,0,0,0,0,0,515,0,0,0,0,0,0,0,0,0,0,0,0,0,0,0,0,0,0,0,0,0,0,0,0,0,0,0,0,0,0,0,0,0,0,0,60,0,0,0,0,0,0,203,20,0,0,0,0,0,0,0,0,0,0,0,0,0,0,0,0,0,0,0,11,0,0,0,0,0,0,0,0,0,0,0,0,0,0
"D459",0,0,0,0,0,0,0,0,0,0,0,0,0,0,0,0,0,0,0,0,0,0,0,0,0,0,6,0,0,0,7,0,0,13,0,0,0,0,0,0,0,0,0,0,0,0,0,0,0,0,0,0,0,0,0,0,0,0,0,0,0,0,0,0,0,0,0,0,0,0,0,12,2,0,2,0,0,0,0,0,4,0,0,0,0,26,0,0,0,77,0,0,0,0,0,0,4,3,0,0,0,0,15,0,0,0,0,0,41,0,0,0,0,0,0,0,0,0,13,0,0,0,0,0,0,0,0,18,0,0,0,0,0,0,0,0,0,8,0,0,0,0,0,0,0,0,0,0,0,0,0,0,0,0,0,0,0,0,0,0,0,0,0,0,0,0,0,0,0,0,7,0,0,0,0,0,0,0,0,0,3,0,3,0,25,0,0,0,0,0,0,0,0,0,0,0,0,0,0,0,0,19,0,0,0,2,0,0,0,0,0,0,0,0,0,0,0,0,0,0,0,0,0,26,0,0,5,0,0,0,1252,10,22,0,0,0,0,0,0,0,0,0,0,0,2,0,0,0,2,0,0,0,0,2,0,0,0,0,0,0,0,0,0,0,0,0,0,0,0,0,0,0,0,9,0,0,0,0,0,0,0,0,2,0,0,0,0,4,0,3,0,0,0,0,0,3,0,0,0,2,0,0,0,0,0,0,0,0,0,0,0,0,0,0,0,0,0,0,0,3,0,0,0,0,0,0,0,0,0,0,0,0,0,0,0,0,0,0,3,0,0,0,0,0,0,0,2,0,0,0,0,0,0,0,0,0,0,0,0,0,4,0,2,0,0,0,0,0,131,0,0,0,0,0,0,0,0,0,0,0,0,0,0,2,0,0,0,0,0,0,0,0,0,0,0,0,0,0,26,0,11,0,6,0,0,0,10,0,0,0,0,0,0,0,0,0,0,0,0,0,0,0,0,0,0,0,0,0,2,0,0,45,9,0,6,0,2,0,0,0,0,0,31,0,0,0,22,0,0,0,0,0,0,0,0,0,0,0,0,0,0,0,0,0,0,0,0,0,0,0,0,0,0,0,0,2,19,3,0,0,0,0,0,0,0,0,0,0,0,0,0,0,0,0,0,0,0,0,0,0,0,0,0,0,6,0,0,0,0,0,0,0,0,0,189,0,0,0,0,0,0,0,0,0,0,0,14,0,0,0,0,0,0,0,5,0,0,0,0,0,0,0,89,0,0,0,0,0,0,37,0,0,0,0,0,0,0,0,0,0,0,0,0,0,0,0,0,0,0,0,0,0,0,0,0,0,0,0,0,0,0,0,0,0,0,0,21,0,0,122,46,0,0,0,0,0,0,0,0,0,0,0,0
"D460",0,0,0,0,0,0,0,0,0,0,0,0,0,0,0,0,0,0,0,0,0,0,0,0,0,0,0,0,0,0,0,0,0,21,0,0,0,0,0,0,0,0,0,0,0,0,0,0,0,0,0,0,0,0,0,0,0,0,0,0,0,0,0,0,0,0,0,0,0,0,0,0,0,0,0,0,0,0,0,0,19,0,0,0,0,173,0,0,0,191,0,0,0,2,0,0,0,0,0,0,0,0,0,37,0,0,0,0,0,0,0,0,0,0,0,0,0,0,0,0,0,0,0,0,0,71,0,41,0,0,0,0,0,0,0,0,0,0,0,0,0,0,0,5,0,0,0,0,0,0,0,0,0,0,0,0,0,0,0,0,0,0,0,0,0,0,0,0,0,0,0,0,0,0,0,0,0,0,0,0,0,0,0,2,54,0,0,0,0,0,0,0,0,58,0,0,0,0,0,0,0,95,0,0,0,0,0,0,0,0,0,0,0,0,0,0,0,0,0,0,0,0,0,0,129,0,0,0,0,0,0,0,0,0,0,0,0,0,0,0,0,0,0,0,0,0,0,0,0,0,0,0,0,0,0,0,0,0,0,0,0,0,0,0,0,0,0,0,0,0,0,0,0,0,0,0,0,0,0,0,0,0,0,0,0,0,0,0,0,24,0,0,6,0,3,0,0,0,0,0,0,0,0,0,0,0,0,0,0,0,0,0,0,0,0,0,0,0,0,0,0,0,0,0,0,0,0,0,0,0,0,0,0,0,0,0,0,0,0,0,0,0,0,0,0,0,0,0,0,0,0,0,0,0,0,0,0,0,0,0,0,0,5,0,0,0,0,0,0,0,0,0,0,0,0,0,0,0,0,0,0,0,0,0,0,0,0,0,0,0,0,0,0,0,0,0,0,0,0,0,26,0,0,0,0,0,0,0,0,0,0,0,0,0,0,127,0,0,0,0,0,0,0,0,5,0,0,0,0,0,0,0,35,2,0,0,0,0,0,0,0,0,55,0,0,0,0,0,0,0,0,0,0,0,0,0,0,0,0,0,0,0,0,0,0,0,0,0,0,0,0,0,0,0,0,0,0,413,0,0,0,0,0,0,0,0,0,0,0,0,0,0,0,0,0,0,0,21,0,0,2,0,0,0,0,0,0,0,0,0,0,0,0,0,0,0,0,0,0,0,0,0,0,0,0,0,0,0,0,0,0,0,0,0,0,0,0,0,0,0,0,0,0,0,0,0,0,0,0,0,0,0,0,5,0,0,0,0,0,0,0,0,0,0,0,0,0,0,0,0,0,0,0,0,0,0,0,0,0,7,0,0,2,0,0,0,0,0,0,0,0,0,0,0,0,0,0,0,0,0,0,0,0
"D461",2,2,0,0,0,3,0,0,0,0,0,0,0,0,0,0,0,0,0,0,16,0,0,0,0,0,0,0,0,0,0,0,0,0,0,0,0,0,0,0,0,0,0,0,0,0,0,0,0,0,0,0,0,0,0,0,0,0,0,0,0,0,0,0,0,0,14,0,0,0,0,0,0,0,0,1,0,0,0,0,0,0,0,0,0,0,0,0,9,0,0,0,0,0,0,0,0,0,0,0,0,0,0,0,0,0,0,0,0,0,0,0,0,0,0,22,5,0,0,0,0,0,0,0,0,0,0,0,0,0,0,0,23,0,0,0,0,0,0,0,0,0,0,0,23,4,0,0,0,0,0,5,0,18,0,0,0,0,0,0,0,0,0,0,0,4,0,0,0,0,0,0,0,37,0,0,0,0,0,0,0,14,0,0,0,0,0,7,0,0,0,0,0,0,0,0,0,4,0,0,0,0,0,0,0,2,0,0,0,0,0,0,0,3,0,0,0,0,0,0,0,0,0,0,0,0,0,9,0,0,0,0,0,0,0,0,0,0,2,0,0,0,0,0,0,0,0,0,0,0,0,0,0,0,0,0,0,0,0,0,0,5,0,0,0,0,0,0,0,0,0,0,0,0,0,0,0,0,0,0,11,0,0,0,0,0,0,0,0,0,0,0,243,0,0,0,0,0,0,0,0,0,0,0,0,0,0,0,0,0,0,0,8,0,0,0,0,0,0,0,0,0,0,0,0,0,0,0,0,0,0,0,0,0,0,0,0,0,0,0,0,0,0,0,0,0,0,0,0,0,0,1,0,0,0,0,0,0,0,0,0,0,0,0,0,0,0,0,0,12,0,0,0,0,0,0,0,0,0,0,167,0,0,0,0,0,0,0,0,0,6,0,0,0,0,0,0,0,0,0,0,0,0,0,0,0,0,0,0,0,0,9,0,0,0,0,0,0,0,0,0,0,0,0,0,0,0,0,0,0,0,0,0,0,0,0,0,0,0,0,0,0,0,0,0,0,0,0,0,0,350,74,0,0,0,0,0,0,0,0,0,0,0,0,106,8,0,0,0,0,0,0,7,0,0,0,0,0,0,0,0,0,0,0,0,0,0,0,0,0,0,0,0,0,0,0,0,0,0,0,0,0,0,0,0,0,0,0,0,0,0,0,0,0,0,0,0,0,0,0,0,0,0,0,0,0,0,0,0,0,0,0,0,0,0,0,0,10,0,0,0,0,0,0,0,0,0,0,3,0,0,0,3,0,0,0,0,0,1,2,0,0,0,0,0,0,0,297,0,0,0,0,0,0,0,0,1,0,6,0,0,0,0,0,0,0,0,0,0,0,0,0,0,0,0,0,1,6,0,0,29,9,0
"D462",3,40,7,0,0,9,0,0,0,5,0,72,0,9,0,19,21,5,0,5,0,59,256,1,26,0,0,0,175,0,91,0,7,0,0,3,0,5,9,56,0,0,28,8,22,0,2,22,0,28,0,16,31,2,9,8,7,1,2,92,92,0,13,0,0,25,21,0,2,0,7,0,0,0,10,77,0,21,2,0,0,0,0,11,52,0,0,0,42,0,2,12,0,11,20,15,0,3,0,23,21,4,0,0,55,0,0,7,181,2,0,6,0,5,20,0,8,0,7,95,11,7,85,0,149,39,4,0,0,0,251,0,19,0,2,39,0,0,5,2,6,0,0,0,2,10,24,4,142,0,0,28,8,78,19,0,0,57,48,57,5,0,14,19,5,5,0,11,74,19,0,2,0,36,17,8,0,0,12,24,6,11,17,0,0,3,0,0,14,23,14,9,4,0,13,8,36,17,2,24,4,0,38,0,30,73,0,11,12,13,0,0,2,0,0,1,0,0,28,20,18,11,3,0,0,2153,0,282,2,0,0,0,2,0,6,0,19,169,39,7,8,0,0,6,2,6,1,89,0,0,101,3,14,6,0,5,0,1,0,0,17,0,0,138,0,0,40,13,14,4,8,70,5,8,19,0,36,32,0,46,346,0,4,0,11,10,7,0,13,4,23,0,0,17,136,0,3,27,0,65,34,3,78,14,48,0,0,51,69,13,5,0,7,12,10,0,0,3,0,5,209,26,10,15,23,10,3,9,0,126,35,60,8,53,13,9,2,103,0,12,6,0,16,315,0,38,0,49,7,26,36,100,7,0,0,0,11,5,0,12,0,9,0,24,5,0,42,0,0,2,6,8,4,0,86,0,18,0,39,0,0,139,0,3,0,0,295,8,5,2,81,2,21,0,8,36,0,10,0,0,0,6,2,2,63,19,0,5,0,11,0,177,27,0,0,0,1,10,0,10,19,2,12,4,0,59,0,148,1,2,7,0,0,0,0,0,56,0,4,2,2,4,0,78,155,0,0,177,2,48,69,2,0,190,42,0,4,12,0,28,0,41,0,6,26,0,13,10,5,51,45,0,2,38,29,0,0,0,8,0,0,88,0,39,23,0,0,0,17,67,23,0,7,0,0,0,0,2,0,22,0,0,1,12,0,701,435,0,18,21,22,10,0,58,0,0,2,18,15,39,10,0,2,138,0,0,14,24,112,113,14,85,72,9,0,8,0,24,1,22,0,5,0,9,54,14,20,20,82,0,14,3,14,0,0,0,77,5,2,160,0,0,43,13,25,34,126,0,0,3,4,0,46,35,35,0,0,136,100,1,3,7,0,15,10,0,0,27,0,0,16,0,5,35,271,13,11,2,21,0,268,23,0
"D463",0,0,0,0,0,8,0,0,22,0,0,0,0,0,0,0,0,0,0,0,0,0,0,0,0,0,0,0,0,0,0,0,0,451,108,0,0,0,0,0,0,0,0,0,0,0,0,0,0,0,1,129,313,0,18,0,0,0,13,0,0,232,0,0,416,0,2,187,0,19,0,0,0,0,0,0,0,0,0,11,0,0,0,0,0,0,0,0,0,0,0,0,0,0,0,0,0,3,0,0,0,0,0,0,0,0,3678,0,0,0,0,0,0,0,0,19,0,0,0,0,0,0,0,0,0,0,0,0,0,4859,0,0,0,0,0,0,8,0,0,1,0,0,0,0,0,0,0,0,0,0,0,0,0,0,0,0,0,0,0,0,0,89,0,0,0,0,0,0,0,0,0,9,0,540,0,0,10,0,0,0,0,0,0,51,0,0,8,24,0,0,0,0,0,0,0,0,0,0,0,0,0,0,0,0,0,0,325,0,0,0,0,0,0,0,3,6,1,0,0,0,0,0,0,679,0,0,0,0,0,0,0,0,0,0,0,0,0,0,0,0,0,93,0,0,0,0,0,0,0,0,0,0,0,30,0,0,0,0,0,0,0,0,0,0,0,0,0,0,0,0,0,0,31,0,0,3,0,0,0,0,2,0,0,0,0,0,0,0,0,0,0,9,0,0,0,0,0,0,0,0,0,0,0,0,124,315,0,0,0,0,0,0,0,0,0,0,0,0,13,0,0,0,0,0,0,0,192,0,0,0,0,0,0,0,0,36,0,0,0,0,0,0,4,0,0,0,29,0,198,0,0,0,0,0,0,0,0,0,0,0,0,4,0,0,0,0,0,0,3,0,241,0,0,0,0,0,0,0,0,0,56,0,0,0,0,0,0,0,0,0,0,0,0,0,0,0,0,0,26,0,0,0,0,0,0,0,0,0,0,0,0,0,0,0,0,0,0,0,0,0,0,4,0,0,0,0,0,0,9,4,0,0,0,0,0,0,0,0,17,0,15,0,0,0,0,0,2251,0,0,0,1,11,0,0,0,0,0,0,0,0,0,0,0,0,0,6,0,0,0,0,0,0,0,0,0,0,0,0,0,6,0,0,0,0,0,92,0,0,0,0,0,0,0,0,3,0,1,0,0,0,0,0,0,0,6,0,0,44,2,0,0,0,0,0,0,0,0,0,0,0,3,0,0,0,277,0,3774,0,0,0,0,0,0,0,0,0,0,0,0,0,0,2,0,0,0,0,0,0,0,0,0,0,0,79,0,0,0,0,0,0,0,0,0,0,0,0,0,0,6,2,0,0,0,0,0,0,0,0,187,0,0,0,0,0,0,0,0,0,0,0,0,216,0,0,0,0,8,35,0,0,0,0,0
"D464",0,0,0,324,0,3,744,0,27,0,13,0,0,0,0,0,0,0,0,0,43,0,0,0,0,43,0,0,0,0,0,3,0,0,0,0,0,0,0,0,0,116,0,0,0,0,0,0,0,0,898,0,4,0,0,0,13,0,25,0,0,0,0,92,0,0,19,0,0,45,0,0,0,0,0,0,0,0,0,0,0,6,6,0,0,0,0,0,0,0,0,0,0,0,0,0,15,0,0,0,0,0,0,0,0,170,0,0,0,0,3816,0,360,0,0,0,0,120,0,0,0,0,0,0,0,0,0,0,0,94,13,136,0,0,0,0,2146,0,0,0,0,45,43,0,0,0,0,0,0,28,0,0,0,14,0,59,0,10,0,0,0,0,0,0,0,11,1073,0,0,0,0,0,0,21,0,0,5,0,0,0,0,14,0,19,0,0,0,0,0,0,0,0,0,0,0,0,0,0,0,0,0,0,0,0,0,0,0,0,0,0,0,0,0,0,0,0,323,24,0,0,0,0,0,57,0,12,0,0,0,0,0,0,0,1030,0,0,0,0,0,0,0,0,46,0,0,61,0,0,0,0,0,0,0,0,0,0,0,0,1379,28,0,389,0,0,0,12,0,0,0,0,0,0,0,0,0,0,0,0,0,0,20,124,0,0,0,0,0,0,5,0,0,0,0,0,0,12,0,0,7,0,0,0,0,0,23,17,0,0,0,0,0,85,0,0,0,52,0,0,0,0,0,0,0,0,0,0,0,0,0,0,0,0,6158,0,0,0,0,0,41,0,0,0,85,0,0,0,0,0,1647,0,0,0,13,44,0,61,3,0,21,0,0,0,0,0,0,37,0,0,0,16,2,0,0,0,0,0,0,0,0,367,92,0,0,0,0,549,0,0,0,0,11,0,0,0,0,0,0,0,0,0,0,0,0,0,0,0,0,0,28,0,58,2,0,0,147,0,0,0,14,0,0,0,0,0,0,0,0,0,0,8,0,0,0,0,0,0,0,224,0,185,11,0,0,0,0,0,0,0,0,42,29,1483,5,0,0,0,0,0,0,0,0,0,68,0,13,4,0,0,0,0,0,0,3,0,0,0,0,0,0,0,0,0,20,0,0,0,0,76,0,0,2,0,0,0,0,21,0,0,0,0,0,72,6,0,0,32,0,0,0,0,0,0,0,0,27,0,0,0,0,0,0,0,0,0,602,271,74,0,0,0,0,0,0,0,0,0,0,0,0,0,6,0,0,0,0,0,0,0,0,4,0,0,0,0,8,0,0,0,0,0,16,11,0,0,0,0,7,262,24,0,0,0,0,0,0,0,0,0,0,0,0,0,0,0,2,0,0,0,41,0,0,0,0,0,0,0,0,2,0,15,0,19,49
"D465",0,0,0,0,0,0,0,0,0,0,0,0,0,0,0,0,0,0,0,0,0,0,0,0,0,0,0,0,0,0,0,0,0,0,0,0,0,0,0,0,0,0,0,0,0,0,0,0,0,0,0,0,0,0,0,0,0,0,3,0,0,2076,0,0,0,0,0,0,0,0,0,0,0,0,0,0,0,0,0,0,0,0,19,0,0,0,0,0,0,0,0,0,0,0,0,0,0,0,0,0,0,0,0,0,0,0,0,0,0,0,98,0,0,0,0,0,0,0,0,0,0,0,0,0,0,0,0,0,0,0,0,0,0,0,0,0,0,0,0,0,0,0,0,0,0,0,0,0,0,0,5836,0,0,0,0,0,0,0,0,0,0,0,0,0,0,0,0,0,0,0,0,0,0,36,0,0,937,0,0,96,0,0,0,0,0,0,0,0,0,0,0,0,0,0,0,0,0,0,0,0,0,0,0,0,0,0,16,0,0,0,297,0,0,0,0,0,0,0,0,0,0,0,0,0,0,0,0,0,0,0,0,0,0,0,0,0,0,0,0,0,0,0,0,0,0,0,0,0,0,0,7452,0,0,0,0,0,9912,0,0,0,0,20,0,0,0,0,0,0,0,0,0,0,95,0,0,4,0,0,0,0,0,0,0,0,0,0,4,0,0,0,0,0,0,0,0,0,0,0,0,0,0,0,0,0,0,0,0,0,0,0,0,0,0,0,0,0,0,0,0,0,0,0,0,0,0,0,64,0,0,0,0,0,2210,0,0,0,0,0,0,0,0,0,8,0,0,0,0,0,4098,0,0,0,0,0,0,0,0,0,0,0,0,0,0,0,0,0,0,0,0,0,0,0,0,0,0,0,0,0,0,0,0,0,0,0,0,0,0,0,0,0,0,0,0,0,0,0,0,0,0,0,0,0,0,0,0,0,0,0,0,0,0,0,0,0,0,0,0,0,0,0,0,0,0,0,0,0,0,0,0,0,0,0,0,0,0,0,0,0,0,0,0,0,0,0,0,0,0,0,0,0,261,0,0,0,0,0,0,0,0,0,4296,0,0,0,0,0,0,0,0,0,0,0,0,0,0,499,0,0,0,0,0,0,0,0,0,0,0,0,0,0,0,0,0,0,0,0,30,0,0,0,0,0,0,0,0,0,0,0,0,451,0,0,0,0,0,0,0,0,0,0,0,0,0,0,0,17,9,0,0,0,0,0,0,0,0,0,0,0,0,0,0,0,0,0,0,0,0,0,0,0,0,0,0,0,0,0,0,0,0,0,0,0,0,0,0,0,0,0,0,0,0,0,0,0,0,0,0,0,10,0,0,0,0,0,0,0,0,0,0,0,0,0,0,0,0,0,0,0,0,0,0,0,0
"D466",0,0,0,0,0,0,0,0,0,0,0,0,13,0,0,12,0,0,0,9,0,0,0,0,0,0,0,0,0,0,0,0,0,0,0,0,0,0,0,0,0,0,0,0,0,0,0,0,68,0,0,0,0,0,0,0,0,0,0,0,0,0,0,0,0,46,0,0,0,0,0,0,0,0,0,0,0,0,0,0,0,0,0,0,0,57,0,0,0,322,0,0,0,0,0,0,0,0,0,0,0,0,0,14,0,0,0,0,0,0,0,0,0,0,0,0,0,0,0,0,0,0,0,0,0,0,0,569,0,0,0,0,0,0,0,0,0,0,0,0,1,0,0,21,0,0,0,0,0,0,0,0,0,0,2,0,11,0,0,0,0,0,0,0,0,0,0,0,0,0,0,0,0,1,0,0,0,0,0,0,0,0,0,4,0,0,0,0,0,0,0,0,0,476,0,0,0,0,0,0,0,0,0,0,0,0,0,0,0,0,0,0,0,0,0,0,0,0,0,0,0,0,0,0,1424,0,0,0,0,0,0,0,0,0,0,0,0,0,0,0,0,0,0,0,0,0,0,0,3,0,0,0,0,0,0,0,0,0,0,0,0,0,0,0,0,0,0,0,0,0,0,0,0,0,0,0,0,0,0,0,0,0,0,0,0,0,0,2,0,122,0,0,473,0,63,0,0,0,0,0,0,0,0,0,0,0,0,0,0,0,0,0,0,0,0,0,0,0,0,0,0,0,0,0,0,0,0,0,0,0,193,0,0,0,0,0,0,0,0,0,0,0,0,0,0,0,0,0,0,0,0,0,8,0,0,0,0,0,0,0,0,0,39,0,0,0,0,0,0,0,0,0,0,0,0,0,0,0,0,0,0,0,0,3,0,0,0,35,0,0,0,0,0,0,0,0,0,0,0,0,346,0,0,0,0,0,0,0,0,0,0,0,0,0,0,8877,0,0,0,0,0,0,0,0,2,0,0,0,0,0,131,0,0,0,0,0,0,0,0,0,0,0,0,0,0,0,0,0,0,0,0,0,0,0,0,0,4,0,0,0,0,0,0,0,0,0,0,0,0,0,0,0,0,0,0,0,0,0,0,0,0,0,0,0,0,0,21,0,0,0,0,0,0,0,0,0,2,80,3,0,0,0,0,0,0,0,0,0,0,0,0,0,0,0,0,0,0,0,2,0,4,1,0,0,0,0,0,0,0,0,0,0,0,0,0,0,0,0,0,0,0,0,0,0,0,0,0,0,0,0,0,0,0,18,0,0,0,0,0,0,0,0,0,0,0,0,0,0,0,0,0,143,0,0,0,6,0,0,0,16,0,2,109,0,0,4,0,0,0,0,0,0,2,34,0,2,0,0,0,0,0,0,0
"D467",0,0,0,0,0,0,0,0,0,0,0,0,0,0,0,0,0,0,0,0,0,2,0,0,0,0,0,0,0,0,7,0,0,0,0,0,34,0,0,0,0,0,0,0,0,0,0,0,0,0,0,0,2,0,0,0,0,0,0,0,0,0,0,0,0,0,0,0,0,0,0,0,0,0,0,0,0,0,0,0,0,0,0,0,0,0,0,0,0,0,0,0,0,0,0,0,0,0,0,0,0,0,0,2,4,0,0,0,0,0,0,0,0,0,0,2,0,0,0,0,0,0,0,0,0,0,0,0,0,0,0,0,0,0,0,0,0,0,0,0,0,0,0,0,0,0,0,0,0,0,0,0,0,2,0,0,0,0,0,0,0,0,0,0,0,0,0,0,0,0,0,0,0,0,0,0,0,0,0,0,0,0,0,0,0,0,0,0,0,0,0,0,0,0,0,0,0,0,0,0,0,0,0,0,0,0,0,0,6,0,0,0,0,0,0,0,0,0,0,0,0,0,0,0,0,0,0,5,0,0,0,0,0,0,0,0,0,0,0,0,0,4,0,0,0,0,0,0,0,0,0,0,0,0,0,0,0,0,0,0,0,99097,0,0,0,0,0,0,8,0,0,0,11,0,0,4,0,0,0,0,7,0,0,0,0,0,0,0,0,0,0,0,0,0,0,0,0,0,0,0,0,0,0,0,0,0,0,0,0,0,0,0,0,0,0,0,0,0,0,0,0,0,0,0,0,0,0,0,0,0,0,0,0,0,0,0,0,0,0,0,0,0,0,0,0,0,0,0,402,0,0,0,0,0,0,0,0,0,0,0,0,0,0,0,0,0,3,0,0,0,0,0,0,0,0,0,0,0,0,0,0,0,0,0,0,0,0,0,0,0,0,0,0,0,0,0,0,0,0,0,0,0,0,0,0,0,0,0,0,0,0,0,0,0,0,0,0,0,0,0,0,0,0,0,0,0,0,0,0,0,0,0,0,0,0,0,0,0,0,5,0,0,0,0,0,0,0,0,0,2,0,0,0,0,0,0,0,0,0,0,0,0,0,0,0,0,0,0,0,0,0,0,0,7,0,0,0,0,0,0,0,0,0,0,0,0,0,0,0,0,0,0,0,0,0,0,0,0,0,0,0,0,0,0,0,0,0,0,0,0,0,0,0,0,0,0,0,0,0,0,0,0,0,0,0,0,0,0,0,0,0,0,0,0,0,0,0,0,0,0,0,0,0,0,0,0,0,0,0,0,0,0,0,0,0,0,0,0,0,0,0,0,4,0,0,0,2,0,0,36,0,0,0,0,0,0,0,0,3,0,0,0,0,0,0,0,0,0,0,0,0,0,0,0,8,0,0,0,0,0,0,0,0
"D468",0,3,10,0,0,0,0,12,0,15,0,0,5,2,7,5,16,0,36,5,3,0,1,10,0,0,0,0,0,0,79,0,10,0,0,0,36,0,2,2,0,0,0,8,0,1,22,6,21,0,0,65,5,19,0,0,6,1,0,0,0,0,9,0,781,3,38,0,0,0,7,0,0,0,0,0,3,162,0,0,0,1,0,0,14,41,16,3,0,17,8,0,0,4,16,0,0,5,3,4,24,8,0,11,6,0,0,7,0,0,0,0,0,2,4,0,0,0,3,1,0,25,0,2,0,0,0,3745,5,0,0,0,0,0,0,0,0,0,2,0,1,1,0,157,40,0,3,5,7,0,0,0,0,10,0,346,205,6,3,0,0,0,0,0,0,0,0,5,137,0,3,11,5,8,0,0,0,0,1,12,3,0,0,0,0,0,0,0,0,2,0,0,8,39,0,0,0,0,2,0,0,0,8,0,3,1,2,1,0,54,0,0,0,4,0,0,0,0,0,0,2,0,2,0,16,0,3,0,0,0,0,7,10,0,14,6,0,0,0,0,0,0,0,36,8,0,0,6,13,0,3,0,10,10,35,0,0,2,2,0,0,4,0,3,0,9,0,5,2,0,0,0,0,0,0,2,0,0,0,3,31,0,3,7,0,0,4,26,0,4,0,0,0,0,286,4,0,0,0,24,0,0,6,0,9,0,85,0,3,0,0,0,0,0,6,0,0,0,0,12,9,0,0,0,0,0,0,0,0,3,76,7,24,0,0,0,2,0,0,38,0,3,7,0,0,35,5,0,14,0,10,0,5,0,0,0,2,0,0,0,7,0,6,5,9,1,2,0,15,0,0,0,0,9,2,0,0,58,2,0,0,0,19,18,0,0,0,0,45,27,28,2,2,5,0,0,4,1,0,37,51,3,2,6,2,3,6,3,0,2,0,0,3,3,0,0,2,0,3,2,4,0,7,3,25,6,4,0,18,0,3,7,0,3,0,27,7,0,0,0,0,1,0,1,0,8,9,0,35,0,0,0,0,0,0,6,34,0,10,0,0,0,0,6,9,0,0,0,0,0,17,0,0,39,0,0,0,0,0,0,0,0,5,3,8,8,7,0,23,10,58,0,0,0,52,0,0,19,0,0,0,0,3,0,6,34,0,0,0,2,2,3,0,6,0,0,2,3,6,0,0,138,0,0,0,0,0,0,44,30,0,0,0,5,0,0,0,0,1,0,0,0,0,3,0,0,6,0,27,0,3,0,0,221,36,3,2,3,0,23,0,0,6,6,6,0,42,0,0,0,3,6,0,0,2,42,0,6,9,19,9,0,3,0,2,15,6,1,0,0,26,85,20,2,25,0,0,0,0,0,0,0,0
"D469",0,0,0,2,0,0,23,0,0,0,0,0,0,0,0,0,0,0,0,2,0,0,0,0,0,0,0,0,0,0,0,0,2,208,0,0,0,0,0,0,0,0,0,0,0,0,0,0,16,0,0,0,0,0,0,0,0,0,0,0,0,0,0,0,0,2,0,0,0,0,0,0,0,0,0,0,0,0,0,0,245,0,0,0,0,1335,0,0,0,8,0,0,0,19,0,0,0,0,0,0,0,0,0,0,0,0,0,0,0,0,0,0,0,0,0,0,0,0,0,0,0,0,0,0,0,0,0,43,0,0,0,0,0,0,0,0,0,0,0,0,0,0,0,0,0,0,0,0,0,0,0,0,0,0,0,0,0,0,0,2,0,0,0,0,0,0,0,0,0,0,0,0,0,0,0,0,0,0,0,0,0,0,0,12,687,0,0,0,0,0,0,0,0,294,0,0,0,0,0,0,0,0,0,0,0,0,0,0,0,0,0,0,0,0,0,0,0,0,0,0,0,0,0,0,3,0,0,0,0,0,0,0,2,23,0,0,0,0,0,0,0,0,0,0,0,0,0,0,0,0,0,0,0,0,0,0,0,0,0,0,0,0,0,0,0,0,0,0,0,0,0,0,0,0,0,0,0,0,0,0,2,0,0,0,0,0,4,0,3,0,0,0,57,0,0,0,0,0,0,0,0,0,0,0,0,0,0,0,0,0,0,0,0,0,2,0,0,0,0,0,0,0,0,0,0,0,0,0,0,0,0,0,0,0,0,0,0,0,0,0,0,2,0,0,0,0,2,0,0,0,0,0,0,0,0,0,0,0,0,0,0,0,74,0,0,0,0,0,0,0,0,0,0,0,0,0,0,0,0,0,0,0,0,0,0,12,0,0,0,0,0,0,0,0,0,0,0,0,156,315,113,0,0,0,0,0,0,0,0,0,0,0,0,0,0,278,0,0,0,0,0,0,0,0,0,0,0,0,0,0,2,0,0,0,0,0,0,0,0,4,0,0,59,0,0,0,0,0,0,0,0,76,0,0,0,0,0,0,0,0,0,0,0,0,0,0,0,0,0,0,0,0,0,0,0,0,0,3530,0,0,0,0,5,0,0,5,2,0,0,0,24,0,0,1,0,0,0,35,3,0,0,0,0,0,0,0,0,0,0,0,0,0,0,0,0,0,0,0,0,0,0,0,0,0,0,0,2,0,0,0,0,0,0,0,0,0,0,0,0,0,0,0,0,0,0,0,0,0,15,0,0,0,0,0,0,0,0,0,0,0,0,0,0,0,0,0,0,0,0,8,0,0,0,0,0,0,0,0,0,3,0,0,0,0,0,0,0,0,0,0,0,0,0,0,0,0,0,0,0,0,0,0,0
"D470",0,0,0,0,0,0,0,0,0,0,0,0,0,0,0,0,0,0,0,0,0,0,0,0,0,0,0,0,0,0,0,0,0,0,0,0,0,0,0,0,0,0,0,0,0,0,0,0,0,0,0,0,0,0,0,0,0,0,0,0,0,0,0,0,0,0,1,10,0,0,0,0,0,0,0,0,0,0,0,0,0,0,0,0,0,0,0,0,0,0,0,0,0,0,0,0,0,0,0,0,0,0,0,0,0,0,5,0,0,0,0,0,0,0,0,0,0,0,0,0,0,0,0,0,0,0,0,0,0,0,0,0,0,0,0,0,0,0,0,0,0,0,0,0,0,0,0,0,0,0,0,0,0,0,0,0,0,0,0,0,0,0,0,0,0,0,0,0,0,0,0,0,0,12,0,0,0,0,0,0,0,0,0,0,0,0,0,0,0,0,0,0,0,0,0,0,0,0,0,0,0,0,0,0,0,0,0,0,0,0,0,0,0,0,0,0,28,0,0,0,0,0,0,0,0,0,0,0,0,0,0,0,0,3,0,0,0,0,0,0,0,0,0,0,12,0,0,0,0,0,0,0,0,0,0,0,0,0,0,0,0,0,0,0,0,0,0,0,0,0,0,0,0,0,0,0,0,0,0,0,0,0,0,0,0,0,0,0,0,0,0,0,0,0,0,0,0,0,0,0,0,0,0,0,0,0,0,0,0,0,0,0,0,0,0,0,0,0,0,0,0,0,0,0,0,0,0,0,0,0,0,0,0,0,0,0,0,0,0,0,0,0,0,0,0,0,0,0,0,0,0,0,0,0,0,0,0,0,0,0,0,0,0,0,0,0,0,0,0,0,0,0,0,0,0,0,0,0,0,0,0,0,0,0,0,0,0,0,0,0,0,0,0,0,0,0,0,0,0,0,0,0,0,0,0,0,0,0,0,0,0,0,0,0,0,0,0,0,0,0,0,0,0,0,0,0,0,0,0,0,0,0,0,0,0,0,0,0,0,0,0,0,0,0,0,0,0,0,0,0,0,0,2,0,0,0,0,0,0,0,0,0,0,0,0,0,0,0,0,0,0,0,0,0,0,0,0,0,0,0,0,0,0,0,0,0,0,39,0,0,0,0,0,0,0,2,0,0,0,0,0,0,0,0,0,0,0,29,0,0,0,0,0,0,0,0,0,0,0,0,0,0,0,0,12,0,0,0,0,0,0,0,0,0,0,0,0,0,0,0,0,0,0,0,0,0,0,3,0,0,0,0,0,0,0,0,0,0,0,0,0,1668,0,0,0,0,0,0,0,0,0,0,0,0,0,0,0,0,0,0,0,0,0,0,0,0,0,0,0,0,0,0,0,0,0,0,0,0,0,0,0,0,0
"D471",0,0,0,0,0,0,0,2,0,28,0,0,0,0,2,9,0,2,0,0,3,0,0,0,0,0,38,0,0,0,0,0,17,1421,0,0,3,0,0,0,0,0,0,0,0,0,0,0,0,0,0,1,0,0,1,0,0,0,0,0,0,0,0,0,122,0,0,0,0,0,0,21,198,0,0,0,0,0,0,0,1349,0,3,0,0,58,0,12,0,0,0,0,0,0,0,0,4,6,0,0,0,0,508,1,0,0,0,0,0,0,0,0,0,0,0,0,0,0,2,0,0,0,0,0,0,0,0,835,0,0,0,0,0,0,0,0,0,30,0,0,0,0,0,0,0,0,0,4,0,1,0,0,0,0,0,18,12,0,0,0,0,0,0,0,0,0,0,0,0,0,145,0,0,0,0,0,83,0,0,0,0,0,0,0,628,0,0,0,0,0,0,0,0,0,0,0,0,0,0,0,0,183,0,0,0,0,0,0,0,0,0,0,0,0,0,0,0,0,0,0,0,0,0,0,0,0,0,0,0,0,28,0,0,0,0,0,0,0,0,0,0,0,0,25,0,0,0,0,0,0,0,0,0,12,0,0,0,0,0,0,0,0,0,0,0,0,0,0,0,0,0,0,0,0,0,0,0,0,0,0,0,0,4,0,0,0,8,0,0,0,0,0,0,0,0,2,0,0,0,0,0,0,0,0,0,0,0,0,0,0,0,0,0,0,0,0,0,0,0,0,0,0,0,0,0,0,0,0,0,0,0,0,2,0,0,0,0,0,654,0,0,14,5,0,0,0,15,0,0,0,0,0,0,0,0,0,0,0,0,0,88,0,0,0,0,0,0,0,248,0,0,0,0,0,0,0,0,0,0,0,0,0,0,0,153,1,0,0,0,0,0,0,0,0,0,0,7,0,246,86,0,0,7,12,0,0,0,1,0,0,0,0,0,0,0,905,0,0,0,0,0,0,0,0,5,0,0,0,0,0,0,0,1059,119,440,0,15,0,0,0,0,0,113,0,0,0,5,0,0,65,0,0,0,0,0,62,0,0,0,0,0,0,0,0,0,0,0,0,0,0,0,0,0,652,0,0,2382,1463,0,0,0,0,0,0,0,0,0,0,0,0,0,0,0,0,0,0,0,0,0,0,129,0,0,0,52,0,0,0,0,0,0,0,0,0,3,0,0,0,0,0,0,1,0,0,0,0,0,0,0,0,0,0,0,0,18,0,0,0,0,0,0,0,763,0,0,0,0,0,0,595,0,0,0,3541,0,0,0,0,0,0,0,0,0,0,0,0,0,0,0,8,0,0,0,0,0,0,0,0,0,0,0,0,0,0,0,0,0,0,0,1809,0,0,0,0,0,0,0,0,0,0,0,0,0
"D472",0,0,0,0,0,0,0,0,0,0,0,0,0,3,0,0,0,0,0,222,0,0,51,0,0,0,0,0,0,0,0,0,2,0,0,0,0,0,0,82,0,0,0,0,0,0,0,0,313,0,0,0,0,0,0,0,0,0,0,185,0,0,261,0,0,5,18,0,0,0,0,0,0,0,0,0,0,0,0,0,0,0,0,0,4,0,0,0,0,0,0,0,4,0,0,0,0,0,19,0,0,0,0,0,0,0,0,0,0,0,0,0,0,0,0,0,0,0,0,0,0,0,0,0,0,0,0,0,203,0,0,0,0,0,0,0,0,0,0,0,0,0,0,0,0,0,0,0,0,0,0,0,0,0,0,0,0,2,0,0,0,0,0,0,0,0,0,0,0,0,0,0,0,0,0,0,0,0,0,0,0,0,0,0,0,0,0,0,0,0,0,5,0,0,0,0,0,0,0,0,0,0,0,0,0,0,0,0,0,0,0,0,0,0,0,0,0,0,0,0,0,0,0,0,0,0,0,0,0,2,0,0,0,0,0,0,0,0,0,20,0,0,0,0,0,0,13,0,0,0,2,0,0,0,0,0,0,0,0,0,0,0,409,0,0,0,0,0,0,0,0,0,0,0,0,0,0,0,0,0,3970,0,0,0,0,0,0,0,0,0,0,0,0,0,0,0,0,0,0,0,0,0,0,0,9,0,0,573,0,0,0,0,0,0,0,0,0,91,0,0,0,0,0,0,0,1,0,0,0,0,0,0,0,0,0,0,0,0,0,0,0,0,0,0,0,1,0,0,0,0,0,0,39,0,0,0,0,0,0,0,0,0,0,2,0,0,0,0,0,0,0,0,0,4,0,0,0,0,0,0,0,0,0,0,0,0,0,0,0,0,0,0,0,11,0,0,0,0,0,0,0,0,3,0,0,0,0,0,0,0,0,0,0,0,0,0,1,0,13,0,0,0,0,2,0,0,0,0,0,0,33,0,0,0,0,0,0,0,0,0,0,0,0,0,0,0,0,0,0,0,0,0,0,14,0,0,0,0,4,0,0,0,0,0,0,0,0,0,0,0,0,0,0,0,0,0,0,0,0,0,0,0,0,0,0,0,0,0,0,0,0,0,0,9,2,0,0,0,0,79,0,0,0,19,0,9,6,0,0,0,0,0,0,0,0,0,0,0,0,0,0,0,0,0,0,0,0,0,0,0,0,447,0,6,0,0,0,0,0,0,0,2,0,0,0,0,0,0,1004,0,0,0,0,0,0,0,0,690,0,0,0,0,0,1,0,0,67,0,0,0,0,0,0,0,0,0,0,0,2,16,0,0,0,0,0,0,0,0,0,0,0,0,0,0,0,32,0,0,0,0,0,0,0
"D473",0,21,0,0,0,1,0,0,0,0,13,600,0,30,0,12,143,306,1,168,0,12,2752,67,16,0,0,0,63,31,267,0,2,0,0,5,1,0,0,604,0,0,3074,0,1075,0,0,0,184,0,0,0,25,0,24,4,0,0,2,75,180,0,280,0,0,2004,7,0,1,0,0,0,0,0,6,11,0,0,0,0,0,0,0,4,1328,0,0,0,0,0,7,70,0,0,2,0,0,0,5,673,53,0,0,0,25,0,0,0,918,23,0,8,0,24,21,3,0,0,0,0,412,5,0,0,123,0,0,0,194,0,0,0,2,0,0,1,0,0,0,2,0,0,0,0,2,21,0,0,10,2,0,8,0,1,1,0,0,142,1378,0,80,0,28,17,0,10,0,46,0,0,0,0,0,23,0,7,0,0,0,45,0,0,0,0,0,58,0,0,101,79,15,27,0,0,25,0,0,0,58,50,4,0,7,0,0,0,0,0,0,122,0,3,0,4,0,0,0,0,0,0,0,103,0,15,0,15233,0,81,3,10,0,0,2,0,23,5,15,5946,11,3,4,0,0,0,0,1,17,0,0,0,101,0,0,1,11,0,0,69,0,0,1,0,420,101,0,0,54,121,18,1,8,0,0,0,0,0,26,21,0,0,1104,0,7,274,0,0,2,0,72,0,0,0,0,360,11,0,0,33,0,14,0,0,212,119,77,0,0,303,21,7,176,0,24,18,18,0,5,35192,0,62,0,0,5,0,0,0,0,20,0,0,0,0,193,80,790,139,618,150,0,5,35,0,39,1102,0,133,0,147,0,6,892,457,197,0,3,0,0,17,0,0,0,0,0,59,0,0,25,0,0,0,4,0,13,0,313,0,551,82,287,0,0,158,0,0,0,0,189,0,53,0,0,0,52,0,11,0,0,0,0,0,0,14,0,3,0,0,0,0,0,10,0,48,48,11,0,0,282,0,6,85,0,0,2,0,0,424,0,792,2,0,106,0,0,0,0,263,4,0,3,0,0,25,0,169,1143,0,0,0,11,0,0,0,0,3651,0,0,56,0,67,14,2,129,0,362,26,0,8,89,0,157,0,0,0,42,132,0,0,0,0,0,0,30,0,0,71,0,53,0,34,150,0,0,14,14,4,0,0,98,0,2364,0,0,0,215,0,1813,1491,0,0,0,11,19,0,17,0,0,0,5,38,750,18,0,199,3,0,0,555,170,0,360,9,1116,0,6,0,1496,0,25,0,0,0,0,0,159,517,75,190,0,308,0,159,0,123,0,0,4,12,87,0,349,0,0,33,1,16,0,182,0,0,5,173,0,203,117,234,28,0,0,353,14,0,0,439,22,0,0,0,310,0,0,0,0,0,157,1251,21,0,0,0,0,0,0,0
"D474",0,0,0,0,0,0,0,0,0,0,0,0,0,0,0,0,0,0,0,0,0,0,0,0,0,0,0,0,0,0,0,0,0,0,0,0,0,0,0,0,0,0,0,0,0,0,0,0,0,0,0,0,0,0,0,0,0,0,0,0,0,0,0,0,0,0,0,0,0,0,0,0,0,0,0,0,0,0,0,0,0,0,0,0,0,0,0,0,0,0,0,0,0,0,0,0,0,0,0,0,0,0,0,0,0,0,0,0,0,0,0,0,0,0,0,0,0,0,0,0,0,0,0,0,0,0,0,0,0,3,0,0,0,0,0,0,0,0,0,0,0,0,0,0,0,0,0,0,0,0,0,0,0,0,0,0,0,0,0,0,0,0,0,0,0,0,0,0,0,0,0,0,0,0,0,0,0,0,0,0,0,0,0,0,0,0,0,0,0,0,0,0,0,0,0,0,0,0,0,0,0,0,0,0,0,0,0,0,0,0,0,0,0,0,0,0,11,0,0,0,0,0,0,11,0,0,0,0,0,0,0,0,0,0,0,0,0,0,0,0,0,0,50,0,0,0,0,0,0,0,0,0,0,0,0,0,0,0,0,0,0,0,0,0,0,0,0,0,0,0,0,0,0,0,0,0,0,0,0,0,0,0,0,0,0,0,0,0,0,0,0,0,0,0,0,0,0,0,0,0,0,0,0,0,0,0,0,0,0,0,0,0,0,0,0,0,0,0,0,0,0,0,0,0,0,0,0,0,0,0,0,0,0,0,0,0,0,0,0,0,0,0,0,0,0,0,0,0,0,0,0,0,0,957,0,0,0,0,0,0,0,0,0,0,0,0,0,0,0,0,0,0,0,0,0,0,0,0,0,0,0,0,0,0,0,0,0,0,0,0,0,0,0,0,0,0,0,0,0,0,0,0,0,0,0,0,0,0,0,0,0,0,0,0,0,0,0,0,0,0,0,0,0,0,0,0,0,0,0,0,0,0,0,0,0,0,0,4991,0,0,0,0,0,0,0,0,0,0,0,0,0,0,0,0,0,0,0,0,0,0,0,0,0,0,0,0,0,0,0,0,0,0,0,0,0,0,0,0,0,0,0,0,0,0,0,0,0,1177,0,0,0,0,0,0,0,0,0,0,0,0,0,2,0,0,0,0,0,188,0,0,0,0,0,0,0,0,0,0,0,0,0,0,0,0,10,0,0,0,0,0,0,0,0,0,0,0,0,0,0,0,0,0,0,0,0,0,0,0,0,0,0,0,0,0,0,0,0,0,0,0,0,0,0,0,0,0,0,0,0,0,0,0,0,0,0,0,0,0,0,0,0,0,0,0,0,0,0,0,0,0,0,0,0,0,0,0,0,0,0,0,0,0,0
"D475",0,0,0,0,0,0,0,0,0,0,0,0,0,0,0,0,0,0,0,0,0,0,0,0,0,474,0,0,0,0,0,0,0,0,0,0,0,0,0,0,0,1907,0,0,0,0,0,0,0,0,0,0,0,0,0,0,0,0,0,0,0,0,0,0,0,0,0,0,0,0,0,0,0,12,0,0,0,0,0,0,0,0,0,0,0,0,0,0,0,0,0,0,0,0,0,0,0,0,0,0,0,0,0,0,0,287,0,0,0,0,0,0,0,0,0,0,0,4916,0,0,0,0,0,3,0,0,0,0,0,0,0,0,0,8,0,0,0,0,0,0,0,0,137,0,0,0,0,0,0,0,0,0,0,0,0,0,0,0,0,0,0,0,0,0,0,0,0,0,0,0,0,0,0,0,0,0,0,0,0,0,0,0,0,0,0,0,0,0,0,0,0,0,0,0,0,0,0,0,0,0,0,0,0,38,0,0,0,0,0,0,0,0,0,0,0,0,2540,2741,0,0,0,0,0,0,0,0,0,0,0,0,0,0,0,0,0,0,0,0,0,0,0,0,0,0,0,0,0,0,0,0,0,0,0,0,0,0,0,0,3352,275,0,0,0,0,0,0,0,0,0,0,0,0,0,0,0,0,0,0,0,0,0,0,0,0,0,0,0,0,0,0,0,0,0,0,0,0,0,0,0,0,0,0,0,0,0,0,0,0,0,0,0,696,0,0,0,0,0,0,0,0,0,0,0,0,0,0,0,0,0,0,0,0,0,0,0,0,0,0,0,0,0,0,0,0,0,0,0,0,0,0,0,0,0,0,0,577,0,0,656,0,0,0,0,0,0,0,0,0,0,0,0,0,0,0,0,0,0,0,0,0,0,0,0,0,0,0,0,0,0,0,0,0,0,0,0,0,0,0,0,0,0,0,0,0,0,0,0,0,0,0,863,0,0,0,7,0,0,0,0,0,0,0,0,0,0,0,0,0,0,0,0,0,0,0,0,0,0,0,0,0,0,0,0,0,0,0,0,0,0,0,0,0,0,0,0,0,0,0,0,0,0,0,0,0,0,0,0,0,0,0,0,0,0,0,0,0,0,0,0,0,12358,0,0,0,0,0,0,0,0,0,0,0,0,0,0,0,0,0,0,0,0,395,0,0,0,0,0,0,0,0,0,0,0,0,0,0,0,0,0,0,0,0,0,0,0,0,0,0,0,0,0,0,0,0,0,0,0,0,0,0,0,0,0,0,0,0,0,0,0,0,0,0,0,0,0,0,0,0,0,0,632,0,0,0,0,0,0,0,0,0,0,0,0,0,0,0,0,0,0,0,0,0,0,0,0,0,0,0,4,0,0,0,0,0,0,0,0,0,0,0,0,0,91
"D476",2,17,1,0,2,3,0,149,0,2,133,277,0,12,0,7,60,27,0,17,0,9,483,5,16,0,0,0,167,4,250,0,9,0,14,15,0,0,2,324,0,0,1148,53,132,0,2,0,247,3,0,0,9,0,0,5,15,0,0,32,143,0,18,0,0,436,4,12,1,0,0,0,0,0,4,20,0,0,8,0,0,0,0,6,103,0,0,0,68,0,3,59,0,7,5,11,0,0,0,195,7,14,0,0,0,0,0,0,229,2,0,0,0,14,22,0,1,0,0,0,217,13,0,0,54,3,0,3,4,0,416,0,2,0,6,58,0,0,0,2,0,0,0,0,2,11,19,0,3,0,0,10,51,5,0,0,0,55,259,2,19,0,117,22,0,0,0,3,135,49,0,0,0,0,0,45,0,2,0,25,7,0,0,0,0,89,2,0,0,40,7,5,0,0,2,15,17,0,10,21,3,0,21,0,24,65,0,0,0,138,0,0,2,15,0,0,0,0,5,6,0,12,0,3,0,9466,0,175,0,15,0,1,2,0,8,0,6,2150,9,0,0,0,0,0,0,0,14,62,0,0,92,0,12,0,3,0,0,104,0,0,15,0,49,38,0,0,41,84,13,0,2,0,0,0,86,3,44,116,0,0,346,0,0,23,0,0,0,0,0,0,0,0,0,177,421,6,16,66,0,8,27,0,101,60,6,0,0,0,95,4,5,0,31,5,17,0,0,552,0,11,46,4,28,12,0,6,0,10,0,0,18,155,49,49,153,296,185,99,0,2,0,0,0,160,0,237,0,68,0,19,161,393,66,0,3,0,6,34,0,3,0,0,0,408,4,0,20,0,0,1,0,5,0,0,630,0,249,128,107,2,0,179,4,2,0,0,350,0,34,0,28,3,44,0,6,0,0,4,0,0,0,5,0,0,0,0,0,0,0,10,0,178,0,1,0,0,24,0,0,13,3,2,2,8,0,0,0,568,0,0,57,0,0,0,0,14,5,0,0,0,0,12,0,215,3,3,0,84,3,0,0,39,0,2850,0,0,12,4,15,52,0,99,0,23,4,0,2,14,19,69,6,4,1,0,66,0,0,0,5,0,0,39,0,40,24,0,22,0,30,261,0,0,6,6,0,0,0,14,0,381,0,0,0,21,0,387,1164,0,21,0,25,21,0,48,0,0,0,12,11,103,8,0,271,0,0,0,22,8,113,174,8,595,0,1,0,249,0,20,0,0,0,0,0,37,22,23,24,0,34,0,25,3,54,0,0,11,79,13,0,187,0,0,3,11,5,2,89,0,0,0,22,0,0,39,71,23,0,0,121,0,0,0,0,0,0,0,0,9,0,0,0,0,5,48,606,22,0,0,6,0,0,21,0
"D477",0,0,12,0,0,0,0,13,0,0,0,0,7,0,0,8,9,0,15,2,0,0,0,15,0,0,0,2,0,0,37,0,9,0,0,0,0,3,4,0,0,0,0,12,0,0,4,17,0,5,0,126,4,17,15,1,0,0,0,0,0,0,2,0,139,0,9,0,2,0,7,0,0,0,3,0,9,46,0,0,1,25,0,0,10,8,9,4,0,20,4,0,0,6,15,0,0,0,0,0,33,8,0,1,3,0,0,7,7,3,1,2,0,5,7,0,0,0,7,0,0,20,4,0,2,9,0,557,0,0,0,0,2,0,0,5,0,0,6,0,0,0,0,16,5,0,0,8,0,0,1,0,0,19,8,0,50,2,4,0,0,0,0,0,0,4,0,10,21,4,0,30,14,2,0,0,0,4,0,76,13,0,2,0,0,0,0,0,0,3,2,0,8,11,0,6,13,0,0,4,0,0,2,0,4,0,7,2,4,9,2,0,0,6,2,0,0,0,0,0,3,0,8,0,3,0,0,0,0,0,0,7,26,0,0,0,0,0,0,0,0,0,0,0,7,0,0,4,6,0,0,0,0,82,37,0,0,0,3,0,7,2,0,9,2,24,1,11,0,0,2,0,0,0,5,0,5,0,0,0,70,0,15,5,0,0,29,12,0,11,0,2,0,0,9,9,0,0,0,57,2,0,4,0,9,0,16,0,5,0,3,0,0,0,8,0,0,0,0,6,0,3,2,0,2,0,0,0,0,4,13,10,22,2,0,0,2,0,0,340,0,0,201,0,0,0,92,0,10,0,0,0,18,0,0,0,0,0,0,3,15,0,4,4,2,0,1,0,29,0,0,0,0,3,8,0,0,6,0,0,0,0,15,16,0,6,0,7,16,8,4,0,0,3,0,0,21,2,0,0,57,3,3,16,3,6,0,0,0,5,0,0,5,0,0,0,5,0,2,0,15,5,2,0,9,0,2,0,23,0,0,2,0,0,0,15,27,0,0,0,0,2,3,1,2,0,124,0,10,148,0,0,0,0,0,5,103,0,0,4,0,0,0,6,16,0,7,0,0,0,0,0,0,59,0,0,0,0,1,0,0,0,20,0,0,2,2,0,26,13,11,4,0,0,3,0,0,8,0,0,0,0,6,0,37,29,0,0,0,0,4,0,0,0,0,0,4,9,4,0,0,24,0,0,0,0,1,0,21,32,0,0,0,2,2,0,0,0,0,0,0,0,0,0,0,0,0,0,14,0,8,0,9,37,192,5,0,0,0,28,0,0,0,2,6,0,73,0,3,0,0,6,0,0,0,14,0,18,0,9,22,0,4,0,0,5,6,9,0,6,2,127,4,0,43,0,0,14,0,0,0,0,0
"D478",0,0,0,139,0,0,305,0,8,0,0,0,0,0,0,0,0,0,0,0,10,0,5,0,0,0,0,0,0,0,0,4,17,15,0,0,5,0,0,0,0,0,0,0,0,0,0,0,0,0,327,3,2,0,0,0,0,0,2,0,0,38,0,293,0,0,7,0,0,1,0,0,0,10,0,4,0,6,0,0,0,22,0,8,19,0,1,0,0,0,0,0,0,0,0,0,0,0,0,0,42,0,0,0,0,62,2,0,0,0,4716,0,319,0,0,4,15,131,0,0,0,0,4,11,0,0,0,0,0,0,0,87,3,0,0,0,13,0,0,2,0,15,3,0,0,1,0,8,0,0,0,10,3,0,3,382,0,0,0,0,0,0,0,0,0,0,964,0,0,0,0,0,0,24,0,0,0,0,0,22,0,0,0,0,0,0,0,11,0,0,0,0,0,0,0,0,0,5,0,0,0,0,0,0,0,0,0,3,0,0,0,0,3,0,0,0,404,7,18,0,0,0,22,0,0,4,0,11,0,0,0,1,0,698,0,9,0,0,0,0,3,0,0,0,0,15,0,0,0,5,0,5,0,6,0,0,0,0,1018,0,0,331,0,0,0,0,0,0,0,0,0,23,45,0,0,3,0,0,0,0,12,192,19,0,0,3,84,0,3,0,0,2,0,0,0,0,0,0,2,216,0,0,0,0,15,60,0,4,0,0,0,0,17,0,0,35,0,0,72,0,17,0,0,0,0,2,0,0,0,0,0,3,334,0,0,0,0,0,0,4,0,0,37,0,0,0,20,0,72,0,0,0,2,0,0,0,0,0,0,0,0,0,0,0,0,1558,22,0,0,8,27,0,0,0,0,0,0,0,0,147,9,4,0,0,0,32,14,0,0,0,0,0,0,0,8,5,0,7,0,0,0,0,2,0,0,6,0,0,8,0,11,6,0,0,6,0,0,0,1,0,0,2,0,0,0,2,0,0,0,4,0,0,0,0,0,0,0,22,0,21,40,0,0,0,0,0,1,0,0,0,48,85,0,0,0,0,0,0,0,0,0,0,34,0,15,0,0,0,0,0,0,3,0,0,0,4,0,0,0,53,124,0,0,0,0,0,7,71,0,0,0,3,0,0,0,4,0,0,0,0,0,18,95,0,0,2,0,1,5,27,0,0,8,0,0,0,0,8,0,0,0,0,1,0,290,0,1318,0,1,3,0,0,0,0,0,0,55,0,0,1,24,3,0,0,0,0,0,0,0,0,0,0,0,0,18,0,0,0,2,19,7,0,5,0,8,0,12,0,0,36,0,0,1,0,0,0,7,0,0,0,0,0,0,0,0,0,0,0,26,0,0,0,0,0,0,0,10,0,0,14,46,0,7
"D479",0,0,0,0,0,0,0,0,0,0,0,0,14,0,0,0,0,0,4,0,40,0,0,0,0,0,0,0,0,0,0,0,0,0,0,0,0,0,0,0,0,0,0,0,0,0,0,0,0,0,0,1033,0,0,0,0,0,27,12,0,0,0,0,0,32,0,0,0,0,0,0,0,0,0,0,0,0,0,0,0,4,0,0,0,0,0,0,0,0,0,0,0,0,0,2,0,0,0,0,0,0,0,4,0,0,0,0,0,0,0,6,0,0,0,0,0,0,0,0,0,0,0,0,0,0,0,0,0,0,0,0,0,0,0,0,0,0,0,0,0,0,0,0,0,0,0,0,0,0,103,0,0,0,0,0,0,3,0,0,0,0,0,0,0,0,0,0,0,0,0,0,0,0,0,0,0,0,0,0,0,0,0,18972,0,0,0,0,0,0,0,0,0,2,0,0,0,0,0,0,0,0,0,0,0,0,0,0,0,0,0,0,0,0,0,0,0,0,0,0,0,0,0,0,0,0,0,0,0,0,0,0,0,0,0,0,0,0,0,0,0,0,0,0,0,0,0,0,0,0,0,0,0,0,0,0,0,0,0,0,0,0,0,0,0,0,0,0,0,0,0,0,0,0,0,0,0,0,0,0,0,2,0,1,0,0,0,0,0,0,0,0,2,0,0,0,0,0,0,2,0,0,0,0,0,0,0,0,3,0,0,0,0,0,0,0,0,0,0,0,0,0,0,0,0,0,0,0,0,0,0,0,0,0,0,0,0,0,0,0,14,0,0,0,0,0,0,0,0,0,0,0,0,0,0,0,0,0,0,0,0,0,0,0,0,0,0,0,0,0,0,0,0,0,0,0,0,0,0,0,0,0,0,0,0,0,0,0,0,0,0,0,0,0,0,0,0,0,0,0,0,0,0,2,0,0,0,0,0,0,0,0,0,0,0,0,0,0,0,0,0,0,2,0,0,0,0,0,0,0,0,0,2,6,0,5,0,0,0,0,3,0,0,7,0,0,0,2,0,0,0,0,0,0,0,0,0,0,0,0,0,0,0,0,0,0,0,0,0,0,0,0,0,0,0,0,0,10,0,0,0,0,0,0,0,0,0,0,0,0,0,0,0,0,0,0,0,4,0,20,0,3,0,0,0,0,0,0,0,0,0,0,0,0,0,0,0,0,0,0,0,0,2,0,0,0,0,0,0,0,0,0,0,0,0,0,0,0,0,0,0,0,0,3,0,0,0,0,0,0,6,0,0,0,0,0,0,0,0,0,0,0,0,0,0,0,0,0,0,0,0,0,0,0,0,0,0,0,0,0,0,0,0,0,0,0,0,0,0,2,0,8,0,0,0,0,0,0,5,0,0,0,0,0
"D480",0,0,0,0,0,0,0,0,0,0,0,0,0,0,0,0,0,0,0,0,0,0,0,0,0,0,0,0,0,0,0,0,0,0,0,0,0,0,0,0,0,0,0,0,0,0,0,0,0,0,0,0,0,0,0,0,0,0,0,0,0,0,0,0,0,0,0,0,0,0,0,0,0,0,0,0,0,0,0,0,0,0,0,0,0,0,0,0,0,0,0,0,0,0,0,0,0,0,0,0,0,0,0,0,0,0,0,0,0,0,0,0,0,0,0,0,0,0,0,0,0,0,0,0,0,0,0,0,0,0,0,0,0,0,0,0,0,0,0,0,0,0,0,0,0,0,0,0,0,0,0,0,0,0,0,0,0,0,0,0,0,0,0,0,0,0,0,0,0,0,0,0,0,0,0,0,0,0,0,0,0,0,0,0,0,0,0,0,0,0,0,0,0,0,0,0,0,0,0,0,0,0,0,0,0,0,0,0,0,0,0,0,0,0,0,0,0,0,0,0,0,0,0,0,0,0,0,0,0,0,0,0,0,0,0,0,0,0,0,0,0,0,0,0,0,0,0,0,0,0,0,0,0,0,0,0,0,0,0,0,0,0,0,0,0,0,0,0,0,0,0,0,0,0,0,0,0,0,0,0,0,0,0,0,0,0,0,0,0,0,0,0,0,0,0,0,0,0,0,3300,0,0,0,0,0,0,0,0,0,0,0,0,0,0,0,0,0,0,0,0,0,0,0,0,0,0,0,0,0,0,0,0,0,0,0,0,0,0,0,0,0,0,0,0,0,0,0,0,0,0,0,0,0,0,0,0,0,0,0,0,0,0,0,0,0,0,0,0,0,0,0,0,0,0,0,0,0,0,0,0,0,0,0,0,0,0,0,0,0,0,0,0,0,0,0,0,0,0,0,0,0,0,0,0,0,0,0,0,0,0,0,0,0,0,0,0,0,0,0,0,0,0,0,0,0,0,0,0,0,0,0,0,0,0,0,0,0,0,0,0,0,0,0,0,0,0,0,0,0,47,0,0,0,0,0,0,0,0,0,0,0,0,0,0,0,0,0,0,0,0,0,0,0,0,0,0,0,0,0,0,0,0,0,0,0,0,0,0,675,0,0,0,0,0,0,0,0,0,0,0,0,0,0,0,0,0,0,0,0,0,0,0,0,0,0,0,0,0,0,0,0,0,0,0,0,0,0,0,0,0,0,0,0,0,0,0,0,0,0,0,0,0,0,0,0,0,0,0,0,0,0,0,0,0,0,0,0,0,0,0,0,0,0,0,0,0,0,0,94,0,0,0,0,0,0,0,0,0,0,0,0,0,0,0,0,0,0,0,0,0,0,0,0,0,0,0,0,0,0,0,0,0,0
"D481",0,0,0,0,0,0,0,0,0,0,0,0,0,0,0,0,0,0,0,105,0,0,0,0,0,0,0,0,0,0,7,0,0,44,0,0,0,0,0,0,0,0,0,0,0,0,0,0,505,0,0,0,0,0,0,0,0,0,0,0,0,0,3,0,0,13,0,0,0,0,0,0,0,0,0,0,0,0,0,0,17,0,0,0,0,151,0,0,0,23,0,0,0,14,0,0,0,0,0,0,0,0,0,0,0,0,0,0,0,0,0,0,0,0,0,0,0,0,0,0,0,0,0,0,0,0,0,0,0,0,0,0,0,0,0,0,0,0,0,0,0,0,0,0,0,0,0,0,0,0,0,0,0,4,0,0,0,0,0,0,0,0,0,0,0,0,0,0,0,0,0,0,0,0,0,0,0,0,0,0,0,0,0,0,137,0,0,0,0,0,0,0,0,67,0,0,0,0,0,0,0,0,0,0,0,0,0,0,0,0,0,0,0,0,0,0,0,0,0,0,0,0,3,0,0,0,0,0,0,0,0,0,0,0,0,0,0,0,0,0,0,0,0,0,0,0,0,0,0,0,0,0,0,0,0,0,0,0,0,0,0,0,0,0,0,0,0,0,0,0,0,0,0,0,0,0,0,0,0,0,0,0,0,0,0,0,0,0,0,0,0,0,3,0,0,0,0,0,0,0,0,0,0,0,0,0,0,0,0,0,0,0,0,0,0,0,0,0,0,0,0,0,0,0,0,0,0,0,0,0,0,0,0,0,0,0,0,0,0,0,0,0,0,0,0,0,0,0,0,0,0,0,0,0,0,0,0,0,0,0,0,0,2009,0,0,0,0,0,0,0,0,0,0,0,0,0,0,0,0,0,0,0,0,0,0,0,0,225,0,0,0,0,0,0,0,0,0,0,62,22,28,0,0,0,0,0,0,0,0,0,0,0,0,0,0,134,0,0,0,0,0,0,0,0,0,0,0,0,0,0,11,0,0,0,0,0,0,0,0,0,0,0,0,0,0,0,0,0,0,0,0,0,0,0,0,0,0,0,0,0,0,0,0,0,0,0,0,0,0,0,0,0,0,0,0,0,0,360,0,0,0,0,0,0,0,0,77,0,0,0,0,0,0,17,0,0,0,0,38,0,0,0,0,0,0,0,0,0,0,0,0,0,0,0,0,0,0,0,0,0,0,0,0,0,0,0,0,0,0,0,0,0,0,13,0,0,0,0,0,0,0,0,0,0,0,0,0,0,95,0,0,0,0,40,0,0,0,0,0,0,0,0,0,0,0,0,0,0,0,0,0,149,0,0,0,0,0,0,0,54,0,0,0,0,0,0,0,0,0,0,0,0,0,1,0,3,0,0,0,0,0,0,0
"D482",0,0,0,0,0,0,0,0,0,0,0,0,0,0,0,0,0,0,7,0,0,0,0,0,0,0,0,0,0,0,0,0,0,0,0,0,0,0,0,0,0,0,0,0,0,0,0,0,0,0,0,0,0,0,0,0,0,0,0,0,0,0,0,0,0,0,0,0,0,0,0,0,0,0,0,0,0,0,0,0,6,0,0,0,0,0,0,0,0,0,0,0,0,0,0,0,0,0,0,0,0,0,0,0,0,0,1,0,0,0,0,0,0,0,0,0,0,0,0,0,0,0,0,0,0,0,0,0,0,0,0,0,0,0,0,0,0,0,0,0,0,0,0,0,0,0,0,0,0,0,0,0,0,0,0,0,0,0,0,0,0,0,0,0,0,0,0,0,0,0,0,0,0,0,0,0,0,0,0,0,0,0,0,0,0,0,0,0,0,0,0,0,0,0,0,0,0,0,0,0,0,0,0,0,0,0,0,0,0,0,0,0,0,0,0,0,0,0,0,0,0,0,0,328,0,0,0,0,0,0,0,0,0,0,0,0,0,0,0,0,0,0,0,0,0,0,0,0,0,0,0,0,0,0,0,0,0,0,0,0,0,0,0,0,0,0,0,0,0,0,0,0,0,0,0,0,0,0,0,0,0,0,0,0,0,0,0,0,0,0,0,0,0,0,0,0,0,0,0,0,0,0,0,0,0,0,0,0,0,0,0,0,0,0,0,0,9,0,0,0,0,0,0,0,0,2,0,0,0,0,0,0,0,0,0,0,0,0,0,0,0,0,0,0,0,0,0,0,0,0,0,0,0,0,0,0,0,0,0,0,0,0,0,0,0,0,0,0,0,0,0,0,0,0,0,0,0,0,0,0,0,0,0,0,0,0,0,0,0,0,0,0,0,0,0,0,0,0,0,0,0,0,0,0,0,0,0,0,0,0,0,0,0,0,0,0,0,0,0,0,0,0,0,0,0,0,0,0,0,0,0,0,0,0,0,0,0,0,0,0,0,0,0,0,0,0,0,0,0,0,0,0,0,0,0,0,0,0,0,0,0,0,0,0,0,0,0,0,0,0,0,0,0,0,0,0,0,0,0,0,0,0,0,0,0,0,0,0,0,0,0,0,0,0,0,0,0,0,0,0,0,0,0,0,0,0,0,363,0,0,0,0,0,0,0,0,0,0,0,0,0,0,0,0,0,0,0,0,0,0,0,0,0,0,0,0,0,0,0,0,0,0,0,0,0,0,0,0,0,0,0,0,0,0,0,0,0,0,0,0,0,11597,0,0,0,0,0,0,0,0,0,0,0,0,0,0,0,0,61,0,0,0,0,0,0,0,0,0,0,0,0,0,0,0,0,0,0,0,0,0,0,0,0
"D483",0,0,0,0,0,0,0,22,0,9,0,0,0,0,0,0,0,0,0,0,10,0,0,0,0,0,880,0,0,0,107,0,0,0,0,0,0,0,0,0,0,0,0,0,0,0,0,0,0,0,2,0,0,0,0,0,0,0,0,0,0,0,31,0,0,0,2,0,0,0,0,4,138,0,0,0,0,0,0,0,190,0,0,0,0,775,0,91,0,39,0,0,0,0,18,0,1634,0,0,0,0,0,23,67,0,3,0,0,0,0,0,0,0,0,0,0,0,0,0,0,0,33,0,0,0,0,0,563,0,0,0,0,0,0,0,0,0,319,0,0,0,0,0,0,0,0,0,0,0,0,0,0,0,2,0,0,0,30,0,0,0,0,0,0,0,0,0,0,0,0,110,0,0,0,0,0,0,0,0,0,0,0,0,0,185,0,0,0,0,0,0,0,0,0,0,0,0,0,0,0,0,439,2,0,0,0,0,0,0,0,0,0,0,0,0,0,0,0,0,0,0,0,4,0,0,0,10,0,0,0,953,37,24,0,0,0,0,0,0,0,0,3,0,0,0,0,0,0,55,0,0,0,0,0,0,0,0,0,0,0,0,17,0,0,0,0,0,0,0,0,0,0,0,2,0,0,0,0,0,0,0,0,81,0,0,0,7,4,0,0,0,0,0,0,0,0,0,0,0,0,0,0,0,0,0,0,0,0,0,0,0,0,0,0,0,0,0,0,0,189,0,0,0,0,0,0,0,0,0,0,0,0,0,0,0,0,0,0,189,0,0,20,51,0,0,0,18,0,0,0,0,0,0,0,0,0,0,0,0,0,30,0,0,0,0,0,0,0,89,0,0,0,0,0,0,0,0,0,0,0,0,0,0,0,1,0,0,0,0,3,0,0,0,0,0,0,2,0,594,0,0,0,16,0,0,0,92,0,0,0,0,0,0,0,0,0,0,0,0,0,21,0,0,0,15,0,0,0,0,0,0,58,33,0,17,0,0,0,0,5,0,0,186,0,2,0,2,0,0,0,0,0,0,0,0,61,0,0,0,0,0,0,0,0,0,0,0,0,0,0,0,0,0,0,0,0,12,101,0,0,0,0,0,0,0,0,0,0,0,0,0,0,0,0,0,0,1,0,0,0,44,0,0,0,14,2,0,0,0,0,0,0,0,0,3354,0,68,0,0,0,0,0,0,0,0,0,31,0,0,0,0,0,0,13,0,0,0,0,0,0,0,0,562,0,0,0,0,0,0,269,0,0,0,0,0,0,0,0,0,0,0,0,0,0,0,0,0,0,0,0,0,0,0,0,0,0,0,0,0,0,0,0,0,0,0,0,65,0,0,640,58,0,0,0,0,0,0,0,0,0,0,0,0
"D484",0,0,0,125,0,0,4095,0,4,0,0,0,0,0,0,0,0,0,0,0,3,0,0,0,0,3,0,0,0,0,0,0,2,92,0,0,0,0,0,0,2,4,0,0,0,0,0,0,0,0,511,0,0,0,0,0,0,7,0,1,0,0,0,367,0,0,0,0,0,0,0,0,0,0,0,0,0,0,0,0,0,0,153,0,0,0,17,0,0,0,0,0,0,0,0,0,4,0,0,0,0,0,0,0,0,0,0,0,0,0,2078,0,241,0,0,3,0,7,0,0,0,0,0,0,0,0,0,0,0,2,0,2,0,7,0,0,800,0,0,0,0,0,6,0,0,0,0,0,0,33,0,3,0,0,0,559,0,0,0,0,0,0,0,0,0,0,5894,0,0,0,0,0,0,9,0,0,0,0,0,11,0,0,0,0,0,0,3,5,0,0,0,0,0,0,0,0,0,0,0,0,0,0,0,0,0,0,5,0,0,0,11,0,2,0,0,2,14,0,0,0,0,0,0,53,0,0,0,0,0,0,0,0,0,4030,0,0,0,0,0,0,11,0,3,4,0,0,0,0,0,29,0,0,0,2,0,0,0,0,57,0,0,10,0,0,0,0,0,0,0,0,0,0,0,0,0,470,0,0,0,0,0,0,0,0,0,0,7,0,0,0,0,0,1,0,0,0,0,0,0,134,0,0,0,0,33,13,0,0,6,0,0,6,0,0,0,34,0,0,1,0,0,0,0,0,0,0,0,0,0,0,0,0,60,0,0,0,0,0,0,0,0,0,10,0,0,0,0,0,0,0,0,0,0,3,0,5,0,0,2,0,0,14,8,0,0,0,0,0,0,0,0,0,0,0,0,0,0,0,0,21,71,0,0,0,0,0,0,0,0,0,0,0,0,0,0,0,0,0,0,0,0,0,0,0,0,0,0,0,21,0,6,0,0,0,0,0,0,0,0,0,0,0,0,0,0,0,0,0,0,0,0,0,0,0,0,0,0,3,0,5,0,0,0,0,0,0,0,0,0,0,0,89,0,0,0,0,0,0,0,0,0,0,10,0,69,0,0,0,0,0,0,0,17,0,0,0,0,0,0,2776,0,0,21,0,0,0,0,2,2,0,0,0,0,0,0,66,134,0,0,0,0,13,3,0,0,0,0,5,0,0,0,0,0,0,0,0,0,0,0,0,0,0,0,0,102,12,10,0,0,0,0,0,0,0,0,0,0,0,0,0,20,0,0,0,0,0,0,0,0,0,0,0,0,0,0,0,3,0,5,0,2,0,0,0,0,0,0,1355,0,0,0,0,0,0,0,0,0,0,0,0,0,0,0,0,0,0,0,0,0,0,0,0,0,0,0,0,0,0,0,0,17,0,0
"D485",0,212,0,0,0,0,0,0,0,0,4,58,0,9,0,0,25,0,0,0,5,82,0,9,0,0,0,0,2,0,2,0,6,0,0,0,0,0,0,172,0,15,309,0,32,0,0,0,0,18,0,0,38,0,0,0,2,0,0,470,0,0,7,0,0,0,0,4,10,39,0,0,0,0,0,6,66,0,8,0,0,0,0,2,64,0,0,0,62,0,6,0,0,0,0,0,0,0,11,18,0,0,0,0,0,0,3,5,94,84,0,0,0,0,0,0,0,0,0,0,528,0,0,0,45,0,0,0,0,0,51,0,0,0,0,8,0,0,0,0,18,0,0,0,0,0,0,0,36,0,0,9,325,18,0,0,0,7,58,265,26,0,301,57,0,0,0,8,0,0,0,0,0,0,0,2,10,3,0,37,0,0,0,0,0,10,14,0,0,15,0,286,0,0,0,0,0,0,3,0,2,0,0,0,0,0,0,0,0,0,0,13,0,75,0,0,0,0,16,7,0,0,3,39,0,1901,5,0,0,0,0,0,0,0,0,0,0,768,10,0,2,18,0,0,0,3,28,0,0,0,0,21,4,0,6,95,0,0,0,0,0,0,117,0,0,0,0,0,0,12,0,226,7,0,0,0,0,66,0,0,981,0,0,43,6,0,3,0,0,0,0,0,0,56,0,0,0,0,0,151,0,0,0,141,24,0,0,47,26,142,0,0,11,0,0,0,14,54,0,0,123,34,18,1,0,0,0,12,101,34,0,0,0,0,154,58,0,29,0,13,22,0,0,73,10,7,7,0,0,11,89,25,115,0,0,0,0,0,0,0,0,0,0,3,0,0,30,24,0,0,51,7,0,0,13,0,18,212,0,0,0,0,0,0,0,16,169,0,0,0,0,0,0,0,0,5,0,0,0,0,0,0,0,0,0,0,0,0,0,0,0,59,0,0,0,0,8,0,0,0,0,0,0,0,0,242,0,455,0,0,21,0,0,0,0,276,0,0,0,0,58,0,0,0,0,1,0,128,0,0,0,0,0,0,7,0,0,0,112,35,5,0,0,6,4,0,0,18,0,25,0,0,0,0,0,0,0,0,0,0,0,94,0,0,0,0,1,0,0,0,0,7,1,0,0,0,0,2,0,34,0,0,0,0,0,771,2890,0,0,0,65,24,0,53,0,0,0,55,0,95,13,0,931,0,0,0,0,21,14,69,0,0,0,0,0,0,0,13,43,7,0,0,0,0,38,0,0,3,116,0,0,0,50,0,0,0,126,3,0,3,0,0,16,0,2,0,55,0,0,5,0,0,0,8,150,0,20,0,6467,2,0,34,0,3,14,0,0,4,0,0,0,0,3,1,443,0,0,0,20,0,0,0,0
"D486",5,67,36,0,1,8,0,20,0,0,67,57,0,15,0,13,4,8,0,0,0,7,152,11,67,0,0,0,36,0,225,0,2,0,46,1,0,0,9,118,0,0,107,1,25,0,0,8,0,17,0,0,6,1,0,0,36,0,0,76,108,0,8,0,0,45,3,2,3,0,0,0,0,0,3,23,0,0,1,0,0,0,0,6,0,0,0,0,132,0,3,0,0,0,8,0,0,3,0,0,0,0,0,0,4,0,0,2,59,1,0,3,0,2,29,3,5,0,20,41,33,0,80,0,30,66,0,0,0,0,528,0,5,0,2,64,0,0,6,0,0,0,0,0,0,9,16,2,69,0,0,11,60,5,3,0,0,1,28,43,0,0,41,2,0,0,0,1,0,86,0,0,0,10,0,14,0,18,0,0,9,10,28,0,0,11,0,0,0,0,2,2,8,0,5,7,39,3,6,24,2,0,29,0,91,237,0,0,10,12,2,0,0,1,0,0,0,0,11,0,28,10,0,0,0,3316,0,183,4,0,0,0,0,0,0,2,15,410,35,0,0,0,0,2,0,0,0,118,0,0,21,0,27,12,2,2,0,135,0,0,24,0,0,164,0,0,82,2,20,2,0,21,0,0,63,0,21,50,0,1,142,0,0,6,3,4,0,0,3,1,5,0,0,62,206,0,9,54,0,2,3,0,76,27,16,0,0,0,187,4,0,0,42,73,12,0,2,16,0,0,2,13,10,29,0,2,0,18,0,214,86,64,24,67,7,55,14,187,0,0,4,0,2,178,0,15,1,20,6,12,15,86,18,0,2,0,4,24,0,0,0,0,0,142,0,0,21,2,0,0,3,7,0,0,138,0,13,0,49,0,0,107,0,2,0,0,380,0,14,0,141,0,33,0,2,100,0,0,0,0,0,0,0,5,66,0,0,0,0,1,0,98,20,0,0,0,25,9,0,0,13,0,5,2,1,14,1,158,0,0,9,0,0,0,0,4,1,0,0,0,2,0,0,56,50,2,2,131,0,0,2,0,0,519,6,0,0,6,0,76,0,11,0,11,17,5,3,0,7,42,0,0,1,14,95,0,0,0,3,0,0,44,0,9,51,0,22,0,12,52,0,0,3,0,4,0,0,2,0,30,0,0,0,7,0,623,187,0,0,0,0,7,2,7,0,0,2,0,12,7,11,0,61,44,0,0,27,2,60,9,6,23,21,3,0,92,0,13,0,6,0,0,0,11,191,28,11,0,25,0,14,0,13,0,0,43,32,13,6,289,0,0,5,10,10,2,93,0,0,0,4,0,0,15,43,0,79,0,53,6,14,15,51,3,0,5,0,29,0,0,87,0,0,5,239,0,0,0,0,3,0,2,0
"D487",0,0,0,0,0,0,0,0,0,0,0,0,0,0,0,0,0,0,0,0,0,0,0,0,0,0,0,0,0,0,0,0,0,0,0,0,0,0,0,0,0,0,0,0,0,0,0,0,0,0,0,0,0,0,0,0,0,0,0,0,0,0,0,0,0,0,0,0,0,0,0,0,0,0,0,0,0,0,0,0,0,0,0,0,0,0,0,0,0,0,0,0,0,0,0,0,0,0,0,0,0,0,0,0,0,0,0,0,0,0,0,0,0,0,0,0,0,0,0,0,0,0,0,0,0,0,0,0,0,0,0,0,0,0,0,0,0,0,0,0,0,0,0,0,0,0,0,0,0,0,9,0,0,0,0,0,0,0,0,0,0,0,0,0,0,0,0,0,0,0,0,0,0,0,0,0,0,0,0,0,0,0,0,0,0,0,0,0,0,0,0,0,0,0,0,0,0,0,0,0,0,0,0,0,0,0,0,0,0,0,0,0,0,0,0,0,0,0,0,0,0,0,0,0,0,0,0,0,0,0,0,0,0,0,0,0,0,0,0,0,0,0,0,0,0,0,0,0,0,0,0,0,0,0,0,0,0,0,0,0,0,0,0,0,0,0,0,0,0,0,0,0,0,0,0,0,0,0,0,0,0,0,0,0,0,0,0,0,0,0,0,0,0,0,0,0,0,5,0,0,0,0,0,0,0,0,0,0,0,0,0,0,0,0,0,0,167,0,0,0,0,0,0,0,0,0,0,0,0,0,0,0,0,0,0,0,0,0,0,0,0,0,0,0,0,0,0,0,3848,0,0,0,0,14,0,0,0,0,0,0,0,0,0,0,0,0,0,0,0,0,0,0,0,0,0,0,0,0,0,0,0,0,0,0,0,0,0,0,0,0,0,0,0,0,0,0,0,0,0,0,0,0,0,0,0,0,0,0,0,0,0,0,0,0,0,0,0,0,0,0,0,0,0,0,0,0,0,0,0,0,0,0,0,0,0,0,0,243,0,0,0,0,0,0,0,0,0,0,0,0,0,57,0,0,0,0,0,0,0,0,0,0,0,0,0,0,0,0,0,0,0,0,0,0,0,0,0,0,0,0,0,0,0,0,0,0,0,0,0,0,0,0,0,0,0,0,0,0,0,0,0,0,0,0,0,0,0,5,0,0,0,0,0,0,0,0,0,0,0,0,0,0,0,0,227,0,0,0,0,0,0,0,0,0,0,0,0,0,0,0,0,0,0,0,0,0,0,0,0,0,0,0,0,0,0,0,0,0,0,0,0,54,0,0,0,0,0,0,0,0,0,0,0,0,0,0,0,0,0,0,0,0,0,0,0,0,0,0,0,0,0,0,0,0,0,0,0,0,0,0,0,0,0
"D488",0,0,0,0,0,0,2,0,0,0,0,0,0,0,0,0,0,0,0,0,0,0,0,0,0,0,0,0,0,0,0,0,0,0,0,0,0,0,0,0,0,0,0,0,0,0,0,0,0,0,0,0,6341,0,0,0,0,0,284,0,0,9,0,0,0,0,0,0,0,0,0,0,0,0,0,0,0,0,0,0,0,0,2,0,0,0,0,0,0,0,0,0,0,0,0,0,0,0,0,0,0,0,0,0,0,0,0,0,0,0,0,0,0,0,0,0,0,0,0,0,0,0,0,0,0,0,0,0,0,0,0,0,0,0,0,0,0,0,0,0,0,0,0,0,0,0,0,0,0,0,3511,0,0,0,0,0,0,0,0,0,0,0,0,0,0,0,0,0,0,0,0,0,0,12,0,0,17,0,0,0,0,0,0,0,0,0,0,0,0,0,0,0,0,0,0,0,0,0,0,0,0,0,0,0,0,0,0,0,0,0,0,0,0,0,0,0,0,18,0,0,0,0,0,0,0,0,0,0,0,0,0,0,0,0,0,0,0,0,0,0,0,0,0,0,0,0,0,0,0,0,0,0,0,0,0,0,2250,0,0,0,0,0,0,0,0,0,0,0,0,0,0,0,66773,0,0,0,0,0,0,0,0,0,0,0,0,0,0,0,0,0,0,0,0,0,0,0,0,0,0,0,0,0,0,0,0,0,0,0,0,0,0,0,0,0,0,0,0,0,0,0,0,0,0,0,0,0,265,0,0,0,0,0,57,0,0,0,0,0,0,0,0,0,3,0,0,0,0,0,0,0,0,0,0,0,0,0,0,0,0,0,0,8,0,0,0,0,0,0,0,0,0,0,0,0,0,0,0,0,0,0,0,0,0,0,0,0,0,0,0,0,0,0,0,0,0,0,0,0,0,0,0,0,0,0,0,0,0,0,0,0,0,0,0,0,0,0,0,0,0,0,0,0,0,0,0,0,0,0,0,0,0,0,0,0,0,0,0,0,0,0,0,0,0,0,0,0,0,0,0,0,95,0,0,0,0,0,0,0,0,0,210,0,0,0,0,0,0,0,0,0,0,0,0,0,0,0,0,0,0,0,0,0,0,0,0,0,0,0,0,0,0,0,0,0,0,0,0,0,0,0,0,0,0,0,0,0,0,0,0,0,0,0,0,0,0,0,0,0,0,0,0,0,0,0,0,4,0,0,0,0,0,0,0,0,0,0,0,0,0,0,0,0,0,0,0,0,0,0,0,0,0,0,0,0,0,0,0,0,0,0,0,0,0,0,0,0,0,0,0,0,0,0,0,0,0,0,0,0,0,0,0,0,0,0,0,0,0,0,0,0,0,0,0,0,0,0,0,0,0,0,0,0,0
"D489",0,0,0,0,0,0,12,0,64,0,0,0,0,0,0,0,0,0,0,0,0,0,0,0,0,18,19,0,0,0,0,0,0,446,0,0,0,0,0,0,0,18,0,0,0,0,0,0,0,0,0,0,0,0,36,0,0,0,0,0,0,0,0,0,0,0,0,876,0,0,0,0,0,0,0,0,0,0,0,0,0,0,19,0,0,0,7,0,0,0,0,0,0,0,0,0,0,0,0,0,0,0,0,0,0,0,0,0,0,0,54,0,4,0,0,0,0,0,0,0,0,0,0,0,0,0,0,0,0,0,0,0,0,0,0,0,29,0,0,0,0,0,0,0,0,0,0,0,0,0,0,0,0,0,0,181,0,0,0,0,0,0,0,0,0,0,16,0,0,0,0,0,0,0,0,0,0,0,0,0,0,0,0,102,0,0,0,0,0,0,0,0,0,0,0,0,0,0,0,0,0,0,0,0,0,0,0,0,0,0,0,0,0,0,0,0,0,18,0,0,0,0,0,0,0,0,0,0,0,0,0,0,0,0,0,0,0,0,0,0,0,1213,0,0,0,0,0,0,0,0,0,0,0,0,0,0,0,0,0,0,0,0,0,0,0,0,0,0,0,0,0,0,0,0,0,7,0,0,0,0,19,0,8,0,0,0,0,0,0,0,0,0,0,0,0,0,0,0,0,27,0,0,0,0,0,0,0,0,0,0,0,0,0,0,0,0,0,0,0,0,0,0,0,0,0,0,0,0,0,0,0,0,30,0,0,0,0,0,98,0,0,0,0,0,0,0,0,0,0,0,0,0,0,0,0,0,0,0,0,0,0,5,0,0,0,0,0,0,10,0,9,0,0,0,0,0,0,0,0,0,0,0,0,0,0,0,0,0,0,0,0,0,0,0,0,0,0,0,0,0,0,0,0,0,0,0,0,0,0,0,0,0,0,0,0,0,0,0,0,0,0,0,0,0,0,0,0,0,0,0,0,0,0,0,0,0,0,0,0,11,0,0,0,0,0,0,0,0,0,0,0,8,0,0,0,0,0,0,0,0,0,0,0,0,0,0,0,0,0,0,0,0,0,0,0,0,0,0,0,0,0,0,12,0,0,0,0,0,0,0,0,0,0,0,0,0,0,0,0,0,0,0,0,0,0,0,0,0,0,0,0,0,0,0,0,0,0,0,0,0,0,0,0,0,39,0,0,0,0,0,0,0,0,0,0,0,0,0,0,0,0,0,0,0,0,0,0,0,0,0,0,0,0,0,205,0,0,0,0,0,0,0,0,0,0,0,0,1,60,0,0,0,0,0,0,0,0,0,0,0,0,0,0,0,0,0,0,0,0,0,0,0,0,0,0,0,0,0,0,0,46,0,0
"D490",0,0,0,0,0,0,23,0,0,0,0,0,895,0,0,34,0,0,0,126,11,0,0,0,0,0,0,0,0,0,0,0,0,186,0,0,21,0,0,0,0,0,0,0,0,0,0,0,491,0,0,0,0,0,0,0,0,0,0,0,0,0,0,6,0,6,0,0,0,0,0,0,0,0,0,0,0,0,0,0,0,0,0,0,0,200,0,0,0,14,0,0,0,0,0,0,0,0,0,0,0,0,0,12,0,0,0,0,0,0,6,0,0,0,0,0,0,0,0,0,0,0,0,0,0,0,0,8,0,0,0,0,0,0,0,0,0,0,0,0,0,0,0,7,0,0,0,0,0,0,0,0,0,12,0,0,0,0,0,0,0,0,0,0,0,0,0,0,0,0,0,0,0,0,0,0,0,0,0,0,0,0,0,0,370,0,0,0,0,0,0,0,0,5974,0,0,0,0,0,0,0,0,0,0,0,0,0,0,0,0,0,0,0,0,0,0,0,0,0,0,0,0,0,0,910,0,0,0,0,0,0,0,0,9,0,0,0,0,0,0,0,0,0,0,0,0,0,0,0,0,0,0,0,0,0,0,0,0,0,0,0,0,0,0,0,0,0,0,0,0,0,0,0,0,0,0,0,0,0,0,0,0,0,0,0,0,0,4,0,0,0,0,835,0,0,4,0,0,0,0,0,0,0,0,0,0,0,0,0,0,0,0,0,0,0,0,0,0,0,0,0,0,0,0,0,0,0,0,0,0,0,0,10,0,0,0,0,0,0,0,0,0,1,0,0,0,0,0,0,0,0,0,0,0,0,0,0,0,0,0,0,0,2,0,0,0,0,0,0,0,0,0,0,0,0,0,0,0,0,0,0,0,0,0,0,102,0,97,0,0,0,0,0,0,0,0,2,0,263,0,432,0,0,0,0,0,0,0,0,0,0,0,0,0,0,1834,0,0,3,0,0,0,0,0,0,0,0,0,0,0,4,0,0,0,0,0,0,0,0,0,0,0,0,0,0,0,0,0,0,0,0,59,0,0,0,0,0,0,0,0,3,0,0,0,0,0,0,0,0,0,0,0,0,0,0,0,0,1487,0,0,0,0,0,0,0,0,0,0,0,0,0,0,0,0,0,0,0,32,38,0,0,0,5,0,0,0,0,0,0,0,0,0,0,0,0,0,0,0,0,0,0,0,0,0,0,0,0,0,0,0,0,0,0,0,0,0,0,0,0,0,0,0,0,0,0,0,0,0,0,0,0,0,0,251,0,0,0,0,0,0,0,0,0,0,0,0,0,0,0,7,0,0,0,0,0,0,0,0,0,256,0,0,0,0,0,0,0,0,0,0,0,0,0,74,0,3,0,0,0,0,0,0,0
"D491",0,0,0,0,0,0,0,0,0,0,0,0,0,0,0,0,0,0,0,0,0,0,0,0,0,0,0,0,0,0,0,0,0,0,0,0,0,0,0,0,0,0,0,0,0,0,0,0,0,0,0,0,0,0,0,0,0,0,0,0,0,0,0,0,0,0,0,0,0,0,0,0,0,0,0,0,0,0,0,0,0,0,0,0,0,0,2,0,0,0,0,0,0,0,0,0,0,0,0,0,0,0,0,0,0,0,0,0,0,0,0,0,0,0,23,0,0,0,0,0,0,0,0,0,0,0,0,0,0,0,0,0,0,0,0,0,0,0,0,0,0,0,0,0,0,0,0,0,0,0,0,0,0,0,0,0,0,0,0,0,0,0,0,0,0,0,0,0,0,0,0,0,0,0,0,0,0,1,0,0,0,0,0,0,0,0,0,0,0,0,0,5,0,0,0,0,0,0,0,0,0,0,0,0,0,0,0,0,0,0,0,0,0,0,0,0,0,0,0,0,0,0,0,26,0,0,0,0,0,0,0,0,0,0,0,0,0,0,0,0,0,0,0,0,0,32,0,0,0,0,0,0,0,0,0,0,0,0,0,0,0,0,0,0,0,0,0,0,0,0,0,0,0,0,0,0,0,0,0,0,0,0,0,0,0,0,0,0,0,0,0,0,0,0,0,0,0,0,0,0,0,0,0,0,0,0,0,0,0,0,0,0,0,0,0,0,1,0,0,0,0,0,0,0,0,0,0,0,0,0,0,0,0,0,0,0,0,0,0,0,0,0,0,0,0,0,0,0,0,0,0,0,0,0,0,0,0,0,0,0,0,0,0,0,0,0,0,2,0,0,0,0,0,0,0,0,0,0,0,0,0,0,0,0,0,0,0,0,0,0,0,0,0,0,0,0,0,0,0,0,0,0,0,0,0,0,0,0,0,0,0,0,0,0,0,0,0,0,0,0,0,0,0,0,0,8,0,0,0,0,0,0,0,0,0,0,0,0,0,0,0,0,0,0,0,0,0,0,0,0,0,0,0,0,0,0,0,0,0,0,0,0,0,0,0,0,0,0,0,0,0,0,0,0,0,0,0,0,0,0,0,0,0,0,0,0,0,0,0,0,0,0,0,0,0,0,0,0,0,0,0,0,0,0,0,0,0,458,0,0,0,0,0,0,0,0,0,0,0,0,0,0,0,0,0,0,0,0,0,0,0,0,0,0,0,0,0,0,0,0,0,0,0,0,0,0,0,0,0,0,0,0,0,0,0,0,0,0,0,0,0,7653,0,0,0,0,0,0,0,0,0,0,0,0,0,0,0,0,120,0,0,0,0,0,0,0,0,0,0,0,0,0,0,0,0,0,0,0,0,0,0,0,0
"D492",0,0,0,0,0,0,0,0,0,0,0,3,0,3,29,33,0,0,0,0,5,0,0,2,0,0,18,0,0,2,18,0,1,59,0,1,0,0,0,0,2,0,0,0,0,78,7,0,20,0,0,38,0,2,3,1,0,0,0,0,0,0,7,0,128,0,14,0,0,0,0,31,336,0,0,0,3,7,3,0,123,0,0,0,2,141,896,1,0,27,4,0,0,50,2,0,43,4,0,4,11,0,89,2,0,0,0,0,1,0,0,0,0,0,0,0,2,0,16,0,0,3,0,0,0,0,0,262,3,0,0,0,0,0,0,0,0,62,0,0,38,0,0,24,20,0,0,3,3,0,0,4,0,4,0,0,76,0,0,0,0,0,0,0,0,0,0,2,6,0,43,5,12,15,0,3,0,0,0,0,0,0,0,0,617,0,0,0,0,6,0,0,0,21,0,0,0,0,0,0,0,5,5,0,0,0,0,0,0,8,1,0,0,0,0,0,0,0,0,0,0,2,2,0,2,0,0,0,0,0,20,2,30,0,5,0,0,0,0,0,12,0,0,127,24,0,0,0,54,0,0,0,1,12,2,0,0,0,0,0,0,0,0,0,0,5,0,0,0,0,0,0,0,0,0,0,0,0,0,0,9,0,3,5,0,0,2,9,21,0,0,0,0,0,32,0,0,0,0,8,0,0,4,0,17,0,5,0,2,0,0,0,0,0,1,0,0,0,0,0,0,0,0,0,0,0,0,0,0,0,7,0,28,2,0,0,0,0,48,12,0,2,13,0,0,0,3,0,10,0,0,0,2,0,0,0,0,0,0,0,16,0,32,5,0,0,0,0,5,0,0,0,0,5,0,0,0,7,0,0,0,0,6,12,49,0,0,0,8,0,0,3,0,2,0,0,20,0,143,39,20,0,0,7,0,0,0,0,0,0,0,0,0,0,0,279,0,0,9,0,2,0,3,0,3,0,2,0,8,0,6,3,120,10,11,0,3,0,0,0,0,2,298,0,0,3,20,0,5,0,0,0,0,0,2,15,20,0,0,0,0,0,0,0,2,0,0,0,0,0,0,0,0,10,0,0,63,604,0,0,0,0,0,0,3,14,1,0,12,0,26,2,0,0,11,0,0,8,0,0,55,0,2,0,35,8,0,0,0,0,0,0,0,0,859,0,0,4,0,0,0,27,0,0,0,0,0,0,6,2,0,0,0,5,0,2,0,0,6,0,0,0,39,0,0,0,0,0,11,336,7,0,0,26,8,0,0,2,0,3,0,0,0,0,0,0,2,0,0,2,0,0,0,0,0,8,0,0,0,78,0,0,0,0,0,10,13,2,0,668,33,42,11,0,3,0,0,0,0,3,0,0,0
"D493",0,0,0,0,0,0,0,0,0,0,0,0,0,0,0,0,0,0,0,0,0,0,0,0,0,0,0,0,0,0,0,0,0,0,0,0,0,0,0,0,0,24,0,0,0,0,0,0,0,0,0,0,0,0,0,0,0,0,0,0,0,0,0,0,0,0,0,0,0,0,0,0,0,0,0,0,0,0,0,0,0,0,0,0,0,0,0,0,0,0,0,0,0,0,0,0,0,0,0,0,0,0,0,0,0,2,24,0,0,0,0,0,0,0,0,0,0,0,0,0,0,0,0,0,0,0,0,0,0,0,0,0,0,0,0,0,0,0,0,0,0,0,0,0,0,0,0,0,0,0,0,0,0,0,0,0,0,0,0,0,0,0,0,0,0,0,0,0,0,0,0,0,0,0,0,0,0,0,0,0,0,0,0,0,0,0,0,0,0,0,0,0,0,0,0,0,0,0,0,0,0,0,0,0,0,0,0,0,0,0,0,0,0,0,0,0,686,0,0,0,0,0,0,115,0,0,0,0,0,0,0,0,0,0,0,0,0,0,0,0,0,0,1113,0,0,0,0,0,0,0,0,0,0,0,0,0,0,0,0,0,0,0,0,0,0,0,0,0,0,0,0,0,0,0,0,0,0,0,0,0,0,0,0,0,0,0,0,0,0,0,0,0,0,0,0,0,0,0,0,0,0,0,0,0,0,0,0,0,0,0,0,0,0,0,0,0,0,0,0,0,0,0,0,0,0,0,0,0,0,0,0,0,0,0,0,0,0,0,0,0,0,0,0,0,0,0,0,0,0,0,0,0,0,0,0,0,0,0,0,0,0,0,0,0,0,0,0,0,0,0,0,0,0,0,0,0,0,0,0,0,0,0,0,0,0,0,0,0,0,0,0,0,0,0,0,0,0,0,0,0,0,0,0,0,0,0,0,0,0,0,0,0,0,0,0,0,0,0,0,0,0,0,0,0,0,0,0,0,0,0,0,0,0,0,0,0,0,14,0,0,0,0,0,0,0,0,0,0,0,0,0,1,0,0,0,0,0,0,0,0,0,0,0,0,0,0,0,0,0,0,0,0,0,0,0,0,0,0,0,0,0,0,0,0,0,0,0,245,0,0,0,0,0,0,0,0,0,0,0,0,0,0,0,0,0,0,0,0,0,0,0,0,0,0,0,0,0,0,0,0,0,0,0,0,33,0,0,0,0,0,0,0,0,0,0,0,0,0,0,0,0,0,0,0,0,0,0,0,0,0,0,0,0,0,0,0,0,0,0,0,0,0,0,0,0,0,0,0,0,0,0,0,0,0,0,0,0,0,0,0,0,0,0,0,0,0,0,0,0,0,0,0,0,0,0,0,0,0,0,0,0,0,0
"D494",0,0,0,0,0,0,0,0,0,0,0,0,0,0,0,0,0,0,0,0,0,0,0,0,0,346,0,0,0,0,0,0,0,0,0,0,0,0,0,0,0,0,0,0,0,0,0,0,0,0,0,0,0,0,0,0,0,0,0,0,0,0,0,0,0,0,0,0,0,0,0,0,0,11,0,0,0,0,0,0,0,0,0,0,0,0,0,0,0,0,0,0,0,0,0,0,0,0,0,0,0,0,0,0,0,51,0,0,0,0,0,0,0,0,0,0,0,1320,0,0,0,0,0,2,0,0,0,0,0,0,0,0,0,2,0,0,0,0,0,0,0,0,24,0,0,0,0,0,0,0,0,0,0,0,0,0,0,0,0,0,0,0,0,0,0,0,0,0,0,0,0,0,0,0,0,0,0,0,0,0,0,0,0,2,0,0,0,0,0,0,0,0,0,0,0,0,0,0,0,0,0,0,0,5,0,0,0,0,0,0,0,0,0,0,0,0,2,182,0,0,0,0,0,0,0,0,0,0,0,0,0,0,0,0,0,0,0,0,0,0,0,0,0,0,0,0,0,0,0,0,0,0,0,0,0,0,0,0,1042,309,0,0,0,0,0,0,0,0,0,0,0,0,0,0,0,0,0,0,0,0,0,0,0,0,0,0,0,0,0,0,0,0,0,0,0,0,0,0,0,0,0,0,0,0,0,0,0,0,0,0,0,669,0,0,0,0,0,0,0,0,0,0,0,0,0,0,0,0,0,0,0,0,0,0,0,0,0,0,0,0,0,0,0,0,0,0,0,0,0,0,0,0,0,0,0,39,0,0,96,0,0,0,0,0,0,0,0,0,0,0,0,0,0,0,0,0,0,0,0,0,0,0,0,0,0,0,0,0,0,0,0,0,0,0,0,0,0,0,0,0,0,0,0,0,0,0,0,0,0,0,411,0,0,0,149,0,0,0,0,0,0,0,0,0,0,0,0,0,0,0,0,0,0,0,0,0,0,0,0,0,0,0,0,0,0,0,0,0,0,0,0,0,0,0,0,0,0,0,0,0,0,0,380,0,0,0,0,0,0,0,0,0,0,0,0,0,0,0,0,0,490,0,0,0,0,0,0,0,0,0,0,0,0,0,0,0,0,0,0,0,0,121,0,0,0,0,0,0,0,0,0,0,0,0,0,0,0,0,0,0,0,0,0,0,0,0,0,0,0,0,0,0,0,0,0,0,54,0,0,0,0,0,0,0,0,0,0,0,0,0,0,0,0,0,0,0,0,0,0,0,141,0,0,0,0,0,0,0,0,0,0,0,0,0,0,0,0,0,0,0,0,0,0,0,0,0,0,0,0,0,0,0,0,0,0,0,0,0,0,0,0,0,0
"D495",0,0,0,0,0,2,4,0,0,0,0,0,0,0,0,0,0,0,0,0,0,0,0,0,0,0,0,0,0,0,0,0,11,0,0,0,0,0,0,0,0,0,0,0,0,0,0,0,0,0,0,0,0,0,0,0,0,0,0,0,0,0,0,0,0,0,0,0,0,1699,0,0,0,0,0,0,0,0,0,0,0,0,0,0,0,0,0,0,0,0,0,0,0,0,0,0,0,0,0,0,0,0,0,0,0,0,0,0,0,0,0,0,0,0,0,16,0,0,0,0,0,0,0,0,0,0,0,0,0,0,0,0,0,0,0,0,0,0,0,0,0,0,0,0,0,0,0,0,0,0,0,0,0,0,0,0,0,0,0,0,0,0,0,0,5719,0,0,0,0,0,0,0,0,515,0,0,2,0,0,0,0,0,0,0,0,0,0,0,0,0,0,0,0,0,0,0,0,0,0,0,0,0,0,0,0,0,23,0,0,0,0,0,0,0,0,0,0,0,0,0,0,0,0,0,0,0,0,0,0,0,0,0,0,0,0,4,0,0,0,0,3,0,0,0,0,0,0,0,0,0,0,0,0,0,0,0,108,0,0,0,0,0,0,0,0,0,0,0,0,0,0,0,159,0,0,37,0,0,0,0,0,0,23,0,0,0,3,0,0,0,0,0,0,0,0,0,0,0,0,0,0,0,0,0,0,0,0,0,0,0,0,0,0,0,0,0,0,0,0,0,0,0,0,0,0,0,6,0,0,0,0,0,42,0,0,0,0,0,0,0,0,0,3,0,0,0,0,0,193,0,0,0,0,0,0,0,0,0,0,0,0,0,0,0,0,0,0,0,0,0,0,0,0,0,0,0,0,0,0,0,0,0,0,0,0,0,0,0,0,0,0,0,0,0,0,0,0,0,0,0,0,0,0,0,0,0,0,0,0,0,0,0,0,0,0,0,0,0,0,0,0,0,0,0,0,0,0,0,0,0,0,0,0,0,0,0,0,0,1,0,0,0,0,0,0,0,0,0,0,0,0,414,0,0,0,0,0,0,0,0,84,0,0,0,16,0,0,0,0,0,0,0,0,0,0,26,0,0,0,0,0,0,0,0,0,0,0,0,0,0,0,0,0,0,0,32,0,0,0,0,0,0,0,0,0,0,0,0,0,0,0,0,0,0,0,2,0,0,0,0,0,0,0,0,0,0,0,0,0,0,0,0,0,0,0,0,0,0,0,0,0,0,0,0,0,0,0,0,0,0,0,0,0,0,0,0,0,0,0,0,0,0,0,0,0,0,0,0,0,7,0,0,0,0,0,0,0,0,0,0,0,0,0,0,0,0,0,0,0,0,0,0,0,0,0,0,0,0,0,0,0,0,0
"D496",0,0,0,0,0,0,0,0,0,0,0,0,0,0,0,0,0,0,0,0,0,0,0,0,0,1799,0,0,0,0,0,0,0,0,0,0,0,0,0,0,0,214,0,0,0,0,0,0,0,0,0,0,0,0,0,0,0,0,0,0,0,0,0,0,0,0,0,0,0,0,0,0,0,6,0,0,0,0,0,0,0,0,0,0,0,0,0,0,0,0,0,0,0,0,0,0,0,0,0,0,0,0,0,0,0,62,0,0,0,0,0,0,0,0,0,0,0,3881,0,0,0,0,0,8,0,0,0,0,0,0,0,0,0,1,0,0,0,0,0,0,0,0,18,0,0,0,0,0,0,0,0,0,0,0,0,0,0,0,0,0,0,0,0,0,0,0,0,0,0,0,0,0,0,0,0,0,0,0,0,0,0,0,0,0,0,0,0,0,0,0,0,0,0,0,0,0,0,0,0,0,0,0,0,59,0,0,0,0,0,0,0,0,0,0,0,0,91,260,0,0,0,0,0,0,0,0,0,0,0,0,0,0,0,0,0,0,0,0,0,0,0,0,0,0,0,0,0,0,0,0,0,0,0,0,0,0,0,0,2814,1261,0,0,0,0,0,0,0,0,0,0,0,0,0,0,0,0,0,0,0,0,0,0,0,0,0,0,0,0,0,0,0,0,0,0,0,0,0,0,0,0,0,0,0,0,0,0,0,0,0,0,0,1741,0,0,0,0,0,0,0,0,0,0,0,0,0,0,0,0,0,0,0,0,0,0,0,0,0,0,0,0,0,0,0,0,0,0,0,0,0,0,0,0,0,0,0,210,0,0,522,0,0,0,0,0,0,0,0,0,0,0,0,0,0,0,0,0,0,0,0,0,0,0,0,0,0,0,0,0,0,0,0,0,0,0,0,0,0,0,0,0,0,0,0,0,0,0,0,0,0,0,2529,0,0,0,566,0,0,0,0,0,0,0,0,0,0,0,0,0,0,0,0,0,0,0,0,0,0,0,0,0,0,0,0,0,0,0,0,0,0,0,0,0,0,0,0,0,0,0,0,0,0,0,566,0,0,0,0,0,0,0,0,0,0,0,0,0,0,0,0,0,4626,0,0,0,0,0,0,0,0,0,0,0,0,0,0,0,0,0,0,0,0,283,0,0,0,0,0,0,0,0,0,0,0,0,0,0,0,0,0,0,0,0,0,0,0,0,0,0,0,0,0,0,0,0,0,0,0,0,0,0,0,0,0,0,0,0,0,0,0,0,0,0,0,0,0,0,0,0,0,0,594,0,0,0,0,0,0,0,0,0,0,0,0,0,0,0,0,0,0,0,0,0,0,0,0,0,0,0,0,0,0,0,0,0,0,0,0,0,0,0,0,0,0
"D497",23,9,73,51,0,36,235,0,1,0,0,0,45,0,0,0,0,0,0,0,54,0,0,0,0,0,0,0,0,0,0,136,71,415,0,0,0,0,0,0,0,0,0,0,0,0,0,0,0,23,0,26,1016,0,83,0,0,11,18,0,0,405,0,274,0,0,0,0,0,208,0,0,0,0,0,0,0,0,0,22,0,0,21,0,0,0,0,0,32,0,0,0,24,0,0,0,0,0,0,0,0,0,0,0,0,0,133,6,0,0,416,0,19,0,0,171,14,0,0,0,0,0,0,0,0,0,0,0,0,185,0,8,0,0,0,0,0,0,0,0,0,0,15,0,0,0,0,0,0,0,20,0,15,0,0,0,0,0,0,0,0,11,0,0,1254,0,11,0,0,0,0,0,0,1123,0,0,120,0,0,0,0,0,0,0,0,0,0,183,0,0,0,0,0,0,0,0,0,34,0,0,7,0,0,0,0,0,54,0,0,0,0,0,0,0,0,3,0,0,0,0,19,0,0,513,0,0,0,0,0,0,0,0,0,0,0,0,0,0,2,0,0,0,0,0,0,0,0,0,0,121,0,5,0,0,0,76,0,0,400,29,0,816,0,6,0,0,0,0,0,0,0,0,6,0,0,0,0,0,0,0,36,14,54,0,0,53,182,0,0,0,0,44,0,0,0,0,0,0,0,0,0,0,0,0,4,321,0,62,27,0,33,0,8,9,0,10,0,0,141,0,0,0,0,0,0,0,13,0,0,0,0,0,546,0,0,0,0,0,0,0,0,0,522,0,101,0,129,0,19,0,0,0,0,0,0,0,21,3,0,0,0,20,0,0,0,90,3,0,0,20,246,58,0,0,0,0,0,0,0,0,212,0,0,0,0,0,0,0,0,0,0,0,0,0,0,39,93,7,0,0,0,0,0,34,0,0,0,0,0,0,0,0,0,0,24,0,0,0,0,0,0,0,0,0,0,0,0,0,0,109,0,0,0,0,0,0,57,0,45,8,596,0,0,0,0,0,0,0,0,0,105,29,0,0,0,0,25,0,0,0,1324,0,0,0,29,7,9,0,0,0,0,0,0,0,0,0,0,0,0,859,0,0,0,0,0,2205,0,0,0,0,0,0,0,0,0,885,6,3,0,0,0,0,144,0,0,0,0,0,0,0,0,0,15,0,0,0,0,0,13,0,5,0,0,0,0,6,566,0,0,33,0,0,0,0,168,0,0,0,12,66,0,0,0,0,0,0,0,0,0,0,0,0,0,0,13,0,25,0,0,0,0,11,4,0,0,0,0,63,0,35,0,0,0,0,0,0,17,0,1733,0,0,0,0,0,0,0,0,0,0,0,0,0,0,0,4,0,22,66,0,0,0,0,14
"D498",0,0,0,295,0,0,0,0,0,0,0,0,0,0,0,0,0,0,0,0,0,0,0,0,0,0,0,0,0,0,0,0,0,0,0,0,0,0,0,0,0,0,0,0,0,0,0,0,0,0,0,0,0,0,0,0,0,0,0,0,0,0,0,0,0,0,0,0,0,0,0,0,0,0,0,0,0,0,0,0,0,0,0,0,0,0,0,0,0,0,0,0,0,0,0,0,0,0,0,0,0,0,0,0,0,0,1,0,0,0,0,0,0,0,0,0,0,7,0,0,0,0,0,0,0,0,0,0,0,0,0,0,0,0,0,0,38,0,0,0,0,0,0,0,0,0,0,0,0,0,0,0,0,0,0,0,0,0,0,0,0,0,0,0,0,0,64,0,0,0,0,0,0,0,0,0,0,0,0,0,0,0,0,0,0,0,0,0,0,0,0,0,0,0,0,0,0,0,0,0,0,0,0,0,0,0,0,0,0,0,0,0,0,0,0,0,0,0,0,0,0,0,0,5,0,0,0,0,0,0,0,0,0,0,0,0,0,0,0,0,0,0,128,0,0,0,0,0,0,0,0,0,0,0,0,0,0,0,0,0,0,0,0,0,0,0,0,0,0,0,0,0,0,0,0,0,0,0,0,0,0,0,0,0,0,0,0,0,0,0,0,0,0,0,0,0,0,0,0,0,0,0,0,0,0,0,0,0,0,0,0,0,0,0,0,0,0,0,0,0,0,0,0,0,0,0,0,0,0,0,0,0,0,0,0,0,0,0,0,0,0,0,0,0,0,0,0,0,0,0,0,0,0,845,0,0,0,0,0,0,0,0,0,0,0,0,0,0,0,0,0,0,0,0,0,0,0,0,0,0,0,0,0,0,0,0,0,0,0,0,0,0,0,0,0,0,0,0,0,0,0,0,0,0,0,0,0,0,118,0,0,0,0,0,0,0,0,0,0,0,0,0,0,0,0,0,0,0,0,0,0,0,0,0,0,0,0,3569,0,0,0,0,0,0,0,0,0,0,0,0,0,4,0,0,0,0,0,0,0,0,0,0,0,0,0,0,0,0,0,0,0,0,0,0,0,0,0,0,0,6,0,0,0,0,0,0,0,200,0,0,0,0,0,0,0,0,0,0,0,0,0,0,0,0,0,0,0,0,0,0,0,0,0,0,0,0,0,0,0,0,0,0,0,0,575,0,0,0,0,0,0,0,0,0,0,0,0,0,0,0,0,0,0,0,0,0,0,0,0,0,0,0,0,0,0,0,0,0,0,0,0,0,0,0,0,0,0,0,0,0,0,0,0,0,0,0,0,0,0,0,0,0,0,0,0,0,0,0,0,0,0,0,0,0,0,0,0,0,0,0,0,0,0
"D499",0,0,0,0,0,0,3,0,0,14,0,0,0,0,10,0,0,0,0,0,47,0,0,75,0,0,407,0,0,0,506,0,7,207,0,1,1,0,0,0,0,0,0,536,0,0,4,0,0,0,0,0,2,13,0,0,0,0,0,0,0,0,265,0,0,0,2,0,0,0,0,122,2067,0,3,0,0,0,0,0,1398,0,0,0,0,258,0,36,0,44,0,0,10,0,25,2,209,2,84,0,0,0,377,4,0,0,0,0,0,0,0,0,0,0,0,0,0,0,37,0,0,0,0,0,0,0,0,311,0,0,0,0,0,0,0,0,0,142,0,0,8,0,0,0,0,0,0,3,0,0,0,0,0,0,0,113,15,0,0,0,0,0,0,0,0,0,0,0,4,0,298,0,3,0,0,0,10,0,0,0,1,0,0,149,701,0,0,0,0,0,0,0,0,0,0,0,0,0,0,0,0,346,0,0,0,0,0,0,0,0,0,0,6,0,5,0,0,0,0,0,0,0,128,0,3,0,0,0,0,0,2528,0,4,0,0,0,0,0,0,0,0,0,0,23,0,0,0,5,44,0,0,0,0,3,0,0,0,0,0,0,0,0,0,0,0,3,0,0,0,0,0,0,0,0,0,0,0,0,0,0,1,0,14,0,0,0,36,69,0,0,0,0,0,0,2,0,0,0,0,25,0,3,0,0,0,0,0,0,0,0,0,0,0,0,0,0,0,0,0,2,0,0,0,0,0,0,0,0,0,0,0,0,0,0,0,0,0,0,383,0,0,147,1,0,0,0,1,2,0,0,0,0,0,0,0,0,0,0,0,0,120,0,10,0,0,0,0,0,215,0,0,0,0,2,0,0,0,3,0,0,0,0,0,7,139,0,0,0,0,0,0,9,0,0,0,0,0,123,282,99,273,0,3,0,0,0,89,0,0,0,0,0,0,0,0,127,0,0,0,0,0,0,0,0,57,0,0,0,0,0,0,12,351,35,79,0,0,0,0,0,0,0,451,0,0,0,7,0,0,0,0,0,0,0,0,102,4,0,0,0,0,0,0,0,0,0,0,0,0,0,0,0,0,0,0,0,68,2278,0,0,0,0,33,0,0,3,0,0,0,0,0,0,0,0,0,0,8,0,0,0,96,0,0,0,30,0,0,0,0,0,0,0,0,0,748,0,0,0,0,0,0,1,0,0,0,0,0,0,0,0,0,0,0,0,14,0,0,0,0,0,0,0,161,1,0,0,0,0,6,1083,0,0,0,204,0,0,0,0,0,0,0,0,0,0,0,0,2,0,0,20,0,0,0,0,0,0,0,0,2,0,0,0,0,0,0,0,0,0,0,1065,313,3,0,0,0,0,0,0,0,0,0,0,0
"D500",0,0,0,0,0,0,0,0,0,0,0,0,0,0,0,0,0,0,0,0,11,0,0,0,0,0,0,0,0,0,0,0,3,476,0,0,0,0,0,0,0,0,0,0,0,16,0,0,12,0,0,0,0,0,0,0,0,0,0,0,0,0,0,0,0,3,0,0,0,0,0,0,0,0,0,0,0,0,0,0,605,0,0,0,0,2415,0,0,0,79,0,0,0,181,0,0,0,0,0,0,0,0,0,2,0,0,0,0,0,0,0,0,0,0,0,0,0,0,0,0,0,0,0,0,0,0,0,0,0,0,0,0,0,0,0,0,0,0,0,0,0,0,0,0,0,0,0,0,0,1,0,0,0,0,0,0,0,0,0,0,0,0,0,0,0,0,0,0,0,0,0,0,0,0,0,0,0,0,0,0,0,0,0,24,1252,0,0,0,0,0,0,0,0,26,0,0,0,0,0,0,0,0,0,0,0,0,0,0,0,0,0,0,0,0,3,0,0,0,0,0,0,0,0,0,12,0,0,0,0,0,0,0,0,0,0,0,0,0,0,0,0,0,0,0,0,0,0,0,0,0,0,0,0,0,0,0,0,0,0,0,0,0,0,0,0,0,0,0,0,0,0,0,0,0,0,0,0,0,0,0,6,0,0,0,0,0,0,0,0,0,0,0,616,0,6,0,0,0,0,0,0,0,0,0,0,0,0,0,0,0,0,0,0,0,0,0,0,0,0,0,0,0,0,0,0,0,0,0,0,0,0,0,49,0,0,0,0,0,0,0,0,0,6,0,0,0,0,0,0,0,0,0,0,0,0,0,0,0,0,0,0,0,504,0,0,0,0,0,0,0,0,0,0,0,0,0,0,0,0,0,0,0,0,0,0,1518,0,0,0,0,0,0,0,0,0,0,0,0,395,162,72,0,0,0,0,0,0,0,0,0,0,0,0,0,0,391,0,0,0,0,0,0,0,0,0,0,0,0,0,0,4,0,0,0,0,0,7,0,0,0,0,0,0,0,0,0,9,0,0,0,0,0,0,0,0,0,0,0,0,0,0,0,0,0,0,0,0,0,0,0,0,0,5,0,0,0,0,7883,0,0,0,0,12,0,0,12,0,0,0,0,0,0,0,0,0,0,0,39,37,0,0,0,0,0,0,0,0,0,0,0,0,0,0,0,0,0,0,0,0,0,2,0,0,0,0,0,0,0,0,0,0,0,0,0,0,0,0,0,0,0,0,0,0,0,0,0,3,0,3,0,0,0,0,0,0,0,0,0,0,0,0,0,0,0,0,0,0,0,1,8,0,0,0,0,0,0,0,0,14,0,0,0,0,0,0,0,0,0,0,0,0,0,0,0,0,0,0,0,0,0,3,0,0
"D501",0,0,0,0,0,0,0,0,0,0,0,0,0,0,0,0,0,0,0,0,0,0,0,0,0,0,0,0,0,0,0,0,0,0,0,0,57,0,0,0,0,12,0,0,0,0,0,0,0,0,0,0,0,0,0,0,0,0,0,0,0,0,0,0,0,0,0,0,0,0,0,0,0,0,0,0,0,0,0,0,0,0,0,0,0,0,0,0,0,0,0,0,0,0,0,0,0,0,0,0,0,0,0,0,0,0,1155,0,0,0,0,0,0,0,0,0,0,127,0,0,0,0,0,0,0,0,0,0,0,0,0,2,0,0,0,0,0,0,0,0,0,2,7,0,0,0,0,0,0,0,0,0,0,0,0,0,0,0,0,0,0,0,0,0,0,0,0,0,0,0,0,0,0,0,0,0,0,0,0,0,0,0,0,0,0,0,0,0,0,0,0,14,0,0,0,0,0,0,0,0,0,0,0,0,0,0,0,0,0,0,0,0,0,0,0,0,330,3,0,0,0,0,0,1255,0,0,0,0,0,0,0,0,0,0,0,0,0,0,0,0,0,0,1250,0,0,0,0,0,0,0,0,0,0,0,0,0,0,0,0,0,0,0,0,0,0,0,0,0,0,0,0,0,0,0,0,0,0,0,0,0,0,0,0,0,0,0,0,0,0,0,0,0,0,0,0,0,0,0,0,0,0,0,0,0,0,0,0,0,0,0,0,0,0,0,0,0,0,0,0,0,0,0,0,0,0,0,0,0,0,0,0,0,0,0,0,0,0,0,0,0,0,0,0,0,0,0,0,0,0,0,0,0,0,30,0,0,0,0,0,0,0,0,0,0,0,0,0,0,0,0,0,0,0,0,0,0,0,0,0,0,0,0,0,0,0,0,0,0,0,0,0,0,0,0,0,0,0,0,0,0,0,0,0,0,0,0,0,0,0,0,0,0,0,0,0,0,0,0,0,0,0,0,0,0,0,0,0,0,0,0,0,0,0,0,0,0,0,10,0,0,0,0,0,0,0,0,0,0,0,0,0,0,0,0,0,0,0,0,0,0,0,0,0,0,0,0,0,0,0,0,0,0,0,0,0,0,0,0,0,0,0,0,31,0,0,0,0,0,0,0,0,0,0,0,0,0,0,0,0,0,0,2,0,0,0,0,0,0,0,0,0,0,0,0,0,0,0,0,0,0,0,0,0,0,0,0,0,0,0,0,0,0,0,0,0,0,0,0,0,0,0,0,0,0,0,0,0,0,0,0,0,0,0,0,0,0,0,0,0,0,0,0,0,0,0,0,0,0,0,0,0,0,0,0,0,0,0,0,0,0,0,0,0,0,0,0,0,0,0,0,0,0,0,0,0,0,0,0,0,0,0,0,0
"D502",0,4,82,0,0,0,0,0,0,9,0,0,2,0,21,0,0,0,38,0,4,0,0,5,0,0,187,0,0,0,48,0,121,2934,0,2,0,0,0,0,5,0,0,40,0,0,17,0,0,3,1,214,14,0,44,0,4,0,0,0,0,0,7,0,239,0,8,0,4,0,8,113,74,0,3,0,3,198,0,0,430,5,0,0,0,578,6,126,0,26,2,0,2,0,63,0,0,22,0,4,93,74,158,11,19,0,0,4,0,0,0,0,0,0,4,0,0,0,54,144,0,183,0,0,2,13,0,3718,0,0,0,0,3,0,0,1,0,98,3,0,0,0,0,41,38,0,5,4,11,0,0,0,3,25,2,0,29,6,0,0,0,0,3,0,0,2,0,4,41,0,78,141,15,44,2,0,0,3,13,0,20,0,7,21,166,0,0,0,0,0,0,0,15,7,0,0,3,0,0,6,0,0,12,0,9,0,59,4,6,16,0,0,0,16,0,0,0,0,1,0,78,2,8,0,0,2,0,7,0,0,0,1,432,0,2,1,0,0,0,0,0,0,0,0,237,0,0,43,24,0,0,0,7,105,103,0,0,0,2,0,2,0,0,0,9,34,10,0,3,0,3,0,0,17,8,0,0,0,0,0,44,0,0,6,0,0,7,5,0,14,0,0,0,0,78,17,0,0,0,52,5,0,9,0,34,0,84,47,4,0,19,0,8,0,8,0,0,0,0,4,0,2,0,0,2,0,1,0,0,0,8,1,35,0,0,0,0,0,1080,167,0,17,40,0,0,70,69,2,11,0,15,0,11,0,0,0,0,5,0,0,73,0,14,32,27,0,7,0,376,0,0,0,0,4,8,3,0,8,0,0,0,0,15,39,167,2,3,0,57,10,249,0,0,22,0,0,250,0,1697,0,3,5,11,83,1,14,98,0,0,2,0,0,0,0,0,1719,0,4,1,0,9,4,10,5,13,0,1,0,7,0,0,9,197,0,270,43,5,0,0,0,0,1,219,0,4,5,94,0,24,0,0,0,0,1,0,180,32,0,0,0,0,0,0,2,19,0,5,2,11,0,2,0,0,607,0,0,879,251,2,0,0,0,0,7,11,5,5,2,2,35,10,0,0,0,42,0,0,20,2,1,230,0,0,0,75,40,11,0,0,3,2,0,0,3,113,0,9,0,10,0,0,67,0,0,0,0,0,0,150,33,0,0,0,0,0,0,0,0,0,0,0,5,26,0,0,0,5,0,0,281,2,0,0,2372,76,29,0,0,0,25,0,4,10,2,1,4,49,0,5,51,0,0,0,0,0,7,0,44,0,2,5,0,0,0,0,7,7,3,0,484,51,44,3,0,50,0,0,51,0,0,0,0,0
"D503",0,0,0,101,0,3,24,0,0,0,0,0,0,0,0,0,0,0,0,0,4,0,0,0,0,9,0,264,0,0,0,0,4,247,0,0,1,0,0,0,7,0,0,0,0,0,0,0,0,0,0,88,40,0,6,0,0,3,12,0,0,49,0,13,0,0,8,0,0,3,0,0,0,10,0,2,0,0,0,2,0,0,0,2,0,0,0,0,2,0,0,0,2,0,0,0,0,0,0,0,0,0,0,0,0,41,13,0,0,0,405,0,471,0,0,9,2,31,0,4,0,0,0,4,0,0,5,0,0,41,0,8,0,6,0,0,1961,0,0,0,0,0,2,0,0,0,0,0,0,0,11,3,0,2,0,6,0,0,0,0,0,0,0,0,0,0,96,2,0,0,0,0,0,60,0,0,7,0,0,5,0,0,0,16,0,0,0,8,0,0,0,0,0,0,0,0,0,0,0,0,0,0,0,3,0,2,0,0,0,0,4,0,0,0,0,2,23,11,0,0,0,0,0,4,0,0,0,0,0,0,0,0,0,34,0,2,0,0,0,0,2,0,2,0,0,0,0,0,0,0,0,0,0,0,0,0,0,0,640,2,0,227,0,2,0,0,0,0,0,0,0,0,0,0,0,5,0,0,0,0,2,0,11,0,0,3,16,0,0,0,0,0,0,0,0,0,2,0,0,0,0,2,0,0,4,6,0,0,0,0,0,0,4,0,0,64,2,0,4,0,0,0,2,0,0,2,8,0,0,0,0,0,3511,0,0,0,0,0,0,0,0,0,41,0,14,0,13,0,36,0,0,0,0,19,1,2,2,0,3,0,0,1,0,0,0,5,0,3,0,0,19,0,0,0,0,0,3,0,0,33,0,0,0,0,2,0,0,0,0,0,0,0,0,0,0,0,0,0,0,0,0,0,0,0,0,0,0,0,42,0,2,0,0,0,36,0,0,0,0,0,0,0,0,0,0,0,0,0,0,0,0,0,0,0,0,0,0,14,0,5,5,0,0,0,0,0,0,0,0,0,0,0,27,0,0,0,0,0,0,0,0,0,13,0,43,3,0,0,0,0,0,0,0,0,0,34,0,0,0,31,21,0,10,2,0,0,0,0,0,0,0,0,0,0,0,3,0,0,0,0,0,0,16,0,0,0,0,0,0,1,0,0,4,0,0,0,0,0,0,0,3,0,8,0,0,86,266,0,2,0,0,0,0,0,7,0,16,0,0,0,0,0,0,0,0,0,0,0,0,0,0,0,0,0,261,0,0,0,0,0,4,0,0,0,0,0,0,0,3,6,0,0,0,0,0,0,0,0,0,0,0,0,0,0,0,0,0,0,36,0,0,0,0,0,2,0,2,2,0,0,0,0,0
"D504",0,0,0,0,0,0,0,0,0,0,0,0,0,0,0,0,0,0,0,0,0,0,0,0,0,0,0,0,0,0,0,0,0,0,0,0,0,0,0,0,0,0,0,0,0,0,0,0,0,0,0,0,0,0,0,0,0,0,0,0,0,0,0,0,0,0,0,0,0,0,0,0,0,0,0,0,0,0,0,0,0,0,0,0,0,0,0,0,0,0,0,0,0,0,0,0,0,0,0,0,0,0,0,0,0,0,0,0,0,0,0,0,0,0,0,0,0,0,0,0,0,0,0,0,0,0,0,0,0,0,0,0,0,0,0,0,0,0,0,0,0,0,0,0,0,0,0,0,0,0,0,0,0,0,0,0,0,0,0,0,0,0,0,0,0,0,0,0,0,0,0,0,0,0,0,0,0,0,0,0,0,0,0,0,0,0,0,0,0,0,0,0,0,0,0,0,0,0,0,0,0,0,0,0,0,0,0,0,0,0,0,0,0,0,0,0,0,0,0,0,0,0,0,0,0,0,0,0,0,0,0,0,0,0,0,0,0,0,0,0,0,0,0,0,0,0,0,0,0,0,0,0,0,0,0,0,0,0,0,0,0,0,0,0,0,0,0,0,0,0,0,0,0,0,0,0,0,0,0,0,0,0,0,0,0,0,0,0,0,0,0,0,0,0,0,0,0,0,0,1,0,0,0,0,0,0,0,0,0,0,0,0,0,0,0,0,0,0,0,0,0,0,0,0,0,0,0,0,0,0,0,0,0,0,0,0,0,0,0,0,0,0,0,0,0,0,0,0,0,0,0,0,0,0,0,0,0,0,0,0,0,0,0,0,0,0,0,0,0,0,0,0,0,0,0,0,0,0,0,0,0,0,0,0,0,0,0,0,0,0,0,0,0,0,0,0,0,0,0,0,0,0,0,0,0,0,0,0,0,0,0,0,0,0,0,0,0,0,0,0,0,0,0,0,0,0,0,0,0,0,0,0,0,0,0,0,0,0,0,0,0,0,0,0,0,0,0,0,0,0,0,233,0,0,0,0,0,0,0,0,0,0,0,0,0,0,0,0,0,0,0,0,0,0,0,0,0,0,0,0,0,0,0,0,0,0,0,0,0,0,0,0,0,0,0,0,0,0,0,0,0,0,0,0,0,0,0,0,0,0,0,0,0,0,0,0,0,0,0,0,0,0,0,0,0,0,6,0,0,0,0,0,0,0,0,0,0,0,0,0,0,0,0,0,0,0,0,0,0,0,0,0,0,0,0,0,0,0,0,0,0,0,0,0,0,0,0,0,0,0,0,0,0,0,0,0,0,0,0,0,0,0,0,0,0,0,0,0,0,0,0,0,0,0,0,0,0,0,0,0,0,0,0
"D505",0,0,0,0,0,0,0,9,0,0,0,0,0,0,0,7,13,0,28,0,0,0,0,0,27,0,0,0,0,0,88,0,0,0,0,3,0,0,3,0,0,0,0,18,0,0,0,2,0,0,0,0,0,0,2,0,0,0,0,0,0,0,0,0,0,25,0,0,0,0,25,0,0,0,5,0,0,11,22,0,0,0,0,0,8,0,0,0,0,0,6,0,0,6,16,0,0,2,0,0,0,0,0,0,0,0,0,0,44,0,0,0,0,0,13,0,0,0,5,0,0,7,0,0,0,0,0,66,2,0,0,0,0,0,0,0,0,0,0,0,0,0,0,2,0,0,0,12,0,0,0,0,0,2,0,0,49,32,0,0,0,0,0,0,0,0,0,4,17,0,0,3,0,0,0,0,0,0,3,0,3,0,0,0,0,0,0,0,0,0,7,0,0,18,0,0,0,0,0,0,0,0,8,0,0,0,0,0,0,0,0,5,0,8,0,0,0,0,4,0,0,0,0,8,15,0,4,0,0,0,0,0,1,0,1,0,0,3,0,0,0,0,0,0,0,0,0,4,0,0,0,0,0,3,0,0,0,0,0,0,0,2,0,5,0,37,0,0,0,0,0,0,0,0,0,0,23,0,0,0,83,0,0,0,0,0,0,0,0,9,0,0,0,0,1,0,0,0,0,0,0,0,0,0,0,0,0,0,0,0,0,0,10,0,0,0,2,0,0,0,0,0,0,0,1,0,0,0,0,0,0,0,0,0,0,0,0,0,3,0,0,0,0,0,0,0,0,0,0,0,0,0,0,0,0,1,0,0,0,0,2,0,0,0,0,0,0,0,0,0,0,0,0,0,0,9,0,194,0,0,0,149,17,15,4,0,3,0,128,0,1,0,0,0,0,0,0,3,0,3,1143,3,0,0,0,0,0,0,0,0,6,0,0,0,0,0,0,0,0,3,24,0,14,2,0,0,0,0,0,0,0,2,4,6,0,0,2,0,0,0,0,1,0,0,21,3,0,0,0,59,0,0,0,0,0,0,0,0,0,0,0,0,0,0,1,0,0,0,0,0,6,0,0,9,0,0,0,0,0,0,0,0,0,0,4,0,0,0,32,0,3,0,0,0,0,0,0,0,0,0,0,0,2,0,0,43,0,0,0,0,0,0,0,5,0,0,0,2,0,0,0,7,0,0,0,0,0,0,4,0,0,2,0,0,0,2,0,0,0,2,0,0,0,5,0,0,21,0,22,0,0,0,0,433,0,0,0,12,0,39,0,0,0,0,0,0,0,0,0,0,0,0,0,0,0,0,0,0,2,2,0,0,90,0,20,195,18,0,0,4,0,0,0,0,0,90,0,0,0,0,0,0,0
"D506",0,0,0,0,0,0,0,12,0,0,0,0,0,0,0,0,0,0,0,0,0,0,0,0,0,0,126,0,0,0,8,0,0,0,0,0,0,0,0,0,0,0,0,13,0,0,0,0,0,0,0,0,0,0,0,0,0,0,0,0,0,0,5,0,0,0,0,0,0,0,2,26,726,0,0,0,0,0,0,0,95,0,0,0,0,1315,0,0,0,25,0,0,0,0,0,0,1382,0,0,0,0,0,132,4,0,0,0,0,0,0,11,0,0,0,0,0,0,2,0,0,0,0,0,0,0,0,0,201,0,0,0,0,0,0,0,0,0,572,0,0,0,0,0,0,0,0,0,0,13,0,0,0,0,0,0,0,2,0,0,0,0,0,0,0,0,0,0,0,0,0,1830,0,0,0,0,0,0,0,0,0,1,0,0,0,1147,0,0,0,0,0,0,0,0,0,0,0,74,0,0,0,0,152,0,0,0,0,0,0,0,0,0,0,0,0,0,0,0,0,0,0,0,0,0,0,0,0,2,0,0,0,396,0,190,3,0,0,0,0,0,0,0,0,0,0,0,0,0,0,2,0,0,0,0,230,0,0,0,0,0,0,0,0,0,0,0,0,0,0,0,0,0,0,0,0,0,0,0,0,0,0,0,0,0,0,0,0,0,0,0,0,0,0,0,0,0,0,0,0,0,4,0,0,0,0,0,0,0,0,0,0,0,0,0,0,0,0,0,0,0,4,0,0,0,0,0,0,0,0,0,0,0,0,0,0,0,0,0,0,542,0,0,5,0,0,0,0,0,0,0,0,0,0,0,0,0,0,0,0,0,0,259,0,0,0,0,0,0,0,89,0,0,0,0,0,0,0,0,0,0,0,0,0,0,0,94,0,0,0,0,0,0,0,0,0,0,0,0,0,539,65,119,0,211,0,0,0,419,0,0,0,0,0,0,0,0,0,0,0,0,0,0,0,0,0,22,0,0,0,0,0,0,6,114,2,221,0,0,0,0,0,0,0,1742,0,0,0,37,0,0,0,0,0,0,0,0,10,0,0,0,0,0,0,0,0,0,0,0,0,0,0,0,0,0,0,0,0,198,1117,0,0,0,0,0,0,0,0,0,0,0,0,0,0,0,0,0,0,0,0,0,0,122,0,0,0,22,0,0,0,0,0,0,0,0,0,2790,0,0,0,0,0,0,2,0,0,0,0,3,0,0,11,0,0,0,0,3,0,0,0,0,0,0,0,515,0,0,0,0,0,0,1259,0,0,0,0,0,0,0,0,0,0,0,0,0,0,0,0,0,0,0,0,0,0,0,0,0,0,0,0,0,0,0,0,0,0,0,0,0,0,0,1365,88,43,0,0,0,0,0,14,0,0,0,0,0
"D507",0,0,0,0,0,0,0,0,0,0,0,0,0,0,0,0,0,0,0,0,0,0,0,0,0,0,0,2,0,0,0,0,0,0,0,0,0,0,0,0,0,0,0,0,0,91,0,0,0,0,0,2,0,0,0,0,0,0,0,0,0,0,0,0,0,0,0,94,0,0,0,0,0,0,0,0,0,0,0,0,0,0,0,0,0,0,0,0,0,0,0,0,0,0,0,0,0,0,0,0,0,0,0,2,0,0,0,1,0,0,0,0,0,0,0,0,0,0,0,0,0,0,0,0,0,0,0,0,0,0,0,0,0,0,0,0,0,0,0,0,0,0,0,0,0,0,0,0,0,0,0,0,0,0,0,0,0,0,0,0,0,0,0,0,0,0,0,0,0,0,0,0,0,55,0,0,0,0,0,0,0,0,0,0,0,0,0,0,0,0,0,0,0,0,0,0,0,0,0,0,0,0,0,0,0,0,0,0,0,0,0,0,0,0,48,0,0,0,0,0,0,0,0,21,0,0,0,0,0,0,0,0,0,0,0,2,0,0,0,0,0,0,0,0,0,0,0,0,0,15,0,0,0,0,0,0,156,0,0,0,0,0,0,0,0,0,0,0,0,0,0,0,0,0,0,0,0,0,0,0,0,0,4,0,0,0,0,0,0,0,0,0,0,0,0,0,0,0,0,0,0,0,0,0,0,0,0,0,0,0,0,0,0,0,0,0,0,0,0,0,0,0,0,0,0,0,5,0,0,0,0,0,0,0,0,0,0,0,0,0,0,0,3,0,0,0,3,0,203,0,0,0,0,0,0,0,0,0,0,0,0,0,0,0,0,0,0,0,0,0,0,0,0,0,0,0,0,0,0,0,46,0,0,0,0,0,0,0,0,0,0,0,0,0,0,0,0,0,0,0,0,0,0,0,0,0,0,0,0,0,0,0,0,0,0,0,0,0,0,0,0,0,0,0,0,0,0,0,0,0,0,0,0,0,0,0,0,0,0,0,0,0,0,0,0,0,0,0,0,0,0,0,0,0,0,0,0,0,0,0,1,0,0,0,0,0,0,0,0,0,0,0,0,0,0,0,0,0,0,0,0,0,0,0,0,0,0,0,0,0,26,0,0,0,0,0,0,0,0,0,0,0,0,0,0,0,0,0,0,72,0,0,0,0,0,0,0,0,0,0,0,0,0,0,6,0,0,0,0,0,0,0,0,0,0,0,0,0,0,0,0,0,0,0,0,0,0,0,0,0,0,0,0,0,1,0,0,0,0,0,0,671,0,0,0,0,0,0,0,3,0,0,0,0,0,0,0,0,46,0,0,0,0,0,0,0,0,0,0,0,0,0,0,0,0,0,0,0,0,0,0,0,0
"D508",0,0,0,0,0,0,0,0,0,0,0,0,0,0,0,0,0,0,0,0,0,0,0,0,0,0,0,28,0,0,0,0,0,12,0,0,0,0,0,0,0,0,3,0,0,0,0,0,0,0,0,12,0,0,0,0,0,0,0,0,0,23,0,0,0,0,0,0,0,0,0,0,0,0,0,0,0,0,0,0,0,0,0,0,0,0,0,0,0,0,0,0,0,0,0,0,0,7,0,0,0,0,0,0,0,0,0,0,0,0,0,0,0,0,0,27,0,0,0,0,0,29,0,0,0,0,0,24,0,0,0,0,0,0,0,0,0,0,0,0,0,0,0,0,2,0,0,0,0,0,0,0,0,0,0,0,0,0,0,0,0,0,0,0,0,0,0,0,0,0,0,0,0,171,0,0,0,0,0,0,0,3,0,0,0,0,0,0,0,0,0,0,0,0,0,0,0,0,0,0,0,0,0,0,0,0,0,0,0,0,0,0,0,0,0,0,0,0,0,0,0,0,0,8,0,0,0,0,0,0,0,0,4,0,0,43,0,0,0,0,0,0,0,0,0,0,0,0,0,0,0,0,0,1,0,0,52,0,0,0,0,0,0,0,0,0,0,0,0,0,0,0,0,0,0,17,0,0,0,0,0,0,0,0,0,0,0,0,0,0,0,0,1,0,0,0,0,0,0,5,0,0,0,0,73,0,0,0,0,0,0,0,0,0,0,0,0,0,0,0,0,0,0,0,0,0,13,0,0,0,0,0,0,0,0,0,0,0,0,0,0,0,49,0,0,0,127,0,18,0,0,0,0,0,0,0,14,0,0,0,0,3,0,0,0,0,0,0,0,0,0,0,0,0,0,0,0,0,0,0,0,0,0,0,0,0,0,0,0,0,0,0,0,0,0,0,0,6,0,0,0,0,0,0,0,0,0,0,0,0,0,0,0,0,0,0,0,0,0,0,0,2,0,0,0,0,0,0,0,0,0,0,0,0,0,0,8,0,12,0,0,0,0,0,0,0,0,0,0,0,0,0,0,0,0,0,0,0,0,0,0,0,0,0,7,0,0,0,0,0,0,0,0,0,0,0,0,0,0,0,0,0,0,0,0,0,0,0,0,0,2,0,0,0,0,207,0,0,0,0,0,0,0,0,0,0,0,101,0,74,0,0,0,0,0,35,0,0,0,0,0,0,0,0,0,0,0,0,20,0,0,0,0,0,0,0,0,0,0,5,0,0,0,0,0,0,4,0,0,0,0,0,0,0,20,0,0,0,8,0,0,3184,0,0,0,0,0,0,24,0,0,0,0,0,0,0,0,0,159,0,0,0,0,0,0,0,0,0,0,2,0,131,0,0,0,0,10,0,0,0,0,0,0
"D509",0,0,0,0,0,0,0,0,0,0,0,0,0,0,0,0,0,0,0,0,4,0,0,0,0,0,0,7,0,0,0,0,0,46,0,0,0,0,0,0,0,0,0,0,0,0,0,0,0,0,0,74,0,0,0,0,0,0,14,0,0,30,0,0,0,0,0,10,0,0,0,0,0,0,0,0,0,0,0,0,0,0,0,0,0,0,0,0,0,0,0,0,0,0,0,0,0,0,0,0,0,0,0,0,0,0,0,0,0,0,0,0,0,0,0,12,0,0,0,0,0,3,0,0,0,0,0,0,0,0,0,0,0,0,0,0,0,0,0,0,0,0,0,0,0,0,0,0,0,0,0,0,0,0,0,0,0,0,0,0,0,0,0,0,150,0,0,0,0,0,0,0,0,26,0,0,0,0,0,0,0,0,0,0,0,0,0,0,0,0,0,0,0,0,0,0,0,0,0,0,0,0,0,0,0,0,0,0,0,0,4,0,0,0,4,0,0,0,0,0,0,0,0,3,0,0,0,0,0,0,0,0,0,0,0,5,0,0,0,0,0,0,0,0,0,0,0,0,0,0,0,0,0,0,0,0,41,0,0,0,0,0,0,0,0,0,0,0,0,0,0,0,0,0,0,5,0,0,0,0,0,0,0,0,0,0,0,0,0,0,0,0,7,0,0,0,0,0,0,5,0,0,0,0,0,0,0,0,0,0,0,0,0,0,0,0,0,0,0,0,0,0,0,0,0,0,19,0,0,0,0,0,1,0,0,0,0,0,0,0,0,0,9,0,0,0,11,0,40,0,0,0,0,0,0,0,0,0,0,0,0,0,0,0,0,0,0,0,0,0,0,0,0,6,0,0,0,0,0,0,0,0,0,0,0,0,0,0,0,0,0,0,0,0,0,0,0,0,0,0,0,0,0,0,0,0,0,0,0,0,0,0,0,0,0,0,0,0,0,0,0,0,0,0,0,0,0,0,0,0,0,0,0,0,0,0,0,0,2,0,0,0,0,0,0,0,0,0,0,0,4,0,0,0,0,0,0,0,0,0,0,0,0,0,0,0,0,0,0,0,0,0,0,0,0,0,0,0,0,0,0,0,0,0,0,0,0,0,0,0,5,0,0,0,0,0,0,0,0,0,0,0,0,0,0,0,0,89,0,4,0,0,0,0,0,3,0,0,0,0,0,0,0,0,9,0,0,0,0,0,0,0,0,0,0,0,0,0,0,0,0,0,0,0,0,0,0,0,0,0,0,0,0,0,124,0,3,0,0,0,0,1985,0,0,0,0,0,0,0,0,0,0,0,0,0,0,0,0,186,0,0,0,0,0,0,0,0,0,0,0,0,0,0,0,0,0,0,0,0,0,0,0,0
"D510",9,6,0,549,8,29,111,2,28,2,2,0,0,13,0,0,0,0,0,0,70,11,15,0,0,8,0,0,0,0,0,0,38,0,57,0,24,0,0,0,0,0,3,0,0,78,0,0,0,0,130,2,46,0,5,0,0,0,26,9,3,0,12,411,0,0,3,0,0,25,0,0,0,38,0,16,0,0,14,10,0,20,1,0,0,0,78,0,6,0,6,0,10,0,5,0,3,0,0,0,0,0,4,12,0,416,0,0,0,0,2187,0,176,0,0,47,0,259,0,7,0,11,0,0,0,0,10,0,0,243,0,88,3,8,0,0,84,0,0,0,0,56,96,0,0,4,0,23,0,0,0,16,64,3,0,959,0,0,0,0,0,3,7,9,141,0,2100,1,0,0,0,0,0,46,6,0,3,0,0,23,0,0,0,0,0,0,2,30,0,0,0,0,0,0,0,0,0,0,0,0,17,0,0,3,0,0,0,6,0,0,22,16,2,0,0,2,121,45,1,0,6,0,0,3,0,40,0,0,0,15,0,0,0,781,0,0,0,0,0,1,0,0,0,0,0,44,0,0,0,25,32,1,0,9,0,18,0,14,2184,18,0,618,0,0,0,0,0,0,0,0,0,27,16,0,0,5,0,0,8,0,35,146,37,0,0,10,21,0,1,0,0,18,0,0,0,4,3,0,0,0,0,0,0,0,26,9,0,11,5,1,0,74,0,4,0,280,0,0,0,0,0,0,0,0,0,3,6,0,0,0,0,0,171,0,0,0,0,36,0,3,0,0,32,8,83,0,3,0,259,0,0,0,0,8,0,127,11,0,6,0,0,0,0,0,0,36,23,0,0,17,120,0,0,0,0,0,0,0,8,536,18,0,0,0,0,0,0,0,0,0,0,0,0,0,3,2,14,0,0,0,0,0,0,0,0,0,0,0,28,0,37,13,0,0,23,0,0,0,0,0,0,0,0,0,0,0,0,7,0,3,0,0,0,0,0,0,2,0,0,27,59,0,0,0,0,0,0,3,0,0,0,1523,21,0,96,0,0,0,0,0,14,0,103,0,34,35,0,0,0,0,0,0,13,0,0,0,0,0,0,437,138,0,8,0,0,0,0,4,0,0,0,0,0,0,0,3,0,0,0,0,0,15,19,0,0,19,6,0,2,0,0,0,18,0,0,0,0,3,4,3,0,0,149,0,269,63,256,0,0,5,0,0,21,0,8,0,103,0,15,0,13,4,0,0,0,0,0,0,6,0,0,0,0,0,0,0,0,0,12,0,64,0,0,0,3,0,0,177,0,50,0,0,3,2,2,0,6,0,58,0,0,4,0,0,0,0,6,0,44,0,0,0,0,0,0,18,0,0,0,28,46,0,13
"D511",0,0,0,0,0,0,0,0,0,9,0,0,0,0,0,7,0,0,0,0,2,0,0,0,0,0,20,0,0,0,21,0,0,121,0,0,0,0,0,0,0,0,0,43,0,0,0,0,0,0,0,1,2,0,0,0,0,0,0,0,0,0,10,0,207,0,0,0,0,0,0,61,83,0,0,0,0,1,0,0,208,0,0,0,0,67,0,34,0,20,0,0,0,0,0,0,4,0,0,0,0,0,119,0,0,0,0,0,0,0,0,0,0,0,0,0,0,0,0,0,0,2,0,0,0,0,0,207,0,0,0,0,0,0,0,0,0,15,0,0,0,0,0,0,0,0,0,0,2,0,0,0,0,0,0,0,0,0,0,0,0,0,0,0,0,0,0,0,0,0,34,0,0,0,0,0,2,0,0,0,0,0,0,0,414,0,0,0,0,0,0,0,0,0,0,0,0,0,0,0,0,38,0,0,0,0,0,2,0,0,0,0,0,0,0,0,0,0,0,0,2,0,7,0,0,0,0,0,0,0,151,4,0,0,0,0,0,0,0,0,0,0,0,10,0,0,0,0,5,0,0,0,0,29,0,0,0,0,0,0,0,0,0,0,0,1,0,0,0,0,0,0,0,0,0,0,0,0,0,0,5,0,33,0,0,0,17,4,0,0,0,0,0,0,0,0,0,0,0,5,0,0,0,0,0,0,0,0,0,0,0,0,0,0,0,0,0,0,0,17,0,0,0,0,0,0,0,0,0,0,0,0,0,0,0,0,0,0,105,0,0,6,5,0,0,0,5,0,0,0,0,0,0,0,0,0,0,0,0,0,84,0,0,0,0,0,0,0,14,0,0,0,0,0,0,0,0,0,0,0,0,0,0,0,16,0,0,0,0,2,0,0,0,0,0,0,0,0,242,0,5,0,2,0,0,0,48,0,0,0,0,0,0,0,0,98,0,0,0,0,0,0,0,0,0,0,0,0,0,0,0,30,202,0,78,0,2,0,0,0,0,0,119,0,0,0,5,0,2,13,0,0,0,0,0,9,0,0,0,0,0,0,0,0,0,0,0,0,0,0,0,0,0,0,0,0,301,290,0,0,0,0,0,0,0,2,0,0,0,0,0,0,0,0,3,0,0,0,9,0,11,0,0,0,50,0,0,0,0,0,0,0,0,0,179,0,0,0,0,0,0,0,0,0,0,0,0,0,0,0,0,0,0,2,0,0,0,0,0,0,0,0,178,0,0,0,0,0,7,796,0,0,0,217,0,0,0,0,0,0,0,0,0,0,0,0,0,0,0,7,0,0,0,0,0,0,0,0,0,0,0,0,0,0,0,0,0,0,0,1010,32,15,0,0,0,0,0,0,0,0,0,0,0
"D512",46,0,0,0,14,0,44,0,158,0,0,0,0,0,0,0,0,0,0,0,9,7,0,0,0,0,0,0,0,0,0,51,41,24,0,0,0,0,0,0,0,0,0,0,0,0,0,0,0,0,26,6,273,0,0,0,0,0,45,0,0,564,0,0,0,0,9,11,0,255,0,0,0,0,0,0,0,0,0,24,0,0,30,0,0,56,19,0,0,0,0,0,0,0,0,0,0,0,0,0,0,0,0,15,0,0,16,0,0,0,0,0,2,0,0,49,0,0,0,1,0,0,0,0,0,0,0,0,0,0,0,0,2,0,0,0,0,0,0,6,0,0,0,0,0,0,0,0,0,0,13,0,0,0,0,0,0,0,0,0,0,32,0,0,70,0,0,2,0,0,0,0,0,976,0,0,134,0,0,124,0,0,0,1,0,0,9,205,0,0,0,0,0,0,0,0,0,18,0,0,0,0,0,0,0,3,27,0,0,0,12,0,0,3,7,0,6,0,0,3,0,0,0,128,0,0,0,0,0,0,0,0,0,24,0,17,0,0,0,0,11,0,0,0,0,0,0,0,0,0,0,0,0,0,0,18,0,0,0,0,0,39,0,0,0,0,0,0,0,0,0,0,398,0,0,0,0,0,0,0,0,135,29,0,0,34,133,0,0,4,0,78,0,0,0,0,0,0,0,511,0,0,0,0,29,578,0,14,0,0,0,0,0,0,0,2,33,0,97,0,0,0,0,0,0,0,119,0,0,0,0,0,3332,0,0,0,0,0,0,5,0,0,471,0,10,0,178,0,0,0,0,0,0,0,0,0,0,0,0,0,0,7,0,0,0,53,0,0,5,34,573,0,0,0,0,0,0,0,0,0,0,0,0,0,0,11,0,0,0,0,0,0,0,0,0,0,19,0,0,0,0,0,0,0,0,0,0,0,0,0,0,0,0,0,0,0,0,0,0,0,0,6,0,0,0,0,0,0,2,17,0,0,0,0,0,0,6,0,15,0,85,0,0,0,0,0,3,0,0,0,8,76,0,0,0,0,0,0,0,0,27,0,0,0,78,11,0,0,0,0,0,0,3,0,1,97,0,0,0,27,0,0,0,9,0,0,0,0,0,0,0,0,0,0,0,0,0,0,0,0,0,0,70,0,0,0,0,0,0,0,0,0,0,0,0,5,0,0,0,0,10,0,38,0,0,2,36,0,0,8,0,0,0,0,58,0,0,0,28,16,0,0,0,0,0,0,0,4,0,0,0,0,0,0,5,0,0,0,0,0,0,9,0,0,0,0,0,0,8,1,0,0,0,0,0,0,37,0,3492,0,0,0,0,0,0,0,0,0,0,0,0,25,0,0,4,0,0,17,0,10,0,0,0
"D513",0,0,0,0,0,0,0,0,0,0,0,1,0,0,0,0,0,4,0,0,0,12,0,0,0,0,0,0,0,0,0,0,12,0,0,0,0,0,0,11,0,0,19,0,0,0,0,0,0,0,0,0,4,0,0,0,4,0,0,34,0,0,0,0,0,1,0,0,0,0,0,0,0,0,0,0,1,0,0,0,0,0,0,0,0,0,0,0,0,0,0,12,0,0,0,0,0,0,0,0,0,0,0,0,0,0,0,0,7,3,0,0,0,0,0,0,0,0,0,0,57,0,0,0,0,0,0,0,0,0,0,0,0,0,0,0,0,0,0,0,0,0,0,0,0,0,0,0,0,0,0,0,10,0,0,0,0,0,4,0,0,0,0,2,0,0,0,0,0,0,0,0,0,0,0,0,0,0,0,0,0,0,0,0,0,3,0,0,0,0,0,3,0,0,0,0,0,0,0,0,0,0,0,0,0,0,0,0,0,0,0,0,0,0,0,0,0,0,0,0,0,0,3,0,0,82,0,0,0,0,0,0,0,0,0,0,0,22,0,0,0,7,0,0,0,0,4,0,0,0,0,3,1,0,0,2,0,0,0,0,5,2,24,0,0,0,0,0,0,0,0,1,0,0,0,0,0,0,0,0,15,0,0,0,0,0,0,0,0,0,0,0,0,2,0,0,0,0,0,0,0,0,0,0,0,0,0,3,0,5,0,0,3,0,0,0,0,8,0,0,1,0,0,0,0,0,0,0,2,4,0,4,0,0,8,0,0,0,0,0,2,0,0,7,4,0,0,0,0,0,5,8,3,0,0,0,0,0,0,4,0,0,0,0,0,0,4,0,0,0,5,0,0,0,2,0,0,1,0,0,0,0,0,0,0,0,5,0,0,0,3,0,0,0,0,0,0,0,0,0,0,1,0,0,0,0,0,0,0,0,0,0,0,0,0,0,0,0,0,0,2,0,0,0,0,8,0,17,0,0,0,0,0,0,0,14,0,0,0,0,0,0,0,2,0,0,0,0,0,0,0,0,0,10,0,0,0,0,9,0,0,0,0,0,0,0,0,4,5,0,0,0,0,0,0,0,0,0,0,0,0,0,0,0,0,0,0,0,0,0,0,0,0,0,0,0,0,0,0,0,0,0,0,0,0,26,86,0,0,0,0,0,0,0,0,0,0,3,0,2,2,0,17,0,0,0,0,0,9,0,0,0,0,0,0,0,0,0,0,0,0,0,0,0,11,0,0,0,8,0,0,0,10,0,0,0,6,3,0,0,0,0,0,0,0,0,3,0,0,0,0,0,0,0,48,0,6,0,58,0,0,0,0,0,1,0,0,0,0,0,0,0,0,0,8,0,0,0,0,0,0,0,0
"D514",0,0,0,0,0,2,76,0,0,0,0,0,0,0,0,0,0,0,0,0,2,0,0,0,0,0,0,0,0,0,0,0,54,0,0,0,0,0,0,0,0,0,0,0,0,9,0,0,18,0,0,0,0,0,0,0,0,0,0,0,0,0,0,0,0,0,0,0,0,5383,0,0,0,0,0,0,0,0,0,0,0,0,0,0,0,0,0,0,0,0,0,0,0,0,0,0,0,0,0,0,0,0,0,0,0,0,0,0,0,0,0,0,0,0,0,21,0,0,0,0,0,0,0,0,0,0,0,0,0,0,0,0,0,0,0,0,0,0,0,0,0,0,0,0,0,0,0,4,0,0,0,0,0,0,0,0,0,0,0,0,0,0,0,0,858,0,0,0,0,0,0,0,0,939,0,0,3,0,0,0,0,0,0,0,0,0,0,0,0,0,0,0,0,0,0,0,0,0,0,0,0,0,0,0,0,0,0,0,0,0,5,0,0,0,43,0,0,0,0,0,0,0,0,0,0,0,0,0,0,0,0,0,0,0,0,186,0,0,0,0,160,0,0,0,0,0,0,0,0,0,1,0,0,0,0,0,1065,0,0,0,0,0,0,0,0,0,0,0,0,0,0,0,362,0,0,1,0,0,0,0,2,0,45,0,0,0,5,0,0,0,0,3,0,0,0,0,0,0,0,0,0,0,0,0,85,0,0,0,0,0,0,0,0,2,0,0,0,0,0,0,0,0,0,0,0,0,0,0,0,0,0,0,29,0,0,0,0,0,0,0,0,0,66,0,0,0,1,0,690,0,0,0,0,0,0,0,12,0,0,0,0,0,0,0,0,0,0,0,0,0,0,0,0,0,0,0,0,0,0,0,0,0,0,0,2,0,0,0,0,0,0,0,0,0,0,0,15,0,0,0,0,0,0,0,0,0,0,0,0,0,0,0,0,0,0,0,0,0,0,0,0,0,0,0,0,0,0,0,0,0,0,0,0,0,0,0,0,0,6,0,0,0,0,0,0,0,0,0,0,0,0,268,0,0,0,0,0,0,0,0,115,0,0,0,255,0,0,0,0,0,0,0,0,0,0,6,0,0,0,0,0,0,0,0,0,0,0,0,0,0,0,0,0,0,0,99,0,0,0,0,0,0,0,0,0,0,0,0,0,0,0,0,0,0,0,0,0,0,0,0,0,0,0,0,0,0,0,0,2,0,0,0,0,0,0,0,0,0,0,0,0,0,0,0,0,0,0,0,0,0,0,0,0,0,0,0,0,0,0,0,0,0,0,0,0,0,0,0,0,7,0,0,0,0,0,0,0,0,0,0,0,0,0,0,0,0,0,0,0,0,0,0,0,0,0,0,0,0,0,0,0,0,0
"D515",0,0,0,0,0,0,0,0,0,0,0,0,0,0,0,0,0,0,0,0,0,0,0,0,0,0,0,0,0,0,0,0,0,0,0,0,0,0,0,0,0,0,0,0,0,0,0,0,0,0,0,0,0,0,0,0,0,0,0,0,0,0,0,0,0,0,0,0,0,0,0,0,0,0,0,0,0,0,0,0,0,0,0,0,0,0,0,0,0,0,0,0,0,0,0,0,0,0,0,0,0,0,0,0,0,0,0,0,0,0,0,0,0,0,0,0,0,0,0,0,0,0,0,0,0,0,0,0,0,0,0,0,0,0,0,0,0,0,0,0,0,0,0,0,0,0,0,0,0,0,0,0,0,0,0,0,0,0,0,0,0,0,0,0,0,0,0,0,0,0,0,0,0,0,0,0,0,0,0,0,0,0,0,0,0,0,0,0,0,0,0,0,0,0,0,0,0,0,0,0,0,0,0,0,0,0,0,0,0,0,0,0,0,0,0,0,0,0,0,0,0,0,0,0,0,0,0,0,0,0,0,0,0,0,0,0,0,0,0,0,0,0,0,0,0,0,0,0,0,0,0,0,0,0,0,0,0,0,0,0,0,0,0,0,0,0,0,0,0,0,0,0,0,0,0,0,0,0,0,0,0,0,0,0,0,0,0,0,0,0,0,0,2,0,0,0,0,0,0,0,0,0,0,0,0,0,0,0,0,0,0,0,0,0,0,0,0,0,0,0,0,0,0,0,0,0,0,0,0,0,0,0,0,0,0,0,0,0,0,0,0,0,0,0,0,0,0,0,0,0,0,0,0,11,0,0,0,0,0,0,0,0,0,0,0,0,0,0,0,0,0,0,0,0,0,0,0,0,0,0,0,0,0,0,0,0,0,0,0,0,0,0,0,0,0,0,0,0,0,0,0,0,0,0,0,0,0,0,0,0,0,0,0,0,0,0,0,0,0,0,0,0,0,0,0,0,0,0,0,0,0,0,0,0,0,0,0,5,0,0,0,0,0,0,0,0,0,0,0,0,0,0,0,0,0,0,0,0,0,0,0,0,0,0,0,0,0,0,0,0,0,0,0,0,0,0,0,0,0,0,0,0,0,0,0,0,0,5,0,0,0,0,0,0,0,0,0,0,0,0,0,0,0,0,0,0,0,0,0,0,0,0,0,0,0,0,0,0,0,0,0,0,0,0,0,0,0,0,0,0,0,0,0,0,0,0,0,0,0,0,0,0,0,0,0,0,0,0,0,0,0,0,0,0,0,0,0,0,0,0,0,0,0,0,0,0,0,0,0,0,0,0,0,0,0,0,0,0,0,0,0,0,0,0,0,0,0,0,0,0,0,0,0,0,0,0,0,0,0,0,0,0,0
"D516",25,441,1491,0,50,34,0,0,0,0,4,0,0,0,2,0,0,9,0,0,0,57,0,40,16,0,0,0,0,0,4,0,0,0,99,0,0,197,5,35,0,0,0,0,0,0,7,0,2,27,0,0,36,0,0,3,0,29,0,23,7,0,0,0,0,0,0,0,27,8,0,0,0,0,0,0,0,0,0,0,0,0,0,13,0,0,0,0,272,0,7,0,0,0,4,11,0,0,0,17,3,0,0,0,0,0,0,0,163,0,0,0,0,4,2,0,25,0,0,8,0,3,0,0,30,0,5,0,0,0,438,0,157,0,0,11,0,0,0,0,0,0,0,0,19,28,9,0,42,0,0,6,220,12,0,0,0,0,0,5,0,0,0,8,0,3,0,0,0,63,0,0,0,109,1,0,0,1,0,60,0,497,0,0,0,0,0,0,0,0,0,18,0,0,0,8,0,64,0,4,0,0,0,0,6,387,0,4,0,0,0,0,4,108,0,0,0,0,24,20,0,0,6,0,0,259,25,546,0,0,0,0,0,0,0,0,105,0,165,0,2,0,0,0,0,0,0,0,0,0,0,0,0,7,0,20,0,28,0,0,11,0,0,10,112,0,2,0,18,0,0,64,0,13,0,0,0,0,0,0,290,0,0,0,0,11,0,0,0,14,8,0,0,0,0,11,1,0,0,0,27,0,0,0,1,2,0,143,241,20,80,0,495,26,0,0,0,0,28,0,0,5,39,0,5,0,0,2,3,0,0,47,0,2,0,0,0,61,0,0,5,0,0,103,1127,0,0,0,0,39,0,0,0,0,1,0,28,0,0,0,0,0,13,0,0,0,29,177,0,7,51,3,0,3,0,27,0,0,0,0,0,0,0,0,0,7,298,0,3,0,123,0,14,0,7,1211,0,0,0,0,0,38,5,0,36,0,0,0,0,0,0,2336,0,0,0,0,0,2,0,0,0,0,0,0,0,17,2,1334,0,4,0,0,0,0,0,0,23,0,0,0,122,0,0,0,0,2,0,84,0,0,13,36,0,0,5,0,0,7,0,193,0,0,0,0,96,19,0,0,10,14,0,0,1,0,18,0,0,0,1,0,0,0,0,43,0,0,0,0,0,0,0,0,0,0,2,0,0,8,0,0,0,0,0,0,0,19,0,0,0,0,4,7,16,0,0,0,0,8,13,0,38,0,168,0,0,0,80,0,0,0,15,0,94,6,0,0,0,2,129,38,0,0,0,0,118,0,121,0,0,0,0,0,28,0,0,0,31,0,0,32,0,0,3,0,0,0,98,0,0,0,3,0,0,9,0,0,335,0,233,0,5,608,0,3,0,0,0,122,0,0,0,0,0,0,79,0,0,3,0,0,0,144,0
"D517",0,0,0,2218,0,0,49,0,0,0,0,0,0,0,0,0,0,0,0,0,12,0,0,0,0,2,0,0,0,0,0,0,13,0,0,0,5,0,0,0,0,41,0,0,0,19,0,0,0,0,19,0,7,0,0,0,0,0,0,0,0,0,0,26,0,0,0,5,0,0,0,0,0,0,0,0,0,0,0,0,0,10,3,0,0,0,0,0,0,0,0,0,0,0,0,0,0,0,0,0,0,0,0,0,0,38,0,0,0,0,2126,0,0,0,0,0,0,42,0,0,0,0,0,0,0,0,0,0,0,23,0,11,0,0,0,0,5135,0,0,0,0,23,6,0,0,0,0,0,0,0,0,0,0,0,0,35,0,0,0,0,0,6,0,0,0,0,0,0,0,0,0,0,0,0,0,0,0,0,0,12,0,0,0,66,0,3,0,0,0,0,0,0,0,0,0,0,0,0,0,0,0,0,0,0,0,0,0,0,0,0,0,0,0,0,0,0,64,31,0,0,0,0,0,0,0,4,0,0,0,0,0,0,0,36,0,0,0,0,7,0,0,0,0,0,0,7,0,0,7,0,0,0,0,0,0,0,0,0,477,0,0,0,0,0,0,0,0,0,0,0,0,0,12,0,0,0,0,0,0,0,0,17,0,0,0,0,8,0,46,0,0,0,0,0,0,0,0,0,0,0,0,0,0,0,9,13,0,0,0,0,0,8,0,0,0,0,0,0,0,0,0,0,0,0,0,0,0,0,0,0,0,0,0,0,0,0,0,0,0,0,0,0,6,0,0,0,3,0,1177,0,0,0,0,0,0,12,0,0,0,0,0,0,0,0,0,0,0,0,0,24,5,0,0,0,0,0,0,0,0,425,0,0,0,0,0,12,0,0,0,0,0,0,0,0,0,0,0,0,0,0,0,0,0,0,0,0,0,0,3046,0,8,0,0,0,0,0,0,0,0,0,0,0,0,0,0,0,0,0,0,0,0,0,0,0,0,0,0,0,0,0,0,0,0,0,0,0,0,0,0,0,0,4,0,0,0,0,0,0,0,0,2,0,14,0,1,0,0,0,0,0,0,0,0,0,0,0,0,0,0,0,11,0,0,0,0,0,0,4,0,0,0,0,0,0,0,0,2,0,0,0,0,8,0,0,0,0,4,0,0,0,0,0,0,0,0,0,0,0,0,0,0,0,0,0,19,317,12,0,0,0,0,0,0,0,0,0,0,0,0,0,3797,0,0,0,0,0,0,0,0,0,0,0,0,0,0,0,0,0,0,0,0,0,0,0,0,0,0,0,8,0,0,0,0,0,0,0,0,0,0,0,0,0,0,0,0,0,0,0,3,0,0,0,0,0,0,0,0,0,0,0,0,0,6
"D518",4,0,0,0,0,4,0,0,0,0,0,0,0,0,0,0,0,0,0,0,8,0,0,0,0,0,0,0,0,0,0,0,28,0,0,0,0,0,0,0,0,0,0,0,0,0,0,0,0,0,0,0,4,0,1,0,0,0,7,0,0,0,0,0,0,0,0,0,0,837,0,0,0,0,0,0,0,0,0,0,0,0,0,0,0,0,0,0,0,0,0,0,0,0,0,0,0,0,14,0,0,0,0,0,0,0,0,0,0,0,0,0,0,0,0,22,0,0,0,0,0,0,0,0,0,0,0,0,0,0,0,0,9,0,0,0,0,0,0,0,0,0,0,0,0,0,0,4,0,0,2,0,0,0,0,0,0,0,0,0,0,0,0,0,1532,0,0,0,0,0,0,0,0,1189,0,0,2,0,0,0,0,0,0,0,0,0,9,0,0,0,0,0,0,0,0,0,0,0,0,0,0,0,0,0,0,0,37,0,0,0,9,0,0,0,0,0,0,0,0,0,0,0,0,0,0,0,0,0,0,0,0,0,0,0,0,126,0,0,0,0,90,0,0,0,0,0,0,0,0,0,5,0,0,0,0,0,165,0,0,0,0,0,0,0,0,0,0,0,0,0,0,0,419,0,0,71,0,0,0,0,4,0,105,0,0,0,40,0,0,0,0,2,0,0,0,0,0,0,0,0,0,0,0,0,133,0,0,0,0,0,0,0,0,0,0,0,0,0,0,0,0,0,0,0,0,0,7,0,0,0,0,0,0,0,0,0,0,0,0,0,0,0,13,0,3,0,0,0,115,0,0,0,0,0,0,0,0,0,0,0,0,0,0,0,0,0,0,0,0,7,0,0,0,0,0,0,0,0,0,0,54,0,0,0,0,0,0,0,0,0,0,0,0,0,0,0,0,0,0,0,0,0,0,0,0,0,0,0,0,0,0,0,0,0,0,0,0,0,0,0,0,0,0,0,0,0,0,0,0,0,0,0,0,0,0,0,0,0,21,9,0,0,0,0,0,0,0,0,0,1,0,192,0,0,0,0,0,0,0,0,65,0,0,0,508,0,0,0,0,0,0,0,0,0,19,51,0,0,0,0,0,0,94,0,0,0,0,0,0,0,0,0,0,0,0,14,0,0,0,0,0,0,0,0,0,0,0,0,0,0,0,0,0,0,0,8,0,0,0,0,0,0,0,0,0,0,0,0,0,0,0,0,0,0,0,0,0,0,0,0,0,0,0,0,0,0,0,0,0,0,0,0,0,0,0,0,0,0,0,0,0,0,0,0,0,0,0,0,0,18,0,0,0,0,0,0,0,0,1,0,0,0,0,0,0,0,0,0,0,0,0,0,0,0,0,0,0,0,0,0,0,0,0
"D519",0,0,0,0,0,0,0,0,0,0,0,0,245,0,0,0,0,0,0,6,4,0,0,0,0,0,0,0,0,0,0,0,0,539,0,0,0,0,0,0,0,0,0,0,0,0,0,0,756,0,0,0,0,0,0,0,0,0,0,0,0,0,0,0,0,0,0,0,0,0,0,0,0,0,0,0,0,0,0,0,0,0,0,0,0,937,0,0,0,115,0,0,0,0,0,0,0,0,0,0,0,0,0,61,0,0,0,0,0,0,9,0,0,0,0,0,0,0,0,0,0,0,0,0,0,0,0,0,0,0,0,0,0,0,0,0,0,0,0,0,0,0,0,0,6,0,0,0,0,0,0,0,0,0,0,0,0,0,0,0,0,0,0,0,0,0,2,0,0,0,0,0,0,0,0,0,0,0,0,0,0,0,0,0,1480,0,0,0,0,0,0,0,0,85,0,0,0,0,0,0,0,2,0,0,0,0,0,0,0,0,0,0,0,0,0,0,4,0,0,0,0,0,0,0,25,0,0,0,0,0,0,0,0,0,0,0,0,0,0,0,0,0,0,0,0,0,0,0,0,0,0,0,0,0,0,0,0,0,0,0,0,0,0,0,0,0,0,0,0,0,0,0,0,0,0,0,0,0,0,0,4,0,0,0,0,0,0,0,0,0,0,0,1314,0,7,0,0,0,0,0,0,0,0,0,0,0,0,0,0,0,0,0,0,0,0,0,0,0,0,0,0,0,0,0,0,0,0,0,0,0,0,0,0,0,0,0,0,1,0,0,0,0,0,0,0,0,0,0,0,0,0,0,0,0,0,0,0,0,0,0,0,0,0,0,0,0,0,0,0,0,0,0,0,0,0,0,0,0,0,0,0,0,0,0,0,30,0,138,0,0,0,0,0,0,0,0,0,0,1001,0,0,0,0,0,0,0,0,0,0,0,0,0,0,0,0,473,0,0,0,0,0,0,0,0,0,0,0,0,0,0,0,0,0,0,0,0,0,0,0,0,0,0,0,0,0,0,0,0,0,0,0,75,0,0,0,0,0,0,0,0,0,0,0,0,0,0,0,0,0,0,0,0,0,0,0,0,0,8188,0,0,0,0,17,0,0,0,0,0,0,0,0,0,0,0,2,0,0,228,80,0,0,0,0,0,0,0,0,0,0,0,0,0,0,0,0,0,0,0,0,0,0,0,0,0,0,0,3,0,0,0,0,0,0,0,0,0,0,0,0,0,0,0,0,0,0,0,0,0,0,0,0,0,0,225,0,0,0,0,0,0,0,0,0,0,0,0,0,0,0,9,0,0,0,0,0,0,0,0,0,43,0,0,0,0,0,0,0,0,0,0,0,0,0,0,0,0,0,0,0,0,0,0,0
"D520",0,0,0,0,0,0,39,0,0,0,0,0,0,0,0,0,0,0,0,0,0,0,0,0,0,0,0,0,0,0,0,0,0,0,0,0,0,0,0,0,0,0,0,0,0,0,0,0,0,0,0,0,0,0,0,0,0,0,0,0,0,0,0,0,0,0,0,0,0,0,0,0,0,0,0,0,0,0,0,0,0,0,0,0,0,0,0,0,0,0,0,0,0,0,0,0,0,0,0,0,0,0,0,0,0,0,0,0,0,0,0,0,0,0,0,0,0,0,0,0,0,0,0,0,0,0,0,0,0,0,0,0,0,0,0,0,0,0,0,0,0,0,0,0,0,0,0,0,0,0,0,0,0,0,0,0,0,0,0,0,0,0,0,0,0,0,0,0,0,0,0,0,0,0,0,0,0,0,0,0,0,0,0,0,0,0,0,2,0,0,0,0,0,0,0,0,0,0,0,0,0,0,0,0,0,0,0,0,0,0,0,0,0,0,0,0,0,0,0,0,0,0,0,0,0,0,0,0,0,0,0,0,0,0,0,0,0,0,0,0,0,0,0,0,0,0,0,0,0,0,0,0,0,0,0,0,0,0,0,0,0,81,0,0,0,0,0,0,0,0,0,0,0,0,0,0,0,0,0,0,0,2,0,0,0,0,0,0,0,0,0,0,0,0,0,0,0,0,0,0,0,0,0,0,0,0,0,0,0,0,0,0,0,0,0,0,0,0,0,0,0,0,0,0,0,0,0,0,0,0,0,0,0,0,0,0,0,0,0,0,0,0,0,0,0,0,0,0,0,0,0,0,0,0,0,0,0,0,0,0,0,0,0,0,0,0,0,0,0,0,0,0,0,0,0,0,0,0,0,0,0,0,0,0,0,0,0,0,0,0,0,0,0,0,0,0,0,0,0,0,0,0,0,0,0,0,0,0,0,0,0,0,0,0,0,0,0,0,0,0,0,0,0,0,0,0,0,0,0,0,0,0,0,0,0,0,0,0,0,0,0,0,0,0,0,0,0,0,0,0,0,0,0,0,0,0,0,0,0,0,0,0,0,0,0,0,0,0,0,0,0,0,0,0,0,0,0,0,0,0,0,0,0,0,0,0,0,0,0,0,0,0,0,0,0,0,0,0,0,0,0,0,0,0,0,0,0,42,0,0,0,0,0,0,0,0,0,0,0,0,0,0,0,0,0,0,0,0,0,0,0,0,0,0,0,0,0,0,0,0,0,0,0,0,0,0,0,0,0,0,0,0,0,0,0,0,0,0,0,0,0,770,0,0,0,0,0,0,0,0,0,0,0,0,0,0,0,0,0,0,0,0,0,0,0,0,0,0,0,0,0,0,0,0,0,0,0,0,0,0,0,0,0
"D521",0,0,0,0,0,0,0,0,0,0,0,0,0,0,0,0,0,0,0,0,0,0,0,0,0,0,0,0,0,0,0,0,240,0,0,0,0,0,0,0,0,0,0,0,0,0,0,0,0,0,0,0,0,0,0,0,0,0,0,0,0,0,0,0,0,0,0,0,0,0,0,0,0,6,0,0,0,0,0,0,0,0,0,0,0,0,0,0,0,0,0,0,0,0,0,0,0,0,0,0,0,0,0,0,0,0,0,0,0,0,31,0,0,0,0,0,0,40,0,0,0,0,0,0,0,0,0,0,0,0,0,0,0,20,0,0,4,0,0,0,0,0,16,0,0,0,0,0,0,0,0,0,0,0,0,0,0,0,0,0,0,0,0,0,0,0,0,0,0,0,0,0,0,0,0,0,0,0,0,0,0,0,0,0,0,0,0,0,0,0,0,0,0,0,0,0,0,0,0,0,0,0,0,0,0,0,0,0,0,0,0,0,0,0,0,0,0,0,0,0,0,0,0,0,0,0,0,0,0,0,0,0,0,35,0,0,0,0,0,0,0,0,0,0,0,0,0,0,0,0,0,0,0,0,0,0,0,0,8,0,0,0,0,0,0,0,0,0,0,0,0,0,0,0,0,0,0,0,0,0,21,0,0,0,0,0,0,0,0,0,0,0,0,0,0,0,0,0,0,0,0,0,0,0,0,0,0,0,0,0,0,0,0,0,0,0,0,0,0,0,0,0,0,0,0,0,0,0,0,0,0,0,10,0,0,0,0,0,0,0,0,0,0,0,0,0,0,0,6,0,0,0,0,0,0,0,0,0,0,0,0,0,0,0,0,0,0,0,0,0,0,0,0,0,0,0,0,0,0,0,0,0,0,0,0,0,0,0,0,0,0,0,0,0,0,0,0,0,0,0,0,0,0,0,0,0,0,0,0,0,0,0,0,0,4,0,0,0,0,0,0,0,0,0,0,0,0,0,0,0,0,0,0,0,0,0,0,0,0,0,0,0,0,0,0,0,0,0,0,0,0,0,42,0,0,0,0,0,0,0,0,0,0,0,0,0,0,0,0,0,0,0,0,0,0,0,0,0,0,0,0,0,0,0,0,0,0,0,0,0,0,0,0,0,0,0,0,0,0,0,0,0,0,0,0,0,0,66,0,0,0,0,0,0,0,0,0,0,0,0,0,0,0,0,0,0,0,0,0,0,0,0,0,0,0,0,60,0,0,0,0,0,0,0,0,0,0,0,0,0,0,0,0,0,0,0,0,0,0,0,6,0,0,0,0,0,0,0,0,0,0,0,0,0,0,0,0,0,34,0,0,0,0,0,0,0,0,0,33,0,0,0,0,0,0,0,0,0,0,0,0,0,0
"D522",0,0,0,0,0,0,0,0,0,0,0,0,0,0,0,0,0,0,0,0,0,0,0,0,0,0,0,0,0,0,0,0,0,0,0,0,0,0,0,0,0,0,0,0,0,0,0,0,0,0,0,0,0,0,0,0,0,0,0,0,0,0,0,0,0,0,0,0,0,0,0,0,0,0,0,0,0,0,0,0,0,0,0,0,0,0,0,0,0,0,0,0,0,0,0,0,0,0,0,0,0,0,0,0,0,0,0,0,0,0,0,0,0,0,0,0,0,0,0,0,0,0,0,0,0,0,0,0,0,0,0,0,0,0,0,0,0,0,0,0,0,0,0,0,0,0,0,0,0,0,0,0,0,0,0,0,0,0,0,0,0,0,0,0,0,0,0,0,0,0,0,0,0,0,0,0,0,0,0,0,0,0,0,0,0,0,0,0,0,0,0,0,0,0,0,0,0,0,0,0,0,0,0,0,0,0,0,0,0,0,0,0,0,0,0,0,0,0,0,0,0,0,0,0,0,0,0,0,0,0,0,0,0,0,0,0,0,0,0,0,0,0,0,0,0,0,0,0,0,0,0,0,0,0,0,0,0,0,0,0,0,0,0,0,0,0,0,0,0,0,0,0,0,0,0,0,0,0,0,0,0,0,0,0,0,0,0,0,0,0,0,0,0,0,0,0,0,0,0,0,0,0,0,0,0,0,0,0,0,0,0,0,0,0,0,0,0,0,0,0,0,0,0,0,0,0,0,0,0,0,0,0,0,0,0,0,0,0,0,0,0,0,0,0,0,0,0,0,0,0,0,0,0,0,0,0,0,0,0,0,0,0,0,0,0,0,0,0,0,0,0,0,0,0,0,0,0,0,0,0,0,0,0,0,0,0,0,0,0,0,0,0,0,0,0,0,0,0,0,0,0,0,0,0,0,0,0,0,0,0,0,0,0,0,0,0,0,0,0,0,0,0,0,0,0,0,0,0,0,0,0,0,0,0,0,0,0,0,0,0,0,0,0,0,0,0,0,0,0,0,0,7,0,0,0,0,0,0,0,0,0,0,0,0,0,0,0,0,0,0,0,0,0,0,0,0,0,0,0,0,0,0,0,0,0,0,0,0,0,0,0,0,0,0,0,0,0,0,0,0,0,0,0,0,0,0,0,0,0,0,0,0,0,0,0,0,0,0,0,0,0,0,0,0,0,0,3,0,0,0,0,0,0,0,0,0,0,0,0,0,0,0,0,0,0,0,0,0,0,0,0,0,0,0,0,0,0,0,0,0,0,0,0,0,0,0,0,0,0,0,0,0,0,0,0,0,0,0,0,0,0,0,0,0,0,0,0,0,0,0,0,0,0,0,0,0,0,0,0,0,0,0,0
"D523",0,0,0,1609,0,0,11,0,4,0,0,0,0,0,0,0,0,0,0,0,2,0,0,0,0,5,0,0,0,0,0,0,0,0,0,0,0,0,0,0,0,0,0,0,0,0,0,0,0,0,3,0,0,0,0,0,0,0,0,0,0,0,0,40,0,0,0,0,0,0,0,0,0,3,0,0,0,0,0,0,0,3,0,0,0,0,0,0,0,0,0,0,0,0,0,0,0,0,0,0,0,0,0,0,0,0,0,0,0,0,8873,0,41,0,0,0,0,75,0,0,0,0,0,0,0,0,0,0,0,1,0,32,0,11,0,0,2358,0,0,0,0,0,5,0,0,0,0,0,0,0,0,0,2,0,0,7,0,0,0,0,0,0,0,0,2,0,7017,0,0,0,0,0,0,0,0,0,0,0,0,0,0,0,0,0,0,0,0,0,0,0,0,0,0,0,0,0,0,0,0,0,0,0,0,0,0,0,0,0,0,0,0,0,0,0,0,0,402,21,0,0,0,0,0,0,0,0,0,0,0,0,0,0,0,23,0,0,0,0,0,0,0,0,0,0,0,0,0,0,0,0,0,0,0,0,0,0,0,0,287,2,0,5,0,0,0,0,0,0,0,0,0,0,0,0,0,0,0,0,0,0,0,0,0,0,0,0,0,0,0,0,0,0,0,0,0,0,0,0,0,0,0,0,0,0,0,0,0,0,0,0,0,8,0,0,0,15,0,0,0,0,0,0,0,0,0,0,0,0,0,0,0,0,0,0,0,0,0,0,0,0,0,0,0,0,0,0,0,0,0,0,0,0,0,0,0,0,0,0,0,0,0,0,0,0,0,0,0,0,0,0,0,0,0,0,0,0,0,0,0,58,0,0,0,0,0,96,0,0,0,0,0,0,0,0,0,0,0,0,0,0,0,0,0,0,0,0,0,0,5766,0,2,0,0,0,4,0,0,0,0,0,0,0,0,0,0,0,0,0,0,0,0,0,0,0,0,0,4,0,0,0,2,0,0,0,0,0,0,0,0,0,0,0,0,0,0,0,0,0,0,0,0,0,0,0,0,0,0,0,0,0,0,0,0,0,0,0,0,0,0,0,29,0,0,0,0,0,0,0,0,0,0,0,0,0,0,0,0,0,0,0,0,1,4,0,0,0,0,4,0,0,0,0,0,0,0,0,0,0,0,0,0,0,0,0,22,34,4,0,0,0,0,0,0,0,0,0,11,0,0,0,6333,0,0,0,0,0,0,0,0,0,0,0,0,0,0,0,0,0,0,0,10,0,0,0,0,0,0,0,0,0,0,0,0,0,0,0,0,0,0,0,0,0,0,0,0,0,0,0,32,0,0,0,0,0,0,0,0,0,0,0,0,0,3
"D524",0,0,0,0,0,0,0,0,0,0,0,0,0,0,0,0,0,0,0,0,0,0,0,0,0,0,0,0,0,0,0,0,0,0,0,0,0,0,0,0,0,0,0,0,0,0,0,0,0,0,0,0,0,0,0,0,0,0,0,0,0,0,0,0,0,0,0,0,0,0,0,0,0,0,0,0,0,0,0,0,0,0,0,0,0,0,0,0,0,0,0,0,0,0,0,0,0,0,0,0,0,0,0,0,0,0,0,0,0,0,0,0,0,0,0,0,0,0,0,0,0,0,0,0,0,0,0,0,0,0,0,0,0,0,0,0,0,0,0,0,0,0,0,0,0,0,0,0,0,0,0,0,0,0,0,0,0,0,0,0,0,0,0,0,0,0,0,0,0,0,0,0,0,0,0,0,0,0,0,0,0,0,0,0,0,0,0,0,0,0,0,0,0,0,0,0,0,0,0,0,0,0,0,0,0,0,0,0,0,0,0,0,0,0,0,0,0,0,0,0,0,0,0,0,0,0,0,0,0,0,0,0,0,0,0,0,0,0,0,0,0,0,0,0,0,0,0,0,0,0,0,0,0,0,0,0,0,0,0,0,0,0,0,0,0,0,0,0,0,0,0,0,0,0,0,0,0,0,0,0,0,0,0,0,0,0,0,0,0,0,0,0,0,0,0,0,0,0,0,0,0,0,0,0,0,0,0,0,0,0,0,0,0,0,0,0,0,0,0,0,0,0,0,0,0,0,0,0,0,0,0,0,0,0,0,0,0,0,0,0,0,0,0,0,0,0,0,0,0,0,0,0,0,0,0,0,0,0,0,0,0,0,0,0,0,0,0,0,0,0,0,0,0,0,0,0,0,0,0,0,0,0,0,0,0,0,0,0,0,0,0,0,0,0,0,0,0,0,0,0,0,0,0,0,0,0,0,0,0,0,0,0,0,0,0,0,0,0,0,0,0,0,0,0,0,0,0,0,0,0,0,0,0,0,0,0,0,0,0,0,0,0,0,0,0,0,0,0,0,0,0,0,0,0,0,0,0,0,0,0,0,0,0,0,0,0,0,0,0,0,0,0,0,0,0,0,0,0,0,0,0,0,0,0,0,0,0,0,0,0,0,0,0,0,0,0,0,0,0,0,0,0,0,0,0,0,0,0,0,0,0,0,0,0,0,0,0,0,0,0,0,0,0,0,0,0,0,0,0,0,0,0,0,0,0,0,0,0,0,0,0,0,0,0,0,0,0,0,0,0,0,0,0,0,0,0,0,0,0,0,0,0,0,0,0,0,0,0,0,0,0,0,0,0,0,0,0,0,0,0,0,0,0,0,0,0,0,0,0,0,0,0,0,0,0,0,0,0,0,0,0,0,0
"D525",0,53,0,0,0,7,0,4,0,0,26,152,0,3,24,0,3,13,0,0,0,8,45,3,8,0,0,0,0,7,74,0,2,0,0,16,0,43,0,130,15,0,52,35,26,0,0,5,8,0,0,3,184,0,0,6,17,0,0,7,15,0,17,0,0,98,0,0,0,0,5,0,0,0,2,85,32,0,18,4,0,0,2,5,1,0,0,0,13,0,1,28,0,0,0,14,0,0,3,29,25,67,0,4,4,0,0,4,206,0,0,4,0,0,15,6,0,0,20,6,24,0,3,0,1,4,9,0,0,0,162,0,0,0,4,51,0,0,1,0,3,0,0,0,0,0,7,0,10,0,0,1,0,9,5,0,23,0,37,23,8,28,4,8,0,9,0,17,0,2,0,0,5,6,0,4,0,1,0,28,15,2,0,0,0,36,5,0,15,32,40,1,13,0,0,2,2,0,1,10,0,0,16,0,50,2,0,56,0,3,0,6,0,43,0,8,0,0,12,16,0,9,0,6,0,154,0,106,4,2,0,0,0,1,3,0,0,39,13,0,2,0,0,0,0,0,3,170,0,0,4,3,0,0,0,2,0,3,0,0,18,0,20,3,0,0,13,0,3,12,6,12,0,3,6,0,11,41,5,4,169,0,0,5,5,0,0,0,1,28,1,0,0,119,68,0,6,10,10,51,48,1,33,249,6,0,2,0,42,0,4,0,52,0,23,0,3,68,0,8,33,6,2,55,7,7,0,3,24,417,0,0,33,2,35,9,0,17,0,7,35,0,0,23,0,88,0,7,3,5,6,23,20,0,0,0,0,12,0,0,4,0,3,8,0,6,31,28,0,1,13,2,0,0,70,43,72,51,8,0,0,221,3,0,0,0,94,0,9,0,34,4,30,0,2,0,0,2,0,0,0,0,0,0,0,1,0,83,0,6,0,1,5,8,0,0,0,0,3,36,6,0,11,0,0,31,0,77,0,0,0,0,0,0,0,28,0,0,0,0,17,22,0,0,42,0,0,5,3,0,0,0,0,10,19,2,0,2,4,63,0,9,0,1,11,0,0,0,32,19,293,0,1,8,8,0,0,0,1,4,0,4,0,7,25,0,0,0,150,0,0,12,4,1,4,0,0,8,0,29,0,0,0,2,0,225,49,0,0,0,14,2,3,111,0,0,0,9,14,15,1,0,107,9,0,0,13,20,128,4,6,3,8,0,0,29,0,11,46,0,0,2,0,16,28,4,4,0,43,0,2,0,21,0,0,0,16,8,0,158,0,0,53,7,0,0,115,0,8,0,0,0,90,0,11,4,36,39,79,6,0,0,103,3,23,0,5,0,0,0,0,0,14,0,30,71,0,0,0,0,1,3,0
"D526",0,0,0,0,0,0,34,0,0,0,0,0,0,0,0,0,0,0,0,0,0,0,0,0,0,0,0,0,10,0,0,0,0,0,0,0,0,0,0,0,0,0,0,0,0,0,0,0,0,0,0,0,0,0,0,0,0,0,3,0,0,2453,0,0,0,0,0,0,0,0,0,0,0,0,0,0,0,0,0,0,0,0,0,0,0,0,0,0,0,0,0,0,0,0,0,0,0,0,0,0,0,0,0,0,0,0,0,0,0,0,0,0,0,0,0,0,0,0,0,0,0,0,0,0,0,0,0,0,0,0,0,0,0,0,0,0,0,0,0,0,0,0,0,0,0,0,0,0,0,0,1676,0,0,0,0,0,0,0,0,0,0,0,0,0,0,0,0,0,0,0,0,0,0,0,0,0,0,0,0,40,0,0,0,0,0,0,0,0,0,0,0,0,0,0,0,0,0,0,0,0,0,0,0,0,0,0,11,0,0,0,0,0,0,0,0,0,0,0,0,0,0,0,0,0,0,0,0,0,0,0,0,0,0,0,0,0,0,0,0,0,0,0,0,0,0,0,0,0,0,0,0,0,0,0,0,0,0,0,0,0,0,0,0,0,0,0,0,0,0,0,0,0,16626,0,0,0,0,0,0,0,0,0,0,0,0,0,0,0,0,0,0,0,0,0,0,0,0,0,0,0,0,0,0,0,0,0,0,0,0,0,0,0,0,0,0,0,0,0,0,0,0,0,0,0,0,0,233,0,0,0,0,0,62005,0,0,0,0,0,0,0,0,0,0,0,0,0,0,0,0,0,0,0,0,0,0,0,0,0,0,0,0,0,0,0,0,0,0,0,0,0,0,0,0,0,0,0,0,0,0,0,0,0,0,0,0,0,0,0,0,0,0,0,0,0,0,0,0,0,0,0,0,0,0,0,0,0,0,0,0,0,0,0,0,0,0,0,0,0,0,0,0,0,0,0,0,0,0,0,0,0,0,0,0,0,0,0,0,0,0,0,0,0,0,0,0,0,0,0,0,0,24,0,0,0,0,0,0,0,0,0,10,0,0,0,10,0,0,0,0,0,0,0,0,0,0,0,0,0,0,0,0,0,0,0,0,0,0,0,0,0,0,0,0,0,0,0,0,0,0,0,0,0,7,0,0,0,0,0,0,0,0,0,0,0,0,0,0,0,0,0,0,0,0,0,0,0,0,0,0,0,0,0,0,0,62,0,0,0,0,0,0,0,0,0,0,0,0,0,0,0,0,0,0,0,0,0,0,0,0,0,0,0,0,0,0,0,0,0,0,0,0,0,0,0,0,0,0,0,46,0,0,0,0,0,0,0,0,0,0,0,0,0,0,0,0,0,0,0,0,0,0,0,0
"D527",6,42,0,0,0,7,0,0,0,1,52,99,0,11,8,24,52,3,0,7,6,58,531,29,0,0,0,10,208,4,128,0,122,0,64,17,9,14,6,130,0,0,452,10,73,0,0,0,0,19,0,350,28,0,2,16,13,5,11,362,230,0,28,0,0,210,37,0,2,0,4,0,0,0,0,141,0,0,0,1,0,0,0,4,155,0,0,10,21,0,3,53,0,30,3,0,0,2,0,0,32,0,0,0,31,0,0,0,403,0,0,4,0,18,50,10,0,0,0,0,49,21,19,0,171,0,7,3,2,0,0,0,6,0,0,128,0,0,0,0,13,0,0,0,30,14,13,10,74,0,0,19,3,74,43,0,0,86,98,78,60,35,21,20,122,9,0,3,0,34,0,0,0,45,1,0,1,0,0,12,1,2,0,0,0,36,1,0,190,0,0,6,1,0,4,32,0,0,0,45,11,0,29,0,18,0,0,0,21,18,4,2,6,0,0,0,0,0,0,9,3,10,14,0,0,8439,0,171,0,4,0,0,1,0,24,10,14,48,41,2,3,0,0,0,5,129,22,0,0,0,91,2,10,3,3,5,0,0,0,0,101,0,1,112,41,4,0,27,15,16,4,180,50,0,44,0,61,0,2,20,568,0,11,63,8,0,12,0,14,19,2,0,0,13,0,0,14,65,12,0,41,0,45,33,156,0,0,0,141,25,51,0,118,103,28,0,0,309,0,0,157,57,8,48,0,0,0,24,1,0,0,30,151,22,12,44,69,397,0,16,5,0,22,253,0,85,31,0,48,12,125,286,68,0,6,0,13,10,0,2,0,1,1,79,3,0,33,2,0,0,3,0,5,0,280,0,108,52,92,0,0,86,3,0,0,0,167,5,9,0,35,0,22,0,15,3,0,8,0,0,0,0,2,0,40,18,0,0,0,23,0,73,6,3,0,0,0,24,3,4,0,5,9,4,0,17,0,161,0,2,10,0,0,0,0,0,15,0,2,0,1,82,0,212,169,0,0,94,3,6,0,0,0,248,0,0,2,1,4,17,3,225,0,0,88,0,9,21,3,73,0,0,0,18,34,2,0,0,0,0,0,103,0,40,35,0,20,0,8,186,0,0,0,13,0,2,0,5,0,134,0,0,2,18,0,1272,782,0,29,0,0,35,0,130,0,0,0,35,15,32,40,0,64,153,0,0,0,25,69,177,28,151,54,10,0,74,0,18,0,0,0,7,0,15,1,20,23,33,190,0,23,4,21,0,0,4,93,27,0,175,0,0,31,11,17,4,213,0,0,6,10,0,17,13,132,1,0,0,58,4,0,0,0,3,0,0,0,10,0,0,9,0,4,27,737,0,5,0,19,0,16,0,0
"D528",0,11,3,0,0,0,0,0,156,0,0,0,0,0,0,0,0,0,0,0,98,0,9,0,0,72,0,0,0,0,0,0,4,0,6,0,0,0,0,0,0,0,0,0,0,0,0,0,0,1,0,0,0,0,0,0,0,0,0,3,4,0,0,122,0,0,2,0,0,163,0,0,0,18,0,2,0,0,0,3,0,0,0,0,0,0,1,0,11,0,0,0,0,0,0,0,0,0,0,0,0,0,0,0,0,107,0,0,0,0,777,0,185,0,0,1,0,60,0,0,0,0,0,2,0,0,0,0,0,0,0,13,0,1,0,0,0,0,0,3,0,0,12,0,0,0,0,0,0,0,0,0,0,0,0,200,0,0,0,0,0,0,0,0,0,0,65,0,0,0,0,0,0,0,0,0,0,0,0,0,0,0,0,14,0,0,3,8,0,0,0,0,0,0,0,0,0,0,0,3,0,0,0,0,0,0,0,0,0,0,0,2,0,0,0,0,9,0,0,0,0,0,0,0,0,5,0,0,0,0,0,0,0,44,0,0,0,0,1,0,0,2,0,0,0,0,6,0,0,0,0,0,0,0,0,2,0,0,872,14,0,15,0,0,0,0,0,0,0,0,0,0,16,0,0,18,0,0,4,0,6,626,2,0,0,0,0,0,0,0,0,0,1,0,0,2,0,0,0,0,0,0,0,0,2,1198,0,0,0,0,0,0,0,0,0,4,0,0,0,0,0,0,0,0,0,0,1,0,0,0,0,0,0,0,0,0,0,0,0,0,0,0,11,0,0,0,16,0,0,0,0,0,0,0,0,13,0,0,0,0,0,0,0,0,0,0,3,0,0,0,2234,0,0,0,0,0,0,0,0,7,30,0,0,0,3,1431,0,0,0,0,0,0,0,0,0,0,0,0,0,0,0,0,0,0,0,0,0,0,0,0,60,0,0,0,71,0,0,0,0,0,0,0,0,0,0,0,0,0,0,2,0,0,0,0,0,0,0,0,0,0,0,0,0,0,0,0,0,0,0,7,0,87,7,0,0,0,0,0,0,0,0,0,76,0,0,12,0,0,0,0,0,0,0,3,0,0,0,0,0,200,68,0,0,0,0,7,0,0,5,0,0,0,0,0,0,11,0,0,0,0,0,12,0,0,0,7,0,0,0,0,0,0,0,0,0,0,0,3,0,0,0,0,1,0,3,9,8,0,0,0,0,0,1,0,0,0,84,0,0,0,11,0,0,0,0,0,0,0,0,0,0,0,0,0,0,0,0,0,0,0,10,0,0,0,0,0,0,0,16,29,0,0,0,0,0,0,0,0,0,0,0,0,0,0,0,0,0,2,0,0,0,0,0,0,0,0,0,0,0,0,2,0,6
"D529",0,0,0,0,0,0,0,0,0,0,0,0,0,0,0,0,0,0,0,0,0,0,0,0,0,460,0,0,0,0,0,0,0,0,0,0,0,0,0,0,0,0,0,0,0,0,0,0,0,0,0,0,0,0,0,0,0,0,0,0,0,0,0,0,0,0,0,0,0,0,0,0,0,0,0,0,0,0,0,0,0,0,0,0,0,0,0,0,0,0,0,0,0,0,0,0,0,0,0,0,0,0,0,0,0,0,0,0,0,0,0,0,0,0,0,0,0,680,0,0,0,0,0,0,0,0,0,0,0,0,0,158,0,0,0,0,0,0,0,0,0,0,0,0,0,0,0,0,0,0,0,0,0,0,0,0,0,0,0,0,0,0,0,0,0,0,0,0,0,0,0,0,0,0,0,0,0,0,0,0,0,0,0,0,0,0,0,0,0,0,0,0,0,0,0,0,0,0,0,0,0,0,0,0,0,0,0,0,0,0,0,0,0,0,0,0,0,0,0,0,0,0,0,0,0,0,0,0,0,0,0,0,0,0,0,0,0,0,0,0,0,0,0,0,0,0,0,0,0,0,0,0,0,0,0,0,0,0,16234,0,0,0,0,0,0,0,0,0,0,0,0,0,0,0,0,0,0,0,0,0,0,0,0,0,0,0,0,0,0,0,0,0,0,0,0,0,0,0,0,0,0,0,0,0,0,0,0,0,0,0,0,0,0,0,0,0,0,0,0,0,0,0,0,0,0,0,0,0,0,0,0,0,0,0,0,0,0,0,0,0,0,0,0,0,0,0,0,0,0,0,0,0,0,0,0,0,0,0,0,0,0,0,0,0,0,0,0,0,0,0,0,0,0,0,0,0,0,0,0,0,0,0,0,0,0,0,0,0,0,0,0,0,0,0,0,0,0,0,0,0,0,0,0,0,0,0,0,0,0,0,0,0,0,0,0,0,0,0,0,0,0,0,0,0,0,0,0,0,0,0,0,0,0,0,0,0,0,0,0,0,0,0,0,0,0,0,0,0,0,0,0,0,0,0,0,0,0,0,0,0,0,0,0,0,0,0,0,0,0,0,0,0,0,0,0,0,0,0,0,0,0,0,0,0,0,0,0,0,0,0,0,0,0,0,0,0,0,0,0,0,0,0,0,0,0,0,0,0,0,0,0,0,0,0,0,0,0,0,0,0,0,0,0,0,0,0,0,0,0,0,0,0,0,0,0,0,0,0,0,0,0,0,0,0,0,0,0,0,0,0,0,0,0,0,0,0,0,0,0,0,0,0,0,0,0,0,0,0,0,0,0,0,0,0,0,0,0,0,0,0,0,0,0,0,0,0,0,0,0,0,0,0,0,0,0,0,0,0,0,0,0,0,0
"D530",0,0,0,0,0,0,0,0,0,0,0,0,0,0,0,0,0,0,0,0,0,0,0,0,0,0,0,0,0,0,0,0,0,0,0,0,0,0,0,0,0,0,0,0,0,0,0,0,0,0,0,0,0,0,0,0,0,0,0,0,0,0,0,0,0,0,0,0,0,0,0,0,0,0,0,0,0,0,0,0,0,0,0,0,0,0,0,0,0,1,0,0,0,0,0,0,0,0,0,0,0,0,0,0,0,0,0,0,0,0,0,0,0,0,0,0,0,0,0,0,0,0,0,0,0,0,0,0,0,0,0,0,0,0,0,0,0,0,0,0,0,0,0,0,0,0,0,0,0,0,0,0,0,0,0,0,0,0,0,0,0,0,0,0,0,0,0,0,0,0,0,0,0,0,0,0,0,0,0,0,0,0,143,0,0,0,0,0,0,0,0,0,0,0,0,0,0,0,0,0,0,0,0,0,0,0,0,0,0,0,0,0,0,0,0,0,0,0,0,0,0,0,0,0,0,0,0,0,0,0,0,0,0,0,0,0,0,0,0,0,0,0,0,0,0,0,0,0,0,0,0,0,0,0,0,0,0,0,0,0,0,0,0,0,0,0,0,0,0,0,0,0,0,0,0,0,0,0,0,0,0,0,0,0,0,0,0,0,0,0,0,0,0,0,0,0,0,0,0,0,0,0,0,0,0,0,0,0,0,0,0,0,0,0,0,0,0,0,0,0,0,0,0,0,0,0,0,0,0,0,0,0,0,0,0,0,0,0,0,0,0,0,0,0,0,0,0,0,0,0,0,0,0,0,0,0,0,0,0,0,0,0,0,0,0,0,0,0,0,0,0,0,0,0,0,0,0,0,0,0,0,0,0,0,0,0,0,0,0,0,0,0,0,0,0,0,0,0,0,0,0,0,0,0,0,0,0,0,0,0,0,0,0,0,0,0,0,0,0,0,0,0,0,0,0,0,0,0,0,0,0,0,0,0,0,0,0,0,0,0,0,0,0,0,0,0,0,0,0,0,0,0,0,0,0,0,0,0,0,0,0,0,0,0,0,0,0,0,0,0,0,0,0,0,0,0,0,0,0,0,0,0,0,0,0,0,0,0,0,0,0,0,0,0,0,0,0,0,0,0,0,0,0,0,0,0,0,0,0,0,0,0,0,0,0,0,0,0,0,0,0,0,0,0,0,0,0,0,0,0,0,0,0,0,0,0,0,0,0,0,0,0,0,0,0,0,0,0,0,0,0,0,0,0,0,0,0,0,0,0,0,0,0,0,0,0,0,0,0,0,0,0,0,0,0,0,0,0,0,0,0,0,0,0,0,0,0,0,0,0,0,0,0,0,0,0,0,0,0,0,0,0,0
"D531",4,7,0,0,0,0,49,0,0,0,0,0,0,0,0,0,0,0,0,0,0,0,0,0,0,0,0,26,0,0,0,0,0,496,78,0,0,0,0,0,0,0,0,0,0,0,0,0,0,0,0,351,414,0,0,0,0,0,3,0,0,579,0,0,0,0,0,1159,0,0,0,0,0,0,0,0,0,0,0,0,0,0,0,0,0,0,0,0,0,0,0,0,0,0,0,0,0,31,0,0,0,0,0,0,0,0,4744,0,0,0,0,0,0,0,0,19,0,0,0,0,0,0,0,0,0,0,0,0,0,6960,0,0,0,0,0,0,44,0,0,0,0,0,0,0,0,0,0,0,0,0,0,0,0,0,0,0,0,0,0,0,0,201,0,0,0,0,0,0,0,0,0,0,0,480,0,0,4,0,0,0,0,0,0,116,0,0,0,23,0,0,0,0,0,0,0,0,0,0,0,0,0,0,0,0,0,0,161,0,0,0,49,0,0,0,51,0,0,46,0,0,0,0,0,1189,0,0,0,0,0,0,0,0,0,0,0,0,0,0,0,0,0,181,0,0,0,0,0,0,0,8,0,0,0,0,0,0,1,0,63,0,0,0,0,0,0,0,0,0,0,0,0,0,0,0,0,0,0,0,0,0,0,0,0,0,0,0,72,0,0,10,0,40,0,0,0,0,0,0,0,0,0,0,0,0,11,466,0,0,0,0,0,0,0,0,0,0,0,0,0,0,0,0,0,0,0,0,106,0,0,0,0,0,0,0,0,0,0,0,0,0,0,0,10,0,0,0,59,0,27,0,0,0,0,0,0,0,0,0,0,0,0,0,0,0,0,0,0,0,0,0,254,0,0,0,0,0,0,0,0,0,37,0,0,0,0,0,0,0,0,0,0,0,0,0,0,0,0,0,0,0,0,0,0,0,0,0,0,0,0,0,0,0,0,0,0,0,0,0,0,0,0,0,0,0,0,0,0,0,0,8,0,0,0,0,0,0,0,0,0,0,0,0,0,0,0,0,2673,0,0,0,0,65,0,0,0,0,0,0,0,0,0,0,0,0,0,0,0,0,0,0,0,0,0,0,0,0,0,0,0,24,0,0,0,0,0,10,0,0,0,0,0,0,0,0,0,0,0,0,0,0,0,0,0,0,0,0,0,15,0,0,0,0,0,0,0,0,0,0,0,0,6,0,0,0,212,0,2867,0,0,0,0,0,0,0,0,0,0,0,0,0,0,0,0,0,0,0,0,0,0,0,0,11,0,51,0,0,0,0,0,0,0,3,0,0,0,0,0,0,117,0,0,0,0,0,0,0,0,0,42,0,0,0,0,0,0,0,0,0,0,0,0,358,0,0,0,0,0,40,0,0,77,0,0
"D532",0,0,0,0,0,0,0,0,0,0,0,0,0,0,0,0,0,0,0,0,0,0,0,0,0,0,0,0,0,0,0,0,0,0,0,0,0,0,0,0,0,0,0,0,0,0,0,0,0,0,0,0,0,0,0,0,0,0,0,0,0,0,0,0,0,0,0,0,0,0,0,0,0,0,0,0,0,0,0,0,0,0,0,0,0,0,0,0,0,0,0,0,0,0,0,0,0,0,0,0,0,0,0,0,0,0,0,0,0,0,4,0,0,0,0,0,0,0,0,0,0,0,0,0,0,0,0,0,0,0,0,0,0,0,0,0,0,0,0,0,0,0,0,0,0,0,0,0,0,0,0,0,0,0,0,0,0,0,0,0,0,0,0,0,0,0,0,0,0,0,0,0,0,0,0,0,0,0,0,0,0,0,0,0,0,0,0,0,0,0,0,0,0,0,0,0,0,0,0,0,0,0,0,0,0,0,0,0,0,0,0,0,0,0,0,0,0,0,0,0,0,0,0,0,0,0,0,0,0,0,0,0,0,0,0,0,0,0,0,0,0,5,0,0,0,0,0,0,0,0,0,0,0,0,0,0,0,0,0,0,0,0,0,0,0,0,0,0,0,0,0,0,0,0,0,0,0,0,0,0,0,0,0,0,0,0,0,0,0,0,0,0,0,0,0,0,0,0,0,0,0,0,0,0,0,0,0,0,0,0,0,0,0,0,0,0,0,0,0,0,0,0,0,0,0,0,0,0,0,0,0,0,0,0,0,0,0,0,0,0,0,0,0,0,0,0,0,0,0,0,0,0,0,0,0,0,0,0,0,0,0,0,0,0,0,0,0,0,0,0,0,0,0,0,0,0,0,0,0,0,0,0,0,0,0,0,0,0,0,0,0,0,0,0,0,0,0,0,0,0,0,0,0,0,0,0,0,0,0,0,0,0,0,0,0,0,0,0,0,0,0,0,0,0,0,0,0,0,0,0,0,0,0,0,0,0,0,0,0,0,0,0,0,0,0,0,0,0,0,0,0,0,0,0,0,0,0,0,0,0,0,0,0,0,0,0,0,0,0,0,0,0,0,0,0,0,0,0,0,0,0,0,0,0,0,0,0,0,0,0,0,0,0,0,0,0,0,0,0,0,0,0,0,0,0,0,0,0,0,0,0,0,0,0,0,0,0,0,0,0,0,0,0,0,0,0,0,0,0,0,0,0,0,0,0,0,0,0,0,0,0,0,0,0,0,0,0,0,0,0,0,0,0,0,0,0,0,0,0,0,0,0,0,0,0,0,0,0,0,0,0,0,0,0,0,0,0,0,0,0,0,0,0,0,0,0,0,0,0,0,0,0,0,0,0,0,0,0,0,0,0,0,0
"D533",0,0,0,0,0,6,0,0,0,15,0,0,0,0,0,0,0,0,0,0,0,0,0,0,0,0,0,0,0,0,29,0,15,0,0,0,0,0,0,0,0,0,0,0,0,0,0,0,0,0,0,6,10,0,4,0,0,0,0,0,0,0,0,0,0,0,0,0,0,0,0,0,0,0,0,0,0,0,0,0,2,0,0,0,0,0,111,80,0,0,0,0,0,0,0,0,0,0,0,0,0,0,126,0,0,0,0,0,0,0,4,0,0,0,0,0,0,0,0,0,0,0,0,0,0,0,0,211,0,0,0,0,0,0,0,0,0,0,0,0,0,0,0,0,0,0,0,0,15,0,0,0,0,0,0,0,18,0,0,0,0,1,0,0,0,4,0,0,0,0,0,0,0,0,0,0,0,0,0,0,0,0,0,5,0,0,0,0,0,0,0,0,0,0,0,0,0,0,0,0,0,0,0,0,0,0,0,0,0,0,0,0,0,12,0,0,0,0,0,0,0,0,0,0,0,0,0,0,0,0,0,0,57,0,0,0,0,0,0,0,0,0,0,0,0,0,0,0,0,0,0,0,0,25,0,0,0,0,9,0,0,14,0,0,0,5,0,0,0,0,0,0,0,0,0,0,0,0,0,0,6,0,7,0,0,0,7,0,0,2,0,0,0,0,0,0,0,0,0,0,0,0,0,0,0,0,0,0,0,9,0,0,0,0,0,0,0,0,0,0,0,0,0,0,0,0,0,0,0,0,0,0,7,0,0,0,0,0,0,0,0,0,0,0,0,0,26,0,0,0,0,0,0,0,0,0,0,0,0,0,0,0,5,0,0,0,0,0,0,0,0,0,0,0,0,0,0,0,0,0,0,0,0,0,0,0,0,0,0,0,0,0,0,0,0,0,0,0,0,0,0,0,0,7,0,0,7,0,0,0,0,0,0,0,0,0,0,0,0,0,0,0,0,0,0,0,0,0,0,0,0,0,84,0,0,0,0,0,0,0,0,0,0,0,0,0,7,0,0,0,0,0,0,0,0,0,0,0,0,0,0,0,0,0,0,0,0,0,0,0,0,0,0,20,0,0,0,0,0,0,0,0,0,0,0,0,0,0,0,0,0,0,0,0,0,0,0,0,0,0,96,0,0,0,0,0,0,0,0,0,0,0,0,0,0,0,0,0,0,0,0,0,0,0,0,0,0,0,0,0,0,0,0,0,0,0,0,0,0,0,0,0,0,0,0,0,0,0,0,0,0,0,0,0,14,0,0,0,0,0,0,0,0,0,0,0,4,0,0,0,0,0,0,0,0,0,0,0,5,0,0,0,0,0,0,0,0,0,0,0,0,301,0,0,0,0,0,11,0,0,0,0,0
"D534",9,0,0,0,0,3,0,0,0,0,0,0,0,0,0,0,0,0,0,0,0,0,0,0,0,0,0,0,0,0,0,0,0,0,1,0,0,0,0,0,0,0,0,0,0,0,0,0,0,0,0,0,0,0,50,0,0,0,2,0,0,0,0,0,0,0,0,0,0,0,0,0,0,0,0,0,0,0,0,0,0,0,0,0,0,0,0,0,0,0,0,0,0,0,0,0,0,0,0,0,0,0,0,0,0,0,0,0,0,0,0,0,0,0,0,0,0,0,0,0,0,0,0,0,0,0,0,0,0,0,0,0,0,0,0,0,0,0,0,2,0,0,0,0,0,0,0,0,0,0,15,0,5,0,0,0,0,0,0,0,0,0,0,0,0,0,0,0,0,0,0,0,0,4,0,0,0,0,0,0,0,0,0,0,0,0,0,0,0,0,0,0,0,0,0,0,0,0,0,0,0,0,0,0,0,0,0,0,0,0,0,0,0,0,0,0,0,0,0,0,0,0,0,7,0,0,0,0,0,0,0,0,0,0,0,0,0,0,0,0,0,28,0,0,0,0,0,0,0,16,0,0,0,0,0,0,0,0,0,0,0,0,0,0,0,0,0,0,0,0,0,0,0,0,0,0,0,0,3,0,0,0,0,0,0,0,0,0,0,0,0,0,0,0,0,0,0,0,0,0,0,0,0,0,0,0,0,0,0,0,0,0,0,0,0,0,0,0,0,0,0,0,0,0,0,0,0,0,0,0,0,0,0,0,0,0,0,0,0,0,0,0,0,0,0,0,0,0,0,0,0,0,0,0,0,0,0,0,0,0,0,0,0,0,0,0,5,2,0,0,6,0,18,0,0,0,0,0,0,0,0,0,0,0,0,0,0,0,0,0,0,0,0,0,0,0,0,0,0,0,0,0,0,0,0,0,0,0,0,0,0,0,0,0,0,0,0,0,0,0,0,0,0,0,0,0,0,0,0,0,0,0,0,0,0,0,0,0,0,0,0,0,0,0,0,0,0,0,0,0,0,4,0,0,0,0,0,0,0,0,3,0,0,0,0,0,0,0,0,0,0,0,0,0,0,0,0,0,0,0,0,0,0,0,0,0,0,0,0,0,0,0,0,0,0,0,0,2,0,0,0,0,0,0,0,0,0,0,0,0,0,0,0,0,0,0,0,0,0,0,0,0,0,0,39,0,0,0,0,0,0,0,0,0,0,0,0,0,0,0,0,0,0,0,0,0,0,0,0,0,0,0,0,0,0,0,0,0,0,0,0,0,0,0,0,0,0,0,0,0,0,0,0,0,0,0,0,0,33,0,0,0,0,0,0,0,0,0,0,0,0,0,0,0,0,0,0,0,0,0,21,0,0
"D535",0,0,0,0,19,0,0,0,0,0,0,0,0,0,0,0,0,0,0,0,0,0,0,0,0,0,0,0,0,0,0,0,17,0,0,0,0,0,0,0,0,0,0,0,0,0,0,0,0,0,0,0,0,0,0,0,0,0,353,19,0,0,0,2,0,0,0,0,0,0,0,0,0,0,0,0,0,0,0,0,0,0,0,0,0,0,0,0,0,0,0,0,0,0,3,0,0,2,0,0,0,0,0,0,0,0,0,0,0,0,0,0,0,0,0,21,0,0,0,0,0,0,0,0,0,0,0,0,0,0,0,0,0,0,0,0,0,0,0,4,0,0,0,0,0,0,0,0,0,0,0,0,0,0,0,0,0,0,0,0,0,0,0,0,0,2,0,0,0,0,0,0,0,0,0,0,26,0,0,0,0,0,0,0,0,0,0,0,0,0,0,0,0,0,0,0,0,0,0,0,0,0,0,0,0,0,0,0,0,0,0,0,0,0,0,0,0,0,0,0,0,0,0,0,0,0,0,0,0,0,0,0,0,0,0,0,0,0,0,0,0,0,0,0,0,0,0,0,0,0,0,0,0,0,0,0,0,0,0,0,0,0,0,0,0,0,0,0,0,0,0,0,0,0,0,0,0,0,0,0,111,0,18,0,0,0,5,0,0,0,0,0,0,0,0,0,0,0,0,0,0,0,0,0,0,0,0,0,0,0,0,0,3,0,0,7,0,0,0,0,0,8,0,0,0,0,0,0,0,0,0,0,0,0,0,0,0,0,0,1,0,0,0,0,0,0,0,0,0,0,0,0,0,0,0,0,0,0,0,0,0,0,0,0,0,0,0,0,0,0,0,0,0,5,0,0,0,0,0,0,0,0,0,0,0,0,0,0,0,0,0,0,0,0,0,0,0,0,0,0,0,0,0,0,0,0,8,0,0,0,0,0,0,0,0,0,0,0,0,4,0,0,0,0,0,0,0,0,0,0,0,0,0,0,0,0,0,0,0,0,0,0,0,0,0,0,0,0,0,0,0,0,0,0,0,0,0,0,0,0,0,0,0,0,0,0,0,0,0,0,0,0,74,0,0,0,0,0,0,11,0,0,0,0,0,0,0,0,0,0,0,0,0,0,0,0,0,0,0,0,0,0,0,0,0,0,0,0,0,0,0,0,0,0,0,0,0,0,0,0,202,0,0,0,0,0,0,0,0,0,0,0,0,0,0,0,0,0,0,0,0,0,0,0,0,0,0,0,0,0,0,0,0,0,0,0,0,0,0,0,0,0,0,0,0,0,0,0,0,11,0,0,0,0,0,0,0,0,0,0,0,0,0,0,0,0,0,0,0,0,0,0,0,0,0,0,0,0,0,0,0,0,0
"D536",0,0,0,0,0,0,4890,0,0,0,0,0,0,0,0,0,0,0,0,0,0,0,0,0,0,0,0,47,0,0,0,0,0,0,0,0,0,0,0,0,0,0,0,0,0,0,0,0,0,0,0,0,0,0,0,0,0,0,0,0,0,0,0,0,0,0,0,3390,0,0,0,0,0,0,0,0,0,0,0,0,0,0,0,0,0,0,0,0,0,0,0,0,0,0,0,0,0,0,0,0,0,0,0,0,0,0,0,0,0,0,0,0,0,0,0,87,0,41,0,0,0,0,0,0,0,0,0,0,0,0,0,0,0,0,0,0,0,0,0,0,0,0,0,0,0,0,0,0,0,0,0,0,0,0,0,0,0,0,0,0,0,0,0,0,148,0,0,0,0,0,0,0,0,0,0,0,0,0,0,0,0,0,0,0,0,0,0,0,0,0,0,0,0,0,0,0,0,0,0,0,0,0,0,0,0,0,0,0,0,0,0,0,0,0,0,0,0,0,0,0,0,0,0,239,0,0,0,0,0,0,0,0,0,26466,0,0,0,0,0,0,0,0,0,0,0,0,0,0,0,0,0,0,0,0,0,0,0,0,0,0,0,0,0,0,0,0,0,0,0,0,0,0,0,0,0,86,0,0,0,0,5,0,0,0,0,0,0,0,0,0,0,0,0,0,0,0,0,0,0,0,0,0,0,0,0,112,0,0,0,0,0,0,0,0,0,0,0,0,0,0,0,0,0,0,0,0,0,0,0,0,0,0,66,0,0,0,0,0,0,0,0,0,0,0,0,0,0,0,0,0,0,0,0,0,0,0,0,0,0,0,0,0,0,0,0,0,0,0,0,0,50,0,0,0,0,0,0,0,0,0,0,0,0,0,0,0,0,0,0,0,0,0,0,0,0,0,0,0,0,0,0,0,0,0,0,0,0,0,0,0,0,0,0,0,0,0,0,0,0,0,0,0,0,0,0,0,0,0,0,0,0,0,0,0,0,0,0,0,0,0,0,0,0,0,0,0,0,0,0,0,0,0,0,0,0,0,0,0,0,0,0,0,0,0,0,0,0,0,0,0,0,0,0,0,0,0,0,0,0,0,0,0,0,0,0,0,0,0,0,0,0,0,0,0,0,0,0,0,0,0,0,0,0,0,0,0,0,0,0,0,0,0,0,0,0,0,0,0,0,0,0,0,0,0,315,0,0,0,0,0,0,0,0,0,0,0,0,0,0,0,0,0,0,0,0,0,0,0,0,0,0,0,0,0,0,0,0,0,0,0,0,0,0,0,0,0,0,0,0,76,0,0,0,0,0,0,0,0,0,0,0,0,0,0,0,0,0,0,0,0,0,0,0,0,0,0,0,0,0,0,0,0,0
"D537",0,0,0,0,0,0,0,0,0,0,0,0,0,0,0,0,0,0,0,0,0,0,0,0,0,0,0,0,0,0,0,0,0,0,0,0,0,0,0,0,0,0,0,0,0,0,0,0,0,0,0,0,0,0,0,0,0,0,0,0,0,0,0,0,0,0,0,0,0,0,0,0,0,0,0,0,0,0,0,0,0,0,0,0,0,0,0,0,0,0,0,0,0,0,0,0,0,0,0,0,0,0,0,0,0,0,0,0,0,0,0,0,0,0,0,0,0,0,0,0,0,0,0,0,0,0,0,0,0,0,0,0,0,0,0,0,0,0,0,0,0,0,0,0,0,0,0,0,0,0,0,0,0,0,0,0,0,0,0,0,0,0,0,0,0,0,0,0,0,0,0,0,0,0,0,0,0,0,0,0,0,0,0,0,0,0,0,0,0,0,0,0,0,0,0,0,0,0,0,0,0,0,0,0,0,0,0,0,0,0,0,0,0,0,0,0,0,0,0,0,0,0,0,0,0,0,0,0,0,0,0,0,0,0,0,0,0,0,0,0,0,0,0,0,0,0,0,0,0,0,0,0,0,0,0,0,0,0,0,0,0,183,0,0,0,0,0,0,0,0,0,0,0,0,0,0,0,0,0,0,0,0,0,0,0,0,0,0,0,0,0,0,0,0,0,0,0,0,0,0,0,0,0,0,0,0,0,0,0,0,0,0,0,0,0,0,0,0,0,0,0,0,0,0,0,0,0,0,0,0,0,0,0,0,0,0,0,0,0,0,0,0,0,0,0,0,0,0,0,0,0,0,0,0,0,0,0,0,0,0,0,0,0,0,0,0,0,0,0,0,0,0,0,0,0,0,0,0,0,0,0,0,0,0,0,1072,0,0,0,0,0,0,0,0,0,0,0,0,0,0,0,0,0,0,0,0,0,0,0,0,0,0,0,0,0,0,0,0,0,0,0,0,0,0,0,0,0,0,0,0,0,0,0,0,0,0,0,0,0,0,0,0,0,0,0,0,0,0,0,0,0,0,0,0,0,0,0,0,0,0,0,0,0,0,0,0,0,0,0,0,0,0,0,0,0,0,0,0,0,0,0,0,0,0,0,0,0,0,0,0,0,0,0,0,0,0,0,0,0,0,0,0,0,0,0,0,0,0,0,0,0,0,0,0,0,0,0,0,0,0,0,0,0,0,0,0,0,0,0,0,0,0,0,0,0,0,0,0,0,0,0,0,0,0,0,0,0,0,0,0,0,0,0,0,0,0,0,0,0,0,0,0,0,0,0,0,0,0,0,0,0,0,0,0,0,0,0,0,0,0,0,0,0,0,0,0,0,0,0,0,0,0,0,0,0,0,0,0,0,0,0,0,0
"D538",0,174,0,0,0,23,0,0,0,0,0,0,0,1,0,0,0,0,0,0,0,0,214,0,0,0,0,0,48,3,49,0,157,0,0,2,0,0,0,52,0,0,2,0,1,1,0,0,95,0,0,148,73,0,0,0,0,0,0,257,0,0,78,0,0,0,45,0,11,0,0,0,0,0,0,222,0,0,0,0,0,0,2,0,101,0,0,0,0,0,3,27,141,3,27,0,0,6,23,27,7,0,0,0,11,3,1,0,147,0,0,0,0,0,11,35,0,0,0,0,0,0,5,0,50,0,0,0,4,0,52,0,0,0,1,14,0,0,4,0,0,0,0,0,0,0,19,0,70,0,0,0,0,0,0,0,0,53,21,0,4,68,0,0,59,0,0,165,0,0,0,0,0,193,0,0,0,0,0,704,0,0,1,0,0,0,0,0,6,0,0,0,0,0,70,0,0,0,0,7,0,32,8,8,0,0,0,0,0,0,0,0,0,0,3,0,0,0,0,0,0,0,0,0,0,1239,0,0,0,0,0,0,92,1,0,15,0,2204,0,29,0,0,0,0,0,0,0,0,0,0,78,0,0,0,0,36,4,0,0,0,0,14,156,0,0,0,0,14,0,0,5,110,0,0,0,26,89,0,0,0,1841,0,0,146,14,0,0,0,0,11,0,0,0,0,0,0,0,0,0,307,0,0,0,0,366,0,0,778,0,0,0,0,0,0,6,0,0,0,0,0,7,0,0,0,0,0,0,0,34,180,0,74,248,0,0,0,174,318,0,1,0,0,3,109,0,1038,52,0,0,0,122,0,32,0,0,0,56,0,0,0,0,0,0,0,42,0,61,0,0,71,0,0,6,0,330,0,11,0,0,0,0,3,0,0,0,0,75,0,0,0,0,0,25,0,25,15,0,28,0,0,0,12,0,0,0,0,0,0,0,7,0,0,0,0,0,6,39,0,145,3,0,0,4,13,0,58,0,0,0,0,0,0,0,0,0,335,140,0,0,0,0,35,0,0,0,0,0,37,5,0,2,0,0,286,0,0,10,0,8,0,0,21,0,0,0,0,13,13,0,0,0,0,0,0,24,0,0,0,0,0,0,136,0,0,0,0,16,0,17,0,3,0,0,0,22,0,0,13,0,8,0,0,0,0,0,626,42,0,49,0,0,2,0,44,0,0,0,36,0,37,54,0,340,93,0,0,0,17,0,0,56,50,0,3,0,0,0,0,0,0,0,0,0,2,0,2,35,0,74,0,16,0,0,0,173,0,0,1,18,5,0,0,0,0,184,0,171,0,0,0,5,0,0,16,47,2,0,0,1856,0,0,0,0,0,56,0,0,27,0,0,0,53,17,0,576,0,0,0,5,0,0,0,0
"D539",0,0,0,0,0,0,0,0,0,0,0,0,0,0,0,0,0,0,0,0,0,0,0,0,0,0,0,0,0,0,0,0,0,0,0,0,0,0,0,0,0,0,0,0,0,0,0,0,0,0,0,0,0,0,0,0,0,0,0,0,0,0,0,0,0,0,0,0,0,0,0,0,0,0,7,0,0,0,0,0,0,0,0,0,97,0,0,0,0,0,0,0,0,0,0,0,0,0,0,0,0,0,0,0,0,0,0,0,0,0,0,0,0,0,0,0,0,0,0,0,0,44,0,0,0,0,0,0,0,0,0,0,0,0,0,0,0,0,0,0,0,0,0,0,0,0,0,0,0,0,0,0,0,0,0,0,0,0,0,0,0,0,0,0,0,0,0,0,0,0,0,0,0,0,0,0,0,0,0,0,0,0,0,0,0,0,0,0,0,0,0,0,0,0,0,0,0,0,0,0,0,0,0,0,0,0,0,0,0,0,0,0,0,0,0,0,0,0,0,0,0,0,0,0,0,0,0,0,0,1,0,0,0,0,0,0,0,0,0,0,0,0,0,0,0,0,0,0,0,0,0,0,0,0,0,0,0,0,0,0,0,0,0,0,0,0,0,0,0,0,0,0,0,0,0,0,0,0,0,0,0,0,0,0,0,0,0,0,0,0,0,0,0,0,0,0,0,0,0,0,0,0,0,0,0,0,0,0,0,0,0,0,0,0,0,0,0,0,0,0,0,0,0,0,0,0,0,0,0,0,0,0,0,0,0,0,0,0,0,0,0,0,0,0,0,0,0,0,0,0,0,0,0,0,0,0,0,0,0,0,0,0,0,0,0,0,0,0,0,0,0,0,0,0,0,0,0,0,0,0,0,0,0,0,0,0,0,0,0,0,0,0,0,0,0,0,0,0,0,0,0,0,6,0,0,0,0,0,0,0,0,0,0,0,0,0,0,0,0,0,0,0,0,0,0,0,0,0,0,0,0,0,0,0,0,0,6,0,0,0,0,0,0,0,0,0,0,0,0,0,0,0,0,0,0,0,0,0,0,0,0,0,0,0,0,0,0,0,0,0,0,0,0,0,0,0,0,0,0,0,0,0,0,0,0,0,0,0,0,0,0,0,0,0,0,0,0,0,0,0,0,0,0,0,0,0,0,0,0,0,0,0,0,0,0,0,0,0,0,0,0,0,0,0,0,0,0,0,0,0,0,0,0,0,0,0,0,0,0,0,0,0,0,0,0,0,0,0,0,0,0,0,0,0,0,0,0,0,0,0,0,0,0,0,0,0,0,0,0,0,0,0,0,0,0,0,0,0,59,0,0,0,0,0,0,0,0,0,0,0,0,0,0,0,0,0,0,0,0,0,0,0,0
"D540",0,0,0,0,0,0,0,0,0,0,0,0,0,0,0,0,0,0,0,0,0,0,0,0,0,0,0,0,0,0,0,0,6,0,0,0,0,0,0,0,0,0,0,0,0,0,0,0,0,0,0,0,0,0,0,0,0,0,0,0,0,0,0,0,0,0,0,0,0,0,0,0,0,0,0,0,0,0,0,0,0,0,0,0,0,0,0,0,0,0,0,0,0,0,0,0,0,0,0,0,0,0,0,0,0,0,0,0,0,0,0,0,0,0,0,0,0,0,0,0,0,0,0,0,0,0,0,0,0,0,0,0,0,0,0,0,0,0,0,0,0,0,0,0,0,0,0,0,0,0,0,0,0,0,0,0,0,0,0,0,0,0,0,0,0,0,0,0,0,0,0,0,0,0,0,0,0,0,0,0,0,0,0,0,0,0,0,0,0,0,0,0,0,0,0,0,0,0,0,0,0,0,0,0,0,0,0,0,0,0,0,0,0,0,0,0,0,0,0,0,0,0,0,0,0,0,0,0,0,0,0,0,0,5,0,0,0,0,0,0,0,0,0,0,0,0,0,0,0,0,0,0,0,0,0,0,0,0,0,0,0,0,0,0,0,0,0,0,0,0,0,0,0,0,0,0,0,0,0,0,0,0,0,0,0,0,0,0,0,0,0,0,0,0,0,0,0,0,0,0,0,0,0,0,0,0,0,0,0,0,0,0,0,0,0,0,0,0,0,0,0,0,0,8,0,0,0,0,0,0,0,0,0,0,0,0,0,0,0,0,0,0,0,0,0,0,0,0,0,0,0,0,0,0,0,0,0,0,0,0,0,0,0,0,0,0,0,0,0,0,0,0,0,0,0,0,0,0,0,0,0,0,0,0,0,0,0,0,0,0,0,0,0,0,0,0,0,0,0,0,0,0,0,0,0,0,0,0,0,0,0,0,0,0,0,0,0,0,0,0,0,0,0,0,0,0,0,0,0,0,0,0,0,0,0,0,0,0,0,0,0,0,0,0,0,0,0,0,0,0,0,0,0,0,0,0,0,0,0,0,0,0,0,0,0,0,0,0,0,0,0,0,0,0,0,0,0,0,0,0,0,0,0,0,0,0,0,0,0,0,0,0,0,0,0,0,0,0,0,0,0,0,0,0,0,0,0,0,0,0,0,0,0,0,0,0,0,0,0,0,0,0,0,0,0,0,0,0,0,0,0,0,0,0,0,0,0,0,0,0,0,0,0,0,0,0,0,0,0,0,0,0,0,0,0,0,0,0,0,0,0,0,0,0,0,0,0,0,0,0,0,0,0,0,0,0,0,0,0,0,0,0,0,0,0,0,0,0,0,0,0,0,0,0,0,0,0,0,0,0,0,0,0
"D541",0,0,0,0,0,4,0,0,0,0,0,0,0,0,0,0,0,0,0,0,0,0,0,0,0,0,0,0,0,0,0,0,0,0,0,0,0,0,0,3,0,0,0,54,0,0,0,0,0,0,0,0,0,0,0,0,0,0,0,0,0,0,0,0,0,0,0,0,0,0,0,0,0,0,0,0,0,0,0,0,0,0,0,0,0,0,0,0,0,0,0,0,0,0,0,0,0,0,0,14,0,0,0,0,0,0,0,0,0,0,0,0,0,0,0,0,0,0,0,0,0,0,0,0,0,0,0,0,0,0,0,0,0,0,0,0,0,0,0,0,0,0,0,0,0,0,0,0,0,0,0,0,0,0,0,0,0,0,0,0,0,0,0,0,0,0,0,0,0,0,0,0,0,0,0,0,0,0,0,0,0,0,0,0,0,0,0,0,0,0,0,0,0,0,0,0,0,0,0,0,0,0,0,0,0,0,0,0,0,0,0,0,0,0,0,2,0,0,0,0,0,0,0,0,0,0,0,0,0,0,0,0,0,0,0,0,0,0,0,0,0,0,0,0,0,0,0,0,0,0,0,0,0,0,0,0,0,0,0,0,0,0,0,0,0,0,0,0,0,0,0,0,0,0,0,0,35,2,0,0,0,0,0,0,0,0,0,0,0,0,0,0,0,0,0,0,0,0,0,0,0,0,0,0,0,0,0,0,0,0,0,0,0,0,0,0,0,0,0,0,0,0,0,0,0,0,0,0,0,0,0,0,0,0,0,0,0,0,0,0,0,0,0,0,0,0,0,0,0,0,0,0,0,0,0,0,0,0,0,0,0,0,0,0,0,0,0,0,0,0,0,0,0,0,0,0,0,0,0,0,0,0,0,0,0,0,0,0,0,0,0,0,0,0,0,0,0,0,0,0,0,0,0,0,0,0,0,0,0,0,0,0,0,0,0,0,0,0,0,0,0,0,0,0,0,0,0,0,0,0,0,0,0,0,0,0,0,0,0,0,0,0,0,0,0,0,0,0,0,0,0,0,0,0,0,0,0,0,0,0,0,0,0,0,0,0,0,0,0,0,0,0,0,0,0,0,0,0,0,0,0,0,0,0,0,0,0,0,0,0,0,0,0,0,0,0,0,0,0,0,0,0,0,0,0,0,0,0,0,0,0,0,0,0,0,0,0,0,0,0,0,0,0,0,0,0,0,0,0,0,0,0,0,0,0,0,0,0,0,0,0,0,0,0,0,0,0,0,0,0,0,0,0,0,0,0,0,0,0,0,0,0,0,0,0,0,0,0,0,0,0,0,0,0,0,0,0,0,0,0,0,0,0,0,0,0,0,0,0,0,0,0,0,0,0,0,0,0,0,0,0,0,0
"D542",0,0,0,0,0,0,0,0,0,0,0,0,0,0,0,0,0,0,0,0,0,0,0,0,0,0,0,0,0,0,0,0,0,0,0,0,0,0,0,0,0,0,0,0,0,0,0,0,0,0,0,0,0,0,0,0,0,0,0,0,0,0,0,0,0,0,0,0,0,0,0,0,0,0,0,0,0,0,0,0,0,0,0,0,0,0,0,0,0,0,0,0,0,0,0,0,0,0,0,0,0,0,0,0,0,0,0,0,0,0,0,0,0,0,0,0,0,0,0,0,0,0,0,0,0,0,0,0,0,0,0,0,0,0,0,0,0,0,0,0,0,0,0,0,0,0,0,0,0,0,0,0,0,0,0,0,0,0,0,0,0,0,0,0,0,0,0,0,0,0,0,0,0,0,0,0,0,0,0,0,0,0,0,0,0,0,0,0,0,0,0,0,0,0,0,0,0,0,0,0,0,0,0,0,0,0,0,0,0,0,0,0,0,0,0,0,0,0,0,0,0,0,0,0,0,0,0,0,0,0,0,0,0,0,0,0,0,0,0,0,0,0,0,0,0,0,0,0,0,0,0,0,0,0,0,0,0,0,0,0,0,0,0,0,0,0,0,0,0,0,0,0,0,0,0,0,0,0,0,0,0,0,0,0,0,0,0,0,0,0,0,0,0,0,0,0,0,0,0,0,0,0,0,0,0,0,0,0,0,0,0,0,0,0,0,0,0,0,0,0,0,0,0,0,0,0,0,0,0,0,0,0,0,0,0,0,0,0,0,0,0,0,0,0,0,0,0,0,0,0,0,0,0,0,0,0,0,0,0,0,0,0,0,0,0,0,0,0,0,0,0,0,0,0,0,0,0,0,0,0,0,0,0,0,0,0,0,0,0,0,0,0,0,0,0,0,0,0,0,0,0,0,0,0,0,0,0,0,0,0,0,0,0,0,0,0,0,0,0,0,0,0,0,0,0,0,0,0,0,0,0,0,0,0,0,0,0,0,0,0,0,0,0,0,0,0,0,0,0,0,0,0,0,0,0,0,0,0,0,0,0,0,0,0,0,0,0,0,0,0,0,0,0,0,0,0,0,0,0,0,0,0,0,0,0,0,0,0,0,0,0,0,0,0,0,0,0,0,0,0,0,0,0,0,0,0,0,0,0,0,0,0,0,0,0,0,0,0,0,0,0,0,0,0,0,0,0,0,0,0,0,0,0,0,0,0,0,0,0,0,0,0,0,0,0,0,0,0,0,0,0,0,0,0,0,0,0,0,0,0,0,0,0,0,0,0,0,0,0,0,0,0,0,0,0,0,0,0,0,0,0,0,0,0,0,0,0,0,0,0,0,0,0,0,0,0,0,0,0,0,0,0,0
