"","otu643","otu2293","otu2411","otu2824","otu3007","otu3200","otu3914","otu3990","otu4030","otu4298","otu4389","otu4577","otu4863","otu4874","otu5031","otu5061","otu5199","otu5301","otu5854","otu6411","otu6486","otu6720","otu6834","otu7081","otu7142","otu7695","otu7753","otu8108","otu8351","otu9874","otu10651","otu10842","otu10990","otu11202","otu13504","otu13674","otu14007","otu14493","otu14883","otu15474","otu15523","otu16099","otu16260","otu16641","otu17070","otu17081","otu17862","otu19492","otu19728","otu20066","otu20120","otu20321","otu21063","otu21161","otu21474","otu22058","otu22860","otu22980","otu22981","otu23062","otu23328","otu23473","otu23602","otu23933","otu24141","otu24274","otu24353","otu24528","otu24642","otu25654","otu25974","otu25983","otu26532","otu27943","otu28846","otu29183","otu29192","otu31413","otu32501","otu33780","otu34128","otu34631","otu34730","otu34816","otu34820","otu35825","otu36139","otu36430","otu36535","otu36538","otu37266","otu37736","otu38090","otu38199","otu38625","otu39189","otu39577","otu39875","otu40521","otu40699","otu40932","otu40978","otu41104","otu41945","otu42549","otu42763","otu43590","otu43678","otu43787","otu43895","otu43996","otu44558","otu45217","otu45484","otu45911","otu45913","otu45918","otu46018","otu46031","otu46075","otu46143","otu47403","otu48046","otu49403","otu49610","otu49788","otu50291","otu50877","otu50898","otu51779","otu51999","otu52804","otu53020","otu53612","otu53613","otu53868","otu53913","otu54094","otu54454","otu54664","otu54959","otu55336","otu55465","otu55578","otu55649","otu55654","otu56002","otu56079","otu56423","otu57000","otu57594","otu57638","otu57830","otu58460","otu58736","otu60028","otu60148","otu60355","otu61099","otu61217","otu63119","otu63298","otu63644","otu63689","otu63821","otu63930","otu64106","otu64533","otu64708","otu65113","otu66095","otu66141","otu66489","otu66826","otu66997","otu67104","otu67272","otu67689","otu67961","otu68427","otu68874","otu69332","otu69661","otu69986","otu70370","otu70569","otu71691","otu72702","otu73001","otu73605","otu73793","otu74132","otu74871","otu75030","otu75528","otu75640","otu75913","otu76106","otu76575","otu77042","otu77782","otu78374","otu78422","otu79099","otu79108","otu79168","otu79276","otu81005","otu81461","otu81477","otu81509","otu81748","otu81766","otu82666","otu83212","otu83705","otu84462","otu84805","otu84911","otu85638","otu86028","otu86075","otu86137","otu86374","otu86382","otu86820","otu87407","otu87810","otu88716","otu89173","otu91075","otu91208","otu91479","otu91727","otu92069","otu92456","otu93674","otu94157","otu95014","otu95020","otu95345","otu96382","otu96722","otu96733","otu96760","otu97025","otu97538","otu98911","otu99090","otu99250","otu100234","otu100666","otu100915","otu101011","otu101090","otu101215","otu101556","otu101753","otu102630","otu102811","otu102961","otu102976","otu103020","otu103748","otu103968","otu104658","otu104688","otu104749","otu104813","otu106585","otu107198","otu107311","otu107337","otu108155","otu108477","otu108508","otu108628","otu109019","otu109168","otu109684","otu111102","otu111137","otu112225","otu112744","otu112776","otu112927","otu113126","otu113180","otu113416","otu115012","otu115117","otu115295","otu115341","otu115406","otu115490","otu115778","otu116241","otu116285","otu117100","otu117241","otu117355","otu117386","otu117463","otu117685","otu117687","otu118289","otu118956","otu119213","otu119446","otu119562","otu119814","otu119930","otu120039","otu120543","otu120851","otu120996","otu121514","otu122543","otu123163","otu124216","otu124217","otu124324","otu124785","otu126602","otu126611","otu126696","otu126841","otu127439","otu128440","otu128492","otu129244","otu130226","otu132182","otu132750","otu133358","otu135474","otu135538","otu135583","otu136171","otu136701","otu137989","otu138568","otu139125","otu139401","otu139883","otu140558","otu140763","otu140795","otu141315","otu142090","otu142420","otu143606","otu144720","otu145209","otu145558","otu145838","otu146023","otu147213","otu147546","otu148198","otu148883","otu148914","otu149246","otu149332","otu149387","otu150453","otu150615","otu151388","otu151399","otu151518","otu151695","otu151813","otu152865","otu152937","otu153831","otu154548","otu154795","otu155190","otu155725","otu155734","otu155792","otu156770","otu157459","otu157879","otu159517","otu160105","otu160520","otu161828","otu162439","otu162483","otu162546","otu162643","otu163488","otu163843","otu163856","otu163947","otu163962","otu164706","otu165386","otu165410","otu165448","otu165976","otu166117","otu166343","otu167059","otu167491","otu168212","otu168383","otu168446","otu168565","otu168614","otu168693","otu169682","otu170243","otu170591","otu171245","otu171262","otu171375","otu171426","otu172168","otu172447","otu172985","otu173446","otu173727","otu173926","otu173981","otu174050","otu174199","otu174745","otu175915","otu175960","otu176116","otu176370","otu177022","otu177295","otu177463","otu177525","otu177813","otu178077","otu178207","otu178453","otu180281","otu180540","otu181240","otu181268","otu181894","otu181921","otu182032","otu182184","otu183055","otu183640","otu183743","otu183788","otu184240","otu184634","otu184843","otu185021","otu185389","otu187218","otu187988","otu188108","otu188667","otu188738","otu188803","otu189123","otu189236","otu190213","otu190788","otu191467","otu193249","otu194561","otu194828","otu195408","otu195689","otu195872","otu196233","otu196789","otu196922","otu196925","otu196928","otu197583","otu197621","otu197725","otu197885","otu198672","otu199122","otu199161","otu199402","otu200155","otu200994","otu201243","otu201333","otu201690","otu202242","otu202677","otu203189","otu203368","otu204055","otu204904","otu205724","otu205932","otu206523","otu206965","otu207098","otu207159","otu207307","otu207496","otu207677","otu207948","otu208459","otu208613","otu208692","otu209341","otu209586","otu210374","otu210754","otu210801","otu210858","otu211408","otu212049","otu212376","otu213238","otu213946","otu214028","otu214178","otu214479","otu215301","otu215904","otu217464","otu218587","otu219248","otu219274","otu219668","otu219768","otu219906","otu220718","otu220859","otu221483","otu221737","otu221867","otu222127","otu222210","otu223372","otu223598","otu224206","otu224444","otu224483","otu224581","otu225044","otu225347","otu225684","otu225698","otu226876","otu226925","otu227541","otu227760","otu227820","otu228653","otu228958","otu229309","otu229484","otu230665","otu230801","otu231276","otu231371","otu231417","otu231461","otu231647","otu232032","otu232045","otu232169","otu232248","otu233327","otu233411","otu234013","otu234042","otu234279","otu234399","otu234443","otu234579","otu234623","otu234848","otu235143","otu235489","otu236496","otu237226","otu237758","otu238032","otu239064","otu239361","otu240002","otu240183","otu240219","otu240288","otu240350","otu240630","otu241002","otu241315","otu241782","otu242039","otu242237","otu242241","otu242915","otu243308","otu243635","otu243669","otu243689","otu243793","otu243958","otu244184","otu244383","otu244389","otu244693","otu244981","otu245136","otu245371","otu245411","otu245560","otu245615","otu245694","otu246106","otu246759","otu248837","otu248865","otu249946","otu250300","otu250594","otu251138","otu251163","otu251239","otu251532","otu251962","otu252534","otu252667","otu253107","otu254131","otu254232","otu254551","otu254910","otu255644","otu255728","otu255751","otu256267","otu256429","otu256676","otu256834","otu256892","otu257163","otu257256","otu257742","otu258118","otu258915","otu259091","otu259451","otu259507","otu259902","otu260122","otu260203","otu261401","otu261575","otu261723","otu262467","otu262789","otu263200","otu263271","otu263295","otu264700","otu264772","otu265083","otu265125","otu265438","otu265516","otu266181","otu266395","otu266417","otu267460","otu267538","otu267893","otu268193","otu268361","otu270129","otu270419","otu270569","otu270847","otu270854","otu271406","otu273035","otu275566","otu276077","otu276830","otu277058","otu277402","otu277908","otu278327","otu279863","otu280303","otu280574","otu280657","otu280946","otu281583","otu282249","otu282334","otu282540","otu282797","otu282810","otu282960","otu284005","otu284076","otu284516","otu284898","otu285128","otu285351","otu285371","otu285676","otu285765","otu286610","otu287467","otu287736","otu287990","otu288120","otu288164","otu288562","otu288683","otu289051","otu289928","otu290028","otu290186","otu290249","otu290794","otu291012","otu291721","otu291944","otu291989","otu292589","otu292933","otu293061","otu293912","otu294268","otu294723","otu295753","otu295992","otu296297","otu297223","otu297683","otu297749","otu298709","otu299115","otu299267","otu299382","otu299541","otu299581","otu299959","otu300409","otu300568","otu300821","otu301137","otu302096","otu302225","otu302691","otu303019","otu303036","otu303909","otu304179","otu304184","otu304387","otu304598","otu304759","otu304795","otu305295","otu305893","otu307179","otu307765","otu308261","otu308285","otu308479","otu308757","otu309351","otu309779","otu309826","otu310463","otu312154","otu312312","otu312360","otu312748","otu312771","otu314018","otu314549","otu314888","otu315226","otu315340","otu315577","otu315975","otu316782","otu316965","otu317198","otu317375","otu317409","otu317458","otu317514","otu317655","otu318225","otu318336","otu318627","otu318690","otu319047","otu319077","otu319105","otu319177","otu319219","otu319380","otu319592","otu319975","otu320506","otu320992","otu321120","otu321556","otu321572","otu322018","otu322121","otu322834","otu324022","otu324167","otu324473","otu324739","otu324954","otu325184","otu325357","otu326323","otu326881","otu327211","otu327540","otu327646","otu327935","otu328319","otu329191","otu329524"
"D1",0,0,0,0,0,0,0,0,0,0,0,0,0,0,0,0,0,0,0,0,0,0,0,0,0,0,0,0,0,0,0,0,0,0,0,0,0,0,0,0,0,0,0,0,0,0,0,219,0,0,0,0,0,0,0,0,0,0,0,0,0,0,0,0,55,0,0,0,0,0,0,0,0,0,0,0,0,0,0,0,0,0,0,0,0,0,0,0,0,0,0,0,0,0,0,0,0,0,0,0,0,0,0,0,0,0,0,137,0,0,0,0,0,0,1394,0,0,0,0,0,0,15,0,0,0,0,40,0,0,0,0,0,0,0,0,0,0,0,0,0,0,0,0,0,0,0,0,0,3,0,0,0,0,0,0,0,0,0,0,0,0,0,0,0,0,0,0,0,0,0,0,0,0,0,0,0,0,0,0,0,0,0,0,0,0,0,0,0,0,0,0,0,0,0,0,0,0,0,0,0,0,0,0,0,0,0,0,0,0,0,0,0,0,0,0,0,0,0,0,0,0,0,0,0,0,0,0,0,0,0,0,0,0,0,0,0,0,0,0,0,0,0,0,0,0,0,0,0,0,0,0,0,0,0,0,0,0,0,0,0,0,0,0,616,2,0,0,0,0,0,0,0,0,0,0,0,0,0,0,0,0,0,0,0,0,0,0,0,0,0,0,0,0,0,0,0,0,0,0,0,0,0,0,0,0,0,0,0,0,0,1,0,0,0,0,0,0,0,0,0,0,0,0,0,0,0,0,0,0,0,0,0,0,0,0,0,0,0,0,0,0,0,0,0,0,0,0,0,0,0,0,0,0,0,0,0,0,0,0,0,0,0,0,0,0,0,0,0,0,0,0,0,0,0,0,0,0,0,0,0,0,0,0,0,0,0,0,0,0,0,0,0,0,0,0,0,16,0,0,0,0,0,0,0,0,0,0,0,0,161,0,0,0,0,0,0,0,0,0,0,0,0,0,0,0,0,0,0,0,0,0,0,0,0,0,0,0,0,0,0,0,0,0,0,0,0,0,0,0,0,0,0,0,0,0,0,0,0,0,0,0,0,0,0,0,0,0,0,0,0,0,0,0,0,0,0,0,0,0,0,0,0,0,0,0,0,0,0,0,0,0,0,0,0,0,0,0,0,0,0,0,0,0,0,0,64,0,0,0,0,0,0,0,0,0,0,0,0,0,0,0,0,0,0,0,0,0,0,0,0,0,0,0,0,0,0,0,0,0,3,0,0,0,0,0,0,0,0,0,0,0,0,0,0,0,13,255,8,0,0,0,0,0,0,0,0,0,0,0,0,0,0,0,0,0,0,0,169,0,0,0,0,0,0,0,0,0,0,0,0,0,0,0,0,0,0,0,0,0,0,0,0,0,0,0,0,0,0,0,0,0,0,0,0,0,0,0,0,0,0,0,0,2,0,0,0,0,0,0,0,0,0,0,0,0,0,0,0,0,0,0,0,0,0,0,0,0,0,0,0,0,0,0,0,0,0,0,0,0,0,0,0,0,0,0,0,0,4429,0,0,0,0,0,0,0,0,0,0,0,0,0,0,0,0,0,0,0,0,0,10,8,0,0,0,0,0,0,0,0,0,0,0,0,0,0,0,0,0,0,0,0,0,0,0,0,0,0,0,0,0,0,0,0,0,0,0,0,0,0,0,0,0,0,0,0,0,0,0,0,0,0,0,0,0,0,0,0,0,0,0,0,0,0,0,0,0,9,0,0,0,0,0,0,0,0,0,0,0,0,0,0,0,0,0,0,0,0,0,0,0,0,0,0,0,0,0,0,0,0,0,0,0,0,0,0,0,0,0,1,0,0,0,0,0,0,0,0,0,0,0,0,0,0,0,0,0,0,0,0,0,0,0,0,0,0,0,0,0,0,0,0,0,0,0,0,0
"D2",0,0,0,0,0,0,0,0,0,0,0,0,0,0,0,0,0,0,0,0,0,0,0,0,0,0,0,0,0,0,0,0,0,0,0,0,0,0,0,0,0,0,0,0,0,0,0,0,0,0,0,0,0,0,0,0,0,0,0,0,0,0,0,0,0,0,0,0,0,0,0,2,0,0,0,0,0,0,0,0,0,0,0,0,0,0,0,0,0,0,0,0,2,0,0,0,0,0,0,0,0,0,0,0,0,0,0,0,0,0,0,0,0,0,0,0,0,0,0,0,0,0,0,0,0,0,0,0,0,0,0,0,0,0,0,0,0,0,0,0,0,0,0,0,0,0,0,0,0,0,0,0,0,0,0,0,0,0,0,0,0,0,0,0,0,0,0,0,0,0,0,0,0,0,0,0,0,0,0,0,0,0,0,0,0,0,0,0,0,0,0,0,0,0,0,0,0,0,0,0,0,0,0,0,0,0,0,0,0,0,0,0,0,0,0,0,0,0,0,0,0,0,0,0,0,0,0,0,0,0,0,0,0,0,0,0,0,0,0,0,0,0,0,0,0,0,0,0,0,0,0,0,0,0,0,0,0,0,0,0,0,0,0,0,0,0,0,0,0,0,0,0,0,0,0,0,0,0,0,0,0,0,0,0,0,0,0,0,0,0,0,0,0,0,0,0,0,0,0,0,0,0,0,0,0,0,0,0,0,0,0,0,0,0,166,0,0,0,0,0,0,0,0,0,0,0,0,0,0,0,0,0,0,0,0,0,0,0,0,0,0,0,0,0,0,0,0,0,0,0,0,0,0,0,0,0,0,0,0,0,0,0,0,0,0,0,0,17,0,0,0,0,0,0,0,0,0,0,0,0,0,0,0,0,0,0,0,0,0,0,0,0,0,0,0,0,0,0,0,3,0,0,0,0,0,0,0,0,0,0,0,0,0,0,0,0,0,0,0,0,0,0,0,0,0,0,0,0,0,0,0,0,0,0,0,0,0,0,0,0,0,0,0,0,0,0,0,0,0,0,0,0,0,0,0,0,0,0,0,0,0,0,0,0,0,0,0,0,0,0,0,0,0,0,0,0,0,0,0,0,0,0,0,0,0,0,0,0,0,0,0,0,0,0,0,0,0,0,0,0,0,0,0,0,0,0,0,0,0,0,0,0,0,0,0,0,0,0,0,0,0,0,0,0,0,0,0,0,0,0,0,0,0,0,0,0,0,0,0,0,0,0,0,0,0,0,0,0,0,0,0,0,0,0,0,0,0,0,0,0,0,0,0,0,0,0,0,2,0,0,0,0,0,0,0,0,0,0,0,0,0,0,0,0,0,0,0,0,0,0,0,0,0,0,0,0,0,0,0,0,0,0,0,0,0,0,0,0,0,0,0,0,0,0,0,0,0,0,0,0,0,0,0,0,0,0,0,0,0,0,0,0,0,0,0,0,0,0,0,0,0,0,0,0,0,269,0,0,0,0,0,0,0,0,0,0,0,0,0,0,0,0,0,0,0,0,0,0,0,0,0,0,0,0,0,0,0,0,0,0,0,287,0,0,0,0,0,0,0,0,0,0,0,0,0,0,0,0,0,0,0,0,340,0,0,0,0,0,0,0,0,0,0,0,2,0,0,0,0,0,0,0,0,0,0,0,0,0,4,0,0,0,0,0,0,0,0,0,0,0,0,0,0,0,0,0,0,0,0,0,0,0,0,0,0,0,0,0,0,0,0,0,0,0,0,0,0,0,0,0,0,0,0,0,0,9055,0,0,0,0,0,0,0,0,0,0,0,0,0,0,0,0,0,0,0,0,0,23,0,0,0,0,0,0,0,0,0,0,0,0,0,0,0,0,0,0,0,0,0,0,0,0,0,0,0,0,0,0,0,0,0,0,0,0,0,0
"D3",2,21,16,2,0,0,0,6,12,0,76,0,0,0,0,77,94,0,7,0,18,34,32,81,0,0,0,105,18,0,5,0,233,9,38,4,0,0,0,0,0,0,96,2,160,0,18,0,20,17,10,0,0,0,0,224,0,508,12,115,0,2,0,0,51,4,0,0,5,0,39,0,0,0,0,3,11,0,0,9,93,11,0,0,2,42,0,0,202,2,8,26,0,0,0,5,0,0,0,7,18,0,0,0,18,11,0,0,0,0,0,75,1,0,0,0,0,0,0,51,0,0,0,0,45,0,7,12,4,9,0,0,0,0,67,20,0,17,0,0,0,0,0,9,0,243,10,81,0,2,0,2,17,0,0,8,0,3,0,0,0,0,73,4,19,70,72,24,0,0,0,0,32,0,33,159,5,0,0,0,0,0,8,71,1,0,0,6,0,0,0,49,3,0,0,0,4,15,27,6,27,0,3,2,0,70,0,23,36,12,0,0,7,0,0,56,0,0,0,15,0,45,3,104,0,24,0,0,179,27,0,0,31,30,142,0,9,0,5,122,61,0,0,0,0,31,0,0,0,0,0,0,20,0,0,0,9,2,5,11,0,0,0,0,0,51,0,0,22,0,1,4,10,16,0,3,32,0,9,0,13,2,0,46,1,0,26,49,0,35,95,0,9,0,26,2,0,0,28,3,30,0,0,0,0,5,3,47,0,0,0,13,41,0,3,0,5077,4,0,156,16,0,6,0,0,0,0,0,0,0,5,0,0,8,0,6,1258,21,0,0,0,0,0,0,0,2,0,37,0,0,4,0,54,0,29,5,0,3,0,0,27,0,0,32,2,0,5,0,12,6,70,0,0,0,25,60,0,16,15,1,0,0,0,0,24,0,48,17,6,31,0,0,121,0,0,0,0,252,0,0,2,0,0,0,2,0,0,0,0,0,94,289,0,0,6,106,0,0,30,1,15,0,0,43,34,10,81,8,0,0,0,0,0,76,0,4,0,8,5,0,4,17,0,0,11,0,0,0,175,0,11,22,7,17,24,0,3,53,0,0,0,20,0,18,173,199,8,21,109,136,0,131,0,2,0,79,2,0,250,22,0,88,0,0,88,0,11,0,88,266,30,0,0,0,0,4,0,0,80,2,41,0,10,0,0,0,231,0,13,2,0,9,0,0,0,6,5,4,22,0,0,4,12,8,2,324,0,0,99,62,100,0,0,126,0,4,0,0,0,11,240,214,13,0,42,4,14,11,0,0,0,6,0,0,3,0,0,0,0,0,2,0,0,0,0,0,3,0,13,0,4,0,10,123,4,5,0,0,11,3,0,1,0,2,0,5,5,0,9,0,219,0,0,35,5,0,0,17,15,0,0,11,11,0,0,24,0,28,0,0,0,41,0,13,0,3,78,76,12,0,0,0,0,0,44,21,0,0,0,0,58,0,1637,1,0,2,4,1,3,60,0,102,0,17,0,0,9,9,0,4,6,10,0,0,89,0,3,0,4,0,34,0,23,0,37,0,0,0,0,0,0,0,20,0,25,34,0,48,10,155,0,2,0,0,0,0,4,0,0,4,0,153,0,0,0,0,0,330,683,38,0,18,0,28,0,3,0,21,0,5,0,60,20,0,4,3,128,5,0,13,2,97,0,0,0,193,3,0,0,5,130,93,8,384,0,0,14,8,0,165,21,11,12,8,0,18,0,0,18,8,33,0,0,10,0,0,50,0,23,0,399,26,0,0,0,2,0,0,0,51,21,0,172,0,0,0,14,6,7,6,0,3,29,0,4,0,5,0,0,0,0,26,43,9,13,0,0,83,16,11,0,0,0,10,0,15,2,2,0,0,0,1,0,12,0,0,72,0,0,11,0,0,0,1,86,543,18,0,0,5,4,0,9,0,0,22
"D4",0,0,0,0,0,0,0,0,0,0,0,0,0,0,0,0,0,0,0,0,0,0,0,0,0,0,0,0,0,0,0,0,0,0,0,0,0,0,0,0,0,0,0,0,0,0,0,0,0,0,0,0,0,0,0,0,0,0,0,0,0,0,0,0,0,0,0,0,0,0,0,0,0,0,0,0,0,0,0,0,0,0,0,0,0,0,0,0,0,0,0,0,0,0,0,0,0,0,0,0,0,0,0,0,0,0,0,0,0,0,0,0,0,0,0,0,0,0,0,0,0,0,0,0,0,0,0,0,0,0,0,0,0,0,0,0,0,0,0,0,0,0,0,0,0,0,0,0,10,0,0,0,0,0,0,0,0,0,0,0,0,0,0,0,0,0,0,0,0,0,0,0,0,0,0,0,0,0,3,0,0,0,0,0,0,0,0,0,0,0,0,0,0,0,0,0,0,0,0,0,0,0,0,0,0,0,0,0,0,0,0,0,0,0,0,0,7,0,0,0,0,0,0,0,0,0,0,0,0,0,0,0,0,0,0,0,0,0,0,0,0,0,0,0,0,0,0,0,0,0,0,0,0,0,0,0,0,0,0,0,0,0,0,0,0,0,0,0,0,0,0,0,0,0,0,0,0,0,0,0,0,0,0,0,0,0,0,0,0,0,0,0,0,0,0,0,0,0,0,0,0,0,0,0,0,0,0,0,0,0,0,0,0,0,0,0,0,0,0,0,0,0,0,0,0,0,0,0,0,0,0,0,0,0,0,0,0,0,0,0,0,0,0,0,0,0,0,0,0,0,0,0,0,0,0,0,0,0,0,0,0,0,0,0,0,0,0,76,0,0,0,0,0,0,0,0,0,0,0,0,0,0,0,0,0,0,0,0,0,0,0,0,0,0,0,0,0,11,0,0,0,0,0,0,0,0,0,0,0,0,0,0,0,0,0,0,0,0,0,0,0,0,0,0,0,0,0,0,0,0,0,0,0,0,0,0,0,0,0,0,0,0,0,0,0,0,0,0,0,0,0,0,0,0,0,0,0,0,0,0,0,0,0,0,0,0,0,0,0,0,0,0,0,0,0,0,0,0,0,0,0,0,0,0,0,0,0,0,0,0,0,0,0,0,0,0,0,0,0,0,0,0,0,0,0,0,0,0,0,0,0,0,0,0,0,0,0,0,0,0,0,0,0,0,0,0,0,0,0,0,0,0,0,0,0,0,0,0,0,0,0,0,0,0,0,0,0,0,0,0,0,0,0,0,0,0,0,0,0,0,0,0,0,0,0,0,0,0,0,0,0,0,0,0,0,0,0,0,0,0,0,0,0,0,0,0,0,0,0,0,0,0,0,0,0,0,0,0,0,0,0,0,0,0,0,0,0,0,0,0,0,0,0,0,0,0,0,0,0,0,0,0,0,0,0,0,0,0,0,0,0,0,0,0,0,0,0,0,0,0,0,0,0,0,0,0,0,0,0,0,0,0,0,0,0,0,0,0,0,0,0,0,0,0,0,0,0,0,0,0,0,0,0,0,0,0,0,0,0,0,0,0,0,0,0,0,0,0,0,0,0,0,0,0,0,0,0,0,0,0,0,0,0,0,0,0,0,0,0,0,0,0,0,0,0,0,0,0,0,0,0,0,0,0,0,0,0,102,0,0,0,0,0,0,0,0,0,0,0,0,0,0,0,0,0,0,0,0,0,0,0,0,0,0,0,0,0,0,0,0,0,0,0,0,0,0,0,0,0,0,0,0,0,0,0,0,0,0,0,0,0,0,0,0,0,0,0,0,0,0,0,0,0,0,0,0,0,0,0,0,0,0,0,0,0,0,0,0,0,0,0,0,0,0,0,0,0,0,0,0,0,0,0,0,0,0,0,0,0,0,0,0,0,0,0,0
"D5",0,0,0,0,0,0,9,0,9,0,16,0,0,0,9,0,11,0,0,0,24,100,0,3,0,1,0,0,0,0,0,0,43,0,0,0,70,0,0,0,0,0,0,0,0,0,31,0,0,0,0,0,0,0,0,3,73,0,0,0,0,0,0,9,0,0,0,0,0,0,0,0,0,0,0,0,0,0,0,0,12,0,0,0,0,22,0,0,0,0,0,0,0,0,0,0,0,0,0,0,6,0,0,2,0,0,4,0,0,0,0,6,0,0,0,0,0,0,0,0,2,0,0,0,10,5,0,0,0,0,0,0,1,3,22,12,0,0,0,0,0,0,0,0,0,0,0,0,0,22,0,0,0,0,0,0,0,0,0,0,0,0,0,20,5,12,0,0,0,5,0,673,0,0,0,0,0,0,5,0,2,0,0,0,0,0,0,0,0,0,0,0,0,0,0,0,22,0,0,0,0,0,0,0,0,2,0,12,3,0,0,0,0,0,0,0,0,0,0,0,0,13,0,33,0,0,0,0,0,0,0,0,0,0,0,0,0,0,46,0,0,0,32,0,0,1,0,0,0,0,11,0,0,0,0,0,0,0,0,0,0,0,0,0,0,0,0,0,16,0,0,0,0,6,0,0,0,0,0,0,0,0,0,0,0,25,0,0,0,0,0,0,0,0,0,0,3,11,0,0,0,0,6,0,0,0,0,9,0,19,0,0,0,0,0,0,0,0,0,0,0,0,0,3,0,0,0,0,0,4,0,0,1527,0,0,0,0,0,0,0,3,0,0,0,0,82,0,0,0,0,0,0,31,0,0,0,0,4069,0,0,0,0,0,4,0,0,0,116,0,0,0,0,0,0,0,0,7,0,0,4,8,0,15,0,0,0,0,0,0,50,0,0,0,0,0,0,0,216,0,0,24,0,0,0,0,0,9,0,0,0,16,295,0,0,0,0,0,0,0,0,5,0,0,0,0,11,0,0,0,30,17,0,0,0,0,0,0,0,0,0,0,0,6,0,0,0,255,0,0,0,0,0,0,0,0,0,0,4,0,0,11,2,8,0,33,8,0,0,7,0,8,0,0,0,0,1,0,27,0,10,0,500,0,0,0,0,0,0,5,0,0,0,0,0,0,0,0,0,0,0,0,0,0,0,0,0,7,0,0,0,0,0,0,0,0,0,0,2,0,0,0,0,0,0,0,10,0,0,15,56,0,0,0,0,0,13,0,24,0,0,0,0,0,0,0,0,0,0,51,0,0,0,0,6,0,0,152,0,0,0,0,0,0,0,0,0,0,0,0,0,0,0,0,0,0,34,0,0,7,0,18,4,3,0,0,0,0,0,14,0,8,0,0,7,0,0,0,0,0,0,0,0,1053,0,0,0,0,0,0,0,0,0,0,5,0,0,0,0,9,0,0,0,0,0,0,0,0,0,0,0,0,0,19,0,0,0,0,0,53,0,0,12,0,0,0,0,0,16,0,0,0,0,0,0,0,0,0,0,0,0,0,0,0,0,0,0,0,0,0,0,6,0,2,0,0,0,0,3,0,0,0,0,0,0,0,0,0,0,0,0,0,0,0,0,0,0,0,20,0,0,0,0,0,0,0,0,0,0,0,0,0,0,0,0,0,0,0,0,0,0,0,0,0,0,0,4,0,0,0,0,0,0,0,227,0,0,0,0,0,0,0,0,2,0,3,0,0,0,11,16,0,0,7,4,0,0,21,0,2,0,0,6,1003,0,0,0,0,0,0,0,0,0,0,0,0,0,0,0,9,4,0,0,25,0,0,0,0,24,0,3,0,0,0,4,0,0,8,3,0,0,0,0,0,4,0,0,0,0,155,20,0,0,0,0,0,0,0,0,0,0,0,0,8,4,11,26,16,0,7,0,0,0,0,0,0,5
"D6",0,0,0,0,0,309,0,0,0,114,0,0,6,0,1,0,0,0,0,0,0,0,0,0,0,0,0,0,0,17,0,0,0,0,0,0,0,20,0,0,0,0,0,0,4,0,2,0,0,0,0,0,0,0,0,0,0,0,0,0,0,0,0,0,0,0,420,7,4,0,0,0,0,0,0,0,0,0,0,0,0,0,0,0,0,0,534,0,0,0,0,0,0,0,1,0,0,0,0,0,0,0,0,0,0,0,0,0,4,0,0,0,0,0,0,13,0,0,0,0,0,0,0,0,0,0,0,0,0,0,0,0,0,0,0,0,0,0,0,0,0,151,0,0,7,0,0,0,5717,0,1210,0,0,0,5,0,6,158,0,0,0,0,0,0,0,0,0,0,7,0,0,0,0,20,0,0,0,0,95,0,0,0,0,0,0,201,0,0,0,0,0,0,0,19,20,0,0,0,0,0,0,7,0,0,0,0,0,0,0,0,0,0,0,0,0,0,744,0,0,0,0,0,0,0,0,0,0,0,0,0,15,0,0,0,0,992,0,0,0,0,0,0,0,0,0,0,0,0,0,0,0,0,0,2,0,0,0,38,0,8,10,0,0,0,0,0,5,44,0,0,0,0,0,0,0,0,0,0,0,0,0,0,0,0,0,0,0,0,0,0,0,0,0,0,0,0,0,0,0,0,0,0,0,408,101,0,0,0,0,0,0,0,0,0,380,0,6,0,0,0,0,0,0,0,0,0,0,0,0,0,2,0,442,0,0,0,2,0,0,0,0,0,0,23,0,0,0,0,0,0,0,0,0,0,0,2,0,0,0,0,0,0,0,0,2314,0,0,709,0,0,0,0,0,0,0,0,0,0,0,0,0,2,0,40,0,0,0,0,4,0,0,0,0,0,0,0,0,3,91,11,0,0,6,26,0,1,0,0,0,0,0,0,0,0,0,0,0,0,0,0,0,0,0,0,0,4,0,0,55,0,4,0,0,0,0,0,0,0,0,10,0,0,0,0,0,399,0,15,0,21,0,0,0,0,0,0,0,0,2,0,0,0,0,0,0,0,62,0,0,0,0,0,0,0,0,0,0,15,0,0,0,0,0,0,0,73,0,0,0,0,0,0,18,0,0,0,36,0,0,0,0,0,0,0,0,0,0,0,0,0,13,0,0,0,0,0,29,0,0,0,0,0,0,0,0,8,0,0,0,0,0,194,42,0,0,0,0,0,0,0,0,0,0,0,0,0,0,0,0,21,0,0,0,2,0,0,0,0,0,0,0,0,0,0,0,18,0,16,0,13,0,0,0,2,0,0,4,0,0,0,0,0,0,0,0,0,0,0,0,0,19,0,2,0,0,0,0,0,0,0,0,0,0,0,0,0,6,0,22,13,4,0,0,0,0,0,0,0,0,0,0,0,0,0,0,0,0,0,0,0,692,0,0,0,0,0,0,0,0,0,0,0,17,0,0,0,0,0,0,0,0,0,0,0,0,0,0,0,0,0,8,0,0,0,0,0,0,0,0,100,0,40,0,22,0,0,0,0,0,0,0,0,0,0,0,0,0,0,29,0,0,0,0,69,0,0,0,1,0,0,0,0,29,0,0,0,0,0,0,0,0,0,0,0,0,0,0,0,0,0,0,0,0,0,0,6,0,172,51,0,0,0,0,0,0,0,0,0,0,0,0,0,0,0,0,0,0,4,0,0,0,0,0,0,0,0,0,12,0,0,0,0,0,3,3,0,0,0,0,0,0,0,0,7,0,0,0,0,0,0,0,0,0,9,35,0,0,0,0,0,0,0,0,0,0,6,0,0,0,0,0,0,0,0,0,0,0,0,0,0,0,0,0,0,98,0,0,0,0,0,0,0,0,0,0,0,0,0,6,0,0,0,0,40,13,0
"D7",0,0,0,0,0,0,0,0,0,0,0,0,0,0,0,0,0,0,10,197,0,0,0,0,0,0,0,0,0,0,0,0,0,0,0,0,0,0,0,0,0,0,0,0,22,0,0,583,0,0,0,0,0,0,0,0,0,0,12,0,0,0,0,0,0,0,0,0,0,0,0,0,0,0,0,0,0,0,0,0,0,0,0,0,0,0,0,0,0,0,0,0,0,0,0,0,0,0,0,0,0,0,0,0,0,0,0,14,0,0,0,0,0,0,0,228,15,0,0,0,0,0,0,0,0,0,0,0,0,0,0,0,0,0,0,0,0,0,0,77,0,0,0,0,0,0,0,0,0,0,0,0,0,0,0,0,0,0,1538,0,0,0,0,0,0,0,0,0,0,0,0,1982,0,0,0,0,0,0,0,0,0,0,0,0,0,0,36,0,0,289,0,0,0,0,0,0,0,0,0,0,0,0,0,0,0,0,0,0,0,0,0,0,0,5,0,0,0,0,8,0,0,0,0,0,0,0,0,0,0,0,0,0,0,0,0,0,0,0,0,0,0,0,0,0,0,0,0,0,4,129,0,0,0,0,7,0,0,0,0,0,0,0,0,773,0,0,0,0,0,0,0,0,0,5,0,0,0,0,0,0,0,0,406,0,0,0,0,0,0,0,0,0,0,0,0,0,0,0,0,0,0,0,0,0,0,0,0,0,0,0,0,0,0,0,0,0,0,0,0,0,0,127,0,0,0,0,0,0,0,0,0,0,0,0,0,0,0,0,0,0,0,0,0,0,0,0,0,0,0,5,0,0,0,0,0,0,0,0,0,0,0,0,0,0,0,0,0,0,0,0,0,0,0,0,0,0,0,0,0,0,0,0,0,0,0,0,0,0,0,0,0,0,0,0,0,0,37,0,0,18,0,0,0,3,0,0,0,0,0,0,0,0,0,0,0,0,0,0,0,0,0,0,0,0,0,0,0,0,0,0,0,0,0,0,0,0,0,0,0,0,0,0,0,0,0,0,0,0,0,0,0,0,0,0,0,0,0,0,0,0,0,0,0,0,0,0,8,0,0,0,0,0,72,0,0,0,184,0,0,0,0,0,0,0,0,5,0,222,0,0,0,0,0,0,0,0,0,0,0,0,0,0,0,0,0,2,0,0,0,0,0,0,0,0,0,0,0,0,0,0,0,0,0,0,0,0,0,0,0,0,0,0,0,0,0,0,0,22,0,0,0,0,0,0,0,0,0,0,0,0,0,0,0,0,0,279,0,0,0,0,0,0,0,0,0,0,0,0,0,0,0,0,0,0,0,0,0,976,0,0,0,0,0,0,0,0,0,75,0,0,0,0,0,0,0,0,1178,0,0,57,0,0,0,0,0,0,0,0,0,0,2,0,0,0,677,0,0,0,0,5,0,0,823,0,0,0,0,0,321,0,0,0,0,0,0,0,0,0,0,0,0,0,0,0,0,0,0,0,0,0,0,0,0,0,0,0,0,0,31,730,0,0,0,0,0,0,0,561,109,0,0,0,0,0,0,0,0,0,0,0,0,0,0,0,0,0,0,0,0,0,0,0,0,0,0,0,0,0,0,0,0,0,0,0,0,0,0,0,3,0,0,0,0,0,0,0,0,0,0,0,0,0,0,0,1,0,0,0,0,0,0,0,0,0,0,0,3,0,0,0,0,0,0,0,0,0,0,0,0,0,0,0,0,0,0,0,2,0,0,0,0,0,0,0,0,0,0,0,0,0,0,0,0,0,0,0,0,0,0,0,0,0,0,3,7,0,0,0,0,0,0,0,0,0,0,0,0,0,0,0,0,0,0,0,0,0,0,0,0,0,0,0,0,0,0,697,0,0,0,0,0,0,0,0,0,0,0,0,0,0,0,8,0,0,0,0
"D8",0,0,0,0,0,0,0,0,0,0,0,0,0,0,0,0,0,0,0,0,0,0,0,0,0,0,0,0,0,0,0,0,0,0,0,0,0,0,0,0,0,0,0,0,0,0,0,0,0,0,0,0,0,0,0,0,0,0,0,0,0,0,0,0,0,0,0,0,0,0,0,0,0,0,0,0,0,0,0,0,0,0,0,0,0,0,0,0,0,0,0,0,0,0,0,0,0,0,0,0,0,0,0,0,0,0,0,0,0,0,0,0,0,0,0,0,0,0,0,0,0,0,0,0,0,0,0,0,0,0,0,0,0,0,0,0,0,0,0,0,0,0,0,0,0,0,0,0,0,0,0,0,0,0,0,0,0,0,0,0,0,0,0,0,0,0,0,0,0,0,0,0,0,0,0,0,0,0,0,0,0,0,0,0,0,0,0,0,0,0,0,0,0,0,0,0,0,0,0,0,0,0,0,0,0,0,0,0,0,0,0,0,0,0,0,0,0,0,0,0,0,0,0,0,0,0,0,0,0,0,0,0,0,0,0,0,0,0,0,0,0,0,0,0,0,0,0,0,0,0,0,0,0,0,0,0,0,0,0,0,0,0,0,0,0,0,0,0,0,0,0,0,0,0,0,0,0,0,0,0,0,0,0,0,0,0,0,0,0,0,0,0,0,0,0,0,0,0,0,0,0,0,0,0,0,0,0,0,0,0,0,0,0,0,0,0,0,0,0,0,0,0,0,0,0,0,0,0,0,0,0,0,0,0,0,0,0,0,0,0,0,0,0,0,0,0,0,0,0,0,0,0,0,0,0,0,0,0,0,0,0,0,0,0,0,0,0,2,0,0,0,0,0,0,0,0,0,0,0,0,0,0,0,0,0,0,0,0,0,0,0,0,0,0,0,0,0,0,0,0,0,0,0,0,0,0,0,0,0,0,0,0,0,0,0,0,0,0,0,0,0,0,0,0,0,0,0,0,0,0,0,0,0,0,0,0,0,0,0,0,0,0,0,0,0,0,0,0,0,0,0,0,0,0,0,0,0,0,0,0,0,0,0,0,0,0,0,0,0,0,0,0,0,0,0,0,0,0,0,0,0,0,0,0,0,0,0,0,0,0,0,0,0,0,0,0,0,0,0,0,0,0,0,0,0,0,0,0,0,0,0,0,0,0,0,0,0,0,0,0,0,0,0,0,0,0,0,0,0,0,0,0,0,0,0,0,0,0,0,0,0,0,0,0,0,0,0,0,0,0,0,0,0,0,0,0,0,0,0,0,0,0,0,0,0,0,0,0,0,0,0,0,0,0,0,0,0,0,0,0,0,0,0,0,0,0,0,0,0,0,0,0,0,0,0,0,0,0,0,0,0,0,0,0,0,0,0,0,0,0,0,0,0,0,0,0,0,0,0,0,0,0,0,0,0,0,0,0,0,0,0,0,0,0,0,0,0,0,0,0,0,0,0,0,0,0,0,0,0,0,0,0,0,0,0,0,0,0,0,0,0,0,0,0,0,0,0,0,0,0,0,0,0,0,0,0,0,0,1,0,0,0,0,0,0,0,0,0,0,0,0,0,0,0,0,0,0,0,0,0,0,0,0,0,0,0,0,0,0,0,0,0,0,0,0,0,0,0,0,0,0,0,0,0,0,0,0,0,0,0,0,0,0,0,0,0,0,0,0,0,0,0,0,0,0,0,0,0,0,0,0,0,0,0,0,0,0,0,0,0,0,0,0,0,0,0,0,0,0,0,0,0,0,0,0,0,0,0,0,0,0,0,0,0,0,0,0,0,0,0,0,0,0,0,0,0,0,0,0,0,0,0,0,0,0,0,0,0,0,0,0,0,0,0,0,0,0,0,0,0,0,0,0,0,0,0,0,0,0,0,0,0,0,0,0,0
"D9",105,0,199,0,12,0,241,0,0,160,0,0,719,90,0,0,0,36,0,0,0,0,0,0,0,0,0,0,0,160,0,0,0,0,0,0,0,0,0,0,0,0,0,0,0,919,655,0,99,0,0,0,0,0,0,0,0,0,0,0,0,0,0,0,0,0,167,0,1524,0,0,250,0,0,0,0,0,5,97,0,0,0,0,120,65,0,0,0,0,0,0,0,0,0,1639,0,2,0,0,0,0,0,0,0,0,0,4,0,0,0,0,0,0,0,0,0,0,0,0,0,0,0,0,0,0,2,0,0,0,0,0,0,30,0,0,0,0,0,0,0,0,0,87,0,1,0,0,0,0,0,0,0,0,0,117,0,19,0,0,0,0,613,0,17,0,0,0,0,0,0,0,0,0,0,0,47,0,0,8,0,0,0,0,0,0,0,0,0,0,0,0,0,0,0,41,0,0,0,0,0,0,0,0,0,0,48,0,0,0,0,0,50,0,0,0,0,7,0,0,0,92,0,0,0,0,0,54,0,0,0,1439,0,0,0,0,0,0,0,0,0,0,0,0,0,0,0,0,0,0,0,1919,0,0,252,0,0,0,221,0,0,0,0,0,0,0,0,0,557,0,0,0,0,0,0,0,0,0,167,0,0,0,0,0,0,0,0,0,0,0,0,2,0,0,0,0,0,0,0,0,45,0,0,5,0,0,0,0,0,0,0,0,0,0,0,86,0,0,0,0,0,0,0,0,0,0,0,0,0,0,0,0,0,152,0,0,0,0,0,0,181,0,0,0,0,0,0,0,0,0,0,0,0,0,52,0,0,0,0,126,0,0,0,0,0,45,0,0,753,0,0,0,0,0,0,0,0,0,0,0,0,0,0,0,211,0,0,0,0,0,0,0,0,0,0,0,0,0,0,18,0,0,0,143,554,51,0,32,0,224,0,0,0,0,0,37,0,0,10,71,0,0,0,0,0,0,32,0,7,658,0,0,0,0,0,0,32,0,0,0,0,0,0,0,0,0,0,0,50,0,288,0,0,0,34,0,0,0,0,264,0,0,7,0,0,0,0,747,0,0,0,0,0,0,91,0,0,0,2271,0,0,431,15,0,118,0,3850,0,0,0,0,0,0,0,0,0,0,0,0,0,328,0,47,0,0,237,0,0,0,0,0,185,26,0,45,107,45,2085,0,0,0,0,0,0,0,0,0,0,0,0,0,0,0,0,0,0,0,0,0,0,0,0,0,0,0,0,0,0,0,0,0,0,0,0,0,0,0,0,0,0,0,0,0,0,0,0,0,0,2,0,0,0,119,0,0,0,0,0,0,0,0,0,0,0,0,0,0,0,0,0,0,0,0,227,0,0,0,0,0,0,0,0,0,0,0,0,0,0,0,0,18,0,0,469,0,0,0,0,0,0,0,0,0,0,0,0,0,0,0,0,131,18,0,0,0,0,0,12,0,0,0,0,0,0,0,0,27,0,205,67,0,0,0,0,0,0,0,22,0,0,0,28,0,0,0,0,0,0,0,0,51,0,0,0,0,0,0,0,0,0,0,0,82,0,0,0,0,0,0,205,0,0,0,0,47,40,0,0,0,0,0,0,0,0,0,317,0,0,0,0,0,0,0,0,0,52,36,0,0,0,0,0,0,0,548,0,126,0,177,355,0,8,0,0,0,0,0,0,0,2606,0,0,0,0,0,45,0,0,0,0,0,0,0,0,0,0,119,0,0,0,6,0,0,0,0,0,0,0,14,0,0,0,0,0,0,0,0,0,0,0,0,0,0,0,0,17,0,0,0,0,0,0,0,0,0,0,5,0,4434,0,0,0,0,0,0,0,0,0,0,0,0,0,0,0,0,0,0,0,0,0,0,193,0,0,0,0,0,0,0,8,0,0,106,0,79,0,0
"D10",0,0,0,0,0,0,0,0,0,0,0,0,0,0,0,0,0,0,0,0,0,0,0,0,0,0,0,0,0,0,0,0,0,0,0,0,0,0,0,0,0,0,0,0,0,0,0,0,0,0,0,0,0,0,0,0,0,0,0,0,0,0,0,0,0,0,0,0,0,0,0,0,0,0,0,0,0,0,0,0,0,0,0,0,0,0,0,0,0,0,0,0,0,0,0,0,0,0,0,0,0,0,0,0,0,0,0,0,0,0,0,0,0,0,0,0,0,3,0,0,0,0,0,0,0,0,0,0,0,0,0,27,36,0,0,0,0,0,0,0,0,0,0,0,0,0,0,0,11,0,0,0,0,0,0,0,0,0,0,0,0,0,0,0,0,0,0,0,0,0,0,0,0,0,0,0,0,0,0,0,0,0,0,0,0,0,0,0,0,0,0,0,0,0,0,0,0,0,0,0,0,0,0,0,0,0,0,0,0,0,0,0,0,0,0,0,0,0,0,0,0,0,0,0,0,0,0,0,0,0,0,0,0,0,0,0,0,0,0,0,0,0,0,0,0,0,0,0,0,0,0,0,0,0,0,0,0,0,0,0,0,0,0,0,0,0,0,0,0,0,0,0,0,0,0,0,0,1,0,0,0,0,0,0,0,0,0,0,0,0,0,0,0,0,0,0,0,0,0,0,0,0,0,0,0,0,0,0,0,0,0,0,0,0,7,0,0,0,0,0,0,0,0,0,0,0,0,0,0,0,0,0,0,0,0,0,0,0,0,0,0,0,0,0,0,0,0,0,0,0,0,0,0,0,0,0,0,0,0,0,0,0,0,0,0,0,0,3,0,0,0,0,0,0,0,0,0,0,0,0,0,0,0,0,0,0,0,0,0,0,0,0,0,0,0,0,0,0,0,0,0,0,0,0,0,0,0,0,0,0,0,0,0,0,0,0,0,0,0,0,0,0,0,0,0,0,0,0,0,0,0,0,0,0,0,0,0,0,0,0,0,0,0,0,0,0,0,3,0,0,0,0,0,0,0,0,0,0,0,0,0,0,0,0,0,0,0,0,0,0,0,0,0,0,0,0,0,0,0,0,0,0,0,0,0,0,0,0,0,0,0,0,0,0,0,0,0,0,0,0,0,0,0,0,0,0,0,0,0,0,0,0,0,0,0,2,0,0,0,0,0,0,0,0,0,0,0,0,0,0,0,0,0,0,0,0,0,0,0,0,0,0,0,0,0,0,0,0,0,0,0,0,0,0,0,0,0,0,0,0,0,0,0,0,0,0,0,0,0,0,0,0,0,0,0,0,0,0,0,0,0,0,0,0,0,0,0,0,0,0,0,0,0,0,0,0,0,0,0,0,0,0,0,0,0,0,0,0,0,0,0,0,0,0,0,0,0,0,0,0,0,0,0,0,0,0,0,0,0,0,0,0,0,0,0,0,0,0,0,0,0,0,0,0,0,0,0,0,0,0,0,0,0,0,0,0,0,0,0,0,0,4,0,0,0,0,0,0,0,0,0,0,0,0,0,0,0,0,0,0,0,0,0,0,0,0,0,0,0,0,0,0,0,0,0,0,0,0,0,0,0,0,0,0,0,0,0,0,0,0,0,0,0,0,0,0,0,0,0,0,0,0,0,0,0,0,0,0,0,0,0,0,0,0,0,0,0,0,0,0,0,0,0,0,0,0,0,0,0,0,0,0,0,0,0,0,0,0,0,0,0,0,0,0,0,0,0,0,0,0,0,0,0,0,0,0,0,0,0,0,0,0,0,0,0,0,0,0,0,0,0,0,0,0,0,0,0,0,0,0,0,0,0,0,0,0,0,0,0,0,0,0,0,0,0,0,0,0,0,0,0,0,0,0,0,0,0,0,0,0,0,0,0,0,0,0
"D11",0,0,0,0,0,0,0,0,0,0,0,0,11,0,0,0,0,0,0,0,0,0,0,0,0,0,0,0,0,0,0,0,0,0,0,0,0,0,0,0,0,0,0,0,0,0,1,256,0,0,0,0,0,0,0,0,0,0,0,0,0,0,0,0,225,0,0,0,0,0,0,0,0,0,0,0,0,0,0,0,0,0,0,0,0,4,0,0,0,0,0,0,0,0,0,0,0,0,0,0,0,0,0,0,0,0,0,12,0,9,0,0,0,0,439,0,0,0,0,0,0,8,0,0,0,0,8,0,0,0,0,0,0,0,0,0,0,0,0,3,0,4,0,0,0,0,0,0,4,0,4,0,0,0,0,0,0,0,0,0,0,0,0,0,0,0,0,0,0,0,0,0,0,0,0,0,0,0,0,0,0,0,0,0,0,0,7,0,0,0,0,0,0,2,0,0,0,0,0,0,0,0,0,0,0,0,0,0,0,0,0,0,0,0,0,0,8,0,0,0,0,0,0,0,0,0,0,0,0,0,0,0,0,0,0,5,0,0,0,0,0,0,0,0,0,0,0,0,0,0,0,0,0,0,0,0,0,0,0,0,0,0,0,1059,1,0,0,0,0,0,0,0,0,5,0,0,0,0,0,0,0,0,0,0,0,0,0,0,0,0,0,0,0,0,0,0,0,0,0,0,0,0,0,0,0,0,0,0,0,0,10,0,0,0,0,0,0,0,0,0,0,0,0,0,0,0,0,0,0,0,0,0,0,0,0,0,0,0,0,0,0,0,0,0,0,0,0,0,0,0,0,0,0,0,0,0,0,0,0,0,0,36,0,0,0,0,0,0,0,0,0,0,0,0,0,0,0,0,0,0,0,0,0,0,0,0,0,0,0,0,0,0,0,0,0,0,0,0,0,0,0,0,0,0,0,0,11,0,0,408,0,0,0,0,0,0,0,0,0,0,0,0,0,0,0,0,0,0,0,0,0,0,0,0,0,0,0,0,0,0,0,0,0,0,0,0,0,0,0,0,0,0,0,0,0,0,0,0,0,0,0,0,0,0,0,0,0,0,0,0,0,0,0,0,0,0,0,0,0,0,0,0,0,0,0,0,0,0,0,0,0,0,0,0,0,0,0,0,0,0,0,0,0,0,0,11,0,0,0,0,0,0,0,0,0,0,0,0,0,0,0,0,0,0,0,0,0,0,0,0,0,0,0,0,0,0,0,0,0,248,0,0,0,0,0,0,0,0,0,0,0,0,0,0,0,168,474,101,0,0,0,0,0,0,0,0,0,0,0,0,0,0,0,0,0,0,0,837,0,0,5,0,0,0,0,0,0,0,0,0,0,0,0,0,0,0,0,0,0,0,0,0,0,0,0,0,6,0,0,0,0,0,0,0,0,0,0,0,0,0,0,0,7,0,0,0,0,0,0,0,103,0,0,0,0,0,0,0,0,0,0,0,0,0,0,0,0,0,0,0,0,0,0,0,0,0,0,0,0,0,0,0,0,0,0,0,0,3417,0,0,0,0,0,0,0,0,0,0,0,0,0,0,0,0,0,0,0,0,0,1494,285,0,0,0,0,0,0,0,0,0,0,0,0,0,0,0,0,0,0,0,0,0,0,0,0,0,0,0,22,0,0,0,0,0,7,0,0,0,0,0,0,0,0,0,0,0,0,0,0,0,0,0,0,0,0,0,0,0,0,0,0,0,0,0,0,0,0,0,0,0,0,0,0,444,0,0,0,0,0,0,0,0,0,0,0,0,0,0,0,0,0,0,0,0,0,0,0,0,0,0,0,0,0,18,0,0,0,0,0,0,0,0,0,0,0,0,0,0,0,0,0,0,0,0,0,0,0,0,0,0,0,0,0,0,0,0,0,0,0,0,0,0,0,0,0,0
"D12",0,0,0,0,0,0,0,0,0,0,0,0,0,0,0,0,0,0,0,0,0,0,0,0,0,0,0,0,0,0,0,0,0,0,0,0,0,0,0,0,0,0,0,0,0,0,0,0,0,0,0,0,0,0,0,0,0,0,0,0,0,0,0,0,0,0,0,0,0,0,0,0,0,0,0,0,0,0,0,0,6,0,2,0,0,0,0,0,0,0,0,0,0,0,0,0,0,0,0,0,0,0,0,0,0,0,0,0,0,0,0,0,0,0,0,0,0,0,0,0,0,0,0,0,0,0,0,0,0,0,0,0,0,0,0,0,0,0,0,0,0,0,0,0,0,0,0,0,0,0,0,0,0,0,0,0,0,0,0,0,0,0,0,0,0,0,0,0,0,0,0,0,0,0,0,0,0,0,0,0,0,0,0,0,0,0,0,0,0,0,0,0,0,0,0,0,0,0,0,0,0,0,0,0,0,0,0,0,0,0,0,0,0,0,0,0,0,0,0,0,0,0,0,0,0,0,0,0,0,0,0,0,0,0,0,0,0,0,0,0,0,0,0,0,0,0,0,0,0,0,0,0,0,0,0,0,0,0,0,0,0,0,0,0,0,0,0,0,0,0,0,3,0,0,0,0,0,0,0,0,0,0,0,0,0,0,0,0,0,0,0,0,0,0,0,0,0,0,0,0,0,0,0,0,0,0,0,0,0,0,0,0,0,0,0,0,0,0,0,0,0,0,0,0,0,0,0,0,1,0,0,0,0,0,0,0,0,0,0,0,0,0,0,0,0,0,0,0,0,0,0,0,0,0,0,0,0,0,0,0,0,0,0,0,0,0,0,0,0,0,0,1,0,0,0,0,0,0,0,0,0,0,0,0,0,0,0,0,0,0,0,0,0,0,0,0,0,2,0,0,0,0,0,0,0,0,18,0,0,0,0,0,0,0,0,0,0,0,0,0,0,0,0,0,0,0,0,0,0,0,0,0,0,0,0,0,0,0,0,0,0,0,0,0,0,0,0,0,0,0,0,0,0,0,0,0,0,0,0,0,0,0,2,0,0,0,0,0,0,0,0,0,0,0,0,0,0,0,0,0,0,0,0,0,0,0,0,0,0,0,0,0,0,0,0,0,0,0,0,0,0,0,0,0,0,0,0,0,0,0,0,0,0,0,0,0,0,0,0,0,0,0,0,0,0,0,10,0,0,0,0,0,0,0,0,0,0,0,2,0,4,0,0,0,0,0,0,0,0,0,0,0,0,0,0,0,0,0,0,0,0,0,0,0,0,7,0,0,0,0,0,0,0,0,0,0,0,0,0,0,0,0,0,0,0,0,0,0,0,0,0,0,0,0,0,2,0,0,0,0,0,0,0,0,0,0,0,0,0,0,0,0,0,0,0,0,0,0,0,0,0,0,0,0,0,0,0,0,0,0,0,0,2,0,0,0,0,0,0,0,0,0,0,0,0,0,0,0,0,0,0,0,0,0,0,0,0,0,0,0,0,0,0,0,0,0,0,0,0,0,0,0,0,0,0,0,0,0,0,0,0,0,0,0,0,0,0,0,0,0,0,0,0,0,0,0,0,0,0,0,0,0,0,0,0,0,0,0,0,0,0,0,0,0,0,0,0,0,0,0,0,0,0,0,0,0,0,0,0,0,0,0,0,0,0,0,0,0,0,0,0,0,0,0,0,0,0,0,0,0,0,0,0,0,0,0,0,0,0,0,0,0,0,0,0,0,0,0,0,0,0,0,0,0,0,0,0,0,0,0,0,0,0,0,0,0,0,0,0,0,0,0,0,0,0,0,0,8,0,0,0,0,0,0,0,0,0,0,0,0,0,0,0,0,0,0,0,0,0,0,0,0,0,0,0,0,0,0,0,0,0,0,0,0,0,0
"D13",0,0,0,0,0,0,0,0,0,0,0,0,0,0,0,0,0,0,0,0,0,0,0,0,0,0,0,0,0,0,0,0,0,0,0,0,0,0,0,0,0,0,0,0,0,0,0,0,0,0,0,0,0,0,0,0,0,0,0,0,0,0,0,0,0,0,0,0,0,0,0,0,0,0,0,0,0,0,0,0,0,0,0,0,0,0,0,0,0,0,0,0,0,0,0,0,0,0,0,0,0,0,0,0,0,0,0,0,0,0,0,0,0,0,0,0,0,0,0,0,0,0,0,0,0,0,0,0,0,0,0,0,0,0,0,0,0,0,0,0,0,0,0,0,0,0,0,0,0,0,0,0,0,0,0,0,0,0,0,0,0,0,0,0,0,0,0,0,0,0,0,0,0,0,0,0,0,0,0,0,0,0,0,0,0,0,0,0,0,0,0,0,0,0,0,0,0,0,0,0,0,0,0,0,0,0,0,0,0,0,0,0,0,0,0,0,0,0,0,0,0,0,0,0,0,0,0,0,0,0,0,0,0,0,0,0,0,0,0,0,0,0,0,0,0,0,0,0,0,0,0,0,0,0,0,0,0,0,0,0,0,0,0,0,0,0,0,0,0,0,0,0,0,0,0,0,0,0,0,0,0,0,0,0,0,0,0,0,0,0,0,0,0,0,0,0,0,0,0,0,0,0,0,0,0,0,0,0,0,0,0,0,0,0,14,0,0,0,0,0,0,0,0,0,0,0,0,0,0,0,0,0,0,0,0,0,0,0,0,0,0,0,0,0,0,0,0,0,0,0,0,0,0,0,0,0,0,0,0,0,0,0,0,0,2,0,0,0,0,0,0,0,0,0,0,0,0,0,0,0,0,0,0,0,0,0,0,0,0,0,0,0,0,0,0,0,0,0,0,0,0,0,0,0,0,0,0,0,0,0,0,0,0,0,0,0,0,0,0,0,0,0,0,0,0,0,0,0,0,0,0,0,0,0,0,0,0,0,0,0,0,0,0,0,0,0,0,0,0,0,0,0,0,0,0,0,0,0,0,0,0,0,0,0,0,0,0,0,0,0,0,0,0,0,0,0,0,0,0,0,0,0,0,0,0,0,0,0,0,0,0,0,2179,0,0,0,0,0,0,0,0,0,0,0,0,0,0,0,0,0,0,0,0,0,0,0,0,0,0,0,0,0,0,0,0,0,0,0,0,0,0,0,0,0,0,0,0,0,0,0,0,0,0,0,0,0,0,0,0,0,0,0,0,0,0,0,0,0,0,0,0,0,0,0,0,0,0,0,0,0,0,0,0,0,0,0,0,0,0,0,0,0,0,0,0,0,0,0,0,0,0,0,0,0,0,0,0,0,0,0,0,0,0,0,0,0,0,0,7488,0,0,0,0,0,0,0,0,0,0,0,0,0,0,0,0,0,0,0,0,0,0,0,0,0,0,0,0,0,0,0,0,0,0,0,0,0,0,0,0,0,0,0,0,0,0,0,0,0,0,0,0,0,0,0,0,0,0,0,0,0,0,0,0,0,0,0,0,0,0,0,0,0,0,0,0,0,0,0,0,0,0,0,0,0,0,0,0,0,0,0,0,0,0,0,0,0,0,0,0,0,0,0,0,0,0,0,0,0,0,0,0,0,0,0,0,0,0,2,0,0,0,0,0,0,0,0,0,0,0,0,0,0,0,0,0,0,0,0,0,0,0,0,0,0,0,0,0,0,0,0,0,0,0,0,0,0,0,0,0,0,0,0,0,0,0,0,0,0,0,0,0,0,0,0,0,0,0,0,0,0,0,0,0,0,0,0,0,0,0,0,0,0,0,0,0,0,0,0,0,0,0,0,0,0,0,0,0,0,0,0,0,0,0,0,0,0,0,0,0,0,0,0,0,0,0,0
"D14",0,15,48,0,0,0,0,6,25,0,0,0,0,0,0,19,131,0,7,8,3,2,8,79,48,0,2,3,5,1,8,40,38,3,9,5,141,0,0,0,54,0,0,5,89,12,4,0,23,0,21,0,22,0,119,139,42,40,43,25,0,0,0,4,18,0,0,2,230,0,55,2,0,2,0,11,10,0,0,17,12,15,0,0,0,15,0,0,85,0,11,6,0,0,0,0,0,0,0,3,83,9,3,15,0,33,9,0,0,2,11,0,0,56,0,0,0,0,0,23,3,0,3,0,18,0,0,0,23,0,0,0,1,7,37,24,5,57,0,6,0,0,0,62,6,281,17,0,0,18,0,0,12,10,0,0,0,0,3,17,0,1,21,0,2,16,0,12,8,3,9,0,0,0,12,157,0,0,0,0,6,3,0,44,6,0,0,9,3,0,0,0,11,0,0,3,0,5,1,15,14,0,2,0,0,0,0,14,0,0,0,0,12,0,0,35,0,0,8,0,0,0,0,23,19,9,63,0,0,8,0,11,0,14,0,0,25,0,24,17,1,6,13,2,0,0,0,0,7,0,4,0,8,0,0,2,2,53,2,19,0,0,0,0,0,27,11,0,47,0,20,0,13,8,0,3,5,0,0,1,0,0,0,4,9,26,2,20,4,34,0,74,0,0,2,0,16,0,0,38,14,0,7,0,0,12,1,6,0,3,0,4,0,0,1,30,122,0,0,80,0,0,0,1,0,8,4,0,0,9,0,0,0,0,0,0,26,21,0,6,0,0,0,0,10,5,2,165,0,0,0,67,14,10,0,6,4,1,2,0,1,0,0,3,0,0,17,0,47,0,10,18,0,0,27,0,0,32,9,16,3,41,18,0,0,1,2,3,0,7,0,0,31,4,3,6,0,226,0,0,5,3,0,0,2,0,9,6,0,0,132,61,0,0,1,9,0,5,23,4,32,2,5,21,346,5,39,0,0,38,0,0,1,28,0,0,0,1,0,0,6,63,0,0,16,0,12,2,73,0,9,60,10,7,39,7,0,0,0,0,8,32,349,6,0,0,16,0,42,5,17,32,0,1,53,0,10,0,12,22,0,91,3,0,10,9,2,0,8,20,31,0,0,0,0,2,0,7,77,0,5,0,0,3,0,4,2,0,0,31,13,29,4,32,0,13,11,8,0,4,2,3,4,1,0,76,35,7,94,54,7,0,0,165,0,6,0,12,0,0,76,46,6,0,22,0,0,45,0,0,4,6,0,0,6,0,0,0,0,0,0,0,0,81,4,0,55,0,12,0,3,5,0,8,6,7,0,0,4,2,3,0,29,10,0,25,0,2,34,0,86,0,0,0,2,0,0,19,0,0,0,3,51,3,0,0,1,51,0,0,0,16,8,26,0,0,8,0,33,0,0,0,0,1,3,30,0,0,0,0,0,0,12,34,13,0,0,3,4,95,0,5,0,0,0,0,0,20,0,2,4,14,0,7,21,185,2,1,33,0,6,0,59,10,41,0,0,0,0,0,1,0,2,0,11,26,0,0,110,0,0,0,6,0,0,0,15,0,2,8,0,27,0,0,3,3,0,302,47,7,37,0,0,0,3,19,29,4,0,0,4,147,4,0,11,0,0,0,0,26,14,16,0,0,0,181,7,1,33,26,93,8,10,8,11,0,1,7,0,47,0,103,12,50,0,5,0,0,8,14,8,7,0,0,0,0,38,0,6,0,2,19,0,0,0,0,1,1,0,24,8,1,92,0,0,0,44,20,0,1,0,0,121,0,6,3,3,2,14,92,13,0,12,0,41,3,27,77,2,0,0,0,44,81,0,0,0,29,139,29,0,1,12,0,0,0,11,0,9,7,0,0,0,8,0,22,74,0,0,0,0,0,5,16,3,0
"D15",0,0,0,0,0,0,0,0,0,0,132,0,0,6,3,0,0,0,0,50,3,0,7,0,0,0,0,0,0,56,0,0,0,0,81,0,0,0,5,114,0,0,0,0,0,0,0,0,0,0,0,0,0,0,0,0,867,0,12,0,0,0,0,0,6,0,0,492,293,509,0,1,0,0,0,0,0,0,0,0,0,0,3,0,0,25,0,11,0,0,0,0,0,0,1403,0,274,22,0,0,0,0,0,0,0,0,0,0,0,2,0,0,0,0,0,16,0,6,0,0,0,5,3,0,0,0,0,97,0,0,0,0,0,0,0,0,0,5,9,32,0,0,0,0,0,165,0,0,0,0,0,0,0,0,0,0,0,0,138,0,0,0,0,0,0,0,0,0,0,0,0,352,0,0,0,0,0,0,0,0,0,0,0,0,0,0,0,0,0,2,35,0,0,0,0,0,1,0,0,276,9,2029,0,0,0,0,0,1166,0,0,0,0,0,3,0,0,0,63,0,0,0,0,33,0,0,0,0,0,0,0,1289,0,0,0,0,0,0,7,0,0,0,0,0,0,0,0,8,0,90,0,0,106,0,0,0,0,0,534,0,256,0,0,0,0,0,0,0,0,0,0,0,0,71,0,0,0,18,0,0,0,0,0,3,0,0,0,0,0,0,0,0,0,0,0,0,0,0,0,0,0,0,0,0,0,0,0,0,0,15,101,0,0,0,0,0,0,0,0,0,0,0,0,0,0,1468,0,54,0,0,174,211,0,0,2,0,0,0,0,0,0,0,4,118,0,0,0,0,0,453,0,0,0,0,0,0,0,0,0,0,0,0,0,0,0,2,0,0,0,0,0,0,0,105,0,0,0,0,0,0,0,0,0,0,0,0,0,0,0,0,0,0,0,0,0,0,0,0,138,0,6,0,0,0,0,0,0,0,0,0,0,0,0,0,0,0,0,0,0,403,0,0,0,0,0,0,5,0,0,0,0,0,0,0,0,0,0,57,0,0,0,0,0,0,0,52,0,0,0,0,0,0,0,0,0,0,0,0,0,0,0,0,0,0,0,0,0,956,0,0,0,0,0,0,61,0,0,0,0,0,0,0,0,0,20,0,0,0,0,0,0,0,0,0,0,17,0,0,0,0,0,0,3,0,0,0,844,2,0,0,0,20,0,0,0,25,74,0,0,0,0,0,0,0,0,0,0,2,0,0,0,0,0,0,0,0,0,0,0,0,0,0,0,0,0,4,95,0,0,0,0,0,0,0,0,0,694,3,0,0,94,0,0,0,0,0,0,0,0,0,0,0,0,0,0,0,0,0,0,0,0,0,0,0,0,28,0,0,0,0,10,0,31,0,0,0,57,12,0,0,0,3,0,0,2,0,0,95,0,0,0,0,0,0,0,0,0,5,0,0,0,0,0,38,0,0,0,0,0,220,0,0,33,0,0,1,2,0,0,0,0,0,0,0,0,0,2,0,493,0,0,0,0,102,0,0,0,0,0,437,0,0,0,0,0,0,0,0,0,0,2,0,0,0,0,0,0,0,0,0,0,0,0,0,0,0,0,0,0,0,0,0,0,0,0,183,0,0,0,0,0,0,0,0,0,0,46,0,0,0,0,0,0,0,3,5,0,7,0,0,65,0,0,0,0,0,0,0,0,0,0,32,0,0,0,0,0,0,0,0,0,0,0,0,0,0,0,1051,7,0,0,0,0,0,0,4384,0,11,17,0,58,0,0,0,166,0,0,0,527,0,0,0,0,0,0,0,0,0,0,0,0,0,0,12,0,0,0,0,0,0,0,0,0,0,0,0,0,0,4,0,0,0,98,0,0,1,0,0,0,0,0,0,0,28,0,0,2,0,193,0,0,0,40,0,98,0,0,0,136,44,0,0,0,0,592,0,0
"D16",0,0,11,72,0,0,0,0,0,0,17,52,0,3,0,0,0,0,0,0,4,0,6,2,89,8,0,0,6,0,0,50,0,0,3,0,0,0,0,0,0,2,18,0,232,0,0,0,0,4,4,0,3,5,10,0,3,0,14,0,0,0,0,12,0,0,0,4,0,3,2,2,0,0,9,6,7,0,0,0,0,3,0,0,2,13,0,12,0,6,0,0,0,0,0,3,1,0,0,0,0,0,0,0,235,0,0,0,0,0,0,0,11,0,0,0,0,0,14,0,0,0,0,0,0,0,0,2,0,5,0,0,0,0,12,36,0,4,0,0,22,0,0,0,8,123,0,4,0,12,0,0,11,0,0,0,0,0,3,0,247,0,0,0,3,0,20,0,0,0,0,149,0,0,0,0,0,0,0,5,6,0,0,24,3,0,0,12,0,0,11,0,0,0,0,0,3,0,2,1,0,0,2,0,0,0,0,8,4,0,0,0,0,0,0,0,0,2,2,1,0,28,8,2,0,0,0,3,0,0,0,0,0,0,0,0,0,0,17,969,0,1,5,0,5,0,0,0,8,0,0,2,4,0,0,1,10,1,0,11,3,23,0,0,0,0,0,0,2,0,4,0,12,4,0,0,0,0,5,0,4,0,0,3,0,0,0,37,0,19,2,0,0,3,0,0,0,0,0,7,0,0,0,0,0,0,2,2,21,10,0,5,5,0,0,0,0,0,1,6,0,0,1,0,2,0,0,5,0,1,0,0,0,4,0,0,0,2,0,0,0,2,4,0,0,0,6,19,1,0,0,0,0,0,1,23,10,77,0,0,0,0,0,9,0,0,18,0,0,2,6,0,10,0,0,5,0,6,6,1,10,0,0,0,3,0,3,2,0,0,0,0,5,0,7,10,0,38,0,5,0,0,0,0,0,0,2,3,0,0,4,25,0,0,0,3,14,0,0,0,0,0,0,13,0,0,0,0,0,1,6,0,0,21,2,0,13,0,10,0,0,3,0,0,0,0,0,0,0,0,22,0,11,0,0,3,0,0,0,0,0,9,19,0,36,7,0,9,0,0,0,15,0,82,2,3,0,0,4,0,0,2,0,5,0,0,0,0,14,0,37,8,0,0,0,0,0,0,0,0,0,3,13,9,0,3,88,0,14,0,0,7,0,0,8,0,0,0,0,6,0,0,0,0,2,23,0,0,0,4,0,0,0,9,0,5,2,0,0,0,1,0,3,2,53,0,0,0,59,0,0,0,0,0,0,0,0,28,1,2,0,11,5,0,0,0,21,0,10,0,0,0,0,0,23,0,0,0,7,7,0,0,5,5,0,9,10,0,0,0,0,2,0,0,0,3,0,0,0,10,0,0,119,0,0,0,5,0,0,0,0,3,0,4,0,0,14,3,131,0,0,2,11,0,0,0,0,2,73,0,0,3,0,0,0,0,0,2,0,0,0,5,0,3,0,0,0,2,0,0,0,1,13,0,0,565,0,0,67,0,0,0,0,0,0,0,9,0,0,0,12,0,0,0,18,33,0,0,44,60,0,0,0,0,57,8,0,4,0,0,0,0,0,0,2,3,3,100,0,9,0,0,0,0,0,2,0,0,0,16,0,9,0,0,0,0,0,3,0,5,7,0,0,0,0,0,0,0,0,0,170,105,0,8,0,0,0,0,0,0,0,0,0,1,0,0,1,0,2,0,0,0,28,7,0,0,11,0,3,0,0,0,2,42,0,0,0,0,8,0,17,0,64,0,5,0,8,6,1,1,0,7,35,0,0,0,6,27,0,1,0,2,0,0,0,26,18,0,3,2,2,3,0,3,0,8,0,15,6,0,4,0,11,6,0,0,0,24,0,2,0,5,0,0,0,84,0,0,0,4,0,0,0,0,0,0
"D17",0,0,0,11,0,0,0,0,0,0,21,1,0,2,0,0,0,13,2,26,0,0,0,6,3,0,5,0,0,0,0,10,0,0,0,0,2,0,0,0,0,0,0,0,14,0,4,0,0,0,0,0,0,0,0,0,0,0,4,0,20,0,0,0,0,2,0,34,4,7,0,96,0,0,0,0,0,0,0,0,3,0,0,0,4,17,0,83,0,44,0,0,0,0,0,0,24,0,0,0,0,0,0,0,103,0,0,0,79,0,0,0,0,0,1,0,0,3,0,0,0,1,3,0,0,0,0,9,0,0,0,0,3,0,0,68,0,0,0,4,3,0,0,0,0,0,0,0,0,0,0,0,3,0,0,0,0,0,28,108,4,7,0,26,0,0,0,3,0,0,0,593,0,0,0,0,0,0,0,0,0,24,0,0,11,0,0,0,0,0,17,0,0,0,0,3,3,0,2,15,5,0,0,0,1,0,0,13,0,0,0,0,0,0,0,0,0,8,2,0,0,0,0,0,0,0,4,36,0,0,0,2,0,0,0,0,0,0,6,30,0,0,5,0,2,0,0,16,0,0,30,0,0,0,0,87,3,69,0,11,2,5,0,0,0,0,7,0,0,0,0,0,39,3,0,0,5,3,0,0,15,0,2,0,0,0,0,2,0,0,12,2,0,0,8,0,0,0,0,0,0,0,0,0,0,0,0,0,57,184,0,7,0,2,0,0,0,0,0,0,0,0,0,0,16,0,0,3,0,0,19,0,0,0,4,0,0,0,0,0,0,0,13,0,0,0,0,1,2,0,5,0,1,0,3,204,2,808,0,0,0,0,0,0,0,0,0,15,0,27,0,1,4,0,0,0,0,0,2,0,0,0,0,0,0,24,0,0,0,0,0,0,0,0,0,0,0,8,0,5,0,1,0,7,0,0,42,0,3,0,0,9,0,2,0,0,0,0,16,0,0,63,0,4,0,9,0,4,0,33,5,0,0,3,6,0,0,0,0,0,0,2,0,0,23,0,0,0,0,0,0,0,0,0,0,0,0,0,0,0,0,0,0,17,0,0,26,2,0,0,0,0,0,0,0,0,41,86,0,0,0,4,0,115,0,1,0,0,0,0,18,0,0,0,0,8,0,3,0,0,0,3,0,40,0,38,3,0,7,0,0,11,0,0,47,1,0,0,0,0,0,0,0,0,0,2,0,0,0,2,0,0,1,0,0,0,4,0,0,0,1,0,2,3,19,0,0,0,6,0,0,0,0,4,0,0,0,31,0,0,10,3,10,0,0,80,0,0,0,0,0,0,0,0,0,0,0,0,0,3,0,0,0,6,44,0,16,2,0,0,0,28,2,0,0,4,0,0,0,2,0,0,5,0,0,0,97,0,0,0,0,0,0,3,0,0,0,0,0,0,0,0,112,0,0,0,0,0,107,0,0,72,0,0,0,22,3,0,0,0,0,9,0,2,0,0,0,31,0,0,0,9,0,0,0,37,0,0,159,0,0,0,0,0,0,0,0,0,0,0,0,0,0,0,11,0,0,3,19,5,0,0,2,12,0,26,0,9,0,4,0,0,0,0,22,0,17,7,0,0,0,0,0,0,0,6,0,0,0,0,0,3,0,2,0,0,0,0,0,2,4,0,0,0,0,0,0,0,0,0,41,10,0,0,0,0,0,0,0,0,0,0,0,0,0,0,6,0,0,0,0,0,2,0,0,0,1,11,0,0,0,0,45,13,0,0,0,0,0,0,0,2,59,0,14,0,8,0,2,0,0,4,24,1,0,0,0,0,0,0,0,0,0,0,0,0,6,0,3,0,4,3,0,0,0,0,0,0,2,10,13,0,3,10,0,0,0,18,0,0,2,600,30,11,0,6,0,3,40,0,0,0,0,0,11,0
"D18",10,0,6,2,25,0,0,0,0,0,133,35,0,0,0,0,0,0,0,0,0,0,0,0,35,0,2,0,0,0,0,0,0,0,0,0,0,0,0,0,0,9,0,5,0,0,9,0,0,9,10,0,0,14,26,0,0,0,338,2,0,1,83,0,0,2,0,3355,4501,0,0,45,0,0,0,60,0,0,0,0,30,5,0,0,0,3,0,6,0,0,0,0,0,11,0,11,0,0,0,24,0,0,2,6,128,0,0,0,0,2,0,83,43,0,0,0,0,0,0,0,0,0,0,0,0,0,0,0,0,2,2,0,4,0,0,0,8,1,0,0,0,0,0,0,3,0,2,2,2,0,0,0,0,0,0,0,0,0,0,0,1,235,0,9,0,0,0,0,0,0,0,0,0,0,1,0,3,0,0,0,16,0,0,18,0,0,0,0,48,0,0,0,0,0,0,0,0,0,0,0,4,0,0,0,0,0,0,0,0,0,23,0,26,0,29,0,0,0,0,0,0,15,0,7,0,0,0,0,0,0,5293,6,0,0,0,0,0,0,2,0,0,0,0,0,0,0,5,0,5,0,0,0,0,3,0,0,0,6654,0,4,0,0,0,0,0,0,0,0,8,36,80,1,0,0,8,0,5,0,0,0,0,0,2,4,6,5,0,87,2,6,0,61,0,23,0,0,2,0,7,0,0,0,0,0,0,0,0,0,0,0,0,0,0,0,0,0,0,0,23,0,0,0,14,0,0,17,0,0,0,66,2,0,0,0,0,0,0,0,0,0,0,0,0,0,5,0,11,0,8,2,0,26,0,0,0,13,0,0,0,0,0,0,0,5,8,0,0,0,0,0,0,0,0,2,0,2,0,0,0,2,3,0,0,0,3,82,0,8,0,63,4,0,4,0,0,0,0,31,0,0,0,6,0,0,0,0,0,13,0,0,0,0,0,0,0,0,0,0,117,0,0,0,0,0,0,3,0,0,0,0,0,90,0,24,4,0,6,15,0,0,0,39,0,0,0,6,0,0,0,0,2,0,0,6,0,0,0,0,0,0,0,0,57,0,67,34,89,0,0,0,0,0,0,5,0,1,0,13,0,0,0,0,5,65,0,0,0,0,16,0,38,44,0,0,0,0,0,0,0,0,0,2,0,0,0,0,181,3,17,0,17,0,0,0,38,0,0,0,0,11,0,0,0,0,5,109,0,5,0,0,3,0,0,0,0,0,0,0,0,0,37,0,0,3,130,0,3,0,121,0,0,0,0,1,0,0,0,0,2,0,0,159,2,0,0,0,14,0,0,0,9,0,0,0,1,0,0,0,0,0,0,0,0,86,0,0,0,0,0,0,0,1,13,0,3,2,0,0,0,0,0,0,0,0,0,0,7,0,0,0,0,0,0,0,0,6,6,0,14,2,0,2,82,0,0,0,0,0,0,0,0,0,0,0,0,5,33,0,0,0,0,0,0,3,0,2,0,0,4,4,0,0,0,38,0,18,0,0,0,0,0,0,0,0,0,0,3,0,0,0,15,0,8,0,3,3,2,0,3,0,0,0,4,0,36,2,7,0,0,0,0,0,0,0,2,4,0,330,0,0,0,0,0,0,0,0,8,7,0,4,1,52,0,0,0,0,0,0,0,77,7,0,0,0,0,0,0,0,0,2,138,27,1,8,97,0,2,0,0,0,6,0,0,0,0,0,0,0,0,0,0,0,14,0,0,0,3,0,10,2,0,0,0,0,2,0,0,0,0,0,0,0,0,0,0,0,19,0,28,0,0,0,182,0,0,0,5,0,0,0,2,3,0,0,0,0,0,34,5,6,0,0,0,0,0,18,0,0,0,0,0,101,25,0,0,0,0,2,0,0,0,0,0,0,0,292,0,3,8,0,1,0,0,0,2,0
"D19",0,0,0,0,0,0,0,0,0,0,0,0,0,0,0,0,0,0,0,0,0,0,0,0,0,0,0,0,0,0,0,0,0,0,0,0,0,0,0,0,0,0,0,0,0,0,0,0,0,0,0,0,0,0,0,0,0,0,0,0,0,0,0,0,0,30,0,0,0,0,0,0,0,0,0,0,0,0,0,0,0,0,2,0,0,0,0,0,0,0,0,0,0,0,0,0,0,0,0,0,0,0,0,0,0,0,0,0,0,0,0,0,0,0,0,0,0,0,0,0,0,0,0,0,0,0,0,0,0,0,0,0,0,0,0,0,0,0,0,0,0,0,0,0,0,0,0,0,2,0,0,0,0,0,0,0,0,0,0,0,0,0,0,0,0,0,0,0,0,0,0,0,0,0,0,0,0,0,0,0,0,0,0,0,0,0,0,0,0,0,0,0,0,0,0,0,0,0,0,0,0,0,0,0,0,0,0,0,0,0,0,0,0,0,0,0,0,0,0,0,0,0,0,0,0,0,0,0,0,0,0,0,0,0,0,0,0,0,0,0,0,0,0,0,0,0,0,0,0,0,0,0,0,0,0,0,0,0,0,0,0,0,0,0,0,0,0,0,0,0,0,0,0,0,0,0,0,0,0,0,0,0,0,0,0,0,0,0,0,0,0,0,0,0,0,0,0,0,0,0,0,0,0,0,0,0,0,0,0,0,0,0,0,0,0,0,0,0,0,0,0,0,0,0,0,0,0,0,0,0,0,0,0,0,0,0,0,0,0,0,8,0,0,0,0,0,0,0,0,0,0,0,0,0,0,0,0,0,0,0,0,0,0,0,0,0,0,0,0,0,0,0,0,0,0,0,0,0,0,0,0,0,0,0,0,0,0,0,0,0,0,0,0,0,0,0,0,0,0,0,0,0,0,20,0,0,0,0,0,0,0,0,0,0,0,0,0,0,0,0,0,0,0,0,0,0,0,0,0,0,0,0,0,0,0,0,0,0,0,0,0,0,0,0,0,0,0,0,0,0,0,0,0,0,0,0,0,0,0,0,0,0,0,0,0,0,0,0,0,0,0,0,0,0,0,0,0,0,0,0,0,0,0,0,0,0,0,0,0,0,0,0,0,0,0,0,0,0,0,0,0,0,0,0,0,0,0,0,0,0,0,0,0,0,0,0,0,0,0,0,0,0,0,0,0,0,0,0,0,0,0,0,0,0,0,0,0,0,0,0,0,0,0,0,0,0,0,0,0,0,0,0,0,0,0,0,0,0,0,0,0,0,0,0,0,0,0,0,0,0,0,0,0,0,0,0,0,0,0,0,0,0,0,0,0,0,0,0,0,0,0,0,0,0,0,0,0,0,0,0,0,0,0,0,0,0,0,0,0,0,0,0,0,0,0,0,0,0,0,0,0,0,0,0,0,0,0,0,0,0,0,0,0,0,0,0,0,0,0,0,0,0,0,0,0,0,0,0,0,0,0,0,0,0,0,0,0,0,0,0,0,0,0,0,0,0,0,0,0,0,0,0,0,0,0,0,0,0,0,0,0,0,0,0,0,0,0,0,0,0,0,0,0,0,0,0,0,0,0,0,0,0,0,0,0,0,0,0,0,0,0,0,0,0,0,0,0,0,0,0,0,0,0,0,0,0,0,0,0,0,0,0,0,0,0,0,0,0,0,0,0,0,0,0,0,0,0,0,0,0,0,0,0,0,0,0,0,0,0,0,0,0,0,0,0,0,0,0,0,0,0,0,0,0,0,0,0,0,0,0,0,0,0,0,0,0,0,0,0,0,0,0,0,0,0,0,0,1,0,0,0,0,0,0,0,0,0,0,0,0,0,0,0,0,0,0,0,0,0,0,0,0,0,0,0,0,0,0,0,0,0,0,0,0,0,0
"D20",0,0,6,0,6,0,0,0,0,2,4,0,0,2,3,0,0,0,8,0,0,0,0,0,0,0,2,0,0,0,0,0,0,0,0,1,0,0,0,0,0,0,0,8,11,3,0,0,26,0,0,0,5,0,0,6,0,0,0,0,0,7,6,4,0,0,0,0,48,8,0,0,0,7,0,0,19,1,0,2,0,0,0,0,0,40,0,0,0,9,0,0,0,2,11,0,0,0,0,0,17,0,0,0,23,0,0,0,0,0,0,4,0,0,0,0,0,0,0,22,0,0,0,2,0,2,0,0,4,10,0,0,0,0,0,37,0,0,0,0,0,0,0,0,3,95,0,0,0,0,0,0,4,0,4,0,5,0,0,0,0,0,0,0,0,0,0,22,0,2,0,0,0,0,0,0,0,0,0,0,0,0,0,8,0,0,0,0,3,0,0,0,0,0,0,0,0,0,5,0,3,1,0,0,0,6,0,40,0,2,0,1,1,0,0,0,0,0,0,0,6,0,0,0,0,0,2,0,6,0,43,0,0,0,0,0,20,0,0,0,6,0,0,0,0,0,0,0,0,0,10,0,16,0,0,0,0,0,0,7,7,0,0,0,0,0,0,0,0,0,0,0,5,0,0,2,2,3,0,0,0,0,0,0,0,0,0,0,0,0,10,0,3,0,0,0,3,0,0,6,0,0,0,0,0,0,0,0,0,3,0,0,0,8,0,0,0,11,2,155,0,0,4,8,0,0,0,0,0,0,0,21,0,0,0,7,0,11,0,0,0,0,0,0,0,0,0,11,0,0,2,0,0,0,19,2,0,0,0,0,0,0,0,0,0,0,0,0,0,4,0,17,0,0,0,0,0,8,0,0,7,0,8,0,0,4,0,0,0,0,0,0,0,0,0,59,0,20,0,0,0,0,0,0,9,0,0,0,0,4,0,0,0,0,7,0,0,0,32,0,5,0,0,0,1,0,5,4,0,0,12,3,0,22,0,0,17,2,7,0,0,74,17,7,6,0,0,0,0,0,0,0,0,0,0,0,0,0,0,0,0,0,0,0,10,0,43,81,8,0,0,0,0,8,1,0,0,0,3,0,43,9,0,3,7,0,0,0,6,19,5,5,0,0,0,0,0,1,0,0,0,3,2,0,1,0,21,0,0,2,0,3,0,0,0,6,8,2,0,0,0,0,0,0,4,0,15,0,0,2,0,0,0,0,0,0,0,0,6,0,4,0,0,0,94,0,2,0,0,0,0,0,25,0,0,0,0,0,0,0,0,0,10,2,0,10,0,0,0,0,0,0,0,85,3,0,0,0,0,0,0,0,0,0,0,7,9,0,0,4,0,9,0,0,0,0,0,0,5,0,0,0,0,0,0,0,4,0,0,0,0,0,0,0,0,3,0,58,0,0,0,0,0,4,0,0,0,0,0,0,0,0,0,24,0,5,0,0,0,33,0,0,0,0,0,0,0,3,4,0,0,4,0,0,3,66,0,0,4,0,0,0,0,2,0,0,0,0,0,0,0,0,0,0,2,15,0,1,0,0,0,0,0,0,0,0,0,4,0,0,0,0,0,0,0,0,0,7,0,0,0,0,0,0,0,10,0,7,0,0,0,30,0,0,0,0,0,0,0,0,0,0,2,0,0,3,0,2,5,0,33,18,5,7,3,0,3,0,0,0,0,0,2,46,0,0,0,0,0,241,0,0,0,0,3,0,50,0,0,4,0,0,0,0,0,0,0,0,0,2,0,5,23,0,0,0,35,0,0,0,0,0,31,1,0,0,0,0,0,19,3,0,0,0,5,0,0,73,0,0,0,0,20,0,0,0,0,0,0,0,12,0,0,13,0,0,0,0,0,0,0,0,12,0,0,22,0,0,0,2,0,7,2,0,0,4
"D21",0,0,0,0,0,0,0,0,0,3,0,0,0,0,0,0,0,0,0,0,5,0,0,0,0,0,0,0,0,0,0,0,0,0,0,0,0,0,0,0,0,0,0,0,0,0,0,50,0,0,0,0,0,0,0,2,2,0,0,0,0,0,0,0,2083,0,0,0,0,0,0,7,0,0,0,0,0,0,0,0,0,0,4,0,0,0,0,0,0,0,0,0,0,0,0,0,0,0,0,0,0,2,0,0,0,5,0,0,0,0,0,0,0,0,63,0,0,0,0,0,2,2,2,0,0,0,9,0,0,0,0,0,0,0,0,0,0,0,0,104,0,0,0,0,0,0,0,0,3,0,0,0,0,0,0,0,0,0,0,0,0,0,0,0,0,0,0,0,0,0,0,0,0,0,0,0,0,0,0,0,0,0,0,0,0,0,0,0,0,2,0,4,0,0,0,39,0,0,0,0,0,0,0,0,0,0,0,0,0,0,0,0,0,8,0,0,0,0,13,0,0,0,0,0,0,0,0,0,0,0,0,0,0,0,0,0,0,0,0,0,0,0,0,0,0,0,0,0,0,0,0,0,0,0,0,0,0,0,0,0,0,0,0,0,0,0,0,0,0,0,0,0,0,68,0,0,0,0,0,0,0,0,0,0,0,0,0,0,0,0,2,0,0,0,0,0,0,0,0,0,0,0,0,0,0,0,0,0,0,0,0,0,0,0,0,0,0,0,0,0,0,0,0,0,5,0,0,0,1,0,0,0,0,3,0,0,0,0,0,0,4,0,0,0,0,0,0,0,0,0,0,0,0,0,0,0,0,0,0,0,0,0,0,0,5,0,0,0,0,0,0,0,0,0,0,0,0,0,0,0,0,0,0,0,0,0,0,0,0,0,0,0,0,0,0,0,0,30,0,0,0,0,0,0,0,0,0,0,0,75,0,2,2,0,0,0,0,0,0,0,0,0,0,0,0,0,0,0,0,0,0,0,0,0,0,0,0,0,0,0,0,0,0,0,0,0,0,0,0,0,0,0,0,0,0,0,0,0,0,0,0,0,0,0,0,0,0,0,0,0,0,0,4,0,0,0,0,0,0,0,0,0,0,0,0,0,0,11,0,0,0,0,0,0,0,3,2,0,0,0,0,0,0,0,0,5,0,0,0,0,0,0,0,0,0,0,0,0,0,0,0,0,0,0,0,0,0,0,0,0,0,0,0,0,0,0,0,0,0,0,0,0,0,0,0,0,0,0,0,0,0,0,0,0,0,957,0,24,0,0,0,0,0,0,0,0,0,0,0,0,0,0,0,0,0,0,0,0,0,0,0,0,0,0,0,0,0,0,0,0,0,0,0,6,0,0,0,0,0,0,0,0,0,0,0,0,0,0,0,0,0,0,0,0,0,0,0,0,0,0,0,0,0,0,0,0,2,0,0,0,0,0,0,0,0,5,0,0,0,0,0,0,0,0,0,0,0,0,0,0,0,0,0,0,0,0,0,0,0,0,0,0,0,0,0,0,0,6113,0,0,0,0,0,0,0,0,0,3,0,0,0,0,0,0,0,0,0,0,0,9,0,0,0,0,0,0,0,0,0,0,0,0,0,0,0,0,0,0,0,0,0,0,0,0,0,0,0,0,0,0,0,0,0,0,4,0,0,0,0,0,0,0,0,0,0,0,0,0,2,0,0,0,0,0,0,0,0,21,0,0,0,0,0,0,0,0,0,0,0,0,0,0,0,6410,0,0,0,0,0,0,0,0,0,0,0,0,0,0,0,0,0,0,0,0,0,0,0,513,0,0,0,0,0,0,0,0,0,0,0,0,0,0,0,0,0,0,0,0,2,0,0,0,0,0,0,0,0,0,0,0,0,0,0,2,2,0,0,0,0,0,0,42,0,0,0,0
"D22",0,0,0,0,0,0,0,0,0,0,0,0,0,0,0,0,0,0,0,0,0,0,0,0,0,0,0,0,0,0,0,0,0,2,0,0,0,0,0,0,0,0,0,0,0,0,0,0,0,0,0,0,0,0,0,0,0,0,0,0,0,0,0,0,0,0,0,0,0,0,0,0,0,0,0,0,0,0,0,0,0,0,0,0,0,0,0,0,0,0,0,0,0,0,0,0,0,0,0,0,1,0,0,0,0,0,0,0,0,0,0,0,0,0,0,0,0,0,0,0,0,0,0,0,0,0,0,0,0,0,0,0,0,0,0,0,0,0,0,0,0,0,0,0,0,0,0,0,0,0,0,0,0,0,0,0,0,0,0,0,0,0,0,0,0,0,0,0,0,0,0,0,0,0,0,0,0,0,0,0,0,0,0,0,0,0,0,0,0,0,0,0,0,0,0,0,0,0,0,0,0,0,0,0,2,0,0,0,0,0,0,0,0,0,0,0,0,0,0,0,0,0,0,0,0,0,0,0,0,0,0,0,0,0,0,0,0,0,0,0,0,0,0,0,0,0,0,0,0,0,0,0,0,0,0,0,0,0,0,0,0,0,0,0,0,0,0,0,0,0,0,0,0,0,0,0,0,0,0,0,0,0,0,0,0,0,0,0,0,0,0,0,0,0,0,0,0,0,0,0,0,0,0,0,0,0,0,0,0,0,0,0,0,0,3,0,0,0,0,0,0,0,0,0,0,0,0,0,0,0,0,0,0,0,0,0,0,0,0,0,0,0,0,0,0,0,0,0,0,0,0,0,0,0,0,0,0,0,0,0,0,0,0,0,0,0,0,0,0,0,0,0,0,0,0,0,0,0,0,0,0,0,0,0,0,0,0,0,0,0,0,0,0,0,0,0,0,0,0,0,0,0,0,0,0,0,0,0,0,0,0,0,0,0,0,0,0,0,0,0,0,0,0,0,0,0,0,0,0,0,0,0,0,0,0,0,0,0,0,0,0,0,0,0,0,0,0,0,0,0,0,0,0,0,0,0,0,0,0,1,0,0,0,0,0,0,0,0,0,0,0,0,0,3,0,0,0,0,0,0,0,0,0,0,0,0,0,0,0,0,0,0,0,0,0,0,0,0,0,0,0,0,0,0,0,0,0,0,0,0,0,0,0,0,0,0,0,0,0,0,0,0,0,0,0,0,0,0,0,0,0,0,0,0,0,0,0,0,0,0,0,0,0,0,0,0,0,0,0,0,0,0,0,0,0,0,0,0,0,0,0,0,0,0,0,0,0,0,0,0,0,0,0,0,0,0,0,0,0,0,0,0,0,0,0,0,0,0,0,0,0,0,0,0,0,0,0,0,0,0,0,0,0,0,0,0,0,0,0,0,0,0,0,0,0,0,0,0,0,0,0,0,0,0,0,0,0,0,0,0,0,0,0,0,0,0,0,0,0,0,0,0,0,0,0,0,0,0,0,0,0,0,0,0,0,0,0,0,0,0,0,0,0,0,0,0,0,0,0,0,0,0,0,0,0,0,0,0,0,0,0,0,0,0,0,0,0,0,0,0,0,0,0,0,0,0,0,0,0,0,0,0,0,0,0,0,0,0,0,0,0,0,0,0,0,0,0,0,0,0,0,0,0,0,0,0,0,0,0,0,0,0,0,0,0,0,0,0,0,0,0,0,0,0,0,0,0,0,0,0,0,0,0,0,0,0,0,0,0,0,0,0,0,0,0,0,0,0,0,0,0,0,0,0,0,0,0,0,0,0,0,0,0,0,0,0,0,0,0,0,0,0,0,0,0,0,0,11,0,0,0,0,0,0,0,0,0,0,0,0,0,0,0,0,0,0,0,0,0,0,0,0,0,0,0,0,0,0,0,0,0,0,0,0,0,0
"D23",0,0,2,0,0,0,0,1,0,0,0,0,0,0,0,0,0,0,0,4,0,0,0,0,0,0,0,0,0,99,0,0,0,0,0,0,0,0,0,0,0,0,0,0,0,0,0,0,0,0,0,0,0,0,4,0,0,0,0,0,0,0,0,0,0,0,0,0,0,0,0,0,0,0,0,1,0,3,0,0,8,0,0,0,0,2,0,0,0,1,0,0,0,0,0,0,1,0,0,0,0,0,0,0,0,0,0,0,0,0,0,0,0,0,0,298,0,0,15,0,0,0,0,0,0,0,0,3,2,0,0,0,0,0,0,2,0,0,0,0,0,3,0,0,0,0,0,0,0,0,0,0,0,0,0,0,0,0,0,2,0,0,0,0,0,0,0,0,0,0,0,0,0,0,0,0,0,0,0,0,0,0,0,0,0,0,0,0,0,0,0,0,0,0,0,0,0,0,0,0,0,0,0,0,0,0,0,1,0,0,0,0,0,0,0,0,0,0,0,0,0,0,0,0,5,0,0,0,0,0,0,0,0,0,0,0,0,0,2,0,0,0,0,0,0,0,0,0,0,0,2,0,0,0,0,0,0,0,0,0,2,0,0,0,0,0,0,2,0,0,0,0,0,0,0,0,0,0,0,0,0,0,0,0,0,0,0,0,0,0,0,0,0,0,0,0,0,0,0,0,0,0,0,0,0,4,0,0,0,0,0,0,0,0,0,0,0,3,0,0,0,0,0,0,0,0,0,0,0,0,0,0,21,0,0,0,0,0,0,0,0,0,0,0,0,0,0,0,0,0,0,0,0,0,0,0,0,0,0,0,0,1,0,0,0,0,0,0,0,0,0,3,0,0,0,0,0,0,0,3,0,0,0,0,0,0,0,0,0,0,0,0,0,0,0,5,0,2,0,0,0,0,0,0,0,0,0,4,0,0,0,0,0,0,0,0,0,1,0,0,0,0,0,0,0,0,2,0,0,0,0,0,0,0,0,0,0,0,0,0,0,1,0,3,0,0,0,0,0,0,0,0,0,0,0,0,0,0,0,0,0,0,4,0,0,0,187,0,0,0,0,0,0,0,0,0,0,0,0,0,0,0,0,0,0,0,0,0,0,0,1,0,0,0,0,0,0,0,0,0,0,0,0,0,0,4,0,9,0,0,0,0,0,0,0,1,0,0,0,0,0,0,0,0,0,0,15,0,0,0,0,0,21,0,4,0,0,0,0,554,2,0,56,0,1,0,0,0,0,0,0,0,0,0,0,0,0,0,0,0,0,5,0,0,28,0,0,0,0,0,0,0,0,0,0,0,0,0,0,0,0,0,0,0,3,0,0,0,0,0,0,0,0,0,0,0,0,0,0,0,0,0,0,0,0,0,0,0,0,0,0,0,0,0,0,0,0,0,0,0,0,0,0,0,0,0,0,0,0,0,0,0,0,0,0,4,0,0,0,0,0,0,0,0,0,0,0,73,0,0,0,0,0,0,0,0,0,3,0,0,0,0,0,0,0,0,0,0,0,0,0,0,0,1,0,0,0,0,0,0,0,0,0,0,0,0,0,14,0,0,0,0,0,0,10,0,0,3,0,0,0,0,0,0,0,3,0,0,0,0,0,8,0,0,0,0,0,0,0,0,0,0,2,0,0,0,0,0,0,0,0,5,0,0,0,0,0,0,0,0,0,0,4,0,0,0,0,0,0,0,0,0,0,0,0,0,0,0,0,0,0,5,0,0,0,0,0,0,0,3,0,0,12,0,0,0,0,0,0,0,0,0,0,0,0,0,0,0,0,0,0,0,0,0,0,0,0,2,0,0,0,4,0,0,0,0,0,0,0,8,5,0,0,0,0,0,0,0,0,0,0,0,0,0,0,8,0,0,0,0,0,0,0,34,0,0
"D24",2,0,0,0,0,0,0,0,0,0,5,0,0,0,0,0,0,0,0,0,6,0,0,7,2,0,0,0,0,3,0,11,0,0,0,20,4,0,0,0,71,0,0,0,0,0,0,616,0,0,0,0,0,0,6,0,14,2,91,0,0,0,0,17,0,0,0,0,0,2,0,6,3,0,0,3,0,0,0,1,0,0,0,0,0,0,0,0,14,0,0,0,0,0,0,0,0,0,0,4,24,2,0,0,28,50,0,0,37,0,0,0,0,0,0,0,0,0,0,0,0,0,0,0,0,0,0,0,0,0,0,0,0,0,0,0,0,0,0,0,0,0,0,0,3,9,0,0,0,0,0,0,0,0,0,2,0,2,1,0,0,0,0,158,0,0,0,0,0,0,0,46,0,0,0,0,0,6,0,0,0,0,0,2,0,0,0,0,0,0,0,0,0,0,0,2,0,0,0,2,0,0,0,0,0,0,0,7,0,0,0,0,1,0,0,0,0,0,7,0,0,0,0,0,0,0,0,0,0,0,0,16,0,0,0,0,0,0,0,177,0,0,0,0,0,0,0,0,0,0,0,0,0,0,0,0,0,0,0,5,0,0,0,0,0,2,0,0,0,3,0,0,3,7,0,0,0,0,0,0,0,0,0,0,4,0,0,11,0,0,0,0,0,0,0,0,0,0,0,0,0,0,0,0,0,4,0,2,30,0,0,5,0,0,5,22,0,0,0,0,0,0,0,11,2,0,0,3,0,4,3,0,0,2,0,0,0,0,0,0,0,0,0,0,0,0,0,2,0,0,0,0,0,0,0,78,0,2,0,0,0,0,0,0,0,0,0,0,0,0,1,4,3,0,0,0,8,0,0,0,0,0,0,0,0,20,0,0,0,0,0,0,2,0,0,1,0,14,0,0,0,0,0,0,0,7,107,0,0,0,2,29,0,0,0,0,0,0,0,0,0,0,0,0,0,0,0,0,0,4,0,0,0,0,0,0,0,0,0,0,0,0,0,0,0,0,0,0,0,0,0,0,0,9,0,0,0,2,0,6,0,0,0,0,0,0,0,0,0,0,0,0,0,0,0,0,0,0,0,0,0,0,0,0,0,0,0,0,0,0,1,2,3,0,0,2,0,0,5,0,0,0,11,38,6,0,4,0,0,0,0,0,0,0,0,0,0,0,0,0,0,0,0,0,0,0,0,0,0,6,0,0,0,2,0,0,0,0,0,0,0,0,0,0,41,0,0,0,1,0,0,0,4,0,0,0,0,152,0,0,0,0,0,0,122,0,0,0,0,5,0,0,0,0,0,5,0,0,1,0,0,0,0,11,0,0,0,0,0,0,0,0,0,0,0,21,2,0,0,2,2,0,0,0,0,0,2,54,4,0,0,0,0,0,0,0,0,0,0,0,24,0,0,0,0,0,0,0,0,0,0,0,0,0,13,0,0,0,0,10,0,0,0,0,0,0,0,11,0,0,0,0,4,0,0,1,0,0,610,0,0,0,0,0,0,10,0,0,0,0,0,0,0,0,0,5,0,0,551,0,2,0,0,0,8,54,0,2,0,4,4,0,0,0,18,0,0,6,0,0,0,0,0,0,0,0,0,0,0,0,0,3,3,0,0,0,0,0,0,0,0,0,149,0,1,0,0,0,0,0,223,9,0,0,0,3,0,0,0,0,6,0,0,4,0,0,0,0,0,0,0,0,0,0,0,0,0,0,0,0,0,0,0,123,0,0,0,0,0,0,0,0,162,3,0,0,0,0,0,0,0,0,6,0,0,0,0,8,0,6,0,0,0,0,0,0,0,0,0,0,0,8,0,37,0,0,0,0,795,74,4,0,4,0,0,21,0,0,2,0,0,0,0,0,0,0,41,0,0,0,0,0,0,0,0,0
"D25",0,0,0,14,0,0,0,0,0,0,6,1,0,6,32,0,3,2,3,14,0,4,1,4,37,0,0,0,0,0,0,5,0,0,6,0,8,0,0,0,0,0,0,3,139,0,9,78,0,0,2,0,4,7,0,0,1,0,1,0,10,14,0,4,0,0,0,125,0,5,0,3,0,4,6,0,5,0,0,0,0,0,3,0,3,3,0,164,4,8,0,0,0,0,0,8,0,0,0,0,0,0,4,14,18,0,0,0,0,0,0,8,0,0,22,325,0,5,16,0,5,55,15,4,0,2,19,45,0,0,0,0,13,6,4,38,0,5,2,8,4,0,0,0,6,31,0,0,0,0,0,0,3,15,0,0,0,0,84,0,11,0,0,3,0,0,0,0,0,1,0,863,0,0,0,0,0,10,0,0,0,56,0,7,2,0,5,0,0,2,9,0,0,0,0,102,21,0,0,3,4,0,5,0,8,0,0,6,0,0,0,0,0,0,0,0,0,29,572,5,0,6,7,2,0,0,0,0,0,0,0,0,4,0,0,0,0,0,0,53,0,0,0,0,0,0,0,15,14,32,11,0,0,0,0,9,0,5,0,4,0,2,23,0,0,0,0,0,2,0,0,0,4,22,0,0,3,0,2,0,0,0,0,0,0,0,0,2,0,3,1,0,0,0,29,0,0,0,3,0,0,0,0,0,0,0,0,0,1,4,0,0,3,4,0,0,0,0,0,3,0,0,0,0,20,0,0,10,0,3,44,0,0,30,0,0,0,0,0,0,0,10,12,0,0,0,0,4,0,64,137,0,0,0,3,31,0,0,0,0,0,0,0,3,0,0,0,15,0,4,0,4,13,0,0,21,0,0,0,0,0,0,0,0,4,0,0,0,0,0,2,0,0,0,0,2,1,12,0,10,0,0,0,0,0,84,1,0,0,0,2,149,150,1,0,3,6,0,40,2,0,0,0,3,0,5,0,0,0,24,0,0,0,9,0,0,0,1,0,0,0,0,0,0,0,0,27,0,0,0,5,0,0,0,0,0,0,0,0,0,0,0,6,35,0,10,56,0,0,0,2,0,0,410,2,0,0,2,0,0,0,16,0,8,0,0,0,0,3,0,2,4,0,0,3,0,0,0,1,0,0,4,0,2,0,51,10,0,4,2,0,0,0,0,7,0,0,0,0,0,0,0,0,0,38,4,0,0,0,18,4,0,1,0,32,0,12,65,0,15,0,0,48,25,13,0,0,0,4,0,0,0,0,6,1,22,17,19,2,4,36,0,0,0,67,0,5,0,0,0,0,0,0,0,11,0,0,20,1,0,3,0,2,2,0,8,0,38,0,6,0,1,0,0,0,2,1,0,0,0,0,0,14,0,0,5,9,0,0,0,0,0,0,0,0,0,3,0,4,0,0,0,47,0,0,0,87,0,11,0,0,13,1,0,0,25,0,0,0,0,0,0,0,20,0,0,0,5,0,2,0,0,21,0,0,25,0,0,0,0,0,0,0,0,0,4,3,10,0,0,3,0,0,1,3,14,3,2,6,4,0,0,3,194,10,2,1,78,0,31,18,0,0,0,4,7,8,34,0,0,0,0,0,0,3,8,0,0,0,1,0,4,0,0,0,0,0,4,0,0,0,0,0,0,385,0,0,0,0,0,34,11,0,0,0,0,8,0,0,0,0,0,0,2,0,0,2,0,0,0,0,0,11,5,0,0,20,3,2,0,0,0,0,221,0,6,0,29,0,0,3,0,14,0,53,0,12,2,0,0,0,2,21,0,0,8,0,17,0,0,0,0,0,44,0,0,2,0,42,2,6,7,1,2,2,1,0,2,44,42,0,0,5,5,0,3,0,24,0,0,0,51,12,10,0,7,0,0,3,13,0,0,0,0,0,0
"D26",39,0,0,0,0,0,0,366,0,0,0,0,0,0,1,0,0,0,1,0,0,0,0,0,0,0,0,0,0,0,0,0,1,0,0,0,0,0,0,0,0,0,0,0,0,0,111,0,0,0,0,0,0,0,0,0,0,0,0,0,0,0,0,0,21,0,0,2,0,0,0,0,0,0,0,0,0,0,0,0,0,0,0,0,0,12,0,0,0,73,0,0,0,0,0,0,0,0,0,0,0,0,0,0,0,0,0,0,0,9,0,0,0,0,0,0,0,0,0,0,0,2,0,0,0,33,2,0,0,0,0,0,17,6,0,0,0,0,0,9,0,0,0,0,0,0,0,0,1,0,0,0,0,0,531,0,0,0,7,0,0,0,0,8,0,0,0,0,0,0,0,0,0,0,0,0,0,0,0,0,0,0,0,0,0,0,0,0,0,0,0,0,0,0,0,0,504,16,0,504,13,75,0,0,0,0,0,147,0,0,0,0,0,0,0,0,0,0,0,0,0,0,0,0,0,0,0,38,0,0,0,0,0,0,0,0,0,0,0,0,0,0,0,0,0,0,0,9,0,0,150,0,0,33,0,0,0,0,0,0,0,0,0,0,0,0,100,0,3,0,0,0,0,0,0,0,0,0,0,0,0,0,0,0,0,0,0,0,0,0,0,0,0,0,0,81,0,2,0,0,0,0,165,0,0,0,0,0,0,0,0,0,0,0,0,0,0,0,0,0,0,0,0,0,0,0,0,0,0,0,0,0,0,0,25,0,0,0,0,0,0,0,0,0,0,0,0,0,0,0,0,0,48,0,0,5,0,0,0,172,0,1,3,0,0,0,0,0,0,0,0,0,0,0,0,0,0,0,0,0,0,0,0,0,0,0,0,0,116,0,0,0,0,0,0,0,0,1,0,0,0,0,0,7,0,0,0,0,11,0,0,0,0,0,0,0,0,0,0,0,0,19,0,0,0,63,0,0,0,0,0,0,0,0,0,0,0,0,0,0,0,0,8,0,0,0,0,0,0,0,0,0,0,0,0,0,0,0,45,0,0,0,0,0,0,0,0,0,0,0,0,0,0,0,0,0,0,55,0,0,0,0,0,362,2,0,2,0,3,0,0,0,0,0,0,0,0,0,0,79,0,0,0,0,0,4,0,0,0,0,0,0,0,0,0,1,0,0,0,0,3,0,0,0,0,0,0,0,0,0,0,0,23,0,0,0,0,0,3,0,0,0,0,0,0,0,0,1,0,0,0,0,0,0,8,0,0,0,0,0,0,0,0,0,0,0,0,0,0,0,0,0,0,0,0,0,0,0,0,0,97,0,0,0,8,0,0,0,0,0,0,0,0,0,0,0,0,0,2,0,0,0,0,0,0,0,976,0,0,0,0,0,0,0,0,0,0,0,0,0,0,0,0,0,0,0,0,0,19,0,1,0,0,0,0,0,0,0,0,0,0,0,0,0,0,0,0,738,0,0,0,0,0,0,0,0,0,0,16,0,0,115,0,0,0,0,0,0,0,0,0,0,0,16,0,0,0,2,0,0,0,0,0,0,0,0,86,0,0,0,0,0,0,0,0,0,0,0,0,0,0,0,0,0,0,0,0,0,0,0,0,0,0,0,0,395,0,0,0,0,0,0,0,0,0,0,0,0,0,0,64,0,0,0,0,0,1,0,0,0,0,0,0,0,0,0,2,0,0,0,0,0,0,5,43,9,9,0,0,0,0,0,0,0,0,113,0,3,0,0,0,37,0,0,8,3,0,0,0,0,0,0,0,0,11,5,0,0,0,0,0,0,0,0,0,0,0,17,0,0,2,0,0,0,5,0,0,0,0,0,0,0,0,0,0,0,0,0,0,0,0,0,0,0,0,0,0,7,0,0,0,0,0,2,0,0
"D27",0,0,2,0,0,0,0,0,0,0,9,2,0,0,18,0,4,10,7,9,6,3,0,0,12,3,3,0,0,3,0,8,0,0,0,0,16,0,90,0,0,3,0,2,51,0,39,1357,0,0,0,5,3,0,0,0,8,0,69,0,0,6,0,3,0,1,0,26,0,56,0,0,236,3,2,1,0,0,0,2,0,0,97,0,2,23,0,27,0,2,0,0,0,0,0,0,6,137,213,0,0,0,0,2,17,0,0,563,0,0,0,6,2,0,503,87,125,70,4,0,2,14,0,9,0,0,8,9,0,2,0,9,0,18,0,25,0,3,1022,20,3,0,0,0,8,0,0,5,2,0,0,0,6,1,0,0,0,0,0,0,2,2,0,4,0,0,0,0,24,0,0,2057,0,0,0,0,0,3,0,0,0,15,0,0,6,0,8,0,0,144,0,0,0,0,0,28,12,0,0,12,5,0,2,0,0,0,33,17,0,0,2,0,0,603,0,0,0,1,63,2,0,5,0,0,0,0,0,4,0,0,0,0,2,0,0,0,0,0,3,17,0,0,0,0,0,0,309,29,9,332,4,0,4,21,50,0,0,0,0,2,0,0,0,538,162,0,0,0,0,0,0,0,4,8,0,2,12,0,0,0,2,0,78,0,0,0,0,4,0,0,0,0,0,0,11,0,0,2,0,2,0,0,0,0,0,0,0,0,0,8,147,0,0,9,0,1,2,0,0,0,0,69,0,0,21,0,0,0,18,1,14,0,0,7,0,0,0,3,0,0,0,74,7,0,0,0,0,0,0,8,23,0,2,0,0,13,0,9,0,0,0,0,0,2,3,0,3,0,0,0,10,2,5,6,0,3,0,0,2,0,2,0,0,0,0,0,2,0,0,2,2,0,0,0,0,3,123,41,0,4,11,1,0,1,0,0,1,3,0,0,0,28,19,9,0,2,0,0,9,0,0,4,0,4,0,1,0,0,0,6,0,0,0,6,0,0,0,2,0,0,0,2,0,0,0,0,5,0,0,0,17,0,0,0,0,0,0,0,0,0,0,0,2,32,5,4,8,0,0,0,3,0,342,64,0,0,69,11,0,0,0,3,0,21,0,0,0,28,2,0,5,0,0,8,30,0,0,0,0,0,0,4,0,88,0,4,0,0,3,0,0,0,0,0,127,0,0,0,0,0,0,2,0,0,9,0,0,0,0,45,0,0,0,0,31,0,18,10,63,0,0,0,24,13,0,0,0,0,3,0,0,0,0,15,0,1453,54,5,2,1,12,7,1,0,8,0,0,0,2,0,0,0,0,0,10,3,0,4446,2,0,1,0,0,5,2,6,0,18,0,0,0,6,3,1,0,3,2284,0,0,26,427,0,9,0,0,2,25,0,0,0,0,0,0,1,429,0,0,0,2,134,0,2,13,0,0,0,17,100,0,0,0,3,0,0,24,21,0,0,0,0,0,0,0,4,39,0,0,9,0,0,0,1,63,0,0,0,2,0,251,1391,0,0,0,0,0,1584,0,3163,32,0,1,0,0,1,0,7,2,1,2,0,3,0,0,31,11,15,2,13,0,15,9,0,99,0,0,0,32,28,0,0,0,0,0,0,0,6,0,2,253,0,0,12,1,103,0,0,0,2,0,10,0,0,0,0,24,0,0,0,0,4,0,21,0,0,0,74,20,0,9,0,2,0,2,0,0,0,2,115,0,0,0,0,2,0,0,0,26,1312,2,0,0,0,7,1441,2,0,0,10,2,0,3,0,5,0,14,0,6,0,0,0,55,3,59,2,80,0,2,15,0,0,0,2,0,12,0,0,2,0,19,0,4,7,0,0,4,0,0,0,0,4,0,0,11,0,0,1419,0,110,0,0,0,19,0,10,2,32,0,0,6,12,0,24,0,0,0,0
"D28",0,0,0,0,0,0,0,0,0,0,0,0,0,0,160,0,0,0,0,0,0,0,0,0,0,0,0,0,0,0,0,0,0,0,0,0,0,0,1086,0,0,0,0,0,103,0,0,0,0,0,0,0,0,0,0,0,0,0,143,0,0,0,0,0,0,0,0,0,0,0,0,0,0,0,0,0,0,0,0,0,0,0,367,0,0,394,0,0,0,0,0,0,0,0,0,0,0,0,0,0,0,0,0,0,0,0,0,556,0,0,0,0,0,0,0,0,51,0,0,0,0,0,0,0,0,0,0,0,0,0,0,78,0,0,0,0,0,0,366,0,0,0,0,0,0,0,0,0,0,0,0,0,0,0,0,0,0,0,0,0,0,0,0,0,0,0,0,0,0,0,0,787,0,0,0,0,0,0,0,0,0,0,0,0,0,0,122,0,0,511,0,0,0,0,0,0,0,0,0,0,0,0,0,0,0,0,94,0,0,0,0,0,0,0,0,0,0,0,0,0,0,0,0,0,0,0,0,0,0,0,0,0,0,0,0,0,0,0,0,0,0,0,0,0,0,0,0,0,0,0,0,0,0,0,0,0,0,0,0,0,0,0,0,1892,0,0,0,0,0,0,0,0,0,0,0,0,0,0,0,0,0,0,0,0,0,0,0,0,0,0,0,0,0,0,0,0,0,190,0,0,0,0,0,0,0,0,0,0,0,0,0,0,0,275,0,0,0,0,0,0,0,0,0,0,0,0,0,0,0,0,0,0,0,0,0,0,0,0,0,0,0,0,0,0,0,0,0,0,0,0,0,0,0,0,0,0,0,0,0,0,0,0,0,0,0,0,0,0,0,0,0,0,232,30,0,0,0,0,0,0,0,0,0,0,0,0,0,0,0,0,0,0,0,0,0,0,0,53,0,0,0,0,0,0,0,0,0,0,0,0,0,0,0,0,0,0,0,0,3510,0,0,0,0,0,0,0,0,0,0,0,0,0,0,0,0,0,0,0,0,0,0,0,0,0,0,0,0,0,0,0,101,0,0,0,0,0,0,0,0,0,0,0,0,0,0,0,0,0,0,0,0,0,78,0,0,0,0,0,0,0,0,0,0,0,0,0,0,0,0,0,0,0,0,0,299,0,0,0,0,0,0,0,0,0,0,0,0,0,0,0,0,0,0,0,17,0,0,0,0,0,0,0,0,0,0,0,0,0,0,0,0,0,0,0,0,0,0,108,0,0,0,0,115,0,0,0,0,0,0,0,0,0,0,0,0,0,0,349,0,42,0,0,0,0,0,0,0,0,0,0,0,0,0,0,0,0,0,0,0,0,0,0,0,0,0,0,0,0,0,0,0,0,0,0,0,0,347,0,0,0,22,0,0,0,0,0,0,0,0,0,0,0,0,0,535,0,0,0,0,177,0,0,0,0,0,0,0,427,0,0,0,0,0,0,0,0,0,0,0,210,0,0,0,0,0,0,0,0,0,0,0,0,0,0,0,0,0,0,0,206,0,0,0,0,0,191,0,764,0,0,0,0,0,0,0,0,0,0,0,0,0,0,0,0,0,0,0,0,0,0,0,0,298,0,0,0,0,0,0,0,0,0,0,0,0,0,0,0,0,0,0,0,0,385,0,0,0,0,0,0,0,0,0,0,0,0,0,43,0,0,0,0,0,0,0,0,0,0,0,0,0,0,0,0,0,0,0,414,0,0,0,0,0,0,0,0,347,702,0,0,0,0,0,76,0,0,0,0,0,0,0,0,0,0,0,0,0,0,0,0,0,0,215,0,0,0,0,0,0,0,0,0,0,0,0,0,0,0,0,0,0,0,0,0,0,0,0,0,0,0,0,0,0,0,0,2653,0,254,0,0,0,0,0,0,0,0,0,0,0,0,0,0,0,0,0,0
"D29",0,0,0,0,0,0,0,0,0,0,0,0,0,0,0,0,0,0,0,0,0,0,0,0,0,0,0,0,0,0,0,0,0,0,0,0,0,0,0,0,0,0,0,0,0,0,0,0,0,0,0,0,0,0,0,0,0,0,0,0,0,0,0,0,0,0,0,0,0,0,0,0,0,0,0,0,0,0,0,0,0,0,0,0,0,0,0,0,0,0,0,0,0,0,0,0,0,0,0,0,0,0,0,0,0,0,0,0,0,0,0,0,0,0,0,0,0,0,0,0,0,0,0,0,0,0,0,0,0,0,0,0,0,0,0,0,0,0,0,0,0,0,5,0,0,0,0,0,0,0,0,0,0,0,0,0,0,0,0,0,0,0,0,0,0,0,0,0,0,0,0,0,0,0,0,0,0,0,0,0,0,0,0,0,0,0,0,0,0,0,0,0,0,0,0,0,0,0,0,0,0,0,0,0,0,0,0,0,0,0,0,0,0,0,0,0,0,0,0,0,0,0,0,0,0,0,0,0,0,0,0,0,0,0,0,0,0,0,0,0,0,0,0,0,0,0,0,0,0,0,0,0,0,0,0,0,0,0,0,0,0,0,0,0,0,0,0,0,0,0,0,0,0,0,0,0,0,0,0,0,0,0,0,0,0,0,0,0,0,0,0,0,0,0,0,0,0,0,0,0,0,0,0,0,0,0,0,0,0,0,0,0,0,0,103,0,0,0,0,0,0,0,0,0,0,0,0,0,0,0,0,0,18,0,0,0,0,0,0,0,0,0,0,0,0,0,0,0,0,0,0,0,0,0,0,0,0,0,0,0,0,0,0,0,0,0,0,0,0,0,0,0,0,0,0,0,0,0,0,0,0,0,0,0,0,0,0,0,0,0,0,0,0,0,0,0,0,0,0,0,0,0,0,0,0,0,0,0,0,0,0,0,0,0,0,0,0,0,0,0,0,0,0,0,0,0,0,0,0,0,0,0,0,0,0,0,0,0,0,0,0,0,0,0,0,0,0,23,0,0,0,0,0,0,0,0,0,0,0,0,0,0,0,0,0,0,0,0,0,0,0,0,0,0,0,0,0,0,0,0,0,0,0,0,0,0,0,0,0,0,0,0,0,0,0,0,0,0,0,0,0,0,0,0,0,0,0,0,0,0,0,0,0,0,0,0,0,0,0,0,0,0,0,0,0,0,0,0,0,0,0,0,0,0,0,0,0,0,0,0,0,0,0,0,0,0,0,0,0,0,0,0,0,0,0,0,0,0,0,0,0,0,0,0,0,0,0,0,0,0,0,0,0,0,0,0,0,0,0,0,0,0,0,0,0,0,0,0,0,0,0,0,0,0,0,0,0,0,0,0,0,0,0,0,0,0,0,0,0,0,0,0,0,0,0,0,0,0,0,0,0,0,0,0,0,0,0,0,0,0,3,0,0,0,0,0,0,0,0,0,0,0,0,0,0,0,0,0,0,0,0,0,0,0,0,0,0,0,0,0,0,0,0,0,0,0,0,0,0,3,0,0,0,0,0,0,0,0,0,0,0,14,0,0,0,0,0,0,0,0,0,0,0,0,0,0,0,0,0,0,0,0,376,0,0,0,0,0,0,0,0,0,0,0,0,0,0,0,0,0,0,0,0,0,0,0,0,0,0,0,0,0,0,0,0,0,0,0,0,0,0,0,0,0,0,0,0,0,0,0,0,0,0,0,0,0,0,0,0,0,0,0,0,0,0,0,0,0,0,0,0,0,0,0,0,5145,0,0,0,0,0,0,0,0,0,0,0,0,0,0,0,0,0,0,0,0,0,0,0,0,0,0,0,0,0,0,0,0,0,0,0,0,0,0,0,0,0,0,0,0,0,0,0,0,0,0,0,0,0,0,0,0,0,0,0,0
"D30",0,0,0,0,3,0,0,0,0,0,0,0,0,0,0,0,0,0,0,0,0,0,0,0,0,0,0,0,0,0,0,0,0,0,0,0,2,0,0,0,0,0,0,0,0,0,0,0,0,0,0,0,0,0,0,0,0,0,1,0,0,0,0,0,0,0,0,5,0,0,0,0,0,0,0,0,0,0,0,0,0,0,0,0,0,0,0,0,0,4,0,0,0,0,0,0,0,0,0,0,0,0,0,0,0,0,0,0,0,0,0,0,0,0,0,0,0,0,0,0,0,9,0,0,0,0,0,0,0,0,0,0,6,0,0,0,0,0,0,0,0,0,2,0,0,0,0,0,0,2,0,0,0,0,0,0,0,0,0,1,0,0,0,0,0,0,0,0,0,0,0,0,0,0,0,0,0,0,0,0,0,0,0,0,0,0,0,0,0,0,0,0,0,0,0,0,0,0,0,0,0,0,0,0,0,0,0,0,0,0,0,2,0,0,0,0,0,0,0,0,0,0,0,0,0,0,0,0,0,0,0,0,0,0,0,0,0,0,0,0,0,0,0,0,0,0,0,0,0,0,0,0,0,0,0,0,0,0,0,0,0,564,0,0,0,0,0,0,0,0,0,0,0,0,0,0,0,0,2,0,3,0,0,0,0,0,0,0,0,0,0,0,0,0,0,0,0,0,0,0,0,0,0,0,0,0,0,0,0,0,0,0,0,0,10,0,4,0,0,0,0,0,0,0,0,0,0,0,753,0,0,0,0,0,0,0,0,0,0,0,0,0,0,0,0,0,0,0,2,0,0,0,0,0,0,0,0,0,0,0,0,0,0,0,0,0,0,0,0,0,0,0,0,0,0,0,0,0,0,0,0,0,0,0,0,0,0,0,0,0,0,0,0,0,0,0,0,0,0,0,0,0,0,0,0,0,0,0,0,0,0,0,0,0,0,0,0,0,0,0,0,0,0,0,0,0,0,0,0,0,0,0,0,0,0,0,0,0,0,0,0,0,0,0,0,0,0,0,0,0,0,0,0,0,0,0,0,0,0,60,0,0,0,0,0,0,0,0,0,0,0,0,0,0,0,0,0,0,0,0,0,0,0,0,0,0,0,0,0,0,2,0,0,0,0,0,0,0,0,0,0,0,0,0,0,0,0,0,0,0,0,0,0,0,0,0,0,0,0,0,0,0,0,0,0,0,0,0,0,0,0,0,0,0,0,0,0,0,0,0,0,0,0,0,0,0,0,0,0,0,0,0,0,0,0,0,0,0,0,0,0,0,0,0,0,0,0,0,0,0,0,0,0,0,0,0,0,0,0,0,0,0,0,0,0,0,0,0,0,0,0,0,0,0,0,0,0,0,0,0,0,0,0,0,0,0,0,0,0,0,0,0,0,0,0,0,0,0,0,0,0,0,0,0,0,0,0,0,0,0,0,0,0,0,0,0,0,0,0,0,0,0,0,0,0,2,0,0,0,0,0,0,0,0,0,0,0,0,0,0,0,0,0,0,0,0,0,0,0,0,0,0,0,0,0,0,2,0,5,0,0,2,0,0,0,0,0,0,0,2,0,0,0,0,0,0,0,0,0,0,0,0,0,0,0,0,0,0,0,0,0,0,0,0,0,0,0,0,0,0,0,0,0,0,0,0,0,0,0,0,2,0,0,0,0,0,0,0,0,0,0,0,0,0,0,0,0,0,0,0,0,0,0,0,0,0,0,0,0,0,0,3,0,0,0,0,0,0,0,0,0,0,0,0,0,0,0,0,0,0,0,0,0,0,0,0,0,0,0,0,0,0,2,0,0,0,0,27,0,0,0,0,0,0,0,0,0,0,0,0,0,0,0,0,0,0,0,2,0,0,0,0,0,0,0,0,0,0,0,0,0,0,0,0,0,0
"D31",0,0,0,0,0,4,7,0,0,17,0,0,0,0,0,0,0,0,0,0,0,0,0,0,0,0,0,0,0,0,0,0,0,0,0,0,0,0,0,0,0,0,0,0,0,0,1459,0,0,0,0,0,0,0,0,0,0,0,0,0,0,0,0,0,0,0,3,0,0,0,0,2,0,0,0,0,0,0,6,0,0,0,1,0,0,0,10,0,0,0,0,0,0,0,0,0,0,0,0,0,0,0,0,0,0,0,0,0,0,0,0,0,0,0,0,0,0,0,0,0,0,0,0,0,0,0,0,0,0,0,0,0,0,0,0,0,0,0,0,0,0,0,0,0,0,0,0,0,8,0,0,0,0,0,0,0,0,0,0,0,0,0,0,0,0,0,0,0,0,0,0,0,0,0,0,0,0,0,0,0,0,0,0,0,0,13,0,0,0,0,0,0,0,0,0,0,0,0,0,0,0,0,0,0,0,0,0,0,0,0,0,0,0,0,0,0,48,0,0,0,0,0,0,0,0,0,0,0,0,0,0,0,0,0,0,0,0,2,0,0,0,0,0,0,0,0,0,0,0,0,0,0,0,0,0,0,0,0,0,0,0,0,0,0,0,0,0,0,0,0,0,0,0,0,0,0,0,0,0,0,0,0,0,0,0,0,0,0,0,0,0,0,0,0,0,0,0,0,0,0,0,0,0,2,2,0,0,0,0,0,0,0,0,0,0,0,5,0,0,0,0,0,0,0,0,0,0,0,13,0,0,0,1,0,0,0,0,0,0,0,0,0,0,0,0,0,0,0,0,0,0,0,0,0,0,0,0,0,0,0,0,0,0,0,14,0,0,0,0,0,0,0,0,0,0,5,0,0,0,0,0,3,0,0,0,0,0,0,0,0,0,0,0,0,0,0,0,0,8,0,0,0,0,0,0,0,0,0,0,0,0,0,0,0,0,0,0,0,0,0,0,0,0,0,0,0,0,0,0,0,0,0,0,0,0,0,0,0,0,0,0,0,0,0,0,9,0,0,0,0,0,0,0,0,0,0,0,0,0,2046,0,0,0,0,0,0,1398,0,0,0,0,0,0,0,0,0,0,0,0,0,0,0,0,0,0,0,0,0,0,0,0,0,0,0,0,0,0,0,0,0,0,0,0,0,0,0,0,0,0,0,0,0,0,0,0,0,0,0,0,0,0,0,0,0,0,0,0,0,0,0,0,0,0,0,0,0,0,0,0,0,0,0,0,0,0,0,0,0,0,0,0,0,0,0,0,0,0,0,0,0,0,0,0,0,0,0,0,0,0,0,0,0,0,0,0,0,0,0,0,0,0,0,0,0,16,0,0,0,0,0,0,0,0,0,0,0,0,0,0,0,0,0,0,0,0,0,0,0,0,0,0,0,0,0,0,0,0,0,0,0,0,0,0,0,0,0,0,0,0,0,142,0,0,0,0,0,0,0,0,0,0,0,0,0,0,0,0,0,0,0,0,0,0,0,0,0,0,2,0,0,0,0,0,0,0,0,0,10,0,0,0,1,0,0,0,0,0,0,0,0,0,0,0,6989,0,0,0,0,0,0,0,0,0,0,0,0,0,0,0,0,0,0,0,0,0,0,0,0,0,0,0,0,0,0,0,0,0,0,0,0,0,0,2,0,0,0,0,0,0,0,0,0,0,0,0,0,0,0,0,0,0,0,0,0,0,0,0,0,0,0,0,0,0,0,0,0,0,0,0,0,0,0,0,0,0,0,0,0,0,0,0,0,0,0,0,0,0,0,0,0,0,0,0,0,0,0,0,0,0,0,0,0,0,0,0,0,0,0,0,0,0,0,0,0,0,0,0,0,0,0,0,0,0,0,0,0,0,0,0,0,0,0,0,0,0,0,0,0,0,0,0,0,0,0,0,0
"D32",8,26,121,278,449,0,12,4,36,0,0,241,0,6,64,0,0,0,8,24,5,0,11,0,3,10,13,9,7,0,48,0,328,10,34,21,0,0,0,0,334,0,38,4,112,0,169,0,0,4,9,0,4,19,14,38,0,2,0,5,0,7,6,110,198,67,0,44,50,0,38,0,0,337,13,5,0,0,0,0,4,4,0,0,22,112,0,0,0,30,15,0,0,4,0,5,23,0,0,0,150,0,0,307,384,0,0,0,0,11,37,61,16,119,0,0,0,3,10,326,0,1,2,5,32,81,10,18,0,16,0,0,14,0,31,5,0,0,0,0,26,0,0,58,62,321,0,43,0,11,0,2,26,3,19,33,0,0,100,216,228,0,0,18,33,27,34,3,2,0,5,32,25,0,57,72,0,0,0,31,17,0,13,58,8,0,0,27,0,0,21,23,12,0,0,0,50,6,10,23,64,0,17,4,0,79,0,46,58,0,0,0,11,0,3,0,0,1,0,42,0,111,21,69,22,17,76,5,74,3,0,11,5,18,0,0,4,0,49,3,28,88,16,0,50,3,0,0,6,0,558,27,4,0,0,0,0,550,4,3,17,0,0,0,0,0,1,0,35,15,20,14,0,0,0,18,29,12,7,3,9,9,0,0,0,7,31,4,6,43,0,33,0,130,38,3,4,12,22,220,27,51,4,0,0,0,2,41,47,1,0,3,0,14,2,0,1535,123,72,316,29,0,2,5,0,5,28,7,0,0,59,32,3,3,30,13,1314,36,14,44,0,0,265,0,0,0,10,0,0,0,0,0,202,0,33,27,71,22,23,0,2,0,20,1,0,0,40,0,135,5,188,16,7,0,0,29,12,82,4,2,4,86,0,0,62,0,31,0,0,80,70,0,0,0,61,14,0,1231,0,19,50,8,0,0,14,0,5,43,1,0,187,5,0,5,60,32,20,0,576,3,20,0,13,107,98,796,2,10,0,0,436,0,2,63,0,1,2,55,29,0,12,60,0,163,7,0,0,0,0,0,0,543,7,5,30,4,6,0,0,0,7,62,276,2,241,33,1504,8,0,137,44,223,0,7,27,7,0,94,58,0,0,1005,5,24,0,0,20,0,255,0,4,0,0,0,0,4,0,0,0,12,12,3,49,29,0,2,59,0,120,0,0,10,2,0,0,184,0,58,12,0,11,6,0,8,0,410,0,7,13,0,7,0,0,0,28,49,0,1,29,0,49,4,42,16,228,6,37,28,2127,0,39,10,46,9,9,0,0,0,10,2,18,126,182,0,0,5,28,0,89,0,9,0,13,223,61,0,0,0,0,24,103,10,10,0,0,7,62,0,45,209,20,3,2,0,5,0,0,0,30,0,0,6,788,21,0,4,130,0,0,0,0,20,7,92,0,10,15,11,27,0,0,0,3,1,22,0,3,0,77,72,0,0,445,0,0,31,30,40,1,83,0,65,0,8,0,0,180,57,0,18,38,0,0,1,0,19,0,2,194,0,20,0,0,27,0,0,80,0,0,0,18,2,97,0,71,24,19,26,2,86,0,0,5,0,2,0,7,23,2,16,0,21,0,0,0,11,0,664,155,1,0,0,0,9,70,5,186,12,0,6,1,147,12,0,16,2,0,3,0,27,27,30,0,0,0,115,37,0,1,18,280,353,9,123,171,0,10,1,0,0,21,0,5,35,4,31,25,0,10,65,2,17,59,27,0,200,156,0,38,2,10,4,3,0,24,119,5,1641,3,198,8,24,19,0,35,0,6,17,17,8,4,13,273,0,5,4,24,0,1,90,88,18,15,4,0,265,572,1160,3,9,29,0,0,0,8,69,4,100,0,0,76,11,0,23,0,0,40,3,0,9,6,34,3,8,0,807,0,8,27,0,0,4,9,31,0,45
"D33",2,2,15,23,18,3,23,0,15,0,0,27,0,0,1,0,0,2,0,0,0,0,0,0,0,2,2,0,0,5,131,0,7,0,0,0,0,34,0,0,16,0,0,0,0,0,6,0,0,3,0,0,1,0,0,8,0,0,0,0,172,0,3,1,2,5,3,0,91,0,0,0,0,13,0,21,0,0,0,16,0,3,0,0,0,0,10,0,0,0,0,0,0,0,0,0,0,0,0,0,10,0,0,0,13,0,0,0,4,0,0,5,0,0,0,0,0,0,0,8,0,0,0,0,5,11,0,0,0,2,0,0,0,0,7,0,0,0,0,4,0,160,0,0,2,3,0,0,78,6,0,0,0,0,8,0,7,315,0,0,8,2,0,0,0,0,4,0,10,1,5,0,7,0,2,0,0,0,512,52,0,0,0,0,0,0,0,0,7,0,0,4,0,15,4,0,0,9,0,4,12,0,0,0,0,5,0,11,5,0,0,2,0,0,40,0,0,0,0,0,0,1,0,0,6,0,0,0,20,18,7,0,0,3,0,8,1,3,16,0,0,2,2,2,2,0,0,0,0,0,7,3,0,0,0,0,0,2,0,0,0,0,0,0,0,0,0,0,5,3,0,0,0,0,0,2,0,9,0,0,0,0,0,0,0,0,10,0,0,0,0,0,0,10,0,2,1,2,0,79,12,0,2,0,107,0,0,3,0,0,0,0,0,0,2,0,100,16,16,0,0,0,0,0,0,1,0,0,0,0,0,3,3,0,0,0,10,6,4,0,0,0,0,0,0,0,0,0,0,0,0,0,2,4,0,0,13,0,6,0,0,0,5,0,1266,12,0,15,0,0,29,2,0,0,0,0,2,6,2,2,0,8,0,17,0,0,0,0,0,9,2,7,0,1,0,0,0,249,0,0,2,2,2,2,0,0,0,2,0,0,0,0,0,0,0,5,0,0,0,0,2,0,0,0,17,3,0,0,0,0,82,0,0,7,0,2,0,4,0,10,0,0,4,0,0,0,0,0,0,0,0,0,7,2,0,0,0,0,0,0,2,1,7,0,8,0,0,0,0,33,7,0,0,0,0,0,0,0,9,0,21,53,2,0,2,0,9,0,12,0,11,0,0,0,0,2,70,0,0,2,0,0,0,0,0,0,0,0,1,0,1,4,0,1,0,10,35,13,0,5,4,0,0,5,0,40,0,2,0,0,0,0,0,0,0,35,0,0,0,0,14,0,0,0,0,0,0,3,56,76,10,3,8,0,5,0,0,0,2,0,0,0,13,0,0,0,0,2,0,131,0,2,0,1,0,0,34,0,3,0,0,0,0,0,0,0,0,0,9,0,5,0,0,0,0,0,0,0,3,0,0,14,37,0,14,0,0,2,0,0,0,0,22,2,0,0,0,0,0,0,0,0,0,0,5,0,0,0,0,87,102,0,0,0,0,0,4,0,6,0,0,0,0,0,0,0,19,5,0,4,3,0,0,0,0,0,129,0,23,0,0,0,0,0,0,0,0,0,0,0,0,526,16,0,0,0,0,0,0,0,0,0,0,7002,0,0,0,0,0,0,0,0,0,1,0,0,0,61,3,0,3,0,0,12,0,0,5,0,0,0,1,0,24,0,0,0,0,0,0,3,0,3,11,0,0,33,1,0,19,0,3,25,2,0,0,0,0,0,0,0,0,0,40,5,4,24,0,0,0,0,0,0,2,2,0,5,4,0,0,0,0,150,0,0,1,2,4,0,0,7,0,2,0,101,0,0,0,21,1,0,0,0,38,0,6,0,0,0,2,0,7,0,2,0,2,0,42,151,0,0,0,0,1,0,0,6,0,3,0,0,0,7,0,2,97,0,0,0,0,0,41,0,0,0,0,72,0,0,0,0,0,6,0,0,0,2
"D34",0,0,0,0,0,0,0,0,0,0,0,0,0,0,0,0,0,0,0,0,0,0,0,0,0,0,0,0,0,0,0,0,0,0,0,0,0,0,0,0,0,0,0,0,0,0,0,0,0,0,0,0,0,0,0,0,0,0,0,0,0,0,0,0,0,0,0,0,0,0,0,0,0,0,0,0,0,0,10,0,0,0,0,2,0,0,0,0,0,0,0,0,0,0,0,0,0,0,0,0,0,0,0,0,0,0,0,0,0,0,0,0,0,0,0,0,0,0,0,0,0,0,0,0,0,0,0,0,0,0,0,0,0,0,0,0,0,0,0,0,0,0,0,0,0,0,0,0,0,0,0,0,0,0,0,0,0,0,0,0,0,1,0,0,0,0,0,0,0,0,0,0,0,0,0,0,0,0,0,0,0,0,0,0,0,0,0,0,0,0,0,0,0,0,0,0,0,0,0,0,0,0,0,0,0,0,0,0,0,0,0,0,0,0,0,0,0,0,0,0,0,0,0,0,0,0,0,0,0,0,0,0,0,0,0,0,0,0,0,0,0,0,0,0,0,0,0,0,0,0,4,0,0,1407,0,0,0,0,0,0,0,0,0,0,0,0,0,0,0,0,0,0,0,0,0,0,0,0,0,0,0,0,0,0,0,0,0,0,0,0,0,0,0,0,0,0,0,0,0,0,0,0,0,0,0,0,0,0,0,0,0,0,0,0,0,0,0,0,0,0,0,0,0,0,0,0,0,0,0,0,0,0,0,0,0,0,0,0,0,0,0,0,0,0,0,0,0,0,0,0,0,0,0,0,0,0,0,0,0,380,0,0,0,0,0,0,0,2,0,0,0,0,0,0,0,0,0,0,0,0,0,0,0,42560,0,0,0,0,0,0,0,0,0,0,0,0,0,0,0,0,0,0,0,0,0,0,0,0,0,0,0,0,0,0,0,0,0,0,0,0,0,0,0,0,0,0,0,0,0,0,0,0,0,0,0,0,0,0,0,0,0,0,0,0,0,0,0,0,0,0,0,0,0,0,0,0,0,0,0,0,0,0,0,0,0,0,21526,0,0,0,0,0,0,0,0,0,0,144,0,0,0,0,0,0,0,0,0,0,0,0,0,0,0,0,0,0,0,0,0,0,0,0,0,0,0,0,0,0,0,0,0,0,0,0,0,0,0,0,0,0,0,0,0,0,0,0,0,0,0,0,0,0,0,0,0,0,0,0,0,0,0,0,0,0,0,0,0,0,0,0,0,0,0,0,0,0,0,0,0,0,0,0,0,0,0,0,0,0,0,0,0,0,0,0,0,0,0,0,0,0,0,0,0,0,0,0,0,0,0,0,0,0,0,0,0,0,0,0,0,0,0,0,0,0,0,0,0,0,0,0,0,0,0,0,0,0,0,0,0,0,0,0,0,0,0,0,0,0,0,7,0,0,0,0,0,0,0,0,0,0,0,0,0,0,0,0,0,0,0,0,0,0,0,0,0,0,0,0,0,0,0,2,0,0,0,0,0,0,0,0,0,0,0,0,0,0,0,0,0,0,0,0,0,0,0,0,0,0,2,0,0,0,0,0,0,0,0,0,0,0,0,0,0,0,0,0,0,0,0,0,0,0,0,0,0,0,0,0,0,0,0,0,0,0,0,0,0,0,2,0,0,0,0,0,0,0,0,0,0,0,0,0,0,0,0,0,0,0,0,0,0,0,0,0,0,0,0,0,0,0,0,0,0,0,0,0,0,0,0,0,0,0,0,0,0,0,0,0,0,0,0,0,0,0,0,0,0,0,0,0,0,0,0,0,0,0,0,5,0,0,0,0,0,0,0,0,0,0,0,0,0,0,0,0,0,0,0,0,0,0,0,0,0,0,0,0,0,0,0,0,0,0,0,0,0,0
"D35",0,0,0,0,0,0,0,0,0,0,0,0,0,0,0,0,0,0,0,0,0,0,0,0,0,0,0,0,0,0,0,0,0,0,0,0,0,0,0,0,0,0,0,0,0,0,0,1454,0,0,0,0,0,0,0,0,0,0,0,0,0,0,0,0,0,0,0,0,0,0,0,0,0,0,0,0,0,0,0,0,0,0,0,0,0,0,0,0,0,0,0,0,0,0,0,0,0,0,0,0,0,0,0,0,0,0,0,0,0,0,0,0,0,0,0,0,0,0,0,0,0,0,0,0,0,0,0,0,0,0,0,491,0,0,0,0,0,0,0,0,0,0,0,0,0,0,0,0,0,0,0,0,0,0,0,0,0,0,0,0,0,0,0,0,0,0,0,0,0,0,0,0,0,0,0,0,0,0,0,0,0,0,0,0,0,0,0,0,0,472,0,0,0,0,0,0,0,0,0,0,0,0,0,0,0,0,0,0,0,0,0,0,0,0,0,0,0,0,0,0,0,0,0,0,0,0,0,0,0,0,0,0,0,0,0,0,0,0,0,0,0,0,0,0,0,0,0,0,0,0,0,0,0,0,289,0,0,0,0,0,0,0,0,0,0,0,0,0,0,0,0,0,0,0,0,0,0,0,0,0,0,0,330,0,0,0,0,0,0,0,0,0,0,0,0,0,0,0,0,0,0,0,0,0,0,0,0,0,0,0,0,0,0,0,0,0,0,0,0,0,0,0,0,0,0,0,0,0,0,0,0,0,0,0,0,0,0,0,0,0,0,0,0,0,0,0,0,0,0,0,0,0,0,0,0,0,0,0,0,0,0,0,0,0,0,0,0,0,0,0,0,0,0,0,0,0,0,0,0,0,0,0,0,0,0,0,0,0,0,0,0,0,0,0,0,0,0,0,0,0,0,0,0,0,0,0,0,0,0,0,0,0,0,0,0,0,0,0,10064,0,0,0,0,0,0,0,0,0,0,0,0,0,0,0,0,0,0,0,0,0,0,0,0,0,0,0,0,0,0,0,0,0,0,0,0,0,0,0,0,0,0,0,0,0,0,0,0,0,0,0,0,0,0,0,0,0,0,0,0,0,0,0,0,0,0,0,0,0,0,0,0,0,0,0,0,0,0,0,0,0,0,0,0,0,0,0,0,0,0,0,0,0,0,0,447,0,0,0,0,0,0,0,0,0,0,0,0,0,0,0,0,0,0,0,0,0,0,0,0,0,0,0,0,0,0,0,0,0,0,0,0,0,0,0,0,0,0,0,0,0,0,0,0,0,0,0,0,0,0,0,0,0,0,0,0,0,0,0,0,0,0,0,0,0,0,0,0,0,0,0,0,0,0,0,0,0,535,0,0,0,0,0,0,0,0,0,0,0,0,0,0,0,0,0,0,0,0,0,0,0,0,0,0,0,0,0,0,721,0,0,0,0,0,0,1026,0,0,0,0,0,0,0,0,0,0,0,0,0,0,0,0,0,0,0,0,0,0,0,0,0,0,0,0,0,0,522,0,0,0,0,0,0,0,0,0,0,0,0,0,0,0,0,0,0,0,0,0,0,0,0,0,0,0,0,0,0,0,0,0,0,0,0,0,0,0,0,0,0,471,0,0,0,0,0,0,0,0,0,0,0,0,0,0,0,0,0,0,0,0,0,0,0,0,0,0,0,0,0,0,0,0,0,0,0,0,0,0,0,0,0,0,0,0,0,0,0,0,0,0,0,0,0,0,557,0,0,0,0,0,0,0,0,0,0,0,0,0,0,0,0,0,0,0,588,0,0,0,0,0,0,0,0,0,0,0,0,0,0,0,0,0,0,0,0,0,0,0,0,0,0,0,0,0,0,0,0,0,0,0,0,0,0,0,0,0,0,0,0,0,0,0,0,0,0,0,0
"D36",0,0,0,0,0,0,0,0,0,0,0,0,0,0,0,0,0,0,0,0,0,0,0,0,0,0,0,0,0,0,0,0,0,0,0,0,0,1175,0,0,0,0,0,0,0,0,0,0,0,0,0,0,0,0,0,0,0,0,0,0,0,0,0,0,0,0,0,0,0,0,0,0,0,0,0,0,0,0,0,0,0,0,0,0,0,0,0,0,0,0,0,0,0,0,0,0,0,0,0,0,0,0,0,0,0,0,0,0,0,0,0,0,0,0,0,0,0,0,0,0,0,0,0,0,0,0,0,0,0,0,0,0,0,0,0,0,0,0,0,0,0,90,0,0,0,0,0,0,0,0,0,0,0,0,0,0,0,1327,0,0,0,0,0,0,0,0,0,0,0,0,0,0,0,0,0,0,0,0,0,0,0,0,0,0,0,0,0,0,0,0,0,0,0,0,16,0,0,0,0,0,0,0,0,0,0,0,0,0,0,0,0,0,0,0,0,0,0,0,0,0,0,0,0,0,0,0,0,0,0,0,0,0,0,0,0,0,0,0,0,0,0,0,0,0,0,0,0,0,0,0,0,0,0,0,0,0,0,0,0,0,0,0,0,0,0,0,0,0,0,0,0,0,0,0,0,0,0,0,0,0,0,0,0,0,0,0,0,0,0,0,0,0,0,0,0,0,0,0,0,0,0,0,0,0,93,0,0,0,0,0,0,0,0,0,0,0,0,0,0,0,0,0,0,0,0,0,0,0,0,0,0,0,0,0,0,0,0,0,0,0,0,0,0,0,0,0,0,0,0,0,0,0,0,0,0,0,0,0,0,0,0,0,0,0,1089,394,0,0,0,0,0,0,0,0,0,0,0,0,0,0,0,0,0,0,0,0,0,0,0,0,0,0,0,0,0,0,0,0,0,0,0,0,0,0,0,0,0,0,0,0,0,0,0,0,0,0,0,0,0,0,0,0,0,0,0,0,0,0,0,0,0,0,0,0,0,0,0,0,0,894,0,0,0,0,0,0,0,0,0,0,0,0,0,0,0,0,0,0,0,0,0,0,0,0,0,0,0,0,0,0,0,0,0,0,0,0,0,0,0,0,0,0,0,0,0,0,0,0,0,0,0,0,0,0,0,0,89,0,0,0,0,0,0,0,0,0,0,0,0,0,0,0,0,0,0,0,0,0,0,0,0,0,0,0,0,0,0,0,0,0,0,0,0,0,0,0,0,0,0,0,0,0,0,0,0,0,0,0,0,9,0,0,0,0,0,0,0,0,0,0,0,0,0,0,0,0,0,0,0,396,0,0,0,0,0,0,142,0,0,0,0,0,0,0,0,0,0,0,0,0,0,0,0,0,0,0,0,0,0,0,0,0,0,0,0,0,0,0,0,0,0,0,0,0,0,0,0,0,0,0,0,0,0,0,0,0,0,0,0,0,0,0,0,0,0,0,0,0,0,0,0,0,282,0,0,0,0,0,0,0,0,0,0,0,0,0,0,0,0,0,0,0,0,0,0,0,0,0,0,0,0,5,0,0,0,0,0,0,0,0,0,0,0,0,0,0,0,0,0,0,0,0,0,538,0,0,0,0,0,0,0,0,0,0,0,0,0,0,0,0,0,0,0,0,0,0,0,0,0,0,0,0,0,0,0,0,0,0,0,0,0,0,0,0,0,0,0,0,0,0,0,0,0,0,0,0,0,0,0,0,0,0,0,0,0,0,0,0,0,0,0,0,0,0,0,0,0,0,0,0,0,0,0,93,0,0,0,0,0,0,0,0,0,0,0,0,0,0,0,0,0,0,0,0,0,0,0,0,0,0,0,0,0,0,0,0,0,0,0,0,0,0,0,0,2,0,0,0,0,0,0,0,0,0,0,0,0,0,0,0,0,0,0,0,0,0
"D37",0,0,4,0,0,129,2,0,0,6,0,0,2,0,0,0,0,0,0,0,0,0,0,0,0,0,0,0,0,4,3,0,0,0,0,0,0,9,0,70,0,0,0,0,0,3,10,0,0,0,0,0,0,0,0,0,0,0,0,0,0,0,0,0,0,0,0,202,123,0,0,3,0,0,0,0,18,0,31,0,0,0,0,81,0,0,3,0,0,2,0,0,0,0,0,0,0,0,0,0,0,0,0,0,0,0,3,0,0,0,0,0,0,0,0,0,0,0,0,0,0,0,0,0,0,2,0,0,7,0,0,0,0,0,0,0,0,0,0,0,0,32,0,0,2,0,0,0,225,0,24,0,0,0,9,0,3,51,0,3,0,11,0,0,0,0,0,0,0,0,0,0,0,13,0,0,0,0,0,0,0,0,0,0,0,54,0,0,0,0,0,0,0,0,3,0,0,0,0,3,0,0,0,0,21,0,0,0,0,0,0,9,0,0,0,0,0,0,0,0,0,0,0,0,0,0,0,0,0,0,5,0,0,0,0,441,0,1,0,0,0,0,0,0,0,0,0,0,0,0,524,0,0,23,0,0,0,0,0,0,0,0,4,0,0,0,1,11,0,0,0,0,0,0,0,0,0,0,0,0,0,0,0,0,0,0,0,0,0,0,0,0,0,0,0,2,0,0,0,0,0,0,3,0,15,0,0,0,0,0,0,0,0,0,3,0,0,0,0,0,0,0,0,0,0,0,0,0,0,0,0,0,29,0,3,0,0,0,0,1,0,0,0,1,0,0,0,0,8,0,0,0,0,0,0,4,0,0,0,0,0,0,4,0,759,6,0,3011,0,0,0,0,0,0,0,0,0,0,0,0,0,0,0,42,0,0,0,0,4,0,0,0,0,0,0,0,0,3,0,12,0,0,3,20,0,0,6,0,4,0,0,0,0,0,0,0,0,0,12353,0,0,1,0,0,0,10,0,0,7,0,0,0,0,0,0,0,0,0,0,0,0,0,0,0,0,87,0,0,0,5,0,0,0,0,0,0,0,0,8,0,0,0,0,0,0,0,3602,0,0,0,0,0,0,0,0,0,0,55,0,0,2,0,0,25,0,0,0,0,0,0,0,0,8,0,0,0,8,0,0,4,0,0,0,0,5,0,0,0,0,0,0,0,0,0,0,0,13,0,0,0,0,0,0,0,0,0,0,0,0,0,0,4,0,0,0,0,0,0,3,24,0,0,0,0,0,0,0,0,0,15,0,0,0,0,0,0,0,0,0,0,0,0,0,0,0,0,0,98,0,3,0,4,0,0,0,0,82,0,0,0,0,0,0,0,2,0,0,0,0,0,2,0,6,0,0,0,0,0,0,0,0,0,0,0,0,0,7,0,0,0,3,0,0,0,0,0,0,0,0,0,0,0,3,0,0,0,0,0,0,3,383,0,0,0,0,0,0,0,0,0,8,0,54,0,0,54,0,155,4,0,0,0,0,0,0,0,0,3,0,0,0,0,0,0,0,0,0,0,0,300,0,47,0,0,0,0,0,0,0,0,0,0,0,0,0,0,0,0,59,0,0,0,0,0,3,0,0,0,0,0,0,0,0,0,0,0,0,0,0,0,0,0,0,0,0,4,0,0,0,0,0,0,0,0,0,1,0,0,0,0,0,0,0,0,0,0,0,0,10,0,0,0,0,0,6,0,0,0,0,0,0,0,0,0,0,3,0,0,0,0,0,0,0,0,0,0,0,213,0,0,0,0,0,3,0,0,0,0,0,0,0,0,3,0,6,0,0,0,0,0,0,0,0,0,0,0,0,2,0,0,0,0,0,0,0,0,0,0,0,0,0,0,0,0,2,0,0,0,0,0,0,1,0,0,0,0,0,50,1,0,0,0,0,0,0,0
"D38",0,0,0,0,0,0,0,2,0,0,0,0,0,0,0,0,0,0,0,0,0,0,0,0,0,0,0,0,0,0,0,0,0,0,0,0,0,0,0,0,0,0,0,0,0,0,11,0,0,0,0,0,0,0,0,0,0,0,0,0,0,0,0,0,0,0,0,0,0,0,0,0,0,0,0,0,0,0,0,0,0,0,0,0,0,0,0,0,0,0,0,0,0,0,3375,0,0,0,0,0,0,0,0,0,0,0,0,0,0,0,0,0,0,0,0,0,0,0,0,0,0,0,0,0,0,0,0,0,0,0,0,0,0,0,0,0,0,0,0,0,0,0,0,0,0,0,0,0,0,0,0,0,0,0,9,0,0,0,0,0,0,0,0,0,0,0,0,0,0,0,0,0,0,0,0,0,0,0,0,0,0,0,0,0,0,0,0,0,0,0,0,0,0,0,0,0,0,0,0,0,0,0,0,0,0,0,0,0,0,0,0,0,0,0,0,0,0,0,0,0,0,0,0,0,0,0,0,0,0,0,1659,0,0,0,0,0,0,0,0,0,0,0,0,0,0,0,0,0,0,0,159,0,0,0,0,0,0,0,0,0,0,0,0,0,0,0,0,0,0,0,0,0,0,0,0,0,0,0,0,0,0,0,0,0,0,0,0,0,0,0,0,0,0,0,0,6,0,0,0,0,0,0,0,0,0,0,0,0,0,0,0,0,0,0,0,0,0,0,0,0,0,0,0,0,0,0,0,0,0,0,0,0,0,0,0,0,0,0,0,0,0,0,0,0,0,0,0,0,0,0,0,0,0,0,0,0,0,0,0,256,0,0,0,0,0,0,0,0,0,0,0,0,0,0,0,0,0,0,0,0,0,0,0,433,0,0,0,0,0,0,0,0,0,0,0,0,0,0,0,25,0,0,0,5,0,0,0,0,0,0,0,0,0,0,0,0,0,0,0,0,0,0,0,0,0,0,0,0,0,0,0,0,0,0,0,0,0,0,0,0,0,0,0,0,0,0,0,0,0,0,0,0,0,0,0,0,0,0,0,0,0,0,0,0,0,0,0,0,0,0,0,0,0,0,0,0,0,0,0,0,0,0,0,0,0,165,0,0,0,0,0,0,0,0,0,0,0,0,0,0,0,0,0,0,0,0,0,0,0,0,0,0,0,0,0,0,0,0,0,0,0,0,0,0,0,0,0,0,0,0,0,0,0,0,0,0,0,0,0,0,0,0,0,0,0,0,0,0,0,0,0,0,0,0,0,0,0,0,0,0,0,0,0,0,0,0,0,0,0,0,0,0,0,0,0,0,0,0,0,0,0,0,0,0,0,0,0,0,0,0,0,0,0,0,0,0,0,0,0,0,0,0,0,0,0,0,0,0,0,0,0,0,0,0,0,0,0,0,0,0,0,0,0,0,0,0,0,0,0,0,638,0,0,0,0,0,0,0,0,0,200,0,0,0,0,0,0,8,0,0,0,0,0,0,0,0,0,0,0,0,0,0,0,0,0,0,0,0,0,0,0,0,0,3,0,0,0,0,0,0,0,0,0,0,0,0,0,0,0,0,0,0,0,0,0,0,0,0,0,0,0,0,0,0,0,0,0,0,0,0,0,0,0,0,0,0,0,0,0,0,0,0,0,0,0,0,0,258,0,0,0,0,0,0,0,0,0,0,0,0,0,0,0,0,0,0,0,0,0,0,0,0,0,0,0,0,0,0,0,0,0,0,0,0,0,0,0,0,0,0,0,0,0,0,0,0,0,0,0,0,0,0,0,0,9,0,0,0,0,0,0,0,0,0,0,0,0,0,0,0,0,0,0,0,0,0,0,0,0,0,0,0,0,0,0,0,0,0,0,0,0,0,0,0,0,0,0,0,0,0,0,0,0,0,0,0
"D39",0,0,0,0,0,0,0,0,0,0,0,0,0,0,0,0,0,0,0,0,0,0,0,0,0,0,0,0,0,0,0,0,0,0,0,0,0,375,0,0,0,0,0,0,0,0,0,0,0,0,0,0,0,0,0,0,0,0,0,0,0,0,0,0,0,0,0,0,0,0,0,0,0,0,0,0,0,0,0,0,0,0,0,0,0,0,0,0,0,0,0,0,0,0,0,0,0,0,0,0,0,0,0,0,0,0,0,0,0,0,0,0,0,0,0,0,0,0,0,0,0,0,0,0,0,0,0,0,0,0,0,0,0,0,0,0,0,0,0,0,0,918,0,0,0,0,0,0,0,0,0,0,0,0,0,0,0,7859,0,0,0,0,0,0,0,0,0,0,0,0,0,0,0,0,0,0,0,0,86,0,0,0,0,0,0,0,0,0,0,0,0,0,0,0,258,0,0,0,0,0,0,0,0,0,0,0,0,0,0,0,0,0,0,0,0,0,0,0,0,0,0,0,0,0,0,0,0,0,0,0,0,0,0,0,0,0,0,0,0,0,0,0,0,0,0,0,0,0,0,0,0,0,0,0,0,0,0,0,0,0,0,0,0,0,0,0,0,0,0,0,0,0,0,0,0,0,0,0,0,0,0,0,0,0,0,0,0,0,0,0,0,0,0,0,0,0,0,0,0,0,0,0,0,0,919,0,0,0,0,0,0,0,0,0,0,0,0,0,0,0,0,0,0,0,0,0,0,0,0,0,0,0,0,0,0,0,0,0,0,0,0,0,0,0,0,0,0,0,0,0,0,0,0,0,0,0,0,0,0,0,0,0,0,0,2057,48,0,0,0,0,0,0,0,0,0,0,0,0,0,0,0,0,0,0,0,0,0,0,0,0,0,0,0,0,0,0,0,0,0,0,0,0,0,0,0,0,0,0,0,0,0,0,0,0,0,0,0,0,0,0,0,0,0,0,0,0,0,0,0,0,0,0,0,0,0,0,0,0,0,30,0,0,0,0,0,0,0,0,0,0,0,0,0,0,0,0,0,0,0,0,0,0,0,0,0,0,0,0,0,0,0,0,0,0,0,0,0,0,0,0,0,0,0,0,0,0,0,0,0,0,0,0,0,0,0,0,263,0,0,0,0,0,0,0,0,0,0,0,0,0,0,0,0,0,0,0,0,0,0,0,0,0,0,0,0,0,0,0,0,0,0,0,0,0,0,0,0,0,0,0,0,0,0,0,0,0,0,0,0,6,0,0,0,0,0,0,0,0,0,0,0,0,0,0,0,0,0,0,0,2539,0,0,0,0,0,0,85,0,0,0,0,0,0,0,0,0,0,0,0,0,0,0,0,0,0,0,0,0,0,0,0,0,0,0,0,0,0,0,0,0,0,0,0,0,0,0,0,0,0,0,0,0,0,0,0,0,0,0,0,0,0,0,0,0,0,0,0,0,0,0,0,0,360,0,0,0,0,0,0,0,0,0,0,0,0,0,0,0,0,0,0,0,0,0,0,0,0,0,0,0,0,96,0,0,0,0,0,0,0,0,0,0,0,0,0,0,0,0,0,0,0,0,0,62,0,0,0,0,0,0,0,0,0,0,0,0,0,0,0,0,0,0,0,0,0,0,0,0,0,0,0,0,0,0,0,0,0,0,0,0,0,0,0,0,0,0,0,0,0,0,0,0,0,0,0,0,0,0,0,0,0,0,0,0,0,0,0,0,0,0,0,0,0,0,0,0,0,0,0,0,0,0,0,139,0,0,0,0,0,0,0,0,0,0,0,0,0,0,0,0,0,0,0,0,0,0,0,0,0,0,0,0,0,0,0,0,0,0,0,0,0,0,0,0,12,0,0,0,0,0,0,0,0,0,0,0,0,0,0,0,0,0,0,0,0,0
"D40",0,0,0,0,0,0,0,0,0,0,0,0,0,0,0,0,0,0,0,0,0,0,0,0,0,0,0,0,0,0,0,0,0,0,0,0,0,0,0,0,0,0,0,0,0,0,0,0,0,0,0,0,0,0,0,0,0,0,0,0,0,0,0,0,0,0,0,0,0,0,0,0,0,0,0,0,0,0,0,0,0,0,0,0,0,0,0,0,0,0,0,0,0,0,0,0,0,0,0,0,0,0,0,0,0,0,0,0,0,0,0,0,0,0,0,0,0,0,0,0,0,0,0,0,0,0,0,0,0,0,0,0,0,0,0,0,0,0,0,0,0,0,19,0,0,0,0,0,0,0,0,0,0,0,0,0,0,0,0,0,0,0,0,0,0,0,0,0,0,0,0,0,0,0,0,0,0,0,0,0,0,0,0,0,0,0,0,0,0,0,0,0,0,0,0,0,0,0,0,0,0,0,0,0,0,0,0,0,0,0,0,0,0,0,0,0,0,0,0,0,0,0,0,0,0,0,0,0,0,0,0,0,0,0,0,0,0,0,0,0,0,0,0,0,0,0,0,0,0,0,0,0,0,0,0,0,0,0,0,0,0,0,0,0,0,0,0,0,0,0,0,0,0,0,0,0,0,0,0,0,0,0,0,0,0,0,0,0,0,0,0,0,0,0,0,0,0,0,0,0,0,0,0,0,0,0,0,0,0,0,0,0,0,0,60,0,0,0,0,0,0,0,0,0,0,0,0,0,0,0,0,0,0,0,0,0,0,0,0,0,0,0,0,0,0,0,0,0,0,0,0,0,0,0,0,0,0,0,0,0,0,0,0,0,0,0,0,0,0,0,0,0,0,0,0,0,0,0,0,0,0,0,0,0,0,0,0,0,0,0,0,0,0,0,0,0,0,0,0,0,0,0,0,0,0,0,0,0,0,0,0,0,0,0,0,3,0,0,0,0,0,0,0,0,0,0,0,0,0,0,0,0,0,0,0,0,0,0,0,0,0,0,0,0,0,0,0,0,0,0,0,0,0,0,0,0,0,0,0,0,0,0,0,0,0,0,0,0,0,0,0,0,0,0,0,0,0,0,0,0,0,0,0,0,0,0,0,0,0,0,0,0,103,0,0,0,0,0,0,0,0,0,0,0,0,0,0,0,0,0,0,0,0,0,0,0,0,0,0,0,0,0,0,0,0,0,0,0,0,0,0,71,0,0,0,0,0,0,0,0,0,0,0,0,0,0,0,0,0,0,0,0,0,0,0,0,0,0,0,0,0,0,0,0,0,0,0,0,0,0,0,0,0,0,0,0,0,0,0,0,0,0,0,0,0,0,0,0,0,0,0,0,0,0,0,0,0,0,0,0,0,0,0,0,0,0,0,0,0,0,0,0,0,0,0,0,0,0,0,0,0,0,0,0,0,0,0,0,0,0,0,0,0,0,0,0,0,0,0,0,0,0,0,0,0,178,0,0,0,0,0,0,0,0,0,0,0,0,0,0,0,0,0,0,0,0,0,0,0,0,0,0,0,0,0,0,0,0,0,0,0,0,0,0,0,0,0,0,0,0,0,0,0,0,0,0,0,0,0,0,0,0,0,0,0,0,0,0,0,0,0,0,0,0,0,0,0,0,0,0,0,0,0,2,0,0,0,75,0,0,0,0,0,0,0,0,0,0,0,0,0,0,0,0,0,0,0,0,0,0,0,0,0,0,0,0,0,0,0,0,0,0,0,0,0,0,0,0,0,0,0,0,0,0,0,32,0,0,0,0,0,0,0,0,0,0,0,0,0,0,0,0,0,0,0,0,0,0,0,0,0,0,0,0,0,0,0,0,0,0,0,0,0,0,0,0,0,0,0,0,0,0,0,0,0,0,0,0,0,0,0,0,0,0,0,0
"D41",0,0,0,0,0,0,0,0,0,0,0,0,0,0,0,0,0,0,0,0,0,0,0,0,0,0,0,0,0,0,0,0,0,0,0,0,0,0,0,0,0,0,0,0,0,0,0,1150,0,0,0,0,0,0,0,0,0,0,0,0,0,0,0,0,0,0,3,0,0,0,0,0,299,0,0,0,0,0,0,0,0,0,2,0,0,0,3,0,0,0,0,0,0,0,310,0,0,0,0,0,0,0,0,0,0,0,0,0,0,0,0,0,0,0,0,0,0,0,0,0,0,0,0,0,0,0,0,0,0,0,0,349,0,0,0,0,0,0,0,0,0,0,0,0,0,0,0,0,0,0,0,0,0,0,0,0,0,0,0,0,0,0,0,0,0,0,0,0,0,0,0,0,0,0,0,0,0,0,0,0,0,0,0,0,0,0,0,0,0,0,0,0,0,1,0,0,0,0,0,0,0,0,0,0,0,0,0,0,0,0,0,0,0,0,0,0,0,0,0,0,0,0,0,0,0,0,0,0,0,0,0,0,0,0,0,0,0,0,0,0,0,0,0,0,0,0,0,0,0,363,0,0,0,0,0,0,0,0,0,0,0,0,0,1041,0,0,0,0,0,0,0,0,0,0,0,0,0,0,0,0,0,0,0,0,0,0,0,0,0,0,0,0,0,0,0,0,0,0,0,0,0,0,0,0,0,0,0,0,0,0,167,0,0,0,0,0,0,0,0,0,0,0,0,0,0,0,0,0,579,0,0,0,0,0,0,0,0,0,0,0,0,0,0,0,0,0,0,0,0,0,0,0,0,0,0,0,0,0,0,0,0,0,0,0,0,0,0,0,0,0,0,0,0,0,0,0,0,0,0,0,0,0,0,0,0,0,0,0,0,0,0,0,0,0,0,0,182,0,0,0,0,0,0,0,0,0,0,0,0,0,0,0,0,0,0,0,0,0,8663,0,0,0,0,0,0,0,0,0,0,0,0,0,0,0,0,0,0,0,0,0,0,0,0,0,0,0,0,0,0,0,0,0,0,0,0,0,0,0,0,0,0,0,0,0,0,0,0,0,0,0,0,0,445,0,0,0,0,0,0,0,0,0,0,0,0,0,0,0,0,0,0,0,0,0,0,0,0,0,0,0,0,0,0,0,0,0,0,0,0,0,0,0,0,0,0,0,0,0,0,0,0,0,0,0,0,0,0,0,0,0,0,0,0,0,0,0,0,0,0,0,0,0,0,0,0,0,0,0,0,0,0,0,0,0,0,0,0,674,0,0,0,0,0,0,0,0,0,0,0,0,0,0,0,0,0,0,0,0,0,0,0,0,0,0,0,0,0,0,0,0,0,0,0,0,0,0,477,0,0,0,0,0,0,0,0,0,0,0,0,0,20,0,0,0,0,0,0,0,0,155,0,0,0,0,0,0,0,0,0,0,0,0,0,0,0,0,0,0,0,0,0,0,0,0,0,0,0,0,0,0,0,0,0,0,0,0,0,0,0,0,0,0,0,0,0,0,0,0,493,0,0,0,0,0,0,0,0,0,0,0,0,0,0,0,0,0,0,0,0,0,0,0,0,0,0,0,0,0,0,0,0,0,0,0,0,0,0,0,0,0,0,0,0,0,3,0,0,0,0,0,0,0,0,0,0,0,0,0,0,0,0,0,0,0,0,0,0,0,0,0,0,0,0,0,0,0,0,0,0,0,0,0,0,0,0,0,0,299,0,0,0,0,0,0,0,0,0,0,0,0,0,0,0,0,0,0,0,0,0,0,0,0,0,0,0,0,0,0,0,0,0,0,0,0,0,0,0,0,0,0,0,0,0,0,0,0,0,0,0,0,0,0,0,0,0,0,0,0,0,0,0,0,0,0,0,0,0,0,0,0,0,0,0,0,0,0
"D42",0,0,0,0,0,1358,0,9,0,278,0,0,278,0,0,0,2,0,0,0,0,0,0,0,0,0,4,3,0,607,2,0,5,0,2,0,0,3,0,0,0,0,0,0,0,1,62,50,0,0,0,8,4,0,0,0,3,0,0,0,0,0,0,0,0,16,211,9,11,0,0,0,0,0,0,0,0,40,0,1,0,0,0,16,0,0,136,0,0,16,0,0,27,0,640,0,0,0,0,0,0,0,0,0,0,0,0,0,55,23,6,0,0,0,0,982,0,0,0,0,0,2,0,0,0,22,0,0,13,0,0,0,2,0,0,0,0,0,0,0,0,24,10,0,0,0,0,0,366,0,618,0,0,0,14,0,0,10,3,44,0,6,0,0,0,0,0,0,0,0,0,0,0,5,0,0,0,0,32,0,0,0,0,0,0,30,0,0,0,0,6,5,0,43,0,0,0,0,0,3,0,0,0,0,0,0,0,7,0,0,0,36,0,0,0,0,116,0,0,0,0,0,0,0,0,0,0,0,0,0,0,0,0,0,0,375,0,0,2,0,0,0,0,0,0,0,0,0,0,0,15,0,0,10,0,0,0,0,0,0,0,0,655,0,0,4,25,32,0,0,0,0,4,0,0,0,0,0,0,0,0,0,0,0,2,0,0,0,0,0,0,0,0,0,0,15,10,0,0,0,0,0,2,114,2,0,0,0,22,0,0,0,0,0,15,0,4,0,3,0,3,0,0,0,0,0,0,0,0,0,0,0,1401,0,0,0,0,37,0,3,0,0,2,95,0,6,0,0,0,0,0,0,0,0,0,0,0,0,0,405,0,11,0,5,231,0,0,257,0,0,0,0,0,0,0,0,0,0,0,5,0,0,0,18,0,0,0,0,16,2,0,0,0,0,0,0,0,39,404,28,5,0,3,155,0,0,6,0,8,2,0,0,0,5,0,0,0,0,5227,0,3,0,0,38,0,37,0,0,181,0,0,1,0,0,0,0,0,0,0,25,0,0,0,4,3,145,0,8,0,10,0,0,0,0,0,0,5,0,5,0,0,0,0,0,0,0,5877,0,0,0,0,0,0,0,0,0,0,146,0,0,105,0,0,35,0,0,0,0,4,0,0,0,12,0,0,1,0,0,0,9,0,0,0,4,52,0,0,0,0,0,32,0,0,0,7,4,19,2,2,0,0,0,0,0,0,0,0,0,0,4,0,18,27,0,0,0,0,0,0,0,0,0,0,0,3,0,0,3,0,0,0,3,0,26,5,0,0,0,0,0,0,0,0,0,0,0,0,230,0,2,0,0,0,0,0,0,0,0,12,0,4,0,0,0,6,0,0,0,0,0,0,0,4,2,0,0,0,0,0,0,0,0,0,0,0,4,0,0,11,620,14,3,0,0,0,0,0,0,0,0,0,0,3,0,0,0,0,0,0,718,217,0,0,0,1,0,0,0,8,0,0,0,22,0,0,9,0,204,12,0,0,0,0,0,0,0,0,47,6,0,0,34,0,0,0,0,0,0,0,6,0,0,0,24,0,0,9,3,4,0,0,0,0,0,0,0,2,3,9,7,0,0,0,8,17,0,0,0,0,0,0,0,0,2,6,0,0,0,0,0,4,0,2,0,0,0,0,0,9,0,0,0,0,0,0,29,0,15,74,0,4,10,5,0,0,0,0,0,0,0,0,0,0,3,15,2,0,0,0,0,0,0,0,0,15,0,5,0,0,3,0,0,0,0,0,2,0,27,0,0,0,0,0,0,0,0,0,0,0,0,2,0,6,9,74,2,0,0,0,2,0,0,0,0,0,0,0,1278,0,0,0,0,0,0,2,0,0,0,0,0,0,0,0,0,31,0,0,0,2,0,0,1,0,0,0,5,7,2,0,0,0,0,0,0,0,0
"D43",0,0,0,0,0,0,0,0,0,0,0,0,0,0,0,0,0,0,0,0,0,0,0,0,0,0,0,0,0,0,0,0,0,0,0,0,0,0,0,0,0,0,0,0,0,0,0,0,0,0,0,0,0,0,0,0,0,0,0,0,0,0,0,0,0,0,0,0,0,0,0,0,0,0,0,0,0,0,0,0,0,0,0,0,0,0,0,0,0,0,0,0,0,0,0,0,0,0,0,0,0,0,0,0,0,0,0,0,0,0,0,0,0,0,0,0,0,0,0,0,0,0,0,0,0,0,0,0,0,0,0,0,0,0,0,0,0,0,0,0,0,0,0,0,0,0,0,0,0,0,0,0,0,0,0,0,0,0,0,2,0,0,0,0,0,0,0,2,0,0,0,0,0,0,0,0,0,0,0,0,0,0,0,0,0,0,0,0,0,0,0,0,0,0,0,0,0,0,0,0,0,0,0,0,0,0,0,0,0,0,0,0,0,0,0,0,0,0,0,0,0,0,0,0,0,0,0,0,0,0,0,0,0,0,0,0,0,0,0,0,0,0,0,0,0,0,0,0,0,0,0,0,0,0,0,0,0,0,0,0,0,0,0,0,0,0,0,0,0,0,0,0,0,0,0,0,0,0,0,0,0,0,0,0,0,0,0,0,0,0,0,0,0,0,0,0,0,0,0,0,0,0,0,0,0,0,0,0,0,0,0,3,0,0,0,0,0,0,0,0,0,0,0,0,0,0,0,0,0,0,0,0,0,0,0,0,0,0,0,0,5,0,0,0,0,0,0,0,0,0,0,0,0,0,0,0,0,0,0,0,0,0,0,0,0,0,0,113378,0,0,0,0,0,0,0,0,0,0,0,0,0,0,0,0,0,0,0,0,0,0,0,0,0,0,0,0,0,0,0,2,0,0,0,0,0,0,0,0,0,0,0,0,0,0,0,0,0,0,0,0,0,0,0,0,0,0,0,0,0,0,0,0,0,0,0,0,0,0,0,0,0,0,0,0,0,0,0,0,0,0,0,0,0,0,0,0,0,0,0,0,0,0,0,0,0,0,0,0,0,0,0,0,0,0,0,0,0,0,0,0,0,0,0,0,0,47,0,0,0,0,0,0,0,0,0,0,0,0,0,0,0,0,0,0,0,0,0,0,0,0,0,0,0,0,0,0,0,0,0,0,0,0,0,0,0,0,0,0,0,0,0,0,0,0,0,0,0,0,0,0,0,0,0,0,0,0,0,0,0,0,0,0,0,0,0,0,0,0,0,0,0,0,0,0,0,0,0,0,0,0,0,0,0,0,0,0,0,0,0,0,0,0,0,0,0,0,0,0,0,0,0,0,0,0,0,0,0,0,0,0,0,0,0,0,0,0,0,0,0,0,0,0,0,0,0,0,0,0,0,0,0,0,0,0,0,0,0,0,0,0,0,0,0,0,0,0,0,0,0,0,0,0,0,0,0,0,0,2,0,0,0,0,0,0,0,0,0,0,0,0,0,0,0,0,0,0,0,0,0,0,0,0,0,0,0,0,0,0,0,0,0,0,0,0,0,0,0,0,0,0,0,0,0,0,0,0,0,0,0,0,0,0,0,0,0,0,0,0,0,0,0,0,0,0,0,0,0,0,0,0,0,0,0,0,0,0,0,0,0,0,0,0,0,0,0,0,0,0,0,0,0,0,0,0,0,0,0,0,0,0,0,0,0,0,0,0,0,0,0,0,0,2,0,0,0,0,0,0,0,0,0,0,0,0,0,0,0,0,0,0,0,0,0,0,0,0,0,0,0,0,0,0,0,0,0,0,0,5,0,0,0,0,0,0,0,0,0,0,0,0,0,0,0,0,0,0,0,0,0,0,0,0,0,0,0,0,0,0,0,0,0,0,0,0,0,0
"D44",12,3,71,77,660,0,213,208,0,0,0,215,0,3,52,0,0,1,4,0,0,13,0,0,0,166,2,0,5,0,40,0,814,0,5,0,0,0,0,0,0,1,90,4,246,0,122,0,55,0,0,0,6,5,7,21,0,0,0,4,0,4,0,67,75,154,0,0,431,2,0,16,0,66,2,0,0,0,0,16,0,0,0,0,14,277,0,0,0,296,1,0,0,3,0,8,0,0,0,5,206,0,0,0,378,0,0,0,0,4,0,157,20,6,0,0,0,0,0,0,0,0,2,0,12,65,0,2,0,0,1,0,6,44,1,0,0,0,0,25,0,0,0,0,110,143,0,0,0,178,0,0,6,0,13,0,16,0,0,0,44,0,0,17,35,21,0,0,60,46,0,0,11,0,0,0,0,0,0,0,69,0,0,63,0,0,0,0,35,0,0,21,0,0,0,0,0,10,0,88,0,0,6,0,0,3,0,361,11,0,14,0,22,0,12,0,0,0,0,6,0,49,0,63,0,0,31,16,61,2,13,0,0,0,0,0,0,0,68,0,2,0,5,0,0,4,0,0,0,0,118,52,0,6,0,0,0,86,0,38,9,0,0,0,0,0,18,0,7,57,0,28,0,0,9,0,0,25,4,0,0,10,0,0,5,85,1,0,0,0,0,95,0,274,0,12,21,44,2,95,0,4,26,0,0,0,0,7,31,4,0,2,0,40,0,0,0,0,83,161,0,0,0,0,0,13,229,6,0,0,0,42,0,0,6,0,150,80,42,2,0,3,0,0,0,3,7,8,0,0,0,0,529,6,24,8,4,11,0,0,0,0,0,2,0,0,0,11,285,0,496,1,4,0,0,14,92,107,8,0,2,296,0,0,22,0,9,0,0,210,49,0,0,0,6,0,0,3824,0,0,0,0,9,19,65,0,13,14,0,0,352,11,0,0,32,16,0,0,115,0,18,0,2,0,140,164,0,0,0,0,438,4,0,83,12,0,1,61,6,0,0,19,23,48,0,0,0,0,0,0,0,0,0,0,16,0,39,0,0,0,22,0,180,2,111,13,142,0,0,0,3,655,0,0,11,0,0,108,9,0,0,824,0,52,3,24,0,0,102,0,451,0,0,0,0,24,0,0,0,48,0,0,18,0,0,2,0,0,21,0,60,12,0,0,0,154,0,4,0,0,67,19,0,0,2,0,0,0,0,0,0,0,0,0,0,76,0,4,51,0,0,0,3,0,49,0,13,0,2468,0,157,26,17,54,11,0,0,0,0,0,2,20,423,0,0,0,0,0,5,0,0,11,2,116,24,24,0,0,461,0,18,4,0,15,6,18,53,0,52,6,0,0,0,13,0,0,0,0,0,0,0,1,805,0,0,6,38,0,0,0,0,0,33,28,0,0,0,0,0,0,0,11,0,0,0,0,12,0,0,0,0,0,0,0,1,0,40,0,177,159,0,49,0,8,0,0,26,82,0,0,82,0,0,0,0,82,0,8,228,0,0,6,0,0,0,0,52,2,0,0,0,0,98,0,17,10,0,6,0,0,0,0,0,0,8,0,0,4,0,7,0,5,0,0,0,0,0,646,0,3,57,12,0,248,9,0,90,0,0,0,0,38,0,0,0,2,23,0,0,78,0,65,0,0,0,164,0,0,0,55,189,533,84,123,19,0,6,0,0,0,0,0,0,27,3,0,25,0,4,66,0,20,17,0,0,651,577,0,0,7,49,0,7,0,0,65,0,9,1,10,130,19,15,0,0,0,1,202,14,173,0,0,1141,0,18,8,0,0,0,239,3,0,63,4,0,215,298,172,0,7,32,0,0,0,0,28,1,9,0,0,9,4,0,10,0,0,0,0,5,0,41,0,70,0,0,596,0,0,24,0,16,0,0,0,1,0
"D45",0,0,0,0,0,0,0,0,0,0,0,0,0,0,0,0,0,0,0,0,0,0,0,0,0,0,0,0,0,0,0,0,0,0,0,0,0,0,0,0,0,0,0,0,0,0,0,0,0,0,0,0,0,0,0,0,0,0,0,0,0,0,0,0,0,0,0,0,0,0,0,0,0,0,0,0,0,0,0,0,0,0,0,0,0,0,0,0,0,0,0,0,0,0,0,0,0,0,0,0,0,0,0,0,0,0,0,0,0,0,0,0,0,0,0,0,0,0,0,0,0,0,0,0,0,0,0,0,0,0,0,0,0,0,0,0,0,0,0,0,0,0,0,0,0,0,0,0,0,0,0,0,0,0,0,0,0,0,0,0,0,0,0,0,0,0,0,0,0,0,0,0,0,0,0,0,0,0,0,0,0,0,0,0,0,0,0,0,0,0,0,0,0,0,0,0,0,0,0,0,0,0,0,0,0,0,0,0,0,0,0,0,0,0,0,0,0,0,0,0,0,0,0,0,0,0,0,0,0,0,0,0,0,0,0,0,0,0,0,0,0,0,0,0,0,0,0,0,0,0,0,0,0,0,0,0,0,0,0,0,0,0,0,0,0,0,0,0,0,0,0,0,0,0,0,0,0,0,0,0,0,0,0,0,0,0,0,0,0,0,0,0,0,0,0,0,0,0,0,0,0,0,0,0,0,0,0,0,0,0,0,0,0,0,0,0,0,0,0,0,0,0,0,0,0,0,0,0,108,0,0,0,0,0,0,0,0,0,0,0,0,0,0,0,0,0,0,0,0,0,0,0,0,0,0,0,0,0,0,0,0,0,0,0,0,0,0,0,0,0,0,0,0,0,0,0,0,0,0,0,0,0,0,0,0,0,0,0,0,0,0,0,0,0,0,0,0,0,0,0,0,0,0,0,0,0,0,0,0,4,0,0,0,0,0,0,0,0,0,0,0,0,0,0,0,0,0,0,0,0,0,0,0,0,0,0,0,0,0,0,0,0,0,0,0,0,0,0,0,0,0,0,0,0,0,0,0,0,0,2101,0,0,0,0,0,0,26,0,0,0,0,0,0,0,0,0,0,0,0,0,0,0,0,0,0,0,0,0,0,0,0,0,0,0,0,0,0,0,0,0,0,0,0,0,0,0,0,0,0,0,0,0,0,0,0,0,0,0,0,0,0,0,0,0,0,0,0,0,0,0,0,0,0,0,0,0,0,0,0,0,0,0,0,0,0,0,0,0,0,0,0,0,0,0,0,0,0,0,0,0,0,0,0,0,0,0,0,0,0,0,0,0,0,0,0,0,0,0,0,0,0,0,0,0,0,0,0,0,0,0,0,0,0,0,0,0,0,0,0,0,0,0,0,0,0,0,0,0,0,0,0,0,0,0,0,0,0,0,0,0,0,0,0,0,0,0,0,0,0,0,14,0,0,0,0,0,0,0,0,0,0,0,0,0,0,0,0,0,0,0,0,0,0,0,0,0,0,0,0,0,0,0,0,0,0,0,0,0,0,0,0,0,0,0,0,0,0,0,0,0,0,0,0,65,0,0,0,0,0,0,0,0,0,0,0,0,0,0,0,0,0,0,0,0,0,0,0,0,0,0,0,0,0,0,0,0,0,0,0,0,0,0,0,14,0,0,0,0,0,0,0,0,0,0,0,0,0,0,0,0,0,0,0,0,0,0,0,0,0,0,0,0,0,0,0,0,0,0,0,0,0,0,0,0,0,0,0,0,0,0,0,0,0,0,0,0,0,0,0,0,0,0,0,0,0,0,0,0,0,0,0,0,0,0,0,0,0,0,0,0,0,0,0,0,0,0,0,0,0,0,0,0,0,0,0,0,0,0,0,0,0,0,0,0,0,0,0,0,0,0,0,0,0,0,0,0
"D46",0,2,22,0,0,0,0,0,0,0,0,0,0,0,0,0,0,0,0,0,0,4,0,0,0,0,0,12,0,0,11,0,0,0,0,0,0,0,0,0,0,0,0,0,0,0,0,0,0,0,0,0,0,0,0,4,0,32,0,0,0,0,0,0,0,0,0,0,2,0,0,0,0,0,0,0,0,0,0,130,0,0,0,0,0,0,0,0,2,0,0,3,0,0,0,0,0,0,0,0,0,0,0,7,0,0,0,0,0,0,0,0,0,0,0,0,0,0,0,0,0,0,0,0,2,0,0,0,0,0,0,0,0,0,0,0,0,0,0,0,0,0,0,0,0,3,2,0,0,0,0,0,0,0,0,0,0,0,0,0,0,0,41,0,0,10,0,0,0,0,0,0,0,0,2,0,0,0,0,0,0,0,0,2,0,0,0,0,0,0,0,5,0,0,0,0,0,2,0,0,0,0,0,3,0,5,0,0,0,0,0,0,0,0,0,0,0,0,0,0,0,0,0,2,0,0,0,0,3,8,0,0,0,0,0,0,0,0,1,0,5,0,0,0,0,0,0,0,0,0,0,0,0,0,0,0,0,0,0,0,0,0,0,0,0,3,0,0,0,0,0,10,0,0,0,0,0,0,0,4,0,0,0,0,0,0,0,0,0,0,0,0,0,0,0,0,0,0,0,2,16,0,0,0,0,0,0,0,0,0,0,0,0,0,3,0,157,0,0,0,0,0,0,0,0,0,0,0,0,0,0,0,0,0,0,0,2,0,0,0,2,0,0,0,0,7,0,0,0,0,0,0,0,2,7,0,0,0,2,0,5,0,0,0,0,0,3,0,0,0,0,0,0,0,0,0,0,0,0,0,0,26,0,0,0,0,0,0,0,0,0,0,0,0,0,0,0,34,0,0,0,0,0,0,0,0,0,2,0,0,3,0,0,0,0,0,0,0,0,2,0,0,0,0,3,0,0,0,0,0,4,2,0,0,0,8,0,0,0,0,0,0,0,0,0,0,0,0,3,0,0,5,3,0,0,0,0,0,0,342,10,6,4,0,4,0,0,0,3,2,0,0,0,0,0,0,0,0,2,0,0,0,0,0,0,0,0,0,0,0,24,0,0,0,0,0,0,0,11,0,0,0,0,0,0,0,0,0,0,1,0,7,0,5,0,0,5,0,0,0,0,0,0,3,0,2,0,0,3,14,0,0,0,0,0,0,0,0,0,0,13,0,0,0,0,0,0,0,0,0,0,0,0,0,0,0,0,0,0,0,0,0,0,0,0,0,0,0,0,0,0,0,0,0,0,0,0,0,0,0,0,0,0,0,0,0,0,0,9,0,18,0,0,0,0,0,0,0,0,0,0,0,28,0,0,0,0,0,0,0,0,0,0,0,0,0,3,0,0,0,0,0,0,0,0,1,0,0,0,0,0,0,10,2,0,0,0,0,1,0,0,0,0,0,0,0,0,0,0,0,3,0,0,0,0,0,0,0,0,0,0,0,0,0,2,0,0,0,0,0,0,0,0,0,0,0,0,0,0,0,0,0,0,0,0,0,0,0,0,0,0,0,0,0,0,0,0,55,73,0,0,2,0,4,0,0,0,0,0,0,0,0,0,0,0,0,0,0,0,12,0,2,4,0,0,6,0,0,0,0,0,1,0,0,0,0,0,0,0,0,0,7,0,0,0,0,0,0,0,5,0,0,0,0,0,0,2,0,0,0,0,0,0,0,0,0,0,0,0,6,0,0,0,0,0,0,0,0,3,0,0,0,0,0,0,0,0,0,0,0,0,1,77,0,0,0,0,169,0,0,0,0,0,0,0,0,0,3,0,0,0,0,0,0,0,0,7,0,0,0,0,0,0,0,0,11,0,0,0,0,1,0,0,0,0,0
"D47",0,6,0,0,0,400,0,5,0,716,1,0,76,0,0,0,14,0,0,0,0,0,0,0,0,0,0,0,0,46,0,0,0,0,11,0,0,84,0,0,0,0,0,0,0,0,51,0,0,0,11,10,0,0,0,0,0,0,0,0,188,0,0,0,0,0,492,0,0,0,9,0,0,0,0,0,0,0,0,0,0,0,0,0,0,0,374,0,0,5,0,0,0,0,329,0,0,0,0,0,0,0,0,0,0,0,0,0,9,0,0,0,0,0,0,6,0,0,0,0,0,0,0,0,0,0,0,0,0,0,0,0,0,0,0,0,0,0,0,0,0,576,0,0,0,0,0,0,8186,0,600,0,0,0,2,0,0,454,0,0,0,7,0,0,0,0,0,0,0,0,0,0,0,547,0,15,0,0,435,0,0,0,0,0,0,2616,0,0,0,0,0,0,0,412,57,0,0,0,0,0,0,0,0,0,0,0,0,0,0,0,0,0,0,0,0,0,215,0,0,0,0,0,0,0,0,0,0,0,0,0,0,0,0,0,0,1625,0,0,0,0,0,0,0,7,13,0,0,0,0,0,6,0,0,0,0,0,0,0,0,0,0,0,1794,0,0,0,1,52,0,0,0,0,0,0,0,0,0,0,0,0,0,0,0,0,0,0,0,0,0,0,8,0,17,0,0,0,0,0,0,0,0,0,0,3639,127,0,0,0,0,0,0,0,0,0,42,0,12,0,0,0,0,0,0,0,0,0,0,0,0,0,0,0,1392,0,0,0,11,0,0,0,0,0,0,37,0,0,0,0,0,0,0,0,0,0,13,0,0,0,0,0,0,0,0,0,4586,0,0,129,0,0,0,0,0,0,0,0,0,0,0,0,0,0,0,15,0,0,0,0,155,0,0,0,0,0,0,0,0,15,326,19,0,0,7,6,0,259,19,0,0,0,0,17,0,0,0,0,0,0,712,0,0,0,0,0,0,0,0,32,127,0,0,0,0,13,0,0,0,0,0,115,0,0,0,0,0,155,0,0,0,0,0,0,0,0,0,0,0,0,0,0,0,0,0,0,0,0,2195,0,0,0,0,0,0,0,0,11,0,0,5,0,0,0,0,0,0,0,0,0,0,0,0,0,27,0,0,0,193,0,0,0,0,0,0,0,0,0,0,1096,0,0,0,0,0,0,0,0,5,0,0,0,0,0,0,0,0,0,0,0,0,0,10,324,5,0,0,0,0,0,0,117,22,0,0,0,0,0,0,0,0,301,0,0,0,9,0,0,0,0,0,0,0,0,0,0,0,0,0,182,0,78,0,0,0,0,0,0,231,0,0,0,0,0,0,0,0,0,0,0,16,0,13,0,0,0,0,0,0,0,0,0,0,0,0,0,0,0,0,0,0,0,0,0,0,0,0,0,0,0,0,0,0,0,0,0,0,0,0,0,34,392,55,0,0,0,0,0,0,11,0,0,0,0,196,0,0,0,0,8,0,0,0,0,0,0,0,0,0,3,0,0,0,2,0,0,0,0,0,0,0,311,0,144,0,26,0,0,0,0,0,0,0,0,0,2,0,0,0,0,15,0,0,0,0,48,17,0,0,11,0,0,0,0,3,6,138,0,0,0,0,0,0,0,0,0,0,0,0,0,0,0,0,0,2,0,0,11,0,126,31,0,0,10,0,0,0,0,0,0,0,0,0,0,0,0,0,0,0,0,0,0,0,0,0,0,0,0,0,0,0,0,0,0,0,0,4,27,0,39,0,0,0,0,0,64,0,0,0,0,0,0,0,0,4,171,16,0,0,0,0,0,0,0,0,0,0,0,0,0,0,0,0,0,0,0,0,0,0,0,0,0,0,0,0,13,140,12,0,0,0,0,0,0,0,0,0,0,0,0,0,0,0,0,0,1499,0,0
"D48",0,0,0,0,0,0,0,0,0,4,0,0,0,0,12,0,0,0,0,0,0,0,0,0,0,0,0,0,0,0,0,0,0,0,0,2,0,0,64,0,0,0,0,0,0,0,0,6,0,0,0,0,0,0,0,0,0,0,30,0,0,0,0,0,0,0,0,0,0,0,0,0,11,0,0,0,0,0,0,0,0,0,0,0,0,2,0,0,0,0,0,0,9,0,0,0,366,101,15,0,0,0,0,0,0,0,0,0,1,0,0,0,0,0,43,44,0,8,0,0,0,157,0,0,0,0,0,0,0,0,0,21,0,0,0,0,0,0,14,0,0,0,0,0,0,97,0,0,3,0,0,0,0,0,0,0,0,0,2,0,0,0,0,0,0,0,0,0,0,0,0,102,0,0,0,0,0,0,0,0,0,0,0,0,0,0,0,0,0,15,0,0,0,0,0,0,0,0,0,0,0,0,0,0,0,0,3,0,0,0,0,0,0,0,0,0,2,0,0,0,0,0,0,0,0,0,0,0,0,0,0,0,0,0,0,2,0,0,0,0,0,0,0,0,0,0,1232,3,9,0,0,0,2,0,2,0,0,0,0,6,0,12,0,23,45,0,0,0,0,0,0,0,0,0,0,0,0,0,0,0,0,0,26,0,0,0,0,0,0,0,0,0,0,0,0,0,0,0,0,0,0,0,0,0,0,0,0,0,0,0,17,0,0,0,0,0,0,0,0,0,0,319,0,0,0,0,0,0,163,0,2,0,0,0,0,0,0,0,0,0,0,0,6,0,0,0,0,0,0,9,0,0,0,0,0,14,0,0,0,0,0,0,0,0,0,0,0,0,0,0,0,0,0,11,0,0,0,0,0,0,0,0,0,0,0,258,0,0,0,0,0,0,0,0,0,0,11,0,0,0,0,0,0,0,0,0,2,0,0,0,0,0,0,0,0,0,0,0,0,0,0,0,0,0,0,0,0,0,0,0,0,0,0,0,0,0,0,0,0,0,0,0,0,0,0,0,0,0,0,0,0,0,0,0,0,0,0,0,0,0,0,0,0,0,0,0,0,0,0,0,0,0,36,0,0,0,0,2,0,0,0,0,0,0,0,0,0,70,0,0,0,0,0,4,9,0,0,0,0,0,0,10,0,7,0,24,0,0,0,0,0,0,0,0,274,0,0,0,0,0,0,0,0,0,0,0,0,0,0,0,0,0,0,0,0,0,0,0,0,0,0,0,0,0,0,0,0,0,0,0,0,0,0,0,0,33,4,2,0,24,0,0,0,0,0,12,0,0,0,0,0,0,0,0,0,0,0,0,0,0,0,0,0,0,1,0,0,0,0,0,0,0,0,0,0,6,8,0,0,0,10,0,0,0,0,0,0,0,0,0,0,0,0,0,56,0,0,0,0,0,0,0,0,0,0,0,0,0,0,0,2,12,0,0,0,0,0,0,0,0,0,0,0,0,85,0,0,0,0,0,0,0,0,0,0,0,0,0,60,6,0,1,0,0,0,23,0,15,4,0,0,0,0,0,0,0,0,0,0,0,4,0,0,2,0,3,0,0,0,0,78,0,6,0,2,0,0,0,0,0,0,0,0,0,0,1,0,0,11,0,0,0,0,0,0,0,0,0,0,0,0,0,0,0,0,0,0,0,0,0,0,0,0,0,0,0,0,0,0,0,0,0,0,0,0,0,0,19,0,0,0,0,0,0,0,0,0,28,0,0,0,0,0,0,0,0,0,2,0,0,0,0,0,0,0,2,0,0,0,0,0,0,0,0,0,0,0,0,0,0,0,0,0,0,0,0,0,0,0,0,0,0,0,0,0,0,0,0,0,0,0,0,0,0,0,49,0,1,0,0,0,0,0,0,0,0,0,0,605,0,0,0,0,1,0,0
"D49",0,0,0,0,0,0,0,0,0,0,0,0,0,0,0,0,0,0,0,0,0,0,0,0,0,0,0,0,0,0,0,0,0,0,0,0,0,0,0,0,0,0,0,0,0,0,0,0,0,0,0,0,0,0,0,0,0,0,0,0,0,0,0,0,0,0,0,0,0,0,0,0,0,0,0,0,0,0,0,0,0,0,0,0,0,0,0,0,0,0,0,0,0,0,0,0,0,0,0,0,1,2,0,0,0,0,0,0,0,0,0,0,0,0,0,0,0,0,0,0,0,0,0,0,0,0,0,0,0,0,0,0,0,0,0,0,0,0,0,0,0,0,0,0,0,0,0,0,0,0,0,0,0,0,0,0,0,0,0,0,0,0,0,0,0,0,0,0,0,0,0,0,0,0,0,0,0,0,0,0,0,0,0,0,0,0,0,0,0,0,0,0,0,0,0,0,0,0,0,0,0,0,0,0,0,0,0,0,0,0,0,0,0,0,0,0,0,0,0,0,0,0,0,0,0,0,0,0,0,0,0,0,0,0,0,0,0,0,0,0,0,0,0,0,0,0,0,0,0,0,0,0,0,0,0,0,0,0,0,0,0,1,0,0,0,0,0,0,0,0,0,0,0,0,0,0,0,0,0,0,0,0,0,0,0,0,0,0,0,0,0,0,0,0,0,0,0,0,0,0,0,0,0,0,0,0,0,0,0,0,0,0,0,0,0,0,0,0,0,0,0,0,0,0,0,0,0,0,8,0,0,0,0,0,0,0,0,0,0,0,0,0,0,0,0,0,0,0,0,0,0,0,0,0,0,0,0,0,0,0,0,0,0,0,0,0,0,0,0,0,0,0,0,0,0,0,0,0,0,2,0,0,0,0,0,0,0,0,0,0,0,0,0,0,0,0,0,0,0,0,0,0,0,0,0,0,4,0,0,0,0,0,0,0,0,0,0,0,0,0,0,0,0,0,0,0,0,0,0,0,0,0,0,0,0,0,0,0,0,0,0,0,0,0,0,0,0,2,0,0,0,0,0,0,0,0,0,0,0,0,0,0,0,0,0,0,0,0,0,0,0,0,0,7,0,0,0,0,0,0,0,0,0,0,0,0,0,0,0,0,0,0,0,0,0,0,0,0,0,0,0,0,0,0,0,0,0,0,0,0,0,0,0,0,0,0,0,0,0,0,0,0,0,0,0,0,0,0,0,0,0,0,0,0,0,0,0,0,0,0,0,0,0,0,0,0,0,0,0,0,0,0,0,0,0,0,0,0,0,0,0,0,0,0,0,0,0,0,0,0,0,0,0,0,0,0,0,0,0,0,0,0,0,0,0,0,0,0,0,0,0,0,0,0,0,0,0,0,0,0,0,0,0,0,0,0,0,0,0,0,0,0,0,0,0,0,0,0,0,0,0,0,0,0,0,0,0,0,0,0,0,0,0,0,0,0,0,0,0,0,0,0,0,0,0,0,0,0,0,0,0,0,0,0,0,0,0,0,0,0,0,0,0,0,0,0,0,0,0,0,0,0,0,0,0,0,0,0,0,0,0,0,0,0,0,0,0,0,0,0,0,0,0,0,0,0,0,0,0,0,0,0,0,0,0,0,0,0,0,0,0,0,0,0,0,0,0,0,0,0,0,0,0,0,0,0,0,0,0,0,0,0,0,0,0,0,0,0,0,0,0,0,0,0,0,0,0,0,0,0,0,0,0,0,0,0,0,0,0,0,0,0,0,0,0,0,0,0,0,0,0,0,0,0,0,0,0,0,0,0,0,0,0,0,0,0,0,0,0,0,0,0,0,0,0,0,0,8,0,0,0,0,0,0,0,0,0,0,0,0,0,0,0,0,0,0,0,0,0,0,0,0,0,0,0,0,0,0,0,0,0,0,0,0,0,0
"D50",0,0,0,0,0,0,0,0,0,0,0,0,0,0,0,0,0,0,0,0,0,0,0,0,0,0,0,0,0,3,0,0,0,0,0,0,0,0,0,0,0,0,0,0,0,0,0,4,0,0,0,59,0,0,0,0,0,0,0,0,0,0,0,0,0,0,9,0,0,0,0,0,0,0,0,0,0,0,0,0,0,0,0,0,0,0,0,0,0,0,0,0,0,0,0,0,0,0,0,0,0,0,0,0,0,0,0,0,0,0,0,0,0,0,0,0,0,0,0,0,0,0,0,0,0,0,0,0,0,0,0,0,0,0,0,0,0,0,0,0,0,0,0,0,0,0,0,0,3,0,0,0,0,0,0,0,0,5,0,0,0,0,0,0,0,0,0,0,0,0,0,0,0,0,0,0,0,0,0,0,0,0,0,0,0,0,0,0,0,0,0,0,0,2,0,0,0,0,0,0,0,0,0,0,0,0,0,0,0,0,0,2,0,0,0,0,0,0,0,0,0,0,0,0,0,0,0,0,0,0,1,0,0,0,0,0,0,0,0,0,0,0,0,0,0,0,0,0,0,0,2,0,0,0,0,0,0,4,0,0,0,0,0,0,0,0,4,0,0,0,0,0,0,0,0,0,0,0,0,0,0,0,0,0,0,0,0,0,0,0,0,0,0,0,0,0,0,0,0,0,0,0,0,0,0,0,0,0,0,0,0,0,0,0,0,0,0,0,0,7,0,0,0,0,0,0,0,0,0,0,0,0,14,0,4,0,0,0,0,0,2,0,0,0,0,0,0,0,0,0,0,0,0,0,0,0,0,0,0,0,0,0,0,0,0,0,0,0,0,0,0,0,0,0,0,0,0,0,0,0,0,0,0,0,0,0,0,0,12,0,0,0,0,0,0,0,0,0,0,0,0,0,2,2,0,14,0,0,0,0,0,0,0,0,0,0,0,0,0,0,0,0,0,0,0,5,0,0,3,0,0,0,0,0,0,0,0,0,0,0,0,0,0,0,0,0,0,0,0,0,0,0,0,0,0,0,0,0,0,59,0,0,0,0,0,0,0,0,0,0,0,0,0,0,0,0,0,0,0,0,0,0,0,0,0,0,0,0,0,0,0,0,0,0,0,0,0,0,0,0,0,0,0,0,0,0,0,0,0,0,0,0,0,0,0,0,2,0,0,0,0,0,0,0,0,0,0,0,0,0,0,0,0,0,0,0,0,0,0,0,0,0,0,0,0,0,0,0,0,0,0,0,0,0,0,0,0,0,0,0,0,0,0,0,0,0,0,0,0,0,0,0,0,0,0,0,0,0,0,0,0,0,0,0,0,0,0,0,0,0,0,0,0,0,0,0,0,0,0,0,0,0,0,0,0,0,0,0,0,0,0,0,5,0,0,0,0,0,0,0,0,0,0,0,0,0,0,0,0,0,0,0,0,0,0,0,0,0,0,0,0,0,0,0,0,0,0,1,0,0,0,0,0,0,0,0,0,0,0,0,0,0,0,0,0,0,0,0,0,0,0,0,0,6,0,0,0,0,46,0,0,0,0,0,0,0,0,0,0,0,0,0,0,0,0,0,0,0,0,0,0,0,0,0,0,0,0,0,0,0,0,0,0,0,0,0,0,0,0,0,0,0,0,65,0,0,0,0,0,0,0,0,0,0,0,0,0,0,0,0,0,0,0,0,0,0,0,0,0,0,0,0,0,0,0,0,0,0,0,0,0,0,0,0,2,0,0,0,0,0,0,0,0,0,0,0,2,0,0,0,0,0,0,0,0,0,0,0,0,0,0,0,0,0,0,0,0,0,0,0,0,0,0,0,0,0,0,0,0,0,0,0,0,0,0,0,0,0,0,0,0,0,0,0,0,0,0,0,0,0,0,0,0,0,0,0
"D51",0,0,0,0,0,0,0,0,0,0,0,0,0,3,0,0,0,0,0,0,0,0,0,0,0,0,0,0,0,0,0,0,0,0,0,0,0,0,0,0,0,0,0,0,0,0,0,0,0,0,0,0,0,0,0,0,0,0,0,0,0,0,0,0,0,0,0,0,0,0,0,0,0,0,0,0,0,0,0,0,0,0,0,0,0,0,0,0,0,0,0,0,0,0,0,0,0,0,0,0,0,0,0,0,0,0,0,0,0,0,0,0,0,0,0,0,0,0,0,0,0,0,0,0,0,0,0,0,0,0,0,0,0,0,0,0,0,0,3,0,0,0,0,0,0,0,0,0,0,0,0,0,0,0,0,0,0,0,0,0,0,0,0,0,0,0,0,0,0,0,0,0,0,0,0,0,0,0,0,0,0,0,0,0,0,0,0,0,0,4,0,0,0,0,0,0,0,0,0,0,0,0,0,0,0,0,0,0,0,0,0,0,0,0,0,0,0,0,0,0,0,0,0,0,0,0,0,0,0,0,0,0,0,0,0,0,0,5,0,0,3,0,0,0,0,0,0,0,0,0,0,0,0,0,0,0,0,0,0,0,0,0,0,0,0,0,0,0,0,0,0,0,0,0,0,0,0,0,0,0,0,0,0,0,0,0,0,0,0,0,0,0,0,0,0,0,0,0,0,0,0,0,0,0,0,0,0,0,0,0,0,0,0,0,0,0,0,0,0,0,0,0,0,0,0,0,0,0,0,0,0,0,0,0,0,0,0,0,0,0,7,0,0,0,0,0,0,0,0,0,0,0,0,0,0,0,0,0,0,0,0,0,0,0,0,0,0,0,0,0,0,0,0,0,0,0,0,0,0,0,0,0,0,0,0,0,0,0,0,0,0,0,0,0,0,0,0,0,0,0,0,0,0,0,0,0,0,0,0,0,0,0,0,0,0,0,0,0,0,0,0,0,0,0,0,0,0,0,0,0,0,0,0,0,0,0,0,0,0,0,0,0,0,0,0,0,0,0,0,0,0,0,0,0,0,0,0,0,0,11,0,0,0,0,0,0,0,0,0,0,0,0,0,0,0,0,0,0,0,0,0,0,0,0,0,0,0,0,0,0,0,0,0,0,0,0,0,0,0,0,0,0,0,0,0,0,0,0,0,0,0,0,0,0,0,0,0,0,0,0,0,0,0,0,0,0,0,0,0,0,0,0,0,0,0,0,0,0,0,0,0,0,0,0,0,0,0,0,0,0,0,0,0,0,0,0,0,0,0,0,0,0,0,0,0,0,0,0,0,0,0,0,0,0,0,0,0,0,0,0,0,0,0,0,0,0,0,0,0,0,0,0,0,0,0,0,0,0,0,0,0,0,0,0,0,0,0,0,0,0,0,0,0,0,0,0,0,0,0,0,0,0,0,0,0,0,0,4,0,0,0,0,0,0,0,0,0,0,0,0,0,0,0,0,0,0,0,0,0,0,0,0,0,0,0,0,0,0,0,0,0,0,0,0,0,0,0,0,0,0,0,0,0,0,0,0,0,0,0,0,0,0,0,0,0,0,0,0,0,0,0,0,0,0,0,0,0,0,0,0,0,0,0,0,0,0,0,0,0,0,0,0,0,0,0,0,0,0,0,0,0,0,0,0,0,0,0,0,0,0,0,0,0,0,0,0,0,0,0,0,0,0,0,0,0,0,0,0,0,0,0,0,0,0,0,0,0,0,0,0,0,0,0,0,0,0,0,0,0,0,0,0,0,0,0,0,0,0,0,0,0,0,0,0,0,0,0,0,0,0,0,0,0,0,0,0,0,0,0,0,0,0,0,0,0,0,0,0,0,0,0,0,0,0,0,2,0,0,0,0,0,0,0,0,0,0,0,0,0,0,0,0,0,0,0,0
"D52",0,5,9,0,0,0,0,3,0,0,0,0,0,0,0,29,51,0,9,0,10,50,0,27,0,3,0,123,5,6,73,0,177,9,5,26,0,0,0,12,68,0,145,0,66,0,32,0,19,6,0,0,25,4,12,68,0,498,10,53,0,0,4,1,0,11,0,28,12,0,24,3,0,0,0,15,5,0,3,259,155,4,0,0,0,9,0,0,152,4,1,19,0,0,0,7,0,0,0,2,89,0,0,4,8,1,0,0,0,0,2,214,2,0,0,0,0,0,0,12,0,0,3,0,9,0,4,4,2,8,0,0,0,0,3,4,5,0,0,0,19,0,0,0,0,99,0,11,0,1,0,10,20,0,0,22,0,0,0,3,0,0,51,10,7,44,121,1,0,9,45,6,21,0,19,262,10,0,0,1,0,0,0,63,2,0,0,0,0,0,0,3,11,0,0,0,3,6,5,0,29,27,0,13,0,5,0,12,47,32,7,0,11,0,0,41,0,0,0,0,0,95,2,119,179,16,24,0,20,32,0,0,2,28,27,0,1,0,8,119,24,0,0,0,13,30,0,0,0,0,20,0,14,0,0,8,6,24,18,6,5,0,0,0,0,17,0,0,2,0,21,6,0,0,4,11,5,0,0,6,27,7,0,0,0,11,76,9,4,44,149,1,0,9,13,0,5,0,3,0,38,0,0,0,0,14,0,11,0,0,0,0,0,0,0,0,9519,13,0,127,22,0,0,0,0,1,1,0,0,0,1,0,0,24,7,0,299,9,2,11,0,0,0,0,0,9,7,33,0,0,0,0,6,1,8,3,0,2,3,0,49,0,10,30,0,0,69,0,11,0,10,62,0,0,23,27,1,5,8,4,3,53,17,19,0,9,39,55,0,55,61,3,0,1,45,0,0,237,0,0,8,0,2,2,0,0,3,16,0,0,29,137,0,0,3,21,234,9,6,18,12,0,9,22,59,93,110,3,0,0,0,0,3,25,1,7,0,10,0,0,1,12,0,5,5,0,0,0,361,0,0,408,13,4,63,7,2,6,0,0,11,0,0,9,31,0,56,1,9,43,0,153,0,2,0,2,0,12,100,25,0,22,5,11,3,8,11,0,55,83,64,4,0,0,0,2,0,1,26,4,2,0,0,0,0,0,59,4,2,2,0,16,5,1,0,3,5,0,11,0,0,0,3,21,0,245,0,0,56,24,54,0,0,96,0,0,0,0,0,0,162,43,14,2,14,0,0,7,0,0,5,0,0,0,2,0,0,0,0,0,4,19,0,3,0,0,22,0,20,0,0,0,2,22,0,0,0,0,0,6,2,2,0,12,0,4,19,0,16,3,333,0,0,11,1,0,0,22,7,0,0,2,2,4,3,25,5,10,0,0,0,5,0,21,0,28,92,12,70,0,2,4,0,3,80,0,5,0,0,44,0,0,1042,3,0,0,6,32,0,20,2,42,0,29,0,0,26,42,0,4,9,7,0,1,65,0,0,0,61,0,63,4,33,15,23,0,3,0,0,0,9,0,36,0,14,6,0,3,9,79,0,0,0,0,0,0,0,0,954,6,0,63,0,0,4,16,0,1382,2190,17,1,5,0,23,26,10,3,17,0,108,0,64,37,0,15,0,15,2,0,37,6,39,30,0,0,47,188,0,0,15,30,46,10,99,14,0,3,9,0,54,1,5,10,0,0,9,0,0,7,1,12,0,8,0,0,0,46,0,12,0,24,28,2,0,0,0,0,4,0,130,4,0,114,0,0,0,4,1,22,2,0,2,67,0,0,0,5,0,5,0,5,10,84,0,0,0,0,59,2,11,0,0,0,0,0,8,0,1,0,0,0,1,0,9,0,0,15,0,8,25,0,0,0,0,17,619,26,5,0,9,20,0,2,11,0,0
"D53",36,31,158,636,377,0,78,38,54,0,0,377,0,12,67,0,0,0,5,16,1,0,13,0,0,24,17,0,0,0,609,0,144,7,19,0,0,0,0,0,222,0,65,10,76,0,202,17,90,5,5,0,54,7,0,59,0,0,0,4,0,23,24,60,226,73,0,841,117,0,8,0,0,495,9,93,5,0,0,38,19,6,0,0,23,92,0,0,0,24,3,6,0,7,0,10,6,0,0,2,111,0,0,5,285,0,8,0,0,4,12,33,17,5,0,0,0,12,3,412,0,4,6,1,35,188,13,0,20,0,3,0,16,44,47,5,0,20,0,11,7,0,0,85,45,240,0,11,0,11,2,1,28,0,75,51,0,0,3,114,211,0,0,0,0,23,60,0,31,12,77,0,38,0,53,12,2,0,0,290,9,0,11,20,12,0,0,9,0,0,33,93,0,0,0,0,44,84,47,26,49,0,21,7,0,257,0,84,28,0,0,20,7,0,101,0,0,3,0,8,0,47,8,31,17,2,101,24,93,95,164,0,0,43,0,0,35,0,126,0,36,67,6,1,36,0,0,14,12,0,473,69,0,0,0,0,6,716,6,6,35,0,0,0,0,0,46,0,53,36,0,62,0,0,7,37,6,30,10,0,11,13,0,6,0,0,12,3,3,57,0,0,0,108,36,0,2,16,16,646,42,4,54,2,0,0,50,48,33,0,0,5,13,37,0,0,1048,108,92,439,35,0,0,10,0,7,6,9,0,0,247,39,0,1,39,39,1653,94,51,1,2,0,62,0,0,0,5,0,0,2,2,0,95,8,21,24,137,0,35,0,0,0,38,2,4,0,48,6,116,8,289,17,14,0,0,10,6,124,4,4,5,49,0,0,22,0,20,0,11,59,63,87,0,3,27,22,0,1946,0,50,70,36,4,3,29,0,15,24,2,0,20,0,0,0,101,41,13,0,194,0,30,0,30,218,201,528,0,23,0,0,1129,6,4,90,3,0,0,42,19,0,26,31,75,275,7,0,0,0,0,1,0,60,18,17,0,0,0,0,0,0,15,38,142,0,76,1,259,41,0,269,134,360,0,9,12,11,0,8,151,1,72,1329,4,36,0,1,89,0,94,96,32,0,0,0,0,11,0,0,0,41,11,0,18,0,0,0,54,52,35,0,36,47,8,25,0,87,97,125,13,9,85,4,0,6,0,309,11,8,11,0,13,0,0,0,13,242,4,0,0,673,100,22,8,0,161,3,7,64,1660,0,24,32,85,0,45,0,0,0,21,5,46,17,378,0,0,24,0,0,33,0,8,118,17,644,48,0,0,0,0,21,68,11,4,0,5,14,50,0,61,284,92,0,8,0,1,0,0,0,22,0,0,31,398,9,46,0,171,0,0,4,0,12,210,29,0,11,23,7,0,0,0,0,27,0,84,0,8,0,132,0,0,0,144,0,0,17,17,6,35,112,0,20,0,0,0,0,233,128,5,15,36,4,0,0,0,0,1,0,220,0,9,0,0,58,0,0,70,0,0,0,6,0,167,0,57,14,0,21,20,21,0,3,0,0,0,0,0,18,0,24,0,10,0,0,0,4,0,648,31,0,13,0,0,21,0,12,144,5,0,5,0,50,105,0,0,0,0,0,0,42,26,38,24,0,0,353,33,0,8,13,255,396,39,70,481,0,20,7,0,0,14,0,63,0,91,148,11,0,1,53,0,23,29,41,0,120,143,0,23,8,14,0,0,0,50,64,18,157,7,43,2,8,6,0,302,0,8,121,4,7,0,4,277,0,81,11,18,0,24,64,60,51,0,0,0,195,779,4230,0,9,20,0,20,0,0,81,9,62,0,0,161,20,0,33,0,0,30,0,0,0,184,0,67,5,0,730,0,0,18,0,6,87,10,62,0,64
"D54",0,0,0,309,245,0,13,0,0,0,0,0,0,0,0,0,0,0,0,0,0,0,0,0,0,0,0,0,0,0,0,0,0,0,0,0,0,0,0,0,933,0,0,0,0,162,0,0,346,0,0,0,0,0,0,0,0,0,0,0,0,0,0,0,0,0,0,0,0,0,0,0,0,0,0,0,0,0,0,0,0,0,0,0,0,0,0,0,0,0,0,0,0,0,0,0,0,0,0,0,0,0,0,0,0,0,0,0,0,0,0,0,0,13,0,0,0,0,0,0,0,0,0,0,0,39,0,0,0,0,0,0,0,0,0,0,0,0,0,0,0,0,0,0,0,0,0,0,0,0,0,0,0,0,0,0,29,0,0,183,0,273,0,0,0,0,0,0,0,0,0,0,0,0,0,0,0,0,0,0,0,0,0,0,0,0,0,0,0,0,0,0,0,0,0,0,0,0,0,0,0,0,0,0,0,0,0,0,0,0,0,27,0,0,0,0,60,0,0,0,483,0,0,0,0,0,1402,0,0,0,0,0,0,0,0,0,0,0,0,0,0,0,0,0,0,0,0,0,0,0,0,0,0,0,0,0,0,0,0,0,0,0,0,0,0,0,0,0,0,0,0,0,0,0,0,0,0,0,0,0,0,0,0,0,0,0,0,0,0,0,0,0,0,0,0,0,0,0,0,0,0,0,0,0,0,0,0,0,0,0,0,0,0,0,0,0,0,0,11,0,0,0,0,0,0,0,0,0,0,0,0,0,0,0,0,0,0,0,0,0,0,0,0,0,0,0,0,0,0,0,0,0,0,0,87,0,0,0,0,0,0,0,0,0,0,0,0,0,0,0,0,0,0,0,0,0,0,0,0,0,0,0,0,0,0,0,0,0,0,0,0,0,0,0,0,0,0,0,0,0,0,0,0,0,0,0,0,0,0,0,0,0,0,0,0,0,0,0,0,0,0,0,0,0,0,0,0,0,0,0,0,0,0,0,0,0,0,0,0,0,0,0,0,0,0,0,0,0,0,0,0,0,0,0,0,0,0,0,0,71,0,0,0,0,0,0,0,0,0,0,0,107,0,0,0,0,0,0,0,0,0,100,0,0,21,0,0,0,0,0,0,0,0,0,0,3,0,0,0,0,0,0,0,0,0,0,0,0,20,0,0,0,0,0,0,76,0,0,0,0,0,0,0,0,0,0,0,0,0,0,0,0,0,0,0,0,0,0,0,0,0,0,0,0,0,0,0,0,0,0,0,0,0,0,0,0,0,0,0,0,0,0,0,0,0,0,0,0,0,0,0,0,0,0,0,0,0,0,0,0,0,0,0,0,0,0,0,0,0,0,0,0,0,0,0,0,0,0,0,0,0,0,0,0,0,0,0,0,0,0,0,0,0,0,0,0,0,0,0,0,0,0,0,0,0,0,0,0,0,0,0,0,0,0,0,0,0,0,0,0,0,0,0,0,0,0,0,0,0,0,0,0,0,0,0,0,0,0,0,0,0,0,0,0,0,0,0,0,0,0,0,0,0,0,0,0,0,0,0,0,0,0,0,0,0,0,0,0,0,0,0,0,0,0,0,0,0,0,0,0,0,0,0,0,0,0,0,0,0,0,0,0,0,0,0,0,0,0,0,0,0,0,0,0,0,0,0,0,0,0,0,0,0,0,0,0,0,0,0,0,0,0,0,276,0,0,0,0,0,0,0,0,0,0,25,0,0,0,0,0,0,0,0,0,0,0,0,0,0,0,0,0,0,0,0,0,0,0,40,0,0,0,0,0,0,0,0,0,0,0,0,0,0,0,0,0,0,0,0,0,0,0,0,0,0,0,0,0,0,0,0,0,0,0,0,0,0,0,0,0,5333,0,0,0,0,0,0,0,0,0,0,0,0,0,126,0
"D55",0,0,2,0,0,0,0,0,0,0,5,0,0,0,0,0,0,4,0,1,14,0,0,2,0,0,0,0,0,0,0,0,0,0,0,0,2,0,140,0,0,0,0,0,4,0,3,695,0,0,0,0,0,0,4,0,2,0,0,0,17,2,0,0,17,0,0,11,0,10,0,7,215,0,2,0,0,0,0,0,0,0,0,0,0,0,0,155,0,4,0,0,0,0,0,0,12,15,36,2,0,2,3,0,4,0,0,648,0,0,0,4,0,0,54,203,17,0,2,0,4,20,0,4,0,0,34,3,0,0,0,101,2,0,0,0,0,0,522,0,0,0,0,0,0,0,0,0,0,0,2,0,0,5,0,0,0,0,12,0,0,0,0,0,0,0,0,0,0,0,0,1036,0,0,0,0,0,4,0,0,0,25,0,0,4,0,10,0,0,55,5,0,0,0,0,32,7,0,0,0,2,0,0,0,0,0,13,0,0,0,0,0,0,240,0,0,0,0,62,0,0,0,0,0,0,0,0,0,0,0,0,0,0,0,0,0,0,0,1,12,0,0,0,0,0,0,27,14,0,677,3,0,0,6,46,6,0,0,0,0,0,3,0,392,68,0,0,0,3,0,0,0,8,51,0,0,2,0,0,0,0,0,21,0,0,0,0,5,0,0,0,0,0,0,0,0,0,0,0,0,0,0,0,0,0,0,0,0,0,2,271,0,0,0,0,0,0,0,4,0,0,102,0,0,7,0,0,2,2,6,35,0,0,6,0,0,0,0,0,0,0,7,17,0,0,0,0,0,0,8,18,0,3,0,0,13,0,0,0,0,0,0,0,0,0,0,0,0,0,6,2,0,1,17,0,3,0,0,0,0,0,0,0,0,0,0,0,0,0,0,0,0,0,0,0,0,56,10,0,0,0,0,0,0,0,7,1,0,0,0,0,60,34,3,0,0,0,0,14,0,0,0,0,0,0,4,0,0,0,3,0,0,0,2,0,0,0,0,0,0,0,0,0,0,0,0,2,0,0,0,3,0,0,0,0,0,0,0,0,0,0,0,2,16,0,2,19,0,0,0,0,0,352,25,0,0,28,3,2,0,0,0,0,5,0,3,0,12,0,0,0,0,0,37,28,0,0,0,0,0,0,2,0,35,0,5,0,0,0,0,0,0,0,0,18,0,0,0,0,0,0,0,0,0,5,0,0,0,0,0,0,0,0,0,17,0,0,4,0,0,0,0,5,0,0,2,0,3,0,0,0,3,0,0,0,0,146,9,3,1,6,0,0,0,8,0,3,0,0,0,0,0,0,0,0,0,0,481,2,0,1,0,0,0,0,0,0,14,0,0,0,0,0,0,0,3,969,0,0,8,71,0,0,0,0,1,0,0,0,0,0,0,0,1,248,0,0,0,0,443,2,0,97,0,0,0,6,347,0,0,0,21,0,0,53,4,0,0,0,0,0,0,0,2,29,0,0,6,0,2,0,0,13,0,0,0,0,0,194,431,0,0,0,0,0,647,1,1878,4,0,3,0,0,0,2,0,2,0,30,0,16,0,0,2,0,3,0,8,0,7,0,0,301,0,0,0,98,1,0,0,0,0,0,0,3,0,0,0,979,2,0,0,0,51,0,0,0,0,0,2,2,0,0,0,32,0,0,0,0,0,0,3,0,0,0,45,0,0,7,0,0,0,0,0,0,0,2,39,0,0,0,0,0,0,0,0,0,442,5,0,0,0,0,996,0,8,0,6,0,0,6,0,7,0,7,0,0,0,2,0,16,0,0,1,0,0,3,8,0,0,0,2,0,7,0,0,0,0,6,0,0,2,0,3,0,0,0,0,10,1,0,0,16,1,0,1845,0,33,0,0,0,16,0,2,0,3,0,0,0,6,0,0,0,0,0,0
"D56",2,14,35,2,0,0,0,5,4,0,0,0,0,0,0,7,113,0,6,12,4,0,9,42,28,2,0,0,0,0,4,55,38,4,4,2,73,0,0,0,70,0,0,3,61,5,0,0,13,0,16,0,28,0,93,158,33,46,16,28,0,0,0,4,37,0,0,0,174,0,40,1,0,6,0,17,2,0,0,9,7,8,0,0,0,24,0,0,71,0,6,10,14,0,0,1,0,0,0,2,72,17,2,24,0,14,5,0,0,0,9,2,0,22,0,0,0,0,2,44,3,0,2,0,35,0,0,0,0,0,0,0,0,0,52,16,3,56,0,3,0,0,0,59,6,335,24,0,0,9,0,0,4,6,0,0,0,0,0,16,0,0,12,0,4,24,0,0,6,0,9,0,0,0,8,83,0,0,0,0,10,13,2,37,2,0,0,16,0,0,0,0,23,0,0,0,3,2,5,0,15,0,5,0,0,0,0,23,0,13,2,0,7,0,0,28,0,0,4,0,2,0,4,24,18,7,46,0,0,4,2,11,0,12,0,0,19,0,26,0,6,1,20,8,0,2,0,0,9,0,0,0,4,0,0,0,7,69,0,0,0,1,0,0,0,23,1,0,29,0,14,0,7,5,1,1,12,0,0,1,6,0,0,2,2,23,0,9,0,22,0,33,0,0,3,0,20,0,0,28,15,0,3,0,0,6,0,0,0,0,0,12,0,0,6,11,114,0,0,90,0,0,1,2,0,5,0,0,0,1,0,0,0,0,0,4,14,27,0,0,0,0,0,0,7,7,0,82,0,0,0,31,5,4,0,0,0,1,0,0,1,0,0,3,0,0,17,0,71,0,10,11,0,0,23,0,1,1,7,6,2,35,8,4,3,0,9,2,0,8,0,0,58,5,1,11,0,221,0,0,0,12,0,0,3,0,18,2,0,0,63,27,1,0,0,9,2,2,3,21,40,1,4,43,247,3,53,0,0,12,3,1,3,32,1,0,0,9,16,0,5,38,0,0,10,0,4,0,108,0,4,26,11,6,32,8,2,0,0,0,6,62,185,0,0,0,6,4,34,7,10,57,0,3,80,0,7,0,25,39,2,94,0,0,4,0,4,0,9,13,23,0,0,0,0,0,0,4,66,3,9,0,0,2,0,0,0,10,0,24,0,28,8,19,0,8,16,0,1,0,0,0,1,5,0,88,13,9,75,47,10,0,0,103,0,0,0,1,0,0,43,34,9,0,16,0,0,21,0,0,4,7,1,0,0,0,0,0,0,0,0,0,3,44,13,0,36,0,12,0,0,3,0,4,5,26,0,0,10,0,6,1,28,11,0,16,0,0,37,0,43,0,0,0,0,0,0,15,16,0,0,0,31,2,0,0,4,46,0,0,0,21,13,24,0,0,3,2,24,0,0,2,0,1,1,20,2,0,0,0,29,0,16,12,2,0,0,0,15,68,0,4,0,0,0,0,0,0,0,0,5,11,0,2,8,108,0,5,70,0,3,0,38,19,10,0,0,0,0,0,0,0,5,0,9,20,0,0,85,0,0,0,2,0,0,0,10,0,0,9,0,24,0,0,8,7,0,263,33,13,37,0,0,0,0,10,41,4,0,0,0,128,4,0,5,0,0,0,0,7,11,0,1,0,0,150,11,0,0,25,174,2,12,3,0,0,0,0,0,12,0,93,10,27,0,0,0,0,3,16,11,6,0,6,0,0,74,0,7,0,0,8,0,0,0,0,7,0,0,2,15,0,45,0,0,0,39,4,0,0,0,0,113,0,0,0,7,14,14,93,8,0,11,0,62,9,32,28,7,0,0,0,21,39,0,0,0,11,91,16,0,3,3,1,0,0,13,0,13,11,0,0,0,16,0,17,40,0,0,3,4,0,10,0,0,0
"D57",0,0,0,0,0,0,0,0,0,0,0,0,0,0,0,0,0,0,0,0,0,0,0,0,0,0,0,0,0,0,0,0,0,0,0,0,0,0,0,0,0,0,0,0,0,0,0,0,0,0,0,0,0,0,0,0,0,0,0,0,0,0,0,0,0,0,0,0,0,0,0,0,0,0,0,0,0,0,0,0,0,0,0,0,0,0,0,0,0,0,0,0,0,0,0,0,0,0,0,0,0,0,0,0,0,0,0,0,0,0,0,0,0,0,0,0,0,0,0,0,0,0,0,0,0,0,0,0,0,0,0,0,0,0,0,0,0,0,0,0,0,0,0,0,0,0,0,0,0,0,0,0,0,0,0,0,0,0,0,0,0,0,0,0,0,0,0,0,0,0,0,0,0,0,0,0,0,0,0,0,0,0,0,0,0,0,0,0,0,0,0,0,0,0,0,0,0,0,0,0,0,0,0,0,0,0,0,0,0,0,0,0,0,0,0,0,0,0,0,0,0,0,0,0,0,0,0,0,0,0,0,0,0,0,0,0,0,0,0,0,0,0,0,0,0,0,0,0,0,0,0,0,0,0,0,0,0,0,0,0,0,0,576,0,0,0,0,0,0,0,0,0,0,0,0,0,0,0,0,0,0,0,0,0,0,0,0,0,0,0,0,0,0,0,0,0,0,0,0,0,0,0,0,0,0,0,0,0,0,0,0,0,0,0,0,0,0,0,0,0,0,0,0,0,0,0,0,0,0,0,0,0,0,0,0,0,419,0,0,0,0,0,0,0,0,0,0,0,0,0,0,0,0,0,0,0,0,0,0,0,0,0,0,0,0,0,0,0,0,0,0,0,0,0,0,0,0,0,0,0,0,0,0,0,0,0,0,0,0,0,0,0,0,0,0,0,0,0,0,0,0,0,0,0,0,0,0,0,0,0,0,0,0,0,0,0,0,0,12338,0,0,0,0,0,0,0,0,0,0,0,0,0,0,0,0,0,0,0,0,0,0,0,0,0,0,0,0,0,0,0,0,0,0,0,0,0,0,0,0,0,0,0,0,0,0,0,0,0,0,0,0,0,0,0,0,0,0,0,0,0,0,0,0,0,0,0,0,0,0,0,0,0,0,0,0,0,0,0,0,0,0,0,0,0,0,0,0,0,0,0,0,0,0,0,0,0,0,0,0,0,0,0,0,0,0,0,0,0,0,0,0,0,0,0,0,0,0,0,0,454,0,0,0,0,0,0,0,0,0,0,0,0,0,0,0,0,0,0,0,0,0,0,0,0,0,0,0,0,0,0,0,0,0,1199,0,0,0,0,0,0,0,0,0,0,0,0,0,0,0,0,0,0,0,0,0,0,0,0,0,0,0,0,0,0,0,0,0,0,0,0,0,0,0,0,0,0,0,0,0,0,0,0,0,0,0,0,0,0,0,0,0,0,0,0,0,0,0,0,0,0,0,0,0,0,0,0,0,0,0,0,0,0,0,0,0,0,0,0,0,0,0,0,0,0,0,0,0,0,0,0,0,0,0,0,0,0,0,0,0,0,0,0,0,283,0,0,0,0,0,0,0,0,0,0,0,0,0,0,0,0,0,0,0,0,0,0,0,0,0,0,0,0,0,0,0,0,0,0,0,0,0,0,0,0,0,0,0,0,0,0,0,0,0,0,0,0,0,0,0,0,0,0,0,0,0,0,0,0,0,0,0,0,0,0,0,0,0,0,0,0,0,0,0,0,0,0,0,0,0,0,0,0,0,0,0,0,0,0,0,0,0,0,0,458,0,0,0,0,0,0,0,0,0,0,0,0,0,0,0,0,0,0,0,0,0,0,0,0,0,0,0,0,0,0,0,0,0,0,0,0,0,0,0,0,0,0,0,0,0,0,0,0,0,0,0,0
"D58",0,0,0,0,0,0,0,54,0,0,0,0,0,0,0,0,0,0,0,0,0,0,0,0,0,0,0,0,0,4,0,0,2,0,0,0,0,0,0,0,0,0,0,0,0,0,0,0,0,0,0,0,0,0,0,0,0,0,0,0,0,0,0,0,0,0,0,0,0,0,0,0,0,0,0,0,0,0,0,0,0,0,0,0,0,0,0,0,0,0,0,0,0,0,0,0,0,0,0,0,0,0,0,0,0,0,0,0,0,0,0,0,0,0,0,0,0,0,0,0,0,0,0,0,0,0,0,0,0,0,0,0,0,0,0,0,0,0,0,0,0,0,0,0,0,0,0,0,0,0,0,0,0,0,0,0,0,0,0,0,0,0,0,0,0,0,0,0,0,0,0,0,0,0,0,336,0,0,0,0,0,0,0,0,0,0,0,0,0,0,0,0,0,0,0,0,0,0,0,0,0,0,0,0,0,0,0,0,0,0,0,0,0,0,0,0,0,0,0,0,0,0,0,0,0,0,0,0,0,0,0,0,0,0,0,0,0,0,0,0,0,0,0,0,0,0,0,0,0,0,0,0,0,0,0,0,0,592,0,0,0,0,0,0,0,0,0,0,0,0,0,0,0,0,0,0,0,0,0,0,0,0,0,0,0,0,0,0,0,0,0,0,0,0,0,0,0,0,0,0,0,0,0,0,0,0,0,0,0,0,0,0,0,0,0,0,0,0,0,0,0,0,0,0,0,0,0,0,0,0,0,0,0,0,0,0,1155,0,0,0,0,0,0,0,0,0,0,0,0,0,0,0,0,0,0,0,0,0,0,0,0,0,0,0,201,0,0,1176,0,0,0,0,0,0,0,0,0,0,0,0,0,0,0,0,0,0,0,0,0,0,0,0,0,0,0,0,0,0,0,0,0,0,0,0,0,0,0,0,0,0,0,0,0,0,0,0,0,0,0,0,0,0,0,0,0,0,0,0,0,0,0,0,0,0,0,0,0,0,0,0,0,0,0,0,0,16,0,0,0,0,0,0,0,0,0,0,0,0,0,0,0,0,430,2,0,0,0,0,0,0,0,0,0,0,0,0,0,0,0,0,0,0,0,0,0,0,0,0,0,720,0,0,0,0,0,0,0,0,0,0,0,0,0,0,0,0,0,0,0,0,0,0,0,0,0,0,0,0,0,0,0,0,0,0,0,0,0,0,0,0,0,0,0,0,0,0,0,0,0,0,0,0,0,0,0,0,0,0,0,0,0,0,0,0,0,0,0,0,0,0,0,0,0,0,0,0,0,0,0,0,0,23,0,0,0,0,0,0,0,0,0,0,0,0,0,0,0,0,0,0,31,0,0,0,0,0,0,0,0,0,0,0,0,0,0,0,0,0,0,0,0,0,0,0,0,0,0,0,0,0,0,0,0,0,0,0,0,0,0,0,0,0,0,323,0,0,0,0,0,0,0,0,0,0,0,0,0,0,0,0,0,0,0,0,0,0,0,0,0,0,0,0,0,0,0,0,0,0,0,0,0,0,0,0,0,0,0,0,0,0,0,0,0,559,0,0,0,0,0,0,0,0,0,0,0,0,0,343,0,0,0,0,0,0,0,0,0,0,0,0,0,0,0,0,0,0,0,0,0,0,0,0,0,0,0,0,0,0,0,0,0,0,0,0,0,0,0,0,0,0,0,0,0,0,0,0,0,0,0,0,0,0,0,0,0,0,0,0,0,0,0,0,0,0,0,0,0,0,0,0,0,0,0,0,0,0,0,0,0,0,0,0,0,0,0,0,0,0,0,0,0,0,0,0,0,0,0,153,0,0,0,0,0,0,0,0,0,0,0,0,0,0,0,0,0,0,0,0,0,0,0,0,0,0,0,0,0,0,0,0,0,0,0,0,0,0
"D59",0,0,0,0,0,0,0,0,0,0,0,0,0,0,0,0,0,0,0,0,0,0,0,0,0,0,0,0,0,0,0,0,0,0,0,0,0,0,0,0,0,0,0,0,0,0,41,0,0,0,0,0,0,0,0,0,0,0,0,0,0,0,0,0,0,0,0,0,0,0,0,0,0,0,0,0,0,0,47,0,0,0,0,1519,0,0,0,0,0,0,0,0,0,0,0,0,0,0,0,0,0,0,0,0,0,0,0,0,0,31,0,0,0,0,0,0,0,0,0,0,0,0,0,0,0,0,0,0,0,0,0,0,0,0,0,0,0,0,0,0,0,0,0,0,0,0,0,0,0,0,0,0,0,0,0,0,0,0,0,0,0,0,0,0,0,0,0,0,0,0,0,0,0,0,0,0,0,0,0,0,0,0,0,0,0,0,0,0,0,0,0,0,0,0,0,0,0,0,0,0,0,0,0,0,0,0,0,0,0,0,0,0,0,0,0,0,0,0,0,0,0,0,0,0,0,0,0,0,0,0,0,0,0,0,0,0,0,0,0,0,0,0,0,0,0,0,0,0,0,0,115,0,0,507,0,0,0,0,0,0,0,0,0,0,0,0,0,0,0,0,0,0,0,0,0,0,0,0,0,0,0,0,0,0,0,0,0,0,0,0,0,0,0,0,0,0,0,0,0,0,0,0,0,0,0,0,0,0,0,0,0,0,0,0,0,0,0,0,0,0,0,0,0,0,0,0,0,0,0,0,0,0,0,0,0,0,0,0,0,0,0,0,0,0,0,0,0,0,0,0,0,0,0,0,0,0,0,0,0,6789,0,0,0,0,34,0,0,2,0,0,0,0,0,0,0,0,0,0,0,0,0,0,0,38436,0,0,0,0,0,0,0,0,0,0,0,0,0,0,0,0,0,0,0,0,0,0,0,0,0,0,0,0,0,0,0,0,0,0,0,0,0,0,0,0,0,0,0,0,0,0,0,0,0,0,0,0,0,0,0,0,0,0,0,0,0,0,0,0,0,0,0,0,0,0,0,0,0,0,474,0,0,0,0,0,0,0,6190,0,0,0,0,0,0,0,0,0,0,392,0,0,0,0,0,0,0,0,0,0,0,0,0,0,0,0,0,0,0,0,0,0,0,0,0,0,179,0,0,0,0,0,0,0,0,0,0,0,0,0,0,0,0,0,0,0,0,0,0,0,0,0,0,0,0,0,0,0,0,0,0,0,0,0,0,0,0,0,0,0,0,0,0,0,0,0,0,0,0,0,0,0,0,0,0,0,0,0,0,0,0,0,0,0,0,0,0,0,0,0,0,0,0,0,0,0,0,0,0,0,0,0,0,0,0,0,0,0,0,0,0,0,0,0,0,0,0,0,0,0,0,0,0,0,0,0,0,0,0,0,0,0,0,0,0,0,0,0,0,0,0,255,0,0,0,0,0,0,0,0,0,0,2667,0,0,0,0,0,0,125,0,0,0,0,0,0,0,0,0,0,0,0,0,9,0,0,0,0,0,0,0,0,0,0,0,0,0,0,0,0,0,0,0,0,0,0,0,0,0,0,12,0,0,0,0,0,10834,0,0,0,0,0,0,0,0,0,344,0,0,0,0,0,0,0,0,0,0,0,0,0,0,0,0,0,0,0,0,0,0,0,0,0,0,0,0,0,0,0,0,0,37,0,0,0,0,0,0,0,0,0,0,0,0,0,0,0,0,0,0,0,0,0,0,0,0,0,0,0,0,0,0,0,0,0,0,0,0,0,0,0,0,0,0,0,0,0,0,0,0,0,0,0,0,0,0,0,0,0,0,0,0,0,0,0,0,0,0,0,0,0,0,0,0,0,0,0,0,0,0,0,0,0,0,0,0,0,0,0,0,0,0,0,0,0,0,222,0,0
"D60",0,0,0,0,0,0,0,0,0,0,0,0,0,0,0,0,0,0,0,6,6,0,0,0,0,0,0,0,0,0,0,0,0,0,0,0,0,0,0,0,0,0,0,0,0,0,0,0,0,0,0,0,0,0,0,0,0,0,0,0,0,0,0,0,0,0,0,0,0,0,0,0,0,0,0,0,0,0,0,0,0,0,0,0,0,0,0,0,46,0,0,0,0,0,0,0,0,0,0,0,0,10,0,0,0,0,0,0,0,0,0,0,0,0,0,0,0,0,0,0,2,702,0,0,0,0,0,0,0,0,0,0,0,0,0,0,0,0,0,16,0,0,0,0,0,0,0,0,0,0,0,0,0,0,0,0,0,0,0,0,0,0,0,0,0,0,0,0,0,0,0,346,0,0,0,0,0,4,0,0,0,0,0,0,0,0,0,0,0,0,0,0,0,0,0,1,0,0,0,0,0,0,0,0,56,0,0,3,0,0,0,0,0,0,0,0,0,0,0,0,0,0,0,0,0,0,0,0,0,0,0,0,0,0,0,0,0,0,0,0,0,0,0,0,0,0,0,0,0,0,0,0,0,0,21,0,0,0,0,0,0,0,0,0,0,0,0,0,0,0,0,0,0,518,0,0,0,0,0,0,0,0,0,0,0,0,0,0,0,0,0,0,0,0,0,0,0,0,0,0,0,0,0,0,0,0,0,0,0,0,0,0,0,0,0,614,0,0,0,0,0,0,0,0,0,0,0,0,0,0,0,0,0,0,0,0,0,0,0,0,0,0,0,0,0,0,0,0,0,2,0,0,0,0,0,0,0,0,0,0,0,1,0,0,0,0,0,0,0,0,0,0,0,0,0,0,0,0,0,0,0,0,0,0,0,0,0,0,0,0,0,0,0,0,0,0,0,0,0,0,0,0,0,0,0,0,108,0,0,29,0,92,0,0,0,0,0,0,0,0,0,0,0,0,0,0,0,0,0,2,0,0,0,0,0,0,0,0,0,0,0,0,0,0,0,0,10,0,0,0,0,0,0,0,0,0,0,0,0,0,0,0,0,0,0,0,0,0,0,0,0,0,0,0,0,0,1,0,0,0,0,0,0,0,0,0,0,0,0,0,0,0,0,0,0,0,0,0,0,0,0,0,0,0,0,26,0,0,0,0,0,0,0,0,0,0,0,0,0,0,0,0,0,0,0,0,0,0,0,0,0,0,0,0,0,0,0,0,0,2,0,0,0,0,0,0,0,0,0,0,0,0,0,0,0,0,0,65,0,0,0,0,0,0,0,0,0,0,0,0,0,0,0,0,0,0,0,4070,0,0,0,0,0,0,0,0,0,18,0,0,0,0,0,14,0,0,0,0,0,0,0,0,0,0,0,0,0,0,0,0,0,0,0,0,1,0,0,0,0,0,0,0,0,0,0,0,0,0,0,0,0,0,0,0,0,0,0,0,0,0,0,0,0,0,0,0,0,0,0,0,0,0,0,0,0,0,0,0,0,0,0,0,0,0,0,0,0,0,0,0,0,0,0,0,0,0,4,0,0,0,0,0,0,0,0,0,0,0,0,3,0,0,0,0,0,0,0,0,0,0,0,0,0,0,0,0,0,0,0,0,0,0,0,0,0,0,0,0,0,0,0,0,0,0,0,0,0,0,0,0,0,0,0,0,0,0,0,0,0,0,0,0,0,0,0,0,0,0,0,0,0,0,0,0,0,0,2,0,0,0,0,0,0,0,0,0,0,0,0,0,0,0,0,0,0,0,0,0,0,0,0,0,0,0,0,0,0,0,0,0,0,0,0,2,0,0,0,0,15,0,0,0,0,89,0,0,0,0,0,0,0,0,0,2,0,0,0,0,0,0,0,0,0,0,7,0,0,0,0,0,0,0,0,0,0,0
"D61",0,0,0,0,0,0,0,0,0,0,0,0,0,0,0,0,0,20,0,0,0,2,0,0,0,0,0,0,0,0,0,0,0,0,0,0,0,0,0,0,0,0,0,0,0,0,0,0,0,0,0,0,0,0,0,0,0,0,0,0,0,0,0,0,20,0,0,0,0,0,0,0,0,0,0,0,0,0,0,0,0,0,0,0,0,0,0,0,6,0,0,0,0,0,0,0,0,0,0,0,0,7,2,0,0,0,0,53,0,0,0,0,0,0,21,0,6,0,0,0,0,3,0,0,0,0,13,0,0,0,0,0,0,0,0,0,0,0,0,34,0,0,0,0,0,0,0,0,0,0,0,0,0,0,0,0,0,0,0,0,0,0,0,0,0,0,0,0,0,0,0,1800,0,0,0,0,0,2,0,0,0,0,0,0,0,0,0,0,0,0,0,0,65,0,0,3,0,0,0,0,0,0,0,0,1091,0,0,0,0,0,0,0,0,0,0,0,0,0,2,0,0,0,0,0,0,0,0,0,0,0,0,0,0,0,0,0,0,0,0,0,0,0,0,0,0,0,0,0,0,60,3,0,0,14,3,0,0,0,0,0,0,0,0,0,0,0,0,0,0,0,0,0,0,50,0,0,0,0,0,0,0,0,0,0,0,0,0,0,0,0,0,0,0,0,0,0,0,0,0,0,0,0,0,0,0,0,0,0,0,0,0,0,0,0,0,435,0,0,0,0,0,0,0,0,0,0,0,0,0,0,0,0,0,0,0,0,0,0,0,0,0,0,0,0,0,0,0,0,0,2,0,0,0,0,0,0,0,0,0,0,0,0,0,0,0,0,0,0,0,0,0,0,0,0,2,0,0,0,0,0,0,0,0,0,0,0,0,0,0,0,0,0,0,0,0,0,0,0,0,0,0,0,0,0,0,0,23,0,0,0,0,382,0,0,0,0,0,0,0,0,0,0,0,0,0,0,0,0,0,6,3,0,0,0,0,0,0,0,0,0,0,0,0,0,0,0,8,0,0,0,0,0,0,0,0,0,0,0,0,0,0,0,0,0,0,0,0,0,0,0,0,0,0,0,0,0,1,0,0,0,0,0,0,0,0,0,0,0,0,0,0,0,0,0,0,0,0,0,0,0,0,0,0,0,0,2,0,0,0,0,0,0,0,0,0,0,0,0,0,0,0,0,0,0,0,0,0,0,0,0,0,0,0,0,0,0,0,0,0,0,0,0,0,0,0,0,0,0,0,0,0,0,0,0,0,0,0,5686,0,0,0,0,0,0,0,0,0,0,0,0,0,0,0,0,0,0,0,2262,0,0,0,0,0,0,0,0,0,0,0,0,0,0,0,2,0,0,0,0,0,0,0,0,0,0,0,0,0,0,0,0,0,0,0,0,15,0,0,0,0,0,0,0,23,0,0,0,0,0,0,0,0,0,0,0,0,2,0,0,0,0,0,0,0,0,0,0,0,0,0,0,0,0,0,0,0,0,0,0,2,0,0,0,0,0,0,0,0,188,0,0,0,0,0,0,0,0,0,8,2,0,0,0,0,0,0,0,0,0,0,0,0,0,0,0,0,0,0,0,0,0,0,0,0,0,0,0,0,0,0,0,0,0,0,0,0,0,0,0,0,0,0,0,0,0,0,0,0,0,0,0,0,0,0,0,0,0,0,0,0,0,0,0,0,0,0,0,0,0,0,0,0,0,0,0,0,0,0,0,0,0,0,0,0,0,0,0,0,0,0,0,0,0,0,0,0,0,0,0,0,0,0,0,0,0,0,0,0,0,0,0,0,0,0,0,0,0,0,0,1,0,0,0,0,18,0,0,0,0,0,0,0,0,0,6,0,0,0,0,0,0,0,42,0,0,0,0,0,0,0,0,0,0,0,0,0,0
"D62",0,0,0,0,0,0,0,0,0,0,147,0,2,3,3,0,0,0,0,119,0,0,0,0,0,0,0,0,0,75,0,0,0,0,41,0,0,0,4,38,0,0,0,0,0,0,0,0,0,0,0,0,0,0,0,0,749,0,47,0,0,0,0,0,33,0,0,678,534,641,0,6,0,0,0,0,0,0,0,0,0,0,0,0,0,104,0,2,0,3,0,0,0,0,3163,0,349,8,2,0,0,0,0,0,0,0,0,0,0,0,0,0,0,0,0,38,0,1,0,0,0,0,4,0,0,0,0,108,0,0,0,0,0,0,0,5,0,13,7,434,0,0,0,0,5,6,0,0,0,0,2,0,0,0,0,0,0,0,41,0,0,0,0,0,0,0,0,0,0,0,0,572,0,2,0,0,0,0,0,0,0,0,0,0,4,0,0,0,0,0,13,0,0,0,0,0,3,0,0,281,7,1410,0,0,0,0,0,1358,0,0,0,0,0,0,0,0,0,73,0,0,0,0,30,0,0,0,1,0,0,0,2068,0,0,0,0,2,0,7,0,0,0,0,0,0,0,0,5,0,538,0,0,89,0,0,0,0,0,844,0,240,0,0,0,0,0,0,0,0,0,0,0,0,18,0,0,0,10,0,0,0,0,0,2,0,0,0,0,0,0,0,0,0,2,0,0,0,0,0,0,0,0,0,0,0,0,0,0,0,9,27,0,2,0,0,0,0,0,0,0,0,0,0,0,0,297,0,67,0,1,174,140,0,0,0,0,0,0,0,0,0,0,0,144,0,0,0,0,0,198,0,0,0,0,0,0,0,0,0,0,0,0,0,0,0,9,0,0,0,0,0,0,0,265,7,0,0,0,0,0,0,0,0,0,0,0,0,0,0,0,0,0,0,0,0,0,3,0,195,0,8,0,0,0,0,0,0,0,0,0,0,0,0,0,1,8,0,0,0,439,0,0,0,0,0,0,16,0,0,2,0,0,0,0,5,0,0,64,0,0,0,0,0,0,0,35,3,0,0,0,0,0,0,0,0,0,0,0,0,0,0,0,0,0,0,0,0,564,0,0,0,0,0,5,21,0,0,0,0,0,0,0,0,0,50,0,0,0,0,0,0,0,0,0,0,10,0,0,0,0,0,0,5,0,0,0,480,0,46,0,0,0,0,0,0,81,49,0,0,0,0,0,0,0,0,0,0,2,0,0,0,0,0,0,0,0,0,0,0,0,0,0,0,0,0,4,93,0,0,0,0,0,0,0,0,0,352,7,0,0,70,3,0,25,0,0,0,0,0,0,0,0,0,0,0,0,0,0,0,0,0,0,0,0,2,53,0,0,0,0,10,0,24,0,0,0,71,12,0,0,2,0,0,0,0,0,0,114,0,0,0,0,0,0,0,0,0,32,0,0,0,0,0,20,0,0,0,0,0,11,0,0,55,0,0,32,2,0,0,0,0,0,0,0,0,0,0,0,350,0,0,0,0,179,0,0,0,0,0,259,0,0,0,0,0,0,5,0,0,7,0,0,0,0,0,0,0,0,0,0,0,0,0,0,0,0,0,0,0,0,0,0,0,0,0,129,0,0,0,0,0,0,0,0,0,0,84,0,0,2,0,0,3,0,4,9,0,57,0,0,70,0,0,0,0,0,0,0,0,0,0,42,0,0,0,0,0,5,0,0,0,0,0,0,0,0,0,981,4,0,0,0,0,0,0,2800,0,108,8,0,62,0,0,0,147,0,0,0,480,1,0,2,0,0,0,6,0,0,0,0,0,0,0,18,0,0,0,0,0,0,0,0,0,0,0,0,0,0,9,4,0,0,19,0,0,0,0,0,0,0,0,0,0,26,0,0,3,0,70,0,0,0,16,0,69,0,0,0,154,154,0,0,0,0,532,0,0
"D63",0,0,0,0,0,0,0,0,0,0,0,0,0,0,0,0,0,0,0,0,0,0,0,0,0,0,0,0,0,0,0,0,0,0,0,0,0,0,0,0,0,0,0,0,0,0,0,0,0,0,0,0,0,0,0,0,0,0,0,0,0,0,0,0,0,0,0,0,0,0,0,0,0,0,0,0,0,0,0,0,0,0,0,0,0,0,0,0,0,0,0,0,0,0,0,0,0,0,0,0,0,0,0,0,0,0,0,0,0,0,0,0,0,0,0,0,0,0,0,0,0,0,0,0,0,0,0,0,0,0,0,0,0,0,0,0,0,0,0,0,0,0,0,0,0,0,0,0,0,0,0,0,0,0,0,0,0,0,0,0,0,0,0,0,0,0,0,0,0,0,0,0,0,0,0,0,0,0,0,0,0,0,0,0,0,0,0,0,0,0,0,0,0,0,0,0,0,0,0,0,0,0,0,0,0,0,0,0,0,0,0,0,0,0,0,0,0,0,0,0,0,0,0,0,0,0,0,0,0,0,2,0,0,0,0,0,0,0,0,0,0,0,0,0,0,0,0,0,0,0,0,0,0,0,0,0,0,0,0,0,0,0,0,0,0,0,0,0,0,0,0,21,0,0,0,0,0,0,0,0,0,0,0,0,0,0,0,0,0,0,0,0,0,0,0,0,0,0,0,0,0,0,0,0,0,0,0,0,0,0,0,0,0,0,3,0,0,0,0,0,0,0,0,0,0,0,0,0,0,0,0,0,0,0,0,0,0,0,0,0,0,0,0,0,0,0,0,0,0,0,0,0,0,0,0,0,0,0,0,35,0,0,0,0,0,0,0,0,0,0,0,0,0,0,0,0,0,0,0,0,0,0,0,0,0,0,0,0,0,0,0,0,0,0,0,0,0,0,0,0,0,0,0,0,0,0,0,0,0,0,0,0,0,0,0,0,0,0,0,0,0,0,0,0,0,0,0,0,0,0,0,0,0,0,0,0,0,0,0,0,0,0,0,0,0,0,0,0,0,0,0,0,0,0,0,0,0,0,7,0,0,0,0,0,0,0,0,0,0,0,0,0,0,0,0,0,0,0,0,0,0,0,0,0,0,0,0,0,0,0,0,0,0,0,0,0,0,0,0,0,0,0,0,0,0,0,0,0,0,0,0,0,0,0,0,0,0,0,0,0,0,0,0,0,0,0,0,0,0,0,0,0,0,0,0,0,0,0,0,0,0,0,0,0,0,0,0,0,0,0,0,0,0,0,0,0,0,0,0,0,0,0,0,0,0,0,0,0,0,0,0,0,0,0,0,0,0,0,0,0,0,0,0,0,0,0,0,0,0,0,0,0,0,0,0,0,0,0,0,0,0,0,0,0,0,0,0,0,0,0,0,0,0,0,0,0,0,0,0,0,0,0,0,0,0,0,0,0,0,0,0,0,0,0,0,0,0,0,0,0,0,0,0,0,0,0,0,0,0,0,0,0,0,0,0,0,2,0,0,0,0,0,0,0,0,0,0,0,1,0,0,0,0,0,0,0,0,0,0,0,0,0,0,0,0,0,0,0,0,0,0,0,0,0,0,0,0,0,0,0,0,0,44,0,0,0,0,0,0,0,0,0,0,0,0,0,0,0,0,0,0,0,0,0,0,0,0,41,0,0,0,0,0,0,0,0,0,0,0,0,0,0,0,0,0,0,0,0,0,0,0,0,0,0,0,0,0,0,0,0,0,0,0,0,0,0,0,0,0,0,0,0,0,0,0,996,0,0,0,0,0,0,0,0,0,0,0,0,0,0,0,0,0,0,0,0,0,1603,0,0,0,0,0,0,0,0,0,0,0,0,0,0,0,0,0,0,0,0,0,0,0,0,0,0,0,0,0,0,0,0,0,0,0,0,0,0
"D64",9,0,0,0,4529,0,0,0,0,0,0,0,0,0,0,0,0,0,0,0,0,0,0,0,0,0,0,0,0,0,0,0,0,0,0,0,0,0,0,0,426,0,0,0,0,66,0,0,33,0,0,0,0,0,0,0,0,0,0,0,0,0,0,0,0,0,0,0,0,0,0,0,0,0,0,0,0,0,0,0,0,0,0,0,0,0,0,0,0,0,0,0,0,0,0,0,0,0,0,0,0,0,0,0,0,0,0,0,0,0,0,0,0,0,0,0,0,0,0,0,0,0,0,0,0,10,0,0,0,0,0,0,0,0,0,0,0,0,0,0,0,0,0,0,2,0,0,0,0,25,0,0,0,0,5,0,17,0,0,0,0,2473,0,0,0,0,0,0,0,0,0,0,0,0,0,0,0,0,0,0,0,0,0,0,0,0,0,0,0,0,0,0,0,0,0,0,0,0,0,0,0,0,0,0,0,0,0,0,0,0,0,1,0,0,0,0,0,0,0,0,12,0,0,0,0,0,0,0,0,0,0,0,0,0,0,0,0,0,0,0,0,0,0,0,0,0,0,0,0,0,7,8,0,0,0,0,0,0,0,0,0,0,0,0,0,0,0,0,0,0,0,0,0,0,0,0,0,0,0,0,0,2,0,0,0,0,0,0,0,0,0,0,0,0,0,0,0,0,0,22,0,0,0,0,0,0,0,0,0,0,0,0,0,0,0,0,0,0,0,0,0,0,0,0,0,0,0,0,0,0,0,0,0,0,0,0,0,0,0,0,0,0,0,0,0,0,0,0,0,0,0,0,0,0,74,0,0,0,0,0,0,0,0,0,0,0,0,0,0,0,0,0,0,0,0,0,0,0,0,0,0,0,0,0,0,0,0,0,0,0,0,0,0,20,0,0,0,0,0,0,0,0,0,0,0,0,0,0,0,0,0,0,0,0,0,0,0,0,0,0,0,0,0,0,0,0,0,0,0,0,72,0,0,0,0,0,0,0,0,0,0,0,0,0,0,0,0,0,0,0,0,0,0,0,0,0,0,0,0,6,0,0,0,0,0,0,0,0,0,0,0,64,0,0,0,0,0,0,0,0,0,3903,0,0,0,0,0,0,7,0,0,0,0,0,0,237,0,0,0,0,0,0,0,0,0,0,0,0,37,0,0,0,0,0,0,0,0,0,0,3,0,0,0,0,0,0,0,0,0,0,0,0,0,0,0,0,0,0,0,0,0,0,0,0,0,0,0,0,0,0,0,0,0,0,0,0,0,0,0,0,0,0,0,0,0,55,0,0,0,0,0,0,0,0,0,0,0,0,0,0,0,0,0,0,0,0,0,0,0,0,0,0,0,0,0,0,0,0,0,0,0,0,0,0,0,0,0,0,0,0,0,0,0,0,0,0,0,0,0,0,0,0,0,0,0,0,0,0,0,0,0,0,0,0,0,0,0,0,0,0,0,0,0,0,0,0,0,0,0,0,0,0,0,0,0,0,0,0,0,0,0,0,0,0,0,0,0,0,0,0,0,0,0,0,0,0,0,0,0,0,0,0,0,0,0,0,0,0,0,0,0,0,0,0,0,0,0,0,0,0,0,0,0,0,0,0,0,0,0,0,0,0,0,0,0,0,0,0,0,0,0,0,0,58,0,823,0,0,0,0,0,0,0,0,0,0,0,0,0,0,0,0,0,0,0,0,0,0,0,0,0,0,0,0,0,0,0,0,0,0,0,0,0,0,79,0,0,0,0,0,0,0,0,0,0,0,0,0,0,0,0,0,0,0,0,0,0,0,0,0,0,0,0,0,429,0,0,0,0,0,22,0,0,0,0,0,0,0,0,0,0,0,0,0,0,0,0,0,0,0,1932,0,0,0,0,0,0,0,0,0,0,0,0,0,27,0
"D65",0,0,0,0,0,0,0,0,0,0,3,0,0,0,0,0,0,0,0,0,0,0,0,0,0,0,0,0,0,0,0,0,0,0,0,0,0,0,0,0,0,0,0,0,0,0,0,0,0,0,0,0,0,0,0,0,0,0,0,0,0,0,0,0,0,0,0,0,0,0,0,0,0,0,0,0,0,0,0,0,0,0,0,2,0,0,0,0,0,0,0,0,0,0,0,0,0,0,0,0,0,0,0,0,0,0,0,0,0,0,0,0,0,0,0,0,0,0,0,0,0,0,0,0,0,0,0,0,0,0,0,0,0,0,0,0,0,0,0,0,0,0,0,0,0,0,0,0,0,0,0,0,0,0,0,0,0,0,0,0,0,0,0,0,0,0,0,0,0,0,0,0,0,0,0,0,0,0,0,0,0,0,0,0,0,0,0,0,0,0,0,0,0,0,0,0,0,0,0,0,0,0,0,0,0,0,0,0,0,0,0,0,0,0,0,0,0,0,0,0,0,0,0,0,0,0,0,0,0,0,0,0,0,0,0,0,0,0,0,0,0,0,0,0,0,0,0,0,0,0,0,0,0,0,0,0,0,0,0,0,0,0,0,0,0,0,0,0,0,0,0,0,0,0,0,0,0,0,0,0,0,0,0,0,0,0,0,0,0,0,0,0,0,0,0,0,0,0,0,0,0,0,0,0,0,0,0,0,0,0,0,0,0,0,17,0,0,0,0,0,0,0,0,0,0,0,0,0,0,0,0,0,0,0,0,0,0,0,0,0,0,0,0,0,0,0,0,0,0,0,0,0,0,0,0,0,0,0,0,2,0,0,0,0,3,0,0,0,0,0,0,0,0,0,0,0,0,0,0,0,0,0,0,0,0,0,0,0,0,0,0,0,0,0,0,0,0,0,0,0,0,0,0,0,0,0,0,0,0,0,0,0,0,0,0,0,0,0,0,0,0,0,0,0,0,0,0,0,0,0,0,0,0,0,0,0,0,0,0,0,0,0,0,0,0,0,0,0,0,0,0,0,0,0,0,0,0,0,0,0,0,0,0,0,0,0,0,0,0,0,0,0,0,0,0,0,0,0,0,0,0,0,0,0,0,0,0,0,0,0,0,0,0,0,0,0,0,0,0,0,0,0,0,0,0,0,0,0,0,0,0,0,0,0,0,0,0,0,0,0,0,0,0,0,0,0,0,0,0,0,0,0,0,0,0,0,0,0,0,0,0,0,0,0,0,0,0,0,0,0,0,0,0,0,0,0,0,0,0,0,0,0,0,0,0,0,0,0,0,0,0,0,0,0,0,0,0,0,0,0,0,0,0,0,0,0,0,0,0,0,0,0,0,0,0,0,0,0,0,0,0,0,0,0,0,0,0,0,0,0,0,0,0,0,0,0,0,0,0,0,0,0,0,0,0,0,0,0,0,0,0,0,0,0,0,0,0,0,0,0,0,0,0,0,0,0,0,0,0,0,0,0,0,0,0,0,0,0,0,0,0,0,0,0,0,0,0,0,0,0,0,0,0,0,0,0,0,0,0,0,0,10,0,0,0,0,0,0,0,0,0,0,0,0,0,0,0,0,0,0,0,0,59,0,0,0,0,0,0,0,0,0,0,0,0,0,0,0,0,0,0,0,0,0,0,0,0,3,0,0,0,0,0,0,0,0,0,0,0,0,0,0,0,0,0,0,0,0,0,0,0,0,0,0,0,0,0,0,0,0,0,0,0,0,0,0,0,0,0,0,0,0,0,0,0,662,0,0,0,0,0,0,0,0,0,0,0,0,0,0,0,0,0,0,0,0,0,188,0,0,0,0,0,0,0,0,0,0,0,0,0,0,0,0,0,0,0,0,0,0,0,0,0,0,0,0,0,0,0,0,0,0,0,0,0,0
"D66",2,0,0,0,0,0,0,0,0,0,0,0,0,0,0,0,0,0,0,0,0,0,0,0,0,0,0,0,0,1110,0,0,0,0,0,0,0,0,0,0,0,0,0,0,0,0,0,0,0,0,0,32,0,0,0,0,0,0,0,0,0,0,0,0,0,0,358,939,0,0,0,0,0,0,0,0,0,0,43,0,0,0,0,0,0,1,0,2,0,0,0,0,0,0,0,0,0,0,0,0,0,0,0,0,0,0,0,1,0,0,0,0,0,0,0,0,0,0,0,0,0,0,0,0,0,0,0,0,0,0,0,0,0,0,0,0,0,0,5,0,0,0,0,0,0,0,0,0,0,0,0,0,0,0,0,0,0,0,0,0,0,0,0,0,0,0,0,0,0,0,0,0,0,0,0,0,0,0,0,0,0,0,0,0,0,0,0,0,0,0,0,0,0,63,0,0,0,0,0,0,0,985,0,0,0,0,0,0,0,0,0,0,0,0,0,0,0,0,0,0,0,0,0,0,0,0,0,0,0,0,0,0,0,0,0,0,0,0,0,0,0,0,0,0,0,0,0,0,0,0,0,0,5,0,0,0,0,137,0,0,0,5474,0,0,0,0,0,0,0,0,0,0,0,0,0,0,0,0,0,0,0,0,0,0,0,0,0,0,0,0,0,0,0,0,0,0,0,0,0,0,0,0,0,0,0,0,0,0,0,0,8,0,0,0,0,0,0,0,0,0,0,0,0,0,0,0,0,0,0,0,0,0,1213,0,0,0,0,0,0,0,0,0,0,0,0,0,0,0,0,0,0,0,0,0,0,0,0,0,0,0,0,0,0,0,0,0,0,0,0,0,0,0,0,4,0,0,0,0,0,0,0,0,0,0,0,0,0,0,0,0,0,0,0,0,0,0,0,0,0,0,0,0,0,0,0,0,0,0,0,0,0,0,0,0,0,0,0,58,0,0,0,0,0,0,0,0,0,0,0,0,0,0,0,0,0,0,0,0,0,0,0,0,0,0,0,0,0,0,0,0,0,0,0,0,0,0,0,0,0,445,0,0,0,0,0,0,134,0,0,0,0,0,0,0,0,0,0,0,0,0,0,0,0,29,0,0,0,32,4,0,0,0,0,0,0,0,0,0,0,0,0,0,0,0,4,0,0,0,0,0,0,0,0,0,1,0,0,0,0,0,0,0,0,0,0,0,0,0,0,0,0,0,0,0,0,0,0,0,0,0,0,0,0,0,2,0,0,0,0,0,0,0,0,0,0,0,0,0,0,0,3,0,0,0,0,2,0,0,0,0,0,0,0,0,0,0,0,1,0,0,0,0,0,0,4,0,0,0,0,0,0,0,0,0,0,19,13,0,0,0,5,0,0,0,0,0,0,0,0,0,3,0,0,0,0,0,0,0,0,0,0,0,0,0,0,0,0,0,0,0,0,0,0,0,0,0,0,0,0,0,0,0,0,0,6,0,0,54,0,0,0,0,0,0,0,0,0,0,0,0,0,0,0,0,0,7,0,0,0,0,0,0,0,0,0,0,0,0,0,0,7,0,0,0,0,0,0,0,0,0,0,0,0,0,0,0,0,0,0,0,0,0,0,0,0,0,0,0,0,0,0,0,0,0,0,0,0,0,0,0,0,0,0,650,0,0,0,0,0,0,0,0,0,0,0,0,0,0,0,0,0,0,0,0,0,0,0,0,0,0,0,0,0,0,0,0,0,8,0,0,0,0,0,0,0,0,0,0,0,0,0,0,0,0,0,0,0,0,0,0,0,0,0,0,0,0,0,0,0,0,0,0,0,0,0,0,0,0,0,0,0,0,0,0,0,0,0,0,0,0,0,0,0,0,0,0,0,18,0,0,0,0,0,0,0,0,0,2,0,0,0,0,0,0,0,0
"D67",0,0,0,0,2,0,0,2,0,0,0,0,0,0,1,0,0,5,0,0,2,0,0,0,2,0,0,0,0,0,0,2,0,0,0,0,0,0,14,0,0,0,0,0,0,0,0,44,0,0,0,0,0,0,3,0,2,0,10,0,3,0,0,0,0,0,0,8,0,19,0,15,114,0,0,0,0,0,0,4,0,0,9,0,0,3,0,49,0,8,0,0,0,0,0,0,2,121,10,0,0,0,0,0,18,5,0,810,0,0,0,0,0,0,247,6,149,51,0,0,0,3,0,0,0,0,0,0,0,0,0,0,28,0,0,5,0,0,187,115,0,0,0,0,0,0,0,0,0,0,0,0,0,0,0,0,0,0,3,0,0,0,0,0,0,0,0,0,2,0,0,696,0,0,0,0,0,0,0,0,2,0,0,2,0,0,0,0,0,46,0,0,0,0,0,2,6,0,0,6,3,0,0,0,0,0,0,0,0,0,0,0,0,4,0,0,0,0,6,0,0,2,0,0,0,0,0,0,0,0,0,2,0,0,0,0,0,0,0,6,0,0,0,0,0,0,0,0,0,197,2,2,0,0,36,2,0,12,0,0,0,0,0,212,830,0,0,0,2,0,0,0,0,3,0,0,2,0,0,0,3,0,5,0,0,0,0,0,0,0,0,0,0,0,0,0,0,0,0,0,0,0,0,0,0,0,0,0,0,1,566,0,0,0,0,3,0,0,2,0,0,46,0,0,2,0,0,0,0,0,4,0,0,0,0,0,0,0,0,0,0,17,10,2,0,0,0,0,8,0,0,0,1,0,0,11,0,2,0,0,0,0,0,0,0,0,0,0,0,0,0,0,0,3,0,0,0,0,0,0,0,0,0,0,0,0,0,0,0,0,0,0,2,0,0,1,150,12,0,7,0,0,0,2,0,0,0,0,0,0,0,11,1,0,0,0,0,0,27,0,0,4,0,2,0,2,2,0,0,8,0,0,0,4,0,0,0,0,0,0,0,0,0,0,4,0,0,0,0,0,0,0,0,0,0,0,0,0,0,2,0,0,0,2,0,0,0,0,0,0,0,0,62,5,0,0,17,0,0,0,0,0,0,18,0,0,0,2,0,0,0,0,0,34,6,0,0,0,0,0,0,0,0,34,0,12,4,0,0,0,0,0,0,0,19,0,3,0,0,0,0,0,0,0,0,0,0,0,0,3,0,0,1,0,5,0,0,4,77,0,0,0,0,0,0,0,4,0,0,0,0,0,0,14,0,508,55,0,0,0,2,0,0,16,0,9,0,0,0,0,0,0,0,0,0,0,0,564,0,0,0,0,0,0,3,0,0,2,0,0,0,0,0,0,0,2,349,0,0,28,58,0,0,0,0,0,26,0,0,0,0,0,0,0,100,0,0,0,0,294,0,0,6,0,0,0,0,113,0,0,0,9,0,0,83,0,0,0,0,0,0,0,0,0,76,0,0,2,0,0,0,0,0,0,0,0,0,0,63,415,0,0,0,0,0,411,0,189,0,0,0,0,0,0,0,0,4,0,3,0,14,0,0,0,0,20,0,0,0,0,0,0,208,0,3,0,20,0,0,0,0,0,0,0,1,3,0,0,36,0,0,1,0,17,0,0,0,0,0,0,2,0,0,0,6,0,3,0,0,0,0,4,0,0,0,8,0,0,1,0,0,0,0,0,0,0,0,123,0,0,0,0,0,0,0,0,2,156,0,0,0,0,2,174,0,0,0,0,0,0,0,0,2,0,2,0,3,0,0,0,9,0,2,0,0,0,0,0,0,0,0,0,0,0,0,0,0,10,3,0,5,2,0,2,0,0,0,2,9,0,0,0,0,0,0,497,0,5,0,0,0,143,0,0,0,4,0,0,5,0,0,15,0,11,0,0
"D68",0,0,0,0,0,3030,0,0,0,0,0,0,0,0,0,0,0,0,0,0,0,0,0,0,0,0,0,0,0,0,0,0,0,0,0,0,0,13,0,0,0,0,0,0,0,0,0,0,0,0,0,0,0,0,0,0,0,0,0,0,0,0,0,0,0,0,5,0,0,0,0,0,0,0,0,0,0,0,0,0,0,0,0,0,0,0,26,0,0,0,0,0,0,0,0,0,0,0,0,0,2,0,0,0,0,0,0,0,0,0,0,0,0,0,0,0,0,0,0,0,0,0,0,0,0,0,0,0,0,0,0,0,0,0,0,0,0,0,0,0,0,19,0,0,0,0,0,0,9788,0,0,0,0,0,0,0,0,33,0,0,0,0,0,0,0,0,0,0,0,0,0,0,0,0,0,0,0,0,13,0,0,0,0,0,0,2488,0,0,0,0,0,0,0,0,11,0,0,0,0,0,0,0,0,0,0,0,0,0,0,0,0,0,0,0,0,0,8,0,0,0,0,0,0,0,0,0,0,0,0,0,4,0,0,0,0,9865,0,0,0,0,0,0,0,0,0,0,0,0,0,0,0,0,0,0,0,0,0,0,0,0,0,0,0,0,0,0,0,0,0,0,0,0,0,0,0,0,0,0,0,0,0,0,0,0,0,0,0,0,0,0,0,0,0,0,0,0,0,0,0,0,0,0,0,63,32,0,0,0,0,0,0,0,0,0,0,0,4,0,0,0,0,0,0,0,0,0,0,0,0,0,0,0,8,0,0,0,0,0,0,0,0,0,0,0,0,0,0,0,0,0,0,0,0,0,0,0,0,0,0,0,0,0,0,0,822,7,0,0,0,0,0,0,0,0,0,0,0,0,0,0,0,0,0,0,0,0,0,0,0,0,0,0,0,0,0,0,0,0,0,0,0,0,0,0,0,0,0,0,0,0,0,0,0,0,0,0,0,0,0,0,0,0,0,0,0,0,0,0,0,0,0,0,0,0,0,0,0,0,0,5,0,0,0,0,0,0,0,0,0,0,0,0,0,0,0,0,0,0,0,0,0,0,0,0,0,0,0,0,0,0,0,0,0,0,0,0,0,2,0,0,0,0,0,0,0,0,0,0,0,0,0,0,0,0,0,0,7,0,0,0,0,0,0,0,0,0,0,0,0,0,0,0,0,0,0,0,0,0,0,0,0,0,0,0,0,0,0,0,0,0,0,9,0,0,0,0,0,0,0,0,0,0,0,0,0,0,0,0,0,2,0,0,0,0,0,0,0,0,0,0,0,0,0,0,0,0,0,7639,0,7,0,0,0,0,0,0,0,0,0,0,0,0,0,0,0,0,0,0,0,0,0,0,0,0,0,0,0,0,0,0,0,0,0,0,0,0,0,0,0,0,0,0,0,0,0,0,0,0,0,0,0,0,0,0,0,0,0,0,0,0,1,0,0,0,0,0,0,0,0,0,0,0,14,0,0,0,0,0,0,0,0,0,0,0,0,0,0,0,0,0,0,0,0,0,0,0,0,0,0,0,0,87,0,0,0,0,0,0,0,0,0,0,0,0,0,0,0,0,0,0,0,0,0,2,0,0,0,0,0,0,0,0,0,0,0,0,0,0,0,0,0,0,0,0,0,0,0,0,0,0,0,0,0,0,0,0,0,21,3,0,0,0,0,0,0,0,0,0,0,0,0,0,0,0,0,0,0,0,0,0,0,0,0,0,0,0,0,0,0,0,0,0,0,0,0,3,0,0,0,0,0,0,0,6,0,0,0,0,0,0,0,0,0,0,2,0,0,0,0,0,0,0,0,0,0,0,0,0,0,0,0,0,0,0,0,0,0,0,0,0,0,0,0,0,39,0,0,0,0,0,0,0,0,0,0,0,0,0,0,0,0,0,0,0,0,0
"D69",5,0,0,0,0,0,0,0,0,0,3,0,0,0,0,0,0,0,0,0,0,0,0,95,0,0,0,0,0,0,0,0,0,0,2,0,0,0,0,0,417,160,0,0,0,3,0,0,0,0,0,0,0,0,0,0,0,33,38,0,0,0,0,0,0,0,0,0,311,0,0,68,0,0,0,2,0,0,0,0,0,0,0,0,0,0,0,0,0,1,0,0,0,0,0,0,0,0,0,0,0,0,0,0,0,15,5,0,165,0,0,0,0,0,0,0,0,0,0,24,0,34,0,2,0,0,0,0,0,0,0,0,0,0,0,0,0,0,0,0,0,0,0,0,2,79,0,0,0,0,0,0,0,0,0,0,0,0,0,0,0,0,0,0,0,0,0,1,0,0,0,0,0,0,0,0,7,0,0,0,0,0,0,0,0,0,0,0,0,19,0,0,0,0,0,0,0,0,59,0,0,4,0,0,0,5,0,0,0,0,0,0,0,0,0,0,0,0,0,0,0,0,0,0,0,0,19,0,0,0,13353,13,0,0,0,3,0,0,0,0,0,0,0,0,0,0,0,0,0,0,1148,12,2,0,0,0,0,1424,0,0,4,14,0,0,0,0,0,0,0,0,0,0,0,0,0,0,0,0,0,0,0,0,0,3,0,0,0,0,0,0,950,0,0,0,0,0,0,0,0,0,0,0,0,0,0,15,0,0,0,0,0,0,0,0,0,0,0,0,0,0,0,0,0,0,0,0,0,0,0,0,0,0,2,0,0,0,0,3,0,0,3,0,0,0,0,0,0,0,0,0,0,0,0,0,0,0,0,0,0,0,0,0,0,0,0,0,0,0,0,0,0,15,0,0,4,0,0,0,0,0,0,0,0,0,0,4,0,0,0,0,0,0,0,0,0,1,0,0,0,0,0,0,5,0,0,0,464,0,0,0,0,0,0,2,0,0,0,0,0,0,0,5,0,0,0,0,50,8,0,0,44,0,0,2,0,0,0,0,0,0,0,9,0,0,0,0,0,0,0,0,0,0,0,9,0,3,0,0,0,0,0,0,0,0,0,0,4,0,0,0,0,0,0,0,0,0,0,0,0,0,3,0,37,0,0,0,0,0,0,0,0,1,2,0,0,0,0,2,0,0,6,0,0,0,0,27,0,0,0,0,935,0,0,0,933,0,4,0,0,0,0,0,0,0,4,0,0,0,0,0,0,0,0,0,0,0,0,0,0,0,0,0,0,1,148,0,0,0,0,0,0,0,0,0,2,0,0,0,0,0,2,0,17,0,0,0,0,0,0,0,0,0,0,0,0,0,0,0,0,0,0,0,0,0,0,0,0,0,0,0,0,0,2,0,3,8,0,0,0,0,0,0,0,0,0,0,0,0,2,0,0,0,0,0,0,0,0,0,0,0,0,0,0,0,0,0,0,0,0,0,0,19,0,0,0,3,0,0,0,0,0,0,0,0,0,0,0,0,0,0,0,0,0,0,0,0,0,0,0,0,0,5,0,0,0,0,0,0,0,0,0,0,0,0,0,0,0,0,8,0,0,0,0,0,0,0,0,0,0,4,0,0,0,0,148,0,0,28,0,0,0,0,0,0,0,3,0,0,0,0,1,27,0,0,0,0,0,0,0,0,0,0,0,0,0,0,0,0,0,0,0,8,0,0,0,0,0,0,0,0,0,0,0,0,4,0,1,0,0,0,0,0,0,0,0,0,0,0,0,0,0,0,0,0,0,0,0,0,0,0,0,0,5,0,0,0,16,0,0,0,0,0,0,0,0,0,0,0,0,0,0,0,0,0,0,0,0,15,0,0,0,0,215,0,0,0,0,0,0,0,44,0,2,0,0,0,0,0,0,0,0,0,0,0,0,0,0,0,59,0,0,2,0,0,0,448
"D70",2,18,18,6,0,0,3,3,13,0,176,0,0,5,0,92,93,0,7,0,25,24,18,121,0,0,0,201,2,0,14,0,378,14,22,30,0,0,0,4,0,1,67,10,232,2,4,0,73,13,23,0,0,0,0,303,0,707,18,160,0,3,0,0,0,10,0,7,15,4,76,3,0,0,0,3,39,0,0,15,98,0,0,0,3,30,0,0,590,4,21,17,0,1,0,16,0,0,0,7,13,0,4,0,15,15,0,0,0,0,4,199,21,0,0,0,0,0,0,53,0,0,7,3,21,0,11,11,19,46,2,0,0,0,42,10,0,7,0,0,0,0,0,8,10,216,11,34,0,2,0,3,28,0,2,0,6,0,0,17,0,0,238,9,5,88,145,88,5,0,0,0,36,0,57,659,14,0,0,0,3,0,17,66,0,0,0,4,0,0,3,107,0,0,0,0,5,19,28,23,20,7,3,6,0,177,0,22,35,37,0,0,5,0,1,3,0,0,0,6,2,39,4,263,0,24,1,0,172,13,0,16,21,47,93,0,17,0,3,1,46,0,0,2,0,36,0,0,3,0,292,7,37,0,0,7,24,12,11,21,1,9,0,0,0,101,0,0,9,0,23,5,3,0,4,4,21,0,35,6,24,3,1,62,5,0,82,99,0,116,170,16,28,0,10,0,4,0,80,28,119,0,0,0,0,0,21,86,0,0,0,14,47,0,0,0,6562,0,0,203,69,0,7,0,0,0,3,0,0,2,5,4,0,0,60,15,779,42,0,0,0,0,0,0,0,12,0,741,0,0,6,4,41,2,0,9,0,13,3,0,36,0,20,190,0,0,20,0,1,23,93,0,7,0,42,69,0,39,10,3,0,2,0,0,18,0,60,18,0,25,0,0,158,2,0,0,0,342,0,9,34,0,0,0,0,18,0,0,0,0,168,114,0,0,4,110,0,3,0,0,0,2,9,57,69,191,172,8,0,0,0,0,0,163,0,3,0,9,20,0,151,43,0,72,40,0,0,0,333,0,5,0,7,35,10,0,8,57,0,0,15,13,0,0,210,133,161,1,162,98,0,133,0,2,20,96,0,0,1070,18,0,67,4,0,94,0,14,0,108,561,46,0,0,0,0,5,0,8,336,4,67,0,58,0,0,0,433,6,5,15,0,21,0,0,0,3,0,34,17,0,6,0,10,2,3,537,0,4,124,107,117,0,0,338,0,3,5,0,0,0,153,295,16,0,64,2,14,30,174,0,2,14,0,0,3,0,0,0,2,0,2,15,0,4,0,0,43,0,5,0,15,0,6,188,2,0,0,0,94,11,0,21,7,10,0,3,0,2,1,4,318,0,0,68,15,0,0,16,25,0,0,2,5,0,3,82,14,83,0,0,0,59,2,41,0,0,96,57,58,0,0,8,0,9,85,0,5,0,35,0,0,0,1339,8,0,6,7,23,1,105,5,133,0,38,0,0,50,70,0,16,5,9,0,0,333,23,2,1,22,0,80,5,67,0,116,0,2,0,0,0,0,0,59,0,39,85,0,95,66,82,0,0,0,0,0,0,0,2,13,15,0,245,0,0,0,0,0,479,1016,15,0,17,0,31,11,30,0,33,0,9,0,82,31,0,3,4,174,0,0,7,86,94,14,0,0,218,2,0,112,11,15,71,5,685,0,0,19,5,0,180,32,0,17,26,2,12,0,0,31,0,102,11,0,11,0,0,74,0,52,0,456,35,0,0,0,0,0,0,94,10,30,0,165,0,1,0,15,2,11,4,0,19,104,0,4,2,22,0,3,0,7,35,42,2,0,0,0,60,7,4,0,0,0,0,4,24,16,0,0,0,0,3,0,24,0,0,60,0,3,9,0,0,6,1,28,947,11,0,0,15,0,1,5,0,0,0
"D71",4,0,0,0,0,0,0,3,0,3,0,0,0,0,0,0,0,0,0,6,0,0,0,0,0,0,0,0,0,0,0,0,2,0,0,0,0,0,0,0,0,0,0,0,0,0,0,77,0,0,0,0,0,0,0,0,0,0,0,0,1,0,0,0,0,0,0,190,0,0,0,0,0,0,0,0,0,0,0,0,0,0,0,2,0,3,0,0,0,0,0,0,0,0,0,0,0,0,0,0,0,0,0,0,0,0,0,0,2,0,0,0,0,0,0,0,0,0,0,0,10,0,0,0,0,0,1,0,0,0,0,0,8,0,0,0,0,0,0,3,0,0,0,285,0,0,0,0,0,0,0,0,0,0,89,0,0,0,0,0,0,0,0,215,0,0,0,0,0,0,0,0,0,0,0,0,0,0,0,0,0,0,0,0,0,0,0,0,0,0,0,0,1,0,0,0,21,0,0,7,0,37,0,0,6,0,0,27,0,0,0,0,0,0,0,0,0,0,0,0,0,0,0,0,0,0,284,7,0,0,103,0,0,0,0,0,0,0,0,0,0,0,0,0,0,0,0,0,0,0,536,0,0,0,0,0,0,222,0,0,0,0,0,0,0,0,0,0,0,0,0,0,0,0,0,0,0,0,0,0,0,0,0,0,0,0,0,0,0,0,0,0,0,0,0,0,0,3,0,0,0,16,4,0,0,0,0,0,2,0,0,0,0,0,6,0,0,0,0,0,0,0,0,0,0,0,5,0,0,0,0,0,0,0,31,0,0,0,0,0,0,0,0,0,0,0,0,0,0,0,0,0,0,0,0,3,0,0,0,482,0,4,0,0,0,0,0,0,0,0,0,0,0,0,0,0,0,0,0,0,0,0,0,0,0,12,0,0,72,0,0,0,0,0,0,0,0,0,0,0,0,0,0,0,0,0,6,0,0,0,0,0,0,0,0,0,0,0,1,0,0,12,0,0,0,315,0,0,0,0,0,0,0,0,0,0,0,0,0,0,0,0,0,0,0,0,0,0,0,1,0,0,0,0,0,0,0,0,102,0,0,0,0,0,0,0,2,0,0,0,0,0,0,0,0,0,0,70,0,0,0,0,0,204,0,107,0,0,0,0,0,0,0,0,0,0,0,0,0,181,0,0,0,0,0,4,0,0,0,0,0,0,0,0,0,3,0,0,0,0,0,0,0,0,0,0,0,0,0,0,0,0,3,0,0,0,0,2,2,0,0,0,0,0,0,0,0,0,0,0,0,0,0,0,6,0,0,0,0,0,0,0,0,0,0,2,0,0,0,0,0,4,0,0,0,0,0,0,0,0,0,0,0,0,2,0,0,0,0,0,0,0,2,0,0,0,0,0,0,0,0,0,0,0,0,0,19,0,0,0,2,0,0,0,0,0,0,0,0,0,0,0,0,0,0,0,0,0,0,0,0,0,0,0,0,2,0,0,0,0,0,0,0,0,0,0,0,18,0,0,0,0,0,0,0,0,0,0,0,0,0,22,0,0,0,0,0,0,0,0,0,0,0,0,0,0,0,0,0,0,0,3,0,0,0,0,0,0,23,0,0,0,0,0,1,0,0,0,0,0,0,0,4,0,28,0,0,0,0,0,0,0,0,0,0,34,0,0,0,0,0,0,0,0,0,0,0,0,0,0,6,0,0,0,0,0,0,0,0,0,0,0,0,0,10,0,4,0,0,0,0,0,0,0,0,1,3,0,0,3,0,0,2,1,0,0,0,133,0,0,0,29,0,0,14,89,0,0,0,0,0,0,11,10,0,0,0,0,0,0,0,0,0,0,0,0,0,76,0,0,0,0,0,0,0,0,0,0,0,0,0,0,0,0,0,0,0,0,0,0,0,9,0,0,0,0,0,31,2,0,0,0,0,0,0,0
"D72",0,0,0,0,0,0,0,0,0,0,0,0,0,0,0,0,0,43,0,0,5,0,0,0,0,0,0,0,3,3,0,0,0,0,0,0,0,0,0,0,0,0,0,0,0,0,0,268,0,0,0,9,0,0,0,0,0,0,0,0,0,0,0,0,33,0,0,0,0,0,0,0,0,0,0,0,0,0,0,0,0,0,0,0,0,0,0,0,27,0,0,0,0,0,0,0,0,0,0,0,0,11,0,0,0,0,0,8,0,0,0,0,0,0,185,0,0,0,0,0,2,121,0,0,0,0,12,0,0,0,0,0,0,0,0,0,0,0,0,107,0,0,0,0,0,0,0,0,0,0,0,0,0,0,0,0,0,0,0,0,0,0,0,0,0,0,0,0,0,0,0,307,0,0,0,0,0,0,0,0,0,0,0,0,0,0,2,0,0,0,0,0,5,0,0,49,0,0,0,0,0,0,0,0,148,0,0,0,0,0,0,0,0,0,0,0,0,0,9,0,0,0,0,0,0,0,0,0,0,0,0,0,0,0,0,0,0,0,0,0,0,0,0,0,0,0,0,0,0,0,0,0,0,0,0,0,0,0,0,0,0,0,5,540,4,0,0,0,0,0,0,0,0,164,0,0,0,0,0,0,0,0,0,0,0,0,0,0,0,0,0,0,0,0,0,0,0,0,0,0,0,0,0,0,0,0,0,0,0,0,0,0,0,0,0,153,0,0,0,0,0,0,0,0,0,0,0,0,0,0,0,0,12,0,0,0,0,0,0,0,0,0,0,0,0,0,0,0,0,0,0,0,0,0,0,0,0,0,0,0,0,0,0,0,0,0,0,0,0,0,0,0,0,0,0,0,0,0,0,0,0,0,0,0,0,0,0,0,1,0,0,0,0,0,0,0,0,0,0,3,0,0,0,0,0,0,11,0,0,172,0,6,1,0,0,0,0,0,0,0,0,0,0,0,0,0,0,0,0,6,0,0,0,0,0,0,0,0,0,0,0,0,0,0,0,0,109,0,0,0,0,0,0,0,0,0,0,0,0,0,0,0,0,13,0,0,0,0,0,0,0,0,0,0,0,0,0,0,0,0,0,0,0,0,0,0,0,0,0,0,3,0,0,0,0,0,0,0,0,0,0,0,0,0,0,70,0,0,0,0,0,0,0,0,0,0,0,0,0,0,0,0,0,0,0,0,0,0,0,0,0,0,0,0,0,0,0,4,0,25,0,0,0,0,0,0,0,0,0,0,0,0,0,0,0,296,61,173,0,0,0,0,0,0,0,0,0,0,0,0,0,0,0,0,0,0,0,3208,0,0,0,0,0,0,0,0,0,0,0,0,0,0,0,27,0,0,0,0,0,0,0,0,0,0,0,0,0,0,0,0,0,0,0,0,0,0,0,0,0,9,0,0,0,0,0,0,0,0,0,0,0,0,0,0,0,0,0,0,0,0,0,0,0,0,0,0,0,0,0,0,0,0,0,0,0,0,0,0,0,0,0,0,0,0,0,0,0,621,0,0,0,0,0,0,0,0,0,12,0,0,0,0,0,0,0,0,0,0,0,0,5,0,0,0,0,0,0,0,0,0,0,0,0,0,0,0,0,0,0,0,0,0,0,0,0,0,0,0,0,0,0,0,0,0,3,0,0,0,0,0,0,0,0,0,0,0,0,0,0,0,0,0,0,0,0,0,0,0,0,0,0,0,0,0,0,0,0,0,0,0,0,0,0,145,0,0,0,0,0,0,0,0,0,0,0,0,0,0,0,0,0,0,0,183,0,0,0,0,0,0,0,0,0,0,0,0,0,0,19,0,0,0,0,13,0,0,0,0,0,0,0,0,0,0,0,0,0,0,0,0,0,0,0,0,16,0,2,0,0,0,0,0,0,0,0,0
"D73",0,0,0,0,0,0,0,0,0,0,0,0,0,0,0,0,0,0,0,0,0,0,0,0,0,0,0,0,0,0,0,0,0,0,0,0,0,0,0,0,0,0,0,0,0,0,0,0,0,0,0,0,0,0,0,0,0,0,0,0,0,0,0,0,0,0,0,0,0,0,0,0,0,0,0,0,0,0,0,0,0,0,0,0,0,0,0,0,0,0,0,0,0,0,0,0,0,0,0,0,0,0,0,0,0,0,0,0,0,0,0,0,0,0,0,0,0,0,0,0,0,0,0,0,0,0,0,0,0,0,0,0,0,0,0,0,0,0,0,0,0,0,0,0,0,0,0,0,0,0,0,0,0,0,0,0,0,0,0,0,0,0,0,0,0,0,0,0,0,0,0,2,0,0,0,0,0,0,0,0,0,0,0,0,0,0,0,0,0,0,0,0,0,0,0,0,0,0,0,0,0,0,0,0,0,0,0,0,0,0,0,0,0,0,0,0,0,0,0,0,0,0,0,0,0,0,0,0,0,0,0,0,0,0,0,0,0,0,0,0,0,0,0,0,0,0,0,0,0,0,0,0,0,0,0,0,0,0,0,0,0,0,0,0,0,0,0,0,0,0,0,0,0,0,0,0,0,0,0,0,0,0,0,0,0,0,0,0,0,0,0,0,0,0,0,0,0,0,0,0,0,0,0,0,0,0,0,0,0,0,0,0,0,0,0,0,0,0,0,0,0,0,0,0,0,0,0,0,0,0,0,0,23,0,0,0,0,0,0,0,0,0,0,0,0,0,0,0,0,0,0,0,0,0,0,0,0,0,0,0,0,0,0,0,0,0,0,2,0,0,0,0,0,0,0,0,0,0,0,0,0,0,0,0,0,0,0,0,0,0,0,0,0,0,0,0,0,2,0,0,0,0,0,0,0,0,0,0,0,0,0,0,0,0,0,0,0,0,0,0,0,0,0,0,0,0,0,0,0,0,0,0,0,0,0,0,0,0,0,0,0,0,0,0,0,0,0,0,0,0,0,0,0,0,0,0,0,0,0,0,0,0,0,0,0,0,0,0,0,0,0,0,0,0,0,0,0,0,0,0,0,0,0,0,0,0,0,0,0,0,0,0,0,0,0,0,0,0,0,0,0,0,0,0,0,0,0,0,0,0,0,0,0,0,0,0,0,0,0,0,0,0,0,0,0,0,0,0,0,0,0,0,0,0,0,0,0,0,0,0,0,0,0,0,0,0,0,0,0,0,0,0,0,0,0,0,0,0,0,0,0,0,0,0,0,0,0,0,0,0,0,0,0,0,0,0,0,0,0,0,0,0,0,0,0,0,0,0,0,0,0,0,0,0,0,0,0,0,0,0,0,0,0,0,0,0,0,0,0,0,0,0,0,0,0,0,0,0,0,0,0,0,0,0,0,0,0,0,0,0,0,0,0,0,0,0,0,0,0,0,0,0,0,0,0,2,0,0,0,0,0,0,0,0,0,0,0,0,0,0,0,0,0,0,0,0,0,0,0,0,0,0,0,0,0,0,0,0,0,0,0,0,0,0,0,0,0,0,0,0,0,0,0,0,0,0,0,0,0,0,0,0,0,0,0,0,0,0,0,0,0,0,0,0,0,0,0,0,0,0,0,0,0,0,0,0,0,0,2,0,0,0,0,0,0,0,0,0,0,0,0,0,0,0,0,0,0,0,0,0,0,0,0,0,0,0,0,0,0,0,0,0,0,0,0,0,0,0,0,0,0,0,0,0,0,0,0,0,0,0,0,0,0,0,0,0,0,0,0,0,0,0,0,0,0,0,0,3,0,0,0,0,0,0,0,0,0,0,0,0,0,0,0,0,0,0,0,0,0,0,0,0,0,0,0,0,0,0,0,0,0,0,0,0,0,0
"D74",0,0,0,0,0,0,0,0,0,0,0,0,0,0,3,0,0,0,0,0,12,0,0,0,0,0,0,0,0,3,0,0,0,0,0,0,0,0,7,0,0,0,0,0,0,0,2,595,0,0,0,0,0,0,0,0,0,0,0,0,0,0,0,0,0,0,0,8,0,0,0,0,294,0,0,0,0,0,0,0,0,0,0,0,0,0,0,0,0,0,0,0,0,0,0,0,0,13,40,0,0,0,0,0,0,0,0,252,0,0,0,0,0,0,33,0,42,2,0,0,0,4,0,0,0,0,1,1,0,0,0,92,0,0,0,0,0,0,353,0,0,0,0,0,0,0,0,0,0,0,0,0,0,0,0,0,0,0,3,0,0,0,0,0,0,0,0,0,0,0,0,657,0,0,0,0,0,0,0,0,0,0,0,0,0,0,6,0,0,429,0,0,0,0,0,0,0,0,0,0,0,0,0,0,0,0,176,0,0,0,0,0,0,1674,0,0,0,0,5,0,0,0,0,0,0,0,0,0,0,0,0,0,0,0,0,0,0,0,0,2,0,0,0,0,0,0,9,0,2,364,0,0,0,0,49,0,0,0,0,0,0,0,0,1501,31,0,0,0,0,0,0,0,0,0,0,0,0,0,0,0,0,0,2,0,0,0,0,0,0,0,0,0,0,0,0,0,0,0,0,0,0,0,0,0,0,0,0,0,0,0,410,0,0,0,0,0,0,0,0,0,0,8,0,0,0,0,0,0,19,0,4,0,0,0,0,0,0,0,0,0,0,0,0,0,0,0,0,0,2,6,5,0,0,0,0,0,0,0,0,0,0,0,0,0,0,0,0,4,0,0,0,0,0,18,0,0,0,0,0,0,0,0,0,0,0,0,0,0,0,0,0,0,0,0,0,0,77,0,0,0,0,0,0,0,0,6,0,0,0,0,0,0,0,0,0,0,0,0,0,0,0,0,0,0,0,0,0,0,0,2,0,0,0,0,0,0,0,0,0,0,0,0,0,0,0,0,0,0,0,0,0,0,0,0,0,0,0,0,0,0,0,0,0,0,0,0,0,0,0,0,0,0,159,0,0,0,40,5,0,0,0,0,0,0,0,0,0,12,0,0,0,0,0,29,0,0,0,0,0,0,0,0,0,28,0,0,0,0,0,0,0,0,0,0,18,0,0,0,0,0,0,0,0,0,0,0,0,0,0,0,0,0,0,0,2,0,0,3,0,0,0,0,0,0,0,0,0,0,0,0,0,0,0,0,0,203,246,0,0,0,0,0,0,0,0,4,0,0,0,0,0,0,0,0,0,0,0,234,0,0,0,0,0,0,0,0,0,3,0,0,0,0,0,0,0,0,639,0,0,0,50,0,0,0,0,0,0,0,0,0,0,0,0,0,656,0,0,0,0,816,0,0,5,0,0,0,0,678,0,0,0,0,0,0,4,2,0,0,0,0,0,0,0,2,0,0,0,0,0,0,0,0,0,0,0,0,0,0,45,265,0,0,0,0,0,525,0,760,0,0,0,0,0,0,0,2,12,0,0,0,48,0,0,0,0,0,0,0,0,0,132,0,107,0,0,0,0,0,0,0,0,0,0,0,0,0,0,0,20,0,0,0,0,72,0,0,0,0,0,0,0,0,0,0,3,0,0,0,0,0,0,0,0,0,0,84,0,0,0,0,0,0,0,0,0,0,0,50,0,0,0,0,0,0,0,0,0,745,0,0,0,0,0,214,0,0,0,0,0,0,0,0,2,0,2,0,0,0,0,0,2,0,0,0,0,0,0,0,0,0,0,0,0,0,0,0,0,0,0,0,0,0,0,0,0,0,0,0,0,0,0,0,0,0,0,3124,0,12,0,0,0,3,0,0,0,0,0,0,0,0,0,0,0,0,0,0
"D75",0,0,0,0,0,0,0,0,0,0,0,0,0,0,0,0,0,0,0,0,0,0,0,0,0,0,0,0,0,0,0,0,0,0,0,0,0,0,0,0,0,0,0,0,0,0,0,0,0,0,0,0,0,0,0,0,0,0,0,0,0,0,0,0,0,0,0,0,0,0,0,0,0,0,0,0,0,0,0,0,0,0,0,0,0,0,0,0,0,0,0,0,0,0,0,0,0,0,0,0,0,0,0,0,0,0,0,0,0,0,0,0,0,0,0,0,0,0,0,0,0,0,0,0,0,0,0,0,0,0,0,0,0,0,0,0,0,0,0,0,0,0,0,0,0,0,0,0,0,0,0,0,0,0,0,0,0,0,0,0,0,0,0,0,0,0,0,0,0,0,0,0,0,0,0,0,0,0,0,0,0,0,0,0,0,0,0,0,0,0,0,0,0,0,0,0,0,0,0,0,0,0,0,0,0,0,0,0,0,0,0,0,0,0,0,0,0,0,0,0,0,0,0,0,0,0,0,0,0,0,0,0,0,0,0,0,0,0,0,0,0,0,0,0,0,0,0,0,0,0,0,0,0,0,0,0,0,0,0,0,0,0,0,0,0,0,0,0,0,0,0,0,0,0,0,0,0,0,0,0,0,0,0,0,0,0,0,0,0,0,0,0,0,0,0,0,0,0,0,0,0,0,0,0,0,0,0,0,0,0,0,0,0,0,0,0,0,0,0,0,0,0,0,0,0,0,0,0,0,0,0,0,0,0,0,0,0,0,0,0,0,0,0,0,0,0,0,0,0,0,0,0,0,0,0,0,0,0,0,0,0,0,0,0,0,0,0,0,0,0,0,0,0,0,0,0,0,0,0,0,0,0,0,0,0,0,0,0,0,0,0,0,0,0,0,0,0,0,0,0,0,0,0,0,0,0,0,0,0,0,0,0,0,0,0,0,0,0,0,0,0,0,0,0,0,0,0,0,0,0,0,0,0,0,0,0,0,0,0,0,0,0,0,0,0,0,0,0,0,0,0,0,0,0,0,0,0,0,0,0,0,0,0,0,0,0,0,0,0,0,0,0,0,0,0,0,0,0,0,0,0,0,0,0,0,0,0,0,0,0,0,0,0,0,0,0,0,0,0,0,0,0,0,0,0,0,0,0,0,0,0,0,0,0,0,0,0,0,0,0,0,0,0,0,0,0,0,0,0,0,0,0,0,0,0,0,0,0,0,0,0,0,0,0,0,0,0,0,0,0,0,0,0,0,0,0,0,0,0,0,0,0,0,0,0,0,0,0,0,0,0,0,0,0,0,0,0,0,0,0,0,0,0,0,0,0,0,0,0,0,0,0,0,0,0,0,0,0,0,0,0,0,0,0,0,0,0,0,0,0,0,0,0,0,0,0,0,0,0,0,0,0,0,0,0,0,0,0,0,0,0,0,0,0,0,0,0,0,0,0,0,0,0,0,0,0,0,0,0,0,0,0,0,0,0,0,0,0,0,0,0,0,0,0,0,0,0,0,0,0,0,0,0,0,0,0,0,0,0,0,0,0,0,0,0,0,0,0,0,0,0,0,0,0,0,0,0,0,0,0,0,0,0,0,0,0,0,0,0,0,0,0,0,0,0,0,0,0,0,0,0,0,0,0,0,0,0,0,0,0,0,0,0,0,0,0,0,0,0,0,0,0,0,0,0,0,0,0,0,0,0,0,0,0,0,0,0,0,0,0,0,0,0,0,0,0,0,0,0,0,0,0,0,0,0,0,0,0,0,0,0,0,0,0,0,0,0,0,0,0,0,0,0,0,0,0,0,0,0,0,0,0,0,0,0,0,0,0,0,0,0,0,0,0,0,0,0,0,0,0,0,0,0,0,0,0,0,0,0,0,0,0,0,0,0,0
"D76",4,16,113,0,1,0,0,11,44,0,25,0,0,0,0,19,108,0,15,10,4,0,20,94,34,1,12,0,8,0,12,73,30,4,4,1,104,0,0,0,64,0,0,4,76,2,9,0,16,0,31,0,47,0,139,259,132,78,51,18,0,0,0,0,23,0,0,0,311,0,33,7,0,4,0,23,2,0,0,19,12,9,0,0,0,83,0,0,103,5,10,13,0,0,0,0,0,0,0,7,107,26,9,24,9,45,12,0,0,0,19,6,0,27,0,0,0,0,0,42,7,0,4,0,78,0,2,0,11,0,0,0,0,4,91,76,7,61,0,15,0,0,0,49,10,345,23,0,0,12,0,0,0,9,0,16,0,0,2,13,0,0,11,0,0,11,0,0,8,10,4,0,2,0,9,132,0,0,0,0,3,38,2,47,3,0,0,9,0,0,4,0,9,0,0,13,7,8,11,59,8,0,2,0,0,0,0,48,0,0,5,0,7,0,4,6,0,0,19,0,0,0,3,7,14,0,49,0,0,8,0,9,2,18,3,0,16,0,23,1,6,0,9,4,2,0,0,2,17,0,1,3,20,0,0,0,2,66,4,16,1,0,0,0,0,36,11,0,70,0,13,0,13,18,0,2,11,0,0,5,11,0,0,9,5,47,2,48,1,29,0,65,0,0,6,1,16,0,0,31,21,0,13,0,0,22,0,0,4,0,0,29,0,0,1,86,146,0,0,174,3,0,0,0,0,2,20,0,0,5,0,2,0,0,0,3,43,29,0,0,0,0,0,0,8,9,0,152,0,0,0,96,23,5,0,0,0,0,1,0,7,0,0,7,0,0,10,0,103,0,15,5,0,0,53,0,3,0,4,23,0,42,2,0,3,5,2,3,0,8,0,0,72,16,2,40,0,466,0,0,4,9,0,3,1,0,79,0,0,0,80,77,4,0,3,12,3,5,37,5,21,1,4,84,266,6,48,0,0,40,14,0,7,55,2,0,19,0,6,0,4,39,0,0,113,0,21,2,121,0,5,47,4,5,30,8,0,0,0,0,6,50,202,0,0,0,29,0,41,11,0,34,0,7,149,0,0,0,72,36,0,57,1,0,9,1,1,0,6,26,30,0,0,0,0,5,0,5,85,0,3,0,4,4,0,0,3,0,0,42,0,39,0,22,0,3,23,0,12,0,6,3,5,9,0,71,31,9,40,43,11,0,0,153,0,6,3,8,0,15,45,45,7,0,6,0,0,52,0,0,6,0,0,0,4,0,0,0,0,0,0,0,2,82,0,0,46,0,11,0,0,4,1,2,7,25,0,0,22,0,3,1,16,14,0,6,0,0,37,0,46,0,0,0,3,0,0,22,0,0,0,0,25,1,4,0,3,47,0,0,0,19,24,34,0,0,23,1,20,0,3,0,0,1,1,18,4,0,0,0,0,0,17,14,8,0,0,0,26,58,2,5,0,0,0,0,3,23,0,5,8,36,0,2,6,257,0,2,49,0,4,0,46,21,22,0,2,0,0,0,0,0,2,0,0,15,0,0,181,0,0,2,0,0,0,0,26,0,0,16,0,56,0,0,8,0,0,268,42,8,40,2,0,3,2,14,28,5,0,0,9,138,2,0,9,0,0,0,3,11,22,14,0,0,0,195,10,0,152,24,90,6,14,2,7,0,5,6,0,42,0,64,38,34,0,5,1,0,11,12,2,7,1,14,31,0,130,0,5,2,4,8,0,0,0,2,17,0,5,2,12,0,96,0,0,0,46,56,0,1,0,0,139,3,30,3,8,9,19,90,29,0,4,2,90,0,30,51,0,0,8,0,38,63,0,0,3,7,235,28,0,3,7,0,0,0,16,0,15,20,2,0,0,31,0,36,212,0,0,28,0,0,10,10,0,0
"D77",0,0,0,0,0,0,0,0,0,0,0,0,0,0,0,0,0,0,0,0,0,0,0,0,0,0,0,0,0,0,0,0,0,0,0,0,0,295,0,0,0,0,0,0,0,0,0,0,0,0,0,0,0,0,0,0,0,0,0,0,0,0,0,0,0,0,0,0,0,0,0,0,0,0,0,0,0,0,0,0,0,0,0,0,0,0,0,0,0,0,0,0,0,0,0,0,0,0,0,0,0,0,0,0,0,0,0,0,0,0,0,0,0,0,0,0,0,0,0,0,0,0,0,0,0,0,0,0,0,0,0,0,0,0,0,0,0,0,0,0,0,75,0,0,0,0,0,0,0,0,0,0,0,0,0,0,0,2646,0,0,0,0,0,0,0,0,0,0,0,0,0,0,0,0,0,0,0,0,0,0,0,0,0,0,0,0,0,0,0,0,0,0,0,0,25,0,0,0,0,0,0,0,0,0,0,0,0,0,0,0,0,0,0,0,0,0,0,0,0,0,0,0,0,0,0,0,0,0,0,0,0,0,0,0,0,0,0,0,0,0,0,0,0,0,0,0,0,0,0,0,0,0,0,0,0,0,0,0,0,0,0,0,0,0,0,0,0,0,0,0,0,0,0,0,0,0,0,0,0,0,0,0,0,0,0,0,0,0,0,0,0,0,0,0,0,0,0,0,0,0,0,0,0,392,134,0,0,0,0,0,0,0,0,0,0,0,0,0,0,0,0,0,0,0,0,0,0,0,0,0,0,0,0,0,0,0,0,0,0,0,0,0,0,0,0,0,0,0,0,0,0,0,0,0,0,0,0,0,0,0,0,0,0,0,850,75,0,0,0,0,0,0,0,0,0,0,0,0,0,0,0,0,0,0,0,0,0,0,0,0,0,0,0,0,0,0,0,0,0,0,0,0,0,0,0,0,0,0,0,0,0,0,0,0,0,0,0,0,0,0,0,0,0,0,0,0,0,0,0,0,0,0,0,0,0,0,0,0,0,519,0,0,0,0,0,0,0,0,0,0,0,0,0,0,0,0,0,0,0,0,0,0,0,0,0,0,0,0,0,0,0,0,0,0,0,0,0,0,0,0,0,0,0,0,0,0,0,0,0,0,0,0,0,0,0,0,51,0,0,0,0,0,0,0,0,0,0,0,0,0,0,0,0,0,0,0,0,0,0,0,0,0,0,0,0,0,0,0,0,0,0,0,0,0,0,0,0,0,0,0,0,0,0,0,0,0,0,0,0,0,0,0,0,0,0,0,0,0,0,0,0,0,0,0,0,0,0,0,0,584,0,0,0,0,0,0,6,0,0,0,0,0,0,0,0,0,0,0,0,0,0,0,0,0,0,0,0,0,0,0,0,0,0,0,0,0,0,0,0,0,0,0,0,0,0,0,0,0,0,0,0,0,0,0,0,0,0,0,0,0,0,0,0,0,0,0,0,0,0,0,0,0,0,0,0,0,0,0,0,0,0,0,0,0,0,0,0,0,0,0,0,0,0,0,0,0,0,0,0,0,0,0,0,0,0,0,0,0,0,0,0,0,0,0,0,0,0,0,0,0,0,0,0,218,0,0,0,0,0,0,0,0,0,0,0,0,0,0,0,0,0,0,0,0,0,0,0,0,0,0,0,0,0,0,0,0,0,0,0,0,0,0,0,0,0,0,0,0,0,0,0,0,0,0,0,0,0,0,0,0,0,0,0,0,0,0,0,0,0,0,0,0,0,0,0,0,0,0,0,0,0,0,0,79,0,0,0,0,0,0,0,0,0,0,0,0,0,0,0,0,0,0,0,0,0,0,0,0,0,0,0,0,0,0,0,0,0,0,0,0,0,0,0,0,0,0,0,0,0,0,0,0,0,0,0,0,0,0,0,0,0,0,0,0,0,0
"D78",0,0,0,0,0,0,0,0,0,0,0,0,0,0,0,0,0,0,0,0,0,0,0,0,0,0,0,0,0,0,0,0,0,0,0,0,0,697,0,0,0,0,0,0,0,0,0,0,0,0,0,0,0,0,0,0,0,0,0,0,0,0,0,0,0,0,0,0,166,0,0,0,0,0,0,0,0,0,0,0,0,0,0,0,0,0,0,0,0,0,0,0,0,0,0,0,0,0,0,0,0,0,0,0,0,0,0,0,0,0,0,0,0,0,0,0,0,0,0,0,0,0,0,0,0,0,0,0,0,0,0,0,0,0,0,0,0,0,0,0,0,139,0,0,0,0,0,0,86,0,0,0,0,0,0,0,0,25,0,0,0,0,0,0,0,0,0,0,0,0,0,0,0,0,0,0,0,0,60,0,0,0,0,0,0,0,0,0,0,0,0,0,0,0,0,0,0,0,0,0,0,0,0,0,0,0,0,0,0,0,0,0,0,0,0,0,0,0,0,0,0,0,0,0,0,0,0,0,0,0,0,0,0,0,0,0,0,0,0,0,0,0,0,0,0,0,0,0,0,0,0,0,0,0,0,0,0,0,0,0,0,0,0,0,0,0,0,0,0,0,0,0,0,0,0,0,0,0,0,0,0,0,0,0,0,0,0,0,0,0,0,0,0,0,0,0,0,0,0,0,0,0,0,0,0,0,0,0,0,0,0,0,0,0,0,0,0,0,0,0,0,0,0,0,0,0,0,0,0,0,0,0,0,0,0,0,0,0,0,0,0,0,0,0,0,0,0,0,0,0,0,0,0,0,0,0,0,0,0,0,0,0,0,0,544,0,0,0,0,0,0,0,0,0,0,0,0,0,0,0,0,0,0,0,0,0,0,0,0,0,0,0,0,0,0,0,0,0,1,0,0,0,0,0,0,0,0,0,0,0,0,0,0,0,0,0,0,0,0,0,0,0,0,0,0,0,0,0,0,0,0,0,0,0,0,0,0,0,0,0,0,0,0,0,0,0,0,0,0,0,0,0,0,0,0,0,0,0,0,13,0,0,0,0,0,0,0,0,0,0,0,0,0,0,0,0,0,0,0,0,0,0,0,0,0,0,0,0,0,0,0,0,0,0,0,0,33,0,0,0,0,0,0,0,0,0,0,0,0,0,0,0,0,0,0,0,0,0,0,0,0,0,0,0,0,0,0,0,0,0,0,11,0,0,0,0,0,0,0,0,0,0,0,0,0,0,0,0,0,4,0,0,0,0,0,0,0,0,0,0,0,0,0,0,0,0,0,18,6,640,0,0,0,0,0,0,0,0,0,0,0,0,0,0,0,0,0,0,0,0,0,0,0,0,0,0,0,0,0,0,0,0,0,0,0,0,0,0,0,0,0,0,0,0,0,0,0,0,0,0,0,0,0,0,0,0,0,0,0,0,0,0,0,0,0,0,0,0,0,0,0,0,11,0,0,0,0,0,0,0,0,0,0,0,0,0,0,0,0,0,0,0,0,0,0,0,0,0,0,4,0,0,0,773,0,0,0,0,0,0,0,0,0,0,0,0,0,0,0,0,0,0,0,112,0,0,0,0,0,0,0,0,6,0,0,0,0,0,0,0,0,0,0,0,0,0,0,0,0,0,0,0,0,0,0,0,0,0,0,0,0,0,0,0,0,0,0,0,0,0,0,0,0,0,0,0,0,0,0,0,0,0,0,0,0,0,0,0,0,0,0,0,0,0,0,0,0,0,0,0,0,0,0,88,0,0,0,0,0,0,0,0,0,0,0,0,0,0,0,0,0,0,0,0,0,0,0,0,0,0,0,0,0,0,0,0,0,0,0,0,0,0,0,0,72,0,0,0,0,0,0,0,0,0,0,0,0,0,0,0,0,0,0,0,0,0
"D79",13,0,3,1,0,139,9,13,0,72,0,0,0,0,0,0,0,3,0,0,0,0,0,0,0,0,0,0,0,13,8,0,2,0,0,0,0,74,0,193,0,0,8,0,0,31,12,20,0,0,0,8,0,0,0,0,0,0,0,0,501,0,0,0,0,0,0,13,68,0,0,7,0,0,0,0,0,7,84,0,0,0,0,0,0,0,21,0,0,26,0,0,11,2,15,0,0,0,0,0,0,0,0,0,0,0,10,0,1,0,0,0,0,0,0,29,0,0,0,6,0,0,0,0,0,0,0,0,0,0,3,0,0,0,0,0,0,0,0,0,0,137,4,0,3,0,0,0,1901,0,75,0,0,0,21,0,14,547,0,10,0,19,0,0,0,0,0,4,0,0,0,0,0,16,0,2,0,0,40,2,0,0,0,0,0,139,0,0,0,0,0,0,0,2,83,0,0,3,0,2,0,8,0,5,0,2,0,3,0,0,0,11,0,0,0,0,116,0,0,0,0,0,0,0,0,0,0,1,2,0,106,0,0,0,0,405,0,70,0,0,0,0,0,0,0,0,0,0,0,0,172,0,0,27,0,0,0,0,0,0,0,0,1082,0,0,0,0,55,0,0,0,0,0,0,0,0,4,0,0,0,0,2,0,0,0,0,0,0,0,0,4,0,0,0,0,14,0,0,0,0,0,4,12,0,112,5,0,0,5,0,0,0,0,0,3,0,0,2,0,0,0,0,0,0,0,0,0,0,0,0,0,2,40,0,4,0,0,8,0,14,8,0,0,0,0,0,0,0,1,0,0,0,0,2,0,2,0,0,3,0,0,3,0,0,2295,19,0,0,0,0,0,0,0,0,0,0,0,0,0,0,0,5,0,146,0,0,0,0,1,0,0,2,0,0,0,0,0,8,2,8,0,0,35,83,0,0,0,0,26,0,0,0,0,0,0,0,0,0,0,0,0,0,0,0,0,38,0,0,5,0,3,2,0,0,0,0,0,3,0,8,0,10,0,0,0,39,0,14,0,29,0,0,0,2,0,0,6,0,13,0,0,0,0,0,0,0,4802,0,0,0,0,0,0,0,0,0,5,123,0,0,23,2,0,25,2,0,0,0,0,0,0,0,15,0,0,1,132,0,0,30,0,0,0,0,11,0,0,0,0,0,70,0,0,10,0,2,94,0,0,0,0,0,0,0,0,0,0,0,0,0,0,12,2,0,0,0,0,0,7,0,0,0,0,0,0,0,0,0,0,8,0,0,5,21,0,0,0,0,0,0,4,4,0,0,0,0,0,54,0,131,0,3,0,0,0,0,27,0,0,0,2,0,0,0,5,0,0,0,0,0,0,0,12,0,0,0,0,0,0,0,0,0,0,0,3,0,0,0,7,2,1,0,17,0,0,0,0,0,0,0,0,0,0,0,0,0,0,0,0,5,35,0,0,2,0,0,2,0,0,0,41,0,159,0,0,25,0,46,20,0,0,0,0,0,0,0,0,8,0,0,2,0,0,0,0,0,0,0,0,73,0,431,0,0,0,0,0,0,0,0,0,0,0,61,0,0,0,0,1,0,0,0,0,0,24,0,0,0,0,0,0,0,0,3,0,0,0,0,0,0,13,0,0,0,0,9,0,0,0,0,0,0,0,63,0,0,0,0,0,0,0,3,0,0,0,0,0,0,16,0,0,0,0,3,27,0,0,0,0,0,0,0,0,0,0,5,0,0,0,0,0,0,0,0,5,26,0,63,0,0,0,2,3,58,0,0,0,0,3,0,0,0,4,0,13,0,0,0,0,0,0,0,0,0,4,0,0,0,0,0,1,0,4,0,0,0,0,0,0,0,0,0,0,0,4,0,0,0,0,0,2,0,0,0,0,0,0,8,10,0,0,2,0,0,0,0
"D80",0,0,0,0,0,0,0,0,0,18,0,0,2,0,0,0,0,0,0,0,0,0,0,0,0,0,0,0,0,0,0,0,0,0,0,0,0,0,0,0,0,0,0,0,0,0,0,0,0,0,0,0,0,0,0,0,0,0,0,0,0,0,0,0,0,0,12,0,0,0,0,0,0,0,0,0,0,0,0,0,0,0,0,0,0,0,0,0,0,0,0,0,0,0,0,0,0,0,0,0,0,0,0,0,0,0,0,0,0,0,0,0,0,0,0,0,0,0,0,0,0,0,0,0,0,0,0,0,0,0,0,0,0,0,0,0,0,0,0,0,0,0,135,0,0,0,0,0,0,0,0,0,0,0,0,0,0,0,0,0,0,0,0,4,0,0,0,0,0,0,0,0,0,0,0,0,0,0,0,0,0,0,0,0,0,0,0,0,0,0,0,0,0,0,0,0,0,0,0,0,0,0,0,0,0,0,0,2,0,0,0,0,0,0,0,0,0,0,0,0,0,0,0,0,0,0,0,0,0,0,0,2,0,0,0,0,0,0,0,0,0,0,0,0,0,0,0,0,0,0,32,0,0,6,0,0,0,0,0,0,0,0,9,0,0,0,6,0,0,0,0,0,0,0,0,0,0,0,0,0,0,0,0,0,0,0,0,0,0,0,0,0,0,0,0,0,0,0,0,0,0,0,0,0,0,0,0,0,0,0,0,0,0,0,376,0,0,0,0,0,0,0,0,0,0,0,0,0,0,0,0,0,24,0,0,0,0,0,0,0,0,0,0,0,0,0,0,0,8,0,0,0,0,0,0,8,0,0,0,0,0,0,0,0,0,0,0,0,0,0,0,0,0,0,0,0,0,0,0,0,0,0,0,0,0,0,0,0,0,0,0,0,0,0,0,0,0,0,0,0,0,0,0,0,0,0,0,0,0,0,0,0,0,0,0,0,0,0,172,0,0,0,0,0,0,0,0,0,0,0,0,0,0,0,0,0,0,0,0,0,0,0,0,0,0,0,0,0,0,0,0,0,0,0,0,0,0,0,0,0,0,0,0,0,0,0,0,0,0,0,0,0,0,0,0,0,0,0,0,0,0,0,0,0,0,0,0,0,0,0,0,0,0,0,0,0,0,0,0,0,0,0,0,0,0,0,0,0,0,0,0,0,0,0,0,0,0,0,0,0,0,0,0,0,0,0,0,0,0,0,0,3,0,0,0,0,0,0,0,0,0,0,0,0,0,0,0,0,0,0,0,0,0,0,0,0,0,0,0,0,0,0,11,0,0,0,0,0,0,0,0,0,0,0,0,0,0,0,0,0,0,0,0,0,0,0,0,0,0,0,0,0,2,0,0,0,0,0,0,0,0,0,0,0,5,0,0,0,0,0,0,0,0,0,0,0,0,0,0,0,0,0,0,0,0,0,0,0,0,0,845,0,0,0,0,0,0,0,0,0,0,0,0,0,0,26,0,0,4,0,0,0,0,0,0,0,0,0,0,0,0,0,0,0,0,0,0,0,0,0,0,0,0,0,0,0,0,0,0,0,0,45,0,0,0,0,0,0,9,0,0,0,0,0,0,0,0,0,0,0,0,0,0,0,0,0,0,0,0,0,0,0,0,0,0,0,0,0,8,0,0,0,0,0,0,0,0,4564,0,0,0,0,0,0,0,0,0,0,0,0,0,0,0,0,0,0,0,0,0,0,0,0,0,0,0,0,0,0,0,0,0,0,0,0,0,0,0,0,0,0,7,0,0,0,0,0,0,0,0,0,0,0,0,28,0,0,0,0,0,0,0,0,0,0,0,0,0,0,0,0,0,0,0,0,0,0,0,0,0,0,0,0,0,0,0,0,0,0,0,0,0,0,0,0,0,0,0,0,0,0,0,0,0,0,0,0
"D81",1,0,2,0,0,24,0,3,0,2291,0,0,112,0,0,0,0,0,0,0,0,0,0,0,0,0,0,2,0,14,0,0,0,0,0,0,0,4,0,0,0,0,0,0,0,4,1,0,0,0,0,0,0,0,0,0,0,0,0,0,0,0,0,0,0,0,415,0,0,0,0,1,0,0,0,0,0,0,0,0,0,0,0,0,0,0,451,0,0,0,0,0,9,0,30,0,0,0,0,0,0,0,0,0,0,0,0,0,15,0,0,0,0,0,0,13,0,0,0,0,0,0,0,0,0,0,0,0,0,0,0,0,0,0,0,0,0,0,0,0,0,0,0,0,0,0,0,0,30866,0,178,0,0,0,0,0,0,5,0,0,0,0,0,0,0,0,0,0,0,0,0,0,0,18,0,0,0,0,9,0,0,0,0,0,0,10,0,0,0,0,0,0,0,5,9,0,0,0,0,0,0,5,0,0,0,0,0,3,0,0,0,2,0,0,0,0,90,0,0,0,2,0,0,0,0,0,3,0,0,0,10,0,0,0,0,3230,0,0,0,0,0,0,0,0,0,0,0,0,0,0,0,0,0,2,0,0,0,76,0,0,0,0,95,0,0,0,1,5,0,0,0,0,0,0,0,0,0,0,0,0,0,0,0,0,0,0,0,0,0,11,3,0,0,0,0,0,0,0,0,0,0,0,0,67,0,0,0,0,0,0,0,0,0,0,9,0,0,0,0,0,0,0,0,0,0,0,37,0,0,0,0,0,1033,0,0,0,0,0,0,0,0,0,0,0,0,0,0,0,0,0,0,0,0,0,0,0,0,0,2,0,0,0,0,0,26,0,0,12,0,0,0,0,0,0,0,0,0,0,0,0,0,0,0,50,0,0,0,0,3,0,0,0,0,0,0,0,0,0,547,0,0,0,36,25,0,22,0,0,0,0,0,0,0,0,0,0,0,13,109,0,0,0,0,0,0,2,0,0,65,0,0,0,0,0,0,0,0,0,0,0,0,0,0,0,0,11,0,0,0,36,0,0,0,0,0,0,0,0,3,0,0,0,0,0,0,0,144,0,0,0,0,0,0,0,0,0,0,73,0,0,0,0,0,0,0,0,0,0,0,0,0,0,6,0,0,0,0,0,0,3,0,0,0,0,25,0,0,16,0,0,75,0,0,0,0,5,53,0,0,0,0,0,0,0,0,0,0,0,0,0,0,24,34,0,0,2,0,0,0,0,0,0,0,0,0,0,0,0,0,0,0,0,0,0,0,0,0,0,0,0,0,0,0,0,0,0,0,12,0,0,0,2,0,0,0,0,0,0,0,0,0,0,0,0,5,0,0,0,0,0,0,0,4,0,0,0,0,0,0,0,0,0,0,0,0,0,16,0,5,0,9,0,0,0,0,0,0,0,0,0,0,0,0,0,0,0,0,0,0,255,68,0,0,4,0,0,0,0,0,0,0,0,0,0,0,16,0,7,0,0,0,0,0,0,0,0,0,2,0,0,0,8,0,0,0,0,0,0,0,0,0,2,0,0,0,0,0,0,0,0,0,0,0,4,0,0,0,0,27,0,0,0,0,6,66,0,0,0,0,0,0,0,0,2,0,0,0,0,0,0,0,0,0,0,0,0,0,0,0,4,0,0,0,3,0,1,0,3,19,0,0,0,0,0,0,0,0,0,0,0,0,0,0,0,10,0,0,0,0,0,0,0,0,0,0,0,0,0,0,0,0,0,0,0,0,0,0,0,0,0,0,0,0,2,0,0,0,0,0,0,0,0,0,16,25,0,0,0,0,0,0,0,0,0,0,0,0,0,0,0,0,0,0,0,0,0,0,0,0,0,0,0,0,0,0,0,0,0,0,0,0,0,0,0,0,0,0,4,0,0,0,0,0,0,0,0
"D82",0,0,0,0,0,16,0,0,0,13,0,0,35,0,0,0,0,0,0,0,0,0,0,0,0,0,0,0,0,4,0,0,0,0,0,0,0,0,0,0,0,0,0,0,0,0,5,0,0,0,0,0,0,0,0,0,0,0,0,0,0,0,0,0,0,0,36,0,0,0,0,0,0,0,0,0,0,0,0,0,0,0,0,0,0,0,241,0,0,0,0,0,0,0,0,0,0,0,0,0,0,0,0,0,0,0,0,0,4,0,0,0,0,0,0,0,0,0,0,0,0,0,0,0,0,0,0,0,0,0,0,0,0,0,0,0,0,0,0,0,0,0,0,0,0,0,0,0,49478,0,209,0,0,0,0,0,0,4,0,0,0,0,0,0,0,0,0,0,0,0,0,0,0,5,0,0,0,0,0,0,0,0,0,0,0,13,0,0,0,0,0,0,0,2,4,0,0,0,0,0,0,0,0,0,0,0,0,0,0,0,0,0,0,0,0,0,5,0,0,0,0,0,0,0,0,0,0,0,0,0,2,0,0,0,0,3837,0,0,0,0,0,0,0,0,0,0,0,0,0,0,0,0,0,0,0,0,0,0,0,0,0,0,17,0,0,0,0,13,0,0,0,0,0,0,0,0,0,0,0,0,0,0,0,0,0,0,0,0,0,0,0,0,0,0,0,0,0,0,0,0,0,0,0,3,14,0,0,0,0,0,0,0,0,0,0,0,0,0,0,0,0,0,0,0,0,0,0,0,2,0,0,0,39,0,0,0,0,0,0,0,0,0,0,0,0,0,0,0,0,0,0,0,0,0,0,0,0,0,0,0,0,0,0,0,129,2,0,0,0,0,0,0,0,0,0,0,0,0,0,0,0,0,0,4,0,0,0,0,0,0,0,0,0,0,0,0,0,0,251,0,0,0,0,0,0,7,0,0,0,0,0,0,0,0,0,0,0,0,0,0,0,0,0,0,0,0,0,0,67,0,0,0,0,0,0,0,0,0,0,0,0,0,0,0,0,0,0,2,0,0,0,0,0,0,0,0,0,0,0,0,0,0,0,0,0,0,29,0,0,0,0,0,0,0,0,0,0,3,0,0,0,0,0,0,0,87,0,0,0,0,0,0,0,0,0,0,0,0,0,0,0,0,0,0,0,0,0,0,0,0,0,0,0,0,0,0,4,0,0,0,0,0,0,0,0,0,0,0,0,0,0,5,2,0,0,0,0,0,0,11,0,0,0,0,0,0,0,0,0,0,0,0,0,0,0,0,0,0,0,0,0,0,0,0,0,0,0,5,0,0,0,0,0,0,0,0,0,0,0,0,0,0,0,0,0,0,0,0,0,0,0,0,0,0,0,0,0,0,0,0,0,0,0,0,0,0,0,0,0,0,0,0,0,0,0,0,0,0,0,0,0,0,0,0,0,0,0,0,0,0,4,0,0,0,0,0,0,0,0,0,0,0,4,0,0,0,0,0,0,0,0,0,0,0,0,0,0,0,0,0,0,0,0,0,0,0,0,0,0,0,0,9,0,0,0,0,0,0,0,0,0,0,0,0,0,0,0,0,0,0,0,0,0,0,0,0,0,0,0,0,0,0,0,0,0,0,0,0,0,0,0,0,0,0,0,0,0,0,0,0,0,0,0,0,0,4,0,3,0,0,0,0,0,0,0,0,0,0,0,0,0,0,0,0,0,0,0,0,0,0,0,0,0,0,0,0,0,0,0,0,0,0,0,0,0,0,0,2,0,0,0,0,0,0,0,0,0,0,0,0,0,0,0,2,0,0,0,0,0,0,0,0,0,0,0,0,0,0,0,0,0,0,0,0,0,0,0,0,0,0,0,0,0,0,0,0,0,0,0,0,0,0,0,0,0,0,0,4,0,0,0,0,0,0,0,0
"D83",17,0,367,483,849,0,49,21,0,0,0,134,2,59,0,0,0,0,1,0,0,0,0,0,0,0,1,0,0,0,0,13,0,0,26,0,0,0,0,0,207,0,6,0,174,1,0,0,165,0,0,0,11,0,0,0,12,0,0,0,0,7,0,0,0,0,0,0,849,0,0,103,0,0,0,0,0,0,0,0,0,0,0,0,5,0,0,0,0,0,0,0,0,74,0,0,0,0,0,0,0,0,0,0,39,0,0,0,0,0,0,0,0,0,0,0,0,0,0,0,0,0,3,0,0,426,0,0,0,0,16,0,0,0,4,0,2,0,0,5,0,0,0,80,187,5,0,0,0,2,0,0,0,5,92,4,0,0,0,0,0,0,0,0,0,0,0,104,6,0,0,0,0,0,0,0,0,0,0,0,0,0,0,0,0,0,0,0,0,0,0,0,0,0,0,0,0,1,0,30,0,0,0,0,0,1171,0,2,0,0,0,0,0,0,28,0,0,0,0,6,26,0,0,0,0,2,14,0,298,54,44,0,0,0,0,0,0,0,0,0,7,0,0,0,0,0,0,0,0,0,267,129,0,0,0,0,0,9,0,0,12,0,0,0,0,0,6,0,0,0,65,155,0,0,0,0,0,146,9,0,0,1,0,0,4,0,0,0,0,0,17,0,0,0,0,0,0,44,0,626,0,0,4,0,0,0,0,0,0,10,0,0,0,1,0,0,0,0,559,46,0,0,0,0,0,0,18,2,0,0,0,7,0,0,0,0,0,49,12,6,0,0,0,0,0,0,20,17,0,0,0,0,0,0,0,2,5,3,2,20,0,0,22,0,0,0,0,0,0,0,0,101,1,0,0,0,0,0,1,0,0,0,0,0,0,0,0,0,0,0,0,403,0,0,0,0,0,28,0,0,0,0,11,0,102,0,0,0,0,0,0,0,0,1,1,6,0,0,0,0,3,0,0,0,0,26,0,218,0,0,2082,0,0,316,0,4,0,1081,0,0,96,103,48,114,0,0,0,0,0,20,0,0,0,0,0,0,0,0,0,0,1,0,0,0,0,1,20,0,0,0,0,125,0,0,0,0,0,0,0,0,127,1622,1,0,4,0,0,0,90,0,0,0,0,0,0,2,0,113,0,34,0,0,0,0,0,0,0,0,0,0,24,0,0,185,0,106,0,11,0,4,0,0,0,0,3,38,41,0,0,0,0,0,0,0,0,17,0,2,72,0,242,0,2,0,28,0,0,0,3275,0,0,0,630,0,0,0,0,0,48,9,9,0,0,0,0,191,0,0,0,0,0,288,54,769,0,0,0,0,0,1,0,43,0,0,0,11,0,0,0,15,6,0,9,0,0,0,0,0,0,0,0,0,13,0,0,0,18,74,0,0,0,0,142,0,0,0,0,0,0,0,0,0,0,0,0,0,4,0,0,0,0,0,0,0,0,0,0,0,0,1233,0,0,0,0,0,0,0,2,0,0,0,1,0,0,0,0,0,0,0,0,0,0,0,0,0,0,0,0,0,0,0,0,0,0,35,0,0,33,0,0,0,0,0,0,0,0,0,0,0,14,0,0,0,0,0,0,0,394,0,0,0,0,0,0,0,0,0,0,0,0,0,0,35,0,0,2,0,0,0,0,0,0,57,0,0,78,0,0,0,0,0,0,0,0,0,0,5,0,0,0,0,0,2,0,31,0,0,0,0,0,0,5,0,0,0,201,0,0,0,0,0,0,0,0,42,0,7,0,0,42,0,0,0,0,0,0,0,77,0,0,0,0,32,0,0,0,0,0,0,0,0,0,0,0,265,39,271,1664,0,0,2,0,56,0,0,10,0,0,0,0,0,2,0,8,0,0,0,0,0,0,127,0,182,0,0,143,0,0,37,0,0,16,0,0,1,0
"D84",0,0,0,0,0,0,0,0,0,0,0,0,0,0,3,0,0,0,0,33,5,0,0,0,0,0,0,0,0,0,0,0,0,0,0,0,0,0,0,0,0,0,0,0,0,0,0,1,0,0,0,0,0,0,0,0,0,0,2,0,0,0,0,0,0,0,0,0,0,0,0,19,0,0,0,0,0,0,0,0,0,0,45,0,0,0,0,0,0,0,0,0,0,0,0,0,0,5,3,0,0,0,0,0,0,0,0,80,0,0,0,0,0,0,222,0,115,0,0,0,0,128,0,0,0,0,28,0,0,0,0,3,0,0,0,0,0,0,14,136,0,0,0,0,0,0,0,0,0,0,0,0,0,0,0,0,0,0,2,0,0,0,0,0,0,0,0,0,0,0,0,1591,0,0,0,0,0,0,0,0,0,0,0,0,0,0,6,0,0,119,0,0,18,0,0,0,0,0,0,0,0,0,0,0,0,0,0,0,0,0,0,0,0,173,0,0,0,0,0,0,0,0,0,0,0,0,0,0,0,0,0,0,0,0,0,0,0,0,0,0,0,0,0,0,0,0,21,0,51,0,0,0,0,0,4,0,0,0,0,0,0,0,0,191,63,0,0,0,0,0,0,0,0,8,0,0,0,0,0,0,0,0,335,0,0,0,0,0,0,0,0,0,0,0,0,0,0,0,0,0,0,0,0,0,0,0,0,0,0,0,11,0,0,0,0,0,0,0,0,0,0,7,0,0,0,0,0,0,0,0,0,0,0,0,0,0,0,0,0,0,0,0,0,0,0,0,0,0,0,14,0,0,0,0,0,6,0,0,0,0,0,210,0,0,0,0,0,0,0,0,0,0,0,32,0,0,0,0,0,0,0,0,0,0,0,0,0,0,0,0,0,0,0,0,0,0,11,0,0,0,0,0,0,0,0,0,0,0,0,54,0,0,0,0,0,0,0,0,0,0,0,0,0,0,0,0,0,0,0,0,0,0,0,0,0,0,0,0,0,0,0,0,0,0,0,0,0,0,0,0,0,0,0,0,0,0,0,0,0,0,0,0,0,0,0,0,0,0,0,0,0,0,8,0,0,0,285,0,0,0,0,0,0,0,0,0,0,49,0,0,0,0,0,3,0,0,0,0,0,0,0,0,0,6,0,5,0,0,0,0,0,0,0,0,0,0,0,0,0,0,0,0,0,0,7,0,0,0,0,0,0,0,0,0,0,0,0,0,0,25,0,0,0,0,0,2,0,0,0,0,0,0,0,0,0,79,0,0,0,0,0,0,0,0,0,0,0,0,0,0,0,0,0,0,0,0,0,1166,0,0,0,0,0,0,0,0,0,0,0,0,0,0,0,0,0,0,145,0,0,12,0,0,0,0,0,0,0,0,0,4,0,0,0,0,468,0,0,0,0,22,0,0,3,0,0,0,0,0,0,0,0,0,0,0,199,0,0,0,0,0,0,0,0,0,0,0,0,0,0,0,0,0,2,0,0,0,0,0,0,188,0,0,0,0,0,103,0,2043,71,0,0,0,0,0,0,0,0,0,0,0,0,0,0,0,0,0,0,0,0,172,45,0,0,0,0,0,0,0,0,0,0,0,0,0,0,0,0,0,12,0,0,0,0,0,0,0,0,0,0,0,0,0,0,0,0,0,0,0,0,0,0,0,0,0,0,14,0,0,0,0,0,0,0,0,0,0,0,4,0,0,0,0,0,0,0,0,0,44,0,0,0,0,0,0,0,0,0,0,0,0,0,0,0,0,0,0,0,0,0,0,0,0,0,0,0,0,0,0,0,0,0,0,0,0,0,0,0,0,0,0,0,0,0,0,0,0,0,0,0,0,0,0,0,3,0,19,0,0,0,0,0,0,0,0,0,0,0,0,0,0,0,8,0,0,0,0
"D85",0,10,4,0,0,0,0,16,41,0,0,0,0,3,0,72,85,0,11,0,48,14,4,27,0,7,0,132,35,0,19,5,54,6,3,9,0,0,0,63,12,0,26,10,4,0,20,0,27,38,41,0,0,0,4,74,0,381,0,32,0,0,0,0,20,0,0,83,0,1,22,6,0,16,0,0,0,0,0,50,0,68,0,0,0,72,0,0,29,15,0,7,0,3,0,0,6,0,0,18,336,0,0,4,0,0,0,0,0,0,8,621,2,0,0,0,0,0,0,0,0,0,6,7,0,0,32,16,15,0,4,0,11,3,0,98,0,1,0,0,0,0,0,0,3,138,4,0,0,0,0,0,152,0,2,4,0,0,0,0,13,0,0,0,0,12,24,0,0,0,0,28,4,0,0,191,0,0,0,3,0,2,0,20,2,0,0,0,0,0,0,4,1,0,0,0,8,68,0,0,0,0,0,0,0,9,0,59,10,21,0,0,24,0,0,16,0,0,0,0,0,32,9,0,92,3,0,0,3,6,0,2,0,5,0,0,3,0,26,0,0,0,0,0,36,115,0,78,4,0,1,0,11,0,0,0,0,17,4,10,0,1,0,0,0,23,0,0,16,0,0,23,18,17,64,10,0,0,0,2,18,8,0,0,17,20,0,63,3,7,119,0,0,3,10,1,38,0,0,2,7,0,0,0,0,24,2,0,0,0,0,11,0,11,6,0,324,2,0,147,77,0,0,7,3,0,0,0,0,0,95,0,7,0,0,12,0,9,2,0,0,0,0,0,0,14,3,9,0,0,0,0,10,9,5,8,0,0,1,0,11,0,0,101,0,0,0,0,71,0,20,0,2,0,1,10,0,0,13,45,0,352,11,0,16,10,0,0,0,91,0,0,22,0,0,0,0,819,0,0,99,0,0,0,1,0,13,0,0,0,67,5,0,3,4,0,0,0,19,24,7,0,5,40,41,11,55,5,0,0,0,0,0,129,0,6,2,0,49,0,0,104,0,33,35,0,0,0,10,0,0,62,0,2,0,0,0,2,0,0,14,0,0,10,0,49,0,0,38,0,0,254,0,0,11,6,0,2,60,0,0,0,3,0,0,0,72,0,27,561,0,0,0,0,0,0,0,0,0,3,35,0,44,0,0,6,0,1,1,37,0,33,6,0,0,20,17,0,283,0,6,8,0,65,0,91,0,0,6,247,22,0,0,39,0,0,0,0,0,0,86,52,4,0,0,2,0,0,7,0,0,6,0,0,0,0,0,0,0,0,0,0,0,0,0,0,0,0,0,0,3,0,2,14,0,0,0,0,0,0,4,0,0,13,8,0,0,0,13,1,3,0,0,48,0,0,0,43,48,0,0,0,0,0,2,0,0,0,0,0,0,233,0,7,0,0,0,32,4,0,0,4,3,24,66,0,5,0,0,0,0,0,0,0,0,0,0,13,5,0,0,0,0,0,0,0,0,0,0,18,10,0,0,4,38,10,0,0,0,0,55,0,0,0,0,0,0,0,0,0,0,0,3,0,0,1,5,54,0,0,0,2,0,0,0,0,0,0,0,19,0,237,0,0,0,0,0,332,0,24,0,9,0,148,0,6,0,31,0,0,0,28,36,0,0,0,11,0,0,211,17,6,88,0,0,0,0,0,11,16,4,0,6,20,114,0,6,16,0,68,63,0,9,0,0,125,0,0,4,0,5,2,0,70,55,0,192,0,46,3,32,8,0,0,0,0,0,0,18,10,0,0,194,0,0,0,1,0,13,19,0,6,24,4,0,0,0,0,0,0,0,96,302,0,0,0,0,1835,17,16,0,0,0,0,0,0,22,0,0,0,0,0,0,21,0,0,0,2,0,22,0,0,0,0,8,1750,0,0,0,0,7,0,11,37,0,0
"D86",0,0,0,0,0,0,0,0,0,0,0,0,0,0,0,0,0,0,0,0,0,0,0,0,0,0,0,0,0,0,0,0,0,0,0,0,0,0,0,0,0,0,0,0,0,0,0,0,0,0,0,0,0,0,0,0,0,0,0,0,0,0,0,0,0,0,0,0,0,0,0,0,0,0,0,0,0,0,0,0,0,0,0,0,0,0,0,0,0,0,0,0,13,0,0,0,0,0,0,0,0,0,0,0,0,0,0,0,0,0,0,0,0,0,0,0,0,0,0,0,0,0,0,0,0,0,0,0,0,0,0,0,0,0,0,0,0,0,0,0,0,0,0,0,0,0,0,0,0,0,0,0,0,0,0,0,0,0,0,0,0,0,0,0,0,0,0,0,0,0,0,0,0,0,0,0,0,0,0,0,0,0,0,0,0,0,0,0,0,0,0,0,0,0,0,0,0,0,0,0,0,0,0,0,0,0,0,0,0,0,0,0,0,0,0,0,0,0,0,0,0,0,0,0,0,0,0,0,5,0,0,0,0,0,0,0,0,0,0,0,0,0,0,0,0,0,0,0,0,0,0,0,0,0,0,0,0,0,0,0,0,0,12,0,0,0,0,0,0,0,0,0,0,0,0,0,0,0,0,0,0,0,0,0,0,0,0,0,0,0,0,0,0,0,0,0,0,0,0,0,0,0,0,0,0,0,0,0,0,0,0,0,0,0,71,0,0,0,0,0,0,0,0,0,0,0,0,0,0,0,0,0,0,0,0,0,0,0,0,0,53,0,0,0,0,0,0,0,0,0,0,0,0,0,0,0,0,0,0,0,0,0,0,0,0,0,0,0,0,0,0,0,0,0,0,0,0,0,0,0,0,0,0,0,0,0,0,0,0,0,0,0,0,0,0,0,0,0,0,0,0,0,0,0,0,0,0,0,0,0,0,0,0,0,0,0,0,0,0,0,0,0,0,0,0,0,20,0,0,0,0,0,0,0,0,0,0,0,0,0,0,0,0,0,0,0,0,71,0,0,0,0,0,0,0,0,0,0,0,0,0,0,0,0,0,0,0,0,0,0,0,0,0,0,0,0,0,0,0,0,0,0,0,0,0,0,0,0,0,0,0,0,0,0,0,0,0,0,0,0,0,0,0,0,0,0,0,0,0,0,0,0,0,0,0,0,0,0,0,0,0,0,0,0,0,0,0,0,0,0,0,0,0,0,0,0,0,0,0,0,0,0,0,0,0,0,0,0,0,0,0,0,0,0,0,0,0,0,0,0,0,0,0,6,0,0,0,0,0,0,0,0,0,0,0,0,0,0,0,0,0,0,0,0,0,0,0,0,0,0,0,0,0,0,0,0,0,0,0,0,0,0,0,0,0,0,0,0,0,7,0,0,0,0,0,0,0,0,0,0,8,0,0,0,0,0,0,0,0,0,0,0,0,0,0,0,0,0,0,0,0,0,0,0,0,0,0,0,0,0,0,0,0,0,0,0,0,6,0,0,0,0,0,0,0,0,0,0,0,0,0,0,0,0,0,0,0,0,0,0,0,0,0,0,0,0,0,0,0,0,0,0,0,0,4,0,0,33,0,0,0,0,0,0,0,0,0,0,0,0,0,0,0,0,0,0,0,0,0,0,0,0,0,0,0,0,0,0,0,0,0,0,0,0,0,0,0,0,0,0,0,0,0,0,0,0,0,0,0,0,0,0,0,0,0,0,0,0,0,0,0,0,0,0,0,0,0,0,0,0,0,0,0,0,0,0,0,0,0,0,0,0,0,0,0,0,0,0,0,0,0,0,0,0,0,0,0,39,0,0,0,0,0,1,0,0,0,0,0,0,0,0,0,0,0,0,0,0,0,0,0,0,0,0,0,0,0,0,0,0,0,0,0,5,0,0
"D87",0,0,0,0,0,0,0,0,0,0,0,0,0,0,0,0,7,0,6,0,5,0,0,0,0,0,0,0,0,0,0,0,14,0,4,0,0,0,0,2,0,0,3,0,2,0,2,0,0,0,0,0,0,0,0,22,0,18,1,9,0,0,0,3,0,3,0,0,4,0,0,0,0,0,0,0,7,0,0,15,0,0,0,0,0,2,0,0,18,5,0,0,0,0,0,0,0,0,0,0,8,0,4,0,0,0,0,0,0,0,3,0,0,20,0,3,0,0,0,0,0,0,3,0,0,2,0,0,0,0,0,0,0,0,0,1,2,0,0,0,0,0,0,1,5,0,0,0,0,0,0,0,0,0,0,3,3,0,0,3,0,0,0,0,0,40,0,0,0,0,0,0,0,5,0,0,0,0,0,0,0,5,0,0,4,0,0,0,0,0,0,0,0,6,0,0,0,8,0,0,0,0,0,2,0,5,0,0,7,0,0,0,0,0,0,0,0,0,0,0,0,2,0,19,99,0,0,0,1,0,0,0,0,0,0,0,0,0,4,0,0,0,0,0,0,0,0,0,0,0,0,0,0,0,0,2,0,0,0,0,8,0,0,0,0,0,0,0,0,0,0,0,0,0,0,0,0,0,0,0,0,0,0,0,0,0,3,6,0,12,0,0,4,0,0,0,0,0,0,2,0,0,0,0,0,0,0,0,0,0,0,0,2,0,0,0,193,3,1,0,0,0,0,0,0,0,3,0,0,0,0,0,20,1,0,0,0,0,0,0,0,0,0,0,0,3,0,16,0,0,0,2,0,0,1,2,0,0,0,0,0,4,0,0,2,0,0,30,48,0,0,0,0,0,0,3,0,0,2,0,0,35,1,0,11,0,0,0,0,0,0,9,0,0,5,0,0,163,0,0,0,3,0,0,2,0,5,0,0,0,32,0,0,0,0,0,2,0,4,0,0,0,0,3,3,0,0,0,0,0,22,0,2,3,0,0,0,6,2,0,0,4,0,0,9,0,0,0,1,0,0,0,0,3,0,0,0,0,0,0,0,0,31,1,2,0,4,0,18,0,0,0,0,0,0,13,0,0,0,0,0,5,7,0,4,0,0,0,0,0,51,5,0,0,0,0,0,0,0,0,0,0,2,0,0,0,9,0,0,0,0,0,0,0,0,0,0,0,0,0,0,0,0,0,0,4,0,0,0,0,9,0,0,0,0,0,0,0,0,0,3,0,3,0,3,0,0,0,0,0,0,0,1,0,0,0,0,0,7,0,0,1,0,1,0,0,0,0,0,0,2,0,0,11,0,0,0,0,0,0,0,0,0,0,0,0,0,0,0,0,5,0,0,0,0,0,0,0,0,0,0,0,5,0,0,0,0,0,0,0,0,0,0,2,0,0,0,0,0,0,0,0,0,0,11,5,0,0,2,0,0,0,78,3,0,0,0,2,0,0,0,8,0,7,0,0,0,5,0,0,0,2,0,0,0,33,0,0,1,0,3,0,1,0,0,0,0,0,0,0,0,0,0,0,3,0,0,0,0,0,0,0,0,0,0,0,0,6,0,5,0,10,0,0,0,0,0,465,0,0,0,0,0,0,0,0,1,0,0,0,0,2,9,0,0,0,0,0,0,27,7,22,0,0,0,0,496,0,78,0,5,0,0,2,0,0,0,0,0,0,0,5,2,4,0,0,0,0,0,0,4,0,0,0,3,0,11,0,0,0,0,0,0,0,0,0,0,0,0,38,0,0,1,0,0,0,0,0,0,0,0,0,19,0,0,0,0,0,1,4,0,0,30,0,0,0,6,402,0,0,0,0,0,0,0,0,4,4,0,0,0,0,0,0,0,0,0,0,0,0,0,0,7,0,0,0,2,0,0,0,7,0,0,5,0,4
"D88",0,0,0,0,0,6,0,0,0,0,0,0,0,0,0,0,0,0,0,0,0,0,0,0,0,0,0,0,0,0,0,0,0,0,0,0,0,0,0,0,0,0,0,0,0,0,0,0,0,0,0,0,0,0,0,0,0,0,0,0,0,0,0,0,0,0,0,0,0,0,0,0,0,0,0,0,0,0,0,0,0,0,0,0,0,0,0,0,0,0,0,0,0,0,0,0,0,0,0,0,0,0,0,0,0,0,0,0,0,0,0,0,0,0,0,6,0,0,0,0,0,0,0,0,0,0,0,0,0,0,0,0,0,0,0,0,0,0,0,0,0,0,0,0,0,0,0,0,0,0,0,0,0,0,0,0,0,0,0,0,0,0,0,0,0,0,0,0,0,0,0,0,0,0,0,0,0,0,0,0,0,0,0,0,0,0,0,0,0,0,0,0,0,0,0,0,0,0,0,0,0,0,0,0,0,0,0,0,0,0,0,0,0,0,0,0,0,0,0,0,0,0,0,0,0,0,0,0,0,0,0,0,0,0,0,0,0,0,0,0,0,0,0,0,0,0,0,0,0,0,0,0,0,0,0,0,0,0,0,0,0,0,0,0,0,0,0,0,0,0,0,0,0,0,0,0,0,0,0,0,0,0,0,0,0,0,0,0,0,0,0,0,0,0,0,0,0,0,0,0,0,0,0,0,0,0,0,0,0,0,0,0,0,0,0,0,0,0,0,0,0,0,0,0,0,0,0,0,0,0,0,0,2,0,0,0,0,0,0,0,0,0,0,0,0,0,0,0,0,0,0,0,0,0,0,0,0,0,0,0,0,0,0,0,0,0,0,70,0,0,0,0,0,0,0,0,0,0,0,0,0,0,0,0,0,0,0,0,0,0,0,0,0,0,0,0,0,0,0,0,0,0,0,0,0,0,0,0,0,0,0,0,0,0,0,0,0,0,0,0,0,0,0,0,0,0,0,0,0,0,0,0,0,0,0,0,0,0,0,0,0,0,0,0,0,0,0,0,0,0,0,0,0,0,0,0,0,0,0,0,0,0,0,0,0,6,0,0,0,0,0,0,0,0,0,0,0,0,0,0,0,0,0,0,0,0,0,0,0,0,0,0,0,0,0,0,0,0,0,0,0,0,0,0,0,0,0,0,0,0,0,0,0,0,0,0,0,0,0,0,0,0,0,0,0,0,0,0,0,0,0,0,0,0,0,0,0,0,0,0,0,0,0,0,0,0,0,0,0,0,0,0,0,0,0,0,0,0,0,0,0,0,0,0,0,0,0,7,0,0,0,0,0,0,0,0,0,0,0,0,0,0,0,0,0,0,0,0,0,0,0,0,0,0,0,0,0,0,0,0,0,0,0,0,0,0,0,0,0,0,0,0,0,0,0,0,0,0,0,0,0,0,0,0,0,0,0,0,0,0,0,0,0,0,0,0,0,0,0,0,0,0,0,0,0,3,0,0,0,0,0,0,0,0,0,0,0,0,0,0,0,0,0,0,0,0,0,0,0,0,0,0,0,0,0,0,0,0,0,0,0,0,0,0,0,0,0,0,0,0,0,0,0,0,0,0,0,0,0,0,0,0,0,0,0,0,0,0,0,0,0,0,0,0,0,0,0,0,0,0,0,0,0,0,0,0,0,72,0,0,0,0,0,0,0,0,0,0,0,0,0,0,0,0,0,0,0,0,0,0,0,0,0,0,5,0,0,0,0,0,0,0,0,0,0,0,0,0,0,0,0,0,0,0,0,0,0,0,0,0,0,0,0,0,0,0,0,0,0,0,0,0,0,0,0,0,0,0,0,0,0,0,0,0,0,0,0,0,0,0,0,0,0,0,0,0,0,0,0,0,0,0,0,0,0,0,0,0,0,0,0,0,0,0,0,0
"D89",38,0,12,0,0,0,1,1,0,0,8,0,0,0,0,0,0,0,0,0,0,0,0,0,0,0,14,0,0,0,0,0,0,0,11,0,0,0,0,0,2,0,0,0,0,13,0,0,19,0,0,0,30,0,0,0,0,0,0,0,0,0,0,0,0,0,0,0,6448,0,0,343,0,0,0,0,0,0,18,0,0,0,0,0,0,0,0,0,0,22,0,0,0,0,12,0,0,0,0,0,0,0,0,0,2,1,53,0,0,0,0,0,0,0,0,0,0,0,0,0,0,0,2,0,0,1,0,0,0,0,0,0,0,0,0,0,0,0,0,8,0,0,0,0,5,49,0,0,1,0,0,0,0,0,4,0,3,2,0,42,0,0,0,0,0,0,0,7,0,0,0,0,0,0,0,0,0,0,0,0,0,0,6,0,0,0,0,0,0,0,0,0,0,0,0,0,0,0,0,15,0,0,0,0,0,5,0,0,0,0,0,9,0,0,0,0,0,0,0,0,23,0,0,0,0,0,83,0,0,0,1095,0,0,0,0,0,0,0,0,0,26,0,0,0,0,0,0,0,0,0,452,13,0,0,0,0,0,0,0,0,14,0,4,0,0,0,289,6,0,0,0,0,0,0,0,0,0,19,15,0,0,0,0,0,0,0,0,0,0,0,4,0,0,0,0,0,0,22,0,0,0,0,6,0,0,0,0,0,0,1,0,0,0,0,0,0,0,0,0,7,0,0,0,0,0,0,0,0,0,0,0,0,3,0,0,0,0,27,0,0,6,0,0,0,0,0,0,0,5,0,0,0,0,0,80,4,0,0,1,0,0,18,0,0,0,0,0,0,0,0,0,1,0,0,7,0,10,0,0,0,0,0,0,4,0,0,0,0,0,0,0,0,0,0,0,0,0,0,0,0,0,0,89,16,0,0,0,0,16,0,0,0,0,0,0,0,0,2,8,0,0,42,0,0,0,0,0,54,0,0,0,0,0,13,0,0,0,0,0,0,0,4,45,3,0,0,0,0,0,0,0,0,0,20,0,0,0,0,0,0,0,0,0,0,7,0,3,0,0,0,0,0,0,0,0,0,0,0,0,0,15,66,2,9,0,0,0,0,0,0,2,0,0,0,0,26,0,54,0,29,0,0,0,0,0,0,0,0,0,0,794,38,0,0,0,0,69,0,0,0,0,0,0,0,0,0,2,4,0,0,0,0,0,0,0,0,0,0,0,0,0,0,0,0,0,0,0,0,0,0,0,0,33,0,0,0,0,0,18,0,0,0,0,0,0,22,0,0,0,2,0,1347,0,0,0,0,0,0,0,0,0,0,0,0,0,0,0,0,0,3,0,0,51,0,0,0,0,0,0,0,0,0,0,0,0,0,11,0,0,0,0,0,0,0,0,0,0,0,0,0,0,0,0,0,0,0,0,0,0,0,0,0,0,0,0,0,0,0,0,0,0,0,0,0,0,0,0,39,14,0,0,0,0,0,0,0,0,0,0,0,0,29,0,0,0,0,0,0,0,0,0,0,0,0,8,0,0,0,0,0,0,0,0,0,0,0,0,0,0,10,0,0,0,0,30,0,0,0,0,0,0,0,0,0,0,0,0,0,0,0,0,0,0,0,0,0,0,0,0,0,0,0,4,0,0,0,0,0,0,0,0,3,0,0,0,0,0,0,0,0,0,0,0,20,30,0,0,0,0,0,0,3,0,0,0,0,0,0,0,0,0,0,0,0,2,0,0,0,0,0,0,0,0,0,0,0,0,0,0,0,0,0,0,0,0,0,0,0,0,0,0,0,0,0,3,0,0,0,0,0,0,0,166,0,0,0,0,0,0,0,7,0,0,11,0,0,0,0,0,0,375,0,0,0,0,2,0,0,144,0,0,6,0,0,0,270
"D90",0,0,6,6,11,0,0,0,0,0,177,63,0,0,31,0,0,2,35,0,8,0,0,0,524,0,3,0,0,0,0,0,0,4,13,0,0,0,0,0,0,2,0,128,714,0,0,0,0,10,29,0,0,20,106,0,0,0,198,15,0,0,105,0,78,0,0,15,162,0,0,1,0,0,10,31,0,0,3,0,13,0,0,0,0,11,0,0,0,0,0,0,0,34,0,13,5,0,0,41,0,0,4,51,90,0,0,0,2,0,0,100,36,21,0,6,0,0,2,0,0,0,0,2,0,0,5,10,0,31,31,0,24,0,0,0,5,0,6,0,2,0,0,0,14,4,8,3,0,0,0,5,22,0,0,0,0,0,9,3,56,0,0,7,0,0,3,18,0,0,0,0,0,0,0,0,5,0,0,0,7,0,4,33,0,0,0,0,25,4,3,0,0,0,0,0,0,0,0,0,19,0,0,0,0,0,6,0,13,8,9,0,20,2,10,0,0,0,0,0,0,138,10,31,0,0,0,2,0,0,0,10,0,0,71,0,0,0,0,0,0,0,0,0,4,0,8,0,8,0,0,0,16,0,0,18,29,34,2,15,0,25,0,0,0,11,0,0,6,10,160,2,3,0,22,3,29,0,0,15,2,0,4,2,25,6,0,314,5,56,1,66,4,18,0,0,0,0,11,0,0,0,0,0,0,0,0,0,0,9,0,5,17,27,6,3,0,4,53,0,3,9,19,7,0,7,0,2,0,71,11,0,0,10,0,0,0,0,3,0,0,0,1,0,31,0,25,3,7,0,0,3,0,0,0,46,44,0,0,0,0,0,0,6,0,0,1,0,0,0,0,0,2,2,2,48,0,0,0,1,0,0,885,0,0,32,48,20,0,38,31,0,0,0,7,0,0,7,0,0,0,8,0,0,0,0,0,48,0,0,0,2,0,0,6,0,0,0,56,3,0,0,0,1,0,0,0,0,0,0,0,5,0,118,2,0,21,0,0,0,0,108,0,0,8,0,0,0,0,0,41,0,1,10,0,0,0,2,0,0,0,0,644,0,211,84,23,0,0,0,0,116,0,195,1,0,0,0,0,0,0,0,7,0,0,0,4,0,35,0,131,116,0,0,3,0,0,0,0,0,1,7,1,0,0,11,188,37,7,0,0,0,1,0,5,0,0,0,3,4,0,0,0,0,8,183,6,0,0,8,0,0,0,54,0,10,7,1,0,0,72,0,11,10,84,0,0,1,91,0,0,0,0,0,0,0,2,0,0,0,0,119,3,0,0,0,37,0,0,0,3,0,0,0,0,0,0,0,0,0,0,0,0,51,0,11,39,0,0,5,0,2,0,0,6,0,8,3,0,0,0,0,0,0,0,1,0,0,0,0,0,0,0,0,0,38,73,0,293,0,0,3,0,0,0,164,0,0,21,0,0,2,0,0,2,10,14,0,0,1,0,0,0,4,10,0,0,0,0,3,0,0,0,9,0,1478,0,0,29,0,0,0,0,0,0,1,1,0,0,0,174,0,2,0,36,18,0,0,8,325,0,0,24,0,132,0,2,0,0,19,0,0,0,0,2,10,0,2094,0,0,0,9,0,0,0,1,16,7,0,117,3,204,0,3,0,0,0,49,0,44,96,0,0,0,0,0,13,0,0,13,205,25,1,16,10,0,39,29,0,3,5,23,0,0,0,0,0,2,1,0,25,0,25,2,0,0,42,7,28,0,0,2,0,0,0,0,0,0,0,0,11,0,48,0,0,0,100,0,24,0,0,15,320,0,0,0,6,0,0,0,0,26,0,9,0,0,0,43,11,3,0,0,0,0,2,49,0,4,0,0,0,38,116,6,0,20,0,0,0,1,0,4,0,0,0,1282,0,0,0,0,0,0,0,4,0,0
"D91",0,0,0,0,0,0,0,0,0,0,0,0,0,0,0,0,0,0,0,0,0,0,0,0,0,0,0,0,0,0,0,0,0,0,0,0,0,0,0,0,0,0,0,0,0,0,0,0,0,0,0,0,0,0,0,0,0,0,0,0,0,0,0,0,0,0,0,0,0,0,0,0,0,0,0,0,0,0,0,0,0,0,0,0,0,0,0,0,0,0,0,0,0,0,0,0,0,0,0,0,0,0,0,0,0,0,0,0,0,0,0,0,0,0,0,0,0,0,0,0,0,0,0,0,0,0,0,0,0,0,0,0,0,0,0,0,0,0,0,0,0,0,6,0,0,0,0,0,0,0,0,0,0,0,0,0,0,0,0,0,0,0,0,0,0,0,0,0,0,0,0,0,0,0,0,0,0,0,0,0,0,0,0,0,0,0,0,0,0,0,0,0,0,0,0,0,0,0,0,0,0,0,0,0,0,0,0,0,0,0,0,0,0,0,0,0,0,0,0,0,0,0,0,0,0,0,0,0,0,0,0,0,0,0,0,0,0,0,0,0,0,0,0,0,0,0,0,0,0,0,0,0,0,0,0,0,0,0,0,0,0,0,0,0,0,0,0,0,0,0,0,0,0,0,0,0,0,0,0,0,0,0,0,0,0,0,0,0,0,0,0,0,0,0,0,0,0,0,0,0,0,0,0,0,0,0,0,0,0,0,0,0,0,0,574,0,0,0,0,0,0,0,0,0,0,0,0,0,0,0,0,0,0,0,0,0,0,0,0,0,0,0,0,0,0,0,0,0,0,0,0,0,0,0,0,0,0,0,0,0,0,0,0,0,0,0,0,0,0,0,0,0,0,0,0,0,0,0,0,0,0,0,0,0,0,0,0,0,0,0,0,0,0,0,0,0,0,0,0,0,0,0,0,0,0,0,0,0,0,0,0,0,0,0,0,0,0,0,0,0,0,0,0,0,0,0,0,0,0,0,0,0,0,0,0,0,0,0,0,0,0,0,0,0,0,0,0,46,0,0,0,0,0,0,0,0,0,0,0,0,0,0,0,0,0,0,0,0,0,0,0,0,0,0,0,0,0,0,0,0,0,0,0,0,0,0,0,0,0,0,0,0,0,0,0,0,0,0,0,0,0,0,0,0,0,0,0,0,0,0,0,0,0,0,0,0,0,0,0,0,0,0,0,0,0,0,0,0,0,0,0,0,0,0,0,0,0,0,0,0,0,0,0,0,0,0,0,0,0,0,0,0,0,0,0,0,0,0,0,0,0,0,0,0,0,0,0,0,0,0,0,0,0,0,0,0,0,0,0,0,0,0,0,0,0,0,0,0,0,0,0,0,0,0,0,0,0,0,0,0,0,0,0,0,0,0,0,0,0,0,0,0,0,0,0,0,0,0,0,0,0,0,0,0,0,0,0,0,0,0,0,0,0,0,0,0,0,0,0,0,2,0,0,0,0,19,0,0,0,0,0,0,0,0,0,0,0,0,0,0,0,0,0,0,0,0,0,0,0,0,0,0,0,0,0,0,0,0,0,0,0,270,0,0,0,0,0,0,0,0,0,0,0,0,0,0,0,0,0,0,0,0,160,0,0,0,0,0,0,0,0,0,0,0,0,0,0,0,0,0,0,0,0,0,0,0,0,0,35,0,0,0,0,0,0,0,0,0,0,0,0,0,0,0,0,0,0,0,0,0,0,0,0,0,0,0,0,0,0,0,0,0,0,0,0,0,0,0,0,0,0,0,0,0,0,5242,0,0,0,0,0,0,0,0,0,0,0,0,0,0,0,0,0,0,0,0,0,20,0,0,0,0,0,0,0,0,0,0,0,0,0,0,0,0,0,0,0,0,0,0,0,0,0,0,0,0,0,0,0,0,0,0,0,0,0,0
"D92",0,0,0,0,0,0,0,3,0,0,0,0,0,0,0,0,0,0,0,0,0,0,0,0,0,0,0,0,0,0,0,0,0,0,0,0,0,0,0,0,0,0,0,0,0,0,0,0,0,0,0,0,0,0,0,0,0,0,0,0,0,0,0,0,0,0,0,0,3,0,0,0,0,0,0,0,0,0,579,0,0,0,0,0,0,0,0,0,0,5,0,0,0,0,0,0,0,0,0,0,0,0,0,0,0,0,0,0,0,0,0,0,0,0,0,0,0,0,0,0,0,0,0,0,0,0,0,0,0,0,0,0,0,0,0,0,0,0,0,0,0,0,2,0,0,0,0,0,0,0,0,0,0,0,0,0,0,0,0,0,0,0,0,17,0,0,0,0,0,0,0,0,0,0,0,0,0,0,0,0,0,0,0,0,0,0,0,0,0,0,0,0,0,0,0,0,0,0,0,0,0,0,0,0,0,0,0,0,0,0,0,0,0,0,0,0,0,0,0,0,0,0,0,0,0,0,0,0,0,0,0,0,0,0,0,0,0,0,0,0,0,0,0,0,0,0,0,0,0,0,0,0,0,0,0,0,0,0,0,0,0,44,0,0,0,0,2,0,0,0,0,0,0,0,0,0,0,0,0,0,0,0,18,0,0,0,0,0,0,0,0,0,0,0,0,2,0,0,0,0,0,0,0,0,0,0,0,0,0,0,0,0,0,0,16,0,9,0,0,0,0,0,0,0,0,0,0,0,0,0,0,0,0,0,0,0,0,0,0,0,0,0,0,0,0,0,0,0,0,0,0,0,0,0,0,0,0,0,0,0,0,0,0,0,0,0,0,2,0,0,0,0,0,4,0,0,0,0,0,0,0,0,0,0,0,0,0,0,0,0,0,0,0,0,0,0,0,1,0,0,0,0,0,0,0,0,12,0,0,0,0,0,0,0,0,0,0,0,0,0,0,0,0,0,0,0,0,0,0,0,0,0,0,0,0,0,0,0,0,0,0,0,0,0,0,0,0,7,0,0,0,0,0,0,0,0,0,0,0,0,0,0,0,0,0,0,0,0,0,0,0,0,0,0,0,0,0,0,0,0,0,0,0,0,0,0,0,0,0,0,1,0,0,0,0,0,0,0,0,0,0,0,0,0,0,0,0,0,0,0,0,0,0,0,0,0,0,0,0,0,0,0,0,0,0,0,0,0,0,0,0,0,0,0,0,0,0,0,0,0,0,0,0,0,0,0,0,0,0,0,0,0,0,0,0,0,0,0,0,0,0,0,0,0,0,0,0,0,0,0,0,0,0,0,0,0,0,0,0,0,0,0,0,0,0,0,0,0,0,0,0,0,0,0,0,0,0,2,0,0,0,0,0,0,0,0,0,0,0,0,0,0,0,0,0,0,0,0,0,0,6,0,0,0,0,0,0,0,0,0,0,0,0,0,0,4,0,0,0,0,0,0,0,0,0,0,0,0,0,0,0,0,0,0,0,0,2,0,0,0,0,0,0,0,0,0,0,0,0,0,0,0,0,0,0,0,19,0,0,0,0,7,0,0,0,0,0,0,0,0,0,0,0,0,0,0,0,0,0,0,0,0,0,2,0,0,0,0,0,0,0,0,0,0,0,0,0,0,0,0,0,0,0,0,0,0,0,0,4,0,0,0,0,0,0,0,0,0,0,0,0,0,0,0,0,0,0,0,0,0,0,0,0,0,0,0,0,0,0,2,0,0,3,0,0,0,0,0,0,0,2,0,0,0,0,0,0,0,3,0,0,0,0,0,0,0,0,0,0,0,0,0,0,0,0,0,0,2451,0,0,0,0,0,0,0,0,0,0,0,0,0,0,0,0,0,0,0,0,0,0,0,0,0,0,0,0,0,0,0,0,0,0,0,0,0,0
"D93",0,0,0,31,0,0,0,4,0,0,0,19,0,1,199,0,0,0,0,0,33,5,0,0,16,13,0,0,2,2,0,27,0,0,47,0,4,0,0,0,0,0,0,0,146,0,6,0,0,2,2,6,1,0,5,7,0,0,2,0,0,7,0,20,5,4,0,6,0,0,0,0,0,6,7,2,0,0,0,0,0,2,0,0,4,2,0,0,0,2,0,0,0,0,0,0,1,0,0,0,0,0,0,21,39,0,0,1,0,0,0,47,0,0,0,16,0,0,5,0,0,7,0,0,2,0,9,0,0,2,0,0,0,0,11,44,0,1,0,3,2,0,0,0,7,66,0,4,0,13,0,0,26,3,0,0,0,0,0,0,24,0,0,98,0,1,0,0,0,0,0,233,0,0,0,0,0,2,0,0,0,461,0,4,0,0,0,3,0,0,0,0,0,0,0,30,5,14,0,0,15,0,0,0,0,0,0,11,3,0,4,0,6,0,0,0,35,12,18,0,0,9,0,7,0,0,0,0,0,0,0,4,0,0,0,0,0,0,21,479,0,0,4,0,3,0,0,0,0,3,0,0,0,0,0,6,0,5,0,0,0,0,0,0,0,0,0,0,2,2,5,0,0,801,2,0,3,0,1,0,0,0,0,0,0,0,0,12,0,0,0,7,0,12,0,0,0,0,0,13,0,0,0,0,0,0,0,0,2,3,2,14,0,1,0,0,0,0,0,0,0,0,3,4,0,3,0,1,0,0,4,0,4,2,2,0,0,0,0,0,0,0,0,0,3,0,3,3,0,5,6,0,2,0,0,0,0,159,0,0,3,2,0,1,0,0,9,0,0,3,12,1,0,0,0,0,0,6,4,1,6,0,0,0,4,0,10,0,0,5,0,0,4,0,0,0,0,113,0,0,10,0,0,2,0,0,0,2,0,0,4,430,0,0,0,5,36,0,7,0,3,0,0,0,1,2,0,0,0,74,4,0,0,3,1,0,0,1,0,0,0,0,0,0,0,0,23,0,0,0,13,0,2,0,2,0,0,0,0,0,0,10,14,782,15,8,3,0,0,0,0,0,0,4,0,0,0,0,0,0,0,15,0,0,0,0,0,0,0,0,5,0,0,0,0,2,0,0,0,0,0,0,25,4,0,0,14,0,10,0,0,3,0,0,0,0,0,0,0,0,0,0,0,0,2,24,0,0,0,34,0,0,0,0,2,4,7,1,3,206,0,0,11,2,4,0,4,3,286,0,3,0,0,0,2,0,2,5,6,0,0,5,5,0,0,0,2,0,0,0,0,0,0,0,24,3,0,0,25,0,0,0,0,6,0,2,1,0,0,134,0,2,0,3,0,3,0,0,0,0,0,0,50,0,0,0,6,0,0,0,0,0,0,3,0,0,0,0,5,0,0,0,0,0,0,0,11,0,0,0,0,0,0,0,5,13,2,0,0,0,0,0,0,0,0,0,4,1,0,0,0,24,0,0,0,64,0,0,2,0,0,0,0,0,0,0,0,0,0,0,0,0,0,15,1,6,2,0,0,17,0,0,2,0,4,0,4,2,0,1,0,0,0,0,0,3,2,202,0,0,2,0,0,0,0,0,0,2,0,13,0,5,0,0,0,0,0,4,0,7,8,0,0,0,87,0,0,0,0,6,25,124,2,6,0,0,0,0,0,0,2,3,0,0,0,0,0,2,0,3,2,0,10,0,0,0,5,0,6,0,0,0,13,0,0,0,2,0,0,0,5,0,88,0,0,0,0,7,10,5,0,2,68,0,14,0,9,92,0,0,0,0,0,9,0,12,44,0,7,0,12,0,0,0,0,0,0,3,7,0,0,0,4,0,0,0,0,0,0,0,0,0,0,19,28,58,0,0,0,0,0,0,0,0,2,0
"D94",2,30,46,0,0,0,4,8,17,0,0,0,0,0,0,6,205,0,12,13,6,0,46,75,50,4,2,10,7,0,26,97,61,12,2,2,215,0,0,0,45,0,5,9,183,8,6,0,2,0,11,0,37,0,208,205,70,91,41,38,0,2,0,1,16,0,0,1,442,0,47,0,0,0,0,16,7,0,0,24,11,10,0,0,0,27,0,0,112,3,13,14,0,2,0,2,0,0,0,5,114,15,5,43,0,29,9,0,0,0,20,0,0,94,0,2,0,0,0,38,4,2,2,0,33,0,0,2,19,9,0,0,0,5,60,39,11,51,0,13,0,0,0,79,4,496,27,0,0,31,0,0,34,14,0,0,2,0,5,37,0,0,44,0,10,47,3,0,7,7,16,0,7,0,15,169,0,0,0,0,10,6,3,48,3,0,0,12,0,0,1,0,22,0,0,32,5,4,3,1,7,0,3,0,0,0,0,15,0,12,8,0,20,0,1,65,0,0,9,0,0,3,7,99,52,9,87,0,3,19,3,12,1,18,0,0,34,0,52,4,4,2,56,5,0,8,0,2,12,0,13,0,12,0,0,2,0,125,17,13,2,0,0,0,0,46,4,0,32,0,38,0,10,5,0,0,6,0,0,8,9,0,0,7,2,43,13,52,6,72,0,100,0,0,6,0,38,0,0,66,35,0,15,0,0,7,1,13,0,0,0,16,0,0,5,71,225,0,0,76,2,0,1,1,0,10,0,0,0,9,0,0,0,0,0,7,38,27,0,0,0,21,0,0,19,13,0,153,0,0,3,74,5,8,0,0,0,0,1,0,4,0,0,11,0,0,40,70,73,6,8,8,0,0,87,4,0,7,13,16,2,42,51,0,12,0,9,3,0,16,0,0,49,18,0,0,0,320,0,0,11,6,0,3,0,0,149,1,0,0,217,85,1,0,2,27,5,0,25,13,55,6,6,30,451,13,67,2,0,7,0,0,11,58,0,0,0,9,0,0,6,77,0,1,17,0,14,6,553,0,18,47,39,4,52,10,0,0,0,0,3,75,615,3,0,7,7,46,52,7,16,39,0,6,113,0,2,0,23,50,0,149,1,0,11,5,6,0,23,31,50,0,0,0,0,6,0,9,117,2,7,0,0,1,0,7,0,0,0,54,11,47,5,47,0,3,33,5,12,2,10,3,1,3,3,100,42,15,205,81,10,0,0,229,1,7,3,13,0,0,175,73,14,0,22,5,0,37,0,0,14,3,0,0,4,0,0,0,0,0,0,0,12,66,19,0,31,0,19,0,0,0,0,3,7,37,0,0,15,0,1,7,79,7,0,15,0,0,80,0,76,0,0,0,3,0,0,15,0,0,0,0,56,2,17,0,8,36,0,0,0,46,24,62,0,2,0,3,42,0,9,0,0,5,25,36,0,0,0,0,0,0,18,28,0,5,2,1,27,88,0,14,0,1,0,0,0,16,0,5,19,34,0,16,35,338,0,0,61,0,2,0,41,16,13,0,0,0,0,0,0,0,8,0,5,31,0,0,247,0,0,3,14,0,0,0,32,0,0,24,0,41,0,0,5,5,0,642,57,3,54,0,0,0,2,31,64,4,0,2,8,257,2,0,15,0,0,5,2,15,18,5,2,0,0,276,16,0,33,25,150,21,18,8,0,0,6,27,0,77,2,237,5,85,0,7,0,0,13,19,11,8,0,11,6,7,62,0,0,2,0,13,0,0,0,3,5,0,7,11,14,2,98,0,0,0,63,26,0,0,0,0,224,0,5,0,5,7,20,70,24,30,14,7,75,0,53,88,10,2,2,0,28,121,2,0,3,30,65,26,0,12,16,7,0,0,16,0,16,20,1,0,0,37,0,43,51,0,0,0,0,2,7,8,0,0
"D95",0,0,0,0,0,0,0,0,0,0,0,0,0,0,0,0,0,23,0,0,40,0,0,0,0,0,0,0,0,8,0,0,0,0,0,0,0,0,0,0,0,0,0,0,6,0,0,60,0,0,0,5,0,0,0,0,0,0,0,0,0,0,0,0,1945,0,0,0,0,0,0,0,0,0,0,0,0,0,0,0,0,0,0,0,0,259,0,0,68,0,0,0,0,0,0,0,0,0,0,0,0,5,4,0,0,0,0,62,0,0,0,0,0,0,1257,0,0,0,0,0,0,736,0,0,0,0,980,0,0,0,0,0,0,0,0,0,0,0,0,155,0,0,0,0,0,0,0,0,0,0,0,0,0,0,0,0,0,0,0,0,0,0,0,0,0,0,0,0,0,0,0,0,0,0,0,0,0,2,0,0,0,9,0,0,0,0,0,0,0,0,0,0,0,0,0,0,0,0,0,0,0,0,0,0,772,0,0,26,0,0,0,0,0,0,0,0,0,0,4,0,0,0,0,0,0,0,0,0,0,0,0,0,0,0,0,0,0,0,0,0,0,0,0,0,0,0,0,0,0,0,0,0,0,0,0,0,0,0,0,0,0,0,0,2093,0,0,0,0,0,0,0,0,0,4409,0,0,0,0,0,0,0,0,0,0,0,0,0,0,0,0,0,0,0,0,0,0,0,0,0,0,0,0,0,0,0,3,0,0,0,0,0,0,0,24,0,0,0,0,0,0,0,0,0,0,0,0,0,0,0,0,0,0,0,0,0,0,0,0,0,0,0,0,0,0,0,2,0,0,0,0,0,0,0,0,0,0,0,0,0,0,0,0,0,0,0,0,0,0,0,0,0,0,0,0,15,0,0,0,0,0,0,0,0,0,0,0,0,0,0,0,0,0,0,0,0,0,0,0,0,4,0,0,0,0,0,0,149,0,0,1005,0,0,5,0,0,0,0,0,0,0,0,0,0,0,0,0,0,0,0,7,0,0,0,0,0,0,0,0,0,0,0,0,0,0,0,0,3,0,0,0,0,0,0,0,0,0,0,0,0,0,0,0,0,1,0,0,0,0,0,0,0,0,0,0,0,0,0,0,0,0,0,0,0,0,0,0,0,0,0,0,0,0,0,0,0,0,0,0,0,0,0,0,0,0,0,1770,0,0,0,0,0,0,0,0,0,0,0,0,0,0,0,0,0,0,0,0,0,0,0,0,0,2,0,0,0,0,0,0,0,112,0,0,0,0,0,0,0,0,0,0,0,0,0,0,0,943,0,3982,0,0,0,0,0,0,1,0,0,0,0,0,0,0,0,0,0,0,0,1642,0,0,0,0,0,0,0,0,0,0,0,0,0,0,0,35,0,0,0,0,0,0,0,0,0,0,0,0,0,0,0,0,0,0,0,0,0,0,0,0,0,0,0,0,12,0,0,0,0,0,0,0,208,0,0,0,0,0,0,0,0,0,0,0,0,0,0,0,0,0,0,0,0,0,0,0,0,0,0,0,0,0,0,0,0,0,0,0,0,7519,0,0,0,0,0,0,0,0,3,259,0,0,0,0,0,0,0,0,0,0,0,163,194,0,0,0,0,0,0,0,0,0,0,0,0,0,0,0,0,0,2,0,0,0,0,2,0,0,0,0,0,0,0,0,0,0,0,0,0,0,0,0,0,0,0,0,0,0,0,0,0,0,0,0,0,0,0,0,0,0,0,0,0,0,0,0,0,0,63,0,0,0,0,0,0,789,0,0,0,0,0,0,0,0,0,0,0,0,0,0,0,0,0,0,0,0,0,0,0,926,0,0,0,0,0,4,0,0,0,0,1172,0,0,0,0,0,0,0,0,0,0,0,0,0,0,0,0,0,0,0,0,0,0,0,0,12,30,0,0,0,0,0,0,0,0,0,0,0
"D96",0,0,0,0,0,0,0,0,0,0,0,0,0,0,0,0,0,0,0,0,0,0,0,0,0,0,0,0,0,0,0,0,0,0,0,0,0,0,0,0,0,0,0,0,0,0,0,0,0,0,0,0,0,0,0,0,0,0,0,0,0,0,0,0,0,0,0,0,0,0,0,0,0,0,0,0,0,0,0,0,0,0,0,0,0,0,0,0,0,0,0,0,0,0,0,0,0,0,0,0,0,0,0,0,0,0,0,0,0,0,0,0,0,0,0,0,0,0,0,0,0,0,0,0,0,0,0,0,0,0,0,0,0,0,0,0,0,0,0,0,0,0,0,0,0,0,0,0,0,0,0,0,0,0,0,0,0,0,0,0,0,0,0,0,0,0,0,0,0,0,0,0,0,0,0,0,0,0,0,0,0,0,0,0,0,0,0,0,0,0,0,0,0,0,0,0,0,0,0,0,0,0,0,0,0,0,0,0,0,0,0,0,0,0,0,0,0,0,0,0,0,0,0,0,0,0,0,0,0,0,0,0,0,0,0,0,0,0,0,0,0,0,0,0,0,0,0,0,0,0,0,0,0,0,0,0,0,0,0,0,0,0,0,0,0,0,0,0,0,0,0,0,0,0,0,0,0,0,0,0,0,0,0,0,0,0,0,0,0,0,0,0,0,0,0,0,0,0,0,0,0,0,0,0,0,0,0,0,0,0,0,0,0,0,0,0,0,0,0,0,0,0,0,0,0,0,0,0,0,0,0,0,0,0,0,0,0,0,0,0,0,0,0,0,0,0,0,0,0,0,0,0,0,0,0,0,0,0,0,0,0,0,0,0,0,0,0,0,0,0,0,0,0,0,0,0,0,0,0,0,0,0,0,0,0,0,0,0,0,0,0,0,0,0,0,0,0,0,0,0,0,0,0,0,0,0,0,0,0,0,0,0,0,0,0,0,0,0,0,0,0,0,0,0,0,0,0,0,0,0,0,0,0,0,0,0,0,0,0,0,0,0,0,0,0,0,0,0,0,0,0,0,0,0,0,0,0,0,0,0,0,0,0,0,0,0,0,0,0,0,0,0,0,0,0,0,0,0,0,0,0,0,0,0,0,0,0,0,0,0,0,0,0,0,0,0,0,0,0,0,0,0,0,0,0,0,0,0,0,0,0,0,0,0,0,0,0,0,0,0,0,0,0,0,0,0,0,0,0,0,0,0,0,0,0,0,0,0,0,0,0,0,0,0,0,0,0,0,0,0,0,0,0,0,0,0,0,0,0,0,0,0,0,0,0,0,0,0,0,0,0,0,0,0,0,0,0,0,0,0,0,0,0,0,0,0,0,0,0,0,0,0,0,0,0,0,0,0,0,0,0,0,0,0,0,0,0,0,0,0,0,0,0,0,0,0,0,0,0,0,0,0,0,0,0,0,0,0,0,0,0,0,0,0,0,0,0,0,0,0,0,0,0,0,0,0,0,0,0,0,0,0,0,0,0,0,0,0,0,0,0,0,0,0,0,0,0,0,0,0,0,0,0,0,0,0,0,0,0,0,0,0,0,0,0,0,0,0,0,0,0,0,0,0,0,0,0,0,0,0,0,0,0,0,0,0,0,0,0,0,0,0,0,0,0,0,0,0,0,0,0,0,0,0,0,0,0,0,0,0,0,0,0,0,0,0,0,0,0,0,0,0,0,0,0,0,0,0,0,0,0,0,0,0,0,0,0,0,0,0,0,0,0,0,0,0,0,0,0,0,0,0,0,0,0,0,0,0,0,0,0,0,0,0,0,0,0,0,0,0,0,0,0,0,0,0,0,0,0,0,0,0,0,0,0,0,0,0,0,0,0,0,0,0,0,0,0,0,0,0,0,0,0,0,0,0,0,0,0,0,0,0,0,0,0,0
"D97",0,0,0,0,0,0,0,0,0,123,0,0,0,0,0,0,0,0,0,0,0,0,0,0,0,0,0,0,0,0,0,0,0,0,0,0,0,0,0,0,0,0,0,0,0,0,0,0,0,0,0,0,0,0,0,0,0,0,0,0,0,0,0,0,0,0,0,0,0,0,0,0,0,0,0,0,0,0,0,0,0,0,0,0,0,0,0,0,0,0,0,0,1906,0,0,0,0,0,0,0,0,0,0,0,0,0,0,0,0,0,0,0,0,0,0,0,0,0,0,0,0,0,0,0,0,0,0,0,0,0,0,0,0,0,0,0,0,0,0,0,0,0,0,0,0,0,0,0,0,0,0,0,0,0,2,0,0,0,0,0,0,0,0,0,0,0,0,0,0,0,0,0,0,0,0,0,0,0,0,0,0,0,0,0,0,0,0,0,0,0,0,0,0,0,0,0,0,0,0,0,0,0,0,0,0,0,0,0,0,0,0,0,0,0,0,0,0,0,0,0,0,0,0,0,0,0,0,0,0,0,0,0,0,0,0,0,0,0,0,0,0,0,0,0,0,0,0,0,0,0,0,0,0,0,0,0,0,0,0,0,0,0,734,0,0,0,0,0,0,0,0,0,0,0,0,0,0,0,0,0,0,0,0,0,0,0,0,0,0,0,0,0,0,0,0,0,0,0,0,0,0,0,0,0,0,0,0,0,0,0,0,0,0,0,3,0,0,0,0,0,0,0,0,0,0,0,0,0,0,0,0,0,0,0,0,0,0,0,0,0,0,0,0,0,0,0,0,0,0,0,0,0,0,0,0,0,0,0,0,114,0,0,0,0,0,0,0,0,0,0,0,0,0,0,0,0,0,0,0,0,0,0,0,0,0,0,0,0,22,0,0,0,0,0,0,0,0,0,0,1,0,0,0,0,0,0,0,0,0,15,0,0,0,0,0,0,0,0,0,0,0,0,0,0,0,0,0,0,0,0,0,0,0,0,0,0,0,0,0,0,0,0,0,0,0,0,0,0,0,0,0,0,0,0,0,0,0,0,0,0,0,0,0,0,0,0,0,0,0,0,0,0,0,0,0,0,0,15,0,0,0,0,0,0,0,0,0,0,0,0,0,0,0,0,0,0,0,0,0,0,0,0,0,0,8,0,0,0,0,0,0,0,0,0,0,0,0,0,0,0,0,0,0,0,0,0,0,0,0,0,0,0,3,0,0,0,0,0,0,0,0,0,0,0,0,0,0,0,0,0,0,0,0,0,0,0,0,0,0,0,0,0,0,0,0,0,0,0,0,0,0,0,0,0,0,0,0,0,0,0,0,0,0,0,0,0,0,0,0,0,0,0,0,0,0,0,0,0,0,0,0,0,0,0,0,0,0,0,0,0,0,0,0,0,0,0,0,0,0,0,0,0,0,0,0,0,0,0,0,49,0,0,0,0,0,0,0,0,0,0,0,0,0,0,0,0,0,4,0,0,0,0,0,0,0,0,0,0,0,0,0,0,0,0,0,0,0,0,0,0,0,0,0,0,0,0,0,0,0,0,0,2,0,0,0,0,0,0,55,0,0,0,0,0,0,0,0,0,0,0,0,0,0,0,0,0,0,0,0,0,0,0,0,0,0,0,0,0,0,0,0,0,0,0,0,0,0,48,0,0,0,0,0,0,0,0,0,0,0,0,0,0,0,0,4,0,0,0,0,0,0,0,0,0,0,0,0,0,0,0,0,0,0,0,0,0,0,0,0,0,0,0,0,0,0,0,0,0,0,0,0,0,0,0,0,0,0,0,0,0,0,0,0,0,0,0,0,736,0,0,0,0,0,0,0,0,0,0,0,0,0,0,0,0,0,0,0,0,0,0,0,0,0,0,0,0,0,0,0,0,0,0,0,3,0,0
"D98",0,0,0,0,0,0,0,0,0,0,0,0,0,0,0,0,0,0,0,0,25,5,0,0,0,0,0,0,0,2,0,0,0,0,0,0,0,0,0,0,0,0,0,0,48,0,11,35,0,0,0,0,0,0,0,0,0,0,18,0,0,0,0,0,0,0,1,0,4,0,0,0,0,0,0,0,0,0,0,0,0,0,0,0,0,11,2,0,0,0,0,0,0,0,8,0,0,0,30,0,0,240,0,0,0,0,0,51,0,0,0,0,0,0,61,0,17,0,0,0,0,0,0,0,0,0,13,0,0,0,0,26,109,0,0,0,0,0,0,9,0,0,0,0,0,0,0,0,0,0,14,0,0,0,0,0,0,0,0,0,0,0,0,0,0,0,0,0,0,0,0,594,0,0,0,0,0,184,0,0,0,0,0,0,0,0,0,0,0,17,0,0,0,0,0,0,0,0,0,0,0,0,0,0,162,0,0,0,0,0,0,0,0,1,0,0,0,0,106,0,0,0,0,0,0,0,0,0,0,0,0,0,0,0,0,0,0,0,0,0,0,0,0,0,0,0,0,0,0,0,0,0,0,54,0,0,0,0,0,0,0,0,0,75,0,0,0,0,0,0,0,0,0,19,0,0,0,0,0,0,0,0,270,0,0,0,0,0,0,0,0,0,0,0,0,0,0,0,0,0,0,0,0,0,0,0,0,0,0,0,0,0,0,0,0,223,0,0,0,0,0,0,0,0,0,0,0,0,0,0,0,0,12,0,0,0,0,0,0,0,0,0,0,0,0,0,0,0,0,0,0,0,0,0,0,0,0,0,0,0,0,1,0,0,10,0,0,0,0,0,0,0,0,3,0,0,0,0,0,0,0,0,0,0,0,0,0,0,0,0,0,0,1,0,0,0,0,0,0,0,0,0,0,4,0,1,103,0,0,0,0,221,2,0,0,0,0,0,0,0,0,0,0,0,0,0,0,0,0,10,0,0,0,0,0,0,0,0,0,0,0,0,0,0,0,0,10,0,0,0,0,0,0,0,0,0,0,0,0,0,0,0,0,0,0,0,6,0,0,0,0,0,0,0,0,0,0,0,0,0,0,0,0,5,0,0,0,0,0,0,10,0,0,5,0,0,0,0,0,0,0,0,2,0,0,5,0,0,0,0,0,0,0,0,0,0,0,0,0,0,0,0,0,0,7,0,0,0,0,0,0,0,0,0,22,0,0,19,0,14,0,0,0,0,0,0,0,0,0,0,0,8,0,5,0,0,0,22,0,0,0,0,0,0,0,0,0,0,0,0,0,0,0,0,0,0,0,4516,0,0,0,0,0,0,0,0,0,38,0,0,0,0,0,0,0,0,91,0,0,3,0,0,0,0,0,0,26,0,0,0,0,0,0,0,110,0,0,0,0,0,0,0,5,0,0,0,0,0,0,0,0,0,0,0,10,0,0,0,0,0,0,0,0,0,0,0,0,0,0,0,0,0,0,0,0,0,0,0,0,0,0,0,0,0,0,88,0,636,9,0,0,0,0,0,0,0,0,0,0,0,0,0,0,0,0,0,0,0,0,0,6,0,7,0,0,0,0,26,0,0,0,0,0,0,0,0,0,0,53,0,0,0,0,10,0,0,0,0,0,0,0,0,0,0,38,0,0,0,6,0,0,0,0,0,0,0,0,0,0,0,0,0,0,0,0,0,0,0,0,0,0,0,0,0,0,0,3,87,0,0,0,0,0,124,0,0,0,0,0,0,0,0,0,0,0,0,0,0,0,0,0,0,0,0,0,0,0,0,0,0,0,0,0,2,0,0,0,0,0,0,0,0,0,141,0,0,0,0,16,58,0,0,0,0,0,34,0,0,0,0,0,0,0,0,0,0,9,0,0,0,0,0,0,0,0,0
"D99",1,0,0,0,0,13,0,0,0,0,0,0,18,0,0,0,0,0,0,0,0,0,0,0,0,0,0,0,0,9,0,0,0,0,0,3,0,8,0,0,0,0,7,0,0,0,0,0,0,0,0,4,2,0,0,0,0,0,0,0,0,0,0,0,0,0,0,0,0,0,0,0,0,0,0,0,0,3,0,0,0,0,0,0,0,0,234,0,0,0,0,0,0,0,2,0,0,0,0,0,0,0,0,0,0,0,1,0,1,0,0,0,0,0,0,0,0,0,0,1,0,0,0,0,0,0,0,0,0,0,0,0,0,0,0,0,0,0,0,0,0,0,0,0,0,2,0,0,6479,0,991,0,0,0,0,0,0,20,0,0,0,0,0,0,0,0,0,0,0,0,0,0,0,0,0,0,0,0,0,0,0,0,0,0,0,0,0,0,0,0,0,0,0,0,1,0,0,0,0,0,0,0,0,0,0,0,0,0,0,0,0,10,0,0,0,0,274,0,0,0,0,0,0,0,0,0,3,0,0,0,1,0,0,0,0,1176,0,9,0,0,0,0,0,0,0,0,0,0,0,0,0,0,0,0,0,0,0,0,0,0,0,0,16,0,0,0,0,24,0,0,0,0,0,0,0,0,0,0,0,0,0,0,0,0,0,0,0,0,0,0,0,0,0,0,0,0,0,0,0,0,2,0,0,178,0,0,0,0,0,0,0,0,0,0,0,0,0,0,0,0,0,0,0,0,0,0,0,0,0,0,0,0,0,0,0,0,0,0,0,0,7,0,0,2,0,0,0,0,0,0,0,0,0,0,0,0,0,0,3,0,0,0,0,0,435,15,0,91,0,0,0,0,0,0,0,0,0,0,0,0,0,2,0,2,0,0,0,0,0,0,0,0,0,0,0,0,0,12,385,0,0,0,0,0,0,5,0,0,0,0,0,0,0,0,0,0,0,0,0,0,0,2,0,0,0,0,0,0,862,0,0,0,0,0,0,0,0,0,0,2,0,0,0,0,0,1908,0,0,0,0,0,0,0,0,0,0,0,0,2,0,0,0,0,0,0,0,0,0,0,0,0,0,0,0,0,0,0,3,0,0,4,0,0,5,0,0,4,0,0,0,5,0,4,0,0,0,13,0,0,0,0,0,0,0,0,0,0,0,0,0,0,0,0,0,0,13,1198,0,0,0,0,0,0,0,0,0,0,0,0,0,0,0,4,0,0,0,0,0,0,0,0,0,0,0,0,0,0,0,0,6,0,0,0,0,0,0,0,0,0,0,0,0,0,0,0,0,0,8,0,8,0,0,0,0,0,0,12,0,0,0,0,0,0,0,0,0,0,0,0,0,0,0,0,2,0,0,0,2,0,0,0,0,0,0,0,0,0,0,0,0,4,0,0,0,0,0,0,0,0,0,0,0,0,0,3,0,0,0,1,0,7,0,0,0,0,0,0,0,0,0,0,0,190,0,0,184,0,1,0,0,0,0,0,0,0,0,0,0,0,0,0,0,0,0,0,0,0,0,0,39,0,48,0,7,0,0,0,0,0,0,0,0,0,0,0,0,0,0,0,0,0,0,0,15,0,0,0,0,0,0,0,0,0,0,0,0,0,0,0,0,0,0,0,0,0,0,0,0,0,2,0,0,0,0,0,9,2,26,156,0,0,3,0,0,0,0,0,0,0,0,0,0,0,0,0,0,0,0,0,0,0,0,0,0,0,0,2,0,0,0,0,0,0,0,0,0,0,0,0,0,0,0,0,4,0,0,0,0,0,0,0,0,0,5,4,0,0,0,0,0,0,0,1,0,0,0,0,0,0,0,0,0,0,0,0,0,0,0,0,0,0,0,0,0,0,0,0,0,0,0,0,0,0,0,0,0,2,0,0,0,0,0,0,1,0,0
"D100",0,0,0,0,0,0,0,0,0,0,0,0,0,0,0,0,0,0,0,0,0,0,0,0,0,0,0,0,0,0,0,0,0,0,0,0,0,0,0,0,0,0,0,0,0,0,0,0,0,0,0,0,0,0,0,0,0,0,0,0,0,0,0,0,0,0,0,0,0,0,0,0,0,0,0,0,0,0,0,0,0,0,0,0,0,0,0,0,0,0,0,0,0,0,0,0,0,0,0,0,0,0,0,0,0,0,0,0,0,0,0,0,0,0,7,0,0,9,0,0,0,0,0,0,0,0,0,0,0,0,0,0,0,0,0,0,0,0,0,0,0,0,0,0,0,0,0,0,0,0,0,0,0,0,0,0,0,0,0,0,0,0,0,0,0,0,0,14,0,0,0,0,0,0,0,0,0,0,0,0,0,0,0,0,0,0,0,0,0,0,0,0,0,0,0,0,0,0,0,0,0,0,0,0,0,0,0,0,0,0,0,0,0,0,0,0,0,0,0,0,0,0,0,0,0,0,0,0,0,0,0,0,0,0,0,0,0,0,0,0,0,0,0,0,0,0,0,0,0,0,0,0,0,0,0,0,0,0,0,0,0,0,9,0,0,0,0,0,0,0,0,1,0,0,0,0,0,0,0,0,0,0,0,0,0,0,0,0,0,0,0,0,0,0,0,0,0,0,0,0,0,0,0,0,0,0,0,0,0,0,0,0,0,0,0,0,0,0,0,0,0,0,0,0,0,0,0,0,0,0,0,0,0,0,0,0,20,0,0,0,8,0,0,0,0,0,0,0,0,0,0,0,0,0,0,0,0,0,0,0,0,0,0,0,20,0,0,0,0,0,0,0,0,0,0,0,0,0,0,0,0,0,0,0,0,0,0,0,0,0,0,0,0,0,0,0,0,0,0,0,0,0,0,0,0,0,0,0,0,0,0,0,0,0,0,0,0,0,0,0,0,0,0,0,0,0,0,0,0,0,0,0,0,0,0,0,0,6,0,0,0,0,0,0,0,0,0,0,0,0,0,0,0,0,0,0,0,0,0,104,0,0,0,0,0,0,0,0,0,0,0,0,0,0,0,0,0,0,0,0,0,0,0,0,0,0,0,0,0,0,0,0,0,0,0,0,0,0,0,0,0,0,0,0,0,0,0,0,0,0,0,0,0,0,0,0,0,0,0,0,0,0,0,0,0,0,0,0,0,0,0,0,0,0,0,0,0,0,0,0,0,0,0,0,0,0,0,0,0,0,0,0,0,0,0,0,0,0,0,0,0,0,0,0,0,0,0,0,0,0,0,0,0,0,0,0,0,0,0,0,0,0,0,0,0,0,0,0,0,0,0,0,0,0,0,0,0,0,0,0,0,0,0,0,0,0,0,0,0,0,0,0,0,0,0,0,0,0,0,0,0,0,0,0,0,0,0,0,0,0,0,0,0,0,0,0,0,0,0,0,0,0,0,0,0,0,0,0,0,0,0,0,0,0,0,0,0,0,0,0,0,0,0,0,0,0,0,0,0,6,0,0,0,0,0,0,0,0,0,0,15,0,0,0,0,0,0,0,0,0,0,0,0,0,0,0,0,0,14,0,0,0,0,0,0,0,0,0,0,0,0,0,0,0,0,0,0,0,0,0,0,0,0,0,0,0,0,0,0,0,0,0,0,0,0,0,0,0,0,0,0,0,0,0,0,0,0,0,0,0,0,0,0,0,0,0,0,0,0,0,0,0,0,0,0,0,0,0,0,0,0,0,0,0,0,0,0,0,0,0,0,0,0,0,0,0,0,0,0,0,0,0,0,0,0,0,0,0,0,0,0,0,0,0,0,0,0,0,0,0,0,0,0,0,0,0,0,0,0,0,0,0,0,0,0,0,0,0,0,0,0,0,0,0,0,0
"D101",0,0,0,0,0,0,0,0,0,0,0,0,0,0,0,0,0,0,0,0,0,0,0,0,0,0,0,0,0,0,0,0,0,0,0,0,0,0,0,0,0,0,0,0,0,0,0,0,0,0,0,0,0,0,0,0,0,0,0,0,0,0,0,0,0,0,0,0,0,0,0,0,0,0,0,0,0,0,0,0,0,0,0,0,0,0,0,0,0,0,0,0,0,0,0,0,0,0,0,0,0,0,0,0,0,0,0,0,0,0,0,0,0,0,0,0,0,0,0,0,0,0,0,0,0,0,0,0,0,0,0,0,0,0,0,0,0,0,0,0,0,0,0,0,0,0,0,0,0,0,0,0,0,0,0,0,0,0,0,0,0,0,0,0,0,0,0,0,0,0,0,0,0,0,0,0,0,0,0,0,0,0,0,0,0,0,0,0,0,0,0,0,0,0,0,0,0,0,0,0,0,0,0,0,0,0,0,0,0,0,0,0,0,0,0,0,0,0,0,0,0,0,0,0,0,0,0,0,0,0,0,0,0,0,0,0,0,0,0,0,0,0,0,0,0,0,0,0,0,0,0,0,0,0,0,0,0,0,0,0,0,0,0,0,0,0,0,0,0,0,0,0,0,0,0,0,0,0,0,0,0,0,0,0,0,0,0,0,0,0,0,0,0,0,0,0,0,0,0,0,0,0,0,0,0,0,0,0,0,0,0,0,0,0,0,0,0,0,0,0,0,0,0,0,0,0,0,0,0,0,0,0,0,0,0,0,0,0,0,0,0,0,0,0,0,0,0,0,0,0,0,0,0,0,0,0,0,0,0,0,0,0,0,0,0,0,0,0,0,0,0,0,0,0,0,0,0,0,0,0,0,0,0,0,0,0,0,0,0,0,0,0,0,0,0,0,0,0,0,0,0,0,0,0,0,0,0,0,0,0,0,0,0,0,0,0,0,0,0,0,0,0,0,0,0,0,0,0,0,0,0,0,0,0,0,0,0,0,0,0,0,0,0,0,0,0,0,0,0,0,0,0,0,0,0,0,0,0,0,0,0,0,0,0,0,0,0,0,0,0,0,0,0,1,0,0,0,0,0,0,0,0,0,0,0,0,0,0,0,0,0,0,0,0,0,0,0,0,0,0,0,0,0,0,0,0,0,0,0,0,0,0,0,0,0,0,0,0,0,0,0,0,0,0,0,0,0,0,0,0,0,0,0,0,0,0,0,0,0,0,0,0,0,0,0,0,0,0,0,0,0,0,0,0,0,0,0,0,0,0,0,0,0,0,0,0,0,0,0,0,0,0,0,0,0,0,0,0,0,0,0,0,0,0,0,0,0,0,0,0,0,0,0,0,0,0,0,0,0,0,0,0,0,0,0,0,0,0,0,0,0,0,0,0,0,0,0,0,0,0,0,0,0,0,0,0,0,0,0,0,0,0,0,0,0,0,0,0,0,0,0,0,0,0,0,0,0,0,0,0,0,0,0,0,0,0,0,0,0,0,0,0,0,0,0,0,0,0,0,0,0,0,0,0,0,0,0,0,0,0,0,0,0,0,0,0,0,0,0,0,0,0,0,0,0,0,0,0,0,0,0,0,0,0,0,0,0,0,0,0,0,0,0,0,0,0,0,0,0,0,0,0,0,0,0,0,0,0,0,0,0,0,0,0,0,0,0,0,0,0,0,0,0,0,0,0,0,0,0,0,0,0,0,0,0,0,0,0,0,0,0,0,0,0,0,0,0,0,0,0,0,0,0,0,0,0,0,0,0,0,0,0,0,0,0,0,0,0,0,0,0,0,0,0,0,0,0,0,0,0,0,0,0,0,0,0,0,0,0,0,0,0,0,0,0,0,0,0,0,0,0,0,0,0,0,0,0,0,0,0,0,0,0,0,0,0
"D102",0,0,0,0,0,0,0,0,0,0,0,0,0,0,0,0,0,0,0,0,0,0,0,0,0,0,0,0,0,0,0,0,0,0,0,0,0,0,0,0,0,0,0,0,0,0,0,0,0,0,0,0,0,0,0,0,0,0,0,0,0,0,0,0,0,0,0,0,0,0,0,0,0,0,0,0,0,0,0,0,0,0,0,0,0,0,0,0,0,0,0,0,0,0,0,0,0,0,0,0,0,0,0,0,0,0,0,0,0,0,0,0,0,0,0,0,0,0,0,0,0,0,0,0,0,0,0,0,0,0,0,0,0,0,0,0,0,0,0,0,0,0,0,0,0,0,0,0,0,0,0,0,0,0,0,0,0,0,0,0,0,0,0,0,0,0,0,0,0,0,0,0,0,0,0,0,0,0,0,0,0,0,0,0,0,0,0,0,0,0,0,0,0,0,0,0,0,0,0,0,0,0,0,0,0,0,0,0,0,0,0,0,0,0,0,0,0,0,0,0,0,0,0,0,0,0,0,0,0,0,0,0,0,0,0,0,0,0,0,0,0,0,0,0,0,0,0,0,0,0,0,0,0,0,0,0,0,0,0,0,0,0,0,0,0,0,0,0,0,0,0,0,0,0,0,0,0,0,0,0,0,0,0,0,0,0,0,0,0,0,0,0,0,0,0,0,0,0,0,0,0,0,0,0,0,0,0,0,0,0,0,0,0,0,0,0,0,0,0,0,0,0,0,0,0,0,0,0,0,0,0,0,0,0,0,0,0,0,0,0,0,0,0,0,0,0,0,0,0,0,0,0,0,0,0,0,0,0,0,0,0,0,0,0,0,0,0,0,0,0,0,0,0,0,0,0,0,0,0,0,0,0,0,0,0,0,0,0,0,0,0,0,0,0,0,0,0,0,0,0,0,0,0,0,0,0,0,0,0,0,0,0,0,0,0,0,0,0,0,0,0,0,0,0,0,0,0,0,0,0,0,0,0,0,0,0,0,0,0,0,0,0,0,0,0,0,0,0,0,0,0,0,0,0,0,0,0,0,0,88,0,0,0,0,0,0,0,0,0,0,0,0,0,0,0,0,0,0,0,0,0,0,0,0,0,0,0,0,0,0,0,0,0,0,0,0,0,0,0,0,0,0,0,0,0,0,0,0,0,0,0,0,0,0,0,0,0,0,0,0,0,0,0,0,0,0,0,0,0,0,0,0,0,0,0,0,0,0,0,0,0,0,0,0,0,0,0,0,0,0,0,0,0,0,0,0,0,0,0,0,0,0,0,0,0,0,0,0,0,0,0,5,0,0,0,0,0,0,0,0,0,0,0,0,0,0,0,0,0,0,0,0,0,0,0,0,0,0,0,0,0,0,0,0,0,0,0,0,0,0,0,0,0,0,0,0,0,0,0,0,0,0,0,0,0,0,0,0,0,0,0,0,0,0,0,0,0,0,0,0,0,0,0,0,0,0,0,0,0,0,0,0,0,0,0,0,0,0,0,0,0,0,0,0,0,0,0,0,0,0,0,0,0,0,0,0,0,0,0,0,0,0,0,0,0,0,0,0,0,0,0,0,0,0,0,0,0,0,0,0,0,0,0,0,0,0,0,0,0,0,0,0,0,0,0,0,0,0,0,0,0,0,0,0,0,0,0,0,0,0,0,0,0,0,0,0,0,0,0,0,0,0,0,0,0,0,0,0,0,0,0,0,0,0,0,0,0,0,0,0,0,0,0,0,0,0,0,0,0,0,0,0,0,0,0,0,0,16,0,0,0,0,0,0,0,0,0,0,0,0,0,0,0,0,0,0,0,0,0,0,0,0,0,0,0,0,0,0,0,0,0,0,0,0,0,0,0,0,0,0,0,0,0,0,0,0,0,0,0,0,0,0,0,0,0,0
"D103",0,0,0,0,0,17,0,0,0,162,0,0,26,0,0,3,9,0,0,0,0,0,0,6,0,0,0,0,0,58,3,0,0,0,0,0,0,0,0,0,0,0,0,0,0,9,1,0,0,0,0,0,16,0,0,0,0,2,0,0,2,0,0,0,0,0,4022,0,0,0,0,5,0,0,0,0,0,0,0,11,0,0,0,0,0,0,233,0,0,0,0,0,0,0,15,0,0,0,4,0,0,0,0,0,0,0,0,0,13,0,0,0,0,0,0,84,0,0,0,0,0,0,0,0,0,0,0,0,0,0,0,0,0,0,0,0,0,0,0,0,0,178,2,0,0,0,0,0,3640,0,1200,0,0,0,0,0,0,177,0,3,0,0,0,0,0,0,0,0,0,0,0,0,0,326,0,6,0,0,39,0,0,0,0,0,0,76,0,0,0,0,0,0,0,211,37,0,0,0,0,0,0,21,0,0,0,0,0,0,0,0,0,0,0,0,0,0,442,0,0,0,0,0,0,9,0,0,0,0,0,0,0,0,0,0,0,944,0,0,0,0,0,0,0,0,0,0,0,0,0,0,0,0,0,0,0,0,0,6,0,0,0,0,0,0,0,0,0,1,0,0,0,0,0,0,0,0,0,0,0,0,0,0,0,0,0,0,0,0,0,0,0,0,0,0,0,0,0,0,0,0,0,0,0,2369,24,0,0,0,9,0,0,0,0,0,2,0,23,0,0,0,0,0,0,0,0,0,0,0,0,0,0,0,3211,0,0,0,7,0,0,0,0,0,0,70,0,0,0,0,0,0,0,0,0,0,0,0,0,0,0,0,0,0,0,0,1176,0,0,5890,0,0,0,0,0,0,0,0,0,0,0,0,0,0,0,0,0,0,0,0,0,0,0,0,0,0,0,0,0,7,137,18,0,0,16,15,0,2,0,0,0,0,0,0,0,0,0,0,0,1,0,0,0,0,0,0,7,0,0,0,169,0,0,0,0,0,0,0,0,0,0,0,0,0,0,0,0,179,0,0,0,19,0,0,0,0,0,0,0,0,0,0,0,0,0,0,0,0,359,0,0,0,0,0,0,0,0,0,0,0,0,0,0,0,0,0,0,140,0,0,0,0,0,0,6,0,0,0,82,0,0,0,0,0,0,0,6,0,0,46,0,0,1,0,0,0,0,0,7,0,0,0,7,0,0,0,0,0,0,0,0,0,0,1226,36,0,0,0,0,0,0,450,0,0,0,0,0,0,0,0,0,34,0,0,0,16,0,0,0,0,0,0,0,6,0,0,0,0,0,195,0,173,0,0,0,0,0,0,3,0,0,0,0,0,0,0,0,0,0,0,0,0,0,0,0,0,0,0,0,0,0,0,0,0,0,0,0,0,0,0,0,25,0,0,41,0,0,0,0,0,0,0,0,0,0,0,0,0,0,0,0,55,145,0,0,0,0,0,0,0,0,0,0,0,132,0,0,0,0,31,0,0,0,0,0,0,0,0,0,1,0,0,0,0,0,0,0,4,0,0,0,98,0,28,0,0,0,0,0,0,0,0,9,0,0,0,0,0,0,0,1,0,0,0,9,0,28,0,0,6,0,0,0,0,9,0,0,0,0,0,0,0,0,0,0,0,0,0,0,0,4,0,0,0,0,0,0,36,0,534,694,0,0,0,0,0,0,0,0,0,0,0,0,0,0,0,0,0,0,0,0,0,0,0,0,0,6,0,0,0,0,0,0,117,0,0,0,7,0,0,0,0,0,0,0,6,0,0,0,0,0,0,0,0,0,56,18,0,0,0,0,0,0,0,0,0,0,0,0,0,0,0,0,0,0,0,0,0,0,0,0,0,0,0,0,0,21,0,0,0,0,0,18,0,0,0,0,0,0,0,0,0,0,0,0,109,0,0
"D104",0,20,106,0,1,0,2,7,13,0,0,0,0,0,0,16,155,0,15,79,6,0,18,47,33,6,0,14,5,0,9,81,57,7,24,3,100,0,0,14,53,3,0,13,101,14,12,0,45,0,16,0,43,0,157,223,39,52,27,24,0,0,0,6,64,0,0,7,475,0,38,1,0,3,0,24,20,0,0,23,7,20,0,0,0,35,0,0,96,10,17,10,0,2,104,1,11,0,0,5,133,13,0,30,0,34,19,0,0,10,17,5,0,48,0,0,0,0,4,123,9,0,12,2,61,0,9,1,8,0,0,0,3,24,94,66,6,56,0,19,0,0,2,168,15,491,24,1,0,19,0,0,24,6,0,0,0,0,0,51,0,0,23,0,2,41,7,13,8,0,14,0,1,0,13,227,3,0,0,12,13,0,0,63,6,0,0,18,8,0,0,0,20,0,0,4,6,10,13,31,8,0,8,0,0,0,0,37,0,25,2,0,8,0,0,28,0,0,6,0,3,0,11,25,26,7,169,0,0,8,11,12,2,18,2,0,37,0,37,0,2,6,33,0,0,11,0,14,19,0,17,6,16,0,0,0,2,372,25,15,1,0,0,0,0,39,6,0,49,0,17,0,32,1,0,0,1,0,2,3,13,3,0,5,8,44,6,42,7,22,0,79,0,0,18,0,42,0,4,52,23,0,19,0,0,14,1,7,6,0,0,7,3,0,13,56,232,0,2,102,18,0,0,0,0,6,0,0,0,12,4,0,0,0,3,3,53,38,0,0,0,55,0,4,14,12,0,126,0,0,2,149,14,8,0,2,3,8,3,0,8,0,0,15,0,0,22,0,66,47,13,27,3,0,284,0,0,0,6,25,2,55,56,0,10,0,6,5,0,21,0,0,74,21,2,3,0,396,0,0,24,2,0,2,5,0,3,8,0,0,160,107,0,0,4,32,4,8,56,16,78,0,6,54,412,16,38,0,0,1,0,4,6,69,3,0,2,10,0,0,11,85,0,12,53,0,21,8,183,0,17,54,46,10,34,16,2,0,0,0,9,128,320,0,0,0,44,2,54,20,9,58,2,7,129,0,8,0,26,70,0,206,7,0,25,0,14,0,36,33,26,0,0,0,0,8,0,9,103,2,15,0,3,0,0,16,18,0,0,36,20,55,2,39,0,5,41,9,8,1,5,0,4,13,0,112,30,13,137,58,12,2,0,141,3,3,2,16,0,0,97,64,23,0,4,10,0,37,0,0,5,2,0,0,4,0,2,0,0,0,2,0,21,76,0,0,60,0,24,0,6,20,0,6,6,37,0,0,11,0,14,0,57,13,0,16,0,1,75,4,80,0,0,0,1,0,0,49,2,0,0,1,70,2,10,0,11,25,0,0,0,41,45,57,0,0,24,3,44,0,1,0,0,6,12,22,2,0,0,0,0,0,8,19,14,0,0,10,28,127,0,4,0,1,0,0,0,17,0,7,11,32,0,22,17,181,4,2,64,0,6,0,61,1,11,3,0,0,0,0,0,0,13,0,6,35,0,3,167,0,0,3,5,0,0,0,15,0,0,29,0,24,0,0,1,4,0,524,67,18,73,0,0,0,0,32,51,4,0,0,3,166,3,0,15,0,0,11,0,18,18,11,1,0,0,636,15,0,0,21,138,8,22,5,12,0,1,13,0,95,0,160,22,68,0,13,0,0,5,34,6,7,0,24,0,5,77,0,4,0,0,20,2,0,0,18,5,0,1,15,22,3,73,0,0,0,49,70,0,1,0,0,150,0,7,2,4,6,12,120,48,25,15,9,60,0,66,94,19,0,1,0,64,60,0,0,8,0,43,12,0,1,9,5,0,0,27,0,23,12,0,0,0,30,0,32,59,0,0,11,4,0,8,21,0,0
"D105",0,0,0,0,0,0,0,0,0,0,0,0,0,0,5,0,0,0,0,0,0,0,0,0,0,0,0,0,0,0,0,0,0,0,0,0,0,0,153,0,0,0,0,0,0,0,0,0,0,0,0,0,0,0,0,0,0,0,2,0,0,0,0,0,0,0,0,0,0,0,0,0,448,0,0,0,0,0,0,0,0,0,0,0,0,0,0,0,0,0,0,0,0,0,0,0,0,74,39,0,0,0,0,0,0,0,0,10,0,0,0,0,0,0,523,0,0,66,0,0,0,12,0,0,0,0,0,0,0,0,0,167,0,0,0,0,0,0,896,0,0,0,0,0,0,0,0,0,0,0,0,0,0,0,0,0,0,0,0,0,0,0,0,0,0,0,0,0,0,0,0,772,0,0,0,0,0,0,0,0,0,0,0,0,0,0,29,0,0,1168,0,0,0,0,0,0,0,0,0,0,0,0,0,0,0,0,392,0,0,0,0,0,0,0,0,0,0,4,0,0,0,0,0,0,0,0,0,0,0,0,0,0,0,0,0,0,0,0,0,0,0,0,0,0,0,0,441,2,0,0,0,0,0,0,1,0,0,0,0,0,0,0,0,724,4,0,0,0,0,0,0,0,0,0,0,0,0,0,0,0,0,0,267,0,0,0,0,0,0,0,0,0,0,0,0,0,0,0,0,0,0,0,0,0,0,0,0,0,0,0,18,0,0,0,0,0,0,0,0,0,0,47,0,0,0,0,0,0,14,0,96,0,0,0,0,0,0,0,0,0,0,0,0,0,0,0,0,0,0,16,0,0,0,0,0,20,0,0,0,0,0,0,0,0,0,0,0,0,0,0,0,0,0,6,0,0,0,0,0,0,0,0,0,0,0,5,0,0,0,0,0,0,0,0,0,0,0,0,0,0,0,0,0,0,0,0,0,0,0,0,0,0,0,2,0,0,0,0,0,0,0,0,0,0,0,0,0,0,0,0,0,0,0,0,0,0,0,0,0,0,0,0,0,0,0,0,0,0,0,0,0,0,0,0,0,0,0,0,0,0,0,0,0,0,0,0,0,0,0,0,0,0,781,0,0,0,4,2,0,0,0,0,0,0,0,0,0,55,0,0,0,0,0,17,3,0,0,0,0,0,0,0,0,96,0,0,0,0,0,0,0,0,0,0,95,0,0,0,0,0,0,0,0,0,0,0,0,0,0,0,0,0,0,0,0,0,0,0,23,0,0,0,0,0,0,0,0,0,0,0,0,0,0,0,0,2255,119,0,0,19,0,0,0,0,0,42,0,0,0,0,0,0,0,0,0,0,0,0,0,0,0,0,0,0,0,0,0,41,0,0,0,0,0,0,0,2,349,0,0,0,1073,0,0,0,0,0,0,0,0,0,0,0,0,0,589,0,0,0,0,4,0,0,1885,0,0,0,0,0,0,0,0,0,0,0,8,0,0,0,0,0,0,0,0,0,101,0,0,0,0,0,0,0,2,0,0,0,0,0,0,263,0,0,0,0,0,3631,0,1056,32,0,0,0,0,0,0,0,0,0,0,0,161,0,0,0,0,3,0,0,0,0,0,0,132,0,0,0,0,0,0,0,0,0,0,0,0,0,0,0,39,0,0,0,0,105,0,0,0,0,0,0,0,0,0,0,0,0,0,0,23,0,0,0,0,0,0,253,0,0,0,0,0,0,0,0,0,0,0,253,0,0,0,0,0,0,0,0,0,2052,0,0,0,0,0,0,0,0,0,0,0,0,0,0,0,0,0,0,0,0,0,0,218,0,0,0,0,0,0,0,0,0,0,0,0,0,0,0,0,0,0,0,0,0,0,0,0,0,0,0,0,0,0,0,0,0,0,4341,0,0,0,0,0,0,0,0,0,0,0,0,24,0,0,0,0,0,0,0
"D106",0,0,0,0,0,0,0,0,0,0,0,0,0,0,0,0,0,0,0,0,0,0,0,0,0,0,0,0,0,3,0,0,0,0,0,0,0,0,0,0,0,0,0,0,4,0,0,4,0,0,0,0,0,0,0,0,0,0,0,0,0,0,0,0,0,0,0,0,326,0,0,0,0,0,0,0,0,0,0,0,0,0,0,0,0,2,0,0,0,0,0,0,0,0,0,0,0,0,7,0,0,59,0,0,0,0,0,1,0,30,0,0,0,0,11,0,2,0,0,0,0,2,0,0,0,0,0,0,0,0,0,5,10,0,0,0,0,0,0,3,0,0,0,0,0,0,0,0,0,0,0,0,0,0,0,0,0,0,0,0,0,0,0,0,0,0,0,0,0,0,0,17,0,0,0,0,0,34,0,0,0,0,0,0,0,0,0,0,0,2,0,0,0,0,0,0,0,0,0,0,0,0,0,0,2,0,0,0,0,0,0,0,0,2,0,0,0,0,0,0,0,0,0,0,0,0,0,0,0,0,0,0,0,0,0,0,0,0,0,0,0,0,0,0,0,0,0,0,0,0,0,0,0,6,0,0,0,0,0,0,0,0,0,1,0,0,0,0,0,0,0,0,0,0,0,0,0,0,0,0,0,0,46,0,0,0,0,0,0,0,0,0,0,0,0,0,0,0,0,0,0,0,0,0,0,0,0,0,0,0,0,0,0,0,0,1,0,0,0,0,0,0,0,0,0,0,0,0,0,0,0,0,0,0,0,0,0,0,0,0,0,0,0,0,0,0,0,0,0,0,0,0,0,0,0,0,0,0,0,0,0,2,0,0,0,0,0,0,0,0,0,0,0,0,0,0,0,0,0,0,0,0,0,0,0,0,0,0,0,0,0,0,0,0,0,0,0,0,0,0,0,0,0,0,0,0,11,0,0,0,0,5,2,0,0,0,0,0,0,0,0,0,0,0,0,0,0,0,0,0,0,0,0,0,0,0,0,0,0,0,0,0,0,0,0,0,2,0,0,0,0,0,0,0,0,0,0,0,0,0,0,0,0,0,0,0,0,0,0,0,0,0,0,0,0,0,0,0,0,0,0,0,0,0,0,0,0,0,0,0,0,0,0,2,0,0,0,0,0,0,0,0,0,0,0,0,0,2,0,0,0,0,0,0,0,0,0,0,0,0,0,0,0,0,2,0,0,0,0,0,0,0,0,0,0,0,0,0,0,6274,0,0,0,0,0,0,0,0,0,0,0,0,0,0,0,0,0,3,0,0,0,0,0,0,0,0,0,0,0,0,0,0,0,0,0,0,0,249,0,0,0,0,0,0,0,0,0,0,0,0,0,0,0,0,0,0,3,0,0,0,0,0,0,0,0,0,0,0,0,0,0,0,0,0,4,0,0,0,0,0,0,0,0,0,0,0,0,0,0,0,0,0,0,0,0,0,0,0,0,0,0,0,0,0,0,0,0,0,0,0,0,0,0,0,0,0,0,0,0,0,0,0,0,0,0,12,0,45,0,0,0,0,0,0,0,0,0,0,0,0,0,0,0,0,0,0,0,0,0,2,0,0,2,0,0,0,0,3,0,0,0,0,0,0,0,0,0,0,23,0,0,0,0,0,0,0,0,0,0,0,0,0,0,0,0,0,0,0,0,0,0,0,0,0,0,0,0,0,1,0,0,0,0,0,0,0,0,0,0,0,0,0,0,0,0,0,0,0,0,0,0,0,0,2,0,0,0,0,0,0,0,0,0,0,0,0,0,0,0,0,0,0,0,0,2,0,0,0,0,0,0,0,0,0,0,0,0,0,0,0,0,0,0,15,0,0,0,0,0,11,0,0,0,0,0,2,0,0,0,0,0,0,0,0,0,0,0,0,0,0,0,0,0,0,0,0
"D107",0,0,0,0,0,0,0,0,0,0,0,0,0,0,0,0,0,20,0,0,0,0,0,0,0,0,0,0,0,145,0,0,0,0,0,0,0,0,0,0,0,0,0,0,0,0,0,0,0,0,0,3,0,0,0,0,0,0,0,0,0,0,0,0,0,0,5,416,0,0,0,0,0,0,0,0,0,19,43,0,0,0,0,0,0,0,0,0,0,0,0,0,0,0,0,0,0,0,0,0,0,0,0,0,0,0,0,0,0,0,0,0,0,0,0,0,0,0,0,0,0,0,0,0,0,0,0,0,0,0,0,0,0,0,0,0,0,0,4,0,0,0,0,0,0,0,0,0,0,0,0,0,0,0,0,0,0,0,0,0,0,0,0,0,0,0,0,0,0,0,0,0,0,0,0,0,0,0,0,0,0,0,0,0,0,0,0,0,0,0,0,0,0,0,0,0,0,0,0,0,0,838,0,0,0,0,0,0,0,0,0,0,0,0,0,0,0,0,0,0,0,0,0,0,0,0,0,0,0,0,0,0,0,0,0,0,0,0,0,0,0,0,0,0,0,0,0,0,0,0,0,0,0,0,0,0,0,0,0,0,0,2086,0,0,0,0,0,0,0,0,0,0,0,0,0,0,0,0,0,0,0,0,0,0,0,0,0,0,0,0,0,0,0,0,0,0,0,0,0,0,0,0,0,0,0,0,0,0,0,0,0,0,0,0,0,0,0,0,0,0,0,0,0,0,0,0,0,0,0,0,0,0,7,0,0,0,0,0,0,0,0,0,0,0,0,0,0,0,0,0,0,0,0,0,0,0,0,0,0,0,0,0,0,0,2,0,0,0,0,0,0,0,0,0,0,0,0,0,0,0,0,0,0,0,0,0,0,0,0,0,0,0,0,0,0,0,0,0,0,0,0,0,0,0,0,0,0,0,0,0,0,0,0,0,0,0,0,0,0,0,0,0,0,0,0,0,0,0,0,0,0,0,0,0,0,0,0,0,0,0,0,0,0,0,0,0,0,0,0,0,0,0,0,0,0,0,0,0,0,6857,0,0,0,0,0,0,0,0,0,0,0,0,2,0,0,0,0,0,0,0,0,0,0,0,0,0,0,0,0,0,0,0,0,0,0,0,0,0,0,0,0,0,0,0,0,0,0,0,0,0,0,0,0,0,0,0,0,0,0,0,0,0,0,0,0,0,0,0,0,0,0,0,0,0,0,0,0,0,0,0,0,0,0,0,0,0,0,0,0,0,0,0,0,0,0,0,0,0,0,0,0,0,0,0,5,0,0,0,0,0,0,0,0,0,0,0,0,0,0,0,0,0,0,0,2,0,0,0,0,0,0,0,0,0,0,0,0,0,0,0,0,0,0,0,0,0,0,0,0,0,0,0,0,0,11,0,0,0,0,0,0,0,0,0,0,0,0,0,0,0,0,0,0,0,0,0,0,0,0,0,0,0,0,0,0,0,0,0,0,0,0,0,0,0,0,0,0,0,0,0,0,0,0,0,0,14,0,0,0,0,0,0,0,0,0,0,0,0,0,0,0,0,0,0,0,0,0,0,0,0,0,0,0,0,0,0,0,0,0,0,0,0,0,0,0,0,0,0,0,0,0,0,0,0,0,0,0,0,0,0,0,0,0,564,0,0,0,0,0,0,0,0,0,0,0,0,0,0,0,0,0,0,0,0,0,0,0,0,0,0,0,0,0,0,0,0,0,4,0,0,0,0,0,0,0,0,0,0,0,0,0,0,0,0,0,0,0,0,0,0,0,0,0,0,0,0,0,0,0,0,0,0,0,0,0,0,0,0,0,0,0,0,0,0,0,0,0,0,0,0,0,0,0,0,0,0,0,0,0,0,0,0,0,0,0,0,0,0,0,0,0,0,0,0,0,0
"D108",0,0,0,0,0,0,0,0,0,0,0,0,0,0,0,0,0,0,0,0,0,0,0,0,0,0,0,0,0,0,0,0,0,0,0,0,0,0,0,0,0,0,0,0,0,0,0,0,0,0,0,0,0,0,0,0,0,0,0,0,0,0,0,0,0,0,0,0,0,0,0,0,0,0,0,0,0,0,0,0,0,0,0,0,0,0,0,0,0,0,0,0,0,0,0,0,0,0,0,0,0,0,0,0,0,0,0,0,0,0,0,0,0,0,0,0,0,0,0,0,0,0,0,0,0,0,0,0,0,0,0,0,0,0,0,0,0,0,0,0,0,0,211,0,0,0,0,0,0,0,0,0,0,0,0,0,0,3,0,0,0,0,0,0,0,0,0,0,0,0,0,0,0,0,0,0,0,0,0,0,0,0,0,0,0,0,0,0,0,0,0,0,0,0,0,0,0,0,0,0,0,0,0,0,0,0,0,0,0,0,0,0,0,0,0,0,0,0,0,0,0,0,0,0,0,0,0,0,0,0,0,0,0,0,0,0,0,0,0,0,0,0,0,0,0,0,0,0,0,0,0,0,0,0,0,0,0,0,0,0,0,0,0,0,0,0,0,0,0,0,0,0,0,0,0,0,0,0,0,0,0,0,0,0,0,0,0,0,0,0,0,0,0,0,0,0,0,0,0,0,0,0,0,6,0,0,0,0,0,0,0,0,0,0,14,0,0,0,0,0,0,0,0,0,0,0,0,0,0,0,0,0,0,0,0,0,0,0,0,0,0,0,0,0,0,0,0,0,0,0,0,0,0,0,0,0,0,0,0,0,0,0,0,0,2,0,0,0,0,0,0,0,0,0,0,0,0,0,0,0,0,0,0,0,0,0,0,0,0,0,0,0,0,0,0,0,0,0,0,0,0,0,0,0,0,0,0,0,0,0,0,0,0,0,0,0,0,0,0,0,0,0,0,0,0,0,0,0,0,0,0,0,0,0,0,0,0,0,0,0,0,0,0,0,0,0,0,0,0,0,0,0,0,0,0,0,0,0,0,0,0,0,0,0,0,0,0,0,0,0,0,0,0,0,0,0,0,0,0,0,0,0,0,0,0,0,0,0,0,0,0,0,817,0,0,0,0,0,0,0,0,0,0,0,0,0,0,0,0,0,0,0,0,0,0,0,0,0,0,0,0,0,0,0,0,0,0,0,0,0,0,0,0,0,0,0,0,0,0,0,0,0,0,0,0,0,0,0,0,0,0,0,0,0,0,0,0,0,0,0,0,0,0,0,0,0,0,0,0,0,0,0,0,0,0,0,0,0,0,0,0,0,0,0,0,0,0,0,0,0,0,0,0,0,0,0,0,0,0,0,0,0,0,0,0,0,0,0,23921,0,0,0,0,0,0,0,0,0,0,0,0,0,0,0,0,0,0,0,0,0,0,0,0,0,0,0,0,0,0,0,0,0,0,0,0,0,0,0,0,0,0,0,0,0,0,0,0,0,0,0,0,0,0,0,0,0,0,0,0,0,0,0,0,0,0,0,0,0,0,0,0,0,0,0,0,0,0,0,0,0,0,0,0,0,0,0,0,0,0,0,0,0,0,0,0,0,0,0,0,0,0,0,0,0,0,0,0,0,0,0,0,0,0,0,0,0,0,5,0,0,0,0,0,0,0,0,0,0,0,0,0,0,0,0,0,0,0,0,0,0,0,0,0,0,0,0,0,0,0,0,0,0,0,0,0,0,0,0,0,0,0,0,0,0,0,0,0,0,0,0,0,0,0,0,0,0,0,0,0,0,0,0,0,0,0,0,0,0,0,0,0,0,0,0,0,0,0,0,0,0,0,0,0,0,0,0,0,0,0,0,0,0,0,0,0,0,0,0,0,0,0,0,0,0,0,0
"D109",2,0,0,0,141,0,0,2,0,0,204,31,0,0,0,0,0,0,12,0,5,0,0,0,927,0,0,0,0,0,0,0,0,0,13,0,0,0,0,8,164,11,0,53,455,0,0,19,0,25,40,0,5,32,88,0,0,0,327,31,0,17,92,0,0,0,0,77,16,8,0,0,0,0,23,26,0,0,0,14,6,0,0,0,0,37,0,0,0,0,0,0,0,84,0,83,11,0,5,108,16,0,9,0,56,0,0,22,1,0,0,249,69,70,0,538,0,0,10,0,0,5,0,5,0,0,1,11,0,49,43,0,3,0,2,7,17,11,11,0,0,0,0,0,19,10,11,0,0,0,0,1,13,0,0,0,0,0,0,0,3,0,0,5,7,0,0,21,0,0,0,26,0,0,0,0,16,0,0,0,9,0,0,33,7,0,2,0,0,38,2,0,0,0,0,0,0,0,2,0,18,0,0,0,0,0,5,14,2,0,47,0,45,0,34,0,0,0,0,15,0,84,8,25,0,2,0,0,0,0,0,25,2,0,25,0,0,0,0,0,0,0,0,0,4,0,16,0,6,0,0,0,63,0,0,17,4,0,0,24,0,118,0,90,0,0,0,0,20,1,480,1,9,0,26,10,35,0,0,12,25,0,6,5,24,0,0,295,7,4,0,161,20,17,0,0,0,0,18,0,0,0,0,0,0,0,2,0,34,25,3,0,7,2,4,0,0,0,0,0,2,0,0,25,2,27,6,26,0,52,1,0,0,0,0,0,0,0,3,0,0,0,0,0,30,0,48,7,1,0,5,0,0,0,0,34,21,0,0,0,0,0,0,14,0,0,0,0,0,0,0,0,5,3,0,0,0,0,0,1,0,0,179,0,8,55,8,57,0,277,0,0,0,0,0,31,0,23,0,0,0,9,0,0,0,0,0,65,0,0,0,0,0,0,24,0,0,0,140,0,0,0,0,0,0,0,0,0,0,0,0,0,0,246,0,0,27,1,0,0,0,54,0,0,3,0,0,0,0,0,18,0,27,0,0,0,0,0,0,0,0,0,243,0,207,46,13,0,0,0,0,70,0,0,2,11,0,0,0,0,0,0,11,0,0,0,0,3,15,0,103,264,0,0,0,0,0,0,0,0,0,25,0,0,0,0,525,0,49,0,0,0,1,0,1,0,0,0,0,26,0,2,0,0,5,36,0,25,0,0,1,0,0,15,2,0,26,0,0,0,0,0,33,1,119,0,16,0,233,0,0,0,0,0,5,0,13,0,5,2,0,123,1,0,0,0,60,0,0,0,24,0,3,0,4,0,0,15,0,7,0,0,0,159,0,20,75,0,0,2,0,0,0,0,23,1,29,0,0,0,0,0,0,0,0,3,0,7,0,0,0,0,0,0,0,57,73,0,447,0,0,11,0,0,0,6,0,0,74,0,0,0,0,0,0,15,24,8,0,20,0,0,0,2,0,0,4,0,0,1,0,0,0,39,0,1062,2,0,14,0,0,0,0,0,0,0,6,99,0,0,186,0,1,0,43,42,6,5,61,300,6,0,99,0,230,2,7,0,0,6,2,0,2,0,2,17,0,1328,0,0,0,3,0,0,0,21,17,0,0,52,0,93,0,19,0,0,0,2,0,73,101,0,0,0,0,0,0,0,0,20,173,17,4,0,0,0,23,12,3,17,33,0,0,0,0,0,8,0,35,0,51,0,1,3,0,0,11,60,44,5,0,0,0,0,0,0,0,0,5,0,3,0,13,0,0,0,186,0,99,0,0,0,165,0,0,4,65,0,0,0,0,30,0,2,0,0,0,53,5,0,0,0,0,0,0,24,0,0,0,0,0,58,106,6,0,93,0,0,12,0,0,0,0,2,0,855,0,0,0,0,0,0,2,0,4,0
"D110",0,0,0,0,0,0,0,0,0,0,0,0,0,0,0,0,0,0,0,0,0,0,0,0,0,0,0,0,0,0,0,0,0,0,0,0,0,0,0,0,0,0,0,0,0,0,0,0,0,0,0,0,0,0,0,0,0,0,0,0,0,0,0,0,0,0,0,0,0,0,0,0,0,0,0,0,0,0,0,0,0,0,0,0,0,0,0,0,0,0,0,0,0,0,0,0,0,0,0,0,0,0,0,0,0,0,0,0,0,0,0,0,0,0,0,0,0,0,0,0,0,0,0,0,0,0,0,0,0,0,0,0,0,0,0,0,0,0,0,0,0,0,59,0,0,0,0,0,0,0,0,0,0,0,0,0,0,0,0,0,0,0,0,0,0,0,0,0,0,0,0,0,0,0,0,0,0,0,0,0,0,0,0,0,0,0,0,0,0,0,0,0,0,0,0,0,0,0,0,0,0,0,0,0,0,0,0,0,0,0,0,0,0,0,0,0,0,0,0,0,0,0,0,0,0,0,0,0,0,0,0,0,0,0,0,0,0,0,0,0,0,0,0,0,0,0,0,0,0,0,0,0,0,0,0,0,0,0,0,0,0,0,0,0,0,0,0,0,0,0,0,0,0,0,0,0,0,0,0,0,0,0,0,0,0,0,0,0,0,0,0,0,0,0,0,0,0,0,0,0,0,0,0,0,0,0,0,0,0,0,0,0,0,0,1035,0,0,0,0,0,0,0,0,0,0,0,0,0,0,0,0,0,11,0,0,0,0,0,0,0,0,0,0,0,0,0,0,0,0,0,0,0,0,0,0,0,0,0,0,0,0,0,0,0,0,0,0,0,0,0,0,0,0,0,0,0,0,0,0,0,0,0,0,0,0,0,0,0,0,0,0,0,0,0,0,0,0,0,0,0,0,0,0,0,0,0,0,0,0,0,0,0,0,0,0,0,0,0,0,0,0,0,0,0,0,0,0,0,0,0,0,0,0,0,0,0,0,0,0,0,0,0,0,0,0,0,0,645,0,0,0,0,0,0,0,0,0,0,0,0,0,0,0,0,0,0,0,0,0,0,0,0,0,0,0,0,0,0,0,0,0,0,0,0,0,0,0,0,0,0,0,0,0,0,0,0,0,0,0,0,0,0,0,0,0,0,0,0,0,0,0,0,0,0,0,0,0,0,0,0,0,0,0,0,0,0,0,0,0,0,0,0,0,0,0,0,0,0,0,0,0,0,0,0,0,0,0,0,0,0,0,0,0,0,0,0,0,0,0,0,0,0,0,0,0,0,0,0,0,0,0,0,0,0,0,0,0,0,0,0,0,0,0,0,0,0,0,0,0,0,0,0,0,0,0,0,0,0,0,0,0,0,0,0,0,0,0,0,0,0,0,0,0,0,0,0,0,0,0,0,0,0,0,0,0,0,0,0,0,0,2,0,0,0,0,0,0,0,0,0,0,0,0,0,0,0,0,0,0,0,0,0,0,0,0,0,0,0,0,0,0,0,0,0,0,0,0,0,0,0,0,0,0,0,0,0,0,0,0,0,0,128,0,0,0,0,0,0,0,0,0,0,0,0,0,0,0,0,0,0,0,0,190,0,0,0,0,0,0,0,0,0,0,0,0,0,0,0,0,0,0,0,0,0,0,0,0,13,0,0,0,0,0,0,0,0,0,0,0,0,0,0,0,0,0,0,0,0,0,0,0,0,0,0,0,0,0,0,0,0,0,0,0,0,0,0,0,0,0,0,0,0,0,0,0,2938,0,0,0,0,0,0,0,0,0,0,0,0,0,0,0,0,0,0,0,0,0,0,0,0,0,0,0,0,0,0,0,0,0,0,0,0,0,0,0,0,0,0,0,0,0,0,0,0,0,0,0,0,0,0,0,0,0,0,0,0
"D111",0,0,0,0,0,0,0,0,0,0,191,0,0,0,0,0,0,0,0,0,0,0,0,0,233,0,0,0,0,0,0,0,0,0,0,0,0,0,1354,0,0,0,0,0,922,0,0,42,0,0,0,0,0,0,0,0,0,0,0,0,0,0,0,0,0,0,0,0,0,0,0,0,63,0,0,0,0,0,0,0,0,0,0,0,0,79,0,0,0,0,0,0,0,0,0,0,0,0,586,0,0,0,0,0,0,0,0,489,0,0,0,0,0,0,703,0,0,0,0,0,9,0,0,0,0,0,0,0,0,0,0,95,0,0,0,0,0,0,274,0,0,0,0,0,0,0,0,0,0,0,0,0,0,0,0,0,0,0,0,0,0,0,0,0,0,0,0,0,0,0,0,492,0,0,0,0,0,0,0,0,0,0,0,0,0,0,0,0,0,0,0,0,0,33,0,0,0,0,0,0,0,0,0,0,660,0,359,0,0,0,0,0,0,0,0,0,0,0,62,0,0,0,0,0,0,0,0,0,0,0,0,0,0,0,0,0,0,0,0,0,0,0,0,0,0,0,0,0,0,0,0,0,0,0,0,0,0,0,0,0,0,0,0,1053,0,0,0,0,0,0,0,0,0,0,0,0,0,0,0,0,0,0,0,0,0,0,0,0,0,0,0,0,0,0,0,0,0,0,0,0,0,0,0,0,0,0,0,0,0,0,0,0,0,0,0,0,0,0,0,0,0,0,0,0,0,0,0,0,0,0,0,0,0,0,0,0,0,73,0,0,0,0,0,0,0,0,0,0,0,0,0,0,0,0,0,0,0,0,0,0,0,0,0,0,0,0,0,0,0,0,0,0,0,242,0,0,0,0,0,0,0,0,0,0,0,157,0,0,0,0,0,0,0,0,0,0,0,0,0,0,0,0,0,0,0,0,0,0,0,0,0,0,0,0,0,0,0,0,2149,0,0,0,0,0,0,0,0,0,0,0,0,0,0,0,0,0,0,0,0,0,0,0,0,0,0,0,0,0,0,0,0,0,0,0,0,0,0,0,0,42,0,0,0,0,0,0,0,0,0,0,0,0,0,0,0,0,0,0,0,0,0,0,0,0,0,0,0,0,0,0,0,0,0,210,103,0,0,0,0,0,0,0,0,0,0,0,0,0,0,0,0,0,0,0,0,0,0,0,0,0,0,0,0,0,0,0,0,0,0,0,0,0,0,0,0,0,0,74,0,147,0,0,0,0,0,0,0,0,0,0,0,0,0,0,194,642,19,123,0,0,0,0,0,0,0,491,0,0,0,0,0,0,0,0,0,0,0,565,0,0,0,0,0,0,0,0,0,0,0,0,0,0,0,0,0,63,526,0,0,0,12,0,0,0,0,0,0,0,0,0,0,0,0,0,147,0,0,0,0,0,0,0,0,0,0,0,0,276,0,0,0,0,0,0,101,0,0,0,0,0,0,0,0,0,0,0,0,0,0,0,0,0,0,0,0,0,0,0,0,204,0,0,0,0,0,295,0,63,57,0,0,0,0,0,0,0,0,0,0,0,0,0,0,0,0,0,0,0,0,0,0,0,285,0,0,0,0,0,0,0,0,0,0,0,0,0,0,0,57,0,0,0,0,0,0,0,0,0,0,0,0,0,0,0,0,0,0,0,0,0,0,0,0,0,0,0,0,0,0,0,0,0,0,0,0,0,0,0,0,0,0,0,0,0,0,0,1,857,0,0,0,135,0,505,0,0,0,0,0,0,0,0,0,0,0,0,0,0,0,0,0,0,0,0,0,0,0,0,0,0,0,0,0,0,0,0,0,0,0,0,0,0,0,0,0,0,0,0,0,0,0,0,0,0,140,451,0,146,0,0,0,0,0,0,0,0,0,0,0,0,0,0,0,0,0,0
"D112",0,0,0,0,0,0,0,26,0,0,0,0,0,0,0,0,0,75,0,0,0,0,0,0,0,0,0,0,0,0,0,0,0,0,0,0,71,0,0,210,0,0,0,0,0,0,0,560,0,0,0,0,0,0,0,0,0,0,0,0,0,0,0,0,0,0,0,6,0,0,0,19,0,0,0,0,0,0,0,0,0,0,0,0,0,144,0,0,0,0,0,0,0,0,86,0,0,0,224,0,0,0,0,0,93,0,0,109,0,0,0,0,0,0,398,126,0,0,0,0,15,0,0,0,0,0,0,0,0,0,0,0,0,0,0,0,0,0,40,92,0,0,0,0,2,0,0,0,0,0,0,0,0,0,0,0,0,0,0,0,0,0,0,0,0,0,0,0,0,0,0,931,0,0,0,0,0,0,0,0,0,0,0,0,0,0,0,0,0,0,0,0,0,18,0,0,0,0,0,0,0,0,0,0,65,0,0,0,0,0,0,0,0,310,0,0,0,0,0,0,0,0,0,0,0,0,0,94,0,0,0,0,0,0,0,0,0,0,0,0,0,0,0,0,0,0,0,0,0,0,510,0,0,0,0,0,0,237,0,0,0,0,0,0,0,0,0,0,0,0,0,0,0,0,0,0,151,0,0,0,0,0,0,0,0,0,0,0,0,0,0,0,0,0,0,0,0,0,0,0,0,23,0,0,0,0,0,0,0,0,1114,0,0,0,0,0,0,0,0,0,0,18,0,0,0,0,0,0,1107,0,0,0,0,0,0,0,0,0,0,47,0,7,0,0,0,0,0,0,0,0,57,0,0,0,0,0,0,0,0,15,0,0,0,0,57,0,0,0,0,0,0,0,0,0,0,0,0,0,0,0,0,0,0,0,0,0,0,0,0,0,0,0,0,0,0,0,0,0,0,0,0,0,0,122,0,0,0,0,0,0,0,0,0,15,0,0,0,0,2276,0,0,0,0,133,0,137,0,0,0,0,0,0,0,0,0,0,0,0,0,0,0,0,0,0,0,0,0,0,0,0,0,0,0,0,0,0,0,0,0,0,0,0,0,0,0,0,658,0,0,0,0,0,99,0,0,0,0,0,0,0,0,199,0,155,0,551,0,0,0,0,0,0,0,113,0,0,0,0,0,0,0,0,0,88,0,0,0,0,0,0,0,0,0,0,0,0,0,0,0,0,0,0,0,0,0,0,0,0,0,0,0,0,0,0,0,0,0,0,0,0,0,0,0,0,0,0,0,0,0,0,0,0,0,0,0,0,0,0,0,0,0,0,0,0,0,0,0,0,0,0,0,0,0,0,0,0,0,17,0,0,0,0,0,0,0,0,0,0,0,0,0,0,0,0,0,0,562,0,0,0,433,0,64,0,0,0,0,0,0,0,0,0,0,0,0,0,0,0,0,995,0,0,0,0,0,0,0,302,68,92,0,0,0,0,0,0,0,0,0,0,0,0,0,0,0,0,0,238,0,0,0,0,0,0,0,6,0,0,104,258,0,0,0,0,0,406,0,57,0,0,0,0,0,0,0,0,0,0,0,0,0,0,0,5,0,0,0,0,0,0,0,0,0,0,0,0,0,0,0,0,0,0,0,0,0,0,0,0,66,0,0,0,0,59,0,0,0,0,0,0,0,0,0,0,0,0,0,0,0,0,0,0,0,0,0,0,0,0,0,0,0,0,0,0,0,0,0,696,0,0,0,0,0,0,0,0,0,382,0,0,0,0,0,114,0,0,0,13,0,0,0,0,0,0,0,0,0,0,0,0,0,0,0,0,0,0,0,0,0,0,0,0,0,0,0,0,0,0,14,0,0,0,0,0,0,0,0,0,0,0,0,0,0,0,0,4,0,0,0,0,0,13,0,0,0,0,0,0,0,0,0,0,0,0,0,149
"D113",2,22,14,2,0,0,0,0,2,0,0,0,0,0,0,2,0,0,7,0,0,14,16,0,0,0,0,10,0,0,8,0,1,20,9,0,0,0,0,0,0,0,1,5,0,11,0,0,9,3,0,0,0,0,0,45,0,87,0,0,0,0,13,0,5,0,0,0,68,0,0,4,0,0,0,6,11,0,0,51,0,0,0,0,0,8,0,0,15,0,0,4,0,1,26,0,0,0,0,0,0,0,0,6,0,0,0,0,0,0,0,0,0,11,0,0,0,0,0,29,0,0,4,0,21,0,0,0,10,0,0,0,0,0,13,0,0,0,0,0,0,0,0,0,0,294,113,0,0,0,0,12,0,0,0,0,0,0,0,0,0,0,182,0,0,0,24,0,0,9,51,0,0,0,0,19,0,0,0,0,2,0,0,28,0,0,0,0,0,0,0,6,3,0,0,0,0,13,0,0,0,0,0,0,0,0,0,12,0,0,0,0,0,0,32,13,0,0,0,0,1,3,0,0,9,2,0,0,0,0,0,0,0,0,0,0,0,0,0,0,0,0,0,1,0,0,0,0,0,0,0,0,0,0,0,0,0,0,1,0,0,0,0,0,0,12,3,0,7,0,0,0,0,0,0,0,0,0,0,7,0,16,0,0,0,0,0,0,0,6,0,0,0,0,0,0,16,0,0,25,8,0,0,0,0,0,4,62,0,0,0,0,0,0,4,0,89,0,0,0,0,0,0,3,0,0,0,0,0,7,0,0,0,0,0,32,3,11,4,0,10,0,0,2,0,9,0,0,0,0,0,12,8,3,0,0,0,0,3,0,10,0,0,0,0,0,4,5,46,0,0,17,0,0,0,0,0,0,0,0,1,39,0,6,0,0,0,4,0,3,12,3,0,0,0,0,0,117,0,2,0,7,0,13,10,0,0,0,0,0,0,0,0,0,0,0,0,0,68,0,0,0,0,4,16,11,17,0,0,0,8,2,0,23,0,31,0,20,0,0,0,13,0,0,12,0,0,2,11,0,0,3,4,0,0,0,0,0,0,0,3,46,0,0,0,0,0,3,21,58,0,103,0,0,13,9,0,0,86,25,0,2,4,0,0,0,10,0,23,14,32,0,0,0,0,0,0,0,1,0,0,0,0,0,0,0,0,3,0,0,0,4,0,0,0,1,29,0,14,0,4,0,75,65,0,0,0,0,0,20,0,0,0,0,0,3,0,0,0,0,19,2,7,0,1,0,0,0,0,0,0,2,0,0,0,0,0,0,16,0,0,0,0,7,0,0,1,0,6,0,0,21,0,1,0,0,0,0,0,0,0,3,0,15,0,0,0,0,4,0,38,0,0,7,0,0,0,16,0,0,0,15,0,0,11,0,0,0,0,0,0,36,30,0,0,0,9,41,2,0,0,0,0,0,103,0,0,0,0,2,7,0,0,0,0,0,0,1,12,0,0,0,0,0,0,4,0,0,7,0,0,0,0,0,10,19,0,0,0,0,0,0,170,0,1,0,0,0,0,0,0,0,6,0,0,6,0,0,0,0,0,2,0,0,0,0,0,0,0,0,0,58,0,0,0,0,0,815,78,0,10,21,0,0,0,2,0,0,0,0,0,0,0,0,20,0,2,0,0,4,0,0,9,0,0,242,0,147,20,0,0,17,14,0,0,0,0,0,0,4,0,0,16,0,0,0,0,0,0,3,2,0,0,3,0,0,2,0,0,0,0,52,0,0,0,0,0,0,0,0,10,0,0,0,0,0,18,0,0,0,0,0,68,0,37,0,0,0,0,0,0,41,58,0,2,28,0,308,3,0,1,0,0,13,0,0,12,0,0,0,0,0,0,22,0,0,0,0,0,0,0,0,0,35,0,8,0,0,0,0,0,0,0,0,0,0
"D114",0,0,3,0,3,0,0,0,0,0,118,29,0,0,0,0,0,0,0,0,0,0,0,0,11,0,0,0,0,0,0,0,0,0,0,0,0,0,0,0,0,11,0,0,0,0,0,0,0,3,10,0,0,10,28,0,1,0,217,0,0,0,169,0,0,0,0,6059,427,0,0,32,0,30,0,23,0,0,0,0,9,2,0,0,0,1,0,5,0,0,0,0,0,15,0,0,0,0,0,10,0,0,0,1,81,0,0,2,0,2,0,71,18,0,0,0,0,0,4,0,0,0,0,0,0,0,0,0,0,3,5,0,5,0,0,0,3,10,0,0,0,0,0,0,0,0,0,0,0,0,0,0,0,0,0,0,0,0,0,0,0,8,0,23,0,0,0,0,0,0,0,0,0,0,0,0,2,0,0,0,6,0,0,24,2,0,0,0,3,0,0,0,0,0,0,0,0,0,0,0,2,0,0,0,0,0,0,0,0,0,14,0,13,0,17,0,0,0,0,0,0,12,0,1,0,0,0,0,0,0,4951,2,0,0,0,0,0,0,0,0,0,0,0,0,0,0,3,0,5,0,23,0,0,0,0,2,0,1376,0,4,0,0,0,0,0,0,0,0,2,10,48,0,0,0,2,0,6,0,0,0,1,0,0,0,5,3,0,37,2,0,0,25,0,16,0,0,0,0,2,0,0,27,0,0,0,0,0,0,0,0,0,0,0,0,0,0,0,0,6,0,0,0,1,6,2,8,0,0,0,29,0,0,0,0,2,0,0,0,0,0,0,0,0,0,3,0,8,0,11,0,0,0,0,0,0,19,0,0,0,0,0,0,0,2,0,0,0,0,0,0,0,0,0,0,0,1,2,0,0,0,3,0,0,0,4,56,0,0,0,49,0,0,0,0,0,0,0,24,0,0,0,0,0,0,0,0,5,7,0,0,0,0,0,0,0,2,0,0,4179,0,0,0,35,0,0,1,0,0,0,0,0,0,0,24,0,0,6,0,0,0,0,20,0,0,0,0,0,0,0,0,2,0,0,8,0,0,0,0,0,0,0,0,25,0,56,23,5263,0,0,0,0,0,0,0,0,0,0,8,0,0,0,0,2,37,0,0,0,0,29,0,15,21,0,0,0,0,0,0,0,0,0,0,2,0,0,0,122,84,74,0,0,0,0,0,55,0,0,0,0,4,0,0,0,0,0,104,0,3,0,3,0,0,0,0,0,0,0,0,0,0,0,0,0,0,77,0,3,0,101,0,0,0,0,2,0,0,0,0,0,0,0,30,3,0,0,0,0,0,0,0,1,0,0,0,4,0,0,0,0,0,0,0,0,37,0,0,0,0,0,0,0,0,0,0,8,0,0,0,0,0,0,0,0,0,0,1,0,0,0,0,0,0,0,0,0,2,2,0,13,0,0,2,150,0,0,0,0,0,0,0,0,0,0,0,2,0,5,0,0,0,0,0,0,0,0,0,0,0,0,2,0,0,0,15,0,2,0,0,0,0,0,0,0,0,0,0,0,0,3,0,21,0,3,0,0,6,0,0,0,3,0,3,13,0,27,0,0,0,0,0,0,0,0,0,5,5,0,211,0,0,0,0,0,0,0,2,1,0,0,4,0,3,0,0,0,0,0,0,0,56,3,0,0,0,0,0,0,0,0,0,96,9,0,0,0,0,0,0,0,0,0,0,0,0,0,0,0,0,0,0,2,0,4,0,0,0,0,2,6,0,0,0,0,0,0,0,0,0,3,0,0,0,0,0,0,0,9,0,18,0,0,0,72,0,0,0,5,0,0,0,0,0,0,0,0,0,0,87,0,3,0,0,0,0,0,9,0,2,0,0,0,44,17,0,0,0,0,2,2,0,0,0,0,0,0,234,0,0,0,0,2,0,0,135,0,0
"D115",0,0,0,0,0,993,0,0,0,40,0,0,0,0,0,0,0,0,0,0,0,0,0,0,0,0,0,0,0,0,0,0,0,0,0,0,0,0,0,0,0,0,0,0,0,0,2,0,0,0,0,0,0,0,0,0,0,0,0,0,0,0,0,0,0,0,11,0,0,0,0,0,0,0,0,0,0,0,0,0,0,0,0,0,0,0,4,0,0,0,0,0,0,0,0,0,0,0,0,0,0,0,0,0,0,0,0,0,0,0,0,0,0,0,0,0,0,0,0,0,0,0,0,0,0,0,0,0,0,0,0,0,0,0,0,0,0,0,0,0,0,0,0,0,0,0,0,0,24107,0,0,0,0,0,0,0,0,0,0,0,0,0,0,0,0,0,0,0,0,0,0,0,0,0,0,0,0,0,2,0,0,0,0,0,0,6840,0,0,0,0,0,0,0,6,0,0,0,0,0,0,0,3,0,0,0,0,0,0,0,0,0,0,0,0,0,0,7,0,0,0,0,0,0,0,0,0,0,0,0,0,0,0,0,0,0,4631,0,1,0,0,0,0,0,0,0,0,0,0,0,0,0,0,0,0,0,0,0,2,0,0,0,2,23,0,0,0,0,0,0,0,0,0,0,0,0,0,0,0,0,0,0,0,0,0,0,0,0,0,0,0,0,0,0,0,0,0,0,0,0,0,0,0,0,15,0,0,0,0,0,0,0,0,0,0,0,0,2,0,0,0,0,0,0,0,0,0,0,0,0,0,0,0,26,0,0,0,0,0,0,0,0,0,0,0,0,0,0,0,0,0,0,0,0,0,0,0,0,0,0,0,0,0,0,0,40,0,0,622,0,0,0,0,0,0,0,0,0,0,0,0,0,0,0,0,0,0,0,0,0,0,0,0,0,0,0,0,0,0,0,0,0,0,0,0,0,9,0,0,0,0,0,0,0,0,0,0,0,0,1,0,0,0,0,0,0,0,0,0,0,0,0,0,0,0,0,0,0,0,0,0,0,0,0,0,0,0,0,0,0,0,0,0,0,0,0,0,0,0,0,0,0,0,0,0,0,0,8,0,0,0,0,0,0,0,0,0,0,0,0,0,0,0,0,0,0,0,0,0,0,0,0,0,0,0,0,0,0,0,0,0,0,0,0,0,8,0,0,3,0,0,0,0,0,0,0,0,0,0,0,0,0,0,0,0,0,0,0,0,0,0,0,28,0,0,0,0,0,0,0,0,0,0,0,0,0,0,0,0,0,0,0,0,0,0,0,0,0,0,0,0,0,0,0,0,0,0,0,4115,0,0,0,0,0,0,0,0,0,0,0,0,0,0,0,0,0,0,0,0,0,0,0,0,0,0,0,0,0,0,0,0,0,0,0,0,0,0,0,0,0,0,0,0,0,0,0,0,0,0,0,0,0,0,0,0,0,0,0,0,0,0,0,0,0,0,0,0,0,0,0,0,0,0,4,0,0,0,0,0,0,0,0,0,0,0,0,0,0,0,0,0,0,0,0,0,0,0,0,0,0,0,0,4,0,0,0,0,0,0,0,0,0,0,0,0,0,0,0,0,0,0,0,0,0,0,0,0,0,0,0,0,0,0,0,0,0,0,0,0,0,0,0,0,0,0,0,0,0,0,0,0,0,0,0,0,0,0,0,6,0,0,0,0,0,0,0,0,0,0,0,0,0,0,0,0,0,0,0,0,0,0,0,0,0,0,0,0,0,0,0,0,0,0,0,0,0,0,0,0,0,0,0,0,0,0,0,0,0,0,0,0,0,0,0,0,4,0,0,0,0,0,0,0,0,0,0,0,0,0,0,0,0,0,0,0,0,0,0,0,0,0,0,0,0,0,0,0,0,0,0,0,0,0,0,0,0,0,0,0,0,0,0,0,0,9,0,0
"D116",16,0,3,0,0,3953,0,10,0,1039,0,0,5,0,9,0,0,0,3,0,0,0,0,0,0,0,0,0,0,53,9,0,5,0,0,1,0,110,0,0,0,0,0,0,0,2,64,17,8,0,0,11,2,0,0,0,2,0,0,0,0,0,0,0,0,0,206,13,3,0,0,73,0,0,0,0,0,0,0,0,1,0,0,0,0,0,2223,0,0,157,0,0,0,0,67,0,0,0,0,0,0,0,0,0,0,0,7,0,82,21,0,0,0,0,0,13,0,0,0,10,0,0,0,0,0,4,0,0,0,0,0,0,14,0,0,3,0,0,0,0,0,1163,0,6,33,15,0,0,11249,0,917,0,0,0,62,0,8,669,0,17,0,20,0,6,7,0,0,7,0,0,2,0,0,0,0,0,0,0,422,23,0,0,0,0,0,77,0,16,0,0,0,0,0,3,62,0,3,5,0,15,0,8,0,31,0,1,0,16,0,0,0,12,0,0,0,0,1012,0,0,0,0,0,0,0,0,0,37,3,0,0,26,0,0,0,0,5634,0,58,0,0,0,0,0,0,0,6,0,0,0,0,128,4,0,37,0,0,0,37,0,0,15,0,11,0,0,0,6,36,0,1,0,0,0,0,2,0,0,5,0,0,0,2,0,0,0,0,0,0,0,0,4,2,0,0,0,104,0,7,0,2,0,2,5,1843,763,1,0,0,9,0,0,0,0,9,47,0,0,0,0,45,0,0,0,0,0,2,4,0,0,12,0,5,246,0,23,6,0,7,0,15,0,11,4,21,0,0,2,2,0,0,0,0,20,0,2,11,0,0,7,0,0,1,4,0,6318,11,0,141,0,0,0,0,0,0,0,0,0,0,0,0,0,0,0,24,0,0,0,0,56,0,0,4,0,2,0,0,0,23,757,12,0,0,34,179,4,0,3,0,10,0,0,0,0,0,0,0,0,8,85,0,0,1,0,0,7,104,0,0,14,0,3,7,0,105,0,0,0,0,1,81,0,11,7,0,0,1152,0,0,0,76,0,0,0,0,0,0,0,3,0,0,0,0,0,0,0,0,228,0,0,0,0,12,0,19,0,0,8,104,0,0,3,0,0,15,0,43,0,0,0,0,1,0,23,0,0,6,277,0,0,5,0,0,3,0,3,0,0,0,0,0,128,14,2,0,0,18,74,0,0,2,9,0,0,0,0,0,0,0,0,0,0,359,9,0,0,12,0,0,0,107,0,0,0,0,0,0,0,0,2,492,0,0,2,15,0,0,0,0,0,1,3,0,23,0,0,0,0,213,0,172,0,0,6,0,0,0,270,0,0,3,0,0,0,0,11,0,0,0,0,0,11,0,8,3,0,0,0,0,3,0,0,0,0,5,5,0,4,0,17,0,1,0,26,0,0,0,0,0,0,0,4,0,8,0,2,0,0,0,0,23,30,0,0,11,0,0,0,0,0,0,13,0,251,0,0,0,0,68,30,0,0,0,0,3,0,0,0,15,9,0,14,0,0,0,0,0,3,0,0,4819,0,972,0,1,0,0,0,0,23,0,0,0,0,0,0,0,1,0,13,0,0,0,0,163,79,0,0,10,8,0,0,0,12,4,355,0,0,0,0,0,0,0,0,0,0,2,0,0,20,1,0,0,0,0,0,0,0,231,201,0,4,9,4,0,0,0,0,0,0,0,0,0,0,3,4,1,0,0,0,0,0,0,0,0,0,11,6,0,0,6,0,0,0,5,17,0,0,1,0,0,0,8,0,251,0,0,0,1,9,3,0,0,8,0,111,0,0,0,0,3,0,0,0,0,11,0,0,0,0,0,13,0,6,0,0,0,0,0,0,0,0,0,0,0,186,0,0,0,0,0,12,0,0,0,0,7,5,15,0,0,2,4,0,372,5,6
"D117",0,0,0,0,0,0,0,0,0,0,0,0,0,0,0,0,0,0,0,0,2,0,0,0,0,0,0,0,0,0,0,0,0,0,0,5,0,0,1,0,0,0,0,0,0,0,2,1591,0,0,2,0,0,0,0,0,0,0,7,0,129,0,0,1,0,0,0,0,0,3,0,0,679,0,0,0,0,0,0,0,0,0,0,0,4,0,0,5,0,0,0,0,0,0,0,0,0,150,130,0,0,0,0,0,0,8,0,49,0,0,0,0,0,0,23,36,0,2,0,0,0,4,0,0,0,0,53,0,0,0,0,0,0,0,0,2,0,0,589,43,0,0,0,0,0,0,0,0,2,0,0,0,0,0,0,0,0,0,0,0,0,0,0,0,0,0,0,0,2,0,0,75,0,0,0,0,0,5,0,0,0,2,0,0,0,0,0,0,0,7,0,0,0,3,0,0,0,0,0,0,0,0,0,0,0,0,0,0,0,0,0,0,0,33,0,0,0,0,20,0,0,0,0,0,0,0,0,0,0,0,0,0,0,0,0,0,0,0,0,8,0,2,0,0,0,0,504,0,8,0,0,0,0,0,2,3,0,0,0,0,0,0,1,134,0,0,0,0,0,0,0,0,0,4,0,0,4,0,0,0,0,0,24,0,0,0,0,0,0,0,0,0,0,0,0,0,0,0,0,0,0,0,0,0,0,0,0,0,10,0,914,0,0,0,0,1,0,0,0,0,0,18,0,0,26,0,0,0,0,0,0,0,0,3,0,0,0,0,0,0,0,10,0,0,0,0,0,0,6,4,0,0,0,0,0,1,0,0,0,0,0,1,0,0,0,0,0,2,0,0,0,0,0,0,0,0,1,0,0,0,0,0,0,0,0,15,0,0,0,0,0,0,0,0,0,0,0,0,0,0,0,0,0,0,0,0,9,0,0,0,0,0,2,0,0,0,0,0,9,0,0,0,0,0,0,0,0,0,0,2,0,0,0,0,0,0,3,0,0,0,0,0,0,0,3,0,0,0,0,0,0,0,0,0,0,0,0,0,0,0,0,0,0,0,0,0,1,0,0,0,0,0,49,0,0,0,0,0,0,0,0,0,0,20,0,0,0,463,0,0,0,2,0,0,0,0,0,0,0,0,0,0,0,0,0,153,7,0,0,0,0,0,0,0,208,0,0,0,0,0,0,0,0,0,0,0,0,0,0,0,0,0,3,0,6,0,0,0,237,0,0,0,0,0,0,0,0,0,0,0,0,0,0,0,0,10,1117,0,0,53,0,0,0,0,3,0,0,0,0,0,0,0,0,0,0,0,0,3122,0,0,0,0,0,0,0,0,0,3,0,0,0,0,0,0,0,41,387,0,0,12,289,0,0,0,0,0,8,0,0,0,0,0,0,0,32,0,0,0,0,640,0,0,0,0,0,0,0,1305,0,0,0,777,0,0,14,0,0,0,0,0,0,0,0,0,12,0,0,1,0,0,0,0,0,0,0,0,0,0,190,0,0,0,0,0,0,4898,0,1165,0,0,0,0,0,0,0,0,0,0,0,0,43,0,0,0,2,0,0,0,0,0,0,0,291,0,15,0,160,0,0,0,0,0,0,0,0,0,0,0,135,0,0,0,0,0,0,0,0,0,0,0,0,0,0,0,7,0,0,0,0,0,0,3,0,0,0,193,0,0,10,0,0,0,0,0,0,0,0,0,0,0,0,0,0,0,0,0,0,0,0,0,0,0,0,369,0,0,0,0,0,0,0,0,3,0,0,0,0,0,0,0,3,0,0,0,0,0,0,0,0,0,0,0,0,0,0,0,0,0,0,0,0,0,2,0,0,0,0,0,4,6,0,0,3,0,0,1127,0,0,0,0,0,0,0,0,0,0,0,0,14,0,0,4,0,0,0,0
"D118",0,0,0,0,0,0,0,0,0,0,0,0,0,0,0,0,0,0,0,0,3,0,0,0,0,0,0,0,4,1,0,0,0,0,0,0,0,0,0,0,0,0,0,0,0,0,0,0,0,0,0,0,0,0,0,0,0,0,0,0,30,0,0,0,0,0,0,0,0,0,0,0,0,0,0,0,0,0,0,0,0,0,147,0,0,0,0,0,13,0,0,0,0,0,0,0,0,0,0,0,0,7,0,0,0,0,0,0,0,0,0,0,0,0,996,3,14,0,0,0,0,56,0,0,0,0,0,0,0,0,0,0,2,0,0,0,0,0,0,0,0,0,0,0,0,0,0,0,0,0,5,0,0,0,0,0,0,0,0,0,0,0,0,0,0,0,0,0,0,0,0,20,0,0,0,0,0,8,0,0,0,0,0,0,0,0,5,0,0,0,0,0,0,0,0,0,0,0,2,0,0,0,0,0,0,0,0,0,0,0,0,0,0,0,0,0,6,0,0,0,0,0,0,0,0,0,0,0,0,0,0,0,0,0,0,0,0,0,0,0,0,0,0,0,0,0,0,0,0,0,0,0,0,0,0,0,0,0,0,0,0,0,4,82,9,0,0,0,0,0,0,0,0,29,0,0,0,0,0,0,0,0,2,0,0,0,0,0,0,0,0,0,0,0,0,0,0,0,0,0,0,0,0,0,0,3,0,0,0,0,0,0,0,0,0,20,0,0,0,0,0,0,0,0,0,0,0,0,0,0,0,0,0,0,0,0,0,0,0,0,0,0,0,0,0,0,0,0,0,4,0,0,0,0,0,0,0,0,0,0,0,855,0,0,0,0,0,0,0,0,0,0,0,0,0,0,0,0,0,0,0,0,0,0,0,0,0,0,0,0,0,0,0,0,0,0,0,134,0,0,0,0,0,0,0,0,0,0,0,261,0,0,0,0,0,0,0,0,0,0,0,0,0,0,0,0,0,0,0,0,0,0,0,0,0,0,0,0,0,0,0,0,0,0,0,0,0,0,0,0,0,0,0,0,0,0,0,0,0,0,0,0,0,0,0,0,0,0,0,0,0,0,0,0,0,0,0,0,0,0,0,0,0,0,0,0,0,0,0,0,0,0,0,0,0,0,0,0,0,0,0,0,0,0,0,0,0,0,0,0,0,0,0,0,0,0,0,0,0,0,0,0,0,0,0,0,0,0,0,4,0,0,0,0,0,0,0,0,0,5,0,0,0,0,0,0,0,0,0,0,0,0,0,0,0,309,365,13,0,0,0,0,0,0,15,0,0,0,0,0,0,0,0,0,0,0,0,0,0,0,0,0,0,0,0,0,0,0,0,0,0,0,0,465,0,0,0,0,0,0,0,0,0,0,0,0,0,0,0,0,0,0,0,0,0,0,0,0,0,18,0,0,0,0,0,0,0,0,0,0,0,0,0,0,0,0,0,0,0,0,0,0,0,0,0,0,0,0,0,0,0,0,0,0,0,0,0,2,0,163,0,0,0,0,0,0,0,5591,0,0,0,0,0,0,0,0,0,0,9,0,0,0,0,3,0,0,0,0,0,7,0,0,0,0,0,0,0,2,0,0,0,0,0,0,0,0,0,0,0,0,0,0,26,0,0,0,0,0,0,0,0,0,3,0,0,0,0,0,4,0,0,0,0,0,0,0,0,0,0,0,0,0,0,0,0,0,0,0,0,0,0,0,0,0,0,0,0,0,0,0,0,0,0,38,0,0,0,0,0,0,4,0,0,0,0,0,0,0,0,0,0,0,0,0,0,0,0,3,0,0,0,0,0,3,0,0,0,0,1,0,0,0,0,24,0,0,0,0,7,0,0,0,0,0,0,0,0,0,0,0,0,0,0,0,0,0,0,0,0,0,0,0,0,0,0,0
"D119",0,0,0,0,0,2705,0,0,0,5,0,0,3,0,0,0,0,0,0,0,0,0,0,0,0,0,0,0,0,4,0,0,0,0,0,0,0,19,0,0,0,0,0,0,0,0,4,15,0,0,0,2,0,0,0,0,0,0,0,0,0,0,0,0,0,0,0,5,3,0,0,2,0,0,0,0,0,0,1,0,0,0,0,3,0,0,9,0,0,2,0,0,10,0,4,0,0,0,0,0,0,0,0,0,0,0,0,0,6,0,0,0,0,0,0,5,0,0,0,0,0,0,0,0,0,0,0,0,0,0,0,0,0,2,0,0,0,0,0,2,0,141,0,0,0,0,0,0,426,0,192,0,0,0,3,0,2,119,0,0,0,0,0,0,0,0,0,0,0,0,0,0,0,378,0,0,0,0,0,0,0,0,0,0,0,102,0,0,0,0,0,0,0,0,0,0,0,0,0,0,0,0,0,0,0,0,0,0,0,0,0,0,0,0,0,0,44,0,0,0,0,0,0,0,0,0,2,0,0,0,9,0,0,0,0,534,0,27,0,0,0,0,0,0,0,0,0,0,0,0,3,0,0,0,0,0,0,0,0,0,0,0,435,0,0,0,0,2,0,0,0,0,0,0,0,0,0,0,0,0,0,0,0,0,0,0,0,0,0,0,4,0,0,0,0,0,0,0,0,0,0,0,0,0,27,0,0,0,0,0,0,0,0,0,0,0,0,0,0,0,0,0,0,0,0,0,0,0,0,0,0,0,0,0,9,0,0,0,0,0,0,0,0,0,0,0,0,0,0,0,0,0,0,0,0,0,0,0,0,0,0,0,0,0,1544,6,0,24,0,0,0,0,0,0,0,0,0,0,0,0,0,0,0,24,0,0,0,0,0,0,0,0,0,0,0,0,0,0,0,0,0,0,0,8,0,0,0,0,0,0,0,0,0,0,0,0,0,0,0,0,0,0,0,0,0,2,0,0,0,0,0,0,0,0,0,0,0,0,0,0,0,0,0,0,0,130,0,6,0,2,0,0,0,0,0,0,0,0,0,0,0,0,0,0,0,0,43,0,0,0,0,0,0,0,0,0,0,29,0,0,0,0,0,4,0,2,0,0,0,0,0,0,4,0,0,0,8,0,0,0,0,0,0,0,0,0,0,0,0,0,0,0,0,0,0,2,3,0,0,0,0,0,0,0,0,0,0,0,0,0,0,8,5,0,0,0,0,0,2,0,0,0,0,0,0,0,0,0,0,25,0,0,0,5,0,0,0,0,0,0,0,0,0,0,0,0,0,0,0,11,0,0,0,0,0,0,111,0,0,0,0,0,0,0,0,0,0,0,0,0,0,0,2,0,0,0,0,0,0,0,0,0,0,0,0,0,0,0,5,0,0,0,1,0,0,0,0,0,0,0,0,0,0,0,0,0,0,0,0,3,10,0,0,0,0,0,0,0,0,0,2,0,255,0,0,0,0,6,2,0,0,0,0,0,0,0,0,1,0,0,0,0,0,0,0,0,0,0,0,70,0,30,0,0,0,0,0,0,0,0,0,0,0,2,0,0,0,0,0,0,0,0,0,1,2,0,0,0,0,0,0,0,0,0,3,0,0,0,0,0,0,0,0,0,0,0,0,0,0,0,0,0,0,31,0,0,0,0,28,0,0,0,0,0,0,0,0,0,0,0,0,0,0,0,0,0,0,0,0,0,0,0,0,0,0,3,0,0,0,0,0,0,0,0,0,0,0,2,0,0,0,0,0,6,0,0,0,0,0,0,0,0,0,0,2,0,0,0,0,0,0,0,0,0,0,0,0,0,0,0,2,0,0,0,0,0,0,0,0,0,0,0,0,0,6,0,0,0,0,0,0,0,0,0,0,0,0,0,0,0,0,0,0,0,0,0
"D120",0,0,0,0,0,0,0,0,0,0,0,0,0,0,0,0,0,0,0,0,0,0,0,0,0,0,0,0,0,0,0,0,0,0,0,0,0,0,0,0,0,0,0,0,0,0,0,0,0,0,0,0,0,0,0,0,0,0,0,0,0,0,0,0,0,0,0,0,0,0,0,0,0,0,0,0,0,0,0,0,0,0,0,0,0,0,0,0,0,0,0,0,0,0,0,0,0,0,0,0,0,0,0,0,0,0,0,0,0,0,0,0,0,0,0,0,0,0,0,0,0,0,0,0,0,0,0,0,0,0,0,0,0,0,0,0,0,0,0,0,0,0,30,0,0,0,0,0,0,0,0,0,0,0,0,0,0,0,0,0,0,0,0,0,0,0,0,0,0,0,0,0,0,0,0,0,0,0,0,0,0,0,0,0,0,0,0,0,0,0,0,0,0,0,0,0,0,0,0,0,0,0,0,0,0,0,0,0,0,0,0,0,0,0,0,0,0,0,0,0,0,0,0,0,0,0,0,0,0,0,0,0,0,0,0,0,0,0,0,0,0,0,0,0,0,0,0,0,0,0,0,0,0,0,0,0,0,0,0,0,0,0,0,0,0,0,0,0,0,0,0,0,0,0,0,0,0,0,0,0,0,0,0,0,0,0,0,0,0,0,0,0,0,0,0,0,0,0,0,0,0,0,0,0,0,0,0,0,0,0,0,0,0,0,27,0,0,0,0,0,0,0,0,0,0,0,0,0,0,0,0,0,0,0,0,0,0,0,0,0,2,0,0,0,0,0,0,0,0,0,0,0,0,0,0,0,0,0,0,0,0,0,0,0,0,0,0,6,0,0,0,0,0,0,0,0,0,0,0,0,0,0,0,0,0,0,0,0,0,0,0,0,0,0,0,0,0,0,0,0,0,0,0,0,0,0,0,0,0,0,0,0,0,0,0,0,0,0,0,0,0,0,0,0,0,0,0,0,0,0,0,0,0,0,0,0,0,0,0,0,0,0,0,0,0,0,2,0,0,0,0,0,0,0,0,0,0,0,0,0,0,0,0,0,0,0,0,0,0,0,0,0,0,0,0,0,0,0,0,0,0,0,0,0,0,0,0,0,0,0,0,0,0,0,0,0,0,0,0,0,0,0,0,0,0,0,0,0,0,0,0,0,0,0,0,0,0,0,0,0,0,0,0,0,0,0,0,0,0,0,0,2,0,0,0,0,0,0,0,0,0,0,0,0,0,0,0,0,0,0,0,0,0,0,0,0,0,0,0,0,0,0,0,0,0,0,0,0,0,0,13,0,0,0,0,0,0,0,0,0,0,0,0,0,0,0,0,0,0,0,0,0,0,0,0,0,0,0,0,0,0,0,0,0,0,0,0,0,16,0,0,0,0,0,0,0,0,0,0,0,0,0,0,0,0,0,0,0,0,0,0,0,0,0,0,0,0,0,0,0,0,0,0,0,0,215,0,0,0,0,0,0,0,0,0,0,0,0,0,0,0,0,0,0,0,0,0,0,0,0,0,0,0,0,0,0,0,0,0,0,0,0,0,0,0,0,0,0,0,0,0,0,0,0,0,0,0,0,0,0,0,0,0,0,0,0,0,0,0,0,0,0,0,0,0,0,0,0,0,0,0,0,0,0,0,0,0,1612,0,0,0,0,0,0,0,0,0,0,0,0,0,0,0,0,0,0,0,0,0,0,0,0,0,0,0,0,0,0,0,0,0,0,0,0,0,0,0,0,0,0,0,0,0,0,0,135,0,0,0,0,0,0,0,0,0,0,0,0,0,0,0,0,0,0,0,0,0,2,0,0,0,0,0,0,0,0,0,0,0,0,0,0,0,0,0,0,0,0,0,0,0,0,0,0,0,0,0,0,0,0,0,0,0,0,0,0
"D121",26,15,65,11,39,65,11,5,39,27,0,13,8,3,2,0,0,0,0,0,0,0,0,0,0,0,1,0,0,33,114,0,24,1,0,0,0,255,0,0,0,2,0,4,0,15,205,0,22,6,0,0,3,0,0,42,0,0,0,0,0,13,12,0,6,8,16,5,1240,0,0,17,0,70,0,6,0,34,14,21,5,0,0,0,0,11,0,0,0,59,21,4,0,0,3705,0,0,0,0,0,8,0,0,0,1,0,5,0,96,0,0,24,0,0,0,0,0,0,0,87,0,0,0,0,0,43,0,0,0,0,0,0,3,0,7,0,0,0,0,0,1,13,2,0,12,0,0,0,168,0,318,0,0,0,105,0,6,638,0,0,6,0,10,6,0,11,1,2,12,0,9,0,10,0,0,53,0,0,90,62,0,0,6,7,0,4,0,0,9,0,0,35,4,0,14,0,1,42,4,22,11,0,0,2,0,52,0,36,0,0,2,62,0,0,15,0,1,0,0,0,8,0,0,0,3,0,0,3,68,39,874,0,0,21,0,314,24,0,3,0,3,0,0,18,0,5,0,3,0,0,140,9,0,122,0,0,0,530,0,0,3,0,0,0,0,0,32,24,0,1,0,443,0,0,0,0,0,5,0,9,1,2,0,0,0,0,7,0,0,0,7,0,0,15,2,9,20,1,0,125,28,13,3,28,18,14,1,3,0,0,0,0,0,10,15,0,257,23,0,38,0,0,0,3,0,0,6,0,0,0,0,3,27,0,27,9,47,56,4,1,0,0,0,8,0,0,0,2,0,0,0,0,10,0,11,5,2,0,8,0,0,0,7,0,560,6,2,184,22,0,36,5,0,0,0,4,9,6,0,3,0,2,0,0,0,0,3,0,40,1,6,148,0,0,0,3,0,389,5,413,7,7,28,295,35,0,7,4,17,0,0,0,0,6,0,0,0,0,409,1,6,8,0,2,36,225,0,7,0,0,110,2,0,48,0,37,0,0,0,0,5,2,31,16,0,109,0,0,0,18,0,0,0,10,0,0,0,1,6,0,0,0,15,0,12,0,357,0,0,12,43,33,0,55,2,0,0,290,0,7,33,42,6,38,0,756,14,0,0,2,17,0,0,0,0,2,7,5,0,9,0,0,0,0,56,0,7,0,0,0,101,19,0,5,0,11,17,23,0,0,8,0,19,8,0,9,4,2,0,0,0,2,29,0,0,10,0,0,0,63,32,0,0,0,9,0,0,0,22,0,15,4,21,40,18,0,0,0,0,0,0,1,9,299,0,0,0,19,0,5,0,21,0,33,0,0,6,0,0,0,0,1,0,0,0,0,0,0,11,2,27,0,20,0,0,0,0,1,12,0,0,7,20,0,24,0,52,2,0,0,30,0,24,0,0,0,2,0,0,0,0,0,2,0,8,0,0,0,15,2864,0,0,0,3,0,0,1,0,3,0,197,3,0,2,0,0,8,272,24,0,9,0,0,0,0,0,767,8,32,0,58,6,0,0,0,0,0,0,0,69,0,24,5,0,0,0,74,2,1,0,0,3,0,25880,0,0,0,2,10,3,0,2,0,0,0,0,0,198,17,0,19,0,0,5,15,0,0,8,0,0,0,0,13,0,0,13,9,0,0,17,2,5,10,0,0,524,0,0,102,0,9,23,2,0,0,0,2,0,18,0,0,0,163,16,14,0,5,0,0,9,0,0,1,13,0,18,10,0,5,3,8,58,0,0,6,0,1,0,0,4,0,40,0,12,0,2,2,7,0,0,0,0,85,0,74,0,0,0,9,0,0,0,1,0,5,0,49,1776,0,2,0,0,6,0,0,0,0,0,0,0,4,0,0,4,38,0,11,0,0,0,37,3,20,0,0,135,0,10,12,0,4,49,0,0,2,0
"D122",0,0,0,0,0,0,0,0,0,0,0,0,0,0,0,0,0,0,0,0,0,0,0,0,0,0,0,0,0,0,0,0,0,0,0,0,0,856,0,0,0,0,0,0,0,0,0,0,0,0,0,0,0,0,0,0,0,0,0,0,0,0,0,0,0,0,0,0,0,0,0,0,0,0,0,0,0,0,0,0,0,0,0,0,0,0,0,0,0,0,0,0,0,0,0,0,0,0,0,0,0,0,0,0,0,0,0,0,0,0,0,0,0,0,0,0,0,0,0,0,0,0,0,0,0,0,0,0,0,0,0,0,0,0,0,0,0,0,0,0,0,109,0,0,0,0,0,0,0,0,0,0,0,0,0,0,0,3624,0,0,0,0,0,0,0,0,0,0,0,0,0,0,0,0,0,0,0,0,0,0,0,0,0,0,0,0,0,0,0,0,0,0,0,0,113,0,0,0,0,0,0,0,0,0,0,0,0,0,0,0,0,0,0,0,0,0,0,0,0,0,0,0,0,0,0,0,0,0,0,0,0,0,0,0,0,0,0,0,0,0,0,0,0,0,0,0,0,0,0,0,0,0,0,0,0,0,0,0,0,0,0,0,0,0,0,0,0,0,0,0,0,0,0,0,0,0,0,0,0,0,0,0,0,0,0,0,0,0,0,0,0,0,0,0,0,0,0,0,0,0,0,0,0,343,524,0,0,0,0,0,0,0,0,0,0,0,0,0,0,0,0,0,0,0,0,0,0,0,0,0,0,0,0,0,0,0,0,0,0,0,0,0,0,0,0,0,0,0,0,0,0,0,0,0,0,0,0,0,0,0,0,0,0,0,1961,288,0,336,0,0,0,0,0,0,0,0,0,0,0,0,0,0,0,0,0,0,0,0,0,0,0,0,0,0,0,0,0,0,0,0,0,0,0,0,0,0,0,0,0,0,0,0,0,0,0,0,0,0,0,0,0,0,0,0,0,0,0,0,0,0,0,0,0,0,0,0,0,0,0,2101,0,0,0,0,0,0,0,0,0,0,0,0,0,0,0,0,0,0,0,0,0,0,0,0,0,0,0,0,0,0,0,0,0,0,0,0,0,0,0,0,0,0,0,0,0,0,0,0,0,0,0,0,0,0,0,0,325,0,0,0,0,0,0,0,0,0,0,0,0,0,0,0,0,0,0,0,0,0,0,0,0,0,0,0,0,0,0,0,0,0,0,0,0,0,0,0,0,0,0,0,0,0,0,0,0,0,0,0,0,0,0,0,0,0,0,0,0,0,0,0,0,0,0,0,0,0,0,0,0,4378,0,0,0,0,0,0,62,0,0,0,0,0,0,0,0,0,0,0,0,0,0,0,0,0,0,0,0,0,0,0,0,0,0,0,0,0,0,0,0,0,0,0,0,0,0,0,0,0,0,0,0,0,0,0,0,0,0,0,0,0,0,0,0,0,0,0,0,0,0,0,0,0,23,0,0,0,0,0,0,0,0,0,0,0,0,0,0,0,0,0,0,0,0,0,0,0,0,0,0,0,0,8537,0,0,0,0,0,0,0,0,0,0,0,0,0,0,0,0,0,0,0,0,0,650,0,0,0,0,0,0,0,0,0,0,0,0,0,0,0,0,0,0,0,0,0,0,0,0,0,0,0,0,0,0,0,0,0,0,0,0,0,0,0,0,0,0,0,0,0,0,0,0,0,0,0,0,0,0,0,0,0,0,0,0,0,0,0,0,0,0,0,0,0,0,0,0,0,0,0,0,0,0,0,523,0,0,0,0,0,0,0,0,0,0,0,0,0,0,0,0,0,0,0,0,0,0,0,0,0,0,0,0,0,0,0,0,0,0,0,0,0,0,0,0,4,0,0,0,0,0,0,0,0,0,0,0,0,0,0,0,0,0,0,0,0,0
"D123",0,0,0,0,0,0,0,0,0,0,0,0,0,0,0,0,0,0,0,0,0,0,0,0,0,0,0,0,0,0,0,0,0,0,0,0,0,0,0,0,0,0,0,0,0,0,0,0,0,0,0,0,0,0,0,0,0,0,0,0,0,0,0,0,0,0,0,0,0,0,0,0,0,0,0,0,0,0,0,0,0,0,0,0,0,0,0,0,0,0,0,0,0,0,0,0,0,0,0,0,0,0,0,0,0,0,0,0,0,0,0,0,0,0,0,0,0,0,0,0,0,0,0,0,0,0,0,0,0,0,0,0,0,0,0,0,0,0,0,0,0,0,0,0,0,0,0,0,0,0,0,0,0,0,0,0,0,0,0,0,0,0,0,0,0,0,0,0,0,0,0,0,0,0,0,0,0,0,0,0,0,0,0,0,0,0,0,0,0,0,0,0,0,0,0,0,0,0,0,0,0,0,0,0,0,0,0,0,0,0,0,0,0,0,0,0,0,0,0,0,0,0,0,0,0,0,0,0,0,0,0,0,0,0,0,0,0,0,0,0,0,0,0,0,0,0,0,0,0,0,0,0,0,0,0,0,0,0,0,0,0,0,0,0,0,0,0,0,0,0,0,0,0,0,0,0,0,0,0,0,0,0,0,0,0,0,0,0,0,0,0,0,0,0,0,0,0,0,0,0,0,0,0,0,0,0,0,0,0,0,0,0,0,0,0,0,0,0,0,0,0,0,0,0,0,0,0,0,0,0,0,0,0,0,0,0,0,0,0,0,0,0,0,0,0,0,0,0,0,0,0,0,0,0,0,0,0,0,0,0,0,0,0,0,0,0,0,0,0,0,0,0,0,0,0,0,0,0,0,0,0,0,0,0,0,0,0,0,0,0,0,0,0,0,0,0,0,0,0,0,0,0,0,0,0,0,0,0,0,0,0,0,0,0,0,0,0,0,0,0,0,0,3,0,0,0,0,0,0,0,0,0,0,0,0,0,0,0,0,0,0,0,0,0,0,0,0,0,0,0,0,0,0,0,0,0,0,0,0,388,0,0,0,0,0,0,0,0,0,0,0,0,0,0,0,0,0,0,0,0,0,0,0,0,0,0,0,0,0,0,0,0,0,0,0,0,0,0,0,0,0,0,0,0,0,0,0,0,0,0,0,0,0,0,0,0,0,0,0,0,0,0,0,0,0,0,0,0,0,0,0,0,0,0,0,0,0,0,0,0,0,0,0,0,0,0,0,0,0,0,0,0,0,0,0,0,0,0,0,0,0,0,0,0,0,0,0,0,0,0,0,0,0,0,0,0,0,0,0,0,0,0,0,0,0,0,0,0,0,0,0,0,0,0,0,0,0,0,0,0,0,0,0,0,0,0,0,0,0,0,0,0,0,0,0,0,0,0,0,0,0,0,0,0,0,0,0,0,0,0,0,0,0,0,0,0,0,0,0,0,0,0,0,0,0,0,0,0,0,0,0,0,0,0,0,0,0,0,0,0,0,0,0,0,0,0,0,0,0,0,0,0,0,0,0,0,0,0,324,0,0,0,0,0,0,0,0,0,0,0,0,0,0,0,0,0,0,0,0,0,0,0,0,0,0,0,0,0,0,0,0,0,0,0,0,0,0,0,0,0,0,0,0,0,0,0,0,0,0,0,0,0,0,0,0,0,0,0,0,0,0,0,0,0,0,0,0,0,0,0,0,0,0,0,0,0,0,9,0,0,0,0,0,0,0,0,0,0,0,0,0,0,0,0,0,0,0,0,0,0,0,0,0,0,0,0,0,0,0,0,0,0,0,0,0,0,0,0,0,0,0,0,0,0,0,0,0,0,0,0,0,0,0,0,0,0,0,0,0,0,0,0,0,0,0,0,0,0,0,0,0,0,0,0,0,0
"D124",71,0,0,0,0,0,0,0,0,0,0,0,0,0,0,0,0,0,0,0,0,0,0,0,0,0,0,0,0,0,0,0,0,0,0,0,0,0,0,0,0,0,0,0,0,0,0,372,0,0,0,0,0,0,0,0,0,0,0,0,0,0,0,0,0,0,0,0,0,0,0,0,0,0,0,0,0,0,0,0,0,0,0,0,0,0,0,0,0,0,0,0,677,0,0,0,0,0,0,0,0,0,0,0,0,0,0,0,0,0,0,0,0,0,0,0,0,0,0,0,0,0,0,0,0,0,0,0,0,0,0,0,0,0,0,0,0,0,0,0,0,0,0,0,0,0,0,0,232,0,0,0,0,0,0,0,0,0,0,5,0,0,0,0,0,0,0,0,0,0,0,0,0,0,0,0,0,0,0,0,0,0,0,0,0,0,0,0,0,0,0,0,0,278,0,0,0,0,0,0,0,0,0,41,0,0,0,0,0,0,0,0,0,0,0,0,9,0,0,0,0,0,0,0,0,0,0,0,0,0,0,0,0,0,0,0,0,97,0,0,0,0,0,0,0,0,0,0,0,0,0,0,0,0,0,0,0,0,0,0,0,0,290,0,0,0,0,308,0,0,0,0,0,0,0,0,0,0,0,0,0,0,0,0,0,0,0,0,0,0,0,0,0,0,0,0,0,0,0,0,0,0,17,0,0,0,0,0,0,0,0,0,0,0,0,0,0,0,0,0,0,0,0,0,0,0,0,0,0,0,0,0,0,0,0,0,0,0,0,0,0,0,0,226,0,0,0,0,0,0,0,0,0,0,0,0,0,0,0,0,0,0,0,0,0,0,0,0,0,0,0,0,0,0,0,0,0,0,0,0,0,0,0,0,0,0,0,0,0,0,0,0,0,0,0,0,0,0,0,0,0,0,0,0,0,0,0,0,0,5,0,0,0,0,0,0,0,0,0,0,0,0,0,0,0,0,0,0,0,0,0,0,0,0,0,0,0,0,0,0,0,0,0,0,0,0,0,0,0,0,0,0,0,0,0,0,0,0,0,0,0,0,0,0,0,0,0,0,0,0,0,0,0,0,0,0,0,0,0,0,0,0,0,0,0,0,0,0,0,0,0,0,0,0,0,0,0,0,0,0,0,0,0,0,1204,0,0,189,0,0,0,0,0,0,0,0,0,0,0,0,0,0,0,0,0,0,0,0,0,0,0,0,0,0,0,0,0,0,0,0,0,0,0,0,0,0,0,0,0,0,0,0,0,0,0,0,0,0,0,0,0,0,0,0,0,0,0,0,0,0,0,0,0,0,0,0,0,0,0,0,0,0,0,0,38,0,0,0,17,0,0,0,0,0,0,0,0,0,0,0,0,0,0,0,0,0,0,0,0,942,0,0,0,0,0,18,0,0,0,0,0,0,0,0,0,0,0,0,0,0,19256,0,0,0,0,0,0,0,0,0,0,0,0,0,0,0,0,944,0,0,0,0,0,0,0,0,0,60,0,0,0,0,0,0,0,0,0,0,0,0,0,0,0,0,0,0,0,0,0,0,0,0,0,0,0,0,0,0,0,0,0,0,0,0,0,0,0,0,0,0,0,0,0,0,0,0,0,0,0,0,0,0,0,0,0,0,0,0,0,0,0,0,0,0,0,0,0,0,0,0,0,0,0,0,0,0,0,0,0,0,0,0,0,0,0,0,0,0,0,0,0,0,0,0,0,0,0,0,0,0,0,0,0,0,0,0,0,0,0,0,0,0,0,0,0,0,0,0,0,0,0,0,0,0,0,0,0,0,0,0,0,0,0,0,0,0,0,0,0,0,0,0,0,0,0,0,0,0,0,0,0,0,0,0,0,50,0,0,0,0,0,0,0,0,0,0,0,0,0,0,0,0,0,0,0,0
"D125",0,26,28,0,0,0,4,11,4,0,0,0,0,0,0,7,81,0,5,5,2,0,6,71,22,0,0,1,5,0,1,138,27,3,9,7,237,0,0,0,88,0,3,9,78,8,21,0,17,0,10,0,10,0,182,89,20,21,31,7,0,0,0,5,26,0,0,4,135,0,41,0,0,0,0,9,4,0,0,2,7,7,0,0,0,22,0,0,77,4,7,3,10,0,5,1,0,0,0,4,67,4,0,32,0,20,9,0,0,0,8,6,0,24,0,2,0,0,0,50,0,0,3,0,37,0,0,2,7,0,0,0,0,3,59,14,8,52,0,3,0,0,0,64,4,643,13,1,0,16,0,0,0,5,0,9,0,0,5,41,0,0,30,0,6,14,7,9,8,10,25,0,1,0,6,82,0,0,0,3,9,0,0,63,3,0,0,6,6,0,2,0,12,0,0,10,5,5,7,2,9,0,8,0,0,0,0,19,0,18,7,0,2,0,0,34,0,0,7,0,4,0,8,21,34,6,70,0,0,6,7,6,3,13,3,0,53,0,60,3,13,2,33,11,0,3,0,0,19,0,1,0,12,0,0,0,6,69,7,17,0,0,0,0,0,52,2,0,20,0,17,4,22,3,2,1,3,0,0,6,11,0,0,2,0,43,6,45,1,25,0,42,0,0,7,0,14,0,0,55,21,0,8,0,0,7,0,8,0,0,0,13,0,0,0,70,82,3,1,110,3,0,1,1,0,1,1,0,0,0,0,0,0,0,0,3,15,56,0,0,0,7,0,0,4,6,2,172,0,0,0,44,6,4,0,0,0,1,1,0,5,0,0,10,0,0,15,45,27,1,22,9,0,0,36,0,0,1,0,17,3,17,37,0,9,2,6,15,0,25,0,0,39,7,1,6,0,150,0,0,23,4,0,0,2,0,62,0,0,0,114,85,0,0,9,12,4,3,66,16,37,0,3,58,271,18,53,0,0,7,0,1,4,63,2,0,1,12,16,0,3,48,0,0,18,0,7,0,79,0,11,21,31,0,58,16,1,0,0,0,0,75,256,10,0,0,14,17,53,2,2,64,0,0,37,0,0,0,27,39,2,80,0,1,8,7,3,0,23,14,14,0,0,0,0,5,0,4,112,2,6,0,0,0,0,1,11,0,0,28,0,58,10,6,0,1,13,3,10,0,2,3,2,4,0,89,21,4,85,23,7,0,0,67,2,3,8,6,0,0,97,49,11,0,6,6,0,4,0,0,3,2,0,0,6,0,0,0,0,0,0,0,3,19,1,0,29,0,8,0,0,0,0,2,4,21,0,0,13,0,0,0,38,8,0,18,0,0,93,0,57,0,0,0,1,0,0,23,0,0,0,2,28,2,0,0,4,45,0,17,0,33,19,45,0,0,27,1,23,0,2,3,0,0,14,11,0,0,0,0,0,0,4,4,3,0,2,1,9,60,0,14,0,0,0,0,0,12,0,2,5,13,0,8,6,97,0,0,80,0,4,0,32,10,16,0,0,0,0,0,7,0,6,0,11,31,0,0,197,0,0,2,2,0,0,0,19,0,0,2,0,35,0,0,8,3,0,364,16,7,26,0,0,0,0,35,42,2,0,0,1,192,0,0,2,0,1,5,0,12,9,16,0,0,0,203,10,0,39,30,130,4,7,1,0,0,0,16,0,23,0,99,15,66,0,3,0,0,17,11,4,3,0,12,14,0,66,0,5,0,2,5,0,0,0,0,2,0,0,51,7,5,55,0,0,0,42,7,0,4,0,0,107,0,13,2,3,0,7,57,13,19,14,0,45,4,36,17,21,0,0,0,37,41,0,0,5,8,50,8,0,1,9,6,0,0,11,0,11,17,0,0,0,9,0,33,22,0,0,10,6,0,13,1,0,3
"D126",0,0,0,0,0,0,0,0,0,0,0,0,0,0,0,0,0,5,0,0,3,0,0,0,0,0,0,0,3,0,0,0,0,0,0,0,0,0,0,0,0,0,0,0,0,0,0,0,0,0,0,0,0,0,0,0,0,0,0,0,0,0,0,0,28,0,0,0,0,0,0,0,0,0,0,0,0,0,0,0,0,0,0,0,0,0,0,0,14,0,0,0,0,0,0,0,0,0,0,0,0,8,0,0,0,0,0,0,0,0,0,0,0,0,18,0,0,0,0,0,4,64,0,0,0,0,1,0,0,0,0,0,0,0,0,0,0,0,0,2,0,0,0,0,0,0,0,0,0,0,0,0,0,0,0,0,0,0,0,0,0,0,0,0,0,0,0,0,0,0,0,235,0,0,0,0,0,0,0,0,0,0,0,0,0,0,0,0,0,0,0,0,1,0,0,0,0,0,0,0,0,0,0,0,71,0,0,0,0,0,0,0,0,0,0,0,0,0,10,0,0,0,0,0,0,0,0,0,0,0,0,0,0,0,0,0,0,0,0,0,0,0,0,0,0,0,0,0,0,0,0,0,0,0,0,0,0,0,0,0,0,0,5,0,0,0,0,0,0,0,0,0,0,126,0,0,0,0,0,0,0,0,0,0,0,0,0,0,0,0,0,0,0,0,0,0,0,0,0,0,0,0,0,0,0,0,0,0,0,0,0,0,0,0,0,837,0,0,0,0,0,0,0,0,0,0,0,0,0,0,0,0,0,0,0,0,0,0,0,0,0,0,0,0,0,0,0,0,0,0,0,0,0,0,1,0,0,0,0,0,0,2,0,0,0,0,0,0,0,0,0,0,0,0,0,0,0,0,0,0,0,0,0,0,0,0,0,0,0,0,0,0,0,0,0,0,0,0,0,0,0,0,0,0,0,0,40,0,0,142,0,34,0,0,0,0,0,0,0,0,0,0,0,0,0,0,0,0,0,2,0,0,0,0,0,0,0,0,0,0,0,0,0,0,0,0,79,0,0,0,0,0,0,0,0,0,0,0,0,0,0,0,0,55,0,0,0,0,0,0,0,0,0,0,0,0,0,0,0,0,0,0,0,0,0,0,0,0,0,0,5,0,0,0,0,0,0,0,0,0,0,0,0,0,0,13,0,0,0,0,0,0,0,0,0,0,0,0,0,0,0,0,0,0,0,0,0,0,0,0,0,0,0,0,0,0,0,0,0,0,0,0,0,0,0,0,0,0,0,0,0,0,0,0,0,0,0,62,0,0,0,0,0,0,0,0,0,0,0,0,0,0,0,0,0,0,0,3111,0,0,0,0,0,0,0,0,0,0,0,0,0,0,0,34,0,0,0,0,0,0,0,0,0,0,0,0,0,0,0,0,0,0,0,0,0,0,0,0,0,0,0,0,0,0,0,0,0,0,0,0,0,0,0,0,0,2,0,0,0,0,0,0,0,0,0,0,0,0,0,0,0,0,0,0,0,0,0,0,0,0,0,0,0,0,0,0,0,0,0,0,0,0,0,0,0,0,0,0,0,0,0,0,0,0,0,0,0,0,0,26,0,0,0,0,0,0,0,0,0,0,0,0,0,0,0,0,0,0,0,0,0,0,0,0,0,0,0,0,0,0,0,0,0,0,0,0,0,0,0,0,0,0,0,0,0,0,0,0,0,0,0,0,0,0,0,0,0,0,0,0,0,0,0,0,0,0,0,0,0,0,0,0,0,4,0,0,0,0,0,0,0,0,0,0,0,0,0,0,0,0,0,0,0,0,0,0,0,109,0,0,0,0,0,0,0,0,0,0,10,0,0,0,0,45,0,0,0,0,0,0,0,0,0,0,0,0,0,0,0,0,0,0,0,0,15,0,0,0,0,0,0,0,0,0,0,0
"D127",0,0,0,0,0,0,0,0,0,0,0,0,0,0,0,0,0,0,0,0,0,0,0,0,0,0,0,0,0,0,0,0,0,0,0,0,0,0,0,0,0,0,0,0,0,0,0,0,0,0,0,0,0,0,0,0,0,0,0,0,0,0,0,0,0,0,0,0,0,0,0,0,0,0,0,0,0,0,0,0,0,0,0,0,0,0,0,0,0,0,0,0,0,0,0,0,0,0,0,0,0,0,0,0,0,0,0,0,0,0,0,0,0,0,0,0,0,0,0,0,0,0,0,0,0,0,0,0,0,0,0,0,0,0,0,0,0,0,0,0,0,0,0,0,0,0,0,0,0,0,0,0,0,0,0,0,0,0,0,0,0,0,0,0,0,0,0,0,0,2,0,0,0,0,0,0,0,0,0,0,0,0,0,0,0,0,0,0,0,0,0,0,0,0,0,0,3,0,0,0,0,0,0,0,0,0,0,0,0,0,0,0,0,0,0,0,0,0,0,0,0,0,0,0,0,0,0,0,0,0,0,0,0,0,0,0,0,0,0,0,0,0,0,0,0,0,0,0,0,0,0,0,0,0,0,0,0,0,0,0,0,27,0,0,0,0,0,0,0,0,0,0,0,0,0,0,0,0,0,0,0,0,0,0,0,0,0,0,0,0,0,0,0,0,0,0,0,0,0,0,0,0,0,0,0,0,0,0,0,0,0,0,0,0,0,0,0,0,0,0,0,0,0,0,0,0,0,0,11,0,0,0,0,0,0,0,0,0,0,0,0,0,0,0,0,0,0,0,0,0,0,0,0,0,0,0,0,0,0,0,0,0,0,0,0,0,0,0,0,0,0,39,0,0,0,0,0,0,0,0,0,0,0,0,0,0,0,0,0,0,0,0,0,0,0,0,0,0,0,0,0,0,0,0,0,0,0,0,0,0,0,0,0,0,0,0,0,0,0,0,0,0,0,0,0,0,0,0,0,0,0,0,0,0,0,0,0,0,0,0,0,0,0,0,0,0,0,0,0,0,0,0,0,0,0,0,0,0,0,2,0,0,0,0,0,0,0,0,0,0,0,0,0,2,0,0,0,0,0,0,0,0,0,0,0,0,0,0,0,0,0,0,0,0,0,0,0,0,0,0,0,0,0,0,0,0,0,0,0,0,0,0,0,0,0,0,0,0,0,0,0,0,0,0,0,0,0,0,0,0,0,0,0,0,0,0,0,0,0,0,0,0,0,0,0,0,0,0,0,0,0,0,0,0,0,0,0,0,0,0,0,0,0,0,0,0,0,0,0,0,0,0,0,0,0,0,0,0,0,0,0,0,0,0,0,0,0,0,0,0,0,0,0,0,0,0,0,0,0,0,0,0,0,0,0,0,0,0,0,0,0,0,0,0,0,0,0,0,0,0,0,0,0,0,0,0,0,0,0,0,0,0,0,0,0,0,0,0,0,0,0,0,0,0,0,0,0,0,0,0,0,0,0,0,0,0,0,0,0,0,0,0,0,0,0,0,0,0,0,0,0,0,0,0,0,0,0,0,4,0,0,0,0,0,0,0,0,0,0,0,0,0,0,0,0,0,0,0,0,0,0,0,0,0,0,0,0,0,0,0,0,0,0,0,0,0,0,0,0,0,0,0,0,0,0,0,0,0,0,0,0,0,0,0,0,0,0,0,0,0,0,0,0,0,0,0,0,0,0,0,0,0,0,0,2,0,0,0,0,0,0,0,0,0,0,0,0,0,0,0,0,0,0,0,0,0,0,0,0,0,0,0,0,0,0,0,0,0,0,0,0,0,0,0,0,0,0,5,0,0,0,0,0,0,0,0,0,0,0,0,0,0,0,0,0,0,0,0,0,0,0,0,0,0,0,0,0,0,0,0,0,0,0,0,0,0
"D128",0,0,0,0,0,0,0,0,0,0,0,0,0,0,0,0,0,11,0,0,4,0,0,0,0,0,0,0,0,73,0,0,0,0,0,0,0,0,401,0,0,0,0,0,0,0,0,5410,0,0,0,0,0,0,0,0,2,0,31,0,0,0,0,0,0,0,0,0,0,6,0,4,210,0,0,0,0,0,0,0,0,0,167,0,0,2,22,208,0,0,0,0,0,0,405,0,0,780,113,0,0,0,0,0,0,26,0,1882,0,0,0,0,0,0,614,0,102,224,0,0,0,79,0,0,0,0,10,0,0,0,0,90,10,0,0,1,0,0,878,119,0,0,0,0,0,0,0,0,1,0,0,0,0,2,0,0,0,0,1,2,0,0,0,0,0,0,0,0,6,0,0,4965,0,0,0,0,0,4,0,0,0,4,0,0,0,0,58,0,0,423,0,0,1,0,0,3,0,0,0,18,0,0,0,0,0,0,44,0,0,0,0,0,0,309,0,0,131,0,5,2,0,0,0,0,0,0,0,0,0,0,856,0,0,0,0,0,0,0,0,3,0,0,0,0,0,0,123,4,2,285,412,0,0,42,48,0,0,0,0,1,0,0,11,559,441,0,0,5,0,0,0,0,0,0,0,0,2,0,0,0,0,0,29,0,0,0,0,0,0,0,0,0,3,0,0,0,0,0,0,0,0,0,0,0,0,0,0,0,0,0,332,0,0,0,0,0,0,0,0,0,0,493,0,0,4,0,0,0,608,0,16,0,0,0,0,0,0,0,0,0,0,0,0,0,0,0,0,0,0,22,4,0,3,0,0,12,0,0,0,0,0,0,0,0,0,0,0,0,0,0,0,0,0,19,0,0,0,0,0,0,0,0,0,275,0,0,0,0,7,0,0,0,0,0,0,0,95,1,0,62,0,0,0,3,0,0,0,0,0,0,0,0,4,103,0,0,0,0,0,0,0,2,0,0,0,6,0,0,0,1,0,0,0,0,0,0,0,0,0,0,0,0,0,0,0,0,0,0,0,0,0,0,0,0,0,0,0,0,0,0,0,0,0,0,0,0,31,0,0,0,0,0,2053,0,0,0,75,28,0,0,0,0,0,6,0,0,0,78,0,0,0,0,0,94,380,0,0,0,0,0,0,0,0,101,0,6,0,0,0,0,0,0,0,0,80,0,0,0,0,0,0,0,0,0,0,0,0,0,0,0,0,0,0,0,3,0,0,6,88,4,0,0,0,8,0,2,0,4,0,0,0,0,0,4,0,877,0,0,0,0,7,2,0,0,0,0,0,0,0,0,0,0,0,0,2,0,0,3891,0,0,0,0,0,0,0,0,2,2,0,0,0,0,0,0,0,25,3000,0,0,64,1254,0,0,0,0,0,11,0,0,0,0,0,0,0,574,0,0,0,0,616,0,0,944,0,0,0,3,686,0,0,0,21,0,0,46,4,0,0,0,0,0,0,0,0,765,0,0,0,0,0,0,0,20,0,0,0,0,0,1093,2052,0,0,0,0,0,4436,0,2408,10,0,0,0,0,35,0,0,9,0,0,0,113,0,0,0,0,89,0,2,0,2,17,0,182,0,0,0,352,0,0,0,0,0,0,0,0,0,0,0,346,0,0,0,0,432,0,0,0,0,0,0,0,0,0,0,14,0,0,0,0,0,0,0,0,0,0,129,0,0,0,0,0,0,0,0,0,0,0,209,0,0,0,0,0,0,0,0,3,2946,0,0,0,0,0,4368,0,0,0,0,0,0,2,0,0,0,0,0,0,0,0,0,262,0,0,0,0,3,0,0,0,0,0,0,0,0,0,0,0,0,0,0,0,4,0,0,0,0,0,0,0,0,0,0,0,0,0,8682,0,360,0,0,0,227,0,2,0,0,0,0,11,0,0,5,0,0,0,0
"D129",0,0,0,34,0,0,0,0,0,0,108,2,0,0,0,0,0,0,0,0,33,0,0,15,240,3,0,0,0,0,0,63,0,0,0,0,1512,0,0,0,4,16,0,0,88,0,1,0,0,4,45,0,3,2,0,0,29,0,67,5,0,0,0,2,0,0,0,0,0,13,0,0,0,0,0,0,0,0,0,0,0,3,0,0,0,0,0,0,0,0,0,0,0,2,0,71,0,0,3,57,9,42,0,2,556,6,0,0,0,0,0,15,3,0,0,0,0,0,7,0,0,0,0,0,0,0,0,0,0,20,2,0,100,0,0,0,0,7,0,0,7,0,0,0,3,98,2,6,8,0,0,0,0,0,0,0,0,0,0,0,26,0,0,4,34,0,0,0,2,0,0,3,0,0,0,0,0,15,0,0,10,3,0,35,0,0,3,4,0,0,0,0,0,0,0,2,0,0,1,8,12,0,0,0,0,0,0,4,0,0,0,0,14,0,0,0,0,0,6,0,0,3,0,0,0,0,0,0,4,0,0,38,0,0,0,0,0,0,23,18,0,0,0,0,4,2,6,0,0,9,0,0,3,0,0,0,0,0,0,1,0,120,0,0,0,0,0,0,9,0,192,0,6,0,0,4,139,0,0,0,1,0,8,0,2,1,0,94,0,3,0,83,0,1,0,0,0,0,2,44,0,0,0,0,0,0,3,0,0,105,0,0,0,0,0,9,0,0,45,0,0,0,0,0,29,0,0,28,0,6,0,0,0,0,0,0,0,0,0,0,0,0,0,0,0,0,44,81,2,0,0,0,0,0,0,25,5,5,0,0,0,1,0,4,0,0,12,0,0,2,1,0,1,4,0,2,5,1,0,0,10,0,0,0,0,0,0,0,0,96,0,0,7,0,0,0,0,52,0,0,2,0,0,0,0,0,13,0,0,0,10,7,4,0,0,0,0,0,0,0,0,3,0,0,0,0,1,0,0,20,0,0,0,0,3,0,5,0,0,0,0,3,0,0,0,1,0,0,0,0,2,0,0,0,2,157,0,0,2,0,0,0,19,21,0,0,0,2,0,0,0,20,0,0,0,0,0,0,0,0,0,0,0,1,0,0,0,0,0,0,141,8,0,0,7,0,0,0,0,0,0,4,12,22,0,0,35,0,0,0,0,0,0,0,0,0,0,0,0,0,0,16,0,0,2,0,0,0,0,178,0,0,0,29,0,0,0,0,0,3,0,0,0,11,198,0,2,0,229,0,0,0,0,0,0,0,4,294,0,2,0,0,0,0,32,0,402,0,0,0,1,0,9,0,4,19,0,0,16,0,0,0,0,329,0,1,66,0,0,0,0,22,0,4,6,18,0,0,0,34,0,0,3,0,0,0,0,217,0,0,0,0,0,0,0,0,1,0,27,0,0,26,0,0,0,0,0,0,704,0,0,0,0,0,0,2,5,2,0,0,0,0,0,0,0,0,0,0,0,0,0,0,26,0,0,50,0,0,105,0,0,0,0,0,0,3,3,0,0,0,20,0,0,0,0,3,0,0,223,0,0,0,2,0,340,9,2,0,0,0,4,0,0,0,20,0,0,193,0,1,0,6,0,2,0,6,2,3,0,1,0,12,0,0,0,0,0,6,0,15,6,0,2,0,9,0,4,0,0,48,95,2,0,2,0,0,0,0,0,0,3,0,0,0,0,0,0,0,0,0,0,0,0,0,0,0,16,0,0,0,0,0,0,0,2,0,0,0,4,0,4,0,77,0,0,0,63,0,121,5,0,0,223,0,0,0,2,132,1,0,0,0,0,0,0,0,0,0,0,0,18,2,0,96,0,0,0,0,364,62,2,0,31,0,0,0,0,11,16,0,0,5,0,0,0,47,0,0,0,0,0,0,0,0,19,0
"D130",0,33,553,10,0,0,0,0,12,0,0,0,0,0,0,6,0,0,17,0,0,42,2,2,0,0,0,697,0,370,394,0,17,2,0,0,0,0,0,0,0,0,0,2,0,0,2,0,0,0,0,4,0,3,0,92,0,1021,0,8,0,0,1,0,0,6,0,0,29,0,7,0,0,0,0,0,0,0,0,2327,0,0,0,0,0,21,0,0,0,0,0,113,0,1,855,0,0,0,0,0,33,0,0,281,0,0,6,0,0,0,0,0,0,23,0,0,0,0,0,9,0,0,3,0,10,0,0,0,32,2,0,0,0,0,6,0,10,0,0,0,0,0,7,0,11,221,41,0,0,0,0,10,26,0,0,2,0,0,0,0,0,0,1382,6,0,84,0,0,0,0,0,0,0,0,80,0,0,0,0,0,0,0,0,25,0,0,0,0,20,0,0,57,1,0,0,0,0,166,0,0,0,0,0,84,0,261,0,0,0,15,40,0,0,0,0,550,0,0,0,7,0,2,0,69,0,24,0,0,171,95,0,0,0,0,0,0,0,0,37,0,6,0,83,3,0,5,0,0,0,0,1254,0,0,0,0,0,0,0,8,0,0,0,0,0,0,35,0,0,2,0,0,145,0,0,62,16,0,0,0,43,0,14,0,0,0,0,0,1,10,40,0,0,0,0,0,0,40,0,0,66,826,0,0,0,0,32,0,30,0,0,0,0,0,0,17,0,2926,2,0,20,0,0,0,0,0,0,0,0,0,0,0,0,0,3,0,0,989,20,2,0,0,0,0,0,0,148,0,0,0,0,0,0,1,78,7,0,0,0,95,0,133,0,0,0,0,0,44,0,45,0,0,14,0,0,0,1,0,0,0,39,0,866,0,0,0,0,0,3,0,37,0,88,57,0,0,2,0,808,0,0,0,0,0,0,0,0,0,28,0,0,40,0,0,0,0,0,0,0,11355,176,7,0,4,0,194,0,41,0,0,0,32,0,15,75,2,273,0,0,0,0,0,68,0,2,0,0,0,3,84,0,0,197,24,0,19,0,0,0,0,2906,99,54,30,0,41,0,0,0,96,236,0,29,0,0,7,14,0,0,58,0,11,0,0,0,0,0,0,0,73,450,231,0,0,0,0,0,0,0,487,0,0,0,14,0,0,0,0,0,0,43,0,157,8,48,0,0,276,0,0,19,0,9,15,121,0,91,0,0,63,288,0,0,0,0,0,0,0,0,0,0,806,89,0,0,3,0,0,0,0,0,0,0,31,0,0,0,0,0,0,0,0,0,0,11,0,0,0,0,0,0,0,0,11,359,0,0,0,0,0,0,0,8,0,0,0,0,0,0,315,0,470,0,0,3,0,0,0,0,22,0,0,6,272,3,0,3,0,0,0,0,0,42,9,0,0,0,68,0,0,0,0,0,0,1,84,39,0,0,0,0,0,0,13,15,0,0,0,0,54,15,1,1,0,0,0,0,8,0,0,0,7,1,0,0,33,0,1,5,0,0,19,0,48,0,15,0,0,0,0,0,0,0,106,0,0,6,0,0,0,1,0,3,0,181,0,0,0,0,0,8,0,147,0,0,0,0,0,2087,3051,0,253,222,0,20,0,53,6,0,0,0,0,96,0,0,0,0,5,0,0,416,0,40,36,0,0,530,0,0,0,58,0,0,20,0,16,0,0,0,0,0,3,333,6,0,18,0,0,0,0,8,6,0,2,0,0,0,126,0,0,0,36,36,0,0,0,0,0,0,0,170,0,0,14,0,0,0,25,0,8,0,0,0,0,0,5,0,0,0,0,17,0,30,946,2,13,0,0,3196,0,6,0,0,0,0,0,0,16,4,0,0,0,4,0,2,0,0,85,0,3,0,0,0,1,5,0,702,0,0,0,0,0,0,3,0,0,0
"D131",0,0,0,0,0,0,0,0,0,0,0,0,0,0,0,0,0,0,0,0,0,0,0,0,0,0,0,0,0,0,0,0,0,0,0,0,0,0,0,0,0,0,0,0,0,0,0,0,0,0,0,0,0,0,0,0,0,0,0,0,0,0,0,0,0,0,0,0,0,0,0,0,0,0,0,0,0,0,0,0,0,0,0,0,0,0,0,0,0,0,0,0,2,0,0,0,0,0,0,0,0,0,0,0,0,0,0,0,0,0,0,0,0,0,0,0,0,0,0,0,0,0,0,0,0,0,0,0,0,0,0,0,0,0,0,0,0,0,0,0,0,0,2,0,0,0,0,0,0,0,0,0,0,0,0,0,0,0,0,0,0,0,0,0,0,0,0,0,0,0,0,0,0,0,0,0,0,0,0,0,0,0,0,0,0,0,0,0,0,0,0,0,0,0,0,0,0,0,0,0,0,0,0,0,0,0,0,0,0,0,0,0,0,0,0,0,0,0,0,0,0,0,0,0,0,0,0,0,0,0,0,0,0,0,0,0,0,0,0,0,0,0,0,0,0,0,0,0,0,0,0,0,0,0,0,0,0,0,0,0,0,0,0,0,0,0,0,0,0,0,0,0,0,0,0,0,0,0,0,0,0,0,0,0,0,0,0,0,0,0,0,0,0,0,0,0,0,0,0,0,0,0,0,0,0,0,0,0,0,0,0,0,0,0,166,0,0,0,0,0,0,0,0,0,0,0,0,0,0,0,0,0,0,0,0,0,0,0,0,0,0,0,0,0,0,0,0,0,0,0,0,0,0,0,0,0,0,0,0,0,0,0,0,0,0,0,0,2,0,0,0,0,0,0,0,0,0,0,0,0,0,0,0,0,0,0,0,0,0,0,0,0,0,0,0,0,0,0,0,0,0,0,0,0,0,0,0,0,0,0,0,0,0,0,0,0,0,0,0,0,0,0,0,0,0,0,0,0,0,0,0,0,0,0,0,0,0,0,0,0,0,0,0,0,0,0,0,2,0,0,0,0,0,0,0,0,0,0,0,0,0,0,0,0,0,0,0,0,0,0,0,0,0,0,0,0,0,0,0,0,0,0,0,0,0,0,0,0,0,0,0,0,0,0,0,0,0,0,0,0,0,0,0,0,0,0,0,0,0,0,0,0,0,3,0,0,0,0,0,0,0,0,0,0,0,0,0,0,0,0,0,0,0,0,0,0,0,0,0,0,0,0,0,0,0,0,0,0,0,0,0,0,0,0,0,0,0,0,0,0,0,0,0,0,0,0,0,0,0,0,0,0,0,0,0,0,0,0,0,0,0,0,0,0,0,0,0,0,0,0,0,0,0,0,0,0,0,0,0,0,0,0,0,0,0,0,0,0,0,0,0,0,0,0,0,0,0,0,0,0,0,0,0,0,0,0,0,0,0,0,0,0,0,0,0,0,0,0,0,0,0,0,0,0,0,21,0,0,0,0,0,0,0,0,0,0,0,0,0,0,0,0,0,0,0,0,0,0,0,0,0,0,0,0,0,0,0,0,0,0,0,140,0,0,0,0,0,0,0,0,0,0,0,0,0,0,0,0,0,0,0,0,254,0,0,0,0,0,0,0,0,0,0,0,0,0,0,0,0,0,0,0,0,0,0,0,0,10,2,0,0,0,0,0,0,0,0,0,0,0,0,0,0,0,0,0,0,0,0,0,0,0,0,0,0,0,0,0,0,0,0,0,0,0,0,0,0,0,0,0,0,0,0,0,0,9161,0,0,0,0,0,0,0,0,0,0,0,0,0,0,0,0,0,0,0,0,0,7,0,0,0,0,0,0,0,0,0,0,0,0,0,0,0,0,0,0,0,0,0,0,0,0,0,0,0,0,0,0,0,0,0,0,0,0,0,0
"D132",0,0,0,0,0,421,0,0,0,0,0,0,0,0,0,0,0,0,0,0,0,0,0,0,0,0,0,0,0,0,0,0,0,0,0,0,0,0,0,0,0,0,0,0,0,0,0,0,0,0,0,0,0,0,0,0,0,0,0,0,0,0,0,0,0,0,0,0,0,0,0,0,0,0,0,0,0,0,0,0,0,0,0,0,0,0,0,0,0,0,0,0,0,0,0,0,0,0,0,0,0,0,0,0,0,0,0,0,0,0,0,0,0,0,0,0,0,0,0,0,0,0,0,0,0,0,0,0,0,0,0,0,0,0,0,0,0,0,0,0,0,0,0,0,0,0,0,0,0,0,0,0,0,0,0,0,0,0,0,0,0,0,0,0,0,0,0,0,0,0,0,0,0,0,0,0,0,0,0,0,0,0,0,0,0,75,0,0,0,0,0,0,0,0,0,0,0,0,0,0,0,0,0,0,0,0,0,0,0,0,0,0,0,0,0,0,0,0,0,0,0,0,0,0,0,0,0,0,0,0,0,0,0,0,0,0,0,0,0,0,0,0,0,0,0,0,0,0,0,0,0,0,0,0,0,0,0,0,0,0,0,0,0,0,0,0,0,0,0,0,0,0,0,0,0,0,0,0,0,0,0,0,0,0,0,0,0,0,0,0,0,0,0,0,0,0,0,0,0,0,0,0,0,6,0,0,0,0,0,0,0,0,0,0,0,0,0,0,0,0,0,0,0,0,0,0,0,0,0,0,0,0,0,0,0,0,0,0,0,0,0,0,0,0,0,0,0,0,0,0,0,0,0,0,0,0,0,0,0,0,0,0,0,0,0,0,0,0,0,0,0,0,0,0,0,0,0,0,0,0,0,0,0,0,0,0,0,0,0,0,0,0,0,0,0,0,0,0,0,0,0,0,0,0,0,0,0,0,0,0,0,0,0,0,0,0,0,0,0,0,0,0,0,0,0,0,0,0,0,0,0,0,0,0,0,0,0,0,0,0,0,0,0,0,0,0,0,0,0,0,0,0,0,0,0,0,0,0,0,0,0,0,0,0,0,0,0,0,0,0,0,0,0,0,0,0,0,0,0,0,0,0,0,0,0,0,0,0,0,0,0,0,74,0,0,0,0,0,0,0,0,0,0,0,0,0,0,0,0,0,0,0,0,0,0,0,0,0,0,0,0,0,0,0,0,0,0,0,0,0,0,0,0,0,0,0,0,0,0,0,0,0,0,0,0,0,0,0,0,0,0,0,0,0,0,0,0,0,0,0,0,0,0,0,0,0,0,0,0,0,0,0,0,0,0,0,0,0,0,0,0,0,0,0,0,0,0,0,0,0,0,0,0,0,0,0,0,0,0,0,0,0,0,0,0,0,0,0,2414,0,0,0,0,0,0,0,0,0,0,0,0,0,0,0,0,0,0,0,0,0,0,0,0,0,0,0,0,0,0,0,0,0,0,0,0,2,0,0,0,0,0,0,0,0,0,0,0,0,0,0,0,0,0,0,0,0,0,0,0,146,0,0,0,0,0,0,0,0,0,0,0,0,0,0,0,0,0,0,0,0,0,0,0,0,0,0,0,0,0,0,0,0,0,0,0,0,0,0,0,0,0,0,0,0,0,0,0,0,0,0,0,0,0,0,0,0,0,2021,0,0,0,0,0,0,0,0,0,0,0,0,0,0,0,0,0,0,0,0,0,0,0,0,0,0,0,0,0,0,0,0,0,0,0,0,0,0,0,0,0,0,0,0,0,0,0,0,0,0,0,0,0,0,0,0,0,0,0,0,0,0,0,0,0,0,0,0,0,0,0,0,0,0,0,0,0,0,0,0,0,0,0,0,0,0,0,0,0,0,0,0,0,0,0,0,0,0,0,0,0,0,0,0,0,0,0,0
"D133",0,0,0,0,0,0,0,0,0,0,0,0,0,0,0,0,0,0,0,0,0,0,0,0,0,0,0,0,0,0,0,0,0,0,0,0,0,0,0,0,0,0,0,0,0,0,0,0,0,0,0,0,0,0,0,0,0,0,0,0,0,0,0,0,0,0,0,0,0,0,0,0,0,0,0,0,0,0,0,0,0,0,0,0,0,0,0,0,0,0,0,0,0,0,0,0,0,0,0,0,0,0,0,0,0,0,0,0,0,0,0,0,0,0,0,0,0,0,0,0,0,0,0,0,0,0,0,0,0,0,0,0,0,0,0,0,0,0,0,0,0,0,0,0,0,0,0,0,0,0,0,0,0,0,0,0,0,0,0,0,0,0,0,0,0,0,0,0,0,0,0,0,0,0,0,0,0,0,0,0,0,0,0,0,0,0,0,0,0,0,0,0,0,0,0,0,0,0,0,0,0,0,0,0,0,0,0,0,0,0,0,0,0,0,0,0,0,0,0,0,0,0,0,0,0,0,0,0,0,0,0,0,0,0,0,0,0,0,0,0,0,0,0,0,0,0,0,0,0,0,0,0,0,0,0,0,0,0,0,0,0,0,0,0,0,0,0,0,0,0,0,0,0,0,0,0,0,0,0,0,0,0,0,0,0,0,0,0,0,0,0,0,0,0,0,0,0,0,0,0,0,0,0,0,0,0,0,0,0,0,0,0,0,0,0,0,0,0,0,0,0,0,0,0,0,0,0,0,0,0,0,0,0,0,0,0,0,0,0,0,0,0,0,0,0,0,0,0,0,0,0,0,0,0,0,0,0,0,0,0,0,0,0,0,0,0,0,0,0,0,0,0,0,0,0,0,0,0,0,0,0,0,0,0,0,0,0,0,0,0,0,0,0,0,0,0,0,0,0,0,0,0,0,0,0,0,0,0,0,0,0,0,0,0,0,0,0,0,0,0,0,0,0,0,0,0,0,0,0,0,0,0,0,0,0,0,0,0,0,0,0,0,0,0,0,0,0,0,0,0,0,0,0,0,0,0,0,0,0,94,0,0,0,0,0,0,0,0,0,0,0,0,0,0,0,0,0,0,0,0,0,0,0,0,0,0,0,0,0,0,0,0,0,0,0,0,0,0,0,0,0,0,0,0,0,0,0,0,0,0,0,0,0,0,0,0,0,0,0,0,0,0,0,0,0,0,0,0,0,0,0,0,0,0,0,0,0,0,0,0,0,0,0,0,0,0,0,0,0,0,0,0,0,0,0,0,0,0,0,0,0,0,0,0,0,0,0,0,0,0,0,0,0,0,0,0,0,0,0,0,0,0,0,0,0,0,0,0,0,0,0,0,0,0,0,0,0,0,0,0,0,0,0,0,0,0,0,0,0,0,0,0,0,0,0,0,0,0,0,0,0,0,0,0,0,0,0,0,0,0,0,0,0,0,0,0,0,0,0,0,0,0,0,0,0,0,0,0,0,0,0,0,0,0,0,0,0,0,0,0,0,0,0,0,0,0,0,0,0,0,0,0,0,0,0,0,0,0,0,73,0,0,0,0,0,0,0,0,0,0,0,0,0,0,0,0,0,0,0,0,0,0,0,0,0,0,0,0,0,0,0,0,0,0,0,0,0,0,0,0,0,0,0,0,0,0,0,0,0,0,0,0,0,0,0,0,0,0,0,0,0,0,0,0,0,0,0,0,0,0,0,0,0,0,0,0,0,0,0,0,0,0,0,0,0,0,0,0,0,0,0,0,0,0,0,0,0,0,0,0,0,0,0,0,0,0,0,0,0,0,0,0,0,0,0,0,0,0,0,0,0,0,0,0,0,0,0,0,0,0,0,0,0,0,0,0,0,0,0,0,0,0,0,0,0,0,0,0,0,0,0,0,0,0,0,0
"D134",0,0,0,0,0,0,0,0,0,0,0,0,0,0,0,0,0,0,0,0,0,0,0,0,0,0,0,0,0,0,0,0,0,0,0,0,0,0,0,0,0,0,0,0,0,0,0,0,0,0,0,5,0,0,0,0,0,0,0,0,0,0,0,0,0,0,0,0,0,0,0,0,0,0,0,0,0,0,0,0,0,0,0,0,0,0,0,0,0,0,0,0,0,0,2,0,0,0,0,0,0,0,0,0,0,0,0,0,0,0,0,0,0,0,0,0,0,0,0,0,0,0,0,0,0,0,0,0,0,0,0,0,0,0,0,0,0,0,0,0,0,0,0,0,0,0,0,0,0,0,0,0,0,0,0,0,0,0,0,0,0,0,0,0,0,0,0,0,0,0,0,0,0,0,0,0,0,0,0,0,0,0,0,0,0,0,0,0,0,0,0,0,0,0,0,0,0,0,0,0,0,0,0,0,0,0,0,0,0,0,0,0,0,0,0,0,0,0,0,0,0,0,0,0,0,0,0,0,0,0,0,0,0,0,0,0,0,0,0,0,0,0,0,0,0,0,0,0,0,0,0,0,0,0,0,0,0,0,0,0,0,0,0,0,0,0,0,0,0,0,0,0,0,0,0,0,0,0,0,0,0,0,0,0,0,0,0,0,0,0,0,0,0,0,0,0,0,0,0,0,0,0,0,0,0,0,0,0,0,0,0,0,0,0,0,0,0,0,0,0,0,0,0,0,0,0,0,0,0,0,0,0,2,0,0,0,0,0,0,0,0,0,0,0,0,0,0,0,0,0,0,0,0,0,0,0,0,0,0,0,0,0,0,0,0,0,0,109535,0,0,0,0,0,0,0,0,0,0,0,0,0,0,0,0,0,0,0,0,0,0,0,0,0,0,0,0,0,0,0,0,0,0,0,0,0,0,0,0,0,0,0,0,0,0,0,0,0,0,0,0,0,0,0,0,0,0,0,0,0,0,0,0,0,0,0,0,0,0,0,0,0,0,0,0,0,0,0,0,0,0,0,0,0,0,0,0,0,0,0,0,0,0,0,0,0,0,0,0,0,0,0,0,0,0,0,0,0,8,0,0,0,0,0,0,0,219,0,0,0,0,0,0,0,0,0,0,0,0,0,0,0,0,0,0,0,0,0,0,0,0,0,0,0,0,0,0,0,0,0,0,0,0,0,0,0,0,0,0,0,0,0,0,0,0,0,0,0,0,0,0,0,0,0,0,0,0,0,0,0,0,0,0,0,0,0,0,0,0,0,0,0,0,0,0,0,0,0,0,0,0,0,0,0,0,0,0,0,0,0,0,0,0,0,0,0,5,0,0,0,0,0,0,0,0,0,0,0,0,0,0,0,0,0,0,0,0,0,0,0,0,0,0,0,0,0,0,0,0,0,0,0,0,0,0,0,0,0,0,0,0,0,0,0,0,0,0,0,0,0,0,0,0,0,0,0,0,0,0,0,0,0,0,0,0,0,0,0,0,0,0,0,0,0,0,0,0,0,0,0,0,0,0,0,0,0,0,0,0,0,0,0,0,0,0,0,0,0,0,0,0,0,0,0,0,0,0,0,0,0,0,0,0,0,0,0,0,0,0,0,0,0,0,0,0,0,0,0,0,0,0,0,0,0,0,0,0,0,0,0,0,0,0,0,0,0,0,0,0,0,0,0,0,0,0,0,0,0,0,0,0,0,0,0,0,0,0,0,0,0,0,0,0,0,0,0,0,0,0,0,0,0,0,0,0,0,0,0,0,0,0,0,0,0,0,0,0,0,0,0,0,0,0,0,0,0,0,0,0,0,0,0,0,0,0,0,0,0,0,0,0,0,0,0,0,0,0,0,0,0,0,0,0,0,0,0,0,0,0,0,0,0,0,0,0,0,0
"D135",0,0,0,0,0,5,0,0,0,1,0,0,0,0,0,0,0,0,0,0,0,0,0,0,0,0,0,0,0,0,0,0,0,0,0,0,0,0,0,22,0,0,0,0,0,0,0,132,0,0,0,0,0,0,0,0,2,0,0,0,0,0,0,0,0,0,0,0,0,0,0,0,0,0,0,0,0,0,0,0,0,0,0,0,0,0,0,16,0,0,0,0,1522,0,0,0,0,0,0,0,0,0,0,0,0,0,0,0,0,0,0,0,0,0,0,0,0,0,0,0,0,0,0,0,0,0,0,0,0,0,0,0,0,0,0,0,0,0,0,0,0,0,0,0,0,0,0,0,0,0,0,0,0,0,0,0,0,0,0,0,0,0,0,0,0,0,0,0,0,0,0,90,0,0,0,0,0,0,0,0,0,0,0,0,0,0,0,0,0,0,0,0,0,0,0,0,0,0,0,2,0,0,0,0,0,0,0,0,0,0,0,0,0,0,0,0,32,0,0,0,0,0,0,0,0,0,0,0,0,0,0,0,0,0,0,4,0,0,0,0,0,0,0,0,0,0,0,0,0,0,1254,0,0,0,0,0,0,0,0,0,0,0,285,0,0,0,0,0,0,0,0,0,0,0,0,0,0,0,0,0,0,0,0,0,0,0,0,0,0,0,0,0,0,0,0,0,0,0,0,0,0,0,0,12,0,0,0,0,0,0,0,0,0,0,59,0,0,0,0,0,0,0,0,0,0,0,0,0,0,0,0,0,0,0,0,0,0,0,0,0,329,0,0,0,0,0,0,0,0,0,0,0,0,0,0,0,0,0,0,0,0,0,0,0,0,0,0,0,0,0,0,0,0,0,0,0,0,0,0,0,0,0,0,0,0,0,0,0,0,0,0,0,0,0,0,0,0,52,0,0,0,0,0,0,0,0,0,0,0,0,0,0,0,0,0,0,0,0,0,0,0,0,0,0,0,9,0,0,0,0,0,0,0,0,0,0,0,0,0,0,0,0,0,0,0,0,0,0,0,0,0,0,0,0,0,0,0,0,0,0,0,0,0,0,0,0,91,0,0,0,0,0,0,0,0,0,0,0,0,0,0,0,0,0,0,0,0,0,0,0,0,0,0,0,0,0,0,0,0,0,0,0,0,0,0,0,0,0,0,0,0,0,0,0,0,0,0,0,0,0,0,0,0,0,0,0,0,0,0,0,0,4,0,0,0,0,0,0,0,0,0,0,0,0,0,0,0,0,0,0,0,0,0,0,0,0,0,0,0,0,0,0,0,0,0,0,0,0,0,0,0,0,0,0,0,0,0,0,0,0,0,0,0,0,0,0,0,0,0,0,0,0,0,0,0,0,0,0,0,0,0,0,0,0,0,0,0,0,0,994,2,0,0,0,0,0,0,0,0,0,0,0,0,0,0,0,0,0,0,0,97,0,0,0,0,0,0,0,0,0,0,0,0,0,0,0,0,0,0,0,0,0,0,0,0,0,0,0,0,0,0,0,0,0,0,0,0,0,0,0,0,0,0,0,0,0,0,0,0,0,0,0,0,0,0,0,0,0,41,0,0,0,0,0,0,0,0,0,0,0,0,0,0,0,0,0,0,0,0,0,0,0,0,0,0,0,0,0,0,0,0,0,16,0,0,0,0,0,4,0,0,0,0,0,0,0,0,0,0,0,0,0,0,0,0,0,0,0,0,0,0,0,0,0,507,0,0,0,0,0,0,0,0,0,0,0,0,0,0,0,0,0,0,0,0,0,0,0,0,0,0,0,0,246,24,0,0,0,0,0,0,0,0,0,0,0,0,0,0,0,0,0,0,0,0,0,0,0,0,0,0,0,0,0,0,0,0,0,0,0,0,0,0,0,0,0,0,0,0,0,0,0,0,233,0,0
"D136",0,0,0,0,0,0,0,0,0,0,0,0,0,0,0,0,0,3,0,7,23,0,0,0,0,0,0,0,0,0,0,2,0,0,0,0,0,0,27,0,0,0,0,0,8,0,0,206,0,0,0,12,0,0,0,0,0,0,0,0,0,0,0,0,0,0,0,1,0,0,0,0,240,0,0,0,0,0,0,0,0,0,0,0,0,0,0,22,0,0,0,0,0,0,0,0,0,253,118,0,0,0,0,0,1,0,0,312,0,0,0,0,0,0,176,0,7,617,0,0,0,14,0,0,0,0,0,0,0,0,0,2,0,30,0,0,0,0,1239,0,0,0,0,0,0,0,0,0,0,0,0,0,0,0,0,0,0,0,23,0,0,0,0,0,0,0,0,0,0,0,0,266,0,0,0,0,0,10,0,0,0,0,0,0,0,0,5,0,0,7,0,0,16,0,0,0,0,0,0,0,0,0,0,0,143,0,146,0,0,0,0,0,0,95,0,0,24,0,5,0,0,0,0,0,0,0,0,0,0,0,0,0,0,0,0,0,0,0,0,0,0,0,0,0,0,0,70,0,0,75,0,0,0,0,33,0,0,0,0,0,0,0,0,980,10,0,0,0,0,0,0,0,0,1,0,0,0,0,0,0,0,0,12,0,0,0,0,0,0,0,0,0,0,0,0,0,0,0,0,0,0,0,0,0,0,0,0,0,0,0,0,0,0,0,0,0,0,0,0,0,0,118,0,0,0,0,0,0,146,0,25,0,2,0,0,0,0,0,0,0,0,2,0,0,0,0,0,0,0,2,0,0,0,0,0,9,0,0,0,0,0,0,0,0,0,0,0,0,0,0,0,0,0,3,0,0,0,0,0,0,0,0,0,0,0,0,0,0,0,0,0,0,0,0,0,0,68,0,0,0,0,0,0,0,0,0,0,0,0,0,0,0,2,0,0,0,0,0,0,0,0,0,0,0,0,0,0,0,0,0,0,0,0,0,0,0,0,0,0,0,0,0,0,0,3,0,0,0,0,0,0,0,0,0,0,0,0,0,0,0,0,0,0,0,0,0,0,0,0,0,0,0,456,0,0,0,2,0,0,0,0,0,0,2,0,0,0,37,0,0,0,0,0,5,20,0,0,0,0,0,0,11,0,36,0,0,0,0,0,0,0,0,0,0,13,0,0,0,0,0,0,0,0,0,0,0,0,0,0,2,0,0,0,0,0,0,0,8,351,52,0,0,0,2,0,0,0,0,0,0,0,0,0,3,0,153,0,12,0,0,0,0,0,0,0,2,0,0,0,0,0,0,0,0,0,0,0,254,0,0,0,0,0,0,0,0,0,11,0,0,0,2,0,0,0,0,1575,0,0,2,246,0,0,0,0,0,0,0,0,0,0,0,0,0,869,0,0,0,0,0,0,0,22,0,0,0,0,2689,0,6,0,0,0,0,32,0,0,0,0,0,0,0,0,0,54,0,0,0,0,0,0,0,2,0,0,0,0,0,61,105,0,0,0,0,0,2021,0,236,0,0,0,0,0,16,0,0,8,0,0,0,4,0,0,0,0,2,0,0,0,0,3,0,171,0,0,0,1293,0,0,0,0,0,0,0,0,0,0,0,491,0,0,0,0,94,0,0,0,0,0,0,0,0,0,0,2,0,0,0,0,0,0,0,0,0,0,121,0,0,0,0,0,0,0,0,0,0,0,45,0,0,0,0,0,0,0,0,0,1858,0,0,0,0,0,50,0,0,0,0,0,0,0,0,0,0,0,0,0,0,0,0,22,0,0,0,0,0,0,2,0,0,0,0,0,0,0,0,0,0,0,0,0,0,0,0,0,0,0,0,0,0,0,0,0,0,0,1205,0,53,0,0,0,1,0,0,0,0,0,0,0,0,0,0,0,0,0,0
"D137",0,0,0,0,0,0,0,0,0,0,0,0,0,0,0,0,0,0,0,0,0,0,0,0,0,0,0,0,0,0,0,0,0,0,0,0,0,2664,0,0,0,0,0,0,0,0,0,0,0,0,0,0,0,0,0,0,0,0,0,0,0,0,0,0,0,0,0,0,0,0,0,0,0,0,0,0,0,0,0,0,0,0,0,0,0,0,0,0,0,0,0,0,0,0,0,0,0,0,0,0,0,0,0,0,0,0,0,0,0,0,0,0,0,0,0,0,0,0,0,0,0,0,0,0,0,0,0,0,0,0,0,0,0,0,0,0,0,0,0,0,0,43,0,0,0,0,0,0,0,0,0,0,0,0,0,0,0,3850,0,0,0,0,0,0,0,0,0,0,0,0,0,0,0,0,0,0,0,0,0,0,0,0,0,0,0,0,0,0,0,0,0,0,0,0,29,0,0,0,0,0,0,0,0,0,0,0,0,0,0,0,0,0,0,0,0,0,0,0,0,0,0,0,0,0,0,0,0,0,0,0,0,0,0,0,0,0,0,0,0,0,0,0,0,0,0,0,0,0,0,0,0,0,0,0,0,0,0,0,0,0,0,0,0,0,0,0,0,0,0,0,0,0,0,0,0,0,0,0,0,0,0,0,0,0,0,0,0,0,0,0,0,0,0,0,0,0,0,0,0,0,0,0,0,14,456,0,0,0,0,0,0,0,0,0,0,0,0,0,0,0,0,0,0,0,0,0,0,0,0,0,0,0,0,0,0,0,0,0,0,0,0,0,0,0,0,0,0,0,0,0,0,0,0,0,0,0,0,0,0,0,0,0,0,0,1621,353,0,0,0,0,0,0,0,0,0,0,0,0,0,0,0,0,0,0,0,0,0,0,0,0,0,0,0,0,0,0,0,0,0,0,0,0,0,0,0,0,0,0,0,0,0,0,0,0,0,0,0,0,0,0,0,0,0,0,0,0,0,0,0,0,0,0,0,0,0,0,0,0,0,1549,0,0,0,0,0,0,0,0,0,0,0,0,0,0,0,0,0,0,0,0,0,0,0,0,0,0,0,0,0,0,0,0,0,0,0,0,0,0,0,0,0,0,0,0,0,0,0,0,0,0,0,0,0,0,0,0,118,0,0,0,0,0,0,0,0,0,0,0,0,0,0,0,0,0,0,0,0,0,0,0,0,0,0,0,0,0,0,0,0,0,0,0,0,0,0,0,0,0,0,0,0,0,0,0,0,0,0,0,0,18,0,0,0,0,0,0,0,0,0,0,0,0,0,0,0,0,0,0,0,3243,0,0,0,0,0,0,274,0,0,0,0,0,0,0,0,0,0,0,0,0,0,0,0,0,0,0,0,0,0,0,0,0,0,0,0,0,0,0,0,0,0,0,0,0,0,0,0,0,0,0,0,0,0,0,0,0,0,0,0,0,0,0,0,0,0,0,0,0,0,0,0,0,53,0,0,0,0,0,0,0,0,0,0,0,0,0,0,0,0,0,0,0,0,0,0,0,0,0,0,0,0,11250,0,0,0,0,0,0,0,0,0,0,0,0,0,0,0,0,0,0,0,0,0,115,0,0,0,0,0,0,0,0,0,0,0,0,0,0,0,0,0,0,0,0,0,0,0,0,0,0,0,0,0,0,0,0,0,0,0,0,0,0,0,0,0,0,0,0,0,0,0,0,0,0,0,0,0,0,0,0,0,0,0,0,0,0,0,0,0,0,0,0,0,0,0,0,0,0,0,0,0,0,0,761,0,0,0,0,0,0,0,0,0,0,0,0,0,0,0,0,0,0,0,0,0,0,0,0,0,0,0,0,0,0,0,0,0,0,0,0,0,0,0,0,1,0,0,0,0,0,0,0,0,0,0,0,0,0,0,0,0,0,0,0,0,0
"D138",0,0,0,0,0,0,0,0,0,0,0,0,0,0,0,0,0,0,0,0,0,0,0,0,0,0,0,0,0,0,0,0,0,0,0,0,0,0,0,0,0,0,0,0,0,0,0,0,0,0,0,0,0,0,0,0,0,0,0,0,0,0,0,0,0,0,0,0,0,0,0,0,0,0,0,0,0,0,0,0,0,0,0,0,0,0,0,0,0,0,0,0,0,0,0,0,0,0,0,0,0,0,0,0,0,0,0,0,0,0,0,0,0,0,0,0,0,0,0,0,0,0,0,0,0,0,0,0,0,0,0,0,0,0,0,0,0,0,0,0,0,0,0,0,0,0,0,0,0,0,0,0,0,0,0,0,0,0,0,0,0,0,0,0,0,0,0,0,0,0,0,0,0,0,0,0,0,0,0,0,0,0,0,0,0,0,0,0,0,0,0,0,0,0,0,0,0,0,0,0,0,0,0,0,0,0,0,0,0,0,0,0,0,0,0,0,0,0,0,0,0,0,0,0,0,0,0,0,0,0,0,0,0,0,0,0,0,0,0,0,0,0,0,0,0,0,0,0,0,0,0,0,0,0,0,0,0,0,0,0,0,0,0,0,0,0,0,0,0,0,0,0,0,0,0,0,0,0,0,0,0,0,0,0,0,0,0,0,0,0,0,0,0,0,0,0,0,0,0,0,0,0,0,0,0,0,0,0,0,0,0,0,0,0,0,0,0,0,0,0,0,0,0,0,0,0,0,0,0,0,0,0,0,0,0,0,0,0,0,0,0,0,0,0,0,0,0,0,0,0,0,0,0,0,0,0,0,0,0,0,0,0,0,0,0,0,0,0,0,0,0,0,0,0,0,0,0,0,0,0,0,0,0,0,0,0,0,0,0,0,0,0,0,0,0,0,0,0,0,0,0,0,0,0,0,0,0,0,0,0,0,0,0,0,0,0,0,0,0,0,0,0,0,0,0,0,0,0,0,0,0,0,0,0,0,0,0,0,0,0,0,0,0,0,0,0,0,0,0,0,0,0,0,0,0,0,0,0,0,93,0,0,0,0,0,0,0,0,0,0,0,0,0,0,0,0,0,0,0,0,0,0,0,0,0,0,0,0,0,0,0,0,0,0,0,0,0,0,0,0,0,0,0,0,0,0,0,0,0,0,0,0,0,0,0,0,0,0,0,0,0,0,0,0,0,0,0,0,0,0,0,0,0,0,0,0,0,0,0,0,0,0,0,0,0,0,0,0,0,0,0,0,0,0,0,0,0,0,0,0,0,0,0,0,0,0,0,0,0,0,0,0,0,0,0,0,0,0,0,0,0,0,0,0,0,0,0,0,0,0,0,0,0,0,0,0,0,0,0,0,0,0,0,0,0,0,0,0,0,0,0,0,0,0,0,0,0,0,0,0,0,0,0,0,0,0,0,0,0,0,0,0,0,0,0,0,0,0,0,0,0,0,0,0,0,0,0,0,0,0,0,0,0,0,0,0,0,0,0,0,0,0,0,0,0,0,0,0,0,0,0,0,0,0,0,0,0,0,0,0,0,0,0,0,0,0,0,0,0,0,0,0,0,0,0,0,0,0,0,0,0,0,0,0,0,0,0,0,0,0,0,0,0,0,0,0,0,0,0,0,0,0,0,0,0,0,0,0,0,0,0,0,0,0,0,0,0,0,0,0,0,0,0,0,0,0,0,0,0,0,0,0,0,0,0,0,0,0,0,0,0,0,0,0,0,0,0,0,0,0,0,0,0,0,0,0,0,0,0,0,0,0,0,0,0,0,0,0,0,0,0,0,0,0,0,0,0,0,0,0,0,0,0,0,0,0,0,0,0,0,0,0,0,0,0,0,0,0,0,0,0,0,0,0,0,0,0,0,0,0,0,0,0,0,0,0
"D139",0,24,344,2,0,0,3,1,0,0,0,0,0,0,2,4,0,0,4,0,0,17,0,0,0,2,0,382,0,0,173,0,0,8,0,0,0,0,0,0,0,0,22,0,0,0,0,0,0,0,0,0,0,2,0,58,0,835,0,13,0,0,5,0,32,11,0,0,22,0,0,0,0,0,0,0,8,0,0,834,0,0,0,0,0,23,0,0,0,0,0,80,0,1,0,0,0,0,0,0,0,0,2,167,0,0,4,0,0,0,0,23,0,2,0,0,0,0,0,3,0,0,2,3,5,0,0,0,0,0,0,0,0,0,5,0,8,0,0,0,0,0,13,0,4,186,51,0,0,0,0,11,8,0,0,0,3,0,0,0,0,0,1002,3,0,72,0,0,0,0,0,0,1,0,37,43,0,0,0,0,0,0,0,14,0,0,0,0,0,0,0,78,0,0,0,0,0,35,0,0,0,0,0,30,0,203,0,0,0,7,29,0,0,0,0,265,0,0,0,2,0,0,0,30,0,15,0,0,93,32,0,0,5,0,0,0,0,0,1,0,8,0,2,3,0,4,0,0,0,0,0,0,3,0,0,0,0,0,4,0,0,0,0,0,0,23,0,0,2,0,0,174,0,8,0,5,0,0,0,10,0,7,0,0,0,6,0,0,2,13,0,0,0,0,2,0,20,0,0,42,427,0,0,0,0,15,0,46,0,0,0,0,0,1,3,0,1947,4,0,56,0,0,0,0,0,0,0,0,0,0,0,0,0,1,0,0,750,8,0,0,2,0,0,0,0,36,0,0,0,0,0,0,0,36,22,0,0,0,43,0,93,1,0,0,0,0,50,0,82,0,0,0,0,0,4,0,0,1,0,15,2,508,0,0,0,0,0,0,0,0,0,131,21,0,0,0,0,399,0,0,0,8,0,0,0,0,0,6,0,0,66,0,0,0,0,0,0,0,22,54,2,0,2,0,103,0,0,0,0,0,52,0,8,23,0,216,0,0,0,0,2,29,0,0,0,0,0,0,76,0,0,185,14,0,0,0,0,0,0,0,38,40,0,0,43,0,0,0,77,176,0,16,0,0,14,19,0,0,70,0,4,0,0,0,0,0,0,0,36,197,228,0,0,0,0,0,0,4,411,0,0,0,19,0,0,0,0,0,0,12,0,77,3,37,0,0,159,0,0,7,0,2,13,37,0,73,0,0,55,189,0,0,0,0,0,0,0,0,0,0,327,98,4,0,4,0,0,0,0,0,5,0,6,0,0,0,0,0,0,0,0,0,0,29,0,0,0,0,0,0,0,0,6,243,1,0,0,0,0,0,0,1,3,0,0,0,0,0,95,0,593,0,0,0,0,0,0,0,19,0,0,1,363,5,0,0,0,0,0,0,0,6,12,0,0,0,15,0,0,0,4,0,0,1,49,47,4,0,0,0,0,0,38,4,0,0,0,0,69,37,0,0,0,0,0,0,2,0,0,0,5,9,0,0,22,0,0,4,0,0,12,0,100,0,12,0,0,0,0,0,0,0,51,0,0,2,2,0,0,0,0,2,0,0,0,0,2,0,0,0,0,59,0,0,0,0,0,800,3733,0,16,87,0,9,0,51,0,0,0,0,0,36,0,0,0,0,4,0,0,140,0,36,6,29,0,368,0,0,0,16,0,31,3,0,1,0,0,0,0,5,0,252,2,1,9,0,0,0,2,8,2,0,2,0,0,0,69,0,0,0,64,9,0,0,0,0,0,0,0,93,0,0,0,0,0,0,12,0,13,0,0,0,24,0,0,0,0,0,0,2,0,11,513,3,29,25,0,3339,0,0,0,0,11,0,0,0,20,16,0,0,0,6,0,3,0,0,49,0,0,0,0,0,0,0,0,329,0,0,0,0,0,0,2,0,0,0
"D140",0,0,0,0,0,0,0,3,0,16010,0,0,20,0,0,0,0,0,0,0,0,0,0,0,0,0,0,0,0,24,0,0,0,0,0,0,0,0,0,0,0,0,0,0,0,3,3,196,0,0,0,0,0,0,0,0,0,0,0,0,0,0,0,0,0,0,1777,1,3,0,0,0,0,0,0,0,0,0,1,0,0,0,0,0,0,0,23,2,0,0,0,0,0,0,0,0,0,0,0,0,0,0,0,0,0,0,0,0,18,146,0,0,0,0,0,0,0,0,0,0,0,0,0,0,0,0,0,0,0,0,0,0,0,0,0,0,0,0,0,0,0,0,0,0,0,0,0,0,299,0,52,0,0,0,5,0,0,0,0,0,0,0,0,0,0,0,0,0,0,0,0,0,0,0,0,0,0,0,0,0,0,0,0,0,0,34,0,0,0,0,0,0,0,0,0,0,0,0,0,0,0,11,0,0,0,0,0,2,0,0,0,0,0,0,0,0,80,0,0,0,0,0,0,0,0,0,0,0,0,0,0,0,0,0,0,256,0,0,0,0,0,0,0,0,0,0,0,0,0,0,3,0,0,0,0,0,0,0,0,0,0,0,0,0,0,0,0,0,0,0,0,0,0,0,0,0,0,0,0,0,0,0,0,0,0,0,0,0,0,0,0,0,0,0,0,43,0,0,0,0,0,0,0,3,0,0,0,0,0,0,0,0,0,0,8,0,0,0,0,0,0,0,0,0,0,0,0,0,0,0,0,0,13129,0,0,0,0,1,0,0,0,0,0,0,0,0,0,0,0,0,0,0,0,0,0,0,0,0,0,0,0,0,0,0,2,0,0,5,0,0,0,0,0,0,0,0,0,0,0,0,0,0,0,0,0,0,0,0,60,0,0,0,0,0,0,0,0,0,6,0,0,0,0,3,0,0,0,0,0,0,0,0,0,0,0,0,0,0,0,0,0,0,0,0,0,48,0,0,16,0,0,0,0,0,0,0,0,0,0,0,0,0,0,0,0,2,0,0,0,8,0,0,0,0,0,0,0,0,2,0,0,0,0,0,0,0,156,0,0,0,0,0,0,0,0,0,0,0,0,0,0,0,0,0,0,0,0,0,0,0,0,0,0,0,0,0,0,0,0,0,0,0,0,0,7,0,0,96,0,0,0,0,0,0,0,0,1,0,0,0,0,0,0,0,0,0,0,0,0,0,0,0,240,0,0,0,0,0,0,0,0,0,0,0,0,0,0,0,0,0,0,0,0,0,0,0,0,0,0,0,0,0,0,0,0,0,0,0,0,0,0,0,0,0,0,0,0,0,0,0,4,0,0,0,1,0,0,0,0,0,0,0,0,0,0,0,0,0,0,0,0,0,0,0,2,0,0,0,0,0,3,0,3,0,0,0,0,0,0,0,0,0,0,0,0,0,0,0,0,0,42,0,0,0,0,0,0,0,0,0,2,0,0,0,0,6,0,0,0,0,0,0,0,0,0,0,0,4,0,0,2,0,0,0,0,0,0,0,0,7,0,0,0,2,0,0,0,0,0,0,0,0,0,0,0,0,0,0,23,0,0,0,0,0,0,0,0,0,0,0,0,0,0,0,0,0,0,0,0,0,0,0,0,0,0,0,0,0,0,0,0,0,0,0,0,0,0,0,11,0,0,0,0,0,0,0,0,0,0,0,0,0,0,0,2,2,0,0,0,0,0,0,0,0,0,0,0,0,0,0,0,0,0,0,0,0,0,0,0,0,0,0,0,0,1,0,0,0,0,0,0,0,0,0,3,0,0,0,0,0,0,0,0,0,0,0,0,0,0,0,1,0,0,0,0,0,0,0,0,0,0,0,0,0,0,0,0,0,0,0,0,0,0,0,0,0,0,0,0,0,0,0,0,717,0,0
"D141",0,0,0,0,0,2073,0,0,0,0,0,0,0,0,0,0,0,0,0,0,0,0,0,0,0,0,0,0,0,0,0,0,0,0,0,0,0,0,0,0,0,0,0,0,0,0,0,0,0,0,0,0,0,0,0,0,0,0,0,0,0,0,0,0,0,0,0,0,0,0,0,0,0,0,0,0,0,0,0,0,0,0,0,0,0,0,0,0,0,0,0,0,0,0,0,0,0,0,0,0,0,0,0,0,0,0,0,0,0,0,0,0,0,0,0,0,0,0,0,0,0,0,0,0,0,0,0,0,0,0,0,0,0,0,0,0,0,0,0,0,0,0,0,0,0,0,0,0,5,0,0,0,0,0,0,0,0,0,0,0,0,0,0,0,0,0,0,0,0,0,0,0,0,6,0,0,0,0,0,0,0,0,0,0,0,10,0,0,0,0,0,0,0,0,0,0,0,0,0,0,0,0,0,0,0,0,0,0,0,0,0,0,0,0,0,0,0,0,0,0,0,0,0,0,0,0,0,0,0,0,0,0,0,0,0,1,0,0,0,0,0,0,0,0,0,0,0,0,0,0,0,0,0,0,0,0,0,0,0,0,0,0,0,0,0,0,0,0,0,0,0,0,0,0,0,0,0,0,0,0,0,0,0,0,0,0,0,0,0,0,0,0,0,0,0,0,0,0,0,0,0,0,0,0,0,0,0,0,0,0,0,0,0,0,0,0,0,0,0,0,0,0,0,0,0,0,0,0,0,0,0,0,0,0,0,0,0,0,0,0,0,0,0,0,0,0,0,0,0,0,0,0,0,0,0,0,0,0,0,0,0,0,0,0,124,0,0,0,0,0,0,0,0,0,0,0,0,0,0,0,0,0,0,0,0,0,0,0,0,0,0,0,0,0,0,0,0,0,0,0,0,0,0,0,0,0,0,0,0,0,0,0,0,0,0,0,0,0,0,0,0,0,0,0,0,0,0,0,0,0,0,0,0,0,0,0,0,0,0,0,0,0,0,0,0,0,0,0,0,0,0,0,0,0,0,0,0,0,0,0,0,0,0,0,0,0,0,0,0,0,0,0,0,0,0,0,0,0,0,0,0,0,0,0,0,0,0,0,0,0,0,0,805,0,0,0,0,0,0,0,0,0,0,0,0,0,0,0,0,0,0,0,0,0,0,0,0,0,0,0,0,0,0,0,0,0,0,0,0,0,0,0,0,0,0,0,0,0,0,0,0,0,0,0,0,0,0,0,0,0,0,0,0,0,0,0,0,0,0,0,0,0,0,0,0,0,0,1177,0,0,0,0,0,0,0,0,0,0,0,0,0,0,0,0,0,0,0,0,0,0,0,0,0,0,0,0,0,0,0,0,0,0,0,0,0,0,0,0,4084,0,0,0,0,0,0,0,0,0,0,0,0,0,0,0,0,0,0,0,0,0,6,0,0,0,0,0,0,0,0,0,0,0,0,0,0,0,0,0,0,0,0,0,0,0,0,0,0,0,0,0,0,0,0,0,0,0,0,0,0,22,0,0,0,0,0,0,0,0,0,0,0,0,0,0,0,0,0,0,0,0,0,0,0,0,0,0,0,0,0,0,0,0,0,0,0,0,0,0,0,0,0,0,0,0,0,0,0,0,0,0,0,0,0,0,0,0,0,185,0,0,0,0,0,0,0,0,0,0,0,0,0,0,0,0,0,0,0,0,0,0,0,0,0,0,0,0,0,0,0,0,0,0,0,0,0,0,0,0,0,0,0,0,0,0,0,0,0,0,0,0,0,0,0,0,0,0,0,0,0,0,0,0,0,0,0,0,0,0,0,0,0,0,0,0,0,0,0,0,0,0,0,0,0,0,0,0,0,0,0,0,0,0,0,0,0,0,0,0,0,0,0,0,0,0,0,0
"D142",0,0,1,7,0,0,0,0,0,0,0,66,0,0,9,0,0,0,2,0,4,3,0,0,36,7,0,0,0,0,0,2,0,0,3,0,47,0,0,0,0,0,0,0,116,0,0,0,1,0,0,0,4,3,31,4,0,0,0,0,0,0,0,0,0,0,0,3,0,0,0,0,0,0,2,0,0,0,0,14,0,0,0,0,0,43,0,2,13,0,0,0,0,0,0,22,0,0,0,0,0,0,2,9,75,0,0,0,0,0,0,9,5,0,0,0,0,0,14,0,0,0,2,3,15,0,2,13,0,7,4,0,3,0,29,31,0,0,0,0,12,0,0,0,0,147,0,10,0,3,0,0,26,7,0,0,0,0,0,0,71,0,0,0,0,0,12,3,0,2,0,9,0,0,0,0,0,0,0,0,3,0,0,51,0,0,0,0,0,0,0,0,0,0,0,0,0,5,0,0,3,0,0,0,0,0,0,34,5,0,5,0,22,0,0,0,0,16,0,0,0,34,3,20,0,3,0,0,0,0,0,2,3,0,0,0,0,0,35,6,0,3,16,0,4,1,0,0,0,0,0,4,5,0,0,3,18,2,0,0,0,0,0,0,0,0,0,0,0,0,8,0,0,14,0,0,0,0,0,0,13,0,0,0,0,0,0,19,0,6,0,4,0,1,0,0,0,0,0,0,0,0,0,0,0,0,0,0,0,4,0,0,4,7,3,0,0,0,0,0,7,0,0,2,0,0,0,12,0,0,0,0,0,2,0,0,0,4,0,0,0,0,0,0,11,2,5,0,0,0,0,0,0,0,28,3,6,17,0,0,0,0,0,1,0,0,14,0,0,0,5,0,0,0,0,0,0,0,0,0,17,0,0,0,24,0,21,0,0,4,0,0,2,0,0,3,0,21,0,0,1,0,0,0,0,0,0,0,0,0,0,0,0,0,0,0,15,0,4,0,5,0,0,58,2,0,0,0,0,0,25,0,0,25,9,0,0,0,0,0,0,19,0,0,10,0,0,0,0,0,30,0,0,0,0,5,0,6,0,0,0,11,13,0,3,35,0,3,0,0,0,39,0,0,3,0,0,0,11,0,0,27,0,2,0,0,0,0,6,0,0,0,0,0,0,0,0,0,7,0,0,6,64,0,0,0,32,0,31,0,0,5,0,0,0,0,0,0,0,0,0,2,0,0,0,0,0,0,1,10,15,0,0,0,0,4,2,0,0,0,0,0,8,0,33,3,0,0,246,0,0,0,0,0,1,0,0,4,1,0,0,0,39,0,0,0,0,0,3,0,0,0,0,0,21,7,0,0,1,6,0,0,0,6,0,13,2,0,2,2,0,0,0,0,0,2,0,0,0,0,0,0,87,0,0,0,4,0,0,0,0,0,0,25,0,7,0,3,75,0,0,0,0,0,0,0,0,0,0,0,0,0,0,0,0,0,0,61,0,15,0,31,0,0,0,0,13,0,0,0,5,1,0,0,0,161,0,0,2,0,0,0,0,0,0,0,34,0,0,0,19,0,0,0,15,27,0,0,9,84,0,0,3,0,45,0,2,0,0,6,0,0,0,0,0,0,0,200,0,3,0,0,0,0,0,0,0,0,0,14,0,22,0,13,0,0,1,6,0,5,11,0,2,0,0,0,2,0,0,6,123,82,0,26,0,0,7,7,0,0,0,0,0,0,0,0,0,0,3,6,3,0,31,0,0,0,3,0,0,0,0,0,0,0,0,0,0,0,4,0,4,0,107,0,0,0,0,0,0,0,0,10,49,0,0,0,4,3,0,0,0,3,0,0,0,87,29,0,3,0,0,0,0,8,2,5,0,11,5,4,0,0,28,8,0,0,0,11,0,2,0,0,0,0,0,76,0,0,2,0,2,0,0,0,0,0
"D143",0,0,0,0,0,0,0,0,0,0,0,0,0,0,0,0,0,0,0,0,0,0,0,0,0,0,0,0,0,0,0,0,0,0,0,0,0,1411,0,0,0,0,0,0,0,0,0,0,0,0,0,0,0,0,0,0,0,0,0,0,0,0,0,0,0,0,0,0,0,0,0,0,0,0,0,0,0,0,0,0,0,0,0,0,0,0,0,0,0,0,0,0,0,0,0,0,0,0,0,0,0,0,0,0,0,0,0,0,0,0,0,0,0,0,0,0,0,0,0,0,0,0,0,0,0,0,0,0,0,0,0,0,0,0,0,0,0,0,0,0,0,342,0,0,0,0,0,0,0,0,0,0,0,0,0,0,0,3583,0,0,0,0,0,0,0,0,0,0,0,0,0,0,0,0,0,0,0,0,0,0,0,0,0,0,0,0,0,0,0,0,0,0,0,0,367,0,0,0,0,0,0,0,0,0,0,0,0,0,0,0,0,0,0,0,0,0,0,0,0,0,0,0,0,0,0,0,0,0,0,0,0,0,0,0,0,0,0,0,0,0,0,0,0,0,0,0,0,0,0,0,0,0,0,0,0,0,0,0,0,0,0,0,0,0,0,0,0,0,0,0,0,0,0,0,0,0,0,0,0,0,0,0,0,0,0,0,0,0,0,0,0,0,0,0,0,0,0,0,0,0,0,0,0,2762,476,0,0,0,0,0,0,0,0,0,0,0,0,0,0,0,0,0,0,0,0,0,0,0,0,0,0,0,0,0,0,0,0,0,0,0,0,0,0,0,0,0,0,0,0,0,0,0,0,0,0,0,0,0,0,0,0,0,0,0,1273,167,0,70,0,0,0,0,0,0,0,0,0,0,0,0,0,0,0,0,0,0,0,0,0,0,0,0,0,0,0,0,0,0,0,0,0,0,0,0,0,0,0,0,0,0,0,0,0,0,0,0,0,0,0,0,0,0,0,0,0,0,0,0,0,0,0,0,0,0,0,0,0,0,0,812,0,0,0,0,0,0,0,0,0,0,0,0,0,0,0,0,0,0,0,0,0,0,0,0,0,0,0,0,0,0,0,0,0,0,0,0,0,0,0,0,0,0,0,0,0,0,0,0,0,0,0,0,0,0,0,0,228,0,0,0,0,0,0,0,0,0,0,0,0,0,0,0,0,0,0,0,0,0,0,0,0,0,0,0,0,0,0,0,0,0,0,0,0,0,0,0,0,0,0,0,0,0,0,0,0,0,0,0,0,0,0,0,0,0,0,0,0,0,0,0,0,0,0,0,0,0,0,0,0,2442,0,0,0,0,0,0,0,0,0,0,0,0,0,0,0,0,0,0,0,0,0,0,0,0,0,0,0,0,0,0,0,0,0,0,0,0,0,0,0,0,0,0,0,0,0,0,0,0,0,0,0,0,0,0,0,0,0,0,0,0,0,0,0,0,0,0,0,0,0,0,0,0,0,0,0,0,0,0,0,0,0,0,0,0,0,0,0,0,0,0,0,0,0,0,0,0,0,0,0,0,0,6327,0,0,0,0,0,0,0,0,0,0,0,0,0,0,0,0,0,0,0,0,0,489,0,0,0,0,0,0,0,0,0,0,0,0,0,0,0,0,0,0,0,0,0,0,0,0,0,0,0,0,0,0,0,0,0,0,0,0,0,0,0,0,0,0,0,0,0,0,0,0,0,0,0,0,0,0,0,0,0,0,0,0,0,0,0,0,0,0,0,0,0,0,0,0,0,0,0,0,0,0,0,1442,0,0,0,0,0,0,0,0,0,0,0,0,0,0,0,0,0,0,0,0,0,0,0,0,0,0,0,0,0,0,0,0,0,0,0,0,0,0,0,0,1,0,0,0,0,0,0,0,0,0,0,0,0,0,0,0,0,0,0,0,0,0
"D144",0,0,0,0,0,0,0,0,0,0,0,0,0,0,0,0,0,0,0,0,0,0,0,0,0,0,0,0,0,0,0,0,0,0,0,0,0,0,49,0,0,0,0,0,0,0,0,0,0,0,0,0,0,0,0,0,0,0,62,0,0,0,0,0,0,0,0,0,0,0,0,0,288,0,0,0,0,0,0,0,0,0,53,0,0,2,0,0,0,0,0,0,0,0,0,0,3,18,210,0,0,0,0,0,0,0,0,188,0,0,0,0,0,0,601,0,0,307,0,0,0,77,0,0,0,0,0,0,0,0,0,182,0,0,0,0,0,0,1272,13,0,0,0,0,0,0,0,0,0,0,0,0,0,0,0,0,0,0,0,0,0,0,0,0,0,0,0,0,0,0,0,600,0,0,0,0,0,0,0,0,0,0,0,0,0,0,0,0,0,2690,0,0,0,0,0,0,0,0,0,0,12,0,0,0,0,0,46,1,0,0,0,0,0,11,0,0,0,4,3,0,0,0,0,0,0,0,0,0,0,0,0,0,0,0,0,0,0,0,0,0,0,0,0,0,0,0,80,0,0,0,0,0,0,0,99,0,0,0,0,0,0,0,0,1739,0,0,0,0,0,0,0,0,0,0,0,0,20,0,0,0,0,0,293,0,0,0,0,0,0,0,0,0,0,0,0,0,0,0,0,0,0,0,0,0,0,0,0,0,0,0,26,0,0,0,0,0,0,0,0,0,0,307,0,0,0,0,0,0,64,0,2,0,0,0,0,0,0,0,0,0,0,71,0,0,0,0,0,0,0,3,0,0,0,0,0,153,0,0,0,0,0,0,0,0,0,0,0,0,0,0,0,0,0,99,0,0,0,0,0,0,0,0,0,0,0,5,0,0,0,0,0,0,0,0,0,0,0,0,0,0,0,0,0,0,0,0,0,0,0,0,0,0,0,3,0,0,0,0,13,0,0,0,0,0,0,0,0,0,0,0,0,0,0,0,0,0,0,0,0,0,0,0,0,0,0,0,0,0,0,0,2,0,0,0,0,0,0,0,0,0,0,0,0,0,0,0,0,0,0,0,0,0,501,0,0,0,0,0,0,0,0,0,0,0,0,0,0,57,0,0,0,0,0,64,603,0,0,0,0,0,0,0,0,54,0,0,0,0,0,0,8,0,0,0,2959,0,0,0,0,0,0,0,0,0,0,0,0,0,0,0,0,0,0,0,0,0,0,0,0,0,0,0,0,0,0,0,0,0,0,0,0,0,0,0,0,4303,0,137,0,292,0,0,0,0,0,83,0,0,0,0,0,0,0,0,0,0,0,85,0,0,0,0,0,0,0,0,0,18,0,0,0,0,0,0,0,0,1109,0,0,0,1846,0,0,0,0,0,0,0,0,0,0,0,0,0,468,0,0,0,0,0,0,0,115,0,0,0,0,66,0,0,0,0,0,0,337,0,0,0,0,0,0,0,0,0,475,0,0,0,0,0,0,0,0,0,0,0,0,0,0,156,0,0,0,0,0,605,0,896,50,0,0,0,0,0,0,0,0,0,0,0,201,0,0,0,0,168,0,0,0,0,61,0,263,0,0,0,86,0,0,0,0,0,0,0,0,0,0,0,9,0,0,0,0,388,0,0,0,0,0,0,0,0,0,0,0,0,0,0,0,0,0,0,0,0,0,135,0,0,0,0,0,0,0,0,0,0,0,923,0,0,0,0,0,0,0,0,0,3053,0,0,0,0,0,0,0,0,0,1242,0,0,0,0,0,0,0,0,0,0,0,0,193,0,0,0,0,0,0,0,0,0,0,0,0,0,0,0,0,0,0,0,0,0,0,0,0,0,0,0,0,0,0,0,9,0,0,1787,0,40,0,0,0,41,0,0,0,0,4,0,5,0,0,0,0,0,0,0
"D145",0,0,0,0,0,9,0,0,0,130,0,0,24,0,0,0,0,0,0,0,0,0,0,0,0,0,0,0,0,76,9,0,0,0,0,0,0,4,20,0,0,0,0,0,0,0,7,0,0,0,0,0,0,0,0,0,0,0,0,0,0,0,0,0,0,0,760,0,0,0,0,10,0,0,0,0,0,0,0,0,0,0,0,0,0,0,99,0,0,0,0,0,0,0,95,0,0,0,0,0,0,0,0,10,0,0,0,0,0,0,0,0,0,0,0,0,0,0,0,0,0,0,0,0,0,0,0,0,0,0,0,2,0,0,0,0,0,0,0,0,0,122,0,0,0,0,0,0,1716,0,465,0,0,0,0,0,0,166,0,0,0,0,0,0,0,0,0,0,0,0,0,0,0,20,0,0,0,0,16,0,0,0,0,0,0,153,0,0,0,9,0,0,0,99,6,0,0,0,0,29,0,10,0,0,0,8,0,0,0,0,0,0,0,0,0,0,376,0,0,0,0,0,0,0,0,0,0,0,0,0,6,0,0,0,0,0,0,0,0,0,0,0,0,0,0,0,0,0,0,0,5,0,0,4,0,0,0,39,0,0,0,0,0,0,0,0,2,0,0,0,0,0,0,0,0,0,0,0,0,0,0,0,0,0,0,0,0,0,0,0,0,0,0,0,0,0,0,0,0,0,0,0,0,165,50,0,0,0,0,0,0,0,0,4,349,0,0,0,0,0,0,0,0,0,0,0,0,0,0,0,0,0,674,0,0,0,0,0,0,0,0,0,0,27,0,0,0,0,0,0,0,0,0,0,0,0,0,0,0,0,0,0,11,0,623,0,0,135,0,0,0,0,0,0,0,0,0,0,0,0,0,0,0,0,0,0,0,0,0,0,0,0,0,0,0,0,0,0,36,0,0,0,0,6,0,0,0,0,0,0,0,0,0,0,0,0,0,0,5,0,0,0,0,0,0,0,0,0,10,0,0,0,0,0,0,0,0,0,0,20,0,0,0,0,0,146,0,0,0,0,0,0,0,0,0,0,0,0,0,0,0,0,0,0,0,0,105,0,0,0,0,0,0,0,0,0,0,0,0,0,0,0,0,0,0,0,0,0,0,0,0,0,0,0,0,0,35,0,0,0,0,0,0,0,0,0,0,0,0,0,0,0,0,0,0,0,22,0,0,0,0,0,0,0,0,0,0,0,0,0,0,397,181,0,0,0,0,0,2,66,0,0,0,0,0,0,0,0,0,27,0,0,0,0,0,0,0,0,0,0,0,0,0,0,0,0,0,34,0,17,0,0,0,0,0,0,6,0,0,0,0,0,0,0,0,0,0,0,0,0,0,0,0,0,0,0,0,0,0,0,0,0,0,0,0,0,0,0,0,0,11,0,0,0,17,0,0,0,0,0,0,0,0,0,0,0,0,0,0,25,556,0,0,0,0,0,0,0,0,0,0,0,71,0,0,0,0,207,0,0,0,0,0,0,0,0,0,0,0,0,0,0,0,0,0,0,0,0,0,18,0,17,0,24,0,0,0,0,0,0,0,0,0,0,0,0,0,0,18,0,0,0,0,0,6,0,0,0,0,0,0,0,56,0,0,0,0,0,0,0,0,0,0,0,0,0,0,0,0,0,0,0,0,7,0,0,0,861,34,0,0,0,0,0,0,0,0,0,0,0,0,0,0,0,0,0,0,0,0,0,0,0,0,0,7,0,0,0,0,0,0,0,0,7,0,0,0,0,0,0,0,0,0,9,0,0,0,0,0,0,0,0,0,499,0,0,0,0,0,0,0,0,0,0,0,0,0,0,0,0,0,0,0,0,0,0,0,0,0,0,0,0,0,0,15,0,0,0,0,0,0,0,0,0,0,0,0,0,0,0,0,0,0,81,0,0
"D146",0,0,0,0,0,0,0,0,0,0,0,0,0,0,15,0,0,0,0,16,0,2,0,0,6,0,0,0,0,0,0,0,0,0,0,0,0,0,95,0,0,0,0,3,0,0,0,1810,0,0,0,0,0,0,2,0,0,0,2,0,0,4,0,0,0,0,0,22,0,12,0,0,183,0,3,0,0,0,0,0,0,0,97,0,0,2,0,0,0,0,0,0,0,0,0,0,2,120,9,0,0,0,2,0,4,0,0,1605,0,0,0,0,0,0,1148,51,43,109,0,0,0,17,3,8,0,0,16,11,0,0,0,2,5,15,0,4,0,0,2291,5,0,0,0,0,0,0,0,0,0,0,0,0,0,2,0,0,0,0,5,0,0,0,0,0,0,2,0,0,0,0,0,2055,0,0,0,0,0,0,0,0,0,1,0,0,0,0,2,0,0,9,0,0,1,0,0,9,2,0,0,0,0,0,0,0,0,0,0,0,0,0,0,0,0,259,0,0,143,8,39,0,0,0,0,0,0,0,0,0,0,0,0,0,0,0,0,0,0,27,0,10,0,3,0,0,0,0,0,11,7,498,1,0,0,35,0,0,0,0,0,0,0,0,0,497,288,0,0,0,0,0,0,0,0,2,0,0,0,0,0,0,0,0,0,0,0,0,0,0,0,0,0,0,0,0,5,0,0,0,0,0,0,0,0,0,0,0,0,0,14,2,148,0,0,0,0,0,0,0,0,0,0,162,0,0,7,0,0,0,0,0,6,0,0,2,0,0,0,0,0,0,0,45,11,0,0,0,0,0,3,46,15,0,0,0,2,10,0,0,0,0,0,0,0,0,0,0,0,0,0,5,0,2,14,0,0,6,0,0,0,0,0,0,0,0,0,0,0,0,0,0,0,0,0,0,0,0,25,7,0,2,0,0,0,0,0,0,1,0,0,0,0,13,16,10,0,2,0,0,0,0,0,0,0,2,0,2,0,0,0,4,0,0,0,0,0,0,0,0,0,0,0,0,0,0,2,0,3,0,0,0,0,0,0,0,0,0,0,0,0,0,0,0,2,11,0,0,23,0,0,0,0,0,1289,222,0,0,0,0,0,0,0,0,0,9,0,0,0,6,0,0,0,0,0,2,6,0,0,0,0,0,0,0,0,57,0,27,0,0,0,0,0,0,0,0,20,0,0,0,0,0,0,0,0,0,8,2,0,0,0,3,0,0,0,0,14,0,0,5,179,213,0,0,6,4,0,0,0,0,3,0,0,0,0,2,0,2498,0,0,2,0,27,2,0,0,5,3,0,0,0,0,0,0,0,0,0,0,0,4511,2,0,2,0,0,0,0,0,0,3,0,0,0,0,0,0,0,7,4106,0,0,0,1403,0,2,0,0,2,0,0,0,0,0,0,0,0,1332,0,0,0,0,198,0,0,7,0,0,0,7,63,0,0,0,43,0,0,25,3,0,0,0,0,0,0,0,2,78,0,0,2,0,0,0,0,5,0,0,0,0,0,3,1721,0,0,0,0,0,5121,0,4364,0,0,0,0,0,0,0,3,11,0,0,0,0,0,0,4,0,3,0,16,0,6,10,0,185,0,0,0,6,5,0,0,0,0,0,0,0,0,0,0,4,0,0,0,0,6,0,0,0,0,0,0,0,0,0,0,25,0,0,0,0,0,1,0,0,0,0,5,3,0,0,0,0,0,0,0,0,0,0,12,0,0,0,0,0,0,0,0,5,2331,0,0,0,0,0,1232,0,0,0,27,0,0,0,0,0,0,6,0,0,0,0,0,22,0,9,0,0,3,3,0,0,0,0,0,0,8,0,0,0,0,8,0,0,7,0,0,0,0,2,0,2,4,0,0,4,2,0,687,0,14,0,0,0,75,0,5,0,2,0,0,0,5,2,2,0,0,0,0
"D147",0,0,0,0,0,0,0,0,0,0,0,0,0,0,0,0,0,10,0,0,19,0,0,0,0,0,0,0,1,2,0,0,0,0,0,0,0,0,0,0,0,0,0,0,0,0,0,0,0,0,0,5,0,0,0,0,0,0,0,0,0,0,0,0,2,0,0,0,0,0,0,0,0,0,0,0,0,0,0,0,0,0,0,0,0,2,0,0,115,0,0,0,0,0,0,0,0,0,0,0,0,2,0,0,0,0,0,0,0,0,0,0,0,0,0,0,0,0,0,0,0,130,0,0,0,0,2,0,0,0,0,0,0,0,0,0,0,0,0,3,0,0,0,0,0,0,0,0,0,0,0,0,0,0,0,0,0,0,0,0,0,0,0,0,0,0,0,0,0,0,0,39,0,0,0,0,0,0,0,0,0,0,0,0,0,0,0,0,0,0,0,0,0,0,0,30,0,0,0,0,0,0,0,0,315,0,0,0,0,0,0,0,0,0,0,0,37,0,3,0,0,0,0,0,0,0,0,0,0,0,0,0,0,0,0,0,0,0,0,0,0,0,0,0,0,0,0,0,0,0,0,0,0,0,0,0,0,0,0,0,0,0,0,0,0,0,0,0,0,0,0,0,0,62,0,0,0,0,0,0,0,0,0,0,0,0,0,0,0,0,0,0,0,0,0,0,0,0,0,0,0,0,0,0,0,0,0,0,0,0,0,0,0,1,0,0,0,0,0,0,0,0,0,0,0,0,0,0,0,0,0,0,0,0,0,0,0,0,0,0,0,0,0,5,0,0,0,0,0,0,0,0,0,0,0,0,0,0,0,0,0,0,0,0,0,0,0,0,0,0,0,0,0,0,22,0,0,0,0,0,0,0,0,0,0,0,0,0,0,0,0,0,0,0,0,0,0,0,0,0,0,0,0,0,0,6,34,0,0,0,0,0,0,0,0,0,0,32,0,0,0,0,0,0,0,0,0,0,0,3,0,0,0,0,0,0,0,0,0,0,0,0,0,0,0,0,24,0,0,0,0,0,0,0,0,0,0,0,0,0,0,0,0,75,0,0,0,0,0,0,0,0,0,0,0,0,0,0,0,0,0,0,0,0,0,0,0,0,0,0,8,0,0,0,0,0,0,0,0,0,0,0,0,0,0,8,0,0,0,0,0,0,0,0,0,0,0,0,0,0,0,0,0,0,0,0,0,0,0,0,0,0,0,0,0,0,0,0,0,144,0,0,0,0,0,0,0,0,0,0,0,0,0,0,0,0,0,441,0,0,0,0,0,0,0,0,0,0,0,0,0,0,0,0,0,0,0,1856,0,0,0,0,0,0,0,0,0,0,0,0,0,0,0,6,0,0,0,0,0,0,0,0,0,0,0,0,0,0,0,0,0,0,0,0,0,0,0,0,0,0,0,0,4,0,0,0,0,0,0,0,0,0,0,0,0,0,0,0,0,0,0,0,0,0,0,0,0,0,0,0,0,0,0,0,0,0,0,0,0,0,0,0,0,0,0,0,0,1363,0,0,0,0,0,2,0,0,0,61,0,0,0,0,0,0,0,0,0,0,0,139,0,0,0,0,0,0,0,0,0,0,0,0,0,0,0,0,0,0,0,0,0,0,0,0,0,0,0,0,6,0,0,0,0,0,0,0,0,0,0,0,0,0,0,0,0,0,2,0,0,0,0,0,0,0,0,0,0,0,0,0,0,0,0,0,0,0,28,0,0,0,0,0,2,151,0,0,0,0,0,0,0,0,0,0,0,0,0,0,0,0,0,0,0,0,0,0,0,703,0,0,0,0,0,0,0,0,0,0,1,0,0,0,0,0,0,0,0,0,0,0,0,0,0,0,0,0,0,0,0,0,0,0,0,5,13,0,0,0,0,0,0,0,0,0,0,0
"D148",0,0,0,0,0,0,0,0,0,0,0,0,0,0,0,0,0,0,0,0,0,0,0,0,0,0,0,0,0,0,0,0,0,0,0,0,0,0,0,0,0,0,0,0,0,0,0,57,0,0,0,0,0,0,0,0,0,0,0,0,0,0,0,0,76,0,0,0,0,0,0,0,0,0,0,0,0,0,0,0,0,0,0,0,0,0,0,0,0,0,0,0,0,0,0,0,0,0,0,0,0,0,0,0,0,0,0,16,0,0,0,0,0,0,217,0,0,0,0,0,0,0,0,0,0,0,15,0,0,0,0,0,0,0,0,0,0,0,0,5,0,0,0,0,0,0,0,0,0,0,0,0,0,0,0,0,0,0,0,0,0,0,0,0,0,0,0,0,0,0,0,0,0,0,0,0,0,0,0,0,0,0,0,0,0,0,0,0,0,0,0,0,0,0,0,0,0,0,0,0,0,0,0,0,0,0,0,0,0,0,0,0,0,0,0,0,1,0,0,0,0,0,0,0,0,0,0,0,0,0,0,0,0,0,0,0,0,0,0,0,0,0,0,0,0,0,0,0,0,0,0,0,0,0,0,0,0,0,0,0,0,0,0,337,0,0,0,0,0,0,0,0,0,0,0,0,0,0,0,0,0,0,0,0,0,0,0,0,0,0,0,0,0,0,0,0,0,0,0,0,0,0,0,0,0,0,0,0,0,0,0,0,0,0,0,0,0,0,0,0,0,0,0,0,0,0,0,0,0,0,0,0,0,0,0,0,0,0,0,0,0,0,0,0,0,0,0,0,0,0,0,0,0,0,0,0,0,0,0,0,0,2,0,0,0,0,0,0,0,0,0,0,0,0,0,0,0,0,0,0,0,0,0,0,0,0,0,0,0,0,0,0,0,0,0,0,1,0,0,0,0,0,0,0,0,9,0,0,0,83,0,0,0,0,0,0,0,0,0,0,0,0,0,0,0,0,0,0,0,0,0,0,0,0,0,0,0,0,0,0,0,0,0,0,0,0,0,0,0,0,0,0,0,0,0,0,0,0,0,0,0,0,0,0,0,0,1,0,0,0,0,0,0,0,0,0,1,0,0,0,0,0,0,0,0,0,0,0,0,0,0,0,0,0,0,0,0,0,0,0,0,0,0,0,0,86,0,0,0,0,0,0,0,0,0,0,0,0,0,0,0,0,0,0,0,0,0,0,0,0,0,0,0,0,0,0,0,0,0,51,0,0,0,0,0,0,0,0,0,0,0,0,0,0,0,100,155,300,0,0,0,0,0,0,0,0,0,0,0,0,0,0,0,0,0,0,0,279,0,0,0,0,0,0,0,0,0,11,0,0,0,0,0,0,0,0,0,0,0,0,0,0,0,0,0,0,0,0,0,0,0,0,0,0,0,0,0,0,0,0,0,0,0,0,0,0,0,0,0,0,24,0,0,0,0,0,0,0,0,0,0,0,0,0,0,0,0,2,0,0,0,0,0,0,0,0,0,0,0,0,0,0,0,0,0,0,0,1104,0,0,0,0,0,0,0,0,0,0,0,0,0,0,0,0,0,0,0,0,0,30,3,0,0,0,0,0,0,0,0,0,0,0,0,0,0,0,0,0,0,0,0,0,0,0,0,0,0,0,0,0,0,0,0,0,0,0,0,0,0,0,0,0,0,0,0,0,0,0,0,0,0,0,0,0,0,0,0,0,0,0,0,0,0,0,0,0,0,0,0,0,0,0,0,135,0,0,0,0,0,0,0,0,0,0,0,0,0,0,0,0,0,0,0,0,4,0,0,0,0,0,0,0,0,0,0,0,0,0,59,0,0,0,0,0,0,0,0,0,0,0,0,0,0,0,0,0,0,0,0,0,0,0,0,0,0,0,0,0,0,0,0,0,0,0,0,0
"D149",0,0,0,0,0,0,0,0,0,0,0,0,0,0,0,0,0,0,0,0,0,0,0,0,0,0,0,0,0,0,0,0,0,0,0,0,0,0,0,0,0,0,0,0,0,0,0,0,0,0,0,0,0,0,0,0,0,4,0,0,0,0,0,0,0,0,0,0,0,0,0,0,0,0,0,0,0,0,0,0,0,0,0,0,0,0,0,0,0,0,0,0,0,0,0,0,0,0,0,0,0,0,0,0,0,0,0,0,0,0,0,0,0,0,0,0,0,0,0,0,0,0,0,0,0,0,0,0,0,0,0,0,0,0,0,0,0,0,0,0,0,0,0,0,0,0,0,0,0,0,0,0,0,0,0,0,0,0,0,0,0,0,0,0,0,0,0,0,0,0,0,0,0,0,0,0,0,0,0,0,0,0,0,0,0,0,0,0,0,0,0,0,0,0,0,0,0,0,0,0,0,0,0,0,0,0,0,0,0,0,0,0,0,0,0,0,0,0,0,0,0,0,0,0,0,0,0,0,0,0,0,0,0,0,0,0,0,0,0,0,0,0,0,0,0,0,0,0,0,0,0,0,0,0,0,0,0,0,0,0,0,0,0,0,0,0,0,0,0,0,0,0,0,0,0,0,0,0,0,0,0,0,0,0,0,0,0,0,0,0,0,0,0,0,0,0,0,0,0,0,0,0,0,0,0,0,0,0,0,0,0,0,0,0,0,0,0,0,0,0,0,0,0,0,0,0,0,0,0,0,0,0,0,0,0,0,0,0,0,0,4,0,0,0,0,0,0,0,0,0,0,0,0,0,0,0,0,0,0,0,0,0,0,0,0,0,0,0,0,13,0,0,0,0,0,0,0,0,0,0,0,0,0,0,0,0,0,0,0,0,0,0,0,0,0,0,0,0,0,0,0,0,0,0,0,0,0,0,0,0,0,0,0,0,0,0,0,0,0,0,0,0,0,0,0,0,0,0,0,0,0,0,0,0,0,0,0,0,0,0,0,0,0,0,0,0,0,0,0,0,0,0,0,0,0,0,0,0,0,398,0,0,0,0,0,0,0,0,0,0,0,0,0,0,0,0,0,0,0,0,0,0,0,0,0,0,0,0,0,0,0,0,0,0,0,0,0,0,0,0,0,0,0,0,0,0,0,0,0,0,0,0,0,0,0,0,0,0,0,0,0,0,0,0,0,0,0,0,0,0,0,0,0,0,0,0,0,0,0,0,0,0,0,0,0,0,0,0,0,0,0,0,0,0,0,0,0,0,0,0,0,0,0,0,0,0,0,0,0,0,0,0,0,0,0,0,0,0,0,0,0,0,0,0,0,0,0,0,0,0,3,0,0,0,0,0,0,0,0,0,0,0,0,0,0,0,0,0,0,0,0,0,0,0,0,0,0,0,0,0,0,0,0,0,0,0,0,0,0,0,0,0,0,0,0,0,0,0,0,0,0,0,0,0,0,0,0,0,0,0,0,0,0,0,0,0,0,0,0,0,0,0,0,0,2,0,0,0,0,0,0,0,0,0,0,0,0,0,0,0,0,0,0,0,0,0,0,0,0,0,0,0,0,0,0,0,0,0,2,0,0,0,0,0,0,0,0,0,0,0,0,0,0,0,0,0,0,0,0,0,0,0,0,0,0,0,0,0,0,0,0,0,0,0,0,0,0,0,0,0,0,0,0,0,0,0,0,0,0,0,0,0,0,0,0,0,0,0,0,0,0,2,0,0,0,0,0,0,0,0,0,0,0,0,0,0,0,0,0,0,0,0,0,0,0,0,0,0,0,0,0,0,0,0,0,0,0,6,0,0,0,0,0,0,0,0,0,0,0,0,0,0,0,0,0,0,0,0,0,0,0,0,0,0,0,0,0,0,0,0,0,0,0,0,0,0
"D150",14,0,6,9,0,81,0,0,0,0,2,0,396,0,0,0,0,0,0,0,0,0,0,0,0,0,0,2,0,347,1,0,0,0,0,0,0,55,0,0,4,0,0,0,0,0,1,0,3,0,0,68,0,0,0,0,0,0,0,0,0,0,0,0,0,0,0,0,0,0,0,0,0,0,0,0,0,7,0,0,0,0,0,0,0,0,193,0,0,0,0,0,0,0,740,0,0,0,0,0,0,0,0,0,0,7,4,0,62,0,4,0,0,0,0,6,0,0,0,0,0,0,0,0,0,0,0,0,0,0,0,0,0,0,0,0,0,0,0,0,0,164,4,0,0,0,0,0,16,0,88,0,0,0,4,0,4,58,0,0,0,0,0,0,0,0,0,0,0,0,0,0,0,0,0,0,0,0,42,1,0,0,0,0,0,0,0,0,0,0,0,8,0,11,15,0,0,7,3,0,0,0,4,3,0,0,0,0,0,0,0,0,0,0,0,0,1023,0,0,0,0,0,0,0,0,0,2,0,0,0,70,0,0,0,0,82,1,31,0,0,0,0,0,0,0,0,0,0,0,0,0,0,0,0,0,0,0,0,0,0,0,0,25,0,0,0,0,11,0,0,0,0,0,0,0,0,0,0,0,0,0,0,0,0,0,0,0,0,0,0,0,0,0,0,0,0,3,0,0,0,0,0,0,36,20,0,0,0,0,0,0,0,0,0,0,0,0,0,0,0,0,0,0,0,0,0,0,0,0,0,0,0,8,0,0,0,0,3,0,6,0,0,0,136,0,2,0,0,0,0,0,0,0,0,0,0,0,0,3,0,1,0,0,0,1015,5,0,1111,0,0,0,0,0,0,0,0,0,0,0,0,0,2,0,328,0,0,0,0,125,0,0,0,0,2,0,0,0,14,110,6,0,0,0,1,0,0,0,0,6,0,0,0,0,0,0,0,0,1,0,0,0,0,0,0,0,6,0,0,1203,0,0,0,0,0,0,0,0,0,0,0,0,0,2,0,0,18,0,0,0,0,0,0,0,0,0,0,0,0,7,0,0,0,0,0,4,0,0,0,0,0,0,0,0,2,0,0,0,0,0,0,5,0,0,1,4,0,0,0,0,0,2,3,31,0,0,0,14,0,0,0,0,0,0,0,3,0,0,0,0,5,0,0,0,0,0,2,1111,0,0,0,2,0,0,0,0,0,0,0,0,0,0,39,530,0,0,0,0,0,0,473,0,0,0,0,0,0,0,0,0,34,0,1,0,0,0,0,0,0,0,0,5,0,0,0,0,0,0,0,0,63,0,0,0,0,0,0,239,0,0,0,0,0,0,0,0,0,0,0,0,0,0,0,4,0,0,0,0,0,0,0,0,0,0,0,1,0,0,0,0,7,1,0,0,0,0,0,0,0,0,0,0,0,0,0,0,0,0,0,2,0,55,0,0,0,0,0,0,0,0,0,13,0,113,0,0,18,0,25,33,0,0,0,0,0,0,0,0,2,0,0,0,0,0,1,0,0,0,1,0,80,0,62,0,119,0,0,7,0,6,0,0,0,0,0,0,0,0,0,48,0,0,0,0,13,0,0,0,4,0,0,0,0,0,0,0,0,0,0,0,0,0,0,0,0,0,0,0,0,17,0,0,0,1,0,0,10,0,148,0,0,0,0,0,0,0,0,0,0,0,0,0,0,0,0,4,3,0,0,0,0,0,0,0,0,0,0,0,0,0,0,0,0,0,0,3,0,0,0,0,1,0,0,0,10,0,0,0,0,0,0,0,0,0,408,57,0,0,0,0,0,0,0,0,0,0,0,0,1,0,0,0,0,4,0,0,0,0,0,0,0,0,0,0,0,20,0,0,0,0,0,0,0,0,0,0,0,1,0,0,0,0,0,0,0,0,0
"D151",0,0,0,0,0,0,0,0,0,0,0,0,0,0,0,0,0,2,0,0,115,0,0,0,0,0,0,0,13,0,0,0,0,0,0,0,0,0,0,0,0,0,0,0,0,0,17,0,0,0,0,0,0,0,0,0,0,0,0,0,0,0,0,0,26,0,0,0,2,0,0,0,0,0,0,0,0,0,0,0,0,0,0,0,0,0,2,0,431,0,0,0,0,0,0,0,0,0,0,0,0,18,0,0,0,0,0,0,0,0,0,0,0,0,214,0,0,0,0,0,0,6,0,0,0,0,50,0,0,0,0,0,0,0,0,0,0,0,0,8,0,0,0,0,0,0,0,0,0,0,0,0,0,0,0,0,0,0,0,0,0,0,0,0,0,0,0,0,0,0,0,340,0,0,0,0,0,0,0,0,0,67,0,0,0,0,0,0,0,0,0,0,1,0,0,41,0,0,0,0,0,0,0,0,1526,0,0,2,0,0,0,0,0,0,0,0,0,0,7,0,0,0,0,0,0,0,0,0,0,0,0,0,0,0,0,0,0,0,0,0,0,0,0,0,0,0,0,0,0,0,0,0,0,0,0,0,0,0,0,0,0,0,5,0,3,0,0,0,0,0,0,0,0,764,0,0,0,0,0,0,0,0,0,0,0,0,0,0,0,0,0,0,0,0,0,0,0,0,0,0,0,0,0,0,0,0,0,0,0,0,0,0,0,2,0,0,0,0,0,0,0,0,0,0,0,0,0,0,0,0,0,0,0,0,0,0,0,0,0,0,0,0,0,0,0,0,0,0,0,0,0,0,0,0,0,0,0,0,0,0,0,0,0,0,0,0,0,0,0,0,0,0,0,0,62,0,0,0,0,0,0,0,0,0,0,0,0,0,0,0,0,0,0,0,0,0,0,0,0,0,0,0,0,0,0,1,197,0,0,29,0,0,1,0,0,0,0,0,0,0,0,0,0,0,0,0,0,0,0,116,0,0,0,0,0,0,0,0,0,0,0,0,0,0,0,0,75,0,0,0,0,0,0,0,0,0,0,0,0,0,0,0,0,47,0,0,1,0,0,0,0,0,0,0,0,0,0,0,0,0,0,0,0,0,0,0,0,0,0,0,17,0,0,0,0,0,0,0,0,0,0,0,0,0,0,38,0,0,0,0,0,0,0,0,0,0,0,0,0,0,0,0,0,0,0,0,0,0,0,0,0,0,0,0,0,0,0,0,0,0,0,0,0,0,0,0,0,0,0,0,0,0,0,0,0,53,0,1098,0,0,0,0,0,0,3,0,0,0,0,0,0,0,0,0,0,0,0,1798,0,0,0,0,0,0,0,0,0,0,0,0,0,0,0,55,0,0,0,0,0,0,0,0,0,0,0,0,0,0,0,0,0,0,0,0,0,0,0,0,0,6,0,0,17,0,0,0,0,0,0,0,0,0,0,0,0,0,0,0,0,0,0,0,0,0,0,0,0,0,0,0,0,0,0,0,0,0,0,0,0,0,0,0,0,0,0,0,0,160,0,0,0,0,0,0,0,0,0,112,0,0,0,0,0,0,0,0,0,0,0,2,0,0,0,0,0,0,0,0,0,0,0,0,0,0,0,0,0,0,0,0,0,0,0,0,0,0,0,0,0,0,0,0,0,0,0,0,0,0,0,0,0,0,0,0,0,0,0,0,0,0,0,0,0,0,0,0,0,0,0,0,0,0,0,0,0,0,7,0,0,0,0,0,18,0,0,0,0,0,0,0,0,0,0,0,0,0,0,0,0,0,0,0,0,0,0,0,0,2070,0,0,0,0,0,0,0,0,0,0,0,0,0,0,0,0,0,0,0,0,1,0,0,0,0,0,0,0,0,0,0,0,0,0,0,47,66,0,0,0,0,0,0,0,0,0,0,0
"D152",0,0,0,0,18,0,0,0,0,0,268,45,0,0,2,0,0,0,15,0,0,0,0,0,296,0,0,0,0,0,0,0,0,2,0,0,0,0,0,0,0,2,0,30,381,0,0,0,0,6,23,0,0,9,141,0,0,0,217,4,0,2,105,0,0,0,0,49,48,0,0,0,0,0,6,16,0,0,0,23,20,0,0,0,0,3,0,0,0,0,0,0,0,37,0,6,0,0,0,16,5,0,4,8,63,0,0,0,0,0,0,147,20,64,0,0,0,2,0,0,0,0,0,2,0,0,0,0,0,23,22,0,0,0,0,0,14,0,0,0,9,0,0,0,0,0,3,13,0,0,0,5,17,0,0,0,0,0,9,0,21,5,0,2,0,0,0,0,0,0,0,4,0,0,0,0,8,0,0,0,0,2,2,33,0,0,4,0,9,0,0,0,0,0,0,0,0,0,0,0,3,0,0,0,0,0,2,0,0,0,31,0,16,0,5,0,0,0,0,0,0,65,0,8,0,0,0,0,0,0,139,8,2,0,26,0,0,0,3,0,0,0,0,0,2,0,0,0,2,0,0,0,9,0,0,5,1,57,2,14,0,6,0,0,0,0,0,0,10,11,154,0,0,0,19,2,9,0,0,0,0,0,3,0,7,2,0,276,3,20,0,64,4,19,0,0,0,0,10,0,0,0,0,0,0,0,0,0,0,2,0,0,0,6,0,0,0,0,104,0,2,0,20,10,0,5,0,0,0,74,0,0,0,10,0,0,0,0,0,0,0,0,2,0,15,0,20,0,3,0,0,0,0,0,0,2,8,0,0,0,0,0,0,0,0,0,0,0,0,0,0,0,0,0,0,16,2,0,0,0,8,0,320,0,14,39,22,27,0,42,12,0,0,0,0,5,0,15,0,0,0,25,0,0,0,0,0,69,0,0,0,0,0,0,10,0,0,0,8,0,0,0,0,0,0,0,0,0,0,0,0,5,0,70,0,0,6,0,0,0,0,108,0,0,0,0,0,0,0,0,38,0,0,0,0,0,0,2,0,0,0,0,317,0,196,55,0,0,0,0,0,69,0,48,0,0,0,0,0,0,0,0,2,2,0,0,0,0,10,0,77,90,0,0,0,2,0,0,0,0,0,3,20,0,0,0,186,1,33,0,0,0,0,0,10,0,0,0,0,11,0,0,0,0,5,292,1,20,0,0,0,0,2,16,0,0,4,0,0,0,22,0,5,0,51,0,2,0,117,0,0,0,0,0,0,51,0,0,0,2,0,129,0,0,0,0,50,0,0,0,9,0,0,0,27,0,0,0,0,0,0,0,0,29,0,4,8,0,0,2,0,0,0,0,8,0,0,0,0,0,0,0,0,0,0,0,0,0,0,0,0,0,0,0,0,31,10,0,190,0,0,2,7,0,0,27,0,2,23,0,0,0,0,0,0,10,11,0,0,0,0,0,0,0,5,0,0,0,0,4,0,0,0,10,0,674,0,0,0,0,0,0,0,0,0,0,0,0,0,0,271,0,1,0,17,17,12,0,6,172,0,0,26,0,31,0,3,0,0,2,2,0,0,0,1,15,0,1525,0,0,0,1,0,0,0,0,58,3,0,24,0,144,0,0,0,0,0,1,0,94,74,0,0,0,0,0,0,0,0,10,113,14,3,3,0,0,6,28,0,4,5,0,0,0,0,0,0,0,3,0,8,0,16,7,0,0,4,0,21,0,0,2,0,0,0,0,0,0,0,0,0,0,17,0,0,0,70,0,24,0,0,26,186,0,0,0,2,0,0,0,0,10,0,0,0,0,0,20,0,0,0,0,0,0,0,24,0,4,0,0,0,78,29,3,0,2,0,0,0,0,0,0,0,0,0,644,0,0,1,0,0,0,0,0,0,0
"D153",0,0,0,20,0,0,0,0,0,0,33,2,0,2,0,0,0,107,1,3,0,0,12,0,100,2,2,0,0,0,0,0,0,0,0,0,0,0,0,0,0,7,0,0,31,0,0,0,0,0,0,0,79,2,0,0,0,0,1,0,0,0,0,27,1,0,0,33,0,57,0,3,0,0,0,0,0,0,0,0,0,0,0,2,2,5,0,122,0,23,3,0,0,0,0,0,7,0,2,2,0,0,0,0,107,0,5,0,16,0,0,4,17,0,9,16,0,3,1,0,0,7,0,0,0,2,0,3,0,5,0,0,12,0,2,9,0,54,0,10,4,0,0,0,37,19,0,0,3,21,0,0,2,2,0,0,0,0,2,5,54,0,0,0,0,0,0,0,0,34,0,307,0,0,0,0,0,0,0,0,0,0,0,10,5,0,0,0,2,0,7,0,0,0,0,3,0,0,0,0,6,0,5,0,0,0,0,13,0,0,0,0,0,0,0,0,0,5,0,0,0,9,1,0,0,0,0,0,6,0,0,0,0,0,0,0,0,0,3,12,0,1,0,0,8,0,0,0,18,0,17,1,13,0,0,53,7,0,0,26,0,0,0,0,0,0,0,0,29,0,0,0,15,2,0,0,15,0,12,0,11,0,0,0,0,0,0,78,0,0,3,0,0,0,0,0,0,0,0,0,0,2,0,0,0,0,18,0,65,24,0,0,0,0,0,1,0,0,21,0,0,0,0,0,23,0,0,7,0,9,12,0,0,0,0,2,0,0,0,0,0,10,1,0,0,0,6,14,0,0,0,0,0,0,3,79,0,86,0,0,0,0,0,2,0,0,0,0,0,0,0,0,14,0,0,0,0,0,0,0,3,6,9,0,0,0,0,0,0,2,0,0,1,0,0,7,0,92,0,57,4,0,0,0,0,0,28,1,0,0,0,12,0,0,3,0,3,0,0,0,0,2,0,1,0,6,0,0,0,4,0,0,0,23,0,0,28,0,32,0,0,0,0,0,1,0,0,0,0,0,1,0,0,0,0,0,0,0,0,0,0,0,0,0,11,0,5,0,0,0,0,45,0,25,1,0,0,30,0,0,0,1,0,69,0,0,0,0,12,0,92,0,0,0,0,17,0,0,0,0,0,109,3,4,0,5,9,0,0,0,0,0,0,0,204,0,0,0,0,0,0,0,0,0,6,0,6,0,0,0,0,0,0,0,71,5,6,2,0,0,0,0,2,8,275,0,0,76,7,0,0,0,0,51,16,0,0,0,0,51,2,1,17,0,0,0,0,0,60,0,0,0,0,0,0,0,0,0,9,2,0,2,1,4,0,8,13,0,0,0,0,6,0,0,0,5,0,0,0,92,0,0,299,0,0,0,27,0,0,0,0,0,0,0,0,0,0,0,0,0,0,20,51,0,0,0,0,0,232,0,0,246,0,0,22,3,7,0,0,1,0,2,0,4,0,0,59,0,0,14,2,0,80,0,0,28,0,0,640,0,0,0,0,0,0,3,116,0,0,0,3,0,3,0,3,0,0,0,15,34,0,0,0,2,62,41,0,0,0,0,2,0,0,0,0,0,4,10,0,3,0,0,0,0,0,70,0,1,0,0,0,206,0,0,0,0,0,0,0,1,4,1,0,0,0,0,0,0,0,4,89,6,5,1,0,0,16,0,0,0,5,0,0,4,0,0,68,0,0,0,0,0,95,1,0,0,5,2,0,0,0,0,0,387,0,0,0,0,0,0,40,0,6,0,0,0,448,1,2,0,0,2,106,0,0,0,0,3,0,0,1,11,0,0,0,296,0,0,0,3,9,40,11,0,3,0,0,0,0,0,10,0,44,0,0,0,0,8,0,2,0,25,1,5,0,64,0,0,63,0,0,0,0,0,0,10
"D154",0,0,0,0,0,0,0,0,0,129,0,0,26,0,0,0,0,0,0,0,0,0,0,0,0,0,0,0,0,0,0,0,0,0,0,0,0,0,0,0,0,0,0,0,0,0,0,0,0,0,0,0,0,0,0,0,0,0,0,0,0,0,0,0,0,0,0,0,0,0,0,0,0,0,0,0,0,1,0,0,0,0,0,0,0,0,16,0,0,4,0,0,0,0,4,0,0,0,0,0,0,0,0,0,0,0,0,0,0,0,0,0,0,0,0,0,0,0,0,0,0,0,0,0,0,0,0,0,0,0,0,0,0,0,0,0,0,0,0,0,0,0,0,0,0,0,0,0,0,0,0,0,0,0,0,0,0,0,0,0,0,0,0,0,0,0,0,0,0,0,0,0,0,0,0,0,0,0,10,0,0,0,0,0,0,28,0,0,0,0,0,0,0,0,0,0,0,0,0,0,0,0,0,0,0,0,0,0,0,0,0,0,0,0,0,0,0,0,0,0,0,0,0,0,0,0,0,0,0,0,4,0,0,0,0,0,0,0,0,0,0,0,0,0,0,0,0,0,0,0,0,0,0,0,0,0,0,1,0,0,0,0,36,0,0,0,0,0,0,0,0,0,0,0,0,0,0,0,0,0,0,0,0,0,0,0,0,0,0,0,0,0,0,0,0,0,0,0,0,0,0,0,0,3,16,0,0,0,0,0,0,0,0,0,0,0,0,0,0,0,0,0,0,0,0,0,0,0,0,0,0,0,84,0,0,0,0,0,0,0,2,0,0,4,0,0,0,0,0,0,0,0,0,0,0,0,0,0,0,0,0,0,0,0,2,0,0,0,0,0,0,0,0,0,0,0,0,0,0,0,0,0,0,0,0,0,0,0,0,0,0,0,0,0,0,0,0,0,4,6,0,0,0,0,0,0,0,0,0,0,0,0,0,12,0,0,0,0,165,0,0,0,0,0,0,0,0,0,0,0,0,0,0,0,0,5,0,0,0,0,0,0,0,0,0,0,0,0,0,0,0,0,0,0,0,0,0,0,0,21,0,0,0,0,0,0,0,0,0,0,0,0,0,0,0,0,0,0,0,0,0,0,0,0,0,0,0,0,0,0,0,0,0,0,0,0,0,0,0,0,0,0,0,0,13,0,0,0,0,0,0,0,0,0,0,0,0,0,0,0,0,0,0,0,0,0,0,0,0,0,0,19,0,0,0,0,0,0,0,363,0,0,0,0,0,0,0,0,0,0,0,0,0,0,0,0,0,0,0,0,0,0,0,0,0,0,0,0,0,0,0,0,0,0,0,0,0,0,0,0,0,0,0,0,0,0,0,0,0,0,0,0,0,0,0,0,0,0,0,0,0,0,0,0,0,0,0,0,0,5,4,0,0,0,0,0,0,0,0,0,0,0,0,0,0,0,0,0,0,7,0,0,0,0,0,0,0,0,0,0,0,0,0,0,0,0,0,0,0,0,0,0,0,0,0,0,0,0,0,0,0,0,0,0,0,0,0,0,0,0,0,0,0,0,0,0,0,0,0,0,0,0,0,0,0,0,0,0,0,0,0,0,0,0,21,0,0,0,0,0,0,0,0,0,0,0,0,0,0,0,0,0,0,0,0,0,0,0,0,0,0,0,0,111,0,0,0,2644,0,0,0,0,0,0,0,0,0,0,0,0,0,0,0,0,0,0,0,0,0,0,0,0,0,0,0,0,0,0,0,0,0,0,0,0,0,0,0,0,0,0,0,0,0,0,0,0,0,0,0,0,0,0,0,7,16,0,0,0,0,0,0,0,0,0,0,0,0,0,0,0,0,0,0,0,0,0,0,0,0,0,0,0,0,0,5,0,0,0,0,0,0,0,0,0,0,0,0,0,0,0,0,0,0,24,0,0
"D155",0,0,0,0,0,0,0,0,0,0,0,0,0,0,0,0,0,0,0,0,0,2,0,0,0,0,0,0,0,0,0,0,0,0,0,0,0,0,0,0,0,0,0,0,0,0,0,0,0,0,0,0,0,0,0,0,0,0,0,0,0,0,0,0,2,0,0,0,0,0,0,0,0,0,0,0,0,0,0,0,0,0,0,0,0,0,0,0,0,0,0,0,0,0,0,0,0,0,0,0,0,3,0,0,0,0,0,12,0,0,0,0,0,0,2,0,3,0,0,0,0,114,0,0,0,0,3,0,0,0,0,0,0,0,0,0,0,0,0,11,0,0,0,0,0,0,0,0,0,0,0,0,0,0,0,0,0,0,0,0,0,0,0,0,0,0,0,0,0,0,0,166,0,0,0,0,0,0,0,0,0,0,0,0,0,0,0,0,0,0,0,0,4,0,0,0,0,0,0,0,0,0,0,0,84,0,0,0,0,0,0,0,0,0,0,0,0,0,0,0,0,0,0,0,0,0,0,0,0,0,0,0,0,0,0,0,0,0,0,0,0,0,0,0,0,0,0,0,0,0,0,0,0,0,0,0,0,0,0,0,0,0,0,0,0,0,0,0,0,0,0,0,0,36,0,0,0,0,0,0,0,0,0,0,0,0,0,0,0,0,0,0,0,0,0,0,0,0,0,0,0,0,0,0,0,0,0,0,0,0,0,0,0,0,0,45,0,0,0,0,0,0,0,0,0,0,0,0,0,0,0,0,0,0,0,0,0,0,0,0,0,0,0,0,0,0,0,0,0,0,0,0,0,0,0,0,0,0,0,0,0,0,0,0,0,0,0,0,0,0,0,0,0,0,0,0,0,0,0,0,0,0,0,0,0,0,0,0,0,0,0,0,0,0,0,0,0,0,0,0,0,0,0,0,0,0,9,0,0,71,0,33,0,0,0,0,0,0,0,0,0,0,0,0,0,0,0,0,0,0,0,0,0,0,0,0,0,0,0,0,0,0,0,0,0,0,0,0,0,0,0,0,0,0,0,0,0,0,0,0,0,0,0,0,0,0,0,0,0,0,0,0,0,0,0,0,0,0,0,0,0,0,0,0,0,0,0,0,0,0,0,0,0,0,0,0,0,0,0,0,0,0,0,0,0,3,0,0,0,0,0,0,0,0,0,0,0,0,0,0,0,0,0,0,0,0,0,0,0,0,0,0,0,0,0,0,0,0,0,0,0,0,0,0,0,0,0,0,0,0,0,0,0,0,0,0,0,2,0,0,0,0,0,0,0,0,0,0,0,0,0,0,0,0,0,0,0,3322,0,0,0,0,0,0,0,0,0,0,0,0,0,0,0,0,0,0,0,0,0,0,0,0,0,0,0,0,0,0,0,0,0,0,0,0,0,0,0,0,0,0,0,0,0,0,0,0,0,0,0,0,0,0,0,0,0,0,0,0,0,0,0,0,0,0,0,0,0,0,0,0,0,0,0,0,0,0,0,0,0,0,0,0,0,0,0,0,0,0,0,0,0,0,0,0,0,0,0,2,0,0,0,0,0,0,0,0,0,0,0,0,0,0,0,0,0,0,0,0,0,0,0,0,0,0,0,0,0,0,0,0,0,0,0,0,0,0,0,0,0,0,0,0,0,0,0,0,0,0,0,0,0,0,0,0,0,0,0,0,0,0,0,0,0,0,0,0,0,0,0,0,0,0,0,0,0,0,2,0,0,0,0,0,0,0,0,0,0,0,0,0,0,0,0,0,0,0,0,0,0,0,0,0,0,0,0,0,0,0,0,0,0,0,0,2,0,0,0,0,0,0,0,0,0,2,0,0,0,0,0,0,0,0,0,0,0,0,0,0,0,0,0,0,0,0,0,0,0,0,0,0,0,0,0,0,0,0
"D156",0,0,10,0,0,0,0,0,5,0,8,0,0,2,3,0,0,0,0,0,0,0,0,0,0,0,3,0,0,0,0,0,0,0,0,0,0,0,0,0,0,0,0,2,0,0,1,0,26,0,0,0,0,12,0,0,10,0,0,0,0,0,0,18,0,0,0,0,119,27,0,7,0,0,0,2,1,8,0,0,0,0,0,0,0,87,0,0,0,4,7,0,0,0,1,0,3,0,0,0,5,0,0,0,72,0,0,0,0,0,0,3,8,0,0,0,0,0,5,192,0,0,0,0,0,0,0,0,2,2,2,0,1,0,0,6,0,0,0,0,0,0,0,9,8,107,0,0,0,0,0,0,0,0,2,0,6,0,0,0,0,0,0,0,0,0,0,1,0,0,0,0,2,0,0,5,0,0,0,0,0,0,6,14,1,0,0,0,7,0,2,0,0,0,0,0,0,0,2,4,15,0,6,7,0,73,0,69,0,0,0,2,0,0,0,0,0,0,0,0,5,0,0,0,0,0,10,0,4,0,33,1,0,0,0,0,9,0,0,0,0,0,0,0,0,0,0,0,0,0,12,6,24,0,0,0,0,3,0,9,43,0,0,0,0,0,0,12,0,1,0,0,0,0,0,0,0,32,21,0,0,0,0,0,0,0,0,0,0,0,60,0,0,0,0,3,3,6,5,0,0,0,0,0,0,0,10,0,6,4,0,0,0,4,3,0,0,0,0,142,0,0,3,1,0,0,0,0,0,0,0,0,4,0,0,0,0,4,0,0,0,0,0,2,0,0,0,10,0,0,0,0,0,0,77,0,0,0,0,0,0,0,0,0,0,0,0,0,0,0,0,11,0,0,10,0,0,1,0,0,0,0,2,0,0,3,0,0,0,0,0,2,0,3,0,72,0,18,0,0,0,6,0,5,11,0,2,0,0,2,0,0,0,0,0,0,0,0,34,0,0,0,0,1,6,0,0,0,0,0,4,0,0,31,5,0,2,10,8,0,0,62,24,2,0,0,0,0,0,0,2,2,0,31,0,0,0,0,0,0,0,0,0,0,4,0,120,58,0,0,1,8,0,13,3,0,0,0,3,0,17,35,0,4,0,0,0,0,15,21,5,0,0,0,0,0,0,0,0,0,0,0,2,0,4,0,49,0,0,3,11,0,0,0,0,0,5,25,0,0,0,4,4,0,0,0,4,0,0,0,0,0,7,0,0,0,0,0,0,0,17,0,0,0,210,0,0,0,0,0,0,0,16,0,3,0,0,0,0,5,4,9,6,0,0,6,0,0,0,0,0,0,0,160,0,0,0,0,0,0,0,0,0,0,0,9,6,0,0,0,0,0,0,0,0,0,0,0,4,0,0,0,0,0,0,0,0,0,0,0,0,0,0,0,0,0,0,56,0,0,0,0,0,0,0,0,0,0,0,0,0,0,0,7,0,4,7,0,0,19,0,0,0,0,0,0,0,10,0,0,0,0,0,0,0,56,0,0,17,0,2,0,0,0,0,0,0,0,0,2,0,0,0,0,4,0,0,0,0,0,0,0,0,0,0,0,0,2,0,0,0,0,0,0,0,0,0,4,0,0,0,0,0,0,0,23,0,0,0,0,3,15,0,0,4,0,0,0,0,0,3,3,2,0,0,2,0,0,0,0,109,3,0,0,19,0,6,0,0,0,0,0,1,195,0,0,0,0,0,13,0,5,0,4,5,0,13,0,0,4,0,0,0,0,0,0,2,0,0,16,0,7,26,0,0,0,31,0,0,0,2,0,17,8,0,4,3,2,0,13,0,5,0,0,1,0,0,39,0,0,8,0,33,0,0,0,0,0,0,0,4,2,0,8,0,0,0,0,0,5,0,0,7,0,0,14,0,2,10,18,0,0,0,79,0,65
"D157",33,23,16,6,2,0,41,13,0,9,9,0,2,1,22,0,17,0,0,0,0,6,0,0,0,0,3,0,0,24,6,0,2,0,0,7,0,0,0,30,0,1,0,4,0,1,84,0,83,0,0,26,0,0,0,5,0,0,3,0,0,78,0,0,0,0,322,273,209,0,0,82,0,48,0,1,0,25,64,0,31,0,0,7,3,7,17,0,0,45,7,0,0,6,90,0,0,0,0,0,10,0,0,0,0,75,25,0,16,0,20,111,0,0,0,3,0,0,0,3,0,0,2,0,2,30,0,0,0,0,4,0,11,1,4,0,5,0,0,39,0,0,0,10,22,14,0,0,62,0,5,0,0,0,81,0,7,0,0,0,0,192,13,0,1,0,12,0,21,17,12,0,0,10,0,2,0,0,0,19,0,0,3,3,0,2,0,0,0,0,0,4,0,0,0,0,27,46,0,29,0,0,0,61,0,28,0,14,0,0,0,81,0,0,5,0,113,0,0,0,2,0,0,0,0,0,32,3,7,0,99,0,0,0,0,26,18,0,7,0,0,0,0,29,0,0,0,9,0,0,74,26,0,43,0,0,0,458,0,2,1,0,0,0,0,0,45,13,6,0,0,0,0,0,5,0,0,4,0,8,29,12,0,0,0,0,0,0,0,3,0,3,3,1,0,74,69,1,0,28,13,32,27,3,0,4,0,3,45,0,0,0,0,2,0,0,27,0,0,12,1,0,0,0,0,1,8,0,0,0,0,11,677,0,13,0,0,14,15,2,0,0,3,1,0,0,0,0,0,0,0,20,0,0,6,9,0,0,15,0,6,3,11,2,39,0,0,2223,0,0,0,0,0,0,0,0,0,0,0,0,0,24,0,0,0,0,0,0,6,0,2,2,0,7,0,2,0,111,24,16,145,0,24,93,4,0,8,2,28,0,3,0,0,0,41,0,0,0,0,0,0,2,0,0,0,267,0,0,2,0,41,102,1,54,0,13,0,0,3,0,8,0,16,17,0,3,0,0,0,25,0,13,0,0,5,0,32,0,22,0,0,0,0,0,0,0,112,0,5,0,0,185,0,0,0,0,0,169,11,0,28,64,0,45,0,0,7,0,16,1,0,0,19,0,0,6,0,4,0,58,0,0,0,0,2,6,0,0,0,0,155,18,9,0,0,17,333,22,0,0,13,0,27,30,0,0,0,0,0,0,0,12,29,0,1,0,0,0,1,0,8,3,0,0,0,0,0,6,0,0,0,0,4,36,10,0,0,0,0,0,4,0,0,60,0,23,0,0,6,4,0,78,0,9,0,0,0,0,0,0,6,2,0,0,10,0,0,0,4,0,0,0,15,0,0,0,0,0,5,0,0,0,0,0,17,0,14,0,0,0,9,6,78,0,0,0,0,0,0,0,0,0,2,7,5,0,8,0,17,0,52,0,0,22,0,0,3,0,3,6,21,0,0,0,0,57,0,67,127,0,0,0,0,0,4,0,0,20,56,0,9,10,0,0,0,0,0,0,0,4,0,0,24,0,0,0,0,0,0,0,0,0,0,0,0,0,8,0,0,0,0,0,0,0,1,0,0,37,9,0,0,6,0,13,0,0,0,0,0,0,62,8,0,0,0,2,6,0,24,7,0,3,10,0,0,338,0,95,136,0,3,5,11,1,0,0,0,0,17,0,0,0,22,52,9,7,0,0,0,29,0,2,6,0,0,56,14,0,0,30,0,0,0,0,10,79,7,0,0,3,2,0,0,0,0,0,6,6,13,2,0,0,5,0,41,0,0,0,0,0,0,0,17,0,27,6,0,175,0,0,0,0,29,0,6,0,0,0,0,0,0,1,0,4,0,0,1,0,2,0,6,6,2,0,0,28,0,8,1,0,0,15,0,0,0,0
"D158",10,0,119,248,645,0,1,23,0,3,52,19,0,104,3,0,0,0,0,0,0,0,0,0,0,0,0,0,0,0,0,0,29,0,2,0,0,0,0,0,0,10,0,0,4,0,0,0,122,0,0,0,13,0,0,0,0,0,0,0,0,4,0,0,0,0,0,0,521,0,0,8,0,0,0,0,0,0,0,0,0,0,0,0,29,0,0,0,0,0,0,0,0,3,0,0,0,0,0,0,0,0,0,0,0,0,20,0,2,0,0,0,0,0,0,0,0,0,0,0,0,0,9,0,0,211,0,0,0,0,0,0,0,0,0,0,0,0,0,0,0,0,0,0,61,0,0,2,0,0,0,0,0,0,1,0,281,0,0,0,0,0,0,0,0,0,0,0,0,0,0,0,1,0,0,11,0,0,0,12,0,0,4,0,0,0,0,0,0,0,0,0,0,0,0,0,0,1,0,2,0,0,0,0,0,22,0,2,0,0,0,0,0,0,6,0,0,0,0,0,68,0,0,0,0,0,0,0,0,6,66,0,0,1,0,0,0,0,0,0,87,0,0,0,0,0,0,0,0,0,29,22,0,0,0,0,0,35,0,0,33,0,0,0,0,0,9,0,0,0,0,0,0,0,0,0,0,53,32,0,0,0,0,0,0,0,0,0,0,0,0,0,0,0,0,0,0,24,0,11,0,0,0,0,0,1,0,0,0,0,0,0,0,0,0,0,0,0,64,1,0,0,0,0,0,0,0,7,0,0,0,17,10,0,0,11,0,56,0,0,3,0,0,0,0,0,0,0,0,0,0,0,0,0,0,0,0,0,6,0,0,0,0,0,0,0,0,0,2,0,3,74,0,0,0,0,0,0,0,0,0,0,0,0,0,0,0,0,0,0,0,46,0,0,0,1,0,0,0,0,0,0,19,0,169,0,2,0,0,0,0,0,0,0,0,0,0,0,0,0,0,0,0,0,0,0,0,425,0,0,617,0,0,49,0,0,0,15,0,0,0,6,92,0,0,0,0,0,0,0,0,0,0,167,0,0,0,2,0,0,0,0,0,0,0,0,0,0,0,0,0,78,0,0,0,9,0,0,0,1,134,1342,28,0,0,0,0,0,0,0,26,0,0,0,0,79,0,128,0,56,7,0,0,0,0,1,0,0,0,0,38,18,0,45,0,0,5,14,0,0,0,0,0,0,0,14,29,0,0,0,0,0,0,0,0,0,0,0,0,0,0,0,0,0,0,0,0,0,1,0,0,2,50,0,0,0,0,0,12,0,0,0,0,0,0,5,0,0,0,3,0,341,0,177,0,0,0,0,0,0,0,36,0,0,0,0,0,0,0,0,0,0,9,0,0,0,0,0,0,0,0,0,0,0,4,0,14,0,3,0,0,0,0,0,0,0,0,0,0,0,0,0,0,0,0,0,0,0,0,0,0,0,0,36,0,3,5,0,0,208,0,0,0,0,0,0,0,0,2,0,0,6,0,0,0,0,0,0,125,0,0,0,0,0,0,0,0,0,0,0,0,0,0,0,35,0,0,0,9,0,0,0,0,0,0,0,0,0,0,13,0,0,0,0,0,0,0,0,0,0,0,0,0,0,0,0,0,3,0,0,0,0,17,0,0,0,0,0,0,0,0,0,6,0,0,817,0,0,0,0,0,58,0,0,0,0,0,0,0,0,0,0,0,164,64,0,0,0,0,0,0,1,0,194,0,3,0,0,0,0,0,1,0,0,42,0,0,0,0,0,0,0,0,0,0,0,0,4,0,0,0,0,9,0,0,0,0,0,0,0,0,0,0,0,307,517,0,7,0,0,0,0,341,0,0,0,0,0,0,0,0,0,0,134,0,0,0,0,0,0,766,0,25,0,0,3,0,0,0,0,0,5,0,0,0,0
"D159",10,0,0,0,0,48,2,4,0,8,0,0,0,0,0,0,0,0,0,0,0,0,0,0,0,0,0,0,0,16,2,0,0,0,0,0,0,15,0,0,0,0,0,0,0,2,59,3,0,0,0,18,0,0,0,0,0,0,0,0,0,0,0,0,0,0,461,0,7,0,0,0,0,0,0,0,0,0,0,0,0,0,0,0,0,0,5,0,0,4,0,0,0,0,13,0,0,0,0,0,3,0,0,0,0,0,0,6,0,0,0,0,0,0,0,0,0,0,0,0,0,0,2,0,0,2,0,0,0,0,0,0,0,7,0,0,0,0,0,0,0,256,0,6,0,0,0,0,2724,0,882,0,0,0,14,0,0,996,0,20,0,18,0,0,0,0,0,0,0,0,0,0,0,8,0,0,0,0,435,10,0,0,0,0,0,0,0,0,0,0,0,0,0,10,67,0,0,0,0,4,0,24,0,1,0,0,0,0,0,0,0,27,0,0,0,0,0,0,0,0,0,0,0,0,0,0,9,0,0,0,101,0,0,0,0,679,0,0,4,0,0,0,0,0,0,0,0,0,0,0,47,18,0,22,0,0,0,7,0,0,0,0,0,0,0,0,5,0,0,0,0,0,0,0,0,0,0,0,0,0,0,6,0,0,0,0,0,0,0,0,14,0,0,0,0,4,0,0,0,0,0,0,2,34,0,2,0,11,0,0,0,0,0,0,16,0,25,17,0,14,0,0,0,0,0,0,0,0,0,0,0,0,121,0,0,0,0,1,0,0,0,0,0,6,0,0,0,0,0,0,0,0,5,0,0,0,0,0,4,0,0,0,0,0,973,13,0,84,0,0,0,0,0,0,0,0,0,0,0,0,0,0,0,107,0,6,0,0,15,0,0,3,0,0,0,0,0,16,31,79,0,0,31,31,19,0,0,0,0,0,0,0,0,0,0,0,0,0,0,0,0,0,0,0,0,8,0,6,15,0,0,3,0,0,0,2,0,0,0,26,0,17,0,3,0,380,0,14,20,2,0,0,0,8,5,0,0,0,25,0,0,0,3,0,0,0,87,0,0,0,0,0,0,0,0,0,0,28,0,0,0,0,0,29,0,0,0,0,14,0,0,0,11,0,0,5,163,0,0,2,0,0,0,0,0,0,0,0,0,4,26,0,0,0,0,21,6,0,0,0,0,0,0,0,0,0,0,0,0,0,0,88,0,0,0,0,0,0,0,0,0,0,0,0,3,0,0,0,0,46,0,0,0,8,4,0,0,0,2,0,0,2,9,0,0,0,0,1,0,25,0,0,0,2,0,0,27,0,0,0,10,0,0,0,16,0,0,0,0,0,0,0,3,0,0,0,0,0,0,0,0,0,0,0,9,0,0,0,3,0,0,0,17,0,0,0,0,0,0,0,0,0,0,0,0,0,0,0,0,10,1,0,0,0,0,0,0,0,0,0,5,0,2,0,0,0,0,18,3,0,0,0,0,0,0,0,0,0,86,0,0,0,0,0,0,0,0,0,0,251,0,61,0,0,0,0,7,0,23,0,0,0,0,0,0,0,0,0,10,0,0,0,0,10,24,0,0,19,0,0,0,0,0,0,0,0,0,0,0,0,0,0,0,0,0,0,0,0,0,0,0,0,2,41,0,22,0,541,62,0,3,0,0,0,0,0,0,0,0,0,0,0,0,1,1,0,0,0,0,0,0,0,0,0,0,7,0,0,0,0,0,0,0,0,0,0,0,0,0,5,0,13,0,41,0,0,0,0,0,0,0,0,8,12,74,0,0,0,0,0,0,0,0,0,0,0,2,0,0,0,0,0,0,0,0,0,0,0,0,0,0,0,0,0,437,0,0,0,0,0,0,0,0,0,0,0,0,12,18,0,0,3,0,32,0,0
"D160",0,60,336,0,0,0,28,11,312,5,123,0,0,0,0,5,0,0,14,7,0,21,1,0,0,1,0,140,0,1,53,0,0,10,0,0,0,0,0,0,0,0,165,0,0,5,202,0,0,26,0,0,69,0,0,121,0,276,0,43,0,1,68,0,101,0,0,0,253,0,0,0,0,0,0,0,0,0,35,202,0,0,0,5,12,59,0,0,0,518,0,82,0,2,0,0,20,0,0,0,0,0,0,22,0,48,0,0,0,0,0,31,0,0,0,0,0,0,0,311,0,0,3,0,116,0,0,0,0,0,0,0,0,0,0,0,3,0,0,0,0,0,2,0,2,259,8,0,0,0,0,0,0,0,0,0,0,0,0,0,0,0,431,0,0,22,0,0,0,5,6,0,1,0,6,0,0,0,0,0,0,0,1,2,0,0,0,1,0,0,0,101,2,0,0,0,3,21,14,0,11,0,0,7,0,301,0,705,0,0,16,0,0,0,0,42,0,0,0,0,0,1,0,4,80,0,0,0,59,51,0,0,2,0,0,0,5,0,2,0,0,0,1,4,0,0,0,0,0,0,9,0,24,0,0,0,0,31,0,0,4,0,0,0,0,88,0,0,73,0,0,44,0,0,0,0,0,0,7,5,16,0,0,0,0,0,0,0,0,0,0,0,0,0,0,0,18,0,14,44,130,0,0,0,0,13,0,25,0,0,0,24,0,84,7,0,2046,0,0,0,11,0,0,0,0,0,0,0,0,0,4,0,0,14,12,0,512,72,6,0,12,0,0,0,0,20,0,0,0,0,0,0,7,6,0,18,0,0,15,0,162,0,22,0,0,0,0,0,3382,0,0,2,0,0,0,0,0,0,0,21,0,128,0,0,0,0,0,0,0,0,0,10,14,0,0,0,0,2919,0,0,331,0,0,13,12,0,21,2,0,0,64,0,0,0,0,0,0,0,1,45,0,0,2,0,144,60,0,0,0,0,498,10,2,22,0,47,0,0,0,0,10,28,0,1,91,0,0,2,14,0,0,44,17,8,0,0,0,0,0,0,9,10,1,0,0,0,3,43,1780,89,0,263,0,0,17,0,0,21,9,43,9,0,0,3,0,6,99,0,222,0,0,0,0,0,0,0,0,1,355,0,8,0,1,0,0,23,0,0,0,4,0,35,0,13,0,0,150,19,24,0,1,2,111,78,0,0,0,0,0,60,0,0,0,0,0,0,0,0,0,0,54,16,0,0,3,0,0,6,0,0,5,58,0,0,0,0,0,0,0,0,0,0,0,90,0,0,0,0,0,0,2,0,2,30,0,0,0,0,31,0,0,1,0,0,2,0,0,0,75,0,200,0,0,55,0,0,0,62,7,0,0,49,96,4,1,0,0,0,0,0,0,4,14,0,0,2,66,12,0,0,0,0,0,0,12,10,3,0,0,0,2,0,0,13,0,33,0,0,20,0,0,0,0,2,0,0,0,165,0,24,82,0,0,0,4,0,5,5,126,0,22,0,6,0,0,0,0,0,0,0,0,0,2,0,0,0,0,0,0,0,0,0,0,0,0,0,15,8,1,20,0,241,0,0,5,0,0,189,2621,0,6,6,0,0,78,16,0,9,0,0,0,13,0,0,2,0,0,0,8,34,6,40,13,0,0,4610,0,0,0,25,0,29,2,2,0,0,3,5,0,4,0,140,36,33,17,0,10,0,0,6,0,0,0,5,0,0,512,0,3,4,109,38,0,0,0,0,1,0,0,44,8,0,0,0,0,0,6,0,1,0,0,0,171,0,46,6,0,0,0,0,0,0,89,0,0,97,0,1923,0,3,99,0,39,0,0,0,0,7,0,0,0,3,0,3,0,0,90,0,0,0,0,0,0,27,0,129,0,14,0,0,2,0,74,0,0,0
"D161",0,0,0,0,0,0,14,3,0,0,0,0,0,0,0,0,0,0,0,15,0,0,0,0,2,0,0,0,0,9,0,0,11,0,0,0,0,0,0,29,0,0,0,3,0,0,473,0,84,0,0,2084,0,0,2,0,0,0,0,0,0,0,0,0,378,0,0,8,13,0,0,0,0,0,0,0,0,0,11,0,0,0,0,0,0,0,0,4,0,59,0,0,0,0,0,0,34,0,0,0,0,0,0,0,0,5,0,0,0,46,0,0,0,0,0,0,0,0,0,0,0,0,0,0,0,459,0,0,31,0,0,0,3,0,0,0,0,1,0,4,0,0,0,0,0,0,0,0,6,0,9,0,0,0,0,0,0,0,0,0,0,0,0,0,0,0,0,0,48,0,0,19,0,4,0,0,0,0,2,0,0,0,0,0,0,0,0,0,0,6,0,0,0,0,0,0,0,0,0,388,0,0,0,0,0,0,0,34,0,0,0,107,0,0,0,0,11,0,0,0,0,0,3,0,0,0,0,0,0,0,161,0,0,0,0,0,0,0,0,0,0,0,0,0,0,0,0,0,0,0,33,0,0,78,0,4,0,280,0,0,0,0,0,0,0,0,8,0,0,0,0,0,0,0,0,0,0,0,0,0,3,0,0,0,0,0,0,0,0,0,0,0,0,0,3,0,0,2,0,0,0,28,4,0,0,0,0,0,0,0,0,0,0,0,0,0,0,0,0,0,0,0,0,0,0,0,0,0,0,0,0,0,0,0,0,0,0,0,0,0,0,0,0,0,0,0,0,0,0,0,0,0,0,0,0,0,0,0,0,2,0,2,0,0,0,0,0,0,0,0,0,0,0,0,0,2,3,2,0,0,0,0,0,0,0,0,0,0,0,0,0,0,0,0,0,0,0,0,0,0,10,0,0,536,0,0,0,0,2,0,0,0,0,0,0,0,0,0,44,0,0,0,0,0,0,0,0,0,0,0,2,0,0,0,0,0,0,0,0,0,0,0,0,0,0,3,0,0,0,15,0,0,0,0,0,0,2,2,0,0,0,0,0,0,0,0,39,0,0,0,0,0,0,0,0,0,0,885,0,0,0,4,0,2,0,2,0,0,0,0,0,0,0,0,0,0,0,0,0,18,0,0,0,0,0,0,0,0,0,0,2360,0,0,0,0,67,12,0,0,0,0,0,0,0,0,0,0,0,0,0,0,0,0,0,7,0,0,0,0,0,0,0,22,0,0,0,0,0,0,0,0,0,0,386,2,0,3,0,0,0,0,0,0,0,0,0,0,0,0,0,0,47,0,0,0,2,0,0,0,0,0,0,0,0,0,0,0,0,0,0,0,0,0,0,0,0,0,0,0,0,0,0,0,0,0,0,4,0,0,0,0,0,20,0,0,0,0,0,0,0,0,0,0,0,0,0,0,0,0,0,0,2,0,0,0,0,0,0,0,0,0,0,0,0,0,0,0,17,6,0,0,0,0,0,0,0,0,0,0,0,0,0,0,0,0,0,0,0,0,0,0,0,0,0,0,0,26,0,0,0,0,0,0,1,0,3,0,0,1,0,0,0,0,0,0,0,0,5,0,0,0,0,0,0,0,0,0,0,0,0,0,0,0,0,0,0,0,0,596,0,3,0,0,0,0,0,0,0,0,0,0,0,0,0,0,0,0,0,0,0,0,0,0,26,0,0,0,0,0,0,0,0,0,0,0,79,0,2,0,0,0,0,0,0,0,266,4,49,0,0,0,0,0,0,16,0,0,0,0,0,0,0,3,0,628,0,0,2,0,0,0,0,0,0,0,0,0,14,0,0,0,0,0,0,0,0,0,0,0,0,0,0,0,0,0,11,0,0,0,0,0,0,0,0,0,8,0,0,0,0,0,0,0,0,0,0
"D162",0,0,0,0,0,0,0,0,0,0,0,0,0,0,0,0,0,0,0,0,0,0,0,0,0,0,0,0,0,0,0,0,0,0,0,0,0,0,0,0,0,0,0,0,0,0,0,0,0,0,0,0,0,0,0,0,3,0,0,0,0,0,0,0,0,0,0,2,0,0,0,0,0,0,0,0,0,0,0,1,56,0,2,0,0,0,0,0,0,0,4,0,0,0,0,0,0,0,0,0,0,0,0,0,0,0,0,0,0,0,0,0,0,0,0,0,0,0,0,0,6,0,0,0,0,0,0,0,0,0,0,0,0,0,0,0,0,0,0,0,0,0,0,0,0,0,0,0,0,0,0,0,0,0,0,0,0,0,0,0,0,0,0,2,0,0,0,0,0,0,0,0,0,0,0,0,0,0,0,0,0,0,0,0,0,0,0,0,0,0,0,0,0,0,0,0,0,0,0,0,0,0,0,0,0,0,0,0,0,0,0,0,0,0,0,0,0,0,0,0,0,0,0,0,0,0,0,0,0,0,0,0,0,0,0,0,0,0,0,0,0,0,0,0,0,0,0,0,0,3,0,0,0,0,0,0,1,0,0,0,0,0,0,0,0,0,0,0,0,0,0,2,0,0,0,0,3,0,0,0,0,0,0,0,0,0,0,0,0,0,0,0,0,0,0,0,0,0,0,0,0,0,0,0,0,0,0,0,0,0,0,0,0,0,0,0,0,0,0,0,0,0,0,0,0,0,0,0,0,0,0,0,0,0,0,0,0,0,0,0,0,0,0,0,0,2,0,0,0,0,0,0,0,0,0,0,0,0,0,0,0,0,0,0,0,0,0,0,0,0,0,6,0,0,0,0,0,0,0,0,0,0,0,0,0,0,0,0,0,0,0,0,0,0,0,0,0,0,0,0,0,0,0,0,0,0,1,0,0,0,0,0,0,0,0,0,0,0,0,2,0,0,0,0,0,0,0,0,0,0,0,0,0,1,0,0,0,0,0,0,0,0,0,0,0,0,0,0,0,0,0,0,0,0,0,0,2,0,0,0,0,0,4,0,0,0,0,0,0,0,0,0,0,0,0,0,0,0,0,0,0,0,0,0,0,0,0,0,0,0,0,0,0,0,0,0,0,0,0,0,0,0,0,0,0,0,0,0,0,0,0,0,0,0,0,0,0,0,0,0,0,0,0,0,0,0,5,0,0,3,0,0,0,0,0,0,0,0,0,0,7,0,0,0,0,0,0,0,0,0,0,0,0,0,0,0,0,0,0,4,0,0,0,0,0,0,0,0,0,0,0,0,0,0,0,0,0,0,0,0,0,0,0,0,0,0,0,0,0,0,0,0,0,0,0,0,0,0,0,0,0,0,0,0,0,0,0,3,0,0,0,0,0,0,0,0,0,0,0,0,0,0,0,0,0,0,0,0,0,0,0,0,0,0,0,0,0,0,0,0,0,0,0,0,0,0,0,0,0,0,0,0,0,0,0,0,0,0,0,0,0,0,0,0,0,0,0,0,0,0,0,0,0,0,0,0,0,0,0,0,0,0,0,0,0,0,0,0,0,0,0,0,0,0,0,0,0,0,0,0,0,0,0,0,0,0,0,0,0,0,0,0,0,0,0,0,0,0,0,0,0,0,0,0,0,0,0,0,0,0,0,0,0,0,0,0,0,0,0,0,0,0,0,0,0,0,0,0,0,0,0,0,0,0,0,0,0,0,0,0,0,0,2,0,0,0,0,0,0,0,0,0,0,0,0,0,0,0,0,0,0,0,0,0,0,0,0,0,0,0,0,0,0,0,0,0,0,6,0,0,0,0,0,0,0,0,0,0,0,0,0,0,0,0,0,0,0,0,0,0,0,0,0,0,0,0,0,0,0,0,0,0,0,0,0,0
"D163",0,0,0,0,0,0,0,0,0,0,0,0,0,0,0,0,0,0,0,0,0,0,0,0,0,0,0,0,0,0,0,0,0,0,0,0,0,0,0,0,0,0,0,0,0,0,0,0,0,0,0,0,0,0,0,0,0,0,0,0,0,0,0,0,0,0,0,0,0,0,0,0,0,0,0,0,0,0,0,0,0,0,0,0,0,0,0,0,0,0,0,0,4,0,0,0,0,0,0,0,0,0,0,0,0,0,0,0,0,0,0,0,0,0,0,0,0,0,0,0,0,0,0,0,0,0,0,0,0,0,0,0,0,0,0,0,0,0,0,0,0,0,23,0,0,0,0,0,0,0,0,0,0,0,0,0,0,0,0,0,0,0,0,0,0,0,0,0,0,0,0,0,0,0,0,0,0,0,0,0,0,0,0,0,0,0,0,0,0,0,0,0,0,0,0,0,0,0,0,0,0,0,0,0,0,0,0,0,0,0,0,0,0,0,0,0,0,0,0,0,0,0,0,0,0,0,0,0,0,0,0,0,0,0,0,0,0,0,0,0,0,0,0,0,0,0,0,0,0,0,2,0,0,0,0,0,0,0,0,0,0,0,0,0,0,0,0,0,0,0,0,0,0,0,0,0,0,0,0,0,0,0,0,0,0,0,0,0,0,0,0,0,0,0,0,0,0,0,0,0,0,0,0,0,0,0,0,0,0,0,0,0,0,0,602,0,0,0,0,0,0,0,0,0,0,0,0,0,0,0,0,0,17,0,0,0,0,0,0,0,0,0,0,0,0,0,0,0,0,0,0,0,0,0,0,0,0,0,0,0,0,0,0,0,0,0,0,0,0,0,0,0,0,0,0,0,0,0,0,0,0,0,0,0,0,0,0,0,0,0,0,0,0,0,0,0,0,0,0,0,0,0,0,0,0,0,0,0,0,0,0,0,0,0,0,0,0,0,0,0,0,0,0,0,0,0,0,0,0,0,0,0,0,0,0,0,0,0,0,0,0,0,0,0,0,0,0,133,0,0,0,0,0,0,0,0,0,0,0,0,0,0,0,0,0,0,0,0,0,0,0,0,0,0,0,0,0,0,0,0,0,0,0,0,0,0,0,0,0,0,0,0,0,0,0,0,0,0,44,0,0,0,0,0,0,0,0,0,0,0,0,0,0,0,0,0,0,0,0,0,0,0,0,0,0,0,0,0,0,0,0,0,0,0,0,0,0,0,0,0,0,0,0,0,0,0,0,0,0,0,0,0,0,0,0,0,0,0,0,0,0,0,0,0,0,0,0,0,0,0,0,0,0,0,0,0,0,0,0,0,0,0,0,0,0,0,0,0,0,0,0,0,0,0,0,0,0,0,0,0,0,0,0,0,0,0,0,0,0,2,0,0,0,0,0,0,0,0,0,0,0,0,0,0,0,0,0,0,0,0,1,0,0,0,0,0,0,0,0,0,0,0,0,0,0,0,0,0,0,0,0,0,0,0,0,0,0,0,0,0,0,0,0,0,0,0,0,0,0,2,0,0,0,0,0,0,0,0,0,0,0,178,0,0,0,0,0,0,0,0,0,0,0,0,0,0,0,0,0,10,0,0,236,0,0,0,0,0,0,0,0,0,0,0,6,0,0,0,0,0,0,0,0,0,0,0,0,22,0,0,0,0,0,0,0,0,0,0,0,0,0,0,0,0,0,0,0,0,0,0,0,0,0,0,0,0,0,0,0,0,0,0,0,0,0,0,0,0,0,0,0,0,0,0,0,5547,0,0,0,0,0,0,0,0,0,0,0,0,0,0,0,0,0,0,0,0,0,14,0,0,0,0,0,0,0,0,0,0,0,0,0,0,0,0,0,0,0,0,0,0,0,0,0,0,0,0,0,0,0,0,0,0,0,0,0,0
"D164",2,0,6,15,0,0,0,0,0,0,12,51,0,8,5,0,4,14,3,0,2,0,4,17,183,11,2,0,1,0,0,23,0,0,6,98,660,0,0,0,58,5,0,0,244,0,0,0,0,0,4,0,13,13,0,7,0,0,3,0,0,2,0,62,0,0,0,0,0,10,0,13,0,26,13,0,1,0,0,0,0,0,0,0,2,3,0,0,3,0,0,0,0,2,0,0,6,0,0,19,0,39,3,7,142,6,0,0,23,0,0,24,11,0,0,0,0,0,11,0,0,7,0,2,0,0,0,0,0,8,4,0,10,0,24,134,0,33,0,1,76,0,0,0,9,1721,0,3,0,4,0,0,31,8,0,37,0,0,4,0,97,0,0,7,0,0,3,0,0,0,0,89,0,0,0,0,0,0,0,0,17,2,0,63,3,0,0,5,0,0,11,0,0,0,0,0,9,0,6,3,2,0,19,0,0,0,0,64,0,0,0,3,58,0,0,0,0,11,24,5,0,36,3,0,0,16,0,0,0,0,0,2,1,0,0,0,0,0,57,70,0,6,10,0,5,0,0,0,3,0,0,5,14,0,0,13,20,0,0,24,7,31,0,0,0,0,0,0,14,6,2,0,15,30,0,5,4,11,13,0,26,0,0,0,2,4,0,109,0,0,0,5,9,0,0,0,0,4,2,0,0,0,0,0,0,0,23,9,87,0,0,8,2,5,0,17,0,0,32,0,16,0,0,3,15,6,0,29,0,12,0,5,0,2,0,0,0,40,5,0,0,5,10,0,0,0,0,106,0,2,0,0,0,0,25,103,2,159,0,0,0,0,0,15,0,0,7,0,0,11,45,1,0,0,0,8,2,0,10,0,23,0,0,0,5,86,14,5,0,20,0,0,63,0,0,76,0,30,0,38,0,0,0,0,0,0,42,4,0,0,0,3,0,0,2,0,59,0,1,0,0,0,0,48,0,0,0,0,0,41,9,0,0,35,22,0,17,0,0,0,0,26,0,18,0,0,0,0,0,0,25,0,8,4,0,126,0,3,0,0,0,0,0,4,18,2,0,131,0,0,12,228,2,0,4,14,0,0,6,0,0,89,2,43,0,0,0,0,8,0,13,47,0,0,0,0,0,0,9,0,0,18,51,58,0,17,108,0,39,0,0,0,0,0,39,0,0,0,0,0,0,5,0,0,3,5,0,3,0,62,32,0,0,0,6,27,2,0,1,0,0,0,9,0,176,0,6,6,148,0,0,0,0,29,4,0,2,88,0,9,2,32,128,0,35,0,4,0,14,2,0,0,0,0,36,11,0,0,5,6,0,0,3,56,3,14,28,1,0,0,0,6,0,0,0,2,0,0,0,22,0,0,4,4,0,0,50,0,0,0,0,0,0,61,0,9,0,15,70,0,0,7,14,2,0,0,0,0,163,0,0,78,0,0,0,2,21,6,0,7,0,6,0,0,0,0,24,0,0,0,32,3,20,0,0,447,0,0,320,0,0,0,0,0,0,3,40,0,0,0,31,0,18,0,10,22,0,0,49,80,0,0,10,0,153,50,0,6,0,0,0,0,0,0,0,2,0,160,0,22,0,2,0,0,0,36,1,0,0,2,0,134,0,5,0,0,0,5,0,75,9,0,2,0,0,0,5,0,0,6,300,206,0,14,0,0,0,0,0,0,2,0,0,6,0,0,34,3,0,0,0,0,22,8,0,0,46,0,4,0,0,0,0,84,5,0,0,0,14,1,18,0,155,0,0,0,229,0,18,10,0,12,164,0,0,0,5,39,0,9,0,0,0,0,0,0,0,0,3,0,2,10,12,35,3,18,0,13,309,118,52,0,112,13,0,0,0,77,2,21,0,0,7,0,0,193,0,0,23,4,0,0,0,0,21,0
"D165",0,0,0,0,0,21,0,0,0,0,0,0,0,0,0,0,0,0,0,0,0,0,0,0,0,0,0,0,0,0,0,0,0,0,0,0,0,0,0,0,0,0,0,0,2,8,2,3,0,0,0,0,0,0,0,0,0,0,0,0,0,0,0,0,0,0,0,0,0,0,0,0,0,0,0,0,0,0,0,0,0,0,1,0,0,0,174,0,0,0,0,0,0,0,5,0,0,0,0,0,0,0,0,0,0,0,0,2,0,0,0,0,0,0,0,2,0,0,0,0,0,0,0,0,0,0,0,0,0,0,0,0,0,0,0,0,0,0,0,0,0,0,0,0,0,0,0,0,47940,0,7870,0,0,0,0,0,0,0,0,0,0,0,0,2,0,0,0,0,0,0,0,0,0,0,0,0,0,0,0,0,0,0,0,0,0,1,0,0,0,0,0,0,0,0,0,0,0,0,0,0,0,0,0,0,0,0,0,0,0,0,0,2,0,0,0,0,3,0,0,0,0,0,0,0,0,0,0,0,0,0,0,0,0,0,0,23941,0,0,0,0,0,0,0,0,0,0,0,0,0,0,3,0,0,0,0,0,0,0,0,0,0,0,0,2,0,0,0,10,0,0,0,0,0,0,0,0,0,0,0,0,0,0,0,0,0,0,0,0,0,0,0,0,0,0,0,0,0,0,0,0,0,2,0,17,3,0,0,0,0,0,0,0,0,0,0,0,0,0,0,0,0,0,0,0,0,0,0,0,0,0,0,0,10,0,0,0,0,0,0,0,0,0,0,0,0,0,0,0,0,0,0,0,0,0,0,0,0,0,0,0,0,0,0,0,25,0,0,3,0,0,0,0,0,0,0,0,0,0,0,0,0,0,0,10,0,0,0,0,0,0,0,0,0,0,0,0,0,0,7,4,0,0,4,17,0,0,0,0,0,0,0,0,0,0,0,0,0,0,0,0,0,0,0,0,0,2,0,0,8,0,0,0,0,0,0,0,0,0,0,0,0,0,0,0,0,177,0,0,0,11,0,0,0,0,0,0,0,0,3,0,0,0,0,0,0,0,3,0,0,0,0,2,4,0,0,0,0,0,0,0,0,0,0,0,0,4,0,0,0,0,0,0,0,0,0,0,0,0,0,0,0,0,0,0,0,0,0,0,0,0,17,0,0,0,0,0,0,0,0,0,0,0,0,0,0,0,0,0,0,0,0,9,2,0,0,0,0,0,3,2,0,0,0,0,0,0,0,0,0,0,0,0,0,0,0,0,0,0,0,0,0,0,0,0,0,0,0,15,0,0,0,0,0,0,0,0,0,0,0,0,0,0,0,0,0,0,0,0,0,0,0,0,3,0,0,0,0,0,0,2,0,0,0,0,0,0,0,0,0,0,0,0,0,0,0,0,0,0,0,0,0,0,0,0,0,0,0,2,1,0,1,0,0,0,0,0,0,0,0,0,0,0,5,0,0,0,0,0,0,0,0,0,0,0,0,0,0,0,2,0,0,0,0,0,0,0,0,6,0,0,0,4,2,0,0,0,0,0,0,0,0,0,0,1,0,0,0,0,0,0,0,0,0,0,6,0,0,0,0,0,0,0,0,0,0,0,0,0,0,0,0,0,0,0,0,0,0,0,0,0,0,0,0,4,0,5,0,10,3,0,0,0,0,0,0,0,0,0,0,0,0,0,0,0,0,0,0,0,0,0,0,0,0,0,0,0,0,0,0,0,0,0,0,0,0,0,0,4,0,0,0,0,0,0,0,0,0,0,0,0,0,0,0,0,0,0,0,0,0,0,0,0,0,0,0,0,0,0,0,0,0,0,0,0,0,0,0,0,0,0,0,0,0,0,2,0,0,0,0,0,0,0,0,0,0,0,0,0,0,0,0,0,0,2,0,0
"D166",0,0,0,0,0,0,0,0,0,0,0,0,0,0,0,0,0,6,0,0,19,0,0,0,0,0,0,0,0,3,0,0,0,0,0,0,0,0,0,0,0,0,0,0,21,0,0,0,0,0,0,0,0,0,0,0,0,0,0,0,0,0,0,0,941,0,0,0,0,0,0,0,0,0,0,0,0,0,0,0,0,0,0,0,0,84,0,0,100,0,0,0,0,0,0,0,0,0,0,0,0,0,2,0,0,0,0,12,0,0,0,0,0,0,916,0,0,0,0,0,0,962,0,0,0,0,497,0,0,0,0,0,0,0,0,0,0,0,0,77,0,0,0,0,0,0,0,0,0,0,0,0,0,0,0,0,0,0,0,0,0,0,0,0,0,0,0,0,0,0,0,53,0,0,0,0,0,0,0,0,0,0,0,0,0,0,0,0,0,0,0,0,0,0,0,0,0,0,0,0,0,0,0,0,796,0,0,17,0,0,0,0,0,0,0,0,0,0,2,0,0,0,0,0,0,0,0,0,0,0,0,0,0,0,0,0,0,0,0,0,0,0,0,0,0,0,0,0,0,0,0,0,0,0,0,0,0,0,0,0,0,0,0,927,0,0,0,0,0,0,0,0,0,3548,0,0,0,0,0,0,0,0,0,0,0,0,0,0,0,0,0,0,0,0,0,0,0,0,0,0,0,0,0,0,0,0,0,0,0,0,0,0,0,11,0,0,0,0,0,0,0,0,0,0,0,0,0,0,0,0,0,0,0,0,0,0,0,0,0,0,0,0,0,0,0,0,0,0,0,0,0,0,0,0,0,0,0,0,0,0,0,0,0,0,0,0,0,0,0,0,0,0,0,0,15,0,0,0,0,0,0,0,0,0,0,0,0,0,0,0,0,0,0,0,0,0,0,0,0,0,0,0,0,0,0,0,231,0,0,466,0,0,0,0,0,0,0,0,0,0,0,0,0,0,0,0,0,0,0,8,0,0,0,0,0,0,0,0,0,0,0,0,0,0,0,0,0,0,0,0,0,0,0,0,0,0,0,0,0,0,0,0,0,2,0,0,0,0,0,0,0,0,0,0,0,0,0,0,0,0,0,0,0,0,0,0,0,0,0,0,0,0,0,0,0,0,0,0,0,0,0,0,0,0,0,551,0,0,0,0,0,0,0,0,0,0,0,0,0,0,0,0,0,0,0,0,0,0,0,0,0,0,0,0,0,0,0,0,0,4,0,0,0,0,0,0,0,0,0,0,0,0,0,0,0,316,0,2702,0,0,0,0,0,0,0,0,0,0,0,0,0,0,0,0,0,0,0,1617,0,0,0,0,0,0,0,0,0,0,0,0,0,0,0,47,0,0,0,0,0,0,0,0,0,0,0,0,0,0,0,0,0,0,0,0,0,0,0,0,0,0,0,0,3,0,0,0,0,0,0,0,79,0,0,0,0,0,0,0,0,0,0,0,0,0,0,0,0,0,0,0,0,0,0,0,0,0,0,0,0,0,0,0,0,0,0,0,0,4348,0,0,0,0,0,0,0,0,0,172,0,0,0,0,0,0,0,0,0,0,0,365,289,0,0,0,0,0,0,0,0,0,0,0,0,0,0,0,0,0,0,0,0,0,0,0,0,0,0,0,0,0,0,0,0,0,0,0,0,0,0,0,0,0,0,0,0,0,0,0,0,0,0,0,0,0,0,0,0,0,0,0,0,0,0,0,0,0,53,0,0,0,0,0,0,25,0,0,0,0,0,0,0,0,0,0,0,0,0,0,0,0,0,0,0,0,3,0,0,1119,0,0,0,0,0,0,0,0,0,0,684,0,0,0,0,0,0,0,0,0,2,0,0,0,0,0,0,0,0,0,0,0,0,0,0,13,48,0,0,0,0,0,0,0,0,0,0,0
"D167",0,0,0,0,0,0,0,0,0,0,0,0,0,0,0,0,0,0,0,0,0,0,0,0,0,0,0,0,0,0,0,0,0,0,0,0,0,0,0,0,0,0,0,0,0,0,0,0,0,0,0,0,0,0,0,0,0,0,0,0,0,0,0,0,0,0,0,0,0,0,0,0,0,0,0,0,0,0,0,0,0,0,0,0,0,0,0,0,0,0,0,0,0,0,0,0,0,0,0,0,0,0,0,0,0,0,0,0,0,0,0,0,0,0,0,0,0,0,0,0,0,0,0,0,0,0,0,0,0,0,0,0,0,0,0,0,0,0,0,0,0,0,10,0,0,0,0,0,0,0,0,0,0,0,0,0,0,0,0,0,0,0,0,0,0,0,0,0,0,0,0,0,0,0,0,0,0,0,0,0,0,0,0,0,0,0,0,0,0,0,0,0,0,0,0,0,0,0,0,0,0,0,0,0,0,0,0,0,0,0,0,0,0,0,0,0,0,0,0,0,0,0,0,0,0,0,0,0,0,0,0,0,0,0,0,0,0,0,0,0,0,0,0,0,0,0,0,0,0,0,0,0,0,0,0,0,0,0,0,0,0,0,0,0,0,0,0,0,0,0,0,0,0,0,0,0,0,0,0,0,0,0,0,0,0,0,0,0,0,0,0,0,0,0,0,0,0,0,0,0,0,0,0,0,0,0,0,0,0,0,0,0,1,0,24,0,0,0,0,0,0,0,0,0,0,0,0,0,0,0,0,0,0,0,0,0,0,0,0,0,0,0,0,0,0,0,0,0,0,0,0,0,0,0,0,0,0,0,0,28,0,0,0,0,0,0,0,0,0,0,0,0,0,0,0,0,0,0,0,0,0,0,0,0,0,0,0,0,0,0,0,0,0,0,0,0,0,0,0,0,0,0,0,0,0,0,0,0,0,0,0,0,0,0,0,0,0,0,0,0,0,0,0,0,0,0,0,0,0,0,0,0,0,0,0,0,0,0,0,0,0,0,0,0,0,0,0,0,0,0,0,0,0,0,0,0,0,0,3,0,0,0,0,0,0,0,0,0,0,0,0,0,0,0,0,0,0,0,0,0,0,0,0,0,0,0,0,0,0,0,0,0,2,0,0,0,0,0,0,0,0,0,0,0,0,0,0,0,0,0,0,0,0,0,0,0,0,0,0,0,0,0,0,0,0,0,0,0,0,0,0,0,0,0,0,0,0,0,0,0,0,0,0,0,0,0,0,0,0,0,0,0,0,0,0,0,0,0,0,0,0,0,0,0,0,0,0,0,0,0,0,0,0,0,0,0,0,0,0,0,0,0,0,0,0,0,0,0,0,0,0,0,0,0,0,0,0,0,0,0,0,0,0,0,0,0,0,0,0,0,0,0,0,0,0,0,0,0,0,0,0,0,0,0,0,0,0,0,0,0,0,0,0,0,0,0,0,0,0,0,0,0,0,0,0,0,0,0,0,0,0,0,0,0,0,0,0,0,0,0,0,0,0,0,0,0,0,0,0,0,0,0,0,0,0,0,0,0,0,0,0,7,0,0,0,0,0,0,0,0,0,0,0,0,0,0,0,0,0,0,0,0,12,0,0,0,0,0,0,0,0,0,0,0,0,0,0,0,0,0,0,0,0,0,0,0,0,90,0,0,0,0,0,0,0,0,0,0,0,0,0,0,0,0,0,0,0,0,0,0,0,0,0,0,0,0,0,0,0,0,0,0,0,0,0,0,0,0,0,0,0,0,0,0,0,730,0,0,0,0,0,0,0,0,0,0,0,0,0,0,0,0,0,0,0,0,0,4822,0,0,0,0,0,0,0,0,0,0,0,0,0,0,0,0,0,0,0,0,0,0,0,0,0,0,0,0,0,0,0,0,0,0,0,0,0,0
"D168",0,0,0,0,0,0,0,3,0,4,0,0,0,0,0,0,0,0,0,0,0,0,0,0,0,0,0,0,0,0,0,0,0,0,0,0,0,0,0,0,0,0,0,0,0,0,0,4,0,0,0,0,0,0,0,0,0,0,0,0,0,0,0,0,0,0,0,307,0,0,0,0,0,0,0,0,0,0,0,0,0,0,0,5,0,0,0,0,0,0,0,0,0,0,0,0,0,0,0,0,0,0,0,0,0,0,0,0,0,0,0,0,0,0,0,0,0,0,0,0,17,0,0,0,0,0,0,0,0,0,0,0,1,0,0,0,0,0,0,0,0,0,0,70,0,0,0,0,0,0,0,0,0,0,10,0,0,0,0,0,0,0,0,25,0,0,0,0,0,0,0,0,0,0,0,0,0,0,0,0,0,0,0,0,0,0,0,0,0,0,0,0,0,0,0,0,0,0,0,9,0,16,0,0,27,0,0,0,0,0,0,0,0,0,0,0,0,0,0,0,0,0,0,0,0,0,7,0,0,0,24,0,0,0,0,0,0,0,0,0,0,0,0,0,0,0,0,0,0,0,99,0,0,0,0,0,0,0,0,0,0,0,0,0,0,0,0,0,0,0,0,0,0,0,0,0,0,0,0,0,0,0,0,0,0,0,0,0,0,0,0,0,0,0,0,2,0,0,0,0,0,1,0,0,0,0,0,0,0,0,0,0,0,0,15,0,0,0,0,0,0,0,0,0,0,0,2,0,0,0,0,0,0,0,51,0,0,0,0,7,0,0,0,0,0,0,0,0,0,0,0,0,1,0,0,0,0,0,0,14,0,0,0,0,2,0,0,0,0,0,0,0,0,0,0,0,0,0,0,0,0,0,0,0,0,8,0,0,49,0,0,0,0,0,0,0,0,0,0,0,0,0,0,0,0,0,6,0,0,0,0,0,0,0,0,0,0,0,0,0,0,4,0,0,0,48,0,0,0,0,0,0,0,0,0,0,0,0,0,0,0,0,0,0,0,0,0,0,0,0,0,0,0,0,0,0,0,0,28,0,0,0,0,0,0,0,0,0,0,0,0,0,0,0,0,0,0,9,0,0,0,0,0,50,0,65,0,0,0,0,0,0,0,0,0,0,0,0,0,12,0,0,0,0,0,0,0,0,0,0,0,0,0,0,0,0,0,0,0,0,0,0,0,0,0,0,0,0,0,0,0,0,3,0,0,0,0,0,0,0,0,0,0,0,0,0,0,2,0,0,0,0,0,0,1,0,0,0,0,0,0,0,0,0,0,0,0,0,0,0,0,0,0,0,0,0,0,0,0,0,0,0,0,0,0,0,0,0,0,0,0,0,0,0,0,0,0,0,0,0,0,0,0,0,0,0,14,0,0,0,0,0,0,0,0,0,0,0,0,0,0,0,0,0,0,0,0,0,0,17,0,0,0,0,0,0,0,0,0,0,0,0,0,0,0,0,0,13,0,0,0,0,0,0,0,0,0,0,0,0,0,7,0,0,0,0,0,0,0,0,0,0,0,0,0,0,0,0,0,0,0,2,0,0,0,0,0,0,21,0,0,0,0,0,0,0,0,0,0,0,0,0,69,0,28,0,0,0,0,0,0,0,0,0,0,5,0,0,0,0,0,0,0,0,0,0,0,0,0,0,0,0,0,0,0,0,0,0,0,0,0,0,0,0,0,0,0,0,0,0,0,0,0,0,0,0,0,0,0,0,0,0,0,0,0,0,0,135,0,0,0,17,0,0,0,1304,0,0,0,0,0,0,0,0,0,0,0,0,0,0,0,0,0,0,0,0,0,26,0,0,0,0,0,0,0,0,0,0,0,0,0,0,0,0,0,0,0,0,0,0,0,0,0,0,0,0,0,2,0,0,0,0,0,0,0,0
"D169",0,0,0,0,0,0,0,0,0,5,0,0,0,0,0,0,0,0,0,0,0,0,0,0,0,0,0,0,0,0,0,0,0,0,0,0,0,0,0,0,0,0,0,0,0,0,0,0,0,0,0,0,0,0,0,0,0,0,0,0,0,0,0,0,0,0,0,0,0,0,0,0,0,0,0,0,0,0,0,0,0,0,0,0,0,0,0,0,0,0,0,0,0,0,0,0,0,0,0,0,0,0,0,0,0,0,0,0,0,0,0,0,0,0,0,0,0,0,0,0,0,0,0,0,0,0,0,0,0,0,0,0,0,0,0,0,0,0,0,0,0,0,0,0,0,0,0,0,0,0,0,0,0,0,0,0,0,0,0,0,0,0,0,0,0,0,0,0,0,0,4,0,0,0,0,0,0,0,0,0,0,0,0,0,0,0,0,0,0,0,0,0,0,0,0,0,0,0,0,0,0,0,0,0,0,0,0,0,0,0,0,0,0,0,0,0,0,0,0,0,0,0,0,0,0,0,0,0,0,0,0,0,0,0,0,0,0,0,0,0,0,0,0,0,0,0,0,0,0,0,0,0,0,0,0,0,0,0,0,0,0,0,0,0,0,0,0,0,0,0,0,0,0,0,0,0,0,0,0,0,0,0,0,0,0,0,0,0,0,0,0,0,0,0,0,0,0,0,0,0,0,0,0,0,0,0,0,0,0,0,0,0,0,0,35,0,0,0,0,0,0,0,0,0,0,0,0,0,0,0,0,0,0,0,0,0,0,0,0,0,0,0,0,0,0,0,0,0,0,0,0,0,0,0,0,0,0,0,0,56,0,0,0,0,0,0,0,0,0,0,0,0,0,0,0,0,0,0,0,0,0,0,0,0,0,0,0,0,0,0,0,0,0,0,0,0,0,0,0,0,0,0,0,0,0,0,0,0,0,0,0,0,0,0,0,0,0,0,0,0,0,0,0,0,0,0,0,0,0,0,0,0,0,0,0,0,0,0,0,0,0,0,0,0,0,0,0,5,0,0,0,0,0,0,0,0,0,0,6,0,0,0,0,0,0,0,0,0,0,0,0,0,0,0,0,0,0,0,0,0,0,0,0,0,0,7,0,0,0,0,0,0,0,0,0,0,0,0,0,0,0,0,0,0,0,0,0,0,0,0,0,0,0,0,0,0,0,0,0,0,0,0,0,0,0,0,0,0,0,0,0,0,0,0,0,0,0,0,0,0,0,0,0,0,0,0,0,0,0,0,0,0,0,0,0,0,0,0,0,0,0,0,0,0,0,0,0,0,0,0,0,0,0,0,0,0,0,0,0,0,0,0,0,0,0,0,0,0,0,0,0,0,0,0,0,0,0,0,0,0,0,0,0,0,0,0,0,0,0,0,0,0,0,0,0,0,0,0,0,0,0,0,0,0,0,0,0,0,0,0,0,0,0,0,0,0,0,0,0,0,0,0,0,0,0,0,0,0,0,0,0,0,0,0,0,0,0,0,0,0,0,0,0,0,0,0,0,0,0,0,0,0,0,0,0,0,0,0,0,0,0,6,0,0,0,0,0,0,0,0,0,0,0,0,0,0,0,0,0,0,0,0,246,0,0,0,0,0,0,0,0,0,0,0,0,0,0,0,0,0,0,0,0,0,0,0,0,0,0,0,0,0,0,0,0,0,0,0,0,0,0,0,0,0,0,0,0,0,0,0,0,0,0,0,0,0,0,0,0,0,0,0,0,0,0,0,0,0,0,0,0,0,0,0,0,2263,0,0,0,0,0,0,0,0,0,0,0,0,0,0,0,0,0,0,0,0,0,558,0,0,0,0,0,0,0,0,0,0,0,0,0,0,0,0,0,0,0,0,0,0,0,0,0,0,0,0,0,0,0,0,0,0,0,0,0,0
"D170",0,0,0,0,1,0,0,0,0,0,1,0,0,0,0,0,0,0,0,0,100,0,0,0,0,0,0,0,0,0,0,0,0,0,3,0,2,0,23,0,0,0,0,0,70,0,6,200,0,0,0,3,0,0,0,0,0,0,47,0,0,8,0,2,12,0,0,32,0,4,0,20,11,3,0,0,0,0,0,0,0,0,174,0,0,8,0,528,0,8,0,0,0,0,0,0,3,153,47,0,0,0,0,0,0,0,0,510,0,0,0,0,0,0,125,0,46,55,2,0,0,9,0,0,0,0,19,0,0,0,0,131,0,44,0,9,0,0,398,0,0,0,0,0,0,0,0,0,0,0,0,0,0,0,0,0,0,0,109,0,0,0,0,8,0,0,0,0,0,0,0,2865,0,0,0,0,0,22,0,0,0,0,0,0,0,0,22,0,0,12,0,0,1,44,0,0,8,0,0,0,6,0,0,0,196,0,44,2,0,0,0,0,2,238,0,0,109,4,7,2,0,0,0,0,0,0,0,0,0,0,0,0,0,0,0,0,0,0,0,8,0,0,0,0,0,0,7,0,0,29,0,0,0,17,37,0,0,0,0,0,0,0,0,1035,130,0,0,0,0,0,0,0,0,1,0,0,0,0,0,0,0,0,17,0,0,0,0,0,0,0,0,0,0,0,0,0,0,0,0,0,0,0,0,0,0,0,0,0,301,0,0,0,0,5,0,13,0,0,0,0,0,127,0,0,0,0,0,0,23,0,10,0,0,0,0,0,0,0,0,0,0,72,21,0,0,0,0,0,0,41,0,0,1,0,0,285,0,5,0,0,0,0,0,0,2,0,0,2,0,0,1,0,33,8,0,0,3,0,0,0,0,0,0,0,0,0,0,0,0,3,0,0,0,0,0,0,252,20,0,0,0,0,0,0,0,0,0,0,0,0,0,15,2,0,0,0,0,0,0,0,0,0,0,0,0,1,0,0,0,6,0,0,0,0,0,0,3,0,0,0,0,0,0,0,4,0,0,0,0,0,3,0,0,0,0,0,0,0,0,0,0,0,0,2,0,0,0,0,0,0,0,0,449,0,0,0,0,4,0,0,0,0,0,0,0,0,0,46,0,0,0,0,0,7,17,0,0,0,0,0,0,12,0,114,0,10,2,0,2,0,0,0,0,0,6,0,0,0,0,0,0,0,0,0,0,0,0,0,0,9,0,0,0,0,0,0,2,103,42,2,0,0,0,34,0,0,0,0,25,0,0,0,0,16,0,229,54,402,0,0,5,0,0,0,2,0,0,0,0,0,0,0,0,0,0,0,0,346,2,0,2,0,0,0,0,0,0,0,0,0,0,0,0,5,0,2,650,0,0,28,145,0,0,0,0,0,1,0,0,0,0,0,0,4,757,0,0,0,0,0,0,0,78,0,0,0,3,985,0,0,0,6,0,0,32,0,0,0,0,0,0,0,0,0,0,0,0,1,0,0,0,0,11,0,0,0,0,0,992,319,0,0,0,0,0,500,0,2158,0,0,0,0,0,60,4,4,74,2,3,0,0,0,0,0,0,13,0,0,0,5,18,0,34,0,0,2,64,4,0,0,0,0,0,0,0,0,0,0,28,0,0,0,0,88,0,0,2,0,0,0,0,0,0,0,15,0,0,0,0,0,0,3,0,0,0,70,0,0,0,0,0,0,0,0,0,0,0,34,0,0,0,0,0,2,0,0,5,482,0,0,0,0,0,4882,0,0,0,0,0,0,2,0,3,0,0,0,0,0,0,0,14,0,10,0,3,0,0,0,0,0,0,0,0,3,0,0,0,0,0,0,0,4,0,0,0,0,0,0,2,2,0,0,5,2,0,661,0,49,0,0,0,97,0,0,0,0,0,0,0,0,0,6,0,0,0,0
"D171",13,19,165,14,0,0,7,21,10,0,0,0,0,54,13,51,119,3,6,2,0,10,1,514,0,2,4,151,0,1,36,0,13,49,32,225,0,0,0,0,70,1,323,0,497,0,19,0,12,6,0,1,13,9,0,97,0,202,0,15,0,0,86,11,12,43,0,3,54,0,16,1,0,25,0,4,1,0,0,416,275,8,0,0,0,6,0,0,39,4,0,30,0,1,0,4,0,0,0,4,91,0,0,0,29,10,2,0,26,0,21,0,20,2,0,0,0,0,8,118,0,0,1,18,0,0,0,3,0,65,1,0,2,0,15,4,5,0,0,0,7,0,0,0,4,395,0,4,0,3,0,33,41,3,3,84,29,0,36,101,0,0,4,17,109,10,112,144,2,0,13,0,27,0,47,827,3,0,0,14,0,0,1,121,3,0,0,10,46,0,0,0,0,0,0,0,0,25,14,0,68,5,5,83,0,32,0,8,43,35,0,0,22,0,4,45,0,0,0,1,13,83,5,23,617,0,2,0,51,0,0,11,9,47,120,0,96,0,15,200,144,41,3,17,77,0,0,0,0,0,5,23,5,5,0,11,30,23,14,0,32,42,0,0,0,26,0,0,27,0,0,7,0,0,7,34,11,12,51,10,34,15,0,7,4,0,45,15,2,155,573,19,3,26,1,0,2,4,9,19,24,2,2,0,0,40,10,58,0,0,0,1,76,3,0,0,9702,41,0,196,22,0,0,0,0,0,0,4,0,14,3,39,0,0,3,57,398,0,6,11,0,0,0,2,0,8,0,106,0,0,9,4,52,11,6,9,0,0,19,0,59,0,2,22,0,0,122,0,0,0,430,0,0,0,33,21,1,0,25,0,2,89,0,0,12,4,45,52,0,128,21,58,37,1,51,43,0,350,0,42,0,21,5,5,2,8,9,38,0,0,19,141,0,0,38,41,208,0,6,0,41,0,2,53,98,88,149,19,0,0,0,0,7,127,1,16,0,0,41,0,33,42,75,13,5,0,0,0,8,0,3,107,26,8,137,26,7,20,0,0,4,0,318,10,99,0,59,9,16,86,106,304,0,12,5,43,0,3,221,6,0,91,0,10,3,0,20,0,55,56,110,1,0,0,0,2,0,58,236,6,8,0,0,0,1,0,185,0,109,6,0,66,38,4,0,0,6,58,14,0,5,2,5,17,0,371,10,0,0,0,104,0,0,81,0,0,3,2,0,0,913,138,4,0,211,7,50,28,0,0,4,10,235,4,0,0,0,0,0,0,0,247,23,0,0,4,3,0,14,0,0,0,0,248,55,0,0,0,0,12,0,26,9,22,2,17,6,2,28,22,160,0,0,16,11,0,0,10,13,0,0,9,0,28,0,2,0,78,0,0,0,0,0,0,0,12,34,21,191,0,3,0,0,9,133,0,6,0,52,0,0,0,979,11,0,0,18,96,0,120,1,18,0,6,0,0,28,25,3,9,5,12,0,93,37,1,2,0,23,0,188,0,47,66,180,0,9,0,0,0,0,0,143,0,81,16,0,0,15,122,0,0,0,1,0,0,4,4,0,5,0,15,0,0,22,3,0,1475,1340,68,16,17,0,12,0,17,20,29,0,13,1,11,87,0,3,3,0,2,0,34,20,28,33,0,0,41,85,0,13,4,153,40,14,26,87,0,0,62,0,1,8,0,19,5,19,12,2,0,2,0,1,5,0,59,0,0,38,0,13,3,17,93,2,0,0,0,0,0,0,308,0,0,583,0,0,0,5,10,29,4,0,9,160,0,3,0,9,0,2,0,11,20,33,0,122,73,8,95,0,8,0,0,22,0,6,19,20,5,0,0,16,4,0,21,0,0,16,14,0,2,3,0,35,0,2,362,31,9,0,0,30,2,0,0,2,67
"D172",0,0,0,0,0,0,0,0,0,0,0,0,0,0,0,0,0,0,0,0,0,0,0,0,0,0,0,0,0,0,0,0,0,0,0,0,0,0,0,0,0,0,0,0,0,0,0,0,0,0,0,0,0,0,0,0,0,0,0,0,0,0,0,0,0,0,0,0,0,0,0,0,0,0,0,0,0,0,0,0,0,0,0,0,0,0,0,0,0,0,0,0,0,0,0,0,0,0,0,0,0,0,0,0,0,0,0,0,0,0,0,0,0,0,0,0,0,0,0,0,0,0,0,0,0,0,0,0,0,0,0,0,0,0,0,0,0,0,0,0,0,0,0,0,0,0,0,0,0,0,0,0,0,0,0,0,0,0,0,0,0,0,0,0,0,0,0,0,0,0,0,0,0,0,0,0,0,0,0,0,0,0,0,0,0,0,0,0,0,0,0,0,0,0,0,0,0,0,0,0,0,0,0,0,0,0,0,0,0,0,0,0,0,0,0,0,0,0,0,0,0,0,0,0,0,0,0,0,0,0,0,0,0,0,0,0,0,0,0,0,0,0,0,0,0,0,0,0,0,0,0,0,0,0,0,0,0,0,0,0,0,0,7,0,0,0,0,0,0,0,0,0,0,0,0,0,0,0,0,0,0,0,0,0,0,0,0,0,0,0,0,0,0,0,0,0,0,0,0,0,0,0,0,0,0,0,0,0,0,0,0,0,0,0,0,0,0,0,0,0,0,0,0,0,0,0,0,0,0,0,0,0,0,0,0,0,0,0,0,0,0,0,0,0,0,0,0,0,0,0,0,0,0,0,0,0,0,0,0,0,0,0,0,0,3,0,0,0,0,0,0,0,0,0,0,0,0,0,0,0,0,0,0,0,0,0,0,0,0,0,0,0,0,0,0,0,0,0,0,0,0,0,0,0,0,0,0,0,0,0,0,0,0,0,0,0,0,0,0,0,0,0,0,0,0,0,0,0,0,0,0,0,0,0,0,0,0,0,0,0,0,0,0,0,0,0,0,0,0,0,0,0,0,0,0,0,0,0,0,0,0,0,0,0,0,0,0,0,0,0,0,0,0,0,0,0,0,0,0,0,0,0,0,0,0,0,0,0,0,0,0,0,0,0,0,0,0,0,0,0,0,0,0,0,0,0,0,0,0,0,0,0,0,0,0,0,0,0,0,0,0,0,0,0,0,0,0,0,0,0,0,0,0,0,0,0,0,0,0,0,0,0,0,0,0,0,0,0,0,0,0,0,0,0,0,0,0,0,0,0,0,0,0,0,0,0,0,0,0,0,0,0,0,0,0,0,0,0,0,0,0,0,0,0,0,0,0,0,0,0,0,0,0,0,0,0,0,0,0,0,0,0,0,0,0,0,0,0,0,0,0,0,0,0,0,0,0,0,0,0,0,0,0,0,0,0,0,0,0,0,0,0,0,0,0,0,0,0,0,0,0,0,0,0,0,0,0,0,0,0,0,0,0,0,0,0,0,0,0,0,0,0,0,0,0,0,0,0,0,0,0,0,0,0,0,0,0,0,0,0,0,0,0,0,0,0,0,0,0,0,0,0,0,0,0,0,0,0,0,0,0,0,58,0,0,0,0,0,0,0,0,0,0,0,0,0,0,0,0,0,0,0,0,0,0,0,0,15,0,0,0,0,0,0,0,0,0,0,0,0,0,0,0,0,0,0,0,0,0,0,0,0,0,0,0,0,0,0,0,0,0,0,0,0,0,0,0,0,0,0,0,0,0,0,0,976,0,0,0,0,0,0,0,0,0,0,0,0,0,0,0,0,0,0,0,0,0,11,0,0,0,0,0,0,0,0,0,0,0,0,0,0,0,0,0,0,0,0,0,0,0,0,0,0,0,0,0,0,0,0,0,0,0,0,0,0
"D173",3,0,0,0,0,414,2,0,0,0,0,0,0,0,0,0,0,0,0,0,0,0,0,0,0,0,0,0,0,4,0,0,0,0,0,0,0,9,0,5,0,0,0,0,0,0,9,0,0,0,0,0,0,0,0,0,0,0,0,0,0,0,0,0,0,0,0,68,93,0,0,4,0,0,0,0,0,0,12,0,0,0,0,17,0,0,8,0,0,2,0,0,1,0,23,0,0,0,0,0,0,0,0,0,0,0,0,0,0,0,0,0,0,0,0,0,0,0,0,0,0,0,0,0,0,2,0,0,0,0,0,0,0,0,0,0,0,0,0,0,0,35,0,0,0,0,0,0,347,0,92,0,0,0,5,0,0,53,0,0,0,0,0,0,0,0,0,0,0,0,0,0,0,253,0,0,0,0,7,0,0,0,0,0,0,58,0,0,0,0,0,0,0,0,0,0,0,0,0,2,0,4,0,0,0,0,0,0,0,0,0,2,0,0,0,0,9,0,0,0,0,0,0,0,0,0,0,0,0,0,23,0,0,0,0,320,0,11,0,0,0,0,0,0,0,0,0,0,0,0,29,0,0,10,0,0,0,7,0,0,0,0,90,0,0,0,0,13,0,0,0,0,0,0,0,0,0,2,0,0,0,0,0,0,0,0,0,0,0,0,0,0,0,0,0,0,0,0,0,0,0,0,0,2,70,0,0,0,0,0,0,0,0,0,2,0,0,0,0,0,0,0,0,0,0,0,0,0,0,0,0,0,2,0,2,0,0,0,0,0,0,0,0,0,0,0,0,0,0,0,0,0,0,0,0,0,0,0,0,0,0,2,0,0,859,4,0,463,0,0,0,0,0,0,0,0,0,0,0,0,0,0,0,145,0,0,0,0,2,0,0,0,0,0,0,0,0,0,0,18,0,0,0,9,0,0,0,0,3,0,0,0,0,0,0,0,0,0,26,0,0,0,0,0,0,6,0,0,0,0,0,0,0,0,0,0,0,0,0,12,0,0,0,0,0,25,0,0,0,0,0,0,0,0,0,0,0,0,2,0,0,0,0,0,0,0,1574,0,0,0,0,0,0,0,0,0,0,36,0,0,2,0,0,2,0,221,0,0,0,0,0,0,0,0,0,0,16,0,0,0,0,0,0,0,0,0,0,0,0,0,11,0,0,0,0,0,0,0,0,0,0,0,0,0,0,0,0,0,0,0,0,14,0,0,0,0,0,0,2,2,0,0,0,0,0,0,0,0,0,4,0,0,0,1,0,0,0,0,0,0,0,0,0,0,0,0,0,3,0,45,0,2,0,0,0,0,11,0,0,0,2,0,0,0,0,0,0,0,0,0,0,0,0,0,0,0,0,0,0,0,0,0,0,0,0,0,4,0,2,3,0,0,0,0,0,0,0,0,0,0,0,0,0,0,0,0,0,0,0,3,120,0,0,0,0,0,0,0,0,0,4,0,20,0,0,2,0,19,3,0,0,0,0,0,0,0,0,4,2,0,0,0,0,0,0,0,0,0,0,285,0,27,0,0,0,0,0,0,0,0,0,0,0,0,0,0,0,0,6,0,0,0,0,3,7,0,0,0,0,0,0,0,0,0,0,0,0,0,0,0,0,0,0,0,0,0,0,0,0,0,0,0,0,0,0,0,0,0,0,0,0,0,0,0,0,0,0,0,5,0,0,0,0,0,0,0,0,0,0,0,0,0,0,0,1,0,0,0,0,0,0,0,0,0,0,0,0,12,0,0,0,0,0,17,0,0,0,0,0,0,0,0,0,0,0,0,0,0,0,0,0,0,0,0,0,0,0,0,0,0,0,0,0,0,0,0,0,0,0,0,0,0,0,0,0,0,0,0,0,0,0,0,0,0,0,0,0,0,0,0,0,2,0,0,0,0
"D174",5,0,0,0,0,179,0,0,0,17,0,0,2,0,12,0,0,0,0,0,0,0,0,0,0,0,0,0,0,10,0,0,0,0,0,2,0,23,0,7,0,0,0,0,0,0,1,0,0,0,0,5,0,0,0,0,0,0,0,0,0,0,0,0,0,0,4,0,13,0,0,8,0,0,0,0,0,0,4,0,0,0,0,14,0,0,598,0,0,4,0,0,0,0,37,0,0,0,0,0,5,0,0,0,0,0,0,0,0,2,0,0,0,0,0,0,0,0,0,8,0,0,0,0,0,0,0,0,0,0,0,0,0,0,0,0,0,0,0,0,0,26,0,0,0,0,0,0,889,0,43,0,0,0,3,0,2,133,0,0,0,0,0,0,0,0,0,2,5,0,0,0,0,30,0,0,0,0,0,0,0,0,0,0,0,155,0,0,0,0,0,0,0,0,5,0,0,0,0,0,0,0,0,2,2,0,0,0,0,0,0,0,0,0,0,0,5,0,0,0,0,0,0,0,0,0,21,0,0,0,55,0,0,0,0,177,0,0,0,0,0,0,0,0,0,0,0,0,0,0,9,0,0,0,0,0,0,0,0,0,0,0,49,0,0,0,0,8,0,0,0,0,0,0,0,0,0,0,0,0,0,0,0,0,0,0,0,0,0,0,8,0,0,0,0,4,0,0,0,0,0,1,0,10,86,7,0,0,0,0,0,0,0,0,0,0,0,0,0,3,0,0,0,0,0,0,0,0,0,0,0,0,17,0,9,0,0,0,0,0,4,0,0,0,0,0,0,0,0,0,0,0,0,0,0,0,0,0,0,0,0,0,0,0,265,2,0,25,0,0,0,0,0,0,0,0,0,0,0,0,0,0,0,8,0,0,0,0,11,0,0,0,0,0,0,0,0,15,0,7,0,0,0,24,0,0,0,0,0,0,0,0,0,0,0,0,0,0,4,0,0,2,0,0,0,7,0,0,100,0,0,0,0,0,0,0,0,0,0,0,0,4,0,0,0,42,0,0,0,2,0,0,0,0,0,0,0,0,0,0,0,0,0,0,0,0,30,0,0,0,0,0,0,0,0,0,0,50,0,0,0,0,0,4,0,22,0,0,0,0,0,0,596,0,0,0,25,0,0,11,0,0,0,0,2,0,0,0,0,0,0,0,0,0,0,3,8,0,0,0,0,0,0,0,0,0,0,0,0,0,0,0,2,0,0,0,0,0,0,0,0,0,0,0,0,0,0,0,0,0,0,0,0,0,0,0,0,0,0,0,0,0,0,0,0,0,0,74,0,44,0,0,0,0,0,0,15,0,0,0,0,0,0,0,0,0,0,0,0,0,4,0,0,0,4,0,0,0,0,0,0,0,0,0,0,0,4,0,0,0,2,0,0,0,0,0,0,0,0,0,0,0,0,0,0,0,0,0,0,6,0,0,0,0,0,0,0,0,0,1,0,0,11,0,0,4590,0,9,8,0,0,0,0,0,0,0,0,0,0,0,6,0,0,0,0,0,0,0,0,59,0,110,0,18,0,0,0,0,0,0,0,0,0,0,0,0,0,0,20,0,0,0,0,7,45,0,0,2,0,0,0,0,0,0,38,0,0,0,0,0,1,0,0,0,0,0,0,0,4,0,0,0,0,31,0,0,0,687,757,0,0,0,0,0,0,0,0,0,0,0,0,0,0,5,0,0,0,0,0,0,0,0,0,0,0,0,0,0,0,2,0,0,0,4,0,0,0,2,0,0,0,0,0,20,0,0,0,0,0,0,0,0,0,2,4,0,0,0,0,0,0,0,0,0,0,0,0,0,0,0,0,0,0,0,0,0,0,0,0,0,0,0,0,0,0,0,0,0,0,0,0,0,0,0,0,0,0,15,0,0,0,0,0,0,0,3
"D175",0,26,113,10,0,0,0,33,77,0,1,0,0,0,0,20,186,0,10,9,5,0,48,79,42,3,4,0,4,0,23,139,49,4,7,5,175,0,0,0,65,0,3,18,153,4,40,0,0,0,17,0,130,0,258,218,66,64,48,17,0,0,0,16,48,0,0,34,287,0,47,1,0,4,0,20,14,0,0,4,19,20,0,0,2,154,20,2,79,0,6,9,0,0,0,3,0,0,0,7,120,12,30,25,3,45,6,0,0,0,22,0,0,54,0,1,0,0,12,37,3,0,15,2,126,0,10,7,132,0,0,0,0,19,46,157,5,50,0,8,2,0,0,44,8,639,20,0,0,10,0,0,40,18,0,0,0,0,2,15,0,0,31,2,5,20,0,0,5,7,20,0,4,0,13,113,0,0,0,0,10,0,0,66,10,0,0,22,0,0,3,0,10,0,0,12,13,6,20,48,9,0,16,0,0,0,0,71,0,24,4,0,12,0,0,24,0,6,10,0,2,0,14,38,32,20,53,0,3,9,3,18,0,24,3,0,50,0,53,0,16,10,24,2,0,23,0,0,23,0,47,20,42,0,0,4,10,82,29,20,0,0,0,0,0,46,10,0,172,0,24,0,50,5,0,4,18,0,0,2,14,0,0,6,9,43,6,79,1,38,0,92,2,0,4,1,26,0,0,76,26,0,5,0,0,19,2,0,8,0,0,40,0,0,3,105,135,2,0,223,5,0,0,0,0,6,1,0,2,15,0,0,26,0,0,8,23,56,0,0,0,7,0,0,5,4,0,314,0,0,8,50,107,6,0,0,0,1,3,0,0,0,5,22,0,0,11,0,59,5,7,14,10,0,77,0,0,2,14,19,3,34,78,0,21,0,3,10,0,17,0,0,38,15,1,15,0,418,0,0,114,10,0,4,0,0,113,6,0,0,152,144,0,5,9,14,5,80,92,16,58,7,2,209,355,12,78,3,0,15,0,3,8,58,5,0,17,3,13,0,6,63,0,0,52,0,18,0,46,0,12,40,31,7,65,15,1,0,0,0,5,43,268,10,0,1,15,10,72,3,13,38,0,5,117,0,4,0,31,34,0,74,5,0,7,0,8,0,10,25,24,0,0,0,0,7,0,0,98,0,8,0,17,0,0,12,2,0,0,40,0,57,7,24,0,9,25,5,24,4,1,0,2,7,0,84,30,4,104,24,9,0,0,193,0,2,21,8,0,0,113,67,22,0,14,8,0,66,0,0,11,2,0,0,16,0,0,0,0,0,0,0,1,37,0,0,45,0,14,0,2,0,2,8,14,28,0,0,18,17,0,0,65,12,0,18,0,0,50,0,76,0,0,0,4,0,0,21,0,0,0,0,52,1,2,1,8,56,0,0,0,81,30,40,0,0,19,43,42,0,0,2,0,0,24,10,2,0,0,0,1,0,2,6,8,2,1,3,13,84,0,8,0,7,0,0,2,90,0,4,4,22,0,16,13,313,0,4,98,0,5,0,61,29,3,0,0,0,0,0,8,0,9,0,32,50,0,0,392,0,0,4,6,0,0,0,21,8,0,25,0,66,0,0,21,2,0,420,35,21,39,0,0,0,0,23,41,6,0,3,3,326,0,0,16,0,0,3,0,19,26,9,0,0,0,196,14,0,205,23,254,19,18,0,5,0,1,13,0,108,0,142,118,30,0,3,1,0,11,28,20,12,0,27,13,0,122,0,3,10,0,12,0,0,0,0,4,0,0,8,13,0,120,0,0,0,280,18,0,2,0,2,155,0,7,4,7,0,16,157,25,27,15,6,42,4,37,30,30,1,13,0,15,70,4,0,7,23,86,3,0,5,18,18,0,0,4,0,18,23,0,0,0,41,0,48,80,0,0,14,0,0,41,10,3,0
"D176",0,0,0,0,0,0,0,0,0,0,0,0,0,0,0,0,0,0,0,0,0,0,0,0,5,0,0,0,0,0,0,0,0,0,0,0,12,0,0,0,0,0,8,0,7,0,0,0,5,0,0,0,0,0,0,0,3597,0,0,0,0,0,0,0,7,0,0,0,25,0,0,24,0,0,0,0,0,0,0,0,0,0,0,0,0,13,0,0,0,0,0,0,6,0,0,0,0,0,0,0,0,0,0,0,0,0,0,0,0,0,0,0,0,0,0,0,0,0,0,0,19,0,0,0,0,0,0,0,0,0,0,0,0,0,0,0,0,0,0,0,0,0,0,0,0,0,0,0,0,0,0,0,0,0,0,0,0,0,0,0,0,0,0,64,0,0,0,0,0,0,0,3,0,0,0,0,0,0,25,0,0,0,0,0,0,0,0,0,0,0,0,0,0,0,0,0,0,0,0,0,0,0,0,0,0,0,0,0,0,0,0,0,0,0,0,0,0,0,0,0,0,0,0,0,0,0,0,0,0,0,0,0,0,0,0,0,0,2,0,0,0,0,0,0,0,0,0,0,0,0,0,0,0,0,0,0,0,0,0,0,0,0,0,0,0,0,0,0,0,0,0,0,0,0,0,0,0,0,0,0,0,0,0,0,0,0,0,0,0,0,0,0,0,0,0,0,0,0,0,0,0,0,0,0,0,0,0,0,0,0,0,0,0,0,120,0,0,0,0,0,0,0,0,0,0,0,0,0,0,0,0,0,0,0,0,0,0,0,0,0,53,0,0,0,0,0,0,0,0,0,0,0,0,0,0,0,0,0,0,0,0,15,0,0,2,0,0,20,0,0,0,0,0,0,0,0,0,0,0,0,0,0,0,0,0,0,0,0,0,0,0,0,0,0,0,0,0,0,0,0,0,0,0,0,0,0,0,0,0,0,0,0,0,0,0,0,0,0,0,0,0,0,0,0,0,0,0,0,0,0,0,0,0,0,0,0,0,0,0,0,0,0,0,0,0,0,0,33,0,0,0,0,0,0,0,0,0,0,0,0,0,0,0,0,0,0,0,0,0,0,0,0,0,0,0,0,0,0,0,0,0,0,0,0,0,0,0,0,0,0,0,0,0,0,0,0,0,0,0,0,0,0,0,0,0,0,0,0,0,0,0,0,0,0,0,0,0,0,0,0,0,0,0,0,0,0,0,0,0,10,0,0,0,8,0,0,0,0,0,0,0,0,0,0,0,0,0,0,0,8,0,74,0,0,4,0,0,0,0,0,0,0,0,0,0,0,0,0,0,0,0,0,0,0,0,1,0,0,0,0,0,0,0,0,0,0,0,0,0,0,0,0,0,214,0,0,0,0,0,0,0,0,0,0,0,0,0,0,0,4,0,0,0,0,0,0,0,0,0,0,40,0,0,0,0,0,0,0,0,0,0,0,0,0,0,0,0,0,0,0,0,0,0,0,0,0,0,0,0,0,0,0,0,0,0,0,0,7,0,0,0,0,0,0,0,0,0,0,0,0,11,0,0,0,0,0,0,0,0,0,0,0,0,0,0,0,0,0,0,0,0,0,0,0,0,0,0,0,0,0,0,0,0,0,0,0,0,0,0,0,0,0,0,0,3,0,0,0,0,0,0,0,0,0,0,0,0,0,0,0,0,0,0,5,0,0,0,0,0,0,0,0,0,0,0,0,0,0,0,0,0,0,0,0,0,0,2,0,0,0,0,6,15,3,0,0,0,0,0,0,0,0,0,2,0,0,0,0,0,0,0,0,0,0,0,0,0,0,0,0,0,0,0,0,0,0,0,86,0,0,0,0,0,0,0,0,0,0,0,0,0,0,0,0,0,0,0,0,0,0,0,0,0,0,0,0,0,0,0,0,0,0,0,0,0,0
"D177",9,0,0,0,0,0,0,0,0,2078,0,0,0,0,0,0,0,0,0,0,0,0,0,0,0,0,0,0,0,0,0,0,0,0,0,0,0,0,0,0,0,0,0,0,0,0,0,0,0,0,0,0,0,0,0,0,0,0,0,0,0,0,0,0,0,0,0,0,0,0,0,0,0,0,0,0,0,0,0,0,0,0,0,0,0,0,0,0,0,6,0,0,467,0,0,0,0,0,0,0,0,0,0,0,0,0,0,0,0,0,0,0,0,0,0,0,0,0,0,0,0,0,0,0,0,0,0,0,0,0,0,0,0,0,0,0,0,0,0,0,0,0,0,11,0,0,0,0,0,0,0,0,0,0,428,0,0,0,0,0,0,0,0,0,0,0,0,0,0,0,0,0,0,0,0,0,0,0,0,0,0,0,0,0,0,0,0,0,0,0,0,0,0,0,0,0,0,0,0,0,0,0,0,0,0,0,0,0,0,0,0,0,0,0,0,0,0,0,0,0,0,0,0,0,0,0,350,0,0,0,15,0,0,0,0,0,0,0,0,0,0,0,0,0,0,0,0,0,0,0,133,0,0,0,0,0,0,0,0,0,0,0,30,0,0,0,0,0,0,0,0,14,0,0,0,0,0,0,0,0,0,0,0,0,0,0,0,0,0,0,0,0,0,0,0,0,0,0,0,0,0,0,5,0,0,0,0,0,0,0,0,0,0,0,0,0,0,0,0,0,0,0,0,0,0,0,0,0,0,0,0,0,412,0,0,0,0,0,0,0,0,0,0,0,0,0,0,0,0,0,0,0,0,0,0,0,0,0,0,2082,0,0,0,0,0,0,0,0,0,0,0,0,0,0,0,0,0,0,0,0,0,0,0,0,0,0,0,0,6,0,0,0,0,0,0,0,0,0,0,0,0,0,0,0,0,0,0,0,0,131,0,0,0,0,0,0,0,0,0,0,0,0,0,0,0,0,0,0,0,0,0,0,0,0,0,0,0,0,0,0,0,0,0,0,0,0,0,0,0,6,0,0,0,0,0,0,0,0,206,0,0,0,0,0,0,0,0,0,0,0,0,0,0,0,0,0,0,165,0,0,0,0,0,0,0,0,0,0,0,0,0,0,0,0,0,0,0,0,0,24,0,0,0,0,65,0,0,0,0,0,0,0,0,0,0,0,0,0,0,0,0,0,0,0,0,0,0,0,0,0,0,28,0,0,0,0,0,0,0,0,0,0,0,0,0,0,0,0,0,0,0,0,0,0,0,0,0,0,0,0,0,0,0,0,0,6,0,0,0,0,0,0,0,0,0,0,0,0,0,0,0,0,0,0,0,0,0,0,0,0,0,0,0,0,0,0,0,0,0,0,0,0,0,0,0,0,0,0,0,0,16,0,0,0,0,0,0,0,0,0,0,0,0,0,0,0,0,0,0,104,1073,0,0,0,0,0,0,0,0,0,0,0,0,0,0,0,0,97,0,0,0,0,0,0,0,0,20,0,0,0,0,4,0,0,0,0,0,0,0,0,0,0,0,0,0,0,0,0,0,0,0,0,0,0,0,0,0,0,8,0,0,0,0,0,0,0,0,0,0,0,0,0,0,0,0,0,0,0,0,0,0,0,0,0,0,67,0,0,0,0,0,0,0,0,0,0,0,564,0,0,0,0,0,0,0,0,0,0,0,0,0,0,0,0,13,0,0,0,0,0,0,0,0,0,0,0,0,0,0,0,0,0,0,0,0,0,0,0,0,0,0,0,0,0,0,69,0,0,0,0,0,0,0,0,0,0,0,0,0,0,0,0,0,0,0,0,0,549,0,0,0,0,0,0,0,0,0,0,0,0,0,0,0,0,0,0,0,0,0,0,0,0,0,0,0,0,0,0,0,0,0,0,0,0,0,0
"D178",0,0,870,0,0,0,0,0,3,0,0,0,0,0,0,391,0,0,74,0,0,12,2,0,0,0,0,89,25,0,0,0,612,0,0,0,0,0,0,0,0,0,0,58,0,0,0,0,0,0,0,0,0,0,0,0,0,0,0,12,0,1,0,0,11,0,0,0,0,0,0,0,0,0,0,0,0,0,0,548,9,0,0,0,0,2,0,0,851,0,0,22,0,0,0,0,0,0,0,0,0,0,2,542,0,0,0,0,0,0,0,0,0,0,0,0,0,0,0,0,0,0,9,0,0,0,0,0,0,0,0,0,0,0,0,0,0,0,0,0,0,0,0,0,0,463,26,0,0,0,0,2,0,0,0,0,0,0,0,0,0,0,328,0,0,0,0,0,0,0,0,0,0,0,0,319,0,0,0,0,0,0,0,0,0,0,0,0,0,0,0,0,0,0,0,0,7,0,0,0,0,0,0,0,0,0,0,0,0,0,0,0,0,0,0,0,0,0,0,0,0,0,0,0,0,0,0,0,0,0,0,0,0,0,0,0,0,0,0,0,0,0,0,0,0,0,0,0,0,0,0,0,0,0,0,0,0,0,4,0,0,0,0,0,0,0,0,0,0,0,0,0,0,0,0,0,0,0,0,19,0,0,0,0,0,0,0,0,0,0,0,0,0,0,0,0,0,0,0,0,0,0,0,0,0,0,0,19,0,0,0,0,0,0,0,0,1524,0,0,0,0,0,0,0,0,21,0,0,0,0,0,0,0,0,0,0,0,38,5,0,0,0,0,0,0,9,0,0,0,0,0,0,0,0,0,0,0,0,0,0,0,0,0,0,0,0,0,0,26,0,10,0,0,0,0,0,0,0,0,0,0,242,0,0,0,0,0,0,0,69,0,0,0,0,0,0,0,428,0,0,0,0,0,0,0,0,0,0,0,0,0,0,0,0,0,0,0,0,0,15,0,0,0,0,0,0,0,0,0,0,1964,0,0,0,0,0,0,0,0,0,0,0,0,0,0,0,0,0,0,0,0,0,0,0,0,0,0,0,0,0,0,0,0,0,0,0,0,0,2411,0,0,0,0,0,81,67,0,0,3,0,0,0,0,0,0,0,0,0,0,0,868,0,0,0,0,0,0,0,0,0,0,0,0,0,0,0,0,0,0,0,0,0,0,0,0,0,0,0,0,0,0,0,0,0,0,0,17,0,0,0,0,0,0,0,0,0,0,0,0,0,2,0,0,0,0,0,0,0,0,0,0,0,0,0,0,0,0,0,0,0,0,0,0,0,0,0,0,0,0,0,0,0,0,0,0,0,0,0,0,0,0,0,3,0,0,0,0,0,130,0,0,0,0,20,0,0,0,0,0,0,0,0,0,0,0,2,0,0,0,0,0,0,0,0,0,0,0,0,0,0,0,0,0,0,6,0,5,0,0,0,1,0,0,0,0,0,0,0,0,0,0,0,0,0,0,0,0,14,0,0,0,0,0,0,0,0,0,0,0,0,0,0,0,0,0,0,0,0,0,0,0,0,0,0,0,0,0,0,0,0,0,0,0,0,0,0,0,2,0,3,0,265,0,0,0,0,0,184,2026,0,0,0,0,0,0,0,0,0,0,0,0,0,392,0,8,0,9,0,0,42,0,120,0,0,0,0,0,0,0,0,0,0,2,0,0,0,0,0,0,0,0,0,0,0,1,0,0,0,0,0,0,0,0,0,7,0,28,0,0,0,0,195,0,0,0,0,0,0,0,112,0,41,0,0,0,0,2,0,0,0,0,0,0,0,0,0,42,0,0,0,0,0,459,0,0,0,0,57,86,2,0,0,0,0,0,0,3,0,0,0,0,0,0,0,0,0,0,0,0,0,0,0,0,0,0,120,0,0,0,0,5,0,0,0,0,0
"D179",0,0,0,0,0,0,0,0,0,5759,0,0,0,0,0,0,0,0,0,0,0,0,0,0,0,0,0,0,0,0,0,0,0,0,0,0,0,0,0,0,0,0,0,0,0,0,0,20,0,0,0,0,0,0,0,0,0,0,0,0,0,0,0,0,0,0,0,0,0,0,0,0,0,0,0,0,0,0,0,0,0,0,0,2,0,0,0,0,0,0,0,0,0,0,181,0,0,0,0,0,0,0,0,0,0,0,0,0,0,0,0,0,0,0,0,0,0,0,0,0,0,0,0,0,0,0,0,0,0,0,0,0,0,0,0,0,0,0,0,0,0,0,0,0,0,0,0,0,0,0,4,0,0,0,4,0,0,0,0,0,0,0,0,0,0,0,0,0,0,0,0,0,0,0,0,0,0,0,0,0,0,0,0,0,0,0,0,0,0,0,0,0,0,0,0,0,0,0,0,0,0,0,0,0,0,0,0,0,0,0,0,0,0,0,0,0,0,0,0,0,0,0,0,0,0,0,0,0,0,0,35,0,0,0,0,0,0,0,0,0,0,0,0,0,0,0,0,0,0,0,5,0,0,0,0,0,0,0,0,0,0,0,618,0,0,0,0,0,0,0,0,0,0,0,0,0,0,0,0,0,0,0,0,0,0,0,0,0,0,0,0,0,0,0,0,0,0,0,0,0,0,14,0,0,0,0,0,0,0,0,0,0,0,0,0,0,0,0,0,0,0,0,0,0,0,0,0,0,0,0,0,0,0,0,0,0,0,0,0,0,0,0,0,0,0,0,0,0,0,0,0,0,0,0,0,0,0,0,0,2732,0,0,0,0,0,0,0,0,0,0,0,0,0,0,0,0,0,0,0,0,0,0,0,0,0,0,0,0,0,0,0,0,0,0,0,0,0,0,0,0,0,0,0,0,0,0,0,0,0,0,0,0,0,0,0,0,0,0,6,0,0,0,0,0,0,3,0,0,0,0,0,0,0,0,0,0,0,0,0,0,0,0,0,0,0,0,0,0,0,0,0,0,0,0,0,0,0,0,4,0,0,0,0,0,0,0,197,0,0,0,0,0,0,0,0,0,0,0,0,0,0,0,0,0,0,38,0,0,0,0,0,0,0,0,0,0,0,0,0,0,0,0,0,0,0,0,0,14,0,0,0,0,0,0,0,0,0,0,0,0,0,0,0,0,0,0,0,0,0,0,0,0,0,0,0,0,0,0,0,0,0,0,0,0,0,0,0,0,0,0,0,0,0,0,0,0,0,0,0,0,0,0,0,0,0,0,0,0,0,0,0,0,0,0,0,0,0,0,0,0,0,0,0,0,0,0,0,0,0,0,0,0,0,0,0,0,0,0,0,0,0,0,0,0,0,0,0,0,0,0,0,0,0,0,0,0,0,0,0,0,0,0,0,0,0,0,0,0,0,0,1239,0,0,0,0,0,0,0,0,0,0,0,0,0,0,0,0,2,0,0,0,0,0,0,0,0,177,0,0,0,0,0,0,0,0,0,0,0,0,0,0,0,0,0,0,0,0,0,0,0,0,0,0,0,0,0,0,0,43,0,0,0,0,0,0,0,0,0,0,0,0,0,0,0,0,0,0,0,0,0,0,0,0,0,0,3,0,0,0,0,0,0,0,0,0,0,0,3444,13,0,0,0,0,0,0,0,0,0,0,0,0,0,0,0,0,0,0,0,0,0,0,0,0,0,0,0,0,0,0,0,0,0,0,0,0,0,0,0,0,0,0,0,0,0,0,0,0,0,0,0,0,0,0,0,3,0,0,0,0,0,0,0,0,0,0,0,0,187,0,0,0,0,0,0,0,0,0,0,0,0,0,0,0,0,0,0,0,0,0,0,0,0,0,0,0,0,0,0,0,0,0,0,0,0,0,0
"D180",54,0,0,0,0,0,0,0,0,71,0,0,24,0,0,0,0,0,0,0,0,0,0,0,0,0,0,0,0,0,0,0,0,0,0,0,0,0,0,0,0,0,0,0,0,16,0,28,0,0,0,0,0,0,0,0,0,0,0,0,0,0,0,0,0,0,0,0,29,0,0,0,0,0,0,0,0,0,1966,0,0,0,0,0,0,0,0,0,0,0,0,0,0,0,119,0,0,0,0,0,0,0,0,0,0,0,0,0,0,0,0,0,0,0,0,0,0,0,0,0,0,0,0,0,0,0,0,0,0,0,0,0,0,0,0,0,0,0,0,0,0,0,0,0,0,0,0,0,0,0,0,0,0,0,0,0,7,0,0,0,0,0,0,0,0,0,0,0,0,0,0,0,0,0,0,0,0,0,0,0,0,0,0,0,0,265,0,0,0,0,0,0,0,0,0,0,0,0,0,0,0,0,0,0,0,0,0,0,0,0,0,0,0,0,0,0,95,0,0,0,0,0,0,0,0,0,0,0,0,0,94,0,0,0,0,158,0,0,0,0,0,0,0,0,0,0,0,0,0,0,96,0,0,0,0,0,0,0,0,0,0,0,0,0,0,0,0,0,0,0,0,0,0,0,0,0,0,0,0,0,0,0,0,0,0,0,0,0,0,0,0,0,0,0,0,0,0,0,0,0,0,0,0,20,0,0,0,0,0,0,0,0,0,0,39,0,0,0,0,0,0,0,0,0,0,0,0,0,0,0,0,0,0,0,0,0,0,0,0,0,0,0,0,0,0,0,0,0,0,0,0,0,0,0,0,0,0,0,0,0,0,0,0,0,96,0,0,95,0,0,0,0,0,0,0,0,0,0,0,0,0,0,0,0,0,0,0,0,0,0,0,0,0,0,0,0,0,87,0,0,0,0,0,24,0,0,0,0,16,246,0,0,0,0,0,0,0,0,50,0,0,0,0,0,0,0,0,0,177,0,0,0,0,0,0,0,0,0,0,0,0,0,0,0,0,0,0,0,0,6,0,0,0,0,0,0,0,0,134,0,0,0,0,0,0,0,0,0,0,0,0,0,0,0,0,0,0,64,0,0,0,0,0,0,0,0,0,0,0,0,0,0,0,0,0,0,0,0,0,96,0,0,0,0,0,0,0,0,0,0,30,0,0,0,0,0,172,0,0,0,0,0,0,0,0,0,0,0,0,0,0,0,0,0,0,0,0,0,0,0,0,0,0,0,0,0,0,0,0,0,0,0,0,0,0,0,0,0,0,0,0,0,0,0,0,0,0,0,0,0,0,0,0,0,0,0,0,0,0,0,16,0,0,0,0,0,0,0,0,0,0,0,4,0,0,0,0,0,0,0,0,0,0,0,0,0,20,0,0,0,0,0,0,0,0,0,0,0,0,0,0,0,0,0,0,0,0,0,0,4,0,38,0,0,0,0,0,0,0,0,0,0,0,0,0,0,0,0,0,0,0,0,0,0,0,0,0,0,0,0,0,82,0,0,0,0,0,0,0,0,0,0,0,4,0,0,0,0,0,0,0,0,0,0,0,0,0,0,0,0,0,0,0,0,0,0,0,0,0,0,0,0,0,0,0,0,0,0,0,0,0,0,0,0,0,0,0,0,0,0,0,0,23,0,0,0,0,393,8,0,0,0,0,0,0,0,0,0,20,0,0,0,0,0,0,0,0,0,0,0,0,0,0,0,216,0,0,0,0,0,0,0,0,0,0,0,0,0,0,0,0,0,0,0,0,0,37,0,0,0,0,0,0,0,0,0,0,0,0,0,0,0,0,0,0,0,0,210,0,0,0,0,0,0,0,0,0,0,0,0,0,0,0,0,0,0,0,0,0,0,0,0,0,0,0,0,0,0,0,0,0,0,0,0,0,93
"D181",0,0,0,0,0,0,0,0,0,0,0,0,2,0,0,0,0,0,0,0,0,0,0,0,0,0,0,0,0,0,0,0,0,0,0,0,0,0,0,0,0,0,0,0,0,6,6,0,0,0,0,0,0,0,0,0,0,0,0,0,0,0,0,0,0,0,2,0,0,0,0,0,0,0,0,0,0,0,0,0,0,0,0,6,0,0,0,0,0,0,0,0,0,0,0,0,0,0,0,0,0,0,0,0,0,0,0,0,0,0,0,0,0,0,0,0,0,0,0,0,0,0,0,0,0,0,0,0,0,0,0,0,0,0,0,0,0,0,0,0,0,0,0,0,0,0,0,0,67,0,0,0,0,0,0,0,0,0,0,0,0,0,0,0,0,0,0,0,0,0,0,0,0,0,0,0,0,0,0,0,0,0,0,0,0,0,0,0,0,0,0,0,0,0,0,0,0,0,0,0,0,0,0,0,0,0,0,0,0,0,0,0,0,0,0,0,0,0,0,0,0,0,0,0,0,0,32,0,0,0,11,0,0,0,0,68,0,0,0,0,0,0,0,0,0,0,0,0,0,0,13,0,0,140,0,0,0,0,0,0,0,0,0,0,0,0,0,0,0,0,0,173,0,0,0,0,0,2,0,0,0,0,0,0,0,0,0,0,0,0,0,0,0,0,0,0,0,0,0,0,0,0,0,0,0,0,0,0,0,0,0,0,0,0,3,0,0,0,0,0,0,0,0,0,0,0,0,0,0,0,0,0,2,0,0,0,0,0,0,0,0,0,0,0,0,0,0,0,0,0,0,0,0,0,0,0,0,0,0,0,0,0,0,0,0,0,0,0,0,0,0,0,0,0,0,0,0,0,0,0,0,0,0,0,0,0,0,0,0,0,0,0,0,0,0,0,0,0,0,0,0,0,0,3,0,0,0,0,0,0,0,0,0,0,0,0,0,0,0,0,0,0,0,0,0,0,0,0,0,0,0,0,0,0,0,0,0,0,0,0,0,0,0,0,0,0,0,0,0,1,0,0,0,0,0,0,0,0,14,0,0,0,0,0,0,0,0,0,0,0,0,0,0,0,0,0,0,13,0,0,2,0,0,2,0,0,0,0,0,0,0,0,0,0,0,0,0,0,0,0,0,0,0,0,0,0,0,0,0,0,0,0,0,0,0,0,0,0,0,0,0,0,0,0,0,0,0,0,0,0,0,0,2,0,0,0,0,0,0,0,0,0,0,0,0,0,0,0,0,0,0,0,0,0,0,0,0,0,0,0,0,0,0,0,0,0,0,0,0,0,0,0,0,0,0,0,0,0,0,0,0,0,0,0,0,0,0,0,0,0,0,0,0,0,0,0,0,0,0,0,0,0,0,0,0,0,0,0,0,0,0,0,0,0,0,0,0,0,0,0,0,0,0,0,0,0,0,0,0,122,0,0,0,0,0,0,0,0,0,0,49,0,0,0,0,0,0,15,0,0,0,0,0,0,0,0,8,0,0,0,0,0,0,0,0,0,0,0,0,0,0,0,0,0,0,0,0,0,0,0,0,0,0,0,0,0,0,0,0,0,0,0,0,0,0,0,0,0,0,0,0,0,0,0,0,0,0,0,0,0,0,0,0,0,0,0,0,0,0,0,0,0,0,31945,0,2,0,0,0,0,0,0,0,0,0,0,0,0,0,0,0,0,0,0,0,0,0,0,0,0,0,0,0,0,51,0,0,0,0,0,0,26,0,0,0,0,0,0,0,0,0,0,0,0,0,0,0,0,0,0,0,0,0,0,0,0,0,0,0,0,0,0,0,0,0,0,0,390,0,0,0,0,0,0,0,0,0,0,0,0,0,0,0,0,0,0,0,0,0,0,0,0,0,0,0,0,0,0,0,0,0,0,0,0,0,0
"D182",0,0,0,0,2,0,0,0,0,0,0,2,0,0,0,0,0,0,0,0,0,0,0,0,0,0,0,0,0,0,0,0,0,0,0,0,0,0,0,0,0,0,0,0,0,0,0,1648,0,0,7,0,0,0,0,0,0,0,0,0,0,0,0,0,0,0,0,0,6,0,1,0,511,0,0,0,0,0,0,0,0,0,0,0,0,0,2,0,0,6,0,0,0,0,0,0,0,0,0,0,0,0,0,0,0,0,0,0,0,3,0,0,0,0,0,0,0,0,0,0,0,17,0,0,0,0,0,0,0,0,0,0,0,0,2,0,0,0,0,0,0,0,0,0,0,0,0,0,0,0,0,0,0,0,0,0,0,0,0,0,0,0,0,67,0,0,0,3,0,0,0,0,0,0,0,0,0,0,0,0,1,0,0,0,0,0,0,0,0,0,0,0,0,0,0,0,0,0,0,0,0,0,0,0,0,0,0,0,0,0,0,0,0,0,0,0,0,0,6,0,0,0,0,0,0,0,0,0,0,0,0,0,0,0,0,0,0,0,4,0,0,0,4,0,0,0,0,0,3,0,0,0,0,0,0,0,0,0,0,2,0,0,1821,0,0,0,0,0,0,0,0,0,3,0,0,0,0,0,0,0,0,0,0,0,0,0,0,4,0,0,2,0,0,0,0,0,0,0,0,0,0,0,0,0,0,0,0,0,0,0,0,0,0,0,0,0,0,0,0,0,0,0,0,0,0,0,0,0,521,0,0,0,0,0,0,0,0,0,0,0,0,0,0,0,0,0,0,0,0,0,0,0,0,0,0,0,0,4,0,0,0,0,0,0,0,0,0,0,0,0,0,0,0,0,0,0,0,0,0,0,0,0,0,0,0,0,0,0,0,2,0,0,0,0,0,0,0,0,0,0,0,0,0,0,0,0,135,0,0,0,0,0,0,0,0,0,0,0,12579,0,0,0,0,0,0,0,0,0,0,0,0,0,0,0,0,0,0,0,0,0,0,0,0,0,0,0,0,0,0,0,0,0,0,0,0,0,0,0,0,33,0,0,0,0,0,0,0,0,0,0,0,0,744,302,0,0,0,0,0,0,0,1,0,0,0,0,0,0,0,0,0,0,0,0,0,0,0,0,0,0,3,0,0,0,12,423,0,0,4,0,0,1,0,0,2,0,0,0,0,0,0,0,0,0,0,3,0,0,0,0,0,2,0,0,0,3,0,0,0,0,0,0,0,0,0,0,59,0,6,0,0,0,0,0,0,0,0,0,0,361,0,0,0,0,0,0,0,0,0,0,0,0,0,0,0,0,0,0,0,0,0,0,0,2,0,0,0,0,0,0,0,0,0,0,0,0,1218,0,0,0,0,0,0,0,0,0,0,0,0,0,0,0,0,0,0,0,0,0,0,443,0,0,0,0,0,0,0,0,0,0,0,0,0,0,0,0,0,0,0,0,0,0,0,0,0,0,0,0,0,0,0,0,0,0,0,0,0,0,0,4,0,0,0,0,0,1214,0,808,0,0,0,0,0,0,0,0,0,0,132,0,0,0,0,0,0,0,0,0,0,0,0,0,0,0,0,0,0,0,0,0,0,0,0,0,0,0,0,0,0,0,0,0,0,0,0,0,0,0,0,0,0,0,0,0,3,0,0,43,0,0,0,1,0,0,0,0,0,0,0,0,0,0,0,0,0,0,0,0,0,0,0,0,0,0,0,0,0,430,0,0,0,195,2,0,0,0,0,0,0,0,0,0,2,0,0,0,0,0,2,0,0,0,0,0,0,0,0,0,0,0,0,0,0,0,0,0,2,3,0,0,0,2,0,0,0,0,0,0,0,0,0,0,0,0,0,566,0,0,0,0,0,0,0,0,0,0,0,0,0,0,0,0,0,0,2,0
"D183",0,0,8,0,0,164,0,4,0,11,0,0,0,0,0,0,0,0,0,0,0,0,0,0,0,0,0,0,0,2,0,0,0,0,0,0,0,52,0,1,2,0,0,0,0,0,4,46,2,0,0,0,0,0,0,0,0,0,0,0,10,0,0,0,0,0,8,2,5,0,0,2,0,0,0,0,0,0,2,0,0,0,0,0,0,0,70,0,0,0,0,0,4,0,7,0,0,0,0,0,0,0,0,0,0,0,2,0,1,0,0,0,0,0,0,3,0,0,0,0,0,0,0,0,0,2,0,0,0,0,0,0,0,0,0,0,0,0,0,0,0,174,0,0,0,0,0,0,1222,0,133,0,0,0,4,0,2,64,0,4,0,1,0,0,0,0,0,0,0,0,0,0,0,56,0,0,0,0,16,0,0,0,0,0,0,402,0,0,0,0,0,0,0,0,13,0,0,0,0,4,0,0,0,0,0,0,0,0,0,0,0,0,0,0,0,0,21,0,0,0,0,0,0,0,0,0,2,0,0,0,9,0,0,0,0,658,0,3,0,0,0,0,0,0,0,0,0,0,0,0,16,0,0,3,0,0,0,1,0,0,0,0,7,0,0,0,0,14,0,0,0,0,0,0,0,0,0,0,0,0,0,0,0,0,0,0,0,0,0,0,0,0,0,0,0,3,0,0,0,0,0,0,0,68,210,0,0,0,0,0,0,0,0,0,2,0,0,0,0,2,0,0,0,0,0,0,0,0,0,0,0,0,34,0,0,0,0,2,0,0,6,0,0,0,0,0,0,0,0,0,0,0,0,0,0,0,0,0,0,0,0,0,0,0,1990,20,0,42,0,0,0,0,0,0,0,0,0,0,0,0,0,0,0,42,0,0,0,0,6,0,0,0,0,0,0,0,0,4,0,2,0,0,2,6,0,0,0,0,6,0,0,0,0,0,0,0,0,0,0,0,0,2,0,0,0,3,0,0,0,0,0,0,0,0,0,0,0,0,0,0,0,0,0,0,0,15,0,0,0,0,0,0,0,0,0,0,0,0,0,0,0,0,0,0,0,0,69,0,0,0,0,0,0,4,0,0,0,35,0,0,4,0,0,6,0,28,0,0,0,0,0,0,0,0,0,0,35,0,0,0,0,0,0,0,0,0,0,0,0,0,0,0,0,0,0,0,8,0,0,0,0,0,0,0,0,0,0,0,0,0,0,1650,0,0,0,0,0,0,0,4,0,0,0,0,0,0,0,0,0,16,0,0,0,0,0,0,0,0,0,0,0,0,0,0,0,0,0,130,0,0,0,0,0,0,0,0,162,0,0,0,0,0,0,0,2,0,0,0,0,0,0,0,0,0,0,0,0,0,0,0,0,0,0,0,0,0,4,0,3,20,0,0,2,0,0,0,0,0,0,0,2,0,0,0,0,0,0,0,0,0,10,0,0,0,0,0,0,0,0,0,2,0,126,0,0,6,0,5,0,0,0,0,0,0,0,0,0,3,0,0,0,0,0,0,0,0,0,0,0,14,0,15,0,0,0,0,0,0,0,0,0,0,0,0,0,0,0,0,2,0,0,0,0,0,4,0,0,0,0,0,0,0,0,0,0,0,0,0,0,0,0,0,0,0,0,0,0,0,3,0,0,0,0,12,0,1,0,3,10,0,0,0,0,0,0,0,0,0,6,0,0,0,0,0,0,0,0,0,0,0,0,0,0,0,0,5,0,0,0,0,0,0,0,0,0,0,0,0,0,0,0,0,0,4,0,0,0,0,3,0,0,0,0,7,0,0,0,0,0,0,0,0,0,0,0,0,0,0,0,0,0,0,0,0,0,0,0,0,0,0,0,0,0,0,67,0,0,0,0,0,0,0,0,0,0,0,0,0,0,0,0,0,0,0,0,0
"D184",0,0,0,0,0,0,0,0,0,0,76,0,0,0,54,0,0,0,6,6,0,0,0,0,2,0,0,0,0,0,0,0,0,0,0,0,0,0,748,0,0,0,0,0,1101,0,0,0,0,0,0,0,0,0,0,0,0,0,24,0,0,0,0,0,0,0,0,0,0,0,0,0,61,0,47,0,0,0,0,0,0,0,0,0,0,106,0,0,0,0,0,0,0,0,0,0,0,0,1579,0,0,0,0,0,0,0,0,787,0,0,0,0,0,0,495,0,107,25,0,0,0,73,0,0,0,0,0,69,0,0,0,103,0,0,0,0,0,0,348,0,0,0,0,0,0,0,0,0,0,0,0,0,0,0,0,0,0,0,0,0,0,0,0,0,0,0,0,0,0,0,0,339,0,0,0,0,0,0,0,0,0,0,0,0,0,0,18,0,0,966,0,0,0,1,0,0,0,0,0,4,4,1,0,0,0,0,881,0,0,0,0,0,0,1,0,0,0,82,3,0,0,0,0,0,0,0,0,3,0,0,0,0,0,0,0,0,0,0,0,0,0,0,0,0,0,0,29,0,0,14,0,0,0,0,6,0,0,0,0,0,0,0,216,2686,0,0,0,0,0,0,0,0,0,0,0,0,0,0,0,0,0,0,7,0,0,0,0,0,0,0,0,0,0,0,0,0,0,0,0,0,0,0,0,0,0,0,0,0,0,0,0,0,0,31,0,2,0,0,0,0,0,6,0,0,0,0,0,0,115,13,0,0,0,0,0,0,0,0,0,0,0,0,0,0,0,0,0,0,0,29,0,0,0,0,0,16,0,0,0,0,0,0,0,0,0,0,0,0,0,0,0,0,4,82,0,0,0,0,0,0,0,0,0,0,0,64,0,0,0,0,0,0,0,0,0,0,16,1,0,0,0,0,0,3,0,31,0,0,0,0,0,0,2,0,0,0,0,4,436,0,0,0,0,0,0,0,0,0,0,0,0,0,0,0,0,0,20,0,0,0,0,0,0,0,0,0,0,0,0,0,95,0,0,0,0,0,0,0,0,0,0,0,0,0,0,0,54,0,0,0,0,0,68,0,0,0,47,0,0,0,0,0,0,0,0,0,0,10,0,0,0,0,0,120,172,0,0,0,0,0,0,60,0,29,0,0,0,0,0,0,0,0,0,0,23,0,0,0,0,0,0,0,0,0,0,0,0,0,0,0,0,0,0,0,0,0,0,27,54,0,0,0,0,9,0,5,0,0,0,0,0,0,0,0,1,371,0,49,0,7,0,0,0,0,0,588,0,0,0,0,0,0,0,0,0,0,0,90,0,0,0,0,0,0,0,0,0,0,0,0,0,0,0,0,0,108,449,0,0,0,242,0,0,0,0,0,0,0,0,0,0,0,0,0,699,0,0,0,0,0,0,0,0,0,0,0,0,198,0,14,0,0,0,0,43,0,0,0,0,0,0,0,0,0,2,0,0,0,0,0,0,0,5,0,0,0,0,0,0,91,0,0,0,0,0,410,0,1334,14,0,0,0,0,2,0,0,0,0,0,0,271,0,0,0,0,0,0,29,0,0,0,0,57,0,0,0,44,0,0,0,0,0,0,0,0,0,0,0,0,0,0,0,0,2395,0,0,283,0,0,0,0,0,0,0,0,0,0,0,0,0,0,0,0,0,0,229,65,0,0,0,0,0,0,0,0,0,0,164,0,0,0,0,0,0,0,0,32,1881,0,0,0,0,0,0,0,0,0,0,0,0,0,0,0,0,0,0,0,0,0,0,12,0,0,0,0,0,0,0,0,0,0,0,0,0,0,0,0,0,0,0,0,3,0,0,0,0,0,0,0,0,0,0,28,0,0,2781,0,162,0,0,0,0,0,0,0,0,0,0,0,0,0,0,0,0,0,0
"D185",0,0,4,57,3,0,0,4,0,0,38,34,0,0,3,0,0,1,0,0,8,1,0,0,59,23,0,0,0,0,0,28,0,0,0,0,5,0,0,0,0,1,98,0,109,0,20,0,0,0,4,0,13,2,37,0,17,0,2,0,0,0,0,17,0,7,0,0,0,2,0,0,0,9,12,3,4,0,0,0,0,0,0,0,2,8,0,8,0,17,0,0,0,2,0,2,1,0,0,4,7,27,0,0,291,0,0,0,0,0,0,43,15,0,0,0,0,0,26,0,0,0,4,0,15,0,0,2,0,3,2,0,0,2,1,13,0,6,0,4,35,0,0,0,0,957,0,2,0,37,0,0,0,2,0,6,0,0,0,0,184,0,0,2,0,0,10,3,2,2,0,0,0,0,0,0,4,0,0,0,11,0,0,53,0,0,0,3,0,0,9,0,0,0,0,0,8,0,8,0,28,0,4,0,0,0,0,41,5,0,0,0,0,0,0,0,0,0,0,1,0,17,0,4,0,0,0,0,0,0,0,2,0,0,0,0,0,0,74,242,0,19,0,0,22,0,0,0,13,0,0,0,5,0,0,6,5,0,0,14,0,0,0,0,0,0,0,2,23,0,3,0,5,4,4,0,16,0,0,0,20,3,0,0,2,3,0,40,0,2,0,28,0,32,6,0,0,0,0,0,0,0,0,0,0,0,0,0,3,0,0,9,0,1,0,0,0,0,0,6,7,0,3,2,5,3,0,11,0,1,0,10,0,5,0,0,0,5,0,0,0,0,0,0,0,0,5,46,0,0,0,0,0,0,7,2,10,1736,0,0,0,0,0,6,0,0,8,0,0,4,53,0,0,0,0,9,3,8,0,0,3,0,57,0,0,1,5,0,0,14,0,0,5,0,0,4,0,84,0,0,22,9,0,0,0,0,2,3,0,0,0,15,0,0,2,0,11,0,0,0,0,0,0,45,0,0,0,0,0,0,0,0,4,6,14,0,6,1,101,0,0,22,0,0,20,0,0,0,0,0,6,0,14,2,0,12,0,3,0,0,2,0,0,46,65,7,0,19,0,0,0,1,0,0,3,2,0,0,0,0,0,12,4,1,0,0,3,0,1,0,19,15,0,0,0,0,0,0,0,0,0,3,21,0,0,0,42,0,31,0,0,1,0,0,0,0,0,0,6,0,0,0,0,0,0,20,0,0,0,35,0,0,0,0,0,36,2,8,0,0,0,0,0,4,100,0,6,0,162,0,0,0,0,24,0,0,0,521,0,1,0,51,22,0,0,0,17,0,49,0,0,0,0,0,3,10,0,0,0,11,0,7,5,53,0,5,10,0,0,0,0,32,0,0,0,4,0,0,0,3,0,0,33,0,0,0,12,0,0,0,0,5,0,32,0,4,0,21,14,0,0,9,0,0,0,0,0,0,147,0,0,0,0,0,19,0,2,0,0,0,0,9,0,0,0,0,4,1,0,7,0,0,0,0,0,90,0,0,377,0,0,0,0,0,0,0,33,0,0,0,18,0,4,0,7,20,0,4,7,25,0,0,3,0,21,8,1,0,0,0,0,0,0,0,4,0,0,362,0,4,3,0,0,0,0,1,0,0,0,3,0,98,0,0,0,0,2,3,0,34,7,0,0,0,0,0,10,0,0,2,236,217,1,16,0,0,0,0,0,0,0,0,0,0,0,0,4,0,0,2,0,0,9,0,0,0,15,0,5,0,0,0,0,2,4,0,0,0,2,0,9,0,31,0,0,0,15,29,106,19,0,3,205,0,0,0,0,4,0,0,0,2,0,2,0,0,0,0,0,3,4,8,2,0,4,10,0,3,6,0,0,0,34,2,0,0,0,18,0,10,0,0,0,0,0,232,0,0,0,0,3,0,0,0,1,0
"D186",0,0,0,0,0,0,0,0,0,0,0,0,0,0,0,0,0,0,0,0,0,0,0,0,0,0,0,0,0,0,0,0,0,0,0,0,0,0,0,0,0,0,0,0,0,0,0,0,0,0,0,0,0,0,0,0,0,0,0,0,0,0,0,0,0,0,0,0,0,0,0,0,0,0,0,0,0,0,0,0,0,0,0,0,0,0,0,0,0,0,0,0,0,0,0,0,0,0,0,0,0,0,0,0,0,0,0,0,0,0,0,0,0,0,0,0,0,0,0,0,0,0,0,0,0,0,45,0,0,0,0,0,0,0,0,0,0,0,0,0,0,0,0,0,0,0,0,0,0,0,0,0,0,0,0,0,0,0,0,2,0,0,0,0,0,0,0,0,0,0,0,0,0,0,0,0,0,0,0,0,0,0,0,0,0,0,0,0,0,0,0,0,0,0,0,0,0,0,0,0,0,0,0,0,0,0,0,0,2,0,0,0,0,0,0,0,0,0,0,0,0,0,0,0,0,0,0,0,0,0,0,0,0,0,0,0,0,0,0,0,0,0,0,0,0,0,0,0,0,0,0,0,0,0,0,0,0,0,0,0,0,0,0,0,0,0,0,0,0,0,0,0,0,0,0,0,0,0,0,0,0,0,0,0,0,0,0,0,0,0,0,0,0,0,0,0,0,0,0,0,0,0,0,0,0,0,0,0,0,0,0,0,0,0,0,0,4,0,0,0,0,0,0,0,0,0,0,0,0,0,0,0,29,0,0,0,0,0,0,0,0,0,0,0,0,0,0,0,0,0,0,0,0,0,0,0,0,0,0,0,0,0,2,0,0,0,0,0,0,0,0,0,0,0,0,0,0,0,0,0,0,0,0,0,0,0,0,0,0,0,0,0,0,0,0,0,0,0,4,0,0,0,0,0,0,0,0,0,0,0,0,0,0,0,0,0,0,0,0,0,0,0,0,0,0,0,0,0,0,0,0,0,0,0,0,0,0,0,0,0,0,0,0,0,0,0,0,0,0,0,0,0,0,0,0,0,0,0,0,0,0,0,0,0,0,0,0,0,0,0,0,0,0,0,0,0,0,0,0,0,0,0,0,0,0,0,0,0,0,0,0,0,0,0,0,0,0,0,0,0,0,0,0,0,0,0,0,0,0,0,0,0,0,0,0,0,0,0,0,0,0,0,0,0,0,0,0,0,0,0,0,0,0,0,0,0,0,0,0,0,2,0,0,0,0,0,0,0,2,0,0,0,0,0,0,0,0,0,0,0,0,0,0,0,0,0,0,0,0,0,0,0,0,0,0,0,0,0,0,0,0,0,0,0,0,0,0,0,0,0,0,0,0,0,0,0,0,0,0,0,0,0,0,0,0,0,0,0,0,0,0,0,0,0,0,0,0,0,0,0,0,0,0,0,0,0,0,0,0,0,0,0,0,0,0,0,0,0,0,0,0,0,0,0,0,0,0,0,0,0,0,0,0,0,0,0,0,0,0,0,0,0,0,0,0,0,0,0,0,0,0,0,0,0,0,0,0,0,0,0,0,0,0,0,0,0,0,0,0,0,0,0,0,0,0,0,0,0,0,0,0,0,0,0,0,0,0,0,0,0,0,1,0,0,0,0,0,0,0,0,0,0,0,0,0,0,0,0,0,0,0,0,0,0,0,0,0,0,0,0,0,0,0,0,0,0,0,0,0,0,0,0,0,2,0,0,0,0,0,3,0,0,0,0,0,0,0,0,0,0,0,0,0,0,0,0,0,0,0,0,0,0,0,0,0,0,0,0,0,0,0,0,0,0,0,0,0,0,0,0,0,0,0,0,0,0,0,0,0,0,0,0,0,0,0,0,0,0,0,0,0,0,0,0,0,3,0,0,0,0,0,0,0,0,0,0
"D187",0,0,0,0,0,0,0,0,0,0,0,0,0,0,3,0,0,0,0,4,10,0,0,2,3,0,0,0,0,0,0,2,0,0,0,0,2,0,111,0,0,0,0,0,11,0,0,271,0,0,2,0,0,0,2,0,0,0,3,0,0,4,0,0,11,0,0,39,0,2,0,0,279,0,0,0,0,0,0,0,0,0,189,0,0,6,0,74,0,0,0,0,0,0,0,0,0,52,239,0,0,0,0,0,3,0,0,214,0,0,0,0,0,0,154,2,11,41,2,0,0,16,5,0,0,0,13,0,0,0,0,0,0,11,0,11,0,0,1377,3,0,0,0,0,0,0,0,0,0,0,0,0,0,0,0,0,0,0,33,0,0,0,0,0,0,0,0,0,0,0,0,546,0,0,0,0,0,2,0,0,0,5,0,0,0,0,44,0,0,18,0,0,6,0,0,19,0,0,0,0,2,0,0,0,0,0,3,0,0,0,0,0,0,118,0,0,2,7,23,0,0,0,0,0,0,0,0,0,0,0,0,0,0,0,0,0,0,0,0,36,0,3,0,0,0,0,34,5,5,221,12,0,3,2,3,7,0,0,0,0,0,0,0,939,68,0,0,0,5,0,0,0,2,2,0,0,0,0,0,0,0,0,10,0,0,0,0,2,0,0,0,0,0,0,0,2,0,0,0,0,0,0,0,0,0,0,0,0,0,0,108,0,0,0,0,0,0,0,0,0,0,31,0,0,7,0,0,3,105,0,11,0,0,2,2,0,0,0,0,0,0,53,16,0,0,0,0,0,0,27,9,0,0,0,0,0,0,1,0,0,0,0,0,0,0,0,0,0,0,0,2,0,0,0,0,0,0,0,0,0,0,0,0,0,0,0,0,0,0,0,0,0,0,0,0,0,113,0,0,0,0,0,0,0,0,20,0,0,0,0,0,72,8,5,0,0,0,0,0,0,0,0,0,0,0,18,0,0,0,5,0,0,0,0,0,0,0,0,0,0,0,0,0,0,0,0,4,0,0,0,0,0,0,0,0,0,0,0,0,0,0,0,0,0,0,0,13,0,0,0,0,0,295,6,0,0,5,2,0,0,0,0,0,0,0,2,0,17,0,0,0,0,0,2,4,0,0,0,0,0,0,0,0,86,0,20,8,0,0,0,0,0,0,0,0,0,0,0,0,0,0,0,0,0,6,0,0,0,0,0,0,0,0,0,34,0,0,12,0,20,0,0,7,5,0,4,0,0,0,0,0,0,0,2,0,191,244,13,0,0,2,0,0,0,2,0,0,0,0,0,0,0,0,0,0,0,0,1445,0,0,0,0,2,0,0,0,0,2,0,0,0,0,0,0,0,5,2255,0,0,3,531,0,0,0,0,0,0,0,0,0,0,0,0,0,700,0,0,0,0,253,4,0,36,0,0,0,7,342,0,0,0,27,0,0,16,2,0,0,0,0,0,0,0,0,58,0,0,5,0,0,0,0,3,0,0,0,0,0,20,221,0,0,0,0,0,1884,0,5269,0,0,0,0,0,0,0,3,0,5,15,0,2,0,0,0,0,0,0,2,0,0,0,0,94,0,0,0,72,0,0,0,0,0,0,0,0,0,0,0,370,6,0,0,0,69,0,0,0,0,0,0,0,0,0,0,7,0,0,0,0,0,0,0,0,0,0,101,0,0,0,2,0,0,0,0,0,0,0,14,3,0,0,0,0,4,0,0,3,2008,0,0,0,0,2,3109,0,0,0,12,0,0,0,0,0,0,10,0,0,0,0,0,9,0,0,0,0,2,0,2,0,0,0,0,0,3,0,0,0,0,7,0,0,0,0,0,0,0,0,0,2,0,0,0,4,0,0,2841,0,81,0,0,0,2,0,4,0,0,0,0,0,0,0,0,0,0,0,0
"D188",0,0,0,0,0,0,0,0,0,0,0,0,0,0,0,0,0,0,0,0,0,0,0,0,0,0,0,0,0,0,0,0,0,0,0,0,0,0,0,0,0,0,0,0,0,0,0,0,0,0,0,0,0,0,0,0,0,0,0,0,0,0,0,0,0,0,0,0,12,0,0,5,0,0,0,0,0,0,0,0,0,0,0,0,0,0,0,0,0,0,0,0,0,0,0,0,0,0,80,0,0,0,0,0,0,0,0,0,0,0,0,0,0,0,0,0,0,0,0,0,0,0,0,0,0,0,0,0,0,0,0,0,0,0,0,0,0,0,0,0,0,0,0,0,0,0,0,0,0,0,0,0,0,0,2,0,0,0,0,0,6,0,0,22,0,0,0,0,0,0,0,0,0,0,0,0,0,0,0,0,0,0,0,0,0,0,0,0,0,0,0,0,0,0,0,0,0,0,0,0,0,0,0,0,0,0,0,0,0,0,0,0,0,0,0,0,0,0,0,0,0,0,0,0,0,0,0,0,0,0,0,0,0,0,0,0,0,0,0,0,0,0,0,0,0,0,0,0,0,0,0,0,0,0,0,0,0,0,0,0,0,0,0,0,0,0,0,0,0,0,0,0,0,0,0,0,0,0,0,0,0,0,0,0,0,0,0,0,0,0,0,0,0,0,0,0,0,0,0,0,0,0,0,0,0,0,0,0,0,0,0,0,0,0,0,0,0,0,0,0,0,0,0,0,0,0,0,0,0,0,0,0,0,0,0,0,0,0,0,0,0,0,0,0,0,0,0,0,0,0,0,0,0,0,0,0,0,0,0,0,0,0,0,0,0,0,0,0,0,0,0,0,0,0,0,0,0,0,0,0,0,0,0,0,0,0,0,0,0,0,0,0,0,0,0,0,0,0,0,0,0,0,0,0,0,0,0,0,0,0,0,0,0,0,0,0,0,0,0,0,0,0,0,0,0,0,0,0,0,0,0,0,0,0,0,0,0,0,0,0,0,0,0,0,0,0,0,0,0,0,0,0,0,0,0,0,0,0,0,848,0,0,0,0,0,0,0,0,0,0,0,0,0,0,0,0,0,0,0,0,0,0,0,0,0,0,0,0,0,0,0,0,0,0,0,0,0,0,0,0,0,0,0,0,0,0,0,0,0,0,0,0,0,0,0,0,0,0,0,0,0,0,0,0,0,0,0,0,0,0,0,0,0,0,0,0,0,0,0,0,0,0,0,0,0,0,0,0,0,0,0,0,0,0,0,0,0,0,0,0,0,0,0,0,0,0,0,0,0,0,0,0,0,0,0,0,0,0,0,0,0,0,0,0,0,0,0,0,0,0,0,0,0,0,0,0,0,0,0,0,0,0,0,0,0,0,0,0,0,0,0,0,0,0,0,0,0,0,0,0,0,0,0,0,0,0,0,0,0,0,0,0,0,0,0,0,0,0,0,0,0,0,0,0,0,0,0,0,0,0,0,0,0,0,0,0,0,0,0,0,0,0,0,0,0,0,0,0,0,0,0,0,0,0,0,0,0,0,0,0,0,0,0,0,0,0,0,0,0,0,0,0,0,0,0,0,0,0,0,0,0,0,0,0,0,0,0,0,0,0,0,0,0,0,0,0,0,0,0,0,0,0,0,298,0,0,0,0,0,0,0,0,0,0,0,0,0,0,0,0,0,0,0,0,0,0,0,0,0,0,0,0,0,0,0,0,0,0,0,0,0,0,0,0,0,0,0,0,0,0,0,0,0,0,0,0,0,0,0,0,0,0,0,0,0,0,0,0,0,0,0,0,0,0,0,0,0,0,0,0,0,0,0,0,0,0,0,0,0,0,0,0,0,0,0,0,0,0,0,0,0,0,0,0,0,0,0,0,0,0,0,0,0,0,0,0
"D189",0,2,22,21,0,0,0,0,6291,0,0,3,0,4,1,12,173,0,10,3,0,0,5,0,0,2,5,0,0,0,0,0,0,1,5,0,0,0,0,116,0,0,19,0,6,0,0,0,0,2,3,0,8,0,26,18,0,1,0,0,0,0,1,0,0,0,0,1,71,0,20,0,0,0,5,0,0,0,0,0,0,2,0,0,2,0,0,0,0,0,0,0,10,2,0,0,48,0,0,3,0,0,0,0,0,0,0,0,0,0,0,1,3,13,0,0,0,0,2,0,0,0,4,0,0,3,0,0,0,4,0,0,0,0,6,36,2,0,0,0,0,0,0,0,31,31,0,1,0,0,0,5,4,0,202,27,7,0,0,0,0,0,3,0,2,0,1,13,6,0,50,4,0,0,5,0,0,0,0,0,0,0,0,31,0,0,0,0,0,0,0,0,0,0,0,0,0,6,105,306,307,0,0,7,4,4,0,3246,5,0,1,0,0,0,0,0,0,0,0,0,4,58,1,1,6,0,0,0,65,3,0,11,0,0,0,0,4,0,0,0,0,10,14,0,28,0,0,0,0,0,6,3,17,0,0,0,3,0,5,4,37,0,0,0,0,0,0,0,0,1,0,0,5,0,0,16,4,0,6,0,0,0,0,0,0,0,12,13,0,32,8,0,12,0,0,0,0,0,0,50,0,0,0,0,0,0,16,13,0,0,0,150,2,4,0,0,39,44,0,428,0,0,0,0,0,4,0,0,0,0,0,0,0,0,214,4,0,0,0,0,0,0,0,0,4,0,0,11,0,0,0,4,1735,0,0,241,5,0,7,0,0,0,24,0,0,0,2,24575,0,2,9,58,0,0,0,0,0,0,11,6,2,0,74,0,3,0,0,1,21725,0,0,18,2,0,11,13,0,2060,0,0,0,0,14,0,0,0,0,0,0,0,116,0,0,0,0,3,0,1152,24,0,3,4,10,7,16,0,0,47,0,0,0,0,0,122,48,0,0,0,0,0,2,4,0,0,147,0,0,0,0,0,0,0,0,6,24,0,13,0,0,0,0,6,186,0,32,0,0,100,0,0,25,267,0,0,0,11,0,0,121,5,3,0,0,0,0,0,8,0,4,0,0,0,0,0,0,0,0,0,0,0,0,0,73,0,0,1,13,0,8,4,0,24,9,11,0,0,0,6,0,0,0,14,0,0,0,137,0,3,0,0,0,0,0,0,0,5,0,0,0,0,106,5,3,0,0,3,3,0,0,0,1,81,1,0,6,0,0,0,2,0,0,6,0,29,0,0,0,0,2,0,0,0,3,0,0,0,0,0,0,8,0,7,0,1,165,0,12,238,2,4,30,0,0,0,2,0,0,0,13,0,0,0,38,23,1,0,355,0,0,0,0,0,0,23,0,4,50,0,6,0,0,0,0,0,3,0,4,0,171,0,0,0,0,11,0,17,0,0,5,0,0,7,0,3,0,0,6,4498,3,0,17,11,0,0,5,20,1,163,350,0,6,0,8,0,7,0,0,0,0,0,9,0,2,0,0,0,0,0,0,0,0,0,2,0,0,2,0,2,395,2,0,0,0,0,0,0,0,291,0,0,0,0,0,1,0,0,0,6,0,0,3,214,0,0,0,0,0,0,2,0,4,8,12,0,0,0,0,0,0,29,0,0,0,2,33,0,0,2,0,18,0,0,596,0,15,0,0,0,0,5,4,13,4,122,0,0,0,0,0,0,0,19,0,0,3,0,20,0,0,0,0,0,26,0,0,0,208,3,7,0,2,2,311,0,0,2,0,0,11,521,2,17,0,0,0,0,16,26,0,5,42,0,0,0,0,3,4,40,0,0,2,0,0,9,0,0,15,0,0,0,10,0,2,23,0,408,0,0,0,0,1,0,15,96,0,0
"D190",0,0,15,0,4,0,0,0,0,0,141,50,0,0,9,0,0,0,13,0,21,0,0,0,358,0,0,0,0,0,0,0,0,1,10,0,0,0,0,0,0,5,0,23,358,0,0,0,0,22,43,0,3,34,213,0,0,0,225,2,0,2,137,0,0,0,0,22,17,4,0,0,0,0,32,26,0,0,0,0,11,0,0,0,0,12,0,0,0,0,0,0,0,32,0,5,5,0,3,66,0,0,6,18,165,0,0,0,7,2,0,174,26,2,0,0,1,3,3,0,0,4,0,0,0,0,3,7,0,29,25,0,4,0,0,0,9,3,5,0,0,0,0,0,3,0,7,22,0,0,0,0,10,1,0,0,0,0,7,0,6,0,0,0,0,0,0,0,0,0,0,1,0,0,0,0,4,0,0,0,3,0,8,62,4,0,2,0,2,0,2,0,0,0,0,0,0,0,0,0,8,0,0,0,0,0,2,0,1,0,34,0,7,0,13,0,0,2,0,0,0,90,0,15,0,0,0,0,0,0,0,11,0,0,8,0,0,0,6,0,0,0,0,0,0,0,5,0,4,0,0,0,13,0,0,44,5,0,0,17,0,67,0,0,0,0,0,0,7,13,159,0,6,0,12,0,9,0,0,0,0,0,0,0,13,3,0,284,2,23,0,30,6,23,0,0,0,0,9,0,0,0,0,0,0,0,0,0,0,22,0,0,1,6,2,0,0,0,102,0,3,2,12,6,0,17,0,0,0,52,12,0,0,2,0,0,0,0,0,0,0,0,8,0,46,0,19,0,8,0,3,0,0,0,2,26,23,0,0,0,0,0,0,17,0,0,0,0,0,0,0,0,0,0,0,20,0,0,0,0,4,0,215,0,9,76,21,22,0,85,7,0,0,0,0,1,0,9,0,0,0,23,0,0,0,0,0,60,0,0,0,0,0,3,3,8,0,0,9,0,0,0,0,0,0,0,0,0,0,0,0,0,0,147,0,0,7,0,0,0,0,119,0,0,0,0,0,0,0,0,26,0,0,1,0,0,0,3,0,0,0,0,385,0,113,67,3,0,0,0,0,89,4,302,0,1,0,0,2,0,0,0,11,0,0,0,0,0,18,0,89,101,0,2,5,0,0,0,0,0,2,5,18,0,0,0,225,2,36,0,0,0,1,0,10,0,0,0,0,2,0,1,0,0,2,191,6,15,0,0,0,0,0,0,0,0,9,0,0,0,3,0,0,0,100,0,3,0,229,0,0,0,0,0,0,0,1,0,0,4,0,143,3,0,0,0,16,0,0,0,8,0,0,0,12,0,0,0,0,0,0,0,0,52,0,8,0,0,0,1,0,0,0,0,5,2,3,0,0,0,0,0,0,0,0,0,0,2,0,0,0,0,0,0,0,22,10,0,156,0,0,10,2,0,0,59,0,0,45,0,0,0,0,0,0,5,13,0,0,0,0,0,0,0,15,0,1,0,0,0,0,0,16,11,0,616,0,0,57,0,0,0,0,0,0,0,0,7,0,0,319,0,9,0,9,19,0,0,0,163,0,2,15,0,61,3,0,0,0,6,2,0,0,0,6,18,0,2140,0,0,0,3,0,0,0,2,29,6,0,94,0,90,0,3,0,0,0,39,0,113,69,0,0,0,0,0,8,0,0,39,114,10,0,2,0,0,9,25,0,3,6,0,0,0,0,0,0,2,2,0,9,0,5,11,0,0,15,9,44,0,0,0,0,0,0,0,0,0,0,0,1,0,11,0,0,0,37,0,24,0,0,10,212,0,0,0,0,0,0,0,0,16,0,2,0,0,0,10,0,3,0,3,0,0,0,26,0,0,0,0,0,63,123,3,0,5,0,0,0,3,2,0,0,3,0,986,0,0,0,0,20,0,0,2,0,0
"D191",2,0,0,0,0,0,0,0,0,5,0,0,4,0,0,0,0,0,0,0,0,0,0,0,0,0,0,0,0,0,0,0,0,0,0,0,0,0,0,0,0,0,0,0,0,0,0,0,0,0,0,0,0,0,0,0,0,0,0,0,0,0,0,0,0,0,0,0,0,0,0,0,0,0,0,0,0,0,95,0,0,0,0,2,0,0,0,0,0,0,0,0,0,0,0,0,0,0,0,0,0,0,0,0,0,0,0,0,0,1,0,0,0,0,0,0,0,0,0,0,0,0,0,0,0,0,0,0,0,0,2,0,0,0,0,0,0,0,0,0,0,0,0,0,0,0,0,0,0,0,0,0,0,0,3,0,0,0,0,0,0,0,0,0,0,0,0,0,0,0,0,0,0,0,0,0,0,0,0,0,0,0,0,0,0,0,0,0,0,0,0,0,0,0,0,0,0,0,0,0,0,0,0,0,0,0,0,0,0,0,0,0,0,0,0,0,0,0,0,0,0,0,0,0,0,0,0,0,0,0,0,0,0,0,0,0,0,0,0,0,0,0,0,0,0,0,0,0,0,0,4,0,0,62,0,0,0,0,0,0,0,0,0,0,0,0,0,14,0,0,0,0,0,0,0,0,0,0,0,0,0,0,0,0,0,0,0,0,0,0,0,0,0,0,0,0,0,0,0,0,0,0,0,0,0,0,0,0,0,0,0,0,0,0,8,0,0,0,0,0,0,0,0,0,0,0,0,0,0,0,0,0,0,0,0,0,0,0,0,0,0,0,0,0,0,0,0,0,0,0,0,0,0,0,0,0,0,0,0,2449,0,0,0,0,0,0,0,4,0,0,0,0,0,0,0,0,0,0,0,0,0,0,0,1,0,0,0,0,0,0,0,0,0,0,0,0,0,0,0,0,0,0,0,0,0,0,0,0,0,0,0,0,0,0,0,0,0,0,0,0,0,0,0,0,0,0,0,0,0,0,0,0,0,0,0,0,0,0,0,0,2,0,0,0,0,0,0,0,0,0,0,0,0,0,0,0,0,0,39,0,0,0,0,0,0,0,0,0,0,0,0,0,0,0,0,0,0,0,0,0,0,0,0,0,0,0,0,0,0,0,0,0,0,0,0,0,0,0,0,0,0,0,0,0,0,0,0,0,0,0,0,0,0,0,0,2,2,0,0,0,0,0,0,0,0,0,0,0,0,0,0,0,0,0,0,3,0,0,0,0,0,0,0,0,0,0,0,0,0,0,0,0,0,0,0,0,0,0,0,0,0,0,0,0,0,0,0,0,0,0,0,0,0,0,0,0,0,0,0,0,0,0,0,0,0,0,0,0,0,0,0,0,0,0,0,0,0,0,0,0,0,0,0,0,0,0,0,0,0,0,0,0,0,0,0,0,0,0,0,0,2,0,0,0,0,0,0,0,0,0,7,0,0,0,0,0,0,0,0,0,0,0,0,0,0,2,0,0,0,0,0,0,0,0,0,0,0,0,0,0,0,0,0,0,0,0,0,0,0,0,0,0,0,0,0,0,0,0,0,0,0,12,0,0,0,0,0,0,0,0,0,0,0,0,7,0,0,0,0,0,0,0,0,0,2,0,0,0,0,0,0,0,0,0,0,0,0,0,0,0,0,0,0,36,0,0,0,0,2,0,0,0,0,0,0,0,0,0,0,0,0,0,0,0,0,0,0,0,0,0,0,0,0,0,0,0,0,0,0,0,0,0,0,0,0,0,0,0,0,0,0,0,0,0,0,0,0,0,0,0,0,0,0,0,0,0,0,0,0,0,0,0,0,0,0,0,0,33299,0,0,0,0,0,0,0,0,0,0,0,0,0,0,0,0,0,0,0,0,0,0,0,0,0,0,0,0,0,0,0,0,0,0,0,0,0,0
"D192",0,0,0,0,0,0,0,8,0,0,0,0,61,0,0,0,0,0,0,0,0,0,0,0,0,0,0,0,0,0,0,0,0,0,0,0,0,0,0,0,0,0,0,0,0,0,0,318,186,0,0,0,0,0,0,0,0,0,0,0,0,0,0,0,0,0,6,106,152,0,0,0,0,0,0,0,0,0,3,0,0,0,0,89,0,0,49,14,0,0,0,0,324,0,0,0,0,0,0,0,0,0,0,0,0,0,0,0,7,0,0,0,0,0,0,0,0,0,0,0,0,0,0,0,0,0,0,0,0,0,0,0,0,0,0,0,0,0,0,0,0,0,629,0,0,0,0,0,0,0,26,0,0,0,28,0,0,8,0,0,0,0,0,0,0,0,0,0,0,0,0,0,0,4309,0,0,0,0,4,0,0,0,0,0,0,15,0,0,0,0,0,0,0,0,0,0,0,0,0,4,0,0,0,0,0,0,0,0,0,0,0,0,0,0,0,0,0,0,0,0,0,0,0,0,0,0,20,0,0,0,0,0,0,0,0,0,0,0,0,0,0,0,0,0,0,0,0,0,0,0,109,0,0,0,0,0,0,0,0,0,0,0,9,0,0,0,4,0,0,0,0,0,0,0,0,0,0,0,0,0,0,0,0,0,0,0,0,0,0,0,0,0,0,0,0,8,0,0,0,0,0,82,10,0,0,0,0,0,0,0,0,0,0,0,321,0,0,0,0,0,0,0,0,0,0,0,0,0,0,0,0,0,0,0,0,0,0,2,0,0,103,0,0,0,0,0,0,0,509,0,0,0,0,0,0,0,0,0,0,0,1,0,0,0,0,0,0,0,0,0,0,0,0,0,0,0,0,0,0,0,0,0,0,0,0,0,0,0,0,0,0,0,0,0,0,0,0,0,0,0,0,0,0,9,0,0,10,0,7,0,0,0,0,0,0,0,0,0,0,0,0,1,0,0,0,91,0,0,148,0,0,0,0,0,0,0,0,0,0,0,0,0,0,0,0,0,0,0,0,0,0,0,0,0,0,0,0,0,111,0,0,0,0,0,0,0,0,0,0,0,0,0,0,0,0,0,0,4,0,0,0,0,0,77,0,0,0,0,0,0,0,0,0,0,0,0,0,0,0,0,0,0,0,0,0,0,0,0,0,0,0,0,0,0,31,0,53,0,0,0,0,0,0,0,0,0,0,0,0,0,0,0,29,0,0,0,0,0,0,0,0,0,0,0,0,0,0,0,0,0,0,0,0,0,0,0,0,0,0,0,0,0,0,0,0,0,0,0,0,0,0,0,0,0,0,0,0,0,0,0,0,0,0,0,19,0,0,0,0,0,0,3,0,0,0,0,0,0,0,0,0,0,0,0,0,0,0,0,0,45,0,0,0,0,0,0,0,0,0,0,0,0,960,0,0,0,0,0,0,0,12,0,0,0,0,0,0,0,0,0,0,0,0,0,0,64,0,2,6,0,0,0,0,0,0,0,0,0,0,0,0,0,0,0,0,0,0,0,0,0,0,0,0,0,0,0,68,0,0,0,0,0,0,0,0,0,0,0,0,0,0,0,0,0,0,0,0,0,0,0,0,0,0,0,0,0,0,0,0,0,0,0,0,0,0,0,0,0,0,0,0,0,0,468,0,0,0,112,369,0,0,0,0,0,0,0,0,0,0,0,0,0,0,0,0,0,0,0,0,0,0,0,0,0,0,0,0,0,0,0,0,0,0,47,0,0,0,0,0,0,0,0,0,0,0,0,0,0,0,0,0,0,0,9,9,0,0,0,0,0,0,0,0,0,0,0,0,36,0,0,0,0,0,0,0,0,0,0,0,0,0,0,0,0,5,0,0,0,0,0,0,81,0,0,0,0,0,0,18,0,0,0,0,56,0,0
"D193",47,0,0,0,0,0,0,30,0,351,0,0,0,0,0,0,0,0,0,0,0,0,0,0,0,0,0,0,0,3,0,0,0,0,0,0,0,0,0,0,0,0,0,0,0,0,0,0,0,0,0,0,0,0,0,0,0,0,0,0,0,0,0,0,0,0,0,0,0,0,0,0,0,0,0,0,0,0,0,0,0,0,0,0,0,0,0,0,0,89,0,0,0,0,23,0,0,0,0,0,0,0,0,0,0,0,0,0,0,1,0,0,0,0,0,0,0,0,0,0,0,0,0,0,0,0,0,0,0,0,0,0,0,0,0,0,0,0,0,0,0,0,0,1075,0,0,0,0,0,0,0,0,0,0,2371,0,0,0,0,0,0,0,0,0,0,0,0,0,0,2,0,0,0,0,0,0,0,0,0,1,0,0,0,0,0,0,0,0,0,0,0,0,0,0,0,0,0,0,0,0,0,0,0,0,0,0,0,0,0,0,0,0,0,0,0,0,0,0,0,0,0,0,0,0,0,0,0,0,0,0,128,0,0,0,0,0,0,0,0,0,0,0,0,0,0,0,0,0,0,0,4009,0,0,0,0,0,0,0,0,0,0,0,0,0,0,0,0,0,0,0,0,0,0,0,0,0,0,0,0,0,0,0,0,0,0,0,0,0,0,0,0,0,0,0,0,4,0,2,0,0,0,0,78,0,0,0,0,0,0,0,0,0,0,0,0,0,0,0,0,0,0,0,0,0,0,0,0,0,0,0,0,0,0,0,0,0,0,0,8,42,0,0,0,0,0,0,0,0,0,0,0,0,0,0,0,0,0,0,0,1107,0,0,0,0,0,0,0,0,0,0,0,0,0,0,0,0,0,0,0,0,0,0,0,0,0,0,0,0,18,0,0,0,0,0,0,0,0,1,0,0,0,0,0,0,0,0,0,0,0,180,0,0,0,5,0,0,0,0,8,0,0,0,0,0,0,266,0,0,0,0,0,0,0,0,0,0,0,0,0,0,0,0,0,0,0,0,0,0,0,13,0,0,0,0,0,0,0,0,41,0,0,0,0,0,0,0,0,0,0,0,0,0,0,0,0,0,0,2091,0,0,0,0,0,66,0,0,0,0,0,0,0,0,0,0,0,0,0,0,0,32,0,0,0,0,79,0,0,0,0,0,0,0,0,0,0,0,0,0,0,0,0,0,0,0,0,0,0,0,0,0,0,1,0,0,0,0,0,0,0,0,0,0,0,0,0,0,0,0,0,0,0,0,0,0,0,0,0,0,0,0,0,0,0,0,0,0,0,0,0,0,0,2,0,0,0,0,0,0,0,0,0,0,0,0,0,0,0,0,0,0,0,0,0,0,0,0,0,0,0,0,0,0,0,0,1,0,0,0,0,0,84,0,3,0,0,0,0,0,0,0,0,0,0,0,0,0,0,0,0,1973,499,0,0,0,0,0,0,0,0,0,19,0,0,0,0,0,0,579,0,0,0,0,0,0,0,0,0,0,0,0,0,33,0,0,0,0,0,0,0,0,0,0,0,0,0,0,0,0,0,0,0,0,0,0,0,0,0,0,3,0,0,0,0,0,0,0,0,0,0,0,0,0,3,0,0,0,0,0,0,0,0,0,0,0,0,171,0,0,0,0,0,0,0,0,0,0,0,319,0,0,0,0,0,0,0,0,0,0,0,0,0,0,0,0,132,0,0,0,0,0,0,0,0,0,0,0,0,0,0,0,0,0,0,0,0,0,0,0,0,0,0,0,0,0,0,0,0,0,0,0,0,0,0,0,0,0,0,0,0,0,0,0,0,0,0,0,0,93,0,0,0,0,0,0,0,0,0,0,0,0,0,0,0,0,0,0,0,0,0,0,0,0,0,0,0,0,0,0,0,0,0,0,0,0,0,0
"D194",3,0,188,209,0,0,0,19,1,0,0,29,0,67,0,46,348,0,2,0,0,0,0,25,0,0,11,0,0,0,35,0,0,0,23,396,0,0,0,0,1086,0,56,0,0,10,0,0,121,81,0,0,7,0,0,0,0,0,0,0,0,3,0,0,0,9,0,3,180,5,0,8,0,0,2,0,0,19,0,0,253,3,0,0,0,2,0,0,0,4,39,0,0,140,10,0,0,0,0,0,252,0,0,46,73,0,16,0,10,2,0,0,0,104,0,3,0,0,0,214,8,0,0,2,2,0,0,3,77,0,0,0,2,0,113,3,19,0,0,0,0,0,2,23,58,64,0,3,0,0,0,0,28,0,0,54,0,0,3,215,0,12,0,36,8,0,110,434,3,5,337,111,0,0,33,0,54,0,0,3,0,0,13,47,0,0,0,1,76,0,0,0,0,0,0,0,0,20,8,0,81,0,0,45,3,194,0,38,0,0,0,4,0,0,4,0,0,0,0,20,0,0,0,0,381,2,0,9,100,20,0,5,6,19,216,0,0,0,7,0,146,0,13,38,22,0,0,0,0,0,51,2,2,12,0,22,12,47,14,8,16,46,0,0,0,0,0,5,0,0,0,77,0,0,0,0,4,76,0,5,5,2,0,2,0,0,0,0,1,1552,632,47,69,18,10,0,0,0,0,310,0,1,0,0,0,3,3,0,0,26,0,0,0,0,7,0,190,495,0,623,0,0,0,10,0,0,0,0,0,4,0,55,262,0,0,13,0,17,3,19,0,0,0,0,0,0,4,44,0,0,0,0,0,4,1,27,26,0,27,0,0,0,7,34,2,0,361,0,0,3,0,598,0,0,11,0,0,0,17,1,250,2,32,0,0,6,0,19,0,0,0,1420,0,0,35,6,0,379,0,0,0,0,16,0,0,0,0,147,0,0,0,8,0,4,7,2,0,2,171,0,2,0,11,5,0,4,121,120,0,0,9,0,38,0,1,0,0,207,0,0,29,501,72,0,13,0,2,0,0,3,0,3119,0,12,1,17,4,10,0,0,0,0,417,0,585,0,58,1,0,0,0,0,0,21,53,0,1,0,12,0,96,0,0,0,30,0,11,0,7,26,1,0,0,0,0,15,0,17,0,12,0,0,0,0,4,2,0,17,0,8,0,182,35,80,0,34,30,8,0,92,1,0,0,0,0,179,0,4,0,0,0,2,0,0,0,0,3,0,0,0,1718,0,8,0,232,0,12,29,0,0,8,0,2783,0,4,0,0,0,1,3,0,221,0,93,0,1,3,0,0,0,0,0,8,1195,0,0,0,0,0,9,4,0,2,0,12,3,0,0,14,1,1246,5,0,0,3,0,0,0,2,0,0,0,1,176,0,0,2,0,0,0,0,5,40,0,0,0,0,3,107,0,15,4,0,5,65,0,0,0,20,0,2,0,0,116,0,8,31,11,0,0,0,33,0,0,0,0,0,56,14,0,6,0,0,25,108,0,5,2,0,0,108,0,0,0,0,0,0,0,0,0,0,0,14,0,0,0,0,0,0,0,0,0,23,0,0,0,0,3,4,7,0,0,0,0,0,5,0,1184,0,0,17,0,0,0,0,13,0,25,0,0,6,1,0,0,1,0,0,3,0,59,134,7,26,0,0,95,29,0,0,0,201,0,8,0,236,0,2,0,0,0,3,0,65,0,28,0,0,0,0,38,5,4,0,16,0,0,4,0,3,0,0,16,9,0,69,0,30,0,2,25,0,1,759,0,0,0,14,2,11,3,0,10,36,0,0,0,0,0,8,0,0,13,0,0,155,0,0,603,0,3,0,0,19,0,6,0,0,432,0,0,78,0,0,46,0,0,0,0,0,0,0,0,472,0,0,94,0,0,4,0,0,0,0,212,3,99
"D195",0,0,0,0,0,0,0,0,0,0,0,0,0,0,0,0,0,0,0,0,0,0,0,0,0,0,0,0,0,0,0,0,0,0,0,0,0,0,0,0,0,0,0,0,0,0,0,0,0,0,0,0,0,0,0,0,0,0,0,0,0,0,0,0,0,0,0,0,0,0,0,0,0,0,0,0,0,0,0,0,0,0,0,0,0,0,0,0,0,0,0,0,0,0,0,0,0,0,0,0,0,0,0,0,0,0,0,0,0,0,0,0,0,0,0,0,0,0,0,0,0,0,0,0,0,0,0,0,0,0,0,0,0,0,0,0,0,0,0,0,0,0,0,0,0,0,0,0,0,0,0,0,0,0,0,0,0,0,0,0,0,0,0,0,0,0,0,0,0,0,0,0,0,0,0,0,0,0,0,0,0,0,0,0,0,0,0,0,0,0,0,0,0,0,0,0,0,0,0,0,0,0,0,0,0,0,0,0,0,0,0,0,0,0,0,0,0,0,0,0,0,0,0,0,0,0,0,0,0,0,0,0,0,0,0,0,0,0,0,0,0,0,0,0,0,0,0,0,0,0,0,0,0,0,0,0,0,0,0,0,0,0,0,0,0,0,0,0,0,0,0,0,0,0,0,0,0,0,0,0,0,0,0,0,0,0,0,0,0,0,0,0,0,0,0,0,0,0,0,0,0,0,0,0,0,0,0,0,0,0,0,0,0,0,0,0,0,0,0,0,0,0,0,0,0,0,0,0,0,0,0,0,0,0,0,0,0,0,0,0,0,0,0,0,0,0,0,0,0,0,0,0,0,0,0,0,0,0,0,0,0,0,0,0,0,0,0,0,0,0,0,0,0,0,0,0,0,0,0,0,0,0,0,0,0,0,0,0,0,0,0,0,0,0,0,0,0,0,0,0,0,0,0,0,0,0,0,0,0,0,0,0,0,0,0,0,0,0,0,0,0,0,0,0,0,0,0,0,0,0,0,0,0,0,0,0,0,0,0,0,0,0,0,0,0,0,0,0,0,0,0,0,0,0,0,0,0,0,0,0,0,0,0,0,0,0,0,0,0,0,0,0,0,0,0,0,0,0,0,0,0,0,0,0,0,0,0,0,0,0,0,0,0,0,0,0,0,0,0,0,0,0,0,0,0,0,0,0,0,0,0,0,0,0,0,0,0,0,0,0,0,0,0,0,0,0,0,0,0,0,0,0,0,0,0,0,0,0,0,0,0,0,0,0,0,0,0,0,0,0,0,0,0,0,0,0,0,0,0,0,0,0,0,0,0,0,0,0,0,0,0,0,0,0,0,0,0,0,0,0,0,0,0,0,0,0,0,0,0,0,0,0,0,0,0,0,0,0,0,0,0,0,0,0,0,0,0,0,0,0,0,0,0,0,0,0,0,0,0,0,0,0,0,0,0,0,0,0,0,0,0,0,0,0,0,0,0,0,0,0,0,0,0,0,0,0,0,0,0,0,0,0,0,0,0,0,0,0,0,0,0,0,0,0,0,0,0,0,0,0,0,0,0,0,0,0,0,0,0,0,0,0,0,0,0,0,0,0,0,0,0,0,0,0,0,0,0,0,0,0,0,0,0,0,0,0,0,0,0,0,0,0,0,0,0,0,0,0,0,0,0,0,0,0,0,0,0,0,0,0,0,0,0,0,0,0,0,0,0,0,0,0,0,0,0,0,0,0,0,0,0,0,0,0,0,0,0,0,0,0,0,0,0,0,0,0,0,0,0,0,0,0,0,0,0,0,0,0,0,0,0,0,0,0,0,0,0,0,0,0,0,0,0,0,0,0,0,0,0,0,0,0,0,0,0,0,0,0,0,0,0,0,0,0,0,0,0,0,0,0,0,0,0,0,0,0,0,0,0,0,0,0,0,0,0,0
"D196",0,0,0,0,0,0,0,0,0,0,0,0,0,0,0,0,0,0,0,0,0,0,0,0,0,0,0,0,0,0,0,0,0,0,0,0,0,0,0,0,0,0,0,0,0,0,0,0,0,0,0,0,0,0,0,0,0,0,0,0,0,0,0,0,0,0,0,0,0,0,0,0,0,0,0,0,0,0,0,0,0,0,0,0,0,0,19,0,0,0,0,0,0,0,0,0,0,0,0,0,0,0,0,0,0,0,0,0,0,0,0,0,0,0,0,0,0,0,0,0,0,0,0,0,0,0,0,0,0,0,0,0,0,0,0,0,0,0,0,0,0,0,1389,0,0,0,0,0,42,0,0,0,0,0,0,0,0,0,0,0,0,0,0,0,0,0,0,0,0,0,0,0,0,0,0,0,0,0,0,0,0,0,0,0,0,0,0,0,0,0,0,0,0,0,0,0,0,0,0,0,0,0,0,0,0,0,0,0,0,0,0,0,0,0,0,0,0,0,0,0,0,0,0,0,0,0,0,0,0,0,0,0,0,0,0,34,0,0,0,0,0,0,0,0,0,0,0,0,0,0,0,0,0,0,0,0,0,0,0,0,0,0,0,0,0,0,0,0,0,0,0,0,0,0,0,0,0,0,0,0,0,0,0,0,0,0,0,0,0,0,0,0,0,0,0,0,0,0,0,0,0,0,0,0,0,0,0,0,0,0,0,0,0,0,561,0,0,0,0,0,0,0,0,0,0,0,0,0,0,0,0,0,0,0,0,0,0,0,0,0,4,0,0,0,0,0,0,0,0,0,0,0,0,0,0,0,0,0,0,0,0,0,0,0,0,0,0,0,0,0,0,0,0,0,0,0,0,0,0,0,0,0,0,0,0,0,0,0,0,0,0,0,0,0,0,0,0,0,0,0,0,0,0,0,0,0,0,0,0,0,0,0,0,0,0,0,0,0,0,0,0,0,0,0,0,0,0,0,0,0,0,0,0,0,0,0,0,0,0,0,0,0,0,0,0,0,0,1233,0,0,0,0,0,0,0,0,0,0,0,0,0,0,0,0,0,0,0,0,0,0,0,0,0,0,0,0,0,0,0,0,0,0,0,0,0,0,0,0,0,0,0,0,0,0,0,0,0,0,0,0,0,0,0,0,0,0,0,0,0,0,0,0,0,0,0,0,0,0,0,0,0,0,0,0,0,0,0,0,0,0,0,0,0,0,0,0,0,0,0,0,0,0,0,0,0,0,0,0,0,0,0,0,0,0,0,0,0,0,0,0,0,0,0,0,0,0,0,0,0,0,0,0,0,0,0,0,0,0,0,0,0,0,0,0,0,0,0,0,0,0,0,0,0,0,0,0,0,0,0,0,0,0,0,0,0,0,0,0,755,0,0,0,0,0,0,0,0,0,0,0,0,0,0,0,0,0,0,0,0,0,29,0,0,0,0,0,0,0,0,0,0,0,0,0,0,0,0,0,0,0,0,0,0,0,0,0,0,0,0,0,0,0,0,0,0,0,0,0,0,0,0,0,0,0,0,0,0,0,0,0,0,13,0,0,0,0,0,0,0,0,0,0,0,0,0,0,0,0,0,0,0,0,0,0,0,0,0,0,0,0,0,0,0,0,0,0,0,0,0,0,0,0,0,0,0,0,0,611,0,0,0,0,0,0,0,0,0,0,0,0,0,0,0,0,0,0,0,0,0,0,0,0,0,0,5,0,0,0,0,0,0,0,0,0,0,0,0,0,0,0,0,0,0,0,0,0,0,0,0,0,0,0,0,0,0,0,0,0,0,0,0,0,0,0,0,0,0,10,0,0,0,0,0,0,0,0,0,0,0,0,0,0,0,0,0,0,0,0,0,0,0,0,0,0,0,0,0,0,0,0,0,0,0,0,0,0
"D197",0,0,0,0,0,0,0,0,0,0,0,0,0,0,0,0,0,0,0,0,0,0,0,0,0,0,0,0,0,0,0,0,0,0,0,0,0,0,0,0,0,0,0,0,0,0,0,0,0,0,0,0,0,0,0,0,0,0,0,0,0,0,0,0,0,0,0,0,0,0,0,0,0,0,0,0,0,0,0,0,0,0,0,0,0,0,0,0,0,0,0,0,0,0,0,0,0,0,0,0,0,0,0,0,0,0,0,0,0,0,0,0,0,0,0,0,0,0,0,0,0,0,0,0,0,0,0,0,0,0,0,0,0,0,0,0,0,0,0,0,0,0,0,0,0,0,0,0,23,0,0,0,0,0,0,0,0,0,0,0,0,0,0,0,0,0,0,0,0,0,0,0,0,0,0,0,0,0,0,0,0,0,0,0,0,0,0,0,0,0,0,0,0,0,0,0,0,0,0,0,0,0,0,0,0,0,0,0,0,0,0,0,0,0,0,0,0,0,0,0,0,0,0,0,0,0,0,0,0,0,0,0,0,0,0,0,0,0,0,0,0,0,0,0,0,0,0,0,0,0,0,0,0,0,0,0,0,0,0,0,0,0,0,0,0,0,0,0,0,0,0,0,0,0,0,0,0,0,0,0,0,0,0,0,0,0,0,0,0,0,0,0,0,0,0,0,0,0,0,0,0,0,0,0,0,0,0,0,0,0,0,0,0,0,0,0,0,0,0,0,0,0,0,0,0,0,0,0,0,0,0,0,0,0,0,0,0,0,0,0,0,0,0,0,0,0,0,0,0,0,0,0,0,0,0,0,0,0,0,0,0,0,0,0,0,0,0,549,0,0,0,0,0,0,0,0,0,0,0,0,0,0,0,0,0,0,0,0,0,0,0,0,0,0,0,0,0,0,0,0,0,0,0,0,0,0,0,0,0,0,0,0,0,0,0,0,0,0,0,0,0,0,0,0,0,0,0,0,0,0,0,0,0,0,0,0,0,0,0,0,0,0,0,0,0,0,0,0,0,0,0,0,0,0,0,0,0,0,0,0,0,0,0,0,0,0,0,0,0,0,0,0,0,0,0,0,0,0,0,0,0,0,0,0,0,0,0,0,0,0,0,0,0,0,0,0,0,0,0,0,0,0,0,0,0,0,0,0,0,0,0,0,0,0,0,0,0,0,0,0,0,0,0,0,0,0,0,0,0,0,0,0,0,0,0,0,0,0,0,0,0,0,0,0,0,0,0,0,0,0,0,0,0,0,0,0,0,0,0,0,0,0,0,0,0,0,0,0,0,0,0,0,0,0,0,0,0,0,0,0,0,0,0,0,0,0,0,0,0,0,0,0,0,0,0,0,0,0,0,0,0,0,0,0,0,0,0,0,0,0,0,0,0,0,0,0,0,0,0,0,0,0,0,0,0,0,0,0,0,0,2704,0,0,0,0,0,0,0,0,0,0,0,0,0,0,0,0,0,0,0,0,0,0,0,0,0,0,0,0,0,0,0,0,0,0,0,0,0,0,68,0,0,0,0,0,0,0,0,0,0,0,0,0,0,0,0,0,0,0,0,0,0,0,0,0,0,0,0,0,0,0,0,0,0,0,0,0,0,0,0,0,0,0,0,0,0,0,0,0,0,0,0,0,0,0,0,0,0,0,0,0,0,0,0,0,0,0,0,0,0,0,0,0,0,0,0,0,0,0,0,0,0,0,0,0,0,0,0,0,0,0,0,0,0,0,0,0,0,0,0,0,0,0,0,0,0,0,0,0,0,0,0,0,0,0,0,0,0,0,0,0,0,0,0,0,0,0,0,0,0,0,0,0,0,0,0,0,0,0,0,0,0,0,0,0,0,0,0,0,0,0,0,0,0,0,0,0,0,0,0,0,0,0,0,0,0
"D198",23,382,1956,1536,504,0,44,218,1,0,979,0,0,575,177,0,142,11,72,25,0,0,0,0,0,22,47,0,0,0,123,0,162,4,0,10,0,0,0,3,0,9,73,0,502,188,0,0,655,13,3,0,217,0,0,947,0,0,132,0,0,40,477,0,0,0,0,0,6931,0,0,0,0,1792,0,0,7,0,12,0,0,2,0,0,135,478,0,0,33,82,114,32,0,33,262,10,26,0,0,24,111,0,0,28,0,249,122,0,0,37,192,199,9,0,0,0,0,0,0,1908,12,6,115,0,23,225,0,105,164,0,27,0,86,0,37,106,0,8,0,99,10,0,0,659,440,2138,0,0,0,0,0,0,21,5,77,8,963,0,0,589,0,27,0,47,0,144,59,18,257,0,130,0,195,0,59,155,3,0,0,516,23,0,26,103,0,0,0,71,0,0,0,0,0,0,0,0,69,119,31,522,98,0,41,294,0,920,0,506,0,117,0,414,0,0,0,0,0,0,0,8,39,40,0,0,12,14,645,0,1148,522,148,7,0,17,2,0,207,0,374,3,14,9,29,1012,2,0,0,12,0,0,369,261,0,29,3,47,86,1586,0,8,10,0,0,3,0,76,185,0,0,2,0,932,0,0,0,62,16,34,60,0,102,53,0,0,5,0,57,0,49,5,0,150,0,25,0,0,20,88,10,1425,23,0,182,4,0,2,0,77,49,0,0,0,34,11,20,0,912,12,18,1081,0,0,0,0,0,0,32,0,0,8,228,97,0,0,5,27,203,344,69,75,0,0,0,0,0,0,0,3,0,0,3,374,479,0,392,53,53,0,230,0,0,0,95,3,9,0,8,0,0,0,0,602,0,0,3,24,0,87,2,41,12,128,0,0,0,0,0,6,38,15,36,1080,51,100,0,5,0,2458,0,0,52,0,570,64,516,0,64,55,5,0,201,9,0,58,285,41,0,288,119,0,214,0,64,85,436,219,9,86,0,0,1114,201,74,1760,14,93,9,0,0,0,175,63,565,355,47,0,0,2,0,7,0,59,44,215,1,8,288,0,0,0,10,182,542,0,14,0,87,0,0,133,822,1135,0,397,0,0,0,0,0,191,835,2024,0,0,0,47,138,0,572,0,915,0,0,0,0,131,0,310,0,129,3,0,0,46,217,69,650,0,0,0,556,931,5,248,0,107,75,839,27,29,60,4,0,0,6,119,51,20,0,0,0,0,72,0,432,73,22,0,90,0,936,100,27,6,0,26,0,290,0,0,15,0,114,0,180,0,0,0,138,95,18,2,193,2328,0,125,0,0,0,0,34,719,23,0,339,5,0,0,0,75,22,550,0,27,7,12,0,0,102,228,887,55,11,0,17,0,0,97,38,0,0,77,1027,64,24,0,243,0,0,0,0,6,820,0,0,27,8,0,0,0,46,0,0,0,6,0,17,0,1079,0,0,0,0,163,0,23,73,0,0,248,0,0,0,15,0,0,0,465,213,14,7,253,0,0,27,654,210,104,1955,0,427,0,0,0,0,0,0,0,0,0,4,0,90,0,17,0,0,0,1075,0,0,2,0,0,0,0,15,32,71,511,0,14,0,0,0,0,0,1789,0,23,20,0,0,38,15,0,0,35,0,3,12,3,0,0,0,78,30,0,33,33,19,83,144,0,0,6367,0,0,0,0,0,43,37,0,417,0,31,0,2,0,8,0,236,2349,333,16,0,0,27,359,0,78,0,1792,0,200,177,0,16,28,84,0,68,0,58,107,327,1,0,158,79,105,5,0,0,0,0,583,0,5,0,4,1070,0,119,22,12,0,11,0,8,33,0,0,0,0,500,13157,4,0,0,0,922,0,101,2,0,11,0,0,0,90,0,42,0,0,33,0,5,0,207,0,1340,0,0,1275,0,0,0,0,0,114,8,56,9,2033
"D199",0,7,22,2,4,0,0,8,5,2,16,0,0,0,0,8,92,0,10,11,0,0,15,101,31,0,0,10,3,2,8,52,7,2,12,6,57,0,0,0,61,0,0,9,58,6,4,0,10,0,17,0,2,0,102,126,21,67,39,19,0,0,0,1,11,0,0,6,193,0,27,2,0,3,0,6,8,0,0,17,9,8,0,0,5,11,0,0,74,0,8,8,0,0,2,0,0,0,0,2,54,10,4,28,0,32,4,0,0,0,12,25,0,47,0,11,0,0,2,29,0,2,5,0,13,0,3,0,2,0,0,0,0,1,42,50,3,36,0,5,0,0,0,76,3,195,8,1,0,4,0,0,23,17,0,0,0,0,0,18,0,0,16,0,1,4,1,0,6,4,5,0,0,0,6,116,0,0,0,0,0,52,0,32,3,0,0,8,2,0,1,0,4,0,0,5,4,1,1,0,5,0,6,0,0,0,0,6,0,4,1,0,5,0,0,17,0,2,16,0,0,0,5,9,11,3,45,0,3,6,0,5,6,8,0,0,17,0,14,21,12,0,2,2,0,1,0,3,9,0,1,0,25,0,0,1,2,48,0,22,0,0,0,0,0,36,6,0,27,0,9,0,6,23,0,0,2,0,0,0,0,0,0,10,4,29,4,23,2,39,0,40,0,0,5,0,12,0,0,29,13,0,7,0,0,12,2,0,0,0,0,7,0,0,5,35,113,0,0,109,6,0,0,1,0,2,2,0,0,15,0,0,0,0,0,0,21,17,0,0,0,0,0,0,1,10,0,188,0,0,3,39,2,2,0,0,0,1,5,0,3,0,0,8,0,0,24,0,29,0,8,2,3,0,79,0,0,0,4,10,2,28,14,0,8,2,5,4,0,4,0,0,48,5,3,5,0,158,0,0,2,4,0,0,0,4,29,0,0,0,84,108,0,3,5,14,0,1,20,12,24,0,8,24,273,10,37,0,0,25,0,1,3,45,1,0,1,3,0,0,7,33,0,2,23,0,10,3,93,0,12,44,8,0,29,7,1,0,0,0,8,19,250,0,0,0,13,0,29,4,5,9,0,4,81,0,5,0,14,27,0,58,3,0,6,0,2,0,18,24,18,0,0,0,0,0,0,0,71,2,0,0,0,5,0,5,1,0,0,17,9,23,0,30,0,9,16,0,8,1,0,0,2,3,0,105,24,4,53,34,4,0,0,123,0,4,3,16,0,0,58,32,9,0,12,5,0,29,0,0,2,3,0,0,1,0,0,0,0,0,0,0,0,51,0,0,29,0,4,0,2,7,3,5,7,10,0,0,2,3,0,0,13,7,0,11,0,0,38,0,50,0,0,0,1,0,0,13,0,0,0,0,33,2,0,0,0,48,0,0,0,13,18,17,0,0,16,4,21,0,13,0,0,0,4,7,2,0,0,0,0,2,15,10,1,0,0,2,6,39,0,3,0,0,0,0,3,16,0,0,1,22,0,1,8,181,1,0,47,0,5,0,47,15,17,0,4,0,0,0,0,0,4,0,6,13,0,0,183,0,0,2,3,0,0,0,15,2,0,17,0,19,0,0,14,3,0,201,36,4,28,0,0,0,0,10,29,2,0,0,1,102,1,0,8,0,2,2,0,12,14,4,0,0,0,201,8,0,29,16,83,9,9,0,3,0,2,7,0,22,0,45,6,50,3,4,0,0,2,9,3,4,0,2,8,1,60,0,4,0,1,13,0,0,0,0,0,0,1,8,13,0,134,0,0,0,26,3,0,1,0,0,77,12,5,0,4,3,8,56,14,6,11,2,37,0,42,37,7,0,0,0,23,53,0,0,0,8,134,21,0,0,11,2,0,0,12,0,8,9,0,0,0,21,0,25,33,0,0,13,2,0,0,3,0,0
"D200",0,0,0,0,0,0,0,0,0,0,0,0,0,0,0,0,0,0,0,0,0,0,0,0,0,0,0,0,0,0,0,0,0,0,0,0,0,0,0,0,0,0,0,0,0,0,2,0,0,0,0,0,0,0,0,0,0,0,0,0,0,0,0,0,0,0,0,0,1392,0,0,0,0,0,0,0,0,0,7,0,0,0,0,25060,0,0,0,0,0,0,0,0,0,0,0,0,0,0,0,0,0,0,0,0,0,0,0,0,0,170,0,0,0,0,0,0,0,0,0,0,0,0,0,0,0,0,0,0,0,0,0,0,0,0,0,0,0,0,0,0,0,0,0,0,0,0,0,0,0,0,0,0,0,0,0,0,0,0,0,2,0,1,0,0,0,0,0,0,0,0,0,0,0,0,0,0,0,0,0,0,0,0,0,0,0,0,0,0,0,0,0,0,0,0,0,0,0,0,0,0,0,0,0,0,0,0,0,0,0,0,0,2,0,0,0,0,0,0,0,0,0,0,0,0,0,0,0,0,0,0,0,0,0,0,0,0,0,0,0,0,0,0,0,0,0,0,0,0,0,0,0,0,0,0,0,0,0,516,0,0,0,0,0,0,0,0,0,7,0,0,0,975,0,0,0,0,0,0,0,0,0,0,0,0,0,0,0,0,0,0,0,0,0,0,0,0,0,0,0,0,0,0,0,0,0,0,0,0,0,0,0,0,0,0,0,0,0,0,0,0,0,0,0,0,0,0,0,0,0,0,0,0,0,0,0,0,0,0,0,0,0,0,0,0,0,0,0,0,0,0,0,0,0,0,0,0,0,0,0,0,0,0,0,0,0,0,0,0,0,0,0,0,0,0,0,0,0,0,0,0,0,0,0,0,0,0,0,0,0,0,0,0,0,0,0,0,0,0,0,0,0,0,0,3,0,0,0,0,5,0,0,0,0,0,0,0,0,0,0,0,0,1,0,0,0,0,0,0,0,0,0,0,0,0,0,0,0,0,0,0,0,0,0,0,0,0,0,0,0,0,0,0,0,0,0,0,0,0,1627,0,0,0,0,0,0,0,73993,0,0,0,0,0,0,0,0,0,0,1,0,0,0,0,0,0,0,0,0,0,0,0,0,0,0,0,0,0,0,0,0,0,0,0,0,0,92,0,0,0,0,0,0,0,0,4,0,0,1,0,0,0,0,0,0,0,0,0,0,0,0,0,0,0,0,0,0,0,0,0,0,0,0,0,0,0,0,0,0,0,0,0,0,0,0,0,0,0,0,0,0,0,0,0,0,0,0,0,0,0,0,0,0,0,0,0,0,0,0,0,0,0,0,0,0,0,0,0,0,0,0,0,0,0,3,0,0,0,0,0,0,0,0,0,0,0,0,0,0,0,0,0,0,0,0,0,0,0,0,0,0,0,0,0,0,0,0,0,0,0,0,5763,0,0,0,0,0,0,0,0,0,0,0,0,0,0,0,5,0,0,2,0,0,0,0,0,0,0,0,0,0,0,0,0,0,0,0,0,0,0,0,0,0,0,0,0,0,0,0,0,0,0,0,0,0,0,0,0,0,0,5,0,0,0,0,0,0,0,0,0,0,0,0,0,0,0,0,0,0,0,0,0,0,0,0,0,0,0,0,0,0,0,0,0,0,0,0,0,0,0,0,0,0,0,0,0,0,0,0,0,0,0,0,0,0,0,0,0,0,0,0,0,0,0,0,0,0,0,0,0,0,0,0,0,0,0,0,0,0,0,0,0,0,0,0,0,0,0,0,0,0,0,0,0,0,0,0,0,0,0,0,0,0,0,0,0,0,0,0,112,0,0,0,0,0,0,0,0,0,0,0,0,0,0,0,0,0,0,0,0,0,0,0,2,0,0,0,0,0,0,0,0,0,0,0,0,0,0
"D201",4,15,49,0,0,0,3,10,0,0,0,0,0,40,6,95,131,0,0,0,0,13,0,668,0,2,3,94,0,0,12,0,59,79,16,130,0,0,0,0,12,0,156,0,372,0,0,0,9,10,1,0,0,6,0,91,0,439,0,23,0,0,48,41,0,11,0,2,28,0,40,1,0,0,0,2,5,0,0,206,198,6,0,0,2,0,0,0,52,0,0,18,0,1,0,2,0,0,0,7,39,0,0,0,5,4,0,0,1,0,24,0,36,45,0,0,0,0,19,52,0,0,6,14,0,0,0,8,9,53,3,0,0,0,3,11,0,0,0,0,22,0,0,0,0,97,0,12,0,0,0,9,75,10,0,213,62,0,16,39,0,0,17,81,37,8,123,129,1,0,14,116,27,0,57,733,4,0,0,6,0,0,0,65,0,0,0,31,29,0,0,1,0,0,0,0,0,25,10,0,23,0,4,20,0,22,0,0,34,7,2,0,15,0,1,210,0,2,0,16,0,25,3,44,452,1,0,1,21,9,0,12,30,49,51,0,62,0,11,912,162,40,6,8,62,13,0,0,0,0,1,12,28,0,0,14,20,11,27,0,22,91,0,0,0,10,0,0,99,0,2,23,0,0,11,0,22,0,8,0,19,0,0,14,12,10,39,32,0,199,462,23,148,15,2,0,0,0,6,29,14,0,0,0,0,6,17,37,0,3,0,5,79,0,0,0,9604,36,0,177,44,0,5,0,0,2,0,2,0,2,0,0,0,2,0,10,629,0,2,0,0,0,0,0,0,9,0,362,0,0,0,0,35,4,0,3,0,0,3,0,33,0,0,25,0,0,189,0,0,0,287,0,2,0,7,7,2,3,26,0,10,4,7,0,2,0,104,22,0,51,8,46,22,2,104,9,0,257,0,0,2,4,1,0,0,1,0,16,0,0,82,783,0,3,4,57,226,0,0,1,50,0,3,43,78,0,319,29,0,38,0,0,0,89,0,11,8,14,30,0,29,35,94,15,16,0,0,0,16,0,2,164,27,7,167,22,1,29,0,0,2,4,587,0,67,0,197,1,29,212,43,118,0,13,11,66,0,0,467,2,0,18,0,0,7,0,15,0,35,63,74,0,0,0,0,0,0,37,279,2,16,0,0,0,0,0,101,0,30,3,0,27,17,3,0,0,0,77,7,0,1,2,2,2,0,319,10,2,26,0,104,0,0,182,0,0,5,17,0,0,1388,116,13,0,254,1,51,23,0,0,0,4,162,0,0,0,0,0,0,0,2,74,0,34,0,3,41,0,18,0,0,0,0,192,1,2,0,0,0,12,2,11,24,8,0,11,8,0,9,0,302,0,0,10,1,0,0,22,4,0,0,1,0,7,0,11,0,34,0,0,0,0,0,0,0,13,24,62,549,0,6,0,3,4,60,24,0,0,0,0,0,0,897,14,0,3,0,129,0,68,0,39,0,6,0,0,26,0,0,6,2,5,0,53,103,2,0,4,0,0,185,0,81,8,360,0,11,0,0,0,0,0,79,0,8,59,0,1,35,208,0,0,0,0,0,0,0,2,0,2,2,0,0,0,1,4,0,1330,611,194,2,8,0,4,0,0,99,26,0,41,0,18,82,0,6,0,6,4,0,20,40,23,14,0,0,27,84,0,2,2,289,5,10,64,17,0,0,121,0,8,7,0,9,0,12,10,0,0,9,0,15,13,7,41,0,0,24,0,22,0,83,40,3,0,0,0,6,0,3,217,1,0,1236,0,0,0,20,0,10,3,0,24,66,0,0,0,6,0,6,0,10,56,26,4,46,31,0,195,0,1,0,0,7,0,0,0,9,31,2,0,0,0,0,27,0,0,25,104,0,24,0,4,6,0,25,177,20,0,0,14,3,0,0,0,0,4
"D202",0,0,0,0,0,48,0,0,0,0,0,0,0,0,0,0,0,0,0,0,0,0,0,0,0,0,0,0,0,0,0,0,0,0,0,0,0,2941,0,0,0,0,0,0,0,0,0,0,0,0,0,0,0,0,0,0,0,0,0,0,0,0,0,0,0,0,1,0,0,0,0,0,0,0,0,0,0,0,0,0,0,0,0,0,0,0,0,0,0,0,0,0,0,0,0,0,0,0,0,0,0,0,0,0,0,0,0,0,0,0,0,0,0,0,0,0,0,0,0,0,0,0,0,0,0,0,0,0,0,0,0,0,0,0,0,0,0,0,0,0,0,502,0,0,0,0,0,0,4723,0,20,0,0,0,0,0,0,3500,0,0,0,0,0,0,0,0,0,0,0,0,0,0,0,2,0,0,0,0,164,0,0,0,0,0,0,0,0,0,0,0,0,0,0,0,377,0,0,0,0,0,0,0,0,0,0,0,0,0,0,0,0,0,0,0,0,0,10,0,0,0,0,0,0,0,0,0,0,0,0,0,0,0,0,0,0,0,0,0,0,0,0,0,0,0,0,0,0,0,0,0,0,0,0,0,0,0,0,0,0,0,0,0,0,0,0,0,0,0,0,0,0,0,0,0,0,0,0,0,0,0,0,0,0,0,0,0,0,0,0,0,0,0,0,0,0,0,0,0,0,0,0,0,0,0,283,0,0,0,0,0,0,0,0,0,0,0,0,0,0,0,0,0,0,0,0,0,0,0,0,0,0,0,11,0,0,0,0,0,0,0,0,0,0,0,0,0,0,0,0,0,0,0,0,0,0,0,0,0,0,0,0,0,0,0,12429,24,0,53,0,0,0,0,0,0,0,0,0,0,0,0,0,0,0,0,0,0,0,0,0,0,0,0,0,0,0,0,0,0,0,0,0,0,0,0,0,0,0,0,0,0,0,0,0,0,0,0,0,0,0,0,0,0,0,0,0,0,0,0,0,0,0,0,0,0,0,0,0,0,0,11,0,0,0,0,0,135,0,0,0,0,0,0,0,0,0,0,0,0,0,0,0,0,0,0,0,0,0,0,0,0,0,0,0,0,0,0,0,0,0,0,0,0,0,0,0,8,0,0,0,0,0,0,0,0,0,0,154,0,0,0,0,0,0,0,0,0,0,0,0,0,0,0,0,0,0,0,0,0,0,0,0,0,0,0,0,0,0,0,0,0,0,13,0,0,0,0,0,0,0,0,0,0,0,0,0,0,0,0,0,77,0,0,0,0,0,0,0,0,0,0,0,0,0,0,0,0,0,245,0,341,0,0,0,0,0,0,193,0,0,0,0,0,0,0,0,0,0,0,0,0,0,0,0,0,0,0,0,0,0,0,0,0,0,0,0,0,0,0,0,0,0,0,0,0,0,0,0,0,0,0,0,0,0,0,0,0,0,0,0,0,6,0,0,0,0,0,0,0,0,0,0,0,0,0,0,0,0,0,0,0,0,0,0,0,0,0,0,0,0,0,0,0,0,0,0,0,0,0,0,0,0,655,0,0,0,0,0,0,0,0,0,0,0,0,0,0,0,0,0,0,0,0,0,25,0,0,0,0,0,0,0,0,0,0,0,0,0,0,0,0,0,0,0,0,0,0,0,0,0,0,0,0,0,5,0,0,0,0,0,0,0,0,0,0,0,0,0,0,0,0,0,0,0,0,0,0,0,0,0,0,0,0,0,0,0,0,0,0,0,0,0,0,0,0,0,0,0,0,0,0,0,0,0,252,0,0,0,0,0,0,0,0,0,0,0,0,0,0,0,0,0,0,0,0,0,0,0,0,0,0,0,0,0,0,0,0,0,0,0,0,0,0,0,0,81,0,0,0,0,0,0,0,0,0,0,0,0,0,0,0,0,0,0,5,0,0
"D203",0,0,0,0,0,0,0,0,0,0,0,0,0,0,0,0,0,0,0,0,0,0,0,0,0,0,0,0,0,0,0,0,0,0,0,0,0,0,0,0,0,0,0,0,0,0,0,0,0,0,0,0,0,0,0,0,0,0,0,0,0,0,0,3,0,0,0,0,0,0,0,0,0,0,0,0,0,0,0,0,0,0,0,0,0,0,0,0,0,0,0,0,0,0,0,0,0,0,0,0,0,0,0,0,0,0,0,0,0,0,0,0,0,0,0,0,0,0,0,0,0,0,0,0,0,0,0,0,0,0,0,0,0,0,0,0,0,0,0,0,0,0,0,0,0,0,0,0,0,0,0,0,0,0,0,0,0,0,0,0,0,0,0,0,0,0,0,0,0,0,0,0,0,0,0,0,0,0,0,0,0,0,0,0,0,0,0,0,0,0,0,0,0,0,0,0,0,0,0,0,0,0,0,0,0,0,0,0,0,0,0,0,0,0,0,0,0,0,0,0,0,0,0,0,0,0,0,0,0,2,0,0,0,0,0,0,0,0,0,0,0,0,0,0,0,0,0,0,0,0,0,0,0,0,0,0,0,0,0,0,0,0,7,0,0,0,0,0,0,0,0,0,0,0,0,0,0,0,0,0,0,0,0,0,0,0,0,0,0,0,0,0,0,0,0,0,0,0,0,0,0,0,0,0,0,0,0,0,0,0,0,0,0,0,0,0,0,0,0,0,0,0,0,0,0,0,0,0,0,0,0,0,35,0,0,0,0,0,0,0,0,0,0,0,0,0,0,0,0,0,0,0,0,0,0,0,0,0,0,0,0,0,0,0,0,0,0,0,0,0,0,0,0,0,0,0,0,0,0,0,0,0,0,0,0,0,0,0,0,0,0,0,0,0,0,0,0,0,0,0,0,0,0,0,0,0,0,0,0,15,0,0,0,0,0,0,0,0,0,0,0,0,0,0,0,0,0,0,0,0,0,0,0,0,0,0,0,0,0,0,0,0,0,0,0,0,0,0,0,2,0,0,0,0,0,0,0,0,0,0,0,0,0,0,0,0,0,0,0,0,0,0,0,0,0,0,0,0,0,0,0,0,0,0,0,0,0,0,0,0,0,0,0,0,0,0,0,0,0,0,0,0,0,0,0,0,0,0,0,0,0,0,0,0,0,0,0,0,0,0,0,0,0,0,0,0,0,0,0,0,0,0,0,0,0,0,0,0,0,0,0,0,0,0,0,0,0,0,0,0,0,0,0,0,0,0,0,0,0,0,0,0,0,0,0,0,0,0,0,0,0,0,0,0,0,0,0,0,0,0,0,0,0,0,0,0,0,0,0,0,0,0,0,0,15,0,0,0,0,0,0,0,0,0,0,0,0,0,0,0,0,0,0,0,0,0,0,0,0,0,0,0,0,0,0,0,0,0,0,0,0,0,0,0,0,0,0,0,0,0,0,0,0,0,0,0,0,0,0,0,0,0,0,0,0,0,0,0,0,0,0,0,0,0,0,0,0,0,0,0,0,0,0,0,0,0,0,0,0,0,0,0,0,0,0,0,0,0,0,0,0,0,0,0,0,0,0,0,0,0,0,0,0,0,0,0,0,0,0,0,0,0,0,0,0,0,0,0,0,0,0,0,0,0,0,0,0,0,0,0,0,0,0,0,0,0,0,0,0,0,0,0,0,0,0,0,0,0,0,0,0,0,0,0,0,0,0,0,0,0,0,0,0,0,0,0,0,0,0,0,0,0,0,0,0,0,0,0,0,0,0,0,0,0,0,0,0,0,0,0,0,0,0,0,0,0,0,0,0,0,0,0,0,0,0,0,0,0,0,0,0,0,0,0,0,0,0,0,0,0,0,0,0,0,0,0,0,0,0,0,0,0,0,0,0,0
"D204",0,0,7,0,16,0,0,0,0,0,595,60,0,0,18,0,0,0,15,0,1,0,0,0,762,0,0,0,0,0,0,0,0,1,20,0,0,0,3,8,3,8,0,54,661,0,0,0,0,24,30,0,3,22,207,0,0,0,235,6,0,5,311,0,0,0,0,154,20,1,0,0,0,0,19,33,0,0,0,21,10,3,0,0,0,12,0,3,0,0,0,0,0,38,0,16,4,0,0,4,0,0,4,9,77,0,0,0,0,0,0,68,44,71,0,0,0,3,2,0,2,2,2,2,0,0,5,12,0,50,26,0,0,0,0,4,13,0,0,0,7,0,0,0,0,0,1,11,0,0,0,10,15,0,0,0,0,0,18,2,44,0,0,6,0,0,0,0,0,0,0,22,0,0,0,0,12,0,0,0,3,0,7,30,0,0,0,0,3,0,0,0,0,0,0,0,0,0,2,0,17,0,0,0,0,0,3,0,2,0,45,0,9,0,13,0,0,2,0,0,0,146,30,30,0,0,0,0,0,0,0,3,6,0,245,0,0,0,0,0,0,0,0,0,0,0,2,0,0,2,0,0,13,0,0,53,11,71,0,18,0,36,0,0,0,0,0,0,8,18,246,0,0,0,3,3,18,0,0,2,3,0,0,0,15,8,0,429,0,25,0,66,19,18,0,0,0,0,32,0,0,0,0,0,0,0,0,0,0,3,0,0,7,8,0,0,0,0,144,0,9,0,4,14,9,13,0,6,0,41,4,0,0,2,0,0,0,0,0,0,0,0,3,0,41,0,20,0,0,0,2,0,0,0,0,5,36,0,0,0,0,0,0,30,0,0,2,0,0,0,0,0,0,3,0,56,0,0,0,1,11,0,412,0,17,46,74,10,0,50,3,0,0,0,0,10,0,4,0,0,0,12,0,0,0,0,0,103,0,0,2,2,0,0,17,1,0,0,33,0,0,0,0,1,0,0,0,0,0,0,0,0,0,157,0,0,17,0,0,0,0,105,0,0,0,0,0,0,0,0,43,0,0,3,0,0,0,4,0,0,0,0,739,0,160,43,5,0,0,0,0,82,2,52,0,3,0,0,0,0,0,0,8,0,0,0,0,0,14,0,57,141,0,0,2,0,0,0,0,0,1,4,0,0,0,0,347,11,0,0,0,0,2,0,6,0,0,0,0,5,0,0,0,0,4,281,6,31,0,0,1,0,0,19,0,0,13,0,0,0,0,0,39,0,126,0,4,0,303,0,0,0,0,0,0,59,0,0,1,0,0,52,2,0,0,0,45,0,0,0,20,0,0,0,0,0,0,0,0,0,0,0,0,34,0,9,12,0,0,0,0,0,0,0,9,5,3,0,0,0,0,0,0,0,0,0,3,0,0,0,0,0,0,0,0,29,19,0,597,0,0,6,2,0,0,96,0,0,14,0,0,0,0,0,0,12,23,0,0,0,0,0,0,0,0,0,0,0,0,4,0,0,0,24,0,1071,0,0,63,0,0,0,0,0,0,0,0,0,3,0,494,0,1,0,42,44,0,6,58,200,0,0,6,0,160,0,2,0,0,10,0,0,0,0,0,9,0,2102,0,0,0,6,0,0,0,3,48,4,0,94,0,100,0,11,0,0,0,14,0,66,149,0,0,0,0,0,33,0,0,38,201,8,0,0,0,1,21,36,0,10,7,0,0,0,0,0,0,0,7,0,30,0,14,2,0,0,11,3,23,0,0,2,0,0,0,0,0,1,0,0,10,0,63,0,0,0,67,0,25,0,0,4,128,0,0,0,23,0,0,0,0,22,0,0,0,0,0,19,2,0,0,0,0,0,0,32,0,2,0,0,0,113,60,3,0,6,0,0,2,0,0,2,0,0,0,970,0,0,0,0,0,0,5,0,0,0
"D205",0,0,0,0,0,0,0,0,0,0,0,0,0,0,0,0,0,0,0,0,0,0,0,0,0,0,0,0,0,0,0,0,0,0,0,0,0,0,0,0,0,0,0,0,0,0,4,0,0,0,0,0,0,0,0,0,0,0,0,0,0,0,0,0,0,0,0,0,0,0,0,0,0,0,0,0,0,0,0,0,14,0,0,0,0,0,0,0,0,0,0,0,0,0,0,0,0,0,0,0,0,0,0,0,0,0,0,0,0,0,0,0,0,0,0,0,0,0,0,0,0,0,0,0,0,0,0,0,0,0,0,0,0,0,0,0,0,0,1,0,0,0,0,0,0,0,0,0,0,0,0,0,0,0,0,0,0,0,0,0,0,0,0,0,0,0,0,0,0,0,0,0,0,0,0,0,0,0,0,0,0,0,0,0,0,0,0,0,0,0,0,0,0,0,0,0,0,0,0,0,0,0,0,0,0,0,0,0,0,0,0,0,0,0,0,0,0,0,0,0,0,0,0,0,0,0,0,0,0,0,0,0,0,0,0,0,0,0,0,0,0,0,0,0,0,0,0,0,0,0,0,0,0,0,0,0,0,0,0,0,0,0,0,0,0,0,0,0,0,0,0,0,0,0,0,0,0,0,0,0,0,0,0,0,0,0,0,0,0,0,0,0,0,0,0,0,0,0,0,0,0,0,0,0,0,0,0,0,0,0,0,0,0,0,0,0,0,0,0,0,0,0,0,0,0,0,0,0,0,0,0,0,0,0,0,0,0,0,0,0,0,0,0,0,0,0,0,0,0,0,0,0,0,0,0,0,0,0,0,0,0,0,0,0,0,0,0,0,0,0,0,0,0,0,0,0,0,0,0,0,0,0,0,0,0,0,0,0,0,0,0,0,0,0,0,0,0,0,0,0,0,0,0,0,0,9,0,0,0,0,0,0,0,0,0,0,0,5,0,0,0,0,0,0,0,0,0,0,0,0,0,0,0,0,0,0,0,0,0,0,0,0,0,0,0,0,0,0,0,0,0,0,0,0,0,0,0,0,0,0,0,0,0,0,0,0,0,0,0,0,0,0,0,0,0,0,0,0,0,0,0,0,0,0,0,0,0,0,0,0,0,0,0,0,0,0,0,0,0,0,0,0,0,0,0,0,0,0,0,0,0,0,0,0,0,0,0,2,0,0,0,0,0,0,0,0,3,0,0,0,0,0,0,0,0,0,0,0,0,0,2,0,0,0,0,0,0,0,0,0,0,0,0,0,0,5,0,0,0,0,0,0,0,0,0,0,0,0,0,0,0,0,0,0,0,0,0,0,0,0,0,0,0,0,0,0,0,0,0,0,0,0,0,0,0,0,0,0,0,0,0,0,0,0,0,0,0,0,0,0,0,0,0,0,0,0,0,0,0,0,0,0,0,0,0,0,0,0,0,0,0,0,0,0,0,0,0,0,0,0,0,0,0,0,0,0,0,0,0,0,0,0,0,0,0,0,0,0,0,0,0,0,0,0,0,0,0,0,0,0,0,0,0,0,0,0,0,0,0,0,0,0,0,0,0,0,0,0,0,0,0,0,0,0,0,0,0,0,0,0,0,0,0,0,0,0,0,0,0,0,0,0,0,0,0,0,0,0,0,0,0,0,0,0,0,0,0,0,3,0,0,2,0,0,0,0,0,0,0,0,0,0,0,0,0,0,0,0,0,0,0,0,0,0,0,0,0,0,0,0,0,0,0,0,0,0,0,0,0,0,0,0,0,0,0,0,0,0,0,0,0,0,0,0,0,0,0,0,0,0,0,0,0,0,0,0,0,5,0,0,0,0,0,0,0,0,0,0,0,0,0,0,0,0,0,0,0,0,0,0,0,0,0,0,0,0,0,0,0,0,0,0,0,0,0,0
"D206",0,0,0,0,0,0,0,0,0,100,0,0,0,0,0,0,0,0,0,0,0,0,0,0,0,0,0,0,0,0,0,0,0,0,0,0,0,0,0,0,0,0,0,0,0,0,0,0,0,0,0,0,0,0,0,0,0,0,0,0,0,0,0,0,0,0,0,0,0,0,0,0,0,0,0,0,0,0,0,0,0,0,0,17,0,0,0,0,0,0,0,0,0,0,0,0,0,0,0,0,0,0,0,0,0,0,0,0,0,2,0,0,0,0,0,0,0,0,0,0,0,0,0,0,0,0,0,0,0,0,0,0,0,0,0,0,0,0,0,0,0,0,0,0,0,0,0,0,0,0,0,0,0,0,18,0,0,0,0,0,0,0,0,0,0,0,0,0,0,0,0,0,0,0,0,0,0,0,0,0,0,0,0,0,0,0,0,0,0,0,0,0,0,0,0,0,0,0,0,0,0,0,0,0,0,0,0,0,0,0,0,0,0,0,0,0,0,0,0,0,0,0,0,0,0,0,0,0,0,0,7,0,0,0,0,0,0,0,0,0,0,0,0,0,0,0,0,0,0,0,19,0,0,0,0,0,0,0,0,0,0,0,0,0,0,0,0,0,0,0,0,0,0,0,0,0,0,0,0,0,0,0,0,0,0,0,0,0,0,0,0,0,0,0,0,5,0,0,0,0,0,16,0,0,0,0,0,0,0,0,0,0,0,0,0,0,0,0,0,0,0,0,0,0,0,0,0,0,0,0,0,0,0,0,0,0,0,0,0,0,0,0,0,0,0,0,0,0,0,0,0,0,0,0,0,0,0,0,0,283,0,0,0,0,0,0,0,0,0,0,0,0,0,0,0,0,0,0,0,0,0,0,0,0,0,0,0,0,0,0,0,0,0,0,0,0,0,0,0,0,0,0,0,0,0,0,0,0,0,0,0,0,0,0,0,0,0,0,0,0,0,0,0,0,0,0,0,0,0,0,0,0,0,0,0,0,0,0,0,0,0,0,0,0,0,0,0,0,0,0,0,0,0,0,0,0,0,0,45,0,0,0,0,0,0,0,0,0,0,0,0,0,0,0,0,0,0,0,0,0,0,0,0,0,0,2293,0,0,0,0,0,0,0,0,0,0,0,0,0,0,0,0,0,0,0,0,0,0,0,0,0,0,0,0,0,0,0,0,0,0,0,0,0,0,0,0,0,0,0,0,0,64,0,0,0,0,0,0,0,0,0,0,0,0,0,0,0,0,0,0,0,0,0,0,0,0,0,0,0,0,0,0,0,0,0,0,0,0,0,0,0,0,0,0,0,0,0,0,0,0,0,0,0,0,0,0,0,0,0,0,0,0,0,0,0,0,0,0,0,0,0,0,0,0,0,0,0,0,0,0,0,0,0,0,0,0,0,0,0,0,0,0,0,0,0,0,0,0,0,8,849,0,0,0,0,0,0,0,0,0,0,0,0,0,0,0,0,0,0,0,0,0,0,0,0,0,28,0,0,0,0,0,0,0,0,0,0,0,0,0,0,0,0,0,0,0,0,0,0,0,0,0,0,2,0,0,0,0,5,0,0,0,0,0,0,0,0,0,0,0,0,0,0,0,0,0,0,0,0,0,0,0,0,0,0,7,0,0,0,0,0,0,0,0,0,0,0,366,0,0,0,0,0,0,0,0,0,0,0,0,0,0,0,0,0,0,0,0,0,0,0,0,0,0,0,0,0,0,0,0,0,0,0,0,0,0,0,81,0,0,0,0,0,0,0,1378,0,0,0,0,0,0,0,0,0,0,0,0,0,0,0,0,0,0,0,0,0,1714,0,0,0,0,0,0,0,0,0,0,0,0,0,0,0,0,0,0,0,0,0,0,0,0,0,0,0,0,0,0,0,0,0,0,0,0,0,0
"D207",0,0,0,2,0,0,0,0,0,0,0,0,0,0,0,0,0,0,0,0,0,0,0,0,0,0,0,0,0,0,0,0,0,0,0,0,0,0,0,0,0,0,0,0,0,0,0,0,0,0,0,0,0,0,0,0,0,0,0,0,0,0,0,0,0,0,0,53,0,0,0,2,0,0,0,0,0,0,0,0,0,0,31,0,0,0,0,0,0,0,0,0,0,0,0,0,0,0,0,0,0,0,0,0,0,0,0,0,0,0,0,0,0,0,0,0,0,0,0,0,0,0,0,0,0,0,0,0,0,0,0,0,4,0,0,0,0,0,0,0,0,0,0,0,0,0,0,0,0,0,0,0,0,0,0,0,0,0,0,0,0,0,0,17,0,0,0,0,0,0,0,42,0,0,0,0,0,0,0,0,0,0,0,0,0,0,0,0,0,11,0,0,0,0,0,0,0,0,0,0,0,0,0,0,0,0,0,23,0,0,0,0,0,0,0,0,0,0,0,0,0,0,0,0,0,0,0,0,0,0,0,0,0,0,0,0,0,0,0,0,0,0,0,0,0,0,2,0,0,0,0,0,0,0,0,0,0,0,0,0,0,1502,0,0,0,0,61,0,0,0,0,0,0,0,0,0,0,0,0,0,0,0,0,0,0,0,0,0,0,0,0,0,0,0,0,0,0,0,0,0,0,0,0,0,0,0,0,0,0,0,0,0,0,0,0,0,0,0,0,0,0,0,0,0,0,0,0,0,0,0,0,0,0,0,0,0,0,0,0,0,0,0,0,0,0,0,0,0,0,0,0,0,0,0,0,2,0,0,0,0,0,0,0,0,0,0,0,0,0,0,0,2,0,0,0,0,0,0,0,0,0,0,0,0,0,0,0,0,0,0,0,0,0,0,0,0,0,0,0,0,0,0,0,0,0,0,0,0,0,0,0,0,0,0,0,0,0,0,0,0,0,37,0,0,0,0,0,0,0,0,0,0,0,0,0,0,0,0,0,0,0,2,0,0,0,0,0,0,0,0,0,0,0,0,0,0,0,0,0,379,0,0,0,0,0,0,26,0,0,0,0,0,0,0,0,0,0,1,0,0,0,0,0,55,0,0,0,0,0,0,0,0,0,0,0,0,0,0,0,0,0,0,0,0,0,0,0,0,0,0,0,0,0,0,0,0,0,0,0,0,0,0,0,0,0,0,0,0,0,0,0,0,0,0,0,0,0,0,0,0,0,0,0,0,0,0,0,0,0,0,0,0,0,0,0,0,0,0,0,0,0,0,0,0,0,5,0,0,0,0,0,0,0,0,0,0,0,0,0,0,0,0,0,0,0,0,0,0,0,0,0,0,0,0,0,0,0,0,0,0,0,0,0,0,0,0,16,0,0,0,0,0,0,0,0,0,0,0,0,0,0,0,4,0,0,0,0,0,0,0,0,0,0,0,0,0,0,0,0,0,0,0,0,0,0,0,0,0,0,0,0,0,0,0,0,0,0,0,0,0,0,0,0,0,2,3,0,0,0,0,0,0,0,0,0,0,0,0,0,0,4,0,0,0,0,0,0,0,0,0,0,0,0,0,0,0,0,0,0,0,0,0,0,0,0,0,0,0,0,0,0,0,0,0,0,0,0,0,0,0,0,0,0,0,0,0,0,0,0,0,0,0,0,0,0,0,0,0,0,0,0,0,0,0,0,0,0,0,0,0,0,0,0,0,0,0,0,3,0,0,0,0,0,0,0,0,0,0,0,0,0,0,0,0,0,0,0,0,0,0,0,0,2,0,0,0,0,0,0,0,0,0,0,0,2,0,0,0,0,0,0,0,0,0,0,0,0,0,0,0,0,0,0,0,0,3,0,0,0,0,0,4,2,0,0,0,0,0,45,0,0,0,0,0,0,0
"D208",5,0,0,0,0,0,0,0,0,67,0,0,2,0,0,0,0,0,0,0,0,0,0,0,0,0,0,0,0,7,0,0,0,0,0,0,0,0,0,0,0,0,0,0,0,77,336,84,0,0,0,0,0,0,0,0,0,0,0,0,0,0,0,0,0,0,0,0,0,0,0,0,0,0,0,0,0,0,39,0,0,0,0,0,0,0,1691,29,0,0,0,0,65,0,27,0,0,0,0,0,0,0,0,0,0,0,0,0,0,9,0,0,0,0,0,7,0,0,0,0,0,0,0,0,0,0,0,0,5,0,0,0,0,0,0,0,0,0,0,0,0,0,44,0,0,0,0,0,131,0,60,0,0,0,37,0,0,0,0,32,0,55,0,0,0,0,0,0,0,0,0,0,0,169,0,0,0,0,0,0,0,0,10,0,0,0,0,0,0,0,0,0,0,0,0,0,0,0,0,0,0,0,0,0,0,0,0,0,0,0,0,48,0,0,0,0,94,0,0,0,2,0,0,0,0,0,4,0,0,0,27,0,0,0,0,52,0,38,0,0,0,0,0,0,0,0,0,0,0,0,202,0,0,6,0,0,0,0,0,0,0,0,0,0,0,0,0,0,0,0,0,0,0,0,0,0,0,0,0,0,0,0,0,0,0,0,0,0,0,0,0,0,0,0,0,4,0,0,0,0,0,0,0,0,0,0,0,0,0,0,0,0,0,0,32,0,0,0,0,0,0,0,0,0,0,0,0,0,0,0,0,0,1418,0,0,0,0,0,0,0,0,0,0,0,0,0,0,0,0,0,0,0,0,0,0,0,0,0,0,288,0,0,0,0,77,0,0,131,0,0,0,0,0,0,0,0,0,0,0,0,0,0,0,0,0,0,0,0,0,0,0,0,0,0,0,0,0,0,788,0,0,0,0,90,0,0,5,0,12,0,0,0,0,0,0,0,0,0,0,0,0,0,0,0,0,0,0,0,128,0,0,0,0,0,0,0,0,0,0,0,0,0,0,0,0,0,0,0,0,91,0,0,0,0,0,0,0,0,16,0,0,0,0,0,0,0,59,0,0,0,0,0,0,0,0,0,0,185,0,0,46,0,0,0,0,8,0,0,0,0,0,0,0,0,0,0,0,0,0,0,0,0,0,0,70,0,0,0,26,0,182,0,0,0,0,0,616,0,0,0,0,0,0,0,0,0,0,0,0,0,0,0,0,0,0,0,0,0,0,0,0,0,0,0,0,0,0,0,0,11,0,0,0,0,0,0,0,0,0,32,0,0,0,0,0,0,0,0,0,0,0,0,0,0,0,0,0,0,0,0,0,0,0,0,0,0,0,0,0,0,0,0,23,0,0,0,0,0,0,0,0,0,0,0,0,0,0,0,1306,0,0,0,65,0,0,0,0,0,0,0,47,0,249,0,0,0,0,0,0,1,494,0,0,0,0,0,0,0,0,0,0,0,0,0,0,0,0,56,14,0,0,0,0,0,0,0,0,0,0,0,0,0,0,0,0,0,0,0,0,0,0,0,0,0,0,0,0,0,0,0,0,20,0,0,0,0,0,0,0,0,0,0,0,0,0,0,0,0,0,0,0,0,0,0,0,0,0,0,0,0,0,0,0,0,0,0,0,0,0,0,0,0,0,0,0,0,0,323,15,0,0,0,0,0,0,0,0,0,3,0,0,0,0,0,42,0,0,0,0,0,0,0,0,0,0,0,0,0,0,0,0,0,0,0,0,0,0,0,0,0,0,0,0,0,0,0,0,5,0,0,0,0,0,0,0,0,0,0,0,0,0,0,0,0,0,0,0,107,0,0,0,0,0,0,0,0,0,0,0,0,0,0,0,0,0,0,0,0,0,0,0,0,0,0,0,0,0,0,0,0,0,0,0,0,0,0
"D209",0,0,0,0,0,0,0,0,0,0,0,0,0,0,0,0,0,9,0,0,20,0,0,0,0,0,0,0,23,9,0,0,0,0,0,0,0,0,0,0,0,0,0,0,0,0,0,448,0,0,0,0,0,0,0,0,0,0,0,0,0,0,0,0,755,0,0,0,0,0,0,0,0,0,0,0,0,0,8,0,0,0,0,0,0,82,4,0,114,0,0,0,0,0,0,0,0,0,4,0,0,1,0,0,0,0,0,0,0,0,0,0,0,0,1240,0,0,0,0,0,2,114,0,0,0,0,905,0,0,0,0,0,0,76,0,0,0,0,0,445,0,0,0,0,0,0,0,0,0,0,0,0,0,0,0,0,0,0,0,0,0,0,0,0,0,0,0,0,0,0,0,0,0,0,0,0,0,0,0,0,0,32,0,0,0,0,0,0,0,0,0,0,0,0,0,187,0,0,0,0,0,0,0,0,5064,0,0,157,0,0,0,0,0,0,0,0,0,0,29,0,0,0,0,0,0,0,0,0,0,0,0,0,0,0,0,0,0,0,0,0,0,0,0,0,0,0,0,0,0,1,0,0,0,0,5,0,0,0,0,0,0,0,0,6,1,0,0,0,0,0,0,0,0,240,0,0,0,0,0,0,0,0,3,0,0,0,0,0,0,0,0,0,0,0,0,0,0,0,0,0,0,0,0,0,0,0,0,0,0,0,0,0,0,46,0,0,0,0,0,0,0,0,0,0,0,0,0,0,0,0,0,0,0,0,0,0,0,0,0,0,0,0,0,0,0,0,0,0,0,0,0,0,0,0,0,0,0,0,0,0,0,85,0,0,0,0,0,0,0,0,0,0,0,0,12,0,0,0,0,0,0,0,0,0,0,0,0,0,0,0,0,0,0,0,0,0,0,9,0,5,0,0,0,9,0,0,37,0,0,0,0,0,18,0,0,0,0,0,0,0,0,0,0,0,0,0,0,0,0,32,96,0,0,0,0,0,0,0,0,0,0,0,0,0,0,0,20,0,0,0,0,0,0,0,0,0,0,0,0,0,0,0,0,3,0,0,0,0,0,0,0,0,0,0,0,0,0,0,0,0,0,0,0,0,0,0,0,0,0,0,0,0,0,0,0,0,0,0,0,0,0,0,0,0,0,404,0,0,0,0,0,0,0,0,0,0,0,0,0,0,0,0,0,0,0,0,0,0,0,0,0,2,0,0,0,0,0,0,0,0,0,0,0,0,0,0,0,0,0,0,0,0,0,0,0,348,33,20538,0,0,0,0,0,0,0,0,0,0,0,0,0,0,0,0,0,0,0,2776,0,0,0,0,0,0,0,0,0,0,0,0,0,2,0,8,0,0,0,0,0,0,0,0,0,0,0,0,8,0,0,0,3,0,0,0,0,0,0,0,0,0,0,0,0,0,0,0,0,0,0,0,0,0,0,0,1,0,0,0,0,0,0,0,0,0,0,0,0,0,0,0,0,0,0,0,0,0,0,6,0,0,0,0,0,0,0,0,0,8722,0,0,0,0,0,0,0,0,0,950,0,0,0,0,0,0,0,0,0,0,0,0,49,0,0,0,0,0,0,0,0,0,0,0,0,0,0,0,0,0,0,0,0,0,0,0,0,0,0,0,0,0,0,0,5,0,2,0,0,0,0,0,0,0,0,0,0,0,67,0,0,0,0,0,0,0,0,0,0,0,0,0,0,0,0,0,0,0,763,0,0,0,0,0,5,4001,0,0,0,0,0,0,0,0,0,0,0,0,0,0,0,0,0,0,0,0,0,0,0,1709,0,0,0,0,0,2,0,0,0,0,949,0,0,0,0,0,0,0,0,0,0,0,0,0,0,0,0,0,0,0,0,0,0,0,0,9,14,0,0,0,0,0,0,0,0,0,0,0
"D210",0,0,0,0,0,0,0,0,0,3,0,0,0,0,155,0,0,0,0,0,0,0,0,0,0,0,0,0,0,3,0,0,0,0,0,0,0,0,771,0,0,0,0,0,10,0,2,1014,0,0,0,0,0,0,0,0,0,0,0,0,0,0,0,0,0,0,0,15,0,0,0,0,236,0,0,0,0,0,0,0,0,0,94,0,0,17,0,64,0,0,0,0,0,0,0,0,0,325,131,0,0,0,0,0,0,0,0,758,0,0,0,0,0,0,341,6,55,282,0,0,0,16,0,0,0,0,0,30,0,0,0,3,0,106,0,2,0,0,635,1,0,0,0,0,0,0,0,0,8,0,0,0,0,0,0,0,0,0,15,0,0,0,0,0,0,0,0,0,0,0,0,458,0,0,0,0,0,3,0,0,0,0,0,0,0,0,19,0,0,171,0,0,0,0,0,1,0,0,0,0,0,0,0,0,0,0,34,0,0,0,0,0,0,299,0,0,0,0,4,0,0,0,0,0,0,0,0,0,0,0,0,0,0,0,0,0,0,1,0,1,0,0,0,0,0,0,142,4,0,300,0,0,0,5,9,0,0,0,0,0,0,0,0,894,244,0,0,0,0,0,0,0,0,0,0,0,0,0,0,0,0,0,0,0,0,0,0,0,0,0,0,0,0,0,0,0,0,0,0,0,0,8,0,0,0,0,0,0,0,0,385,0,0,2,0,0,0,0,0,0,0,87,0,0,5,0,0,0,608,1,48,0,0,0,0,0,0,0,0,2,0,35,1,0,0,0,0,0,0,8,2,0,0,0,0,27,0,0,0,0,0,0,0,0,0,0,0,0,0,2,0,0,0,8,0,0,0,0,0,0,0,0,0,0,0,0,0,0,0,0,0,0,0,0,0,0,189,0,0,0,0,0,0,0,0,65,0,0,0,0,0,7,5,3,0,0,0,0,3,0,0,0,0,0,0,0,0,0,0,1,0,0,0,2,0,0,0,0,0,0,0,0,0,0,0,0,0,0,0,0,0,0,0,0,0,0,0,0,0,0,0,0,0,4,0,0,5,0,0,0,0,0,685,0,0,0,6,7,0,0,0,0,0,0,0,0,0,98,0,0,0,2,0,48,11,0,0,0,0,0,0,14,0,115,0,5,0,0,0,0,0,0,0,0,51,0,0,0,0,0,0,0,0,0,2,0,0,0,0,0,0,0,0,0,3,0,0,2,18,29,0,0,2,0,0,0,0,0,2,0,0,0,0,0,0,247,231,30,0,0,1,0,0,0,0,33,0,0,0,0,0,0,0,0,0,0,0,2081,0,0,0,0,0,0,2,0,0,4,0,0,0,0,0,0,0,2,1068,0,0,33,249,0,0,0,0,0,0,0,0,0,0,0,0,0,1191,0,0,0,0,676,0,0,47,0,0,0,0,725,0,0,0,0,0,0,23,0,0,0,0,0,0,0,0,0,72,0,2,3,0,0,0,0,5,0,0,0,0,0,88,617,0,0,0,0,0,1095,0,3115,9,0,0,0,0,6,0,3,0,0,0,0,48,0,0,0,0,0,0,0,0,0,20,0,235,0,0,0,203,0,0,0,0,0,0,0,0,0,0,0,187,0,0,0,0,32,0,0,0,0,0,0,0,0,0,0,9,0,0,0,0,0,0,0,0,0,0,228,0,0,0,0,0,0,0,0,0,0,0,16,0,0,0,0,0,0,0,0,2,1018,0,0,0,0,0,1090,0,0,0,0,0,0,0,0,0,0,2,0,0,0,0,0,117,0,3,0,5,0,0,0,0,0,0,0,0,0,0,0,0,0,0,0,0,2,0,0,0,0,0,0,0,0,0,0,3,0,0,1607,0,47,0,0,0,31,0,0,0,0,0,0,0,0,0,0,0,0,0,0
"D211",0,22,72,203,3,0,5,10,2,0,0,132,0,0,9,0,63,0,22,0,0,0,7,0,0,23,2,7,0,0,3,0,0,74,0,4,0,0,0,0,0,0,97,0,139,4,0,0,21,2,0,0,2,5,0,41,0,0,39,17,0,2,24,0,0,10,0,616,185,0,4,1,0,2,0,0,81,0,0,19,0,53,0,0,34,33,0,0,0,3,20,0,0,26,0,0,18,0,0,6,0,0,0,0,164,7,1,0,0,0,14,263,0,126,1,3,0,0,39,0,0,0,2,0,0,3,7,21,0,34,12,0,21,0,1,10,0,3,0,0,26,0,0,0,7,378,2,9,0,0,0,7,9,0,13,26,22,0,11,21,0,0,12,0,0,0,35,0,14,0,140,7,68,0,32,0,14,0,0,9,15,0,13,219,4,0,0,9,0,0,14,0,0,0,0,0,0,1,6,0,33,0,7,0,27,101,0,34,68,4,22,0,13,0,0,0,0,0,0,0,13,4,28,20,0,17,0,0,75,58,0,6,0,0,2,0,4,0,72,0,5,0,14,15,50,0,0,23,0,0,17,8,8,4,0,5,7,229,17,7,6,0,0,0,0,43,3,0,25,2,0,0,0,0,0,5,8,4,9,0,6,0,0,0,2,0,5,12,3,181,0,18,26,93,8,1,2,8,6,160,0,0,0,0,0,0,11,18,15,0,0,27,17,4,0,0,0,369,38,102,0,0,0,0,0,1,1,0,0,0,0,0,0,2,0,7,0,16,0,0,0,0,10,0,13,0,22,51,0,0,2,6,2,0,0,99,37,0,3,0,0,0,53,0,0,0,22,0,0,18,54,0,0,0,0,0,0,13,10,1,5,0,107,3,23,7,0,0,24,0,12,413,0,0,0,27,0,374,0,0,16,3,23,0,9,0,11,0,0,0,550,0,0,25,26,120,0,0,112,0,33,0,3,12,45,96,0,37,0,0,136,2,4,3,22,3,0,0,1,0,0,113,17,67,22,0,0,0,0,0,0,0,10,27,0,0,23,0,0,0,0,14,478,0,185,0,96,5,3,1,46,46,0,0,109,2,12,1,25,7,5,305,20,2,39,0,13,0,113,0,57,0,0,0,0,2,0,46,0,2,18,0,0,6,0,5,103,3,4,0,0,73,0,2,0,75,5,36,0,24,2,7,8,0,2,403,8,15,33,0,2,0,0,0,0,2,51,0,0,0,705,56,36,0,87,16,0,18,0,0,48,3,262,1,3,0,0,0,6,0,0,44,47,3,0,37,0,0,13,0,6,1,12,258,31,1,0,0,0,80,1,45,23,0,0,69,0,0,0,4,82,25,2,10,0,0,0,34,0,0,0,1,623,13,8,0,13,0,0,0,0,42,1,14,0,7,51,0,0,0,0,0,8,0,0,0,4,0,27,11,1,0,0,11,0,22,18,34,8,37,0,0,0,2,0,0,0,14,0,0,5,21,0,0,0,622,9,0,114,0,0,0,11,0,62,0,6,0,0,0,9,0,12,0,0,16,0,7,0,30,0,0,213,4,0,0,3,3,0,10,0,2,0,0,0,11,2,863,0,5,0,10,0,0,0,0,0,12,0,0,1,17,28,0,0,0,6,29,0,8,45,0,9,0,0,69,0,0,0,9,100,160,0,10,6,0,10,0,0,3,0,22,19,3,0,0,5,0,21,0,18,5,3,39,14,18,54,0,15,2,0,6,0,0,1,15,3,47,0,0,23,49,197,0,17,0,36,6,0,0,0,27,230,0,4,3,5,0,11,8,3,8,2,4,19,9,497,5,3,0,31,0,0,0,4,17,0,380,0,0,6,36,0,14,0,0,0,0,0,12,22,0,249,8,0,1651,0,0,0,12,0,2,0,101,1,246
"D212",0,0,0,0,0,0,0,0,0,0,0,0,0,0,0,0,0,0,0,0,0,0,0,0,0,0,0,0,0,0,0,0,0,0,0,0,0,0,0,0,0,0,0,0,0,0,0,0,8,0,0,0,0,0,0,0,0,0,0,0,0,0,0,0,0,0,0,0,0,0,0,0,0,0,0,0,0,0,2,0,0,0,0,0,0,0,0,0,0,0,0,0,0,0,0,0,0,0,0,0,0,0,0,0,0,0,0,0,0,0,0,0,0,0,0,0,0,0,0,0,0,0,0,0,0,0,0,0,0,0,0,0,0,0,0,0,0,0,0,0,0,0,0,0,0,0,0,0,0,0,0,0,0,0,0,0,0,0,0,0,0,0,0,0,0,0,0,0,0,0,0,0,0,0,0,0,0,0,0,0,0,0,0,0,0,0,0,0,0,0,0,0,0,0,0,0,0,0,0,0,0,5,0,0,0,0,0,0,0,0,0,0,0,0,0,0,0,0,0,0,0,0,0,0,0,0,0,0,0,0,0,0,0,0,0,0,0,0,0,0,0,0,0,0,0,0,0,0,0,0,2,0,0,0,0,0,0,0,0,0,0,0,0,0,0,0,0,0,0,0,0,0,0,0,0,0,0,0,0,0,0,0,0,0,0,0,0,0,0,0,0,0,0,0,0,0,0,0,0,0,0,0,0,0,0,0,0,0,0,0,0,0,0,0,0,0,0,0,0,0,0,0,0,0,0,0,0,0,0,0,0,0,0,0,0,0,0,0,0,2,2,0,0,0,0,0,0,0,0,0,0,0,0,0,0,0,0,0,0,0,0,0,0,0,0,0,0,0,0,0,0,0,0,0,0,0,0,0,0,0,0,0,0,0,0,0,0,0,3,0,0,0,0,0,0,0,0,0,0,0,0,0,0,0,0,0,0,0,13,0,0,0,0,0,0,0,0,0,47,0,0,0,0,0,0,0,0,0,0,0,0,0,0,0,0,0,0,0,0,0,0,0,0,0,0,0,0,0,0,0,0,0,0,0,0,0,0,0,0,0,0,0,0,0,0,0,0,0,0,0,0,0,0,0,0,0,0,0,0,0,0,0,0,0,0,0,0,0,0,0,0,0,0,0,0,0,0,0,0,0,0,0,0,0,0,0,0,0,0,0,0,0,0,0,0,0,0,0,0,0,5,0,0,0,0,0,0,0,0,0,0,0,0,0,0,0,0,0,0,12,2,0,0,0,0,0,0,0,0,0,0,0,0,0,0,0,0,0,0,0,0,0,0,0,0,0,0,0,0,0,0,0,0,0,0,0,0,0,0,0,0,0,0,0,0,0,0,0,0,0,0,0,0,0,0,0,0,0,0,0,0,0,0,0,0,0,0,0,0,0,0,0,0,0,0,0,0,0,0,0,0,0,0,0,0,0,0,0,4,0,0,0,0,0,0,0,0,0,0,0,0,0,0,0,0,0,0,0,0,0,0,0,0,0,0,0,0,3,0,0,0,0,0,0,0,0,0,0,0,0,0,0,0,0,0,0,0,0,0,0,0,0,0,0,0,0,7,0,0,0,0,0,0,0,0,0,0,0,0,0,0,0,0,0,0,0,0,0,0,0,0,0,0,0,0,0,0,0,0,0,0,0,2,32,0,0,0,0,0,0,0,0,0,0,0,0,0,0,0,0,0,0,0,0,0,0,0,0,0,0,0,0,0,0,0,0,0,0,0,0,0,0,0,0,0,0,0,0,0,0,0,0,0,0,0,0,0,0,0,0,0,0,0,0,0,0,0,0,0,0,0,0,0,0,0,0,0,0,0,0,0,0,0,0,0,0,0,0,0,0,0,0,0,0,0,0,0,0,0,0,4,0,0,0,0,0,0,0,0,0,0,0,0,0,0,0
"D213",0,0,0,0,0,35,0,0,0,17,0,0,4,0,0,0,0,0,0,0,0,0,0,0,0,0,0,0,0,3,0,0,0,0,0,0,0,153,0,0,0,0,0,0,0,0,6,2,0,0,0,0,0,0,0,0,0,0,0,0,0,0,0,0,0,0,25,0,0,0,0,0,0,0,0,0,0,0,0,0,0,0,0,0,0,0,418,0,0,0,0,0,14,0,9,0,0,0,0,0,0,0,0,0,0,0,0,0,31,0,0,0,0,0,0,1,0,0,0,0,0,0,0,0,0,0,0,0,0,0,0,0,0,0,0,0,0,0,0,0,0,1872,0,0,0,0,0,0,5022,0,67,0,0,0,0,0,0,110,0,0,0,0,0,10,0,0,0,0,0,0,0,0,0,12,0,0,0,0,484,0,0,0,0,0,0,110,0,0,0,0,0,0,0,29,563,0,0,0,0,0,0,16,0,0,0,0,0,0,0,0,0,0,0,0,0,0,50,0,0,0,0,0,0,0,0,0,4,0,0,0,0,0,0,0,0,716,0,2,0,0,0,0,0,0,0,0,0,0,0,0,0,0,0,0,0,0,0,2,0,0,0,0,58,0,0,0,0,2,0,0,0,0,0,0,0,0,0,0,0,0,0,0,0,0,0,0,0,0,0,0,0,0,0,0,0,0,0,0,0,0,0,0,0,0,55,0,0,0,0,0,0,0,0,0,64,0,6,0,0,0,0,0,0,0,0,0,0,0,0,0,0,0,109,0,0,0,3,0,0,0,0,0,0,11,0,0,0,0,0,0,0,0,5,0,0,0,0,0,0,0,0,0,0,0,16777,2,0,198,0,0,0,0,0,0,0,0,0,0,0,0,0,0,0,214,0,0,0,0,4,0,0,0,0,0,0,0,0,0,71,8,0,0,6,0,0,3,0,0,0,0,0,0,0,0,0,0,0,0,0,0,0,0,0,0,4,0,0,0,10,0,0,0,0,0,0,0,0,0,0,2331,0,0,0,0,0,17,0,0,0,0,0,0,0,0,0,0,0,0,0,0,0,0,0,0,0,0,105,0,0,0,0,0,6,0,0,0,0,4,0,0,0,0,0,0,0,249,0,0,0,0,0,0,3,0,0,0,246,0,0,0,0,0,0,0,0,0,0,4,0,0,5,0,0,14,0,2,9,0,0,0,0,0,0,0,0,0,0,0,0,0,0,98,11,0,0,0,0,0,0,3,0,0,0,0,0,0,0,0,0,933,0,0,0,0,0,0,0,0,0,0,0,0,0,0,0,0,0,6,0,632,0,0,0,0,0,0,209,0,0,0,0,0,0,0,0,0,0,0,0,0,0,0,0,0,0,0,3,0,0,0,0,0,0,0,0,0,0,0,25,0,17,0,0,0,0,0,0,0,0,0,0,0,0,0,0,0,0,0,0,10,30,0,3,0,0,0,0,0,0,0,0,0,2080,0,0,0,0,0,0,0,0,0,0,0,0,0,0,0,0,0,0,0,0,0,0,0,0,0,0,0,0,4,0,0,0,0,0,0,0,0,0,0,0,0,0,0,0,0,0,0,0,0,0,2900,0,0,0,0,0,0,0,0,6,0,0,0,0,0,0,0,0,7,0,0,0,0,0,0,0,0,0,0,0,0,0,0,0,386,20,0,0,0,0,0,0,0,0,0,0,0,0,0,0,0,0,0,0,0,0,0,0,0,0,0,0,0,0,20,0,0,0,0,0,0,0,0,0,0,0,0,0,0,0,0,0,0,0,0,0,0,0,0,0,5,3,0,0,0,0,0,0,0,0,0,0,0,0,0,0,0,0,0,0,0,0,0,0,0,0,0,0,0,0,0,473,4,0,0,0,0,0,0,0,0,0,4,0,0,0,0,0,0,0,8,0,0
"D214",0,38,71,9,0,0,0,5,4,0,1,0,0,0,0,38,173,0,6,16,0,0,5,67,53,5,4,1,2,0,6,25,49,3,4,8,244,0,0,0,60,0,3,8,116,12,0,0,20,0,16,0,56,0,222,227,50,37,33,23,0,0,0,6,13,0,0,4,274,0,52,0,0,0,0,26,12,0,0,11,32,12,0,0,0,103,0,0,135,0,7,7,0,0,0,1,0,0,0,2,136,9,17,44,6,18,8,0,0,2,24,3,0,63,0,0,0,0,3,26,9,0,9,0,34,0,1,0,23,0,0,0,0,10,47,27,8,45,0,13,3,0,0,50,7,281,13,1,0,20,0,0,12,4,0,3,0,0,0,25,0,0,22,2,9,49,0,0,10,7,11,0,0,0,23,225,2,2,0,1,8,73,0,66,7,0,0,8,3,0,3,0,8,0,0,7,2,12,2,0,11,0,4,0,0,0,0,28,0,6,7,0,15,0,1,45,0,0,8,0,0,0,2,45,30,7,61,0,2,16,0,16,5,12,2,0,34,0,27,0,1,1,13,7,2,1,0,2,8,0,6,0,6,0,0,6,3,64,5,8,0,0,0,0,0,45,6,0,45,0,25,0,2,0,0,4,11,0,0,2,3,0,0,5,4,32,0,10,4,51,0,77,0,0,14,0,17,0,0,69,18,0,5,0,0,9,0,1,0,0,0,6,2,0,7,27,219,4,0,139,2,0,0,0,0,1,0,0,0,7,0,0,0,0,0,0,38,28,0,0,0,0,0,0,10,10,1,126,0,0,0,50,3,7,8,2,0,0,7,0,2,0,0,14,0,0,38,0,54,0,11,9,3,0,32,0,0,13,7,15,6,51,57,0,10,0,7,5,0,23,0,0,38,9,1,8,0,324,0,0,22,9,0,0,0,0,5,3,0,0,205,54,1,0,5,13,2,4,60,20,23,1,11,32,461,5,58,0,0,41,0,0,7,38,6,0,11,14,11,0,2,83,0,2,13,0,4,3,157,0,4,96,17,3,92,13,3,0,0,0,7,54,377,0,0,0,8,1,50,8,16,23,0,0,112,0,3,0,29,39,0,92,2,0,5,0,8,0,5,55,36,0,0,0,0,6,0,2,120,2,5,0,8,0,0,0,5,0,0,40,4,42,11,26,0,10,27,15,8,0,4,3,3,9,0,110,33,13,136,74,13,0,0,187,0,3,0,6,0,0,135,55,0,0,51,5,0,51,0,0,8,2,2,0,8,0,3,0,0,0,0,3,0,96,24,0,39,0,8,0,2,4,0,8,13,23,0,0,13,0,0,0,27,7,0,20,0,0,37,0,83,0,0,0,0,0,0,19,8,0,0,0,70,1,0,0,2,26,0,0,0,22,15,56,0,3,0,3,35,0,1,2,0,0,6,21,3,0,0,0,0,0,22,37,0,0,0,2,8,142,0,10,0,0,0,0,0,7,0,0,8,16,0,12,29,234,0,0,43,0,14,0,56,24,29,0,0,0,0,0,0,0,9,0,0,16,0,1,79,0,0,0,13,0,0,0,17,0,0,28,0,31,0,0,0,7,0,473,68,2,46,0,0,1,0,23,61,4,0,2,6,202,5,0,24,0,0,2,0,16,16,10,0,0,0,143,19,0,247,25,126,18,16,1,17,0,3,17,0,25,0,150,13,49,0,9,0,0,6,11,3,4,0,0,0,8,53,0,3,0,2,35,0,0,0,0,6,0,0,29,18,0,80,0,0,0,73,14,0,1,0,0,197,0,5,4,5,0,16,96,13,2,30,4,37,0,48,82,3,0,4,0,37,94,0,0,5,33,85,27,0,2,1,0,0,0,19,0,18,8,0,0,0,11,0,24,70,0,0,0,0,0,5,6,0,1
"D215",1,34,52,0,0,0,3,14,55,0,0,0,0,0,0,27,405,0,15,21,7,4,9,83,103,5,0,17,8,0,16,26,59,18,3,7,481,0,0,0,12,0,0,14,306,6,3,0,0,1,32,0,10,0,437,333,37,130,67,70,0,0,0,27,20,0,0,7,271,0,56,0,0,0,0,26,39,0,0,37,25,29,0,0,0,19,0,0,141,3,9,10,0,5,0,4,0,0,0,7,194,10,28,54,0,25,7,0,0,0,9,0,0,276,0,0,0,0,0,41,5,0,12,0,40,0,0,0,14,0,0,0,0,0,63,57,20,30,0,6,0,0,0,24,10,339,30,0,0,13,0,0,0,16,0,2,0,0,0,2,0,0,93,0,2,122,10,18,7,7,30,0,1,0,60,345,7,2,0,2,10,19,0,83,8,0,0,12,0,0,1,0,7,0,0,50,2,3,1,0,21,0,4,3,0,0,0,5,0,20,12,0,18,0,4,124,2,0,24,0,0,4,15,110,99,27,33,0,4,31,0,30,2,30,2,0,51,0,75,0,0,0,45,6,0,10,0,0,23,0,10,0,30,0,0,0,0,4,43,4,0,0,0,0,0,53,1,0,39,0,62,0,11,2,0,0,8,0,0,9,13,0,0,10,5,35,0,33,2,125,0,153,0,0,57,0,27,0,2,103,29,0,8,0,0,1,0,4,0,0,0,33,4,0,16,26,429,0,0,184,0,0,0,0,0,4,0,0,0,6,2,0,0,1,0,0,101,11,0,0,0,0,0,0,52,15,3,201,0,0,0,54,18,11,0,17,1,3,0,0,0,0,0,22,0,0,82,0,98,0,8,26,0,0,48,0,0,12,19,9,16,74,201,0,15,0,13,8,0,23,0,0,76,22,7,5,0,406,0,0,6,7,0,0,0,0,22,8,0,0,400,101,0,0,0,36,26,19,32,14,77,0,14,29,767,33,69,0,0,41,0,1,11,52,6,0,8,10,0,0,7,137,0,0,16,0,14,5,281,0,3,170,26,8,105,16,5,0,0,0,10,108,907,0,0,0,16,23,91,1,5,0,0,0,111,0,9,0,41,37,0,97,8,0,19,0,9,0,13,42,56,0,0,0,0,0,0,2,199,2,14,0,2,0,0,3,5,0,0,59,0,60,23,41,0,9,23,11,9,0,5,4,4,10,0,198,53,32,258,157,15,0,0,475,0,4,2,0,0,0,299,91,24,0,112,5,0,54,0,0,7,11,0,0,4,0,0,0,0,0,0,0,2,104,67,0,47,0,4,0,5,0,0,0,16,36,0,0,7,0,3,0,66,10,0,32,0,4,88,0,158,0,0,0,0,0,0,16,0,0,0,1,79,3,2,3,0,28,0,0,0,34,25,117,0,0,11,0,81,0,0,0,0,2,19,56,9,0,0,0,0,0,19,22,0,2,0,13,7,157,0,11,0,0,0,0,1,10,0,0,8,17,0,31,64,504,0,0,226,0,7,0,100,4,47,0,0,0,0,0,0,0,6,0,6,48,0,0,193,0,0,0,40,0,0,0,14,0,0,45,0,49,0,0,2,8,0,965,99,2,66,2,0,1,0,45,131,5,0,6,4,401,0,0,23,0,3,9,0,36,32,31,0,0,0,151,63,0,150,35,350,10,25,5,5,0,3,61,0,50,0,411,11,18,3,3,0,0,24,35,4,13,0,3,0,0,77,0,7,3,12,31,0,0,0,0,4,0,12,12,23,0,228,3,0,0,75,17,0,2,0,0,289,0,3,3,5,2,22,162,19,6,17,11,51,0,65,102,4,1,0,0,27,242,0,0,5,93,265,50,0,9,5,0,0,0,12,0,26,21,0,0,0,33,0,71,111,0,0,0,0,0,3,3,2,0
"D216",0,0,0,0,0,0,0,0,0,0,0,0,0,0,0,0,0,0,0,0,0,0,0,0,0,0,0,0,0,0,0,0,0,0,0,0,0,17,0,0,0,0,0,0,0,0,0,0,0,0,0,0,0,0,0,0,0,0,0,0,0,0,0,0,0,0,0,0,0,0,0,0,0,0,0,0,0,0,0,0,0,0,0,0,0,0,0,0,0,0,0,0,0,0,0,0,0,0,0,0,0,0,0,0,0,0,0,0,0,0,0,0,0,0,0,0,0,0,0,0,0,0,0,0,0,0,0,0,0,0,0,0,0,0,0,0,0,0,0,0,0,108,0,0,0,0,0,0,0,0,0,0,0,0,0,0,0,1086,0,0,0,0,0,0,0,0,0,0,0,0,0,0,0,0,0,0,0,0,0,0,0,0,0,0,0,0,0,0,0,0,0,0,0,0,76,0,0,0,0,0,0,0,0,0,0,0,0,0,0,0,0,0,0,0,0,0,0,0,0,0,0,0,0,0,0,0,0,0,0,0,0,0,0,0,0,0,0,0,0,0,0,0,0,0,0,0,0,0,0,0,0,0,0,0,0,0,0,0,0,0,0,0,0,0,0,0,0,0,0,0,0,0,0,0,0,0,0,0,0,0,0,0,0,0,0,0,0,0,0,0,0,0,0,0,0,0,0,0,0,0,0,0,0,272,75,0,0,0,0,0,0,0,0,0,0,0,0,0,0,0,0,0,0,0,0,0,0,0,0,0,0,0,0,0,0,0,0,0,0,0,0,0,0,0,0,0,0,0,0,0,0,0,0,0,0,0,0,0,0,0,0,0,0,0,773,11,0,0,0,0,0,0,0,0,0,0,0,0,0,0,0,0,0,0,0,0,0,0,0,0,0,0,0,0,0,0,0,0,0,0,0,0,0,0,0,0,0,0,0,0,0,0,0,0,0,0,0,0,0,0,0,0,0,0,0,0,0,0,0,0,0,0,0,0,0,0,0,0,0,1623,0,0,0,0,0,0,0,0,0,0,0,0,0,0,0,0,0,0,0,0,0,0,0,0,0,0,0,0,0,0,0,0,0,0,0,0,0,0,0,0,0,0,0,0,0,0,0,0,0,0,0,0,0,0,0,0,58,0,0,0,0,0,0,0,0,0,0,0,0,0,0,0,0,0,0,0,0,0,0,0,0,0,0,0,0,0,0,0,0,0,0,0,0,0,0,0,0,0,0,0,0,0,0,0,0,0,0,0,0,0,0,0,0,0,0,0,0,0,0,0,0,0,0,0,0,0,0,0,0,438,0,0,0,0,0,0,8,0,0,0,0,0,0,0,0,0,0,0,0,0,0,0,0,0,0,0,0,0,0,0,0,0,0,0,0,0,0,0,0,0,0,0,0,0,0,0,0,0,0,0,0,0,0,0,0,0,0,0,0,0,0,0,0,0,0,0,0,0,0,0,0,0,3,0,0,0,0,0,0,0,0,0,0,0,0,0,0,0,0,0,0,0,0,0,0,0,0,0,0,0,0,0,0,0,0,0,0,0,0,0,0,0,0,0,0,0,0,0,0,0,0,0,0,1780,0,0,0,0,0,0,0,0,0,0,0,0,0,0,0,0,0,0,0,0,0,0,0,0,0,0,0,0,0,0,0,0,0,0,0,0,0,0,0,0,0,0,0,0,0,0,0,0,0,0,0,0,0,0,0,0,0,0,0,0,0,0,0,0,0,0,0,0,0,0,0,0,0,0,0,0,0,0,0,64,0,0,0,0,0,0,0,0,0,0,0,0,0,0,0,0,0,0,0,0,0,0,0,0,0,0,0,0,0,0,0,0,0,0,0,0,0,0,0,0,3,0,0,0,0,0,0,0,0,0,0,0,0,0,0,0,0,0,0,0,0,0
"D217",0,0,0,0,0,0,0,0,0,0,0,0,0,0,0,0,0,0,0,0,0,0,0,0,0,0,0,0,0,0,0,0,0,0,0,0,0,3334,0,0,0,0,0,0,0,0,0,0,0,0,0,0,0,0,0,0,0,0,0,0,0,0,0,0,0,0,0,0,0,0,0,0,0,0,0,0,0,0,0,0,0,0,0,0,0,0,0,0,0,0,0,0,0,0,0,0,0,0,0,0,0,0,0,0,0,0,0,0,0,0,0,0,0,0,0,0,0,0,0,0,0,0,0,0,0,0,0,0,0,0,0,0,0,0,0,0,0,0,0,0,0,195,0,0,0,0,0,0,0,0,0,0,0,0,0,0,0,1665,0,0,0,0,0,0,0,0,0,0,0,0,0,0,0,0,0,0,0,0,0,0,0,0,0,0,0,0,0,0,0,0,0,0,0,0,160,0,0,0,0,0,0,0,0,0,0,0,0,0,0,0,0,0,0,0,0,0,5,0,0,0,0,0,0,0,0,0,0,0,0,0,0,0,0,0,0,0,0,0,0,0,0,0,0,0,0,0,0,0,0,0,0,0,0,0,0,0,0,0,0,0,0,0,0,0,0,0,0,0,0,0,0,0,0,0,0,0,0,0,0,0,0,0,0,0,0,0,0,0,0,0,0,0,0,0,0,0,0,0,0,0,0,0,0,0,102,0,0,0,0,0,0,0,0,0,0,0,0,0,0,0,0,0,0,0,0,0,0,0,0,0,0,0,0,0,0,0,0,0,0,0,0,0,0,0,0,0,0,0,0,0,0,0,0,0,0,0,0,0,0,0,0,0,0,0,3135,883,0,0,0,0,0,0,0,0,0,0,0,0,0,0,0,0,0,0,0,0,0,0,0,0,0,0,0,0,0,0,0,0,0,0,0,0,0,0,0,0,0,0,0,0,0,0,0,0,0,0,0,0,0,0,0,0,0,0,0,0,0,0,0,0,0,0,0,0,0,0,0,0,0,5635,0,0,0,0,0,0,0,0,0,0,0,0,0,0,0,0,0,0,0,0,0,0,0,0,0,0,0,0,0,0,0,0,0,0,0,0,0,0,0,0,0,0,0,0,0,0,0,0,0,0,0,0,0,0,0,0,188,0,0,0,0,0,0,0,0,0,0,0,0,0,0,0,0,0,0,0,0,0,0,0,0,0,0,0,0,0,0,0,0,0,0,0,0,0,0,0,0,0,0,0,0,0,0,0,0,0,0,0,0,30,0,0,0,0,0,0,0,0,0,0,0,0,0,0,0,0,0,0,0,26,0,0,0,0,0,0,54,0,0,0,0,0,0,0,0,0,0,0,0,0,0,0,0,0,0,0,0,0,0,0,0,0,0,0,0,0,0,0,0,0,0,0,0,0,0,0,0,0,0,0,0,0,0,0,0,0,0,0,0,0,0,0,0,0,0,0,0,0,0,0,0,0,104,0,0,0,0,0,0,0,0,0,0,0,0,0,0,0,0,0,0,0,0,0,0,0,0,0,0,0,0,3635,0,0,0,0,0,0,0,0,0,0,0,0,0,0,0,0,0,0,0,0,0,622,0,0,0,0,0,0,0,0,0,0,0,0,0,0,0,0,0,0,0,0,0,0,0,0,0,0,0,0,0,0,0,0,0,0,0,0,0,0,0,0,0,0,0,0,0,0,0,0,0,0,0,0,0,0,0,0,0,0,0,0,0,0,0,0,0,0,0,0,0,0,0,0,0,0,0,0,0,0,0,1261,0,0,0,0,0,0,0,0,0,0,0,0,0,0,0,0,0,0,0,0,0,0,0,0,0,0,0,0,0,0,0,0,0,0,0,0,0,0,0,0,2,0,0,0,0,0,0,0,0,0,0,0,0,0,0,0,0,0,0,0,0,0
"D218",0,0,0,0,0,0,0,0,0,0,0,0,0,0,0,0,0,0,0,0,0,0,0,0,0,0,0,0,0,0,0,0,0,0,0,0,0,0,0,0,0,0,0,0,0,0,0,0,0,0,0,0,0,0,0,0,0,0,0,0,0,0,0,0,0,0,0,0,0,0,0,0,0,0,0,0,0,0,0,0,0,0,0,0,0,0,0,0,0,0,0,0,0,0,0,0,0,0,0,0,0,0,0,0,0,0,0,0,0,0,0,0,0,0,0,0,0,0,0,0,0,0,0,0,0,0,0,0,0,0,0,0,0,0,0,0,0,0,0,0,0,0,0,0,0,0,0,0,0,0,0,0,0,0,0,0,0,0,0,0,0,0,0,0,0,0,0,0,0,0,0,0,0,0,0,0,0,0,0,0,0,0,0,0,0,0,0,0,0,0,0,0,0,0,0,0,0,0,0,0,0,0,0,0,0,0,0,0,0,0,0,0,0,0,0,0,0,0,0,0,0,0,0,0,0,0,0,0,0,0,0,0,0,0,0,0,0,0,0,0,0,0,0,0,0,0,0,0,0,0,0,0,0,0,0,0,0,0,0,0,0,122,0,0,0,0,0,0,0,0,0,0,0,0,0,0,0,0,0,0,0,0,0,0,0,0,0,0,0,0,0,0,0,0,0,0,0,0,0,0,0,0,0,0,0,0,0,0,0,0,0,0,0,0,0,0,0,0,0,0,0,0,0,0,0,0,0,0,3,0,0,0,0,0,0,0,0,0,0,0,0,0,0,0,0,0,0,0,0,0,0,0,0,0,0,0,0,0,0,0,0,0,0,0,0,0,0,0,0,0,0,0,0,0,0,0,0,0,0,0,0,0,0,0,0,0,0,0,0,0,0,0,0,0,0,0,0,4,0,0,0,0,0,0,0,0,0,0,0,0,0,0,0,0,0,0,0,0,0,0,0,0,0,0,0,0,0,0,0,0,0,0,0,0,0,0,0,0,0,0,0,0,0,0,0,0,0,0,0,0,0,0,0,0,0,0,0,0,0,6668,0,0,0,0,0,0,0,0,0,0,0,0,0,0,0,0,0,0,0,0,0,0,0,0,0,0,0,0,0,0,0,0,0,0,0,0,0,0,0,0,0,0,0,0,0,0,0,0,0,0,0,0,0,0,0,0,0,0,0,0,0,0,0,0,0,0,0,0,0,0,0,0,0,0,0,0,0,0,0,0,0,0,0,0,0,0,0,0,0,0,0,0,0,0,0,0,0,0,0,0,0,0,0,0,0,0,0,0,0,0,0,0,0,0,0,0,0,0,0,0,0,0,0,0,0,0,0,0,0,0,0,0,0,0,0,0,0,0,0,0,0,0,0,0,0,0,0,0,0,0,0,0,0,0,0,0,0,0,0,0,0,0,0,0,0,0,0,0,0,0,0,0,0,0,0,0,0,0,0,0,0,0,0,0,0,0,0,0,0,0,0,0,0,0,0,0,0,0,0,0,0,0,0,0,0,0,0,0,0,0,0,0,0,0,0,0,0,0,0,0,0,0,0,0,0,0,0,0,0,0,0,0,0,0,0,0,0,0,0,0,0,0,0,0,0,0,0,0,0,0,0,0,0,0,0,0,0,0,0,0,0,0,0,0,0,0,0,0,0,0,0,0,0,0,0,0,0,0,0,0,0,0,0,0,0,0,0,0,0,0,0,0,0,0,0,0,0,0,0,0,0,0,0,0,0,0,0,0,0,0,0,0,0,0,0,0,0,0,0,0,0,0,0,0,0,0,0,0,0,0,0,0,0,0,0,0,0,0,0,0,0,0,0,0,0,0,0,0,0,0,0,0,0,0,0,0,0,0,0,0,0,0,0,0,0,0,0,0,0,0,0,0,0,0,0,0
"D219",2,0,2,8,45,2,13,2,7,0,0,0,0,0,0,0,0,0,0,0,0,0,0,0,0,0,0,0,0,0,18,0,8,0,0,0,0,0,0,0,0,0,0,0,0,0,3,0,0,0,0,0,3,0,0,2,0,0,1,2,115,0,11,1,6,0,0,0,33,0,0,0,0,32,0,0,0,0,0,5,0,0,0,0,0,2,0,0,0,3,0,0,0,0,0,0,0,0,0,0,13,0,0,1,0,0,2,0,0,0,0,18,0,0,0,0,0,0,0,22,0,0,0,0,0,4,0,0,0,0,0,0,0,0,0,0,0,0,0,0,0,0,0,0,0,25,0,3,0,0,0,0,0,0,0,2,4,0,0,0,0,0,0,0,0,3,0,0,3,0,5,0,0,0,0,2,0,0,0,26,0,0,0,0,0,0,0,0,0,0,0,5,0,0,0,0,0,3,0,2,7,0,0,0,0,0,0,3,0,0,0,0,2,0,2,0,0,0,0,0,0,0,0,0,0,0,5,0,10,0,0,3,0,5,0,0,0,0,2,0,0,0,0,0,2,0,0,0,0,0,0,0,0,0,0,0,0,2,0,0,0,0,0,0,0,0,0,0,0,0,0,2691,0,0,7,0,0,0,0,0,0,0,0,0,0,0,0,0,0,0,0,0,0,3,0,0,0,0,2,15,8,0,0,0,0,0,3,2,0,0,0,0,0,0,0,0,82,3,0,5,3,0,0,4,0,2,3,0,0,0,0,0,0,0,0,0,148,8,0,0,0,0,0,0,0,0,0,0,0,0,0,0,8,0,0,0,0,0,3,0,0,0,0,0,0,0,0,19,15,0,14,2,0,0,0,0,1,3,0,2,0,4,0,0,0,0,0,0,0,2,0,0,0,0,0,0,0,224,0,0,0,0,0,0,2,0,0,0,2,0,7,0,0,0,0,0,0,0,3,0,0,0,0,0,3,1,0,0,0,0,15,0,0,0,0,0,0,0,0,0,0,0,3,0,0,0,0,0,0,0,0,16,0,0,2,0,0,0,0,0,0,2,0,0,9,0,0,0,0,3,0,7,0,0,0,0,0,0,6,0,0,36,0,0,0,0,19,0,6,0,0,0,0,0,0,0,0,0,1,0,2,0,0,0,0,0,0,0,5,0,0,0,0,0,0,4,3,4,9,0,0,0,2,14,0,0,0,0,0,0,0,0,2,0,0,4,0,0,0,93,0,0,0,0,0,0,0,0,31,0,3,0,0,0,0,0,0,0,0,0,0,0,2,1692,0,0,0,0,0,0,0,0,0,0,2,0,0,0,23,0,0,0,0,0,0,0,0,0,0,0,0,0,0,0,0,0,0,0,4,0,0,2,42,0,9,0,3,0,0,0,0,2,0,0,0,0,0,0,0,0,0,0,0,0,0,0,0,0,0,8,0,0,35,0,0,0,0,0,9,0,5,0,0,0,0,0,9,8,0,0,0,0,0,0,0,0,1494,0,3,0,0,0,0,0,0,0,0,0,0,0,0,0,3,0,0,0,0,2,0,0,0,0,0,3734,0,0,0,0,0,0,0,0,0,0,0,0,0,50,0,0,0,0,0,0,0,0,20,0,0,0,0,0,5,0,0,0,4,0,0,2,5,4,4,0,0,51,0,0,5,5,4,11,0,2,0,0,0,0,0,0,0,0,0,0,0,4,0,0,0,0,0,0,2,0,0,20,13,0,2,0,15,0,0,0,0,0,0,0,0,6,0,0,0,0,0,0,0,1,0,0,0,0,35,0,3,0,0,0,0,0,0,0,10,0,0,0,6,628,0,0,0,0,0,0,0,0,0,0,0,0,0,0,0,0,0,0,0,0,0,0,2,0,0,0,0,24,0,0,0,0,0,2,0,0,0,0
"D220",39,0,135,0,0,0,0,31,0,0,0,0,0,0,0,0,0,0,0,0,0,0,0,0,0,0,0,0,0,0,0,0,5,0,0,0,0,0,0,0,0,0,3,0,0,0,169,0,6,0,0,45,0,0,0,0,0,0,0,0,0,0,0,0,0,0,0,0,0,0,0,0,0,0,0,0,0,35,0,0,0,0,0,0,0,0,0,0,0,11,0,0,0,0,199,0,0,0,0,0,0,0,0,0,0,3,0,0,0,0,0,0,0,0,0,0,0,0,0,0,0,0,0,0,0,0,0,0,0,0,0,0,0,0,0,0,0,0,0,3,0,0,0,95,0,0,0,0,0,0,0,0,0,0,292,0,0,0,0,0,0,0,0,0,0,0,0,0,0,0,0,0,0,0,0,0,0,0,0,0,0,0,0,0,0,0,0,0,0,0,0,0,0,0,0,0,0,0,0,16,0,0,0,0,0,0,0,0,0,0,0,0,0,0,0,0,0,0,0,0,0,0,0,0,0,0,0,0,0,0,314,0,0,0,0,0,0,0,0,0,0,0,0,0,0,0,0,0,0,0,493,0,0,0,0,0,0,0,0,0,0,0,0,0,0,0,11,0,0,0,0,0,0,0,0,0,0,0,0,0,0,0,0,0,0,0,0,0,0,0,0,0,0,0,0,0,0,1,0,0,0,4,112,0,0,0,0,0,0,0,0,0,0,0,0,0,0,0,0,0,0,0,0,0,0,0,0,0,0,0,0,0,0,0,0,0,0,0,75,53,0,0,0,0,0,0,0,0,0,0,0,0,0,0,0,0,0,0,0,1450,0,0,5,0,0,0,0,0,0,0,0,0,0,0,0,0,0,0,0,0,0,0,0,0,0,0,0,0,518,0,0,0,0,0,0,0,0,6,0,32,0,0,0,39,0,0,0,0,1,0,0,0,0,3,0,0,0,0,0,0,0,0,0,0,0,984,0,0,0,0,0,0,0,0,0,0,0,0,0,0,0,0,0,0,0,0,0,0,0,98,0,0,0,0,0,0,0,0,0,0,0,0,0,0,0,0,0,0,0,0,0,0,0,0,0,0,0,973,0,0,0,0,0,13,0,0,0,0,0,0,0,0,0,0,0,0,0,0,0,0,0,0,0,0,0,0,0,0,0,0,0,0,0,0,0,6,0,0,0,0,0,0,0,0,0,0,0,0,0,0,0,0,0,0,0,0,0,0,0,0,0,0,0,0,0,0,0,0,0,0,0,0,0,0,0,0,0,0,0,0,0,0,0,0,0,0,0,0,0,0,0,195,0,0,0,0,0,0,0,0,0,0,0,0,0,0,0,0,0,0,0,0,0,0,0,0,0,0,0,0,0,0,0,0,7,0,0,0,0,0,159,0,33,0,0,0,0,0,0,0,0,0,0,0,0,0,0,0,1,0,6,0,0,0,0,0,0,0,0,0,0,0,0,0,0,0,0,94,0,0,0,0,0,0,0,0,0,0,0,0,2,12,0,0,0,0,0,0,0,0,0,0,0,51,0,0,0,0,0,0,0,0,0,0,0,0,0,0,0,0,0,0,0,0,0,0,0,0,0,0,0,0,0,0,0,0,0,0,0,0,0,0,0,0,0,232,0,0,23,0,0,0,0,0,0,0,0,0,0,0,3,0,0,0,0,0,0,0,0,0,0,0,0,0,500,0,0,0,0,0,0,0,0,0,0,11,0,0,0,0,0,0,0,0,0,0,0,0,0,0,0,0,0,0,0,0,0,0,0,0,0,0,0,0,72,0,0,0,0,0,0,0,0,0,0,0,0,540,0,0,0,0,0,0,0,0,0,0,0,0,0,0,0,0,0,0,0,0,0,0,0,0,0,0,0,0,0,0,0,0,0,0,0,0,0,0
"D221",3,0,0,0,0,21,0,0,0,1,0,0,0,0,0,2,0,0,0,0,0,0,0,0,0,0,0,0,0,0,0,0,2,0,0,0,0,66,0,0,0,0,0,0,0,0,7,3,0,0,0,0,0,0,0,0,2,0,0,0,0,0,0,0,0,0,11,0,0,0,0,2,0,0,0,0,0,0,0,0,0,0,0,0,0,2,11,0,0,0,0,0,0,0,5,0,0,0,0,0,0,0,0,0,0,2,0,0,0,0,0,0,0,0,0,8,0,0,0,0,0,0,0,0,0,5,0,0,0,0,0,0,0,0,0,0,0,0,0,0,0,140,0,0,0,0,0,0,825,0,0,0,0,0,0,0,2,202,0,6,0,0,0,0,0,0,0,0,0,0,0,0,0,0,0,0,0,0,140,0,0,0,0,0,0,0,0,0,0,0,0,6,0,3,28,0,0,0,0,0,2,1,0,0,0,0,0,0,0,0,0,7,0,0,0,0,72,0,0,0,0,0,0,0,0,0,0,0,0,0,0,0,0,0,0,22,0,0,0,0,0,0,0,0,0,0,0,0,0,0,0,0,0,0,0,0,0,0,0,0,0,0,0,0,0,0,2,0,0,0,0,0,0,0,0,0,0,0,0,0,0,0,0,0,0,0,0,0,0,0,0,0,0,0,0,0,0,0,0,0,0,0,0,0,0,0,0,0,0,0,0,0,0,0,4,0,0,0,0,0,0,0,0,0,0,0,0,0,0,0,0,0,30,0,0,0,0,0,0,0,0,0,0,2,0,0,0,0,0,0,0,0,0,0,0,2,0,0,0,0,3,0,0,0,1293,3,0,351,0,0,0,0,0,0,0,0,0,0,0,0,0,3,0,12,0,0,0,0,0,0,0,0,0,0,0,0,0,3,14,8,0,0,0,13,0,0,0,0,0,0,0,0,0,0,0,0,0,0,3,0,0,0,0,0,0,0,0,0,0,0,0,0,0,0,0,0,0,2,0,21,0,0,0,0,0,0,0,0,0,0,0,0,0,0,0,0,0,0,0,0,0,0,0,0,0,0,18,0,0,0,0,0,0,0,0,0,0,4,0,0,0,4,0,2,0,7,0,0,0,0,0,0,21,0,0,0,94,0,0,0,0,0,0,0,0,0,0,0,0,0,13,0,0,0,0,0,14,0,0,0,0,0,0,0,0,0,0,0,0,2,0,4,0,0,0,0,0,0,0,0,0,0,0,0,0,0,0,0,0,27,0,0,0,7,0,0,0,0,0,0,0,0,0,0,0,0,0,14,0,166,0,5,0,0,0,0,6,0,0,0,0,0,0,0,0,0,0,0,0,0,0,2,0,0,0,0,0,0,0,0,0,0,0,0,0,0,0,0,221,7,0,0,0,0,0,0,0,0,0,0,0,0,0,0,0,0,0,0,0,0,4,0,0,0,5,0,0,0,0,0,3,0,66,0,0,0,0,0,0,0,0,0,0,0,0,0,0,0,4,0,0,0,0,0,0,0,0,0,0,0,0,343,0,2,0,0,0,0,2,0,0,0,0,0,0,0,0,0,0,0,0,0,0,0,0,0,0,0,0,0,0,0,0,0,2,0,0,0,0,0,0,0,0,0,0,0,0,0,0,0,0,0,0,0,0,0,0,65,0,0,0,0,0,0,0,0,0,0,0,0,0,0,0,0,0,0,0,0,0,0,0,0,0,0,0,0,0,0,0,0,0,0,0,0,0,0,0,0,0,0,0,0,0,63,0,0,0,0,0,0,0,0,0,0,15,0,0,0,0,0,0,0,0,0,0,0,0,0,0,0,0,0,0,0,0,0,0,0,0,0,0,0,0,0,91,0,0,0,0,0,0,0,0,0,0,0,0,0,0,0,0,39,0,4,0,0
"D222",0,0,0,0,0,0,0,4,0,0,0,0,0,0,0,0,0,0,0,0,0,0,0,0,0,0,0,0,0,0,0,0,0,0,0,0,0,0,0,0,0,0,0,0,0,0,12,0,0,0,0,28,0,0,0,0,0,0,0,0,0,0,0,0,0,0,0,0,0,0,0,0,0,0,0,0,0,1,0,0,0,0,0,0,0,0,0,0,0,0,0,0,0,0,3313,0,0,0,0,0,0,0,0,0,0,0,0,0,0,2,0,0,0,0,0,0,0,0,0,0,0,0,0,0,0,0,0,0,0,0,0,0,0,0,0,0,0,0,0,0,0,0,0,0,0,0,0,0,0,0,0,0,0,0,67,0,0,0,0,0,0,0,0,0,0,0,0,0,0,0,0,0,0,0,0,0,0,0,0,0,0,0,0,0,0,0,0,0,0,0,0,0,0,0,0,0,0,0,0,8,0,0,0,0,0,0,0,0,0,0,0,0,0,0,0,0,0,0,0,0,0,0,0,0,0,0,0,0,0,0,2858,0,0,0,0,0,0,0,0,0,0,0,0,0,0,0,0,0,0,0,627,0,0,3,0,0,0,0,0,0,0,0,0,0,0,0,3,0,0,0,0,0,0,0,0,0,0,0,0,0,0,0,0,0,0,0,0,0,0,0,0,0,0,0,0,7,0,0,0,0,0,0,2,0,0,0,0,0,0,0,0,0,0,0,0,0,0,0,0,0,0,0,0,0,0,0,0,0,0,0,0,0,0,0,17,0,0,0,0,1,0,0,0,0,0,0,0,0,0,0,0,0,0,0,0,0,0,0,0,400,0,0,0,0,0,0,0,0,0,0,0,0,0,0,0,0,0,0,0,0,0,0,0,760,0,0,0,0,40,0,0,0,0,0,0,0,0,2,0,21,0,0,0,7,0,0,0,0,2,0,0,0,0,0,0,0,0,0,0,0,0,0,0,0,0,0,0,0,0,0,0,0,0,0,0,0,0,0,0,0,0,0,0,0,0,0,0,0,0,0,0,0,0,0,0,0,0,0,3,0,0,0,0,0,0,0,0,0,0,0,0,0,0,0,0,0,0,31,0,0,0,0,0,0,0,379,0,0,0,0,0,0,0,0,0,0,0,0,0,6,0,0,0,0,0,0,0,0,0,0,0,0,0,0,0,0,0,0,0,0,0,0,0,0,0,0,0,0,0,0,0,0,2,0,0,0,0,0,0,0,0,0,0,0,0,0,0,0,0,0,0,0,0,0,0,0,0,0,0,0,0,0,0,0,0,0,0,0,0,0,0,0,0,0,0,0,0,0,0,0,0,0,0,0,0,0,0,0,0,0,0,0,0,0,0,0,0,0,0,0,0,0,0,0,0,0,0,0,0,0,3,0,0,0,0,0,0,0,0,0,0,3,0,0,0,0,0,0,0,0,45,0,0,0,0,0,0,0,0,0,195,0,0,0,0,0,0,114,0,0,0,0,0,0,0,0,0,0,0,0,0,19,0,0,0,0,0,0,0,0,0,0,0,0,0,0,0,0,0,0,0,0,0,0,0,0,0,0,3,0,0,0,0,0,0,0,0,0,0,0,0,0,0,0,0,0,0,0,0,0,0,0,0,0,0,12,0,0,0,0,0,0,0,0,0,0,0,0,0,0,0,0,0,0,0,0,0,0,0,0,0,0,0,0,0,0,0,0,0,0,0,0,0,0,0,0,0,0,0,0,0,0,0,0,0,0,0,0,0,0,0,0,0,0,0,0,0,0,0,0,0,0,0,0,8,0,0,0,0,0,0,0,0,0,0,0,0,0,0,0,0,0,0,0,0,0,0,0,0,0,0,0,0,0,0,0,0,0,0,0,0,0,0,0,0,0,0,0,0,0,0,0,0,0,0,0
"D223",0,0,0,0,0,7,0,0,0,23,0,0,18,0,0,0,0,0,0,0,0,0,0,0,0,0,0,0,0,16,0,0,0,0,0,0,0,0,0,0,0,0,0,0,0,0,13,0,0,0,0,0,0,0,0,0,0,0,2,0,294,0,0,0,0,0,19,0,9,0,0,0,0,0,0,0,0,0,0,0,0,0,0,202,0,0,41,0,0,2,0,0,0,0,0,0,0,0,0,0,0,0,0,0,0,0,0,0,17,7,0,0,0,0,0,0,0,0,0,0,0,0,0,0,0,0,0,0,0,0,0,0,0,0,0,0,0,0,0,0,0,5,0,0,0,0,0,0,214,0,18,0,0,0,0,0,0,6,0,0,0,0,0,0,0,0,0,0,0,0,0,0,0,18,0,0,0,0,3,0,0,0,0,0,0,31,0,0,0,0,0,0,0,3,3,0,0,0,0,0,0,0,0,0,0,0,0,0,0,0,0,1,0,0,0,0,0,0,0,0,0,0,0,0,0,0,0,0,0,0,0,0,0,0,0,68,0,4,0,0,0,0,0,0,0,0,0,0,0,0,0,0,0,2,0,0,0,0,0,0,0,0,2,0,0,0,0,6,0,0,0,0,0,0,0,0,0,0,0,0,0,0,0,0,0,0,0,0,0,0,0,0,0,0,0,2,0,0,0,0,0,14,0,351,7,0,0,0,0,0,0,0,0,0,0,0,0,0,0,0,0,0,0,0,0,0,0,0,0,0,0,0,57,0,0,0,0,0,0,0,0,0,0,0,0,0,0,0,1,0,0,0,1,0,0,0,0,0,0,0,0,0,0,0,48,0,0,10337,0,0,0,0,0,0,0,0,0,0,0,0,0,0,0,0,0,0,0,0,10,0,0,0,0,0,0,0,0,0,237,8,0,0,0,5,0,7,0,0,0,0,0,0,0,0,0,0,0,0,0,0,0,0,0,0,0,94,0,0,28,0,0,0,0,0,0,0,0,0,0,0,0,0,0,0,0,5,0,0,0,0,0,0,0,0,0,0,0,0,0,0,0,0,0,0,0,0,18857,0,0,0,0,0,0,0,0,0,0,2,0,0,0,0,0,0,0,0,0,0,0,0,0,0,0,0,0,0,5,0,0,0,0,0,0,0,4,0,0,0,0,0,1,0,0,0,0,0,6,0,0,0,0,0,0,0,0,0,0,0,0,0,0,3937,5,0,0,0,0,0,0,7,0,0,0,0,0,0,0,0,0,1,0,0,0,0,0,0,0,0,0,0,0,0,0,0,0,0,0,3,0,3,0,0,0,0,0,0,0,0,0,0,0,0,0,0,0,0,0,0,0,0,0,0,0,0,0,0,0,0,0,0,0,0,0,0,8,0,0,0,0,0,142,0,1,0,0,0,0,0,0,0,0,0,0,0,0,0,0,0,2,0,0,0,0,0,0,0,0,0,0,0,0,0,7,0,0,0,0,1,0,0,0,0,0,0,0,0,0,0,1,0,0,0,0,0,0,0,0,0,0,9,0,0,0,0,0,0,0,0,0,0,0,0,0,0,0,0,0,0,33,0,0,0,0,0,2,0,0,0,0,0,0,0,0,0,8,0,0,0,0,0,0,0,0,0,1,0,0,0,0,0,0,0,0,0,0,0,0,0,720,0,0,0,0,0,0,0,0,0,0,0,0,0,0,0,0,0,0,0,0,0,0,0,0,0,0,0,0,0,0,0,0,0,0,0,0,0,0,1352,0,0,0,0,0,0,0,0,0,0,0,0,0,0,0,5,0,0,0,0,0,0,0,0,0,0,0,0,0,0,0,0,0,0,0,0,0,0,0,0,0,0,0,0,0,0,0,0,0,0,0,0,0,0,0,0,0,0,0,15,0,0,0,0,0,0,0,0
"D224",0,0,0,0,0,0,0,0,0,0,0,0,0,0,0,0,0,0,3,0,0,2,0,0,0,0,0,0,0,0,0,0,0,0,0,0,0,0,0,0,0,0,0,0,20,0,0,0,0,0,0,0,0,0,0,126,0,0,0,2,22,0,0,0,0,0,0,0,0,0,0,0,0,0,0,0,0,0,0,44,15,0,0,0,0,0,0,0,0,0,0,0,0,0,0,0,0,0,0,0,2,0,8,0,0,0,0,0,0,0,0,0,0,8,0,0,0,0,0,0,3,0,0,0,0,0,0,0,0,0,0,0,0,0,0,0,0,0,0,0,0,0,0,0,0,0,0,0,0,0,0,0,0,0,0,0,0,0,0,0,0,0,0,0,0,0,0,0,0,0,0,0,0,0,0,0,0,0,0,0,0,0,0,0,0,0,0,0,0,0,0,0,0,0,0,0,0,0,0,0,0,0,0,0,0,0,0,0,0,0,0,0,0,0,0,0,0,0,0,0,0,0,0,4,0,0,0,0,0,0,0,0,0,0,0,0,0,0,0,0,0,0,0,0,0,0,0,0,0,0,0,0,0,0,0,0,0,0,0,0,0,0,0,0,0,0,0,0,0,0,0,0,0,0,0,0,0,0,0,0,0,0,0,0,0,536,0,0,0,0,0,0,0,0,0,0,0,0,0,0,0,0,0,0,0,0,0,0,0,0,0,0,0,0,0,0,0,0,0,0,0,0,0,0,0,0,0,0,0,0,0,0,32,0,0,0,0,0,0,0,0,0,0,0,0,0,0,0,0,0,0,0,0,0,0,0,0,0,0,0,0,21,0,0,0,0,0,0,0,0,0,0,0,0,0,0,0,0,0,0,0,0,0,0,0,0,0,0,0,0,0,0,0,0,0,0,0,868,0,0,0,0,0,0,0,0,0,0,0,0,0,21,0,0,0,0,0,0,60,0,0,0,0,0,0,0,0,0,0,0,3,0,0,0,0,0,0,0,0,0,0,0,0,0,0,0,0,0,0,0,0,0,0,0,0,0,0,0,0,0,0,0,0,0,0,0,0,0,0,0,0,0,0,0,43,2,0,0,0,0,0,0,0,0,0,12,0,0,0,0,129,0,0,0,0,0,0,0,0,0,0,0,0,0,0,0,0,0,0,0,0,0,0,0,0,0,0,0,0,0,0,0,0,0,2,0,0,0,0,645,13,0,0,0,0,0,0,0,0,0,0,0,0,0,0,0,0,0,0,0,0,0,0,0,0,0,0,2,0,0,0,0,0,0,3,0,0,0,0,0,0,0,0,0,0,0,0,0,0,0,0,0,0,0,0,0,0,0,0,0,0,0,0,12,0,0,0,1,0,0,0,0,0,0,0,0,0,0,0,0,0,0,0,0,0,0,0,0,0,0,118,0,0,0,0,0,0,0,0,0,0,0,0,0,0,2,0,0,0,0,0,0,0,0,0,0,0,0,0,0,0,0,0,0,0,0,0,0,0,0,0,0,0,0,0,0,0,0,0,0,0,0,0,0,0,0,0,0,0,0,0,0,0,14,0,0,0,0,0,0,0,0,0,0,0,0,0,0,0,0,0,2,0,0,0,0,0,0,0,0,0,0,3,0,0,0,0,0,0,0,0,0,0,0,0,0,16,0,0,0,0,0,0,3,0,0,0,0,0,0,0,0,0,0,0,0,0,0,0,0,0,0,0,0,0,0,24,0,0,0,0,0,0,0,0,0,0,0,0,0,0,0,0,0,0,0,0,0,0,0,0,0,0,0,0,0,0,0,0,0,0,0,7,0,0,0,0,0,0,0,0,0,0,601,0,0,0,0,0,0,0,0,0,0,0,0,0,0,0,0,0,0,0,0,4,0,2,0,0,0,16,0,0,0,0,0
"D225",0,0,0,0,0,0,0,0,0,0,0,0,0,0,0,0,0,0,0,0,0,0,0,0,0,0,0,0,0,0,0,0,0,0,0,0,0,0,0,0,0,0,0,0,0,0,0,0,0,0,0,0,0,0,0,0,0,0,0,0,0,0,0,0,0,0,0,0,0,0,0,0,0,0,0,0,0,0,0,0,0,0,0,0,0,0,0,0,0,0,0,0,0,0,0,0,0,0,0,0,0,0,0,0,0,0,0,0,0,0,0,0,0,0,0,0,0,0,0,0,0,2,0,0,0,0,0,0,0,0,0,0,0,0,0,0,0,0,0,0,0,0,0,0,0,0,0,0,0,0,0,0,0,0,0,0,0,0,0,0,0,0,0,0,0,0,0,0,0,0,0,0,0,0,0,0,0,0,0,0,0,0,0,0,0,0,0,0,0,0,0,0,0,0,0,0,0,0,0,0,0,0,0,0,0,0,0,0,0,0,0,0,0,0,0,0,2,0,0,0,0,0,0,0,0,0,0,0,0,0,0,0,0,0,0,0,0,0,0,0,0,0,0,0,0,0,0,0,0,0,0,0,0,0,0,0,0,0,0,0,0,475,0,0,0,0,0,0,0,0,0,0,0,0,0,0,0,0,0,0,0,0,0,0,0,0,0,0,0,0,0,0,0,0,0,0,0,0,0,0,0,0,0,0,0,0,0,0,0,0,0,0,0,0,0,0,0,0,0,0,0,0,0,0,0,0,0,0,0,0,0,0,0,0,0,0,0,0,0,0,0,0,0,0,0,0,0,0,0,0,0,0,0,0,0,0,0,0,0,0,0,0,0,0,0,0,0,0,0,0,0,0,0,0,0,0,0,0,0,0,0,0,0,0,0,0,0,0,0,0,0,0,0,0,0,0,0,9,0,0,0,0,0,0,0,0,0,0,0,0,0,0,0,0,0,0,0,0,0,0,0,0,0,0,0,0,0,0,0,0,0,0,0,0,0,0,0,0,0,0,0,0,0,0,0,0,0,0,0,0,0,0,0,0,0,0,0,0,0,7660,0,0,0,0,0,0,0,0,0,0,0,0,0,0,0,0,0,0,0,0,0,0,0,0,0,0,0,0,0,0,0,0,0,0,0,0,0,0,0,0,0,0,0,0,0,0,0,0,0,0,0,0,0,0,0,0,0,0,0,0,0,0,0,0,0,0,0,0,0,0,0,0,0,0,0,0,0,0,0,0,0,0,0,0,0,0,0,0,0,0,0,0,0,0,0,0,0,0,0,0,0,0,0,0,0,0,0,0,0,0,0,0,0,0,0,0,0,0,0,0,0,0,0,0,0,0,0,0,0,0,0,0,0,0,0,0,0,0,0,0,0,0,0,0,0,0,0,0,0,0,0,0,0,0,0,0,0,0,0,0,0,0,0,0,0,0,0,0,0,0,0,0,0,0,0,0,0,0,0,0,0,0,0,0,0,0,0,0,0,0,0,0,0,0,0,0,0,0,0,0,0,0,0,0,0,0,0,0,0,0,0,0,0,0,0,0,0,0,0,0,0,0,0,0,0,0,0,0,0,0,0,0,0,0,0,0,0,0,0,0,0,0,0,0,0,0,0,0,0,0,0,0,0,0,0,0,0,0,0,0,0,0,0,64,0,0,0,0,0,0,0,0,0,0,0,0,0,0,0,0,0,0,0,0,0,0,0,0,0,0,0,0,0,0,0,0,0,0,0,0,0,0,0,0,0,0,0,0,0,0,0,0,0,0,0,0,0,0,0,0,0,0,0,0,0,0,0,0,0,0,0,0,0,0,0,0,0,0,0,0,0,0,0,0,0,0,0,0,0,0,0,0,0,0,0,0,0,0,0,0,0,0,0,0,0,0,0,0,0,0,0,0,0,0,0,0
"D226",3,0,17,0,46,0,0,0,0,0,227,63,0,0,37,0,0,0,44,0,1,0,0,0,446,0,0,0,0,0,0,0,0,1,17,0,0,0,0,0,0,8,0,64,810,0,0,0,0,12,34,0,8,35,174,0,0,0,432,8,0,4,135,0,0,8,0,63,45,0,0,0,0,0,9,23,0,0,0,54,25,2,0,0,0,7,0,0,0,2,0,0,0,101,0,25,1,0,0,17,0,0,9,8,85,0,0,0,1,0,0,166,43,177,0,970,0,0,4,0,3,0,4,5,0,0,0,8,0,39,37,0,0,0,0,2,14,0,2,0,0,0,0,0,2,0,8,0,0,0,0,1,16,0,0,0,0,1,34,0,21,0,0,15,0,0,1,0,0,0,0,0,0,0,0,0,8,0,0,0,17,0,0,38,0,0,0,0,7,4,0,0,0,0,0,0,0,0,0,0,15,0,0,0,0,0,0,0,0,0,82,0,23,0,13,0,0,0,0,0,0,92,4,36,0,0,0,0,0,0,0,10,0,0,56,0,0,0,0,0,0,0,0,0,1,0,0,0,0,0,0,0,13,0,0,13,8,0,17,20,0,51,0,0,0,0,0,0,32,32,478,0,7,0,52,17,31,0,0,0,4,0,5,0,27,3,0,410,4,20,0,181,20,27,0,0,0,0,8,0,0,0,0,0,0,0,0,0,0,40,0,0,13,8,0,0,0,0,37,0,11,0,40,22,0,29,1,2,0,116,0,0,0,7,0,0,0,0,0,0,0,0,0,0,30,0,13,0,0,0,2,0,0,0,1,9,45,0,0,0,0,0,0,20,2,0,1,0,0,0,0,0,2,0,0,23,3,0,0,0,0,0,354,0,44,150,54,74,0,142,6,0,0,0,0,11,0,26,0,0,0,32,0,0,0,0,0,229,0,0,0,3,0,0,16,0,0,0,233,0,0,0,0,0,0,0,0,0,0,0,0,0,0,114,0,0,1,0,0,0,0,224,0,0,0,3,0,0,0,0,36,0,30,3,0,0,1,2,0,0,0,0,778,0,189,55,41,0,0,0,0,61,0,7,2,0,0,0,0,0,0,0,13,0,0,0,0,0,7,0,189,245,0,0,0,0,0,0,0,0,0,3,10,0,0,0,326,0,75,0,0,0,10,0,2,0,0,0,0,26,0,5,0,0,7,180,0,30,0,0,1,0,0,33,0,0,6,0,0,0,11,0,50,2,127,0,6,0,247,0,0,0,0,0,4,0,0,0,6,0,0,355,3,0,0,0,119,0,0,0,11,0,0,0,17,0,0,0,0,0,0,0,0,125,0,9,23,0,0,0,0,3,0,0,30,0,0,0,0,0,0,0,0,0,0,0,0,16,0,0,0,0,0,0,0,62,0,0,523,0,0,17,0,0,0,34,0,0,4,0,0,0,0,0,0,10,18,0,0,0,0,0,0,0,0,0,1,0,0,4,0,0,0,54,0,1136,2,0,0,0,0,0,0,0,0,0,3,0,0,0,437,0,0,0,49,50,6,6,41,342,0,4,66,0,105,0,7,0,0,20,0,0,0,0,0,25,0,1573,0,0,0,0,0,0,0,11,64,0,0,20,5,248,0,0,1,0,0,0,0,167,95,0,0,0,0,0,0,0,0,41,174,0,5,10,0,0,14,52,0,5,0,0,0,0,0,0,0,0,7,0,37,0,13,11,0,0,5,0,15,0,0,0,2,0,3,0,0,0,1,0,3,0,16,0,0,0,138,0,80,0,0,18,390,0,0,0,14,0,0,0,2,38,0,0,0,0,0,80,0,0,0,0,0,0,0,32,0,0,0,0,0,110,13,0,0,7,0,0,4,0,0,0,0,0,0,798,0,0,0,0,0,0,2,0,0,0
"D227",0,0,0,1,0,0,0,0,51,0,0,12,0,0,0,0,127,0,0,2,0,0,0,6,0,0,35,0,0,0,2,0,357,0,0,0,0,0,0,0,0,0,4,0,8,0,0,0,0,0,4,0,0,0,0,3,0,0,0,0,0,0,0,0,0,1,0,0,9,0,67,0,0,0,0,0,0,0,0,0,0,4,0,0,0,11,0,0,0,22,0,2,9,0,0,0,6,0,0,0,14,0,0,0,155,0,0,0,0,0,0,0,0,41,0,0,0,0,0,0,0,0,0,2,0,0,0,0,0,2,0,0,0,0,5,19,3,3,0,0,2,0,0,0,0,55,0,0,0,1,0,0,2,0,27,32,22,0,0,48,0,0,0,0,0,0,2,159,2,0,8,19,3,0,3,0,0,0,0,1,2,0,3,23,1,0,0,0,2,0,7,0,0,0,0,0,4,4,86,40,65,0,3,6,17,0,0,404,0,5,0,0,6,0,0,0,0,0,0,0,0,0,7,2,1,0,0,0,0,3,0,17,2,2,0,0,5,0,20,0,0,82,6,0,8,0,0,0,0,0,0,2,17,0,0,0,2,42,0,4,463,0,0,0,0,3,0,0,0,0,0,0,3,0,0,12,40,0,2,0,0,3,0,2,0,0,0,29,0,34,9,30,8,21,9,0,0,0,0,10,0,0,0,0,0,0,5,44,0,0,0,79,0,3,0,0,14,2,0,166,2,0,0,0,0,2,3,0,0,0,0,9,0,0,0,0,0,0,0,0,0,0,0,0,0,0,0,26,0,0,0,0,0,0,0,2,2,0,0,0,0,0,0,0,0,0,0,642,0,5,65,0,0,0,0,0,1,2,118,4,0,0,27,0,2,5,0,4,205,0,0,5,0,0,12,25,0,633,0,0,0,37,4,0,0,0,4,0,0,0,11,0,0,0,6,0,0,0,0,0,4,0,2,6,12,6,0,10,0,0,0,0,0,645,20,0,2,0,1,0,0,9,0,3,22,0,0,0,0,0,0,0,0,0,23,0,0,9,0,0,0,0,58,0,0,0,57,39,0,0,0,51,0,2,2,0,0,0,18,0,0,0,0,0,6,0,1,0,1,0,3,0,0,0,0,0,0,0,0,3,0,0,120,0,0,0,5,0,2,1,0,24,0,10,0,128,0,0,0,4,0,2,0,0,10,10,0,0,0,0,5,0,0,0,0,0,6,0,0,0,11,5,0,0,317,0,0,6,0,0,0,12,0,0,0,0,0,0,0,0,0,26,6,5,0,9,0,0,5,0,0,0,0,0,0,0,0,0,35,10,0,0,5,0,1,0,0,5,0,0,38,0,0,0,2,0,0,0,0,0,0,2,14,47,0,0,0,0,0,0,0,5,2,49,0,0,12,0,3,0,0,8,1,0,3,0,2,0,30,0,0,0,0,8,0,17,2,0,0,18,0,3,0,0,0,0,0,145,0,0,7,0,0,0,0,16,0,1,62,0,5,0,0,2,31,0,14,0,0,0,1,0,1,0,0,4,0,14,0,5,0,0,0,0,0,0,0,2,0,0,0,8,0,0,0,0,0,0,0,7,0,0,0,0,0,0,4,4,0,0,0,161,40,0,0,3,0,0,0,0,4,0,8,0,0,7,0,0,0,0,13,0,2,0,1,0,0,0,0,0,0,2,65,1,6,0,0,0,0,2,7,2,23,75,0,0,7,0,0,3,0,7,0,0,0,0,0,2,0,0,0,0,48,0,0,0,95,9,3,0,2,8,193,0,0,0,0,0,56,156,2,1,0,0,0,0,6,9,0,0,31,0,2,0,0,0,3,36,0,0,4,9,0,28,0,0,0,0,0,12,0,1,2,8,0,1265,0,0,0,4,0,0,0,3,9,0
"D228",0,0,0,0,0,0,0,0,0,0,0,0,0,0,0,0,0,2,0,6,0,0,0,219,1,0,0,2,0,0,0,3,0,0,0,0,19,0,0,0,2,0,0,0,0,0,0,153,0,0,0,0,0,0,0,0,3,0,23,0,0,0,0,0,0,0,0,0,0,0,0,3,0,0,5,0,0,0,0,0,0,0,0,0,0,0,0,0,43,2,0,0,0,0,0,0,0,0,0,0,3,15,0,0,1,0,0,0,42,0,0,0,0,0,0,0,0,0,0,0,0,0,0,0,0,0,0,0,0,0,0,13,37,0,0,0,0,11,0,0,0,0,18,0,0,0,0,0,0,0,0,0,2,0,0,0,0,0,0,0,0,0,0,30,0,0,0,0,0,0,0,110,0,0,0,0,0,4,0,0,0,0,0,2,0,0,0,0,0,0,0,0,0,0,0,51,0,0,0,3,0,0,0,0,0,0,0,4,5,0,0,0,0,0,0,0,0,0,47,0,0,0,0,0,0,0,0,6,0,0,0,0,0,0,0,0,0,0,15,0,0,0,0,0,0,0,87,0,0,0,0,0,0,0,8,0,0,0,0,0,0,1053,0,0,0,0,0,0,0,0,0,0,0,0,0,0,0,0,0,0,0,0,5,0,0,0,0,58,0,0,0,10,0,0,0,0,0,0,0,0,0,0,0,0,0,0,0,0,0,157,0,0,0,0,11,12,0,0,3,0,0,0,0,0,0,0,0,0,34,0,0,0,0,0,0,0,0,0,0,0,0,9,0,0,0,0,0,0,41,23,0,0,0,0,0,392,0,0,0,0,0,0,0,0,0,0,0,0,0,0,0,2,0,2,0,0,0,0,0,0,0,0,0,0,0,7,0,0,0,0,0,0,0,0,0,0,0,2,0,0,0,0,0,0,0,0,720,0,0,0,0,170,0,0,1,0,0,0,71,0,0,0,0,0,0,0,0,0,0,0,0,0,0,0,0,0,0,0,0,0,0,0,0,0,0,0,0,0,0,0,0,0,0,0,0,2,0,0,0,0,0,0,0,0,0,0,0,0,0,0,0,0,0,0,0,0,2,0,0,0,0,0,0,13,0,0,0,0,0,0,0,0,0,0,9,0,0,0,0,0,0,12,0,5,0,0,3,0,0,0,0,0,0,0,6,0,0,0,0,0,0,0,0,0,2,0,7,0,0,0,0,0,0,0,0,0,0,0,0,0,0,0,0,1,0,0,19,0,0,0,0,0,0,0,0,0,0,58,0,0,9,0,0,0,0,2,0,0,0,0,0,0,0,0,0,0,0,0,0,0,0,0,0,5,0,0,0,0,0,0,0,0,0,0,0,51,0,0,0,1,0,0,0,0,0,0,0,1,0,0,0,0,0,0,0,0,0,0,63,0,3,0,66,0,0,0,0,0,87,0,0,1,0,0,0,0,0,0,0,0,0,0,0,0,3,0,0,0,0,0,0,0,0,0,0,0,0,1,0,0,0,0,0,59,0,0,0,0,77,0,0,0,0,0,0,0,25,0,0,0,3,0,0,0,0,2,0,0,0,0,0,0,4,0,28,0,0,1,0,0,0,0,0,0,0,0,0,0,0,0,0,2,0,14,0,0,0,0,0,0,0,0,0,0,15,0,0,0,0,0,83,0,0,0,0,0,0,0,0,0,0,0,0,19,0,0,0,25,0,0,0,0,0,0,0,0,0,0,0,7,0,0,0,66,0,0,0,0,0,0,0,0,86,0,0,0,0,0,0,0,0,0,0,0,0,0,0,0,0,0,0,0,0,0,0,0,0,3,0,0,0,0,0,70,0,0,0,0,0,0,88,0,0,0,0,2,0,0,0,0,0,262,0,0,0,0,0,0,7,0,0,0,0,0,2,0
"D229",0,0,0,0,0,0,0,0,0,0,0,0,0,0,0,0,0,0,0,0,0,0,0,0,0,0,0,0,0,0,0,0,0,0,0,0,0,0,0,0,0,0,0,0,0,0,0,0,0,0,0,0,0,0,0,0,0,0,0,0,0,0,0,0,0,0,0,0,0,0,0,0,0,0,0,0,0,0,0,0,0,0,0,0,0,0,0,0,0,0,0,0,0,0,0,0,0,0,0,0,0,0,0,0,0,0,0,0,0,0,0,0,0,0,0,0,0,0,0,0,0,0,0,0,0,0,0,0,0,0,0,0,0,0,0,0,0,0,0,0,0,0,0,0,0,0,0,0,0,0,0,0,0,0,0,0,0,0,0,0,0,0,0,0,0,0,0,0,0,0,0,0,0,0,0,0,0,0,0,0,0,0,0,0,0,0,0,0,0,0,0,0,0,0,0,0,0,0,0,0,0,0,0,0,0,0,0,0,0,0,0,0,0,0,0,0,0,0,0,0,0,0,0,0,0,0,0,0,0,0,0,0,0,0,0,0,0,0,0,0,0,0,0,0,0,0,0,0,0,0,0,0,0,0,0,0,0,0,0,0,0,0,0,0,0,0,0,0,0,0,0,0,0,0,0,0,0,0,0,0,0,0,0,0,0,0,0,0,0,0,0,0,0,0,0,0,0,0,0,0,0,0,0,0,0,0,0,0,0,0,0,0,0,0,0,0,0,0,0,0,0,0,0,0,0,0,0,0,24,0,0,0,0,0,0,0,0,0,0,0,0,0,0,0,0,0,0,0,0,0,0,0,0,0,0,0,0,0,0,0,0,0,0,0,0,0,0,0,0,0,0,0,0,0,0,0,0,0,0,0,0,0,0,0,0,0,0,0,0,0,0,0,0,0,0,0,0,0,0,0,0,0,0,0,0,0,0,0,0,0,0,0,0,0,0,0,0,0,0,0,0,0,0,0,0,0,0,0,0,0,0,0,0,0,0,0,0,0,0,0,0,0,0,0,0,0,0,0,0,0,0,0,0,0,0,0,0,0,0,4052,0,0,0,0,0,0,0,0,0,0,0,0,0,0,0,0,0,0,0,0,0,0,0,0,0,0,0,0,0,0,0,0,0,0,0,0,0,0,0,0,0,0,0,0,0,0,0,0,0,0,0,0,0,0,0,0,0,0,0,0,0,0,0,0,0,0,0,0,0,0,0,0,0,0,0,0,0,0,0,0,0,0,0,0,0,0,0,0,0,0,0,0,0,0,0,0,0,0,0,0,0,0,0,0,0,0,0,0,0,0,0,0,0,0,0,0,0,0,0,0,0,0,0,0,0,0,0,0,0,0,0,0,0,0,0,0,0,0,0,0,0,0,0,0,0,0,0,0,0,0,0,0,0,0,0,0,0,0,0,0,0,0,0,0,0,0,0,0,0,0,0,0,0,0,0,0,0,0,0,0,0,0,0,0,0,0,0,0,0,0,0,0,0,0,0,0,0,0,0,0,0,0,0,0,0,0,0,0,0,0,0,0,0,0,0,0,0,0,124,0,0,0,0,0,0,0,0,0,0,0,0,0,0,0,0,0,0,0,0,0,0,0,0,0,0,0,0,0,0,0,0,0,0,0,0,0,0,0,0,0,0,0,0,0,0,0,0,0,0,0,0,0,0,0,0,0,0,0,0,0,0,0,0,0,0,0,0,0,0,0,0,0,0,0,0,0,0,0,0,0,0,0,0,0,0,0,0,0,0,0,0,0,0,0,0,0,0,0,0,0,0,0,0,0,0,0,0,0,0,0,0,0,0,0,0,0,0,0,0,0,0,0,0,0,0,0,0,0,0,0,0,0,0,0,0,0,0,0,0,0,0,0,0,0,0,0,0,0,0,0,0,0,0,0,0,0
"D230",0,0,0,0,0,0,0,0,0,0,0,0,0,0,0,0,0,0,0,0,0,0,0,0,0,0,0,0,0,81,0,0,0,0,0,0,0,0,36,0,0,0,0,0,146,31,0,1156,0,0,0,0,0,0,0,0,0,0,176,0,0,0,0,0,0,0,0,0,0,0,0,0,4251,0,0,0,0,0,0,0,0,0,0,0,0,7,0,0,0,0,0,0,0,0,0,0,0,2355,0,0,0,0,0,0,0,0,0,0,0,0,0,0,0,0,4060,207,0,4,0,0,2,0,0,0,0,0,0,0,0,0,0,27,0,0,0,0,0,0,2897,7,0,0,0,0,0,482,0,0,0,0,2,0,0,0,0,0,0,0,0,0,0,0,0,5,0,0,0,0,0,0,0,3415,0,0,0,0,0,33,0,0,0,0,0,0,0,0,11,0,0,11407,0,0,0,0,0,0,0,0,0,0,0,0,0,0,0,0,6,0,0,0,0,0,0,456,0,0,0,37,17,0,0,0,0,0,0,0,0,0,0,0,0,0,0,0,0,0,0,0,0,0,0,0,0,0,0,0,630,0,0,0,0,0,0,0,0,0,0,0,0,75,0,0,0,2682,7,0,0,0,0,0,0,0,0,0,0,0,0,0,0,0,0,0,0,0,0,0,0,0,0,0,3,0,0,0,0,0,0,0,0,0,0,0,0,0,0,0,0,0,0,0,0,0,0,0,0,3,0,0,0,0,0,86,0,0,0,0,0,0,0,0,0,0,0,0,0,0,0,0,0,0,0,3,0,0,0,0,0,0,0,0,0,0,0,0,0,0,0,0,0,0,0,24,0,0,0,0,0,0,0,0,0,0,0,20,0,0,0,0,0,0,0,0,0,0,0,0,0,0,0,0,0,0,0,0,0,0,22,23,0,0,0,0,0,0,0,0,3118,0,0,0,0,0,1,62,0,0,0,0,0,0,0,0,0,0,0,0,0,0,0,0,0,0,0,0,0,0,0,0,0,0,0,0,0,0,0,0,0,0,0,0,0,0,0,0,0,0,0,0,0,0,0,0,0,0,0,0,0,0,0,0,0,0,802,0,0,0,133,7,0,0,0,0,0,0,0,0,0,186,0,0,0,0,0,2,0,0,0,0,0,0,0,0,0,0,0,937,0,0,0,0,0,0,0,0,599,0,0,0,0,0,0,0,0,0,0,0,0,0,0,0,0,0,26,0,0,0,0,0,0,0,0,0,0,0,0,0,0,0,0,0,0,0,0,0,0,1735,233,0,0,7,8,0,0,0,0,1197,0,0,0,0,0,0,0,10,0,0,0,1021,0,0,0,0,0,2,8,0,0,0,0,0,0,0,0,0,0,116,1639,0,0,0,1471,0,0,0,0,0,0,0,0,0,20,0,0,0,5734,0,0,0,0,0,2,0,0,0,0,0,0,77,0,0,0,0,0,0,0,0,0,0,0,0,0,0,0,0,2,0,0,0,0,0,0,0,0,0,0,0,0,0,0,0,0,0,0,0,0,22439,0,1886,290,0,0,0,0,0,0,0,0,0,0,0,10697,0,0,0,0,0,0,0,0,0,0,0,520,0,0,0,923,0,0,0,0,0,0,0,0,0,0,0,0,0,0,6,0,0,0,0,0,0,9,0,0,0,0,0,0,0,0,0,0,0,0,3,0,0,0,522,1,0,0,0,0,0,0,0,0,0,0,884,0,0,0,0,0,0,0,0,0,0,0,0,0,0,0,26,0,0,0,0,0,0,0,0,0,0,0,0,0,0,0,0,189,0,0,0,19,0,0,0,0,0,0,0,0,0,0,0,0,2,0,0,0,18,0,0,0,0,0,0,10,0,3,0,120,0,0,35937,0,0,0,0,0,164,0,0,0,0,30,0,12,0,0,0,0,0,0,0
"D231",0,0,4,4,0,0,0,0,0,0,4,0,0,4,16,0,0,0,3,0,9,0,1,2,5,0,0,0,0,2,0,6,0,0,10,0,14,0,0,3,0,0,0,1,70,0,11,36,0,0,0,0,0,3,1,0,5,0,0,0,13,11,0,0,6,0,0,14,0,18,0,0,47,0,7,7,0,0,0,0,0,0,5,0,0,7,0,9,3,10,0,0,0,0,0,0,1,0,6,0,0,2,0,1,31,0,0,34,0,0,0,5,0,0,26,3,0,3,0,0,5,20,9,7,0,0,0,11,0,0,0,0,6,7,0,66,0,0,75,0,7,0,0,0,4,15,0,0,0,0,0,0,3,3,0,0,0,0,0,0,5,0,0,4,0,0,0,0,0,0,0,401,0,0,0,0,0,11,0,0,0,42,0,2,0,0,2,0,0,508,0,0,0,0,0,187,67,0,4,5,3,0,0,0,0,0,0,10,0,0,0,0,2,9,0,0,0,15,374,0,0,8,7,0,0,0,0,1,0,0,0,0,0,0,0,0,0,0,0,49,0,2,0,0,0,0,2,12,3,21,6,0,0,0,0,4,0,0,0,2,0,0,3,43,0,0,0,0,0,0,2,0,6,51,0,0,4,0,0,0,0,0,0,0,0,0,0,8,0,0,0,0,0,0,71,1,0,0,0,0,0,0,0,0,0,0,0,0,3,0,0,0,0,9,0,3,0,0,0,7,0,4,0,0,18,0,0,2,0,1,21,0,0,33,3,4,0,1,0,6,0,4,12,0,0,0,0,2,0,10,21,0,3,0,0,8,0,3,0,0,0,0,0,0,0,0,0,0,0,6,0,8,5,0,0,13,0,0,0,0,0,0,0,0,0,0,0,0,0,0,0,0,0,0,0,0,0,11,0,6,4,0,0,0,0,0,0,0,0,0,0,169,147,0,0,0,4,0,8,2,0,0,0,4,0,21,0,0,0,33,1,0,0,1,0,0,0,2,0,0,0,0,0,0,8,0,12,0,0,0,9,0,0,0,0,0,0,0,0,0,0,0,0,37,2,7,3,2,0,0,1,0,10,0,2,0,0,3,0,0,0,2,0,14,0,8,0,0,0,0,5,1,0,2,0,0,0,0,0,0,0,4,3,11,0,8,4,0,3,0,0,0,0,0,28,0,0,0,0,0,0,0,0,0,6,0,0,0,0,27,0,0,0,0,21,0,16,39,2,3,0,0,10,3,6,0,0,0,12,0,0,0,0,11,1,56,19,29,4,2,13,0,0,0,46,0,2,0,0,0,0,0,0,0,1,0,0,196,0,0,6,0,2,0,0,0,1,12,0,1,0,15,0,0,0,0,312,0,0,0,53,0,7,0,0,1,27,0,0,0,0,0,0,0,16,0,0,0,4,0,2,0,0,0,0,1,36,4,11,0,0,3,0,0,0,15,0,0,0,0,0,0,0,4,0,0,0,28,0,0,0,0,17,0,0,19,0,0,36,40,0,0,0,0,0,489,0,251,0,0,0,0,0,0,0,4,0,8,7,3,23,0,0,13,4,2,0,25,0,14,0,0,10,0,2,0,6,23,0,0,0,0,0,0,0,4,0,0,4,0,0,3,1,2,0,2,0,3,0,3,0,0,0,0,221,0,0,0,0,0,57,15,0,3,0,2,5,0,0,2,0,3,0,0,0,0,0,0,0,0,0,0,3,4,0,0,4,115,0,0,0,0,2,99,0,5,0,21,0,0,0,0,14,0,21,0,2,2,3,0,1,0,23,0,3,5,5,8,0,0,0,0,0,31,0,0,0,0,5,0,3,6,0,0,0,0,0,0,12,45,0,0,4,0,0,939,0,17,0,0,0,2,0,9,2,12,0,0,0,29,0,0,0,0,0,0
"D232",0,0,0,0,0,0,0,0,0,0,0,0,0,0,0,0,0,0,0,0,0,0,0,0,0,0,0,0,0,0,0,0,0,0,0,0,0,0,0,0,0,0,0,0,0,0,0,0,0,0,0,0,0,0,0,0,0,0,0,0,0,0,0,0,0,0,0,0,0,0,0,0,0,0,0,0,0,0,0,0,0,0,0,0,0,0,0,0,0,0,0,0,0,0,0,0,0,0,0,0,0,0,0,0,0,0,0,0,0,0,0,0,0,0,0,0,0,0,0,0,0,0,0,0,0,0,0,0,0,0,0,0,0,0,0,0,0,0,0,0,0,0,4,0,0,0,0,0,0,0,0,0,0,0,0,0,0,0,0,0,0,0,0,0,0,0,0,0,0,0,0,0,0,0,0,0,0,0,0,0,0,0,0,0,0,0,0,0,0,0,0,0,0,0,0,0,0,0,0,0,0,0,0,0,0,0,0,0,0,0,0,0,0,0,0,0,2,0,0,0,0,0,0,0,0,0,0,118,0,0,0,0,0,0,0,0,0,0,0,0,0,0,0,0,0,0,0,0,0,0,0,0,0,0,0,0,0,0,0,0,0,0,6,0,0,0,0,0,0,0,0,0,0,0,0,0,0,0,0,0,0,0,0,0,0,0,0,0,0,0,0,0,0,0,0,0,0,0,0,0,0,0,0,0,0,0,0,0,0,0,0,0,0,0,23,0,0,0,0,0,0,0,0,0,0,0,0,0,0,0,0,0,6,0,0,0,0,0,0,0,0,0,0,0,0,0,0,0,0,0,0,0,0,0,0,0,0,0,0,0,0,0,0,0,0,0,0,154,0,0,0,0,0,0,0,0,0,0,0,0,0,0,0,0,0,0,0,0,0,0,0,0,0,0,0,0,0,0,0,0,0,0,0,0,0,0,0,0,0,0,0,0,0,0,0,0,0,0,0,0,2,0,0,0,0,0,0,0,0,0,0,0,0,0,0,0,0,0,0,0,0,0,0,0,0,0,0,0,0,0,0,0,0,0,0,0,0,0,0,0,0,0,0,0,0,0,0,0,0,0,0,0,0,0,0,0,0,0,0,0,0,0,0,0,0,0,0,0,0,0,0,0,0,0,0,0,0,0,0,0,0,0,0,0,0,0,0,0,0,0,0,0,0,0,0,0,0,0,0,0,0,0,0,0,0,0,0,0,0,0,0,0,0,0,0,0,0,0,0,0,0,0,0,0,0,0,0,0,0,0,0,0,0,0,0,0,0,0,0,0,0,0,0,0,0,0,0,0,0,0,0,0,0,0,0,0,0,0,0,0,0,0,0,0,0,0,0,0,0,0,0,0,0,0,0,0,0,0,0,0,0,0,0,0,0,0,0,0,89,0,0,0,0,0,0,0,0,0,0,0,0,0,0,0,0,0,0,0,0,0,0,0,0,0,0,0,0,0,0,0,0,0,0,0,0,2,0,0,0,0,0,0,0,0,0,0,0,0,0,0,0,0,0,0,0,0,0,0,0,0,0,0,0,0,0,0,0,0,0,0,0,0,0,0,0,0,0,0,0,0,0,0,0,0,0,0,0,0,0,0,0,0,10,0,0,0,0,0,0,0,0,0,0,0,0,0,0,0,0,0,0,0,0,0,0,0,0,13,0,0,0,0,0,0,0,0,0,0,0,0,0,0,0,0,0,0,0,0,0,0,0,0,0,0,0,0,0,0,0,0,0,0,0,0,0,0,0,0,0,0,0,0,0,0,0,852,0,0,0,0,0,0,0,0,0,0,0,0,0,0,0,0,0,0,0,0,0,0,0,0,0,0,0,0,0,0,0,0,0,0,0,0,0,0,0,0,0,0,0,0,0,0,0,0,0,0,0,0,0,0,0,0,0,0,0,0
"D233",0,0,0,0,0,0,0,0,0,0,0,0,0,0,0,0,0,0,0,0,0,0,0,0,0,0,0,0,0,0,0,0,0,0,0,0,0,511,0,0,0,0,0,0,0,0,0,0,0,0,0,0,0,0,0,0,0,0,0,0,0,0,0,0,0,0,0,0,0,0,0,0,0,0,0,0,0,0,0,0,0,0,0,0,0,0,0,0,0,0,0,0,0,0,0,0,0,0,0,0,0,0,0,0,0,0,0,0,0,0,0,0,0,0,0,0,0,0,0,0,0,0,0,0,0,0,0,0,0,0,0,0,0,0,0,0,0,0,0,0,0,197,0,0,0,0,0,0,0,0,0,0,0,0,0,0,0,1108,0,0,0,0,0,0,0,0,0,0,0,0,0,0,0,0,0,0,0,0,0,0,0,0,0,0,0,0,0,0,0,0,0,0,0,0,115,0,0,0,0,0,0,0,0,0,0,0,0,0,0,0,0,0,0,0,0,0,0,0,0,0,0,0,0,0,0,0,0,0,0,0,0,0,0,0,0,0,0,0,0,0,0,0,0,0,0,0,0,0,0,0,0,0,0,0,0,0,0,0,0,0,0,0,0,0,0,0,0,0,0,0,0,0,0,0,0,0,0,0,0,0,0,0,0,0,0,0,0,0,0,0,0,0,0,0,0,0,0,0,0,0,0,0,0,357,424,0,0,0,0,0,0,0,0,0,0,0,0,0,0,0,0,0,0,0,0,0,0,0,0,0,0,0,0,0,0,0,0,0,0,0,0,0,0,0,0,0,0,0,0,0,0,0,0,0,0,0,0,0,0,0,0,0,0,0,3711,366,0,0,0,0,0,0,0,0,0,0,0,0,0,0,0,0,0,0,0,0,0,0,0,0,0,0,0,0,0,0,0,0,0,0,0,0,0,0,0,0,0,0,0,0,0,0,0,0,0,0,0,0,0,0,0,0,0,0,0,0,0,0,0,0,0,0,0,0,0,0,0,0,0,5346,0,0,0,0,0,0,0,0,0,0,0,0,0,0,0,0,0,0,0,0,0,0,0,0,0,0,0,0,0,0,0,0,0,0,0,0,0,0,0,0,0,0,0,0,0,0,0,0,0,0,0,0,0,0,0,0,476,0,0,0,0,0,0,0,0,0,0,0,0,0,0,0,0,0,0,0,0,0,0,0,0,0,0,0,0,0,0,0,0,0,0,0,0,0,0,0,0,0,0,0,0,0,0,0,0,0,0,0,0,39,0,0,0,0,0,0,0,0,0,0,0,0,0,0,0,0,0,0,0,20,0,0,0,0,0,0,326,0,0,0,0,0,0,0,0,0,0,0,0,0,0,0,0,0,0,0,0,0,0,0,0,0,0,0,0,0,0,0,0,0,0,0,0,0,0,0,0,0,0,0,0,0,0,0,0,0,0,0,0,0,0,0,0,0,0,0,0,0,0,0,0,0,14,0,0,0,0,0,0,0,0,0,0,0,0,0,0,0,0,0,0,0,0,0,0,0,0,0,0,0,0,5126,0,0,0,0,0,0,0,0,0,0,0,0,0,0,0,0,0,0,0,0,0,894,0,0,0,0,0,0,0,0,0,0,0,0,0,0,0,0,0,0,0,0,0,0,0,0,0,0,0,0,0,0,0,0,0,0,0,0,0,0,0,0,0,0,0,0,0,0,0,0,0,0,0,0,0,0,0,0,0,0,0,0,0,0,0,0,0,0,0,0,0,0,0,0,0,0,0,0,0,0,0,514,0,0,0,0,0,0,0,0,0,0,0,0,0,0,0,0,0,0,0,0,0,0,0,0,0,0,0,0,0,0,0,0,0,0,0,0,0,0,0,0,6,0,0,0,0,0,0,0,0,0,0,0,0,0,0,0,0,0,0,0,0,0
"D234",1,10,24,79,2,0,1,6,1209,0,0,0,0,7,19,0,26,0,5,0,0,0,2,0,0,5,3,0,0,0,5,0,58,3,0,0,0,0,0,0,0,0,21,0,46,0,0,31,0,0,0,4,97,0,0,7,0,0,0,0,0,3,23,14,18,0,0,2,150,0,13,0,0,16,0,0,0,0,0,0,0,2,0,0,5,3,0,0,0,8,14,0,127,6,0,0,16,0,0,4,0,0,0,0,134,0,0,0,0,5,2,38,0,32,0,0,0,0,3,10,0,2,3,2,0,6,0,2,0,9,1,0,0,0,5,91,0,0,0,0,14,0,0,0,6,51,2,0,1,5,0,4,3,0,33,19,17,0,0,25,0,0,11,2,0,0,6,0,3,0,13,0,17,0,12,0,4,0,0,26,12,0,0,86,3,0,0,0,0,0,0,0,0,0,0,0,1,7,76,67,12,0,21,0,27,90,0,167,20,0,2,0,5,0,9,0,0,0,0,0,5,16,2,4,0,6,0,0,9,20,0,8,0,3,0,0,11,16,44,0,13,0,4,16,8,0,0,0,0,0,15,3,7,0,0,0,2,0,5,0,21,0,138,0,0,19,1,0,15,0,0,0,0,0,0,0,8,8,11,0,0,0,0,0,2,0,0,4,0,93,0,24,45,49,0,0,4,2,3,61,0,0,0,0,0,0,22,67,0,0,0,129,6,0,0,0,2,93,0,220,0,0,0,0,0,0,0,0,0,0,0,24,0,0,3,2,0,10,2,0,0,0,0,0,3,0,0,28,0,0,0,3,0,0,0,30,27,0,0,0,0,0,19,0,0,0,19,5707,0,8,52,5,1,0,0,0,0,17,0,2,0,0,50,2,3,11,2,0,995,0,9,172,0,0,0,10,0,708,0,0,0,4,29,4,5,0,14,0,0,0,178,0,0,0,4,13,0,16,135,0,20,0,0,5,68,11,0,30,0,0,0,2,6,214,6,0,0,0,12,0,0,26,0,20,61,0,0,0,0,0,0,0,4,6,0,0,2,3,0,0,0,1,215,0,42,1,50,83,0,0,18,60,0,7,18,7,0,0,0,3,14,135,10,0,24,0,21,0,52,0,16,0,0,0,0,2,0,9,0,0,0,0,5,0,2,2,47,0,3,0,0,34,0,0,0,19,5,22,0,31,3,4,0,0,0,382,12,7,13,0,0,0,0,0,0,9,0,0,0,0,68,9,8,0,112,0,0,6,0,0,4,43,25,0,0,0,0,0,6,0,0,14,31,32,0,1,0,0,0,0,0,0,6,0,9,0,0,0,0,4,0,7,0,1,13,4,4,12,0,4,34,4,4,2,0,0,0,3,2,0,0,20,262,23,6,0,207,0,0,39,0,18,0,10,0,0,95,1,0,0,2,3,0,0,0,0,2,0,594,0,22,0,0,27,0,13,0,5,8,22,2,7,0,0,0,0,0,303,6,0,20,22,0,0,0,117,7,0,38,0,0,0,23,2,110,0,0,0,0,0,7,0,11,0,1,1,32,92,0,13,0,0,12,0,0,0,0,14,0,10,0,1,0,0,0,0,0,195,0,0,0,5,0,0,0,1,0,1,0,0,2,12,190,0,0,0,0,0,4,0,9,0,20,0,0,49,0,3,0,3,82,92,0,1,19,0,5,0,0,0,0,0,1360,25,1,0,4,0,2,6,3,5,0,69,0,0,24,0,0,4,3,4,0,0,2,0,0,0,1,0,3,0,82,0,0,0,80,18,1,0,0,2,138,0,9,4,0,0,8,13,4,19,1,0,0,0,68,13,0,7,11,0,21,0,0,10,3,22,0,0,0,30,0,175,0,0,3,0,0,5,9,0,27,14,0,797,0,0,0,106,2,0,0,2,3,277
"D235",0,0,0,0,0,0,0,0,0,0,0,0,0,0,0,0,0,0,0,0,0,0,0,0,0,0,0,0,0,0,0,25,0,0,0,0,0,0,0,0,0,0,0,0,0,0,0,0,0,0,0,0,0,0,0,2,0,3,0,0,0,0,0,0,0,0,0,0,0,0,0,0,0,0,0,0,0,0,0,0,0,0,0,0,0,0,3,0,22,0,0,0,0,0,0,0,0,0,0,0,0,4,0,0,0,6,0,0,0,0,0,1,0,0,0,0,0,0,0,0,0,0,0,0,0,0,0,0,0,2,0,0,0,0,0,2,0,0,0,0,0,0,0,0,0,0,0,0,0,0,0,0,0,4,0,0,0,0,0,0,0,0,0,10,0,0,0,0,0,0,0,0,0,0,0,0,0,20,0,0,0,0,0,0,0,0,0,0,0,0,0,0,0,0,0,0,0,0,0,0,0,0,0,0,0,0,0,0,0,0,0,0,0,0,0,0,0,0,15,0,0,0,0,0,0,0,0,0,0,0,0,0,0,0,0,0,0,0,0,0,0,0,0,0,0,0,0,0,0,0,0,0,0,0,0,0,0,0,0,0,0,0,0,0,0,0,0,0,0,0,0,0,0,0,0,0,0,0,0,0,0,0,0,0,0,0,0,0,0,0,0,0,0,0,0,0,0,0,0,0,0,0,0,0,0,0,0,0,0,0,0,0,0,0,3,0,0,0,0,0,0,0,0,0,0,0,0,0,0,0,3,0,0,3,0,0,0,0,0,0,3,0,0,0,0,0,0,0,0,0,0,0,0,0,0,0,0,2,0,0,0,0,0,0,0,0,2,0,0,0,2,0,0,0,0,0,68,0,0,0,0,0,0,0,0,0,0,0,0,0,0,0,0,0,0,0,0,16,0,0,0,0,0,0,0,0,0,0,0,0,0,0,0,0,0,0,0,0,0,0,0,0,0,0,0,0,0,0,0,0,0,0,0,0,0,0,0,0,0,0,0,0,0,0,0,0,0,0,0,0,0,0,0,0,0,0,0,0,0,0,0,0,0,0,0,0,0,0,0,0,0,0,0,0,0,0,0,0,0,0,0,0,0,0,0,0,0,0,0,0,2,0,0,0,0,0,0,0,0,0,0,0,0,0,0,0,0,0,0,0,0,0,0,0,0,0,0,0,0,0,0,0,0,0,0,0,0,0,0,3,0,0,0,131,0,0,0,0,0,0,0,0,0,0,0,0,0,0,0,0,0,0,0,0,0,0,0,3,0,0,0,0,0,0,408,0,0,0,0,0,0,0,0,0,0,0,0,0,0,0,0,0,0,0,0,0,0,0,0,0,0,0,0,0,0,0,0,0,0,0,0,0,0,0,0,0,0,0,0,0,0,0,0,0,0,0,0,0,0,0,4,0,0,0,0,0,0,0,0,0,0,0,0,0,0,0,0,0,0,0,0,0,0,0,0,0,0,0,0,0,0,0,0,0,0,8,0,0,0,0,0,0,0,0,0,0,0,0,0,0,8,0,0,0,0,0,0,0,0,0,0,0,0,0,0,0,0,0,0,0,0,0,0,0,0,0,0,7,0,0,0,0,0,0,0,0,0,0,0,0,0,0,5,0,0,0,0,0,0,0,0,0,0,0,0,0,0,0,0,0,0,0,0,0,0,0,0,0,0,0,0,2,0,0,3,0,0,0,0,0,0,0,0,0,0,0,0,0,0,0,0,0,0,3,0,0,0,0,0,2,0,0,18,0,0,0,0,0,0,0,0,0,3,0,0,0,0,0,0,0,0,0,0,0,0,0,0,9,0,0,0,0,0,111,0,0,0,16,120,0,0,0,0,0,0,0,0,0,0,0,0,0,0,0,0,0,54,0,0,0,0,0,0,0,0,0
"D236",0,0,0,0,0,0,0,0,0,0,0,0,0,0,0,0,0,0,0,0,0,0,0,0,0,0,0,0,0,0,0,0,0,0,0,0,0,0,0,0,0,0,0,0,0,0,0,0,0,0,0,0,0,0,0,0,0,0,2,0,0,0,0,0,0,0,0,0,0,0,0,0,0,0,0,0,0,0,0,0,0,0,0,0,0,0,0,0,0,0,0,0,0,0,0,0,0,0,0,0,0,0,0,0,0,0,0,0,0,0,0,0,0,0,0,0,0,0,0,0,0,0,0,0,0,0,0,0,0,0,0,0,0,0,0,0,0,0,0,0,0,0,4,0,0,0,0,0,0,0,0,0,0,0,0,0,0,0,0,0,0,0,0,0,0,0,0,0,0,0,0,0,0,0,0,0,0,0,0,0,0,0,0,0,0,0,0,0,0,0,0,0,0,0,0,0,0,0,0,0,0,0,0,0,0,0,0,0,0,0,0,0,0,0,0,0,0,0,0,0,0,0,0,0,0,0,0,0,0,0,0,0,0,0,0,0,0,0,0,0,0,0,0,0,0,0,0,0,0,0,0,0,0,0,0,0,0,0,0,0,0,0,0,0,0,0,2,0,0,0,0,0,0,0,0,0,0,0,0,0,0,0,0,0,0,0,0,0,0,0,0,0,0,0,0,0,0,0,0,0,0,0,0,0,0,0,0,0,0,0,0,0,0,0,342,0,0,0,0,0,0,0,0,0,0,0,0,0,0,0,0,0,0,0,0,0,0,0,0,0,0,0,0,0,0,0,0,0,0,0,0,0,0,0,0,0,0,0,0,0,0,0,0,0,0,0,0,2,0,0,0,0,0,0,0,0,0,0,0,0,0,0,0,0,0,0,0,0,0,0,0,0,0,0,0,0,0,0,0,0,0,0,0,0,0,0,0,0,0,0,0,0,0,0,0,0,0,0,0,0,0,0,0,0,0,0,0,0,0,0,0,0,0,0,0,0,0,0,0,0,0,0,0,0,0,0,0,92,0,0,0,0,0,0,0,0,0,0,0,0,0,0,0,0,0,0,0,0,0,0,0,0,0,0,0,0,0,0,0,0,0,0,0,0,0,0,0,0,0,8,0,0,0,0,0,0,0,0,0,0,0,0,0,0,0,0,0,0,0,0,0,0,0,0,0,0,0,0,0,0,0,0,0,0,0,0,0,0,0,0,0,0,0,0,0,0,0,0,0,0,0,0,0,0,0,0,0,0,0,0,0,0,0,0,0,0,0,0,0,0,0,0,0,0,0,0,0,0,0,0,0,0,0,0,0,0,0,0,0,0,0,0,0,0,0,0,0,0,0,0,0,0,0,0,0,0,0,0,0,0,0,0,0,0,0,0,0,0,0,0,0,0,0,0,0,0,0,0,0,0,0,0,0,0,0,0,0,0,0,0,0,0,0,0,0,0,0,0,0,0,0,0,0,0,0,81,0,0,0,0,0,0,0,0,0,0,0,0,0,0,0,0,0,0,0,0,0,0,0,0,0,0,0,0,0,0,0,0,0,0,0,86,0,0,0,0,0,0,0,0,0,0,0,0,0,0,0,0,0,0,0,0,836,0,0,0,0,0,0,0,0,0,0,0,0,0,0,0,0,0,0,0,0,0,0,0,0,23,0,0,0,0,0,0,0,0,0,0,0,0,0,0,0,0,0,0,0,0,0,0,0,0,0,0,0,0,0,0,0,0,0,0,0,0,0,0,0,0,0,0,0,0,0,0,0,12210,0,0,0,0,0,0,0,0,0,0,0,0,0,0,0,0,0,0,0,0,0,31,0,0,0,0,0,0,0,0,0,0,0,0,0,0,0,0,0,0,0,0,0,0,0,0,0,0,0,0,0,0,0,0,0,0,0,0,0,0
"D237",0,0,0,0,0,2,0,0,0,0,0,0,0,0,0,0,0,0,0,0,0,0,0,0,0,0,0,0,0,0,0,0,0,0,0,0,0,0,0,0,0,0,0,0,0,0,0,0,0,0,0,0,0,0,0,0,0,0,0,0,0,0,0,0,0,0,0,0,0,0,0,0,0,0,0,0,0,0,0,0,0,0,0,0,0,0,0,0,0,0,0,0,0,0,0,0,0,0,0,0,0,0,0,0,0,0,0,0,0,0,0,0,0,0,0,0,0,0,0,0,0,0,0,0,0,0,0,0,0,0,0,0,0,0,0,0,0,0,0,0,0,0,0,0,0,0,0,0,1,0,0,0,0,0,0,0,0,0,0,0,0,0,0,0,0,0,0,0,0,0,0,0,0,0,0,0,0,0,0,0,0,0,0,0,0,0,0,0,0,0,0,0,0,0,0,0,0,0,0,0,0,0,0,0,0,0,0,0,0,0,0,0,0,0,0,0,0,0,0,0,0,0,0,0,0,0,0,0,0,0,0,0,0,0,0,0,0,0,0,0,0,0,0,0,0,0,0,0,0,0,0,0,0,0,0,0,0,0,0,0,0,0,0,0,0,0,0,0,0,0,0,0,0,0,0,0,0,0,0,0,0,0,0,0,3,0,0,0,0,0,0,0,0,0,0,0,0,0,0,0,0,0,0,0,0,0,0,0,0,0,0,0,0,0,0,0,0,0,0,0,0,0,0,0,0,0,0,0,0,0,0,0,0,0,0,0,0,0,0,0,24,0,0,0,0,0,0,0,0,0,0,0,0,0,0,0,0,0,0,0,0,0,0,0,0,0,0,0,0,0,0,0,0,0,0,0,0,0,0,0,0,0,0,0,0,0,0,0,0,0,0,0,0,0,0,0,0,0,0,0,0,0,0,0,0,0,0,0,0,0,0,0,0,0,0,0,0,0,0,0,0,0,0,0,0,0,0,0,0,0,0,0,0,0,0,0,0,0,0,0,0,0,0,0,0,0,0,0,0,0,0,0,0,0,0,0,0,0,0,130,0,0,0,0,0,0,0,0,0,0,0,0,0,0,0,0,0,0,0,0,0,0,0,0,0,0,0,0,0,0,0,0,0,0,0,0,0,0,0,0,0,0,0,0,0,0,0,0,0,0,0,0,0,0,0,0,0,0,0,0,0,0,0,0,0,0,0,0,0,0,0,0,0,0,0,0,0,0,0,0,0,0,0,0,0,0,0,0,0,0,0,0,0,0,0,0,0,0,0,0,2,0,0,0,0,0,0,0,0,0,0,0,0,0,0,0,0,0,0,0,0,0,0,0,0,0,0,0,0,0,0,0,0,0,0,0,0,0,0,0,0,0,0,0,0,0,0,0,0,3,0,0,0,0,0,0,0,0,0,0,0,0,0,0,0,0,0,0,0,0,0,0,0,0,0,0,0,0,0,0,0,0,0,0,0,0,0,0,0,0,0,0,0,0,0,0,0,0,0,0,0,0,0,0,0,0,0,0,0,0,0,0,0,0,0,0,0,0,0,0,0,0,0,0,0,0,0,0,0,0,0,0,0,0,0,0,0,0,0,0,0,0,0,0,0,0,0,0,0,0,0,0,0,0,0,0,0,0,0,0,0,0,0,0,0,0,0,0,0,0,0,0,0,0,0,0,0,0,3,0,0,0,0,0,0,0,0,0,0,0,0,0,0,0,0,0,0,0,0,0,0,0,0,0,0,0,0,0,0,0,0,0,0,0,0,0,0,0,0,0,0,0,0,0,0,0,0,0,0,0,0,0,0,0,0,0,0,0,0,0,0,0,0,0,0,0,0,0,0,0,0,0,0,0,0,0,0,0,0,0,0,0,0,0,0,0,0,0,0,0,0,0,0,0,0,0
"D238",0,0,0,0,0,74,0,0,0,96,0,0,0,0,0,0,0,0,0,0,0,0,0,0,0,0,0,3,0,44,0,0,4,0,0,0,0,0,0,0,0,0,0,0,0,0,14,1,0,0,0,8,0,0,0,0,0,0,0,0,0,0,0,0,0,0,840,0,0,0,0,0,0,0,0,0,0,0,0,0,0,0,0,0,0,0,51,0,0,3,0,0,10,0,154,0,0,0,0,0,0,0,0,0,8,0,0,0,55,0,0,0,0,0,0,0,0,0,0,0,0,0,0,0,0,0,0,0,0,0,0,0,0,0,0,0,0,0,0,0,0,0,0,0,0,5,0,0,14341,0,16,0,0,0,0,0,0,31,0,0,0,0,0,0,0,0,0,0,0,0,0,0,0,4,0,0,0,0,13,0,0,0,0,0,0,15945,0,0,0,0,0,0,0,98,8,0,0,0,0,6,0,10,0,0,0,0,0,0,0,0,0,0,0,0,0,0,377,0,0,0,0,0,0,0,0,0,0,0,0,0,27,0,0,0,0,7556,0,0,0,0,0,0,0,0,0,0,0,0,0,0,5,0,0,0,0,0,0,0,0,0,0,0,153,0,0,0,0,8,0,0,0,0,0,0,0,0,0,0,0,0,0,0,0,0,0,0,0,0,0,0,0,0,0,0,0,0,0,0,0,0,0,0,0,230,0,0,0,0,0,0,0,0,0,0,0,0,0,0,2,0,0,0,0,0,0,0,0,0,0,0,0,0,1279,0,0,0,0,0,0,0,0,0,0,19,0,0,0,0,0,0,0,2,0,0,0,0,0,0,0,0,0,0,0,0,843,0,0,3471,0,0,0,0,0,0,0,0,0,0,0,0,0,0,0,10,0,0,0,0,0,0,0,3,0,0,0,0,0,4,0,20,0,0,0,165,0,63,0,0,0,0,0,0,0,0,0,0,0,0,0,0,0,0,0,0,0,0,0,6,13,0,0,0,0,0,0,0,0,0,0,2,0,0,8,0,0,0,0,0,0,0,0,0,0,0,0,0,0,0,0,0,0,0,0,0,0,0,0,0,0,0,0,0,0,0,0,0,0,11,0,0,0,0,0,6,0,0,0,0,0,0,0,0,0,0,0,0,94,0,0,0,0,0,0,0,8,0,0,6456,0,0,0,0,0,0,0,0,0,0,0,0,0,0,0,0,0,0,0,0,0,1,0,9,248,0,0,0,0,0,0,0,0,0,0,0,0,0,0,0,0,0,0,0,0,0,0,0,0,0,0,0,0,0,0,0,0,0,0,39,0,4,0,0,0,7,0,0,0,0,0,0,0,0,0,0,2,0,0,0,0,0,0,0,0,0,0,0,0,0,0,0,0,0,0,0,0,0,2,0,0,4,5,0,0,0,0,0,0,0,0,0,2,0,0,0,5,0,0,0,11,48,54,0,0,0,0,0,0,0,0,0,2,0,35,0,0,0,0,116,0,0,0,0,0,0,0,0,0,0,0,0,0,0,0,0,0,3,0,0,0,739,0,3,0,0,0,0,0,0,0,6,0,0,0,0,0,0,0,0,3,0,0,0,0,0,32,0,0,0,0,0,0,0,0,0,0,0,0,0,0,0,0,0,0,0,0,0,0,0,0,0,0,0,0,0,0,4,0,43,149,0,3,0,0,0,0,0,0,0,0,0,0,0,0,0,0,0,0,0,0,0,0,0,0,0,0,0,0,0,0,0,0,0,0,0,0,0,0,0,0,0,0,0,0,19,0,0,0,0,0,0,0,0,0,227,10,0,0,0,0,0,0,0,0,0,0,0,0,0,0,0,0,0,0,0,0,0,0,0,0,0,0,0,0,0,9,6,0,0,0,0,0,0,0,0,0,0,1,0,0,0,0,0,0,0,0,0
"D239",4,0,3,0,0,0,0,2,0,0,11,0,0,1,7,0,0,1,7,0,0,0,4,0,0,0,0,0,0,0,0,0,0,0,0,0,0,0,0,0,0,0,0,0,8,0,0,0,28,0,0,0,8,8,0,8,0,3,0,1,0,0,2,0,0,0,0,0,26,12,0,9,0,1,0,0,17,0,0,0,0,0,0,0,6,104,0,0,0,9,0,0,0,4,2,0,0,0,0,0,0,0,0,0,51,0,0,0,0,0,0,4,16,0,0,0,0,0,0,172,0,0,0,0,0,0,2,1,4,1,8,0,3,0,0,16,0,0,0,0,0,0,0,0,16,122,0,0,2,0,0,2,0,0,0,0,3,0,0,1,0,0,0,0,0,0,10,10,0,0,0,0,6,0,0,3,0,0,0,0,3,0,0,40,0,0,0,6,3,0,0,0,0,0,0,0,3,3,6,0,21,0,9,0,3,42,0,94,2,3,0,0,3,0,0,0,0,0,0,0,0,0,0,0,0,3,0,0,5,0,62,0,0,0,0,0,19,0,0,0,4,0,0,0,0,0,0,0,0,0,4,0,35,0,0,0,3,0,0,0,9,0,0,0,0,0,0,0,3,0,0,0,0,0,0,0,4,3,7,0,0,0,0,0,0,0,0,0,0,0,45,0,0,0,0,4,2,3,4,0,0,0,0,0,0,3,7,0,17,9,0,0,0,14,0,0,0,1,4,189,0,0,0,3,0,0,2,0,0,0,0,11,0,0,0,7,0,11,0,0,0,0,0,3,0,0,0,55,0,0,0,0,0,0,63,4,0,0,0,0,0,0,0,0,0,0,0,23,0,0,1,11,0,0,3,0,0,4,0,5,0,0,3,0,0,46,0,0,0,3,0,0,1,0,0,229,0,76,0,0,0,1,16,0,3,0,0,0,0,0,23,0,0,3,0,0,0,0,12,4,3,0,0,0,0,0,0,0,0,0,1,0,0,38,6,0,2,0,4,0,0,97,2,2,9,0,0,0,0,0,4,0,0,37,0,0,0,0,0,0,0,0,2,0,10,0,20,169,0,0,0,7,0,0,7,0,0,0,0,5,11,38,0,3,12,0,0,0,62,69,0,0,0,0,0,0,0,0,0,0,0,0,6,0,0,4,116,0,0,19,11,3,0,0,0,2,0,17,0,0,0,2,2,0,0,0,15,0,0,0,0,0,0,0,0,0,2,0,18,0,13,0,0,0,184,0,0,0,0,0,0,0,18,0,1,0,0,0,4,6,0,30,9,0,0,0,0,0,11,0,0,0,0,84,1,0,0,0,0,3,0,0,0,0,0,3,15,0,0,5,4,0,0,0,0,0,0,0,10,0,0,0,0,0,0,0,3,0,0,0,0,1,0,0,0,0,7,77,0,0,0,0,0,0,2,0,0,0,0,0,0,0,0,25,0,3,4,0,0,17,0,0,0,0,0,0,0,12,0,0,1,0,0,0,2,51,0,0,25,0,0,0,0,4,4,0,0,0,0,0,0,0,0,0,3,0,0,5,2,0,0,0,0,0,0,0,0,3,0,3,0,1,0,0,0,0,0,9,0,0,0,0,0,24,0,35,0,0,0,0,0,81,0,0,5,0,0,0,0,0,0,0,0,0,0,22,0,0,0,0,56,46,2,7,14,0,0,0,0,0,4,0,3,51,0,0,8,0,0,27,0,3,0,4,0,0,35,0,0,0,2,0,0,0,0,0,3,0,0,1,6,17,34,0,0,0,90,0,0,0,0,0,40,0,0,0,0,0,0,27,0,5,0,0,1,8,0,38,0,2,0,0,7,0,1,0,0,0,0,0,15,4,0,2,0,0,3,0,0,7,4,0,18,2,0,33,0,0,6,2,0,0,0,6,0,65
"D240",0,0,0,0,0,0,0,0,0,0,116,0,0,0,77,0,0,0,0,16,49,0,0,0,0,0,0,0,0,2,0,0,0,0,0,0,0,0,454,0,0,0,0,0,757,0,1,28,0,0,0,0,0,0,0,0,11,0,148,0,219,0,0,0,0,0,0,0,0,12,0,0,0,0,2,0,0,0,0,0,0,0,0,0,0,217,0,178,0,0,0,0,0,0,0,0,0,61,2111,0,0,0,0,0,0,0,0,586,0,0,0,0,0,0,169,0,125,244,0,0,0,75,0,0,0,0,0,145,0,0,0,15,0,204,0,0,0,0,194,0,0,0,0,0,0,0,0,0,0,0,0,0,0,0,0,0,0,0,0,0,0,0,0,0,0,0,0,0,5,0,0,862,0,0,0,0,0,0,0,0,0,0,0,0,0,0,11,0,0,39,0,0,0,0,0,0,0,0,0,5,12,0,0,0,0,0,1078,0,0,0,0,12,0,4,0,0,0,23,0,0,0,0,0,0,0,0,0,86,0,0,0,0,0,0,0,0,0,4,0,0,0,0,0,0,0,0,325,0,0,4,0,0,0,0,20,0,0,0,0,0,0,0,0,1013,7,0,0,0,0,0,0,0,0,0,0,0,0,0,0,0,0,0,32,0,0,0,0,0,0,0,0,0,0,0,0,0,0,13,0,0,0,0,0,0,0,0,0,0,0,0,2,0,0,168,0,0,0,0,0,0,0,24,0,0,2,0,0,0,504,11,0,0,0,0,0,0,0,0,0,0,0,0,227,0,0,0,0,0,0,4,0,0,0,0,0,31,0,0,0,0,0,0,0,0,0,0,0,0,0,0,0,0,0,32,0,0,0,0,0,0,0,0,0,0,0,8,0,0,0,0,0,0,0,0,0,0,5,0,0,0,0,0,0,0,0,80,0,0,0,0,0,0,0,0,0,0,0,0,3,0,0,0,0,0,0,0,0,0,0,0,0,0,0,2,0,0,0,0,0,0,0,0,0,0,0,0,0,0,0,0,9,0,0,0,0,0,0,0,0,0,0,0,0,0,0,0,0,0,0,0,0,0,391,0,0,0,27,0,0,0,0,0,0,4,0,0,0,147,0,0,0,0,0,64,2870,0,0,0,0,0,0,136,0,261,0,18,0,0,2,0,0,0,0,0,155,0,0,0,0,0,0,0,0,0,0,0,0,0,0,0,0,0,0,0,0,0,0,11,322,0,0,0,0,19,0,18,0,0,0,0,0,0,0,1,0,549,0,96,0,144,0,0,0,0,0,262,0,0,0,0,0,0,0,0,0,0,0,0,0,0,0,0,0,0,0,0,0,12,0,0,0,0,0,0,0,154,147,0,0,50,93,0,0,0,0,0,53,0,0,0,0,0,0,0,339,0,0,0,0,4,0,0,15,0,0,0,0,370,0,0,0,29,0,0,192,0,0,0,0,0,0,0,0,0,43,0,0,0,0,0,0,0,27,0,0,0,0,0,10,163,0,0,0,0,0,0,0,1280,45,0,0,0,0,0,0,0,12,0,0,0,19,0,0,0,0,46,0,6,0,0,0,0,13,0,0,0,16,0,0,0,0,0,0,0,0,0,0,0,0,0,0,3,0,1158,0,0,47,0,0,0,0,0,0,0,4,0,0,0,0,0,0,1,0,0,0,364,5,0,0,0,0,0,0,0,0,0,0,929,0,0,0,0,0,0,0,0,0,603,0,0,0,0,0,85,0,0,0,0,0,0,0,0,0,0,0,0,0,0,0,0,38,0,0,0,0,0,0,0,0,0,0,0,0,0,0,0,0,0,0,0,0,0,0,0,0,0,0,0,0,0,0,0,0,0,0,1125,0,1132,0,0,0,0,0,0,0,0,0,0,23,0,0,0,0,0,1,0
"D241",0,0,0,0,0,8,0,0,0,7,0,0,2,0,0,0,0,0,0,0,0,0,0,0,0,0,0,0,0,17,0,0,0,0,0,0,0,4,0,0,0,0,0,0,0,0,0,0,0,0,0,0,0,0,0,0,0,0,0,0,4,0,0,0,0,0,0,4,61,0,0,0,0,0,0,0,0,0,0,0,0,0,0,519,0,0,0,0,0,2,0,0,0,0,0,0,0,0,0,0,0,0,0,0,0,0,0,0,0,0,0,0,0,0,0,0,0,0,0,0,0,0,0,0,0,0,0,0,13,0,0,0,0,0,0,0,0,0,0,0,0,7,0,0,0,0,0,0,307,0,4,0,0,0,0,0,0,10,0,0,0,0,0,0,0,0,0,0,0,0,0,0,0,10,0,0,0,0,0,0,0,0,0,0,0,27,0,0,0,0,0,0,0,0,0,0,0,0,0,0,0,0,0,0,0,0,0,6,0,0,0,0,0,0,0,0,0,0,0,0,0,0,0,0,0,0,0,0,0,0,0,0,0,0,0,83,0,0,0,0,0,0,0,0,0,0,0,0,0,0,555,0,0,3,0,0,0,0,0,0,0,0,0,0,0,0,0,0,0,0,0,0,0,0,0,0,0,0,0,0,0,0,0,0,0,0,0,0,0,0,0,0,0,0,0,0,0,0,0,0,0,8,0,9,7,0,0,0,0,0,0,0,0,0,0,0,0,0,0,0,0,0,0,0,0,0,1,0,0,0,0,0,0,0,0,0,0,0,0,0,0,0,0,0,0,0,0,0,13,0,0,0,0,0,0,0,0,0,0,0,0,0,0,0,184,0,0,12201,0,0,0,0,0,0,0,0,0,0,0,0,0,0,0,0,0,0,0,0,0,0,0,0,0,0,0,0,0,0,0,0,0,0,0,0,0,0,2,0,0,0,0,0,0,0,0,0,0,0,1072,0,0,0,0,0,0,66,0,0,0,0,0,0,0,0,0,0,0,0,0,0,0,0,0,0,0,2,0,0,0,0,0,0,0,0,0,0,0,0,0,0,0,0,0,0,0,0,18286,0,0,0,0,0,0,0,0,0,0,4,0,0,0,0,0,0,0,0,0,0,0,0,0,0,0,0,0,0,1,0,0,0,0,0,0,0,0,0,0,0,0,0,0,0,0,0,0,0,2,0,0,0,0,0,0,0,0,0,0,0,0,0,0,3,0,0,0,0,0,0,0,0,0,0,0,0,0,0,0,0,0,0,0,0,0,0,0,0,0,0,0,0,0,0,0,0,0,0,0,5,0,0,0,0,0,0,0,0,3,0,0,0,0,0,0,0,0,0,0,0,0,0,0,0,0,0,0,0,0,0,0,0,0,0,0,0,0,0,0,0,0,0,0,0,0,0,0,0,0,0,0,0,0,0,0,0,0,0,0,0,0,1,0,0,0,0,0,0,0,0,0,0,4,0,12,0,0,2,0,25,0,0,0,0,0,0,0,0,0,0,0,0,0,0,0,0,0,0,0,0,0,3,0,0,0,0,0,0,0,0,0,0,0,0,0,0,0,0,0,0,94,0,0,0,0,0,0,0,0,0,0,0,0,0,0,0,0,0,0,0,0,0,0,0,0,0,0,0,0,0,0,0,0,0,0,0,0,0,0,0,0,0,0,0,0,0,0,0,0,0,0,0,0,0,0,0,0,0,0,0,0,0,0,0,0,0,0,0,0,0,0,0,0,0,0,3,0,0,0,1115,0,0,0,0,0,0,0,0,0,0,0,0,0,0,0,0,0,0,0,0,0,0,0,0,0,0,0,0,0,0,0,0,0,0,0,0,0,0,0,0,0,0,0,0,0,0,0,0,0,0,0,0,0,0,0,0,0,0,0,59,0,0,0,0,0,0,0,0
"D242",1,10,36,0,0,0,0,5,27,0,3,0,0,0,0,11,84,0,3,21,4,2,17,89,48,2,2,6,7,0,8,32,25,5,9,3,171,0,0,0,32,0,0,2,113,10,3,0,0,0,21,0,19,0,110,156,28,36,19,38,0,0,0,1,18,0,0,0,256,0,52,0,0,1,0,18,9,0,0,15,11,13,0,0,0,27,0,0,91,2,9,7,0,3,0,0,0,0,0,0,94,9,4,27,0,21,14,0,0,4,8,2,0,48,0,0,0,0,0,20,4,0,3,0,16,0,0,0,4,0,0,0,0,2,81,39,0,57,0,16,0,0,0,48,5,287,15,1,0,11,0,0,12,6,0,4,0,0,0,22,0,0,33,0,3,27,0,8,7,3,10,0,0,0,8,114,2,2,0,0,7,31,0,28,6,0,0,11,2,0,0,0,6,0,0,2,0,2,5,0,15,0,3,0,0,0,0,20,0,7,3,0,10,0,2,54,0,0,16,0,2,0,2,23,10,4,38,0,3,10,0,13,5,16,2,0,21,0,32,0,0,0,13,2,0,3,0,0,11,0,0,0,11,0,0,0,0,30,3,12,3,0,0,0,0,32,5,0,29,0,25,0,10,0,0,2,6,0,0,1,2,0,0,9,0,15,3,29,0,37,0,38,0,0,3,0,17,0,3,17,17,0,8,0,0,13,1,16,0,0,0,11,0,0,7,33,158,0,0,80,6,0,0,0,0,0,0,0,1,0,0,0,0,0,0,0,21,11,0,0,0,0,0,0,5,11,2,143,0,0,0,57,1,3,2,0,0,1,3,0,0,0,0,8,0,0,27,0,20,0,5,0,1,0,27,0,1,0,5,9,4,22,30,0,11,0,3,4,0,11,0,0,40,9,0,2,0,196,0,0,1,4,0,0,2,0,5,5,0,0,97,53,2,0,13,17,5,0,38,11,41,0,6,21,258,6,33,0,0,18,0,8,5,47,1,0,0,0,0,0,3,51,0,8,18,0,0,2,59,0,8,47,19,2,29,6,3,0,0,0,4,56,287,0,0,0,8,4,31,2,8,15,0,0,68,0,5,0,30,36,0,81,3,0,3,0,9,0,11,13,19,0,0,0,0,2,0,4,54,0,11,0,0,7,0,3,1,0,0,36,5,36,6,24,0,0,17,12,4,0,0,0,5,0,0,75,41,9,88,48,5,0,0,143,0,4,4,1,0,0,83,36,5,0,9,7,0,34,0,0,2,4,0,0,0,0,0,0,0,0,0,0,0,53,49,0,49,0,5,0,0,6,2,2,8,8,0,0,4,0,0,0,45,10,0,10,0,0,44,0,53,0,0,0,3,0,0,16,0,0,0,1,34,0,0,0,1,66,0,0,0,20,20,32,0,0,2,0,37,0,0,0,0,4,3,11,0,0,0,0,1,0,10,12,0,3,0,1,14,80,0,8,0,0,0,0,2,20,0,2,2,30,0,9,9,176,2,7,37,0,2,0,46,4,32,0,0,0,0,0,2,0,4,0,5,28,0,0,87,0,0,0,14,0,0,0,17,0,0,22,0,16,0,0,2,5,0,241,52,9,35,0,0,2,1,16,56,4,0,0,3,131,3,0,13,0,0,3,0,10,14,6,0,0,0,162,13,0,624,14,167,7,11,0,1,0,5,4,0,45,0,98,13,37,0,0,0,0,8,11,5,12,0,6,0,3,73,0,4,0,1,22,0,0,0,0,5,0,7,0,8,1,101,0,0,0,30,21,0,0,0,0,82,1,2,0,4,0,11,52,15,4,15,0,23,0,44,53,11,0,0,0,25,88,2,0,4,5,78,28,0,4,7,0,0,0,7,0,7,11,1,0,0,18,0,29,73,0,0,5,3,0,4,0,0,0
"D243",0,0,0,0,0,0,0,0,0,0,0,0,0,0,0,0,0,0,0,0,0,0,0,0,0,0,0,0,0,0,0,0,0,0,0,0,0,0,0,0,0,0,0,0,0,0,0,0,0,0,0,0,0,0,0,0,0,0,0,0,0,0,0,0,0,0,0,0,0,0,0,0,0,0,0,0,0,0,0,0,0,0,0,0,0,0,0,0,0,0,0,0,0,0,0,0,0,0,0,0,0,0,0,0,0,0,0,3,0,0,0,0,0,0,0,0,0,0,0,0,0,0,0,0,0,0,0,0,0,0,0,0,0,0,0,0,0,0,0,0,0,0,0,0,0,0,0,0,2,0,0,0,0,0,0,0,0,0,0,0,0,0,0,0,0,0,0,0,0,0,0,0,0,0,0,0,0,0,0,0,0,0,0,0,0,0,0,0,0,0,0,0,0,0,0,0,0,0,0,0,0,0,0,0,0,0,0,0,0,0,0,0,0,0,0,0,0,0,0,0,0,0,0,0,0,0,0,0,0,0,0,0,0,0,0,0,0,0,0,0,0,0,0,0,0,0,0,0,0,0,0,0,0,0,0,0,0,0,0,0,0,0,0,0,0,0,0,0,0,0,0,0,0,0,0,0,0,0,0,0,0,0,0,0,0,0,0,0,0,0,0,0,0,0,0,0,0,0,0,0,0,0,0,0,0,0,0,0,0,0,0,0,0,0,0,0,0,0,0,0,0,0,0,0,0,0,0,0,0,0,0,0,0,0,0,0,0,0,0,0,0,0,0,0,0,0,0,0,0,0,0,0,0,0,0,0,0,0,0,0,0,0,0,0,0,0,0,0,0,0,0,0,0,0,0,0,0,0,0,0,0,0,0,0,0,0,0,0,0,0,0,0,0,0,0,0,0,0,0,0,0,2,0,0,0,0,0,0,0,0,0,0,0,0,0,0,0,0,0,0,0,0,0,0,0,0,0,0,0,0,0,0,0,0,0,0,0,0,0,0,0,0,0,0,0,0,0,0,0,0,0,0,0,0,0,0,0,0,0,662,0,0,0,0,0,0,0,0,0,0,0,0,0,0,0,0,0,0,0,0,0,0,0,0,0,0,0,0,0,0,0,0,0,0,0,0,0,0,0,0,0,0,0,0,0,0,0,0,0,0,0,0,0,0,0,0,0,0,0,0,0,0,0,0,0,0,0,0,0,0,0,0,0,0,0,0,0,0,0,0,0,0,0,0,0,0,0,0,0,0,0,0,0,0,0,0,0,0,0,0,0,0,0,0,0,0,0,0,0,0,0,0,0,0,0,0,0,0,0,0,0,0,0,0,0,0,0,0,0,0,0,0,0,0,0,0,0,0,0,0,0,0,0,0,0,0,0,0,0,0,0,0,0,0,0,0,0,0,0,0,0,0,0,0,0,0,0,0,0,0,0,0,0,0,0,0,0,0,0,0,0,0,0,0,0,0,0,0,0,0,0,0,0,0,0,0,0,0,0,0,0,0,0,0,0,0,0,0,0,0,0,0,0,0,0,0,0,0,0,0,0,0,0,0,0,0,0,0,0,0,0,0,0,0,0,0,0,0,0,0,0,0,0,0,0,0,0,0,0,0,0,0,0,0,0,0,0,0,0,0,0,0,0,0,0,0,0,10,0,0,0,0,0,0,0,0,0,0,0,0,0,0,0,0,0,0,0,0,0,0,0,0,0,0,0,0,0,0,0,0,0,0,0,0,0,0,0,0,0,0,0,0,0,0,0,0,0,0,0,0,0,0,0,0,0,0,0,0,0,0,0,0,0,0,0,0,0,0,0,0,0,0,0,0,0,0,0,0,0,0,0,0,0,0,0,0,0,0,0,0,0,0,0,0,0,0,0,0,0,0,0,0,0,0,0,0
"D244",17,203,421,94,0,0,1,14,28,0,0,0,0,6,8,26,588,2,30,4,11,35,43,328,0,2,9,249,3,0,107,0,706,33,18,67,0,0,0,0,214,42,479,4,522,0,10,0,69,10,6,0,0,16,0,333,0,518,0,126,0,0,17,2,21,37,0,9,68,0,157,15,0,9,0,13,42,0,2,173,293,7,0,2,13,18,0,0,267,3,34,84,0,5,0,23,2,0,0,14,86,0,0,0,0,20,0,0,0,0,32,148,5,0,0,0,0,3,2,345,0,0,2,3,7,0,0,23,52,89,3,0,11,0,6,10,6,0,0,0,0,0,0,0,2,370,1,12,0,9,0,19,45,20,3,138,73,0,43,109,0,0,237,31,110,36,653,183,8,13,9,0,61,0,86,2022,12,0,0,21,3,0,11,360,0,0,0,73,4,0,16,2,0,0,0,0,4,35,77,0,199,0,23,88,0,100,0,37,71,41,0,0,54,0,11,252,0,0,0,30,15,43,0,285,125,29,9,0,136,52,0,15,20,103,235,0,42,0,31,66,144,38,7,74,86,47,0,0,0,0,26,17,17,1,0,5,10,49,17,0,15,65,0,0,0,112,1,0,137,0,45,200,37,0,42,32,94,23,0,8,68,20,0,7,44,0,141,74,0,117,694,31,20,3,7,3,6,0,14,25,83,3,4,0,0,44,31,201,0,0,0,4,83,0,0,0,12782,26,0,452,383,0,5,0,0,8,0,16,1,0,0,0,0,0,0,34,1205,202,9,3,0,0,0,11,0,5,5,540,0,0,15,3,116,0,91,4,0,20,14,0,95,0,3,137,0,0,91,0,0,0,474,0,34,0,168,34,4,6,36,9,2,61,0,0,27,3,56,98,25,131,0,599,131,3,70,45,0,568,0,0,3,10,2,2,4,37,4,37,2,0,152,475,0,0,54,88,187,0,36,69,153,0,8,187,75,62,232,51,0,0,115,0,2,279,2,20,0,0,17,0,77,103,47,71,33,0,0,2,97,0,0,101,117,26,177,38,16,64,0,0,49,34,78,0,191,123,92,143,84,124,29,628,0,63,0,301,0,1,1525,68,0,304,0,0,176,0,57,0,151,370,254,0,0,0,0,2,0,359,220,37,26,0,6,0,14,2,278,4,20,22,0,68,31,2,0,7,17,71,19,0,8,3,3,170,3,573,14,17,88,0,325,0,0,345,0,1,0,0,0,0,1462,219,48,2,278,8,51,84,0,0,11,11,328,0,5,0,0,0,0,0,0,106,49,0,0,1,0,0,29,0,2,0,7,309,45,2,0,0,15,24,0,4,11,46,0,25,9,17,126,11,1492,1,0,45,26,0,0,121,19,0,0,16,6,3,0,23,16,29,0,0,0,89,5,17,0,26,449,112,516,0,3,0,6,17,441,0,0,0,0,7,6,0,2341,30,0,11,26,119,3,280,2,332,0,25,0,0,26,49,0,32,13,8,0,54,164,0,4,3,31,0,193,0,90,78,205,0,15,0,0,0,27,0,264,0,43,133,0,45,50,203,0,0,2,0,3,0,2,0,8,9,0,488,0,0,0,0,0,1810,1902,111,1,36,0,35,6,17,0,24,0,54,5,27,92,0,0,11,51,1,0,58,40,36,15,0,0,285,351,0,29,10,211,123,38,343,48,0,26,16,0,453,9,0,56,0,33,43,0,0,40,0,28,12,29,49,82,0,199,0,51,2,39,72,4,0,8,0,19,0,16,126,54,4,335,0,1,0,64,19,64,7,0,6,476,0,2,2,24,0,34,0,56,164,123,5,293,154,37,1363,7,3,0,0,6,27,4,9,13,34,0,0,0,3,0,184,0,0,77,21,12,32,16,0,4,0,134,898,25,0,0,23,11,8,22,16,1,90
"D245",4,0,3,0,0,7,0,0,0,0,0,0,317,0,0,0,0,0,0,0,0,0,0,0,0,0,0,0,0,232,0,0,0,0,0,0,0,41,0,0,0,0,0,0,0,0,0,0,0,0,0,0,0,0,0,0,0,0,0,0,0,0,0,0,0,0,0,0,0,0,0,0,0,0,0,0,0,0,0,0,0,0,0,0,0,0,44,0,0,0,0,0,3,0,28,0,0,0,0,0,0,0,0,0,0,0,3,0,32,0,0,0,0,0,0,5,0,0,0,0,0,0,0,0,0,0,0,0,0,0,0,0,0,0,0,0,0,0,0,0,0,88,2,0,0,0,0,0,0,0,10,0,0,0,2,0,0,34,0,0,0,0,0,0,0,0,0,0,0,0,0,0,0,0,0,0,0,0,13,0,0,0,0,0,0,0,0,0,0,0,0,0,0,5,6,0,0,0,0,0,0,0,0,0,0,0,0,0,0,0,0,0,0,0,0,0,79,0,0,0,0,0,0,0,0,0,0,0,0,0,6,0,0,0,0,13,0,87,0,0,0,0,0,0,0,0,0,0,0,0,0,0,0,0,0,0,0,0,0,0,0,0,34,0,0,0,2,6,0,0,0,0,0,0,0,0,0,0,0,0,0,0,0,0,0,0,0,0,0,0,0,0,0,0,0,1,0,0,0,0,0,0,0,23,6,0,0,0,0,0,0,0,0,0,0,0,6,0,0,0,0,0,0,0,0,0,0,0,0,0,0,0,4,0,0,0,0,0,0,2,2,0,0,259,0,0,0,0,0,0,0,0,0,0,0,0,0,0,0,0,3,0,5,0,495,6,0,27,0,0,0,0,0,0,0,0,0,0,0,0,0,1,0,454,0,0,0,0,119,0,0,0,0,1,0,0,0,0,75,0,0,0,0,0,0,0,0,0,0,0,0,0,0,0,0,0,0,1,0,0,0,0,0,0,0,4,0,0,416,0,0,0,0,0,0,0,0,0,0,10,0,0,0,0,0,0,0,0,0,0,0,0,0,0,0,0,0,0,0,0,0,0,0,0,0,0,0,0,0,0,0,0,0,0,0,0,0,0,0,0,2,0,0,3,0,0,0,0,0,0,0,0,3,0,0,0,11,0,0,0,0,0,0,0,0,0,0,5,0,0,0,0,0,0,0,0,395,0,0,0,0,0,0,0,0,0,0,0,0,0,0,7,453,0,0,0,0,0,0,178,0,0,0,0,0,0,0,0,0,36,0,0,0,0,0,0,0,0,0,0,0,0,0,0,0,0,0,5,0,28,0,0,0,0,0,0,16,0,0,0,0,0,0,0,0,0,0,0,0,0,0,0,1,2,0,0,0,0,0,0,0,0,0,0,0,0,0,0,0,12,0,0,0,0,0,0,0,0,0,0,0,0,0,0,0,0,0,0,0,0,10,0,0,0,0,0,0,0,0,0,2,0,54,0,0,0,0,17,4,0,0,0,0,0,0,0,0,0,0,0,0,0,0,0,0,0,0,0,0,89,0,56,0,86,0,0,3,0,0,0,0,0,0,0,0,0,0,0,106,0,0,0,0,13,0,0,0,2,0,0,0,0,0,0,0,0,0,0,0,0,0,0,0,0,0,0,0,0,6,0,0,0,2,0,0,0,0,0,3,0,0,0,0,0,2,0,0,0,0,0,0,0,0,0,2,0,0,0,0,0,0,0,0,0,0,0,0,0,0,0,0,0,0,0,0,0,0,0,0,0,0,0,0,6,0,0,0,0,0,0,0,0,0,352,40,0,0,0,0,0,0,0,2,0,2,0,0,0,0,0,0,0,0,0,0,0,0,0,4,2,0,0,0,0,5,0,0,0,0,0,0,0,0,0,0,0,0,0,0,0,0,0,0,1,0,0
"D246",0,0,0,0,0,103,0,0,0,0,0,0,0,0,0,0,0,0,0,0,0,0,0,0,0,0,0,0,0,0,0,0,0,0,0,0,0,0,0,0,0,0,0,0,0,0,0,0,0,0,0,0,0,0,0,0,0,0,0,0,0,0,0,0,0,0,0,0,0,0,0,0,0,0,0,0,0,0,0,0,0,0,0,0,0,0,0,0,0,0,0,0,0,0,0,0,0,0,0,0,0,0,0,0,0,0,0,0,0,0,0,0,0,0,0,0,0,0,0,0,0,0,0,0,0,0,0,0,0,0,0,0,0,0,0,0,0,0,0,0,0,4,0,0,0,0,0,0,13,0,99,0,0,0,0,0,0,0,0,0,0,0,0,0,0,0,0,0,0,0,0,0,0,0,0,0,0,0,0,0,0,0,0,0,0,25,0,0,0,0,0,0,0,0,3,0,0,0,0,0,0,0,0,0,0,0,0,0,0,0,0,0,0,0,0,0,0,0,0,0,0,0,0,0,0,0,0,0,0,0,0,0,0,0,0,23,0,0,0,0,0,0,0,0,0,0,0,0,0,0,0,0,0,0,0,0,0,0,0,0,0,0,0,0,0,0,0,0,0,0,0,0,0,0,0,0,0,0,0,0,0,0,0,0,0,0,0,0,0,0,0,0,0,0,0,0,0,0,0,0,0,0,0,38,0,0,0,0,0,0,0,0,0,0,8,0,0,0,0,0,0,0,0,0,0,0,0,0,0,0,0,0,0,0,0,0,0,0,0,0,0,0,0,0,0,0,0,0,0,0,0,0,0,0,0,0,0,0,0,0,0,0,0,0,17,0,0,0,0,0,0,0,0,0,0,0,0,0,0,0,0,0,0,0,0,0,0,0,0,0,0,0,0,0,0,0,0,0,0,0,0,0,0,0,0,0,0,0,0,0,0,0,0,0,0,0,0,0,0,0,0,0,0,0,0,0,0,0,0,0,0,0,0,0,0,0,0,0,0,0,0,0,0,0,0,0,0,0,0,0,0,0,0,0,0,0,0,0,0,0,0,0,0,0,0,0,0,0,0,0,0,0,0,0,0,0,0,0,0,0,0,0,0,0,0,0,0,0,0,0,0,0,454,0,0,0,2,0,0,0,0,0,0,0,0,0,0,0,0,0,0,0,0,0,0,0,0,0,0,0,0,0,0,0,0,0,0,0,0,0,0,0,0,0,0,0,0,0,0,0,0,0,0,0,0,0,0,0,0,0,0,0,0,0,0,0,0,0,0,0,0,0,0,0,0,0,0,92,0,0,0,0,0,0,0,0,0,0,0,0,0,0,0,0,0,0,0,0,0,0,0,0,0,0,0,0,0,0,0,0,0,0,0,0,0,0,0,0,1894,0,0,0,0,0,0,0,0,0,0,0,0,0,0,0,0,0,0,0,0,0,0,0,0,0,0,0,0,0,0,0,0,0,0,0,0,0,0,0,0,0,0,0,0,0,0,0,0,0,0,0,0,0,0,0,0,0,0,0,0,47,0,0,0,0,0,0,0,0,0,0,0,0,0,0,0,0,0,0,0,0,0,0,0,0,0,0,0,0,0,0,0,0,0,0,0,0,0,0,0,0,0,0,0,0,0,0,0,0,0,0,0,0,0,0,0,0,0,5,0,0,0,0,0,0,0,0,0,0,0,0,0,0,0,0,0,0,0,0,0,0,0,0,0,0,0,0,0,0,0,0,0,0,0,0,0,0,0,0,0,0,0,0,0,0,0,4,0,0,0,0,0,0,0,3,0,0,0,0,0,0,0,0,0,0,0,0,0,0,0,0,0,0,0,0,0,0,0,0,0,0,0,0,0,0,0,0,0,0,0,0,0,0,0,0,0,0,0,0,0,0,0,0,0,0,0,0
"D247",1,0,11,32,0,0,0,5,0,0,7,3,0,0,0,0,0,112,0,0,0,0,0,0,8,9,0,0,3,0,0,0,0,0,0,0,0,0,0,0,0,26,0,0,0,0,7,0,0,0,2,0,6,0,0,0,115,0,150,2,0,0,0,3,0,0,0,13,4,0,0,142,0,0,16,5,0,0,0,0,0,0,0,0,3,0,0,59,0,4,0,0,0,0,0,0,0,0,0,11,0,8,0,0,340,0,4,0,110,0,0,0,3,0,0,0,0,0,2,0,0,0,0,0,0,56,0,0,0,0,0,0,11,0,2,0,0,54,0,224,0,3,0,0,35,5,0,2,2,60,0,0,0,0,1,0,0,0,0,0,3,0,0,11,7,0,0,0,5,0,0,55,0,0,0,0,0,0,0,6,31,3,0,4,9,0,0,0,0,0,7,3,2,0,0,0,0,0,0,123,4,0,3,0,0,0,0,51,0,0,0,0,0,0,0,0,0,0,0,0,0,0,0,0,0,0,0,11,0,0,0,6,0,0,0,0,0,0,17,32,0,4,0,0,0,0,0,3,104,0,24,125,0,0,0,4,3,0,0,2,0,0,0,0,0,3,0,0,16,0,0,0,0,0,0,0,8,2,0,0,0,0,0,0,0,0,0,57,0,0,0,0,0,0,0,0,0,0,0,0,2,0,0,2,0,0,0,0,80,7,0,0,0,0,0,0,0,0,26,0,0,0,1,1,134,0,0,8,0,81,0,12,0,0,2,0,0,0,0,0,0,3,0,0,0,1,5,13,0,0,0,0,0,0,0,313,0,1141,0,0,0,0,0,0,0,0,0,0,0,0,0,0,3,0,1,0,1,0,0,2,0,4,0,0,0,0,0,0,0,5,0,0,0,0,0,0,0,342,0,229,0,0,0,12,0,0,71,0,0,0,0,5,0,0,6,0,3,0,11,0,0,17,0,0,0,0,0,0,0,0,0,0,0,2,0,0,2,0,66,0,0,0,0,1,0,0,0,0,0,0,0,0,0,0,0,0,2,0,0,0,3,0,0,3,3,0,0,0,0,0,0,0,0,0,0,0,0,84,0,0,0,1,0,175,0,0,6,0,12,0,91,17,0,0,0,0,0,0,0,0,0,6,0,6,0,0,37,0,0,0,0,5,0,0,381,0,0,0,0,0,3,0,0,0,5,0,0,0,0,0,2,3,0,0,4,14,0,9,0,0,0,0,0,0,134,0,0,4,12,0,0,0,0,131,1,0,0,0,0,26,4,7,0,0,0,0,2,0,13,0,2,0,0,0,0,5,0,0,0,0,0,0,3,46,14,0,75,3,0,0,0,85,3,0,0,11,0,0,0,85,0,0,41,0,3,0,8,0,0,0,1,0,0,12,0,0,0,0,0,0,2,11,43,0,0,0,0,0,5,0,0,27,0,0,5,3,8,0,0,0,0,0,0,0,0,0,11,203,0,10,2,0,23,0,0,0,0,1,284,0,0,0,0,0,0,2,0,0,0,0,0,0,12,0,0,0,0,0,102,0,0,0,2,1,0,211,0,0,0,0,0,0,0,0,23,0,0,14,0,0,0,0,0,0,0,1,0,0,0,0,0,0,0,0,0,0,0,0,0,0,5,0,0,0,0,0,0,0,0,2,80,30,5,0,0,0,0,0,0,0,0,0,0,19,0,1,4,0,0,0,0,0,13,0,0,0,0,2,7,0,0,0,2,78,4,5,0,13,0,0,23,0,2,0,0,0,77,10,24,7,0,0,104,0,9,2,3,0,0,6,0,0,0,0,0,40,2,3,0,0,16,100,9,0,2,0,0,2,5,0,6,0,47,0,0,3,0,0,0,7,0,7,0,0,0,76,0,0,16,0,0,0,0,0,15,0
"D248",53,0,0,0,0,0,0,51,0,2,0,0,0,0,0,0,0,0,0,0,0,0,0,0,0,0,0,0,0,0,0,0,0,0,0,0,0,0,0,0,0,0,0,0,0,0,0,0,0,0,0,0,0,0,0,0,0,0,0,0,0,0,0,0,0,0,0,0,0,0,0,0,0,0,0,0,0,5,0,0,0,0,0,0,0,0,0,0,0,0,0,0,0,0,0,0,0,0,0,0,0,0,0,0,0,13,0,0,0,0,0,0,0,0,0,0,0,0,0,0,0,0,0,0,0,0,0,0,23,0,0,0,0,0,0,0,0,0,0,9,0,0,0,131,0,0,0,0,0,0,0,0,0,0,276,0,0,0,0,0,0,0,0,0,0,0,0,0,0,0,0,2,0,0,0,0,0,0,0,0,0,0,0,0,0,0,0,0,0,0,0,0,0,0,0,0,0,0,0,0,0,0,0,0,0,0,0,6,0,0,0,0,0,0,0,0,0,0,0,0,0,0,0,0,0,0,210,0,0,0,76,0,0,0,0,0,0,0,0,0,0,0,0,0,0,0,0,0,0,0,333,0,0,0,0,0,0,0,0,0,0,0,0,0,0,0,0,0,0,0,0,0,0,0,0,0,0,0,0,0,0,0,0,0,0,0,0,0,0,0,0,0,0,0,0,0,0,0,0,0,0,0,62,0,0,0,0,0,0,0,0,0,0,0,49,0,0,0,0,0,0,0,0,0,0,0,0,0,0,0,0,0,0,0,0,0,0,0,0,0,0,0,0,0,0,0,0,0,0,0,0,0,0,0,0,0,0,0,0,293,0,0,0,0,0,0,0,0,0,0,0,0,0,0,0,0,0,0,0,0,0,0,0,0,0,0,0,0,18,0,0,0,0,0,0,0,0,0,0,0,0,0,0,0,0,0,0,0,0,0,0,0,0,0,0,0,0,0,5,0,0,0,0,0,0,0,0,0,0,0,0,0,0,0,0,0,0,0,0,0,0,0,0,0,0,0,7,0,0,9,0,0,0,0,0,0,0,0,1,0,0,0,0,0,0,0,17,0,2,0,0,0,0,0,0,0,0,301,0,0,0,0,0,0,0,0,0,0,0,0,0,0,0,0,0,7,0,0,0,190,0,0,0,0,0,0,0,0,0,0,0,0,0,0,0,0,0,0,0,0,0,0,0,0,0,0,0,0,0,0,0,0,0,0,0,0,0,0,0,0,0,0,0,0,0,0,0,0,0,0,0,0,0,0,0,0,0,0,0,0,0,0,0,0,0,0,0,0,0,0,0,0,0,0,0,0,0,0,0,0,0,0,0,0,0,0,0,0,0,0,0,0,10,0,0,0,0,0,0,0,0,0,0,0,0,0,0,0,0,2,53,0,0,0,0,0,0,0,0,0,0,0,0,0,0,0,0,0,0,16,0,0,0,0,0,0,0,0,0,0,0,0,0,0,0,0,0,0,0,0,0,0,0,0,0,0,0,15,0,0,0,4,0,0,0,0,0,0,0,0,0,0,0,0,0,0,0,0,0,0,0,0,0,0,0,0,0,0,0,0,0,0,0,0,0,0,0,0,0,0,0,0,0,0,0,0,0,0,0,0,0,0,0,0,0,132,0,0,0,0,0,0,0,0,0,0,0,0,22,0,0,0,0,0,0,0,0,0,0,0,0,0,0,0,47,0,0,0,0,0,0,0,0,0,0,0,8,0,0,0,0,0,0,0,0,9,0,0,0,0,0,0,0,0,0,0,0,0,0,0,0,0,0,0,0,0,0,0,0,0,0,0,0,0,0,0,0,119,0,0,0,0,0,0,0,0,0,0,0,0,0,0,0,0,0,0,0,0,0,0,0,0,0,0,0,0,0,0,0,0,0,0,0,0,0,0
"D249",0,30,28,0,0,0,4,7,4,0,2,0,0,0,11,21,70,1,4,0,2,3,4,120,0,0,6,109,2,0,9,0,175,18,28,41,0,0,0,0,9,0,76,5,142,0,0,0,22,7,7,0,0,7,1,118,0,122,0,28,0,0,174,40,3,17,0,5,31,0,29,2,0,11,0,3,10,0,0,71,146,0,0,9,4,6,0,0,53,2,1,20,1,1,0,0,0,0,0,7,20,0,0,0,6,0,0,0,0,0,15,38,2,7,0,0,0,0,2,112,0,0,0,43,2,0,0,2,1,21,0,0,0,0,14,28,0,5,0,0,15,0,0,9,1,169,0,2,0,5,0,17,31,3,0,87,5,0,4,17,0,0,24,7,32,23,167,79,0,0,0,0,17,0,26,437,8,0,0,0,7,10,0,116,0,0,0,44,9,0,0,20,0,0,0,0,0,4,17,0,53,0,5,14,0,35,0,13,6,17,0,0,11,0,1,58,0,0,0,19,3,27,0,54,49,1,5,1,58,5,0,6,2,11,48,0,29,0,4,3,43,41,0,10,13,45,0,0,0,0,4,38,21,3,0,0,4,28,7,0,10,56,0,0,0,17,0,0,8,0,7,0,0,0,3,4,15,2,9,2,22,4,0,6,6,0,62,32,0,39,381,9,9,22,14,0,0,0,10,2,21,0,2,0,0,1,10,113,30,0,0,10,33,0,0,0,5143,25,0,145,53,0,8,0,0,3,0,0,0,7,0,3,0,18,0,19,394,19,2,0,0,1,0,0,0,1,0,63,0,0,3,0,26,1,4,0,0,0,5,0,29,0,2,54,0,0,24,0,0,2,109,0,0,0,40,3,1,9,10,0,12,2,8,0,5,0,55,11,0,10,8,20,27,0,27,19,0,235,0,0,0,6,6,0,1,4,0,11,0,0,40,191,0,0,12,19,21,0,2,2,48,0,2,56,48,7,17,15,0,0,24,0,2,97,2,4,0,3,14,0,9,40,24,48,10,0,0,3,39,0,0,99,14,7,55,11,9,16,0,0,3,2,31,12,109,32,46,17,14,107,49,182,0,23,16,104,0,0,358,12,0,60,0,0,6,0,12,0,54,97,57,0,0,0,0,0,0,68,184,0,16,0,5,0,3,2,98,0,19,3,0,15,2,2,0,1,3,72,16,0,0,2,1,9,0,410,0,7,39,0,57,0,0,238,0,0,2,0,0,0,389,66,14,0,119,4,42,31,0,0,2,1,43,0,0,0,0,0,9,0,0,40,6,1,0,2,14,0,18,0,0,0,3,293,9,4,0,0,12,5,0,24,7,5,0,25,13,0,14,4,34,0,0,9,7,0,0,9,15,0,0,11,1,10,0,4,24,65,0,0,0,16,0,12,0,10,81,70,79,0,0,0,0,0,67,0,0,0,0,0,6,0,887,27,0,2,4,36,5,63,3,23,0,13,0,0,22,10,0,13,10,5,0,4,49,0,0,0,14,0,74,0,11,42,22,0,23,0,0,0,11,0,61,0,66,56,0,12,12,38,0,0,0,0,0,0,0,0,0,3,0,82,0,0,0,0,0,559,447,51,2,11,0,10,3,1,0,11,0,11,0,19,21,0,1,0,37,2,0,8,9,16,9,0,0,117,23,0,4,3,101,38,8,146,6,0,12,5,0,49,3,0,3,12,6,11,0,0,9,7,22,5,45,10,0,0,32,0,21,0,141,40,0,0,0,0,8,0,24,80,11,0,62,0,0,0,34,8,10,3,0,33,76,0,2,0,12,0,0,1,13,30,24,4,55,83,13,44,1,10,1,0,5,8,0,9,6,19,0,0,0,1,0,36,0,0,41,3,0,5,1,0,1,0,15,285,16,0,0,3,10,0,8,3,0,2
"D250",2,0,9,0,2,0,0,0,0,4,6,0,0,5,0,21,0,0,2,0,0,0,0,0,0,0,5,0,0,0,0,0,2,0,0,0,0,0,0,0,0,4,0,5,0,0,0,0,39,0,0,0,2,4,0,0,7,1,0,0,0,2,0,0,0,2,0,0,54,4,0,5,0,0,0,2,7,0,0,4,0,0,0,0,0,97,0,0,0,14,2,0,0,0,2,0,0,0,0,0,5,0,0,0,78,9,0,0,0,0,0,6,4,0,0,0,0,0,0,276,0,0,0,0,0,7,0,0,0,0,0,0,3,0,0,4,0,0,0,0,0,0,0,0,12,231,0,0,0,0,0,0,0,0,0,0,2,0,0,32,4,0,0,0,0,0,0,15,0,0,0,0,3,0,0,2,0,0,0,0,0,0,2,13,0,0,0,0,1,0,0,0,0,0,0,0,8,2,3,2,11,0,19,2,0,24,0,85,0,0,0,14,0,0,0,0,0,0,0,0,17,0,0,0,0,0,9,1,8,0,35,1,0,5,0,0,43,0,0,0,1,0,0,0,0,0,0,0,6,0,24,0,6,0,0,10,3,3,0,7,13,0,0,0,0,0,0,0,4,0,0,0,0,0,0,0,0,9,5,0,0,0,0,0,0,0,0,0,0,0,58,0,0,0,0,0,2,1,4,2,0,0,0,0,0,0,0,0,34,13,0,0,0,10,0,0,0,4,3,176,0,0,0,3,0,0,1,0,0,0,0,6,0,0,0,0,0,7,0,0,0,0,0,0,0,0,0,15,0,0,0,0,1,0,87,2,0,0,0,0,0,0,0,0,0,0,0,0,0,0,5,10,3,0,0,0,0,2,0,0,0,0,2,0,0,26,0,0,0,0,0,0,14,0,0,172,0,38,0,0,0,0,0,3,5,0,0,0,0,2,0,0,0,3,4,0,0,0,18,0,0,0,0,0,0,0,0,3,0,0,15,0,0,28,8,2,3,0,0,0,0,66,21,5,1,0,0,0,0,0,0,0,0,38,0,0,0,0,0,0,0,0,1,0,8,0,45,65,0,0,0,17,0,6,0,0,0,0,0,0,36,48,2,11,13,0,0,0,13,34,0,4,0,0,0,0,0,0,0,0,0,3,0,0,2,0,71,0,1,6,11,3,0,0,0,5,5,37,0,0,0,4,0,0,0,0,5,0,0,0,0,0,0,0,0,0,0,0,1,0,14,3,0,0,211,0,0,0,0,0,0,0,19,0,0,0,0,0,1,5,0,10,19,0,0,10,0,0,6,0,1,0,0,99,0,0,0,0,0,4,0,0,0,0,0,4,2,0,0,0,2,0,0,0,0,0,0,0,0,0,0,0,0,0,0,0,10,0,0,0,0,0,0,0,0,0,0,26,0,0,0,0,0,0,0,0,0,0,0,0,0,0,0,14,0,0,2,1,0,4,0,0,0,0,0,0,0,12,3,0,0,0,0,0,1,11,0,0,6,0,0,0,0,6,5,0,0,0,0,0,0,0,0,0,1,0,0,0,0,0,0,0,0,0,0,0,0,0,0,2,0,0,0,0,0,0,0,14,0,0,0,0,0,0,0,32,0,0,0,0,0,24,0,0,6,0,1,0,3,0,0,0,0,0,0,19,0,22,0,0,58,50,4,11,13,0,3,0,0,0,0,0,3,128,0,0,10,0,0,26,0,8,0,0,3,0,26,0,0,0,10,0,0,0,0,0,2,0,0,0,0,0,14,0,0,0,35,0,0,0,0,0,12,0,3,0,0,0,0,67,0,1,0,0,1,0,0,72,0,0,3,0,23,0,0,0,3,0,0,0,41,0,0,5,0,0,0,0,0,0,0,0,18,0,0,29,0,0,15,3,0,0,0,21,0,54
"D251",17,23,84,65,0,0,19,12,15,0,64,0,0,31,6,140,3,0,8,0,4,83,7,74,0,2,5,183,0,0,76,0,79,10,16,76,0,0,0,0,0,0,36,3,276,0,25,0,538,27,6,0,0,0,0,95,0,205,0,33,0,0,8,0,11,25,0,0,50,0,86,12,0,27,0,18,35,0,0,174,322,3,0,0,0,75,0,0,130,9,39,48,0,1,0,17,8,0,0,21,96,0,0,0,0,29,0,0,0,0,14,178,13,0,0,0,0,0,0,131,0,0,16,2,9,0,31,57,33,4,0,0,2,0,12,27,0,131,0,0,0,0,0,71,24,488,3,0,0,5,0,3,32,0,2,12,1,0,0,97,0,0,40,0,71,11,127,92,19,5,0,0,50,0,28,297,3,0,0,21,3,0,0,41,0,0,0,3,0,0,1,14,0,0,0,0,0,38,59,0,50,0,11,67,0,49,0,24,7,84,6,0,28,0,1,0,0,0,0,15,3,40,0,36,127,16,195,0,42,14,0,3,5,58,108,0,250,0,15,46,27,0,0,1,10,41,0,0,0,0,0,0,26,0,0,0,6,45,1,18,7,0,0,0,0,31,0,0,7,0,16,3,0,0,5,20,59,0,4,50,86,10,0,22,0,0,83,28,28,35,171,13,9,0,0,0,16,3,6,10,104,0,1,0,0,30,13,40,34,0,0,5,7,23,0,0,6329,0,0,248,50,0,1,0,0,0,0,2,0,0,4,24,0,0,0,13,42,88,5,0,0,0,0,3,0,40,0,111,0,0,0,1,48,1,34,22,0,56,7,0,143,0,3,57,0,0,58,0,0,0,156,120,0,0,24,13,0,24,40,17,0,145,0,0,0,4,9,37,0,80,3,0,38,2,1,0,0,555,0,0,49,0,2,0,23,5,5,0,0,0,43,4,0,26,51,33,13,0,0,0,78,0,15,85,92,32,98,36,0,0,0,0,2,286,0,21,0,15,82,0,20,50,0,223,2,0,0,2,22,0,4,80,7,4,64,0,19,37,0,0,14,24,0,0,56,0,14,6,7,79,0,838,0,8,0,2,0,0,100,52,0,15,1,0,49,0,33,0,11,260,134,0,0,0,0,15,0,0,209,26,31,0,7,0,0,0,127,3,30,18,0,70,5,7,0,2,20,0,29,0,6,0,33,164,0,524,0,3,16,56,294,0,0,54,0,0,0,0,0,2,293,98,30,0,37,0,9,52,0,0,0,11,0,3,4,0,0,0,0,0,10,44,5,8,0,0,0,0,12,0,3,0,3,251,36,10,0,0,43,36,1,16,2,27,1,3,0,14,16,0,160,0,0,44,6,0,0,64,13,0,0,9,6,0,0,0,2,89,0,0,0,187,0,10,0,3,53,35,47,0,0,21,2,8,42,0,0,0,0,0,1,0,1619,0,0,0,13,4,0,52,0,15,0,8,0,0,7,1,0,10,3,34,0,0,44,0,1,0,0,0,290,0,42,0,55,0,7,0,0,0,0,0,109,0,0,43,0,20,26,33,0,0,0,0,0,0,2,0,0,11,0,93,0,0,0,0,0,867,1657,18,0,30,0,11,6,9,0,26,0,13,2,3,41,0,0,4,56,9,0,33,18,32,83,0,0,452,145,0,30,6,4,54,22,139,204,0,6,0,0,154,27,0,42,0,3,53,2,0,11,0,47,12,0,41,0,4,121,0,43,3,89,41,0,0,1,0,0,0,7,143,21,0,117,0,0,0,17,9,27,8,0,0,159,0,0,0,15,0,18,0,105,11,133,2,141,0,0,67,10,3,0,0,25,0,9,2,12,0,0,0,0,4,0,26,0,0,51,2,5,4,0,0,0,0,8,740,50,0,0,0,3,1,15,0,2,0
"D252",0,0,0,0,0,0,0,0,0,0,0,0,0,0,0,0,0,0,0,0,0,0,0,0,0,0,0,0,0,0,0,0,0,0,0,0,0,0,0,23,0,0,0,0,0,0,0,32,0,0,0,0,0,0,0,0,0,0,0,0,0,0,0,0,0,0,0,0,0,0,0,0,0,0,0,0,0,0,0,0,0,0,0,76,0,0,0,0,0,0,0,0,0,0,0,0,0,0,0,0,0,0,0,0,0,0,0,0,0,0,0,0,0,0,0,0,0,0,0,0,0,0,0,0,0,0,0,0,0,0,0,0,0,0,0,0,0,0,0,0,0,0,0,0,0,0,0,0,0,0,0,0,0,0,0,0,0,0,0,0,0,0,0,15,0,0,0,0,0,0,0,0,0,0,0,0,0,0,0,0,0,0,0,0,0,0,0,0,0,0,0,0,0,0,0,0,0,0,0,0,0,0,0,0,0,0,0,0,0,0,0,0,0,0,0,0,0,0,0,0,0,0,0,0,0,0,0,0,0,0,0,0,0,0,0,0,0,0,0,0,0,0,0,0,0,0,0,0,0,0,261,0,0,0,0,0,0,0,0,0,0,0,0,0,0,0,0,0,0,0,0,0,0,0,0,0,0,0,0,0,0,0,0,0,0,0,0,0,0,0,0,0,0,0,0,2,0,0,0,0,0,0,0,6,0,0,0,0,0,0,0,0,0,0,34,0,0,0,0,0,0,0,0,0,0,0,0,0,0,0,0,0,0,0,11,0,0,0,0,0,0,0,0,0,0,0,0,0,0,0,0,0,0,0,0,0,0,0,0,138,0,0,0,0,0,0,0,0,0,0,0,0,0,0,0,0,0,0,0,0,0,0,0,0,0,0,0,0,0,0,0,0,0,0,0,0,0,0,0,0,0,0,0,0,0,0,0,0,0,0,0,0,0,0,0,0,0,0,4,0,0,0,0,0,0,36,0,0,0,0,0,0,0,0,0,0,0,0,0,0,0,0,0,0,0,0,0,3,0,0,0,0,2,0,0,0,0,0,126,0,0,0,0,0,0,0,3,0,0,0,0,0,0,0,0,0,0,14,0,0,0,0,0,26,0,4,0,0,0,0,0,0,0,0,0,0,0,0,0,1,0,0,0,0,0,0,0,0,0,0,0,0,0,0,0,0,0,0,0,0,0,0,0,0,0,0,0,0,0,0,0,0,0,0,0,0,0,0,0,0,0,0,0,0,0,0,0,0,0,0,0,0,0,0,0,0,0,0,0,0,0,0,0,0,0,0,0,0,0,0,0,0,0,0,0,0,0,0,0,0,0,0,0,0,0,0,0,0,0,0,0,0,0,0,0,0,0,0,0,0,0,0,0,0,0,0,0,0,0,0,0,0,0,0,0,0,0,0,0,0,0,0,47,0,0,0,0,0,0,0,0,0,0,0,0,0,0,0,0,0,0,0,0,0,0,0,0,4,0,0,0,0,0,0,0,0,0,0,0,0,0,0,0,0,0,0,0,0,0,0,0,0,0,0,0,0,0,0,0,0,0,13,0,0,0,0,0,0,0,0,0,0,0,0,0,0,0,0,0,0,0,0,19,0,16,0,0,0,0,0,0,0,0,0,0,0,0,0,0,0,0,0,0,0,0,0,0,3,0,0,0,0,0,0,0,0,0,0,0,0,0,0,0,0,0,0,0,0,0,0,0,0,0,0,0,0,0,0,0,0,0,0,0,0,0,4,0,449,0,0,0,0,0,0,0,1918,0,0,0,0,0,0,0,0,0,0,0,0,0,0,0,0,0,0,0,0,0,306,0,0,0,0,0,0,0,0,0,0,0,0,0,0,0,0,0,0,0,0,0,0,0,0,0,0,0,0,0,0,0,0,0,0,0,3,0,0
"D253",0,0,0,0,0,0,0,4,0,0,0,0,0,0,0,0,0,0,0,0,0,0,0,0,0,0,0,0,0,0,0,0,0,0,0,0,0,0,0,0,0,0,0,0,0,0,0,0,0,0,0,0,0,0,0,0,0,0,0,0,0,0,0,0,0,0,0,0,0,0,0,0,0,0,0,0,0,0,0,0,0,0,0,0,0,0,0,0,0,0,0,0,0,0,0,0,0,0,0,0,0,0,0,0,0,0,0,0,0,0,0,0,0,0,0,0,0,0,0,0,0,0,0,0,0,0,0,0,0,0,0,0,0,0,0,0,0,0,0,0,0,0,0,0,0,0,0,0,9,0,0,0,0,0,0,0,0,0,0,0,0,0,0,0,0,0,0,0,0,0,0,0,0,0,0,0,0,0,0,0,0,0,0,0,0,0,0,0,0,0,0,0,0,0,0,0,0,0,0,0,0,0,0,0,0,0,0,0,0,0,0,0,0,0,0,0,0,0,0,0,0,0,0,0,0,0,0,0,0,0,0,0,0,0,0,29,0,0,0,0,0,0,0,0,0,0,0,0,0,0,0,0,0,0,0,0,0,0,0,0,0,0,0,0,0,0,0,0,0,0,0,0,0,0,0,0,0,0,0,0,0,0,0,0,0,0,0,0,0,0,0,0,0,0,0,0,0,0,0,0,0,0,0,0,0,0,0,0,0,0,0,0,0,0,0,0,0,0,0,0,0,0,0,0,0,0,0,0,0,0,0,0,0,0,0,0,0,0,0,0,0,0,0,0,0,0,0,0,0,0,0,0,0,0,0,0,0,0,0,0,0,0,0,0,2,0,0,97,0,0,0,0,0,0,0,0,0,0,0,0,0,0,0,0,0,0,0,0,0,0,0,0,0,0,0,0,0,0,0,0,0,0,0,0,0,0,0,0,0,0,0,0,0,0,0,0,0,0,0,0,0,0,0,0,0,0,0,0,0,0,0,0,0,0,0,0,0,0,0,0,0,0,0,0,0,0,0,0,0,0,0,0,0,0,0,0,0,0,0,0,0,0,0,0,0,0,0,0,0,0,0,0,0,0,0,0,0,0,0,0,0,0,0,0,0,0,0,0,0,0,0,0,0,0,0,0,0,0,0,0,0,0,0,0,0,0,0,0,0,0,0,0,0,0,0,0,0,0,0,0,0,0,0,0,0,0,0,0,0,0,0,0,0,0,0,0,0,0,0,0,0,0,0,0,0,0,0,0,0,0,0,0,0,0,0,0,0,0,0,0,0,0,0,0,0,0,0,0,0,0,0,0,0,0,0,0,0,0,0,0,0,0,0,0,0,0,0,0,0,0,0,0,0,0,0,0,0,0,0,0,0,0,0,0,0,0,0,0,0,0,0,0,0,0,0,0,0,0,0,0,0,0,0,0,0,0,0,0,0,0,9,0,0,0,0,0,0,0,0,0,0,0,0,0,0,0,0,0,0,0,0,0,0,0,0,0,0,0,0,0,0,0,0,0,0,0,0,0,0,0,0,0,0,0,0,0,0,0,0,0,0,0,0,0,0,0,0,0,0,0,0,0,0,0,0,0,0,0,0,0,0,0,0,0,0,0,0,0,0,0,0,0,0,0,0,0,0,0,0,0,0,0,0,0,0,0,0,0,0,0,0,0,0,0,0,0,0,0,0,0,0,0,0,0,0,0,0,0,0,0,0,0,0,0,0,0,0,0,0,0,0,0,0,0,0,0,0,0,0,0,0,0,0,0,0,0,0,0,0,0,0,0,0,0,0,0,0,0,0,0,0,0,0,0,0,0,0,15,0,0,0,0,0,0,0,0,0,0,0,0,0,0,0,0,0,0,0,0,0,0,0,0,0,0,0,0,0,0,0,0,0,0,0,0,0,0
"D254",0,0,0,0,0,160,0,0,0,10,0,0,0,7,0,0,0,0,0,0,0,0,0,0,0,0,0,0,8,5,38,0,0,0,0,0,0,210,0,0,0,0,0,0,0,0,0,5,0,0,0,0,0,0,0,0,0,0,0,0,0,0,0,0,0,0,0,0,0,0,0,0,0,0,0,0,0,86,0,0,0,0,0,0,0,0,126,0,0,0,0,0,1,0,20,0,0,0,0,0,0,0,0,0,0,0,0,0,27,0,0,0,0,0,0,31,0,0,0,0,0,0,0,0,0,0,0,0,6,0,0,0,0,0,0,0,0,0,0,0,0,192,2,0,0,0,0,0,5303,0,145,0,0,0,0,0,0,158,0,0,0,0,0,0,0,0,0,0,0,0,0,0,0,0,0,0,0,0,106,0,0,0,0,0,0,30,0,0,0,0,0,0,0,36,11,0,0,0,0,0,0,2,0,0,0,0,0,0,0,0,0,0,0,0,0,0,45,0,0,0,0,0,0,0,0,0,0,0,0,0,212,0,0,0,0,159,0,0,0,0,0,0,0,0,0,0,0,0,0,0,0,0,0,0,0,0,0,0,0,0,0,0,1225,0,0,0,15,128,0,0,0,0,0,0,0,0,0,0,0,0,0,3,0,0,0,0,0,0,0,0,0,0,0,0,0,4,0,0,0,0,0,0,0,46,12,0,0,0,0,0,0,0,0,0,138,0,0,0,0,0,0,0,0,0,0,0,0,0,0,0,0,0,169,0,0,0,0,38,0,0,39,0,0,0,0,0,0,0,0,0,0,0,0,0,0,11,0,0,0,0,0,0,0,0,1342,45,0,40,0,0,0,0,0,0,0,0,0,0,0,0,0,0,0,19,0,0,0,0,9,0,0,0,0,0,0,0,0,0,161,27,0,0,0,0,0,0,0,0,0,0,0,0,0,0,0,0,0,9,0,0,0,0,0,0,0,0,0,0,22,0,0,0,0,0,0,8,0,0,0,265,0,0,0,0,0,37,0,0,0,0,0,0,0,0,0,0,0,0,0,0,0,0,0,0,0,0,0,0,0,0,0,0,0,0,0,0,0,30,0,0,0,0,0,12,0,0,0,0,0,0,0,0,6,0,0,0,24,0,0,0,0,0,0,0,46,0,0,279,0,3,0,0,0,0,0,0,25,0,0,0,0,0,0,0,0,0,0,0,0,0,0,8,29,0,0,0,0,0,0,0,0,0,0,0,0,0,0,0,0,46,0,0,0,0,0,0,0,0,0,0,0,0,0,0,0,0,0,29,0,136,0,0,0,0,0,0,89,0,0,0,0,0,0,0,9,0,0,0,0,0,0,0,4,10,0,0,0,0,0,0,0,0,0,0,10,0,42,0,7,8,0,0,0,0,0,0,0,0,0,0,0,0,0,0,0,0,0,0,0,0,55,0,0,0,0,0,0,0,0,0,19,0,16,0,0,0,0,40,16,0,0,0,0,0,0,0,0,2,0,0,0,0,0,0,0,0,0,0,0,141,0,164,0,7,0,0,0,0,0,0,0,0,0,0,0,0,0,0,0,0,0,0,0,62,17,0,0,0,0,0,0,0,0,0,0,0,0,0,0,0,13,0,0,0,0,0,0,0,0,0,0,0,21,2,0,13,0,0,7,0,0,1,0,0,0,0,0,0,0,0,0,0,0,0,0,0,0,0,0,0,0,0,0,0,9,0,0,0,0,0,0,0,0,0,0,0,0,0,0,0,0,0,0,58,0,0,0,0,0,0,0,0,0,75,38,0,0,0,0,0,0,12,0,0,0,0,0,0,0,0,0,0,0,0,0,0,0,0,0,0,0,0,0,0,66,0,0,0,0,0,0,0,0,0,0,0,0,0,0,0,0,0,0,51,0,0
"D255",0,0,0,0,0,0,0,0,0,2,0,0,0,0,0,0,0,0,0,0,0,0,0,0,0,0,0,0,0,2,0,0,0,0,0,0,0,0,0,0,0,0,0,0,0,0,0,0,0,0,0,0,0,0,0,0,0,0,0,0,0,0,0,0,0,0,0,0,0,0,0,0,9,0,0,0,0,0,0,0,0,0,0,0,0,0,0,0,0,0,0,0,0,0,0,0,0,0,0,0,0,0,0,0,0,0,0,3,0,0,0,0,0,0,9,0,0,0,0,0,0,0,0,0,0,0,0,0,0,0,0,0,0,0,0,0,0,0,40,0,0,0,0,0,0,0,0,0,0,0,0,0,0,0,0,0,0,0,0,0,0,0,0,3,0,0,0,0,0,0,0,0,0,0,0,0,0,0,0,0,0,0,0,0,0,0,0,0,0,0,0,0,0,0,0,0,0,0,0,0,0,0,0,0,0,0,9,0,0,0,0,0,0,0,0,0,0,0,0,0,0,0,0,0,0,0,0,0,0,0,0,0,0,0,0,0,0,0,0,0,0,0,0,0,0,0,0,0,0,0,7,0,0,0,0,0,0,0,0,0,0,517,0,0,0,0,0,0,0,0,0,0,0,0,0,0,0,0,0,0,0,0,0,0,0,0,0,0,0,0,0,0,0,0,0,0,0,0,0,0,0,0,0,0,0,0,0,0,0,0,0,0,0,0,0,0,0,0,0,0,0,0,0,0,0,0,0,0,0,0,0,0,2,0,0,0,0,0,0,0,0,0,0,0,0,0,0,0,0,0,0,0,0,0,0,0,0,0,0,0,0,0,0,0,0,0,0,0,0,0,0,0,0,0,0,0,0,0,0,0,0,0,0,0,0,0,0,0,0,0,0,0,0,0,0,0,0,0,0,0,0,0,0,0,0,0,0,0,0,0,0,0,0,0,0,0,0,0,0,0,0,0,0,0,0,0,0,0,0,0,2,0,0,0,0,0,0,0,0,0,0,0,0,0,0,0,0,0,0,0,0,0,0,0,0,0,0,0,0,4525,0,0,0,0,0,0,0,0,0,0,0,0,5,0,0,0,0,0,0,0,0,0,0,0,0,0,0,6,0,0,0,0,0,0,0,0,0,0,0,0,0,0,0,0,0,0,0,0,0,0,0,0,0,0,4,0,0,0,0,0,0,0,0,0,0,0,0,0,0,0,0,0,0,0,0,0,0,0,0,0,0,0,0,0,0,0,0,0,0,0,0,0,0,0,0,0,2,0,0,0,7,0,0,0,0,3,0,0,0,0,0,0,0,0,0,0,0,6,0,0,0,0,0,0,0,0,0,0,0,0,0,0,0,0,0,0,33,0,0,0,12,0,0,0,0,0,0,0,0,0,0,0,0,0,22,0,0,0,0,0,0,0,0,0,0,0,0,0,0,0,0,0,0,0,0,0,0,0,0,0,0,0,0,0,0,0,0,0,0,0,0,0,0,0,0,0,0,0,0,0,0,0,0,0,0,58,0,0,3,0,0,0,0,0,0,0,0,0,0,0,10,0,0,0,0,0,0,0,0,0,0,0,4,0,0,0,0,0,0,0,0,0,0,0,0,0,0,0,0,0,0,0,0,0,0,0,0,0,0,0,0,0,0,57,0,0,0,0,0,0,2,3,0,0,0,0,0,0,0,0,0,0,0,0,0,0,0,3,0,0,0,0,0,0,0,0,0,27,0,0,0,0,0,0,0,0,0,0,0,0,0,0,0,0,0,0,0,0,0,0,2,0,0,0,0,0,0,0,0,0,0,0,0,0,0,0,0,0,0,0,0,0,0,0,0,0,0,0,0,0,0,0,0,0,0,6,0,4,0,0,0,0,0,0,0,0,0,0,0,0,0,0,0,0,0,0
"D256",0,0,0,0,0,0,0,0,0,0,0,0,0,0,0,0,0,0,0,0,0,0,0,0,0,0,0,0,0,0,0,0,0,0,0,0,0,0,0,0,0,0,0,0,0,0,0,0,0,0,0,0,0,0,0,0,0,0,0,0,0,0,0,0,0,0,0,0,0,0,0,0,0,0,0,0,0,0,0,0,0,0,0,0,0,0,0,0,0,0,0,0,0,0,0,0,0,0,0,0,0,0,0,0,0,0,0,0,0,0,0,0,0,0,0,0,0,0,0,0,0,0,0,0,0,0,0,0,0,0,0,0,0,0,0,0,0,0,0,0,0,0,0,0,0,0,0,0,0,0,0,0,0,0,0,0,0,0,0,0,0,0,0,0,0,0,0,0,0,0,0,0,0,0,0,0,0,0,0,0,0,0,0,0,0,0,0,0,0,0,0,0,0,0,0,0,0,0,0,0,0,0,0,0,0,0,0,0,0,0,0,0,0,0,0,0,0,0,0,0,0,0,0,0,0,0,0,0,0,0,0,0,0,0,0,0,0,0,0,0,0,0,0,0,0,0,0,0,0,0,0,0,0,0,0,0,0,0,0,0,0,0,0,0,0,0,0,0,0,0,0,0,0,0,0,0,0,0,0,0,0,0,0,0,0,0,0,0,0,0,0,0,0,0,0,0,0,0,0,0,0,0,0,0,0,0,0,0,0,0,0,0,0,0,0,0,0,0,0,0,0,0,0,0,0,0,0,0,0,0,0,0,0,0,0,0,0,0,0,0,0,0,0,0,0,0,0,0,0,0,0,0,0,0,0,0,0,0,0,0,0,0,0,0,0,0,0,0,0,0,0,0,0,0,0,0,0,0,0,0,0,0,0,0,0,0,0,0,0,0,0,0,0,0,0,0,0,0,0,0,0,0,0,0,0,0,0,0,0,0,0,0,0,0,0,0,0,0,0,0,0,0,0,0,0,0,0,0,0,0,0,0,0,0,0,0,0,0,0,0,0,0,0,0,0,0,0,0,0,0,0,0,0,0,0,0,0,0,0,0,0,0,0,0,0,0,0,0,0,0,0,0,0,0,0,0,0,0,0,0,0,0,0,0,0,0,0,0,0,0,0,0,722,0,0,0,0,0,0,0,0,0,0,0,0,0,0,0,0,0,0,0,0,0,0,0,0,0,0,0,0,0,0,0,0,0,0,0,0,0,0,0,0,0,0,0,0,0,0,0,0,0,0,0,0,0,0,0,0,0,0,0,0,0,0,0,0,0,0,0,0,0,0,0,0,0,0,0,0,0,0,0,0,0,0,0,0,0,0,0,0,0,0,0,0,0,0,0,0,0,0,0,0,0,0,0,0,0,0,0,0,0,0,0,0,0,0,0,10176,0,0,0,0,0,0,0,0,0,0,0,0,0,0,0,0,0,0,0,0,0,0,0,0,0,0,0,0,0,0,0,0,0,0,0,0,0,0,0,0,0,0,0,0,0,0,0,0,0,0,0,0,0,0,0,0,0,0,0,0,0,0,0,0,0,0,0,0,0,0,0,0,0,0,0,0,0,0,0,0,0,0,0,0,0,0,0,0,0,0,0,0,0,0,0,0,0,0,0,0,0,0,0,0,0,0,0,0,0,0,0,0,0,0,0,0,0,0,3,0,0,0,0,0,0,0,0,0,0,0,0,0,0,0,0,0,0,0,0,0,0,0,0,0,0,0,0,0,0,0,0,0,0,0,0,0,0,0,0,0,0,0,0,0,0,0,0,0,0,0,0,0,0,0,0,0,0,0,0,0,0,0,0,0,0,0,0,0,0,0,0,0,0,0,0,0,0,0,0,0,0,0,0,0,0,0,0,0,0,0,0,0,0,0,0,0,0,0,0,0,0,0,0,0,0,0,0
"D257",0,0,0,0,0,0,0,0,0,0,0,0,0,0,0,0,0,0,0,0,0,0,0,0,0,0,0,0,0,38,0,0,0,0,0,0,0,0,0,0,0,0,0,0,0,0,0,0,0,0,0,0,0,0,0,0,0,0,0,0,0,0,0,0,0,0,28,232,0,0,0,0,3,0,0,0,0,0,5,0,0,0,0,0,0,0,0,0,0,0,0,0,0,0,0,0,0,0,0,0,0,0,0,0,0,0,0,4,0,0,0,0,0,0,4,0,0,0,0,0,0,0,0,0,0,0,0,0,0,0,0,0,0,0,0,0,0,0,19,0,0,0,0,0,0,0,0,0,3,0,0,0,0,0,0,0,0,0,0,0,0,0,0,0,0,0,0,0,0,0,0,0,0,0,0,0,0,0,0,0,0,0,0,0,0,0,0,0,0,0,0,0,0,0,0,0,0,0,0,0,0,49,0,0,0,0,6,0,0,0,0,0,0,0,0,0,0,0,0,0,0,0,0,0,0,0,0,0,0,0,0,0,0,0,0,0,0,0,0,0,0,0,0,0,0,0,0,0,0,0,0,0,0,0,0,0,0,0,0,0,0,286,0,0,0,0,0,0,0,0,0,0,0,0,0,0,0,0,0,0,0,0,0,0,0,0,0,0,0,0,0,0,0,0,0,0,0,0,0,0,0,0,0,0,0,0,0,0,0,0,0,0,0,0,0,0,0,0,0,0,0,0,0,0,0,0,0,0,0,0,0,0,52,0,0,0,0,0,0,0,0,0,0,0,0,0,0,0,0,0,0,0,0,0,0,0,0,0,0,0,0,0,0,0,0,0,0,0,0,0,0,0,0,0,0,0,0,0,0,0,0,0,0,0,0,0,0,0,0,0,0,0,0,0,0,0,0,0,0,0,0,0,0,0,0,0,0,0,0,0,0,0,0,0,0,0,0,4,0,0,0,0,0,0,0,0,0,0,0,0,0,0,0,0,0,0,0,0,0,0,0,0,0,0,0,0,0,0,0,0,0,0,0,0,0,0,0,0,0,5163,0,0,0,0,0,0,0,0,0,0,0,0,2,0,0,0,0,0,0,0,0,0,0,0,0,0,0,0,0,0,0,0,0,0,0,0,0,0,0,0,0,0,0,0,0,0,0,0,0,0,0,0,0,0,4,0,0,0,0,0,0,0,0,0,0,0,0,0,0,0,0,0,0,0,0,0,0,0,0,0,0,0,0,0,0,0,0,0,0,0,0,0,0,0,0,0,0,0,0,0,0,0,0,0,0,0,0,0,0,0,0,0,0,0,0,0,0,3,0,0,0,0,0,0,0,0,0,0,0,0,0,0,0,0,0,0,12,0,0,0,5,0,0,0,0,0,0,0,0,0,0,0,0,0,21,0,0,0,0,0,0,0,0,0,0,0,0,0,0,0,0,0,0,0,0,0,0,0,0,0,0,0,0,0,0,0,0,0,0,0,0,0,0,0,0,0,0,0,0,0,0,0,0,0,0,34,0,0,0,0,0,0,0,0,0,0,0,0,0,0,3,0,0,0,0,0,0,0,0,0,0,0,4,0,0,0,0,0,0,0,0,0,0,0,0,0,0,0,0,0,0,0,0,0,0,0,0,0,0,0,0,0,0,70,0,0,0,0,0,0,0,0,0,0,0,0,0,0,0,0,0,0,0,0,0,0,0,3,0,0,0,0,0,0,0,0,0,18,0,0,0,0,0,0,0,0,0,0,0,0,0,0,0,0,0,0,0,0,0,0,3,0,0,0,0,0,0,0,0,0,0,0,0,0,0,0,0,0,0,0,0,0,0,0,0,0,0,0,0,0,0,0,0,0,0,2,0,0,0,0,0,0,0,0,0,0,0,0,0,0,0,0,0,0,0,0
"D258",0,0,0,0,0,0,0,0,0,0,0,0,0,0,0,0,0,0,0,0,0,0,0,0,0,0,0,0,0,0,0,0,0,0,0,0,0,0,0,0,0,0,0,0,0,0,0,0,0,0,0,0,0,0,0,0,0,0,0,0,0,0,0,0,0,0,8,0,0,0,0,0,0,0,0,0,0,0,0,0,0,0,0,0,0,0,0,0,0,0,0,0,0,0,173,0,0,0,0,0,0,0,0,0,0,0,0,0,0,0,0,0,0,0,0,0,0,0,0,0,0,0,0,0,0,0,0,0,0,0,0,0,0,0,0,0,0,0,0,0,0,0,0,0,0,0,0,0,3,0,0,0,0,0,0,0,0,0,0,0,0,0,0,0,0,0,0,0,0,0,0,0,0,0,0,0,0,0,0,0,0,0,0,0,0,3,0,0,0,0,0,0,0,0,0,0,0,0,0,0,0,0,0,0,0,0,0,0,0,0,0,0,0,0,0,0,0,0,0,0,0,0,0,0,0,0,0,0,0,0,0,0,0,0,0,0,0,0,0,0,0,0,0,0,0,0,0,0,0,0,2,0,0,197,0,0,0,0,0,0,0,0,0,0,0,0,0,0,0,0,0,341,0,0,0,0,0,0,0,0,0,0,0,0,0,0,0,0,0,0,0,0,0,0,0,0,0,0,0,0,0,0,0,0,0,0,0,0,0,0,0,0,0,0,0,0,0,0,0,0,0,0,0,0,0,0,0,0,0,0,0,0,0,0,0,0,0,0,0,0,0,0,0,0,0,0,0,0,0,0,0,0,0,0,0,0,0,0,0,0,0,0,0,0,0,0,0,2,0,0,0,0,0,0,0,0,0,0,0,0,0,0,0,50424,0,0,0,0,0,0,0,0,0,0,0,0,0,0,0,0,0,0,0,4,0,0,0,0,0,0,0,0,0,0,0,0,0,0,0,0,0,0,0,0,0,0,0,2,0,0,0,0,0,0,0,0,0,0,0,0,0,0,0,0,0,0,0,0,0,0,0,0,0,0,0,0,0,0,0,0,0,0,0,0,0,0,0,0,0,0,0,0,0,0,0,0,0,87,0,0,0,0,0,0,0,1366,0,0,0,0,0,0,0,0,0,0,0,0,0,0,0,0,0,0,0,0,0,0,0,0,0,0,0,0,0,0,0,0,0,0,0,0,0,0,0,0,0,0,0,0,0,0,0,0,0,0,0,0,0,0,0,0,0,0,0,0,0,0,0,0,0,0,0,0,0,0,0,0,0,0,0,0,0,0,0,0,0,0,0,0,0,0,0,0,0,0,0,0,0,0,0,0,0,0,0,0,0,0,0,0,0,0,0,0,0,0,0,0,0,0,0,0,0,0,0,0,0,0,0,0,0,0,0,0,0,0,0,0,0,0,0,0,0,0,0,0,0,0,0,2,0,0,0,0,0,0,0,0,0,0,748,0,0,0,0,0,0,0,0,0,0,0,0,0,0,0,0,0,0,0,0,0,0,0,0,0,0,0,0,0,0,0,0,0,0,0,0,0,0,0,0,0,0,0,0,0,0,0,0,0,0,0,0,0,0,0,0,0,0,0,0,0,0,0,0,0,0,0,0,0,0,0,0,0,0,0,0,0,0,0,0,0,0,0,0,0,0,0,0,0,0,0,0,0,0,0,0,0,51,0,0,0,0,0,0,0,0,0,0,0,0,0,0,0,0,0,0,0,0,0,0,0,0,0,0,0,0,0,0,0,0,0,0,0,0,0,0,0,0,0,0,0,0,0,0,0,0,0,0,0,0,0,0,0,0,0,0,0,0,0,0,0,0,0,0,0,0,0,0,0,0,0,0,0,0,0,0,0,0,0,0,0,0,0,0,0,0,0,0,0,0,0,0,0,0,0
"D259",2,0,0,0,0,0,0,0,0,172,0,0,0,0,0,0,0,0,0,0,0,0,0,0,0,0,0,0,0,6,0,0,0,0,0,0,0,0,0,0,0,0,0,0,0,0,0,0,0,0,0,0,0,0,0,0,0,0,0,0,142,0,0,0,0,0,0,0,0,0,0,0,0,0,0,0,0,1,0,0,0,0,0,0,0,0,0,0,0,0,0,0,8,0,0,0,0,0,0,0,0,0,0,0,0,0,0,0,0,0,0,0,0,0,0,0,0,0,0,0,0,0,0,0,0,0,0,0,0,0,0,0,0,0,0,0,0,0,0,0,0,0,0,0,0,0,0,0,0,0,0,0,0,0,1,0,0,0,0,0,0,0,0,0,0,0,0,0,0,0,0,0,0,0,0,0,0,0,0,0,0,0,0,0,0,0,0,0,0,0,0,0,0,0,0,0,0,0,0,0,0,0,0,0,0,0,0,0,0,0,0,0,0,0,0,0,0,0,0,0,0,0,0,0,0,0,0,0,0,0,0,0,0,0,0,0,0,0,0,0,0,0,0,0,0,0,0,0,0,0,0,0,0,0,0,0,0,0,0,0,0,0,243,0,0,0,0,0,0,0,0,0,0,0,0,0,0,0,0,0,0,0,0,0,0,0,0,0,0,0,0,0,0,0,0,0,0,0,0,0,0,0,10,0,0,0,0,0,0,0,0,0,0,0,52,0,0,0,0,0,0,0,0,0,0,0,0,0,0,0,0,0,99,0,0,0,0,0,0,0,0,0,0,0,0,0,0,0,0,0,0,0,0,0,0,0,0,0,0,2137,0,0,0,0,0,0,0,0,0,0,0,0,0,0,0,0,0,0,0,0,0,0,0,28,0,0,0,0,0,0,0,0,0,0,0,0,0,0,0,0,0,0,0,6,0,0,0,0,0,0,0,0,0,0,0,0,0,0,238,0,0,0,0,0,0,0,0,0,0,0,0,0,0,0,0,0,0,0,0,0,0,0,0,0,0,0,0,15,0,0,0,0,0,0,0,0,0,0,689,0,0,0,0,0,0,0,113,0,0,0,0,0,0,0,0,0,0,130,0,0,0,0,0,0,0,400,0,0,0,0,0,0,0,0,0,0,0,0,0,0,0,0,0,0,0,0,0,0,0,0,0,0,0,0,0,0,0,0,0,0,0,0,0,0,0,0,0,0,0,0,0,0,0,0,0,0,0,0,0,0,0,0,0,0,0,0,0,0,0,0,0,0,0,0,0,0,0,0,0,0,0,0,0,0,0,0,0,0,0,0,0,0,0,0,0,0,0,0,0,0,0,0,0,0,0,0,0,0,0,0,0,0,0,0,0,0,0,0,0,0,0,0,0,0,0,0,0,0,0,0,4,0,0,0,0,0,0,0,0,0,0,0,0,0,0,0,0,0,0,489,3,0,0,0,0,0,0,0,0,0,0,0,0,0,0,0,0,42,0,0,0,0,0,0,0,0,2,0,0,0,0,0,0,0,0,0,0,0,0,0,0,0,0,0,0,0,0,0,0,0,0,14,0,6,0,0,0,0,3,0,0,0,0,0,0,0,0,0,0,0,0,0,2,0,0,0,0,0,0,0,0,0,0,0,0,31,0,0,0,0,0,0,0,0,0,0,0,146,0,0,0,0,0,0,0,0,0,0,0,0,0,0,0,0,22,0,0,0,0,0,0,0,0,0,0,0,0,0,0,0,0,0,0,0,0,0,0,0,0,0,0,0,0,0,0,140,0,0,0,0,0,0,0,0,0,0,0,0,0,0,0,0,0,0,0,0,0,995,0,0,0,0,0,0,0,0,0,0,0,0,0,0,0,0,0,0,0,0,0,0,0,0,0,0,0,0,0,0,0,0,0,0,0,0,0,0
"D260",0,0,0,0,0,0,0,0,0,0,0,0,0,0,0,0,0,0,0,27,0,0,0,0,0,0,0,0,0,7,0,0,0,0,0,0,0,0,0,99,0,0,0,0,0,0,0,0,0,0,0,0,0,0,0,0,0,0,0,0,28,0,0,0,0,0,0,70,0,0,0,0,0,0,0,0,0,0,0,0,0,0,0,50,0,0,0,0,0,0,0,0,1172,0,0,0,0,0,0,0,0,0,0,0,0,0,0,0,0,0,0,0,0,0,0,0,0,0,0,0,12,0,0,0,0,0,0,0,0,0,0,0,1,0,0,0,0,0,0,0,0,0,0,0,0,0,0,0,0,0,0,0,0,0,18,0,0,0,0,0,0,0,0,236,0,0,0,0,0,0,0,0,0,0,0,0,0,0,0,0,0,0,0,0,0,0,0,0,0,0,0,0,0,0,0,0,0,0,0,0,0,27,0,0,4,0,0,1,0,0,0,0,0,0,0,0,0,0,0,0,0,0,0,0,0,0,0,0,0,0,0,0,0,0,0,0,0,0,0,0,0,0,0,0,0,0,0,77,0,0,237,0,0,0,0,0,0,0,0,0,0,0,0,0,0,0,0,0,0,0,0,0,0,0,0,0,0,0,0,0,0,0,0,0,0,0,0,0,0,0,0,0,0,0,0,1,0,0,0,0,0,2,0,0,0,0,0,0,0,0,0,0,0,0,2,0,0,0,0,0,0,0,0,0,0,0,1,0,0,0,0,0,0,0,0,0,0,0,0,0,0,0,0,0,0,0,0,0,0,0,0,0,0,0,0,0,0,0,0,107,0,0,0,0,0,0,0,0,0,0,0,0,0,0,0,0,0,0,0,0,0,0,0,0,0,5,0,0,15,0,0,0,0,0,0,0,0,0,0,0,0,0,0,0,0,0,6,0,0,20,0,0,0,0,0,0,0,1,0,0,0,4,0,0,0,121,0,0,0,0,0,0,0,0,0,0,0,0,0,0,0,0,0,0,0,0,0,0,0,0,0,0,0,0,0,0,0,0,48,0,0,0,0,0,0,0,24,0,0,0,0,0,0,0,0,0,0,14,0,0,0,0,0,100,0,151,0,0,0,0,0,0,0,0,0,3,0,0,0,4,0,0,0,0,2,0,0,0,0,0,0,0,0,0,0,0,0,0,0,0,0,0,0,0,0,0,0,0,0,0,0,0,334,0,0,0,0,0,0,0,0,0,0,0,0,0,0,0,0,0,0,0,0,0,0,0,0,0,0,0,0,0,0,0,0,0,0,0,0,0,0,0,0,0,0,0,0,0,0,0,0,0,0,0,0,0,0,0,0,0,0,0,0,0,0,0,0,0,0,0,0,0,0,0,1,0,1,0,0,0,0,0,0,0,0,0,0,0,0,0,0,0,0,0,0,0,0,0,0,0,0,0,0,0,0,0,0,0,0,0,0,0,0,0,0,0,0,2,0,0,0,0,0,0,0,0,0,0,0,0,0,0,0,0,0,0,0,0,0,0,0,0,0,0,0,0,0,0,0,0,0,3,0,0,0,0,0,0,13,0,0,0,0,0,0,0,0,0,0,0,0,0,15,0,85,0,0,0,0,0,0,0,0,0,0,17,0,0,0,0,0,0,0,0,0,0,0,0,0,0,0,0,0,0,0,0,0,0,0,0,0,0,0,0,0,0,0,0,0,0,0,0,0,0,0,0,0,0,0,0,0,0,0,0,0,0,0,57,0,0,0,31,0,0,0,4249,0,0,0,0,0,0,0,0,0,0,0,0,0,0,0,0,0,0,0,0,0,370,0,0,0,0,0,0,0,0,0,0,0,0,0,0,0,0,0,0,0,0,0,0,0,28,0,0,0,0,0,3,0,0,0,0,0,0,0,0
"D261",0,0,2,0,13,0,0,0,0,0,766,60,0,0,0,0,0,0,0,16,0,0,0,0,46,0,0,0,0,0,0,0,0,0,2,0,0,0,0,0,4,4,0,4,16,0,0,0,30,24,27,0,0,20,67,0,0,0,305,4,0,2,215,0,0,0,0,2532,604,0,0,0,0,3,4,36,0,0,0,18,8,2,0,0,0,12,0,3,0,0,0,0,0,22,0,12,6,0,0,33,0,0,3,27,54,0,0,0,2,0,0,65,65,1,0,0,0,0,7,1,0,0,3,0,0,0,5,3,0,8,5,0,12,0,0,0,7,22,0,0,11,0,0,0,12,0,6,0,0,0,0,0,0,0,0,0,0,0,2,99,75,437,0,0,0,0,0,3,0,0,0,0,0,0,0,0,4,0,0,0,8,0,1,19,0,0,0,0,20,0,0,0,0,0,0,0,0,0,5,0,7,0,0,0,0,0,0,10,0,0,4,16,19,0,18,0,0,0,0,2,0,47,0,16,0,0,36,0,0,0,6576,2,0,0,2,0,0,1892,0,0,0,0,0,0,0,0,0,0,36,0,58,0,0,2,0,0,0,3979,0,25,0,0,203,0,0,0,0,0,8,6,165,0,0,0,7,2,16,0,0,6,0,0,8,1,10,6,0,245,3,26,0,72,0,33,0,0,0,0,11,0,0,25,0,0,0,0,0,0,38,0,0,0,1,0,0,0,0,0,65,0,2,0,5,11,12,9,0,5,0,61,0,0,0,0,0,0,0,0,0,0,0,0,2,0,18,0,12,8,4,0,0,12,0,0,2,13,0,0,0,0,0,0,0,35,0,0,7,0,0,0,0,11,0,0,0,0,0,0,0,0,1,0,30,0,14,63,14,9,0,65,0,0,0,0,0,16,0,55,0,0,0,0,0,0,0,0,2,44,0,0,0,2,0,43,53,1,0,0,286,0,0,0,2,0,0,0,0,0,0,0,0,26,0,92,0,0,30,0,0,0,0,11,0,0,0,0,0,0,0,0,0,0,2,1,0,0,0,1,0,0,1,0,174,0,131,21,211,0,0,0,0,0,0,0,1,0,0,0,0,0,0,23,13,13,0,0,0,0,4,0,68,113,0,0,0,0,0,0,0,0,0,11,4,0,0,2,400,453,52,0,98,0,0,0,80,0,0,0,0,4,0,0,0,0,2,163,0,11,0,0,0,0,0,12,0,0,0,0,0,0,11,0,0,4,269,0,3,0,51,0,0,0,0,0,0,0,0,0,2,2,0,61,4,0,0,0,34,0,0,0,4,0,0,0,10,0,0,0,0,0,0,0,0,43,0,3,6,0,0,0,0,0,3,0,3,0,0,0,0,3,0,0,0,0,0,0,29,12,0,0,0,0,3,0,0,12,13,0,31,0,0,2,48,0,0,8,0,0,0,0,0,2,0,0,0,3,51,0,0,0,0,0,0,0,0,0,1,0,0,9,0,0,18,16,0,70,3,0,0,0,5,0,0,0,0,0,0,0,0,0,24,0,3,0,6,6,11,0,4,41,0,0,13,0,60,0,0,0,0,4,0,0,0,0,4,8,0,866,0,0,0,0,0,0,0,12,57,0,0,6,1,27,0,0,23,0,0,6,0,101,65,0,0,0,0,0,0,0,0,8,117,15,4,0,47,0,0,16,0,0,5,0,1,0,0,0,0,0,0,0,2,0,17,4,182,0,3,0,13,0,0,0,0,0,2,0,0,0,1,2,3,0,0,0,3,0,49,0,30,0,0,0,161,0,0,0,16,0,0,0,0,4,0,0,0,0,0,389,0,8,0,0,0,0,0,37,0,0,0,0,0,135,97,0,0,0,0,0,0,0,0,0,0,0,0,569,0,0,105,0,12,0,0,66,0,0
"D262",7,0,0,0,0,55,3,3,0,26,0,0,0,0,0,0,0,0,0,3,0,0,0,0,0,0,0,0,0,16,0,0,0,0,0,0,0,11,0,0,1,0,0,0,0,1,2,9,0,0,0,1,0,0,0,0,0,0,0,0,0,0,0,0,0,0,7,37,16,0,0,5,0,0,0,0,0,0,18,0,0,0,0,16,0,0,29,0,0,5,0,0,0,0,30,0,0,0,0,0,0,0,0,0,0,0,2,0,0,0,0,0,0,0,0,0,0,0,0,0,0,0,0,0,0,2,0,0,0,0,0,0,0,0,0,0,0,0,0,0,0,185,2,0,2,0,0,0,626,0,104,0,0,0,13,0,1,30,0,2,0,9,0,0,0,0,0,0,2,0,0,0,0,35,0,0,0,0,5,0,0,0,0,0,0,58,0,0,0,0,0,0,0,1,0,0,0,0,0,0,0,1,0,3,0,0,0,2,0,0,0,2,0,0,0,0,9,0,0,0,0,0,0,0,0,0,18,0,0,0,61,0,0,0,0,129,0,1,0,0,0,0,0,0,0,0,0,0,0,0,76,0,0,2,0,0,0,11,0,0,0,0,17,0,0,0,0,12,0,0,0,0,0,0,0,0,0,0,0,0,0,0,0,0,0,0,0,0,0,0,0,0,0,0,0,25,0,0,0,0,0,0,4,0,23,2,0,0,2,0,0,0,0,0,5,0,0,0,0,0,0,0,0,0,0,0,0,0,0,0,0,0,51,0,4,0,0,0,0,0,0,0,0,0,0,0,0,0,0,0,0,0,0,0,0,1,0,0,0,0,0,0,0,0,2250,24,0,188,0,0,0,0,0,0,0,0,0,0,0,0,0,0,0,12,0,0,0,0,0,0,0,0,0,0,0,0,0,4,0,9,0,0,10,10,0,0,0,0,3,20,0,0,0,0,0,0,0,5,0,0,0,11,0,0,0,0,0,0,4,0,1,0,0,0,0,0,0,2,0,9,0,0,0,0,0,92,0,1,0,9,0,0,0,0,0,0,2,0,6,0,0,0,2,0,0,0,231,0,0,0,0,0,0,2,0,0,0,60,0,0,4,0,0,38,0,8,0,0,0,0,0,0,6,0,0,2,20,0,0,5,0,0,0,0,27,0,0,0,0,0,24,0,0,7,0,0,36,0,0,0,0,0,0,0,0,0,0,0,0,0,0,10,1,0,0,0,0,0,4,0,0,0,0,0,0,0,0,0,0,16,0,0,0,3,0,0,0,0,0,0,25,0,0,0,0,0,0,15,0,5,0,6,0,1,0,0,338,0,0,0,0,0,0,0,0,0,0,0,0,0,0,1,0,0,0,0,0,0,0,0,0,0,0,0,0,0,5,0,3,0,0,0,4,0,0,0,0,0,0,0,0,0,2,0,0,0,0,0,5,0,5,0,0,0,0,0,0,0,0,0,0,0,82,0,0,52,0,3,10,0,0,0,0,0,0,0,0,3,0,0,0,0,0,0,0,0,0,0,0,7,0,26,0,0,0,0,0,0,0,0,0,0,0,4,0,0,0,0,0,0,0,0,0,7,10,0,0,0,0,0,0,0,0,3,0,0,0,0,0,0,0,0,0,0,0,4,0,0,0,0,0,0,3,404,0,2,0,2,115,0,0,2,0,0,0,0,0,0,4,0,0,0,0,0,6,0,0,0,0,0,0,0,0,0,0,2,0,0,0,0,0,0,0,0,4,0,0,4,0,0,0,0,0,0,0,0,0,0,0,0,0,0,0,2,3,0,0,0,0,0,0,0,0,0,3,0,0,0,0,0,0,0,0,0,0,0,0,0,0,0,0,0,0,0,17,0,0,0,0,0,0,5,0,0,0,0,2,0,0,0,0,0,0,0,0,0
"D263",0,18,34,121,147,0,4,5,28,0,0,102,0,0,39,0,0,0,2,5,0,0,0,0,0,3,1,0,4,0,59,0,30,3,4,0,0,0,0,22,109,2,16,3,0,0,52,0,0,2,0,0,13,7,3,34,0,0,0,2,0,4,4,20,54,39,0,14,22,1,4,0,0,158,0,10,0,0,0,21,9,2,0,0,12,44,0,0,0,7,7,15,0,0,0,3,4,0,0,0,33,0,0,41,43,0,4,0,0,0,8,28,12,10,0,0,0,1,4,242,0,0,1,0,11,44,3,26,2,2,2,0,8,18,9,0,0,9,0,0,18,0,0,0,12,61,0,12,0,3,0,0,14,2,7,27,0,0,0,77,38,0,0,0,0,20,20,2,2,0,2,16,19,0,36,38,0,0,0,23,3,0,1,14,6,0,0,18,4,0,5,20,1,0,0,0,23,7,9,6,38,0,13,0,0,37,0,20,19,0,0,0,3,0,3,47,0,0,0,10,0,21,3,35,14,2,35,6,56,10,0,4,0,6,0,3,9,0,18,0,9,44,7,4,23,1,0,0,8,0,63,21,0,0,0,0,2,123,2,5,6,0,0,0,0,0,5,0,19,3,0,0,0,1,20,5,5,9,0,0,9,0,0,2,2,0,19,4,5,21,0,0,0,39,18,2,0,4,2,122,21,7,4,0,0,0,4,9,15,7,0,2,1,17,288,0,858,62,0,149,14,0,1,5,0,7,1,0,0,0,58,13,0,0,10,9,820,31,4,0,0,1,192,0,0,0,2,0,0,0,0,0,36,3,9,9,14,0,4,0,0,3,19,0,0,0,19,8,102,0,77,22,6,0,0,8,2,29,0,0,2,28,0,0,18,0,12,0,0,25,21,0,3,2,18,3,0,654,0,0,19,6,0,0,9,0,1,31,0,0,18,0,0,1,15,17,4,0,362,0,19,0,0,40,72,208,0,2,0,0,232,0,0,26,0,6,0,2,8,0,4,9,18,81,0,0,0,0,0,0,0,159,1,6,0,0,0,1,0,0,2,26,18,0,107,11,612,0,0,121,8,70,0,0,0,12,0,14,27,0,2,567,2,3,0,0,17,0,74,4,21,0,0,0,0,0,0,0,0,0,7,0,9,4,0,2,33,753,16,0,0,0,0,3,0,46,4,32,3,0,2,0,0,13,2,311,0,0,9,0,0,0,7,0,5,10,2,0,0,72,41,4,8,0,57,0,10,4,773,0,19,11,6,7,5,0,0,0,10,0,4,9,76,0,0,11,0,2,27,0,1,10,8,218,15,0,0,0,0,6,35,6,3,1,0,1,14,0,29,146,40,0,2,3,0,0,0,0,3,0,0,15,355,0,3,5,37,0,0,0,0,10,5,21,0,0,18,4,7,0,0,0,6,0,25,0,9,0,29,23,6757,3,227,0,0,10,14,14,0,2,0,18,0,3,0,0,127,29,0,3,22,1,0,0,3,0,0,0,49,0,11,0,0,0,1,0,12,0,0,0,3,0,20,0,22,12,0,7,0,5,0,0,0,19777,1,0,0,0,6,5,0,6,0,0,0,9,0,296,68,0,3,0,0,3,0,0,87,4,0,0,0,28,35,0,0,0,2,0,0,19,5,27,9,0,0,126,31,0,5,12,128,151,3,41,109,0,7,6,0,0,4,0,6,16,2,13,8,0,3,11,2,2,10,17,0,107,90,0,19,0,7,581,0,0,7,27,7,80,1,29,7,3,8,0,0,0,3,9,7,0,0,4,105,0,4,4,6,0,5,47,27,12,4,2,0,104,323,4749,5,3,4,0,16,0,4,33,4,61,0,0,35,16,0,13,0,0,36,0,0,0,22,0,8,8,0,402,0,0,0,0,4,0,6,0,0,0
"D264",0,0,0,0,0,0,0,0,0,0,0,0,0,0,0,0,0,0,0,0,0,0,0,0,0,0,0,0,0,0,0,0,0,0,0,0,0,0,0,0,0,0,0,0,0,0,0,0,0,0,0,0,0,0,0,0,0,0,0,0,0,0,0,0,0,0,0,13,0,0,0,0,0,0,0,0,0,0,0,0,0,0,0,419,0,0,0,0,0,0,0,0,1225,0,0,0,0,0,0,0,0,0,0,0,0,0,0,0,0,0,0,0,0,0,0,0,0,0,0,0,0,0,0,0,0,0,0,0,0,0,0,0,0,0,0,0,0,0,0,0,0,0,0,0,0,0,0,0,0,0,0,0,0,0,0,0,0,0,0,0,0,0,0,0,0,0,0,0,0,0,0,0,0,0,0,0,0,0,0,0,0,0,0,0,0,0,0,0,0,0,0,0,0,0,0,0,0,0,0,0,0,0,0,0,0,0,0,0,0,0,0,0,0,0,0,0,0,0,0,0,0,0,0,0,0,0,0,0,0,0,270,0,0,0,0,0,0,90,0,0,0,0,0,0,0,0,0,0,0,0,0,0,0,0,0,0,0,0,0,0,0,0,113,0,0,0,0,0,0,0,0,0,0,0,0,0,0,0,0,0,0,0,0,0,0,0,0,0,0,0,0,0,0,0,0,0,0,0,0,0,0,5,0,0,0,0,0,0,0,0,0,0,0,0,0,0,0,0,0,0,0,0,0,0,0,0,0,0,0,0,0,0,0,0,0,0,0,0,0,0,0,0,0,0,0,0,0,0,0,0,0,0,0,0,0,0,0,0,0,26,0,0,0,0,0,0,0,0,0,0,0,0,0,0,0,0,0,0,0,0,0,0,0,0,0,0,0,0,0,0,0,0,0,0,0,0,0,0,0,0,0,0,0,0,0,0,0,0,0,0,0,0,0,0,0,0,0,0,3,0,0,0,0,0,0,0,0,0,0,0,0,0,0,0,0,0,0,0,0,0,0,0,0,0,0,0,0,0,0,0,0,0,0,0,0,0,0,0,3,0,0,0,0,0,0,0,0,0,0,0,0,0,0,0,0,0,0,0,0,0,0,0,0,0,0,0,0,0,0,0,0,0,0,0,0,0,0,0,0,0,0,0,0,0,0,0,0,0,0,0,0,0,0,0,0,0,0,0,0,0,0,0,0,0,0,0,0,0,0,0,0,0,0,0,0,0,0,0,0,0,0,0,0,0,0,0,0,0,0,0,0,0,0,0,0,0,0,0,0,0,0,0,0,0,0,0,0,0,0,0,0,0,0,0,0,0,0,0,0,0,0,0,0,0,0,0,0,0,0,0,0,0,0,0,0,0,0,0,0,0,0,0,0,0,0,0,0,0,0,0,0,0,0,0,0,0,0,0,0,0,0,0,0,0,0,0,0,0,0,12,24,0,0,0,0,0,0,0,0,0,0,0,0,0,0,0,0,2,0,0,0,0,0,0,0,0,7,0,0,0,0,0,0,0,0,0,0,0,0,0,0,0,0,0,0,0,0,0,0,0,0,0,0,0,0,0,0,0,9,0,0,0,0,0,0,0,0,0,0,0,0,0,0,0,0,0,0,0,0,0,0,0,0,0,0,0,0,0,0,0,0,0,0,0,0,0,0,6,0,0,0,0,0,0,0,0,0,0,0,0,0,0,0,0,0,0,0,0,0,0,0,0,0,0,0,0,0,0,0,0,0,0,0,0,0,0,0,0,0,0,0,0,0,0,0,416,0,0,0,0,0,0,0,0,10,0,0,0,0,0,0,0,0,0,0,0,0,29,0,0,0,0,0,0,0,0,0,0,0,0,0,0,0,0,0,0,0,0,0,0,0,0,0,0,0,0,0,0,0,0,0,0,0,1,0,0
"D265",0,0,0,0,0,0,0,0,0,0,0,0,0,0,360,0,0,0,0,0,0,0,0,0,0,0,0,0,0,0,0,0,0,0,0,0,0,0,1596,0,0,0,0,0,0,0,1,1777,0,0,0,0,0,0,0,0,1,0,6,0,180,0,0,0,0,0,0,0,0,5,0,0,248,0,0,0,0,0,0,0,0,0,32,0,0,0,0,35,0,0,0,0,0,0,0,0,18,287,257,0,0,0,0,0,0,12,0,677,0,0,0,0,0,0,400,11,10,61,0,0,0,18,0,0,0,0,38,2,0,0,0,19,12,3,0,0,0,0,948,183,0,0,0,0,0,0,0,0,2,0,0,0,0,0,0,0,0,0,0,0,0,0,0,0,0,0,0,0,118,0,0,1999,0,0,0,0,0,0,0,0,0,0,0,0,0,0,8,0,0,708,0,0,0,0,0,0,0,0,0,4,0,0,0,0,0,0,14,0,0,0,0,0,0,309,0,0,0,0,3,0,0,0,0,0,0,0,0,0,0,0,0,0,0,0,0,0,0,0,0,3,0,0,0,0,0,0,618,0,4,5,0,0,0,32,19,0,0,0,0,0,0,0,0,212,230,0,0,0,0,0,0,0,0,0,0,0,0,0,0,0,0,0,27,0,0,0,0,0,0,2,0,0,0,0,0,0,0,0,0,0,0,0,0,0,0,0,0,0,0,0,300,0,0,0,0,0,0,0,0,0,0,107,0,0,0,0,0,0,117,0,11,0,0,0,0,0,0,0,0,0,0,0,26,0,0,0,0,0,0,0,2,0,0,0,0,0,0,2,0,0,0,0,0,0,0,0,0,0,0,0,0,0,0,0,0,0,0,0,0,0,0,0,0,0,0,0,0,0,0,0,0,0,0,0,0,0,35,0,0,0,0,0,0,4,0,6,0,0,0,0,0,0,0,15,0,0,0,0,4,0,0,0,0,0,0,0,0,0,0,0,0,0,0,0,0,0,0,0,0,0,0,0,0,0,0,0,0,0,0,0,0,0,0,0,0,0,0,0,0,0,0,0,0,0,0,0,0,0,0,0,0,0,1027,0,0,0,5,2,0,0,0,0,0,3,0,3,0,47,0,0,0,0,0,10,65,0,0,0,0,0,0,9,0,105,0,0,0,0,0,0,0,0,0,0,252,0,0,0,0,0,0,0,0,0,0,0,0,0,0,0,0,0,0,0,0,0,0,37,36,0,0,0,0,0,0,16,0,0,1,0,0,0,0,1,0,714,0,0,0,0,3,0,0,0,0,0,0,0,0,0,0,0,0,0,0,0,0,1120,0,0,0,0,0,0,0,0,0,0,0,0,0,0,0,0,0,5,2153,0,0,86,345,0,0,0,0,0,30,0,0,0,0,0,0,0,98,0,0,0,0,59,0,0,13,0,0,0,0,454,0,0,0,15,0,0,78,0,0,0,0,0,0,0,0,0,60,0,0,0,0,0,0,0,61,0,0,0,0,0,677,278,0,0,0,0,0,1728,0,985,37,0,0,0,0,0,0,0,0,0,0,0,250,0,0,0,0,30,0,0,0,0,15,0,125,0,0,0,243,0,0,0,0,0,0,0,0,0,0,0,40,0,0,0,0,56,0,0,0,0,2,0,0,0,0,0,1,0,0,0,0,0,0,2,0,0,0,502,0,0,0,0,0,0,0,0,0,0,0,950,0,0,0,0,0,0,0,0,0,2642,0,0,0,0,0,1017,0,0,0,0,0,0,0,0,0,0,0,0,0,0,0,0,18,0,0,0,0,0,0,0,0,0,0,0,0,0,0,0,0,0,0,0,0,10,0,0,0,0,0,0,0,0,3,0,0,0,0,5609,0,223,0,0,0,0,0,0,0,0,0,0,12,0,0,34,0,0,0,0
"D266",0,0,68,0,0,0,0,0,0,0,0,0,0,0,0,90,5,0,11,0,3,1,2,0,0,0,0,186,3,0,0,0,139,5,0,0,0,0,0,9,3,0,0,3,13,0,2,0,11,13,0,0,0,5,36,35,0,251,0,58,2,0,0,6,21,14,0,0,2,0,0,0,0,0,0,0,0,0,0,32,0,8,0,0,0,0,0,0,146,0,0,7,0,2,0,0,0,0,0,4,40,0,2,107,0,0,0,0,0,0,0,100,0,2,0,0,0,0,0,0,0,0,3,2,0,0,7,2,1,0,0,315,0,0,10,7,5,0,0,0,0,0,0,0,0,118,1,12,0,0,0,27,21,2,0,3,0,0,0,0,76,0,0,4,0,29,41,0,0,0,0,0,0,0,26,63,0,0,0,0,0,0,0,45,0,0,0,0,0,0,0,0,5,0,0,0,0,2,0,0,0,0,0,0,0,0,0,0,8,8,0,0,7,0,0,68,0,0,0,0,0,0,8,5,623,10,0,0,0,0,0,12,0,2,0,0,0,0,56,0,0,0,27,0,0,3,0,0,0,0,0,0,0,0,0,0,0,16,23,0,0,0,0,0,0,11,0,0,4,4,14,0,0,6,0,28,0,0,0,21,0,0,0,0,0,7,23,8,0,6,0,0,0,2,2,0,0,0,5,0,3,0,0,0,0,0,2,7,0,0,0,1,0,0,5,0,27,0,0,5,2,0,18,0,0,0,0,0,0,0,0,0,18,1,0,2,92,0,0,0,2,0,0,0,25,0,11,11,0,0,0,0,0,12,1,0,0,0,0,0,0,0,0,9,0,0,7,0,18,12,0,0,2,0,0,2,0,0,5,3,0,43,1,1,0,0,0,0,0,98,1,0,37,0,0,0,0,326,0,0,4,0,0,0,0,0,0,0,0,0,6,0,0,0,0,8,4,0,9,12,0,0,4,5,83,0,260,0,0,0,8,1,0,3,0,0,0,0,16,0,0,19,0,2,0,0,0,2,127,0,0,5,1,2,37,0,0,0,0,0,4,0,213,0,0,1,0,3,66,44,0,20,0,0,0,41,0,0,20,3,0,0,0,0,25,0,0,0,23,30,290,0,0,0,0,0,0,0,0,0,0,0,12,0,0,0,0,0,0,0,0,20,60,0,0,0,0,0,51,0,0,8,0,5,0,136,0,0,0,109,45,0,0,30,0,0,0,0,0,0,134,66,5,0,5,0,0,0,0,0,4,7,0,0,0,0,0,0,0,0,0,0,0,0,0,0,0,0,0,0,7,0,2,6,0,1,0,0,0,0,0,0,4,2,0,3,0,0,30,1,0,0,0,23,0,0,0,182,4,0,0,0,0,0,0,2,0,0,0,0,0,7,0,0,0,5,0,14,19,0,0,0,0,7,22,392,0,0,0,0,0,0,0,0,0,3,0,0,1,0,0,7,0,0,0,0,0,0,0,2,3,1,0,6,65,2,0,0,9,0,81,0,13,0,0,0,0,0,0,0,0,0,0,0,0,0,0,1,0,0,0,0,0,0,0,0,0,0,0,12,0,14,0,0,0,0,0,1540,151,0,0,0,0,6,0,13,0,17,0,3,0,83,37,0,0,0,9,3,0,227,13,51,4,0,0,0,0,0,0,55,4,0,0,1,2,0,0,16,0,55,0,24,3,1,0,3,0,0,0,0,31,0,0,7,0,0,16,0,3,0,0,5,0,0,0,0,0,0,0,0,0,0,26,0,0,0,0,0,0,0,0,11,24,0,0,0,3,0,0,0,0,50,158,0,0,0,0,704,4,10,0,0,0,0,0,0,7,14,0,0,0,0,4,9,0,0,0,0,0,16,0,0,0,6,0,948,0,0,0,0,12,0,0,4,0,0
"D267",2,0,96,282,1,0,6,18,4,0,0,82,0,20,21,66,8,0,10,1,0,0,12,0,4,17,3,0,0,0,16,0,0,36,24,25,0,0,0,0,90,0,67,5,128,1,0,0,83,13,0,0,36,13,0,34,0,0,29,5,0,4,0,0,0,46,0,56,255,14,1,18,0,66,2,0,51,32,0,0,0,11,0,0,2,0,0,0,7,14,5,0,0,11,0,0,16,0,0,0,82,0,0,0,58,14,1,0,6,0,19,62,11,10,0,3,0,0,18,80,0,0,21,0,0,0,1,0,0,20,11,0,17,0,36,40,2,0,0,3,13,0,0,74,198,420,1,15,0,1,0,5,3,0,13,2,173,0,0,250,76,0,5,2,0,0,47,0,7,0,49,0,35,0,3,0,8,0,0,20,6,0,15,82,36,0,0,0,25,0,16,0,0,0,0,0,4,14,25,0,52,0,24,7,16,111,0,81,1,4,0,7,11,0,0,0,0,3,0,7,0,21,20,4,0,30,0,13,119,12,0,33,0,17,0,0,5,0,28,0,64,0,13,13,23,2,0,0,0,0,34,4,10,3,0,17,18,111,24,83,347,122,0,0,0,6,0,0,0,3,0,13,25,0,1,0,11,36,43,0,19,0,0,4,7,0,2,90,7,44,87,9,93,21,7,0,0,4,12,75,0,0,6,0,0,4,9,4,12,12,0,6,30,0,0,0,47,68,39,427,0,0,0,4,0,5,0,0,0,0,0,53,0,0,2,14,0,32,4,0,0,0,3,0,2,1,8,59,0,0,0,2,0,0,58,77,48,0,15,0,0,0,7,0,0,0,4,0,0,20,19,194,0,0,0,3,0,0,22,6,0,0,72,0,9,0,1,0,7,0,6,77,11,0,15,57,0,338,0,0,7,4,171,0,7,0,0,26,0,0,33,0,0,4,68,39,0,0,2,0,65,2,0,3,25,13,8,45,1,0,132,0,4,226,12,0,11,35,40,0,38,230,7,60,10,0,0,0,0,4,0,0,0,89,0,0,43,11,0,0,0,52,161,0,99,0,72,0,0,0,29,70,0,0,22,2,20,0,12,0,39,68,44,3,42,0,9,0,13,87,83,0,0,0,0,0,0,8,0,5,11,0,8,12,2,1,47,0,19,0,0,45,6,31,0,20,4,118,0,0,0,6,0,0,4,108,88,7,1,0,41,0,0,0,0,7,18,2,0,0,353,6,35,0,280,0,3,46,65,0,12,5,376,0,5,0,0,0,31,0,3,87,53,23,0,0,0,0,6,0,0,0,23,455,36,0,0,0,0,73,0,51,5,13,2,35,9,0,6,9,148,1,2,0,7,0,0,23,72,0,0,3,244,313,3,0,16,0,0,0,0,26,15,4,0,7,27,0,0,0,0,4,6,15,40,0,6,0,31,0,1,0,0,116,0,27,44,8,0,83,0,9,0,0,0,0,3,17,6,28,0,17,0,0,11,618,11,8,0,0,43,0,11,11,33,0,0,0,0,0,14,0,32,0,35,15,0,3,0,55,0,3,9,0,0,0,0,6,0,16,0,0,0,0,0,13,0,568,0,0,0,0,0,19,0,0,17,27,0,0,6,27,6,0,0,15,0,11,0,38,40,0,7,0,0,21,0,0,0,2,93,166,6,4,74,0,7,0,0,0,26,2,5,10,108,0,17,0,13,4,6,6,0,39,0,2,95,0,14,10,0,55,0,1,9,0,2,24,3,4,1,44,131,0,0,0,59,34,25,0,0,2,257,0,0,0,6,0,4,0,1,18,2,5,5,170,157,80,2,9,34,0,12,0,31,6,7,117,0,0,75,3,0,23,0,0,0,2,0,0,11,12,100,1,0,534,0,3,9,0,5,2,0,88,0,216
"D268",8,0,0,2,0,135,0,0,0,15,0,0,12,0,0,0,0,2,0,0,0,0,0,0,2,0,0,0,0,12,2,0,0,0,0,0,0,261,0,10,0,11,2,0,0,3,42,10,0,0,0,0,0,0,0,0,0,0,19,0,525,0,5,0,0,0,29,0,101,0,0,0,0,0,0,0,0,11,0,0,0,0,0,0,0,0,47,0,0,0,0,0,0,0,1,0,0,0,0,0,0,0,0,0,3,0,7,0,28,0,0,0,14,0,0,0,0,0,0,1,0,0,0,0,0,0,0,0,0,0,5,11,0,0,0,0,0,0,0,4,0,595,7,0,0,0,0,0,2113,0,941,0,0,0,31,0,0,523,0,0,0,2,0,0,0,0,0,0,0,2,0,0,0,96,0,0,0,0,403,5,0,0,0,0,0,70,0,0,0,0,0,4,0,52,161,0,0,2,0,0,0,19,0,0,0,0,0,0,0,0,0,0,0,0,0,0,31,0,0,0,0,0,0,0,0,0,4,3,0,0,20,0,0,0,0,1060,0,0,3,0,0,0,0,0,0,0,0,0,0,0,21,4,0,13,0,0,0,0,0,0,3,0,2,0,0,0,17,21,0,0,0,0,0,0,0,0,0,0,0,0,0,6,0,0,0,0,0,3,0,0,0,2,0,0,0,3,0,0,0,0,0,4,0,134,80,2,0,0,7,0,0,0,0,0,24,0,0,0,0,0,0,0,0,0,0,3,0,0,0,0,0,0,216,0,3,0,0,0,0,0,6,0,0,3,0,0,0,0,0,0,0,0,3,0,0,0,12,0,0,0,2,0,0,0,4458,46,0,2082,0,0,0,5,0,0,0,0,0,0,0,0,0,0,5,142,0,0,0,0,13,0,0,0,0,0,0,7,0,12,23,12,0,0,515,33,0,0,7,0,8,0,0,0,0,0,0,0,0,0,5,0,0,0,0,0,0,8,0,0,18,0,7,0,0,0,0,3,0,0,0,69,0,5,0,0,0,515,0,4,3,20,0,3,0,0,0,0,0,0,0,0,0,0,18,0,0,0,38,0,0,0,0,0,0,59,0,0,0,3,0,0,9,2,0,8,0,160,0,0,0,0,0,0,18,0,0,2,108,0,0,8,0,0,0,0,0,0,0,5,0,0,0,0,0,0,0,2,11,0,0,4,0,0,0,0,0,0,7,0,0,0,0,1,23,0,0,0,0,0,14,5,0,0,0,0,22,0,0,0,0,305,0,0,0,0,0,0,0,0,0,5,0,25,0,0,0,0,0,126,0,187,0,0,0,0,0,0,281,0,0,0,0,0,0,0,0,0,0,0,0,0,0,0,3,5,0,0,0,0,0,0,0,0,0,0,5,0,0,0,9,5,12,0,11,0,0,0,0,0,0,0,0,0,0,0,0,0,0,0,33,6,481,0,0,0,0,0,0,0,0,3,35,0,44,0,0,0,0,51,8,0,0,0,0,0,0,0,18,2,8,0,0,0,0,0,0,0,0,0,0,370,0,187,0,0,0,0,7,0,0,0,0,6,0,0,0,0,0,0,0,0,0,0,0,105,16,0,0,4,0,0,0,0,18,0,0,0,0,0,0,0,0,0,0,11,0,0,0,0,0,0,0,0,0,0,0,11,0,690,0,0,2,0,0,0,0,0,0,0,0,0,0,0,3,0,11,0,0,0,0,0,0,0,0,0,0,0,0,0,0,0,0,0,0,4,0,6,0,2,0,0,7,8,2,199,0,3,2,0,0,0,4,0,0,3,54,0,0,6,0,0,0,3,0,0,0,0,0,0,0,0,0,0,2,0,0,0,0,0,0,0,0,0,0,0,182,0,0,0,0,0,6,0,0,0,0,0,0,0,0,0,0,0,0,46,0,0
"D269",0,0,0,0,0,0,0,0,0,0,0,0,0,0,0,0,0,0,0,0,0,0,0,0,0,0,0,0,0,2,0,0,0,0,0,0,0,0,0,0,0,0,0,0,0,0,2,0,0,0,0,0,0,0,0,0,0,0,0,0,0,0,0,0,0,0,0,0,0,0,0,0,0,0,0,0,0,0,2,0,0,0,0,0,0,0,0,0,0,0,0,0,0,0,0,0,0,0,0,0,0,0,0,0,0,0,0,0,0,0,0,0,0,0,0,0,0,0,0,0,0,0,0,0,0,0,0,0,0,0,0,0,0,0,0,0,0,0,0,0,0,0,0,0,0,0,0,0,0,0,0,0,0,0,0,0,0,0,0,0,0,0,0,0,0,0,0,0,0,0,0,0,0,0,0,0,0,0,0,0,0,0,0,0,0,0,0,0,0,0,0,0,0,0,0,0,0,0,0,4,0,0,0,0,0,0,0,0,0,0,0,0,0,0,0,0,0,0,0,0,0,0,0,0,0,0,0,0,0,0,0,0,0,0,0,0,0,0,0,0,0,0,0,0,0,0,0,0,0,0,24,0,0,0,0,0,0,0,0,0,0,0,0,0,0,0,0,0,0,0,0,0,0,0,0,0,0,0,0,0,0,0,0,0,0,0,0,0,0,0,0,0,0,0,0,0,0,0,0,0,0,0,0,0,0,0,0,0,0,0,0,0,0,0,0,0,0,0,0,0,0,0,0,0,0,0,0,0,0,0,0,0,0,0,0,0,0,0,0,0,0,0,0,0,0,0,0,0,0,0,0,0,0,0,0,0,0,0,0,0,0,0,0,0,0,0,0,0,0,0,0,0,0,0,0,0,0,0,0,0,0,0,0,0,0,0,0,0,0,0,0,0,0,0,0,0,0,0,0,2,0,0,2,0,0,0,0,0,2,0,0,0,0,0,0,0,0,0,0,0,0,0,0,0,0,0,0,0,2,0,0,0,0,0,0,0,0,0,0,0,0,0,0,0,0,0,0,0,0,0,0,0,0,0,0,0,0,0,0,243,0,0,0,0,0,0,0,0,0,0,0,0,0,0,0,0,0,14,0,0,0,0,0,6,0,0,0,0,0,0,0,0,0,0,0,0,0,0,0,0,0,0,0,0,0,0,0,0,0,0,0,0,0,0,0,0,0,0,0,0,0,0,0,0,0,0,0,0,0,0,0,0,0,0,0,0,0,0,0,0,0,0,0,0,0,0,0,0,0,0,0,0,0,0,0,0,0,0,0,0,0,0,0,0,0,0,0,0,0,0,0,0,0,0,0,0,0,0,0,0,0,0,0,0,0,0,0,0,0,0,0,0,0,0,0,0,0,0,0,0,0,0,0,0,0,0,0,0,0,0,0,0,0,0,0,0,0,0,0,0,0,0,0,0,0,0,0,0,0,0,0,0,0,0,0,0,0,0,0,0,0,0,0,0,0,0,0,0,0,0,0,0,0,0,0,0,0,0,0,0,0,4,0,0,0,0,0,0,0,0,0,0,0,0,0,0,0,0,0,0,0,0,0,0,0,0,0,0,0,0,0,0,0,0,0,0,0,2,0,0,0,0,0,0,0,0,0,0,0,0,0,0,0,0,0,0,0,0,0,0,0,0,0,0,0,0,0,0,140,0,0,0,0,0,0,0,0,0,0,0,0,0,0,0,0,0,0,0,0,0,0,0,0,0,0,0,0,0,0,0,0,0,0,0,0,0,0,0,0,0,0,0,0,0,0,0,0,0,0,0,0,0,0,0,0,0,0,0,0,0,0,0,0,0,0,0,0,0,0,0,0,0,0,0,0,0,0,0,0,0,0,0,0,0,0,0,0,0,0,0,0,0,0,0,0,0,0,0,0,0,0,0,0,0,0,0
"D270",0,0,0,0,0,0,0,0,0,0,0,0,0,0,0,0,0,0,0,0,0,0,0,0,0,0,0,0,0,4,0,0,1,0,0,0,0,0,0,12,0,0,0,0,0,0,2,0,0,0,0,0,0,0,0,0,0,0,0,0,0,0,0,0,0,0,0,335,0,0,0,0,0,0,0,0,0,0,0,0,0,0,0,208,0,0,0,0,0,0,0,0,0,0,0,0,0,0,0,0,0,0,0,0,0,0,0,0,0,0,0,0,0,0,0,0,0,0,0,0,0,0,0,0,0,0,0,0,0,0,0,0,0,0,0,0,0,0,0,0,0,0,0,0,0,0,0,0,0,0,0,0,0,0,15,0,0,0,0,0,0,0,0,3,0,0,0,0,0,0,0,0,0,0,0,0,0,0,0,0,0,0,0,0,0,0,0,0,0,0,0,0,0,0,0,0,0,0,0,0,0,0,0,0,0,0,0,0,0,0,0,0,0,0,0,0,0,0,0,0,0,0,0,0,0,0,0,0,0,0,0,0,0,0,0,0,0,0,0,0,0,0,0,0,0,0,0,0,0,0,1800,0,0,0,0,0,0,8,0,0,0,0,0,0,0,0,0,0,0,0,0,0,0,0,0,0,0,0,0,0,0,0,0,0,0,0,0,0,0,0,0,0,0,0,0,223,0,0,0,0,0,32,0,0,0,0,0,0,0,0,0,0,0,0,0,0,0,0,0,0,0,0,0,0,0,0,0,0,0,0,0,0,0,0,74,0,0,0,0,0,0,0,0,0,0,0,0,0,4,0,0,0,2,0,0,0,0,0,0,223,0,0,0,0,0,0,0,0,0,0,0,0,0,0,0,0,0,0,0,0,0,0,0,0,0,0,0,0,56,0,0,0,0,0,0,0,0,0,0,0,0,0,0,0,0,0,0,0,0,0,0,0,0,0,0,0,0,0,0,0,0,0,0,0,0,127,0,0,0,0,0,0,0,0,0,0,0,0,0,0,0,0,0,0,0,0,0,0,0,0,0,0,0,0,0,0,0,0,62,0,0,0,0,0,0,0,0,0,0,0,0,0,0,0,0,0,0,2,0,0,0,0,0,111,0,809,0,0,0,0,0,0,0,0,0,0,0,0,0,0,0,0,0,0,0,0,0,0,0,0,0,0,0,0,0,0,0,0,0,0,0,0,0,0,0,0,0,0,0,0,0,0,5,0,0,0,0,0,0,0,0,0,0,0,0,0,0,0,0,0,0,0,0,0,0,0,0,0,0,0,0,0,0,0,0,0,0,0,0,0,0,0,0,0,0,0,0,0,0,0,0,0,0,0,0,0,0,0,0,0,0,0,0,0,0,0,0,0,0,0,0,0,0,0,0,0,0,0,0,0,0,0,0,0,0,0,0,0,0,0,0,0,0,0,0,0,0,0,0,10,0,0,0,0,0,0,0,0,0,0,0,0,0,0,0,0,0,6,0,0,0,0,0,0,0,0,0,0,0,0,0,0,0,0,0,0,0,0,0,0,0,0,0,0,0,0,0,0,0,0,0,0,0,0,0,0,0,0,341,0,0,0,0,0,0,0,0,0,0,0,0,0,4,0,0,0,0,0,0,0,0,0,0,0,0,33,0,0,0,0,0,0,0,0,0,0,0,0,0,0,0,0,0,0,0,0,0,0,0,0,0,0,0,0,2,0,0,0,0,0,0,0,0,0,0,0,0,0,0,0,0,0,0,0,0,0,0,1281,0,0,0,0,0,0,0,87,0,0,0,0,0,0,0,0,0,0,0,0,0,0,0,0,0,0,0,0,0,158,0,0,0,0,0,0,0,0,0,0,0,0,0,0,0,0,0,0,0,0,0,0,0,0,0,0,0,0,0,0,0,0,0,0,0,0,0,0
"D271",21,0,5,0,0,0,0,9,0,163,0,0,0,0,0,0,0,0,0,0,0,0,0,0,0,0,0,0,0,0,0,0,3,0,0,0,0,0,0,0,0,0,0,0,0,0,14,0,0,0,0,0,0,0,0,0,0,0,0,0,0,0,0,0,93,0,0,4,0,0,0,0,0,0,0,0,0,0,0,0,0,0,0,0,0,0,0,0,0,7,0,0,0,0,693,0,0,0,0,0,0,0,0,0,0,14,0,0,0,0,0,0,0,0,0,0,0,0,0,0,0,0,0,0,0,0,0,0,0,0,0,0,0,0,0,0,0,0,0,0,0,0,0,27,0,0,0,0,0,0,0,0,0,0,1854,0,0,0,0,0,0,0,0,0,0,0,0,0,0,2,0,0,0,0,0,0,0,0,0,0,0,0,0,0,0,0,0,0,0,0,0,0,0,0,0,0,9,0,0,4,0,0,0,0,0,0,0,0,0,0,0,0,0,0,0,0,0,0,0,0,0,0,0,0,0,0,0,0,0,0,915,0,0,0,0,0,0,0,0,0,0,0,0,0,0,0,0,0,0,0,1386,0,0,0,0,0,0,0,0,0,0,0,0,0,0,0,2,0,0,0,0,0,0,0,0,0,0,0,0,0,0,0,0,0,0,0,0,0,0,0,0,0,0,0,0,2,0,5,0,0,0,0,68,0,0,0,0,0,0,0,0,0,0,0,0,0,2,0,0,0,0,0,0,0,0,0,0,0,0,0,0,0,0,0,0,0,0,0,10,0,0,0,0,21,0,0,0,0,0,0,0,0,0,0,0,0,0,0,0,1735,0,0,5,0,0,0,0,0,0,0,0,0,0,0,0,0,1,0,0,0,0,0,0,0,0,0,0,0,234,0,0,0,0,0,0,0,0,23,0,24,0,0,6,37,2,0,0,0,0,0,0,0,0,1,0,0,0,1,0,0,0,0,0,0,0,516,0,0,0,0,0,0,0,0,0,0,0,0,0,0,0,0,1,5,0,0,0,0,0,19,0,0,0,0,0,0,0,0,17,0,0,0,0,0,0,0,0,0,0,0,0,0,0,5,0,0,0,489,0,0,0,0,0,0,0,1,0,0,0,0,0,0,0,0,0,0,0,0,0,85,0,0,0,0,0,0,0,5,0,0,60,0,0,0,0,20,0,0,0,0,0,0,0,0,0,0,0,0,0,0,0,0,0,0,0,0,0,0,2,0,0,0,0,0,0,0,0,0,0,0,0,0,0,0,0,0,0,0,0,0,6,0,0,0,0,0,0,0,0,0,0,54,0,0,0,0,0,0,0,0,0,0,0,0,0,0,0,0,0,0,0,0,0,0,0,0,0,0,0,0,0,0,0,0,3,0,61,0,0,0,17,0,0,0,0,0,0,0,0,0,0,0,0,0,0,0,0,0,22,18,568,0,0,0,0,0,0,0,0,0,0,0,0,0,0,0,0,381,0,0,0,0,0,0,0,0,0,0,0,0,0,49,0,0,0,0,0,0,0,0,0,0,0,0,0,0,0,0,2,0,0,0,0,0,0,0,0,0,6,0,0,0,0,0,0,0,0,0,0,0,0,0,0,0,0,0,0,0,0,0,0,0,0,0,0,407,0,0,11,0,0,0,0,0,0,0,0,168,0,0,0,0,0,0,0,0,0,0,0,0,0,0,0,0,64,0,0,0,0,0,0,0,0,0,0,4,0,0,0,0,0,0,0,0,0,0,0,0,0,0,0,3,0,0,1,2,0,0,0,0,0,0,0,0,61,0,0,0,0,0,0,0,0,0,3,0,0,174,0,0,0,0,0,0,0,0,0,0,0,0,0,0,0,0,0,0,0,0,0,0,0,0,0,0,0,0,0,0,0,0,0,24,0,0,0,0
"D272",0,0,0,0,0,30,0,0,0,7,0,0,0,0,0,0,0,0,0,0,0,0,0,0,0,0,0,0,0,0,0,0,0,0,0,6,0,0,0,0,0,0,0,0,0,0,20,0,0,0,0,0,0,0,0,0,0,0,0,0,0,0,0,0,0,0,4,0,0,0,0,12,0,0,0,0,0,0,0,0,0,0,0,0,0,0,31,0,0,0,0,0,0,0,0,0,0,0,0,0,0,0,0,0,0,0,0,0,0,0,0,0,0,0,0,2,0,0,0,0,0,0,0,0,0,0,0,0,0,0,0,0,0,0,0,0,0,0,0,0,0,0,0,0,0,0,0,0,35594,0,35,0,0,0,0,0,0,3,0,0,0,0,0,0,0,0,0,0,0,0,0,0,0,7,0,0,0,0,14,0,0,0,0,0,0,1513,0,0,0,0,0,0,0,4,5,0,0,0,0,0,0,0,0,0,0,0,0,0,0,0,0,0,0,0,0,0,0,0,0,0,0,0,0,0,0,0,0,0,0,0,0,0,0,0,0,6700,0,0,0,0,0,0,0,0,0,0,0,0,0,0,0,0,0,0,0,0,0,9,0,0,0,0,4,0,0,0,2,0,0,0,0,0,0,0,0,0,0,0,0,0,0,0,0,0,0,0,0,0,0,0,0,0,0,0,0,0,0,0,0,0,0,0,0,9,0,3,0,0,0,0,0,0,0,0,0,0,12,0,0,0,0,0,0,0,0,0,0,0,0,0,0,4,27,0,0,0,0,0,0,0,0,0,0,0,0,0,0,0,0,0,0,0,0,0,0,0,0,0,0,0,0,0,0,0,110,0,0,17,0,0,0,0,0,0,0,0,0,0,0,0,0,0,0,0,0,0,0,0,0,0,0,0,0,0,0,0,0,0,7,65,0,0,0,25,0,9,3,0,2,0,0,0,0,0,0,0,0,0,0,0,0,0,0,0,0,0,0,0,2,0,0,0,0,0,0,0,0,0,0,2,0,0,0,0,0,1,0,0,0,48,0,0,0,0,0,0,0,0,0,0,0,0,0,0,0,0,0,0,0,0,0,0,2,0,0,0,0,1,0,0,0,0,0,0,0,0,0,0,0,0,4,0,0,0,0,0,0,0,0,0,0,0,0,0,0,0,0,0,0,0,20,0,0,0,0,0,17,0,0,0,0,0,0,0,0,0,0,0,0,0,0,0,0,0,0,0,0,0,0,13,2,0,0,0,0,0,0,0,0,0,0,0,0,0,0,0,0,0,0,0,0,0,0,0,0,0,0,0,0,5,0,0,0,0,0,0,0,0,0,0,0,0,0,0,0,0,0,0,0,0,0,0,0,0,0,0,0,0,0,0,0,0,0,0,0,0,0,0,0,0,0,0,1,0,0,0,0,0,0,0,0,0,0,0,0,0,0,0,0,0,20,0,0,0,0,0,0,0,0,0,0,0,0,0,0,0,0,0,0,0,0,0,0,0,0,0,0,0,0,0,0,0,0,0,0,0,0,0,0,0,0,0,0,9,0,0,0,0,0,0,0,0,0,0,0,0,0,0,4,0,0,0,0,11,45,0,0,0,7,0,0,0,0,0,0,0,0,0,0,0,0,0,0,0,0,0,0,0,0,0,0,0,0,0,0,0,0,142,17,0,0,0,0,0,0,0,0,0,0,0,0,0,0,0,0,0,0,0,0,0,0,0,0,0,0,0,0,2,0,0,0,0,0,0,0,0,0,0,0,0,0,0,0,1,0,0,0,0,0,0,0,0,0,0,5,0,0,0,0,0,0,0,0,0,0,0,0,0,0,0,0,0,0,0,0,0,0,0,0,0,0,0,0,0,89,0,0,0,0,0,0,0,0,0,0,0,0,0,0,0,0,2,0,0,0,0
"D273",0,0,0,5,0,0,0,0,0,4,8,0,0,0,0,0,0,0,0,0,0,0,0,0,34,0,2,0,0,0,0,6,0,0,0,25,6,0,21,0,4,0,0,0,25,0,4,0,0,0,5,0,0,0,0,0,0,0,94,0,0,0,0,0,0,0,0,5,0,0,0,0,30,0,0,0,0,0,0,0,0,0,0,0,0,0,9,0,0,11,0,0,0,0,0,0,10,157,85,9,0,0,0,0,4,0,0,13,0,0,0,0,0,0,55,3,10,0,0,0,0,194,0,0,0,0,0,96,0,8,0,398,44,0,0,0,0,0,71,0,0,0,0,0,2,22,0,0,0,0,0,0,0,0,0,0,0,0,0,0,0,0,0,0,0,0,0,0,0,0,0,106,0,0,0,0,0,4,6,0,0,0,0,0,0,0,0,0,0,65,18,0,0,0,0,0,0,0,0,0,22,0,0,0,0,0,66,5,0,0,0,2,0,0,0,0,0,29,27,0,0,0,0,0,0,0,0,0,0,0,6,0,0,0,0,0,0,0,0,4,0,0,0,0,0,0,118,0,17,0,0,0,3,0,6,0,2,2,0,0,0,82,0,32,0,0,0,0,0,0,0,0,23,0,0,0,37,0,0,0,1,0,449,0,0,0,0,12,0,0,0,0,0,0,0,0,0,0,0,0,0,0,0,0,0,0,0,0,0,1,0,0,0,0,0,9,0,0,205,0,0,0,0,0,0,0,12,4,696,16,101,0,0,0,0,0,0,0,0,0,0,0,69,0,0,0,0,0,0,0,0,0,0,0,0,26,0,0,0,0,0,0,0,0,0,0,0,0,0,0,0,0,1,96,0,0,0,0,0,0,0,0,0,1,0,52,0,0,0,0,0,0,0,0,0,0,0,0,4,0,0,0,0,6,0,0,2,0,0,0,0,0,0,0,0,0,0,0,24,0,0,0,0,0,0,0,6,0,0,0,0,0,0,0,0,0,0,0,0,0,0,0,0,0,0,0,0,0,0,0,0,0,0,0,0,15,0,0,0,0,0,0,0,0,0,0,0,0,0,0,0,0,19,0,0,0,21,0,0,0,0,0,0,0,0,1,0,25,0,0,0,8,0,23,530,0,0,0,0,0,0,10,0,0,0,27,0,0,3,0,0,0,0,0,208,3,0,0,0,0,0,0,0,0,0,0,0,0,0,0,0,0,0,0,0,0,0,213,0,0,0,0,0,33,3,13,0,0,0,0,0,0,0,0,0,143,0,47,0,2,0,11,0,0,0,19,5,0,0,0,0,0,0,0,0,0,0,7,0,0,0,0,0,8,0,0,13,0,0,0,0,1,0,0,0,755,17,0,0,0,36,0,0,0,0,0,0,3,0,0,8,0,0,0,59,0,0,0,16,0,0,0,5,0,0,0,0,40,37,0,0,0,0,0,0,0,0,3,0,0,0,0,0,0,36,0,0,0,0,0,0,0,29,0,0,0,0,0,8,0,0,16,0,0,0,54,0,29,29,0,0,0,0,0,0,3,0,0,0,0,12,0,0,0,540,0,0,0,0,0,0,0,14,0,8,0,15,0,0,0,0,0,0,0,0,0,0,0,29,0,0,0,0,517,0,0,0,6,0,0,5,0,0,5,0,0,0,0,0,0,10,36,0,0,0,87,0,0,13,0,2,0,0,0,0,0,0,559,0,0,0,0,0,5,0,0,0,130,8,4,0,0,0,0,0,0,0,0,13,0,0,0,12,0,0,0,0,0,0,0,3,0,4,0,0,0,0,0,0,0,0,0,0,0,0,0,0,13,0,0,1,0,0,1,0,0,0,0,0,0,31,0,1089,0,0,395,0,156,0,0,0,3,0,0,0,0,5,0,10,0,0,0,0,0,2,0
"D274",2,0,1,0,47,0,0,0,0,0,175,88,0,0,4,0,0,0,13,0,7,0,0,0,500,1,0,0,0,0,0,0,0,1,11,0,0,0,0,0,3,2,0,33,432,0,0,0,0,9,39,0,5,15,122,0,0,0,287,4,0,0,134,0,0,0,0,37,71,3,0,3,0,0,3,20,0,0,0,34,25,2,0,0,0,13,0,0,0,0,0,0,0,52,0,12,3,0,0,19,8,0,0,3,84,0,0,0,4,0,0,182,31,103,0,1393,0,0,2,0,0,0,2,4,0,0,0,5,0,18,16,0,0,0,0,0,9,1,0,0,5,0,0,0,0,0,3,19,1,0,0,6,19,0,0,0,0,0,9,0,12,0,0,8,0,0,0,0,0,0,0,0,0,0,0,0,8,0,0,0,5,0,0,40,0,0,0,0,15,0,0,0,0,0,0,0,0,0,3,0,0,2,0,0,0,0,0,0,0,0,75,0,19,0,8,0,0,2,0,1,0,79,2,5,0,0,0,0,0,0,0,8,0,0,50,0,0,0,0,0,0,0,0,0,1,0,0,0,0,0,0,0,14,0,0,11,14,0,7,12,0,65,0,0,0,0,0,0,8,18,277,0,0,0,13,4,26,0,0,0,2,0,4,0,15,6,0,395,12,21,0,110,7,17,2,0,0,0,6,0,0,0,0,0,0,0,3,0,1,73,0,0,5,4,0,0,0,2,40,0,7,0,19,12,2,15,8,11,0,99,0,0,0,5,0,0,0,0,0,0,0,0,0,0,23,0,21,0,1,0,0,2,0,0,0,22,18,0,0,0,0,0,0,5,2,0,0,0,0,0,0,0,0,0,0,11,4,0,0,0,0,0,317,0,9,51,19,59,0,99,3,0,0,0,0,1,0,28,0,0,0,28,0,0,0,0,0,112,0,0,0,2,0,0,5,0,0,0,258,0,0,0,0,0,0,0,0,0,0,0,0,6,0,80,0,0,3,0,0,0,0,96,0,0,0,2,0,0,0,0,20,0,8,0,0,0,0,3,0,0,0,0,630,0,194,39,74,0,0,0,0,54,0,7,4,1,0,0,0,0,0,0,14,0,0,0,0,0,5,0,106,145,0,0,0,0,0,0,0,0,0,9,9,0,0,0,332,0,45,0,0,0,1,0,0,0,0,0,0,13,0,0,0,0,2,253,0,23,0,0,0,0,0,29,2,0,9,0,0,0,56,2,29,3,76,0,8,0,195,0,0,0,0,0,6,0,0,0,2,0,0,197,2,0,0,0,73,0,0,0,16,0,1,0,27,0,0,0,0,0,0,0,0,59,0,10,40,0,0,0,0,8,0,0,9,0,3,0,0,0,0,0,0,0,0,0,4,9,0,0,0,0,0,0,0,37,10,0,313,0,0,22,0,0,0,9,0,0,56,0,0,0,0,0,0,11,21,0,0,0,0,0,0,0,0,0,0,0,0,3,0,0,0,21,0,899,0,0,7,0,0,0,0,0,0,0,2,0,0,0,305,0,6,0,20,19,2,2,47,261,0,4,30,0,110,0,0,0,0,6,0,0,0,0,1,17,0,1681,0,0,0,1,0,0,0,6,71,3,0,24,4,211,0,2,0,0,0,0,0,101,56,0,0,0,0,0,0,0,0,11,107,36,4,6,0,0,9,32,1,10,5,0,0,0,0,0,5,0,2,0,34,0,21,4,0,0,2,4,29,2,0,1,0,0,0,0,0,0,0,5,1,0,16,0,0,0,108,0,53,0,2,21,243,0,0,0,15,0,0,0,3,17,0,0,0,0,0,45,2,0,0,2,0,0,2,12,0,4,0,0,0,76,16,10,0,7,0,0,0,2,0,0,0,0,0,862,0,0,0,0,0,0,5,0,1,0
"D275",0,0,0,0,0,0,0,0,0,0,0,0,0,0,28,0,0,0,0,0,0,0,0,0,0,0,0,0,0,0,0,0,0,0,0,0,0,0,560,0,0,0,0,0,0,0,0,0,0,0,0,0,0,0,0,0,0,0,10,0,0,0,0,0,0,0,0,0,0,0,0,0,322,0,0,0,0,0,0,0,0,0,38,7,0,0,0,0,0,0,0,0,0,0,0,0,0,378,80,0,0,0,0,0,0,0,0,86,0,0,0,0,0,0,573,0,0,0,0,0,0,8,0,0,0,0,0,0,0,0,0,231,0,0,0,0,0,0,482,0,0,0,0,0,0,0,0,0,0,0,0,0,0,0,0,0,0,0,0,0,0,0,0,0,0,0,0,0,0,0,0,916,0,0,0,0,0,0,0,0,0,0,0,0,0,0,0,0,0,1964,0,0,0,0,0,0,0,0,0,0,7,0,0,0,0,0,107,0,0,0,0,0,0,331,0,0,0,11,0,0,0,0,0,0,0,0,0,1,0,0,0,0,0,0,0,0,0,0,0,0,0,0,0,0,0,0,192,0,0,0,0,0,0,0,0,0,0,0,0,0,0,0,2,836,1,0,0,0,0,0,0,0,0,0,0,0,7,0,0,0,0,0,88,0,0,0,0,0,0,0,0,0,0,0,0,0,0,0,0,0,0,0,0,0,0,0,0,0,0,0,7,0,0,0,0,0,0,0,0,0,0,25,0,0,0,0,0,0,0,0,0,0,0,0,0,0,0,0,0,0,4,38,0,0,0,0,0,0,0,2,0,0,0,0,0,1,0,0,0,0,0,0,0,0,0,0,0,0,0,0,0,0,0,33,0,0,0,0,0,0,0,0,0,0,0,5,0,0,0,0,0,0,0,0,0,0,0,0,0,0,0,0,0,0,0,0,0,0,0,0,0,0,2,32,0,0,0,0,0,0,0,0,0,0,0,4,0,0,0,0,0,0,0,0,0,0,0,0,0,0,0,0,0,0,0,0,0,0,0,0,0,0,0,0,0,0,0,0,0,0,0,0,0,0,0,0,0,0,0,0,0,0,596,0,0,0,0,0,0,0,0,0,0,0,0,0,0,49,0,0,0,0,0,113,179,0,0,0,0,0,0,0,0,64,0,0,0,0,0,0,0,0,0,0,142,0,0,0,0,0,0,0,0,0,0,0,0,0,0,0,0,0,0,0,0,0,0,0,0,0,0,0,0,0,0,0,0,0,0,0,0,0,0,0,0,1741,40,1,0,23,0,0,0,0,0,91,0,0,0,0,0,0,0,0,0,0,0,0,0,0,0,0,0,0,0,0,0,9,0,0,0,0,0,0,0,0,204,0,0,0,371,0,0,0,0,0,0,0,0,0,0,0,0,0,418,0,0,0,0,65,0,0,355,0,0,0,0,4,0,0,2,0,0,0,24,0,0,0,0,0,0,0,0,0,107,0,0,2,0,0,0,0,0,0,0,0,0,0,17,89,0,0,0,0,0,1398,0,1200,45,0,0,0,0,0,0,0,0,0,0,0,112,0,0,0,0,17,0,0,2,0,0,0,187,0,9,0,71,0,0,0,0,0,0,0,0,0,0,0,2,0,0,0,0,133,0,0,0,0,0,0,0,0,0,0,0,0,0,0,0,0,0,0,0,0,0,867,0,0,0,0,0,0,0,0,0,0,0,119,0,0,0,0,0,0,0,0,0,1234,0,0,0,0,0,0,0,0,0,0,0,0,0,0,0,0,1,0,0,0,0,0,115,0,0,0,0,0,0,0,0,0,0,0,0,0,0,0,0,0,0,0,0,0,0,0,0,0,0,0,0,0,0,0,0,0,0,2270,0,2,0,0,0,90,0,0,0,0,0,0,4,0,0,0,0,2,0,0
"D276",0,0,0,0,0,0,0,0,0,0,0,0,0,0,0,0,0,0,0,0,0,0,0,0,0,0,0,0,0,1,0,0,0,0,0,0,0,0,0,0,0,0,0,0,0,0,0,436,0,0,0,19,0,0,0,0,0,0,0,0,1,0,0,0,1,0,0,0,0,0,0,0,0,0,0,0,0,0,0,0,0,0,572,0,0,0,0,0,6,0,0,0,0,0,0,0,0,0,0,0,0,0,0,0,0,0,0,0,0,0,0,0,0,0,566,0,11,0,0,0,0,24,0,0,0,0,0,0,0,0,0,0,0,0,0,0,0,0,0,0,0,0,0,0,0,0,0,0,0,0,0,0,0,0,0,0,0,0,0,0,0,0,0,0,0,0,0,0,0,0,0,1049,0,0,0,0,0,0,0,0,0,0,0,0,0,0,0,0,0,0,0,0,0,0,0,0,0,0,0,0,0,0,0,0,0,0,0,0,0,0,0,0,0,0,0,0,1,0,0,0,0,0,0,0,0,0,0,0,0,0,0,0,0,0,0,0,0,0,0,0,0,0,0,0,0,0,0,0,0,0,0,0,0,0,0,0,0,0,0,0,0,0,3,0,101,0,0,0,0,0,0,0,0,8,0,0,0,0,0,0,0,0,0,0,0,0,0,0,0,0,0,0,0,0,0,0,0,0,0,0,0,0,0,0,0,0,0,0,0,0,0,0,0,0,0,2,0,0,0,0,0,0,0,0,0,0,0,0,0,0,0,0,0,0,0,0,0,0,0,0,0,0,0,0,0,0,0,0,0,0,0,0,0,0,0,0,0,0,0,0,0,350,0,0,0,0,0,0,0,0,0,0,0,0,0,0,0,0,0,0,0,0,0,0,0,0,0,0,0,0,0,0,0,0,0,0,105,8,0,0,0,0,0,3,0,0,0,0,0,216,0,0,0,0,0,0,0,0,0,0,0,0,0,0,0,0,0,0,0,0,0,0,0,0,0,0,0,0,0,0,0,0,0,0,0,0,0,0,0,0,0,0,0,0,0,0,0,0,0,0,0,0,0,0,0,0,1,0,0,0,0,0,0,0,0,0,0,0,0,0,0,0,0,0,0,0,0,0,0,0,0,0,0,0,0,0,0,0,0,0,0,0,0,0,0,0,0,0,0,0,0,0,0,0,0,0,0,0,0,0,0,0,0,0,0,0,0,0,0,0,0,0,0,0,0,0,0,0,0,214,0,0,0,0,0,0,0,0,0,0,0,0,0,0,0,41,126,70,0,0,0,0,0,0,0,0,0,0,0,0,0,0,0,0,0,0,0,0,0,0,0,0,0,0,0,0,0,0,0,0,0,0,0,94,0,0,0,0,0,0,0,0,0,0,0,0,0,0,0,0,0,0,0,0,0,0,0,0,0,0,0,0,0,0,0,0,0,0,0,0,0,0,0,0,0,0,0,0,0,0,0,0,0,0,0,0,0,0,0,0,0,0,0,0,0,0,0,0,0,307,0,0,0,0,0,0,0,5216,0,0,0,0,0,7,0,0,0,0,0,0,0,0,0,0,0,0,0,0,0,8,721,0,0,0,0,0,0,0,0,0,0,0,0,0,0,0,0,0,0,0,0,0,1,0,0,0,0,0,0,0,0,0,2,0,0,0,0,0,0,0,0,0,0,0,0,0,0,0,0,0,0,0,0,0,0,0,0,0,0,0,0,0,0,0,0,0,0,0,0,0,0,0,0,494,0,0,0,0,0,0,0,0,0,0,0,0,0,0,0,0,0,0,0,0,0,0,0,8,0,0,0,0,0,0,0,0,0,0,0,0,0,0,0,0,0,0,0,0,0,0,0,0,0,0,0,0,0,0,0,0,0,0,0,0,0,0,0,0,0,0,0,0,0,0,0,0
"D277",0,0,0,0,0,0,0,6,0,0,0,0,0,0,0,0,0,0,0,0,0,191,0,0,0,0,0,0,12,0,0,0,23,0,0,0,0,0,0,0,0,0,68,0,25,0,0,0,0,0,0,0,0,0,0,99,0,0,0,8,0,0,0,0,0,0,0,0,2,0,0,0,0,0,0,0,0,0,0,0,0,0,0,0,0,0,0,0,165,0,0,0,0,0,0,0,0,0,0,0,0,103,0,0,0,0,0,0,0,0,0,0,0,0,0,0,0,0,0,0,0,0,0,0,0,0,0,0,0,0,0,0,0,0,0,0,0,0,0,25,0,0,0,0,0,0,0,0,0,0,0,0,0,0,0,0,0,0,0,0,0,0,0,1,0,0,0,0,0,0,0,0,0,0,0,0,0,119,0,0,0,0,0,0,0,4,0,0,0,0,0,0,0,0,0,31,0,0,0,0,0,0,0,0,0,0,0,0,0,0,0,0,0,0,0,0,0,0,0,0,0,0,0,0,0,0,0,0,0,0,0,0,0,0,0,0,0,0,0,0,0,0,0,0,0,0,0,0,0,4,0,0,0,0,0,0,0,0,0,0,0,0,22,0,0,0,0,0,0,0,0,0,0,75,6,0,0,0,0,0,0,29,0,0,0,64,0,0,0,0,0,0,0,0,0,0,0,0,0,0,0,0,0,0,0,4,0,0,0,0,0,0,0,0,26,308,0,0,0,0,0,0,0,0,0,0,0,0,0,0,0,0,0,4,0,0,0,0,0,0,73,0,0,0,46,0,0,0,0,0,0,0,0,0,0,0,0,0,0,0,0,0,0,0,0,0,0,72,0,19,52,0,0,0,0,0,0,0,0,0,0,0,0,0,0,0,0,0,0,0,0,0,0,0,0,0,0,595,0,0,0,0,0,0,0,0,2,0,0,0,0,0,0,0,0,0,0,0,0,0,0,0,0,0,0,0,33,0,0,20,43,0,0,0,0,0,0,0,0,0,0,0,0,0,0,0,0,1,0,0,0,0,0,0,0,0,0,0,0,0,0,0,0,0,0,0,0,0,0,0,0,0,0,0,0,0,0,0,0,0,0,0,0,0,0,0,0,0,0,0,0,0,0,0,0,0,0,0,0,0,0,0,0,0,0,0,0,0,0,0,0,0,0,0,0,0,0,0,0,0,0,0,0,0,0,0,0,0,0,357,0,0,0,137,0,0,0,0,0,0,0,0,0,0,0,0,0,0,0,0,0,0,0,0,77,0,0,270,0,0,0,14,0,0,256,0,0,0,0,0,0,0,0,0,0,0,0,0,0,0,0,0,0,21,0,0,0,0,0,0,0,0,0,327,0,0,0,0,0,0,0,0,0,0,0,2,0,0,27,0,0,0,0,0,0,0,0,0,0,0,7,0,0,0,0,0,0,0,417,0,21,0,0,0,0,0,0,0,0,0,0,0,0,0,0,0,0,0,0,0,0,0,0,0,0,0,0,12,38,0,0,0,0,0,0,0,0,0,0,0,0,0,0,0,0,0,0,0,0,0,0,0,0,0,0,0,0,0,0,0,0,0,0,0,0,0,0,25,0,0,0,0,0,0,0,0,0,0,0,0,0,0,118,0,0,0,0,0,0,0,0,0,36,0,6,0,0,0,0,0,0,0,0,0,0,0,0,0,0,0,0,78,0,0,0,0,0,0,0,0,0,0,0,0,0,0,76,0,0,0,0,0,0,194,0,0,0,0,0,0,27,0,45,0,0,0,0,0,0,0,0,0,0,22,0,0,0,0,0,0,0,0,0,0,0,0,0,0,4,0,0,0,0,546,0,0,0,0,251,0,0,0,0,0,0,0,0,0,0,0,0,0,0,0,32,0,92,9,0,0,0,0,0,35,0,0
"D278",0,0,0,0,0,0,0,0,0,0,0,0,0,0,0,0,0,0,0,0,0,0,0,0,0,0,0,0,0,0,0,0,0,0,0,0,0,0,0,0,0,0,0,0,0,0,0,0,0,0,0,0,0,0,0,0,0,0,0,0,0,0,0,0,0,0,0,0,0,0,0,0,0,0,0,0,0,0,0,0,0,0,0,0,0,0,0,0,0,0,0,0,0,0,0,0,0,0,0,0,0,0,0,0,0,0,0,0,0,0,0,0,0,0,0,0,0,0,0,0,0,0,0,0,0,0,0,0,0,0,0,0,0,0,0,0,0,0,0,0,0,2,0,0,0,0,0,0,0,0,0,0,0,0,0,0,0,0,0,0,0,0,0,0,0,0,0,0,0,0,0,0,0,0,0,0,0,0,0,0,0,0,0,0,0,0,0,0,0,0,0,0,0,0,0,0,0,0,0,0,0,0,0,0,0,0,0,0,0,0,0,0,0,0,0,0,0,0,0,0,0,0,0,0,0,0,0,0,0,0,0,0,0,0,0,0,0,0,0,0,0,0,0,0,0,0,0,0,0,0,0,0,0,0,0,0,0,0,0,0,0,0,0,0,0,0,0,0,0,0,0,0,0,0,0,0,0,0,0,0,0,0,0,0,0,0,0,0,0,0,0,0,0,0,0,0,0,0,0,0,0,0,0,0,0,0,0,0,0,0,0,0,0,0,0,0,0,0,0,0,0,0,0,0,0,0,0,0,0,0,0,0,0,0,0,0,0,0,0,0,0,0,0,0,0,0,0,0,0,0,0,0,0,0,0,0,0,0,0,0,0,0,0,0,0,0,0,16,0,0,0,0,0,0,0,0,0,0,0,0,0,0,0,0,0,0,0,0,0,0,0,0,0,0,0,0,0,0,0,0,0,0,0,0,0,0,0,0,0,0,0,0,0,0,0,0,0,0,0,0,0,0,0,0,0,0,0,0,0,0,0,0,0,0,0,0,0,0,0,0,0,0,0,0,0,0,0,0,0,0,0,0,0,0,0,0,0,0,0,0,0,0,0,0,0,0,0,0,0,0,0,0,0,0,0,0,0,0,0,0,0,0,0,0,0,0,0,0,0,0,0,0,0,0,0,0,47,0,0,0,0,0,0,0,0,0,0,0,0,0,0,0,0,0,0,0,0,0,0,0,0,0,0,0,0,0,0,0,0,0,0,0,0,0,0,0,0,0,0,0,0,0,0,0,0,0,0,0,0,0,0,0,0,0,0,0,0,0,0,0,0,0,0,0,0,0,0,0,0,114,0,0,0,0,0,0,0,0,0,0,0,0,0,0,0,0,0,0,0,0,0,0,0,0,0,0,0,0,0,0,0,0,0,0,0,0,0,0,0,0,0,0,0,0,0,0,0,0,0,0,0,0,0,0,0,0,0,0,0,0,75,0,0,0,0,0,0,0,0,0,0,0,0,0,0,12353,0,0,0,0,0,0,0,0,0,0,0,0,0,0,0,0,0,0,0,0,0,0,0,0,0,0,0,0,0,0,0,0,0,0,0,0,0,0,0,0,0,0,0,0,0,0,0,0,0,0,0,0,0,0,0,0,0,0,0,0,0,0,0,0,0,0,0,0,0,0,0,0,0,0,0,0,0,0,0,0,0,2,0,0,0,0,0,0,0,0,0,0,0,0,0,0,0,0,0,0,0,0,0,0,0,0,0,0,0,0,0,0,0,0,0,0,0,0,0,0,0,0,0,0,0,0,0,0,0,0,0,0,0,0,0,0,0,0,0,0,0,0,0,0,0,0,0,0,0,0,0,0,0,0,0,0,0,0,0,0,0,0,0,0,0,0,0,0,0,0,0,0,0,0,0,0,0,0,0,0,0,0,0,0,0,0,0,0,0,0
"D279",0,0,0,0,0,0,0,0,0,0,0,0,0,0,0,0,0,0,0,0,0,0,0,0,0,0,0,0,0,0,0,0,0,0,0,0,0,0,0,0,0,0,0,0,0,0,0,0,0,0,0,0,0,0,0,0,0,0,0,0,0,0,0,0,0,0,0,0,0,0,0,0,0,0,0,0,0,0,0,0,0,0,0,0,0,0,0,0,0,0,0,0,0,0,0,0,0,0,0,0,0,0,0,0,0,0,0,0,0,0,0,0,0,0,0,0,0,0,0,0,0,0,0,0,0,0,0,0,0,0,0,0,0,0,0,0,0,0,0,0,0,0,0,0,0,0,0,0,0,0,0,0,0,0,0,0,0,0,0,0,0,0,0,0,0,0,0,0,0,0,0,0,0,0,0,0,0,0,0,0,0,0,0,0,0,0,0,0,0,0,0,0,0,0,0,0,0,0,0,0,0,0,0,0,0,0,0,0,0,0,0,0,0,0,0,0,0,0,0,0,0,0,0,0,0,0,0,0,0,0,0,0,0,0,0,0,0,0,0,0,0,0,0,0,0,0,0,0,0,0,0,0,0,0,0,0,0,0,0,0,0,0,0,0,0,0,0,0,0,0,0,0,0,0,0,0,0,0,0,0,0,0,0,0,0,0,0,0,0,0,0,0,0,0,0,0,0,0,0,0,0,0,0,0,0,0,0,0,0,0,0,0,0,0,5,0,0,0,0,0,0,0,0,0,0,0,0,0,0,0,0,0,0,0,0,0,0,0,0,0,0,0,0,0,0,0,0,0,0,0,0,0,0,0,0,0,0,0,0,0,0,0,0,0,0,0,0,0,0,0,0,0,0,0,0,0,0,0,0,0,0,0,0,0,0,0,0,0,0,0,0,0,0,0,0,0,0,0,0,0,0,0,0,0,0,0,0,0,0,0,0,0,0,0,0,0,0,0,0,0,0,0,0,0,0,0,0,0,0,0,0,0,0,0,0,0,0,0,0,0,0,0,0,0,0,0,0,0,0,0,0,0,0,0,0,0,0,0,0,0,0,0,0,0,0,0,0,0,0,0,0,0,0,0,0,0,0,0,0,0,0,0,0,0,0,0,0,0,0,0,0,0,1515,0,0,0,0,0,0,0,0,0,0,0,0,0,0,0,0,0,0,0,0,0,0,0,0,0,0,0,0,0,0,0,0,0,0,0,0,0,0,0,0,0,0,0,0,0,0,0,0,0,0,0,0,0,0,0,0,0,0,0,0,0,0,0,0,0,0,0,0,0,0,0,0,0,0,0,0,0,0,0,0,0,0,0,0,0,0,0,0,0,0,0,0,0,0,0,0,0,0,0,0,0,0,0,0,0,0,0,0,0,0,0,0,0,0,0,7075,0,0,0,0,0,0,0,0,0,0,0,0,0,0,0,0,0,0,0,0,0,0,0,0,0,0,0,0,0,0,0,0,0,0,0,0,0,0,0,0,0,0,0,0,0,0,0,0,0,0,0,0,0,0,0,0,0,0,0,0,0,0,0,0,0,0,0,0,0,0,0,0,0,0,0,0,0,0,0,0,0,0,0,0,0,0,0,0,0,0,0,0,0,0,0,0,0,0,0,0,0,0,0,0,0,0,0,0,0,0,0,0,0,0,0,0,0,0,9,0,0,0,0,0,0,0,0,0,0,0,0,0,0,0,0,0,0,0,0,0,0,0,0,0,0,0,0,0,0,0,0,0,0,0,0,0,0,0,0,0,0,0,0,0,0,0,0,0,0,0,0,0,0,0,0,0,0,0,0,0,0,0,0,0,0,0,0,0,0,0,0,0,0,0,0,0,0,0,0,0,0,0,0,0,0,0,0,0,0,0,0,0,0,0,0,0,0,0,0,0,0,0,0,0,0,0,0
"D280",0,0,0,0,0,0,0,0,0,0,0,0,0,0,0,0,0,0,0,0,0,0,0,0,0,0,0,0,0,0,0,0,0,0,0,0,0,1224,0,0,0,0,0,0,0,0,0,0,0,0,0,0,0,0,0,0,0,0,0,0,0,0,0,0,0,0,0,0,0,0,0,0,0,0,0,0,0,0,0,0,0,0,0,0,0,0,0,0,0,0,0,0,0,0,0,0,0,0,0,0,0,0,0,0,0,0,0,0,0,0,0,0,0,0,0,0,0,0,0,0,0,0,0,0,0,0,0,0,0,0,0,0,0,0,0,0,0,0,0,0,0,49,0,0,0,0,0,0,0,0,0,0,0,0,0,0,0,4244,0,0,0,0,0,0,0,0,0,0,0,0,0,0,0,0,0,0,0,0,0,0,0,0,0,0,0,0,0,0,0,0,0,0,0,0,14,0,0,0,0,0,0,0,0,0,0,0,0,0,0,0,0,0,0,0,0,0,0,0,0,0,0,0,0,0,0,0,0,0,0,0,0,0,0,0,0,0,0,0,0,0,0,0,0,0,0,0,0,0,0,0,0,0,0,0,0,0,0,0,0,0,0,0,0,0,0,0,0,0,0,0,0,0,0,0,0,0,0,0,0,0,0,0,0,0,0,0,0,0,0,0,0,0,0,0,0,0,0,0,0,0,0,0,0,137,60,0,0,0,0,0,0,0,0,0,0,0,0,0,0,0,0,0,0,0,0,0,0,0,0,0,0,0,0,0,0,0,0,0,0,0,0,0,0,0,0,0,0,0,0,0,0,0,0,0,0,0,0,0,0,0,0,0,0,0,2115,1552,0,0,0,0,0,0,0,0,0,0,0,0,0,0,0,0,0,0,0,0,0,0,0,0,0,0,0,0,0,0,0,0,0,0,0,0,0,0,0,0,0,0,0,0,0,0,0,0,0,0,0,0,0,0,0,0,0,0,0,0,0,0,0,0,0,0,0,0,0,0,0,0,0,3224,0,0,0,0,0,0,0,0,0,0,0,0,0,0,0,0,0,0,0,0,0,0,0,0,0,0,0,0,0,0,0,0,0,0,0,0,0,0,0,0,0,0,0,0,0,0,0,0,0,0,0,0,0,0,0,0,150,0,0,0,0,0,0,0,0,0,0,0,0,0,0,0,0,0,0,0,0,0,0,0,0,0,0,0,0,0,0,0,0,0,0,0,0,0,0,0,0,0,0,0,0,0,0,0,0,0,0,0,0,14,0,0,0,0,0,0,0,0,0,0,0,0,0,0,0,0,0,0,0,2707,0,0,0,0,0,0,258,0,0,0,0,0,0,0,0,0,0,0,0,0,0,0,0,0,0,0,0,0,0,0,0,0,0,0,0,0,0,0,0,0,0,0,0,0,0,0,0,0,0,0,0,0,0,0,0,0,0,0,0,0,0,0,0,0,0,0,0,0,0,0,0,0,175,0,0,0,0,0,0,0,0,0,0,0,0,0,0,0,0,0,0,0,0,0,0,0,0,0,0,0,0,8095,0,0,0,0,0,0,0,0,0,0,0,0,0,0,0,0,0,0,0,0,0,151,0,0,0,0,0,0,0,0,0,0,0,0,0,0,0,0,0,0,0,0,0,0,0,0,0,0,0,0,0,0,0,0,0,0,0,0,0,0,0,0,0,0,0,0,0,0,0,0,0,0,0,0,0,0,0,0,0,0,0,0,0,0,0,0,0,0,0,0,0,0,0,0,0,0,0,0,0,0,0,518,0,0,0,0,0,0,0,0,0,0,0,0,0,0,0,0,0,0,0,0,0,0,0,0,0,0,0,0,0,0,0,0,0,0,0,0,0,0,0,0,0,0,0,0,0,0,0,0,0,0,0,0,0,0,0,0,0,0,0,0,0,0
"D281",0,0,0,0,0,0,0,0,0,60,0,0,0,0,0,0,0,0,0,0,0,0,0,0,0,0,0,0,0,0,0,0,0,0,0,0,0,0,0,0,0,0,0,0,0,87,5,0,0,0,0,0,0,0,0,0,0,0,0,0,0,0,0,0,0,0,0,0,75,0,0,0,0,0,0,0,0,0,0,0,0,0,0,0,0,0,2,0,0,0,0,0,0,0,0,0,0,0,0,0,0,0,0,0,0,0,28,0,0,0,0,0,0,0,0,0,0,0,0,0,0,0,0,0,0,0,0,0,0,0,0,0,0,0,0,0,0,0,0,0,0,0,0,0,0,0,0,0,109,0,0,0,0,0,0,0,0,0,0,0,0,0,0,0,0,0,0,0,0,0,0,0,0,0,0,0,0,0,0,0,0,0,0,0,0,86,0,0,0,0,0,0,0,0,0,0,0,46,0,0,0,0,0,0,0,29,0,0,0,0,0,0,0,0,0,0,0,0,0,0,0,0,0,0,0,0,0,0,0,0,134,0,0,0,0,0,0,0,0,0,0,0,0,0,0,0,0,0,0,0,0,0,0,4,0,0,0,0,0,0,0,0,0,0,0,0,69,45,0,0,0,0,0,0,0,0,0,0,0,0,0,0,0,0,0,0,0,0,0,0,0,0,0,0,0,0,0,0,0,0,0,0,0,0,0,0,0,0,0,0,0,0,0,0,0,0,0,0,0,0,0,0,0,0,0,0,93,0,0,0,0,0,0,0,0,0,0,0,0,0,0,0,0,0,0,0,0,0,0,0,0,0,0,0,0,0,0,0,0,0,0,0,0,0,53,0,0,97,0,0,0,0,0,0,0,0,0,0,0,0,0,0,0,0,0,0,0,0,0,0,0,0,0,0,0,0,0,4,0,812,0,0,0,297,0,0,0,0,0,0,0,0,0,0,0,0,0,0,0,0,0,0,0,0,0,0,0,0,0,0,0,0,0,0,0,0,0,0,0,0,0,0,0,0,0,0,0,0,0,0,0,0,0,0,0,0,0,0,0,0,0,0,0,0,0,0,0,0,0,0,0,0,0,13,0,0,0,2651,0,0,0,0,0,0,0,0,0,0,0,0,0,0,0,0,0,0,0,0,0,21,0,0,0,0,0,0,0,0,0,0,0,0,0,0,0,0,0,0,0,0,0,0,0,0,0,0,0,0,0,0,0,0,0,0,0,0,0,0,0,0,0,0,0,0,0,0,0,0,0,0,0,0,0,0,0,0,0,0,0,0,0,0,0,0,0,0,0,0,0,0,0,0,0,0,0,0,0,0,0,0,0,0,0,0,0,0,0,0,0,0,0,0,0,0,0,0,0,0,0,0,0,0,0,0,0,0,0,0,0,72,0,0,0,0,0,0,0,0,0,0,0,0,0,0,0,0,0,0,0,0,0,0,0,0,0,0,0,0,0,0,87,0,0,0,0,0,0,0,0,0,0,0,0,0,0,0,0,0,0,0,0,0,0,0,0,0,0,0,0,0,0,0,0,0,0,0,0,0,0,0,0,0,0,0,0,0,0,0,51,0,0,0,0,0,0,0,0,0,0,0,0,0,0,0,0,0,0,0,0,0,23,0,0,0,0,0,0,0,0,0,0,0,0,0,0,0,0,1004,0,0,0,0,0,0,0,0,0,0,0,0,0,0,0,0,0,0,0,0,0,0,0,0,0,0,179,0,0,0,0,0,0,0,0,0,0,0,0,0,0,0,0,0,0,0,0,0,0,0,0,0,0,0,0,0,0,0,0,0,0,0,0,0,0,0,0,0,0,246,0,0,0,0,0,0,0,0,0,0,0,0,0,0,0,0,0,0,0,0,0,0,0,0,0,0,0,0,0,0,0,0,0,0,0,0,0,0
"D282",0,0,0,0,0,0,0,0,0,0,0,0,0,0,0,0,0,0,0,0,0,0,0,0,0,0,0,0,0,0,0,0,0,0,0,0,0,0,0,0,0,0,0,0,0,0,0,0,0,0,0,0,0,0,0,0,0,0,0,0,0,0,0,0,0,0,0,0,0,0,0,0,0,0,0,0,0,0,0,0,0,0,0,0,0,0,0,0,0,0,0,0,0,0,0,0,0,0,0,0,0,0,0,0,0,0,0,0,0,0,0,0,0,0,0,0,0,0,0,0,0,0,0,0,0,0,0,0,0,0,0,0,0,0,0,0,0,0,0,0,0,0,0,0,0,0,0,0,0,0,0,0,0,0,0,0,0,0,0,0,0,0,0,0,0,0,0,0,0,0,0,0,0,45,0,0,0,0,3,0,0,0,0,0,0,0,0,0,0,0,0,0,0,0,0,0,0,0,0,0,0,0,0,0,0,0,0,0,0,0,0,0,0,0,0,0,0,0,0,0,0,0,0,0,0,0,0,0,0,0,0,0,0,0,0,0,0,0,0,0,0,0,0,0,0,0,0,0,0,0,0,0,0,0,0,0,0,0,0,0,0,0,0,0,0,0,0,0,0,0,0,0,0,0,0,0,0,0,0,0,0,0,0,0,0,0,0,0,0,0,0,0,0,0,0,0,0,0,0,0,0,0,0,0,0,0,0,0,0,0,0,0,0,0,0,0,0,0,0,0,0,0,0,0,0,0,0,0,0,0,0,0,0,0,0,0,0,0,0,0,0,0,0,0,0,0,0,0,0,0,0,0,0,0,0,0,0,0,0,0,0,0,0,0,0,0,0,0,0,0,0,0,0,0,0,0,0,0,0,0,0,0,0,0,0,0,0,0,0,0,0,0,0,0,0,0,0,0,0,0,0,0,0,0,0,0,0,0,0,0,0,0,0,0,0,0,0,0,0,0,0,0,0,0,0,0,0,0,0,0,0,0,0,0,0,0,0,0,0,0,0,0,0,0,0,0,0,0,0,0,0,0,0,0,0,0,0,0,0,0,0,0,0,0,0,0,0,0,0,0,0,0,0,0,0,0,0,0,0,0,0,0,0,0,0,0,0,0,0,0,0,0,0,0,0,0,0,0,0,0,0,0,0,0,0,0,0,0,0,0,0,0,0,0,0,0,0,0,0,0,0,0,0,0,0,0,0,0,0,0,0,0,0,0,0,0,0,0,0,0,0,0,0,0,0,0,0,0,0,0,0,0,0,0,0,0,0,0,0,0,0,0,0,0,0,0,0,0,0,0,0,0,0,0,0,0,0,0,0,0,0,0,0,0,0,0,0,0,0,0,0,0,0,0,0,0,0,0,0,0,0,0,0,0,0,0,0,0,0,0,0,0,0,0,0,0,0,0,0,0,0,0,0,0,0,0,0,0,0,0,0,0,0,0,0,0,0,0,0,0,0,0,0,0,0,0,0,0,0,0,0,0,0,0,0,0,0,0,0,0,0,0,0,0,0,0,0,0,0,0,0,0,0,0,0,0,0,0,0,0,0,0,0,0,0,0,0,0,0,0,0,0,0,0,0,0,0,0,0,0,0,0,0,0,0,0,0,0,0,0,0,0,0,0,0,0,0,0,0,0,0,0,0,0,0,0,0,28,0,0,0,0,0,0,0,0,0,0,0,0,0,0,0,0,0,0,0,0,0,0,0,0,0,0,0,0,0,0,0,0,0,0,0,0,0,0,0,0,0,0,0,0,0,0,0,0,0,0,0,0,0,0,0,0,0,0,0,0,0,0,0,0,0,0,0,0,0,0,0,0,0,0,0,0,0,0,0,0,0,0,0,0,0,0,0,0,0,0,0,0,0,0,0,0,0,0,0,0,0,0,0,0,0,0,0,0
"D283",0,0,0,0,0,0,0,0,0,5,0,0,0,0,0,0,0,0,0,0,0,0,0,0,0,0,0,0,0,0,0,0,0,0,0,0,0,0,0,0,0,0,0,0,0,0,0,0,0,0,0,0,0,0,0,0,0,0,0,0,0,0,0,0,0,0,0,0,0,0,0,0,0,0,0,0,0,0,0,0,0,0,0,0,0,0,0,0,0,0,0,0,0,0,0,0,0,0,0,0,0,0,0,0,0,0,0,0,0,0,0,0,0,0,0,0,0,0,0,0,0,0,0,0,0,0,0,0,0,0,0,0,0,0,0,0,0,0,0,0,0,0,23,0,0,0,0,0,0,0,0,0,0,0,0,0,0,0,0,0,0,0,0,0,0,0,0,0,0,0,0,0,0,0,0,0,0,0,0,0,0,0,0,0,0,0,0,0,0,0,0,0,0,0,0,0,0,0,0,0,0,0,0,0,0,0,0,0,0,0,0,0,0,0,0,0,0,0,0,0,0,0,0,0,0,0,0,0,0,0,0,0,0,0,0,0,0,0,0,0,0,0,0,0,0,0,0,0,0,0,0,0,0,0,0,0,0,0,0,0,0,0,0,0,0,0,0,0,0,0,0,1,0,0,0,0,0,0,0,0,0,0,0,0,0,0,0,0,0,0,0,0,0,0,0,0,0,0,0,0,0,0,0,0,0,0,0,0,0,0,0,0,0,0,417,0,0,0,0,0,0,0,0,0,0,0,0,0,0,0,0,0,14,0,0,0,0,0,0,0,0,0,0,0,0,0,0,0,0,0,0,0,0,0,0,0,0,0,0,0,0,0,0,0,0,0,0,0,0,0,0,0,0,0,0,0,0,0,0,0,0,0,0,0,0,0,0,0,0,0,0,0,0,0,0,0,0,0,0,0,0,0,0,0,0,0,0,0,0,0,0,0,0,0,0,0,0,0,0,0,0,0,0,0,0,0,0,0,0,0,0,0,0,0,0,0,0,0,0,0,0,0,0,0,0,0,0,155,0,0,0,0,0,0,0,0,0,0,0,0,0,0,0,0,0,0,0,0,0,0,0,0,0,0,0,0,0,0,0,0,0,0,0,0,0,0,0,0,0,0,0,0,0,0,0,0,0,0,0,0,0,0,0,0,0,0,0,99,0,0,0,0,0,0,0,0,0,0,0,0,0,0,0,0,0,0,0,0,0,0,0,0,0,0,0,0,0,0,0,0,0,0,0,0,0,0,0,0,0,0,0,0,0,0,0,0,0,0,0,0,0,0,0,0,0,0,0,0,0,0,0,0,0,0,0,0,0,0,0,0,0,0,0,0,0,0,0,0,0,0,0,0,0,0,0,0,0,0,0,0,0,0,0,0,0,0,0,0,0,36,0,0,0,0,0,0,0,0,0,0,0,0,0,0,0,0,0,0,0,0,1,0,0,0,0,0,0,0,0,0,0,0,0,0,0,0,0,0,0,0,0,0,0,0,0,0,4,0,0,0,0,0,0,0,0,0,0,0,0,7,0,0,0,0,0,0,0,0,0,0,0,49,0,0,0,0,0,0,0,0,0,0,0,0,0,0,0,0,0,0,0,0,304,0,0,0,0,0,0,0,0,0,0,0,0,0,0,0,0,0,0,0,0,0,0,0,0,65,0,0,0,0,0,0,0,0,0,0,0,0,0,0,0,0,0,0,0,0,0,0,0,0,0,0,0,0,0,0,0,0,0,0,0,0,0,0,0,0,0,0,0,0,0,0,0,5625,0,0,0,0,0,0,0,0,0,0,0,0,0,0,0,0,0,0,0,0,0,0,0,0,0,0,0,0,0,0,0,0,0,0,0,0,0,0,0,0,0,0,0,0,0,0,0,0,0,0,0,0,0,0,0,0,0,0,0,0
"D284",0,0,7,16,0,0,3,0,112,0,0,6,0,0,4,21,96,0,8,0,0,0,8,0,0,0,15,0,0,0,0,0,73,2,0,0,0,0,0,0,0,0,42,4,27,0,0,0,0,0,0,0,58,0,10,3,0,0,9,0,0,0,0,199,0,0,0,4,50,0,53,0,0,5,0,0,554,0,0,0,0,2,0,0,0,2,0,0,3,21,0,0,22,0,0,0,175,0,0,0,22,0,0,0,40,0,0,0,0,0,0,0,0,8,0,0,0,0,7,0,0,0,2,6,0,4,0,0,0,10,1,0,0,0,4,10,5,0,0,0,46,0,0,0,17,21,0,0,0,0,0,0,3,0,10,5,16,0,0,21,0,0,0,0,4,0,0,43,2,0,39,0,2,0,6,0,3,0,0,0,0,0,0,8,0,0,0,0,1,0,0,0,0,0,0,0,3,12,205,77,50,0,22,11,20,18,0,370,15,0,0,0,0,0,0,0,0,0,0,0,1,6,0,0,9,3,0,0,11,0,0,7,2,0,0,0,7,0,0,0,21,0,5,3,7,0,0,0,0,0,5,4,55,0,0,0,3,0,5,6,878,0,0,0,0,1,0,0,0,0,0,2,0,0,0,22,8,0,14,0,0,0,0,0,2,0,4,13,0,50,25,34,87,18,4,0,0,0,0,53,0,0,0,0,0,0,26,21,0,0,0,121,8,9,0,0,22,65,0,242,0,0,0,0,0,0,0,0,0,0,0,0,0,0,0,0,10,12,0,0,0,0,0,0,0,0,4,14,0,0,0,0,4,0,0,43,10,0,8,0,0,0,17,0,0,0,2,1612,0,0,50,175,0,0,0,0,0,0,12,0,0,0,90,0,7,74,0,4,586,0,1,3,2,0,21,29,0,812,0,0,0,11,10,0,0,0,0,5,0,0,26,0,0,0,1,0,0,14,0,0,5,2,15,0,34,16,0,80,0,0,0,0,0,349,30,1,2,0,4,0,3,10,0,5,98,0,0,0,0,0,0,0,8,3,6,0,0,0,0,0,0,0,265,0,12,0,0,145,0,0,5,91,0,0,5,11,2,0,67,0,3,5,8,0,0,0,0,0,1,0,67,6,0,0,0,0,0,7,0,0,0,0,71,0,0,0,2,0,36,3,0,0,2,3,0,0,0,14,0,4,0,5,0,0,0,56,32,0,2,0,0,0,0,0,2,2,0,0,0,0,45,6,11,0,104,0,0,7,4,0,2,18,1,0,13,0,0,0,0,19,3,2,70,47,0,0,0,0,0,0,0,0,0,0,0,0,0,0,0,5,0,0,0,1,9,5,2,13,0,0,92,0,0,0,2,0,0,3,4,0,0,0,54,145,0,0,7,0,0,2,0,2,0,40,0,3,29,0,6,0,0,3,0,0,0,0,6,0,29,0,0,0,0,37,0,33,9,5,0,0,0,8,0,17,0,0,3,455,3,0,20,0,0,0,2,64,0,11,17,0,13,0,5,0,17,0,94,0,0,0,0,0,6,0,0,0,0,10,0,0,0,0,4,0,0,0,0,17,0,2,0,0,0,0,0,0,0,187,0,20,2,0,0,0,0,0,2,1,0,0,0,79,80,0,0,0,0,0,0,22,6,4,4,0,0,4,0,0,0,2,161,3,4,0,6,0,1,4,0,0,0,0,320,0,14,0,4,0,0,24,0,1,27,36,0,0,12,0,0,4,0,16,0,0,0,0,5,0,2,0,0,29,181,0,0,0,23,6,12,5,17,0,123,0,0,4,0,0,17,144,0,4,0,0,0,0,17,54,0,4,26,0,0,0,0,0,0,20,0,0,4,0,0,51,0,0,2,8,0,0,6,0,0,14,0,700,0,0,0,1,0,2,0,0,2,35
"D285",0,0,0,0,0,0,0,0,0,0,0,0,0,0,0,0,0,0,0,0,0,0,0,0,0,0,0,0,0,0,0,0,0,0,0,0,0,2,0,0,0,0,0,0,0,0,0,0,0,1,0,0,0,0,0,0,0,0,0,0,0,0,0,0,0,0,0,0,0,0,0,0,0,0,0,0,0,0,0,0,0,0,0,0,0,0,0,0,0,0,0,0,0,0,0,0,0,0,0,0,0,0,0,0,0,0,0,0,0,0,0,0,0,0,2,0,0,0,0,0,0,0,0,0,0,0,0,0,0,0,0,0,0,0,0,0,0,0,0,0,0,0,2,0,0,0,0,0,0,0,0,0,0,0,0,0,0,0,0,0,0,0,0,0,0,0,0,0,0,0,0,0,0,0,0,0,0,0,3,0,0,0,0,0,0,0,0,0,0,0,0,0,0,0,0,0,0,0,0,0,0,0,0,0,0,0,0,0,0,0,0,0,0,0,0,0,0,0,0,0,0,0,0,0,0,0,0,0,0,0,0,0,0,0,0,0,0,0,0,0,0,0,0,0,0,0,0,0,0,0,0,0,0,0,0,0,0,0,0,0,0,0,0,0,0,0,0,0,0,0,0,0,0,0,0,0,0,0,0,0,0,0,0,0,0,0,0,0,0,0,0,0,0,0,0,0,0,0,0,0,0,0,0,0,0,0,0,0,0,0,0,0,0,0,0,0,0,0,0,0,0,0,0,0,0,0,0,0,0,0,0,0,0,0,0,0,0,0,0,0,9,0,0,0,0,0,0,0,0,0,0,0,0,0,0,0,0,0,0,0,0,0,0,0,0,0,0,18,0,0,0,0,0,0,0,0,0,0,0,0,0,0,0,0,0,0,0,0,0,0,0,0,0,0,0,0,0,0,0,0,0,0,0,0,0,0,0,0,0,0,0,0,0,0,0,0,0,0,0,0,0,0,0,0,0,0,0,0,0,0,0,0,0,0,0,0,0,0,0,0,0,0,0,0,0,0,0,0,0,0,0,0,0,0,0,0,0,0,0,0,0,0,0,0,0,0,0,0,0,0,0,0,0,0,0,0,0,0,0,0,0,0,0,0,0,0,0,0,0,0,0,0,0,0,0,0,0,0,0,0,0,0,0,0,0,0,0,0,0,0,0,0,0,0,0,0,0,0,0,0,0,0,0,0,0,0,0,0,0,0,0,3,0,0,0,0,0,0,0,0,0,0,0,0,0,0,0,0,0,0,0,0,0,0,0,0,0,0,0,0,0,0,0,0,0,0,0,0,0,0,0,0,0,0,0,0,0,0,0,0,0,0,0,0,0,0,0,0,0,0,0,0,0,0,0,0,0,0,0,0,0,0,0,0,0,0,0,0,740,3,0,0,0,0,0,0,0,0,0,0,0,0,0,0,0,0,0,0,0,0,0,0,0,0,0,0,0,0,0,0,0,0,0,0,0,102,0,0,0,0,0,0,0,0,0,0,0,0,0,0,0,0,0,0,0,0,0,0,0,0,0,0,0,0,0,0,0,0,0,0,0,0,0,0,0,0,0,0,0,0,0,0,0,0,0,0,0,0,0,0,0,0,0,0,0,0,0,0,0,0,0,0,0,0,0,0,0,0,0,0,0,0,0,0,0,0,0,4,0,0,0,0,0,0,0,0,0,0,0,0,0,0,0,0,0,0,0,0,0,0,0,0,0,0,0,0,0,0,0,0,0,0,0,0,0,0,0,0,0,0,0,0,0,0,0,0,0,0,0,0,0,0,0,0,0,0,0,0,0,0,0,0,0,0,0,0,0,0,0,0,0,0,0,0,0,0,0,0,0,0,0,0,0,0,0,0,0,0,0,0,0,0,0,0,0,0,0,0,0,0,0,0,0,0,0,0
"D286",0,0,0,0,0,0,0,0,0,0,0,0,0,0,0,0,0,3,0,0,0,0,0,0,0,0,0,0,0,0,0,0,0,0,0,0,0,0,0,0,0,0,0,0,0,0,0,0,0,0,0,0,0,0,0,0,0,0,0,0,0,0,0,0,34,0,0,0,0,0,0,0,0,0,0,0,0,0,0,0,0,0,0,0,0,0,0,0,89,0,0,0,0,0,0,0,0,0,0,0,0,1,0,0,0,0,0,2,0,0,0,0,0,0,121,0,0,0,0,0,0,7,0,0,0,0,29,0,0,0,0,0,0,0,0,0,0,0,0,0,0,0,0,0,0,0,0,0,0,0,0,0,0,0,0,0,0,0,0,0,0,0,0,0,0,0,0,0,0,0,0,101,0,0,0,0,0,0,0,0,0,12,0,0,0,0,0,0,0,0,0,0,0,0,0,0,0,0,0,0,0,0,0,0,567,0,0,0,0,0,0,0,0,0,0,0,0,0,0,0,0,0,0,0,0,0,0,0,0,0,0,0,0,0,0,0,0,2,0,0,0,0,0,0,0,0,0,0,0,2,0,0,0,0,0,0,0,0,0,0,0,0,7,2,0,0,0,0,0,0,0,0,0,39,0,0,0,0,0,0,0,0,0,0,0,0,0,0,0,0,0,0,0,0,0,0,0,0,0,0,0,0,0,0,0,0,0,0,0,0,0,0,0,0,0,0,0,0,0,0,0,0,0,0,0,0,0,0,0,0,0,0,0,0,0,0,0,0,0,0,0,0,0,0,0,0,0,0,0,0,0,0,0,0,0,0,0,0,0,0,0,0,0,0,0,0,0,0,0,0,0,0,0,0,12,0,0,0,0,0,0,0,0,0,0,0,0,0,0,0,0,0,0,0,0,0,0,0,0,0,0,0,0,0,0,0,18,0,0,15,0,0,2,0,0,0,0,0,0,0,0,0,0,0,0,0,0,0,0,11,0,0,0,0,0,0,0,0,0,0,0,0,0,0,0,0,10,0,0,0,0,0,0,0,0,0,0,0,0,0,0,0,0,9,0,0,1,0,0,0,0,0,0,0,0,0,0,0,0,0,0,0,0,0,0,0,0,0,0,0,0,0,0,0,0,0,0,0,0,0,0,0,0,0,0,2,0,0,0,0,0,0,0,0,0,0,0,0,0,0,0,0,0,0,0,0,0,0,0,0,0,0,0,0,0,0,0,0,0,0,0,0,0,0,0,0,0,0,0,0,0,0,0,0,0,0,0,415,0,0,0,0,0,0,2,0,0,0,0,0,0,0,0,0,0,0,0,645,0,0,0,0,0,0,0,0,0,0,0,0,0,0,0,3,0,0,0,0,0,0,0,0,0,0,0,0,0,0,0,0,0,0,0,0,0,0,0,0,0,0,0,0,5,0,0,0,0,0,0,0,0,0,0,0,0,0,0,0,0,0,0,0,0,0,0,0,0,0,0,0,0,0,0,0,0,0,0,0,0,0,0,0,0,0,0,0,0,39,0,0,0,0,0,0,0,0,0,50,0,0,0,0,0,0,0,0,0,0,0,0,3,0,0,0,0,0,0,0,0,0,0,0,0,0,0,0,0,0,0,0,0,0,0,0,0,0,0,0,0,0,0,0,0,0,0,0,0,0,0,0,0,0,0,0,0,0,0,0,0,0,0,0,0,0,0,0,0,0,0,0,0,0,0,0,0,0,3,0,0,0,0,0,9,0,0,0,0,0,0,0,0,0,0,0,0,0,0,0,0,0,0,0,0,0,0,0,0,419,0,0,0,0,0,0,0,0,0,0,1,0,0,0,0,0,0,0,0,0,0,0,0,0,0,0,0,0,0,0,0,0,0,0,0,8,8,0,0,0,0,0,0,0,0,0,0,0
"D287",0,0,0,0,0,0,0,0,0,0,0,0,0,0,0,0,0,0,0,0,0,0,0,0,0,0,0,0,0,0,0,0,0,0,0,0,0,0,0,0,0,0,0,0,0,0,0,0,0,0,0,0,0,0,0,0,0,0,0,0,0,0,0,0,0,0,0,0,0,0,0,0,0,0,0,0,0,0,0,0,0,0,0,0,0,0,0,0,0,0,0,0,0,0,0,0,0,0,0,0,0,0,0,0,0,0,0,0,0,0,0,0,0,0,0,0,0,0,0,0,0,0,0,0,0,0,0,0,0,0,0,0,0,0,0,0,0,0,0,0,0,0,0,0,0,0,0,0,2,0,0,0,0,0,0,0,0,0,0,0,0,0,0,0,0,0,0,0,0,0,0,0,0,0,0,0,0,0,0,0,0,0,0,0,0,0,0,0,0,0,0,0,0,0,0,0,0,0,0,0,0,0,0,0,0,0,0,0,0,0,0,0,0,0,0,0,0,0,0,0,0,0,0,0,0,0,0,0,0,0,0,0,0,0,0,0,0,0,0,0,0,0,0,0,0,0,0,0,0,0,0,0,0,0,0,0,0,0,0,0,0,0,0,0,0,0,0,0,0,0,0,0,0,0,0,0,0,0,0,0,0,0,0,0,0,0,0,0,0,0,0,0,0,0,0,0,0,0,0,0,0,0,0,0,0,0,0,0,0,0,0,0,0,0,0,0,0,0,0,0,0,0,0,0,0,0,0,0,0,0,0,0,0,0,0,0,0,0,0,0,0,0,0,0,0,0,0,0,0,0,0,0,0,0,0,0,0,0,0,0,0,0,0,0,0,0,0,0,0,0,0,0,0,0,0,0,0,0,0,0,0,0,0,0,0,0,0,0,0,0,0,0,0,0,0,0,0,0,0,0,0,0,0,0,0,0,0,0,0,0,0,0,0,0,0,0,0,0,0,0,0,0,0,0,0,0,0,0,0,0,0,0,0,0,0,0,0,0,0,0,0,0,0,0,0,0,0,0,0,0,0,0,0,0,0,0,0,0,0,0,0,0,0,0,0,0,0,0,0,0,0,0,0,0,0,0,0,0,0,0,0,0,0,0,0,0,0,0,0,0,0,0,0,0,0,0,0,0,0,0,0,0,0,0,0,0,0,0,0,0,0,0,0,0,0,0,0,0,0,0,0,0,0,0,0,0,0,0,0,0,0,0,0,0,0,0,0,0,0,0,0,0,0,0,0,0,0,0,0,0,0,0,0,0,0,0,0,0,0,0,0,0,0,0,0,0,0,0,0,0,0,0,0,0,0,0,0,0,0,0,0,0,0,0,0,0,0,0,0,0,0,0,0,0,0,0,0,0,0,0,0,0,0,0,0,0,0,0,0,0,0,0,0,0,0,0,0,0,0,0,0,0,0,0,0,0,0,0,0,0,0,0,0,0,0,0,0,0,0,0,0,0,0,0,0,0,0,0,0,0,0,0,0,0,0,0,0,0,0,0,0,0,0,0,0,0,0,0,0,0,0,0,0,0,0,0,0,0,9,0,0,0,0,0,0,0,0,0,0,0,0,0,0,0,0,0,0,0,0,0,0,0,0,0,0,0,0,0,0,0,0,0,0,0,0,0,0,0,0,0,0,0,0,0,0,0,0,0,0,0,0,0,0,0,0,0,0,0,0,0,0,0,0,0,0,0,0,0,0,0,0,0,0,0,0,0,0,0,0,0,0,0,0,0,0,0,0,0,0,0,0,0,0,0,0,0,0,0,0,0,0,0,0,0,0,0,0,0,0,0,0,0,0,0,0,0,0,0,0,0,0,0,0,0,0,0,0,0,0,0,0,0,0,0,0,0,0,0,0,0,0,0,0,0,0,0,0,0,0,0,0,0,0,0,0,0
"D288",0,0,0,0,0,0,0,0,0,0,2,0,0,0,0,0,0,0,0,0,35,0,0,0,0,0,0,0,0,0,0,6,0,0,0,0,19,0,188,0,0,0,0,0,54,0,0,793,0,0,0,56,0,0,0,0,0,0,80,0,0,3,0,0,0,0,0,62,0,0,0,30,135,0,2,0,0,0,0,0,0,0,150,0,0,0,0,4032,0,20,0,0,0,0,0,0,0,2328,260,0,0,5,16,0,0,34,0,6337,5,0,0,0,0,0,658,0,113,116,0,0,0,29,0,0,0,0,0,0,0,0,0,101,0,3,0,3,0,0,445,0,0,0,0,0,0,0,0,0,0,0,0,0,0,0,0,0,0,0,0,0,0,0,0,0,0,0,0,0,0,0,0,1860,0,0,0,0,0,4,0,0,0,0,0,0,0,0,6,0,0,1032,0,0,0,26,0,0,3,0,0,0,3,0,0,0,0,0,30,0,0,0,0,0,0,117,0,0,6,0,17,0,0,0,0,0,0,0,0,0,0,0,0,0,0,0,0,0,0,0,7,10,0,0,0,0,0,0,23,0,4,202,3,0,0,2,7,4,0,0,0,4,0,0,0,405,2073,0,0,0,0,0,0,0,0,1,0,0,0,0,0,0,0,0,56,0,0,0,0,0,0,0,0,0,0,0,0,0,0,0,0,0,0,0,0,0,0,0,0,0,318,0,2218,0,0,0,3,2,0,0,0,0,0,146,0,0,3,0,0,0,649,0,121,0,0,0,0,0,0,0,0,0,0,139,3,0,0,0,0,0,0,7,24,0,0,0,0,0,0,4,0,0,0,0,0,0,0,0,0,0,0,0,0,0,0,128,0,0,2,0,0,0,0,0,0,0,0,1,0,0,0,0,0,0,0,0,0,0,7,10,0,16,0,0,0,0,0,0,0,0,0,0,0,18,0,0,0,0,0,8,313,0,0,0,0,0,0,0,0,0,0,0,0,0,0,0,0,0,0,0,0,0,0,0,0,0,10,0,0,0,0,0,0,0,0,0,0,0,0,0,0,0,0,0,0,1,0,0,0,0,0,0,0,0,514,0,0,0,92,0,0,0,0,0,0,86,0,0,0,303,0,0,0,0,0,259,1340,0,0,0,0,0,0,131,9,434,0,14,0,0,0,0,0,0,0,0,104,0,0,0,0,0,0,0,0,0,12,0,0,0,0,0,0,2,0,0,0,0,0,26,1335,21,0,0,0,0,0,7,0,0,2,0,0,0,0,15,0,464,110,5,0,0,103,0,0,0,0,13,0,0,0,0,0,0,0,0,0,0,0,953,0,0,0,0,0,0,0,0,0,5,0,0,0,0,0,0,0,14,572,0,0,21,251,0,0,0,0,0,25,0,0,0,0,0,0,0,129,0,0,0,0,429,0,0,23,0,0,0,0,1142,904,0,0,3,0,0,226,28,0,0,0,0,0,0,0,0,587,0,0,15,0,0,0,0,35,0,0,0,0,0,2256,79,4,0,0,0,0,1052,0,1033,77,0,0,0,0,44,0,0,129,0,0,0,173,0,0,0,0,1,0,0,0,0,103,0,439,0,0,0,172,2,0,0,0,0,0,0,0,0,0,0,2188,0,0,0,0,571,0,0,0,0,0,0,0,0,0,0,0,0,0,0,0,0,0,18,0,0,0,71,0,0,0,0,0,0,0,0,0,0,0,1338,0,0,0,0,0,0,0,0,25,381,0,0,0,0,0,2762,0,0,0,0,0,0,0,0,0,0,0,0,0,0,0,0,3,0,8,0,3,2,2,3,0,0,0,0,0,0,0,0,0,0,0,0,11,0,0,0,0,0,0,0,1,13,0,0,1,0,0,4185,0,78,0,0,0,36,0,0,0,0,0,0,1,4,0,0,0,0,0,0
"D289",0,0,0,0,89,0,0,0,0,7,17,0,0,0,0,0,0,0,0,0,0,0,0,0,0,0,0,0,0,0,0,0,6,0,0,0,29,0,0,0,0,0,0,0,0,0,0,0,0,0,0,0,0,0,0,0,0,0,0,0,0,0,0,0,0,5,0,0,0,0,0,0,0,0,0,0,0,0,0,0,0,0,0,0,0,0,0,0,0,0,0,0,0,0,0,0,0,0,0,0,0,0,0,0,0,0,0,0,0,0,0,0,0,0,0,0,0,0,0,0,0,0,0,0,0,0,0,0,0,0,0,0,0,0,16,0,0,0,0,0,0,0,0,0,0,0,0,0,0,0,0,0,0,0,0,0,0,0,0,0,0,0,0,628,0,0,0,0,0,0,0,613,0,0,0,0,0,0,0,0,0,0,0,0,0,0,0,0,0,0,0,0,0,0,0,78,0,0,0,0,0,0,0,0,0,0,0,0,0,0,0,0,0,0,0,0,0,0,0,0,0,0,0,0,0,0,0,0,0,0,0,0,0,0,0,0,0,0,0,55,0,0,0,0,0,0,0,0,0,0,0,0,0,0,0,0,0,0,0,0,0,0,0,0,0,0,0,0,0,0,0,27,0,0,0,0,0,0,0,0,0,0,0,0,0,0,0,0,0,0,0,0,0,0,0,0,0,0,0,0,0,0,0,0,0,0,0,0,0,0,0,0,0,0,0,8,0,0,0,0,0,0,0,0,0,0,0,0,0,0,0,0,98,0,0,0,0,0,0,0,0,0,0,0,0,0,0,0,0,0,0,0,0,0,0,0,0,996,0,0,0,0,0,0,0,0,0,0,0,0,0,0,0,0,2,0,12,0,0,0,0,0,0,0,0,0,0,0,0,0,0,0,0,0,0,0,0,88,0,0,0,0,0,0,0,0,0,0,0,0,0,365,0,0,0,0,0,0,0,0,0,0,0,0,0,0,0,0,0,51,0,0,0,0,0,0,0,0,0,0,0,0,0,0,0,0,533,0,0,0,0,0,0,0,0,0,0,0,0,0,0,0,0,0,0,0,0,0,0,0,0,23,0,0,0,0,0,0,0,0,0,2,0,0,0,0,0,0,0,0,0,0,0,0,0,0,0,0,0,0,0,0,0,0,0,0,0,0,0,0,0,0,0,0,0,0,0,0,0,24,0,0,0,0,0,0,0,0,0,82,0,0,0,0,0,0,0,34,0,0,0,0,0,0,0,0,0,0,0,0,0,0,0,0,0,0,0,0,0,0,0,0,0,0,31,0,0,0,0,0,0,0,0,0,0,0,0,0,0,0,0,0,0,0,0,0,0,0,0,0,0,0,0,7,0,0,0,0,0,0,0,0,0,0,0,0,0,0,0,0,0,0,0,0,0,0,0,0,0,0,12,0,0,0,0,0,0,0,0,0,0,0,0,0,0,0,0,0,0,0,0,0,0,0,0,0,0,0,0,0,0,0,0,0,0,0,0,0,0,0,0,0,0,27,0,0,0,0,0,0,0,0,0,0,0,0,0,0,0,0,0,0,0,0,0,0,0,3,0,0,0,0,0,0,0,0,0,0,0,0,0,0,0,0,0,0,0,0,0,0,0,0,0,0,0,0,0,0,0,0,0,0,0,0,0,0,0,0,84,0,0,0,0,0,0,0,0,0,0,0,0,0,0,0,0,0,0,0,0,0,0,0,0,0,0,0,0,0,0,0,0,0,1125,8,0,0,0,0,0,11,0,0,0,0,0,6,0,0,0,0,0,0,0,0,0,0,0,0,0,0,0,0,0,0,0,0,0,19,0,0,0,0,0,19,0,0,0,0,844,216,0,0,0,0,0,0,0,0,0,0,0,2,0,0,14,0,0,0,0,0,0,0,0,22,0,0
"D290",13,0,14,3,0,36,8,1,0,66,0,0,0,0,0,0,0,0,0,0,0,0,0,0,0,0,0,0,0,12,8,0,0,0,0,0,0,30,0,0,4,0,4,0,0,7,3,0,6,0,0,3,0,0,0,0,2,0,4,0,1,0,0,0,0,1,0,4,70,0,0,8,0,0,0,0,0,3,45,3,0,0,0,0,0,0,8,2,0,24,0,0,0,0,18,0,0,0,0,0,2,0,0,0,2,0,3,0,3,0,0,0,0,0,0,0,0,0,0,3,0,0,0,2,0,0,0,0,0,0,0,0,2,0,0,0,0,0,0,0,0,24,2,0,5,0,0,0,143,0,39,0,0,0,17,0,9,57,0,8,0,21,0,0,0,0,0,0,0,0,0,0,0,9,0,0,0,0,3,0,0,0,0,0,0,67,0,0,2,0,0,0,0,0,4,0,0,0,0,2,0,0,0,6,3,4,0,0,0,0,0,7,0,0,0,0,0,0,0,0,2,0,0,0,0,0,10,2,0,0,41,0,0,0,0,91,0,0,0,0,0,0,0,0,0,0,0,0,0,0,57,0,0,15,0,0,0,22,0,0,2,1,11,0,0,0,0,12,0,0,0,0,0,0,0,0,0,3,0,0,0,0,0,0,0,0,0,0,0,0,5,0,2,0,0,6,3,0,0,0,0,4,6,40,39,2,0,0,2,1,0,0,0,0,7,0,0,0,0,2,0,0,0,0,0,0,2,0,0,0,0,0,52,0,4,0,0,2,0,2,0,0,0,0,0,0,0,0,0,0,0,0,0,1,0,4,0,0,0,0,0,0,0,0,505,2,0,247,0,0,0,0,0,0,0,0,2,0,0,0,0,2,0,8,0,0,0,0,2,0,0,0,0,2,0,0,0,10,0,19,0,0,13,28,0,0,0,0,12,1,0,0,0,0,0,0,0,0,0,0,0,3,0,0,0,3,0,0,2,0,0,0,0,3,0,0,0,2,0,2,0,3,0,0,0,17,0,0,0,8,0,0,0,0,0,0,7,0,2,0,0,0,2,0,0,0,114,0,0,0,0,5,0,0,0,0,0,54,0,0,9,6,0,21,0,29,0,0,0,0,1,0,27,0,0,8,16,0,0,10,0,2,0,0,0,0,0,0,0,0,51,0,0,2,0,5,30,0,0,0,0,0,0,0,0,0,2,0,0,0,0,558,0,0,0,0,0,0,1,0,0,0,0,0,3,0,0,0,0,12,0,0,0,4,0,0,0,0,0,0,2,0,0,0,0,0,0,19,0,5,0,3,0,6,0,0,11,0,0,0,0,0,0,0,4,0,0,0,0,0,9,2,7,0,0,0,0,0,0,0,0,0,0,0,0,0,3,0,15,0,0,0,8,0,0,0,0,0,0,0,2,0,0,0,0,0,0,0,3,0,5,0,0,0,0,0,0,0,0,0,5,0,32,0,0,15,0,19,21,0,0,0,0,0,0,0,0,6,1,0,4,1,0,0,0,0,0,0,0,10,0,196,0,0,0,0,0,0,0,0,0,0,0,0,0,0,0,0,2,0,0,0,0,0,9,0,0,0,0,0,0,0,0,0,14,0,0,0,0,0,8,0,0,0,0,7,0,0,2,0,0,0,6,34,0,6,0,0,89,0,0,3,0,0,1,0,0,0,20,0,0,0,0,0,6,0,0,0,0,0,0,0,0,0,2,5,0,0,0,3,0,0,0,0,3,0,0,3,0,0,0,0,0,14,0,0,0,0,0,0,0,0,6,1,2,0,0,0,0,0,0,0,0,0,4,0,0,6,0,0,2,0,0,0,0,0,0,0,0,0,2,0,0,0,15,0,0,0,0,0,4,0,0,0,0,2,0,5,4,0,0,4,0,0,0,3
"D291",0,0,0,0,0,174,0,0,0,40,0,0,136,0,0,0,0,0,0,0,0,0,0,0,0,0,0,0,0,34,0,0,0,0,0,0,0,18,0,9,0,0,0,0,0,0,11,0,0,0,0,5,0,0,0,0,0,0,0,0,0,0,0,0,0,0,514,0,2,0,0,0,0,0,0,0,0,0,30,0,0,0,0,13,0,0,227,0,0,0,0,0,14,0,0,0,0,0,0,0,0,0,0,0,0,0,0,0,74,73,0,0,0,0,6,188,0,0,0,0,0,0,0,0,0,0,0,0,0,0,0,0,0,0,0,0,0,0,0,0,0,123,0,0,0,6,0,0,2075,0,260,0,0,0,5,0,0,62,0,0,0,0,0,0,0,0,0,0,0,0,0,0,0,17,0,0,0,0,31,0,0,0,0,0,0,492,0,0,0,0,0,0,0,326,0,0,0,0,0,0,0,5,0,0,0,0,0,0,0,0,0,0,0,0,0,0,141,0,0,0,0,0,0,0,0,0,0,0,0,0,0,0,0,0,0,676,0,0,0,0,0,0,0,0,0,0,0,0,0,0,19,0,0,0,0,0,0,13,0,0,0,0,0,0,0,0,0,0,0,0,0,0,0,0,0,0,0,0,0,0,0,0,0,0,0,0,0,0,0,0,0,0,0,0,0,0,0,0,0,0,0,0,0,15,18,0,0,0,0,0,0,0,0,0,0,0,0,0,0,0,0,0,0,0,0,0,0,0,0,0,0,0,2654,0,0,0,0,11,0,0,0,0,0,712,0,0,0,0,0,0,0,0,0,0,0,0,0,10,0,0,0,0,0,0,4993,21,0,97,0,0,0,0,0,0,0,0,0,0,0,0,0,0,0,56,0,0,0,0,2,0,0,0,0,0,0,0,0,1,940,51,0,0,0,0,0,391,0,0,0,0,0,0,0,0,0,0,0,8,88,0,0,0,0,0,0,16,0,0,62,0,0,0,0,0,0,0,0,0,0,0,0,0,0,0,0,69,0,0,0,11,0,0,0,0,0,0,0,0,0,0,0,0,0,0,0,0,187,0,0,0,0,0,0,0,0,0,0,128,0,0,0,0,0,0,0,661,0,0,0,0,0,0,0,0,0,0,58,0,0,0,0,0,0,0,29,0,0,154,0,0,0,0,0,0,0,0,0,0,0,0,0,0,0,0,0,0,0,0,0,12,0,2488,312,0,0,0,0,0,0,439,0,0,0,0,0,0,0,0,0,0,0,0,0,0,0,0,0,0,0,0,0,0,0,0,0,0,0,131,0,15,0,0,0,0,0,0,0,0,0,0,0,0,0,0,0,0,0,0,0,0,0,0,0,0,0,0,0,0,0,0,0,0,0,0,0,0,0,0,0,0,100,0,0,0,0,0,0,0,0,0,0,0,0,0,0,0,0,0,0,0,1564,0,0,0,0,0,0,0,0,0,0,0,38,0,0,0,0,0,0,0,0,0,0,0,0,0,0,4,0,0,0,0,0,0,0,48,0,0,0,110,0,5,0,0,0,0,0,0,0,0,0,0,23,0,0,0,0,0,0,0,0,0,0,4,46,0,0,0,0,0,0,0,0,0,2,0,0,0,0,0,0,0,0,0,0,0,0,0,0,0,0,0,0,0,0,0,0,63,1874,0,0,0,0,0,0,0,0,0,0,0,0,0,0,0,0,0,0,0,0,0,0,0,0,0,0,0,0,0,0,0,0,0,0,0,0,0,0,32,0,0,0,0,0,22,0,0,0,0,0,0,0,0,0,321,3,0,0,0,0,0,0,0,0,0,0,0,0,0,0,0,0,0,0,0,0,0,0,0,0,0,0,0,0,0,85,0,0,0,0,0,0,0,0,0,0,0,0,0,0,0,0,0,0,486,0,0
"D292",0,0,0,0,0,177,0,2,0,231,0,0,0,0,0,0,0,0,0,0,0,0,0,0,0,0,0,0,0,0,0,0,0,0,0,0,0,13,0,3,0,0,82,0,0,4,32,41,0,0,0,0,0,0,0,0,0,0,0,0,0,0,0,0,0,0,490,25,0,0,0,8,0,0,0,0,0,29,0,0,0,0,0,0,0,0,246,0,0,1,0,0,0,0,16,0,0,0,0,0,0,0,0,0,0,0,4,0,0,0,0,0,0,0,0,22,0,0,0,0,0,0,0,0,0,0,0,0,0,0,0,0,0,0,0,0,0,0,0,0,0,83,36,0,0,0,0,0,15626,0,1628,0,0,0,7,0,0,384,0,10,0,0,0,0,0,0,0,0,0,0,0,25,0,25,0,0,0,0,124,0,0,0,0,0,0,1378,0,0,0,0,0,0,0,35,75,0,0,0,0,0,0,75,0,0,0,0,0,0,0,0,0,12,0,0,0,0,128,0,16,0,0,0,0,27,0,0,0,0,0,0,0,0,0,0,0,1363,0,0,0,0,0,0,0,0,0,0,0,0,0,0,12,0,0,0,0,0,0,14,0,0,0,0,120,0,0,0,13,54,0,0,0,0,0,0,0,0,0,0,0,0,0,0,0,0,0,0,0,0,0,0,0,0,0,0,0,0,0,0,0,0,0,1,0,69,26,0,0,0,0,0,0,0,0,0,12,0,0,0,0,0,0,0,0,0,0,0,0,0,0,0,0,0,421,0,0,0,0,0,0,0,0,0,0,32,0,0,0,0,0,0,0,0,0,4,0,0,0,0,0,0,0,12,0,0,1586,9,0,169,0,0,0,0,0,0,0,0,0,0,0,0,0,0,0,0,0,0,0,0,48,0,0,0,0,1,0,0,0,0,191,6,0,0,0,46,0,14,0,0,0,0,0,0,0,0,0,0,0,0,0,0,0,0,0,0,0,0,0,0,104,0,0,0,0,19,0,0,0,0,0,53,0,0,0,0,0,704,0,0,0,40,0,0,0,0,0,0,0,0,8,0,0,0,0,0,0,0,1701,0,0,0,0,0,0,65,0,0,0,93,0,0,0,0,0,0,10,0,0,0,0,0,0,0,5,0,0,0,99,0,0,11,0,0,0,0,4,9,0,0,7,0,75,0,0,0,3,0,68,0,0,0,0,0,0,0,0,0,0,0,0,0,0,635,4,0,0,0,0,0,0,73,14,0,0,0,0,0,0,0,0,39,0,0,0,0,0,0,0,0,0,0,0,0,0,0,0,0,0,18,0,40,0,0,0,0,0,0,44,0,0,0,0,0,0,0,3,0,0,0,0,0,0,0,4,0,0,0,0,0,0,0,0,0,0,0,0,0,0,0,18,0,14,0,5,0,0,0,0,0,0,0,0,0,0,0,0,0,0,0,6,13,83,0,12,0,0,0,0,0,0,0,8,0,12,0,0,0,0,0,0,0,0,0,0,0,0,0,0,2,0,0,0,0,0,0,0,0,0,0,0,451,0,163,0,13,0,0,0,0,0,0,11,0,0,0,0,0,0,0,6,0,0,0,0,0,45,0,0,0,7,0,0,0,0,0,3,0,0,0,0,0,0,0,0,0,0,0,0,0,8,0,0,0,0,0,0,0,0,855,0,0,0,0,0,0,0,0,0,0,20,0,0,0,0,0,0,0,0,0,0,0,0,0,0,0,7,0,0,85,0,0,0,0,0,0,0,0,0,53,0,0,0,0,0,3,0,0,0,0,0,0,0,0,0,52,86,0,0,0,0,0,0,0,0,0,0,0,0,0,0,0,0,0,0,0,0,0,0,0,0,7,0,0,0,0,90,12,0,0,0,0,0,0,0,0,0,0,0,0,11,0,0,0,0,313,0,0
"D293",0,0,0,0,0,0,0,0,0,0,0,0,0,0,0,0,0,0,0,0,0,0,0,0,0,0,0,0,0,0,0,0,0,0,0,2,0,0,0,0,0,0,0,0,0,0,0,0,0,0,0,0,0,0,0,0,0,0,0,0,0,0,0,0,0,0,0,0,0,0,0,0,0,0,0,0,0,0,0,0,0,0,0,0,0,0,0,0,5,0,0,0,0,0,0,0,0,0,0,0,0,1,0,0,0,2,0,0,0,0,0,0,0,0,0,0,0,0,0,0,0,0,0,0,0,0,0,0,0,0,0,0,0,0,0,0,0,0,0,0,0,0,0,0,0,0,0,0,0,0,0,0,0,0,0,0,0,0,0,0,0,0,0,9,0,3,0,0,0,0,0,3,0,0,0,0,0,14,0,0,0,0,0,0,0,0,0,0,0,0,0,0,0,0,0,0,0,0,0,0,0,0,0,0,0,0,0,0,0,0,0,0,0,0,0,0,0,0,3,0,0,0,0,0,0,0,0,0,0,0,0,0,0,0,0,0,0,0,0,0,0,0,0,0,0,0,0,0,0,0,0,0,0,0,0,0,0,0,0,0,0,0,0,0,0,0,0,0,0,0,0,2,0,0,0,0,0,0,0,0,0,0,0,0,0,0,0,0,0,0,0,0,0,0,0,0,0,0,0,0,0,0,0,0,0,0,0,0,0,0,0,0,0,0,4,0,0,0,0,0,0,0,0,0,0,0,0,0,0,0,0,0,66,0,0,0,0,0,0,0,0,0,0,0,2,0,0,0,0,0,0,0,0,0,0,0,0,0,0,0,0,0,0,2,0,0,0,0,0,2,0,0,0,0,0,0,16,0,0,0,0,0,0,0,0,0,0,0,0,0,0,0,0,0,0,0,0,3,0,0,0,0,0,0,0,0,0,0,0,0,0,0,0,0,0,0,0,0,0,0,0,0,0,0,0,0,0,0,0,0,0,0,0,2,0,0,0,0,0,0,0,0,0,0,0,0,0,0,0,0,0,0,0,0,0,0,0,0,0,0,0,0,0,0,0,0,6,0,0,0,0,0,0,0,0,0,0,0,0,0,0,0,0,0,0,0,0,0,0,0,0,0,0,0,0,0,0,0,0,0,0,0,0,0,0,0,0,0,0,0,0,0,0,0,0,0,0,0,0,0,0,0,0,0,0,0,0,0,0,13,0,0,0,125,0,0,0,0,0,0,1,0,0,0,0,0,0,0,0,0,0,0,0,0,0,0,0,0,0,0,0,0,0,0,184,0,0,0,0,0,0,0,0,0,0,0,0,0,0,0,0,0,0,3,0,0,0,0,0,0,0,0,0,0,0,0,0,0,0,0,0,0,0,0,0,0,0,0,0,0,0,0,0,0,0,0,0,0,0,0,7,0,0,0,0,0,0,0,4,0,0,0,0,0,0,0,0,0,0,0,0,0,0,0,0,0,0,0,0,0,0,4,0,0,0,1,0,0,0,0,0,0,0,0,1,0,0,0,0,0,4,0,0,0,0,0,0,0,0,0,0,0,0,0,0,0,0,0,0,0,0,0,0,0,0,3,0,16,0,0,0,0,0,0,0,0,0,0,0,0,0,0,0,0,0,0,0,0,4,0,0,0,0,0,0,0,0,0,0,0,0,0,0,0,0,0,0,0,0,8,0,0,0,0,0,0,0,0,0,0,0,0,0,0,0,0,0,0,0,0,0,2,0,0,0,0,0,0,0,0,0,0,4,0,0,0,0,0,0,0,0,0,0,0,0,0,0,0,0,0,0,0,0,0,0,0,0,8,0,0,0,0,0,32,0,0,0,0,5,0,0,0,0,0,0,0,0,0,0,0,0,0,0,0,0,0,4,0,0,0,0,0,0,0,0,0
"D294",0,0,0,0,0,0,0,0,0,0,0,0,0,0,0,0,0,0,0,0,0,0,0,0,0,0,0,0,0,0,0,0,0,0,0,0,0,0,8,0,0,0,0,0,0,0,0,0,0,0,2,0,0,0,0,0,0,0,4,0,0,0,0,0,0,0,0,3,0,0,0,0,0,0,0,0,0,0,0,0,0,0,0,0,0,0,0,0,0,0,0,0,0,0,0,0,0,10,4,0,0,0,0,0,0,0,0,0,3,0,0,0,0,0,4,0,0,1,0,0,0,10,0,0,0,0,0,0,0,0,0,15,2,3,0,0,0,0,3,0,0,0,0,0,0,4,0,0,0,0,0,0,0,0,0,0,0,0,3,0,0,0,0,0,0,0,0,0,0,0,0,179,0,0,0,0,0,0,0,0,0,0,0,0,0,0,2,0,0,0,0,0,0,0,0,0,0,0,0,0,0,0,0,0,0,0,0,2,0,0,0,0,0,0,0,0,0,0,0,0,0,0,0,0,0,0,0,0,0,0,0,0,0,0,0,0,0,0,0,0,0,0,0,0,0,0,8,0,0,0,0,0,2,0,2,0,0,0,0,0,0,4,0,3,0,0,0,0,0,0,0,0,2,0,0,0,0,0,0,0,0,0,8,0,0,0,0,0,0,0,0,0,0,0,0,0,0,0,0,0,0,0,0,0,0,0,0,0,0,0,13,0,0,0,0,0,0,0,0,0,0,0,0,0,0,0,0,0,960,3,10,0,0,0,0,0,0,0,0,0,0,0,0,0,0,0,0,0,2,3,0,0,0,0,0,8,0,0,0,0,0,0,0,0,3,0,0,0,0,0,0,0,0,5,0,0,0,0,0,0,0,0,0,0,0,2,0,0,0,0,0,0,0,0,0,0,0,0,0,0,0,0,0,0,0,0,1,0,0,0,0,0,0,0,0,0,0,0,0,0,0,0,0,0,0,0,0,0,0,0,0,0,0,0,0,0,0,0,0,0,0,0,0,0,0,0,0,0,0,0,0,0,0,0,0,0,0,0,0,0,0,0,0,2,0,0,0,0,0,0,0,0,0,50,0,0,0,0,0,0,0,0,0,4,0,0,0,0,0,0,0,0,0,0,9,0,0,0,0,0,0,0,0,0,0,0,0,0,0,0,0,0,0,0,0,0,0,0,0,0,0,0,0,0,0,0,0,0,0,0,0,0,0,0,0,0,0,0,0,0,0,0,0,0,0,0,0,0,0,0,0,0,0,0,0,9,0,0,0,4,0,0,0,0,0,3,2,0,0,0,0,0,0,0,0,0,0,0,0,0,0,0,0,0,0,0,0,13,0,0,0,0,0,0,0,40,0,0,0,0,8,0,0,0,0,0,3,0,0,0,0,0,0,0,6,0,0,0,0,0,0,0,13,0,0,0,0,8,2,0,0,0,0,0,3,0,0,0,0,0,2,0,0,0,0,0,0,0,0,0,0,0,0,0,0,0,0,0,2,0,0,0,0,0,0,4,0,2,0,0,0,0,0,0,0,0,0,0,0,0,0,0,0,0,7,0,0,0,0,0,90,0,0,0,0,0,0,0,0,0,0,0,0,0,0,0,0,0,0,0,0,0,0,25,0,0,0,0,0,0,0,0,0,0,0,0,0,0,0,0,0,0,0,0,0,3,0,0,0,0,0,0,0,0,0,0,0,72,0,0,0,0,0,0,0,0,0,15,0,0,0,0,0,0,0,0,0,0,0,0,0,0,0,0,0,0,0,0,0,0,9,0,0,0,0,0,0,0,0,0,0,0,0,0,0,0,0,0,0,0,0,0,0,0,0,0,0,0,0,0,0,0,2,0,0,13,0,7,0,0,0,24,0,0,0,0,0,0,31,0,0,0,0,0,0,0
"D295",0,0,0,0,0,0,0,0,0,0,0,0,0,0,0,0,0,0,0,0,0,0,0,0,2,0,0,0,0,0,0,0,0,0,0,0,3,0,0,3622,0,0,0,0,0,0,38,12560,0,0,0,0,0,0,0,0,0,0,1,0,555,0,0,0,0,0,0,230,0,3,0,0,8,0,0,0,0,0,0,0,0,0,86,0,0,0,0,3012,0,18,0,0,0,0,0,0,0,7,3,0,0,0,0,0,0,0,0,9,0,0,0,0,0,0,129,74,22,7,0,0,0,5,0,0,0,0,0,0,0,0,0,0,0,0,0,0,0,0,109,9,0,0,0,0,0,0,0,2,0,0,0,0,0,0,0,0,0,0,0,0,0,0,0,0,0,0,0,0,2,0,0,3080,0,0,0,0,0,0,0,0,0,3,0,0,0,0,0,0,0,10,0,0,0,0,0,0,35,0,0,28,0,0,0,0,0,0,0,0,0,0,0,0,0,61,0,0,0,0,16,0,0,0,0,0,0,0,0,0,0,0,0,0,0,0,0,0,0,0,0,0,0,0,0,0,0,0,0,0,0,3,0,0,0,2,3,0,0,0,0,0,0,0,0,0,27,0,0,0,0,0,0,0,2,0,0,0,0,0,0,0,0,0,0,0,0,0,0,0,0,0,0,0,0,0,0,0,0,0,0,0,0,0,0,0,0,0,0,0,0,0,0,0,2,0,0,0,0,0,0,0,0,15,0,0,0,0,74,0,0,0,0,0,0,0,0,0,0,0,0,0,0,1972,0,0,0,0,0,0,0,0,0,0,0,0,0,0,0,2,0,0,0,1,0,0,0,0,0,0,0,0,0,0,0,0,0,0,0,0,0,0,0,0,0,0,0,0,0,0,0,0,0,0,0,0,0,0,18,8,0,19,0,0,0,0,0,0,0,0,0,0,0,0,4,0,0,0,0,0,30,0,0,2,0,0,0,0,0,0,0,0,0,0,0,0,0,0,0,0,0,0,0,0,0,0,2,0,0,0,0,0,0,0,0,0,0,0,0,0,0,0,0,0,0,0,0,0,1406,0,0,0,0,0,172,23,0,0,0,43,0,0,0,0,0,72,0,0,0,0,0,0,0,0,0,2,0,0,0,0,0,1,0,0,0,4,0,0,0,0,0,0,0,0,0,0,0,0,0,0,0,0,0,0,0,0,0,0,0,0,0,2,0,0,0,0,0,0,0,0,0,0,0,0,0,4,0,0,0,0,0,0,0,0,0,125,0,0,0,0,0,0,0,1,0,0,0,0,0,0,0,0,0,0,0,0,0,0,0,1376,0,0,0,0,0,0,0,0,0,0,0,0,0,0,0,0,0,0,222,0,0,652,67,0,0,0,0,0,79,0,0,0,0,0,0,0,22,0,0,0,0,0,0,0,11,0,0,0,0,8,0,0,0,2,0,0,15,2,2,0,0,0,0,0,0,0,0,0,0,8,0,0,0,0,0,0,0,0,0,0,0,680,0,0,0,0,0,159,0,596,0,0,0,0,0,4,0,0,5,0,0,0,0,0,0,0,0,122,0,0,0,0,1,0,17,0,2,0,3,2,0,0,0,0,0,0,0,0,0,0,0,0,0,0,0,5,0,0,0,0,0,0,0,0,0,0,7,0,0,0,0,0,0,7,0,0,0,0,2,0,0,0,0,0,0,0,0,0,0,0,0,0,0,0,0,0,175,0,0,89,0,0,0,0,0,1258,0,47,0,3035,0,0,0,0,0,0,23,0,0,0,0,0,0,0,4,0,5,0,0,0,0,0,0,0,0,0,0,0,0,0,0,0,1,0,0,2,0,0,0,0,0,4,0,0,0,0,0,150,0,0,0,0,0,277,0,2,0,0,0,0,17,0,0,0,0,2,0,0
"D296",28,0,0,0,0,33,0,0,0,0,0,0,0,0,0,0,0,0,0,0,0,0,0,98,0,0,0,0,0,265,0,0,0,0,0,0,94,0,0,0,26,0,0,0,0,0,0,79,0,0,0,0,0,0,0,0,0,0,17,0,57,0,0,0,0,0,0,42,0,0,0,0,0,0,0,0,0,0,0,0,0,0,0,0,0,0,58,0,0,0,0,0,0,0,0,0,0,0,0,0,0,0,0,0,0,0,0,0,782,0,0,0,0,0,0,3186,0,34,0,0,0,0,0,0,0,0,0,0,0,0,0,0,0,0,0,42,0,0,0,0,0,0,0,0,0,2,0,0,0,0,0,0,0,0,0,0,0,46,0,85,0,245,0,0,0,0,0,0,0,0,0,0,0,0,0,0,0,0,0,0,0,0,0,0,0,170,0,0,0,0,0,0,0,0,0,0,0,0,0,0,0,0,0,0,0,0,0,0,0,0,0,31,0,0,0,0,89,0,0,0,0,0,0,0,0,0,0,0,0,0,0,0,0,0,0,71,0,2122,0,0,0,0,0,0,0,0,0,0,0,0,0,0,0,0,0,0,0,0,0,0,0,602,74,0,0,0,0,0,0,0,0,0,0,0,0,0,0,0,0,0,0,0,0,0,0,0,0,0,0,0,0,0,0,0,0,0,0,0,0,103,0,0,0,0,0,0,0,0,0,8,0,0,0,0,0,0,0,0,0,0,0,0,0,0,0,0,0,0,0,34,0,0,0,0,0,0,0,0,0,0,613,0,0,0,0,0,0,0,0,0,0,0,0,0,0,12,0,0,0,0,0,0,0,0,0,0,0,0,0,0,0,0,0,0,0,0,0,0,0,0,0,0,0,0,0,0,0,0,0,0,0,0,0,0,0,0,0,20,0,0,0,0,0,0,0,0,1075,0,0,0,0,168,0,0,0,0,0,0,0,0,0,0,0,0,0,0,0,0,0,0,0,0,0,0,0,0,0,0,0,0,0,0,0,0,0,0,0,0,0,0,0,0,0,0,0,0,0,0,0,0,0,0,0,0,0,0,1,0,0,0,0,0,0,0,0,0,0,0,0,0,0,0,0,0,0,0,0,0,0,0,0,0,0,0,0,0,0,0,0,0,0,0,0,0,0,0,0,341,0,0,0,0,0,0,308,0,0,0,0,0,0,0,0,0,0,0,0,0,0,0,0,0,0,0,0,0,0,0,0,0,0,0,0,0,164,0,0,0,0,0,0,0,0,0,0,27,0,0,0,0,0,29,0,0,0,0,0,236,0,0,0,0,0,0,0,0,0,0,0,0,0,0,0,0,0,0,0,0,0,0,0,0,0,0,0,0,0,0,0,0,0,0,0,0,0,0,0,0,0,0,0,0,0,0,0,0,0,0,0,0,0,0,0,0,0,0,0,0,393,0,0,81,0,0,0,0,0,0,0,0,0,0,0,0,0,2,0,0,0,0,0,0,0,0,0,0,0,0,0,0,0,0,0,0,0,0,0,66,0,0,0,0,0,0,0,0,0,0,0,0,0,0,0,0,0,0,0,0,0,0,0,0,0,0,99,0,0,39,0,0,0,0,0,0,0,0,0,0,0,0,16,0,0,0,0,0,0,0,0,0,0,0,0,0,0,0,0,83,0,0,0,0,0,0,0,0,0,0,0,0,0,0,0,0,0,0,0,0,0,0,0,0,0,0,0,0,0,18,0,0,0,0,0,0,0,0,0,307,0,0,0,0,6,0,0,0,0,0,0,0,0,0,0,0,0,0,0,0,0,0,0,0,0,0,60,0,0,0,0,0,0,0,0,0,0,0,0,0,0,0,0,0,0,0,0,0,0,175,0,0,0,160,0,0,0,0,0,0,26,0,0,0,0,0,19,25
"D297",29,0,4,0,0,0,0,38,0,2,0,0,0,0,0,0,0,0,0,7,0,0,0,0,0,0,0,0,0,0,0,0,19,0,0,0,0,0,0,0,0,0,0,0,0,0,0,74,33,0,0,43,0,0,0,0,0,0,0,0,0,0,0,0,0,0,0,5,0,0,0,0,0,0,0,0,0,7,0,0,0,0,0,30,0,0,0,0,0,0,0,0,0,0,12,0,0,0,0,0,0,0,0,0,0,0,0,0,0,0,0,0,0,0,0,0,0,0,0,0,0,0,0,0,0,5,1,0,0,0,0,0,0,0,0,0,0,0,0,0,0,0,0,972,0,0,0,0,0,0,0,0,0,0,194,0,0,0,0,0,0,0,0,0,0,0,0,0,0,4,0,0,0,0,0,0,0,0,0,2,0,0,0,0,0,0,0,0,0,0,0,0,3,0,0,0,0,0,0,58,0,6,0,0,0,0,0,0,0,0,0,0,0,0,0,0,0,0,0,0,0,0,0,0,0,0,14,0,0,0,119,0,0,0,0,0,0,0,0,0,0,0,0,0,0,0,0,0,0,0,2017,0,0,0,0,0,0,152,0,0,0,0,0,0,0,0,0,0,0,0,0,0,0,0,0,0,0,0,0,0,0,0,0,0,0,0,0,0,0,0,0,0,0,0,0,1,0,26,0,0,0,0,1,0,0,0,0,0,0,0,0,0,0,0,5,0,0,0,0,0,0,0,0,0,0,0,0,0,0,0,0,0,0,0,0,0,0,0,0,173,0,0,0,0,0,0,0,0,0,0,0,0,16,0,0,4,0,0,0,730,0,9,4,0,0,0,0,0,0,0,0,0,0,0,0,0,5,0,0,0,0,0,0,0,0,11,0,0,1054,0,0,0,0,0,0,0,0,30,0,0,0,0,4,15,58,0,33,0,5,0,0,0,0,0,0,0,0,18,15,0,0,6,0,0,0,399,0,0,0,0,0,0,0,0,0,0,0,0,0,0,0,0,0,0,2,0,0,0,0,11,0,0,0,0,0,0,0,0,0,0,0,0,0,0,0,0,4,0,0,0,0,0,0,0,0,0,0,202,0,0,0,0,0,472,2,0,0,0,0,0,0,0,0,0,0,0,0,0,0,3,0,0,0,0,0,0,0,0,0,0,0,0,0,0,0,0,0,0,0,0,3,0,0,0,0,0,0,0,0,0,0,0,40,0,0,0,0,0,29,0,0,0,0,0,0,0,0,0,0,0,0,0,0,0,0,0,0,0,0,3,26,0,0,0,0,0,0,0,0,0,0,18,0,0,0,0,0,0,0,0,0,0,0,0,0,0,0,0,0,0,0,0,0,0,0,0,0,0,0,0,0,0,0,0,0,0,34,0,0,0,33,0,0,0,0,0,0,0,0,0,0,0,0,0,0,0,0,0,0,36,1,0,0,0,0,0,0,0,0,0,0,0,0,0,0,0,0,112,0,0,0,0,0,0,0,0,0,16,13,0,0,73,0,0,0,0,0,0,0,0,0,0,0,123,0,0,0,0,0,0,0,5,0,0,0,0,0,0,5,0,0,0,0,0,0,0,0,0,0,0,0,0,0,0,0,0,0,0,0,0,0,0,0,0,0,333,0,0,0,0,0,0,0,0,0,0,0,36,0,0,7,0,0,0,0,0,0,0,0,0,0,0,0,0,48,0,0,0,0,0,0,0,0,25,0,1,0,0,0,0,0,0,0,0,0,0,0,0,0,0,0,120,0,0,0,2,0,0,0,0,0,0,16,0,1,0,0,0,0,0,0,0,0,0,0,0,0,498,0,0,0,0,0,0,0,0,0,0,0,0,0,0,0,0,0,0,0,0,0,0,0,0,0,0,0,0,0,0,0,0,0,0,0,74,0,0
"D298",0,0,0,0,0,0,0,0,0,8,0,0,0,0,0,0,0,0,0,0,0,0,0,0,0,0,0,0,0,4,0,0,0,0,0,0,0,0,0,289,0,0,0,0,0,0,0,59,0,0,0,0,0,0,0,0,0,0,0,0,4,0,0,0,0,0,0,36,0,0,0,0,2,0,0,0,0,0,0,0,0,0,0,84,0,0,0,0,0,0,0,0,0,0,36,0,0,0,0,0,0,0,0,0,0,0,0,0,0,7,0,0,0,0,0,0,0,0,0,0,0,0,0,0,0,0,0,0,0,0,0,0,0,0,0,0,0,0,0,0,0,0,0,0,0,0,0,0,0,0,0,0,0,0,121,0,0,0,0,0,0,0,0,0,0,0,0,0,0,0,0,0,0,0,0,0,0,0,0,0,0,0,0,0,0,0,0,0,0,0,0,0,0,0,0,0,0,0,0,0,0,1,0,0,0,0,0,0,0,0,0,0,0,0,0,0,0,0,0,0,0,0,0,0,0,0,0,0,0,0,499,0,0,0,0,0,0,0,0,0,0,0,0,0,0,0,0,0,0,0,0,0,0,1,0,0,0,0,0,0,0,0,477,0,0,0,0,0,0,0,0,0,0,0,0,0,0,0,0,0,0,0,0,0,0,0,0,0,0,0,0,0,0,0,0,0,0,0,0,0,0,25,0,0,0,0,0,0,0,0,0,0,0,0,5,0,0,0,0,0,0,0,0,0,0,0,0,0,0,0,0,0,186,0,21,0,0,0,0,4,0,0,0,153,0,0,0,0,0,0,0,0,3,0,0,0,0,0,0,1041,0,0,0,0,0,0,0,0,0,0,0,0,0,0,0,0,0,0,0,0,0,0,0,21,0,0,0,0,35,0,0,0,0,0,0,0,0,0,0,8,0,0,0,9,0,0,0,0,0,0,0,0,0,0,0,0,0,0,37,0,0,0,0,0,0,439,0,0,0,0,0,0,0,0,0,0,0,0,0,0,0,0,0,0,0,0,0,0,0,0,0,0,0,0,0,0,0,0,0,0,0,0,0,0,0,0,46,0,0,0,0,0,0,0,0,0,0,18,0,0,0,0,0,6,0,13,0,0,0,0,0,0,0,0,0,0,0,0,0,10,0,0,0,0,0,0,0,135,0,0,0,0,0,0,0,0,0,0,0,0,0,0,0,0,0,0,0,0,0,0,0,0,0,0,0,0,0,0,0,0,0,0,0,0,0,0,0,0,0,0,0,0,0,2,0,0,0,0,0,0,0,0,0,0,0,0,0,0,0,0,0,0,0,0,0,0,0,0,0,0,0,0,0,0,0,0,0,0,0,0,0,0,0,0,0,0,0,0,0,0,0,0,0,0,0,0,0,0,0,0,0,0,0,0,0,0,0,0,0,0,0,0,0,0,0,0,0,0,0,421,40,0,0,0,0,0,0,0,0,0,0,0,0,0,0,0,0,41,0,0,0,0,0,0,0,0,2,0,0,0,0,6,0,0,0,0,0,0,0,0,0,0,0,0,0,0,0,0,0,0,0,0,0,0,0,0,0,0,495,0,0,0,0,0,0,0,0,0,0,0,0,0,0,0,0,0,0,0,0,0,0,0,0,0,0,49,0,0,0,0,0,0,0,0,0,0,0,138,0,0,0,0,0,0,0,0,0,0,0,0,0,0,0,0,0,0,0,0,0,0,0,0,0,0,0,0,0,0,0,0,0,0,0,0,0,0,0,43,0,0,0,0,0,0,0,42,0,0,0,0,0,0,0,0,2,0,0,0,0,0,0,0,0,0,0,0,0,2215,0,0,0,0,0,0,0,0,0,0,0,0,0,0,0,0,0,0,0,0,0,0,0,0,0,0,0,0,0,0,0,0,0,0,0,30,0,0
"D299",0,0,0,0,0,0,0,0,0,0,0,0,0,0,0,0,0,0,0,0,0,0,0,0,0,0,0,0,0,0,0,0,0,0,0,0,0,0,0,0,0,0,0,0,0,0,0,0,0,0,0,0,0,0,0,0,0,0,0,0,0,0,0,0,0,0,0,0,0,0,0,0,0,0,0,0,0,0,0,0,0,0,0,0,0,0,0,0,0,0,0,0,5,0,0,0,0,0,0,0,0,0,0,0,0,0,0,0,0,0,0,0,0,0,0,0,0,0,0,0,0,0,0,0,0,0,0,0,0,0,0,0,0,0,0,0,0,0,0,0,0,0,465,0,0,0,0,0,0,0,0,0,0,0,0,0,0,0,0,0,0,0,0,0,0,0,0,0,0,0,0,0,0,0,0,0,0,0,0,0,0,0,0,0,0,0,0,0,0,0,0,0,0,0,0,0,0,0,0,0,0,0,0,0,0,0,0,0,0,0,0,0,0,0,0,0,0,0,0,0,0,0,0,0,0,0,0,0,0,0,0,0,0,0,0,0,0,0,0,0,0,0,0,0,0,0,0,0,0,0,0,0,0,0,0,0,0,0,0,0,0,0,0,0,0,0,0,0,0,0,0,0,0,0,0,0,0,0,0,0,0,0,0,0,0,0,0,0,0,0,0,0,0,0,0,0,0,0,0,0,0,0,0,0,0,0,0,0,0,0,0,0,0,0,661,0,0,0,0,0,0,0,0,0,0,0,0,0,0,0,0,0,0,0,0,0,0,0,0,0,5,0,0,0,0,0,0,0,0,0,0,0,0,0,0,0,0,0,0,0,0,0,0,0,0,0,0,0,0,0,0,0,0,0,0,0,0,0,0,0,0,0,0,0,0,0,0,0,0,0,0,0,0,0,0,0,0,0,0,0,0,0,0,0,0,0,0,0,0,0,0,0,0,0,0,0,0,0,0,0,0,0,0,0,0,0,0,0,0,0,0,0,0,0,0,0,0,0,0,0,0,0,0,0,0,0,0,0,0,0,0,0,0,0,0,0,0,0,0,0,0,0,0,0,0,0,0,0,0,0,0,0,0,0,0,0,0,0,0,0,0,0,0,0,0,0,0,0,0,0,0,0,0,0,0,0,0,0,0,0,0,0,0,0,0,0,0,0,0,0,0,0,0,0,0,0,0,0,0,0,0,0,0,0,0,0,0,0,0,0,0,0,0,0,0,0,0,0,0,0,0,0,0,0,0,0,0,0,0,0,0,0,0,0,0,0,0,0,0,0,0,0,0,0,0,0,0,0,0,0,0,0,0,0,0,0,0,0,0,0,0,0,0,0,0,0,0,0,0,0,0,0,0,0,0,0,0,0,0,0,0,0,0,0,0,0,0,0,0,0,0,0,0,0,0,0,6,0,0,0,0,0,0,0,0,0,0,0,0,0,0,0,0,0,0,0,0,0,0,0,0,0,0,0,0,157,0,0,0,0,0,0,0,0,0,0,0,0,0,0,0,0,0,0,0,0,0,0,0,0,0,0,0,0,0,0,0,0,0,0,0,0,0,0,0,0,0,0,0,0,0,0,0,0,0,0,0,0,0,0,0,0,0,0,0,0,0,0,0,0,0,0,0,0,0,0,0,0,0,0,0,0,0,5,0,0,0,12,0,0,0,0,0,0,0,0,0,0,0,0,0,0,0,0,0,0,0,0,0,0,0,0,0,0,0,0,0,0,0,0,0,0,0,0,0,0,0,0,0,0,0,0,0,0,0,0,0,0,0,0,0,0,0,0,0,0,0,0,0,0,0,0,0,0,0,0,0,0,0,0,0,0,0,0,0,0,0,0,0,0,0,0,0,0,0,0,0,0,0,0,0,0,0,0,0,0,0,0,0,0,0,0,0,0,0,0
"D300",5,0,0,0,0,183,3,8,0,14,0,0,0,0,0,0,0,0,0,0,0,0,0,0,0,0,0,0,0,8,0,0,0,0,0,0,0,20,0,0,0,0,1,0,0,5,30,20,6,0,0,0,0,0,0,0,0,0,0,0,14,0,0,0,0,0,0,0,43,0,0,22,0,0,0,0,0,8,119,0,0,0,0,0,0,0,15,0,0,12,0,0,12,0,13,0,0,0,0,0,5,0,0,0,0,0,2,0,8,0,0,0,0,0,0,1,0,0,0,2,0,5,0,0,0,0,4,0,0,0,0,0,0,0,0,0,0,0,0,0,0,33,0,0,0,0,0,0,387,0,114,0,0,0,23,0,6,14,0,5,0,0,0,0,0,0,0,0,0,0,0,0,0,79,0,0,0,0,5,0,0,0,0,0,0,113,0,0,0,0,0,2,0,1,0,0,0,0,0,5,0,2,0,0,0,2,0,0,0,0,0,3,0,0,0,0,89,0,0,0,0,0,0,0,0,0,7,0,0,0,7,0,0,0,0,333,0,79,2,0,0,0,0,0,0,0,0,0,0,0,69,0,0,39,0,0,0,5,0,0,0,0,994,0,0,0,0,23,0,0,0,0,0,0,0,0,0,0,0,0,0,0,0,0,0,0,0,0,0,0,4,0,0,0,0,10,0,2,0,0,0,3,2,35,19,0,0,0,0,2,0,0,0,0,17,0,0,0,0,0,0,0,0,0,0,0,3,0,0,0,0,0,20,0,1,0,0,0,0,2,0,0,0,0,0,0,0,2,0,0,0,0,0,3,0,0,0,0,0,0,0,0,0,0,554,0,0,400,1,0,0,0,0,0,0,0,0,0,0,0,0,4,0,31,0,0,0,0,5,0,0,0,0,0,0,0,0,5,0,21,2,0,16,29,0,0,2,0,7,0,0,0,0,0,0,0,0,0,422,0,0,2,0,0,0,29,0,0,13,0,0,0,0,0,0,0,0,2,0,0,0,0,0,0,0,104,0,3,0,5,0,0,0,0,0,0,4,0,8,0,0,0,2,0,0,0,468,0,0,0,0,4,0,5,0,0,0,193,0,0,7,0,0,18,0,266,0,0,0,0,3,0,19,0,0,2,3,0,0,13,0,0,0,0,0,0,0,0,0,0,24,0,0,4,0,1,25,0,0,0,0,0,0,0,0,0,0,0,0,0,0,116,3,0,0,0,0,0,2,0,0,0,0,0,0,0,0,0,0,4,0,0,0,2,0,0,0,0,0,0,0,6,0,0,0,0,0,93,0,6,0,3,0,0,0,0,20,0,0,0,0,0,0,0,0,0,0,0,0,0,0,1,3,0,0,0,0,0,0,0,0,0,0,0,0,0,2,0,21,2,3,0,4,0,0,0,0,0,0,0,0,0,0,0,0,0,0,0,0,13,14,0,0,0,0,0,0,0,0,0,10,0,6,0,0,37,0,39,12,0,0,0,0,0,0,0,0,7,1,0,4,4,0,0,0,0,0,0,0,0,0,6,0,0,0,0,0,0,0,0,0,0,0,0,0,0,0,0,4,0,0,0,0,1,13,0,0,0,0,0,0,0,0,0,5,0,0,2,0,0,7,0,0,0,0,6,0,0,0,0,0,0,2,3,0,11,0,0,95,0,0,1,0,0,2,0,0,0,26,0,0,0,0,0,1,0,0,0,0,0,0,0,0,0,0,2,0,0,0,0,0,0,0,0,0,0,0,60,0,3,0,0,0,1,0,0,0,0,3,0,0,0,2,4,7,0,0,0,0,0,0,0,0,0,0,0,0,3,0,0,4,0,0,0,0,0,0,0,0,0,0,0,0,0,14,0,0,0,0,0,0,0,0,0,0,2,0,0,0,0,0,2,0,0,0,0
"D301",0,0,0,0,0,0,0,0,0,0,0,0,0,0,0,0,0,0,0,0,0,0,0,0,55,0,0,0,0,326,0,0,0,0,0,0,0,0,0,0,0,0,0,0,0,3,0,0,0,0,0,3,0,0,0,0,0,0,0,0,0,0,0,0,0,0,15,2960,0,15,0,0,1,0,0,0,0,1,29,0,0,0,0,0,0,2,0,15,0,0,0,0,0,0,0,0,0,0,0,0,0,0,0,0,0,0,0,0,0,0,0,0,0,0,0,0,0,0,0,0,0,0,0,0,0,0,0,0,0,0,0,5,0,0,0,0,0,0,5,0,0,0,0,0,0,0,0,0,11,0,0,0,0,0,0,0,0,0,0,0,0,0,0,0,0,0,0,0,0,0,0,38,0,0,0,0,0,0,0,0,0,0,0,0,0,0,0,0,0,0,0,0,0,0,0,0,0,0,0,0,0,479,0,0,0,0,4,0,0,0,0,0,0,0,0,0,0,0,0,0,0,0,0,0,0,0,0,0,0,0,0,0,0,0,0,0,0,0,0,0,0,0,0,0,0,0,0,0,0,20,3,0,0,0,0,0,0,0,0,0,0,6364,2,0,0,0,0,0,0,0,0,0,0,0,0,0,0,0,0,0,0,0,0,0,0,0,0,0,0,0,0,0,0,0,0,0,0,0,0,0,0,0,0,0,0,0,0,0,0,0,0,0,0,0,0,0,0,0,0,0,0,0,0,0,0,0,0,0,0,0,0,0,22,0,0,0,0,0,0,0,0,0,0,0,0,0,0,0,0,0,0,0,0,0,0,0,0,0,0,0,0,0,0,0,0,0,0,0,0,0,0,0,0,12,0,0,0,0,0,0,0,0,0,0,0,0,0,0,0,0,0,0,0,0,0,0,0,2,0,43,0,0,0,0,0,0,0,0,0,0,0,0,0,0,0,0,0,7,0,0,0,0,0,0,0,0,0,0,0,0,0,0,0,0,0,0,0,0,0,0,0,0,0,0,0,0,0,0,0,0,0,0,0,0,0,0,0,0,0,524,0,0,0,0,0,0,0,0,0,0,0,0,3,0,0,0,0,0,0,0,0,0,0,0,0,0,0,21,0,0,0,0,0,5,0,0,0,0,0,0,0,0,0,4,0,35,0,0,0,0,0,0,0,0,0,0,0,0,0,0,0,0,0,0,0,0,0,0,0,0,0,0,0,0,0,0,0,0,0,0,0,0,0,0,14,0,0,0,0,0,0,0,0,81,0,0,0,0,0,30,0,0,0,0,0,0,0,0,0,0,0,0,0,0,0,0,0,0,0,0,0,0,0,0,5,0,0,0,0,0,0,0,0,0,0,47,0,0,0,0,8,0,0,0,0,0,0,0,0,0,11,0,0,0,0,0,0,0,0,0,0,0,7,0,0,0,0,0,0,0,0,0,0,0,0,0,0,0,0,0,0,0,0,0,12,0,0,0,0,0,0,0,0,0,0,0,0,0,0,0,0,0,0,0,0,12,0,0,0,0,0,0,0,0,0,0,0,0,0,0,0,0,0,0,0,0,0,0,0,0,0,0,30,0,0,0,0,0,0,0,0,0,0,0,0,0,0,0,0,0,0,0,0,0,0,0,0,0,0,0,0,0,0,1334,0,0,0,0,0,0,0,0,0,0,0,0,0,0,0,0,0,0,0,0,0,0,0,3,0,0,0,0,0,0,0,0,0,0,0,0,0,0,0,0,0,0,0,0,0,0,0,0,0,0,0,0,0,0,0,0,0,0,0,0,0,0,0,0,0,0,0,0,0,0,0,0,0,0,0,0,0,0,0,0,0,0,0,0,0,0,0,0,0,0,0,3,0,96,0,0,3,0,0,0,0,0,0,5,0,0,0,0,0,0,0,0
"D302",0,0,0,0,0,0,0,0,0,0,0,0,0,0,0,0,0,0,0,6,0,8,6,0,0,0,0,0,0,0,0,9,0,0,0,0,0,0,0,0,0,0,0,0,0,0,77,3063,0,0,0,1,0,0,0,0,0,0,0,3,0,0,0,0,0,0,0,0,13,0,0,0,0,0,0,0,0,0,0,0,0,0,0,0,0,0,0,0,21,0,0,0,0,0,0,0,0,0,0,0,0,2,0,0,0,0,0,0,0,0,0,0,0,0,2132,2,0,0,0,0,2,11,0,0,0,0,0,0,0,0,0,0,0,0,0,0,0,0,0,0,0,0,0,0,0,0,0,0,4,0,0,0,0,0,0,0,0,0,0,0,0,0,0,21,0,0,0,0,0,0,0,0,0,0,0,0,0,2,0,0,0,0,0,0,0,0,40,0,0,0,0,0,0,0,0,0,0,0,7,2,0,0,0,0,0,0,0,0,0,0,0,0,0,0,0,0,1,0,28,0,0,0,0,0,0,0,0,0,0,0,0,0,0,0,0,0,0,6,0,7,0,0,0,0,0,0,0,0,0,0,0,0,0,0,0,0,0,0,0,0,0,0,93,0,25703,0,0,0,0,0,0,0,0,328,0,0,0,0,0,0,0,0,0,0,0,0,0,0,0,0,0,0,0,0,0,0,0,0,0,0,0,0,0,0,0,5,0,0,0,0,0,0,0,0,7,40,0,0,0,0,0,0,0,0,0,0,0,0,0,0,0,0,0,0,0,0,0,0,0,0,0,0,0,8,0,0,0,0,0,3,0,0,0,0,0,0,0,0,0,0,0,484,0,0,0,0,0,0,0,0,0,0,0,0,0,0,0,0,0,0,0,0,0,0,0,0,0,0,0,0,0,0,0,0,0,0,390,60,0,0,0,0,0,0,0,32,0,0,0,373,0,4,1,0,0,0,0,0,0,0,0,0,0,0,0,0,0,0,0,0,0,0,0,0,0,0,0,0,0,0,0,0,0,0,0,0,8,7,0,0,0,0,0,0,0,0,0,0,0,0,0,0,0,0,0,0,0,0,0,0,0,0,0,0,0,0,0,6,0,0,0,0,0,0,0,14,0,0,0,0,0,0,0,0,0,0,2,0,0,0,0,0,0,0,0,18,0,0,0,0,0,0,0,0,0,0,0,0,0,0,0,0,0,0,0,0,0,0,0,0,0,0,0,0,0,0,0,0,0,3,0,0,0,0,0,0,0,0,0,0,0,0,0,17,0,3567,104,135,0,0,0,0,0,0,10,0,0,0,0,0,0,0,0,0,0,0,0,0,0,0,0,0,0,0,0,0,0,0,0,0,0,0,0,629,0,0,0,0,0,28,0,0,0,0,0,0,0,0,0,5,4,0,0,0,0,0,0,0,0,0,0,0,0,0,0,0,0,0,0,0,64,0,0,0,0,0,0,0,0,0,0,0,0,0,0,0,0,0,0,0,0,0,0,0,0,0,0,0,0,1147,0,0,0,0,0,0,0,12347,0,0,0,0,0,12,0,0,0,0,0,0,0,0,0,0,0,0,0,0,0,9,631,0,0,0,0,0,0,0,0,0,0,0,0,0,0,0,0,0,0,0,0,0,51,0,0,0,0,0,0,0,0,12,0,0,0,0,0,42,0,0,0,0,0,0,0,0,0,0,0,0,0,0,0,0,0,0,0,0,0,0,0,0,0,0,0,0,0,0,0,0,0,4,0,0,0,0,0,0,0,0,0,0,0,0,0,0,0,0,0,0,0,0,0,0,0,0,0,2,0,0,0,0,0,5,0,0,0,7,0,0,0,0,0,30,0,0,0,0,25,0,0,0,0,0,0,0,0,0,0,0,0,11,0,0,0,0,0,0,0,0,0,0,0,0,0,0
"D303",0,0,0,0,0,0,0,0,0,0,0,0,0,0,0,0,0,6,0,0,0,0,0,0,2,0,0,0,0,34,0,0,0,0,0,0,0,0,0,0,0,0,0,0,0,0,0,0,0,0,0,2,0,0,0,0,0,0,0,0,0,0,0,0,0,0,30,276,0,0,0,0,0,0,0,0,0,28,75,0,0,0,0,0,0,0,0,5,0,0,0,0,0,0,0,0,0,0,0,0,0,0,0,0,0,0,0,0,0,0,0,0,0,0,0,0,0,0,0,0,0,0,0,0,0,0,0,0,0,0,0,0,0,0,0,0,0,0,2,0,0,0,0,0,0,0,0,0,2,0,0,0,0,0,0,0,0,0,0,0,0,0,0,0,0,0,0,0,0,0,0,0,0,0,0,0,0,0,0,0,0,0,0,0,0,0,0,0,0,0,0,0,0,0,0,0,0,0,0,0,0,121,0,0,0,0,0,0,0,0,0,0,0,0,0,0,0,0,0,0,0,0,0,0,0,0,0,0,0,0,0,0,0,0,0,0,0,0,0,0,0,0,0,0,0,0,0,0,0,0,0,0,0,0,0,0,0,0,0,0,0,3395,0,0,0,0,0,0,0,0,0,0,0,0,0,0,0,0,0,0,0,0,0,0,0,0,0,0,0,0,0,0,0,0,0,0,0,0,0,0,0,0,0,0,0,0,0,0,0,0,0,0,0,0,0,0,0,0,0,0,0,0,0,0,0,0,0,0,0,0,0,0,13,0,0,0,0,0,0,0,0,0,0,0,0,0,0,0,0,0,0,0,0,0,0,0,0,0,0,0,0,0,0,0,0,0,0,0,0,0,0,0,0,0,0,0,0,0,0,0,0,0,0,0,0,0,0,0,0,0,0,0,0,0,0,0,0,0,0,0,0,0,0,0,0,0,0,0,5,0,0,0,0,0,0,0,0,5,0,0,0,0,0,0,0,0,0,0,0,0,0,0,0,0,0,0,0,0,0,0,0,0,0,0,0,0,0,0,0,0,0,0,0,0,0,0,0,0,0,2919,0,0,0,0,0,0,0,0,0,0,0,0,0,15,0,0,0,0,0,0,0,0,0,5,0,0,0,0,0,0,0,0,0,0,0,0,0,0,0,0,0,0,0,0,0,0,0,0,0,0,0,0,0,0,0,0,0,0,0,0,0,0,0,0,0,0,0,0,0,0,0,0,0,0,0,0,0,0,0,0,0,0,0,0,0,0,0,0,0,0,0,0,0,0,0,0,0,0,0,0,0,0,0,0,3,0,0,0,0,0,0,0,0,0,0,0,0,0,0,0,0,0,0,0,0,0,0,0,0,0,0,0,0,0,0,0,0,0,0,0,0,0,0,0,0,0,0,0,0,0,4,0,0,0,2,0,0,0,0,0,0,0,0,0,0,0,0,0,0,0,0,0,0,0,0,0,0,0,0,0,0,0,0,0,0,0,0,0,0,0,0,0,0,0,0,0,0,0,0,0,0,0,0,0,0,2,0,0,0,0,0,0,0,0,0,0,0,0,0,0,0,0,0,0,0,0,0,0,0,0,2,0,0,0,0,0,0,0,0,0,0,0,0,0,0,0,0,0,0,0,0,0,0,0,0,0,0,0,0,0,0,0,0,102,0,0,0,0,0,0,0,0,0,0,0,0,0,0,0,0,0,0,0,0,0,0,0,0,0,0,0,0,0,0,0,0,0,4,0,0,0,0,0,0,0,0,0,0,0,0,0,0,0,0,0,0,0,0,0,0,0,0,0,0,0,0,0,0,0,0,0,0,0,0,0,0,0,0,0,0,0,0,0,0,0,0,0,0,0,0,0,0,0,0,0,0,0,0,0,0,0,0,0,0,0,0,0,0,2,0,0,0,0,0,0,0
"D304",3,0,0,0,0,105,0,6,0,702,0,0,422,0,0,0,0,0,0,0,0,0,0,0,0,0,0,0,0,9,3,0,0,0,0,0,0,123,0,0,0,0,0,0,0,0,6,0,0,0,0,2,0,0,0,0,0,0,0,0,0,0,0,0,0,1,290,0,0,0,0,0,0,0,0,0,0,0,0,0,0,0,0,14,0,0,2736,0,0,0,0,0,17,0,87,0,0,0,0,0,0,0,0,0,0,0,0,0,49,0,0,0,0,0,0,20,0,4,0,2,0,0,0,0,0,5,0,0,2,0,0,0,0,0,0,0,0,0,0,0,0,0,0,0,2,0,0,0,18654,0,1074,0,0,0,2,0,0,904,0,0,0,0,0,0,0,0,0,0,0,0,0,0,0,511,0,0,0,0,16,0,0,0,0,0,0,133,0,0,0,0,0,0,0,39,151,0,0,3,0,7,0,0,0,0,0,0,0,0,0,0,0,0,0,0,0,0,183,0,0,0,0,0,0,0,0,0,0,0,0,0,8,0,0,0,0,4730,0,0,0,0,0,0,0,0,0,0,0,0,0,0,0,0,0,0,0,0,0,19,0,0,0,0,284,0,0,0,0,21,0,0,0,0,0,0,0,0,0,0,0,0,0,0,0,0,0,0,0,0,0,0,0,0,0,0,0,0,0,0,0,0,0,0,0,62,6,2,0,0,0,0,0,0,0,0,19,0,2,0,0,0,0,0,0,0,0,0,6,0,0,0,0,0,495,0,0,0,0,0,0,0,0,0,0,9,0,0,0,0,0,0,0,0,0,0,0,0,0,0,0,0,0,0,0,0,608,7,0,9,0,0,0,0,0,0,0,0,0,0,0,0,0,0,0,91,0,3,0,0,0,0,0,0,0,0,0,0,0,0,1680,0,0,0,9,34,0,53,2,0,0,0,0,0,0,0,0,0,0,0,0,0,0,0,0,0,0,0,0,0,329,0,0,0,0,0,0,0,0,0,0,53,0,0,0,4,0,16,0,2,0,15,0,0,0,0,0,0,0,0,4,0,0,0,0,0,0,0,282,0,0,0,0,0,0,0,0,0,0,26,0,0,0,0,0,7,0,2475,0,0,0,0,0,0,61,0,0,0,111,3,0,0,0,0,0,0,13,0,0,0,2,0,7,0,0,0,0,12,221,0,0,0,0,0,0,0,0,0,0,0,0,0,0,20,5,0,0,0,0,0,0,168,0,0,0,0,0,0,0,0,0,0,0,0,0,2,0,0,0,0,0,0,0,0,0,0,0,0,0,8,0,242,0,0,0,8,0,0,8,0,0,0,7,0,0,0,0,0,0,0,0,0,0,0,0,0,0,0,0,0,0,0,0,0,0,0,0,0,4,0,9,2,0,0,0,0,0,0,0,0,0,0,0,0,0,0,0,0,0,0,0,52,42,0,0,0,0,0,0,0,0,0,0,0,0,0,0,14,0,5,4,0,0,0,0,0,0,0,0,0,0,0,0,6,0,0,0,0,0,0,0,0,0,183,0,6,0,0,0,0,0,0,0,0,0,4,0,0,0,0,11,0,0,0,0,7,30,0,0,9,0,0,0,0,0,0,8,0,0,0,0,0,0,0,0,0,0,0,0,0,0,0,0,0,0,0,0,0,0,22,687,0,0,2,0,0,1,0,0,0,0,0,0,0,0,0,0,0,0,0,0,0,0,0,0,0,0,0,0,0,0,0,0,0,0,0,0,1,0,24,0,0,0,0,0,0,0,0,0,0,3,0,0,0,0,6,7,0,0,0,0,0,0,5,0,0,0,0,0,0,0,0,0,0,0,0,0,0,0,0,0,0,0,0,0,0,0,0,0,0,0,0,0,0,0,0,0,0,0,0,0,0,0,0,0,0,0,0
"D305",0,6,8,0,0,0,0,6,5,0,0,0,0,0,0,10,61,0,6,19,5,0,14,68,36,0,3,6,7,0,3,41,42,2,2,3,98,0,0,0,24,0,0,6,87,1,19,0,0,0,12,0,13,0,135,127,12,91,16,13,0,0,0,4,21,0,0,4,126,0,31,4,0,0,0,3,9,0,0,4,3,6,0,0,0,54,0,0,95,7,6,4,0,0,0,1,0,0,0,3,50,3,13,18,0,12,4,0,0,2,5,1,0,48,0,0,0,0,0,29,3,0,5,0,35,0,0,0,5,0,0,0,0,9,34,61,0,16,0,1,0,0,0,52,0,193,9,0,0,5,0,0,15,6,0,6,0,0,0,13,0,0,15,0,8,17,0,1,3,6,3,0,0,0,6,79,0,2,0,5,2,118,0,38,3,0,0,7,0,0,3,0,4,0,0,4,2,2,7,4,13,0,0,0,0,0,0,21,0,5,2,0,0,0,9,18,0,0,15,0,0,0,3,30,15,7,36,0,0,2,5,4,5,5,1,0,18,0,21,0,0,0,16,2,0,0,0,0,11,0,0,2,6,0,0,0,0,29,4,10,0,0,0,0,0,24,5,0,35,0,14,0,19,10,0,2,5,0,0,2,0,0,0,8,0,36,2,35,2,28,0,32,0,0,0,0,7,0,0,33,8,0,4,0,0,12,0,3,0,1,0,21,0,0,0,77,52,0,0,115,0,0,0,2,0,2,1,0,0,1,0,0,0,0,0,0,9,13,0,0,0,2,0,0,14,4,0,103,0,0,0,20,4,6,0,2,0,4,0,0,2,0,0,2,0,0,10,0,57,0,4,1,1,0,20,0,0,1,2,5,4,12,13,0,10,0,4,5,0,5,0,0,52,0,1,0,0,144,0,0,9,5,0,2,0,0,6,0,0,0,76,110,1,0,5,10,0,6,15,1,26,0,3,20,263,3,29,0,0,51,110,2,0,32,0,0,2,0,0,0,3,43,0,0,16,0,9,0,92,0,7,24,6,2,26,5,0,0,0,0,0,23,282,0,0,3,18,0,48,4,1,0,0,8,64,0,2,0,24,30,2,60,0,0,14,0,0,0,11,19,8,0,0,0,0,0,0,4,63,0,3,0,5,0,0,0,0,0,0,13,0,25,3,11,0,0,8,0,8,0,0,0,3,5,0,83,44,3,89,47,7,0,0,169,0,3,0,0,0,0,24,36,2,0,17,3,0,15,0,0,4,0,0,0,5,0,0,0,0,0,0,0,1,21,15,0,49,0,10,0,2,0,0,0,2,14,0,0,6,0,4,0,39,8,0,10,0,0,20,0,35,0,0,0,3,0,0,16,79,0,0,1,32,3,0,1,6,33,0,0,0,16,6,33,0,0,31,0,17,0,22,1,0,0,1,10,0,0,0,0,0,0,6,0,6,0,0,2,15,49,0,2,0,0,0,0,0,14,0,0,6,17,0,1,7,270,0,0,26,0,4,0,33,10,17,0,0,0,0,0,2,0,2,0,1,15,0,0,90,0,0,1,6,0,0,0,8,0,0,10,0,32,0,0,5,0,0,193,27,4,12,0,0,0,1,21,32,3,0,0,3,102,0,0,62,0,5,2,0,4,13,5,0,0,0,123,10,0,5140,22,97,9,6,5,0,0,1,11,0,57,0,100,5,22,0,3,0,0,6,4,11,4,0,2,2,0,69,0,0,0,3,12,0,0,0,0,0,0,7,0,17,0,95,0,0,0,36,16,0,0,0,0,91,0,8,0,2,0,9,59,6,2,5,2,23,0,31,55,4,0,3,0,12,132,0,0,0,0,194,30,0,2,5,0,0,0,8,0,6,9,0,0,0,19,0,21,19,0,0,4,2,0,7,6,0,0
"D306",5,0,17,0,0,0,0,0,0,0,3,0,42,0,0,0,0,0,0,0,0,0,0,0,0,0,0,0,0,30,1,0,0,0,0,0,0,94,0,1,0,3,0,0,0,0,0,0,0,0,0,0,0,0,2,0,0,0,0,0,0,0,0,0,2,3,0,0,5,2,0,0,0,2,0,0,0,0,0,0,2,0,0,0,0,0,20,3,0,0,0,0,5,0,13,0,0,0,0,0,0,0,0,0,0,3,6,0,5,0,0,0,0,0,0,0,0,0,0,0,0,0,0,0,0,0,0,0,0,0,0,0,0,0,0,0,0,0,0,0,0,120,5,0,0,0,0,0,0,0,16,0,0,0,0,0,0,71,0,2,0,2,0,0,0,0,0,0,0,0,0,0,0,0,0,0,0,0,24,0,0,0,0,0,0,0,0,0,0,0,0,0,0,0,31,0,0,0,0,0,0,0,0,2,0,0,0,2,0,0,0,5,0,0,0,0,21,0,0,0,0,0,0,0,0,0,2,0,0,0,4,0,0,0,0,8,0,9,2,0,0,0,0,3,0,0,0,0,0,0,0,0,0,0,0,0,0,0,0,0,0,0,8,0,0,0,5,0,0,0,0,0,0,0,0,0,0,0,0,0,0,3,0,0,0,0,0,0,0,0,2,0,0,0,0,0,2,0,0,0,0,0,0,0,0,4,0,0,0,0,0,0,0,0,0,0,3,0,0,0,0,0,0,0,0,0,0,0,0,0,0,2,13,0,0,0,0,2,0,0,3,2,0,37,0,0,0,0,0,0,0,0,0,0,0,0,0,0,0,0,0,0,0,0,705,6,0,25,0,0,1,0,0,0,0,0,0,0,0,2,0,3,0,31,0,3,0,0,6,0,0,0,0,2,0,0,0,8,83,0,0,0,0,0,0,0,0,0,2,0,0,0,0,3,0,0,0,0,0,0,0,0,0,0,0,2,0,0,318,0,0,0,0,0,0,0,0,1,0,12,0,0,0,0,0,0,0,0,0,0,0,0,0,0,0,0,0,0,0,0,3,0,0,0,0,0,0,0,0,0,0,0,0,0,0,0,0,0,0,0,1,0,0,0,0,0,0,0,0,0,6,0,0,0,0,0,7,0,0,0,0,0,0,0,0,5,0,0,0,5,0,0,0,0,0,0,761,0,0,0,0,0,0,0,0,0,0,0,0,0,0,0,45,0,0,2,0,0,0,40,3,0,0,0,0,0,0,0,0,52,0,2,0,0,0,0,0,0,0,0,0,2,0,0,0,0,0,0,0,77,0,0,0,0,0,0,90,0,0,0,0,0,0,0,0,0,0,0,0,0,0,0,0,0,0,0,0,0,0,0,0,0,0,0,0,0,3,0,2,0,0,0,0,0,0,0,0,0,0,0,0,0,0,0,0,0,0,0,0,0,11,0,0,0,0,0,0,0,0,0,11,0,1498,0,0,0,0,13,10,0,0,0,0,0,0,0,0,0,0,0,0,0,0,1,0,0,0,3,0,16,0,336,0,13,0,0,2,0,2,0,0,0,0,0,0,0,0,0,15,0,0,0,0,25,2,0,0,0,2,0,0,0,0,0,0,0,0,0,0,0,0,0,0,0,0,0,0,0,0,0,0,0,3,0,0,1,0,0,9,0,0,3,0,0,0,0,0,0,0,0,0,0,0,0,6,0,0,0,0,0,0,0,0,0,0,0,0,0,0,0,0,0,0,0,0,0,0,0,0,0,0,1,2,8,0,0,0,0,0,0,0,0,0,19,10,0,0,0,0,0,0,0,0,0,0,0,0,13,0,0,0,0,4,0,0,0,0,0,0,0,0,0,4,0,3,0,0,0,0,0,0,0,0,2,0,2,0,0,0,0,0,0,0,0,0,0
"D307",0,0,0,37,0,0,0,2,0,0,11,287,0,0,17,0,0,8,8,0,22,65,4,0,189,20,5,0,3,0,0,12,4,0,29,0,461,0,0,0,0,0,0,0,485,0,1,0,0,2,0,0,5,17,51,25,0,1,13,0,0,1,0,26,0,2,0,14,0,13,0,0,0,64,28,0,0,0,0,40,0,2,0,0,5,29,0,6,0,5,0,0,0,6,0,5,0,0,0,7,0,19,2,90,135,0,0,0,0,0,0,56,4,0,0,0,0,3,14,0,0,16,10,2,5,0,0,10,0,25,6,0,10,0,62,33,0,55,0,0,33,0,0,0,12,392,0,19,0,16,0,11,130,1,0,0,0,0,0,0,158,0,0,0,41,10,3,0,0,2,0,19,3,0,0,0,0,0,0,0,46,0,0,54,2,0,0,2,6,0,8,0,0,0,0,0,4,2,0,0,11,0,9,0,0,0,0,30,29,0,17,0,54,0,0,0,0,26,0,2,0,126,31,46,0,14,0,5,0,0,0,3,9,0,0,0,0,0,242,304,0,12,59,0,19,3,0,2,4,0,0,6,30,0,0,49,26,9,0,16,0,0,0,0,0,0,0,0,1,10,71,0,21,23,9,10,1,7,41,1,69,0,0,0,2,0,0,71,0,0,0,12,19,21,2,0,0,0,4,4,0,0,0,0,0,0,13,0,63,34,0,2,6,6,0,0,0,0,13,0,0,0,1,2,12,2,0,32,0,0,6,0,0,52,0,0,0,1,0,0,0,2,9,0,292,21,18,34,5,0,16,0,0,0,97,39,5,215,0,0,0,0,0,18,0,0,33,0,0,4,22,0,21,0,0,27,0,1,1,1,33,0,0,2,20,0,103,0,0,306,3,0,46,0,2,4,0,187,0,16,0,0,0,0,0,0,0,8,0,0,99,0,0,0,6,6,41,0,13,0,13,0,0,177,0,0,0,0,0,0,47,0,0,76,6,0,0,0,0,0,0,51,0,20,0,0,0,0,0,0,67,0,10,0,0,33,0,0,0,0,4,6,97,0,25,43,1,16,0,0,0,320,0,6,0,0,0,3,9,0,0,60,0,16,0,0,0,0,9,0,0,23,0,0,0,0,0,0,130,0,0,86,97,0,0,48,101,0,62,0,0,5,0,0,0,0,0,0,2,0,0,9,0,0,16,0,0,0,0,67,13,0,0,23,2,15,9,0,0,0,0,0,54,13,155,6,5,0,1482,0,3,0,0,22,6,0,4,957,0,10,0,7,142,0,0,0,11,0,38,0,3,0,0,0,54,36,0,0,11,38,0,0,2,52,0,103,31,0,55,0,0,8,0,0,0,13,0,0,3,22,0,0,516,0,0,8,28,0,0,0,0,13,0,117,0,3,6,3,100,0,0,2,11,5,0,11,3,0,4,0,0,20,0,0,3,3,5,86,6,12,0,63,0,8,0,0,18,0,0,0,8,0,32,0,0,697,3,0,76,0,0,0,0,0,0,0,17,0,0,0,10,0,3,0,24,121,0,2,49,117,0,0,10,0,94,14,0,0,0,8,0,0,0,0,0,0,2,380,0,16,2,0,0,3,0,0,0,0,0,79,0,168,0,32,0,0,0,21,0,21,26,0,6,0,0,0,43,0,0,116,379,476,2,103,0,0,29,3,0,0,21,13,0,0,0,0,6,0,3,4,13,0,122,2,0,0,57,0,14,3,0,0,0,0,6,0,0,0,2,257,27,0,180,0,0,0,0,0,6,30,0,37,263,0,0,0,22,26,0,0,0,13,0,0,0,34,99,0,9,4,0,0,0,14,5,15,0,27,33,0,0,0,188,26,0,3,0,11,6,14,0,0,2,1,0,280,0,0,7,0,7,0,0,0,4,0
"D308",4,9,33,0,0,0,2,5,5,0,1,0,0,0,0,17,83,0,14,13,14,4,30,100,35,0,2,0,22,0,5,123,60,3,10,0,116,0,0,1,14,0,0,5,95,4,11,0,4,0,14,0,0,0,111,215,18,123,18,12,0,0,0,1,61,0,0,1,206,0,36,0,0,4,0,2,11,0,0,0,6,11,0,0,0,67,0,0,93,4,7,5,82,0,3,0,0,0,0,4,54,11,6,18,0,20,2,0,0,0,13,0,0,27,0,0,0,0,0,52,2,0,1,0,55,0,7,0,9,0,0,0,0,15,50,91,3,51,0,5,0,0,0,47,0,325,24,0,13,6,0,0,29,10,0,0,0,0,0,34,0,0,41,0,2,18,0,2,2,0,21,0,0,0,1,114,2,0,0,2,3,0,0,32,4,0,0,12,1,0,1,0,24,0,0,26,9,3,1,0,17,0,2,0,0,0,0,53,0,11,4,0,6,0,0,0,0,0,10,0,3,0,10,16,10,11,32,0,0,9,24,6,5,7,1,0,14,0,25,18,3,6,11,4,0,14,0,23,27,0,2,0,26,0,0,0,2,52,8,12,0,0,1,0,0,47,12,0,56,0,6,0,21,1,0,0,15,0,2,9,0,0,0,4,0,63,1,49,1,25,0,35,0,0,10,0,18,2,2,32,5,0,6,0,0,16,0,10,5,0,0,52,2,0,0,151,100,0,0,111,8,0,0,0,0,3,0,0,0,0,0,0,0,5,0,2,20,27,0,3,0,31,0,4,25,3,0,77,0,0,8,75,56,5,0,1,0,2,3,0,5,0,0,9,0,0,5,0,42,3,23,5,0,0,175,0,0,0,7,9,0,23,23,0,6,4,3,2,0,4,0,0,70,4,0,4,0,178,0,0,15,0,0,3,8,4,20,0,0,0,102,209,0,0,2,23,0,3,38,4,31,0,0,109,248,31,50,2,0,19,0,2,2,47,0,0,0,13,0,0,4,113,0,4,49,0,123,3,231,0,22,0,25,3,28,4,3,0,0,0,3,48,306,11,0,0,45,10,129,9,0,27,0,1,102,0,0,0,27,30,0,131,3,0,17,0,3,0,10,20,33,0,0,0,0,0,0,10,59,0,10,0,1,7,0,9,1,0,0,26,5,34,0,9,0,7,33,6,5,0,4,0,1,6,0,80,48,8,108,47,10,0,0,195,0,6,6,13,0,0,58,71,13,0,0,15,0,7,0,0,11,2,0,0,2,0,0,0,0,0,0,0,9,24,12,0,57,0,27,0,0,0,2,0,9,14,0,0,8,0,6,3,50,7,0,6,0,0,36,10,46,0,0,0,5,0,0,58,4,0,0,0,57,3,0,1,8,40,0,0,0,38,11,29,0,0,33,0,25,0,0,1,0,4,15,22,0,0,0,0,3,0,3,3,7,0,0,4,24,92,3,1,0,3,0,0,0,16,0,3,11,20,0,3,6,233,2,0,75,0,6,0,91,6,13,2,0,0,0,0,0,0,2,0,13,37,0,0,69,0,0,0,3,0,0,0,5,2,0,4,0,71,0,0,2,7,0,313,19,23,36,0,0,0,0,22,39,2,0,0,5,146,0,0,1,0,0,3,0,14,8,2,0,0,0,291,3,0,23,19,102,8,15,8,0,0,6,4,0,131,0,134,41,43,0,2,0,0,10,14,15,4,0,24,4,0,77,0,7,0,3,3,0,0,0,12,2,0,9,0,23,2,125,0,0,0,42,14,0,0,0,0,150,0,7,3,3,12,8,86,16,32,9,0,85,0,41,11,19,0,0,0,28,74,2,0,5,0,153,32,0,1,15,6,0,0,19,0,5,10,0,0,0,51,0,19,10,0,0,20,7,3,14,0,0,1
"D309",0,0,0,0,0,0,0,5,0,0,0,0,0,0,13,0,0,0,62,7,344,0,0,0,0,0,0,0,0,0,2,0,0,0,0,0,0,0,0,0,0,0,0,0,0,0,109,0,0,0,0,0,0,0,0,0,6,0,37,0,0,0,0,0,5,0,0,0,0,0,0,24,0,0,0,0,0,0,0,0,0,0,0,0,0,76,3,10,0,0,0,0,0,0,0,0,0,0,0,0,0,0,0,0,0,7,0,1,0,0,0,0,0,0,357,0,0,0,0,0,10,4,0,0,0,17,154,0,0,0,0,0,1163,0,0,0,0,0,0,0,0,0,0,0,0,0,0,0,0,0,0,0,0,0,0,0,0,0,82,0,0,0,0,4,0,0,0,0,0,40,0,5332,0,0,0,0,0,5,0,0,0,2,0,0,0,0,0,0,0,2,0,0,56,0,0,342,0,0,0,6,0,0,0,0,57,0,0,3,0,0,0,0,0,0,0,0,0,0,13,0,0,0,0,0,0,0,0,0,0,0,0,0,0,0,0,0,0,5,0,0,0,0,0,0,0,0,0,0,0,0,0,0,0,0,0,0,0,0,0,0,0,0,17,0,0,0,0,0,0,0,0,0,0,2138,0,0,0,0,0,0,0,0,106,0,0,0,0,0,0,0,0,0,0,0,0,0,0,1,0,0,0,21,0,0,0,0,0,0,0,0,0,0,0,0,0,1054,0,0,0,0,0,59,0,0,0,0,0,0,3,0,0,0,0,0,4,0,0,0,0,0,0,104,0,0,0,0,0,0,0,0,0,0,0,0,0,0,0,0,0,0,0,0,0,0,3,0,0,0,0,0,0,0,0,0,22,0,0,0,0,0,0,0,0,0,0,0,0,0,0,0,0,0,0,0,0,0,99,2,0,0,0,0,0,13,0,0,2331,0,0,0,0,118,0,0,0,0,0,0,35,0,0,0,0,0,0,0,0,0,4,22,0,0,0,0,0,0,0,0,0,0,0,0,0,0,0,0,18,0,0,2,0,0,0,0,0,0,1,0,0,0,0,0,0,0,0,0,40,0,0,0,0,0,3,0,0,0,0,6,0,0,0,0,0,1,0,0,0,68,0,0,0,0,0,0,0,0,0,0,0,5,0,0,0,0,0,1140,0,0,0,0,0,0,0,0,0,0,0,0,0,0,0,0,0,0,0,0,0,0,0,0,0,0,0,0,0,0,0,30,0,0,0,0,0,0,0,6,0,22,0,0,0,0,0,3,9,1893,0,392,0,4,0,0,0,0,0,0,0,0,0,0,0,0,0,0,0,0,0,2950,0,0,12,0,0,0,0,0,0,15,0,0,0,0,0,2,0,0,55,0,0,31,0,0,0,0,0,0,0,0,0,0,4,0,0,0,0,0,0,0,0,0,2,0,49,0,0,0,0,0,0,0,0,0,0,0,14,0,0,0,0,0,0,0,0,0,0,0,0,4,0,0,0,0,16,0,0,0,0,0,0,0,0,0,0,0,0,0,0,140,10,0,0,0,0,0,0,0,3,0,2,0,0,0,0,0,0,2,0,0,0,0,0,0,0,0,0,0,0,0,0,0,0,0,0,0,2,0,0,0,83,0,3,0,0,0,0,0,0,0,0,0,0,0,0,0,2,0,0,0,0,0,0,0,0,0,0,0,0,0,3,0,0,0,0,0,0,0,0,0,0,0,0,0,0,0,0,0,68,0,0,0,0,0,2,419,0,3,0,0,0,0,0,0,0,0,0,0,0,0,0,0,0,0,0,0,2,0,0,0,0,0,0,0,0,0,0,0,0,0,1,0,0,0,0,0,0,0,0,0,0,0,0,0,0,4,0,5,0,0,0,0,0,0,0,8,0,0,6,0,3,0,0,0,0,0,0,0
"D310",5,0,19,0,0,0,0,10,0,0,15,0,0,25,0,0,0,0,0,0,0,0,23,0,0,0,0,0,0,5,0,0,4,0,0,0,0,0,0,0,0,0,0,4,5,0,0,0,12,0,0,2,0,3,0,10,11,0,5,0,0,0,0,2,0,0,0,0,86,21,0,13,0,0,0,0,7,4,0,1,0,0,0,0,3,37,0,0,0,14,2,0,0,2,0,0,0,0,0,0,8,0,0,0,2,10,8,0,2,0,0,0,10,0,0,0,0,0,6,29,0,0,3,0,2,0,1,0,0,0,2,0,0,0,0,67,0,0,0,0,0,0,0,0,11,49,0,0,0,0,0,0,0,0,0,0,8,0,0,0,0,0,0,0,0,0,0,24,0,2,0,0,0,0,0,0,0,0,0,3,0,0,5,7,0,0,0,0,4,0,0,0,0,0,0,0,6,24,0,0,5,0,10,0,0,45,0,74,0,0,0,0,2,0,0,0,0,0,0,0,10,0,0,0,0,0,16,0,11,0,6,0,0,0,0,0,4,0,0,0,11,0,0,0,0,0,0,0,0,0,9,0,0,0,0,0,2,3,2,5,21,0,0,0,0,0,0,0,9,2,0,0,0,0,0,4,12,11,25,0,1,0,0,0,0,0,0,0,3,0,23,4,0,0,0,0,9,11,6,11,0,0,2,0,0,0,0,0,0,3,0,0,0,29,0,0,0,4,0,111,0,0,0,2,0,0,0,0,0,0,2,1,0,0,0,3,0,23,0,0,0,0,0,0,0,0,0,2,0,0,0,0,0,2,68,19,0,0,0,0,0,0,0,0,0,0,0,0,0,10,10,29,0,0,0,0,0,7,0,0,0,0,11,0,0,0,13,0,0,0,0,0,6,1,0,68,0,34,1,0,0,0,0,2,15,0,0,4,0,0,0,0,0,3,0,0,0,0,34,0,0,0,0,4,3,0,0,0,0,0,16,0,0,76,0,0,7,2,3,0,0,30,19,8,3,0,0,0,0,3,2,0,0,0,0,0,0,0,0,0,0,0,0,0,1,0,9,94,9,0,0,14,0,29,9,1,0,0,0,0,10,30,0,0,0,0,0,0,16,0,0,0,0,0,0,0,0,0,0,2,0,4,21,0,4,0,6,0,0,3,1,12,0,0,0,0,0,7,0,1,5,0,10,0,2,0,0,0,0,3,0,0,0,0,0,0,4,2,2,8,0,0,0,0,41,10,0,0,0,0,0,0,25,0,0,0,0,0,1,12,0,16,13,14,0,0,0,0,0,0,0,5,0,42,0,0,0,0,0,2,2,0,0,0,0,0,6,0,0,0,0,0,0,0,0,0,0,0,9,0,0,0,0,0,0,0,7,0,0,0,2,14,0,0,0,0,0,0,0,0,0,0,0,0,0,0,0,0,0,0,0,0,0,26,0,3,0,0,0,9,1,0,0,0,0,0,0,2,10,2,0,16,0,0,0,50,0,1,0,0,0,0,1,0,4,0,1,0,0,0,1,0,0,0,40,16,0,0,0,0,0,0,0,0,0,0,0,0,0,0,0,4,0,0,0,0,0,0,0,0,0,0,0,2,0,24,0,0,0,0,0,17,0,0,0,0,0,0,0,3,8,2,2,0,0,27,0,0,0,0,141,65,0,4,0,0,10,0,0,0,0,0,26,141,0,0,0,0,0,8,3,0,0,0,3,0,6,0,4,6,0,0,0,0,0,0,2,0,0,0,5,9,10,0,0,0,20,0,0,0,0,0,17,0,0,0,0,0,0,15,0,7,0,0,10,7,0,91,0,0,6,0,79,0,2,0,2,0,0,0,1,0,0,12,0,0,0,0,0,0,4,0,3,1,0,11,0,0,3,0,0,0,0,0,5,16
"D311",0,10,22,2,2,0,0,7,6,0,0,0,0,0,0,5,49,0,5,3,1,2,16,35,10,0,0,0,5,0,4,54,17,2,1,2,74,0,0,0,20,0,1,4,30,2,9,0,13,0,3,0,22,0,59,88,6,23,11,5,0,0,0,3,12,1,0,0,194,0,21,1,0,3,0,5,0,0,0,7,9,5,0,0,0,27,0,0,33,4,2,3,20,0,2,0,0,0,0,0,26,5,4,6,0,10,4,0,0,0,6,3,0,16,0,0,0,0,0,24,0,0,2,0,19,0,1,1,5,0,0,0,0,1,19,31,2,38,0,5,0,0,0,40,0,242,7,0,1,6,0,0,11,6,0,0,0,0,0,8,0,0,10,0,0,10,1,2,3,4,2,0,0,0,5,33,2,0,0,0,3,8,0,20,0,0,0,5,0,0,0,0,6,0,2,13,6,3,4,6,8,0,0,0,0,0,0,26,0,3,1,0,1,0,0,9,0,0,0,0,0,0,3,14,2,0,20,0,0,3,0,4,2,3,2,0,8,0,12,0,1,0,6,2,0,6,0,2,4,0,2,0,9,0,0,2,0,50,0,3,0,0,0,0,0,14,3,0,24,1,11,0,13,2,0,0,3,0,0,0,1,0,0,0,0,20,2,14,5,11,0,25,0,0,5,0,5,0,0,23,7,0,3,0,0,5,0,0,0,0,0,5,0,0,3,49,40,0,0,37,3,0,0,0,0,2,5,0,1,9,0,0,0,0,0,2,8,13,0,0,0,2,0,0,4,1,0,45,0,0,0,29,8,0,0,0,0,3,0,0,3,0,3,0,0,0,3,0,21,0,6,0,0,0,13,0,0,0,2,3,3,20,5,0,3,0,0,0,0,2,0,0,10,3,2,0,0,109,0,0,3,0,0,3,0,0,6,0,0,0,42,68,0,0,3,6,2,2,2,0,14,0,0,31,138,9,18,0,0,18,0,2,4,27,2,0,2,5,0,0,0,22,0,0,11,0,7,0,42,0,5,13,10,4,23,4,0,0,0,0,3,24,85,0,0,0,0,3,37,8,0,1,0,0,43,0,2,0,18,14,0,35,0,0,1,14,0,0,6,10,18,0,0,0,0,2,0,2,39,0,2,0,4,2,0,4,0,58,0,13,0,24,4,8,0,1,12,0,10,0,3,0,0,1,0,28,12,0,31,25,2,0,0,71,0,4,3,3,0,0,18,15,7,0,4,2,0,16,0,0,0,1,0,0,8,0,5,0,0,0,0,0,7,19,5,0,13,0,7,0,2,4,0,2,0,2,0,0,4,0,1,0,21,1,0,6,0,0,12,2,22,0,0,0,0,0,0,4,2,0,0,0,5,0,0,0,3,22,0,0,0,17,10,15,0,0,10,0,14,0,0,0,0,3,5,5,2,0,0,0,0,0,3,7,2,0,0,0,11,35,0,4,0,0,0,0,0,18,0,0,5,16,0,3,1,70,0,0,31,0,2,0,12,3,2,0,0,0,0,0,1,0,2,1,0,11,0,0,28,0,0,0,0,0,0,0,9,0,0,5,0,25,0,0,2,0,0,139,12,5,20,0,0,0,0,9,17,0,0,0,1,71,6,0,4,0,1,0,0,3,4,5,0,0,0,87,3,39,472,6,33,0,5,3,1,0,0,3,0,26,0,48,18,21,0,2,0,0,4,9,7,4,0,4,12,1,36,0,0,0,1,5,0,0,0,0,2,0,0,2,12,0,31,0,0,0,23,8,0,0,0,0,58,0,3,0,3,0,4,38,5,4,2,2,59,0,17,18,7,0,0,0,5,25,0,0,0,0,31,12,0,0,1,0,0,0,2,0,3,8,0,0,0,17,0,6,18,0,0,0,0,2,3,0,0,0
"D312",0,0,0,0,0,0,0,0,0,0,0,0,0,0,0,0,0,0,0,0,0,0,0,0,0,0,0,0,0,0,0,0,0,0,0,0,0,0,0,0,0,0,0,0,0,0,0,426,0,0,0,0,0,0,0,0,0,0,0,0,0,0,0,0,418,0,0,0,3,0,0,0,0,0,0,0,0,0,4,0,0,0,0,0,0,1,0,0,0,2,0,0,0,0,0,0,0,0,0,0,0,0,0,0,0,0,0,23,0,5,0,0,0,0,404,0,0,0,0,0,0,19,0,0,0,0,268,0,0,0,0,0,0,0,0,0,0,0,0,20,0,0,0,0,0,0,0,0,0,0,0,0,0,0,0,0,0,0,3,0,0,0,0,0,0,0,0,0,0,0,0,0,0,0,0,0,0,0,0,0,0,0,0,0,0,0,0,0,0,0,0,0,0,0,0,0,0,0,0,0,0,0,0,0,5,0,0,0,0,0,0,0,0,0,0,0,0,0,0,0,0,0,0,0,0,0,0,0,0,0,0,0,0,0,0,0,0,0,0,0,0,0,0,0,0,0,0,0,0,0,0,0,0,0,0,0,0,0,0,0,0,0,0,552,26,0,0,0,0,0,0,0,0,13,0,0,0,0,0,0,0,0,0,0,0,0,0,0,0,0,0,0,0,0,0,0,0,0,0,0,0,0,0,0,0,0,0,0,0,0,0,0,0,0,0,0,0,0,0,0,0,0,0,0,0,0,0,0,0,0,0,0,0,0,0,0,0,0,0,0,0,0,0,0,0,0,0,0,0,0,0,0,0,0,0,0,0,0,0,0,0,0,0,0,0,0,0,0,0,0,0,0,0,0,0,0,0,0,0,0,0,0,0,0,0,0,0,0,0,0,0,0,0,0,0,0,0,0,0,0,0,0,0,10,0,0,0,0,0,226,0,0,0,0,0,0,0,0,0,0,0,0,0,0,0,0,0,0,0,0,0,0,0,0,0,0,0,0,0,0,0,0,0,0,0,0,0,0,0,0,0,0,0,0,0,0,0,0,0,0,0,0,0,0,0,0,0,0,0,0,0,0,0,0,0,0,0,0,0,0,0,0,0,0,0,0,0,0,0,0,0,0,0,0,0,0,0,0,0,0,0,0,0,0,0,920,0,0,0,0,0,0,0,0,0,0,0,0,0,0,0,2,0,0,0,0,0,0,0,0,0,0,0,0,0,0,0,0,0,135,0,0,0,0,0,0,0,0,0,0,0,0,0,0,0,92,0,61,0,0,0,0,0,0,0,0,0,0,0,0,0,0,0,0,0,0,0,314,0,0,0,0,0,0,0,0,0,0,0,0,0,0,0,6,0,0,0,0,0,0,0,0,0,0,0,0,0,0,0,2,3,0,0,0,0,0,0,0,0,0,0,0,26,0,0,0,0,0,0,0,25,0,0,0,0,0,0,0,0,0,0,0,0,0,0,0,0,0,0,0,0,0,0,0,0,0,0,0,0,0,0,0,0,0,0,0,0,2839,0,0,0,0,0,0,0,0,0,30,0,0,0,0,0,0,0,0,0,0,0,18,20,0,0,0,0,0,0,0,0,0,0,0,0,0,0,0,0,0,0,0,0,0,0,0,0,0,0,0,0,0,0,0,0,0,0,0,0,25,0,0,0,0,0,0,0,0,0,0,0,0,0,0,0,0,0,0,0,0,0,0,0,0,0,0,0,0,1,0,0,0,0,0,0,5,0,0,0,0,0,0,0,0,0,0,0,0,0,0,0,0,0,0,0,0,19,0,0,5,0,0,0,0,0,2,0,0,0,0,20,0,0,0,0,0,0,0,0,0,0,0,0,0,0,0,0,0,0,0,0,0,0,0,0,0,0,0,0,0,0,0,0,0,0,0,0,0
"D313",0,0,0,0,0,0,0,0,0,0,0,0,0,0,0,0,0,0,0,2,0,0,0,0,0,0,0,0,0,0,0,0,0,0,0,0,0,0,0,0,0,0,0,0,0,0,0,0,0,0,0,0,0,0,0,0,0,0,0,0,0,0,0,0,0,0,0,0,0,0,0,0,0,0,0,0,0,0,0,0,0,0,0,0,0,0,0,0,0,2,0,0,0,0,0,0,0,0,0,0,0,0,0,0,0,0,0,0,0,0,0,0,0,0,0,0,0,0,0,0,0,0,0,0,0,0,0,0,0,0,0,0,35,0,0,0,0,0,0,0,0,0,0,0,0,0,0,0,0,0,0,0,0,0,0,0,0,0,0,0,0,0,0,152,0,0,0,0,0,0,0,0,0,0,0,0,0,0,0,0,0,0,0,0,0,0,0,0,0,0,0,0,0,0,0,0,0,0,0,0,0,0,0,0,0,0,0,0,0,0,0,0,0,0,0,0,0,0,0,45,0,0,0,0,0,0,0,0,0,0,0,0,0,0,0,0,0,0,0,0,0,0,0,0,0,0,0,0,0,0,0,0,0,0,0,0,0,0,0,0,0,0,0,0,0,0,0,0,0,0,0,0,0,0,0,0,0,0,0,0,0,0,0,0,0,0,0,0,0,0,0,0,0,0,0,0,0,0,0,0,0,0,0,0,0,0,0,0,0,0,0,0,0,0,0,0,0,0,0,0,0,0,0,0,0,0,0,0,0,0,0,0,0,0,0,0,0,0,0,0,0,0,0,0,0,0,0,0,0,0,0,0,0,0,0,0,0,0,0,0,0,0,0,0,0,0,0,0,0,0,0,0,0,0,0,0,0,0,0,0,0,0,0,0,0,0,0,0,0,0,0,0,0,0,0,0,0,0,0,0,0,0,0,0,0,0,255,0,0,0,0,0,0,0,0,0,0,0,0,0,0,0,0,0,0,0,0,0,0,0,0,0,0,0,0,0,0,0,0,0,0,0,0,0,0,0,0,0,0,0,0,0,0,0,0,0,0,0,0,3478,0,0,0,0,0,0,0,0,0,0,0,0,0,0,0,0,0,0,0,0,0,0,0,0,0,0,0,0,0,0,0,0,0,0,0,0,0,0,0,0,0,0,0,3,0,0,0,0,0,0,0,0,0,0,0,0,0,0,0,0,0,0,0,0,0,0,0,0,0,0,0,0,0,0,0,0,0,0,0,0,0,0,0,0,0,0,0,0,0,0,0,0,0,0,0,0,0,0,0,0,0,0,0,0,0,0,0,0,0,0,0,0,0,0,0,0,0,0,0,0,0,0,0,0,0,0,0,0,0,0,0,0,0,0,0,0,0,0,0,0,0,0,0,0,0,0,0,0,0,0,0,0,0,0,0,0,0,0,0,0,0,0,0,0,0,0,0,0,0,0,0,0,0,0,0,0,0,0,0,0,0,0,0,0,0,0,0,0,0,0,0,0,0,0,0,0,0,0,0,0,0,0,0,0,0,0,0,0,0,0,0,0,0,0,0,0,0,0,0,0,0,0,0,0,0,0,0,0,0,0,0,0,0,0,0,0,0,0,0,0,0,0,0,0,0,0,0,0,0,0,0,0,0,0,0,0,0,0,0,0,0,0,0,0,0,0,0,0,0,0,14,0,0,0,0,0,0,0,0,0,0,0,0,0,0,0,0,0,0,0,0,0,0,0,0,0,0,0,0,0,0,0,4,0,0,0,0,0,0,0,0,0,0,0,0,0,0,0,0,0,0,0,0,0,0,0,0,0,0,0,0,0,0,0,0,0,0,0,0,0,0,0,0,0,0,0,0,0,0,0,0,0,0,0,0,0,0,0,0,0,0,0,0,0,0,0,0,0,0,0,0,0,0,0,0,0
"D314",0,0,0,0,0,0,0,0,0,4,0,0,0,0,0,0,0,0,0,3,0,0,0,0,0,0,0,0,0,2,0,0,0,0,0,0,0,0,284,0,0,0,0,0,0,0,2,746,0,0,0,0,0,0,0,0,0,0,0,0,0,0,0,0,0,0,0,2,0,2,0,0,340,0,0,0,0,0,0,0,0,0,0,0,0,0,0,247,0,0,0,0,0,0,0,0,0,79,71,0,0,0,3,0,0,0,0,731,0,0,0,0,0,0,307,0,51,0,0,0,0,7,0,0,0,0,0,0,0,0,0,28,0,18,0,0,0,0,874,3,0,0,0,0,0,0,0,0,0,0,0,0,0,0,0,0,0,0,27,2,0,0,0,0,0,0,0,0,0,0,0,704,0,0,0,0,0,0,0,0,0,0,0,0,0,0,3,0,0,50,0,0,4,0,0,0,0,0,0,0,0,0,0,0,0,0,58,0,0,0,0,0,0,431,0,0,3,0,11,2,0,0,0,0,0,0,0,0,0,0,0,0,0,0,0,0,0,31,0,0,0,0,0,0,0,0,169,0,0,120,0,0,0,7,29,0,0,0,0,0,0,0,22,1307,192,0,0,0,0,0,0,0,0,0,0,0,0,0,0,0,0,0,8,0,0,0,0,0,0,0,0,0,0,0,0,0,0,0,0,0,0,9,0,0,0,0,0,0,0,2,216,0,0,0,0,0,0,0,0,0,0,60,0,0,0,0,0,0,106,0,18,0,0,0,0,0,0,0,0,0,0,37,1,0,0,0,0,0,0,54,0,0,0,0,0,14,0,0,0,0,0,0,0,0,0,0,0,0,0,0,0,0,0,9,0,0,0,0,0,0,0,0,0,0,0,0,0,0,0,0,0,0,0,0,0,0,32,0,0,4,0,0,0,0,0,63,0,0,0,0,0,0,0,0,0,0,0,0,5,0,0,0,0,0,0,0,0,0,0,0,0,0,0,0,0,0,0,0,0,0,0,0,0,0,0,0,0,0,0,0,2,0,0,0,0,0,0,0,0,0,0,0,0,0,0,0,3,0,0,0,0,0,800,0,0,0,36,4,0,0,0,0,0,0,0,0,0,103,0,0,0,0,0,55,7,0,0,0,0,0,0,0,0,168,0,2,0,0,0,0,0,0,0,0,94,0,0,0,0,0,0,0,0,0,0,0,0,0,0,0,0,0,0,0,0,0,0,0,0,26,0,0,0,0,0,0,0,0,0,0,0,0,0,0,0,298,181,0,2,0,0,0,0,0,0,1,0,0,0,0,0,0,0,0,0,0,0,2393,0,0,0,0,0,0,0,0,0,4,0,0,0,0,0,0,0,0,1690,0,0,1,404,0,0,0,0,0,0,0,0,0,0,0,0,0,795,0,0,0,0,304,0,0,203,0,0,0,0,436,0,0,0,2,0,0,3,0,0,0,0,0,0,0,0,0,43,0,0,0,0,0,0,0,0,0,0,0,0,0,78,551,0,0,0,0,0,1996,0,3880,8,0,0,0,0,0,0,0,2,0,0,0,136,0,0,0,0,0,0,0,0,0,29,0,452,0,0,0,209,0,0,0,0,0,0,0,0,0,0,0,238,0,0,0,0,27,0,0,0,0,0,0,0,0,0,0,6,0,0,0,0,0,0,0,0,0,0,48,0,0,0,0,0,0,0,0,0,0,0,26,0,0,0,0,0,0,0,0,0,1099,0,0,0,0,0,775,0,0,0,0,0,0,0,0,0,0,2,0,0,0,0,0,110,0,0,0,0,0,0,0,0,0,0,0,0,0,0,0,0,0,2,0,0,0,0,0,0,0,0,0,0,0,0,0,0,0,0,3351,0,8,0,0,0,14,0,0,0,0,0,0,0,0,0,0,0,0,0,2
"D315",0,0,8,0,29,0,0,0,0,0,325,44,0,0,3,0,0,0,5,0,32,0,0,0,280,0,2,0,0,0,0,0,0,3,4,0,0,0,0,35,0,1,0,15,275,0,0,0,0,5,10,0,2,20,48,0,0,0,100,15,0,0,76,0,0,0,0,153,52,7,0,0,0,43,14,4,0,0,0,23,1,0,0,0,0,7,0,0,0,0,0,0,0,17,0,7,0,2,0,21,1,0,3,14,33,0,0,0,2,0,0,61,24,26,0,0,0,5,4,0,0,3,0,0,0,0,1,4,0,26,24,0,0,0,0,2,6,9,3,0,3,0,0,0,22,0,2,0,0,0,0,2,11,0,0,0,0,0,4,0,292,21,0,0,2,0,0,0,0,0,0,41,0,0,0,0,5,0,0,0,0,0,2,32,0,0,0,0,10,0,0,0,0,0,0,0,0,0,2,0,16,0,0,0,0,0,0,0,0,0,5,0,6,0,3,0,0,0,0,0,0,53,20,6,0,0,0,0,0,0,131,7,2,0,9,0,0,0,0,0,0,0,0,0,1,0,0,0,6,0,0,0,9,0,0,15,19,251,0,8,0,114,0,0,0,0,0,0,7,0,137,0,8,0,9,3,20,0,0,2,7,0,0,6,5,3,0,151,5,31,0,62,18,0,0,0,0,0,6,0,0,0,0,0,0,0,0,0,3,61,0,4,2,1,0,0,0,0,88,0,3,0,1,8,0,1,4,3,0,28,0,0,0,2,0,0,0,0,0,0,0,0,3,0,6,0,13,3,2,0,2,0,0,0,18,13,18,0,0,0,0,0,0,18,0,0,2,0,0,0,0,4,0,0,0,6,0,0,0,0,0,0,224,0,8,19,14,20,0,20,0,0,0,0,0,3,0,8,0,0,0,15,0,0,0,0,0,23,0,0,0,0,0,0,4,5,0,0,82,0,0,0,0,0,0,3,0,0,0,0,0,2,0,104,0,0,14,0,0,0,0,42,0,0,0,0,0,0,0,0,17,0,0,2,0,0,0,2,0,0,3,0,210,0,88,44,10,0,0,0,0,29,0,18,2,4,0,0,0,0,0,0,5,0,0,0,0,0,24,0,34,125,0,0,0,0,0,0,0,0,0,11,28,0,0,1,208,12,66,1,0,0,0,0,7,0,0,0,0,1,0,0,0,0,0,105,0,0,0,0,1,0,0,49,0,0,9,0,0,0,19,0,43,3,66,0,2,0,197,0,0,0,0,0,4,174,0,0,1,0,0,32,3,0,0,0,17,0,0,0,3,0,0,0,17,0,0,0,0,0,0,0,0,32,0,3,51,0,0,2,0,3,0,0,6,2,4,0,0,0,0,0,0,0,0,1,0,2,0,0,0,0,0,0,0,5,19,0,238,0,0,6,8,0,0,86,0,0,89,0,0,0,0,0,0,6,8,0,0,0,0,0,0,1,2,0,3,0,0,3,0,0,5,4,0,764,0,0,10,0,0,0,0,0,0,0,0,0,0,0,215,0,0,0,23,11,2,16,23,203,0,0,36,0,76,0,2,0,0,4,2,0,0,0,0,10,0,867,0,0,0,3,0,0,0,0,20,0,0,61,2,20,0,2,0,0,0,15,0,28,197,0,0,0,0,0,0,0,0,13,73,8,3,0,0,0,0,11,0,8,5,0,0,0,0,0,0,0,6,0,3,0,4,2,31,0,9,3,17,0,0,2,0,0,0,17,0,0,0,3,3,0,56,0,0,0,41,0,26,0,0,6,64,0,0,0,21,0,0,0,0,13,0,0,0,0,0,15,0,6,0,0,0,0,0,28,0,5,0,0,0,41,72,0,0,2,0,7,0,0,0,0,0,2,0,581,0,0,3,0,10,0,3,0,0,0
"D316",0,0,0,0,0,0,0,0,0,0,0,0,0,0,0,0,0,0,0,0,0,0,0,0,0,0,0,0,5,0,0,0,0,0,0,0,0,0,0,0,0,0,0,0,0,0,2,0,0,0,0,0,0,0,0,0,0,0,0,0,89,0,0,0,63,0,0,0,0,0,0,0,0,0,0,0,0,0,0,0,0,0,19,0,0,3,0,0,0,0,0,0,0,0,0,0,0,0,0,0,0,3,0,0,0,1,0,0,0,3,0,0,0,0,21,15,0,0,0,0,0,9,0,0,0,0,4,0,0,0,0,0,0,3,0,0,0,0,0,40,0,0,0,0,0,0,0,0,0,0,0,0,0,0,0,0,0,0,0,0,0,0,0,0,0,0,0,0,0,0,0,11,0,0,0,0,0,0,0,0,0,0,0,0,0,0,0,0,0,23,0,0,7,0,0,0,0,0,0,0,0,0,0,0,0,0,0,0,0,0,0,0,0,14,0,0,0,0,0,0,0,0,0,0,0,0,0,0,0,0,0,0,0,0,0,0,0,0,0,0,0,0,0,0,0,0,0,0,0,0,0,0,0,0,2,0,0,0,0,0,0,0,3,0,0,0,0,0,0,0,0,0,0,36,0,0,0,0,0,0,0,0,20,0,0,0,0,0,0,0,0,0,0,0,0,0,0,0,0,0,0,0,0,0,0,0,0,0,0,0,0,0,0,0,0,0,0,0,0,0,0,0,0,0,0,0,0,0,0,0,0,0,0,0,0,0,0,0,0,0,0,0,0,5,0,2,0,0,0,0,0,0,0,0,0,0,0,0,0,0,0,0,0,0,0,0,0,0,0,0,12,0,0,0,14,0,0,0,0,0,0,0,0,0,0,0,0,0,0,0,0,0,0,0,0,0,0,0,0,0,0,0,0,0,0,0,0,0,0,62,0,0,0,0,0,0,0,0,0,0,0,0,0,0,0,1,0,0,0,0,0,0,0,0,0,0,0,0,0,0,0,0,0,0,0,0,0,0,0,0,0,0,0,0,0,0,0,0,0,0,0,0,0,0,0,0,5,0,0,0,0,6,11,12,0,0,0,12,0,0,0,0,0,0,0,0,0,0,0,0,2,0,0,0,0,0,0,0,0,0,0,0,0,3,0,0,0,0,0,0,0,0,0,0,0,0,0,0,0,0,0,0,0,0,0,0,0,0,0,0,0,2,0,0,0,0,0,0,0,0,0,0,0,0,0,0,0,0,0,0,0,0,0,0,0,528,0,11,0,0,0,0,0,0,0,0,0,0,0,0,0,0,0,0,0,0,0,0,0,0,0,0,0,0,0,0,0,0,0,0,0,0,0,35,0,0,29,0,0,0,0,0,0,0,0,0,0,0,0,0,0,0,0,0,23,0,0,0,0,5,0,0,0,0,0,0,2,0,0,0,20,0,0,0,0,0,0,0,0,0,0,0,0,0,0,0,0,0,0,0,0,0,0,0,0,0,0,0,0,34,0,0,0,0,0,0,0,494,0,0,0,0,0,1,0,0,0,0,3,0,0,0,0,13,0,0,0,0,0,0,0,0,0,0,0,0,0,0,0,0,0,0,0,0,0,0,0,0,0,0,0,0,0,0,0,0,0,0,0,0,0,0,0,0,0,0,0,1,13,0,0,0,0,0,0,0,0,0,0,0,0,0,0,0,0,0,0,0,0,0,0,0,0,0,37,0,3,0,0,0,0,2,0,19,0,0,0,0,0,0,0,0,0,0,0,0,0,0,0,0,0,0,0,0,0,0,0,213,0,0,0,0,0,0,0,0,0,8,6,0,0,0,0,0,0,0,0,0,0,0,0,0,1,0,0,109,0,0,0,0,0,0,0,0,0,0,0,0,0,0,0,0,0,0,0,0
"D317",0,0,0,0,0,0,0,0,0,0,6,0,0,0,0,0,0,3,0,0,6,0,0,0,0,0,0,0,1,0,0,2,0,0,0,0,0,0,25,0,0,0,0,0,48,0,9,561,0,2,0,0,0,0,0,0,0,0,151,0,397,0,0,0,0,0,0,10,0,3,0,0,0,0,0,0,0,0,0,0,0,0,5,0,0,0,0,634,0,0,0,0,0,0,0,0,5,2,0,0,0,0,0,0,0,38,0,1479,0,0,0,0,0,0,200,2,129,26,0,0,0,27,0,0,0,0,8,0,0,0,0,29,0,0,0,0,0,0,119,0,0,0,0,0,0,0,0,0,6,0,0,0,0,0,0,0,0,0,1,0,0,0,0,2,0,0,0,0,18,0,0,922,0,0,0,0,0,11,0,0,0,0,0,2,0,0,81,0,0,153,0,0,2,0,0,0,0,0,0,0,0,0,0,0,0,0,2,0,0,0,0,0,0,391,0,0,0,0,7,0,0,0,0,0,0,0,0,0,0,0,0,0,0,0,0,0,0,0,0,1,0,0,0,0,0,0,29,3,21,699,0,0,0,0,9,2,0,0,0,8,0,0,0,229,385,0,0,0,4,0,0,0,0,3,0,0,4,0,0,0,0,0,79,0,0,0,0,0,0,0,0,2,0,0,0,0,0,0,0,0,0,0,0,0,0,0,0,0,0,0,791,0,0,0,0,2,0,0,0,0,0,53,0,0,0,0,0,0,780,3,1,0,0,0,0,0,0,0,0,0,0,1,7,0,0,0,0,0,0,10,0,0,0,0,0,247,0,0,0,0,0,0,0,0,0,0,0,0,0,0,0,0,0,12,0,0,0,0,0,0,0,0,0,0,0,0,0,0,0,0,0,0,0,0,0,0,12,5,0,6,0,0,0,0,0,0,0,0,0,0,0,8,9,2,0,0,0,0,23,0,0,0,0,2,0,0,0,0,0,0,0,0,0,0,0,0,0,0,0,0,0,0,0,0,0,0,0,0,0,0,0,0,0,0,0,0,0,0,0,0,0,0,0,0,0,0,0,0,0,0,0,0,755,0,0,0,72,0,0,0,0,0,0,5,0,0,0,70,5,0,0,0,0,58,156,0,0,0,0,0,0,124,0,124,0,0,0,0,0,0,0,0,0,0,24,0,0,0,0,0,0,0,0,0,0,0,0,0,0,8,0,0,0,0,0,0,0,17,122,0,0,0,4,0,0,0,0,0,6,0,0,0,0,4,0,323,2,6,0,0,0,0,0,0,0,57,0,0,0,0,0,0,0,0,0,0,0,84,0,0,0,0,0,0,0,0,0,4,0,0,0,0,0,0,0,10,108,0,0,2,185,0,0,0,0,0,3,0,0,0,3,0,0,0,770,0,0,0,0,1333,0,0,107,0,0,0,0,261,0,0,0,7,0,0,88,0,0,0,0,0,0,0,0,0,6,0,0,0,0,0,0,0,8,0,0,0,0,0,353,116,0,0,0,0,0,184,0,726,5,2,0,0,0,0,0,2,16,0,0,0,10,0,0,0,0,8,0,0,0,2,295,0,573,0,0,0,130,0,0,0,0,0,0,0,0,0,0,0,172,0,0,0,0,885,0,0,2,0,0,0,0,0,0,0,8,0,0,0,0,0,0,5,0,0,0,700,0,0,0,0,0,0,0,0,0,0,0,465,1,0,0,0,0,0,0,0,0,729,0,0,0,0,0,434,0,35,0,0,0,0,0,0,0,0,0,0,0,0,0,0,2,0,5,0,0,0,0,4,0,0,0,0,0,0,0,0,0,0,2,0,3,6,0,0,0,0,0,0,0,0,0,0,1,0,0,1658,0,89,0,0,0,0,0,0,0,0,0,0,3,0,0,0,0,0,0,0
"D318",2,0,0,0,0,149,0,0,0,16,0,0,4,0,1,0,0,0,0,0,0,0,0,0,0,0,0,0,0,11,0,0,0,0,0,0,0,293,0,0,0,0,0,0,0,0,0,0,0,0,0,0,0,0,0,0,15,0,0,0,16,0,0,0,0,0,6,4,7,0,0,2,0,0,0,0,0,2,2,0,0,0,0,0,0,0,10,0,0,3,0,0,0,0,2,0,0,0,0,0,0,0,0,0,0,0,0,0,0,0,0,0,0,0,0,0,0,0,0,0,0,0,0,0,0,0,0,0,0,0,0,0,0,0,0,0,0,0,0,0,0,356,0,0,0,0,0,0,654,0,28,0,0,0,0,0,0,1116,0,0,0,0,0,0,0,0,0,0,0,0,0,0,0,11,0,0,0,0,4,0,0,0,0,0,0,196,0,0,0,0,0,0,0,0,56,0,0,0,0,0,0,0,0,0,0,0,0,0,0,0,0,0,0,0,0,0,32,0,0,0,0,0,0,0,0,0,0,0,0,0,5,0,0,0,0,41,0,1,0,0,0,0,0,0,0,0,0,0,0,0,7,0,0,2,0,0,0,32,0,0,0,0,12,0,0,0,0,7,0,0,0,0,0,0,0,0,0,0,0,0,0,0,0,0,0,0,0,0,0,0,0,0,0,0,0,0,0,0,0,0,0,0,3,804,213,0,0,0,0,0,0,0,0,0,0,0,0,0,0,0,0,0,0,0,0,0,0,0,0,0,0,0,24,0,0,0,0,0,0,0,4,0,0,5,0,0,0,0,0,0,0,0,0,0,0,0,0,0,0,0,0,0,0,0,4181,64,0,558,0,0,0,0,0,0,0,0,0,0,0,0,0,0,0,3,0,0,0,0,5,0,0,0,0,0,0,0,0,0,3,2,0,0,2,3,0,0,0,0,0,0,0,0,0,0,0,0,0,0,0,0,0,0,0,0,0,5,0,0,5,0,0,0,0,0,0,0,0,0,0,37,0,0,0,0,0,7,0,0,0,7,0,0,0,0,0,0,0,0,0,0,0,0,0,0,0,0,123,0,0,0,0,0,0,0,0,0,0,21,0,0,7,0,0,0,0,114,0,0,0,0,0,0,0,0,0,0,175,0,0,5,0,0,0,0,0,0,0,0,0,0,3,0,0,2,0,2,19,0,0,0,0,0,0,0,0,0,0,0,0,0,0,13130,3,0,0,0,0,0,0,0,0,0,0,0,0,0,0,0,0,152,0,0,0,0,0,0,0,0,0,0,0,0,0,0,0,0,0,211,0,456,0,4,0,0,0,0,476,0,0,0,0,0,0,0,0,0,0,0,0,0,0,0,0,0,0,0,0,0,0,0,0,0,0,0,0,0,0,0,4,0,2,0,2,0,0,0,0,0,0,0,0,0,0,0,0,0,0,0,0,1,6,0,0,0,0,0,0,0,0,0,0,0,472,0,0,0,0,2,3,0,0,0,0,0,0,0,0,0,0,0,0,0,0,0,0,0,0,0,0,48,0,1876,0,2,0,0,0,0,0,0,0,0,0,0,0,0,0,0,0,0,0,0,0,0,8,0,0,0,0,0,0,0,0,0,3,0,0,0,0,0,0,0,0,0,0,1,0,0,0,0,0,0,0,21,0,2,0,0,0,0,0,0,0,0,0,0,0,0,1,0,0,0,0,0,2,0,0,0,0,0,0,0,0,0,0,0,0,0,0,0,0,0,0,0,0,0,0,0,0,0,0,0,0,104,0,0,0,0,0,0,0,0,0,3,2,0,0,0,0,0,0,0,0,0,0,0,0,0,0,0,0,0,0,0,0,0,0,0,0,0,0,0,0,0,8,0,0,0,0,0,0,2,0,0,0,0,0,0,0,0,0,0,0,0,0,0
"D319",0,0,0,3,0,0,0,0,0,3,0,0,2,2,8,0,0,0,0,0,0,0,0,0,2,0,0,0,0,4,0,0,0,0,0,10,0,0,27,0,0,4,0,0,0,0,0,0,0,0,0,0,0,0,0,0,0,0,18,0,0,0,0,0,0,0,0,0,0,0,0,0,5,0,0,0,0,0,0,0,0,0,5,0,0,5,2,13,0,0,0,0,0,0,0,0,7,36,5,3,0,0,0,0,0,0,0,85,93,0,0,0,2,0,9,0,0,125,0,0,0,32,0,0,0,0,0,0,0,0,0,53,7,0,0,0,0,0,10,0,0,0,0,0,0,0,0,0,0,0,0,0,0,0,0,0,0,0,0,0,0,0,0,0,0,0,0,0,0,0,0,167,0,0,0,0,0,0,0,0,0,0,0,0,0,0,80,0,0,26,0,0,0,0,0,0,4,0,0,0,11,0,0,0,0,0,4,0,0,0,0,0,0,8,0,0,4,8,0,0,0,0,0,0,0,0,7,0,0,0,0,0,0,0,0,3,0,4,0,0,0,0,0,0,0,0,17,12,4,0,0,0,0,0,0,0,0,0,0,5,3,36,0,0,369,0,0,0,0,0,0,0,10,0,0,0,4,0,0,0,0,0,97,0,0,0,0,0,0,0,0,0,0,0,0,0,0,0,0,0,0,0,0,0,0,0,0,0,88,0,337,0,0,0,0,0,0,0,0,0,0,166,0,0,5,0,0,0,505,0,195,0,10,0,0,0,0,0,4,0,3,19,34,0,0,0,0,3,1,125,0,0,0,0,0,152,0,0,0,0,0,0,0,0,0,0,0,0,0,0,0,0,1,6,0,0,0,0,0,0,0,0,0,0,0,214,0,0,0,0,0,0,0,0,0,0,0,0,0,7,0,0,8,26,0,0,8,0,0,0,0,0,0,0,0,0,0,0,0,0,0,0,0,4,0,0,0,0,0,2,0,0,0,0,0,0,0,0,0,0,0,0,0,0,0,0,0,0,0,6,0,0,0,0,0,0,0,0,0,0,0,0,0,0,0,0,0,0,0,0,0,0,22,0,0,0,1,0,0,0,0,0,0,3,0,0,0,17,0,0,0,0,0,7,20,0,0,0,0,0,0,14,0,1,0,35,2,0,0,0,0,0,0,0,296,0,6,0,0,0,0,0,0,0,0,0,0,0,0,0,0,0,0,0,18,0,0,0,45,0,0,0,0,0,2,0,0,0,0,0,0,0,0,0,0,68,0,2,0,0,0,2,0,0,0,10,0,0,0,0,0,0,0,0,0,0,0,0,0,0,0,0,0,5,12,0,0,142,0,0,0,0,0,0,0,6,2,0,0,76,5,0,0,0,0,0,12,0,0,0,0,0,3,0,17,0,0,0,0,0,11,0,24,0,0,0,0,0,0,0,0,32,0,0,13,0,0,0,0,0,0,0,0,0,151,0,0,19,0,0,0,0,4,0,0,0,0,0,452,30,0,0,0,0,0,19,0,0,5,0,0,0,0,7,0,0,0,0,0,0,4,0,0,0,3,118,0,0,0,0,490,0,8,0,145,0,0,0,0,0,0,0,0,0,0,0,0,0,0,0,0,0,0,13,2,0,0,0,0,0,0,0,0,0,0,0,0,0,111,0,6,0,0,0,0,4,0,0,2,0,0,0,0,0,0,0,0,435,0,0,0,0,0,0,0,0,0,17,0,8,0,0,0,0,0,0,0,0,0,0,0,0,3,0,0,0,1,0,0,0,0,0,0,0,0,0,0,0,0,0,0,0,0,0,0,0,0,2,0,0,0,5,0,0,0,0,0,0,0,0,2,0,2,0,0,48,0,4,2,0,0,0,0,0,0,0,0,0,503,0,0,0,0,0,0,0
"D320",0,0,0,0,0,0,0,0,0,0,0,0,0,0,0,0,0,0,0,0,0,0,0,0,0,0,0,0,0,0,0,0,0,0,0,0,0,629,0,0,0,0,0,0,0,0,0,0,0,0,0,0,0,0,0,0,0,0,0,0,0,0,0,0,0,0,0,0,0,0,0,0,0,0,0,0,0,0,0,0,0,0,0,0,0,0,0,0,0,0,0,0,0,0,0,0,0,0,0,0,0,0,0,0,0,0,0,0,0,0,0,0,0,0,0,0,0,0,0,0,0,0,0,0,0,0,0,0,0,0,0,0,0,0,0,0,0,0,0,0,0,17,0,0,0,0,0,0,0,0,0,0,0,0,0,0,0,12573,0,0,0,0,0,0,0,0,0,0,0,0,0,0,0,0,0,0,0,0,0,0,0,0,0,0,0,0,0,0,0,0,0,0,0,0,13,0,0,0,0,0,0,0,0,0,0,0,0,0,0,0,0,0,0,0,0,0,5,0,0,0,0,0,0,0,0,0,0,0,0,0,0,0,0,0,0,0,0,0,0,0,0,0,0,0,0,0,0,0,0,0,0,0,0,0,0,0,0,0,0,0,0,0,0,0,0,0,0,0,0,0,0,0,0,0,0,0,0,0,0,0,0,0,0,0,0,0,0,0,0,0,0,0,0,0,0,0,0,0,0,0,0,0,0,231,2406,0,0,0,0,0,0,0,0,0,0,0,0,0,0,0,0,0,0,0,0,0,0,0,8,0,0,0,0,0,0,0,0,0,0,0,0,0,0,0,0,0,0,0,0,0,0,0,0,0,0,0,0,0,0,0,0,0,0,0,397,364,0,0,0,0,0,0,0,0,0,0,0,0,0,0,0,0,0,0,0,0,0,0,0,0,0,0,0,0,0,0,0,0,0,0,0,0,0,0,0,0,0,0,0,0,0,0,0,0,0,0,0,0,0,0,0,0,0,0,0,0,0,0,0,0,0,0,0,0,0,0,0,0,0,5604,0,0,0,0,0,0,0,0,0,0,0,0,0,0,0,0,0,0,0,4,0,0,0,0,0,0,0,0,0,0,0,0,0,0,0,0,0,0,0,0,0,0,0,0,0,0,0,0,0,0,0,0,18,0,0,0,122,0,0,0,0,0,0,0,0,0,0,0,0,0,0,0,0,0,0,0,0,0,0,0,0,0,0,0,0,0,0,0,0,0,0,0,0,0,0,0,0,0,0,0,0,0,0,0,0,0,0,0,0,0,0,0,0,0,0,0,0,0,0,0,0,0,0,0,0,0,0,0,0,6606,0,0,0,0,0,0,4,0,0,0,0,0,0,0,0,0,0,0,0,0,0,0,0,0,0,0,0,0,0,0,0,0,0,0,0,0,0,0,9,0,0,0,0,0,0,0,0,0,0,0,0,0,0,0,0,0,0,0,0,0,0,0,0,0,0,0,0,0,0,0,0,0,0,0,0,0,0,0,0,0,0,0,0,0,0,0,0,0,0,0,0,0,0,0,0,4,0,0,0,0,0,0,0,2,0,0,0,0,0,0,0,0,0,0,0,0,0,0,0,0,0,0,0,2892,0,0,0,0,0,0,0,0,0,0,0,0,0,0,0,0,0,0,0,0,0,0,0,0,0,0,0,0,0,0,0,0,0,0,0,0,0,0,0,0,0,0,0,0,0,0,0,0,0,0,0,0,0,0,0,0,0,0,0,0,0,0,0,0,0,0,0,0,0,0,0,0,0,0,0,0,0,0,0,505,0,0,0,0,0,0,0,0,0,0,0,0,0,0,0,0,0,0,0,0,0,0,0,0,0,0,0,0,0,0,0,0,0,0,0,0,0,0,0,0,0,3,0,0,0,0,0,0,0,0,0,0,0,0,0,0,0,0,0,0,0,0
"D321",0,0,0,0,0,0,0,0,0,0,25,0,0,0,102,0,0,0,0,0,6,0,0,0,29,0,0,0,0,2,0,0,0,0,0,0,0,0,249,0,0,0,0,0,326,0,0,0,0,0,0,0,0,0,0,0,1,0,91,0,0,0,0,0,0,0,0,0,0,0,0,0,0,0,0,0,0,0,0,0,0,0,0,0,0,78,0,26,0,0,0,0,0,0,0,0,0,73,516,0,0,0,3,0,4,6,0,163,0,0,0,0,0,0,378,0,61,7,0,0,0,129,0,0,0,0,0,122,0,0,0,292,0,0,0,0,0,0,294,0,0,4,0,0,0,0,0,0,0,0,0,0,0,0,0,0,0,7,0,0,0,0,0,0,0,0,0,0,0,0,0,576,0,0,0,0,0,3,0,0,0,0,0,0,0,0,162,0,0,719,0,0,0,0,0,0,0,0,0,4,0,0,0,0,0,0,377,4,0,0,0,0,0,0,0,0,0,13,3,0,0,0,0,0,0,0,0,12,0,0,0,0,0,0,0,0,0,0,0,2,0,0,0,0,0,0,2564,6,0,17,0,0,3,0,96,0,0,0,0,0,0,0,0,4343,4,0,0,0,0,0,0,0,3,0,0,0,0,0,0,0,0,0,26,0,0,0,0,0,0,0,0,0,0,0,0,0,0,0,0,0,0,0,0,0,0,0,0,0,0,0,0,0,0,53,0,4,0,0,0,0,0,17,0,0,7,0,0,0,695,31,37,0,0,0,0,0,0,0,0,0,0,0,28,0,0,0,0,3,1,29,0,0,1,0,0,37,0,0,0,0,0,0,0,0,4,3,0,0,0,0,0,0,0,60,0,0,0,0,0,0,0,0,0,0,0,0,0,0,0,0,0,0,0,0,0,0,35,1,0,0,0,0,0,3,0,26,0,0,0,0,0,4,0,0,0,0,0,0,0,0,0,0,0,0,0,0,0,0,0,0,0,0,0,6,0,0,0,0,0,0,0,0,0,0,0,0,0,0,0,0,39,3,0,0,0,0,0,0,0,0,0,0,0,0,0,0,0,0,0,0,0,0,378,0,0,0,70,2,0,0,0,0,0,3,0,0,0,0,0,0,0,0,0,206,3039,0,0,0,0,0,0,96,0,41,0,0,4,0,0,0,0,0,0,0,55,0,0,0,0,0,0,0,0,0,2,0,0,0,0,0,0,0,0,0,0,0,0,14,0,0,0,0,0,11,0,0,0,0,0,4,0,0,0,2,0,761,0,385,0,38,27,0,0,0,0,59,0,0,0,0,0,0,0,0,0,0,23,0,0,0,0,0,0,0,0,0,0,116,0,0,0,0,0,0,0,83,373,0,0,1,157,0,0,0,0,0,25,0,0,0,0,0,0,0,761,0,0,0,0,1,0,0,18,0,0,0,0,881,0,0,0,8,0,0,31,0,0,0,0,0,0,0,0,0,204,0,0,0,0,0,0,0,7,0,0,0,0,0,0,210,0,0,0,0,0,170,0,1405,4,0,0,0,0,0,0,0,4,0,0,0,44,0,0,0,0,14,0,0,0,0,3,0,9,0,0,0,22,1,0,0,0,0,0,0,0,0,0,0,0,0,0,4,0,3675,0,0,4,0,0,0,0,0,0,0,4,0,0,0,0,0,0,0,0,0,0,200,10,0,0,0,0,0,0,3,0,0,0,230,1,0,0,0,0,0,0,0,9,1249,0,0,0,0,0,0,0,0,0,0,0,0,0,0,0,0,0,0,3,0,0,0,75,0,2,1,0,0,0,0,0,0,0,0,0,0,0,0,0,0,0,0,0,4,0,0,0,0,0,0,0,0,0,0,0,0,0,4635,0,340,0,0,0,3,0,0,0,0,0,0,6,0,0,0,0,0,3,0
"D322",0,0,0,0,0,0,0,0,0,0,0,0,0,0,0,0,0,7,0,0,0,0,0,0,0,0,0,0,0,0,0,0,32,0,0,0,0,11,0,170,0,15,0,0,0,0,0,953,109,0,0,0,0,0,0,0,0,0,0,0,0,0,0,0,0,0,0,352,127,0,0,30,0,0,0,0,0,0,24,0,0,0,0,223,0,0,0,428,0,0,0,0,2603,0,0,0,0,0,0,0,0,0,0,0,0,0,4,0,0,0,0,0,0,0,0,0,0,0,0,0,0,0,0,0,0,0,0,0,0,0,0,0,0,0,0,0,0,0,0,28,0,0,2804,0,0,0,0,0,0,0,0,0,0,0,27,0,0,0,0,0,0,0,0,22,0,0,0,0,0,0,0,0,0,3606,0,0,0,0,0,0,0,0,0,0,0,0,0,0,0,0,0,0,0,0,0,0,0,0,0,0,0,0,0,0,0,0,0,0,0,0,0,0,0,0,0,0,0,0,0,0,0,0,0,0,0,0,68,0,0,0,0,0,0,0,0,4,0,0,0,0,0,0,0,0,0,0,0,0,0,0,685,0,0,8,0,0,0,0,0,0,0,0,362,0,0,0,17,21,0,0,0,0,0,0,0,0,0,0,0,0,0,0,0,0,0,0,0,0,0,0,0,0,0,0,0,27,0,0,0,0,0,26,15,103,0,0,0,0,0,1,0,0,0,0,760,0,0,0,0,0,0,0,0,0,0,0,0,0,0,0,0,0,0,0,0,0,0,0,0,0,1327,0,0,0,0,0,0,0,847,0,0,0,0,0,0,0,0,0,0,0,0,0,0,0,43,0,0,0,0,0,0,0,0,0,0,0,0,0,0,0,0,0,0,132,0,0,0,0,38,0,0,0,0,0,0,0,0,6,0,0,0,0,0,0,0,0,0,0,13,4,0,0,0,0,0,0,0,0,0,0,0,0,0,0,0,227,0,0,423,0,0,0,0,0,0,0,0,0,0,0,0,0,0,0,0,0,0,0,0,18,0,0,0,0,0,0,0,0,198,0,0,0,0,0,0,0,54,0,0,0,0,0,0,0,0,0,0,124,0,0,6,0,0,156,0,216,0,0,0,0,0,0,0,0,0,0,0,0,0,0,0,0,0,0,12,0,0,0,0,0,0,0,0,0,83,0,236,0,0,0,0,0,0,0,18,0,0,0,0,0,0,461,60,0,0,0,0,0,0,0,0,0,0,0,0,0,0,0,0,0,0,0,0,13,0,0,0,0,0,0,0,0,0,0,0,0,0,0,0,0,0,0,0,0,0,0,0,0,0,0,0,0,0,0,0,0,0,0,0,0,0,17,0,0,0,0,0,0,0,0,0,0,0,0,0,0,8,0,0,737,0,0,0,0,0,0,0,0,0,0,0,0,2542,0,0,0,0,0,0,2,20,0,0,0,0,39,0,0,15,0,1,0,0,0,0,114,0,4,25,0,0,0,0,0,0,0,0,0,0,0,0,0,0,0,0,0,0,0,0,0,0,0,0,0,0,0,20,0,0,0,0,0,0,0,0,0,0,0,0,0,0,0,0,0,0,0,7,0,0,0,0,0,0,0,0,0,0,0,0,0,0,0,0,0,0,0,0,0,0,0,0,0,0,466,0,11,0,696,2783,0,0,0,0,0,0,0,0,0,0,0,0,0,0,0,0,0,0,0,0,0,0,0,0,0,0,0,0,0,0,6,0,0,0,7,0,350,0,0,0,0,0,0,0,0,0,0,0,0,0,0,0,0,0,170,0,0,0,0,0,0,0,0,0,0,0,0,0,258,0,0,0,0,0,0,0,0,0,0,0,0,0,0,0,0,0,0,0,0,0,0,0,223,0,0,0,0,0,48,115,0,0,0,0,301,0,0
"D323",0,0,14,0,0,0,0,0,0,0,0,0,0,0,0,0,0,0,0,0,0,0,0,0,0,0,0,22,0,0,0,0,0,0,0,0,0,4,0,0,0,0,15,0,0,0,0,48,2,0,0,0,0,0,0,0,0,0,0,0,0,0,0,0,0,0,0,0,0,0,0,0,13,0,0,0,0,0,0,10,0,0,6,0,0,0,0,0,0,0,0,0,0,0,0,0,0,23,0,0,0,0,0,0,0,0,0,18,0,0,0,0,0,0,0,0,0,0,0,0,0,0,0,0,0,0,0,0,0,0,0,0,0,0,0,0,0,0,97,0,0,8,0,0,0,26,0,0,30,0,0,0,0,0,0,0,0,0,0,0,0,0,0,0,0,0,0,0,0,0,0,1,0,0,0,0,0,0,13,0,0,0,0,0,0,0,0,0,0,208,0,0,0,0,0,0,0,0,0,0,0,0,0,0,0,0,17,0,0,0,0,0,0,0,0,18,0,0,0,0,0,0,0,10,0,0,0,0,0,0,0,0,0,0,0,2,0,0,0,0,0,0,0,0,0,0,194,0,0,0,0,0,0,0,0,0,0,0,0,0,0,0,0,77,0,0,0,0,0,0,0,0,0,0,3,0,0,0,0,0,0,0,0,0,0,0,0,0,0,31,0,0,0,0,0,0,0,0,0,0,0,0,0,0,0,0,0,0,0,0,0,0,0,0,0,0,259,0,0,0,0,33,0,0,0,0,0,0,0,0,0,0,0,0,0,0,0,0,0,0,2,0,0,0,0,0,0,0,0,0,0,0,0,0,0,0,0,0,5,0,0,0,0,0,0,0,0,0,0,0,14,0,0,0,0,0,0,0,17,0,0,0,0,0,0,0,0,0,0,29,0,0,0,0,0,0,0,0,0,0,0,0,0,0,0,0,0,0,0,0,0,0,0,0,0,0,0,0,0,0,0,0,0,0,0,20,0,0,3,0,0,0,0,0,0,0,0,0,0,0,0,0,0,0,0,10,0,0,0,0,0,0,0,0,0,0,0,0,0,188,0,0,0,0,0,0,0,0,0,0,0,0,25,0,0,0,0,0,0,0,0,0,0,0,21,0,0,0,0,0,25,0,0,0,0,0,0,0,0,0,0,0,0,0,0,0,0,0,0,0,0,0,0,0,27,0,0,0,0,0,0,0,0,0,0,7,0,0,0,0,0,0,0,0,0,0,0,0,0,0,33,0,0,0,0,0,0,0,0,0,0,15,0,0,0,4,0,0,0,0,0,0,0,0,0,0,0,0,0,0,0,0,0,0,0,0,0,41,0,0,0,0,0,0,0,0,0,0,0,0,7,0,0,0,0,0,0,0,0,0,0,0,0,0,0,0,0,0,0,0,0,11,0,0,51,0,17,0,0,0,0,0,0,0,0,0,0,45,0,17,0,0,43,0,0,0,0,0,0,0,0,0,0,0,0,0,0,0,0,0,0,0,0,0,0,0,0,0,0,19,14,0,0,0,0,201,0,44,0,0,0,13,0,0,32,0,0,0,0,0,136,0,0,0,0,0,0,0,0,0,0,0,31,0,0,0,0,16,69,0,0,0,0,0,0,0,0,0,0,0,0,0,0,0,0,0,0,22,0,0,0,0,0,0,0,0,0,0,0,0,7,0,0,0,0,0,0,0,0,0,0,0,0,0,0,21,0,0,0,0,0,56,0,0,4,0,0,4,0,0,0,0,0,0,0,0,0,0,0,0,0,0,0,0,0,0,0,0,0,35,0,0,0,0,0,0,0,0,0,0,0,0,0,0,0,0,0,0,0,0,12,0,0,0,0,0,0,0,0,0,0,0,62,0,0,239,0,0,0,0,0,0,0,0,0,10,0,0,0,0,0,0,0,0,0,0
"D324",0,0,0,0,0,0,0,0,0,0,0,0,0,0,0,0,0,13,0,0,0,0,0,0,0,0,0,0,2,0,0,0,0,0,0,0,0,0,0,0,0,0,0,0,0,0,0,0,0,0,0,0,0,0,0,0,0,0,0,0,0,0,0,0,141,0,2,0,7,0,0,0,0,0,0,4,0,0,0,0,0,0,0,0,0,0,0,0,0,0,0,0,0,0,0,0,0,0,0,0,0,5,0,0,0,0,0,927,0,0,0,0,0,0,0,0,127,0,0,0,0,7,0,0,0,0,73,0,0,0,0,0,10,0,0,0,0,0,0,0,0,0,0,0,0,0,2,0,0,0,0,0,0,0,0,0,0,0,0,0,0,0,0,0,0,0,0,0,0,0,0,241,0,0,0,0,0,0,0,0,0,0,0,0,0,0,0,0,0,0,0,0,4,0,0,2,0,0,0,0,0,0,0,0,15,0,0,0,0,0,0,0,0,0,0,0,0,0,2,0,3,0,0,0,0,0,0,0,0,0,0,0,0,0,0,0,0,0,0,0,0,0,0,0,0,0,0,0,0,0,0,0,0,0,0,0,0,0,0,0,0,0,4,196,18,0,0,0,0,0,0,0,0,575,0,0,0,0,0,0,0,0,0,0,0,0,0,0,0,0,0,0,0,0,0,0,0,0,0,0,0,0,0,0,0,0,0,0,0,0,14,0,0,0,0,64,0,0,0,0,0,0,0,0,0,0,0,0,0,0,0,0,0,0,0,0,0,0,0,0,0,0,0,0,0,0,0,0,0,4,0,0,0,0,0,0,0,0,0,0,0,1,0,0,0,0,0,0,0,0,0,0,0,0,0,0,0,0,0,0,0,0,0,0,0,0,0,0,0,0,0,0,0,0,0,0,1,0,0,9,0,0,0,0,0,0,29,0,0,1045,0,6,2,0,0,0,0,0,0,0,0,0,0,0,0,0,0,0,0,2,0,0,0,0,0,0,0,0,0,0,0,0,0,0,0,0,5,0,0,0,0,0,0,0,0,0,0,0,0,0,0,0,0,0,0,0,0,0,0,0,0,0,0,0,3,0,0,0,0,0,0,0,0,0,0,0,0,0,0,0,3,0,0,0,0,0,0,0,0,0,0,0,0,0,0,166,0,0,0,0,0,0,0,0,0,0,0,0,0,0,0,0,0,0,0,0,0,0,0,0,0,0,0,0,0,0,0,0,0,0,0,0,0,0,0,0,0,0,0,0,0,0,0,0,0,5,0,19,0,0,0,0,0,0,0,0,0,0,0,0,0,0,0,0,0,0,0,2552,0,0,0,0,0,0,0,0,0,5,0,0,0,0,0,17,0,0,0,0,0,0,0,0,0,0,0,0,0,0,0,0,0,0,0,0,0,0,0,0,0,0,0,0,28,0,0,0,0,0,0,0,0,0,0,0,0,2,0,0,0,0,0,0,0,0,0,0,0,0,0,0,0,0,0,0,0,0,0,0,0,0,0,0,0,0,0,0,0,1353,0,0,0,0,0,0,0,0,0,0,0,0,0,0,0,0,0,0,0,0,0,8,38,0,0,0,0,0,0,2,0,0,0,0,0,0,0,0,0,0,0,0,0,0,0,3,0,0,0,0,0,0,0,0,1,0,4,0,0,0,0,0,0,0,0,0,0,0,0,0,0,0,0,0,0,0,0,0,0,0,0,0,0,0,0,0,0,0,0,0,0,0,0,0,0,69,0,0,0,0,0,0,0,0,0,0,0,0,0,0,0,0,0,0,0,0,0,0,0,4,0,0,0,0,0,0,0,0,0,2,6,0,0,0,0,0,0,0,0,0,2,0,0,0,0,0,0,0,0,0,0,0,0,0,0,0,0,0,244,0,0,0,0,3,0,0,0,0
"D325",2,4,61,0,0,0,0,5,9,0,0,0,0,0,0,24,0,2,5,0,10,62,8,2,0,9,3,98,5,0,59,0,71,16,4,54,0,0,0,0,0,0,109,0,79,0,0,0,61,24,3,0,9,3,6,73,0,116,8,24,0,0,0,3,18,8,0,20,28,0,13,1,0,0,0,11,1,0,0,120,148,7,0,0,3,10,0,0,88,2,7,23,0,0,0,3,3,0,0,7,30,0,0,0,0,7,0,0,0,0,5,108,0,0,0,0,0,0,0,86,0,0,0,7,2,0,0,0,14,5,0,0,1,0,9,4,1,0,0,0,0,0,0,0,0,275,2,2,0,2,0,12,10,0,2,18,0,0,0,14,0,0,44,10,15,9,93,9,0,0,0,0,12,0,12,271,2,0,0,1,3,0,6,126,0,0,0,10,0,0,5,2,0,0,0,0,0,22,1,0,57,3,2,24,0,7,0,14,64,44,8,0,18,0,0,8,0,0,0,4,3,24,3,120,24,22,0,0,50,7,0,3,0,7,51,0,43,0,13,19,20,0,0,0,15,13,0,12,0,0,2,2,6,0,0,0,2,11,6,4,0,0,0,0,0,25,0,0,8,0,14,3,0,0,4,17,14,0,0,9,29,7,0,4,1,0,54,8,7,18,112,5,3,9,0,0,5,0,4,2,85,0,0,0,0,20,6,30,0,0,0,4,7,0,0,0,6354,0,0,57,78,0,14,3,0,0,0,0,0,2,0,0,0,6,2,6,438,48,6,0,0,0,0,0,0,22,0,6,0,0,2,0,41,5,39,21,0,30,0,0,85,0,0,6,0,0,9,0,18,0,13,9,0,0,36,6,7,6,9,5,54,34,0,0,2,0,17,37,4,42,7,0,11,2,0,8,0,297,0,0,20,10,0,0,1,7,0,0,0,0,18,15,0,0,63,24,0,0,57,1,3,0,2,33,42,1,242,25,0,0,8,0,7,46,2,6,0,38,45,0,0,24,0,22,10,0,0,0,80,0,2,13,26,0,34,0,6,39,0,0,14,1,0,0,0,0,23,2,10,49,0,298,0,0,0,12,0,0,148,51,2,39,0,0,9,0,21,0,43,63,51,0,0,0,0,2,0,3,21,10,11,0,27,0,0,3,61,0,19,9,0,37,0,0,0,1,4,0,35,0,4,0,22,89,0,311,0,3,8,32,94,0,0,9,0,7,2,0,0,0,115,60,3,0,28,0,9,18,0,0,5,6,0,0,1,0,0,0,0,0,0,56,0,1,0,0,4,0,9,0,0,0,1,44,10,1,0,0,30,14,1,8,0,11,0,1,0,2,22,0,3,0,0,24,11,0,0,39,11,0,0,4,6,0,3,6,7,5,0,0,0,84,0,28,0,5,60,34,105,0,0,0,0,2,123,0,0,0,0,0,0,0,2070,0,2,0,8,0,0,32,0,98,0,6,0,0,17,1,0,0,2,12,0,0,6,0,2,0,10,0,22,0,0,18,43,0,8,0,0,0,0,0,86,0,20,3,0,2,0,228,0,0,0,0,0,0,0,0,0,0,0,47,0,0,0,0,0,1245,1511,17,0,17,0,6,0,1,0,16,0,25,0,48,7,0,0,0,31,0,0,30,4,14,51,0,0,393,169,0,2,9,23,154,16,83,49,0,1,12,0,45,10,0,19,0,0,51,0,0,0,27,6,4,94,5,1,1,62,0,14,0,6,12,0,0,0,0,2,0,6,124,13,1,58,0,0,0,16,10,27,5,0,3,101,0,0,0,7,0,1,10,21,9,68,0,0,16,0,31,1,3,0,0,0,0,2,8,7,0,0,0,0,0,0,14,0,0,9,0,0,8,0,0,0,1,12,445,21,0,0,0,17,3,1,3,0,17
"D326",0,0,0,0,0,0,0,0,0,0,23,0,0,2,98,0,0,0,0,0,2,0,0,0,19,0,0,0,0,0,0,0,0,0,0,0,0,0,758,0,0,0,0,0,381,0,2,0,0,0,0,0,0,0,0,0,0,0,96,0,0,0,0,0,0,0,0,0,0,0,0,0,0,0,0,0,0,0,0,0,0,0,0,0,0,132,0,14,0,0,0,0,0,0,0,0,0,107,308,0,0,0,2,0,0,2,0,303,0,0,0,0,0,0,593,0,90,0,0,0,0,124,0,0,0,0,0,34,0,0,0,448,2,0,0,0,0,0,428,0,2,0,0,0,0,0,0,0,0,0,0,0,0,0,0,0,0,0,0,0,0,0,0,0,0,0,0,0,0,0,0,786,0,0,0,0,0,3,0,0,0,0,0,0,0,0,150,0,0,417,0,0,0,0,0,0,0,0,0,4,0,0,0,0,0,0,642,0,0,0,0,0,0,0,0,0,0,11,6,0,0,0,0,0,0,0,0,8,0,0,0,0,0,0,0,0,0,0,0,0,0,0,0,0,0,0,1259,0,0,13,0,0,0,0,170,0,0,0,0,0,0,0,10,2766,3,0,0,0,0,0,0,0,0,0,0,0,0,0,0,0,0,0,56,0,0,0,0,0,0,0,0,0,0,0,0,0,0,0,0,0,0,0,0,0,0,0,0,0,0,0,0,0,0,70,0,3,0,0,0,0,0,48,0,0,0,0,0,0,4203,12,0,0,0,0,0,0,0,0,0,0,0,0,0,0,0,0,0,0,0,23,0,0,1,0,0,42,0,1,0,0,0,0,0,0,0,0,0,0,0,0,0,0,0,318,0,0,0,0,0,0,0,0,0,0,0,5,0,0,0,0,0,0,0,0,0,0,11,0,0,0,0,0,0,0,0,1,0,0,0,0,0,9,0,0,0,0,0,0,0,0,0,2,0,0,0,0,0,0,0,0,0,0,0,4,0,0,0,0,0,0,0,0,0,0,0,0,0,0,0,0,101,0,0,0,0,0,0,0,0,0,0,0,0,0,0,0,0,0,0,0,0,0,795,0,0,0,81,0,0,0,0,0,0,6,0,0,0,0,0,0,0,0,0,679,2217,0,0,0,0,0,0,19,0,41,0,0,0,0,0,0,0,0,0,0,76,0,0,0,0,0,0,0,0,0,0,0,0,0,0,0,0,0,0,0,0,0,0,15,0,0,0,0,0,0,0,0,0,0,0,0,0,0,0,0,0,1281,0,461,0,36,14,0,0,0,0,143,0,0,0,0,0,0,0,0,0,0,0,0,0,0,0,0,0,0,0,0,0,90,0,0,0,0,0,0,0,54,443,0,0,0,437,0,0,0,0,0,6,0,0,0,0,0,0,2,1451,0,0,0,0,13,0,0,23,0,0,0,0,598,0,0,0,0,0,0,34,0,0,0,0,0,0,0,0,0,90,0,0,0,0,0,0,0,3,0,0,0,0,0,0,239,0,0,0,0,0,324,0,1160,5,0,0,0,0,0,0,0,13,0,0,0,68,0,0,0,0,3,0,2,0,0,5,0,7,0,0,0,84,0,0,0,0,0,0,0,0,0,0,0,0,2,0,0,0,2580,0,0,6,0,0,0,0,0,0,0,2,0,0,0,0,0,0,0,0,0,0,171,27,0,0,0,0,0,0,0,0,0,0,141,0,0,0,0,0,0,0,0,12,2389,0,0,0,0,0,14,0,0,0,0,3,0,0,0,0,0,0,0,0,0,0,0,233,0,0,0,0,0,0,0,0,0,0,0,0,0,0,0,0,0,0,0,0,2,0,0,0,0,0,0,0,0,0,0,0,0,0,4076,0,229,0,0,0,3,0,0,0,0,0,0,0,0,0,0,0,0,2,0
"D327",0,0,0,7,0,0,0,9,0,0,0,18,0,0,29,0,38,18,1,0,446,755,10,0,330,636,0,0,73,0,0,0,904,0,6,0,213,0,0,0,0,0,0,0,768,0,0,0,0,0,0,0,0,0,0,223,0,0,0,0,0,0,0,0,4,0,0,0,0,0,0,0,0,3,0,22,0,0,0,43,30,0,0,0,2,48,0,0,15,87,0,0,0,0,0,0,0,0,0,8,86,9,0,678,0,0,0,0,0,0,0,292,0,0,47,0,0,0,0,0,2,0,2,0,17,0,0,26,0,10,0,0,5,0,46,4,0,0,0,1,0,0,0,0,0,677,0,0,0,339,0,0,6,4,0,0,0,0,0,0,2,0,0,267,0,63,0,0,0,0,0,123,0,0,0,0,0,0,0,2,15,57,0,0,0,0,0,0,0,0,0,0,35,0,0,44,0,8,0,0,0,0,13,0,0,0,0,0,60,0,19,0,80,0,0,57,1,0,111,4,0,43,0,253,0,0,0,0,0,0,0,0,2,0,0,0,0,0,122,63,0,0,219,0,0,55,0,0,0,0,0,0,0,0,0,0,0,0,0,0,0,0,0,0,0,12,0,0,0,23,0,0,0,964,0,0,0,0,0,2,0,7,0,0,3,183,0,0,0,0,0,0,0,2,0,0,3,10,3,0,0,0,0,0,0,0,0,0,0,0,0,0,0,7,0,719,0,0,0,0,0,0,38,0,0,0,0,9,0,0,0,0,0,78,0,0,0,7,8,0,0,0,0,0,128,599,0,0,0,0,0,0,7,0,0,0,0,144,0,0,41,51,0,0,0,0,0,33,202,0,20,0,0,0,19,56,0,0,8,0,3,0,0,0,13,0,0,0,0,192,0,0,0,0,0,0,0,1031,0,0,0,0,0,0,0,0,0,2,0,0,498,96,2,0,0,0,50,0,4,0,0,0,0,0,0,8,2,0,0,35,564,0,0,13,0,0,0,0,0,0,0,0,0,0,1,0,5,0,0,0,0,0,0,0,0,2,0,0,0,0,8,0,0,99,32,26,0,0,12,0,0,424,0,0,0,0,0,0,0,0,0,413,0,0,0,0,0,0,0,0,111,0,0,0,0,0,0,0,0,0,0,0,0,0,0,0,32,0,20,0,0,6,0,0,0,0,0,0,0,0,0,0,0,0,20,0,0,0,0,916,0,0,0,0,0,51,0,7,0,0,0,0,102,0,0,4,0,0,3838,0,10,0,0,0,0,0,0,99,0,2,0,0,0,0,24,0,0,0,0,0,0,0,0,0,0,208,0,0,92,0,4,0,14,31,0,29,0,0,16,32,0,0,0,17,0,0,0,0,0,1,0,0,1371,0,0,29,1,0,0,0,0,0,0,26,6,0,0,0,5,0,4,0,0,21,0,0,10,0,0,0,0,0,0,0,0,0,0,0,386,0,0,14,0,10,0,0,66,0,0,0,29,0,0,0,0,338,0,1,0,0,0,0,0,0,0,0,0,0,0,0,0,0,25,0,0,6,0,1,0,0,0,0,0,0,15,0,0,0,0,2,0,22,0,0,0,0,0,244,0,0,7,86,0,279,0,0,48,0,0,105,0,0,0,0,0,0,25,0,0,13,0,0,14,0,36,0,0,0,0,55,51,0,0,298,0,0,8,0,0,0,0,52,0,0,0,0,0,0,65,10,0,0,45,0,0,0,320,0,0,0,0,0,38,28,0,0,0,0,0,0,231,0,70,0,0,0,0,46,0,180,0,0,191,0,0,8,0,560,0,0,0,9,482,29,0,0,44,34,24,0,0,0,0,374,0,0,0,4,965,82,0,0,4,10,0,0,0,0,19,2,0,18,0,5,719,67,0,0,0,16,10,0,0,0,0,0
"D328",0,0,0,0,0,0,0,0,0,0,0,0,0,0,0,0,0,0,0,0,2,0,0,0,0,0,0,0,0,0,0,2,0,0,0,0,2,0,0,0,0,0,0,0,0,0,0,842,0,0,4,0,0,0,0,0,0,0,12,0,0,0,0,0,0,0,0,17,0,2,0,254,51,0,0,0,0,0,0,0,0,0,124,0,0,0,0,1923,0,0,0,0,0,0,0,0,9,52,0,0,0,0,0,0,0,0,0,1317,0,0,0,0,0,0,270,77,429,14,0,0,0,0,0,0,0,0,0,0,0,0,0,0,16,0,0,0,0,0,99,8,0,0,0,0,0,0,0,0,0,0,0,0,0,0,0,0,0,0,0,0,0,0,0,0,0,0,0,0,0,0,0,2125,0,0,0,0,0,12,0,0,0,4,0,0,0,0,0,0,0,0,0,0,0,0,0,6,2,0,0,0,0,0,0,0,0,0,0,2,0,0,0,0,0,42,0,0,0,0,23,0,0,0,0,0,0,0,0,0,0,0,0,0,0,0,0,0,0,0,0,0,0,0,0,0,0,0,129,0,4,391,0,0,0,0,0,0,0,0,0,3,0,0,0,308,276,0,0,0,0,0,0,0,0,5,0,0,5,0,0,0,0,0,21,0,0,0,0,0,0,0,0,0,0,0,0,0,0,0,0,0,0,0,0,0,0,0,0,0,0,0,971,0,0,0,0,4,0,0,0,0,0,204,0,0,17,0,0,0,0,0,0,0,0,0,0,0,0,0,0,0,0,21,0,0,0,0,0,0,0,4,0,0,0,0,0,14,0,0,0,0,0,0,0,0,0,0,0,0,0,4,0,0,0,0,0,0,0,0,0,0,0,0,0,0,0,0,0,0,0,0,0,0,0,0,0,0,53,0,0,0,0,0,0,0,0,0,1,0,0,0,0,8,8,0,0,0,0,0,1,0,0,0,0,0,0,0,0,0,0,3,0,0,0,0,0,0,0,0,0,0,0,0,0,0,2,0,3,0,0,0,0,0,0,0,0,0,0,0,0,0,0,0,0,4,0,0,0,0,0,0,0,0,796,5,0,0,61,0,0,0,0,0,0,3,0,0,0,3,0,0,0,0,0,4,0,0,0,0,0,0,0,0,0,119,0,0,3,0,0,0,0,0,0,0,21,0,0,0,0,0,0,0,0,0,0,0,0,0,0,0,0,0,0,0,8,0,0,2,0,0,0,0,0,0,0,0,0,0,2,0,0,0,0,0,0,748,145,16,0,0,7,0,0,0,2,0,0,0,0,0,0,0,0,0,0,0,0,2933,0,0,0,0,0,0,0,0,0,25,0,0,0,0,0,0,0,0,430,0,0,66,147,0,0,0,0,0,0,0,0,0,0,0,0,0,83,0,0,0,2,1238,0,0,3,0,0,0,0,579,0,0,0,19,0,0,0,0,0,0,0,0,0,0,0,0,0,0,0,0,0,0,0,0,4,0,0,0,0,0,47,1276,0,0,0,0,0,514,0,263,0,0,0,0,0,0,0,0,0,2,1,0,14,0,0,0,2,19,0,0,0,7,6,0,503,0,0,0,312,0,0,0,0,0,0,0,0,0,0,0,507,0,0,0,0,0,0,0,0,0,0,0,0,0,0,0,9,0,0,0,0,0,0,0,0,0,0,0,0,0,11,0,0,0,0,0,0,0,0,0,0,0,0,0,0,0,0,0,0,59,0,0,0,0,0,578,0,0,0,0,0,0,1,0,0,0,0,0,2,0,0,0,48,0,0,0,0,0,0,8,0,0,0,0,0,0,0,0,0,0,2,0,0,0,0,0,0,0,0,0,4,3,0,0,3,0,0,390,0,0,0,0,0,36,0,0,0,0,0,0,3,0,0,0,0,0,0,0
"D329",0,0,8,0,19,0,0,0,0,0,544,94,0,0,2,0,0,0,6,0,2,0,0,0,525,0,0,0,0,0,0,16,0,2,0,0,0,0,0,0,16,15,0,21,335,0,0,0,0,19,13,0,1,58,156,0,0,0,234,5,0,0,286,0,0,0,0,46,106,0,0,0,0,0,7,55,0,0,0,6,32,0,0,0,0,6,0,0,0,0,0,0,0,36,0,9,15,0,0,38,0,0,5,17,69,0,0,0,0,0,0,159,54,48,0,0,0,0,3,0,2,2,0,0,0,0,0,3,0,17,24,0,2,0,0,0,10,5,2,0,2,0,0,0,0,0,11,12,0,0,0,4,9,0,0,0,0,0,6,0,27,0,0,5,0,0,0,0,0,0,0,31,0,0,0,0,6,0,0,0,4,4,4,23,0,0,0,0,21,0,0,0,0,0,0,6,0,0,3,0,4,0,0,0,0,0,0,0,0,0,16,0,10,0,24,0,0,0,0,3,0,68,2,8,0,0,0,6,0,0,28,6,2,0,11,0,0,0,0,6,0,0,0,0,0,0,3,0,3,0,0,0,4,0,0,3,2,89,4,35,0,11,0,0,0,0,0,0,10,28,191,0,2,0,21,3,16,0,0,12,9,0,2,0,3,2,0,428,4,26,0,92,6,24,0,0,0,0,10,0,0,0,0,0,0,0,1,2,0,4,0,0,0,3,0,38,0,2,50,0,0,0,17,23,4,23,0,2,0,79,2,0,0,2,0,0,0,0,0,0,0,0,0,0,20,0,25,0,2,0,2,0,0,0,0,6,22,0,0,0,0,0,0,30,0,0,2,0,0,0,0,0,0,2,13,1,0,0,0,0,0,0,340,0,14,86,10,35,0,83,6,0,0,0,2,11,0,24,0,0,0,6,0,0,0,0,2,115,0,0,2,52,0,0,6,0,0,0,20,0,0,0,0,0,0,0,0,0,0,6,0,7,0,115,0,0,3,0,0,0,0,154,0,0,2,0,0,2,0,0,8,0,7,2,0,0,3,2,0,0,0,0,364,4,166,30,0,0,0,0,0,125,0,8,2,3,0,0,0,0,0,0,11,0,0,0,0,0,19,0,89,164,0,0,0,0,0,0,0,0,0,4,17,0,0,1,376,1,52,0,0,0,1,0,2,0,0,0,0,11,0,0,0,0,2,249,2,0,0,0,1,0,0,3,0,0,7,0,0,0,15,0,7,2,162,0,4,0,115,0,0,0,0,0,2,0,2,0,1,0,0,130,7,0,0,0,45,0,0,0,11,0,0,0,25,0,0,0,0,0,0,0,0,45,0,2,0,0,0,0,0,0,0,0,14,0,3,0,0,4,0,0,0,0,0,0,3,0,0,0,0,0,0,0,0,37,16,0,130,0,0,5,2,1,0,20,0,0,9,0,0,0,0,0,0,4,35,0,0,0,0,0,0,4,2,0,2,0,0,8,0,0,7,28,0,540,0,0,17,0,0,0,0,4,0,0,1,0,0,0,133,0,6,0,15,25,2,5,17,184,0,0,22,0,51,0,3,0,0,9,0,0,0,0,0,14,2,1769,0,0,0,0,0,0,0,3,83,4,0,15,0,132,0,3,0,0,0,14,0,170,78,0,0,0,0,0,0,0,0,16,159,15,0,1,0,0,11,33,0,3,16,0,0,0,0,0,1,4,3,0,17,0,39,0,0,0,1,6,20,0,0,0,0,0,0,0,0,0,0,0,0,0,11,0,0,0,99,0,54,0,0,5,258,0,0,0,2,114,6,0,0,15,0,0,0,0,0,11,4,0,0,3,0,0,0,59,0,8,0,0,0,262,57,6,0,5,0,0,2,1,0,4,0,0,0,823,0,0,0,0,0,0,0,0,2,0
"D330",0,0,0,0,0,0,0,0,0,0,0,0,0,0,0,0,0,0,0,0,0,0,0,0,0,0,0,0,0,0,0,0,0,0,0,0,0,0,0,0,0,0,0,0,0,0,0,51,0,0,0,0,0,0,0,0,0,0,0,0,0,0,0,0,0,0,0,0,0,0,0,0,0,0,0,0,0,0,2,0,0,0,0,13,0,0,0,0,0,0,0,0,30,0,0,0,0,0,0,0,0,0,0,0,0,0,0,0,0,0,0,0,0,0,0,0,0,0,0,0,0,0,0,0,0,0,0,0,0,0,0,0,0,0,0,0,0,0,0,0,0,0,0,0,0,0,0,0,0,0,0,0,0,0,0,0,0,0,0,0,0,0,0,0,0,0,0,0,0,0,0,0,0,0,0,0,0,0,0,0,0,0,0,0,0,0,0,0,0,0,0,0,0,0,0,0,0,0,0,0,0,0,0,0,0,0,0,0,0,0,0,0,0,0,0,0,0,0,0,0,0,0,0,0,0,0,0,0,0,0,0,0,0,0,0,0,0,0,0,0,0,0,0,0,0,0,0,0,0,0,0,0,0,27,0,0,0,0,0,0,0,0,0,0,0,0,0,0,0,0,0,0,0,0,0,0,0,0,0,0,0,0,0,0,0,0,0,0,0,0,0,0,0,0,0,0,0,0,0,0,0,0,0,2,0,0,0,0,0,0,0,0,0,0,2,0,0,0,0,0,0,0,0,0,0,0,0,0,0,0,0,0,0,0,0,0,0,0,0,0,0,0,0,0,0,0,0,0,0,0,0,0,0,0,0,0,0,0,0,89664,0,0,0,0,0,0,0,3,0,0,0,0,0,0,0,0,0,0,0,0,0,0,0,3,0,0,0,0,0,0,0,0,0,0,0,0,0,0,0,0,0,0,2,0,0,0,0,0,0,0,0,0,0,0,0,0,0,0,0,0,0,0,0,0,0,0,0,0,0,0,0,0,0,0,0,0,0,0,0,0,0,0,0,0,0,0,0,0,0,0,0,0,0,0,0,0,0,0,6704,0,0,0,0,0,0,0,15,0,0,0,0,0,0,0,0,0,0,0,0,0,0,0,0,0,0,0,0,0,0,0,0,0,0,0,0,0,0,0,0,0,0,0,0,0,0,0,0,0,0,0,0,0,0,0,0,0,0,0,0,0,0,0,0,0,0,0,0,0,0,0,0,0,0,0,0,0,0,0,0,0,0,0,0,0,0,0,0,0,0,0,0,0,0,0,0,0,0,0,0,0,0,0,0,0,0,0,0,0,0,0,0,0,0,0,0,0,0,0,0,0,0,0,0,0,0,2,0,0,0,0,0,0,0,2,0,0,0,0,0,0,0,0,0,0,0,0,0,0,0,0,0,0,0,0,0,0,0,0,0,0,0,0,0,0,0,0,0,0,0,4,0,0,0,0,0,0,0,0,0,0,0,0,0,0,0,0,0,72,0,0,0,0,0,0,0,0,0,0,0,0,0,0,0,0,0,0,0,0,0,0,0,0,0,0,0,0,0,0,0,0,0,0,0,0,0,0,0,0,0,0,0,0,0,0,0,0,0,0,0,0,0,0,0,0,0,0,0,0,0,0,0,0,0,0,0,0,0,0,0,0,0,0,0,0,0,0,0,0,0,0,0,0,0,0,0,0,0,0,0,0,0,0,0,0,0,0,0,0,0,0,0,0,0,0,0,0,0,0,0,0,0,0,0,0,0,0,0,0,0,0,0,0,0,0,0,0,0,0,0,0,0,0,0,0,0,0,0,0,0,0,0,0,0,0,0,0,0,56,0,0,0,0,0,0,0,0,0,0,0,0,0,0,0,0,0,0,0,0,0,0,0,0,0,0,0,0,0,0,0,0,0,0,0,0,0,0
"D331",0,0,0,0,0,0,0,0,0,0,0,0,0,0,0,0,0,0,0,0,0,0,0,0,0,0,0,0,0,0,0,0,0,0,0,0,0,177,0,0,0,0,0,0,0,0,0,0,0,0,0,0,0,0,0,0,0,0,0,0,0,0,0,0,0,0,0,0,0,0,0,0,0,0,0,0,0,0,0,0,0,0,0,0,0,0,0,0,0,0,0,0,0,0,0,0,0,0,0,0,0,0,0,0,0,0,0,0,0,0,0,0,0,0,0,0,0,0,0,0,0,0,0,0,0,0,0,0,0,0,0,0,0,0,0,0,0,0,0,0,0,224,0,0,0,0,0,0,0,0,0,0,0,0,0,0,0,3445,0,0,0,0,0,0,0,0,0,0,0,0,0,0,0,0,0,0,0,0,0,0,0,0,0,0,0,0,0,0,0,0,0,0,0,0,50,0,0,0,0,0,0,0,0,0,0,0,0,0,0,0,0,0,0,0,0,0,0,0,0,0,0,0,0,0,0,0,0,0,0,0,0,0,0,0,0,0,0,0,0,0,0,0,0,0,0,0,0,0,0,0,0,0,0,0,0,0,0,0,0,0,0,0,0,0,0,0,0,0,0,0,0,0,0,0,0,0,0,0,0,0,0,0,0,0,0,0,0,0,0,0,0,0,0,0,0,0,0,0,0,0,0,0,0,0,310,0,0,0,0,0,0,0,0,0,0,0,0,0,0,0,0,0,0,0,0,0,0,0,0,0,0,0,0,0,0,0,0,0,0,0,0,0,0,0,0,0,0,0,0,0,0,0,0,0,0,0,0,0,0,0,0,0,0,0,4595,851,0,0,0,0,0,0,0,0,0,0,0,0,0,0,0,0,0,0,0,0,0,0,0,0,0,0,0,0,0,0,0,0,0,0,0,0,0,0,0,0,0,0,0,0,0,0,0,0,0,0,0,0,0,0,0,0,0,0,0,0,0,0,0,0,0,0,0,0,0,0,0,0,0,1261,0,0,0,0,0,0,0,0,0,0,0,0,0,0,0,0,0,0,0,0,0,0,0,0,0,0,0,0,0,0,0,0,0,0,0,0,0,0,0,0,0,0,0,0,0,0,0,0,0,0,0,0,0,0,0,0,244,0,0,0,0,0,0,0,0,0,0,0,0,0,0,0,0,0,0,0,0,0,0,0,0,0,0,0,0,0,0,0,0,0,0,0,0,0,0,0,0,0,0,0,0,0,0,0,0,0,0,0,0,1,0,0,0,0,0,0,0,0,0,0,0,0,0,0,0,0,0,0,0,711,0,0,0,0,0,0,297,0,0,0,0,0,0,0,0,0,0,0,0,0,0,0,0,0,0,0,0,0,0,0,0,0,0,0,0,0,0,0,0,0,0,0,0,0,0,0,0,0,0,0,0,0,0,0,0,0,0,0,0,0,0,0,0,0,0,0,0,0,0,0,0,0,183,0,0,0,0,0,0,0,0,0,0,0,0,0,0,0,0,0,0,0,0,0,0,0,0,0,0,0,0,9385,0,0,0,0,0,0,0,0,0,0,0,0,0,0,0,0,0,0,0,0,0,119,0,0,0,0,0,0,0,0,0,0,0,0,0,0,0,0,0,0,0,0,0,0,0,0,0,0,0,0,0,0,0,0,0,0,0,0,0,0,0,0,0,0,0,0,0,0,0,0,0,0,0,0,0,0,0,0,0,0,0,0,0,0,0,0,0,0,0,0,0,0,0,0,0,0,0,0,0,0,0,270,0,0,0,0,0,0,0,0,0,0,0,0,0,0,0,0,0,0,0,0,0,0,0,0,0,0,0,0,0,0,0,0,0,0,0,0,0,0,0,0,0,0,0,0,0,0,0,0,0,0,0,0,0,0,0,0,0,0,0,0,0,0
"D332",0,0,0,0,0,0,214,0,0,0,0,0,0,0,0,0,0,0,0,0,0,0,0,0,0,0,0,0,0,0,0,0,0,0,0,0,0,0,0,0,0,0,0,0,0,0,82,0,0,0,0,0,0,0,0,0,0,0,0,0,0,0,0,0,0,0,0,0,0,0,0,0,0,0,0,0,0,186,23,0,0,0,0,0,0,0,0,0,0,0,0,0,0,0,0,0,0,0,0,0,0,0,0,0,0,0,0,0,0,0,0,0,0,0,0,0,0,0,0,0,0,0,0,0,0,0,0,0,0,0,0,0,0,0,0,0,0,0,0,0,0,0,0,0,0,0,0,0,12,0,0,0,0,0,24,0,0,0,0,0,0,0,0,0,0,0,0,0,0,0,0,0,24,0,0,0,0,0,0,0,0,0,0,0,0,1,0,0,0,0,0,0,0,0,0,0,0,0,0,0,9,0,0,0,0,0,0,0,0,0,0,0,0,0,0,0,0,0,0,0,0,0,0,0,0,0,0,0,0,0,0,0,0,0,0,0,0,0,0,0,0,0,0,0,0,0,0,0,0,0,3,0,0,0,0,0,0,0,0,0,0,0,0,0,0,0,0,0,0,0,0,0,0,0,0,0,0,0,0,0,0,0,0,0,0,0,0,0,0,0,0,0,0,0,0,0,0,0,0,0,0,0,0,0,2,0,0,0,0,0,0,0,0,0,0,0,0,0,0,0,0,0,0,0,0,0,0,0,2,0,0,0,0,0,0,0,0,0,0,0,0,0,0,0,0,0,0,0,0,2,0,0,0,0,0,0,0,0,0,0,0,0,0,0,6,0,0,0,0,0,0,0,0,0,0,0,0,0,0,0,0,0,0,0,0,0,0,0,0,0,0,0,0,0,0,0,0,0,0,0,0,0,0,0,0,0,0,0,13,0,0,0,0,0,0,0,0,0,0,0,0,0,0,0,0,0,0,0,0,0,0,0,0,0,0,0,0,0,0,0,0,0,0,0,0,0,0,0,0,2,0,0,0,0,0,0,0,0,0,4555,0,0,0,0,0,0,0,0,0,0,0,0,0,3,0,0,0,0,0,0,0,0,0,0,0,0,0,0,0,0,0,0,0,0,0,0,0,0,0,0,0,0,0,0,0,0,0,0,0,0,0,0,0,0,0,0,0,0,0,0,0,0,0,0,0,0,0,0,0,0,0,0,0,0,0,0,0,0,0,0,0,0,0,0,0,0,0,0,0,0,0,0,0,0,0,0,0,0,0,0,0,0,0,0,0,0,0,0,0,5,0,0,0,0,0,0,0,0,0,0,0,0,0,0,0,0,0,0,0,0,0,0,0,0,0,0,0,0,0,0,0,0,0,0,0,0,1,0,0,0,0,0,0,0,0,0,0,0,0,0,0,0,0,0,0,0,0,0,0,0,0,0,0,0,0,0,0,0,0,0,0,0,0,0,0,0,0,0,0,0,0,0,0,0,0,0,0,2,0,0,0,0,0,0,0,0,0,0,0,0,0,0,0,0,0,0,0,0,4,0,0,0,0,51,0,0,0,0,0,0,0,0,0,0,0,0,0,0,0,0,0,0,0,0,0,0,0,0,0,0,0,0,0,0,0,0,0,0,0,0,0,0,7,285,0,0,0,0,0,0,0,0,0,0,0,0,0,0,0,0,0,0,0,0,0,0,0,0,0,0,0,0,0,0,0,0,0,0,0,0,0,0,0,0,0,0,0,0,0,0,0,0,0,0,0,0,0,0,0,0,0,0,0,0,0,0,0,0,0,0,0,0,0,0,0,0,0,0,0,0,0,0,0,0,0,0,0,0,0,0,0,0,0,0,0,0,0,0,0,0,0,0,0,0,0,0,0,0,1,0,0,0,0,0,0,0
"D333",0,0,0,0,0,2250,0,0,0,12,0,0,18,0,0,0,0,0,0,0,0,0,0,0,0,0,0,0,0,3,0,0,0,0,0,0,0,0,0,0,0,0,0,0,0,0,5,0,0,0,0,3,0,0,0,0,0,0,0,0,50,0,0,0,0,0,37,2,0,0,0,2,0,0,0,0,0,0,0,0,0,0,0,3,0,0,45,0,0,0,0,0,0,0,0,0,0,0,0,0,0,0,0,0,0,0,0,0,0,0,0,0,0,0,0,0,0,0,0,0,0,0,0,0,0,0,0,0,0,0,0,0,0,0,0,0,0,0,0,0,0,25,7,0,0,0,0,0,1921,0,37,0,0,0,0,0,0,47,0,0,0,0,0,0,0,0,0,0,0,0,0,0,0,5,0,0,0,0,11,0,0,0,0,0,0,7275,0,0,0,0,0,0,0,16,7,0,0,0,0,0,0,0,0,2,0,0,0,0,0,0,0,0,0,0,0,0,18,0,0,0,0,0,0,0,0,0,0,0,0,0,3,0,0,0,0,0,0,0,0,0,0,0,0,0,0,0,0,0,0,0,0,0,0,0,0,0,0,0,0,0,0,0,49,0,0,0,3,3,0,0,0,0,0,0,0,0,0,0,0,0,0,0,0,0,0,0,0,0,0,0,0,0,0,0,0,0,0,0,0,0,0,0,0,170,73,2,0,0,0,0,0,0,0,0,0,0,0,0,0,0,0,0,0,0,0,0,0,0,0,0,0,0,18,0,0,0,0,0,0,0,0,0,0,5,0,0,0,0,0,0,0,0,0,0,0,0,0,0,0,0,0,0,0,0,187,7,0,4,0,0,0,0,0,0,0,0,0,0,0,0,0,0,0,64,0,0,0,0,0,0,0,0,0,0,0,0,0,0,17,4,0,0,0,8,0,13,0,0,0,0,0,0,0,0,0,0,0,0,0,0,0,0,0,0,0,0,0,0,3,0,0,0,0,0,0,0,0,0,0,8,0,0,0,0,0,0,0,0,0,2,0,0,0,0,0,0,0,0,0,0,0,0,0,0,0,0,140,0,0,0,0,0,0,0,0,0,0,0,0,0,0,0,0,1,0,167,0,0,0,0,0,0,0,0,0,0,12,0,0,0,0,0,0,0,0,0,0,0,0,0,9,0,0,0,0,0,9,0,0,0,0,0,0,0,0,0,0,0,0,0,0,45,0,0,0,0,0,0,0,124,0,0,0,0,0,0,0,0,0,0,0,0,0,0,0,0,0,0,0,0,0,0,0,0,0,0,0,6949,0,6,0,0,0,0,0,0,2,0,0,0,0,0,0,0,0,0,0,0,0,0,0,0,0,0,0,0,0,0,0,0,0,0,0,0,0,0,0,0,0,0,3,0,2,0,0,0,0,0,0,0,0,0,0,0,0,0,0,0,0,0,2,0,0,0,0,0,0,0,0,0,2,0,9,0,0,1,0,6,0,0,0,0,0,0,0,0,0,0,0,0,0,0,0,0,0,0,0,0,0,0,0,83,0,0,0,0,0,0,0,0,0,0,0,0,0,0,0,0,0,0,0,0,0,3,7,0,0,0,0,0,0,0,0,0,0,0,0,0,0,0,0,0,0,0,0,0,0,0,0,0,0,0,0,0,0,0,0,4,28,0,0,0,0,0,0,0,0,0,0,0,0,0,0,0,0,0,0,0,0,0,0,0,0,0,0,0,0,0,0,0,0,0,0,0,0,3,0,0,0,0,0,0,0,6,0,0,0,0,0,0,0,0,0,3,0,0,0,0,0,0,0,0,0,0,0,0,0,0,0,0,0,0,0,0,0,0,0,0,0,0,0,0,0,0,5,0,0,0,0,0,0,0,0,0,0,0,0,0,0,0,0,0,0,0,0,0
"D334",0,0,0,0,0,0,0,0,0,0,0,0,0,0,0,0,0,0,0,0,0,0,0,0,0,0,0,0,0,2,0,0,0,0,0,0,0,0,60,0,0,0,0,0,0,0,2,2058,0,0,0,0,0,0,0,0,0,0,0,0,0,0,0,0,0,0,3,5,0,0,0,0,281,0,0,0,0,0,0,0,0,0,20,0,0,0,0,12,0,0,0,0,0,0,0,0,0,257,131,0,0,0,0,0,0,0,0,365,0,0,0,0,0,0,83,0,47,3,0,0,0,15,0,0,0,0,0,0,0,0,0,9,0,5,0,0,0,0,953,0,0,0,0,0,0,0,0,0,0,0,0,0,0,0,2,0,0,0,0,0,0,0,0,0,0,0,0,0,0,0,0,868,0,0,0,0,0,0,0,0,0,0,0,0,0,0,11,0,0,115,0,0,0,1,0,0,0,0,0,0,0,2,0,0,0,0,67,0,0,0,0,0,0,291,0,0,25,0,0,0,0,0,0,0,0,0,0,0,0,0,0,0,0,0,0,0,0,0,0,0,0,0,0,0,0,0,97,0,0,15,0,0,0,86,48,0,0,0,0,0,0,0,6,2024,76,0,0,0,0,0,0,0,0,0,0,0,0,0,0,0,0,0,85,0,0,0,0,0,0,0,0,0,0,0,0,0,0,0,0,0,0,16,0,0,0,0,0,0,0,0,34,0,0,0,0,0,0,0,0,0,0,68,0,0,0,0,0,0,99,0,0,0,19,0,0,0,0,0,0,0,0,0,0,0,0,0,0,0,0,17,0,0,0,0,0,46,0,0,0,3,0,0,0,0,0,0,0,0,0,0,0,0,0,3,0,0,0,0,0,0,0,0,0,0,2,0,0,0,0,0,0,0,0,0,0,0,6,2,0,5,0,0,0,3,0,0,0,0,0,0,0,0,0,0,0,0,0,0,0,0,0,0,0,0,0,0,0,0,0,0,0,0,0,0,0,0,0,0,0,0,0,0,0,0,0,0,0,0,0,0,0,0,0,0,0,0,0,0,0,0,0,0,0,0,0,0,0,0,0,0,0,0,465,0,0,0,35,11,0,0,0,0,0,0,0,0,0,7,0,0,0,0,0,15,5,0,0,0,0,0,0,0,0,145,0,0,0,0,0,0,0,0,0,0,22,0,0,0,0,0,0,0,0,0,0,0,0,0,0,0,0,0,2,0,0,0,0,0,5,0,0,0,0,3,0,0,0,0,0,0,0,0,0,2,0,946,430,0,0,0,2,0,0,0,0,11,0,0,0,0,0,0,0,0,0,0,0,4202,0,0,0,0,0,0,0,0,0,3,0,0,0,0,0,0,0,2,2714,0,0,3,563,0,0,0,0,0,0,0,0,0,0,0,0,0,691,0,0,0,0,70,0,0,75,0,0,0,0,70,0,0,0,0,0,0,4,0,0,0,0,0,0,0,0,0,24,0,0,1,0,0,0,0,3,0,0,0,0,0,282,1077,0,0,0,0,0,1856,0,3794,9,0,0,0,0,3,0,0,0,0,0,0,37,0,0,0,0,0,0,0,0,0,49,0,174,0,0,0,37,2,0,0,0,0,0,0,0,0,0,0,165,0,0,0,0,10,0,0,0,0,0,0,0,0,0,0,0,0,0,0,0,0,0,0,0,0,0,14,0,0,18,0,0,0,0,0,0,0,0,18,0,0,0,0,0,0,0,0,0,1407,0,0,0,0,0,204,0,0,0,0,0,0,0,0,0,0,0,0,0,0,0,0,17,0,0,0,3,0,0,0,0,0,0,0,0,0,0,0,0,0,0,0,0,0,0,0,0,0,0,0,0,0,0,0,0,0,0,3186,0,7,0,0,0,18,0,0,0,0,0,0,0,0,0,0,0,0,0,0
"D335",4,0,3,533,774,0,0,0,0,0,0,0,0,0,0,0,0,0,0,0,0,0,0,0,0,0,0,0,0,0,0,0,0,0,0,0,0,0,0,0,73,0,0,0,0,15,0,0,0,0,0,0,0,0,0,0,0,0,0,0,0,25,0,0,0,0,0,0,0,0,0,0,0,0,0,0,0,0,0,0,0,0,0,0,0,0,0,0,0,0,0,0,0,0,0,0,0,0,0,0,0,0,0,0,0,0,0,0,0,0,0,0,0,0,0,0,0,0,0,0,0,0,0,0,0,275,0,0,0,0,0,0,0,0,0,0,0,0,0,0,0,0,0,0,0,0,0,0,2,0,0,0,0,0,1,0,87,0,0,0,0,736,0,0,0,0,0,0,0,0,0,0,0,0,0,0,0,0,0,0,0,0,0,0,0,0,0,0,0,0,0,0,0,0,0,0,0,0,0,0,0,0,0,0,0,4,0,0,0,0,0,0,0,0,3,0,0,0,0,0,20,0,0,0,0,0,44,0,0,0,0,0,0,0,0,0,0,0,0,0,0,0,0,0,0,0,0,0,0,0,14,0,0,0,0,0,0,0,0,0,0,0,0,0,0,0,0,0,0,0,0,0,0,0,0,0,0,0,0,0,0,16,0,0,0,0,0,0,0,0,0,0,0,0,0,0,0,0,0,18,0,0,0,0,0,0,0,0,0,0,0,0,0,0,0,0,0,0,9,0,0,0,0,0,0,0,0,0,0,0,0,0,0,0,0,0,0,0,0,0,0,0,0,0,0,0,0,0,0,0,0,0,0,0,0,0,0,0,0,0,0,0,0,0,0,0,0,0,0,0,0,0,0,0,0,0,0,0,0,0,0,0,0,0,0,0,0,0,0,0,0,0,0,0,0,0,0,0,0,0,0,0,0,0,0,0,0,0,3,0,0,0,0,0,0,0,0,0,0,0,0,0,0,0,0,0,0,0,0,0,0,0,0,0,0,0,0,0,0,0,0,0,0,0,0,0,0,0,0,0,0,0,0,0,0,0,0,0,0,0,0,0,0,0,0,0,0,0,0,0,0,7,0,0,0,0,0,0,0,0,0,2551,0,0,0,0,0,0,0,0,0,0,0,0,0,9,0,0,0,0,0,0,0,0,0,0,60,0,0,0,0,0,0,0,0,2,2,6,0,0,23,0,0,0,0,0,0,0,0,0,0,0,0,0,0,0,0,0,0,0,0,0,0,0,0,0,0,0,0,0,0,0,0,0,0,0,0,0,0,0,0,0,0,0,0,0,0,0,0,0,0,141,0,0,0,0,0,0,0,0,0,0,0,0,0,0,0,0,0,0,0,0,0,0,0,0,0,0,0,0,0,0,0,0,0,0,0,0,0,0,0,0,0,0,0,0,0,0,0,0,0,0,0,0,0,0,0,0,0,0,0,0,0,0,0,0,0,0,0,7,0,0,0,0,0,0,0,0,0,0,0,0,0,0,0,0,0,0,0,0,0,0,0,0,0,0,0,0,0,0,0,0,0,0,0,0,0,0,0,0,0,0,0,0,0,0,0,0,0,0,0,0,0,0,0,0,0,0,0,0,0,0,0,0,0,0,0,0,0,0,0,0,0,0,0,0,0,0,0,0,0,0,0,0,0,103,0,0,0,0,0,0,0,0,0,0,0,0,0,0,0,0,0,0,0,0,0,0,0,0,0,0,0,0,1,0,0,0,0,0,0,0,0,0,61,0,0,0,0,0,0,0,0,0,0,0,0,0,0,0,0,0,0,0,0,0,0,0,0,0,0,0,0,0,1098,0,20,0,0,0,0,0,0,0,0,0,0,0,0,0,0,0,0,0,0,0,0,0,0,0,74,0,0,0,0,0,0,0,0,0,0,0,0,0,20,0
"D336",0,0,1,26,0,0,0,3,0,0,113,1,0,1,32,0,0,32,0,3,25,17,15,126,25,10,0,0,2,0,0,109,0,0,42,0,197,0,0,0,0,2,0,0,242,0,12,0,0,0,2,0,1,0,0,0,19,0,6,0,0,0,0,1,2,2,0,6,4,24,0,19,0,2,7,0,0,0,0,0,0,0,0,0,0,27,0,4,0,11,5,0,0,0,0,13,126,0,0,2,0,0,0,23,80,0,0,0,0,0,0,19,0,1,20,0,0,0,14,0,2,0,0,0,0,0,1,0,0,10,0,0,12,2,90,86,0,8,0,20,1,0,0,0,10,400,0,0,0,3,0,0,8,0,0,0,0,0,8,11,13,4,0,39,11,0,0,1,0,8,0,2634,0,0,0,0,0,0,0,0,0,0,0,3,0,0,0,11,0,0,13,0,0,0,0,223,11,0,0,7,0,0,0,0,0,0,0,36,0,0,0,0,1,0,0,0,0,0,1,0,0,8,4,2,0,0,0,30,0,0,0,0,0,0,0,0,0,0,7,424,0,18,27,0,0,0,0,0,9,0,0,5,0,0,0,5,36,46,0,14,0,0,0,0,0,12,0,0,10,0,0,0,28,308,0,0,2,0,6,0,3,0,0,0,0,0,0,37,0,0,0,0,0,0,6,0,0,0,0,3,0,0,0,0,0,1,2,0,70,171,0,1,0,0,0,157,0,0,11,0,0,0,0,0,10,0,0,15,1,0,0,0,0,32,0,2,0,10,0,0,0,4,3,0,4,5,0,70,0,0,0,0,0,0,25,35,0,442,0,0,0,0,0,0,0,0,0,0,0,17,0,0,2,0,0,0,0,26,0,0,0,0,0,0,0,0,0,0,0,13,0,0,126,0,0,0,0,70,0,0,12,2,0,2,0,0,67,0,0,0,8,697,7,0,2,0,0,0,28,0,0,0,0,19,0,0,0,0,0,302,4,1,0,2,0,0,17,1,0,0,0,0,0,2,19,0,119,0,0,0,21,0,0,0,0,0,0,0,0,0,0,0,3,0,0,2,0,0,0,0,0,0,0,2,0,0,0,8,0,0,0,351,0,10,7,0,0,0,0,0,0,1,0,0,0,0,0,0,0,0,0,20,0,155,0,9,43,0,5,0,0,0,0,0,23,0,0,0,0,0,0,0,0,0,0,0,0,2,0,52,0,0,0,0,0,0,6,4,0,3,0,0,0,5,27,0,0,1,33,0,0,0,0,6,11,0,153,21,4,0,0,2,0,0,54,4,1,0,10,0,0,0,0,0,7,5,0,0,0,6,3,2,8,6,0,41,12,0,8,0,0,21,2,2,0,12,0,0,0,119,0,0,875,0,0,0,45,0,0,0,0,0,0,1,0,0,4,0,13,0,6,0,11,0,0,0,2,0,537,0,0,11,0,0,29,0,0,2,2,0,0,1,0,0,0,0,4,11,0,0,0,0,21,0,0,13,0,0,79,0,0,0,0,0,0,12,3,0,9,0,0,0,0,0,29,13,0,0,9,0,0,0,0,0,50,4,0,5,0,0,0,0,0,0,0,0,0,12,0,4,0,0,0,0,1,4,0,0,0,7,0,0,0,2,0,0,0,2,0,0,2,0,0,0,0,0,0,0,0,4,88,9,0,28,0,0,8,0,0,0,0,0,0,8,0,0,3,0,6,3,0,0,0,22,0,1,40,0,0,3,0,0,4,304,0,0,0,0,0,0,15,0,48,0,12,0,0,4,0,0,0,5,23,0,0,0,0,159,0,0,0,0,0,0,0,0,2,0,6,0,0,2,0,112,0,0,0,0,878,86,11,2,24,29,0,0,0,15,2,0,0,10,0,13,13,10,0,0,7,6,0,0,0,0,0,0
"D337",0,0,0,0,0,0,0,0,0,0,0,0,0,0,0,0,0,0,0,0,0,0,0,0,0,0,0,0,0,0,0,0,0,0,0,0,0,0,0,0,0,0,0,0,0,0,0,0,0,0,0,0,0,0,0,0,0,0,0,0,0,0,0,0,0,0,0,0,0,0,0,0,0,0,0,0,0,0,0,0,0,0,0,0,0,0,0,0,0,0,0,0,0,0,0,0,0,0,0,0,0,0,0,0,0,0,0,0,0,0,0,0,0,0,0,0,0,0,0,0,0,0,0,0,0,0,0,0,0,0,0,0,0,0,0,0,0,0,0,0,0,0,8,0,0,0,0,0,0,0,0,0,0,0,0,0,0,0,0,0,0,0,0,0,0,0,0,0,0,0,0,0,0,0,0,0,0,0,0,0,0,0,0,0,0,0,0,0,0,0,0,0,0,0,0,0,0,0,0,0,0,0,0,0,0,0,0,0,0,0,0,0,0,0,0,0,0,0,0,0,0,0,0,0,0,0,0,0,0,0,0,0,0,0,0,0,0,0,0,0,0,0,0,0,0,0,0,0,0,0,0,0,0,0,0,0,0,0,0,0,0,0,0,0,0,0,0,0,0,0,0,0,0,0,0,0,0,0,0,0,0,0,0,0,0,0,0,0,0,0,0,0,0,0,0,0,0,0,0,0,0,0,0,0,0,0,0,0,0,0,0,0,0,0,69,0,0,0,0,0,0,0,0,0,0,0,0,0,0,0,0,0,0,0,0,0,0,0,0,0,0,0,0,0,0,0,0,0,0,0,0,0,0,0,0,0,0,0,0,0,0,0,0,0,0,0,0,0,0,0,0,0,0,0,0,0,0,0,0,0,0,0,0,0,0,0,0,0,0,0,0,0,0,0,0,0,0,0,0,0,0,0,0,0,0,0,0,0,0,0,0,0,0,0,0,0,0,0,0,0,0,0,0,0,0,0,0,0,0,0,0,0,0,0,0,0,0,0,0,0,0,0,0,0,0,0,0,0,0,0,0,0,0,0,0,0,0,0,0,0,0,0,0,0,0,0,0,0,0,0,0,0,0,0,0,0,0,0,0,0,0,0,0,0,0,0,0,0,0,0,0,0,0,0,0,0,0,0,0,0,0,0,0,0,0,0,0,0,0,0,0,0,0,0,0,0,0,0,0,0,0,0,0,0,0,0,0,0,0,0,0,0,0,0,0,0,0,0,0,0,0,0,0,0,0,0,0,0,0,0,0,0,0,0,0,0,0,0,0,0,0,0,0,0,0,0,0,0,0,0,0,0,0,0,0,0,0,0,0,0,0,0,0,0,0,0,0,0,0,0,0,0,0,0,0,0,0,0,0,0,0,0,0,0,0,0,0,0,0,0,0,0,0,0,0,0,0,0,0,0,0,0,0,0,0,0,0,0,0,0,0,0,0,0,0,0,0,0,0,0,0,0,0,0,0,33,0,0,0,0,0,0,0,0,0,0,0,0,0,0,0,0,0,0,0,0,0,0,0,0,0,0,0,0,0,0,0,0,0,0,0,135,0,0,0,0,0,0,0,0,0,0,0,0,0,0,0,0,0,0,0,0,268,0,0,0,0,0,0,0,0,0,0,0,0,0,0,0,0,0,0,0,0,0,0,0,0,0,0,0,0,0,0,0,0,0,0,0,0,0,0,0,0,0,0,0,0,0,0,0,0,0,0,0,0,0,0,0,0,0,0,0,0,0,0,0,0,0,0,0,0,0,0,0,0,7420,0,0,0,0,0,0,0,0,0,0,0,0,0,0,0,0,0,0,0,0,0,16,0,0,0,0,0,0,0,0,0,0,0,0,0,0,0,0,0,0,0,0,0,0,0,0,0,0,0,0,0,0,0,0,0,0,0,0,0,0
"D338",0,0,0,0,0,4,0,0,0,0,0,0,0,0,0,0,0,0,0,0,0,0,0,0,0,0,0,0,0,0,0,0,0,0,0,0,0,0,0,0,0,0,0,0,0,0,0,0,0,0,0,0,0,0,0,0,0,0,0,0,0,0,0,0,0,0,0,0,0,0,0,0,0,0,0,0,0,0,0,0,0,0,0,0,0,0,0,0,0,0,0,0,0,0,0,0,0,0,0,0,0,0,0,0,0,0,0,0,0,0,0,0,0,0,0,0,0,0,0,0,0,0,0,0,0,0,0,0,0,0,0,0,0,0,0,0,0,0,0,0,0,0,0,0,0,0,0,0,7,0,0,0,0,0,0,0,0,0,0,0,0,0,0,0,0,0,0,0,0,0,0,0,0,0,0,0,0,0,0,0,0,0,0,0,0,0,0,0,0,0,0,0,0,0,0,0,0,0,0,0,0,0,0,0,0,0,0,0,0,0,0,0,0,0,0,0,0,0,0,0,0,0,0,0,0,0,0,0,0,0,0,0,0,0,0,0,0,0,0,0,0,0,0,0,0,0,0,0,0,0,0,0,0,0,0,0,0,0,0,0,0,0,0,0,0,0,0,0,0,0,0,0,0,0,0,0,0,0,0,0,0,0,0,0,0,0,0,0,0,0,0,0,0,0,0,0,0,0,0,0,0,0,0,0,0,0,0,0,0,0,0,0,0,0,0,0,0,0,0,0,0,0,0,0,0,0,0,0,0,0,0,0,0,0,0,0,0,0,0,0,0,0,0,0,0,0,0,0,0,0,0,0,0,0,0,0,0,0,0,0,0,0,0,0,0,0,0,0,0,0,0,0,0,0,0,0,0,0,0,0,0,0,0,0,0,0,0,0,0,0,0,0,0,0,0,0,0,0,0,0,0,0,0,0,0,0,0,0,0,0,0,0,0,0,0,0,0,0,0,0,0,0,0,0,0,0,0,0,0,0,0,0,0,0,0,0,0,0,0,0,0,0,0,0,0,0,0,0,0,0,0,0,0,0,0,0,0,0,0,0,0,0,0,0,0,0,0,0,0,0,0,0,0,0,0,0,0,0,0,0,0,0,0,0,0,0,0,0,0,0,0,0,0,0,0,0,0,0,0,0,0,0,0,0,0,0,0,0,0,0,0,0,0,0,0,0,0,0,0,0,0,0,0,0,0,0,0,0,0,0,0,0,0,0,0,0,0,0,0,0,0,0,0,0,0,0,0,0,0,0,0,0,0,0,0,0,0,0,0,0,0,0,0,0,0,0,0,0,0,0,0,0,0,0,0,0,0,0,0,0,0,0,0,0,0,0,0,0,0,0,0,0,0,0,0,0,0,0,0,0,0,0,0,0,0,0,0,0,0,0,0,0,0,0,0,0,0,0,0,0,0,0,0,0,0,0,0,0,0,0,0,0,0,0,0,0,0,0,0,0,0,0,0,0,0,0,0,0,0,0,0,0,0,0,0,0,0,0,0,0,0,0,0,0,0,0,0,0,0,0,0,0,0,0,0,0,0,0,0,0,0,0,0,0,0,0,0,0,0,0,0,0,0,0,0,0,0,0,0,0,0,0,0,0,0,0,0,0,0,0,0,0,0,0,0,0,0,0,0,0,0,0,0,0,0,0,0,2,0,0,0,0,0,0,0,0,0,0,0,0,0,0,0,0,0,0,0,0,0,0,0,0,0,0,0,0,0,0,0,0,0,0,0,0,0,0,0,0,0,0,0,0,0,0,0,0,0,0,0,0,0,0,0,0,0,0,0,0,0,0,0,0,0,0,0,0,0,0,0,0,0,0,0,0,0,0,0,0,0,0,0,0,0,0,0,0,0,0,0,0,0,0,0,0,0,0,0,0,0,0,0,0,0,0,0,0
"D339",0,0,0,0,0,0,0,0,0,3,0,0,0,0,0,0,0,0,0,39,0,0,0,0,0,0,0,0,0,0,0,0,0,0,0,0,0,0,31,0,0,2,0,0,26,0,0,2156,0,0,0,0,0,0,0,0,0,0,40,0,0,0,0,0,0,0,0,57,0,24,0,0,47,0,0,0,0,0,0,0,0,0,0,0,0,0,0,99,0,0,0,0,0,0,0,0,0,495,115,0,0,0,0,0,0,8,0,2107,0,0,0,0,0,0,260,3,190,228,0,0,0,69,0,0,0,0,0,0,0,0,0,107,263,0,0,0,0,0,185,152,0,0,0,0,0,0,0,0,0,0,0,0,0,2,0,0,0,0,0,0,0,0,0,0,0,0,0,0,103,0,0,2908,0,0,0,0,0,2,0,0,0,0,0,0,0,0,26,0,0,106,0,0,10,0,0,0,0,0,0,0,0,0,0,0,0,0,15,0,0,0,0,0,0,26,0,0,0,3,0,0,0,0,0,0,0,0,0,0,0,0,0,0,0,0,0,0,0,0,0,0,0,0,0,0,0,0,7,0,0,105,0,0,0,8,12,0,0,0,0,0,0,0,0,0,325,0,0,0,0,0,0,0,0,0,0,0,0,0,0,0,0,0,12,0,0,0,0,0,0,0,0,0,0,0,0,0,0,0,0,0,0,0,0,0,0,0,0,0,154,0,131,0,0,0,0,0,0,0,0,0,0,541,0,0,8,0,0,0,467,9,28,0,0,0,0,0,0,0,0,0,0,0,12,0,0,0,0,0,295,24,0,0,0,0,0,27,0,0,0,0,0,0,0,0,0,0,0,0,0,0,0,0,0,18,0,0,0,0,0,0,0,0,0,0,0,0,0,0,0,0,0,0,0,0,0,0,146,0,0,7,0,0,0,7,0,0,0,0,0,0,0,0,0,309,0,0,0,0,0,0,0,0,0,0,0,0,0,0,0,0,0,0,0,0,0,0,0,0,0,0,0,0,0,0,0,0,0,0,0,0,0,0,0,0,0,0,0,0,0,0,0,0,0,0,0,0,0,0,0,0,0,0,452,0,0,0,48,2,0,0,0,0,0,3,0,0,0,84,0,0,0,0,0,133,140,0,0,0,0,0,0,5,0,54,0,34,0,0,0,0,0,0,0,0,16,0,0,0,0,0,0,0,0,0,2,0,0,0,0,0,0,0,0,0,0,0,0,12,1775,0,0,0,0,8,0,4,0,0,0,0,0,0,0,0,0,768,0,0,0,0,6,0,0,0,0,13,0,0,0,0,0,0,0,0,0,0,0,1979,0,0,0,0,0,0,0,0,0,0,0,0,0,0,0,0,0,16,323,0,0,184,128,0,0,0,0,0,157,0,0,0,0,0,0,0,53,0,0,0,0,427,0,0,5,0,0,0,0,522,0,0,0,163,0,0,221,2,0,0,0,0,0,0,0,0,321,0,0,0,0,0,0,0,27,0,0,0,0,0,1053,560,0,0,0,0,0,313,0,1186,0,0,0,0,0,0,0,0,24,0,0,0,70,0,0,0,0,221,0,0,0,0,137,0,452,0,0,0,872,0,0,0,0,0,0,0,0,0,0,0,3776,0,0,0,0,303,0,0,0,0,0,0,0,0,0,0,2,0,0,0,0,0,0,0,0,0,0,152,0,0,0,0,0,0,0,0,0,0,0,317,0,0,0,0,0,0,0,0,0,323,0,0,0,0,0,1210,0,0,0,0,0,0,0,0,0,0,0,0,0,0,0,0,3,0,0,0,0,0,0,2,0,0,0,0,0,0,0,0,0,0,0,0,0,20,0,0,0,0,0,0,0,0,0,0,0,0,0,760,0,215,0,0,0,145,0,0,0,0,0,0,23,0,0,24,0,0,0,0
"D340",0,21,57,6,0,0,0,3,15,0,0,0,0,0,0,25,118,0,6,6,3,0,7,72,29,3,2,0,4,0,6,66,26,5,5,4,191,3,0,0,63,0,0,9,93,5,2,0,13,0,18,0,13,2,145,207,10,62,27,36,0,0,0,0,17,0,0,5,162,0,47,1,0,2,0,24,10,0,0,6,16,7,0,0,0,19,0,0,99,3,5,10,0,0,0,0,0,0,0,0,64,12,4,31,0,17,4,0,0,0,6,0,0,54,0,0,0,0,0,35,0,0,3,0,25,0,0,0,31,0,0,0,0,10,32,45,6,57,0,5,1,0,0,45,0,290,19,3,0,10,0,0,19,20,0,0,0,0,0,17,0,0,14,0,1,20,6,6,3,6,9,0,3,0,6,126,0,0,0,0,9,7,0,49,3,0,0,12,3,0,2,0,17,0,0,3,3,4,4,20,7,0,12,0,0,0,0,27,0,3,5,0,12,0,0,29,0,0,15,0,0,0,7,23,40,8,40,0,4,10,0,12,2,14,5,0,20,0,32,0,2,0,25,0,0,3,0,0,14,0,16,2,8,0,0,0,2,61,12,10,0,0,0,0,0,21,3,0,25,0,18,0,7,3,1,1,5,0,0,0,9,0,0,6,5,16,2,37,2,42,0,42,0,0,6,4,11,0,0,31,14,0,5,0,0,7,0,5,0,0,0,25,0,0,0,54,93,0,0,137,4,0,0,3,0,3,3,0,0,6,0,0,0,0,0,5,18,16,0,0,0,0,0,0,5,1,0,200,0,0,0,34,11,5,0,1,0,2,2,0,0,0,0,8,0,0,30,0,39,6,14,12,0,0,46,0,0,0,8,10,5,27,48,0,5,0,1,2,0,10,0,0,56,10,0,7,0,177,0,0,23,4,0,0,0,0,12,0,0,0,115,36,0,2,4,11,5,1,36,8,32,2,3,28,283,5,55,0,0,14,0,1,0,40,1,0,5,0,0,0,2,77,0,0,11,0,5,3,70,0,3,34,10,6,46,10,1,0,2,0,2,42,314,0,0,0,22,2,45,5,3,18,0,2,50,0,3,0,17,26,0,68,4,0,4,0,6,0,11,20,31,0,0,0,0,2,0,7,77,0,0,0,0,0,0,0,5,0,0,22,3,25,4,17,0,6,11,2,4,0,0,2,0,5,0,86,38,4,93,22,14,0,0,190,0,0,6,9,0,0,102,32,10,0,13,0,0,34,0,0,6,1,0,0,3,0,0,0,0,0,0,0,3,25,23,0,39,0,10,0,0,1,0,5,6,18,0,0,2,2,1,2,27,4,0,8,0,0,31,0,42,0,0,0,0,0,0,15,0,0,0,0,44,3,3,4,5,28,0,0,0,26,18,32,0,0,13,4,28,0,6,0,0,3,8,7,0,0,0,0,2,0,10,10,0,0,1,0,5,102,0,12,0,0,0,0,0,35,0,0,1,19,0,11,20,211,0,2,38,0,8,0,53,21,21,0,0,0,0,0,0,0,3,0,4,19,0,0,53,0,0,2,5,0,0,0,9,0,0,8,0,27,0,0,0,0,0,380,18,15,19,3,0,0,0,16,31,4,0,2,3,150,1,0,8,0,1,4,0,7,7,12,1,2,0,145,17,0,18,18,131,5,15,0,9,0,2,12,0,35,0,124,4,47,0,3,0,0,6,13,20,4,0,5,0,1,93,0,4,0,0,8,0,0,0,0,4,0,1,24,12,0,134,0,0,0,34,29,0,0,0,0,125,0,8,3,2,4,17,89,11,19,8,3,33,0,37,31,5,0,0,0,32,85,0,0,7,11,108,18,0,0,18,7,0,0,12,0,16,10,0,0,0,17,0,24,38,0,0,0,4,3,7,3,0,0
"D341",0,0,0,0,0,0,0,8,0,0,0,0,0,0,0,0,0,0,0,0,0,0,0,0,0,0,0,0,0,0,0,0,0,0,0,0,0,0,0,0,0,0,0,0,0,0,0,0,6,0,0,0,0,0,0,0,0,0,0,0,0,0,0,0,0,0,0,3,44,0,0,0,0,0,0,0,0,0,0,0,0,0,0,0,0,0,0,0,0,0,0,0,0,0,0,0,0,0,0,0,0,0,0,0,0,3,0,0,0,58,0,0,0,0,0,0,0,0,0,0,0,0,0,0,0,0,0,0,0,0,0,0,0,0,0,0,0,0,0,7,0,0,0,0,0,0,0,0,0,0,0,0,0,0,2043,0,0,0,0,0,0,0,0,0,0,0,0,0,2,0,0,0,0,0,0,0,0,0,0,0,0,0,0,0,0,0,0,0,0,0,0,0,0,0,0,0,3,0,0,35,0,0,0,0,0,0,0,2,0,0,0,0,0,0,0,0,0,0,0,0,0,0,0,0,0,0,0,133,0,0,399,0,0,0,0,0,0,0,0,0,0,0,0,0,0,0,0,0,0,0,2824,0,0,44,0,0,0,0,0,0,0,0,0,0,0,0,0,0,0,0,0,0,0,0,0,0,0,0,0,0,0,0,0,0,0,0,0,0,0,0,0,0,0,0,0,175,0,5,0,0,0,0,0,0,0,0,0,0,4,0,0,0,0,0,0,0,0,0,0,0,0,0,0,0,0,0,0,0,0,0,0,0,0,0,13,0,0,0,0,0,0,0,0,0,0,0,0,0,0,0,0,0,0,0,0,0,0,0,0,1540,0,1,0,0,0,0,0,0,0,0,0,0,0,0,0,0,0,0,0,0,0,0,0,0,0,0,0,0,138,0,0,0,0,0,0,0,0,1,0,0,0,0,0,35,0,0,0,0,33,0,0,0,0,0,0,0,0,0,0,0,0,8,0,0,0,70,0,0,0,0,0,0,0,0,0,0,0,0,0,0,0,0,0,0,0,0,0,0,0,6,0,0,0,0,0,0,0,0,0,0,0,0,0,0,0,0,0,0,0,0,0,0,0,0,0,0,1,27,0,0,0,0,0,429,0,4,0,0,0,0,0,0,0,0,0,0,0,0,0,0,0,0,0,0,0,0,0,0,0,0,251,0,0,0,0,0,0,0,0,0,0,0,0,0,0,0,0,0,0,0,0,0,0,0,0,0,0,0,0,0,0,0,0,0,0,0,0,0,0,0,0,0,0,43,0,0,0,0,0,0,0,0,0,0,0,0,0,0,0,0,0,4,0,0,0,0,0,0,0,0,0,0,0,0,1,0,0,0,0,0,0,0,0,0,0,0,0,0,0,0,0,0,0,0,0,0,8,0,0,0,0,0,0,0,0,0,0,0,0,0,0,0,2,0,0,0,0,0,0,2,0,0,0,0,0,0,0,0,0,0,0,0,0,0,0,0,0,4,1,0,0,0,0,0,0,0,0,0,0,0,0,29,0,0,0,0,0,0,0,0,0,0,0,0,0,0,0,0,0,0,0,0,0,0,0,0,0,0,0,0,0,0,0,0,0,0,0,0,0,0,0,0,0,0,0,0,0,0,0,0,0,0,0,0,0,5,0,0,0,0,0,0,0,0,0,0,0,0,0,0,0,0,0,0,0,0,0,0,0,0,0,0,0,0,0,0,0,0,0,0,0,0,0,0,0,1,0,0,0,0,0,5,0,0,0,467,0,17,0,0,0,14,0,0,3,0,0,0,0,0,0,0,0,0,0,0,0,0,0,0,0,0,0,0,0,0,0,1,0,0,0,0,0,0,0,0,0,0,0,0,0,0,0,0,0,0,0,0,0,0,0,0,0,0,0,0,0,0,0,0,0,0,0,0,0,0
"D342",0,0,0,0,0,0,0,0,0,3,0,0,0,0,0,0,0,0,0,0,0,0,0,0,0,0,0,0,0,143,0,0,0,0,0,0,0,0,6,0,0,0,0,0,0,0,0,7469,0,0,0,0,0,0,0,0,0,0,69,0,0,0,0,0,0,0,0,37,0,0,0,0,2562,0,0,0,0,0,0,0,0,0,0,0,0,105,0,0,0,0,0,0,0,0,0,0,0,7304,0,0,0,0,0,0,0,0,0,187,0,0,0,0,0,0,951,0,0,33,0,0,0,0,0,0,0,0,0,0,0,0,0,49,0,0,0,0,0,0,2420,154,0,0,0,0,0,7348,0,0,4,0,0,0,0,0,0,0,0,0,0,0,0,0,0,3,0,0,0,0,0,0,0,0,0,0,0,0,0,37,0,0,0,0,0,0,0,0,71,0,0,8942,0,0,0,0,0,6,0,0,0,0,0,0,0,0,0,0,1933,0,0,0,0,0,0,848,0,0,0,12,0,0,0,0,0,0,0,0,0,0,0,0,0,0,0,0,0,0,0,0,0,0,0,0,0,0,0,0,1054,8,0,0,0,0,0,0,0,0,0,0,0,3,0,0,0,6452,0,0,0,0,0,0,0,0,0,0,0,0,0,0,0,0,0,0,0,0,0,0,0,4,0,0,0,0,0,0,0,0,0,0,0,0,0,0,0,0,0,0,0,0,404,8,0,0,0,0,13,4,0,0,0,0,0,687,0,0,0,0,0,0,0,1,0,0,0,0,0,0,0,0,0,0,0,162,0,0,0,0,0,0,0,10,0,0,0,0,0,0,0,0,0,0,0,16,0,0,0,0,0,0,0,0,0,0,0,29,0,0,0,0,0,0,0,0,0,0,0,0,0,0,0,0,0,3,0,0,0,0,16,0,0,0,0,0,4,0,0,0,21123,0,0,0,0,0,0,0,0,0,0,0,0,0,0,0,0,0,0,0,0,0,0,0,0,0,0,0,0,0,0,0,0,0,0,0,0,0,0,0,0,0,0,0,0,0,0,0,0,0,0,0,0,0,0,0,0,0,0,0,0,0,0,0,0,0,629,0,0,0,0,0,0,0,0,0,0,12,0,0,0,64,0,0,0,0,0,2,0,0,0,0,0,0,0,0,0,0,0,434,0,0,0,0,0,0,0,0,20596,0,0,0,0,0,0,0,0,0,0,0,0,0,0,0,0,0,51,0,0,0,0,0,0,0,0,0,0,0,0,0,0,0,0,0,0,0,0,0,0,9481,1081,0,0,0,0,0,0,0,1,2202,0,0,0,0,0,0,0,0,0,0,0,49,0,0,0,0,0,0,0,0,0,0,0,0,0,0,0,0,0,84,837,0,0,0,12185,0,0,0,0,0,0,0,0,0,50,0,0,0,5666,0,0,0,0,0,2,0,14,0,0,0,0,65,0,0,0,0,0,0,0,0,0,0,0,0,0,0,0,0,56,0,0,39,0,0,0,0,0,0,0,0,0,0,0,0,0,0,0,0,0,20860,0,6620,1455,0,0,0,0,0,0,0,0,0,0,0,20342,0,0,0,0,0,0,0,0,0,0,0,2905,0,0,0,4,0,0,0,0,0,0,0,0,0,0,0,0,0,0,311,0,0,0,0,0,0,17,0,0,0,0,0,2,0,0,0,0,0,0,0,0,0,0,48,0,0,111,0,0,0,0,0,0,0,0,2,0,0,0,0,0,0,0,0,0,3437,0,0,0,3,6,761,0,0,0,165,0,0,0,0,14,0,0,0,0,0,0,0,54,0,0,0,102,0,0,0,0,0,0,0,0,0,0,0,0,8,0,0,0,2,0,0,0,0,0,0,3,7,3,0,2282,0,0,28932,0,0,0,0,0,65,0,0,0,0,17,0,10,0,0,0,0,0,0,0
"D343",0,0,0,0,0,632,0,0,0,0,0,0,11,0,0,0,0,0,0,0,0,0,0,0,0,0,0,0,0,3,0,0,2,0,0,0,0,171,0,1,0,0,0,0,0,0,0,0,0,0,0,0,0,0,0,0,0,0,11,0,0,0,0,0,0,0,8,0,6,0,0,0,4,0,0,0,0,0,0,0,0,0,0,0,0,0,31,0,0,0,0,0,0,0,0,0,0,0,0,0,0,0,0,0,0,0,0,0,7,1,0,0,10,0,0,3,0,0,0,0,0,0,0,0,0,0,0,0,0,0,0,0,0,0,0,0,0,2,0,0,0,1631,0,0,0,0,0,0,663,0,316,0,0,0,0,0,0,990,0,0,0,0,0,0,0,0,0,0,0,0,0,0,0,5,0,0,0,0,750,0,0,0,0,0,0,79,0,0,0,0,0,0,0,12,130,0,0,0,0,0,0,2,0,0,0,0,0,0,0,0,0,0,0,0,0,0,243,0,0,0,0,0,0,0,0,0,0,0,0,0,0,0,0,0,0,191,0,8,0,0,0,0,0,0,0,0,0,0,0,0,0,0,0,0,0,0,0,0,0,0,0,0,1,0,0,0,2,0,0,0,0,0,0,0,0,0,0,0,0,0,4,0,0,0,0,0,0,0,0,0,0,0,0,0,0,0,0,0,0,0,0,0,0,0,796,0,0,0,0,0,0,0,0,0,13,0,0,0,0,0,0,0,0,0,0,0,0,0,0,0,0,0,0,0,0,0,0,0,0,0,0,0,0,8,0,0,0,0,0,0,0,0,0,0,0,0,0,0,0,8,0,0,0,0,15108,13,0,65,0,0,0,0,0,0,0,0,0,0,0,0,0,0,0,0,0,0,0,0,0,0,0,0,0,0,0,0,0,0,29,2,0,0,0,4,0,6,0,0,0,0,0,0,0,0,0,0,0,0,3,0,0,0,0,0,0,0,0,0,11,0,0,0,0,0,0,0,0,0,0,81,0,0,0,0,0,61,0,0,0,2,0,0,0,0,0,0,0,0,0,165,0,0,0,0,0,0,17,0,0,0,0,0,0,0,0,0,0,66,0,0,0,0,0,0,0,2,0,0,0,0,0,0,3,0,0,0,364,0,0,0,0,0,0,0,0,0,0,16,0,0,0,0,0,0,0,0,0,0,0,0,0,0,0,0,0,0,0,0,0,0,0,0,14,0,0,0,0,2,0,9,0,0,0,0,0,0,0,0,0,2075,0,0,0,0,0,0,0,0,0,0,0,0,0,0,0,0,0,49,0,785,0,0,0,0,0,0,272,0,0,0,0,0,0,0,0,0,4,0,0,0,0,0,0,0,0,0,0,0,0,0,0,0,0,0,0,0,2,0,6,3,1,0,0,0,0,0,0,0,0,0,0,0,0,0,0,0,0,0,0,5,52,0,0,0,0,0,0,0,0,0,0,0,1289,0,0,0,0,0,7,0,0,0,0,0,0,0,0,2,0,0,0,0,0,0,0,0,0,0,0,0,0,631,0,127,0,0,0,0,0,0,0,0,0,0,0,4,0,0,0,0,0,0,0,0,4,0,0,0,0,0,0,0,0,0,0,0,0,0,0,0,1,0,0,0,0,0,0,0,3,0,0,0,0,0,0,0,0,213,33,0,0,0,0,0,0,0,0,0,2,0,0,0,0,0,0,0,0,0,0,0,0,0,0,0,0,0,0,0,0,0,0,0,0,0,0,0,0,0,0,0,0,0,0,342,0,0,0,0,0,0,0,0,0,0,26,0,0,0,0,0,0,0,0,0,0,0,0,0,0,0,0,0,0,0,0,0,0,0,0,0,0,0,0,0,403,0,0,0,0,0,0,0,0,0,0,0,0,0,0,0,0,3,0,92,0,0
"D344",7,0,0,1,0,25,0,5,0,14,0,0,0,0,0,2,0,0,0,0,0,0,0,0,0,0,0,0,0,6,2,0,0,0,0,2,0,14,0,2,2,0,0,0,0,4,19,0,0,0,0,7,0,0,0,0,0,0,0,0,0,0,0,0,0,0,0,4,42,0,0,16,0,0,0,0,0,6,112,0,0,0,0,2,0,0,3,0,0,14,0,0,0,0,13,0,0,0,0,0,0,0,0,0,0,0,0,0,0,1,6,0,0,0,0,51,0,0,0,3,0,0,0,0,0,7,0,0,0,0,0,0,0,0,0,0,0,0,0,0,0,14,1,0,0,0,0,0,222,0,34,0,0,0,25,0,5,6,0,4,0,6,0,0,0,0,0,5,3,0,0,0,0,8,2,0,0,0,16,0,0,0,0,0,0,11,0,0,0,0,0,0,0,1,4,0,0,0,0,5,0,0,0,4,0,0,0,2,0,0,0,11,0,0,0,0,27,0,0,0,0,0,0,0,0,0,8,0,0,0,28,0,0,0,0,58,0,28,3,0,0,0,0,0,0,0,0,0,0,0,49,0,0,28,0,0,0,3,0,0,0,0,279,0,0,0,0,13,0,0,0,0,0,0,0,0,0,0,0,0,0,0,0,0,0,0,0,0,0,0,7,0,0,0,0,8,0,0,0,0,0,0,3,14,3,0,0,0,4,0,0,0,0,0,9,0,0,0,0,2,0,0,0,0,0,0,0,0,0,0,0,0,23,0,3,2,0,0,0,0,3,0,0,2,0,0,0,0,0,0,0,0,0,0,0,2,0,0,0,1,0,0,0,0,465,0,0,136,0,0,0,0,0,0,0,0,0,0,0,0,0,3,0,13,0,0,0,0,3,0,0,0,0,1,0,0,0,6,0,12,0,0,10,35,0,0,0,0,13,0,0,0,0,0,3,0,0,0,0,0,0,0,0,0,0,22,0,0,2,0,0,0,0,0,0,0,0,0,0,0,0,3,0,2,0,21,0,10,0,8,0,0,0,0,0,0,3,0,0,0,0,0,0,0,0,0,50,0,0,0,0,0,0,2,0,0,0,186,0,0,11,0,0,16,0,24,0,0,0,0,1,0,185,0,0,0,7,0,0,5,0,0,0,0,0,0,0,0,0,0,13,0,0,3,0,2,38,0,0,0,0,0,0,0,0,0,0,0,0,0,0,5,2,0,0,0,0,0,1,2,0,0,0,0,0,0,0,0,0,13,0,0,0,6,0,0,0,0,0,0,0,5,0,0,0,0,0,16,0,38,0,3,0,0,0,0,67,0,0,0,0,0,0,0,0,0,0,0,0,0,0,0,5,0,0,0,0,0,0,0,0,0,0,0,0,0,0,0,17,6,0,0,2,0,0,0,0,0,0,0,0,0,0,0,0,0,0,0,0,3,8,0,0,0,0,0,0,0,0,0,12,0,27,0,0,99,0,36,10,0,0,0,0,0,2,0,0,19,0,0,0,4,0,0,0,0,0,0,0,3,0,0,0,0,0,0,0,0,3,0,0,0,0,0,0,0,0,0,2,0,0,0,0,0,7,0,0,0,0,0,0,0,16,3,4,0,0,0,0,0,9,0,0,0,0,8,0,0,0,0,0,0,0,14,0,0,0,0,95,0,0,5,0,0,0,0,0,0,25,0,0,0,0,0,4,0,0,0,0,0,0,0,0,0,0,4,0,0,0,0,0,0,0,0,0,0,0,2,0,0,0,0,0,2,0,0,0,0,2,0,0,0,0,0,8,0,0,0,0,0,0,0,0,0,5,0,0,3,0,0,4,0,2,0,0,0,0,0,0,0,0,0,0,0,11,0,0,0,0,0,0,0,0,0,0,0,0,0,0,0,0,0,0,1,0,0
"D345",0,0,0,13,0,0,0,0,0,12,5,3,0,3,31,0,0,7,0,8,0,4,3,3,53,4,0,0,0,0,0,0,0,0,20,0,11,0,4,15,0,0,0,7,76,0,0,1360,0,0,0,0,3,14,0,3,0,0,7,0,63,27,0,4,0,0,2,0,0,31,0,20,0,0,9,0,0,0,0,0,0,3,370,0,8,16,0,2253,0,7,0,0,0,0,0,2,15,2,0,2,0,0,10,6,173,4,0,0,0,0,0,9,2,0,8,465,0,4,0,0,15,118,6,10,0,0,12,24,0,2,0,0,4,0,0,46,0,0,2,9,5,0,0,0,25,9,0,0,0,0,0,0,3,14,0,0,0,0,0,5,27,0,0,4,0,0,1,16,0,0,0,1550,0,0,0,0,0,11,0,0,0,10,0,4,6,0,0,0,0,0,12,0,6,0,0,49,60,0,0,0,10,0,2,0,31,0,0,70,0,0,0,1,0,0,0,0,2,10,428,3,0,4,5,0,0,0,0,0,0,0,0,7,1,0,0,0,0,0,5,29,0,7,0,0,0,0,21,22,16,524,6,0,3,0,0,3,0,0,0,8,0,9,4,0,0,0,0,0,3,0,0,0,17,28,0,0,6,0,0,0,0,0,0,0,0,0,0,11,0,4,1,1,0,0,28,0,0,0,2,0,0,0,0,0,0,0,0,0,0,8,0,2,2,0,0,5,0,0,7,0,0,0,0,1,166,0,3,1,0,1,69,0,3,14,0,0,0,0,0,0,0,0,30,0,0,0,7,0,0,187,93,0,2,0,5,108,0,12,0,0,0,0,0,0,0,0,0,0,0,6,0,10,26,0,0,16,0,0,2,0,0,0,0,0,0,0,7,9,0,0,0,0,0,0,0,6,62,26,0,66,2,0,0,17,0,0,1,0,0,0,0,97,76,37,0,0,0,0,40,0,0,8,0,1,0,0,0,0,0,39,0,0,0,4,3,0,0,8,0,0,0,0,0,0,0,0,22,0,0,0,8,0,0,0,0,0,0,0,0,0,0,0,1,7,6,3,20,0,0,0,7,0,0,1132,0,0,3,5,0,0,0,36,0,143,0,1,0,2,3,0,13,0,0,0,0,0,0,0,0,0,0,4,0,35,0,33,9,0,7,0,0,5,0,0,13,0,0,0,2,0,0,0,0,0,13,0,0,0,0,39,4,0,4,0,74,0,13,21,0,218,1,0,83,208,21,0,0,1,14,0,0,0,0,24,0,0,28,2,0,7,10,3,0,0,42,72,1,0,0,0,0,0,0,0,12,3,0,173,1,0,0,0,0,6,5,5,0,8,0,4,0,43,0,0,0,11,3,0,0,16,0,0,18,0,0,9,57,0,0,0,0,0,0,0,0,0,1,0,5,0,5,0,2,0,0,3,35,0,237,0,0,160,0,0,34,76,0,0,3,1,0,0,0,9,0,0,0,26,0,2,0,0,138,0,0,12,0,0,84,0,0,0,0,0,0,1,1,0,0,0,0,0,0,0,0,3,24,4,0,13,0,0,2,84,36,22,0,79,2,47,401,0,16,0,124,0,21,31,0,0,0,3,0,0,0,18,0,0,5,0,0,15,0,3,0,0,0,8,2,2,6,0,0,0,239,0,2,0,0,0,38,17,0,0,2,1,18,0,0,1,0,0,0,1,0,2,4,0,2,0,0,0,0,5,0,0,15,0,4,0,0,0,12,67,0,0,0,2931,2,0,2,0,4,0,43,0,33,3,1,0,0,4,36,1,0,28,0,5,0,0,0,0,0,40,0,0,5,0,9,0,1,9,4,2,0,0,0,0,21,30,2,0,5,2,0,1,0,15,0,0,0,447,0,2,0,42,0,0,45,8,0,0,0,81,0,0
"D346",0,0,0,0,0,1121,0,0,0,0,0,0,4,0,0,0,0,18,0,128,0,0,0,0,0,0,0,0,0,87,0,0,0,0,0,0,0,38,0,196,0,0,0,0,0,0,14,15,0,0,0,0,0,0,0,0,0,0,0,0,0,0,0,0,0,0,209,5,0,0,0,0,0,0,0,0,0,0,0,0,0,0,0,0,0,0,48,0,0,0,0,0,0,0,0,0,0,0,0,0,0,0,0,0,0,0,0,0,25,0,0,0,0,0,0,0,0,0,0,0,0,0,0,0,0,0,0,0,0,0,0,0,0,0,0,0,0,0,0,0,0,92,0,0,0,0,0,0,1134,0,2568,0,0,0,4,0,0,27,0,0,0,0,0,0,0,0,0,0,5,0,0,0,0,0,0,0,0,0,93,0,0,0,0,0,0,226,0,0,0,0,0,0,0,454,21,0,0,0,0,0,0,14,0,0,0,0,0,0,0,0,0,0,0,0,0,0,3067,0,0,0,0,0,0,0,0,0,0,0,0,0,0,0,0,0,0,2040,0,0,0,0,0,0,0,0,0,0,0,0,0,0,0,0,0,4,0,0,0,29,0,0,0,0,620,0,0,0,0,0,0,0,0,0,0,0,0,0,0,0,0,0,0,0,0,0,0,0,0,0,0,0,0,0,0,0,0,0,0,0,0,0,0,0,0,0,11,0,0,0,0,0,0,0,0,0,15,0,0,0,0,0,0,0,0,0,0,0,0,0,0,0,0,0,144,0,0,0,0,2,0,0,0,0,0,1681,0,0,0,0,0,0,0,0,0,0,0,0,0,0,0,0,0,0,0,0,434,0,0,68,0,0,0,0,0,0,0,0,0,0,0,0,0,0,0,0,0,0,0,0,33,0,0,0,0,0,0,0,0,0,232,0,0,0,0,0,0,37,0,0,0,1,0,0,0,0,0,0,0,0,180,0,0,0,0,0,0,0,0,0,202,0,0,0,0,0,0,0,0,0,0,11,0,0,0,0,0,70,0,0,0,1,0,0,0,0,0,0,0,0,0,0,0,0,0,0,0,0,2058,0,0,0,0,0,0,0,0,0,0,0,0,0,0,0,0,0,0,0,0,0,0,0,0,0,2,0,0,0,0,0,0,0,0,0,0,0,8,0,0,128,0,0,0,0,0,0,0,26,0,0,0,0,0,0,0,0,0,0,0,0,0,0,0,3,94,0,0,0,0,0,0,0,0,0,0,0,0,0,0,0,0,9,0,0,0,0,0,0,0,0,0,0,0,0,0,0,0,0,0,105,0,9,0,0,0,0,0,0,0,0,0,0,0,0,0,0,0,0,0,0,0,0,0,0,0,0,0,0,0,0,0,0,0,0,0,0,0,0,0,0,3,3,20,0,0,0,0,0,0,0,0,0,0,0,0,0,0,0,0,0,0,0,3463,0,0,0,0,0,0,0,0,0,0,0,54,0,0,0,0,11,0,0,0,0,0,0,0,0,0,0,0,0,0,0,0,0,0,0,0,0,0,0,0,11,0,4,0,0,0,0,0,0,0,0,0,0,0,0,0,0,0,0,0,0,0,4,0,0,0,0,0,0,0,0,0,0,6,0,0,0,0,0,0,0,0,0,0,0,0,0,0,0,0,0,0,0,0,0,0,186,59,0,5,0,0,0,0,0,0,0,0,0,0,0,0,0,0,0,0,0,0,0,0,0,0,0,0,0,0,0,0,0,0,0,0,0,0,0,0,4,0,0,0,0,0,42,0,0,0,0,0,0,0,0,0,56,0,0,0,0,0,0,0,0,0,0,0,0,0,0,0,0,0,0,0,0,0,0,0,0,0,0,0,0,0,0,170,0,0,0,0,0,0,0,0,0,0,0,0,0,0,0,0,0,0,0,0,0
"D347",0,0,0,0,0,0,0,0,0,0,0,0,0,0,0,0,0,0,0,0,0,0,0,0,0,0,0,0,0,971,0,0,0,0,0,0,0,0,0,0,0,0,0,0,0,0,0,0,0,0,0,56,0,0,0,0,0,0,0,0,0,0,0,0,0,0,55,848,0,0,0,0,5,0,0,0,0,0,0,0,0,0,0,0,0,0,0,0,0,0,0,0,0,0,0,0,0,0,0,0,0,0,0,0,0,0,0,0,0,0,0,0,0,0,1,0,0,0,0,0,0,0,0,0,0,0,0,0,0,0,0,0,0,0,0,0,0,0,20,0,0,0,0,0,0,0,0,0,0,0,0,0,0,0,0,0,0,0,0,0,0,0,0,0,0,0,0,0,0,0,0,0,0,0,0,0,0,0,0,0,0,0,0,0,0,0,0,0,0,0,0,0,0,229,0,0,0,0,0,0,0,575,0,0,0,0,7,0,0,0,0,0,0,0,0,0,0,0,0,0,0,0,0,0,0,0,0,0,0,0,0,0,0,0,0,0,0,0,0,0,0,0,0,0,0,0,0,0,0,0,0,0,0,0,0,0,0,145,0,0,0,556,0,0,0,0,0,0,0,0,0,0,0,0,0,0,0,0,0,0,0,0,0,0,0,0,0,0,0,0,0,0,0,0,0,0,0,0,0,0,0,0,0,0,0,0,0,0,0,0,0,0,0,0,0,0,0,0,0,0,0,0,0,0,0,0,0,0,0,0,0,0,225,0,0,0,0,0,0,0,0,0,0,0,0,0,0,0,0,0,0,0,0,0,0,0,0,0,0,0,0,0,0,0,0,0,0,0,0,0,0,0,0,0,0,0,0,0,0,0,0,0,0,0,0,0,0,0,0,0,0,0,0,0,0,0,0,0,0,0,0,0,0,0,0,0,0,0,0,0,0,0,0,0,0,0,0,80,0,0,0,0,0,0,0,0,0,0,0,0,0,0,0,0,0,0,0,0,0,0,0,0,0,0,0,0,0,0,0,0,0,0,0,0,0,0,0,0,0,3903,0,0,0,0,0,0,0,0,0,0,0,0,3,0,0,0,0,0,0,0,0,0,0,39,0,0,0,0,0,0,0,0,0,0,0,0,0,0,0,0,0,0,0,0,0,0,0,0,0,0,0,0,0,0,1,0,0,0,0,0,0,0,0,0,0,0,0,0,0,0,0,0,0,0,0,0,0,0,0,0,0,0,0,0,0,0,0,0,0,0,0,0,0,0,0,0,0,0,0,0,0,0,0,0,0,0,0,0,0,0,0,0,0,0,0,0,0,2,0,0,0,0,0,0,9,0,0,0,0,0,0,0,0,0,0,0,12,0,0,0,9,0,0,0,0,0,0,0,0,0,0,0,0,0,19,0,0,0,0,0,0,0,0,0,0,0,0,0,0,0,0,0,0,0,0,0,0,0,0,0,0,0,0,0,0,0,0,11,0,0,0,0,0,0,0,0,0,0,0,0,0,0,0,0,0,38,0,0,0,0,0,0,0,0,0,0,0,0,0,0,0,0,0,0,0,0,0,0,0,0,0,0,6,0,0,0,0,0,0,0,0,0,0,0,0,0,0,0,0,0,0,0,0,0,0,0,0,0,0,0,0,0,0,635,0,0,0,0,0,0,0,0,0,0,0,0,0,0,0,0,0,0,0,0,0,0,0,3,0,0,0,0,0,0,0,0,0,19,0,0,0,0,0,0,0,0,0,0,0,0,0,0,0,0,0,0,0,0,0,0,0,0,0,0,0,0,0,0,0,0,0,0,0,0,0,0,0,0,0,0,0,0,0,0,0,0,0,0,0,0,0,0,0,0,0,5,0,2,0,0,0,0,0,0,0,0,0,0,0,0,0,0,0,0,0,0
"D348",0,0,0,0,0,0,0,0,0,1015,0,0,206,0,0,0,0,0,0,0,0,0,0,0,0,0,0,0,0,0,0,0,0,0,0,0,0,0,0,30,0,0,0,0,0,0,0,32,0,0,0,225,0,0,0,0,0,0,0,0,0,0,0,0,0,0,155,0,0,0,0,0,0,0,0,0,0,0,0,0,0,0,0,0,0,0,204,0,0,0,0,0,2204,0,0,0,0,0,0,0,0,0,0,0,0,0,0,0,0,0,0,0,0,0,0,103,0,0,0,0,0,0,0,0,0,0,0,0,0,0,0,0,0,0,0,0,0,0,0,0,0,0,0,0,0,0,0,0,0,0,0,0,0,0,0,0,0,0,0,0,0,0,0,0,0,0,0,0,0,0,0,0,0,0,0,0,0,0,0,0,0,0,0,0,0,0,0,0,0,0,0,0,0,0,0,0,0,0,0,0,0,0,0,0,0,0,0,0,0,0,0,0,0,0,0,0,38,0,0,0,0,0,0,0,0,0,0,0,0,0,29,0,0,0,0,0,0,0,0,0,0,0,0,0,0,0,0,0,0,0,0,0,0,0,0,0,0,0,0,0,0,0,113,0,0,0,0,0,0,0,0,0,0,0,0,0,0,0,0,0,0,0,0,0,0,0,0,0,0,0,0,0,0,0,0,0,0,0,0,0,0,0,0,0,0,0,0,0,0,0,0,0,0,0,0,0,0,0,0,0,0,0,0,0,0,0,0,0,0,0,0,0,6594,0,0,0,0,0,0,0,824,0,0,0,0,0,0,0,0,0,0,0,0,0,0,0,0,0,0,0,0,0,0,0,91,0,0,0,0,0,0,0,0,0,0,0,0,0,0,0,0,0,0,0,0,0,0,0,75,0,0,0,0,0,0,0,0,2,204,0,0,0,0,0,0,0,0,0,0,0,0,0,0,0,0,0,0,0,0,0,0,0,0,0,0,0,0,0,106,0,0,0,0,0,0,0,0,0,0,0,0,0,0,0,0,0,0,0,0,0,0,0,0,0,0,0,0,0,0,0,0,0,0,0,0,0,209,0,0,0,0,0,0,0,0,0,0,0,0,0,0,0,0,0,0,0,0,0,0,0,0,0,0,0,0,0,0,0,0,0,0,0,0,0,0,0,0,42,0,0,0,0,0,0,0,0,0,0,0,0,0,0,0,0,0,0,0,0,0,0,0,0,0,0,0,0,0,0,0,0,0,0,0,0,0,0,0,0,0,0,0,0,0,0,0,0,0,0,0,0,0,0,0,0,0,0,0,0,0,0,0,0,0,0,0,0,0,0,0,0,0,0,0,0,0,0,0,0,0,0,0,0,0,0,0,0,0,0,0,0,0,0,0,0,0,0,0,0,0,437,0,0,0,0,0,0,0,0,0,0,0,0,0,0,0,0,0,0,0,0,426,0,0,0,0,0,0,0,0,0,0,0,0,0,0,0,0,0,0,0,0,0,0,0,0,0,0,33,0,0,0,0,0,0,0,0,0,0,0,18,0,0,0,0,0,0,0,0,0,0,0,0,0,0,0,0,0,0,0,0,0,0,0,0,0,0,0,0,0,0,0,0,0,0,0,0,0,0,0,0,0,0,0,0,0,0,0,0,0,0,0,0,0,0,0,0,0,0,0,0,0,0,0,0,0,0,0,0,0,0,0,0,0,0,0,0,0,0,0,0,0,0,0,0,0,0,0,0,0,0,0,0,0,0,0,0,0,0,0,0,0,0,0,0,0,0,0,0,0,0,0,0,0,229,7,0,0,0,0,0,0,0,0,0,0,0,0,70,0,0,0,0,0,0,0,0,0,0,0,0,0,0,0,0,0,0,0,0,0,0,0,0,0,0,0,0,0,0,0,0,0,0,0,122,0,0
"D349",0,0,0,0,0,0,0,0,0,0,0,0,0,0,0,0,0,0,0,0,0,0,0,0,0,0,0,0,0,0,0,0,0,0,0,0,0,0,45,0,0,0,0,0,0,0,0,216,0,0,0,0,0,0,0,0,0,0,0,0,0,0,0,0,0,0,0,0,0,0,0,0,0,0,0,0,0,0,0,0,0,0,0,0,0,0,0,0,0,0,0,0,1409,0,0,0,0,0,0,0,0,0,0,0,0,0,0,0,0,0,0,0,0,0,0,0,0,0,0,0,0,0,0,0,0,0,0,0,0,0,0,0,0,0,0,0,0,0,0,0,0,0,0,0,0,0,0,0,114,0,0,0,0,0,0,0,0,0,0,0,0,0,0,0,0,0,0,0,0,0,0,0,0,0,0,0,0,0,0,0,0,0,0,0,0,87,0,0,0,0,0,0,0,0,0,0,0,0,0,0,0,0,0,0,0,0,0,0,0,0,0,0,0,0,0,0,0,0,0,0,0,0,0,0,0,0,0,0,0,0,0,0,0,0,0,0,0,0,0,0,0,0,0,0,0,0,0,0,0,0,0,0,0,0,0,0,0,0,0,0,0,0,449,0,0,0,0,0,0,0,0,0,0,0,0,0,0,0,0,0,0,0,0,0,0,0,0,0,0,0,0,0,0,0,0,0,0,0,0,0,0,0,0,0,0,0,0,0,0,0,0,0,0,0,0,0,0,0,0,0,0,0,0,0,0,0,0,0,0,0,0,0,12,0,0,0,0,0,0,0,716,0,0,0,0,0,0,0,0,0,0,0,0,0,0,0,0,0,0,0,0,0,0,0,34,0,0,0,0,0,0,0,0,0,0,0,0,0,0,0,0,0,0,0,0,0,0,0,0,0,0,0,0,0,0,0,0,0,0,47,0,0,0,0,0,0,0,0,0,0,0,0,0,0,0,0,0,0,11,0,0,0,0,0,0,0,0,0,0,0,0,0,0,0,0,0,0,0,0,0,0,0,0,0,0,0,0,0,0,0,0,0,0,0,0,0,0,0,0,0,0,0,0,0,0,0,0,0,0,0,0,0,0,0,30,0,0,0,0,0,0,0,0,0,0,10,0,0,0,0,0,0,0,0,0,0,0,0,0,0,0,0,0,0,9,0,0,0,0,0,0,0,0,0,0,0,0,0,0,0,0,0,0,0,0,0,0,0,0,0,0,39,0,0,0,0,0,0,0,0,0,0,0,0,0,0,0,0,0,0,0,0,0,0,0,0,0,0,0,0,0,0,0,0,0,0,0,0,0,0,0,0,0,0,0,0,0,0,0,0,0,0,0,0,50,0,0,0,0,0,0,0,0,0,0,0,0,0,0,0,0,0,0,0,0,0,0,0,0,972,0,0,0,0,0,0,0,0,0,0,0,0,0,0,0,0,0,0,0,0,109,0,0,0,0,0,0,0,0,0,0,0,0,0,0,0,0,0,0,0,0,0,0,0,0,0,0,0,0,0,0,0,0,0,0,0,0,0,0,0,0,0,0,0,0,0,0,0,0,0,0,0,0,0,0,0,0,0,0,0,0,0,0,0,0,0,0,0,0,0,0,0,0,0,0,0,0,0,0,0,0,0,0,0,0,0,0,0,0,0,0,0,0,0,0,0,0,0,37,0,0,0,0,0,0,0,0,0,0,0,0,0,0,0,0,0,0,0,0,0,0,0,0,0,0,0,0,0,0,0,0,0,0,0,0,0,0,12,0,0,0,0,0,0,0,0,0,0,0,0,0,0,0,78,0,0,0,0,0,0,0,0,0,0,0,0,0,0,0,0,0,0,0,0,0,0,0,0,0,0,0,0,0,0,0,0,0,0,0,0,0,0,0,0,0,0,0,0,0,0,0,0,0,77,0,0
"D350",0,0,0,0,0,0,0,0,0,0,0,0,0,0,0,0,0,0,0,0,10,0,0,0,34,0,0,0,2,0,0,3,0,0,11,0,0,0,203,0,0,0,0,0,11,0,0,889,0,0,23,0,0,0,0,0,0,0,83,0,0,1,0,8,0,0,0,113,0,0,0,104,0,0,17,0,0,0,0,0,0,0,0,0,0,0,0,445,0,0,0,0,0,0,0,0,0,33,182,0,2,0,9,0,0,0,0,2469,0,0,0,0,0,0,65,1633,262,213,0,0,0,33,10,0,0,20,100,0,0,0,0,70,0,11,0,0,0,0,617,0,0,54,0,0,0,0,0,0,0,0,0,0,0,0,0,0,0,0,0,23,45,0,0,7,0,0,0,0,0,0,0,1929,0,0,0,0,0,1,0,13,3,2,0,0,0,0,14,0,0,62,0,0,0,32,0,0,5,0,0,0,0,0,0,0,0,0,1,22,0,0,0,0,0,174,0,0,0,2,2,0,0,0,0,0,0,0,11,0,0,0,0,0,0,0,0,0,0,0,13,5,0,0,2,0,0,0,0,104,0,2549,1,0,0,31,14,0,0,0,0,91,0,66,0,16,694,0,0,0,0,0,0,0,0,0,0,0,53,0,0,0,0,0,15,0,0,0,0,0,0,0,0,0,0,0,0,0,0,0,0,0,0,0,0,0,0,0,0,0,75,0,4787,0,0,32,0,2,0,0,63,0,0,151,0,0,185,0,0,0,0,9,4,0,0,0,0,0,0,0,0,0,0,262,4,0,0,15,0,0,94,4,58,0,0,0,0,147,0,4,0,0,0,0,0,0,0,0,0,0,0,0,0,2,120,71,0,0,0,0,0,0,0,0,0,0,0,0,0,0,0,0,0,0,0,0,0,0,322,85,0,80,0,0,0,0,0,0,0,0,0,0,0,58,0,0,0,0,0,0,406,0,0,0,0,7,0,3,0,0,0,0,0,0,0,0,0,0,0,0,0,0,0,0,0,0,0,0,0,0,0,0,2,0,0,0,0,0,0,0,0,0,0,0,0,0,0,0,0,0,0,0,0,0,297,257,0,0,43,0,0,0,0,0,0,0,0,3,0,11,0,0,0,0,0,146,157,0,0,0,0,0,0,83,0,554,0,0,0,0,0,0,0,0,0,0,25,0,0,0,0,0,0,0,0,0,1,0,0,6,44,4,0,0,0,0,4,0,0,212,397,116,0,0,0,2,0,0,0,0,0,0,0,0,0,4,0,283,39,0,0,3,147,0,0,0,0,0,0,0,0,0,0,0,0,0,0,0,0,491,0,0,1,0,0,19,3,69,0,0,0,0,0,1,0,0,0,7,500,0,0,0,129,0,58,0,0,0,66,0,0,0,0,0,0,0,57,0,4,0,0,1149,0,0,15,0,0,0,0,1299,127,0,13,0,0,0,106,1,0,0,0,0,0,0,0,0,473,0,0,0,0,0,0,0,57,0,0,25,2,0,551,366,0,0,0,0,0,373,0,1057,3,0,0,0,0,53,0,0,91,0,0,29,3,0,0,76,0,0,0,0,0,37,238,0,65,0,41,0,20,0,0,0,0,0,0,0,0,0,0,0,1253,0,0,0,0,749,0,0,1,0,26,0,0,0,0,0,0,0,0,0,0,0,0,0,0,0,0,230,0,0,0,0,0,0,0,0,0,0,109,333,0,0,0,0,0,0,0,0,1,91,2,0,0,0,0,2361,0,0,0,0,0,0,0,0,0,0,2,0,6,0,90,0,3,0,3,30,2,0,0,0,0,0,0,0,0,3,0,0,0,0,84,3,0,30,0,0,0,0,0,0,0,0,0,0,3,0,0,616,0,45,0,0,0,76,0,0,0,161,0,3,114,8,0,0,0,0,0,0
"D351",8,0,0,0,0,0,0,0,0,0,0,0,0,0,0,0,0,0,0,0,0,0,0,0,0,0,2,0,0,0,0,0,0,0,0,0,0,0,0,0,0,0,10,0,0,6,10,0,0,0,0,0,0,0,0,0,0,0,0,0,0,0,0,0,0,0,0,0,5,0,0,2,0,0,0,0,0,0,3,0,0,0,0,48,0,0,0,0,0,3,0,0,0,0,0,0,0,0,0,0,0,0,0,0,0,0,0,0,0,0,0,0,0,0,0,0,0,0,0,0,0,0,0,0,0,0,0,0,0,0,0,0,0,0,0,0,0,0,0,0,0,0,0,0,2,0,0,0,4,0,0,0,0,0,11,0,0,0,0,2,0,6,0,0,0,0,0,0,0,0,0,0,0,0,0,0,0,0,0,0,0,0,0,0,0,0,0,0,0,0,0,0,0,0,2,0,0,4,0,5,0,0,0,0,0,0,0,3,0,0,0,0,0,0,7,0,0,0,0,0,6,0,0,0,0,0,0,0,0,0,6,0,0,0,0,2,0,2,0,0,0,0,0,0,0,0,0,0,0,0,41,0,0,5,0,0,0,0,0,0,0,0,0,0,0,0,1,6,0,0,0,0,0,0,0,0,0,0,0,0,0,0,0,0,0,0,0,0,0,0,2,0,0,0,0,0,0,0,0,0,0,0,6,0,0,0,0,0,0,0,0,0,0,0,0,0,0,0,0,0,0,0,0,0,0,0,0,0,0,0,0,4,0,0,0,0,0,0,0,0,0,0,0,0,0,0,0,0,0,0,0,0,0,0,0,0,0,0,4,1,0,0,0,0,2,0,0,8,0,0,0,2,0,0,0,0,0,0,0,0,0,0,0,0,0,0,0,0,0,0,0,0,0,0,0,0,0,0,0,5,0,0,4,11,0,0,0,0,5,0,0,0,0,0,0,0,0,0,25903,0,0,0,0,0,0,4,0,0,1,0,0,0,0,0,0,0,0,0,0,0,0,0,2,0,0,0,0,0,0,14,0,0,0,0,0,0,0,0,12,0,0,0,0,0,0,0,85559,0,0,0,0,0,0,0,0,0,0,25,0,0,2,0,0,24,0,0,0,0,0,0,0,0,0,0,0,0,0,0,0,16,0,0,0,0,0,0,0,0,0,0,8,0,0,0,0,3,6,2,0,0,0,0,0,0,0,0,0,0,0,0,0,0,0,0,0,0,0,0,0,0,0,0,0,0,3,0,0,0,0,0,0,0,0,2,0,0,0,0,0,0,0,0,0,0,0,0,0,0,0,0,0,0,0,0,0,0,0,0,0,0,0,0,0,0,0,0,0,0,0,0,0,2,4,0,0,0,0,0,0,0,0,0,0,0,0,0,0,0,0,22,0,0,3,0,0,0,0,0,0,0,0,0,0,0,0,0,0,0,0,5,0,0,0,0,0,0,0,0,0,0,3,0,0,0,0,0,0,13,4,0,0,0,0,0,0,0,0,0,1,0,0,3,0,0,0,0,0,0,0,0,0,0,0,0,0,0,0,0,0,0,0,0,0,0,0,0,0,0,13,0,0,0,0,0,0,0,0,0,0,0,0,0,0,0,0,0,0,0,0,0,0,0,0,0,0,0,0,0,0,0,0,0,0,0,0,0,0,0,0,0,4,0,0,0,0,0,0,0,15,0,0,0,0,0,9,0,0,0,0,0,0,0,0,0,33,9,0,0,0,2,0,0,0,0,0,0,0,0,0,0,0,0,0,0,0,0,0,0,0,0,0,0,0,3,0,0,0,0,0,0,0,0,0,0,2,0,0,11,0,0,0,0,2,0,0,0,0,0,0,0,0,0,0,0,0,0,0,0,0,0,7,0,0,0,0,2,0,0,3,0,0,0,0,0,3,0
"D352",8,20,55,10,0,0,4,23,0,0,0,0,0,9,4,66,118,0,5,0,0,15,11,279,0,2,2,102,0,0,44,0,36,27,18,114,0,0,0,0,23,0,223,0,280,0,1,0,13,11,0,0,11,5,0,49,0,313,0,38,0,3,39,14,2,17,0,0,20,0,17,1,0,0,0,4,0,0,0,190,168,2,0,0,2,8,0,0,49,3,0,15,0,2,0,9,0,0,0,6,48,0,0,0,20,1,0,0,21,0,8,0,11,12,0,0,0,0,5,60,0,0,4,6,0,0,0,2,0,37,0,0,0,0,12,2,5,0,0,0,9,0,0,0,3,126,0,5,0,2,0,3,45,0,0,110,22,0,9,56,0,0,21,21,65,7,65,114,1,0,23,0,13,0,27,608,0,0,0,10,0,4,0,51,0,0,0,8,28,0,0,8,0,0,0,0,9,18,11,0,41,1,3,30,0,32,0,4,12,15,0,0,10,0,6,188,0,0,0,3,0,44,2,79,395,1,3,0,53,2,0,8,8,46,39,0,77,0,4,100,96,51,3,8,75,9,0,0,0,0,0,9,5,4,0,9,11,6,6,0,5,29,0,0,0,19,0,0,18,0,0,6,0,0,5,1,5,2,7,4,32,3,0,9,1,8,42,12,3,94,365,6,4,7,2,2,0,0,3,10,19,0,2,0,0,17,6,23,2,0,0,4,31,7,3,0,11872,10,0,162,16,0,9,0,0,4,0,0,0,0,0,15,0,0,0,20,1654,3,5,0,0,4,0,0,0,10,0,84,0,0,0,0,23,6,0,2,0,0,3,0,35,0,0,18,0,0,133,0,0,0,246,0,0,0,30,4,3,1,14,0,6,42,2,0,0,4,17,34,1,83,14,98,7,0,46,30,0,236,0,0,0,7,5,0,0,4,0,14,0,0,36,320,0,0,23,29,131,0,7,5,25,2,2,21,70,8,130,14,0,0,0,0,2,102,2,7,0,17,22,0,7,30,33,3,10,0,0,0,15,0,2,95,3,6,101,10,1,16,2,0,6,0,253,29,21,2,29,10,24,101,16,204,0,11,11,18,0,1,195,12,0,31,0,1,0,0,20,0,31,71,91,0,0,0,0,3,0,18,210,5,18,0,0,0,0,1,106,0,29,7,0,27,31,1,0,0,8,16,12,0,2,0,4,23,0,868,3,2,21,1,68,0,0,137,0,1,2,2,0,0,907,78,10,0,110,0,11,19,0,0,0,1,130,6,0,0,0,0,0,0,0,98,0,11,0,3,6,0,1,0,1,0,1,251,21,0,0,0,0,16,0,18,7,9,0,9,8,0,14,1,111,0,0,11,0,0,0,12,3,0,0,9,0,9,0,8,4,27,0,0,0,0,0,2,0,8,9,9,279,0,3,2,0,4,82,13,3,0,0,0,57,0,1940,3,0,3,7,82,2,81,0,14,0,8,0,0,8,1,0,3,6,7,0,47,44,0,0,0,18,0,125,0,28,34,152,0,10,0,0,0,0,0,119,0,6,15,0,10,23,117,0,0,0,0,0,0,0,3,0,0,0,16,0,0,5,0,0,1775,1306,90,4,12,0,0,2,8,31,18,0,29,0,7,52,0,2,0,1,2,0,28,11,33,37,0,0,33,116,0,44,0,95,23,9,49,53,0,2,62,0,8,1,0,12,0,6,17,3,0,4,0,8,5,12,6,0,0,26,0,13,0,41,31,0,0,0,0,0,0,4,252,2,0,447,0,0,0,10,12,35,0,0,15,113,2,0,0,8,0,9,0,6,12,45,0,30,39,0,87,0,4,0,0,0,0,6,0,20,16,0,0,0,0,0,18,0,0,17,26,1,11,0,0,16,0,15,276,20,4,0,5,32,0,2,7,2,33
"D353",0,0,15,10,13,0,4,0,0,0,0,66,0,0,0,0,0,0,27,4,5,106,0,0,11,15,3,0,0,0,0,0,290,0,3,0,0,0,0,0,0,0,0,10,319,0,1,0,109,0,0,0,4,7,6,0,0,0,1,4,0,6,0,32,126,25,0,0,542,0,0,5,0,45,0,0,0,0,0,53,0,0,0,0,5,108,0,0,4,1,0,0,0,2,109,5,0,0,0,5,0,0,2,266,36,0,0,0,0,0,0,110,3,11,0,0,0,0,0,0,0,0,12,0,0,13,0,28,0,0,0,0,3,0,4,5,0,0,0,32,123,0,0,4,4,749,0,0,0,0,0,1,2,0,0,0,0,0,0,0,0,0,0,2,0,0,0,40,32,1,0,0,0,0,0,16,0,0,0,0,16,0,0,0,0,0,0,0,13,0,0,0,9,0,0,0,0,2,0,0,0,0,17,0,0,0,0,5,4,0,23,0,1,0,0,0,0,0,0,11,34,89,0,0,0,9,0,0,0,0,0,0,2,0,0,0,0,0,32,0,0,2,5,0,0,0,0,0,0,0,14,2,0,0,0,0,0,284,0,31,0,0,2,0,0,0,41,0,0,8,0,13,0,13,0,0,0,0,8,2,0,0,0,0,0,0,0,0,3,2,0,0,0,11,0,34,0,2,3,20,0,0,0,0,0,0,0,25,65,0,0,6,0,0,0,0,0,0,0,0,0,0,0,0,0,0,33,3,0,0,0,0,0,1,0,0,0,37,6,0,0,0,0,0,29,25,22,0,0,0,2,0,56,0,104,3,0,0,0,0,0,0,0,0,0,0,4,0,553,0,111,0,7,0,0,30,481,574,6,0,11,492,0,0,37,0,13,0,0,50,0,0,0,0,13,0,0,2326,0,0,0,0,0,10,0,0,0,8,0,0,605,0,0,0,14,37,0,0,28,0,28,0,0,0,19,76,0,0,0,0,335,2,0,3,1,0,0,365,0,0,0,0,240,15,8,0,0,0,205,0,0,158,0,0,0,0,0,0,0,0,11,24,105,0,68,3,0,0,0,0,14,54,0,0,0,15,0,0,0,0,0,781,4,0,0,0,0,0,3,0,27,0,0,0,0,0,0,2,0,0,0,0,0,0,0,0,0,0,51,0,103,1,0,0,0,0,0,0,0,0,13,21,0,0,4,423,0,0,0,16,0,0,0,0,0,0,0,4,0,0,0,0,84,0,0,6,0,0,1658,0,355,0,0,0,7,0,0,0,3,0,0,0,0,0,0,28,0,0,2,0,0,145,0,0,17,23,0,0,61,0,0,5,0,0,0,55,0,0,36,27,0,0,0,0,0,0,0,0,0,3,0,0,2461,0,0,2,10,0,0,0,0,0,16,17,2,0,0,0,0,0,0,0,0,0,0,0,27,0,0,0,0,0,0,0,0,0,4,0,201,135,0,0,0,11,0,0,0,0,0,0,15,5,0,0,0,569,0,120,88,0,0,0,0,0,0,0,0,0,0,0,0,0,97,0,121,149,2,1,0,3,0,0,0,0,0,0,14,13,0,30,0,12,0,0,0,0,0,229,0,0,0,1,0,5,0,0,1230,0,0,0,0,2,0,0,0,0,0,6,0,41,0,77,264,0,0,23,0,0,0,19,102,0,0,53,0,0,37,0,0,0,0,0,0,68,14,9,0,0,39,3,0,6,63,0,0,4,149,0,0,0,0,0,3,0,14,25,0,0,0,0,13,0,0,0,4,0,0,3,2,33,0,0,341,0,0,8,0,0,0,26,2,3,2,36,0,231,803,74,26,4,49,0,0,0,0,0,0,16,2,0,0,0,42,0,0,0,0,0,0,0,46,0,4,26,0,304,0,0,0,0,4,5,0,0,0,6
"D354",0,3,0,37,0,0,0,50,420,0,0,28,0,2,58,0,78,0,9,0,0,0,35,0,0,47,4,0,0,0,0,0,0,8,0,0,0,0,0,0,0,0,0,0,33,0,0,0,0,0,0,0,0,9,0,81,0,15,0,0,0,0,7,247,21,0,0,0,103,0,18,0,0,10,6,0,0,0,0,0,0,10,0,0,2,55,0,0,0,4,7,0,221,3,0,0,13,0,0,0,0,0,0,0,435,0,0,0,0,0,0,0,0,83,0,0,0,0,2,0,0,0,3,4,0,14,0,0,0,10,2,0,1,0,24,27,2,0,0,0,184,0,0,0,0,0,0,16,0,14,0,2,63,0,42,70,38,0,0,15,0,0,4,0,0,0,26,0,3,0,59,5,33,0,9,0,3,0,0,4,53,0,0,167,0,0,0,0,0,0,0,1,0,0,0,0,3,13,345,138,124,0,61,0,34,35,0,779,10,0,7,0,68,0,54,0,0,0,0,0,1,0,14,2,0,5,0,0,5,20,0,8,0,0,0,0,0,0,127,0,2,0,4,10,91,0,0,0,0,0,0,13,39,0,0,0,8,0,8,40,288,0,0,0,0,32,0,0,19,4,0,0,7,0,0,24,63,3,21,0,0,3,0,0,6,0,1,40,0,82,2,70,19,241,3,0,27,0,0,79,0,9,0,0,0,0,15,448,0,0,0,1355,11,2,0,0,0,311,0,1147,0,0,0,0,0,2,4,0,0,0,0,104,0,7,0,0,0,28,0,0,0,7,0,2,2,0,7,47,0,0,0,2,0,0,0,17,35,0,1,0,0,0,10,0,0,0,14,4268,0,3,111,0,0,0,0,0,0,2,35,2,0,0,96,0,16,90,0,0,547,0,0,204,8,0,0,226,0,2318,0,0,0,111,3,0,0,0,15,13,0,0,420,0,0,0,5,12,0,1,147,0,9,0,0,19,263,1,0,104,0,0,385,3,0,975,177,0,0,0,0,0,0,28,114,8,170,0,0,0,0,0,0,0,0,8,0,0,0,158,0,0,0,0,281,0,20,0,24,145,8,4,0,283,0,0,19,0,0,0,53,0,6,67,0,0,79,0,23,0,5,0,141,0,0,0,0,0,0,4,0,0,2,0,3,0,0,3,38,0,17,0,0,86,0,0,0,539,0,14,0,22,2,31,6,0,0,178,16,0,13,0,0,0,0,0,4,1,7,0,0,0,125,4,11,0,1529,4,0,0,0,0,8,195,49,0,7,0,0,0,4,0,0,49,136,94,0,0,0,0,8,0,0,0,15,0,0,0,0,0,0,23,0,0,6,0,3,2,0,2,3,3,64,1,5,0,0,0,0,1,25,0,0,101,124,174,0,0,13,0,0,0,0,63,0,741,0,0,179,0,0,0,0,131,2,0,0,0,11,0,0,0,0,0,0,33,0,95,7,3,4,4,0,126,0,0,0,0,0,318,3,6,215,28,0,0,0,369,3,5,47,0,0,0,0,0,52,0,162,0,0,0,0,0,6,0,0,13,0,30,0,26,0,0,33,0,0,0,2,15,0,6,0,53,0,0,0,0,0,0,0,12,0,0,0,0,36,48,0,11,0,0,0,64,2185,0,0,0,0,0,0,0,17,1,58,0,0,0,0,0,0,8,537,78,5,6,0,0,0,0,0,5,3,0,530,0,4,0,0,0,4,0,25,34,66,40,36,0,54,0,8,2,1,12,0,0,6,0,0,0,0,0,12,20,190,0,0,0,465,116,0,0,0,8,542,0,2,16,0,0,92,462,0,38,0,4,0,0,78,7,0,5,179,0,83,0,0,7,0,73,0,0,0,121,0,178,0,0,27,0,0,33,3,0,156,113,0,6472,0,0,0,20,0,0,1,0,56,432
"D355",0,0,0,0,0,0,0,0,0,0,0,0,0,0,0,0,0,0,0,0,0,0,0,0,0,0,0,0,0,0,0,0,0,0,0,0,0,391,0,0,0,0,0,0,0,0,0,0,0,0,0,0,0,0,0,0,0,0,0,0,0,0,0,0,0,0,0,0,0,0,0,0,0,0,0,0,0,0,0,0,0,0,0,0,0,0,0,0,0,0,0,0,0,0,0,0,0,0,0,0,0,0,0,0,0,0,0,0,0,0,0,0,0,0,0,0,0,0,0,0,0,0,0,0,0,0,0,0,0,0,0,0,0,0,0,0,0,0,0,0,0,2093,0,0,0,0,0,0,0,0,0,0,0,0,0,0,0,180,0,0,0,0,0,0,0,0,0,0,0,0,0,0,0,0,0,0,0,0,39,0,0,0,0,0,0,0,0,0,0,0,0,0,0,0,23,0,0,0,0,0,0,0,0,0,0,0,0,0,0,0,0,0,0,0,0,0,0,0,0,0,0,0,0,0,0,0,0,0,0,0,0,0,0,0,0,0,0,0,0,0,0,0,0,0,0,0,0,0,0,0,0,0,0,0,0,0,0,0,0,0,0,0,0,0,0,0,0,0,0,0,0,0,0,0,0,0,0,0,0,0,0,0,0,0,0,0,0,0,0,0,0,0,0,0,0,0,0,0,0,0,0,0,0,0,20,0,0,0,0,0,0,0,0,0,0,0,0,0,0,0,0,0,0,0,0,0,0,0,0,0,0,0,0,0,0,0,0,0,0,0,0,0,0,0,0,0,0,0,0,0,0,0,0,0,0,0,0,0,0,0,0,0,0,0,6353,1,0,0,0,0,0,0,0,0,0,0,0,0,0,0,0,0,0,0,0,0,0,0,0,0,0,0,0,0,0,0,0,0,0,0,0,0,0,0,0,0,0,0,0,0,0,0,0,0,0,0,0,0,0,0,0,0,0,0,0,0,0,0,0,0,0,0,0,0,0,0,0,0,0,0,0,0,0,0,0,0,0,0,0,0,0,0,0,0,0,0,0,0,0,0,0,0,0,0,0,0,0,0,0,0,0,0,0,0,0,0,0,0,0,0,0,0,0,0,0,0,0,0,0,0,0,0,0,0,0,0,73,0,0,0,0,0,0,0,0,0,0,0,0,0,0,0,0,0,0,0,0,0,0,0,0,0,0,0,0,0,0,0,0,0,0,0,0,0,0,0,0,0,0,0,0,0,0,0,0,0,0,0,0,2519,0,0,0,0,0,0,0,0,0,0,0,0,0,0,0,0,0,0,0,682,0,0,0,0,0,0,428,0,0,0,0,0,0,0,0,0,0,0,0,0,0,0,0,0,0,0,0,0,0,0,0,0,0,0,0,0,0,0,0,0,0,0,0,0,0,0,0,0,0,0,0,0,0,0,0,0,0,0,0,0,0,0,0,0,0,0,0,0,0,0,0,0,220,0,0,0,0,0,0,0,0,0,0,0,0,0,0,0,0,0,0,0,0,0,0,0,0,0,0,0,0,44,0,0,0,0,0,0,0,0,0,0,0,0,0,0,0,0,0,0,0,0,0,543,0,0,0,0,0,0,0,0,0,0,0,0,0,0,0,0,0,0,0,0,0,0,0,0,0,0,0,0,0,0,0,0,0,0,0,0,0,0,0,0,0,0,0,0,0,0,0,0,0,0,0,0,0,0,0,0,0,0,0,0,0,0,0,0,0,0,0,0,0,0,0,0,0,0,0,0,0,0,0,84,0,0,0,0,0,0,0,0,0,0,0,0,0,0,0,0,0,0,0,0,0,0,0,0,0,0,0,0,0,0,0,0,0,0,0,0,0,0,0,0,52,0,0,0,0,0,0,0,0,0,0,0,0,0,0,0,0,0,0,0,0,0
"D356",0,0,0,0,0,0,0,0,0,0,0,0,0,0,0,0,0,0,0,0,0,0,0,0,0,0,0,0,0,0,0,0,0,0,0,0,0,0,0,0,0,0,0,0,0,0,0,135,0,0,0,0,0,0,0,0,0,0,0,0,0,0,0,0,0,0,0,0,0,0,0,0,0,0,0,0,0,0,0,0,0,0,0,0,0,0,0,0,0,0,0,0,0,0,750,0,0,0,0,0,0,0,0,0,0,0,0,0,0,1899,0,0,0,0,0,0,0,0,0,0,0,0,0,0,0,0,0,0,0,0,0,0,0,0,0,0,0,0,0,0,0,0,0,0,0,0,0,0,0,0,0,0,0,0,0,0,0,0,0,0,0,0,0,0,0,0,0,0,0,0,0,0,0,0,0,0,0,0,0,0,0,0,0,0,0,0,0,0,0,0,0,0,0,0,0,0,0,0,0,1373,0,0,0,0,0,0,0,0,0,0,0,0,0,0,0,0,0,0,0,0,0,0,0,0,0,0,0,0,0,0,593,0,0,0,0,0,0,0,0,0,0,0,0,0,0,0,0,0,0,0,288,0,0,0,0,0,0,0,0,0,0,0,0,0,0,0,0,0,0,0,0,0,0,0,0,0,0,0,0,0,0,0,0,0,0,0,0,0,0,0,0,0,0,0,0,18,0,0,0,0,0,0,0,0,0,0,0,0,0,0,0,0,0,0,0,0,0,0,0,0,0,0,0,0,0,0,0,0,0,0,0,0,0,0,0,0,0,0,0,0,0,0,0,0,0,0,0,0,0,0,0,0,0,0,0,0,0,0,0,0,0,0,0,0,0,0,0,0,0,0,0,0,0,0,0,0,0,0,0,0,0,0,0,4377,0,0,0,0,0,0,0,0,0,0,0,0,0,0,0,0,0,0,0,64,0,0,0,0,0,0,0,0,0,0,0,0,0,0,0,0,0,0,0,0,0,0,0,0,0,0,0,0,0,0,0,0,0,0,0,0,0,0,0,0,0,0,0,0,0,0,0,0,0,0,0,0,0,0,0,0,0,0,0,0,0,0,0,0,0,0,0,0,0,0,0,0,0,2830,0,0,0,0,0,0,0,45294,0,0,0,0,0,0,0,0,0,0,0,0,0,0,0,0,0,0,0,0,0,0,0,0,0,0,0,0,0,0,0,0,0,0,0,0,0,0,0,2,0,0,0,0,0,0,0,0,0,0,0,0,0,0,0,0,0,0,0,0,0,0,0,0,0,0,0,0,0,0,0,0,0,0,0,0,0,0,0,0,0,0,0,0,0,0,0,0,0,0,0,0,0,0,0,0,0,0,0,0,0,0,0,0,0,0,0,0,0,0,0,0,0,0,0,0,0,0,0,0,0,0,0,0,0,0,0,0,0,0,0,0,0,0,0,0,0,0,0,0,0,0,0,8026,0,0,0,0,0,0,0,0,0,0,0,0,0,0,0,0,0,1944,0,0,0,0,0,0,0,0,0,0,0,0,0,830,0,0,0,0,0,0,0,0,0,0,0,0,0,0,0,0,0,0,0,0,0,0,0,0,0,0,5863,0,0,0,0,0,0,0,0,0,0,0,0,0,0,0,0,0,0,0,0,0,0,0,0,0,0,0,0,0,0,0,0,0,0,0,0,0,0,0,0,0,0,0,0,0,0,0,0,0,0,0,0,0,0,0,0,0,0,0,0,0,0,0,0,0,0,0,0,0,0,0,0,0,0,0,0,0,0,0,0,0,0,0,0,0,0,0,0,0,0,0,0,0,0,0,0,0,0,0,0,0,0,0,0,0,0,0,0,17,0,0,0,0,0,0,0,0,0,0,0,0,0,0,0,0,0,0,0,0,0,0,0,0,0,0,0,0,0,0,0,0,0,0,0,0,0,0
"D357",0,14,34,1,0,0,0,8,11,0,0,0,0,0,0,12,121,0,5,9,0,3,4,21,27,4,3,8,0,0,8,13,27,7,3,0,122,0,0,0,22,0,2,6,68,0,6,0,4,0,5,0,20,0,161,104,11,13,16,17,0,0,0,9,6,0,0,1,110,0,10,1,0,0,0,4,13,0,0,8,19,3,0,0,0,10,0,3,63,2,2,5,0,0,0,0,0,0,0,2,82,12,7,11,4,13,9,0,0,0,7,5,0,70,0,0,0,0,0,19,4,2,0,0,7,0,1,0,10,0,0,0,0,0,23,14,6,22,0,3,0,0,1,3,6,131,27,6,0,10,0,0,15,14,0,0,0,0,0,4,0,0,19,0,1,31,0,6,6,0,17,0,0,0,14,141,0,0,0,0,7,15,0,33,0,0,0,7,0,0,0,0,0,3,0,0,5,2,0,0,4,0,3,0,0,0,0,6,0,3,8,0,11,0,0,24,0,0,3,0,0,3,0,22,29,11,43,0,1,9,7,11,0,7,1,0,14,0,16,0,4,0,14,2,0,1,0,3,4,0,0,0,6,0,0,0,3,44,12,2,0,0,0,0,0,18,6,0,22,0,23,0,11,3,0,0,4,0,0,2,5,0,0,5,5,11,2,17,0,39,0,50,0,0,4,0,18,0,0,44,20,0,3,0,0,8,0,7,0,0,0,11,4,0,20,23,141,0,0,58,0,0,0,0,0,5,1,0,0,3,0,0,0,0,0,0,26,9,0,16,0,0,0,0,19,8,1,94,0,0,0,21,16,0,0,0,0,3,0,0,4,0,0,11,0,0,24,0,26,1,0,4,0,0,4,0,0,1,6,7,0,37,41,8,3,0,1,3,0,0,0,0,31,5,5,6,0,124,0,0,0,3,0,0,0,0,6,0,0,0,93,6,3,0,0,12,6,10,27,8,27,0,9,6,268,2,41,0,0,3,14,0,3,14,1,0,4,2,2,0,5,43,0,0,6,0,3,9,148,0,4,54,7,2,36,4,0,0,0,0,2,40,257,4,0,0,26,5,21,3,13,5,0,0,50,0,1,0,26,18,2,29,1,0,2,0,8,0,9,24,16,0,0,0,0,0,0,2,61,0,0,0,0,0,0,2,2,3,0,30,0,21,11,14,0,4,11,2,2,0,2,3,0,0,0,61,8,12,86,46,3,0,0,115,0,2,0,0,0,0,96,20,0,0,16,2,0,52,0,0,0,3,0,0,2,0,0,0,0,0,0,0,0,62,20,0,20,0,1,0,0,0,1,3,5,9,0,0,1,0,1,0,22,0,0,13,0,0,43,0,67,0,0,0,2,0,0,12,3,0,0,3,29,2,2,0,3,11,0,0,0,12,13,30,0,0,0,0,45,0,1,3,0,3,6,28,0,0,266,0,0,0,10,8,3,2,0,4,11,88,1,12,0,0,0,0,0,14,0,0,2,7,0,10,33,140,0,0,13,0,5,0,26,6,14,0,0,0,0,0,1,0,10,9,0,7,0,0,51,0,0,4,19,0,0,0,11,0,0,13,0,11,0,0,15,0,0,288,34,3,41,0,0,0,4,6,31,3,0,0,1,94,4,0,13,0,0,0,0,6,18,13,20,0,0,92,21,0,2021,20,35,6,14,4,4,0,0,15,0,10,0,88,23,17,0,3,0,0,3,8,3,4,0,0,0,2,37,0,4,0,3,16,0,0,0,0,1,0,0,14,1,0,58,0,0,0,23,0,0,0,0,0,84,0,3,0,2,4,7,35,9,5,10,0,9,0,24,51,4,0,0,0,21,43,0,0,3,30,85,18,0,1,0,1,0,0,7,0,5,4,0,0,0,6,0,30,38,0,0,0,4,0,2,1,0,0
"D358",0,0,0,0,0,2,6,0,0,0,5,0,0,0,0,0,0,0,0,0,0,3,0,0,0,0,0,0,0,0,0,0,0,0,0,0,0,0,0,0,0,0,0,0,0,0,0,90,0,0,0,2,0,0,0,0,0,0,0,0,0,0,0,0,195,0,1,3,0,0,0,6,0,0,0,0,0,0,193,0,0,0,7,0,0,10,18,0,12,3,0,0,0,0,0,0,0,0,0,0,0,0,0,0,0,5,0,0,0,0,0,0,0,0,213,0,1,0,0,0,0,23,0,0,0,0,104,0,0,0,0,0,0,0,0,0,0,0,0,65,0,0,0,0,0,0,0,0,41,7,0,0,0,0,0,0,0,0,0,0,0,0,0,0,0,0,0,0,0,0,0,216,0,0,0,0,0,0,0,0,0,0,0,0,0,10,0,0,0,11,0,4,6,0,0,19,14,0,0,0,0,4,0,0,0,0,0,0,0,0,0,0,0,14,0,0,0,0,0,0,0,0,0,0,0,0,0,0,0,0,0,0,0,0,0,0,0,6,0,0,0,0,0,0,0,0,0,4,0,0,0,0,0,4,0,0,0,0,0,0,0,0,22,0,0,0,0,0,0,0,0,0,0,15,0,0,0,0,0,0,0,0,18,0,0,0,0,0,0,0,0,0,0,0,0,0,0,0,0,0,0,0,0,0,0,0,0,0,0,0,0,0,0,0,9,12,0,0,0,0,0,0,0,0,0,0,0,0,0,0,0,0,3,0,0,0,0,0,0,0,4,53,0,0,0,2,0,0,0,0,0,0,0,0,0,0,0,15,0,0,0,7,7,0,7,0,0,0,0,0,23,0,0,0,0,0,0,0,0,0,0,0,0,0,0,0,0,0,0,0,0,0,0,0,0,0,0,12,0,7,0,0,0,4,0,0,7,0,0,7,0,0,0,0,0,0,0,0,0,0,0,0,0,0,0,0,0,0,0,0,0,0,0,0,0,0,0,0,0,0,0,0,0,0,0,0,0,12,0,0,0,0,0,0,0,0,0,0,0,0,0,0,0,0,0,0,4,0,0,0,0,0,31,14,0,0,2,2,0,0,0,0,0,0,0,1,0,0,0,0,0,0,0,0,0,0,0,0,0,0,0,0,0,0,0,0,0,0,0,0,0,0,0,0,0,0,0,0,0,0,0,0,0,0,0,0,0,0,0,5,0,0,0,0,0,0,0,0,0,0,0,0,0,0,0,0,0,0,0,0,0,0,0,0,0,52,0,1028,0,0,0,0,0,0,0,0,0,0,0,0,0,0,0,0,0,0,0,0,0,0,0,0,0,0,0,0,0,0,0,0,0,0,0,58,0,0,69,0,0,15,0,0,0,0,0,0,2,0,0,5,7,0,0,0,66,0,0,0,0,0,0,0,11,0,0,0,0,0,0,0,0,0,0,0,0,12,0,0,0,0,7,0,0,0,0,0,0,0,0,0,0,0,0,0,0,0,0,0,0,21,0,0,0,0,0,0,0,1987,5,5,0,0,0,0,0,0,0,3,120,0,0,0,0,0,0,0,0,0,0,2,0,0,0,0,0,0,0,0,0,0,0,0,0,0,0,0,0,0,25,0,0,0,0,0,0,0,0,0,0,0,0,0,8,0,0,6,0,0,0,0,0,0,0,0,0,0,0,0,5,0,0,1,0,0,0,0,0,0,0,0,0,0,0,0,0,0,0,0,0,0,0,0,0,286,0,0,0,8,0,0,0,0,0,0,0,0,0,0,0,0,0,0,0,0,4,0,0,29,0,0,0,0,0,0,0,0,0,0,0,0,0,0,0,6,0,0,0,0,0,0,0,0,9,0,0,7,0,0,0,0,0,0,0,0,0,46,12,0,0,0,0,0,0,0,0,0
"D359",3,0,200,700,0,0,0,26,0,0,0,321,0,76,0,60,204,0,0,0,0,0,1,0,5,0,20,0,0,0,21,0,0,0,88,360,0,0,0,0,1640,0,31,0,62,0,0,0,44,111,0,0,58,4,0,0,0,0,0,1,0,9,0,0,0,2,0,17,164,13,0,0,0,0,3,0,9,27,0,0,147,5,0,0,0,19,0,0,0,6,23,0,0,42,0,0,0,0,0,0,124,0,0,0,138,1,12,0,2,4,14,0,0,0,0,17,0,0,0,265,3,4,5,0,0,0,0,0,45,0,0,0,7,0,100,45,1,0,0,0,0,0,0,83,221,155,0,0,0,2,0,1,38,0,3,112,0,0,3,184,0,0,0,41,0,0,65,919,5,0,329,0,0,0,22,0,69,0,0,21,0,0,27,41,0,0,0,0,92,0,0,0,0,0,0,0,0,12,0,0,157,0,3,44,0,324,0,41,0,0,0,0,0,0,6,0,0,0,0,1,0,0,5,0,131,5,0,13,117,4,0,9,29,21,41,0,0,0,5,0,329,0,7,88,16,0,0,0,0,0,38,4,6,13,0,20,53,13,8,45,160,74,0,0,0,0,0,1,0,0,0,63,16,0,0,2,19,84,0,0,1,0,0,13,7,0,0,0,1,738,419,18,308,4,0,3,0,0,1,324,0,0,0,0,0,5,12,0,4,55,0,0,25,9,12,0,228,432,0,1099,0,0,0,1,0,0,0,0,1,0,10,203,287,0,0,15,0,24,1,6,0,12,0,0,0,0,58,168,1,0,0,0,0,2,104,39,43,0,12,0,0,0,6,103,0,0,201,0,0,8,13,200,0,0,34,0,1,0,20,0,178,0,460,0,0,13,11,0,0,2,0,2161,0,1,10,9,0,241,0,0,0,0,16,0,0,0,5,78,0,0,0,30,0,0,15,0,0,0,48,0,38,0,2,0,0,0,58,185,0,0,55,0,25,167,0,0,3,159,0,0,56,443,75,34,12,0,0,2,0,0,0,1398,0,43,0,19,0,23,0,0,0,16,679,0,273,0,34,4,0,0,0,0,0,4,95,0,4,4,0,0,85,0,0,0,69,0,16,0,9,125,13,3,0,0,0,9,0,73,0,8,3,0,0,0,0,3,0,3,0,0,0,98,48,175,0,47,50,22,0,21,0,3,0,0,4,1,31,6,0,0,0,0,0,0,0,0,0,0,0,0,1260,0,5,2,415,0,7,38,0,0,0,0,2521,0,3,0,0,0,16,5,6,270,0,72,0,2,2,0,0,0,0,0,0,1762,0,0,0,0,0,20,5,13,0,0,4,1,2,0,12,3,1344,8,1,0,7,0,0,4,0,0,0,0,7,136,2,0,0,30,0,0,0,0,71,0,0,0,10,11,5,0,4,1,0,4,55,0,0,0,0,3,0,0,0,142,0,27,36,27,0,0,0,0,0,1,0,0,0,8,3,0,7,0,0,18,69,16,11,2,0,0,157,0,0,0,0,0,0,0,0,0,0,0,2,0,108,0,0,0,0,0,0,0,1,0,0,0,0,4,0,4,0,0,0,0,0,0,0,597,0,0,20,0,0,0,0,22,0,22,0,5,1,0,11,0,0,0,0,7,0,53,139,0,14,0,0,159,0,0,0,0,85,15,11,0,148,0,18,1,0,0,7,0,34,0,39,0,0,0,0,34,6,11,0,53,0,0,11,0,3,4,0,57,6,0,29,0,40,0,26,14,0,4,1555,0,0,0,21,0,13,0,0,26,65,0,0,0,4,0,0,0,0,0,0,0,436,0,0,489,0,0,22,0,22,0,5,0,11,240,0,0,168,0,0,104,2,0,0,0,0,0,0,0,442,0,0,121,0,0,0,0,0,0,0,411,4,66
"D360",0,0,0,0,0,26,0,0,0,82,0,0,108,0,0,0,0,0,0,0,0,0,0,0,0,0,0,0,0,15,0,0,0,0,0,0,0,0,0,0,0,0,0,0,0,0,143,0,0,0,0,0,0,0,0,0,0,0,0,0,0,0,0,0,0,0,50,0,0,0,0,0,0,0,0,0,0,0,0,0,0,0,0,0,0,0,136,0,0,0,0,0,42,0,0,0,0,0,0,0,0,0,0,0,0,0,0,0,3,31,0,0,0,0,0,0,0,0,0,0,0,0,0,0,0,0,0,0,0,0,0,0,0,0,0,0,0,0,0,0,0,17,9,0,0,0,0,0,3825,0,69,0,0,0,0,0,0,0,0,0,0,0,0,0,0,0,0,0,0,0,0,0,0,4,0,0,0,0,0,0,0,0,0,0,0,1649,0,0,0,0,0,0,0,7,12,0,0,0,0,0,0,0,0,0,0,0,0,0,0,0,0,0,0,0,0,0,349,0,0,0,0,0,0,0,0,0,0,0,0,0,0,0,0,0,0,6534,0,0,0,0,0,0,0,0,0,0,0,0,0,0,0,0,0,0,0,0,0,0,0,0,0,0,637,0,0,0,0,0,0,0,0,0,0,0,0,0,0,0,0,0,0,0,0,0,0,0,0,0,0,0,44,0,0,0,0,0,0,0,0,0,0,0,0,36,0,0,0,0,0,0,0,0,0,0,0,0,0,0,0,0,0,0,0,0,0,0,0,0,0,0,0,0,656,0,0,0,0,0,0,0,0,0,0,35,0,0,0,0,0,0,0,0,0,0,0,0,0,0,0,0,0,0,0,0,439,0,0,13,0,0,0,0,0,0,0,0,0,0,0,0,0,0,0,0,0,0,0,0,0,0,0,0,0,0,0,0,0,0,35,0,0,0,0,25,0,651,0,0,0,0,0,0,0,0,0,0,0,10,0,0,0,0,0,0,0,0,0,0,14,0,0,0,0,0,0,0,0,0,0,6,0,0,0,0,0,65,0,0,0,0,0,0,0,0,0,0,27,0,0,0,0,0,0,0,0,0,745,0,0,0,0,0,0,0,0,0,0,42,0,0,0,0,0,0,0,0,0,0,0,0,0,0,0,0,0,0,0,0,0,0,0,0,0,0,0,0,0,0,0,0,0,0,0,0,0,0,0,0,0,0,0,0,0,0,0,0,0,0,0,0,0,27,35,0,0,0,0,0,0,0,0,0,0,0,0,0,0,0,0,0,0,0,0,0,0,0,0,0,0,0,0,0,0,0,0,0,0,242,0,14,0,0,0,0,0,0,0,0,0,0,0,0,0,0,0,0,0,0,0,0,0,0,0,0,0,0,0,0,0,0,0,0,0,0,0,0,0,0,0,0,35,0,0,0,0,0,0,0,0,0,0,0,0,0,0,0,0,0,0,38,14,0,0,0,0,0,0,0,0,0,0,0,86,0,0,0,0,4,0,0,0,0,0,0,0,0,0,6,0,0,0,0,0,0,0,0,0,0,0,495,0,0,0,211,0,0,0,0,0,0,0,0,0,55,0,0,0,0,3,0,0,0,0,23,10,0,0,0,0,0,0,0,0,0,0,0,0,0,0,0,0,0,0,0,0,0,0,0,52,0,0,0,0,0,0,0,0,225,0,0,0,0,0,0,0,0,0,0,0,0,0,0,0,0,0,0,0,0,0,0,0,0,0,0,0,0,0,0,0,0,0,0,0,0,0,60,0,0,0,0,0,0,0,0,0,0,0,0,0,0,0,0,0,73,3,0,0,0,0,0,0,0,0,0,0,0,0,81,0,0,0,0,0,0,0,0,0,0,0,0,0,0,0,0,0,0,0,0,0,0,0,0,0,0,0,0,0,0,40,0,0,0,0,129,0,0
"D361",0,0,0,0,0,0,0,3,0,0,0,0,0,0,0,0,0,0,0,0,0,0,0,0,0,0,0,0,0,0,0,0,0,0,0,0,0,0,0,0,0,0,0,0,0,0,0,0,0,0,0,0,0,0,0,0,0,0,0,0,0,0,0,0,0,0,0,0,0,0,0,0,0,0,0,0,0,0,0,0,0,0,0,0,0,0,0,0,0,0,0,0,0,0,0,0,0,0,0,0,5,2,0,0,0,0,0,0,0,0,0,0,0,0,0,0,0,0,0,0,0,0,0,0,0,0,0,0,0,0,0,0,0,0,0,0,0,0,0,0,0,0,5,0,0,0,0,0,0,0,0,0,0,0,0,0,0,0,0,0,0,0,0,0,0,0,0,0,0,0,0,0,0,0,0,0,0,0,0,0,0,0,0,0,0,0,0,0,0,0,0,0,0,0,0,0,0,0,0,0,0,0,0,0,0,0,0,0,0,0,0,0,0,0,0,0,2,0,0,0,0,0,0,0,0,0,0,0,0,0,0,0,0,0,0,0,0,0,0,0,0,0,0,0,0,0,0,0,0,0,0,0,0,0,0,0,0,0,0,0,0,0,0,0,0,0,0,0,0,0,0,0,0,0,0,0,0,0,0,0,0,0,0,0,0,0,0,0,0,0,0,0,0,0,18,0,0,0,0,0,0,0,0,0,0,0,0,0,0,0,0,0,0,0,0,0,0,0,0,0,0,0,0,0,0,0,0,0,0,0,0,0,0,0,0,0,0,0,4,0,0,0,0,0,0,0,0,0,0,0,0,0,0,0,0,0,0,0,0,0,0,0,0,0,0,0,0,0,0,0,0,0,0,0,0,0,0,0,0,0,0,0,0,0,0,0,0,0,0,0,0,0,0,0,0,0,0,0,0,0,0,0,0,0,0,0,0,0,0,0,0,0,0,0,0,0,0,0,0,0,0,0,0,0,0,0,0,5,0,0,0,0,0,0,0,0,0,0,0,0,0,0,0,0,0,0,0,0,0,0,0,0,0,0,0,0,0,0,0,0,0,0,0,0,0,0,0,0,0,0,0,0,0,2,0,0,0,0,0,0,0,0,0,0,0,0,0,0,0,0,0,0,0,0,0,0,0,0,0,0,0,0,0,0,0,0,0,0,0,0,0,0,0,0,0,0,0,0,0,0,0,0,0,0,0,0,0,0,0,0,0,0,0,0,0,0,0,0,0,0,0,0,0,0,0,0,0,0,0,0,0,0,0,3,0,0,0,0,0,0,0,0,0,0,0,0,0,0,0,0,0,0,0,0,0,0,0,0,0,0,0,0,0,0,0,0,0,0,0,3,0,0,2,0,0,0,0,0,0,0,0,0,0,0,0,0,0,0,0,0,0,0,0,0,0,0,0,0,0,0,0,0,0,0,0,0,0,0,0,0,0,0,0,0,0,0,0,0,0,0,0,0,0,0,0,0,0,0,0,0,0,0,0,0,0,0,0,0,0,0,0,0,0,0,0,0,0,0,0,0,0,0,0,0,0,0,0,0,0,0,0,0,0,0,0,0,0,0,0,0,0,0,0,0,0,0,0,0,0,0,0,0,0,3,0,0,0,0,0,0,0,0,0,0,0,0,0,0,0,0,0,0,0,0,0,0,0,0,3,0,0,0,0,0,0,0,0,0,0,0,0,0,0,0,0,0,0,0,0,0,0,0,0,0,0,0,0,0,0,0,0,0,0,0,0,0,0,0,0,0,0,0,0,0,0,0,0,0,0,0,0,0,0,0,0,0,0,17,0,0,0,0,0,0,0,0,0,11,0,0,0,0,0,0,0,0,0,0,0,0,0,0,0,0,0,0,0,0,0,0,0,0,0,0,0,0,0,0,0,0,0,0,0,0,0,0
"D362",0,0,16,0,47,0,0,0,0,0,253,37,0,0,35,0,0,0,12,0,48,0,0,0,526,0,0,0,0,0,0,0,0,0,7,0,0,4,11,14,4,7,0,39,433,0,2,71,0,16,37,0,0,26,98,0,0,0,326,19,0,0,118,0,0,0,0,271,106,12,0,0,0,55,29,11,0,0,0,20,17,1,5,0,0,15,0,0,0,0,0,0,0,29,0,26,0,38,13,38,0,0,7,0,27,0,0,169,0,0,0,33,54,51,43,0,60,21,16,0,0,15,0,0,0,0,0,15,0,43,27,0,0,5,0,15,11,5,43,0,9,0,0,0,11,0,5,0,9,0,6,2,20,0,0,0,0,0,0,0,365,22,0,8,1,0,0,0,0,0,0,91,0,7,0,0,5,0,6,0,5,0,1,59,0,0,6,0,21,61,0,0,0,2,2,0,0,0,1,0,26,0,0,0,0,0,33,0,0,1,0,0,16,44,15,0,0,0,0,0,0,63,32,17,0,0,0,2,0,0,141,10,7,0,24,23,0,0,0,0,0,0,0,0,0,0,133,0,3,1,0,0,24,0,0,35,57,327,2,35,0,179,0,187,6,0,0,0,10,14,164,2,16,0,18,0,80,0,0,1,6,0,2,0,15,5,0,294,11,32,0,82,45,20,2,0,0,0,3,0,0,2,0,8,2,0,0,0,0,92,0,5,4,26,0,0,0,2,121,0,14,10,1,6,0,16,1,5,0,42,0,0,0,1,0,2,0,0,2,0,0,0,3,0,24,0,26,2,3,0,2,0,0,0,37,25,34,0,0,0,0,0,0,47,28,0,4,0,0,0,0,23,0,8,0,9,4,0,0,0,0,0,334,0,7,68,50,34,0,73,8,0,0,0,2,1,0,49,0,0,1,13,0,0,0,0,0,28,0,0,0,0,0,0,4,12,0,0,111,0,0,0,2,0,0,0,0,0,0,0,0,8,0,122,0,0,44,0,0,0,0,77,0,0,10,11,0,0,0,0,33,0,3,0,0,0,0,3,0,0,0,0,211,0,102,79,22,0,0,0,0,19,262,31,13,1,3,0,0,0,0,0,11,5,0,0,0,0,33,0,68,187,0,3,16,0,5,0,0,0,0,25,28,1,0,11,202,44,41,0,0,0,5,0,31,0,39,0,0,5,0,0,0,0,2,87,0,14,3,0,0,4,0,57,0,0,11,0,4,0,3,0,54,10,152,0,5,0,233,1,0,0,0,2,10,718,73,0,1,3,0,35,3,0,0,0,21,0,0,0,20,0,2,0,8,0,0,35,0,0,0,0,0,43,0,11,49,2,0,0,0,12,0,0,18,2,125,0,0,0,4,0,0,0,0,0,0,14,0,0,0,0,0,0,197,21,37,0,510,0,0,8,42,3,0,138,0,0,91,0,0,0,0,0,7,4,12,1,0,0,0,0,0,7,49,0,1,0,0,0,0,0,8,16,0,895,2,0,24,38,0,0,0,0,0,15,0,465,8,15,255,0,0,0,98,45,8,11,42,296,11,0,65,0,85,0,3,0,0,4,3,0,15,0,3,0,2,806,0,0,0,15,0,0,0,4,23,3,0,67,0,48,0,26,0,0,0,18,0,59,334,0,0,0,0,0,0,0,7,15,169,14,7,0,0,17,14,6,0,21,7,0,0,0,0,0,2,4,3,0,11,0,4,7,0,0,6,251,51,8,0,0,0,13,0,51,0,0,0,0,15,0,61,0,3,0,92,0,26,0,3,12,148,0,0,0,52,0,0,0,0,8,0,0,0,0,0,23,7,7,0,0,0,0,4,36,0,4,0,0,0,52,83,2,3,270,0,40,0,0,0,0,0,3,0,409,0,0,7,0,9,0,12,4,0,0
"D363",5,5,15,0,0,0,0,2,2,0,0,0,0,0,0,0,0,0,0,0,0,8,6,0,0,2,0,70,0,0,4,0,0,1,2,0,0,0,0,2,3,2,5,0,3,9,1,0,0,7,0,0,0,0,0,18,0,98,0,3,0,0,2,0,6,2,0,0,8,0,0,0,0,2,0,0,0,2,0,87,8,0,0,0,0,0,0,0,0,0,0,0,0,4,4,0,0,0,0,0,29,0,0,99,0,2,0,0,0,0,0,0,0,0,0,0,0,0,0,16,0,0,3,0,3,0,0,0,3,0,0,0,0,0,67,2,0,0,0,0,0,0,2,0,0,52,5,4,0,0,0,0,2,0,3,0,0,0,0,0,0,0,39,0,0,3,9,0,0,0,5,0,4,0,0,3,0,0,0,0,0,3,16,13,0,0,0,0,0,0,0,0,0,0,0,0,0,28,2,0,3,0,0,9,0,2,0,0,0,0,3,0,0,0,2,16,0,0,0,0,2,0,0,0,32,0,0,0,3,3,3,0,0,5,0,0,0,0,4,0,1,0,0,2,0,0,0,0,0,0,3,0,0,0,0,0,0,0,5,0,0,0,2,0,0,9,0,0,0,0,0,0,0,0,8,0,0,0,0,3,0,7,0,0,0,0,0,0,0,0,0,0,0,0,0,0,9,0,0,27,70,0,0,0,0,7,0,2,0,0,0,0,0,1,17,0,265,0,0,8,0,0,0,7,0,0,0,0,0,0,0,0,0,3,0,2,53,12,0,0,0,0,0,0,0,0,0,0,0,0,0,7,4,14,0,0,0,0,7,0,2,2,0,0,0,0,8,0,3,0,0,5,0,0,2,0,0,0,0,1,0,100,0,5,0,3,0,2,3,3,0,53,3,5,0,0,0,86,0,3,0,0,0,0,0,0,0,17,0,0,17,0,0,0,0,0,3,0,11,1,6,0,2,3,10,2,7,3,0,0,9,3,4,4,0,14,0,23,1,0,0,0,0,10,3,0,0,0,8,0,0,48,0,0,3,0,0,2,0,0,0,0,0,0,16,0,0,3,8,18,0,6,0,0,18,4,0,1,5,7,0,0,1,0,0,0,4,0,8,9,5,0,0,0,0,0,0,0,2,0,0,0,0,0,0,0,0,1,0,4,0,51,2,0,0,1,29,0,9,0,14,3,22,3,0,10,0,0,6,9,0,0,2,0,2,20,0,0,0,5,8,0,2,0,5,0,0,0,0,0,5,0,0,0,0,0,0,0,2,0,0,0,1,10,0,0,0,0,0,0,1,0,0,0,0,0,0,0,0,0,2,0,4,4,0,0,0,0,8,0,8,0,0,0,1,0,0,15,4,0,0,2,0,0,0,0,5,0,0,0,0,0,2,0,0,0,5,2,0,0,0,0,0,5,12,14,0,0,0,0,12,0,0,0,0,4,2,2,0,2,2,0,0,2,0,0,0,8,0,0,0,4,0,0,9,0,0,0,2,0,0,0,17,3,4,0,0,0,0,0,0,0,2,0,0,0,2,0,0,0,0,4,0,0,0,0,0,0,2,0,0,13,0,0,0,0,0,141,118,0,23,5,0,5,0,0,0,4,0,0,0,0,10,0,0,0,0,0,0,21,8,25,24,0,0,86,13,0,50,6,0,72,11,0,0,0,2,0,0,12,0,1,34,0,0,2,0,0,0,21,0,0,8,0,2,0,0,0,0,0,4,23,0,0,2,0,0,0,0,0,0,5,16,0,0,0,3,2,0,0,0,0,26,0,4,0,0,0,2,0,0,14,55,0,4,0,0,203,3,0,0,0,4,0,0,0,0,9,0,0,0,0,0,7,0,0,0,0,0,0,0,0,0,0,0,36,0,0,0,0,0,0,0,3,0,0
"D364",0,0,0,0,0,0,0,0,0,0,0,0,0,0,0,0,0,0,0,0,0,0,0,0,0,0,0,0,0,0,0,0,0,0,0,0,0,0,0,0,0,0,0,0,0,0,31,0,0,0,0,0,0,0,0,0,0,0,0,0,0,0,0,0,0,0,0,0,0,0,0,0,0,0,0,0,0,0,0,0,0,0,0,0,0,0,0,0,0,0,0,0,0,0,0,0,0,0,0,0,0,0,0,0,0,0,0,0,0,0,0,0,0,0,0,0,0,0,0,0,0,0,0,0,0,0,0,0,0,0,0,0,0,0,0,0,0,0,0,0,0,0,0,0,0,0,0,0,0,0,0,0,0,0,0,0,0,0,0,0,0,0,0,0,0,0,0,0,0,0,0,0,0,0,0,0,0,0,0,0,0,0,0,0,0,0,0,0,0,0,0,0,0,0,0,0,0,0,0,0,0,0,0,0,0,0,0,0,0,0,0,0,0,0,0,0,0,0,0,0,0,0,0,0,0,0,0,0,0,0,2,0,0,0,0,0,0,0,0,0,0,0,0,0,0,0,0,0,0,0,0,0,0,0,0,0,0,0,0,0,0,0,0,0,0,0,0,0,0,0,0,0,0,0,0,0,0,0,0,0,0,0,0,0,0,0,0,0,0,0,0,0,0,0,0,0,0,0,0,0,0,0,0,0,0,0,0,0,0,0,0,0,0,0,0,0,0,0,0,0,0,0,0,0,0,0,0,0,0,0,0,0,0,0,0,0,0,0,0,0,0,0,0,0,0,0,0,0,0,0,0,0,0,0,0,0,0,0,0,0,0,0,0,0,0,0,0,0,0,0,0,0,0,0,0,0,0,0,0,0,0,0,0,0,0,0,0,0,0,0,0,0,0,0,0,0,0,0,0,0,0,0,0,0,0,0,0,0,0,0,0,0,0,0,0,0,0,0,0,0,0,0,0,0,0,0,0,0,0,0,0,0,0,0,0,0,0,0,0,0,0,0,0,0,0,0,0,336,0,0,0,0,0,0,0,0,0,0,0,0,0,0,0,0,0,0,0,0,0,0,0,0,0,0,0,0,0,0,0,0,0,0,0,0,0,2,0,0,0,0,0,0,0,0,0,0,0,0,0,0,0,0,0,0,0,0,0,0,0,0,0,0,0,0,0,0,0,0,0,0,0,0,0,0,0,0,0,0,0,0,0,0,0,0,0,0,0,0,0,0,0,0,0,0,0,0,0,0,0,0,0,0,0,0,0,0,0,0,0,0,0,0,0,0,0,0,0,0,0,0,0,0,0,0,0,0,0,0,0,0,0,0,0,0,0,0,0,0,0,0,0,0,0,0,0,0,0,0,0,0,0,0,0,0,0,0,0,0,0,0,0,0,0,0,0,0,0,0,0,0,0,0,0,0,0,0,0,0,0,0,0,0,0,0,0,0,0,0,0,0,0,0,0,0,0,0,0,0,0,0,0,0,0,0,0,0,0,0,0,0,0,0,0,0,0,0,0,0,0,0,0,0,0,0,0,0,0,0,0,0,0,0,0,0,0,0,0,0,0,0,0,0,0,0,0,0,0,0,0,0,0,0,0,0,0,0,0,0,0,0,0,0,0,0,0,0,0,0,0,0,0,0,0,0,0,2,0,0,0,0,0,0,0,0,0,0,0,0,0,0,0,0,0,0,0,0,0,0,0,0,0,0,0,0,0,0,0,0,0,0,0,0,0,0,0,0,0,0,0,0,0,0,0,0,0,0,0,0,0,0,0,0,0,0,0,0,0,0,0,0,0,0,0,0,0,0,0,2,0,0,0,0,0,0,0,0,0,0,0,0,0,0,0,0,0,0,0,0,0,0,0,0,0,0,0,0,0,0,0,0,0,0,0,0,0,0
"D365",18,0,0,0,0,598,12,23,4,253,1,2,26,2,5,0,3,0,0,0,0,0,0,0,0,0,5,1,0,62,12,0,11,0,0,2,0,14,0,0,0,0,0,0,11,7,21,18,0,0,0,22,0,0,0,0,0,0,0,0,0,0,0,0,8,0,80,13,21,0,0,58,0,3,0,0,0,50,8,0,22,0,0,0,0,16,601,0,0,68,3,0,0,0,113,0,0,0,0,0,14,0,0,0,0,1,5,0,29,4,4,0,0,0,0,0,0,0,0,3,0,0,0,0,0,5,2,0,0,0,0,0,1,0,0,7,0,0,0,2,0,14,2,5,18,15,0,0,5209,0,421,0,0,0,52,0,8,124,0,0,0,23,0,4,0,0,0,0,11,0,2,0,0,0,0,0,0,0,97,9,3,0,19,0,0,10,0,0,0,0,0,0,39,16,17,0,45,26,5,26,11,0,0,14,0,2,2,15,0,0,0,9,0,0,0,0,244,0,0,0,0,0,0,0,0,0,21,0,18,0,548,0,0,0,0,3333,0,5,0,0,0,0,0,0,0,0,0,0,0,0,95,0,0,10,0,0,0,3,0,4,6,0,32,0,0,0,1,17,0,6,0,0,0,0,12,0,0,16,4,0,0,10,0,0,0,0,0,0,0,4,0,0,0,0,0,30,0,11,0,0,0,12,12,576,10,8,0,0,22,0,0,4,0,0,8,0,39,0,1,15,0,0,0,2,0,0,10,0,0,0,22,5,116,0,4,2,0,3,0,89,0,3,0,3,0,0,0,0,0,0,0,0,0,1,0,0,0,0,34,0,0,0,11,0,754,0,0,3405,0,0,0,0,0,0,0,0,0,0,0,0,0,14,0,276,0,4,0,0,18,5,0,6,0,0,0,2,0,66,473,82,0,3,63,177,0,0,36,0,4,1,0,0,0,0,0,0,0,3,235,0,0,12,0,0,0,125,0,8,23,0,2,3,6,175,0,1,0,0,0,14,0,13,0,0,0,108,0,0,4,39,0,0,0,0,0,0,7,0,19,2,0,0,8,0,3,0,111,58,0,0,0,0,0,3,0,0,0,92,0,0,0,5,0,29,7,6,0,0,4,2,3,2,6,0,0,0,1,0,0,12,0,0,2,0,7,6,0,0,0,0,33,27,0,0,0,10,87,8,0,0,0,0,0,0,0,0,0,0,0,3,0,1181,21,0,15,0,0,0,74,9,0,0,0,2,1,0,0,0,0,47,0,0,0,19,0,0,0,0,2,0,0,5,14,0,0,4,0,92,0,5,0,5,0,5,0,2,17,0,4,0,0,2,0,3,8,0,0,0,0,0,2,0,13,0,0,0,0,0,3,0,0,0,0,0,0,0,0,1,3,10,0,0,14,0,0,0,0,3,0,0,0,0,7,0,2,0,0,0,4,41,28,0,0,0,0,0,0,0,3,0,9,0,4,0,0,0,0,71,23,0,0,0,0,0,7,7,0,31,4,0,3,5,0,0,0,0,0,0,0,348,0,56,2,0,2,0,0,3,0,0,2,0,0,0,0,0,2,0,17,0,0,0,0,2,85,0,0,14,0,0,0,0,0,4,67,2,0,2,0,0,11,0,0,0,0,19,0,0,10,4,3,0,0,24,0,38,0,134,0,0,23,0,0,0,0,0,2,0,0,0,0,0,0,5,9,0,8,0,0,0,0,0,0,11,0,9,9,0,0,9,0,0,0,0,0,0,0,4,0,0,0,14,0,12,1,0,3,1,12,0,56,0,0,0,125,3,0,0,0,1,0,0,0,0,0,0,0,0,0,0,14,0,18,0,3,0,0,2,0,0,3,0,0,4,22,0,0,0,0,0,0,2,0,0,0,32,0,1,9,0,0,3,0,42,1,0
"D366",0,0,0,0,0,0,0,428,0,0,0,0,0,0,0,0,0,0,0,0,0,0,0,0,0,0,0,0,0,0,0,0,0,0,0,0,720,0,0,0,0,0,0,0,0,0,0,0,0,0,0,0,0,0,0,0,0,0,0,0,0,0,0,0,0,0,978,0,0,0,0,0,0,0,0,0,0,0,0,0,0,0,0,0,0,0,0,0,0,0,0,0,0,0,0,0,0,0,0,0,0,0,0,6488,0,0,0,0,0,0,0,0,0,0,0,0,0,0,0,0,0,0,0,0,0,0,0,0,0,0,0,0,0,0,356,0,0,0,0,0,0,0,0,0,0,124,0,0,463,0,0,0,0,0,0,0,0,0,0,0,0,0,0,0,0,0,0,0,0,0,0,0,0,0,0,0,0,0,0,0,0,0,0,0,0,0,0,0,0,0,0,0,0,0,0,0,0,0,0,0,0,0,0,0,0,0,0,0,0,0,0,0,0,0,0,0,0,0,0,0,0,0,0,0,0,0,0,0,0,0,0,0,0,0,0,0,0,0,0,460,0,0,0,0,0,0,0,0,0,0,0,0,0,0,0,0,0,0,0,0,0,0,0,0,0,0,0,0,0,0,0,0,0,0,0,0,0,0,0,0,0,0,0,0,0,0,0,0,0,0,0,0,0,0,0,0,0,0,0,0,0,0,0,0,0,0,0,0,0,0,0,0,0,0,0,0,0,0,0,0,0,0,0,0,0,0,0,0,0,0,0,0,0,0,0,0,0,0,0,0,0,0,0,0,0,0,0,0,0,0,0,0,0,0,0,0,0,4917,0,0,0,0,0,0,135,0,0,1035,0,0,0,0,0,0,0,0,0,0,0,0,0,0,0,0,0,0,0,0,0,0,0,0,0,0,0,0,0,0,0,0,0,0,0,0,0,0,0,0,0,0,0,0,0,0,0,0,0,0,0,0,0,0,0,0,0,0,0,0,0,0,0,0,0,0,0,0,0,0,0,0,0,0,0,0,0,0,0,0,0,0,0,0,0,0,0,0,0,0,0,0,0,0,0,0,0,0,0,0,0,0,0,0,0,0,0,0,0,0,0,0,0,274,0,0,0,0,0,0,0,0,0,0,0,0,0,0,0,0,0,0,0,0,0,0,0,0,0,0,0,0,0,0,0,0,0,0,0,0,0,0,0,0,0,0,0,0,0,0,0,0,0,0,0,0,0,0,0,0,0,0,0,0,0,0,0,0,0,0,0,0,0,0,1,0,0,0,0,96,0,0,0,0,0,0,65,0,0,0,0,0,0,0,0,0,0,0,0,0,0,0,0,0,0,0,0,0,0,468,0,0,0,0,0,0,0,0,0,0,0,0,0,0,1510,0,0,0,0,0,0,0,0,0,0,0,0,0,0,0,0,0,0,0,0,0,0,0,0,0,0,0,0,0,0,0,0,0,0,0,11,0,0,0,0,0,0,0,0,0,0,0,0,0,0,0,0,0,0,0,0,0,0,0,0,0,0,0,0,0,0,0,0,0,0,0,0,0,0,0,0,0,0,0,0,0,0,0,0,0,0,0,0,0,0,0,0,0,0,0,0,0,0,0,0,0,0,0,0,0,0,0,0,0,0,0,0,0,0,0,0,0,0,0,0,0,0,0,0,0,0,0,0,0,0,4,0,0,0,0,0,0,0,0,0,0,0,0,0,0,0,0,0,0,0,0,0,0,0,0,0,0,0,0,473,147,0,0,0,0,0,0,0,0,0,630,0,0,0,0,0,0,0,0,0,0,0,0,0,0,0,0,0,0,0,0,0,0,0,20,0,0,0,0,0,0,0,0,0,0,181,182,0,0,0,0,0,0,0,0,0,0,0,0,0,0,0,0,0,0,0,0,0,0,0,0,0,0
"D367",0,0,0,0,0,0,0,0,0,0,0,0,41,0,0,0,0,0,0,0,0,0,0,0,0,0,0,0,0,0,0,0,0,0,0,0,0,0,0,4,0,0,0,0,0,0,105,0,0,0,0,0,0,0,0,0,0,0,0,0,12,0,0,0,0,0,0,0,0,0,0,0,0,0,0,0,0,0,0,0,0,0,0,4,0,0,0,0,0,0,0,0,0,0,3,0,0,0,0,0,0,0,0,0,0,0,0,0,0,0,0,0,0,0,0,2,0,0,0,0,0,0,0,0,0,0,0,0,0,0,0,0,0,0,0,0,0,0,0,0,0,0,0,0,0,0,0,0,0,0,0,0,0,0,0,0,0,0,0,0,0,0,0,0,0,0,0,0,0,0,0,0,0,0,0,0,0,0,0,0,0,0,0,0,0,0,0,0,0,0,0,0,0,0,0,0,0,4,0,0,0,0,0,0,0,0,0,0,0,0,0,0,0,0,0,0,0,0,0,0,0,0,0,0,0,0,25,0,0,0,0,0,0,0,0,0,0,0,0,0,0,0,0,0,0,0,0,0,0,0,33,0,0,216,0,0,0,0,0,0,0,0,0,0,0,0,0,8,0,0,0,0,0,0,0,0,0,0,0,0,0,0,0,0,0,0,0,0,0,0,0,0,0,0,0,0,0,0,0,0,0,0,0,0,0,0,0,0,0,0,0,0,0,0,6,0,0,0,0,0,0,0,0,0,0,0,0,0,0,0,0,0,11,0,0,0,0,0,0,0,0,0,0,0,0,0,0,0,0,0,0,0,0,0,0,0,0,0,2,0,0,0,0,0,3,0,0,0,0,0,0,0,0,0,0,0,0,0,0,0,0,0,0,6,0,0,0,0,0,0,0,0,0,0,0,0,0,0,0,0,0,0,0,287,0,0,0,0,0,0,0,0,0,0,0,0,0,0,5,0,0,0,0,0,0,0,0,0,0,0,0,0,0,0,0,4,0,0,0,0,0,0,0,0,0,0,0,8,0,0,0,0,0,0,0,0,0,0,6973,0,0,0,0,0,0,0,41,0,0,0,0,0,0,0,0,0,0,9,0,0,0,0,0,12,0,25,0,0,0,0,0,0,0,0,0,0,0,0,0,0,0,0,0,0,0,0,0,0,0,0,2,0,0,0,0,0,35,0,0,0,0,0,0,0,0,0,0,0,0,0,0,0,0,0,0,0,0,0,0,0,0,0,0,0,0,0,0,0,0,0,0,0,0,0,0,0,0,0,0,0,0,0,0,0,0,0,0,0,0,0,0,0,0,0,0,0,0,0,0,0,0,0,0,0,0,0,0,0,0,0,0,0,0,0,0,0,0,0,0,0,0,0,0,0,0,0,0,0,0,30,0,0,0,0,0,0,0,0,0,0,0,0,0,0,0,0,0,0,0,8,0,0,0,0,0,0,0,0,0,0,0,0,0,0,0,2,0,0,0,0,0,0,0,0,0,0,0,0,0,0,0,2,0,0,0,0,0,0,0,14,0,0,0,0,0,0,0,0,0,0,0,6,0,0,0,0,0,0,0,0,0,0,0,0,8,0,0,0,0,0,0,0,0,0,0,0,0,0,0,0,0,0,0,0,0,0,0,0,0,0,0,0,0,31,0,0,0,6,0,0,0,0,0,0,0,0,0,0,0,0,0,0,0,0,0,0,0,0,0,0,0,0,0,0,3,0,0,0,0,0,0,0,0,0,0,0,0,0,0,0,0,0,0,0,0,0,0,0,0,0,0,0,0,0,0,0,0,0,0,0,0,0,0,0,0,0,0,31866,0,0,0,0,0,0,0,0,0,0,0,0,0,0,0,0,0,0,0,0,0,0,4,0,0,0,0,0,0,0,0,0,0,0,0,0,0,0
"D368",0,0,0,0,0,0,0,0,0,0,0,0,0,0,18,0,0,0,0,8,0,0,0,0,0,0,0,0,0,0,0,0,0,0,0,0,0,0,60,0,0,0,0,0,0,0,1,4305,0,0,0,0,0,0,0,0,0,0,94,0,0,2,0,0,0,0,0,0,0,448,0,0,27,0,2,0,0,0,0,0,0,0,68,0,0,1,0,29,0,3,0,0,0,0,0,0,1,187,43,0,0,0,0,0,0,0,0,4435,0,0,0,0,0,0,196,31,30,3,0,0,2,9,0,0,0,0,0,0,0,0,0,0,244,0,0,0,0,0,301,181,0,0,0,0,0,0,0,0,0,0,0,0,0,0,0,0,0,0,1,0,0,0,0,4,0,0,0,0,197,0,0,2934,0,0,0,0,0,3,0,0,0,2,0,0,0,0,20,0,0,24,0,0,0,0,0,2,0,0,0,0,3,0,0,0,0,0,9,3,0,0,0,0,0,10,0,0,0,2,7,0,0,0,0,0,0,0,1,0,0,0,0,0,0,0,0,0,0,0,0,5,0,0,0,0,0,0,101,2,3,20,0,0,0,0,34,3,0,0,0,0,0,0,0,331,428,0,0,0,0,0,0,0,3,0,0,0,4,0,0,0,0,0,12,0,0,0,0,0,0,0,0,0,0,0,0,0,0,0,0,0,0,0,0,0,0,0,0,0,0,0,199,0,0,0,0,0,0,0,0,0,0,784,0,0,25,0,0,0,254,0,10,0,0,0,0,0,0,0,0,0,0,0,1,0,0,0,0,0,18,0,0,0,0,0,0,4,0,0,0,0,0,0,0,0,0,0,0,0,0,0,0,0,4,8,0,0,0,0,0,0,0,0,0,0,0,0,0,0,0,0,0,0,0,0,0,0,7,0,0,3,0,0,0,0,0,0,0,0,0,0,0,6,1,0,0,0,0,0,0,0,0,0,0,0,0,0,0,0,0,8,0,0,0,0,0,0,0,0,0,0,0,0,0,0,0,0,0,0,0,0,0,0,0,0,0,0,0,0,0,0,0,0,0,0,0,0,0,0,0,0,0,0,108,0,0,0,13,5,0,0,0,0,0,13,0,0,0,14,0,0,0,0,0,162,70,0,0,0,0,0,0,2,0,0,0,14,0,0,0,0,0,0,0,0,0,0,0,0,0,0,0,0,0,0,0,0,0,0,0,0,0,0,0,0,14,0,0,0,3614,0,0,0,0,0,0,3,0,0,0,0,0,0,0,6,0,744,28,0,0,0,55,0,0,0,0,2,0,0,0,0,0,0,0,0,0,0,0,1149,0,0,0,0,0,0,0,0,0,0,0,0,0,6,0,0,0,8,607,0,0,83,211,0,0,0,0,0,0,0,0,0,0,0,0,0,231,0,0,0,0,92,0,0,11,0,0,0,0,146,0,0,0,35,0,0,131,0,0,0,0,0,0,0,0,0,934,0,0,4,0,0,0,0,21,0,0,0,0,0,2066,264,0,0,0,0,0,988,0,917,0,0,0,0,0,0,0,0,2,0,0,0,16,0,0,0,2,88,0,0,0,2,8,0,162,0,0,0,18,0,0,0,0,0,0,0,0,0,0,0,31,0,0,0,0,149,0,0,0,0,0,0,0,0,0,0,4,0,0,0,0,0,0,0,0,0,0,34,0,0,0,0,0,0,0,0,0,0,0,202,0,0,0,0,0,0,0,0,0,748,0,0,0,0,0,1270,0,0,0,0,0,0,0,0,1,0,0,0,0,0,0,0,21,0,2,0,0,0,0,4,0,0,0,0,0,0,0,0,0,0,0,0,0,18,0,0,2,0,0,0,0,0,0,0,0,0,0,858,0,68,0,0,0,254,0,0,0,0,0,0,119,0,0,111,0,0,0,0
"D369",0,3,0,1,0,0,0,2,0,0,0,0,0,0,0,7,2,0,3,0,0,15,11,0,0,0,0,17,16,0,6,0,36,0,1,10,0,0,0,0,0,0,39,2,17,0,6,0,1,7,0,0,0,0,0,34,0,315,4,26,0,0,0,0,2,0,0,9,0,0,3,0,0,0,0,0,0,0,0,10,16,0,0,0,0,5,0,0,118,0,0,6,0,0,0,0,2,0,0,2,3,0,0,0,0,0,0,0,0,0,2,63,0,0,0,0,0,0,0,1,0,0,0,7,2,0,0,0,0,0,0,0,4,2,15,8,0,0,0,0,0,0,0,0,0,35,0,5,0,0,0,2,5,0,0,3,0,0,0,1,0,0,43,0,0,9,55,0,0,0,0,1,0,0,3,34,0,0,0,6,0,0,0,7,0,0,0,0,0,0,3,0,0,0,0,0,0,6,0,1,4,0,0,0,0,0,0,2,5,12,0,0,0,0,0,22,0,0,0,3,0,11,0,103,0,8,0,0,3,4,0,0,2,0,22,0,0,0,0,12,0,1,0,0,0,7,0,0,0,0,0,0,4,0,0,0,0,5,0,0,0,0,0,0,0,13,0,0,4,0,0,2,0,0,0,0,2,0,2,1,0,0,0,0,0,0,13,2,0,0,0,0,0,0,0,0,0,0,2,2,6,0,0,0,0,0,1,1,0,0,0,0,0,1,0,0,1957,0,0,16,6,0,3,2,0,0,0,2,0,0,0,0,0,3,0,0,166,4,0,0,0,0,0,0,0,3,0,0,0,0,0,0,0,0,0,0,0,0,0,0,2,0,0,8,0,0,0,0,14,2,7,0,0,0,0,8,0,1,0,0,6,0,0,0,0,0,0,2,0,0,0,0,3,0,0,0,0,42,0,0,8,0,0,0,0,0,0,0,0,0,26,4,0,0,1,8,2,0,21,0,14,0,0,14,10,0,16,1,0,0,1,0,0,1,0,0,0,3,0,0,2,2,0,0,4,0,0,0,563,0,0,7,3,0,2,0,0,5,0,0,0,5,0,0,10,15,14,0,43,15,0,9,0,2,3,17,0,0,55,23,0,6,2,0,7,0,3,0,32,24,4,0,0,0,0,0,0,0,7,0,4,0,7,0,0,0,26,0,0,0,0,2,0,0,0,0,0,0,11,0,2,0,0,8,0,169,0,0,14,7,30,0,0,9,0,1,0,0,0,0,9,56,2,0,2,0,0,2,0,0,0,3,0,0,2,0,0,0,0,0,0,0,0,0,0,0,0,0,4,0,0,0,3,16,0,0,0,0,5,0,0,3,0,0,0,0,0,0,0,0,40,0,0,2,0,0,0,32,2,0,0,0,11,2,0,7,0,0,0,0,0,2,0,6,0,0,11,16,26,0,0,0,0,0,2,3,3,0,3,2,0,0,448,0,0,0,0,20,9,4,0,89,0,7,0,0,13,5,0,0,2,0,0,0,0,2,0,1,1,0,10,0,1,0,0,0,0,0,0,0,0,0,12,0,10,0,0,0,2,43,0,0,0,0,0,0,0,0,0,5,0,123,0,0,0,0,0,83,331,0,0,0,0,8,0,0,0,2,0,5,0,10,2,0,0,0,5,0,0,6,3,6,4,0,0,20,19,0,0,3,6,19,0,57,0,0,0,2,0,8,2,40,0,0,0,2,2,0,3,1,4,0,11,11,4,0,19,0,0,0,12,10,0,0,0,0,0,0,0,8,2,0,32,0,0,0,0,0,4,0,0,0,13,0,0,0,2,0,0,0,4,6,8,2,0,0,0,15,0,0,1,0,0,3,0,3,0,0,0,0,0,0,0,3,0,0,0,0,0,2,0,0,0,3,15,103,4,0,0,2,0,0,0,11,0,1
"D370",1,0,142,293,0,0,0,11,0,0,0,65,0,45,0,58,222,0,2,0,0,0,0,34,0,0,15,2,0,0,15,0,0,0,49,353,0,0,0,0,1004,0,21,0,6,0,0,0,39,100,0,0,46,2,0,0,0,0,5,2,0,0,0,5,0,12,0,29,81,9,0,3,0,0,0,0,0,25,0,0,168,6,0,0,0,20,0,0,0,2,34,0,0,74,0,0,0,0,0,0,198,0,0,0,69,0,11,0,0,0,7,0,0,82,0,15,0,0,2,267,9,0,0,0,0,0,0,6,26,0,0,0,1,0,212,10,22,0,0,0,0,0,0,6,122,24,0,11,0,8,0,3,25,0,0,45,0,0,0,261,0,0,0,50,2,0,90,237,4,0,293,0,0,0,35,0,86,0,0,8,0,0,21,38,0,0,0,0,101,0,2,0,0,0,0,0,2,15,4,8,82,0,0,33,0,184,0,53,0,0,0,3,5,0,2,0,0,0,0,13,2,0,0,0,312,8,9,49,157,2,11,26,5,14,124,0,0,0,4,0,175,0,24,52,42,0,0,0,0,0,44,2,4,4,0,19,9,15,3,9,0,12,0,0,0,0,0,0,1,0,0,82,6,0,0,2,5,53,1,1,2,3,0,8,0,0,0,8,0,1321,595,44,80,15,0,0,0,0,0,334,0,0,0,0,0,0,0,0,0,19,0,0,0,0,11,0,217,406,3,544,0,0,0,0,0,0,0,0,0,0,0,149,233,0,0,17,0,15,4,2,0,9,0,2,0,0,2,46,0,0,0,0,0,2,0,26,6,0,10,0,0,0,3,0,0,0,371,0,0,18,0,524,3,0,20,0,0,0,10,0,272,0,56,0,0,0,2,0,0,0,0,1586,0,0,30,2,0,296,0,0,0,0,3,0,0,0,0,134,0,0,0,28,0,0,14,0,0,0,31,0,6,0,0,0,0,1,73,132,0,0,0,0,34,158,1,0,3,166,0,0,18,320,78,0,13,0,0,2,0,0,0,2402,0,10,0,6,0,5,0,0,0,0,193,0,462,0,24,11,0,0,0,0,0,6,35,0,0,0,7,0,59,0,0,0,14,0,3,0,0,3,28,0,0,0,0,3,0,22,0,9,0,0,0,0,0,6,0,0,0,1,0,170,47,73,0,24,14,1,0,51,0,5,0,0,0,103,0,0,0,0,0,0,0,0,0,0,0,0,2,1,1399,0,6,0,108,0,14,54,0,0,3,0,2306,0,4,0,0,0,22,2,0,158,0,127,0,11,0,0,0,0,0,0,10,1221,0,0,0,0,0,7,0,6,0,0,3,3,2,2,8,2,1054,8,5,0,0,0,0,0,0,0,0,0,0,148,0,0,6,46,0,0,0,2,13,0,0,0,0,0,49,0,14,4,0,3,52,0,0,0,25,0,0,0,0,80,0,11,24,12,0,0,0,14,0,1,0,0,0,10,0,0,2,0,0,23,79,0,9,1,0,0,118,0,0,0,0,0,0,0,0,0,0,0,9,0,0,0,0,1,0,0,0,5,11,0,0,0,0,5,2,5,0,0,0,0,0,0,0,1085,0,0,17,0,0,1,0,23,0,78,0,0,3,0,0,0,0,0,0,7,0,48,112,0,20,0,0,87,20,0,0,0,102,0,4,0,122,0,3,4,0,0,2,0,41,0,2,0,4,0,0,7,7,4,0,21,0,0,12,0,0,0,0,0,12,0,33,0,59,0,1,21,0,8,769,0,0,0,13,0,18,3,0,10,21,0,0,0,0,0,3,0,0,7,0,0,147,0,0,460,0,0,0,4,8,0,1,0,0,431,0,0,27,0,0,25,0,0,0,0,0,0,0,0,199,0,0,113,0,1,6,0,0,0,0,30,3,102
"D371",21,28,164,25,0,0,2,51,18,0,0,0,0,6,1,33,154,0,8,0,0,8,1,461,0,0,13,117,0,0,60,0,67,68,20,223,0,0,0,0,78,15,328,0,394,0,23,0,31,2,0,0,192,6,0,94,0,210,0,45,0,0,19,82,3,122,0,7,25,0,21,1,0,6,0,4,51,0,0,453,207,11,0,0,0,9,0,0,51,5,0,22,0,2,0,5,0,0,0,7,109,0,0,0,91,7,0,0,6,0,31,31,40,3,0,0,0,0,15,35,0,0,0,7,0,0,0,3,0,100,3,0,0,0,2,12,2,0,0,0,36,0,0,34,21,864,0,6,0,0,0,8,38,2,7,79,112,0,5,38,0,0,0,20,107,12,160,230,0,0,14,7,23,0,60,357,11,0,0,25,0,0,3,126,0,0,0,5,30,0,0,2,0,0,0,0,1,42,30,0,130,0,17,74,0,89,0,82,38,21,0,0,71,0,21,130,0,0,0,4,5,84,0,14,388,0,0,0,112,0,0,16,6,32,135,0,145,0,17,409,68,64,6,32,78,15,0,0,1,0,4,60,16,2,0,170,50,4,17,13,35,80,0,0,0,0,1,0,91,0,3,7,0,0,56,30,22,27,12,9,41,17,0,6,4,0,22,53,1,136,210,37,77,57,4,0,0,9,5,55,24,0,0,0,0,26,81,38,8,0,0,9,61,3,0,2,13601,36,0,356,34,0,22,0,0,20,0,3,0,7,4,33,0,1,2,60,234,0,11,2,0,0,0,0,0,12,0,179,0,0,0,2,52,10,0,3,0,0,11,0,53,0,2,14,0,0,84,0,0,0,599,0,0,0,57,9,0,0,21,7,19,251,0,0,8,30,68,31,0,76,14,130,29,1,54,110,0,368,0,0,0,38,6,2,0,31,4,7,0,0,38,368,0,0,41,79,97,0,76,0,93,0,6,151,87,22,157,65,0,3,0,0,5,220,0,59,0,0,99,0,20,143,82,10,15,0,0,0,7,0,0,41,32,15,196,15,4,28,0,0,12,0,307,24,171,0,75,61,12,103,221,284,0,25,0,27,0,0,312,1,0,54,0,0,0,0,27,0,24,89,113,37,0,0,0,2,0,62,251,13,21,3,0,0,0,0,61,0,41,8,0,80,42,0,0,0,4,22,24,1,5,0,43,21,2,256,8,2,16,2,183,0,0,95,0,0,0,3,0,0,1068,35,0,0,391,0,22,55,0,0,0,12,271,2,0,0,0,0,0,0,0,243,9,11,0,0,0,0,22,0,2,0,0,243,28,0,0,0,0,20,0,12,7,37,1,12,21,3,25,0,220,2,0,10,5,0,0,11,39,0,0,20,0,34,5,0,41,17,0,0,0,0,0,0,0,11,88,7,209,0,0,4,3,4,162,0,0,0,53,3,132,0,317,14,0,3,7,256,0,72,0,69,0,13,0,0,18,23,5,6,3,3,0,106,33,9,0,0,57,0,94,0,29,47,206,0,62,0,0,0,0,0,207,0,70,51,0,0,26,345,0,0,3,0,0,0,5,2,1,4,0,0,0,0,12,8,0,2651,370,106,7,40,0,2,0,31,24,28,0,43,1,20,46,0,0,5,1,0,0,30,12,18,56,0,0,26,164,0,13,0,399,32,20,18,47,0,6,141,0,0,3,0,15,0,20,29,7,0,2,68,9,17,0,12,0,0,93,0,26,0,24,36,2,0,0,0,0,0,0,449,0,0,596,0,0,0,27,13,47,5,0,19,152,0,5,0,11,3,2,45,13,78,37,2,91,169,6,63,0,3,64,0,7,1,14,29,29,31,0,0,4,16,0,74,0,0,13,7,0,38,2,0,65,0,6,704,16,0,0,0,0,3,0,48,7,12
"D372",0,0,0,0,0,0,0,0,0,2,0,0,0,0,0,0,0,0,0,0,0,0,0,0,0,0,0,0,0,0,0,0,0,0,0,0,0,0,0,0,0,0,0,0,0,0,0,0,0,0,0,0,0,0,0,0,0,0,0,0,0,0,0,0,0,0,0,0,0,0,0,0,0,0,0,0,0,0,0,0,0,0,0,0,0,0,0,0,0,0,0,0,0,0,0,0,0,0,0,0,0,0,0,0,0,0,0,0,0,0,0,0,0,0,0,0,0,0,0,0,0,0,0,0,0,0,0,0,0,0,0,0,0,0,0,0,0,0,69,0,0,0,0,0,0,0,0,0,0,0,0,0,0,0,0,0,0,12,0,0,0,0,0,0,0,0,0,0,0,0,0,0,0,0,0,0,0,0,0,0,0,0,0,0,0,0,0,0,0,0,0,0,0,0,0,0,0,0,0,0,0,0,0,0,0,0,0,0,0,0,0,0,0,0,0,0,0,0,0,0,0,0,0,0,0,0,0,0,0,0,0,0,0,0,0,0,0,0,0,0,0,0,0,0,0,0,0,0,0,0,0,0,0,0,0,0,0,0,0,0,0,479,0,0,0,0,0,0,0,0,0,0,0,0,0,0,0,0,0,0,0,0,0,0,0,0,0,0,0,0,0,0,0,0,0,0,0,0,0,0,0,0,0,0,0,0,0,0,0,0,0,0,0,0,0,0,0,0,0,0,0,0,0,0,0,0,0,0,0,0,0,0,0,0,0,0,0,0,0,0,0,0,0,0,0,0,0,0,0,0,0,0,0,0,0,0,0,0,0,0,0,0,0,0,41,0,0,0,0,0,0,0,0,0,0,0,0,0,0,0,0,0,0,0,0,0,0,0,0,0,0,0,0,0,0,0,0,20,0,0,0,0,0,0,0,0,0,0,0,0,0,0,0,0,0,0,0,0,0,0,0,0,0,0,0,0,0,0,0,0,0,0,0,0,0,0,0,0,0,0,0,0,0,0,0,0,0,0,0,0,0,0,0,0,0,0,0,0,0,6129,0,0,0,0,0,0,0,0,0,0,0,0,0,0,0,0,0,0,0,0,0,0,0,0,0,0,0,0,0,0,0,0,0,0,0,0,0,0,0,0,0,0,0,0,0,0,0,0,0,0,0,0,0,0,0,0,0,0,0,0,0,0,0,0,0,0,0,0,0,0,0,0,0,0,0,0,0,0,0,0,0,0,0,0,0,0,0,0,0,0,0,0,0,0,0,0,0,0,0,0,0,0,0,0,0,39,0,0,0,0,0,0,0,0,0,0,0,0,0,0,0,0,0,0,0,0,0,0,0,0,0,0,0,0,0,0,76,0,0,0,20,0,0,0,0,0,0,0,0,0,0,0,0,0,25,0,0,0,0,0,0,0,0,0,0,0,0,0,0,0,0,0,0,0,0,0,0,0,0,0,0,0,0,0,0,0,0,0,0,0,0,0,0,0,0,0,0,0,0,0,0,0,0,0,0,141,0,0,0,0,0,0,0,0,0,0,0,0,0,0,0,0,0,0,0,0,0,0,0,0,0,0,0,0,0,0,0,0,0,0,0,0,0,0,0,0,0,0,0,0,0,0,0,0,0,0,0,0,0,0,0,0,0,4,0,0,0,0,0,0,0,0,0,0,0,0,0,0,0,0,0,0,0,0,0,0,0,0,0,0,0,0,0,0,0,0,0,0,0,0,0,0,0,0,0,0,0,0,0,0,0,0,0,0,0,0,0,0,0,0,0,0,0,0,0,0,0,0,0,0,0,0,0,0,0,0,0,0,0,0,0,0,0,0,0,0,0,0,0,0,0,0,0,0,0,0,0,0,0,0,0,0,0,0,0,0,0,0,0,0,0,0,0,0,0,0
"D373",0,0,0,0,0,5957,0,19,0,83,0,0,1,0,0,0,0,0,0,0,0,0,0,0,0,0,0,0,0,24,0,0,0,0,0,1,0,196,0,0,0,0,0,0,0,0,1,0,0,0,0,0,0,0,0,0,0,0,0,0,0,0,0,0,0,0,23,0,3,0,0,22,0,0,0,0,0,4,0,0,0,0,0,0,0,0,107,0,0,0,0,0,0,0,0,0,0,0,0,0,0,0,0,0,0,0,0,0,8,0,0,0,0,0,0,0,0,0,0,0,0,0,0,0,0,7,0,0,0,0,0,0,0,0,0,0,0,0,0,0,0,1099,6,0,0,0,0,0,5781,0,1174,0,0,0,4,0,0,3092,0,0,0,0,0,0,0,0,0,6,0,0,0,0,0,0,0,0,0,0,2643,0,0,0,0,0,0,336,0,0,0,0,0,0,0,15,835,0,0,0,0,0,0,2,0,0,0,0,0,0,0,0,0,0,0,0,0,0,116,0,0,0,0,0,0,0,0,0,1,0,0,0,6,0,0,0,0,10936,0,17,0,0,0,0,0,0,0,0,0,0,0,0,0,0,0,0,0,0,0,17,0,0,6,0,0,0,0,0,1,0,0,0,0,0,0,0,0,0,0,0,0,0,0,0,0,0,0,0,0,0,0,0,4,0,0,0,0,0,0,0,0,0,0,0,3,182,37,0,0,0,0,0,0,0,0,0,5,0,3,0,0,0,0,0,0,0,0,0,0,0,0,0,0,0,35,0,0,0,0,0,0,0,0,0,0,3,0,0,0,0,0,0,0,0,0,0,0,0,0,0,4,0,0,0,0,0,6416,44,0,35,0,0,0,0,0,0,0,0,0,0,0,0,0,0,0,0,0,0,0,0,0,0,0,0,0,0,0,0,0,7,43,1,0,0,0,2,0,0,0,0,0,0,0,0,0,0,0,0,0,0,1,0,0,2,0,7,0,2,0,0,0,0,0,0,0,0,0,0,0,0,0,163,0,0,0,0,0,1209,0,0,0,0,0,0,0,0,0,0,0,4,0,0,0,0,0,0,0,0,46,0,0,0,0,0,0,0,0,0,0,0,0,0,0,0,0,16,0,0,0,0,0,0,0,0,0,0,0,0,283,0,0,0,0,0,0,0,0,0,0,0,0,0,0,0,0,0,0,0,0,0,0,0,0,0,0,0,0,0,0,0,0,0,0,17,3,0,0,0,0,0,0,0,0,0,0,0,0,0,0,0,0,78,0,0,0,0,0,0,0,0,0,0,0,0,0,0,0,0,0,691,0,1423,0,0,0,0,0,0,31,0,0,0,0,0,0,0,0,0,0,0,0,0,0,0,0,0,0,8,0,0,0,0,0,0,0,0,0,0,0,0,0,0,21,0,3,0,0,0,0,0,0,0,0,0,0,0,0,0,0,0,0,13,462,0,0,0,0,0,0,0,0,0,0,0,9,0,0,0,0,4,0,0,0,0,0,0,0,0,2,0,0,0,8,0,0,0,0,0,0,0,0,4990,0,1937,0,0,0,0,0,0,0,0,0,0,0,0,0,0,0,0,0,0,0,0,0,0,9,0,0,0,0,0,0,0,0,0,0,0,0,0,0,0,0,0,0,0,0,0,0,0,9,0,0,0,0,5,0,0,0,123,13,0,5,0,0,0,0,0,0,0,0,0,0,0,2,0,0,0,0,0,0,0,0,0,0,0,0,0,0,0,0,0,0,0,0,0,0,0,0,0,0,0,0,0,0,1320,0,0,0,0,0,0,0,0,0,0,13,0,0,0,0,0,0,0,0,0,0,0,0,0,0,0,0,0,0,0,0,0,0,0,0,0,0,0,0,0,431,0,0,0,0,0,0,0,0,0,0,0,0,8,0,0,0,0,0,31,0,0
"D374",2,0,0,0,0,0,0,0,0,0,0,0,0,0,0,0,0,0,7,0,0,0,0,0,0,0,0,0,0,0,0,0,0,0,0,0,0,0,0,0,0,0,0,0,0,0,0,41,0,0,0,0,0,0,0,0,0,0,0,0,0,0,0,0,0,0,0,0,1,0,0,0,0,0,0,0,0,0,5,0,0,0,481,0,0,61,0,0,0,0,0,0,0,0,0,0,0,0,0,0,0,0,0,0,0,0,0,61,0,0,0,0,0,0,292,0,74,0,0,0,0,154,0,0,0,0,0,0,0,0,0,0,0,0,0,0,0,0,0,187,0,0,0,0,0,0,0,0,0,0,0,0,0,0,0,0,0,0,0,0,0,0,0,0,0,0,0,0,0,0,0,476,0,0,0,0,0,0,0,0,0,0,0,0,0,0,0,0,0,213,0,0,0,0,0,0,0,0,0,0,0,0,0,0,0,0,0,0,0,0,0,0,0,793,0,0,0,0,0,0,0,0,0,0,0,0,0,0,0,0,0,0,0,0,0,0,0,0,0,0,0,0,0,0,0,0,0,0,0,0,0,0,0,0,0,0,0,0,0,0,0,0,0,1074,80,0,0,0,0,0,0,0,0,248,0,0,0,0,0,0,0,0,246,0,0,0,0,0,0,0,0,0,0,0,0,0,0,0,0,0,0,0,0,0,0,0,0,0,0,0,11,0,0,0,0,68,0,0,0,0,0,38,0,0,0,0,0,0,0,0,0,0,0,0,0,0,0,0,0,0,0,0,0,0,0,0,0,0,0,0,0,0,0,0,0,0,0,0,0,0,0,993,0,0,0,0,0,0,0,0,0,0,0,51,0,0,0,0,0,0,0,0,0,0,0,0,0,0,0,0,0,0,0,0,0,0,8,0,0,0,0,0,0,5,0,3,3,0,0,0,0,0,0,0,0,0,0,0,0,0,0,0,0,0,0,0,0,0,0,0,0,0,0,0,0,0,0,0,0,0,0,0,0,0,0,0,0,0,0,0,0,0,0,0,0,0,0,0,0,0,0,0,0,0,0,0,0,0,0,0,0,0,49,0,0,0,11,0,0,0,0,0,0,0,0,0,0,261,0,0,0,0,0,0,0,0,0,0,0,0,0,0,0,0,0,4,0,0,0,0,0,0,0,0,0,0,0,0,0,0,0,0,0,0,0,0,0,0,0,3,0,0,0,0,0,0,0,0,0,0,0,0,0,0,0,0,0,0,0,0,0,0,0,0,0,43,0,367,0,0,0,0,0,0,0,0,0,0,0,0,0,0,0,0,0,0,0,503,0,0,0,0,0,0,0,0,0,0,0,0,0,0,0,0,0,0,937,0,0,11,0,0,0,0,0,0,0,0,0,6,0,0,0,0,2389,0,0,0,0,257,0,0,0,0,0,0,0,0,0,0,0,0,0,0,5,0,0,0,0,0,0,0,0,0,0,0,0,0,0,0,0,0,0,17,0,0,0,0,0,682,0,0,0,0,0,0,0,3491,113,0,0,0,0,0,0,0,0,0,0,0,0,0,0,0,0,0,0,0,0,206,0,0,0,0,0,0,0,0,0,0,0,0,0,0,0,0,0,0,0,0,0,0,0,0,0,0,0,0,0,0,0,0,0,0,2,0,0,0,0,0,0,0,0,0,0,0,0,0,1,0,0,0,0,0,0,0,0,3,0,0,0,0,0,0,0,0,12,0,0,0,0,0,0,118,0,0,0,0,0,0,0,0,0,0,0,0,0,0,0,0,0,0,0,0,5,0,0,0,0,0,0,0,0,0,0,0,0,0,0,0,0,0,0,0,0,0,0,0,0,0,0,0,0,0,0,0,0,0,0,0,0,0,0,0,0,0,0,0,0,0,0,0,0,0,0,0
"D375",0,0,0,0,0,0,0,0,0,0,0,0,0,0,0,0,0,0,0,0,0,0,0,0,0,0,0,0,0,0,0,0,0,0,0,0,0,0,0,0,0,0,0,0,0,0,0,0,0,0,0,0,0,0,0,0,0,0,0,0,0,0,0,0,0,0,0,0,0,0,0,0,0,0,0,0,0,0,0,0,0,0,0,0,0,0,0,0,0,0,0,0,0,0,0,0,0,0,0,0,0,0,0,0,0,0,0,0,0,0,0,0,0,0,0,0,0,0,0,0,0,0,0,0,0,0,0,0,0,0,0,0,0,0,0,0,0,0,0,0,0,0,0,0,0,0,0,0,4,0,3,0,0,0,0,0,0,0,0,0,0,0,0,0,0,0,0,0,0,0,0,0,0,3,0,0,0,0,0,0,0,0,0,0,0,0,0,0,0,0,0,0,0,0,0,0,0,0,0,0,0,0,0,0,0,0,0,0,0,0,0,0,0,0,0,0,0,0,0,0,0,0,0,0,0,0,0,0,0,0,0,0,0,0,0,5,0,0,0,0,0,0,0,0,0,0,0,0,0,0,0,0,0,0,0,0,0,0,0,0,0,0,0,0,0,0,0,0,0,0,0,0,0,0,0,0,0,0,0,0,0,0,0,0,0,0,0,0,0,0,0,0,0,0,0,0,0,0,0,0,0,0,0,6,0,0,0,0,0,0,0,0,0,0,6,0,0,0,0,0,0,0,0,0,0,0,0,0,0,0,0,0,0,0,0,0,0,0,0,0,0,0,0,0,0,0,0,0,0,0,0,0,0,0,0,0,0,0,0,0,0,0,0,0,3,0,0,0,0,0,0,0,0,0,0,0,0,0,0,0,0,0,0,0,0,0,0,0,0,0,0,0,0,0,0,0,0,0,0,0,0,0,0,0,0,0,0,0,0,0,0,0,0,0,0,0,0,0,0,0,0,0,0,0,0,0,0,0,0,0,0,0,0,0,0,0,0,0,0,0,0,0,0,0,0,0,0,0,0,0,0,0,0,0,0,0,0,0,0,0,0,0,0,0,0,0,0,0,0,0,0,0,0,0,0,0,0,0,0,0,0,0,0,0,0,0,0,0,0,0,0,0,730,0,0,0,0,0,0,0,0,0,0,0,0,0,0,0,0,0,0,0,0,0,0,0,0,0,0,0,0,0,0,0,0,0,0,0,0,0,0,2,0,0,0,0,0,0,0,0,0,0,0,0,0,0,0,0,0,0,0,0,0,0,0,0,0,0,0,0,0,0,0,0,0,0,0,2,0,0,0,0,0,0,0,0,0,0,0,0,0,0,0,0,0,0,0,0,0,0,0,0,0,0,0,0,0,0,0,0,0,0,0,0,0,0,0,0,10084,0,0,0,0,0,0,0,0,0,0,0,0,0,0,0,0,0,0,0,0,0,0,0,0,0,0,0,0,0,0,0,0,0,0,0,0,2,0,0,0,0,0,0,0,0,0,0,0,0,0,0,0,0,0,0,0,0,0,0,0,0,0,0,0,0,0,0,0,0,0,0,0,0,0,0,0,0,0,0,0,0,0,0,0,0,0,0,0,0,0,0,0,0,0,0,0,0,0,0,0,0,0,0,0,0,0,0,0,0,0,0,0,0,0,0,0,0,0,13,0,0,0,0,0,0,0,0,0,0,0,0,0,0,0,0,0,0,0,0,0,0,0,0,0,0,0,0,0,0,0,0,0,0,0,0,0,0,0,0,0,0,0,0,0,0,0,0,0,0,0,0,0,0,0,0,0,0,0,0,0,0,0,0,0,0,0,0,0,0,0,0,0,0,0,0,0,0,0,0,0,0,0,0,0,0,0,0,0,0,0,0,0,0,0,0,0,0,0,0,0,0,0,0,0,0,0,0
"D376",0,0,0,0,0,0,0,0,0,0,0,0,0,0,0,0,0,0,0,0,0,0,0,0,0,0,0,0,0,0,3,0,0,0,0,0,0,0,0,0,0,0,0,0,0,0,0,0,0,0,0,1,0,0,0,0,0,0,0,0,0,0,0,0,0,0,0,0,0,0,0,0,0,0,0,0,0,0,3,0,0,0,0,0,0,0,8,0,0,0,0,0,0,0,14,0,0,0,0,0,0,0,0,0,0,0,0,0,0,0,0,0,0,0,6,0,0,0,0,0,0,0,0,0,0,0,0,0,0,0,0,0,0,0,0,0,0,0,3,0,0,0,0,0,0,0,0,0,0,0,0,0,0,0,0,0,0,0,0,0,0,0,0,0,0,0,0,0,0,0,0,0,0,2,0,6,0,0,0,0,0,0,0,0,0,0,0,0,0,0,0,0,0,0,0,0,0,0,0,0,0,0,0,0,0,0,0,0,0,0,0,2,0,0,0,0,0,0,0,0,0,0,0,0,0,0,0,0,0,0,0,0,0,0,0,5,0,24,0,0,0,0,0,0,0,0,0,0,0,0,0,0,0,0,0,0,0,1,0,0,0,0,7,0,0,0,0,0,0,0,0,0,0,0,0,0,0,0,0,0,0,0,0,0,0,0,0,0,0,0,0,0,0,0,0,0,0,0,0,0,0,0,0,0,0,0,0,0,0,0,0,0,0,0,0,0,12,0,0,0,0,0,0,0,0,0,0,0,0,0,0,0,0,0,0,0,0,0,0,0,12,0,0,0,0,0,0,0,0,0,0,0,0,0,0,0,0,0,0,0,0,0,0,0,0,0,0,0,0,0,0,0,0,0,0,0,0,0,0,0,0,0,0,0,0,0,0,0,0,0,0,0,0,0,0,0,0,0,0,2,0,0,2,0,0,0,0,0,0,0,0,0,0,0,0,0,0,0,0,0,0,0,0,0,0,0,0,0,0,0,4,0,0,0,0,0,0,0,0,0,0,0,0,0,0,0,0,0,0,0,0,0,0,0,0,0,0,0,0,533,0,0,0,0,0,0,0,0,0,0,0,0,0,0,0,0,0,2,0,0,0,0,0,0,0,0,0,0,0,0,0,0,0,0,0,0,0,0,0,0,0,0,0,0,0,0,0,0,0,0,2,0,0,0,0,0,4,0,0,0,0,0,0,0,0,0,0,0,0,0,0,2,0,0,0,0,0,0,0,9,0,0,0,0,0,0,0,0,0,0,0,0,0,0,0,0,0,0,0,0,0,0,0,0,0,0,0,0,0,0,0,0,0,0,0,0,0,4,0,0,0,0,0,0,0,0,0,0,0,0,0,0,0,0,0,0,0,0,0,0,0,0,0,0,0,0,0,0,0,0,0,0,0,0,2,0,0,0,0,0,0,0,0,0,0,0,0,0,0,0,0,0,6,0,0,0,0,0,0,0,0,0,0,0,0,0,0,0,0,0,0,0,0,0,0,0,0,2,0,0,0,0,0,0,0,6,0,8,0,2,0,0,0,0,0,0,0,0,0,0,4,0,0,0,0,0,0,0,0,0,0,0,0,0,0,0,0,0,0,0,0,0,0,0,0,0,0,0,0,0,0,0,0,0,0,0,0,0,0,0,0,0,0,472,0,0,0,0,0,0,0,0,0,0,0,0,0,0,4,0,0,0,0,0,0,0,0,0,0,0,0,0,0,0,0,0,0,0,0,0,0,0,0,0,0,0,0,0,0,0,0,0,0,0,0,0,0,0,0,0,0,0,0,0,0,0,0,0,0,0,0,0,0,0,0,0,0,0,0,0,0,0,0,0,0,0,0,0,0,0,0,0,0,0,0,20,0,0,0,0,0,0,0,0,0,0,0,0,0,0,0,5,0,0,0,3
"D377",0,0,0,1,0,0,0,0,0,0,12,3,0,0,75,0,0,0,6,2,6,0,9,0,4,2,0,0,0,37,0,60,0,0,4,0,79,0,7,0,0,0,0,1,53,0,14,1158,0,0,3,1,0,0,6,13,0,0,80,0,0,2,0,0,4,0,0,35,0,22,0,0,374,0,2,14,0,0,0,0,0,0,286,0,8,0,0,3,0,3,0,0,0,0,0,4,3,100,32,0,0,8,0,5,32,0,0,91,0,0,0,18,0,0,421,122,66,25,0,0,13,15,4,11,6,0,22,2,0,0,0,10,0,1,0,36,0,0,819,20,0,0,0,0,4,0,9,4,0,0,0,0,10,18,0,0,0,0,0,0,9,0,0,16,0,0,0,3,0,0,0,2468,0,0,0,0,0,39,0,0,7,60,0,12,2,0,2,0,0,508,0,0,16,0,0,233,49,0,0,23,24,0,0,0,0,0,0,17,0,0,0,0,3,746,0,0,4,3,324,2,0,4,0,3,0,0,0,0,0,0,0,0,3,0,0,0,0,0,26,23,0,2,4,0,0,0,62,24,2,109,0,0,0,0,56,8,1,0,0,2,0,0,25,256,48,0,0,0,0,0,0,0,8,123,0,0,12,0,0,0,3,0,214,0,2,0,0,0,0,0,0,0,0,2,8,0,0,0,2,0,0,0,0,0,0,0,3,0,0,0,27,0,0,2,0,10,0,0,0,0,3,24,0,0,6,0,0,0,8,0,13,0,0,35,0,1,0,2,0,0,0,109,11,0,0,0,8,4,0,22,28,0,3,0,1,5,0,58,0,0,0,5,0,0,0,0,0,0,0,6,1,0,1,0,0,9,0,0,2,0,0,0,0,0,0,0,0,0,1,6,0,0,0,0,0,4,33,0,0,50,24,0,0,0,0,0,8,0,0,0,0,232,134,0,0,0,0,0,37,0,0,0,0,10,0,0,0,0,0,94,0,0,0,8,0,0,0,0,0,0,0,2,0,0,4,0,13,0,0,0,26,0,0,0,0,3,0,0,0,0,0,2,7,133,5,8,8,5,0,0,0,0,82,0,0,0,43,6,5,0,0,0,0,19,0,0,0,2,0,0,0,9,0,9,2,0,0,0,3,0,0,9,0,30,0,10,0,0,0,0,0,0,0,0,46,0,0,0,0,0,0,0,0,0,4,0,0,0,0,112,0,0,0,0,62,0,21,7,16,5,0,0,20,4,5,0,0,0,3,0,0,0,0,10,1,909,0,0,0,16,20,4,0,0,56,0,1,0,0,0,0,0,0,0,0,3,0,5211,3,0,0,0,0,3,8,5,0,4,1,0,0,0,0,0,0,0,1620,0,0,73,263,0,5,0,0,1,31,0,0,0,0,0,0,0,253,0,0,0,11,53,5,0,7,0,0,0,30,3,0,1,0,4,0,0,2,27,0,0,3,0,0,0,0,8,13,0,0,8,0,0,0,0,65,0,0,0,0,0,151,1588,0,0,0,0,0,1285,3,2291,4,0,1,0,0,0,0,2,5,2,0,0,8,0,0,8,9,20,4,19,0,13,5,0,17,0,11,3,22,48,0,2,0,5,0,0,0,0,0,0,41,4,0,10,0,24,0,0,0,0,13,8,0,2,0,0,140,0,9,0,0,12,14,32,0,5,0,50,26,10,0,0,0,1,0,4,0,0,0,34,12,0,0,0,0,0,0,0,28,970,3,0,0,0,0,728,0,0,0,6,0,0,15,0,3,0,15,0,0,2,2,0,16,3,22,1,26,2,7,27,6,0,0,21,0,32,0,0,0,0,18,0,4,0,0,6,4,0,0,0,45,25,0,0,11,4,0,4647,0,24,0,0,0,7,0,12,4,32,0,0,0,14,1,0,0,0,0,0
"D378",4,10,40,0,0,0,0,14,3,0,0,0,0,7,6,102,95,0,2,0,0,4,2,313,0,0,2,50,0,0,24,0,57,25,12,46,0,0,0,0,17,0,104,0,278,0,1,0,10,4,0,0,7,0,0,83,0,288,1,6,0,0,44,39,1,13,0,2,12,0,22,0,0,0,0,0,5,0,0,151,117,9,0,0,2,0,0,0,58,0,0,14,0,0,0,7,0,0,0,3,32,0,0,0,1,0,0,0,0,0,4,0,13,6,0,0,0,0,0,21,0,0,0,3,0,0,4,2,4,16,1,0,2,0,7,1,3,0,0,0,0,0,0,0,0,32,0,5,0,0,0,1,20,3,0,132,50,0,27,40,0,0,10,21,30,5,53,69,2,1,12,1,0,0,42,630,3,0,0,2,0,7,5,29,0,0,0,4,5,0,0,0,0,0,0,0,0,19,8,0,28,0,0,22,0,33,0,0,10,2,1,0,10,0,3,223,0,0,0,2,0,11,0,61,181,0,3,0,13,2,0,3,19,18,20,0,29,0,2,250,119,38,0,10,19,19,0,0,0,0,5,7,8,0,0,7,9,10,19,0,7,28,0,0,0,6,0,0,46,2,3,10,0,0,4,4,12,3,13,6,14,2,0,5,1,0,29,12,1,116,278,10,29,2,0,0,2,0,2,24,19,0,0,0,0,7,1,22,0,0,0,6,27,0,0,0,8322,22,0,37,18,0,0,0,0,3,0,3,0,1,8,6,0,0,0,3,1113,0,0,0,0,0,0,0,0,3,0,109,0,0,2,0,24,2,0,0,0,0,2,0,26,0,0,20,0,0,93,0,0,0,185,0,0,0,50,0,0,0,15,1,0,0,0,0,0,0,29,11,0,53,4,18,13,0,47,2,0,155,0,0,0,0,0,0,0,7,2,3,0,0,20,517,0,0,5,31,113,0,5,0,11,2,8,18,47,10,163,6,0,5,0,0,2,29,0,8,0,0,4,0,23,24,19,12,7,0,0,0,9,0,2,120,3,7,120,9,2,6,0,0,8,3,280,89,29,0,36,2,47,129,3,90,0,0,14,30,0,0,274,10,0,8,0,0,0,0,18,0,22,23,55,0,0,0,0,0,0,12,188,6,8,0,0,0,0,0,64,0,17,0,0,21,10,3,0,0,3,20,12,0,1,0,4,11,0,568,1,0,23,5,45,0,0,182,0,1,0,0,0,0,617,103,3,0,120,0,14,41,0,0,2,1,92,2,0,0,0,0,0,0,0,44,0,21,0,0,26,0,3,0,0,0,1,109,9,2,0,0,0,4,0,5,6,12,0,15,11,5,14,1,176,0,2,0,1,0,0,15,0,0,0,3,0,8,0,3,3,18,0,0,0,0,0,0,0,2,8,23,453,0,2,3,6,2,54,0,3,0,10,3,0,0,997,8,0,0,4,87,1,54,0,13,0,4,0,0,9,0,0,2,0,0,0,39,63,0,0,0,3,0,184,0,37,18,153,0,0,0,0,0,0,0,73,0,13,14,0,0,6,105,0,0,0,0,0,0,0,0,0,6,0,13,0,0,0,3,0,920,687,101,3,9,0,0,0,0,30,8,0,22,0,3,42,0,0,0,5,2,0,24,8,43,15,0,0,27,59,0,29,0,88,20,11,49,23,0,0,57,0,10,1,0,3,0,2,10,0,0,5,0,6,3,4,16,0,0,15,0,9,0,62,26,0,0,0,0,0,0,2,131,4,0,444,0,0,0,2,4,6,4,0,6,70,0,2,2,11,10,4,0,5,27,25,0,19,24,0,91,0,1,0,0,0,0,0,0,8,13,0,0,5,2,0,17,0,0,23,40,0,4,0,0,3,0,36,116,12,2,0,0,19,0,3,0,0,3
"D379",14,0,182,710,0,0,0,39,4,3,0,182,0,35,0,20,121,0,11,0,0,0,0,6,0,0,9,14,0,0,15,0,0,0,70,256,0,0,0,0,1086,4,27,0,41,5,0,0,156,27,0,0,39,0,0,1,0,0,0,1,0,24,0,0,0,19,0,3,424,7,0,0,0,0,0,0,0,12,0,0,137,24,0,0,0,8,0,0,0,8,12,0,0,64,127,0,0,0,0,0,183,0,0,7,118,0,31,0,0,0,3,0,0,50,0,0,0,0,0,155,6,0,1,0,3,0,0,0,15,4,0,0,0,0,60,0,6,0,0,0,1,0,0,7,227,56,0,0,0,2,0,12,18,2,1,100,0,0,2,531,0,0,0,33,0,0,61,592,3,0,341,0,0,0,20,0,49,0,0,7,0,0,24,64,0,0,0,0,125,0,0,0,0,0,0,0,0,20,12,11,133,0,0,32,0,165,0,43,0,0,0,0,0,0,2,0,0,0,0,6,2,0,3,0,138,7,26,0,136,2,17,16,14,9,50,0,0,0,6,0,141,0,6,96,11,0,0,0,0,0,50,21,7,2,0,1,61,97,16,11,48,66,0,0,0,0,1,0,0,0,0,78,1,0,0,3,20,51,0,0,12,6,0,0,0,0,0,7,6,334,155,61,151,5,3,2,0,0,1,304,0,0,0,0,0,3,6,0,4,1,0,0,0,2,7,0,193,516,0,737,0,0,0,1,0,0,0,0,0,10,0,165,288,0,0,3,0,40,10,0,0,9,0,0,0,0,5,10,0,0,0,0,0,3,71,19,15,0,66,0,0,0,0,24,0,0,192,0,0,4,20,353,0,0,6,0,0,0,19,0,95,1,225,0,0,1,0,0,0,0,0,1818,0,0,4,83,3,328,0,0,0,0,0,0,0,0,12,98,0,0,0,2,2,0,9,5,0,0,39,0,15,0,0,0,0,1,15,108,0,0,32,0,49,59,0,0,6,209,0,0,57,413,79,0,26,0,0,0,0,2,0,1358,6,41,3,14,0,12,0,0,0,8,651,0,155,0,16,2,0,0,0,0,0,13,58,0,8,0,0,0,98,0,0,0,6,0,10,0,30,20,0,2,0,0,0,12,0,121,0,5,3,0,0,0,3,0,0,0,0,13,0,119,31,70,0,53,81,20,0,72,0,14,0,0,0,22,0,18,0,0,1,0,0,0,0,0,5,0,0,0,974,0,0,0,194,0,3,36,0,0,0,0,2013,0,2,0,0,0,6,7,0,218,0,70,0,0,0,0,0,0,0,0,11,1355,0,0,0,0,0,5,0,13,2,2,7,5,0,0,20,0,713,7,9,0,2,2,0,0,1,0,0,0,1,331,0,0,4,27,0,0,0,0,53,0,0,0,14,11,17,0,21,4,0,12,60,0,0,0,34,0,4,0,0,49,0,5,75,11,0,0,12,16,0,0,0,0,0,19,5,0,27,0,0,14,94,72,3,0,0,0,69,0,0,0,0,0,0,0,0,0,0,0,0,0,54,0,0,0,0,4,0,0,5,15,0,0,0,2,0,5,0,0,0,0,0,0,0,549,0,0,12,0,0,0,1,39,0,22,0,0,0,8,0,0,0,0,0,6,0,54,88,2,40,0,0,233,11,0,0,0,37,11,1,0,192,0,6,4,0,0,6,0,211,0,38,0,1,0,0,2,1,3,0,18,0,0,43,0,6,2,0,5,5,0,52,0,68,0,9,42,0,3,456,0,0,3,15,0,15,0,0,15,63,0,0,0,1,0,5,0,0,3,0,0,406,61,0,572,0,0,28,0,35,0,9,0,10,121,0,0,25,0,0,132,0,0,0,0,0,0,0,0,472,0,0,71,0,0,2,0,0,0,0,151,0,156
"D380",4,51,82,37,0,0,6,22,4,0,41,0,0,0,8,169,65,0,24,2,12,56,4,95,0,0,0,150,2,0,53,0,373,20,35,101,0,0,0,0,0,1,310,13,299,0,31,0,23,25,28,0,0,12,0,449,0,401,0,36,4,1,0,0,31,31,0,21,63,0,180,7,0,10,0,9,38,0,0,84,248,9,0,0,8,56,0,0,234,8,13,39,0,3,0,34,7,0,0,2,58,0,4,0,0,14,0,0,0,4,26,307,0,9,0,0,0,0,0,92,0,0,1,8,15,0,4,0,24,67,2,0,6,3,0,38,0,63,0,0,0,0,0,44,6,691,1,0,0,5,0,15,52,0,0,6,32,0,0,0,0,0,66,3,72,50,273,18,12,0,2,0,43,0,10,347,16,0,0,15,10,0,6,146,4,0,0,55,0,0,5,14,11,0,0,0,0,33,26,0,131,0,2,75,0,64,0,67,28,73,16,0,41,0,2,67,0,2,0,13,11,110,2,508,2,42,55,0,47,19,0,6,8,36,222,0,255,0,13,23,46,0,0,1,8,63,0,0,0,0,22,17,14,0,0,0,22,35,19,0,0,6,0,0,0,45,0,0,18,0,5,14,8,0,11,7,32,0,0,57,53,8,0,0,0,0,121,79,6,22,77,15,21,21,76,0,0,3,8,32,102,0,2,0,0,20,26,176,0,0,0,18,38,24,0,0,3455,0,0,252,106,0,11,8,0,2,0,0,0,0,4,5,0,6,7,20,170,143,15,8,0,1,13,2,0,7,28,195,0,0,6,2,74,5,14,4,0,12,2,0,100,0,5,130,0,0,33,0,0,19,110,0,8,0,26,25,0,41,22,15,7,107,0,0,44,1,19,60,0,117,4,115,149,0,0,19,0,703,0,0,1,15,4,0,32,4,1,0,0,0,181,19,0,4,26,55,0,0,18,51,38,0,6,153,138,52,58,67,0,0,67,0,3,187,15,28,0,41,44,0,85,109,0,246,20,0,0,0,141,0,4,37,21,13,137,0,18,41,0,0,27,1,0,0,154,79,154,263,66,99,0,553,0,21,0,32,0,0,981,27,0,133,1,0,57,0,39,0,80,811,90,0,0,0,0,1,0,35,108,21,19,0,62,0,0,1,92,0,0,23,0,25,0,5,0,0,6,50,79,0,7,3,27,405,2,121,0,3,58,110,384,0,0,157,0,3,2,0,0,0,387,71,61,0,76,4,19,38,85,0,2,17,0,0,31,0,0,0,0,0,0,65,33,12,0,0,4,0,43,0,0,0,29,374,25,24,0,0,293,42,0,116,0,33,0,17,0,0,61,0,149,0,2,42,18,0,0,59,14,0,0,0,228,0,0,16,2,33,0,0,0,192,1,112,0,1,194,142,59,0,2,7,0,11,202,0,2,0,10,0,0,0,1063,19,0,5,22,17,0,59,3,432,0,41,0,0,39,6,4,4,7,0,0,0,25,0,0,0,0,0,78,0,39,25,49,0,4,0,0,0,0,0,144,0,52,111,0,41,28,130,0,0,0,0,0,0,4,2,1,15,0,358,0,0,0,0,0,850,963,40,0,26,0,61,10,32,0,10,0,39,0,68,59,0,0,5,98,0,0,23,53,187,55,0,0,584,35,0,8,30,62,192,22,325,117,0,28,4,0,150,18,46,38,0,23,45,0,0,26,41,8,12,0,57,0,0,181,0,34,5,179,29,0,0,0,0,0,0,0,155,131,0,161,0,0,0,43,28,29,7,0,166,309,0,0,3,7,0,38,23,125,54,200,4,32,5,1,71,1,4,0,0,0,29,12,52,23,0,0,0,0,9,0,42,0,0,49,0,11,41,0,0,0,1,42,830,34,0,0,21,1,8,36,7,5,0
"D381",0,0,0,0,0,2,0,0,0,0,0,0,0,0,0,0,0,0,0,0,0,0,0,0,0,0,0,0,0,0,0,0,0,0,0,0,0,0,0,0,0,0,0,0,0,0,0,0,0,0,0,0,0,0,0,0,0,0,0,0,0,0,0,0,0,0,0,0,0,0,0,0,0,0,0,0,0,0,0,0,0,0,0,0,0,0,0,0,0,0,0,0,0,0,0,0,0,0,0,0,0,0,0,0,0,0,0,0,0,0,0,0,0,0,0,0,0,0,0,0,0,0,0,0,0,0,0,0,0,0,0,0,0,0,0,0,0,0,0,0,0,0,11,0,0,0,0,0,0,0,0,0,0,0,0,0,0,0,0,0,0,0,0,0,0,0,0,0,0,0,0,0,0,0,0,0,0,0,0,0,0,0,0,0,0,0,0,0,0,0,0,0,0,0,0,0,0,0,0,0,0,0,0,0,0,0,0,0,0,0,0,0,0,0,0,0,0,0,0,0,0,0,0,0,0,0,0,0,0,0,0,0,0,0,0,0,0,0,0,0,0,0,0,0,0,0,0,0,0,0,0,0,0,0,0,0,0,0,0,0,0,0,0,0,0,0,0,0,0,0,0,0,0,0,0,0,0,0,0,0,0,0,0,0,0,0,0,0,0,0,0,0,0,0,0,0,0,0,0,0,0,0,0,79,0,0,0,0,0,0,0,0,0,0,7,0,0,0,0,0,0,0,0,0,0,0,0,0,0,0,0,0,0,0,0,0,0,0,0,0,0,0,0,0,0,0,0,0,0,0,0,0,0,0,0,0,0,0,0,0,0,0,0,0,0,0,0,0,0,0,0,0,0,0,0,0,0,0,0,0,0,0,0,0,0,0,0,0,0,0,0,0,0,0,0,0,0,0,0,0,0,0,0,0,0,0,0,0,0,0,0,0,0,0,0,0,0,0,0,0,0,0,0,0,0,0,0,0,0,0,0,0,0,0,0,0,0,0,0,0,0,0,0,0,0,0,0,0,0,0,0,0,0,0,0,0,0,0,0,0,0,0,0,0,0,0,0,0,0,0,0,0,0,0,0,0,0,0,0,0,0,0,0,0,0,0,0,0,0,0,0,0,1797,0,0,0,0,0,0,0,0,0,0,0,0,0,0,0,0,0,0,0,0,0,0,0,0,0,0,0,0,0,0,0,0,0,0,0,0,0,0,12,0,0,0,0,0,0,0,0,0,0,0,0,0,0,0,0,0,0,0,0,0,0,0,0,0,0,0,0,0,0,0,0,0,0,0,0,0,0,0,0,0,0,0,0,0,0,0,0,0,0,0,0,0,0,0,0,0,0,0,0,0,0,0,0,0,0,0,0,0,0,0,0,0,0,0,0,7158,0,0,0,0,0,0,0,0,0,0,0,0,0,0,0,0,0,0,0,0,0,0,0,0,0,0,0,0,0,0,0,0,0,0,0,0,0,0,0,0,0,0,0,0,0,0,0,0,0,0,0,0,0,0,0,0,0,0,0,0,0,0,0,0,0,0,0,0,0,0,0,0,0,0,0,0,0,0,0,0,0,0,0,0,0,0,0,0,0,0,0,0,0,0,0,0,0,0,0,0,0,0,0,0,0,0,0,0,0,0,0,0,0,0,0,0,0,0,6,0,0,0,0,0,0,0,0,0,0,0,0,0,0,0,0,0,0,0,0,0,0,0,0,0,0,0,0,0,0,0,0,0,0,0,0,0,0,0,0,0,0,0,0,0,0,0,0,0,0,0,0,0,0,0,0,0,0,0,0,0,0,0,0,0,0,0,0,0,0,0,0,0,0,0,0,0,0,0,0,0,0,0,0,0,0,0,0,0,0,0,0,0,0,0,0,0,0,0,0,0,0,0,0,0,0,0,0
"D382",0,0,0,0,0,0,0,0,0,0,0,0,0,0,0,0,0,0,0,0,0,0,0,0,0,0,0,0,0,0,0,0,0,0,0,0,0,0,0,0,0,0,0,0,0,0,0,0,0,0,0,0,0,0,0,0,0,0,0,0,0,0,0,0,0,0,0,0,0,0,0,0,0,0,0,0,0,0,0,0,0,0,0,0,0,0,0,0,0,0,0,0,0,0,0,0,0,0,0,0,0,0,0,0,0,0,0,0,0,0,0,0,0,0,0,0,0,0,0,0,0,0,0,0,0,0,0,0,0,0,0,0,0,0,0,0,0,0,0,0,0,0,0,0,0,0,0,0,0,0,0,0,0,0,0,0,0,0,0,0,0,0,0,0,0,0,0,0,0,0,0,0,0,0,0,0,0,0,0,0,0,0,0,0,0,0,0,0,0,0,0,0,0,0,0,0,0,0,0,0,0,0,0,0,0,0,0,0,0,0,0,0,0,0,0,0,0,0,0,0,0,0,0,0,0,0,0,0,0,0,0,0,0,0,0,0,0,0,0,0,0,0,0,0,0,0,0,0,0,0,0,0,0,0,0,0,0,0,0,0,0,0,0,0,0,0,0,0,0,0,0,0,0,0,0,0,0,0,0,0,0,0,0,0,0,0,0,0,0,0,0,0,0,0,0,0,0,0,0,0,0,0,0,0,0,0,0,0,0,0,0,0,0,0,0,0,0,0,0,0,0,0,0,0,0,0,0,0,0,0,0,0,0,0,0,0,0,0,0,0,0,0,0,0,0,0,0,0,0,0,0,0,0,0,0,0,0,0,0,0,0,0,0,0,3,0,0,0,0,0,0,0,0,0,0,0,0,0,0,0,0,0,0,0,0,0,0,0,0,0,0,0,0,0,0,0,0,0,0,0,0,0,0,0,0,0,0,0,0,0,0,0,0,0,0,0,0,0,0,0,0,0,0,0,0,0,0,0,0,0,0,0,0,0,0,0,0,0,0,0,0,0,0,0,0,0,0,0,0,0,0,0,0,0,0,0,0,0,0,0,0,0,0,0,0,0,0,0,0,0,0,0,0,0,0,0,0,0,0,0,0,0,0,0,0,0,0,0,0,0,0,0,48,0,0,0,0,0,0,0,0,0,0,0,0,0,0,0,0,0,0,0,0,0,0,0,0,0,0,0,0,0,0,0,0,0,0,0,0,0,0,0,0,0,0,0,0,0,0,0,0,0,0,0,0,0,0,0,0,0,0,0,0,0,0,0,0,0,0,0,0,0,0,0,0,0,0,0,0,0,0,0,0,0,0,0,0,0,0,0,0,0,0,0,0,0,0,0,0,0,0,0,0,0,0,0,0,0,0,0,0,0,0,0,0,0,0,0,15,0,0,0,0,0,0,0,0,0,0,0,0,0,0,0,0,0,0,0,0,0,0,0,0,0,0,0,0,0,0,0,0,0,0,0,0,0,0,0,0,0,0,0,0,0,0,0,0,0,0,0,0,0,0,0,0,0,0,0,0,0,0,0,0,0,0,0,0,0,0,0,0,0,0,0,0,0,0,0,0,0,0,0,0,0,0,0,0,0,0,0,0,0,10,0,0,0,0,0,0,0,0,0,0,0,0,0,0,0,0,0,0,0,0,0,0,0,0,0,0,0,0,0,0,0,0,0,0,0,0,0,0,0,0,0,0,0,2,0,0,0,0,0,0,0,0,0,0,0,0,0,0,0,0,0,0,0,0,0,0,0,0,0,0,0,0,0,0,0,0,0,0,0,0,0,0,0,0,0,0,0,0,0,0,0,0,0,0,0,0,0,0,0,0,0,0,0,0,0,0,0,0,0,0,0,0,0,0,0,0,0,0,0,0,0,0,0,0,0,0,0,0,0,0,0,0,0
"D383",0,0,0,0,0,0,0,0,0,0,0,0,0,0,0,0,0,0,0,0,0,0,0,0,0,0,0,0,0,0,0,0,0,0,0,0,0,0,0,0,0,0,0,0,0,0,0,0,0,0,0,0,0,0,0,0,0,0,0,0,0,0,0,0,0,0,0,0,0,0,0,0,0,0,0,0,0,0,0,0,0,0,0,0,0,0,10,0,0,0,0,0,0,0,0,0,0,0,0,0,0,0,0,0,0,0,0,0,0,0,0,0,0,0,0,0,0,0,0,0,0,0,0,0,0,0,0,0,0,0,0,0,0,0,0,0,0,0,0,0,0,4,0,0,0,0,0,0,0,0,0,0,0,0,0,0,0,0,0,0,0,0,0,0,0,0,0,0,0,0,0,0,0,0,0,0,0,0,6,0,0,0,0,0,0,0,0,0,0,0,0,0,0,0,0,0,0,0,0,0,0,0,0,0,0,0,0,0,0,0,0,0,0,0,0,0,0,0,0,0,0,0,0,0,0,0,0,0,0,0,0,0,0,0,0,4,0,0,0,0,0,0,0,0,0,0,0,0,0,0,0,0,0,0,0,0,0,0,0,0,0,0,0,0,0,0,0,4,0,0,0,0,0,0,0,0,0,0,0,0,0,0,0,0,0,0,0,0,0,0,0,0,0,0,0,0,0,0,0,0,0,0,0,2,0,0,0,0,0,0,0,0,0,0,0,0,0,0,0,0,0,0,0,0,0,0,0,0,0,0,0,0,4,0,0,0,0,0,0,0,2,0,0,0,0,0,0,0,0,0,0,0,0,0,0,0,0,0,0,0,0,0,0,0,0,0,0,5,0,0,0,0,0,0,0,0,0,0,0,0,0,0,0,0,0,0,0,0,0,0,0,0,0,0,0,0,0,0,6,0,0,0,0,0,0,0,0,0,0,0,0,0,0,0,0,0,0,0,25,0,0,0,0,0,0,0,0,0,0,0,0,0,0,0,0,0,0,0,0,0,0,0,0,0,0,0,0,0,0,0,0,0,0,0,0,0,0,0,0,466,0,0,0,0,0,0,0,0,0,0,0,0,0,0,0,0,0,0,0,0,0,0,0,0,0,0,0,0,0,0,0,0,0,0,0,0,0,0,0,0,0,0,0,0,0,0,0,0,0,0,0,0,0,0,0,0,0,0,0,0,0,0,0,0,0,0,0,0,0,0,0,0,0,0,0,0,0,0,0,0,0,0,0,0,0,0,0,0,0,2,0,0,0,0,0,0,0,0,0,0,0,0,0,0,0,0,0,0,0,0,0,0,0,0,0,0,0,0,0,0,0,0,0,0,0,0,0,0,0,0,0,0,0,0,0,0,0,0,0,0,0,0,0,0,0,0,0,0,0,0,0,0,0,0,0,0,0,0,0,0,0,0,0,0,0,0,0,0,0,0,0,0,0,0,2,0,0,0,0,0,0,0,0,0,0,0,0,0,0,0,0,0,0,0,0,0,2,0,0,0,0,0,0,0,0,0,0,0,0,2,0,0,0,0,0,0,0,0,1034,0,0,0,0,0,0,0,0,0,0,0,0,0,0,4,0,0,0,0,0,0,0,0,0,0,0,0,0,0,0,0,0,0,0,0,0,0,0,0,0,0,0,0,0,0,0,0,0,0,5,0,0,0,0,0,0,0,0,0,0,0,0,0,0,0,0,0,0,0,0,0,0,0,0,0,0,0,0,0,0,0,0,0,0,0,0,0,0,0,0,0,0,0,0,0,0,0,0,0,0,0,0,0,0,3,0,0,0,0,0,0,0,0,0,0,0,0,0,0,0,0,0,0,0,0,0,0,0,0,0,0,0,0,0,0,0,0,0,0,0,0,0,0,0,0,0,0,0,0,0,0,0,0,0,0,0,0
"D384",0,0,0,0,0,30,0,0,0,0,0,0,5,0,0,0,0,0,0,0,0,0,0,0,0,0,0,0,0,0,0,0,0,0,0,0,0,808,0,0,0,0,0,0,0,0,29,0,0,0,0,0,0,0,0,0,0,0,0,0,0,0,0,0,0,0,1081,2,0,0,0,0,0,0,0,0,0,0,0,0,0,0,0,0,0,0,34,0,0,12,0,0,0,0,0,0,0,0,0,0,0,0,0,0,0,0,0,0,0,17,0,0,0,0,0,0,0,0,0,0,0,0,0,0,0,2,0,0,0,0,0,0,0,0,0,0,0,0,0,0,0,317,0,0,0,0,0,0,542,0,99,0,0,0,2,0,0,2193,0,6,0,0,0,0,0,0,0,0,10,0,0,0,0,0,0,0,0,0,56,0,0,0,0,0,0,17,0,0,0,0,0,0,0,125,179,0,0,0,0,0,0,40,0,0,0,0,0,0,0,0,0,0,0,0,0,0,298,0,0,0,0,0,0,0,0,0,0,0,0,0,15,0,0,0,0,86,0,0,0,0,0,0,0,0,0,0,0,0,0,0,0,0,0,0,0,0,0,0,0,0,0,0,0,0,0,0,0,0,0,0,0,0,0,0,0,0,0,0,0,0,0,0,0,0,0,0,0,0,0,0,0,0,0,0,0,0,0,0,0,0,0,0,0,0,264,0,0,0,0,0,0,0,0,0,34,0,0,0,0,0,0,0,0,0,0,0,0,0,0,0,0,0,169,0,0,0,0,0,0,0,0,0,0,141,0,0,0,0,0,0,0,0,0,0,0,0,0,0,0,9,0,0,0,0,769,6,0,1085,0,0,0,0,0,0,0,0,0,0,0,0,0,0,0,199,0,0,0,0,0,0,0,0,0,0,0,0,0,0,26,0,0,0,0,27,0,0,0,0,0,0,0,0,0,0,0,0,0,0,0,0,0,0,0,0,0,0,0,0,16,0,0,15,0,0,0,0,0,0,0,0,0,0,0,0,0,0,0,0,0,0,0,0,0,0,0,0,2,0,0,0,0,0,0,0,0,0,307,0,0,0,0,0,0,0,0,0,0,8,0,0,2,0,0,12,0,15,0,0,0,0,0,0,0,0,0,0,658,0,0,0,0,0,0,0,0,0,0,0,0,0,4,0,0,0,0,0,3,0,0,0,0,0,0,0,0,0,0,0,0,0,0,5,0,0,0,0,0,0,0,0,0,0,0,0,0,0,0,0,0,5,0,0,0,1,0,8,0,0,0,0,0,0,0,0,0,0,0,1,0,1377,0,0,0,0,0,0,3,0,0,0,0,0,0,0,0,0,0,0,0,0,0,9,0,0,0,0,0,0,0,0,0,0,0,0,0,0,0,0,2,0,0,0,0,0,0,0,0,0,0,0,0,0,0,0,0,0,0,0,0,0,106,0,0,0,0,0,0,0,0,0,10,0,0,0,0,0,0,0,0,0,0,0,0,0,0,0,0,2,0,0,0,0,0,0,0,0,0,0,0,10,0,3172,0,4,0,0,0,0,4,0,0,0,0,0,0,0,0,0,2,0,0,0,0,0,0,0,0,0,0,0,0,0,1,0,0,0,0,0,0,0,0,0,0,0,0,10,0,0,0,0,0,0,0,1,0,0,0,522,971,0,6,0,0,0,0,0,0,0,12,0,0,0,0,0,0,0,0,0,0,0,0,0,0,0,0,0,0,0,0,0,0,0,0,0,0,4,0,0,0,0,0,0,0,2387,0,0,0,0,0,0,0,0,0,0,0,0,0,0,0,0,0,0,0,0,0,0,0,0,0,0,0,0,0,0,0,0,0,0,0,0,0,0,0,0,103,0,0,0,0,0,0,0,0,0,0,0,0,0,0,0,0,0,0,46,0,0
"D385",0,0,0,0,0,0,0,0,0,0,0,0,0,0,0,0,0,0,0,0,0,0,0,0,0,0,0,0,0,0,0,0,0,0,0,0,0,0,0,0,0,0,0,0,0,0,0,0,0,0,0,0,0,0,0,0,0,0,0,0,0,0,0,0,0,0,0,0,0,0,0,0,0,0,0,0,0,0,0,0,0,0,0,0,0,0,0,0,0,0,0,0,0,0,0,0,0,0,0,0,0,0,0,0,0,0,0,0,0,0,0,0,0,0,0,0,0,0,0,0,0,0,0,0,0,0,0,0,0,0,0,0,0,0,0,0,0,0,0,0,0,0,3,0,0,0,0,0,0,0,0,0,0,0,0,0,0,0,0,0,0,0,0,0,0,0,0,0,0,0,0,0,0,0,0,0,0,0,0,0,0,0,0,0,0,0,0,0,0,0,0,0,0,0,0,0,0,0,0,0,0,0,0,0,0,0,0,0,0,0,0,0,0,0,0,0,0,0,0,0,0,0,0,0,0,0,0,0,0,0,0,0,0,0,0,0,0,0,0,0,0,0,0,0,0,0,0,0,0,0,0,0,0,0,0,0,0,0,0,0,0,0,0,0,0,0,0,0,0,0,0,1,0,0,0,0,0,0,0,0,0,0,0,0,0,0,0,0,0,0,0,0,0,0,0,0,0,0,0,0,0,0,0,0,0,0,0,0,0,0,0,0,0,0,120,0,0,0,0,0,0,0,0,0,0,0,0,0,0,0,0,0,0,0,0,0,0,0,0,0,0,0,0,0,0,0,0,0,0,0,0,0,0,0,0,0,0,0,0,0,0,0,0,0,0,0,0,4,0,0,0,0,0,0,0,0,0,0,0,0,0,0,0,0,0,0,0,0,0,0,0,0,0,0,0,0,0,0,0,0,0,0,0,0,0,0,0,0,0,0,0,0,0,0,0,0,0,0,0,0,0,0,0,0,0,0,0,0,0,0,0,0,0,0,0,0,0,0,0,0,0,0,0,0,0,0,0,0,0,0,0,0,0,0,0,0,0,0,0,0,0,0,0,0,0,0,0,0,0,0,0,0,0,0,0,0,0,0,0,0,0,0,0,0,0,0,0,0,0,0,0,0,0,0,0,0,0,0,0,0,0,0,0,0,0,0,0,0,0,0,0,0,0,0,0,0,0,0,0,0,0,0,0,0,0,0,0,0,0,0,0,0,0,0,0,0,0,0,0,0,0,0,0,0,0,0,0,0,0,0,0,0,0,0,0,0,0,0,0,0,0,0,0,0,0,0,0,0,0,0,0,0,0,0,0,0,0,0,0,0,0,0,0,0,0,0,0,0,0,0,0,0,0,0,0,0,0,0,0,0,0,0,0,0,0,0,0,0,0,0,0,0,0,0,0,0,0,0,0,0,0,0,0,0,0,0,0,0,0,0,0,0,0,0,0,0,0,0,0,0,0,0,0,0,0,9,0,0,0,0,0,0,0,0,0,0,0,0,0,0,0,0,0,0,0,0,0,0,0,0,0,0,0,0,0,0,0,0,0,0,0,253,0,0,0,0,0,0,0,0,0,0,0,0,0,0,0,0,0,0,0,0,665,0,0,0,0,0,0,0,0,0,0,0,0,0,0,0,0,0,0,0,0,0,0,0,0,0,0,0,0,0,0,0,0,0,0,0,0,0,0,0,0,0,0,0,0,0,0,0,0,0,0,0,0,0,0,0,0,0,0,0,0,0,0,0,0,0,0,0,0,0,0,0,0,10129,0,0,0,0,0,0,0,0,2,0,0,0,0,0,0,0,0,0,0,0,0,61,0,0,0,0,0,0,0,0,0,0,0,0,0,0,0,0,0,0,0,0,0,0,0,0,0,0,0,0,0,0,0,0,0,0,0,0,0,0
"D386",0,0,0,0,0,43,7,20,0,0,0,0,0,0,0,0,0,0,0,0,0,0,0,0,0,0,0,0,0,13,0,0,0,0,0,0,0,10,0,0,0,0,0,0,0,0,0,0,0,0,0,0,0,0,0,0,30,0,0,0,0,0,0,0,0,0,0,0,0,0,0,0,0,0,0,0,0,0,2555,0,0,0,0,0,0,0,37,0,0,0,0,0,0,0,0,0,0,0,0,0,0,0,0,0,0,0,0,0,0,0,0,0,0,0,0,0,0,0,0,0,0,0,0,0,0,0,0,0,0,0,0,0,0,0,0,0,0,0,0,0,0,4,0,0,0,0,0,0,117,0,37,0,0,0,422,0,0,0,0,0,0,0,0,0,0,0,0,0,0,0,0,0,0,0,0,0,0,0,9,0,0,0,0,0,0,0,0,0,0,0,0,0,0,0,4,0,0,0,0,0,0,40,0,0,0,0,0,0,0,0,0,0,0,0,0,0,0,0,0,0,0,0,0,0,0,0,0,0,0,0,0,0,0,0,0,44,0,0,0,0,0,0,0,0,0,0,0,0,0,0,0,0,0,166,0,0,0,0,0,0,0,12554,0,0,0,0,0,0,0,0,0,0,0,0,0,0,0,0,0,0,0,0,0,0,0,0,0,0,0,0,0,0,0,0,0,0,0,0,0,0,0,0,0,10,0,0,0,0,0,0,0,0,0,0,10,0,0,0,0,0,0,0,0,0,0,0,0,0,109,0,0,0,0,0,0,0,0,0,0,0,0,0,0,0,0,0,0,0,0,28,0,0,0,0,0,0,0,7,0,0,0,0,0,0,191,0,0,0,0,0,0,0,0,0,0,0,0,0,0,0,0,0,0,0,0,0,0,0,0,0,0,0,0,0,0,0,0,40,0,202,0,0,0,18,0,0,0,0,16,0,0,0,0,0,0,0,0,0,0,0,0,0,0,0,0,20,0,0,0,0,0,0,0,0,0,0,0,0,0,0,0,0,0,0,0,0,0,0,0,0,0,0,0,0,0,0,0,0,0,480,0,0,0,0,0,0,0,0,0,0,0,0,0,4118,0,0,0,28,0,0,0,0,0,13,0,0,0,0,0,0,0,0,6,0,0,0,1,0,0,0,0,0,0,0,0,0,0,0,0,0,0,0,0,0,0,0,11,0,0,0,0,0,0,0,0,0,0,0,0,0,0,0,0,0,0,0,0,0,0,0,0,0,0,0,0,0,0,0,0,5,0,0,0,0,0,0,0,0,0,0,0,0,0,0,0,0,0,0,0,0,0,0,0,0,0,0,0,0,0,0,0,0,0,0,16,0,0,0,0,0,0,0,0,0,0,0,0,0,0,0,0,0,0,0,0,0,38,0,0,0,0,0,0,0,0,0,0,0,0,0,0,0,0,0,0,0,0,0,0,0,0,0,0,0,0,0,0,0,0,0,0,0,0,0,0,0,0,0,0,0,0,0,0,0,0,0,0,15,0,0,0,0,0,0,0,0,0,0,0,93,0,0,0,0,0,0,0,0,1428,0,0,0,0,0,0,0,0,0,0,0,0,0,3,0,0,0,0,0,0,0,0,0,0,0,0,0,0,0,0,0,0,0,0,0,0,0,0,0,0,0,0,0,18,130524,0,0,0,0,0,0,0,0,0,0,0,0,0,0,0,0,0,0,0,0,0,0,0,0,0,0,0,0,0,0,0,0,0,0,0,0,10,0,0,0,0,0,0,0,0,0,0,0,0,13,0,0,0,0,0,0,0,0,0,0,37,0,0,0,0,0,0,0,0,0,0,0,0,0,0,0,0,0,0,0,0,0,0,0,0,0,0,0,0,0,25,0,0,0,0,0,0,0,0,0,0,0,0,0,13,0,0,0,0,0,0,0
"D387",0,0,0,0,0,0,0,0,0,0,0,0,0,0,0,0,0,0,0,0,0,0,0,0,0,0,0,0,0,0,0,0,0,0,0,0,0,0,0,0,0,0,0,0,0,0,0,0,0,0,0,0,0,0,0,0,0,0,0,0,0,0,0,0,0,0,0,0,0,0,0,0,0,0,0,0,0,0,0,0,0,0,0,0,0,0,0,0,0,0,0,0,0,0,0,0,0,0,0,0,0,0,0,0,0,0,0,0,0,0,0,0,0,0,0,0,0,0,0,0,0,0,0,0,0,0,0,0,0,0,0,0,0,0,0,0,0,0,0,0,0,2,0,0,0,0,0,0,0,0,0,0,0,0,0,0,0,0,0,0,0,0,0,0,0,0,0,0,0,0,0,0,0,0,0,0,0,0,0,0,0,0,0,0,0,6,0,0,0,0,0,0,0,0,0,0,0,0,0,0,0,0,0,0,0,0,0,0,0,0,0,0,0,0,0,0,0,0,0,0,0,0,0,0,0,0,0,0,0,0,0,0,0,0,0,0,0,0,0,0,0,0,0,0,0,0,0,0,0,0,0,0,0,0,0,0,0,0,0,0,0,0,0,0,0,0,0,0,0,0,0,0,0,0,0,0,0,0,0,0,0,0,0,0,0,0,0,0,0,0,0,0,0,0,0,0,0,0,0,0,0,0,0,0,0,0,0,0,0,0,0,0,0,0,0,0,0,0,0,0,0,0,0,0,0,0,0,0,0,0,0,0,0,0,0,0,0,0,0,0,0,0,0,0,0,0,0,0,0,0,0,0,0,0,0,0,0,0,0,0,0,0,0,0,0,0,0,0,0,0,0,0,131,0,0,0,0,0,0,0,0,0,0,0,0,0,0,0,0,0,0,0,0,0,0,0,0,0,0,0,0,0,0,0,0,0,0,0,0,0,0,0,0,0,0,0,0,0,35,0,0,0,0,0,0,0,0,0,0,0,0,0,0,0,0,0,0,0,0,0,0,0,0,0,0,0,0,0,0,0,0,0,0,0,0,0,0,0,0,0,0,0,0,20,0,0,0,0,0,0,0,0,0,0,0,0,0,0,0,0,0,0,0,0,0,0,0,0,0,0,0,0,0,0,0,0,0,0,0,0,0,0,0,0,0,0,0,0,0,0,0,0,0,0,0,0,0,0,0,0,0,0,0,0,0,0,0,0,0,0,0,0,0,0,0,0,0,0,0,2,0,0,0,0,0,0,0,0,0,0,0,0,0,0,0,0,0,0,0,0,0,0,0,0,0,0,0,0,0,0,0,0,0,0,0,0,0,0,0,0,0,0,0,0,0,0,0,0,0,0,0,0,0,0,0,0,0,0,0,0,0,0,0,0,0,0,0,0,0,0,0,0,0,0,0,0,0,0,0,0,0,0,0,0,0,0,0,0,0,0,0,0,0,0,0,0,0,0,0,0,0,0,0,0,0,0,0,0,0,0,0,0,0,0,0,0,0,0,0,0,0,0,0,0,0,0,0,0,0,0,0,0,0,0,0,0,0,0,0,0,0,0,0,0,0,0,0,0,0,0,0,0,0,0,0,0,0,0,0,0,0,0,33,0,0,0,0,0,0,0,0,0,0,0,0,0,0,0,0,0,0,0,0,0,0,0,0,0,0,0,0,0,0,0,0,0,0,0,0,0,0,0,0,0,0,0,0,0,0,0,0,0,0,0,0,0,0,0,0,0,0,0,0,0,0,0,0,0,0,0,0,0,0,0,0,697,0,0,0,0,0,0,0,0,0,0,0,0,0,0,0,0,0,0,0,0,0,5,0,0,0,0,0,0,0,0,0,0,0,0,0,0,0,0,0,0,0,0,0,0,0,2,0,68,0,0,0,0,0,0,0,0,0,0,0,0
"D388",0,0,0,0,0,0,0,0,0,0,0,0,0,0,0,0,0,0,0,14,0,0,0,0,0,0,0,0,0,0,0,0,0,0,0,0,0,0,0,0,0,0,0,0,20,0,0,0,0,0,0,5,0,0,0,0,0,0,19,0,0,0,0,0,3,0,0,0,0,0,1,0,0,0,0,0,0,0,0,0,0,0,0,0,0,2,0,0,0,0,0,0,0,0,0,0,0,0,18,0,0,460,0,0,0,3,0,15,0,0,0,0,0,0,30,0,0,0,0,0,0,8,0,0,0,0,0,0,0,0,0,26,109,0,0,0,0,0,0,11,0,0,0,0,0,0,0,0,0,0,0,0,0,0,0,0,0,0,0,0,0,0,0,3,0,0,0,0,0,0,0,60,0,0,0,0,0,197,0,0,0,0,0,0,0,0,4,0,0,4,0,0,0,0,0,0,0,0,0,0,0,0,0,0,1,0,0,0,0,0,0,0,0,0,0,0,65,0,38,0,0,0,0,0,0,0,0,0,0,0,0,0,0,0,0,0,0,0,0,0,0,0,0,0,0,0,0,0,10,0,0,0,0,32,3,0,0,0,0,0,0,0,7,0,0,0,0,0,0,0,0,0,0,4,0,0,0,0,0,0,0,0,285,0,0,0,0,0,0,0,0,0,0,0,0,0,0,0,0,0,0,0,0,0,0,0,0,0,0,0,0,0,0,0,0,31,0,0,0,0,0,0,0,0,0,0,0,0,0,0,0,0,0,0,0,0,0,0,0,0,0,0,0,0,0,0,0,0,0,2,0,0,0,0,0,0,0,0,0,0,0,22,0,0,0,0,0,0,0,0,0,0,0,4,0,0,0,0,0,0,0,0,0,0,0,0,0,0,0,0,0,0,0,0,0,0,4,0,0,0,0,0,0,0,0,0,75,0,0,0,0,36,0,0,0,0,0,0,0,0,0,0,0,0,0,6,0,0,0,0,0,0,0,0,0,0,0,0,0,0,0,0,0,0,0,0,7,0,0,0,0,0,0,0,0,0,0,0,0,0,0,0,0,0,0,0,0,0,0,0,0,0,0,0,0,0,5,0,0,0,0,0,0,0,0,0,0,0,0,0,12,0,0,0,0,0,0,0,0,0,0,0,0,0,0,0,0,0,0,0,0,0,0,0,0,0,0,0,0,0,0,0,0,0,10,0,0,0,0,0,0,0,0,0,0,0,0,0,2,6,0,0,0,0,0,0,0,0,0,0,0,0,0,0,0,0,0,52,0,0,0,0,0,0,0,0,0,0,0,0,0,0,0,0,0,0,0,1527,0,0,0,0,0,0,0,0,0,16,0,0,0,1,0,2,0,0,3,0,0,2,0,0,0,0,0,0,0,0,0,0,0,0,0,0,35,0,0,0,0,0,0,0,0,0,0,0,0,0,0,0,0,0,0,0,0,0,0,0,0,0,0,0,0,0,0,0,0,2,0,0,0,0,0,0,0,0,0,0,0,0,0,0,0,0,0,3,0,327,7,0,0,0,0,2,0,0,0,0,0,0,0,0,0,0,0,0,0,0,0,45,0,0,0,0,0,0,0,32,0,0,0,0,0,0,0,0,0,0,56,0,0,0,0,16,0,0,0,0,2,0,0,0,0,0,6,5,0,0,0,0,0,0,0,0,0,0,0,0,0,0,0,0,0,0,0,0,0,0,0,0,0,0,0,0,0,0,0,2,0,0,0,0,0,0,0,0,0,0,0,0,0,0,0,0,0,0,0,0,0,0,0,0,0,0,0,0,0,0,0,0,0,0,0,0,0,0,0,0,0,0,0,0,0,77,0,0,0,0,19,78,0,0,0,0,0,3,0,0,0,0,0,0,0,0,0,0,4,0,0,0,0,0,0,0,0,0
"D389",0,0,80,2,0,0,2,0,0,0,0,0,0,0,0,2,0,0,0,0,0,10,0,0,0,0,0,100,0,0,47,0,3,0,0,0,0,0,0,0,0,0,25,0,0,0,2,0,0,0,0,0,0,2,0,19,0,241,0,0,0,0,2,0,3,0,0,0,0,0,0,0,0,0,0,0,1,0,0,336,0,0,0,0,0,3,0,0,0,0,0,20,0,0,2,0,0,0,0,0,0,0,0,29,0,0,0,0,0,0,0,0,0,0,0,0,0,0,0,0,0,0,0,2,2,0,0,0,0,0,0,0,0,0,2,0,2,0,0,0,0,0,0,0,1,24,16,0,0,0,0,2,0,0,0,0,0,0,0,0,0,0,360,0,0,4,0,0,0,1,0,0,0,0,4,10,0,0,0,0,0,0,0,1,0,0,0,0,0,0,0,29,0,0,0,0,0,9,0,0,0,0,0,4,0,33,0,0,0,0,7,2,0,0,0,20,0,0,0,0,0,2,0,4,0,7,0,0,15,12,0,0,2,0,0,0,0,5,5,0,1,0,0,2,0,0,0,0,0,0,0,0,0,0,0,0,0,0,0,0,0,0,0,0,0,6,0,0,0,0,0,30,0,0,0,0,0,0,0,4,0,0,0,0,0,0,0,0,0,3,0,0,0,0,0,0,3,0,0,8,111,0,0,0,0,0,0,9,0,0,0,2,0,0,4,0,1041,0,0,0,0,0,0,0,0,0,0,0,0,0,0,0,0,0,0,0,48,11,0,0,9,0,0,0,0,26,0,0,0,0,0,0,0,6,2,0,0,0,12,0,14,0,0,0,0,0,7,0,14,0,0,4,0,0,0,0,2,0,0,2,0,96,0,0,0,0,0,0,0,0,0,9,0,0,0,0,0,61,0,0,0,0,0,0,0,0,0,1,0,0,5,0,0,0,0,0,0,0,0,56,0,0,2,0,12,0,0,0,0,0,18,0,2,7,0,52,0,0,0,0,0,4,0,0,0,0,0,0,27,0,0,34,5,0,0,0,0,0,0,1209,41,12,17,0,12,0,0,0,18,18,0,4,0,0,3,2,0,0,13,0,0,0,0,0,0,0,0,0,8,38,91,0,0,0,0,0,0,0,68,0,0,0,2,0,0,0,0,0,0,2,0,22,0,4,0,0,40,0,0,0,0,2,4,9,0,5,0,0,4,38,0,0,0,0,0,0,0,0,0,0,37,8,4,0,4,0,0,0,0,0,0,0,0,0,0,0,0,0,2,0,0,0,0,0,0,0,0,0,0,0,0,0,3,28,1,0,0,0,0,0,0,1,0,0,0,0,0,0,34,0,67,0,0,0,0,0,0,0,3,0,0,5,81,3,0,0,0,0,0,0,0,7,4,0,0,0,6,0,0,0,0,0,0,0,14,31,0,0,0,0,0,0,85,2,0,0,0,0,38,3,0,0,0,0,0,0,0,0,0,0,2,0,0,0,2,0,0,2,0,0,4,0,7,0,9,0,0,0,0,0,0,0,15,0,0,0,0,0,0,0,0,0,0,0,0,0,0,0,0,2,0,28,0,0,0,0,0,160,809,0,3,15,0,4,0,7,0,0,0,0,0,0,0,0,0,0,1,0,0,35,0,6,4,40,0,45,0,0,0,4,0,0,0,0,0,0,0,0,0,0,0,23,0,0,3,0,0,0,0,2,2,0,2,0,0,2,25,2,0,0,15,11,0,0,0,0,0,0,0,76,0,0,0,0,0,0,2,0,3,0,0,0,0,0,0,0,0,0,0,0,0,0,245,0,2,6,0,923,0,0,0,0,1,0,0,0,4,4,0,0,0,0,0,0,0,0,62,0,0,0,0,0,0,0,0,60,0,0,0,0,0,0,0,0,0,0
"D390",0,0,0,0,0,0,0,0,0,0,0,0,0,0,0,0,0,0,0,0,16,0,0,0,0,0,0,0,0,0,0,0,0,0,0,0,0,0,0,0,0,0,0,0,0,0,7,656,0,0,0,12,0,0,0,0,3,0,0,0,0,0,0,0,81,0,0,0,6,0,0,0,0,0,0,0,0,0,0,0,0,0,0,0,0,2,0,0,15,0,0,0,0,0,0,0,0,0,0,0,0,0,0,0,0,0,0,226,0,0,0,0,0,0,625,0,0,0,0,0,0,363,0,0,0,0,947,0,0,0,0,0,0,11,0,0,0,0,0,0,0,0,0,0,0,0,0,0,3,0,0,0,0,0,0,0,0,0,0,0,0,0,0,0,0,0,0,0,0,0,0,120,0,0,0,0,0,0,0,0,0,0,0,0,0,0,12,0,0,0,0,0,0,6,0,0,0,0,0,0,0,0,0,0,94,0,0,0,0,0,0,0,0,0,0,0,0,0,0,0,0,0,0,0,0,0,0,0,0,0,0,0,0,0,0,0,0,0,0,0,0,0,0,0,0,0,0,0,0,0,0,0,0,0,0,0,0,0,0,0,0,0,21,519,0,0,0,0,0,0,0,0,0,169,0,0,0,0,0,0,0,0,0,0,0,0,0,0,0,0,0,0,0,0,0,0,0,1,0,0,0,0,0,0,0,0,0,0,0,0,0,0,0,4,0,100,0,0,0,0,0,0,0,0,0,0,0,0,0,0,0,0,1,0,0,0,0,0,0,0,0,0,0,0,0,0,0,0,0,0,0,0,0,0,0,0,0,0,0,0,0,0,0,0,0,0,0,0,0,0,0,0,0,0,2,0,0,0,0,0,0,0,0,0,0,0,0,0,0,0,0,0,0,0,0,0,170,0,0,0,0,0,0,2,0,0,10,0,0,881,0,0,0,0,0,0,0,0,0,0,0,0,0,0,0,0,0,0,0,0,0,0,0,0,0,0,0,0,0,0,0,0,0,0,0,2,0,0,0,0,0,0,0,0,0,0,0,0,0,0,0,0,0,3,0,0,0,0,0,0,0,0,0,0,0,0,0,0,0,0,0,0,0,0,0,0,0,0,0,0,0,0,0,0,0,0,0,0,0,0,0,0,0,0,0,11,0,0,0,0,0,0,0,0,0,0,0,0,0,0,0,0,0,0,0,0,0,0,0,0,0,0,0,0,0,0,0,0,0,191,0,0,0,0,0,0,0,0,0,0,0,0,0,4,0,138,152,205,0,0,0,0,0,0,0,0,0,0,0,0,0,0,0,0,0,0,0,2605,0,0,0,0,0,0,0,0,0,0,0,0,0,0,0,29,0,0,0,0,0,0,0,0,0,0,0,0,0,0,0,0,0,0,0,0,0,0,0,0,0,0,0,0,0,0,0,0,0,0,0,0,326,0,0,0,0,0,0,0,0,0,0,0,0,0,0,0,0,0,0,0,0,0,0,0,0,0,0,0,0,0,0,0,0,0,0,0,0,4066,0,0,0,0,0,0,0,0,0,50,0,0,0,0,0,0,0,0,0,0,0,40,229,0,0,0,0,0,0,0,0,0,0,0,0,0,0,0,0,0,0,0,0,0,0,0,0,0,0,0,0,0,0,0,0,0,0,0,0,0,0,0,0,0,0,0,0,0,0,0,0,0,0,0,0,0,0,0,0,0,0,0,0,0,0,0,0,0,47,0,0,0,0,0,0,0,0,0,0,0,0,0,0,0,0,0,0,0,0,0,0,0,0,0,0,0,6,0,0,819,0,0,0,0,0,0,0,0,0,0,92,0,0,0,0,0,0,0,0,0,0,0,0,0,0,0,0,0,0,0,0,0,0,0,0,0,5,0,0,0,0,0,0,0,0,0,0,0
"D391",0,0,0,0,0,0,0,0,0,0,0,0,0,0,0,0,0,0,0,0,0,0,0,0,0,0,0,0,0,0,0,0,0,0,0,0,0,0,0,0,0,0,0,0,0,0,0,0,0,0,0,0,0,0,0,0,0,0,0,0,0,0,0,0,0,0,0,0,0,0,0,0,0,0,0,0,0,0,0,0,0,0,0,0,0,0,0,0,0,0,0,0,0,0,0,0,0,0,0,0,0,0,0,0,0,0,0,0,0,0,0,0,0,0,0,0,0,0,0,0,0,0,0,0,0,0,0,0,0,0,0,0,0,0,0,0,0,0,0,0,0,0,0,0,0,0,0,0,1,0,0,0,0,0,0,0,0,0,0,0,0,0,0,0,0,0,0,0,0,0,0,0,0,234,0,0,0,0,0,0,0,0,0,0,0,0,0,0,0,0,0,0,0,0,0,0,0,0,0,0,0,0,0,0,0,0,0,0,0,0,0,0,0,0,0,0,0,0,0,0,0,0,0,0,0,0,0,0,0,0,0,0,0,0,0,0,0,0,0,0,0,0,0,0,0,0,0,0,0,0,0,0,0,0,0,0,0,0,0,0,0,0,0,0,0,0,0,0,0,0,0,0,0,0,0,0,0,0,0,0,0,0,0,0,0,0,0,0,0,0,0,0,0,0,0,0,0,0,0,0,0,0,0,0,0,0,0,0,0,0,0,0,0,0,0,0,0,0,0,0,0,0,0,0,0,0,0,0,0,0,0,0,0,0,0,0,0,0,0,0,0,0,0,0,0,0,0,0,0,0,0,0,0,0,0,0,0,0,0,0,0,0,0,0,0,0,0,1024,0,0,0,0,0,0,0,0,0,0,0,0,0,0,0,0,0,0,0,0,0,0,0,0,0,0,0,0,0,0,0,0,0,0,0,0,0,0,0,0,0,0,0,0,0,0,0,0,0,0,0,0,0,0,0,0,0,0,0,0,0,0,0,0,0,0,0,0,0,0,0,0,0,0,0,0,0,0,0,0,0,0,0,0,0,0,0,0,0,0,0,0,0,0,0,0,0,0,0,0,0,0,0,0,0,0,0,0,0,0,0,0,0,0,0,0,0,0,0,0,0,0,0,0,0,0,0,0,0,0,0,0,0,0,0,0,0,0,0,0,0,0,0,0,0,0,0,0,0,0,0,0,0,0,0,0,0,0,0,0,0,0,0,0,0,0,0,0,0,0,0,701,0,0,0,0,0,0,0,0,0,0,0,0,0,0,0,0,0,0,0,0,0,0,0,0,0,0,0,0,0,0,0,0,0,0,0,0,0,0,0,0,0,0,0,0,0,0,0,0,0,0,0,0,0,0,0,0,0,0,0,0,0,0,0,0,0,0,0,0,0,0,0,0,0,0,0,0,0,0,0,0,0,0,0,0,0,0,0,0,0,0,0,0,0,0,0,0,0,0,0,0,0,0,0,0,0,0,0,0,0,0,0,0,0,0,0,0,0,0,0,0,0,0,0,0,0,0,0,0,0,0,0,0,0,0,0,0,0,0,0,0,0,0,0,0,0,0,0,0,0,0,0,0,0,0,0,0,0,0,0,0,0,0,0,0,0,0,0,0,0,0,0,0,0,0,0,0,0,0,0,0,0,0,0,0,0,0,0,1482,0,0,0,0,0,0,0,0,0,0,0,0,0,0,0,0,0,0,0,0,0,0,0,0,0,0,0,0,0,0,0,0,0,0,0,0,0,0,0,0,0,0,0,0,0,0,0,0,0,0,0,0,0,0,0,0,0,0,0,0,0,0,0,0,0,0,0,0,0,0,0,0,0,0,0,0,0,0,0,0,0,0,0,0,0,0,0,0,0,0,0,0,0,0,0,0,0,0,0,0,0,0,0,0,0,0,0,0
"D392",0,0,0,0,0,0,0,0,0,0,0,0,0,0,0,0,0,0,0,0,0,0,0,0,0,0,0,0,0,0,0,0,0,0,0,0,0,0,0,0,0,0,0,0,0,0,0,0,0,0,0,0,0,0,0,0,0,0,0,0,789,0,0,0,0,0,0,0,534,0,0,0,0,0,0,0,0,0,0,0,0,0,0,7717,0,0,0,0,0,0,0,0,0,0,0,0,0,0,0,0,0,0,0,0,0,0,0,0,0,227,0,0,0,0,0,0,0,0,0,0,0,0,0,0,0,0,0,0,0,0,0,0,0,0,0,0,0,0,0,0,0,0,0,0,0,0,0,0,0,0,0,0,0,0,0,0,0,0,0,0,0,0,0,0,0,0,0,0,0,0,0,0,0,0,0,0,0,0,0,0,0,0,0,0,0,0,0,0,0,0,0,0,0,0,0,0,0,0,0,0,0,0,0,0,0,0,0,0,0,0,0,0,0,0,0,0,0,0,0,0,0,0,0,0,0,0,0,0,0,0,0,0,0,0,0,0,0,0,0,0,0,0,0,0,0,0,0,0,0,0,652,0,0,4,0,0,0,57,0,0,0,0,0,0,0,0,0,0,0,0,0,0,0,0,0,0,0,0,0,0,0,0,0,0,0,0,0,0,0,0,0,0,0,0,0,0,0,0,0,0,0,0,0,0,0,0,0,0,0,0,0,0,0,0,0,0,0,0,0,0,0,0,0,0,0,0,0,0,0,0,0,0,0,0,0,0,0,0,0,0,0,0,0,0,0,0,0,0,0,0,0,0,0,0,0,0,0,0,0,46,0,0,0,0,0,0,0,0,0,0,0,0,0,0,0,0,0,0,0,0,0,0,0,198,0,0,0,0,0,0,0,0,0,0,0,0,0,20,0,0,0,0,0,0,0,0,0,0,0,0,0,0,0,0,0,0,0,0,0,0,0,0,0,0,0,0,0,0,0,0,0,0,0,0,0,0,0,42,0,0,0,0,0,0,0,0,0,0,0,0,0,0,0,0,0,0,0,0,298,0,0,0,0,0,0,0,43788,0,0,0,0,0,0,0,0,0,0,5,0,0,0,0,0,0,0,0,0,0,0,0,0,0,0,0,0,0,0,0,0,0,0,0,0,0,1385,0,0,0,0,0,0,0,0,0,0,0,0,0,0,0,0,0,0,0,0,0,0,0,0,0,0,0,4,0,0,0,0,0,0,0,0,0,0,0,0,0,0,0,0,0,0,0,0,0,0,0,0,0,0,0,0,0,0,0,0,0,0,0,0,0,0,0,0,0,0,0,0,0,0,0,0,0,0,0,0,0,0,0,0,0,0,0,0,0,0,0,0,0,0,0,0,0,0,0,0,0,0,0,0,40,0,0,0,0,0,0,0,0,0,0,0,0,0,0,0,0,0,0,0,834,1904,0,0,0,0,0,0,0,0,0,34,0,0,0,0,0,0,0,0,0,0,0,0,0,0,0,14,0,0,0,0,20,0,0,0,0,0,0,0,0,0,0,0,0,0,0,0,0,0,0,0,0,0,0,0,0,0,0,0,0,0,0,0,0,75,0,0,0,0,0,0,0,0,0,1189,0,0,0,0,0,0,0,0,0,0,0,0,0,0,0,0,0,0,0,0,20,0,0,0,0,0,0,0,0,0,0,0,0,0,0,0,0,0,0,0,0,0,0,0,0,0,0,0,0,0,0,0,0,0,0,0,0,0,0,0,0,0,0,0,0,0,0,0,0,0,0,0,0,0,0,0,0,0,0,0,0,0,0,0,0,0,0,0,0,0,0,0,243,0,0,0,0,0,0,0,0,0,0,0,0,0,0,0,0,0,0,0,0,0,0,0,0,0,0,0,0,0,0,0,0,0,0,0,2129,0,0
"D393",7,0,4,16,2,123,4,8,0,20,0,0,4,0,0,0,0,0,0,0,0,0,0,0,31,0,3,1,0,18,7,8,1,0,2,0,2,53,0,0,0,2,0,0,0,5,61,0,0,0,0,1,0,3,5,0,2,0,30,0,0,0,10,0,6,1,80,2,20,2,0,13,0,0,0,0,0,10,6,0,0,0,0,0,0,4,41,0,0,11,0,0,0,0,33,0,0,0,0,0,2,0,0,0,3,0,0,0,23,4,0,0,22,0,0,0,0,0,0,5,0,0,0,0,0,4,0,0,0,0,0,0,2,2,0,0,0,0,0,0,0,90,2,0,1,0,0,0,648,0,381,0,0,0,19,0,2,401,0,13,15,0,0,0,0,0,1,0,0,8,0,9,0,103,0,0,0,0,103,20,0,0,0,5,0,60,0,0,0,0,0,0,0,31,52,0,4,2,0,0,0,0,0,0,0,6,0,9,0,0,0,32,0,0,0,0,24,0,0,0,0,0,0,0,0,0,69,0,0,0,144,0,0,0,0,479,0,0,0,0,0,0,0,5,0,0,0,0,0,0,99,0,0,18,0,0,0,31,0,8,8,0,3,0,0,0,31,17,0,5,0,0,0,0,0,0,0,0,0,0,0,0,0,0,0,0,0,0,0,2,0,0,0,0,0,15,0,3,0,6,0,2,12,155,57,2,0,0,0,0,0,0,0,0,44,0,0,8,1,13,0,0,0,0,14,2,7,0,3,0,0,0,247,0,0,0,0,5,6,22,17,0,0,0,0,0,0,2,0,0,0,0,2,0,4,0,20,0,6,0,0,0,0,0,780,0,0,513,0,0,0,39,0,0,0,0,0,0,0,0,0,0,1,29,0,14,0,0,13,0,0,0,0,1,0,14,0,17,33,46,14,0,29,52,9,2,7,0,0,0,0,1,0,0,1,0,0,0,0,0,0,0,0,0,0,45,0,0,8,0,9,0,0,4,0,6,0,0,0,51,0,33,0,0,0,133,0,0,0,14,0,0,0,0,0,0,0,0,6,0,0,0,24,0,2,5,101,0,0,0,0,6,0,21,0,0,0,43,0,0,21,0,0,8,0,65,4,0,0,0,6,2,49,0,0,0,102,0,0,4,0,0,0,0,2,0,1,25,0,4,9,7,0,13,0,0,10,9,0,0,3,0,2,0,0,0,24,0,0,0,0,28,24,0,0,0,0,3,6,0,0,0,0,0,31,0,0,0,0,21,0,0,2,12,0,0,0,0,0,0,0,41,0,0,0,0,0,16,0,40,0,9,0,9,0,0,12,0,0,0,4,3,0,0,0,0,0,0,0,0,6,0,2,0,0,0,0,0,0,0,0,0,0,2,17,0,7,0,62,0,0,0,19,0,0,0,0,0,0,0,0,0,12,0,0,0,0,0,27,7,699,0,0,18,0,0,0,0,0,2,65,0,0,0,0,0,0,62,4,0,0,0,0,0,0,7,48,21,9,0,0,17,0,0,0,0,0,0,0,91,0,347,0,0,0,0,44,0,0,0,0,0,0,0,0,0,0,0,10,2,0,0,0,47,18,0,0,30,0,0,0,0,0,0,0,0,0,0,0,0,2,3,0,0,0,0,0,0,3,0,5,0,0,14,0,14,0,743,184,0,31,11,0,0,0,0,0,0,9,0,0,0,0,0,11,0,0,0,0,0,0,0,0,0,0,0,6,0,0,0,0,0,0,0,0,0,0,0,0,0,0,4,7,46,0,2,7,0,0,0,0,0,10,10,54,0,0,0,0,0,0,1,0,0,4,4,0,65,0,0,4,0,4,0,0,0,0,0,0,0,1,0,0,5,93,0,0,6,0,0,9,0,4,0,0,2,0,6,0,0,0,4,0,8,0,5
"D394",0,0,0,0,0,0,0,0,0,0,0,0,0,0,0,0,0,16,0,52,37,0,0,0,0,0,0,0,0,0,0,0,0,0,0,0,0,0,0,0,0,0,0,0,0,0,0,38,0,0,0,0,0,0,0,0,117,0,0,0,8,0,0,0,0,0,0,0,0,0,0,0,0,0,0,0,0,0,0,0,0,0,12,0,0,1,11,89,0,0,0,0,0,0,0,0,0,0,0,0,0,35,0,0,0,3391,0,0,0,0,0,0,0,0,0,0,0,0,0,0,0,27,0,0,0,0,33,0,0,0,0,0,0,0,0,0,0,0,0,0,0,0,0,0,0,0,0,0,0,0,0,0,0,0,0,0,0,0,0,0,0,0,0,0,0,0,0,0,0,0,0,1036,0,0,0,0,0,0,0,0,0,0,0,0,0,0,0,0,0,2,0,0,0,0,0,118,0,0,0,0,0,0,0,0,0,0,0,0,0,0,0,0,0,0,0,0,0,0,0,0,0,0,0,0,0,0,0,0,0,0,0,0,0,0,0,0,0,0,0,0,0,0,0,0,0,0,0,0,0,0,0,0,0,0,0,0,0,0,0,0,0,0,0,0,0,0,0,0,0,0,0,0,0,85,0,0,0,0,0,0,0,0,21,0,0,0,0,0,0,0,0,0,0,0,0,0,0,0,0,0,0,0,0,0,0,26,0,0,0,0,0,0,0,0,0,53,0,0,0,0,0,0,0,0,73,0,0,0,0,0,224,0,0,0,0,0,0,0,0,0,21,113,0,0,0,0,0,0,0,0,0,0,0,0,0,0,0,0,0,0,0,0,0,0,0,0,0,5,0,0,0,0,0,0,0,0,0,0,0,0,0,0,0,0,0,0,0,0,0,0,0,0,0,0,0,0,32,0,3,0,0,0,6,3,0,1,0,0,0,0,0,13,0,0,0,0,0,0,0,0,0,0,0,0,0,0,0,0,0,5,0,0,0,0,0,0,0,0,0,0,0,0,0,0,0,0,94,0,0,0,0,0,0,0,0,0,0,0,0,0,0,0,0,0,0,0,0,0,0,0,0,0,21,30,0,0,0,13,0,0,0,0,0,0,0,0,0,171,0,0,0,0,0,0,0,0,0,0,0,0,0,0,0,0,0,77,0,0,0,0,0,0,0,0,0,0,0,0,0,0,0,0,0,0,0,0,0,0,0,0,0,0,0,0,0,0,0,0,0,0,0,0,0,0,0,0,0,0,0,0,0,0,0,0,0,0,42,0,0,0,0,0,0,0,0,0,0,0,0,0,0,0,0,0,0,0,0,126,0,0,0,0,0,3,0,0,0,0,0,0,0,0,0,0,0,0,91,0,0,0,0,0,0,0,0,0,0,0,0,0,0,0,0,0,0,0,0,0,0,0,0,0,20,0,0,0,0,0,79,0,0,0,0,0,0,0,0,0,0,0,0,0,0,0,0,0,0,0,0,0,0,0,8,0,0,0,0,0,208,169,0,0,0,0,0,0,0,39,5,0,0,0,0,0,0,0,0,0,0,0,0,0,0,0,0,5,0,0,0,0,0,0,0,0,0,0,0,0,0,0,0,0,0,0,0,0,0,0,18,0,0,0,0,0,0,0,0,0,0,0,0,0,0,0,0,1,0,0,0,0,0,0,0,0,0,0,0,0,0,0,0,0,0,0,0,0,0,0,0,0,0,0,0,0,0,0,7,0,0,0,0,0,0,742,0,0,0,0,0,0,0,0,0,0,0,2,0,0,0,0,0,0,0,0,0,0,0,0,0,0,0,0,0,0,0,0,0,0,0,0,0,0,0,4,0,0,0,0,6,0,0,0,0,5,0,5,0,0,0,0,0,0,0,0,0,0,0,0,0,0,0,16,0,0,0,0
"D395",0,0,0,0,0,0,0,0,0,0,0,0,0,0,0,0,0,0,0,0,0,0,0,0,0,0,0,0,0,0,0,0,0,0,0,0,0,0,0,66,0,0,0,0,0,0,22,0,0,0,0,9,0,0,0,0,0,0,0,0,5,0,0,0,15,0,0,3,0,0,0,0,0,0,0,0,0,0,0,0,0,0,0,0,0,0,0,0,0,0,0,0,0,0,3664,0,0,0,0,0,0,0,0,0,0,0,0,0,0,0,0,0,0,0,0,0,0,0,0,0,0,0,0,0,0,0,0,0,0,0,0,0,0,0,0,0,0,0,0,0,0,0,0,0,0,0,0,0,0,0,0,0,0,0,74,0,0,0,0,0,0,0,0,0,0,0,0,0,0,0,0,0,0,0,0,0,0,0,0,0,0,0,0,0,0,0,0,0,0,0,0,0,0,0,0,0,0,0,0,0,0,0,0,0,0,0,0,0,0,0,0,0,0,0,0,0,0,0,0,0,0,0,0,0,0,0,0,0,0,0,1479,0,0,0,0,0,0,0,0,0,0,0,0,0,0,0,0,0,0,0,481,0,0,12,0,0,0,0,0,0,0,0,0,0,0,0,2,0,0,0,0,0,0,0,0,0,0,0,0,0,0,0,0,0,0,0,0,0,0,0,0,0,0,0,0,7,0,0,0,0,0,10,28,0,0,0,0,0,0,0,0,0,0,0,0,0,0,0,0,0,0,0,0,0,0,0,0,0,0,0,0,0,0,0,26,0,0,0,0,36,0,0,0,0,0,0,0,0,0,0,0,0,15,0,0,0,0,0,0,1528,0,0,0,0,0,0,0,0,0,0,0,0,0,0,0,0,0,0,0,0,0,0,0,339,0,0,0,0,12,0,0,0,0,0,0,0,0,0,0,54,0,0,0,18,0,0,0,0,3,0,0,0,0,0,0,0,0,0,0,0,0,0,0,0,0,48,0,0,0,0,0,0,0,0,0,0,0,0,0,0,0,0,0,0,0,0,0,0,0,0,0,0,0,0,0,0,0,0,0,0,0,0,0,0,0,0,74,0,0,0,0,0,0,0,0,0,0,58,0,0,0,0,0,2,0,223,0,0,0,0,0,0,0,0,0,0,0,0,0,3,0,0,0,0,0,0,0,0,0,0,0,0,0,0,0,0,0,0,0,0,0,0,0,0,0,0,0,0,0,0,0,0,0,0,0,0,0,0,0,0,0,0,0,0,0,0,0,0,0,0,0,0,0,11,0,0,0,0,0,0,0,0,0,0,0,0,0,0,0,0,0,0,0,0,0,0,0,0,0,0,0,0,0,0,0,0,0,0,0,0,0,0,0,0,0,0,0,0,0,0,0,0,0,0,0,0,0,0,0,0,0,0,0,0,0,0,0,0,0,0,0,0,0,0,0,0,0,0,0,0,257,0,0,0,0,0,0,0,0,0,52,0,0,0,0,0,0,37,0,0,0,0,0,0,0,0,1,0,0,0,0,9,0,0,0,0,0,0,0,0,0,0,0,36,0,0,0,0,0,0,0,0,0,0,0,0,0,0,43,0,0,0,0,0,0,0,0,0,0,0,0,0,0,0,0,0,0,0,0,0,0,0,0,0,0,0,0,0,0,0,0,0,0,0,0,0,0,358,0,0,0,0,0,0,0,0,0,0,0,0,0,0,0,0,0,0,0,0,0,0,0,0,0,0,0,0,0,0,0,0,0,0,0,0,0,0,0,0,0,0,0,0,0,0,0,0,0,0,0,0,0,0,0,0,6,0,0,0,0,0,0,0,0,0,0,0,0,0,0,0,0,0,0,0,0,0,0,0,0,0,0,0,0,0,0,0,0,0,0,0,0,0,0,0,0,0,0,0,0,0,0,0,0,0,0,0
"D396",11,0,0,21,0,1228,12,40,0,632,1,0,32,0,16,0,0,7,0,0,0,0,0,7,0,0,0,0,0,85,15,0,17,0,0,0,0,743,0,24,0,3,0,0,0,0,50,0,10,0,0,3,0,0,0,3,8,0,0,0,64,0,0,0,0,0,484,0,9,0,0,50,0,0,0,0,0,9,16,0,23,0,0,18,0,0,2711,0,0,27,0,0,0,0,65,0,7,0,0,0,55,0,0,0,0,0,0,0,135,7,0,0,0,0,0,0,0,0,0,1,0,0,8,0,0,0,0,0,0,0,0,0,0,0,0,0,0,0,0,30,0,1865,0,0,12,0,0,0,5633,0,169,0,0,0,24,0,22,3131,0,2,0,11,0,4,0,0,0,3,0,0,0,0,0,2,4,0,0,0,847,9,0,0,7,0,0,24,0,0,0,0,0,0,0,30,201,0,0,0,2,3,9,14,0,27,0,0,0,17,0,0,0,29,0,0,0,0,1152,0,0,0,3,0,0,0,0,0,12,0,0,0,238,0,0,17,0,1165,29,0,0,0,0,0,0,0,0,0,0,0,0,0,64,0,0,6,0,0,0,40,0,0,0,0,37,0,0,0,0,56,0,0,0,0,0,0,0,0,0,2,0,0,0,21,0,0,0,0,0,0,0,0,12,0,0,0,0,5,0,0,0,16,3,7,3,1800,186,4,0,0,1,0,0,0,0,0,45,0,0,0,0,0,0,0,0,0,0,0,17,0,0,0,0,0,520,0,0,0,0,3,0,4,0,0,0,32,0,0,0,4,2,0,0,2,0,0,0,7,0,0,51,0,8,6,0,0,10468,114,0,165,0,0,0,0,0,0,0,0,0,0,0,0,0,47,0,33,0,0,0,0,40,0,0,0,0,2,0,0,0,34,960,29,0,8,14,90,0,0,0,0,16,0,0,0,0,0,10,0,0,3,0,0,0,0,0,0,2,96,0,0,55,0,12,0,2,12,0,0,0,14,1,656,0,21,0,0,0,27,0,0,0,54,0,0,0,7,0,0,7,0,20,0,0,0,9,0,12,0,427,0,0,0,0,0,0,8,0,0,0,103,0,0,6,18,0,24,0,25,0,0,0,0,0,0,28,0,0,11,376,0,0,9,0,0,0,0,0,0,0,0,0,0,78,21,9,0,0,0,71,0,0,0,4,0,0,0,0,0,0,0,0,0,0,283,11,0,0,0,0,0,0,115,25,0,0,0,0,14,0,0,0,1139,0,10,0,4,0,0,0,0,0,0,0,0,3,0,0,1,0,173,0,395,0,13,0,0,0,0,483,0,0,0,0,0,0,0,11,16,0,0,0,34,0,0,23,0,0,0,9,0,0,0,0,0,7,0,0,0,0,0,8,0,48,0,18,0,0,0,0,0,0,0,0,0,9,0,0,0,0,0,0,20,110,0,0,0,0,0,0,0,4,0,4,0,461,0,0,0,0,94,17,0,0,0,0,0,0,0,7,23,0,0,2,0,0,0,0,0,0,4,0,824,0,1262,0,0,0,0,0,0,37,0,0,0,0,99,0,0,9,0,18,13,0,0,0,387,23,0,0,3,0,0,0,0,3,1,39,0,0,0,0,0,0,5,0,0,0,2,0,0,17,0,0,0,0,23,0,16,0,472,161,0,0,0,0,0,9,0,0,0,0,0,0,0,0,0,19,5,0,0,0,0,0,0,0,0,0,7,8,0,0,0,0,0,0,4,0,0,0,20,0,0,0,1,14,345,0,8,9,0,3,0,0,0,3,4,15,0,0,0,0,0,0,0,0,0,0,0,0,0,0,0,5,0,4,0,0,0,0,0,0,0,0,0,0,0,100,0,7,0,0,0,0,0,0,0,0,16,0,34,0,0,0,0,0,45,0,7
"D397",0,0,0,0,0,232,0,0,0,0,0,0,0,0,0,0,0,0,0,0,0,0,0,0,0,0,0,0,0,0,0,0,0,0,0,0,0,0,0,0,0,0,0,0,0,0,0,0,0,0,0,0,0,0,0,0,0,0,0,0,0,0,0,0,0,0,0,0,0,0,0,0,0,0,0,0,0,0,0,0,0,0,0,0,0,0,0,0,0,0,0,0,0,0,0,0,0,0,0,0,0,0,0,0,0,0,0,0,0,0,0,0,0,0,0,0,0,0,0,0,0,0,0,0,0,0,0,0,0,0,0,0,0,0,0,0,0,0,0,0,0,0,31,0,0,0,0,0,0,0,0,0,0,0,0,0,0,19,0,0,0,0,0,0,0,0,0,0,0,0,0,0,0,0,0,0,0,0,0,0,0,0,0,0,0,7,0,0,0,0,0,0,0,0,0,0,0,0,0,0,0,0,0,0,0,0,0,0,0,0,0,0,0,0,0,0,0,0,0,0,0,0,0,0,0,0,0,0,0,0,0,0,0,0,0,2,0,0,0,0,0,0,0,0,0,0,0,0,0,0,0,0,0,0,0,0,0,0,0,0,0,0,0,0,0,0,0,0,0,0,0,0,0,0,0,0,0,0,0,0,0,0,0,0,0,0,0,0,0,0,0,0,0,0,0,0,0,0,0,0,0,0,0,0,0,0,0,0,0,0,0,0,0,0,45,0,0,0,0,0,0,0,0,4,0,0,0,0,0,0,0,0,0,0,0,0,0,0,0,0,0,0,0,0,0,0,0,0,0,0,0,0,0,0,0,0,0,0,0,0,0,0,0,0,3,0,0,0,0,0,0,0,0,0,0,0,0,0,0,0,0,0,0,0,0,0,0,0,0,0,0,0,0,0,0,0,0,0,0,0,0,0,0,0,0,0,0,0,0,0,0,0,0,0,0,0,0,0,0,0,0,0,0,0,0,0,0,0,0,0,0,0,0,0,0,0,0,0,0,0,0,0,0,0,0,0,0,0,0,0,0,0,0,0,0,0,0,0,0,0,0,0,0,0,0,0,0,0,0,0,0,0,0,0,0,0,0,0,0,0,0,0,0,0,0,0,0,0,0,0,0,0,860,0,0,0,0,0,0,0,0,0,0,0,0,0,0,0,0,0,0,0,0,0,0,0,0,0,0,0,0,0,0,0,0,0,0,0,0,0,0,0,0,0,0,0,0,0,0,0,0,0,0,0,0,0,0,0,0,0,0,0,0,0,0,0,0,0,0,0,0,0,0,0,0,0,0,105,0,0,0,0,0,0,0,0,0,0,0,0,0,0,0,0,0,0,0,0,0,0,0,0,0,0,0,0,0,0,0,0,0,0,0,0,0,0,0,0,228,0,0,0,0,0,0,0,0,0,0,0,0,0,0,0,0,0,0,0,0,0,0,0,0,0,0,0,0,0,0,0,0,0,0,0,0,0,0,0,0,0,0,0,0,0,0,0,0,0,0,0,0,0,0,0,0,0,0,0,0,0,0,0,0,0,0,0,0,0,0,0,0,0,0,0,0,0,0,0,0,0,0,0,0,0,0,0,0,0,0,0,0,0,0,0,0,0,0,0,0,0,0,0,0,0,0,0,0,0,0,0,0,0,0,0,0,0,0,0,0,0,0,0,0,0,0,0,0,0,0,0,0,0,0,0,0,0,0,0,0,0,0,0,0,0,0,0,0,0,0,0,0,0,0,0,0,0,0,0,0,0,0,0,0,3,0,0,0,0,0,0,0,0,0,0,0,0,0,0,0,0,0,0,0,0,0,0,0,0,0,0,0,0,0,0,0,0,0,0,0,0,0,0,0,0,0,0,0,0,0,0,0,0,0,0,0,0,0,0,0,0,0,0,0,0,0,0
"D398",0,0,0,0,0,0,0,2,0,2,0,0,0,0,0,0,0,0,0,0,0,1,0,0,0,0,0,0,0,0,0,0,0,0,0,0,0,0,0,0,0,0,0,0,0,0,0,0,0,0,0,0,0,0,0,0,0,0,0,0,0,0,0,0,0,0,0,0,0,0,0,0,0,0,0,0,0,0,0,0,0,0,0,164,0,0,0,0,0,0,0,0,26,0,6,0,0,0,0,0,0,0,0,0,0,0,0,0,0,3,0,0,0,0,0,0,0,0,0,0,0,0,0,0,0,0,0,0,0,0,0,0,0,0,0,0,0,0,0,0,0,0,0,0,0,0,0,0,0,0,0,0,0,0,0,0,0,0,0,0,0,0,0,0,0,0,0,0,0,0,0,0,0,0,0,0,0,0,0,0,0,0,0,0,0,0,0,0,0,0,0,0,0,0,0,0,0,0,0,0,0,0,0,0,0,0,0,0,0,0,0,0,0,0,0,0,0,0,0,0,0,0,0,0,0,0,0,0,0,0,0,0,0,0,0,0,0,0,0,0,0,0,0,0,0,0,0,0,0,0,5,0,0,0,0,0,0,1,0,0,0,0,0,0,0,0,0,0,0,0,0,0,0,0,0,0,0,0,0,0,0,0,0,0,0,0,0,0,0,0,0,0,0,0,0,2,0,0,0,0,0,1,0,0,0,0,0,0,0,0,0,0,0,0,76,0,0,0,0,0,0,0,0,0,0,0,0,0,0,0,0,0,0,0,0,0,0,0,0,0,0,0,0,0,0,0,0,0,0,0,0,0,0,0,0,0,0,0,0,2529,0,0,0,0,0,0,0,0,0,0,0,0,0,0,0,0,0,0,0,0,0,0,0,0,0,0,0,0,0,0,0,0,0,0,0,0,0,0,0,0,0,0,0,0,0,0,0,0,0,0,0,0,0,0,0,0,0,0,0,0,0,0,0,0,0,2,0,0,0,0,0,0,0,0,0,0,5,0,0,0,0,0,0,0,0,0,0,1,0,0,0,0,0,0,0,0,0,0,122,0,0,0,0,0,0,0,0,0,0,0,0,0,0,0,0,0,0,22,0,0,0,0,0,0,0,281,0,0,0,0,0,0,0,0,0,0,0,0,0,0,0,0,0,0,0,0,0,0,0,0,0,0,0,0,0,0,0,0,0,0,0,0,0,0,0,0,0,0,0,0,0,0,0,0,0,0,0,0,0,0,0,0,0,0,0,0,0,0,0,0,0,0,0,0,0,0,0,0,0,0,0,0,0,0,0,0,0,0,0,0,0,0,0,0,0,0,0,0,0,0,0,0,0,0,0,0,0,0,0,0,0,0,0,0,0,0,0,0,0,0,0,0,0,0,0,0,0,0,0,0,0,0,0,0,0,0,0,0,0,0,0,0,0,0,0,0,0,0,0,0,0,0,0,0,0,0,0,0,0,0,0,0,0,0,0,0,0,5,0,0,0,0,0,0,0,0,0,0,0,0,0,5,0,0,0,0,0,0,0,0,0,0,0,0,0,0,0,0,0,0,0,19,0,0,0,0,0,0,0,0,0,0,0,0,0,0,0,0,0,0,0,0,8,0,71,0,0,0,0,0,0,0,0,0,0,10,0,0,0,0,0,0,0,0,0,0,0,0,0,0,0,0,0,0,0,0,0,0,0,0,0,0,0,0,0,0,0,0,0,0,0,0,0,0,0,0,0,0,0,0,0,0,0,0,0,0,0,0,0,0,0,0,0,0,0,284,0,0,0,0,0,0,0,0,0,0,0,0,0,0,0,0,0,0,0,0,0,1405,0,0,0,0,0,0,0,0,0,0,0,0,0,0,0,0,0,0,0,0,0,0,0,0,0,0,0,0,0,0,0,0,0,0,0,0,0,0
"D399",4,0,4,5,42,0,0,0,0,0,1195,95,0,0,4,0,0,0,8,0,26,0,0,0,570,0,2,0,16,0,0,1,0,0,0,0,0,0,24,0,0,12,0,5,285,0,25,0,0,154,256,0,1,22,43,0,0,0,362,6,0,2,67,0,0,0,0,37,99,0,0,0,0,0,67,52,0,0,0,0,36,3,0,0,0,22,0,43,0,0,0,0,0,5,0,11,18,0,0,91,0,0,5,19,158,0,0,0,0,0,0,19,230,25,13,12,0,0,11,0,0,5,0,0,0,0,0,6,0,0,14,3,6,7,0,0,7,64,38,0,31,0,0,0,6,0,1,15,0,0,0,6,15,0,0,0,0,0,0,0,59,1,0,6,0,0,0,0,0,0,0,34,0,0,0,0,12,0,0,0,27,2,0,20,1,0,0,0,46,30,3,0,0,0,0,0,0,0,0,0,36,0,0,0,21,0,17,0,0,0,7,0,43,0,78,0,0,0,0,0,0,35,6,0,0,0,0,222,0,0,7,12,15,0,33,0,0,0,0,0,0,0,0,0,2,0,0,13,61,0,0,0,203,0,0,3,8,94,0,56,0,46,0,129,0,0,0,0,34,24,241,0,6,0,12,0,73,0,1,0,0,0,0,4,9,22,0,362,5,31,0,94,0,28,0,0,2,0,22,0,0,0,0,0,0,0,8,0,0,12,0,0,0,7,4,4,0,3,40,0,0,4,13,15,3,13,0,0,0,216,4,0,0,2,0,0,0,0,0,0,0,0,0,0,111,0,199,0,46,0,0,5,0,0,0,5,66,0,0,0,0,0,0,12,0,0,0,0,0,0,0,0,11,0,0,5,0,0,2,3,1,0,135,0,0,48,2,29,0,63,1,0,0,0,0,0,0,92,0,0,0,0,0,0,0,0,0,29,0,0,0,2,0,0,6,18,0,0,10,0,0,0,0,0,0,0,0,0,0,0,0,16,0,127,0,0,65,0,0,0,0,90,0,0,3,0,0,0,0,0,14,0,2,9,3,0,0,0,0,0,0,0,148,0,171,38,4,0,0,0,9,246,24,4,0,0,0,0,0,0,0,0,38,0,0,0,0,0,126,0,140,256,0,0,0,0,0,0,0,0,3,20,3,0,0,0,236,4,7,0,0,0,2,0,0,0,3,0,3,2,0,0,0,0,52,203,0,0,57,0,1,0,0,48,13,0,5,0,0,0,29,0,0,5,356,0,5,0,373,0,0,0,0,0,0,34,3,0,0,0,0,69,2,0,0,0,89,0,0,0,18,0,0,0,8,2,0,0,0,0,0,2,0,64,0,4,15,0,0,0,0,0,0,0,16,8,60,0,0,33,21,0,0,0,0,0,0,0,0,0,0,0,0,0,66,1,25,0,130,4,0,6,0,0,0,9,0,0,43,0,0,3,0,0,0,13,91,0,0,0,0,0,0,14,0,3,0,0,0,53,0,0,0,8,0,782,0,0,192,9,0,0,0,9,0,14,2,0,0,0,56,0,4,0,47,13,0,1,15,66,0,2,11,0,47,2,2,0,0,0,0,1,0,0,62,10,0,477,0,0,0,0,0,0,0,5,10,28,0,20,3,151,0,7,0,0,0,7,3,77,151,0,0,0,0,0,4,0,0,32,285,36,0,0,6,11,8,15,0,2,11,0,0,0,0,0,0,2,0,0,3,0,12,0,0,0,47,71,125,0,0,6,0,0,3,0,0,1,2,0,20,0,5,0,0,0,121,0,24,0,0,6,291,0,0,0,308,7,21,0,3,12,0,0,0,0,0,30,0,8,0,3,0,0,1,42,0,0,0,0,0,430,172,4,0,129,0,0,0,2,0,0,0,0,0,438,0,0,0,0,4,0,7,0,4,0
"D400",3,0,0,0,0,0,0,0,0,0,0,0,0,0,0,0,0,5,0,0,11,0,0,0,0,0,0,0,3,0,0,0,0,0,0,0,0,0,0,0,0,0,0,0,0,0,0,275,0,0,0,55,0,0,0,0,0,0,0,0,0,0,0,0,56,0,0,0,2,0,0,0,0,0,0,0,0,0,4,0,0,0,0,0,0,31,0,0,39,0,0,0,0,0,0,0,0,0,0,0,0,0,0,0,0,0,0,0,0,0,0,0,0,0,684,0,0,0,0,0,5,49,0,0,0,0,449,0,0,0,0,0,0,2,0,0,0,0,0,199,0,0,0,0,0,0,0,0,0,0,0,0,0,0,0,0,0,0,0,0,0,0,0,0,0,0,0,0,0,0,0,15,0,0,0,0,0,0,0,0,0,22,0,0,0,0,0,0,0,0,0,0,0,0,0,64,0,0,0,0,0,0,0,0,1746,0,0,20,0,0,0,0,0,0,0,0,0,0,2,0,0,0,0,0,0,0,0,0,0,0,0,0,0,0,0,0,0,0,0,0,0,0,0,0,0,0,0,0,0,0,1,0,0,0,0,0,0,0,0,0,0,0,0,12,0,0,0,0,0,0,0,0,0,153,0,0,0,0,0,0,0,0,0,0,0,0,0,0,0,0,0,0,0,0,0,0,0,0,0,0,0,0,0,0,0,0,0,0,0,0,0,0,0,13,0,0,0,0,0,0,0,0,0,0,0,0,0,0,0,0,0,0,0,0,0,0,0,0,0,0,0,0,0,0,0,0,0,0,0,0,0,0,0,0,0,0,0,0,0,0,0,20,0,0,0,0,0,0,0,0,0,0,0,0,9,0,0,0,0,0,0,0,0,0,0,0,0,0,0,0,0,0,0,0,0,0,0,0,0,0,0,0,0,0,0,0,19,0,0,0,0,0,0,0,0,0,0,0,0,0,0,0,0,0,0,0,0,0,0,12,48,0,0,0,0,0,0,0,0,0,0,0,0,0,0,0,6,0,0,0,0,0,0,0,0,0,0,0,0,0,0,0,0,2,0,0,0,0,0,0,0,0,0,0,0,0,0,0,0,0,0,0,0,0,0,0,0,0,0,0,0,0,0,0,0,0,0,0,0,0,0,0,0,0,0,31,0,0,0,0,0,0,0,0,0,0,0,0,0,0,0,0,0,0,0,0,0,0,0,0,0,0,0,0,0,0,0,0,0,10,0,0,0,0,0,0,0,0,0,0,0,0,0,0,0,556,34,4878,0,0,0,0,0,0,1,0,0,0,0,0,0,0,0,0,0,0,0,3854,0,0,0,0,0,0,0,0,0,0,0,0,0,0,0,6,0,0,0,0,0,0,0,0,0,0,0,0,0,0,0,0,0,0,0,0,0,0,0,0,0,0,0,0,0,0,0,0,0,0,0,0,0,0,0,0,0,0,0,0,0,0,0,0,0,0,0,0,0,0,0,0,0,0,0,0,0,0,0,0,0,0,0,0,0,0,0,0,0,6169,0,0,0,0,0,0,0,0,0,268,0,0,0,0,0,0,0,0,0,0,0,0,0,0,0,0,0,0,0,0,0,0,0,0,0,0,0,0,0,0,0,0,0,0,0,0,0,0,0,0,0,0,0,0,0,0,0,0,0,0,0,0,0,0,0,0,0,0,24,0,0,0,0,2,0,0,0,0,0,0,0,0,0,0,0,0,0,0,324,0,0,0,0,0,0,952,0,0,0,0,0,0,0,0,0,0,0,0,0,0,0,0,0,0,0,0,2,0,0,639,0,0,0,0,0,0,0,0,0,0,143,0,0,0,0,0,0,0,0,0,0,0,0,0,0,0,0,0,0,0,0,0,0,0,0,6,13,0,0,0,0,0,0,0,0,0,0,0
"D401",0,0,0,0,0,0,0,0,0,0,0,0,0,0,0,0,0,0,0,0,0,0,0,0,0,0,0,0,0,0,0,0,0,0,0,0,0,0,0,0,0,0,0,0,0,0,0,0,0,0,0,0,0,0,0,0,0,0,0,0,0,0,0,0,0,0,0,0,0,0,0,0,0,0,0,0,0,0,0,0,0,0,0,0,0,0,0,0,0,0,0,0,9,0,0,0,0,0,0,0,0,0,0,0,0,0,0,0,0,0,0,0,0,0,0,0,0,0,0,0,0,0,0,0,0,0,0,0,0,0,0,0,0,0,0,0,0,0,0,0,0,0,0,0,0,0,0,0,0,0,0,0,0,0,0,0,0,0,0,0,0,0,0,0,0,0,0,0,0,0,0,0,0,0,0,0,0,0,0,0,0,0,0,0,0,0,0,0,0,2,0,0,0,0,0,0,0,0,0,0,0,0,0,0,0,0,0,0,0,0,0,0,0,0,0,0,0,0,0,0,0,0,0,0,0,0,0,0,0,0,0,0,0,0,0,0,0,0,0,0,0,0,0,0,0,0,0,0,0,0,0,0,0,0,0,0,0,0,0,0,0,0,0,0,0,0,0,0,0,0,0,6,0,0,0,0,0,0,0,0,0,0,0,0,0,0,0,0,0,0,0,0,0,0,0,0,0,0,0,0,0,0,0,0,0,0,0,0,0,0,0,0,0,0,3,0,0,0,0,0,0,0,0,0,0,0,0,0,0,0,0,0,0,0,0,0,0,0,0,0,0,0,0,0,0,0,0,0,0,0,0,0,0,0,0,0,0,0,0,0,0,0,0,0,0,0,0,0,0,0,0,0,0,0,0,0,0,0,0,0,0,0,0,0,0,0,0,0,0,0,0,0,0,0,0,0,0,0,0,0,0,0,0,0,0,0,0,0,0,0,0,0,0,0,0,0,0,0,0,0,0,0,0,0,0,0,0,0,0,0,0,0,0,0,0,0,0,0,0,0,0,0,0,0,0,0,0,0,0,0,0,0,0,0,0,0,0,0,2,0,0,0,0,0,0,0,80,0,0,0,0,0,0,0,0,0,0,0,0,0,0,0,0,0,0,1034,0,0,0,0,0,0,0,0,0,0,0,0,0,0,0,0,0,0,0,0,0,0,0,0,0,0,0,0,0,0,0,0,0,0,0,0,0,0,0,0,0,0,0,0,0,0,35,0,0,0,0,0,0,0,0,0,0,0,0,0,0,0,0,0,0,0,0,0,0,0,0,0,0,0,0,0,0,0,0,0,0,0,0,0,0,0,0,0,0,0,0,0,0,0,0,0,0,0,0,0,0,0,0,0,0,0,0,0,0,0,0,0,0,0,0,0,0,0,0,0,0,0,0,0,0,0,0,0,0,0,0,0,0,0,0,0,0,0,0,0,0,0,0,0,34,0,0,0,0,0,0,0,0,0,0,0,0,0,0,0,0,0,0,0,0,0,0,0,0,0,0,0,0,0,0,0,0,0,0,0,0,0,0,0,0,0,0,0,0,0,0,0,0,0,0,0,0,279,0,0,0,0,0,0,0,0,0,0,0,0,0,0,0,0,0,0,88,0,0,0,0,0,0,0,0,0,0,0,0,0,0,0,0,0,0,0,0,0,0,0,0,0,0,0,0,0,0,0,0,0,0,0,0,0,0,0,0,0,0,0,0,0,0,0,0,0,0,0,0,0,0,0,0,0,0,0,0,0,0,0,0,0,0,0,0,0,0,0,0,5997,0,0,0,0,0,0,0,0,0,0,0,0,0,0,0,0,0,0,0,0,0,1,0,0,0,0,0,0,0,0,0,0,0,0,0,0,0,0,0,0,9,0,0,0,0,0,0,0,0,0,0,0,0,0,0,0,0,0,0,0
"D402",0,0,0,0,0,0,0,0,0,0,0,0,0,0,0,0,0,0,0,0,0,0,0,0,0,0,0,0,0,0,0,0,0,0,0,0,0,0,0,0,0,0,0,0,0,0,0,0,0,0,0,0,0,0,0,0,0,0,0,0,0,0,0,0,0,0,0,0,0,0,0,0,0,0,0,0,0,0,8,0,0,0,0,0,0,0,0,0,0,0,0,0,0,0,0,0,0,0,0,0,0,0,0,0,0,0,0,0,0,0,0,0,0,0,0,0,0,0,0,0,0,0,0,0,0,0,0,0,0,0,0,0,0,0,0,0,0,0,0,0,0,0,0,0,0,0,0,0,0,0,0,0,0,0,0,0,0,0,0,0,0,0,0,0,0,0,0,0,0,0,0,0,0,0,0,0,0,0,0,0,0,0,0,0,0,0,0,0,0,0,0,0,0,0,0,0,0,0,0,0,0,0,0,0,0,0,0,0,0,0,0,0,0,0,0,0,0,0,0,0,0,0,0,0,0,0,0,0,0,0,0,0,0,0,0,0,0,0,0,0,0,0,0,0,0,0,0,0,0,0,0,0,0,0,0,0,0,0,0,0,0,27,0,0,0,0,0,0,0,0,0,0,0,0,0,0,0,0,0,0,0,0,0,0,0,0,0,0,0,0,0,0,0,0,0,0,0,0,0,0,0,0,0,0,0,0,0,0,0,0,0,0,0,0,0,0,0,0,0,0,0,0,0,0,0,0,0,0,0,0,0,0,0,0,0,0,0,0,0,0,0,0,0,0,0,0,0,0,0,0,0,0,0,0,0,0,0,0,0,0,0,0,0,0,0,0,0,0,0,0,0,0,0,0,0,0,0,0,0,0,0,0,0,0,0,0,0,0,0,0,0,0,0,0,0,0,0,2,0,0,0,0,0,0,0,0,0,0,0,0,0,0,0,0,0,0,0,0,0,0,0,0,0,0,0,0,0,0,0,0,0,0,0,0,0,0,0,0,0,0,0,0,0,0,0,0,0,0,0,0,0,0,0,0,0,0,0,0,0,462,0,0,0,0,0,0,0,0,0,0,0,0,0,2,0,0,0,0,0,0,0,0,0,0,0,0,0,0,0,0,0,0,0,0,0,0,0,0,0,0,0,0,0,0,0,0,0,0,0,0,0,0,0,0,0,0,0,0,0,0,0,0,0,0,0,0,0,0,0,0,0,0,0,0,0,0,0,0,0,0,0,0,0,0,0,0,0,0,0,0,0,0,0,0,0,0,0,0,0,0,0,0,0,0,0,0,0,0,0,0,0,0,0,0,0,0,0,0,0,0,0,0,0,0,0,0,0,0,0,0,0,0,0,0,0,0,0,0,0,0,0,0,0,0,0,0,0,0,0,0,0,0,0,0,0,0,0,0,0,0,0,0,0,0,0,0,0,0,0,0,0,0,0,0,0,0,0,0,0,0,0,0,0,0,0,0,0,0,0,0,0,0,0,0,0,0,0,0,0,0,0,0,0,0,0,0,0,0,0,0,0,0,0,0,0,0,0,0,0,0,0,0,0,0,0,0,0,0,0,0,0,0,0,0,0,0,0,0,0,0,0,0,0,0,0,0,0,0,0,0,0,0,0,0,0,0,0,0,0,0,0,0,0,176,0,0,0,0,0,0,0,0,0,0,0,0,0,0,0,0,0,0,0,0,0,0,0,0,0,0,0,0,0,0,0,0,0,0,0,0,0,0,0,0,0,0,0,0,0,0,0,0,0,0,0,0,0,0,0,0,0,0,0,0,0,0,0,0,0,0,0,0,0,0,0,0,0,0,0,0,0,0,0,0,0,0,0,0,0,0,0,0,0,0,0,0,0,0,0,0,0,0,0,0,0,0,0,0,0,0,0,0,0,0,0,0
"D403",0,0,0,0,0,0,0,0,0,0,0,0,0,0,0,0,0,12,0,0,0,0,0,0,0,0,0,0,0,0,0,2,0,0,0,0,0,0,93,0,0,0,0,0,205,0,0,257,0,0,0,0,0,0,0,0,0,0,2,0,0,0,0,0,0,0,0,0,0,153,0,0,0,0,0,0,0,0,0,0,0,0,6,0,0,0,0,0,0,0,0,0,0,0,0,0,1,315,65,0,0,0,0,0,2,52,0,302,0,0,0,0,0,0,45,25,5,7,0,0,0,13,0,0,0,0,26,46,0,0,0,0,0,0,0,0,0,0,208,31,0,0,0,0,0,0,0,0,0,0,0,0,0,0,0,0,0,0,4,0,0,0,0,0,0,0,0,0,29,0,0,1200,0,0,0,0,0,0,0,0,0,0,0,0,0,0,6,0,0,0,0,0,0,0,0,0,0,0,0,0,0,0,0,0,0,0,26,2,0,0,0,0,0,3,0,0,0,0,3,0,0,0,0,0,0,0,0,0,0,0,0,0,0,0,0,0,0,0,0,2,0,0,0,0,0,0,40,2,139,71,0,0,0,0,2,0,0,0,0,0,0,0,0,0,550,0,0,0,0,0,0,0,0,0,0,0,0,0,0,0,0,0,0,0,0,0,0,0,0,0,0,0,0,0,0,0,0,0,0,0,0,0,0,0,0,0,0,0,0,0,29,0,0,0,0,0,0,0,0,0,0,37,0,0,68,0,0,0,109,0,0,0,0,0,0,0,0,0,0,0,0,0,17,0,0,0,0,0,18,14,0,0,0,0,0,6,0,0,0,0,0,0,0,0,0,0,0,0,0,0,0,0,0,0,0,0,0,0,0,0,0,0,0,0,0,0,0,0,0,0,2,0,0,0,0,0,62,0,0,0,0,0,0,3,0,0,0,0,0,0,0,0,0,0,0,0,0,0,0,0,0,0,0,0,0,0,0,0,0,0,0,0,0,0,0,0,0,0,0,0,0,0,0,0,0,0,0,0,0,0,0,0,0,0,0,0,0,0,0,0,0,0,0,0,0,0,0,0,0,0,0,0,621,5,0,0,12,0,0,0,0,0,0,1,0,0,0,241,0,0,0,0,0,0,60,0,0,0,0,0,0,4,0,0,0,694,0,0,0,0,0,0,0,0,39,0,0,0,0,0,0,0,0,0,0,0,0,0,0,0,0,0,0,0,0,0,0,7,289,12,0,0,0,12,0,0,0,0,0,0,0,0,0,0,0,719,56,0,0,0,9,0,0,0,0,0,0,0,0,0,0,0,0,0,0,0,0,1627,0,0,0,0,0,0,0,0,0,0,0,0,0,0,0,0,0,17,756,0,0,5,122,0,0,0,0,0,189,0,0,0,0,0,0,0,0,0,0,0,0,203,0,0,3,0,0,0,0,90,0,0,0,598,0,0,23,2,0,0,0,0,0,0,0,0,135,0,0,4,0,0,0,0,27,0,0,0,0,0,382,405,0,0,0,0,0,246,0,68,9,0,0,0,0,0,0,0,0,0,0,0,0,0,0,0,2,131,0,0,0,0,73,0,164,0,0,0,739,0,0,0,0,0,0,0,0,0,0,0,488,0,0,0,0,36,0,0,0,0,0,0,0,0,0,0,0,0,0,0,0,0,0,0,0,0,0,1867,0,0,5,0,0,0,0,0,0,0,0,110,0,0,0,0,0,0,0,0,0,324,0,0,0,0,0,282,0,0,0,3,0,0,0,0,0,0,0,0,0,0,0,0,9,0,0,0,0,0,0,0,0,0,0,0,0,0,0,0,0,0,0,0,0,20,0,0,0,0,0,0,0,0,0,0,0,0,0,27,0,333,0,0,0,12,0,0,0,0,0,0,19,0,0,183,0,0,0,0
"D404",0,0,0,0,0,0,0,0,0,0,80,0,0,0,0,0,0,0,0,0,0,0,0,0,0,0,0,0,0,0,0,0,0,0,0,0,0,0,111,0,0,0,0,0,0,0,883,45,0,0,0,0,0,0,0,0,0,0,0,0,41,0,0,0,0,0,0,0,0,0,0,21,0,0,0,0,0,48,0,0,0,0,0,0,0,0,0,90,0,0,0,0,0,0,0,0,0,327,0,0,0,0,0,0,0,0,0,54,0,0,0,0,0,0,0,0,297,228,0,0,0,0,0,0,0,0,0,0,0,0,0,8150,0,0,0,0,0,0,53,0,0,106,0,0,0,0,0,0,34,0,27,0,0,0,0,0,0,0,212,0,0,0,0,0,0,0,0,0,0,0,0,130,0,0,0,0,0,0,0,0,0,0,0,0,0,0,0,0,0,46,0,0,0,0,0,0,0,0,0,0,0,0,0,0,117,0,0,0,0,0,0,0,0,0,0,0,0,0,0,0,0,0,0,0,0,0,0,0,0,0,0,0,0,0,0,0,0,24,0,0,0,0,0,0,0,0,0,0,0,0,0,0,0,0,149,0,0,0,0,0,0,0,161,132,0,0,0,0,0,0,0,0,0,0,0,0,0,0,0,0,0,0,0,0,0,0,0,0,0,0,0,0,0,0,0,0,0,0,0,0,0,0,0,0,0,0,0,0,0,0,0,0,0,0,0,0,0,0,0,0,0,0,0,0,0,0,0,0,142,168,0,0,85,0,0,0,0,0,0,0,0,0,0,0,0,0,0,0,0,0,0,0,0,0,0,0,0,0,0,0,0,0,0,0,265,0,0,0,0,0,0,0,0,2243,0,0,0,0,0,0,0,0,0,0,0,0,0,0,0,0,0,0,0,0,0,0,0,0,0,0,0,0,0,0,0,0,0,0,0,0,0,0,0,0,0,0,0,0,1466,0,0,0,0,0,0,0,0,0,0,0,0,0,0,0,0,0,0,0,0,0,0,0,0,0,0,0,0,0,0,0,0,0,0,0,0,0,0,0,0,0,0,0,0,0,0,0,0,0,0,0,0,0,26,0,0,0,0,0,0,0,0,0,0,0,0,0,0,0,0,0,0,0,0,4589,207,0,0,0,0,0,0,0,0,0,0,170,0,0,0,0,0,0,0,0,0,0,0,0,0,0,0,0,0,0,0,0,0,0,0,0,0,0,0,0,0,0,0,0,0,0,0,0,0,0,0,0,0,0,0,0,0,0,0,0,0,17,0,118,0,0,0,0,0,0,0,0,0,0,0,0,0,0,0,0,0,0,0,161,0,0,0,0,0,0,0,0,0,0,0,0,0,0,0,0,0,52,126,0,0,0,0,0,0,0,0,0,0,0,0,0,0,0,0,0,0,0,0,0,0,0,0,0,0,0,0,0,0,172,42,0,0,0,0,0,0,0,0,0,0,0,0,0,0,0,510,0,0,0,0,0,0,0,0,0,0,0,0,0,0,0,0,0,0,0,0,0,0,95,114,0,0,150,0,0,0,0,0,0,0,0,0,0,0,0,0,0,0,0,0,0,0,0,0,0,0,0,0,0,0,0,0,0,0,0,0,0,0,0,0,0,0,0,0,161,0,0,0,0,0,0,0,0,0,0,0,0,0,0,0,0,0,0,0,0,0,0,0,0,0,0,0,0,0,0,0,0,0,368,0,0,0,0,0,0,0,0,0,0,0,0,0,0,0,93,0,0,0,0,0,0,0,0,0,0,0,0,0,0,0,0,0,0,0,0,0,0,0,0,0,0,0,0,0,0,0,0,0,0,0,0,0,0,0,0,0,0,0,0,0,0,0,0,0,0,0,56,0,208,0,0,0,0,0,0,0,0,0,0,0,0,0,0,0,0,0,0
"D405",0,0,0,0,0,0,0,0,0,2,0,0,0,0,0,0,0,0,0,0,0,0,0,0,0,0,0,0,0,15,0,0,0,0,0,0,0,0,0,0,0,0,0,0,0,0,3,0,0,0,0,0,0,0,0,0,0,0,0,0,0,0,0,0,0,0,5,1,0,0,0,0,2,0,0,0,0,1,22,0,0,0,0,0,0,0,2,10,0,0,0,0,0,0,0,0,0,0,0,0,0,0,0,0,0,0,0,0,0,0,0,0,0,0,0,0,0,0,0,0,0,0,0,0,0,0,0,0,0,0,0,0,0,0,0,0,0,0,3,0,0,0,0,0,0,0,0,0,4,0,0,0,0,0,0,0,0,0,0,2,0,0,0,3,0,0,0,0,0,0,0,0,0,0,0,0,0,0,0,0,0,0,0,0,0,0,0,0,0,0,0,0,0,43,0,0,0,0,0,3,0,7,0,0,0,0,6,0,0,0,0,0,0,0,0,0,0,3,0,0,0,0,0,0,0,0,0,0,0,0,0,0,0,0,0,0,0,0,0,0,0,0,0,0,0,0,0,0,0,2,0,0,0,0,0,0,0,10,0,0,0,1281,0,0,0,0,0,0,0,0,0,0,0,0,0,0,0,0,0,0,0,0,0,0,0,0,0,0,0,0,0,0,0,0,0,0,0,0,0,0,0,0,0,0,0,0,0,0,0,0,0,0,0,0,0,0,0,0,0,0,0,0,0,0,0,0,0,0,0,0,0,0,6,0,0,0,0,0,0,0,0,0,0,0,0,0,0,0,0,0,0,0,0,0,0,2,0,0,0,0,0,0,0,0,0,0,0,0,0,0,0,0,3,3,0,0,0,0,0,0,0,0,0,0,0,0,0,0,0,0,0,0,0,0,0,0,0,0,0,2,0,0,0,0,0,0,0,0,0,0,0,0,0,0,0,0,0,19,7,0,0,0,0,0,0,0,0,0,0,0,0,0,0,0,0,0,0,0,0,0,0,0,0,0,0,0,0,0,0,0,0,0,0,0,0,0,0,0,0,255,0,0,0,0,0,0,44,0,0,0,0,0,2,0,0,0,0,0,0,0,0,0,0,7,0,0,0,7,0,0,0,0,0,4,0,0,0,0,0,0,0,0,0,0,0,4,0,0,0,0,0,0,0,0,4,0,0,0,0,0,0,0,0,0,0,0,0,0,0,2,0,0,0,0,0,0,0,0,0,0,0,0,0,0,0,0,0,0,0,0,0,0,0,0,0,13,0,0,0,3,9,0,0,0,0,3,0,0,0,0,0,0,0,0,0,0,0,2,0,0,0,0,0,0,0,0,0,0,0,0,0,0,0,0,0,5,6,0,0,0,3,0,0,0,0,0,0,0,0,0,0,0,0,0,8,0,0,0,0,0,0,0,4,0,0,0,0,0,0,0,0,0,0,0,0,0,0,0,0,0,0,0,0,0,2,0,0,0,0,0,0,0,0,0,0,0,0,0,0,0,0,0,0,0,0,6,0,0,0,0,0,0,0,0,0,0,0,0,0,0,0,0,0,0,0,0,0,0,0,0,0,0,0,0,0,0,0,0,0,0,0,0,0,0,0,0,0,0,0,0,0,0,0,0,0,0,0,0,0,0,0,0,0,1269,0,0,0,0,0,0,0,0,0,0,0,0,0,0,0,0,0,0,0,0,0,0,0,8,0,0,0,0,0,0,0,0,0,2,0,0,0,0,3,0,0,0,0,0,0,0,0,0,0,0,0,0,0,0,0,0,0,0,0,0,0,0,0,0,0,0,0,0,0,0,0,0,0,0,0,0,0,0,0,0,0,0,0,0,0,0,0,0,0,0,0,0,0,40,0,0,0,0,0,0,0,0,0,3,0,0,0,0,0,0,0,0
"D406",0,0,0,0,0,0,0,2,0,4,6,0,0,0,0,0,0,0,3,0,0,0,0,0,0,0,0,0,0,0,0,0,0,0,0,0,0,0,31,0,0,0,0,0,5,0,0,0,0,0,0,1,0,0,0,0,0,0,8,0,0,0,0,0,0,0,0,8,0,0,0,0,22,0,10,0,0,0,0,0,0,0,0,0,0,5,0,2,0,0,0,0,0,0,0,0,3,11,93,0,0,0,0,0,0,0,0,46,7,0,0,0,0,0,104,0,0,40,0,0,0,159,0,0,0,0,0,1,0,0,0,160,0,0,0,0,0,0,28,5,0,0,0,0,0,0,0,0,0,0,5,0,0,0,0,0,0,0,239,0,0,0,0,0,0,0,0,0,0,0,0,327,0,0,0,0,0,0,0,0,0,0,0,0,0,0,5,0,0,6,0,0,0,0,0,0,0,0,0,0,3,0,0,0,0,0,43,3,0,0,0,0,0,0,0,0,0,7,0,0,0,0,0,0,0,0,0,2,0,0,0,0,0,0,0,4,0,0,0,0,0,0,0,0,0,0,151,0,0,0,0,0,0,0,396,0,0,0,0,2,0,18,0,103,0,0,0,0,0,0,0,0,2,0,0,0,31,0,0,0,0,0,38,0,0,0,0,2,0,0,0,0,0,0,0,0,0,0,0,0,0,0,0,0,0,0,0,0,0,0,0,0,0,0,0,0,0,0,80,0,0,0,0,0,0,0,0,0,29224,0,646,0,0,0,0,0,0,0,0,0,0,0,0,0,0,0,0,0,1,0,0,0,0,0,0,515,0,0,0,0,0,0,0,0,0,0,0,0,0,0,0,0,1,49,0,0,0,0,0,0,0,0,0,4,0,0,0,0,0,0,0,0,0,0,0,0,0,0,0,5,0,0,0,4,0,0,0,0,0,0,0,0,0,12,0,0,0,0,5,0,0,0,0,0,0,0,0,0,0,0,0,0,0,0,0,0,0,0,0,0,0,0,0,0,0,0,0,0,0,0,2,0,0,0,0,0,0,0,0,0,0,0,0,0,0,0,0,0,0,0,0,0,55,0,0,0,0,0,0,0,0,0,0,34,4,0,0,24,0,0,1,0,0,31,615,0,0,0,0,0,0,0,0,1,0,5,0,0,0,0,0,0,0,0,61,0,0,0,0,0,0,0,0,0,0,0,0,0,0,0,0,0,0,0,0,0,0,0,0,0,0,0,0,0,1,0,0,0,2,0,0,0,0,0,0,135,0,16,0,27,0,0,0,0,0,58,0,2,0,0,0,0,0,0,0,0,0,0,0,0,0,0,0,0,0,0,0,109,0,0,0,2,0,0,0,14,25,0,0,2,27,0,0,0,0,0,17,0,0,0,1,0,0,0,99,0,0,0,0,0,0,0,21,0,0,0,0,0,11,0,0,0,0,0,0,0,0,0,0,0,0,0,0,0,5,0,0,0,0,0,0,0,3,0,0,0,0,0,0,8,0,11,0,0,0,43,0,89,27,0,0,0,0,7,0,0,0,0,0,0,8,0,0,0,33,8,0,0,0,0,0,0,18,0,1,0,6,0,0,0,0,0,6,0,0,0,0,0,6,0,0,0,0,782,0,0,0,0,0,0,0,0,2,0,0,0,0,0,0,0,0,6,0,0,0,55,0,0,3,0,0,0,0,0,0,0,0,225,0,0,0,0,0,0,0,0,0,157,0,0,0,0,0,0,0,0,0,18,0,0,0,0,0,0,2,0,0,0,0,0,26,0,0,0,0,0,0,0,0,0,0,0,0,0,0,0,0,0,0,0,0,0,0,0,0,0,0,0,0,0,2,0,40,0,0,206,0,87,0,0,0,18,0,0,0,0,3,0,62,0,0,20,0,0,0,0
"D407",0,0,0,0,0,0,0,0,0,0,5,0,0,0,0,0,0,0,0,6,0,0,0,217,15,0,0,5,0,0,0,2,0,0,0,0,42,0,0,0,0,0,0,0,0,0,0,164,0,0,0,0,0,0,0,0,0,0,38,0,0,0,0,0,0,0,0,0,0,2,0,2,0,0,5,0,0,0,3,0,0,0,0,0,0,0,0,0,16,2,0,0,0,0,0,0,0,0,0,0,0,8,0,0,0,0,0,0,42,0,0,0,0,0,0,0,0,0,0,0,6,0,0,0,0,0,0,0,0,0,0,15,0,0,0,0,0,0,0,0,0,0,29,0,0,4,0,0,0,0,0,0,0,2,0,0,0,0,0,1,0,2,0,81,0,0,0,0,0,0,0,139,0,0,0,0,0,6,0,0,0,0,0,0,0,0,0,0,0,0,0,0,0,0,0,120,0,0,0,2,0,0,0,0,0,0,0,2,0,0,0,0,0,0,0,0,0,0,22,0,0,0,0,0,0,0,0,6,0,0,0,0,0,0,0,0,0,0,12,0,0,0,0,0,0,0,104,0,0,0,0,0,0,0,6,0,3,0,0,3,0,1129,0,0,0,0,0,0,0,0,0,0,0,0,0,0,0,0,0,0,0,0,1,0,0,0,0,76,0,0,1,14,0,0,0,0,0,0,0,0,0,0,0,0,0,0,0,0,0,203,0,0,0,0,11,31,0,0,0,0,0,0,0,0,0,0,0,0,30,0,0,0,0,0,0,0,0,0,0,0,0,14,0,0,0,0,0,0,32,53,0,0,0,0,0,426,0,0,0,0,0,0,0,0,0,0,0,0,0,0,0,5,1,0,0,0,0,0,0,0,0,0,0,0,0,8,0,0,0,0,0,0,0,0,0,0,0,2,0,0,0,0,0,0,0,0,877,0,0,0,0,218,4,0,1,0,0,0,35,0,0,0,0,0,0,0,0,0,0,0,0,0,0,0,0,0,2,0,0,0,0,0,0,0,0,0,0,0,0,0,0,0,0,0,0,0,0,0,0,0,0,0,0,0,0,0,0,0,0,0,0,0,0,0,0,0,2,0,0,0,0,0,0,18,0,0,0,0,0,0,0,0,0,0,20,0,0,0,0,0,0,19,0,2,0,0,0,0,0,0,0,0,0,0,18,0,0,0,0,0,0,0,0,0,0,0,6,0,0,0,0,3,0,0,0,0,0,0,0,0,0,0,0,18,0,0,26,0,2,0,0,0,0,0,0,0,0,23,0,0,25,0,0,0,8,5,0,0,0,0,0,0,0,0,0,0,0,0,0,2,0,0,0,12,0,0,0,0,0,0,0,0,0,0,0,52,0,0,0,0,0,0,0,0,0,0,0,0,0,0,0,0,0,0,0,0,0,0,71,0,2,0,67,0,0,0,0,13,112,0,0,1,0,0,0,0,0,0,0,0,0,0,0,0,3,0,0,0,0,0,0,0,0,0,0,0,0,1,0,0,0,0,0,82,0,2,0,0,60,0,0,0,0,0,0,0,28,0,0,0,0,0,0,0,0,7,0,0,0,0,0,0,5,0,24,0,0,0,0,0,0,0,0,0,0,0,0,0,0,0,0,0,0,10,0,0,0,0,0,0,0,0,0,0,18,0,0,0,0,0,98,3,0,0,0,0,0,0,3,0,0,0,0,23,0,0,0,12,4,0,0,0,0,0,0,0,0,0,0,0,0,0,0,96,0,0,0,3,0,0,0,0,158,0,0,0,0,0,0,1,0,0,0,0,0,0,0,0,0,0,0,0,0,0,0,0,0,2,0,0,0,0,0,78,0,0,0,0,0,0,147,0,0,0,0,0,0,0,0,0,0,322,0,0,0,0,0,0,23,0,0,0,0,0,0,0
"D408",0,0,7,15,0,0,0,1,0,0,0,0,0,7,0,0,6,3,0,0,0,1,0,4,6,0,0,0,2,0,0,70,6,0,0,0,48,0,4,0,0,0,0,0,49,0,9,41,0,0,0,0,0,0,11,0,2,1,69,0,14,0,0,0,9,0,0,43,0,23,0,9,7,0,3,0,0,0,0,0,0,0,105,0,0,20,0,87,0,7,0,2,0,0,0,0,2,6,66,0,0,18,2,0,22,3,0,192,0,0,0,7,4,0,71,107,5,12,5,0,4,13,0,0,0,0,56,16,0,11,0,6,3,10,0,17,0,0,85,16,2,0,0,0,2,0,0,0,0,0,0,0,9,0,0,0,0,0,33,0,7,0,0,33,0,1,0,0,6,0,0,449,0,0,0,0,0,10,0,4,7,41,0,0,12,0,0,0,0,49,0,2,27,51,0,117,10,0,0,3,5,0,0,0,1,0,7,31,0,0,0,0,0,22,3,0,0,15,91,0,0,2,0,0,0,0,0,3,0,0,0,0,2,0,0,0,0,0,11,64,0,22,0,0,0,0,0,34,2,583,0,0,0,4,39,0,0,1,0,3,0,0,0,94,0,0,0,0,4,0,0,0,2,37,0,0,21,0,3,0,0,0,54,0,5,0,0,0,0,0,0,6,0,0,16,0,0,0,0,0,0,0,0,0,0,0,0,3,0,0,5,0,0,10,0,2,0,2,3,6,0,0,0,0,24,6,0,3,0,4,29,2,0,0,0,0,0,7,0,0,0,38,33,0,0,6,9,3,0,8,8,0,4,0,0,8,5,9,0,0,0,0,0,2,0,0,0,6,0,8,5,0,29,16,0,0,0,0,0,0,0,0,0,0,0,0,0,0,0,6,0,0,12,0,0,0,22,67,0,0,14,0,0,0,2,0,5,0,0,0,0,99,25,0,0,0,5,0,86,5,0,3,0,22,0,1,0,0,0,85,1,0,0,11,0,0,0,0,0,0,0,0,0,0,0,0,0,0,0,0,3,0,4,5,0,0,0,0,0,0,0,0,0,9,1,10,28,0,0,0,1,0,42,230,0,0,2,7,0,0,0,6,10,29,0,0,0,0,0,0,1,9,0,16,3,0,0,0,0,1,0,6,2,14,0,48,3,0,0,0,0,0,0,0,7,1,0,0,0,0,0,0,0,0,3,0,0,0,0,17,0,0,0,0,34,0,0,14,2,6,0,0,8,0,5,5,0,0,15,0,0,0,0,5,1,88,24,35,0,7,22,7,11,0,25,7,0,0,2,0,0,0,0,0,8,0,0,161,0,0,0,0,2,12,0,9,0,20,0,0,0,7,0,0,0,3,110,0,0,21,57,0,0,0,0,0,38,0,0,0,0,0,0,0,131,0,4,0,2,6,3,0,12,0,0,0,3,264,24,0,0,0,0,0,4,12,4,0,0,0,0,0,0,0,0,0,3,8,0,0,8,1,30,0,0,0,0,0,11,188,0,0,0,0,0,71,2,565,0,0,2,0,0,1,0,0,24,0,4,0,0,0,0,18,0,24,0,5,0,7,0,0,10,0,0,0,16,22,0,0,0,0,0,0,1,9,0,4,4,3,0,16,0,51,0,0,0,6,0,9,7,4,0,0,33,3,0,0,0,0,8,43,0,0,0,0,8,2,0,0,2,0,0,0,0,0,6,2,0,0,0,0,0,6,0,0,13,73,2,0,0,0,2,182,0,10,0,16,0,0,3,0,4,0,18,0,0,11,3,0,0,0,30,0,6,0,7,10,0,0,0,0,0,6,0,0,3,2,64,0,0,7,0,7,9,0,0,0,30,21,0,0,22,8,0,222,0,27,0,6,0,16,0,35,0,27,0,0,16,6,0,0,0,29,0,0
"D409",0,0,0,0,0,0,0,0,0,0,0,0,0,0,0,0,0,0,0,0,0,0,0,0,0,0,0,0,0,0,0,0,0,0,0,0,0,0,0,0,0,0,0,0,0,0,0,0,0,0,0,0,0,0,0,0,0,0,0,0,0,0,0,0,0,0,0,0,0,0,0,0,0,0,0,0,0,0,0,0,0,0,0,0,0,0,0,0,0,0,0,0,0,0,0,0,0,0,0,0,0,0,0,0,0,0,0,0,0,0,0,0,0,0,0,0,0,0,0,0,0,0,0,0,0,0,0,0,0,0,0,0,0,0,0,0,0,0,0,0,0,0,0,0,0,0,0,0,0,0,0,0,0,0,0,0,0,0,0,0,0,0,0,0,0,0,0,0,0,0,0,0,0,0,0,0,0,0,0,0,0,0,0,0,0,0,0,0,0,0,0,0,0,0,0,0,0,0,0,0,0,0,0,0,0,0,0,0,0,0,0,0,0,0,0,0,0,0,0,0,0,0,0,0,0,0,0,0,0,0,0,0,0,0,0,0,0,0,0,0,0,0,0,0,0,0,0,0,0,0,0,0,0,0,0,0,0,0,0,0,0,0,0,0,0,0,0,0,0,0,0,27,0,0,0,0,0,0,0,0,0,0,0,0,0,0,0,0,0,0,0,0,0,0,0,0,0,0,0,0,0,0,0,0,0,0,0,0,0,0,0,0,0,0,319,0,0,0,0,0,0,0,0,0,0,0,0,0,0,0,0,0,0,0,0,0,0,0,0,0,0,0,0,0,0,0,0,0,0,0,0,0,0,0,0,0,0,0,0,0,0,0,0,0,0,0,0,0,0,0,0,0,0,0,0,0,0,0,0,0,0,0,0,0,0,0,0,0,0,0,0,0,0,0,0,0,0,0,0,0,0,0,0,0,0,0,0,0,0,0,0,0,0,0,0,0,0,0,0,0,0,0,0,0,0,0,0,0,0,0,0,0,0,0,0,0,0,0,0,0,0,0,0,0,0,0,0,64,0,0,0,0,0,0,0,0,0,0,0,0,0,0,0,0,0,0,0,0,0,0,0,0,0,0,0,0,0,0,0,0,0,0,0,0,0,0,0,0,0,0,0,0,0,0,0,0,0,0,0,0,0,0,0,0,0,0,0,0,0,0,0,0,0,0,0,0,0,0,0,0,0,0,0,0,0,0,0,0,0,0,0,0,0,0,0,0,0,0,0,0,0,0,0,0,0,0,0,0,0,0,0,0,0,0,0,0,0,0,0,0,0,0,0,0,0,0,0,0,0,0,0,0,0,0,0,0,0,0,0,0,0,0,0,0,0,0,0,0,0,0,0,0,0,0,0,0,0,0,0,0,0,0,0,0,0,0,0,0,0,0,0,0,0,0,0,0,0,0,0,0,0,0,0,0,0,0,0,0,0,0,0,0,0,0,0,0,0,0,0,0,0,0,0,0,0,7,0,0,0,0,0,0,0,0,0,0,0,0,0,0,0,0,0,0,0,0,0,0,0,0,0,0,0,0,0,0,0,0,0,0,0,52,0,0,0,0,0,0,0,0,0,0,0,0,0,0,0,0,0,0,0,0,196,0,0,0,0,0,0,0,0,0,0,0,0,0,0,0,0,0,0,0,0,0,0,0,0,2,0,0,0,0,0,0,0,0,0,0,0,0,0,0,0,0,0,0,0,0,0,0,0,0,0,0,0,0,0,0,0,0,0,0,0,0,0,0,0,0,0,0,0,0,0,0,0,6879,0,0,0,0,0,0,0,0,0,0,0,0,0,0,0,0,0,0,0,0,0,304,0,0,0,0,0,0,0,0,0,0,0,0,0,0,0,0,0,0,0,0,0,0,0,0,0,0,0,0,0,0,0,0,0,0,0,0,0,0
"D410",0,0,3,0,9,0,0,0,0,0,835,125,0,0,2,0,0,0,9,0,0,0,0,0,390,0,0,0,0,0,0,0,0,4,2,0,0,0,0,0,0,4,0,27,293,0,0,0,0,11,42,0,0,33,140,0,0,0,252,3,0,2,237,0,0,0,0,108,76,0,0,0,0,0,0,24,0,0,0,4,14,2,0,0,0,9,0,0,0,0,0,0,0,24,0,3,0,0,0,24,0,0,5,0,56,0,0,0,4,0,0,113,73,24,0,0,0,0,2,0,0,0,0,4,0,0,0,5,0,18,27,0,0,0,0,0,13,0,0,0,6,0,0,0,0,0,4,11,0,0,0,0,17,0,0,0,0,0,3,0,40,0,0,2,0,0,0,0,0,0,0,17,0,0,0,0,4,0,0,0,2,0,0,44,4,0,3,0,10,0,0,0,0,0,0,0,0,0,0,0,3,0,0,0,0,0,0,0,0,0,33,0,5,0,20,0,0,0,0,0,0,74,3,8,0,0,0,0,0,0,433,4,0,0,6,0,0,0,0,0,0,0,0,0,4,0,0,0,9,5,0,0,10,0,0,2,14,197,2,23,0,2,0,0,0,0,0,0,40,11,105,1,0,0,10,2,3,0,0,0,3,0,4,0,16,2,0,361,3,18,0,53,6,34,0,0,0,0,10,0,0,0,0,0,0,0,0,0,0,0,0,0,0,0,2,0,0,0,178,0,0,1,17,1,8,18,0,0,0,36,0,0,0,5,0,0,0,0,0,0,0,2,3,0,9,0,21,0,5,0,0,4,0,0,0,10,15,0,0,0,0,0,0,9,0,0,2,0,0,0,0,0,0,0,0,9,0,0,0,1,0,0,186,0,34,44,18,15,0,23,6,0,0,0,2,5,0,18,0,0,0,25,0,0,0,0,0,99,0,0,0,0,0,0,8,2,0,0,9,0,0,0,0,0,0,0,0,0,0,0,0,6,0,115,0,0,11,0,0,0,0,142,0,0,0,0,0,0,0,0,26,0,4,3,0,0,0,4,0,0,0,0,324,0,151,51,13,0,0,0,0,96,0,74,1,0,0,0,0,0,0,0,9,3,0,0,0,0,15,0,49,168,0,0,3,0,0,0,0,0,1,13,16,0,0,12,466,14,176,0,0,0,0,0,36,0,0,0,0,7,0,0,0,0,0,269,0,23,0,0,0,0,0,11,0,0,6,0,0,0,30,0,2,0,122,0,0,0,143,0,0,0,0,0,0,68,0,0,0,4,0,169,2,0,0,0,51,0,0,0,8,0,0,0,13,0,0,0,0,0,0,0,0,24,0,5,7,0,0,0,0,2,0,0,3,0,4,0,0,0,0,0,0,0,0,0,7,0,0,0,0,0,0,3,0,10,19,0,84,0,0,2,5,0,0,22,0,0,0,0,0,0,0,0,0,7,34,0,0,0,0,0,0,0,4,0,0,0,0,5,0,0,0,24,0,626,0,0,3,0,0,0,0,0,0,2,4,0,0,0,219,0,1,0,29,48,2,5,3,134,0,0,12,0,33,0,2,0,0,5,2,0,0,0,0,25,0,1589,0,0,0,0,0,0,0,1,21,2,0,9,0,154,0,0,0,0,0,1,0,86,82,0,0,0,0,0,0,0,0,13,158,23,2,3,0,0,8,17,0,4,9,0,0,0,0,0,0,0,0,0,22,0,28,2,7,0,6,3,23,3,0,0,0,0,0,0,0,14,0,0,1,0,38,0,0,0,65,0,33,0,0,12,112,0,0,0,4,0,0,0,0,6,0,0,0,0,0,14,2,10,0,2,0,0,0,27,0,0,0,0,0,190,65,3,0,4,0,19,2,0,0,0,0,2,0,534,0,0,5,0,10,0,0,1,0,0
"D411",0,0,0,0,0,0,0,0,0,0,0,0,0,0,0,0,0,0,0,0,0,0,0,0,0,0,0,0,0,2,0,0,0,0,0,0,0,0,0,11,0,0,0,0,0,0,0,0,0,0,0,0,0,0,0,0,0,0,0,0,0,0,0,0,0,0,0,0,0,0,0,0,0,0,0,0,0,0,0,0,0,0,0,70,0,0,0,0,0,0,0,0,47,0,0,0,0,0,0,0,0,0,0,0,0,0,0,0,0,0,0,0,0,0,0,0,0,0,0,0,0,0,0,0,0,0,0,0,0,0,0,0,0,0,0,0,0,0,0,0,0,0,0,13,0,0,0,0,0,0,0,0,0,0,0,0,0,0,0,0,0,0,0,0,0,0,0,0,0,0,0,0,0,0,0,0,0,0,0,0,0,0,0,0,0,0,0,0,0,0,0,0,0,0,0,0,0,0,0,0,0,6,0,0,0,0,0,0,0,0,0,0,0,0,0,0,0,0,0,0,0,0,0,0,0,0,0,0,0,0,0,0,0,0,0,0,0,0,0,0,0,0,0,0,0,0,0,0,0,0,23,0,0,0,0,0,0,0,0,0,0,0,0,0,0,0,0,0,0,0,0,0,0,0,0,0,0,0,0,0,0,0,0,0,0,0,0,0,0,0,0,0,0,0,0,0,0,0,0,0,0,7,0,0,0,0,0,0,0,0,0,0,0,0,5,0,0,0,0,0,0,0,0,0,0,0,0,0,0,0,0,0,0,0,103,0,0,0,0,0,0,0,0,0,0,0,0,0,0,0,0,0,0,0,0,0,0,0,0,18,0,0,0,0,0,0,0,0,0,0,0,0,0,0,0,0,0,0,0,0,0,0,0,0,0,0,0,0,16,0,0,0,0,0,0,0,0,0,0,0,0,0,0,0,0,0,0,0,0,47,0,0,0,0,0,0,0,0,12,0,0,0,0,0,0,37,0,0,0,0,0,0,0,0,0,0,0,0,0,0,0,0,0,0,0,0,0,0,0,0,0,0,0,0,0,0,0,0,61,0,0,0,0,0,0,0,0,0,0,0,0,0,0,0,0,0,0,58,0,0,0,0,0,6,0,78,0,0,0,0,0,0,0,0,0,0,0,0,0,11,0,0,0,0,0,0,0,0,0,0,0,0,0,0,0,0,0,0,0,0,0,0,0,0,0,0,0,0,0,0,0,0,2,0,0,0,0,0,0,0,0,0,0,0,0,0,0,0,0,0,0,0,0,2,0,0,0,0,0,0,0,0,0,0,0,0,0,0,0,0,0,0,0,0,0,0,0,0,0,0,0,0,0,0,0,0,0,0,0,0,0,0,0,0,0,0,0,0,0,0,0,0,0,0,0,0,0,0,0,0,0,0,0,0,0,0,0,0,0,0,0,0,0,0,0,0,0,0,0,10,0,0,0,0,0,0,0,0,0,0,0,0,0,0,0,0,0,4,0,0,0,0,0,0,0,0,0,0,0,0,0,0,0,0,0,0,0,0,0,0,0,0,0,0,0,0,0,0,0,0,0,0,0,132,0,0,0,0,20,0,0,0,0,0,0,0,0,0,0,0,0,0,101,0,31,0,0,0,0,0,0,0,0,0,0,8,0,0,0,0,0,0,0,0,0,0,0,7,0,0,0,0,0,0,0,0,0,0,0,0,0,0,0,0,5,0,0,0,0,0,0,0,0,0,0,0,0,0,0,0,0,0,0,0,0,0,0,97,0,3,0,0,0,0,0,1735,0,0,0,0,0,0,0,0,0,0,0,0,0,0,0,0,0,0,0,0,0,286,0,0,0,0,0,0,0,0,0,0,0,0,0,0,0,0,0,0,0,0,0,0,0,0,0,0,0,0,0,0,0,0,0,0,0,0,0,0
"D412",0,0,1,0,0,0,0,2,0,0,0,0,0,0,0,0,0,0,3,0,260,29,0,0,0,11,0,0,121,0,0,0,649,0,6,0,0,0,0,0,0,0,0,0,0,0,51,0,0,0,0,0,0,0,0,155,153,40,0,0,0,0,0,0,570,0,0,0,0,0,0,0,0,0,0,0,0,0,0,0,19,0,0,0,0,221,0,0,0,35,0,0,0,0,15,0,0,0,0,0,0,0,0,23,0,0,0,0,0,0,0,55,0,0,0,0,0,0,0,0,0,0,0,0,2,0,43,0,0,0,0,3,0,0,49,0,0,0,0,0,0,0,0,0,0,70,0,0,0,0,0,0,0,0,0,0,0,0,0,0,0,0,0,31,0,32,0,0,0,0,0,0,0,0,0,0,0,0,0,0,0,0,0,0,3,0,0,2,0,0,0,16,17,0,0,0,0,0,13,0,28,0,0,0,0,0,0,0,0,0,2,0,2,0,0,0,0,0,0,0,0,4,0,71,0,0,0,0,0,0,0,0,0,0,0,0,0,0,16,0,0,0,0,0,0,0,0,0,0,0,0,0,0,0,0,0,0,0,0,0,0,0,0,0,0,0,0,0,0,0,0,0,0,0,0,0,0,0,0,4,6,0,0,0,0,57,0,0,0,0,0,0,0,0,0,0,0,0,1,0,0,0,0,0,0,0,0,0,0,0,0,0,0,0,0,0,0,0,0,0,0,0,0,1,0,0,3,0,0,0,0,0,31,1,0,0,0,0,0,0,0,0,0,0,41,146,0,0,0,0,0,0,45,0,4,0,0,40,0,0,14,0,0,0,0,0,0,58,16,2,0,0,0,0,0,0,0,0,0,0,0,0,0,0,0,0,0,0,0,10,0,0,0,0,0,0,0,759,0,0,133,0,0,0,0,0,0,0,0,0,214,0,0,0,0,0,0,0,0,0,0,0,0,0,0,564,2,0,0,0,496,0,0,0,0,0,0,0,0,0,0,0,0,0,4,0,11,0,0,0,0,0,0,0,0,0,0,0,0,0,4,0,0,0,0,0,0,0,117,0,0,100,0,0,0,0,0,0,0,0,0,47,0,0,0,0,0,0,0,0,0,0,0,0,0,0,0,0,0,0,0,0,0,10,0,27,23,0,0,0,0,2,0,0,0,0,0,0,0,0,0,0,0,0,2,0,0,0,0,372,0,0,0,0,0,0,0,2,0,0,0,0,0,2,0,0,0,0,18,0,0,0,0,0,0,0,0,0,0,185,0,0,0,0,0,0,0,0,0,0,6,0,0,0,0,25,0,0,9,0,40,0,7,0,0,0,0,0,0,0,0,0,0,37,0,0,0,0,0,0,0,0,310,0,0,5,0,0,0,0,0,0,0,8,0,1,0,0,0,0,0,0,0,0,0,0,0,0,0,0,0,0,0,0,0,4,0,0,51,0,0,0,0,37,0,0,2,0,0,0,0,0,0,0,0,10,0,0,0,0,0,0,0,0,0,0,0,0,0,0,0,0,0,0,0,0,0,0,0,0,0,0,0,0,0,0,0,4,0,0,0,76,0,0,0,0,0,7,16,0,0,3,0,0,0,0,0,0,0,0,0,0,0,0,0,0,9,0,0,0,0,0,0,0,0,0,0,0,5,18,0,0,0,544,0,0,15,0,0,0,0,1,0,0,0,0,0,0,0,4,0,0,0,0,0,0,346,0,0,0,0,0,41,0,0,0,0,0,0,0,50,0,0,0,0,0,0,2,0,0,0,0,20,0,0,4,82,0,0,0,0,0,4,16,0,3,0,0,38,0,0,0,0,5,0,0,0,2,0,0,0,0,0,0,0,0,0,0,3,0,0,0,0,0,22,4,0,0,0,2,0,0,0,0,0,0
"D413",0,0,0,0,0,0,0,0,0,3,0,0,0,0,0,0,0,0,0,0,0,0,0,0,0,0,0,0,0,0,0,0,0,0,0,0,0,0,0,0,0,0,0,0,0,0,0,0,0,0,0,0,0,0,0,0,0,0,0,0,0,0,0,0,0,0,0,0,0,0,0,0,0,0,0,0,0,0,0,0,0,0,0,0,0,0,0,0,0,0,0,0,0,0,0,0,0,0,0,0,0,0,0,0,0,0,0,0,0,0,0,0,0,0,0,0,0,0,0,0,0,0,0,0,0,0,0,0,0,0,0,0,0,0,0,0,0,0,0,0,0,0,0,0,0,0,0,0,0,0,0,0,0,0,0,0,0,0,0,0,0,0,0,0,0,0,0,0,0,0,0,0,0,0,0,0,0,0,0,0,0,0,0,0,0,0,0,0,0,0,0,0,0,0,0,0,0,0,0,0,0,0,0,0,0,0,0,0,0,0,0,0,0,0,0,0,0,0,0,0,0,0,0,0,0,0,0,0,0,0,0,0,0,0,0,0,0,0,0,0,0,0,0,0,0,0,0,0,0,0,0,0,0,0,0,0,0,0,0,0,0,0,0,0,0,0,0,0,0,0,0,0,0,0,0,0,0,0,0,0,0,0,0,0,0,0,0,0,0,0,0,0,0,0,0,0,0,0,0,0,0,0,0,0,0,0,0,0,0,0,0,0,0,0,0,0,0,0,0,0,0,0,0,0,0,0,0,0,0,0,0,0,0,0,0,0,0,0,0,0,0,0,0,0,0,0,0,0,0,0,0,0,0,0,0,0,0,0,0,0,0,0,0,0,0,0,0,0,0,0,0,0,0,0,0,0,0,0,0,0,0,0,0,0,0,0,0,0,0,0,0,0,0,0,0,0,0,0,0,0,0,0,0,0,0,0,0,0,0,0,0,0,0,0,0,0,0,0,0,0,0,0,0,0,0,0,0,0,0,0,0,0,0,0,0,0,0,0,0,0,0,0,0,0,0,0,0,0,0,0,0,0,0,0,0,0,0,0,0,741,0,0,0,0,0,0,0,0,0,0,0,0,0,0,0,0,0,0,0,0,0,0,0,0,0,0,0,0,0,0,0,0,0,0,0,0,0,0,0,0,0,0,0,0,0,0,0,0,0,0,0,0,0,0,0,0,0,0,0,0,0,0,0,0,0,0,0,0,0,0,0,0,0,0,0,0,0,0,0,0,0,0,0,0,0,0,0,0,0,0,0,0,0,0,0,0,0,0,0,0,0,0,0,0,0,0,0,0,0,0,0,0,0,0,0,0,0,0,0,0,0,0,0,0,0,0,0,0,0,0,0,0,0,0,0,0,0,0,0,0,0,0,0,0,2,0,0,0,0,0,0,0,0,0,0,0,0,0,0,0,0,0,0,0,0,0,0,0,0,0,0,0,0,0,0,0,0,0,0,0,0,0,0,0,0,0,0,0,0,0,0,0,0,0,0,0,0,0,0,0,0,0,0,0,0,0,0,0,0,0,0,0,0,0,0,0,0,0,0,0,0,0,0,0,0,0,0,0,0,0,0,0,0,0,0,0,0,0,0,0,0,0,0,0,0,0,0,0,0,0,0,0,0,0,0,0,0,0,0,0,0,0,0,0,0,0,0,0,0,0,0,0,0,0,0,0,0,0,0,0,0,0,0,0,0,0,0,0,0,0,0,0,0,0,0,0,0,0,0,0,0,0,0,0,0,0,0,0,0,0,0,0,0,0,0,0,0,0,0,0,0,0,0,0,0,0,0,0,0,0,0,0,0,0,0,0,0,2,0,0,0,0,0,0,0,0,0,0,0,0,0,0,0,0,0,0,0,0,0,0,0,0,0,0,0,0,0,0,0,0,0,0,0,0,0,0
"D414",0,0,0,0,0,0,3,0,0,0,0,0,0,0,0,0,0,0,0,0,0,0,0,0,0,0,0,0,0,0,0,0,0,0,0,0,0,0,0,0,0,0,0,0,0,0,0,0,0,0,0,0,0,0,0,0,0,0,0,0,0,0,0,0,0,0,1,0,0,0,0,0,0,0,0,0,0,0,6,0,0,0,0,0,0,0,0,0,0,0,0,0,0,0,0,0,0,0,0,0,0,0,0,0,0,0,0,0,0,0,0,0,0,0,0,0,0,0,0,0,0,42,0,0,0,0,0,0,0,0,0,0,0,0,0,0,0,0,0,0,0,0,0,0,0,0,0,0,0,0,0,0,0,0,0,0,0,0,0,0,0,0,0,0,0,0,0,0,0,0,0,0,0,0,0,0,0,0,0,0,0,0,0,0,0,0,0,0,0,0,0,0,0,0,0,0,0,0,0,0,0,156,0,0,0,0,0,0,0,0,0,0,0,0,0,0,0,0,0,0,0,0,0,0,0,0,0,0,0,0,0,0,0,0,0,0,0,0,0,0,0,0,0,0,0,0,0,0,0,0,0,0,0,0,0,0,0,0,0,0,0,0,0,0,0,0,0,0,0,0,0,0,0,0,0,0,0,0,0,0,0,0,0,0,0,0,0,0,0,0,0,0,0,0,0,0,0,0,0,0,0,0,0,0,0,0,0,0,0,0,0,0,0,0,0,0,0,0,0,0,0,0,0,0,0,0,0,0,0,0,0,0,0,0,0,0,0,0,0,0,0,0,0,0,0,0,0,0,0,2,0,0,0,0,0,0,0,0,0,0,0,0,0,0,0,0,0,0,0,0,0,0,0,0,0,0,0,0,0,0,0,0,0,0,0,0,0,0,0,0,0,0,0,0,0,0,0,0,0,0,0,0,0,0,0,0,0,0,4,0,0,0,0,0,0,0,0,0,0,0,0,0,0,0,0,0,0,0,0,0,0,0,0,0,0,0,0,0,0,0,0,0,0,0,0,0,0,0,0,0,0,0,0,0,0,0,0,0,0,23272,0,0,0,0,0,0,0,0,0,0,0,0,0,0,0,0,0,9,0,0,0,0,0,0,0,0,0,0,0,0,0,0,0,0,0,0,0,0,0,0,0,0,0,0,0,0,0,0,0,0,0,0,0,0,0,0,0,0,0,0,0,0,0,0,0,0,0,0,0,0,0,0,0,0,0,0,0,0,0,0,0,0,0,0,0,0,0,0,0,0,0,0,0,0,0,0,0,0,0,0,0,0,0,0,0,0,0,0,0,0,0,0,0,0,0,0,0,0,0,0,0,0,0,0,0,0,0,0,0,0,0,0,0,0,0,0,0,0,0,0,0,0,0,0,0,0,0,0,0,0,0,0,0,0,0,0,0,0,0,0,0,0,0,0,0,0,0,0,0,0,0,0,0,0,0,0,0,0,0,0,0,0,0,0,0,0,0,0,0,0,0,0,0,0,0,0,0,0,0,0,0,2,0,0,0,0,0,0,0,0,0,0,0,0,0,0,0,0,0,0,0,0,0,53,0,0,0,0,0,0,0,0,0,0,0,0,0,0,0,0,0,0,0,0,0,0,0,0,0,0,0,0,0,0,0,0,0,0,0,0,0,0,0,0,0,0,0,0,0,0,0,0,0,0,0,0,0,0,0,0,0,0,0,0,0,0,0,0,0,0,0,0,0,0,0,0,0,0,0,0,0,0,0,0,0,0,0,0,0,0,0,0,0,0,0,0,0,0,0,0,0,0,0,0,0,0,0,0,0,0,0,0,0,0,0,0,0,0,0,0,0,0,0,0,0,0,0,0,0,0,0,0,0,0,0,0,0,0,0,0,0,0,0,0,0,0,0,0,0,0,0,0,0,0,0,0
"D415",0,0,0,6,0,0,0,0,0,0,9,1,0,0,7,0,1,1,0,8,2,0,2,2,13,3,0,0,0,0,0,3,0,0,1,0,26,0,61,0,0,0,0,0,62,0,6,279,0,0,0,0,0,0,2,0,0,0,34,0,0,16,0,0,0,0,0,40,0,17,0,0,56,1,0,0,0,0,0,0,0,0,997,0,4,11,0,28,1,0,0,0,0,0,0,3,8,40,78,0,0,0,0,4,22,0,0,981,0,0,0,9,8,0,151,27,25,31,6,0,0,30,0,6,0,2,71,25,0,0,0,29,0,11,0,31,0,0,616,1,2,0,0,0,0,0,0,0,0,0,0,0,4,10,0,2,0,0,22,0,7,0,0,84,0,4,0,0,0,0,0,1001,0,0,0,0,0,6,0,0,0,48,0,0,4,0,5,0,0,173,0,0,17,0,0,23,21,0,0,1,3,0,0,2,8,0,51,6,0,0,0,0,0,73,0,0,0,5,207,2,0,6,0,0,0,0,0,0,0,0,0,0,5,0,0,0,0,0,2,156,0,0,0,0,0,0,8,41,5,764,11,0,0,1,82,3,0,0,0,7,0,4,0,949,126,0,0,0,8,0,0,0,0,55,0,0,3,0,3,0,0,0,33,0,2,4,0,4,0,0,0,0,0,0,10,0,0,0,2,0,0,0,2,0,0,0,0,0,5,0,387,0,2,4,0,12,0,0,0,0,0,25,0,0,14,2,0,4,19,5,47,0,0,33,0,0,0,0,0,0,0,150,20,0,0,0,0,3,2,26,27,0,0,0,1,10,0,0,0,0,0,6,0,1,0,0,0,0,0,8,7,0,11,18,0,7,0,3,2,0,2,0,0,0,0,0,0,0,0,0,0,0,1,0,4,0,52,22,0,5,4,0,0,0,0,0,1,0,0,0,0,148,94,0,0,0,4,0,1,1,0,2,0,3,0,12,0,0,0,33,0,0,0,4,0,0,0,0,0,0,0,2,0,0,1,0,3,0,0,0,4,0,0,0,0,0,0,0,0,0,0,0,3,46,1,8,39,0,0,0,0,0,117,12,0,0,10,0,0,0,0,2,0,6,0,0,0,0,2,0,1,0,0,34,3,0,0,0,0,0,0,0,0,50,0,14,7,0,4,0,0,0,0,0,9,0,0,0,0,0,0,0,0,0,8,0,2,0,4,27,0,0,0,0,21,0,3,64,0,0,0,0,12,12,0,3,0,0,16,0,0,0,0,6,0,611,86,30,3,0,30,0,0,0,27,2,0,0,0,0,0,0,0,0,2,0,0,1538,5,0,3,0,0,2,0,4,0,5,0,1,0,0,0,2,0,2,1236,0,0,12,314,0,6,0,0,3,5,0,0,0,0,0,0,3,905,0,0,0,5,334,0,0,21,0,0,0,24,73,0,0,0,0,0,0,25,42,0,0,5,0,0,0,0,6,0,0,2,8,0,0,0,0,28,0,0,0,0,0,0,854,0,0,0,0,0,965,0,6111,4,0,0,0,0,0,0,6,50,1,4,0,0,0,2,14,1,4,0,22,0,3,0,1,34,0,0,0,45,19,0,0,0,2,0,0,2,0,2,0,17,2,0,4,0,316,0,0,0,0,0,3,9,2,0,0,100,0,0,0,0,0,23,17,0,5,0,6,4,0,0,2,0,0,0,0,0,0,0,56,3,0,0,0,0,2,0,0,17,1094,0,0,0,0,3,1412,0,0,0,0,3,0,4,0,41,0,6,0,0,1,2,0,39,2,17,0,0,6,3,23,0,0,0,0,0,17,0,0,1,0,55,0,6,5,0,24,0,0,0,0,74,20,0,0,11,4,0,1174,0,41,0,0,0,37,0,12,3,7,0,0,2,9,0,0,0,0,0,0
"D416",0,0,0,0,0,115,0,0,0,0,0,0,0,0,0,0,0,0,0,0,0,0,0,0,0,0,0,0,0,0,0,0,0,0,0,0,0,0,0,0,0,0,0,0,0,0,0,0,0,0,0,0,0,0,0,0,0,0,0,0,0,0,0,0,0,0,0,0,0,0,0,0,0,0,0,0,0,0,0,0,0,0,0,0,0,0,0,0,0,0,0,0,0,0,0,0,0,0,0,0,0,0,0,0,0,0,0,0,0,0,0,0,0,0,0,0,0,0,0,0,0,0,0,0,0,0,0,0,0,0,0,0,0,0,0,0,0,0,0,0,0,0,0,0,0,0,0,0,0,0,0,0,0,0,0,0,0,0,0,0,0,0,0,0,0,0,0,0,0,0,0,0,0,0,0,0,0,0,0,0,0,0,0,0,0,156,0,0,0,0,0,0,0,2,0,0,0,0,0,0,0,0,0,0,0,0,0,0,0,0,0,0,0,0,0,0,0,0,0,0,0,0,0,0,0,0,0,0,0,0,0,0,0,0,0,0,0,0,0,0,0,0,0,0,0,0,0,0,0,0,0,0,0,0,0,0,0,0,0,0,0,0,0,0,0,0,0,0,0,0,0,0,0,0,0,0,0,0,0,0,0,0,0,0,0,0,0,0,0,0,0,0,0,0,0,0,0,0,0,0,0,0,0,71,0,0,0,0,0,0,0,0,0,0,0,0,0,0,0,0,0,0,0,0,0,0,0,0,0,0,0,0,0,0,0,0,0,0,0,0,0,0,0,0,0,0,0,0,0,0,0,0,0,0,0,0,0,0,0,0,0,0,0,0,5,0,0,0,0,0,0,0,0,0,0,0,0,0,0,0,0,0,0,0,0,0,0,0,0,0,0,0,0,0,0,0,0,0,0,0,0,0,0,0,0,0,0,0,0,0,0,0,0,0,0,0,0,0,0,0,0,0,0,0,0,0,0,0,0,0,0,0,0,0,0,0,0,0,0,0,0,0,0,0,0,0,0,0,0,0,0,0,0,0,0,0,0,0,0,0,0,0,0,0,0,0,0,0,0,0,0,0,0,0,0,0,0,0,0,0,0,0,0,0,0,0,0,0,0,0,0,0,0,0,0,0,0,0,0,0,0,0,0,0,0,0,0,0,0,0,0,0,0,0,0,0,0,0,0,0,0,0,0,0,0,0,0,0,0,0,0,49,0,0,0,0,0,0,0,0,0,0,0,0,0,0,0,0,0,0,0,0,0,0,0,0,0,0,0,0,0,0,0,0,0,0,0,0,0,0,0,0,0,0,0,0,0,0,0,0,0,0,0,0,0,0,0,0,0,0,0,0,0,0,0,0,0,0,0,0,0,0,0,0,0,0,0,0,0,0,0,0,0,0,0,0,0,0,0,0,0,0,0,0,0,0,0,0,0,0,1598,0,0,0,0,0,0,0,0,0,0,0,0,0,0,0,0,0,0,0,0,0,0,0,0,0,0,0,0,0,0,0,0,0,0,0,0,0,0,0,0,0,0,0,0,0,0,0,0,0,0,0,0,0,0,0,0,0,0,0,0,0,0,233,0,0,0,0,0,0,0,0,0,0,0,0,0,0,0,0,0,0,0,0,0,0,0,0,0,0,0,0,0,0,0,0,0,1074,0,0,0,0,0,0,0,0,0,0,0,0,0,0,0,0,0,0,0,0,0,0,0,0,0,0,0,0,0,0,0,0,0,0,0,0,0,0,0,0,0,0,0,0,0,0,0,0,0,0,0,0,0,0,0,0,0,0,0,0,0,0,0,0,0,0,0,0,0,0,0,0,0,0,0,0,0,0,0,0,0,0,0,0,0,0,0,0,0,0,0,0,0,0,0,0,0,0,0,0,0,0,0,0,0,0,0,0
"D417",24,0,269,465,0,7,0,6,0,0,0,124,0,18,8,0,5,0,0,49,0,0,18,4,0,0,13,0,0,4,8,0,0,0,340,63,0,0,0,0,552,0,0,0,1,65,0,0,547,5,0,0,4,0,0,0,0,0,0,0,0,0,0,0,0,0,0,0,930,0,0,1,0,0,0,0,0,24,0,0,42,3,0,0,1,0,0,0,0,11,27,0,0,13,299,0,0,0,0,0,24,0,0,0,18,4,35,0,2,3,4,0,0,10,0,0,0,0,0,1951,2,0,3,0,0,0,0,0,0,0,5,0,0,0,38,0,0,0,0,0,0,0,0,1243,127,0,0,0,0,5,0,6,3,0,0,17,0,0,0,1322,0,964,0,17,0,0,5,115,6,17,57,0,3,0,18,0,5,0,0,12,0,0,17,3,0,0,0,0,6,0,0,0,0,5,0,0,0,11,0,4,50,0,1,11,14,1067,0,12,0,0,0,69,0,0,0,0,0,0,0,0,8,0,0,0,26,4,0,1,40,0,1492,4,0,5,0,0,0,0,2,0,33,0,0,56,2,0,0,0,0,0,1210,39,0,20,0,19,9,623,0,0,0,2,0,0,0,0,0,3,0,0,0,191,0,0,0,5,3,72,0,0,11,5,0,0,0,0,2,0,0,124,328,6,4,3,0,0,0,5,0,174,0,0,0,0,0,5,2,0,0,0,0,0,0,0,0,0,144,75,0,170,0,0,0,4,0,0,0,0,0,0,1,101,218,0,12,6,0,86,0,13,0,0,0,0,0,0,0,0,0,0,0,0,0,2,78,9,3,0,18,0,0,0,0,5,0,0,51,0,0,0,0,104,0,0,4,0,0,0,5,0,12,0,7,2043,0,0,2,3,0,1,0,824,0,0,1,7,0,93,0,0,0,0,8,2,0,0,0,20,0,0,0,0,0,2,0,0,0,3,0,0,5,0,13,0,0,156,2,149,0,0,321,0,15,195,0,0,0,123,0,0,136,130,985,0,0,0,0,0,0,7,0,326,1,95,0,8,0,0,0,0,0,162,147,1,43,0,266,0,0,0,0,0,0,5,0,0,25,203,0,0,700,0,1,0,48,1608,4,0,7,0,0,0,0,0,0,6,0,357,0,8,3,0,0,0,0,0,0,0,0,1,244,22,6,174,0,16,54,31,2,2,0,0,0,2,0,0,10,12,0,0,0,0,0,0,0,0,0,0,0,0,408,0,2,0,0,0,4,44,0,0,0,0,985,0,0,0,0,5,97,0,9,53,0,39,0,202,3,0,0,0,0,0,3,593,0,0,0,0,0,1,0,29,0,0,2,0,0,0,2,51,142,5,5,0,0,0,0,1,0,0,0,0,1,54,6,0,16,0,0,0,9,1,80,0,0,0,0,2,4,0,7,0,0,0,13,0,0,0,0,0,0,0,0,24,0,3,19,2,0,0,11,5,0,0,0,0,0,318,20,0,1,0,0,3,33,0,12,0,0,0,420,0,0,0,0,0,0,0,0,0,0,0,0,0,16,0,0,6,0,0,0,0,0,0,0,0,0,0,375,13,0,0,0,0,0,0,0,140,0,0,9,0,0,0,0,3,0,4,0,0,5,0,0,0,0,0,0,0,0,4,27,0,13,0,0,1027,0,0,1,0,0,0,0,0,85,0,0,0,0,0,0,0,21,91,63,0,0,0,0,0,0,0,0,91,0,0,0,0,0,0,0,0,4,0,17,0,37,0,0,88,0,0,93,0,0,2,0,0,4,0,0,0,14,21,0,0,0,0,0,0,0,0,0,0,1131,93,0,737,0,0,1,0,227,0,7,0,3,24,0,0,3,0,0,188,0,0,0,0,0,0,0,0,133,0,0,19,0,0,0,0,0,0,0,25,1,621
"D418",0,0,0,0,0,0,0,0,0,0,0,0,0,0,0,0,0,0,0,0,0,0,0,0,0,0,0,0,0,0,0,0,0,0,0,0,0,0,0,0,0,0,0,0,0,0,0,0,0,0,0,0,0,0,0,0,0,0,0,0,2,0,0,0,0,0,0,0,0,0,0,0,0,0,0,0,0,0,0,0,0,0,0,0,0,0,0,0,0,0,0,0,0,0,0,0,0,0,0,0,0,0,0,0,0,0,0,0,0,0,0,0,0,0,0,0,0,0,0,0,0,0,0,0,0,0,0,0,0,0,0,0,0,0,0,0,0,0,0,0,0,0,0,0,0,0,0,0,0,0,0,0,0,0,2,0,0,0,0,0,0,0,0,0,0,0,0,0,0,0,0,0,0,0,0,0,0,0,0,0,0,0,0,0,0,0,0,0,0,0,0,0,0,0,0,0,0,0,0,0,0,0,0,0,0,0,0,0,0,0,0,0,0,0,0,0,0,0,0,0,0,0,0,0,0,0,0,0,0,0,0,0,0,0,0,0,0,0,0,0,0,0,0,0,0,0,0,0,0,0,0,0,0,0,0,0,0,0,0,0,0,0,0,0,0,0,0,0,0,0,0,0,0,0,0,0,0,0,0,0,0,0,0,0,0,0,0,0,0,0,0,0,0,0,0,0,0,0,0,0,0,0,0,0,0,0,0,0,0,0,0,0,0,0,0,0,0,0,0,0,0,0,0,0,0,0,0,0,0,0,0,0,0,0,0,0,0,0,0,0,0,0,0,0,0,0,0,0,0,0,0,0,0,0,0,0,0,0,0,3,0,0,0,0,0,0,0,0,0,0,0,0,0,0,0,0,0,0,0,0,0,0,0,0,7,0,0,0,0,0,0,0,0,0,0,0,0,0,0,0,0,0,0,0,0,0,0,0,0,0,0,0,0,0,0,0,0,0,0,0,0,0,0,0,0,0,0,0,0,0,0,0,0,0,0,0,0,0,0,0,0,0,0,0,0,0,0,0,0,0,0,0,0,0,0,0,0,0,0,0,0,0,0,0,0,0,0,0,0,0,0,0,0,0,0,0,0,0,0,0,0,0,0,0,0,0,0,0,0,0,0,0,0,0,0,0,0,0,0,0,0,0,0,0,0,0,0,0,0,0,0,0,0,0,0,0,0,0,0,0,0,0,0,0,0,0,0,0,0,0,0,136,0,0,0,0,0,0,0,0,0,0,0,0,0,0,0,0,0,0,0,0,0,0,0,0,0,0,0,0,0,0,0,0,0,0,0,0,0,0,0,0,0,0,0,0,0,0,0,0,0,0,0,0,0,0,0,0,0,0,0,0,0,0,0,0,0,0,0,0,0,0,0,0,0,0,0,0,0,0,0,0,0,0,0,0,0,0,0,0,0,0,0,0,0,0,0,0,0,0,0,0,0,0,0,0,0,0,0,0,0,0,0,0,0,0,0,0,0,0,0,0,0,0,0,0,0,0,0,0,0,0,0,0,0,0,0,0,0,0,0,0,0,0,0,0,0,0,0,0,0,0,0,0,0,0,0,0,0,0,0,0,0,0,0,0,0,0,0,0,0,0,41,0,0,0,0,0,0,0,0,0,0,0,0,0,0,0,0,0,0,0,0,0,0,0,0,48,0,0,0,0,0,0,0,0,0,0,0,0,0,0,0,0,0,0,0,0,0,0,0,0,0,0,0,0,0,0,0,0,0,0,0,0,0,0,0,0,0,0,0,0,0,0,0,1278,0,0,0,0,0,0,0,0,0,0,0,0,0,0,0,0,0,0,0,0,0,1120,0,0,0,0,0,0,0,0,0,0,0,0,0,0,0,0,0,0,0,0,0,0,0,0,0,0,0,0,0,0,0,0,0,0,0,0,0,0
"D419",0,0,5,0,18,0,0,0,0,0,237,41,0,2,0,0,0,0,0,3,0,0,0,0,26,0,0,0,0,0,0,0,0,3,0,0,0,0,0,0,9,0,0,3,24,0,0,0,0,9,28,0,0,16,112,0,0,0,210,5,0,2,137,0,0,4,0,2552,419,0,0,0,0,1,0,15,0,0,0,52,13,2,0,0,0,10,0,0,0,0,0,0,0,14,130,11,0,0,0,20,0,0,0,82,85,0,0,0,1,0,0,52,35,5,0,0,0,3,7,0,0,2,0,0,0,0,13,7,0,6,11,2,4,0,0,0,1,9,0,0,2,0,0,0,7,0,3,5,0,0,0,2,0,0,0,0,0,0,1,11,75,159,0,0,0,0,0,10,0,0,0,3,0,0,0,0,2,0,0,0,4,0,0,21,0,0,0,0,6,0,0,0,0,0,0,0,0,0,0,0,0,1,0,0,0,0,0,4,0,0,6,0,13,0,8,0,0,0,0,0,0,41,3,9,1,2,0,0,0,0,5585,0,0,0,7,0,0,12272,0,0,0,0,0,0,1,0,2,0,6,0,13,0,2,0,0,0,1,2647,0,12,0,0,0,0,0,0,0,0,9,9,149,0,0,0,11,0,21,0,0,8,0,0,3,6,11,3,0,156,3,22,5,66,0,15,0,0,0,0,8,0,0,52,0,0,0,0,0,0,24,0,0,0,7,2,0,0,0,0,18,7,0,0,2,7,0,2,0,2,0,40,5,0,0,0,0,0,0,0,0,0,0,0,0,0,19,0,8,9,0,0,0,7,0,0,1,5,0,0,0,0,0,0,0,18,0,0,2,3,0,0,0,0,0,2,0,4,0,0,0,0,5,0,70,0,27,20,8,2,0,35,5,0,0,0,1,12,0,94,0,0,0,9,0,0,0,0,1,42,0,0,0,4,0,20,26,0,0,0,276,1,0,0,4,0,0,0,0,0,0,0,0,13,0,73,0,0,15,0,0,0,0,29,0,0,0,0,0,0,0,0,3,0,3,0,0,0,1,0,0,0,0,0,169,0,179,28,238,0,0,0,0,0,0,4,0,6,0,0,2,0,0,3,6,3,0,0,0,0,1,0,56,39,0,0,0,0,0,0,0,0,1,1,10,2,0,0,279,386,19,0,36,0,0,0,17,0,0,2,2,11,0,0,0,0,0,158,0,12,0,0,0,0,0,27,0,0,0,0,0,0,16,0,0,0,242,0,0,2,79,0,0,0,0,0,0,0,0,0,0,0,7,79,2,0,0,0,51,0,0,0,7,0,0,0,10,4,0,0,0,0,0,0,0,24,0,3,0,0,0,1,0,0,0,0,6,0,0,0,0,0,0,0,0,0,0,0,7,6,0,0,0,0,0,0,0,5,11,0,45,0,0,5,21,0,0,13,0,0,0,0,0,0,0,0,0,7,17,0,0,0,0,0,0,2,0,0,0,0,0,2,0,0,7,16,0,153,2,0,0,0,10,0,0,0,0,0,0,0,0,2,25,0,0,0,7,8,8,2,0,34,0,0,12,0,28,0,4,0,0,3,0,0,0,0,0,7,0,746,0,0,0,2,0,0,0,2,48,0,2,12,3,31,0,0,81,0,6,0,0,37,62,0,0,0,0,0,1,0,0,12,205,16,2,0,11,0,0,0,0,0,0,0,36,0,0,0,0,0,0,0,0,0,11,7,0,0,5,0,14,0,0,0,0,0,2,0,0,0,0,5,0,0,0,0,0,0,21,0,37,3,0,0,141,0,0,0,9,0,0,0,0,5,0,4,0,0,0,598,3,4,0,0,0,0,0,15,0,4,0,0,0,78,10,0,0,2,0,14,3,3,0,0,0,0,0,449,0,0,27,0,8,0,0,42,2,0
"D420",0,0,0,0,0,0,0,2,0,70,0,0,0,0,0,0,0,0,0,0,0,0,0,0,0,0,0,0,0,2,0,0,0,0,0,0,0,0,0,10,0,0,0,0,0,0,0,9,0,0,0,0,0,0,0,0,0,0,0,0,0,0,0,0,0,0,0,0,0,0,0,0,0,0,0,0,0,0,0,0,0,0,0,421,0,0,0,0,0,0,0,0,0,0,19,0,0,0,0,0,0,0,0,0,0,0,0,0,0,0,0,0,0,0,0,0,0,0,0,0,0,0,0,0,0,0,0,0,0,0,0,0,0,0,0,0,0,0,0,0,0,0,3,0,0,0,0,0,0,0,0,0,0,0,2,0,0,0,0,0,0,0,0,0,0,0,0,0,0,0,0,0,0,0,0,0,0,0,0,0,0,0,0,0,0,0,0,0,0,0,0,0,0,0,0,0,0,0,0,0,0,8,0,0,0,0,0,0,0,0,0,0,0,0,0,0,0,0,0,0,0,0,0,0,0,0,0,0,0,0,1,0,0,0,0,0,0,0,0,0,0,0,0,0,0,0,0,0,0,0,36,0,0,0,0,0,0,0,0,0,0,0,0,0,0,0,0,0,0,0,0,0,0,0,0,0,0,0,0,0,0,0,0,0,0,0,0,0,0,0,0,0,0,0,0,25,0,0,0,0,0,31,2,0,0,0,0,0,0,0,0,0,0,0,192,0,0,0,0,0,0,0,0,0,0,0,0,0,0,0,0,0,0,0,4,0,0,0,0,0,0,0,0,0,0,0,0,0,0,0,0,0,0,0,0,0,0,0,0,2341,0,0,2,0,0,0,0,0,0,0,0,0,0,0,0,0,0,0,0,0,0,0,0,0,0,0,0,0,0,0,0,0,0,0,0,0,0,0,0,2,0,0,0,0,0,0,0,0,0,0,0,0,0,0,0,0,0,0,0,0,0,0,0,0,0,5,0,0,0,0,0,0,0,0,0,0,0,0,0,0,0,0,0,0,0,0,0,68,0,0,0,0,0,0,0,0,0,0,323,0,0,0,0,0,0,0,0,0,0,0,0,0,0,0,0,0,0,19,0,0,0,0,0,2,0,252,0,0,0,0,0,0,0,0,0,0,0,0,0,0,0,0,0,0,0,0,0,0,0,0,0,0,0,0,0,0,0,0,0,0,0,0,0,0,0,0,0,0,0,0,0,0,3,0,0,0,0,0,0,0,0,0,0,0,0,0,0,0,0,0,0,0,0,0,0,0,0,0,0,0,0,0,0,0,0,0,0,0,0,0,0,0,0,0,0,0,0,0,0,0,0,0,0,0,0,0,0,0,0,0,0,0,0,0,0,0,0,0,0,0,0,0,0,0,0,0,0,0,0,0,0,0,0,0,0,0,0,0,0,0,0,0,0,0,0,0,0,0,0,13,0,0,0,0,0,0,0,0,0,0,0,0,0,0,0,3,0,16,0,0,0,0,0,0,0,0,0,0,0,0,0,0,0,0,0,0,0,0,0,0,0,0,0,0,0,0,0,0,0,0,0,32,0,2,0,0,0,0,6,0,0,0,0,0,0,0,0,0,0,0,0,0,0,0,8,0,0,0,0,0,0,0,0,0,0,11,0,0,0,0,0,0,0,0,0,0,0,0,0,0,0,0,0,0,0,0,0,0,0,0,0,0,0,0,0,0,0,0,0,0,0,0,0,0,0,0,0,0,0,0,0,0,0,0,0,0,0,27,0,0,0,0,0,0,0,448,0,0,0,0,0,0,0,0,0,0,0,0,0,0,0,0,0,0,0,0,0,765,0,0,0,0,0,0,0,0,0,0,0,0,0,0,0,0,0,0,0,0,0,0,0,0,0,0,0,0,0,0,0,0,0,0,0,0,0,0
"D421",0,66,208,0,0,0,7,14,48,0,416,0,0,0,0,7,5,0,17,0,0,12,3,0,0,0,0,284,0,0,111,0,83,4,0,1,0,0,0,0,0,0,330,0,0,5,127,0,0,28,2,0,4,0,0,92,0,145,0,21,0,8,83,0,48,0,0,5,347,0,0,0,0,0,0,5,0,0,14,103,1,0,0,0,23,64,0,0,0,73,0,95,0,0,12,0,13,0,0,0,0,0,0,8,0,63,0,0,0,2,6,65,0,0,0,0,0,0,0,213,0,2,0,0,15,67,0,0,178,0,0,0,5,50,3,0,0,0,0,0,0,0,3,0,39,264,5,0,0,0,5,0,0,0,0,4,1,0,0,0,0,0,365,0,0,10,6,0,0,24,3,0,4,0,15,14,0,0,0,0,0,0,2,3,0,0,0,7,0,0,0,44,0,0,0,0,3,35,30,197,8,0,0,8,0,391,0,510,0,0,1,0,0,0,0,277,0,0,0,0,0,0,0,13,20,2,0,0,162,35,0,0,2,3,0,0,4,7,3,0,0,5,0,0,0,1,0,0,7,0,132,0,0,0,0,0,0,0,0,0,6,0,0,0,0,79,0,0,157,0,0,70,0,2,0,0,0,0,0,5,2,4,0,0,0,0,0,0,0,2,0,0,0,0,0,0,18,0,14,61,99,6,1,0,0,17,3,3,0,0,0,2,0,7,17,0,1048,0,0,0,4,0,0,5,0,0,37,0,0,0,0,0,0,0,0,0,271,20,0,0,3,0,13,3,0,7,0,0,0,0,0,11,144,3,0,11,0,0,0,0,18,0,1,2,0,0,0,0,264,0,0,40,0,0,3,0,0,0,0,11,0,189,0,1,0,27,0,0,24,0,0,12,24,0,0,0,0,1451,0,0,34,0,0,15,12,0,43,0,0,0,21,0,0,0,0,0,0,12,135,31,7,0,8,35,205,21,0,6,0,0,64,6,0,109,3,23,0,0,0,0,3,80,0,7,2,2,0,0,29,0,0,1,0,17,0,0,0,0,0,0,7,11,0,0,0,0,36,1,555,127,0,296,0,8,9,3,0,0,15,72,14,0,0,112,0,0,31,0,141,70,2,0,0,0,0,0,0,11,455,0,4,0,8,0,0,0,0,0,0,5,0,28,0,13,0,0,82,10,27,0,1,2,36,216,2,10,0,0,2,73,0,0,848,0,5,0,0,0,0,0,29,4,0,0,0,0,2,69,0,0,8,68,3,0,15,0,0,0,0,0,0,0,0,59,0,0,0,0,0,0,0,0,2,0,0,0,0,0,0,0,8,5,0,3,33,0,0,0,94,0,236,35,3,52,0,0,0,10,8,0,0,17,17,0,0,0,3,0,0,0,0,61,46,0,0,0,56,8,0,0,0,0,0,2,18,0,0,0,0,0,74,0,0,14,0,2,0,3,22,30,0,0,0,0,0,0,0,86,2,7,5,3,0,0,0,0,1,0,43,0,14,0,3,88,2,0,0,0,0,0,0,0,0,0,0,2,0,0,0,0,0,0,0,0,0,0,7,3,0,5,0,101,0,0,0,0,0,235,1878,0,0,10,0,0,14,6,0,15,0,0,0,4,0,0,5,0,0,0,6,44,0,44,14,0,0,2851,0,0,0,20,46,84,3,10,0,0,0,0,0,3,7,89,18,57,11,0,21,0,0,4,0,0,0,0,0,7,205,0,0,12,167,143,0,0,0,0,4,0,0,39,0,0,0,0,0,0,2,0,0,0,0,0,105,0,15,0,0,0,0,34,3,0,70,0,206,61,0,1817,0,4,10,0,117,0,0,0,6,1,0,0,0,12,0,11,0,0,92,0,0,0,0,0,0,0,5,155,20,491,0,0,1,3,6,5,0,0
"D422",0,0,0,15,0,0,0,0,0,0,0,0,0,0,0,0,0,0,15,0,3,0,0,0,0,0,0,0,0,0,0,5,0,0,21,0,0,0,307,0,0,0,0,0,501,0,46,0,0,0,0,1,0,0,0,0,0,0,16,0,0,0,0,0,0,0,0,0,0,0,0,0,59,0,0,0,0,0,0,0,0,0,0,0,0,10,0,0,0,0,0,0,0,0,0,2,0,20,136,0,0,0,0,0,0,0,0,411,0,0,0,0,0,0,228,0,70,6,0,0,0,32,0,0,0,0,0,318,0,0,0,147,0,0,0,3,0,0,232,0,0,0,0,0,0,29,0,0,0,0,0,0,0,0,0,0,0,0,60,0,0,0,0,0,0,0,0,0,0,0,0,1534,0,0,0,0,0,42,0,0,0,0,0,0,0,0,42,0,0,266,0,0,0,0,0,0,0,0,0,0,0,0,0,0,144,0,315,0,0,0,0,2,0,1,0,0,0,0,114,0,0,0,0,0,0,0,0,0,0,0,0,0,0,0,0,0,0,0,0,0,0,0,0,0,0,0,16,0,0,236,0,0,0,0,17,0,0,0,0,53,0,0,0,2378,0,0,0,0,0,0,0,0,0,19,0,0,0,0,0,0,0,0,20,0,0,0,0,9,0,0,0,0,0,0,0,0,0,3,0,0,0,0,0,0,0,0,16,0,0,0,0,0,0,24,0,40,0,0,0,0,0,0,0,0,0,0,0,0,18,0,1,0,0,0,0,0,0,0,0,0,0,3,0,0,0,0,0,9,0,67,3,0,0,0,0,3,0,0,0,0,0,0,0,0,0,0,0,0,0,0,0,0,0,16,0,4,0,0,0,0,0,0,0,0,0,0,0,0,0,0,0,0,0,0,0,0,7,4,0,0,0,0,0,0,0,0,12,0,0,0,0,1,38,0,0,0,0,0,0,0,0,0,0,0,0,0,0,0,0,0,0,0,0,0,0,0,3,0,0,0,0,0,33,0,9,0,0,0,0,0,38,0,0,0,0,0,0,0,0,0,0,0,0,2,0,0,0,0,0,0,0,0,15,0,0,0,14,0,0,0,0,0,0,0,0,0,0,14,0,0,0,0,0,136,29,0,0,0,0,0,0,0,7,6,0,42,0,0,0,0,0,0,0,0,5,0,0,0,0,0,0,0,0,0,0,0,0,0,0,2,0,0,0,0,0,0,4,30,31,0,0,0,39,0,8,15,0,0,0,0,0,0,0,70,2,0,190,3440,0,0,0,0,0,0,3,13,0,0,0,0,0,0,0,0,0,0,0,140,0,0,0,0,0,0,0,0,1,3,0,0,0,0,0,0,0,3,659,0,0,5,42,0,0,0,0,0,0,0,0,0,0,0,0,0,569,0,0,0,0,2,0,0,14,0,0,0,0,122,0,0,0,0,0,0,26,5,0,0,0,0,0,0,0,0,0,0,0,0,0,0,0,0,0,0,0,0,0,0,0,94,0,0,0,0,0,143,2,691,8,0,0,0,0,0,0,0,0,4,0,0,9,0,0,0,0,0,0,0,0,0,0,0,57,0,0,0,0,0,0,0,0,0,0,0,0,0,0,0,43,0,0,0,0,653,0,0,41,0,0,0,0,0,0,0,63,0,0,0,0,0,47,0,0,0,0,71,56,0,2,0,0,0,0,0,0,0,0,76,0,0,0,0,0,0,0,0,31,722,0,0,0,0,0,654,0,0,0,0,0,0,0,0,0,0,0,0,0,0,0,0,0,0,3,0,6,0,0,12,0,0,0,0,0,4,0,0,0,0,3,0,0,5,0,0,0,0,0,0,0,9,0,0,137,0,0,1971,0,14,0,0,0,0,0,0,0,0,0,0,0,0,0,0,0,0,0,0
"D423",3,0,11,1,37,0,0,0,0,0,511,37,0,0,0,0,0,0,13,0,48,2,0,0,777,0,4,0,0,0,0,6,0,0,2,0,0,0,0,0,0,12,0,17,200,0,2,0,0,23,104,0,3,27,177,0,0,1,293,8,0,1,72,0,0,0,0,84,75,10,0,2,0,0,47,33,0,0,0,0,16,2,0,0,0,18,0,0,0,0,0,0,0,10,0,13,44,0,0,201,4,0,0,0,111,0,0,0,12,0,0,67,56,0,0,11,0,2,17,0,0,2,3,3,0,0,12,4,0,13,17,0,78,0,0,1,6,14,0,0,5,0,0,0,18,0,7,0,0,0,0,0,23,0,0,0,0,0,0,0,71,9,0,3,0,0,0,0,0,1,0,20,0,0,0,0,2,0,0,0,9,0,1,27,4,0,4,0,15,2,13,0,0,0,0,0,0,0,0,0,18,0,0,0,0,0,6,0,0,0,2,0,5,1,81,0,0,2,0,0,0,22,9,0,1,0,0,1,0,0,14,25,3,0,27,0,0,0,0,0,0,0,0,0,0,0,6,0,65,0,0,0,20,0,0,52,58,232,0,32,0,228,0,0,2,1,0,0,17,18,50,0,15,0,6,0,40,0,0,0,3,0,4,0,8,14,0,276,13,20,0,56,11,15,0,0,0,0,4,0,0,0,0,0,0,0,8,0,15,68,4,7,7,7,3,13,0,0,49,0,0,5,7,5,0,17,0,15,0,284,10,0,0,3,0,0,0,0,0,0,0,0,12,0,13,0,67,0,37,0,4,4,0,0,14,252,120,0,0,0,0,0,0,9,0,0,3,0,0,2,0,15,20,0,0,3,0,0,1,7,0,41,110,0,0,57,14,36,0,36,1,0,0,0,0,0,0,71,0,0,0,0,0,0,0,0,0,23,0,0,0,0,0,0,39,1,0,0,31,1,0,0,0,5,0,0,0,0,0,0,0,13,0,117,0,0,42,0,0,0,0,145,0,0,17,0,0,0,0,0,31,0,0,6,7,0,0,16,0,0,0,0,117,0,114,38,5,0,0,0,0,377,5,1244,2,3,0,0,0,0,0,0,18,0,0,0,0,0,105,0,186,379,0,0,21,0,0,0,0,0,0,25,5,0,0,90,278,8,8,0,0,0,0,0,12,0,0,0,3,3,0,1,0,0,58,89,0,7,21,0,5,0,0,20,5,0,7,0,0,0,29,0,16,6,124,3,6,0,188,0,0,0,0,0,3,2,16,0,0,9,0,112,8,0,0,0,49,0,0,0,11,0,0,0,10,4,0,0,0,0,0,0,0,101,0,2,9,0,0,1,0,16,0,0,8,7,7,0,0,0,0,0,0,0,0,3,0,0,0,0,0,0,0,0,0,10,22,0,127,4,0,10,4,0,0,18,0,0,224,0,0,2,0,0,0,5,16,5,0,0,0,1,2,3,16,0,0,0,0,32,0,0,33,9,0,557,0,0,143,0,0,0,0,1,0,0,9,8,2,0,124,0,8,0,33,21,0,3,27,185,0,0,8,0,86,0,5,0,0,2,2,0,2,0,24,4,0,761,0,4,0,3,0,0,0,45,2,16,0,51,5,395,0,4,0,0,0,15,0,60,43,0,2,0,0,0,0,0,0,44,175,0,3,4,15,4,13,12,0,19,30,0,0,0,0,0,0,4,4,0,1,0,12,0,0,0,16,20,40,7,0,0,0,0,0,0,0,0,2,0,7,0,38,0,1,0,264,0,73,0,0,53,211,0,0,0,24,2,0,0,4,15,0,2,0,0,0,29,7,10,0,3,0,0,0,15,0,0,0,0,0,103,526,10,0,25,0,32,3,0,0,4,0,6,0,564,0,0,0,0,5,0,12,0,1,0
"D424",0,0,4,0,10,0,0,25,0,0,21,6,0,0,0,0,0,0,0,0,2,0,0,0,9,0,0,0,0,4,0,0,3,0,0,0,0,0,0,27,0,0,0,2,0,0,854,90,227,0,6,1964,0,0,2,0,35,0,27,0,0,0,11,0,97,0,0,27,201,3,0,0,0,0,2,0,0,0,7,0,2,0,0,0,0,0,0,5,0,30,0,0,0,0,0,0,59,0,0,3,1,0,0,1,0,6,0,0,0,8,0,2,0,0,0,0,0,0,0,0,0,0,0,0,0,312,0,0,1,0,0,0,0,0,0,0,0,4,0,5,0,0,0,0,5,0,0,0,6,0,9,0,0,0,0,0,0,0,0,0,3,0,0,0,0,0,0,0,56,0,0,8,0,0,0,0,0,0,0,0,3,0,0,0,0,0,0,0,3,0,0,2,0,0,0,0,0,0,0,192,0,0,0,0,0,0,0,13,0,0,0,296,2,0,0,0,4,0,0,0,0,2,0,0,0,0,1,0,0,0,166,0,0,0,3,3,0,0,0,0,0,0,0,0,0,0,0,8,2,0,34,4,0,14,0,4,0,130,0,3,0,0,0,0,0,0,20,0,0,5,8,0,0,0,0,0,4,0,0,0,0,1,0,1,0,0,0,10,0,0,0,6,0,2,0,0,0,0,0,0,0,15,0,0,0,0,0,0,7,0,0,0,0,0,0,0,0,0,0,0,0,0,0,0,3,0,2,0,0,0,0,0,0,0,2,0,0,1,0,0,0,6,3,0,0,0,3,0,2,0,0,4,2,0,0,2,0,0,0,0,0,2,0,0,0,0,0,0,0,0,0,0,0,0,0,0,2,2,0,0,0,0,0,0,0,2,0,3,0,6,2,0,0,12,0,0,0,12,0,0,0,0,0,681,0,0,0,0,0,0,0,2,0,0,3,0,0,0,38,0,0,0,0,0,0,0,0,0,0,0,2,1,0,4,0,0,0,0,0,0,0,0,0,0,0,3,0,0,0,8,0,0,0,0,0,0,1,0,0,0,0,0,10,0,12,2,17,0,0,0,0,12,0,6,0,0,0,1375,0,0,0,0,2,11,0,1,0,0,0,0,0,7,0,0,0,0,0,0,0,15,0,0,0,0,0,0,13,3,7,0,1743,0,0,0,0,109,11,0,0,0,0,0,0,0,0,7,0,0,0,0,0,0,0,1,0,0,0,0,0,0,4,0,5,0,13,0,0,0,8,0,0,0,0,478,0,0,0,0,0,0,0,14,0,0,0,0,0,0,0,0,0,12,0,0,2,0,0,0,0,0,0,0,0,0,0,0,2,0,0,0,0,0,0,0,2,0,0,0,0,6,0,0,0,0,0,0,15,0,0,0,0,0,0,0,0,0,0,0,5,0,0,0,14,0,0,3,0,0,4,0,0,0,0,0,0,2,0,0,2,0,0,0,0,0,0,0,0,3,2,0,0,0,0,2,0,0,0,0,93,0,1,30,0,0,0,0,0,0,0,0,2,0,0,0,3,0,4,0,0,2,0,0,2,0,3,1,0,0,0,2,0,0,0,0,2,0,2,39,0,0,0,2,0,0,0,0,3,0,0,0,0,0,0,0,5,0,0,0,396,2,0,0,0,0,0,0,0,0,0,0,13,0,0,2,27,0,0,0,0,0,0,0,0,33,0,0,2,0,0,0,0,0,0,1,0,7,0,0,0,0,0,0,0,0,0,332,1,7,3,0,0,0,0,0,24,0,5,2,4,1,0,0,26,0,764,0,0,0,0,0,2,2,0,0,0,0,0,58,0,0,0,0,0,0,0,2,0,0,0,0,0,10,3,0,0,2,0,0,0,0,0,0,0,0,0,20,0,0,0,0,0,18,0,5,0,0
"D425",0,0,0,0,0,0,0,0,0,70,0,0,0,0,3,0,0,22,0,0,33,0,0,0,0,0,0,0,0,0,0,0,0,0,0,0,0,0,486,0,0,0,0,0,1,0,0,1192,0,0,0,0,0,0,0,0,0,0,34,0,0,0,0,0,0,0,0,0,0,1,0,0,156,0,0,0,0,0,0,0,0,0,18,0,0,4,0,51,0,0,0,0,0,0,0,0,0,208,267,0,0,0,0,0,0,0,0,630,0,0,0,0,0,0,61,12,143,148,0,0,0,42,0,0,0,0,0,0,0,0,0,21,0,9,0,0,0,0,608,165,0,0,0,0,0,0,0,0,2,0,0,0,0,0,0,0,0,0,34,0,0,0,0,0,0,0,0,0,0,0,0,1133,0,0,0,0,0,2,0,0,0,0,0,0,0,0,31,0,0,139,0,0,47,0,0,0,0,0,0,0,0,0,0,0,0,0,1,0,0,0,0,0,0,164,0,0,14,0,4,0,0,0,0,0,0,0,0,6,0,0,0,0,0,0,0,0,0,0,0,0,0,0,0,0,0,0,454,0,0,5,0,0,0,8,26,0,0,0,0,0,0,0,6,439,503,0,0,0,0,0,0,0,0,0,0,0,2,0,0,0,0,0,37,0,0,0,0,0,0,0,0,0,0,0,0,0,0,0,0,0,0,11,0,0,0,0,0,0,0,0,231,0,0,0,0,0,0,0,0,0,0,255,0,0,5,0,0,2,273,0,7,0,73,0,0,0,0,0,0,0,0,0,2,0,0,0,0,0,0,17,0,0,0,0,0,9,0,0,0,0,0,0,0,0,0,0,0,3,0,0,0,0,8,10,0,0,0,0,0,0,0,0,0,1,0,0,0,0,0,0,0,0,0,0,0,0,60,0,0,2,0,0,0,0,0,0,0,0,0,0,0,0,0,118,0,0,0,0,0,0,0,0,0,0,0,0,0,0,0,0,0,0,0,0,0,0,0,0,0,0,0,0,0,0,0,0,0,0,0,0,0,0,0,0,0,0,0,0,0,0,0,0,0,0,0,0,1,0,0,0,0,0,559,0,0,0,91,5,0,0,0,0,0,1,0,0,0,290,0,0,0,0,0,29,158,0,0,0,0,0,0,20,0,0,0,0,0,0,0,0,0,0,0,0,88,0,0,0,0,0,0,0,0,0,0,0,0,0,0,0,0,0,0,0,1,0,0,2,453,1410,0,0,0,0,0,0,0,0,0,0,0,0,0,2,0,225,65,0,0,0,0,0,0,0,2,6,0,0,0,0,0,0,0,0,0,0,0,1278,0,0,0,0,0,0,0,0,0,0,0,0,0,0,0,0,0,0,1179,0,0,51,183,0,0,0,0,0,0,0,0,0,0,0,0,0,375,0,0,0,0,200,0,0,0,0,0,0,0,139,0,0,0,0,0,0,65,0,0,0,0,0,0,0,0,0,27,0,0,4,0,0,0,0,10,0,0,0,0,0,261,234,0,0,0,0,0,773,0,860,34,0,0,0,0,0,0,0,3,0,0,0,115,0,0,0,0,2,0,0,0,0,24,0,788,0,0,0,510,0,0,0,0,0,0,0,0,0,0,0,3801,0,0,0,0,325,0,0,0,0,0,0,0,0,0,0,0,0,0,0,0,0,0,0,0,0,0,610,0,0,6,0,0,0,0,0,0,0,2,405,0,0,0,0,0,0,0,0,0,621,0,0,0,0,0,294,0,0,0,0,0,0,0,0,0,0,0,0,2,0,0,0,25,0,0,0,0,0,0,0,0,0,0,0,0,0,0,0,0,0,0,0,0,14,0,0,0,0,0,0,0,0,0,0,0,0,0,2149,0,64,0,0,0,2,0,0,0,0,0,0,0,0,0,0,0,1,0,0
"D426",3,38,117,3,0,0,10,7,10,0,0,0,0,49,7,56,68,8,19,0,5,22,37,73,0,1,5,126,0,1,88,0,40,18,38,184,0,0,0,0,53,17,213,0,284,0,5,0,93,3,7,0,158,20,0,73,0,114,0,16,0,1,13,9,1,76,0,0,64,0,45,5,0,19,3,7,9,2,7,148,176,8,0,0,4,4,0,0,49,14,5,19,2,3,0,9,1,0,0,13,106,0,0,0,54,12,0,0,12,0,8,67,27,0,0,0,0,0,0,53,0,0,0,12,2,6,0,6,0,47,7,0,12,0,106,7,2,3,0,0,30,0,0,11,56,767,0,2,0,5,0,10,44,6,0,16,6,0,2,86,0,0,16,2,183,9,124,100,14,5,5,0,26,0,14,233,2,0,0,37,5,0,6,127,18,0,0,3,1,0,8,13,0,0,0,0,0,28,35,0,141,7,46,34,0,34,0,58,15,18,5,0,7,0,7,11,0,3,0,1,5,45,4,16,449,24,36,0,50,3,0,14,2,17,108,0,85,0,11,0,193,36,0,36,17,1,0,2,0,0,35,58,10,0,0,0,28,11,30,7,18,72,0,0,0,33,0,0,24,1,2,17,0,0,12,27,103,55,21,0,34,20,0,18,8,0,54,104,1,80,486,2,80,21,0,3,4,4,3,13,28,1,5,0,0,24,28,0,126,4,0,6,43,5,0,0,3397,52,8,340,28,0,9,3,0,0,1,12,0,20,0,91,0,2,9,59,158,85,9,4,0,0,2,7,0,2,0,61,0,0,3,4,29,0,8,3,0,83,7,0,138,0,3,3,0,0,59,0,0,3,231,0,0,0,27,11,3,7,24,5,14,89,25,0,25,15,44,52,0,5,17,38,23,1,45,65,0,571,3,7,8,32,17,3,11,18,10,124,0,0,27,7,0,5,100,37,58,0,46,1,64,0,3,84,73,79,104,26,0,0,119,0,2,157,4,12,0,3,269,0,29,90,15,105,12,0,0,0,3,0,0,101,32,14,104,18,3,50,0,0,23,0,87,0,112,3,69,11,2,50,153,540,0,36,23,101,0,0,129,9,0,291,0,8,6,44,55,0,26,47,56,5,0,0,0,0,0,130,47,5,12,0,1,5,0,12,72,0,20,2,0,81,25,15,0,7,12,5,6,5,5,8,11,16,0,293,0,2,15,0,50,0,0,68,2,0,0,0,0,0,455,66,4,0,327,9,14,31,0,0,2,18,69,0,12,0,0,0,7,0,0,236,50,0,0,0,0,0,23,0,7,0,2,193,49,0,0,0,0,62,2,10,10,33,4,25,2,0,74,0,14,0,0,9,8,0,0,26,42,0,0,3,0,29,3,6,35,0,0,0,0,0,6,5,0,3,77,29,31,0,0,7,0,8,117,0,0,0,24,21,4,0,341,21,0,3,19,8,0,50,0,15,0,19,0,0,6,47,0,18,8,14,0,19,49,19,0,3,84,0,89,0,5,63,44,0,79,0,0,0,15,0,123,0,9,104,0,5,24,120,0,0,9,0,0,0,2,3,6,12,0,13,0,0,3,0,0,1126,411,24,1,5,0,14,0,17,0,19,0,19,0,26,0,0,0,2,5,3,0,82,7,31,33,0,0,11,58,0,49,4,339,93,26,48,102,0,25,24,0,27,41,0,28,0,46,31,1,0,6,8,31,6,37,20,0,77,90,0,24,9,3,15,0,0,0,0,3,0,13,75,1,24,233,0,0,0,22,36,24,15,8,37,194,0,0,2,12,0,18,33,7,47,72,0,97,257,19,81,2,9,25,0,5,0,7,0,5,11,0,0,0,15,0,77,0,0,14,8,2,14,12,0,20,0,2,405,2,11,0,0,26,12,2,31,2,39
"D427",0,11,17,2,0,0,0,4,0,0,13,0,0,2,0,4,90,0,5,0,4,0,7,87,16,2,0,3,7,0,2,25,29,0,13,0,34,0,0,4,23,0,0,0,24,2,13,0,0,0,22,0,6,0,50,49,21,21,31,19,0,0,0,0,0,0,0,4,126,0,28,0,0,0,0,7,2,0,0,5,5,9,0,0,0,27,0,0,34,0,8,10,20,2,0,2,0,0,0,3,33,2,7,9,0,15,3,0,0,2,13,4,0,19,0,8,0,0,0,23,14,0,0,0,15,0,0,0,5,0,0,0,0,0,14,33,4,40,0,0,0,0,0,0,8,120,9,0,0,5,0,0,0,9,0,1,0,0,14,8,0,0,6,1,7,15,0,1,3,1,0,0,0,0,4,43,3,0,0,2,5,143,0,14,0,0,0,13,5,0,2,0,7,0,0,176,26,5,2,12,8,0,5,0,0,0,0,18,0,10,0,0,6,0,0,13,0,0,3,0,2,0,6,14,8,2,17,0,2,8,0,10,2,13,0,0,10,0,13,2,4,7,2,3,1,3,0,3,27,0,0,5,6,0,0,0,2,16,0,44,0,0,0,0,0,31,0,0,45,0,11,0,11,11,0,0,7,0,0,1,0,0,0,4,2,21,2,46,2,25,0,26,0,0,0,0,14,0,0,13,3,0,3,0,0,4,0,0,0,0,0,13,0,0,0,137,89,0,0,57,4,0,2,0,0,2,0,0,0,0,0,0,0,3,0,2,15,14,0,36,0,35,0,0,13,1,0,104,0,0,4,73,0,4,0,0,0,0,0,0,0,0,0,5,4,0,11,0,20,11,4,4,0,0,608,0,0,0,3,4,0,19,0,0,5,4,3,0,0,1,0,0,36,2,0,1,0,112,0,0,5,2,0,3,0,375,264,1,0,47,48,357,0,4,8,9,1,8,23,1,20,1,2,23,152,0,4,3,0,24,2,0,2,22,0,0,8,2,0,0,3,24,0,3,14,0,52,2,51,0,2,14,9,0,18,6,4,0,0,0,0,24,179,0,0,0,41,0,42,0,1,0,0,26,24,0,3,0,2,22,5,38,0,0,11,11,2,0,4,16,8,0,0,0,0,2,0,1,49,2,7,0,0,0,0,3,4,0,0,13,0,15,0,16,0,0,11,3,0,0,2,0,3,2,0,43,14,5,61,30,2,0,0,73,0,4,3,22,0,0,23,22,7,0,0,4,0,24,0,0,0,2,0,0,2,0,0,0,0,0,0,0,1,21,0,0,24,0,7,0,0,1,3,1,0,11,0,0,3,0,0,2,37,4,0,1,0,0,12,0,16,0,0,0,0,0,0,13,0,0,0,1,9,0,3,0,5,21,0,0,0,13,4,9,0,0,12,0,15,0,0,0,0,1,0,7,0,0,0,0,98,0,2,0,6,0,0,0,4,2,0,3,0,0,0,0,0,14,0,0,3,2,0,2,11,77,2,3,15,0,3,0,7,13,2,0,0,0,0,0,0,0,2,14,0,9,0,0,286,0,0,0,0,0,0,0,11,7,0,10,0,16,0,0,16,4,0,116,27,3,18,0,0,0,0,10,15,3,0,0,0,79,1,0,5,0,0,0,0,6,6,0,0,0,0,116,2,0,2521,4,70,0,6,5,0,0,0,0,0,47,0,67,3,24,0,4,0,0,4,9,3,2,0,6,25,0,48,0,3,2,4,6,0,0,0,0,0,0,0,9,4,0,66,0,0,0,21,10,0,0,0,0,53,2,16,3,0,23,9,60,14,0,9,4,51,0,15,44,6,0,1,0,12,27,2,0,0,3,34,3,0,1,9,4,0,0,9,0,5,11,0,0,0,17,0,9,47,3,0,0,1,0,3,5,0,0
"D428",0,0,0,0,0,0,0,0,0,0,0,0,0,0,0,0,0,0,0,0,0,0,0,0,0,0,0,0,0,0,0,0,0,0,0,0,0,0,0,0,0,0,0,0,0,0,6,0,0,0,0,0,0,0,0,0,0,0,0,0,0,0,0,0,0,0,0,0,0,0,0,0,0,0,0,0,0,0,0,0,0,0,0,0,0,0,0,0,0,0,0,0,0,0,0,0,0,0,0,0,0,0,0,0,0,0,0,0,0,0,0,0,0,0,0,0,0,0,0,0,0,0,0,0,0,0,0,0,0,0,0,0,0,0,0,0,0,0,0,0,0,0,0,0,0,0,0,0,0,0,0,0,0,0,4,0,0,0,0,0,0,0,0,0,0,0,0,0,0,0,0,0,0,0,0,0,0,0,0,0,0,0,0,0,0,0,0,0,0,0,0,0,0,0,0,0,0,0,0,0,0,0,0,0,0,0,0,0,0,0,0,0,0,0,0,0,0,0,0,0,3,0,0,0,0,0,1,0,0,0,9,0,0,0,0,0,0,0,0,0,0,0,0,0,0,0,0,0,0,0,6,0,0,14,0,0,0,0,0,0,0,0,17,0,0,0,0,0,0,0,0,0,0,0,0,0,0,0,0,0,0,0,0,0,0,0,0,0,0,0,0,0,0,0,0,0,0,0,0,0,0,0,0,0,0,0,0,0,0,0,0,0,0,0,0,0,0,0,0,0,0,0,0,0,0,0,0,0,0,0,0,0,0,0,0,0,0,0,0,0,0,0,0,0,0,0,0,0,0,0,0,0,0,0,0,0,0,0,0,1256,0,0,0,0,0,0,0,4,0,0,0,0,0,0,0,0,0,0,0,0,0,0,0,850,0,0,0,0,0,0,0,0,0,0,0,0,0,0,0,0,0,0,0,0,0,0,0,0,0,0,0,0,0,0,0,0,0,0,0,0,0,24,0,0,0,0,0,0,0,0,0,0,0,0,0,0,0,0,0,0,0,0,0,0,0,0,0,0,0,0,0,0,0,0,0,0,0,0,4,0,0,0,0,0,0,0,2,0,0,0,0,0,0,0,0,0,0,3,0,0,0,0,0,0,0,0,0,0,0,0,0,0,0,0,0,0,0,0,0,0,0,0,0,0,0,0,0,2,0,0,0,0,0,0,0,5,0,0,0,0,0,0,0,0,0,0,0,0,0,0,0,0,0,0,0,0,0,0,0,0,0,0,0,0,0,0,0,0,0,0,0,0,0,0,0,0,0,0,0,0,0,0,0,0,0,0,0,0,0,0,0,0,0,0,0,0,0,0,0,0,0,0,0,0,0,0,0,0,0,0,0,0,0,0,0,0,0,0,0,0,0,0,0,0,0,0,0,0,0,3,0,0,0,0,0,0,0,0,0,0,0,0,0,0,0,0,0,0,0,3,0,0,0,0,0,0,0,0,0,0,8,0,0,0,0,0,0,0,0,0,0,0,0,0,0,0,0,0,0,0,0,0,0,0,0,0,0,0,0,0,0,0,0,0,0,0,0,0,0,0,0,0,0,0,0,0,0,0,0,0,0,0,0,0,0,0,0,0,0,0,0,0,0,0,0,0,0,0,0,0,0,0,0,0,0,0,0,0,0,0,0,0,0,1258,0,0,0,20,0,0,0,0,0,0,0,0,0,0,0,0,0,0,0,0,0,0,0,0,0,0,0,0,0,0,0,0,0,0,0,0,0,0,0,0,0,0,0,0,0,0,0,0,0,0,0,0,0,0,0,0,0,0,0,0,2,0,0,0,0,0,0,0,0,0,0,0,0,29446,0,0,0,0,0,0,0,0,0,0,0,0,0,0,0,0,0,0,0,0,0,0,0,0,0,0,0,0,0,0,0,0,0,0,0,0,0,0
"D429",0,0,0,0,0,0,0,0,0,0,0,0,0,0,0,0,0,0,0,0,0,0,0,0,0,0,0,0,0,0,0,0,0,0,0,0,0,0,0,0,0,0,0,0,0,0,0,0,0,0,0,0,0,0,0,0,0,0,0,0,0,0,0,0,0,0,0,0,0,0,0,0,0,0,0,0,0,0,0,0,0,0,0,0,0,0,0,0,0,0,0,0,0,0,0,0,0,0,0,0,0,0,0,4,0,0,0,0,0,0,0,0,0,0,0,0,0,0,0,0,0,0,0,0,0,0,0,0,0,0,0,0,0,0,0,0,0,0,0,0,0,0,0,0,0,0,0,0,0,0,0,0,0,0,0,0,0,0,0,0,0,0,0,0,0,0,0,0,0,0,0,0,0,0,0,0,0,0,0,0,0,0,0,0,0,0,0,0,0,0,0,0,0,0,0,0,0,0,0,0,0,0,0,0,0,0,0,0,0,0,0,0,0,0,0,0,0,4,0,0,0,0,0,0,0,0,0,0,0,0,0,0,0,0,0,0,0,0,0,0,0,0,0,0,0,0,0,0,0,0,0,0,0,0,0,0,0,0,0,0,0,0,0,0,0,0,0,0,0,0,0,0,0,0,0,0,0,0,0,0,0,0,0,0,0,0,0,0,0,0,0,0,0,0,0,0,0,0,0,0,0,0,0,0,0,0,0,0,0,0,0,0,0,0,0,0,0,0,0,0,0,0,0,0,0,0,0,0,0,0,0,0,0,0,0,0,0,0,0,0,0,0,0,0,0,0,0,0,0,0,0,0,0,0,0,0,0,0,0,0,0,0,0,0,0,0,0,0,0,0,0,0,0,0,0,0,0,0,0,0,0,0,0,0,0,0,0,0,0,0,0,0,0,0,0,0,0,0,0,0,0,0,0,0,0,0,0,0,0,0,0,0,0,0,0,0,0,0,0,0,0,0,0,0,0,0,0,0,0,0,0,0,0,0,0,0,0,0,0,0,0,0,0,0,0,0,0,0,0,0,0,0,0,0,0,0,0,0,0,0,0,0,0,0,0,0,0,0,0,0,0,0,0,0,0,0,0,0,0,0,0,0,0,0,0,0,0,0,0,0,0,0,0,0,0,0,0,0,0,0,0,0,0,0,0,0,0,0,0,0,0,0,0,0,0,0,0,0,0,0,0,0,0,0,0,0,0,0,0,0,0,0,0,0,0,0,0,0,0,0,0,0,0,0,0,0,0,0,0,0,0,0,0,0,0,0,0,0,0,0,0,0,0,0,0,0,0,0,0,0,0,0,0,0,0,0,0,0,0,0,0,0,0,0,0,0,0,0,0,0,0,0,0,0,0,0,0,0,0,0,0,0,0,0,0,0,0,0,0,0,0,0,0,0,0,0,0,0,0,0,0,0,0,0,0,0,0,0,0,0,0,0,0,0,0,0,0,0,0,0,0,0,0,0,0,0,0,0,0,0,0,0,0,0,0,0,0,0,0,0,0,0,0,0,0,0,0,0,0,0,0,0,0,0,0,0,0,0,0,0,0,0,0,0,0,0,0,0,0,0,0,0,0,0,0,0,0,0,0,0,0,0,0,0,0,0,0,0,0,0,0,0,0,0,0,0,0,0,0,0,0,0,0,0,0,0,0,0,0,0,0,0,0,0,0,0,0,0,0,0,0,0,0,0,0,0,0,0,0,0,0,0,0,0,0,0,0,0,0,0,0,0,0,0,0,0,0,0,0,0,0,0,0,0,0,0,0,0,0,0,0,0,0,0,0,0,0,0,0,0,0,0,0,0,5,0,0,0,0,0,0,0,0,0,0,0,0,0,0,0,0,0,0,0,0,0,0,0,0,0,0,0,0,0,0,0,0,0,0,0,0,0,0,0,0,0
"D430",0,0,0,0,0,0,0,0,0,0,0,0,0,0,0,0,0,0,0,0,0,0,0,0,0,0,0,0,0,0,0,0,0,0,0,0,0,0,0,0,0,0,0,0,0,0,0,0,0,0,0,0,0,0,0,0,0,0,0,0,0,0,0,0,0,0,0,0,0,0,0,0,0,0,0,0,0,0,0,0,0,0,0,0,0,0,0,0,0,0,0,0,0,0,0,0,0,0,0,0,0,0,0,0,0,0,0,0,0,0,0,0,0,0,0,0,0,0,0,0,0,0,0,0,0,0,0,0,0,0,0,0,0,0,0,0,0,0,0,0,0,0,0,0,0,0,0,0,0,0,0,0,0,0,0,0,0,0,0,0,0,0,0,0,0,0,0,0,0,0,0,0,0,0,0,0,0,0,0,0,0,0,0,0,0,0,0,0,0,0,0,0,0,0,0,0,0,0,0,0,0,0,0,0,0,0,0,2,0,0,0,0,0,0,0,0,0,0,0,0,0,0,0,0,0,0,0,0,0,0,0,0,0,0,0,0,0,0,0,0,0,0,0,0,0,0,0,0,0,0,0,0,0,0,0,0,0,0,0,0,0,0,0,0,0,0,0,0,0,0,0,0,0,0,0,0,0,0,0,0,0,0,0,0,0,0,0,0,0,0,0,0,0,0,0,0,0,0,0,0,0,0,0,0,0,0,0,0,0,0,0,0,0,0,0,0,0,0,0,0,0,0,0,0,0,0,0,0,0,0,0,0,0,0,0,0,0,0,0,0,0,0,0,0,0,0,0,0,0,0,0,0,0,0,0,0,0,0,0,0,0,0,0,0,0,0,0,84440,0,0,0,0,0,0,0,0,0,0,0,0,0,0,0,0,0,0,0,0,0,0,0,0,0,0,0,0,0,4,0,21,0,0,0,2,0,0,0,0,0,0,0,0,0,0,0,0,0,0,0,0,0,0,0,0,0,0,0,0,0,0,0,0,0,0,0,0,0,0,0,0,0,0,0,0,0,0,0,0,0,0,0,0,0,0,0,0,0,0,0,0,0,0,0,0,0,0,0,0,0,0,0,0,0,0,0,0,0,44,0,0,0,0,0,0,0,0,0,0,0,0,0,0,0,0,0,0,0,0,0,0,0,0,0,0,0,0,0,0,0,0,0,0,0,0,0,0,0,0,0,0,0,0,0,0,0,0,0,0,0,0,0,0,0,0,0,0,0,0,0,0,0,0,0,0,0,0,0,0,0,0,0,0,0,0,0,0,0,0,0,0,0,0,0,0,0,0,0,0,0,0,0,0,0,0,0,0,0,0,0,0,0,0,0,0,0,0,0,0,0,0,0,0,0,0,0,0,0,0,0,0,0,0,0,0,0,0,0,0,0,0,0,0,0,0,0,0,0,0,0,0,0,0,0,0,0,0,0,0,0,0,0,0,0,0,0,0,0,0,0,0,4,0,0,0,0,0,0,0,0,0,0,0,0,0,0,0,0,0,0,0,0,0,0,0,0,0,0,0,0,0,0,0,0,0,0,0,0,0,0,0,0,0,0,0,0,0,0,0,0,0,0,0,0,0,0,0,0,0,0,0,0,0,0,0,0,0,0,0,0,0,0,0,0,0,0,0,0,0,0,0,0,0,0,0,0,0,0,0,0,0,0,0,0,0,0,0,0,0,0,0,0,0,0,0,0,0,0,0,0,0,0,0,0,0,0,0,0,0,0,0,0,0,0,0,0,0,0,0,0,0,0,0,0,0,0,0,0,0,0,0,0,0,0,0,12,0,0,0,0,0,0,0,0,0,0,0,0,4,0,0,0,0,0,0,0,0,0,0,0,0,0,0,0,0,0,0,0,0,0,0,0,0,0,0,0,0,0,0,0,0,0,0,0,0,0,0
"D431",0,0,0,0,0,0,0,0,0,0,13,0,0,0,0,0,0,19,0,0,0,25,7,0,5,0,0,0,0,0,0,0,0,0,0,0,0,0,38,23,0,25,0,0,54,0,2,0,0,0,54,0,0,0,30,28,0,0,0,0,32,0,0,30,0,0,0,36,0,0,0,14,0,0,0,18,0,0,0,0,0,0,0,0,0,0,0,43,0,83,0,0,12,0,0,0,0,0,0,0,0,0,0,0,26,0,0,0,0,0,0,38,0,0,0,163,0,17,0,0,0,34,10,0,0,0,0,47,0,0,0,0,4,45,0,71,0,0,0,46,0,0,0,0,0,11,0,0,0,0,0,0,0,0,0,0,0,0,0,0,0,0,0,0,0,0,0,0,0,0,0,767,0,0,0,0,0,25,0,0,0,0,0,0,39,0,0,0,0,0,0,0,0,0,0,43,6,0,0,6,31,0,0,0,29,0,0,16,0,0,0,0,0,0,0,0,121,0,36,0,0,0,0,0,0,0,0,0,0,0,0,0,0,0,0,0,0,0,0,62,0,0,0,0,0,0,0,0,0,0,0,28,0,0,0,0,0,13,0,18,0,0,0,0,0,0,0,0,0,9,0,0,0,74,0,0,6,0,0,0,0,0,11,0,0,0,0,3,0,0,0,6,0,0,35,0,0,0,0,0,0,0,0,0,0,0,0,0,14,0,0,23,0,0,18,57,0,0,0,0,0,0,0,0,0,0,0,0,0,0,0,0,0,20,0,0,0,0,0,0,0,15,0,0,0,0,0,0,0,0,6,0,0,0,40,18,0,123,0,0,0,16,0,0,0,0,0,2,0,0,0,0,0,0,0,0,0,0,0,0,0,0,4,0,0,0,0,0,0,5,12,0,0,0,0,0,0,131,0,0,0,0,0,6,0,0,21,0,0,0,0,105,8,0,0,0,0,0,429,0,0,0,0,0,0,0,0,0,0,47,0,25,0,0,0,0,0,11,0,0,0,0,0,0,0,0,0,0,0,0,10,0,0,0,0,0,0,0,0,0,0,0,0,108,0,0,0,0,0,0,0,0,0,692,0,0,0,0,0,0,0,60,0,0,0,0,0,0,0,0,0,0,0,0,0,0,0,0,0,0,0,0,35,0,0,32,0,0,0,0,0,0,0,0,0,0,0,0,0,0,0,0,0,0,63,0,0,0,0,210,0,0,0,0,0,0,3,0,0,0,0,0,17,68,0,24,0,0,0,0,0,0,0,27,7,4,0,12,0,0,0,11,25,0,0,0,0,0,0,0,0,0,0,0,0,0,0,3,0,0,0,0,0,0,0,2,0,5,0,0,0,0,0,0,0,5,2,0,0,0,0,0,49,0,0,0,40,0,0,0,6,0,0,0,0,0,0,0,0,0,0,0,25,0,0,0,12,0,9,0,0,91,0,0,0,43,0,0,39,12,0,0,0,0,0,0,0,20,0,0,0,0,26,0,0,0,0,0,4,0,0,0,0,0,0,0,0,15,15,0,0,0,0,0,0,22,36,0,18,0,37,0,0,100,47,0,0,0,0,11,0,0,0,0,0,0,0,49,0,0,0,0,0,0,0,0,0,0,0,0,0,0,0,0,0,0,0,37,10,0,15,0,0,0,70,0,0,0,0,0,0,85,0,0,0,35,0,0,0,0,0,0,0,0,0,0,0,0,0,7,0,0,0,0,0,0,61,0,0,0,0,0,21,145,0,33,0,0,0,0,26,0,0,0,51,0,0,0,0,0,0,0,82,0,29,0,15,0,0,0,0,0,0,12,0,0,0,0,49,0,0,0,0,66,0,0,0,0,0,39,0,0,0,0,0,0,0,0,0,0,0,44,0,0,0,15,0,0,0,0,0,0,0,0,0,0
"D432",0,0,239,0,0,0,0,0,9,0,72,0,0,0,0,110,0,0,8,0,0,0,0,0,0,0,0,0,0,0,0,0,0,0,0,0,0,0,0,0,0,0,0,0,0,0,0,0,0,0,0,0,0,0,0,354,0,0,0,0,0,0,0,0,0,0,0,0,296,0,0,0,0,0,0,0,0,0,0,619,0,0,0,0,0,0,3,0,19,0,0,66,28,0,0,0,0,0,0,0,37,0,0,0,0,53,0,0,0,0,0,0,0,0,0,0,0,0,0,0,0,0,0,0,0,0,0,0,0,0,0,0,0,0,24,0,0,0,0,0,0,0,0,0,129,474,315,0,26,0,0,0,0,0,0,0,0,0,0,0,0,0,155,0,0,0,0,0,0,0,0,0,0,0,0,0,0,0,0,0,0,0,39,0,0,0,0,0,0,0,0,29,0,0,0,0,0,308,0,0,0,0,0,155,0,0,0,55,0,192,0,0,0,0,0,0,0,0,0,0,0,0,0,0,0,0,0,0,28,0,0,0,0,0,0,0,0,0,0,0,0,0,0,0,0,0,0,0,0,0,0,0,0,0,0,0,0,0,0,0,0,0,2,0,0,0,0,0,0,0,0,226,0,0,0,0,0,0,0,0,0,7,0,0,0,0,0,0,0,0,0,0,0,0,0,0,101,0,0,181,462,0,0,0,0,0,0,0,0,0,0,0,0,0,0,0,380,0,0,0,95,0,0,0,0,0,0,0,0,0,0,0,0,0,0,0,0,0,0,0,14,0,0,0,0,88,0,0,0,0,0,0,0,10,0,0,0,0,162,0,0,0,0,0,0,0,0,0,154,0,0,0,0,0,0,0,0,0,0,0,0,230,0,0,0,0,0,0,0,0,0,51,168,0,0,0,0,502,0,0,0,0,0,0,0,0,0,0,0,0,0,0,0,0,0,0,0,0,3248,0,0,0,0,0,84,0,0,0,0,0,0,105,0,0,102,9,0,0,0,0,0,0,0,0,0,0,0,0,0,0,0,164,170,0,0,0,0,0,0,0,0,0,0,0,0,0,0,0,0,0,0,0,0,0,0,0,0,0,0,96,0,0,0,0,0,0,259,0,0,11,106,0,0,0,0,0,0,0,0,0,0,0,0,0,0,0,0,0,0,3,0,141,0,0,0,0,18,0,112,0,0,0,0,0,0,0,0,0,0,0,0,0,0,0,0,0,0,0,0,0,154,0,0,0,0,0,0,0,0,0,104,0,0,0,0,0,0,0,0,0,0,0,0,442,0,0,0,0,0,0,0,0,0,0,0,0,0,0,50,0,0,15,0,121,0,0,0,0,0,0,252,0,0,0,0,0,0,0,0,0,0,0,410,0,0,0,0,0,0,0,202,0,49,0,0,0,0,0,0,0,90,0,0,0,0,0,0,0,0,0,0,0,0,0,0,0,0,0,0,114,0,0,0,0,0,0,0,0,0,0,0,29,0,0,0,0,0,0,0,0,28,0,139,55,0,0,0,0,0,0,0,0,0,0,0,0,0,0,0,0,0,0,0,0,0,0,0,0,0,0,0,0,0,0,0,0,0,10,340,0,0,0,0,0,0,0,0,0,0,0,0,0,0,0,0,0,0,0,0,0,0,0,0,0,0,2293,0,101,0,0,0,23,0,0,0,0,0,81,0,0,0,236,541,0,21,0,0,0,0,0,0,0,0,0,0,0,202,0,0,0,0,0,0,0,0,0,0,0,0,0,0,0,0,0,0,0,0,0,49,0,0,0,483,0,0,0,0,0,0,0,0,0,43,0,0,329,0,1329,0,0,0,0,90,0,0,0,0,0,0,0,0,0,0,0,0,0,0,0,0,0,1098,0,0,0,0,312,0,0,0,0,1,0,0,0,0,0
"D433",0,0,0,0,0,21,0,0,0,29,0,0,0,0,0,0,0,0,0,0,0,0,0,0,0,15,0,0,0,0,0,0,0,0,0,5,15,0,27,0,0,0,0,0,0,0,0,2183,0,0,0,0,0,0,0,0,0,0,0,0,0,0,0,0,0,0,29,335,20,0,0,8,0,0,0,0,0,0,0,0,0,0,83,0,0,0,0,68,0,0,0,0,602,0,0,0,0,0,0,0,0,0,0,0,0,6,0,0,1033,0,0,0,0,0,22,1208,0,378,0,0,0,0,0,0,0,0,0,0,0,0,0,0,0,0,0,0,0,0,0,0,0,0,0,0,0,0,0,0,117,0,0,0,0,0,0,0,0,0,0,0,0,17,0,0,0,0,0,0,0,0,0,0,0,0,0,0,0,0,0,0,0,0,0,0,0,44,0,0,0,0,0,0,0,0,0,0,0,0,0,0,0,0,0,0,0,0,0,0,0,0,0,13,0,14,0,0,54,0,0,0,0,0,0,0,0,0,0,13,0,0,69,0,0,0,0,0,0,175,16,10,0,0,0,0,0,0,0,0,0,0,0,0,0,0,0,0,0,0,0,0,0,416,183,0,0,0,7,0,0,0,0,0,0,0,0,0,0,0,0,0,0,0,0,0,0,0,0,0,0,0,19,0,0,0,0,0,0,0,0,0,0,0,0,39,0,0,0,0,0,68,0,0,0,0,0,0,0,0,34,0,0,0,0,0,0,0,0,0,27,0,0,0,115,0,0,0,0,34,0,0,861,0,0,0,0,0,0,0,50,0,0,0,0,0,0,526,0,0,0,0,0,0,0,0,75,0,0,0,0,0,0,0,7,0,0,0,0,0,0,0,0,0,0,0,0,0,0,0,40,0,0,0,0,0,0,0,0,21,0,0,0,0,0,0,0,0,372,0,0,0,0,10,0,15,0,0,0,0,109,0,0,0,0,0,0,0,0,0,0,19,0,0,0,0,0,0,0,0,0,0,0,0,0,0,0,0,0,0,0,0,0,0,0,0,0,0,0,0,0,0,0,0,0,0,0,0,229,0,0,0,0,0,484,0,0,0,12,0,0,0,0,0,0,10,0,0,0,0,0,0,0,0,0,0,0,0,0,0,0,0,0,0,0,31,0,29,0,0,0,0,0,0,0,0,20,10,0,0,0,0,0,0,0,0,0,0,10,0,0,0,0,0,16,0,79,0,0,0,0,0,0,0,0,0,0,0,0,0,0,0,0,0,0,0,9,0,0,0,0,0,0,0,0,0,0,0,0,0,0,0,0,0,0,0,0,0,0,0,0,0,0,0,0,13,0,0,0,0,0,0,0,0,0,0,0,8,16,0,0,0,0,0,0,0,0,0,0,0,0,336,0,0,0,0,16,0,0,0,0,0,0,0,303,0,0,0,0,0,0,0,0,0,0,0,0,0,0,0,0,0,0,0,0,0,0,0,0,120,0,0,0,0,0,0,0,0,0,0,0,0,0,0,0,0,0,25,0,0,0,0,0,0,0,0,0,0,0,0,0,0,0,0,0,147,0,123,0,0,0,0,0,0,0,0,173,0,0,0,0,0,0,0,0,0,0,0,0,0,0,0,0,0,0,0,0,0,0,0,0,0,0,0,0,0,0,0,0,0,159,0,0,0,0,0,0,0,0,0,0,0,0,0,0,0,0,0,0,0,0,0,0,0,0,0,112,0,0,22,0,0,0,0,0,0,0,0,0,601,0,0,0,0,16,0,0,0,0,0,0,0,0,0,0,137,8,0,0,0,0,0,0,0,0,0,0,0,0,0,0,0,0,22,0,0,25,0,0,0,0,0,0,0,0,0,0,0,0,0,0,0,0,447,0,0,0,0,0,0,16,0,0,0,0,628,0,0
"D434",2,2,204,495,0,0,3,18,30,0,0,128,0,24,11,35,221,0,7,1,0,0,4,0,12,11,11,0,0,0,11,0,0,58,41,31,0,0,0,0,141,0,59,3,98,16,0,0,31,13,2,0,17,8,0,22,0,0,102,2,0,1,0,5,0,15,0,26,357,4,7,0,0,119,0,0,104,20,0,0,0,8,0,0,3,0,0,0,0,1,14,0,0,40,46,0,8,0,0,0,75,0,0,0,97,15,1,0,0,0,15,79,8,82,0,44,0,0,12,58,0,0,11,0,0,0,6,0,7,21,19,0,3,0,29,34,5,0,0,4,18,0,0,74,218,248,0,3,0,0,0,9,7,0,19,3,150,0,0,283,17,9,2,6,3,0,74,15,8,1,74,0,31,0,26,0,25,0,0,32,8,0,14,85,6,0,0,0,9,0,15,0,0,0,0,0,2,14,11,17,59,0,6,15,67,216,0,93,9,4,0,29,9,0,4,0,0,0,0,3,15,119,9,0,0,26,0,0,159,9,56,31,3,56,0,0,16,0,66,0,28,0,31,27,51,0,0,2,0,0,63,7,5,6,0,20,24,58,12,37,236,150,0,0,0,24,1,3,0,0,0,0,7,0,2,9,11,74,16,0,4,0,0,12,3,0,0,64,0,217,89,28,63,37,25,0,0,2,2,89,0,0,8,0,0,3,0,3,15,9,0,24,18,0,0,0,4,115,37,400,0,0,0,0,0,7,2,0,0,0,4,12,0,0,0,18,0,26,5,0,0,0,0,0,3,0,16,82,0,0,0,7,2,0,16,66,37,0,22,0,1,0,16,0,0,0,23,34,0,4,10,73,0,0,0,0,0,0,29,0,3,0,126,0,3,0,4,3,22,0,0,139,0,1,52,82,0,379,0,0,2,1,123,0,39,0,11,28,4,0,31,0,0,7,53,7,0,1,37,0,47,1,3,1,24,0,17,80,0,0,161,0,11,207,22,7,0,50,31,0,48,233,16,42,0,0,0,0,0,5,0,0,10,86,1,0,21,12,0,0,0,7,498,0,98,0,146,3,0,0,78,67,0,0,27,2,18,0,30,0,62,180,65,0,34,0,8,0,28,62,124,13,0,0,0,0,0,38,0,9,5,0,0,0,9,3,6,11,5,0,0,85,10,24,0,33,7,67,0,26,0,0,0,0,0,316,55,17,4,0,23,0,2,0,0,0,7,0,0,2,415,0,19,0,305,2,3,24,18,0,25,0,406,0,5,0,0,0,22,1,6,101,106,45,0,0,0,0,2,0,0,4,42,445,0,0,0,0,0,33,1,40,0,5,9,9,10,3,13,17,245,12,7,0,4,3,0,14,31,0,0,11,515,237,11,0,13,0,0,0,2,23,18,15,0,1,19,2,0,0,0,6,3,0,18,0,4,0,30,0,5,0,0,201,0,11,32,32,6,45,4,64,0,3,0,0,2,28,21,16,0,0,0,1,11,285,8,10,89,0,94,0,5,0,40,0,2,0,0,0,10,0,33,0,3,0,32,0,0,16,0,0,18,0,0,0,2,9,0,24,0,0,0,0,1,4,0,1312,0,1,0,0,0,3,0,3,0,34,0,0,9,26,2,0,0,2,0,7,0,35,54,0,16,0,0,47,0,0,0,3,147,139,1,0,140,0,10,11,0,0,7,3,18,11,111,0,4,0,0,7,1,1,0,58,0,0,25,0,24,4,0,62,0,1,13,0,8,0,12,0,0,24,276,0,0,0,46,17,39,0,0,7,192,0,0,0,2,0,15,0,4,27,0,0,15,102,171,51,0,3,46,2,32,0,21,13,0,167,0,0,23,4,0,55,0,0,0,0,0,5,19,0,271,0,0,921,0,1,16,0,0,0,0,228,5,179
"D435",4,0,0,0,0,0,0,0,0,462,0,0,0,0,0,0,0,0,0,0,0,0,0,0,0,0,0,0,0,0,0,0,0,0,0,0,0,0,0,0,0,0,0,0,0,0,0,170,20,0,0,0,0,0,0,0,0,0,0,0,0,0,0,0,0,0,0,0,0,0,0,0,0,0,0,0,0,0,0,0,0,0,0,0,0,0,0,0,0,0,0,0,86,0,55,0,0,0,0,0,0,0,0,0,0,0,0,0,0,0,0,0,0,0,0,0,0,0,0,0,0,0,0,0,0,0,0,0,0,0,0,0,0,0,0,0,0,0,0,3,0,0,0,0,0,0,0,0,0,0,0,0,0,0,639,0,0,0,0,0,0,0,0,0,0,0,0,0,0,0,0,0,0,0,0,0,0,0,0,0,0,0,0,0,0,0,0,0,0,0,0,0,0,0,0,0,0,0,0,2,0,0,0,0,0,0,0,0,0,0,0,0,0,0,0,0,0,0,0,0,0,0,0,0,0,0,1,0,0,0,187,0,0,0,0,0,0,0,0,0,0,0,0,0,0,0,0,0,0,0,2020,0,0,1,0,0,0,0,0,0,0,0,0,0,0,0,0,0,0,0,0,0,0,0,0,0,0,0,0,0,0,0,0,0,0,0,0,0,0,0,0,0,0,0,0,29,0,0,0,0,0,0,8,0,0,0,0,0,0,0,0,0,0,0,0,0,0,0,0,0,0,0,0,0,0,0,0,0,0,0,0,0,13,0,10,0,0,0,0,0,0,0,0,0,0,0,0,0,0,0,0,0,0,0,0,0,0,0,0,1170,0,0,0,0,0,0,0,0,0,0,0,0,0,0,0,0,0,0,0,0,0,0,0,0,0,0,0,0,19,0,0,0,0,0,0,0,0,0,0,0,0,0,0,4,0,0,0,0,0,0,0,0,0,0,0,0,0,0,0,0,0,0,0,0,0,205,0,0,0,0,0,0,0,0,0,0,0,0,0,0,0,0,0,0,0,0,0,0,0,1,0,0,0,0,0,0,0,0,0,0,0,0,0,0,0,0,3,0,0,0,0,0,0,0,0,0,0,77,0,0,0,0,0,841,0,2,0,0,0,0,0,0,0,0,0,0,0,0,0,22,0,0,0,0,0,0,0,0,0,0,81,0,0,0,0,0,0,0,0,0,0,0,0,0,0,0,0,0,0,0,0,0,0,0,0,0,0,0,0,0,0,0,0,0,0,0,0,0,0,0,0,0,0,3,0,0,0,0,0,0,0,0,0,0,0,0,0,0,0,0,0,0,0,0,0,0,0,0,0,0,0,0,0,0,0,0,0,0,0,0,0,0,0,0,0,0,0,0,0,0,0,0,0,0,0,0,0,0,0,0,0,0,0,0,0,0,0,0,0,0,0,0,0,0,0,0,0,0,0,6,1,0,0,0,0,0,0,0,0,0,0,0,0,0,0,0,0,0,0,0,0,0,0,0,0,0,0,0,0,0,11,19,0,0,0,0,0,0,0,0,0,0,0,0,0,0,0,0,0,0,0,0,0,0,0,0,0,0,9,0,0,0,0,0,0,0,0,0,0,0,0,0,0,0,0,0,0,0,0,0,0,0,0,0,0,29,0,0,0,0,0,0,0,0,0,0,0,0,0,0,0,0,0,0,0,0,0,0,0,0,0,0,0,0,0,0,0,0,0,0,0,0,0,0,0,0,0,0,0,0,0,0,0,0,0,134,0,0,0,0,0,0,0,0,7,0,0,0,0,0,0,0,0,0,0,0,0,0,0,0,0,0,0,0,0,0,0,15,0,0,0,0,0,0,0,0,0,0,0,0,0,0,0,0,0,0,0,0,0,0,0,0,0,0,0,0,0,0,0,0,0,0,0,0,0,0
"D436",0,0,4,0,3,0,0,0,0,0,310,118,0,0,9,0,0,0,20,0,1,0,0,0,745,0,4,0,0,0,0,0,0,0,6,0,0,0,0,1,0,7,0,18,554,0,0,0,0,0,37,0,6,27,193,0,0,0,237,4,0,0,155,0,0,0,0,52,51,44,0,0,0,0,3,21,0,0,0,44,13,5,0,0,0,6,0,0,0,0,0,0,0,29,0,17,0,8,0,26,0,0,0,0,78,0,0,0,3,0,0,41,51,62,0,18,0,8,1,0,0,6,1,0,0,0,0,4,0,14,48,0,3,0,0,3,4,0,0,0,34,0,0,0,0,2,1,0,0,0,2,7,29,1,0,0,0,0,9,0,289,1,0,2,0,0,2,9,0,0,0,94,0,0,0,0,3,0,0,0,15,0,0,52,2,0,5,0,30,0,2,0,0,0,0,0,0,0,0,0,11,0,0,0,0,0,2,0,3,5,11,0,4,0,2,0,0,2,0,0,0,90,14,15,0,0,0,0,0,0,0,6,6,0,26,0,0,0,2,0,0,0,0,0,16,0,3,0,19,0,0,0,14,0,0,8,20,6,4,88,0,31,0,0,0,0,0,0,13,19,80,0,9,0,9,2,18,0,3,3,2,0,0,0,12,25,0,435,0,167,0,63,12,22,0,0,0,0,3,0,0,0,0,0,0,0,0,0,0,30,0,5,0,5,0,0,0,3,127,0,0,34,23,4,7,11,0,3,0,63,18,0,0,4,0,0,0,0,0,0,0,6,33,0,34,0,34,0,4,0,4,0,0,0,0,24,36,0,0,0,0,0,0,11,2,0,10,0,0,0,0,9,3,0,3,42,0,0,0,0,0,0,461,0,7,56,55,16,0,22,38,0,0,0,5,12,0,17,0,0,0,12,0,0,0,0,0,92,0,0,0,5,0,0,0,0,0,0,15,7,0,0,0,2,0,0,0,0,0,0,0,0,0,63,2,0,27,0,0,0,0,73,0,0,8,0,0,0,0,0,72,0,0,4,0,0,0,2,0,0,0,0,416,0,425,113,4,0,2,0,0,169,6,430,0,0,0,2,0,0,0,0,9,1,0,0,0,12,35,0,105,124,0,0,12,0,0,0,0,0,0,23,46,0,0,13,181,3,29,0,0,0,0,0,10,0,0,0,0,5,0,0,0,0,11,385,0,17,0,0,2,0,0,153,3,0,4,0,0,0,57,0,4,1,121,2,3,0,133,0,0,0,0,0,0,47,7,0,0,3,0,85,4,0,0,0,5,0,0,0,5,0,12,0,7,0,0,0,0,1,0,0,0,26,0,0,39,0,0,1,0,0,0,0,8,3,6,0,0,5,0,0,0,0,0,0,4,0,0,0,0,0,0,14,0,30,13,0,407,0,0,3,14,2,0,107,0,0,37,0,0,6,0,0,39,8,44,0,0,0,0,0,0,3,51,0,3,0,0,6,0,0,14,7,0,1726,0,0,57,0,0,0,0,0,0,4,0,0,3,0,199,0,2,0,35,24,4,0,0,163,3,0,17,7,40,0,0,0,0,7,0,0,0,0,0,6,0,1386,0,0,0,1,0,0,0,0,6,1,0,29,0,209,0,2,0,0,0,19,0,77,273,0,0,0,0,0,5,0,0,24,225,45,2,10,0,1,22,36,0,5,30,0,0,0,0,0,0,0,3,1,10,0,80,4,0,0,6,16,25,5,0,0,0,131,3,0,0,0,0,0,22,0,45,0,0,0,113,0,9,0,0,19,185,0,0,0,24,0,0,0,0,29,0,2,0,0,0,13,2,10,0,6,0,0,0,21,0,9,0,0,0,151,85,11,0,7,0,30,3,2,0,1,0,3,0,769,0,0,0,0,17,0,3,0,0,0
"D437",0,0,0,0,0,0,0,0,0,0,18,0,0,0,0,0,0,0,0,0,0,12,4,0,0,0,0,0,0,0,0,0,7,0,8,0,515,0,0,0,0,0,116,0,5,0,0,0,0,0,0,0,0,0,0,0,21,0,0,0,0,0,0,0,0,0,0,0,0,0,0,0,0,0,0,0,0,0,0,0,0,0,0,0,0,6,0,0,0,0,0,0,0,0,0,0,0,0,0,0,0,0,0,0,0,0,0,0,0,0,0,0,0,0,4,0,0,0,0,0,7,0,0,0,0,0,0,0,0,0,0,0,0,0,168,0,0,0,0,5,0,0,0,0,0,52,0,0,0,0,0,0,0,0,0,0,0,0,0,0,0,0,0,58,0,0,0,0,0,10,0,3045,0,0,0,0,0,0,2,0,0,6,0,0,0,0,0,0,0,0,0,0,0,0,0,160,0,0,0,0,0,0,0,0,0,0,0,0,0,0,0,0,4,0,1,0,0,0,10,0,0,0,0,0,0,0,0,0,0,0,0,0,0,0,0,0,0,0,0,88,0,6,0,0,0,0,0,0,0,0,0,0,0,0,0,0,0,0,0,0,0,0,0,0,0,0,0,0,0,0,0,0,0,753,0,0,0,0,0,0,0,0,0,0,0,0,0,0,0,0,0,0,0,0,0,0,0,0,0,0,0,0,0,0,0,0,0,0,0,0,0,0,0,0,0,50,0,0,0,0,0,0,0,0,0,0,0,0,0,0,0,0,0,67,0,0,0,0,0,0,0,0,0,0,0,0,0,0,0,0,0,0,0,0,0,0,0,592,0,0,0,0,0,0,0,0,0,10,0,0,0,0,0,0,0,0,7,0,0,0,0,0,0,0,0,0,0,0,0,0,0,0,0,0,0,0,0,37,0,0,0,0,0,0,0,0,3,0,0,0,0,168,0,0,0,0,0,0,0,0,0,0,0,0,0,0,0,0,0,332,0,0,0,0,0,0,0,0,0,0,0,0,0,0,0,0,307,0,0,0,0,0,0,0,0,0,0,0,0,0,0,0,17,6,0,0,0,0,0,0,0,0,0,0,0,0,0,0,0,0,7,439,0,0,0,6,0,0,0,0,0,0,0,0,0,0,0,0,0,0,0,0,0,3,0,0,0,10,0,0,0,0,0,0,0,0,0,0,0,0,0,0,0,0,0,0,0,0,0,290,0,7,0,0,0,0,2,40,0,0,0,0,0,0,0,0,0,0,0,0,0,0,0,0,0,0,0,1,0,0,0,0,0,0,137,0,0,0,0,0,0,0,0,0,0,0,0,0,0,0,0,5,0,0,0,0,0,0,0,0,0,0,0,103,0,0,0,0,0,0,0,0,0,0,0,0,0,0,0,0,0,0,0,0,0,0,0,0,0,0,0,0,0,0,0,0,2,0,0,0,0,0,0,0,0,0,0,0,11,0,0,0,0,0,0,14,0,0,0,0,0,0,0,0,0,0,0,0,0,0,0,0,0,0,0,0,0,0,0,0,0,0,0,0,0,0,0,0,0,0,0,0,0,0,0,4,0,0,0,0,0,0,0,0,0,5,0,25,0,0,0,0,0,0,0,0,0,0,0,0,0,9,0,0,0,0,0,0,0,0,0,0,0,0,20,0,0,0,19,0,0,0,0,0,0,0,0,0,0,0,0,0,0,0,0,0,0,0,0,0,0,0,0,0,0,0,0,0,0,0,0,0,7,0,0,0,0,0,0,28,5,0,0,0,0,0,0,0,0,0,0,0,0,0,0,0,0,15,0,0,0,0,0,0,0,0,0,0,0,0,6,0,0,447,0,0,0,0,5421,1667,9,0,21,0,0,0,0,0,4,0,0,2,0,6,201,0,2,0,0,2,0,0,0,0,0,0
"D438",0,0,0,0,0,0,0,0,0,0,0,0,0,0,0,0,0,0,0,0,0,0,0,0,0,0,0,0,0,0,0,0,0,0,0,0,0,0,0,0,0,0,0,0,0,0,0,0,0,0,0,0,0,0,0,0,0,0,0,0,0,0,0,0,0,0,0,0,0,0,0,0,0,0,0,0,0,0,0,0,0,0,0,0,0,0,0,0,0,0,0,0,0,0,0,0,0,0,0,0,0,0,0,0,0,0,0,0,0,0,0,0,0,0,0,0,0,0,0,0,0,0,0,0,0,0,0,0,0,0,0,0,0,0,0,0,0,0,0,0,0,0,0,0,0,0,0,0,0,0,0,0,0,0,0,0,0,0,0,0,0,0,0,0,0,0,0,0,0,0,0,0,0,0,0,0,0,0,0,0,0,0,0,0,0,0,0,0,0,0,0,0,0,0,0,0,0,0,0,0,0,0,0,0,0,0,0,0,0,0,0,0,0,0,0,0,0,0,0,0,0,0,0,0,0,0,0,0,0,0,0,0,0,0,0,0,0,0,0,0,0,0,0,0,0,0,0,0,0,0,0,0,0,0,0,0,0,0,0,0,0,0,1,0,0,0,0,0,0,0,0,0,0,0,0,0,0,0,0,0,0,0,0,0,0,0,0,0,0,0,0,0,0,0,0,0,0,0,0,0,0,0,0,0,0,0,0,0,0,0,0,0,0,0,0,0,0,0,0,0,0,0,0,0,0,0,0,0,0,0,0,0,0,0,0,0,0,0,0,0,3,0,0,0,0,0,0,0,0,0,0,0,0,0,0,0,0,0,0,0,0,0,0,0,0,0,0,0,0,0,0,0,0,0,0,0,0,0,0,0,0,0,0,0,0,0,0,0,0,0,0,0,0,0,0,0,0,0,0,0,0,0,0,0,0,0,0,0,0,0,0,0,0,0,0,0,0,0,0,0,0,0,0,0,0,0,0,0,0,0,0,0,0,0,0,0,0,0,0,0,0,0,0,0,0,0,0,0,0,0,0,0,0,0,0,0,0,0,0,0,0,0,0,0,0,0,0,0,0,0,0,0,0,0,0,0,0,0,0,0,0,0,0,0,0,0,0,0,0,0,0,0,0,0,0,0,0,0,0,0,0,0,0,0,0,0,0,0,0,0,0,0,0,0,0,0,0,0,0,0,0,0,0,0,0,0,0,0,0,0,0,0,0,0,0,0,0,0,0,0,0,0,0,0,0,0,0,0,0,0,0,0,0,0,0,0,0,0,0,0,0,0,0,0,0,0,0,0,0,0,0,0,0,0,0,0,0,0,0,0,0,0,0,0,0,0,0,0,0,0,0,0,0,0,0,0,0,0,0,0,0,0,0,0,0,0,0,0,0,0,0,0,0,0,0,0,0,0,0,0,0,0,0,0,0,0,0,0,0,0,0,0,0,0,0,0,0,0,0,0,0,0,0,0,0,0,0,0,0,0,0,0,0,0,0,0,0,0,0,0,0,0,0,0,0,0,0,0,0,0,0,0,0,0,0,0,0,0,9,0,0,0,0,0,0,0,0,0,0,0,0,0,0,0,0,0,0,0,0,0,0,0,0,0,0,0,0,0,0,0,0,0,0,0,0,0,0,0,0,0,0,0,0,0,0,0,0,0,0,0,0,0,0,0,0,0,0,0,0,0,0,0,0,0,0,0,0,0,0,0,0,0,0,0,0,0,0,0,0,0,0,0,0,0,0,0,0,0,0,0,0,0,0,0,0,0,0,0,0,0,0,0,0,0,0,0,0,0,0,0,0,0,0,0,0,0,0,0,0,0,0,0,0,0,0,0,0,0,0,0,0,0,0,0,0,0,0,0,0,0,0,0,0,0,0,0,0,0,0,0,0,0,0,0,0,0
"D439",0,0,0,0,0,0,0,0,0,0,0,0,0,0,0,0,0,0,0,0,0,0,0,0,0,0,0,0,0,0,0,0,0,0,0,0,0,0,0,0,0,0,0,0,0,0,0,52,0,0,0,0,0,0,0,0,0,0,0,0,0,0,0,0,76,0,0,0,0,0,0,0,0,0,0,0,0,0,0,0,0,0,0,0,0,0,0,0,0,0,0,0,0,0,0,0,0,0,0,0,0,0,0,0,0,0,0,23,0,0,0,0,0,0,130,0,0,0,0,0,0,157,0,0,0,0,0,0,0,0,0,0,0,0,0,0,0,0,0,0,0,0,0,0,0,0,0,0,0,0,0,0,0,0,0,0,0,0,0,0,0,0,0,0,0,0,0,0,0,0,0,0,0,0,0,0,0,0,0,0,0,0,0,0,0,0,0,0,0,0,0,0,0,0,0,0,0,0,0,0,0,0,0,0,0,0,0,0,0,0,0,0,0,0,0,0,0,0,0,0,0,0,0,0,0,0,0,0,0,0,0,0,0,0,0,0,0,0,0,0,0,0,0,0,0,0,0,0,0,0,0,0,0,0,0,0,0,0,0,0,0,0,0,155,0,0,0,0,0,0,0,0,0,4,0,0,0,0,0,0,0,0,0,0,0,0,0,0,0,0,0,0,0,0,0,0,0,0,0,0,0,0,0,0,0,0,0,0,0,0,0,0,0,0,0,0,0,0,0,0,0,0,0,0,0,0,0,0,0,0,0,0,0,0,0,0,0,0,0,0,0,0,0,0,0,0,0,0,0,0,0,0,0,0,0,0,0,0,0,0,0,0,0,0,0,0,0,0,0,0,0,0,0,0,0,0,0,0,0,0,0,0,0,0,0,0,0,0,0,0,0,0,0,0,0,0,4,0,0,0,0,0,0,0,0,0,0,0,0,88,0,0,0,0,0,0,0,0,0,0,0,0,0,0,0,0,0,0,0,0,0,0,0,0,0,0,0,0,0,0,0,0,0,0,0,0,0,0,0,0,0,0,0,0,0,0,0,0,0,0,0,0,0,0,0,0,0,0,0,0,0,0,0,0,0,0,0,0,0,0,0,0,0,0,0,0,0,0,0,0,0,0,0,0,0,0,0,0,0,0,0,0,0,0,0,2,0,0,0,0,0,0,0,0,0,0,0,0,0,0,0,0,0,0,0,0,0,0,0,0,0,0,0,0,0,0,0,0,0,9,0,0,0,0,0,0,0,0,0,0,0,0,0,0,0,42,0,4,0,0,0,0,0,0,0,0,0,0,0,0,0,0,0,0,0,0,0,89,0,0,0,0,0,0,0,0,0,0,0,0,0,0,0,4,0,0,0,0,0,0,0,0,0,0,0,0,0,0,0,0,0,0,0,0,0,0,0,0,0,0,0,0,0,0,0,0,0,0,0,0,7,0,0,0,0,0,0,0,0,0,0,0,0,0,0,0,0,0,0,0,0,0,0,0,0,0,0,0,0,0,0,0,0,0,0,0,0,900,0,0,0,0,0,0,0,0,0,2,0,0,0,0,0,0,0,0,0,0,0,50,0,0,0,0,0,0,0,0,0,0,0,0,0,0,0,0,0,0,0,0,0,0,0,0,0,0,0,0,0,0,0,0,0,0,0,0,0,0,0,0,0,0,0,0,0,0,0,0,0,0,0,0,0,0,0,0,0,0,0,0,0,0,0,0,0,0,0,0,0,0,0,0,0,0,0,0,0,0,0,0,0,0,0,0,0,0,0,0,0,0,0,0,0,0,0,0,0,2,0,0,0,0,0,0,0,0,0,0,2,0,0,0,0,0,0,0,0,0,0,0,0,0,0,0,0,0,0,0,0,0,0,0,0,0,0,0,0,0,0,0,0,0,0,0,0,0
"D440",0,0,0,0,0,0,0,0,0,14,0,0,0,0,0,0,0,0,0,0,0,0,0,0,0,0,0,0,0,0,0,0,0,0,0,0,0,0,0,0,0,0,0,0,0,0,0,0,0,0,0,0,0,0,0,0,0,0,0,0,0,0,0,0,0,0,0,0,0,0,0,0,0,0,0,0,0,0,0,0,0,0,0,0,0,0,0,0,0,0,0,0,0,0,0,0,0,0,0,0,0,0,0,0,0,0,0,0,0,0,0,0,0,0,0,0,0,0,0,0,0,0,0,0,0,0,0,0,0,0,0,0,0,0,0,0,0,0,0,0,0,0,0,0,0,0,0,0,0,0,0,0,0,0,0,0,0,0,0,0,0,0,0,0,0,0,0,0,0,0,0,0,0,0,0,0,0,0,0,0,0,0,0,0,0,0,0,0,0,0,0,0,0,0,0,0,0,0,0,0,0,0,0,0,0,0,0,0,0,0,0,0,0,0,0,0,0,0,0,0,0,0,0,0,0,0,0,0,0,0,0,0,0,0,0,0,0,0,0,0,0,0,0,0,0,0,0,0,0,0,0,0,0,0,0,0,0,0,0,0,0,0,0,0,0,0,0,0,0,0,0,19,0,0,0,0,0,0,0,0,0,0,0,0,0,0,0,0,0,0,0,0,0,0,0,0,0,0,0,0,0,0,0,0,0,0,0,0,0,0,0,0,0,0,0,0,0,0,0,0,0,0,0,0,0,0,0,0,0,0,0,0,0,0,0,0,0,0,0,0,0,0,0,0,0,0,0,0,0,0,0,0,0,0,0,0,0,0,0,0,0,0,0,0,0,0,0,0,0,0,0,0,0,0,0,0,0,0,0,0,0,0,0,0,0,0,0,0,0,0,0,0,0,0,0,0,0,0,0,0,0,0,0,0,0,0,0,0,0,0,0,0,0,0,0,0,0,0,0,0,0,0,0,0,0,0,0,0,0,0,0,0,0,0,0,0,0,0,0,0,0,0,0,0,0,0,0,0,0,0,0,0,0,0,0,0,0,0,0,0,0,0,0,0,0,0,0,0,0,0,0,0,0,0,0,0,0,0,0,0,0,0,0,0,0,0,0,0,0,0,0,0,0,0,0,0,0,0,0,0,0,0,0,0,0,0,0,0,0,0,0,0,0,0,0,0,0,0,0,0,0,0,0,0,0,0,0,0,0,0,0,0,0,0,0,0,0,0,0,0,0,0,0,0,0,0,0,0,0,0,0,0,0,0,0,0,0,0,0,0,0,0,0,0,0,0,0,0,0,0,0,0,0,0,0,0,0,0,0,0,0,0,0,0,0,0,0,0,0,0,0,0,0,0,0,0,0,0,0,0,0,0,0,0,0,0,0,0,0,0,0,0,0,0,0,0,0,0,0,0,0,0,0,0,0,0,0,0,0,0,0,0,0,0,0,0,0,0,0,0,0,0,0,0,0,0,0,0,0,0,0,0,0,0,0,0,3,0,0,0,0,0,0,0,0,0,0,0,0,0,0,0,0,0,0,0,0,0,0,0,0,0,0,0,0,0,0,0,0,0,0,0,0,0,0,0,0,0,0,0,0,0,13,0,0,0,0,0,0,0,0,0,0,0,0,0,0,0,0,0,0,0,0,0,0,0,0,0,11,0,0,0,0,0,0,0,0,0,0,0,0,0,0,0,0,0,0,0,0,0,0,0,0,0,0,0,0,0,0,0,0,0,0,0,0,0,0,0,0,0,0,0,0,0,0,0,0,0,0,0,0,0,0,0,0,0,0,0,0,0,0,0,0,0,0,0,0,8,0,0,0,0,0,0,0,0,0,0,0,0,0,0,0,0,0,0,0,0,0,0,0,0,0,0,0,0,0,0,0,0,0,0,0,0,0,0
"D441",0,0,0,0,0,0,0,0,0,0,0,0,0,0,0,0,0,0,0,0,0,0,0,0,0,0,0,0,0,0,0,0,0,0,0,0,0,0,0,0,0,0,0,0,0,0,0,0,0,0,0,0,0,0,0,0,0,0,0,0,0,0,0,0,0,0,0,0,0,0,0,0,0,0,0,0,0,0,0,0,0,0,0,0,0,0,0,0,0,0,0,0,0,0,0,0,0,0,0,0,0,0,0,0,0,0,0,0,0,0,0,0,0,0,0,0,0,0,0,0,0,0,0,0,0,0,0,0,0,0,0,0,0,0,0,0,0,0,0,0,0,0,0,0,0,0,0,0,0,0,0,0,0,0,0,0,0,0,0,0,0,0,0,0,0,0,0,0,0,0,0,0,0,0,0,0,0,0,0,0,0,0,0,0,0,0,0,0,0,0,0,0,0,0,0,0,0,0,0,0,0,0,0,0,0,0,0,0,0,0,0,0,0,0,0,0,0,0,0,0,0,0,0,0,0,0,0,0,0,0,0,0,0,0,0,0,0,0,0,0,0,0,0,0,0,0,0,0,0,0,0,0,0,0,0,0,0,0,0,0,0,0,0,0,0,0,0,0,0,0,0,0,0,0,0,0,0,0,0,0,0,0,0,0,0,0,0,0,0,0,0,0,0,0,0,0,0,0,0,0,0,0,0,0,0,0,0,0,0,0,0,0,0,0,0,0,0,0,0,0,0,0,0,0,0,0,0,0,0,0,0,0,0,0,0,0,0,0,0,0,0,0,0,0,0,0,0,0,0,0,0,0,0,0,0,0,0,0,0,0,0,0,0,0,0,0,0,0,0,0,0,0,0,0,0,0,0,0,0,0,0,0,0,0,0,0,0,0,0,0,0,0,0,0,0,0,0,0,0,0,0,0,0,0,0,0,0,0,0,0,0,0,0,0,0,0,0,0,0,0,0,0,0,0,0,0,0,0,0,0,0,0,0,0,0,0,0,0,0,0,0,0,0,0,0,0,0,0,0,0,0,0,0,0,0,0,0,0,0,0,0,0,0,0,0,0,0,0,0,0,0,0,0,0,0,0,0,0,0,0,0,0,0,0,0,0,0,0,0,0,0,0,0,0,0,0,0,0,0,0,0,0,0,0,0,0,0,0,0,0,0,0,0,0,0,0,0,0,0,0,0,0,0,0,0,0,0,0,0,0,0,0,0,0,0,0,0,0,0,0,0,0,0,0,0,0,0,0,0,0,0,0,0,0,0,0,0,0,0,0,0,0,0,0,0,0,0,0,0,0,0,0,0,0,0,0,0,0,0,0,0,0,0,0,0,0,0,0,0,0,0,0,0,0,0,0,0,0,0,0,0,0,0,0,0,0,0,0,0,0,0,0,0,0,0,0,0,0,0,0,0,0,0,0,0,0,0,0,0,0,0,0,0,0,0,0,0,0,0,0,0,0,0,0,0,0,0,0,0,0,0,0,0,0,0,0,0,0,0,0,0,0,0,0,0,0,0,0,0,0,0,0,0,0,0,0,0,0,0,0,0,0,0,0,0,0,0,0,0,0,0,0,0,0,0,0,0,0,0,0,0,0,0,0,0,0,0,0,0,0,0,0,0,0,0,0,0,0,0,0,0,0,0,0,0,0,0,0,0,0,0,0,0,0,0,0,0,0,0,0,0,0,0,0,0,0,0,0,0,0,0,0,0,0,0,0,0,0,0,0,0,0,0,0,0,0,0,0,0,0,0,0,0,0,0,0,0,0,0,0,0,0,0,0,0,0,0,0,0,0,0,0,0,0,0,0,0,0,0,0,0,0,0,0,0,0,0,0,0,0,0,0,0,0,0,0,0,0,0,0,0,0,0,0,0,0,0,0,0,0,0,0,0,0,0,0
"D442",0,0,0,0,0,0,0,0,0,0,0,0,0,0,0,0,0,0,0,0,0,0,0,0,0,0,0,0,0,0,0,0,0,0,0,0,0,0,0,0,0,0,0,0,0,0,2,0,0,0,0,0,0,0,0,0,0,0,0,0,0,0,0,0,0,0,2,0,0,0,0,0,0,0,0,0,0,0,3,0,0,0,0,0,0,0,0,0,2,0,0,0,0,0,0,0,0,0,0,0,0,0,0,0,0,0,0,0,0,0,0,0,0,0,671,0,0,0,0,0,0,12,0,0,0,0,0,0,0,0,0,0,0,0,0,0,0,0,0,0,0,0,0,0,0,0,0,0,0,0,0,0,0,0,0,0,0,0,0,0,0,0,0,0,0,0,0,0,0,0,0,0,0,0,0,0,0,0,0,0,0,0,0,0,0,0,18,0,0,0,0,0,0,0,0,0,0,0,0,0,0,0,0,0,0,0,0,0,0,0,0,0,0,0,0,0,0,0,0,0,0,0,0,0,0,0,0,0,0,0,0,0,0,0,0,0,0,0,0,0,0,0,0,0,0,0,0,0,0,0,0,0,0,0,0,0,0,0,0,0,0,0,0,0,22,0,0,0,0,0,0,0,0,7,0,0,0,0,0,0,0,0,0,0,0,0,0,0,0,0,0,0,0,0,0,0,0,0,0,0,0,0,0,0,0,0,0,0,0,0,11,0,0,0,2,0,0,0,0,0,0,0,0,0,0,0,0,0,0,0,0,0,0,0,0,0,0,0,0,0,0,0,0,0,0,0,0,0,0,0,0,0,0,0,0,0,0,0,0,0,0,1610,0,0,0,0,0,0,0,0,0,0,0,2,0,0,0,0,0,0,0,0,0,0,0,0,0,0,0,0,0,0,0,0,0,0,28,18,0,0,0,0,0,4,0,9,0,0,0,302,0,0,0,0,0,0,0,0,0,0,0,0,0,0,0,0,0,0,0,0,0,0,0,0,0,0,0,0,0,0,0,0,0,0,0,0,0,0,0,0,0,0,0,0,0,0,0,0,0,0,0,0,0,0,0,0,0,0,0,0,0,0,0,0,0,0,0,0,0,0,0,0,0,0,0,0,0,0,0,0,0,0,0,0,0,0,0,0,0,0,0,0,0,0,0,0,0,0,0,0,0,0,0,0,0,0,0,0,0,0,0,0,0,0,0,0,0,0,0,2,0,0,0,0,0,0,0,0,0,5,0,0,0,0,0,0,0,0,0,0,0,0,0,0,0,1970,330,0,0,0,0,0,0,0,0,0,0,0,0,0,0,0,0,0,0,0,0,0,0,0,0,0,0,0,0,0,0,0,0,0,0,0,0,29,0,0,0,0,0,0,0,0,0,0,0,0,0,0,0,4,3,0,0,0,0,0,0,0,0,0,0,0,0,0,0,0,0,0,0,0,0,0,0,0,0,0,0,0,0,0,0,0,0,0,0,0,0,0,0,0,0,0,0,0,0,0,0,0,0,7,0,0,0,0,0,0,0,6409,0,0,0,0,0,5,0,0,0,0,0,0,0,0,0,1,0,0,0,0,0,2,1,0,0,0,0,0,0,0,0,0,0,0,0,0,0,0,0,0,0,0,0,0,0,0,0,0,0,0,0,0,0,0,0,0,2,0,0,0,0,0,0,0,0,0,0,0,0,0,0,0,0,0,0,0,0,0,0,0,0,0,0,0,0,0,0,0,0,0,0,0,0,0,0,0,0,0,0,0,0,0,0,0,0,0,0,0,0,0,0,0,0,0,0,10,0,0,0,0,0,0,0,0,0,0,0,0,0,0,0,0,0,0,0,0,0,0,0,0,0,0,0,0,0,0,0,0,0,0,0,0,0,0,0,0,2,0,0,0,0,0,0,0,0,0,0,0
"D443",0,0,0,0,0,0,0,0,0,0,0,0,0,0,0,0,0,0,0,0,0,0,0,0,0,0,0,0,0,0,0,0,0,0,0,0,0,0,0,0,0,0,0,0,0,0,0,0,0,0,0,0,0,0,0,0,0,0,0,0,0,0,0,0,0,0,0,0,0,0,0,0,0,0,0,0,0,0,0,0,0,0,0,0,0,0,0,0,0,0,0,0,0,0,0,0,0,0,0,0,0,0,0,0,0,0,0,0,0,0,0,0,0,0,0,0,0,0,0,0,0,0,0,0,0,0,0,0,0,0,0,0,0,0,0,0,0,0,0,0,0,0,0,0,0,0,0,0,5,0,0,0,0,0,0,0,0,0,0,0,0,0,0,0,0,0,0,0,0,0,0,0,0,559,0,0,0,0,0,0,0,0,0,0,0,0,0,0,0,0,0,0,0,0,0,0,0,0,0,0,0,0,0,0,0,0,0,0,0,0,0,0,0,0,0,0,0,0,0,0,0,0,0,0,0,0,0,0,0,0,0,0,0,0,0,0,0,0,0,0,0,0,0,0,0,0,0,0,0,0,0,0,0,0,0,0,0,0,0,0,0,0,0,0,0,0,0,0,0,0,0,0,0,0,0,0,0,0,0,0,0,0,0,0,0,0,0,0,0,0,0,0,0,0,0,0,0,0,0,0,0,0,0,0,0,0,0,0,0,0,0,0,0,0,0,0,0,0,0,0,0,0,0,0,0,0,0,0,0,0,0,0,0,0,0,0,0,0,0,0,0,0,0,0,0,0,0,0,0,0,0,0,0,0,0,0,0,0,0,0,0,0,0,0,0,0,0,218,0,0,0,0,0,0,0,0,0,0,0,0,0,0,0,0,0,0,0,0,0,0,0,0,0,0,0,0,0,0,0,0,0,0,0,0,0,0,0,0,0,0,0,0,0,0,0,0,0,0,0,0,0,0,0,0,0,0,0,0,0,0,0,0,0,0,0,0,0,0,0,0,0,0,0,0,0,0,0,0,0,0,0,0,0,0,0,0,0,0,0,0,0,0,0,0,0,0,0,0,0,0,0,0,0,0,0,0,0,0,0,0,0,0,0,0,0,0,0,0,0,0,0,0,0,0,0,0,0,0,0,0,0,0,0,0,0,0,0,0,0,0,0,0,0,0,0,0,0,0,0,0,0,0,0,0,0,0,0,0,0,0,0,0,0,0,0,0,0,0,0,441,0,0,0,0,0,0,0,0,0,0,0,0,0,0,0,0,0,0,0,0,0,0,0,0,0,0,0,0,0,0,0,0,0,0,0,0,0,0,0,0,0,0,0,0,0,0,0,0,0,0,0,0,0,0,0,0,0,0,0,0,0,0,0,0,0,0,0,0,0,0,0,0,0,0,0,0,0,0,0,0,0,0,0,0,0,0,0,0,0,0,0,0,0,0,0,0,0,0,0,0,0,0,0,0,0,0,0,0,0,0,0,0,0,0,0,0,0,0,0,0,0,0,0,0,0,0,0,0,0,0,0,0,0,0,0,0,0,0,0,0,0,0,0,0,0,0,0,0,0,0,0,0,0,0,0,0,0,0,0,0,0,0,0,0,0,0,0,0,0,0,0,0,0,0,0,0,0,0,0,0,0,0,0,0,0,0,0,2162,0,0,0,0,0,0,0,0,0,0,0,0,0,0,0,0,0,0,0,0,0,0,0,0,0,0,0,0,0,0,0,0,0,0,0,0,0,0,0,0,0,0,0,0,0,0,0,0,0,0,0,0,0,0,0,0,0,0,0,0,0,0,0,0,0,0,0,0,0,0,0,0,0,0,0,0,0,0,0,0,0,0,0,0,0,0,0,0,0,0,0,0,0,0,0,0,0,0,0,0,0,0,0,0,0,0,0,0
"D444",0,11,0,12,0,0,0,2,0,0,13,0,0,0,42,0,4,0,10,0,0,120,0,0,346,25,0,9,0,0,0,0,0,0,11,0,347,0,0,0,0,0,0,1,387,0,0,0,0,0,14,0,22,4,4,15,0,0,0,0,0,0,0,43,0,0,0,2,0,0,0,0,0,0,11,3,0,0,0,0,10,4,0,0,8,19,0,5,31,0,0,0,0,11,0,0,39,0,0,27,2,8,0,146,50,0,0,0,0,0,0,129,5,0,0,0,0,0,14,0,0,3,5,0,0,0,15,2,0,24,0,0,14,0,40,67,0,9,0,0,72,0,0,0,0,335,0,19,0,7,0,0,70,3,0,0,0,0,5,0,18,0,0,3,48,27,109,0,0,0,0,51,0,0,0,0,5,0,0,0,13,0,0,14,0,0,0,5,0,0,2,0,0,0,0,0,0,3,12,0,4,0,0,0,0,0,0,29,43,0,85,10,32,0,0,27,0,3,2,3,0,59,23,66,0,4,0,5,0,0,0,0,5,0,0,0,0,0,100,29,0,27,154,0,1,11,0,0,8,0,0,0,0,0,0,2,31,0,0,0,0,0,0,0,0,1,0,0,4,13,19,0,2,8,2,5,25,0,0,0,42,0,0,0,0,0,0,34,0,0,0,4,0,13,0,0,0,0,8,42,0,0,0,0,0,0,2,6,17,7,0,2,0,24,0,3,0,0,9,1,0,0,42,4,0,6,0,4,0,0,2,0,0,14,0,0,0,3,0,0,0,3,0,0,232,48,0,8,0,0,0,0,0,0,41,4,0,14,0,0,0,0,0,5,0,0,3,0,0,9,38,0,4,0,0,43,0,0,3,0,20,0,0,0,32,0,19,0,0,53,0,0,0,0,4,0,0,129,0,2,0,0,0,0,0,0,0,5,0,0,74,5,0,0,0,12,54,0,0,0,35,0,0,34,0,0,0,0,0,2,7,0,0,19,5,0,0,0,0,0,0,26,0,0,0,0,0,0,0,0,63,0,6,0,8,6,0,0,0,0,0,43,36,42,106,53,0,22,0,0,0,131,2,16,0,0,0,0,3,0,0,44,0,3,0,0,0,0,0,0,18,0,0,0,0,0,0,0,38,0,4,17,40,0,0,4,32,0,17,0,0,132,0,0,0,0,0,0,0,0,0,5,0,0,2,0,0,0,40,65,0,0,0,166,2,1,3,0,0,0,0,0,46,3,39,7,2,0,750,0,3,0,0,0,2,0,0,14,0,0,2,0,1,0,0,0,0,0,11,0,2,0,0,0,52,42,0,0,0,6,0,0,4,6,0,11,4,0,213,37,0,0,0,0,0,4,0,0,0,6,0,0,1146,0,0,14,0,0,0,0,0,0,0,39,1,7,0,1,48,0,0,0,4,10,0,0,5,0,0,0,0,0,0,0,6,0,0,44,5,0,0,88,0,1,0,0,22,0,0,3,0,1,3,0,0,720,0,0,15,0,0,0,0,0,0,0,4,0,0,0,25,0,3,0,20,62,0,0,2,3,0,0,0,0,19,0,0,6,0,0,0,2,0,0,0,3,0,624,0,4,3,5,0,15,0,2,0,0,0,63,0,14,48,0,0,0,0,15,0,37,7,0,12,0,0,0,24,0,0,25,318,132,0,175,0,0,11,20,0,0,0,28,0,0,0,0,0,0,26,0,12,0,60,0,0,0,207,0,14,0,0,0,0,10,0,0,0,0,0,0,36,0,102,0,0,0,0,0,0,36,0,2,167,0,0,0,11,2,2,0,0,0,0,4,0,428,17,0,43,0,0,0,0,9,0,17,0,2,32,4,0,0,176,6,0,0,0,0,0,2,0,3,1,0,0,222,0,0,2,0,0,0,5,0,0,0
"D445",0,0,0,0,0,0,0,0,0,0,0,0,0,0,0,0,0,0,0,0,0,0,0,0,0,0,0,0,0,0,0,0,0,0,0,0,0,0,0,0,0,0,0,0,0,0,0,0,0,0,0,0,0,0,0,0,0,0,0,0,0,0,0,0,0,0,0,0,0,0,0,0,0,0,0,0,0,0,0,0,0,0,0,0,0,0,0,0,0,0,0,0,0,0,0,0,0,0,0,0,0,0,0,0,0,0,0,0,0,0,0,0,0,0,0,0,0,0,0,0,0,0,0,0,0,0,0,0,0,0,0,0,0,0,0,0,0,0,0,0,0,0,0,0,0,0,0,0,2,0,0,0,0,0,0,0,0,0,0,0,0,0,0,0,0,0,0,0,0,0,0,0,0,0,0,0,0,0,0,0,0,0,0,0,0,0,0,0,0,0,0,0,0,0,0,0,0,0,0,0,0,0,0,0,0,0,0,0,0,0,0,0,0,0,0,0,0,0,0,0,0,0,0,0,0,0,0,0,0,0,0,0,0,0,0,0,0,0,0,0,0,0,0,0,0,0,0,0,0,0,0,0,0,0,0,0,0,0,0,0,0,0,1,0,0,0,0,0,0,0,0,0,0,0,0,0,0,0,0,0,0,0,0,0,0,0,0,0,0,0,0,0,0,0,0,0,0,0,0,0,0,0,0,0,0,0,0,0,0,0,0,0,0,0,0,0,0,0,0,0,0,0,0,0,0,0,0,0,0,0,0,0,0,0,0,0,0,0,0,0,2,0,0,0,0,0,0,0,0,0,0,0,0,0,0,0,0,0,0,0,0,0,0,0,0,0,0,0,0,0,0,0,0,0,0,0,0,0,0,0,0,0,0,0,0,0,0,0,0,0,0,0,0,0,0,0,0,0,0,0,0,0,0,0,0,0,0,0,0,0,0,0,0,0,0,0,0,0,17,0,0,0,0,0,0,0,0,0,0,0,0,0,0,0,0,0,0,0,0,0,0,0,0,0,0,0,0,0,0,0,0,0,0,0,0,0,0,0,0,0,0,0,0,0,0,0,0,0,0,0,0,0,0,0,0,0,0,0,0,0,0,0,0,0,0,0,0,0,0,0,0,0,0,0,0,0,0,0,0,0,0,0,0,0,0,0,0,0,0,0,0,0,0,0,0,0,0,0,0,0,0,0,0,0,0,0,0,0,0,0,0,0,0,0,0,0,0,0,0,2,0,0,0,0,0,0,0,0,0,0,0,0,0,0,0,0,0,0,0,0,0,0,0,0,0,0,0,0,0,0,0,0,0,0,0,0,0,0,0,0,0,0,0,0,0,0,0,0,0,0,0,0,0,0,0,0,0,0,0,0,0,0,0,0,0,0,0,0,0,2,0,0,0,0,0,0,0,0,0,0,0,0,0,0,0,0,0,0,0,0,0,0,0,0,0,0,0,0,0,0,0,0,0,0,0,0,0,0,0,0,0,0,0,0,0,0,0,0,0,0,0,0,0,0,0,0,0,0,0,0,0,0,0,0,0,0,0,0,0,0,0,0,0,0,0,0,0,0,0,0,0,0,0,0,0,0,0,0,0,0,0,0,0,0,0,0,0,0,0,0,0,0,0,0,0,0,0,0,0,0,0,0,0,0,0,0,0,0,0,0,0,0,0,0,0,0,0,0,0,0,0,0,0,0,0,0,0,0,0,0,0,0,0,0,0,0,0,0,0,0,0,0,0,0,0,0,0,0,0,0,0,0,0,0,0,0,0,0,0,0,0,0,0,0,0,0,0,0,0,0,0,0,0,0,0,0,0,0,0,0,0,0,0,0,0,0,0,0,0,0,0,0,0,0,0,0,0,0,0,0,0,0,0,0,0,0,0,0,0,0,0,0,0,0,0,0
"D446",0,0,5,70,14,0,0,0,0,0,0,2,0,0,3,0,8,0,0,15,0,0,1,0,46,0,7,0,0,0,0,0,0,0,7,0,5,0,139,0,0,2,0,0,39,0,3,2162,0,0,2,0,2,0,20,0,10,0,14,0,0,28,2,10,0,0,0,159,6,1,0,54,153,2,12,0,0,0,0,0,0,0,101,0,4,10,0,154,0,16,0,0,0,0,0,4,38,70,39,0,0,0,2,4,124,0,0,282,24,0,0,10,4,0,402,43,16,100,0,0,0,10,3,0,0,6,0,23,0,0,2,0,23,0,0,101,0,51,265,20,11,0,0,0,12,0,0,3,0,0,0,3,5,0,0,3,0,0,0,120,38,27,0,188,0,0,2,12,2,0,0,2387,0,0,0,0,0,5,0,0,4,3,0,4,0,0,6,0,0,115,5,0,0,0,0,25,20,0,0,15,6,0,0,0,0,0,5,28,0,0,0,0,2,114,0,0,0,54,34,3,2,1,16,0,0,0,3,18,3,0,0,5,0,0,0,0,2,0,2,57,0,0,0,0,0,0,67,115,0,96,52,2,0,0,0,0,12,51,0,15,4,12,19,132,19,2,0,0,0,0,0,0,21,0,0,3,6,2,16,0,7,0,2,0,0,0,0,11,0,6,0,0,0,0,14,2,0,0,0,17,0,0,0,0,0,0,0,0,20,74,53,4,0,3,0,0,2,0,2,2,2,130,0,0,31,0,2,0,0,8,271,1,0,8,3,0,0,0,0,0,0,8,114,0,0,0,13,43,1,19,47,0,0,0,3,86,6,116,0,0,0,0,0,2,0,0,0,0,0,0,4,1,5,0,4,8,0,0,0,0,3,0,0,0,0,5,4,0,0,0,1,0,0,0,0,3,11,6,0,10,3,0,0,3,0,0,14,0,0,0,0,60,10,4,0,5,0,0,74,0,3,5,0,9,0,20,0,0,0,45,12,0,0,8,1,0,0,23,0,0,0,7,0,0,6,0,4,0,0,0,2,0,0,0,0,0,0,0,0,0,0,0,0,13,0,0,25,0,0,0,6,0,606,200,0,0,1,9,0,0,0,77,0,64,5,32,0,0,13,0,22,1,0,7,11,0,10,0,0,0,0,8,1,43,0,22,33,0,23,0,0,5,0,0,281,0,0,0,0,0,0,0,0,0,8,6,0,0,0,18,0,0,6,0,46,0,16,25,111,0,0,0,48,16,148,0,0,0,27,0,0,0,0,7,0,797,0,0,10,9,66,5,0,0,8,54,0,0,3,0,0,0,0,3,2,0,0,972,0,4,0,0,0,2,0,3,6,19,0,17,0,3,0,0,0,20,294,0,0,0,215,0,28,0,0,0,18,0,0,0,0,2,0,5,133,0,0,0,6,23,0,0,56,0,0,0,21,211,20,0,0,0,0,0,79,21,3,0,7,0,0,4,0,0,13,0,2,7,0,0,3,14,30,0,0,10,0,0,411,153,0,0,0,0,0,720,0,230,7,0,0,0,0,0,11,10,0,5,10,26,24,0,13,6,6,2,0,30,0,28,11,0,116,0,2,0,51,33,0,3,0,0,0,0,8,5,0,0,64,0,0,3,0,116,0,0,0,10,0,0,5,0,0,0,43,0,0,0,0,0,75,27,0,0,0,13,2,0,0,0,0,0,0,0,0,0,4,11,0,0,0,0,2,7,0,0,1,315,0,0,0,0,89,1687,0,4,0,67,11,0,0,0,32,0,144,15,0,2,1,0,3,4,30,0,9,6,0,0,0,0,0,8,0,5,1,0,44,0,7,0,11,16,0,0,0,0,0,0,10,21,17,4,4,3,0,591,0,23,0,0,0,53,7,16,0,23,0,0,54,20,0,0,0,0,2,0
"D447",0,0,0,0,0,0,0,0,0,2990,0,0,0,0,0,0,0,0,0,0,0,0,0,0,0,0,0,0,0,0,0,0,0,0,0,0,0,0,0,0,0,0,0,0,0,0,0,0,0,0,0,0,0,0,0,0,0,0,0,0,0,0,0,0,0,0,0,0,0,0,0,0,0,0,0,0,0,0,0,0,0,0,0,0,0,0,0,0,0,0,0,0,0,0,787,0,0,0,0,0,0,0,0,0,0,0,0,0,0,0,0,0,0,0,0,0,0,0,0,0,0,0,0,0,0,0,0,0,0,0,0,0,0,0,0,0,0,0,0,0,0,0,0,0,0,0,0,0,0,0,0,0,0,0,0,0,0,0,0,0,0,0,0,3,0,0,0,0,0,0,0,0,0,0,0,0,0,0,0,0,0,0,0,0,0,0,0,0,0,0,0,0,0,0,0,0,0,0,0,0,0,0,0,0,0,0,0,0,0,0,0,0,0,0,0,0,0,0,0,0,0,0,0,0,0,0,0,0,0,0,440,0,0,0,0,0,0,0,0,0,0,0,0,0,0,0,0,0,0,0,0,0,0,1,0,0,0,0,0,0,0,0,0,0,0,0,0,0,0,0,0,0,0,0,0,0,0,0,0,0,0,0,0,0,0,0,0,0,0,0,0,0,0,0,0,0,0,0,0,0,0,0,0,0,0,0,0,0,0,0,0,0,0,0,0,0,0,0,0,0,0,0,0,0,0,0,0,0,0,0,0,0,0,0,0,0,0,0,0,0,0,0,0,3,0,0,0,0,0,0,0,0,0,0,0,0,0,0,0,352,0,0,0,0,0,0,0,0,0,0,0,0,0,0,0,0,0,0,0,0,0,0,0,0,0,0,0,0,0,0,0,0,0,0,0,0,0,0,0,4,0,0,0,2,0,0,0,0,0,0,0,0,0,0,0,0,0,0,0,0,0,0,0,0,0,0,0,0,0,0,0,0,0,0,0,0,0,0,0,0,0,0,0,0,0,0,0,0,0,0,0,0,0,0,0,0,0,0,13,0,0,0,0,0,0,0,3,0,0,0,0,0,0,0,0,0,0,0,0,0,0,0,0,0,0,0,0,0,0,0,0,0,0,0,0,0,0,0,0,0,0,0,0,0,0,0,0,0,0,0,0,0,0,0,0,0,0,0,0,0,0,0,0,0,0,0,0,0,0,0,0,48,0,0,0,0,0,0,0,0,0,0,0,0,0,0,0,0,0,0,0,0,0,0,0,0,0,0,0,0,0,0,0,0,0,0,0,0,0,0,0,0,0,0,0,0,0,0,0,0,0,0,0,0,0,0,0,0,0,0,0,0,0,0,0,0,0,0,0,0,0,0,0,0,0,0,0,0,0,0,0,0,0,0,0,0,0,0,0,0,0,0,0,0,0,0,0,0,0,12,100,0,0,0,0,0,0,0,0,0,20,0,0,0,0,22,0,2,0,0,0,0,0,0,0,0,0,0,0,0,0,0,0,0,0,0,0,0,0,0,0,0,0,0,0,0,0,0,0,0,0,0,0,0,0,0,0,0,0,0,0,0,0,0,0,0,0,0,0,0,0,0,0,0,0,0,0,0,0,0,0,0,0,0,0,0,0,0,0,0,0,0,0,0,0,0,0,800,0,0,0,0,0,0,0,0,0,0,0,0,0,0,0,0,0,0,0,0,0,0,0,0,0,0,0,0,0,0,0,0,0,0,0,0,0,0,0,0,0,0,0,0,0,0,0,0,0,0,0,0,0,0,0,0,2,0,0,0,0,0,0,0,0,0,0,0,0,5681,0,0,0,0,0,0,0,0,0,0,0,0,0,0,0,0,0,0,0,0,0,0,0,0,0,0,0,0,0,0,0,0,0,0,0,0,0,0
"D448",2,0,7,447,614,0,1,0,0,0,0,17,0,0,0,0,0,0,0,0,0,0,0,0,0,0,0,0,0,0,0,0,0,0,0,0,0,0,0,0,181,0,0,0,0,25,0,0,17,0,0,0,0,0,0,0,0,0,0,0,0,3,0,0,0,0,0,0,0,0,0,0,0,0,0,0,0,0,0,0,0,0,0,0,0,0,0,0,0,0,0,0,0,0,0,0,0,0,0,0,0,0,0,0,0,0,0,0,0,0,0,0,0,0,0,0,0,0,0,0,0,0,0,0,0,222,0,0,0,0,0,0,0,0,0,0,0,0,0,0,0,0,0,0,0,0,0,0,0,4,0,0,0,0,0,0,354,0,0,0,0,431,0,0,0,0,0,0,0,0,0,0,0,0,0,0,0,2,0,0,0,0,0,0,0,0,0,0,0,0,0,0,0,0,0,0,0,0,0,0,0,0,0,1,0,0,0,4,0,0,0,0,0,0,0,0,0,0,0,0,64,0,0,0,0,0,29,0,1,0,0,0,0,0,0,0,0,0,0,0,0,0,0,0,0,0,0,0,0,0,273,5,0,0,0,0,0,0,0,0,12,0,0,0,0,0,0,0,0,0,0,0,0,0,0,0,0,0,0,0,0,3,0,0,0,0,0,0,0,0,0,0,0,0,0,0,0,0,0,23,0,0,0,0,0,0,0,0,0,0,0,0,0,0,0,0,0,0,76,0,0,0,0,0,0,0,0,0,0,0,0,0,0,0,0,0,0,7,0,0,3,0,0,0,0,0,0,0,0,0,0,0,0,0,0,0,0,0,0,0,0,0,0,0,0,0,0,0,0,0,0,0,0,0,0,0,0,0,0,0,0,0,0,0,0,0,0,0,0,0,0,0,0,0,0,0,0,0,0,0,0,0,0,2,0,0,0,0,0,0,0,0,0,0,0,0,0,0,0,0,0,0,0,0,0,0,0,0,0,0,337,0,0,0,0,0,0,0,0,0,0,0,35,0,0,0,0,0,0,0,0,0,0,0,0,0,0,0,0,0,0,0,0,0,0,0,0,0,0,9,0,9,0,0,0,0,0,0,0,0,0,2358,0,14,0,0,0,0,5,0,0,0,0,0,0,20,0,0,0,0,0,0,0,0,0,0,0,0,0,0,0,0,0,0,4,6,0,2,0,0,0,0,0,0,0,0,0,0,0,0,0,0,0,0,0,0,0,0,0,0,0,0,0,0,0,0,0,0,0,0,0,0,0,0,0,0,0,0,13,0,0,0,0,0,0,0,0,0,0,0,0,153,0,0,0,0,0,0,0,0,0,0,0,0,0,0,0,0,0,0,0,0,0,0,0,0,0,0,0,0,0,0,0,0,0,0,0,0,0,0,0,0,0,0,0,0,0,0,0,0,0,0,0,0,0,0,0,0,0,0,0,0,0,0,0,0,0,0,0,6,0,0,0,0,0,0,0,0,0,0,0,0,0,0,0,0,0,0,4,0,0,0,0,0,0,0,0,0,0,0,0,0,0,0,0,0,0,0,0,0,0,0,0,0,2,0,0,0,0,0,0,0,0,0,0,0,0,0,0,0,0,0,0,0,0,0,0,0,0,0,0,0,0,0,0,0,0,0,0,0,0,0,0,0,0,126,0,0,0,0,0,0,0,0,0,0,0,0,0,0,0,0,0,0,0,0,0,0,0,0,0,0,0,0,0,0,0,0,0,0,0,0,0,0,113,0,0,0,0,0,0,0,0,0,0,0,0,0,1,0,0,0,0,0,0,2,0,0,0,0,0,0,0,0,226,0,54,0,0,0,0,0,0,0,0,0,0,0,0,0,0,0,0,0,0,0,0,0,0,0,364,0,0,0,0,1,0,0,0,0,0,0,0,2,14,0
"D449",0,0,0,0,0,0,0,0,0,0,0,0,0,0,0,0,0,0,0,0,0,0,0,0,0,0,0,0,8,0,0,0,0,0,0,0,0,0,0,0,0,0,0,0,0,0,3,193,0,0,0,0,0,0,0,7,0,0,10,0,0,0,0,0,493,0,0,0,0,0,0,0,0,0,0,0,0,0,4,0,0,0,12,0,0,15,0,0,0,15,0,0,0,0,0,0,0,0,0,0,0,18,0,0,0,0,0,17,0,0,0,0,0,0,155,0,0,0,0,0,5,5,0,0,0,0,26,0,0,0,0,0,28,0,0,0,0,0,0,124,6,0,0,0,0,0,0,0,11,0,0,0,0,0,0,0,3,0,0,0,0,0,0,0,0,0,0,0,0,0,0,86,0,0,0,0,0,0,0,0,0,0,0,0,0,0,0,0,0,15,0,9,0,0,0,11,29,0,7,0,0,0,0,0,0,0,0,9,0,0,0,0,0,0,0,0,10,0,0,0,0,0,0,0,0,0,0,0,0,0,0,0,0,0,0,5,0,0,0,0,0,0,0,0,0,0,0,4,0,108,0,0,0,3,7,0,0,0,0,0,0,0,23,0,1,0,0,0,0,0,0,0,0,48,0,0,0,0,0,0,0,0,26,0,0,0,0,0,0,0,0,0,0,0,0,0,0,33,0,0,0,0,0,0,0,0,0,0,13,0,4,0,0,0,20,13,0,0,0,0,0,0,0,0,0,0,0,0,0,0,0,0,0,0,9,0,0,0,0,0,25,0,0,0,0,0,0,0,0,0,0,0,0,0,0,6,0,0,0,0,0,64,0,0,2,0,0,0,0,0,10,0,0,0,0,0,0,0,0,0,0,0,0,0,0,0,0,0,0,0,0,0,0,0,0,0,0,8,0,6,0,0,0,4,0,0,2,0,0,6,0,0,0,0,0,0,0,0,3,0,0,0,0,0,0,0,0,0,0,0,0,0,0,0,0,0,0,0,0,0,0,0,0,0,0,0,2,0,0,0,0,0,0,0,0,0,0,0,0,0,0,0,0,0,0,0,15,0,0,0,0,0,67,17,0,0,0,15,0,0,0,0,0,9,6,0,0,11,0,0,0,0,0,0,0,3,0,0,0,3,0,0,0,0,0,0,0,0,0,0,0,0,0,0,0,0,0,0,0,0,0,0,0,0,0,0,0,0,0,0,0,0,0,0,0,0,0,0,0,0,0,0,0,0,0,0,0,0,0,0,0,0,0,7,0,7,0,42,0,0,0,0,0,0,4,0,0,0,0,0,0,0,0,0,0,0,0,0,0,0,0,0,0,13,0,0,0,0,0,0,0,0,0,66,0,0,48,8,0,0,0,0,0,0,0,0,0,0,0,0,11,0,0,0,25,0,0,0,0,0,13,0,73,0,0,0,0,0,0,0,0,0,0,0,5,27,0,0,0,0,0,0,0,0,0,0,0,0,0,0,0,0,0,0,0,0,0,0,0,0,0,0,0,0,0,0,0,1445,7,0,0,0,0,1,0,0,0,17,17,0,0,0,0,0,0,0,0,9,0,0,0,0,3,0,0,0,0,0,0,0,0,0,0,0,0,0,0,0,27,0,0,0,0,0,0,0,0,0,9,0,0,0,0,0,0,0,0,0,45,0,0,0,0,0,0,0,0,0,2,0,0,0,0,0,0,0,0,7,7,0,0,0,0,0,0,0,40,10,0,0,0,0,0,344,0,0,0,10,0,0,0,0,0,0,0,0,0,0,0,0,0,0,0,0,38,0,0,21,0,0,0,0,0,7,0,0,0,0,11,0,0,0,0,6,0,0,0,0,4,0,0,0,4,0,0,40,0,0,0,0,0,0,0,0,9,0,1,0,0,0,0,0,0,0,0,0
"D450",0,7,11,0,0,0,0,0,0,0,0,0,0,0,3,53,60,0,8,0,12,22,10,117,0,0,4,105,2,5,23,0,465,18,16,2,0,0,0,6,24,0,65,5,106,0,36,0,28,10,14,2,38,0,21,163,0,940,45,150,0,0,7,0,23,4,0,46,6,0,73,0,0,0,0,2,13,0,4,89,93,7,0,2,2,15,0,0,269,6,0,17,2,0,0,6,0,0,0,0,38,0,0,0,1,4,0,0,0,0,4,123,0,0,0,0,0,0,0,35,0,0,1,3,21,0,30,8,0,1,0,0,0,0,12,20,0,2,0,0,26,0,2,0,0,64,0,15,0,2,0,24,30,0,6,67,0,0,5,0,0,0,106,27,2,88,144,5,0,3,8,3,17,0,62,565,13,0,0,2,0,0,0,23,0,0,0,6,0,0,0,13,37,0,0,0,2,8,12,8,28,12,0,3,0,14,0,8,58,48,2,0,18,0,0,43,0,0,0,3,0,64,2,214,45,23,12,0,58,47,2,3,11,20,22,0,0,0,0,313,9,0,0,0,0,90,0,0,7,0,132,2,14,6,0,0,6,14,12,0,20,0,0,0,0,27,0,0,1,0,126,11,0,2,6,7,10,0,3,12,14,5,0,0,1,15,115,17,0,91,317,4,2,8,17,0,0,0,12,5,18,0,0,0,0,4,2,77,0,0,0,2,5,0,0,0,24113,54,0,101,16,0,0,0,0,0,0,0,0,0,0,0,0,32,39,4,997,14,0,24,0,3,4,0,0,5,17,44,0,0,4,0,36,1,12,0,0,0,0,0,15,0,5,8,0,0,130,0,49,2,87,56,2,0,12,35,1,21,3,3,0,25,10,43,4,3,86,24,0,30,74,0,0,0,99,3,0,246,0,15,25,0,0,0,0,11,2,3,0,0,43,327,0,0,7,39,238,5,112,44,22,0,18,17,45,180,90,0,0,0,0,0,3,9,3,4,0,24,1,0,1,8,0,18,6,0,0,0,450,0,9,1040,21,3,37,1,0,2,0,0,11,19,0,19,77,0,79,0,45,102,0,88,0,3,0,1,0,21,106,37,0,91,0,6,19,34,5,0,144,94,116,0,0,0,0,4,0,3,77,0,14,0,1,0,0,0,76,0,0,0,0,5,11,0,0,4,0,0,2,0,2,2,2,14,0,528,0,0,192,15,40,0,0,160,0,0,2,0,0,0,167,84,19,0,18,0,8,5,0,0,2,0,0,1,0,0,0,0,4,0,2,5,5,18,0,0,15,0,23,0,2,0,2,48,0,1,0,0,0,0,0,20,1,4,0,6,22,0,4,3,660,0,0,13,6,0,0,36,5,0,0,2,0,0,0,83,2,15,0,0,0,5,0,21,0,15,193,6,86,0,0,2,0,1,37,0,2,0,0,12,0,0,1908,0,0,33,2,13,0,50,0,52,0,61,0,0,78,112,0,3,14,17,0,0,187,0,0,0,22,0,79,4,11,4,45,0,3,0,0,0,0,0,19,0,58,18,0,6,20,89,0,0,0,0,0,0,0,0,22,12,0,150,0,0,0,22,0,1138,3290,0,1,9,0,10,55,4,0,19,0,152,0,65,17,0,25,0,27,0,3,19,19,72,8,0,0,39,82,0,52,15,124,103,13,216,4,0,5,8,0,202,0,8,11,0,0,4,0,0,21,2,20,0,12,7,0,0,57,0,38,0,44,36,7,0,0,0,4,0,0,59,6,0,96,0,0,0,5,0,5,1,5,2,128,0,2,4,14,0,9,8,8,21,37,3,0,0,0,103,10,5,0,0,0,0,0,6,0,6,0,0,0,0,0,19,0,0,31,0,3,26,0,0,0,0,58,807,17,1,0,8,0,0,2,0,0,0
"D451",0,0,0,0,0,0,0,0,0,0,0,0,0,0,0,0,0,0,0,0,0,0,0,0,0,0,0,0,0,0,0,0,0,0,0,0,0,11,0,0,0,0,0,0,0,0,0,0,0,0,0,0,0,0,0,0,0,0,0,0,0,0,0,0,0,0,0,0,0,0,0,0,0,0,0,0,0,0,0,0,0,0,0,0,0,0,0,0,0,0,0,0,0,0,0,0,0,0,0,0,0,0,0,0,0,0,0,0,0,0,0,0,0,0,0,0,0,0,0,0,0,0,0,0,0,0,0,0,0,0,0,0,0,0,0,0,0,0,0,0,0,76,0,0,0,0,0,0,0,0,0,0,0,0,0,0,0,2447,0,0,0,0,0,0,0,0,0,0,0,0,0,0,0,0,0,0,0,0,0,0,0,0,0,0,0,0,0,0,0,0,0,0,0,0,19,0,0,0,0,0,0,0,0,0,0,0,0,0,0,0,0,0,0,0,0,0,0,0,0,0,0,0,0,0,0,0,0,0,0,0,0,0,0,0,0,0,0,0,0,0,0,0,0,0,0,0,0,0,0,0,0,0,0,0,0,0,0,0,0,0,0,0,0,0,0,0,0,0,0,0,0,0,0,0,0,0,0,0,0,0,0,0,0,0,0,0,0,0,0,0,0,0,0,0,0,0,0,0,0,0,0,0,0,47,87,0,0,0,0,0,0,0,0,0,0,0,0,0,0,0,0,0,0,0,0,0,0,0,0,0,0,0,0,0,0,0,0,0,0,0,0,0,0,0,0,0,0,0,0,0,0,0,0,0,0,0,0,0,0,0,0,0,0,0,595,383,0,0,0,0,0,0,0,0,0,0,0,0,0,0,0,0,0,0,0,0,0,0,0,0,0,0,0,0,0,0,0,0,0,0,0,0,0,0,0,0,0,0,0,0,0,0,0,0,0,0,0,0,0,0,0,0,0,0,0,0,0,0,0,0,0,0,0,0,0,0,0,0,0,846,0,0,0,0,0,0,0,0,0,0,0,0,0,0,0,0,0,0,0,0,0,0,0,0,0,0,0,0,0,0,0,0,0,0,0,0,0,0,0,0,0,0,0,0,0,0,0,0,0,0,0,0,0,0,0,0,16,0,0,0,0,0,0,0,0,0,0,0,0,0,0,0,0,0,0,0,0,0,0,0,0,0,0,0,0,0,0,0,0,0,0,0,0,0,0,0,0,0,0,0,0,0,0,0,0,0,0,0,0,2,0,0,0,0,0,0,0,0,0,0,0,0,0,0,0,0,0,0,0,446,0,0,0,0,0,0,53,0,0,0,0,0,0,0,0,0,0,0,0,0,0,0,0,0,0,0,0,0,0,0,0,0,0,0,0,0,0,0,0,0,0,0,0,0,0,0,0,0,0,0,0,0,0,0,0,0,0,0,0,0,0,0,0,0,0,0,0,0,0,0,0,0,71,0,0,0,0,0,0,0,0,0,0,0,0,0,0,0,0,0,0,0,0,0,0,0,0,0,0,0,0,0,0,0,0,0,0,0,0,0,0,0,0,0,0,0,0,0,0,0,0,0,0,38,0,0,0,0,0,0,0,0,0,0,0,0,0,0,0,0,0,0,0,0,0,0,0,0,0,0,0,0,0,0,0,0,0,0,0,0,0,0,0,0,0,0,0,0,0,0,0,0,0,0,0,0,0,0,0,0,0,0,0,0,0,0,0,0,0,0,0,0,0,0,0,0,0,0,0,0,0,0,0,181,0,0,0,0,0,0,0,0,0,0,0,0,0,0,0,0,0,0,0,0,0,0,0,0,0,0,0,0,0,0,0,0,0,0,0,0,0,0,0,0,0,0,0,0,0,0,0,0,0,0,0,0,0,0,0,0,0,0,0,0,0,0
"D452",0,0,0,0,0,0,0,2,0,39,0,0,0,0,0,0,0,0,0,0,0,0,0,0,0,0,0,0,0,4,0,0,0,0,0,0,0,0,0,0,0,0,0,0,0,0,0,1,0,0,0,0,0,0,0,0,0,0,0,0,0,0,0,0,0,0,0,0,0,0,0,0,0,0,0,0,0,0,0,0,0,0,0,83,0,0,0,0,0,0,0,0,0,0,7,0,0,0,0,0,0,0,0,0,0,0,0,0,0,0,0,0,0,0,0,0,0,0,0,0,0,0,0,0,0,0,0,0,0,0,0,0,0,0,0,0,0,0,0,0,0,0,27,0,0,0,0,0,0,0,0,0,0,0,0,0,0,0,0,0,0,0,0,0,0,0,0,0,0,0,0,0,0,0,0,0,0,0,0,0,0,0,0,0,0,0,0,0,0,0,0,0,0,0,0,0,0,0,0,0,0,0,0,0,0,0,0,0,0,0,0,0,0,0,0,0,0,0,0,0,0,0,0,0,0,0,0,0,0,0,0,0,0,0,0,0,0,0,0,0,0,0,0,0,0,0,0,0,0,0,3,0,0,0,0,0,0,0,0,0,0,0,0,0,0,0,0,0,0,0,0,0,0,0,0,0,0,0,0,0,0,0,0,0,0,0,0,0,0,0,0,0,0,0,0,0,0,0,0,0,0,0,0,0,0,0,0,0,0,7,0,0,0,0,51,0,0,0,0,0,0,0,0,0,0,0,0,0,0,0,0,0,0,0,0,0,0,0,0,0,0,0,0,0,0,0,0,0,0,0,0,0,0,0,0,0,0,0,0,412,0,0,0,0,0,0,0,0,0,0,0,0,0,0,0,0,0,0,0,0,0,0,0,0,0,0,0,0,0,0,0,0,0,0,0,0,0,0,0,0,0,0,0,0,0,0,0,0,0,0,0,0,0,0,0,0,0,0,1,0,0,0,0,0,0,3,0,0,0,0,0,0,0,0,0,0,0,0,0,0,0,0,0,0,0,0,0,3,0,0,0,0,0,0,0,0,0,0,47,0,0,0,0,0,0,0,0,0,0,0,0,0,0,0,0,0,0,17,0,0,0,0,0,3,0,10,0,0,0,0,0,0,0,0,0,0,0,0,0,2,0,0,0,0,0,0,0,0,0,0,0,0,0,0,0,0,0,0,0,0,0,0,0,0,0,0,0,0,0,0,0,0,0,0,0,0,0,0,0,0,0,0,0,0,0,0,0,0,0,0,0,0,0,0,0,0,0,0,0,0,0,0,0,0,0,0,0,0,0,0,0,0,0,0,0,0,0,0,0,0,0,0,0,0,0,0,0,0,0,0,0,0,0,0,0,0,0,0,0,0,0,0,0,0,0,0,0,0,0,0,0,0,0,0,0,0,0,0,0,0,0,0,0,0,0,0,0,0,0,10,0,0,0,0,0,0,0,0,0,0,0,0,0,0,0,0,0,7,0,0,0,0,0,0,0,0,4,0,0,0,0,0,0,0,0,0,0,0,0,0,0,0,0,0,0,0,0,0,0,0,0,13,0,257,0,0,0,0,0,0,0,0,0,0,0,0,0,0,0,0,0,0,5,0,0,0,0,0,0,0,0,0,0,0,0,0,0,0,0,0,0,0,0,0,0,0,0,0,0,0,0,0,0,0,0,0,0,0,0,0,0,0,0,0,2,0,0,0,0,0,0,0,0,0,0,0,0,0,0,0,0,0,0,0,0,0,0,0,0,0,0,0,0,0,0,646,0,0,0,0,0,0,0,0,0,0,0,0,0,0,0,0,0,0,0,0,0,1467,0,0,0,0,0,0,0,0,0,0,0,0,0,0,0,0,0,0,0,0,0,0,0,0,0,0,0,0,0,0,0,0,0,0,0,0,0,0
"D453",0,0,0,0,0,10,0,0,0,3,0,0,0,0,2,0,0,16,0,8,2,4,0,0,0,0,0,0,0,2,0,0,0,0,0,0,0,5,0,0,0,0,0,0,0,0,23,10,0,0,0,0,0,0,0,0,0,0,0,0,335,0,0,0,74,0,1,0,0,0,0,0,0,0,0,0,0,0,2,0,0,0,4,0,0,3,0,141,0,9,0,0,0,0,0,0,2,0,0,0,0,2,0,0,0,0,0,0,29,0,0,0,0,0,21,0,19,0,0,0,0,0,0,0,0,6,179,0,0,0,0,0,7,1,0,0,0,0,0,4,0,3,0,0,0,0,0,0,43,1,4,0,0,0,0,0,0,37,0,0,0,0,0,0,0,0,0,0,0,0,0,135,0,0,0,0,0,2,11,0,0,0,0,0,0,0,0,0,0,2,0,0,54,0,5,70,6,0,0,7,0,0,0,0,0,0,0,3,0,0,0,7,0,0,0,0,5,0,3,0,0,0,0,0,0,0,3,0,0,0,0,0,0,0,0,20,0,0,0,0,0,0,0,0,0,0,0,12,0,3,13,0,0,7,6,0,0,1,0,0,0,0,3,0,3,0,0,0,0,0,0,0,0,53,0,0,0,0,0,0,0,0,0,0,0,0,0,0,0,0,0,0,0,0,0,0,0,0,0,3,0,5,0,0,3,0,0,0,0,0,0,0,0,0,1,1,0,0,0,0,0,0,0,0,0,0,0,0,0,0,0,0,9,0,0,0,0,0,0,0,4,0,0,0,0,27,0,0,0,0,0,0,1,0,0,0,0,0,0,0,0,0,0,0,46,0,0,4,0,4,11,0,0,0,0,0,0,0,0,0,0,0,0,0,0,0,0,0,0,0,0,0,0,0,0,0,0,14,2,7,0,0,2,7,0,0,0,0,0,0,0,0,2,0,0,0,0,0,3,0,0,0,0,0,0,6,0,0,0,7,0,0,0,0,0,0,0,0,0,3,0,0,0,0,0,0,2,0,0,0,0,0,0,0,0,0,11,0,5,0,0,0,0,0,0,0,39,0,0,0,0,0,0,9,0,0,23,14,0,0,0,0,0,17,0,42,0,0,0,0,0,0,0,0,0,6,1,0,0,0,0,0,0,0,0,0,0,0,0,0,0,0,0,6,0,18,0,0,0,0,0,0,0,0,0,0,0,0,0,0,0,0,0,0,0,0,0,13,0,0,0,0,0,0,0,0,0,0,0,0,0,0,0,1,0,23,45,107,0,0,0,0,0,0,0,0,0,2,0,0,0,0,0,0,0,0,0,7,0,0,2,0,0,0,15,0,0,1,0,0,0,0,0,18,0,0,36,0,0,0,0,0,0,0,0,0,8,0,0,0,3,0,0,0,0,0,0,0,0,0,5,0,18,0,0,0,0,0,0,0,0,0,0,0,0,4,0,0,0,0,4,0,2,0,0,0,0,0,0,0,0,0,0,0,0,0,0,0,35,0,0,0,0,0,0,0,0,273,0,0,0,1,0,0,0,0,0,4,52,0,0,0,0,0,0,0,0,0,0,0,0,0,0,0,12,0,0,0,0,0,0,0,0,0,0,0,0,0,0,0,2,0,0,0,0,1,0,0,0,3,0,0,0,0,0,5,0,0,0,0,0,0,0,0,0,0,0,0,0,0,0,0,0,0,0,0,2,0,0,0,0,0,0,0,0,0,2,0,0,0,0,4,3,209,0,0,0,0,0,0,4,0,0,3,0,0,0,0,0,0,0,0,0,0,8,0,0,10,0,0,0,0,0,0,0,0,0,0,26,0,0,0,0,9,0,0,0,0,9,0,0,0,0,0,20,0,0,0,0,0,0,0,0,0,0,0,0,1,2,0,0,0,0,0,0,0
"D454",17,0,0,0,0,0,0,8,0,0,0,0,0,0,0,0,0,0,0,0,0,0,0,0,0,0,0,0,0,1,0,0,7,0,0,0,0,0,0,0,0,0,0,0,0,0,0,51,0,0,0,0,0,0,0,0,0,0,0,0,0,0,0,0,0,0,0,39,0,0,0,0,0,0,0,0,0,0,0,0,0,0,0,46,0,3,0,0,0,10,0,0,16,0,0,0,0,0,0,0,0,0,0,0,0,0,0,0,0,0,0,0,0,0,0,0,0,0,0,0,5,0,0,0,0,0,25,0,0,0,0,0,17,256,0,0,0,0,0,0,0,0,0,101,0,0,0,0,0,0,0,0,0,0,18,0,0,0,0,0,0,0,0,7,0,0,0,0,0,0,0,0,0,0,0,0,0,0,0,0,0,0,0,0,0,0,0,0,0,0,0,0,0,0,0,0,5,0,0,126,0,3,0,0,70,0,0,62,0,0,0,0,0,0,0,0,0,0,0,0,0,0,0,0,0,0,69,4,0,0,0,0,0,0,0,0,0,0,0,0,0,0,0,0,0,0,0,4,0,0,2008,0,0,0,0,0,0,9,0,0,9,0,0,0,0,0,0,0,0,0,0,0,0,0,0,0,0,0,0,0,0,0,0,0,0,0,0,0,0,0,0,0,0,0,0,0,0,20,0,0,0,0,3,0,0,0,0,0,0,0,0,0,0,0,11,0,0,0,0,0,0,0,0,0,0,0,5,0,0,0,0,0,0,0,67,0,0,0,0,0,0,0,0,0,0,0,0,0,0,0,0,0,0,0,0,4,0,0,0,102,0,0,0,0,0,0,0,0,0,0,0,0,0,0,0,0,0,0,0,0,0,0,0,0,0,24,0,0,205,0,0,0,0,0,0,0,0,0,0,0,3,0,0,0,0,0,45,0,0,128,0,0,0,0,0,0,0,0,5,0,0,48,0,0,0,306,0,0,0,0,0,0,0,0,0,0,0,0,0,0,0,0,0,0,0,0,0,0,0,0,0,0,0,0,0,0,0,0,661,0,0,0,0,0,0,0,3,0,0,0,0,0,0,0,0,0,0,127,0,0,0,0,0,122,0,0,0,0,0,0,0,0,0,0,0,0,0,0,0,56,0,0,0,0,0,0,0,0,0,0,0,0,0,0,0,0,0,0,0,0,0,0,0,0,0,0,0,0,0,0,0,0,15,0,0,0,0,0,10,0,0,0,0,0,0,0,0,0,0,0,0,0,0,0,14,0,0,0,0,0,0,0,0,0,0,0,0,0,0,0,0,0,0,0,0,0,0,0,0,0,0,0,0,0,0,0,0,3,0,10,0,0,0,0,0,0,0,0,0,0,0,0,0,0,0,0,77,0,0,0,0,0,0,0,0,0,0,0,0,0,0,0,8,0,0,0,0,0,0,0,0,0,0,0,0,0,0,0,0,0,0,0,0,0,0,0,0,53,0,0,0,0,0,0,0,0,0,0,0,0,0,18,0,0,0,0,0,0,0,0,0,0,0,0,0,0,0,0,0,0,0,2,0,0,0,0,0,0,33,0,0,0,0,0,0,0,0,0,0,0,0,0,0,0,583,0,0,0,0,0,0,0,0,0,0,99,0,0,0,0,0,0,0,0,0,0,0,54,0,0,50,0,0,0,0,0,0,0,0,0,0,0,0,0,17,0,7,0,0,0,0,0,0,14,0,0,3,0,0,0,0,0,0,0,0,1,0,131,0,0,0,18,0,0,2,8,0,0,0,0,5,0,5,0,0,0,0,0,0,0,0,0,0,0,0,0,0,32,0,0,0,0,0,0,0,0,0,0,0,0,0,0,0,0,0,0,0,0,0,0,0,3,0,0,0,0,0,28,0,0,0,0,0,0,0,0
"D455",0,0,0,0,0,0,0,0,0,0,0,0,3,0,0,0,0,0,0,0,0,0,0,0,0,0,0,0,0,0,0,0,0,0,0,0,0,0,0,0,0,0,0,0,0,0,3,0,0,0,0,0,0,0,0,0,0,0,0,0,0,0,0,0,0,0,2,0,3,0,0,0,0,0,0,0,0,0,0,0,0,0,0,155,0,0,0,0,0,0,0,0,0,0,0,0,0,0,0,0,0,0,0,0,0,0,0,0,0,0,0,0,0,0,0,0,0,0,0,0,0,0,0,0,0,0,0,0,0,0,0,0,0,0,0,0,0,0,0,0,0,0,0,0,0,0,0,0,0,0,0,0,0,0,3,0,0,0,0,8,0,4,0,0,0,0,0,0,0,0,0,0,0,0,0,0,0,0,0,0,0,0,0,0,0,0,0,0,0,0,0,0,0,0,0,0,0,0,0,0,0,0,0,0,0,0,0,0,0,0,0,0,0,0,0,0,0,0,0,0,3,0,0,0,0,0,2,0,0,0,0,0,0,0,0,0,0,0,0,0,0,0,0,0,0,0,0,0,0,0,36,0,0,2,0,0,0,0,0,0,0,0,0,0,0,0,0,6,0,0,0,0,0,0,0,0,0,0,0,0,0,0,0,0,0,0,0,0,0,0,0,0,0,0,0,0,0,0,0,0,0,0,0,0,3,0,0,0,0,0,0,0,0,0,10,0,0,0,0,0,0,0,0,0,0,0,0,0,0,0,0,0,0,0,0,0,0,0,0,0,0,0,0,0,0,0,0,0,0,0,0,0,0,0,0,0,0,0,0,118,0,0,0,0,0,0,0,5,0,0,0,0,0,0,0,0,0,0,0,0,0,0,0,58677,0,0,0,0,0,0,0,0,0,0,0,0,0,0,0,0,0,0,0,0,0,0,0,0,0,0,0,0,0,0,0,0,0,0,78,0,0,0,0,0,0,0,0,0,21,0,0,0,0,0,0,0,0,0,0,0,0,0,0,0,0,0,0,0,0,0,0,0,0,0,0,0,0,0,6,0,0,0,0,0,0,0,0,0,0,0,0,0,0,0,0,0,0,0,0,0,2,0,0,4,0,0,0,0,0,0,0,0,0,0,0,0,0,0,0,0,0,0,0,0,0,0,0,0,0,0,0,0,0,0,0,0,30,0,0,0,0,0,0,0,0,0,0,0,0,0,0,0,0,0,0,0,0,0,0,0,0,0,0,0,0,0,0,0,0,0,0,0,0,0,0,0,0,0,0,0,0,0,0,0,0,0,0,0,0,0,0,0,0,0,0,0,0,0,0,0,0,0,0,0,0,0,0,0,0,0,0,0,0,0,0,0,0,0,0,0,0,0,0,0,0,0,0,0,0,0,0,0,1,0,0,0,0,0,0,0,0,0,0,0,0,0,0,0,0,8,0,0,0,0,0,0,0,0,0,0,0,0,0,0,0,0,0,0,0,0,0,0,0,0,0,0,0,0,0,0,0,0,0,0,0,0,0,0,0,0,0,0,0,0,0,0,0,0,0,0,0,2,0,0,0,0,0,0,0,0,0,0,0,0,6,0,0,0,0,0,0,0,0,0,0,0,0,0,0,0,0,0,0,0,0,0,0,0,0,0,0,0,0,0,0,0,0,0,0,0,0,0,0,0,0,0,0,0,0,0,0,0,0,2,0,0,0,0,0,0,0,0,0,0,0,0,0,0,0,0,0,0,0,0,0,0,0,0,0,0,0,0,0,0,0,0,0,0,0,0,0,0,0,0,0,0,0,0,0,0,0,0,0,0,0,0,0,443,0,0,0,0,0,0,0,0,0,0,0,0,0,0,0,0,0,0,0,0,0,0,0,0,0,0,0,0,0,0,0,0,0,0,0,0,0,0
"D456",2,7,0,273,60,0,0,34,0,2,91,18,0,0,24,0,44,24,5,0,8,474,0,0,441,193,3,18,0,0,0,0,0,0,0,0,1997,0,0,0,0,0,0,0,976,0,3,0,21,2,11,0,0,15,4,61,0,2,9,1,0,3,0,109,1,0,6,11,10,3,5,0,0,0,35,1,0,0,0,60,16,44,0,0,3,2,0,21,5,3,0,0,0,0,0,4,0,0,0,14,30,19,0,436,245,0,3,0,2,0,0,673,0,0,0,0,0,0,53,0,0,2,0,0,17,3,0,0,0,0,0,0,17,0,268,10,0,31,0,23,203,0,0,0,15,1630,0,49,0,90,0,0,37,0,0,0,2,4,0,0,107,0,0,59,493,26,3,0,3,0,0,254,0,0,0,0,1,0,0,0,72,4,0,67,6,0,0,30,0,5,0,0,0,16,0,0,6,0,7,0,15,0,3,0,0,0,0,0,7,0,152,0,244,0,0,94,0,0,2,19,0,11,3,45,0,4,0,22,0,0,0,7,0,0,0,0,0,8,1165,70,0,71,158,0,25,0,2,0,22,0,0,0,0,0,0,3,0,0,0,0,0,0,9,0,0,3,5,0,20,89,133,0,0,4,13,0,22,0,0,0,33,4,0,0,0,0,1,35,0,5,0,48,0,95,0,0,0,0,7,214,0,0,0,0,0,0,0,20,11,0,0,0,0,0,6,0,3,0,7,0,0,0,7,2,26,0,0,5,0,0,0,0,8,37,0,0,0,0,0,0,0,2,0,1,207,196,23,115,0,0,0,0,0,0,133,41,7,550,0,0,0,0,0,0,0,0,10,0,0,2,514,0,20,0,0,111,0,1,16,0,26,0,0,0,25,0,0,0,0,319,9,0,0,0,7,0,0,923,0,30,1,0,0,10,0,0,1,28,0,0,225,7,0,0,0,32,182,0,181,0,72,0,0,47,49,0,0,0,0,3,55,0,0,0,0,0,0,0,0,0,0,7,0,13,0,0,0,0,0,0,16,5,21,8,11,98,0,0,10,0,0,91,164,10,201,10,9,0,0,0,0,813,2,2,0,0,0,4,5,0,0,142,0,33,0,0,0,0,3,0,0,10,0,0,0,0,0,0,289,0,8,5,13,3,0,10,328,0,83,0,0,90,0,0,15,0,0,0,8,0,0,9,0,0,34,0,0,0,183,468,0,6,0,207,0,96,2,0,0,0,0,0,0,4,143,0,45,0,4166,0,4,0,0,10,19,0,0,415,0,0,0,7,65,0,2,0,0,0,29,0,8,0,0,0,2,173,0,0,0,5,1,0,0,246,0,12,4,0,542,3,0,16,0,0,0,11,5,0,0,9,0,0,3064,0,0,0,4,0,0,0,0,0,0,110,0,0,0,0,39,0,0,0,2,15,0,75,3,0,0,2,0,6,0,0,6,10,0,38,85,0,0,78,0,4,0,0,20,13,0,2,0,0,0,0,0,1349,0,0,87,0,0,0,0,0,0,2,66,0,0,0,0,0,26,0,8,80,2,0,16,0,0,0,0,0,20,53,0,0,0,0,0,0,0,0,2,0,0,1100,0,0,10,7,8,79,3,0,0,2,0,116,0,75,21,0,0,0,0,36,0,95,122,0,24,0,0,0,207,0,0,55,476,565,5,189,0,0,29,0,0,0,22,17,0,0,0,0,0,0,8,48,1,0,175,0,0,0,11,1,28,0,0,0,0,52,4,0,4,0,0,47,65,0,137,0,0,0,3,0,25,123,0,2,669,0,0,15,104,25,0,0,0,0,0,4,0,960,387,0,10,1,0,19,0,53,5,10,0,5,420,6,0,7,202,7,0,4,0,0,39,42,0,1,0,0,0,695,3,0,3,1,0,0,0,0,5,0
"D457",0,0,0,0,0,0,0,0,0,0,0,0,0,0,0,0,0,0,0,0,0,0,0,0,0,0,0,0,0,0,0,0,0,0,0,0,0,0,0,0,0,0,0,0,0,0,0,0,0,0,0,0,0,0,0,0,0,0,0,0,0,0,0,0,0,0,0,0,0,0,0,0,0,0,0,0,0,0,0,0,0,0,0,0,0,0,0,0,0,0,0,0,0,0,0,0,0,0,0,0,0,0,0,0,0,0,0,0,0,0,0,0,0,0,0,0,0,0,0,0,0,0,0,0,0,0,0,0,0,0,0,0,0,0,0,0,0,0,0,0,0,0,0,0,0,0,0,0,0,0,0,0,0,0,0,0,0,0,0,0,0,0,0,0,0,0,0,0,0,0,0,0,0,0,0,0,0,0,0,0,0,0,0,0,0,0,0,0,0,0,0,0,0,0,0,0,0,0,0,0,0,0,0,0,0,0,0,0,0,0,0,0,0,2,0,0,0,0,0,0,0,0,0,0,0,0,0,0,0,0,0,0,0,0,0,0,0,0,0,0,0,0,0,0,0,0,0,0,0,0,0,0,0,0,0,0,0,0,0,0,0,0,0,0,0,0,0,0,0,0,0,0,0,0,0,0,0,0,0,0,0,0,0,0,0,0,0,0,0,0,0,0,0,0,0,0,0,0,0,0,0,0,0,0,0,0,0,0,0,0,0,0,0,0,0,0,0,0,0,0,0,0,0,0,0,0,0,0,0,0,0,0,6,0,0,0,0,0,0,0,0,0,0,0,0,0,0,0,0,0,0,0,0,0,0,0,0,0,0,0,0,0,0,0,0,0,0,0,0,0,0,0,0,0,0,0,0,0,0,0,0,0,0,0,0,0,0,0,0,0,0,0,0,0,0,0,0,0,0,0,0,0,0,0,0,0,0,0,0,0,0,0,0,0,0,0,0,0,0,0,0,0,0,0,0,0,0,0,0,0,0,0,0,0,0,0,0,0,0,0,0,0,0,0,0,0,0,0,0,0,0,0,0,0,0,0,0,0,0,0,0,0,0,0,0,0,0,0,0,0,0,0,0,0,0,0,0,0,0,0,0,0,0,0,0,0,0,0,0,0,0,0,0,0,0,0,0,0,0,0,0,0,0,0,0,0,0,0,0,0,0,0,0,0,0,0,0,0,0,0,0,0,0,0,0,0,0,0,0,0,0,0,0,0,0,0,0,0,0,0,0,0,0,0,0,0,0,0,0,0,0,0,0,0,0,0,0,0,0,0,0,0,0,0,0,0,0,0,0,0,0,0,0,0,0,0,0,0,0,0,0,0,0,0,0,0,0,0,0,0,6,0,0,0,0,0,0,0,0,0,0,0,0,0,0,0,0,0,0,0,0,0,0,0,0,0,0,0,0,0,0,0,0,0,0,0,0,0,0,0,0,0,0,0,0,0,0,0,0,0,0,0,0,0,0,0,0,0,0,0,0,0,0,0,0,0,0,0,0,0,0,0,0,0,0,0,0,0,0,0,0,0,0,0,0,0,0,0,0,0,0,0,0,0,0,0,0,0,0,0,0,0,0,0,0,0,0,0,0,0,0,0,0,0,0,0,0,0,0,0,0,0,0,0,0,0,0,0,0,0,0,0,0,0,0,0,0,0,0,0,0,0,0,0,0,0,0,0,0,0,0,0,0,0,0,0,0,0,0,0,0,0,0,0,0,0,0,0,0,0,0,0,0,0,0,0,0,0,0,0,0,0,0,0,0,0,0,0,0,0,0,0,0,0,0,0,0,0,0,0,0,0,0,0,0,0,0,0,0,0,0,0,0,0,0,0,0,0,0,0,0,0,0,0,0,0,0,0,0,0,0,0,0,0,0,0,0,0,0,0,0,0,0,0,0,0
"D458",0,0,0,0,0,0,0,0,0,0,0,0,0,0,0,0,0,1,0,0,0,0,0,0,0,0,0,0,0,0,0,0,0,0,0,0,0,0,0,0,3,0,0,0,0,0,0,0,0,0,0,0,0,0,0,0,0,0,0,0,0,0,0,0,0,0,0,0,0,0,0,33,0,0,0,0,0,0,0,0,0,0,0,0,0,0,0,0,0,0,0,0,0,0,0,0,0,0,2,0,0,0,0,0,0,0,0,0,43,0,0,0,0,0,0,0,0,0,0,0,0,0,0,0,0,0,0,0,0,0,0,0,0,0,0,0,0,0,0,0,0,0,0,0,0,0,0,0,0,0,0,0,0,0,0,0,0,0,0,0,0,0,0,0,0,0,0,0,0,0,0,0,0,0,0,0,0,0,0,0,0,0,0,0,0,0,0,0,0,0,0,0,0,0,0,0,0,0,0,0,0,0,0,0,0,0,0,0,0,0,0,8,0,0,0,0,0,0,0,0,0,0,0,0,0,0,0,0,0,0,0,0,0,0,0,0,0,0,0,0,0,0,0,0,0,0,0,0,0,0,0,0,0,0,0,2,0,0,0,0,0,0,0,0,0,0,3,0,0,0,0,1103,0,0,0,0,0,0,0,0,0,0,0,0,0,0,0,0,0,0,0,0,0,0,0,0,0,0,0,0,0,0,0,0,0,0,0,0,0,0,0,0,0,0,0,0,0,0,0,0,0,0,0,0,0,0,0,0,0,0,0,0,0,0,0,0,0,0,0,9,0,0,0,0,0,0,0,0,0,0,0,0,0,0,0,304,0,0,0,0,0,0,0,0,0,0,0,0,0,0,0,0,0,0,0,0,0,0,0,0,0,0,0,0,0,0,0,0,0,0,0,0,0,0,0,0,0,0,0,0,0,0,0,0,0,0,42,0,0,3,0,0,0,0,0,0,0,0,13,0,0,0,0,0,0,0,0,0,0,0,0,0,0,0,0,0,0,0,0,0,0,0,0,0,0,0,0,0,0,0,0,0,0,0,0,2,0,0,0,0,0,0,10,0,0,0,0,0,0,0,0,0,0,0,0,0,0,0,0,0,0,0,0,0,0,0,0,0,0,0,0,0,0,0,0,0,0,0,0,0,0,0,0,0,0,0,0,0,0,0,0,0,0,0,0,0,0,0,0,0,0,0,0,0,0,0,0,0,0,0,0,0,0,0,0,0,0,0,0,0,0,0,0,0,0,0,0,0,0,0,0,0,0,0,0,0,0,0,0,0,0,0,0,0,0,0,0,0,0,0,0,0,0,0,0,0,0,0,0,0,0,0,0,0,11,0,0,0,0,0,0,0,0,0,0,0,0,0,0,0,0,0,0,0,0,0,0,0,0,0,0,0,0,0,0,0,0,0,0,0,0,0,0,0,0,0,0,0,0,0,0,0,0,0,0,0,0,0,0,0,0,0,0,0,0,0,0,804,0,0,0,0,0,0,0,0,32,0,0,0,0,0,0,0,0,0,0,0,0,0,0,0,0,0,0,0,0,0,0,0,0,0,0,0,0,0,0,0,0,0,0,0,0,0,0,0,0,0,0,0,0,0,0,0,0,0,0,0,0,0,0,0,0,0,0,0,0,0,0,0,0,0,0,0,0,0,0,0,0,0,0,0,0,0,0,0,0,0,0,0,0,0,0,0,0,0,0,0,0,0,0,0,0,0,0,0,0,0,0,0,0,0,0,0,0,0,0,0,0,0,145,0,0,0,0,0,0,0,0,0,0,0,0,18,0,0,0,0,0,0,0,0,0,0,0,0,0,0,0,0,0,0,0,0,0,0,0,0,0,0,1,0,0,0,0,2,0,0,0,0,0,0,0,0,0,0,0,0,0,0,0,0,0,0,0,0
"D459",0,0,0,0,0,0,0,0,0,0,0,0,0,0,0,0,0,0,0,0,0,0,0,0,0,0,0,0,0,0,0,0,0,0,0,0,0,0,0,0,0,0,0,0,0,0,0,0,0,0,0,0,0,0,0,0,0,0,0,0,0,0,0,0,0,0,0,0,0,0,0,2,0,0,0,0,0,0,0,0,0,0,0,0,0,0,0,0,0,0,0,0,2,0,0,0,0,0,0,0,0,0,0,0,0,0,0,0,0,0,0,0,0,0,0,0,0,0,0,0,0,0,0,0,0,0,0,0,0,0,0,0,0,0,0,0,0,0,0,0,0,0,27,0,0,0,0,0,0,0,0,0,0,0,0,0,0,3,0,0,0,0,0,0,0,0,0,0,0,0,0,0,0,0,0,0,0,0,0,0,0,0,0,0,0,0,0,0,0,0,0,0,0,2,0,0,0,0,0,0,0,0,0,0,0,0,0,0,0,0,0,0,0,0,0,0,0,0,0,0,0,0,0,0,0,0,0,0,0,0,0,0,0,0,0,0,0,0,0,0,0,0,0,0,0,0,0,0,0,0,2,0,0,0,0,0,0,0,0,0,0,0,0,0,0,0,0,0,0,0,0,0,0,0,0,0,0,0,0,0,0,0,0,0,0,0,0,0,0,0,0,0,0,0,0,0,0,0,0,0,0,0,0,0,0,0,0,0,0,0,0,0,0,0,207,0,0,0,0,0,0,0,0,0,0,0,0,0,0,0,0,0,11,0,0,0,0,0,0,0,0,0,0,0,0,0,0,0,0,0,0,0,0,0,0,0,0,0,29,3,0,0,0,0,0,0,0,0,0,0,0,0,0,0,0,0,0,0,0,0,0,0,0,0,0,0,0,0,0,0,0,0,0,0,0,0,0,0,0,0,0,0,0,0,0,0,0,0,0,0,0,0,0,0,0,0,0,0,0,0,0,0,0,0,0,0,0,0,0,0,0,0,0,0,0,0,0,0,0,0,0,0,0,0,0,0,0,84,0,0,0,0,0,0,0,0,0,0,0,0,0,0,0,0,0,0,0,0,0,0,0,0,0,0,0,0,0,0,0,0,0,0,0,0,0,0,0,0,0,0,0,0,0,0,0,0,0,0,0,0,0,0,0,0,0,0,0,0,0,0,0,0,0,0,0,0,0,0,0,0,0,0,0,0,0,0,0,0,0,0,0,0,0,0,0,0,0,0,0,0,0,0,0,0,0,0,0,0,0,0,0,0,0,0,0,0,0,0,0,0,0,0,0,0,0,0,0,0,0,0,0,0,0,0,0,0,0,0,0,0,0,0,0,0,0,0,0,0,0,0,0,0,0,0,0,0,0,0,0,0,0,0,0,0,0,0,0,0,0,2,0,0,0,0,0,0,0,0,0,0,0,0,0,0,0,0,0,0,0,0,0,0,0,0,0,0,0,0,0,0,0,0,0,0,0,0,0,0,0,0,0,0,0,0,0,0,0,0,0,0,0,0,0,0,0,0,0,0,0,7,0,0,0,0,0,0,0,0,0,0,0,23,0,0,0,0,0,0,0,0,0,0,0,0,0,0,0,0,0,0,0,0,593,0,0,0,0,0,0,0,0,0,0,0,0,0,0,0,0,0,0,0,0,0,0,0,0,36,0,0,0,0,0,0,0,0,0,0,0,0,0,0,0,0,0,0,0,0,0,0,0,0,0,0,0,0,0,0,0,0,0,0,0,0,0,0,0,0,0,0,0,0,0,0,0,4293,0,0,0,0,0,0,0,0,0,0,0,0,0,0,0,0,0,0,0,0,0,0,0,0,0,0,0,0,0,0,0,0,0,0,0,0,0,0,0,0,0,0,0,0,0,0,0,0,0,0,0,0,0,0,0,0,0,0,0,0
"D460",0,0,0,0,0,0,0,4,0,0,0,0,0,0,0,0,0,0,0,0,0,0,0,0,0,0,0,0,0,21,0,0,0,0,0,0,0,0,0,13,0,0,0,0,0,0,0,87,0,0,0,0,0,0,0,0,0,0,0,0,0,0,0,0,0,0,0,22,0,0,0,0,0,0,0,0,0,4,13,0,0,0,0,1037,0,0,0,0,0,0,0,0,0,0,0,0,0,0,0,0,0,0,0,0,0,0,0,0,0,159,0,0,0,0,0,0,0,0,0,0,0,0,0,0,0,0,0,0,0,0,0,0,5,0,0,0,0,0,0,0,0,0,0,20,0,0,0,0,0,0,0,0,0,0,274,0,0,0,0,0,0,0,0,0,0,0,0,0,0,0,0,0,0,0,0,0,0,0,0,0,0,0,0,0,0,0,0,0,0,0,0,0,0,0,0,0,0,0,0,132,0,0,0,0,0,0,0,0,0,0,0,0,0,0,0,0,0,0,0,0,0,0,0,0,0,0,0,0,0,0,73,0,0,0,0,0,0,0,0,0,0,0,0,0,0,0,0,0,0,0,826,0,0,6,0,0,0,277,0,0,0,0,0,0,0,0,0,0,0,0,0,0,0,0,0,0,0,0,0,0,0,0,0,0,0,0,0,0,0,0,0,0,0,0,0,1,0,0,0,0,0,8,0,0,0,0,0,0,0,0,0,0,0,0,8,0,0,0,0,0,0,0,0,0,0,0,0,0,0,0,0,0,0,0,131,0,0,0,0,25,0,0,0,22,0,0,0,0,0,0,0,0,10,0,0,0,0,0,0,390,0,0,18,0,0,0,0,0,0,0,0,0,0,0,0,0,0,0,0,0,0,0,0,0,0,0,0,0,1192,0,0,0,0,0,0,0,0,0,0,0,0,0,0,13,0,0,1,0,1,609,0,0,0,4,0,0,0,5,127,0,0,0,0,0,0,304,0,0,0,0,0,0,0,0,0,0,0,0,0,0,0,0,0,0,0,0,0,0,0,0,0,0,0,0,0,0,0,0,449,0,0,0,0,0,0,0,0,0,0,0,0,0,0,0,0,0,0,201,0,0,0,0,0,85,0,0,0,0,0,0,0,0,0,0,0,0,0,0,0,12,0,0,0,0,0,0,0,0,0,0,0,0,0,0,0,0,0,0,0,0,0,0,0,0,0,0,0,0,0,0,0,0,537,0,0,0,0,0,0,0,0,0,0,0,0,0,0,0,0,0,0,0,0,0,3,0,0,0,0,0,7,0,0,0,0,0,0,0,0,0,0,5,0,0,0,0,0,0,0,0,0,0,0,0,0,0,0,0,0,0,0,0,0,0,0,0,0,0,0,0,0,0,0,0,1,0,84,0,0,0,3,0,0,0,0,0,0,0,0,0,0,0,0,0,0,0,0,0,0,822,1133,0,0,0,0,0,0,0,0,0,14,0,0,0,0,0,0,776,0,0,0,0,0,0,0,0,17,0,0,0,0,176,0,0,0,0,0,0,0,0,0,0,0,0,0,0,0,0,0,0,0,5,0,0,0,0,0,3,41,0,0,0,0,0,0,0,0,0,0,0,0,0,2,0,2167,0,0,0,0,0,0,0,0,0,0,201,0,0,0,0,0,0,0,0,0,0,0,1033,0,0,0,0,0,0,0,0,0,0,1,0,0,0,0,0,21,0,0,0,0,0,0,0,0,0,0,0,0,0,0,0,0,0,0,0,0,0,0,103,0,0,0,15,0,0,0,12,0,0,0,0,0,0,1,0,6,0,0,0,0,0,0,0,0,0,0,0,0,109,0,0,0,0,0,0,0,0,0,0,0,0,0,0,0,0,0,0,0,0,0,0,0,0,0,0,0,0,0,0,0,0,0,0,0,2693,0,0
"D461",0,0,0,0,0,0,0,0,0,0,0,0,0,0,0,0,0,82,0,0,0,0,0,0,0,0,0,0,0,0,0,0,0,0,0,0,0,0,0,0,0,0,0,0,0,0,11,357,0,0,0,6,0,0,0,0,0,0,0,0,0,0,0,0,401,0,0,0,2,0,0,0,0,0,0,0,0,0,0,0,0,0,0,0,0,0,0,0,2,10,0,0,0,0,0,0,0,0,0,0,0,3,2,0,0,0,0,0,0,0,0,0,0,0,379,0,57,0,0,0,0,71,0,0,0,0,0,0,0,0,0,0,0,0,0,0,0,0,0,104,0,0,0,0,0,0,0,0,4,0,0,0,0,0,0,0,0,0,4,0,0,0,0,0,0,0,0,0,0,0,0,0,0,0,0,0,0,0,0,0,0,0,0,0,0,2,0,0,0,0,0,0,0,0,0,0,63,0,0,1,0,0,0,0,0,0,0,0,0,0,0,0,0,0,0,0,1,0,1,0,0,0,0,0,0,0,0,0,0,0,0,0,0,0,0,0,0,0,0,0,0,0,0,0,0,0,0,0,0,0,0,0,0,0,0,0,0,0,0,0,0,0,0,1455,0,0,0,0,0,0,0,0,0,84,0,0,0,0,0,0,0,0,0,0,0,0,0,0,0,0,0,0,0,0,0,0,0,0,0,0,0,0,0,0,0,0,0,0,0,0,74,0,0,0,0,23,0,0,0,0,0,0,0,0,0,0,0,0,0,0,0,0,0,0,0,0,0,0,0,0,0,0,0,0,0,0,0,0,0,0,0,0,0,0,0,0,0,0,0,0,0,191,0,0,3,0,0,0,0,0,0,0,0,0,0,0,0,0,0,0,0,0,0,0,0,0,0,0,0,0,0,0,0,0,0,0,242,0,0,0,0,0,0,6,0,12,2,0,0,1087,0,0,5,0,0,0,0,0,0,0,0,0,0,0,0,0,0,0,0,0,0,0,0,0,0,0,0,0,0,0,0,0,0,0,0,0,0,0,0,0,0,0,0,0,0,0,0,0,0,0,0,0,0,0,0,0,0,0,0,0,0,0,0,0,0,0,0,0,0,0,0,0,0,0,0,0,0,0,0,0,0,0,0,0,0,0,0,0,0,0,0,0,0,0,0,4,0,0,0,0,0,0,0,0,0,0,0,0,0,0,0,0,0,0,0,0,0,0,0,0,0,0,0,0,0,0,0,0,0,6,0,0,0,0,0,0,0,0,0,0,0,0,0,11,0,1123,157,879,0,0,0,0,0,0,0,0,0,0,0,0,0,0,0,0,0,0,0,199,0,0,53,0,0,0,0,0,0,0,0,0,0,0,0,0,0,0,0,0,0,0,0,0,0,0,0,0,0,0,0,0,2,0,0,0,0,0,0,0,0,0,0,0,51,0,0,0,3,0,0,0,46,0,0,0,0,0,0,0,0,0,0,0,0,0,0,0,0,0,0,0,0,0,0,0,0,0,0,0,0,0,0,0,0,0,0,0,0,8033,0,0,0,0,0,4,0,0,0,0,0,0,0,0,0,0,0,0,0,0,0,182,56,0,0,0,0,0,0,0,0,0,0,0,0,0,0,0,0,0,0,0,0,0,0,0,0,0,0,0,0,0,0,0,0,0,2,0,0,0,0,0,0,0,0,0,0,0,0,0,0,0,0,0,0,0,0,0,0,0,0,0,0,0,0,0,0,0,0,0,0,0,0,10,0,490,0,0,0,0,0,0,0,0,0,0,0,0,0,0,0,0,0,0,0,0,14,0,0,10,0,0,0,0,0,0,0,0,0,0,53,0,0,0,0,0,0,0,0,0,0,0,0,0,0,0,0,0,0,0,0,0,0,0,0,0,0,0,0,0,0,0,0,0,0,0,0,0
"D462",0,0,0,0,0,0,0,0,0,0,0,0,0,0,0,0,0,0,0,0,0,0,0,0,0,0,0,0,0,0,0,0,0,0,0,0,0,0,0,0,0,0,0,0,0,0,0,2,0,0,0,0,0,0,0,0,0,0,0,0,0,0,0,0,0,0,0,0,0,0,0,0,0,0,0,0,0,0,0,0,0,0,0,0,0,0,0,0,0,0,0,0,0,0,0,0,0,0,0,0,0,0,0,0,0,0,0,0,0,0,0,0,0,0,0,0,0,0,0,0,0,0,0,0,0,0,0,0,0,0,0,0,0,0,0,0,0,0,0,0,0,0,0,0,0,0,0,0,0,0,0,0,0,0,0,0,0,0,0,0,0,0,0,0,0,0,0,0,0,0,0,0,0,0,0,0,0,0,0,0,0,0,0,0,0,0,0,0,0,0,0,0,0,0,0,0,0,0,0,0,0,0,0,0,0,0,0,0,0,0,0,0,0,0,0,0,0,0,0,0,0,0,0,0,0,0,0,0,0,0,0,0,0,0,0,0,0,0,0,0,0,0,0,0,0,0,0,0,0,0,0,0,0,0,0,0,0,0,0,0,0,0,0,0,0,0,0,0,0,0,0,0,0,0,0,0,0,0,0,0,0,0,0,0,0,0,0,0,0,0,0,0,0,0,0,0,0,0,0,0,0,0,0,0,0,0,0,0,0,0,0,0,0,0,0,0,0,0,0,0,0,0,0,0,0,0,0,0,0,0,0,0,0,0,0,0,0,0,0,0,0,0,0,0,0,0,0,0,0,0,0,0,0,0,0,0,0,0,0,0,0,0,0,0,0,0,0,0,0,0,0,0,0,0,0,0,0,0,0,0,0,0,0,0,0,0,0,0,0,0,0,0,0,0,0,0,0,0,0,0,0,0,0,0,0,0,0,0,0,0,0,0,0,0,0,0,0,0,5,0,0,0,0,0,0,0,0,0,0,0,0,0,0,0,0,0,0,0,0,0,0,0,0,0,0,0,0,0,0,0,0,0,0,0,0,0,0,0,0,0,0,0,0,0,0,0,0,0,0,0,0,0,0,0,0,0,0,0,0,0,0,0,0,0,0,0,0,0,0,0,0,0,0,0,0,0,0,0,0,0,0,0,0,0,0,0,0,0,0,0,0,0,0,0,0,0,0,0,0,0,0,0,0,0,0,0,0,0,0,0,0,0,0,0,0,0,0,0,0,0,0,0,0,0,0,0,0,0,0,0,0,0,0,0,0,0,0,0,0,0,0,0,0,0,0,0,0,0,0,0,0,0,0,0,0,0,0,0,0,0,0,0,0,0,0,0,0,0,0,0,0,0,0,0,0,0,0,0,0,0,0,0,0,0,0,0,0,0,0,0,2,0,0,0,0,0,0,0,0,0,0,0,0,0,0,0,0,0,0,0,0,0,0,0,0,0,0,0,0,0,0,0,0,0,0,0,0,0,0,0,0,0,0,0,0,0,0,0,0,0,0,0,0,0,0,0,0,0,0,0,0,0,0,0,0,0,0,0,0,0,0,0,0,0,0,0,0,0,0,0,0,0,0,0,0,0,0,0,0,0,0,0,0,0,0,0,0,0,0,0,0,0,0,0,0,0,0,0,0,0,0,0,0,0,0,0,0,0,0,0,0,0,0,0,0,0,0,0,0,0,0,0,0,0,0,0,0,0,0,0,0,0,0,0,0,0,0,0,0,0,0,0,0,0,0,0,0,0,0,0,0,0,0,0,0,0,0,0,0,0,0,0,0,0,0,0,0,0,0,0,0,0,0,0,0,0,0,0,0,0,0,0,0,0,0,0,0,0,0,0,0,0,0,0,0,0,0,0,0,0,0,0,0,0,0,0,0,0,0,0,0,0,0,0,0,0
"D463",0,0,0,0,3,0,0,0,0,0,0,0,0,0,0,0,0,0,0,0,7,0,0,3,0,0,0,0,0,0,0,3,0,0,0,12,0,0,2,0,0,0,0,0,0,0,1,337,0,2,2,0,0,0,0,0,0,0,25,2,0,2,0,3,0,0,0,17,0,70,0,25,6,0,0,0,0,0,0,0,0,0,26,0,0,0,0,8,2,1,0,0,0,0,0,0,6,1191,10,0,0,4,0,0,0,8,0,3371,5,0,0,0,8,0,303,35,368,251,0,0,0,41,0,0,0,0,0,0,0,0,0,0,41,0,0,6,0,0,179,0,0,0,0,0,0,0,0,0,0,0,0,0,0,0,0,2,0,0,0,0,0,0,0,19,0,0,0,0,0,0,0,2113,0,0,0,0,0,3,0,0,0,4,0,0,0,0,0,0,0,4,0,0,0,0,0,6,4,0,0,2,0,0,0,0,0,0,1,17,0,0,0,0,0,0,0,0,0,2,8,0,0,0,0,0,0,0,0,0,0,0,0,0,0,0,0,0,0,0,0,36,0,5,0,0,0,0,93,6,0,0,0,0,0,0,6,6,5,0,0,6,2,0,0,0,192,0,0,0,0,0,0,0,2,7,0,0,3,0,0,0,0,0,2,0,0,0,0,0,0,0,0,0,0,0,0,0,0,2,0,0,0,0,0,0,0,0,1,0,0,0,1009,0,0,0,0,0,0,0,1,0,0,69,0,0,19,0,0,4,0,1,2,0,0,0,0,0,0,0,0,0,0,59,0,0,0,0,0,0,0,7,0,0,0,0,0,14,0,5,0,0,0,0,0,0,0,0,0,0,0,3,0,0,0,0,0,0,0,0,0,0,0,0,0,0,0,0,0,0,0,0,0,0,5,0,0,0,0,6,0,1,2,0,0,2,0,0,4,0,0,0,0,6,1,0,0,0,0,0,13,3,0,0,0,0,0,0,3,0,0,9,0,0,0,0,0,0,2,2,0,0,0,0,0,0,0,0,0,0,0,0,0,0,0,0,0,4,0,6,0,0,0,0,0,1,0,0,0,0,0,0,0,0,331,0,2,0,30,0,0,0,0,0,0,10,0,2,0,0,0,0,7,0,0,38,6,0,0,0,0,0,0,6,2,51,0,15,2,0,0,0,0,0,0,0,0,0,0,0,0,0,0,0,0,0,0,0,0,0,0,1,0,0,2,0,0,0,0,0,2598,0,0,0,0,0,0,0,0,0,0,0,0,0,0,2,0,83,0,66,0,0,183,0,0,0,4,73,0,0,0,0,0,0,0,0,0,0,0,182,0,0,0,0,0,6,2,0,0,4,0,0,0,0,0,2,0,3,733,0,0,1,31,0,0,0,0,0,1,0,0,0,0,0,0,0,0,0,0,0,0,107,0,0,1,0,0,0,0,78,355,0,0,11,0,0,111,0,0,0,0,0,0,0,0,0,44,0,0,5,0,0,0,0,8,0,0,0,0,0,942,354,0,0,0,0,0,126,0,271,0,0,1,0,0,0,0,0,5,0,0,0,58,0,0,0,5,23,5,0,0,0,200,0,557,0,0,0,9,3,0,0,0,0,0,0,0,3,0,0,63,2,0,0,0,3,0,0,0,0,0,0,0,0,0,0,10,0,0,0,0,0,0,0,0,0,0,23,0,0,2,0,0,0,0,0,0,0,7,1083,0,0,0,0,0,0,0,0,0,71,0,0,0,0,0,350,0,0,0,0,0,0,5,0,18,0,0,0,4,0,0,0,69,0,9,0,0,0,0,3,0,0,0,0,0,0,0,0,0,0,0,0,0,0,0,6,3,0,0,0,36,16,2,0,4,2,0,439,0,2,0,0,0,15,0,0,0,3,0,0,8,0,0,2,0,0,0,0
"D464",0,0,0,0,0,0,0,0,0,0,0,0,0,0,0,0,0,0,0,3,0,0,0,0,0,0,0,0,0,0,0,0,0,0,0,0,0,0,0,27,2,0,0,0,0,0,0,0,0,0,0,0,0,0,0,0,0,0,0,0,0,0,0,0,0,0,0,0,0,0,0,0,0,0,0,0,0,0,0,0,0,0,0,4,0,0,0,2,0,0,0,0,0,0,0,0,0,0,0,0,0,0,0,0,0,0,0,0,0,0,0,0,0,0,0,0,0,0,0,0,0,0,0,0,0,0,0,0,0,0,0,0,0,0,0,0,0,0,0,0,0,0,0,0,0,0,0,0,0,0,0,0,0,0,0,0,0,0,0,0,0,0,0,0,0,0,0,0,0,0,0,6,0,0,0,0,0,0,0,0,0,0,0,0,0,0,0,0,0,0,0,0,0,0,0,0,0,0,0,0,0,0,0,0,0,0,0,0,0,0,0,0,0,0,0,0,0,0,0,0,0,0,0,0,0,0,0,0,0,0,0,0,0,0,0,0,0,0,0,0,0,0,0,0,0,0,0,0,0,0,115,0,0,0,0,0,0,20,0,0,0,0,0,0,0,0,0,0,0,0,0,0,0,0,0,0,0,0,0,0,0,0,0,0,0,0,0,0,0,0,0,0,0,0,0,0,0,0,0,0,0,12,0,0,0,0,0,0,0,0,0,0,0,0,23,0,0,0,0,0,0,0,0,0,0,0,0,0,0,0,0,0,0,0,5,0,0,0,0,0,0,0,0,0,0,0,0,0,0,0,0,0,2,0,0,0,0,0,0,24,0,0,0,0,0,0,0,0,0,0,0,0,0,0,0,0,0,0,0,0,0,0,0,0,0,0,0,0,0,0,0,0,0,0,0,0,0,0,0,0,0,0,0,3,0,0,0,0,0,0,0,0,0,0,0,0,0,0,19,0,0,0,0,0,0,22,0,0,0,0,0,0,0,0,0,0,0,0,0,0,0,0,0,0,0,0,0,0,0,0,0,0,0,0,0,0,0,0,37,0,0,0,0,0,0,0,0,0,0,0,0,0,0,0,0,0,0,4,0,0,0,0,0,0,0,138,0,0,0,0,0,0,0,0,0,0,0,0,0,0,0,0,0,0,0,0,0,0,0,0,0,0,0,0,0,0,0,0,0,0,0,0,0,0,0,0,0,0,0,0,0,0,0,0,0,0,0,0,0,0,0,0,0,0,0,0,0,0,0,0,0,0,0,0,0,0,0,0,0,6,0,0,0,0,0,0,0,0,0,0,0,0,0,0,0,0,0,0,0,0,7,0,0,0,0,0,0,0,0,0,0,0,0,0,0,0,0,0,0,0,0,0,0,0,0,0,6,0,0,0,0,0,0,0,0,0,0,0,0,0,0,0,0,0,0,0,0,0,0,0,0,0,0,0,0,0,0,0,0,0,0,0,0,0,0,0,0,2,0,0,0,0,0,0,0,0,0,0,0,0,0,0,0,0,0,0,0,0,0,0,0,0,0,0,0,0,0,0,0,0,0,2,0,11,0,0,0,0,4,0,0,0,0,0,0,0,0,0,0,0,0,0,144,0,0,0,0,0,0,0,0,0,0,0,0,0,0,0,0,0,0,0,0,0,0,0,0,0,0,0,0,0,0,0,0,0,0,0,0,0,0,0,0,0,0,0,0,0,0,0,0,0,0,0,0,0,0,0,0,0,0,0,0,0,0,23,0,370,0,0,0,0,0,0,2,2084,0,0,0,0,0,0,0,0,0,0,0,0,0,0,0,0,0,0,0,0,0,317,0,0,0,0,0,0,0,0,0,0,0,0,0,0,0,0,0,0,0,0,0,0,0,0,0,0,0,0,0,0,0,0,0,0,0,1,0,0
"D465",5,11,145,160,0,0,64,22,185,0,6,0,0,9,0,0,0,0,16,67,0,2,0,0,0,0,0,0,0,0,22,0,252,2,0,0,1,0,0,7,0,0,70,29,305,0,33,0,333,0,0,0,0,0,0,161,0,124,0,3,0,0,8,0,293,16,0,0,266,0,198,0,0,143,0,69,15,0,0,71,3,0,0,0,5,168,0,0,56,20,152,5,0,2,0,9,16,0,0,2,5,0,4,0,0,22,1,0,0,30,0,6,0,34,0,0,0,0,0,0,3,0,9,5,43,0,0,2,208,0,0,0,11,80,4,0,0,0,0,1,1,0,0,463,14,677,1,0,0,1,0,3,0,2,29,0,0,0,0,0,37,0,357,12,0,0,0,0,24,0,0,363,105,0,0,107,0,0,0,0,2,0,0,21,0,0,0,0,1,0,0,1539,0,0,0,0,54,51,0,0,0,0,22,0,0,232,0,107,0,111,9,0,1,0,15,119,0,0,0,10,0,0,0,0,0,6,158,0,153,71,0,0,1,0,0,0,21,0,18,0,0,5,0,4,0,2,0,20,0,0,114,7,3,0,0,0,0,178,0,0,10,0,0,0,0,13,1,0,16,0,0,90,0,0,0,7,0,0,16,11,0,0,0,0,39,287,159,0,5,0,0,0,2,11,6,0,4,5,0,212,4,12,2,0,0,4,0,39,12,0,0,2,0,0,2,0,3319,77,0,166,0,0,0,0,0,4,14,29,0,0,0,7,0,5,7,0,0,115,15,0,0,0,0,35,0,0,7,8,0,0,0,8,202,0,8,27,0,0,0,0,0,0,7,55,0,0,0,24,172,0,39,21,1,0,2,2,0,70,10,11,0,78,0,0,4,0,1,0,0,30,1,641,10,3,0,0,0,558,0,0,0,0,8,0,31,0,20,1,0,0,175,0,0,4,257,14,0,0,1331,15,83,0,6,0,205,297,0,69,0,0,143,0,2,115,0,6,24,38,0,0,63,36,0,180,8,0,0,0,6,0,0,0,6,0,0,0,0,0,0,0,8,23,0,0,94,26,0,0,66,500,54,373,0,0,0,0,5,0,5,0,41,507,2,0,0,0,0,0,296,133,115,0,0,0,0,0,0,0,0,30,0,0,0,0,0,2,60,0,27,0,0,4,0,194,0,19,1,0,0,0,9,0,10,19,0,339,8,0,24,0,0,0,0,0,0,0,0,0,0,5,35,40,12,0,306,8,0,0,0,0,7,15,0,0,9,0,0,0,4,0,3,0,17,462,0,0,11,0,0,0,0,0,24,137,9,2,0,0,0,10,29,16,0,2,0,5,0,0,6,1,0,0,0,0,1,0,0,0,36,34,0,1,767,0,0,0,136,0,0,0,0,13,43,28,0,0,0,0,0,0,0,5,0,3,3,0,6,0,158,0,1309,0,732,0,0,0,2,0,32,169,0,0,0,7,0,0,40,51,0,0,48,3,0,0,7,431,2,1,133,0,88,0,0,0,0,0,2,0,0,0,0,0,36,0,10,50,0,1,0,0,0,2,0,0,0,0,6,20,0,50,0,50,0,0,0,0,0,299,675,0,10,4,0,6,0,2,0,0,0,0,0,22,0,0,0,0,54,0,0,10,0,38,8,0,0,2095,0,0,0,7,0,124,11,0,12,0,14,0,0,0,0,0,1,316,11,14,0,0,18,78,0,13,36,1,0,0,296,0,0,9,0,0,0,0,0,0,0,943,88,0,8,34,11,0,0,0,8,40,0,2,0,0,247,0,0,23,0,0,0,59,0,27,3,6,448,95,62,11040,8,2,0,0,242,1,0,0,9,0,0,0,0,7,0,5,0,0,275,0,2,0,0,0,10,0,13,113,0,0,0,0,0,3,5,671,0,0
"D466",0,0,0,0,0,0,0,2,0,99,0,0,0,0,0,0,0,0,0,0,0,0,0,0,0,0,0,0,0,74,0,0,0,0,0,0,0,0,0,0,0,0,0,0,0,0,0,0,0,0,0,0,0,0,0,0,0,0,0,0,0,0,0,0,0,0,0,0,0,0,0,0,0,0,0,0,0,0,0,0,0,0,0,111,0,0,0,0,0,0,0,0,0,0,113,0,0,0,0,0,0,0,0,0,0,0,0,0,0,0,0,0,0,0,0,0,0,0,0,0,0,0,0,0,0,0,0,0,0,0,0,0,0,0,0,0,0,0,0,0,0,0,17,0,0,0,0,0,0,0,0,0,0,0,1,0,0,0,0,0,0,0,0,0,0,0,0,0,0,0,0,0,0,0,0,0,0,0,4,1,0,0,0,0,0,0,0,0,0,0,0,0,0,0,0,0,0,0,0,22,0,0,0,0,0,0,0,4,0,0,0,0,0,0,0,0,0,0,0,0,0,0,0,0,0,0,0,0,0,0,36,0,0,0,0,0,0,0,0,0,0,0,0,0,0,0,0,0,0,0,0,0,0,0,0,0,0,0,0,0,0,0,0,0,0,0,0,0,0,0,0,0,0,0,0,0,0,0,0,0,0,0,0,0,0,0,0,0,0,0,0,0,0,0,0,0,0,0,0,0,0,22,4,0,0,0,0,0,0,0,0,0,0,0,14,0,0,0,0,0,0,0,0,0,0,0,0,0,0,0,0,0,0,0,0,0,0,0,0,0,0,0,0,0,0,0,0,0,0,0,0,19,0,0,0,0,0,0,0,1537,0,0,0,0,6,0,0,0,0,0,0,0,0,0,0,0,0,0,0,0,0,0,0,65,0,0,0,0,2,0,0,0,0,0,0,0,0,0,0,0,0,0,0,5,0,0,0,0,0,0,0,0,0,0,0,0,0,0,757,0,0,0,0,0,0,44,0,0,0,0,0,0,0,0,0,0,0,0,0,0,0,0,0,0,0,0,0,0,0,3,0,0,0,0,0,0,0,0,684,0,0,0,0,0,0,0,386,0,0,0,0,0,0,0,0,0,0,77,0,0,0,0,0,42,0,0,0,0,0,0,0,0,0,0,0,0,0,0,0,55,0,0,0,0,9,0,0,0,0,0,0,0,0,0,0,0,0,0,0,0,0,0,0,0,0,0,0,0,0,0,0,0,0,0,0,0,0,0,0,0,0,0,0,0,0,0,0,0,0,0,0,0,0,3,0,0,0,0,0,0,0,0,0,0,0,0,0,0,0,0,0,0,0,0,0,0,0,0,0,0,0,0,0,0,0,0,0,0,0,0,0,0,0,0,0,0,0,0,0,0,0,0,0,0,0,0,0,0,0,0,0,0,0,0,0,0,0,0,0,0,0,0,0,0,0,0,0,0,0,1265,0,0,0,0,0,0,0,0,0,0,0,0,0,0,0,0,0,25,0,0,0,0,0,0,0,0,0,0,0,0,0,13,0,0,0,0,0,0,0,0,0,0,0,0,0,0,0,0,0,0,0,10,0,0,0,0,0,0,28,0,0,0,0,0,0,0,0,0,0,0,0,0,0,0,0,0,0,0,0,0,0,0,0,0,0,63,0,0,0,0,0,0,5,0,0,0,0,18,0,0,0,0,0,0,0,0,0,0,0,0,0,0,0,0,6,0,0,0,0,0,0,0,0,0,0,0,0,0,0,0,0,0,0,0,0,0,0,0,0,0,0,0,0,0,0,102,0,0,0,0,0,0,0,0,2,0,0,0,0,0,0,0,0,0,0,0,0,329,0,0,0,0,0,0,0,0,0,0,0,0,0,0,0,0,0,0,0,0,0,0,0,0,0,0,0,0,0,0,0,0,0,0,0,0,0,0
"D467",0,0,0,2,0,0,0,0,0,0,0,0,2,0,0,0,0,0,0,0,0,0,0,0,0,0,0,0,0,0,0,0,0,0,0,0,0,0,0,3,0,0,0,0,0,0,0,0,0,0,0,0,0,0,0,0,0,0,0,0,0,0,0,0,0,0,0,0,0,0,0,0,0,0,0,0,0,0,0,0,0,0,0,0,0,0,4,0,0,0,0,0,0,0,0,0,0,0,0,0,0,0,0,0,0,0,0,0,0,0,0,0,0,0,0,0,0,0,0,0,0,0,0,0,0,0,0,0,0,0,0,0,0,0,0,0,0,0,0,0,0,0,0,0,0,0,0,0,12,0,0,0,0,0,0,0,0,1,0,0,0,0,0,0,0,0,0,0,0,0,0,0,0,0,0,0,0,0,0,0,0,0,0,0,0,0,0,0,0,0,0,0,0,0,0,0,0,0,0,0,0,0,0,0,0,0,0,0,0,0,0,0,0,0,0,0,0,0,0,0,0,0,0,0,0,0,0,0,0,0,0,0,0,0,0,0,0,2,0,0,0,0,0,0,0,0,0,0,0,0,0,0,0,0,0,0,0,0,0,0,0,0,5,0,0,0,5,0,0,0,0,0,0,0,0,0,0,0,0,0,0,0,0,0,0,0,0,0,0,0,0,0,0,0,0,0,0,0,0,0,0,0,0,0,0,0,0,0,0,0,0,0,0,0,0,0,0,0,0,0,0,0,0,0,0,0,0,0,0,0,0,0,0,0,0,0,0,0,0,0,0,0,0,0,0,0,0,0,0,0,0,0,0,0,0,0,0,0,0,0,0,0,0,0,6,0,0,0,0,0,0,0,0,0,0,0,0,0,0,0,0,0,0,0,0,0,0,0,0,0,0,0,0,0,0,0,0,0,0,0,0,0,0,0,0,0,0,0,0,0,0,0,0,0,0,0,0,0,0,0,0,0,0,0,0,0,0,0,0,0,0,0,0,0,0,0,0,0,0,0,0,0,0,0,0,0,0,0,0,0,0,0,0,0,0,0,0,0,0,0,0,0,0,0,0,0,0,0,0,0,0,0,0,0,0,0,0,0,0,0,0,0,0,0,0,0,0,0,0,0,0,0,0,0,0,0,0,0,0,0,0,0,0,0,2,0,0,0,0,0,0,0,0,0,0,0,0,0,0,0,0,0,0,0,0,0,0,0,0,0,0,0,0,0,0,0,0,0,2,0,0,0,0,0,0,0,0,0,0,0,0,0,0,0,0,0,0,0,0,0,0,0,0,0,0,0,0,0,0,0,0,0,0,0,0,0,0,0,0,0,0,0,0,0,0,0,0,0,0,0,0,0,0,0,0,0,0,0,0,0,0,0,0,0,0,0,0,0,0,0,0,0,0,0,0,0,0,0,0,0,0,0,0,0,0,0,0,0,0,0,0,0,0,0,0,0,0,0,0,0,2,0,0,0,0,0,0,0,0,0,0,0,0,0,0,0,0,3,0,0,0,0,0,0,0,0,0,0,0,2,0,0,0,0,0,0,0,0,1,0,0,0,0,0,0,0,0,0,0,0,0,0,0,0,0,0,0,0,0,0,0,0,0,0,0,0,0,0,0,0,0,0,0,0,0,0,0,0,0,0,0,0,0,0,0,0,0,0,0,0,0,0,0,0,0,0,0,0,0,0,0,0,0,0,0,0,0,0,0,0,0,0,0,0,0,0,0,0,0,0,0,0,0,0,0,0,0,0,0,0,0,0,0,0,0,0,0,0,0,0,0,0,0,0,3,0,0,0,0,0,0,0,0,0,0,0,0,0,0,0,0,0,0,0,0,0,0,0,0,0,0,0,0,0,0,0,0,0,0,0,0,0,0,0,0,0,0,0,0,0,0,0,0,0,0,0
"D468",20,6,13,0,3,59,19,1,0,150,3,0,3,0,0,0,0,0,0,0,0,0,0,0,0,0,0,0,0,42,37,0,3,0,0,0,0,33,0,0,0,0,0,0,0,10,98,1,0,0,0,0,0,0,0,0,0,0,0,0,17,0,0,0,0,6,24,0,38,0,0,24,0,0,0,0,0,27,0,0,0,0,0,0,0,0,100,0,0,13,0,0,0,0,117,0,0,0,0,0,0,0,0,0,0,2,7,0,10,0,3,0,0,0,0,24,0,0,0,1,0,0,0,0,0,2,0,0,0,0,0,0,2,0,0,0,0,0,0,3,0,17,0,0,2,0,0,0,8951,0,7375,0,0,0,43,0,2,66,0,0,0,5,0,0,0,0,0,0,2,2,0,0,0,17,0,0,0,0,72,64,0,0,0,0,0,23,0,0,0,0,0,3,0,0,23,0,0,16,0,6,0,2,0,0,0,7,0,9,0,0,0,14,3,0,0,0,27,0,0,0,0,0,0,0,0,0,16,0,0,0,314,0,0,0,0,673,0,0,0,0,0,0,0,0,0,0,0,0,0,0,45,4,0,71,0,8,0,60,0,0,2,0,0,0,0,0,50,26,0,0,0,0,0,1,0,0,0,3,0,0,0,0,0,0,0,0,0,0,0,0,0,0,0,0,0,19,0,2,0,6,0,0,7,21,30,3,0,0,0,0,0,2,0,0,10,0,0,0,0,2,0,0,0,0,0,0,2,0,0,0,0,2,482,0,7,1,0,5,1,6,0,0,0,13,0,0,0,0,0,0,0,0,3,0,0,0,0,0,4,0,0,0,3,0,5121,2,0,570,0,0,0,0,0,0,0,0,0,0,0,0,0,0,1,103,0,3,0,0,21,0,0,2,0,0,0,0,0,12,108,99,0,0,62,220,4,0,4,0,22,0,0,0,0,0,2,0,0,5,9,0,0,2,0,0,0,43,0,0,28,0,0,5,0,6,0,1,0,0,0,5,0,2,2,4,0,130,0,0,0,95,0,0,0,0,0,0,0,0,37,0,0,0,0,0,0,0,20,2,0,0,0,7,0,16,0,0,0,86,0,0,36,0,0,5,0,149,0,0,5,0,0,0,7,0,0,0,14,2,0,16,0,0,0,0,7,0,0,0,0,0,37,4,0,8,0,4,24,0,0,0,8,0,0,0,0,0,0,0,0,0,0,16,45,0,0,0,0,0,3,0,0,0,0,0,0,0,0,0,0,0,0,0,0,11,1,0,0,0,0,0,13,0,0,18,0,0,0,15,0,22,0,1,0,1,0,0,8,0,0,0,0,0,0,0,2,0,0,0,0,0,0,0,13,0,0,0,0,0,0,0,0,0,0,0,20,0,1,0,0,0,0,0,25,0,0,0,0,0,0,0,0,0,0,0,0,0,0,0,5,7,171,0,0,2,0,0,0,0,0,0,159,0,12,2,0,0,0,126,44,0,0,0,0,0,0,0,0,2,8,0,0,12,0,0,0,0,0,0,0,113,0,52,0,0,0,0,1494,0,0,0,0,2,0,0,0,0,0,0,0,0,0,0,0,4,30,0,0,0,0,0,0,0,0,4,0,0,0,0,0,2,8,0,0,0,0,2,0,0,0,0,0,0,0,14,0,66,0,54,559,0,1,3,0,0,0,0,0,0,34,0,0,0,0,2,18,0,2,0,0,0,0,0,0,0,0,27,0,0,0,5,0,0,0,0,0,0,2,0,0,3,0,2,0,29,2,0,0,0,0,0,0,0,3,1,91,0,0,0,0,0,0,0,0,0,0,0,0,12,0,0,0,0,1,0,0,0,0,0,0,0,0,0,0,0,32,0,0,0,0,0,6,0,0,0,0,3,0,0,3,0,0,24,0,30,0,0
"D469",0,0,0,0,0,0,0,0,0,0,0,0,0,0,0,0,0,0,0,0,0,0,0,0,0,0,0,0,0,0,0,0,0,0,0,0,0,0,0,0,0,0,0,0,0,0,0,0,0,0,0,0,0,0,0,0,0,0,0,0,0,0,0,0,0,0,0,0,0,0,0,0,0,0,0,0,0,0,0,0,0,0,0,0,0,0,15,0,0,0,0,0,0,0,0,0,0,0,0,0,0,0,0,0,0,0,0,0,0,0,0,0,0,0,0,0,0,0,0,0,0,0,0,0,0,0,0,0,0,0,0,0,0,0,0,0,0,0,0,0,0,0,0,0,0,0,0,0,2,0,0,0,0,0,0,0,0,0,0,0,0,0,0,0,0,0,0,0,0,0,0,0,0,0,0,0,0,0,0,0,0,0,0,0,0,0,0,0,0,0,0,0,0,0,0,0,0,0,0,0,0,0,0,0,0,0,0,0,0,0,0,0,0,0,0,0,0,0,0,0,0,0,0,0,0,0,0,0,0,0,0,0,0,0,0,0,0,0,0,0,0,0,0,0,0,0,0,0,0,0,0,0,0,0,0,0,0,0,0,0,0,0,0,0,0,0,0,0,0,0,0,0,0,0,0,0,0,0,0,0,0,0,0,0,0,0,0,0,0,0,0,0,0,0,0,0,0,0,0,0,0,0,0,0,0,0,0,0,0,0,0,0,0,0,0,0,0,0,0,0,0,0,0,0,0,0,0,0,0,0,0,0,0,0,0,0,0,0,0,7,0,0,0,0,0,0,0,0,0,0,0,0,0,0,0,0,0,0,0,0,0,0,0,0,0,0,0,0,0,0,0,0,0,0,0,0,0,0,0,0,0,0,0,0,0,0,0,0,0,0,0,0,0,0,0,0,0,0,0,0,0,0,0,0,0,0,0,0,0,0,0,0,0,0,0,0,0,0,0,0,0,0,0,0,0,0,0,0,14,0,0,0,0,0,0,0,0,0,0,0,0,0,0,0,0,0,0,0,0,0,0,0,0,0,0,0,0,0,0,187,0,0,0,0,0,0,0,0,0,0,0,0,0,0,0,0,0,0,0,0,0,0,0,0,0,0,0,0,0,0,0,0,0,0,0,0,0,0,0,0,0,0,0,0,0,0,0,0,0,0,0,0,0,0,0,0,0,0,0,0,0,0,0,0,0,0,0,0,0,0,0,0,0,0,0,0,0,0,0,0,0,0,0,0,0,0,0,0,0,0,0,0,0,0,0,0,0,0,0,0,0,0,0,0,0,0,0,0,0,0,0,0,0,0,0,0,0,0,0,0,0,0,0,0,0,0,0,0,0,0,0,0,0,0,0,0,0,0,0,0,0,0,0,0,0,0,0,0,0,0,0,0,0,0,0,0,0,0,0,0,0,0,0,0,0,0,0,0,0,0,0,0,0,0,0,0,0,0,0,0,0,0,0,0,0,0,0,0,0,0,0,0,0,0,0,0,0,0,0,0,0,0,0,0,0,0,0,0,0,0,0,0,0,0,0,0,0,0,0,0,0,0,0,0,0,0,0,0,0,0,0,0,0,0,0,0,0,0,0,0,0,0,0,0,0,0,0,0,0,0,0,0,0,0,0,0,0,0,0,0,0,0,0,810,0,0,0,0,0,0,0,0,0,0,0,0,0,0,0,0,0,0,0,0,0,0,0,0,0,0,0,0,0,0,0,0,0,0,0,0,0,0,0,0,0,0,0,0,0,0,0,0,0,0,0,0,0,0,0,0,0,0,0,0,0,0,0,0,0,0,0,0,0,0,0,0,0,0,0,0,0,0,0,0,0,0,0,0,0,0,0,0,0,0,0,0,0,0,0,0,0,0,0,0,0,0,0,0,0,0,0,0,0,0,0,0
"D470",2,50,116,0,0,0,5,4,0,0,0,0,0,0,0,4,32,0,15,0,0,14,7,0,0,2,0,233,0,0,90,0,0,2,0,0,0,0,0,0,0,0,0,5,0,9,0,0,0,53,0,1,7,0,0,207,0,297,0,21,0,0,14,0,18,1,0,0,78,0,0,0,0,1,0,0,10,0,0,297,0,0,0,0,0,10,0,0,0,2,0,86,0,0,49,0,0,0,0,0,33,0,0,34,0,3,7,0,0,0,2,3,0,0,0,0,0,0,0,77,0,0,1,0,8,0,0,0,14,0,0,0,0,0,10,0,0,0,0,2,0,0,0,0,27,313,34,0,0,21,0,8,2,0,0,0,0,0,0,0,0,0,315,0,0,97,43,0,0,0,9,0,0,6,5,25,0,0,3,0,0,0,4,8,0,0,0,0,5,0,0,21,4,0,0,0,0,30,0,0,1,0,0,41,0,293,0,18,0,4,15,0,0,0,0,130,0,0,0,0,0,0,0,14,326,9,3,0,185,25,0,0,1,0,1,0,0,0,13,0,10,0,9,7,0,0,0,0,3,0,1,0,3,0,0,15,0,30,1,0,0,0,2,0,0,7,7,0,19,0,0,370,0,0,34,0,0,0,0,41,11,8,0,0,0,0,0,0,0,0,0,0,0,0,0,0,27,0,0,78,1112,0,4,0,0,34,8,54,0,0,0,0,0,12,20,0,1617,0,0,4,4,0,0,0,0,0,0,0,0,0,8,0,0,0,0,3,520,37,0,0,20,0,0,0,0,32,0,0,0,0,0,0,2,23,16,0,0,0,179,0,53,0,0,0,0,0,2,0,66,0,0,0,0,0,0,0,0,0,3,10,0,93,0,1,0,0,0,0,0,0,0,54,33,2,0,0,0,566,0,0,0,0,0,0,5,0,0,2,0,0,32,0,0,0,0,0,0,0,43,36,3,0,8,5,143,15,3,0,0,0,43,0,16,57,10,508,0,0,0,0,0,28,1,6,2,0,0,0,25,0,0,94,37,15,6,0,0,0,0,0,17,110,2,0,46,0,3,10,50,111,0,93,0,8,4,0,0,0,160,21,1,9,0,0,0,4,29,0,35,42,0,0,0,0,0,0,0,8,152,0,17,0,0,0,2,0,0,0,0,18,0,123,2,57,0,0,158,5,101,0,1,3,42,77,0,29,0,0,30,118,0,0,0,0,0,0,0,0,0,0,191,17,0,0,0,0,0,10,0,0,4,0,0,0,0,0,0,0,28,0,0,0,0,73,0,0,0,0,0,0,0,0,4,58,0,0,0,0,9,0,0,11,0,0,0,0,0,0,62,0,388,0,0,30,0,0,0,47,26,0,0,4,312,1,6,0,0,0,0,0,0,26,67,0,0,1,37,5,0,0,4,0,0,5,131,3,4,0,0,5,39,0,0,40,0,5,2,18,77,16,0,0,0,0,0,0,5,1,0,4,7,5,0,0,19,0,0,7,0,0,4,1,84,1,5,0,0,0,0,0,0,0,83,0,0,0,0,0,0,0,0,0,0,0,0,0,2,0,0,0,0,97,0,0,0,0,0,761,483,0,38,55,0,0,0,26,0,15,0,0,0,44,0,0,0,0,0,0,0,69,14,46,18,0,0,1521,0,0,0,21,0,29,8,1,7,0,0,5,0,29,0,67,33,29,11,0,0,0,0,10,6,0,0,0,0,0,56,0,3,2,7,0,0,0,0,0,4,0,0,34,0,4,10,0,0,0,2,0,0,0,0,0,51,0,3,0,0,0,0,0,0,0,147,0,25,0,0,7277,0,2,0,0,27,0,0,0,2,13,0,0,0,3,0,10,0,0,17,0,0,0,0,0,0,8,2,184,0,0,0,4,13,0,0,6,0,0
"D471",12,19,20,17,0,0,0,1,2,0,38,0,0,0,2,2,18,0,7,0,0,0,4,0,0,0,0,13,0,0,3,0,0,2,4,2,0,0,0,0,0,4,5,0,1,26,0,0,2,0,0,0,0,0,0,10,0,15,0,0,0,0,16,0,0,3,0,0,69,0,2,0,0,0,0,0,0,2,0,0,30,0,0,0,6,2,0,0,0,2,0,0,0,2,165,0,0,0,0,0,0,0,0,2,0,7,5,0,0,0,0,0,0,0,0,0,0,0,0,90,0,0,0,0,3,0,0,0,2,0,0,0,0,0,35,0,0,0,0,0,0,0,0,0,0,80,9,0,0,5,0,0,0,0,0,0,0,0,0,7,0,0,15,0,2,0,0,0,0,0,7,0,7,0,11,47,0,0,0,7,0,0,6,11,0,0,0,0,1,0,0,0,0,0,0,0,0,19,0,0,0,0,0,8,0,46,0,12,0,18,6,0,0,0,0,15,0,0,0,0,0,5,0,0,7,2,0,0,0,5,41,0,0,0,0,0,0,0,0,0,6,0,0,26,0,0,0,0,0,0,3,4,0,0,0,0,0,0,2,0,3,0,0,0,0,4,0,0,0,0,0,0,0,0,1,2,0,6,0,4,0,2,0,0,0,0,3,0,3,9,6,0,0,0,0,0,5,3,0,17,4,0,2,0,0,0,0,0,0,0,0,1,0,0,5,0,69,5,0,11,0,0,0,0,0,0,0,0,0,0,0,0,18,0,0,5,0,28,4,0,0,0,0,0,0,0,0,0,0,0,0,25,7,4,0,0,0,0,37,0,1,0,0,0,0,0,0,0,0,0,11,30,0,0,0,0,0,0,2,0,0,13,1,0,0,0,0,2,4,0,0,174,5,4,0,0,0,39,0,0,0,1,0,0,14,0,2,4,0,0,0,0,0,2,0,0,0,0,35,0,3,0,0,0,6,0,2,8,0,0,10,3,0,26,3,4,0,24,0,0,0,11,5,8,5,0,0,0,0,0,0,7,3,14,0,0,0,0,0,0,0,2,18,0,14,0,0,0,8,9,0,31,0,6,31,0,0,0,22,9,11,3,0,0,0,0,2,0,1,0,6,0,0,0,0,0,0,26,0,0,0,0,0,0,0,0,0,6,0,5,0,9,2,0,0,0,9,2,0,0,0,0,20,7,0,0,1,13,0,0,0,0,0,7,0,3,0,0,0,0,60,2,0,0,17,0,0,0,0,0,0,5,32,0,0,0,0,0,14,0,0,10,21,23,0,0,3,0,0,0,0,11,2,7,0,0,0,0,0,2,2,8,0,15,0,0,0,0,7,0,83,0,0,0,0,0,0,0,13,0,0,0,0,5,4,0,4,0,0,0,2,1,7,0,0,5,1,0,0,0,0,0,0,2,5,0,0,0,0,0,0,0,0,0,0,0,0,2,0,8,0,0,0,0,0,0,0,1,11,2,0,4,0,0,5,0,0,5,1,0,27,0,16,3,9,0,0,0,3,0,0,0,7,0,0,0,12,0,0,0,0,0,0,0,0,0,5,0,0,0,0,3,0,0,0,0,0,54,19,2,2,9,0,3,11,2,0,1,0,0,4,0,2,0,3,0,3,0,0,12,4,4,2,0,0,254,0,0,0,0,0,8,3,0,34,0,3,0,0,0,0,0,20,9,3,0,0,0,0,12,0,0,2,4,1,0,2,0,0,0,0,0,0,0,4,0,0,0,0,3,2,2,8,0,0,0,5,0,0,0,0,2,22,3,2,0,0,0,0,0,0,1,0,0,19,0,0,95,0,2,0,0,5,0,0,0,0,0,0,0,0,0,0,25,0,0,0,0,0,0,8,0,5,0,0,75,0,0,4,0,3,0,0,3,0,9
"D472",0,0,0,0,0,1122,0,1,0,71,0,0,9,0,0,0,0,0,0,0,0,0,0,0,0,0,0,0,0,12,0,0,0,0,0,0,0,10,0,0,0,0,0,0,0,0,29,6,0,0,0,10,0,0,0,0,0,0,0,0,0,0,0,0,0,0,68,0,0,0,0,10,0,0,0,0,0,7,0,0,0,0,0,25,0,0,285,0,0,0,0,0,0,0,30,0,0,0,0,0,0,0,0,0,0,0,0,0,0,8,0,0,0,0,0,0,0,0,0,0,0,0,0,0,0,0,0,0,0,0,0,0,0,0,0,0,0,0,0,0,0,149,0,0,0,0,0,0,8652,0,882,0,0,0,0,0,0,70,0,0,0,0,0,0,0,0,0,0,0,0,0,0,0,3216,0,5,0,0,138,0,0,0,0,0,0,691,0,0,0,0,0,0,0,83,91,0,0,0,0,0,0,0,0,0,0,0,0,0,0,0,0,1,0,0,0,0,81,0,0,0,0,0,0,0,0,0,0,0,0,0,4,0,0,0,0,9439,0,0,0,0,0,0,0,0,0,0,0,0,0,0,0,0,0,4,0,0,0,5,0,0,0,0,107,0,0,0,4,10,0,0,0,0,0,0,0,0,0,0,0,0,0,0,0,0,0,0,0,0,0,0,0,0,0,0,0,0,6,0,0,0,0,0,0,178,92,0,0,0,0,0,0,0,0,0,10,0,0,0,0,0,0,0,0,0,0,0,0,0,0,0,0,0,100,0,0,0,0,0,0,0,0,0,0,5,0,0,0,0,0,0,0,0,0,0,0,0,0,0,0,0,0,0,0,0,1434,0,0,30,0,0,0,0,0,0,0,0,0,0,0,0,0,0,0,8,0,0,0,0,0,0,0,0,0,0,0,0,0,10,215,0,0,0,0,20,0,70,0,0,0,0,0,0,0,3,0,0,0,0,0,0,0,0,0,0,0,3,0,0,21,0,5,0,0,0,0,0,0,0,0,190,0,19,0,0,0,216,0,0,0,4,0,0,0,0,0,0,0,0,5,0,0,0,0,0,0,0,653,0,0,0,0,0,0,0,0,0,0,3,0,0,0,0,0,1,0,1261,0,0,0,0,0,0,4,0,0,0,72,0,0,0,0,0,0,0,0,0,0,57,0,0,3,0,0,0,0,0,0,0,0,0,0,0,0,0,0,0,0,0,0,0,0,15,0,0,0,0,0,0,0,113,0,0,0,0,0,0,0,0,0,0,0,0,0,0,0,0,0,0,0,0,0,0,0,0,0,0,0,263,0,84,0,0,0,0,0,0,30,0,0,0,0,0,0,0,0,0,0,0,0,0,0,0,0,4,0,0,0,0,0,0,0,0,0,0,0,0,0,0,0,0,14,0,0,0,0,0,0,0,0,0,0,0,0,0,0,0,0,0,15,11,9,0,0,0,0,0,0,0,0,0,0,0,52,0,0,0,0,0,3,0,0,0,0,0,0,0,0,0,0,0,0,0,0,0,0,0,0,0,0,0,0,23,0,0,0,0,0,0,0,0,0,0,0,0,0,0,0,0,5,0,0,0,0,150,5,0,0,0,0,0,0,0,0,0,0,0,0,0,0,0,0,0,0,0,0,0,0,0,12,0,0,0,0,0,0,7,0,150,50,0,0,0,0,0,0,0,0,0,0,0,0,0,0,0,0,0,0,0,0,0,0,0,0,0,0,0,0,0,0,0,0,0,0,0,0,7,0,9,0,0,0,0,0,20,0,0,0,0,0,0,0,0,0,29,19,0,0,0,0,0,0,0,0,0,0,0,0,0,0,0,0,0,0,0,0,0,0,0,0,0,0,0,0,0,40,0,0,0,0,0,0,0,0,0,0,0,0,0,0,0,0,0,0,24,0,0
"D473",0,0,0,0,0,0,0,0,0,0,4,0,0,13,0,0,0,0,0,0,21,25,0,0,0,0,0,0,68,0,0,9,0,0,0,0,0,0,0,0,0,0,0,0,0,0,0,0,0,0,0,0,0,0,0,0,5958,0,0,0,0,0,0,0,12,5,0,0,14,0,0,0,0,0,0,0,0,0,0,0,0,0,0,0,0,0,0,0,196,0,0,0,0,0,0,0,1,0,0,0,0,12,0,0,0,1,0,0,0,0,0,0,0,0,0,0,0,0,0,0,14,0,0,0,0,0,0,0,0,0,0,0,0,0,0,0,0,0,0,0,0,0,0,0,0,0,0,0,0,0,0,0,0,0,0,0,0,0,0,0,0,0,0,93,0,0,0,0,0,0,0,0,0,0,0,0,0,4,0,0,0,0,0,0,0,0,0,0,0,0,0,0,0,0,0,0,0,0,0,0,0,0,0,0,0,0,2,0,0,0,0,0,0,0,0,0,0,0,0,0,0,0,0,496,0,0,0,0,0,0,0,0,0,0,0,0,0,0,0,2,0,0,0,0,0,0,0,0,0,0,0,0,0,0,0,0,0,0,0,0,0,0,3,0,0,0,0,0,0,0,0,0,0,0,0,0,0,0,0,0,0,0,0,0,0,0,0,0,0,0,0,0,0,0,0,0,0,0,0,0,0,0,0,0,0,0,0,0,0,0,0,0,0,0,147,15,0,0,0,0,0,0,0,0,0,0,0,0,0,0,0,0,0,0,0,0,0,126,0,0,13,0,0,0,0,0,0,0,0,0,0,0,0,0,0,0,0,0,0,0,0,33,0,0,0,0,0,0,0,0,0,0,0,0,0,0,0,0,0,0,0,0,0,0,0,0,0,0,0,0,0,0,0,0,0,0,0,124,0,0,0,0,0,0,0,0,0,0,0,0,0,0,0,0,0,0,0,0,36,0,0,0,0,0,0,0,0,0,0,0,0,0,0,0,0,0,0,0,0,0,0,0,0,0,0,0,0,8,0,0,0,0,0,0,0,0,0,0,0,0,0,0,0,0,0,0,0,0,0,0,0,0,0,0,0,0,0,0,0,0,0,0,0,0,0,0,0,0,0,0,52,0,0,0,0,0,0,0,0,0,0,0,2,0,0,0,0,0,0,0,0,0,0,0,0,0,0,0,0,0,0,0,0,0,0,0,0,0,0,242,0,0,0,0,0,0,0,0,0,0,0,0,0,0,0,0,0,0,0,0,0,0,0,0,0,0,32,0,0,0,0,0,0,0,0,0,0,0,0,0,0,0,0,0,0,278,0,0,0,0,0,0,0,0,0,0,0,0,0,0,0,0,0,202,0,0,0,0,0,0,0,0,0,0,0,0,0,0,0,0,0,0,0,0,0,0,0,0,0,0,120,0,0,0,0,0,0,0,0,0,0,0,0,4,0,0,0,0,0,0,0,0,0,0,0,0,0,0,0,0,0,0,0,0,0,0,0,0,0,0,0,0,0,0,0,0,0,0,0,0,0,0,0,0,0,0,0,0,0,0,0,0,0,0,0,0,0,0,0,0,4,0,0,0,0,0,0,0,0,0,0,0,0,0,0,0,0,0,0,0,0,0,22,0,0,0,0,0,0,0,69,0,8,0,0,0,0,0,0,0,0,0,0,720,0,0,0,0,0,0,0,0,0,0,0,0,0,0,0,0,0,0,0,0,0,0,312,0,0,0,0,22,7,10,0,0,0,4,0,0,1,0,4,0,0,0,0,0,0,0,0,0,0,1,0,0,0,0,0,0,0,0,0,0,0,0,0,14,0,0,0,0,0,20,0,0,0,0,60,2,0,0,0,0,0,0,0,0,0,0,0,0,0,0,220,0,31,0,0,0,0,0,0,0,0,0
"D474",0,0,0,0,0,0,0,0,0,0,0,0,0,0,166,0,0,0,0,0,0,0,0,0,0,0,0,0,0,0,0,0,0,0,0,0,0,0,787,0,0,0,0,0,0,0,0,3952,0,0,0,0,0,0,0,0,0,0,44,0,0,0,0,0,0,0,0,0,0,0,0,0,1518,0,0,0,0,0,0,0,0,0,0,0,0,0,0,0,0,0,0,0,0,0,0,0,0,42,0,0,0,0,0,0,0,0,0,0,0,0,0,0,0,0,971,0,0,423,0,0,0,0,0,0,0,0,0,0,0,0,0,0,0,0,0,0,0,0,930,9,0,0,0,0,0,1656,0,0,0,0,0,0,0,0,0,0,0,77,0,0,0,0,0,0,0,0,0,0,0,0,0,0,0,0,0,0,0,0,0,0,0,0,0,0,0,0,0,0,0,473,0,0,0,0,0,0,0,0,0,0,0,0,0,0,0,0,0,0,0,0,0,0,0,321,0,0,10,0,0,0,0,0,0,0,0,0,0,0,0,0,0,0,0,0,0,0,0,0,0,0,0,0,0,0,0,0,826,0,0,0,0,0,0,0,0,0,0,0,0,4,0,0,0,706,0,0,0,0,0,0,0,0,0,0,0,0,0,0,0,0,0,0,0,0,0,0,0,0,0,0,0,0,0,0,0,0,0,0,0,0,0,0,0,21,0,0,0,0,1,0,0,0,0,0,0,0,0,0,0,0,0,101,0,0,0,0,0,0,0,0,5,0,3,0,0,0,0,0,0,0,0,641,0,0,0,0,0,0,0,24,0,0,0,0,0,0,0,0,0,0,0,0,0,0,22,0,0,0,0,0,0,0,0,3,0,0,0,0,0,0,0,0,0,0,0,0,0,0,0,0,0,0,0,0,0,0,0,0,0,0,0,0,0,0,0,0,2042,0,0,0,0,2,0,0,0,0,0,0,0,0,0,0,0,0,0,0,0,0,0,0,0,0,0,0,0,0,0,0,0,0,0,0,0,0,0,0,0,0,0,0,0,0,0,0,0,0,0,0,0,0,0,0,0,0,0,0,0,0,0,0,0,0,2057,0,0,0,0,0,0,0,0,0,0,0,0,0,0,0,0,0,0,0,3,0,0,0,6,0,0,0,0,0,0,0,0,0,0,0,0,0,0,0,0,0,2007,0,0,0,0,0,0,0,0,0,0,0,0,0,0,0,0,0,0,0,70,0,0,0,0,3,0,0,0,0,0,0,0,0,0,0,0,0,0,0,0,0,900,0,0,0,0,0,0,0,0,0,0,0,0,14,0,0,0,0,0,0,0,799,0,0,0,0,0,0,2,0,0,0,0,0,0,0,0,0,0,13,543,0,0,0,172,0,0,0,0,0,0,0,14,0,0,0,0,0,3135,0,0,0,0,0,0,0,318,0,0,0,0,2,109,0,0,0,0,0,0,0,0,0,0,0,0,0,0,0,21,0,0,0,0,0,0,0,0,0,0,0,0,0,0,0,0,0,0,0,0,9776,0,49,19,0,0,0,0,0,0,0,0,0,4,0,4417,0,0,0,0,0,0,0,0,0,0,0,322,59,0,0,0,0,0,0,0,0,0,0,0,0,0,0,0,0,0,0,0,0,0,0,0,0,0,0,0,0,0,0,0,0,0,0,0,0,0,0,0,0,0,58,0,0,0,0,0,0,0,0,0,0,0,0,0,0,0,0,0,11,0,0,0,0,0,0,0,0,0,0,0,0,0,11,0,0,0,0,2,18,0,0,0,0,0,0,3,0,0,0,0,0,0,0,0,0,0,0,2,0,0,0,0,0,0,0,0,0,0,0,0,0,0,0,3,0,0,0,0,0,0,9426,0,0,0,0,0,0,0,0,0,0,0,0,0,0,0,7,0,0,0,0
"D475",0,0,0,0,0,0,0,0,0,0,0,0,0,0,0,0,0,0,0,0,0,0,0,0,0,0,0,0,0,0,0,0,0,0,0,0,0,0,0,0,0,0,0,0,0,0,0,0,0,0,0,0,0,0,0,0,0,0,0,0,0,0,0,0,0,0,0,0,8,0,0,0,0,0,0,0,0,0,30,0,0,0,0,57169,0,0,0,0,0,0,0,0,0,0,0,0,0,0,0,0,0,0,0,0,0,0,0,0,0,2,0,0,0,0,0,0,0,0,0,0,0,0,0,0,0,0,0,0,0,0,0,0,0,0,0,0,0,0,0,0,0,0,0,0,0,0,0,0,0,0,0,0,0,0,0,0,0,0,0,0,0,0,0,0,0,0,0,0,0,0,0,0,0,0,0,0,0,0,0,0,0,0,0,0,0,0,0,0,0,0,0,0,0,0,0,0,0,0,0,0,0,0,0,0,0,0,0,0,0,0,0,0,0,0,0,0,0,0,0,0,2,0,0,0,0,0,0,0,0,0,0,0,0,0,0,0,0,0,0,0,0,0,0,0,0,0,0,0,0,0,0,0,0,0,0,0,0,0,0,0,0,0,0,0,0,0,0,0,0,0,0,0,0,0,0,0,0,0,0,0,0,0,0,0,0,0,0,0,0,0,0,0,0,0,0,0,0,0,0,0,0,0,0,0,0,0,0,0,0,0,0,0,0,0,0,0,0,0,0,0,0,0,0,0,0,0,0,0,0,0,0,0,0,0,0,0,0,0,0,0,0,0,0,0,0,0,0,0,0,0,0,0,0,0,0,0,0,0,0,0,0,0,0,0,0,0,0,0,0,0,0,0,0,0,0,0,0,0,0,0,0,0,0,15982,0,0,0,0,0,0,0,0,0,0,0,0,0,0,0,2,0,0,0,6,0,0,0,0,0,0,0,0,0,0,0,0,0,0,0,0,0,0,0,0,0,0,0,0,0,0,0,0,0,0,0,0,0,0,0,0,0,0,0,0,0,0,0,0,0,0,0,0,0,0,0,0,0,0,7967,0,0,0,0,0,0,0,0,0,0,0,0,0,0,0,0,0,0,7,0,0,3,0,0,0,0,0,0,0,0,0,0,0,0,0,0,0,0,0,0,0,0,0,0,0,0,0,0,0,0,0,0,0,0,0,0,0,5,0,0,0,0,0,0,0,0,0,0,0,0,0,0,0,0,0,0,0,0,0,0,0,0,0,0,0,0,0,0,0,0,0,0,0,0,0,0,0,0,0,0,0,0,0,0,0,0,0,0,0,0,0,0,0,0,0,0,0,0,0,0,0,0,0,0,0,0,0,0,0,0,0,0,0,0,0,0,0,0,0,0,0,0,0,0,0,0,0,0,0,2,0,0,0,0,0,0,0,0,0,0,0,0,0,0,0,0,0,0,0,0,1360,1607,0,0,0,0,0,0,0,0,0,0,0,0,0,0,0,0,0,2,0,0,0,0,0,0,0,0,0,0,0,0,4,0,0,0,0,0,0,0,0,0,0,0,0,0,0,0,0,0,0,0,0,0,0,0,0,0,0,0,0,0,0,0,0,3,0,0,0,0,0,0,0,0,0,0,0,0,0,0,0,0,0,0,0,0,0,0,0,0,0,0,0,0,0,0,0,0,0,0,0,0,0,0,0,0,0,0,0,353,0,0,0,0,0,0,0,0,0,0,0,0,0,0,0,0,0,0,0,0,0,0,0,0,0,0,0,0,0,0,0,0,0,0,0,0,0,0,0,0,0,0,0,0,0,0,0,0,0,0,0,0,0,0,0,0,0,0,32,0,0,0,0,0,0,2,0,0,0,0,0,0,0,0,0,0,0,0,0,0,0,0,0,0,0,0,0,0,0,0,0,0,0,0,90986,0,0
"D476",0,0,0,0,0,0,0,0,0,0,0,0,0,0,0,0,0,0,0,0,0,0,0,0,0,0,0,0,0,28,0,0,0,0,0,0,0,0,0,0,0,0,0,0,0,0,0,0,0,0,0,2,0,0,0,0,0,0,0,0,0,0,0,0,0,0,1,1316,0,0,0,0,0,0,0,0,0,14,41,0,0,0,0,0,0,0,0,47,0,0,0,0,0,0,0,0,0,0,0,0,0,0,0,0,0,0,0,0,0,0,0,0,0,0,0,0,0,0,0,0,0,2,0,0,0,0,0,2,0,0,0,0,0,0,0,0,0,0,0,0,0,0,0,0,0,0,0,0,0,0,0,0,0,0,0,0,0,0,0,0,0,0,0,0,0,0,0,0,0,0,0,0,0,0,0,0,0,0,0,0,0,0,0,0,0,0,0,0,0,0,0,0,0,0,0,0,0,0,0,0,0,46,0,0,0,0,0,0,0,0,0,0,0,0,0,0,0,0,0,0,0,0,0,0,0,0,0,0,0,0,0,0,0,0,0,0,0,0,0,0,0,0,0,0,0,0,0,0,0,23,0,0,0,0,0,0,0,0,0,0,0,6764,0,0,0,0,0,0,0,0,0,0,0,0,0,0,0,0,0,0,0,0,0,0,0,0,0,3,0,0,0,0,0,0,0,0,0,0,0,0,0,0,0,0,0,0,0,0,0,0,21,0,0,0,0,0,0,0,0,0,0,0,5,0,0,0,0,0,0,0,0,0,5,0,0,0,0,0,0,0,0,0,0,0,0,0,0,0,0,0,3,0,0,0,0,0,0,0,0,0,0,0,0,0,0,0,0,0,0,0,0,0,0,0,0,0,0,0,0,0,0,0,0,0,0,0,0,0,0,0,0,0,0,0,0,0,0,0,0,3,0,0,0,0,0,0,0,0,0,0,0,0,0,0,0,0,0,0,0,0,0,0,0,0,0,0,0,0,0,0,0,0,0,0,0,0,0,0,0,0,0,0,0,0,0,0,0,0,0,0,0,0,0,0,0,0,0,0,0,490,0,0,0,0,0,0,0,0,0,0,0,0,0,0,0,0,0,0,0,0,0,0,0,0,0,0,0,47,0,0,0,0,0,0,0,0,0,0,0,0,0,0,0,0,0,0,0,0,0,0,0,0,0,0,0,0,0,0,0,0,0,0,0,0,0,0,0,0,0,0,0,0,0,0,0,0,0,0,0,0,0,0,0,0,4,0,0,0,0,0,0,0,0,0,0,0,0,0,0,0,0,0,0,0,0,3,0,0,0,0,0,0,0,0,0,0,0,0,0,0,0,0,0,0,0,0,0,0,0,0,0,0,0,0,0,0,28,0,0,0,0,0,0,0,0,0,0,0,0,0,0,0,0,0,0,0,0,0,0,0,0,0,0,0,0,0,0,0,0,0,0,0,0,0,0,0,0,0,0,0,0,0,0,0,2,0,0,0,0,0,0,0,0,0,0,0,0,0,0,0,0,0,0,0,0,4,0,0,0,0,0,0,0,0,0,0,0,0,0,0,0,0,0,0,0,0,0,0,0,0,18,0,0,0,0,0,0,0,0,0,0,0,0,0,0,0,0,0,0,0,0,0,0,0,0,0,0,0,0,0,0,0,0,836,0,0,0,0,0,0,0,0,0,0,0,0,0,0,0,0,0,0,0,0,0,0,0,0,0,0,0,0,0,0,0,0,0,0,0,0,0,0,0,0,0,0,0,0,0,0,0,0,0,0,0,0,0,0,0,0,0,0,0,0,0,0,0,0,0,0,0,0,0,0,0,0,0,0,0,0,0,0,0,0,0,0,0,0,0,0,0,0,0,0,0,0,0,3,0,0,0,0,0,0,0,0,0,0,0,0,0,0,0,0,0,0
"D477",6,13,32,9,0,0,4,10,3,0,0,0,0,20,6,54,97,0,4,0,0,7,1,375,0,0,0,77,0,0,20,0,14,46,23,56,0,0,0,0,24,0,104,0,203,0,6,0,23,7,1,0,13,3,0,45,0,158,0,18,1,2,69,16,0,7,0,4,44,0,10,3,0,0,0,2,2,1,0,115,77,3,0,0,3,2,0,0,51,2,1,11,0,1,0,6,0,0,0,2,31,0,0,0,2,2,0,0,0,0,10,0,19,4,0,0,0,0,2,25,0,0,0,0,0,0,0,0,1,33,1,0,2,0,10,6,2,0,0,0,6,0,0,0,4,74,0,7,0,0,0,0,35,0,3,100,58,0,12,27,0,0,3,25,20,7,37,81,2,2,6,0,7,0,31,610,4,0,0,6,0,2,2,52,0,0,0,4,16,0,0,1,0,0,0,0,0,16,7,0,38,1,3,12,0,27,0,2,7,9,0,0,11,0,5,124,0,0,0,9,7,17,0,36,139,0,0,0,19,0,0,7,8,27,24,0,36,0,9,58,113,26,0,5,41,14,0,0,0,0,2,11,12,4,0,2,16,50,4,1,9,37,0,0,0,17,0,0,18,0,0,9,0,0,3,3,14,7,6,4,22,2,0,9,3,0,58,8,0,68,305,3,16,15,0,0,0,0,7,2,9,0,0,0,0,12,0,19,1,0,0,0,20,0,2,0,10990,29,0,90,29,0,1,0,0,0,0,3,0,0,0,15,0,3,0,8,1293,6,2,5,0,0,0,0,0,2,0,78,0,0,4,0,14,3,0,2,0,0,3,0,17,0,4,17,0,0,112,0,0,0,201,0,0,0,28,5,0,0,13,0,0,17,0,0,0,0,29,21,0,32,6,176,3,0,38,3,0,110,0,9,0,4,3,3,0,4,3,7,0,0,17,158,0,2,21,45,157,0,42,6,25,0,3,24,45,19,106,17,0,0,0,0,5,82,0,3,0,0,5,0,24,12,34,1,4,0,0,0,4,0,0,68,2,5,49,7,0,21,0,0,7,1,251,8,50,1,23,0,18,87,13,107,0,9,7,19,0,9,211,8,0,19,0,1,0,8,9,0,38,26,21,0,0,0,0,0,0,12,165,0,20,0,0,0,0,0,174,0,42,2,0,24,9,8,0,0,7,38,11,0,4,0,2,4,0,614,4,0,8,0,46,0,0,135,1,0,0,0,0,3,857,98,7,0,139,0,14,25,0,0,0,2,83,0,0,0,0,0,0,0,2,64,1,14,0,0,2,0,0,0,0,0,0,138,1,0,0,0,0,7,0,14,10,12,0,6,5,2,12,4,107,0,0,9,1,0,0,11,3,0,0,4,0,0,0,1,0,16,0,0,0,0,0,0,0,7,8,16,116,0,0,2,1,2,50,0,3,0,15,16,0,0,1217,8,0,0,2,98,0,36,3,15,0,18,0,0,12,13,0,0,0,0,0,25,35,0,0,3,2,0,94,0,63,22,153,0,9,0,0,0,0,0,76,0,31,22,0,5,17,96,0,0,0,0,0,0,0,0,0,3,0,15,0,0,0,1,0,1000,964,56,4,5,0,3,2,0,0,9,0,14,0,5,25,0,1,2,2,0,0,15,6,11,12,0,0,10,91,0,5,0,88,14,10,26,40,0,0,47,0,9,4,0,5,8,4,4,5,0,2,8,6,0,0,7,0,0,11,0,9,0,20,28,2,0,0,0,0,0,0,91,0,3,418,0,0,0,12,2,17,0,0,7,87,0,2,0,15,0,1,0,6,23,10,0,28,26,0,104,1,1,0,0,11,0,0,1,1,24,27,0,0,2,0,19,0,0,12,39,0,5,0,0,6,0,8,126,15,2,0,0,0,0,0,17,0,22
"D478",0,0,0,0,0,0,0,0,0,0,0,0,0,0,0,0,0,0,0,0,0,0,0,0,0,0,0,0,0,0,0,0,0,0,0,0,0,0,0,0,0,0,0,0,0,0,0,0,0,0,0,0,0,0,0,0,0,0,0,0,0,0,0,0,617,0,0,4,0,0,0,0,0,0,0,0,0,0,0,0,0,0,4,0,0,0,0,0,0,0,0,0,0,0,0,0,0,0,0,0,0,0,0,0,0,0,0,0,0,0,0,0,0,0,331,0,0,0,0,0,0,0,0,0,0,0,3495,0,0,0,0,0,0,465,0,0,0,0,0,117,0,0,0,0,0,0,0,0,4,0,0,0,0,0,0,0,0,0,0,0,0,0,0,0,0,0,0,0,0,0,0,20,0,0,0,0,0,0,0,0,0,0,0,0,0,0,0,0,0,4,0,0,0,0,0,0,3,0,0,0,0,0,0,0,179,0,0,0,0,0,0,0,0,0,0,0,0,0,4,0,0,0,0,0,0,0,0,0,0,0,0,0,0,0,0,0,0,0,0,0,0,0,0,0,0,0,0,0,0,26,0,0,0,0,3,0,0,0,0,0,0,0,0,0,6,0,0,0,0,0,0,0,0,14,0,0,0,0,0,0,0,0,14,0,0,0,0,0,0,0,0,0,0,0,0,0,0,8,0,0,0,0,0,0,0,0,0,0,0,0,2,0,0,0,0,0,0,0,0,0,0,0,0,0,14,0,0,0,0,0,0,0,2,0,0,0,0,0,0,0,0,0,0,0,0,0,0,0,0,0,0,0,0,0,0,0,0,0,0,0,0,0,0,0,0,0,0,0,0,0,0,0,0,0,0,0,0,0,0,0,0,0,0,0,0,0,0,0,0,0,0,0,0,0,0,0,154,0,0,0,0,0,0,0,0,0,0,0,0,126,0,0,0,0,0,0,0,0,0,0,0,0,0,0,0,0,0,0,0,0,0,0,0,0,0,0,0,0,0,0,0,0,0,0,0,0,0,0,0,0,0,0,0,0,0,0,0,0,0,0,0,0,0,0,0,0,3,0,0,0,0,0,3,0,0,0,0,0,0,0,0,0,0,0,0,0,0,885,0,0,0,0,0,0,0,0,0,0,0,0,0,0,0,0,0,12,0,0,0,0,0,0,0,0,0,0,0,0,0,0,0,0,0,0,26,0,0,0,0,0,0,0,0,0,0,0,0,2,0,0,0,0,0,0,0,0,0,0,0,0,0,0,0,0,0,655,0,0,0,0,0,0,0,0,0,0,0,0,0,0,0,0,0,0,0,0,0,468,0,0,0,0,0,0,0,0,0,0,0,0,0,0,0,0,0,0,0,0,0,0,0,0,0,0,0,0,0,0,0,0,0,0,0,0,0,0,0,0,0,16,0,0,7,0,0,0,0,0,0,0,0,0,0,0,38,0,0,0,0,0,0,0,0,0,0,0,0,0,0,0,0,0,0,0,0,0,0,0,0,0,0,0,0,0,0,0,0,4552,3,0,0,0,0,0,0,0,0,26,0,0,0,0,0,0,0,0,0,0,0,0,0,0,0,0,0,0,0,0,0,0,0,0,0,0,0,0,2,0,4,0,0,0,0,0,0,0,0,0,0,0,0,0,0,0,2,0,0,0,0,0,0,0,0,0,0,0,0,0,3,0,0,0,0,0,0,0,0,0,0,0,0,0,0,0,0,0,41,0,0,0,0,3,0,4053,0,0,0,0,0,0,0,0,0,0,0,0,0,0,0,0,0,0,0,0,0,0,0,2,0,0,0,0,0,2,0,0,0,0,0,0,0,0,0,0,0,0,0,0,0,0,0,0,0,0,0,0,0,0,0,0,0,0,0,3,0,0,5,0,0,2,0,16,0,0,0,0
"D479",0,0,0,0,0,0,0,0,0,0,0,0,0,0,0,0,0,0,0,0,0,0,0,0,0,0,0,0,0,0,0,0,0,0,0,0,0,0,0,0,0,0,0,0,0,0,0,0,0,0,0,0,0,0,0,0,0,0,0,0,0,0,0,0,0,0,0,0,0,0,0,0,0,0,0,0,0,0,0,0,0,0,0,0,0,0,6,0,0,0,0,0,0,0,0,0,0,0,0,0,0,0,0,0,0,0,0,0,0,0,0,0,0,0,0,0,0,0,0,0,0,0,0,0,0,0,0,0,0,0,0,0,0,0,0,0,0,0,0,0,0,0,0,0,0,0,0,0,15,0,0,0,0,0,0,0,0,0,0,0,0,0,0,0,0,0,0,0,0,0,0,0,0,0,0,0,0,0,0,0,0,0,0,0,0,0,0,0,0,0,0,0,0,0,0,0,0,0,0,0,0,0,0,0,0,0,0,0,0,0,0,0,0,0,0,0,0,0,0,0,0,0,0,0,0,0,0,0,0,0,0,0,0,0,0,2,0,0,0,0,0,0,0,0,0,0,0,0,0,0,0,0,0,0,0,0,0,0,0,0,0,0,0,0,0,0,0,0,0,0,0,0,0,0,0,0,0,0,0,0,0,0,0,0,0,0,0,0,0,0,0,0,0,0,0,0,0,0,0,0,0,0,0,0,0,0,0,0,0,0,0,0,0,0,0,0,0,0,0,0,0,0,0,0,0,0,0,0,0,0,0,0,0,0,0,0,0,0,0,0,0,0,0,0,0,0,0,0,0,0,0,0,0,0,0,0,0,0,0,0,0,0,0,0,0,0,0,0,0,0,0,0,0,0,0,0,0,0,0,0,0,0,0,0,0,0,0,0,0,0,0,0,0,0,0,0,0,0,0,0,0,0,0,0,0,0,0,0,0,0,0,0,0,0,0,0,0,0,0,0,0,0,0,0,0,0,0,0,2,0,0,0,0,0,0,0,0,0,0,0,0,0,0,0,0,0,0,0,0,0,0,0,0,0,0,0,0,0,0,41,0,0,0,0,0,0,0,0,0,0,0,0,0,1,0,0,0,0,0,0,0,0,0,0,0,0,0,0,0,0,0,0,0,0,0,0,0,0,0,0,0,0,0,0,0,0,0,0,0,0,0,0,0,0,0,0,0,0,0,0,0,0,0,0,0,0,0,0,0,0,0,0,0,0,0,0,0,0,0,0,0,0,0,0,0,0,0,0,0,0,0,0,0,0,0,0,0,0,0,0,0,0,0,0,0,0,0,0,0,0,0,0,0,0,0,0,0,0,0,0,0,0,0,0,0,0,0,0,0,0,0,0,0,0,0,0,0,0,0,0,0,0,0,0,0,0,0,0,0,0,0,0,0,0,0,0,0,0,0,0,0,0,0,0,0,0,0,0,0,0,0,0,0,0,0,0,0,0,0,0,0,0,0,0,0,0,0,0,0,0,0,0,0,0,0,0,0,0,0,0,0,0,0,0,0,0,0,0,0,0,0,0,0,0,0,0,0,0,0,0,0,0,0,0,0,0,0,0,0,0,0,0,0,0,0,0,0,0,0,0,0,0,0,0,0,0,0,0,0,0,0,0,0,0,0,0,0,0,0,0,0,0,0,91,0,0,0,0,3,0,0,0,0,0,0,0,0,0,0,0,0,0,0,0,0,0,0,0,0,0,0,0,0,0,0,0,0,0,0,0,0,0,0,0,0,0,0,0,0,0,0,0,0,0,0,0,0,0,0,0,0,0,0,0,0,0,0,0,0,0,0,0,0,0,0,0,0,0,0,0,0,0,0,0,0,0,0,0,0,0,0,0,0,0,0,0,0,0,0,0,0,0,0,0,0,0,0,0,0,0,0,0,0,0,0,0
"D480",0,0,0,0,0,2,0,0,0,4,0,0,0,0,0,0,0,0,0,0,0,0,0,0,0,0,0,0,0,0,0,0,0,0,0,0,0,0,0,0,0,0,0,0,0,0,0,0,0,0,0,0,0,0,0,0,0,0,0,0,0,0,0,0,0,0,0,0,0,0,0,0,0,0,0,0,0,0,0,0,0,0,0,0,0,0,0,0,0,0,0,0,0,0,0,0,0,0,0,0,0,0,0,0,0,0,0,0,0,0,0,0,0,0,0,0,0,0,0,0,0,0,0,0,0,0,0,0,0,0,0,0,0,0,0,0,0,0,0,0,0,0,0,0,0,0,0,0,3,0,0,0,0,0,0,0,0,0,0,0,0,0,0,0,0,0,0,0,0,0,0,0,0,0,0,0,0,0,0,0,0,4,0,0,0,0,0,0,0,0,0,0,0,0,0,0,0,0,0,0,0,0,0,0,0,0,0,0,0,0,0,0,0,0,0,0,0,0,0,0,0,0,0,0,0,0,0,0,0,0,0,0,0,0,0,0,0,0,0,0,0,0,0,0,0,0,0,0,0,0,0,0,0,0,0,0,0,0,0,0,0,0,0,0,0,0,0,0,0,0,0,0,0,0,0,0,0,0,0,0,0,0,0,0,0,0,0,0,0,0,0,0,0,0,0,0,0,0,0,0,0,0,0,0,0,0,0,0,0,0,0,0,0,0,0,0,0,0,0,0,0,0,0,0,0,0,0,0,0,0,0,0,0,0,0,0,0,0,0,0,0,0,0,0,0,0,0,0,0,0,0,0,0,0,0,0,0,0,0,0,0,0,0,0,2,0,0,0,0,0,0,0,0,0,0,0,0,0,0,0,0,0,0,0,0,0,0,0,0,0,0,0,0,0,0,0,0,0,0,0,0,0,0,0,0,0,0,0,0,0,0,0,0,0,0,0,0,0,11,0,0,0,0,0,0,0,0,0,0,0,0,0,0,0,0,0,0,0,0,0,0,0,0,0,0,0,0,0,0,0,0,0,0,0,0,0,0,0,0,400,0,0,0,0,0,0,0,0,0,0,0,0,0,0,0,0,0,0,0,0,0,0,0,0,0,0,0,0,0,0,0,0,0,0,0,0,0,0,0,0,0,0,0,0,0,0,0,0,0,0,0,0,0,0,0,0,0,0,0,0,0,0,0,0,0,0,0,0,0,0,0,0,0,0,0,0,0,0,0,0,0,0,0,0,0,0,0,0,0,0,0,0,0,0,0,0,0,0,0,0,0,0,0,0,0,0,0,0,0,0,0,0,0,0,0,0,0,0,0,0,0,0,0,0,0,0,0,0,0,0,0,0,0,0,0,0,0,0,0,0,0,0,0,0,0,0,0,0,0,0,0,0,0,0,0,0,0,0,0,0,0,0,0,0,0,0,0,0,0,0,0,0,0,0,0,0,0,0,0,0,0,0,0,0,0,0,0,0,0,0,0,0,0,0,0,0,0,0,0,0,0,0,0,0,0,0,0,0,0,0,0,0,0,0,247,0,0,0,21,0,0,0,0,0,0,0,0,0,0,0,0,0,0,0,0,0,0,0,0,0,0,0,0,0,0,0,0,0,0,0,0,0,0,0,0,0,0,0,0,0,0,0,0,8,0,0,0,0,0,0,0,0,0,0,0,0,0,0,0,0,0,0,0,0,0,0,0,0,0,0,0,0,0,0,0,0,0,0,0,0,0,0,0,0,0,0,0,0,0,0,0,0,0,0,0,0,0,0,0,0,0,0,0,1,0,0,0,0,0,0,0,0,0,0,0,0,0,0,0,0,0,0,0,0,0,0,0,0,0,0,0,0,0,0,0,0,0,0,0,0,0,0,0,0,0,0,0,0,0,0,0,0,0,0,0,0
"D481",0,0,0,0,0,0,0,0,0,0,0,0,0,0,0,0,0,0,0,0,0,0,0,0,0,0,0,0,0,0,0,0,0,0,0,0,0,0,0,0,0,0,0,0,0,0,0,0,0,0,0,0,0,0,0,0,0,0,0,0,0,0,0,0,0,0,0,0,0,0,0,0,0,0,0,0,0,0,0,0,0,0,0,0,0,0,0,0,0,1,0,0,0,0,0,0,0,0,0,0,0,0,0,0,0,0,0,0,0,0,0,0,0,0,0,0,0,0,0,0,0,0,0,0,0,0,0,0,0,0,0,0,0,0,0,0,0,0,0,0,0,0,9,0,0,0,0,0,0,0,0,0,0,0,0,0,0,0,0,0,0,0,0,0,0,0,0,0,0,0,0,0,0,0,0,0,0,0,0,0,0,0,0,0,0,0,0,0,0,0,0,0,0,0,0,0,0,0,0,0,0,0,0,0,0,0,0,0,0,0,0,0,0,0,0,0,0,0,0,0,0,0,0,0,0,0,0,0,0,0,0,0,0,0,0,0,0,0,0,0,0,0,0,0,0,0,0,0,0,0,0,0,0,0,0,0,0,0,0,0,0,0,0,0,0,0,0,0,0,0,0,2,0,0,0,0,0,0,0,0,0,0,0,0,0,0,0,0,0,0,0,0,0,0,0,0,0,0,0,0,0,0,0,0,0,0,0,0,0,0,0,0,0,0,486,0,0,0,0,0,0,0,0,0,0,0,0,0,0,0,0,0,0,0,0,0,0,0,0,0,0,0,4,0,0,0,0,0,0,0,0,0,0,0,0,0,0,0,0,0,0,0,0,0,0,0,0,0,0,0,0,0,0,0,0,0,0,0,0,0,0,0,0,0,0,0,0,0,0,0,0,0,0,0,0,0,0,0,0,0,0,0,0,0,0,0,0,0,0,0,0,0,0,0,0,0,0,0,0,0,0,0,0,0,0,0,0,0,0,0,0,0,0,0,0,0,0,0,0,0,0,0,0,0,0,0,0,2,0,0,0,0,0,0,0,0,0,0,0,0,0,0,0,0,0,0,0,0,0,0,0,0,0,0,0,0,0,0,0,0,0,0,0,0,0,0,0,0,0,0,0,0,0,0,0,0,0,0,0,0,0,0,0,0,0,0,0,0,0,0,0,0,0,0,0,0,0,0,0,0,0,0,0,0,0,0,0,0,0,0,0,0,2,0,3,0,0,0,0,0,0,0,0,0,0,0,0,0,0,0,0,0,0,0,0,0,0,0,0,0,0,0,0,0,0,0,0,0,0,0,0,0,0,0,0,0,0,0,0,0,0,0,0,0,0,0,0,0,0,0,0,0,0,0,0,0,0,0,0,0,0,0,0,0,0,0,0,0,0,0,0,0,0,0,0,0,0,0,0,0,0,0,0,0,0,0,0,0,0,0,0,0,0,0,0,0,0,0,0,0,0,0,0,0,0,18,0,0,0,0,0,0,0,0,0,0,0,0,0,0,0,0,0,0,0,0,0,0,0,0,0,0,0,0,0,0,0,0,0,0,0,419,0,0,0,0,0,0,0,0,0,0,0,0,0,0,0,0,0,0,0,0,527,0,0,0,0,0,0,0,0,0,0,0,0,0,0,0,2,0,0,0,0,0,0,0,0,0,4,0,0,0,0,0,0,0,0,0,0,0,1,0,0,0,0,0,0,0,0,0,0,0,0,0,0,0,0,0,0,0,0,0,0,0,0,0,0,0,0,0,0,0,0,0,0,15501,0,0,0,0,0,0,0,0,0,0,0,0,0,0,0,0,0,0,0,0,0,80,0,0,0,0,0,0,0,0,0,0,0,0,0,0,0,0,0,0,0,0,0,0,0,0,0,0,0,0,0,0,0,0,0,0,0,0,0,0
"D482",0,0,0,0,0,4,5,0,0,0,6,0,0,0,0,0,0,50,0,4,15,0,0,0,8,0,0,0,11,0,0,1,0,0,0,0,0,0,0,119,0,0,0,0,9,0,0,79,0,0,4,5322,0,0,0,0,103,0,15,0,0,0,0,0,45,0,0,45,20,16,0,3,0,0,0,0,0,0,11,0,0,0,0,0,0,4,0,103,0,0,0,0,0,3,0,0,33,0,0,0,0,0,0,2,0,2,0,0,0,11,0,6,2,1,0,4,0,0,0,0,3,6,0,0,0,17,0,0,0,0,3,0,9,0,0,0,0,0,17,0,0,0,0,0,0,0,0,0,55,0,68,0,0,0,0,0,0,2,2,0,6,0,0,2,0,0,0,0,0,2,0,59,0,4,0,0,0,0,3,0,0,107,0,0,0,0,0,0,0,85,7,0,0,0,0,5,0,0,0,39,3,747,0,0,14,0,3,19,0,0,2,0,0,0,0,0,11,0,0,0,0,0,0,0,0,0,0,0,0,0,32,0,0,0,0,4,0,0,0,0,0,0,0,0,0,0,4,7,3,0,13,0,6,3,0,9,3,0,0,17,0,9,0,0,0,0,0,0,0,1,8,0,9,0,2,0,10,0,0,0,0,0,2,0,0,0,0,9,0,2,0,1,0,0,0,0,0,0,0,0,0,5,0,4,0,0,0,0,25,0,0,0,0,0,0,58,0,0,8,0,0,0,0,0,67,0,0,0,0,12,3,0,0,0,5,0,0,0,0,0,0,23,0,0,4,0,2,0,4,0,0,3,2,0,0,18,0,0,0,0,0,0,0,0,9,0,0,0,0,0,0,0,4,0,0,0,0,0,0,0,0,0,1,1,0,0,0,2,0,2,0,0,0,0,0,0,0,36,4,254,0,2,0,1180,0,0,5,0,0,0,0,0,0,4,1,0,0,0,6,0,0,0,0,0,0,16,0,0,0,0,0,0,0,4,0,0,14,0,0,0,0,2,0,0,14,9,0,0,0,0,0,0,0,0,0,0,2,0,4,0,0,0,12,0,1,0,5,0,0,0,0,0,0,12,0,0,0,300,0,0,0,0,0,37,0,8,0,0,2,0,0,1,0,0,3,0,0,0,0,0,0,2,0,2,0,48,6,5,0,0,238,0,2,0,20,0,8,0,0,3,0,0,0,0,0,0,0,0,0,0,0,0,0,1,0,0,0,0,0,0,0,0,0,12,4,0,2,0,5,0,0,0,0,47,0,80,23,0,0,4,0,6,0,0,0,0,2,3,0,0,0,2,0,2,0,0,0,0,0,0,0,0,0,7,0,0,0,0,0,0,0,114,0,0,0,4,21,0,0,95,8,0,0,0,0,0,35,0,0,0,0,0,0,0,0,0,0,0,4,0,0,0,47,0,0,0,0,0,257,0,10,25,0,0,0,7,0,0,0,0,0,0,0,0,0,0,0,30,0,0,0,0,4,0,0,14,0,0,134,0,0,0,0,0,0,0,0,0,0,2,7,0,0,336,0,0,3,0,0,1,11,0,0,0,2,35,0,2,0,6,0,0,0,0,25,0,4,10,0,0,0,0,0,0,0,0,6,1,0,0,1,0,0,0,0,0,0,0,833,4,5,0,0,24,0,0,0,3,0,2,77,0,0,0,0,0,0,0,0,0,0,0,0,2,0,0,127,0,0,0,0,0,0,0,181,5,0,23,0,5,0,0,0,0,0,72,0,10,0,0,2,0,0,0,2,0,5,0,0,0,2,0,17,0,3658,0,2,216,3,0,0,0,0,0,0,0,0,5,0,0,0,0,0,0,5,0,0,0,0,0,0,0,1,0,0,158,0,4,0,0,0,5,0,0,0,16,0,0,4,0,0,0,0,19,0,0
"D483",2,0,0,0,0,187,3,0,0,0,0,0,6,0,1,5,0,0,0,0,0,0,0,0,0,0,0,0,0,90,7,0,2,0,0,0,0,5,0,0,0,0,25,0,0,0,33,96,0,0,0,0,0,0,0,0,0,0,0,0,17,0,0,0,0,4,0,2,8,0,0,0,0,0,0,0,0,0,2,0,0,0,0,0,0,0,357,0,0,6,0,0,146,0,31,0,0,0,0,0,0,0,0,0,0,0,0,0,51,8,0,0,0,0,0,0,0,0,0,0,0,0,0,0,0,0,0,0,0,0,0,0,0,0,0,0,0,0,0,0,0,9,0,0,0,0,0,0,187,0,16,0,0,0,0,0,0,28,0,3,0,4,0,0,0,0,0,0,0,3,0,0,0,3,0,0,0,0,0,0,0,0,0,0,0,318,0,0,0,0,0,0,2,3,0,0,0,0,0,0,0,0,0,0,0,3,0,0,0,0,0,1,0,0,0,0,5380,0,0,0,0,0,0,0,0,0,0,0,0,0,26,0,0,0,0,462,0,91,0,0,0,0,0,0,0,0,0,0,0,0,14,0,0,0,0,0,0,9,0,0,0,0,1158,0,0,0,0,12,0,0,0,0,0,0,0,0,0,0,0,0,0,0,0,0,0,0,0,0,0,0,0,0,0,0,0,0,0,0,0,0,0,17,3,20,3,2,0,0,2,0,0,0,0,0,3,0,0,0,2,0,0,0,0,0,0,0,0,0,0,0,0,0,59,0,0,0,0,2,0,2,0,0,2,46,0,0,0,0,0,0,0,0,2,0,0,0,0,0,0,0,0,0,0,0,137,3,0,44,0,0,0,0,0,0,0,0,0,0,0,0,0,0,0,0,0,7,0,0,0,0,0,0,0,0,0,0,0,3,20,0,0,0,3,3,0,0,0,0,0,0,0,0,0,0,0,0,0,0,0,0,0,1,0,0,0,0,0,0,20,0,0,0,0,0,0,0,0,0,10,12,0,0,0,0,0,91,0,0,0,2,0,0,0,0,0,0,1,0,0,0,0,0,0,0,0,0,82,0,0,0,0,0,0,0,0,0,0,38,0,0,8,2,0,2,0,22,0,0,0,0,0,0,2,0,0,0,0,0,0,6,0,0,0,0,0,0,0,0,0,0,2,0,0,0,0,30,512,0,0,0,0,0,0,0,0,0,0,0,0,0,0,130,23,0,2,0,0,0,1,54,0,0,0,0,0,0,0,0,0,0,0,0,0,0,0,0,0,0,0,0,0,0,0,0,0,0,0,121,0,59,0,4,0,0,0,0,7,0,0,0,0,0,0,0,3,0,0,0,0,0,0,1,0,0,0,0,0,0,0,0,0,0,0,0,0,0,0,0,6,132,0,0,0,0,0,0,0,0,0,0,0,0,0,0,0,0,0,0,0,10,29,0,0,0,0,0,0,0,2,0,0,0,0,0,0,0,0,5,5,0,0,0,0,0,0,0,0,142,0,0,0,3,0,0,0,0,0,0,0,425,0,18,0,0,0,0,0,0,0,0,0,0,0,2,0,0,0,0,12,0,0,0,0,11,0,0,0,4,0,0,0,0,0,0,2,0,0,0,0,0,0,0,0,0,0,0,0,0,4,0,0,0,0,0,0,0,0,0,427,0,4,0,0,0,0,0,0,0,0,0,0,0,0,0,0,0,0,0,0,0,0,0,0,2,0,9,0,0,0,0,0,0,0,0,0,0,0,0,0,0,0,0,2,18,0,0,0,0,0,0,0,0,0,3,19,0,0,0,0,0,0,0,0,0,0,0,0,0,0,0,0,0,0,0,0,0,0,0,0,0,0,0,0,0,6,2,0,0,0,0,0,8,0,0,0,0,1,2,2,0,0,0,0,32,0,2
"D484",0,0,0,0,0,0,0,0,0,0,0,0,0,0,0,0,0,0,0,0,0,0,0,0,0,0,0,0,2,4,0,0,0,0,0,0,0,0,0,0,0,0,0,0,0,0,0,0,0,0,0,6,0,0,0,0,0,0,0,0,0,0,0,0,0,0,0,0,3,0,0,0,0,0,0,0,0,0,0,0,0,0,0,0,0,15,0,0,0,0,0,0,0,0,0,0,0,0,0,0,0,7,0,0,0,0,0,239,0,0,0,0,0,0,308,0,0,0,0,0,0,34,0,0,0,0,203,1,0,0,0,0,0,0,0,0,0,0,0,232,0,0,0,0,0,0,0,0,0,0,0,0,0,0,0,0,0,0,0,0,0,0,0,0,0,0,0,0,0,0,0,168,0,0,0,0,0,6,0,0,0,0,0,0,0,0,0,0,0,0,0,0,78,0,0,57,0,0,0,0,0,0,0,0,0,0,0,0,0,0,0,0,0,0,0,0,0,0,10,0,0,0,0,0,0,0,0,0,0,0,0,0,0,0,0,0,0,0,0,0,0,0,0,0,0,0,0,0,0,0,0,0,0,0,14,0,0,0,0,0,0,0,0,817,371,0,0,0,0,0,0,0,0,122,0,0,0,0,0,0,0,0,0,0,0,0,0,0,0,0,0,0,0,0,0,0,0,0,0,0,0,0,0,0,0,0,0,0,0,0,51,0,0,0,0,130,0,0,0,0,0,0,0,0,0,0,0,0,0,0,0,0,0,0,0,0,0,0,0,0,0,0,0,0,0,0,0,0,0,0,0,0,0,0,0,0,0,0,0,0,0,191,0,0,0,0,0,0,0,2,3,0,0,0,0,0,0,0,0,0,0,0,0,0,0,0,0,0,0,0,0,0,0,0,0,0,300,2,0,0,0,0,0,16,0,5,6,0,0,18,0,28,3,0,0,0,0,0,0,0,0,0,0,0,0,0,0,0,0,0,0,0,0,0,0,0,0,0,0,0,0,0,0,0,0,0,37,7,0,0,0,0,0,0,0,0,0,0,0,0,0,0,0,0,0,0,0,0,0,0,0,0,0,0,0,0,78,0,0,0,0,0,0,0,0,0,0,0,0,0,0,0,0,0,0,0,0,0,0,0,0,0,0,0,0,219,0,0,0,0,0,0,0,0,0,0,0,0,0,0,0,0,0,0,0,0,0,0,0,0,0,0,0,0,0,0,0,0,0,92,0,0,0,0,0,0,0,0,0,0,0,0,0,3,0,16,49,3222,0,0,0,0,0,0,0,0,0,0,0,0,0,0,0,0,0,0,0,714,0,0,5,0,0,0,0,0,0,0,0,0,0,0,0,9,0,0,0,0,0,12,0,0,0,0,0,0,0,0,0,3,0,0,0,0,1139,0,0,0,0,9,0,0,0,0,0,0,0,0,0,0,0,0,0,0,0,0,0,0,0,0,5,0,0,0,0,0,0,0,0,0,0,0,0,0,0,0,0,0,2,411,0,0,0,0,0,0,0,2236,0,0,0,0,0,0,0,0,11,0,0,0,0,0,0,0,0,0,0,0,0,5,6,0,0,0,0,0,0,0,0,0,0,0,0,0,0,0,0,0,0,0,0,0,0,0,0,0,0,0,9,0,0,0,0,0,3,0,0,0,0,0,0,0,0,0,0,0,0,0,0,0,0,0,0,0,0,0,0,0,0,0,0,0,0,0,0,0,1,0,0,0,0,0,0,1927,0,0,0,0,0,0,0,0,0,0,0,0,0,0,0,0,0,0,0,15,17,0,0,0,0,0,0,0,0,0,0,0,0,0,0,0,0,0,0,0,0,0,0,0,0,0,0,0,0,2,0,0,0,0,0,0,0,0,0,0,4,0,0,0,0,0,0,0,0,0,0,0
"D485",0,0,0,0,0,0,0,0,0,2,0,0,0,0,0,0,0,0,0,0,0,0,0,0,0,0,0,0,0,0,0,0,0,0,0,0,0,0,0,0,1,0,0,0,0,0,4,0,0,0,0,0,0,0,0,0,0,0,0,0,0,0,0,0,0,0,0,0,0,0,0,0,0,0,0,0,0,0,0,0,0,0,0,0,0,0,0,0,0,0,0,0,0,0,0,0,0,0,0,0,0,0,0,0,0,0,0,0,0,0,0,0,0,0,0,0,0,0,0,0,0,0,0,0,0,0,0,0,0,0,0,0,0,0,0,0,0,0,0,0,0,0,0,0,0,0,0,0,0,0,0,0,0,0,0,0,0,0,0,0,0,0,0,0,0,0,0,0,0,0,0,0,0,0,0,0,0,0,0,0,0,0,0,0,0,0,0,0,0,0,0,0,0,0,0,0,0,0,0,0,0,0,0,0,0,2,0,0,0,0,0,0,0,0,0,0,0,0,0,0,0,0,0,0,0,0,0,0,0,0,0,0,0,0,0,0,0,0,0,0,0,0,0,0,0,0,0,0,0,0,3,0,0,0,0,0,0,0,0,0,0,0,0,0,0,0,0,0,0,0,0,0,0,0,0,0,0,0,0,0,0,0,0,0,0,0,0,0,0,0,0,0,0,0,0,0,0,0,0,0,0,0,0,0,0,0,0,0,0,0,0,0,0,0,0,0,0,0,0,0,0,0,0,0,0,0,0,0,0,0,0,0,2,0,0,0,0,0,0,0,0,0,0,0,0,0,0,0,0,0,0,0,0,0,0,0,0,0,0,0,0,0,0,0,0,0,0,0,0,0,0,0,0,0,0,0,0,0,0,0,0,0,0,0,0,0,0,0,0,0,0,0,0,0,0,0,0,0,0,0,0,0,2,10,0,0,0,0,0,0,0,0,0,0,0,0,0,0,0,0,0,0,0,0,0,2,0,0,0,0,0,0,0,0,0,2,0,0,0,0,0,0,0,0,0,0,0,0,0,0,0,0,0,0,0,0,0,0,0,0,0,0,0,0,0,0,0,0,0,0,0,0,0,0,0,0,0,4,0,0,0,0,0,0,0,0,0,0,0,0,0,0,0,0,0,0,0,0,0,0,0,0,0,0,0,0,0,0,0,0,0,0,0,0,0,0,0,0,0,0,0,0,0,0,0,0,0,0,0,0,0,0,0,0,0,0,0,0,0,0,0,0,0,0,0,0,0,0,0,0,0,0,0,0,0,0,0,0,0,0,0,0,0,0,0,0,0,0,0,0,0,0,0,0,0,0,0,0,0,0,0,0,0,0,0,0,0,0,0,0,0,0,0,0,0,0,0,0,0,0,0,0,0,0,0,0,0,0,0,0,0,0,0,0,0,0,0,0,0,0,0,0,0,0,0,0,0,0,0,0,0,0,0,0,0,0,0,0,0,0,0,0,0,0,0,0,0,0,0,0,0,0,0,0,0,0,0,0,0,0,0,0,0,0,0,0,0,0,0,0,0,0,0,0,0,0,0,0,0,0,0,0,0,0,0,0,0,0,0,0,0,0,0,0,0,0,0,0,0,0,0,0,0,0,0,0,0,0,0,0,0,0,0,0,0,0,0,0,0,2,0,0,0,0,0,0,0,720,3,0,0,0,0,0,0,0,0,0,0,0,0,0,0,0,0,0,0,0,0,0,0,0,0,0,0,0,0,0,0,0,0,0,0,0,0,0,0,0,0,0,0,0,0,0,0,0,0,0,0,0,0,0,0,0,2,0,0,0,0,0,0,0,0,0,0,0,0,0,0,0,0,0,0,0,0,0,0,0,0,0,0,0,0,0,0,0,0,0,0,0,0,0,0,0,0,0,0,0,0,0,0,0,0,0,0,0
"D486",0,0,0,0,0,0,0,0,0,0,0,0,0,0,0,0,75,0,0,0,0,732,7,0,0,0,0,0,0,0,0,0,0,0,0,0,0,0,0,0,0,0,0,0,6,0,0,0,0,0,0,0,0,0,0,1,339,0,0,2,0,0,0,0,6,0,0,0,0,0,0,0,0,0,0,0,0,0,0,0,0,0,0,0,0,0,0,0,182,0,0,0,0,0,0,0,0,0,0,0,0,7,0,0,0,0,0,0,0,0,0,0,0,12,0,0,0,0,0,0,11,0,0,0,0,0,0,5,0,0,0,0,0,16,0,0,0,0,0,0,0,0,0,0,0,0,0,0,2,0,0,0,0,0,0,0,0,0,0,0,0,0,0,37,0,0,0,0,0,0,0,0,0,0,0,0,0,0,0,0,0,0,0,0,0,0,0,0,0,0,0,0,0,0,0,0,0,0,0,0,0,0,0,0,0,0,0,0,0,0,0,0,0,0,0,0,0,0,0,0,0,0,0,116,0,0,0,0,0,0,0,0,0,0,0,0,0,0,0,0,0,0,0,0,0,0,0,0,0,0,0,0,0,0,0,0,0,0,0,0,0,0,0,0,0,0,0,0,0,0,0,0,0,0,0,0,0,0,0,0,10,0,0,0,0,71,0,0,0,0,0,0,0,0,0,0,0,0,0,0,0,0,0,0,0,1,0,0,0,0,0,0,0,0,107,13,0,0,0,0,0,0,0,0,0,0,0,0,0,0,0,0,0,0,0,0,0,185,0,0,4,0,0,0,1,0,0,0,0,0,0,0,0,0,0,0,0,0,0,0,0,0,0,0,6,0,0,0,0,0,0,0,0,0,0,0,0,0,0,0,0,0,0,0,0,0,0,0,0,0,0,0,0,0,0,0,0,1019,0,0,0,0,0,0,0,0,0,0,0,0,0,0,0,0,0,0,0,0,629,0,0,0,0,0,0,0,0,0,0,0,0,0,0,0,0,0,0,0,0,0,0,0,0,0,0,0,0,82,0,0,0,0,0,0,0,0,0,0,0,0,0,0,0,0,0,0,0,0,0,0,0,0,0,0,0,0,0,0,0,0,0,0,0,0,0,0,0,0,0,0,0,0,0,0,0,0,0,0,0,0,0,0,0,0,0,0,0,0,0,0,0,0,0,0,0,0,0,0,0,0,0,0,0,0,5,0,0,0,0,199,0,7,0,0,0,0,0,0,0,0,0,0,2,0,0,0,0,0,0,0,0,0,0,0,0,0,0,0,0,0,0,0,0,0,25,0,0,0,0,0,0,0,0,0,0,617,0,0,0,0,0,0,0,6,0,0,0,0,0,0,0,0,0,305,0,0,0,0,0,0,0,0,0,0,0,0,0,0,0,0,0,0,0,0,0,0,0,0,0,0,57,0,0,0,0,0,0,0,0,0,0,0,0,0,0,9,0,0,0,0,0,0,0,0,0,0,0,0,0,0,0,0,0,0,0,0,0,461,0,0,0,0,0,0,0,0,0,0,0,0,0,0,0,0,0,0,0,0,0,0,0,0,0,0,0,0,0,0,0,0,0,0,0,11,0,0,0,0,0,0,0,0,0,0,0,0,0,0,0,0,0,0,120,0,0,0,0,0,0,0,0,0,0,0,0,0,0,0,0,0,0,0,0,112,0,0,0,0,0,0,0,624,0,0,0,0,0,0,0,0,0,0,0,0,0,0,1369,0,0,0,0,4,7,0,0,0,0,0,0,0,27,0,0,0,0,0,0,0,0,0,0,0,0,0,0,0,0,0,0,0,0,0,0,0,0,0,0,3,0,0,0,0,0,18,0,0,0,0,20,0,0,0,0,0,0,0,0,0,0,0,0,0,0,0,108,0,39,0,0,0,0,0,0,0,0,0
"D487",0,0,0,0,0,0,0,0,0,0,0,0,0,0,1,0,0,0,0,0,3,0,0,0,0,0,0,0,0,7,0,0,0,0,0,0,0,0,551,0,0,0,0,0,241,0,1,1167,0,0,0,35,0,0,0,0,0,0,0,0,0,2,0,0,0,0,0,51,0,130,0,5,151,0,0,0,0,0,0,0,0,0,0,0,0,0,0,0,0,0,0,0,0,0,0,0,0,250,466,0,0,0,0,0,0,0,0,1314,0,0,0,0,0,0,343,4,409,91,2,0,0,23,0,0,0,0,0,4,0,0,0,0,0,4,0,0,0,0,647,540,0,0,0,0,2,0,0,0,0,0,0,0,0,0,0,0,0,0,0,2,0,0,0,2,0,0,0,0,166,0,0,2055,0,0,0,0,0,0,0,0,0,0,0,0,0,0,2,0,0,0,0,0,0,0,0,0,1,0,0,0,0,0,0,0,0,0,68,2,0,0,0,0,0,499,0,0,20,3,15,0,0,0,0,0,0,0,0,15,0,0,0,0,0,0,0,0,0,0,0,0,0,0,0,0,0,0,134,0,2,68,0,0,0,65,22,0,0,0,0,0,0,0,1,167,90,0,0,0,0,0,0,0,0,0,0,0,3,0,0,0,0,0,0,0,0,0,0,0,0,0,0,0,0,0,0,0,0,0,0,0,0,0,0,0,0,0,0,0,1,0,223,0,0,4,0,0,0,0,0,0,0,242,0,0,35,0,0,0,45,0,0,0,0,0,0,0,0,0,0,0,0,7,0,0,0,0,0,0,0,4,0,0,0,0,0,35,0,0,0,0,0,0,0,0,0,0,0,0,0,0,0,0,0,0,0,0,0,0,0,0,0,0,0,0,0,0,0,0,0,0,0,0,0,0,0,0,25,4,0,0,0,0,0,8,0,0,0,0,0,0,0,0,5,48,0,0,0,0,7,0,0,2,0,0,0,0,0,0,0,0,0,0,0,0,16,0,0,0,0,0,0,0,0,0,0,0,0,0,0,0,0,0,0,0,0,0,0,0,0,0,0,0,0,3,0,0,0,0,0,0,0,0,326,0,0,0,190,0,0,0,0,0,0,4,0,0,0,375,0,0,0,0,0,0,301,0,0,0,0,0,0,0,0,40,0,13,0,0,0,0,0,0,0,0,454,0,0,0,0,0,0,0,0,0,0,0,0,0,0,5,0,0,0,0,3,0,0,7,289,0,0,0,0,3,0,0,0,0,0,0,0,0,0,0,0,1028,110,0,0,0,0,0,0,0,0,1,0,0,0,0,0,0,0,0,0,0,0,3817,0,0,0,0,0,0,0,0,0,16,0,0,0,0,0,0,0,5,1728,0,0,4,222,0,0,0,0,0,8,0,0,0,0,0,0,0,144,0,0,0,0,105,0,0,0,0,0,0,0,50,0,0,0,65,0,0,55,0,0,0,0,0,0,0,0,0,130,0,0,0,0,0,0,0,29,0,0,0,0,0,515,736,0,0,0,0,0,1383,0,923,454,0,0,0,0,0,0,0,2,0,0,0,0,0,0,0,0,24,0,0,0,0,5,0,165,0,0,0,65,0,0,0,0,0,0,0,0,0,0,0,501,0,0,0,0,106,0,0,0,0,6,2,0,0,0,0,2,0,0,0,0,0,0,2,0,0,0,148,0,0,49,0,0,0,0,0,0,0,0,500,0,0,0,0,0,0,0,0,4,925,0,0,0,0,2,1250,0,0,0,0,0,0,0,0,0,0,0,0,0,0,0,0,4,0,0,0,23,0,0,0,0,0,0,0,0,0,0,0,0,0,0,0,2,43,2,0,0,0,0,0,0,0,0,0,0,0,0,20,0,429,0,0,0,18,0,0,0,0,0,0,39,0,0,181,0,19,0,0
"D488",0,0,0,0,0,0,0,0,0,0,0,0,0,0,0,0,0,0,0,0,0,0,0,0,0,0,0,0,0,0,0,0,0,0,0,0,0,0,0,0,0,0,0,0,0,0,0,0,0,0,0,0,0,0,0,0,0,0,0,0,0,0,0,0,0,0,0,0,0,0,0,0,0,0,0,0,0,0,0,0,0,0,0,0,0,0,0,0,0,0,0,0,0,0,0,0,0,0,0,0,0,0,0,0,0,0,0,0,0,0,0,0,0,0,0,0,0,0,0,0,0,0,0,0,0,3,0,0,0,0,0,0,0,0,0,0,0,0,0,0,0,0,0,0,0,0,0,0,0,0,0,0,0,0,0,0,0,0,0,0,0,0,0,0,0,0,0,0,0,0,0,0,0,0,0,0,0,0,0,0,0,0,0,0,0,0,0,0,0,0,0,0,0,0,0,0,0,0,0,0,0,0,0,0,0,0,0,0,0,0,0,0,0,0,0,0,0,0,0,0,0,0,0,0,0,0,0,0,0,0,0,0,0,0,0,0,0,0,0,0,0,0,0,0,0,0,0,0,0,0,0,0,0,0,0,0,0,0,0,0,0,0,0,0,0,0,0,0,0,0,0,0,0,0,0,0,0,0,0,0,0,0,0,0,0,0,0,0,0,0,0,0,0,0,0,0,0,0,0,0,0,0,0,0,0,0,0,0,0,0,0,0,0,0,23,0,0,0,0,0,0,0,0,0,0,0,0,0,0,0,0,0,0,0,0,0,0,0,0,0,0,0,0,0,0,0,0,0,0,0,0,0,0,0,0,0,0,0,0,0,0,0,0,0,0,0,0,3,0,0,0,0,0,0,0,0,0,0,0,0,0,0,0,0,0,0,0,0,0,0,0,0,0,0,0,0,0,0,0,0,0,0,0,0,0,0,0,0,0,0,0,0,0,0,0,0,0,0,0,0,0,0,0,0,0,0,0,0,0,0,0,0,0,0,0,0,0,0,0,0,0,0,0,0,0,0,0,0,0,0,0,0,0,0,0,0,0,0,0,0,0,0,0,0,0,0,0,0,0,0,0,0,0,0,0,0,0,0,0,0,0,0,0,0,0,0,0,0,0,0,0,0,0,0,0,0,0,0,0,0,0,0,0,0,0,0,0,0,0,0,0,0,0,0,0,0,0,0,0,0,0,0,0,0,0,0,0,0,0,0,0,0,0,0,0,0,0,0,0,0,0,0,0,0,0,0,0,0,0,0,0,0,0,0,0,0,0,0,0,0,0,0,0,0,0,0,0,0,0,0,0,0,0,0,0,0,0,0,0,0,0,0,0,0,0,0,0,0,25,0,0,0,0,0,0,0,0,0,0,0,0,0,0,0,0,0,0,0,0,2,0,0,0,0,0,0,0,0,0,0,0,0,0,0,0,0,0,0,0,0,0,0,0,0,0,0,0,0,0,0,0,0,0,0,0,18,0,0,0,0,0,0,0,0,0,0,0,0,0,0,0,0,0,0,0,0,0,0,0,0,0,0,0,0,0,0,0,0,0,0,0,25,0,0,0,0,0,0,0,0,0,0,0,0,0,0,0,0,0,0,0,0,274,0,0,0,0,0,0,0,0,0,0,0,0,0,0,0,0,0,0,0,0,0,0,0,0,0,0,0,0,0,0,0,0,0,0,0,0,0,0,0,0,0,0,0,0,0,0,0,0,0,0,0,0,0,0,0,0,0,0,0,0,0,0,0,0,0,0,0,0,0,0,0,0,8295,0,0,0,0,0,0,0,0,0,0,0,0,0,0,0,0,0,0,0,0,0,2,0,0,0,0,0,0,0,0,0,0,0,0,0,0,0,0,0,0,0,0,0,0,0,0,0,0,0,0,0,0,0,0,0,0,0,0,0,0
"D489",3,6,61,95,0,0,44,21,32,0,0,15,0,5,1,0,0,1,12,10,0,3,2,0,0,1,2,0,0,0,18,0,214,17,0,0,0,0,0,0,0,0,1,35,380,0,35,0,25,0,0,0,0,4,0,214,0,113,0,3,0,20,15,0,50,7,0,2,14,0,68,0,0,52,0,41,18,0,0,27,8,0,0,0,3,91,0,0,153,17,97,8,0,0,0,19,2,0,0,3,0,0,0,0,0,10,0,0,0,0,0,3,0,48,0,0,0,0,0,0,0,0,6,15,51,0,0,5,12,0,0,0,5,192,3,18,0,0,0,3,4,0,0,133,4,477,0,0,0,2,0,3,3,0,34,0,0,0,0,0,39,0,358,0,0,0,0,1,7,19,0,61,82,0,0,135,2,0,0,0,2,0,0,17,0,0,0,0,0,0,0,1048,4,0,0,0,21,31,0,4,0,0,24,0,0,192,0,85,0,99,8,0,1,0,13,240,0,0,0,14,0,0,0,0,0,7,111,0,148,49,0,0,0,0,0,0,10,0,9,0,3,7,0,3,0,5,0,5,0,0,19,4,0,0,0,0,3,114,0,0,19,0,0,0,0,17,1,0,11,0,0,141,0,0,1,4,0,0,9,20,0,2,0,0,44,367,109,0,10,0,0,0,0,17,4,0,6,2,0,166,4,0,0,0,0,6,0,28,20,0,0,0,5,17,2,0,4220,77,0,290,0,0,0,0,0,0,0,27,0,0,0,6,0,2,0,0,0,25,12,0,0,5,0,2,0,0,0,6,0,0,0,10,6,0,14,10,0,0,0,0,0,0,0,100,0,0,0,0,103,0,13,12,0,0,0,8,0,140,7,16,0,49,0,0,3,0,0,0,0,29,5,419,14,3,0,2,0,185,0,0,0,0,4,0,20,0,1,0,0,0,171,0,0,0,164,23,0,0,67,23,59,0,0,0,279,21,0,10,0,0,87,0,2,101,0,5,0,13,0,0,99,22,0,175,2,0,0,0,5,0,0,22,11,0,0,0,0,0,0,0,8,17,0,0,53,35,23,0,35,588,64,194,0,0,0,0,1,0,12,0,7,754,6,0,0,0,0,0,160,233,110,0,0,0,0,0,0,2,0,15,0,0,0,0,0,0,61,0,51,2,0,4,0,113,0,5,0,0,0,1,8,3,9,8,0,596,14,3,11,0,0,0,0,0,0,1,0,0,0,0,56,20,13,0,229,4,0,0,0,0,13,4,0,0,14,0,0,0,22,0,2,0,23,0,0,0,9,0,0,0,0,0,8,127,14,0,0,0,0,5,11,11,0,3,0,2,0,0,6,5,0,0,0,0,1,0,0,0,21,1,0,1,870,0,0,3,7,0,0,0,0,28,25,21,0,0,0,0,0,0,0,3,0,2,4,0,4,0,18,0,0,0,916,0,0,0,0,0,28,188,0,0,0,11,0,0,137,24,0,0,38,2,0,0,9,779,0,0,87,0,89,0,0,0,0,0,0,0,0,0,1,0,24,0,62,74,0,2,0,0,0,0,0,0,0,0,6,7,0,42,0,82,0,0,0,0,2,255,802,0,5,15,0,4,0,0,0,0,0,0,0,20,0,0,0,0,71,0,0,9,0,32,4,0,0,1936,0,0,0,6,0,39,4,0,0,0,3,0,0,0,0,0,0,180,5,2,0,0,37,71,0,4,23,0,0,0,229,0,0,0,0,0,0,0,0,0,1,24,85,0,11,0,2,0,1,0,13,19,6,0,0,0,128,0,0,23,0,0,0,37,0,18,5,11,191,55,89,7731,39,3,2,0,171,0,0,0,10,0,0,0,0,0,0,0,0,0,115,0,5,0,0,0,12,4,0,87,0,0,0,0,6,1,8,17,0,0
"D490",43,0,0,0,0,0,0,71,0,2,5,0,0,0,0,0,0,11,4,0,0,0,0,0,0,0,0,0,0,10,0,0,37,0,3,0,0,0,0,0,0,0,0,0,2,0,0,0,233,0,0,20,0,0,0,0,0,0,22,0,0,0,0,0,25,0,0,0,8,0,0,0,0,2,0,0,0,30,0,0,0,0,0,0,10,50,0,1,0,3,0,0,0,0,0,0,4,0,0,0,0,0,0,0,0,34,0,0,0,4,0,0,0,0,6,0,0,0,0,0,6,0,0,0,0,5,19,0,0,0,0,0,4,0,0,10,0,0,0,18,0,0,0,207,0,0,0,0,0,0,0,0,0,0,117,0,0,0,0,0,0,0,0,0,0,0,0,0,0,34,0,18,0,0,0,0,0,0,0,0,0,0,0,0,0,0,0,0,0,0,0,0,0,0,0,8,2,0,0,143,0,26,0,0,4,0,0,83,0,2,0,0,0,0,0,0,0,0,0,0,0,0,0,0,0,0,12,0,0,0,145,0,0,0,0,0,0,0,0,0,0,0,0,0,0,0,0,0,3,0,793,2,2,0,0,0,0,0,0,17,0,0,0,0,0,0,1,0,3,0,0,0,0,0,0,0,0,0,0,0,4,0,0,0,0,0,0,0,0,0,3,0,0,0,0,0,0,28,0,0,0,4,58,0,0,0,0,0,0,0,0,4,0,22,2,0,0,0,0,0,0,0,0,0,0,0,33,0,0,0,0,0,0,0,0,0,0,17,0,5,0,1,0,0,0,0,0,0,0,0,0,3,0,0,0,17,0,0,0,384,0,0,2,0,0,0,0,0,0,0,0,0,0,0,67,0,0,0,0,0,0,0,0,0,0,0,0,0,114,0,0,0,6,0,0,0,0,6,0,4,12,0,0,5,8,0,0,0,0,0,0,18,0,0,0,0,0,3,3,2,0,1,0,0,0,195,0,0,0,5,0,0,0,0,0,0,2,0,0,0,0,0,0,2,3,0,6,0,0,5,0,0,0,0,0,0,0,0,22,0,0,0,0,0,0,0,7,0,53,0,0,0,0,18,6,0,0,87,0,0,0,0,0,89,4,1,11,0,0,0,0,0,0,0,0,0,0,1,0,267,0,0,0,0,0,12,0,0,0,0,190,0,0,0,0,25,0,0,0,0,2,0,0,0,0,0,0,0,0,0,0,0,0,0,0,0,0,0,4,0,0,0,0,0,0,0,0,0,0,0,0,0,0,0,3,0,0,0,0,0,0,0,0,0,0,0,0,0,2,0,0,20,0,0,0,0,0,0,0,0,6,0,0,0,1,0,0,0,0,0,0,0,0,6,0,0,0,0,0,25,0,0,0,0,0,0,59,0,0,0,11,0,0,0,0,0,0,0,0,0,0,0,5,0,0,0,0,0,20,62,0,0,0,0,4,0,0,0,0,0,0,0,0,0,0,0,0,40,5,0,4,1,0,0,0,0,0,0,1,0,4,1,0,0,0,0,0,0,0,0,0,0,0,0,0,0,0,0,24,0,0,0,0,2,0,6,0,0,7,0,0,4,0,0,6,0,0,0,0,0,0,0,0,0,0,0,0,0,0,0,0,0,0,0,0,132,0,0,0,8,0,7,0,0,0,0,0,0,0,0,0,0,0,0,0,0,0,0,0,0,0,0,0,4,23,0,0,0,0,0,0,0,0,2,0,26,34,0,0,7,0,0,3,0,0,133,0,0,0,0,2,91,0,0,6,0,0,0,0,0,3,0,1,37,2,0,0,4,0,0,19,0,0,0,10,9,0,10,0,0,4,0,0,0,0,0,0,0,0,0,0,0,3,0,0,0,0,0,0,0,0,0,0,0,0,0,0,3,0,0,0,8,0,0,0,0
"D491",0,0,0,0,0,0,0,0,0,0,0,0,0,0,0,0,0,0,0,0,0,0,0,0,0,0,0,0,0,0,0,0,0,0,0,0,0,501,0,0,0,0,0,0,0,0,0,0,0,0,0,0,0,0,0,0,0,0,0,0,0,0,0,0,0,0,0,0,0,0,0,0,0,0,0,0,0,0,0,0,0,0,0,0,0,0,0,0,0,0,0,0,0,0,0,0,0,0,0,0,0,0,0,0,0,0,0,0,0,0,0,0,0,0,0,0,0,0,0,0,0,0,0,0,0,0,0,0,0,0,0,0,0,0,0,0,0,0,0,0,0,143,0,0,0,0,0,0,0,0,0,0,0,0,0,0,0,1888,0,0,0,0,0,0,0,0,0,0,0,0,0,0,0,0,0,0,0,0,0,0,0,0,0,0,0,0,0,0,0,0,0,0,0,0,27,0,0,0,0,0,0,0,0,0,0,0,0,0,0,0,0,0,0,0,0,0,0,0,0,0,0,0,0,0,0,0,0,0,0,0,0,0,0,0,0,0,0,0,0,0,0,0,0,0,0,0,0,0,0,0,0,0,0,0,0,0,0,0,0,0,0,0,0,0,0,0,0,0,0,0,0,0,0,0,0,0,0,0,0,0,0,0,0,0,0,0,0,0,0,0,0,0,0,0,0,0,0,0,0,0,0,0,0,11,156,0,0,0,0,0,0,0,0,0,0,0,0,0,0,0,0,0,0,0,0,0,0,0,0,0,0,0,0,0,0,0,0,0,0,0,0,0,0,0,0,0,0,0,0,0,0,0,0,0,0,0,0,0,0,0,0,0,0,0,452,59,0,4,0,0,0,0,0,0,0,0,0,0,0,0,0,0,0,0,0,0,0,0,0,0,0,0,0,0,0,0,0,0,0,0,0,0,0,0,0,0,0,0,0,0,0,0,0,0,0,0,0,0,0,0,0,0,0,0,0,0,0,0,0,0,0,0,0,0,0,0,0,0,0,243,0,0,0,0,0,0,0,0,0,0,0,0,0,0,0,0,0,0,0,0,0,0,0,0,0,0,0,0,0,0,0,0,0,0,0,0,0,0,0,0,0,0,0,0,0,0,0,0,0,0,0,0,0,0,0,0,73,0,0,0,0,0,0,0,0,0,0,0,0,0,0,0,0,0,0,0,0,0,0,0,0,0,0,0,0,0,0,0,0,0,0,0,0,0,0,0,0,0,0,0,0,0,0,0,0,0,0,0,0,0,0,0,0,0,0,0,0,0,0,0,0,0,0,0,0,0,0,0,0,1787,0,0,0,0,0,0,4,0,0,0,0,0,0,0,0,0,0,0,0,0,0,0,0,0,0,0,0,0,0,0,0,0,0,0,0,0,0,0,0,0,0,0,0,0,0,0,0,0,0,0,0,0,0,0,0,0,0,0,0,0,0,0,0,0,0,0,0,0,0,0,0,0,0,0,0,0,0,0,0,0,0,0,0,0,0,0,0,0,0,0,0,0,0,0,0,0,0,0,0,0,0,0,0,0,0,0,0,0,0,0,0,0,0,0,0,0,0,0,0,0,0,0,0,176,0,0,0,0,0,0,0,0,0,0,0,0,0,0,0,0,0,0,0,0,0,0,0,0,0,0,0,0,0,0,0,0,0,0,0,0,0,0,0,0,0,0,0,0,0,0,0,0,0,0,0,0,0,0,0,0,0,0,0,0,0,0,0,0,0,0,0,0,0,0,0,0,0,0,0,0,0,0,0,155,0,0,0,0,0,0,0,0,0,0,0,0,0,0,0,0,0,0,0,0,0,0,0,0,0,0,0,0,0,0,0,0,0,0,0,0,0,0,0,0,2,0,0,0,0,0,0,0,0,0,0,0,0,0,0,0,0,0,0,0,0,0
"D492",0,0,0,0,0,0,0,0,0,0,0,0,0,0,0,0,0,0,0,0,0,0,0,0,0,0,0,0,0,0,0,0,0,0,0,0,0,0,0,0,0,0,0,0,0,0,0,0,0,0,0,0,0,0,0,0,0,2,0,0,0,0,0,0,0,0,0,0,0,0,0,0,0,0,0,1,0,0,0,0,0,0,0,0,0,0,0,0,0,0,0,0,0,0,0,0,0,0,0,0,0,0,0,0,0,0,0,0,0,0,0,0,0,0,0,0,0,0,0,0,0,0,0,0,0,0,0,0,0,0,0,0,0,0,0,0,0,0,0,0,0,0,35,0,0,0,0,0,0,0,0,0,0,0,0,0,0,0,0,0,0,0,0,0,0,0,0,0,0,0,0,0,0,0,0,0,0,0,0,0,0,0,0,0,0,0,0,0,0,0,0,0,0,0,0,0,0,0,0,0,0,0,0,0,0,0,0,0,0,0,0,0,0,0,0,0,0,0,0,0,0,0,0,0,0,0,0,0,0,0,0,0,0,0,0,0,0,0,0,0,0,0,0,0,0,0,0,0,0,0,0,0,0,0,0,0,0,0,0,0,0,0,0,0,0,0,0,0,0,0,0,1,0,0,0,0,0,0,0,0,0,0,0,0,0,0,0,0,0,0,0,0,0,0,0,0,0,0,0,0,0,0,0,0,0,0,0,0,0,0,0,0,0,0,770,0,0,0,0,0,0,0,0,0,0,0,0,0,0,0,0,0,0,0,0,0,0,0,0,0,0,0,0,0,0,0,0,0,0,0,0,0,0,0,0,0,0,0,0,0,0,0,0,0,0,0,0,0,0,0,0,0,0,0,0,0,0,0,0,0,0,0,0,0,0,0,0,0,0,0,0,0,0,0,0,0,0,0,0,0,0,0,0,0,0,0,0,0,0,0,0,0,0,0,0,0,0,0,0,0,0,0,0,0,0,0,0,0,0,0,0,0,0,0,0,0,0,0,0,0,0,0,0,0,0,0,0,92,0,0,0,0,0,0,0,0,0,0,0,0,0,0,0,0,0,0,0,0,0,0,0,0,0,0,0,0,0,0,0,0,0,0,0,0,0,0,0,0,0,0,0,0,0,0,0,0,0,0,0,0,0,0,0,0,0,0,0,0,0,0,0,0,0,0,0,0,0,0,0,0,0,0,0,0,0,0,0,0,0,0,0,0,0,0,0,0,0,0,0,0,0,0,0,0,0,0,0,0,0,0,0,0,0,0,0,0,0,0,0,0,0,0,0,0,0,0,0,0,0,0,0,0,0,0,0,0,0,0,0,0,0,0,0,0,0,0,0,0,0,0,0,0,0,0,0,0,0,0,0,0,0,0,0,0,0,0,0,0,0,0,0,0,0,0,0,0,0,0,0,0,0,0,0,0,0,0,0,0,0,0,0,0,0,0,0,0,0,0,0,0,0,0,0,0,0,0,0,0,0,0,0,0,0,0,0,0,0,0,0,0,0,0,0,0,0,0,0,0,0,0,0,0,0,0,0,0,0,0,0,0,0,64,0,0,0,0,0,0,0,0,0,0,0,0,0,0,0,0,0,0,0,0,68,0,0,0,0,0,0,0,0,0,0,0,0,0,0,0,0,0,0,0,0,0,0,0,0,3,0,0,0,0,0,0,0,0,0,0,0,0,0,0,0,0,0,0,0,0,0,0,0,0,0,0,0,0,0,0,0,0,0,0,0,0,0,0,0,0,0,0,0,0,0,0,0,7808,0,0,0,0,0,0,0,0,0,0,0,0,0,0,0,0,0,0,0,0,0,47,0,0,0,0,0,0,0,0,0,0,0,0,0,0,0,0,0,0,0,0,0,0,0,0,0,0,0,0,0,0,0,0,0,0,0,0,0,0
"D493",2,19,21,2,0,0,9,0,2,0,0,0,0,0,2,0,152,0,10,0,11,45,47,0,0,0,0,94,25,0,8,0,439,7,22,29,0,0,0,0,0,0,112,6,165,0,0,0,0,8,0,0,0,0,0,265,0,546,0,87,0,0,0,0,35,0,0,0,16,3,14,0,0,0,0,1,3,0,0,28,126,0,0,0,0,105,0,0,393,3,0,6,0,2,0,0,0,0,0,2,1,0,0,0,0,7,0,0,0,0,3,449,0,0,0,0,0,0,0,0,0,0,0,3,18,0,0,0,0,7,2,0,0,6,53,9,0,0,0,0,0,0,0,0,3,768,0,0,0,0,0,34,6,0,3,0,3,0,0,0,0,0,159,2,19,122,116,0,0,1,0,0,21,0,0,0,0,0,0,1,4,0,1,31,0,0,0,6,0,0,0,26,0,0,0,0,3,18,4,0,13,0,0,3,0,2,0,34,9,62,0,0,2,0,1,84,0,0,0,4,0,87,2,519,0,42,0,0,37,2,0,1,21,4,2,0,14,0,13,3,0,0,0,0,0,25,0,0,0,0,7,5,23,0,0,0,3,18,4,0,3,0,0,0,0,34,0,0,16,0,0,5,0,0,20,0,11,0,5,14,28,2,1,0,1,0,34,24,1,0,0,3,7,0,16,0,0,1,7,7,86,0,0,0,0,0,15,95,0,0,0,16,16,0,2,0,1746,0,0,147,47,0,0,1,0,6,5,0,1,0,0,0,0,5,0,13,555,14,0,3,0,0,4,0,0,14,2,28,0,0,0,0,48,3,0,0,0,7,0,0,33,0,0,47,0,0,0,0,42,9,12,0,0,0,18,21,2,15,6,9,2,0,0,0,5,0,0,0,0,54,0,0,54,2,0,0,0,336,0,0,30,5,0,0,3,2,0,0,0,0,94,117,0,0,0,25,0,0,3,0,2,0,5,59,52,9,3,0,0,0,13,0,0,46,0,3,0,31,21,0,22,15,0,16,23,0,0,0,2000,0,9,16,0,3,0,0,3,21,0,0,18,0,0,0,30,53,12,31,140,37,0,134,0,0,22,0,0,3,246,60,0,103,1,5,6,3,12,0,110,236,86,0,0,0,0,7,0,62,1,2,8,0,0,0,0,0,116,0,0,0,0,5,0,0,0,0,0,0,63,0,5,2,6,51,2,169,0,0,217,41,226,0,0,65,0,0,0,0,0,0,94,146,13,0,69,0,0,12,0,0,2,13,0,0,3,0,0,0,4,0,0,0,0,0,0,0,0,0,6,0,8,0,2,49,1,5,0,0,86,5,0,0,4,1,0,13,0,0,50,0,123,0,0,28,2,0,0,90,10,0,0,1,247,0,0,85,1,0,0,0,0,16,3,55,0,0,80,29,323,0,0,7,0,8,32,2,3,0,0,0,0,0,446,0,0,3,5,2,59,39,4,193,0,82,0,0,9,11,0,3,25,1,0,0,16,7,0,0,29,0,12,0,12,0,0,0,4,0,0,0,0,0,28,0,57,29,0,17,7,114,0,0,0,0,0,0,0,0,0,25,0,415,0,0,0,0,0,657,280,21,0,11,0,0,3,44,0,14,0,13,0,26,3,0,2,0,86,0,0,2,17,199,5,0,0,254,2,0,7,63,21,106,7,493,0,0,2,1,0,121,0,314,20,0,0,2,0,0,46,43,9,2,0,12,3,0,79,0,8,0,187,20,0,0,0,0,0,0,40,25,59,0,133,0,0,0,21,2,13,9,0,5,102,0,0,2,19,0,0,24,0,44,109,3,0,0,0,66,0,0,0,0,0,135,0,38,8,0,0,0,0,2,0,11,0,0,45,0,0,2,0,0,0,2,25,289,7,0,0,44,0,0,2,0,0,0
"D494",0,0,0,0,0,0,0,0,0,0,0,0,0,0,0,0,0,0,0,0,0,0,0,0,0,0,0,0,0,0,0,0,0,0,0,0,0,0,0,393,0,0,0,0,0,0,13,289,0,0,0,0,0,0,0,0,0,0,0,0,0,0,0,0,54,0,0,0,32,0,0,0,0,0,0,0,0,0,0,0,0,0,0,0,0,0,0,0,3,0,0,0,0,0,0,0,0,0,0,0,0,0,0,0,0,0,0,0,1,0,0,0,0,0,940,6,0,0,0,0,0,0,0,0,0,0,0,0,0,0,0,0,0,0,0,0,0,0,0,0,0,0,0,0,0,0,0,0,0,0,0,0,0,0,0,0,0,0,0,0,0,0,0,0,0,0,0,0,0,0,0,0,0,0,0,0,0,0,0,0,0,0,0,0,0,0,0,0,0,0,0,0,0,0,0,2,0,0,0,2,0,0,0,0,0,0,0,0,0,0,0,0,0,0,0,0,0,0,5,0,0,0,0,0,0,0,0,0,0,0,0,0,0,0,0,0,0,0,0,0,0,0,0,0,0,0,0,0,0,0,0,0,0,0,0,0,0,0,0,0,0,0,12,0,22,0,0,0,0,0,0,0,0,40,0,0,0,0,0,0,0,0,0,0,0,0,0,0,0,0,0,0,0,0,0,0,0,0,0,0,0,0,0,0,0,0,0,0,0,0,1,0,0,0,0,9,0,0,0,0,0,0,0,0,0,0,0,0,0,0,0,0,0,3,0,0,0,0,0,0,0,0,0,0,0,0,0,0,0,0,0,0,0,0,0,0,0,0,0,0,0,453,0,0,0,0,0,0,0,0,0,0,0,0,0,0,0,0,0,0,0,0,0,0,0,0,0,0,0,0,0,0,0,0,0,0,43,8,0,0,0,0,0,3,0,0,0,0,0,277,0,0,5,0,0,0,0,0,0,0,0,0,0,0,0,0,0,0,0,0,0,0,0,0,0,0,0,0,0,0,0,0,0,0,0,0,0,0,0,0,0,0,0,0,0,0,0,0,0,0,0,0,0,2,0,0,0,0,0,0,0,0,0,0,0,0,0,0,0,0,0,0,0,0,0,0,0,0,0,0,0,0,0,0,0,0,0,0,0,0,0,0,0,0,0,0,0,0,0,0,0,0,0,0,0,0,0,0,0,0,0,0,0,0,0,0,0,0,0,3,0,0,0,0,0,0,0,0,0,0,0,0,0,0,0,0,0,0,0,0,0,0,0,0,0,1041,31,2,0,0,0,0,0,0,2,0,0,0,0,0,0,0,0,0,0,0,0,0,0,0,0,0,0,0,0,0,0,0,0,0,0,0,0,89,0,0,0,0,0,0,0,0,0,0,0,0,0,0,0,0,0,0,0,0,0,0,0,0,0,0,0,0,1,0,0,0,0,0,0,0,6,0,0,0,0,0,0,0,0,0,0,0,0,0,0,0,0,0,0,0,0,0,0,0,0,0,0,0,0,98,0,0,0,0,0,0,0,5151,0,0,0,0,0,0,0,0,0,0,3,0,0,0,0,0,0,0,0,0,0,0,35,0,0,0,0,0,0,0,0,0,0,0,0,0,0,0,0,0,0,0,0,0,1,0,0,0,0,0,0,0,0,2,1,0,0,0,0,0,0,0,0,0,0,0,0,0,0,0,0,0,0,0,0,0,0,0,0,0,0,0,0,0,0,0,0,0,0,0,0,0,0,0,0,0,0,0,0,0,0,0,0,0,0,0,0,0,0,0,0,0,0,0,0,0,2,0,0,0,0,0,0,0,0,0,0,0,0,0,0,0,0,0,0,18,0,0,0,0,2,0,0,0,0,0,0,0,0,0,0,0,0,0,0,0,0,0,0,0,0,0,0,0,0,0,0,0
"D495",7,62,71,6,0,0,14,12,2,0,0,0,0,3,11,128,97,1,6,0,28,26,22,71,0,4,7,193,0,7,34,0,134,13,61,43,0,0,0,0,28,10,35,3,195,0,13,0,25,4,0,0,0,16,5,156,0,179,4,59,0,0,20,77,0,68,0,0,36,0,57,0,0,1,0,4,8,10,8,119,109,5,0,0,2,1,0,0,95,0,0,33,0,2,0,15,0,0,0,6,55,0,0,0,2,3,0,0,0,0,12,116,42,0,0,0,0,0,4,12,0,0,2,2,8,1,0,16,0,64,2,0,3,0,100,16,4,0,0,0,44,0,0,4,2,180,4,1,0,0,0,25,36,7,0,6,8,0,4,42,0,0,32,5,40,12,162,155,4,0,8,0,27,0,10,224,8,0,0,83,6,0,3,91,13,0,0,15,26,0,10,5,0,0,0,0,0,24,33,0,80,2,17,17,0,32,0,17,66,27,5,0,20,0,3,41,0,0,0,5,3,24,0,44,228,47,62,0,75,1,0,12,4,16,67,0,64,0,11,0,172,45,2,40,20,8,0,0,0,0,23,86,10,0,0,0,30,24,36,17,20,52,0,0,0,14,0,0,22,0,8,9,9,0,76,5,47,1,1,1,29,14,0,40,3,0,39,24,0,80,341,13,155,55,6,4,2,0,3,15,31,0,3,0,0,5,24,7,13,1,0,27,43,5,0,0,8611,79,0,358,46,0,2,0,0,23,0,1,0,3,2,0,0,6,2,30,0,47,8,4,0,0,0,33,0,3,0,168,0,0,2,3,24,1,9,0,0,45,7,0,38,0,0,15,0,0,70,0,0,0,677,0,0,0,31,24,2,18,6,3,18,88,44,92,27,0,69,33,0,0,13,70,56,1,65,11,0,345,0,25,6,19,3,17,0,0,4,26,4,0,44,16,0,0,9,17,99,0,2,0,46,0,3,56,78,155,61,23,0,0,58,1,1,136,0,17,0,5,62,0,26,45,6,45,14,0,0,0,0,0,0,66,19,3,136,4,0,61,0,0,10,0,116,0,246,0,41,2,5,100,40,247,0,2,48,168,0,2,552,14,0,82,0,9,31,0,165,0,16,61,53,0,0,0,0,0,0,56,97,0,24,0,0,0,0,1,58,0,8,1,11,65,10,5,0,0,5,2,11,0,2,0,45,29,2,794,2,5,31,0,92,0,0,60,6,0,2,0,0,0,644,51,7,0,382,0,9,32,0,0,6,1,87,0,6,0,0,0,0,0,3,143,24,4,0,0,0,0,46,0,3,0,16,231,25,0,0,0,30,8,1,9,10,8,4,16,35,1,76,4,22,0,0,1,0,0,0,28,21,0,0,7,7,17,7,14,8,0,0,0,5,2,0,21,0,13,145,59,90,0,0,2,3,6,158,4,0,0,20,3,0,0,181,28,0,3,5,10,0,52,0,56,0,21,0,0,4,74,2,4,12,0,0,19,78,0,0,2,11,0,117,2,0,29,59,0,36,0,0,0,21,0,69,0,6,65,0,20,37,217,0,0,3,0,0,0,0,3,5,15,0,28,0,0,0,6,0,1566,200,105,1,21,0,12,0,3,0,29,0,26,0,83,0,0,0,0,29,4,11,57,21,68,13,0,0,9,166,0,51,4,239,20,10,136,33,0,4,72,0,122,6,0,10,0,9,7,0,0,17,2,33,11,65,9,4,0,65,0,28,0,7,9,0,0,5,0,1,0,23,55,0,4,215,0,0,0,93,23,29,14,0,62,114,0,7,0,4,0,19,0,23,50,51,2,30,94,57,81,2,6,13,0,9,0,1,0,2,38,0,0,0,5,0,68,0,0,19,64,3,38,5,0,11,0,0,580,0,4,0,0,39,2,2,22,2,0
"D496",0,0,0,0,0,0,0,0,0,0,0,0,0,0,0,0,0,0,0,0,0,0,0,0,0,0,0,0,0,0,0,0,0,0,0,0,0,0,0,0,0,0,0,0,0,0,0,0,0,0,0,0,0,0,0,0,0,0,0,0,0,0,0,0,0,0,0,0,0,0,0,0,0,0,0,0,0,0,0,0,0,0,0,0,0,0,0,0,0,0,0,0,0,0,0,0,0,0,0,0,0,0,0,0,0,0,0,0,0,0,0,0,0,0,0,0,0,0,0,0,0,0,0,0,0,0,0,0,0,0,0,0,0,0,0,0,0,0,0,0,0,0,0,0,2,0,0,0,4,0,0,0,0,0,0,0,0,0,0,0,0,0,0,0,0,0,0,0,0,0,0,0,0,0,0,0,0,0,0,0,0,0,0,0,0,0,0,0,0,0,0,0,0,0,0,0,0,0,0,0,0,0,0,0,0,0,0,0,0,0,0,0,0,0,0,0,0,0,0,0,0,0,0,0,0,0,0,0,0,0,0,0,0,0,0,0,0,0,0,0,0,0,0,0,0,0,0,0,0,0,0,0,0,0,0,0,0,0,0,0,0,0,0,0,0,0,0,0,0,0,0,0,0,0,0,0,0,0,0,0,0,0,0,0,0,0,0,0,0,0,0,0,0,0,0,0,0,0,0,0,0,0,0,0,0,0,0,0,0,0,0,0,0,0,0,0,0,0,0,0,0,0,0,0,0,0,0,0,0,0,0,0,0,0,0,0,0,0,0,0,0,0,0,0,0,0,0,0,0,0,0,0,0,0,0,0,0,0,0,0,0,0,0,0,0,0,0,0,0,0,0,0,0,0,0,0,0,0,0,0,0,0,0,0,0,0,0,0,0,0,0,0,0,0,0,0,0,0,0,0,0,0,0,0,0,0,0,0,0,0,0,0,0,0,0,0,0,0,0,0,0,0,0,0,0,0,0,0,0,0,0,0,0,0,0,0,0,0,0,0,0,0,0,0,0,0,0,0,0,0,0,0,0,0,0,0,0,0,0,0,0,0,0,0,0,0,0,0,0,0,0,0,0,0,0,0,0,0,0,0,0,0,0,0,0,0,0,0,0,0,0,0,0,0,0,0,0,0,0,0,0,0,0,0,0,0,0,0,0,0,0,0,0,0,0,0,0,0,0,0,0,0,0,0,0,0,0,0,0,0,0,0,0,0,0,0,0,0,0,0,0,0,0,0,0,0,0,0,0,0,0,0,0,0,0,0,0,0,0,0,0,0,0,0,0,0,0,0,0,0,0,0,0,0,0,0,0,0,0,0,0,0,0,0,0,0,0,0,0,0,0,0,0,0,0,0,0,0,0,1,0,0,0,0,0,0,0,0,0,0,0,0,0,0,0,0,0,0,0,0,0,0,0,0,0,0,0,0,0,0,0,0,0,0,0,0,0,0,0,0,0,0,0,0,0,0,0,0,0,0,0,0,0,0,0,0,0,0,0,0,0,0,0,0,0,0,0,0,0,0,0,0,0,0,0,0,0,0,0,0,0,0,0,0,0,0,0,0,0,0,0,0,0,0,0,0,0,0,0,0,0,0,0,0,0,0,0,0,0,0,0,0,0,0,0,0,0,0,0,0,0,0,0,0,0,0,0,0,0,0,0,0,0,0,0,0,0,0,0,0,0,0,0,0,0,0,0,0,0,0,0,0,0,0,0,0,0,0,0,0,0,0,0,0,0,0,0,0,0,0,0,0,0,0,0,0,0,0,0,0,0,0,0,0,0,0,0,0,0,0,0,0,0,0,0,0,0,0,0,0,0,0,0,0,0,0,0,0,0,0,0,0,0,0,0,0,0,0,0,0,0,0,0,0,0,0,0,0,0,0,0,0,0,0,0,0
"D497",0,0,0,0,0,0,0,0,0,0,0,0,0,0,0,0,0,0,0,0,0,0,0,0,0,0,0,0,0,0,0,0,0,0,0,0,0,0,0,0,0,0,0,0,0,0,0,0,0,0,0,0,0,0,0,0,0,0,0,0,0,0,0,0,0,0,0,0,0,0,0,0,0,0,0,0,0,0,4,0,0,0,0,0,0,0,0,0,0,0,0,0,0,0,0,0,0,0,0,0,0,0,0,0,0,0,0,0,0,0,0,0,0,0,0,0,0,0,0,0,0,0,0,0,0,0,0,0,0,0,0,0,0,0,0,0,0,0,0,0,0,0,0,0,0,0,0,0,0,0,0,0,0,0,0,0,0,4,0,0,0,0,0,0,0,0,0,0,0,0,0,0,0,0,0,0,0,0,0,0,0,0,0,0,0,0,0,0,0,0,0,0,0,0,0,0,0,0,0,0,0,0,0,0,0,0,0,0,0,0,0,0,0,0,0,0,0,0,0,0,0,0,0,0,0,0,0,0,0,0,0,0,0,0,0,0,0,2,0,0,0,0,0,0,0,0,0,0,0,0,0,0,0,0,0,0,0,0,0,0,0,0,0,0,0,0,0,0,0,0,0,0,0,0,0,0,0,0,0,0,0,0,0,0,0,0,0,0,0,0,0,0,0,0,0,0,0,0,0,0,0,0,0,0,0,0,0,0,0,0,0,0,0,0,0,0,0,0,0,0,0,0,0,0,0,0,0,0,0,0,0,0,2,0,0,0,0,0,0,0,12,0,0,0,0,0,0,0,0,0,0,0,0,0,0,0,0,0,0,0,0,0,0,0,0,0,0,13,0,0,0,0,0,0,0,0,0,0,0,0,0,0,0,0,0,0,0,0,0,0,0,0,0,0,0,0,0,0,0,0,0,0,0,0,0,0,0,0,0,0,0,0,0,0,0,0,0,0,25,0,0,0,0,0,0,0,0,0,0,0,0,0,0,0,0,0,0,0,0,2,0,0,0,0,0,0,0,0,0,0,0,0,0,0,0,0,0,0,0,250,0,0,0,0,0,0,0,0,0,0,0,0,0,0,0,0,0,0,0,0,0,0,0,0,0,0,0,0,0,0,0,0,0,0,0,0,0,0,0,0,0,0,0,0,0,0,0,0,0,0,0,0,0,0,0,0,0,0,0,0,0,0,0,0,0,0,0,0,0,0,0,6,0,0,0,0,0,0,0,0,0,0,0,0,0,0,0,0,0,0,0,0,0,0,0,0,0,0,0,0,0,0,0,0,0,0,0,0,0,0,0,0,0,0,0,0,0,0,0,0,0,0,0,0,0,0,0,0,0,0,0,0,0,0,0,0,0,0,0,0,0,0,0,0,0,0,0,0,0,0,0,0,0,0,0,0,0,0,0,0,0,0,0,0,0,0,0,0,0,0,0,0,0,0,0,0,0,0,0,0,0,0,0,0,0,0,0,0,0,0,0,0,0,0,0,0,0,0,0,0,0,0,0,0,0,0,0,0,0,0,0,0,0,0,0,0,0,0,0,0,0,0,0,0,0,0,0,0,0,0,0,0,0,0,0,0,0,0,0,0,0,0,0,0,0,0,0,0,0,0,0,0,0,0,0,0,0,0,0,0,0,0,0,143,0,0,0,0,5,0,0,0,0,0,0,0,0,0,0,0,0,0,0,0,0,0,0,0,0,0,0,0,0,0,0,0,0,0,0,0,0,0,1,0,0,0,0,0,0,0,0,0,0,0,0,0,0,0,0,0,0,0,0,0,0,0,0,0,0,0,0,0,0,0,0,0,0,2,0,0,0,0,0,0,0,0,0,0,0,0,0,0,0,0,0,0,0,0,0,0,0,0,0,0,0,0,0,0,0,0,0,0,0,0,0,0
"D498",0,0,0,0,0,0,0,11,0,5,0,0,0,0,0,0,0,0,0,0,0,0,0,0,0,0,0,0,0,50,0,0,0,0,0,0,0,0,0,0,0,0,0,0,0,0,57,0,0,0,0,0,0,0,0,0,0,0,0,0,0,0,0,0,0,0,0,0,0,0,0,18,0,0,0,0,0,0,0,0,0,0,0,264,0,0,0,0,0,0,0,0,252,0,2978,0,0,0,0,0,0,0,0,0,0,0,0,0,0,34,0,0,0,0,0,0,0,0,0,0,0,0,0,0,0,0,0,0,0,0,0,0,0,154,0,0,0,0,0,0,0,0,0,487,0,0,0,0,0,0,0,0,0,0,1148,0,0,0,0,0,0,0,0,0,0,0,0,0,0,0,0,0,0,0,0,0,0,0,0,0,0,0,0,0,0,0,0,0,0,0,0,0,0,0,0,0,0,0,0,10,0,0,0,0,0,0,0,0,0,0,0,0,0,0,0,0,0,0,0,0,0,0,0,0,0,0,0,0,0,0,773,0,0,0,0,0,0,0,0,0,0,0,0,0,0,0,0,0,0,0,1500,0,0,2,0,0,0,0,0,0,0,0,291,0,0,0,0,0,0,0,0,0,0,0,0,0,0,0,0,0,0,0,0,0,0,0,0,0,0,0,0,0,0,0,0,45,0,0,0,0,0,0,3,0,0,0,0,0,0,0,0,0,0,0,0,0,0,0,0,0,0,0,0,0,0,0,0,0,0,0,0,0,131,0,14,0,0,0,4,491,0,0,0,0,0,0,0,0,0,0,0,0,0,0,0,0,0,0,0,2767,0,0,84,0,0,0,0,0,0,0,0,0,0,0,0,0,1,0,0,0,0,0,0,0,0,0,0,0,80,0,0,0,0,0,0,0,0,0,0,106,0,0,0,9,0,0,0,0,0,0,0,0,0,2,0,0,0,11,210,0,0,0,0,0,0,581,0,0,0,0,0,0,0,0,0,0,0,0,0,0,0,0,0,0,0,0,0,0,0,0,0,0,0,0,0,0,0,0,469,0,0,0,0,0,0,0,0,0,0,0,0,0,0,0,0,0,0,3218,0,0,0,0,0,178,0,52,0,0,0,0,0,0,0,0,0,0,0,0,0,93,0,0,0,0,313,0,0,0,0,0,0,0,0,0,0,0,0,0,0,0,0,0,0,0,0,0,0,0,0,0,0,0,0,0,0,0,0,0,0,0,0,0,0,0,0,0,0,0,0,0,0,0,0,0,0,0,0,0,0,0,0,0,0,0,0,0,0,0,0,0,0,0,0,0,0,0,0,0,0,0,0,0,0,0,4,0,0,0,0,0,0,0,0,0,0,0,0,0,0,0,0,0,0,0,3,0,3,0,0,0,272,0,0,0,0,0,0,0,0,0,0,0,0,0,0,0,0,0,0,6228,835,0,0,0,0,0,0,0,0,0,26,0,0,0,0,3,0,898,0,0,0,0,0,0,0,0,0,0,0,0,0,20,0,0,0,0,0,0,0,0,0,0,0,0,0,0,0,0,2,0,0,0,0,0,0,0,0,0,0,0,0,0,0,0,0,0,0,0,0,0,0,0,0,0,0,0,0,0,0,0,0,0,0,0,0,218,0,0,0,0,0,0,0,0,0,0,0,43,0,0,0,0,0,0,0,0,0,0,0,0,0,0,0,0,61,0,0,0,0,0,0,0,0,0,0,0,0,0,0,0,0,0,0,0,0,0,0,0,0,0,0,0,0,0,0,7,0,0,0,0,0,0,0,0,32,0,0,0,0,0,0,0,0,0,0,0,0,202,0,0,0,0,0,0,0,0,0,0,0,0,0,0,0,0,0,0,0,0,0,0,0,0,0,0,0,0,0,0,0,0,0,0,0,480,0,0
"D499",0,0,0,0,0,0,6,3,0,0,0,0,0,0,0,0,0,0,0,0,0,0,0,0,0,0,0,0,0,0,0,0,0,0,0,0,0,0,0,0,0,0,0,0,0,0,0,0,0,0,0,0,0,0,0,0,0,0,0,0,0,0,0,0,0,0,0,0,0,0,0,0,0,0,0,0,0,0,0,5,0,0,0,0,0,0,0,0,0,0,0,0,0,0,0,0,0,0,0,0,1,0,0,0,0,0,0,0,0,0,0,0,0,0,0,0,0,0,0,0,0,0,0,0,0,0,0,0,0,0,0,0,0,0,0,0,0,0,0,0,0,0,10,0,0,0,0,0,0,0,0,0,0,0,0,0,0,0,0,0,0,0,0,0,0,0,0,0,0,0,0,0,0,0,0,0,0,0,0,0,0,0,0,0,0,0,4,0,0,0,0,0,0,0,0,0,0,0,0,0,0,0,0,0,0,0,0,0,0,0,0,0,0,0,0,0,0,0,0,0,0,0,0,12,0,0,0,0,0,0,0,0,0,0,0,0,0,0,0,0,0,0,0,0,4,0,0,0,0,0,0,0,0,0,0,0,0,0,0,0,0,0,0,0,0,0,0,0,0,0,0,0,0,0,0,0,0,0,0,0,0,0,0,0,0,0,0,0,0,0,0,2,0,0,0,0,0,0,0,0,0,0,0,0,0,0,0,0,0,0,0,0,0,0,0,0,0,0,0,0,0,0,0,0,0,4,0,0,0,0,0,0,0,0,0,0,0,0,20,0,0,0,0,0,7,0,0,0,0,0,0,0,0,0,0,26,0,0,0,0,0,0,0,0,0,0,0,0,0,0,0,0,0,0,0,0,3,0,0,0,0,0,0,0,0,0,0,0,0,0,0,0,0,0,6,0,0,2,0,0,0,0,0,0,0,0,0,0,0,0,0,0,0,0,0,0,0,0,0,0,0,0,0,0,0,0,0,0,0,0,0,0,0,0,0,0,0,0,0,0,0,0,0,0,0,0,0,0,0,0,0,0,0,0,0,0,0,0,0,0,0,0,0,0,0,0,0,0,0,0,0,0,0,0,0,0,0,0,0,0,0,0,0,0,0,0,0,0,0,0,0,0,0,0,0,0,0,0,0,0,0,0,0,0,0,0,0,0,0,0,0,0,0,0,0,0,0,0,0,0,0,0,0,0,0,0,0,0,0,0,0,0,0,0,0,0,0,0,0,0,0,0,0,0,0,0,0,0,0,0,0,0,0,0,0,0,0,0,0,0,0,0,0,0,0,0,3,0,0,0,0,0,0,0,0,0,0,0,3,0,0,0,0,0,0,0,0,0,0,0,0,0,0,0,0,0,6,0,0,0,0,0,0,0,0,0,0,0,0,0,0,0,0,0,0,0,0,0,0,0,0,0,0,0,0,0,0,0,0,0,0,0,0,0,0,0,0,0,0,0,0,3,0,0,0,0,0,0,0,0,0,0,0,0,0,0,0,9,0,0,0,0,0,0,0,0,0,0,0,0,0,0,0,0,0,0,0,0,0,0,0,4,0,0,0,0,0,0,0,0,0,0,0,0,0,0,0,0,0,0,0,0,0,0,0,0,0,0,0,0,0,0,0,0,0,0,0,0,0,0,0,0,0,0,0,0,0,2,0,0,0,0,0,0,0,0,0,0,0,0,0,0,0,0,0,0,0,0,0,0,0,0,0,0,0,0,0,0,0,0,0,0,0,0,1,0,0,0,0,0,0,0,0,0,0,0,0,0,0,0,0,0,0,0,0,0,0,0,0,0,0,0,0,0,0,0,0,28,0,0,0,0,0,0,0,0,0,0,0,0,0,0,0,0,0,0,0,0,0,0,0,0,0,0,0,0,0,0,0,0,0,0,0,0,0,0
"D500",0,0,0,2,0,0,0,0,0,0,8,0,0,0,2,0,0,0,0,6,25,0,0,3,4,0,0,0,0,0,0,3,0,0,0,0,3,0,79,0,0,0,0,0,29,0,11,428,0,0,0,0,0,0,2,2,0,0,24,0,3,3,0,0,17,0,0,21,0,4,0,0,40,2,4,0,1,0,0,0,0,0,208,0,0,3,0,132,0,3,0,0,0,0,0,3,0,57,0,0,0,0,0,0,9,0,0,1119,0,0,0,2,0,0,188,165,16,6,6,0,0,63,3,2,0,0,73,2,0,0,0,32,0,3,0,21,0,0,202,0,0,0,0,0,0,0,0,2,0,0,0,0,0,4,0,0,0,0,45,0,2,0,0,12,0,0,0,0,0,0,0,1243,0,0,0,0,0,6,0,0,0,23,0,0,0,0,75,0,0,52,0,0,39,0,0,30,21,0,0,7,0,0,0,0,0,0,12,0,0,0,0,0,0,137,0,0,0,5,29,0,0,0,0,0,0,0,0,1,0,0,0,0,0,0,0,0,0,0,2,75,0,6,0,0,0,0,0,57,4,1818,8,0,0,0,42,6,0,0,0,0,0,0,0,299,0,0,0,0,10,0,0,0,0,25,0,0,3,0,2,0,2,0,11,0,0,0,0,0,0,0,0,0,0,0,2,1,0,0,0,0,0,0,0,0,0,0,0,0,12,2,2012,0,0,2,0,9,0,0,0,0,0,56,0,0,13,0,0,2,547,0,291,0,0,5,2,0,0,0,0,2,0,158,19,0,0,2,0,0,0,40,19,0,1,0,0,237,0,10,0,0,0,0,0,0,2,0,0,3,0,10,0,0,14,17,0,2,0,0,0,0,0,0,0,0,0,0,0,0,0,0,0,0,0,0,0,0,574,8,0,0,11,0,0,2,0,16,0,0,0,0,0,103,18,0,0,0,1,0,14,0,0,0,0,0,0,18,0,0,0,17,0,0,0,2,0,0,0,0,0,0,0,0,0,0,0,0,2,0,0,0,2,0,0,0,0,0,0,0,0,0,0,0,0,48,0,0,13,0,0,0,0,0,360,6,0,0,9,10,0,0,0,0,0,3,0,6,4,15,2,0,1,0,0,15,39,0,0,0,0,0,0,3,1,102,0,25,5,0,4,0,0,0,0,0,1,0,0,0,0,0,0,0,0,0,0,3,0,0,0,9,0,0,0,0,10,0,2,40,0,3,0,0,10,3,0,13,0,3,11,0,0,0,0,20,0,0,39,34,3,0,51,0,2,0,18,0,0,0,0,0,0,0,0,0,0,0,0,144,0,0,12,0,0,0,0,2,0,3,0,0,0,11,0,0,0,0,275,0,0,54,28,0,6,0,0,0,4,0,0,0,0,0,0,0,202,0,0,0,0,48,0,0,13,0,0,0,12,3432,0,0,0,5,0,0,107,7,0,0,0,0,0,0,0,0,10,0,0,10,0,0,0,0,12,0,0,0,0,0,169,120,0,0,0,0,0,160,0,1573,0,0,0,0,0,0,0,7,4,3,7,0,0,0,0,8,0,5,0,13,0,5,35,0,378,0,1,0,96,4,0,0,0,0,0,0,3,0,0,0,353,4,0,0,0,643,0,0,4,0,0,2,2,0,0,0,25,0,0,0,0,0,0,14,0,3,0,71,4,0,0,0,0,4,0,2,0,0,0,196,5,0,0,0,0,0,0,0,5,245,0,0,0,0,2,1027,0,0,0,0,4,0,4,0,11,0,5,0,1,3,0,0,0,0,4,0,0,2,3,9,0,0,0,0,0,7,0,0,0,0,44,0,0,3,0,11,0,0,0,0,40,10,0,0,11,3,0,363,0,52,0,0,0,23,0,7,5,2,0,0,0,8,0,0,0,0,0,0
"D501",0,0,0,0,0,0,0,0,0,0,0,0,0,0,0,0,0,0,0,0,0,0,0,0,0,0,0,0,0,0,0,0,0,0,0,0,0,0,0,0,0,0,0,0,0,0,0,86,0,0,0,0,0,0,0,0,0,0,0,0,0,0,0,0,0,0,0,0,1,0,0,0,0,0,0,0,0,0,4,0,0,0,22,0,0,0,0,0,0,0,0,0,0,0,0,0,0,0,0,0,0,0,0,0,0,0,0,0,0,0,0,0,0,0,1179,1,4,0,0,0,0,16,0,0,0,0,0,0,0,0,0,0,0,0,0,0,0,0,0,0,0,0,0,0,0,0,0,0,4,0,0,0,0,0,0,0,0,0,0,0,0,0,0,0,0,0,0,0,0,0,0,0,0,0,0,0,0,0,0,0,0,0,0,0,0,0,13,0,0,0,0,0,0,3,0,0,0,0,0,2,0,0,0,0,0,0,0,0,0,0,0,0,0,0,0,0,0,0,4,0,0,0,0,0,0,0,0,0,0,0,0,0,0,0,0,0,0,0,0,0,0,0,0,0,0,0,0,0,0,0,0,0,0,0,0,0,0,0,0,0,0,0,0,177,9,0,0,0,0,0,0,0,0,3,0,0,0,0,0,0,0,0,0,0,0,0,0,0,0,0,0,0,0,0,0,0,0,0,0,0,0,0,0,0,0,0,0,0,0,0,0,0,0,0,0,0,0,0,0,0,0,0,0,0,0,0,0,0,0,0,0,0,0,0,0,0,0,0,0,0,0,0,0,0,0,0,0,0,0,3,0,0,0,0,0,0,0,0,0,0,0,209,0,0,0,0,0,0,0,0,0,0,0,0,0,0,0,0,0,0,0,0,0,0,0,0,0,0,0,0,0,0,0,0,0,0,0,2,0,7,0,0,0,0,0,4,0,0,0,162,0,0,0,0,0,0,0,0,0,0,0,0,0,0,0,0,0,0,0,0,0,0,0,0,0,0,0,0,0,0,0,0,0,0,0,0,0,0,0,0,0,0,0,0,0,0,0,0,0,0,0,0,0,0,0,0,0,0,0,0,0,0,0,0,0,0,0,0,0,0,0,0,0,0,0,0,0,0,0,0,0,0,0,0,0,0,0,0,0,0,0,0,0,0,0,0,0,0,0,0,0,0,0,0,0,0,0,0,0,0,0,0,0,0,0,0,0,0,0,0,0,0,0,0,0,0,0,0,0,2,0,0,0,0,0,0,0,0,0,0,0,0,0,0,0,772,975,0,0,0,0,0,0,0,0,0,0,0,0,0,0,0,0,0,0,0,0,0,0,3,5,0,0,0,0,0,0,0,0,0,0,0,0,25,0,0,0,0,0,0,0,0,0,0,0,0,0,0,0,0,0,0,0,0,0,0,0,0,0,15,0,0,0,0,0,0,0,0,0,0,0,0,0,0,0,0,0,0,0,0,0,0,0,0,0,0,0,0,0,0,0,0,0,0,0,0,0,0,0,340,0,0,0,0,0,0,0,6855,0,0,0,0,0,0,0,0,0,0,0,0,0,0,0,0,0,0,0,0,0,0,0,0,0,0,0,0,0,0,0,0,0,0,0,0,0,0,0,0,0,0,0,0,0,0,0,0,0,0,0,0,0,0,0,0,0,0,0,0,0,0,0,0,0,0,0,0,0,0,0,0,0,0,0,0,0,0,0,0,0,0,0,0,0,0,0,0,0,0,0,0,0,0,0,0,0,0,0,0,0,0,0,0,0,0,0,0,0,0,0,0,0,0,0,0,2,0,0,0,0,0,0,0,0,0,0,0,0,0,0,0,0,0,0,0,0,0,0,0,0,0,0,0,0,0,0,0,0,0,0,0,0,0,0,0,0,0,0,0,0,0,0,0,0,0,0,0
"D502",3,0,0,0,0,578,0,2,0,0,0,0,113,0,1,4,0,0,0,0,0,0,0,12,0,0,0,0,0,19,7,0,40,0,0,0,0,20,0,0,0,0,0,0,0,6,7,52,0,0,0,0,0,0,0,0,3,0,0,0,0,0,11,0,0,0,3,0,0,0,0,0,0,10,0,0,0,19,0,0,0,0,0,0,0,4,488,0,0,4,0,0,0,0,90,0,0,0,0,0,0,0,0,0,0,0,3,0,0,0,0,0,0,0,0,291,0,0,0,0,0,0,0,0,0,5,2,0,0,0,0,0,0,0,0,0,0,0,0,0,0,88,0,0,0,0,0,0,3883,11,766,0,0,0,13,0,0,0,0,0,0,0,0,2,0,0,0,0,0,0,0,0,0,0,0,0,0,0,1108,3,0,0,0,0,0,71,0,0,0,0,0,3,0,12,23,0,6,0,0,18,0,22,0,0,0,0,0,0,0,0,0,8,0,0,0,0,184,0,0,0,0,0,0,0,0,0,0,5,6,0,13,0,0,0,0,760,0,8,0,0,0,0,0,0,0,0,0,0,0,0,16,0,0,0,0,0,0,0,0,0,0,0,106,0,0,0,0,8,0,0,0,8,0,0,0,0,0,0,0,0,0,0,0,0,0,0,0,0,0,0,0,0,0,0,0,0,22,3,0,0,5,0,0,15,5,11,0,0,0,0,0,0,0,0,48,0,39,0,0,0,0,0,0,0,0,0,0,0,0,0,0,0,52,0,0,0,0,18,0,0,0,0,0,17,0,0,0,2,0,0,0,0,0,42,0,0,0,0,0,80,7,0,0,0,1175,0,0,500,0,0,0,4,0,0,0,0,0,0,0,0,0,0,0,17,0,0,0,0,4,5,0,2,0,9,0,0,0,6,252,8,0,0,0,57,0,0,0,0,6,8,0,0,0,0,0,0,0,0,119,0,0,0,0,0,10,13,0,0,56,0,0,0,0,10,0,0,0,1,8,48,0,0,0,0,0,179,0,7,0,0,0,0,0,0,0,0,8,0,0,0,0,0,0,0,0,0,200,0,0,0,0,20,0,3,0,0,0,133,0,0,44,20,0,9,0,23,0,0,1,0,0,0,4,0,0,0,22,0,8,0,0,0,0,0,2,0,0,0,0,0,11,6,0,0,0,0,36,0,0,0,0,0,0,0,0,0,0,0,0,0,0,0,7,0,0,0,0,0,0,0,37,0,0,0,0,0,0,0,0,0,0,0,0,45,0,0,0,0,0,2,0,0,0,0,0,12,0,134,0,2,0,0,0,16,0,8,0,0,0,0,0,0,0,4,0,22,0,0,0,0,0,0,0,0,0,0,0,0,0,0,0,0,0,0,0,0,0,0,48,194,0,0,0,0,0,0,0,0,7,0,0,0,0,0,0,0,0,0,0,0,103,0,16,0,0,0,0,0,0,0,0,0,11,0,0,0,0,5,2,0,0,0,0,0,0,0,0,0,0,0,0,20,0,0,0,0,0,0,0,0,0,13,0,29,0,0,9,0,0,0,0,0,0,1,0,0,0,0,0,0,0,0,0,0,18,0,0,23,10,0,0,7,10,10,0,0,0,0,0,0,0,0,3,0,0,0,0,0,7,0,0,0,0,0,0,0,0,446,162,0,0,0,0,0,0,0,0,0,0,0,0,0,0,0,0,0,0,0,0,0,0,0,0,0,5,0,0,0,0,3,0,0,0,0,0,0,0,0,0,0,0,2,0,840,0,0,0,0,7,0,0,0,0,0,8,0,0,0,0,0,0,0,0,0,0,0,0,206,0,0,0,0,0,0,0,0,0,0,0,0,0,0,0,0,532,0,0,0,0,0,0,0,0,0,0,0,0,0,0,0,0,0,0,27,0,26
"D503",0,0,0,0,0,0,0,0,0,0,0,0,4,0,0,0,0,0,0,0,0,0,0,0,0,0,0,0,0,29,0,0,0,0,0,0,0,319,0,0,0,0,0,0,0,0,6,0,0,0,0,0,0,0,0,0,0,0,0,0,109,0,0,0,0,0,3100,0,0,0,0,0,0,0,0,0,0,9,0,0,0,0,0,0,0,0,539,0,0,0,0,0,0,0,0,0,0,0,0,0,0,0,0,0,0,0,0,0,20,0,0,0,0,0,0,0,0,0,0,0,0,0,0,0,0,0,0,0,0,0,0,0,0,0,0,0,0,0,0,0,0,563,13,0,0,0,0,0,7065,0,946,0,0,0,0,0,0,743,0,0,0,0,0,0,0,0,0,0,0,3,0,0,0,25,0,0,0,0,596,0,0,0,0,0,0,22,0,0,0,0,0,0,0,73,536,0,0,0,0,0,0,2,0,0,0,0,0,0,0,0,0,0,0,0,0,0,18,0,0,0,0,0,0,0,0,0,0,0,0,0,0,0,0,0,0,4497,0,0,0,0,0,0,0,0,0,0,0,0,0,0,6,0,0,4,0,0,0,0,0,0,0,0,0,0,0,0,10,18,0,0,0,0,0,0,0,0,0,0,0,0,0,0,0,0,0,0,0,0,0,0,0,0,0,0,0,0,0,0,0,0,0,0,0,754,291,0,0,0,0,0,0,0,0,0,10,0,11,0,0,0,0,0,0,0,0,0,0,0,0,0,0,0,10290,0,4,0,0,0,0,0,0,0,0,60,0,0,0,0,0,0,0,0,0,0,0,0,0,0,0,0,0,0,0,0,3634,19,0,240,0,0,0,0,0,0,0,0,0,0,0,0,0,0,0,89,0,0,0,0,0,0,0,0,0,0,0,0,0,2,154,10,0,0,3,7,0,0,0,0,0,0,0,0,0,0,0,0,0,0,366,0,0,0,0,0,0,0,0,0,39,0,0,0,0,0,0,0,0,0,0,877,0,0,0,0,0,1954,0,0,0,3,0,0,0,0,0,0,0,0,0,0,0,0,0,0,0,0,63,0,0,0,0,0,0,0,0,0,0,4,0,0,0,0,0,2,0,0,0,0,0,0,0,0,0,0,0,0,388,0,0,3,0,0,0,0,76,0,0,0,0,0,0,0,0,0,0,0,0,0,0,0,0,0,0,0,0,0,0,0,0,0,0,97,71,0,0,0,0,0,0,0,0,0,0,0,0,0,0,0,0,56,0,0,0,0,0,0,0,0,0,0,0,0,0,0,0,0,0,71,0,177,0,0,0,0,0,0,86,0,0,0,0,0,0,0,1,0,0,0,0,0,0,0,0,0,0,0,0,0,0,0,0,0,0,0,0,0,0,0,3,0,0,0,0,0,0,0,0,0,0,0,0,0,0,0,0,0,0,0,0,1,184,0,0,0,0,0,0,0,0,0,0,0,25,0,0,0,0,10,0,0,0,0,0,0,0,0,0,0,0,0,0,0,0,0,0,0,0,0,0,394,0,562,0,2,0,0,3,0,0,0,0,0,0,97,0,0,0,0,0,0,0,0,0,789,35,0,0,0,0,0,0,0,7,0,0,0,0,0,0,0,0,0,0,0,0,0,0,0,0,0,0,0,20,213,0,1,0,166,4,0,0,0,0,0,0,0,0,0,0,0,0,0,0,0,0,0,2,0,0,0,0,0,0,0,0,0,0,0,0,0,0,0,0,0,0,3,0,0,0,0,0,0,0,193,0,0,0,0,0,0,0,0,0,78,18,0,0,0,0,0,0,0,0,0,0,0,0,0,0,0,0,0,0,0,0,0,0,0,0,0,0,0,0,0,292,0,0,0,0,0,0,0,0,0,0,0,0,6,0,0,0,0,0,740,0,0
"D504",0,0,0,0,0,0,0,0,0,0,0,0,0,0,0,0,0,0,0,0,0,0,0,0,0,0,0,0,0,0,0,0,0,0,0,0,0,0,0,0,0,0,0,0,0,0,0,0,0,0,0,0,0,0,0,0,0,0,0,0,0,0,0,0,0,0,0,0,4,0,0,0,0,0,0,0,0,0,0,0,117,0,0,0,0,0,0,0,0,0,0,0,0,0,0,0,0,0,0,0,0,0,0,0,0,0,0,0,0,0,0,0,0,0,0,0,0,0,0,0,0,0,0,0,0,0,0,0,0,0,0,0,0,0,0,0,0,0,0,2,0,0,0,0,0,0,0,7,0,0,0,0,0,0,0,0,0,0,0,0,0,0,0,3,0,0,0,0,0,0,0,0,0,0,0,0,0,0,0,0,0,0,0,0,0,0,0,0,0,0,0,0,0,0,0,0,0,0,0,0,0,0,0,0,0,0,0,0,0,0,0,0,0,0,0,0,0,0,0,0,0,0,0,0,0,0,0,0,0,0,0,0,0,0,0,0,0,0,0,0,0,0,0,0,0,0,0,0,0,0,0,0,0,0,0,0,0,0,0,0,0,75,0,0,0,0,0,0,0,0,0,6,0,0,0,0,0,0,0,0,0,0,0,0,0,0,0,0,0,0,0,0,0,0,0,0,0,0,0,0,0,0,0,0,0,0,0,0,0,0,0,0,0,0,4,14,0,0,0,0,0,0,0,0,0,0,0,0,0,0,0,0,0,0,0,0,0,0,0,0,0,0,0,0,0,0,0,0,0,0,0,0,0,0,0,0,0,0,0,0,0,0,0,0,0,0,0,0,0,0,0,7,0,0,0,0,0,0,0,0,0,0,0,0,0,0,0,0,0,0,0,0,0,0,0,0,0,0,0,0,0,0,0,0,0,0,0,0,0,0,0,0,0,0,0,0,0,0,0,0,0,0,0,0,0,0,0,0,0,0,0,0,10,11,0,0,0,0,0,0,0,0,0,0,0,0,0,0,0,0,0,0,0,0,0,0,0,0,0,0,0,0,12,0,0,0,0,0,0,0,0,0,0,0,0,0,0,0,0,0,0,0,0,0,0,0,0,0,0,0,0,0,0,0,0,0,0,0,0,0,3,0,0,0,0,0,0,0,0,0,0,0,0,0,0,0,0,0,0,0,0,0,0,0,0,0,7,0,0,0,0,0,0,0,0,0,0,0,0,0,6,0,0,5,0,0,0,0,0,0,0,0,0,0,0,0,0,0,0,0,0,0,0,3,0,0,0,14,0,0,0,0,0,0,0,0,0,0,0,0,0,0,0,0,0,0,0,0,0,0,0,0,0,0,0,0,0,0,0,0,0,0,0,0,0,0,0,0,0,0,0,0,0,0,0,0,0,0,0,0,0,0,0,0,0,0,3,0,0,0,0,0,0,0,0,0,0,0,0,0,0,0,0,0,0,0,0,0,0,0,0,0,0,0,0,0,0,0,0,0,0,0,0,0,0,0,0,0,0,0,0,0,0,0,0,0,0,0,0,0,0,0,0,0,0,0,0,4,0,0,0,0,0,0,0,0,0,0,2,0,0,0,0,2,0,0,0,2,0,0,0,0,0,0,1,0,0,0,0,0,0,0,2,0,0,0,2,0,0,17,0,0,0,0,0,0,0,0,0,0,0,0,0,0,0,0,0,0,0,0,0,0,0,0,0,0,0,0,0,0,0,1,0,0,0,0,0,0,0,0,0,0,0,0,0,0,0,0,0,0,0,0,0,0,0,0,0,0,0,0,0,0,0,0,0,0,0,41,0,0,0,0,0,0,0,0,0,0,0,0,0,0,0,0,0,0,0,0,0,0,0,0,0,0,0,0,0,0,0,0,0,0,0,0,0,0
"D505",21,15,10,6,0,2,6,18,0,72,48,2,0,1,49,52,10,0,2,2,0,0,0,0,0,0,0,0,0,28,13,0,3,0,0,13,0,0,0,0,0,11,11,2,0,0,141,0,389,0,0,27,0,0,0,10,0,2,0,0,0,12,0,0,0,0,99,16,184,0,0,58,0,112,0,0,1,16,31,0,12,0,0,5,0,3,0,0,0,76,8,0,0,0,0,0,0,0,0,0,7,0,0,1,0,47,8,0,6,0,13,0,0,0,0,0,0,0,0,17,0,0,0,0,0,86,0,7,0,0,0,0,22,0,0,6,0,0,0,26,0,0,4,0,53,7,0,0,31,0,2,0,0,0,47,0,7,0,0,50,0,319,6,0,20,0,0,0,63,4,7,0,12,0,0,10,0,0,0,8,0,0,0,3,0,2,0,0,0,0,0,34,0,15,0,0,0,13,0,26,9,0,2,47,0,55,0,21,0,0,0,138,0,0,1,0,13,0,0,0,3,0,0,0,6,0,270,11,50,2,1496,0,0,0,0,6,56,0,2,0,0,0,4,57,0,0,0,0,0,0,192,30,0,36,0,0,0,708,0,0,0,0,0,0,0,0,4,14,0,0,0,0,0,0,5,8,0,0,0,4,2,9,0,0,0,0,0,0,4,5,11,0,9,0,0,69,55,5,0,11,9,87,8,3,0,11,7,0,124,0,0,0,0,0,3,0,19,6,2,41,2,0,0,2,0,0,7,0,0,0,0,20,144,0,42,8,1,46,18,0,0,0,0,27,0,0,0,0,0,0,0,23,9,0,13,10,0,0,9,0,3,3,0,0,8,0,0,138,0,0,0,0,0,0,0,0,0,0,0,8,0,6,0,120,0,5,0,3,0,0,0,6,1,14,2,0,0,124,5,4,44,0,28,128,0,0,2,0,9,0,6,0,0,2,69,0,0,0,0,0,4,10,12,8,5,506,0,9,0,0,76,45,2,112,0,24,0,0,0,0,6,5,4,19,0,3,0,0,0,28,0,20,0,2,2,0,13,0,0,0,2,2,4,0,16,0,255,0,15,0,0,374,0,7,0,0,2,450,21,0,25,127,0,90,0,0,4,0,32,34,0,0,5,0,0,1,0,6,0,49,0,0,0,6,1,12,0,0,0,0,547,23,2,4,0,0,198,82,1,0,2,0,38,52,0,0,0,0,1,0,0,2,0,0,0,0,0,0,5,0,10,9,2,0,0,0,0,1,0,0,0,5,12,131,19,0,0,0,0,3,2,5,0,207,0,17,0,0,1,0,0,127,2,42,0,0,0,0,0,2,16,2,0,10,0,0,0,0,9,1,33,0,8,0,0,0,0,0,0,0,0,0,0,0,10,0,6,0,0,0,0,3,44,0,0,0,0,0,2,0,0,0,0,0,5,0,0,0,0,52,21,0,9,8,0,0,6,0,1,0,30,0,0,0,0,55,0,74,77,0,4,2,0,2,4,0,1,27,56,0,35,11,0,0,0,0,0,0,0,6,0,230,2,0,0,0,0,0,0,0,0,0,0,0,0,0,9,0,2,0,0,2,0,0,1,0,0,57,7,0,0,0,0,16,0,0,1,0,0,0,41,0,0,0,0,0,0,0,20,5,0,0,7,8,0,585,0,54,148,0,13,7,13,3,23,0,0,0,39,0,0,0,0,141,18,0,9,0,0,5,0,0,0,0,0,78,7,0,0,25,7,5,0,0,0,42,14,7,0,3,0,0,0,0,69,0,0,0,11,1,0,0,20,0,33,2,0,0,0,0,4,0,8,0,42,0,0,312,0,0,5,0,37,0,0,0,0,0,0,0,7,0,0,0,0,0,0,0,2,0,3,16,3,0,0,27,0,18,33,0,2,18,0,32,3,0
"D506",0,0,0,0,0,0,0,0,0,0,0,0,0,0,0,0,0,0,0,0,0,0,0,0,0,0,0,0,0,0,0,0,0,0,0,0,0,0,0,0,0,0,0,0,0,0,0,16,0,0,0,0,0,0,0,0,0,0,0,0,0,0,0,0,0,0,0,407,0,0,0,0,0,0,0,0,0,0,0,0,0,0,0,867,0,0,0,0,0,0,0,0,137,0,0,0,0,0,0,0,0,0,0,0,0,0,0,0,0,0,0,0,0,0,0,0,0,0,0,0,0,0,0,0,0,0,0,0,0,0,0,0,0,0,0,0,0,0,0,0,0,0,0,0,0,0,0,0,0,0,0,0,0,0,7,0,0,0,0,0,0,0,0,0,0,0,0,0,0,0,0,0,0,0,0,0,0,0,0,0,0,0,0,0,0,0,0,0,0,0,0,0,0,0,0,0,0,0,0,2,0,0,0,0,0,0,0,0,0,0,0,0,0,0,0,0,0,0,0,0,0,0,0,0,0,0,0,0,0,0,0,0,0,0,0,0,0,2,0,0,0,0,0,0,0,0,0,0,0,0,183,0,0,0,0,0,0,0,0,0,0,0,5,0,0,0,0,0,0,0,0,0,0,0,0,0,0,0,0,0,0,0,0,0,0,0,0,0,0,0,0,0,0,0,0,0,0,0,0,0,0,0,0,0,0,0,0,0,0,0,0,0,0,0,3,0,0,0,0,0,0,0,0,0,0,0,0,0,0,0,0,0,0,0,7,0,0,0,0,0,0,0,0,0,0,0,0,0,0,0,0,0,0,0,0,0,0,0,0,74,0,0,0,0,0,0,0,0,0,0,0,0,0,0,0,0,0,0,0,0,0,0,0,4,0,0,0,0,74,0,0,0,0,0,0,0,0,0,0,3,0,0,0,0,0,0,0,0,0,13,0,0,0,0,0,0,0,0,0,0,0,0,0,0,0,112,0,0,0,0,0,0,0,0,0,0,0,0,0,0,0,0,0,0,0,0,0,0,0,0,0,0,0,0,0,0,0,0,533,0,0,0,0,0,0,0,46,0,0,0,0,0,0,0,0,0,0,72,0,0,0,0,0,10,0,21,0,0,0,0,0,0,0,0,0,0,0,0,0,12,0,0,0,0,0,0,0,0,0,0,0,0,0,0,0,0,0,0,0,0,0,0,0,0,0,0,0,0,0,0,0,0,11,0,0,0,0,0,0,0,0,0,0,0,0,0,0,0,0,0,0,0,0,0,0,0,0,0,0,0,0,0,0,0,0,0,0,0,0,0,0,0,0,0,0,1,0,0,0,0,0,0,0,0,0,0,0,0,0,0,0,0,0,0,0,0,0,0,0,0,0,0,0,0,0,0,0,0,0,0,4,0,0,0,0,0,0,0,0,0,0,0,0,0,0,0,0,0,0,45,8,0,0,0,0,0,0,0,0,0,0,0,0,0,0,0,0,25,0,0,0,0,0,0,0,0,5,0,0,0,0,20,0,0,0,0,0,0,0,0,0,0,0,0,0,0,0,0,0,0,0,0,0,8,0,0,0,0,43,0,0,0,0,0,0,0,0,0,0,0,0,17,7,0,61,0,0,0,0,0,0,0,0,0,0,8,0,0,0,0,0,0,0,0,0,0,0,383,0,0,0,0,0,0,0,0,0,0,0,0,0,0,0,0,6,0,0,0,0,0,0,0,0,0,0,0,0,0,0,0,0,0,0,0,0,0,0,0,0,0,0,0,0,0,0,1251,0,0,0,0,0,0,0,0,0,0,0,0,0,0,0,0,0,0,0,0,0,126,0,0,0,0,0,0,0,0,0,0,0,0,0,0,0,0,0,0,0,0,0,0,0,0,0,0,0,0,0,0,0,0,0,0,0,14,0,0
"D507",0,0,0,0,0,0,0,0,0,0,0,0,0,0,0,0,0,0,0,0,0,0,0,0,0,0,0,0,0,0,0,0,0,0,0,0,0,0,0,0,0,0,0,0,0,0,0,0,0,0,0,0,0,0,0,0,0,0,0,0,0,0,0,0,0,0,0,0,0,0,0,0,0,0,0,0,0,0,0,0,0,0,0,0,0,0,0,0,0,0,0,0,0,0,0,0,0,0,0,0,0,0,0,0,0,0,0,0,0,0,0,0,0,0,0,0,0,0,0,0,0,0,0,0,0,0,0,0,0,0,0,0,0,0,0,0,0,0,0,0,0,0,0,0,0,0,0,0,0,0,0,0,0,0,0,0,0,0,0,0,0,0,0,0,0,0,0,0,0,0,0,0,0,0,0,0,0,0,0,0,0,0,0,0,0,0,0,0,0,0,0,0,0,0,0,0,0,0,0,0,0,0,0,0,0,0,0,0,0,0,0,0,0,0,0,0,0,0,0,0,0,0,0,0,0,0,0,0,0,0,7,0,0,0,0,0,0,0,0,0,0,0,0,0,0,0,0,0,0,0,0,0,0,0,0,0,0,0,0,0,0,0,0,0,0,0,0,0,0,0,0,0,0,0,0,0,0,0,0,0,0,0,0,0,0,0,0,0,0,0,0,0,0,0,0,0,0,0,0,0,0,0,0,0,0,0,0,0,0,0,0,0,0,0,0,0,0,0,0,0,0,0,0,0,0,0,0,0,0,0,0,0,0,0,0,0,0,0,0,0,2,0,0,0,0,0,0,0,0,0,0,0,0,0,0,0,0,0,0,0,0,0,0,0,0,0,0,76177,0,0,0,0,0,0,0,0,0,0,0,0,0,0,0,0,0,0,0,0,0,0,0,0,0,0,0,0,0,0,0,40,0,0,0,6,0,0,0,0,0,0,0,0,0,0,0,0,0,0,0,0,0,0,0,0,0,0,0,0,0,0,0,0,0,0,0,0,0,0,0,0,0,0,0,0,0,0,0,0,0,0,0,0,0,0,0,0,0,0,0,0,0,0,0,0,0,0,0,0,0,0,0,0,0,0,0,0,0,108,0,0,0,0,0,0,0,29,0,0,0,0,0,0,0,0,0,0,0,0,0,0,0,0,0,0,0,0,0,0,0,0,0,0,0,0,0,0,0,0,0,0,0,0,0,0,0,0,0,0,0,0,0,0,0,0,0,0,0,0,0,0,0,0,0,0,0,0,0,0,0,0,0,0,0,0,0,0,0,0,0,0,0,0,0,0,0,0,0,0,0,0,0,0,0,0,0,0,0,0,0,0,0,0,0,0,0,0,0,0,0,0,0,0,0,0,0,0,0,0,0,0,0,0,0,0,0,0,0,0,0,0,0,0,0,0,0,0,0,0,0,0,0,0,0,0,0,0,0,0,0,0,0,0,0,0,0,0,0,0,0,0,0,0,0,0,0,0,0,0,0,0,0,0,0,0,0,0,0,0,0,0,0,0,0,0,0,0,0,0,0,0,0,0,0,0,0,0,0,0,0,0,0,0,0,0,0,0,0,0,0,0,0,0,0,0,0,0,0,0,0,0,0,0,0,0,0,0,0,0,0,0,0,0,0,0,0,0,0,0,0,0,0,0,0,0,0,0,0,0,0,0,0,0,0,0,0,0,0,0,0,0,0,0,0,0,0,0,0,0,0,0,0,0,0,0,0,0,0,0,0,0,0,0,0,0,0,0,0,0,0,0,0,0,0,0,0,0,0,0,0,0,0,0,0,0,13,0,0,0,0,0,0,0,0,0,0,0,0,0,0,0,0,0,0,0,0,0,0,0,0,0,0,0,0,0,0,0,0,0,0,0,0,0,0,0,0,0,0,0,0,0,0,0,0,0,0,0
"D508",0,0,0,0,0,0,0,0,0,0,0,0,0,0,0,0,0,0,0,0,0,0,0,0,0,0,0,0,0,0,0,0,0,0,0,0,0,0,0,0,0,0,0,0,0,0,0,0,0,0,0,0,0,0,0,0,0,0,0,0,0,0,0,0,0,0,0,0,0,0,0,0,0,0,0,0,0,0,0,0,0,0,0,0,0,0,0,0,0,0,0,0,0,0,0,0,0,0,0,0,0,0,0,0,0,0,0,0,0,0,0,0,0,0,0,0,0,0,0,0,0,0,0,0,0,0,0,0,0,0,0,0,0,0,0,0,0,0,0,0,0,0,0,0,0,0,0,0,3,0,0,0,0,0,0,0,0,0,0,0,0,0,0,0,0,0,0,0,0,0,0,0,0,0,0,0,0,0,0,0,0,0,0,0,0,0,0,0,0,0,0,0,0,0,0,0,0,0,0,0,0,0,0,0,0,0,0,0,0,0,0,0,0,0,0,0,0,0,0,0,0,0,0,0,0,0,0,0,0,0,0,0,0,0,0,0,0,0,0,0,0,0,0,0,0,0,0,0,0,0,0,0,0,0,0,0,0,0,0,0,0,0,0,0,0,0,0,0,0,0,0,0,0,0,0,0,0,0,0,0,0,0,0,0,0,0,0,0,0,0,0,0,0,0,0,0,0,0,0,0,0,0,0,0,0,0,0,0,0,0,0,0,0,0,0,0,0,0,0,0,0,0,0,0,0,0,0,0,0,0,0,0,0,0,0,0,0,0,0,0,0,0,0,0,0,0,0,0,0,0,0,0,0,0,0,0,0,0,0,0,0,0,0,0,4,0,0,0,0,0,0,0,0,0,0,0,0,0,0,0,0,0,0,0,0,0,0,0,0,0,0,0,0,0,0,0,0,0,0,0,0,0,0,0,0,0,0,0,0,0,0,0,0,0,0,0,0,0,34,0,0,0,0,0,0,0,0,0,0,0,0,0,0,0,0,0,0,0,0,0,0,0,0,0,0,0,0,0,0,0,0,0,0,0,0,0,0,0,0,21,0,0,0,0,0,0,0,0,0,0,0,0,0,0,0,0,0,0,0,0,0,0,0,0,0,0,0,0,0,0,0,0,0,0,0,0,0,0,0,0,0,0,0,0,0,0,0,0,0,0,0,0,66,0,0,0,0,0,0,0,0,0,0,0,0,0,0,0,0,0,0,0,0,0,0,0,0,0,0,0,0,0,0,0,0,0,0,0,0,0,0,0,0,0,0,0,0,0,0,0,0,0,0,0,0,0,0,0,0,0,0,0,0,0,0,0,0,0,0,0,0,0,0,0,0,0,0,0,0,0,0,0,3,0,0,0,0,0,0,0,0,0,0,0,0,0,0,0,0,0,0,0,0,0,0,0,0,0,0,0,0,0,0,0,0,0,0,0,0,0,0,0,0,0,0,0,0,0,0,0,0,0,0,0,0,0,0,0,0,0,0,0,0,0,0,0,0,0,0,0,0,0,0,0,0,0,0,0,0,0,0,0,0,0,0,0,0,0,667,0,0,0,0,0,0,0,0,0,0,0,0,0,0,0,0,0,0,2,0,0,0,0,0,0,0,0,0,0,0,0,0,0,0,0,0,0,0,0,0,0,0,0,0,0,0,0,0,0,0,0,0,0,0,0,0,0,0,0,0,0,0,0,0,0,0,0,0,0,0,0,0,0,0,0,0,0,0,0,0,0,0,0,0,0,0,0,0,0,0,0,0,0,0,0,0,0,0,0,0,0,0,0,0,0,0,0,0,0,0,0,0,0,0,0,0,0,0,2,0,0,0,0,0,0,0,0,0,0,0,0,0,0,0,0,0,0,0,0,0,0,0,0,0,0,0,0,0,0,0,0,0,0,0,0,0,0
"D509",0,0,0,2,0,0,0,0,0,0,0,0,0,0,0,0,0,0,0,4,2,0,0,0,0,0,0,0,0,2,0,0,0,0,0,0,0,0,220,0,0,0,0,0,0,0,2,894,0,0,0,0,0,0,0,0,2,0,0,0,0,0,0,0,0,0,0,6,0,9,0,3,62,0,0,0,0,0,0,0,0,0,30,0,0,4,0,0,0,1,0,0,0,0,0,0,0,282,2,0,0,0,0,0,11,0,0,755,0,0,0,0,0,0,204,0,211,26,0,0,0,7,0,0,0,0,0,2,0,0,0,0,5,26,0,3,0,0,984,79,2,0,0,0,0,0,0,0,0,0,0,0,0,0,0,0,0,0,17,0,0,0,0,2,0,0,0,0,6,0,0,2197,0,0,0,0,0,0,0,0,0,0,0,0,0,0,8,0,0,0,0,0,0,0,0,3,4,0,0,0,0,0,0,0,0,0,0,4,0,0,0,0,0,142,0,0,0,0,8,0,0,0,0,0,0,0,0,0,0,0,0,0,0,0,0,0,0,0,0,3,0,0,0,0,0,0,0,2,0,4,1,0,0,28,0,0,0,0,0,0,0,0,0,9,22,0,0,0,0,0,0,0,0,0,0,0,0,0,0,0,0,0,0,0,0,0,0,0,0,0,0,0,0,0,7,0,0,0,0,0,0,0,0,0,0,0,0,0,6,0,30,0,0,0,0,0,0,0,0,0,0,126,0,0,2,0,0,0,0,0,6,0,0,4,0,0,0,0,0,0,0,9,0,0,0,0,0,0,0,3,2,0,1,0,0,1,0,0,0,0,0,0,0,0,0,0,0,0,0,0,0,0,7,0,0,0,0,0,0,0,0,0,0,0,0,0,0,0,0,0,0,0,0,0,0,0,31,5,0,0,0,0,0,0,0,0,0,0,0,0,0,6,3,67,0,0,0,0,0,0,0,0,0,0,0,2,0,0,0,0,0,0,0,0,0,0,0,0,0,0,0,0,0,0,0,0,3,0,0,0,0,0,0,0,0,0,0,0,0,0,0,0,0,3,3,0,0,0,0,0,0,0,532,15,0,0,25,4,0,0,0,0,0,0,0,2,0,10,0,0,2,0,0,0,3,0,0,0,0,0,0,0,0,15,0,18,0,0,0,0,0,0,0,0,6,0,0,0,0,0,0,0,0,0,0,0,0,0,0,0,0,0,0,0,11,0,0,4,206,5,0,0,2,0,0,0,0,0,3,0,0,0,0,3,0,1902,0,0,0,0,14,0,0,0,3,0,0,0,0,0,0,0,0,0,2,0,0,2560,0,0,0,0,0,2,0,0,0,0,0,0,0,0,0,0,0,0,1721,0,0,2,489,0,0,0,0,3,10,0,0,0,0,0,0,2,142,0,0,0,0,8,0,0,0,0,0,0,2,80,0,0,0,62,0,0,36,4,0,0,0,0,0,0,0,2,136,0,0,1,0,0,0,0,6,0,0,0,0,0,311,1487,0,0,0,0,0,1395,0,2284,2,0,0,0,0,2,0,0,4,0,0,0,0,0,0,0,0,4,0,5,0,3,32,0,137,0,0,0,3,1,0,0,0,0,0,0,0,0,0,0,20,0,0,0,0,2,0,0,0,0,0,0,0,0,0,0,7,0,0,0,0,0,0,4,0,0,0,5,0,0,0,0,0,0,0,0,0,0,0,3,0,0,0,0,0,0,0,0,3,484,2,0,0,0,0,1791,0,0,0,1,0,0,0,0,0,0,0,0,0,0,0,0,0,0,0,0,0,0,0,0,0,0,0,0,0,2,0,0,0,0,0,0,2,0,0,0,0,0,0,0,0,4,0,0,0,0,0,0,0,10,0,0,0,9,0,0,0,6,0,0,0,0,0,0,0,0,0,0
"D510",0,0,0,0,0,0,0,0,0,186,0,0,256,0,0,0,0,0,0,0,0,0,0,0,0,0,0,0,0,0,0,0,0,0,0,0,0,0,0,0,0,0,0,0,0,0,0,0,4,0,0,0,0,0,0,0,0,0,0,0,38,0,0,0,0,0,0,0,117,0,0,0,0,0,0,0,0,0,0,0,0,0,0,41,0,0,0,0,0,50,0,0,0,0,8,0,0,0,0,0,0,0,0,0,0,0,0,0,0,0,0,0,0,0,0,13,0,0,0,0,0,0,0,0,0,0,0,0,0,0,0,0,0,0,0,0,0,0,0,0,0,0,59,0,0,0,0,0,0,0,0,0,0,0,132,0,0,0,0,0,0,16,0,0,0,0,0,0,0,0,0,0,0,2,0,0,0,0,0,0,0,0,0,0,0,0,0,0,0,0,0,0,0,0,0,0,0,0,0,0,0,0,0,0,0,0,0,20,0,0,0,10,0,0,0,0,3,0,0,0,0,0,0,0,0,0,0,0,0,0,0,0,0,0,0,0,0,0,0,0,0,0,0,0,0,0,0,0,0,0,57,0,0,60,0,0,0,0,0,0,0,0,13,0,0,0,0,73,0,0,0,0,0,0,0,0,0,0,0,0,0,0,0,0,0,0,0,0,0,0,0,0,0,0,0,0,0,0,0,0,0,0,0,0,0,0,0,0,0,0,0,0,0,0,92,0,0,0,0,0,0,0,0,0,0,0,0,0,0,0,0,0,0,0,0,0,0,0,0,0,0,0,0,0,0,0,0,0,0,0,0,0,0,0,0,0,0,0,14,205,0,0,0,0,11,0,0,0,0,0,0,0,0,0,0,0,0,0,0,0,0,0,0,0,0,0,0,0,0,0,0,0,0,0,0,0,0,0,0,0,0,0,0,0,0,0,17,0,0,0,0,0,0,0,0,0,0,0,4,0,0,0,0,0,0,0,0,0,648,0,0,0,0,0,0,0,0,0,0,0,0,0,0,0,0,0,0,47,0,6,0,0,0,0,0,0,0,0,748,0,0,0,0,0,0,0,52,0,0,0,0,6,0,0,0,0,0,47,0,0,48,0,0,0,0,291,0,0,0,0,0,0,0,0,0,0,0,0,0,0,0,0,0,0,34,0,0,0,0,0,0,0,0,0,0,0,182,0,0,0,0,0,0,0,0,0,0,0,0,0,0,0,0,0,0,0,0,0,0,0,0,0,0,0,0,0,0,0,0,0,0,0,0,0,0,0,0,0,0,0,0,0,0,0,0,0,0,0,0,0,0,0,0,0,0,0,0,0,0,0,0,0,0,0,0,0,0,0,0,0,0,0,0,0,0,0,0,0,0,0,0,0,0,0,0,0,0,0,0,0,0,0,0,0,0,0,0,0,0,0,0,0,0,0,0,0,0,0,0,0,0,0,0,0,0,0,0,0,0,0,0,0,0,0,0,195,0,0,0,0,0,0,0,0,0,0,0,0,0,0,0,11,0,0,0,0,0,0,0,47,0,0,0,0,0,0,0,0,0,0,0,31,0,0,0,0,0,0,0,0,0,0,0,0,55,0,0,0,0,0,0,0,0,0,0,0,0,0,0,0,0,0,0,0,0,0,0,0,0,0,0,0,0,674,0,0,0,0,25,0,0,0,0,0,0,0,0,0,0,0,0,0,0,0,0,0,0,0,0,0,0,0,0,0,0,0,0,0,0,0,0,0,0,0,0,0,0,0,0,0,0,0,0,0,0,0,0,0,0,0,0,0,0,0,0,0,0,0,0,0,0,0,0,0,0,0,0,11159,0,0,0,0,0,0,0,0,0,0,0,0,0,0,0,0,0,0,0,0,0,0,1,0,0,0,0,0,0,0,0,0,0,0,0,0,0,0
"D511",0,0,0,0,0,0,0,0,0,0,0,0,0,0,0,0,0,0,0,0,0,0,0,0,0,0,0,0,0,0,0,0,0,0,0,0,0,0,0,0,0,0,0,0,0,0,0,0,0,0,0,0,0,0,0,0,0,0,0,0,0,0,0,0,0,0,0,0,0,0,0,0,0,0,0,0,0,0,4,0,0,0,0,0,0,0,0,0,0,0,0,0,0,0,0,0,0,0,0,0,0,0,0,0,0,0,0,0,0,16,0,0,0,0,0,0,0,0,0,0,0,0,0,0,0,0,0,0,0,0,0,0,0,0,0,0,0,0,0,0,0,0,2,0,0,0,0,0,0,0,0,0,0,0,0,0,0,0,0,0,0,0,0,0,0,0,0,0,0,0,0,0,0,0,0,0,0,0,0,0,0,0,0,0,0,0,0,0,0,0,0,0,0,0,0,0,0,0,0,0,0,0,0,0,0,0,0,0,0,0,0,0,0,0,0,0,0,0,0,0,0,0,0,0,0,0,0,0,0,0,0,0,0,0,0,0,0,0,0,0,0,0,0,0,0,0,0,0,0,0,0,0,0,15,0,0,0,0,0,0,0,0,0,0,0,0,0,0,0,0,0,0,0,0,0,0,0,0,0,0,0,0,0,0,0,0,0,0,0,0,0,0,0,0,0,0,0,0,0,0,0,0,0,0,0,0,0,0,0,0,0,0,0,0,2,0,0,0,0,0,0,0,0,0,0,0,0,0,0,0,0,0,0,0,0,0,0,0,0,0,0,0,0,0,0,0,0,0,0,0,0,0,0,0,0,0,0,0,0,1149,0,0,0,0,0,0,0,0,0,0,0,0,0,0,0,0,0,0,0,0,0,0,0,167,0,0,0,0,0,0,0,0,0,0,0,0,0,0,0,0,0,0,0,0,0,0,0,0,0,0,0,0,0,0,0,0,0,0,0,0,0,0,0,0,0,0,0,0,0,0,0,0,0,0,0,0,0,0,0,0,0,0,0,0,0,0,0,0,0,0,0,0,0,0,0,0,0,0,10651,0,0,0,0,0,0,0,23806,0,0,0,0,0,0,0,0,0,0,37,0,0,0,0,0,0,0,22768,0,0,0,0,0,0,0,0,0,0,0,0,0,0,0,0,0,0,0,0,0,0,0,0,0,0,0,0,0,371,0,0,0,0,0,0,0,0,0,0,0,0,0,0,0,0,0,0,0,0,0,0,0,0,0,0,0,0,0,0,0,0,0,0,0,0,0,0,0,0,0,0,0,0,0,0,0,0,0,0,0,0,0,0,0,0,0,0,0,0,0,0,0,0,0,0,0,0,0,0,0,0,0,0,0,0,0,0,0,0,0,0,0,0,0,0,0,0,0,0,0,0,0,0,152,0,0,0,0,0,0,0,0,0,0,0,0,0,0,0,0,0,0,2,0,0,0,0,0,0,0,0,0,0,0,0,0,0,0,0,0,0,0,0,0,0,0,0,0,0,0,0,0,0,0,817,0,0,0,0,0,0,0,0,0,0,0,0,0,0,0,0,0,0,0,0,0,0,0,0,0,0,0,0,0,0,0,0,36,0,0,0,0,0,0,0,0,0,0,0,0,0,0,0,0,0,0,0,0,0,0,0,0,0,0,0,0,1113,0,0,0,0,0,0,0,0,0,0,0,0,0,0,0,0,0,0,0,0,0,0,0,0,0,0,0,0,0,0,0,0,0,0,0,0,0,0,0,0,0,0,0,0,0,0,0,0,0,0,0,0,0,0,0,0,0,0,0,0,0,0,0,0,0,0,0,0,0,0,0,0,0,4451,0,0,0,0,0,0,0,0,0,0,0,0,0,0,0,0,0,0,0,0,0,0,0,0,0,0,0,0,0,0,0,0,0,0,0,0,0,0
"D512",2,6,0,9,0,0,0,0,27,0,0,25,0,0,0,3,125,0,2,0,0,0,0,4,0,0,4,0,0,0,3,0,24,0,0,0,0,0,0,0,0,0,18,0,10,0,0,0,0,0,0,0,0,2,0,0,0,0,0,0,0,0,0,0,0,0,0,2,18,0,21,0,0,1,5,0,6,0,0,0,2,3,0,0,7,0,0,0,0,66,4,0,5,0,0,0,2,0,0,0,25,0,0,0,158,0,0,0,0,0,0,0,0,66,0,0,0,0,3,0,0,0,0,4,0,0,0,0,0,4,0,0,1,0,0,3,2,18,0,0,0,0,0,0,33,38,0,0,0,3,0,0,11,0,10,6,88,0,0,45,0,0,0,0,0,0,3,890,2,0,41,0,0,0,0,0,0,0,0,4,0,0,0,16,0,0,0,0,3,0,15,0,0,0,0,0,0,2,86,47,30,0,13,0,15,3,0,360,6,2,0,0,237,0,0,0,0,0,0,0,0,6,13,0,15,0,0,0,20,3,0,5,0,0,3,0,4,0,0,0,3,7,7,0,29,0,0,0,0,0,4,0,6,5,0,2,3,23,9,5,505,0,0,0,0,0,1,0,0,0,0,0,0,0,0,4,47,1,3,0,2,0,0,0,0,0,0,25,0,42,14,49,28,7,23,0,0,0,0,10,0,0,0,0,0,0,6,21,0,14,0,311,2,5,0,0,0,4,0,96,0,0,0,1,0,2,0,0,0,0,0,8,0,0,0,0,0,0,0,0,0,0,0,0,0,0,2,20,1,0,0,0,0,0,0,14,0,0,4,0,0,0,6,2,0,0,4,497,0,4,2,0,0,0,0,0,1,0,47,3,0,0,25,0,2,37,1,8,123,0,0,4,0,0,13,59,0,691,0,0,0,63,14,0,0,0,1,4,0,0,4,0,0,2,6,0,84,0,0,0,9,0,2,6,11,3,0,3,0,0,0,0,0,797,71,0,0,0,5,0,0,42,0,2,14,0,0,0,0,0,0,0,0,0,7,7,10,0,0,0,0,0,114,0,8,0,0,53,3,0,1,44,0,0,0,0,0,0,1,0,0,0,0,0,0,0,0,0,0,0,51,0,0,0,0,0,0,0,0,0,0,0,54,0,2,0,4,0,2,0,0,18,4,6,0,49,2,2,2,4,0,7,0,0,3,12,15,0,0,0,3,0,0,0,0,0,3,0,2,0,1,0,7,8,23,0,0,4,0,0,2,13,0,0,0,0,0,0,0,0,0,71,14,0,0,0,0,0,9,0,0,0,0,0,0,0,0,0,0,0,0,0,3,0,6,4,0,0,0,0,79,0,0,0,2,0,0,1,0,0,0,11,21,84,0,0,17,0,0,0,0,5,0,274,0,0,5,0,6,0,0,1,0,0,7,0,9,0,20,0,0,0,0,9,0,9,6,3,0,5,0,4,0,0,0,0,1,170,0,0,1,0,0,0,0,30,0,0,55,0,2,0,0,0,0,0,1,0,0,0,0,0,6,0,0,0,0,34,0,3,0,0,3,0,0,0,0,3,0,2,0,0,0,0,0,0,0,111,0,10,0,0,0,0,0,0,2,3,0,0,2,86,145,0,0,0,0,2,0,7,0,0,2,0,0,4,6,0,0,2,226,8,3,0,5,0,0,2,0,0,0,0,83,1,10,0,0,0,0,0,3,3,35,56,0,0,0,0,2,0,0,2,0,0,2,0,2,30,0,0,0,0,89,0,0,0,75,10,3,4,3,3,169,0,0,2,0,0,53,17,0,2,0,0,0,0,1,6,0,7,33,0,2,0,0,0,0,25,0,0,1,7,0,71,0,0,0,0,0,7,0,0,1,0,0,726,0,0,0,4,2,0,0,1,10,16
"D513",0,0,0,0,0,0,0,0,0,0,0,0,0,0,0,0,0,0,0,0,0,0,0,0,0,0,0,0,0,0,0,0,0,0,0,0,0,0,0,0,0,0,0,0,0,0,0,0,0,0,0,0,0,0,0,1,0,0,0,0,0,0,0,0,101,0,0,0,0,0,0,0,0,0,0,0,0,3,0,0,0,0,0,0,0,21,0,0,0,0,0,0,0,0,0,0,0,0,0,0,0,3,0,0,0,0,0,351,0,0,0,0,0,0,571,0,0,0,0,0,0,36,0,0,0,0,0,1,0,0,0,0,0,0,0,0,0,0,0,76,0,0,0,0,0,0,0,0,0,0,0,0,0,0,0,0,0,0,0,0,0,0,0,0,0,0,0,0,0,0,0,0,0,0,0,0,0,7,0,0,0,0,0,0,0,0,0,0,0,0,0,0,15,0,0,0,0,0,0,0,0,0,0,0,1371,0,0,0,0,0,0,0,0,0,0,0,0,0,19,0,0,0,0,0,66,0,0,0,0,0,0,0,0,0,0,0,0,0,0,0,0,0,0,0,0,0,0,0,0,8,0,0,0,0,30,0,0,0,0,0,0,0,2,1028,0,0,0,0,0,0,0,0,0,17,0,0,0,0,0,0,0,0,0,0,0,0,0,0,0,0,0,0,0,0,0,0,0,0,0,0,0,0,0,0,0,0,0,0,0,0,2,0,0,0,0,7,0,0,0,0,0,0,0,0,0,0,0,0,0,0,0,0,0,0,0,0,0,0,0,0,0,0,0,0,0,0,0,0,0,0,0,0,0,0,0,0,0,0,0,0,0,15,0,0,0,0,0,0,0,0,0,0,0,0,0,0,0,0,0,0,0,0,0,0,0,0,0,0,0,0,0,0,0,0,0,0,2393,0,0,4,0,0,0,0,0,0,0,0,0,34,0,0,7,0,0,0,0,0,0,0,0,0,0,0,0,0,0,0,0,0,0,0,0,0,0,0,0,0,0,0,0,0,0,0,0,0,0,0,0,0,0,0,0,0,0,0,0,0,0,0,0,0,0,0,0,0,0,0,0,0,0,0,0,0,0,0,8,0,0,0,0,0,0,0,0,0,0,0,0,0,0,0,0,0,0,0,0,0,0,0,0,0,0,0,0,293,0,0,0,0,0,0,0,0,0,0,0,0,0,0,0,0,0,0,0,0,0,0,0,2,0,0,0,0,0,0,0,0,0,0,0,0,0,0,0,0,0,0,0,0,0,0,0,0,0,132,67,2715,0,0,0,0,0,0,0,0,0,0,0,0,0,0,0,0,0,0,0,1348,0,0,0,0,0,0,0,0,0,4,0,0,0,0,0,0,0,0,0,0,0,19,0,0,0,0,0,0,0,0,0,0,0,0,0,0,1366,0,0,0,0,5,0,0,0,0,0,0,0,0,0,0,0,0,0,0,0,0,0,0,0,0,0,0,0,0,0,0,0,0,0,0,0,0,0,0,0,0,0,0,0,269,0,0,0,0,0,0,0,2591,0,0,0,0,0,0,0,0,0,57,0,0,0,0,0,0,0,0,0,0,0,0,5,0,0,0,0,0,0,0,0,0,0,0,0,0,0,0,0,0,0,0,0,0,0,0,0,0,0,0,0,0,0,0,0,0,2,0,0,0,0,0,0,0,0,0,0,0,0,0,0,0,0,0,0,0,0,0,0,0,0,0,0,3,0,0,0,0,131,0,0,0,0,0,0,928,0,0,0,0,0,0,0,0,0,0,1,0,0,0,0,0,0,0,0,21,0,0,0,0,0,0,0,0,0,0,0,0,0,0,0,0,0,0,0,0,0,0,0,0,2,0,0,0,0,0,0,0,0,0,0,0,0,0,0,0,0,0,0,0,0,0,0,0,0,0,0,0
"D514",0,0,0,0,0,0,0,0,0,0,0,0,0,0,0,0,0,19,0,0,136,0,0,0,0,0,0,0,44,7,0,0,0,0,0,0,0,0,0,0,0,0,0,0,19,0,0,0,0,0,0,11,0,0,0,0,0,0,0,0,0,0,0,0,752,0,0,0,22,0,0,0,0,0,0,0,0,0,0,0,0,0,0,0,0,11,0,0,322,0,0,0,0,0,0,0,0,0,0,0,0,2,0,0,0,0,0,58,0,0,0,0,0,0,626,0,0,0,0,0,0,2964,0,0,0,0,458,0,0,0,0,0,0,0,0,0,0,0,0,84,0,0,0,0,0,0,0,0,0,0,0,0,0,0,0,0,0,0,0,0,0,0,0,0,0,0,0,0,0,0,0,0,0,0,0,0,0,0,0,0,0,3,0,0,0,0,5,0,0,0,0,0,0,0,0,11,0,0,0,0,0,0,0,0,832,0,0,0,0,0,0,0,0,0,0,0,0,0,14,0,0,0,0,0,0,0,0,0,0,0,0,0,0,0,0,0,0,0,0,0,0,0,0,0,0,0,0,0,0,0,0,0,0,0,2,0,0,0,0,0,0,0,0,997,0,0,0,0,0,0,0,0,0,832,0,0,0,0,0,0,0,0,0,0,0,0,0,0,0,0,0,0,0,0,0,0,0,10,0,0,0,0,0,2,0,0,0,0,0,0,0,0,0,4,0,0,0,0,0,0,0,0,0,0,0,0,0,0,0,0,0,0,0,0,0,0,0,0,0,0,0,0,0,0,0,0,0,0,0,0,0,0,0,0,0,0,0,0,0,0,0,6,0,0,0,0,0,0,0,0,0,0,0,0,4,0,0,0,0,0,0,0,0,0,0,0,0,0,0,0,0,0,0,0,0,0,16,5,0,0,0,0,0,11,0,0,41,0,0,0,0,0,1,0,0,0,0,0,0,0,0,0,0,0,0,0,0,0,0,9,0,0,0,0,0,0,0,0,0,0,0,0,0,0,0,0,8,0,0,0,0,0,0,0,0,0,0,0,0,0,0,0,0,3,0,0,0,0,0,0,0,3,0,0,0,0,0,0,0,0,0,0,0,0,0,0,0,0,0,0,3,0,0,0,0,0,0,0,0,0,0,0,0,0,0,404,0,0,0,0,0,0,0,0,0,0,0,0,0,0,0,0,0,0,0,0,0,0,0,0,0,0,0,0,0,0,0,0,0,185,0,0,0,0,0,0,0,0,0,0,0,0,0,0,0,17,63,12152,0,0,0,0,0,0,0,0,0,0,0,0,0,0,0,0,0,0,0,3068,0,0,0,0,0,0,0,0,0,0,0,0,0,0,0,46,0,0,0,0,0,0,0,0,0,0,0,0,0,0,0,0,9,0,0,0,0,0,0,0,0,0,0,0,0,0,0,0,0,0,0,0,0,0,0,0,0,0,0,0,0,0,3,0,0,0,0,0,0,0,0,0,0,0,0,0,0,0,0,0,0,0,0,0,0,0,0,0,0,2764,0,0,0,0,0,18,0,0,0,365,0,0,0,0,0,0,0,0,0,0,0,2327,0,0,0,0,0,0,0,0,0,0,0,0,0,0,0,0,0,0,0,0,0,0,0,0,0,0,0,0,5,0,0,0,0,0,0,0,0,0,0,0,0,0,0,0,0,0,2,0,0,0,0,0,0,0,0,0,0,0,0,0,0,0,0,0,0,0,130,0,0,0,0,0,0,278,0,0,0,0,0,0,0,0,0,0,0,0,0,0,0,0,0,0,0,0,13,0,0,5891,0,0,0,0,0,0,0,0,0,0,274,0,0,0,0,0,0,0,0,0,0,0,0,0,0,0,0,0,0,0,0,0,0,0,0,4,11,0,3,0,0,0,0,0,0,0,0,0
"D515",0,0,0,8,1,0,16,2,0,0,2,3,0,0,0,0,0,0,0,0,4,2,0,0,40,7,2,0,0,0,0,0,16,0,2,4,2,0,0,1,0,26,0,0,43,0,403,0,124,0,0,0,0,0,17,0,49,0,9,0,0,4,0,15,0,3,0,9,17,12,0,10,0,0,2,0,0,0,0,0,1,0,0,0,4,0,0,4,0,3,0,0,0,0,0,3,2,0,0,3,19,0,0,6,134,3,0,0,4,0,0,2,2,0,0,0,0,0,3,0,0,2,0,0,0,433,0,0,0,0,0,0,0,0,4,4,0,0,0,92,8,0,0,7,2,62,0,3,0,8,0,0,0,0,0,0,0,0,0,369,43,3234,0,3,17,0,0,0,110,21,0,82,0,0,0,0,0,0,0,7,5,1,0,5,3,0,0,0,0,0,15,0,0,0,0,0,2,0,3,6,2,0,2,0,3,0,0,6,3,0,5,3,6,0,0,0,0,2,0,0,0,8,0,0,0,0,0,34,0,0,81,2,0,0,0,0,0,0,22,9,0,10,3,0,5,0,0,0,5,0,2,24,2,0,0,4,0,89,0,4,0,50,0,0,0,0,0,0,2,2,0,0,25,0,2,0,3,3,2,0,11,2,0,0,0,0,0,11,0,4,0,14,3,8,0,0,0,0,0,18,0,0,7,0,0,0,0,0,70,6,0,0,0,0,0,0,0,0,11,0,2,0,1,0,4,2,0,3,0,0,3,0,0,0,0,0,0,0,3,0,0,0,0,0,0,0,3,17,0,0,0,0,0,0,1,19,20,132,0,0,0,0,0,0,0,0,3,0,0,0,23,0,4,0,0,0,3,5,0,4,5,0,0,0,0,0,0,3,0,15,4,0,0,0,0,1,0,149,0,0,10,0,0,110,0,0,0,2,3,0,4,3,0,0,5,0,2,0,10,0,3,0,0,14,10,0,0,0,0,0,91,9,0,2,2,0,2,3,8,0,0,2,0,3,0,0,0,0,0,0,2,0,0,0,4,11,6,0,0,0,3,0,4,0,9,0,4,0,0,0,8,556,0,19,0,0,0,8,0,0,0,29,0,60,0,0,8,0,0,0,19,1,0,0,0,2,0,0,0,0,0,7,4,5,0,4,14,0,6,0,79,0,0,0,0,0,0,0,2,0,0,0,0,0,0,1,0,0,0,1,0,0,0,5,0,8,0,0,0,0,0,0,0,0,24,2,2,21,74,0,0,0,2,65,0,0,0,42,0,9,0,16,0,0,0,2,18,0,4,0,0,0,0,0,0,3,0,0,2,6,0,0,0,28,2,0,3,0,0,0,0,34,0,0,0,3,0,0,0,4,0,2,49,0,0,0,0,0,0,0,0,0,0,0,0,0,0,0,7,0,0,4,6,0,0,0,0,0,28,0,0,5,0,0,3,0,4,0,0,0,0,0,0,0,0,0,6,0,0,0,0,0,3,0,0,103,0,0,221,0,0,0,0,1,0,0,0,0,0,0,5,0,6,0,3,0,0,0,44,15,0,0,0,1,15,32,0,0,0,0,0,0,0,0,9,0,0,68,2,0,6,0,0,2,0,8,0,0,3,0,0,9,0,0,0,0,0,0,0,5,6,0,4,0,0,0,11,0,1,8,16,26,3,8,0,0,0,0,0,0,0,0,0,0,0,1,0,0,0,0,0,0,8,0,0,52,1,0,0,0,0,0,0,2,3,14,0,0,0,4,0,0,10,0,0,0,1,9,18,6,0,0,59,0,0,3,3,0,0,0,2,0,0,0,0,14,11,7,0,1,4,0,0,0,3,0,0,2,0,0,0,0,20,0,0,0,0,6,0,2,0,0,0,2,0,75,0,0,5,0,0,0,0,0,6,0
"D516",0,0,28,12,65,8,0,12,0,116,2,10,0,6,0,0,0,0,0,0,0,0,0,0,0,0,0,0,0,0,2,0,0,0,7,0,0,13,0,0,14,78,5,0,16,8,0,2,83,0,0,0,6,0,0,0,0,3,0,0,0,0,0,0,3,0,5,0,225,0,0,4,0,0,0,0,0,0,0,0,0,0,0,0,5,0,1,0,0,5,0,0,0,8,0,3,0,0,0,0,0,0,0,0,0,0,0,0,0,0,0,1,0,0,0,0,0,0,0,8,0,0,9,0,0,81,0,5,0,0,0,0,0,0,0,0,0,0,0,0,0,0,0,0,8,0,0,0,0,0,0,0,0,0,8,0,0,86,0,0,0,0,0,0,0,0,0,0,0,0,2,0,0,0,0,7,0,0,0,0,0,0,0,0,0,9,0,5,2,0,0,0,0,8,0,0,0,5,0,0,11,0,0,0,0,14,0,2,0,0,0,0,0,0,5,0,22,0,0,0,30,0,5,0,0,0,0,1,8,4,64,0,0,0,0,0,0,0,0,0,36,0,0,0,0,0,0,0,0,0,69,9,0,0,0,0,0,6,0,0,0,0,19,0,0,0,3,0,0,0,0,3,0,0,0,0,0,9,0,0,0,0,0,0,0,6,0,1,0,0,6,5,0,0,0,12,0,2,0,10,1,0,0,6,4,0,0,0,0,4,0,0,0,0,3,0,51,0,4,0,0,0,0,0,0,0,0,0,0,0,0,0,75,0,0,0,4,5,0,0,6,0,0,4,0,0,0,4,0,0,0,0,0,0,0,6,3,0,0,0,0,0,0,0,40,9,0,7,8,0,0,27,0,0,2,0,1,0,0,0,0,0,0,0,0,0,0,0,0,0,0,71,0,0,0,0,0,8,0,0,0,0,0,2,1,0,0,0,0,0,0,0,0,0,0,0,0,0,2,0,0,0,0,0,0,0,0,48,0,0,18,0,0,18,0,0,0,44,0,23,7,9,22,18,0,3,0,0,0,0,0,0,0,7,0,0,0,0,0,0,0,0,0,0,1,0,2,0,3,0,0,2,0,0,0,0,0,0,0,0,98,79,0,0,0,2,0,0,0,3,0,0,13,0,0,11,0,1,0,19,0,0,0,0,0,0,0,0,0,0,12,0,0,7,0,0,0,0,0,1,0,0,0,0,0,34,22,11,0,0,0,0,0,0,0,17,0,0,24,0,0,0,0,0,0,0,0,0,45,3,0,3,58,0,0,0,0,0,0,3,5,2,0,0,0,29,0,6,0,22,0,139,0,44,0,0,0,0,0,0,0,2,0,0,3,0,0,0,0,0,13,0,4,0,0,0,0,0,0,0,0,0,0,0,0,0,1,0,34,2,0,0,0,0,0,0,0,0,0,0,0,0,0,0,0,0,0,0,0,0,11,0,4,0,0,0,3,0,0,73,0,0,2,0,0,0,0,0,0,0,0,2,0,0,0,0,2,0,2,0,0,0,0,0,0,0,0,0,0,21,0,93,0,0,12,0,0,0,23,0,0,0,0,0,0,0,0,0,0,21,0,0,0,24,0,0,0,5,10,0,3,0,0,0,0,0,0,0,0,0,0,4,0,0,16,0,0,0,0,0,0,0,13,0,0,135,0,58,6,0,0,0,0,1,4,0,0,0,0,0,0,0,0,7,11,0,0,0,0,0,0,4,0,5,0,49,0,0,0,0,0,0,0,0,30,0,0,9,0,0,2,0,6,5,0,4,0,0,0,0,0,0,7,0,0,0,0,0,0,0,0,0,0,0,89,9,0,4,0,0,0,0,22,0,0,0,0,0,0,0,0,0,0,12,0,0,0,0,0,0,190,0,10,0,0,21,0,3,6,0,0,5,0,3,0,0
"D517",70,0,0,0,0,0,0,478,0,0,0,0,0,0,0,0,0,0,0,0,0,0,0,0,0,0,0,0,0,0,0,0,9,0,0,0,0,0,0,0,0,0,0,0,0,0,201,0,0,0,0,152,0,0,0,0,0,0,0,0,0,0,0,0,331,0,0,0,0,0,0,0,0,0,0,0,0,0,0,0,0,0,0,0,0,0,0,0,0,4,0,0,0,0,16,0,0,0,0,0,0,0,0,0,0,4,0,0,0,0,0,0,0,0,0,0,0,0,0,0,0,0,0,0,0,10,1,0,0,0,0,0,0,0,0,0,0,0,0,18,0,0,0,1,0,0,0,0,0,0,0,0,0,0,614,0,0,0,0,0,0,0,0,0,0,0,0,0,0,0,0,0,0,0,0,0,0,0,0,7,0,0,0,0,0,0,0,0,0,0,0,2,0,0,0,0,0,0,0,203,0,0,0,0,0,0,0,11,0,0,0,0,0,0,0,0,0,0,0,0,0,0,0,0,0,0,0,0,0,0,144,0,0,0,0,0,0,0,0,0,0,0,0,0,0,0,0,0,0,0,240,0,0,0,0,0,0,0,0,0,0,0,0,0,0,0,82,0,0,0,0,0,0,0,0,0,0,0,0,0,0,0,0,0,0,0,0,0,0,0,0,0,0,0,0,2,0,3,0,0,0,0,311,0,0,0,0,0,0,0,0,0,0,0,2,0,0,0,2,0,0,0,0,0,0,0,23,0,0,0,0,0,0,0,0,0,0,0,0,31,0,0,0,0,0,0,0,0,0,0,0,0,37,0,0,0,0,0,0,722,0,4,0,0,0,0,0,0,0,0,0,0,0,0,0,0,0,0,0,0,0,0,0,7,0,0,0,0,296,0,0,0,0,0,0,0,0,11,0,46,0,0,0,10,3,0,0,0,3,0,0,0,0,0,0,0,0,1,0,0,0,0,0,0,0,11,0,0,0,0,0,0,0,0,0,0,0,0,0,0,0,0,0,16,0,0,0,0,0,0,0,0,0,0,0,0,0,0,0,0,0,0,0,0,0,0,0,0,0,0,0,0,0,0,0,0,0,144,0,0,0,0,0,4,0,120,0,0,0,0,0,0,0,0,0,0,0,0,0,0,0,0,0,0,0,0,0,0,0,0,50,0,0,0,0,0,0,0,0,0,11,0,0,0,0,0,0,0,0,0,0,0,0,0,0,0,0,0,36,0,0,0,0,0,0,0,0,0,0,0,0,0,0,127,0,0,0,0,0,0,0,0,0,0,0,0,0,0,0,0,0,189,0,0,0,0,0,3,0,0,0,0,0,0,0,0,0,0,0,0,0,0,0,0,0,0,0,0,0,0,0,0,0,0,5,0,0,0,0,0,0,0,0,0,0,0,0,0,0,0,0,0,0,0,0,0,0,0,25,0,0,0,0,0,0,0,0,0,0,0,0,0,0,0,0,0,0,178,0,0,0,0,0,0,0,0,0,0,29,0,0,7,0,0,0,2,0,0,0,0,0,0,0,19,0,0,0,0,0,0,0,0,0,0,0,0,0,0,0,0,0,0,0,0,0,0,0,0,0,0,0,0,0,0,0,0,0,0,0,0,0,0,0,0,0,78,0,0,6,0,0,0,0,0,0,0,0,0,0,0,0,0,0,0,0,0,0,0,0,0,0,0,0,0,0,0,0,0,0,0,0,0,0,0,0,9,0,0,0,0,0,0,0,0,0,67,0,0,0,0,0,0,0,0,0,0,0,0,0,0,0,0,0,0,120,0,0,0,0,0,0,0,0,0,0,0,0,0,0,0,0,0,0,0,0,0,0,0,0,0,0,0,0,0,0,0,0,0,0,0,0,0,0,0,0,0,0,0,0,0,0,0,0,0,0,0
"D518",2,10,18,0,2,0,0,26,1,8,14,0,0,0,0,7,66,0,4,7,7,0,6,45,19,0,0,2,2,0,14,40,24,0,30,0,51,0,0,0,0,5,0,5,0,4,15,0,0,0,41,0,5,0,54,106,23,42,19,23,0,0,0,0,0,0,0,0,203,0,20,5,8,0,0,3,6,0,0,2,3,12,0,0,0,21,0,0,50,4,3,4,2775,0,0,0,0,0,0,3,6,8,9,10,0,22,3,0,0,0,9,1,0,6,0,1,0,0,0,17,25,0,6,0,14,0,4,0,2,0,0,0,0,0,28,22,2,31,0,0,0,0,0,0,3,104,12,0,1,13,0,0,2,4,0,4,0,0,0,15,0,0,4,0,2,6,0,2,6,0,3,0,0,0,3,78,0,0,0,0,3,109,0,20,0,0,0,4,4,0,0,0,7,0,0,840,17,2,3,14,11,0,0,0,0,0,0,11,0,11,0,0,2,0,1,26,0,0,5,0,4,3,3,15,4,3,20,0,0,3,0,0,0,9,0,0,6,0,12,0,8,2,2,2,0,3,0,2,17,0,0,2,0,0,0,0,0,10,0,29,0,0,0,0,0,29,1,0,20,1,5,0,17,3,0,0,11,0,0,0,0,0,0,5,2,23,3,38,7,6,0,21,0,0,4,0,17,0,2,19,4,0,5,0,0,0,2,3,1,0,0,7,0,0,10,744,95,0,0,59,0,8,4,2,0,3,0,0,0,0,0,2,0,0,0,4,26,0,0,6,0,25,0,0,5,7,0,77,0,0,2,137,12,1,4,0,0,0,3,3,1,0,3,11,2,0,13,0,18,5,1,0,0,0,581,0,1,0,2,19,0,29,4,0,2,0,0,5,0,10,0,0,48,1,2,0,0,190,0,0,19,0,0,3,0,143,54,0,0,11,74,1258,1,2,1,16,5,8,12,11,15,0,9,17,147,0,6,0,0,31,0,2,0,24,0,0,4,0,0,0,3,16,0,6,25,0,149,0,78,0,9,14,9,3,16,4,8,0,0,0,8,37,137,0,0,0,30,3,55,0,1,0,0,34,14,0,0,0,7,30,0,30,0,0,18,0,5,0,23,22,14,0,0,0,0,0,0,9,31,0,11,0,0,3,0,15,0,0,0,10,0,23,0,33,0,0,4,3,14,0,0,1,0,9,0,37,9,6,39,19,8,0,0,108,0,1,0,58,0,0,20,28,4,0,7,6,0,22,0,0,2,0,0,1,0,0,2,0,0,0,0,0,7,38,0,0,18,0,7,0,0,0,0,0,1,16,6,0,4,0,0,1,26,9,1,1,1,0,18,0,27,0,0,0,2,0,3,16,9,0,0,0,11,2,0,0,2,27,0,0,0,7,15,7,0,0,33,0,18,1,2,4,0,1,2,14,2,0,0,0,39,0,2,19,18,0,2,0,3,0,0,0,0,0,0,0,0,4,0,2,7,0,0,4,7,79,0,1,0,0,2,0,13,13,13,0,0,0,0,2,0,0,3,10,7,29,0,5,502,0,0,0,2,0,0,0,6,0,0,22,0,22,0,0,1,2,0,142,34,5,30,0,0,0,0,4,14,4,0,0,1,48,0,0,2,0,0,3,3,7,6,2,0,0,0,158,6,0,4956,10,64,0,10,2,0,0,0,2,0,51,0,37,4,17,0,3,4,0,0,22,0,3,0,10,0,8,49,0,2,2,75,9,0,0,0,0,2,0,4,7,8,1,53,0,2,0,18,22,0,1,0,0,52,0,36,0,3,0,8,38,11,5,7,3,50,0,19,52,10,0,6,0,15,55,0,0,2,5,89,3,0,2,10,7,2,0,3,0,7,5,0,0,0,28,0,13,58,0,0,3,1,0,12,0,0,0
"D519",0,0,0,0,0,0,0,0,0,0,0,0,0,0,0,0,0,0,0,0,0,0,0,0,0,0,0,0,0,0,0,0,0,0,0,0,0,0,0,0,0,0,0,0,0,0,2,0,0,0,0,0,0,0,0,0,0,0,0,0,0,0,0,0,0,0,0,0,0,0,0,0,0,0,0,0,0,0,0,0,0,0,0,0,0,0,0,0,0,0,0,0,0,0,0,0,0,0,0,0,0,0,0,0,0,2,0,0,0,0,0,0,0,0,0,0,0,0,0,0,0,0,0,0,0,0,0,0,0,0,0,0,0,0,0,0,0,0,0,0,0,0,9,0,0,0,0,0,0,0,0,0,0,0,0,0,0,0,0,3,0,0,0,0,0,0,0,0,0,0,0,0,0,0,0,0,0,0,0,0,0,0,0,0,0,0,0,0,0,0,0,0,0,0,0,0,0,0,0,2,0,0,0,0,0,0,0,0,0,0,0,0,0,0,0,0,0,0,0,0,0,0,0,0,0,0,0,0,0,0,0,0,0,0,0,0,0,0,0,0,0,0,0,0,0,0,0,0,0,0,2,0,0,0,0,0,0,0,0,0,0,0,0,0,0,0,0,0,0,0,0,0,0,0,0,0,0,0,0,0,0,0,0,0,0,0,0,0,0,0,0,0,0,0,0,0,0,0,0,0,0,0,0,0,0,0,0,0,0,0,0,0,0,0,44,0,0,0,0,0,0,0,0,0,0,0,0,0,0,0,0,0,0,0,0,0,0,0,0,0,0,0,0,0,0,0,0,0,0,0,0,6,0,0,0,0,0,0,0,145,0,0,0,0,0,0,0,0,0,0,0,0,0,0,0,0,0,0,0,0,0,0,0,0,0,0,0,0,0,0,0,0,0,0,0,0,0,0,0,0,0,0,0,2,0,0,0,0,0,0,0,0,0,0,0,0,0,0,0,0,0,0,0,0,0,0,0,0,0,0,0,0,0,0,0,0,0,0,0,0,0,0,0,0,0,0,0,9,0,0,0,0,0,0,0,0,0,0,4,0,0,0,0,0,0,0,0,0,0,0,0,0,0,0,0,0,0,2,0,0,0,0,0,0,0,0,0,0,0,0,0,0,0,0,0,0,0,0,0,0,0,0,0,0,0,0,0,0,0,0,0,0,0,0,0,0,0,0,0,0,0,0,2,0,0,0,0,0,0,0,0,0,0,0,0,0,0,0,0,0,0,0,0,0,0,0,0,0,0,0,0,0,0,0,0,0,0,0,0,0,0,0,0,0,0,0,0,0,0,0,0,0,0,0,0,0,0,0,0,0,0,0,0,0,0,0,0,0,0,0,0,0,0,0,0,0,0,0,0,0,0,0,0,0,0,0,0,0,0,0,0,0,0,0,0,0,0,0,0,0,0,0,0,0,0,0,0,0,0,0,0,0,0,0,0,0,0,0,0,0,0,0,0,0,0,2,0,0,2,0,0,0,0,0,0,0,0,0,0,0,0,0,0,0,0,0,0,0,0,0,0,0,0,0,0,0,0,0,0,0,0,5,0,0,0,0,0,0,0,0,0,0,0,0,0,0,0,0,0,0,0,0,44,0,0,0,0,0,0,0,0,0,0,0,0,0,0,0,2,0,0,0,0,0,0,0,0,0,0,0,0,0,0,0,0,0,0,0,0,0,0,0,0,0,0,0,0,0,0,0,0,0,0,0,0,0,0,0,0,0,0,0,0,0,0,0,0,0,0,0,0,0,0,0,0,1107,0,0,0,0,0,0,0,0,2,0,0,0,0,0,0,0,0,0,0,0,0,4988,0,0,0,0,0,0,0,0,0,0,0,0,0,0,0,0,0,0,0,0,0,0,0,0,0,0,0,0,0,0,0,0,0,0,0,0,0,0
"D520",0,0,0,0,0,0,0,0,0,0,0,0,0,0,0,0,0,3,0,0,58,0,0,0,0,0,0,0,0,0,0,0,0,0,0,0,0,0,0,0,0,0,0,0,0,0,2,0,0,0,0,2,0,0,0,0,0,0,0,0,0,0,0,0,11,0,0,0,0,0,0,0,0,0,0,0,0,0,0,0,0,0,0,0,0,4,0,0,176,0,0,0,0,0,0,0,0,0,0,0,0,2,0,0,0,0,0,7,0,0,0,0,0,0,204,0,0,0,0,0,0,405,0,0,0,0,12,0,0,0,0,0,0,0,0,0,0,0,0,11,0,0,0,0,0,0,0,0,0,0,0,0,0,0,0,0,0,0,0,0,0,0,0,0,0,0,0,0,0,0,0,1,0,0,0,0,0,0,0,0,0,1,0,0,0,0,0,0,0,0,0,0,0,0,0,35,0,0,0,0,0,0,0,0,164,0,0,0,0,0,0,0,0,0,0,0,5,0,0,0,0,0,0,0,0,0,0,0,0,0,0,0,0,0,0,0,0,0,0,0,0,0,0,0,0,0,0,0,0,0,0,0,0,0,0,0,0,0,0,0,0,0,0,168,0,0,0,0,0,0,0,0,0,61,0,0,0,0,0,0,0,0,0,0,0,0,0,0,0,0,0,0,0,0,0,0,0,0,0,0,0,0,0,0,0,0,0,0,0,0,20,0,0,2,0,0,0,0,0,0,0,0,0,0,0,0,0,0,0,0,0,0,0,0,0,0,0,0,0,0,0,0,0,0,0,0,0,0,0,0,0,0,0,0,0,0,0,0,0,0,0,0,0,0,0,0,0,0,0,0,0,0,0,0,15,0,0,0,0,0,0,0,0,0,0,0,0,0,0,0,0,0,0,0,0,0,10,0,0,1,0,0,0,0,0,0,26,0,0,3,0,0,0,0,0,0,0,0,0,0,0,0,0,0,0,0,0,0,0,3,0,0,0,0,0,0,0,0,0,0,0,0,0,0,0,0,19,0,0,0,0,0,0,0,0,0,0,0,0,0,0,0,0,39,0,0,0,0,0,0,0,0,0,0,0,0,0,0,0,0,0,0,0,0,0,0,0,0,0,0,0,0,0,0,0,0,0,0,0,0,0,0,0,0,0,5,0,0,0,0,0,0,0,0,0,0,0,0,0,0,0,0,0,0,0,0,0,0,0,0,0,0,0,0,0,0,0,0,0,20,0,0,0,0,0,0,0,0,0,0,0,0,0,0,0,67,47,396,0,0,0,0,0,0,0,0,0,0,0,0,0,0,0,0,0,0,0,1433,0,0,0,0,0,0,0,0,0,0,0,0,0,0,0,4,0,0,0,0,0,0,0,0,0,0,0,0,0,0,0,0,0,0,0,0,0,0,0,0,0,3,0,0,0,0,0,0,0,0,0,0,0,0,0,0,0,0,0,0,0,0,3,0,0,0,0,0,0,0,0,0,0,0,0,0,0,0,0,0,0,0,0,0,0,0,0,0,0,1225,0,0,0,0,0,9,0,0,0,37,0,0,0,0,0,0,0,0,0,0,0,285,0,0,0,0,0,0,0,0,0,0,0,0,0,0,0,0,0,0,0,0,0,0,0,0,0,0,0,0,0,0,0,0,0,0,0,0,0,49,0,0,0,0,0,0,0,0,2,0,0,0,0,0,0,0,0,0,0,0,0,0,0,0,0,0,0,0,38,0,0,0,0,0,0,50,0,0,0,0,0,0,0,0,0,0,0,0,0,0,0,0,0,0,0,0,4,0,0,1207,0,0,0,0,0,0,0,0,0,0,1,0,0,0,0,0,0,0,0,0,0,0,0,0,0,0,0,0,0,0,0,0,0,0,0,0,14,0,0,0,0,0,0,0,0,0,0,0
"D521",2,3,1,94,263,288,35,6,24,29,32,19,0,2,0,0,0,0,4,0,0,0,0,0,0,4,0,0,0,7,62,0,21,0,8,0,0,942,0,0,1,0,7,0,0,0,48,10,0,3,3,0,2,0,0,8,0,0,5,4,15809,0,7,24,0,48,8,0,247,1,0,0,0,93,0,0,0,0,0,0,0,0,3,0,7,33,9,0,0,8,0,3,0,0,0,0,0,0,0,0,11,0,0,0,37,0,0,0,8,2,0,10,0,3,2,0,0,0,0,52,0,2,0,0,0,13,0,0,0,0,0,0,4,0,3,0,0,0,0,1,0,969,0,0,17,0,0,15,3506,4,108,0,2,0,22,6,7,1166,0,1,27,0,0,0,0,2,15,0,0,0,5,3,1,0,0,0,0,0,425,140,9,0,6,7,0,0,0,5,2,0,2,10,0,0,318,0,0,6,0,13,61,0,0,2,0,25,0,23,8,1,0,3,2,0,7,1,3,0,0,0,0,3,0,10,0,0,49,0,14,2,8,3,0,8,0,750,12,2,27,0,0,4,4,0,14,0,0,0,0,0,129,2,0,6,0,0,0,10,0,0,0,0,0,0,0,0,1,0,0,8,0,0,0,0,3,0,9,16,0,0,0,0,0,0,2,0,4,0,0,0,0,0,0,54,0,0,3,9,0,44,3,0,7,0,502,0,2,2,0,0,0,0,0,2,33,0,65,0,11,51,0,0,1,0,0,4,3,0,4,0,3,7,8,0,4,0,7,1,0,0,0,0,0,2,0,0,0,0,0,0,0,0,4,0,2,7,17,0,0,0,0,0,4,0,9983,188,0,7,19,0,26,4,0,0,0,0,1,6,0,0,0,59,0,0,0,2,0,0,0,35,11,1,1,0,2,5,0,618,0,18,0,2,0,5,13,1,0,6,2,5,3,0,0,0,0,0,0,2,3,0,0,0,0,0,19,79,0,0,3,0,65,2,0,11,1,0,0,5,9,1040,3,3,5,2,0,132,0,3,0,2,0,2,1,4,0,0,0,0,3,0,3,2,24,0,30,0,56,0,0,11,2,11,9,0,0,2,0,8,9,0,0,99,5,2,0,0,13,2,39,0,0,0,0,0,0,0,393,0,0,1,13,0,0,0,0,0,40,0,8,0,0,9,0,4,0,29,7,7,5,5,1,0,0,9,0,14,0,3,0,0,3,0,0,0,0,17,0,0,0,0,3,0,0,0,10,0,0,14,352,538,13,4,11,0,0,0,0,0,4,2,0,3,55,0,0,0,0,669,0,188,10,0,5,25,2,3,1169,5,8,3,4,1,0,0,2,0,0,0,6,0,15,0,2,0,0,0,0,0,0,0,0,15,52,2,19,0,7,3,0,2,0,4,4,10,1,2,0,0,0,0,0,0,0,2,2,0,0,0,0,158,0,0,0,0,0,4,9,0,5,0,24,3,102,0,0,0,21,31,0,0,6,0,0,0,0,0,1878,4,0,0,0,1,0,2,0,2,9,9,0,0,0,711,30,0,0,0,3,0,0,3,0,1,0,6480,0,0,0,0,0,0,0,0,0,759,4,0,0,194,0,0,3,0,0,17,0,0,28,5,0,0,2,7,30,0,0,0,0,0,0,30,5,1,6,0,0,9,0,0,76,4,30,55,0,3,8,0,2,0,0,0,2,0,5,10,7,8,2,0,0,2,0,0,0,0,0,105,19,0,2,0,2,0,0,0,1,1,2,4,0,7,1,4,0,132,0,0,0,24,7,0,0,0,124,1,9,0,2,0,7,16,3,0,2,0,0,35,78,751,0,4,0,0,0,0,1,3,0,4,0,0,2,12,0,2,264,0,0,0,0,2,43,0,0,0,0,168,0,0,0,0,4,6,0,0,0,9
"D522",0,0,0,1,3,0,0,0,0,0,0,0,0,0,0,0,0,0,0,0,0,0,0,0,0,0,0,0,0,0,0,0,0,0,0,0,0,0,0,0,1,0,0,0,0,0,0,0,0,0,2,0,0,0,0,0,0,0,0,0,0,0,3,0,0,0,0,0,15,0,0,26,0,2,0,0,0,0,0,0,2,0,0,0,0,0,0,6,0,0,0,0,0,0,0,0,0,0,0,0,0,2,0,0,23,0,0,0,0,0,0,0,0,0,0,0,0,0,0,0,0,10,0,0,0,0,0,0,0,0,0,0,14,0,0,0,0,0,0,0,0,0,0,0,0,0,0,0,0,2,0,0,0,0,0,0,0,0,0,13,0,8,0,33,0,0,0,0,0,0,0,31,0,0,0,0,0,0,0,0,0,0,0,3,0,0,0,0,0,0,0,0,0,0,0,0,0,7,0,0,0,0,0,0,0,0,0,0,0,0,0,0,0,0,0,0,0,0,0,0,2,0,0,0,0,0,0,0,0,0,0,3,0,2,0,0,0,0,8,0,0,0,2,0,0,0,0,0,3,0,0,0,0,2,0,0,0,0,0,0,0,264,0,0,0,0,0,0,1,0,0,0,0,0,0,0,0,0,0,0,0,0,0,2,0,0,0,5,0,2,5,2,0,0,2,3,0,0,0,2,0,0,0,0,0,0,0,0,4,0,0,0,0,0,0,0,0,0,0,0,0,0,0,0,0,0,0,0,23,0,0,0,0,0,0,0,0,0,0,0,0,0,0,0,0,0,0,9,6,0,0,0,0,0,2,2,0,19,1,0,0,0,0,0,0,0,0,0,0,0,0,0,11,0,0,0,0,0,0,0,0,0,0,0,0,0,0,0,0,0,0,0,0,2,0,0,0,0,0,0,0,0,0,0,0,0,101,0,0,0,0,0,0,0,0,0,0,0,7,0,0,0,0,0,0,0,0,0,0,0,2,0,0,0,0,0,0,9,0,0,0,0,0,0,0,0,0,0,0,0,0,0,0,0,0,0,0,0,0,126,0,0,0,0,0,0,0,0,0,0,0,0,0,3535,0,0,0,0,0,0,0,4,0,2,0,0,0,0,2,0,1,0,0,0,0,7,0,0,0,0,0,0,0,0,0,0,0,0,0,0,0,0,0,0,23,0,0,0,0,2,0,0,0,0,2,5,0,0,0,0,0,0,0,0,0,10,0,0,0,0,0,0,0,0,10,0,21,0,1,0,0,0,2,0,0,0,0,0,0,0,0,0,0,0,0,0,0,0,0,0,0,0,0,0,0,0,0,3,0,0,0,0,0,2,0,0,0,0,0,0,0,6,3,0,0,11,0,0,0,0,0,0,0,0,0,0,0,0,0,0,0,0,0,0,0,0,0,0,2,0,0,0,2,0,0,0,0,0,0,0,0,0,0,0,0,2,0,0,0,0,0,0,0,0,0,0,0,0,0,0,0,0,0,0,0,0,0,2,0,0,0,0,0,0,0,3,0,0,0,0,0,0,0,0,0,0,0,0,0,0,0,0,2,0,0,0,0,0,0,0,0,0,0,0,0,0,0,3,0,0,0,0,0,0,0,0,0,0,0,0,0,0,0,0,0,0,0,0,0,3,0,0,0,0,0,0,0,0,0,0,10,2,0,0,0,0,0,0,3,0,0,0,0,3,0,0,0,0,0,0,0,0,0,0,0,0,0,0,0,0,0,0,7,1,7,0,0,0,0,0,0,0,4,0,0,0,0,0,0,2,0,0,0,0,0,0,0,0,0,0,0,0,0,0,0,0,5,3,0,0,2,0,0,0,0,0,0,0,0,0,1,0,0,0,0,0,0,0,0,0,2,7,0,0,0,3,0,0,4,0,0,0,0,0,4,0
"D523",0,0,0,0,0,0,0,0,0,0,0,0,0,0,0,0,3,0,0,0,0,0,0,2,0,0,0,3,0,0,0,0,0,0,0,0,0,0,0,0,0,0,0,0,0,0,0,0,0,0,0,0,0,0,0,0,0,0,0,0,0,0,0,0,0,0,0,0,6,0,0,0,0,0,0,0,0,0,0,0,0,0,0,0,0,0,0,0,0,4,0,0,0,0,0,0,0,0,0,0,0,0,0,0,0,0,0,0,0,0,0,0,0,0,0,0,0,0,2,0,0,0,0,0,0,0,0,0,0,0,0,0,0,0,0,0,0,0,0,0,0,0,4,0,0,0,0,0,0,0,0,0,0,0,0,0,0,0,0,0,0,0,0,16,0,0,0,0,0,0,0,0,0,0,0,0,0,0,0,0,0,0,0,0,0,0,0,0,0,0,0,0,0,0,0,0,0,0,0,0,0,0,0,0,0,0,0,0,0,0,0,0,0,0,0,0,0,0,0,0,0,0,0,0,0,0,0,0,0,0,0,0,0,0,0,0,0,0,0,0,0,0,0,0,0,0,0,0,0,0,0,0,0,0,0,0,0,0,0,0,0,65,0,0,0,0,0,0,0,0,0,0,0,0,0,0,0,0,0,0,0,0,16,0,0,0,0,0,0,0,0,1,0,0,0,0,2,0,0,0,0,0,0,0,0,0,0,0,0,0,0,0,0,0,17,0,11,0,0,0,0,0,0,0,0,0,0,0,0,0,0,0,0,0,0,0,6,0,0,0,0,0,0,0,0,0,0,0,0,0,0,0,0,0,0,0,0,0,0,0,0,0,0,0,0,0,0,0,0,0,0,0,0,2,0,0,0,0,0,0,0,1,0,0,0,0,0,0,0,0,0,0,0,0,0,0,0,1,0,0,0,0,0,0,0,0,23,0,0,0,0,0,0,0,0,0,0,0,0,0,0,0,3,0,0,0,0,0,0,0,0,0,0,0,0,0,0,0,0,0,0,0,0,0,0,0,0,12,0,0,0,0,0,0,0,0,0,0,0,26,0,0,0,0,0,0,0,0,0,0,0,0,0,0,0,0,0,0,0,0,0,0,0,0,0,0,0,0,0,0,2,0,0,0,0,0,0,0,0,0,0,0,0,0,0,0,0,0,0,0,0,0,0,0,0,0,0,0,0,0,0,0,0,0,0,0,0,0,0,0,0,0,0,0,0,0,0,0,0,0,0,0,0,0,0,0,0,0,0,0,0,0,0,0,0,0,0,0,0,0,0,0,0,0,0,0,0,0,0,0,0,0,0,0,0,0,0,0,0,0,0,0,0,0,0,0,0,0,0,0,0,0,0,0,0,0,0,0,0,0,0,0,0,0,0,0,0,0,0,0,0,0,251,0,0,0,0,0,0,0,5,0,0,0,0,0,0,0,0,0,0,0,0,0,0,2,0,0,0,0,0,0,0,0,0,0,0,0,0,0,0,0,0,0,0,0,0,0,0,0,0,0,0,0,0,0,0,0,0,0,0,0,0,0,0,0,82,0,0,0,0,2,0,0,0,0,0,0,0,0,0,0,3,0,0,0,0,0,0,0,0,0,0,0,0,0,0,0,0,0,0,0,0,0,0,0,0,0,0,0,0,0,0,515,0,0,0,0,9,0,0,0,0,0,0,0,0,0,0,0,0,0,0,0,0,0,0,0,0,0,0,0,0,3,0,0,0,0,0,0,0,0,2,0,0,0,0,0,0,0,0,0,0,0,0,0,0,0,0,0,0,0,0,0,0,0,0,0,0,0,0,0,0,0,0,0,0,549,0,0,0,0,0,0,0,0,0,0,0,0,0,0,0,0,0,0,0,0,0,0,0,0,0,0,0,0,0,0,0,0,0,0,0,0,0,0
"D524",2,57,43,0,0,0,8,5,12,0,0,0,0,5,0,87,97,5,7,0,16,16,6,90,0,2,7,135,0,0,20,0,75,16,27,78,0,0,0,0,12,3,63,0,172,0,2,0,35,3,0,0,12,6,0,47,0,240,29,29,0,0,32,71,3,52,0,1,15,0,54,0,0,5,0,6,23,0,0,116,105,4,0,0,0,0,0,0,57,2,2,18,5,1,0,13,0,0,0,6,60,0,0,0,10,0,3,0,0,0,6,91,26,0,0,0,0,0,2,37,0,0,2,0,0,0,0,7,0,33,0,0,2,0,2,3,6,0,0,0,14,0,0,0,0,85,1,9,0,5,0,24,42,9,0,24,5,0,29,67,0,0,25,0,70,7,83,104,0,1,7,0,31,0,21,463,6,0,0,1,0,0,2,101,11,0,0,18,5,0,15,10,0,0,0,0,0,17,26,0,79,0,14,12,0,16,0,31,21,45,7,0,37,0,1,133,0,0,0,4,4,14,3,22,228,18,0,0,30,2,0,10,7,5,85,0,35,0,4,0,205,39,0,22,19,8,0,0,0,0,0,61,17,0,0,0,21,10,18,11,11,57,0,0,0,40,0,0,75,0,7,7,0,0,15,5,61,10,0,2,27,7,0,23,6,0,82,11,0,79,667,3,137,36,5,0,0,0,1,9,12,0,0,0,0,3,9,0,2,0,0,12,30,0,2,0,7131,38,0,302,23,0,6,0,0,4,0,0,0,4,1,14,0,0,7,18,681,46,0,0,0,0,0,0,0,0,0,108,0,0,0,0,12,0,0,0,0,25,0,0,9,0,2,0,0,0,67,0,0,1,176,0,0,0,41,61,2,12,11,0,6,26,69,0,25,0,47,25,2,6,20,30,11,0,104,11,0,338,0,0,4,11,2,0,0,2,0,37,0,0,48,22,0,0,17,27,86,0,0,0,40,0,0,33,80,0,116,20,0,0,77,0,3,90,4,13,0,15,74,0,27,16,19,49,12,0,0,0,1,0,0,125,5,5,96,5,0,37,0,0,11,0,117,0,121,0,178,0,10,86,57,227,0,6,7,107,0,0,440,19,0,44,0,0,40,0,82,0,23,37,56,0,0,0,0,2,0,53,84,3,14,0,0,0,0,0,76,0,13,2,0,39,8,1,0,3,1,9,5,3,0,0,8,18,3,425,5,0,31,0,53,0,0,84,0,0,2,10,0,0,719,85,2,0,361,0,25,15,0,0,3,4,89,0,0,0,0,0,0,0,2,121,13,5,0,0,0,0,23,0,0,0,4,249,9,0,0,0,0,6,5,9,1,10,0,12,21,0,27,1,14,2,0,5,0,0,0,13,8,0,0,6,0,13,0,3,4,0,0,0,0,0,2,9,0,5,64,18,77,0,2,3,0,6,94,4,3,0,10,0,0,0,495,21,0,5,11,10,1,59,0,19,0,14,0,0,6,2,0,7,4,1,0,12,76,1,6,1,28,0,74,0,17,24,92,0,27,0,0,0,16,0,61,0,21,54,0,7,49,137,0,0,6,0,0,0,0,0,0,10,0,31,0,0,0,0,0,1174,549,92,2,6,0,8,0,0,0,19,0,18,0,20,1,0,3,0,15,6,0,50,8,13,6,0,0,27,54,0,52,3,181,56,10,61,48,0,6,49,0,168,16,0,11,0,13,10,0,0,11,15,22,4,45,9,19,0,36,0,20,0,5,15,0,0,3,0,2,0,11,57,5,4,313,0,0,0,61,9,16,4,0,49,65,1,0,0,8,0,15,6,5,45,34,0,22,57,37,93,0,2,6,0,5,0,2,0,5,23,0,0,0,5,0,53,0,0,16,52,4,17,2,0,2,1,0,411,10,0,0,0,3,0,2,0,2,0
"D525",0,0,0,0,0,0,0,0,0,0,0,0,0,0,0,0,0,0,0,0,0,0,0,0,0,0,0,0,0,0,0,0,0,0,0,0,0,0,776,0,0,0,0,0,0,0,0,0,0,0,0,0,0,0,0,0,0,0,4,0,0,0,0,0,0,0,0,0,0,0,0,0,703,0,0,0,0,0,0,0,0,0,10,0,0,35,0,0,0,0,0,0,0,0,0,0,0,149,86,0,0,0,0,0,0,0,0,2,0,0,0,0,0,0,953,0,1,10,0,0,0,12,0,0,0,0,0,0,0,0,0,9,0,0,0,0,0,0,443,0,0,0,0,0,0,0,0,0,0,0,0,0,0,0,0,0,0,0,3,0,0,0,0,0,0,0,0,0,0,0,0,92,0,0,0,0,0,0,0,0,0,0,0,0,0,0,3,0,0,2984,0,0,0,0,0,0,0,0,0,0,0,0,0,0,0,0,328,0,0,0,0,0,0,0,0,0,0,18,0,0,0,0,0,0,0,0,0,0,0,0,0,0,0,0,0,0,0,0,0,0,0,0,0,0,0,0,1918,0,22,0,0,0,0,0,0,0,0,0,0,6,0,0,0,1816,4,0,0,0,0,0,0,0,0,0,0,0,0,0,0,0,0,0,31,0,0,0,0,0,0,0,0,0,0,0,0,0,0,0,0,0,0,0,0,0,0,0,0,0,0,0,33,0,0,0,0,0,0,0,0,0,0,9,0,0,0,0,0,0,4,0,0,0,0,0,0,0,0,0,0,0,0,0,0,0,0,0,0,0,0,4,0,0,0,0,0,0,0,0,0,0,0,0,0,0,0,0,0,0,0,0,0,0,0,13,0,0,0,0,0,0,0,0,0,0,0,0,0,0,0,0,0,0,0,0,0,0,1,0,0,0,0,0,0,0,0,0,0,0,0,0,0,0,0,68,0,0,0,0,0,0,0,0,0,0,0,0,0,0,0,0,0,0,0,0,0,0,0,0,0,0,0,0,0,0,0,0,0,0,0,0,0,0,0,0,0,0,0,0,0,0,0,0,0,0,0,0,0,0,0,0,0,0,828,0,0,0,23,0,0,0,0,0,0,0,0,0,0,69,0,0,0,0,0,16,0,0,0,0,0,0,0,0,0,0,0,0,0,0,0,0,0,0,0,0,117,0,0,0,0,0,0,0,0,0,0,0,0,0,0,0,0,0,0,0,0,0,0,0,34,0,0,0,0,0,0,0,0,0,0,0,0,0,0,0,0,1654,251,0,0,6,0,0,0,0,0,515,0,0,0,0,0,0,0,0,0,0,0,0,0,0,0,0,0,0,0,0,0,57,0,0,0,0,0,0,0,6,441,0,0,1,105,0,0,0,0,0,0,0,0,0,0,0,0,0,1206,0,0,0,0,0,0,0,26,0,0,0,0,92,0,0,0,0,0,0,0,0,0,0,0,0,0,0,0,0,27,0,0,2,0,0,0,0,0,0,0,0,0,0,0,419,0,0,0,0,0,646,0,752,76,0,0,0,0,0,0,0,0,0,0,0,839,0,0,0,0,0,0,0,0,0,0,0,293,0,0,0,17,0,0,0,0,0,0,0,0,0,0,0,24,0,0,0,0,1,0,0,0,0,0,0,0,0,0,0,0,0,0,0,0,0,0,0,0,0,0,506,0,0,0,0,0,0,0,0,0,0,0,74,0,0,0,0,0,0,0,0,0,684,0,0,0,0,0,0,0,0,0,3,0,0,0,0,0,0,0,0,0,0,0,0,141,0,0,0,0,0,0,0,0,0,0,0,0,0,0,0,0,0,0,0,0,0,0,0,0,0,0,0,0,0,0,0,0,0,0,9583,0,6,0,0,0,0,0,0,0,0,1,0,0,0,0,0,0,0,0,0
"D526",2,0,0,0,0,0,0,0,0,0,0,0,0,0,0,0,0,0,0,0,0,0,0,0,0,0,0,0,0,2,0,0,0,0,0,0,0,0,0,0,0,0,0,0,0,0,5,0,0,0,0,0,0,0,0,0,0,0,0,0,0,0,0,0,0,0,0,0,0,0,0,0,0,0,0,0,0,0,0,0,0,0,0,0,0,0,0,0,0,0,0,0,0,0,0,0,0,0,0,0,0,0,0,0,3,0,0,0,0,7922,2,2,0,0,0,0,0,0,0,0,0,0,0,0,0,0,0,0,0,0,0,0,0,0,0,0,0,0,0,0,0,0,0,0,0,0,0,0,1,0,0,0,0,0,0,0,0,0,0,0,0,0,0,0,0,0,0,0,0,0,0,0,0,0,0,0,0,0,0,0,0,0,0,0,0,0,0,0,0,0,0,0,0,0,0,0,0,0,0,17,0,0,0,0,1,0,0,0,0,0,0,0,0,0,0,0,0,0,0,0,0,0,0,0,0,0,0,0,0,0,0,0,0,0,0,0,0,0,0,0,0,0,0,0,0,0,0,0,0,0,12,0,0,0,0,0,0,0,0,0,0,0,2,0,0,0,0,0,0,0,0,0,0,0,0,0,0,0,0,0,0,0,0,0,0,0,0,0,0,0,0,0,0,1,0,455,0,0,0,0,0,0,0,0,0,0,0,0,0,0,0,0,0,0,0,0,0,0,0,0,0,0,0,0,0,0,0,0,0,0,0,0,0,0,2,0,0,0,0,0,0,0,0,0,0,0,0,0,0,0,0,0,0,0,0,2,0,0,0,0,0,0,0,0,0,0,0,0,0,0,0,0,0,0,0,0,0,0,0,0,0,0,0,0,0,0,0,0,0,0,0,0,0,0,0,0,0,0,0,0,0,0,3,2,0,0,2,0,0,0,0,0,0,0,0,0,0,0,0,0,0,0,0,0,0,2,0,0,0,0,0,0,0,0,0,0,0,0,0,0,0,0,0,0,0,0,0,0,0,0,0,0,0,0,0,0,0,0,13740,0,0,0,0,0,0,0,0,0,0,0,0,0,0,0,0,0,0,18,0,0,0,0,0,0,0,28199,0,0,0,0,0,0,0,0,0,0,0,0,0,0,0,0,0,0,0,0,0,0,0,0,0,0,0,0,0,0,0,0,0,0,0,0,0,0,0,0,0,0,0,0,0,0,0,0,0,0,0,0,0,0,0,0,0,0,2,0,0,0,0,0,0,0,0,0,0,0,0,0,0,0,0,0,0,0,0,0,0,0,0,0,0,0,0,0,0,0,0,0,0,0,0,0,0,0,0,0,0,0,0,0,0,0,0,0,0,0,0,0,0,0,0,0,0,0,0,0,0,0,0,0,0,0,0,0,0,0,0,0,0,0,0,0,0,0,0,0,0,0,0,31,0,0,0,0,0,0,0,0,0,0,0,0,0,0,0,0,0,0,0,0,0,0,0,0,0,0,0,0,0,0,0,0,0,0,0,0,0,0,0,0,0,2,0,0,0,0,0,0,0,0,0,0,0,0,0,0,0,0,0,0,0,0,0,0,4,0,0,0,0,0,0,0,0,0,0,0,0,0,0,0,2,0,0,0,0,0,0,0,0,0,0,0,0,0,0,0,0,0,0,0,0,0,0,0,0,0,0,0,0,0,0,0,0,0,0,0,0,0,0,0,0,0,0,0,0,3,0,0,0,0,0,0,0,0,0,0,0,0,0,0,0,0,0,0,0,0,0,0,0,0,0,0,0,0,0,0,0,0,0,0,0,0,0,0,0,0,0,2,0,0,0,0,0,0,0,0,0,0,0,0,0,0,0,0,0,0,0,0,0,0,8,0,0,0,0,0,0,0,0,0,0,0,0,0,0,0
"D527",6,0,0,31,0,146,0,0,0,14,0,0,5,0,0,0,0,0,0,0,0,0,0,0,23,0,0,0,0,18,0,0,0,0,0,0,9,212,0,5,0,0,0,0,0,7,24,0,0,0,0,0,0,0,0,0,0,0,7,0,1,0,1,0,0,0,56,0,0,10,0,1,0,0,0,0,0,0,10,0,0,0,0,6,0,0,44,0,0,0,0,0,0,15,0,0,21,0,0,0,0,0,0,0,0,0,0,0,13,12,0,0,0,0,0,0,0,0,0,0,0,0,0,0,0,0,0,0,0,0,0,0,0,0,0,0,0,0,0,0,0,320,0,0,0,14,0,0,1199,0,326,0,0,0,0,0,0,366,0,0,1,9,0,0,0,0,0,5,0,0,0,0,0,68,0,0,0,0,260,0,0,0,0,0,0,52,0,0,0,0,0,0,0,0,226,0,0,0,0,0,0,7,0,0,0,0,0,0,0,0,0,0,0,0,4,0,0,0,0,0,0,0,0,0,0,2,7,0,0,0,10,0,0,0,0,756,0,2,0,0,0,0,0,0,0,0,0,0,0,0,35,0,0,16,0,0,0,16,0,0,0,0,1,0,0,0,0,11,0,4,0,0,9,0,0,0,0,0,0,0,0,0,0,0,0,0,0,0,0,0,0,0,0,0,0,0,0,12,0,0,0,0,0,396,112,0,0,0,0,0,0,0,0,0,12,0,0,0,0,0,0,0,0,0,0,0,0,0,0,0,0,0,172,0,0,0,0,0,0,0,3,0,0,12,0,0,0,0,0,0,0,0,0,0,0,0,28,0,0,0,0,0,0,0,3267,45,0,573,0,0,0,0,0,0,0,0,0,0,0,0,0,0,2,0,0,0,0,0,0,0,0,0,0,0,0,7,0,0,3,27,0,11,0,8,0,0,0,0,0,0,0,0,0,0,0,0,0,0,0,0,0,0,0,0,0,0,0,0,40,0,10,0,0,0,0,0,0,8,0,241,0,0,0,0,5,1254,0,0,0,2,0,0,0,0,0,0,0,0,0,0,0,0,39,0,0,0,67,0,0,0,0,7,0,0,0,0,0,11,0,0,0,0,0,13,0,9,0,0,0,0,3,4,52,0,0,0,161,4,0,0,0,0,0,0,0,0,0,21,0,0,0,0,0,0,0,0,3,0,0,0,0,6,0,0,0,0,17,0,0,0,0,587,26,0,0,0,0,0,0,0,0,0,0,0,42,0,0,0,0,71,0,0,0,0,0,0,0,0,0,0,0,41,0,0,0,0,0,59,0,36,0,0,0,0,0,0,97,0,0,0,0,0,0,0,0,0,0,0,0,0,0,0,0,0,0,10,0,0,0,0,0,0,0,0,0,0,0,0,34,4,0,0,3,0,0,0,0,0,0,0,0,0,22,0,0,0,0,0,22,0,157,4,0,0,0,0,0,0,0,0,21,0,66,0,0,0,0,0,2,0,0,0,0,0,0,0,13,1,0,0,0,0,0,0,0,0,0,0,0,887,0,208,0,0,0,0,0,0,0,0,0,0,0,0,0,0,0,0,3,0,0,0,0,157,0,0,0,0,0,0,18,0,5,0,0,3,0,0,0,0,0,0,0,0,0,0,0,0,0,0,0,0,0,7,0,0,0,644,0,0,4,3,0,0,0,0,0,0,0,0,0,0,0,0,7,0,0,0,0,0,0,0,0,3,0,0,0,0,0,0,0,0,0,0,0,0,0,0,0,0,0,2,0,236,0,0,0,0,0,0,0,0,0,0,36,0,0,0,0,0,0,0,0,0,0,0,0,11,0,0,0,0,0,0,0,0,0,0,0,0,0,0,0,0,169,0,0,0,0,0,0,0,0,0,0,0,0,0,0,0,0,0,0,130,0,0
"D528",0,0,0,0,0,0,0,0,0,0,0,0,0,0,0,0,0,0,0,0,0,0,0,0,0,0,0,0,0,0,0,0,0,0,0,0,0,0,0,0,0,0,0,0,0,0,0,0,0,0,0,0,0,0,0,0,0,0,0,0,0,0,0,0,164,0,3,0,0,0,0,0,0,0,0,0,0,0,0,0,0,0,0,0,0,0,0,0,0,0,0,0,0,0,0,0,0,0,0,0,0,0,0,0,0,0,0,0,0,0,0,0,0,0,0,0,0,0,0,0,0,0,0,0,0,0,11,0,0,0,0,0,0,0,0,0,0,0,0,3,0,0,0,0,0,0,0,0,9,0,0,0,0,0,0,0,0,0,0,0,0,0,0,0,0,0,0,0,0,0,0,0,0,0,0,0,0,0,0,0,0,0,0,0,0,8,0,0,0,3,0,7,0,0,0,0,3,0,0,0,0,0,0,0,0,0,0,0,0,0,0,0,0,0,0,0,0,0,0,0,0,0,0,0,0,0,0,0,0,0,0,0,0,0,0,0,0,0,0,0,0,0,0,0,0,0,0,0,0,0,0,0,0,3,0,0,0,0,0,0,0,0,0,0,0,0,0,0,0,0,0,0,0,4,0,0,0,0,0,0,0,0,2,0,0,0,0,0,0,0,0,0,0,0,0,0,0,0,0,0,0,0,0,0,0,0,0,0,2,0,0,0,0,0,0,0,0,0,0,0,0,0,0,0,0,0,0,0,4,0,0,0,0,0,0,0,0,0,0,0,9,0,0,2,0,0,0,0,0,0,0,0,0,0,0,3,0,0,0,0,0,0,0,0,0,0,0,4,0,0,0,0,0,0,0,0,0,0,0,0,0,0,0,0,0,0,0,0,0,0,0,0,0,0,0,0,0,0,0,0,0,0,0,0,0,0,0,0,0,0,0,0,0,0,0,0,0,0,0,0,0,0,0,0,0,0,0,0,0,0,0,0,0,0,0,0,0,0,0,0,0,0,0,0,0,0,0,0,0,0,0,0,0,0,0,0,0,0,0,0,0,0,0,0,0,0,0,0,0,0,0,0,0,0,0,0,0,0,0,0,0,0,0,0,0,0,0,0,0,0,0,0,0,0,0,0,0,0,0,0,0,0,0,0,0,0,0,0,0,0,0,0,0,0,0,0,0,0,0,0,0,0,0,0,0,0,0,0,0,0,0,0,0,0,0,0,0,0,0,0,0,0,0,0,0,0,0,0,0,0,0,0,0,0,0,1243,0,0,0,0,0,0,0,0,0,0,0,0,0,0,0,0,0,0,0,0,0,462,0,0,0,0,0,0,0,0,0,0,0,0,0,0,0,5,0,0,0,0,0,0,0,0,0,0,0,0,0,0,0,0,0,0,0,0,0,0,0,0,0,0,0,0,10,0,0,0,0,0,0,0,0,0,0,0,0,0,0,0,0,0,0,0,0,0,0,0,0,0,0,0,0,0,0,0,0,0,0,0,0,0,0,0,0,0,0,0,0,6815,0,0,0,0,0,0,0,0,0,5,0,0,0,0,0,0,0,0,0,0,0,0,0,0,0,0,0,0,0,0,0,0,0,0,0,0,0,0,0,0,0,0,0,0,0,0,0,0,0,0,0,0,0,0,0,0,0,0,0,0,7,0,0,0,0,0,0,0,0,0,0,0,0,0,0,0,0,0,0,0,0,0,0,0,0,0,0,0,0,0,0,0,0,0,0,5970,0,0,0,0,0,0,0,0,0,0,0,0,0,0,0,0,0,0,0,0,0,0,0,14,0,0,0,0,0,0,0,0,0,0,0,0,0,0,0,0,0,0,0,0,0,0,0,0,0,0,0,0,0,0,0,0,0,0,0,0,0,0,1,0,0,0,0,0,0,0,0,0
"D529",0,0,0,0,0,0,0,0,0,0,0,0,0,0,0,0,0,6,0,0,10,0,0,0,0,0,0,0,10,0,0,0,0,0,0,0,0,0,0,0,0,0,0,0,0,0,0,337,0,0,0,0,0,0,0,0,0,0,0,0,62,0,0,0,231,0,0,0,5,0,0,0,0,0,0,0,0,0,0,0,0,0,0,0,0,0,0,0,4,0,0,0,0,0,0,0,0,0,0,0,0,0,0,0,0,0,0,5,0,0,0,0,0,0,437,0,1,0,0,0,0,850,0,0,0,0,63,0,0,0,0,0,0,0,0,0,0,0,0,44,0,0,0,0,0,0,0,0,0,0,0,0,0,0,0,0,0,0,0,0,0,0,0,0,0,0,0,0,0,0,0,5,0,0,0,0,0,0,0,0,0,0,0,0,0,0,13,0,0,0,0,0,57,0,0,0,0,0,0,0,0,0,0,0,46,0,0,0,0,0,0,0,0,0,0,0,0,0,0,0,0,0,0,0,0,0,0,0,0,0,0,0,0,0,0,0,0,0,0,0,0,0,0,0,0,0,0,0,0,0,0,0,0,0,3,0,0,0,0,0,0,0,1,74,0,0,0,0,0,0,0,0,0,388,0,0,0,0,0,0,0,0,0,0,0,0,0,0,0,0,0,0,0,0,0,0,0,0,0,0,0,0,0,0,0,0,0,0,0,0,0,0,0,0,0,79,0,0,0,0,0,0,0,0,0,0,0,0,0,0,0,0,0,4,0,0,0,0,0,0,0,0,0,0,0,0,0,0,0,0,0,0,0,0,0,0,0,0,0,0,0,0,0,0,0,0,0,0,0,0,0,0,0,0,0,0,0,0,0,0,0,0,0,0,0,0,0,0,0,0,0,0,0,0,0,0,6,0,0,0,0,0,0,0,0,0,4,0,0,62,0,11,2,0,0,0,0,0,0,0,0,0,0,0,0,0,0,0,0,6,0,0,0,0,0,0,0,0,0,0,0,0,0,0,0,0,10,0,0,0,0,0,0,0,0,0,0,0,0,0,0,0,0,0,0,0,0,0,0,0,0,0,0,0,0,0,0,0,0,0,0,0,0,0,0,0,0,0,0,0,0,0,0,0,0,0,0,0,0,0,0,0,0,0,0,125,0,0,0,0,0,0,0,0,0,0,0,0,0,0,0,0,0,0,0,0,0,0,0,0,0,0,0,0,0,0,0,0,0,204,0,0,0,0,0,0,0,0,0,0,0,0,0,0,0,67,0,44,0,0,0,0,0,0,0,0,0,0,0,0,0,0,0,0,0,0,0,334,0,0,0,0,0,0,0,0,0,0,0,0,0,0,0,10,0,0,0,0,0,0,0,0,0,0,0,0,0,0,0,0,0,0,0,0,0,0,0,0,0,0,0,0,10,0,0,0,0,0,0,0,51,0,0,0,0,0,0,0,0,0,0,0,0,0,0,0,0,0,0,0,0,0,0,0,0,0,0,0,0,0,0,0,0,0,0,0,0,2266,0,0,0,0,0,0,0,0,3,26,0,0,0,0,0,0,0,0,0,0,0,394,339,0,0,0,0,0,0,0,0,0,0,0,0,0,0,0,0,0,2,0,0,0,0,0,0,0,0,0,0,0,0,0,0,0,0,0,0,0,0,0,0,0,0,0,0,0,0,0,0,0,0,1,0,0,0,0,0,0,0,0,0,0,0,0,0,0,0,0,0,0,0,0,0,531,0,0,0,0,0,0,0,0,0,0,0,0,0,0,0,0,0,0,0,0,0,0,0,7,0,0,0,0,0,0,0,0,0,0,75,0,0,0,0,1,0,0,0,0,0,0,0,0,0,0,0,0,0,0,0,0,0,0,0,0,6,0,0,0,0,0,0,0,0,0,0,0
"D530",0,0,10,22,21,33,9,0,5,0,0,6,88,0,0,0,0,0,0,0,0,0,0,0,0,0,0,0,0,20,46,0,13,3,0,0,0,452,0,0,0,1,0,0,0,3,19,0,0,2,0,0,0,0,0,0,0,0,0,0,0,0,2,0,2,0,1403,0,131,0,0,1,0,33,0,2,0,0,0,0,0,0,0,36,0,0,141,0,0,0,0,0,0,4,0,0,0,0,0,0,4,0,0,0,0,0,3,0,55,0,0,6,0,0,0,0,0,0,0,19,0,0,0,0,0,49,0,0,0,0,0,0,0,0,0,0,0,0,0,0,0,1592,0,0,0,0,0,2,908,0,383,0,0,0,11,0,1,862,0,0,13,0,0,2,0,0,0,0,10,0,2,0,4,31,0,1,0,0,1562,38,3,0,0,0,0,52,0,0,3,0,0,9,0,0,116,0,0,9,0,0,0,0,0,0,0,8,0,5,0,0,0,7,0,0,2,0,57,0,0,0,0,0,0,0,0,0,0,0,3,16,7,0,0,2,0,575,3,0,4,0,0,0,0,0,0,0,0,0,0,0,7,0,0,2,0,0,0,0,0,0,0,0,0,0,0,0,4,0,0,0,0,256,0,0,0,0,0,7,2,0,0,0,0,0,0,0,2,0,0,0,2,0,0,17,0,0,0,5,0,49,0,0,4,606,304,0,3,0,0,0,0,0,0,0,0,0,81,3,0,0,0,0,0,0,0,0,0,0,0,0,0,0,5661,0,0,13,19,0,0,0,0,0,0,127,0,0,0,0,0,0,0,0,0,0,0,0,6,0,0,0,0,0,3,0,10101,24,0,340,4,0,6,3,0,0,0,0,0,0,0,0,0,0,0,0,0,0,0,0,12,0,0,14,2,0,0,0,0,141,100,37,0,0,5,18,3,0,0,0,3,8,0,0,0,3,0,0,0,1,0,0,0,1,0,0,17,7,0,0,10,0,49,0,0,2,0,5,0,1,0,41,6,2,10,0,0,354,0,0,0,1,0,0,0,2,0,0,0,0,0,0,2,6,6,0,1,0,111,0,0,7,9,0,0,2,0,0,0,23,0,0,4,38,0,0,0,28,0,0,3,0,12,0,0,0,0,0,560,0,0,2,0,0,0,0,30,0,0,0,5,0,9,4,0,2,0,0,4,11,0,0,2,0,0,0,0,3,0,0,0,0,0,60,1069,0,0,21,0,0,0,0,2,0,0,0,1,0,0,0,30,315,2,0,0,27,0,0,0,0,2,0,0,0,5,0,0,0,0,7,0,77,0,15,3,6,2,0,210,0,0,0,0,0,0,0,6,0,0,0,0,0,10,0,6,0,0,0,0,0,0,0,0,10,8,0,10,0,0,0,0,0,12,0,31,0,0,0,0,0,0,0,0,0,0,0,0,1,0,0,0,0,0,0,0,0,0,0,0,0,4,0,131,0,131,0,0,0,8,305,4,0,0,0,0,0,0,0,692,1,0,0,0,0,0,0,0,0,0,0,0,100,0,541,0,0,0,0,13,0,0,0,0,0,0,28511,6,0,0,0,0,0,0,0,0,12,0,0,0,29,0,0,0,0,0,2,0,0,2,0,0,0,0,0,6,0,0,0,0,0,0,0,4,0,0,0,0,56,0,0,20,0,1,10,0,0,0,0,0,0,0,0,0,0,20,3,3,6,0,0,0,0,0,0,0,0,0,9,0,0,0,0,0,1536,0,0,2,20,0,6,0,0,0,0,0,272,0,0,0,14,0,0,0,0,30,22,10,0,0,0,4,0,0,0,0,0,1,5,36,0,0,0,0,0,2,0,5,0,0,0,0,0,0,5,0,0,478,0,2,0,0,0,19,0,6,0,0,47,0,1,0,0,3,7,0,46,0,0
"D531",0,0,0,0,0,0,0,0,0,0,0,0,0,0,0,0,0,0,0,0,0,0,0,0,0,0,0,0,0,0,0,0,0,0,0,0,0,0,0,0,0,0,0,0,0,0,0,0,0,0,0,0,0,0,0,0,0,0,0,0,0,0,0,0,0,0,0,0,0,0,0,0,0,0,0,0,0,0,0,0,0,0,0,0,0,0,0,0,1,0,0,0,0,0,0,0,0,0,0,0,0,0,0,0,0,0,0,0,0,0,0,0,0,0,0,0,0,0,0,0,0,0,0,0,0,0,0,0,0,0,0,0,0,0,0,0,0,0,0,0,0,0,525,0,0,0,0,0,0,0,0,0,0,0,0,0,0,0,0,0,0,0,0,0,0,0,0,0,0,0,0,0,0,0,0,0,0,0,0,0,0,0,0,0,0,0,0,0,0,0,0,0,0,0,0,0,0,0,0,0,0,0,0,0,0,0,0,0,0,0,57,0,0,0,0,0,0,0,0,0,0,0,0,0,0,0,0,0,0,0,0,0,0,0,0,0,0,0,0,0,0,0,0,0,0,0,0,0,0,0,0,0,0,0,0,0,0,0,0,0,0,0,0,0,0,0,0,0,0,0,0,0,0,0,0,0,0,0,0,0,0,0,0,0,0,0,0,0,0,0,0,0,0,0,0,0,0,0,0,0,0,0,0,0,0,0,0,0,0,0,0,0,0,0,4,0,0,0,0,0,0,0,0,0,0,0,0,0,0,0,0,0,0,0,0,0,0,0,0,0,0,0,0,0,0,0,0,0,0,0,0,0,0,0,0,0,0,0,0,0,0,0,0,0,0,0,0,0,0,0,0,0,0,0,0,0,0,0,0,0,0,0,0,0,0,0,0,0,0,0,0,0,0,0,0,0,0,0,0,0,0,0,0,0,0,0,0,0,0,0,0,0,0,0,0,0,0,0,0,0,0,0,0,0,0,0,0,0,0,0,0,0,0,0,0,0,0,0,0,0,0,0,0,0,0,0,0,28,0,0,0,0,0,0,0,0,0,0,0,0,0,0,0,0,0,0,0,0,0,0,0,0,0,0,0,0,0,0,0,0,0,0,0,0,0,0,0,0,0,0,0,0,0,0,0,0,0,0,0,0,0,0,0,0,0,0,0,0,0,0,0,0,0,0,0,0,0,0,0,0,0,0,0,0,0,0,0,0,0,0,0,0,0,0,0,0,0,0,0,0,0,0,0,0,0,0,0,0,0,0,0,0,0,0,0,0,0,0,0,0,0,0,0,0,0,0,0,0,0,0,0,0,0,0,0,0,0,0,0,0,0,0,0,0,0,0,0,0,0,0,0,0,0,0,0,0,0,0,0,0,0,0,0,0,0,0,0,0,3650,0,0,0,0,0,0,0,0,0,0,0,0,0,0,0,0,0,0,0,0,0,0,0,0,0,0,0,0,0,0,0,0,0,0,0,0,11,0,0,0,0,0,0,0,0,0,0,0,0,0,0,0,0,0,0,0,0,0,0,0,0,0,0,0,0,0,0,0,0,0,0,0,70,0,0,0,0,0,0,0,0,0,0,0,0,0,0,0,0,0,0,0,0,2,0,0,0,0,0,0,0,0,0,0,0,0,0,0,0,0,0,0,0,0,0,0,0,0,3,0,0,0,0,0,0,0,0,0,0,0,0,0,0,0,0,0,0,0,0,0,0,0,0,0,0,0,0,0,0,0,0,0,0,0,0,0,0,0,0,0,0,0,0,0,0,0,1061,0,0,0,0,0,0,0,0,0,0,0,0,0,0,0,0,0,0,0,0,0,0,0,0,0,0,0,0,0,0,0,0,0,0,0,0,0,0,0,0,0,0,0,0,0,0,0,0,0,0,0,0,0,0,0,0,0,0,0,0
"D532",0,0,0,155,52,0,0,4,0,0,4,357,0,0,11,0,0,0,8,0,21,19,4,5,668,33,10,0,3,0,0,2,3,0,29,0,4,0,0,0,10,10,0,0,835,0,0,0,17,21,17,0,22,11,80,0,0,0,30,5,0,1,0,79,0,33,0,7,15,6,1,8,0,16,42,0,9,0,0,0,14,24,0,0,14,32,0,0,8,0,0,0,0,1,0,34,19,0,0,33,17,0,0,79,476,0,0,0,2,0,0,45,17,0,0,0,0,2,29,0,0,0,4,2,4,3,4,21,0,12,2,0,3,0,43,53,0,46,0,0,97,0,0,0,54,500,4,47,0,36,0,3,128,4,0,10,0,0,0,0,346,0,0,4,70,0,48,13,5,1,0,29,0,0,0,0,4,0,0,0,21,2,0,98,6,0,0,20,0,0,45,0,0,0,0,0,0,0,3,0,12,0,6,0,0,0,0,61,26,0,13,0,32,0,9,0,0,7,0,15,0,101,9,20,0,5,0,4,0,1,3,7,8,0,0,0,0,0,66,8,0,36,5,69,38,15,0,0,17,0,2,19,13,0,0,4,37,17,0,45,0,65,0,0,0,1,0,0,32,1,30,0,109,7,6,10,12,10,64,3,22,0,0,2,7,9,2,99,0,34,0,11,13,90,5,0,2,0,0,57,0,0,3,0,0,0,10,13,63,11,0,6,0,1,0,0,6,0,31,18,17,0,7,8,0,12,0,44,0,0,1,0,0,1,0,0,0,17,0,0,0,0,4,0,3,6,45,110,0,0,2,0,0,0,49,21,61,393,0,0,0,0,0,9,0,0,91,0,0,19,121,0,30,0,0,25,0,66,13,13,19,0,0,0,40,1,27,19,0,77,46,0,45,0,33,21,0,299,0,0,20,8,0,0,0,0,6,6,0,0,34,11,0,0,8,17,89,0,3,17,7,0,0,120,18,0,0,0,0,0,26,0,0,107,8,0,12,7,45,0,0,4,0,18,4,0,0,0,0,0,34,0,2,6,11,42,6,0,0,0,3,8,100,9,189,49,0,23,0,1,20,194,0,6,22,0,0,0,16,0,0,111,3,0,10,0,4,0,26,0,112,33,0,0,0,7,0,0,2,0,10,17,79,8,0,2,133,0,57,0,0,2,0,0,0,0,0,0,3,0,0,0,0,0,4,67,0,6,2,40,1,0,0,94,0,49,17,6,0,0,0,0,67,0,148,8,18,0,1175,0,0,0,0,0,6,0,4,78,3,3,0,63,56,0,0,0,108,0,95,0,3,0,0,0,53,29,0,0,80,13,0,2,12,110,0,38,29,0,0,5,0,21,0,0,3,21,0,0,0,22,0,0,485,0,2,1,13,18,0,0,8,11,0,74,0,6,13,9,98,0,0,7,4,0,0,4,4,0,68,0,0,0,0,2,1,2,4,58,8,71,0,19,0,6,0,0,123,0,0,4,13,0,33,0,0,1439,0,2,89,0,0,0,0,0,0,0,33,0,0,0,52,0,20,0,51,66,0,1,120,190,0,0,16,0,138,12,0,0,0,9,0,9,0,0,0,14,0,699,0,34,23,0,0,0,0,7,5,0,0,58,0,63,0,3,0,0,7,26,0,17,70,9,0,0,0,0,48,0,0,38,402,471,12,100,0,0,17,6,1,9,10,0,0,13,0,0,1,0,9,13,0,0,98,9,0,0,63,0,63,0,0,0,0,0,3,2,0,0,0,25,25,0,202,0,0,0,4,7,84,13,0,26,264,0,0,0,67,7,0,9,0,30,0,5,0,183,260,0,38,7,17,3,0,0,4,40,0,50,0,0,0,2,105,88,0,0,0,42,5,13,0,0,8,0,0,578,0,0,0,27,7,0,1,0,12,0
"D533",10,18,0,26,0,0,0,3,0,0,0,17,0,0,0,17,0,0,3,4,3,117,0,0,25,29,0,192,3,0,0,0,250,5,0,15,0,0,0,0,47,9,59,4,35,0,7,0,0,5,11,0,8,9,10,2,0,5,0,17,12,0,0,8,5,21,0,2,14,4,5,0,0,12,0,0,6,0,0,185,45,0,0,0,2,25,0,0,0,5,0,0,0,0,0,7,0,0,0,5,284,0,0,35,2,0,0,0,0,0,0,137,3,0,0,0,0,0,0,0,0,0,2,0,0,2,2,0,1,0,0,0,4,1,11,0,8,1,0,0,6,0,0,0,36,268,2,5,0,49,0,5,5,0,0,3,3,0,0,4,0,0,2,0,161,9,13,8,0,0,22,0,8,0,11,77,0,0,0,22,8,1,5,37,0,0,0,0,0,0,2,0,0,0,0,0,0,39,2,0,57,0,0,5,0,0,0,15,10,10,18,0,6,0,16,23,0,0,0,5,0,65,0,13,183,0,0,0,12,0,0,3,0,5,0,0,0,0,257,2,0,0,37,0,317,3,0,0,0,0,7,9,2,0,0,0,0,38,0,0,0,19,6,0,0,0,0,0,5,0,14,4,0,0,0,0,2,0,3,4,15,12,0,1,1,63,18,22,3,6,0,1,0,13,0,3,35,0,2,5,12,1,0,0,0,38,5,3,7,0,0,11,0,0,2,0,5256,1,0,62,0,0,28,30,0,12,10,0,0,0,0,7,5,4,0,0,835,12,25,0,0,1,5,0,19,22,5,6,0,0,0,0,17,2,0,0,3,10,0,0,53,0,0,0,0,3,4,4,36,0,0,3,0,0,8,3,48,3,2,7,16,211,0,0,0,0,0,0,0,443,14,0,2,0,2,5,0,889,0,0,3,0,0,0,0,0,0,30,0,2,168,4,0,0,25,2,4,0,14,17,6,0,6,3,41,3,0,6,0,0,78,0,5,37,2,0,0,7,84,0,0,74,0,13,0,0,0,0,5,0,3,339,11,4,7,16,5,0,0,0,0,19,17,4,18,9,13,2,6,4,0,79,0,0,5,13,0,0,26,0,0,6,2,0,0,0,6,0,62,14,329,0,0,0,0,3,0,0,0,5,2,0,12,0,0,0,21,0,14,10,0,108,85,0,0,118,2,0,68,9,14,29,7,44,0,20,0,0,4,297,0,2,0,6,0,10,0,0,0,0,20,6,0,0,28,0,3,7,254,0,25,13,13,0,5,0,0,0,0,1,0,175,14,0,0,0,17,0,49,0,24,0,1,19,10,18,0,0,7,6,3,0,0,36,0,0,11,0,72,4,5,0,0,70,3,0,0,7,0,0,0,0,42,8,0,4,0,0,0,0,0,6,0,22,0,6,9,0,16,0,0,3,0,0,9,28,0,0,0,0,2,0,488,0,0,3,3,2,13,2,0,34,0,0,0,0,75,0,0,7,12,0,0,12,0,32,0,0,14,0,15,0,3,24,0,0,9,0,0,0,0,0,56,0,6,0,14,2,0,25,0,0,2,0,4,0,1,0,0,3,0,0,0,0,0,0,0,955,478,0,35,5,0,22,0,1,80,16,0,15,3,44,36,0,0,0,2,2,0,155,5,16,179,0,0,10,975,0,0,28,21,0,27,49,7,0,0,0,0,0,8,23,6,13,0,22,5,0,4,4,0,2,2,0,0,0,86,0,9,0,10,10,2,0,5,11,3,3,1,211,22,17,14,0,0,0,30,4,149,37,0,5,155,0,0,0,8,0,0,22,52,0,243,0,0,116,36,0,3,9,0,0,0,0,3,12,2,15,0,0,1,0,0,0,0,0,6,6,14,13,0,0,3,0,21,652,0,2,0,0,11,0,0,13,7,0
"D534",0,0,0,0,0,0,0,0,0,0,3,0,0,0,6,0,2,5,2,15,5,17,0,0,10,2,0,0,5,0,0,0,0,0,2,0,5,0,18,0,0,0,0,0,15,0,16,346,0,0,0,0,2,0,3,2,0,0,7,0,0,10,0,3,16,0,0,84,0,3,0,0,20,0,0,0,0,0,0,0,0,0,264,0,0,18,0,9,0,6,0,0,0,0,0,0,0,52,6,0,0,0,0,2,16,0,0,425,0,0,0,1,0,0,314,10,25,26,2,0,0,13,16,8,2,0,6,11,2,0,2,1,3,11,4,8,4,0,325,1,0,0,0,0,0,0,0,0,0,0,0,0,0,0,0,0,0,0,11,0,0,0,0,9,0,0,0,0,0,0,0,809,0,0,0,0,0,2,0,2,1,18,0,2,0,0,7,0,0,9,0,0,0,0,0,15,20,0,0,2,6,0,2,0,0,0,7,0,0,0,0,0,0,63,0,0,0,3,61,0,0,3,2,2,0,0,0,0,0,0,0,0,2,0,0,0,0,0,0,26,0,2,0,0,0,4,0,8,4,159,16,0,0,1,13,0,0,0,0,0,2,0,0,246,220,2,0,0,9,2,0,0,0,12,0,0,0,0,4,0,2,0,6,0,0,0,0,3,0,0,0,0,0,0,9,0,0,0,0,0,0,3,0,0,0,0,0,5,17,0,133,0,0,0,0,1,2,0,0,0,0,30,0,0,7,0,0,2,9,0,11,0,0,12,0,2,0,0,0,0,0,42,1,0,0,0,0,0,0,10,10,0,7,0,0,7,0,5,0,0,0,0,0,0,0,0,0,3,1,5,1,0,6,2,0,6,0,0,0,0,0,0,0,0,4,0,0,0,0,0,0,0,0,0,0,0,299,38,0,0,18,0,0,3,0,0,0,0,0,0,0,26,14,0,0,0,3,0,19,2,2,0,0,8,0,11,0,0,0,7,0,0,0,3,0,0,0,0,0,0,0,0,0,0,0,0,4,0,0,0,4,0,0,0,0,0,0,0,0,0,0,0,2,1,1,5,28,1,0,0,0,0,117,3,0,0,9,4,2,0,0,4,0,6,0,9,0,0,0,0,0,2,0,3,0,0,0,0,0,0,0,0,0,56,0,0,0,0,2,0,0,0,0,0,7,0,0,0,0,0,0,0,0,0,4,0,0,0,0,26,0,0,0,0,10,0,0,17,21,0,0,0,15,2,5,2,0,3,14,0,0,0,0,12,0,659,33,10,2,0,3,2,2,0,4,0,0,0,0,0,0,0,0,0,3,0,0,994,0,0,4,0,0,0,0,3,0,0,0,0,0,4,0,0,0,0,683,0,0,6,192,0,3,0,2,1,1,0,0,0,0,0,0,3,583,0,0,0,2,5,0,0,6,0,0,0,19,169,0,0,0,0,0,0,10,14,0,0,0,0,0,0,0,2,2,0,0,6,0,0,0,0,7,0,0,0,0,0,43,1154,0,0,0,0,0,486,0,2330,0,0,0,0,0,0,0,0,5,1,9,0,0,0,0,0,0,2,0,6,0,8,53,0,15,0,0,0,0,17,0,0,0,0,0,0,11,0,0,0,6,3,0,0,0,68,0,0,0,0,0,2,2,0,0,0,27,0,0,0,0,0,0,8,0,2,0,3,2,0,0,0,0,0,0,0,0,0,2,11,5,0,0,0,0,0,0,0,52,557,4,0,0,0,0,1228,0,3,0,1,3,0,0,0,9,0,14,0,0,0,3,0,21,0,18,0,0,10,3,3,0,0,0,2,0,14,0,0,0,0,11,0,4,3,0,7,0,0,0,0,10,2,0,0,13,2,0,244,0,4,0,0,0,16,0,4,3,8,0,0,0,5,0,0,0,0,0,0
"D535",10,0,4,0,0,0,0,4,0,2,0,0,0,0,0,0,0,0,0,0,0,0,0,0,0,0,0,0,0,0,0,0,17,0,0,0,0,0,0,0,0,0,0,0,0,0,0,0,0,0,0,0,0,0,0,0,0,0,0,0,0,0,0,0,1,0,0,13,0,0,0,0,0,0,0,0,0,0,0,0,0,0,0,38,0,0,0,0,0,2,0,0,0,0,0,0,0,0,0,0,0,0,0,0,0,0,0,0,0,0,0,0,0,0,0,0,0,0,0,0,0,0,0,0,0,2,0,0,0,0,0,0,6,0,0,0,0,0,0,0,0,0,0,565,0,0,0,0,0,0,0,0,0,0,261,0,0,0,0,0,0,0,0,0,0,0,0,0,0,0,0,0,0,0,0,0,0,0,0,0,0,0,0,0,0,0,0,0,0,0,0,0,0,0,0,0,4,0,0,143,0,0,0,0,0,0,0,0,0,0,0,0,0,0,0,0,0,0,0,0,0,0,0,0,0,0,0,0,0,0,115,0,0,0,0,0,0,0,0,0,0,0,0,0,0,0,0,8,0,0,634,0,0,0,0,0,0,0,0,0,0,0,0,0,0,0,0,0,0,0,0,0,0,0,0,0,0,0,0,0,0,0,0,0,0,0,0,0,0,0,0,0,0,0,0,0,0,13,0,0,0,7,7,0,0,0,0,0,0,0,0,0,0,0,2,0,0,0,3,0,0,0,0,0,0,0,0,0,0,0,0,0,0,0,51,0,0,0,4,58,0,0,0,3,0,0,0,0,0,0,0,0,0,0,0,54,0,0,0,764,0,0,0,0,0,0,0,0,0,0,0,0,0,0,0,0,0,0,0,0,7,0,0,0,0,11,0,0,19,0,0,0,0,0,0,0,0,0,0,0,0,0,0,0,0,0,172,0,2,0,0,0,0,5,0,0,0,15,16,0,0,7,0,0,0,552,0,0,0,0,0,0,0,0,0,0,0,0,0,0,0,0,0,0,0,0,0,0,0,11,0,0,0,0,0,0,0,0,11,0,0,0,0,0,0,0,0,0,0,10,0,0,0,0,0,0,0,216,0,0,0,0,0,561,0,0,0,0,0,0,0,0,0,0,0,0,0,0,0,48,0,0,0,0,106,0,0,0,0,0,0,0,0,0,0,0,0,0,0,0,0,0,0,0,0,0,0,0,0,0,0,3,12,0,0,0,0,0,15,0,0,0,0,0,0,0,0,0,0,0,0,0,0,0,1,0,0,0,0,0,0,0,0,0,0,65,0,0,0,0,0,0,0,0,0,0,0,0,0,0,38,0,0,0,1,0,0,0,0,0,0,0,1,0,0,0,0,0,0,0,0,0,0,0,0,0,58,0,0,0,5,0,0,0,0,0,0,0,0,0,0,0,0,0,0,0,0,0,0,409,130,0,0,0,0,0,0,0,0,0,0,0,0,0,0,0,0,281,0,0,0,0,0,0,0,0,2,0,0,0,0,18,0,0,0,0,0,0,0,0,0,0,0,0,0,0,0,0,0,0,0,0,0,0,0,0,0,2,4,0,0,0,0,0,0,0,0,0,0,0,0,0,0,0,0,0,0,0,0,0,0,0,0,0,0,228,0,0,0,0,0,0,0,0,0,0,0,157,0,0,15,0,0,0,0,0,0,0,0,0,0,0,0,0,26,0,0,0,0,0,0,0,0,9,0,4,0,0,0,0,0,0,0,0,0,0,0,20,0,0,0,6,0,0,0,5,0,0,0,0,0,0,1,0,0,0,0,0,0,0,0,0,0,0,0,0,0,12,0,0,0,0,0,0,0,0,0,0,0,0,0,0,0,0,0,0,0,0,0,0,0,0,0,0,0,0,0,7,0,0,0,0,0,16,0,0
"D536",0,0,0,0,0,0,0,0,0,0,0,0,0,0,0,0,2,0,0,0,0,0,0,0,0,0,0,0,0,0,0,0,0,0,0,0,0,0,0,0,0,0,0,0,0,0,0,0,0,0,0,21,0,0,0,0,0,0,16,0,0,0,0,0,2,0,0,0,3,0,0,5,0,0,0,0,0,0,0,0,0,0,0,0,0,8,0,0,0,0,0,0,0,0,0,0,0,0,39,0,0,163,0,0,0,2,0,0,0,0,0,0,0,0,7,0,1,0,0,0,0,4,0,0,0,0,0,0,0,0,0,5,37,0,0,0,0,0,2,4,0,0,0,0,0,0,0,0,0,0,0,0,0,0,0,0,0,0,0,0,0,0,0,0,0,0,0,0,0,0,0,167,0,0,0,0,0,90,0,0,0,0,0,0,0,0,0,0,0,6,0,0,2,0,0,1,0,0,0,0,0,0,0,0,223,0,0,0,0,0,0,0,0,5,0,0,56,0,73,0,0,0,0,0,0,0,0,0,0,0,0,0,0,0,0,0,0,0,0,0,0,0,0,0,0,0,0,0,2,0,0,0,0,2,26,0,0,0,0,0,0,0,0,26,0,0,0,0,0,0,0,0,0,13,0,0,0,0,0,0,0,0,215,0,0,0,0,0,0,0,0,0,0,0,0,0,0,0,0,0,0,0,0,0,0,0,0,0,0,0,0,0,0,0,0,58,0,0,0,0,0,0,0,0,0,0,0,0,0,0,0,0,0,0,0,0,0,0,0,0,0,0,0,0,0,0,0,0,0,0,0,0,0,0,0,0,0,0,0,0,0,0,0,0,0,0,0,0,0,0,0,0,0,3,0,0,0,0,0,0,0,0,0,0,0,0,0,0,0,0,0,0,0,0,0,0,0,0,0,0,0,0,0,0,0,15,45,0,0,0,0,229,1,0,0,0,0,0,0,0,0,0,0,0,0,0,0,0,0,0,0,0,0,0,0,0,0,0,0,0,0,0,0,0,0,0,7,0,0,0,0,0,0,0,0,0,0,0,0,0,0,0,0,0,0,0,0,0,0,0,0,0,0,0,0,0,0,0,0,0,0,0,0,0,0,0,0,0,0,0,6,0,0,0,0,0,0,0,0,0,0,0,2,3,0,5,0,0,0,0,0,0,0,0,0,0,0,0,0,0,0,0,0,0,0,0,0,0,0,0,0,0,0,0,0,0,0,0,0,67,0,0,0,0,0,0,0,0,0,0,0,0,0,0,0,0,0,18,0,0,0,0,0,0,0,0,0,0,0,0,0,0,0,0,0,0,0,2318,0,0,0,0,0,0,0,0,0,9,0,0,0,0,0,0,0,0,111,0,0,0,0,0,0,0,0,0,0,0,0,0,2,0,0,0,32,0,0,0,0,0,0,0,0,0,0,0,0,0,0,0,0,0,0,0,7,0,0,0,0,0,0,0,0,0,0,0,0,2,0,0,0,0,0,0,0,0,0,0,0,0,0,0,0,0,0,64,0,521,3,0,0,0,0,0,0,0,0,0,0,0,0,0,0,0,0,0,0,0,0,4,0,0,2,0,0,0,0,19,0,0,0,0,0,0,0,0,0,0,37,0,0,0,0,19,0,0,0,0,0,0,0,0,0,0,12,0,0,0,0,0,0,0,0,0,0,0,2,0,0,0,0,0,0,0,0,0,0,0,0,0,0,0,0,0,0,0,5,32,0,0,0,0,0,76,0,0,0,0,0,0,0,0,0,0,0,0,0,0,0,0,0,0,0,0,23,0,0,0,0,0,0,0,0,2,0,0,0,0,0,0,0,0,0,129,0,0,0,0,12,31,0,0,0,0,0,41,0,0,0,0,0,0,0,0,2,0,3,0,0,0,0,0,0,0,0,0
"D537",0,0,8,0,5,0,0,0,0,0,422,36,0,0,0,0,0,0,0,0,0,0,0,0,9,0,0,0,0,0,0,0,0,0,0,0,0,0,0,0,0,2,0,0,0,0,0,0,0,23,40,0,0,22,45,0,0,0,169,0,0,0,219,0,0,0,96,1602,506,0,0,3,0,8,3,37,0,0,0,1,14,2,0,0,0,1,0,9,0,1,0,0,0,4,506,3,10,0,0,52,0,0,0,4,78,0,0,0,20,2,0,70,55,0,0,20,0,0,4,0,0,4,0,6,0,0,0,0,0,3,8,0,132,0,0,0,2,42,0,0,6,0,0,0,0,0,5,0,0,0,0,0,2,0,0,0,1,0,0,23,24,464,0,15,0,0,0,0,0,1,0,11,0,0,0,0,10,0,0,0,17,0,2,27,0,0,0,0,3,0,5,0,0,0,0,0,7,0,0,1,2,0,0,0,0,0,0,33,0,0,7,2,9,0,48,0,0,0,0,0,0,19,0,0,0,0,0,0,0,0,6452,6,0,0,0,0,0,83,0,0,0,0,0,0,0,0,6,0,43,0,53,0,0,0,0,1,0,2308,0,15,0,5,128,0,0,0,0,0,7,14,29,0,0,0,4,0,15,0,0,0,1,0,3,1,0,5,0,92,3,3,0,14,0,33,0,0,0,0,6,0,0,49,0,0,0,0,0,0,19,0,3,0,0,0,0,0,0,0,0,0,0,0,0,0,4,10,2,0,2,40,2,0,518,0,2,0,0,0,0,0,0,2,0,25,6,0,15,0,13,0,0,26,0,0,0,58,2,0,0,0,0,0,0,23,0,0,0,0,0,0,0,2,0,0,0,0,0,0,1,0,3,0,0,0,2,37,2,0,0,21,2,0,0,0,0,0,0,32,0,0,0,15,0,0,0,0,0,8,0,0,0,0,0,3,8,12,0,0,795,0,0,0,6,0,0,1,0,0,0,0,0,43,0,47,0,0,53,0,0,0,0,0,0,0,0,0,0,0,0,0,1,0,0,0,0,0,0,0,0,0,0,0,54,0,45,0,1213,0,0,0,0,0,0,0,0,0,0,0,0,0,0,1,6,19,0,0,0,0,35,0,35,89,0,0,0,0,0,0,0,0,0,13,0,0,0,0,270,458,80,0,191,0,0,0,317,0,2,0,0,2,0,0,0,0,2,105,0,2,0,1,0,0,0,0,0,0,0,0,0,44,0,0,0,2,335,0,3,0,155,0,0,0,0,3,2,0,0,0,0,7,0,0,0,0,0,0,9,0,0,0,4,0,2,0,4,0,0,0,0,0,0,0,0,48,2,0,0,0,0,0,0,9,6,0,4,2,0,0,0,23,0,0,0,0,0,1,11,0,0,0,0,0,0,1,0,4,9,0,24,0,0,2,91,0,0,2,0,0,0,0,3,11,0,0,0,4,29,0,0,0,0,0,0,8,1,0,1,0,2,27,0,0,4,10,0,0,0,0,0,0,3,0,0,0,0,0,0,0,0,0,8,0,2,0,2,3,0,0,0,12,0,0,6,24,21,1,0,0,34,0,0,0,0,0,9,3,0,250,0,0,0,0,0,0,0,8,0,4,2,2,4,3,0,0,203,0,0,0,0,76,9,0,0,0,0,0,0,0,0,0,115,16,0,0,19,0,1,0,0,0,6,0,1,0,0,0,0,0,0,0,0,0,0,4,196,0,1,0,24,10,0,0,0,0,0,0,0,0,0,0,0,0,0,0,11,0,23,0,19,0,0,0,87,0,0,0,6,0,0,0,0,0,0,0,0,0,0,897,0,2,0,8,0,0,0,20,0,0,0,0,0,85,145,0,0,0,0,4,0,0,11,0,0,0,0,261,0,0,30,0,3,0,0,290,2,0
"D538",4,8,118,182,293,0,16,11,59,0,0,98,5,16,3,0,0,0,8,3,0,0,11,0,0,7,1,0,0,0,102,0,159,6,12,0,0,0,0,56,61,7,4,7,48,0,19,0,30,0,1,0,23,0,0,15,0,1,0,2,0,9,10,11,8,48,0,173,22,7,2,0,0,259,0,10,3,0,0,3,18,3,0,0,5,36,0,0,0,2,0,4,0,5,0,1,2,0,0,4,25,2,0,9,96,0,0,0,0,0,6,37,4,0,0,0,0,0,0,214,0,0,3,0,10,162,0,0,3,0,1,0,3,0,74,6,0,0,0,11,1,1,0,54,29,73,0,1,0,0,0,0,9,6,26,6,5,0,0,85,66,0,0,0,0,2,22,0,38,2,30,0,12,0,41,9,0,0,0,89,0,0,5,2,0,0,0,13,0,0,0,50,0,0,0,0,8,11,12,4,24,0,10,0,0,118,0,25,11,0,0,19,3,0,24,0,0,0,0,10,0,8,10,10,15,0,32,2,46,59,13,1,8,38,0,0,2,0,8,0,25,17,2,0,3,0,0,0,8,0,230,20,0,0,0,0,2,283,4,0,39,0,0,0,0,5,7,0,16,7,0,135,0,0,27,5,1,27,1,0,2,0,0,3,0,0,16,0,0,9,0,0,0,34,9,0,3,10,4,423,7,0,9,0,0,0,7,8,0,0,0,0,2,8,0,0,714,74,118,229,0,0,0,2,0,5,6,0,0,0,0,2,0,1,0,6,280,28,0,0,2,0,3,0,0,0,1,0,0,0,0,0,1,1,1,1,86,0,4,1,0,0,12,0,0,0,23,0,80,0,126,12,1,0,0,0,1,39,6,0,4,0,0,0,11,0,5,0,0,1,20,102,0,0,2,3,0,773,0,0,0,3,12,8,21,0,4,7,2,0,5,0,0,2,1,20,5,0,308,0,11,0,15,29,108,274,0,14,0,0,513,3,4,64,0,3,0,11,8,0,11,2,48,103,2,0,0,0,0,0,0,13,7,25,0,0,0,10,0,0,0,12,78,0,66,0,0,9,0,91,119,85,0,70,3,0,0,0,23,3,11,364,9,2,0,0,24,0,54,7,34,0,0,0,0,1,0,0,0,8,0,0,0,0,0,1,0,0,3,0,19,13,0,6,0,91,6,97,0,2,3,0,0,2,0,111,12,6,7,0,0,0,0,3,15,93,0,0,22,863,87,7,3,0,47,0,0,4,476,0,11,5,71,0,13,0,0,0,16,0,7,0,38,4,0,18,0,0,0,0,0,40,18,382,28,0,0,0,0,14,19,24,4,0,2,0,0,0,14,45,84,0,0,0,0,0,0,0,34,0,0,27,125,0,25,3,27,8,0,0,0,4,39,12,0,5,0,0,0,0,0,0,0,0,27,0,0,0,47,0,0,0,0,0,0,3,24,0,2,72,0,0,0,1,0,0,0,31,0,4,5,7,0,0,3,0,0,0,45,0,2,0,0,5,0,0,52,0,0,0,2,0,22,0,40,2,0,4,22,0,0,2,0,20,0,0,0,11,0,5,0,2,0,0,0,4,0,333,53,0,0,0,0,12,0,0,50,1,0,0,0,6,21,0,0,0,0,0,0,7,3,1,5,0,0,278,2,0,2,2,20,110,3,1,202,0,8,0,0,0,0,0,20,11,23,6,4,0,0,21,1,3,0,43,0,82,56,0,11,0,8,0,0,0,10,8,3,128,0,0,0,12,0,0,66,0,7,24,0,1,0,0,104,0,8,2,7,0,26,0,12,16,0,0,0,35,312,1032,1,15,21,0,28,0,8,36,6,19,0,0,4,9,0,10,0,0,15,0,0,0,73,4,12,0,0,352,0,0,12,0,5,16,0,0,0,51
"D539",3,0,73,53,0,0,0,11,486,0,0,50,0,22,111,1,3,0,3,0,0,0,6,0,0,3,5,0,0,0,6,0,31,0,3,0,0,0,0,0,0,0,39,3,16,0,0,0,0,0,0,0,31,0,0,13,0,3,0,2,0,0,2,0,0,20,0,11,93,6,27,0,0,6,0,0,0,8,0,0,0,2,0,0,2,8,0,0,0,8,0,0,319,0,0,0,12,0,0,0,17,0,2,0,53,0,0,0,0,0,0,0,5,4,0,0,0,47,7,23,0,0,2,0,0,5,0,0,0,0,0,0,0,0,4,81,0,0,0,0,5,0,0,0,13,60,0,2,0,0,0,0,6,0,75,0,18,0,4,54,24,0,3,0,0,0,0,0,5,0,13,0,5,0,1,0,0,0,0,8,4,0,0,27,0,0,0,0,0,0,0,0,0,0,0,0,5,8,126,40,13,0,26,2,21,56,0,348,0,0,0,0,0,0,0,0,0,2,0,0,3,1,1,1,0,10,0,0,12,4,0,0,0,4,0,0,4,3,14,0,17,0,0,13,3,0,0,10,1,0,0,4,33,0,0,0,8,25,7,10,190,0,67,0,0,0,0,0,1,0,0,0,1,0,0,12,10,18,10,0,0,0,0,0,0,0,0,34,2,17,7,12,16,0,2,0,2,0,0,41,0,0,1,0,0,0,13,10,0,0,0,30,5,6,0,0,5,0,8,582,0,0,0,0,0,0,0,0,0,0,0,52,0,0,2,6,0,0,0,4,0,1,2,0,0,0,4,21,0,4,36,0,0,0,11,148,8,0,11,0,0,0,199,1,0,0,0,6294,0,0,0,0,0,0,0,0,0,0,6,3,3,0,10,0,4,0,2,0,779,0,0,83,0,2,11,6,0,666,0,0,0,0,16,0,4,0,0,0,0,0,16,0,0,6,13,3,0,511,18,0,12,0,2,17,7,0,3,0,0,0,0,3,0,107,2,0,0,0,6,0,3,27,7,14,108,0,0,0,0,2,0,0,4,8,0,0,0,0,0,0,0,2,50,0,5,0,16,87,0,0,20,51,0,0,6,2,0,0,1,0,8,44,2,0,8,0,64,0,12,5,31,0,0,0,0,2,0,15,0,2,0,0,8,0,0,0,14,305,1,2,0,15,0,1,0,31,5,28,2,2,0,0,2,0,0,26,18,0,2,0,2,0,0,0,0,2,3,0,0,0,34,8,6,0,112,2,0,5,6,0,0,21,29,0,0,0,0,0,3,0,0,0,75,14,0,0,0,0,2,0,0,0,3,34,5,0,0,0,0,13,0,0,0,3,15,3,0,62,0,0,23,0,0,0,0,0,0,7,20,0,0,8,96,53,9,0,270,0,0,0,0,3,4,6,0,3,23,2,0,0,0,7,3,0,8,0,2,0,339,0,0,0,0,50,0,16,2,0,0,10,0,2,0,2,0,0,0,402,7,5,40,5,0,0,2,93,3,0,39,0,10,0,2,0,17,0,0,0,0,0,2,0,10,0,13,4,0,77,0,0,0,0,6,0,0,0,2,12,0,0,0,4,0,0,0,0,0,105,2,3,0,0,0,6,0,9,3,3,0,0,4,7,0,0,0,0,0,2,2,0,0,0,12,0,0,20,0,11,0,0,0,48,6,0,43,0,8,0,0,0,0,0,1940,2,20,0,10,0,0,3,2,0,0,30,0,0,39,0,0,0,4,23,0,28,10,0,0,0,0,0,0,0,18,0,0,0,22,13,11,0,0,3,151,0,9,0,3,0,3,0,2,36,0,0,0,44,54,9,0,0,43,0,13,0,3,0,0,11,0,0,15,15,0,41,0,0,0,0,0,0,6,0,73,1,0,130,0,1,0,6,0,0,4,0,2,146
"D540",0,0,0,0,0,0,0,0,0,0,5,0,0,2,4,0,0,0,0,2,15,0,0,2,0,0,0,0,0,89,0,0,0,0,2,0,0,0,16,0,0,0,0,0,24,0,9,779,0,0,0,0,0,0,0,0,0,0,2,0,0,2,0,0,10,0,0,16,0,14,0,0,213,0,3,0,0,0,0,0,0,0,89,0,0,6,0,39,0,0,0,0,0,0,0,3,0,21,17,0,0,0,0,0,3,0,0,325,0,0,0,0,0,0,146,65,11,0,0,0,0,15,4,0,0,2,18,0,0,0,0,25,5,6,0,19,0,0,754,4,0,0,0,0,0,0,0,0,0,0,0,0,0,3,0,0,0,0,0,0,0,0,0,0,0,0,0,0,0,0,0,724,0,0,0,0,0,3,0,0,2,30,0,0,0,0,12,0,0,41,0,2,13,0,0,41,8,0,0,11,0,2,0,0,0,0,12,0,0,3,0,3,0,129,0,0,0,2,30,0,0,0,0,0,0,0,0,0,0,0,0,0,0,0,0,0,0,0,0,20,0,0,0,0,0,0,2,15,4,68,7,0,3,1,2,3,0,0,0,0,0,0,1363,646,85,0,0,0,4,0,0,0,6,14,0,0,4,0,0,0,0,0,14,0,0,0,0,0,0,0,0,0,0,0,3,0,0,0,0,0,0,0,0,0,0,0,0,0,0,0,60,0,0,0,0,1,0,0,2,0,0,23,0,0,7,0,0,0,58,0,15,0,0,5,0,0,0,0,0,3,0,10,3,0,0,0,0,0,2,10,17,0,3,0,0,4,0,0,0,0,0,0,0,0,0,0,0,0,0,4,0,0,2,4,0,0,0,0,0,0,0,0,0,0,0,0,0,0,0,0,0,0,0,0,0,0,22,2,0,7,3,0,0,0,0,0,0,0,2,0,0,62,0,5,0,0,0,0,8,0,0,0,0,2,0,19,0,0,0,9,0,0,0,0,0,0,0,0,0,0,0,0,0,0,2,0,4,0,0,0,0,0,0,0,0,0,0,0,0,0,0,0,0,0,0,0,56,0,0,0,0,0,201,4,0,0,0,50,0,0,0,0,0,66,0,0,0,3,0,0,0,0,0,4,0,0,0,0,0,0,0,3,0,40,0,23,3,0,0,0,0,0,0,0,7,0,0,0,0,0,0,0,0,0,8,0,0,0,0,0,0,0,0,0,15,0,3,2,0,0,0,0,0,18,0,0,0,0,4,0,0,0,0,24,0,53,101,19,0,0,6,0,0,0,5,0,0,0,0,0,0,0,0,0,2,0,0,1338,0,0,3,0,2,0,0,0,0,8,0,0,0,5,0,0,0,0,1600,0,0,3,364,0,0,0,2,2,65,0,0,0,0,0,0,0,385,0,0,0,2,284,0,0,4,0,0,0,0,188,0,5,0,0,0,0,22,2,0,0,0,0,0,0,0,0,0,0,0,7,0,0,0,0,11,0,0,0,0,0,90,810,0,0,0,0,0,1204,0,2588,3,0,0,0,0,0,0,8,0,4,5,0,2,0,0,0,0,3,0,3,0,2,0,0,91,0,2,0,38,0,0,0,0,0,0,0,0,3,0,0,50,0,0,0,0,36,0,0,0,0,0,0,0,0,0,0,13,0,0,0,0,0,1,2,0,0,0,13,3,0,0,0,0,0,0,0,0,0,0,37,0,0,0,0,0,0,0,0,5,1006,0,0,0,0,0,1081,0,0,0,1,0,0,2,0,4,0,12,0,0,0,0,0,0,0,0,0,0,0,0,8,0,0,0,0,0,4,0,0,0,0,11,0,0,0,0,2,0,0,0,0,15,8,0,0,3,2,0,1063,0,8,0,0,0,0,0,5,0,2,0,2,6,0,0,0,0,0,0,0
"D541",3,0,1,0,0,0,0,4,0,0,16,0,0,12,5,10,0,0,2,4,0,0,0,0,0,0,0,0,0,0,0,0,5,0,0,0,0,0,0,0,0,0,3,3,1,0,1,0,24,0,0,0,1,0,0,11,19,0,7,3,0,0,1,16,0,0,0,0,83,5,2,11,0,7,0,0,5,0,0,0,0,0,0,0,2,67,0,0,0,17,3,0,0,0,5,0,2,0,0,0,3,0,0,0,29,13,0,0,0,0,0,0,0,0,0,0,0,0,0,106,0,0,0,0,24,0,1,0,0,0,2,0,8,0,0,12,0,2,0,0,0,0,0,0,10,132,0,0,0,0,0,0,0,0,0,0,0,0,0,10,0,0,0,0,3,1,0,15,0,0,0,0,0,0,0,0,0,0,0,0,0,0,0,2,0,0,0,0,0,0,0,9,0,0,0,0,12,0,2,5,3,0,6,0,0,38,0,53,0,16,0,0,1,0,0,0,0,0,0,0,0,0,0,0,5,0,14,2,4,0,16,13,0,0,0,0,32,0,0,0,0,0,0,0,0,0,0,2,0,0,7,0,9,1,0,0,0,0,0,7,16,0,0,0,0,0,0,0,5,0,0,0,0,0,0,0,0,0,2,0,2,0,0,0,0,0,0,0,0,2,90,0,0,0,0,0,0,2,0,8,0,0,0,0,0,3,1,0,18,27,0,0,4,3,0,0,0,0,1,249,0,0,2,1,0,2,0,0,0,0,0,0,0,0,0,7,0,4,0,0,0,0,0,0,2,0,0,65,0,0,3,2,18,0,44,8,0,0,0,0,0,0,0,0,0,0,0,0,0,0,0,8,0,0,0,0,0,4,0,0,0,0,0,0,0,19,0,0,0,0,0,0,0,0,0,44,0,49,0,1,0,0,0,0,3,0,0,0,0,3,0,0,0,0,5,0,0,0,37,0,1,0,0,0,6,0,2,0,0,0,8,0,0,71,11,0,0,4,0,0,0,2,58,19,10,0,0,0,0,0,0,6,0,6,0,0,0,0,0,0,0,0,0,0,0,0,25,377,2,0,0,15,0,7,6,0,0,0,3,0,20,15,0,4,0,0,0,0,52,9,0,0,0,0,0,0,0,0,0,0,0,0,0,0,0,3,27,0,0,0,4,0,0,0,0,5,7,3,0,0,0,0,2,0,0,0,4,0,0,0,0,0,0,1,0,0,0,0,0,0,0,0,0,8,132,0,0,0,0,0,0,0,0,0,0,0,0,0,0,8,0,0,5,3,0,4,0,0,0,0,0,0,0,0,0,0,0,0,0,0,0,1,3,2,0,0,9,0,0,0,6,0,0,0,0,0,0,0,0,0,0,0,0,0,0,0,10,0,0,0,0,0,0,0,0,0,0,5,0,0,0,0,0,0,0,0,0,0,0,0,0,0,0,2,0,0,0,0,0,0,0,0,0,0,0,0,0,5,3,0,0,1,0,0,0,26,0,2,11,0,3,0,0,9,0,0,0,0,0,0,0,0,0,0,1,19,0,5,4,0,0,0,0,0,0,0,2,12,0,0,0,0,0,0,0,0,0,9,0,0,0,0,0,0,0,9,0,0,0,0,0,6,0,0,5,0,1,0,0,0,0,0,4,0,0,0,0,0,3,0,34,50,3,0,0,0,0,0,0,0,0,0,14,143,0,0,2,0,0,1,0,4,0,0,0,0,53,0,0,0,0,0,0,0,0,0,0,0,0,0,0,3,17,0,0,0,15,0,0,0,0,0,14,0,0,0,0,0,0,82,0,6,0,0,5,0,0,21,0,0,0,0,21,0,0,0,0,0,0,0,20,3,0,0,0,0,0,0,0,0,0,0,0,0,0,19,2,0,3,12,0,0,11,27,0,54
"D542",0,0,0,0,0,0,0,0,0,8,0,0,2,0,0,0,0,0,0,0,0,0,0,0,0,0,0,0,0,0,0,0,0,0,0,0,0,0,0,0,0,0,0,0,0,0,0,0,0,0,0,0,0,0,0,0,0,0,0,0,0,0,0,0,0,0,0,0,57,0,0,0,0,0,0,0,0,0,0,0,0,0,0,35949,0,0,0,0,0,0,0,0,0,0,0,0,0,0,0,0,0,0,0,0,0,0,0,0,0,1440,0,0,0,0,0,0,0,0,0,0,0,0,0,0,0,0,0,0,0,0,0,0,0,0,0,0,0,0,0,0,0,0,0,0,0,0,0,0,0,0,0,0,0,0,0,0,0,0,0,0,0,0,0,0,0,0,0,0,0,0,0,0,0,2,0,0,0,0,0,0,0,0,0,0,0,17,0,0,0,0,0,0,0,0,0,0,0,0,0,0,0,0,0,0,0,0,0,0,0,0,0,0,0,0,0,0,0,0,0,0,0,0,0,0,0,0,0,0,0,0,0,0,0,0,0,0,0,0,0,0,0,0,0,0,0,0,0,0,0,0,55,0,0,0,0,0,0,9220,0,0,0,0,0,0,0,0,0,0,0,0,0,0,0,0,0,0,0,0,0,0,0,0,0,0,0,0,0,0,0,0,0,0,0,0,0,0,0,0,0,0,0,0,0,0,0,0,0,0,0,0,0,0,0,0,0,0,0,0,0,0,0,0,0,0,0,0,0,0,0,0,0,0,0,0,0,0,0,0,0,0,0,0,0,0,0,0,0,0,0,0,0,0,0,0,0,0,0,0,0,0,0,0,0,0,0,0,0,0,0,0,0,0,0,0,0,0,0,0,0,0,0,0,0,0,0,0,0,0,0,0,0,0,0,0,0,0,0,0,0,0,0,0,0,0,0,0,0,0,0,0,0,0,0,0,0,0,0,0,0,0,0,45,0,0,0,0,0,0,0,0,0,0,0,0,0,0,0,0,0,0,0,0,0,0,0,0,0,0,0,0,0,0,0,0,0,0,0,0,12,0,0,0,0,0,0,0,60531,0,0,0,0,0,0,0,0,0,0,0,0,0,0,0,0,0,0,0,0,0,0,0,0,0,0,0,0,0,0,0,0,0,0,0,0,0,0,0,0,0,0,0,0,0,0,0,0,0,0,0,0,0,0,0,0,0,0,0,0,0,0,0,0,16,0,0,0,0,0,0,0,0,0,0,0,0,0,0,0,0,0,0,0,0,0,0,0,0,0,0,0,0,0,0,0,0,0,0,0,0,0,0,0,0,0,0,0,0,0,0,0,0,0,0,0,0,0,0,0,0,0,0,0,0,0,0,0,0,0,0,0,0,0,0,0,0,0,0,0,0,0,0,0,0,0,0,0,0,0,0,0,0,0,0,0,0,0,0,0,0,0,96387,0,0,0,0,0,0,0,0,0,0,0,0,0,0,0,0,0,2063,0,0,0,0,0,0,0,0,0,0,0,0,0,0,0,0,0,0,0,0,0,0,0,0,0,0,0,0,0,0,0,0,0,0,0,0,0,0,0,0,0,0,0,0,0,0,0,0,0,0,0,0,0,0,0,0,0,0,0,0,0,0,0,0,0,0,0,0,0,0,0,0,0,0,0,0,0,0,0,0,0,0,0,0,0,0,0,0,0,0,299,0,0,0,0,0,0,0,0,0,0,0,0,0,0,0,0,2,0,0,0,0,0,0,0,0,0,0,0,14284,0,0,0,0,0,0,0,0,0,0,0,0,0,0,0,0,0,0,0,0,0,0,0,0,0,0,0,0,0,100,0,0,0,0,0,0,0,0,0,0,0,0,0,0,0,0,0,0,0,0,0,0,0,0,0,0,0,0,0,0,0,0,0,0,0,0,0,0
"D543",0,0,0,0,0,0,0,0,0,0,0,0,0,0,0,0,0,0,0,0,0,0,0,0,0,0,0,0,0,0,0,0,0,0,0,0,0,0,0,0,0,0,0,0,0,0,0,0,0,0,0,0,0,0,0,0,0,0,0,0,0,0,0,0,0,0,0,0,0,0,0,0,0,0,0,0,0,0,0,0,0,0,0,0,0,0,0,0,0,0,0,0,0,0,0,0,0,0,0,0,0,0,0,0,0,0,0,0,0,0,0,0,0,0,0,0,0,0,0,0,0,0,0,0,0,0,0,0,0,0,0,0,0,0,0,0,0,0,0,0,0,0,18,0,0,0,0,0,0,0,0,0,0,0,0,0,0,0,0,0,0,0,0,0,0,0,0,0,0,0,0,0,0,0,0,0,0,0,0,0,0,0,0,0,0,0,0,0,0,0,0,0,0,0,0,0,0,0,0,0,0,0,0,0,0,0,0,0,0,0,0,0,0,0,0,0,0,0,0,0,0,0,0,0,0,0,0,0,0,0,0,0,0,0,0,0,0,0,0,0,0,0,0,0,0,0,0,0,0,0,0,0,0,0,0,0,0,0,0,0,0,0,0,0,0,0,0,0,0,0,0,4,0,0,0,0,0,0,0,0,0,0,0,0,0,0,0,0,0,0,0,0,0,0,0,0,0,0,0,0,0,0,0,0,0,0,0,0,0,0,0,0,0,0,257,0,0,0,0,0,0,0,0,0,0,0,0,0,0,0,0,0,0,0,0,0,0,0,0,0,0,0,0,53,0,0,0,0,0,0,0,0,0,0,0,0,0,0,0,0,0,0,0,0,0,0,0,0,0,0,0,0,0,0,0,0,0,0,0,0,0,0,0,0,0,0,0,0,0,0,0,0,0,0,0,0,0,0,0,0,0,0,0,0,0,0,0,0,0,0,0,0,0,0,0,0,0,0,0,0,0,0,0,0,0,0,0,0,0,0,0,0,0,0,0,0,0,0,0,0,0,0,0,0,0,0,0,0,0,0,0,0,0,0,0,0,0,0,0,0,0,0,0,0,0,0,0,0,0,0,0,0,0,0,0,0,0,0,0,0,0,0,0,0,0,0,0,0,0,0,0,0,0,0,0,0,0,0,0,0,0,0,0,0,0,0,0,0,0,0,0,0,0,0,0,0,0,0,0,0,0,0,0,0,0,0,0,0,0,0,0,0,0,0,0,0,0,0,0,0,0,0,0,0,0,0,0,0,0,0,0,0,0,0,0,0,0,0,0,0,0,0,0,0,0,0,0,0,0,0,0,0,0,0,0,0,0,0,0,0,0,0,0,0,0,0,0,0,0,0,0,0,0,0,0,0,0,0,0,0,0,0,0,0,0,0,0,0,0,0,0,0,0,0,0,0,0,0,0,0,0,0,0,0,0,0,0,0,0,0,0,0,0,0,0,0,0,0,0,0,0,0,0,0,0,32,0,0,0,0,0,0,0,0,0,0,0,0,0,0,0,0,0,0,0,0,0,0,0,0,0,0,0,0,0,0,0,0,0,0,0,248,0,0,0,0,0,0,0,0,0,0,0,0,0,0,0,0,0,0,0,0,289,0,0,0,0,0,0,0,0,0,0,0,0,0,0,0,0,0,0,0,0,0,0,0,0,0,0,0,0,0,0,0,0,0,0,0,0,0,0,0,0,0,0,0,0,0,0,0,0,0,0,0,0,0,0,0,0,0,0,0,0,0,0,0,0,0,0,0,0,0,0,0,0,6650,0,0,0,0,0,0,0,0,0,0,0,0,0,0,0,0,0,0,0,0,0,90,0,0,0,0,0,0,0,0,0,0,0,0,0,0,0,0,0,0,0,0,0,0,0,0,0,0,0,0,0,0,0,0,0,0,0,0,0,0
"D544",0,0,0,0,0,0,0,0,0,3,0,0,0,0,38,0,0,1,0,5,11,0,0,0,0,0,0,0,0,69,0,0,0,0,0,0,0,0,86,0,0,0,0,0,0,0,9,3952,0,0,0,19,0,0,0,0,1,0,397,0,0,1,0,0,0,0,0,163,0,0,0,0,149,0,0,0,0,0,2,0,0,0,201,0,2,0,0,49,0,0,0,0,0,0,0,0,0,565,980,0,0,0,0,0,0,0,0,1080,0,4,0,0,0,0,261,0,0,0,0,0,0,37,0,0,0,0,0,0,0,0,0,55,0,0,0,0,0,0,570,15,0,0,0,0,0,0,0,0,0,0,0,0,0,0,0,0,0,0,3,0,0,0,0,7,0,0,0,0,0,0,0,880,0,0,0,0,0,0,0,0,0,1,0,0,0,0,0,0,0,120,0,0,0,0,0,4,2,0,0,6,2,0,0,0,0,0,9,0,0,0,0,0,0,368,0,0,19,0,3,0,0,0,0,0,0,0,0,11,0,0,31,0,0,0,0,0,0,0,0,3,0,0,0,0,0,0,1513,0,2,0,0,0,0,30,0,0,0,0,0,0,0,0,0,686,234,0,0,0,0,0,0,0,0,0,0,0,0,0,0,0,0,0,758,0,0,0,0,0,0,0,0,0,0,0,2,0,0,0,0,0,0,34,0,0,0,0,0,0,0,0,125,0,0,0,0,0,0,0,0,0,0,60,0,0,3,0,0,0,969,0,2,0,7,0,0,0,0,0,0,0,0,89,0,0,0,0,0,0,0,0,0,0,0,0,0,3,0,3,0,0,0,0,0,0,0,0,0,0,0,0,0,0,1,14,0,0,0,0,0,0,0,0,0,0,0,2,0,0,0,0,0,0,0,0,0,0,0,12,0,50,0,0,0,147,0,0,0,0,0,0,0,7,0,0,0,0,0,0,9,0,0,0,0,0,0,0,0,0,0,0,0,0,0,0,0,0,0,0,0,0,0,0,0,0,0,0,0,0,0,0,0,0,0,0,0,0,0,0,0,0,0,0,0,0,0,0,1,2,0,0,0,0,298,0,0,0,179,5,0,0,0,0,0,5,0,0,0,150,0,0,0,0,0,63,7,0,0,0,0,0,0,0,0,76,0,0,0,0,0,0,0,0,0,0,114,0,0,0,0,0,0,0,0,0,2,0,0,0,0,12,0,0,0,0,0,0,0,0,90,32,0,0,0,0,0,2,0,0,0,0,0,0,0,5,2,0,102,0,0,0,0,0,0,0,0,3,0,0,0,0,0,0,0,0,0,0,0,1759,0,0,0,0,0,0,0,0,0,1,0,0,0,0,0,0,0,0,1002,0,0,35,235,0,3,0,0,0,8,0,0,0,0,0,0,0,536,0,1,0,0,185,0,0,20,0,0,0,0,0,0,0,0,0,0,0,62,9,0,0,0,0,0,0,0,0,12,0,0,0,0,0,0,0,0,0,0,0,0,0,282,476,0,0,0,0,0,824,0,3007,20,0,0,0,0,0,0,0,0,0,0,0,9,0,0,0,0,0,0,0,0,0,2,0,163,0,0,0,159,0,0,0,0,0,0,0,0,0,0,0,381,0,0,2,0,72,0,0,0,0,14,0,0,0,0,0,2,0,0,0,0,0,0,1,0,0,0,91,0,0,46,0,0,0,0,0,0,0,0,99,0,0,0,0,0,0,0,0,0,1015,0,0,0,0,0,428,0,0,0,0,0,0,0,0,0,0,0,0,0,0,0,0,48,0,0,0,56,0,0,2,0,0,0,0,0,0,0,0,0,0,0,0,1,2,0,0,0,0,0,0,0,0,0,0,2,0,0,2002,0,3,0,0,0,61,0,0,0,0,0,0,0,0,0,0,0,0,0,0
"D545",0,0,0,0,0,0,0,0,0,0,5,0,0,0,15,0,0,0,0,0,0,0,3,0,0,0,0,0,0,0,0,0,0,0,0,0,0,0,729,0,0,0,0,0,31,0,0,0,0,0,0,0,0,0,0,0,0,0,8,0,0,0,0,0,0,0,0,0,0,0,0,0,392,0,2,0,0,0,0,0,0,0,0,0,0,71,0,0,0,0,0,0,0,0,0,0,19,48,0,0,0,0,0,0,0,0,0,0,0,0,0,0,0,0,800,0,0,0,0,0,0,13,0,0,0,0,0,2,0,0,0,504,0,0,0,0,0,0,0,7,0,0,0,0,0,0,0,0,0,0,0,0,0,0,0,0,0,0,20,0,0,0,0,0,0,0,0,0,0,0,0,643,0,0,0,0,0,2,0,0,0,0,0,0,0,0,0,0,0,0,0,0,0,0,0,0,0,0,0,0,16,0,0,0,0,0,0,0,0,0,0,0,0,0,0,0,0,0,2,0,0,0,0,0,0,0,0,6,0,0,0,0,0,0,0,0,0,0,0,0,0,0,0,0,0,6,0,93,0,0,0,0,0,0,0,0,0,0,0,1,0,0,0,0,0,0,0,0,0,0,0,0,0,0,0,0,64,0,0,0,0,0,0,0,0,0,0,0,0,0,0,0,0,0,0,0,0,0,0,0,0,0,0,0,0,0,0,0,0,0,0,0,0,18,0,0,0,0,14,0,0,0,0,0,0,0,0,0,0,0,22,0,0,0,0,0,0,0,0,0,0,17,158,0,0,0,0,0,0,0,0,0,0,0,0,5,0,0,0,0,0,0,0,0,0,0,0,0,0,0,0,0,0,0,0,0,0,0,0,0,0,0,0,0,0,16,0,0,0,0,0,0,0,0,0,0,0,0,0,3,0,0,0,0,0,0,0,0,0,0,0,0,0,0,0,0,0,0,0,0,0,0,0,0,0,0,0,0,0,0,0,0,0,0,0,0,0,0,0,0,0,0,0,0,0,0,0,0,0,0,50,0,0,0,0,0,0,0,0,0,0,0,0,0,0,0,0,0,0,0,0,0,596,0,0,0,0,0,0,0,0,0,0,0,0,0,0,0,0,0,0,0,0,0,0,0,0,0,0,0,0,0,0,225,0,0,0,0,0,0,0,0,0,0,108,0,0,0,0,0,0,0,0,0,0,0,0,0,0,0,0,0,0,0,0,0,0,0,0,0,0,0,0,15,0,0,0,0,0,0,0,0,0,0,0,868,5,0,0,64,0,0,0,0,0,621,0,0,0,0,0,0,0,0,0,0,0,0,0,0,0,0,0,0,0,0,0,0,0,0,0,0,0,0,0,12,268,0,0,12,0,0,0,0,0,0,0,0,0,0,0,0,0,0,0,0,0,0,0,0,0,0,6,0,0,0,0,0,0,0,0,0,0,0,18,0,0,0,0,0,0,0,0,0,0,0,0,0,0,0,0,0,0,0,0,0,0,0,0,0,0,0,0,0,0,757,0,861,0,0,0,0,0,0,0,0,0,0,0,0,0,0,0,0,0,8,0,0,0,0,0,0,0,0,0,0,0,0,0,0,0,0,0,0,0,0,0,0,0,0,0,0,0,198,0,0,0,0,0,0,0,0,0,0,8,0,0,0,0,0,0,5,0,0,0,0,0,0,0,0,0,0,0,0,0,0,0,0,0,0,0,0,0,0,0,0,0,0,0,0,0,0,0,0,0,0,0,1,0,0,0,0,0,0,8,0,0,0,0,0,0,0,0,0,0,0,0,0,0,0,0,0,0,0,0,0,0,0,0,0,0,0,0,0,0,0,0,0,0,0,0,0,7,0,0,1844,0,0,0,0,0,0,0,0,0,0,0,0,5,0,0,0,0,0,0,0
"D546",0,0,0,0,0,0,0,0,0,0,0,0,0,0,0,0,0,0,0,0,0,0,0,0,0,0,0,11,0,0,0,0,0,0,0,0,0,0,0,0,0,0,0,0,0,0,0,0,0,0,0,0,0,0,0,0,0,0,0,0,0,0,0,0,0,0,0,0,0,0,0,0,0,0,0,0,0,0,0,0,0,0,0,0,0,0,0,0,3,0,0,0,0,0,0,0,0,0,0,0,0,0,0,0,0,0,0,0,0,0,0,0,0,0,0,0,0,0,0,0,0,0,0,0,0,0,0,0,0,0,0,0,0,0,0,0,0,0,0,0,0,0,0,0,0,0,0,0,0,0,0,0,0,0,0,0,0,0,0,0,0,0,0,0,0,0,0,0,0,0,0,0,0,0,0,0,0,5,0,0,0,0,0,0,0,0,0,0,0,0,0,0,0,0,0,0,0,0,0,0,0,0,0,0,0,0,0,0,0,0,0,0,0,0,0,20,0,0,0,0,0,0,0,0,0,0,0,0,0,0,0,0,0,0,0,0,0,0,0,0,0,0,0,0,0,0,0,0,0,0,0,0,0,0,0,0,0,0,0,0,0,0,0,0,1,0,0,0,0,0,0,0,0,0,0,0,0,0,0,5,0,0,0,0,0,0,0,0,0,0,0,0,0,0,0,0,0,0,0,7,0,0,0,0,0,0,0,0,0,0,0,0,0,0,11,0,0,0,0,0,0,0,0,0,0,0,0,0,0,0,0,0,0,0,0,0,5,0,0,0,0,0,0,0,0,0,0,0,0,0,0,0,0,0,0,0,0,0,0,0,0,0,0,0,0,0,0,0,0,0,0,0,0,0,0,0,0,0,0,0,0,0,0,0,0,0,0,0,0,0,0,0,0,0,0,0,0,6,0,0,0,0,0,0,0,0,0,0,0,0,0,0,0,0,0,0,0,0,0,0,0,0,0,0,0,0,42,0,0,0,0,0,0,0,0,0,0,0,0,0,0,0,0,0,0,0,0,3,0,0,0,0,0,0,0,0,0,0,0,0,0,0,0,0,0,0,0,0,0,0,0,0,0,0,0,0,0,0,0,0,0,0,0,0,0,0,0,0,0,0,0,0,0,0,0,0,0,0,0,0,0,0,0,0,0,0,0,0,0,0,0,0,0,0,0,0,0,0,0,0,0,0,0,0,0,0,0,0,0,0,0,0,0,2,0,0,0,0,0,0,0,0,6,0,12,0,0,0,0,0,0,0,0,0,0,0,0,0,0,0,0,0,0,0,0,0,0,0,0,0,0,0,0,0,0,0,0,0,0,0,0,0,0,0,0,0,0,0,0,0,0,0,0,0,0,0,0,0,0,0,0,5,0,0,0,0,4,0,0,0,0,0,0,0,0,0,0,0,0,0,0,0,0,0,0,0,0,0,0,0,0,0,2,0,0,0,0,0,0,0,0,0,0,0,0,0,0,0,0,0,0,0,0,0,0,0,0,0,0,0,0,0,0,0,0,0,0,0,0,0,0,0,0,0,0,0,0,0,0,0,0,0,0,0,0,0,0,0,0,0,0,0,0,0,0,0,0,29,0,0,0,0,0,0,0,0,0,0,0,0,0,0,0,0,0,0,0,0,0,0,0,0,0,0,0,0,0,0,0,0,0,0,0,0,0,0,0,0,0,0,0,0,0,0,0,0,0,0,0,0,0,0,0,0,0,0,0,0,0,0,0,7,0,0,0,0,0,0,0,0,0,0,0,0,0,0,0,0,0,0,0,0,0,2,0,0,0,0,0,0,0,0,0,0,0,0,0,9,0,0,0,0,0,0,0,0,0,0,0,0,0,0,0,0,0,0,0,0,0,0,0,0,0,0,87,0,0,0,0,0,0,0,0,0,0,0
"D547",0,0,0,0,0,0,0,0,0,0,0,0,0,0,0,0,0,0,0,0,0,0,0,0,0,0,0,0,0,0,0,0,0,0,0,0,0,0,0,0,0,0,0,0,0,0,0,0,0,0,0,0,0,0,0,0,0,0,0,0,0,0,0,0,0,0,0,0,0,0,0,0,0,0,0,0,0,0,0,0,0,0,0,0,13,0,0,0,0,0,0,0,0,0,0,0,0,0,0,18,0,0,0,0,0,0,0,0,0,0,0,0,0,0,0,0,0,0,0,0,0,0,0,0,0,0,0,0,0,0,0,0,0,0,0,0,0,0,0,0,0,0,0,0,0,0,0,0,0,0,0,0,0,0,0,0,0,0,0,0,0,0,0,0,0,0,0,0,0,0,0,0,0,0,0,0,0,0,0,0,0,0,0,0,0,0,0,0,0,0,0,0,0,0,0,0,0,0,0,0,0,0,0,0,0,0,0,0,0,0,0,0,0,0,0,0,0,0,0,0,0,0,0,0,0,0,0,0,0,0,0,0,0,0,0,0,0,0,0,0,0,0,0,0,0,0,0,0,0,0,0,0,0,0,0,4,0,0,0,0,0,0,0,0,0,0,0,0,0,8,0,0,0,0,0,0,0,0,0,0,0,0,0,0,0,0,0,0,0,0,0,0,0,0,0,0,0,0,0,0,0,0,0,0,0,0,0,0,0,0,0,0,0,0,65,0,0,0,0,0,0,0,0,0,0,0,0,0,0,0,0,0,15,0,0,0,0,0,0,0,0,0,0,0,0,0,0,0,0,0,0,0,0,0,0,0,0,0,0,0,0,0,0,0,0,0,0,7,0,0,0,0,0,0,0,0,0,0,0,0,0,0,0,0,0,0,0,0,0,0,0,0,0,0,0,0,0,0,0,0,0,0,0,0,0,0,0,0,0,0,0,0,0,0,0,0,0,0,0,0,0,0,0,0,0,0,0,0,0,0,0,0,0,0,0,0,0,0,0,0,0,0,0,0,0,0,0,13,0,0,0,0,0,0,0,0,0,0,0,0,0,0,0,0,0,0,0,0,0,0,0,0,0,0,0,0,0,0,0,0,0,0,0,0,0,0,0,0,0,0,0,0,0,0,0,0,0,2,0,0,0,0,0,0,0,0,0,0,0,0,0,0,0,0,0,0,0,0,0,0,0,0,0,0,0,0,0,0,0,0,0,0,0,0,0,0,0,0,0,0,0,0,0,0,0,0,0,0,0,0,0,0,0,0,0,0,0,0,0,0,0,0,0,0,0,0,0,0,0,0,0,0,0,0,0,0,0,0,0,0,0,0,0,0,0,0,0,0,0,0,0,0,0,0,0,0,0,0,0,0,0,0,0,0,0,0,0,0,0,0,0,0,0,0,0,0,0,0,0,0,0,0,0,0,0,0,0,0,0,0,0,0,0,0,0,0,0,0,0,0,0,0,0,0,0,0,0,0,0,0,0,0,0,0,0,0,0,0,0,0,0,0,0,0,0,0,0,0,0,0,0,0,0,0,0,0,0,0,0,0,0,13,0,0,0,0,0,0,0,0,0,0,0,0,0,0,0,0,0,0,0,0,89,0,0,0,0,0,0,0,0,0,0,0,0,0,0,0,0,0,0,0,0,0,0,0,0,65,0,0,0,0,0,0,0,0,0,0,0,0,0,0,0,0,0,0,0,0,0,0,0,0,0,0,0,0,0,0,0,0,0,0,0,0,0,0,0,0,0,0,0,0,0,0,0,4055,0,0,0,0,0,0,0,0,0,0,0,0,0,0,0,0,0,0,0,0,0,0,0,0,0,0,0,0,0,0,0,0,0,0,0,0,0,0,0,0,0,0,0,0,0,0,0,0,0,0,0,0,0,0,0,0,0,0,0,0
"D548",0,0,0,6,3,0,0,2,0,0,0,2,0,0,0,0,0,0,0,0,0,0,0,3,2,3,0,0,0,0,0,0,0,0,0,0,0,0,0,0,0,0,0,0,0,0,4,0,0,0,0,0,0,0,0,0,5,0,1,0,0,0,0,0,0,0,0,16,2,0,0,1,0,0,0,0,0,0,0,0,0,0,0,0,0,0,0,21,0,0,4,0,0,0,0,0,0,0,0,0,0,0,0,0,11,0,2,0,0,0,0,0,0,2,0,0,0,0,0,0,0,0,0,0,0,0,0,0,0,0,0,0,0,0,0,0,0,0,0,0,0,0,0,0,0,0,0,0,0,0,0,0,0,0,0,0,0,0,0,28,7,4,0,10,0,0,0,0,0,2,0,283,0,0,0,0,0,0,0,0,0,0,0,0,0,0,0,0,0,0,0,0,0,0,0,0,0,0,0,4,0,0,0,0,4,0,0,0,0,0,0,0,0,0,0,0,0,0,0,0,0,0,0,0,0,0,0,5,3,0,0,0,0,0,0,0,0,2,4,0,0,0,2,0,0,0,0,0,0,0,3,0,0,0,0,0,0,0,0,9,0,0,0,0,0,0,0,0,0,0,0,0,0,0,0,0,0,0,0,0,0,0,0,0,0,0,0,0,0,0,0,0,0,0,0,0,0,0,0,0,0,0,0,0,0,0,0,0,44,73,0,0,0,0,0,0,0,0,0,0,0,0,0,0,0,0,0,0,0,0,0,0,4,0,0,0,0,0,0,0,0,0,0,0,0,0,0,4,0,0,0,0,0,0,0,15,0,18,0,0,0,0,0,0,0,0,0,0,0,0,0,0,0,0,0,0,0,0,0,0,2,0,0,0,0,3,0,0,0,0,0,0,0,0,0,0,0,2,0,0,0,0,0,0,0,0,11,0,0,0,3,0,0,0,11,0,0,0,0,0,0,0,0,0,0,3,0,0,0,9,9,0,0,0,0,0,0,0,0,0,0,0,1,0,0,0,0,0,0,0,0,0,0,0,0,0,0,0,0,478,0,0,0,0,2,0,0,0,2,0,0,0,0,0,0,0,0,0,0,0,0,67,0,0,0,0,0,0,2,0,0,0,0,0,0,0,0,0,0,0,0,4,0,91,0,0,3,0,5,0,0,0,0,0,8,0,0,0,0,0,0,0,0,0,2,0,0,0,0,9,0,0,0,0,0,0,0,0,0,0,0,0,0,0,37,0,0,0,6,0,0,0,0,0,0,0,0,0,0,0,0,0,0,0,0,6,0,0,0,0,0,4,0,0,0,0,0,0,0,0,0,0,0,0,0,0,0,0,0,0,0,2,0,0,0,11,0,0,0,0,0,0,5,0,0,0,2,0,0,0,0,0,0,0,0,0,0,0,0,0,0,0,0,0,0,0,0,0,66,0,0,0,0,0,0,0,0,0,0,0,0,0,0,0,0,0,0,0,0,0,0,0,0,0,0,0,0,0,28,0,0,0,0,0,0,2,0,0,0,0,0,0,0,0,2,0,0,0,0,0,0,0,0,0,0,0,0,0,0,0,0,0,0,0,0,0,0,0,0,0,0,0,0,0,0,0,0,0,0,0,0,0,0,0,2,0,0,0,0,0,0,0,0,0,0,0,0,0,0,0,19,0,0,0,0,0,0,0,0,0,0,0,0,0,0,0,0,0,0,0,0,0,0,0,0,4,0,0,0,0,0,0,16,109,0,0,0,0,0,0,0,0,0,0,0,0,0,0,5,0,0,0,7,0,0,0,0,0,0,0,0,0,0,0,0,0,5,0,0,0,0,0,0,0,0,0,0,0,3,0,0,0,0,0,0,0,0,0,0,0,0,16,0,0,0,3,0,0,0,0,0,0,0,0,0,5
"D549",0,0,0,0,0,45,3,0,0,2,0,0,0,0,0,0,0,0,0,0,0,0,0,0,0,0,0,0,0,4,0,0,0,0,0,2,0,38,0,0,0,0,0,0,0,4,8,1,2,0,0,0,0,0,0,0,0,0,0,0,0,0,0,0,0,0,0,5,5,0,0,11,0,0,0,0,0,2,0,0,2,0,0,0,0,0,7,0,0,7,0,0,0,0,2,0,0,0,0,0,0,0,0,0,0,2,0,0,0,0,0,0,0,0,0,0,0,0,0,8,0,0,0,0,0,0,0,0,0,0,0,0,0,0,0,2,0,0,0,0,0,876,0,0,0,0,0,0,1627,0,0,0,0,0,7,0,0,371,0,15,0,0,0,0,0,0,0,0,0,0,0,0,0,8,0,3,0,0,0,4,0,0,0,0,0,0,0,0,0,0,0,0,0,0,43,0,0,0,0,0,0,0,0,0,0,7,0,0,0,0,0,6,0,0,0,0,7,0,0,0,0,0,0,0,0,0,7,0,0,0,3,0,0,0,0,7627,0,0,0,0,0,0,0,0,0,0,0,0,0,0,6,0,0,0,0,0,0,12,0,0,0,0,1,0,0,0,2,5,0,0,0,0,0,0,0,0,0,0,0,0,0,0,0,0,0,0,0,0,0,0,2,0,0,0,0,11,0,0,0,3,0,0,0,83,51,0,0,0,0,0,0,0,0,0,0,0,3,0,0,3,0,0,0,0,0,0,0,0,0,0,0,0,33,0,0,0,0,0,0,0,0,0,0,0,0,0,0,0,0,0,0,0,0,0,0,0,0,0,0,0,0,0,0,0,5196,5,0,2,0,0,0,0,0,0,0,0,0,0,0,0,0,4,0,0,0,0,0,0,2,0,0,0,0,0,0,0,0,11,0,4,0,0,7,31,0,0,0,0,3,0,0,0,0,0,0,0,0,0,0,0,0,0,0,0,0,20,0,0,0,0,0,4,0,0,0,0,0,0,0,167,0,0,0,3,0,0,0,0,0,37,0,4,0,0,0,0,0,0,0,0,0,0,0,0,0,0,5,0,0,0,0,2,0,0,0,0,0,5,0,0,6,0,0,6,0,3,0,0,0,0,2,0,0,0,0,0,112,0,0,7,0,0,0,0,0,0,0,0,0,0,46,0,0,0,0,0,25,0,0,0,0,0,0,0,0,0,0,0,0,0,0,5,0,0,0,2,0,0,0,3,0,0,0,0,0,0,0,0,0,210,0,0,0,2,2,0,0,0,0,0,0,0,1,0,0,0,0,547,0,25,0,0,0,0,0,0,20,0,0,0,0,0,0,0,2,0,0,0,0,0,0,1,4,0,0,0,0,0,0,0,0,0,0,0,0,0,0,0,0,0,4,0,3,0,0,0,0,0,0,0,0,0,0,0,0,0,0,0,0,3,11,0,0,19,0,0,0,0,0,0,0,0,158,0,0,0,0,6,11,0,0,0,0,0,0,0,0,0,11,0,0,0,0,0,0,0,0,0,0,0,0,72,0,0,0,0,0,0,0,0,0,0,0,0,0,0,0,0,0,0,0,0,0,35,8,0,0,0,0,0,0,0,0,2,0,0,0,2,0,0,3,0,0,0,0,0,0,0,0,0,2,0,0,0,0,0,0,0,3,0,0,0,2,0,0,0,0,0,0,0,0,0,1,3,5,0,0,0,0,0,0,0,0,0,0,0,0,0,0,0,0,0,0,8,5,0,0,0,0,0,0,0,0,68,0,0,0,0,3,0,0,0,3,1,3,0,0,0,0,0,0,0,0,0,0,0,0,0,0,0,0,0,3,0,0,0,0,0,0,0,0,0,0,0,82,0,0,0,0,0,0,0,0,0,0,4,0,0,0,0,0,0,0,0,0,1
"D550",0,0,0,0,0,0,0,0,0,0,0,0,0,0,0,0,0,0,0,80,0,0,0,0,0,0,4,0,0,1,0,0,0,0,0,0,0,0,0,63,0,0,0,0,0,0,0,0,0,0,0,0,0,0,0,0,0,0,0,0,0,0,0,0,53,0,0,19,0,0,0,0,0,0,0,0,0,0,0,0,0,0,0,0,0,0,0,2,0,0,0,0,0,0,0,0,12,0,0,0,0,0,0,0,0,0,0,0,0,0,0,0,0,0,0,0,0,0,0,0,3,0,0,0,0,0,0,0,3,0,0,0,3,1,0,0,0,5,0,0,0,0,0,0,0,0,0,0,0,0,0,0,0,0,16,0,0,0,0,0,0,0,0,37,0,0,0,0,0,0,0,668,0,0,0,0,0,0,0,2,0,0,0,0,0,0,0,0,0,0,0,0,0,0,0,0,6,0,0,7,0,0,0,0,0,0,0,4,0,0,0,0,0,0,0,0,0,0,0,0,0,0,0,0,0,0,0,1,0,0,0,0,0,0,0,0,0,0,0,0,0,2,0,0,0,0,0,16,0,0,123,2,0,0,0,0,0,53,0,0,0,0,0,0,0,0,0,0,0,0,0,0,0,0,0,0,0,0,0,0,0,0,0,4,0,0,0,0,0,0,0,0,0,0,0,0,0,0,0,0,0,5,2,0,0,0,0,0,0,0,0,0,0,0,20,0,0,0,0,0,0,0,0,0,0,0,2,0,0,0,0,0,0,0,30,0,0,0,0,0,0,0,24,0,0,0,0,0,0,0,0,0,0,0,0,2,0,0,0,76,0,0,0,0,0,0,0,0,0,0,0,0,0,0,0,0,0,0,0,0,0,0,0,0,0,0,0,0,123,0,0,0,0,0,0,0,0,0,0,1,0,0,0,0,0,0,0,0,0,0,0,0,0,0,0,0,0,0,27,0,0,0,0,0,0,84,0,0,0,0,0,0,0,0,0,0,0,0,0,0,0,0,0,0,0,0,0,0,0,0,0,0,0,0,0,0,0,0,16,0,0,0,0,0,0,0,0,0,0,0,0,0,0,0,0,0,0,8,0,0,0,0,0,107,0,44,0,0,0,0,0,0,0,0,0,0,0,0,0,2,0,0,0,0,0,0,0,0,0,0,0,0,0,0,0,0,0,0,0,0,0,0,0,0,2,0,0,0,0,0,0,0,0,0,0,0,0,0,0,0,0,0,0,0,0,0,0,7,0,0,0,0,0,2,1,0,0,0,0,0,0,0,0,0,0,0,0,0,0,0,0,0,0,0,0,0,0,0,0,0,1,0,0,0,0,0,0,0,0,0,0,0,0,0,0,0,0,0,4,0,0,0,0,0,0,0,17,0,0,0,0,0,0,0,0,0,0,0,0,0,0,0,308,0,0,0,0,0,0,0,0,0,0,0,2,0,0,0,0,0,0,0,0,0,0,0,0,9,0,0,0,0,0,0,0,0,0,0,2,0,0,0,0,0,0,0,0,0,0,0,0,0,0,0,0,0,0,0,2,0,0,0,0,0,0,0,0,0,112,0,0,0,0,0,0,0,0,0,0,0,0,0,149,0,0,0,0,0,0,0,0,0,0,0,0,3,0,0,0,0,0,0,0,0,0,6,0,0,0,0,0,0,0,0,0,0,0,0,0,0,0,0,0,0,0,0,0,0,0,0,0,0,0,176,0,0,0,0,0,0,0,0,0,0,0,60,0,0,0,0,0,3,0,0,3,0,0,0,0,0,0,0,0,0,0,0,0,0,0,0,0,0,0,0,0,0,0,121,0,0,0,0,0,0,0,0,0,0,0,0,0,0,0,0,0,0,0,0,0,0,0,0,0,0,0,0,0,0,0,0,0,0,0,0,0,0
"D551",4,0,0,36,11,0,0,3,0,0,0,0,0,0,0,0,0,0,0,1,0,0,0,0,6,2,0,0,0,0,0,0,0,0,0,0,0,0,0,0,2,0,9,0,0,0,0,0,0,0,4,0,0,0,0,0,0,0,9,0,0,0,0,0,0,0,0,23,24,0,0,42,0,0,0,0,0,0,0,0,0,0,0,0,0,4,0,6,0,1,0,0,0,154,0,0,0,12,0,0,0,0,0,0,37,0,0,0,0,2,0,0,0,0,21,0,0,0,0,0,0,31,0,0,0,2,0,0,0,0,0,0,44,0,0,2,0,4,0,0,0,0,0,0,3,0,0,0,0,0,0,0,0,0,4,0,6,0,32,25,0,0,0,39,0,0,0,0,17,0,0,216,0,0,0,0,5,0,0,0,3,0,0,3,0,0,0,0,0,0,0,0,0,0,0,0,0,0,0,1,0,0,0,0,0,24,0,0,0,0,0,0,0,0,0,0,0,0,6,0,0,0,0,0,0,0,0,0,0,0,0,19,0,0,0,0,0,3,10,0,0,0,2,0,0,0,0,0,2,0,14,0,0,0,0,0,0,0,2,2,2,0,0,0,0,0,0,0,0,0,0,0,0,0,0,5,0,0,0,0,0,0,0,7,0,0,0,11,0,0,0,0,0,0,0,0,0,0,18,6,0,0,3,0,0,0,4,0,7,0,0,0,0,0,2,0,0,0,0,0,0,0,2,0,0,0,0,0,13,0,0,0,0,0,2,0,0,0,0,0,0,0,0,0,0,0,2,9,4,0,0,0,0,0,0,0,0,33,0,2,0,0,0,0,0,0,0,0,0,0,0,2,0,0,0,0,0,0,0,0,0,0,0,0,0,2,0,0,0,0,0,0,0,0,0,0,0,0,0,0,0,0,2,0,0,0,286,0,0,0,0,0,0,0,0,0,0,3,11,0,5,0,0,0,0,0,0,0,0,36,7,0,0,0,0,0,0,4,0,0,0,0,0,0,0,0,0,0,0,0,0,0,0,0,0,0,0,0,0,49,0,3,0,0,2,0,0,0,0,0,0,0,0,1364,0,0,0,0,0,0,0,10,4,2,2,0,0,0,11,0,3,0,0,2,0,2,0,0,0,0,0,0,0,0,0,0,20,0,2,0,3,5,0,0,0,0,0,0,0,0,0,0,0,0,0,0,0,0,0,0,0,2,0,0,0,6,0,0,0,0,2,0,0,0,17,0,0,0,25,0,1,0,0,0,0,0,0,0,0,0,0,0,0,0,0,0,0,0,0,0,0,0,4,0,0,0,0,0,0,0,0,0,0,4,0,0,0,0,0,0,0,9,3,0,0,0,0,5,0,0,0,0,0,0,0,0,0,0,0,0,0,0,0,0,0,0,0,0,0,0,0,0,11,0,0,0,0,0,0,0,0,0,0,2,0,0,0,0,0,0,0,4,0,0,0,0,0,0,6,0,0,0,0,0,0,0,3,0,3,0,0,0,0,0,0,0,0,0,0,0,0,0,0,0,0,0,0,0,15,0,0,0,7,0,0,0,0,0,0,0,0,0,0,0,0,0,0,8,0,0,0,0,0,0,0,10,0,0,0,0,2,0,0,0,0,0,0,3,0,2,8,0,0,0,0,0,0,0,2,0,28,0,0,0,0,0,0,0,0,0,0,0,0,0,0,0,0,0,0,0,0,0,0,0,7,9,0,0,0,0,0,0,7,0,2,0,0,0,0,0,0,0,10,0,0,0,0,0,10,0,0,0,3,0,0,0,0,0,0,0,0,0,0,0,0,0,13,8,0,0,3,0,0,0,0,0,0,3,0,0,0,0,0,0,0,138,0,0,0,0,1,20,0,0,0,13,0,0,0,0,0,0,0,0,10,0
"D552",4,0,0,2,0,0,0,6,0,3,0,0,0,0,0,0,0,0,0,0,0,0,0,0,0,0,0,0,0,3,0,0,0,0,0,0,0,0,0,1,0,0,8,0,0,0,3,14,0,0,0,9,0,0,0,0,0,0,0,0,18,0,0,0,0,0,0,41,11,0,0,1,0,0,0,0,0,2,0,0,0,0,0,8,0,0,0,0,0,3,0,0,0,0,5,0,0,0,0,0,0,0,0,0,0,2,0,0,0,0,0,0,0,0,0,2,0,0,0,31,0,0,0,0,0,0,0,0,0,0,0,0,0,0,0,0,0,0,0,0,0,0,0,0,0,0,0,0,613,0,0,0,0,0,10,0,2,445,0,0,0,0,0,0,0,0,0,0,0,0,0,0,0,0,0,0,0,0,0,0,0,0,0,0,0,0,0,0,0,0,0,0,0,0,0,0,0,0,0,0,0,0,0,0,2,0,0,0,0,0,0,0,0,0,0,0,0,0,0,0,0,0,0,0,0,0,7,2,0,0,6,0,0,0,0,0,0,0,0,0,2,0,0,0,0,0,0,0,0,0,12,0,0,0,0,0,0,5,0,0,0,0,121,0,0,0,0,0,0,0,0,0,0,0,0,0,0,0,0,0,0,0,0,0,0,0,0,0,0,0,0,0,0,0,0,0,0,0,0,2,0,0,0,44,60,0,0,0,0,0,0,0,0,0,8,0,0,0,0,0,0,0,0,0,0,0,3,0,0,0,0,0,10,0,0,0,0,2,0,0,0,0,0,0,0,0,0,0,0,0,0,0,0,0,0,0,0,0,0,0,0,0,0,0,576,0,0,0,0,0,0,0,0,0,0,0,0,0,0,0,0,0,0,19,0,0,0,0,5,0,0,0,0,0,0,0,0,0,0,0,0,0,0,16,0,0,0,0,0,3,0,0,0,0,0,0,0,0,2,0,0,0,0,0,0,11,0,0,0,0,0,0,0,0,0,5,0,2,0,54,0,0,0,0,0,0,0,33,0,2,0,0,0,0,0,2,0,0,0,0,0,0,0,0,0,0,78,0,0,0,0,0,0,0,0,0,0,55,0,0,1,0,0,8,0,0,0,0,0,0,0,0,25,0,0,0,0,0,0,0,0,0,0,0,0,0,0,0,0,0,2,0,0,0,0,0,7,0,0,0,0,0,0,0,0,0,0,0,4,0,0,0,0,0,0,0,0,0,2,0,0,0,0,0,0,0,0,0,0,0,0,0,0,0,0,0,0,0,0,0,0,0,0,0,0,0,0,0,0,223,0,0,0,0,0,0,0,0,0,0,0,0,0,0,0,0,0,0,0,0,0,2,2,0,0,0,0,0,0,0,0,0,0,0,2,0,0,0,11,0,0,0,0,0,0,0,0,0,0,0,0,0,0,0,0,0,0,0,0,0,8,0,0,0,0,0,0,0,0,0,5,0,0,0,0,0,0,18,0,0,0,0,0,0,0,0,0,1,1,0,3,0,0,0,0,0,0,0,0,0,0,0,0,0,0,0,0,0,0,0,0,0,0,0,0,0,0,0,0,0,0,0,0,11,2,0,0,0,0,0,0,0,0,0,0,0,0,0,0,0,1,0,0,0,0,0,0,0,0,0,0,0,0,214,0,0,0,0,257,0,0,0,0,0,0,0,0,0,0,0,0,0,0,0,3,0,0,0,0,0,0,0,0,0,2,2,0,0,0,0,0,0,0,0,4,1,0,0,0,0,0,0,0,47,0,0,0,0,0,0,0,0,2,0,8,0,0,0,0,0,0,0,0,0,0,0,0,0,0,0,0,0,0,0,0,0,0,0,0,0,0,0,0,0,0,0,0,0,0,0,0,0,0,0,0,0,0,0,0,0,2,2,0,0,0,1
"D553",0,0,63,0,4,0,0,16,135,0,0,0,0,0,0,0,0,0,13,0,4,0,0,0,0,0,0,0,0,0,5,0,55,0,0,0,0,0,0,2,0,0,0,0,0,0,0,0,22,0,0,0,66,0,0,241,0,0,28,0,0,0,0,2,42,0,0,5,478,0,0,0,0,1,0,19,0,0,0,0,11,0,0,0,0,42,0,0,76,7,0,0,0,0,0,0,0,0,0,0,0,12,0,0,0,41,0,0,0,0,0,0,0,0,0,0,0,0,0,66,7,0,0,0,0,0,9,0,0,0,0,0,0,3,23,70,0,0,0,17,0,0,0,191,4,512,0,0,0,0,0,0,0,13,5,0,0,0,2,0,0,0,0,0,0,0,0,0,43,5,0,0,1,0,0,0,0,0,0,0,0,0,0,0,0,0,0,13,0,0,0,0,0,0,0,5,3,12,0,58,14,0,64,0,0,0,0,24,0,0,0,0,0,0,0,0,0,0,10,0,0,0,0,0,0,0,58,0,0,15,26,0,0,0,0,0,40,0,0,0,0,0,0,0,0,0,0,0,13,0,10,0,0,0,0,0,0,0,0,13,2,0,0,0,0,0,14,0,0,0,0,0,0,5,0,0,0,0,0,0,0,0,0,0,0,47,0,0,0,0,0,0,0,0,0,1,26,0,0,78,0,0,22,0,0,9,0,0,0,0,0,22,0,0,5,169,170,0,0,147,0,0,0,0,0,0,3,0,0,0,0,0,1,0,0,0,0,46,0,0,0,8,0,0,0,13,0,0,0,0,0,0,0,0,0,0,0,0,0,0,8,0,0,0,0,0,0,0,0,8,20,0,0,0,75,0,0,0,0,0,0,50,0,0,0,0,0,0,0,0,0,0,99,0,0,0,0,334,0,0,13,0,0,3,2,0,46,0,0,0,0,95,0,0,0,0,0,8,49,13,0,6,0,0,0,18,0,0,0,1,0,0,0,38,0,0,0,6,0,0,0,0,0,2,62,0,45,2,4,0,0,0,0,0,0,0,0,0,0,0,0,77,0,0,0,0,130,0,53,0,1,38,0,16,120,0,0,0,0,76,0,132,0,0,0,0,0,0,36,0,29,0,0,0,0,7,0,0,0,2,0,0,0,0,0,6,0,0,0,0,20,42,0,46,0,0,0,0,8,0,7,0,0,0,0,0,0,11,0,0,0,0,0,173,0,3,0,0,0,0,0,0,0,0,0,0,0,0,0,0,0,0,0,0,5,0,0,0,0,0,0,0,11,0,18,0,0,0,25,0,0,0,0,0,0,0,0,0,0,0,18,0,0,0,0,0,0,0,0,0,0,1,0,0,0,0,0,0,0,0,0,0,57,0,5,0,34,33,0,0,0,0,48,0,0,0,0,0,0,0,0,0,0,0,0,0,0,0,0,0,0,0,0,0,3,0,0,0,0,0,0,0,0,0,0,0,0,11,0,0,12,0,0,0,0,0,0,0,0,0,12,3,0,0,0,0,0,0,0,0,0,0,4,37,10,0,0,0,192,0,0,3,0,0,0,0,28,0,0,0,0,0,0,0,1,0,0,493,0,0,55,0,0,0,0,0,0,0,0,0,0,0,0,0,0,0,2,0,0,13,10,15,6,0,0,470,0,0,0,0,110,4,19,0,0,0,0,0,0,0,0,163,29,71,0,0,0,2,0,0,0,0,0,0,0,1,102,0,0,2,0,0,0,0,0,0,6,0,0,0,22,0,1,0,0,0,0,16,0,0,0,0,179,0,13,0,0,0,0,75,46,0,0,10,111,3,52,67,9,0,3,0,0,93,0,0,0,0,84,0,0,0,0,0,0,0,13,0,17,0,0,0,0,48,0,43,78,0,0,0,3,0,0,0,0,0
"D554",0,0,0,0,0,0,0,0,0,0,0,0,0,0,0,0,0,0,0,0,0,0,0,0,0,0,0,0,0,0,0,0,0,0,0,0,0,0,0,0,0,0,0,0,0,0,0,0,0,0,0,0,0,0,0,14,0,0,0,0,0,0,0,0,0,0,0,0,0,0,0,0,0,0,0,0,0,0,0,0,0,0,2,0,0,0,0,0,0,0,0,0,0,0,0,0,0,0,0,0,0,0,0,0,0,0,0,0,0,0,0,0,7,2,19,0,0,0,0,0,0,0,0,0,0,0,0,0,0,0,0,0,62,0,0,0,0,0,0,0,0,0,0,0,0,0,0,0,0,0,0,0,0,0,0,0,0,0,0,0,0,0,0,0,0,0,0,0,0,0,0,1,0,0,0,0,0,0,0,0,0,0,0,0,0,0,0,0,0,0,0,0,0,0,0,6,0,0,0,0,0,0,0,0,0,0,0,0,0,0,0,0,0,0,0,0,0,0,0,0,0,4,0,0,0,0,0,0,0,0,0,6,0,0,0,0,0,0,0,0,0,0,0,0,0,0,0,0,1,0,0,0,0,0,0,0,0,0,0,0,0,0,0,0,0,0,0,0,0,0,0,0,0,1,0,0,0,0,0,0,0,6,0,0,0,0,0,0,0,0,0,0,0,0,0,0,0,0,0,0,45,0,0,0,0,0,0,0,0,0,0,0,0,0,35,9,0,0,0,0,0,0,2,0,0,0,0,0,0,0,0,0,0,4,0,0,0,0,11,0,0,0,0,0,0,0,0,0,0,0,0,0,0,0,0,0,0,0,0,0,2,0,0,0,0,0,0,0,0,0,0,0,0,0,0,0,0,0,0,0,0,0,0,0,0,0,0,0,0,0,0,0,0,0,0,0,0,12,0,0,0,0,0,0,0,0,4,0,0,0,1,0,0,0,0,0,0,0,0,0,0,0,0,0,3,0,0,0,0,0,0,0,0,0,0,0,0,0,2,0,0,0,0,0,0,0,0,0,0,0,0,0,0,0,0,0,0,0,0,0,0,0,0,0,0,0,0,0,0,0,0,0,0,72,0,0,0,0,0,0,7,0,0,0,0,0,0,0,0,0,2,0,0,0,0,0,0,0,0,0,0,0,0,0,0,0,6,0,0,0,0,0,0,0,0,0,0,8,0,0,0,0,0,0,0,0,0,0,0,0,0,0,0,0,0,0,0,0,0,0,0,0,0,0,0,0,0,0,0,0,0,0,0,0,0,0,0,0,0,0,0,0,0,0,0,0,0,0,0,0,0,0,0,0,0,0,0,0,0,0,0,0,0,0,0,0,0,0,0,0,0,0,0,3,0,0,0,0,0,0,0,0,0,0,0,0,0,0,0,0,0,0,0,0,0,0,0,0,0,0,0,0,0,0,0,0,0,0,0,0,0,0,0,0,0,0,0,0,0,0,0,0,0,0,0,0,0,0,0,0,0,0,0,0,0,0,0,0,0,0,0,0,0,0,0,0,0,0,0,0,0,0,0,0,0,0,0,0,0,0,0,0,0,0,0,0,0,0,0,0,0,0,0,0,0,0,0,19,0,0,0,0,0,0,0,0,0,0,0,0,0,0,0,0,0,0,0,0,0,0,0,0,0,0,0,0,0,0,0,0,0,0,0,0,0,0,0,0,0,0,0,0,0,0,0,0,0,0,0,0,3,3,3,0,0,0,0,0,0,0,0,0,3,0,0,0,0,0,0,0,0,0,0,0,0,0,0,0,0,0,0,0,0,0,0,0,0,4,0,0,0,0,0,0,0,0,0,0,5,0,0,0,0,0,0,0,0,0,0,0,0,0,0,0,0,0,0,0,0,0,0,0,0,0,5,0,2,0,0,0,0,0,0,0,0,0
"D555",0,0,0,0,0,0,0,0,0,0,0,0,0,0,0,0,0,0,0,0,0,0,0,0,0,0,0,0,0,0,0,0,0,0,0,0,0,0,0,0,0,0,0,0,0,0,0,0,0,0,0,0,0,0,0,0,0,0,0,0,0,0,0,0,0,0,0,0,0,0,0,0,0,0,0,0,0,0,0,0,0,0,0,0,0,0,0,0,0,0,0,0,0,0,0,0,0,0,0,0,0,0,0,0,0,0,0,0,0,0,0,0,0,0,0,0,0,0,0,0,0,0,0,0,0,0,0,0,0,0,0,0,0,0,0,0,0,0,0,0,0,0,0,0,0,0,0,0,0,0,0,0,0,0,0,0,0,0,0,0,0,0,0,0,0,0,0,0,0,0,0,0,0,0,0,0,0,0,0,0,0,0,0,0,0,0,0,0,0,0,0,0,0,0,0,0,0,0,0,0,0,0,0,0,0,0,0,0,0,0,0,0,0,0,0,0,0,0,0,0,0,0,0,0,0,0,0,0,0,0,0,0,0,0,0,0,0,0,0,0,0,0,0,0,0,0,0,0,0,0,0,0,0,0,0,0,0,0,0,0,0,0,0,0,0,0,0,0,0,0,0,0,0,0,0,0,0,0,0,0,0,0,0,0,0,0,0,0,0,0,0,0,0,0,0,0,0,0,0,0,0,0,0,0,0,0,0,0,0,0,0,0,0,0,0,0,0,0,0,0,0,0,0,0,0,0,0,0,0,0,0,0,0,0,0,0,0,0,0,0,0,0,0,0,0,0,2,0,0,0,0,0,0,0,0,0,0,0,0,0,0,0,0,0,0,0,0,0,0,0,0,0,0,0,0,0,0,0,0,0,0,0,0,0,0,0,0,0,0,0,0,0,0,0,0,0,0,0,0,0,0,0,0,0,0,0,0,0,0,0,0,0,0,0,0,0,0,0,0,0,0,0,0,0,0,0,0,0,0,0,0,0,0,0,0,0,0,0,0,0,0,0,0,0,0,0,0,0,0,0,0,0,0,0,44,0,0,0,0,0,0,0,0,0,0,0,0,0,0,0,0,0,0,0,0,0,0,0,0,0,0,0,0,0,0,0,0,0,0,0,0,0,5,0,0,0,0,0,0,0,0,0,0,0,0,0,0,0,0,0,0,0,0,0,0,0,0,0,0,0,0,0,0,0,0,0,0,0,0,0,0,0,0,0,0,0,0,0,0,0,0,0,0,0,0,0,0,0,0,0,0,0,0,0,0,0,0,0,0,0,0,0,0,0,0,0,0,0,0,0,0,0,0,0,0,0,0,0,0,0,0,0,0,0,0,0,0,0,0,0,0,0,0,0,0,0,0,0,0,0,0,0,0,0,0,0,0,0,22,0,0,0,0,0,0,0,0,0,0,0,0,0,0,0,0,0,0,0,0,0,0,0,0,0,0,0,0,0,0,0,0,0,0,0,0,0,0,0,0,0,0,0,0,0,0,0,0,0,0,0,0,0,0,0,0,0,0,0,0,0,0,0,0,0,0,0,0,0,3,0,0,0,0,0,0,0,0,0,0,0,0,0,0,0,0,0,0,0,0,0,0,0,0,0,0,0,0,0,0,0,0,0,0,0,0,0,0,0,0,0,0,0,0,0,0,0,0,0,0,0,0,0,0,0,0,0,0,0,0,0,0,0,0,0,0,0,0,0,0,0,0,0,0,0,0,0,0,0,0,0,0,0,0,0,0,0,0,0,0,0,0,0,0,0,0,0,0,0,0,0,0,0,0,0,0,0,0,0,0,0,0,0,0,0,0,0,0,0,0,0,0,0,0,0,0,0,0,0,0,0,0,0,0,0,0,0,0,0,0,0,0,0,0,0,0,0,0,0,0,0,0,0,0,0,0,0
"D556",3,0,0,0,0,0,0,0,0,0,0,0,0,0,0,0,0,0,0,0,0,0,0,0,0,0,0,0,0,0,0,0,8,0,0,0,0,0,0,0,0,0,0,0,0,0,0,0,0,0,0,0,0,0,0,0,0,0,4,0,0,0,0,0,0,0,0,0,3,0,0,0,0,0,0,0,0,0,0,0,0,0,0,0,0,3,0,0,0,2,0,0,0,0,0,0,0,0,0,0,0,0,0,0,0,0,0,0,0,0,0,0,0,0,0,0,0,0,0,0,0,0,0,0,0,2,0,0,0,0,0,0,0,0,0,0,0,0,0,3,0,0,0,0,0,6,0,0,0,0,0,0,0,0,0,0,0,0,0,0,0,0,0,0,0,0,0,0,0,4,0,0,0,0,0,0,0,0,0,0,0,0,0,0,0,0,0,0,0,0,0,0,0,0,0,0,0,0,0,3,0,0,0,0,0,0,0,5,0,0,0,0,0,0,0,0,0,0,0,0,0,0,0,0,0,0,0,0,0,0,0,0,0,0,0,0,0,0,0,0,0,0,0,0,0,0,0,0,0,0,10,0,0,0,0,0,0,0,0,0,0,0,0,0,0,0,0,0,0,0,0,0,0,0,0,0,0,0,0,0,0,0,0,0,0,0,0,0,0,0,0,0,0,0,0,0,2,2,0,0,0,0,2,0,0,0,0,0,0,0,0,0,0,2,2,0,0,0,0,0,10,0,0,0,0,0,1,0,0,0,0,0,0,0,0,0,0,2,0,0,0,0,0,0,0,0,0,0,0,0,0,0,0,0,0,0,0,0,0,0,0,0,2,0,0,0,0,0,0,0,0,0,0,0,0,0,0,0,0,0,0,0,0,0,0,0,0,0,0,0,0,0,0,0,0,0,0,61,0,0,0,0,0,0,2,0,0,0,0,0,0,0,0,0,0,0,0,0,0,0,0,0,0,0,0,2,0,0,0,0,0,0,0,0,0,0,0,0,0,0,0,0,0,0,0,0,0,0,0,0,0,0,0,0,0,0,0,0,0,0,0,0,0,0,0,0,0,0,0,0,0,0,0,0,3,0,0,0,0,0,0,5,0,0,0,0,0,0,0,0,0,0,0,0,0,0,0,0,0,2,0,0,0,0,0,0,0,0,0,0,3,0,0,0,0,3,0,0,0,0,0,0,0,0,0,0,0,0,0,0,0,0,0,0,0,0,0,0,0,0,0,0,0,0,0,0,0,0,0,0,0,0,0,0,0,0,0,0,0,0,0,0,0,0,0,0,0,0,0,0,0,2,0,0,0,0,0,0,0,0,0,0,0,0,0,0,0,0,0,0,0,0,0,0,0,0,0,0,0,0,0,0,0,0,0,0,0,0,0,0,0,0,15,0,0,0,0,0,0,0,0,0,0,0,0,0,0,0,0,2,0,0,0,0,0,0,0,0,0,0,0,0,0,0,0,0,0,57,0,0,0,0,0,0,0,0,0,0,0,0,0,0,0,0,0,0,0,0,0,0,0,0,0,0,0,0,0,0,0,0,0,0,0,12228,0,0,0,0,0,0,0,0,0,0,0,0,0,5,0,0,0,0,0,0,0,0,0,0,0,0,0,0,0,0,0,0,0,0,0,0,0,0,0,0,0,0,0,0,0,0,2,6,0,0,0,0,0,0,0,0,0,0,0,3,2,0,0,0,0,0,0,0,0,0,0,0,8,0,0,0,0,0,0,0,0,0,0,0,0,0,0,0,0,0,0,0,0,0,2,0,0,0,18,0,2,0,0,0,0,0,2,0,0,0,0,0,0,0,0,0,1,0,0,0,0,0,0,0,0,0,0,0,0,0,0,0,0,0,0,0,0,0,0,0,0,0,0,0,4,0,0,13,0,0,0,0
"D557",0,0,0,0,0,0,0,0,0,0,0,0,0,0,0,0,0,0,0,0,0,0,0,0,0,0,0,0,0,0,0,0,0,0,0,0,0,0,0,0,0,0,0,0,0,0,0,0,0,0,0,0,0,0,0,0,0,0,0,0,0,0,0,0,0,0,0,0,0,0,0,0,0,0,0,0,0,0,0,0,0,0,0,0,0,0,0,0,0,0,0,0,0,0,0,0,0,0,0,0,0,0,0,0,0,0,0,0,0,0,0,0,0,0,0,0,0,0,0,0,0,0,0,0,0,0,0,0,0,0,0,0,0,0,0,0,0,0,0,0,0,0,0,0,0,0,0,0,0,0,0,0,0,0,0,0,0,0,0,0,0,0,0,0,0,0,0,0,0,0,0,0,0,0,0,0,0,0,0,0,0,0,0,0,0,0,0,0,0,0,0,0,0,0,0,0,0,0,0,0,0,0,0,0,0,0,0,0,0,0,0,0,0,0,0,0,0,0,0,0,0,0,0,0,0,0,0,0,0,0,0,0,0,0,0,0,0,0,0,0,0,0,0,0,0,0,0,0,0,0,0,0,0,0,0,0,0,0,0,0,0,0,0,0,0,0,0,0,0,0,0,0,0,0,0,0,0,0,0,0,0,0,0,0,0,0,0,0,0,0,0,0,0,0,0,0,0,0,0,0,0,0,0,0,0,0,0,0,0,0,0,0,0,0,0,0,0,0,0,0,0,0,0,0,0,0,0,0,0,0,0,0,0,0,0,0,0,0,0,0,0,0,0,0,0,0,0,0,0,0,0,0,0,0,0,0,0,0,0,0,0,0,0,0,0,0,0,0,0,0,0,0,0,0,0,0,0,0,0,0,0,0,0,0,0,0,0,0,0,0,0,0,0,0,0,0,0,0,0,0,0,0,0,0,0,0,0,0,0,0,0,0,0,0,0,0,0,0,0,0,0,0,0,0,0,0,0,0,0,0,0,0,0,0,0,0,0,0,0,0,0,0,0,0,0,0,0,0,0,0,0,0,0,0,0,0,0,0,0,0,0,0,0,0,0,0,0,0,0,0,0,0,0,0,0,0,0,0,0,0,0,0,0,0,0,0,0,0,0,0,0,0,0,0,0,0,0,0,0,0,0,0,0,0,0,0,0,0,0,0,0,0,0,0,0,0,0,0,0,0,0,0,0,0,0,0,0,0,0,0,0,0,0,0,0,0,0,0,0,0,0,0,0,0,0,0,0,0,0,0,0,0,0,0,0,0,0,0,0,0,0,0,0,0,0,0,0,0,0,0,0,0,0,0,0,0,0,0,0,0,0,0,0,0,0,0,0,0,0,0,0,0,0,0,0,0,0,0,0,0,0,0,0,0,0,0,0,0,0,0,0,0,0,0,0,0,0,0,0,0,0,0,0,0,0,0,0,0,0,0,0,0,0,0,0,0,0,0,0,0,0,0,0,0,0,0,0,0,0,0,0,0,0,0,0,0,0,0,0,0,0,0,0,0,0,0,0,0,0,0,0,0,0,0,0,0,0,0,2,0,0,0,0,0,0,0,0,0,0,0,0,0,0,0,0,0,0,0,0,0,0,0,0,0,0,0,0,0,0,0,0,0,0,0,0,0,0,0,0,0,0,0,0,4,0,0,0,0,0,0,0,0,0,0,0,0,0,0,0,0,0,0,0,0,0,0,0,0,0,0,0,0,0,0,0,0,0,0,0,0,0,0,0,0,0,0,0,0,0,0,0,0,0,0,0,0,0,0,0,0,0,0,0,0,0,0,0,0,0,0,0,0,0,0,0,0,0,0,0,0,0,0,0,0,0,0,0,0,0,0,0,0,0,0,0,0,0,0,0,0,0,0,0,0,0,0,0,0,0,0,0,0,0,0,0,0
"D558",0,0,0,0,0,0,0,0,0,0,0,0,0,0,0,0,0,0,0,0,0,0,0,0,0,0,0,0,0,0,0,0,0,0,0,0,0,0,0,0,0,0,0,0,0,0,0,0,0,0,0,0,0,0,0,0,0,0,0,0,17,0,0,0,0,0,0,0,0,0,0,0,0,0,0,0,0,0,0,0,0,0,0,0,0,0,0,0,0,0,0,0,0,0,0,0,0,0,0,0,0,0,0,0,0,0,0,0,0,0,0,0,0,0,0,0,0,0,0,0,0,0,0,0,0,0,0,0,0,0,0,0,0,0,0,0,0,0,0,0,0,0,0,0,0,0,0,0,0,0,0,0,0,0,0,0,0,0,0,0,0,0,0,0,0,0,0,0,0,0,0,0,0,0,0,0,0,0,0,0,0,0,0,0,0,0,0,0,0,0,0,0,0,0,0,0,0,0,0,0,0,0,0,0,0,0,0,0,0,0,0,0,0,0,0,0,0,0,0,0,0,0,0,0,0,0,0,0,0,0,0,0,0,0,0,0,0,0,0,0,0,0,0,0,0,0,0,0,0,0,0,0,0,0,0,0,0,0,0,0,0,0,0,0,0,0,0,0,0,0,0,0,0,0,0,0,0,0,0,0,0,0,0,0,0,0,0,0,0,0,0,0,0,0,0,0,0,0,0,0,0,0,0,0,2,0,0,0,0,0,0,0,0,0,0,0,0,0,0,0,0,0,0,0,0,0,0,0,0,0,0,0,0,0,0,0,0,0,0,0,0,0,0,0,0,0,0,0,0,0,0,0,0,0,0,0,0,0,0,0,0,0,0,0,0,0,0,0,0,0,0,0,0,0,0,0,0,0,0,0,0,0,0,0,0,0,0,0,0,0,0,0,0,0,0,0,0,0,0,0,0,0,0,0,0,0,0,0,0,0,0,0,0,0,0,0,0,0,0,0,0,0,0,0,0,0,0,0,0,0,0,0,0,0,0,0,0,0,0,0,0,0,0,0,0,0,0,0,0,0,0,0,0,0,0,0,0,0,0,0,600,0,0,0,0,0,0,0,0,0,0,0,0,0,0,0,0,0,0,0,0,0,0,0,0,0,0,0,0,0,0,0,0,0,0,0,0,0,0,0,0,0,0,0,0,0,0,0,0,0,0,0,0,0,0,0,0,0,0,0,0,0,0,0,0,0,0,0,0,0,13,0,0,0,0,0,0,0,0,0,0,0,0,0,0,0,0,0,0,0,0,0,0,0,0,0,0,0,0,0,0,0,0,0,0,0,0,0,0,0,0,0,0,0,0,0,0,0,0,0,0,0,0,0,0,0,0,0,0,0,0,0,0,0,0,0,0,0,0,0,0,0,0,0,0,0,0,0,0,0,0,0,0,0,0,0,0,0,0,0,0,0,0,0,0,0,0,0,0,0,0,0,0,0,0,0,0,0,0,0,0,0,0,0,0,0,0,0,0,0,0,0,0,0,0,0,0,0,0,0,0,0,0,0,0,0,0,0,0,0,0,0,0,26,0,0,0,0,0,0,0,0,4,0,0,0,0,0,0,0,0,0,0,0,0,0,0,0,0,0,0,0,0,0,0,0,0,0,0,0,0,0,0,0,0,0,0,0,0,0,0,0,0,0,0,0,0,0,0,0,0,0,0,0,0,0,0,0,0,0,0,0,0,0,0,0,0,0,0,0,0,0,0,0,0,0,0,0,0,0,0,0,0,0,0,0,0,0,0,0,0,0,0,0,0,0,0,0,0,0,1,0,0,0,0,0,0,0,0,0,0,0,0,0,0,0,0,0,0,0,0,0,0,0,0,0,0,0,0,0,0,0,0,0,0,0,0,0,0,0,0,0,0,0,0,0,0,0,0,0,0,0,0,0,0,0
"D559",0,0,0,0,0,0,0,0,0,0,0,0,0,0,0,0,0,0,0,0,0,0,0,0,0,0,0,0,0,0,0,0,0,0,0,0,0,0,0,0,0,0,0,0,0,0,0,0,0,0,0,0,0,0,0,0,0,0,0,0,0,0,0,0,0,0,0,0,0,0,0,0,0,0,0,0,0,0,0,0,0,0,0,0,0,0,0,0,0,0,0,0,0,0,0,0,0,0,0,0,0,0,0,0,0,0,0,0,0,0,0,0,0,0,0,0,0,0,0,0,0,0,0,0,0,0,0,0,0,0,0,0,0,0,0,0,0,0,0,0,0,0,0,0,0,0,0,0,0,0,0,0,0,0,0,0,0,0,0,0,0,0,0,0,0,0,0,0,0,0,0,0,0,0,0,2,0,0,0,0,0,0,0,0,0,0,0,0,0,0,0,0,0,0,0,0,0,0,0,0,0,0,0,0,0,0,0,0,0,0,0,0,0,0,0,0,0,0,0,0,0,0,0,0,0,0,0,0,0,0,0,0,0,0,0,0,0,0,0,0,0,0,0,0,0,0,0,0,0,0,0,0,0,0,0,0,0,0,0,0,0,0,0,0,0,0,0,0,0,0,0,0,0,0,0,0,0,0,0,0,0,0,0,0,0,0,0,0,0,0,0,0,0,0,0,0,0,0,0,0,0,0,0,0,0,0,0,0,0,0,0,0,0,0,0,0,0,0,0,0,0,0,0,0,0,0,0,0,0,0,0,0,0,0,0,0,0,0,0,0,0,0,0,0,0,0,0,0,0,0,0,0,0,0,0,0,0,0,0,0,0,0,0,0,0,0,0,0,0,0,0,0,0,0,0,0,0,0,0,0,0,0,0,0,0,0,0,0,0,0,0,0,0,0,0,0,0,0,0,0,0,0,0,0,0,0,0,0,0,0,0,0,0,0,0,0,0,0,0,0,0,0,0,0,0,0,0,0,0,0,0,0,0,0,0,0,0,0,0,0,0,0,0,0,0,0,0,0,0,0,0,0,0,0,0,0,0,0,0,0,0,0,0,0,0,0,0,0,0,0,0,0,0,0,0,0,0,0,49,0,0,0,0,0,0,0,0,0,0,0,0,0,0,0,0,0,0,0,0,0,0,0,0,10,0,0,0,0,0,0,0,0,0,0,0,0,0,0,0,0,0,0,0,0,0,0,0,0,0,0,0,0,0,0,0,0,0,0,0,0,0,0,0,0,0,0,0,0,0,3,0,0,0,0,0,0,0,0,0,0,0,0,0,0,0,0,0,0,0,0,0,0,0,0,0,0,0,0,0,0,0,0,0,0,0,0,0,0,0,0,0,0,0,0,0,0,0,0,0,0,0,0,0,0,0,0,0,0,0,0,0,0,0,0,0,0,0,0,0,0,0,0,0,3,0,0,0,0,0,0,0,0,0,0,0,0,0,0,0,0,0,0,0,0,0,0,0,0,0,0,0,0,1,0,0,0,0,0,0,0,0,0,0,0,0,0,0,0,0,0,0,0,0,0,0,0,0,0,0,0,0,0,0,0,0,0,0,0,0,0,0,0,0,0,0,0,0,0,0,0,0,0,0,0,0,0,0,0,0,0,0,0,0,0,0,0,0,0,0,0,0,0,0,0,0,0,0,0,0,0,0,0,0,0,0,0,0,0,0,0,0,0,0,4,0,0,0,0,0,0,0,0,0,0,0,0,0,0,0,0,0,0,0,0,0,0,0,0,0,0,0,0,0,0,0,0,0,0,0,0,0,0,0,0,0,0,0,0,0,0,0,0,0,0,0,0,0,0,0,0,0,0,0,0,0,0,0,0,0,0,0,0,0,0,0,0,0,0,0,0,0,0,0,0,0,0,0,0,0,0,0,0,0,0,0,0
