,otu317458,otu187988,otu56423,otu149387,otu190213,otu308757,otu52001,otu264772,otu243958,otu19492,otu157879,otu234399,otu148198,otu66141,otu265516,otu156513,otu121514,otu128440,otu78308,otu144892,otu151388,otu171426,otu60355,otu251532,otu4298,otu321556,otu290794,otu270847,otu92456,otu102976,otu290249,otu138843,otu155659,otu24642,otu178207,otu55290,otu301727,otu315384,otu304184,otu314536,otu280657,otu251239,otu132182,otu87424,otu100234,otu78596,otu241002,otu75689,otu24528,otu41515,otu82365,otu117685,otu91075,otu199122,otu113994,otu283090,otu45913,otu275580,otu187218,otu131973,otu304298,otu187829,otu232045,otu328319,otu155702,otu324101,otu101845,otu101753,otu263295,otu201690,otu38625,otu298459,otu286928,otu164706,otu289051,otu23328,otu325184,otu3200,otu163717,otu227760,otu103748,otu125814,otu195408,otu47900,otu245136,otu22968,otu101806,otu326647,otu261575,otu132652,otu143223,otu45911,otu183834,otu256834,otu302225,otu55654,otu120996,otu25983,otu131901,otu248919,otu98415,otu222218,otu94157,otu58736,otu24141,otu70569,otu43678,otu106586,otu160909,otu224086,otu197155,otu278327,otu38971,otu105908,otu69930,otu127106,otu62904,otu138417,otu273830,otu85851,otu221867,otu108155,otu86985,otu277205,otu234887,otu259902,otu248837,otu36430,otu24500,otu325746,otu55336,otu29149,otu40065,otu204471,otu14493,otu274122,otu17070,otu57594,otu117687,otu296007,otu195689,otu24353,otu34816,otu200027,otu319219,otu182032,otu280946,otu120851,otu38090,otu261401,otu278075,otu289835,otu215368,otu54454,otu228398,otu235244,otu228653,otu106016,otu24589,otu98285,otu304795,otu125239,otu231647,otu66826,otu219274,otu254815,otu55624,otu97538,otu94444,otu73605,otu236578,otu119814,otu314888,otu188738,otu194673,otu312360,otu308285,otu280694,otu84462,otu231014,otu150453,otu285676,otu150133,otu290028,otu268092,otu203368,otu79108,otu197885,otu103020,otu233411,otu309225,otu252534,otu157652,otu185462,otu196922,otu192766,otu78374,otu68575,otu257163,otu291721,otu276946,otu134669,otu139401,otu270129,otu36139,otu290914,otu147213,otu103968,otu168565,otu173048,otu265125,otu222127,otu44550,otu173422,otu10785,otu191839,otu295890,otu31413,otu148919,otu268926,otu240002,otu168212,otu299267,otu75030,otu88016,otu107311,otu214479,otu242943,otu224206,otu163802,otu173981,otu82666,otu135538,otu230161,otu190994,otu165386,otu304619,otu251138,otu190034,otu54313,otu282540,otu189095,otu77315,otu9874,otu124216,otu248127,otu207496,otu145838,otu41959,otu154116,otu17628,otu9741,otu7142,otu316098,otu302096,otu225044,otu9959,otu174940,otu67104,otu185311,otu214931,otu260122,otu39875,otu77528,otu173019,otu50291,otu256267,otu153213,otu17862,otu299662,otu168693,otu47403,otu22981,otu210801,otu143731,otu131290,otu194828,otu3990,otu173566,otu166251,otu23711,otu2824,otu16489,otu308261,otu181277,otu99250,otu242915,otu43895,otu59875,otu115307,otu157459,otu10990,otu43787,otu104557,otu220844,otu263534,otu219668,otu161642,otu326881,otu75528,otu117033,otu208263,otu232248,otu206149,otu55413,otu63689,otu42549,otu62850,otu288610,otu5199,otu94435,otu177022,otu4389,otu207307,otu314945,otu65698,otu180281,otu303909,otu201751,otu67950,otu299908,otu202176,otu22980,otu242237,otu243743,otu290349,otu243655,otu67961,otu113180,otu95808,otu33780,otu289434,otu262467,otu199240,otu167853,otu73852,otu15523,otu324167,otu174745,otu8108,otu245694,otu115117,otu93123,otu14883,otu243689,otu276077,otu40932,otu30419,otu227880,otu7798,otu218587,otu291944,otu81005,otu260256,otu116427,otu277058,otu208613,otu103708,otu228025,otu267028,otu284516,otu36535,otu112225,otu252305,otu233617,otu55578,otu53020,otu194392,otu285351,otu40183,otu45918,otu32760,otu63644,otu163911,otu270617,otu238032,otu147297,otu46075,otu268010,otu173926,otu277908,otu197621,otu46118,otu171161,otu210374,otu183743,otu234279,otu137989,otu181894,otu35825,otu79808,otu189123,otu209044,otu212991,otu67089,otu245615,otu197583,otu253014,otu50245,otu40576
D1786,0,0,0,0,0.012757,0,0,0,0,0,0,0,0,0,0,0,0,0,0,0,0,0,0,0,0,0.000428,0,0,0,0.06728,0,0,0,0,0,0,0,0,0,0,0,0,0,0,0,0,0,0.640083,0.000285,0,0,0,0,0,0,0,0,0,0,0,0,0,0,0,0,0,0,0,0,0,0,0,0,7.1e-05,0,0,0,0,0,0,0,0,0,0,0.000143,0,0,0,0,0,0,0,0,0,0.000356,0,0,0,0,0,0,0,0,0,0,0,0,0,0,0,0,0,0,0,0,0,0,0,0,0,0,0,0,0,0,0,0,0,0,0,0,0,0,0,0,0,0,0,0,0,0,0,0,0,0,0,0,0,0,0,0,0,0,0,0,0,0,0,0,0,0,0,0,0,0,0,0,0.000143,0,0.000285,0,0,0,0,0,0,0,0,0,0,0,0,0,0,0,0,0,0,0,7.1e-05,0,0,0,0,0,0,0,0,0,0,0,0,0,0,0,0,0,0,0,0,0,0,0,0,0,0,0,0,0,0,0,0,0,0,0,0,0,0,0,0,0,0,0,0,0,0,0,0,0,0,0,0,0,0,0,0,0,0,0,0,0,0,0,0,0,0,0,0,0,0,0,0,0,0,0,0,0,0,0,0,0,0,0,0,0,0,0,0,0,0,0,0,0,0.000143,0,0,0,0,0.143468,0,0,0,0,0,0,0,0,0,0.095859,0,0,0,0,0,0,0.000499,0,0,0,0,0,0,0,0,0,0,0,0,0,0,0,0,0,0,0,0,0,0,0,0,0,0,0,0,0,0,0,0.000356,0,0,0,0,0,0,0,0,0,0,0,0,0,0,0,0,0,0,0,0,0,0,0,0,0,0,0,0,0.020455,0,0,0,0,0,0,0,0,0,0,0,0,0,0,0,0,0,0,0,0,0,0,0,0,0,0,0,0,0,0,0,0,0
D34,0,0,0.133014,0.049444,0.017172,0,0,0,0.000818,0.000491,0.007196,0,0,0,0.004634,0,0,0,0,0,0.000273,0.002344,0.011066,0.000436,0.000273,0,0.48539,0,0.035816,0,0,0,0,0.00109,0.003107,0.004198,0,0,0.000545,0,0.000218,0,0.000927,0,0.001363,0,0,0,5.5e-05,0,0,0.001254,0.003489,0.011775,0,0,0,0,0.000545,0,0,0,0.007523,0,0,0,0,0.000491,0,0,0.001635,0.004852,0,0.000709,0,0.000218,0,0.010903,0,0,0,0,0,0,0,0,0,0,0,0,0,0,0,0.000763,0,0,0,0.000491,0,0,0,0,0,0,0,0.006269,0,0,0,0,0,0,0,0,0,0,0,0.000327,0,0,0,0,0,0,0,0,0,0,0,0,0.002562,0,0,0,0.001908,0,0.000273,0.003652,0.004797,0,0,6e-04,0,0,0,0,0,0,5.5e-05,0,0,0,0,0,0,0,0,0.000491,0,0,0.00169,0,0.00676,0.001526,0.001908,0,0,0,0,0,0,0,0,0,0,0,0.001308,0,0.000818,0,0.001254,0,0.000218,0.001254,0,0.002889,0,0.000218,0.000327,0,0,0,0,0,0.001526,0,0,0.000382,0.002072,0,0,0,0,0,0.001036,0.000109,0,0,0,0,0.003707,0,0,0,0.003216,0,0.002235,0.000164,0,0.000763,0,0,0,0,0,0,0,0,0,0.000164,0.000382,0,0,6e-04,0,0,0,0,0.012593,0,0,0,0,0.000164,0,0,0,0,0,0,0,0,0,0,0,0,0,0.000327,0,0,0,0.000109,0,0,0.001363,0,0.004252,0,0.000491,0,0,0,0,0.001254,0,0,0,0,0.00109,0,0,0,0,0,0,0,0,0,0.000109,0,0,0,0,0.004579,0,0,0.000109,0,0,0.000436,0,0,0,0.000981,0,0,0,0,0,0,0,0,0,0,0.000382,0,0.000109,0,0,0,0,0.000709,0,0,0,0.015264,0,0.001199,0,0,0,0,0.000327,0,0,0,0,0,0,0,0,0,0,0,0.000654,0,0,0,0,0,0,0,0,0,0,0,0.001145,0.000382,0,0,0,0,0,0.000709,0,0,0,0,0,0,0,0,0,0,0,0,0,0,0,0,0,0,0,0,0,0,0.00229,0.001308,0.004743,0,0,0,0,0,0,0,0.001363,0,0,0.001363
D696,0,0,0,0,0.000414,0,0,0,0,0.583124,0,0.046716,0,0,0,0,0,0,0,0,0,5.2e-05,0,0,5.2e-05,0,0,0,0,0,0,0,0,0,0,0,0,0,0,0,5.2e-05,0,0,0,0,0,0,0,0,0,0,0,0,0.00031,0,0,0.000491,0,0,0,0,0,0,0,0,0,0,0,5.2e-05,0,0,0,0,0,0,0.011873,0.000155,0,0,0,0,0,0.209369,0,0,0,0,0,0,0,0,0.000776,0,0,0,0,0,0,0,0,0,0,0,0,0,0,0,0,0,0,0,0,0,0,0,0,0,0,0,0,0,0,0,0,0,0,0,0,0,0,0,0,5.2e-05,0,0,0,0,0,0,0,0.000776,0,0,0,0,0,0,0,0,0,0,0,0,0,0,0,0,0,0,0,0.084974,0,0,0,0,0,0,0,0,0,0,0,0,0,0,7.8e-05,0,0,0,0,0,0,0,0,0,0,0,0.00044,5.2e-05,0,0,0,0,0,0.00031,0,0,0,0,0,0,0,0,0,0,0,0,0,0,0,0,0,0,0,0,0,0,0,0,0,0,0,0,0,0,0,0,0,0,0,0,0.000233,0,0,0,0,0,0,0,0,0,0,0,0,0,0,0,0.000103,0,0,0,0,0.000155,0,5.2e-05,0,0,0,0,0,0,0,0,0,0,5.2e-05,0,0,0.000103,0,0,0,0,0,0,0,0,0,0,0,0,0,0,0,0.000155,0.001112,0,0,0,5.2e-05,0,0,2.6e-05,0,0,0,0,0,0.000103,0,0,0,0,0,0,0,5.2e-05,0,0,0,0,0,0,0,0,0,0,0,0,7.8e-05,0,0,0,0,0,0,0,0,0,0,0,0,0,0,0,0,0,0.000233,0,0,0,0,0,0,7.8e-05,0,0,0,0,0,7.8e-05,0,7.8e-05,0,0,0.00044,0,0,0,0,0,0,0,0,0,0,5.2e-05,0,0,0,0,0,0,0,0,7.8e-05,0,0,0,0,0,0,0,0,5.2e-05,0,0,0,0,5.2e-05,0,0,0,0,0,0,0,0,0,0
D921,0,0,0,0,0,0,0,0.018771,0,0,0,0.01618,0,0.02948,0,0,0,0.002332,0,0,0,0.000461,0,0,0,0.021391,0,0,0,0,0,0,0,0,0,0,0,0,0.053894,0,0,0.000259,0,0,0,0,0.018224,0,0.003253,0,0,0,0,0,0,0,0,0.004174,0,0,0,0,0,0,0,0,0,0,0.007658,0,0,0,0,5.8e-05,0,0,5.8e-05,0,0,0,0.010595,0,0.051706,0,0.010969,0,0.000432,0,0.013473,0,0,0.020671,0,0,0.006046,0,0,0,0,0,0,0,0,0,0,0,0.030574,0,0,0,0,0,0,0,0,0.002908,0,0,0,0,0.001152,8.6e-05,0,0,0,0,0.001612,0,0,0,0,0,0.037023,0,0,0,0.002217,0,0,0,0,0,0,0,0,0,0,0,0,0.019951,0,0,0,0.006219,0,0,0.000259,0,0,0,0,0,0,0,0,0,0,5.8e-05,0.013128,0.001727,0,0.014539,8.6e-05,0,0,5.8e-05,0,0,0.000288,0,0,0.001785,0,0,0,0,0,0,0.000317,0,0,0,0,0,0,0,0,0,5.8e-05,0,0,0,0.000374,0,0,0,2.9e-05,0.011372,0,0,0,0,0,0,0,0,0,0,0,0,0,0,0.001439,0,0,0,0,0,0,0,0,0.00452,0,0,0,0,0,0.011084,0,0,0,0,0,0,0,0,0,0.000461,0,0,0,0,0,0,2.9e-05,0,5.8e-05,0,0,0,0,0,5.8e-05,0,0,0,0,0,0,0.015978,0.00023,0.006219,0.001382,0,0,0,0,0,0,0.001411,0,0,0,0,0.012782,0.005902,0,0,0,0,0,0,0,0,0,8.6e-05,0,0.001094,0,0,0,0,0,0,0,8.6e-05,0,0,0.000345,0,0.007456,0,0,0.005988,0,0,0,0,0.001958,0,0.006017,0,0,0.001209,0,0,0.000691,0,0,0,0,0,0,0,0,0,0,0,0,0,0.004376,0,0,0.002044,0,0,0,0,0,0,0,0,0,0.013186,0,0.005125,0,0,0,0,0.001555,0,0.001785,0,0,0,0,0,5.8e-05,0,0.005125,0,0,0.000259,0,0.000489,0,0,0,0,0.003455,0,0,0,0,0,0,0,0,0.000979,0,0,0.01618,0,0,0,0,0,0.004146,0
D4240,0,0,0,0,0,0,0.145946,0,0,0,0.010811,0,0,0,0,0,0,0,0.081081,0,0,0,0,0,0,0.010811,0,0,0,0,0,0,0.037838,0,0,0,0.021622,0,0,0.059459,0,0,0,0.016216,0,0,0,0,0,0,0,0,0,0,0,0,0,0,0,0,0,0,0,0,0,0,0.010811,0,0,0,0,0,0.005405,0,0,0,0,0,0,0,0,0,0,0.037838,0,0,0,0,0,0,0,0,0.016216,0,0,0,0,0,0,0,0,0,0,0,0,0,0,0,0.059459,0,0,0,0,0,0,0,0.037838,0,0,0,0,0,0,0,0,0,0,0,0,0,0,0,0,0,0,0,0,0,0,0,0,0,0,0,0,0,0,0,0,0,0,0,0,0,0,0.07027,0,0,0.021622,0,0,0,0,0,0,0,0,0,0,0,0.021622,0,0,0,0,0,0,0,0,0,0,0,0,0,0,0,0,0,0,0,0.027027,0,0,0.016216,0,0,0,0,0.010811,0,0,0,0,0,0,0,0,0,0,0,0,0,0,0,0,0,0,0.021622,0,0,0,0,0,0.010811,0,0,0,0,0,0,0,0,0,0,0,0,0,0,0,0,0,0,0,0,0,0,0,0,0,0,0,0,0,0,0,0,0,0,0,0,0,0,0,0,0,0,0,0,0,0,0,0,0,0,0,0,0,0,0,0,0,0,0,0,0,0,0,0,0,0,0,0,0,0,0,0,0,0,0,0,0,0,0,0,0,0,0,0,0,0,0,0,0,0,0,0,0,0,0,0,0,0,0,0,0,0,0,0,0,0,0,0,0,0,0.010811,0,0,0,0,0,0,0,0,0,0,0,0,0,0,0,0,0,0,0,0,0,0,0,0,0,0,0,0,0,0,0,0,0,0,0,0,0,0,0,0,0,0,0,0,0,0,0,0,0,0,0,0,0,0,0,0,0,0,0,0,0,0.048649,0,0,0
D2620,0,0,0,6.9e-05,0,0,0,0.307808,0,0,0,0.061898,0,0.147476,4.6e-05,0,0,0,0,0,0,0,0,0,0,0.002446,0.000231,4.6e-05,0,0,0,0,0,0.000254,0,0,0,0,0.000646,0,0,0,0,0,0,0,0.018579,0,0,0,0.000485,0,0,0,0,0.000462,2.3e-05,2.3e-05,0,0,0,0,0,0.000531,0,0,0,0,0.011263,0,0,0,0,0,0,2.3e-05,0,0,0,0.001177,0.003393,0,0,0,0.000577,0,0,0,0.007293,0,0,0.010986,0,0,0,0,0,6e-04,0,0,0,0,0,0,0,0,0.05329,0,0,0,0,0,0,0,0,0.002262,0,0,0,0,0,0,0,0,0,0,0.000739,0,0,0,0,0,0,0,0,0,0.000138,0,0,0,4.6e-05,0,0,0,0,0,0,0,0,0,0,0,0,0.001131,0.003346,0,0,0,0,0,0,0,0,0,0,0,0,0,0.001085,0.000185,0,0,0,0,0,0,0,0,0,0,0,0.000692,0,0,0,0,0,0.000346,0,0,0,0,0,0,9.2e-05,0,0,0,0,0,0,0,0,0,0,0,0,4.6e-05,0,0,0,0,0,0,0,0,0,0,0,0,0,0,0,0,0,0,0,0,0,0,0,0.011563,0,0,0,0,0,0,0,0,0,0,0,0,0,0,0,0,0,0,0,0,0,0,0,0,0,0,0,0,0,0,0,0,0,0.00937,0,0,0,0,0,0.002031,0,0,0,0,0,0,0,0,0,0,0,0,0,0,0,0,0.004316,0,0,0,0,0,0,0,0,0,0,0,0,0,0,0,0,0,0,0,0,0,0,0,0,0,0,0,0,0,0,0,0.014378,0,0,0.001039,0,0,0,0,0,0,0,0,0,0,0,0,0,0,0,0,0,0,0,0,0,0,0,0,0,0,0,0,0,0,0,0.002816,0,0,0,0,0,0,0.028687,0,0,0,0,0,0,0.000646,0.015048,0,0,0,0,0,0,0,0,0,0.03875,0,0,0,0,0,0,0,0,0,0,0.000162,0,0,0,0,0,0,0,0
D374,0.152534,0,0,0,0.001047,0,0.000101,0,0,0,0.001419,0,0,0,0,0,0.049561,0,0.000169,0,6.8e-05,0.002872,6.8e-05,0,0,0,0,0,0,0,0,0,0,0.002466,0,0,0,0,0,6.8e-05,0.022568,0,0,6.8e-05,0,0,0,0,0,0,0,0.000473,0,0,0,0,0,0,0,0,0,0,0,0,0,0,0,0.000304,0,0,0.001216,0,0,0.024662,0,0,0.006318,0,0,0,0,0,0,0,0,0,0,0,0,0,0,0,0,0,0,0.006453,0,0,0,0,0.006723,0,0,0,0.000541,0,0,0,3.4e-05,0,0,0,0.001047,0,0,0,0,0,0,0,0,0,0,0,0,0,0,0,0,0.000236,0,0,0,0,0,0,0,0,0,0,0,0,0,0,0,0.00027,0.036047,0.000845,0,0,0,0,0,0,0,0,0,0,0,0,0,0,0,0,0,0,0,0,0,0,0,0,0,0.000372,0,0.000473,0,0,0,0,0,0,0,0.041014,0,0,0,0,0,0.000608,0,0,0,0,0,0,0,0,0.000135,0,0,0,0,0,0,0,0,0,0,0,0,0.005135,0,0,0,0,0,0,0,0,0.007703,0,0,0,0,0.008615,0.000236,0,0.000101,0,6.8e-05,0,0.012568,0,0,0,0,0,0,0,0,0,0,0,0,0,0,0,0,0,0,0,0,0,0.002838,0,0,0,0,0,0,0,0,0,0,0,0,0,0,0,0,0,0,0.006014,0,0,0.003108,3.4e-05,0,0,0,0,0,0,0,0,0.016081,0,0,0,0,0,0,0,0,0,0,0,0,0,0,0,0,0,0,0.000135,0,0,0,0.001791,0,0.000236,0,0,0,0,0.000101,0.004696,0,0,0,0,0.011149,0,0,0,0,0,0,0,0.019459,0,0,0,0,0,0,0,0,0.003176,0,0,0,0,0,0,0.000101,0,0,0,0.00527,0.001182,0.000912,0,0,0,0,0,0,0,0,0,0,0,0,0,0,0,0.001014,0,0,0.004122,0.016216,0,0,0,0,0.001453,0,0.002703,0,0,0,0,0,0.001284,0,0.000608,0.000845,0.000811,0,0.000676,0,0,0,0,0.000338,0,0,0
D3285,0.032009,0,0,0,0.066623,0,0,0,0,0,0,0,0,0,0,0,0,6e-05,0,0,0,0.034285,0,0,0,0,0,0.000808,0,0.000419,0,0,0,0.017217,0,0,0,0,0,0,0.008384,0,9e-05,0,0.000449,0,0,0,0.077043,0,0,0,0.220559,0,0,0,0,0,0,0,0,0,0,0.007396,0,0,0,0.110459,0,0,0,0,0,0.000898,0,0,0.008833,0,0,0,0,0,0,0,0,0,0,0,0,0,0,0,0,0,0,0,0,0,0,0,0,0,0,0,0,0,3e-05,0,0,0,0.013205,0,0,0,0,0,0,0,0,0,0.000569,0,0,0,0,0.00015,0.001108,0.000269,0,0,0,0,0,0,0,0,0,0,0,0,0,6e-05,0,0,0,0,0,0,0,0.000269,0,0,0,0,0,0,0,0,0,0,0,0,0,0,0,0,0,0.00018,0,0,0,6e-05,0,0.002395,0,0.003324,0,0,3e-05,0,0,0,0,0,0,0,0,0.00024,0.000779,0,0,0,0,0,0,0,0,0,0,0.003623,0,0,0.000269,0,0,0,0,0,0,0,0,0.000449,0,0,0,0,0,0,0,0.001288,0,0,0,0,0,0,0.003773,0,0.005809,0,0,0,0,0,0,0,0,0,0,0,0,0,0,0,0,0,0.012366,0.000719,0,0,0,0,0.00024,0,9e-05,0.004372,0,0,0,0,0,0,0,0,0,3e-05,0,0,0.000269,0,6e-05,6e-05,0.008893,0,0,0,0,0,0,0,0,0,0,0,0,0,0,0,0,0.010899,0,0,0.00015,0,0,0,0,0,0.00021,0,0,0,0,0,0,0.000269,0.002695,0,0,0,0,0.001587,0.012516,3e-05,0,0,9e-05,0,3e-05,0.000269,0,0,0,0,0,0,0,0,0.002755,0,0,0,0,0,0,0,0,0,0,0,0,0,0,0,0.00015,0.000299,0.00018,0,0,0,0,0.000449,0.000539,0,0,0,0.003893,0,0,0,0,0,0.00015,0,0,0,0.001557,0,0.000599,0,0,0,0,0,0,0,0,0,0,0,0,0,0,0,0.002755,0,0,0,0,0.00024,0,0.002515,0,0,0,0.000539,0,0,0,0
D4310,0,0,0.052382,0.051771,0.000361,0,0,0,8.3e-05,0.003414,0,0,0,0,0.001194,0,0,0,0,0,0.001915,0,0.002054,0.008716,0,0,0.000555,0,0.017877,0,0.002026,0,0,0,0.000416,0.013547,0,0,0,0,8.3e-05,0,0.073451,0,0,0,0,0,0,0.431795,0,0.005829,8.3e-05,2.8e-05,0,0,0.001305,0,0,0.000361,0,0,0.000389,0.003942,0,0,0,0.000111,0,0.000222,8.3e-05,0,0,0,0,0,0,0.001527,0,0,0,0,0,0,0,0,0,0,0,0,0,0,0,0,0,0,0,0,0,0,0,0,0,0,0,0.00025,0,0,0,0,0,0.000888,0,0,0,0,0,0.000139,0,0,0,0,0,0,0,0,0,0,0,0,0.004608,0,0,0,0.000333,0,0,0.006523,0.00111,0,5.6e-05,0.009744,0,0,0,0,0,0.000111,0,0,0,0,0,0,0,0,0,0,0,5.6e-05,0,0,0.000694,0.001582,2.8e-05,0,0,0,0,0,0,0,0,5.6e-05,0,0,0.000833,0,0.005191,0,0,0,5.6e-05,2.8e-05,0.000194,0.001555,0,0,0.017322,0,0,0,8.3e-05,0,0,0,0,0,0.008022,0,0,0,0.09688,0,0.002693,8.3e-05,0,0,0.001194,8.3e-05,0.002859,0,0,0,0,0,0.002304,0.000389,0,0,0,8.3e-05,0,0,0,0,0,0,5.6e-05,0,0,0,0,0,0,0.005247,0,0,0,0,0,0,0,0.008911,0,0,0,0,0,0,0,8.3e-05,5.6e-05,0,0,0,0,0,0,5.6e-05,0,0.000111,0,0,0.000305,0,0.000333,0,0,0,0,0,0,5.6e-05,0.012381,0,0,0,8.3e-05,0,0,0,0,0,0,0,0,0,0,0,0,0,0.00483,0.000111,0,0,0.023679,0,0,0.001749,0,0,5.6e-05,0,0,0,0,0,0,0,0,0,0,0,0,0,0,0,0,0,0,0,0,0,0,0.000333,0,0.006218,0,0,0,0,0,0,0,0,0,0,0.000527,0,0,0,0,0,0,0,0,0,0,0,0,0,0,0,0,0,0,5.6e-05,0,0,0,0,0,0,0,0,0,0,0,0,0,0,0,0,0,0,0,0,0,0,0,0,0,0,0,0,0.000555,0,0.010326,0,5.6e-05,0,0,0,0,0,0,0,0,0.000999
D2110,0.001158,0,0.00067,0,0.000975,0,0,0,0,0,0,0.000203,0.357868,0,0,0,0,0,0,0,0,0,0,0,0,0,0.000447,0,0,0,0.011983,0,0,0,0,0,0,0,0,0,0,0,0.000102,0,0.000183,8.1e-05,0,0,0,0,0,0,0,0.000528,0,0,0,0,0,0,2e-05,0,0,0,0,0,0,6.1e-05,0,0,8.1e-05,0,0,6.1e-05,0,0,0,0,0,0,0,0,0,0,0,0,0,0,0,0,0,0,0,0,0,0,0,0.614713,0,0,0,0,0,0,0,0,0,0,0,0,0,0,0,0,0,0,0,0,0,0,6.1e-05,0,0,0.000223,0,0,0,0,0,0,0,0,0,0,0,0,0,0,0,0,4.1e-05,2e-05,0.000183,0,0,0.000122,0,0,0,0,0,0,0,0,0,0,0,0,0,0,4.1e-05,0,0,0,0,0,0,0,0,0,0,0,0,0,0,0,0,0,0,0,0,0,0,0,0,0,0,0,0.000142,0,0,0,0,0,8.1e-05,0,0,0,0.000528,0,0,0,0,0,0,0,0,0,0,0,0,0,0.003087,0,0,0,0,0,0,0.000386,0,0,0,0,0,0,0,0,0,0,0,0,0,0,0,0,0,0,0,0,0,0,0.001401,0.000102,0,0,0,0,0,0,0,0,0,0,0,0,0,0,0,0,0,0.000203,0,0,0,0,0,0,4.1e-05,0,0,0,0,0,0,0,0,0,0,0,0,0,0,0,0,0,0,6.1e-05,0,0.000122,0,0,0,0,0,0,0,0,0,0,0,0,0,0,0,0,0,0,0,0,0,0,0,0,8.1e-05,0,0,0,0,0,0,0,0,0,0,0,0,0,0,0,0,0,4.1e-05,0,0,0,0,0,0,0,0,0,0,0,0,0,0,0,0,0,0,0,0,0,0,0,0,0,0,0,0,0,0,0,0,0,0,0,0,0,0,0,0,0,0,0,0,0,0,0,0,0,0,0,0,0,0,0,0,0,0,0,0,0,0,0,0,0,0,0
D2141,0,0,0,0,9.5e-05,0,0,0.082757,0,0,0,0,0,0,0,0,0,0,0,0,0,0,0,0,4.7e-05,0,0,0,0,0,0,0,0,0,0,0,0,0,0.083065,0,0,0,0,0,0,0,0,0,0,0,0.000166,0,0,0.000332,0.184126,0,2.4e-05,0.298494,0,0,0,0,0,0.000284,0,0,0,0,0,0,0,0,0,0.000118,0,0,0,0,0,0.015036,0,0,0,0,0,0,0,0,0,0,0,0.009045,0,0,0,0,0,0,0,0,0,0,9.5e-05,0,0.062322,4.7e-05,0,0,0,0,0,0,0,0,0,0,0,0,0,0,0,0.000568,0,0,0,0,0.000308,0,0,0,0,0,0,0,0,0,0,0,0,0,0,0,0,0.081005,7.1e-05,0,0,4.7e-05,0,0,0,0,0,0,0.06945,0,0,0,0,0,0,0,0,0,0,0,0,0,0,0,0,0,9.5e-05,0,0,0,0,0,0,0,0,0,0,0,0,0,0,4.7e-05,0.000663,0,0,0,0,0,0.000118,0,0,0,0,0,0,0,0,0,0,0,0,0,0.001208,0,0,0,0,0,0,0,0,0,0,0,0,0,0,0,0,0,0,0,0,0,0,4.7e-05,0,0,0.000118,0,0,0,0,0,0,0,0,0,0,0,0,0,0,0,0,0,0,0,0,0,2.4e-05,0,0,0,0,0,0,0,0,0.04248,0,0,0.000687,0,0,0.000213,0,0,0,0,0,0,0,0,0,0,0,0,0,0.000213,0,0,0,0,0,0,0,0,0,0,0,0,0,0,0,0,0,0,0,0,0,0,0,0,0,0,0,0,0,0,0,0,0,0,0,0,0,0,0,0,0,0,0,0,0,0,0,0,0,0,0,0,0,0,0,0,0,0,0,0,0,0,0,0,0,0,0,0,0,0,0,0,0.02311,0,0,0,0,0,0,0,0,0,0,0,0,0,0,0,0,0,0,0,0,0,0,0,0,0,0,0,0,0.000308,0,0,0,0,0,0,0,0,0,0,0,0
D3629,0.000898,0,0,0,0.000986,0,0,0,0,0,0,0,0,0,0,0,0.165104,0,0,0,0,0.00046,0,0,0,0,0.000153,0,0,0,0,0,0,0.001227,0,0,0,0,0,0,0.03246,0.000832,0,0,0.000285,0,0,0,0.000832,0,0,0,0,0,0,0,0,0,0,0,0,0,0,0.000504,0,0,0,0.001161,0,0,0,0,0,0.014938,0,0,0.021487,0,0,0,0,0,0,0,0,0,0,0,0,0,0,0,0,0,0,0.010973,0,0.000197,0,0,0.028934,0,0,0,0.000241,0,0,0,0,0,0,0,0,0,0,0,0,0,0,0,0,0,0,0,0,0.000241,0,0,0,0.000153,0,0,0,0,0,0,0.004096,0,0,0,0.000197,0,0,0,0,0,0.01853,0,0,0.001008,0,0,0,0,0,0,0,0,0,0,0,0,0,0,0,0,0,0,0,0,0,0,0,0,0,0.005498,0,0,0,0,0,0,0,0.002256,0,0,0,0.000175,0,0.002519,0,0.006001,0,0,8.8e-05,0,0,0,0.000504,0.001971,0,0,0.002825,0,0,0,6.6e-05,0,0,0,0,0.002979,0,0,0,0,0,0,0,0,0.005016,0.000153,0,0,0,4.4e-05,0.003461,0,0.001752,0,0.000745,0,0.002519,0,0,0,0,0,0,0,0,0,0,0,0.010448,0,0.001687,8.8e-05,0,0,0,0,0,0,0.002869,0,0,0,0.003899,0,0,0,0,0,0,0.000175,0,0,0.000416,0,0.002475,0,6.6e-05,0.000131,0,0,0.013908,0.000175,0,0,0,0,0,0.003986,0,0,0,0,0,0,0.000372,0.006834,0,0,0,0,0,0,0,0,0,0,0,0,0,0.000482,0.000591,0,0,0.001248,0,0.003307,8.8e-05,0.000175,0,0,0.001446,0.000416,0,0,0,2.2e-05,0.006155,0,0,0,0,0,0.000898,0,0.007294,0,0,0,0,0,0.002585,0,0,0.003461,0,0.003351,0.003088,0,0.000745,0,0.002891,0,0,0,0.000986,0.002497,0.002541,0,0,0,0,0,0,0,0,0.002366,0,0,0,0,8.8e-05,0,0.002453,0,0,0.001073,0.000657,0,0,0,0,0.002168,0,0.001292,0,0.002475,6.6e-05,4.4e-05,0,0.004906,0,0,0,0.00173,0,0.001665,0,0,0,0.002015,2.2e-05,0,0,0
D4063,0,0,0,0,0,0,0,0.126729,0,0,0,0,0,0,0,0,0,0,0,0,0,0,0,0,0,0,0,0,0,0,0,0,0,0,0,0,0,0,0.043531,0,0,0,0,0,0,0,0,0,0.000517,0,0,0,0,0,0.278213,0,0,0.125523,0,0,0,0,0,0,0,0,0,0,0,0,0,0,0,0,0,0,0,0,0,0.039717,0,0,0.000123,0,0,0,0,0,0,0,0,0.002412,0,0,0,0,0,9.8e-05,0,0,0,0,0,0,0.299916,0,0,0,0,0,0,0,0,0,0,0,0,0,0,0,0,4.9e-05,0,0,0,0,0.000566,0,0,0,0,0,0,0,0,0,0,0,0,0,0,0,0,0.034647,0,0,0,0,0,0,0,0,0,0,0.006619,0,0,0,0,0,0,0,0,0,0,0,0,0,0,4.9e-05,0,0,0.000935,0,0,0,0,0,0,0,0,0,0,0,0,0,0,0,0,0,0,0,0,0,0,0,0,0,0,0,0,0,0,0,0,0,0,0,0.005635,0,0,0,0,0,0,0,0,0,0,0,0,0,0,0,0,0,0,0,0,0,0,0,0,0,0,0,0,0,0,0,0,0,0,0,0,0,0,0,0,0,0,0,0,0,0,0,0.00187,0,0,0,0,0,0,0,0,0.002067,0,0,0,0,0,7.4e-05,0,0,0,0,0,0,0,0,0,0,0,0,0,0,0,0,0,0,0,0,0,0,0,0,0,0,0,0,0,0,0,0,0,0,0,0,0,0,0,0,0,0,0,0,0,0,0,0,0,0,0,0,0,0,0,0,0,0,0,0,0,0,0,0,0,0,0,0,0,0,0,0,0,0,0,0,0,0,0,0,0,0,0,4.9e-05,0,0,0,0,0,0,9.8e-05,0,0,0,0,0,0,0,0,0,0,0,0,0,0,0,0,0,0,0,0,0,0,0,0,0,0,0,0,0,0,0,0,0,0,0,0,0
D1583,0,0,0,0.176471,0,0,0.117647,0,0,0,0,0,0,0,0,0,0,0,0,0,0,0,0,0,0,0,0,0,0.352941,0,0.117647,0,0,0,0,0,0,0,0,0,0,0,0,0,0,0,0,0,0,0,0,0,0,0,0,0,0,0,0,0,0,0,0,0,0,0,0,0,0,0,0,0,0,0,0,0,0,0,0,0,0,0,0,0,0,0,0,0,0,0,0,0,0,0,0,0,0,0,0,0,0,0,0,0,0,0,0,0,0,0,0,0,0,0,0,0,0,0,0,0,0,0,0,0,0,0,0,0,0,0,0,0,0,0,0,0,0,0,0,0,0,0,0,0,0,0,0,0,0,0,0,0,0,0,0,0,0,0,0,0,0,0,0,0,0,0,0,0,0,0,0,0,0,0,0,0,0,0,0,0.117647,0,0,0,0,0,0,0,0,0,0,0,0,0,0,0,0,0,0,0,0,0,0,0,0,0,0,0,0,0,0,0,0,0,0,0,0,0,0,0,0,0,0,0,0,0,0,0,0,0,0,0,0,0,0.117647,0,0,0,0,0,0,0,0,0,0,0,0,0,0,0,0,0,0,0,0,0,0,0,0,0,0,0,0,0,0,0,0,0,0,0,0,0,0,0,0,0,0,0,0,0,0,0,0,0,0,0,0,0,0,0,0,0,0,0,0,0,0,0,0,0,0,0,0,0,0,0,0,0,0,0,0,0,0,0,0,0,0,0,0,0,0,0,0,0,0,0,0,0,0,0,0,0,0,0,0,0,0,0,0,0,0,0,0,0,0,0,0,0,0,0,0,0,0,0,0,0,0,0,0,0,0,0,0,0,0,0,0,0,0,0,0,0,0,0,0,0,0,0,0,0,0,0,0,0,0,0,0,0,0,0,0,0,0,0,0,0,0,0,0,0,0
D1063,0,0,0.029167,0.04375,0,0,0,0,0,0.00625,0,0,0,0,0,0,0,0,0,0,0,0,0,0,0,0,0.1625,0,0.00625,0,0,0,0,0,0,0,0,0,0,0,0,0,0,0,0,0,0,0,0,0,0,0,0.008333,0,0,0,0,0,0,0,0,0,0,0,0,0,0,0,0,0,0,0,0,0,0,0,0,0,0,0,0,0,0,0,0,0,0,0,0,0,0.645833,0,0,0,0,0,0,0,0,0,0,0,0,0,0,0,0,0,0,0,0,0,0,0,0,0,0,0,0,0,0,0,0,0,0,0,0,0,0,0,0,0,0,0,0,0,0,0,0,0,0,0,0,0,0,0,0,0,0,0,0,0,0,0,0,0,0,0,0,0,0,0,0,0,0,0,0,0,0,0,0,0,0,0,0,0,0,0,0,0,0,0,0,0.004167,0,0,0,0,0,0,0,0,0,0,0,0,0,0,0,0,0,0,0,0,0.029167,0,0,0,0,0,0.004167,0,0,0,0,0,0,0,0,0,0,0,0,0,0,0,0,0,0,0,0,0,0,0,0,0,0,0,0.0125,0,0,0,0,0,0,0,0,0,0,0,0,0,0,0,0,0,0,0,0,0,0,0,0,0,0,0,0,0,0,0,0,0,0,0,0,0,0,0,0,0,0,0,0,0,0,0,0,0,0,0,0,0,0,0,0,0,0,0,0,0,0,0,0,0,0,0,0,0,0,0.033333,0,0,0,0,0,0,0,0,0,0,0,0,0,0,0,0,0,0,0,0,0,0,0,0,0,0,0,0,0,0,0,0,0,0,0,0,0,0,0,0,0,0,0,0,0,0,0,0,0,0,0,0,0,0,0,0,0,0,0,0,0,0,0,0,0,0,0,0,0,0,0,0,0,0,0,0,0,0,0,0,0,0,0,0,0,0,0,0,0,0
D6,0.006096,0,0,0,0.000778,0.00013,0,0,0,0.001946,0,0,0.047085,0,0,0,0,0,0,0,0,0.011544,0,0.000843,0,0,0,0,0,0,0.001362,0,0,0,0,0,0,0,0,0,0,0.018678,0,0,0.161878,0.000519,0,0.007523,0,0,0,0,0.019197,0.001297,0,0,0,0,0.000843,0,0,0,0,0.000843,0,0,0,0.046696,0,0,0,0,0,0.000324,0,0,0,0,0,0,0,0,0,0,0,0,0,0,0,0,0,0,0,0,0,0,0,0,0,0,0,0,0,0.047798,0,0,0,0,0,0,0,0,0,0.000843,0,0,0,0,0,0,0,0,0,0,0,0,0,0,0,0,0,0,0,0,0,0,0,0,0,0,0,0,0.004799,0,0,0,0,0.000195,0,0,0,0,0,0,0,0,0,0,0,0,0,0,0,0,0,0,0,0,0,0,0,0,0,0,0,0,0,0,0,0,0,0,0,0,0,0,0,0.039951,0,0,0,0,0,0,0.007069,0,0,0,0.019132,0.00013,0,0,0,0,0,0,0,0,0,0,0,0,0,0,0,0,0,0,0,0,0,0,0,0,0,0,0,0,0,0.010961,0.030158,0,0,0,0,0,0,0,0,0,0,0,0,0.000195,0,0,0,0.001881,0,0,0,0,0,0,0,0,0,0,0,0,0,0,0,0,0,0,0,0,0,0,0,0,0,0,0,0,0,0,0,0,0,0,0,0,0,0,0,0.00013,0,0,0,0.000195,0,0,0.083468,0,0.012647,0,0,0,0,0,0.000195,0,0,0,0,0,0,0,0,0,0,0,0,0,0,0,0,0,0,0,0,0,0,0,0,0,0,0,0,0,0.006745,0,0,0,0,0,0,0,0,0,0,0,0.007783,0.020559,0,0,0,0,0,0,0.000195,0,0,0,0,0,0,0,0,0,0,0,0,0.051884,0.000584,0,0,0,0,0,0,0,0,0,0,0,0,0,0,0,0,0,0,0,0,0,0,0,0,0,0,0,0.000519,0,0,0,0,0
D1518,0,0,0,0,0,0,0.564525,0,0,0,0,0,0,0,0,0,0,0,0.007745,0.003945,0,0,0,0,0,0,0,0,0,0,0,0,0.022567,0,0,0,0.000493,0,0,0.031182,0,0,0,0,0,0,0,0,0,0,0,0,0,0,0,0,0,0,0,0,0,0,0,0,0,0,0.056795,0,0,0,0,0,0.001189,0,0,0,0,0,0,0,0,2.9e-05,0,0.002611,0,0,0,0,0,0,0,0,0,0,0,0,0,0,0,0,0,0.001769,0,0,0,0,0,0,0.010906,0,0,0,0,0,0.000928,0,0.000551,0,0,0.000957,0,0,0,0,0,0,0,0,0,0,0,0,0,0,0,0,0,0,0,0,0,0,0,0,0,0,0,0,0,0,0,0,0,0,0,0.031472,0,0,0.15855,0,0,0.009891,0,0,0,0,0,0,0,0,0.000464,0,0,0,0.000174,0,0,0.003539,0,0,0,0,0,0,0,0,0,0,0,0,2.9e-05,0,0,0,0,0,0,0,0,0,0.006759,0,0,0,0,0,0,0,0,0,0,0,0,0,0,0,0,0,2.9e-05,0,0,0,0,0,0.008412,0,0,0,0,0,0,0,0,0,0,0,0,0,0,0.000145,0,0,0,0,0,0,0,0,0,0,0,0,0,0,0,0,0,0,0,0,0,0,0,0,0,0,0,0,0,0,0,0,0,0,0,0,0,0,0,0,0,0,0,0,0,0,0,0,0,0,0,0,0,0,0,0,0,0,0,0,0,0,0,0,0.002959,0,0,0,0,0,0,0,0,0,0,0,0,0,0,0,0,0,0,0,0,0,0,0,0,0,0,0,0,0,0.000145,0,0,0,0,0,0,0,0,0,0,0,0,0,0,0,0,0,0,0,0,0,0,0,0,0,0,0,0,0,0,0,0,0,0,0,0,0,0,0,0,0,0,0,0,0,0,0,0,0,0,0,0,0,0,0,0,0,0,0,0,0,0,0,0,0
D323,0,0,0,0,0,0,0,0,0,0,0,0,0,0.001211,0,0,0,0,0,0,0,0,0,0,0,0,0,0,0,0,0,0,0,0,0,0,0,0,2.3e-05,0,0.022166,0,0,0,0,0,0,0,0,0,0,0,0,0,0,0,0,0,0,0,0,0,0,0,0,0,0,0,0,0,0,0,0,0.003772,0,0,0.016508,0,0,0,0,0,0,0,0,0,0,0,0,4.7e-05,0,0,0,0,0,0.049362,0.000885,0,0,0,0,0,0,0,4.7e-05,0,0,0,0,0,0,0,0,0,0,0,0,0,4.7e-05,0,0,0.000675,0,0,0,0.031201,0,0,0,0,0,0,0,0,0,0,0.047709,0,0,0,0,0,0,0,0.000186,0,0,0,0,0.001024,0,0,0,0,0,0,0.014133,0,0,0,0,0,0,0,0,0,0,0,0,0,0,0,0.000466,0.004424,0,0.013598,0,0,0,0,0,0,0,0,0,0,0,0,0,0,0,0,0,0,0,0,0,0,0,0.013155,0,0,0,0,0,0,0.037604,0,0,0,0,0.001257,0,0.041655,0,0,0,0,0,0,0,0,0,0,0,0,0.004028,0,0.004936,0,0,0,0,0,0,0,0,0,0,0,0,0,0,0,0.000116,0,0.002002,0.000349,0,0,0,0,0.012247,0,0.001211,0.02964,0,0,0,0,0,0,0,0,0,0,0,0,0,0,0.001024,0,0.000279,0,0,0,0.000652,7e-05,0,0,0,0.004377,0,0.007428,4.7e-05,7e-05,0.007078,0,0,0,0.019838,0,0,0,0,0,0,0,0,0,0,0,0,0,0,7e-05,0.010059,0.000605,0,0,0,0.001607,0.001653,0.000186,0,0,0.000792,0,0,2.3e-05,0,0,0,0,0,0,0,0,0.00319,0,0,0,0,0,0,0,0,0,0,0,0,0,0,0,0.00014,0,0,0,0,0,0.007218,0.025612,0.000326,0,0,0,0,0,0,0,0,0.000675,0,0,0,0,0,0,0.006054,0,0,0,0,0,0,0,0,0,0,0,0,0.000279,0.000116,4.7e-05,4.7e-05,0,0,0,0,0.000373,0,0.003446,0,2.3e-05,0,0.005379,0,0,0,0
D2411,0,0,0,0.11136,0,0,0,0,0,0,0,0,0,0,0.146307,0,0,0,0,0,0,0,0.13887,0,0,0,0,0,0,0,0,0,0,0,0.081531,0,0,0,0,0,0,0,0,0,0,0,0,0,0,0,0,0,0,0,0,0,0,0,0,0,0,0,0.133032,0,0,0,0,0,0,0,0,0,0,0,0,0,0,0,0,0,0,0,0,0,0,0.007397,0,0,0,0,0,0,0,0,0,0,0,0,0,0,0,0,0,0,0,0,0,0,0,0,0,0.001959,0,0,0,0,0,0,0,0,0,0,0,0,0,0,0,0,0,0,0.005558,0,0,0,0.051741,0,0,0,0.005758,0,0,0,0,0,0,0,0,0,0,0,0,0,0,0,0,0,0,0,0,0,0,0,0,0,0,0,0,0,0,0,0,0,0,0,0,0,0.018793,0,0,0,0.075133,0,0,0,0,0.009796,0,0,0,0,0,0,0,0,0,0,0,0,4e-04,0,0,0,0,0,0,0,0,0,0,0,0,0,0,0,0,0,0,0,0,0,0,0,0,0,0,0,0,0,0,0,0,0,0,0,0,0,0,0,0,0,0,0,0,0,0,0,0,0,0,0,0,0,0,0,0,0,0,0.122876,0,0,0,0,0,0,0,0,0.006358,0,0,0,0,0,0,0,0,0,0,0,0,0,0,0,0,0,0,0,0,0,0,0,0,0,0,0,0,0,0,0,0,0.002479,0,0,0,0.016714,0,0,0,0,0,0,0,0,0,0,0,0,0,0,0,0,0,0,0,0,0,0,0,0,0,0,0,0,0,0,0,0,0,0,0,0,0,0,0,0,0,0,0,0,0,0,0,0,0,0,0,0,0,0,0,0,0,0,0,0,0,0,0,0,0,0,0,0,0,0,0,0,0,0,0,0,0,0,0,0,0,0,0.021552,0,0,0,0,0,0,0,0,0,0,0,0,4e-04
D4108,0,0,0,0,0,0,0,0.001069,0,0.000356,0,0.001603,0,0.063057,0,0,0,0.021553,0,0,0,0,0,0,0,0.000534,0,0,0,0.000534,0,0,0,0,0,0,0,0,0,0,0,0,0,0,0,0,0,0,0.004809,0,0,0,0,0,0,0,0,0,0,0,0,0,0,0,0,0,0,0,0.000534,0,0,0,0,0,0,0,0,0,0,0.001781,0,0,0,0,0.001069,0,0.279302,0,0.000178,0,0,0.000534,0,0,0.001069,0,0,0,0.009263,0,0,0,0,0,0,0,0.008194,0,0,0,0,0,0,0,0,0,0,0,0.086569,0,0,0,0.000356,0,0,0,0.005344,0,0,0,0,0,0,0,0,0,0,0,0,0,0.015319,0,0,0,0,0,0,0,0,0.004453,0,0,0,0,0,0,0,0,0,0,0,0,0,0,0,0,0,0.001069,0,0,0,0.003919,0,0,0,0,0,0,0,0,0,0.004097,0,0,0,0,0,0.000534,0.000534,0,0,0,0,0,0,0,0,0,0,0,0,0,0,0,0,0,0,0,0,0,0,0,0,0,0,0,0,0,0,0,0,0,0.043641,0,0,0,0,0,0,0,0,0,0,0,0,0,0,0.000178,0,0,0,0,0,0,0,0,0,0.003028,0,0,0,0,0,0,0,0,0,0,0,0,0,0,0.002316,0,0,0,0,0,0,0,0,0.007125,0.000891,0,0,0,0,0,0,0.000356,0,0,0,0,0.001247,0,0,0,0.034556,0,0,0,0.003028,0,0,0.002494,0,0,0.032419,0,0,0,0,0,0,0,0,0,0.003919,0,0,0,0,0.000356,0,0,0,0,0.003028,0.000534,0.001781,0,0,0,0,0,0.057,0,0,0,0,0,0,0,0,0,0,0.020485,0,0,0,0,0,0,0.001069,0,0,0,0,0,0,0,0,0.000534,0,0.020841,0,0,0,0,0,0,0.001603,0,0,0,0,0,0,0,0,0,0,0,0,0.001781,0,0,0,0,0.001069,0,0,0,0.000356,0,0,0,0,0,0,0,0,0,0,0,0,0,0,0
D1117,0.000362,0,0.000121,0,0.000483,0,0,0,0,0,0,0,0,0.130936,0,0.000121,0,0,0,0,0,0.003077,0,0,0,0,0,0,0,0.004827,0,0,0,0.000603,0,0,0,0,0.016231,0,0.000603,0,0,0,0.000483,0,0,0.000241,0.00175,0,0,0,0,0,0,0,6e-05,0,0,0,0,0,0,0,0,0,0,0.005612,0,0,0,0,0,0.000422,0,0,0.000362,0,0,0,0,0,0,0,0.000181,0,0,0,0,0,0,0.001991,0,0,0,0.031014,0,0.00712,0,0,0,0,0,0,0,0,0,0,0,0,0,0,0,0,0,0,0,0,0,0.000362,0,0.000181,0.002655,0,0,0.010378,0.003017,0.00362,0,0,0,0,0,0,0,0,0.002172,0,0,0,0,0,0,0,0.000603,0,0,0,0,0,0,0,0,0,0,0,0,0,0,0,0,0,0,0,0,0,0,0,0,0.000121,0,0,0.000121,0,0,0.000603,0,0,0,0,0,0,0,0,0,0,0,0.001629,0,0,0,0,0,0,0,0,0,0.004827,0.001146,0.019972,0,0,0,0,0,0,0.00537,0,0,0,0,0,0,0,0,0,0,0,0,0,0,0.036807,0,0,0,0,0,0,0.0035,0,0,0,0,0,0,0,0,0,0,0,0,0,0.000121,0,0,0,0.000603,0.021541,0,0,0,0,0.000422,0,0,0.001146,0,0,0,0,0,0,0,0.000181,0,0,0,0,0,0,0.006517,0.000603,0.001146,0,0,0,0,0,0,0,0,0.007361,0,0.011464,0,0,0.002233,0,0,0.000121,0,0,0.010982,0,0,0,0,0,0.001388,0,0,0,0,0,0,0.001569,0.008206,0,0,0,0,0.000302,0.000422,0.001569,0,0,0.000302,0,0,0.011464,0,0,0,0,0.009715,0,0,0,0.007361,0,0,0.000302,0,0,0,0,0,0.002655,0,0,0,0,0,0,0.001146,0,0,0,0,0,0.000241,0.000241,0.002353,0,0,0,0,0,0,0,0,0,0,0,0.001629,0,0.002534,0,0.000362,0,0,0,0,0,0,0,0,0,0,0,0,0.000241,0.001689,0,0.015749,0,0,0,0,0.000241,0.000965,0,0,0,0,0.000845,0,0,0,0
D1762,0,0.392905,0,0,0,0,0,0,0,0,0,0.000222,0,0,0,0.004213,0,0.006208,0,0.148559,0,0,0,0,0,0,0,0,0,0.104878,0,0,0,0,0,0,0,0,0,0,0,0,0.002661,0,0.000443,0,0.000443,0,0.033038,0,0,0,0,0,0,0,0,0,0,0,0,0,0,0,0,0,0,0.008647,0.002439,0,0,0,0,0,0.041463,0,0,0,0,0,0,0,0.000665,0,0.000887,0,0,0,0,0,0,0.000665,0,0,0.002439,0,0,0,0,0,0,0,0.000222,0,0,0,0,0,0,0,0,0,0,0,0.000443,0,0,0,0,0,0,0,0.009756,0,0,0,0,0,0,0,0,0,0,0,0,0,0,0,0,0,0,0.001774,0,0,0,0,0,0,0,0,0,0,0,0.000665,0,0,0,0,0,0,0,0,0,0,0,0,0,0,0,0,0,0,0,0,0,0,0,0,0,0,0,0,0,0,0,0,0,0.002439,0,0,0,0,0,0,0,0,0.05388,0,0,0,0,0,0,0,0,0,0,0,0,0,0,0,0,0,0,0,0,0,0.029712,0,0,0,0,0.000887,0,0,0,0,0,0,0,0,0,0,0,0,0,0,0,0,0,0,0,0.078714,0,0,0,0,0,0,0,0,0,0,0,0,0,0,0,0,0,0,0,0.000665,0,0,0,0,0,0,0,0,0,0,0,0,0,0,0,0,0,0,0,0,0,0,0,0,0,0,0,0,0,0,0,0,0,0,0,0,0,0,0,0,0,0.002661,0,0,0,0,0,0,0,0,0,0,0,0,0,0,0,0,0,0.001109,0,0,0,0,0,0,0,0,0,0,0,0.002439,0,0,0,0,0,0,0,0,0,0,0,0,0,0,0,0,0,0,0,0,0,0,0,0,0,0,0,0,0,0,0,0,0,0,0,0,0,0,0,0,0,0,0,0,0,0,0,0,0.000443,0,0,0,0,0,0.000665,0,0,0,0,0,0,0,0,0
D394,0,0,0,0,0,0,0,0.046418,0,0.737977,0,0.036991,0,0.001172,0,0,0,0,0,0,0,0.000622,0,0,0,0.003134,0,0,0,0,0,0,0,0,0,0,0,0,0,0,0.000144,0,0,0,0,0,0.016294,0,0,0,0,0,0,0,0,0,0,0,0,0,0,0,0,0,0,0,0,0,0.008542,0,0,0,0,0.000239,0,0.042087,0,0,0,0,0,0,0.012944,0,0.001842,0,0,0,0,0.000167,0,0.000766,0,0,0.002034,0,0,0,0,0,0,0,0,0,0,0,0.000335,0,0,0,0,0,0,0,0,0,0,0,0,0,0,0,0,0,0,0,0.000215,0,0,0,0,0,0,0,0,0,0,0,0,0,0,0,0,0,0,0,0,0,0,0,0,0,0,0.003757,0,0,0,0,0,0,0.002895,0,0,0,0,0,0,0,0.000144,0.000479,0,0,0,0,0,0,0,0,0,0,0,0,0,0,0,0,0,0.00012,0,0,0,0,0,0,0,0,0,0,0.000144,0,0,0,0,0,0,0,0,0,0,0,0,0,0,0,0,0,0,0,0,0,0,0,0,0,0,0,0,0,0,0,0,0.001723,0,0,0,0,0,0,0,0,0,0,0,0,0,0,0,0,0,0,0,0,0,0,0,0,0,0,0,0,0,0,0,0,0,0,0,0,0.000981,0,0,4.8e-05,0,0,0,0,0,0,0,0,0,0,0,0,0,0,0,0,0,0,0,0,0,0,0,0,4.8e-05,0,0.000144,0,0,0,0,0,0,0,0,0,0,0,0,0,0,0,0,0,0,0,0,0,0,0,0,0.001412,0,0,0,0,0,0,0,0,0,0,0,0,0,0.00012,0,0,0,0,0,0,0.002536,0,0,0,4.8e-05,0,0,0,4.8e-05,0,0,0,0,0,0,0,0,0,4.8e-05,0,0.036895,0,0,0,0,0,0,0,0,0,0,0,0,0,0,0,0.000144,0,0,0,0,0,0,0,0,0,0,4.8e-05,0,0,0,0,0,0,0,0
D3792,0.027027,0.040541,0,0,0,0,0,0,0,0,0,0,0,0,0,0.162162,0,0,0,0,0,0,0,0,0,0,0,0,0,0.243243,0,0,0,0,0,0,0,0,0,0,0,0,0,0,0,0,0,0,0,0,0,0,0,0,0,0,0,0,0,0,0,0,0,0,0,0,0,0,0,0,0,0,0,0,0,0,0,0,0,0,0,0,0,0,0,0,0,0,0,0,0,0,0,0,0,0,0,0,0,0,0,0,0,0,0,0,0,0,0,0,0,0,0,0,0,0,0,0,0,0.094595,0,0,0,0,0,0,0,0,0,0,0,0.040541,0,0.027027,0,0,0,0,0,0,0,0,0,0,0,0,0,0,0,0,0,0,0,0,0,0,0,0,0,0,0,0,0,0,0,0,0,0,0,0,0,0,0,0,0.027027,0,0,0,0,0,0,0,0,0,0,0,0,0,0,0,0,0,0,0,0,0,0,0,0,0,0,0,0,0,0,0,0,0,0,0,0,0,0,0,0,0,0,0,0,0,0,0,0,0,0,0,0,0,0,0,0,0,0,0,0,0,0,0,0,0,0,0,0,0,0,0,0,0,0,0,0,0,0,0,0,0,0,0,0,0,0,0,0,0,0,0,0,0,0,0,0,0,0,0,0,0,0,0,0,0,0,0,0,0,0,0,0,0,0,0,0,0,0,0,0,0,0,0,0,0,0,0,0,0,0,0,0,0,0,0,0,0,0,0,0,0,0,0,0,0,0,0,0,0,0,0,0,0,0,0,0,0,0,0,0,0,0,0,0,0,0,0,0,0,0,0,0,0,0,0,0,0,0,0,0,0,0,0,0,0,0,0,0,0,0,0,0,0,0,0,0,0,0,0,0,0,0,0,0,0,0,0,0.027027,0,0,0,0,0,0,0,0.027027,0,0,0,0,0,0,0,0,0
D1865,0.003449,0.000179,0.052141,0.021546,0.0099,0,0,0,0.000358,0.000538,0,0,0.003315,0.000224,0.002509,0,0,0,0,0,0.06222,0.000717,0.002822,0.088067,0,0,0.036239,0,0.015857,0,0.013214,0,0,0,0.000627,0.002061,0,9e-05,0,0,0,0,0.095771,0,0.000627,0,0,0,0.000224,0.129054,0,0.000985,0.000224,0.009362,0,0,0.005913,0,0,0.028848,0.014558,0,0.002061,0.003046,0.001209,0,0,0,0,0.000403,0.002105,0.002867,0,0,0,0,0,0.002822,0,0,0,0,0,0,0,0.000358,0,0,0,0,0.013214,0,0,0,0,0,0,0,0,0,0,0,0,0,0,9e-05,0,0,0,0,0,0.000941,0,0,0,0,0,0.000851,0,0,0,0,0,0,0,0,0,0,0.00224,0,0.00869,0,0,0,0.001433,0,0,0.005286,0.005017,0,0,0.11472,9e-05,0,0,0,0,0.000762,0.000179,0,0,0,0,0,0,0,0,0,0,0,0.000358,0,0.000941,0,0,0,0,0,0,0,0,0,0,0,0,0,0,0,0.069432,0,9e-05,0,0,0,0.000224,0.001613,0,0,0.003763,0,0,0,0,0,0.000538,0,4.5e-05,9e-05,0.001254,0,0,0,0.01635,0,0.002688,0,0,0,9e-05,0.000269,0,0,0,0,0.000672,0,0.001299,0.000358,0,0,0,0,0,0.012453,0,0,0,0,0,0.000806,0.000134,0,0,0,0,0.026563,0,0,0,0,9e-05,0,0,0.001971,0,0,0,0,0,0,0,0,0,0,0,0,0,0.000314,0,0.000493,0,0,0,0,0.000403,0,0.004883,0,0,0,0,0,0,0.000672,0.001165,0,0,0,0.000134,0,0,0,0,9e-05,0,0,0,0.000179,0,0,0,0,0,0.000762,0,0,0.00103,0,0,0.000358,9e-05,0,0,0,0,0,0,0,0,0,0,0,0,0,0.000134,0,0,0,0,0,0,0.003584,0.000269,0,0,9e-05,0,0.001568,0,0,0,0,0.000448,0,0,0,0,0,0.001165,0.000134,0,0,0,0,0,0,0,0,0,0,0,0,0,0,0,0,0.000493,0,0,0,0,0,0,0.000134,0,0,0,0,0,0,0,0,0,0,0,0,0,0,0,0,0,0,0,0,0,0,0.000179,0,0.000493,0,0,0,0,0,0,0,0.001881,0,0,0.00103
D839,0,0,0.042836,0.167724,0.000359,0,0,0,0,0,0.000179,0,0,0,0.062399,0,0,0,0,0,0.000927,3e-05,0.023123,0.000509,0,0,0,0.000209,0.010799,0,0.000209,0,0,3e-05,0.108376,0.000957,0,0,0,0,0,0,0.021208,0,0,0,0,0,0,0.003171,0,0.034759,0,0,0,0,0,0,0,0,0,0,0.01041,0.000179,0,0,0,0,0,0,0,0,0,0,0.00015,0.000299,0,0.000628,0,0,0,0,0,0,0,0.054352,0,0,0,0,0,0,0,0,0,0,0,0,0,0,0,0,0,0,0,0.00015,0,0,0,0,0,0.091325,0,0,0,0,0,0,0,0,0,0,0,0,0,0,0,0,6e-05,0,0.02743,0,0,0,0.009542,0,0,0.002602,0.005803,0,0,0.007209,0,0,0,0,0,6e-05,0,0,0,0,0,0,0,0,0,0,0,0,0,0,0.000299,0.000179,0.000628,0,0,0,0,0,0,0,0,0,0,0,0.00688,0,0.00012,0,0.000987,0,0,0,0,0.030781,0,0,0,0,0,0,0,6e-05,0,0,0,0,0.00012,0,0,0,0.000778,0,0.000359,0,0,0,0,0,0.00338,0,0,0,0,0,0.016961,0,0,0,0,0,0,0,0,0,0,0,0,0,0,0,0,0,0,0,0,0,0,0,0,0,0,0.00015,0,0,0,0,0,0,0,0,0,0,0,0,0,0,0,0.000209,0,0,0,0,0,0,0.002004,0,0,0,0,0,0,0,0.00012,0,0,0,0,0,0,0,0,0,0,0,0,0,0,0,0,0,0,0,0,0,0.000179,0,0,0.040742,0,0,0,0.000897,0,0,0,0,0,0,0,0,0,0,0,0,0,0,0,0,0,0,0,0,0,0.000897,0,0.008436,0,0,0,0,0,0,0,0,0,0,0,0,0,0,0,0,0,0,0,0,0,0,0,0,0,0,0,0,0,0,0,0,0,0,0,0.001675,0,0,0,0,0,0,0,0,0,0,0,0,0,0,0,0,0,0,0,0,0,0,0.004457,0,0.011995,0,0,0,0,0,0,0,9e-05,0,0,0.006671
D904,0.011335,0,0,0,0,0,0,0,0,0,0,0,0,0,0,0,0.059865,0,0,0,0.000708,0.032235,0,0,0,0,0,0,0,0.004251,0,0,0,0,0,0,0,0,0,0,0.034361,0,0,0,0,0,0,0,0,0,0,0,0,0,0,0,0,0,0,0,0,0,0,0,0,0,0,0.002125,0,0,0,0,0,0.009564,0,0,0.022671,0,0,0,0,0,0,0,0,0,0,0,0,0,0,0,0,0,0,0.00673,0,0,0,0,0.007793,0,0,0,0,0,0,0,0,0,0,0,0.001771,0,0,0,0,0,0,0,0,0,0,0,0,0.003188,0,0,0,0,0,0,0,0,0,0,0.000708,0,0,0,0,0,0,0,0,0,0.006376,0,0,0,0,0,0,0,0,0,0,0,0,0,0,0,0,0,0,0,0,0,0,0,0,0,0,0,0,0.00248,0,0,0,0,0,0,0,0.012752,0,0,0,0,0,0,0,0,0,0,0.003188,0,0,0,0,0,0,0,0,0,0,0,0,0,0,0,0,0.000708,0,0,0,0,0,0.002125,0,0,0.005313,0,0,0,0,0,0,0,0,0,0,0,0,0,0,0,0,0,0,0,0,0,0,0,0,0,0,0.001063,0,0,0,0,0.008147,0,0.00248,0,0,0,0,0,0,0,0,0,0,0,0,0,0,0,0,0,0.001063,0,0,0,0,0,0,0,0,0,0,0,0,0,0,0,0,0,0.002125,0,0,0,0,0,0,0,0,0,0,0,0,0,0,0,0,0,0,0,0,0.000708,0,0,0,0,0.004959,0,0,0,0,0,0.003188,0,0,0,0,0,0,0,0.008147,0,0,0,0,0,0,0,0,0.007439,0,0,0,0,0.004605,0,0.00248,0,0,0,0.013815,0.003897,0.000708,0,0,0,0,0,0,0,0,0.003542,0,0,0,0,0,0,0,0,0,0.025505,0.003542,0,0,0,0,0,0,0.004605,0,0,0,0,0,0.003542,0,0,0,0,0,0,0,0,0,0.006022,0,0,0,0
D1912,0,0,0,0,0,6.2e-05,0,0,0,0,0,0,0,0,0,0,0,0,0,0,0,0,0,0.004083,0.000249,0,0,0,6.2e-05,0,0,0,0,0,0,0,0,0,0,0,0,0,0,0,0,0.78848,0,0,0,0.000125,0,0,0,0,0,0,0.118696,0,0,0,0,0,0,0,0,0,0,0,0,0,0,0,0,9.4e-05,0,0,0,0,0,0,0,0,0,0,0,0,0,0,0,6.2e-05,0.001278,0,0,0,0,0,0,0,0,0,0,0,0,0,0,0,0,0,0,0,0,0,0,0,0,0,0,0,0,0,0,0,0,0,0,0,0,0,0,0,0,0,0,0,0,0,0,0.000249,0,0,0,0,0,0,0,0,0,0,0.016583,0,0,0,0,0,0,0,0,0,0,0,0,0,0,0,0.056449,0,0,0,0,0,0,0,0,0,0,0,0,0,0.000156,0,0,0,0,0,0,0,0,0,0.000997,0,0,0,0,0,6.2e-05,0,0,0,0,0,0,0,0,0,0,0,0,0,0,0,0,0,9.4e-05,0,0,0,0,0,0,0,0,0,0,0,0,0,0,0,0,0,0,0,0,0,0,0,0,0,0,0,0,0,0,0,0,0,0,0,0,0,0,0,0,0,0,0,0,0,0,0,0,0,0,0,0,0,0,0,0,0,0,0,0,0,0.000343,0,0,0,0,0,0,0,0,0,0,0,0,9.4e-05,0,0,0,0,0,0,0,0,0,0,0,0,0.001371,0,0,0,0,0,0,0,0,0,0,0,0,0,0,0,0,0,0,0,0,0,0,0,0,0,0,0,0,0,0,0,0,0,0,0,0,0,0,0,0,0,0,0,0,0,0,0,0,0,0,0,0,0,0,0,0,0,0,0,0,0,0,0,0,0,0,0,0,0,0,0,0,0,0,0,0,0,0,0,0,0,0,0,0,0,0,0.003304,9.4e-05,0,0,0,0,0,0,0,0,6.2e-05,0,0
D188,0,0,0,0,0,0.180626,0,0,0,0,0,0,0,0,0,0,0,0,0,0,0,0,0,0,0,0,0,0,0,0,0.00298,0,0,0,0,0,0,0,0,0,0,0,0.000463,0,0,0,0,0,0,0,0,0,0,0,0,0,0,0,0,0,0,0,0,0,0,0.054691,0,0,0,0,0,0,0,0,0,0,0,0,0.020791,0,0,0,0,0,0,0,0,0.087334,0,0,0,0,0,0,0,0,0,0,0,0,0,0,0,0,0,0,0,0.029531,0,0,0,0,0,0,0,0,0,0,0,0,0,0,0,0,0,0,0,0,0,0,0,0,0,0,0,0,0,0,0,0.024101,0,0,0,0,0,0.007085,0,0.013044,0,0,0.048666,0,0,0,0,0,0,0,0,0,0,0,0,0,0,0,0,0,0,0,0,0,0,0,0,0,0,0,0,0,0,0,0,0,0.000331,0,0,0,0,0,0,0,0.000662,0,0,0,0,0,0,0,0,0,0,0,0,0,0,0,0,0,0,0,0,0,0,0,0,0,0,0,0,0,0,0,0,0,0,0.058862,0,0,0,0,0,0,0,0,0,0,0,0,0.014368,0,0,0,0,0.005098,0,0,0.014434,0.012713,0,0,0,0,0,0,0,0,0,0,0.009137,0,0,0,0,0,0,0,0,0,0,0,0,0,0,0.008872,0,0,0,0,0.0049,0,0.00576,0,0,0,0,0,0,0,0,0,0,0,0,0,0,0,0,0,0,0,0,0,0,0,0,0,0,0,0,0,0,0,0,0.00192,0,0,0,0,0,0,0,0,0,0,0,0,0,0,0,0,0,0,0,0,0,0,0,0,0,0,0,0,0,0,0,0,0,0,0,0,0,0,0,0,0,0,0,0,0,0,0,0,0,0,0,0,0,0,0,0,0,0,0,0,0.007879,0,0,0,0,0,0,0,0,0,0,0,0,0,0,0,0,0,0,0,0,0.016421,0,0
D3316,0,0,0,0,0.000207,0,0,0.092894,0,0.065617,0,0.136294,0,0.089196,0,0,0,8.9e-05,0,0,0,0.000237,0,0,0,0.005088,0,0,0,0,0,0,0,0,0,0,0,0,0.019466,0,3e-05,0,0,0,0.000237,0,0.037779,0,0.000414,0,0,0,0,0.000178,0,0,0.001124,0,0,0,0,0,0,0,0,0,0,0,0.037779,0,0,0,0,0.000118,0,0,0.000148,0,0,0.021656,0.007751,0,0.026507,0,0.018815,0,0.000118,0,0.044169,0,0,0.040885,0,0,0.019733,0,0,0,0,0,0,0,0,0,5.9e-05,0,0.031685,0,0,0,0,0,0,0,0,0,0,0,0.001657,0,0,0,0,0,0,0,0.000325,0.000503,0,0,0,0,0.028844,0,0,0,0,0,0,0,0.002367,0,0,0,0.000118,0,0,0,0,0.002899,0,0,0,0.01562,0,0,0,0,0,0,0,0,0,0,0,0,0,8.9e-05,0.002219,0.000237,0,0.004053,5.9e-05,0.000118,0,8.9e-05,0,0,0,0,0,0.00071,0,0,0,0,0,0.000178,0,0,0,0,0,0,8.9e-05,0,0,0,5.9e-05,0,0,0,0,0.000178,0,0,0,0.001243,0,0,0,0,0,0,0,0,0,0,0,0,0,0,0.000178,0,0,0,0,0,0,0,0.000325,0.006331,0,0,0,0,0,0.003106,0,0,0,0,0,0,0,0,0,0.000355,0,0,0,0,0.000148,0.000148,5.9e-05,0.000118,5.9e-05,0,0,0,0,0,0.000828,0,0,0.000148,0,0.000296,0.000473,0.003195,0.000296,0.000503,0,0,0,0,0,0,0,0.002367,0,0.000148,0,5.9e-05,0.000503,0.002485,0,0,0,0,0,0,0,0,0,0.001893,0,0.002485,5.9e-05,0,0,0,0,0,0,0,0.000325,0,0.00213,0,0,0,8.9e-05,0.000385,0,0,0,0,0,0.000178,0,0,0,0.011153,0,0,0,0,0,0,0,0,0,0,0,0,0,0.001302,0,0,0.000651,0,0,0.003018,0,0,0,0,0.000178,0,5.9e-05,8.9e-05,8.9e-05,0.000533,0,0.004053,0,0,0,0,0.000207,0,0,0,0,0,0.000355,0,0,0,0.009999,0,0,0,0,5.9e-05,0,0,0,0,0.003373,0,0,0,0.000207,0,0,0,0,0.000118,0,0,0.000266,0,0,0,0,0,0.002722,0
D4077,0.138711,0,0,0.000416,0.393624,0,0,0,0,0,0.005282,0,0,0,0,0,0,0,0,0,0.003162,0,0,0,0.00017,0,0,0,0,0,0,0,0,0.009466,0,0,0,0,0,0,0,0.254458,0.001306,0,0.004752,0,0,0,0,0,0,0,0,0,0,0,0,0,0.000833,0.000133,0.028359,0,0,0,0,0,0,0,0,0,0.000587,0,0,0,0.001231,0,0,0,0,0,0,0,0,0,0,3.8e-05,0,0,0,0,0,0,0,0.000265,0,0,0,0.000341,0,0,0,0,1.9e-05,0.001268,0,0,0,0,0,0,0,0,0,0,0,0,0,0,0,0,0,0,0,0.002859,0,0,0,0,0,0,0,0,0,0,0,0,0,0.000151,0,0.000776,0,0.000284,0.003067,0,0,0.000303,0,0.002707,0,0,0,0,0.000208,0,0,0,0,0,0,0,0.000151,0,0,0,0,0,0,0,0,0,0,0,0,0,0,0.000114,0,0,0,0,0,0,0,0,0,0,0,0.000189,0,0,0,0,0,0,0.000473,0,0,0,0,0,0,0,0,0,0,0,0,0,0,0,0.000114,0,0,0,0,0,0,0.000568,0,0,0,0,0,0,0,0,0,0,0,0,0,0,0,0,0,0,0,0,0,0,0,0,0,0.000379,0,0,0,0.000322,0,0,0,0,0,0,0.000227,0,0,0,0,0,0,0,0,0,0,0,0,0,0.000549,0,0,0,0,0.01098,0,0,0.000151,0,0,0,0,0,0,0,0,0,0,0.000227,0,0,0,0,0,0,0,0,0,0,0.000303,0,0.01435,0.000606,0,0,0,0,0,0,0,0,0,0,0,0,0,0,0,0,0,0,0,0,0,0,0,0,0,0,0,0,0,0,0,0,0,0,0,0,0.032619,0,0,0,0,0,3.8e-05,1.9e-05,0,0,0,0,0,0,0,0,0,0,9.5e-05,0,0,0,0,0,0,0,0,0.00017,0,0,0,0,0,0,0,0,0,0,0,0,0,0,0,0,0,0,0,0,0,0,5.7e-05,0,0,0,0,0,0,0,0.001496,0,0,0
D4485,0,0,0,0,0,0,0,0,0,0,0.064485,0,0.037377,0,0,0,0,0,0,0,0,0,0,0.208927,0,0,0,0,0,0,0,0,0,0,0,0,0,0,0,0,0,0,0,0,0.051342,0.010679,0,0.000821,0,0,0,0,0.06695,0.00931,0,0,0,0,0,0,0,0,0,0.000411,0,0,0,0,0,0,0.144031,0,0,0,0,0,0,0,0,0,0,0,0,0,0,0,0,0,0,0,0,0,0,0,0,0,0,0,0,0.004518,0,0,0,0.003834,0.004929,0,0,0,0,0,0,0,0,0.101314,0,0,0,0,0,0,0,0,0,0,0,0,0,0,0.000411,0,0,0,0,0,0,0,0,0,0,0,0,0,0,0,0,0,0,0,0,0,0,0,0,0,0,0,0,0,0,0,0,0,0,0,0,0,0,0,0,0,0,0,0,0,0,0,0,0,0,0,0,0,0,0,0,0,0,0,0,0,0,0,0,0.003149,0,0,0,0,0.007941,0,0,0,0.125548,0,0,0,0,0,0,0,0,0,0,0,0,0,0,0,0,0.004929,0,0,0,0,0,0,0,0,0,0,0.002191,0,0,0,0,0,0,0,0,0,0,0,0,0,0,0,0,0,0,0,0,0,0,0,0,0,0,0,0,0,0,0,0,0,0,0,0,0,0.023686,0,0,0,0,0,0,0,0,0.000274,0,0,0,0,0,0,0,0,0,0,0,0,0,0,0,0,0,0,0,0,0,0,0,0,0.000274,0,0,0,0,0,0,0,0,0,0,0,0,0.001369,0,0,0,0,0,0,0,0,0,0,0,0,0,0,0,0,0.004381,0,0,0,0,0,0,0,0,0,0,0,0,0,0,0,0,0,0,0,0,0,0,0,0,0,0,0,0,0,0,0,0,0,0,0.000548,0,0,0,0,0,0,0,0,0,0,0,0,0,0,0,0,0,0,0,0,0,0,0,0,0,0,0,0,0,0,0,0
D2460,0,0,0,0,0,0,0,0.076248,0,0.035688,0,0.092198,0,0.038015,0,0,0,6.2e-05,0,0,0,0.000124,0,0,0,0.088816,0,0,0,0,0,0,0,0,0,0,0,0,0.057969,0,0,0,6.2e-05,0,0,0,0.064083,0,0,0,0,0,0,0,0,0,0,0,0,0,0,0,0,0,0,0,0,0,0.044067,0,0,0,0,0,0,0,0,0,0,0.018899,0.020171,0,0.015361,0,0.01381,0,0,0,0.031622,0,0,0.014337,0,0,0.062128,0,0,0,0,0,0,0,0,0,0,0,0.017502,0,0,0,0,0,0,0,0,0,0,0,0.004283,0,0.000155,0,0,0,0,0,0.005089,6.2e-05,0,0,0,0,0.000465,0,0,0,0,0,0,0,0,0,0,0,0,0,0,0,0,0.001365,0,0,0,0.022995,0,0,0,0,0,0,0,0,0,0,0,0,0,0.009372,0.035284,0.016354,0,0.000155,0,0,0,0,0,0,0,0,0,0.0063,0,0,0,0,0,0,0,0,0,0,0,0,0.000124,0,0,0,0,0,0,0,0,0.004934,0,0,0,0.00031,0,0,0,0,0,0,0,0,0,0,0,0,0,0,0.001117,0,0,0,0,0,0,0,0,0.0045,0,0,0,0,0,0.000403,0,0,0,0,0,0,0,0,0,9.3e-05,0,0,0,0,0,0.009682,0,0,0,0,0,0,0,0,0.000465,0,0,0.000186,0,0,0,0.007231,0,0.000745,0,0,0,0,0,0,0,0.000124,0,0,0,0,0,9.3e-05,0,0,0,0,0,0,0,0,0,0.000186,0,0.011886,0,0,0,0,0,0,0,0,0,0,0.008968,0,0,0,0,0,0,0,0,0,0,0,0,0,0,0.008813,0,0,0,0,0,0,0,0,0,0,0,0,0,3.1e-05,0,0,0.000341,0,0,0.004407,0,0,0,0,0,0,0,0,0,0.000155,0,0,0,0,0,0.019768,0,0,0,0,0,0,0,0,0,0,0.00149,0,0,9.3e-05,0,0,0,0,0,0,0.003724,0,0,0,0.00211,0,0,0,0,0,0,0,0.00059,0,0,0,0,0,0.000124,0
D4306,0.000118,0.016363,8.9e-05,0,0,0,0.044563,0,0,0,0,0,0,0,0,5.9e-05,0,0,0.172866,0,0,0,0,0,0,0,0,0,0,0,0,8.9e-05,0.027134,0,0,0,0.019707,0,0,0.051901,0,0,0,0.033674,0,0,0,0,0,0,0,0,0,0,0,0,0,0,0,0,0,0.018287,0,0,0,0,0.016067,0,0,0,0,0,0.001835,0,0,0,0,0,0,0,0,0,0,0.012546,0,0,0,0,0,0,0,0,0.098476,0,0,0,0,0,0,0,0,0.002219,0,0,0,0,0,0,0.035212,0,0,0,0,0,0.017369,0,0.000355,0,0,0.001006,0,0,0,0,0,0,0,0,0,0,0,8.9e-05,0,0.039029,0,0,0,0,0,0,0,0,0,0,0,0,0.000118,0,0,0,0,0,0,0,0,0.127622,0,0,0.005385,0,0,0.027341,0,0,0,0.000799,0.021068,0,0,0,0.003699,0,0,0,8.9e-05,0,0,0,0,0,0,0,0,0,0,0,0,0,0,0,0.000651,0,0,0,0,0,0,0,0,0,0.005267,0,0,0,0,0,0,0,0,0,0,0,0,0,0,0,0,0,0.00219,0,5.9e-05,0,0,0,0.005119,0,0,0,0,0,0,0,0,0,0,0,0,0,0,0.004705,0,0,0,0,0,0,0,0,0,0,0,0,0,0,0,0,0,0,0,0,0,0,0,0,0,0,0,0,0,0,0,0,0,0,0,0,0,0,0,0,0,0.000148,0,0,0,0,0,0,0,0,0,0,0,0,0,0,0,0,0,0,0,0,0,0,0.004291,0,0,0,0,0,0,0,0,0,0,0,0,0,0,0,0,0,0,0,0,0,0,0,0,0,0,0,0,0,0.035982,0,0,0,0,0,0,0,8.9e-05,0,0,0,0,0,0,0.003166,0,0,0,0,0,0,0,0,0,0,0,0,0,0,0,0,0,0,0,0,0,0,0,0,0,0,0,0,0,0,0,0,0,0,5.9e-05,0,0,0.000118,0,0,0.002722,0,0,0,0,0,0,0,0,0
D2469,0,0,0,0,0,0,0,0,0.514487,2.1e-05,0,0,0,0,0,0,0,0,0,0,0,0,0,0,0,0,0,0,0,0,0.000256,0,0,0,0,0,0,0.017094,0,0,0,0,0,0,0,0,0,0,0,0,0,8.5e-05,0,0,0,0,0,0,0,0,0,0,8.5e-05,0,0.208483,0,0,0,0,0.016282,0,0,0,0,0,0,0,4.3e-05,0,0,0,0,0,0,0,0,0,0,0,0,0,0,0,0,0,0,0,0,0,0,0,0,0,0,0,0,0,0,0,0,0,0,0,0,0,0,0,0.000919,0,0,0,0,0,0,0.008868,0,0,0,0,0,0,0,0,0,0,0,0,0,0,0,0,0,0,0,0,0,0,0.000278,0,0,0,0,0,0,0,0,0,0,0,0.113803,0,0,0,0,0,0,0,0,0,0,0,0,0,0,0,0,0,0,0,0,0,0,0,0,0.005385,0,0,0,0,0,0,0,0.000342,0,0,0,0,0,0,0,0,0.040983,0,0,0,0.000513,0,0,0,0.003846,0,0,0,0,0,0,0,0,0,0,0,0,0,0,0,0,0,0,0,0,0,0,0,0.000342,0,0,0,0,0,0,0,0.001538,0,0,0,0,0,0,0,0,0,0.011026,0,0,0,0,0,0,0,0,0,0,0,0,0,0,0,0,0,0,0,0,0,0,0,0,0,0,0,0,0,0,0,0,0,0,0,0,0,0,0,0,0,0,0,0,0,0,0,0,0,0,0,0,0,0,0,0,0,0,0,0,0,0,0,0,0,0,0,0,0,0,0,0,0,0,0,0,0,0,0,0,0,0,0,0,0,0,0,0,0,0,0,0,0,0,0,0,0,0,0,0,0,0,0,0,0,0,0,0,0,0,0,0,0,0,0,0,0,0,0,0,0,0,4.3e-05,0,0,0,0,0,0,0,0,0,0,0,0,0,0,0,0,0,0,0,0,0,0,0,0,0
D638,0.004403,0,0,0,0.000881,0,0,0,0,0,0,0,0,0,0,0,0,0,0,0,0,0.00066,0,0,0,0,0.000396,0,0,0,0,0,0,0.103989,0,0,0,0,0,0,0.058334,0,0,0,0.001849,0,0,0,0.015321,0,0,0,0.034868,0,0,0,0,0,0,0,0,0,0,0,0,0,0,0.038258,0,0,0,0,0,0.001365,0,0,0.033327,0,0,0,0,0,0,0,0,0,0,0,0,0,0,0,0,0,0,0,0,0,0,0,0,0,0,0,0,0,0,0,0,0,0.046975,0,0,0.000132,0,0,0,0,0,0,0,0,0,0,0,0.011667,0.000396,0,0,0,0,0,0,0,0,0,0.003478,0,0,0,0.00022,0,0,0,0,0,0,0.000176,0,0,0,0,0,0,0,0,0,0,0,0,0,0,0,0,0,0,0,0,0,0,0,0,0,0.008145,0,0.013076,0,0,0,0,0,0,0,0,0,0,0,0.000308,0,0,0,0,0,0,0.000396,0,0,0,0,0.003742,0,0,0,0,0,0,0,0,0,0,0,4.4e-05,0,0,0,0,0,0,0,0.000132,0,0,0,0,0,0,0.011623,0,0.007793,0,4.4e-05,0,0,0,0,0,0,0,0,0,0,0,0,0,0,0,0.028309,0,0,0,0,0,0.006648,0,0,0.005547,0,0,0,0,0,0,0,0,0,0,0,0,0,0,0,0,0.018843,0,0,0,4.4e-05,0,0,0,0,0,0,0.000132,0,0,0,8.8e-05,0,0.001805,0.006736,0,0,0,0,0,0,0,0,0,0,0,0,0,0,0.000396,0.004315,0,0,0,0,0.002553,0.027296,0,0,0,0.003918,0.000308,0,0,0,0,0,0,0,0,0,0,0.010258,0,0.002025,0,0,0,0,0,0.002994,0,0,0,0,0,0,0,0,0,0.00066,0,0,0,0,0.000352,0,0,0,0,0,0,0,0,0,0,8.8e-05,0,0,0,0,0,0.003654,0,0,0,0,0,0,0,0,0,0,0,0,0,0,0,0,0,0,0,0,0.000176,0,0.008233,0,0,0,0.001937,0,0,0,0
D155,0,0,0,4.1e-05,0.000366,0,0,0.029255,0,0.00528,0.000162,0.021877,0,0.005713,0,0,0,0.002301,0,0,0,0.000257,0,0,0.000135,0.042414,0,2.7e-05,0,0,0,0,0,0,0,0,0,0,0.007554,0,0,0.000311,0.000433,0,0,0,0.041588,0,0,0,0,0,0,5.4e-05,0,0,6.8e-05,0,0,0,0,0,0,8.1e-05,0,0,0,0,0.040776,0,0,0,0,0.000162,0,8.1e-05,0,0,0,0.003439,0.01829,0,0.013809,0,0.014607,2.7e-05,0,0,0.002044,0.00111,0,0.009436,0,0,0.031963,0,2.7e-05,0,0,0,0,0,0,0,0,0,0.008813,0,0,0,0,0,0,0,0,0,0,0,0,0,0.000244,0.000135,0,4.1e-05,0,0,0.001584,0.002816,0,0,0,0,0.020659,0,0,0,0,0,0,0,0,0.000582,0,0,0,0,0,0,0,0.001557,0,0,0,0.025235,0,0,0,2.7e-05,0,0,0,0,0,0,0,0,0,0.000636,0.026399,0.00421,0,0.048249,0,0,0,0.000217,0,0,0.007365,0,0,0.002139,0,0,0,5.4e-05,0,4.1e-05,0.000257,0,0,0,0,0,0.000338,0,0.000149,0,2.7e-05,0,0,0,0,0.000393,0,0,0,0.010059,0,0,0,0,0,0,0,0,0,0,0,0,0,0,0.001665,0,0,0,0,0,0,0,0,0.009016,0,0,0,0,0,0.047721,0,0,0,0,0,4.1e-05,0,0,5.4e-05,8.1e-05,0,0,0,0,0,0.003994,0,6.8e-05,0,0,0,0,0,0,0.012049,0,0,0,0,0,0.00019,0.011981,0,0.000677,2.7e-05,0,0,0,0,0,0,0.013782,0,0,0,0,0.001191,0.020537,2.7e-05,0.000162,0,0,0,0,0,0,0,0.000393,0,0.000663,0,0,0,0,0,0,0,4.1e-05,1.4e-05,0,0.000108,0,0,0,0,0,0,0,0,0,0,0,0,0,0,0.008231,0,0,0.000433,0,0,0,0,0,0,0,0,0,0,0.000162,0,0,0.04301,0,0,0.000311,0,0,0,0,0,0,0,0,2.7e-05,0.011291,0,0.003493,0,0,0,0.00264,0.004454,0,0.000988,0,0,0,0,0,0,0,0.000352,0,0,0.000893,0,0.000108,0,0,0,0,0.00704,0,0,0,0.000785,0,0,0,0,0,0,0,0.006065,0,0,0,0,0,0,0
D3217,0,0,0,0,0.004782,0,0,0.019616,0,0,0,0.254033,0,0.038745,0,0,0,0,0,0,0,0,0,0,0,0,0,0,0,0,0,0,0,0,0,0,0,0,0,0,0,0,0,0,0,0,0,0,0,0,0.000324,0,0,0,0.006647,0.034044,0,0.016211,0,0,0,0,0,0,0,0,0,0,0,0,0,0,0,0,0,0,0,0,0,0,0,0,0,0,0,0,0,0,0,0,0,0.034287,0,0,0,0,0,0,0,0,0,0,0,0,0.002594,0,0.003323,0,0,0,0,0,0,0,0,0.001216,0,0,0,0,8.1e-05,0.003972,0,0,0,0,0.000405,0,0,0,0,0,0,0,0,0,0,0,0,0,0.000162,0,0,0.000648,0,0,0,0,0,0,0,0,0,0,0,0,0.075383,0,0,0,0,0,0,0,0,0,0,0,0,0,0,0,0.153765,0,0,0,0,0,0,0,0,0,0,0,0,0,0.114696,0,0.000162,0,0,0,0,0,0,0,0,0,0,0,0,0,0,0,0,0,0,0,0.010781,0,0,0,0,0,0,0,0,0,0,0,0,0.0077,0,0,0,0,0,0,0,0,0,0,0,0,0,0,0,0,0,0,0,0,0,0,0,0,0,0,0,0,0,0,0,0,0.000892,0,0.009889,0,0,0,0,0,0,0,0,0.003891,0,0,0,0,0,0.001054,0,0,0,0,0,0,0,0,0,0,0,0,0,0.000892,0,0,0,0,0,0,0,0,0,0,0,0,0,0,0,0,0,0,0,0,0,0.044581,0,0,0,0,0,0,0,0,0,0,0,0,0,0,0,0,0,0,0,0,0,0,0,0,0,0,0,0,0,0,0,0,0,0,0,0,0,0,0,0,0,0,0,0,0.000486,0,0,0,0,0,0.00227,0,0,0.0107,0,0,0,0,0,0,0,0.002513,0,0,0,0,0,0,0,0,0,0,0,0,0,0,0,0,0,0,0,0.000243,0,0,0.002837,0.015644,0,0,0,0,0,0
D86,0,0.001235,0,0,0,0,0.04317,0,0,0,0,0,0,0,0,0.000241,0,0.000512,0.111707,0.013768,0.000362,0,0,0,0,0,0,0,9e-05,0,0,0.044496,0.007562,0,0,0,0.145207,0,0,0.004037,0,0,0,0.071549,9e-05,0,0,0,0,0,0,0,0,0,0,0,0,0,0,0,9e-05,0.000874,0,0,0,0,0.018045,0,0,0,0,0,0,0,0.000663,0,0,0,0,0,0,0.014912,0,0.018407,0,0,0,0,0,0,0,0,0.148189,0,0,0,0,0,0,0,0,0.000964,0,0,0,0,0,0,0.004579,0,0,0,0,0,0.099566,0,0.000121,0,0,0.000362,0,0,0,0,0,0,0,0,0,0,0,0.001024,0,0.002018,0,0,0,0,0,0,0.00235,0,0,0,0,0,0,0.000121,0,0,0,0,0,0,0,0.018166,0,0,0.001777,0,0,0.001386,0,0,0,0.000331,0.013014,0,0,0,0.015093,0,0,0,0.009911,0,0,0.0861,0,0.000753,0,0,0,0,0,0,0,0,0,0,0.009399,0,0,0,0,0,0,0,0,0,0,0,0,0,0,0,0,0,0,0,0,0,0,0,0,0,0,0,0.000151,0,0,0,0,0,0.000331,0,0,0,0,0,0,0,0,0,0,0,0,0,0,0.022866,0,0,0,0,0,0,0,0,0,0,0,0,0,0,0,0,0,0,0,0,0,0,0,0,0,0,0,0,0,0,0,0,0,0,0,0,0,0,0,0,0,0,0,0,0,0,0,0,0,0,0,0,0,0,0,0,0,0,0,0,0,0,0,0,0.000904,0,0,0,0,0,0,0,0,0,0,0,0,0,0,0,0,0,0,0,0,0,0,0,0,0,0,0,0,0,0.005423,6e-05,0,0,0,0,0,0,0,0,0,0,0,0.000301,0,0.000271,0,0,0,0,0,0,0,0,0,0,0,0,0,0,0,0,0,0,0,0,0,0,0,0,0,0,0,0,0,0,0,0,0,0,0,0,0,0,0,0,0.000211,0,0,0,0,0,0,0,0,0
D3788,0,0,0.002577,0,0,0,0,0,0,0,0,0,0,0,0,0,0,0,0,0.78866,0,0.03866,0,0,0,0,0,0,0.005155,0,0,0,0,0,0,0,0,0,0,0,0,0,0,0,0.007732,0,0,0,0,0,0,0,0,0,0,0,0,0,0,0,0,0,0,0,0,0,0,0,0,0,0,0,0,0,0,0,0,0,0,0,0,0,0,0,0,0,0,0,0,0,0,0,0,0,0,0,0,0,0,0,0,0,0,0,0,0,0,0,0,0,0,0,0,0,0,0,0,0,0,0,0,0,0,0,0,0,0,0,0,0,0,0,0,0,0,0,0,0,0,0,0,0,0,0,0,0,0,0,0,0,0,0,0,0,0,0,0,0,0,0,0,0,0,0,0,0,0,0,0,0,0,0,0,0,0,0,0,0,0,0,0,0,0,0,0,0,0,0,0,0,0,0,0,0,0,0,0,0,0,0,0,0,0,0,0,0,0,0,0,0,0,0,0,0,0,0,0,0,0,0,0,0,0,0,0,0,0,0,0,0,0,0,0,0,0,0,0,0,0,0,0,0,0,0,0,0,0,0,0,0,0,0,0,0,0,0,0,0,0,0,0,0,0,0,0,0,0,0,0,0,0,0.002577,0,0,0,0,0,0,0,0,0,0,0,0,0,0,0,0,0,0,0,0,0,0,0,0,0,0,0,0,0,0,0,0,0,0,0,0,0,0,0,0,0,0,0,0,0,0,0,0,0,0,0,0,0,0,0,0,0,0,0,0,0,0,0,0,0,0,0,0,0,0,0,0,0,0,0,0,0,0,0,0,0,0,0,0,0,0,0,0,0,0,0,0,0,0,0,0,0,0,0,0,0,0,0,0,0,0,0,0,0,0,0,0,0,0,0,0,0,0,0,0,0,0,0,0,0,0,0,0
D3758,0,0,0.019633,0,0,0,0,0.027691,0,0.026643,0,0.016757,0,0.017863,0,0,0,0.010282,0,0,0,0.130188,0,0,0,0.075877,0,0,0,0,0,0,0,0,0,0,0,0,0.01317,0,0,0,0,0,0,0,0.039324,0,0,0,0,0.005438,0,0,0,0,0.0046,0,0,0,0,0,0,0,0,0,0,0,0.014614,0,0,0,0,0,0,0,0,0,0,0,0.008466,0,0.035085,0,0,0,0,0,0.007709,0,0,0,0,0,0.037531,0,0,0,0,0,0,0,0,0,0,0,0.020774,0,0,0,0,0,0,0,0,0,0,0,0,0,0.01168,0,0,0,0,0,0.000501,0.000908,0,0,0,0,0.003726,0,0,0,0,0,0,0,0,0,0,0,0,0,0,0,0,0.00538,0,0,0,0.007557,0,0,0,0,0,0,0,0,0,0,0,0,0,0.020006,0.039615,0.003156,0,0,0,0,0,0,0,0,0,0,0,0,0,0,0,0,0,0,0,0,0,0,0,0,0,0,0,0,0,0,0,0,0,0,0,0,0,0,0,0,0,0,0,0,0,0,0,0,0,0,0,0,0,0,0,0,0,0,0,0,0,0.01041,0,0,0,0,0,0,0,0,0,0,0,0,0,0,0,0,0,0,0,0,0,0,0,0,0,0,0,0,0,0,0.033141,0,0,0,0,0,0,0.031615,0,0,0,0,0,0,0,0,0,0.003424,0,0,0,0,0,0,0,0,0,0,0,0,0,0,0,0,0,0.013007,0,0,0,0,0,0,0,0,0,0.001013,0,0,0,0,0,0,0,0,0,0,0,0,0,0,0,0.019784,0,0,0,0,0,0,0,0,0,0,0,0,0,0.002317,0,0,0.002236,0,0,0.005811,0,0,0,0,0,0,0,0,0,0,0,0.018329,0,0,0,0,0,0,3.5e-05,0,0,0,0,0,0,0,0,0,0,0,0,0,0,0,0,0,0.006207,0,0,0,0,0,0,0,0,0,0,0,0.003761,0,0,0,0,0,0,0
D4402,0,0,0.154746,0.052551,3.2e-05,0,0,0,0,0,0,0,0,0,0.005657,0,0,0,0,6.4e-05,0.001033,0,0.002018,6.4e-05,0,0,0,0,0,0,0.000222,0,0,0,0.000524,0.508637,0,0,0,0,0,1.6e-05,1.6e-05,0,0,0,0,0,0,3.2e-05,0,0.006833,4.8e-05,0,0,0,0,0,0,1.6e-05,0,0,0.002225,0.000238,0,0,0,0,0,0,0,0.185638,0,0,0,0,0,0.000222,0,0,0,0,0,0,0,0,0,0,0,0,0,0,0,0,0,0,0,0,0,0,0,0,0,0,0,0.00383,0,0,0,0,0,0.00027,0,0,0,0,0,0,0,0,0,0,0,0,0,0,0,0,3.2e-05,0,0.009185,0,0,0,0.00151,0,0,0.000286,0.000985,0,0,0.000175,0,0,0,0,0,0,0,0,0,0,0,0,0,0,0,0,0,0,0,0,0.001986,0,0.000127,0,0,0,0,0,0,0,0,0,3.2e-05,0,0.001144,0,3.2e-05,0,0.000159,0,0,0,0,0.001303,0,0,0,0,0,0,0,0,0,0,0,0,0,0,0,0,0,0,0,0,0,0,0,0,0,0,0,0,0.022104,0,0.004291,0,0,0,0,0,0,0.000127,0,0,0,0,0,0,0,0,0,0,0,1.6e-05,0,0,0,0,0,0,0,0,0,0,0,0,0,0,0,0,0,0,0,0,0,0,0,0,0,0,0,0,0,0,0.000938,0,0,0,0,0,0,0,0,0,0,0,0,0,0,0,0,0,0,0,0,0,0,0,0,0,3.2e-05,0,0,0,0,0,0,0.001065,0,0,0,0,0,0,0,0,0,0,0,0,0,0,0,0,0,0,0,0,0,0,0,0,0,4.8e-05,0,0.006483,0,0,0,0,0,0,0,0,0,0,0,0,0,0,0,0,0,0,0,0,0,0,0,0,3.2e-05,0,0,0,3.2e-05,0,0,0,0,0,0,0,0,0,0,0,0,0,0,0,0,0,0,0,0,0,0,0,0,0,0,0,0,0,0.002558,0,0.000334,0,0,0,0,0,0,0,0,0,0,0.000636
D4001,0.035911,0,0,0,0.194982,0,0,0,0,0,0.006181,0,0.000413,0,0,0,0,0,0,0,0,0,0,0.012998,0.009137,0,0,0,0,0,0,0,0,0.003289,0,0,0,0,0,0,0,0.031271,0,0,0.003337,0.028236,0,0,0,0,0,0,0,0,0,0,0,0,0.010932,0,0,0,0,0.271999,0,0,0,0,0,0,0,0,0,0,0,0.018845,0,0,0,0,0,0,0,0,0,0,0,0,0,0,0,0,0,0,0,0,0,0,0,0,0,0,0,0,0,0,0,0,0,0.029666,0,0,0,0,0,0,0,0,0,0,0.156164,0,0,0,0,0,0,0,0,0,0,0,0,0,0,0,0,0,0,0,0,0,0.083087,0,0,0,0,0,0,0,0,0,0,0,0,0,0,0,0,0,0,0,0,0,0,0,0,0,0,0,0,0,0,0,0,0,0,0,0,0,0,0,0,0,0,0,0,0,0.009041,0,0,0,0,0,0,0,0,0,0,0,0,0,0,0,0,0,0,0,0,0,0,0,0,0,0,0,0,0,0,0,0,0,0,0,0,0,0,0,0,0,0,0,0,0,0,0,0,0,0,0,0,0,0.011012,0,0,0,0,0,0,0,0,0,0,0,0,0,0,0,0,0,0,0.004386,0,0,0,0,0,0,0,0,0,0,0,0,0.001065,0,0,0,0,0,0,0,0,0,0,0,0,0.002272,0,0,0,0,0,0,0,0,3.2e-05,0,0,0,0.030333,0.01848,0,0,0,0,0,0,0,0,0,0,0,0,0,0,0,0,0,0,0,0,0,0,0,0,0,0,0,0,0,0,0.010932,0,0,0,0,0,0,0,0,0,0,0,0,0,0,0,0,0,0,0,0,0,0,0,0,0,0,0,0,0,0,0,0,0,0,0,0,0,0,0,0,0,0,0,0,0,0,0,0,0,0,0,0,0,0,0,0,0,0,0,0,0,0,0,0,0,0,0
D3313,0.022354,0.160421,0,0,0,0,0,0,0,0,0,0,0,0,0,0.467456,0,0.008547,0,0,0.001315,0,0,0,0,0,0,0,0,0,0.000657,0,0,0,0,0,0,0,0,0,0,0,0,0,0,0,0,0,0,0,0,0,0,0,0,0,0,0,0,0,0,0,0,0,0,0,0,0,0,0,0,0,0,0.003287,0,0,0,0,0,0,0,0,0,0,0,0,0,0,0,0,0,0,0,0,0,0,0,0,0,0,0,0,0,0,0,0,0,0,0,0,0,0,0,0,0,0,0,0.004602,0,0.102564,0,0,0,0,0,0,0,0,0,0,0,0.04931,0,0,0,0,0,0,0,0,0,0,0,0,0,0,0,0.001315,0,0,0,0,0,0,0,0,0,0,0,0,0,0,0,0,0,0,0,0,0,0,0,0,0,0,0.028271,0,0,0,0,0,0,0,0,0,0,0,0.001315,0,0,0,0,0,0,0,0,0,0,0,0,0,0,0,0,0,0,0,0,0,0,0,0,0,0,0,0,0,0,0,0.105851,0,0,0,0,0,0,0,0,0,0,0,0,0,0,0,0,0,0,0,0,0,0,0,0,0,0,0,0,0,0,0,0,0,0,0,0,0,0,0,0,0,0,0,0,0.00263,0,0,0,0,0,0,0,0,0,0,0,0,0,0,0,0,0,0,0,0,0,0,0,0,0,0,0,0,0,0,0,0,0,0,0,0,0,0,0,0,0,0,0,0,0,0,0,0,0,0,0,0,0,0,0,0,0,0,0,0,0,0,0,0,0,0,0,0,0,0,0,0,0,0,0,0.000657,0,0,0,0,0,0,0,0,0,0,0,0,0,0,0,0,0,0,0,0,0,0,0,0,0,0,0,0,0,0,0,0,0,0,0,0,0,0,0.001315,0,0,0,0,0,0,0,0,0,0,0,0.00526,0,0,0,0,0,0,0,0,0
D3356,0,0,0.097453,0.041967,0,0,0,0,0,0,0,0,0,0,0.002923,0,0.000104,0,0,0,0.106431,0,0.003706,0.131903,0.006212,0,0.071772,0,0.008769,0,0.016755,0,0,0,0.000679,0,0,0,0,0,0,0,0.003654,0,0,0.001044,0,0,0,0.001305,0,0.006368,0.000418,0,0,0,0.144692,0,0,0,0.001462,0,0.001357,0.00308,0,0,0,0,0,0,0.000626,0.001514,0,0.000679,0,0,0,0.00094,0,0,0,0,0,0,0,0,0,0,0,0,0,0,0,0,0,0,0,0,0,0,0,0,0.004176,5.2e-05,0.001305,0.000731,0,0,0,0,0,0.000887,0,0,0,0,0,0.001044,0,0,0.034189,0,0,0,0,0,0,0,0,0,0.004176,0,0,0,0.001462,0,0,0.001305,0.000887,0,0,0,0,0,0,0,0,0,0.000418,0,0,0,0,0,0,0,0,0,0,0,0,0,5.2e-05,0.000626,0.000209,0,0,0,0,0,0,0,0,0.000418,0,0.000574,0.001096,0,0.003863,0,0.001462,0,0.000104,0,0,0.001514,0,0.000157,0.002975,0,0,0,0,0.004124,0.000992,0,0,0,0.004385,0,0,0.000104,0.000887,0,0.003393,0,0,0,0.000522,0,0.000626,0,0,0,0,0,0.000104,0.006055,0,0,0,0.000157,0,0.030953,0,0,0,0,0,0,0.000626,0,0,0,0,0.001253,0,0,0,0,0,0,0,0.002766,0,0,0,0.000104,0,0,0,0,0,0,0.000104,0,0,0.000887,0,0,0,0,0,0,0.001566,0,5.2e-05,0,0.005011,0,0,0,0.000313,0.00475,0.000261,0,0.000209,0.000104,0.000835,0,0,0,0,0,0,0,0,0,0,0,0,0,0,0.000418,0,0,0.001566,0,0,0.000209,0,0,0,0,0,0,0,0,0,0,0,0,0,0,0.000209,0,0,0,0,0,0,0,0,0,0,0,0,0.002088,0,0,0,0,0,0,0,0,0,0,0.000574,0,0,0.000418,0,0,0,0.001357,0,0,0,0,0,0,0.00167,0,0,0,0,0.000209,0,0,0,0,0,0.00047,0,0,0.000783,0,0,0,0,0,0,0,0,0,0,0.000209,0,0,0,0,0,0,0,0,0.002975,0.000313,0,0.000157,0,0,0,0,0,0,0.000104,0,0,0.00047
D4188,0,0.048113,0,0,0,0,0.182969,0,0,0,0,0,0,0,0,0,0,0,0.063677,0,0,0,0,0,0,0,0,0,0,0,0,0.000198,0.136012,0,0,0,0.007501,0,0,0.05535,0,0,0,0.026998,0,0,0,0.00033,0,0,0,0,0,0,0,0,0,0,0,0,0,0.015035,0,0,0,0,0.078812,0,0,0,0,0,0.034003,0,0,0,0,0,0,0,0,0,0,0.027658,0,0,0,0,0,0,0,0,0,0,0,0,0,0,0,0,0,0.048873,0,0,0,0,0,0,0.033243,0,0,0,0,0,0,0,6.6e-05,0,0,0.000132,0,0,0,0,0,0,0,0,0,0,0,0,0,3.3e-05,0,0,0,0,0,0,0,0,0,0,0,0,0,0,0,0,0,0,0,0,0,0.005122,0,0,0.06447,0,0,0.005419,0,0,0,0,0,0,0,0,0.006873,0,0,0,0,0,0,0.006741,0,0.00998,0,0,0,0,0,0,0,0,0,0,0.000165,0,0,0,0,0,0,0,0,0,0.024486,0,0,0,0,0,0,0,0,0,0,0,0,0,0,0,0,0,0,0,0,0,0,0,0.002743,0,0,0,0,0,0,0,0,0,0,0,0,0,0,0.001553,0,0,0,0,0,0,0,0,0,0,0,0,0,0,0,0,0,0,0,0,0,0,0,9.9e-05,0,0,0,0,0,0,0,0,0,0,0,0,0,0,0,0,0,0,0,0,0,0,0,0,0,0,0,0,0,0,0,0,0,0,0,0,0,0,0,0,0.007534,0,0,0,0,0,0,0,0,0,0,0,0,0,0,0,0,0,0,0,0,0,0,0,0,0,0,0,0,0,0.002247,0.000231,0,0,0,0,0,0,0,0,0,0,0,0.003139,0,0,0,0,0,0,0,0,0,0,0,0,0,0,0,0,0,0,0,0,0,0,0,0,0,0,0,0,0,0,0.002115,0,0,0,0,0,0,0,0,0,0,0,0,0,0,0,0,0,0,0,0,0
D2342,0.002289,0,0,0,0.004705,0,0,0,0,0,0,0,0,0,0,0,0.00302,0,0,0,6.4e-05,0.000413,0,0.004769,0,0,9.5e-05,0,0,0.004324,0,0,0,0.005882,0,0,0,0,0,0,0.039613,0.001367,0,0,0.002289,0,0,0,0.003116,0,0,0,0.001431,0,0,0,0.006263,0,0,0.000254,0,0,0,0.013512,0,0,0,0.000477,0,0,3.2e-05,0,0,0.008775,0,0,0.036307,0,0,0,0,0,0,0,0,0,0,0,0,3.2e-05,0,0,0,0,0,0.009474,0,9.5e-05,0,0,0,0,0,0.000254,0,0,0,0,0,0,0,0,0.000159,0,0,0,0,0,0,0,0,0,0,0,0,0.014402,0.000286,0,0,0,0,0,0,0,0,0,0.00283,0,0,0,0,0,0,0,0,0,0,6.4e-05,0,0,0,0,0,0,0,0,0,0,0,0,0,0,0,0,0,0,0,0,0,0,0,0,0,0.016278,0,0.006263,0,0,0,0,0,0,0,0,0,0,0.000795,3.2e-05,0,0.010492,0,0,0,0,0,0,0,0,0.000763,0.004165,0,0,6.4e-05,0,0,0,0,0,0,0,0,0.016945,0,0,0,0,0,0.001812,0,0,0.008679,0.000699,0,0,0,0.000159,0.004642,0,0.006041,0,0,0,0,0,0,0,0,0,0,0,0,0,0,0,0.00833,0,0.000286,0.003974,0,0,0,0,0,0,0.001145,0.001017,0,0,0,0,0,0.000223,0,0,0,0,0,0,0,0,0,0,0.003815,0.000127,0,0,0.000763,0.000191,0,0,0,0.008393,0,0.019743,0,0,0.004928,0,0,0,0.006517,0,0,0,0,0,0,0,0.000159,0,0,0,0,0,0,9.5e-05,0.002384,0,3.2e-05,0.012494,0,0.005532,0,0.000159,0,0,0.007408,0.000572,6.4e-05,0,0,0,0,0,0,0,0,0,0.002416,0,0,0,0,0,0,0,0.002861,0.000699,0,0,0,0.001558,0.003752,0,0.000954,0,0.000763,0,0,0,0,0.00372,0.002257,0,0,0,0,0,0,0,0,3.2e-05,0,0,0,0.002035,0.000795,0,0.002003,0,0,0,0.000223,0,0,3.2e-05,0,0.000731,0,0.000636,0,0.00283,0,0,0,0,0,0,0,0,0,0.002798,0,0,0,0.000318,0.000954,0,0,0
D1342,0.008791,0,0,0,0.323827,0,0,0,0,0,0.053,0,0.000159,0,0,0,0,0,0,0,0,0,0,0,0,0,0,0,0,0,0,0,0,0.004636,0,0,0,0,0,0,0,0.104272,0,0,0.000455,0.011143,0,0,0,0,0,0,0,0.1323,0,0,0,0,0.012608,0,0,0,0,0.118825,0,0,0,0,0,0,0,0,0,0,0,0,0,0,0,0,0,0,0,0,0,0,0,0,0,0,0,0,0,0,0,0,0,0,0,0,0,0,0,0,0,0,0,0,0,0,0,0,0,0,0,0,0,0,0,0,0,0,0,0,0,0,0,0,0,0,0,0,0,0,0,0,0,0,0,0,0,0,1.6e-05,0,0,0,0,0,0,0,0,0,0.004472,0,0,0,0,0,0,0,0,0,0,0,0,0,0,0,0,0,0,0,0,0,0,0,0,0,0,0,0,0,0,0,0,0,0,0,0,0,0,0,0,0,0.000433,0,0,0,0.000481,0,0,0,0,0,0,0,0,0,0,0,1.1e-05,0,0,0,0,0,0,0,0,0.049226,0,0,0,0,0,0,0,0,0,0,0,0,0,0,0,0,0,0,0,0,0,0,0.000428,0,0,0,0,0,0,0,0,0,0,0,0,0,0,0,0,0,0,0.036248,0,0,0,0,0,0,0,0,0,0,0,0,1.1e-05,0,0,0,0,0,0,0,0,0,0,0,0,5e-06,0,0,0,0,0,0,0,0,0,0,0,0,0.049152,0,0,0,0,0,0,0,0,0,0,0,0,0,0,0,0,0,0,0,0,0,0,0,0,0,0,0,0,0.001544,0,0,0,0,0,0,0,0,0,0,0,0,0,0,0,0.07672,0,0,0,0,0,0,0,0,0,0,0,0,0,0,0,0,0,0,0,0,0,0,0,0,0,0,0,0,0,0,0,0,0,0,0,0,0,0,0,0,0,0,0,0,0,0,0,0,0,0,0,0,0,0
D3334,0.013933,0,0,0,0,0.024612,0,0,0,0,0,0,0.00656,0,0,0,0,0,0,0,0,0,0,0,0,0,0,0.001897,0,0,0,0,0,0,0,0,0,0,0,0,0,0,0,0,0.036214,0,0,0,0.021522,0,0,0,0.004933,0.068253,0,0,0,0,0.008837,0,0,0,0,0,0,0.00244,0,0,0,0,0,0,0,0,0,0.002711,0,0,0.012415,0,0,0,0,0,0,0,0,0.009162,0,0,0,0,0,0,0,0,0,0,0,0.000108,0,0,0,0.009541,0,0,0,0.003361,0,0.000163,0,0,0,0,0,0,0,0,0,0,0,0,0,0,0,0,0,0.002168,0,0,0,0,0,0,0,0,0,0,0,0.002873,0,0,0.001843,0,0,0,0,0.000271,0.033666,0,0.005042,0.001735,0,0,0,0,0,0,0,0,0.095197,0,0,0,0,0,0,0,0,0,0,0,0,0,0,0,0,0,0,0,0,0,0,0,0,0,0,0.020763,0,0,0,0,0.000434,0,0.00412,0,0,0.000379,0.000488,0,0,0,0,0,0,0,0,0,0.000325,0,0,0,0,0,0,0,0,0,0,0,0,5.4e-05,0,0,0,0,0,0,0,0.057682,0.007644,0,0,0,0,0,0,0,0,0,0.000434,0,0,0,0,0.010842,0,0,0.000813,0.005963,0,0,0,0,0,0,0,0,0,0,0.021197,0,0,0,0,0,0,0,0,0,0,0,0,0,0.005096,0,0,0,0,0,0.000705,0,0.000271,0,0,0,0,0,0,0,0,0,0,0,0,0,0.009975,0,0,0,0,0,0,0,0,0.009162,0,0,0,0,0,0,0,0,0,5.4e-05,0,0,0,0,0,0,0,0,0,0,0,0,0,0,0,0,0,0.01442,0,0,0,0.001193,0,0,0,0,0,0,0.003253,0,0,0,0,0,0,0,0,0,0.000813,0,0,0,0,0,0,0,0,0,0,0.003795,0.000705,0,0,0,0,0,0,0,0.000325,0,0.000217,0,0,0,0,0,0,0,0,0,0,0,0,0,0,0,0,0,0.000434,0,0,0,0,0
D533,0.044401,0,0,0,0,0,3e-05,0,0,0,3e-05,0,0,0,0,0,0.022988,0,0,0,0.0242,0.002211,0,0,0,0,0,0,0,0,0,6.1e-05,6.1e-05,0.005997,0,0,6.1e-05,0,0,3e-05,0.007269,0,0,0,0.000303,0,0,0,0,0,0,0,0,0,0,0,0,0,0,0,0,0,0,0,0,0,0,0.000394,0,0,0,0,0,0.060999,0,0,0.001484,0,0,0,0,9.1e-05,0,0,0,0,0,0,0,0,0,0,0,0,0,0.007087,0,0,0,0,0.003392,0,0,0,0.004664,0,0,0,0,0,0,0,0.007996,0,0,0,6.1e-05,0,0,0,0,0,0,0,0,0,0,0,0,0,0,0,0,0,0,0,0,0,0,0,6.1e-05,0,0,0,0,0.000151,0.034376,0.000273,0,0.000666,0,0,0,0,0,0,0,0,0,0,0,0,0,0,0,0,0,0,0,0,0,0,0,0,0,0.00318,0,0,0,0,0,0,0,0.047763,0,0,0,0,0.000182,0.000363,0,0,0,0,6.1e-05,0,0,0.018082,0.003241,0.000878,0,0,0,0,0,0,0,0,0,0,0,0.000303,0,0,0,0,0,0,0,0,0.003544,0,0,0,0,0.00215,0.000363,0,0,0,0,0,0.005361,0,0,0,0,0,0,0,0,0,0,6.1e-05,0,0,0,0.000182,0,0,0,0,0,0,0.010661,0,0,0,0,0,0,9.1e-05,0,0,0,0.000182,0,0,0.010025,0,0,0,0,0.00212,0,0,0.008905,0.000273,0,0,0,0,0,0,0,0,0.005512,0,0,0,0,0,0,0,0,0,0.000485,0,0,0,0,0,0,0,0,6.1e-05,0,0,0,0,0,0.000909,0.000363,0,0,0,0.000333,0.001666,0,0,0,0,0.010298,0,0,0,0,0,0,0,0.009086,0,0,0,0,0,0,0,0,0.002635,0,0.000303,0,0,0.000182,0,0,0,0,0,0.001484,0.001514,0.009329,0,0,0,0,0,0,0,0,0,0,0,0,0,0,0,0.001302,0,0,0.003604,0.009692,0,0,0,0,0.00318,0,0.001242,0,0,0,0,0,0.000394,0,0,0,0.001181,0,0.000606,0,0,0,0,0.000515,0,0,0
D4177,0.002601,0,0,0,0,0.2757,0,0,0,0,0,0,0,0,0,0,0,0,0,0,5.2e-05,0,0,0,0,0,0,0,0,0,0,0,0,0,0,0,0,0,0,0,0,0,0,0,0,0,0,0,0,0,0,0,0,0,0,0,0,0,0,0,0,0,0,0,0,0.046587,0,0,0,0,0,0,0,0,0,0,0,0,0.05361,0,0,0,0,0,0,0,0,0.027573,0,0,5.2e-05,0,0,0.000104,0,0,0,0,0,0.000338,0,0,0,0,0,0,0,0.030954,0,0,0,0,0,0,0,0,0,0,0,0,0,0,0,0,0.000754,0,0,0,0,0,0,0,0,0,0,0,0,0,0,0.024529,0,0,0,0,0,0,0,0.004162,0,0,0.002393,0,0,0,0,0,0,0,0,0,0,0,0,0,0,0,0,0,0,0,0,0,0,0,0,0,0,0,0,0,0,0,0,0,0,0,0,0,0,0,0,0,0.016075,0,0,0,0,0,0,0,0,0,0,0,0,0,0,0,0,0,7.8e-05,0,0,0,0,0,0,0,0,0,0,0,0,0,0,0,0,0,0,0,0,0,0,0,0,0,0,0,0,0,0.005879,0,0,0,0,0,0,0,0.014098,0.000208,0.000338,0,0,0,0,0,0,0,0,0,0,0,0,0,0,0,0,0,0,0,0,0,0,0,0,0.00411,0,0,0,0,0.018078,0,0.029211,0,0,0,0,0,0,0,0,0,0,0,0,0,0,0,0,0,0,0,0,0,0,0,0,0,0,0,0,0,0,0,0,0.008428,0,0,0,0,0,0,0,0,0,0,0,0,0,0,0,0,0,0,0,0,0,0,0,0,0,0,0,0,0,0,0,0,0,0,0,0,0,0,0.000546,0,0,0,0,0,0,0,0,0,0,0,0,0,0,0,0,0,0,0,0,0,0.004422,0,0,0,0,0,0,0,0,0,0,5.2e-05,0,0,0,0,0,0,0,0,0,0.007543,0,0
D2891,0,0,0.001609,0,0,0,0,0,0,0,0,0,0,0,0,0,0,0,0,0,0,0,0,0,0,0,0,0,0.008449,0,0,0,0,0,0,0,0,0,0,0,0,0,0,0,0,0,0,0,0,0,0,0,0,0,0,0,0,0,0,0,0,0,0,0,0,0,0,0,0,0,0,0,0,0,0,0,0,0.184269,0,0,0,0,0,0,0,0,0,0,0,0,0,0,0,0,0,0,0,0,0,0,0,0,0,0,0,0.001408,0,0,0,0,0,0,0,0,0,0,0,0,0,0,0,0,0,0,0,0,0,0,0,0,0,0,0,0,0,0,0,0.003319,0,0,0,0,0,0,0,0,0,0,0,0,0,0,0,0,0,0,0,0,0,0,0,0,0.07413,0.109837,0,0,0,0,0,0,0,0,0,0,0,0,0,0,0,0,0,0,0,0,0,0,0,0,0,0,0,0,0,0,0,0,0,0,0,0,0,0,0,0,0,0.010863,0,0,0,0,0.009455,0,0,0,0,0,0,0,0,0,0,0,0,0,0,0,0,0,0,0,0,0,0,0.028465,0,0,0,0,0,0,0,0,0,0,0,0,0,0,0,0,0,0,0,0,0,0,0,0,0,0,0,0,0,0,0.134681,0,0,0,0,0,0,0,0,0,0,0,0,0,0.083182,0,0,0,0,0,0,0,0,0,0,0,0,0,0,0.122812,0,0,0,0,0,0,0,0,0,0,0,0,0,0,0,0,0,0,0,0,0,0,0,0,0,0,0,0,0,0,0,0,0,0,0,0,0,0,0,0,0,0,0,0,0,0,0,0,0,0,0,0,0,0,0,0,0,0,0,0,0,0,0,0,0,0,0,0,0,0,0,0,0,0,0,0,0,0,0,0,0,0,0,0,0,0,0,0,0,0,0,0,0,0,0.014383,0,0,0,0,0,0,0,0,0,0,0
D4352,0.000126,0,9.5e-05,9.5e-05,0,0,0,0,0,0,0,0,0,0,0,0,0,0,0.285633,0.006983,0,0.000316,0,0,0,0,0,0,0,0,0,0.001011,9.5e-05,0,0,0,0.070208,0,0,0.277418,0,0,0,0,0,0,0,0,0,0,0,0,0,0,0,0,0,0,0,0,0,0,0,0,0,0,0,0,0,0,0,0,0,0,0.001927,0,0,0,0,0,0,0.020569,0,0.174603,0,0,0,0,0,0,0,0,0.134349,0,0,0,0,0,0,0,0,6.3e-05,0,0,0,0,0,0,0.01504,0,0,0,0,0,0,0,0.001548,0,0,0,0,0,0,0,0,0,0,0,0,0,0,0.00019,0,0,0,0,0,0,0,0,0,0,0,0,0,0,0,0,0,0,0,0,0,0,0,0.000632,0,0,0,0,0,9.5e-05,0,0,0,0.000221,0,0,0,0,0,0,0,0,0,0,0,0,0,0.000474,0,0,0,0,0,0,0,0,0,0,0.000221,0,0,0,0,0,0,0,0,0,0,0,0,0,0,0,0,0,0,0,0,0,0,0,0,0,0,0,0,0,0,0,0,0,0,0,0,0,0,0,0,0,0,0,0,0,0,0,0,0.000474,0,0,0,0,0,0,0,0,0,0,0,0,0,0,0,0,0,0,0,0,0,0,0,0,0,0,0,0,0,0,0,0,0,0,0,0,0,0,0,0,0,0,0,0,0,0,0,0,0,0,0,0,0,0,0,0,0,0,0,0,0,0,0,0,0,0,0,0,0,0,0,0,0,0,0,0,0,0,0,0,0,0,0,0,0,0,0,0,0,0,0,0,0,0,0,0,0,0,0,0,0,0,0,0,0,0,0,6.3e-05,0,0,0,0,0,0,0,0,0,0,0,0,0,0,0,0,0,0,0,0,0,0,0,0,0,0,0,0,0,0,3.2e-05,0,0,0,0,0,0,0,0,0.000158,0,0,0,0,0,0,0,0,0,0,0,0
D1567,0.00014,0,0.00191,0.004402,0.001886,0,0,2.3e-05,0,0.005776,0,0,0,0,0.000675,0,0,0,0,0,0.001258,0,0.000792,0.012576,0,0,0.004751,0,0.000978,0,0.004378,0,0,7e-05,0.000116,0.000116,0,0,0,0,0,0,0.056221,0,0.000233,0,0,0,7e-05,0.429806,0,0.000606,0.000419,0,0,0,0.007313,0,0,0.001933,0.003307,0,2.3e-05,0.004728,0.000722,0,0,0.00014,0.000116,0,0.00014,4.7e-05,0,0,0.002236,0.000163,0,7e-05,0,0,0,0,0.000233,0,0,0,0,0,0,0,0,0,0,9.3e-05,0,0,0,0,0,0,0,0,0,0.00014,0,0,0,0,0,0,0,7e-05,0,0,0,0,0,0,0,0,0,0,0,0,0,0,0,0,0.000932,0,0.000303,0,0,0,0.000233,0,0,0.002143,0,0,0.000186,0.009199,0,0,0,4.7e-05,0,0.000233,0,0,0,0,0,0,0,0,0,0,0,0,0,0,7e-05,4.7e-05,7e-05,0,0,0,0,0,0,0,0,0,0,0,0.000512,0,0.021869,0,0,0,0,0,0,0.000303,0,0,0,2.3e-05,0,0,0,0.000163,0.000256,0,0,0,0.038451,0,0,0,0.006987,0,0.003121,0,0,0,0.002888,0,0.000163,0,0.000186,0,0.000116,0,0.001118,0,0,0,0,0.000932,0,4.7e-05,0,0,0,0,0,0,0.000373,0,0,0,0,0.034818,0,0,0,0,0,0,0,0.004891,0,0,0,0,0,0,0,0,0,0,0,0,0,0,0,0,0,0,0,0,0,0,0.000116,0,0,0,0,2.3e-05,0,0,0.149285,0,0,0,0,0,0,0,0,0,0,0,0,0,0,0.00014,0,0,0.039895,4.7e-05,0,0,0.056849,0,0,0.000303,0,0,0,0,0,0,0,0,0,0,0,7e-05,0,0,0,0,0,0,0,0,0,0,0,0,0,0,0,0.000699,0,0,0,0,0,0,0,0,0.00021,0,0.022265,0,0,0,0,0,0,0.000326,0,0,0,0,0,0,0,0,0,0,0,0.000303,0,0,0,0,0,0.00014,0,0,0,0,0,0,0,0,0,0,0,0,0,0,0,0,0,0,0,0,0,0,7e-05,0,0.000419,0,0,0,0,0,0,0,0,0,0,7e-05
D4148,0,0,0.278648,0.077965,0,0,0,0,0,0,0,0,0,0,0.012425,0,0,0,0,0,0.006065,0.001237,0.012307,0.020787,0.005712,0,0.001001,0,0.060535,0,0,0,0,0,0.001767,0,0,0.000236,0,0,0,0.000648,0.064362,0,0.000294,0,0,0,0,0.017195,0,0.001001,0.00265,0.001884,0,0,0.001943,0,0.000118,0,0.016724,0,0.002885,0.012543,0,0,0,0.005182,0,0,0.000353,0,0,0.00106,0,0,0,0.026499,0.000118,0,0,0,0,0,0,0.002473,0,0,0,0,0,0,0,0,0,0,0,0.000294,0,0,0,0,0,5.9e-05,0,0.007479,0,0,0,0,0,0.001531,0,0,0,0,0,0,0,0,0.00106,0,0,0,0,0,0,0,0,0,0.007066,0,0,0,0.004181,0,0,0.013367,0.004416,0,0,0.020433,0.000118,0,0,0,0,0.001354,0.000294,0,0,0,0,0,0,0,0,0,0,0,0,0,0.018255,0.000177,0.000942,0,0,0,0,0,0,0,0,0,0,0,0.002885,0,0.003651,0,0.000177,0,0,0.000353,0,0.004181,0,0.000177,0.003356,0,0,0,0,0,0.003121,0,0,0,0.000294,0,0,0,0,0,0.006536,0.000766,0,0,0,0.000177,0.018961,0,0,0,0,0,0.001708,0,0,0,0,0.000177,0,0.008244,0,0,0,0,0,0,0,0,0,0,0,0.000294,0,0,0.038747,0,0,0,0,0.000412,0,0,0,0,0,0,0.000236,0,0,0,0,0,0,0.000412,0,0,0,0,0,0,0.008774,0,0.008892,0,0.000471,0,0,0,0,0.000766,0.00848,0,0,0,0.016959,0,0,0,0,0,0,0,0,0,0,0,0,0,0.000471,0.005594,0,0,0.000412,0,0,0.001413,0,0,0.000118,0.002591,0,0,0,0,0,0,0,0,0,0,0.001119,0,0.000118,0,0,0,0,0,0,0,0,0.005182,0,0.000236,0,0,0,0,0,0,0,0,0,0,0.000177,0,0,0,0,0,0,0,0,0,0,0,0,0.000177,0,0,0,0,0.000648,0.000412,0,0,0,0,0,0,0,0,0,0,0,0,0,0,0,0,0,0,0,0,0,0,0,0,0,0,0,0,0.002532,0.00053,0.011012,0.000177,0,0,0,0,0,0,0,0,0,5.9e-05
D958,0,0,0,0,0.017731,0,0,0.001128,0,0,0,0.008704,0,0.069474,0,0,0,0,0,0,0,0.054685,0,0,0,0.000846,0,0,0,0,0,0,0,0.00266,0,0,0,0,0,0,0.005843,0,0,0,0.001128,0,0.000806,0,4e-05,0,0,0,0,0.004997,0,0,0,0.000443,0,0,0,0,0,0,0,0,0,0.02031,4e-05,0,0.00673,0,0,0.0135,0,8.1e-05,0.001894,0,0,0,0,0,4e-05,0,0,0,8.1e-05,0,0,8.1e-05,0,0,0,0,0.00141,0.006649,0.000363,0.001934,0,0,0,0,0,0,0.011324,0,0,0,0,0,0.006327,0,0,0,0,0.000161,0,0,0,0,0,0.002821,0.193109,0,0,0.008301,0.000645,0.000564,0,0.01628,0,0,0,0,0,0,0.006851,0,0,0,4e-05,0,0,0,0.000564,0,0.000201,0,0,0.000363,0,0,4e-05,8.1e-05,0,0,0.014104,0.000161,0,0,0.000443,0,0,0,0,0,0,0,0,0.000121,0,0,0.000766,0,0,0.00399,0,0,0,0,0,0.000121,0,0,0,0,0.035301,0.000121,0,0,0,8.1e-05,0,0,0.001652,0,0,0.001733,0.000201,0.000161,0,0,0,0,0,0,0.000846,0,0,0,0,0,0,0.008503,0,0.001773,0,0,0,0,0,0,8.1e-05,0,0,0,0.000282,0,8.1e-05,0.030546,0.003546,0,0,0,0.000201,0,0,0,0,0,0,0,0,8.1e-05,0,0,8.1e-05,0.000121,0,0,0,0,0.000161,0,0.009389,0.005561,0.000161,0,0,0,0,0,0,0,0,0.000242,0,0,0.000927,0,0.003022,0.000121,0,0,0,0,0,0,0,8.1e-05,0,0.000121,0,0.000484,0.000161,0,0.003707,0,0,0,0,0.000887,0,0,0,0,0,0,0,0,0,0,0,0,0,0.003345,0,0,0,0.000403,0,0.000121,0,0.000121,0,0,0,0,0,0,0,0,0.000121,0,0,0,0,0,8.1e-05,0,0.000725,0.035462,0,0,0,0,0,0.007213,0,0,0,0,0,0,0.000322,0,0,0,0.000121,0,0.006125,0.001693,0.000161,0.000322,0,0,0,0,0,0,8.1e-05,0.000725,0,0,0,0,0,0,0.000121,0,0,0,0,0,0,0,0,0,0,0,0.000201,0.002901,0,0.000121,0,0,0,0,0,0.00411,0,0,0.000161,0.000121,0,8.1e-05,0,0,0,0
D943,0,0,0.094923,0.035221,0.066522,0,0,0,0,0,0.002998,0,0,0,0.00201,0,0.001746,0,9.9e-05,0,0.010247,0,0.008138,0.00346,0.000395,0.000264,0.095681,0,0.013706,0,0,0.000198,0,0.000329,0.000198,0,0,0,0,0,0.000428,9.9e-05,0.020724,0,0.000329,0,0,0,0,0.002537,0,0.273797,0.000329,0.015815,0,0,0.002603,0,0,0,0,0,0.000329,0,0,0,0,0,0,0,0,0.001021,0,0.000593,0,0.136865,0,0.001911,0,0,0,0,0,0,0,0,0,0,0,0,0,0,0,0,0.000494,0,0,0,0,0,0.000297,0,0,0.000198,0,0.002801,0,0,0,0,0,0.000758,0,0,0,0,0,0.000132,0,0,0.00425,0,0,0,0.000231,0,0,0.000297,0,0,0.010049,0,0,0,0.000527,0,3.3e-05,0.0057,0.000461,0,0,0.018978,9.9e-05,0,0,0,0.000132,0,0,0,0,0,0,0,0,0,0,0,0,0,0.000494,0,0,0.029159,0.016144,0,0,0,0,9.9e-05,0,0,0,0,0,0.000231,0.000692,0,0.011828,0,0,0,0,0,0,0.002504,0,0,0,0,0,0,0,0.001285,0.001219,0,0,0,0.002273,0,0,0,0.000329,0,0.011268,0,0,0,0,0,0.000527,0,0,0,0.001812,0,0.001384,0,0,0,0,0,0,0.001153,0,0,0,0,0,6.6e-05,0.000692,0,0,0,0,0.005239,0,0,0,0,0,0,0,0.000297,0,0,0,0,0,0,0,0,0,0,0,0,0,0,0,0,0,0,0,0,0,0,0.001911,0,0.000494,0,0,0,0,0.001384,0.000395,0,0,0,0,0,0,0,0,0,0,0,0,0,0,0,0,0.000329,0.000923,3.3e-05,0,0,0.000593,0,0,0.000923,9.9e-05,0,0,0.000494,0,0,0,0,0,9.9e-05,0,0,0,0,0,0,0,0,0,0,0,0.000593,0,0,0,6.6e-05,0,0.00168,0,0,0.000593,0,0,0,0,0,0,0,0.001252,3.3e-05,0,0,0,0,9.9e-05,0.000132,0,0,0,0,3.3e-05,0.000395,0,0,0,0,0.000955,0.003427,0,0,0,0,0,0,0,0,0.000264,0,0,0,0,0.000198,0,0,0,0,0,0,0,0,0,0,0,0,0,0,0,0,0.000791,0,0,0,0,0,0,0.000395,0,0,0,0
D3971,0,0,0,0,0.001592,0,0,0,0,0.003469,0,0.002047,0.000114,0.139616,0,0,0,0,0,0,0,0.001649,0,0,0,0,0,0.00546,0,0,0,0,0,0,0,0,0,0,0.00654,0,0.005061,0,0,0,0,0.000114,0,0,0.001706,0,0,0,0,0.000739,0,0,0.002502,0,0,0,0,0,0,0,0,0,0,0.000569,0.00091,0,0,0,0,0.005744,0,0.033212,0.003981,0.000114,0,0,0,0,0,0,0,0,0.006711,0,0,0,0,0.001934,0,0,0.000455,0.015525,0.001535,0.000227,0,0,0,0,0,0,0.000171,0,0,0,0,0,0,0,0,0,0,0,0,0,0,0,0,0.002843,0,0.000114,0,0.003981,0.000682,0.015525,0,0,0,0,0,0,0,0,0.027241,0,0,0,0.002275,0,0,0,0.001422,0,0,0,0,0.002787,0,0,0,0,0,0,0.00182,0,0,0,0.000796,0,0,0,0,0,0,0,0,0,0,0,0.000682,0.000398,0,0.009099,0,0,0,0,0,0.000171,0,0,0,0,0.001081,0,0,0,0,0,0,0,0.001251,0,0,0.001251,0.000569,0.00364,0,0,0,0,0,0,0.001706,0,0,0,0,0,0,0.022293,0,0.008701,0,0,0,0,0,0.000569,0.000171,0,0,0,0,0,0.00182,0,0.000626,0,0,0,0,0,0,0,0,0,0,0,0,0,0,0,0.000796,0.001649,0,0,0,0,0.001592,0,0.001479,0.002047,0,0,0,0,0,0,0,0,0,0.000455,0,0,0.001479,0,0.012511,0.000682,0.000341,0,0,0,0,0,0,0,0,0.004152,0,0.002843,0.005061,0.000171,0.007109,0,0,0,0,0,0,0,0,0,0,0,0.000171,0,0,0,0,0,0,0.000171,0.00944,0.008929,0,0.000171,0,0.000284,0.001137,0.001194,0,0,0,0,0,0.003242,0.000114,0,0,0,0.002275,0,0,0,0.000512,0,0,0,0,0,0,0,0,0.006711,0,0,0,0,0,0,0.0029,0,0,0,0.002218,0,0.014559,0.002787,0.001251,0,0,0.019165,0,0,0,0,0,0.000455,0,0,0.012398,0,0.000227,0,5.7e-05,0,0,0,0,0,0,0.003697,0,0,0,0,0.000569,0.005175,0.000512,0.001024,0.000512,0.000455,0,0,0,0.002616,0,0.000967,0.001081,0.001081,0,0.000227,0,0,0,0
D1011,0.000554,0,0,0,0,0,0,0,0,0,0,0,0,0,0,0,0.298396,0,0,0,0,0.002651,0,0.00023,0,0,1.4e-05,0,0,0.000108,0,0,0,0.000825,0,0,0,0,0,0,0.013037,0.000284,0,0,0.000284,0,0,0,0.000676,0,0,0,6.8e-05,0,0,0,0,0,2.7e-05,2.7e-05,0,0,0,0.005491,0,0,0,0.00069,0,0,0,0,0,0.007898,0,0,0.012902,0,0,0,0,0,0,0,0,0,0,0,0,0,0.001515,0,0,0,0,0.003516,0,0.000162,0,0,0.134835,0,0,2.7e-05,0.000595,0,0,0,0,0,0,0,0,1.4e-05,0,0,0,0,0,0,0,0,0,0,0,0.00069,0,0,0,0.000825,0,0,0,0,0,0,0.002556,0,0,0,0.00422,0,0,0,0,0,0.027238,4.1e-05,9.5e-05,0.001244,0,0,0,0,0,0,0,0,0,0,0,0,0,0,0,0,0,0,0,0,0,0,0,0,0,0.001947,0,0,0,0,0,0,0,0.001109,0,0,0,0.000311,0,0.003476,0,0.031646,0,0,2.7e-05,0,0.000108,0,0.002313,0.003083,0,0,0,0,0,0,9.5e-05,0,0,0,0,0.002745,0,0,0,0,0,0,0,0,0.001109,1.4e-05,0,0,0,0.000122,0.006208,0,0.001907,0,0.004165,0,0.018961,0,0,0,0,0,0,0,0,0,1.4e-05,4.1e-05,0.006573,0,0.000838,0.00023,0,0,0,0,0,0,0.002204,0,0,0,0.00733,0,0,0,0,0,0,0.000203,0,0,0,0,0.001014,0,4.1e-05,1.4e-05,0,0,0.003746,0.000149,0,0,0,0.000365,0,0.001542,0,0,1.4e-05,2.7e-05,0,0,0,0.003083,1.4e-05,0,6.8e-05,0,0.00092,0,0,0,0,0,0,0,0,8.1e-05,0.000866,0,0,0.000298,0,0.002015,0.000284,0.000257,0,0,0.000487,0.00023,0,0,0,0.000257,0.003232,0,0,0,0,0,0.000243,0,0.001434,0,0,0,0,0,0,0,0,0.001636,0,0.003638,0.001393,0,0.000189,0.000257,0.00069,0,0,0,0,0.001988,0.001244,0,0,0,0,0,0,0,0,0.000798,0,0,0,0.000108,0.000554,0,0.001298,0,0,0.005964,0.00119,0,0,0,0,0.002042,0,0.001325,0,0.005153,0,0,0,0.005775,0,0,0,0.000663,0,0.002691,0,0,0,0.000392,0,0,0,0
D4459,0.019492,0,0,0,0.000907,0,0,0,0,0.000453,0,0,0.308401,0,0,0,0,0,0,0,0,0,0,0.001058,0,0,0,0,0,0,0.008311,0,0,0,0,0,0,0,0,0,0,0.000907,0,0,0.10139,0.005742,0,0,0.000151,0,0,0,0.001813,0.000453,0,0,0,0,0,0,0,0,0,0,0,0,0,0,0,0,0,0,0,0,0,0,0,0,0,0,0,0,0,0,0,0,0,0,0,0,0,0,0,0,0,0,0,0,0,0,0,0,0,0.064974,0,0,0,0,0,0,0.000756,0,0,0.183439,0,0,0,0,0,0,0,0,0,0,0,0,0,0,0,0,0,0,0,0,0,0,0,0,0,0,0,0,0,0,0,0,0,0,0,0,0,0,0,0,0,0,0,0,0,0,0.002569,0,0,0,0,0,0,0,0,0,0,0,0,0,0,0,0,0,0,0,0,0,0,0,0,0,0,0,0,0,0,0,0,0,0.000907,0,0,0,0,0,0,0,0,0,0,0,0,0,0,0,0,0,0,0,0,0,0,0,0,0.186159,0,0,0,0,0,0,0,0,0,0.000756,0,0,0,0,0,0,0,0,0,0,0,0,0.057268,0,0,0,0,0,0,0,0,0,0,0,0,0,0,0,0,0,0,0,0,0,0,0,0,0,0,0,0,0,0,0,0,0,0,0,0,0,0,0,0,0,0,0,0,0,0,0,0,0,0,0,0,0,0,0,0,0,0,0,0,0,0,0,0,0,0,0,0,0,0,0,0,0,0,0,0,0,0,0,0,0,0,0,0,0,0,0.001058,0,0,0,0,0,0,0,0.000604,0,0,0,0,0,0,0,0,0,0,0,0,0,0,0,0,0,0,0,0,0,0,0,0,0,0,0.000302,0,0,0,0,0,0,0,0,0,0,0,0,0,0,0,0,0,0,0,0,0,0,0,0,0,0,0,0,0,0,0,0,0,0,0
D2307,0,0,0,0,0,0,0,0,0,0,0,0.208354,0,0.022796,0,0,0,0,0,0,0,0,0,0,0,0,0,0,0,0,0,0,0,0,0,0,0,0,0.000496,0,0,0,0,0,0,0,0,0,0,0,0.001416,0,0,0,0.001628,0.003398,0,0.003186,0,0,0,0,0,0,0,0,0,0,0,0,0,0,0,0,0,0,0,0,0,0,0,0,0,0,0,0,0,0,0,0,0,0.00085,0,0,0,0,0.089062,0,0,0,0,0,0,0,0.000283,0,0,0,0,0,0,0,0,0,0,0,0,0,0,0,0.002761,0.050265,0,0,0,0,0,0,0,0,0,0,0,0,0,0,0,0,0,0,0,0,0,0,0.000212,0,0,0,0,0,0,0,0,0,0,0,0,0,0,0,0,0,0,0,0,0,0,0,0,0,0,0,0.000991,0,0,0,0,0,0,0,0,0,0,0,0,0,0.018336,0,0,0,0,0,0,0,0,0,0,0,0,0,0,0,0,0,0,0,0,0,0.00715,0,0,0,0,0,0,0,0,0,0,0,0,0.008142,0,0,0,0,0,0,0,0,0,0,0,0,0.014018,0,0,0,0,0,0,0,0,0,0,0,0,0,0,0,0,0,0,0,0,0,0.000212,0,0,0,0,0,0,0,0,0,0,0,0,0,0.019115,0.003894,0,0,0,0,0,0,0,0,0,0,0,0,0,0,0,0,0,0,0,0,0,0,0,0,0,0,0,0,0,0,0,0,0,0,0,0.002336,0,0,0.000283,0,0,0.000991,0,0,0,0,0,0,0,0,0,0,0,0,0,0,0,0,0,0,0,0,0,0,0,0,0,0,0,0,0,0,0,0,0,0,0.108177,0,0,0,0,0,0,0,0,0,0,0,0,0.01777,0,0,0,0,0,0,0,0.044602,0,0,0,0,0,0,0,0,0,0,0,0,0,0.131044,0,0,0,0,0,0,0,0,0,0.041841,0,0,0,0,0,0
D3420,0,0,0,0,0.099445,0,0,0,0,0,0,0,0,0,0,0,0,0,0,0,0,0,0,0,2.3e-05,3.5e-05,0,0,0,0,0,0,0,5.8e-05,0,0,0,0,0,0,1.2e-05,0,0,0,0,0,0,0.016013,0,0,0,0,0,0,0,0,0,0,0,0,0,0,0,0,0,0,0,0,2.3e-05,0,0,0,0,0,0,0,4.6e-05,0,0,0,0,0,0,0,0,0,0,0,0,0,0,0,0,0,4.6e-05,0,0,5.8e-05,0,0,0,0,0,0,0,0,0,0,0,0,0,0,0,0,0,0,0,0,0,0,0,0,0.304594,0,0,0,0.401902,0,0,0,0,0,0,0,0,0,0,0,0,0,0,0,0,0,0,0,0,0,0,0,0,0,0,0,0,0,0,0,0,0,0,0,0,0,0,0,0,0,0,7e-05,0,0,0,5.8e-05,0,2.3e-05,0,0,0,0,0,0,0,0,0,0,0,0.070403,0,0.000279,0,0,0,0,0.002531,0,0,0.000418,0.00101,0,0,0,0,4.6e-05,0,0,0,0,0,0,0,0,0,0,0,0,0,0,0,0,0,0,0,0,0,0,0,0,0,0,0,0,0,0,0,0,0,0,0,0,0,0,0,0,0,0,0,0.011333,0,0,0,0,2.3e-05,0,0,5.8e-05,0,0,0,0,0,0,0,0,0,0,0,0,0,0,0,0,0,2.3e-05,0,0,0,3.5e-05,0,0,0,4.6e-05,0,2.3e-05,0,0,0,0,0,0,0,0,0,0,0,0,0,0,0.009371,0,0,0,0,0,0,0.000592,0,0,0,0,0,0,2.3e-05,0,0,0,3.5e-05,0,0,0,0,0,0,0,0,0,0,0,0,0,0,0,0,0,0,0,0,0,0,0,0,0,0,0,0.038877,0,0,0,0,0,0,5.8e-05,0.004401,0,0,0,0,0,0,0,0,0,0,0,0,0,0,0,0,0,0,0,0,0,0,0,0,0,0,8.1e-05,0,0,0,0,0.000592,0,0,0,0,0,0,0,0,0,0,0,0,0,0,0
D2232,0,0,0,0,0,0,0,0,0.311874,0,0,0,0,0,0,0,0,0,0,0,0,0,0.000965,0,0,0,0,0,0,0,0.00023,0,0,0,0,0,0,0.108859,0,0,0,0,0,0,0,0,0,0,0,0,0,0.000551,0,0,0,0,0,0,0,0,0,0,0,0,0.151549,0,0,0,0,0.099807,0,0,0,0,0,0,0,0.00023,0,0,0,0,0,0,0,0,0,0,0,0,0,0,0,0,0,0,0,0,0,9.2e-05,0,0,0,0,0,0,0,0,0,0,0,0,0,0,0,0,0,0.003033,0,0,0,0,0,0,0.010845,0,0,0,0.004182,0,0,0,0,0,0,0,0,0,0,0,0,0,0,0,0,0,0,9.2e-05,0,0,0,0,0,0,0,0,0,0,0,0.041632,0,0,0,0.000643,0,0,0,0,0,0,0,0,0,0,0,0,0,0,0,0,0,0,0,0,0.020403,0,0,0,0,0,0,0,4.6e-05,0,0,0,0,0,0,0,0,0.052844,0,0,0,0,0,0,0,0.051742,0,0,0,0,0,0,0,0,0,0,0,0,0,0,0,0,0,0,0,0,0,0,0,0,0,0,0,0,0,0,0.003263,0.058405,0,0,0,0,0,0,0,0,0,0.002068,0,0,0,0,0,0,0,9.2e-05,0,0,0,0,0,0,0,0,0,0,0,0,0,0,0,0,0,0,0,0,0,0,0,0,0,0,0,0,0,0,0,0,0,0,0,0,0,0,0,0,0,0,0,0.000276,0,0,0,0,0,0,0,0,0,0,0,0,0,0,0,0,0,0,0,0,0,0,0,0,0,0,0,0,0,0,0,0,0,0,0,0,0,0,0,0,0,0,0,0,0,0,0,0,0,0,0.000184,0,0,0,0,0,0,0,0,0,0,0,0,0,0,0,0,0,0,0,0,0,0,0,0,0,0,0,0,0,0,0,0,0,0,0,0,0,0,0,0,0,0,0,0,0
D2219,0.000674,0,0,0,0,0.234454,0,0,0,0,0,0,0,0,0,0,0,0,0,0,6.4e-05,0,0,0,0,0,0,0,0,0,6.4e-05,0,0,0,0,0,0,0,0,0,0,0,0,0,0,0,0,0,0,0,0,0,0,0,0,0,0,0,0,0,0,0,0,0,0,0.046454,0,0,0,0,0,0,0,0,0,0,0,0,0.063405,0,0,0,0,0,0,0,0,0.036502,0,0,0,0,0,0.001958,0,0,0,0,0,0.000417,0,0,0,0,0,0,0,0.03602,0,0,0,0,0,0,0,0,0,0,0,0,0,0,0,0,0,0,0,0,0,0,0,0,0,0,0,0,0,0,0,0.008572,0,0,0,0,0,6.4e-05,0,0.002215,0,0,0,0,0,0,0,0,0,0,0,0,0,0,0,0,0,0,0,0,0,0,0,0,0,0,0,0,0,0,0,0,0,0,0,0,0,0,0,0,0,0,0,0,0.004495,0,0,0,0,0,0,0,0,0,0,0,0,0,0,0,0,0,0,0,0,0,0,0,0,0,0,0,0,0,0,0,0,0,0,0.009278,0,0,0,0,0,0,0,0,0,0,0,0,0.013869,0,0,0,0,3.2e-05,0,0,0.006774,0,0.000257,0,0,0,0,0,0,0,0,0,0.012135,0,0,0,0,0,0,0,0,0,0,0,0,0,0,0.084208,0,0,0,0,0.00854,0,0.00976,0,0,0,0,0,0,0,0,0,0,0,0,0,0,0,0,0,0,0,0,0,0,0,0,0,0,0,0,0,0,0,0,0.008026,0,0,0,0,0,0,0,0,0,0,0,0,0,0,0,0,0,0,0,0,0,0,0,0,0,0,0,0,0,0,0,0,0,0,0,0,0,0,0.000225,0,0,0,0,0,0,0,0,0,0,0,0,0,0,0,0,0,0,0,0.001059,0,0.002119,0,0,0,0,0,0,0,0,0,0,0,0,0,0,0,0,0,0,0,0,0.005779,0,0
D917,0,0,0,4.8e-05,0,0,0,0.08737,0,0.006707,0,0.066909,0,0.058925,0,0,0,0,0,0,0,0,0,0,0,0.016097,4.8e-05,0,0,0,0,0,0,0,0,0,0,0,0.002149,0,0,0,0,0,0,0,0.029236,0,0,0,0.021366,0,0,0,0,0.004105,0,0.009261,0,0,0,0,0,0,0,0,0,0,0.014287,0,0,0,0,1.6e-05,0,0,3.2e-05,0,0,6.5e-05,0.02004,0,0.002683,0,0.037042,0,0,0,0.014432,0,4.8e-05,0.005608,0,0,0.001584,0,0.00063,0.002424,0,0,0,0,0,0,0,0,0.001794,0,0,0,0,0,0,0,0,0.004509,0,0,0,0,0,0.025568,0,0,0,0,0.000129,0,0,0,0,0,0,0,0,0,0.001713,0,0,0,0,0,0,0,0,3.2e-05,0,0,0,0,0,0,0,0.020541,0.002376,0,0,0,0,0,0,0,0,0,0,0,0,0.001067,0.004234,0.016194,0,6.5e-05,0,0,0,0,0,0,0,0,0,0,0,0,0,0,0,0,0,0,0,0,0,0,0,0,0,0,0,0,0,0,0,0,0,0,0,0.000889,0.000646,0,0,0,0,0,0,0,0,0,0,0,0,0,3.2e-05,0,0,0,0,0,0,0,0,0.001956,0,0,3.2e-05,0,0,0,0,0,0,0,0,0,0,0,0,0.02581,0,0,0,0,0,0,0.000889,0,0.003265,0,0,0,0,0,0.000776,0,0,0.002133,0,0,6.5e-05,0,0,0.004461,0.002004,0,0,0,0,0,0,0.001907,0,0,0,0,0,0,0,0,0.003378,0,0,0,0,0,0,0,0,0,0,0,0,0,0,0,0,0,0,0.022707,0,0,0.048032,0,0,0.015661,0,0,4.8e-05,0,0,0,0,0,0,0,0,0,0.005867,0,0,0,0,0,0,0,0,0,0,0,0,0,0.000646,0,0,0,0,0,0,0,0,0,0,0,9.7e-05,0.000533,0,0.001826,0,0,0,0,0.012558,0,0.049745,0,0,0,0,0,0,0.002537,0.013139,0,0,0.000113,0,6.5e-05,0,0,0,0,0,0,0,0,0,0,0,0,0,0.000954,0,0,0,0,0,0,0,0,0,0
D4350,0,0.046411,0,0,0,0,0.024791,0,0,0,0,0,0,0,0,0,0,0,0.045326,0,0,0,0,0,0,0,0,0,0,0,0,0.054424,0.026377,0,0,0,0.007179,0,0,0.004007,0,0,0,0.00217,0,0,0,0.005175,0,0,0,0,0,0,0,0,0,0,0,0,0,0.10793,0,0,0,0,0.003589,0,0,0,0,0,0,0,0,0,0,0,0,0,0,0,0,0.004674,0,0,0,0,0,0,0,0,0.009015,0,0,0,0,0,0,0,0,0.002337,0,0,0,0,0,0,0,0,0,0,0,0,0.010601,0,0,0,0,0.006594,0,0,0,0,0,0,0,0,0,0,0,0,0,0.25409,0,0,0,0,0,0,0,0,0,0,0,0,0,0,0,0,0,0,0,0,0,0.017362,0,0,0.005509,0,0,0.026628,0,0,0,0,0.017362,0,0,0,0.002337,0,0,0,0.00025,0,0,0,0,0.005175,0,0,0,0,0,0,0,0,0,0,0,0,0,0,0,0,0,0,0,0,0.104341,0,0,0,0,0,0,0,0,0,0,0,0,0,0,0,0,0,0.004007,0,0,0,0,0,0.001252,0,0,0,0,0,0,0,0,0,0,0,0,0,0,0,0,0,0,0,0,0,0,0,0,0,0,0,0,0,0,0,0,0,0,0,0,0,0,0,0,0,0,0,0,0,0,0,0,0,0,0,0,0,0,0,0,0,0,0,0,0,0,0,0,0,0,0,0,0,0,0,0,0,0,0,0,0,0,0,0.000751,0,0,0,0,0,0,0,0,0,0,0,0,0,0,0,0,0,0,0,0,0,0,0,0,0,0,0,0,0,0.018781,0.019199,0,0,0,0,0,0,0,0,0,0,0,0.005426,0,0.010351,0,0,0,0,0,0,0,0,0,0,0,0,0,0,0,0,0.00025,0,0,0,0,0,0,0,0,0,0,0,0.036394,0,0,0,0,0,0,0,0,0,0,0,0.006928,0,0,0,0,0,0,0,0,0
D4145,0,0,0,0.000109,0,0,0,0,0.377743,0,0,0,0,0,0,0,0,0,0,0,0,0,0.003875,0,0,0,0,0,0.000164,0,0.001528,0,0,0,0,0,0,0.064349,0,0,0,0,0,0,0,0,0,0,0,0,0,0.00071,0,0,0,0,0,0,0,0,0,0,0,0,0.083724,0,0,0,0,0.043554,0,0,0,0,0,0,0,0,0,0,0,0,0,0,0,0.000273,0,0,0,0.000109,0,0,0,0,0,0,0,0,0,0,0,0,0,0,0,0,0,0,0,0,0,0.000109,0,0,0,0,0,0.017629,0,0,0,0,0,0,0,0,0,0,0.007914,0,0,0,0,0,0,0.057035,0,0,0,0,0,0,0,0,0,0,0,0.000928,0,0,0,0,0,0,0,0,0,0,0,6e-04,0,0,0,0,0,0,0,0,0,0,0,0,0,0,0,0,0,0,0,0,0,0,0,0,0.023578,0,0,0,0,0,0,0,0.000437,0,0,0,0,0,0,0,0,0,0,0,0,0,0,0,0,0.101899,0,0,0,0,0,0,0,0,0,0,0,0,0,0,0,0,0,0,0,0,0,0,0,0,0,0,0,0,0,0,0,0,0,0,0,0,0,0,0,0,0,0.148674,0,0,0,0,0,0,0,0,0,0,0,0,0.000327,0,0,0,0,0,0,0,0,0,0,0,0,0,0,0,0,0,0,0,0,0,0,0,0,0,0,0,0,0,0,0,0,0,0,0,0,0,0,0,0,0,0,0,0,0,0,0,0,0,0,0,0,0,0,0,0,0,0,0,0,0,0,0,0,0,0,0,0,0,0,0,0,0,0,0,0,0,0,0,0,0,0,0,0,0,0,0,0,0,0,0,0,0,0,0,0,0,0,0,0,0,0,0,0,0,0,0,0,0,0,0,0,0,0,0,0,0,0,0,0,0,0,0,0,0,0,0,0,0,0,0,0,0,0,0
D1185,0.000459,0,0.000353,0.000212,0.000141,0,0,0.023015,0,0.005613,0,0.008613,0,0.027781,0,0,0,0,0,0,0,7.1e-05,0,0,7.1e-05,0.001024,0,0,0.000106,0.003636,0,0,0,0.001977,0,0,0,0,0.033782,0,0.021321,0,0,0,0,0.000176,0.003177,0,0.001624,0,0,0.000353,0,0,0,0,0.000247,0,0,0,0,0,0,0.00113,0,0,0,0,6e-04,0,0,0,0,0.000777,0,0,0.010413,0,0,0.08073,0.007272,0,0.061421,0,0.02058,3.5e-05,0.000282,0,0.030675,0,0,0.001059,0,0,0.001059,0,0,0,0,0,0,0,0,0,0,0,0.006389,0,0,0,0,0,0,0,0,0,0,0,0,0,0.000176,0,0,0,0,0.025945,0.000318,0,0,0,0,0,0,0,0,0,0.008966,0.000388,0,0,0.000494,0,0,0,0,0,0,7.1e-05,0,0,0,0,0,0.001588,0,0,0,0,0,0,0,0,0,0,0.000176,0,0,0,0,0.018885,0,3.5e-05,0,0.009707,0,0.0024,0,0,0,0,0,0.000565,0,0,0,0,0,7.1e-05,0,0,0,0,0,0,0,0.000106,0.000141,0,0,0.004271,0,0,0,0,0,0,0,0.000176,0,0,0.000212,0.000918,0,0,0,0,0,0,0,0,0,3.5e-05,0.000141,0.000388,0,0,0.004801,0,0.00353,0,0,0,0,0,0,0,0,7.1e-05,0,0,0,0,0,0,0,0,0.007342,0.000282,0,0,0,0,0.018638,7.1e-05,6e-04,0.003142,0,0,0,0,0,0,0,0,0,0,0,0,0,0,0,0.000141,0.00586,0,0,0,0,0,0,0,0,0,0,0.001377,0,0,0,0,0,0,0.010731,0,0,0,0,0,0,0,7.1e-05,0,0,0,0,0,0,0.000141,0.002718,0,0,0,0,0.0018,0.008613,0.000106,0,0,0.002506,3.5e-05,0,0.000212,7.1e-05,0,0,0.000247,0,0,0,0,0.005295,0,0.001518,0,0,0,0,0,0,0.004377,0,0,0.000353,0,0,0,0,0,3.5e-05,0,0,0,0,7.1e-05,3.5e-05,7.1e-05,0,0.012178,0,0,0,0.007801,0,0,0,0,0,0,0.000388,0,0.002753,0,0.006107,0.000106,0,0,0,0,0,0,0,0,0.000812,0,0,0,0.000106,0,0.000141,0,0.000212,0.000353,0,0.004871,0,0,0,0.010025,0,0,0,0
D4114,0,0.318956,0,0,0,0,0,0,0,0,0,9.6e-05,0,0,0,0.056714,0,0.000191,0,0.037586,0,0,0,0,0,0.000574,0,0,0,0.295142,0,0,0,0,0,0,0,0,0,0,0,0,0.003443,0,0,0,0.001913,0.000383,0.127104,0,0,0,0,0,0,0,0,0,0,0,0,0,0,0,0,0,0,0,0.0022,0,0,0,0,0,0.016354,0,0,0,0,0,0,0,0.000191,0,0.000383,0,0,0,0,0,0,0.000191,0,0,0.000861,0,0,0,0.035195,0,0,0,0,0,0,0,9.6e-05,0,0,0,0,0,0,0,0,0,0,0,0,0,0,0,0.008034,0.000287,0,0,0,0.000574,0,0,0,0,0,0,0,0,0,0,0,0,0,0.001148,0,0,0,0,0,0,0,0,0,0,0,0.001721,0,0,0,0,0,0,0,0,0,0,0,0,0,0,0,0,0,0,0,0,0,0,0,0,0,0,0,0,0,0,0,0,0,0,0,0,0,0,0,0,0,0,0.014346,0,0,0,0,0,0,0,0,0,0,0,0,0,0,0,0,0,0,0,0,0,0.000574,0,0,0,0,0,0,0,0,0,0.000478,0,0,0,0,0,0,0,0,0,0,0,0,0,0,0.014633,0,0,0,0,0,0,0,0,0.001148,0,0,0,0,0,0,0,0,0,0,0,0,0,0,0,0,0,0,0,0,0,0,0,0,0,0,0,0,0,0,0,0,0,0,0,0,0,0,0,0,0,0,0,0,0,0.000191,0,0,0,0,0,0,0,0,0,0,0,0,0,0,0.000383,0,0,0,0,0,0,0,0,0,0.001052,0,0,0,0,0,0,0,0,0,0,0,0.038829,0,0,0,0,0,0,0,0,0,0,0,0,0,0,0,0,0,0,0,0,0,0,0,0,0,0,0,0,0,0,0,0,0,0,0,0,0,0,0,0,0,0,0,0,0.000191,0,0,0,0.000478,0,0,0,0,0,0,0,0,0,0,0,0,0,0,0
D2923,0,0,0,0.049643,0,0,0,0,0,0,0,0,0,0,0.11023,0,0,0,0,0,0,0,0.31483,0,0,0,0,0,0,0,0,0,0,0,0.127042,0,0,0,0,0,0,0,0,0,0,0,0,0,0,0,0,0.002696,0,0,0,0,0,0,0,0,0,0,0.087867,0,0,0,0,0,0,0,0,0,0,0,0,0,0,0,0,0,0,0,0,0,0,0.002062,0,0,0,0,0,0,0,0,0,0,0,0,0,0,0,0,0,0,0,0,0,0,0,0,0,0.008723,0,0,0,0,0,0,0,0,0,0,0,0,0,0,0,0,0,0,0.00571,0,0,0,0.062331,0,0,0,0.022839,0,0,0,0,0,0,0,0,0,0,0,0,0,0,0,0,0,0,0,0,0,0,0,0,0,0,0,0,0,0,0,0,0,0,0,0,0,0.027597,0,0,0,0.065028,0,0,0,0,0.007772,0,0,0,0,0,0,0,0,0,0,0,0,0,0,0,0,0,0,0,0,0,0,0,0,0,0,0,0,0,0,0.024901,0,0,0,0,0,0,0,0,0,0,0,0,0,0,0,0,0,0,0,0,0,0,0,0,0,0,0,0,0,0,0,0,0,0,0,0,0,0,0,0,0.023156,0,0,0,0,0,0,0,0,0.007613,0,0,0,0,0,0,0,0,0,0,0,0,0,0,0,0,0,0,0,0,0,0,0,0,0,0,0,0,0,0,0,0,0.001269,0,0,0,0.012688,0,0,0,0,0,0,0,0,0,0,0,0,0,0,0,0,0,0,0,0,0,0,0,0.000317,0,0,0,0,0,0,0,0,0,0,0,0,0,0,0,0,0,0,0,0,0,0,0,0,0,0,0,0,0,0,0,0,0,0,0,0.000317,0,0,0,0,0,0,0,0,0,0,0,0,0,0,0,0,0,0,0,0,0,0,0.003965,0,0,0,0,0,0,0,0,0,0,0,0,0
D3459,0,0.196783,0.000536,0,0.08311,0,0,0,0,0,0,0,0,0,0,0.005094,0,0,0,0,0,0,0,0,0,0,0,0.00992,0,0.024665,0,0,0,0,0,0,0,0,0,0,0,0,0,0,0,0,0,0.000536,0,0,0,0,0,0,0,0,0,0,0,0,0,0,0,0,0,0,0,0,0,0,0,0,0,0.014745,0,0,0,0,0,0,0,0,0,0,0,0,0,0,0,0,0,0,0,0,0,0,0,0,0.000268,0,0,0,0,0.072386,0,0,0,0,0,0,0,0,0,0,0,0,0,0,0,0,0,0,0,0,0,0,0,0,0,0,0,0,0,0,0,0,0,0,0,0,0.000536,0,0,0,0,0,0,0,0,0.004021,0,0,0,0,0,0,0,0,0,0,0,0.10134,0,0,0,0,0,0,0,0,0,0,0,0,0,0,0,0,0,0,0,0,0,0,0,0,0,0.001072,0,0,0,0,0,0,0,0,0.093834,0,0.002681,0,0,0,0,0,0,0,0,0,0,0,0,0,0,0,0,0,0,0,0,0,0,0,0,0,0,0,0,0,0,0,0,0,0,0,0,0.000536,0,0,0,0,0,0,0,0,0,0,0,0,0,0,0,0,0,0,0,0,0,0,0,0,0,0,0,0.002145,0,0,0,0.000804,0,0,0,0,0.005094,0,0,0,0,0.000268,0,0,0,0,0,0,0,0,0,0,0,0,0,0,0,0,0,0,0.000536,0,0,0,0,0,0,0,0,0,0,0,0,0,0,0,0,0,0,0,0,0,0,0,0,0,0,0,0,0,0,0,0,0,0,0,0,0,0,0,0,0,0,0,0,0,0,0,0.026005,0,0,0,0,0,0,0.00134,0.002681,0,0,0,0,0,0,0,0,0,0,0,0,0,0,0,0,0,0,0,0,0,0,0,0,0,0,0,0,0,0,0,0,0,0,0,0,0,0,0,0,0,0,0,0,0,0,0
D3710,0.380398,0,0,0,0.000769,0.086474,0,0,0,0.009999,0,0,0.190638,0,0,0,0,0,0,0,0,0.008131,0,0,0,0,0,0,0,0,0.001099,0,0,0,0,0,0,0,0,0,0,0.000549,0,0,0.001209,0,0,0,0.001868,0,0,0,0.000659,0.004505,0,0,0,0,0.006043,0,0,0,0,0,0,0.00879,0,0.00011,0,0,0.002417,0,0,0,0,0,0,0,0.010329,0,0,0,0,0,0,0,0,0.010109,0,0,0,0,0,0,0,0,0,0,0,0,0,0,0,0.001319,0,0,0,0.011208,0,0,0.00033,0,0,0.005494,0,0,0,0,0,0,0,0,0,0,0.00033,0,0,0,0,0,0,0,0,0,0,0,0,0,0,0.013515,0,0,0.00033,0,0,0,0,0.002088,0.001209,0,0.006043,0,0,0,0,0,0,0,0,0,0.000769,0,0,0,0,0,0,0,0,0,0,0,0,0,0,0,0,0,0,0,0,0,0,0,0,0,0,0.000549,0,0,0,0,0,0,0.000879,0,0,0,0,0,0,0,0.00033,0,0,0,0,0,0,0,0,0,0,0,0,0,0,0,0,0,0,0,0,0,0,0,0,0,0,0.004175,0.001868,0,0,0,0,0,0,0,0,0,0.004285,0,0,0.00044,0,0.004175,0,0,0.000659,0.007582,0,0,0,0,0,0,0,0,0,0,0.003186,0.00044,0,0,0,0,0,0,0,0,0,0,0,0,0,0.003296,0,0,0,0,0.002198,0,0.005384,0,0,0,0,0,0,0,0,0,0,0,0,0,0,0,0,0,0,0,0,0,0,0,0,0,0,0,0,0,0,0,0,0.002198,0,0,0,0,0,0,0,0,0,0,0,0,0,0,0,0,0.00011,0.001319,0,0,0,0.000549,0,0,0,0,0,0,0,0.00033,0,0,0,0,0,0,0,0,0.001978,0,0,0,0,0,0,0,0,0,0,0,0,0,0,0,0,0,0,0,0.002967,0,0.001758,0,0,0,0,0,0,0,0,0,0,0,0,0,0,0,0,0,0.005933,0,0,0,0,0
D1573,0,0,0,0,0.000116,0,0,0.024346,0,0.009773,0,0.063963,0,0.031269,0,0,0,0.002007,0,0,0,0,0,0,0,0.063004,0,0,0,0,0,0,0,0,0,0,0,0,0.005061,0,0,2.9e-05,0,0,5.8e-05,0,0.039704,0,0.000233,0,0,0,0,0,0,0,0.001338,0,0,0,0,0,0,8.7e-05,0,0,0,0,0.033596,0,0,0,0,2.9e-05,0,5.8e-05,0,0,0,0.048373,0.0185,0,0.010472,0,0.004247,0,0.000524,0,0.014835,0,0,0.018732,0,0,0.022077,0,5.8e-05,2.9e-05,0,0,0,0,0,0,0,0,0.009861,0,0,0,0,0,0,0,0,0,0,0,0.028884,0,0,0,0,0,0,0,0.000727,0.00192,0,0,0,0,0,0,0,0,0,0,0,0,0.000291,0,0,0,0,0,0,0,0,0.006661,0,0,0,0.013177,0,5.8e-05,0,0.000262,0,0,0.000116,0,0,0,0,0,0,0.049245,0.003461,0.026266,0,0.000989,0.000145,0,0,0,0,0,0,0,0,0.001367,0,0,0,0,0,0.000291,0,0,0,0,0,0,0.000116,0,0,0.002385,0.000465,0,0,0,5.8e-05,0.003781,0,0,0,0.004014,0,0,0,0,0,0,0,0,0,0,0,0,0,2.9e-05,0.005788,0,0,0,0,0,0,0,0,0.000407,0,0,0,0,0,0.001891,0,0,0,0,0,0,0,0,5.8e-05,0.000262,0,0,0,0,0,0.001454,0,0,0,0,0,0,0,0,0.004741,0,0,0,0,0,0.000204,0,0.000291,5.8e-05,0.001222,0,0,0,0,0,0,0.001513,0,0,0,0,0.000407,0,0,0,0,0,0,0,0.000494,0,0,0.014195,8.7e-05,0.00605,0.001513,0,0,0,0,0,0,8.7e-05,0,0,0.00032,0,0,0,0,0.000349,0,0,0,0,0.002589,0,0,0,0,0.005061,0,0,0.002065,0,0,0,0,0,0,0,0,0,0,0.000116,0,0,0.002443,0,0,0.008784,0.000611,0,0,0,0,0,0,0,0.000116,0.005352,0,0.000262,0,0,0,0.006923,0.00192,0,0.001338,0,0,0,0.000116,0,0,0,0.00064,0,0,0.001483,0,0.000204,0,0,0,0,0.002967,0,0,0,0.006428,0,0,0,0,0,0,0,8.7e-05,0,0,0,0,0,0.001513,0
D2577,0,0.000192,0,7.2e-05,0,0,0.090931,0,0,0,0,0,0,0,0,0,0,0,0.067795,0.000361,0,0,0,0,0,0,0,0,9.6e-05,0,0,0.000601,0.004449,0,0,0,0.458431,0,0,0.00202,0,0,0,0.000842,0,0,0,0,0,0,0,0,0,0,0,0,0,0,0,0,0,0.001323,0,0,0,0,0.005796,0,0,0,0,0,0,0,0.001058,0,0,0,0,0,0,0.034343,0,0.01277,0,0,0,0,0,0,0,0,0.009043,0,0,0,0,0,0,0,0,4.8e-05,0.00024,0,0,0,0,0,0.000289,0,0,0,0,0,0.118997,0,0.000337,0,0,0.000385,0,0,0,0,0,0,0,0,0,0,0,2.4e-05,0,0.003247,0,0,0,0,0,0,0,0,0,0,0,0,0,0,0,0,0,0,0,0,0,0.003752,0,0,0.00089,0,0,0.000601,0,0,0,0.000313,0.001515,0,0,0,0.118107,0,0,0,0.000601,0,0,0.04757,0,0,0,0,0,0,0,0,0,0,0,0,0.002213,0,0,0,0,0,0,0,0,0,0.00012,0,0,0,0.00024,0,0,0,0,0,0,0,0,0,0,0,0,0,9.6e-05,0,0,0,0,0,4.8e-05,0,0,0,0,0,0,0,0,0,0,0,0,0,0,0.000794,0,0,0,0,0,0,0,0,0,0,0,0,0,0,0,0,0,0,0,0,0,0,0,0,0,0,0,0,0,0,0,0,0,0,0,0,0,0,0,0,0,0,0,0,0,0,0,0,0,0,0,0,0,0,0,0,0,0,0,0,0,0,0,0,9.6e-05,0,0,0,0,0,0,0,0,0,0,0,0,0,0,0,0,0,0,0,0,0,0,0,0,0,0,0,0,0,0.000361,0,0,0,0,0,0,0,0,0,0,0,0,9.6e-05,0,0.000216,0,0,0,0,0,0,0,0,0,0,0,0,0,0,0,0,0,0,0,0,0,0,0,0,0,0,0,0,0,0,0,0,0,0,0,0,0,0.000457,0,0,4.8e-05,0,0,0,0,0,0,0,0,0
D2985,0,0,0,0,0,0,0,0.040737,0,0.000988,0,0.093688,0,0.008472,0,0,0,0,0,0,0,0,0,0,0,0,0,0,0,0,0,0,0,0,0,0,0,0,0.005507,0,0,0,0,0,0,0,0,0,0,0,0.074343,0,0,0,0.012285,0.065518,0,0.030217,0,0,0,0,0,0,0,0,0,0,0,0,0,0,0,0,0,0,0,0,0,0,0.009884,0,0,0,0.002189,0,0,0,0.004024,0,0,0.018356,0,0,0,0,0.279441,0,0,0,0,0,0,0,0,0,0.001483,0,0,0,0,0,0,0,0,0.021886,0,0,0,0,0.00699,0.072155,0,0,0,0,0,0,0,0,0,0,0,0,0,0,0,0,0,0,0,0,0,0.000282,0,0,0,0,0,0,0,0,0,0,0.010731,0,0,0,0,0,0,0,0,0,0,0,0,0,0,0,0,0.000494,0,0,0,0,0,0,7.1e-05,0,0,0,0,0,0,0,0.001059,0,0,0,0,0,0,0,0,0,0,0,0,0,0,0,0,0,0,0,0,7.1e-05,0.004448,0,0,0,0,0,0,0,0,0,0,0,0,0.003742,0,0,0,0,0,0,0,0,0,0,0,0,0.014332,0,0,0,0,0,0,0,0,0,0,0,0,0,0,0,0,0,0,0,0.000141,0,0.011226,0,0,0,0,0,0,0,0,0.000212,0,0,0,0,0.001483,0.015109,0,7.1e-05,0,0,0,0,0,0,0,0,0,0,0,0,0,0,0,0,0,0,0,0,0,0,0,0,0,0,0,0,0,0,0,0,0,0.011367,0,0,0.007625,0,0,0.001553,0,0,0,0,0,0,0,0,0,0,0,0,0,0,0,0,0,0,0,0,0,0,0,0,0,0,0.000141,0,0,0,0,0,0,0,0.000282,0,0,0,0,0,0,0.000212,0,0,0.014615,0,0,0.006425,0,0,0,0,0,0,0,0.0012,0,0,0,0.00233,0,0,0,0,0,0,0,0,0,0.000141,0,0,0,0,0,0,0,0,0,0.000635,0,0,0,0,0,0
D1677,0.058918,0,0,0,0.514523,0,0,0,0,0,0.07009,0,0,0,0,0,0,0,0,0,0,0,0,0,0,0,0,0,0,0,0,0,0,0,0,0,0,0,0,0,0,0.114114,0,0,3.8e-05,0.011465,0,0,0,0,0,0,0,0,0,0,0,0,1.9e-05,0,0,0,0,0,0,0,0,0,0,0,0,0,0,0,0,0,0,0,0,0,0,0,0,0,0,0,0,0,0,0,0,0,0,0,0,0,0,0,0,0,0,0,0,0,0,0,0,0,0,0,0,0,0,0,0,0,0,0,0,0,0,0,0,0,0,0,0,0,0,0,0,0,0,0,0,0,0,0,0,0,0,0,2.8e-05,0,0,0,0,0,0,0,0,0,0.158423,0,0,0,0,0,0,0,0,0,0,0,0,0,0,0,0,0,0,0,0,0,0,0,0,0,0,0,0,0,0,0,0,0,0,0,0.000691,0,0,0,0,0,0,0,0,0,0.004459,0,0,0,0,0,0,0,0,0,0,0,0,0,0,0,0,0,0,0,0,0,0,0,0,0,0,0,0,0,0,0,0,0,0,0,0,0,0,0,0,0,0,0,0,0,0,0,0,0,0,0,0,0,0,0,0,0,0,0,0,0,0,0,0,0,0,0,0,0,0,0,0,0,0,0,0,0,0,0,0,0,0,0,0,0,0,0,0,0,0,0.000776,0,0,0,0,0,0,0,0,0,0,0.012734,0,0,0,0,0,0,0,0,0,0,0,0,0,0,0,0,0,0,0,0,0,0,0,0,0.000275,0,0,0,0,0,0,0,0,0,0,0,0,0,0,0,0,0,0,0,0,0,0,0,0,0,0,0,0,0,0,0,0,0,0,0,0,0,0,0,0,0,0,0,0,0,0,0,0,0,0,0,0,0,0,0,0,0,0,0,0,0,0,0,0,0,0,0,0,0,0,0,0,0,0
D386,0,0.035928,0.02994,0,0,0,0,0,0,0,0,0,0,0,0,0,0,0.023952,0,0.293413,0,0.023952,0,0,0,0,0,0,0,0,0,0,0,0,0,0,0,0,0,0,0,0,0,0,0,0,0,0,0,0,0,0,0,0,0,0,0,0,0,0,0,0,0,0,0,0,0,0,0,0,0,0,0,0,0,0,0,0,0,0,0,0,0,0,0,0,0,0,0,0,0,0,0,0,0,0,0,0,0.035928,0,0,0,0,0.011976,0,0,0,0,0,0,0,0,0,0,0,0,0,0,0,0,0,0,0,0,0,0,0,0,0,0,0,0,0,0,0,0,0,0,0,0,0.071856,0,0,0,0,0,0,0,0,0,0,0,0,0,0,0,0,0,0,0,0,0,0,0.017964,0,0,0,0,0,0,0,0,0,0,0,0,0,0,0,0.017964,0,0,0,0,0,0,0,0,0,0,0,0,0,0,0,0,0,0,0,0,0,0,0,0,0,0,0,0,0,0,0.017964,0,0,0,0,0,0,0.269461,0,0,0,0,0,0,0,0,0,0,0,0,0,0,0,0,0,0,0,0,0,0,0,0,0,0,0,0,0,0,0,0,0,0,0,0,0,0,0,0,0,0,0,0,0,0,0,0,0,0,0,0,0,0,0,0,0,0,0,0,0,0,0,0,0,0,0,0,0,0,0,0,0,0,0,0,0,0,0,0,0,0,0,0,0,0,0,0,0,0,0,0,0,0,0,0,0,0,0,0,0,0,0,0,0,0,0,0,0,0,0,0,0,0,0,0,0,0,0,0,0,0,0,0,0,0,0,0,0,0,0,0,0,0,0,0,0,0,0,0,0,0,0,0,0,0,0,0,0,0,0,0,0,0,0,0,0,0,0,0,0,0,0,0.011976,0,0,0,0,0,0,0,0,0,0,0,0,0,0,0,0,0,0
D3726,0,2.1e-05,0.000148,6.3e-05,0,0,0.269485,0,0,0,0,0,0,0,0,0,0,0,0.024065,0.001141,0,0,0,0,6.3e-05,0,4.2e-05,0,0,0,0,0,0.492616,0,0,0,0.002768,0,0,0.037777,0,0,0,0.024783,0,0,0,0,0,0,0,0,0.000127,0,0,0,0,0,0,0,0,0.001225,0,0,0,0,0.009824,0,0,0,0,0,0.016268,0,0,0,0,0,0,0,0,0.000254,0,0.008557,0,0,0,0,0,6.3e-05,0,0,0,0,0,0,0,4.2e-05,0,0,0,0.012719,0,0,0,0,0,0,0.012064,0,0,0,0,0,4.2e-05,0,0.001648,0,0,0,0,0,0,0,0,0,0,0,0,0,0,0,0,0,0,0,0,0,0,0,0,0,0,0,0,0,0,0,0,0,0,0,0,0,0,8.5e-05,0,0,0.000275,0,0,0.003127,0,0,0,0,0,0,0,0,0.003,0,0,0,4.2e-05,0,0,0.001352,0,0,0,0,0,0,0,0,0,0,6.3e-05,0,0.001563,0,0,0,0.000254,0,0,0,2.1e-05,0,0.00019,0,0,0,0,0,0,0,0,0,0,0,0,0,0,0,0,0,0.00057,0,0,0,0,0,8.5e-05,0,0,0,0,0,4.2e-05,0,0,0,0,0,0,0,0,0.007352,0,0,0,0,0,0,0,0,0,0,0,0,0,0,0,0,0,0,0,0,0,0,0,0,0,0,0,0,8.5e-05,0,0,0,0,0,0,0,0,0,0,0,0,0,0,0,0,0,0,0,0,0,0,0,0,0,0,0,0,0,0,0,0,0,0,0,0.010965,0,0,0,0,0,0,0,0,0,0,0,0,0,0,0,0,0,0,0,0,0,0,0,0,0,0,0,0,0,0,0,0,0,0,0,0,0,0,0,0,0,0,0,0,0,0,0,0,0,0,0,0,0,0,0,0,0,0,0,0,0,0,0,0,0,0,0,0,0,0,0,0,0,6.3e-05,0,0,0,0,0,0,0,0,0,0,0,0,0,0,0,0,0,0,0,0,0
D1611,0.001582,0,0,0,0.001673,0,0,0,0,0,0,0,0,0.000335,0,0,0.122054,0,0,0,0,0.000912,0,0,0,0,0.00076,0,0,0.000365,0,0,0,0.001125,0,0,0,0,0,0,0.018401,0,0,0,0.000547,0,0,0,0,0,0,0,0.000122,0,0,0,0,0,0,0,0,0,0,0.000547,0,0,0,0.001186,0,0,0,0,0,0.005292,0,0,0.012744,0,0,0,0,0,0,0,0,0,0,0,0,0,0,0,0,0,0,0.005323,0,0.000122,0,0,0.03525,0,0,0.000122,0.000152,0,0,0,0,0,0,0,3e-05,0,0,0,0,0,0,0,0,0,0,0,0,0.000274,0,0,0,0.000213,0,0,0,0,0,0,0.005475,0,0,0,0.000791,0,0,0,0,0,0.017154,0,0,0.000578,0,0,0,0,0,0,0,0,0,0,0,0,0,0,0,0,0,0,0,0,0,0,0,0.000487,0,0.00292,0,0,0,0,0,0,0,0.001916,0,0,0,0,0,0.006509,0,0.034368,0,0,0,0,0,0,0.000243,0.003285,0,0,0,0,0,0,0,0,0,0,0,0.012896,0,0,0,0,0,3e-05,0,0,0.006022,6.1e-05,0,0,0,0.000122,0.003984,0,0.003863,0,0.000152,0,0.013382,0,0,0,0,0,0,0,0,0,0,0,0.007634,0,0.001642,9.1e-05,0,0,0,0,0,0,0.002342,0,0,0,0.014842,0,0,0.000122,0,0,0,3e-05,0,0,6.1e-05,0,0.001399,0,0,0.000122,0,0,0.002889,6.1e-05,0,0,0,0.000912,0,0.004228,0,0,0.003315,0,0,0,0.00073,0.001582,0,0,0,0,0,0,0,0,0,0,0,0,0,0.000243,0.001004,0,0,0.000943,0,0.00292,0.000487,0,0,0,0.000973,0.000852,0,0,0,0,0.003254,0,0,0,0,0,0.00146,3e-05,0.001277,0,0,0,0,0,0,0,0,0.00222,0,0.00368,0.009885,0,9.1e-05,6.1e-05,0.000213,0,0,0,7e-04,0.001612,0.001217,0,0,0,0,0,0,0,0,0.003315,0,0,0,0.000304,6.1e-05,0,0.001886,0,0,0.004836,0.001125,0,0,0.000122,0,0.001916,0,0.001065,0,0.003467,3e-05,0,0,0.001642,0,0,0,0.001004,0,0.001673,0,0,0,0.000547,3e-05,0,0,0
D1058,0.004181,0,0,0,0.000303,0,0,0,0,0,0,0,0,0,0,0,0.010543,0,0,0,0,0.001515,0,0,0,0,0.002605,0,0,0,0,0,0,0.00612,0,0,0,0,0,0,0.020965,0,0,0,6.1e-05,0,0,0,0.000182,0,0,0,0,0,0,0,0,0,0,0,0,0,0,0.000121,0,0,0,0.000969,0,0,0,0,0,0.008483,0,0,0.00103,0,0,0,0,0,0,0,0,0,0,0,0,0.000121,0,0,0,0,0,0.014784,0.000727,0,0,0,0,0,0,0,0.000969,0,0,0,0,0,0,0,0,0,0,0,0,0,0,0,0,0.000121,0,0,0,0.009513,0,0,0,0,0,0,0,0,0,0,0.004726,0,0,0,0.000485,0,0,0,0.003878,0.000303,0.003393,0.000182,0,0.001697,0,0,0,0,0,0,0,0,0,0,0,0,0,0,0,0,0,0,0,0,0,0,6.1e-05,0.01642,0,0.007089,0,0,0,0,0,0,0,0.004423,0,0,0,0,0,0,0,0,0,0,0,0,0,0,0.00103,0.006241,0,0,0,0,0,0,0.000182,0,0,0,0,0.006241,0,0.003938,0,0.023873,0,0,0,0,0.006544,0.00103,0,0,0,0,0.00715,0,0.000788,0,0.000303,0,0.002848,0,0,0,0,0,0,0,0,0,0,0,0.003757,0,0.000424,0,0,0,0,0,0.001939,0,0.001333,0,0,0,0.015511,0,0,0,0,0,0,6.1e-05,0,0,6.1e-05,0,0.001697,0,0.001454,0.000788,0,0,0,0.000424,0,0,0,6.1e-05,0,0.005696,0,0,0.002,0,0,0,0.005756,0.001212,0,0,0,0,0,0,0,0,0,0,6.1e-05,0,0,0,0,0,0,0.011573,0,0.000485,0,0,0,0,0.002848,0.000848,0,0,0,0,0.001575,0,0,0,0,0,0.000848,0,0.000545,0,0,0,0,0,0.000969,0,0,0.000606,0,0,0.001272,0,0.000121,0,0.007029,0,0,0,0.003575,0.000364,0.000727,0,0,0,0,0,0,0,0,0.004968,0,0,0,6.1e-05,0,0,0.005332,0,0,0,0.002242,0,0,0,0,0.001151,0,0.02151,0,0.00406,0,0,0,0.005756,0,0,0,0.000242,0,0,0,0,0,0.001212,0,0,0,0
D1418,0.003217,0,0.004871,0.00046,0.012592,0,0,0,0,0.002941,0,0,0,0.006893,0,0,0,0,0,0,0.001838,0.000276,0,0,0.130974,0,0,0.002849,0,0.006893,0,0,0,0.007629,0,0,0,0,0.004044,0,0,0,0.027022,0,0,0,0,0,0.009099,0,0,0.000735,0.002757,0,0,0,0.191912,0,0,0,0,0,0,0.005882,0,0,0,0,0,0,0.002849,0,0,0,0,0,0,0,0,0,0,0,0.00046,0,0,0,0,0,0,0,0,0,0,0,0,0,0,0,0,0,0,0,0,0,0,0,0,0,0,0,0,0,0,0,0,0,0,0,0,0,0,0,0,0,0,0,0.001654,0,0,0,0,0,0,0,0,0,0,0,0,0,0,0,0,0,0,0,0,0.001563,0,0.001195,0,0,0,0,0,0,0,0,0,0,0,0,0,0,0,0,0,0,0,0,0,0,0,0,0,0,0,0,0.001287,0,0,0,0,0,0,0,0,0.001103,0,0,0,0,0,0,0.00579,0,0.001563,0,0.004136,0,0,0,0,0,0,0,0,0,0,0,0,0,0.000827,0,0.00818,0,0,0,0,0,0,0.033915,0,0,0,0,0,0,0,0.000184,0,0.001654,0,0,0,0,0,0,0,0,0,0,0,0,0,0,0,0.028401,0,0,0,0,0,0,0,0,0,0,0,0,0,0,0,0,0,0,0,0,0,0,0.002574,0,0.001287,0,0,0,0,9.2e-05,0,0,0,0.004136,0,0,0,0,0,0,0,0.000827,0,0.001195,0.080882,0,0,0,0,0,0.001563,0,0,0,0,0,0,0.003585,0,0,0,0,0,0,0,0.001287,0,0,0.001195,0,0,0,0,0,0,0,0,0,0,0,0,0,0,0,0,0,0,0,0.000919,0.009651,0,0,0,0.001011,0,0,0,0,0,0,0,0,0,0,0,0,0,0,0.003309,0,0,0,0,0,0,0,0.001195,0.001287,0,0,0,0,0,0,0,0,0,0,0,0.00046,0,0,0,0,0,0,0.008732,0,0,0.007077,0,0,0,0,0,0,0,0,0.000827,0,0,0
D1619,0,0,0,0,0,0,0,0,0,0,0,0,0,0,0.627198,0,0,0,0,0,0.003517,0,0,0,0,0,0,0,0,0,0,0,0,0,0,0,0,0,0,0,0,0,0.002345,0,0.003517,0,0,0,0,0.003517,0,0.001172,0,0,0,0,0,0,0,0,0,0,0,0,0,0,0,0.005862,0,0,0,0,0,0.002345,0,0,0.003517,0,0,0,0,0,0,0,0,0,0,0,0,0,0,0,0,0,0,0,0,0,0,0,0,0,0,0,0,0,0,0,0,0,0,0,0,0,0,0,0,0,0,0,0,0,0,0,0,0,0,0,0,0,0,0,0,0,0,0,0,0,0,0,0,0,0,0,0,0,0,0,0,0,0,0,0,0,0,0,0,0,0,0,0,0,0,0,0,0,0,0,0,0,0,0,0,0,0,0,0,0,0,0,0,0,0,0.003517,0,0,0,0,0,0,0,0,0,0,0.010551,0,0.004689,0,0,0,0,0,0,0,0,0,0,0,0,0,0.018757,0,0,0,0,0,0,0,0,0,0,0,0,0,0,0,0,0,0,0,0.004689,0,0.002345,0,0,0,0,0,0,0,0,0,0,0.002345,0,0,0,0,0,0,0,0,0,0,0,0,0,0,0,0,0,0,0,0,0,0,0,0,0.009379,0,0,0.003517,0,0.012896,0,0,0,0,0,0,0,0,0,0,0,0,0,0,0,0,0,0,0.002345,0,0,0,0.002345,0,0,0,0,0,0,0,0,0,0,0,0,0,0,0,0,0,0,0,0,0,0,0,0,0,0,0,0,0,0,0.010551,0,0,0,0,0,0,0,0,0,0,0,0,0,0,0,0,0,0,0,0,0,0,0,0,0,0,0,0,0,0,0,0,0,0,0,0.005862,0,0,0,0,0,0,0,0,0.002345,0,0,0,0,0,0,0,0,0.004689,0,0,0,0,0,0,0,0,0,0,0,0,0,0,0,0,0,0.031653
D3271,0,0,4.8e-05,0,0,0,0,0.113464,0,0,0,0.004365,0,0,0,0,0,0,0,0,0,0,0,0,0,0,0,0,0,0,0,0,0,0,0,0,0,0,0.003046,0,0,0,0,0,0,0,0,0,0,0,0.092887,4.8e-05,0,0,0.154595,0.140637,0,0.079408,0,0,0,0,0,0,0,0,0,0,0,0,0,0,0,0,0,2.4e-05,0,0,0,0.016309,0.020554,0,0,0,0,0,0,0,0,0,0,0,0,0,0,0,0,0,0,0,0,0,0,0,0.040867,0,0,0,0,0,0,0,0,0,0,0,0,0,0,0,0.000264,0.010433,0,0,0,0,0,0,0,0,0,0,0,0,0,0,0,0,0,0,0,0,0,0.001439,0,0,0,0,0,0,0,0,0,0,0.057727,0,0.000288,0,0,0,0,0,0,0,0,0,0,0,0,0,0,0,0.008586,0,0,0,0,0,0,0,0,0,0,0,0,0,0,0,0,0,0,0,0,0,4.8e-05,0,0,0,0,0,0,0,0,0,0,0,0,0.002566,0.00506,0,0,0,0,0,0,0,0,0,0,0,0,4.8e-05,0,0.00024,0,0,0,0,0,0,0,0,0,0,0.000552,0,0,0,0,0,0,0,0,2.4e-05,0,0,0,0,0,0,0,0,0,0,0.000696,0,0.009521,0,0,0,0,0,0,0,0,0,0,0,0,0,0,0.006859,0,4.8e-05,0,0,0,0,0,0,0,0,0,0,0,0,0,0,0,0,0,0,0,0,0,0,0,0,0,0,0,0,0,0,0,0,0,0,0,0,0.08869,0,0,0.005348,0,0,0,0,0,0,0,0,0,0,0,0,0,0,0,0,0,0,0,0,0,0,0,0,0,0,0,0,0,0,0,0,0,0,0,0,0,0,0.00024,7.2e-05,0,0.000528,0,0,0.013263,0.012064,0,0.000504,9.6e-05,0,0,0,0,0,0,7.2e-05,0,0,0,0,0,0,0,0,0,0,0,0,0,0,0,0,0,0,0,0.000312,0,0,0,0,0,0,0,0,0,0
D3837,0.003528,0,0,0,0,0.253648,0,0,0.000253,0,0,0,0,0,0,0,0,0,0,0,6e-05,0,0,0,0,0,0,0,0,0,0.000208,0,0,0,0,0,0,0,0,0,0,0,0,0,0,0,0,0,0,0,0,0,0,0,0,0,0,0,0,0,0,0,0,0,0,0.068545,0,0,0,0,0,0,0,0,0,0,0,0,0.058912,0,0,0,0,0,0,0,0,0.021141,0,0,4.5e-05,0,0,0.000417,0,0,0,0,0,0.000893,0,0,0,0,0,0,0,0.032292,0,0,0,0,0,0,0,0,0,0,0,0,0,0,0,0,0.000372,0,0,0,0,0,0,0,0,0,0,0,0,0,0,0.005211,0,0,0,0,0,0.00201,0,0.016347,0,0,0.011196,0,0,0,0,0,0,0,0,0,0,0,0,0,0,0,0,0,0,0,0,0,0,0,0,0,0,0,0,0,0,0,0,0,0,0,0,0,0,0,0,0,0,0,0,0.000447,0,0,0,0,0,0,0,0,0,0,0,0,3e-05,0,0,0,0,0,0,0,0,0,0,0,0,0,0,0,0,0,0,0.005107,0,0,0,0,0,0,0,0,0,0,0,0,0.003975,0.000179,0,0,0,0.003469,0,0,0.002278,0.022987,7.4e-05,0,0,0,0,0,0,0,0,0,0.012491,0,0,0,0,0,0,0,0,0,0,0,0,0,0,0.006521,0,0,0,0,0.008977,0,0.00792,0,0,0,0,0,0,0,0,0,0,0,0,0,0,0,0,0,0,0,0,0,0,0,0,0,0,0,0,0,0,0,0,0.00859,0,0,0,0,0,0,0,0,0,0,0,0,0,0,0,0,0,0.003782,0,0,0,0,0,0,0,0,0,0,0,0,0,0,0,0,0,0,0,0,0.000625,0,0,0.000804,0,0,0,0,0,0,0,0,0,0,0,0,0,0,0,0,0.000194,0,0.002576,0,0,0,0,0,0,0,0,0,0,0,0,0,0,0,0,0,0,0,0,0.012119,0,0
D4135,0,0,0,0.243498,0,0,0,0,0,0,0,0,0,0,0.000998,0,0,0,0,0,0,0,0.007936,0,0,0,0,0,0,0,0,0,0,0,0.018047,0,0,0,0,0,0,0,0,0,0,0,0,0,0,0,0,0.02414,0,0,0,0,0,0,0,0,0,0,0.01326,0,0,0,0,0,0,0,0,0,0,0,0,0,0,0,0,0,0,0,0,0,0,0.158202,0,0,0,0,0,0,0,0,0,0,0,0,0,0,0,0,0,0,0,0,0,0,0,0,0,0.058238,0,0,0,0,0,0,0,0,0,0,0,0,0,0,0,0,0,0,0.098351,0,0,0,0.044542,0,0,0,0,0,0,0,0,0,0,0,0,0,0,0,0,0,0,0,0,0,0,0,0,0,0,0,0,0,0,0,0,0,0,0,0,0,0,0,0,0,0.002202,0,0,0,0.000486,0,0,0,0,0.065124,0,0,0,0,0,0,0,0,0,0,0,0,0,0,0,0,0,0,0,0,0,0,0,0,0,0,0,0,0,0,0.000128,0,0,0,0,0,0,0,0,0,0,0,0,0,0,0,0,0,0,0,0,0,0,0,0,0,0,0,0,0,0,0,0,0,0,0,0,0,0,0,0,0,0,0,0,0,0,0,0,0,0,0,0,0,0,0,0,0,0,0,0,0,0,0,0,0,0,0,0,0,0,0,0,0,0,0,0,0,0,0,0,0,0,0.082198,0,0,0,0.003021,0,0,0,0,0,0,0,0,0,0,0,0,0,0,0,0,0,0,0,0,0,0,0,0.006425,0,0,0,0,0,0,0,0,0,0,0,0,0,0,0,0,0,0,0,0,0,0,0,0,0,0,0,0,0,0,0,0,0,0,0,0.008115,0,0,0,0,0,0,0,0,0,0,0,0,0,0,0,0,0,0,0,0,0,0,0.000102,5.1e-05,0,0,0,0,0,0,0,0,0,0,0,0
D1895,0,0,0.034071,0.077899,0,0,0,0,0.000151,0,0,0,0,0,0,0,0,0,0,0,0.002307,0.004821,0.028929,0.000662,0,0,0,0,0.004311,0,0.003082,0,0,0,0.000303,0,0,0,0,0,0,0,0.000378,0,0,0,0,0,0,0.000284,0,0,0,0.002023,0,0,0.000151,0,0,0,0,0,0.00866,0.00017,0.000113,0,0,0,0,7.6e-05,0,0.403695,0,0,0,0,0,0.000208,0,0,0,0,0,0,0,0,0,0,0,0.00155,0,0,0,0,0,0,0,0,0,0,0,0,0,0,0,0,0,0,0,0,0,0,0,0,0,0,0,0.000151,0,0,0,0,0,0,0,0,0,0,0.000492,0,0.003403,0,0,0,0.002779,3.8e-05,0,0,0.000378,0,0,7.6e-05,0,0,0,0,0,7.6e-05,0,0,0,0,0,0,0,0,0,0,0,0,0,0,0.000113,3.8e-05,0,0,0,0,0,0,0,0,0,0,0,7.6e-05,0.00259,0,0.000454,0,0.000132,0,0,0,0,0.002628,0,0,3.8e-05,0,0,0,0,0,0,0,5.7e-05,0,0,0,0,0,0.000189,0,0,3.8e-05,0,0,0,9.5e-05,0,0,0,0,0.221955,0,0.079771,0,0,0.000775,0,0,0,7.6e-05,0,0,0,0,0,0.00017,3.8e-05,0,0,0,0,0,0,0,0,0,0,0,0,0,0,0,0,0,0,0,0,0,0,0,0,0,0,0.000284,0,0,0,0,0,0,0.000303,0,0.003725,0,0,0,0,0,0,0,3.8e-05,0,0,0,0,0,0,0,0,0,0,0,0,3.8e-05,0,0,0,0,0,3.8e-05,0,0,3.8e-05,0,0,0.000303,0,0,0,0,0,0,0,0,0,0,0,0,0,0,0,0,0,0,0,0,0,0,0,0,0,0,0,0.008414,0,0,3.8e-05,0,0,0,0,0,0,0,0,0,0,0,0,0,0,3.8e-05,0,0,0,0,0,0,0,0,0,0,0,0,0,0,0,0,0,0.004179,0,0,0,0,0,0,0,0,0,0,0,0,0,0,0,0,0,0,0,0,0,0,0.000945,0,0,0,0,0,0,0,0,0,0,0,0,0.045359
D3552,0.001049,0,0,0,0.009936,0,0,0,0,0,0,0,0,0,0,0,0,0,0,0,0,0.005566,0,0,0,8.7e-05,0,0,0,0.000525,0,0,0,0.112681,0,0,0,0,0,0,0.032549,0,0,0,5.8e-05,0,5.8e-05,0,0.049886,0,0,0,0.027507,0,0,0,0,0,0,0,0,0,0,0,0,0,0,0.165773,0,0,0,0,0,0.000641,0,0,0.019698,0,0,0,0,0,0,0,0,0,0,0,0,0,0,0,0,0,0.000117,0,0,0.000175,0,0,0,0,0,0,0,0,0,0,0,0,0.132438,0,0,0,0,0,0,0,0,0,0,0,0,0,0,0.009558,0,0,0,0,0,0,0,0,0,0,0.003264,0,0,0,0,0,0,0,0,5.8e-05,0,0,0,0,0,0,0,5.8e-05,0,0,0,0,0,0,0,0,0,0,0,0,0,0,0,0,0,0,0.000146,0.006323,0,0.008246,0,0,0,0,0,0,0,0,0,0,0,0,0,0,0,0,0,0,0,0,0,0,0,0.007518,0,0,0,0,0,0,0,5.8e-05,0,0,8.7e-05,0.002098,0,0,0,0,0,0,0,0,0,5.8e-05,0,0,0,0,0.013637,0,0.003701,0,0,0,0,0,0,0,0,0,0,0,0,0,0,0,0,0,0.00475,8.7e-05,0,0,0,0,0.006294,0,8.7e-05,0.003846,0,0,0,0,0,0,0,0,0,0,0,0,0,0,0.000175,0,0.006644,0,0,0,0.001952,0,0,0,0,0,0,0.000233,0,0,0,0,0,0,0.004225,0,0,0,0,0,0,0,0,0,0,0,0,0,0,0.000175,0.004604,0,0,0,0,0.001224,0.005566,0,0,0,0.00102,5.8e-05,0,0,0,0,0,0,0,0,0,0,0.010403,5.8e-05,0,0,0,0,0,0,0,0,0,0,0.000117,0,0,0,0,0,0.000437,0,0,0,0,0.002215,0,0,0,5.8e-05,0,0,0,0,0,0,0,0,0,0,0,0,0.008188,0,0,0,0,0,0,0,0,0,0,0,0,0,0,0,5.8e-05,0,0,0,0,2.9e-05,0,0.010403,0,0,0,0.001486,0,0,0,0
D4689,0,0,0,0,0,0,0,0.027605,0,0.071135,0,0.036071,0,0.043028,0,0,0,0.013774,0,0,0,0,0,0,8.4e-05,0.087676,0,0,5.6e-05,0,0,0,0,0,0,0,0,0,0.016736,0,8.4e-05,0,0,0,0,0,0.028527,0,0,0,0,0,0,0,0,0,0.000894,0,0,0,0,0,0,0,0,0,0,0,0.028583,0,0,0,0,5.6e-05,0,0,0,0,0,0.016736,0.036713,0,0.015758,0,0.01791,0,0,0,0.009835,0,0,0.007991,0,0,0.032131,0,0,0,0,0,0,0,0,5.6e-05,0.000168,0,0.015367,0,0,0,0,0,0,0,0,0,0,0,0,0,0,2.8e-05,0,0,0,0,0.003297,0,0,0,0,0,0.01777,0,0,0,0,0,0,0,0,0,0,0,0,0,0,0,0,0.008382,0,0,0,0.013439,0.001509,0,0,0,0,0,0,0,0,0,0,0,0,0.037551,0.024559,0.019865,0,0.004973,0,0,0,0,0,0,0,0,0,0.000168,0,0,0,0,0,0.000112,0,0,0,0,0,0,0.000112,0,0,0,5.6e-05,0,0,0,0,0.002794,0,0,0,0.003185,0,0,0,0,0,0,0,0,0,0,0,0,0,0,0.001341,0,0,0,0,0,0,0,0.000307,0.009276,0,0,0,0,0,0.005532,0,0,0,0,0,0,0,0,0,0.001146,0,0,0,0,0,0.000335,8.4e-05,0,0,0,0,0,0,0,0.009555,0,0,0,0,0,0.000503,0.014082,5.6e-05,0.001173,0.000168,0,0,0,0,0,0,0.002263,0,0,0,0,0.001984,0.001425,0,0,0,0,0,0,0,0,0,0.017183,0,0.007711,0,0,0,0,0,0,0,0,0,0,0.000503,0,0,0,0,5.6e-05,0,0,0,0,0,0,0,0,0,0.007711,0,0,0,0,0,0,0,0,0,0,0,0,0,0.003129,0,0,0.018049,0,0,0.005504,0,0,0,0,0,0,5.6e-05,0,0,0.001257,0,0.000838,0,0,0,0.009863,0.003716,0,0.002375,0,0,0,0,0,0,0,0.001481,0,0,5.6e-05,0,0,0,0,0,0,0.007656,0,0,0,0.002319,0,0,0,0,0,0,0,0.012936,0,0,0,0,0,0,0
D951,0,0,0,0,0.000347,0,0,0.002082,0,0,0,0.018045,0,0.271883,0,0,0,0,0,0,0,0.001735,0,0,0,0.007721,0,8.7e-05,0,0,0,0,0,0,0,0,0,0,0.025766,0,0.001301,0.000434,0,0,0.000347,0,0.013013,0,0.001215,0,0,0,0,0.000694,0,0,0.001735,0.000694,0,0,0,0,0,0,0,0,0,0,0.008936,0,0,0,0,0,0,8.7e-05,0.000434,0,0,0,0,0,0.001301,0,0,0,0.001388,0,0.002342,0,0,0.004251,0,0,0,0,0.001128,8.7e-05,0,0,0,0,0,0,0.004945,0,0.002169,0,0,0,0,0,0,0,0,0,0,0,0,0,0.013794,0.00963,0,0.000174,0,0,0.000781,0.00373,0,0,0,0,0,0,0,0,0.00321,0,0,0,0.108268,0,0,0,0.002863,0,0,0,0,0,0,0,0,0.003123,0,0,0.003557,0,0,0,0.00026,0,0,0,0,0,0,0,0.000434,0.000174,0,0,0.001995,0.000347,0,0.000694,0,0,0,0,0,0.000607,0,0,0,0,0,0.000347,0,0,0,0,0,0,0.000347,0,0,0,0.000174,0.000868,0,0,0,0,0,0,0.000781,0,0,0,0,0,0,0.000347,0,0.02724,0,0,0,0.002082,0,0.000607,0.000347,0,0,0,0,0,0,0,0.002082,0.001041,0,0,0,0,0,0.000521,0,0,0,0,0,0,0,0,0,0.000694,0,0,0,0,0.000781,0,0.002429,0.000694,0,0,0,0,0,0,0,0,0,0.001041,0,0,0,0,0.019346,0.001128,0,0,0,0,0,0,0,0,0,0.000521,0,0.000347,0.002169,0.002169,8.7e-05,0,0,0,0,0,0,0,0,0,0,0,0,0,0,0,0,0,0,0,0.002169,0.012839,0,0,0,0.000434,0.000521,8.7e-05,0,0,0,0,0,0.000521,0,0,0,0,0.00373,0,0,0,0,0,0,0.001301,0,0,0,0,0,0.003817,0,8.7e-05,0.000781,0,0,0,0.002169,0,0,0,0.00026,0,0.001215,0,0.00026,0,0,0.000174,0,0,0,0,0.00026,0.000607,0.000174,0,0,0,0.00026,0,0,0,0,0,0,0,0,0.000174,0,0,0,0,0,0.003036,0,0,0.000174,0,0,0,0,0.000954,0,0.00026,0.008328,0.000694,0,0,0,0,0,0
D1030,0.188835,0,0,5e-05,0.003285,0,0,0,0,0,0,0,0,0,0,0,0.009592,0,0,0,2.5e-05,0.007119,0,0,0,0,2.5e-05,0.36252,0,0,0,0,0,0.000325,0,0,0,0,0,0,0.003272,6.2e-05,3.7e-05,0,0.000899,0,0,0,0.000724,0,0,0,3e-04,0,0,0,0,0,0,0,0,0,0,0,0,0,0,0.000749,0,0,0,0,0,0.007618,0,0.122743,0.004396,0,0,0,0,0,0,0,0,0,0,0,0,0,0,0,0,0,0,0.000812,0,0,0,0,0,0,0,2e-04,0.000275,0,0,0,0,0,0,0,0.000312,0,0,0,0,0,0,0,0.000362,0,0,0,0,0,0,0,0,0,0,0,0,0,0,0,0,0,0,0,0,0,0,0,0,0,0.000774,0,0,0.00025,0,0,0,0,0,0,0,0,0,0,0,0,0,0,0,0,0,0,0,0,0,0,0,0.001624,0,0.000749,0,0,0,0,0,0,0,0.002585,0,0,0,3.7e-05,0,0.002535,0,0.000312,0,0,0,0,0,0,6.2e-05,0.000487,0,0,0,0,0,0,0,0,0,0,0,0.001174,0.000475,0,0,0,0,0,0,0,0.000974,3.7e-05,0,0,0,0,0.002011,0,0.000949,0,0.001661,0,0.005545,0,0,0,0,0,0,0,0,0,0,0,0.001611,0,0,2.5e-05,0,0,0,0,0,0,0.000525,0.004971,0,0,6.2e-05,0,0,0,0,0,0,0,0,0,0.000599,0,0,0,0,0.000262,0,0,0.00035,8.7e-05,0,0,0,0.001561,0,0,0,0,0.003047,0,0,0,0,0.001062,0,0,0,0,0,0,3.7e-05,0,0,0,0.000949,0,0,0,0.000562,0,0,0,0,0.000475,0,0,0,0,5e-05,0.005096,0,0,0,0,0,0,0,0,0,0,0,0.001149,5e-05,0,0,0,0,0,0.000749,0,0,0,0,0,0,0,0.000187,0,0.000262,0,0,0,0,0.001649,0.000187,0,0,0,0.000624,0,0,0,0,0,0,0,0,0,8.7e-05,0.00241,0.000175,0,0,0,0,0,0,0,0,0.00276,0,0.000862,0,0.006732,7.5e-05,0,0,0.001149,0,0,0,0.000325,0,0.000937,0,0,0,2.5e-05,1.2e-05,0,0,0
D3258,0,0,0,0.000112,5.6e-05,0,0,0,0,0,0,0,0,0,0,0,0,0,0,0,0,0.001286,0,0,0,0,0,0.00341,0,0,0,0,0,0,0,0,0,0,0,0,5.6e-05,0,0,0,0,0,0.000112,0,0.000894,0,0,0,0,0,0,0,0.179923,0,0,0,0,0,0,0,0,0,0,0,0,0,0,0,0,0.000783,0,0,0.000168,0,0,0,0,0,0,0,0,0,0.000447,0,0,0.001118,0,0,0,0,0,0,0,0.001733,0,0,0,0,0,0,0,0,0,0,0,0,0,0,0,0,0,0,0,0,0,0,0,0,0,0.000112,0,0,0.00531,0.074115,0,0,0,0,0,0,0,0,0,0,0,0,0.007043,0,0,0,0,0,0,0,0,0.093678,0,0,0,0,0,0,0,0,0,0,0.037952,0,0,0,0,0,0,0,0,0,0,0,0,0,0,0,0,0,0,0,0,0,0,0,0,0,0,0.001453,0,0,0,0,0,0,0,0,0,0.175619,0,0,0,0,0,0,0,0,0.000503,0,0,0,0,0,0,0,0,0,0,0,0,0,0,0.000224,0,0,0,0,0,0,0,0,0.000112,0,0,0,0,0,0,0,0,0,0,0,0,0,0,0,0,0.00095,0,0,0,0,0,0,0,0.000168,0,0,0,0,0,0,0,0,0,0,0,0,0,0,0,0.000112,0,0,0,0,0,0,0,0,0,0,0,0,0,0,0.000279,0,0,0,0,0,0.001006,0,0,0,0,0,5.6e-05,0,0,0,0,0,0,0,0,0,0,0,0,0,0.000112,5.6e-05,0,0,0,0,0,0.163099,0,0,0,0,0,0,0,0,0,0,0,0.000838,0,0,0,0,0,0.002906,0,0,0,0,0,0,0.000727,0,0,0,0,0,0,0,0.000279,0,0,0,0,0,0,0,0,0,0,0,0.001118,0,0,0,0.000391,0,0,0,0,0,0,0,0,0,0,0,0,0,0,0,0,0,0,0,0,0,0,0.000279,0,0,0,0,0,0,0,0
D1161,0,0,0,0.112058,0,0,0,0,0,0,0,0,0,0,0,0,0,0,0,0,0,0,0.294292,0,0,0,0,0,0,0,0,0,0,0,0.068075,0,0,0,0,0,0,0,0,0,0,0,0,0,0,0,0,0.113541,0,0,0,0,0,0,0,0,0,0,0.056956,0,0,0,0,0,0,0,0,0,0,0,0,0,0,0,0,0,0,0,0,0,0,0.163084,0,0,0,0,0,0,0,0,0,0,0,0,0,0,0,0,0,0,0,0,0,0,0,0,0,0.052508,0,0,0,0,0,0,0,0,0,0,0,0,0,0,0,0,0,0,0.019397,0,0,0,0.000988,0,0,0,0.024586,0,0,0,0,0,0,0,0,0,0,0,0,0,0,0,0,0,0,0,0,0,0,0,0,0,0,0,0,0,0,0,0,0,0,0,0,0,0.006054,0,0,0,0.014826,0,0,0,0,0.018656,0,0,0,0,0,0,0,0,0,0,0,0,0,0,0,0,0,0,0,0,0,0,0,0,0,0,0,0,0,0,0.004077,0,0,0,0,0,0,0,0,0,0,0,0,0,0,0,0,0,0,0,0,0,0,0,0,0,0,0,0,0,0,0,0,0,0,0,0,0,0,0,0,0.000371,0,0,0,0,0,0,0,0,0,0,0,0,0,0,0,0,0,0,0,0,0,0,0,0,0,0,0,0,0,0,0,0,0,0,0,0,0,0,0,0,0,0.000741,0,0,0,0.004571,0,0,0,0,0,0,0,0,0,0,0,0,0,0,0,0,0,0,0,0,0,0,0,0,0,0,0,0,0,0,0,0,0,0,0,0,0,0,0,0,0,0,0,0,0,0,0,0,0,0,0,0,0,0,0,0,0,0,0,0,0,0,0,0,0,0,0,0,0,0,0,0,0,0,0,0,0,0,0,0,0,0,0,0,0,0,0,0,0,0,0,0,0,0,0,0.000124
D1171,0,0,0,5.6e-05,0.00129,0,0,0.053385,0,0.006603,0,0.042927,0,0.018435,0,0,0,0.001991,0,0,0.00014,0.000308,0,0,0,0.072437,0,0.000449,4.2e-05,0,0,0,0,1.4e-05,0,0,0,0,0.012295,0,9.8e-05,0.003112,0.001935,0,0.000799,0,0.087479,0,0.000477,0,0,0,0,0.000224,0,0,0.001626,0,0,0,0,0,0,0,0,0,0,0,0.055235,0,0,0,0,0.000463,0,0.000799,0.000154,2.8e-05,0,0.019038,0.031543,0,0.005818,0,0.005033,0,0.000561,0,0.009183,2.8e-05,0,0.005299,0,0,0.065357,0,5.6e-05,0,0,0,0,0,0,0,0.000505,0,0.008482,0,0,0,0,0,0,0,0,0,0,0,0.005313,0,0.008047,0.000925,0,0.000519,0,0,0.001304,0.001542,0,0,0,0,0.005299,0,0,0,0,0,0,0,0.004206,0,5.6e-05,0,0.000266,0,0,2.8e-05,0,0.001164,0,0,0,0.032861,0,0,0.000575,0.000182,0,0,0.000379,0,0,0,2.8e-05,0,0,0.000673,0.0158,0.010318,0,0.014664,0.000266,9.8e-05,0,0.000687,0,0,0.002201,0,0,0.000364,0,0,0,0,0,0.000196,0,0,0,0,0,0,0.000224,0,0,0,0.000477,0.000449,0,0,4.2e-05,0.001724,0,0,7e-05,0.01144,0,0,0,0,0,0,0,0,0,0,0,0,0,7e-05,0.000463,0,0,0,2.8e-05,0,7e-05,0,0.000981,0.00443,0,0,0,0,0,0.009098,0,0,4.2e-05,0,0,0.000336,0,0,0.000126,0.000154,0,0,0,0,0.000154,0.015617,0.000168,9.8e-05,2.8e-05,0,0,0,0,2.8e-05,0.011243,0,0,0.000561,0,0,0.000224,0,0.003939,0.000575,0.000757,0,0,0,0,0,0,0.004388,0,0.000112,0,0.000182,0.001514,0.01172,0,0,0,0,0,0,0,0,0,0.000126,0,0.004949,2.8e-05,0,0,0,0,0,0,0.000322,0.000687,0,0.000224,0,0,2.8e-05,2.8e-05,0.000589,0,0,0,0,0,0.000182,7e-05,0,0,0.009968,0,0,0.001977,0,7e-05,0,0,0,0,0,0,0,0,0.000449,0,0,0.008524,0,0,0.000631,0.000112,0,0,0,0.000421,0,0.00021,0.000252,0.000168,0.007206,0,0,0,0,0,0.022192,0.00136,0,0.000967,0,0,0,9.8e-05,0,0.00014,0,0.001122,0,0,1.4e-05,0,0.000112,0,0,0,0,0.001738,9.8e-05,0,0.000364,0.001696,0,0,0,0,0.000266,0,0,0.000421,0.000126,0,2.8e-05,0,0,0.002257,0
D3905,0,0.037196,0,0,0,0,0.078039,0,0,0,0,0,0,0,0,0,0,0,0.206771,0.017117,0.000101,0,0,0,0,0,0,0,0,0,0,0.073912,0.232345,0,0,0,0.001063,0,0,0.000304,5.1e-05,0,0,0.009825,0,0,0,0,0,0,0,0,0,0,0,0,0,0,0,0,0,0,0,0,0,0,0.036893,0,0,0,0,0,0,0,0,0,0,0,0,0,0,7.6e-05,0,0.000836,0,0,0,0,0,0,0,0,0.015142,0,0,0,0,0,0,0,0,0.020029,0,0,0,0,0,0,0.004836,0,0,0,0,0,0.071,0,0,0,0,0.002481,0,0,0,0,0,0,0,0,0,0,0,0,0,0.006153,0,0,0,0,0,0,2.5e-05,0,0,0,0,0,0,0,0,0,0,0,0,0,0,0.050768,0,0,0.002988,0,0,0.006507,0,0,0,0,0.000481,0,0,0,0.001747,0,0,0,0.000633,0,0,2.5e-05,0,0.002127,0,0,0,0,0,0,0,0,0,0,0.000886,0,0,0,0,0,0,0,0,0,0.022257,0,0,0,0,0,0,0,0,0,0,0,0,0,0,0,0,0,0,0,0,0,0,0,2.5e-05,0,0,0,0,0,0,0,0,0,0,0,0,0,0,0.000253,0,0,0,0,0,0,0,0,0,0,0,0,0,0,0,0,0,0,0,0,0,0,0,0.002431,0,0,0,0,0,0,0,0,0,0,0,0,0,0,0,0,0,0,0,0,0,0,0,0,0,0,0,0,0,0,0,0,0,0,0,0,0,0,0,0,0.002709,0,0,0,0,0,0,0,0,0,0,0,0,0,0,0,0,0,0,0,0,0,0,0,0,0,0,0,0,0,0.021244,0.000101,0,0,0,0,0,0,0,0,0,0,0,0.00752,0,0.006634,0,0,0,0,0,0,0,0,0,0,0,0,0,0,0,0,0,0,0,0,0,0,0,0,0,0,0,0,0,0,0,0,0,0,0,0,0,0,0,0,0,0,0,0,0,0,0,0,0,0
D2032,0,0,0.325421,0.047839,0.002784,0,0,0,0.00011,3.7e-05,0.00011,0,0,0,0.004359,0,0.00022,0,0,0,0.004322,0.000769,0.005495,0.001795,0.003114,0,0.003297,0.000659,0.093516,0,0.001905,0,0,0.00011,0.000476,0,0,0,3.7e-05,0,0.00022,0,0.001465,0,0,0,0,0,0.001099,0.00011,0,0.062344,0.000293,0.000806,0,0,0.000183,0,0,0.007216,0,0,0.000879,0,0,0,0,0.000256,0,0,0.001905,0.000659,0,0.00011,7.3e-05,0.000623,0,0.033553,0,0,0,0,0,0,0,0,0,0,0,0,0.00011,0,0,0,0,0,0,0,0,0,0,0,0,0,0,0.031245,0,0,0,0,0,0.00022,0,0,0,0,0,7.3e-05,0,0,0.000256,0,0,0,0,7.3e-05,0,0,0.000183,0,0.006154,0,0,0,0.000403,0,0,0.011392,0.002198,0,0,0.001795,0.00011,0,0,0,0,0,3.7e-05,0,0,0,0,0,0,0,0,0,0,0,3.7e-05,0,0.010256,0.000513,0.150842,0,0,0,0,0,0,0,0,0,0,7.3e-05,0.001502,0,0.003114,0,0.000183,0,0,3.7e-05,0,0.001429,0,7.3e-05,3.7e-05,0.000147,0,0,0,0,0.000256,0,0,0,0.000183,7.3e-05,0,0,0.000183,0,0.009011,0.00304,0,0,0,0,0.020733,0,0,0,0,0,0.000403,0,0,0,7.3e-05,0,0,0,0,0,0,0,0,0,0,0,0,0.001355,0,0.006044,0,0,0,0,0,0,0,0.000476,7.3e-05,0,0,0,0,0,0,0,0,0,0,0,0,0,0,0.00011,0,0,0,0,0,0,0.003333,0,0,0,0,0,7.3e-05,0.000147,0,0,0,0,0.002125,0,0,0,0,0,0,0,0,0,0,0,0,0,0.002637,0.000256,0,0,0.00022,0,0,0.000916,0.002125,7.3e-05,0,0,0,0,0,0,0,0,0,0,0,0,0,0,0.000147,0,0,0,0,0.000952,0,0,0,0.003626,0,0.004615,0,0,0,0,0,0,0,0,0,0,0.000403,0,0,0,0,0.000147,0,0,0,0,0,0,0,0,0.000183,0,0,0,7.3e-05,0,0,0,0,0,0,0,0,0,0.000147,0,0,0,0,0,0,0,0,0,0,0.00011,0,0,0,0,0,0,0,0,0.000403,0,0.005385,0,0,0,0,0,0,0,0,0,0,0.000806
D4369,0,0,0,0.341793,0,0,0,0,0,0,0,0,0,0,0.04692,0,0,0,0,0,0,0,0.043708,0,0,0,0,0,0,0,0,0,0,0,0.20076,0,0,0,0,0,0,0,0,0,0,0,0,0,0,0,0,0.02953,0,0,0,0,0,0,0,0,0,0,0.001018,0,0,0,0,0,0,0,0,0,0,0,0,0,0,0,0,0,0,0,0,0,0,0.043747,0,0,0,0,0,0,0,0,0,0,0,0,0,0,0,0,0,0,0,0,0,0,0,0,0,0.025888,0,0,0,0,0,0,0,0,0,0,0,0,0,0,0,0,0,0,0.020522,0,0,0,0.018133,0,0,0,0.015,0,0,0,0,0,0,0,0,0,0,0,0,0,0,0,0,0,0,0,0,0,0,0,0,0,0,0,0,0,0,0,0,0,0,0,0,0,0.027533,0,0,0,0.013864,0,0,0,0,0.016919,0,0,0,0,0,0,0,0,0,0,0,0,0,0,0,0,0,0,0,0,0,0,0,0,0,0,0,0,0,0,0.003094,0,0,0,0,0,0,0,0,0,0,0,0,0,0,0,0,0,0,0,0,0,0,0,0,0,0,0,0,0,0,0,0,0,0,0,0,0,0,0,0,0.005992,0,0,0,0,0,0,0,0,0.013551,0,0,0,0,0,0,0,0,0,0,0,0,0,0,0,0,0,0,0,0,0,0,0,0,0,0,0,0,0,0,0,0,0.002467,0,0,0,0.019113,0,0,0,0,0,0,0,0,0,0,0,0,0,0,0,0,0,0,0,0,0,0,0,0.000235,0,0,0,0,0,0,0,0,0,0,0,0,0,0,0,0,0,0,0,0,0,0,0,0,0,0,0,0,0,0,0,0,0,0,0,0,0,0,0,0,0,0,0,0,0,0,0,0,0,0,0,0,0,0,0,0,0,0,0.022285,0,0,0,0,0,0,0,0,0,0,0,0,0.001214
D3052,0,0,0,0,0,0,0,0,0.261127,0,0,0,0,0,0,0,0,0,0,0,0,0,0.00071,0,0,0,0,0,5.9e-05,0,0.006214,0,0,0,0,0,0,0.173887,0,0,0,0,0,0,0,0,0,0,0,0,0,0.000355,0,0,0,0,0,0,0,0,0,0,0,0,0.064867,0,0,0,0,0.050781,0,0,0,0,0,0,0,0.005504,0,0,0,0,0,0,0,0,0,0,0,0,0,0,0,0,0,0,0,0,0,0,0,0,0,0,0,0.000178,0,0,0,0,0,5.9e-05,0,0,0,0,0,0.013909,0,0,0,0,0,0,0.017578,0,0,0,0.001657,0,0.000118,0,0,0,0,0,0,0,0,0,0,0,0,0,0,0,0,0.001006,0,0,0,0,0,0,0,0,0,0,0,0.046816,0,0,0.00219,0,0,0,0,0,0,0,0,0,0,0,0,0,0.000947,0,0,0,0,0,0,0,0.028942,0,0,0,0,0,0,0,0.000473,0,0,0,0,0,0,0,0,0.053681,0,0,0,0.002012,0,0,0,0.004202,0.000414,0,0,0,0,0,0,0,0,0,0,0,0,0,0,0,0,0,0,0,0,0,0,0.004084,0,0,0,0,0,0,0,0.030481,0,0,0,0,0,0,0,0,0.000414,0.011245,0,0,0,0,0,0,0,0.000533,0,0,0,0,0.004912,0,0,0,0,0,0,0,0,0,0,0,0,0,0.005563,0,0,0,0,0,0,0,0,0,0,0,0,0,0,0.001657,0,0,0,0,0,0,0,0,0,0.000473,0,0,0,0,0,0,0,0,0,0,0,0,0,0,0,0,0,0,0,0,0,0,0,0,0,0,0,0,0,0,0,0,0,0,0,0,0,0,0,0,0,0,0,0,0,0,0,0,0,0,0.000829,0,0,0,0,0,0,0,0,0,0,0,0,0,0,0,0,0,0,0,0,0,0,0,0,0,0,0,0,0,0,0,0,0,0,0,0,0,0,0,0,0,0,0,0,0
D452,0.019514,0,0,0,0,0.272421,0,0,0,0,0,0,0,0,0,0,0,0,0,0,4.6e-05,0,0,0,0,0,0,0,0,0,0,0,0,0,0,0,0,0,0,0,0,0,0,0,0,0,0,0,0,0,0,0,0,0,0,0,0,0,0,0,0,0,0,0,0,0.05535,0,0,0,0,0,0,0,0,0,0,0,0,0.052136,0,0,0,0,0,0,0,0,0.075297,0,0,0,0,0,4.6e-05,0,0,0,0,0,0.000638,0,0,0,0,0,0,0,0.027812,0,0.000114,0,0,0,0,0,0,0,0,0,0,0,0,0,0,0.000205,0,0,0,0,0,0,0,0,0,0,0,0,0,0,0.013815,0,0,0,0,0,0.001527,0,0.019514,0,0,0.001801,0,0,0,0,0,0,0,0,0,0,0,0,0,0,0,0,0,0,0,0,0,0,0,0,0,0,0,0,0,0,0,0,0,0,0,0,0,0,0,0,0,0.002348,0,0,0.001026,0,0,0,0,0,0,0,0,0,0,0,0,0,0,0,0,0,0,0,0,0,0,0,0,0,0,0,0,0,0.000319,0,0.005015,0,0,0,0,0,0,0,0,0,0,0,0,0.02861,0,0,0,0,0,0,0,0.004445,0.002302,0,0,0,0,0,0,0,0,0,0,0.006976,0,0,0,0,0,0,0,0,0,0,0,0,0,0,0.025304,0,0,0,0,0.008754,0,0.010259,0,0,0,0,0,0,0,0,0,0,0,0,0,0,0,0,0,0,0,0,0,0,0,0,0,0,0,0,0,0,0,0,0.004856,0,0,0,0,0,0,0,0,0,0,0,0,0,0,0,0,0,0.001345,0,0,0,0,0,0,0,0,0,0,0,0,0,0,0,0,0,0,0,0,0,0,0,0,0,0,0,0,0,0,0,0,0,0,0,0,0,0,0,0,0.002804,0,0.000889,0,0,0,0,0,0,0,0,0,0,0,0,0,0,0,0,0,0,0,0,0.00595,0,0
D1466,0,0,0,0,0,0,0,0,0,0,0,8.7e-05,0.82236,0,0,0,0,0,0,0,0,0.003298,0,8.7e-05,0,0.000825,0,0,0,0,0,0,0,0,0,0,0,0,0,0,0,0,0,0,0,0,0.000217,0,0,0,0,0,0,0,0,0,0,0,0.0171,0,0,0,0,0,0,0,0,0,0.000304,0,0,0,0,0,0,0,0,0,0,0.000521,0,0,0,0,0.000521,0,0,0,0,0,0,0,0,0,0,0,0,0,0,0,0,0,0,0,0,0,0,0,0,0,0,0,0,0,0,0,0,0,0,0,0,0,0,0,0,0,0,0,0,0,0,0,0,0,0,0,0,0,0,0,0,0,0,0,0,0,0,8.7e-05,0,0,0,0,0,0,0,0,0,0,0,0,0,0,0,0,0,0,0,0,0,0.00013,0,0,0,0,0,0,0,0,0,0,0,0,0,0,0,0,0,0.00026,0,0,0,0,0,0,0,0,0,0,0,0,0,0,0,0,0,0,0,0,0,0,0,0,0,0,0,0,0,0,0,0,0,0,0,0,0,0,0,0,0,0,0,0,0,0,0,0,0,0,0,0,0,0,0,0.00013,0,0,0,0,0,0,0,0,0,0,0,0,0,0,0,0,0,0.002083,0,0,0,0,0,0,0,0,0,0,0.000217,0,0,0,0,0,0,0,0,0,0,0,0,0,0,0,0,0,0,0,0.001128,0,0,0,0.000434,0.000998,0,0,0,0,0,0,0,0,0,0,0,0,0.00026,0,0,0,0,0,0,0.13259,0,0,0,0,0,0,0,0,0,0,0,0,0,0,0,0,0,0,0,0,0,0,8.7e-05,0,0,0,0,0,0,0,0,0,0,0.000347,0,0,0,0,0,8.7e-05,0,0,0,0,0,0,0,0,0,0,0,0,0,0,0,0,0,0,0,0,0,0,0,0,0,0,0,0,0,0,0,0,0,0,0.000477,0,0,0,0,0,0,0
D3851,0,0,0.000123,0,0,0,0,0.004015,0,0.001035,0,0,0,0.031233,0,0,0,0.087812,0,0,0,0.000714,0,0,0,0.002907,0.002759,0,0,0.001626,0,0,0,0,0,0,0,0,0,0,0,2.5e-05,9.9e-05,0,0,0,0.000271,0,0,0,0,0,0,0,0,0,2.5e-05,0,0,0,0,0,0,0,0,0,0,0,0.001232,0,0,0,0,0,0,0,0,0,0,0.009163,0.000468,0,0.00101,0,0.001601,0,0.003843,0,0.000493,0,0,0.003547,0,0,0.002907,0.001108,0,0,0.015666,0,0,0,0,0,0,0,0.000419,0,0,0,0,0,0,0,0,0,0,0,0.013942,0,0,0,0,0,0,0,0.005862,0.000271,0,0,0,0,0.000172,0,0,0,0,0,0,0,0,0,0,0,0,0,0,0,0,0.000197,0,0,0,0.000616,0,0,0.000148,0,0,0,0,0,0,0,0,0,0,0.002833,0,0.000936,0,0.019385,0,0,0,0,0,0,0,0,0,0.089857,0,0,0,0,0,0.000271,0,0,0,0,0,0,0,0,0,0.000222,0.000197,0.000148,0,0,0,4.9e-05,0,0,0,0.090251,0,0,0,0,0,0,0,0,0,0,0,0,0,0,0.060767,0,0,0,0,0,0,0,0,0,0,0,0,0,0,0.000222,0,0,0,0,0,0,0,0,0,0.003916,0,0,0,0,0,0.011922,0,0,0,0,0,0,0,0,0.001576,0,0,0,0,0.000419,0,0,0,0.016823,0.000271,0,0,0,0,0,0,0.011971,0,0.000148,0,0.000148,0.001552,0,0,0.000197,0.000197,0,0,0,0.001527,0,0,0.003448,0,0,0.01909,0,0,0,0,0,0,0,0,0,0.019533,0,0,0,0,0.001256,0,0,0,0,0.003153,0,0,0,0,0.001084,0,0,0.011109,0,4.9e-05,0,0,0,0,0,0,0,0,0.012119,0,0,0,2.5e-05,0,0.000148,0.000271,0,0,0,0,0,0,0,4.9e-05,0.026996,0,0.009262,0,0,0,0,0,0,0.000739,0,0,0,7.4e-05,0,7.4e-05,0,0,0,0,0.007833,0,0.103133,0,0,0,0,0.000813,0,0,0,0.007463,0,0,9.9e-05,0,0,0,0,0.000887,0,0,4.9e-05,0,0,0,0
D3739,0,0,0,0,0,0,0,0,0,0,0,0,0,0,0,0,0,0,0,0,0.018018,0,0,0,0,0,0.009009,0,0,0,0,0,0,0,0,0,0,0,0,0,0,0,0,0,0,0,0,0,0,0,0,0,0,0,0,0,0,0,0,0,0,0,0,0,0,0,0,0,0,0,0,0,0,0,0,0,0,0,0,0,0,0,0,0,0,0,0,0,0,0,0.013514,0,0,0,0,0,0,0,0,0.558559,0,0,0,0,0,0,0,0,0,0,0,0,0,0.054054,0,0,0,0,0,0,0,0,0,0,0,0,0,0,0,0,0,0,0,0,0,0,0,0,0,0,0,0,0,0,0,0,0,0,0,0,0,0,0,0,0,0,0,0,0,0,0,0,0,0,0,0,0,0,0,0,0,0,0,0,0,0,0,0,0,0,0,0,0,0,0,0,0,0,0,0,0,0,0,0,0,0,0,0,0,0,0,0,0,0,0,0,0,0,0,0,0,0,0,0,0,0,0,0,0,0,0,0,0,0,0,0,0,0,0,0,0,0,0,0,0.22973,0,0,0,0,0,0,0,0,0,0,0,0,0,0.013514,0,0,0,0,0,0,0,0,0,0,0,0,0,0,0,0,0,0,0,0,0,0,0,0,0,0,0,0,0,0,0,0,0,0,0,0,0,0,0,0,0,0,0,0,0,0,0,0,0,0,0,0,0,0,0,0,0,0,0,0,0,0,0,0,0,0,0.031532,0,0,0,0,0,0,0,0,0,0,0,0,0,0,0,0,0,0,0,0,0,0,0,0,0,0,0,0,0,0,0,0,0,0,0,0,0,0,0,0,0,0,0,0,0,0,0,0,0,0,0,0,0,0,0,0,0,0,0,0,0,0,0,0,0,0,0,0,0,0,0,0,0,0,0,0,0,0,0,0,0,0,0,0
D4645,0,0,0,0.00015,0,0,0,0,0.002557,0,0,0,0,0,0.00015,0,0,0,0,0,0,0,0.00015,0,0,0,0,0,0.00015,0,0.00015,0,0,0,0,0,0,0,0,0,0,0,0,0,0,0,0,0,0,0,0,0,0,0,0,0,0,0,0,0,0,0,0,0,0,0,0,0,0,0.000827,0,0,0,0,0,0,0,0.053019,0,0,0,0,0,0,0,0,0,0,0,0,0,0,0,0,0,0,0,0,0,0,0,0,0,0,0,0.000752,0,0,0,0,0,0,0,0,0,0,0,0,0,0,0,0,0,0,0,0,0,0,0,0,0,0,0,0,0,0.000226,0,0,0,0,0,0,0,0,0,0,0,0,0,0,0,0,0,0,0,0,0,0,0,0,0,0,0.075205,0,0,0,0,0,0,0,0,0,0,0,0,0,0,0,0,0,0,0,0,0,0,0,0,0,0,0,0,0,0.000301,0,0,0,0,0,0,0,0,0,0,0,0,0.315334,0,0,0,0.000602,0,0,0,0,0,0,0,0,0,0,0,0,0,0,0,0,0,0,0,0,0,0,0,0.135369,0,0,0,0,0,0,0,0.000301,0,0,0,0,0,0,0,0,0,0,0,0,0,0,0,0,0,0.000226,0,0,0,0,0,0,0,0,0,0,0,0,0,0,0,0,0,0,0.116718,0,0,0,0,0,0,0,0,0,0,0,0,0,0,0.008122,0,0,0,0,0,0,0,0,0,0,0,0,0,0,0,0,0,0,0,0,0,0,0,0,0,0,0,0,0,0,0,0,0,0,0,0,0,0,0,0,0,0,0,0,0,0,0,0,0,0,0,0,0,0,0,0,0,0,0,0,0,0,0,0,0,0,0,0,0,0,0,0,0,0,0,0,0,0,0,0,0,0,0,0,0,0,0,0,0,0,0,0,0,0,0,0,0,0,0,0,0,0,0,0,0,0
D4005,0.001984,0,0,0,0.002557,0,0,0,0,0,0,0,0,0,0,0,0.083113,0,0,0,0,0.000309,0,0.000132,0,0,0,0,0,0.002469,0,0,0,0.00097,0,0,0,0,0,0,0.014727,0.001455,0,0,0.001146,0,0,0,0.001411,0,0,0,0,0,0,0,0,0,0,0,0,0,0,0.006305,0,0,0,0.001499,0,0,0,0,0,0.00851,0,0,0.007804,0,0,0,0,0,0,0,0,0,0,0,0,0,0.00075,0,0,0,0,0.022751,0,8.8e-05,0,0,0.000794,0,0,0,0,0,0,0,0,0,0,0,0,4.4e-05,0,0,0,0,0,0,0,0,0,0,0,0.00075,0.001764,0,0,0,0,0,0,0,0,0,0.004762,0,0,0,0.00022,0,0,0,0,0,0.004497,0,0,0.001852,0,0,0,0,0,0,0,0,0,0,0,0,8.8e-05,0,0,0,0,0,0,0,0,0,0,0.001411,0,0.003483,0,0,0,0,0,0,0,0,0,0,0,0.000705,0,0.004718,0,0.004189,0,0,0,0,0,0,0.004233,0.010229,0,0,0.000397,0,0,0,0.001102,0,0,0,0,0.008201,4.4e-05,0,0,0,0,0,0,0,0.000176,0.000176,0,0,0,4.4e-05,0.004056,0,0.009392,0,0.002028,0,0.005203,0,0,0,0,0,0,0,0,0,0,0.000132,0.011023,0,0.00097,0.000397,0,0,0,0,0,0,0.004541,0,0,0,0.002293,0,0,0,0,0,0,0,0,0,4.4e-05,0,0.000485,4.4e-05,0,4.4e-05,0,0,0.014683,0,0,0,0,0.000176,0,0.008201,0,0,0,0,0,0,0,0.001587,0.000397,0,0.000176,0,0,0,0,0,0,0,0,0,0,0.000176,0.003175,0,0,0.001279,0,0.004056,0,0.000176,0,0,0.002557,0.000265,0,0,0,0,0.001852,0,0,0,0,0,0.002249,8.8e-05,0.00075,0,0,0,0,0,0.000882,0,0,0.003086,0,0.014286,0.011287,0,0.000926,8.8e-05,0.001279,0,0,0,0,0.003527,0.003307,0,0,0,0,0,0,0,0,0.000882,0,0,0,0.000661,0.000353,0,0.001058,0,0,0.004938,0.00022,0,0,0,0,0.002646,0,0.001499,0,0.003175,0,0,0,0.001058,0,0,0,0.000265,0,0.003527,0,0,0,0.000485,0,0,0,0
D1520,0.006026,0,0,0,0,0,0,0,0,0,0,0,0,0,0,0,0.015282,0,0,0,0.000186,0,0,0,0,0,0.000311,0,0,0,0,0,0,0.000186,0,0,0,0,0,0,0.00205,0.000808,0,0,0.000124,0,0,0,0,0,0,0,0,0,0,0,0,0,0,0.000311,0,0,0,0,0,0,0,0.000248,0,0,6.2e-05,0,0,0.006274,0,0,0.005777,0,0,0,0,0,0,0,0,0,0,0,0,0,0,0,0,0,0,0.004721,0,0,0,0,0,0,0,0,0,0,0,0,0,0,0,0,0,0,0,0,0,0,0,0,0,0,0,0,0,0,0,0,0,0,0,0,0,0,0,0,6.2e-05,0,0,0,0,0,0,0,0,0,0,0,0,0,0,0,0,0,0,0,0,0,0,0,0,0,0,0,0,0,0,0,0,0,0,0,0,0.000248,0,0.00292,0,0,0,0,0,0,0,0.002485,0,0,0,0,0,0.074051,0,0,0,0,0,0,0,0,0.000683,0,0,0,0,0,0,0,0,0,0,0,0,0.020252,0,0,0,0,0,6.2e-05,0,0,0.03802,0,0,0,0,0.000745,0,0,0.001926,0,0.000248,0,0,0,0,0,0,0,0,0,0,0,0,0,0.019569,0,0,0.000683,0,0,0,0,0,0,0,0,0,0,0.015779,0,0,0,0,0,0,0,0,0,0,0,0,0,0,0.000745,0,0,0.001367,0.000373,0,0,0,0.064111,0,0.000808,0,0,0,0,0,0,0,0,0,0,0,0,0.000186,0,0,0,0,0,0,0,0,0,0,0,0,0,0,0.022737,0,0.000248,0,0,0.026154,0.000311,0,0,0,0,0,0,0,0,0,0,0,0.000124,0.000621,0,0,0,0,0,0.034044,0,0,0,0,0.02808,0.021184,0,0.000683,0,0,0,0,0,0,0.000124,0.000186,0,0,0,0,0,0,0,0,0,0,0,0,0,6.2e-05,0,0.000186,0,0,0,0,0,0,0,0,0.014785,0,0,0,0,0.000124,0,0,0,0,0,0,0,0,0.002361,0,0,0,0,0.007144,0,0,0
D1535,0,0,0,0.000715,0,0,0.024722,0,0,0,0,0,0,0,8.9e-05,0,0,0.000536,0.075892,0.000387,0,0.002859,0.000119,0,0.000387,0,0,0,0,0,0.037469,0.07476,0.000566,0,0,0,0,0,0,0.028772,0,0,0.000268,0.000238,0,0,0,0,0,0.000417,0,0.000179,0,0,0,0,0,0,0,0.000119,0.000774,0,0,0,0,0,0,0,0,0,0,0,0.312861,0,0.000715,0,0,0,0,0,0,0,0,0.217877,0,0,0,0,0,0,6e-05,0,0,0,0,0,0,0,0,0,0,0,0,0,0,0,0,0,0.027521,0,0,0,0,0,0,0,0.000149,0,0,0,0.001251,0,0,0,0,0,0,0,0,0,0,6e-05,0,0.000387,0.000119,0,0,0,0,0,0.001281,0.000834,0,0,0,0,0,0,0,0,0,0,0,0,0,0.000894,0,0,0,0,0,0,0,0,0,0,0.000506,0,0,0,0,0,0,0,0.003366,0,0.000179,0.154584,0,0,0,0,0,0,0,0,0,0,6e-05,0,0,0,0,0,8.9e-05,0,0,0,0,0,0,0,6e-05,0,0.000298,0,0,0,0,0,0.000119,0,0,0,0,0,0,0,0,0,0,0,0,0,0,0,0,0,0,0,0,0,0,0,0,0.000357,0,0,0,0,0,0,0,0,0,0,0,0,0,0,0,0,0,0,0,0,0,0,0,0,0,0,0,6e-05,0,0,0,0,0.000149,0,0,0,0,0,0,0,0,0,0,0,0,0,0,0,0,0,0,0,0,0,0,0,0,0,0,0,0,0,0,0,0,0,0,0,0,0,0,0,0,0,0,0,0,0,0,0,0,0,0,0,0,0,0,0,0,0,0,0.000208,0,0,0,0,0,0,0,0,0,0,6e-05,0,0,0,0,0,0,0,0,0,0,0.000238,0,0,0,0,0,0,0,0,0,0,0,0,0,6e-05,0,0,0,0,0,0,0,0,0,0,0,0,0,0,0,0,0,0,0,0,0,0,0,0,0,0,0,0,0,0,0,0,0,0,0,6e-05
D4505,0.002716,0,0,0.000422,0.000121,4e-05,0,0,0,0.007604,0.000362,0,0,0,0,0,0,0,0,0,0,0,0,0.002434,0.000342,0,0.257841,0,0,0,0.013519,0,0,0.008047,0,0,0,0,0.000905,0,0,0,0,0,0.011105,0,0,0,0.007423,0,0,0,0,0.003098,0,0,0.001066,0,0.006176,0,0.123881,0,0,0.011929,0,0,0,0,0,0,0,0,0,0.003742,0.013076,0,0,0,0,0,0,0,0,0,0,0,0,4e-05,0,0,0,0,0,0.004707,0,0,0,0,0,0,0,0,0,0.000463,0,0,0,0,0,0,0,0,0,0,0,0,0,0,0,0,0,0,0,0.024563,0,0,0.025911,0.011909,0,0,0,0,0,0,0,0,0,0,0,0,0,0,0.001328,0,0,0,0,0.008449,0.071939,0,0,0,0.023537,0,0,0,0,0,0,0,0,0,0,0.051761,0,0,0,0,0,0,0,0,0,0,0,0,0,0,0,0,0,0,0,0,0,0,0,0,0.008691,0,0,0,0,0,0,0,0,0,0,0,0,0,0,0,0,0,0,0,0,0,0.001388,0,0,0,0,0,0,0,0,0.004707,0,0.000704,0,0,0,0,0,2e-05,0,4e-05,0.005291,0,0,0,0,0,0,0,0,0,0,0,0,0,0,0,0,0,0,0,0,0,0,0,0,0,0,0,0,0,0,0,0,0,0,0,0,0,0,0,0,0,0,0.002253,0,0,0,0,0,0,0,0,0,0,0,0,0,0.000322,0,0,0,0,0,0,0,0,0.001026,0,0.002495,0,0.006136,0,0,0,0,0,0,0.00173,0,0,0,0,0,0,0,0,0,0,0,0.000362,0,0,0,0,0,0,0,0,0,0,0,0,0,0,0,0,0,0.00523,0.005452,0,0,0,0,0,0,0,0,0,0,0,0,0,0,0,0,0,0,0,0,0,0,0,0,0,0,0,0,0,0,0,0,0,0,0,0,0,0,0,0,0,0,0,0,0,0,0,0,0.036694,0,0,0,0,0,0,0,0,0,0,0,0
D855,0,0,0.745153,0.003998,0.002796,0,0,0,0.000105,2.6e-05,0.000157,0,0.000314,0,0.000418,0,0,0,0,0,0.001254,0,0.00034,0.000575,0.000183,0,0.000157,0,0.200209,0,0.000967,0,0,7.8e-05,0.000418,0,0,0,0,0,0,0.000287,0.000261,0,0.00034,0,0,0,0,0.00162,0,0.000967,0.000575,0.001489,0,0,7.8e-05,0,0,0,0,0,5.2e-05,0.000183,5.2e-05,0,0,0.000131,0,0,0.000444,0,0,0.000105,0.000183,7.8e-05,0,0.000862,0,0,0,0,0,0,0,0,0,0,0,0,0,0,0,0,0,0,0,0,0,0,0,0,0.000183,0,0,0,0,0,0,0,0,0,0,0,0,0,0,7.8e-05,0,0,0,0,0,0,0,0,0,0,0.000287,0,0,0,0,0,0.000183,0,0,0.001594,5.2e-05,0,0,0,0,0,0,0.000105,0,0.00034,0,0,0,0,2.6e-05,0,0,0,0,0,0,0,0,0,0.001176,0,0,0,0,0,0,0,0,0,0,0,0,0,5.2e-05,0,0.00128,0,0,0,0,2.6e-05,0.000131,0,0,0.000105,0.000157,0,0,0,0,0,0.00115,0,7.8e-05,0,0.000183,0,0,7.8e-05,0.000261,0,0.000183,5.2e-05,0,0,0,0,0.0081,0,0,0,0,0,0.000261,0,0,0.00034,0,0,0,0.001777,0,0,0,0,0,5.2e-05,7.8e-05,0,0,0,0,0,0,0,0,0,0,0,0,0.000131,0,0,0,0,0,0,0,0,0,0,0,0,0,0,0,0,0,0,0,0,0,7.8e-05,0.000444,0,0.000261,0,0,0,0,0,7.8e-05,0,0,0,0,0,0,0,0,0,0,0,0,5.2e-05,0,0,0,0,0,0.000157,0,0,0,0,0,0.000183,7.8e-05,0,5.2e-05,0,0,0,0,0,0,0,0,0,0,0,0,0,0,0,0,7.8e-05,0,5.2e-05,0,0,0,0.000392,0,0.00047,0,0,0,0,0.00047,0,0,0,0,5.2e-05,0.000261,0,0,0,0,0,0,0,0,0,0,0,0,0,0,0,0,0,0.000314,2.6e-05,0,0,0,0,0,0,0.000131,0,0,0,0,0,0,0,0,0,0,0,0,0,0,0,0,0,0,0,0,0,0,0,5.2e-05,0,0,0,0,0,0,0,0,0,0,0.000915
D3449,0,0,0,0,0,0,0,0.019823,0,0.007702,0,0.157715,0,0.012724,0,0,0,0,0,0,0,0,0,0,0,0,0,0,0,0,0,0,0,0,0,0,0,0,0.004889,0,0,0,0,0,0,0,0,0,0,0,0.010046,0,0,0,0.018819,0.063823,0,0.037035,0,0,0,0,0,0,0,0,0,0,0,0,0,0,0,0,0,0,0,0,0,0,0.015738,0,0,0,0.000737,0,0,0,0,0,0,0.01326,0,0,0,0,0.226092,0,0,0,0,0,0,0,0.000737,0,0.002143,0,0,0,0,0,0,0,0,0.027123,0,0,0,0,0.002344,0.061144,0,0,0,0,0,0,0,0,0,0,0,0,0,0,0,0,0,0,0,0,0,0.000134,0,0,0,0,0,0,0,0,0,0,0.0146,0,0,0,0,0,0,0,0,0,0,0,0,0,0,0,0,0,0,0,0,0,0,0,0,0,0,0,0,0,0,0,0.002746,0,0,0,0,0,0,0,0,0,0,0,0,0,0,0,0,0,0,0,0,0,0.003014,0,0,0,0,0,0,0,0,0,0,0,0,0.001808,0,0,0,0,0,0,0,0,0,0,0,0,0.001339,0,0,0,0,0,0,0,0,0.000134,0,0,0,0,0,0,0,0,0,0,0,0,0.007969,0,0,0,0,0,0,0,0,0.001005,0,0,0,0,0.00288,0.010514,0,0,0,0,0,0,0,0,0,0,0,0,0,0,0,0,0,0,0,0,0,0,0,0,0,0,0,0,0,0,0,0,0,0,0,0.000737,0,0,0.005559,0,0,0.003616,0,0,0,0,0,0,0,0,0,0,0.00067,0,0,0,0,0,0,0,0,0,0,0,0,0,0,0,0,0,0,0,0,0,0,0,0.000201,0,0,0,0,0,0,0,0,0,0.023908,0,0,0.00288,0,0,0,0,0,0,0,0.005626,0,0,0,0.001339,0,0,0,0,0,0,0,0,0,0,0,0,0,0,0,0,0,0,0.001272,0.000871,0,0,0,0,0,0
D4328,0.00133,0,0,0,0.001482,0,0,0,0,0,0,0,0,0,0,0,0.112967,0,0,0,0,0.001216,0,0.000519,0,0,8.9e-05,0,0,0.000646,0,0,0,0.000659,0,0,0,0,0,0,0.027405,0,0,0,0.000418,3.8e-05,0,0,0.00109,0,0,0,0,0,0,0,0,0,6.3e-05,0,0,0,0,0.001001,0,0,0,0.00095,0,0,0,0,0,0.011973,0,0,0.011327,0,0,0,0,0,0,0,0,0,0,0,0,0,0,0,0,0,0,0.004751,0,0.000177,0,0,0.019487,0,0,2.5e-05,0.000519,0,0,0,0,3.8e-05,0,0,1.3e-05,0,0,0,0,0,0,0,0,0,0,0,0,0.001077,3.8e-05,0,0,0.000646,0,0,0,0,0,0,0.004321,0,0,0,0.000367,0,0,0,0,0,0.014267,0,0,9e-04,0,0,0,0,0,0,0,0,0,0,0,0,0,0,0,0,0,0,0,0,0,0,0,0,0,0.003358,0,0,0,0,0,0,0,0.001989,0,0,0,0.000405,0,0.003028,0,0.011618,0,0,0,0,0,0,0.000431,0.004206,0,0,5.1e-05,0,0,0,0.000114,0,0,0,0,0.008717,0,0.001748,0,0,0,0,0,0,0.005803,0.000139,0,0,0,0.000139,0.011872,0,0.002673,0,0.000304,0,0.007969,0,0,0,0,0,0,0,0,0,0,0,0.008324,0,0.00128,0.000266,0,0,0,0,0,0,0.002281,0,0,0,0.004054,0,0,1.3e-05,0,0,0,1.3e-05,0,0,0.000393,0,0.001558,0,0.000165,0.000228,0,0,0.010592,0.000291,0,0,0,0,0,0.004929,0,0,0.000925,2.5e-05,0,0,0,0.006728,0,0,0,0,0,0,0.000203,0,0,0,0,0,0,0.000253,0.000342,0,0,0.000608,0,0.00171,0,3.8e-05,0,0,0.001432,0.000456,0,0,0,0,0.003649,0,0,0,0,0,0.000659,0,0.004929,0,2.5e-05,0,0,0,0.000646,0,0,0.003345,0,0.005511,0.004688,0,0.000722,0,0.002129,0,0,0,0.00071,0.003586,0.001989,0,0,0,0,0,0,0,0,0.002585,0,0,0,0,3.8e-05,0,0.0028,0,0,0.007045,0.000976,0,0,0,0,0.00076,0,0.002078,0,0.002015,0,0,0,0.007361,0,0,0,0.001039,0,0.002141,0,0,0,0.005005,0,0,0,0
D681,0,0,0,0,0.000159,0,0,0.030907,0,0.037924,0,0.04681,0,0.033939,0,0,0,0.001587,0,0,0,0,0,0,0,0.072462,0,0,0,0,0,0,0,0,0,0,0,0,0.029391,0,0,0,0,0,0,0,0.034168,0,0,0,0,0,0,0,0,0,0,0,0,0,0,0,0,0,0,0,0,0,0.047868,0,0,0,0,0,0,0,0,0,0,0.020628,0.015374,0,0.016749,0,0.009521,0,0,0,0.034292,0,0,0.010878,0,0,0.039793,0,0,0,0,0,0,0,0,0,0,0,0.022938,0,0,0,0,0,0,0,0,0,0,0,0.031788,0,0.001128,0,0,0,0,0,0.012888,3e-04,0,0,0,0,0.010667,0,0,0,1.8e-05,0,0,0,0,0,0,0,0,0,0,0,0,0.013205,0,0,0,0.012606,0,0,0,0,0,0,0,0,0,0,0,0,0,0.003438,0.016079,0.003103,0,0.002592,0,0,0,0,0,0,0,0,0,0.008234,0,0,0,0,0,3.5e-05,0,0,0,0,0,0,0,0,0,0,0,0,0,0,0,0.001552,0,0,0,0.008974,0,0,0,0,0,0,0,0,0,0,0,0,0,0,0.004972,0,0,0,0,0,0,0,1.8e-05,0.001499,0,0,0,0,0,0.005853,0,0,0,0,0,0,0,0,0,8.8e-05,0,0,0,0,0,0.04048,5.3e-05,0,0,0,0,0,0,0,0.011054,0,0,1.8e-05,0,0.00037,0,0,0,0.000635,0.000652,0,0,0,0,0,0,0.001622,0,0,0,0,0.00432,0.001463,0,0,0,0,0,0,0,0,0,0.00164,0,0.013064,0.000106,0,0,0,0,0,0,0,0,0,0.005413,0,0,0,5.3e-05,0,0,0,0,0,0.000917,0,0.009274,0,0,0.011248,0,0,0.000723,0,0,0,0,0,0,0,0,0,0,0.000335,0,0,0.002856,0,0,0.009679,8.8e-05,0,0,0,0,0,0,0,0,0.000723,0,7.1e-05,0,0,0,0.017807,0.005889,0,0.000317,0,0,0,3.5e-05,0,0,0,0.00275,0,0,0.001217,0,7.1e-05,0,0,0,0,0.001023,0,0,0,0.001428,0,0,0,0,0,0,0,0.000564,0,0,0,0,0,0.003702,0
D1770,0.004184,0,0,0,0,0.012552,0,0,0,0,0,0,0.004184,0,0,0,0,0,0,0,0,0,0,0,0.004184,0,0,0,0,0,0.004184,0,0,0,0,0,0,0.577406,0,0,0,0,0,0,0,0,0,0,0,0,0,0,0,0,0,0,0,0,0,0.012552,0,0,0,0,0,0,0,0,0,0,0,0,0,0,0,0,0,0,0,0,0,0,0,0,0,0,0,0,0,0,0,0,0,0,0,0,0,0,0,0.127615,0,0,0,0,0,0,0,0,0,0,0,0,0,0.004184,0,0,0,0,0,0,0,0,0,0,0,0,0,0,0.127615,0,0,0,0,0,0,0,0,0,0,0,0,0,0,0,0,0,0,0,0,0,0,0,0,0,0,0,0,0,0,0,0,0,0,0,0.006276,0,0,0,0,0,0,0,0,0,0,0,0,0,0,0,0,0,0,0,0,0,0,0,0,0,0,0,0,0,0,0,0,0,0,0,0,0,0,0,0,0,0,0,0,0,0,0,0,0,0,0,0,0,0,0,0,0,0,0,0,0,0,0,0,0,0,0,0,0,0,0,0,0,0,0,0,0,0,0,0,0,0,0,0.004184,0,0,0,0,0,0,0,0,0,0,0,0,0,0,0,0,0,0,0,0,0,0,0,0,0,0,0,0,0,0,0,0,0,0,0,0,0,0,0,0,0,0,0,0,0,0,0,0,0,0,0,0,0,0,0,0,0,0,0,0,0,0,0,0,0,0,0.073222,0,0,0,0,0,0,0,0,0,0,0,0,0,0,0,0,0,0,0,0,0,0,0,0,0,0,0,0,0,0,0,0,0,0,0,0,0,0,0,0,0,0,0,0,0,0,0,0,0,0,0,0,0,0,0,0,0,0,0,0,0,0,0,0,0,0,0,0,0,0,0,0,0,0,0,0,0,0,0,0,0,0,0,0
D1595,0,0,0.864668,0.007533,0,0,0,0,0,0,5.2e-05,0,0,0,0.000225,0,0,0,0,0,0.000156,0,0.000727,0.009455,0.000485,0,0,0,0.018304,0,0.00187,0,0,0,0.000277,0,0,0,0,0,0,0,0.013126,0,0,0,0,0,0,0.000277,0,0,1.7e-05,0,0,0,0.000606,0,0,0.00026,0,0,0.000468,0.001853,0,0,0,0,0,0,0.000554,0,0,0,0,0,0,0.00071,0,0,0,0,0,0,0,0,0,0,0,0,0,0,0,0,0,0,0,0,0,0,0,0,0,0,0,0,0,0,0,0,0,0,0,0,0,0,0,0,0,0,0.000745,0,0,0,0,0,0,0,0,0,0,0,0,0,0,0,0,0.007031,0.000208,0,0,0,0,0,0,0,0,0,0,0,0,0,0,0,0,0,0,0,0,0,0,0,0,0.000242,0.00052,0,0,0,0,0,0,0,0,0,0,0,0,0,0.000346,0,0,0,0,0.000208,0,0,0,0.001108,0.004433,0,0,0,0,8.7e-05,0.000797,0,0,0,0.000294,0,0,0,0.000139,0,0.004173,0,0,0,0.000173,0,0,0,0,0,0,0,0.00019,0.000364,0,0,0,0.000173,0,0.009386,0,0,0,0,0,0,0,0,0,0,0,0.000606,0,0,0,0,0,0,0,0.001645,0,0,0,0,0,0,0,0,0,0,0,0,0,0,0,0,0,0,0,0,0.000329,0,0.000242,0,0,0,0,0,0,0.000589,0.011741,0,0,0,0,0,0,0,0,0,0,0,0,0,0,0,0,0,0,0,0,0,0.000433,0,0,0,0.000156,0,0,0,0,0,0,0,0,0,0,0,0,0,0,0,0,0,5.2e-05,0,0,0,0,0,0,0.000121,0,0.00026,0,0,0,0,0,0,0,0,0,0,0.000554,0,0,0,0,0,0,0,0,0,0,0,0,0,0.000121,0,0,0,0,0,0,0,0,0,0,6.9e-05,0,0,0,0,0,0,0,0,0,0,0,0,0,0,0,0,0,0,0,0,0,0,0,0.000485,0.000433,0,0,0,0,0,0,0,0,0,0,0
D2499,0,0,9.6e-05,0.000287,0,0,0,0.094391,0,0,0,0.05499,0,0.007316,0,0,0,0,0,0,0,0,0,0.002295,0.00043,0,0,0,0.000335,0,0,0,0,0,0,0,0,0,0.054464,0,0,0,0,0,0,0,0,0,0,0,0.000143,0,0,0,0.171568,0,0,0,0,0,0,0,0,0,0,0,0,0,0,0,0,0,0,0,0,0,0,0,0,0.022044,0,0,0,0,0,0,0,0,0,0,0,0.002678,0,0,0,0,0,0,0,0,0,0,0,0,0.043848,0,0,0,0,0,0,0,0,0,0,0,0,0,0,0,0,0.000574,0,0,0,0,0.001578,0,0,0.000239,0,0,0,0,0,0,0,0,0,0,0,0,0,0.241285,0,0,0,0,0,0,0,0,0,0,0.058385,0,0.000526,0,0,0,0,0,0,0,0.000143,0,0,0,0.000383,0,0,0,0.006025,0,0,0,0,0,0.000143,0,0,0,0,0,0,0,0.052503,0,0,0,0,0,0,0,0,0,0,0,0,0,0,0,0,0,0,0,0,0.000143,0.001291,0,0,0,0,0,0,0,0,0,0,0,0,0,0,0,0,0,0,0,0,0,0,0,0,0,0,0,0,0,0,0,0,0,0,0,0,0,0,0,0,0,0,0,0,0,0.001721,0,0.010711,0,0,0,0,0,0,0,0,0.02343,9.6e-05,0,0,0,0,0,0,0,0,0,0,0,0,0,0,0,0,0,0,0.018266,0,0,0,0,0,0,0,0,0,0,0,0,0,0,0,0,0,0,0,0.001052,0,0,0,0,0,0,0,0,0,0,0,0,0,0,0,0,0,0,0,0,0,0,0,0,0,0,0,0,0,0,0,0,0,0,0,0,0,0,0,0,0,0,0,0,0,0,0,0,0,0,0,0,0,0,0.000909,0,0.000335,0,0,0,0,0,0,0,0,0,0,0,0,0,0,0,0,0,0,0,0,0.000143,0,0,0,0,0,0,0,0,0,0,0,0,0,0,0,0
D2852,0,0.026126,0,0,0,0,0.059477,0,0,0,0,0,0,0,0,0.106865,0,0,0.04169,0,0,0,0,0,0,0,0,0,0,0,0,0,0.030364,0,0,0,0.00264,0,0,0.033908,0,0,0,0.02418,0,0,0,0,0,0,0,0,0,0,0,0,0,0,0,0,0,0.214286,0,0,0,0,0.05642,0,0,0,0,0,0.009936,0,0,0,0,0,0,0,0,0.000556,0,0.009311,0,0,0,0,0,0,0,0,0,0,0,0,0,0,0,0,0,0.197054,0,0,0,0,0,0,0,0,0,0,0,0,0,0,0.000973,0,0,0.003127,0,0,0,0,0,0,0,0,0,0,0,0.003266,0,0,0,0,0,0,0,0,0,0,0,0,0,0,0,0,0,0,0,0,0,0,0,0.001807,0,0,0.009102,0,0,0.004447,0,0,0,0,0,0,0,0,0.002084,0,0,0,0,0,0,0.001946,0,0.02015,0,0,0,0,0,0,0,0,0,0,0.000486,0,0,0,0,0,0,0,0,0,0.003335,0,0,0,0,0,0,0,0,0,0,0,0,0,0,0,0,0,0,0,0,0,0,0,0.002362,0,0,0,0,0,0,0,0,0,0,0,0,0,0,0.003335,0,0,0,0,0,0,0,0,0,0,0,0,0,0,0,0,0,0,0,0,0,0,0,0,0,0,0,0,0,0,0,0,0,0,0,0,0,0,0,0,0,0,0,0,0,0,0,0,0,0,0,0,0,0,0,0,0,0,0,0,0,0,0,0,0.021262,0,0,0,0,0,0,0,0,0,0,0,0,0,0,0,0,0,0,0,0,0,0,0,0,0,0,0,0,0,0,0.000208,0,0,0,0,0,0,0,0,0,0,0,0.065384,0,0.011326,0,0,0,0,0,0,0,0,0,0,0,0,0,0,0,0,0,0,0,0,0,0,0,0,0,0,0,0,0,0,0,0,0,0,0,0,0,0,0,0,0,0,0,0,0,0,0,0,0,0
D2115,0.00014,0,0,0,2.8e-05,0,0,0,0,0,0,0,0,0.000727,0,0,0,0,0,0,5.6e-05,0,0,0,0,0,0,0,0,0,0,0,0,0,0,0,0,0,0.000671,0,0.002657,0,0,0,0,0,0,0,0,0,0,0,0,0,0,0,0,0,0,0,0,0,0,0,0,0,0,0,0,0,0,0,0,0.005259,0,0,0,0,0,0,0,0,0,0,0,0,0,0,0,0,0,0,0,0,0,0.005986,0.000252,0,0,0,0,0,0,0,0,0,0,0,0,0,0,0,0,0,0,0,0,0,0,0,0,0.001315,0,0,0,0,0,0,0,0.002797,0,0,0,0,0,0,0.007133,0,0,0,0,0,0,0,0.342275,0,0,0,0,0,0,0,0,0,0,0,0.011888,0,0,0,0,0,0,0,0,0,0,0,0,0,0,0,0,0,0,0,0,0,0,0,0,0,0,0,0,0,0,0,0,0,0,0,0,0,0,0,0,0,0,0,0,0,0,0,0,0,0.002937,0,0,0,0,0,0,0.017147,0,0.008308,0,0,0,0,0,0,0,0,0,0,0,0,0,0,0,0,0,0,0,0,0.004839,0,0,0,0,0,0,0,0,0,0,0,0,0,0,0,0,0,0.002154,0.001511,0,0,0,0,0,0,0,0,0,0,0,0,0,0,0,0,0,0,0,0,0,0,0,0,0,0,0,0,0,0,0.005818,0,0,0.000112,0,5.6e-05,0,0,0,0,0,0,0,0,0,0,0,0,0,0.074771,0,0,0,0,0,0,0.000196,0,0,0,0,0,0,0,0,0,0,0,0,0,0,0,0,0.000112,0,0,0,0,0,0,0,0,0,0,0,0,0,0,0,0,0.000224,0,0.00014,0,0.008504,0,0,0,0,0,0,0,0,0,0,0,0,0,0,0,8.4e-05,0,0,0,0,0,0,0,0,0,0,0,0,0,0,0.001063,0,0,0,0,0,0,0,0,0,5.6e-05,0,0,0,0,0,0,0,0
D26,0,0,0,0,0.128023,0,0,0.181274,0,0.010428,0,0.049035,0,0.001775,0,0,0,0,0,0,0,0,0,0.007988,0,0,0,0,0,0,0,0,0,0,0,0,0,0,0,0,0,0,0,0,0,0,0,0,0,0,0.013978,0,0.000222,0,0.006656,0.033503,0,0.085201,0,0,0,0,0,0,0,0,0,0,0,0,0,0,0,0,0,0,0,0,0,0.01531,0.035722,0,0,0,0,0,0,0,0,0,0,0.069226,0,0,0,0,0.001775,0,0,0,0,0,0,0,0.0071,0,0.008431,0,0,0,0,0,0,0,0,0.070557,0,0,0,0,0,0,0,0,0,0,0,0,0,0,0,0,0,0,0,0,0,0,0,0,0,0,0,0.002219,0,0,0,0,0,0,0,0,0,0,0.029288,0,0.001553,0,0,0,0,0,0,0,0,0,0,0,0,0,0,0.000444,0,0,0,0,0,0,0,0,0,0,0,0,0,0,0.002884,0,0,0,0,0,0,0,0,0,0,0,0,0,0,0,0,0,0,0,0,0,0.003106,0,0,0,0,0,0,0,0,0,0,0,0,0,0,0,0,0,0,0,0,0,0,0,0,0,0,0,0.000666,0,0,0,0,0,0,0,0,0,0,0,0,0,0,0,0,0,0.001109,0,0.047925,0,0,0,0,0,0,0,0,0.011094,0,0,0,0,0.000444,0.003994,0,0,0,0,0,0,0,0,0,0,0,0,0,0,0,0,0,0,0,0,0,0,0,0,0,0,0,0,0,0,0,0,0,0,0,0,0,0,0,0,0,0.055469,0,0,0,0,0,0,0,0,0,0,0,0,0,0,0,0,0,0,0,0,0,0,0,0,0,0,0,0,0,0,0,0,0,0,0,0,0,0,0,0,0,0,0,0,0.049257,0.001997,0,0,0,0,0,0,0,0,0,0.000666,0,0,0,0,0,0,0,0,0,0,0,0,0,0,0,0,0,0,0,0,0,0,0,0,0,0,0,0,0,0
D4709,0.002067,0,0.041085,0.079328,0.031525,0,0,0,0,0.002842,0.00155,0,0,0,0.048579,0,0,0,0,0,0.020672,0.000258,0,0.002326,0.012403,0,0.00801,0,0.044961,0,0,0,0,0.020413,0.001809,0,0,0,0,0,0.000517,0.000258,0.015504,0,0.011886,0,0,0,0.00155,0,0,0.010336,0.005685,0.007235,0,0,0.001809,0,0,0,0,0,0.002326,0,0,0,0,0.003876,0,0.009561,0.003876,0,0,0.004134,0,0,0,0.015245,0,0,0,0,0,0,0,0,0,0,0,0.000258,0,0,0,0.028424,0,0,0,0.01292,0,0,0,0,0,0.007235,0,0.017313,0,0,0,0,0,0,0,0,0,0,0,0,0,0,0,0,0,0,0,0,0.000517,0,0,0,0.006202,0,0,0,0.000517,0,0,0.011886,0.003359,0,0.000517,0,0,0,0,0,0,0.001292,0,0,0,0,0,0,0,0,0,0,0,0,0.000258,0,0.008786,0.01137,0.031525,0,0,0,0,0,0,0,0,0,0,0.000258,0,0,0,0,0.000775,0,0,0.000775,0,0.000775,0,0.00491,0.00155,0.001034,0,0,0,0,0.050646,0,0,0,0.006202,0,0,0,0,0,0.002067,0,0,0,0,0,0.004134,0,0,0,0,0,0,0.002584,0,0,0,0,0,0,0,0,0,0,0,0,0.005168,0,0,0,0,0,0,0,0,0,0,0,0,0.003101,0.000258,0,0,0.000775,0,0,0,0,0,0,0,0,0,0,0,0,0,0,0,0,0.005168,0,0,0,0.004134,0,0,0,0,0.010336,0,0,0.001292,0.002584,0.001034,0,0,0.000517,0,0,0,0,0,0,0,0,0,0,0,0.005685,0,0,0.000775,0,0.000517,0.000517,0.004393,0,0,0,0,0,0,0,0,0,0,0,0,0,0,0,0.000517,0,0,0,0,0,0,0,0,0.000775,0,0.001034,0,0,0,0,0.000258,0,0,0,0.001809,0,0,0,0,0.002326,0.001034,0,0.000775,0.001034,0.00155,0,0,0,0,0,0,0,0,0,0.002326,0,0,0,0,0,0,0.005426,0,0,0,0,0,0,0,0,0,0,0,0,0,0.00155,0,0,0,0,0,0,0,0,0.010594,0,0.004393,0,0,0,0,0,0,0,0.000517,0,0,0.00646
D139,0.000384,0,0.028884,0.008869,0.101582,0,0,0,0,0,0,0,0,0,0,0,0,0,0,0,0.314767,0,0.000237,0.008485,0.00609,0,0,0.000384,0.013097,0,0,0.000118,0,0.000266,0.000207,0,0,0,0,0,0.000177,0.000857,0.009106,0,0.000148,0.000976,0,0,0,0.001685,0,0.003607,0,0.157014,0,0,0.000325,0,0,0,0.005528,0,0,0,0,0,0,0,0,0.000118,0,0,0,8.9e-05,0,0.00269,0,0.001715,0,0,0,0,0,0,0,0,0,0,0,0,0,0,0,0,0,0,0,0,0,0,0,0,0,8.9e-05,0,0.001271,0,0,0,0,0.000237,0.000177,0,0,0,0,0,0.000177,0,0,0.003222,3e-05,0,0.00065,0,0,0,0,0,0,0.00071,0,0,0,0.000118,0,0,0.004671,0.000118,0,0,0.003873,0.000443,0,0,0,0,0.000266,0,0,0,0,0,0,0,0,0,0,0,0,0.00272,0,0.000769,0.000503,0.039497,0,0,0,0,0,0,0,0,0,0,0,0,0,0.00337,0,0,0,0,0,5.9e-05,0.000325,0,0.000473,0.001005,0,0,0,0,0.136615,0.000384,0,0,0,8.9e-05,0,0,0,0.00071,0,0.009165,0,0,0,0,0,0.000828,0,0,0,0,0,8.9e-05,0,0,0,0,0,0,0.000296,0,0,0,0,0,0.008278,0.000503,0,0,0,0,0.031693,0,0,0.000237,0,0,0,0,0.001567,0,0,0,0,0,0,0,0,0,0,0.000177,0,0,0,0,0,0,0,0,0,0,0,0.000384,0,0.000384,0,0,0,0,0.00136,0.001242,0,0,0,0,0,0,0,0,0,0,0,0,0.000443,0,0,0,0,0.001419,0,0,0,0.001005,0,0.000148,0.000177,0,0,0,0,0,0,0,0,0,0,0,0,0,0,0,0,0,0,0,0,0,0,0,0,0,0.000532,0,8.9e-05,0,0,0,0,0,0,0,0,0,0,0.00272,0,0,0.000177,0,0,8.9e-05,0.000591,0,0,0,0,0,0,0,0,0,0,0.00878,0.00065,0,0,0,0,0,5.9e-05,0,0,0,0,0,0,0,0,0,0,0,0,0,3e-05,0,0,0,0,0,0,0,0,0.000177,0,0.000355,0,0,0,0,0,0,0,0,0,0,0
D3027,0,0,0,0,0,0,0,0.056239,0,0.048001,0,0.047177,0,0.029392,0,0,0,0.001963,0,0,0,2.4e-05,0,0,0,0.054882,0,0,0,0,0,0,0,0,0,0,0,0,0.016259,0,0,0,2.4e-05,0,0,0,0.01873,0,0.000582,0,0,0,0,0,0,0,0.025854,0,0,0,0,0,0,0,0,0,0,0,0.023116,0,0,0,0,7.3e-05,0,0,0,0,0,0.022195,0.019481,0,0.00945,0,0.012382,0,0,0,0.015992,0,0,0.007657,0,0,0.021856,0,0,0.000145,0,0,0,0,0,0,0,0,0.008384,0,0,0,0,0,0,0,0,0,0,0,0.033584,0,0,4.8e-05,0,0,0,0,0.000412,0.003513,0,0,0,0,0.003756,0,0,0,0,0,0,0,0,0,0,0,0,0,0,0,0,0.007342,0,0,0,0.011534,0,0,0,0,0,0,0,0,0,0,0,0,0,0.012576,0.022583,0.014369,0,0.0118,0,0,0,0,0,0,4.8e-05,0,0,0.000582,0,0,0,0,0,2.4e-05,0,0,0,0,0,0,0.000218,0,0,0,0,0,0,0,0,0.001139,0,0,0,0.00756,0,0,0,0,0,0,0,0,0,0,0,0,0,0,0.002544,0,0,0,0,0,0,0,7.3e-05,0.010468,0,0,0,0,0,0.007318,0,0,0,0,0,0,0,0,0,0.00063,0,0,0,0,0,0.020814,7.3e-05,0,0,0,0,0,0,0,0.003683,0,0,0,0,9.7e-05,9.7e-05,0.006833,0.00017,0.000485,0.000533,0,0,0,0,0,0,0.003732,0,0,0,0,0.000872,0.000993,0,0,0,0,0,0,0,0,0,0.011825,0,0.010516,0,0,0,0,0,0,0,0,0,0,0.000557,0,0,0,4.8e-05,4.8e-05,0,0,0,0,0,0,0,0,0,0.005791,0,0,4.8e-05,0,0,0,0,0,0,0,0,0,0,0.000509,0,0,0.009765,0,0,0.00521,0,0,0,0,0,0,4.8e-05,0,0,0.005476,0,0.000654,0,0,0,0.011219,0.012527,0,0.001042,0,0,0,0,0,0,0,0.007003,0,0,0.000121,0,4.8e-05,0,0,0,0,0.006106,0,0,7.3e-05,0.004458,0,0,0,0,0,0,0,0.003732,0,0,0,0,0,0.000654,0
D1542,0.759542,0,0,0,0,0.033512,0,0,0,0.000607,0,0,0.000709,0,0,0,0,0,0,0,0,0,0,0,0,0,0,0,0,0,0.040194,0,0,0,0,0,0,0,0,0,0,0,0,0,0,0,0,0,0,0,0,0,0.000304,0,0,0,0,0,0.000304,0,0,0,0,0,0,0.003645,0,0,0,0,0.000607,0,0,0,0,0,0,0,0.002734,0,0,0,0,0,0,0,0,0.001215,0,0,0,0,0,0.000709,0,0,0,0,0,0.000202,0,0,0,0,0,0,0,0.016705,0,0,0,0,0,0,0,0,0,0,0,0,0,0,0,0,0.000202,0,0,0,0,0,0,0,0,0,0,0,0,0,0,0.013668,0,0,0.000304,0,0,0,0,0.002126,0.000405,0,0,0,0,0,0,0,0,0,0,0,0,0,0,0,0,0,0,0,0,0,0,0,0,0,0,0,0,0,0,0,0,0,0,0,0,0,0,0,0.000202,0,0,0,0.000911,0,0.000405,0,0,0,0,0,0,0,0,0,0,0,0,0,0,0,0,0,0.000405,0,0,0,0,0,0,0,0,0,0,0,0,0,0,0,0,0,0,0,0,0,0,0,0,0,0,0,0.006986,0,0,0,0,0.002734,0,0,0.001417,0.000709,0.000202,0,0,0,0,0,0,0,0,0,0.000709,0.000709,0,0,0,0,0,0,0,0,0,0,0,0,0,0,0,0,0,0,0.001822,0,0.001721,0,0,0,0,0,0,0,0,0,0,0,0,0,0,0,0,0,0,0,0,0,0,0,0,0,0,0,0,0,0,0,0,0.002632,0,0,0,0,0,0,0,0,0,0,0,0,0,0,0,0,0,0,0,0,0,0,0,0,0,0,0,0,0,0,0,0,0,0,0,0,0,0,0.003645,0,0,0.000101,0,0,0,0,0,0,0,0,0,0,0,0,0,0,0,0,0,0,0.000202,0,0,0,0,0,0,0,0,0,0,0,0,0,0,0,0,0,0.000202,0,0,0,0,0
D714,0.001266,0,0,0,0.000422,0,0,0,0,0,2.6e-05,0,0,0,0,0,0.280548,0,0,0,0,7.9e-05,0,0,0,0,0.000528,0,0,0,0,0,0,0.000501,0,0,0,0,0,0,0.015116,0,0,0,5.3e-05,0,0,0,0,0,0,0,0,0,0,0,0,0,0,0,0,0,0,2.6e-05,0,0,0,0.000396,0,0,0,0,0,0.003377,0,0,0.012478,0,0,0,0,0,0,0,0,0,0,0,0,0,0,0,0,0,0,0.004748,0,5.3e-05,0,0,0.102353,0,0,0,0.000528,0,0,0,0,0,0,0,0,0,0,0,0,0,0,0,0,0,0.000106,0,0,0,0,0,0,0.001029,0,0,0,0,0,0,0.00182,0,0,0,0.000211,0,0,0,0,0,0.021236,0,0,0.000237,0,0,0,0,0,0,0,0,0,0,0,0,0,0,0,0,0,0,0,0,0,0,0,0,0,0.001082,0,0,0,0,0,0,0,0.00401,0,0,0,0,0,0.001899,0,0.026617,0,0,2.6e-05,0,0,0,0.000818,0.000396,0,0,0,0,0,0,0.000369,0,0,0,0,0.005223,0,0,0,0,0,0,0,0,0.005672,5.3e-05,0,0,0,0.000185,0.008864,0,0.000185,0,0.000501,0,0,0,0,0,0,0,0,0,0,0,0,0,0.004089,0,0.005434,0,0,0,0,0,0,0,0.001187,0,0,0,0.004959,0,0,0,0,0,0,0,0,0,0.000264,0,0.000554,0,0.000317,5.3e-05,0,0,0.002137,0.000106,0,0,0,0.000185,0,0.000185,0,0,0.000237,0,0,0,0,0.002955,5.3e-05,0,0,0,0,0,0,0,7.9e-05,0,0,0,0,0,0.000132,0,0,0.000923,0,0.002084,0,0,0,0,0.000659,0.000422,0,0,0,0,0.008784,0,2.6e-05,0,0,0,0.000132,0,0.000923,0,0,0,0,0,0,0,0,0.002031,0,0.000422,0.006569,0,2.6e-05,0,0.000528,0,0,0,0.00124,0.001029,0.000422,0,0,0,0,0,0,0,0,0.00678,0,0,0,0.000422,7.9e-05,0,0.000633,0,0,0.009365,0.002664,0,0,0,0,0.000475,0,0.000976,0,0.002163,0,0,0,0.000501,0,0,0,0.000765,0,0.003403,0,0,0,0.000211,0,0,0,0
D3183,2.3e-05,0,6.8e-05,0.000146,0.00036,0,0,0.043327,0,0.018591,7.9e-05,0.022023,0,0.016948,0,0,0,0.005109,0,0,0,0,0,0,0,0.048019,0,0,0,0,0,0,0,1.1e-05,0,0,0,0,0.012278,0,3.4e-05,0.001013,0.000608,0,0,0,0.024117,0,0,0,0,0,0,0,0,0,0.000158,0,0,0,0,0,0,0.000203,0,0,0,0,0.013111,0,0,0,0,5.6e-05,0,0.000113,2.3e-05,0,0,0.014348,0.016172,0,0.008226,0,0.00673,0,0,0,0.010241,0,0,0.003466,0,0,0.021562,0,1.1e-05,0,0,0,0,0,0,0,0,0,0.015451,0,0,0,0,0,0,0,0,0,0,0,0.076817,0,0.00144,3.4e-05,0,2.3e-05,0,0,0.000765,0.000506,0,0,0,0,0.007911,0,0,0,0,0,0,0,0,0.001035,2.3e-05,0,1.1e-05,0,0,0,0,0.005469,0,0,0,0.010871,2.3e-05,0,0.000248,0,0,0,0,0,0,0,0,0,0,0.033142,0.019413,0.003747,0,0.037036,0,0,0,4.5e-05,0,0,0.004569,0,0,0.002172,0,0,0,0,0,2.3e-05,0.00036,0,0,0,0,0,0.000124,0,0,0,9e-05,0,0,0,0,0.001103,0,0,0,0.010849,0,0,0,0,0,0,0,0,0,0,0,0,0,0,0.008361,0,0,0,0,0,0,0,0,0.002791,0,0,0,0,0,0.010736,0,0,0,0,0,0.000214,0,0,0,2.3e-05,0,0,0,0,0,0.03546,0,0,0,0,0,0,0,0,0.010556,0,0,0,0,0.00018,0.000113,0.003061,5.6e-05,0.000304,0.001553,0,0,0,0,0,0,0.007056,0,0,0,0,0.004569,0.004828,0,0,0,2.3e-05,0,0,0,0,0,0.001429,0,0.006775,3.4e-05,0,0,0,0,0,0,2.3e-05,6.8e-05,0,0.000416,0,0,0,0,0,0,0,0,0,0,0,0,0,0,0.002566,0,0,0.007855,0,0,0,0,0,0,0,0,0,0,0.000135,0,0,0.010792,0,0,0.004186,0,0,0,0,0,0,2.3e-05,2.3e-05,2.3e-05,0.008992,0,5.6e-05,0,0,0,0.009543,0.040547,0,0.00278,0,0,0,0,0,0,0,0.003005,0,0,0.000934,0,0.000158,0,0,0,0,0.004907,0,0,3.4e-05,0.002746,0,0,0,0,9e-05,0,0,0.002003,2.3e-05,0,2.3e-05,0,0,0.002926,0
D2509,0.002906,0,0,0,0.000981,0,0,0,0,0,0,0,0,0,0,0,0.149826,0,0,0,0,0.000107,0,0,0,0,0.000196,0,0,0.000606,0,0,0,0.000731,0,0,0,0,0,0,0.035767,0.000125,0,0,0.000214,0,0,0,7.1e-05,0,0,0,0,0.000267,0,0,0,0,0,0,0,0,0,0.000107,0,0,0,7.1e-05,0,0,0,0,0,0.009379,0,0,0.004315,0,0,0,0,0,0,0,0,0,0,0,0,0,0,0,0,0,0,0.004975,0,0.000143,0,0,0.030365,0,0,7.1e-05,0,0,0,0,0,0,0,0,0,0,0,0,0,0,0,0,0,0,0,0,0,1.8e-05,0,0,0,0,0,0,0,0,0,0,0.008416,0,0,0,0.000731,0,0,0,0,0,0.015994,3.6e-05,0,0,0,0,0,0,0,0,0,0,0,0,0,0,0,0,0,0,0,0,0,0,0,0,0,0.004654,0,0.003031,0,0,0,0,0,0,0,0.000856,0,0,0,0,0,0.003958,0,0.016528,0,0,5.3e-05,0,0,0,0.000357,0.003174,0,0,3.6e-05,0,0,0,0,0,0,0,0,0.014781,0,8.9e-05,0,0,0,7.1e-05,0,0,0.004992,1.8e-05,0,0,0,0.000357,0.004279,0,0.004154,0,0.000392,0,0.016653,0,0,0,0,0,0,0,0,0,0,0,0.00403,0,0.001533,0.000107,0,0,0,0,0,0,0.000713,0,0,0,0.011679,0,0,0,0,0,0,0,0,0,1.8e-05,0,0.011697,0,0,0.000143,0,0,0.003691,0.000321,0,0,0,0,0,0.007524,0,0,0,0,0,0,0,0.000785,0,0,1.8e-05,0,0,0,0,0,0,0,0,0,0,0.000481,0.00016,0,0,0.004636,0,0.002371,0,0,0,0,0.001355,0.00123,0,0,0,0,0.005474,0,0,0,0,0,0.000678,0,0.006989,0,0,0,0,0,0.000838,0,0,0.002532,0,0.006544,0.010127,0,5.3e-05,0,0.002389,0,7.1e-05,0,0.000214,0.001444,0.000481,0,0,0,0,0,0,0,0,0.000927,0,0,0,0.000214,0,0,0.00016,0,0,0.014193,0.000321,0,0,0,0,0.001337,0,0.001355,0,0.000535,0,0,0,0.002086,0,0,0,8.9e-05,0,0.000927,0,0.000125,0,0.005634,0,0,0,0
D3387,0,0,0,0,0.383619,0,0,0,4.5e-05,0,0,0,0,0,0,0,0,0,0,0,0.000136,0,0,0,0,0,4.5e-05,0,0,0,0,0,0,0,0,0,0,0,0,0,0,9.1e-05,0,0,0.121838,0.078389,0,0,0,0,0,0,0,0.132501,0,0,0,0,0.138128,0,0,0,0,0,0,0,0,0,0,0,0,0,0,0,0,0.057153,0,0,0,0,0,0,0,0,0,0,0,0,0,0,0,0,0,0,0,0,0,0,0,0,0,0,0,0,0,0,0,0,0,0,0,0,0.012547,0,0,0,0,0,0,0,0,0,0,0,0,0,0,0,0,0,0,0,0,0,0,0,0,0,0,0,0,0,0,0,0,0,0,0,0,0,0,0,0,0,0,0,0,0,0,0,0,0,0,0,0,0,0,0,0,0,0,0,0,0,0,0,0,0,0,0,0,0,0,0,0,0,0,0,0,0,0,0,0,0,9.1e-05,0,0,0,0,0,0,0,0,0,0,0,0,0,0,0,6.8e-05,0,0,0,0,0,0,0,0,4.5e-05,0,0,0,0,0,0,0,0,0,0,0,0,0,0,0,0,0,0,4.5e-05,0,0,0,0,0,0,0,0,0,0,0,0,0,0,0,0,0,0,0,0,0,0,0.058446,0,0,0,0,0,0,0,0,0,0,0,0,0,0,0,0,0,0,0,0,0,0,0,0,0,0,0,0,0,0,0,0,0,0,0,0,0,0,0,0,0,0,0,0,0,0,0,0,0,0,0,0,0,0,0,0,0,0,0,0,0,0,0,0,0,0,0,0,0,0,0,0,0,0,0,0,0,0,0,0,0,0,0,0,0,0,0,0,0,0,0,0,0,0,0,0,0,0,0,0,0,0,0,0,0,0,0,0,0,0,0,0,0,0,0,0,0,0,0,0,0,0,0,0,0,0,0,0,0,0,0,0,0,0,0,0,0,0
D1261,0,0,0.323985,0.133485,0.001942,0,0,0,0.00026,6e-05,0.001001,0,0,0,0.012772,0,6e-05,2e-05,0,3e-04,0.003924,0,0.018778,0.001281,0.016095,0,0.000941,0,0.092407,0,0.001622,2e-04,0,5e-04,0.001882,0,0,6e-05,2e-05,0,2e-05,0.00036,0.006846,0,0.00032,0,0,0,1e-04,0.000821,0,0.01047,0.00048,8e-05,0,0,1e-04,0,2e-05,0,0.000561,0,0.002102,6e-05,2e-04,0,0,0.000761,4e-05,1e-04,0.00046,0.000881,0,2e-04,0.00044,0,2e-05,0.034933,0,0,0,0,0,0,0,0,0,0,0,0,0,0,4e-05,0,8e-05,0,0,0.00042,0,0,0,0,5e-04,0.00016,0,0.002202,0,0,0,0,8e-05,0.000941,0,0,0,0,0,0.00016,0,0,0.00046,0,0,0,0,1e-04,0,0,0,0,0.019118,0,0,0,0.003303,0,0,0.01063,0.004244,0,0.00016,0.005405,8e-05,0,0,0,6e-05,0.00024,0,0,0,0,0,0,0,0,0,0,0,0,0,0,0.004224,6e-05,0.004484,0,0,0,0,8e-05,0,0,0,0,0,0.00014,0.001401,0,0.014914,0,0.00052,0,0,1e-04,3e-04,0.004044,0,0.00012,0,0,0,0,0,0.00018,0.001121,0,0,0,0.00046,0,0,8e-05,0.00024,0,0.024323,0.002282,0,0,0,1e-04,0.033752,2e-05,0,0,0,0,0.019799,0.00014,0,0,6e-05,2e-05,0,2e-04,0,0,0,0,0,2e-05,5e-04,0,0,0.000981,0,0.013653,0,0,0,0,0,0,0,0.001241,0,0,0,0.00016,0,0,0,0,0,0,0,0,0,0.00028,0,0.00018,0,0,0,0,0.000541,0,0.004464,0,0.00018,0,0,0,0,0.000541,0,0,0,2e-05,0.001501,0,0,0,0,0,0,0,0,0,0,0,0,0,0.001041,0.00024,0,0,0.00036,0,6e-05,0.001782,0,0,0,0,0,0.00012,0,0,0,0,0,0.00022,2e-04,0,0,0,0,0,0,0,0,0.000981,0,0,0,0.00016,0,0.009749,0,0,2e-05,0,2e-05,0,0,0,0,4e-05,0.00052,0,0,0,4e-05,0,0,0.00012,0,0,0,4e-05,0,2e-05,1e-04,0,0,0,0.001301,0,0,0,0,0,0,0,0,0,6e-05,0,0,0,0,0,0,0,0,0,0,1e-04,0,0,0,0,0,0,6e-05,0,0.002923,0,0.008488,0,0,4e-05,0,0,0,0,0,0,0,0.007787
D4104,0,0,0.31467,0.054381,0.001921,0,0,0,8.9e-05,0,0,0,0,0.000179,0.001787,0,0.001117,0,0,0,0.004737,0.000536,0.011573,0.001162,0.001296,0,0,0,0.049734,0,0.002368,0,0,0,0.003173,0,0,0,0,0,0,0.000313,0.010858,0,0.000268,0,0,0,0,0.00286,0,0.163501,0,0,0,0,0,0,0,0.000447,0,0,0.001028,0.042897,0,0,0,4.5e-05,0,0,0,0.001206,0,0,0,0.007239,0,0.0475,0,0,0,0,0,0,0,0,0,0,0,0,0,0,0,0,0,0,0,0,0,0,0,0,0.000268,0,0,0.026721,0,0,0,0,0,0,0,0,0,0,0,8.9e-05,0,0,0.001966,0,0,0,0,0,0,0,0,0,0.007552,0,0,0,0.000223,0,0,0.014299,0.004468,0,0,0.013897,0,0,0,0,0,0,0,0,0,0,0,0,0,0,0,0,0,0,0,0,0.000223,0.000223,0.000894,0,0,0,0,0,0,0,0,0,0,0,0.001117,0,0.001475,0,0,0,0,0,0.001162,0.002547,0,0,0.002547,0,0,0,0,0,0,0,0,0,0.000447,0,0,0,0.000938,0,0.033067,0.00076,0,0,0,0,0.005183,0,0.000179,0,0.000626,0,0.003128,0,0,0,0,0,0,0.003709,0,0,0,0,0,0.002413,0,0,0.000268,0,0,0.00429,0,0,0,0,0,0,0,0,0,0,0,0,0,0,0,0,0,0,0,0,0,0,0,0,0,0,0,0,0.001117,0,0.001519,0,0.001028,0,0,0,0,0.002279,0.000402,0,0,0,0,0,0,0,0,0,0,0,0,0.000223,0,0,0,0,0.000581,0,0,0,0,0,0,0.002726,0,4.5e-05,0,0.000179,0,0,0,0,0,0,0,0,0,0,0,0,0,0,0,0,0,0,0,0,0,0,0,0.003754,0,0,0,0,0,0,0,0,0,0,0.001832,0,0,0,0,0,0,0.000223,0,0,0,0,0,0,0,0,0,0,0.000179,0.000849,0,0,0.000402,0,0,0,0,0,0,0,0,0,0,0,0,0,0,0,0,0,0,0,0,0,0,0,0,0,0,0,0,0,0,0,0,0,0,0,0,0,0,0.000402
D3525,0.000117,0,0,0,0,0,0,0,0,0,0,0,0,0,0,0,0,0,0,0,0,0,0,0,0,0,0,0,0,0,0,0,0,0,0,0,0,0,0,0,0,9.1e-05,0,0,0,0,0,0,0,0,0,0,0,0,0,0,0,0,0.427695,0,0.000261,0,0,0,0,0,0,0,0,0,0,0,0,0,0.479622,0,0,0,0,0,0,0,0,0,0,0,0,0,0,0,0,0,0,0,0,0,0,0,0,0,0,0,0,0,0,0,0,0,0,0,0,0,0,0,0,0,0,0,0,0,0,0,0,0,0,0,0,0,0,0,0,0,0,0,0,0,0,0,0,0,0,0,0,0,0,0,0,0,0,0,0,0,0,0,0,0,0,0,0,0,0,0,0,0,3.9e-05,0,0,0,0,0,0,0,0,0,0,0,0,0,0,0,0,0,0,0,0,0,0,0,0,0,0,0,0,0,0,0,0,0,0,0,0,0,0,0,0,0,0,0,0.001618,0,0,0,1.3e-05,0,0,0,0,0,0,0,0,0,0,0,0,0,0,0,0,0,0,0,0,0,0,0,0,0,0,0,0,0,0,0,0,0,0,0,0,0,0,0,0,0,0,0,0,0,0,0,0,0,0,0,0,0,0,0,0,0,0,0,0,0,0,0,0,0,0,0,0,0,0,0,0,0,0,0,0,0,0,0,0,0,0,0,0,0,0,0,0,0,0,0,0,0,0,0,0,0,0,0,0,0,0,0,0,0,0,0,0,0,0,0,0,0,0,0,0,0,0,0,0,0,0,0,0,0,0.004894,0,0,0,0,0,0,0,0,0,0,0,0,0,0,0,0,0,0,0,0,0,0,0,0,0,0,0,0,0,0,0,0,0,0,0,0,0,0,0,0,0,0,0,0,0,0,0,0,0,0,0,0,0,0,0,0,0,0,0,0,0
D4111,0.00204,0,0,0,0.001035,0,0,0,0,0,6.1e-05,0,0,0.000122,0,0,0.177013,0,0,0,0,0.001157,0,0.000426,0,0,0.000244,0,0,0,0,0,0,0.000244,0,0,0,0,0,0,0.009103,0,0,0,0.00137,0,0,0,0.001583,0,0,0,0,0,0,0,0,0,0,0,0,0,0,0.000244,0,0,0,0.000122,0,0,0,0,0,0.005145,0,0,0.009895,0,0,0,0,0,0,0,0,0,0,0,0,0,0,0,0,0,0,0.004719,0,6.1e-05,0,0,0.072644,0,0,0,9.1e-05,0,0,0,0,0,0,0,0,0,0,0,0,0,0,0,0,0,0,0,0,0.000426,0,0,0,0.005024,0,0,0,0,0,0,0.00274,0,0,0,0.000426,0,0,0,0,0,0.032151,0,0,0.001461,0,0,0,0,0,0,0,0,0,0,0,0,0,0,0,0,0,0,0,0,0,0,0,0,0,0.001583,0,0,0,0,0,0,0,0.002101,0,0,0,3e-05,0,0.001583,0,0.048744,0,0,3e-05,0,0,0,0.000396,0.002557,0,0,0,0,0,0,9.1e-05,0,0,0,0,0.001401,0,0,0,0,0,0,0,0,0.005328,6.1e-05,0,0,0,0.000152,0.012087,0,0.000518,0,0.00067,0,0.010108,0,0,0,0,0,0,0,0,0,0,0,0.004719,0,0.00204,9.1e-05,0,0,0,0,0,0,0.001553,0,0,0,0.003014,0,0,0,0,0,0,3e-05,0,0,0.000518,0,0.001553,0,0.000274,6.1e-05,0,0,0.003562,0.000183,0,0,0,0.000487,0,0.002162,0,0,0.002436,0,0,0,0,0.003014,0,0,0,0,0,0,0,0,0,0,0,0,0,0.000183,0.000122,0,0,0,0,0.000578,0,0.000122,0,0,0.000335,0.000548,0,0,0,0.000122,0.019607,0,0,0,0,0,0.000304,0,0.001187,0,0,0,0,0,0,0,0,0.003166,0,0,0.001309,0,0.000244,0,0.000396,0,0,0,0.000731,0.005754,0.001066,0,0,0,0,0,0,0,0,0.008616,0,0,6.1e-05,0,6.1e-05,0,0.001735,0,0,0.010047,0.002375,0,0,0,0,0.000304,0,0.002283,0,0.001614,3e-05,0,0,0.000152,0,0,0,0.000852,0,0.00134,0,0,0,0.003532,0,0,0,0
D2102,0.001922,0,0,0,0,0,0,0,0,0,0,0,2.1e-05,0,0,0,0,0,0,0,8.4e-05,0.985892,0,0,6.3e-05,0,0.000106,0,0,0,0,0,0,0.000106,0,0,0,0,0,0,0,4.2e-05,0,0,0.000422,0,0,0,6.3e-05,0,0,0,2.1e-05,0,0,0,0,0,0.000232,0,0.000718,0,0,0,0,0,0,0.000127,0,0,4.2e-05,0,0,0,0,0,0,0,0,0,0,0,0,0,0,0,0,0,0,0,0,0,0,0,0,0,0,2.1e-05,0,0,0,0,0,0.00019,0,0,0,0,0,0,0,0.000803,0,0,0,0,0,0,0,0,0,0,0,4.2e-05,0,0,0,0,0,0,0,0,0,0,0,0,0,0,0,0,0,0,0,0,0,0,0,6.3e-05,0,0,4.2e-05,0,4.2e-05,0,0,0,0,0,0,0,0,0,0,0,0,0,0,0,0,0,0,0,0,0,0,0,0,0,0,0,0,0,0,0,0,0,0,0.000232,0,0,0,0,0,0,0.000211,0,0,0,0.000253,0,0,0,0,0,0,0,0,0,0,0,6.3e-05,0,0,0,0,0,0,0,0,0,0,4.2e-05,0,0,0,0,0,0,0,0,0.000148,0,0,0,0,4.2e-05,0,0,2.1e-05,0,0,0,0,0,0,0,0,6.3e-05,0,0,0,0,0,0,0,0,0,0,0,0,0,4.2e-05,0,0,0,0,0,0,0,0,0,0,0,0.000401,0,0,0,0,0,0,0,0,0,0,0,0,0,0.000127,0,2.1e-05,0,0,0,0,0,0,0,0,0,0,8.4e-05,4.2e-05,0,0,0,0,0,0,0,0,0,0,0,0,0,0,0,0,0,0,0,0,0,0,0,0,0,0,0,0,0,0,0.000127,0,0,0,0,4.2e-05,0.000634,0,0,0,0,0,0,0,0,0,0,0,0,0,0,0,0,0,0,0,0,0,0,0,0,0,0,0,6.3e-05,0,0,0,0,0,0,0,0,0,0,0,0,0,0,0,0,0,0,0,0,0,0,0,0,0,0,0,0,0,4.2e-05,0,0,0
D1501,0,0,0,0.044174,0,0,0,0,0,0,0,0,0,0,0.002325,0,0,0,0,0,0,0,0.250821,0,0,0,0,0,0,0,0,0,0,0,0.239469,0,0,0,0,0,0,0,0,0,0,0,0,0,0,0,0,0.003966,0,0,0,0,0,0,0,0,0,0,0.103528,0,0,0,0,0,0,0,0,0,0,0,0,0,0,0,0,0,0,0,0,0,0,0.022566,0,0,0,0,0,0,0,0,0,0,0,0,0,0,0,0,0,0,0,0,0,0,0,0,0,0.073578,0,0,0,0,0,0,0,0,0,0,0,0,0,0,0,0,0,0,0.013813,0,0,0,0.015728,0,0,0,0.027079,0,0,0,0,0,0,0,0,0,0,0,0,0,0,0,0,0,0,0,0,0,0,0,0,0,0,0,0,0,0,0,0,0,0,0,0,0,0.02872,0,0,0,0.058944,0,0,0,0,0.012992,0,0,0,0,0,0,0,0,0,0,0,0,0,0,0,0,0,0,0,0,0,0,0,0,0,0,0,0,0,0,0.010941,0,0,0,0,0,0,0,0,0,0,0,0,0,0,0,0,0,0,0,0,0,0,0,0,0,0,0,0,0,0,0,0,0,0,0,0,0,0,0,0,0.001778,0,0,0,0,0,0,0,0,0,0,0,0,0,0,0,0,0,0,0,0,0,0,0,0,0,0,0,0,0,0,0,0,0,0,0,0,0,0,0,0,0,0.001641,0,0,0,0.016685,0,0,0,0,0,0,0,0,0,0,0,0,0,0,0,0,0,0,0,0,0,0,0,0,0,0,0,0,0,0,0,0,0,0,0,0,0,0,0,0,0,0,0,0,0,0,0,0,0,0,0,0,0,0,0,0,0,0,0,0.000547,0,0,0,0,0,0,0,0,0,0,0,0,0,0,0,0,0,0,0,0,0,0,0.000684,0,0,0,0,0,0,0,0,0,0,0,0,0
D612,0,0,0.272634,0.036717,0.012673,0,0,0,0,0,0,0,0,0,0.002262,0,0,0,0.000155,0.000155,0.003687,0,0.001518,0.010566,0.004493,0,0.001952,0,0.126913,0,0.024323,0,0,0,0.002138,0,0,0,0.000155,0,0,6.2e-05,0.008986,0,0,0,0,0,0.000124,0.001549,0,0.008118,0.000248,0.008583,0,0,0,0,0,0,0,0,0.001611,0.003594,0.00409,0,0,0,0,0.000279,0.002386,0.001115,0,0,0,0,0,0.019025,0,0,0,0,0,0,0,0.001053,0,0,0,0,0,0.000527,0,0,0,0,0,0,0,0,0,0,0,0,0,0.041148,0,0,0,0,0,0.000713,0,0,0,0,0,0,0,0,0.004896,0,0,0,0,0,0,0,0.067671,0,0.003687,0,0,0,0.001487,0,0,0.050195,0.000496,0,0,0.006259,0.000465,0,0,0,0,0.006352,0,0,0,0,0,0,0,0,0,0,0,0,0,0,0.002479,0.087036,0.003191,0,0,0,0,0,0,0,0,0,0,0.000341,0.000279,0,0.002386,0,0.000403,0,0,0,9.3e-05,0.00127,0,0,0.001239,0,0,0,0.000248,0,0,0,0.001115,0,0,0,0,0,0.000248,0,0.005422,0.000744,0,0,0,0,0.007808,0,0,0,0.000465,0,0.000341,0,0,0,0,0,0,0.001177,0,0,0,0,0,0.000124,0,0,0,0.000403,0,0.002479,0,0,0,0,0.00031,0.000186,0,0.000651,0,0,0,0,0,0,0,0,0,0,0,0,0,0,0,0,0,0,0,0,0.003966,0,0.002944,0,0.000682,0,0,0,0,9.3e-05,0.00031,0,0,0,0,0,0,0,0,0,0,0,0.000465,0,0,0,0,0,0.000279,0,0,0,0.000186,0,0,0.000868,0,0.000217,0,0,0,0,0,0,0,0,0,0,0,0,0,0,0,0,0,0,0,0,0,0,0,0.006042,0,0.004059,0,0,0,0,0,0,0,0,0,0,0.000217,0,0,0,0,0,0,0.000713,0,0,0,0,0,0,0,0,0,0,0,0.000217,0,0,0,0,0,0.000434,0,0,0,0,0,0,0,0,0,0,0,0,0,0,0,0,0,0,0,0,0,0,0.002324,0,0.001766,0,0,0,0,0,0,0,0,0,0,0
D3293,0,0.001246,8.7e-05,0,0,0,0.002376,0,0,0,0,0,0,0,0,0,0,0,0.007243,0.006577,0,0,0,0,0,0,0,0,0,0,0,0.000493,0.00142,0,0,0,0.407516,0,0,0,0,0,0,0.013067,0,0,0,0,0,0,0,0,0,0,0,0,0,0,0,0,0,0.000203,0,0,0,0,0,0,0,0,0,0,0.083242,0,0.00368,0,0,0,0,0,0,0.085415,0,0.015849,0,0,0,0,0,0,0,0,0.003042,0,0,0,0,0,0.000435,0,0,0.000174,0,0,0,5.8e-05,0,0,0,0,0,0,0,0,0.002781,0,0,0,0,0,0,0,0,0,0,0,0,0,0,0,0,0,0,0.000348,0,0,0,0,0,0,0,0,0,0,0,0,0,0,0,0,0,0,0,0,0,0.00084,0,0,0,0,0,5.8e-05,0,0,0,0,0,0,0,0,0.051776,0,0,0,0.000406,0,0,0.002347,0,0,0,0,0,0,0,0,0,0,0.000261,0,0.230573,0,0,0,0,0,0,0,0,0,0.001246,0,0,0,0,0,0,0,0,0,0,0,0,0,0,0,0,0,0,0,0,0,0,0,0,0,0,0,0,0,0,0,0,0,0,0,0,0,0,0,0,0,0,0,0,0,0,0,0,0,0,0,0,0,0,0,0,0,0,0,0,0,0,0,0,0,0,0,5.8e-05,0,0,0,0,0,0,0,0,0,0,0,0,0,0,0,0,0,0,0,0,0,0,0,0,0,0,0,0,0,0,0,0,0,0,0,0.000145,0,0,0,0,0,0,0,0,0,0,0,0,0,0,0,0,0,0,0,0,0,0,0,0,0,0,0,0,0,0.000551,0,0,0,0,0,0,0,0,0,0,0,0,5.8e-05,0,0,0,0,0,0,0,0,0,0,0,0,0,0,0,0,0,0,0,0,0,0,0,0,0,0,0,0,0,0,0.000753,0,0,0,0,0,0,0,0,0.000377,0,0,8.7e-05,0,0,0,0,0,0,0,0,0
D2890,0,0,0,0,0,0,0,0.028064,0,0.006969,0,0.007675,0,0.029194,0,0,0,0.00113,0,0,0,0,0,0,0,0.042567,0,0,0,0,0,0,0,0.000235,0,0,0,0,0.017564,0,0,0,0,0,0,0,0.011066,0,0.000942,0,0,0,0,0,0,0,0,0,0,0,0,0,0,0,0,0,0,0,0.004615,0,0,0,0,0.001366,0,0,0.000141,0,0,0.025286,0.022084,0,0.019306,0,0.041437,0,0,0,0.01455,0,0,0.000753,0,0,0.016904,0,0.002449,0.000188,0,0,0,0,0,0,0.000659,0,0.058671,0,0,0,0,0,0,0,0,0,0,0,0,0,0,0,0.004944,0.000141,0,0,4.7e-05,0.000848,0,0,0,0,0.002166,0,0,0,0.006263,0,0,0,0,0,0,0,0,0,0,0,0,0.00113,0,0,0,0.009747,0.000283,0,0.009653,0,0,0,0,0,0,0,0,0,0,9.4e-05,0.005651,0.005368,0,0.004191,4.7e-05,0,0,0.000141,0,0,0,0,0,0.048124,0,0,0,0,0.003955,0.000283,0,0,0,0,0,0,0.000283,0,0,0.00259,0,0,0,0,0,0.000659,0,0,0.000188,0.007346,0,0,0,0,0,0,0,0,0,0,0,0,0,4.7e-05,0.011866,0,0,0,0,0,0,0,0,0.001742,0,0,0,0,0,0.033668,0,0,0,0,0,0.000188,0,0,0,0.000188,0,0,0,0,0.000141,0,0.000989,0.000141,0.000471,0,0,0,0,0,0.004144,0,0,0.000942,0,0,0.000471,0.017046,0.000471,0.002825,0.005792,0,0,0,0,0,0,0.004144,0,0,0,4.7e-05,0.007063,0.006168,0,0,0,0,0,0,0,0,0,0,0,0.004473,0,0,0,0,0,0,0,0,0,0,0.004191,0,0.001978,0,0,0,0,0,0,0,0,0,0.006216,0,0,0.00146,0,0,0,0,9.4e-05,0,0,0.001083,0,0,0,0,0,0.010595,0,0,0.003484,0,0,0.006168,9.4e-05,0,0,0,0,0,0.000377,0,0,0.000235,0,4.7e-05,0,0,0,0,0.000518,0,0.002449,0,0,0,0,0,0,0,0.014786,0,0,0,0,0,0,0,0,0,0.001083,0,0,0,0.000188,0,0,0,0,0.001507,0,0,0.018835,0,0,0,0,0,0,0
D3133,0.000252,0,0,0,0,0.211692,0,0,0,0,0,0,0,0,0,0,0,0,0,0,0,0,0,0,0,0,0,0,0,0,0,0,0,0,0,0,0,0,0,0,0,0,0.00042,0,0,0,0,0,0,0,0,0,0,0,0,0,0,0,0,0,0,0,0,0,0,0.039842,0,0,0,0,0,0,0,0,0,0,0,0,0.019627,0,0,0,0,0,0,0,0,0.045558,0,0,0,0,0,0,0,0,0,0,0,0,0,0,0,0,0,0,0,0.021224,0,0,0,0,0,0,0,0,0,0,0,0,0,0,0,0,0,0,0,0,0,0,0,0,0,0,0,0,0,0,0,0.02467,0,0,0,0,0,0.006346,0,0.014457,8.4e-05,0,0.016979,0,0,0,0,0,0,0,0,0,0,0,0,0,0,0,0,0,0,0,0,0,0,0,0,0,0,0,0,0,0,0,0,0,0,0,0,0,0,0,0,0,0.022275,0,0,0,0,0,0,0,0,0,0,0,0,0,0,0,0,0,0,0,0,0,0,0,0,0,0,0,0,0,0,0,0,0,0,0.047659,0,0,0,0,0,0,0,0,0,0,0,0,0.020551,0,0.000168,0,0,0.003488,0,0,0.015256,0.021938,0,0,0,0,0,0,0,0,0,0,0.00353,0,0,0,0,0,0,0,0,0,0,0,0,0,0,0.033454,0,0,0,0,0.00538,0,0.003362,0,0,0,0,0,0,0,0,0,0,0,0,0,0,0,0,0,0,0,0,0,0,0,0,0,0,0,0,0,0,0,0,0.000546,0,0,0,0,0,0,0,0,0,0,0,0,0,0,0,0,0,0.005884,0,0,0,0,0,0,0,0,0,0,0,0,0,0,0,0,0,0,0,0,0,0,0,0,0,0,0,0,0,0,0,0,0,0,0,0,0,0,0,0,0,0,0.023199,0,0,0,0,0,0,0,0,0,0,0,0,0,0,0,0,0,0,0,0,0.031815,0,0
D1163,0,0,0,0,0,0,0.024504,0,0,0,0,0,0,0,0,0,0,0,0.329658,0,0,0,0,0,0,0,0,0,0,0,0,8.2e-05,8.2e-05,0,0,0,0,0,0,0.275055,0,0,0,0.096586,0,0,0,0,0,0,0,0,0,0,0,0,0,0,0,0,0,8.2e-05,0,0,0,0,0.147227,0,0,0,0,0,0.030793,0,0,0,0,0,0,0,0,0,0,0.010823,0,0,0,0,0,0,0,0,0,0,0,0,0,0,0,0,0,0.000245,0,0,0,0,0,0,0.034019,0,0,0,0,0,0,0,0,0,0,0,0,0,0,0,0,0,0,0,0,0,0,0,0,0,0,0,0,0,0,0,0,0,0,0,0,0,0,0,0,0,0,0,0,0,0,0,0,0,0,0,0,0.000245,0,0,0,0,0.000163,0,0,0,0.000531,0,0,0,0,0,0,0.007351,0,0,0,0,0,0,0,0,0,0,0,0,0.000123,0,0,0,0,0,0,0,0,0,0,0,0,0,0,0,0,0,0,0,0,0,0,0,0,0,0,0,0,0,0,0,0,0,0,0,0,0,0,0,0,0,0,0,0,0,0,0,0,0.001552,0,0,0,0,0,0,0,0,0,0,0,0,0,0,0,0,0,0,0,0,0,0,0,8.2e-05,0,0,0,0,0,0,0,0,0,0,0,0,0,0,0,0,0,0,0,0,0,0,0,0,0,0,0,0,0,0,0,0,0,0,0,0,0,0,0,0,0.03549,0,0,0,0,0,0,0,0,0,0,0,0,0,0,0,0,0,0,0,0,0,0,0,0,0,0,0,0,0,8.2e-05,0,0,0,0,0,0,0,0,0,0,0,0,0.000245,0,8.2e-05,0,0,0,0,0,0,0,0,0,0,0,0,0,0,0,0,0,0,0,0,0,0,0,0,0,0,0,0,0,0,0,0,0,0,0,0,0,0,0,0,0,0,0,0,0,0,0,0,0,0
D705,0,0.011331,0,0,0,0,0.020428,0,0,0,0,0,0,0,0,0,0,0,0.090315,8.3e-05,0,0,0,0,0,0,0,0,0,0,0,0.684393,0.005293,0,0,0,0.000414,0,0,0.041436,0,0,0,0,0,0,0,0,0,0,0,0,0,0,0,0,0,0,0,0,0,0.001323,0,0,0,0,0.003887,0,0,0,0,0,0,0,0,0,0,0,0,0,0,0.003474,0,0.004714,0,0,0,0,0,0,0,0,0.005293,0,0,0,0,0,0,0,0,0.000331,0,0,0,0,0,0,0.042511,0,0,0,0,0,0.022496,0,0.000248,0,0,0.001158,0,0,0,0,0,0,0,0,0,0,0,0,0,0.001075,0,0,0,0,0,0,0,0,0,0,0,0,0,0,0,0,0,0,0,0,0,0.00306,0,0,0,0,0,0.00885,0,0,0,0.000414,0.000662,0,0,0,8.3e-05,0,0,0,0.00521,0,0,0.002398,0,0.000331,0,0,0,0,0,0,0,0,0,0,0.000248,0,0,0,0,0,0,0,0,0,0.002481,0,0,0,0,0,0,0,0,0,0,0,0,0,0,0,0,0,0.000165,0,0,0,0,0,8.3e-05,0,0,0,0,0,0,0,0,0,0,0,0,0,0,0.000165,0,0,0,0,0,0,0,0,0,0,0,0,0,0,0,0,0,0,0,0,0,0,0,0.002729,0,0,0,0,0,0,0,0,0,0,0,0,0,0,0,0,0,0,0,0,0,0,0,0,0,0,0,0,0,0,0,0,0,0,0,0,0,0,0,0,0.001571,0,0,0,0,0,0,0,0,0,0,0,0,0,0,0,0,0,0,0,0,0,0,0,0,0,0,0,0,0,0.000165,0.000744,0,0,0,0,0,0,0,0,0,0,0,0.000248,0,0.001158,0,0,0,0,0,0,0,0,0,0,0,0,0,0,0,0,0,0,0,0,0,0,0,0,0,0,0,0,8.3e-05,0,0,0,0,0,0,0,0,0,0,0,0.000165,0,0,0,0,0,0,0,0,0
D4556,0,0,0,0.102115,0,0,0,0,0,0,0,0,0,0,0.369854,0,0,0,0,0,0,0,0.130288,0,0,0,0,0,0,0,0,0,0,0,0.049137,0,0,0,0,0,0,0,0,0,0,0,0,0,0,0,0,0,0,0,0,0,0,0,0,0,0,0,0.097372,0,0,0,0,0,0,0,0,0,0,0,0,0,0,0,0,0,0,0,0,0,0,0.013612,0,0,0,0,0,0,0,0,0,0,0,0,0,0,0,0,0,0,0,0,0,0,0,0,0,0.006024,0,0,0,0,0,0,0,0,0,0,0,0,0,0,0,0,0,0,0.002798,0,0,0,0.069721,0,0,0,0.019825,0,0,0,0,0,0,0,0,0,0,0,0,0,0,0,0,0,0,0,0,0,0,0,0,0,0,0,0,0,0,0,0,0,0,0,0,0,0.013328,0,0,0,0.0166,0,0,0,0,0.011004,0,0,0,0,0,0,0,0,0,0,0,0,0,0,0,0,0,0,0,0,0,0,0,0,0,0,0,0,0,0,0,0,0,0,0,0,0,0,0,0,0,0,0,0,0,0,0,0,0,0,0,0,0,0,0,0,0,0,0,0,0,0,0,0,0,0,0,0,0,0,0,0.019731,0,0,0,0,0,0,0,0,0.009581,0,0,0,0,0,0,0,0,0,0,0,0,0,0,0,0,0,0,0,0,0,0,0,0,0,0,0,0,0,0,0,0,0.001613,0,0,0,0.008917,0,0,0,0,0,0,0,0,0,0,0,0,0,0,0,0,0,0,0,0,0,0,0,0,0,0,0,0,0,0,0,0,0,0,0,0,0,0,0,0,0,0,0,0,0,0,0,0,0,0,0,0,0,0,0,0,0,0,0,0,0,0,0,0,0,0,0,0,0,0,0,0,0,0,0,0,0,0,0,0,0,0,0.006071,0,0,0,0,0,0,0,0,0,0,0,0,0.000759
D265,0.002355,0,0,0,0.001609,0,0,0,0,0,0,0,0,0.017465,0,0,0,0,0,0,0,7.8e-05,0,0,0,0,0,0,0,0,0,0,0,0.027904,0,0,0,0,0,0,0.003925,0,0,0,0,0,3.9e-05,0,0.000196,0,0,0,0.000589,0,0,0,0,0,0,0,0,0,0,0.004474,0,0,0,0.000746,0,0,0,0,0,0.014246,0,0,0,0,0,0,0,0,7.8e-05,0,0,0,0,0,0,0,0,0,0,0,0,0,0,0,0,0,0,0,0,0,0.012127,0,0,0,0,0,0,0,0,0,0,0,0,0,0,0,0,0,0,0,0,0.001413,0.003414,0,0,0.000157,0,0,0,0,0,0,0,0,0,0,0.00416,0,0,0,0,0,0,0.000157,0,0.008438,0,0,0,0,0,0,0,0,0,0,0.000157,0,0,0,0,0,0,0.000118,0,0,0,0,3.9e-05,0.000353,0,0.005141,0,0,0,0,0,7.8e-05,0,0.005181,0,0,0,0,3.9e-05,0,0,0,0,0,0,0,0.114403,0.006162,0.000235,0.000942,0,0,0,0,0,0,0,0,0,0,0,3.9e-05,0,0,0,0,0,0,0,0,0,0,7.8e-05,0,0,0,0.000118,0,0,0,0,0,0,0,0,0,0,0,0,0,0,0,3.9e-05,0,0,0,0.000235,0,0,0,0,0,0.000471,0,0.007614,0.000118,0,0,0,0,0,0.000235,0.000353,0,0,0.003179,0,0,0,0,0.001099,0,0.001334,0.000353,0,0,0,0.000432,0,0,0,0,0,0,0,0,0,0.00051,0,0,0.000706,0.000549,0,0,0,0,0,0,0.000275,0,0,0,0,0,0,0.000863,0,0.039443,0,0,0,0.000353,0.000824,0.015542,0,0,0.000118,0.000275,0,0,0.000275,0,0,0,0,0,0,0,0.000118,0,0,0,0,0,0,0,0,0.001099,0,0.017975,0,0,0,0,0,0,0.000549,0,0,0,0,0,0.010283,0,0,0.000118,0.001805,0,0,0,0,0,0,0,0,0,0,0,0.002786,0,0,0,0,0.000118,0,0,0,0,0,0,0,0,0,0,0,0,0,0,0,0.012009,0,0,0,0,0,0.000314,0,0,0,0
D3308,0,0,0,0,0,0,0,0,0,0.006678,0.000477,0,0,0.007367,0,0,0,0,0,0,0,0.000795,0,0,0,0,0,0.000265,0,0.017489,0,0,0,0.00053,0,0,0,0,0.001643,0,0.003074,0,0,0,0,0,0,0,0.001484,0,0,0,0.000159,5.3e-05,0,0,0.000689,0,0,0,0,0,0,0,0,0,0,0,0,0,0,0,0,0.011076,0,0,0.003498,0,0,0,0,0,0,0,0,0,0.000106,0,0,0,0,0,0,0,0,0.005406,0,0.011553,0,0,0,0,0,0,0,0,0,0,0,0,0.000848,0,0,0,0,0,0,0,0,0,0,0,0.001113,0,0,0,0.001166,0.004134,0,0,0,0,0,0,0,0,0.000583,0,0,0,0.003657,0,0,0,0.000159,0,0,0,0,0.013355,0,0,0,0,0,0,0.001537,0,0,0,0.000318,0,0,0,0,0,0,0,0,0.000106,0,0,0,0.000159,0,0.003339,0,0,0,0,0,0,0,0,0,0,0,0.019344,0,0,0,5.3e-05,0,0,0.005618,0,0,0.028989,0.000106,0.002597,0,0,0,0,0,0,0.031692,0,0,0,0,0,0,0,0,0,0,0,0,0,0,0.001749,0,0,0,0,5.3e-05,0,0.003339,0,0.004982,0,0,0,0,0,0,0,0,0,0,0,0,0,0,0,0.002703,0.01786,0,0,0,0,0.001749,0,0.000636,0.002014,0,0,0,0,0,0,0.000106,0,0,0,0,0,0.002491,0,0.000106,0.000318,0.00477,0,0,0,0.00053,0,0,0,0,0.001219,0,0,0,0,0.000742,0,0,0,0,0,0.001643,0,0,0,0,0,0.000901,0,0,0,0,0,0,0,0.00991,0.000265,0,0,0,0.000159,0.000583,0.000106,0,0,0,0,0,0.006095,0,0,0,0,0,0,0,0,0.00265,0,0,0.005989,0,0,0,0,0,0.000106,0,0,0,0.002385,0,0,0.00159,0,0,0,0,0,0,0.00212,0.002226,0.000265,0,0,0,0,0,0,0,0,0,0,0,0,0.003127,0,0.000106,0,0,0,0,0,0,0,0,0,0,0.000106,0,0,0,0,0.016217,0,0,0,0,0,0,0.000106,0,0,0,0,0,0,0,0
D3962,0.008064,0,0,0,0.002509,0,0,0,0.014344,0,0.736534,0,0,0,0.000129,0,0,0,0,0,0.000437,0,0,0,7.9e-05,0,0.004968,0,1.4e-05,0,0,0,0,0.002509,0,0,0,0.001161,0,0,0,0,0.012702,0,0.01843,0.000738,0,0,3.6e-05,0,0,0,0.001448,0.001513,0,0,0,0,0.004889,0.000294,0.006545,0,0,0,0.005183,0,0,0,0,0.000222,0.00557,0,0,0,0.000337,0,0,2.9e-05,0,0,0,0,0,0,0,0,0,0,0,0,0.000882,0,0,0,0,0,0,0.001262,0,0,0,0,0,0.001176,0,0,0,0,0,0,0,0.000409,0.000172,0,0,0,0,0.000803,0,0,0,0,0,0.001993,0,0,0.000208,0.000688,0,0,2.9e-05,0,0,0,0,0,0,0.000143,2.9e-05,0,9.3e-05,0,0.000136,0,1.4e-05,0.000115,0,0.000165,0,0,0,0,0,0,0,0,0,0,0,0,1.4e-05,0,0,0.000459,0.000344,0,0,0,0,0,0,0,0,0,0,6.5e-05,0.000158,0,0,0,0,0,0,0,0.007835,0,1.4e-05,0.001061,0,0,0,0,0,0,0.006358,0,0,0,0.000301,0,0,0.004337,5e-05,0,0,0,0,0,0,0.000602,0,0,0.027111,0,0,0,0,0,0,0.000609,0,0,0,0,0,0,0,0,0,0,0,0,0,0,0,0,0,0,0.000588,0,0,0,0,0.000122,0,0,0,1e-04,0,0,0,0,0,0,5.7e-05,0,0,0,0,3.6e-05,0,0,0,0,0,0,0,0,0.003505,0,0,0,0,0.004014,0,0,0,0,0,0,0,0,0,0,0,0,0.000129,6.5e-05,0,0,0,0.000222,0,0,0,0,0.000452,0,0,0,0.003448,0.000115,0.000409,0,0,0,0,0,0,0,0,0,0,0,0,0,0,0,0,0,0,0,0,0,0,0,0,0,0,0,0,0,0,0,0,0,0,9.3e-05,0.00028,0,0,0,0,0,0,0,0,0,0,0,0,0,0.000108,0,0,0,2.2e-05,0,0,0,0,0,0,0,0,0,0,0,0,0,0,0,0,0,0,0,0,0,0,0,0,0,0,0,3.6e-05,0,0,0.000781,0,0,0,0,0,0,0,0,0.000839,0,0,0
D4665,0,0,0,0.089251,0,0,0,0,0,0,0,0,0,0,0.299334,0,0,0,0,0,0,0,0.187022,0,0,0,0,0,0,0,0,0,0,0,0.037671,0,0,0,0,0,0,0,0,0,0,0,0,0,0,0,0,0.010116,0,0,0,0,0,0,0,0,0,0,0.107188,0,0,0,0,0,0,0,0,0,0,0,0,0,0,0,0,0,0,0,0,0,0,0.03777,0,0,0,0,0,0,0,0,0,0,0,0,0,0,0,0,0,0,0,0,0,0,0,0,0,0.008885,0,0,0,0,0,0,0,0,0,0,0,0,0,0,0,0,0,0,0.007521,0,0,0,0.027155,0,0,0,0.021265,0,0,0,0,0,0,0,0,0,0,0,0,0,0,0,0,0,0,0,0,0,0,0,0,0,0,0,0,0,0,0,0,0,0,0,0,0,0.030349,0,0,0,0.008153,0,0,0,0,0.014709,0,0,0,0,0,0,0,0,0,0,0,0,0,0,0,0,0,0,0,0,0,0,0,0,0,0,0,0,0,0,0,0,0,0,0,0,0,0,0,0,0,0,0,0,0,0,0,0,0,0,0,0,0,0,0,0,0,0,0,0,0,0,0,0,0,0,0,0,0,0,0,0.009118,0,0,0,0,0,0,0,0,0.002329,0,0,0,0,0,0,0,0,0,0,0,0,0,0,0,0,0,0,0,0,0,0,0,0,0,0,0,0,0,0,0,0,0.007987,0,0,0,0.018236,0,0,0,0,0,0,0,0,0,0,0,0,0,0,0,0,0,0,0,0,0,0,0,0,0,0,0,0,0,0,0,0,0,0,0,0,0,0,0,0,0,0,0,0,0,0,0,0,0,0,0,0,0,0,0,0,0,0,0,0,0,0,0,0,0,0,0,0,0,0,0,0,0,0,0,0,0,0,0,0,0,0,0.002463,0,0,0,0,0,0,0,0,0,0,0,0,0.000799
D4176,0,0,0,0,0.008292,0,0,0,0,0,0,0,2.2e-05,0,0,0,0,0,0,0,0,0,0,0.085582,0,0,0,0,0,0,0,0,0,0,0,0,0,0,0,0,0,0.009634,0,0,8.8e-05,0.116859,0,0,0,0,0,0,2.2e-05,0.150093,0,0,0,0,0.009062,0,0,0,0,0,0,0,0,0,0,0,0,0,0,0,0,0.071967,0,0,0,0,0,0,0,0,0,0,0,0,0,0,0,0,0,0,0,0,0,0,0,0,0,0,0,0,0,0,0,0,0,0,0,0,0.00022,0,0,0,0,0,0,0,0.003607,0,0,0.455889,0,0,0,0,0,0,0,0,0,0,0,0,0,0,0,0,0,0,0.000242,0,0,0,0,0,0,0,0,0,0,0,0,0,0,0,0,0,0,0,0,0,0,0,0,0,0,0,0,0,0,0,0,0,0,0,0,0,0,0,0,0,0,0,0,0,0,0,0,0,0,0,0,0,0,0,0,0,0,0,0,0,0,0,0,0,0,0,0,0,0,0,0,0,0,0,0,0,0,0,0,0,0,0,0,0,0,0,0,0,0,0,0,0,0,0,0,0,0,0,0,0,0,0,0,0,0,0,0,0,0,0,0,0,0,0,0,0,0,0,0,0,0,0,0,0,0,0,0,0,0,0,0,0,0,0,0,0,0,0,0,0,0,0,0,6.6e-05,0,0,0,0,0,0,0,0,0,0,0,0,4.4e-05,0,0,0,0,0,0,0,0,0,0,0,0,0,0,0,0,0,0,0,0,0,0,0,0,0,0,0,0,0,0,0,6.6e-05,0,0,0,0,0,0,0,0,0,0,0,0,0.000286,0,0,0,0,0,0,0,0,0,0,0,0,0,0,0,0,0,0,0,0,0,0,0,0,0,0,0,0,0,0,0,0,0,0,0,0,0,0,0,0,0,0,0,0,0,0,0,0,0,0,0,0,0,0
D4560,0.001658,0,0,0,0,0.221508,0,0,0,0,0,0,0,0,0,0,0,0,0,0,0,0,0,0,0.002694,0,0,0,0,0,0.003419,0,0,0,0,0,0,0,0,0,0,0.000518,0,0,0,0.001036,0,0,0,0,0,0,0,0.00891,0,0,0,0,0,0,0,0,0,0,0,0.056569,0,0,0,0,0,0,0,0,0,0,0,0,0.022586,0,0,0,0,0,0,0,0,0.008392,0,0,0,0,0,0,0,0,0,0,0,0.002383,0,0,0,0,0,0,0,0.027145,0,0.000518,0,0,0,0,0,0,0,0,0,0,0,0,0,0,0.000104,0,0,0,0,0,0,0,0,0,0,0,0,0,0,0.088686,0,0,0,0,0,0,0,0,0,0,0.016473,0,0,0,0,0,0,0,0,0,0,0,0,0,0,0,0,0,0,0,0,0,0,0,0,0,0,0,0,0,0,0,0,0,0,0,0,0,0,0,0,0,0,0,0,0,0,0,0,0,0,0,0,0,0,0,0,0,0,0,0,0,0,0,0,0,0,0,0,0,0,0,0,0,0,0,0,0,0,0,0,0,0,0,0,0,0,0,0,0,0.003937,0,0,0,0,0.02041,0,0,0.000414,0.027663,0,0,0,0,0,0,0,0,0,0,0.007563,0,0,0,0,0,0,0,0,0,0,0,0,0,0,0,0,0,0,0,0.004351,0,0.005802,0,0,0,0,0,0,0,0,0,0,0,0,0,0,0,0,0,0,0,0,0,0,0,0,0,0,0,0,0,0,0,0,0.00114,0,0,0,0,0,0,0,0,0,0,0,0,0,0,0,0,0,0,0,0,0,0,0,0,0,0,0,0,0,0,0,0,0,0,0,0,0,0,0.002487,0,0,0,0,0,0,0,0,0,0,0,0,0,0,0,0,0,0,0,0,0,0.000207,0,0,0,0,0,0,0,0,0,0,0,0,0,0,0,0,0,0,0,0,0,0,0
D2744,0.01408,0,0,0,0.000175,0.154001,0,0,0,0,0,0,0.001224,0,0,0,0,0,0,0,0,0.000262,0,0,0,0,0,0,0,0,0.010931,0,0,0,0,0,0,0,0,0,0,0.000262,0,0,0.008308,0,0,0,0.000262,0,0,0,0,0.00035,0,0,0,0,0.007608,0,0,0,0,0,0,0.020988,0,0,0,0,0,0,0,0,0,0,0,0,0.031482,0,0,0,0,0,0,0,0,0.084303,0,0,0,0,0,0,0,0,0,0,0,0.001487,0,0,0,0,0,0,0,0.02265,0,0.000875,0,0,0,0,0,0,0,0,0,0,0,0,0,0,8.7e-05,0,0,0,0,0,0,0,0,0,0,0,0,0,0,0.018277,0,0,0.00962,0,0,0,0,0.000437,0.001574,0,0.034018,0,0,0,0,0,0,0,0,0,0.007871,0,0,0,0,0,0,0,0,0,0,0,0,0,0,0,0,0,0,0,0,0,0,0,0,0,0,0.00035,0,0,0,0,0.002099,0,0.001137,0,0.00035,0,0.000525,0,0,0,0,0,0,0,0,0,0.001224,0,0,0,0,0,0,0,0,0,0,0,0,0,0,0,0,0,0,0.003935,0,0.000175,0,0,0,0,0,0,0,0,0,0,0.009095,0,0,0.000175,0,0.030083,0,0,0.001399,0.027984,0.000175,0,0,0,0,0,0,0,0,0,0.029121,0.000175,0,0,0,0,0,0,0,0,0,0,0,0,0,0,0,0,0,0,0.00376,0,0.012593,0,0,0,0,0,0,0,0,0,0,0,0,0,0.000175,0,0,0,0,0,0,0,0,0,0,0,0,0,0,0,0,0,0,0.002624,0,0,0,0,0,0,0,0,0,0,0,0,0,0,0,0,0,0.019502,0,0,0,7e-04,0,0,0,0,0,0,0,0.00035,0,0,0,0,0,0,0,0,0.000525,0,0,0,0,0,0,0,0,0,0.00035,0,0,0,0,0,0,0,0,0,0.000612,0,0.001924,0,0,0,0,0,0,0,0,0,0,0,0,0,0,0,0,0,0.000175,0,0,0,0,0
D859,0.04371,0,0,0,0,0,0,0,0,0,0.223195,0,0,0,0,0,0,0,0,0,0,0,0,0,0,0,0,0,0,0,0,0,0,0,0,0,0,0,0,0,0,0,0,0,0,0.086918,0,0,0,0,0,0,0,0,0,0,0,0,0.000364,0,0,0,0,0.060378,0,0,0,0,0,0,0,0,0,0,0,0,0,0,0,0,0,0,0,0,0,0,0,0,0,0,0,0,0,0,0,0,0,0,0,0,0,0,0,0.000168,0,0,0,0,0,0,0,0,0.011662,0,0,0,0,0,0,0,0.000112,0,0,0,0,0,0,0,0,0,0,0,0,0,0,0,0,0,0,0,0,0,0,0,0,0,0,0,0,0,0,0,0.244952,0,0,0,0,0,0,0,0,0,0,0,0,0,0,0,0,0,0,0,0,0,0,0,0,0,0,0,0,0,0,0,0,0,0,0,0,0,0,0,0,0,0,0,0,0,0,0,0,0,0,0,0,0,0,0,0,0,5.6e-05,0,0,0,0,0,0,0,0,0,0,0,0,0,0,0.155182,0,0,0,0,0,0,0,0,0,0,0,0,0,0,0,0,0,0,0,0,0,0,0,0,0,0,0,0,0,0,0,0,0,0,0,0.033,0,0,0,0,0,0,0,0,0,0,0,0,0,0,0,0,0,0,0,0,0,0,0,0,0,0,0,0,0,0,0,0,0,0,0,0,0,0,0,0,0,0,0,0,0,0,0,0,0,0,0,0,0,0,0,0,0,0,0,0,0,0,0,0,0,0,0,0,0,0,0.103837,0,0,0,0,0,0,0,0,0,0,0,0,0,0,0,0,0,0,0,0,0,0,0,0,0,0,0,0,0,0,0,0,0,0,0,0,0,0,0,0,0,0,0,0,0,0,0,0,0,0,0,0,0,0,0,0,0,0,0,0,0,0,0,0,0,0,0
D1241,0,0,0.000267,0,0.012083,0,0,0.001359,0,0.138029,0,0.018997,0,0.070361,0,0,0,0,0,0,0.000461,0.002717,0,0,0,0.00051,2.4e-05,0,0,0,0,0,0,7.3e-05,0,0,0,0,0.00444,0,0.000412,0,0,0,0,7.3e-05,0.001965,0,0.02977,0,0,0,0,0.003809,0,0,0.014946,0,7.3e-05,0,0,0,0,0,0,0,0,0.000849,0.002135,0,0,0,0,0.000267,0,0.089747,0.000582,0,0,0,0,0,0.001747,0,0,0,0.00017,0,0,0.000364,0,0.000607,0,0,0.001165,0,0,0.000291,0,0,0,0,0,0,0,0,0.000315,0,0,0,0.000412,0,0,0,0,0,0,0,0.000121,0,2.4e-05,4.9e-05,0,9.7e-05,0,0,0.006915,0.264703,0,0,0,0,0,0,0,0,0,0,0,0,0.001068,0,0,0,0,0,0,0,0,0,0,0,0,0.00148,0,0,0,0,0,0,0.020356,0,0,0,0,0,0,0,0,0,0,0,0,0,0,0.000218,0,0,0.000558,0,0,0.000315,0,0,0,0,0,0.002645,0,0,0,0,0,0,0.003833,0,0,0.029479,9.7e-05,4.9e-05,0,0,0,0,0,0,7.3e-05,4.9e-05,0,0,0,0,0,0,0,0,0,0,0,0,0,0,0,0.00017,0,0,0,0,2.4e-05,0.005726,0,0,0,0,0,0,0,0.000146,0,0,0,0,0,9.7e-05,0,0,9.7e-05,0.000922,0,0,0,0,0.000243,0,0.000388,0,0,0,0,0,0,0,2.4e-05,0,0,0,0,0,0.000946,0,0.000146,0.00017,9.7e-05,0,0,0,0,4.9e-05,0,7.3e-05,0,0,0,0,0.000752,0.000194,4.9e-05,0,0,0,0,0,9.7e-05,0,0,0,7.3e-05,0,0.000776,0,0,0,0,0,0,0,0.000315,0,0,0,0,0,0,0.00034,0,0,0,0,0,0.002451,0,0,0,0.000655,0,0,0,0,4.9e-05,0,0,0,0,0,0,0,0,0.006939,0,0,2.4e-05,0,0,0.000121,0.003251,0,0,0,0,0,0.000121,7.3e-05,0.000218,0,0,0.000849,0,0,0,0,0.00034,0,0,0,0.027659,0,0.000146,0,7.3e-05,0,0,0,0,0,0,0.000146,0,0,0,0,0.000243,0,0,0,0.000801,0,0,0,0,0,0,0,0,0,0,0,0,0,2.4e-05,0
D727,0.005038,0,0,0,0,0,0,0,0,0,0.001832,0,0,0,0,0,0.015115,0,0,0,0.000229,0.003779,0,0.003092,0,0,0.001031,0,0,0,0,0,0,0.362533,0,0,0,0,0,0,0.026795,0,0,0,0,0,0,0,0.001718,0,0,0,0,0,0,0,0,0,0,0,0,0,0,0.00813,0,0,0,0,0,0,0.027482,0,0,0.010993,0,0,0,0,0,0,0,0,0,0,0,0,0,0,0,0.000115,0,0,0,0,0,0.021642,0,0.000344,0,0,0,0,0,0,0.00229,0,0,0,0,0,0,0,0.01523,0,0,0,0,0,0,0,0.002977,0,0,0,0,0,0,0,0,0,0,0,0,0,0,0,0,0,0,0,0,0,0,0,0,0,0.036299,0,0,0,0,0,0,0,0,0,0,0,0,0,0,0,0,0,0,0,0,0,0,0,0,0,0,0.000115,0,0.002634,0,0,0,0,0,0,0,0.031948,0,0,0,0,0.000344,0.001145,0,0,0,0.000229,0,0,0,0,0.003435,0.000229,0,0,0.001031,0,0,0,0,0,0,0,0,0.000229,0.000229,0,0,0,0,0.001031,0,0,0.007329,0.000229,0,0,0,0,0,0,0.000344,0,0.002061,0,0.001947,0,0,0,0,0,0,0,0,0,0,0,0.000344,0,0,0.000573,0,0,0,0,0,0,0.001947,0,0,0,0.000916,0,0,0,0,0,0,0,0,0,0,0,0,0,0,0.011336,0,0,0.001374,0,0,0,0,0,0,0.000229,0,0,0,0,0,0,0,0,0,0,0,0,0.000458,0,0,0,0,0,0.000916,0,0,0,0,0,0,0,0,0.000229,0,0,0,0,0.000344,0,0.000229,0,0,0,0.001489,0,0,0,0,0,0,0,0.002863,0,0,0,0,0,0,0,0,0.001603,0,0,0,0,0,0.000573,0,0,0,0,0.001832,0,0.000687,0,0,0,0,0,0,0,0,0.000229,0,0,0,0,0,0,0.000229,0,0,0.000344,0.016489,0,0,0.000229,0,0.001489,0,0.002519,0,0,0,0,0,0.000115,0,0,0,0.001947,0,0,0,0,0,0,0,0,0,0
D795,0,0,0,0,0,0,0,0.022523,0,0,0,0.003572,0,0.013579,0,0,0,0.003163,0,0,0,0,0,0,0,0.047528,0,0,0,0,0,0,0,0,0,0,0,0,0.002481,0,0,0,0,0,0,0,0.011834,0,0,0,0,0,0,0,0,0,0,0,0,0,0,0,0,0,0,0,0,0,0.009462,0,0,0,0,0,0,0.004908,0,0,0,0.009298,0.026777,0,0.022605,0,0.018979,0,5.5e-05,0,0.00529,0,0,0.007117,0,0,0.028059,0,0,0,0,0,0,0,0,0,0,0,0.019715,0,0,0,0,0,0,0,0,0,0,0,0.000954,0,0,0,0,0,0,0,0.000136,0,0,0,0,0,0.000273,0,0,0,0.017642,0,0,0,0,0,0,0,0,0,0,0,0,0,0,0,0,0.006326,0.000682,0,0.003518,0,0,0,0,0,0,0,0,0,0,0.002836,8.2e-05,0.004526,0,0,0,0,0,0,0,0,0,0,0,0.066207,0,0,0,0,0,3e-04,0,0,0,0,0,0,0.000136,0,0,0.000682,0,0,0,0,0,0.001363,0,0,0,5.5e-05,0,0,0,0,0,0,0,0,0,0,0,0,0,0,0.001363,0,0,0,0,0,0,0,0,0.000518,0,0,0,0,0,0.002836,0,0,0,0,0,0.000164,0,0,0,0.000136,0,0,0,0,0,0.001991,0.001609,0,5.5e-05,0,0,0,0,0,0.001991,0,0,0,0,0,2.7e-05,0.004308,0,0.001745,0.012789,0,0,0,0,0,0,0,0,0,0,0,0.001363,0.000354,0,0,0,0,0,0,0,0,0,0.004608,0,0.007062,0.000354,0,0,0,0,0,0,0,0,0,0.03444,0,0,0,0.000518,0.000354,0,0,0,0,0,0,0.06667,0,0,0.00818,0,0,0.000164,0,5.5e-05,0,0,0,0,0,0,0,0,0,0,0,0,0,0,0.009898,0.000464,0,0,0,0,0,0,0,0,5.5e-05,0,0,0,0,0,0.002509,0,0,0.000654,0,0,0,2.7e-05,0,0,0,0.010498,0,0,0.059826,0,6e-04,0,0,0,0,0.000654,0,0,0,0.008508,0,0,0,0,0.005154,0,0,0.008289,0,0,0,0,0,0.003218,0
D755,0.11032,0.032028,0,0,0,0,0,0,0,0,0,0,0,0,0,0,0,0.049822,0,0,0,0,0,0,0,0,0,0,0,0.181495,0,0,0,0,0,0,0,0,0,0,0,0,0,0,0,0,0,0,0,0,0,0,0,0,0,0,0,0,0,0,0,0,0,0,0,0,0,0,0,0,0,0,0,0,0,0,0,0,0,0,0,0,0,0,0,0,0,0,0,0,0,0,0,0,0,0,0,0,0,0,0,0,0,0,0,0,0,0,0,0,0,0,0,0,0,0,0,0,0,0.003559,0,0,0,0,0,0,0,0,0,0,0,0.174377,0,0.014235,0,0,0,0,0,0,0.02847,0,0,0,0,0,0,0.021352,0,0,0,0,0.007117,0,0,0,0,0,0,0,0,0,0,0,0,0,0,0,0,0,0,0,0,0,0.088968,0,0,0,0,0,0,0,0,0,0,0,0,0,0,0,0,0,0,0,0,0,0,0,0,0,0.007117,0,0,0,0,0,0,0,0,0,0,0,0,0,0,0,0,0,0,0,0,0.007117,0,0,0,0,0,0,0,0,0,0,0,0,0,0,0,0,0,0,0,0,0,0,0,0,0,0,0,0,0,0,0,0,0,0,0,0,0,0,0,0,0,0.007117,0,0,0,0,0,0,0,0,0,0,0,0,0,0,0,0,0,0,0,0,0,0,0,0,0,0,0,0,0,0,0,0,0,0,0,0,0,0,0,0,0,0,0,0,0,0,0,0,0,0,0,0,0,0,0,0,0,0,0,0,0,0,0,0,0,0,0,0,0,0,0,0,0,0,0,0,0,0,0,0,0,0,0.014235,0,0,0,0,0,0,0,0,0,0,0,0,0,0,0,0,0,0,0,0,0,0,0,0,0,0,0,0,0,0,0,0.007117,0,0,0,0.092527,0,0,0,0,0,0,0,0.024911,0,0,0,0,0,0,0,0,0
D2931,0.002379,0,0,0,0.000379,0,0,0,0,0,0,0,0,0.000276,0,0,0.08791,0,0,0,0,0.000517,0,0,0,0,0,0,0,3.4e-05,0,0,0,0.000207,0,0,0,0,0,0,0.020409,0,0,0,0,0,0,0,0.000172,0,0,0,0,3.4e-05,0,0,0,0,0,0,0,0,0,0.000827,0,0,0,0.002137,0,0,0,0,0,0.019719,0,0.000103,0.018789,0,0,0,0,0,0,0,0,0,0,0,0,0,0,0,0,0,0,0.004309,0,3.4e-05,0,0,0,0,0,0,0.000207,0,0,0,0,0,0,0,0,0,0,0,0,0,0,0,0,0.000138,0,0,0,0.001689,0,0,0,0.009515,0,0,0,0,0,0,0.015824,0,0,0,0,0,0,0,0,0,0.012549,0,0,0.000689,0,0,3.4e-05,0,0,0,0,0,0,0,0,0,0,0,0,0,0,0,0,0,0,0,0,0,0,0.005171,0,0,0,0,0,0,0,0.000483,0,0,0,0,0,0.001758,0,0.049919,0,0,6.9e-05,0,0,0,0.000414,0.003585,0,0,0,0,0,0,0,0,0,0,0,0.002172,0,0,0,0,0,0,0,0,0,0.000172,0,0,0,0.001276,0.010032,0,0.00262,0,0.000172,0,0.047919,0,0,0,0,0,0,0,0,0,0,0,0.001965,0,0,0.000241,0,0,0,0,0.000138,0,0.004102,0,0,0,0.026752,0,0,0,0,0,0,0.000103,0,0,0.000138,0,0.000448,0,0.000103,0.000276,0,0,0.005481,0,0,0,0,0.002,0,0.001276,0,0,0.003896,0,0,0,0,0.025752,0,0,0,0,0,0,0,0,0,0,0,0,0,6.9e-05,0.000414,0,0,0,0,0.000207,0,0,0,0,0.000689,0,0,0,0,0,0.007929,0,0,0,0,0,0.000276,0.000276,0.011446,0,0,0,0,0,0,0,0,0.002586,0,0,0.008377,0,0.000207,0,0.009308,0,0,0,0.004999,0,0.00031,0,0,0,0,0,0,0,0,0.001758,0,0,0,0.001379,0.000276,0,0.000414,0,0,0,0.001069,0,0,0,0,0,0,0.001965,0,0.002206,0,0,0,0.021684,0,0,0,0.001379,0,6.9e-05,0,0,0,0.002241,0,0,0,0
D3009,0,0,0,0,7e-05,0,0,0,0,0,0,0,0,0.007752,0,0,0,0,0,0,0,0.000278,0,0,0,0,0,0,0,0.011506,0,0,0,0,0,0,0,0,0.01015,0,0.002816,0,0,0,0.000209,0,0,0,0.000104,0,0,0,0.000278,0,0,0,0.000278,0,0,0,0,0,0,0,0,0,0,0.002989,0.000452,0,0,0,0,0.006605,0,0,0.004762,0,0,0,0,0,0,0,0,0,0.000313,0,0,0,0,3.5e-05,0,0,0.000104,0.020474,0.000209,0.002885,0,0,0,0,0,0,0,0,0,0,0,0,0.000834,0,0,0,0,0,0,0,0,0,0,0.000104,0.033092,0,0,0.01599,0.000521,0.000174,0,0,0,0,0,0,0,0,0.01015,0,0,0,0.012931,0,0,0,7e-05,0,0,0,0,0.00723,0,0,0,0,0,0,0.001008,0,0,0,0,0,0,0,0,0,0,0,0,0,0,0,0,3.5e-05,0,0.006118,0,0,0,0,0,0,0,0,0,0,0,0.001634,0,0.000382,0,0,0,0,0,0,0,0.002955,0,0.012931,0,0,0,0,0,0,0.053115,0,0,0,0,0,0,0.002503,0,0,0,0,0,0,0,0.007717,0,0,0,0,0.000174,0,0.010115,0,0,0,0,0,0,0,0,0,0,0,0,0,0,0,0,0,0.007404,0.012166,0,0,0,0,0.013557,0,0.006466,0.002225,0,0,0,0,0,0,0,0,0,0,0,0,3.5e-05,0,7e-05,0.000209,0.001425,0,0,0,0.003685,0,0,0,0,0.002225,0,0.001251,0,0,0.002468,0,0,0,0,0,0.001529,0,0,0,0,0,0.001217,0,0,0,0,0,0,0,0.011019,0.002781,0,0,0,0.001425,0.00219,0.001251,0,0,0.000209,0,0.000174,0.003858,0,0,0,0,0.001321,0,0,0,0.002607,0,0,0.000695,0,0,0,0,0,0,0,0,0,0.012097,3.5e-05,0,0.002711,0,7e-05,0,0,0,0.001043,0.006535,0.003928,0,0,7e-05,0,0,0,0,0,0,0,0,3.5e-05,0,0.002955,0,0.003824,0,0,0,0,0,0,0,0,0,0,0,0,0.000313,0.000834,0,0.007821,0,0,0,0,0.001495,0,0,0,0,0,0.001321,0,0,0,0
D1625,0.026738,0.171123,0,0,0,0,0,0,0,0,0,0,0,0,0,0.181818,0,0.032086,0,0,0,0,0,0,0,0,0,0,0,0.074866,0,0,0,0,0,0,0,0,0,0,0,0,0,0,0,0,0,0,0,0,0,0,0,0,0,0,0,0,0,0,0,0,0,0,0,0,0,0,0,0,0,0,0,0,0,0,0,0,0,0,0,0,0,0,0,0,0,0,0,0,0,0,0,0,0,0,0,0,0,0,0,0,0,0,0,0,0,0,0,0,0,0,0,0,0,0,0,0,0,0.117647,0,0,0,0,0,0,0,0,0,0,0,0.096257,0,0.005348,0,0,0,0,0,0,0,0,0,0,0,0,0,0,0,0,0,0,0,0,0,0,0,0,0,0,0,0,0,0,0,0,0,0,0,0,0,0,0,0,0.064171,0,0,0,0,0,0,0,0,0,0,0,0,0,0,0,0,0.010695,0,0,0,0,0,0,0,0,0.005348,0,0,0,0,0,0,0,0,0,0,0,0,0,0,0,0,0,0.090909,0,0,0,0,0,0,0,0,0,0,0,0,0,0,0,0,0,0,0,0,0,0,0,0,0,0,0,0,0,0,0,0,0,0,0,0,0,0,0,0,0,0,0,0,0.016043,0,0,0,0,0,0,0,0,0,0,0,0,0,0,0,0,0,0,0,0,0,0,0,0,0,0,0,0,0,0,0,0,0,0,0,0,0,0,0,0,0,0,0,0,0,0,0,0,0,0,0,0,0,0,0,0,0,0,0,0,0,0,0,0,0,0,0,0,0,0,0,0,0,0,0,0,0,0,0,0,0,0,0,0,0,0,0,0,0,0,0,0,0,0,0,0,0,0,0,0,0,0,0,0,0,0,0,0,0,0,0,0,0,0,0.016043,0,0,0,0.026738,0,0,0,0,0,0,0,0.016043,0,0,0,0,0,0,0,0,0
D1722,0.001471,0,0.00021,8.8e-05,1.8e-05,0,0,0.01033,0,0.065448,0,0.005235,0,0.074553,0,0,0,0.001803,0,0,0.00056,0.001856,0,0,0,0.040778,0,0,3.5e-05,0,0,0,0,0,0,0,0,0,0.010103,0,0,0,0,0,0,7e-05,0.006601,0,0.000403,0,0,0,0,0,0,0,0.00035,0,0,0,0,0,0,0.000158,0,0,0,0,0.009595,0,0,0,0,0,0,0.052614,0,0,0,0.006898,0.005655,0,0.005078,0,0.003134,0,5.3e-05,0,0.006303,0.000105,0,0.002819,0,0,0.011696,0,0,0,0,0,0,0,0.000315,0,0,0,0.014427,0,0,0,0,0,0,0,0,0,0,0,0.017999,0,0,0,0,0,0,0,0.000228,0.001296,0,0,0,0,0.011276,0,0,0,0,0,0,0,0,0.00042,0,0,0,0,0,0,0,0.004902,0,0,0,0.002014,0,0,0,0,0,0,0,0,0,0,0,0,0,0.004902,0.016844,0.003397,0,0.047344,0,0,0,1.8e-05,0,0,0.000175,0,0,0.000403,0,0,0,0,0,0.000823,0.000298,0,0,0,0,0,0.00035,0,0,0,0,0,0,0,0,0.00056,0,0,0,0.028995,0,0,0,0,0,0,0,0,0,0,0,0,0,7e-05,0.00492,0,0,0,0,0,0,0,8.8e-05,0.00527,0,0,0,0,0,0.014935,0,0,0,0,0,0.000928,0,0,0,0.000315,0,0,0,0,0,0.006443,0,0,0,0,0,0,0,0.000508,0.002469,0,0,0,0,0,0.000508,0.031796,0.00035,0.000473,0.00035,0,0,0,0,0,0,0.032934,0,0,0,0,0.002749,0.001418,0,0,0,0,0,0,0,0,0,0.001943,0,0.007791,0,0,0,0,0,0,0,0,0,0,0.000683,0,0,0,0,0,0,0,0,0,0,0,0.000543,0,0,0.001436,0,0,0.000158,0,5.3e-05,0,0,0,0,0,0,0,0,5.3e-05,0,0,0.01462,0,0,0.001418,0,0,0,0,0,0,0,0,0.000123,0.027191,0,0.043142,0,0,0,0.009,0.006583,0,0.001873,0,0,0,0,0,0.000158,0,0.000525,0,0,0.00021,0,0,0,0,0,0,0.005253,0,0,0,0.002696,0,0,0,0,0,0,0,0.000438,0,0,0,0,0,0.006303,0
D3368,0,0,0,0,0,0,0,0.066882,0,0.011523,0,0.031433,0,0.007817,0,0,0,0,0,0,0,0.000119,0,0,0,0.005845,0,0,0,0,0,0,0,0,0,0,0,0,0,0,0,0,0,0,0,0,0.089857,0,0,0,0,0,0,0,0,0,0,0.023925,0,0,0,0,0,0,0.000214,0,0,0,0.008957,0,0,0,0,7.1e-05,0,0,0,0,0,0.024401,0.058186,0,0.063698,0,0.043432,0,0,0,0.018081,0,0,0.004372,0,0,0.02307,0,0,0.000238,0,0,0,0,0,0,0,0,0.004657,0,0,0,0,0,0,0,0,0.013614,0,0,0,0,0,0.000166,0,0,0,0,0.021051,0.001331,0,0,0,0,0.001521,0,0,0,0,0,0,0,7.1e-05,0,0,0,0,0,0,7.1e-05,0,0.004277,0,0,0,0.017083,0.001354,0,0,0,0,0,0,0,0,0,0,0,0,0,0.072014,0.01062,0,0.005346,0,0,0,0,0,0,0,0,0,0,0,0,0,0,0.00019,4.8e-05,0,0,0,0,0,0,4.8e-05,0,0,0,0.000166,0,0,0,0,0,0,0,0,0.00316,0,0,0,0,0,0,0,0,0,0,0,0,0,0,0,0,0,0,0,0,0,0,0,0.009599,0,0,0,0,0,0.001901,0,0,0,0,0,0,0,0,0,0.000927,0,0,0,0,4.8e-05,9.5e-05,4.8e-05,0,0.009195,0,0,0,0,0,0.000499,0,0,0.000143,0,0,0,0,0,0.000261,2.4e-05,0,0,0,0,0,0,0.001235,0,0,0,0,0,0.016774,0,0,0,0,0,0,0,0,0,0.000594,0,0.005488,0,0,0,0,0,0,0,9.5e-05,0,0,0,0,0.011452,0,0,0,0,0,0,0,0,0,0,0,0,0.002162,0,0,0.003754,0,0,0,0,0,0,0,0,0,0,2.4e-05,0,0,0.007152,0,0,0.000879,0,0,0,0,0,0,0,0,0,9.5e-05,0,0,0,0,0,0.013091,0.046948,0,0.000974,0,0,0,0,0,0,0,0.000998,0,0,0.001022,0,0.000333,0,0,0,0,0.004514,0,0,0,0.000428,0,0,0,0,0,0,0,0.024401,0,0,0,0,0,0,0
D1024,0.000716,0,0,0,0,0.250895,0,0,0,0.008954,0,0,0.008596,0,0,0,0,0,0,0,0,0.000537,0,0,0,0,0,0.005372,0,0,0.004656,0,0,0,0,0,0,0,0,0,0,0,0,0,0,0,0,0,0,0,0,0,0,0.035638,0,0,0,0,0.010924,0,0,0,0,0,0,0,0,0,0,0,0,0,0,0,0,0,0,0,0,0,0,0,0,0,0,0,0,0.004656,0,0,0,0,0,0,0,0,0,0,0,0,0,0,0,0,0,0,0,0.00788,0,0.005372,0,0,0,0.017371,0,0,0,0,0,0,0,0,0,0,0,0,0,0,0,0,0,0,0,0,0,0,0,0,0,0.031877,0,0,0.002686,0,0,0,0,0,0.032414,0,0,0.032772,0,0,0,0,0,0,0,0,0.042264,0,0,0,0,0,0,0,0,0,0,0,0,0,0,0,0,0,0,0,0,0,0,0,0,0,0,0,0,0,0,0,0,0,0,0,0,0,0,0,0,0,0,0,0,0,0,0,0,0,0,0,0,0,0,0,0,0,0,0,0,0,0,0,0,0,0,0.004298,0,0.018087,0.000179,0,0,0,0,0,0,0,0,0,0.00788,0,0.006984,0,0,0.006805,0,0,0.065544,0,0.000537,0,0,0,0,0,0,0,0,0,0,0,0,0,0,0,0,0,0,0,0,0,0,0,0,0.005193,0,0,0,0,0.000716,0,0.002686,0,0,0,0,0,0,0,0,0,0,0,0,0,0.003403,0,0,0,0,0,0,0,0,0,0,0,0,0,0,0,0,0,0,0.000895,0,0,0,0,0,0,0,0,0,0,0,0,0,0.003582,0,0,0,0.001074,0,0,0,0.000358,0,0,0,0,0,0,0,0,0,0,0,0,0,0,0,0,0,0,0,0,0,0,0,0,0,0,0.007701,0,0,0,0,0,0,0,0,0,0,0,0.01164,0,0,0,0,0,0,0,0,0,0,0,0,0,0,0,0,0,0,0,0,0.013431,0,0
D1609,0,0,0,0,0,0,0,0.013735,0,0,0,0,0,0.024755,0,0,0,0.000233,0,0,0,0,0,0,0,0.17719,0,0,0,0,0,0,0,0,0,0,0,0,0,0,0,0,0,0,0,0,0.009674,0,0,0,0,0,0,0,0,0,0,0,0,0,0,0,0,0,0,0,0,0,0.013141,0,0,0,0,0,0,0,0,0,0,0.031532,0.053131,0,0.006208,0,0.015753,0,0,0,0.003337,0,0,0.026591,0,0,0.041724,0,0,0,0.004035,0,0,0,5.2e-05,0,0,0,0.005613,0,0,0,0,0,0,0,0,0,0,0,0.00075,0,0,0,0,0,0,0,0.000103,0,0,0,0,0,0,0,0,0,0.002794,0,0,0,0,0,0,0,0,0,0,0,0,0,0,0,0,0.015132,0,0,0.013451,0,0,0,0.00044,0,0,0,0,0,0,0.000388,0,0.032851,0,0,0,0,0,0,0,0,0,0,0,0.014253,0,0,0,0,0,0,0,0,0,0,0,0,0,0,0,0.003621,0,0,0,0,0,0.005329,0,0,0,0,0,0,0,0,0,0,0,0,0,0,0,0,0,0,0.01014,0,0,0,0,0,0,0,0,0,0,0,0,0,0,0.000233,0,0,0,0,0,0,0,0,0,0.000155,0,0,0,0,0,0.000491,0,0,0,0,0,0,0,0,0.002121,0,0,0,0,0,5.2e-05,0,0,0.00031,0.000621,0,0,0,0,0,0,0,0,0,0,0,0.000466,0,0,0,0.002587,0,0,0,0,0,0,0.037611,0,0.008898,0,0,0,0,0,0,0,0,0,0,0.028428,0,0,0,0.000207,0,0,0,0,0,0,7.8e-05,0,0,0,0.0067,0.00238,0,0.00031,0,0,0,0,0,0,0,0,0,0,7.8e-05,0,0,0,0,0,0.003389,0,0,0,0,0,0,0,0,0,0,0,0,0,0,0,2.6e-05,0.001319,0,0.00745,0,0,0,0,0,0,0,5.2e-05,0,0,0.00031,0,0,0,0,0,0,0.008278,0,0,0,0.002871,0,0,0,0,0.001526,0,0,0,0,0,0,0,0,0,0
D4332,0.442909,0,0,0.000456,0,0.055572,0,0,0,0,0,0,0.054206,0,0,0,0,0,0,0,0,0.000456,0,0,0.008807,0,0,0,0,0,0.000607,0,0,0,0,0,0,0,0,0,0,0.005162,0.004251,0,0,0,0,0,0,0,0,0,0,0,0,0,0,0,0.003492,0,0,0,0,0,0,0.000911,0,0,0,0,0.000304,0,0,0,0,0,0,0,0.007592,0,0,0,0,0,0,0,0,0.00334,0,0,0,0,0,0.00167,0,0,0,0,0,0,0,0,0,0,0,0,0,0.010629,0,0.000456,0,0,0,0,0,0,0,0,0,0,0,0,0,0,0,0,0,0,0,0,0,0,0,0,0,0,0,0,0,0.019131,0,0,0,0,0,0.004403,0,0.007288,0.001215,0,0.018828,0,0,0,0,0,0,0,0,0,0,0,0,0,0,0,0,0,0,0,0,0,0,0,0,0,0,0,0,0,0,0,0,0,0,0,0,0,0,0,0,0,0.001215,0,0,0,0,0,0,0,0,0,0,0,0,0,0,0,0,0,0,0,0.000152,0,0,0,0,0,0,0,0,0,0,0,0,0,0,0.00334,0,0,0,0,0,0,0,0,0,0,0,0,0.000304,0,0,0,0,0.001518,0,0,0.00167,0.00744,0,0,0,0,0,0,0,0,0,0,0.002126,0,0,0,0,0,0,0,0,0,0,0,0,0,0,0,0,0.000304,0,0,0.004859,0,0.001215,0,0,0,0,0,0,0,0,0,0,0,0,0,0,0,0,0,0,0.000911,0,0,0,0,0,0,0,0,0,0,0,0,0,0.002278,0,0,0,0,0,0,0,0,0,0,0,0,0,0,0,0,0,0,0,0,0,0,0,0,0,0,0,0,0,0,0,0,0,0,0,0,0,0,0.002429,0,0,0,0,0,0,0,0,0,0,0,0,0,0,0,0,0,0,0,0,0,0.001063,0,0,0,0,0,0,0,0,0,0,0,0,0,0,0,0,0,0.119648,0,0,0,0,0
D2451,0.519688,0,0,0,0,0.024063,0,0,0,0,0,0,0.077516,0,0,0,0,0,0,0,0,0,0,0.001807,0.007514,0,0,0,0,0,0.037379,0,0,0,0,0,0,0,0,0,0,0,0,0,0.00019,0,0,0,0,0,0,0,0.003329,0,0,0,0,0,0.001427,0,0,0,0,0,0,0.009321,0,0,0,0,0,0,0,0,0,0,0,0,0.033669,0,0,0,0,0,0,0,0,0.006087,0,0,0,0,0,0,0,0,0,0,0,0,0,0,0,0,0,0,0,0.005041,0,0,0,0,0,0,0,0,0,0,0,0,0,0,0,0,0,0,0,0,0,0,0,0,0,0,0,0,0,0,0,0.002188,0,0,0.03386,0,0,0,0,0.000761,0,0,0.013981,0,0,0,0,0,0,0,0,0,0,0,0,0,0,0,0,0,0,0,0,0,0,0,0,0,0,0,0,0,0,0,0,0,0,0,0,0,0.016644,0,0,0,0,0,0.001046,0.071999,0,0,0,0,0,0,0.000476,0,0,0,0,0,0.001902,0,0,0,0.010367,0,0,0,0,0,0,0,0,0,0,0,0,0,0,0,0,0,0,0,0,0,0,0,0,0,0,0,0.00019,0,0,0,0,0.02159,0,0,0,0.003804,0,0,0,0,0,0,0,0,0,0,0.00447,0.001617,0,0,0,0,0,0,0,0,0,0,0,0,0,0,0,0,0,0,0,0,0.001617,0,0,0,0,0,0,0,0,0,0,0,0,0,0,0,0,0,0,0.008084,0,0,0,0,0,0,0,0,0,0,0,0,0,0.000856,0,0,0,0,0,0,0,0,0,0,0,0,0,0,0,0,0,0.003614,0,0,0,0,0,0,0,0,0,0,0,0.004565,0,0,0,0,0,0,0,0,0,0,0,0,0,0,0,0,0,0,0,0,0,0,0,0,0,0,0,0,0,0,0.000666,0,0,0,0,0,0,0,0,0,0,0,0,0,0,0,0,0,0.002188,0,0,0,0,0
D268,0,0,0,0,0.000229,0,0,0.080371,0,0.074327,0,0.098569,0,0.035285,0,0,0,0,0,0,0,0,0,0,0,0.000653,0,0,0,0,0,0,0,0,0,0,0,0,0.153359,0,0,0,0,0,0,0,0.034011,0,0.000131,0.000131,0,0,0,0,0,0,0,0.001732,3.3e-05,0,0,0,0,0,0,0,0,0,0.036657,0,0,0,0,0.000229,0,0,0,0,0,0.005195,0.001143,0,0.016597,0,0.019799,0,0,0,0.034795,0,0,0.007906,0,0,0.004705,0,6.5e-05,0.003071,0,0,0,0,0,0,6.5e-05,0,0.015519,0,0,0,0,0,0,0,0,0.012154,0,0,0,0,0,0,0,0,0,0,0.00049,0.000327,0,0,0,0,0.024177,0,0,0,0,0,0,0,0.001438,0,0,0,0.000131,0,0,0,0,0.00856,0,0,0,0.006632,0,0,0,0,0,0,0,0,0,0,0,0,0,0,0.000131,0,0,0.016238,0.000131,0,0,0,0,0,0,0,0,0,0,0,0,0,0,6.5e-05,0,0,0,0,0,0,6.5e-05,0,0,0,0.000196,0,0,0,0,0,0,0,6.5e-05,0.013983,0,0,0,0,0,0,0,0,0,0,0,0,0,0,0,0.000229,0,0,0,0,0,0,0,3.3e-05,0,0,0,0,0,9.8e-05,0,0,0,0,0,6.5e-05,0,0,0,6.5e-05,0,0,0,0,0,0,0,0,0.000163,0,0,0,0,0,0.004803,0,0,0.005391,0,0,0.000425,0,9.8e-05,9.8e-05,3.3e-05,0,0,0,0,0,0,0.018231,0,0,0,0,9.8e-05,0.002418,0,0,0,0,0,0,0,0,0,0,0,0.002189,0,0,0,0,0,0,0,9.8e-05,0,0,0,0,3.3e-05,0,0,0.000261,0,0,0,0,0,3.3e-05,0,0,0,0.001176,0,0,0,0,0,0,0,0,0,0,0,0,0,0,0,0,0.011696,0,0,0,0,0,0,0,0,0,9.8e-05,0,0,0.003202,0,0.003823,0,0,0,0,0.001111,0,0.000261,0,0,0,9.8e-05,0,0,0,0.025451,0,0,0,0,0.000163,0,0,0,0,0.00856,0,0,0,0,0,0,0,0,0,0,0,0.001503,0,0,0,0,0,0,0
D953,0,0,0,0,0.002574,0,0,0,0,0,0,0,0,0,0,0,0,0,0,0,0.000961,0.017234,0,0,0,0,0,0,0,0,0,0,0,0,0,0,0,0,0,0,0.002325,0,0,0,0,0,0,0,0,0,0,0,0,0,0,0,0,0,0,0,0,0,0,0,0,0,0,0,0,0,0,0,0,0.092278,0,0,0.002209,0,0,0,0,0,0,0,0,0,0,0,0,0,0,0,0,0,0,0.005629,0,0,0,0,0,0,0,0,0.009722,0,0,0,0,0,0,0,0,0,0,0,0,0,0,0,0,0,0,0,0,0.00025,0.000173,0,0,0.271091,0,0,0,0,0,0,0.002786,0,0,0,0,0,0,0,0,0,0,0,0,0.008012,0,0,0,0,0,0,0,0,0,0,0.001633,0,0,0,0,0,0,0,0,0,0,0,0,0,0,0.00682,0,0,0,0,0,0,0,0,0,0,0,0,0,0,0,0,0,0,0,0,0,0,0,0,0,0,0,0,0,0,0,0,0,0,0,0,0,0,0,0,0,0,0,0,0,5.8e-05,0,0,0,0,0,0,0,0,0.009376,0,0,0,0,0,0,0,0,0,0,0,0,0,0.000711,0,9.6e-05,0.000327,0,0,0,0,0,0,0.031278,0.035736,0,0,0,0,0,0,0,0,0,0.00025,0,0,0.003112,0,0,0,0,0,0,0,0.010221,0,0,0,0,0.000154,0,0.000154,0,0,3.8e-05,0,0,0,0,0.04855,0,0,0,0,0,0,9.6e-05,0,0,0,0,0,0,0,0.000211,0,0,0,0,0.000307,0,9.6e-05,0,0,0,0,9.6e-05,0,0,0,0,0,0,0,0,0,0,0,0.002325,0,0,0,0,0,0,0,0,0,0,0,0,0,0.001134,0,0,0,0,0,0.00463,5e-04,0.003362,0,0,0,0,0,0,0,0,0,0,0,0,0,5.8e-05,0,0.000173,0,0,0,0,0,0,0,0,0,0,0,0,0.002363,0,0,0,0,0,0,0,0.017484,0,0.00098,0,0,0,3.8e-05,0,0,0,0
D3425,0.018116,0,0.036232,0,0,0,0.007246,0,0,0,0.007246,0,0,0,0,0,0,0,0,0,0.601449,0,0,0.278986,0,0,0,0,0,0,0,0,0.007246,0,0,0,0,0,0,0,0,0,0,0,0,0,0,0,0,0,0,0,0,0,0,0,0,0,0,0.014493,0,0,0,0,0,0,0,0,0,0,0,0,0,0,0,0,0,0,0,0,0,0,0,0,0,0,0,0,0,0,0,0,0,0,0,0,0,0,0,0,0,0,0,0,0,0,0,0,0,0,0,0,0,0,0,0,0,0,0,0,0,0,0,0,0,0,0,0,0,0,0,0,0,0,0,0,0,0,0,0,0,0,0,0,0,0,0,0,0,0,0,0,0,0,0,0,0,0,0,0,0,0,0.007246,0,0,0,0,0,0,0,0,0,0,0,0,0,0,0,0,0,0,0,0,0,0.007246,0,0,0,0,0,0,0,0,0,0,0,0,0,0,0,0,0,0,0,0,0,0,0,0,0,0,0,0,0,0,0,0,0,0,0,0,0,0,0,0,0,0,0,0,0,0,0,0,0,0,0,0,0,0,0,0,0,0,0,0,0,0,0,0,0,0,0,0,0,0,0,0,0,0,0,0,0,0,0,0,0,0,0,0,0,0,0,0,0,0,0,0,0,0,0,0,0,0,0,0,0,0,0,0,0,0,0,0,0,0,0,0,0,0,0,0,0,0,0,0,0,0,0,0,0,0,0,0,0,0,0,0,0,0,0,0,0,0,0,0,0,0,0,0,0,0,0,0,0,0,0,0,0,0,0,0,0,0,0,0,0,0,0,0,0,0,0,0,0,0,0,0,0,0,0,0,0,0,0,0,0,0,0,0,0,0,0,0,0,0,0,0,0,0,0,0,0,0,0,0,0,0,0,0,0,0,0,0,0,0,0,0,0,0,0
D3439,0.011891,0,0.019257,0.012939,0.013063,0,0,0,0.000248,0,0,0,0,0,0.000816,0,0.002059,0,0,0,0.018742,0.052021,0.001189,0.000444,0.001597,0.000142,0.004597,0.170722,0.017624,0,0,0,0,0.005449,0.000106,0,0,5.3e-05,0,0,0.000834,0.010188,0.004064,0,0.001562,0.002857,0,0,8.9e-05,0.001757,0,0.003425,0.004189,0,0,0,0.096427,0,5.3e-05,0.011199,0.002112,0,0.00039,0,0.000337,0,0,0.001402,0,0,0.001296,0.000657,0,0.005502,0,0.00229,0.002307,0.005289,0,0,0,0,0,0,0,0.000213,0,0,0,0.001154,0.002077,0,0,0,0,0.00039,0,0,0,0,0,0,0,0.00071,0.000781,0.000728,0,0,0,0,0,0.000284,0.002343,0,0,0,0,0,0,0,7.1e-05,0,0,0,0,0,0,0,0.000887,0,0,0,0,0,0.001012,0,0,0.044779,0.000337,0,0.000923,0.000781,0,0,0,0,0,0.000586,0,0.00016,0,0,0,0,0,0,0,0,0,0,0,0,0.001278,0.000142,0.000461,0,0,0,0,0,0,0,0,0.000142,0,0.00126,0.00087,0,0.000355,0,0.00016,0,0,0.003514,3.5e-05,0,0,0.000621,0,0.000444,0,0,0,0,0.000568,0,0,0,0.00181,0.00016,0,0.000195,0.000461,0,0.000408,0.00039,0,0,3.5e-05,0,0.001952,3.5e-05,0,0,0.000248,0,0.002538,0.000337,0,0,0.000248,7.1e-05,0,0,0,0.018476,0.000213,0,5.3e-05,0,0.000692,0,0.00016,0.000177,0,0.001012,0,0,0.002662,0,0,0,0.020499,0.000248,0.00016,0,0.000231,7.1e-05,0,0,7.1e-05,0,0,0,5.3e-05,0.000337,0,3.5e-05,1.8e-05,0.000248,0,0.050814,0,0,0.000302,0,0,0,0.002378,0,0,0,0,0.000231,0.000266,0,0.000124,0.000497,3.5e-05,0,0,0.000284,0,0,0,5.3e-05,0.000497,0,0,0,0,0.000461,0.000816,0.000444,0,0,0.000497,0,3.5e-05,0.000444,0.00158,3.5e-05,8.9e-05,0,0,3.5e-05,0.000319,0,0,0,0,0.000266,0.000195,0,0,5.3e-05,0,0,0,0,0,0,0,0.00016,0,5.3e-05,0,0.003603,0,0.094528,0.000302,0,0,0,0,0,1.8e-05,5.3e-05,0.000586,0,0,0,0,0,0,7.1e-05,0.00016,0,0,0,0,0.000692,0.000177,0,0,0,0.000852,0,0,0,0,3.5e-05,0,0.002236,0,0,0,0.000213,0,0,0,0,0,0,0,0,0,0.000319,0,0.000532,0,0.000302,0,0,0,5.3e-05,0.000905,0,0.002911,3.5e-05,0,0.000355,0,0,0,0,0.000976,0,0,0.005378
D2648,3.1e-05,0.00107,6.1e-05,0,0,0,0.046783,0,0,0,0,0,0,0,0,0,0,0,0.161356,0.010763,9.2e-05,0,0,0,0,0.000153,0,0,0,0,0,0.002263,0.071,0,0,0,0.002293,0,0,0.003364,0,0,0,0.000398,0,0,0,0,0,0,0,0,0,0,0,0,0,0,0,0,0,0.011956,0,0,0,0,0.007002,0,0.000153,0,0,0,0.000642,0,0.011589,0,0,0,0,0,0,0.00211,0,0.007125,0,0,0,0,0,0,0,0,0.010733,0,0,0,0,0,0,0,0,0.019967,0,0,0,0,0,0,0,0,0,0,0,0,0.069349,0,0,0,0,0.000734,0,0,0,0,0,0,0,0,0,0,0,0,0,0.006605,0,0,0,0,0,0,0,0,0,0,0,0,0,0,0,0,0,0,0,0,0,0.001376,0,0,0.002416,0,0,0.001651,0,0,0,0,0.240827,6.1e-05,0,0,0.025838,0,0,0,0,0,0,0,0,0.003394,0,0,0,0,0,0,0,0,0,0,0.000275,0,0,0,0,0,0,0,0,0,0.001437,0,0,6.1e-05,6.1e-05,0,0,0,0,0,0,0,0,0,0,0,0,0,0,0,0,0,0,0,0,0,0,0,0,0,0,0,0,0,0,0,0,0,0,0,0,0,0,0,0,0,0,0,0,0,0,0,0,0,0,0,0,0,0,0,0,0,0,0.196245,0,0,0,0,0,0,6.1e-05,0,0,0,0,0,0,0,0,0,0,0,0,0,0,0,0,0,0,0,0,0,0,0,0,0,0,0,0,0,0,0,0,0,0.00052,0,0,0,0,0,0,0,0,0,0,0,0,0,0,0,0,0,0,0,0,0,0,0,0,0,0,0,0,0,0.003027,0,0,0,0,0,0,0,0,0,0,0,0,0.003149,0,0.001773,0,0,0,0,0,0,0,0,0,0,0,0,0,0,0,0,0,0,0,0,0,0,0,0,0,0,0,0,0.014157,0,0,0,0,0,0,0,0,9.2e-05,0,0,0.000275,0,0,0,0,0,0,0,0,0
D434,0.022828,0,0,0,0.006433,0,0,0,0,0,0,0,0,0,0,0,0,0,0,0,0,0.008301,0,0,0,0,0,0,0,0,0,0,0,0.011948,0,0,0,0,0,0,0.022888,0,0,0,0.000652,0,0,0,0.119478,0,0,0,0.147139,0,0,0,0,0,0,0,0,0,0,0.003113,0,0,0,0.08236,0,0,0.008953,0,0,0.000593,0,0,0.013993,0,0,0,0,0,0,0,0,0,0,0,0,0,0,0,0,0,0,0,5.9e-05,3e-05,0,0,0,0,0.208123,0,0,0,0,0,0,0,0.011503,0,0,0,0,0,0,0,0,0,0,0,0,0,0,0.00255,0.000208,0,0,0,0,0,0,0,0,0,0.000712,0,0,0,0,0,0,0,0,0,0,0,0,0,0,0,0,0,0,0,0,0,0,0,0,0,0,0,0,0,0,0,0,0,0,0,0,0.003973,0,0.004832,0,0,0,0,0,0,0,0,0,0,0,0.000148,0.004625,0,0,0,0,0,0,0,0,0,0,0.003409,0,0,0,0,0,0,0,0,0,0,0,0.000237,0,0,0,0,0,0,0,0.000712,0,0,0,0,0,0,0.003409,0,0.005248,0,3e-05,0,0,0,0,0,0,0,0,0,0,0,0,0,0,0,0.013638,0.000296,0,0,0,0,0.001393,0,0,0.001749,0,0,0,0,0,5.9e-05,0,0,0,3e-05,0,0,0,0,0,0,0.006997,3e-05,0,0,0,0,0,0,0,0,0,5.9e-05,0,0,0,0,0,8.9e-05,0.001304,0,0,0,3e-05,0,0,0,0.001127,0,0,0,0,0,0,5.9e-05,0.001868,0,0,0,0,0.002283,0.015624,3e-05,0,0,0.000148,0,0,5.9e-05,5.9e-05,0,0,0,0,0,0,0,0.00504,0,8e-04,0,0,0,0,0,5.9e-05,0,0,0,0,0,0,0,0.000208,0,0,0,0,0,0,0.000208,0,0,0,0,0.000563,0,0,0,0,0,5.9e-05,0,0,0,0.000296,0,0.000652,0,0,0,0,0,0,0,0,0,0,0,0,0.000208,0,0,0.000593,0,0,0,0,0.000178,0,0.003943,0,0,0,0.000712,0,0,0,0
D785,0.011011,0,0,0,0.006321,0,0,0,0,0,0,0,0,0,0,0,0,0,0,0,0,0.00469,0,0.002855,0,0,0,0,0,0,0.000204,0,0,0.010604,0,0,0,0,0,0,0.001835,0,0,0,0.001223,0,0,0,0,0,0,0,0.000408,0,0,0,0,0,0,0.001223,0,0,0,0,0,0,0,0.000408,0,0,0,0,0,0.008564,0,0,0.006321,0,0,0,0,0,0,0,0,0,0,0,0,0,0,0,0,0,0,0.030995,0,0.003059,0,0,0,0,0.00102,0,0,0,0,0,0,0,0,0,0.002447,0,0,0,0,0,0,0,0.000408,0,0,0,0,0.008157,0,0,0,0,0,0,0,0,0,0,0,0,0,0,0.000612,0,0,0,0,0,0,0,0,0.000204,0,0,0,0,0,0,0,0,0,0,0,0,0,0,0,0,0,0,0,0,0,0,0.000408,0,0,0.012643,0,0,0,0,0,0,0,0.002447,0,0,0,0.001223,0,0.009176,0,0,0,0,0,0,0,0,0.000204,0.027529,0,0,0.00102,0,0,0,0,0,0.000408,0,0,0.005098,0,0,0,0,0,0.002855,0,0,0,0.000612,0,0,0,0,0.000408,0,0.033442,0,0,0,0,0,0,0,0,0,0,0,0,0,0,0,0.026917,0,0.012643,0.00102,0,0,0,0,0,0,0.00367,0,0,0,0,0,0,0,0,0,0,0,0,0,0,0,0,0.001223,0,0.000204,0,0,0.003874,0.001223,0,0,0,0,0,0.002039,0,0,0,0,0,0,0,0,0,0,0,0,0.001427,0,0.001223,0,0,0,0,0,0,0.000408,0,0,0,0,0,0.006933,0,0.000816,0,0,0.002243,0,0,0,0,0,0,0,0,0,0,0,0,0,0.000612,0,0,0,0,0,0,0,0,0,0,0.013051,0,0,0,0,0.000612,0,0,0,0,0.006525,0.016517,0,0,0,0.001427,0.001427,0,0,0,0,0,0,0,0,0,0.000816,0.005302,0,0,0,0,0,0,0,0,0.022431,0,0.002039,0,0.000816,0.001223,0,0,0,0,0,0,0.014682,0,0.000816,0,0,0,0,0.001835,0,0,0
D802,0,0,0,0,0,0,0,0.095363,0,0.009274,0,0.007264,0,0.016229,0,0,0,0,0,0,0,0,0,0,0,0,0,0,0,0,0,0,0,0,0,0,0,0,0.0017,0,0,0,0,0,0,0,0.107728,0,0.000927,0,0.002318,0,0,0,0.003091,0.001391,0,0.048532,0,0,0,0,0,0,0,0,0,0,0,0,0,0,0,0,0,0.01592,0,0,0,0,0.014838,0,0.003709,0,0.051468,0,0,0,0.055178,0,0,0.080062,0,0,0,0,0,0,0,0,0,0,0,0,0,0,0.013601,0,0,0,0,0,0,0,0,0.08609,0,0,0,0,0.000464,0.040031,0,0,0,0,0,0,0,0,0,0,0,0,0,0,0,0,0,0,0,0,0,0,0,0,0,0,0,0,0,0,0,0,0.019784,0,0.004482,0,0,0,0,0,0,0,0,0,0,0,0.000309,0.006028,0,0.001082,0,0,0,0,0,0,0,0,0,0,0,0,0,0,0,0,0,0,0,0,0,0,0,0,0,0,0,0,0,0,0,0,0,0,0,0,0.002009,0,0,0,0,0,0,0,0,0,0,0,0,0,0,0,0,0,0,0,0,0,0,0.020402,0,0,0,0,0,0,0,0,0,0,0,0,0,0,0,0,0,0,0,0,0,0,0.000309,0,0.058269,0,0,0,0,0,0,0,0,0.002318,0,0,0,0,0,0.000464,0,0,0,0,0,0,0,0,0,0,0,0,0,0.000309,0,0,0,0,0,0,0,0,0,0,0,0.004019,0,0,0,0,0,0,0,0,0,0,0,0,0,0,0,0,0,0,0,0,0,0,0,0,0,0,0,0,0,0,0,0,0,0,0,0,0,0,0,0,0,0,0.000618,0,0,0,0,0,0,0,0,0,0,0,0,0,0,0,0,0,0.001391,0.008346,0,0,0.004791,0,0,0,0,0,0,0,0.002937,0,0,0.051777,0,0,0,0,0,0,0,0,0,0,0,0,0,0,0,0.001082,0,0,0,0,0,0,0,0,0,0
D2283,0.009933,0,0,0,0.39047,0,0,0,0,0,0.025782,0,0.023236,0,0,0,0,0,0,0,0,0,0,0,0,0,0,0,0,0,0,0,0,0,0,0,0,0,0,0,0,0.012537,0,0,0.00152,0.002133,0,0,0,0,0,0,0,0,0,0,0,0,0.014906,0,0,0,0,0,0,0,0,0,0,0,0,0,0,0,0,0,0,0,0,0,0,0,0,0,0,0,0,0,0,0,0,0,0,0,0,0,0,0,0,0,0,0,0,8.2e-05,0,0,0,0,0,0,0,0,0,0,0,0,0,0,0,0,0,0,0,0.012632,0,0,0,0,0,0,0,0,0,0,0,0,0,0,0,0,0,0,0.23657,0,0,0.000106,0,0,0.191511,0,0,0,0.017156,0,0,0,0,0,0,0,0.000554,0,0,0,0,0,0,0,0,0,0,0,0,0,0,0,0,0,0,0,0,0,0,0,0,0,0,0,0,0,0,0,0,0,0,0,0,0,0,0,0,0,0,0,0,0,0,0,0,0,0,0,0,0,0,0,0,0,0,0,0,0,0,0,0,0,0,0,0,0,0,0,0,0,0,0,0,0,0,0,0,0,0.000731,0,0,0,0,0,0,0,0,0,0,0,0,0,0,0,0,0,0,0.000389,0,0,0,0,0,0,0,0,0,0,0,0,0,0,0,0,0,0,0,0,0,0,0,0,0,0.001013,0,0,0,0,0,0,0,0,0,0,0,0,0.00522,0.03714,0,0,0,0,0,0,0,0,0,0,0,0,3.5e-05,0,0,0,0,0,0,0,0,0,0,0,0,0,0,0,0,0,0.001791,0,0,0,0,0,0,0,0,0,0,0,0,0.000625,0,0,0,0,0,0,0,0,0,0,0,0,0,0,0,0,0,0,0.001685,0,0,0,0,0,0,0,0,0,0,0,0,0,0,0,0,0,0,0,0,0,0,0,0,0,0,0,0,0,0,0,0,0,0,0
D3922,0,0,0,0,0.000257,0,0,0.086212,0,0.021746,0,0.057232,0,0.048756,0,0,0,0.000342,0,0,0,0,0,0,4.3e-05,8.6e-05,0,0,0,0,0,0,0,0,0,0,0,0,0.08069,0,0.000128,0,0.002483,0,8.6e-05,0,0.027225,0,0.000642,0,0,0,0,0,0,0,0,0,0,0,0,0,0,8.6e-05,0,0,0,0,0.015325,0,0,0,0,8.6e-05,0,0,0.000128,0,0,0.044133,0,0,0.019948,0,0.003724,0,0,0,0.035829,0,0,0.005308,0,0,0.006635,0,0,8.6e-05,0,0,0,0,0,0,0,0,0.039553,0,0,0,0,0,0,0,0,0,0,0,8.6e-05,0,0.000599,0,0,0,0,0,0.000385,0,0,0,0,0,0.021232,0,0,0,8.6e-05,0,0,0,3e-04,0.000214,0,0,0,0,0,0,0,0.021275,0,0,0,0.018107,0,0,0,0,0,0,0.000214,0,0,0,0,0,0,0,0.000599,0,0,0.034117,0,0,0,0.000428,0,0,0.000128,0,0,3e-04,0,0,0,0,0,0,4.3e-05,0,0,0,0,0,8.6e-05,0,4.3e-05,0,8.6e-05,0,0,0,0,0,0,0,8.6e-05,0.004024,0,0,0,0,0,0,0,0,0,0,0,0.000385,0,0,0,0.000556,0,0,0,0,0,0,0.000171,0.002611,0,0,0,0,0,0.019134,0,0,0,0,0,0.000342,0,0,0,0,0,0,0,0,0.000128,0,0,0.000128,0,0,0,0,0,0,0.033389,0,0,0,0,0,0.000128,0,0.000385,0.000599,0,0,0,0,0,0,0,0.016395,0,0,0,0.000128,0.010145,0.002782,0,0,0,0,0,0,0,0,0,0.000385,0,0.000514,0,0,0,0,0,0,0,0,0.000385,0,0.001541,0,0,0,0,0.000942,0,0,0,0,0,4.3e-05,0,0,0,0.005137,0,0,0,0,0,0,0,0,0,0,0,0,0,0.00137,0,0,0.000471,0,0,0.014511,0.001027,0,0,0,8.6e-05,0,3e-04,0,8.6e-05,0.001455,0,0.006164,0,0,0,0,0.00518,0,0,0,0,0,0.000385,0,8.6e-05,0,0.004109,0,0,0.000514,0,0,0,0,0,0,0.00809,0,0,0,3e-04,0,0,0,0,0,0,0,4.3e-05,0,0,0,0,0,0.009931,0
D3973,0,0,0,0,0,0,0,0.02469,0,0.00298,0,0,0,0.000284,0,0,0,0.000236,0,0,0,0,0,0,0,0.313594,0,0,0,0,0,0,0,0,0,0,0,0,0,0,0,0,0,0,0,0,0.010737,0,0,0,0,0,0,0,0,0,0.001182,0,0,0,0,0,0,0,0,0,0,0,0.044319,0,0,0,0,0,0,0,0,0,0,0.018636,0.042475,0,0.010832,0,0.05884,0,0,0,0.003311,0,0,0.037366,0,0,0.032258,0,0,0,0.002318,0,0,0,0,0,0,0,0,0,0,0,0,0,0,0,0,0,0,0,0.000378,0,0,0,0,0,0,0,0,0,0,0,0,0,0,0,0,0,0,0,0,0,0,0,0,0,0,0,0,0,0,0,0,0,0,0.014805,0,0,0,0,0,0,0.001466,0,0,0,0,0,0,0.015893,0,0.095024,0,0,0,0,0,0,0,0,0,0,0,0,0,0,0,0,0,0,0,0,0,0,0,0,0,0,0,0.000662,0,0,0,0,0,0.070334,0,0,0,0,0,0,0,0,0,0,0,0,0,0,0,0,0,0,9.5e-05,0,0,0,0,0,0,0,0,0.00175,0,0,0,0,0,0.000284,0,0,0,0,0,0,0,0,0,0,0,0,0,0,0,0,0,0,0,0,0,0,0,0,0.003737,0,0,0,0,0,0,0,0,0.000615,0.000189,0,0,0,0,0,0,0.000568,0,0,0,0,0.000851,0,0,0,0.004588,0,0,0,0,0,0,0.004115,0,0,0,0,0,0,0,0,0,0,0,0,0.000804,0,0,0,0,0.000426,0,0,0,0,0,0.003547,0,0,0,0.010169,0,0,0.000236,0,0,0,0,0,0,0,0,0,0,0,0,0,0,0,0,0.042806,0,0,0,0,0,0,0,0,0,0,0,0,0,0,0,0,0,0,0,0,0,0,0,0,0,0,0,0,0,0,0,0.000662,0,0,0,0,0.009081,0,0,0,0.000662,0,0,0,0,0.00052,0,0,0,0,0,0,0,0,0,0
D4061,0,0.022566,0,0,0.03129,0,0,0,0,0,0,0,0,0,0,0,0,0.804234,0,0.000582,0,0,0,0.011516,0,0,0,0.091427,0,0,0,0,0,0,0,0,0,0,0,0,0,0,0,0,0,0,0,0.000233,0,0,0,0,0,0,0,0,0.006165,0,0,0,0,0,0,0,0,0,0,0,0,0,0,0,0,0,0,0.000698,0,0,0,0,0,0,0,0,0,0,0,0,0,0,0,0,0,0,0,0,0,0,0.007444,0,0,0,0,0,0,0,0,0,0,0,0,0,0,0,0,0,0,0,0,0.000116,0,0,0,0,0,0,0,0,0,0,0,0,0,0,0,0,0,0,0,0,0,0,0,0,0,0,0,0,0,0,0,0,0,0,0,0,0,0,0,0,0,0,0,0,0,0.004769,0,0,0,0,0,0,0,0,0,0,0,0,0,0.0057,0,0,0,0,0,0,0,0,0,0,0,0,0,0,0,0,0,0,0,0,0,0,0,0,0,0,0,0,0,0,0,0,0,0,0,0,0,0,0,0,0,0,0,0,0,0,0,0,0,0.000931,0,0,0,0,0,0,0,0,0,0,0,0,0,0,0,0,0,0,0,0,0,0,0,0,0,0,0,0,0,0,0,0,0,0,0,0,0,0.002559,0,0,0,0,0,0,0,0,0,0,0,0,0,0,0,0,0,0,0,0,0,0,0,0,0,0,0,0,0,0,0,0,0,0,0,0,0,0,0,0,0,0,0,0,0,0,0,0,0,0,0,0,0,0,0,0,0,0,0,0,0,0,0,0,0,0,0,0.001861,0,0,0,0,0,0,0,0,0,0,0,0,0,0,0,0,0,0,0,0,0,0,0,0,0,0,0,0,0,0,0,0,0,0,0,0,0,0,0,0,0,0,0,0,0,0,0,0,0,0,0,0,0,0,0,0,0,0,0,0,0,0,0,0
D4389,0.006831,0,0,0,5.7e-05,0,0,0,0,0,0,0,0,0,0,0,0.028919,0,0,0,0,0,0,0.000128,0,0,0.000898,0,0,0,0,0,0,0.000342,0,0,0,0,0,0,0.001768,0.000385,0,0,0.000442,0,0,0,0,0,0,0,0,0,0,0,0,0,0,0,0,0,0,0,0,0,0,0.001269,0,0,0,0,0,0.003922,0,0,0.004264,0,0,0,0,0,0,0,0,0,0,0,0,0.000314,0,0,0,0,0,0.006217,0,0,0,0,0,0,0,1.4e-05,0,0,0,0,0,0,0,0,1.4e-05,0,0,0,0,0,0,0,0,0,0,0,0,0,0,0,0,0,0,0,0,0,0,0,0.000143,0,0,0,0,0,0,0,0,0,0,5.7e-05,0,0,0,0,0,0,0,0,0,0,0,0,0,0,0,0,0,0,0,0,0,0,0,0,0,0,0,0.002339,0,0,0,0,0,0,0,0.004192,0,0,0,0,0,0.068477,0,0,0,0,0,0,0,0,0.001754,0,0,0,0,0,0,0,0,0,0,0,0,0.00974,0,0,0,0,0,0.000414,0,0,0.046502,5.7e-05,0,0,0,0.000342,0,0,0.002367,0,0,0,0,0,0,0,0,0,0,0,0,0,0,0,0.012107,0,0,0.000285,0,0,0,0,0,0,0.000143,0,0,0,0.011394,0,0,0,0,0,0,0,0,0,0,0,0,1.4e-05,0,0.001241,0,0,0.005091,0.000385,0,0,0,0.035037,0,0.000214,0,0,0,0,0,0,0,0,0,0,0,0,0,0,8.6e-05,0,0,0,0,0,0,0,0,0,0,0,0,0.014788,0,5.7e-05,0,0,0.020677,0.000157,0,0,0,0,0,0,0,0,0,0,0,0.000128,0.000242,0,0,0,0,0,0.045618,0,0,0,0,0.016556,0.016214,0,0.00067,0,0,0,0,0,0,1.4e-05,0.000813,0,0,0,0,0,0,0,0,0,0,0,0,0,0.000285,0,1e-04,0,0,0,0,0,0,0,0,0.024413,0,0,0,0,0.000342,0,0,0,0,0,0,0,0,0.001098,0,0,0,0,0.011322,0,0,0
D654,0.001583,0,0,0,0.000898,0,0,0,0,0,6.4e-05,0,0,0,0,0,0.145265,0,0,0,0,2.1e-05,0,0,0,0,0.000898,0,0,0.001176,0,0,0,0.000406,0,0,0,0,0,0,0.015121,0,0,0,0.000235,0,0,0,0.000278,0,0,0,0,0,0,0,0,0,0,0,0,0,0,0,0,0,0,0.000214,0,0,0,0,0,0.003144,0,0,0.010159,0,0,0,0,0,0,0,0,0,0,0,0,0,0,0,0,0,0,0.001005,0,6.4e-05,0,0,0.030905,0,0,0,0.000128,0,0,0,0,0,0,0,4.3e-05,0,0,0,0,0,0,0,0,0,0,0,0,6.4e-05,6.4e-05,0,0,0,0,0,0,0,0,0,0.003999,0,0,0,8.6e-05,0,0,0,0,0,0.010844,0,0,8.6e-05,0,0,0,0,0,0,0,0,0,0,0,0,0,0,0,0,0,0,0,0,0,0,0,0,0,0.002331,0,0,0,0,0,0,0,0.000642,0,0,0,0,0,0.003037,0,0.02235,0,0,0.000171,0,6.4e-05,0,0.000342,0.000471,0,0,0,0,0,0,0.00015,0,0,0,0,0.019163,0,0,0,0,0,0,0,0,0.009389,0,0,0,0,8.6e-05,0.005732,0,0.002117,0,0.000513,0,0.016875,0,0,0,0,0,0,0,0,0,0,0,0.003529,0,0.001668,0,0,0,0,0,0,0,0.001561,0,0,0,0.030755,0,0,0,0,0,0,0,0,0,0.000214,0,0.005432,0,0.000299,4.3e-05,0,0,0.002866,0.000128,0,0,0,0.000449,0,0.005261,0,0,0.00077,0,0,0,0.000898,0.009796,0,0,0,0,0,0,0,0,0,0,0,0,0,0.000192,0,0,0,0.004342,0,0.002096,0.000299,0,0,0,0.000813,0.000877,0,0,0,0,0.007593,0,0,0,0,0,0.000599,6.4e-05,0.001027,0,0,0,0,0,0.000962,0,0,0.002609,0,0.008427,0.009004,0,0.000257,0,0.000364,0,6.4e-05,0,0,0.00169,0.000385,0,0,0,0,0,0,0,0,0.004556,0,0,0,0,4.3e-05,0,0.001112,0,0,0.019955,0.003529,0,0,6.4e-05,0,0.001968,0,0.000492,0,0.000513,0,0,0,0.003123,0,0,0,0.000128,0,0.002802,0,0,0,0.012811,0,0,0,0
D3928,0.005634,0,0,0,0.424362,0,0,0,1.3e-05,0,0,0,0.0225,0,0,0,0,0,0,0,7e-06,0,0,0,0,0,7e-06,0,0,0,0,0,0,0.006024,0,0,0,0,0,0,0,0,0,0,0.069182,0.032139,0,0,0,0,0,0,0,0,0,0,0,0,0.119402,0,0,0,0,0,0,0,0,0,0,0,0,0,0,0,0.007594,0,0,0,0,0,0,0,0,0,0,0,0,0,0,0,0,0,0,0,0,0,0,0,0,0,0,0,7e-06,0,0,0,0,0,0,0,0,0,0,0,0,0,0,0,0,0,0,0,0,0,0,0,0,0,0,0,0,0,0,0,0,0,0,0,0,0,0,0,0,0,0,0,0,0,0,0,0,0,0,0,0,0,0,0,0,0,0,0,0,0,0.000119,0,0,0,0,0,0,0,0,0,0,0,0,0,0,0,0,0,0,0,0,0,0,0,0,0,0,0,0,0,0,0,0,0,0.025847,0,0,0,0,0,0,0,0,0,0,0,1e-05,0,0.281105,0,0,0,0,0,0,0,0,0,0,0,0,0,0,0,0,0,0,0,0,0,0,0,0,0,0,0,0,0,0,0,0,0,0,0,0,0,0,0,0,0,0,0,0,0,0,0,0,0,0,0,0,0,0,0,0,0,0,0,0,0,0,0,0,0,0,0,0,0,0,0,0,0,0,1.7e-05,0,0,0,0,0,0,0,0,0,0,0,0,0,0,0,0,0,0,0,0,0,0,0,0,0,0,0,0,0,0,0,0,0,0,0,0,0,0,0,0,0,0,0,0,7e-06,0,0,0,0,0,0,0,0,0,0,0,0,0,0,0,0,0,0,0,0,0,0,0,0,0,0,0,0,0,0,0,0,0,0,0,0,0,0,0,0,0,0,0,0,0,0,0,0,0,0,0,0,0,0,0,0,0,0,0,0,0,0,0,0,0,0,0
D1729,0.001578,0,0,0,0.000371,0,0,0,0,0,0.000418,0,0,0,0,0,0.002925,0,0,0,0,0.000557,0,0,0.007613,0,0.431436,0,0,0,0.001161,0,0,0.00622,0,0,0,0,0,0,0.00622,0,0.001903,0,0.000139,0,0,0,0.000232,0,0,0,0.000139,0,0,0,0,0,0,0,0,0,0,0.000186,0,0,0,0.000975,0,0,0,0,0,0.007242,0,0,9.3e-05,0,0,0,0,0,0,0,0,0,0,0,0,0,0,0,0,0,0,0.005803,0.001718,0.000139,0,0,0,0,0,0,0.000696,0,0,0,0,0,0.00065,0,0,0,0,0,0,0,0,0,0,0.000186,0,0,0,0.005431,0,0,0,0,0,0,0,0,0,0,0.002553,0,0,0,0,0,0,0,0.006824,0,0.000603,0.000186,0,0.0013,0,0,0,0,0,0,0,0,0,0,0,0,0,0,0,0,0,0,0,0,0,0,0,0.00636,0,0.002135,0,0,0,0,0,0,0,0.004781,0,0,0,0,0,4.6e-05,0,0.000279,0,0,0,0,0,0,0.00065,0.002646,0,0,0,0,0.004781,0,9.3e-05,0,0,0,0,0.001393,0,0.000975,0,0.019404,0,0,0,0,0.001393,0.000464,0,0,0,0,0.001393,0,0,0,0.000139,0,0.000418,0,0,0,0.000232,0,0,0,0,0,0,0,0.002925,0,0,4.6e-05,0,0,0,0,0.002043,0,0.00311,0,0,0,0.00311,0,0,9.3e-05,0,0,0,0,0,0,0.000139,0,0.004085,0,0.00065,0.000325,0,0,0.000325,0.000139,0,0,0,0,0,0.002878,0,0,0.000743,0,0,0,0.000139,0.001485,0,0,0,0,0,0,0,0,0,0.001532,9.3e-05,0,0,0,0,0.001903,0,0.002971,0,0.000882,0.000232,0,0,0,0.001346,0.000418,0,0,0,0,0.002646,0,0.008031,0,0,0,0.001021,0,0.000279,0,0,0,0,0,0.000743,0,0,9.3e-05,0,0,0.000325,0,0.000325,0,0.001346,0,0,0,0.000975,0.000325,0.000975,0,0,0,0,0,0,0,0,0.002414,0,0,0,0.001114,0,0,0.003342,0,0,0,0.000418,0,0,0,0,0.000743,0,0.008774,0,0.001625,0,0,0,0.000789,0,0,0,0.000603,0,0,0,0,0,0.000789,0,0,0,0
D4664,0,0.000925,0,0,0,0,0.065961,0,0,0,0,0,0,0,0,0,0,0.035446,0.02209,0,0,0,0,0,0,0,0,0,0,0.001952,0,0.219562,0.021884,0,0,0,0.018391,0,0,0.005754,0,0,0.000205,0.011918,0,0,0,0,0,0,0,0,0,0,0,0,0,0,0,0.000822,0,0.003288,0,0,0,0,0.008528,0,0,0,0,0,0.002158,0,0,0,0,0,0,0,0,0.018699,0,0,0,0,0,0,0,0,0,0,0.019727,0,0,0,0,0,0,0,0,0.003391,0,0,0,0,0,0,0,0,0,0,0,0,0.089489,0,0.00411,0,0,0.019829,0,0,0,0,0,0,0,0,0,0,0,0.011713,0,0.007295,0,0,0,0,0,0,0.010274,0,0,0,0,0,0,0.000616,0,0,0,0,0,0,0,0.018391,0,0,0.000822,0,0,0.00113,0,0,0,0.019008,0.002466,0,0,0,0.011815,0,0,0,0.070585,0,0,0,0,0.003802,0,0,0,0,0,0,0,0,0,0,0.011918,0,0,0,0,0,0,0,0,0,0,0,0,0,0,0,0,0,0,0,0,0,0,0.000719,0,0,0,0,0.000308,0,0,0,0,0,0.000205,0,0,0,0,0,0,0,0,0,0,0,0,0,0,0.007808,0,0,0,0,0,0,0,0,0,0,0,0,0,0,0,0,0,0,0,0,0,0,0,0.007192,0,0,0,0,0,0,0,0,0,0,0,0,0,0,0,0,0,0,0,0,0,0,0,0,0,0,0,0,0,0,0,0,0,0,0,0,0,0,0,0,0.002363,0,0,0,0,0,0,0,0,0,0,0,0,0,0,0,0,0,0,0,0,0,0,0,0,0,0,0,0,0,0.042638,0.001336,0,0,0,0,0,0,0,0,0,0,0,0.00113,0,0,0,0,0,0,0,0,0,0,0,0,0,0,0,0,0,0,0,0,0,0,0,0,0,0,0,0,0,0,0.051063,0,0,0,0.007398,0,0,0,0,0,0,0,0.003082,0,0,0,0,0,0,0,0,0
D3097,0.058541,0,0,0,0.000286,0,0,0,0,0,0,0,0,0,0,0,0.014864,0,0,0,0,0.001715,0,0.000286,0.000457,0,0.000114,0,0,0,0,0,0,0.000114,0,0,0,0,0,0,0.065744,0.000743,0.000114,0,0.000515,0,0,0,0,0,0,0,0,0,0,0,0.000343,0,0,0,0,0,0,0.003487,0,0,0,0,0,0,0,0,0,0.010976,0,0.000114,0.061171,0,0,0,0,0,0,0,0,0,0,0,0,0,0.000114,0,0,0,0,0.015093,0,0,0,0,0,0,0.000572,0,0.001315,0,0,0,0,0,0,0,0,0,0,0,0,0,0,0,0,4e-04,0,0,0,0,0,0,0,0.00383,0,0,0,0,0,0,0,0,0,0,0,0,0,0,0,0,0,0.000172,0,0,0,0,0,0,0,0,0,0,0,0,0,0,0,0,0,0,0,0,0,0,0,0,0,0,0,0.000343,0,0,0,0,0,0,0,0.000743,0,0,0,0.000229,0.000229,0.000229,0,0,0,0,0,0,0,0,0.000172,0.000743,0,0,0.000114,0,0,0,0,0,0,0,0,0.000572,0.000172,0,0,0,0,0,0,0.000343,0.000515,0,0,0,0,0,0,0,0,0,0.001429,0,0.008232,0,0,0,0,0,0,0,0,0,0,0,0.002058,0,0,0,0,0,0,0,0,0,0.00343,0,0,0,0.005946,0,0,0,0,0,0,0.000286,0,0,0.001201,0,0,0,0,0,0,0,0.002172,0,0,0,0,0,0,0.000229,0,0,0,0,0,0,0,0.008918,0,0,0,0,0,0,0,0,0,0,0,0,0,0.000229,0,0,0,0.005317,0,0.000286,0,0.000172,0,0,0.002001,0.000114,5.7e-05,0,0,0,0.014921,0,0,0,0,0,0.002001,0,0.006403,0,0,0,0,0,0.000114,0,0,0.005888,0,0.000343,0,0,0,0.000172,0.002058,0,0,0,0.00606,5.7e-05,0.000629,0,0,0,0,0,0,0,0,0.012406,0,0,0,0,0,0,0.000915,0,0,0.001715,0,0,0,0,0,0,0,0.000743,0,0,0,0,0,0.000686,0,0,0,0.001429,0,0,0,0,0,0,0,0,0,0
D1477,0,0,0.073194,0.115181,0,0,0,0,0,0,0,0,0,0,0.003348,0,0,0,0,0,0.027255,0.000234,0.00961,0.045202,0.005491,0,0,0,0.011485,0,0,0,0,0,0.006831,0.010848,0,0,0,0,0,0,0.178765,0,0,0,0,0,0,0.000703,0,0.04547,0,0,0,0,0.000435,0,0,0,0,0,0.013929,0.067502,0,0,0,0.001239,0,0.001708,0.003817,0.000737,0,0.000938,0,0,0,0.004989,0,0,0,0,0,0,0,0,0,0,0,0,0,0,0,0,0,0,0,0,0,0,0,0,0,0,0,0.004051,0,0,0,0,0,0.002243,0,0,0,0,0,0,0,0,0.003784,0,0,0,0,0,0,0,0,0,0.014431,0,0,0,0.004319,0,0,0.007969,0.00067,0,0,0,0,0,0,0,0,1e-04,0,0,0,0,0,0,0,0,0,0,0,0,0,0,0.002444,0.001641,0.001138,0,0,0,0,0,0,0,0,0,0,0,0.001373,0,0.003214,0,0.000603,0,0,0.000167,0.000201,0.006831,0,0,0,0,0,0,0,0.025246,0.001272,0,0.000268,0,0.000737,0,0,0,0.005056,0,0.004118,0,0,0,0,0,0.009107,0,0,0,0.00077,0,0.004185,0.001239,0,0,0,0,0,0.021463,0,0,0,0,0,0.000167,0.000201,0,0,0,0,0.00231,0,0,0.002545,0,0,0,0,0.00298,0,0,0,0,0,0,0,0,0,0,0,0,0,0.000368,0,0,0,0,0,0,0,0,0.00606,0,0,0,0,0,0,0,0.011652,0,0,0,0,0,0,0,0,0,0,0,0,0.000335,0,0,0,0,0.002377,0,0,0,0.009543,0,0,0.001674,0,0,0,3.3e-05,0,0,0,0,0,0,0,0,0,0,0,0,0,0,0,0,0,0,0,0,0,0.001373,0,0.005022,0,0,0,0,0,0,0,0,0,0,0.002344,0,0,0,0,0,0,0,0,0,0,0,0,0,0,0,0,0,0,0,0,0,0,0,0,0.006395,0,0,0,0,0,0,0,0,0,0,0,0,0,0,0,0,0,0,0,0,0,0,0.008304,0.00231,3.3e-05,0,0,0,0,0,0,0,0,0,0,0.001373
D1111,0.057181,0.004414,0,0,0,0,0.007962,0,0,0,0,0,0,0,0,0,0.101118,0,0.073559,0.000701,0,0.000248,0,0,0,0,0,0,0,0,4.1e-05,0,0.009613,0.000165,0,0,0.022237,0,0,0.004827,0.021412,0,0,0.042989,0,0,0,0,0,0,0,0,0,0,0,0,0,0,0,0,0,0.001155,0,0,0,0,0.00557,0,0,0,8.3e-05,0,0,0.006065,0.002022,0,0.003218,0,0,0,0,0.002517,0,0.009901,0,0,0,0,0,0,0,0,0.021783,0,0,0.001733,0,0,0,0,0.018483,0.000165,0,0,0.000165,0,0,0,0.003589,0,0,0,0.000866,0,0.006725,0,0.000619,0,0,0.000165,0,0,0,0,0,0,0,0,0,0,0,0,0,0.004744,0,0,4.1e-05,0,0,0,0,0,0,0,0,0,0.049053,0,4.1e-05,0,0,0,0,0,0,0.006725,0,0,0,0,0,8.3e-05,0,0,0,0,0.000165,0,0,0,0.004167,0,0,0.001279,0,0,0,0,0,0,0,0,0,0.006395,0,0,0,0,0,0.001196,0.001196,0.012748,0,0,0,0,0,0,0,0,0.000124,0,0,0,0,0,0,0,0,0,0,0.001733,0,0,0,0,0,0,0,0,0.005982,0,0,0,0,0.003424,0,0,0.000124,0,0,0,0.005405,0,0,0,0,0,0,0.003383,0,0,0,0,0.000825,0,0,0,0,0,0,0,0,0,0.000825,0,0,0,0,0,0,0,0,0.00132,0,0,0,0,0,0,0,0,0,0.001857,0,0,0.000413,0.000165,0,0,0,0,0,0.000124,0,0,0.001857,0,0,0,0,0,0,0,0,0,0,0,0,0,0,0,0,0,0.004126,4.1e-05,0,0,0,0,0,0.000248,0,0,0,0,0.000165,0.000866,0,0,0,0,0.016791,0,0,0,0,0,0,0,0.039069,0,0,0,0.004497,8.3e-05,0,0,0,0.003548,0,0,0,0,0,0,0,0.000619,0,0.002022,0.00297,0,0,0,0,0,0,0,0,0,0,0,0,0,0,0,0,0,0.000413,0,0,0,0.058006,0,0,0,0,0.000289,0,0.000743,0,0,0,0,0,0.011263,0,8.3e-05,0,0,0,0,0,0,0,0,0,0,0,0
D3622,0.000256,0,0,0,0,0,0.091149,0,0,0,0,0,0,0,0,0,0,0,0.004178,0,0,0,0,0,0,0,0,0,0,0,0,0,0.019526,0,0,0,0,0,0,0.000512,0,0,0,0,0,0,0,0,0,0,0,0,0,0,0,0,0,0,0,0,0,0.466576,0,0,0,0,0.000597,0,0,0,0,0,0,0,0,0,0,0,0,0,0,0,0,0.000171,0,0,0,0,0,0,0,0,0,0,0,0,0,0,0,0,0,0.234141,0,0,0,0,0,0,0,0,0,0,0,0,0,0,0,0,0,0.007248,0,0,0,0,0,0,0,0,0,0,0,0,0,0,0,0,0,0,0,0,0,0,0,0,0,0,0,0,0,0,0,0,0,0,0,0.000171,0,0,0.000171,0,0,0,0,0,0,0,0,0,0,0,0.000171,0,0,0,0.000597,0,0,0,0,0.111869,0,0,0,0,0,0,0,0,0,0,0.000341,0,0,0,0,0,0,0,0,0,0,0,0,0,0,0,0,0,0,0,0,0,0,0,0,0,0,0,0,0,0,0,0,0,0,0,0,0,0,0,0,0,0,0,0,0,0,0,0,0.000171,0,0,0,0,0,0,0,0,0,0,0,0,0,0,0,0,0,0,0,0,0,0,0,0,0,0,0,0,0,0,0,0,0,0,0,0,0,0,0,0,0,0,0,0,0,0,0,0,0,0,0,0,0,0,0,0,0,0,0,0,0,0,0,0,0.000767,0,0,0,0,0,0,0,0,0,0,0,0,0,0,0,0,0,0,0,0,0,0,0,0,0,0,0,0,0,0,0.000171,0,0,0,0,0,0,0,0,0,0,0,0.035215,0,0,0,0,0,0,0,0,0,0,0,0,0,0,0,0,0,0,0,0,0,0,0,0,0,0,0,0,0,0,0,0,0,0,0,0,0,0,0,0,0,0,0,0,0,0,0,0,0,0,0,0
D189,0,0,0,0.597419,0,0,0,0,0,0,0,0,0,0,0.001571,0,0,0,0,0,0.001122,0,0.005331,0,0,0,0,0,0,0,0,0,0,0,0.000842,0,0,0,0,0,0,0,0,0,0,0,0,0,0,0,0,0,0,0,0,0,0,0,0,0,0,0,0.041582,0,0,0,0,0,0,0,0,0,0,0,0,0,0,0,0,0,0,0,0,0,0,0,0,0,0,0,0,0,0,0,0,0,0,0,0,0,0,0,0,0,0,0,0,0,0,0,0,0,0,0,0,0,0,0,0,0,0,0,0,0,0,0,0,0,0,0,0.027722,0,0,0,0.00275,0,0,0,0,0,0,0,0,0,0,0,0,0,0,0,0,0,0,0,0,0,0,0,0,0,0,0,0,0,0,0,0,0,0,0,0,0,0,0,0,0,0.078732,0,0,0,0.001178,0,0,0,0,0.004602,0,0,0,0,0,0,0,0,0,0,0,0,0,0,0,0,0,0,0,0,0,0,0,0,0,0,0,0,0,0,0,0,0,0,0,0,0,0,0,0,0,0,0,0,0,0,0,0,0,0,0,0,0,0,0,0,0,0,0,0,0,0,0,0,0,0,0,0,0,0,0,0.000505,0,0,0,0,0,0,0,0,0.008642,0,0,0,0,0,0,0,0,0,0,0,0,0,0,0,0,0,0,0,0,0,0,0,0,0,0,0,0,0,0,0,0,0.014983,0,0,0,0,0,0,0,0,0,0,0,0,0,0,0,0,0,0,0,0,0,0,0,0,0,0,0,0.028002,0,0,0,0,0,0,0,0,0,0,0,0,0,0,0,0,0,0,0,0,0,0,0,0,0,0,0,0,0,0,0,0,0,0,0,0.089001,0,0,0,0,0,0,0,0,0,0,0,0,0,0,0,0,0,0,0,0,0,0,0,0,0,0,0,0,0,0,0,0,0,0,0,0
D1575,5.3e-05,0,0,0,0,0,0.032623,0,0,0,0,0,0,0,0,0,7.1e-05,0,0.109304,0.004337,0,0,0,0,0,0,0,0,0,0,0,0,0.035898,0,0,0,0.194746,0,0,0.045686,0,0,0,0.030747,0,0,0,0,0,0,0,0,0,0,0,0,0,0,0,0,0,0.001894,0,0,0,0,0.021631,0,0,0,0,0,0,0,0,0,0,0,0,0,0,0.099904,0,0.014745,0,0,0,0,0,0,0,0,0.050731,0,0,0,0,0,0,0,0,0.001221,0,0,0,0,0,0,0.020834,0,0,0,0,0,0.008992,0,0,0,0,0.003168,0,0,0,0,0,0,0,0,0,0,0,0,0,0.045385,0,0,0,0,0,0,0,0,0,0,0,0,7.1e-05,0,0,0,0,0,0,0,0,0.017612,0,0,0,0,0,0.002761,0,0,0,0,0.115145,0,0,0,0.011895,0,0,0,0,0,0,0.00377,0,0,0,0,0,0,0,0,0,0,0,0,0.01032,0,0,0,0,0,0,0,0,0,0.012302,0,0,0,0,0,0,0,0,0,0,0,0,0,0,0,0,0,0.000159,0,0,0,0,0,0,0,0,0,0,0,0,0,0,0,0,0,0,0,0,0.037137,0,0,0,0,0,0,0,0,0,0,0,0,0,0,0,0,0,0,0,0,0,0,0,0,0,0,0,0,0,0,0,0,0,0,0,0,0,0,0,0,0,0,0,0,0,0,0,0,0,0,0,0,0,0,0,0,0,0,0,0,0,0,0,0,0.000779,0,0,0,0,0,0,0,0,0,0,0,0,7.1e-05,0,0,0,0,0,0,0,0,0,0,0,0,0,0,0,0,0.006142,0,0,0,0,0,0,0,0,0,0,0,0,0.001611,0,0.002514,0,0,0,0,0,0,0,0,0,0,0,0,0,0,0,0,0,0,0,0,0,0,0,0,0,0,0,0,0,0,0,0,0,0,0,0,0,5.3e-05,0,0,0.004567,0,0,0,0,0,0,0,0,0
D2612,0,0,0,0.000225,0,0,0,0,0,0.011679,0,0.00266,0,0.246021,0,0,0,0,0,0,0,0.013392,0.000812,0,0,4.5e-05,0,0,0,0.000947,0,0,0,4.5e-05,0,0,0,0,0.004374,0,0.002255,0.000767,0.000992,0,0.000541,0,0,0,0.001984,0,0,0,0.004644,0.000271,0,0,0.006268,0,0,0,0,0,0,0,0,0,0,0.001578,0.000271,0,0,0,0,0.005005,0,0.072237,0.002119,0,0,0,0,0,9e-05,0,0,0,0.001488,0,0,0.010416,0,0.001623,0,0,0,0.00487,0.001082,0,0,0,0,0,0,4.5e-05,0.000586,0,0.000586,0,0,0,0.003923,0,0,0,0,0,0,0,0.000135,0,0,0,0,0.002886,0,0.002841,0.000406,0.003698,0,0,0,0,0,0,0,0,0.005907,0,0.00018,0,0.000631,0,0,0,0.000271,0,0,0,0,0.003066,0,0,0,0,0,0,0.000135,0,0,0,0.002931,0,0,0,0,0,0,0,0.000451,0,0,0,0,0.000676,0,0.005005,0,0,0.003427,0,0,0,0,0,0,0,0,0.00487,0.000496,0,0,0,0,0,0.003292,0,0,0.002841,0.000676,0.002706,0,0,0,0,0,0,0.006178,0,0,0,0,0,0,0.005546,0,0.013618,0,0,0,0.000225,0,0.001488,0,0,0,0,0,0,0,0,0,0.000135,0,0,0,0,0,0,0,0,0,0,0,0.002345,0,0,0,0.002976,0,0,0,0,0.001127,0,0.001759,4.5e-05,0,0,0,0,0,0,0,0,0,0,0,0,0.003833,0,0.008883,0.000676,0.000271,0,0,0,0,0,0,0,0,0,0,0.002119,0.001984,0.00018,0.000721,0,0,0.000225,0,0,0.002209,0,0,0,0.000812,0,0.000225,0,0,0,0,0,0,0.001713,0.004735,0,0,0.000406,0,0.002074,0.000451,0.000947,0,0,0,0,0.000541,0.001623,0,0.000135,0,4.5e-05,0,0,0,0,0,0,0,0.004284,0,0,0,0,0,0.001353,0,0,0,0,0,0.000135,0.001308,0,0,0,0.000586,0,0.010281,0.00514,0.002886,0,0,0,0,0,0,0,0,0,0,0,0,0,0,0,0.000271,0,0.000451,0,0,0,0,0.001037,0,0,0,0,0.00018,0,0.000767,4.5e-05,0.003337,0,0,0,0,0.003111,0,9e-05,0.003156,0.001037,0,0.000451,0,0,0,0
D314,0.007049,0,0,0,0,0.249119,0,0,0.000117,0,0,0,0,0,0,0,0,0,0,0,0,0,0,0,0,0,0,0,0,0,0.002996,0,0,0,0,0,0,0,0,0,0,0,0,0,0,0,0,0,0,0,0,0,0,0,0,0,0,0,0,0,0,0,0,0,0,0.096746,0,0,0,0,0,0,0,0,0,0,0,0,0.071781,0,0,0,0,0,0,0,0,0.053513,0,0,0,0,0,0.000235,0,0,0,0,0,5.9e-05,0,0,0,0,0,0,0,0.024025,0,0,0,0,0,0,0,0,0,0,0,0,0,0,0,0,0.000764,0,0,0,0,0,0,0,0,0,0,0,0,0,0,0.008459,0,0,0,0,0,0.000705,0,0.008224,0,0,0.002467,0,0,0,0,0,0,0,0,0,0,0,0,0,0,0,0,0,0,0,0,0,0,0,0,0,0,0,0,0,0,0,0,0,0.00094,0,0,0,0,0,0,0,0.000881,0,0,0.001116,0,0,0,0,0,0,0,0,0,0,0,0,0,0,0,0,0,0,0,0,0,0,0,0,0,0,0,0,0,0.000646,0,0.000411,0,0,0,0,0,0,0,0,0,0,0,0,0.018445,0,0,0,0,0,0,0,0.004053,0.008282,0.000176,0,0,0,0,0,0,0,0,0,0.007871,0,0,0,0,0,0,0,0,0,0,0,0,0,0,0.006873,0,0,0,0,0.00558,0,0.015566,0,0,0,0,0,0,0,0,0,0,0,0,0,0,0,0,0,0,0,0,0,0,0,0,0,0,0,0,0,0,0,0,0.003818,0,0,0,0,0,0,0,0,0,0,0,0,0,0,0,0,0,0.000117,0,0,0,0,0,0,0,0,0,0,0,0,0,0,0,0,0,0,0,0,0.000117,0,0,0,0,0,0,0,0,0,0,0,0,0,0,0,0,0,0,0,0,0,0.001234,0,0,0,0,0,0,0,0,0,0,0,0,0,0,0,0,0,0,0,0,0.008576,0,0
D3771,0,0,0,0,0,0,0,0,0,0,0,0.251073,0,0.041865,0,0,0,0,0,0,0,0,0,0,0,0,0,0,0,0,0,0,0,0,0,0,0,0,0.000812,0,0,0,0,0,0,0,0,0,0,0,0.201496,0,0,0,0.013568,0.002029,0,0.004581,0,0,0,0,0,0,0,0,0,0,0,0,0,0,0,0,0,0,0,0,0,0,0.000406,0,0,0,0,0,0,0,0,0,0,0.001044,0,0,0,0,0.05955,0,0,0,0,0,0,0,0.001218,0,0,0,0,0,0,0,0,0,0,0.000406,0,0,0,0,0.004523,0.028586,0,0.000116,0,0,0,0,0,0,0,0,0,0,0,0,0,0,0,0,0,0,0,0.001334,0.000174,0,0,0,0,0,0,0,0,0,0,0,0,0,0,0,0,0,0,0,0,0,0,0,0,0,0,0,0.009567,0,0,0,0,0,0.002667,0,0,0,0,0,0,0,0.009683,0,0,0,0,0,0,0,0,0,0,0,0,0,0,0,0,0,0,0,0,0,0.007828,0,0,0,0,0,0,0,0,0,0,0,0,0.004407,0,0,0,0,0,0,0,0,0,0,0,0,0,0,0,0,0,0,0,0,0,5.8e-05,0,0,0,0,0,0,0,0,0,0,0.000232,0,0.00058,0,0,0,0,0,0,0,0,0.000638,0,0,0,0,0.005624,0.021222,0,0,0,0,0,0,0,0,0,0,0,0,0,0,0,0,0,0,0,0,0,0,0,0,0,0,0,0,0,0,0,0,0,0,0,0.008408,0,0,0.001276,0,0,0.001276,0,0,0,0,0,0,0,0,0,0,0,0,0,0,0,0,0,0,0,0,0,0,0,0,0,0,0,0,0,0,0,0,0,0,0.034733,0,0,0,0,0,0,0.000522,0,0,0.000986,0,0,0.006958,0,0,0,0,0,0,0,0.048475,0,0,0,0,0,0,0,0,0,0,0,0,0,0.018555,0,0,0,0,0,0,0,0,0.000174,0.048533,0,0,0,0,0,0
D2354,0.001887,0,0,0,0.010625,0,0,0,0,0,0,0,0,0.000463,0,0,0.000662,0,0,0,0.000199,0.000728,0,0,0,0,0,0,0,0.006719,0,0,0,0.008374,0,0,0,0,0.003211,0,0.019462,9.9e-05,0,0,0.004965,0,0,0,0.017311,0,0,0,0.000132,0,0,0,0.000861,0,0,0,0,0,0,0.008573,0,0,0,0.004468,0,0,0,0,0,0.011386,0,0,0.018238,0,0,0,0,0,0,0,0,0,0,0,0,0.002151,0,0,0,0,0,0.008705,0,0.000265,0,0,0,0,0,0.000397,0.000132,0,0,0,0,0,0,0,0.000132,0,0,0,0,0,0,0,0,0,0,0,0,0.015855,0.000827,0,0,0,0,0,0,0,0,0,0.003608,0,0,0,0,0,6.6e-05,0,0,0,0,0,0,0,0,0,0,0,0,0,0,0,0,0,0.005561,0,0,0,0,0,0,0,0,0,0,0,0,0.007646,0,0.005296,0,0,0,0,0,0,0,0.001324,0,0,0.001059,0.000331,0,0.009433,0,0,0,0,0,0,0,0,0.001456,0.003542,0,0,0,0,0,0,0,0,0,0,0,0.007547,0,0,0,0,0,0.000596,0,0,0.001523,0.000232,0,0,0,9.9e-05,0.006322,0,0.008275,0,0.002052,0,0,0,0,0,0,0,0,0,0,0,0,0,0.008937,0,0.002085,0.007613,0,0,0,0,0.000165,0,0.003144,0.001026,0,0,0,0,0,0.000132,0,0,0,0,0,0,0,0,0,0,0.002383,0.000199,0,0,0.00182,0.000563,0,0,0,0.010062,0,0.005792,0,0,0.014034,9.9e-05,0,0,0.003178,0.000331,0.000298,0,0,0,0,0,0.000861,0,0,0,0,0,0,0.000232,0.003111,0,0,0.001854,0,0.005892,0,0.000463,0,0,0.004303,0.001721,0.000629,0.000364,0,0,0,0,0,0,0,0,0.003178,0,0,0,0,0,0,0,0.002913,0.002218,0,0,0,0.004435,0.003707,0,0.006487,0,0.00139,0,0,0,0,0.003939,0.00384,0,0,0,0,0,0,0,0,0.000132,0,0,0,0.003442,0.005428,0,0.000993,0,0,0,0.000629,0,0,0,0,0.001357,0,0.001125,0,0.005495,0.000132,0,0,0,0,0,0,0,0,0.001556,0,0,0,0,0.000827,0,0,0
D3279,0,0,0,0,0,0,0,0,0,0,0,0,0,0,0,0,0,0,0,0,0,0,0,0,0,0,0,0,0,0,0.166667,0,0,0,0,0,0,0,0,0,0,0,0,0,0,0,0,0,0,0,0,0,0,0,0,0,0,0,0,0,0,0,0,0,0,0,0,0,0,0,0,0,0,0,0,0,0,0,0,0,0,0,0,0,0,0,0,0,0,0,0,0,0,0,0,0,0,0,0,0,0,0,0,0,0,0,0,0,0,0,0,0,0,0,0,0,0,0,0,0,0,0,0,0,0.240113,0,0,0,0,0,0,0,0,0,0,0,0,0,0,0,0,0,0,0,0,0,0,0,0,0,0,0,0,0,0,0,0,0,0,0,0,0,0,0,0,0,0,0,0,0,0,0,0,0,0,0,0,0,0.00565,0,0,0,0,0,0,0,0,0,0,0,0,0,0.259887,0,0,0,0,0,0,0,0,0,0,0,0,0,0,0,0,0,0,0,0,0,0,0,0,0,0,0,0,0,0,0,0,0,0,0,0,0,0,0,0,0,0,0,0,0,0,0,0,0,0,0,0,0,0,0,0,0,0.144068,0,0,0,0,0,0,0,0,0,0,0,0,0,0,0,0,0,0,0,0,0,0,0,0,0,0,0,0,0,0,0,0,0,0,0,0,0,0,0,0,0,0,0,0,0,0,0,0,0,0,0,0,0,0,0,0,0,0,0,0,0,0,0,0,0,0,0,0,0,0,0,0,0,0,0,0,0,0,0,0,0,0,0,0,0,0,0,0,0,0,0,0,0,0,0,0,0,0,0,0,0,0,0,0,0,0,0,0,0,0,0,0,0,0,0,0,0,0,0,0,0,0,0,0,0,0,0,0,0,0,0,0,0,0,0,0,0,0,0,0,0,0,0,0,0,0,0,0,0
D744,0.0025,0.003571,0.002857,0.003929,0,0,0,0,0,0,0,0,0,0,0,0.677857,0,0,0,0,0,0,0,0,0,0,0,0,0,0,0,0,0,0,0,0,0,0,0,0,0,0,0.013214,0,0,0,0,0,0,0,0,0,0,0,0,0,0,0,0,0,0,0,0,0,0,0,0,0,0,0,0,0,0,0,0,0,0,0,0,0,0,0,0,0,0,0,0,0,0,0,0,0,0,0,0,0,0,0,0,0,0,0,0,0,0,0,0,0,0,0,0,0,0,0,0,0,0,0,0,0.121429,0,0,0,0,0,0,0,0,0,0,0,0.000357,0,0,0,0,0,0,0,0,0,0,0,0,0,0,0,0,0,0,0,0,0,0,0,0,0,0,0,0,0,0,0,0,0,0,0,0,0,0,0,0,0,0,0,0,0,0,0,0,0,0,0,0,0,0,0,0,0,0,0,0,0,0,0,0,0,0,0,0,0,0,0,0,0,0,0,0,0,0,0,0,0,0,0,0,0,0,0.013214,0,0,0,0,0,0.017857,0,0,0,0,0,0,0,0,0,0,0,0,0,0,0,0,0,0,0,0,0,0,0,0,0,0,0,0,0,0,0,0,0,0,0,0,0,0,0,0,0,0,0,0.001429,0,0,0,0,0,0,0,0,0,0,0,0,0,0,0,0,0,0,0,0,0,0,0,0,0,0,0,0,0,0,0,0,0,0,0,0,0,0,0,0,0,0,0,0,0,0,0,0,0,0,0,0,0,0,0,0,0,0,0,0,0,0,0,0,0,0,0.040357,0,0,0,0,0,0,0,0,0,0,0,0,0,0,0,0,0,0,0,0,0,0,0,0,0,0,0,0,0,0,0,0,0,0,0,0,0,0,0,0,0,0,0.009286,0,0,0,0,0,0,0,0,0.014643,0,0,0,0,0,0,0,0,0,0,0,0
D4501,0,0.665957,0,0,0.075177,0,0,0,0,0,0,0,0,0,0,0.005674,0,0,0,0,0,0,0,0.01773,0,0,0,0.168085,0,0,0,0,0,0,0,0,0,0,0,0,0,0,0,0,0,0,0,0,0,0,0,0,0,0,0,0,0.004255,0,0,0,0,0,0,0,0,0,0,0,0,0,0,0,0,0,0,0,0,0,0,0,0,0,0,0,0,0,0,0,0,0,0,0,0,0,0,0,0,0,0.012057,0,0,0,0,0,0,0,0,0,0,0,0,0,0,0,0,0,0,0,0,0,0,0,0,0,0,0,0,0,0,0,0,0,0,0,0,0,0,0,0,0,0,0,0,0,0,0,0,0,0,0,0,0,0,0,0,0,0,0,0,0,0,0,0,0,0,0.034043,0,0,0,0,0,0,0,0,0,0,0,0,0,0.015603,0,0,0,0,0,0,0,0,0,0,0,0,0,0,0,0,0,0,0,0,0,0,0,0,0,0,0,0,0,0,0,0,0,0,0,0,0,0,0,0,0,0,0,0,0,0,0,0,0,0,0,0,0,0,0,0,0,0,0,0,0,0,0,0,0,0,0,0,0,0,0,0,0,0,0,0,0,0,0,0,0,0,0,0,0,0,0,0,0,0,0,0,0,0,0,0,0,0,0,0,0,0,0,0,0,0,0,0,0,0,0,0,0,0,0,0,0,0,0,0,0,0,0,0,0,0,0,0,0,0,0,0,0,0,0,0,0,0,0,0,0,0,0,0,0,0,0,0,0,0,0,0,0,0,0,0,0,0,0,0,0,0,0,0,0,0,0,0,0,0,0,0,0,0,0,0,0,0,0,0,0,0,0,0,0,0,0,0,0,0,0,0,0,0,0,0,0,0,0,0,0,0,0,0,0,0,0,0,0,0,0.001418,0,0,0,0,0,0,0,0,0
D1947,0.000903,0,0,0,0.000157,0,0,0,0,0,0,0,0,0,0,0,0.052425,0,0,0,0,0,0,0,0,0,5.9e-05,0,0,0.00055,0,0,0,0.001394,0,0,0,0,0,0,0.006695,0,0,0,0,0,0,0,3.9e-05,0,0,0,0,0,0,0,7.9e-05,0,2e-05,0,0,0,0,0.000275,0,0,0,0,0,0,0,0,0,0.009405,0,0,0.013685,0,0,0,0,0,0,0,0,0,0,0,0,0,0,0,0,0,0,0.017298,0,0.000157,0,0,0.028824,0,0,3.9e-05,0.000196,0,0,0,0,0,0,0,0,0,0,0,0,0,0,0,0,0,0,0,0,0,0,0,0,0.000511,0,0,0,0,0,0,0.007049,0,0,0,2e-05,0,3.9e-05,0,0,0,0.009719,3.9e-05,0,0,0,0,0,0,0,0,0,0,0,0,0,0,0,0,0,0,0,0,0,0,0,0,0,0,0,0.003397,0,0,0,0,0,0,0,0.002337,0,0,0,0,0,0.002356,0,0.009974,0,0,0,0,0,0,0.000118,0.000393,0,0,0,0,0,0,0.000216,0,0,0,0,0.005792,0,0,0,0,0,0,0,0,0.002376,0,0,0,0,0,0.005184,0,0.003397,0,0.000569,0,0.004791,0,0,0,0,0,0,0,0,0,0,0,0.007579,0,0.002337,0.000216,0,0,0,0,0,0,0.001139,0.00055,0,0,0.002926,0,0,5.9e-05,0,0,0,5.9e-05,0,0,7.9e-05,0,0.012586,0,0.00055,0.000216,0,0,0.012311,0.000236,0,0,0,0.001217,0,0.013352,0,0,2e-05,0,0,0,0.001001,0.002474,0,0,0,0,0,0,0,0,0,0,0,0,0,0,0.000452,0,0,0.001021,0,0.006637,0.006421,9.8e-05,0,0,0.000726,0.001335,0,0,0,0,0.00485,0,0,0,0,0,0.00271,0,0.001198,0,0,0,0,0,0,0,0,0.001846,0,0.004045,0.022757,0,0.000196,0,0.000432,0,0,0,0.001217,0.002278,0.001217,0,0,0,0,0,0,0,0,0.004045,0,0,0,0.000589,5.9e-05,0,0.000491,0,0,0.007363,0.00055,0,0,0,0,0.002121,0,0.001983,0,0,2e-05,0,0,9.8e-05,0,0,0,0.001335,0,0.00322,0,2e-05,0,0.001767,3.9e-05,0,0,0
D918,0,0,0,0,0.001318,0.000989,0,0,0,0,0,0,0,0,0,0,0,0,0,0,0,0.000824,0,0,0,0,0,0,0,0,0.001978,0,0,0,0,0,0,0.00791,0,0,0,0,0,0,0,0.006262,0,0,0,0,0,0,0,0,0,0,0,0,0,0,0,0,0,0,0.039881,0,0,0,0,0,0,0.013349,0,0,0,0,0,0,0,0,0,0,0,0,0,0,0,0,0,0,0,0,0,0.715392,0,0,0,0,0,0,0,0,0,0,0,0,0,0,0,0,0,0,0,0,0,0,0,0,0,0,0,0,0,0,0.012195,0,0,0,0.051088,0,0,0,0,0,0,0.020435,0,0,0,0,0,0,0,0,0,0,0,0,0.001813,0,0,0,0,0,0,0,0,0,0,0,0,0,0,0,0.016809,0,0,0,0,0,0,0,0,0,0,0,0,0,0.007746,0,0,0,0,0,0,0.003955,0,0,0,0,0,0,0,0,0,0,0,0,0,0,0,0,0,0,0.005933,0,0,0,0,0,0,0,0,0,0.006427,0,0,0,0,0,0,0,0,0,0,0,0,0,0,0,0,0,0,0,0,0,0,0,0,0,0,0.037904,0,0,0,0,0,0,0,0,0.009558,0,0,0,0,0,0,0,0,0,0,0,0,0,0,0,0,0,0,0,0,0,0,0,0,0,0,0,0,0,0,0,0,0,0,0,0,0,0,0,0,0,0,0,0,0,0,0,0,0,0,0,0,0,0,0,0,0,0,0,0,0,0,0,0,0,0,0,0,0,0,0,0,0,0,0,0,0.001648,0,0,0,0,0,0,0,0,0,0,0,0,0,0,0,0,0,0,0,0,0,0,0,0,0,0,0,0,0,0,0,0,0,0,0,0,0,0,0,0,0,0,0,0,0,0,0,0,0,0,0,0,0,0,0,0,0,0,0,0.019281,0,0,0,0,0,0,0,0,0,0,0,0
D158,0,0,0.075705,0.106006,0,0,0,0,0,0,0.002713,0,0,0,0.001719,0,0,0,0,0,0,0.00208,0.041064,0.023788,0,0,0.000181,0,0.008774,0,0.005879,0,0,0,0.008683,0.001809,0,0,0,0,0,0.034099,0.011306,0,0,0,0,0,0,0.027044,0,0.025687,0,0,0,0,0.00606,0,0,0,0,0,0.007598,0.018813,0,0,0,0,0,0,0,0,0,0,0,0,0,0.000814,0,0,0,0,0,0,0,0.025597,0,0,0,0,0,0,0,0,0,0,0,0,0,0,0,0,0,0,0,0.052189,0,0,0,0,0,0.001628,0,0,0,0,0,0,0,0,0.00805,0,0,0,0,0,0,0,0,0,0.014472,0,0,0,0,0,0,0.039978,0.032923,0,0,0,0,0,0,0,0,0,0,0,0,0,0,0,0,0,0,0,0,0,0,0,0,0.002804,0.002623,0,0,0,0,0,0,0,0,0,0,0,0,0,0.035094,0,0,0,0,0,0,0.015648,0,0,0.007959,0,0,0,0,0.012301,0.010854,0,0,0,0,0,0,0,0.00398,0,0.043144,0,0,0,0,0,0,0,0,0,0,0,0,0,0,0,0,0,0,0.020532,0,0,0,0,0,0,0,0,0,0,0,0.016733,0,0,0,0,0,0,0,0.008774,0,0,0,0,0,0,0,0,0,0,0,0,0,0,0,0,0,0,0,0,0,0,0,0,0,0,0,0,0,0.000271,0,0,0,0,0,0,0,0,0,0,0,0,0,0.000181,0,0,0,0,0,0.003075,0,0,0.013115,0,0,0.003347,0,0,0,0.001628,0,0,0,0,0,0,0,0,0,0,0,0,0,0,0,0,0,0.004251,0,0,0,0.025416,0,0.009135,0,0,0,0,0,0,0,0,0,0,0.001447,0,0,0,0,0,0,0.001357,0,0,0,0,0,0,0,0,0,0,0,0,0,0,0,0,0,0.010492,0,0,0,0,0,0,0,0,0,0,0,0,0,0,0,0,0,0,0,0,0,0,0,0.006241,0,0,0,0,0,0,0,0,0,0,0,0.004432
D2341,0.044118,0,0,0,0,0.093627,0,0,0,0,0,0,0.034069,0,0,0,0,0,0,0,0,0,0,0,0,0,0,0,0,0,0,0,0,0,0,0,0,0,0,0,0,0,0,0,0.00049,0,0,0,0.00049,0,0,0,0,0.047059,0,0,0,0,0.001471,0,0,0,0,0,0,0.088725,0,0,0,0,0,0,0,0,0,0,0,0,0.028676,0,0,0,0,0,0,0,0,0.016667,0,0,0,0,0,0,0,0,0,0,0,0,0,0,0,0.001225,0,0,0,0.014951,0,0,0,0,0,0.109069,0,0,0,0,0,0,0,0,0,0,0,0,0,0,0,0,0,0,0,0,0,0,0,0,0,0.019608,0,0,0,0,0,0,0,0.00049,0.008824,0,0.005637,0.00098,0,0,0,0,0,0,0,0,0.00049,0,0,0,0,0,0,0,0,0,0,0,0,0,0,0,0,0,0,0,0,0,0,0,0,0,0,0,0,0,0,0,0,0,0,0,0,0,0,0,0,0,0,0,0,0,0,0,0,0,0,0,0,0,0,0,0,0,0,0,0,0,0,0,0,0,0,0.003431,0,0.010294,0.00049,0,0,0,0,0,0,0,0,0,0.002206,0,0.053676,0,0,0.024265,0,0,0,0.007108,0,0,0,0,0,0,0,0,0,0,0.008088,0,0,0,0,0,0,0,0,0,0,0,0,0,0,0.001225,0,0,0,0,0.001961,0,0.008578,0,0,0,0,0,0,0,0,0,0,0,0,0,0,0,0,0,0,0,0,0,0,0,0,0,0,0,0,0,0,0,0,0.001471,0,0,0,0,0,0,0,0,0,0,0,0,0,0,0,0,0,0.046324,0,0,0,0,0,0,0,0,0,0,0,0.00049,0,0,0,0,0,0,0,0,0.003922,0,0,0,0.00098,0,0,0,0,0,0,0,0,0,0,0,0,0,0,0,0.001225,0,0.010784,0,0,0,0,0,0,0,0,0,0,0,0,0,0,0,0,0,0,0,0,0,0,0
D1056,0.116316,0,0,0,0,0.162999,0,0,0,0,0,0,0,0,0,0,0,0,0,0,0,0,0,0,0,0,0,0,0,0,0.0011,0,0,0,0,0,0,0,0,0,0,0,0,0,0,0,0,0,0,0,0,0,0,0,0,0,0,0,0,0,0,0,0,0,0,0.03741,0,0,0,0,0,0,0,0,0,0,0,0,0.017919,0,0,0,0,0,0,0,0,0.076077,0,0,0,0,0,0,0,0,0,0,0,0.001257,0,0,0,0,0,0,0,0.019962,0,0,0,0,0,0,0,0,0,0,0,0,0,0,0,0,0.000472,0,0,0,0,0,0,0,0,0,0,0,0,0,0,0.027036,0,0,0,0,0,0,0,0.000943,0,0,0.067432,0,0,0,0,0,0,0,0,0,0,0,0,0,0,0,0,0,0,0,0,0,0,0,0,0,0,0,0,0,0,0,0,0,0,0,0,0,0,0,0,0,0.0011,0,0,0.000786,0,0,0,0,0,0,0,0,0,0,0,0,0,0,0,0,0,0,0,0,0,0,0,0,0,0,0,0,0,0,0,0.038038,0,0,0,0,0,0,0,0,0,0,0,0,0.006602,0,0,0,0,0.036309,0,0,0.002201,0.005816,0.000629,0,0,0,0,0,0,0,0,0,0.015718,0,0,0,0,0,0,0,0,0,0,0,0,0,0,0,0,0,0,0,0.002515,0,0.007388,0,0,0,0,0,0,0,0,0,0,0,0,0,0,0,0,0,0,0,0,0,0,0,0,0,0,0,0,0,0,0,0,0.001257,0,0,0,0,0,0,0,0,0,0,0,0,0,0,0,0,0,0.010688,0,0,0,0,0,0,0,0,0,0,0,0,0,0,0,0,0,0,0,0,0.000786,0,0,0,0,0,0,0,0,0,0,0,0,0,0,0,0,0,0,0,0.004401,0,0.003772,0,0,0,0,0,0,0,0,0,0,0,0,0,0,0,0,0,0,0,0,0,0,0
D2781,0.638298,0,0,0,0,0,0,0,0.000365,0,0,0,0,0,0,0,0.000243,0,0,0,0,0,0,0,0.000851,0,0,0,0,0,0.140426,0,0,0,0,0,0,0,0,0,0.000243,0,0,0,0.000365,0,0,0,0,0,0,0,0,0,0,0,0,0,0,0,0,0,0,0,0.003283,0,0,0,0,0,0,0,0,0.000365,0,0,0,0,0,0,0,0,0,0,0,0,0,0,0,0,0,0,0,0.002432,0,0,0,0,0,0,0,0,0,0,0,0,0,0,0,0.025532,0,0,0,0,0,0,0,0,0,0,0,0,0,0,0,0,0,0,0,0,0,0,0,0,0,0.001337,0,0,0,0,0,0,0,0,0,0.001094,0,0.00462,0,0,0,0,0,0,0,0,0,0,0,0,0,0,0,0.001216,0,0,0,0,0,0,0,0,0,0.000486,0,0.000243,0,0,0,0,0,0,0,0,0,0,0,0,0.001824,0.000243,0,0,0,0,0,0,0,0,0,0,0,0,0,0,0,0,0,0,0,0,0,0,0,0,0,0,0,0,0,0,0,0,0,0,0,0.064195,0,0,0.002432,0,0,0,0,0,0,0,0,0,0,0,0,0,0,0,0,0,0,0,0,0,0,0,0,0,0,0,0,0,0,0,0,0,0,0,0,0,0,0,0,0,0,0,0,0,0,0,0,0,0,0,0,0,0,0,0,0,0,0,0,0,0,0,0,0,0,0,0,0,0,0,0.046565,0,0,0,0,0,0.000608,0,0,0.000365,0,0,0,0,0.000243,0,0,0,0,0,0,0,0,0,0,0,0,0,0,0,0,0,0,0,0,0,0,0,0,0,0,0.000486,0.000243,0,0,0,0,0,0,0,0,0.000243,0.000729,0,0,0,0,0,0,0,0,0,0,0,0,0,0,0,0,0,0,0,0,0,0,0,0,0,0,0,0,0,0,0,0,0,0,0,0,0,0,0,0,0,0,0,0,0,0,0
D1100,0,0,0,0,0,0,0,0.04531,0,0,0,0.033473,0,0.025962,0,0,0,0,0,0,0,0.172138,0,0,0,0.022083,0,0,0,0,0,0,0,0,0,0,0,0,0,0,0,0,0,0,0.015965,0,0.015965,0,0,0,0,0,0,0,0,0,0,0,0,0,0,0,0,0,0,0,0,0,0.005869,0,0,0,0,0,0,0,0,0,0,0.000895,0,0,0,0,0.006167,0,0,0,0.043718,0,0,0,0,0,0.008455,0,0.002039,0,0,0,0,0,0,0,0,0,0.018999,0,0,0,0,0,0,0,0,0,0,0,0,0,0.010246,0,0,0,0,0,0,0,0,0,0,0,0,0,0,0,0,0,0,0,0.014175,0,0,0,0.001791,0,0,0,0,0,0,0,0,0.007311,0.001492,0,0,0,0,0,0,0,0,0,0,0,0,0,0,0.001492,0,0,0,0,0,0,0,0,0,0,0,9.9e-05,0,0,0,0,0,0,0.008207,0,0,0,0,0,0,0,0,0.02263,0,0,0,0,0,0,0,0,0,0,0,0,0,0,0,0,0,0,0,0,0,0,0,0,0,0,0,0.024172,0,0,0,0,0,0,0,0,0,0,0,0,0,0,0,0,0,0,0,0,0,0,0,0,0,0,0,0,0,0,0,0,0,0,0,0,0,0,0,0,0,0,0,0,0,0,0,0,0,0,0,0,0,0.025465,0,0,0,0,0,0,0,0,0,0,0,0,0,0,0,0,0,0,0,0,0,0,0,0,0,0,0,0,0,0,0,0,0,0,0,0,0,0,0,0,0,0,0,0.000149,0,0,0,0,0,0.002835,0,0,0,0,0,0,0,0.020094,0,0,0,0,0,0.021635,0.002089,0,0,0,0,0,0.006963,0,0,0,0,0.002835,0,0.17169,0,0,0,0,0,0,0,0,0,0,0,0,0,0,0,0,0,0,0,0,0,0,0,0,0,0,0,0,0,0,0,0.000149,0,0,0,0,0,0,0,0,0,0
D2056,4.4e-05,0.00161,4.4e-05,0,0,0,0.053158,0,0,0,0,0,0,0,0,0,0.000205,0,0.075025,0,0,0,0,0,0,0.000161,0,0,0,0,0,0,0.023945,0.000161,0,0,0.03842,0,0,0.079957,2.9e-05,0,5.9e-05,0.117455,0,0,0.000132,0,0,0,0,0,0,0,0,0,0,0,0,0,0,0.014665,0,0,0,0,0.099423,0,0.000278,0,0,0,0.180244,2.9e-05,0,0,0,0,0,0,0,0,0,0.017476,0,0,0,0,0,0,0,2.9e-05,0,0,0,0,0,0,0,0,4.4e-05,0.00101,0.000146,0,0,0,0,0,0.144356,0,0,0,0,0,0,0,0,0,0,0.001068,0,0,0,0,0,0,0,0,0,0,0,0,0,0.001347,0,0,0,0,0,0,0,0,0,0,0,0,0,0,0,0,0,0,0,0,0,0.000761,0,0,0.002576,0,0,0.000717,0,0,0,0,0.001727,0,0,4.4e-05,0.015983,0,0,0,0,0,0,0.001025,0,0.000205,0,0,0,0,0,0,0,0,0,0,0,0.000322,0,0,0,0,0,0,0,0,0,0,0,0,0,0,0,0,0,0,0,0,0,0,0,0,0,0,0.000132,0,0,0,0,0,0.000132,0,0,0,0,0,0,0,0,0,0,0,0,0,0,0.001229,0,0,0,0,0,0,0,0,0,0,0,0,0,0,0,0,0,0,0,0,0,0,0,0,0,0,0,0,0,0,0,0,0,0,0,0,0,0,0,0,0,0,0,0,0,0,4.4e-05,0,0,0,0,5.9e-05,0,0,0,0,0,0,0,0,0,0,0,0,0.030399,0,0,0,0,0,0,0,0,0,0,0,0,0,0,0,0,0,0,0,0,0,0,0,0,0,2.9e-05,0,0,0,0,4.4e-05,0,0,0,0,0,0,0,0,0,0,0,0.000132,0,0,0,0,0,0,0,0,0,0,0,0,0,0,0,0,0,0,0,0,0,0,0,0,0,0,0,0,0,0,0.000424,0,0,0,0,0,0,8.8e-05,0,0.000176,0,0,0.000132,0,0,0,0,0,0,0,0,0
D2322,0,0,0,0.030575,0,0,0,0,0,0,0,0,0,0,0,0,0,0,0,0,0,0,0.01623,0,0,0,0,0,0,0,0,0,0,0,0.180554,0,0,0,0,0,0,0,0,0,0,0,0,0,0,0,0,0.14708,0,0,0,0,0,0,0,0,0,0,0.01536,0,0,0,0,0,0,0,0,0,0,0,0,0,0,0,0,0,0,0,0,0,0,0.160701,0,0,0,0,0,0,0,0,0,0,0,0,0,0,0,0,0,0,0,0,0,0,0,0,0,0.18635,0,0,0,0,0,0,0,0,0,0,0,0,0,0,0,0,0,0,0.010433,0,0,0,0.002029,0,0,0,0.088248,0,0,0,0,0,0,0,0,0,0,0,0,0,0,0,0,0,0,0,0,0,0,0,0,0,0.000145,0,0,0,0,0,0,0,0,0,0,0,0.003912,0,0,0,0.002753,0,0,0,0,0.009564,0,0,0,0,0,0,0,0,0,0,0,0,0,0,0,0,0,0,0,0,0,0,0,0,0,0,0,0,0,0,0.001739,0,0,0,0,0,0,0,0,0,0,0,0,0,0,0,0,0,0,0,0,0,0,0,0,0,0,0,0,0,0,0,0,0,0,0,0,0,0,0,0,0,0,0,0,0,0,0,0,0,0.001159,0,0,0,0,0,0,0,0,0,0,0,0,0,0,0,0,0,0,0,0,0,0,0,0,0,0,0,0,0,0,0,0,0.012172,0,0,0,0.012897,0,0,0,0,0,0,0,0,0,0,0,0,0,0,0,0,0,0,0,0,0,0,0,0.000145,0,0,0,0,0,0,0,0,0,0,0,0,0,0,0,0,0,0,0,0,0,0,0,0,0,0,0,0,0,0,0,0,0,0,0,0.001594,0,0,0,0,0,0,0,0,0,0,0,0,0,0,0,0,0,0,0,0,0,0,0.000435,0,0,0,0,0,0,0,0,0,0,0,0,0.00029
D1650,0,0,0,0,0,0,0,0.030354,0,0,0,0.152005,0,0.027883,0,0,0,0,0,0,0,0,0,0,0,0.00013,0,0,0,0,0,0,0,0,0,0,0,0,0.000624,0,0,0,0,0,0,0,0,0,0,0,0.012147,0,0,0,0.007387,0.239817,0,0.002575,0,0,0,0,0,0,0,0,0,0,0,0,0,0,0,0,0,0,0,0,0,0,0,0,0,0,0,0,0,0,0,0,0,0.000156,0,0,0,0,0,0,0,0,0,0,0,0,0.002419,0,0,0,0,0,0,0,0,0,0,0,0,0,0,0,0,0.051241,0,0,0,0,0,0,0,0,0,0,0,0,0,0,0,0,0,0,0,0,0,0.00052,2.6e-05,0,0,0,0,0,0,0,0,0,0.000442,0,0.028482,0,0,0,0,0,0,0,0,0,0,0,0,0,0,0,0.151823,0,0,0,0,0,0,0,0,0,0,0,0,0,0.02086,0,0,0,0,0,0,0,0,0,0,0,0,0,0,0,0,0,0,0,0,0.000104,0,0,0,0,0,0,0,0,0,0,0,0,0,0.009832,0,0,0,0,0,0,0,0,0,0,0,0,0.003017,0,0,0,0,0,0,0,0,0,0,0,0,0,0,0,0,0,0,0,0.000182,0,0.000832,0,0,0,0,0,0,0,0,0.000442,0,0,7.8e-05,0,0,0.007335,0,0,0,0,0,0,0,0,0,0,0,0,0,0,0,0,0,0,0,0,0,0,0,0,0,0,0,0,0,0,0,0,0,0,0,0,0,0,0.001196,0,0,0.000156,0,0,0,0,0,0,0,0,0,0,0,0,0,0,0,0,0,0.00026,0,0,0,0,0,0,0,0,0,0,0,0,0,0,0,0,0,0,0,0,0,5.2e-05,0,0,0,0,0.000312,0,0,0.01956,0,0,0,0,0,0,0,0.001275,0,0,0,0,0,0,0,0,0,0,0,0,0,0,0,0,0,0,0,0,0,0,0,0.003772,0,0,0,0,0,0
D815,0,0,0,0,0.000305,0,0,0.142213,0,0.060973,0,0.188748,0,0.069717,0,0,0,3.4e-05,0,0,0,6.8e-05,0,0,0,0,0,0,0,0,0,0,0,0,0,0,0,0,0.094967,0,0.000203,3.4e-05,0.001762,0,6.8e-05,0,0.039044,0,0,0,0,0,0,0.000136,0,0,0,0,0,0,0,0,0,0.000203,0,0,0,0,0.022267,0,0,0,0,0.000203,0,0,0.000136,0,0,0.083308,0,0,0.028639,0,0.005796,0,0,0,0.047924,0,0,0.007829,0,0,0.008439,0,0,0.000474,0,0,0,0,0,0,0.000169,0,0.011388,0,0,0,0,0,0,0,0,0,0,0,0,0,0.000169,0.000136,0,0,0,0,0.000203,0,0,0,0,0,0.010168,0,0,0,0,0,0,0,0.000474,0.000339,0,0,0.000102,0,0,0,0,0.006846,0,0,0,0.023894,0,0,0,0,0,0,0.000339,0,0,0,0,0,0,0,0.000542,0,0,0.002576,0,0,0,0,0,0,6.8e-05,0,0,0,0,0,0,0,0,6.8e-05,0.001186,0,0,0,0,0,0.000576,0,0.000305,0,0.000102,0,0,0,0,0,0,0,0.000169,0.002339,0,0,0,0,0,0,0,0,0,0,0,0.000881,0,0,6.8e-05,0.000271,0,0,0,0,0,0,0.000373,0.006677,0,0,0,0,0,0.001186,0,0,0,0,0,0,0,0,0.000102,0.000136,0,0,0,0,6.8e-05,6.8e-05,0.000373,0.000102,0,0,0,0,0,0,0.008575,0,0,0.000102,0,0,6.8e-05,0,0.000441,0.000203,0,0,0,0,0,0,0,0.000847,0,0,0,0.000102,0.000542,0.000678,0,0.000237,0,0,0,0,0,0,0,0.000712,0.000102,0.004914,0,0,0,0,0,0,0,6.8e-05,0.000542,0,0.000949,0,0,0,3.4e-05,0,0,0,0,0,0,0,0,0,0,0.007185,0,0,0,0,0,0,0,3.4e-05,0,0,0,0,0,0.000678,0,0,0.000915,0,0,0.00566,0,0,0,0,0,0,0,0.000203,0.000102,0.000949,0,0.000712,0,0,0,0,0.000373,0,0,0,0,0,6.8e-05,0,0.000102,0,0.003559,0,0,0.000169,0,0.000102,0,0,0,0,0.00366,0,0,0,0.000271,0,0,0,0,0.000102,0,0,0,0,0,0,0,0,0.001254,0
D341,0,0,0,0,0,0,0,0,0,0,0,0,0,0,0,0,0.011107,0,0,0,0,0.000191,0,0,0,0,0,0,0,0,0,0,0,0,0,0,0,0,0,0,0.006319,0,9.6e-05,0,0,0,0,0,0,0,0,0,0,0,0,0,0,0,0,0,0,0,0,0,0,0,0,9.6e-05,0,0,0,0,0,0.058933,0,0,0.004548,0,0,0,0,0,0,0,0,0,0,0,0,4.8e-05,0,0,0,0,0,0.019724,0,0,0,0,0,0,0,0,0.005601,0,0,0,0,0,0,0,0,0,0,0,0,0,0,0,0,0.003638,0.001628,0,0,0,0,0,0,0.041699,0,0,0,0,0,0,0.004261,0,0,0,0,0,0,0,0,0,0,0,0,0.000383,0,0,0,0,0,0,0,0,0,0,0,0,0,0,0,0,0,0,0,0,0,0,0,0,0,0.009575,0,0,0,0,0,0,0,0,0,0,0,0,0,0,0,0,0,0,0,0,4.8e-05,0,0,0,0,0,0,0,0,0,0.001532,0,0,0,0,0,0,0.014793,0,0,0,0,0,0,0,0,0,0,0,0,0,0,0,0,0.000335,0,0,0,0,0,0,0,0,0,0,0,0,0,0,0,9.6e-05,0,0,0,0,0,0,0,0.016229,0.030209,0,0,0,0,0,0,0,0,0,9.6e-05,0,0,9.6e-05,0,0.004883,0,0,0,0,0,0.023315,0,0,0,0,0.000287,0,0.000574,0,0,0.001628,0,0,0,0,0.060705,0,0,0,0,0,0,0,0,0,0,0,0,0,0.000287,0,0,0,0,0,0.000144,0,9.6e-05,0,0,0,0,0,0,0,0,0.000191,0,0,0,0,0,0.001005,0,0.003064,0,0,0,0,0,0,0,0,0,0,0,0,0,0,0,0,0,0,0,0.014602,9.6e-05,0.001101,0,0,0,0,0,0,0,0,9.6e-05,0,0,0,0,0,0,0,0,0,0,0,0,0,0,0,0,0,0,0,0.00833,0,0,0,0,0,0,0,0.003926,0,0.000335,0,0,0,0,0,0,0,0
D1507,0,0,0,0,0,0,0,0.1119,0,0.007015,0,0.021628,0,0.078163,0,0,0,0,0,0,0,0,0,0,0,0.000835,0,8.4e-05,0,0,0,0,0,0,0,0,0,0,0.000752,0,0,0,0,0,0,0,0.090689,0,0,0,0.008935,0,0,0,0,0.006263,0,0.021628,0,0,0,0,0,0,0,0,0,0,0.02547,0,0,0,0,0,0,0,0,0,0,0.003173,0.027808,0,0.003006,0,0.00476,0,0,0,0.053445,0,0,0.022547,0,0,0,0,0,0,0,0,0,0,0,0,0,0,0.000334,0,0,0,0,0,0,0,0,0.020459,0,0,0,0,0.000251,0.008518,0,0,0,0,0,0.000334,0,0,0,0,0,0,0,0,0,0,0,0,0,0,0,0,0,0,0,0,0,0,0,0,0,0.000752,0.013946,0,0,0,0,0,0,0,0,0,0,0,0,0,0.003173,0.011691,0,0.000501,0,0,0,0,0,0,0,0,0,0,0,0,0,0,0,0,0,0,0,0,0,0,0.000167,0,0,0,0,0,0,0,0,0,0,0,0,0.000418,0.000752,0,0,0,0,0,0,0,0,0,0,0,0,0,0.00142,0,0,0,0,0,0,0,0,0.008601,0,0,0,0,0,0,0,0,0,0,0,0,0,0,0,8.4e-05,0,0,0,0,0,0,0,0,0.001336,0,0,0,0,0,0.001336,0,0,0,0,0,0,0,0,0.002088,0,0,0,0,0,0,0,0.000501,0,0,0,0,0,0,0,0,0.002589,0,0,0,0,0,0,0,0,0.01286,0,0,0,0,0,0,0,0,0,0,0,0,0.024134,0,0,0.002255,0,0,0,0,0.011858,0,0.004676,0,0,0,0,0,0.009102,0,0,0,0,0,0,0,0,0,0,0,0,0,0.002088,0,0,0,0,0,0,0,0,0,0,0,0,0.000585,0,0.000334,0,0,0,0,0.006263,0,0.016952,0,0,0,0,0,0,0.000334,0.014781,0,0,0,0,0,0,0,0,0,0.003173,0,0,0,0,0,0,0,0,0.000251,0,0,0,0,0,0,0,0,0,0
D649,0.05105,0,0,0,0.021688,0,0,0,0,0,0.003507,0,0.08026,0,0,0,0,0,0,0,0,0,0,0.008195,0,0,0,0,0,0,0.000407,0,0,0,0,0,0,0,0,0,0,0.078913,0,0,0,0.016225,0,0,0,0,0,0,0,0.063946,0,0,0,0,0.000572,0,0,0,0,0,0,0,0,0,0,0,0,0,0,0,0,0.006759,0,0,0,0,0,0,0,0,0,0,0,0,0,0,0,0,0,0,0,0,0,0,0,0,0,0,0,0,0,0,0,0,0,0,0,0,0.365508,0,0,0,0,0,0,0,0.000432,0,0,0.059931,0,0,0,0,0,0,0,0,0,0,0,0,0,0,0,0,0,0,8.9e-05,0,0,0,0,0,0,0,0,0,0,0,0,0,0,0,0,0,0,0,0,0,0,0,0,0,0,0,0,0,0,0,0,0,0,0,0,0,0,0,0,2.5e-05,0,0,0,0,0,0,0,0,0,0,0,0,0,0,7.6e-05,0,0,0,0,0,0,0,0,0,0,0,0,0,0,0,0,0,0,0,0,0,0,0,0,0,0,0,0,0,0,0,0,0,0,0,0,0,0,0,0,0,0,0,0,0,0,0,0,0,0,0,0,0,0,0,0,0,0,0,0,0,0,0,0,0,0,0,0,0,5.1e-05,0,0,0,0,0,0,0,0,0,0,0,0,0,0,0,0,0,0,0.209117,0,0,0,0,0,0,0,0,0,0,0,0,0.013404,0,0,0,0,0,0,0,0,0,0,0,0,0,0,0,0,0,0,0,0,0,0,0,0,0,0,0,0,0,0,0,0.004574,0,0,0,0,0,0,0,0,0,0,0,0,0,0,0,0,0,0,0,0,0,0,0,0,0,0,0,0,0,0,0,0,0,0,0,0,0,0,0,0,0,0,0,0,0,0,0,0,0,0,0,0,0,0,0,0,0,0,0,0,0,0,0,0,0,0,0
D852,0.001657,0,0,0,0.000297,0,0,0,0,0,0,0,0,0,0,0,0.127927,0,0,0,0,0.000544,0,4.9e-05,0,0,0.000494,0,0,0,0,0,0,0.000383,0,0,0,0,0,0,0.012622,0,0,0,6.2e-05,0,0,0,0,0,0,0,0,0,0,0,0,0,0,0,0,0,0,0.000136,0,0,0,9.9e-05,0,0,0,0,0,0.01031,0,0,0.012968,0,0,0,0,0,0,0,0,0,0,0,0,0,0,0,0,0,0,0.005662,0,8.7e-05,0,0,0.091705,0,0,3.7e-05,0.00131,0,0,0,0,0,0,0,0,0,0,0,0,0,0,0,0,0,0,0,0,1.2e-05,0,0,0,0.001174,0,0,0,0,0,0,0.003301,0,0,0,0.001335,0,0,0,0,0,0.019397,2.5e-05,0,0.000111,0,0,0,0,0,0,0,0,0,0,0,0,0,0,0,0,0,0,0,0,0,0,0,0,0,0.001817,0,0,0,0,0,0,0,0.003869,0,0,0,2.5e-05,0,0.002398,0,0.034627,0,0,0,0,0,0,0.000482,0.004327,0,0,0,0,0,0,0.000136,0,0,0,0,0.005575,0,0,0,0,0,0,0,0,0.005192,7.4e-05,0,0,0,2.5e-05,0.006836,0,0.000309,0,0.00026,0,0.030943,0,0,0,0,0,0,0,0,0,0,0,0.00246,0,0.004512,1.2e-05,0,0,0,0,0,0,0.001273,0,0,0,0.004735,0,0,3.7e-05,0,0,0,6.2e-05,0,0,0.000235,0,0.004327,0,0.000482,7.4e-05,0,0,0.002287,7.4e-05,0,0,0,7.4e-05,0,0.002621,0,0,0.000198,0,0,0,0,0.005835,0,0,0,0,0,0,0,0,0,0,0,0,0,0.000297,0.000136,0,0,0.003894,0,0.000804,0.000643,0,0,0,0.00021,0.00094,0,0,0,0,0.015972,0,0,0,0,0,0.000581,0,0.000655,0,0,0,0,0,0,0,0,0.00199,0,0.000791,0.004339,0,9.9e-05,1.2e-05,0.000433,0,0,0,0.002102,0.001953,0.000235,0,0,0,0,0,0,0,0,0.006292,0,0,0,0,8.7e-05,0,0.000804,0,0,0.018568,0.003004,0,0,0,0,0.001174,0,0.001632,0,0.0034,0,3.7e-05,0,0.000408,0,0,0,0.000433,0,0.002077,0,0,0,4.9e-05,8.7e-05,0,0,0
D2907,0,0,0,0,0,0,0,0,0.313208,0,0,0,0,0,0,0,0,0,0,0,0,0,0.00027,0.00027,0,0,0,0,0,0,0,0,0,0,0,0,0,0.089315,0,0,0,0,0,0,0,0,0,0,0,0,0,0.001956,0,0,0,0,0,0,0,0,0,0,0,0,0.156773,0,0,0,0,0.195764,0,0,0,0,0,0,0,0.000135,0,0,0,0,0,0,0,0.000135,0,0,0,0,0,0,0,0,0,0,0,0,0,6.7e-05,0,0,0,0,0,0,0,0,0,0,0,0.000135,0,0,0,0,0,0.004182,0,0,0,0,0,0,0.015178,0,0,0,0,0,0,0,0,0,0,0,0,0,0,0,0,0,0,0,0,0,0,0.016123,0,0,0,0,0,0,0,0,0,0,0,0.037102,0,0,0,0,0,0,0,0,0,0,0,0,0,0,0,0,0.000135,0,0,0,0,0,0,0,0.010051,0.000135,0,0,0,0,0,0,0.001349,0,0,0,0,0,0,0,0,0.058689,0,0,0,0,0,0,0,0,0.000135,0,0,0,0,0,0,0,0,0,0,0,0,0,0,0,0,0,0,0,0,0,0,0.002698,0,0,0,0,0,0,0.011535,0.025432,0,0,0,0,0,0,0,0,0,0,0,0,0,0,0,0,0,0,0,0,0,0,0,0,0,0,0,0,0,0,0,0,0,0,0,0,0,0,0,0,0,0,0,0,0,0,0,0,0,0,0,0,0,0,0,0,0,0,0,0,0,0,0,0,0,0,0,0,0,0,0,0,0,0,0,0,0,0,0,0,0,0,0,0,0,0,0,0,0,0,0,0,0,0,0,0,0,0,0,0,0,0,0,0,0,0,0,0,0,0,0,0,0,0,0,0,0,0,0,0,0,0,0,0,0,0,0,0,0,0,0,0,0,0,0,0,0,0,0,0,0,0,0,0,0,0,0,0,0,0,0,0,0,0,0,0,0,0
D1304,0.001742,0,0,0,0,0.302138,0,0,0,0,0,0,0,0,0,0,0,0,0,0,0,0,0,0,0,0,0,0,0,0,0,0,0,0,0,0,0,0,0,0,0,0,0,0,0,2.5e-05,0,0,0,0,0,0,0,0,0,0,0,0,0,0,0,0,0,0,0,0.051833,0,0,0,0,0,0,0,0,0,0,0,0,0.049842,0,0,0,0,0,0,0,0,0.027496,0,0,7.5e-05,0,0,5e-05,0,0,0,0,0,0.000672,0,0,0,0,0,0,0,0.027447,0,0,0,0,0,0,0,0,0,0,0,0,0,0,0,0,0.000124,0,0,0,0,0,0,0,0,0,0,0,0,0,0,0.007515,0,0,0,0,0,0.001369,0,0.007888,0,0,0.005947,0,0,0,0,0,0,0,0,0,0,0,0,0,0,0,0,0,0,0,0,0,0,0,0,0,0,0,0,0,0,0,0,0,0,0,0,0,0,0,0,0,0.00117,0,0,0.000274,0,0,0,0,0,0,0,0,0,0,0,0,0,0,0,0,0,0,0,0,0,0,0,0,0,0,0,0,0,5e-05,0,0.013711,0,0,0,0,0,0,0,0,0,0,0,0,0.004678,0,0,0,0,0.012865,0,0,0.003658,0.018588,0,0,0,0,0,0,0,0,0,0,0.010974,0,0,0,0,0,0,0,0,0,0,0,0,0,0,0.008684,0,0,0,0,0.011073,0,0.010526,0,0,0,0,0,0,0,0,0,0,0,0,0,0,0,0,0,0,0,0,0,0,0,0,0,0,0,0,0,0,0,0,0.009232,0,0,0,0,0,0,0,0,0,0,0,0,0,0,0,0,0,0.00525,0,0,0,0,0,0,0,0,0,0,0,0,0,0,0,0,0,0,0,0,5e-05,0,0,0,0,0,0,0,0,0,0,0,0,0,0,0,0,0,0,0,0,0,0.001692,0,0,0,0,0,0,0,0,0,0,0,0,0,0,0,0,0,0,0,0,0.007838,0,0
D2355,0,0,0,0,0,0,0,0,0,0,0,0,0,0.003263,0,0,0,0,0,0,0,0,0,0,0,9.7e-05,0,0,0,0,0,0,0,0,0,0,0,0,9.7e-05,0,0.006185,0,0,0,0,0,0,0,0.001558,0,0,0,0,0,0,0,0,0,0,0,0,0,0,0,0,0,0,0.003068,0,0,0,0,0,0.006964,0,0,0.012224,0,0,0,0,0,0,0,0,0,0,0,0,0,0,0,0,0,0,0.010861,0.000244,0,0,0,0,0,0,0,0,0,0,0,0,0,0,0,0,0,0,0,0,0,0,0,0,0.001607,0,0,0,0.02776,0.00039,0.000341,0,0,0,0,0,0,0,0,0.037647,0,0,0,0,0,0,0,0.003409,0,0,0,0,0.002386,0,0,0,0,0,0,0.079677,0,0,0,4.9e-05,0,0,0,0,0,0,0,0,0,0,0,0.001315,0.012127,0,0.006964,0,0,0,0,0,0,0,0,0,0,0,9.7e-05,0,0,0,0,0,0,0,0,0,0,0,0.021039,0,0,0,0,0,0,0.004334,0,0,0,0,0,0,0.062972,0,0.006672,0,0,0,0,0,4.9e-05,0,0,0,0,0.000925,0,0.002094,0,0,0,0,0,0,0,0,0,0,0,0,0,0,0,0,0,0.002679,0.000195,0,0,0,0,0.008572,0,0.000438,0.025958,0,0,0,0,0,0,0,0,0,0.000487,0,0,9.7e-05,0,0.000536,9.7e-05,0,0,0,0,0,0,0,0,0,0.00638,0,0.00336,0,0,0.010714,0,0,0,0.002581,0,0,0,0,0,0,0,0,0,0,0,0,0,0,9.7e-05,0.039059,0.011494,0,0,0,0.001412,0.00336,0.001412,0,0,0.000633,0,0,0.000633,0,0,0,0,0,0,0,0,0.004042,0,0,0,0,0,0,0,0.002971,0.000195,0,0,0,0,0,0,0.000536,0,0.000244,0,0,0,0.006867,0.03604,0.000341,0,0,0,0,0,0,0,0,0.000536,0,0,0,0,0,0,0.002727,0,0,0,0,0,0,0,0,0,0,0,0,0,0.000195,0,0.002533,0,0,0,0,0.000146,0,0.003896,0,0,0,0.003312,0,0,0,0
D4004,0,0,0.056178,0.042588,0.029866,0,0,0,6.1e-05,0.00107,0.003716,0,0,0,0.001171,0,0,0,0,0,0.087599,0.001191,0.002968,0.00206,0,0,0,0,0.062398,0,0,0,0,0.005775,0.000384,0,0,4e-05,0,0,0,0.000283,0,0,0.0021,0,0,4e-05,0.002221,0,0,0.000606,0.001494,0.003352,0,0,0,0,0.000263,0,0,0,0.001959,0,4e-05,0,0,0.000464,0,0.000141,0.001535,0.00103,0,8.1e-05,2e-05,0.000141,6.1e-05,0.142546,0,0,0,0,0,0,0,0,0,0,0,0.095091,0,0,0,0.000363,0,0,0,0.000767,0,0,0,0,0.00416,0.000444,0,0.003958,0,0,0,0,0,0.000323,6.1e-05,0,0,0,0,6.1e-05,0,0,0,0,0,0,0,0,0,0,0,0,0.004059,0,0,0,0.000727,0,0,0.022374,0.004402,0,6.1e-05,0,0.000303,0,0,0,0,6.1e-05,0.00107,0.000162,0,0,0,0,0,0,0,0,0,0,8.1e-05,0,0,0.034652,0.000666,0,0,0,0,0,0,0,0,0,0,0,0.000707,0,0.005573,0,0.000162,0,0.000242,2e-05,0,0.001696,0,0.000141,0.059853,0,0,0,0,0,0.003897,0,0.000141,0,0.000969,0.000202,0,0,0,0,0.000586,0.000283,0,0,0,0,0.030775,0,0,0,0,0,0.003049,0.000323,0,0,0,0,0,6.1e-05,0,0,0,0,0,0.000969,0.000485,0,0,0.000889,0,0,0,0,0.036449,0,0,0,0,0.000121,0,0,0,4e-05,0,0,0,0,0,0,0,0,0,0.000162,0,6.1e-05,0,0,0,0,0.057975,0,0.004443,0,0.000666,0,0,0,0,0.000283,0.000121,0,0,0.000101,0.000202,0,0,0,0,0,0,0,0,0,0,0,0,6.1e-05,0,0.026999,2e-05,0,2e-05,0,0,0.000848,0,0,0,0.000626,0,0,0,0,0,0,0,0,4e-05,0,0.000202,0,0.000182,0,0,0,0,0,0,0,0,0.003069,0,0.001171,0,0,0,0,0,0,0,0,0,8.1e-05,0.000121,0,0,0,0,0,0,0.000222,0,0,0,0,0,6.1e-05,0.000101,0,0,0,2e-05,0,0,0,0,0,0,0.000202,0,0,0,0,0,0,0,0,0,0,0,0,0,0.000182,0,0,0,0,0,0,0,0,0.000444,0.000283,0.006987,0,0,0,0,0,0,0,6.1e-05,0,0,0.0021
D185,0.002182,0,0,0,0,0,0,0,0,0,0,0,0,0.000727,0,0,0,0,0,0,0,0,0,0,0,0,0,0,0,0,0,0,0,0,0,0,0,0,0,0,0.011636,0,0.150545,0,0,0,0,0,0,0,0,0,0,0,0,0,0,0,0,0,0,0,0,0,0,0,0,0,0,0,0,0,0,0.001091,0,0,0,0,0,0,0,0,0,0,0,0,0,0,0,0,0,0,0,0,0,0,0,0,0,0,0,0,0,0,0,0,0,0,0,0,0,0,0,0.001455,0,0,0,0,0,0,0,0,0,0,0,0,0,0,0,0,0,0,0,0,0,0,0,0,0,0,0,0,0,0,0,0.003636,0,0.000364,0,0,0,0,0,0,0,0,0,0,0,0,0,0,0,0,0,0,0,0,0,0,0,0,0,0,0,0,0,0,0,0,0,0,0,0,0,0,0,0,0,0,0,0,0,0,0,0,0,0,0,0,0,0,0,0,0,0,0.001091,0,0.000727,0,0,0,0,0,0,0,0,0,0,0,0,0,0,0,0,0,0,0,0,0,0,0,0,0,0,0,0.189818,0,0,0,0,0,0,0,0,0,0,0,0,0,0,0,0,0,0,0,0,0,0,0,0,0,0,0,0,0,0,0,0,0,0,0,0,0,0,0,0,0,0,0,0,0,0,0,0,0,0,0,0,0,0,0,0,0,0,0,0,0,0,0,0,0,0,0,0,0.008727,0,0,0,0,0,0,0,0,0,0,0,0,0,0,0,0,0,0,0,0,0,0,0,0,0,0,0,0,0,0,0,0,0,0,0,0,0,0,0,0,0,0,0,0,0,0,0,0,0,0,0,0,0,0,0,0,0,0,0,0,0,0,0,0,0,0,0,0,0,0,0,0,0,0,0,0,0,0,0,0,0,0,0,0,0,0,0,0,0,0,0,0,0,0
D157,0.229847,0,0,0,0,0.183611,0,0,0,0,0,0,0.001999,0,0,0,0,0,0,0,0,0,0,0,0,0,0,0,0,0,0.007728,0,0,0,0,0,0,0,0,0,0,0,0,0,0,0,0,0,0,0,0,0,0.000266,0,0,0,0,0,0.000266,0,0,0,0,0,0,0.018254,0,0,0,0,0,0,0,0,0,0,0,0,0.026649,0,0,0,0,0,0,0,0,0.025316,0,0,0,0,0,0,0,0,0,0,0,4e-04,0,0,0,0,0,0,0,0.021053,0,0,0,0,0,0,0,0,0,0,0,0,0,0,0,0,4e-04,0,0,0,0,0,0,0,0,0,0,0,0,0,0,0.023185,0,0,0,0,0,0,0,0.000533,0,0,0.055296,0,0,0,0,0,0,0,0,0,0,0,0,0,0,0,0,0,0,0,0,0,0,0,0,0,0,0,0,0,0,0,0,0,0,0,0,0,0,0,0,0,0,0,0,0.059294,0,0,0.000266,0,0,0,0,0,0,0,0,0,0,0,0,0,0,0,0,0,0,0,0,0,0,0,0,0,0,0,0,0,0,0,0,0,0,0,0,0,0,0,0,0,0.006795,0,0,0,0,0.014524,0,0,0.001999,0.005996,0.000266,0,0,0,0,0,0,0,0,0,0.005596,0,0,0,0,0,0,0,0,0,0,0,0,0,0,0,0,0,0,0,0.002132,0,0.007195,0,0,0,0,0,0,0,0,0,0,0,0,0,0,0,0,0,0,0,0,0,0,0,0,0,0,0,0,0,0,0,0,0.001332,0,0,0,0,0,0,0,0,0,0,0,0,0,0,0,0,0,0.011992,0,0,0,0,0,0,0,0,0,0,0,0,0,0,0,0,0,0,0,0,0.001599,0,0,0,0,0,0,0,0,0,0,0,0,0,0,0,0,0,0,0,0.002265,0,0.001466,0,0,0,0,0,0,0,0,0,0,0,0,0,0,0,0,0,0.000533,0,0,0,0,0
D218,0,0,0.165229,0.000771,0.001033,0,0,0,0,0,0,0,0,0,0,0,0,0,0,0,0.000164,3.3e-05,0.000213,0,0.000541,0,0.000344,0,0.030143,0,0.012825,0,0,0,0,0.104057,0,0,0,0,0,0.00018,0.002394,0,0,0,0,0,0,0.000115,0,0.000262,0,0,0,0,6.6e-05,0,0,0,0,0,0,0.002329,0,0,0,0.000148,0,0,1.6e-05,0,0.000148,8.2e-05,0,0,0,0.031996,0,1.6e-05,3.3e-05,0,0.000164,0,0,0.000131,0,0,0,0,0,0,0,0,0.000148,0,0,0,0,0,0,0,0,0,0,0.329441,9.8e-05,0,0,0,0,0,0,0,0,0,0,0,0,0,0,0,0,0,0,0,0.00023,0,0,0.000115,0,0,0,0,0,0,6.6e-05,0,0,0,0.000164,0.000853,0,0,0,0,0,0,0,0,0,0,0,0,0,0,0,0,0,0,0.000164,0,0.094103,0,0.000918,0,0,0,0,0,0,0,0,0,0,0,0.000115,0,0.000574,0,0,0,0,0,0,0,0,0,0,0,0,0,0,0,0,0,0.000115,0.00023,0.000459,0,0,0,0.000377,0.000115,0.00018,0,0,0,0,0,0,0,6.6e-05,0,0,0,0,0,0,0,0,0,0.000262,0.000935,0,0,0,0,0,0,0,0,0,0,0,0,0,0,0,0,0,0,0,0.000164,0,0,0,0,0,0,0,0,0,0,0,0,0,0,0,0,0,0,0,0,0,0,0,0,0.00018,0,0,0.00018,0,0,0,0,0,0,4.9e-05,0,0,0,0,0,0,0,0,0,0,0,0,0,0,0,0,0,1.6e-05,0,0,0,0,0,0,0,0,0,0,0,0,0,0,0,0,0,0,0,0,0,0,0,0,0,0,0,0,0.001574,0,4.9e-05,0,0,0,0,0,0,0,0,0,0,0,0,0,0,0,0,0,0,0,0,0,0,0,0,0,0,0,0,0,0.000541,0,0,0,0,0,0,0,0,0,0,0,0,0,0,0,0,0,0,0,0,0,0,0,0,0,0,0,0,0,0,0,0.000148,0,0,0,0,0,0,0,0,0,0
D2086,0,0,0,0,0,0,0,0,0.374198,0,0,0,0,0,0,0,0,0,0,0,0,0,0.000136,0,0,0,0,0,0,0,0.006324,0,0,0,0,0,0,0.142651,0,0,0,0,0,0,0,0,0,0,0,0,0,0.000723,0,0,0,0,0,0,0,0,0,0,0,0,0.111573,0,0,0,0,0.052173,0,0,0,0,0,0,0,0,0,0,0,0,0,0,0,0,0,0,0,0,0,0,0,0,0,0,0,0,0,0,0,0,0,0,0,0,0,0,0,0,0,0,0,0,0,0,0,0.004743,0,0,0,0,0,0,0.014184,0,0,0,0,0,0,0,0,0,0,0.003478,0,0,0,0,0,0,0,0,0,0,0,0.002755,0,0,0,0,0,0,0,0,0,0,0,0.05267,0,0,0,0,0,0,0,0,0,0,0,0,0,0,0,0,0,0,0,0,0,0,0,0,0.016578,0,0,0,0,0,0,0,0.000181,0,0,0,0,0,0,0,0,0.067712,0,0,0,0,0,0,0,0.000271,0,0,0,0,0,0,0,0,0,0,0,0,0,0,0,0,0,0,0,0,0,0,0,9e-05,0,0,0,0,0,0,0.003297,0.06717,0,0,0,0,0,0,0,0,0,0.013732,0,0,0,0,0,0,0,9e-05,0,0,0,0,0,0,0,0,0,0,0,0,0,0,0,0,0,0,0,0,0,0,0,0,0,0,0,0,0,0,0,0,0,0,0,0,0,0,0,0,0,0,0,0,0,0,0,0,0,0,0,0,0,0,0,0,0,0,0,0,0,0,0,0,0,0,0,0,0,0,0,0,0,0,0,0,0,0,0,0,0,0,0,0,0,0,0,0,0,0,0,0,0,0,0,0,0,0,0,0,0,0,0,0,0,0,0,0,0,0,0,0,0,0,0,0,0,0,0,0,0,0,0,0,0,0,0,0,0,0,0,0,0,0,0,0,0,0,0,0
D3255,0.063817,0,0,0,0,0,0,0,0,0,0,0,0.339282,0,0,0,0,0,0,0,0,0,0,0.002056,0.053242,0,0,0,0,0,0.005214,0,0,0,0,0,0,0,0,0,0,0,0,0,0.008519,0.007491,0,0.000734,0,0,0,0,0.015716,0.001395,0,0,0,0,0,0,0,0,0,0,0,0,0,0,0,0,0.389072,0,0,0,0,0,0,0,0,0,0,0,0,0,0,0,0,0,0,0,0,0,0,0,0,0,0,0,0,0,0,0,0,0.01432,0,0,0,0,0,0,0,0,0,0.00683,0,0,0,0,0,0,0,0,0,0,0,0,0,0,0,0,0,0,0,0,0,0,0,0,0,0,0,0,0,0,0,0,0,0,0,0,0,0.007784,0,0,0,0,0,0,0,0,0,0,0,0,0.000147,0,0,0,0,0,0,0,0,0,0,0,0,0,0,0,0,0,0,0,0.000147,0,0,0,0,0,0,0,0,7.3e-05,0.00683,0,0,0,0.001836,0,0,0,0.003231,0,0,0,0,0,0,0,0,0,0,0,0,0,0,0,0,0,0,0,0,0,0,0,0,0,0,0,0.00022,0,0,0,0,0,0,0,0,0,0,0,0,0,0,0,0,0,0,0,0,0,0,0,0,0,0,0,0,0,0,0,0,0,0,0,0,0,0.000147,0,0,0,0,0,0,0,0,0,0,0,0,0,0,0,0,0,0,0,0,0,0,0,0,0,0,0,0,0,0,0,0,0,0,0,0,0,0,0,0,0,0,0,0,0,0,0,0,0,0,0,0,0,0,0,0,0,0,0,0,0,0,0,0.000367,0,0,0,0,0,0,0,0,0,0,0,0,0,0,0,0,0,0,0,0,0,0,0,0,0,0,0,0,0,0,0,0,0,0,0,0,0,0,0,0,0,0,0,0,0,0,0,0,0,0,0,0,0,0,0,0,0,0,0,0,0,0.000441,0,0,0,0,0
D1324,0.021852,0,0,0,0.019848,0,0,0,0,2e-04,0,0,0,0,0,0,0.001002,0,0,0,0,0.001002,0,0,0,0,0.000601,0.000401,0,0,0,0,0,0.010626,0,0,0,0,0,0,0.002606,0,0,0,0.001804,0,0,0,0,0,0,0,0.007418,0,0,0,0.001403,0,0,0,0,0,0,0.00401,0,0,0,0.000401,0,0,0.000802,0,0,0.005012,0,0,0.005814,0,0,0,0,0,0,0,0,0,0,0,0,0,0,0,0,0,0,0.029872,0,0.000601,0,0,0,0,0,0.000401,0,0,0,0,0,0,0,0,0.000601,0,0,0,0,0,0,0,0,0,0,0,0,0.005613,0,0,0,0,0,0,0,0,0,0,2e-04,0,0,0,0,0,0,0,0,0,0,0,0,0.002005,0,0,0.000802,0,0,0,0,0,0,0,0,0,0,0,0,0,0,0,0,0,0,0,0,0.000601,0,0.004611,0,0,0,0,0,0,0,2e-04,0,0,2e-04,0.001002,0.000601,0.015036,0,0,0,0,0,0,0,0,0.000601,0.015838,0,0,0,0,0,0,0,0,0.000401,0,0,0.002005,0,0,0,0,0,0.001203,0,0,0,0.000802,0,0,0,0,0,0,0.036287,0,0,0,0,0,0,0,0,0,0,0,0,0,0,0,0.031676,0,0.014234,0.001403,0,0,0,0,0,0,0.00822,0,0,0,0,0,0,0,0,0,0,0.000601,0,0,0,0,0,0,0.000401,0.000601,0,0,0.004611,0,0,0,0,0,0,0.001604,0,0,0,0,0,0,0.001604,0,0,0,0,0,0,0,0.004812,0,0,0,0,0,0,0,0.00822,0,0,0,0,0.004812,0.001002,0.000401,0,0,0.020048,0,0,0,0,0,0,0,0,0,0,0,0,0,0,0,0,0,0,0,0,0,0,0,0,0.017442,0,0,0.000802,0,0.000401,0,0,0,0,0.005613,0.011227,0,0,0,0.002205,0,0,0,0,0,0,0,0,0,0,0,0.003809,0,0,0,0,0,0,0,0,0.024058,0,0,0,0.005012,0.000401,0,0,0,0,0,0,0.009623,0,0.000601,0,0,0,0,0.018043,0,0,0
D3498,0,0,0,0,0.00216,0,0,0,0,0,0,0,0,0.144618,0,0,0,0,0,0,0.003846,0,0,0,0,0,0,0,0,0,0,0,0,0,0,0,0,0,0.007165,0,0,0,0,0,0,0,0,0,0,0,0,0,0,0,0,0,0,0,0,0,0,0,0,0,0,0,0,0,0,0,0,0,0,0.000369,0,0,0.000263,0,0,0,0,0,0,0,0,0,0,0,0,0,0,0,0,0,0,0.012223,0,0.001212,0,0,0,0,0,0,0,0,0,0,0,0,0,0,0,0,0,0,0,0,0,0,0,0.003899,0,0,0,0,0,0,0,0,0,0,0,0,0,0,0.000474,0.002634,0,0,0,0,0,0,0.072019,0,0,0,0,0,0,0,0,0,0,0,0.005953,0,0,0,0,0,0,0,0,0,0,0,0,0,0,0,0,0,0,0,0.000474,0,0,0,0,0,0,0,0,0,0,0,0,0,0,0,0,0,0,0,0,0,0,0,0,0,0,0,0.001212,0,0.036616,0,0,0,0,0,0,0.07655,0,0.066329,0,0,0,0,0,0,0,0,0,0,0,0,0,0,0,0,0,0,0,0,0,0,0,0,0,0,0,0,0,0,0,0,0,0,0,0,0,0,0,0,0,0,0,0,0,0,0,0,0,0,0,0,0,0,0.000896,0,0,0,0,0,0,0.000263,0,0,0,0,0,0.000316,0,0,0,0,0,0,0,0,0,0,0,0,0,0,0,0,0,0,0,0,0,0.017491,0,0,0,0.000421,0,0,0.004794,0,0,0,0,0.001317,0,0,0,0,0,0,0,0,0,0,0,0,0,0,0,0,0,0,0,0,0,0,0,0,0,0,0,0,0,0,0,0,0.008798,0,0,0,0,0,0,0,0,0,0,0,0,0,0,0,0,0,0,0,0,0,0,0,0,0,0,0,0,0,0,0.025763,0,0,0,0,0,0,0,0,0,0,0,0.000263,0.000105,0,0,0,0,0
D4265,0,0,7.1e-05,0,0.007328,0,0,0.035533,0,0,0,0.040975,0,0,0,0,0,0,0,0,0,0.003572,0,0,0.014769,0.096691,0,0,0,0,0,0,0,0,0,0,0,0,0,0,0,0,0,0,0,0,0.006676,0,0,0,0,2.8e-05,0,0,0,0,0.000326,0,0,0,0,0,0,0,0,0,0,0,0.074708,0,0,0,0,0,0,0,0,4.3e-05,0,0.023216,0.021118,0,0.001106,0,0.006265,0,0,0,0,0,0,0.005159,0,0,0,0,0,0,0.000156,0,0,0,0,0,0,0,0,0,0,0,0,0,0,0,0,0,0,0,0.036411,0,0,0,0,0,0,0,0,0,0,0,4.3e-05,0,0,0,0,0,0,0,0,0,0,0,0,0,0,0,0,0.00017,0,0,0,0,0,0.00377,0,0,0,0,0,0,0,0,0,8.5e-05,0,0,0,0.120077,0,0.006095,0,0,0,0,0,0,0,0,0,0,0,0,0,0,0,0,0,0.000808,0,0,0,0,0,0,0,0,0,0,0,0,0,0,2.8e-05,0.181348,0,0,0,0,0,0,0,0,0,0,0,0,0,0,0,0,0,0.003827,0.001162,0,0,0,0,0,0,0,0,0.000213,0,0,0,0,0,7.1e-05,0,0,0,0,0,0.00231,0,0,0,0,0,0,0,0,0,0,0,0,0,0,0,0,0,0,0.000964,0,0,0,0,0,0.000113,0,0,8.5e-05,0.003643,0,0,0,0,0,0,0,0,0,0,0,0.000156,0,0,0,0.013068,0,0,0,5.7e-05,0,0,0,0,0,0.000142,0,0,0,0,0,0,9.9e-05,0,0,0,0,0,0,0,0.034583,0,0,0,1.4e-05,0.071008,0.00146,0,0,0,0.001091,0,0,0,0,0,0,0,0,0,0,0,0,0,7.1e-05,0,0,0,0,0,0,1.4e-05,0,0,0,0,0,0,0,0,0,0,0,0,0,0,0,0,0,0,0,0,0,0,0,0,0,0,0,0,0,0,0,0,0,0,0,0.007469,0,0,0,0.004025,0,0,0,0,0,0,0,0,0,0,0,0,0,0,0
D3509,0,0.00092,0,0,0,0,0.003253,0,0,0,0,0,0,0,0,0,0,0,0.004536,0,0,0.000128,0,0,0,0,0.000193,0,0,0,0,0.198019,0.004408,0,0,0,0,0,0,0.002097,0,0,4.3e-05,0.000171,0,0,0,0,0,0,0,0,0,0,0,0,0,0,0,0,0,0.001113,0,0,0,0,0.000492,0,0,0,0,0,0.147134,0,0,0,0,0,0,0,0,0.538399,0,0.039052,0,0,0,0,0,0,0,0,0.002568,0,0,0,0,0,4.3e-05,0,0,0.000856,0,0,0,0,0,0,0.007532,0,0,0,0,0,0.023196,0,6.4e-05,0,0,8.6e-05,0,0,0,0,0,0,0,0,0,0,0,0,0,0.000835,0,0,0,0,0,0,0,0,0,0,0,0,0,0,0,0,0,0,0,0,0,0.000984,0,0,0,0,0,0.000578,0,0,0,0,0,0,0,0,0,0,0,0,0.000578,0,0,0.011769,0,0.000556,0,0,0,0,0,0,0,0,0,0,0.000214,0,0,0,0,0,0,0,0,0,0.000642,0,0,0,0,0,0,0,0,0,0,0,0,0,0,0,0,0,0,0,0,0,0,0,0.000257,0,0,0,0,0,4.3e-05,0,0,0,0,0,0,0,0,0,0,0,0,0,0,0,0,0,0,0,0,0,0,0,0,0,0,0,0,0,0,0,0,0,0,0,0,0,0,0,0,0,0,0,0,0,0,0,0,0,0,0,0,0,0,0,0,0,0,0,0,0,0,0,0,0,0,0,0,0,0,0,0,0,0.00015,0,0,0,0,0,0,0,0,0,0,0,0,0,0,0,0,0,0,0,0,0,0,0,0,0,0,0,0,0,0,0.000128,0,0,0,0,0,0,0,0,0,0,0,0.000193,0,0.001006,0,0,0,0,0,0,0,0,0,0,0,0,0,0,0,0,0,0,0,0,0,0,0,0,0,0,0,0,0.000792,0,0,0,0,0,0,0,0,0.000107,0,0,0,0,0,0,0,0,0,0,0,0
D3908,0.000738,0,0.001715,0,0.420123,0,0,0,0,0,0,0,0,0,0,0,0,0,0,0,0.561482,0,0,0,0,0,0,0,0,0,0,0,0,3.4e-05,0,0,0,0,0,0,0,2.3e-05,9.1e-05,0,0.00042,2.3e-05,0,0,0,0,0,0,0,0,0,0,0,0,0,0,0.001238,0,0,0,0,0,0,0,0,0,0.000386,0,0,0.000125,0,0,0,0,0,0,0,0,0,0,0,0,0,0,0,0,0,0,0,0,0,0,0,0,0,0,0,0,0,0,0,0,0,0,0,0,0,0,0,0,0,0,0,0,0,0,0,0,0,0,0,0,0,0,0,0,0,0,0,0,0,0,0,0,0,0,0,0,2.3e-05,0,0,0,0,0,0,0,0,0,0,0,0,0,0,0,0,0,0,0,0,0,0,0,0,0,0,0,0,0,0,0,0,0,0,0,0.000227,0,0,0,0,0,0,0,0,0.000114,0,0,0,0,0,0,0,0,0,0,0,0,0,0,0,0,0.000704,0,0,0,0,0,0,0,0,0,0,0,0,0,0,0,0,0,0,0,0,0.000511,0,0,0,0,0,0,0,0,0,0,0,0,0,0,0,0,0,0,0,0,0,0,0,0,0,0,0,0,0,0,0,0,0,0,0,0,0,0,0,0,0,0,0,0,0,0,0,0.000579,0,0,0,0,0,0,0,0,0,0,0,0,0,0,0,0,0,0,0,0,0,0,0,0,0,0,7.9e-05,0,0,0,0,0,0,0,0,0,0,0,0,0,0,0,0,0,0,0,0,0.000193,0,0,0,9.1e-05,0,0,0,0,0,0,0,0,0,0,0,0,0,0,0,0,0,0,0,0,0,0,0,0,0,0,0,0,0,0,0,2.3e-05,0,0,0,0,0,0,0,0,0,0,0,0,0,0,0,0,0,0,0,0,0,0,0,0,0,0,0,0,0,0,0,0,0,0,0,0,0,0,0,0,0,0
D610,0,0,0,0,2.5e-05,0,0,0.002626,0,0.035748,0,0.015783,0,0.012111,0,0,0,0.096254,0,0,0,5.1e-05,0,0,0,0.017976,0,0,0,0,0,0,0,0,0,0,0,0,0.00561,0,0,0,7.6e-05,0,0,0,0.002167,0,7.6e-05,0,0,0,0,0,0,0,0,0,0,0,0,0,0,0,0,0,0,0,0.016472,0,0,0,0,0,0,0,0,0,0,0,0.001479,0,0.001071,0,0,0,0.000178,0,0,0.000306,0,0.000382,0,0,0,0,0,0.000102,0,0,0,0,0,0,0,0,0.019174,0,0,0,0,0,0,0,0,0,0,0,0.058671,0,0,0,0,0,0,0,0.000255,0.022591,0,0,0,0,0.075907,0,0,0,0,0,0,0,0,0,0,0,0,0,0,0,0,0.015299,0,0,0,0.0013,0,0,0.000102,0,0,0,7.6e-05,0,0,0,0,0,0,0.001198,0,0.000841,0,0.01795,0,0,0,0,0,0,0.000714,0,0,0.002448,0,0,0,0,0,0.00051,0,0,0,0,0,0,0,0,0,0,0,0,0,0,0,0.000178,0,0,0,0.006527,0,0,0,0,0,0,0,0,0,0,0,0,0,0.000178,0.010658,0,0,0,0,0,0,0,2.5e-05,0.000612,0,0,0,0,0,0.012341,0,0,0,0,0,0,0,0,0,0.00051,0,0,0,0,0,0.006502,0,0,0,0,0,0,0,0,0.001504,0,0,0,0,0,0,0,0,0.000204,0,0,0,0,0,0,0,0.020118,0,0,0,0,0.12522,0.001657,0,0,0,0,0,0,0,0,0,0,0,0,0.000331,0,0,0,0,0,0,5.1e-05,5.1e-05,0,7.6e-05,0,0,0,0,0.000178,0,0,0,0,0,0,0,0,0,0.000943,0,0,0.000127,0,0,0,0,0,0,0,0,0,0,0,0,0,0.001734,0,0,5.1e-05,0,0,0,0,0,0,0,0,0,0.020449,0,0.001963,0,0,0,0,0.000714,0,0.000102,0,0,0,0,0,0,0,7.6e-05,0,0,0.000127,0,0,0,0,0,0,0.000102,0,0,0,0.000204,0,0,0,0,0,0,0,0,0,0,0,0,0,0.011958,0
D4282,0,0,0.105633,0.214928,0.024585,0,0,0,0.000271,0.000746,0.000475,0,0,0,0.058734,0,0,0,0,0,0.005358,0,0.041134,0.000678,0.00078,0,0.001221,0,0.029943,0,0,0,0,0.00017,0.002442,0.001526,0,0,0,0,0,0.000475,0.001526,0,0.000339,0,0,0,0.001153,0.000678,0,0.000203,0,0.001051,0,0,0,0,6.8e-05,0.000543,0,0,0.007528,0,0,0,0,0.000203,0,0,0.000271,0,0,0.000373,0,0.000102,0,0.077317,0,0,0,0,0,0,0,0,0,0,0,0,0,0,0,0,0,0,0,0,0,0,0,0,0,0,0,0.012852,0,0,0,0,0,0.000339,0,0,0,0,0,0.000305,0,0,0,0,0,0,0,0,0,0,0,0,0.009393,0,0,0,0.010309,0,0,0.005663,0.009224,0,0,0.000814,0.000644,0,0,0,0,0,0,0,0,0,0,0,0,0,0,0,0,0,0,0,0.025874,0,0.006002,0,0,0,0,0,0,0,0,0,0,0,0.002713,0,0.001356,0,0.00156,0,0,0,6.8e-05,0.007528,0,0,0.001119,0,0,0,0,0,0.000305,0,0,0,0.000203,0,0,0,0,0,0.004273,0.000237,0,0,0,0.000102,0.041304,0,0.000475,0,0,0,0,0,0,0,0,0,0,0,0,0,0,0,0,0.000102,0,0,0,0.000203,0,0,0,0,0.066059,0,0,0,0,0.000441,0,0,0,0,0,0,0,0,0,0,0,0,0,0.001221,0,0,0,0,0,0,0.007426,0,0.023093,0,0,0,0,0,0,0,0,0,0,0,0.000339,0,0,0,0,0,0,0,0,0,0,0,0,0,0.000102,0.012411,0,0,0,0,0,0.001356,3.4e-05,0.000136,0,0.002136,0,0,0,0,0,0,0,0,0,0,0,0,0,0,0,0,0,0,0,0,0,0.03564,0,0.000678,0,0,0,0,0,0,0,0,0,0.00017,0,0,0,0,0,0,0,0.000102,0,0,0,0,0,0,0,0,0,0,0,0,0,0,0,0,0,0,0,0,0,0,0,0,0,0,0,0,0,0,0,0,0,0,0,0,0,0,0,0,0.001492,0.001255,0.011699,0,0,0,0,0,0,0,0.000136,0,0,0.00061
D784,0,0,0,8.3e-05,0.001076,0,0,0.005379,0,0.015198,0,0.028866,0,0.022411,0,0,0,0.002538,0,0,0.000165,0.00029,0,0,0,0.016812,0,0.000621,0,8e-04,0,0,0,0,0,0,0,0,0.026356,0,2.8e-05,0.002151,0.000759,0,6.9e-05,0,0.034507,0,0.000634,0,0,2.8e-05,0.001021,2.8e-05,0,0,0.003806,0,6.9e-05,0,0,0,0,0.000165,0,0,0,0,0.043099,0,6.9e-05,0,0,0.000221,0,0,8.3e-05,0,0,0.012481,0.002565,0,0.005613,0,0.001296,0,0.000469,0,0.004579,0,0,2.8e-05,0,0,0.009433,0,0,5.5e-05,0,0,0,0,0,0,0,0,0.006717,0,0,0,0,0,0,0,0,0,0,0,0.071137,0,0.000662,0,0,0.000317,0,0,0.000179,0.001641,0,0,0,0,0.088818,0,0,0,1.4e-05,0,0,0,0.002014,0.000648,0,0,0,0,0,0,0,0.009213,0,0,0,0.011461,0,0,0,0,0,0,0,0,0,0,0,0,0,0.001076,0.00011,5.5e-05,0,0.013805,0,0,0,0.000317,0,0,0.000331,0,0,0.000372,0,0,0,0,0,2.8e-05,8.3e-05,0,0,0,0,0,0.001765,0,0,0.000593,1.4e-05,0,0,0,0,0,0,0,0.000138,0.007434,0,0,0,0,0,0,0,0,0,0,0,0,0,0,0.001048,0,0,0,0,0,0,0,4.1e-05,0.001945,0,0,0,0,0,0.037692,0,0,0,0,0,0.00011,0,0,0.000331,0.001352,0,0,0,0,4.1e-05,0.000152,0.000221,8.3e-05,0,0,0,0,0,4.1e-05,0.017529,0,0,0,0,0,0,0.002676,0.000165,0.00011,9.7e-05,0,0,0,0,0,0,0.019088,0,5.5e-05,0,0,0.0044,0.02488,0,0,0,0,0,0,0,0,0,0.000552,0,0,8.3e-05,0,0,0,0,0,0,8.3e-05,0.000441,0,0.000152,1.4e-05,0,0,2.8e-05,0.000634,0,0,0,2.8e-05,0,0.000152,0,0,0,0.005586,0,0,1.4e-05,0,0,0,0,0,0,0,0,0,0,0.00513,0,0,0.000952,1.4e-05,0,0.001076,2.8e-05,0,0,0,0.000262,0,0.000165,0.00011,4.1e-05,0.002441,0,0,0,0,0,0,0.002579,0,2.8e-05,0,0,0,0.002041,0,2.8e-05,0,6.9e-05,0,0,4.1e-05,0,5.5e-05,0,0,0,0,0.00091,0,0,4.1e-05,0.000965,0,0,0,0,6.9e-05,0,0,0,0,0,0,0,0,0.027956,0
D3887,0,0,0.37951,0.070635,0.003294,0,0,0.001037,0,0.000829,0,0.000415,0,0.002396,0.001267,0,0.00023,0,0,0,0.008732,0,0.014629,0.001544,0.001751,0.001037,0.002166,0,0.084044,0,0.022647,0.000553,0,0,0.000461,0,0,0,0.000576,0,0,0.000829,0.013961,0,0,0,0.000622,0,0,0.005299,0,0,0.000207,0.004654,0,0,0.003064,0,0,0,0,0,0.001567,0.001797,9.2e-05,0,0,0.000207,0.001336,0.000507,0,0.000991,0,0,4.6e-05,0,0,0.016887,0,0,0.000645,0,0.001981,0,0.00053,0,0,0,0,0,0.000484,0.000553,0,0,0.000691,0.000207,0,2.3e-05,0,0,0,0,0,0,0.000207,0.019053,0.000945,0,0,0,0,9.2e-05,0,0,0,0,0,0,0,0,0.002926,0,0,0,0,0,0.00023,0.000276,0,0,0.011565,0,0.00023,0,0.000875,0,0,0.099019,0.002603,0,0.000438,0.012487,0,0,0,0,0.000415,0,0,2.3e-05,0,0,0,0,0,0,0,0,0,0,0.000922,0,0.002281,0,0.00963,0,0,0,0,0.000346,0.000668,0,0.000115,0,0,0,0.000253,0,0.009699,0,0,0.000622,0,0,0.00023,0.00235,0.000323,6.9e-05,0.000346,0,0,0,0,0,4.6e-05,0,0.000737,0,0.000161,0,0,0,0.000622,0.000323,0.006451,0,0,0,0,0,0.006589,0,0,0.00053,0.000852,0,0.003087,0,0,0,0,0,0.000323,0.002189,0,0,0,0,0,0.000438,0,0,0,0,0,0.002534,0,0.000276,0,0,0.000184,0,0,0.002004,0,0,0,0.000369,0,0,0,0,0,0,0,0.001198,0,0.000161,0,9.2e-05,0,0,0,0,0.000968,0,0.009768,0,0,0,0,0.000184,0,0.00023,0.000622,0,0.000299,0,0,0,0,0,0,0.000207,0,0,0,0,0,0,0,0.000184,0,0.001774,0,0.000484,0.001267,0.000299,0,0.001014,0,0,0,0,0,0,0.00023,0,0.000622,0,0,0,0,0,0,0,0,0,0,0,0.000875,0,0,0.000507,0,0.002511,0.000276,0.003525,0,0,0,0,0,0,0,0,0,0,0.000714,6.9e-05,0,0,0,0,0,0.000392,0,0,0,0,0,0,0,0,0,0,0.001544,0.000138,0,4.6e-05,0,0,0,0.001152,0,0,0,0,0,0,0,0.000783,0,0.000576,0,0,0,0,0,0,0,0,0,0,0,0,0.000875,0,0.008755,0,0,0,0,0,0,0,0,0,0.000299,0.000392
D3818,0.000529,0,0,0,0,0,0,0,9.6e-05,0,0,0,0,0,0,0,0,0,0,0,0,0,0,0,0,0,0.000144,0,0,0,0,0,0,0.018334,0,0,0,0,0,0,0,0,0,0,0.002262,0,0,0,0,0,0,0.000192,0.014821,0,0,0,0,0,0,0,0,0,0,0.000529,0,0,0,0,0,0,0.000433,0,0,0,0,0,0,0,0,0,0,0,0,0,0,0,0,0,0,0,0,0,0,0,0,0,0,0.001684,0,0,0,0,0,0,0,0,0,0,0,0,0,0,0.000241,0,0,0,0,0,0,0,0,0,0,0,0,0,0,0,0,0,0,0,0,0,0,0,0,0,0,0,0,0,0,0,0,0,0,0,0,0.000144,0,0,0,0,0,0,0,0,0,0,0.000144,0,0,0,0,0,0,0,0,0,0,0,0,0,0,0,0,0,0,0,0,0,0,0.002695,0,0,0,0,9.6e-05,0.000481,0,0,0,0,0,0,0,0,0,0,0,0,0,0,0,0,0,0,0,0,0,0,0,0,0,0,0,0,0,0,0,0,0,0,0,0,0,0,0,0,0,0,0,0,0,0,0,0,0,0,0,0,0,0,0,0,0,0,0,0,0,0,0,0,0,0,0,0,0,0,0,0,0,0,0,0,0,0,0,0,0,0,0,0,0,0,0.000529,0.000529,0,0,0,0,0,0,0,0,0,0,0,0.000433,0,0,0,0,0,0,0,0,0,0,0,0,0.072229,0,0,0,0,0,0,0,0,0.002839,0,0,0,0,0.000192,0,0,0,0,0,0,0,0,0,0,0,9.6e-05,0,0,0,0,0,0,0,0,0,0,0,0,0,0,0,0.000674,0,0,0,0,0,0,9.6e-05,0,0,0,0,0,0,0,0,0,0,0,0,0,0,0,0.044897,0,0,0,0,0,0,0,0,0,0,0,0,0,0,0,0,0,0,0,0.000385,0,0,0,0,0,0,0,0,0.015784,0,0,0
D1941,0.003674,0,0,0,0,0,0,0,0,0,0,0,0,0,0,0,0.017653,0,0,0,0.000559,0.001198,0,0,0,0,0.007509,0,0,0.00032,0,0,0,0.007668,0,0,0,0,0,0,0.023884,0,0,0,0,0,0,0,0,0,0,0,0,0,0,0,0,0,0,0,0,0,0,0,0,0,0,0.00024,0,0,0,0,0,0.009026,0,0,0.005272,0,0,0,0,0,0,0,0,0,0,0,0,0.00016,0,0,0,0,0,0.008627,0.000719,0,0,0,0,0,0,0,0.00024,0,0,0,0,0,0,0,0,0,0,0,0,0,0,0,0,0.00016,0,0,0,0.008307,0,0,0,0,0,0,0,0,0,0,0.005911,0,0,0,0,0,0,0,0.003355,0.00032,0.003994,0.000959,0,0.000799,0,0,0,0,0,0,0,0,0,0,0,0,0,0,0,0,0,0,0,0,0,0,8e-05,0.025641,0,0.00631,0,0,0,0,0,0,0,0.004633,0,0,0,0,0,0,0,0.00032,0,0,0,0,0,0,0,0.005192,0,0,0,0,0,0,0.00032,0,0,0,0,0.00639,0,0.003195,0,0.040339,0,0,0,0,0.003834,0.00024,0,0,0,0,0.003914,0,0.000799,0,0.00016,0,0.003595,0,0,0,0,0,0,0,0,0,0,0,0.002157,0,0.000399,0,0,0,0,0,0.003195,0,0.000559,0,0,0,0.012142,0,0,0,0,0,0,8e-05,0,0,0,0,0.000879,0,0.001757,0.000879,0,0,0,0.000399,0,0,0,0,0,0.009186,0,0,0.001518,0,0,0,0.002077,0.00032,0,0,0,0,0,0,0,0,0,0,0.00024,0,0,0,0,0,0,0.012301,0,0.003035,0,0,0,0,0.002556,0.001358,0,0,0,0,0.003355,0,0,0,0,0,0.000559,0,0.000959,0,0,0,0,0,0.001518,0,0,0.000479,0,0,0.000959,0,0,0,0.007349,0,0,0,0.003595,0.000479,0,0,0,0,0,0,0,0,0,0.001757,0,0,0,0.001038,0,0,0.007668,0,0,0,0.000879,0,0,0,0,0.000559,0,0.01318,0,0.003355,0,0,0,0.005192,0,0,0,0.00032,0,0,0,0,0,0.001677,0,0,0,0
D2358,0,0.035514,0,0,0,0,0,0,0,0,0,0,0,0,0,0,0,0.671976,0,0.00904,0,0,0,0.010762,0,0,0,0.088248,0,0,0,0,0,0,0,0,0,0,0,0,0,0,0,0,0,0,0,0.000861,0,0,0,0,0,0,0,0,0,0,0,0,0,0,0,0,0,0,0,0,0,0,0,0,0,0,0,0,0,0,0,0,0,0,0,0,0,0,0,0,0,0,0,0,0,0,0,0,0,0,0.079208,0,0,0,0,0.002798,0,0,0,0,0,0,0,0,0,0,0,0,0,0,0,0.001291,0,0,0,0,0,0,0,0,0,0,0,0.001076,0,0,0,0,0,0,0,0,0,0,0,0,0,0,0,0,0,0,0,0,0,0,0,0,0,0,0,0,0,0,0,0,0,0.012053,0,0,0,0,0,0,0,0,0.000646,0,0,0,0,0.000646,0,0,0,0,0,0,0,0,0,0,0,0,0,0,0,0,0,0,0,0,0,0,0,0,0,0,0,0,0,0,0,0,0,0,0,0,0,0,0,0,0,0,0,0,0.001291,0,0,0,0,0.007103,0,0,0,0,0,0,0,0,0,0,0,0,0,0,0,0,0,0,0,0,0,0,0,0,0,0,0,0,0,0,0,0,0,0,0,0,0,0.051227,0,0,0,0.010331,0,0,0,0,0,0,0,0,0,0,0,0,0,0,0,0,0,0,0,0,0,0,0,0,0,0,0,0,0,0,0,0,0,0,0,0,0,0,0,0,0,0,0,0,0,0,0,0,0,0,0,0,0,0,0,0,0,0,0,0,0,0,0,0,0,0,0,0,0,0,0,0,0,0,0,0,0,0,0,0,0,0,0,0,0,0,0,0,0,0,0,0,0,0,0,0,0,0,0,0,0,0,0,0,0,0,0.001291,0,0,0,0,0,0,0,0,0,0,0,0.001076,0,0,0,0,0,0,0,0,0
D3575,0,0.002015,0,4.7e-05,0,0,0,0.026136,0,0.000326,0,0,0,0.004154,0,6.2e-05,0.000202,0,0,0.000248,0,0,3.1e-05,0,7.8e-05,0.214807,0,0,0,0.000124,0,0,0,0,0,0,0,0,0,0,0,0,0,0,0.002387,0,0.019191,0,0,0,0,0,0,0,0,0,0.00045,0,0,6.2e-05,0,0,0,0,0,0,0,0,0.092483,0,0,0,0,0,0,0,0,0,0,0,0.043358,0,0.000543,0,0.006526,0,0,0,0,0,0,0.001984,0,0,0,0.003023,0,0,0.004589,0,0.000171,0,0,0,0,0,0,0,0,0,0,0,0,0,0,0,0,0,0.037034,0,0,0,0,0,0,0,0,0,0,0,0,0,0,0,0,0,0,0,0,0,0,0,0,0,0,0,1.6e-05,4.7e-05,0.005782,0,0,0,0,0.007208,0,0,0,0,0,0,0,0,0,0,0,0,0,0.01082,0,0.037096,0,0,0,0,0,0,0,0,0,0,0,0,0,0,0,0,0,1.6e-05,0,0,0,0,0,0,9.3e-05,0,4.7e-05,0,0,0,0,0,0,0.057201,3.1e-05,0,0,7.8e-05,0,0,0,0,0,0,0,0,0,0,0,0,0,0,0.018881,0.000295,0,0,0,0,0,0,0,0,0,0,0,0,0,0,0,0,0,0,0,0,0,0,0,0,0,0,0,0,0,0,0,0,0,0,0,0,0,0,0.004682,0,0,0,0,0,0,0,0,0,0.001814,0,0,0,0,0,0,0,0,0,0,0,0,0,0,0,0,0,0,0,0,0,0,0,0,0,0.001116,0,0,0,0,0,0,0,0,0,0,0,0,0,0,0.015176,0,0,0,0,0.103722,7.8e-05,0,0,0,0.000527,0.023625,0,0,0,0,0,0,0,0,0,0,0,0,0,0,0,0,0,0,0,0,0,0,0,0,0,0,0,0,0,0,0,0,0,0,0,0,0,0,0,0,0,0.01699,0,0,0,0,0,0,0,0,0,0,0,0,0,0.000248,0,0,0,0.000853,0,0,4.7e-05,0,0,0,0,0,0,0,0,0,0,0,0
D2987,0.243463,0,0,0,0,0,0,0,0,0.056653,0,0,0.030215,0,0,0,0,0,0,0,0,0,0,0,0.364033,0,0,0,0,0,0,0,0,0,0,0,0,0,0,0,0,0.000872,0,0,0,0,0,0,0,0,0,0,0,0.001162,0,0,0,0,0,0,0,0,0,0,0,0,0,0,0,0,0,0,0,0,0,0,0,0,0,0,0,0,0,0,0,0,0,0,0,0,0,0,0,0,0,0,0,0,0,0,0,0,0,0,0,0,0,0,0,0.006101,0,0,0,0,0,0,0,0,0,0,0,0,0,0,0,0,0,0,0,0,0,0,0,0,0,0,0,0,0,0,0,0,0,0,0,0,0,0,0.028762,0,0,0.016851,0,0,0,0,0,0,0,0,0,0,0,0,0,0,0,0,0,0,0,0,0,0,0,0,0,0,0,0,0,0,0,0,0,0,0,0,0.000872,0,0,0,0,0,0,0.210633,0,0,0,0,0,0,0,0,0,0,0,0,0,0,0,0,0,0,0,0,0,0,0,0,0,0,0,0,0,0,0,0,0,0,0,0,0,0,0,0,0,0,0,0,0,0,0,0,0,0,0,0,0,0,0.001453,0,0,0,0,0,0,0,0,0,0,0.004067,0,0,0,0,0,0,0,0,0,0,0,0,0,0,0,0,0,0,0,0,0,0,0,0,0,0.001453,0,0,0,0,0,0,0,0,0,0,0,0,0,0,0,0,0,0,0,0,0,0,0,0,0,0,0,0,0,0,0,0,0,0,0,0,0,0,0,0,0,0,0,0,0,0,0,0,0,0,0,0,0,0,0,0,0,0,0,0,0,0,0,0,0,0,0,0,0,0,0,0,0,0,0,0,0,0,0,0,0,0,0,0,0,0,0,0,0,0,0,0,0,0,0,0,0,0,0,0,0,0,0,0,0,0,0,0,0,0,0,0
D806,7.9e-05,0.000157,5.2e-05,0.000105,0,0,0.010679,0,0,0,0,0,0,0,0,0,0,0,0.193116,0.004136,0,0,0,0,0,0,0,0,0,0,0,0.002984,0.000864,0,0,0,0.040387,0,0,0.019762,0,0,0,0.227379,0,0,0,0,0,7.9e-05,0,0,0,0,0,0,0,0,0,0,0,0,0,0,0,0,0,0,0,0,0,0,0.000654,0,0,0,0,0,0,0,0,0,0,0.039052,0,0,0,0,0,0,0,0,0,0,0,0,0,0,0,0,0,0,0,0,0,0,0,0,0.041382,0,0,0,0,0,0.013637,0,0,0,0,0,0,0,0,0,0,0,0,0,0,0,0,0,0,0.000576,0,0,0,0,0,0,0,0,0,0,0,0,0,0,0,0,0,0,0,0,0,0.008847,0,0,0,0,0,0,0,0,0,0,0,0,0,0,0.041958,0,0,0,0,0,0,0,0,0,0,0,0,0,0,0,0,0,0,0,0.055438,0,0,0,0,0,0,0,0,0,0.000393,0,0,0,0,0,0,0,0,0,0,0,0,0,0,0,0,0,0,0,0,0,0,0,0,0,0,0,0,0,0,0,0,0,0,0,0,0,0,0.158094,0,0,0,0,0,0,0,0,0,0,0,0,0,0,0,0,0,0,0,0,0,0,0,0.011464,0,0,0,0,0,0,0,0,0,0,0,0,0,0,0,0,0,0,0,0,0,0,0,0,0,0,0,0,0,0,0,0,0,0,0,0,0,0,0,0,0.009449,0,0,0,0,0,0,0,0,0,0,0,0,0,0,0,0,0,0,0,0,0,0,0,0,0,0,0,0,0,0.008271,0,0,0,0,0,0,0,0,0,0,0,0,0,0,0,0,0,0,0,0,0,0,0,0,0,0,0,0,0,0,0,0,0,0,0,0,0,0,0,0,0,0,0,0,0,0,0,0,0,0,0,0,0,0,0,0,0,0,0,0,0,0,0,0,0
D3988,0.00561,0,0,0,0.116529,0,0,0,0,0.001744,0,0,0.029451,0,0,0,0,0,0,0,0,0,0,0,0,0,3.1e-05,0,0,0,0,0,0,0,0,0,0,0,0,0,0,0.344795,0,0,0,0.001603,0,0,0,0,0,0,0,0.02208,0,0,0,0,0.083291,0,0,0,0,0.317938,0,0,0,0,0,0,0,0,0,0,0,0,0,0,0,0,0,0,0,0,0,0,0,0,0,0,0,0,0,0,0,0,0,0,0,0,0,0,0,0,0,0,0,0,0,0,0,0,0.002294,0,0,0,0,0,0,0,0,0,0,0,0,0,0,0,0,0,0,0,0,0,0,0,0,0,0,0,0,0,0,0,0,0,0,0,0,0,0,0,0.007669,0,0,0,0,0,0,0,0,0,0,0,0,0,0,0,0,0,0,0,0,0,0,0,0,0,0,0,0,0,0,0,0,0,0,0,0,0,0,0,0,0,0,0,0,0,0.031886,0,0,0,0,0,0,0,0,0,0,0,0,0,0,0,0,0,0,0,0,0,0,0,0,0,0,0,0,0,0,0,0,0,0,0,0,0,0,0,0,0,0,0,0,0,0,0,0,0,0,0,0,0,0,0,0,0,0,0,0,0,0,0,0,0,0,0,0,0,0,0,0,0,0,0,0.000801,0,0,0,0,0,0,0,0,0,0,0,0,0.000974,0,0,0,0,0,0,0,0,0,0,0,0,0,0,0,0,0,0,0,0,0,0,0,0,0,0,0,0,0,0,0,0,0,0,0,0,0,0,0,0,0,0,0,0,0.003112,0,0,0,0,0,0,0,0,0,0,0,0,0,0,0,0,0,0,0,0,0,0,0,0,0,0,0,0,0,0,0,0,0,0,0,0,0,0,0,0,0,0,0,0,0,0,0,0,0,0,0,0,0,0,0,0,0,0,0,0,0,0,0,0,0,0,0
D1385,0,0.006762,0,0,0,0,0.458519,0,0,0,0,0,0,0,0,0,0,0,0.057061,0,0,0,0,0,0,0,0,0,0,0,0,0,0.118423,0,0,0,2.4e-05,0,0,0.052139,0,0,0,0,0,0,0,0,0,0,0,0,0,0,0,0,0,0,0,0,0,0.064444,0,0,0,0,0.103369,0,0,0,0,0,0.000191,0,0,0,0,0,0,0,0,4.8e-05,0,0.000956,0,0,0,0,0,0,0,0,0,0,0,0,0,0,0,0,0,0.005066,0,0,0,0,0,0,0.006452,0,0,0,0,0,0,0,0,0,0,0.000311,0,0,0,0,0,0,0,0,0,0,0,0,0,0,0,0,0,0,0,0,0,0,0,0,0,0,0,0,0,0,0,0,0,0,0,7.2e-05,0,0,0.044086,0,0,0.000215,0,0,0,0,0,0,0,0,0,0,0,0,4.8e-05,0,0,0.000908,0,0.000741,0,0,0,0,0,0,0,0,0,0,0,0,0,0,0,0,0,0,0,0,0.054743,0,0,0,0,0,0,0,0,0,0,0,0,0,0,0,0,0,0,0,0,0,0,0,0,0,0,0,0,0,0,0,0,0,0,0,0,0,0,7.2e-05,0,0,0,0,0,0,0,0,0,0,0,0,0,0,0,0,0,0,0,0,0,0,0,0,0,0,0,0,0,0,0,0,0,0,0,0,0,0,0,0,0,0,0,0,0,0,0,0,0,0,0,0,0,0,0,0,0,0,0,0,0,0,0,0,0.000573,0,0,0,0,0,0,0,0,0,0,0,0,0,0,0,0,0,0,0,0,0,0,0,0,0,0,0,0,0,0,4.8e-05,0,0,0,0,0,0,0,0,0,0,0,0.000287,0,0,0,0,0,0,0,0,0,0,0,0,0,0,0,0,0,0,0,0,0,0,0,0,0,0,0,0,0,0,0,0,0,0,0,0,0,0,0,0,0,0,0,0,0,0,0,0,0,0,0,0
D984,0.078995,0,0,0,0.001529,0,2.8e-05,0,0,0,0.000482,0,0,0,0,0,0.021781,0,2.8e-05,0,0,0.000566,0,0,0,0,0.000198,0,0,0,0,8.5e-05,8.5e-05,0.002776,0,0,0,0,0,5.7e-05,0.008695,0,0,0,0,0,0,0,0,0,0,0,0,0,0,0,0,0,0,0.000142,0,0,0,0,0,0,0,0.00068,0,0,0,0,0.000113,0.064408,0,0,0.001699,0,0,0,0,5.7e-05,0,8.5e-05,0,0,0,0,0,0.000255,0,0,0,0,0,0.006175,0,0,0,0,0.000935,0,0,0,0.003371,0,0,0,0,0,0,0,0.009007,0,5.7e-05,0,0,0,0,0,0,0,0,0,0,0,0,0,0,0,0,0,0,0,0,0,0,0,0,0,8.5e-05,0,0,0,0,0,0.017447,0.000198,0,0,0,0,0,0,0,0,0,0,0,0,0,0,0,0,0,0,0,0,0,0,0,0,0,0,0,0.003739,0,0,0,0,0,0,0,0.065145,0,0,0,0,0,0,0,0,0,0,0,0,0,0,0.002832,0,0,0,5.7e-05,0,0,0,0,0,0,0,0,0.001076,0,0,0,0,0,0,0,0,0.003965,0,0,0,0,0.0049,0,0,0,0,0.000482,0,0.012944,0,0,0,0,0,0,0,0,0,0,0,0,0,0,0,0,0,0,0,0,0,0.020138,0,0,0,0,0,0,0,0,0,0,0.00017,0,0,0.012406,0,0,0,0,0.001586,0,0,0.003739,0.000482,0,0,0,0,0,0,0,0,0.003824,0,0,0,0,0,0,0,0,0,0,0,0,0,0,0,0,0,0,0,0,0,0,0,0,0.002747,0.000595,0,0,0,0.000283,0.000935,0,0,0,0,0.007874,0,0,0,0,0,0,0,0.002776,0,0,0,0,0,0,8.5e-05,0,0.001784,0,0,0,0,0,8.5e-05,5.7e-05,0,0,0,0.000595,0.000368,0.010508,0,0,0,0,0,0,0,0,0,0,0,0,0,0,0,0.000142,0,0,0.003739,0.016371,0,0,0,0,0.004107,0,0.001813,0,0.000283,0,0,0,0.000113,0,0.00034,0,0.001246,0,0.000312,0,0,0,0,0.000623,0,0,0
D229,0,0,0,0,0.000445,0,0,0.139179,0,0.008829,0,0.044291,0,0,0,0,0,0,0,0,0,0,0,0.000297,0,0,0,0,0,0,0,0,0,0,0,0,0,0,0.025595,0,0,0,7.4e-05,0,0,0,0,0,0,0,0.032569,0,0,0,0.034869,0.167817,0,0.078344,0,0,0,0,0,0.000297,0,0,0,0,0,0,0,0,0,0,0,0,0,0,0,0.010016,0.024779,0,0,0,0,0,0,0,0,0,0,0.043252,0,0,0,0,0.003561,0,0,0,0,0,0,0,0.000668,0,0.001261,0,0,0,0,0,0,0,0,0.115958,0,0,0,0,0,0.017286,0,0.000148,0,0,0,0,0,0,0,0,0,0,0,0,0,0,0,0,0,0,0,0,0,0,0,0,0,0,0,0,0,0,0.035092,0,0.009867,0,0,0,0,0,0,0,0,0,0,0,0,0,0,0.000223,0,0,0,0,0,0,0,0,0,0,0,0,0,0,0,0,0.001261,0,0,0,0,0,0.000148,0,0,0,0,0,0,0,0,0,0,0,0,0,0.009867,0,0,0,0,0,0,0,0,0,0,0,0,0.000148,0,0,0,0,0,0,0,0,0,0,0,0,0.005564,0,0,0,0,0,0,0,0,0.000371,0,0,0,0,0,0,0,0,0,0,0,0,0.011722,0,0,0,0,0,0,0,0,0.008012,0,0,0,0,0,0.002597,0,0,0,0,0,0,0,0,0,0,0,0,0,0,0,0,0,0,0,0,0,0,0,0,0,0,0,0,0,0,0,0,0,0,0,0,0,0,0.002151,0,0,0.000148,0,0,0,0,0,0,0,0,0,0,0,0,0,0,0,0,0,0,0,0,0,0,0,0,0,0,0,0,0,0,0,0,0,0,0,0,0,0,0,0,0,0.000371,0,0,0.034721,0.002597,0,0.000148,0,0,0,0,0,0,0,0.001632,0.00089,0,0,0,0,0,0,0,0,0,0,0,0,0,0,0,0,0,0,0,0,0,0,0,0,0,0,0,0,0
D2426,0,0,0.000112,0,0.000561,0,0,0,0,0.723133,0,0.02667,0,0,0,0,0,0,0,0,0.000168,0.002414,0,0,0,0.000112,0,0.004492,0,0,0,0,0,0,0,0,0,0,0,0,0.000449,0,0,0,0,0,0.000225,0,0.002639,0,0,0,0,0,0,0,0.001235,0,0,0,0,0,0,0,0,0,0,0,0.000674,0,0,0,0,0.000225,0,0,0.000449,0,0,0,0,0,0.014599,0,0,0,0.000561,0,0,0,0,0.000786,0,0,0,0,0,0,0,0,0,0,0,0,0.000112,0,0,0,0,0,0,0,0,0,0,0,0,0,0,0,0.000112,0,0,0.000168,0,0,0.001348,0.009545,0,0,0,0,0,0,0,0,0,0,0,0,0.040876,0,0,0,0.000112,0,0,0,0,0,0,0,0,0.000281,0,0,0,0,0,0,0.001291,0,0,0,0,0,0,0,0,0,0,0,0,0.000112,0,0.000786,0,0,0,0,0,0,0,0,0,0,0,0,0,0,0,0,0,0,0,0,0,0,0.000281,0.000225,0,0,0,0,0,0,5.6e-05,0,0,0,0,0,0,0,0,0,0,0,0,0,0,0,0,0,0,0,0,0,0.000168,0,5.6e-05,0,0,0,0,0,0,0,0,0,0,0,0,0,0,0,0.000112,0.00073,0,0,0,0,0.000168,0,0.000393,0.000112,0,0,0,0,0,0,0.000112,0,0,0.000449,0,0,0.000337,0,0.000618,0.000898,0,0,0,0,0,0,0,0,0,0.000112,0,0.000168,0.000955,0.013756,0,0,0,0,0,0,0,0,0,0,0,0,0.000225,0,0,0,0,0,0,0,0.000618,0,0,0,0,0,0,0.000112,0,0,0,0.000281,5.6e-05,0.000337,0,0,0,0,0,0,0,0,0.000112,0,0,0.000225,0,0,0,0,0,0.001797,0,0,0,0,0,0,0.000168,0,0,0,0.000225,0,0.000281,0.000281,0.000112,0,0,0,0,0,0,0,0,0,0,0,0,0,0.000112,0,0,0,0,0,0,0,0,0.000225,0,0,0,0,0,0.000112,0,0.000337,0,0,0,0,0,0,0,0,0,0,0,0,0,0,0.000112,0
D3159,0,0,0.292439,0.052456,0.001911,0,0,0,0.000637,0,0.003115,0,7.1e-05,0,0.010336,0,0,0,0,0,0.010336,0,0.005663,0.00177,0.000566,0,0.011539,0,0.092524,0,0.000991,0,0,0.001911,0.0143,0.002124,0,0.002478,0.002265,0,0,0,0.002124,0,0.000142,0,0,0,0,0,0,0.003681,0.00177,0.000566,0,0,0,0,0.000212,0.000991,0,0,0.001416,0,0,0,0,0.000283,0,0.000354,0.001203,0,0,0.001062,0.001557,0,0,0.025273,0,0,0,0,0,0,0,0,0,0,0,0,0,0,0,0.001557,0,0,0,0.000637,0,0,0,0,0,0.000283,0,0.010973,0,0,0,0,0,0.001841,0,0,0,0,0,0.000142,0,0,0.001133,0,0,0,0,0,0,0,0,0,0,0,0,0,0.001345,0,0,0.029732,0.003681,0,0,0.000496,0.001133,0,0,0,0,0.006513,0,0,0,0,0,0,0,0,0,0,0,0,0,0,0.027821,0.004106,0.001841,0,0,0,0,0,0,0,0,0,0,0,0.004247,0,0.000849,0,0.005097,0,0.000425,0,0.001628,0.000779,0,0,0.000142,0,0,0,0,7.1e-05,0.001982,0,0,0,0.003256,0,0,0,0,0,0.001557,0.000212,0,0,0,0.000779,0.013309,0,0,0,0,0,7.1e-05,0,0,0,0,0,0,0,0,0,0,0,0,0,0.001133,0,0,0,0,0,0,0,0.023928,0,0.000849,0,0,0.001841,0,0,0,0,0,0,0,0,0,0,0,0,0,0.00092,0,0.000212,0,0,0,0,0.00984,0,0,0,0.000283,0,0,0,0,0.000779,0,0,0,0,0.001487,0,0,0,0,0,0,0,0,0,0,0,0,0,0,0.00715,0,0,0,0,0,0.000779,0.000142,0.000283,0,0.004035,0,7.1e-05,0,0,0,0,0,0,0,0,0.071075,0,0,0,0,0,0,0,0,0,0,0.003044,0,0.000142,0,0,0,0,0.000212,0,0,0,0.000354,0,0.000425,0,0,0,0,0,0.000425,0,0,0,0,0,0,0.000708,0,0,0,0,0.002548,0,0,0,0,0,0,0,0,0,0,0,0,0,0,0,0,0,0,0,0,0.001133,0,0,0,0.000212,0.000212,0,0,0,0,0.000849,0.029308,0,0,0,0,0,0,0,0.000142,0,0,0.002548
D1541,0,0,0,0,0,0,0,0.007739,0,0,0,0,0,0,0,0,0,0,0,0,0,0,0,0,0,0,4.9e-05,0,0,0,0,0,0,0,0,0,0,0,0.010928,0,0,0,9.9e-05,0,0,0,0,0,0,0,0.619814,0,0,0,0.008332,0,0,0.018247,0,0,0,0,0,0,0,0,0,0,0,0,0,0,0,0,0,0,0,0,0,0.000593,0,0,0.000173,0,0,0,0,0,0,0,0,0.0224,0,0,0,0,0.002374,0,0,0,0,0,0,0,0.015255,0,0,0,0,0,0,0,0,0,0,0,0,0,0,0,0,0.005118,0,0,0,0,0,0,0,9.9e-05,0,0,0,0,0,0,0,0,0,0,0,0,0,0.033798,4.9e-05,0,0,0,0,0,0,0,0,0,0.025565,0,0,0,0,0,0,0,0,0,0,0,0,0,0.000148,7.4e-05,0,0,0.009173,0,0,0,0,0,0,0,0,0,0,0,0,0,0,0,7.4e-05,0,0,0,0,0,4.9e-05,0,0,0,0,0,0,0,0,0,0,0,0,0,0,0,0,0,0,0,0,0,0,0,0,0,0,0,0,0,0,0,0,0,0,0,0,0,0,0,0.001459,0,0,0,0,0,0,0,0,2.5e-05,0,0,0,0,0,0,0,0,0,0,0.00047,0,0.000198,0,0,0,0,0,0,0,0,0.091332,0,0,0,0,9.9e-05,0,0,0,0,0,0,0,0,0,0,0,0,0,0,0.000148,0,0,0,0,0,0,0,0,0,0,0,0,0,0,0,0,0,0,0,0,0,0,0,0,0,0,0,0.000223,0,0,0,0,0,0,0,0,0,0,0,0,0,0,0,0,0,0,0,0,0,0,0,0,0,0,0,0,0,0,0,0,0,0,0,0,0,0,0,0,0,0,0,0,0.003585,0,0.000148,0,0.000148,0,0,0,0,0,0,2.5e-05,0,0,0,0,0,0,0,0,0,0,0,0,0,0,0,0,0,0,0,0.000371,0,0,0,0,0,0,0,0,0,0
D1175,0.002493,0,0,0,0,0,0,0,0,0,0,0,0,0,0,0,0.050887,0,0,0,0,0.001466,0,0,0,0,0.001613,0,0,0,0,0,0,0.004986,0,0,0,0,0,0,0.009092,0,0,0,0.000147,0,0,0,0,0,0,0,0,0,0,0,0,0,0,0,0,0,0,0.00044,0,0,0,0.000293,0,0,0,0,0,0.013638,0,0,0.012025,0,0,0,0,0,0,0,0,0,0,0,0,0,0,0,0,0,0,0.024197,0.000293,0,0,0,0.00396,0,0.000293,0,0,0,0,0,0,0,0,0,0,0,0,0,0,0,0,0,0,0,0,0,0,0.001027,0,0,0,0,0,0,0,0,0,0,0.001173,0,0,0,0,0,0,0,0.00044,0,0,0,0,0.000587,0,0,0,0,0,0,0,0,0,0,0,0,0,0,0,0,0,0,0,0,0,0,0.000733,0.014225,0,0.004546,0,0,0,0,0,0,0,0.00308,0,0,0,0,0,0.000293,0,0,0,0,0,0,0,0,0.00044,0.000733,0,0,0,0,0,0,0,0,0,0,0,0.007919,0,0.00088,0,0,0,0,0,0,0.004253,0.001027,0,0,0,0,0.026983,0,0.00176,0,0.000293,0,0.009386,0,0,0,0,0,0,0,0,0,0,0,0.004693,0,0.007626,0.001173,0,0,0,0,0.000293,0,0.007626,0.0022,0,0,0,0,0,0,0,0,0,0.00044,0,0,0.001173,0,0.007919,0,0.000293,0.001906,0,0,0.003666,0,0,0,0,0.006746,0,0.001173,0,0,0.005133,0,0,0,0,0,0,0,0,0,0.000293,0,0.000293,0,0,0,0,0,0,0,0.00044,0,0,0.019798,0,0.006746,0.009386,0.000293,0,0,0.002493,0.001173,0,0,0,0,0.001173,0,0,0,0,0,0.003226,0.000147,0,0,0,0,0,0,0.00044,0,0,0,0,0.000147,0,0,0,0,0.000587,0,0.000293,0,0.003373,0.0022,0.003666,0,0,0,0,0,0,0,0,0.000733,0,0,0,0,0.00044,0,0,0,0,0,0.00044,0,0,0,0,0.00176,0,0.00088,0,0.002933,0,0,0,0,0,0,0,0.004839,0,0.004106,0,0,0,0,0,0,0,0
D2200,0.000166,0,0,0,0,0,0,0,0,0,0,0,0,0,0,0,0,0,0,0,4.7e-05,0,0,0.67747,0,0,0,0,4.7e-05,0,0,0,0,0,0,0,0,0,0,0,0,4.7e-05,0,0,4.7e-05,0,0,0,0,0,0,0,0,0,0,0,0,0,9.5e-05,0,0,0,0,0,0,0,0,0,0,0,0,0,0,9.5e-05,0,0,0,7.1e-05,0,0,0,0,0,0,0,0,0,0,0,0,0,0,0,0,0,0,0,0,0,0,0,0,0.000142,0,0,4.7e-05,0,0,0,0,0,0,0,0,0,0,0,0,0,0,0,0,0,0,0,0,0,0,0,0,0,0,0,0,0,0,0,0,0,0,0,0,4.7e-05,0,0,0.005936,0,0.009474,0.00057,0,0,0,0,0,0,0,0,0,0,0,0,0,0,0,0.000142,0,0,0,0,0,0,0,0,0,0,0,0,0,7.1e-05,0,0,0,0,0,0,0,0,0,0.003063,0,0,0,0,0,0,0,0,0,0,0,0,0,0,0,0,0,0,0,0.212693,0,0,0,0,0,0,0,0,0.000261,0,0,0,0,0,0.000119,0,0,0,0,0,0,0,0,0,0,0,0,0,0,0,0,0,0,0,0,0,0,0,0,0,0,0,0,0,0,0,0,0,0,0,0,0,0,0,0,0,0,0,0,0,0,0,0,0,0,0,0,0,0,0,0,0,0,0,0,0,0,0,0,0,0,0,0,0,0,0,0,0,0,0,0,0,0,0,0,0,0,0,0,0,0,0,0,0,0,0,0,0,0.001567,0,0,0,0,0,0,0,0,0,0,0,0,0,0,0,0,0,0,0,0,0,0,0,0,0,0,0,0,0,0,0,0,0,4.7e-05,0,0,0,0,0,0,0,0,0,0,0,0,0,0,0,0,0,0,0,0,0,0,0,0,0,4.7e-05,0,0,0,0,0,0,0,0,0,0,0,0,0,0,0,0,0,0,4.7e-05,0,0,0
D58,8.8e-05,0.181427,0,0,0,0,0.099363,0,0,0,0,0,0,0,0,0,0,0,0.037234,0,0,0,0,0,0,0,0,0,0,0,0,0.127903,0.167596,0,0,0,0.001317,0,0,0.003732,0,0,0,0,0,0,0,0,0,0,0,0,0,0,0,0,0,0,0,0,0,0,0,0,0,0,0,0,0,0,0,0,8.8e-05,0,0,0,0,0,0,0,0,4.4e-05,0,0.001976,0,0,0,0,0,0,0,0,0.022876,0,0,0,0,0,0,0,0,0.001756,0,0,0,0,0,0,0,0,0,0,0,0,0.016817,0,0.000922,0,0,0.005357,0,0,0,0,0,0,0,0,0,0,0,0.026608,0,0.004918,0,0,0,0,0,0,0,0,0,0,0,0,0,0,0,0,0,0,0,0,0,0.027223,0,0,0,0,0,0,0,0,0,0,0.000132,0,0,0,0.002151,0,0,0,0,0,0,0,0,0,0,0,0,0,0,0,0,0,0,0,0,0,0,0,0,0,0,0,0,0,0.025071,0,0,0,0,0,0,0,0,0,0,0,0,0,0,0,0,0,0.000307,0,0,0,0,0,0,0,0,0,0,0,0,0,0,0,0,0,0,0,0,0.000483,0,0,0,0,0,0,0,0,0,0,0,0,0,0,0,0,0,0,0,0,0,0,0,0.000132,0,0,0,0,0,0,0,0,0,0,0,0,0,0,0,0,0,0,0,0,0,0,0,0,0,0,0,0,0,0,0,0,0,0,0,0,0,0,0,0,0,0,0,0,0,0,0,0,0,0,0,0,0,0,0,0,0,0,0,0,0,0,0,0,0,0,0,0,0,0,0,0.001054,0,0,0,0,0,0,0,0,0,0,0,0.0591,0,0.147838,0,0,0,0,0,0,0,0,0,0,0,0,0,0,0,0,0,0,0,0,0,0,0,0,0,0,0,0,0.019276,0,0,0,0,0,0,0,0,0,0,0,0.000263,0,0,0,0,0,0,0,0,0
D3877,0,0.6946,0,0,0,0,0,0,0,0,0,0,0,0,0,0,0,0,0,0,0,0,0,0,0,0,0,0,0,0,0,0,0,0,0,0,0,0,0,0,0,0,0,0,0,0,0,8e-04,0,0,0,0,0,0,0,0,0,0,0,0,0,0,0,0,0,0,0,0,0,0,0,0,0,0,0,0,0,0,0,0,0,0,0,0,0,0,0,0,0,0,0,0,0,0,0,0,0,0,0.122,0,0,0,0,0,0,0,0,0,0,0,0,0,0,0,0,0,0,0,0,0.0062,0,0,0,0,0,0,0,0,0,0,0,0,0,0,0,0,0,0,0,0,0,0,0,0,0,0,0,0,0,0,0,0,0,0,0,0,0,0,0,0,0,0,0,0,0,0.1112,0,0,0,0,0,0,0,0,0,0,0,0,0,0.0078,0,0,0,0,0,0,0,0,0,0,0,0,0,0,0,0,0,0,0,0,0,0,0,0,0,0,0,0,0,0,0,0,0,0,0,0,0,0,0.002,0,0,0,0,0,0,0,0,0,0,0,0,0,0,0,0,0,0,0,0,0,0,0,0,0,0,0,0,0,0,0,0,0,0,0,0,0,0,0,0,0,0,0,0,0,0,0,0,0.0254,0,0,0,0,0,0,0,0,0,0,0,0,0,0,0,0,0,0,0,0,0,0,0,0,0,0,0,0,0,0,0,0,0,0,0,0,0,0,0,0,0,0,0,0,0,0,0,0,0,0,0,0,0,0,0,0,0,0,0,0,0,0,0,0,4e-04,0,0,0.0028,0,0,0,0,0,0,0,0,0,0,0,0,0,0,0,0,0,0,0,0,0,0,0,0,0,0,0,0,0,0,0,0,0,0,0,0,0,0,0,0,0,0,0.0022,0,0,0,0,0,0,0,0,0,0,0,0,0,0,0,0,0,0,0,0,0
D1295,0.001966,0,0,0,0.011835,0,0,0,0,0,0,0,0,0,0,0,0.004224,0,0,0,0.000692,0.000255,0,0,0,0,0,0,0,0.003277,0.000109,0,0,0.007428,0,0,0,0,0.001894,0,0.023487,0,0,0,0.002148,3.6e-05,0,0,0.010014,0,0,0,0,0,0,0,0.000692,0,0,0,0,0,0,0.006664,0,0,0,0.005025,0,0,0,0,0,0.010742,0,0,0.025963,0,0,0,0,0,0,0,0,0,0,0,0,0.000619,0,0,0,0,0,0.009686,0,0.000109,0,0,0,0,0,0.000328,7.3e-05,0,0,0,0,0,0,0,7.3e-05,0,0,0,0,0,0,0,0,0,0,0,0,0.015876,0.000765,0,0,0,0,0,0,0,0,0,0.003823,0,0,0,0,0,0,0,0,0,0,0,0,7.3e-05,7.3e-05,0,0,0,0,0,0,0,0,0,0.001202,0,0,0,0,0,0,0,0,0,0,0,0,0.018753,0,0.006409,0,0,0,0,0,0,0,0.000109,0,0,0.001566,0.00051,0,0.010159,0,0,0,0,0,0,0,0,0.00091,0.006118,0,0,0,0,0,0,0,0,0,0,0,0.012126,0,0,0,0,0,0.000109,0,0,0.003532,0,0,0,0,0,0.005098,0,0.009031,0,0.001274,0,0,0,0,0,0,0,0,0,0,0,0,0,0.006627,0,0.001675,0.007538,0,0,0,0,0,0,0.002185,0.000546,0,0,0,0,0,0.000218,0,0,0,0.000109,0,0,0,0,0,0,0.003204,7.3e-05,0,0,0.001384,0.000328,0,0,0,0.008375,0,0.004843,0,0,0.008958,0,0,0,0.00477,0,3.6e-05,0,0,0,0,0,0.001092,0,0,0,0,0,0,0,0.005207,0,0,0.004661,0,0.003714,0,0.000401,0,0,0.004625,0.002003,0.000437,0.000255,0,0,3.6e-05,0,0,0,0,0,0.003714,0,0,0,0,0,0,0,0.000874,0.000947,0,0,0,0.00102,0.00386,0,0.002913,0,0.001202,0,0,0,0,0.002731,0.004078,0,0,0,0,0,0,0,0,0,0,0,0,0.001529,0.005171,7.3e-05,0.001529,0,0,0,0.000291,0,0,7.3e-05,0,0.000655,0,0.001202,0,0.006627,0,0,7.3e-05,0,0,0,0,0,0,0.003496,0,0,0,0,0.000583,0,0,0
D3122,0.005314,0,0,0,0,0,0,0,0,0,0.001012,0,0.000127,0,0,0,0,0,0,0,0,0,0,0,0,0,0,0,0,0,0,0,0,0.007591,0,0,0,0,0,0,0,0,0,0,0.048077,0,0,0,0,0,0,0,0.020876,0.001518,0,0,0,0,0,0,0,0,0,0,0,0,0,0.007212,0,0,0,0,0,0.003163,0,0,0,0,0,0,0,0,0,0,0,0,0,0,0,0,0,0,0,0,0,0,0,0.00038,0,0,0,0,0,0.021635,0.008224,0,0,0,0,0,0.068699,0,0.001139,0.006199,0,0,0,0,0,0,0,0,0,0,0,0,0,0,0,0,0,0,0,0,0,0,0,0,0,0,0,0,0,0,0,0,0,0,0,0.003543,0,0,0,0,0,0,0,0,0,0,0,0,0,0,0,0,0,0,0,0,0,0,0,0,0,0,0,0,0,0,0,0,0,0,0,0,0,0.01455,0,0,0,0,0,0,0.011387,0,0,0,0.028467,0,0,0,0,0,0,0,0,0,0,0,0,0,0,0,0,0,0,0,0,0,0,0.002783,0,0,0,0,0,0,0,0,0.011513,0,0,0,0,0,0,0,0,0,0,0,0,0,0,0.000253,0,0,0,0,0,0,0,0,0,0,0,0,0,0,0,0,0,0,0,0,0,0,0.015562,0,0,0,0,0,0,0,0.000759,0.006832,0,0,0,0,0,0,0,0,0,0.000759,0,0,0,0.000127,0,0,0.091473,0,0,0,0,0,0,0,0.003543,0,0,0,0,0,0,0,0,0,0,0.000253,0,0,0,0,0,0,0,0,0,0,0,0,0,0,0,0,0,0,0.003416,0,0,0,0,0.005567,0,0,0,0,0,0,0.030744,0,0,0,0,0,0,0,0,0,0,0,0.023279,0,0,0,0,0,0,0,0.001771,0.001012,0,0.102733,0,0,0,0,0,0,0,0,0,0,0,0,0,0.00038,0,0,0,0,0,0,0,0.001518,0,0,0,0,0,0,0,0,0,0
D3403,0.229075,0.057269,0,0,0,0,0,0,0,0,0,0,0,0,0,0,0,0.035242,0,0,0,0,0,0,0,0,0,0,0,0,0,0,0,0.017621,0,0,0,0,0,0,0,0,0,0,0,0,0,0,0,0,0,0,0,0,0,0,0,0,0,0,0,0,0,0,0,0,0,0,0,0,0,0,0,0.008811,0,0,0,0,0,0,0,0,0,0,0,0,0,0,0,0,0,0,0,0,0,0,0,0,0,0,0,0,0,0,0,0,0,0,0,0,0,0,0,0,0,0,0,0,0,0.008811,0,0,0,0,0,0,0,0,0,0,0,0.039648,0,0,0,0,0,0,0,0,0.008811,0,0,0,0,0,0,0.022026,0,0,0,0,0,0,0,0,0,0,0,0,0,0,0,0,0,0,0,0,0,0,0,0,0,0,0.008811,0,0,0,0,0,0,0,0,0,0,0,0,0,0,0,0,0,0,0,0,0,0,0,0,0,0,0,0,0,0,0,0,0,0,0,0,0,0,0,0,0,0,0,0,0,0,0,0,0,0,0,0,0,0,0,0,0,0,0,0,0,0,0,0,0,0,0,0,0.013216,0,0,0,0,0,0,0,0,0,0,0,0,0,0,0,0,0,0,0,0,0,0,0,0,0,0,0,0,0,0,0,0,0,0.008811,0,0,0,0,0,0,0,0,0,0,0,0,0,0,0,0,0,0,0,0,0,0,0,0,0,0,0,0.026432,0,0,0,0,0,0,0,0,0,0,0,0.013216,0,0,0,0,0,0,0,0,0,0,0,0.013216,0.017621,0,0,0,0,0,0,0,0,0,0,0,0,0,0,0.026432,0.013216,0,0,0,0,0,0,0,0,0,0,0,0,0,0,0,0,0,0,0,0,0,0,0,0,0,0,0,0,0,0,0,0.008811,0,0,0,0,0,0,0,0,0,0,0,0.013216,0,0,0,0,0,0,0,0,0.008811
D4289,0.004545,0,0,0,0,0,0,0,0,0,0,0,0,0,0,0,0.006433,0,0,0,0,0,0,0,0,0,0.000629,0,0,0,0,0,0,0.000822,0,0,0,0,0,0,0.00027,0.000193,0,0,0.001117,0,0,0,0,0,0,0,0,0,0,0,0,0,0,0,0,0,0,0,0,0,0,0.001387,0,0,0,0,0,0.006138,0,0,0.004982,0,0,0,0,0,0,0,0,0,0,0,0,0,3.9e-05,0,0,0,0,0.008616,0,0,0,0,0,0,0,3.9e-05,0,0,0,0,0,0,0,0,0,0,0,0,0,0,0,0,0.000244,0,0,0,0,0,0,0,0,0,0,0,0,0,0,0,5.1e-05,0,0,0,0,0,0,0,0,0,0,0,0,0,0,0,0,0,0,0,0,0,0,0,0,0,0,0,0,0,0,0,0,0,0,0,0,0,0,0.002953,0,0,0,0,0,0,0,0.005354,0,0,0,5.1e-05,0,0.055033,0,0,0,0,0,0,0,0,0.001079,0,0,0,0,0,0,0,0,0,0,0,0,0.00642,0,0,0,0,0,0.000334,0,0,0.017501,0.00018,0,0,0,0.000167,0,0,0.003069,0,0,0,0,0,0,0,0,0,0,0,0,0,0,0,0.008898,0,0,0.00018,0,0,0,0,0,0,0,0,0,0,0.014638,0,0,0,0,0,0,0,0,0,0,0,0,0,0,0.000835,0,0,0.003467,0.000372,0,0,0,0.038392,0,0.000539,0,0,0,0,0,0,0,0,0,0,0,0,0,0,0.000167,0,0,0,0,0,0,6.4e-05,0,0,0,0,0,0.009707,0,9e-05,0,0,0.018246,0.000372,0,0,0,0,0,0,0,0,0,0,0,0,0.000475,0,0,0,0,0,0.044543,0,0,0,0,0.00678,0.009322,0,0.001117,0,0,0,0,0,0,0,0.001027,0,0,0,0,0,0,0,0,0,0,0,0,0,0,0,7.7e-05,0,0,0,0,0,0,0,0,0.023395,0,0,0,0,0.000141,0,0,0,0,0,0,0,0,0.002247,0,0,0,0,0.012866,0,0,0
D2689,0,0,0,0,0.006237,0,0,0.014955,0,0,0,0.025602,0,0,0,0,0,0,0,0,0,0.133678,0,0,0,0.04852,0,0.010357,0,0,0,0,0,0,0,0,0,0,0.048104,0,0,0,0,0,0,0,0,0,0,0,0,0,0,0,0,0,0,0,0,0,0,0,0,0,0,0,0,0,0,0,0.039473,0,0,0,0,0,0,0,0,0.004574,0.014955,0,0,0,0.021179,0,0,0,0.030213,0,0,0,0,0,0.005052,0,0,0,0,0,0,0,0,0,0,0,0,0,0,0,0,0,0,0,0,0,0,0,0,0,0,0,0,0,0,0,0,0,0,0,0,0,0,0,0,0,0,0,0,0,0,0,0,0,0,0,0,0,0,0,0,0,0,0,0,0,0,0,0,0,0,0,0,0,0,0,0,0,2.5e-05,0.000189,0,0,0,0,0,0,0,0,0,0,0,0.030868,0,0,0,0,0,0,0,0,0,0,0,0,0,0,0,0.024493,0,0,0,0,0,2.5e-05,0,0,0,0.016896,0,0,0,0,0,0,0,0,0,0,0,0,0,0,0.025249,0,0,0,0,0,0,0,0,0.055588,0,0,0,0,0,1.3e-05,0,0,0,0,0,0,0,0,0,0,0,0,0,0,0,0.04445,0,0,0,0,0,0,0,0,0,0,0,0,0,0,0,0,0,0,0,0,0,0,0,0,0,0,0,0,0,0,0,0.012108,0,0,0,0,0,0,0,0,0,0,0,0.026408,0,0,0,0,0,0,0,0,0,0,2.5e-05,0,0,0,0,0,0,0,0,0,0,0,0,0,0,0,0,0,0,0,0,0,0,0,0,0,0,0,0,0.001512,0,0,0,0,0,0,0,0,0,0,0,0,0,0,0,0,0,0,0,0,0,0,2.5e-05,0,0,0,0,0,0,0,0,0,0,0,0,0,0,0,0,0,0,0,0,0,0,0,0,0,0,0,0,0,0,0,0,0,0,0,0,0,0,0
D3136,0.281048,0,0,0,0.000493,0.000431,0,0,0,0.003914,0,0,0.050231,0,0,0,0,0,0,0,0,9.2e-05,0,0.098644,0.131125,0,0,0,0,0,0.021263,0,0,0,0,0,0,0,0,0,0,0.006287,0,0,0.010817,0,0,0,0,0,0,0,0.002619,0,0,0,0,0,0.00188,0,0,0,0,0,0,0,0,0.004037,0,0,0.000247,0,0,0,0,0,0,0,0,0,0,0,0,0,0,0,0,0,0,0,0,0,0,0.000154,0,0,0,0,0,0,0,0,0,0.000801,0,0,0,0,0,0,0,0,0,0.039106,0,0,0,0,0,0,0,0,0,0,0,0,0,0,0,0,0,0,0,0,0,0,0,0,0,0,0.000123,0,0.065516,0,0,0,0,0,0,0,0,0.195285,0,0,0,0,0,0,0,0,0,0,0,0,0,0,0,0,0,0,0,0,0,0,0,0,0,0,0,0,0,0,0,0,0,0,0,0,0,0,0,0,0,0,0.00037,0,0,0,0.001202,0,0,0,0,0,0,0,0,0,0,0,0,0,0,0,0,0,0,0,0,0,0,0,0,0,0,0,0,0,0,0,0.000493,0,0,0,0,0,0,0,0,0,0,0,0.000154,0,0,0,0,0,0.000154,0,0,0,0,0,0,0,0,0,0,0,0,0.013713,0,0,0,0,0,0,0.00074,0,0,0,0,0,0,0,0,0,0,0,0,0,0,0,0,0,0,0,0,0,0,0,0,0,0,0,0,0,0,0,0,0,0,0,0,0,0,0,0,0,0,0,0,0,0,0,0,0,0,0,0,0,0,0,0,0,0,0,0,0,0,0,0,0,0,0,0,6.2e-05,0,0,0,0,0,0,0,0.01963,0,0,0,0,0,0,0,0,0,0,0,0,0,0,0,0,0,0,0,0,0,0,0,0,0,0,0,0,0,0,0,0,0,0,0,0,0,0,0,0,0,0,0,0,0,0,0,0,0.000832,0,0,0.001479,0,0
D1975,0,0,0,0.11168,0,0,0,0,0,0,0,0,0,0,0.297645,0,0,0,0,0,0,0,0.133722,0,0,0,0,0,0,0,0,0,0,0,0.021864,0,0,0,0,0,0,0,0,0,0,0,0,0,0,0,0,0.061368,0,0,0,0,0,0,0,0,0,0,0.075682,0,0,0,0,0,0,0,0,0,0,0,0,0,0,0,0,0,0,0,0,0,0,0.045838,0,0,0,0,0,0,0,0,0,0,0,0,0,0,0,0,0,0,0,0,0,0,0,0,0,0.021327,0,0,0,0,0,0,0,0,0,0,0,0,0,0,0,0,0,0,0.00755,0,0,0,0.014313,0,0,0,0.064804,0,0,0,0,0,0,0,0,0,0,0,0,0,0,0,0,0,0,0,0,0,0,0,0,0,0,0,0,0,0,0,0,0,0,0,0,0,0.024225,0,0,0,0.004688,0,0,0,0,0.015995,0,0,0,0,0,0,0,0,0,0,0,0,0,0,0,0,0,0,0,0,0,0,0,0,0,0,0,0,0,0,0,0,0,0,0,0,0,0,0,0,0,0,0,0,0,0,0,0,0,0,0,0,0,0,0,0,0,0,0,0,0,0,0,0,0,0,0,0,0,0,0,0.00322,0,0,0,0,0,0,0,0,0.006906,0,0,0,0,0,0,0,0,0,0,0,0,0,0,0,0,0,0,0,0,0,0,0,0,0,0,0,0,0,0,0,0,0.002505,0,0,0,0.022901,0,0,0,0,0,0,0,0,0,0,0,0,0,0,0,0,0,0,0,0,0,0,0,0,0,0,0,0,0,0,0,0,0,0,0,0,0,0,0,0,0,0,0,0,0,0,0,0,0,0,0,0,0,0,0,0,0,0,0,0.000286,0,0,0,0,0,0,0,0,0,0,0,0,0,0,0,0,0,0,0,0,0,0,0.001789,0,0,0,0,0,0,0,0,0,0,0,0,0.001145
D841,0.00319,0,0,0,0.000886,0,0,0,0,0,0.003072,0,0,0,0,0,0.005316,0,0,0,0,0.00254,0,0,0,0,0.014177,0,0,0,0,0,0,0.008979,0,0,0,0,0,0,0.011282,0,0,0,0,0,0,0,0.000295,0,0,0,0,0,0,0,0,0,0,0,0,0,0,0,0,0,0,0.001654,0,0,0,0,0,0.005907,0,0,0.000827,0,0,0,0,0,0,0,0,0,0,0,0,0,0,0,0,0,0,0.013055,0.001713,0.000295,0,0,0,0,0,0,0.001063,0,0,0,0,0,0,0,0,0,0,0,0,0,0,0,0,0,0,0,0,0.010692,0,0,0,0,0,0,0,0,0,0,0.005257,0,0,0,0.000177,0.005848,0,0,0.005257,0.000118,0.002245,0,0,0.002658,0,0,0,0,0,0,0,0,0,0,0,0,0,0,0,0,0,0,0,0,0,0,0,0.021088,0,0.004371,0,0,0,0,0,0,0,0.007088,0,0,0,0,0.00508,0.000591,0,0.000473,0,0,0,0,0,0,0.000473,0.011164,0,0,0,0,0.00951,0,0,0,0,0,0,0.003485,0,0.003485,0,0.004312,0,0,0,0,0.003662,0.001004,0,0,0,0,0.00443,0,0.001359,0,0.000532,0,0.000591,0,0,0,0.000295,0,0,0,0,0,0,0,0.007561,0,0.000295,5.9e-05,0,0,0,0,0.002717,0,0.003485,0,0,0,0.009038,0,0,0.000118,0,0,0,0,0,0,0.000177,0,0.002835,0,0.000827,0.000591,0,0,0.000945,0.000236,0,0,0,0.00065,0,0.005375,0,0,0.002422,0.000118,0,0,0.001418,0.0013,0,0,0,0,0,0,0,0,0,0,0.000177,0,0,0,0,0,0,0.005848,0,0.001949,0.000177,0.000118,0,0,0.002481,0.000118,0,0,0,0,0.001949,0,0.007974,0,0,0,0.000886,0,0.000354,0,0,0,0,0,0.002363,0,0,0.000236,0,0,0.003013,0,0,0,0.002422,0,0.000177,0,0.001595,0.000473,0.000827,0,0,0,0,0,0,0,0,0.004371,0,0,0,0.002067,0,0,0.006852,0,0,0,0.001122,0,0,0,0,0.002245,0,0.017071,0,0.004785,0,0,0,0.00124,0,0,0,0.001004,0,0,0,0,0,0.002245,0,0,0,0
D4102,0,0,0.000768,0.017475,0,0,0,0,0,0,0,0,0,0,0,0,0,0,0,0,0,0,0.006145,0.009794,0,0,0,0,0.001728,0,0.023428,0,0,0,0.031685,0,0,0.000768,0,0,0,0,0,0,0,0.006241,0,0,0,0,0,0.001728,0,0,0,0,0,0,0,0,0,0,0.013634,0,0,0,0,0,0,0.145751,0,0,0,0,0,0,0,0.017475,0,0,0,0,0,0,0,0.001632,0,0,0,0,0,0,0,0,0,0,0,0,0,0,0,0,0,0,0,0,0,0,0,0,0,0,0,0,0,0,0,0.436774,0,0,0,0,0,0,0,0,0,0,0,0,0.002112,0,0,0,0.000672,0,0,0,0.00048,0,0,0,0,0,0,0,0,0.001536,0,0,0,0,0,0,0,0,0,0,0,0,0,0,0.00096,0,0,0,0,0,0,0,0,0,0,0,0,0,0.000576,0,0,0,0.00048,0,0,0,0,0.001728,0,0,0,0,0,0,0,0,0,0,0,0,0,0,0,0,0,0,0,0,0,0,0,0,0,0,0,0,0,0,0.002784,0,0,0,0,0,0,0.000384,0,0,0,0,0,0,0,0,0,0,0,0,0,0,0,0,0,0,0,0,0,0,0,0,0,0,0,0,0,0,0,0,0,0.000864,0,0.210658,0,0,0,0,0.000288,0,0,0,0,0,0,0,0,0,0,0,0,0,0.00048,0,0,0,0,0,0,0,0,0,0,0,0,0,0,0,0,0,0,0,0,0.002112,0,0,0,0,0,0,0,0,0,0,0,0,0,0,0,0,0,0,0,0,0,0,0,0,0,0,0,0.001056,0,0,0,0,0,0,0,0,0,0,0,0,0,0,0,0,0,0,0,0,0,0,0,0,0,0,0,0,0,0,0,0,0,0,0,0,0,0,0,0,0,0,0,0,0,0,0,0,0,0,0,0,0,0,0,0,0,0,0.000576,0.000288,0,0,0,0,0,0,0,0,0,0,0,0
D3557,0.030215,0,0.000893,0,0.26802,0,0,0,0,0,0.295255,0,0.002722,0,0,0,0,0,0,0,0,0,0,0,0,0,0,0,0,0,0,0,0,0,0,0,0,0,0,0,0,0.000662,0,0,0,0.037964,0,0,0,0,0,0,0,0,0,0,0,0,0.02179,0,0,0,0,0,0,0,0,0,0,0,0,0,0,0,0.023821,0,0,0,0,0,0,0,0,0,0,0,0,0,0,0,0,0,0,0,0,0,0,0,0,0,0,0,0,0,0,0,0,0,0,0,0,0,0,0,0,0,0,0,0,0,0.130813,0,0,0,0,0,0,0,0,0,0,0,0,0,0,0,0,0,0,0,0,0,0.000864,0,0,0,0,0,0,0,0,0,0,0,0,0,0,0,0,0,0,0,0,0,0,0,0,0,0,0,0,0,0,0,0,0,0,0,0,0,0,0,0,0,0,0,0,0,0,0,0,0,0,0,0,0,0,0,2.9e-05,0,0,0,0,0,0,0,0,0,0,0,0,0,0,0,0,0,0,0,0,0,0,0,0,0,0,0,0,0,0,0,0,0,0,0,0,0,0,0,0,0,0,0,0,0,0,0,0,0,0,0,0,0,0,0,0,0,0,0,0,0,0,0.011982,0,0,0,0,0,0,0,0,0,0,0,0,0,0,0,0,0,0,0,0,0,0,0,0,0,7.2e-05,0,0,0,0,0,0,0,0,0,0,0,0,0.000763,0.151969,0,0,0,0,0,0,0,0,0,0,0,0,0,0,0,0,0,0,0,0,0,0,0,0,0,0,0,0,0,0,0.008166,0,0,0,0,0,0,0,0,0,0,0,0,0,0,0,0,0,0,0,0,0,0,0,0,0,0,0,0,0,0,0,0,0,0,0,0,0,0,0,0,0,0,0,0,0,0,0,0,0,0,0,0,0,0,0,0,0,0,0,0,0,0,0,0,0,0,0
D4661,0,0,0,0,0,0,0,0,0,0,0,0,0,0,0,0.00071,0,0,0,0,0,0,0,0,0,0,0,0,0,0,0,0,0,0,0,0,0,0,0,0,0.004968,0,0.097232,0,0,0,0,0,0,0,0,0,0,0,0,0,0,0,0,0,0,0,0,0,0,0,0,0,0,0,0,0,0,0.001419,0,0,0,0,0,0,0,0,0,0,0,0,0,0,0,0,0,0,0,0,0,0,0,0,0,0,0,0,0,0,0,0,0,0,0,0,0,0,0,0,0,0,0,0,0,0,0,0,0,0,0,0,0,0,0,0,0,0,0,0,0,0,0,0,0,0,0,0,0,0,0,0,0,0.006388,0,0.001419,0,0,0,0,0,0,0,0,0,0,0,0,0,0,0,0,0,0,0.004968,0,0,0,0,0,0,0,0,0,0,0,0,0,0,0,0,0,0,0,0,0,0,0.002839,0,0,0,0,0,0,0,0,0,0,0,0,0,0,0,0.030518,0,0,0,0,0,0,0,0,0,0,0,0,0,0,0,0,0.003549,0,0,0,0.007097,0,0,0,0,0,0,0,0.096522,0,0,0,0,0,0,0,0,0,0,0,0,0,0,0,0,0,0,0,0,0,0,0,0,0,0,0,0,0,0,0,0,0,0,0,0,0,0,0,0,0,0,0,0,0,0,0,0,0,0,0,0,0,0,0,0,0,0,0,0,0,0,0,0,0,0,0,0,0.002839,0,0,0,0,0,0,0,0,0.001419,0,0,0,0,0,0,0,0,0,0,0,0,0,0,0,0,0,0,0,0,0,0,0,0,0.02555,0,0,0,0,0,0,0,0,0,0,0,0,0,0,0,0,0,0,0,0,0,0,0,0,0,0,0,0,0,0,0,0,0,0,0,0,0,0,0,0,0,0,0,0,0,0,0,0,0,0,0,0,0,0,0,0,0,0,0,0.002129
D1167,0.000326,0,0,0,0,0,0,0,0,0,0,0,0,0,0,0,0,0,0,0,0,0,0,0,0,0,0,0,0,0,0,0,0,0.357384,0,0,0,0,0,0,0,0,0.000109,0,0.036565,0,0,0.003156,0,0,0,0,0.054032,0,0,0,0,0,0,0,0,0,0,0,0,0,0,0,0,0,0.001741,0,0,0,0,0,0.000381,0,0,0,0,0,0,0,0,0,0,0,0,0.000272,0,0,0,0,0,0,0,0.010937,0,0,0,0,0,0.000381,0,0,0,0,0,0,0,0,0,0,0,0,0,0,0,0,0,0,0,0,0,0,0,0,0,0,0,0,0,0,0,0,0,0,0,0,0,0,0,0,0,0,0,0,0,0,0,0,0,0,0,0,0,0,0,0,0,0,0,0,0,0,0,0,0,0,0,0,0,0,0,0,0,0,0,0,0,0,0,0,0,0,0,5.4e-05,0,0,0,0,0,0,0,0,0,0,0.001524,0,0,0,0,0,0,0,0,0,0,0,0,0,0,0,0,0,0,0.000544,0,0,0,0,0,0,0,0,0,0,0,0.004462,0,0,0,0,0,0,0,0,0,0,0,0,0,0,0,0,0,5.4e-05,0,0,0,0,0,0,0,0,0,0,0,0,0,0,0,0,0,0,0,0,0,0,0,0,0,0.004081,0,0,0,0.000218,0,0,0,0.000163,0,0,0,0,0,0,0,0,0,0,0,0,0,0,0.000218,0,0.011263,0,0,0,0.059854,0,0,0,0,0,0,0,0,5.4e-05,0.000381,0,0,0,0,0,0,0,0,0.000653,0,0,0,0,0,0,0,0,0,0,0.000272,0,0,0,0,0,0,0,0,0,0,0,0.002122,0,0,0,0,0,0,0.000272,0,0,0,0,0.063065,0,0,0,0,0,0,0,0,0.000272,0,0,0,0,0,0,0,0,0,0,0,0,0,0,0,0,0,0,0.000544,0,0,0.000109,0,0,0,0,0,0,0,0,0.004788,0,0,0
D1177,0,0.696613,0,0,0,0,0,0,0,0,0,0,0,0,0,9.9e-05,0,0,0,0.021494,0,0,0,0,0,0,0,0,0,0.150555,0,0,0,0,0,0,0,0,0,0,0,0,9.9e-05,0,0,0,0.000198,0.026743,0.019315,0,0,0,0,0,0,0,0,0,0,0,0,0,0,0,0,0,0,0,0.000198,0,0,0,0,0,0.016244,0,0,0,0,0,0,0,0.000198,0,0,0,0,0,0,0,0,0,0,0,0,0,0,0,0.004457,0,0,0,0,0,0,0,0,0,0,0,0,0,0,0,0,0,0,0,0,0,0,0,0,0,0,0,0,0.000198,0,0,0,0,0,0,0,0,0,0,0,0,0,0.00099,0,0,0,0,0,0,0,0,0,0,0,0,0,0,0,0,0,0,0,0,0,0,0,0,0,0,0,0,0,0,0,0,0,0,0,0,0,0,0,0,0,0,0,0,0,0,0,0,0,0,0,0,0,0,0.01565,0,0,0,0,0,0,0,0,0,0,0,0,0,0,0,0,0,0,0,0,0.000198,0.012381,0,0,0,0,0,0,0,0,0,0,0,0,0,0,0,0,0,0,0,0,0,0,0,0,0.009311,0,0,0,0,0,0,0,0,0,0,0,0,0,0,0,0,0,0,0,0,0,0,0,0,0,0,0,0,0,0,0,0,0,0,0,0,0,0,0,0,0,0,0,0,0,0,0,0,0,0,0,0,0,0,0,0,0,0,0,0,0,0,0,0,0,0,0,0,0,0,0,0,0,0,0,0,0,0,0,0,0,0,0,0,0,0,0,0,0,0,0,0.012678,0,0,0,0,0,0,0,0,0,0,0,0,0,0,0,0,0,0,0,0,0,0,0,0,0,0,0,0,0,0,0,0,0,0,0,0,0,0,0,0,0,0,0,0,0,0,0,0,0,0,0,0,0,0,0,0,0,0,0,0,0,0,0,0
D1593,0.000332,0,0.003154,0,0.000664,0,0,0.003486,0,0,0,0,0,0.007802,0,0,0,0.085989,0,0,0.001328,0.000664,0,0.001162,0.000664,0.014774,0,0,0,0,0,0,0,0,0.000332,0,0,0,0,0,0,0.000166,0,0,0.000332,0,0.000498,0,0.000664,0,0,0,0,0.001162,0,0,0,0,0,0,0,0,0,0.000664,0,0,0,0,0.002158,0,0.000498,0,0,0,0,0.000498,0,0,0,0.009462,0.003486,0,0.000498,0,0.001494,0,0.365372,0,0.001162,0,0,0.004482,0,0,0.006474,0,0,0,0.01826,0,0,0,0,0,0,0,0.000332,0,0,0,0,0,0,0,0,0,0,0,0.014774,0,0,0,0,0,0,0,0.000498,0,0,0,0,0,0,0,0,0,0,0,0,0,0.0083,0.000498,0,0,0,0,0,0,0,0.002822,0,0,0,0.003818,0,0,0,0,0,0,0.00083,0,0,0,0,0,0,0,0,0.007802,0,0.001328,0,0,0,0,0,0,0,0,0,0.02407,0,0,0,0,0,0.001162,0,0,0,0,0,0,0.005478,0,0,0,0.000498,0,0,0,0.00083,0.000332,0,0,0,0.002158,0,0,0,0,0.000664,0,0,0,0,0.000332,0,0,0,0,0.041667,0,0,0,0,0,0,0.000166,0.001328,0,0,0,0,0,0,0.005478,0,0,0,0,0,0,0,0,0,0.00083,0,0,0,0,0,0.000166,0,0,0,0,0,0,0,0,0.000664,0,0,0,0,0,0.003154,0,0,0.00415,0.00083,0,0,0,0,0,0,0.000996,0,0,0,0,0.009296,0,0,0,0.000332,0,0,0,0.001328,0,0,0.012284,0,0,0.001826,0,0,0,0,0,0,0,0,0,0.005976,0,0,0,0,0,0,0,0,0,0.002324,0.000498,0.000498,0,0,0.00166,0,0,0.011786,0,0,0,0,0,0,0,0,0,0,0.001328,0,0,0,0,0,0.001494,0.000498,0,0,0,0,0,0,0,0,0.000332,0,0.01162,0,0,0,0.000332,0.00166,0,0.004316,0,0,0,0.000664,0,0,0,0.000332,0,0,0,0,0,0,0,0,0,0.000498,0,0,0,0.001826,0,0,0,0,0.000664,0,0,0,0,0,0,0,0,0,0
D3879,0,0,0.035527,0.154282,0.009554,0,0,0,0.005945,0,0.000142,0,0,0,0.001769,0,0.001203,0,0,0,0.017339,0.000566,0.008068,0.032343,0.00368,0,0,0,0.032979,0,0.09632,0,0,0.000354,0.000566,0,0,0,0.000708,0,0.003397,0,0.006086,0,0.002123,0.000354,0,0,0.000849,0.035881,0,0.002477,0.001345,0.002123,0,0,0,0,0,0,7.1e-05,0,0.003397,0.005732,0.001557,0,0,0,0,0.002619,0.002123,0.003892,0,0.003609,0,0,0,0.021798,0,0,0,0,0,0,0,0,0,0,0,0.003185,0,0,0,0,0,0,0,0.001982,0,0,0.000637,0,0,0,0,0.006369,0,0.000637,0,0,0,0.001274,0,0,0,0,0,0.002619,0,0,0,0,0,0,0,0,0,0,0.025832,0,0.023567,0,0,0,0.005945,0,0,0.002972,0.000566,0,0,0.015216,0,0,0,0,0,0.003114,0,0,0,0,0,0,0,0,0,0,0,0,0.003468,0,0.003468,0.015853,0.002194,0,0,0,0,0,0,0,0,0.003609,0,0.002335,0.002619,0,0.008988,0,0.000566,0,0,0.001274,0.000708,0,0,0,0.00092,0,0,0,0,0,0,0,0.001203,0,0,0,0,0,0.011111,0,0.008068,0,0,0,0,0,0.002902,0,0,0,0.001345,0.001769,0.00368,0,0,0.013234,0,0,0,0.002477,0,0,0,0,0.001062,0.000778,0,0,0,0,0,0,0,0,0.001203,0,0.001203,0.001557,0,0.002123,0,0,0,0,0,0,0,0.001769,0.001345,0,0,0,0,0.000637,0.001062,0.001982,0,0.000849,0,0,0.000566,0,0.002477,0,0.001062,0,0.000354,0,0.002548,0,0,0,0.000849,0.000283,0,0,0,0,0,0,0,0,0,0.000708,0,0,0.000495,0,0,0.00276,0,0,0.000495,0,0,0,0,0,0,0,0,0,0,0,0,0,0,0.000991,0,0,0.000495,0,0,0,0,0,0,0,0,0,0,0.003751,0,0.00644,0,0,0,0,0,0,0,0,0,0,0.001203,0,0,0,0,0,0.000991,0.000708,0,0,0,0,0,0,0,0,0,0,0.002902,0.001345,0,0,0,0,0,0.004883,0.001274,0,0,0,0,0,0,0,0,0,0,0,0,0,0,0,0,0,0,0,0,0,0.000495,0,0,0,0.000637,0.000778,0,0,0,0,0,0,0,0.00184
D1303,0.278481,0,0,0,0,0,0,0,0,0,0,0,0,0,0,0,0,0,0,0,0,0,0,0,0,0,0,0,0,0,0,0,0,0,0,0,0,0,0,0,0,0,0,0,0,0,0,0,0,0,0,0,0,0,0,0,0,0,0,0,0,0,0,0,0,0,0,0,0,0,0,0,0,0,0,0,0,0,0,0,0,0,0,0,0,0,0,0,0,0,0,0,0,0,0,0,0,0.025316,0,0,0,0,0,0,0,0,0,0,0,0,0,0,0,0,0,0,0,0,0,0,0,0,0,0,0,0,0,0,0,0,0,0.050633,0,0,0,0,0,0,0,0,0,0,0,0,0,0.037975,0,0.050633,0,0,0,0,0,0,0,0,0,0,0,0,0,0,0,0,0,0,0,0,0,0,0,0,0,0,0.075949,0,0,0,0,0.025316,0,0,0,0,0,0,0,0,0,0,0,0,0,0,0,0,0,0,0,0,0,0,0,0,0,0,0,0,0,0,0,0,0,0,0,0,0,0,0,0,0,0,0,0,0,0,0,0,0,0,0,0,0,0,0,0,0,0,0,0,0,0,0,0,0,0,0,0,0,0,0,0,0,0,0,0,0,0,0,0,0,0,0,0,0,0,0,0,0,0,0,0,0,0,0,0,0,0.037975,0,0,0,0,0,0,0,0,0,0,0,0,0,0,0,0,0,0,0,0,0,0,0,0,0,0,0,0,0,0,0,0,0,0,0,0,0,0,0,0,0,0,0,0,0,0,0,0,0,0,0,0,0,0,0,0,0,0,0,0,0,0.075949,0,0,0,0,0,0,0.088608,0,0,0,0,0,0,0,0,0,0,0,0,0,0,0,0,0,0,0,0,0,0,0,0,0,0,0,0,0,0,0,0,0,0,0,0,0,0,0,0,0,0,0,0.050633,0,0,0,0,0,0,0,0,0
D1804,0,0,0.430859,0.001444,0.005911,0,0,0,0.000152,0,0,0,0,0,0,1.5e-05,4.6e-05,0,0,0,0.000593,0.001368,0.000152,0.010151,0.049037,0,0.031106,0.00038,0.110473,0,0.00389,0,0,0,4.6e-05,0,4.6e-05,0,0,0,3e-05,0.004756,0.040329,1.5e-05,1.5e-05,0,0,0,9.1e-05,0,0,0.017414,0.000198,0.003571,0,0,0,0,0,0,0,0,3e-05,0.000866,0,0,0,0.000441,0,0.000304,0.006808,0,0.000106,0,0.000106,0.000623,9.1e-05,0.002629,0,0,0,0,0,0,0,0.000198,0,0,0,0,0.002021,0,0,0.000319,0,0,0,0,0,0,0.000228,0,0,0,4.6e-05,0.002781,0,0,0,0,0,9.1e-05,0,0,0,0,0,0.000425,0,0,0.002477,0,0,0,0.000532,0,0,0,0.000334,0,0,0,0,0,7.6e-05,0,0,0.02015,0,0,0,0.034616,0.000198,0,0,0,0.000122,0,0.000213,1.5e-05,0,0,0,0,0,0,0,0,0,0,1.5e-05,0,0.000425,0.023994,0.009133,0,0,0,0,0,7.6e-05,0,0,0,0,0,0,0,0.001094,0,0,0,0,0.001079,0.000623,0,0,0,0.005638,0,0,0,7.6e-05,0,0.00196,0,0.000365,0,0.000304,0,0,3e-05,0.000243,0,0.041971,7.6e-05,0,0,0,1.5e-05,0,0,0,0,0,0,0,0,0,0,6.1e-05,6.1e-05,0,0.000198,0,0,0,0,0,0,3e-05,0,0,0,0,0.0303,0,0,0,0,0,0.000106,0,0.000836,0,0,3e-05,0,0,0,0.000228,6.1e-05,0,0,0,0,0,4.6e-05,0,0,0,3e-05,0,0,0.000304,0,0.000289,0,9.1e-05,0,0,0,0,0.003951,0.001641,0,0,0,4.6e-05,0,0,0,0,0,0,0,0,3e-05,0,0,0,0,0.000334,0.000122,0,0,0.001748,0,0,0.000213,0,0,0,0,0,0,0,0,0,0,0,0,0,0,7.6e-05,0,0,0,0,0,0,0,0,0,0,0.00076,0,0.000167,0,0,0,0,0.000198,0,0,0,0,0,0.005683,0,0,0,0,6.1e-05,0.000243,0.000593,0,0,0,0,0,0,0,0,0,0,0.0031,4.6e-05,0,0,0,0,0,0,0,0,0,0,3e-05,0,0,0,0,0,0,0,0,0,0,0,0,0,0,0,0,0,0,0,0.000365,0,0,0,0,0,0,6.1e-05,0,0,0,0
D4518,0,0,0,0,0,0,0,0,0.000669,0,0,0,0,0,0,0,0,0,0,0,0,0,0,0,0.001338,0.005018,0,0,0,0.005018,0,0,0,0.006357,0,0,0,0,0,0,0.001673,0.001673,0.000335,0,0.002342,0,0,0,0,0,0,0,0,0,0,0,0.000669,0,0,0,0,0,0,0,0,0,0,0,0,0,0,0,0,0.000669,0,0,0,0,0,0,0,0,0,0,0,0,0,0,0,0,0,0,0,0,0,0,0.000335,0.001004,0,0,0,0,0,0,0,0,0,0,0,0,0,0,0,0,0,0,0,0,0.001004,0,0,0,0,0,0,0,0,0,0,0,0,0,0,0,0,0,0,0,0,0,0,0,0,0,0,0,0,0,0.017732,0.031783,0,0,0.000335,0,0,0,0,0,0,0,0,0,0,0,0,0,0,0.001338,0,0.004015,0,0,0,0,0,0.000669,0,0,0,0,0,0,0,0.001004,0,0,0,0,0,0.013382,0,0,0,0,0,0,0,0,0,0,0,0,0,0,0,0,0,0,0,0,0,0.000335,0,0,0,0,0,0,0,0,0,0.036132,0.000669,0,0,0,0,0,0.035129,0,0,0,0,0,0,0,0,0,0,0,0,0,0,0,0.000669,0,0,0,0,0,0,0,0,0,0,0,0,0,0,0,0,0,0,0,0,0,0,0,0,0,0,0,0.007695,0,0,0,0,0,0,0,0,0.005018,0,0.008699,0,0,0,0,0,0,0,0,0.029107,0,0,0,0,0,0,0,0,0,0,0,0,0,0.001004,0,0,0,0,0.000669,0.001004,0.005688,0,0,0.005018,0,0,0,0,0,0,0,0.085982,0,0.001004,0,0,0,0.001004,0,0,0,0,0,0.022416,0,0,0,0,0.00736,0,0,0,0,0,0,0.001004,0,0,0.000669,0.002676,0,0,0,0,0,0,0,0,0,0,0,0,0.003346,0,0,0.002007,0,0,0,0,0,0,0,0,0.001004,0,0,0,0.000335,0,0,0.017397,0,0,0.001338,0,0,0,0,0,0,0,0,0.004349,0,0,0
D1248,0,0,0.203819,0.20208,0.016333,0,0,0,0.000745,0,0,0,0,0,0.126192,0,0,0,0,0,0.013445,0,0.050427,6.2e-05,0.000869,0,0.00621,6.2e-05,0.035802,0,0,0,0,0.000435,0.00208,0.016519,0,0.000404,0,0,0,0.000155,0.000186,0,0.000217,0,0,0,6.2e-05,6.2e-05,0,0,0.000155,0.000404,0,0,0,0,6.2e-05,0,0,0,0.010247,0,6.2e-05,0,0,0.00118,0,0.001242,0,0.004285,0,0,0.000311,0.000279,0,0.009036,0,0,0,0,0,0,0,0.017637,0,0,0,0,0,0,0,0,0,0,0,9.3e-05,0,0,0,0,0,0.000217,0,0.026176,0,0,0,0,0,6.2e-05,0,0,0,0,0,0.000155,0,0,0,0,0,0,0.000155,0,0,0,0,0,0.007825,0,0,0,0.019997,0,0,0.004285,0.024065,0,0,0.000124,6.2e-05,0,0,0,0,0,0,0,0,0,0,0,0,0,0,6.2e-05,0,6.2e-05,0,0,0.004689,0.002515,0.003633,0,0,0,0,0,0,0,0,0,0,0,0.006179,0,0.001056,0,0.001708,0,0.000932,9.3e-05,0.000776,0.022077,0,0.000124,0.00236,0,0,0,0,9.3e-05,0.000994,0,0,0,0.000186,0,0,0.000124,0,0,0.000683,0,0,0,0,0.000248,0.005403,0,0,0,0.002826,0,0,0,0,0,0,0,0,9.3e-05,0,0,0,0,0,0.000404,0.000279,0,0,0.000186,0,0,0,0,0.01211,0,9.3e-05,9.3e-05,0,0.000186,0,0,0,0,0,0,0,0,0,0,0,0,0,0.005154,0,0,0,6.2e-05,0,0,0.000652,0,0.0136,0,0.000124,0,0,0,0,0.000497,0,0,0,0,9e-04,0,0,0,0,0,0,0,0,0,0,0,0,0,0.000186,0.001832,0,0,9.3e-05,0,0,0.004596,0.000248,0,6.2e-05,0.004502,0,0,0,0,0,0,0,0,0,0,0.000497,0,0,0,0,0,0,0.000186,0,0,0,0.021239,0,0.000124,0,0,0,0,0,0,0,0,6.2e-05,0,9.3e-05,0,0,9.3e-05,0,0,0.000155,0,0,0,0,0,0,0,6.2e-05,0,0,0,0.000435,0,0,0,0,0,0,0.000342,0,0,0,0.000279,0,0,0,0,0,0,0,0,0,0,0,0,0,0,0,0,0,0,0.003912,9.3e-05,0.002018,0,0,0,0,0,0,0,0.000248,0,0,0.001987
D671,0,0,0,0.001144,0,0.342677,0,0,0.002288,0,0,0,0,0,0,0,0,0,0,0,0.029176,0,0,0,0,0,0,0,0,0,0,0,0,0,0,0,0,0,0,0,0,0,0,0,0,0,0,0,0,0,0,0,0,0,0,0,0,0,0,0,0,0,0,0,0,0,0,0,0,0,0,0,0,0,0,0,0,0,0,0,0,0,0,0,0,0,0,0,0,0,0,0,0,0,0,0,0,0,0,0,0,0,0,0,0,0,0,0,0,0,0,0,0,0,0,0,0,0,0,0,0,0,0,0,0.000572,0,0,0,0,0,0,0,0,0,0,0,0,0,0,0.006865,0,0,0,0,0,0,0,0,0,0,0,0,0,0,0,0,0,0,0,0,0,0,0,0,0,0,0,0,0,0,0,0,0,0,0,0,0,0,0,0,0,0,0,0,0.021739,0,0,0,0,0,0,0,0.003432,0,0,0,0,0,0,0,0,0.009725,0,0,0,0,0,0,0,0,0,0,0,0,0,0,0,0,0,0,0,0,0,0,0,0,0,0,0,0,0,0,0,0,0,0,0,0,0,0,0.008009,0,0,0,0,0,0,0,0.002288,0,0,0,0,0,0,0,0,0,0,0,0,0,0,0,0,0,0,0,0,0,0,0,0,0,0,0,0,0,0,0,0,0,0,0,0,0,0,0,0,0,0,0,0,0,0,0,0,0,0,0,0,0,0,0,0,0,0,0,0,0,0,0,0,0,0,0.008009,0,0,0,0,0,0,0,0,0,0,0,0,0,0,0,0,0,0,0,0,0,0,0,0,0,0,0,0,0,0,0,0,0,0,0,0,0,0,0.149314,0,0,0,0,0,0,0,0,0,0,0,0,0,0,0,0,0,0,0,0.143021,0,0.023455,0,0,0,0,0,0,0,0,0,0,0,0,0,0,0,0,0,0,0,0,0,0,0
D3318,0,0,0,0,0,0,0,0.005113,0,0.027159,0,0.003886,0,0.021514,0,0,0,0.012843,0,0,0,0.000409,0,0,0,0.025891,0,0,0,0,0,0,0,0,0,0,0,0,0.02041,0,0,0,0,0,0,0,0.003109,0,0.000245,0,0,0,0,0,0,0,0.000368,0,0,0,0,0,0,0,0,0,0,0,0.004704,0,0,0,0,8.2e-05,0,0,0,0,0,0.008957,0.007526,0,0.016361,0,0.005767,0,0,0,0.002086,0,0,0.002986,0,0,0.010553,0,8.2e-05,0.000286,0,0,0,0,0,0,0,0,0.059798,0,0,0,0,0,0,0,0,0,0,0,0.006953,0,0,0,0,0,0,0,0.001023,0.008385,0,0,0,0,0.073827,0,0,0,0.001677,0,0,0,0,0,0,0,0,0,0,0,0,0.015134,0,0,0,0.00319,0,0,0,0,0,0,0,0,0,0,0,0,0,0.00045,0.002045,0.004867,0,0.038529,0,0,0,0,8.2e-05,0,0.000123,0,0,0.014929,0,0,0,0,0,0.000532,0,0,0,0,0,0,0,0,0,0.005522,0,0,0,0,0,0.001636,0,0,0.000164,0.007812,0,0,0,0,0,0,0,0,0,0,0,0,0,0,0.010184,0,0,0,0,0,0,0,0.000123,0.000491,0,0,0,0,0,0.012557,0,0,0,0,0,0,0,0,0,0.003272,0,0,0,0,0,0.003558,0,0,0,0,0,0,0,0,0.015174,0,0,0,0,0,0.000286,0.031903,0,0.001268,0.003804,0,0,0,0,0,0,0.024336,0,0,0,0,0.006871,0.011289,8.2e-05,0,0,0,0,0,0,0,8.2e-05,0.001023,0,0.003027,0.000123,0,0,0,0,0,0,0,0,0,0.001881,0,0,0,0.000164,0,0,0,0,0,0,0,0.002659,0,0,0.002945,0,0,0.001186,0,0,0,0,0,0,0,0,0,0,0.000286,0,0,0.006708,0,0,0.000695,4.1e-05,0,0,0,0,0,0,8.2e-05,0,0.027199,0,0.003313,0,0,0,0,0.000859,0,0.002209,0,0,0,0.000654,0,0,0,0.006749,0,0,0,0,0,0,0,0,0,0.000818,0,0,0,0.000491,0,0,0,0,0,0,0,0.008385,0,0,0,0,0,0.007403,0
D1028,0,0,0.000375,0.000102,0,0,0,0.004979,0,0.000614,0,0,0,0.011083,0,0,0,0.039628,0,0,3.4e-05,0,0,0,0,0.013982,0.00075,0,6.8e-05,0.001262,0,0,0,0,0,6.8e-05,0,0,0,0,0,0,0.000273,0,0,0,0.006752,0,0,0,0,0,0,0,0,0,0.007707,0,0,0,0,0,0,0,0,0,0,0,0.011766,0,0,0,0,0,0,0,0,6.8e-05,0,0.009003,0.004229,0,0.008696,0,0.029601,0,0.000682,0,0,0,0,0.012038,0,0,0.007298,0.001842,0,0,0.028646,0,0,0,6.8e-05,0,0,0,0.000546,0,0,0,0,0,0,0,0,0,0,0,0.005729,0,0,0,0,0,0,0,0.002694,0,0,0,6.8e-05,0,0,0,0,0,0,0,0,0,0,0,0,0,0,0,0,0,0,0.004843,0,0,0,0.008458,0,0,0.000205,0,0,0,0.000648,0,0,6.8e-05,0,0,0,0.036627,0,0.004399,0,0.02186,0,0,0,0,0,0,0,0,0,0.002251,0,0,0,0,0,0.000136,0.000102,0,0,0,0,0,0,0,0,0.000273,0,0,0,0,0,0.000239,6.8e-05,0,0,0.010265,0,0,0,0,0,0,0,0,0,0,0,0,0,0.000273,0.003854,0,0,0,0,0,0,0,0,0.000716,0,0,0,0,0,0.002626,0,0,0,0,0,0,0,0,0.000136,0.001262,0,0,0,0,6.8e-05,0.000273,0,0,0,0,0,0,0,0,0.018723,0,0,0,0,0,0,0,0,0.065034,0.002387,0,0,0,0,0,0,0.004809,0,0,0,0.000171,6.8e-05,0,0,0,0.00075,0,0,0,0.001501,0,0,0.099819,0,0.000341,0.002217,0,0,0,0,0,0,0,6.8e-05,0,0.017597,0,0.000136,0,0.000102,0.000614,0,0,0,0,0.00191,0,0,0,0,0.002592,0.001637,0,0.025714,0,0,0,0,0,0,0,0,0,3.4e-05,0,0,0,0,0,0,0.009788,0,0,0,0,0,0,0,0,0,0.001773,0,0,0,0,0,0,0.002046,0,0.005388,0,0,0,0,0,0.000136,0,0,0,0,0.008048,0,0.05419,0,0,0,0,0.001296,0,0,0,0.019677,0,0,0,0,0.000102,0,0,0,0,0,0,0,0,0,0
D4506,0.110647,0,0,0.085595,0,0,0,0,0,0,0.135699,0,0,0,0,0,0,0,0,0,0,0,0,0.035491,0,0,0,0,0.029228,0,0.056367,0,0,0,0,0,0,0,0,0,0,0,0,0,0,0,0,0,0,0,0,0,0,0,0,0,0,0,0,0.106472,0,0,0,0.002088,0,0,0,0,0,0,0,0,0,0,0,0,0,0,0,0,0,0,0,0,0,0,0,0,0,0,0.073069,0,0,0,0,0,0,0,0,0,0,0,0,0,0,0,0,0,0,0,0,0,0,0,0,0,0,0,0,0,0,0,0,0,0,0,0,0,0,0,0,0,0,0,0,0,0,0,0,0,0,0,0,0,0,0,0,0,0,0,0,0,0,0,0,0,0,0,0,0,0,0,0,0,0,0,0,0,0,0,0,0,0,0,0,0,0,0,0,0,0,0,0,0,0,0,0,0,0,0,0,0,0,0.152401,0,0,0,0,0,0,0,0,0,0,0,0,0,0,0,0,0,0,0,0,0,0,0,0,0,0,0,0,0,0,0,0,0,0,0,0,0,0,0,0,0,0,0,0,0,0,0,0,0,0,0,0,0,0,0,0,0,0,0,0,0,0,0,0,0,0,0,0,0,0,0,0,0,0,0.066806,0,0,0,0,0,0,0,0,0.022965,0,0,0,0,0,0,0,0,0,0,0,0,0,0,0,0,0,0,0,0,0,0,0,0,0,0,0,0,0,0,0,0,0,0,0,0,0,0,0,0,0,0,0,0,0,0,0,0,0,0,0,0,0,0,0,0,0,0,0,0,0,0,0,0,0,0,0,0,0,0,0,0,0,0,0,0,0,0,0,0,0,0,0,0,0,0,0,0,0,0,0,0,0,0,0,0,0,0,0,0,0,0,0,0,0,0,0,0,0,0,0,0,0,0,0,0,0,0,0,0,0,0
D2407,0,0,6e-05,6e-05,0,6e-05,0,0.138087,0,0,0,0,0,0,0,0,0,0,0,0,0,0,0,0,0,0,0,0,0,0,0,0,0,0,0,0,0,0,0.084468,0,0,0,0,0,0,0,0,0,0,0,6e-05,0,0,0,0.289189,0,6e-05,0.177044,0,0,0,0,0,0,0,0,0,0,0,0,0,0,0,0.00012,0,0,0,0,0,0.005146,0,0,6e-05,0,0,0,0,0,0,0,0,0.014931,0,0,0,0,0,0,0,0,0,0,0,0,0.061787,0,0,0,0,0,0,0,0,0,0,0,0,0,0,0,0,0.002244,0,0,0,0,0,0,0,0.000209,0,0,0,0,0,0,0,0,0,0,0,0,0,0.071931,9e-05,0,0,0,0,0,0,0,0,0,0.05323,0,0,0,0,0,0,0,0,0,0,0,0,0,0,0.00012,0,0,0.017833,0,0,0,0,0,0,0,0,0,0,0,0,0,0,0,0,0,0,0,0,0,0,0,0,0,0,0,0,0,3e-05,0,0,0,0,0,0.003261,0,0,0,0,0,0,0,0,0,0,0,0,0,6e-05,0,0,0,0,0,0,0,0,0,0,0,0.000898,0,0,0,0,0,0,0,0,0,0,0,0,0,0,0,0,0,0,0,0.00018,0,0.021992,0,0,0,0,0,0,0,0,0.007301,0,0,0,0,0.00012,0.000269,0,0,0,0,0,0,0,0,0,0,0,0,0,0,0,0,0,0,0,0,0,0,0,0,0,0,0,0,0,0,0,0,0,0,0,0,0,0,0,0,6e-05,0.000299,0,0,0,0,0,0,0,0,0,0,0,0,0,0,0,0,0,0,0,0,0,0,0,0,0,0,0,0,0,0,0,0,0,0,0,0,0,0,0,0,0,0,0,0,0,0,6e-05,0,0.000688,0,0,0,0,0,0,0,0,0,0,0,0,0,0,0,0,0,0,0,0,0,0,0,0,0,0,0.00012,0,0,0,0,0,0,0,0,0,0
D1122,0,0,0,0,0,0,0.333333,0,0,0,0,0,0,0,0,0,0,0,0.004614,0,0,0,0,0,0,0,0,0,0,0,0,0,0.125581,0,0,0,0,0,0,0.226244,0,0,0,0,0,0,0,0,0,0,0,0,0,0,0,0,0,0,0,0,0,0.010288,0,0,0,0,0.17945,0,0,0,0,0,0.000547,0,0,0,0,0,0,0,0,3.4e-05,0,0.001948,0,0,0,0,0,0,0,0,0,0,0,0,0,0,0,0,0,0.00311,0,0,0,0,0,0,0.043991,0,0,0,0,0,0,0,0.000103,0,0,0.000513,0,0,0,0,0,0,0,0,0,0,0,0,0,0,0,0,0,0,0,0,0,0,0,0,0,0,0,0,0,0,0,0,0,0,0,0,0,0,0.044504,0,0,6.8e-05,0,0,0,0,0,0,0,0,0,0,0,0,0.000137,0,0,6.8e-05,0,0.010664,0,0,0,0,0,0,0,0,0,0,0,0,0,0,0,0,0,0,0,0,0,0,0,0,0,0,0,0,0,0,0,0,0,0,0,0,0,0,0,0,0,0,0,0,0.000342,0,0,0,0,0,0,0,0,0,0,0,0,0,0,0,0,0,0,0,0,0,0,0,0,0,0,0,0,0,0,0,0,0,0,0,0,0,0,0,0,0,0,0,0,0,0,0,0,0,0,0,0,0,0,0,0,0,0,0,0,0,0,0,0,0,0,0,0,0,0,0,0,0,0,0,0,0,0,0,0.000581,0,0,0,0,0,0,0,0,0,0,0,0,0,0,0,0,0,0,0,0,0,0,0,0,0,0,0,0,0,0,6.8e-05,0,0,0,0,0,0,0,0,0,0,0,0.003316,0,0,0,0,0,0,0,0,0,0,0,0,0,0,0,0,0,0,0,0,0,0,0,0,0,0,0,0,0,0,6.8e-05,0,0,0,0,0,0,0,0,0,0,0,0,0,0,0,0,0,0,0,0,0
D1355,0,0,0,0.00029,0,0,0,0,0.00507,0,0.00029,0,0,0,0,0,0,0,0,0,0,0,0.001738,0,0,0,0,0,0,0,0.002028,0,0,0,0,0,0,0.088934,0,0,0,0,0,0,0,0,0,0,0,0,0,0.006083,0,0,0,0,0,0,0,0,0,0,0,0,0.001738,0,0,0,0,0.234357,0,0,0,0,0,0,0,0,0,0,0,0,0,0,0,0,0,0,0,0,0,0,0,0,0,0,0,0,0,0.001883,0,0,0,0,0,0,0,0,0,0,0,0,0,0,0,0,0,0.05562,0,0,0,0,0,0,0,0,0,0,0,0,0,0,0,0,0,0.013036,0,0,0,0,0,0,0,0,0,0,0,0.075174,0,0,0,0,0,0,0,0,0,0,0,0.040122,0,0,0,0,0,0,0,0,0,0,0,0,0,0,0,0,0,0,0,0,0,0,0,0,0.124421,0,0,0,0,0,0,0,0.010574,0,0,0,0,0,0,0,0,0.01434,0,0,0,0,0,0,0,0.016512,0,0,0,0,0,0,0,0,0,0,0,0,0,0,0,0,0,0,0,0,0,0,0,0,0,0,0,0,0,0,0,0,0,0,0,0,0,0,0,0,0,0.02752,0,0,0,0,0,0,0,0.047943,0,0,0,0,0,0,0,0,0,0,0,0,0,0,0,0,0,0,0,0,0,0,0,0,0,0,0,0,0,0,0,0,0,0,0,0,0,0,0,0,0,0,0,0,0,0,0,0,0,0,0,0,0,0,0,0,0,0,0,0,0,0,0,0,0,0,0,0,0,0,0,0,0,0,0,0,0,0,0,0,0,0,0,0,0,0,0,0,0,0,0,0,0,0,0,0,0,0,0,0,0,0,0,0,0,0,0,0,0,0,0,0,0,0,0,0,0,0,0,0,0,0,0,0,0,0,0,0,0,0,0,0,0,0,0,0,0,0,0,0
D276,0,0.799841,0,0,0,0,0,0,0,0,0,0,0,0,0,0,0,0,0,0.012336,0,0,0,0,0,0,0,0,0,0,0,0,0,0,0,0,0,0,0,0,0,0,0,0,0,0,0,0.000796,0,0,0,0,0,0,0,0,0,0,0,0,0,0,0,0,0,0,0,0,0,0,0,0,0,0,0,0,0,0,0,0,0,0,0,0,0,0,0,0,0,0,0,0,0.010744,0,0,0,0,0,0.001592,0,0,0,0,0,0,0,0,0,0,0,0,0,0,0,0,0,0,0,0,0,0,0,0,0,0,0,0,0,0,0,0,0,0,0,0,0,0,0,0,0,0,0,0,0,0,0,0,0,0,0,0,0,0,0,0,0,0,0,0,0,0,0,0,0,0,0.173498,0,0,0,0,0,0,0,0,0,0,0,0,0,0,0,0,0,0,0,0,0,0,0,0,0,0,0,0,0,0,0.000398,0,0,0,0,0,0,0,0,0,0,0,0,0,0,0,0,0,0,0,0,0,0,0,0,0,0,0,0,0,0,0,0,0,0,0,0,0,0,0,0,0,0,0,0,0,0,0,0,0,0,0,0,0,0,0,0,0,0,0,0,0,0,0,0,0,0,0,0,0,0,0,0,0,0,0,0,0,0,0,0,0,0,0,0,0,0,0,0,0,0,0,0,0,0,0,0,0,0,0,0,0,0,0,0,0,0,0,0,0,0,0,0,0,0,0,0,0,0,0,0,0,0,0,0,0,0,0,0,0,0,0,0,0,0,0,0,0,0,0,0,0,0,0,0,0,0,0,0,0,0,0,0,0,0,0,0,0,0,0,0,0,0,0,0,0,0,0,0,0,0,0,0,0,0,0,0,0,0,0,0,0,0,0,0,0,0,0,0,0,0,0,0,0,0,0,0,0,0,0,0,0,0,0
D1958,0.000247,0,0,0,0,0.001361,0,0,0,0,0,0,0.001113,0,0,0,0,0,0,0,0,0,0,0.001113,0,0,0,0.010267,0,0,0,0,0,0,0,0,0,0,0,0,0,0,0,0,0.048986,0,0,0,0.180727,0,0,0,0,0.046759,0,0,0,0,0,0,0,0,0,0,0,0.00099,0,0,0,0,0,0,0,0,0,0.004948,0,0,0.000495,0,0,0,0,0,0,0,0,0.000247,0,0,0,0,0,0,0,0,0,0,0,0,0,0,0,0.020658,0,0,0,0,0,0,0,0,0,0.000247,0,0,0,0,0,0,0,0,0,0,0,0,0,0.001484,0,0,0,0,0,0,0,0,0,0,0,0,0,0,0,0,0,0,0,0.000247,0.03241,0,0,0.00099,0,0,0,0,0,0,0,0,0.000619,0,0,0,0,0,0,0,0,0,0,0,0,0,0,0,0,0,0,0,0,0,0,0,0,0,0.000619,0.079787,0,0,0,0,0.000247,0,0.007546,0,0,0.006804,0.002227,0.000247,0,0,0,0,0,0,0,0,0.000247,0,0,0,0,0,0,0,0,0,0,0,0,0.001113,0,0,0,0,0,0,0,0.015586,0.052573,0,0,0,0,0,0,0,0,0,0,0,0,0,0,0.00099,0,0.000247,0,0,0,0,0,0,0,0,0,0,0,0,0.001856,0,0,0,0,0.000124,0,0,0,0,0,0,0,0,0.001361,0,0,0,0,0,0,0,0,0,0,0,0,0,0,0,0,0,0,0,0.018679,0,0.024369,0,0,0,0,0,0,0,0,0,0,0,0,0,0,0,0,0,0,0,0,0,0,0,0,0,0,0,0,0,0,0,0,0,0,0,0.000371,0.000247,0,0,0,0.000866,0,0,0,0,0,0,0.006556,0.022143,0,0,0,0,0,0,0,0,0.000247,0,0,0,0,0,0,0,0,0,0.004082,0.015215,0.003093,0,0,0,0,0,0,0,0,0,0,0,0,0,0,0,0,0,0,0,0,0,0,0,0,0,0,0,0,0,0,0,0,0
D1903,0,0,0,0,0.004511,0,0,0,0,0,0,0,0,0.003409,0,0,0,0,0,0,0,0.016731,0,0,0,0,0,0,0,0,0,0,0,0,0,0,0,0,0.000682,0,0.00729,0,0,0,0.000157,0.000105,0,0,0,0,0,0,0,5.2e-05,0,0,0,0,0,0,0,0,0,0,0,0,0,0.003881,0,0,0.003671,0,0,0.029949,0,0.000262,0.001993,0,0,0.000734,0,0,0,0,0,0,0,0,0,0,0,0.00021,0,0,0,0.022343,0.001416,0.00021,0,0,0,0,0,0,0.013847,0,0,0,0,0,0.001259,0,0.00021,0,0,0,0,0,0,0,0,0.009126,0.012168,0,0,0.019564,0,0,0,0.071593,0,0,0,0,0,0,0.021557,0,0,0,0,0,0,0,0.00021,0,0,0,0,0.003829,0,0,0,0,0,0,0,0.000157,0,0,0.000262,0,0,0,0,0,0,0,0,0,0,0,0.000367,0,0,0.006399,0,0,0,0,0,0,0,0,0,0,0,0,0,0,0,0.000472,0,0,0.00021,0,0,0,0,0.000472,0,0,0,0,0,0,0.000682,0,0,0,0,0,0,0.022239,0,0.028165,0,0,0,0,0,0,0,0,0,0,0,0,0,0.000944,0.004248,0,0,0,0,0,0,0,0,0,0,0,0,0,0,0,0.000315,0,0,0,0,0,0.000157,0,0.016679,0.007763,0,0,0,0,0,0,0,0,0,0.000629,0,0,0.000629,0,0.001049,0.000472,0,0,0,0,0.000577,0.000315,0,0,0,0.00021,0,0.001416,0,0,0.001311,0,0,0,0,0.000472,0,0,0,0,0,0,0,0,0,0,0,0,0,0.000472,0.001416,0,0,0.002255,0.000577,0,0,0,0,0,0.00021,0,0,0,0,0,0.001888,0,0.00215,0,0,0,0.000105,0,0.002098,0.146386,0,0,0,0,0,0,0,0,0,0,0,0,0.000262,0,0,0,0.000367,0,0.01605,0.002727,0,0,0,0,0,0,0,0,0,0.000157,0,0,0,0,0,0,0.000262,0,0,0,0,0,0,0,0,0,0,0,0,0.001941,0.000157,0.000157,0.00021,0,0,0,0,0.006556,0,0.00021,0.000262,0,0,0.000157,0,0,0,0
D4267,0,0,0.001394,0.010688,0,0,0,0,0,0,0,0,0,0,0,0,0,0,0,0.390799,0,0.064126,0,0,0,0,0,0,0,0,0.148234,0,0,0,0,0.001394,0,0,0,0,0,0,0,0,0.000929,0,0,0,0,0,0,0.000929,0,0,0,0,0,0,0,0,0,0,0.002788,0,0,0,0,0,0,0,0,0,0,0,0.180297,0,0,0,0,0,0,0,0,0,0,0.008364,0,0,0,0,0,0,0,0,0,0,0,0,0,0,0,0,0,0,0,0,0,0,0,0,0,0,0,0,0,0,0,0,0,0.001394,0,0,0,0,0,0,0,0,0,0,0,0,0,0,0,0,0,0.000929,0,0,0,0.000465,0,0,0,0.034387,0,0.029275,0,0,0,0,0,0,0,0,0,0,0,0,0,0,0,0,0.001859,0,0,0,0,0,0,0,0,0,0,0,0,0,0,0,0,0,0,0,0,0,0,0,0.008364,0,0,0,0,0,0,0,0,0,0,0,0,0,0,0,0,0,0,0,0,0,0,0,0,0,0,0,0,0,0,0.000465,0,0,0,0,0,0,0,0,0,0,0,0,0,0,0,0,0,0,0,0,0,0,0,0.001859,0,0,0,0,0,0,0,0,0,0,0,0,0,0,0,0,0,0,0,0,0,0,0,0,0.000929,0,0,0,0,0,0,0,0,0.002323,0,0,0,0,0,0,0,0,0,0,0,0,0,0,0.000465,0,0,0,0,0,0,0.001859,0,0,0,0.001394,0,0,0,0,0,0,0,0,0,0,0.004647,0,0,0,0,0.001859,0,0,0,0,0,0,0,0,0,0,0,0,0,0,0,0,0,0,0,0,0,0,0,0,0,0,0,0,0,0,0,0,0,0,0,0,0,0,0,0,0,0,0,0,0,0,0,0,0,0,0,0,0,0,0,0,0,0,0,0,0,0,0,0,0,0,0,0.042286,0,0,0,0,0,0,0,0,0.015799,0,0,0
D59,0.001145,0,0.003132,0.000734,0.116216,0,0,0,0,0,0.029724,0,0,0,0,0,0,0,0,0,0.002009,0.000842,8.6e-05,0.040632,0.325276,0,0.051455,0,0.001188,0,0,0,0,0.000151,0,0,0,0,0,0,0,0.001728,0.039682,0,2.2e-05,8.6e-05,0,0,0,0.128227,0,0.011924,0,0,0,0,0,0,0,0,0,0,8.6e-05,0.006934,0.000173,0,0,0.005163,0,0,0.009634,0,0,0,0,0,0,8.6e-05,0,0,0,0,0,0,0,0,0,0,0,0,0,0,0,0,0,0,0,0,0,0,0,0,0,0,0,0.000216,0,0,0,0,0,0,0,0,0,0,0,0,0,0,0.106625,0,0,0.00054,0,0,0,0,0.001058,0,0,0,0,0,0,0,0,0.000454,0,0,0,0.07189,0.001815,0,0,0,0,0.00013,0,0,0,0,0.000108,0,0,0,0,0,0,0,0.001231,0,0,0.004169,0.005184,0,0,0,0,0,0,0,0,0,0,0,0,0,0,0,0,0,0,0,0,0,0,0,0,0,0,0,0,0,0,0,0,0,0,0,0,0,0.009505,0,0.000281,0,0,0,0,0,0,0,0,0,0,0,0,0,0,0,0,0,0,0.00283,0,0,0,0,0,0.00432,0.000108,0,0,0,0,0.000238,0,0,0,0,0,0,0,0.000626,0,0,0,0,0,0,0,0,0,0,0,0,0,0,0,0,0,0,0,0,0,0,8.6e-05,0,0,0,0,0,0,0,0,0,0,0,0,0,0,0,0,0,0,0,0,0,0,0,0,0,0.00013,0,0,0,0.005357,0,0,0,0,0,0,4.3e-05,0,0,0,0,0,0,0,0,0,0,0,0,0,0.000475,0,0,0,0,0,0,0,0,0,6.5e-05,0,0,0,0,0,0,0,0,0,0,0,0,0,0,0,0,0,0,0,0,0,0,0,0,0,0,0,0,0,0,0,0,0,0,0,0.00013,0,0,0,0,0,0,0,0,0,0,0,0,0,0,0,0,0,0,0,0,0,0,4.3e-05,0,0,0,0,0,0,0,0,0,0,0,0,0
D2654,0.000631,0,0,0,0.002968,0,0,0,0,0.004735,0,0.000126,0,0,0,0,0,0,0,0,0,0.002778,0,0.000884,0.63335,0,0,0,0,0,0,0,0,0,0,0,0,0,0,0,0,0.009345,0.195669,0,0.000189,0,0,0,0,0,0,0,0.000316,0,0,0,0.010671,0,0,0,0,0,0,0.013386,0,0,0,0,0,0,0.000758,0,0,0,0,0,0,0,0,0,0,0,0.000884,0,0,0,0,0,0,0,0,0,0,0,0,0,0,0,0,0,0,0,0,0,0,0,0,0,0,0,0,0,0,0,0,0,0,0,0,0,0,0,0,0,0,0,0,0,0,0,0.000189,0,0,0,0,0,0,0,0,0,0,0.007261,0.000568,0,0,0,0,0,0.001642,0,0,0,0,0,0,0,0,0,0,0,0.000442,0,0,0,0,0,0,0,0,0,0,0,0,0,0,0,0,0,0,0,0,0,0,0,0,0,0,0,0,0,0,0,0,0,0.000442,0,0.000442,0,0.000316,0,0,0,0,0,0,0,0,0,0,0,0,0,0,0,0,0,0,0,0,0,0,0,0,0.002589,0,0,0,0,0,0,0,0,0,0,0,0,0,0,0,0,0,0,0,0,0,0,0,0,0,0,0,0,0,0,0,0,0,0,0,0,0,0,0,0,0,0,0,0,0,0,0,0,0,0,0.004672,0,0,0,0,0,0,0,0,0,0,0,0,0.000316,0,0,0,0,0,0,0,0,0,0,0,0,0,0,0,0,0,0,0,0,0,0,0,0,0,0,0,0,0,0,0,0,0,0,0,0,0,0,0,0,0,0,0,0,0,0,0,0,0,0,0,0,0,0,0,0.000126,0.002652,0.001073,0,0,0,0,0,0,0,0,0,0,0,0,0,0,0,0,0,0,0.000126,0,0,0,0,0,0,0,0,0,0,0,0,0,0,0,0,0,0,0,0,0,0,0.000189,0,0,0,0,0,0,0,0,0,0,0,0
D866,0.01882,0,0,0,0,0.000296,0,0,0,0.000741,0,0,0.042087,0.000148,0,0,0,0,0,0,0,0,0,0,0.000741,0,0,0,0,0,0,0,0,0.000445,0,0,0,0,0.001037,0,0,0,0,0,0.0615,0,0,0,0.001482,0,0,0,0.003705,0,0,0,0,0,0.011263,0,0,0,0,0,0,0.000296,0,0,0,0,0,0,0,0.001334,0,0,0,0,0,0,0,0,0,0,0,0,0,0,0,0,0,0,0,0,0,0,0,0,0,0,0,0,0,0.055127,0,0,0,0,0,0,0,0,0,0.000148,0,0,0,0,0,0,0,0,0,0,0,0,0.001778,0,0,0,0,0,0,0,0,0,0,0,0,0,0.008595,0,0,0,0,0.000593,0,0.015708,0,0.002816,0,0,0.000148,0,0,0,0,0,0,0,0,0,0,0,0,0,0,0,0,0,0,0,0,0,0,0.001926,0,0,0,0,0,0,0,0,0,0,0,0.013485,0,0,0,0,0,0,0.012448,0,0,0,0.004149,0.00326,0,0,0,0,0,0,0,0,0,0,0,0,0,0,0,0,0,0,0,0,0,0.000593,0,0,0,0,0,0,0,0,0.023118,0,0,0,0,0,0,0,0,0,0,0,0,0,0,0,0,0.000445,0,0,0,0,0,0,0.003408,0,0,0,0,0,0,0,0,0,0,0.001482,0,0,0.00326,0,0,0,0,0.000593,0,0,0,0.010077,0,0,0,0,0,0,0,0,0,0.00163,0,0,0,0.006224,0.004446,0,0.004149,0,0,0,0.000148,0,0,0,0.016598,0,0,0,0,0,0,0,0,0,0.000445,0.002075,0,0,0,0,0.002075,0,0,0,0,0,0,0,0,0,0,0,0,0,0.000593,0,0,0,0,0,0,0,0,0.000593,0,0,0.002075,0,0,0,0,0,0,0.000593,0.020154,0,0,0,0.000889,0,0,0,0,0,0,0,0.001482,0.022081,0.000148,0,0,0,0,0,0,0,0,0,0,0,0,0,0,0,0,0,0.000741,0,0,0,0,0.001926,0,0,0,0,0.01882,0,0,0,0,0
D1928,0,0,0.001782,0,0,0,0,0,0,0,0.198583,0,0,0,0,0,0,0,0,0,0,0,0,0,0,0,0,0,0.000836,0,0,0,0,0.047395,0,0,0,0,0,0,0,0,0.000822,0,0.238617,0.0601,0,0,0,0,0,0,0,0.107796,0,0,0,0,0.000439,0,0,0,0,0,0,0,0,0,0,0,0.004029,0,0,0,0,0,0,0,0,0,0,0,0,0,0,0,0,0,0,0,0,0,0,0,0,0,0,0.000603,0,0,0,0,0,0,0,0,0,0,0,0,0,0,0.168416,0,0,0,0,0,0,0,0,0,0,0,0,0,0,0,0,0,0,0,0,0,0,0,0,0,0,0,0,0,0,0,0,0,0,0,0,0,0,0,0,0,0,0,0,0,0,0,0,0,0,0,0,0,0,0,0,0,0,0,0,0,0,0,0,0,0,0,0,0,0,0,0,0,0,0,0,0,0,0,0,0,0,0,0,0,0.020367,0,0,0,0,0,0,0,0,0,0,0,0,0,0,0,0,0,0,0,0,0,0,0,0,0,0,0,0,0,0,0,0,0,0,0,0,0,0,0,0,0,0,0,0,0,0,0,0,0,0,0,0,0,0,0,0,0,0,0,0,0,0,0,0,0,0,0,0,0,0,0,0,0,0,0,0,0,0,2.7e-05,0,0,0,0,0,0,0,0,0,0.00011,0,0,0,0,0,0,0,0,0,0,0,0,0,0,0,0,0,0,0,0,0,0,0,0,0,0,0,0,0,0,0,0,0,0,0,0,0,0,0,0,0,0,0,0,0.041186,0,0,0,0,0,0,0,0,0,0,0,0,0,0,0,0,0,0,0,0,0,0,0,0,0,0,0,0,0,0,0,0,0,0,0,0,0,0,0,0,0,0,0,0,0,0,0,0,0,0,0,0,0,0,0,0,0,0,0,0,0,0,0,0,0,0,0
D2314,0,0,0,0,0.000416,0,0,0.099617,0,0.003495,0,0.013607,0,0.057215,0,0,0,0.001082,0,0,0,0.000208,0,0,0,0.050474,0.000291,0,0,0,0,0,0,0,0,0,0,0,0.046729,0,0.000208,0,0,0,0.000125,0,0.024675,0,0.000333,0,0,0,0,0,0,0,0,0,0,0,0,0,0,0,0,0,0,0,0.01344,0,0,0,0,0.000832,0,0,0,0,0,0.003995,0.049767,0,0.002788,0,0.02376,0,0,0,0.01394,0,0,0.002164,0,0,0.024967,0,0,0,0,0,0,0,0,0,4.2e-05,0,0.020015,0,0,0,0,0,0,0,0,0,0,0,0,0,0.000166,0.002372,0,0.000333,0,0,0.000832,0.004494,0,0,0,0,0.001498,0,0,0,0.001415,0,0,0,0.000458,0,0,0,0.007532,0,0,0,0,0,0,0,0,0.010736,0,0,0.003662,0,0,0,0,0,0,0,0,0,0,0.000499,0.006117,0.001082,0,0.018392,0.000541,0,0,0.000208,0,0,0,0,0,0.005534,0,0,0,0,0.004869,0,0,0,0,0,0,0,0,0,0,0.001748,8.3e-05,0.000125,0,0,0,0.000166,0,0,0.00025,0.000666,0,0,0,0,0,0,0,0.005243,0,0,0,0,0,0,0.001165,0,0,0,0,0,0,0,0.000458,0.006325,0,0,0,0,0,0.021097,0,0,0,0,0,0,0,0,0.000166,0.00491,0,0,0,0,0,0.000166,0.000749,0.000375,0.000166,0,0,0,0,0,0.001165,0,0,0.00129,0,0,0,0.017144,0.004952,0.000375,0.000832,0,0,0,0,0,0,0.002622,0,0.000333,0,0.00104,0.007116,0.033497,8.3e-05,0,0,0,0,0,0,0,0,0.000832,0,0,0,0,0,0,0,0,0,0.003537,0.000375,0,0.002122,0,0.004785,0,0,0.000208,0,0,0,0,0,0,0.000707,0,0,0.003953,0,0,0.000125,0,0.00025,0,0,0,0,0,0,0,0,0.001748,0,0,0.003828,0,0,0.000791,0.000125,0,0,0,0.000666,0,0.000458,0.000125,0.000125,0.006325,0,0,0,0,0,0,0.000333,0.000125,0.001332,0,0.001748,0,0,0,0,0,0.000999,0,0,0,0,0,0,0,0,0,0.000791,0,0,0.000499,0.000125,0,0,0,0,0.000416,0,0,0.000458,0.000707,0,0,0,0,0.000541,0
D2678,0.008514,0.000795,0.011087,0,0,0,0,0,0,0.008257,0,0,0,0.004468,0,0,0.00683,0,0,0,0.032349,0.00407,0.000234,0,0,0,0,0,0,0.000819,0,0,0,0.000842,0,0.008888,0,0,0,0,0.003906,0,0.079973,0,0,0,0,0,0,0,0,0,0,0,0,0,0,0,0,0,0,0,0,0,0,0,0,0,0,0,0,0,0,0.001824,0,0,0.002058,0,0,0,0,0,0,0,0,0,0,0,0,0,0,0,0,0,0,0.007859,0.000327,0,0.00014,0,0,0,0,0,0.000304,0,0,0,0,0,0,0,0,0,0,0,0,0,0,0,0,0.006152,0,0,0,0.000725,0,0,0,4.7e-05,0,0,0,0,0,0,0.003672,0,2.3e-05,0,0,0,0,0,0.001006,0,0,0,0,0.000421,0,0,0,0,0,0,0,0,0,0,0,0,0.002292,0,0,0,0,0,0,0,0,0,0,0.011882,0,0.00393,0,0,0,0,0,0,0,0,0,0,0,0,0,0.004023,0,0,0,0,0,0,0,0,0,9.4e-05,0,0,0,0,0,0,0.104814,0,0,0,0,0.000117,0,0.010526,0,0.04891,0,0,0,0,0,0,0,0,0,0,0,0,0.000374,0,0.000678,0,0.000234,0,0,0.020186,0,0,0,0,0,0,0,0.035343,0,0,0.002994,4.7e-05,0,0,0,0,0.000795,0,0,0.004491,0,0,0,0,0,0,0,0,0,0,0,0,0.000187,0,0.014947,0,0,0,0,0,0,0,0,0,0,0,0,0.000398,0,0,0.040887,0,0,0.000468,0.002456,0.000608,0,0,0,0,0,0,0,0,0,0,0,0,0,0.010035,0,0,0,0.002643,0,0.001754,0,0,0,0,0.002222,0,0,0,0,0,0,0,0,0,0,0,0,0,0.000936,0,0,0,0,7e-05,0.002643,0.000117,0,0,0,0,0,0,0,0,0.00014,0,0,0,7e-05,0,0.000304,0,0,0,0,0,0,0,0,0.002783,0,0,0,0,0,0,0,0,0,0,0,0,0,0,0,0,0,4.7e-05,0,0.004023,0,0.000421,0,0,0,0,0,0,0,0,7e-05,9.4e-05,0,0,0,0,0,0
D2939,8.3e-05,0,0,0,0,0.141644,0,0,0,0,0,0,0.001915,0,0,0,0,0,0,0,0,0,0,0,0.000166,0,0,0,0,0,0.000125,0,0,0,0,0,0,0,0,0,0,0,0.000375,0,0,0,0,0,0,0,0,0,0,0,0,0,0,0,0,0,0,0,0,0,0,0.03488,0,0,0,0,0,0,0,0,0,0,0,0,0.024391,0,0,0,0,0,0,0,0,0.030094,0,0,0,0,0,0,0,0,0,0,0,0,0,0,0,0,0,0,0,0.026389,0,0,0,0,0,0,0,0,0,0,0,0,0,0,0,8.3e-05,0,0,0,0,0,0,0,0,0,0,0,0,0,0,0,0.014943,0,0,0,0,0,0.000416,0,0.001956,0,0,0.017523,0,0,0,0,0,0,0,0,0,0,0,0,0,0,0,0,0,0,0,0,0,0,0,0,0,0,0,0,0,0,0,0,0,0,0,0,0,0.00462,0,0,0,0.001165,0,0,0,0,0,0,0,0,0,0,0,0,0,0,0,0,0,0,0,0,0,0,0,0,0,0,0,0,0,0,0.000458,0,0,0,0.044121,0,0,0,0,0,0,0,0,0,0,0,0,0.010406,0,0.000166,0,0,0.007451,0,0,0.074631,0.005869,0,0,0,0,0,0,0,0,0,0,0.003538,0,0,0,0,0,0,0,0,0,0,0,0,0,0,0.014027,0,0,0,0,0.001498,0,0.008949,0,0,0,0,0,0,0,0,0,0,0,0,0,0,0,0,0,0,0,0,0,0,0,0,0,0,0,0,0,0,0,0,0.003746,0,0,0,0,0,0,0,0,0,0,0,0,0,0,0,0,0,0.017482,0,0,0,0,0,0,0,0,0,0,0,0,0,0,0,0,0,0,0,0,0,0,0,0.001124,0,0,0,0,0,0,0,0,0,0,0,0,0,0,0,0,0.000291,0,0.046743,0,0,0,0,0,0,0,0,0,0,0,0,0,0,0,0,0,0,0,0,0.024724,0,0
D2502,0,0,0,0.001774,0,0,0,0.037052,0,0.033295,0,0.005323,0,0,0,0,0,0,0,0,0,0,0,0,0,0,0,0,0,0,0,0,0,0,0,0,0,0,0.151863,0,0,0,0,0,0,0,0,0,0,0,0.023066,0,0,0,0.015238,0.259576,0,0.033713,0,0,0,0,0,0,0,0,0,0,0,0,0,0,0,0,0,0,0,0,0,0.003027,0,0,0,0,0,0,0,0,0,0,0,0.005949,0,0,0,0,0.005532,0,0,0,0,0,0,0,0,0.003862,0,0,0,0,0,0,0,0,0,0.026093,0,0,0,0,0,0.090178,0,0,0,0,0,0,0,0,0,0,0,0,0,0,0,0,0,0,0,0,0,0,0,0,0,0.000939,0.007619,0,0,0,0,0,0.01336,0,0.004384,0,0,0,0,0,0,0,0,0,0,0,0,0,0,0,0,0,0,0,0,0,0,0,0,0,0,0,0,0,0,0,0.074836,0,0,0,0,0,0,0,0,0,0,0,0,0,0,0,0,0,0,0,0.013255,0,0,0,0,0,0,0,0,0,0,0,0,0,0,0,0,0,0,0,0,0,0,0,0,0,0.01837,0,0,0,0,0,0,0,0,0.001461,0,0,0,0,0,0,0,0,0,0,0,0,0,0,0,0,0,0.002296,0,0,0,0.006471,0.000417,0,0,0,0,0,0,0,0,0,0,0,0,0,0,0,0,0,0,0,0,0,0,0,0,0,0,0,0,0,0,0,0,0,0,0,0,0,0,0,0,0,0,0,0,0,0,0,0,0,0,0,0,0,0,0,0,0,0,0.000209,0,0,0,0,0,0,0,0,0,0,0,0,0,0,0,0,0,0,0,0,0,0,0,0,0,0,0,0,0,0.004906,0,0,0.004697,0.00501,0,0,0,0,0,0,0,0,0,0.006158,0,0,0,0,0,0,0,0,0,0,0,0,0,0,0,0,0,0,0,0,0,0,0,0,0,0,0,0,0,0
D286,0.627655,0,0,8.5e-05,3.4e-05,0,0,0,0,0,0.200901,0,0.005302,0,0,0,0,0,0,0,0,0.000356,0,0,0.000271,0,0,0,0,0,0,0,0,0.000745,0,0,0,0,0,0,0,0,8.5e-05,0,0.003218,0.024325,0,0,0,0.000102,0,0,0.000711,0,0,0,0,0,0.001779,0.000102,0.064539,0,0,0,0,0,0,0,0,0,3.4e-05,0,0,0,0.000711,0,0,0,0,0,0,0,0,0,0,0,0,0,0,0,0,0,0,0,0,0,0,0.000474,0,0,0,0,0,0.000796,0,0,0,0,0,0,0,5.1e-05,0,0,0,0,0,0,0,0,0,0,0,0,0,0,0,0,0,0,0,0,0,0,0,0,0,0,0,0,0,0,8.5e-05,0,0,0.000254,0,0.000762,0,0,0,0,0.00044,0,0,0,0,0,0,0,0,0,0,0,0,0,0,0,0,0,0,0,0,0,0,0,0,0,0,0,0,0,0,0.000102,0,0,0,0.000119,3.4e-05,0,0,0,0,0,0.000999,0,1.7e-05,0,0.000119,0,0,0,0,0,0,0,0,0,0,0,0,0,0.000322,0,0,0,0,0,0,0,0,5.1e-05,0,0,0,0,0,0,0,0,0,0,0,0,0,0,0,0,0.000593,0,0,0,0,0.000271,0,0,0,0,0,0,0,0,0,0,0,0,0,0,0,0,0,0,0,0,0,0,0,0,6.8e-05,0,0,0,0,0.007182,3.4e-05,0,0,0,0,0,0,0,0,0,0,0,0,0,0,0,0,0,0,0,0,0,0,0,3.4e-05,0,0.001254,0,6.8e-05,0,0,0,0,0,0,0,0,5.1e-05,0,0,3.4e-05,0,0,0,0,0,0,0,0,0,0,0,0,0,0,0,0,0,0.000576,0,0,0,0,0,0.005641,0,0,0,0,0,0,0,0,0,0,0,0,0,1.7e-05,0,0,0,0.000119,0,0,0,0,0,0,0,0,0,0,6.8e-05,0,0,0,0,0,0,0,0,0,0,0,0,0,0,0,0,0,0,0,0,0,0,0,0,0,0,0,0,0.000322,0,0,0
D3283,0.001376,0,0,0,0.000145,0,0,0,0,0,0.001955,0,0,0,0,0,0.00478,0,0,0,0.00029,0.005866,0,0.000507,0.010429,0,0.142454,0,0,0,0,0,0,0.0042,0,0,0,0,0,0,0.013398,0,0,0,0.000145,0,0,0,0,0,0,0,0.000145,7.2e-05,0,0,7.2e-05,0,0,0,0,0,0,0.000145,0,0,0,0.000362,0,0,0,0,0,0.012167,0,0,0.000435,0,0,0,0,0,0,0,0,0,0,0,0,0,0,0,0,0,0,0.009849,0.000941,7.2e-05,0,0,0,0,0,0,0.000869,0,0,0,0,0,0,0,0,0,0,0,0,0,0,0,0,7.2e-05,0,0,0,0.012239,0,0,0,0,0,0,0,0,0,0,0.006735,0,0,0,0.000217,0,0,0,0.00449,0,0.001304,0,0,0.001521,0,0,0,0,0,0,0,0,0,0,0,0,0,0,0,0,0,0,0,0,0,0,0.000797,0.014557,0,0.005214,0,0,0.011443,0,0,0,0,0.005432,0,0,0,0,0,0,0,0.000869,0,0,0,0,0,0,7.2e-05,0.004273,0,0,0,0,0,0,0,0,0,0,0,0.003911,0,0.005649,0,0.006518,0,0,0,0,0.002317,0.000507,0,0,0,0.000145,0.003621,0,0.000435,0,7.2e-05,0,0.000797,0,0,0,0,0,0,0,0,0,0,0,0.003476,0,7.2e-05,0,0,0,0,0,0.001883,0,0.002173,0,0,0,0.004925,0,0,0,0,0,0,7.2e-05,0,0,0.000869,0,0.002173,0,0.000869,0.000941,0,0,0,0.000362,0,0,0,0.000362,0,0.00659,0,0,0.001738,0,0,0,0.002969,0.000869,0,0,0,0,0,0,0,0,0,0,0,0,0,0,0,0,0,0.007025,0,0.000869,0,0,0,0,0.00268,0.000217,0,0,0,0,0.003983,0,0.018178,0,0,0,0.000724,0,0.000652,0,0,0,0,0,0.001955,0,0,0.000145,0,0,0.000797,0,0.00029,0,0.001738,0,0,0,0.001304,0,0.000724,0,0,0,0,0.000869,0,0,0,0.003476,0,0,0,0.001231,0,0,0.005142,0,0,0,0.001304,0,0,0,0,0.000507,0,0.015353,0,0.003042,0,0,0,0.001086,0,0,0,0.001159,0,0,0,0,0,0.0021,0,0,0,0
D2036,0,0,5.7e-05,0,0,0,0.02914,0,0,0,0,0,0,0,0,0,0,0,0.138619,5.7e-05,0,0,0,0,0,0,0.001978,0,0,0,0,0.000339,0.000735,0,0,0,0,0,0,0.126017,0,0,0,0.365601,0,0,0,0,0,0,0,0,0,0,0,0,0,0,0,0,0,0,0,0,0,0,0.026748,0,0,0,0,0,0.1033,0,0.00032,0,0,0,0,0,0,0,0,0.082862,0,0,0,0,0,0,0,0,0,0,0,0,0,0,0,0,0,0.000188,0,0,0,0,0,0,0.047261,0,7.5e-05,0,0,0,0,0,0.000245,0,0,9.4e-05,0,0,0,0,0,0,0,0,0,0,0,0,0,0,0,0,0,0,0,0,1.9e-05,0,0,0,0,0,0,0,0,0,0,0,0,0,0,0.00032,0,0,0,0,0,0.000527,0,0,0,0,9.4e-05,0,0,0,0.012206,0,0,0,0,0,0,0.030515,0,5.7e-05,0,0,0,0,0,0,0,0,0,0,0.000301,0,0,0,3.8e-05,0,0,0,0,0,0,0,0,0,0,0,0,0,0,0,0,0,0,0,0,0,0,0,3.8e-05,0,0,0,0,0,0.000546,0,0,0,0,0,0,0,0,0,0,0,0,0,0,0.003654,0,0,0,0,0,0,0,0,0,0,0,0,0,0,0,0,0,0,0,0,0,0,0,0.000377,0,0,0,0,0,0,0,0,0,0,0,0,0,0,0,0,0,0,0,0,0,0,0,0,0,0,0,0,0,0,0,0,0,0,0,0,0,0,0,0,0.015503,0,0,0,0,0,0,0,0,0,0,0,0,0,0,0,0,0,0,0,0,0,0,0,0,0,0,0,0,0,0.000132,7.5e-05,0,0,0,0,0,0,0,0,0,0,0,0,0,1.9e-05,0,0,0,0,0,0,0,0,0,0,0,0,0,0,0,0,0,0,0,0,0,0,0,0,0,0,0,0,0,0,0,0,0,0,0,0,0,0,0,0,0,0,0,0,0,0,0,0,0,0
D3836,0.005221,0,0,0,0,0.000189,0,0,0,0.001195,0,0,0.031639,0,0,0,0,0,0,0,0,0,0,0.037174,0.011951,0,0,0,0,0,0.101271,0,0,0,0,0,0,0,0,0,0,0.401308,0,0,0.067367,0.000818,0,0,0,0,0,0,0.029375,0,0,0,0,0,0.001824,0,0,0,0,0,0,0,0,0,0,0,0,0,0,0,0,0,0,0,0,0,0,0,0,0,0,0,0,0,0,0,0,0,0,0,0,0,0,0,0,0,0,0,0,0.046421,0,0,0,0,0,6.3e-05,0,0,0,0.000503,0,0,0,0,0,0,0,0,0,0,0,0,0,0,0,0,0,0,0,0,0,0,0,0,0,0,0,0,0.022267,0,0,0,0,0,0,0,0,0.002516,0,0,0,0,0,0,0,0,0,0,0,0,0.000252,0,0,0,0,0,0,0,0,0,0,0,0,0,0,0,0,0,0,0,0,0,0,0.001069,0,0,0,0,0,0,0.017235,0,0,0,0.008743,0,0,0,0.037866,0,0,0,0,0,0.016543,0,0,0,0,0,0,0,0,0,0,0,0,0,0,0,0,0,0,0,0,0,0,0,0,0,0,0,0,0,0,0,0,0,0,0,0,0,0,0,0,0,0,0,0,0,0,0,0,0,0,0,0,0.000126,0,0,0,0,0,0,0,0,0,0,0,0,0,0,0,0.000189,0,0,0,0,0,0,0,0,0,0,0,0,0,0,0,0,0,0,0,0,0,0,0,0,0,0,0,0,0,0,0,0,0,0,0,0,0,0,0,0,0,0,0,0,0,0,0,0,0,0,0,0,0,0,0,0,0,0,0,0,0,0,0,0,0,0,0,0.000944,0,0,0,0,0,0,0,0,0,0,0,0,0,0,0,0,0,0,0,0.048874,0,0,0,0,0,0,0,0,0,0,0,0,0,0,0,0,0,0,0,0,0,0,0,0,0,0,0,0,0.00239,0,0,0.000126,0,0
D4635,0.000132,0,0.000132,0,0,0,0,0,0,0,0,0,0,0,0,0,0,0,0,0,0,0,0,0,0,0,0,0,0,0,0.456849,0,0,0,0,0,0,0,0,0,0,0,0,0,0,0.018343,0,0,0,0,0,0,0,0,0,0,0,0,0,0,0.000132,0,0,0,0,0,0,0,0,0,0,0,0,0,0,0,0,0,0,0,0,0,0,0,0,0,0,0,0,0,0,0,0,0,0,0,0,0,0,0,0,0,0,0,0,0,0,0,0,0,0,0,0,0,0,0,0,0,0,0,0,0,0,0,0,0,0,0,0,0,0,0,0,0,0,0.004091,0,0,0,0,0,0,0,0,0,0.367247,0,0.022829,0,0,0,0,0,0,0,0,0,0,0,0,0,0,0,0.006994,0,0,0,0,0,0,0,0,0,0,0,0,0,0,0,0,0,0,0,0,0,0,0,0,0,0,0,0,0,0,0,0,0,0,0,0,0,0,0,0,0,0,0,0,0,0,0,0,0,0,0,0,0,0,0,0,0,0,0,0,0,0,0,0,0,0,0,0,0,0,0,0,0,0,0,0,0,0,0,0,0,0,0,0,0,0,0,0,0,0,0,0,0,0,0,0,0,0,0,0,0,0,0,0,0,0,0,0,0,0,0,0,0,0,0,0,0,0,0,0,0,0,0,0,0,0,0,0,0,0,0,0,0,0,0,0,0.000396,0,0,0,0,0,0,0,0,0,0,0,0,0,0.063605,0,0,0,0,0,0,0,0,0,0,0,0,0,0,0,0,0,0,0,0,0,0,0,0,0,0,0,0,0,0,0,0,0,0,0,0,0,0,0,0,0,0,0,0,0,0,0,0,0,0,0,0,0,0,0,0,0,0,0,0,0,0,0,0,0,0,0,0,0,0,0,0,0,0,0,0,0,0,0,0,0,0,0,0,0
D2067,0.061209,0,0,0,0.054559,0,0,0,0,0,0,0,0,0,0,0,0,0,0,0,0,0.033009,0,0,0,0,0,0,0,0,0,0,0,0.017276,0,0,0,0,0,0,0.018731,0,0.009558,0,0.000237,0,0,0,0.071272,0,0,0,0.12969,0,0,0,0,0,0,0,0,0,0,0.014219,0,0,0,0.093327,0,0,0.028942,0,0,0.001039,0,0,0.014931,0,0,0,0,0,0,0,0,0,0,0,0,0,0,0,0,0,0,0,0,3e-05,0,0,0,0,0,0,0,0,0,0,0,0,0.035769,0,0,0,0,0,0,0,0,0,0.000801,0,0,0,0,0.000861,0.001662,0.000148,0,0,0,0,0,0,0,0,0.000208,0,0,0,0,0.006323,0,0,0,0,0,0,0,0,0,0,0,0,0,0,0,0,0,0,0.000712,0,0,0,0,0,0,0.000119,0,0,0,0,0,0.002701,0,0.005551,0,0,0,0,0,0,0,0,0,0,0,0.000505,0.004393,0,0,0,0,0,0,0,3e-05,0,0,0.003325,0,0,0.000327,0,0,0,0,0,0,0,0,0.000534,0,0,0,0,0,0,0,0.00279,0,0,0,0,0,0,0.00282,0,0.003918,0,0.000208,0,0,0,0,0,0,0,0,0,0,0,0,0,0,0,0.007569,0.00092,0,0,0,0,0.000445,0,0.000356,0.002404,0,0,0,0,0,3e-05,0,0,0,8.9e-05,0,0,3e-05,0,0,5.9e-05,0.005818,0,0,0,0,0,0,0,0,0,0,0,0,0,0,0,0,0.017365,0.000148,0,0.000119,0,0,0,0,0,0,0,0,0,0,0,0,0.000119,0.002167,0,0,0,0,0.001989,0.005403,0,0,0,0.000148,0.00098,0,3e-05,0.000119,0,0,0,0,0,0,0,0.003236,0,0.000148,0,0,0,0,0,0,5.9e-05,0,0,0,0,0,0,0.000119,0.000208,0,0,0,0,0,0.000505,0.000297,0,0,0,0.000297,0,0,0,0,0,0.000119,0,0,0,0.001633,0,0.001098,0,0,0,0,0,0,0,0,0,0,0,0,0,0,0,0.000505,0,0,0,0,0.000208,0,0.00374,0,0,0,0.00092,0,0,0,0
D3007,0.00526,0,0,0,9.6e-05,0,0,0,0,0,0,0,0.053074,0.000861,0,0,0,0,0,0,0,0,0,0,0.077269,0,0,0,0,0,0,0,0,0.001243,0,0,0,0,0,0,0,0,0,0,0.055274,0,0,0,0,0,0,0,0.028211,0,0,0,0,0,0,0,0,0,0,0,0,0,0,0.000574,0,0,0.000574,0,0,0.011571,0,0,0,0,0,0,0,0,0,0,0,0,0,0,0,0,0,0,0,0,0,0,0,0,0,0,0,0,0,0.051736,0,0,0,0,0,0.000669,0.000478,0,0,0.006025,0,0,0,0,0,0,0,0,0,0,0,0,0,0,0,0,0,0,0,0,0,0,0,0,0,0,0,0,0,0,0,0,0,0,0,0.000191,0,0,0,0,0,0,0,0,0,0,0,0,0,0,0,0,0,0,0,0,0,0,0,0,0,0,0,0,0,0,0,0,0,0,0,0,0,0.003251,0,0,0,0,0,0,0.004399,0,0,0,0.005642,0,0,0,0,0,0,0,0,0,0,0,0,0,0,0,0,0,0,0,0,0.01664,0,0,0,0,0,0,0,0,0,0,0.011762,0,0,0,0,0,0,0,0,0,0,0,0.000478,0,0,0,0,0.000478,0,0,0,0,0,0,9.6e-05,0,0,0,0,0,0,0,0,0,0,0.000669,0,0,0.024672,0,0,0,0,0,0,0,0.002869,0.127857,0,0,0,0,0,0,0,0,0,0.004303,0,0,0,0.002391,0,0,0.014631,0,0,0,0,0,0,0,0.008798,0,0,0,0,0,0,0,0,0,0,0.002199,0,0,0,0,0,0,0,0,0,0,0,0,0,0,0,0,0,0,0.000287,0,0,0,0,0,0,0,0,0,0,0,0,0,0,0,0,0,0,0,0.010902,0,0,0,0.028211,0,0,0,0,0,0,0,0.000383,0,0,0.010137,0,0,0,0,0,0,0,0,0,0,0,0,0,0.000383,0,0,0,0,0,0,0,0.018839,0,0,0,0,0,0,0,0,0,0
D130,0,0,0.091666,0.19721,0.003203,0,0,0,0,0,0,0,0,0,0.030013,0,0,0,0,0,0.003542,0,0.03489,0.00114,0.000146,0,0.001917,0,0.032318,0,0.006187,0,0,0.000218,0.011549,0.028533,0,0,0,7.3e-05,0,0.002111,0.007036,0,0.000582,0,0,0,0,0.000315,0,0.0247,0.00051,0.000121,0,0,7.3e-05,0,0,4.9e-05,0,0,0.01269,0.000922,0.000194,0,0,4.9e-05,0,0,0,0.001359,0,0,0.002523,0.000194,0,0.002354,0,0,0,0,0,0,0,0.017833,0,0,0,0,0,0,0,0,0,0,0,0,0,0,0,0,0,9.7e-05,0,0.007837,0,0,0,0,0,0.004513,0,0,0,0,0,7.3e-05,0,0,0,0,0,0,0,0,0,0,0.001213,0,0.054034,0,0,0,0.01019,0,0,0.009147,0.0288,0,0,0.004125,0.000631,0,0,0,0,0.000315,0,0,0,0,0,0,0,0,0,0,0,0,0.000364,0,0.000922,0.000146,0.001383,4.9e-05,0,0,0,0,0,0,0,0,0,0,0.010773,0,0.000315,0,0.000631,0,0,0,0,0.012956,0,0,0,0,0,0,0.000121,0,0.000121,0,0,0,2.4e-05,7.3e-05,0,0,0,0,0.003178,0.000121,0,0,0,9.7e-05,0.004416,0,0.000146,0,0.001286,0,0.044765,7.3e-05,0,0,0,0,0,0,0,0,0,0,0,0,0.000121,0,0,9.7e-05,0,0.00034,0,0,0,0,0,0,0,0.00017,0,0,0,7.3e-05,0,0,7.3e-05,0,0,0,0,0,0,4.9e-05,0,9.7e-05,0,0,0,0,0.000218,0,0.005168,0,4.9e-05,0,0,0,0,0,0,0,0.000485,0,0.000146,0,0,0,0,0,0,0,0,0,0,0,0,0,0,0.000461,0,0,0.000121,0,4.9e-05,0.005508,0.000267,0,0,0,0,0,0,0,0,0,0,0.000412,0,0,0,0,0,0,0,0,0,0,0,0,0,0.01053,0,0.040349,0,0,0,0,0,0,0,0,0,0,0.000558,0,0,0,0,0,0,0.000146,0,0,0,0,0,0,0.00017,0,0,0,0,0,0,0,0,0,0,0.007716,4.9e-05,0,0,0,0,0,0,0,0,0,0,0,0,0,0,0,0,0,0,0,0,0,0.008346,0,0.016208,0,0,7.3e-05,0,0,0,0,0.000315,0,0,0.002256
D2012,0.019528,0,0,0,0,0,0,0,0,0,0.000553,0,0,0,0,0,0.055453,0,0,0,0.000921,0.005343,0,0,0,0,0,0,0,0,0.001105,0,0,0.002027,0,0,0,0,0,0,0.050111,0,0,0,0,0,0,0,0,0,0,0,0.000368,0,0,0,0,0,0,0,0.000553,0,0,0.001105,0,0,0,0,0,0,0.000921,0,0,0.007001,0,0,0.016949,0,0,0,0,0,0,0,0,0,0,0,0,0,0,0,0,0,0,0.005711,0,0,0,0,0.007185,0,0,0,0,0,0,0,0,0,0,0,0.000737,0,0,0,0,0,0,0,0,0,0,0,0,0.00129,0,0,0,0,0,0,0,0,0,0,0.000553,0,0,0,0,0,0,0,0,0,0.004053,0,0.000184,0.000553,0,0,0,0,0,0,0,0,0,0,0,0,0,0,0,0,0,0,0,0,0,0,0,0.002763,0,0.003132,0,0,0,0,0,0,0,0.009027,0,0,0,0,0.00129,0.033714,0,0,0,0,0,0,0,0,0.000553,0.000184,0,0,0,0,0,0,0,0,0,0,0,0.030766,0,0,0,0,0,0.000553,0,0,0.038873,0.000368,0,0.000368,0,0,0.000921,0,0.00129,0,0,0,0.001474,0,0,0,0,0,0,0,0,0,0,0,0.01437,0,0,0,0,0,0,0,0,0,0.001105,0,0,0,0,0,0,0,0,0,0,0.000553,0,0,0,0,0,0,0,0.001474,0,0,0.002948,0,0,0,0,0.004974,0,0.001474,0,0,0,0,0,0,0,0,0,0,0,0,0.000737,0.000368,0,0,0,0,0,0,0,0,0,0,0,0.001105,0,0.001105,0,0,0,0,0.002763,0,0,0,0,0.000368,0.00129,0,0,0,0,0,0,0,0.001842,0,0,0,0,0,0.001842,0,0,0.002395,0,0.001474,0.007185,0,0,0,0.000737,0,0,0,0,0.002763,0.001658,0,0,0,0,0,0,0,0,0,0,0,0,0,0,0,0.000921,0,0,0,0.000553,0,0,0,0,0.0035,0,0,0,0.000368,0,0,0,0.073692,0,0,0,0.000737,0,0.001105,0,0,0,0.002211,0,0,0,0
D2933,0,0,0,0,0.000172,0,0,0,0,0,0,0,0,0.001599,0,0,0,0,0,0,0,9.8e-05,0,0,0,7.4e-05,0,0,0,0.00032,0,0,0,0,0,0,0,0,0,0,0.034423,0,0,0,0,0,0,0,0.000615,0,0,0,0,0,0,0,0,0,0,0,0,0,0,0,0,0,0,0,0,0,0,0,0,0.005118,0,0,0.016387,0,0,0,0,0,0,0,0,0,0.000148,0,0,0,0,0,0,0,0,0.106196,0.000295,0,0,0,0,0,0,0,0,0,0,0,0,0,0,0,0,0,0,0,0,0,0,0,0,0,0,0,0,0.035161,0.000123,7.4e-05,0,2.5e-05,0,0,0,0,0,0,0.022341,0,0,0,0.00091,0,0,0,0.000271,0,0,0,0,0.003592,0,0,0,0,0,0,0.008489,0,0,0,0,0,0,0,0,0,0,0,0,0,0,0,0.00032,0.006619,0,0.011023,0,0,0,0,0,0.00032,0,0,0,0,0,0.000787,0,0,0,0,0,0,4.9e-05,0,0,0,0,0.012918,0,0,0,0,0,0,0.039467,0,0,0,0,0.001353,0,0.015034,0,0,0,0,0,0,0,0.000123,0,0,0,0,0.000123,0,0.003888,0,4.9e-05,0,0,0,0,0,0,0,0,0,0,0,0,0,7.4e-05,0,0.005708,0.00123,0,0,0,0,0.012573,0,0.002805,0.030412,0,0,0,0,0,0,0,0,0,0,0,0,4.9e-05,0,0,4.9e-05,0.000295,0,0,0,0.006004,0,0,0,0,0.002141,0,0.006127,0,0,0.028173,0,0,0,0.00278,0.000271,0,0,0,0,0,0,0.000369,0,0,0,0,0,0,7.4e-05,0.011786,0.001009,0,0.000172,0,0.002485,0.000984,0.000418,0,0,0.000123,0,0,0.000886,0,0,0,0,0,0,0,0,0.004601,0,0,0.000295,0,0,0,0,0,0.000123,0,0,0,0,0.001033,0,0.000714,0,0.000443,0,0,0,0.00123,0.013754,0.001427,0,0,0,0,0,0,0,0,0.000369,0,0,0,0,0.000467,0,0.005979,0,0,0,0,0,0,0,0,0,0,0,0,0.001624,0.000492,0,0.000123,0,0,0,0,0.000418,0,0.004552,0,0,0,0.00684,0,0,0,0
D3756,0,0,0.229851,0.003302,0.009317,0,0,0,0,0.000731,0.001557,0,0,0,0.000189,0,4.7e-05,0,0,0.000755,0.003208,0.010142,0,0.003302,0.16395,0,0.005024,0.00033,0.046725,0,0.00066,0,0,0.000542,0.000283,0,0,0,0,0,0,0.020945,0.099512,0,0.000566,0,0,0,0,0,0,0.00559,0,0,0,0,0.000425,0,0,0,0,0,0.000118,0.000377,0,0,0,0.009859,0,7.1e-05,0.005472,0.000425,0,2.4e-05,0,0,4.7e-05,0.001274,0,0,0,0,0,0,0,9.4e-05,0,0,0,0,7.1e-05,0,0,0.000354,0,0,0,0,0,0,0,0,0,0,0,0.001203,0,0,0,0,0,0.000212,0,0,0,0,0,0,0,0,0,0,0,0,0,0,0,0,0,0,0,0,0,0,0,0,0,0.016581,0,0,0,0.061514,0.000684,0,0,4.7e-05,0,0.000401,0.001439,0.000165,0,0,0,0,0,0,0,0,0,0,0.000283,0,0.000165,0.00309,0.002382,0,0,0,0,0,0,0,0,0,0,0,0,0,0.002524,0,0,0,0.000259,0.000212,0,0,0,0,0.000684,0,0,0,0,0,0.010071,0,0.000448,0,0.000778,0,0,0,0.000118,0,0.015779,0,0,0,0,0,0,0,0,0,0.000967,0,0,0,0,0,0,0.000495,0,0,0,0,0,0,0,0,0,0,0.000118,7.1e-05,0,0.021181,0,0,0,0,0,0,0,0.003326,0,0,0,0,0,0,0,0,0,0,0,0,0,0.000212,0,0,0,0.000189,0,0,0.000165,0,9.4e-05,0,0.004411,0,0,0,0,0.00342,0.007217,0,0,9.4e-05,0,0,0,0,0,0,0,0,0,0.000236,0,0,0,0,0.000472,0,0,0,0.004977,0,0,7.1e-05,0,0,0,0,0,0,0,0,0,0.000118,0,0,0,0,7.1e-05,0,0,0,0,0,0,0,0,0,0,0.001038,0,0.000142,0,0,0,0,0.000495,0,0,0,0,0.000165,0.010685,0,0,0,0,0,0.002288,0.003514,0,0,0,0,0,9.4e-05,0,0,0,0,0.002359,0,0,0,0,0,0,0,0,0,0,0,0,0,0,0,0,0,0,0,0,0,0,0,0,0,0,0,0,0,0,0,0.000236,0,0,0,0,0,0,0,0.000165,0,0,0
D4325,0.001349,0,0,0,0.001508,0,0,0,0,0,4e-05,0,0,0.000278,0,0,0.006389,0,0,0,0.008691,0.002738,0,0.000119,0,0,0,0,0,0,0,0,0,0.009127,0,0,0,0,0,0,0.014604,0.000119,0,0,0.000278,0,7.9e-05,0,0.001032,0,0,0,0,0.000397,0,0,0.000159,0,0,0,0,0,0,0.000714,0,0,0,0.004564,0,0,0.000476,0,0,0.012262,0,0,0.000873,0,0,0,0,0,0,0,0,0,0,0,0,0,0,0,0,0,0,0.01512,0.001706,4e-05,0,0,0,0,0,0,0.005397,0,0,0,0,0,0.000278,0,0,0,0,0,0,0,0,0,0,4e-05,0,0,0,0.011548,0,0,0,0,0,0,0,0,0,0,0.004683,0,0,0,0,0,0,0,0.001627,0,0.001984,4e-05,0,0.001865,0,0,0,0,0,0,0,0,0,0,0,0,0,0,0,0,0,0,0,0,0,0,0.000159,0.012302,0,0.006151,7.9e-05,0,0,0,0,0,0,0.01127,0,0,0,0,0,0,0,0.000159,0,0,0,0,0,0,0.001548,0.00381,0,0,0,0,0,0,0.000159,0,0,0,0,0.002381,0,0.002857,0,0.003333,0,0,0,0,0.001587,0,0,0,0,0,0.002778,0,0.000159,0,0.00127,0,0.001071,0,0,0,0,0,0,0,0,0,0,4e-05,0.007461,0,0.000198,0.000119,0,0,0,0,0.002421,0,0.00627,0,0,0,0.006746,0,0,0,0,0,0,0.001587,0,0,0.001746,0,0.0025,0,0.001429,0.000952,0,0,0.001786,0.000476,0,0,0,0.000357,0,0.003651,0.000198,0,0.001548,0,0,0,0.001389,0.002699,0,0,0,0,0,0,0,0,0,0,0,0,7.9e-05,0,0,0,0,0.004008,0,0.001111,0.000516,0.000754,0,0,0.002976,0.000675,0,0,0,4e-05,0.00254,0,0,0,0,0,0.001627,0,0.000516,0,0,0,0,0,0.001984,0,0,0.000357,0,0,0.000873,0,0.000992,7.9e-05,0.003095,0,0,0,0.001825,0.001508,0.001627,0,0,0,0,0,0,0,0,0.003651,0,0,0.001151,0.005199,0,0,0.006508,0,0,0,0.001429,0,0,0,0,0.002341,0,0.010358,0,0.003214,0,0,0,0.001389,0,0,0,0.003373,0,0,0,0,0,0.001865,0,0,0,0
D2336,0.16772,0,0,0,0,0,8e-05,0,0,0,5.3e-05,0,0,0,0,0,0.059316,0,0.000106,0,0,0.001966,0,0,0,0,0,0,0,0,0,0.000106,0,0.00085,0,0,0,0,0,2.7e-05,0.023455,0,0,8e-05,0,0,0,0,0,0,0,0,0,0,0,0,0,0,0,0,0,0,0,0,0,0,0,0.00085,0,0,0.000398,0,0,0.020427,0,0,0.012166,0,0,0,0,0,0,0,0,0,0,0,0,0,0.002922,0,0,0,0,0.003799,0,0,0,0,0.010466,0,0,0,0.001381,0,0,0,0,0,0,0,0.000345,0,0,0,0,0,0,0,0,0.000106,0,0,0,0,0,0,0,0,0,0,0,0,0,0,0.000133,0,0,0,0,0,0,0,0,2.7e-05,0.033868,0.000983,0,0,0,0,0,0,0,0,0,0,0,0,0,0,5.3e-05,0,0,0,0,0,0,0,0,0,0,0,0,0.0017,0,0,0,0,0,0,0,0.019338,0,0,0,0,0,0.000744,0,0,0,0,0.000133,0,0,0,0.000213,2.7e-05,0,0,0,0,0,0,0,0,0,0,0,0.007225,0,0,0,0,0,0,0,0,0.009669,0,0,0,0,0.008633,0.000319,0,0.000823,0,0.000372,0,0.016974,0,0,0,0,0,0,0,0,0,0,0,0.000266,0,0,0,0,0,0,0,0,0,0.002231,0,0,0,0,0,0,0,0,0,0,0,0,0,0.000133,0,0,0,0,0.003374,0,0,0.000425,0,0,0,0,0,0,0,0,0,0.012033,0,0,0,0,0.000213,0,0,0,0,0,0,0,0,0,0,0,0,0,0,0,0,0,0.000717,0,0.001009,0,0,0,0,0.000239,0.002152,0,0,0,0,0.016815,0,0,0,0,0,0,0,0.016894,0,0,0,0,0,0,0,0,0.006853,0,0,0,0,0,0,0.000106,0,0,0,0.003878,0.000345,0.000106,0,0,0,0,0,0,0,0,0,0,0,0,0,0,0,0.001514,0,0,0.011422,0.018621,0,0,0,0,8e-05,0,0.003639,0,0.000239,0,0,0,0.001089,0,0.000664,0,0.000266,0,0.002338,0,0,0,0,0.000425,0,0,0
D3181,0,0,0,0,0,0,0,0,0.406017,0,0,0,0,0,0,0,0,0,0,0,0,0,0,0,0,0,0,0,0,0,0.022031,0,0,0,0,0,0,0.17576,0,0,0,0,0,0,0,0,0,0,0,0,0,0,0,0,0,0,0,0,0,0,0,0,0,0,0.063225,0,0,0,0,0.079885,0,0,0,0,0,0,0,0,0,0,0,0,0,0,0,0.000122,0,0,0,0,0,0,0,0,0,0,0,0,0,0,0,0,0,0,0,0,0,0,0,0,0,0,0,0,0,0,0,0.004089,0,0,0,0,0,0,0.014708,0,0,0,0,0,0,0,0,0,0,0,0,0,0,0,0,0,0,0,0,0,0,0.000183,0,0,0,0,0,0,0,0,0,0,0,0.04809,0,0,0,0,0,0,0,0,0,0,0,0,0,0,0,0,0,0,0,0,0,0,0,0,0.006957,0,0,0,0,0,0,0,0,0,0,0,0,0,0,0,0,0.030575,0,0,0,0,0,0,0,0.015135,0,0,0,0,0,0,0,0,0,0,0,0,0,0,0,0,0,0,0,0,0,0,0,0,0,0,0,0,0,0,0,0.062248,0,0,0,0,0,0,0,0,0,0.008605,0,0,0,0,0,0,0,0,0,0,0,0,0,0,0,0,0,0,0,0,0,0,0,0,0,0,0,0,0,0,0,0,0,0,0,0,0,0,0,0,0,0,0,0,0,0,0,0,0,0,0,0,0,0,0,0,0,0,0,0,0,0,0,0,0,0,0,0,0,0,0,0,0,0,0,0,0,0,0,0,0,0,0,0,0,0,0,0,0,0,0,0,0,0,0,0,0,0,0,0,0,0,0.000305,0,0,0,0,0,0,0,0,0,0,0,0,0,0,0,0,0,0,0,0,0,0,0,0,0,0,0,0,0,0,0,0,0,0,0,0,0,0,0,0,0,0,0,0,0
D2856,0,0,0,0,0,0,0,0,0.340963,0,0,0,0,0,0,0,0,0,0,0,0,0,0.00025,0,0,0,0,0,0,0,0.072045,0,0,0,0,0,0,0.049781,0,0,0,0,0,0,0,0,0,0,0,0,0,0.006254,0,0,0,0,0,0,0,0,0,0,0,0,0.031019,0,0,0,0,0.012633,0,0,0,0,0,0,0,0,0,0,0,0,0,0,0,0.000125,0,0,0,0,0,0,0,0,0,0,0,0,0,0,0,0,0,0,0,0,0,0,0,0,0,0,0,0,0,0,0,0.013759,0,0,0,0,0,0,0.012383,0,0,0,0.049156,0,0,0,0,0,0,0,0,0,0,0,0,0,0,0,0,0,0,0.01576,0,0,0,0,0,0,0,0,0,0,0,0.045028,0,0,0,0,0,0,0,0,0,0,0,0,0,0,0,0,0,0,0,0,0,0,0,0,0.06404,0,0,0,0,0,0,0,0.007755,0.000125,0,0,0,0,0,0,0,0.010381,0,0,0,0.00025,0,0,0,0.053158,0,0,0,0,0,0,0,0,0,0,0,0,0,0,0,0,0,0,0,0,0,0,0,0,0,0,0,0,0,0,0.010757,0,0,0,0,0,0,0,0,0,0,0.007004,0,0,0,0,0,0,0,0,0,0,0,0,0,0,0,0,0,0,0,0,0,0,0,0,0,0,0,0,0,0,0,0,0,0,0,0,0,0,0,0,0,0,0,0,0,0,0,0.000375,0,0,0,0,0,0,0,0,0,0,0,0,0,0,0,0,0,0,0,0,0,0,0,0,0,0,0,0,0,0,0,0,0,0,0,0,0,0,0,0,0,0,0,0,0,0,0,0,0,0,0,0,0,0,0.001126,0,0,0,0,0,0,0,0,0,0,0,0,0,0,0,0,0,0,0,0,0,0,0,0,0,0,0,0,0,0,0,0,0,0,0,0,0,0,0,0,0,0,0,0,0
D1554,0.021675,0,0,0,0.00767,0.185695,0,0,0,0,0,0,0.000292,0,0,0,0,0,0,0,0,0,0,0,0,0,0,0,0,0,0.004585,0,0,0,0,0,0,0,0,0,0,0.000375,0,0,0.000375,0,0,0,0,0,0,0,0,0.008628,0,0,0,0,0.016339,0,0,0,0,0,0,0.02576,0,0,0,0,0,0,0,0,0,4.2e-05,0,0,0.025134,0,0,0,0,0,0,0,0,0.029469,0,0,0,0,0,0,0,0,0,0,0,0,0,0,0,0,0,0,0,0.020591,0,0.002334,0,0,0,0.000542,0,0,0,0,0,0,0,0,0,0,0.000875,0,0,0,0,0,0,0,0,0,0,0,0,0,0,0.017882,0,0,0.011588,0,0,0,0,8.3e-05,0.001417,0,0.03122,4.2e-05,0,0,0,0,0,0,0,0,0.007795,0,0,0,0,0,0,0,0,0,0,0,0,0,0,0,0,0,0,0,0,0,0,0,0,0,0,0,0,0,0,0,0.000834,0,0,0.000292,0,0,0.000584,0,0,0,0,0,0,0,0,0,0,0,0,0,0,0,0,0,0,0,0,0,0,0,0,0,0,0,0,0,0,0.002293,0.001667,0,0,0,0,0,0,0,0,0,0.01238,0,0,0.000417,0,0.015214,0,0,0.001876,0.022133,0.000208,0,0,0,0,0,0,0,0,0,0.033888,0.002042,0,0,0,0,0,0,0,0,0,0,0,0,0.000125,0,0,0,0,0,0.001876,0,0.014339,0,0,0,0,8.3e-05,0,0,0,0,0,0,0,0,0,0,0,0,0,0.000167,0,0,0,0,0,0,0,0,0,0,0,0,0,0.002334,0,0,0,0,0,0,0,0,0,0,0,0,0,0.002543,0,0,0.000167,0.025885,0,0,0,0,0,0,0,0,0,0,0,8.3e-05,0,0,0,0,0,0,0,0,0.000542,0,0,0,0,0,0,0,0,0,0,0,0,0,0,0,0,0,0,0,0.001584,0,0.002418,0,0,0,0,0,0,0,0,0,0,0,0,0,0,0,0,0,0,0,0,0,0,0
D2723,0,0,0.001714,0.001285,0,0,0,0.005141,0,0,0,0.00557,0,0.014996,0,0,0,0.045416,0,0,0,0,0,0,0,0.011997,0,0,0,0.002571,0,0,0,0,0,0,0,0,0.002999,0,0,0,0,0,0,0,0.001714,0,0,0,0,0,0,0,0,0,0,0,0,0,0,0,0,0,0,0,0,0,0.004284,0,0,0,0,0,0,0,0,0,0,0.010283,0.00557,0,0.001285,0,0.004284,0,0.159383,0,0.000857,0,0,0.003428,0,0,0.01114,0,0,0,0.011997,0,0,0,0,0,0,0,0,0,0,0,0,0,0,0,0,0,0,0,0.025278,0,0,0,0,0,0,0,0,0,0,0,0,0,0,0,0,0,0,0,0,0,0.009854,0,0,0,0,0,0,0,0,0.002999,0,0,0,0,0,0,0.000857,0,0,0,0,0,0,0,0,0,0,0.004284,0,0.00557,0,0,0,0,0,0,0,0,0,0,0,0.01671,0,0,0,0,0,0.002142,0,0,0,0,0,0,0.000857,0,0,0.001285,0,0.001714,0,0,0,0.001285,0,0,0,0,0,0,0,0,0,0,0,0,0,0,0,0.000857,0,0.003428,0.017566,0,0,0,0,0,0,0,0,0,0,0,0,0,0,0.001714,0,0,0,0,0,0,0,0,0.002142,0.000428,0,0,0,0,0,0.002142,0,0.005141,0,0,0,0,0,0,0,0,0,0,0,0,0,0,0,0.001285,0.003428,0,0,0,0,0,0,0,0,0,0,0,0.00557,0,0,0,0.003428,0,0,0,0.004284,0,0,0.003856,0,0,0.003428,0,0,0,0,0,0,0,0.001285,0,0.008997,0,0.000857,0,0,0,0,0,0,0,0.002999,0.000857,0.003856,0,0,0,0,0,0.012425,0,0.000857,0,0,0,0.002142,0,0,0,0.000857,0,0,0,0,0,0,0.000857,0,0,0,0,0,0,0,0,0,0,0,0.002571,0,0,0,0,0.007284,0,0.028706,0,0,0,0,0,0,0,0,0,0,0,0,0.000857,0,0,0,0,0,0,0,0,0.003428,0,0,0,0,0,0,0,0,0,0,0.000857,0,0,0,0
D2843,0,0.368268,0.000728,0,0,0,0,0,0,0,0,0,0,0,0,0.375182,0,0,0,0,0,0,0,0,0,0,0,0,0,0,0,0,0,0,0,0,0,0,0,0,0,0,0,0,0,0,0,0,0,0,0,0,0,0,0,0,0,0,0,0,0,0,0,0,0,0,0,0,0,0,0,0,0,0,0,0,0,0,0,0,0,0,0,0,0,0,0,0,0,0,0,0,0,0,0,0,0,0,0,0,0,0,0,0.002183,0,0,0,0,0,0,0,0,0,0,0,0,0,0.000728,0,0,0,0,0,0,0,0,0,0,0,0,0,0,0,0,0,0,0,0,0,0,0,0,0,0,0,0,0,0,0,0,0,0,0,0,0,0,0,0.000728,0,0,0,0.19869,0,0,0,0,0,0,0,0,0,0,0,0,0,0,0,0,0,0,0,0,0,0,0.001456,0,0,0,0,0,0,0,0,0,0,0,0.002547,0,0,0,0,0,0,0,0,0,0,0,0,0,0,0,0,0,0,0,0,0,0,0,0,0,0,0,0,0,0,0,0,0,0,0,0,0,0,0,0,0,0,0,0,0,0,0,0,0,0,0,0,0,0,0,0,0,0,0,0,0,0,0,0,0,0,0.001456,0,0,0,0.000364,0,0,0,0,0,0,0,0,0,0.000728,0,0,0,0,0,0,0,0,0,0,0,0,0,0,0,0,0,0,0,0,0,0,0,0,0,0,0,0,0,0,0,0,0,0,0,0,0,0,0,0,0,0,0,0,0,0,0,0,0,0,0,0,0,0,0,0,0,0,0,0,0,0,0,0,0,0,0.00182,0,0,0,0,0,0,0,0,0,0,0,0,0,0,0,0,0,0,0,0,0,0,0,0,0,0,0,0,0,0,0,0,0,0,0,0,0,0,0,0,0,0,0,0,0,0.000364,0,0,0,0,0,0,0,0,0
D1927,0.000841,0,7.3e-05,0,0,0,0,0,0,0,0,0,0,0,0,0,0,0,0,0,0,0.000439,0,0,0,0,0,0,0.00011,0.000366,0,0,0,0.002194,0,0,0,0,0,0,0.071196,0,0,0,0,0,7.3e-05,0,0.002011,0,0,0,0.000512,0,0,0,0,0,0,0,0,0,0,3.7e-05,0,0,0,0.001316,0,0,0,0,0,0.000475,0,0,0.027023,0,0,0.00011,0,0,0,0,0,0,0,0,0,0,0,0,0,0,0.000219,0,0,3.7e-05,0,0,0,0,0,0,0,0,0,0,0,0,7.3e-05,0,0,0,0,0,0,0,0,0,0,0,0,0,0,0.026767,0,0,0,0,0,0,0,0,0,0,0.013201,0,0,0,0.00245,0,0,0,0,0,0,0,0,0.004315,0,0,0,0,0,0,0,0,0,0,0,0,0,0,0,0,0,0.000219,0,0,0,0,0,0.010458,0,0.007533,0,0,0,0,0,0.000146,0,0,0,0,0,0,0,0,0,0,0,0,0,0,0,0,0,0.004681,0,0,0,0,0,0,0,0,0,0,0,0.000804,0,0,0,0,0,0,0,0,0,0.00011,0,0,0,0,0.012104,0,0.008922,0,0,0,0,0,0,0,0,0,0,0,0,0,0,0,0,0,0.020441,0.000146,0,0,0,0,0.04293,0,0,0.006619,0,0,0,0,0,0,0,0,0,3.7e-05,0,0,0,0,0,0.00011,0.014078,0,0,0,0.01086,0,0,0,0,0,0,0.00117,0,0,0,0,0,0,0.009069,0,0,0,0,0,0,0,0,0,0,0,0,0,0,7.3e-05,0.003913,0,0,0,0,0.00618,0.027572,0,0,0,0.009032,0,0,0,0.00011,0,0,0,0,0,0,0,0.028266,0,0.000219,0,0,0,0,0,0.000804,0,0,0,0,0,0,0,7.3e-05,0,0,0,0,0,0,0.000658,0,0,0,0,0,0,0,0,0,0,7.3e-05,0,0,0,0,0,0.005522,0,0,0,0,0,0,0,0,0,0,0,0,0,0,0,7.3e-05,0,0,0,0,0.000256,0,0.004973,0,0,0,0.009325,0,0,0,0
D4039,0.011255,0,0,0,0.000346,0,0,0,0,0,3.5e-05,0,0,0,0,0,0.106293,0,0,0,0,0.000605,0,0,0,0,0.000173,0,0,0.000242,0,0,0,0.000519,0,0,0,0,0,0,0.014782,0.000346,0,0,0.00083,0,0,0,0.000104,0,0,0,0,0.000104,0,0,0,0,0,0,0,0,0,0.000138,0,0,0,0.001729,0,0,0,0,0,0.004132,0,0,0.006345,0,0,0,0,0,0,0,0,0,0,0,0,0,0,0,0,0,0,0.005861,0,0.000242,0,0,0,0,0,0.000173,0,0,0,0,0,0,0,0,0,0,0,0,0,0,0,0,0,0,0,0,0,0,0,0,0,0,0,0,0,0,0,0,0.005325,0,0,0,0.001072,0,0,0,0,0,0.013105,3.5e-05,0,0.000156,0,0,0,0,0,0,0,0,0,0,0,0,0,0,0,0,0,0,0,0,0,0,0,0.001262,0,0.004564,0,0,0,0,0,0,0,0.002023,0,0,0,0.000156,0,0.002559,0,0.019416,0,1.7e-05,0.000207,0,0,0,0.004184,0.002351,0,0,6.9e-05,0,0,0,0,0,0,0,0,0.021456,0,0,0,0,0,0,0,0,0.01843,0.000328,0,0,0,0.002057,0.008091,0,0.002766,0,0.004149,0,0.01786,0,0,0,0,0,0,0,0,0,0,8.6e-05,0.004806,0,0.002334,0,0,0,0,0,0,0,0.001556,0,0,0,0.025242,0,0,6.9e-05,0,0,0,0,0,0,0.000415,0,0.005757,0,0,0.000173,0,0,0.003734,0.000311,0,0,0,0.00185,0,0.002109,0,0,0.000657,0,0,0,0,0.006414,1.7e-05,0,8.6e-05,0,3.5e-05,0,0,0,0,0,0,0,0,0.00045,0,0,0,0.006034,0,0.003717,0,1.7e-05,0,0,0.000761,0.000571,0,0,0,0,0.004737,0,0,0,0,0,0.000363,0,0.001193,0,0.000156,0,0,0,0.001072,0,0,0.002282,0,0.007261,0.008921,0,0.000259,0,0.000778,0,0,0,0,0.000813,0.000622,0,0,0,0,0,0,0,0,0.001746,0,0,0,0,5.2e-05,0,0.000277,0,0,0.013831,0.003631,0,0,8.6e-05,0,0.003804,0,0.000761,0,0.006034,0,0,0,0.000968,0,0,0,0.00019,0,0.001539,0,0,0,0.004841,0,0,0,0
D1687,0,0,0,0.00248,0.0031,0,0,0,0,0,0,0,0,0,0,0,0,0,0,0,0,0.006201,0,0.008888,0.00062,0,0.000517,0,0,0.001447,0,0,0,0,0,0,0,0,0.000413,0,0,0,0.013539,0,0,0,0,0,0.002067,0,0,0,0,0,0,0,0.195535,0,0,0,0,0,0,0.006718,0,0,0,0,0,0,0,0.008888,0,0,0,0,0,0,0,0,0,0,0.000723,0,0,0,0,0,0,0,0,0,0,0,0,0,0.00124,0,0,0,0,0,0.316556,0,0,0,0,0,0,0,0,0,0,0,0,0,0,0,0,0,0.003514,0,0,0,0,0,0.00186,0,0,0,0.000207,0,0,0,0,0,0,0,0,0,0,0.022633,0,0,0,0,0,0,0,0,0,0,0,0,0,0,0,0,0,0,0.00124,0,0,0,0,0,0,0,0,0,0,0,0,0,0,0,0,0,0,0,0,0,0.00031,0,0,0,0,0,0.055498,0,0,0,0,0,0,0,0,0,0,0.006614,0,0,0,0,0,0,0,0,0,0,0,0,0.003307,0,0.001447,0,0,0,0,0,0,0.021496,0,0,0,0,0,0,0,0,0,0,0,0,0,0,0,0,0,0,0,0,0,0,0,0,0,0.000723,0,0,0,0,0,0,0,0,0,0,0,0,0,0,0,0,0,0,0,0,0,0,0,0,0,0,0,0,0,0,0,0,0,0,0,0.008991,0,0,0,0,0,0,0,0,0.011988,0,0,0,0,0,0.014055,0,0,0,0,0,0,0,0,0,0,0.001447,0,0.001654,0,0,0,0,0,0,0,0,0,0,0,0,0,0,0,0.002687,0,0,0,0,0,0,0,0,0.001137,0.008061,0,0,0,0,0,0,0,0,0,0,0,0,0,0,0,0,0,0,0.000723,0,0,0,0,0.003721,0,0,0.007648,0,0,0,0,0,0,0,0,0,0,0,0,0,0,0,0,0,0,0,0.002377,0,0,0.021496,0,0,0,0,0,0,0,0,0,0,0,0
D965,0.002269,0,0,0,0.00137,0,0,0,0,0,0,0,0,0.00197,0,0,0,0,0,0,0,0.001242,0,0,0,0.000128,0,0,0,0.001113,0,0,0,0.008906,0,0,0,0,0,0,0.054633,0,0,0,0,0,0,0,0.001713,0,0,0,0.000514,0,0,0,0,0,0,0,4.3e-05,0,0,0.000214,0,0,0,0.000514,0,0,0,0,0,0.003939,0,0,0.034124,0,0,0,0,0,0,0,0,0,0,0,0,0,0,0,0,0,8.6e-05,0.000985,0.000428,8.6e-05,0,0,0,0,0,0,0,0,0,0,0,0,0,0,0,8.6e-05,0,0,0,0,0.000128,0,0,0,0,0,0,0.029757,0.000899,0,0,0,0,0,0,0,0,0,0.024448,0,0,0,8.6e-05,0,0,0,0,0,0,0.000128,0,0.004067,0,0,0,0,0,0,0,0,0,0,0,0,0,0,0,0,0,0,0,8.6e-05,0,0,0.002012,0.01323,0,0.013187,0,0,0,0,0,8.6e-05,0,0.000856,0,0,0,0,0,0,0,0,0,0,0,0,0.021536,0.000428,0,0.011517,0,0,0,0,0,0,0,0,0,0,0,4.3e-05,0,0,0,0,0,0,0,0,0,0,0,0,0,4.3e-05,0.006679,0,0.00471,0,0,0,0,0,0,0,0,0,0,0,0,0,0,0,0,0,0.019738,0.000128,0,0,0,0,0.021451,0,0.001456,0.006551,0,0,0,0,0,0,0,0,0,4.3e-05,0,0,0,0,0.001627,0,0.0146,4.3e-05,0,0,0.000985,8.6e-05,0,0,0,0,0,0.000728,0,0,0,0.000171,0,0,0.022221,0,0,0,0,0,0,0,0,0,0,0,0,0,0,0.000471,0.005138,0.023634,0,0,0,0.006508,0.009633,0.002655,0,0,0.003982,0,0,0,8.6e-05,0,0,0,0,0,0,0,0.008948,0,0.001113,0,0,0,0,0,0.000385,0.000171,0,0,0,0,0,0,0,0,0.000899,0,0,0,0,0.000899,0.001456,0,0,0,0.000257,0,0,0,0,0,0.000128,0,0,0,0,0,0.00441,0,0,0,0,0,0,0,0,0,0,0,0,0,0,0,0.000385,0,0,0,0,0.00137,0,0.008178,0,0,0,0.017512,0,0,0,0
D3610,0.063223,0,0,0,0,0,0,0,0,0,0,0,0.037894,0,0,0,0,0,0,0,0,0,0,0.002992,0.002194,0,0.000997,0,0,0,0.003191,0,0,0,0,0,0,0,0,0,0,0,0,0,0,0,0,0,0,0,0,0,0,0,0,0,0,0,0,0,0,0,0,0,0,0,0,0,0,0,0.000598,0,0,0,0,0.000199,0,0,0,0,0,0,0,0,0,0,0,0,0,0,0,0,0,0,0,0,0,0,0,0,0,0,0,0,0,0,0,0,0,0.491424,0,0,0,0,0,0,0,0,0,0,0,0,0,0,0.000598,0,0,0,0,0,0,0,0,0,0,0,0,0,0,0.002393,0,0,0,0,0,0,0,0,0,0,0,0.172118,0,0,0,0,0,0,0,0,0,0,0,0,0,0,0,0,0,0,0,0,0,0,0,0,0,0,0,0,0,0,0,0,0,0,0,0,0,0,0,0,0.000199,0,0,0,0,0,0,0,0,0,0,0,0,0,0,0,0,0,0,0,0,0,0,0,0,0,0,0,0,0,0,0,0,0,0,0,0,0,0,0,0,0,0,0,0,0,0,0,0.000798,0,0.125848,0,0,0,0,0,0,0,0.027124,0,0,0,0,0,0,0,0,0,0,0.012565,0,0,0,0,0,0,0,0,0,0,0,0,0,0,0,0,0,0,0,0,0,0,0,0,0,0,0,0,0,0,0,0,0,0,0,0,0,0,0,0,0,0,0,0,0,0,0,0,0,0,0,0,0,0,0,0,0,0,0,0,0,0,0,0,0,0,0,0.005584,0,0,0,0,0,0,0,0,0,0,0,0,0,0,0,0,0,0,0,0,0,0,0,0,0,0,0,0,0,0,0,0,0,0,0,0,0,0,0,0,0,0,0,0,0.002792,0,0,0,0,0,0,0,0,0,0,0,0,0,0,0,0,0,0,0,0,0,0,0.000997,0,0
D858,0.004139,0,0,0,0,0,0,0,0,0,0,0,0.200925,0,0,0,0,0,0,0,0,0,0,0.000243,0,0,0,0,0,0,0.000365,0,0,0,0,0,0,0,0,0,0,0,0,0,0.066894,0.001035,0,0.004504,0,0,0,0,0.018504,0,0,0,0,0,0,0,0,0,0,0,0,0,0,0,0,0,0.018626,0,0,0.00073,0,0,0,0,0,0,0,0,0,0,0,0,0,0,0,0,0,0,0,0,0,0,0,0,0,0,0,0,0,0.123745,0.014487,0,0,0,0,0.000183,0,0,0,0.003348,0,0,0,0,0,0,0,0,0,0,0,0,0,0,0,0,0,0,0,0,0,0,0,0,0,0,0,0,0,0,0,0,0,0,0,0,0,0.00207,0,0,0,0,0,0,0,0,0,0,0,0,0.000122,0,0,0,0,0,0,0,0,0,0,0,0,0,0,0,0,0,0,0,0,0,0,0,0,0,0,0,0,0,0.077607,0,0,0,0.004869,0,0,0,0,0,0,0,0,0,0,0,0,0,0,0,0,0,0,0,0,0,0,0,0,0,0,0,0,0,0,0,0.005174,0,0,0,0,0,0,0,0,0,0,0,0,0,0,0,0,0,0,0,0,0,0,0,0,0,0,0,0,0,0,0,0,0,0,0,0,0,0.003591,0,0,0,0,0,0,0,0,0.002435,0,0,0,0,0,0,0,0,0,0,0,0,0,0,0,0,0.010104,0,0,0,0,0,0,0,0.053868,0,0,0,0,0,0,0,0,0,0,0,0,0,0,0,0,0,0,0,0,0,0,0,0,0,0,0,0,0,0.0014,0,0,0,0,0,0,0,0,0,0,0,0,0,0,0,0,0,0,0,0,0,0,0,0.014913,0,0,0,0,0,0,0,0,0.001522,0,0.01473,0,0,0,0,0,0,0,0,0,0,0,0,0,0,0,0,0,0,0,0,0,0,0,0,0,0,0.000243,0,0,0,0,0
D4621,0,0,4e-05,0,0.019893,0,0,0.052802,0,0.12713,0,0.091052,0,0.095996,0,0,0,0,0,0,0,0.000598,0,0,0,0.007255,0,0,0,0,0,0,0,0,0,0,0,0,0.035221,0,0,0,0,0,0,0,0.026291,0,0.002412,0,0,0,0,0,0,0,0.003767,0,2e-05,0,0,0,0,0,0,0,0,0,0.01776,0,0,0,0,0.00014,0,0.031812,0.000159,0,0,0.039367,0,0,0.010943,0,0.000718,0,4e-05,0,0.07393,0.000259,0,0.029022,0,0,0.005442,0,0,0,0,0,0,0,0,0,2e-05,0,0.003548,0,0,0,0,0,0,0,0,0,0,0,0,0,0,1e-04,0,4e-05,0,0,0.000478,0.01172,0,0,0,0,0.017481,0,0,0,0,0,0,0,0.000279,0,0,0,1e-04,0,0,0,0,0,0,0,0,0.010146,0,0,0,0,0,0,0.002312,0,0,0,0,0,0,0,0.000638,0.000698,0,0,0,0,0,0.000159,0,0,8e-05,0,0,4e-05,0,0,0,0,0,0.000837,0,0,0,0,0,0,0.00012,0,0,0,0.000199,0,0,0,0,8e-05,0,0,0,0.003767,0,0,0,0,0,0,0,0,0,0,0,0,0,0,4e-05,0,0,0,0,0,0,0.001276,4e-05,0.00879,0,0,0,0,0,0.000797,0,0,0,0,0,0,0,0,0,0.000239,0,0,0,0,4e-05,0.00012,8e-05,0,0,0,0,0,0,0,0.007196,0,0,4e-05,0,0,4e-05,0.006119,0.00014,0,8e-05,0,0,0,0,0,0,0.00291,0,0,0,6e-05,0.000598,0.001316,0,0,0,0,0,0,0,0,0,0,0,0,0.000339,0,0,0,0,0,0,4e-05,0,0,0,0,0,0,4e-05,8e-05,0,0,0,0,0,0,0,0,0,0.006279,0,0,4e-05,0,6e-05,0,4e-05,0,0,0,0,0,0,0.004824,0,0,1e-04,0,0,0.000159,0.000837,0,0,0,4e-05,0,0,1e-04,4e-05,0.00014,0,0.000279,0,0,0,0,8e-05,0,8e-05,0,0.022065,0,0,0,0,0,0.00307,0,0,0,0,0,0,0,0,0,0.001794,0,0,0,0,0,0,0,0,0,0,0,0,6e-05,0,4e-05,0,0,0,0
D1919,0.0346,0,0,0.000488,0.000244,0,0,0,0,0,0.008178,0,0.001856,0,1.1e-05,0,0.001326,0,0,0,0.000392,0.000308,4.2e-05,0,6.4e-05,0,0.000286,0.110015,0.016091,0,0,0,0,0.001665,0,0,0,0,0,0,0.00087,0,7.4e-05,0,1.1e-05,0,0,0,0,7.4e-05,0,4.2e-05,0.000117,0,0,0,0,0,0.000159,9.5e-05,0.50262,0,0,0,0,0,0,9.5e-05,0,0,2.1e-05,0.000742,0,0.003649,0,0,0.000721,0.000148,0,0,0,0,0,0,0,0,0,0,0,0,0,0,0,0,0,0.000202,0,0,0,0,0,0,0,0.000594,0,0,0,0,0,0,0,0,0.003034,0,0,0,0,0,0,0,0,0,0,0,0,0,0,0,0,0,0,0,0,0,0,0,0,0.001527,0,0,0,4.2e-05,0,0,0,0,0,0,0,1.1e-05,0,0,0,0,0,0,0,0,0,0,0,0,2.1e-05,2.1e-05,0,0,0,0,0,0,0,0,0,0.000329,0,0.00088,3.2e-05,0,0,0,0,0,0,0.001294,0,0,0,0,0,0.000541,0,0,0,0,1.1e-05,0,0,1.1e-05,0.000636,0.000117,0,0,0,0,0.000424,0,0,0,0.00018,0,0,3.2e-05,0,0,0,0,0.000138,0.000159,0,0,0.000424,2.1e-05,0,0.143745,0,0.002196,6.4e-05,0,0.000106,0,4.2e-05,0,0.000562,0,0,0,0,0,0,0,0,0,0,0.000626,0.000541,0,0,0,0,0,0,0,0,0,0.000106,0.00053,0,0,0,0,0,0.018923,0,0,2.1e-05,0,0,0,0.000276,0,0,0,0,5.3e-05,0,0,0.000477,5.3e-05,2.1e-05,0,0,0.000435,0,0,0,0,0.00017,0,0,0.010607,0,0.000276,2.1e-05,0,0,0,3.2e-05,0,5.3e-05,0,0,0,0.00018,0,0,0,0.00053,0,0,0,0,7.4e-05,0,0,0,0,0,0.018849,0,0,0,0,0,0,0,0,0,2.1e-05,0,0.032139,0,0,1.1e-05,0,0,0,0.00052,0,0.000658,0,0,0,0,0,0.000127,0,1.1e-05,0,0,0,0,0.000467,8.5e-05,0,0,0,0.000265,0,0,0,0,0,0,0,0,0,0,0.000605,0,0,0,0,0,0,0,0,0,0.001156,0,0.000127,0,0.000382,0.000106,0,0,0,0,0,0.000838,0,0,0.000202,0,0,0,0,0.000605,0,0,0
D1016,0.057481,0,0,0,0.000306,0.205055,0,0,0,0,0,0,0.000408,0,0,0,0,0,0,0,0,0.000306,0,0,0,0,0,0,0,0,0.006217,0,0,0,0,0,0,0,0,0,0,0,0,0,0.000611,0,0,0,0,0,0,0,0,0.000917,0,0,0,0,0,0,0,0,0,0,0,0.050958,0,0,0,0,0.000204,0,0,0,0,0,0,0,0.037403,0,0,0,0,0,0,0,0,0.028129,0,0,0,0,0,0,0,0,0,0,0,0,0,0,0,0,0,0,0,0.020077,0,0,0,0,0,0,0,0,0,0,0,0,0,0,0,0,0.000306,0,0,0,0,0,0,0,0,0,0,0,0,0,0,0.017326,0,0,0.000204,0,0,0,0,0.000306,0.003465,0,0.064513,0,0,0,0,0,0,0,0,0,0.000611,0,0,0,0,0,0,0,0,0,0,0,0,0,0,0,0,0,0,0,0,0,0,0,0,0,0,0,0,0,0,0,0,0,0,0.004586,0,0,0,0,0,0,0,0,0,0,0,0,0,0,0,0,0,0,0,0,0,0,0,0,0,0,0,0,0,0,0,0.003873,0,0,0,0,0,0,0,0,0,0,0,0,0.008867,0,0,0,0,0.024969,0,0,0.002548,0.019262,0,0,0,0,0,0,0,0,0,0,0.026091,0,0,0,0,0,0,0,0,0,0,0,0,0,0,0.000306,0,0,0,0,0.001834,0,0.01172,0,0,0,0,0,0,0,0,0,0,0,0,0,0,0,0,0,0,0,0,0,0,0,0,0,0,0,0,0,0,0,0,0.000204,0,0,0,0,0,0,0,0,0,0,0,0,0,0,0,0,0,0.013351,0,0,0,0,0,0,0,0,0,0,0,0,0,0,0,0,0,0,0,0,0.000306,0,0,0,0,0,0,0,0,0,0,0,0,0,0,0,0,0,0,0,0.000408,0,0.002446,0,0,0,0,0,0,0,0,0,0,0,0,0,0,0,0,0,0,0,0,0,0,0
D1379,0,0,0,0,0,0,0,5.5e-05,0,0,0,0,0,8.2e-05,0,0,0,0,0,0,0,0,0,0,0,8.2e-05,0,0,0,0.281917,0,0,0,0,0,0,0,0,0,0,0,0,0,0,0,0,0,0.602389,0.000438,0,0,0,0,0,0,0,0,0,0,0,0,0,0,0,0,0,0,0,0.000137,0,0,0,0,0,0,0,0,0,0,0,0,0,8.2e-05,0,0,0,0,0,0,0,0,0,0,0,8.2e-05,0,0,0,0,0,0,0,0,0,0,0,0,0,0,0,0,0,0,0,0,0,0,0,0,0,0,0,0,0,0,0,0,0,0,0,0,0,0,0,0,0,0,0,0,0,0,0,0,0,0,0,0,0,0,0,0,0,0,0,0,0,0,0,0,0,0,0,0,0,0,0,0,0,0,0.000384,0,0,0,0,0,0,0,0,0,0,0,0,0,0,0,0,0,0,0,0,0,0,0,0,0,0,0,0,0,0,0,0,0,0.000164,0,0,0,0,0,0,0,0,0,0,0,0,0,0,0,0,0,0,0,0,0,0,0,0,0,0,0,0,0,0,0,0,0,0,0,0,0,0,0,0,0,0,0,0,0,0,0,0,0,0,0,0,0,0,0,0,0,0,0,0,0,0,0,0,0,0,0,0,0,0,0,0,0,0,0,0,0,0,0,0,0,0,0,0,0.016935,0,0,0,0,0,0,0,0,0,0.002576,0,0,0,0,0,0,0.00011,0,0,0,0,0,0,0,0,0,0,0,0,0,0,0,0,0,0,0,0,0,0,0,0,0,0,0,0,0,0,0,5.5e-05,0,0,0,0,0,0,0,0,0,0,0,0,0,0,0,0,0,0,0,0,0,0,0,0,0,0,0,0,0.085003,0,0,0,0,0,0,0,0,0,0,0,0,0,8.2e-05,0,0.007262,0,0,0,0,0,0,0,8.2e-05,0,0,0,0,0,0,0,0,0
D2942,0,0,0,0,0,0,0,0,0,0,0,0,0,0,0,0,0,0,0,0,0.000108,0,0,0,0,0,0,0,0,0,0.009266,0,0,0,0,0,0,0,0,0,0,0,0,0,0,0,0,0,0,0,0,0,0,0,0,0,0,0,0,0,0,0,0,0,0,0,0,0,0,0,0,0,0,0,0,0,0,0,0,0,0,0,0,0,0,0,0,0,0,0,0,0,0,0,0,0,0,0,0,0,0,0,0,0,0,0,0,0.088377,0,0,0,0,0,0,0,0,0,0,0,0,0,0,0,0,0.210837,0,0,0,0.154213,0,0,0,0,0,0,0.398808,0,0,0,0,0,0,0,0,0,0.000325,0,0,0,0,0,0,0,0,0,0,0,0,0,0,0,0,0.00065,0,0,0,0,0,0,0,0,0,0,0,0,0,0,0,0,0,0,0,0,0,0,0,0,0,0,0,0,0,0,0,0,0,0,0,0,0,0,0,0,0,0,0,0,0,0,0,0,0,0,0,0.000759,0,0,0,0,0,0,0,0,0,0,0,0,0,0,0,0,0,0,0,0,0,0,0,0,0,0,0,0,0,0,0,0,0,0,0,0.085126,0,0,0,0,0,0,0,0,0,0,0,0,0,0,0,0,0,0,0,0,0,0,0,0,0,0,0,0,0,0,0,0,0,0,0,0,0,0,0,0,0,0,0,0,0,0,0,0,0,0,0,0,0,0,0,0,0,0,0,0,0,0,0,0.000163,0,0,0,0,0,0,0,0,0,0,0,0,0,0,0,0,0,0,0,0,0,0,0,0,0,0,0,0,0,0,0,0,0,0,0,0,0,0,0,0.001192,0,0,0,0,0,0,0,0,0,0,0,0,0,0,0,0,0,0,0,0,0,0,0,0,0,0,0,0,0,0,0,0,0,0,0,0,0,0,0,0,0,0,0,0,0
D3354,0.004126,0,0,0,0.001128,0,0,0,0,0,0,0,0,0,0,0,0.00472,0,0,0,0,0.001009,0,0,0,0,0.043966,0,0,0,0,0,0,0.013626,0,0,0,0,0,0,0.011845,0,0,0,0.000712,0,0,0,0.000861,0,0,0,0.000267,0.000208,0,0,0.000119,0,0,0,0,0,0,0.001128,0,0,0,0.004186,0,0,0,0,0,0.014932,0,0,0.00092,0,0,0,0,0,0,0,0,0,0,0,0,0,0,0,0,0,0,0.017011,0.001989,0.000594,0,0,0,0,0,0,0.00098,0,0,0,0,0,0.000356,0,0,0,0,0,0,0,0,0,0,5.9e-05,0,0,0,0.005937,0,0,0,0,0,0,0,0,0,0,0.003859,0,0,0,0.000119,0,0,0,0.008698,5.9e-05,0.001692,0,0,0.003117,0,0,0,0,0,0,0,0,0,0,0,0,0,0,0,0,0,0,0,0,0,0,0,0.013092,0,0.005908,0,0,0,0,0,0,0,0.010361,0,0,0,0,0,5.9e-05,0,0.000445,0,0,0,0,0,0,0.002227,0.007036,0,0,0,0,0,0,0.000178,0,0,0,0,0.002434,0,0.001603,0,0.000356,0,0,0,0,0.002078,0.000861,0,0,0,0,0.00383,0,0.000683,0,0.000386,0,0.00098,0,0,0,0.000237,0,0,0,0,0,0,0,0.007778,0,0.000119,0.000178,0,0,0,0,0.001752,0,0.004631,0,0,0,0.004542,0,0,5.9e-05,0,0,0,0,0,0,0.000802,0,0.001098,0,0.001366,0.001217,0,0,0.00282,0.001959,0,0,0,0.000178,0,0.003058,0,0,0.001247,0.000178,0,0,0.001336,0.002286,0,0,0,0,0,0,0,0,0,0,0,0,0,0,0,0.001603,0,0.005581,0,0.001959,0.000267,8.9e-05,0,0,0.002256,0.001128,0.000119,0,0,0,0.002434,0,0.002256,0,0,0,0.001187,0,0.000445,0,0,0,0,0,0.002939,0,0,0.000208,0,0,0.000327,0,0.000683,0,0.003206,0,5.9e-05,0,0.001752,0.000445,0.002048,0,0,0,0.000119,0,0,0,0,0.003681,0,0,0,0.003236,0,0,0.00662,0,0,0,0.001098,0,0,0,0,0.002256,0,0.018168,0,0.003741,0,0,0,0.001069,0,0,0,0.002672,0,0,0,0,0,0.00095,0,0,0,0
D210,0,0,0,0,0.000485,0,0,0.081919,0,0.044966,0,0.032749,0,0.021479,0,0,0,4.6e-05,0,0,0,9.2e-05,0,0,9.2e-05,0.038153,0,0,0,0,0,0,0,0,0,0,0,0,0.028523,0,0.000115,0,0,0,0.000231,0,0.08215,0,9.2e-05,0,0,0,0,0.000208,0,0,0,0,0,0,0,0,0,0,0,0,0,0,0.050925,0,0,0,0,0,0,0,0.000115,0,0,0.007714,0.016975,0,0.02328,0,0.082334,0,0,0,0.032957,0,0,0.030209,0,0,0.024412,0,2.3e-05,0,0,0,0,0,0,0,0.000208,0,0.017044,0,0,0,0,0,0,0,0,0,0,0,0,0,0,0.000277,0,0,0,0,0.000208,0,0,0,0,0,0.002194,0,0,0,0,0,0,0,0,0,0,0,6.9e-05,0,0,0,0,0.005358,0,0,0,0.030347,0.009423,0,0,0,0,0,0,0,0,0,0,0,0,0.001501,0.033142,0.003326,0,0.003534,6.9e-05,0,0,0,0,0,0.000162,0,0,0.000624,0,0,0,0,0,0.000115,0,0,0,0,0,0,0.000139,0,0,0,0.000231,0,0,0,0,0.000762,0,0,0,0.004434,0,0,0,0,0,0,0,0,0,0,0,0,0,0,0.000231,0,0,0,0,0,0,0,0.000346,0.029169,0,0,0,0,0,0.000993,0,0,0,0,0,0,2.3e-05,0,0,9.2e-05,0,0,0,0,9.2e-05,0.000716,0.000577,0.000277,4.6e-05,0,0,0,0,0,0.003441,0,0,0.000208,0,0,0.000277,0.01776,0.000254,0.00037,0,0,0,0,0,0,0,0.001201,0,0,0,0,0,0.000462,4.6e-05,0,0,0,0,0,0,0,0,3e-04,0,0.017414,0,0,0,0,0,0,0,9.2e-05,0.000277,0,0,0,0,0,0.000115,6.9e-05,0,0,0,0,0,0,6.9e-05,0,0,0.013465,0,0,0.003603,0,0,0,0,0,0,0,0,0,0,0,0,0,0.005196,0,0,0.005266,0,0,0,0,4.6e-05,0,0,9.2e-05,0.000115,0.001247,0,0,0,0,0,0,0.000485,0,0.000393,0,0,0,4.6e-05,0,4.6e-05,0,0.005312,0,0,0.001455,0,6e-04,0,0,0,0,0.004042,0,0,0,0.001432,0,0,0,0,0.000277,0,9.2e-05,0.004989,0,0,0,0,0,0,0
D959,0.222508,0,0,0,0,0.023953,0,0,0,0.006546,0,0,0.160008,0,0,0,0,0,0,0,0,0.000242,0,0,9.7e-05,0,0,0.000242,0,0,0,0,0,0,0,0,0,0,0,0,0,0,0,0,0.020171,0,0,0,0,0,0,0,0.00257,0.063324,0,0,0,0,0.017843,0,0,0,0,0,0,0.005237,0,0,0,0,0,0,0,0,0,0,0,0,0.000921,0,0,0,0,0,0,0,0,0,0,0,0,0,0,0,0,0,0,0,0,4.8e-05,0,0,0,0.001649,0.008146,0,0,0.004558,0,0,0,0,0,0.037772,0,0,0,0,0,0,0,0,0,0,0,0,0.002667,0,0,0,0,0,0,0,0,0,0,0,0,0.005528,0,0,4.8e-05,0,0,9.7e-05,0,0.003685,0,0,0.002861,0.003152,0,0,0,0,0,0,0,0,0.024922,0,0,0,0,0,0,0,0,0,0,0,0,0,0,0,0,0,0,0,0,0,0,0,0,0,0,0.000485,0,0,0,0,0,0,0.029286,0,0,0,0.002182,0,0,0,0,0,0,0,0,0,0,0,0,0,0,0,0,0,0,0,0,0,0,0,0,0,0,0,0,0,0,0,0.041408,0,0,0,0,0,0,0,0,0,0.000485,0,0.006643,0,0,0.000921,0,0,0.000339,0.002279,9.7e-05,0,0,0,0,0,0,0,0,0,0.004897,0,0,0,0,0,0,0,0.001503,0,0,0,0,0,0,0,0,0,0,0,0.001018,0,0.000727,0,0,0,0,4.8e-05,0,0,0,0,0,0,0,0,0,0,0,0,0,0,0,0,0,0,0,0,0,0,0,0,0,0,0,0.000242,0,0,0,0,0,0,0,0,0,0,0,0,0,0,0,0,0.000436,0,0,0,0,0,0,0,0,0,0,0,0.000145,0.001746,0,0,0,0,0,0,0,0,0.001455,0,0,0,0,0,0,0,0,0,0,0,0,0,0,0,0,0,0,0,0.000436,0,0.000291,0,0,0,0,0,0,0,0,0,0,0,0,0,0,0,0,0,0.012946,0,0,0,0,0
D1412,0.144821,0,0,0,0.001033,0,0,0,0,0,0,0,0,0,0,0,0.003219,0,0,0,0,0.003338,0,0,0,0,4e-05,0.68586,0,0,0,0,0,0.000179,0,0,0,0,0,0,0.00149,0.001113,0,0,0.00155,0,0,0,6e-05,0,0,0,0,0,0,0,0,0,0,0,0,0,0,0,0,0,0,2e-05,0,0,0,0,0,0.004113,0,0.045976,0.001669,0,0,0,0,0,0,0,0,0,0,0,0,0,0,0,0,0,0,0,0,0,0,0,0,0,0,0.000199,0.000139,0,0,0,0,0,0,0,0.000417,0,0,0,0,0,0,0,0.000536,0,0,0,0,0,0,0,0,0,0,0,0,0,0,0,0,0,0,0,0,0,0,0,0,0,0,0.000159,0,0,0,0,0,0,0,0,0,0,0,0,9.9e-05,0,0,0,0,0,0,0,0,0,0,0,0,0.000238,0,0.000815,0,0,0,0,0,0,0,0.001033,0,0,0,0,0,0.000616,0,0.000417,0,0,4e-05,0,0,6e-05,2e-05,0.000318,0,0,0,0,0,0,0,0,0,0,0,0.000199,4e-05,0,0,0,0,0,0,0,0.000338,0,0,0,0,0,0.000278,0,0.000139,0,0.000417,0,0.002662,0,0,0,0,0,0,0,0,0,0,0,0.000378,0,4e-05,0,0,0,0,0,0,0,7.9e-05,0.002702,0,0,2e-05,0,0,0,0,0,0,0,0,0,0.000179,0,0,0,4e-05,7.9e-05,0,0,0,4e-05,0,0,0,0.000656,0,0,0,0,0.001629,4e-05,0,0,0,0.000437,0,0,0,0,0,0,0,0,0,0,6e-05,0,0,0,0.000338,0,0,0,0,0.000258,0,0,0,0,4e-05,0.001729,0,0,0,0,0,0,0,0,0,0,0,0.025293,7.9e-05,0,0,0,0,0,0,0,0,0,0,7.9e-05,0,0,6e-05,0,0.000159,0,0,0,0,0.000378,0.000119,0,0,0,9.9e-05,0,0,0,0,0,0,0,0,0,0,0.000715,7.9e-05,0,0,0,0,0,0,0,0,0.00155,0,0.000238,0,0.001609,6e-05,0,0,0.000219,0,0,0,4e-05,0,0.000278,0,0,0,0,4e-05,0,0,0
D342,0,0,0,0,0,0,0,0,0.013391,0,0,0,0,0,0,0,0,0,0,0,0,0,0,0,0,0,0,0,0,0,0.04902,0,0,0,0,0,0,0,0,0,0,0,0,0,0,0.006695,0,0,0,0,0,0,0,0.000239,0,0,0,0,0,0,0,0,0,0,0.001913,0,0,0,0,0,0,0,0,0,0,0,0,0,0,0,0,0,0,0,0,0,0,0,0,0,0,0,0,0,0,0,0,0,0,0.000956,0,0,0,0,0,0,0,0,0,0,0,0,0,0,0,0,0,0,0,0,0,0,0,0,0,0,0,0,0,0,0,0,0,0,0,0,0,0,0,0,0,0,0,0,0,0,0,0,0,0,0,0,0,0,0,0,0,0.421569,0,0,0,0,0,0,0,0,0,0,0,0,0,0,0,0,0,0,0,0,0,0,0,0,0.328551,0,0,0,0,0,0,0,0,0,0,0,0,0,0,0,0,0,0,0,0,0,0,0,0,0,0,0,0,0,0,0,0,0,0,0,0,0,0,0,0,0,0,0,0,0,0,0,0,0,0,0,0,0,0,0,0,0,0,0,0,0,0,0,0,0,0,0,0,0,0,0,0,0,0,0,0,0,0,0,0,0,0,0,0,0,0.001913,0,0,0,0,0,0,0,0,0,0,0,0.107843,0,0,0,0,0,0,0,0,0,0,0,0,0,0,0,0,0,0,0,0,0,0,0,0,0,0,0,0,0,0,0,0,0,0.056432,0,0,0,0,0,0,0,0,0,0,0,0,0,0,0,0,0,0,0,0,0,0,0,0,0,0,0,0,0,0,0,0,0,0,0,0,0,0,0,0,0,0,0,0,0,0,0,0,0,0,0,0,0,0,0,0,0,0,0,0,0,0,0,0,0,0,0,0,0,0,0,0,0,0,0,0,0,0,0,0,0,0,0,0,0
D3225,0,0,0,0.182943,0,0,0,0,0,0,0,0,0,0,0.197714,0,0,0,0,0,0,0,0.113961,0,0,0,0,0,0,0,0,0,0,0,0.08336,0,0,0,0,0,0,0,0,0,0,0,0,0,0,0,0,0.008289,0,0,0,0,0,0,0,0,0,0,0.109601,0,0,0,0,0,0,0,0,0,0,0,0,0,0,0,0,0,0,0,0,0,0,0.031348,0,0,0,0,0,0,0,0,0,0,0,0,0,0,0,0,0,0,0,0,0,0,0,0,0,0.003968,0,0,0,0,0,0,0,0,0,0,0,0,0,0,0,0,0,0,0.004518,0,0,0,0.065368,0,0,0,0.023295,0,0,0,0,0,0,0,0,0,0,0,0,0,0,0,0,0,0,0,0,0,0,0,0,0,0,0,0,0,0,0,0,0,0,0,0,0,0.02137,0,0,0,0.028834,0,0,0,0,0.014378,0,0,0,0,0,0,0,0,0,0,0,0,0,0,0,0,0,0,0,0,0,0,0,0,0,0,0,0,0,0,0,0,0,0,0,0,0,0,0,0,0,0,0,0,0,0,0,0,0,0,0,0,0,0,0,0,0,0,0,0,0,0,0,0,0,0,0,0,0,0,0,0.002593,0,0,0,0,0,0,0,0,0.02137,0,0,0,0,0,0,0,0,0,0,0,0,0,0,0,0,0,0,0,0,0,0,0,0,0,0,0,0,0,0,0,0,0.002514,0,0,0,0.019092,0,0,0,0,0,0,0,0,0,0,0,0,0,0,0,0,0,0,0,0,0,0,0,3.9e-05,0,0,0,0,0,0,0,0,0,0,0,0,0,0,0,0,0,0,0,0,0,0,0,0,0,0,0,0,0,0,0,0,0,0,0,0.000118,0,0,0,0,0,0,0,0,0,0,0,0,0,0,0,0,0,0,0,0,0,0,0.002514,0,0,0,0,0,0,0,0,0,0,0,0,0.001571
D1794,0,0,0.021275,0.04667,0,0,0,0.000252,0,0,0.004541,0,0,0,0.011604,0,0,0,0,0,0.000673,0,0.0037,0.012109,0,0,0.000757,0,0.000252,0,0.001345,0,0,0.001177,0.00143,0,0,0,0,0,0,0,0.010007,0,0,0.000505,0,0,0,0,0,0.007064,0.004289,0,0,0,0,0,0.000336,0,0.238564,0,0.000841,8.4e-05,0,0,0,0,0,0,0.057097,0.00042,0,0.001009,0,0,0,0,0,0,0,0,0.001682,0,0,0.001766,0,0,0,0,0.002943,0,0,0.000673,0,0,0,0,0,0,0,0,0.001766,8.4e-05,0,0,0,0,0,0,0,0.001009,0,0,0,0,0,0,0,0,0.022704,0,0,0.000925,0,0,0,0.000252,0,0,0.009839,0,0,0,0.00412,0,0,0.000841,0,0,0,0,0,0,0,0,0,0.00042,0,0,0,0,0,0,0,0,0,0,0,0,0,0,0.000168,0,0.000841,0,0,0,0,0,0,0,0,0,0,0,0.000168,0,0.043979,0,0.000673,0,0,0.00042,0,0,0,0.006391,0.003448,0,0,0,0,0.005382,0,0,0,0,0,0,0,0,0.002859,0,0.025311,0,0,0,0,0,0.012109,0,8.4e-05,0,0.000841,0,0.015557,0.000336,0,0,0,0,0,0.000673,0,0,0,0,0,0,8.4e-05,0,0,0,0,0.026657,0,0,0,0,0,0,0,0.028422,0,0,0,0,0,0,0,0,0,0,0,0,0,0.000925,0,0.000673,0,0.000168,0.000252,0,0.000252,0,0.007148,0,0,0,0,0,0,0.055584,0,0,0,0,0,0,0,0,0,0,0,0,0,0,0,0,0,0,0.000505,0.001009,0,0,0.003616,0,0,8.4e-05,0.019341,0,0,0,0,0,0,0,0,0,0,0.000757,0,0.000252,0,0,0,0,0,0,0,0.000757,0,0,0,0,0,0.002018,0,0,0,0,0,0,0,0,0,0,0.057602,0,0,0,0,0,0.001598,0.001682,0,0,0,0,0,0,0.000336,0,0,0,0,0,0,0,0,0,0,0.00042,0,0,0,0,0,0,0,0,0,0,0,0,0,0,0,0,0,0,0,0,0,0,0.0185,0.000589,0.000168,0,0,0,0,0,0,0,8.4e-05,0,0,0.000589
D4112,0,0,0,0.158276,0,0,0,0,0,0,0,0,0,0,0.169074,0,0,0,0,0,0,0,0.044068,0,0,0,0,0,0,0,0,0,0,0,0.112962,0,0,0,0,0,0,0,0,0,0,0,0,0,0,0,0,0.027779,0,0,0,0,0,0,0,0,0,0,0.003553,0,0,0,0,0,0,0,0,0,0,0,0,0,0,0,0,0,0,0,0,0,0,0.004845,0,0,0,0,0,0,0,0,0,0,0,0,0,0,0,0,0,0,0,0,0,0,0,0,0,0.044714,0,0,0,0,0,0,0,0,0,0,0,0,0,0,0,0,0,0,0.003276,0,0,0,0.018366,0,0,0,0.019796,0,0,0,0,0,0,0,0,0,0,0,0,0,0,0,0,0,0,0,0,0,0,0,0,0,0,0,0,0,0,0,0,0,0,0,0,0,0.027964,0,0,0,0.007706,0,0,0,0,0.012136,0,0,0,0,0,0,0,0,0,0,0,0,0,0,0,0,0,0,0,0,0,0,0,0,0,0,0,0,0,0,0,0,0,0,0,0,0,0,0,0,0,0,0,0,0,0,0,0,0,0,0,0,0,0,0,0,0,0,0,0,0,0,0,0,0,0,0,0,0,0,0,0.003046,0,0,0,0,0,0,0,0,0.001707,0,0,0,0,0,0,0,0,0,0,0,0,0,0,0,0,0,0,0,0,0,0,0,0,0,0,0,0,0,0,0,0,0.000923,0,0,0,0.030086,0,0,0,0,0,0,0,0,0,0,0,0,0,0,0,0,0,0.192608,0,0,0,0,0,0,0,0,0,0,0,0,0,0,0,0,0,0,0,0,0,0,0,0,0,0,0,0,0,0,0,0,0,0,0,0,0,0,0,0,0,0,0,0,0,0,0,0,0,0,0,0,0,0,0,0,0,0,0,0,0,0,0,0,0.004707,0,0,0,0,0,0,0,0,0,0,0,0,0.001061
D1641,0,0.364081,0,0,0.06964,0,0,0,0,0,0,0,0,0,0,0.004276,0,0,0,0.067807,0,0,0,0.035431,0,0,0,0.243128,0,0,0,0,0,0,0,0,0,0,0,0,0,0,0,0,0,0,0,0,0,0,0,0.001222,0,0,0,0,0.001833,0,0,0,0,0,0,0,0,0,0,0,0,0,0,0,0,0,0,0,0,0,0,0,0,0,0,0,0,0,0,0,0,0,0,0,0.16066,0,0,0,0,0,0.00733,0,0,0,0,0,0,0,0,0,0,0,0,0,0,0,0,0,0,0,0,0,0,0,0,0,0,0,0,0,0,0,0,0,0,0,0,0,0,0,0,0,0,0,0,0,0,0,0,0,0,0,0,0,0,0,0,0,0,0,0,0,0,0,0,0,0,0.016494,0,0,0,0,0,0,0,0,0,0,0,0,0,0.003054,0,0,0,0,0,0,0,0,0,0,0,0,0,0,0,0,0,0,0,0,0,0,0,0,0,0,0,0,0,0,0,0,0,0,0,0,0,0,0,0,0,0,0,0,0,0,0,0,0,0,0,0,0,0,0,0,0,0,0,0,0,0,0,0,0,0,0,0,0,0,0,0,0,0,0,0,0,0,0,0,0,0,0,0,0,0,0,0.001833,0,0,0,0,0,0,0,0,0,0,0,0,0,0,0,0,0,0,0,0.001222,0,0,0,0,0,0,0,0,0,0,0,0,0,0,0,0,0,0,0,0,0,0,0,0,0,0,0,0,0,0,0,0,0,0,0,0,0,0,0,0,0,0,0,0,0,0,0,0,0,0,0,0,0,0,0,0,0,0,0,0,0,0,0,0,0,0,0,0,0,0,0,0,0,0,0,0,0,0,0,0,0,0,0,0,0,0,0,0,0,0,0,0,0,0,0,0,0,0,0,0,0,0,0.007941,0,0,0,0,0,0,0,0,0
D700,0,0.709056,0,0,0,0,0,0,0,0,0,8.8e-05,0,0,0,0.009945,0,0,0,0.072252,0,0,0,0,0,0.00044,0,0,0,0.053419,0,0,0,0,0,0,0,0,0,0,0,0,0.001936,0,0,0,0.001584,0.000352,0.049635,0,0,0,0,0,0,0,0,0,0,0,0,0,0,0,0,0,0,0,0.004312,0,0,0,0,0,0.024025,0,0,0,0,0,0,0,0.000352,0,0.001056,0,0,0,0,0,0,0.00044,0,0,0.002552,0,0,0,0.001232,0,0,0,0,0,0,0,0.000176,0,0,0,0,0,0,0,0,0,0,0,0,0,0,0,0,0,0,0,0,0,0,0,0,0,0,0,0,0,0,0,0,0,0,0.000792,0,0,0,0,0,0,0,0,0,0,0,0.002024,0,0,0,0,0,0,0,0,0,0,0,0,0,0,0,0,0,0,0,0,0,0,0,0,0,0,0,0,0,0,0,0,0,0.000176,0,0,0,0,0,0,0,0,0.013201,0,0,0,0,0,0,0,0,0,0,0,0,0,0,0,0,0,0,0,0,0,0.006072,0,0,0,0.000264,8.8e-05,0,0,0,0,0,0,0,0,0,0,0,0,0,0,0,0,0,0,0,0.015313,0,0,0,0,0,0,0,0,0,0,0,0,0,0,0,0,0,0,0,0,0,0,0,0,0,0,0,0,0,0,0,0,0,0,0,0,0,0,0,0,0,0,0,0,0,0,0,0,0,0,0,0,0,0,0,0,0,0,0,0,0,0,0,0,0,0,0,0,0,0,0,0,0,0,0,0,0,0,0,0.000616,0,0,0,0,0,0,0,0,0,0,0,0.015841,0,0,0,0,0,0,0,0,0,0,0,0,0,0,0,0,0,0,0,0,0,0,0,0,0,0,0,0,0,0,0,0,0,0,0,0,0,0,0,0,0,0,0,0,0,0,0,0,0.000352,0,0,0,0,0,0,0,0,0,0,0,0,0,0,0
D1607,0.001109,0,0,0,0.000427,0,0,0,0,0,0,0,0,0,0,0,0.245168,0,0,0,0,4.3e-05,0,0,0,0,0,0,0,0.000128,0,0,0,0.000299,0,0,0,0,0,0,0.023553,4.3e-05,0,0,0,0,0,0,0,0,0,0,0,0,0,0,0,0,0,0,0,0,0,0,0,0,0,0.000256,0,0,0.000128,0,0,0.006016,0,0,0.010795,0,0,0,0,0,0,0,0,0,0,0,0,0,0,0,0,0,0,0.003669,0,8.5e-05,0,0,0.056449,0,0,0,0,0,0,0,0,0,0,0,0,0,0,0,0,0,0,0,0,0,0,0,0,0,0,0,0,0,0,0,0,0,0,0,0.004992,0,0,0,0.000256,0,0,0,0,0,0.024833,0,0,0,0,0,0,0,0,0,0,0,0,0,0,0,0,0,0,0,0,0,0,0,0,0,0,0,0,0.001493,0,0,0,0,0,0,0,0.002261,0,0,0,0,0,0.003285,0,0.016299,0,0,0,0,0,0,8.5e-05,0.001195,0,0,0,0,0,0,0,0,0,0,0,0.013782,0,0,0,0,0,0,0,0,0.001024,0,0,0,0,0,0.007979,0,0.002005,0,8.5e-05,0,0.006357,0,0,0,0,0,0,0,0,0,0,0,0.003499,0,0.002773,0,0,0,0,0,0,0,0.001621,0,0,0,0.010838,0,0,0.000128,0,0,0,0.000213,0,0,0.000128,0,0.002773,0,0,0.000128,0,0,0.006571,8.5e-05,0,0,0,0,0,0.002645,0,0,0,0,0,0,0,0.002944,0,0,0,0,0,0,0,0,0,0,0,0,0,0.000427,0,0,0,0.001792,0,0.005419,0.000171,0,0,0,0.00064,0.000597,0,0,0,0,0.003669,0,0.000128,0,0,0,0.000469,8.5e-05,0.006272,0,0,0,0,0,0,0,0,0.003285,0,0.011606,0.00943,0,0.000256,0,0.001323,0,0,0,0.000555,0.000555,0.000171,0,0,0,0,0,0,0,0,0.001749,0,0,0,0.000171,0,0,0.000597,0,0,0.008064,0.001365,0,0,0,0,0.001621,0,0.003115,0,0.000853,0,0,0,0.008662,0,0,0,0.000213,0,0.003541,0,0,0,0.001536,0,0,0,0
D1756,0,0,0,0,0.000347,0,0,0.036941,0,0.03655,0,0.030516,0,0.028606,0,0,0,0.000521,0,0,0,0.000564,0,0,0.000564,0.06559,0,0,0,0,0,0,0,0,0,0,0,0,0.014498,0,0.000304,0,0,0,0.000304,0,0.045709,0,0.000174,0,0,0,0,0.000477,0,0,0.000217,0,0,0,0,0,0,0,0,0,0,0,0.050788,0,0,0,0,0.000912,0,0,0.000347,0,0,0.012762,0.02891,0,0.032079,0,0.041846,0,0.000174,0,0.012936,0,0,0.012849,0,0,0.043625,0,0.00013,0,0,0,0,0,0,0,0.000391,0,0.013847,0,0,0,0,0,0,0,0,0,0,0,0,0,0.000217,0.000608,0,0,0,0,0.002648,0.000912,0,0,0,0,0.003777,0,0,0,0.001606,0,0,0,0.00013,0,0,0,8.7e-05,0,0,0,0,0.004732,0,0,0,0.015931,0.000955,0,0,0,0,0,0.000434,0,0,0,0,0,0,0.027434,0.020836,0.015063,0,0.005122,0,0.000217,0,0.000564,0,0,0.00178,0,0,0.000391,0,0,0,0,0,8.7e-05,0,0,0,0,0,0,0.000695,0,0,0,0.000651,0,0,0,0,0.000695,0,0,0,0.001215,0,0,0,0,0,0,0,0,0,0,0,0.000608,0,0,8.7e-05,0,0,0,0,0,0,0,0.000868,0.025307,0,0,0,0,0,0.005904,0,0,0,0,0,0.00026,0.000391,0,8.7e-05,0.000608,0,0,0,0,0.000304,0.004558,0.001129,0.00013,0,0,0,0,0,0,0.007553,0,0,0.000434,0,0,0.000695,0.015801,0.001302,0.000347,4.3e-05,0,0,0,0,0,0,0.001215,0,0,0,0,0.000174,0.006164,0,0,0,0,0,0,0,0,0.000521,0,0,0.012936,0,0,0,0,0,0,0,0,0.001346,0,0.000217,0,0,8.7e-05,0.000347,0.000217,0,0,0.000174,0,0,0,0,0,0,0.015887,0,0,0.001302,0,0.000217,0,0,0,0,0,0,0,0,0,0,0,0.007162,0,0,0.007119,4.3e-05,0,8.7e-05,0,0.00013,0,0.000347,0.000521,0.000217,0.001129,0,0,0,0,0,0,0.001519,0,0.001476,0,0,0,0.000217,0,8.7e-05,0,0.002301,0,0,0.002301,0,8.7e-05,0,0,0,0,0.004775,0,0,0.00026,0.002344,0,0,0,0,0.000174,0,0,0.021444,0,0,8.7e-05,0,0,0,0
D1868,0,0,0.19799,0.158583,0.027531,0,0,0,0.001453,0.000208,0.002491,0,0,0,0.024292,0,0,0,0,0,0.016319,0,0.021925,0.006146,0.001412,0,0.020804,0.008554,0.032016,0,0,0,0,8.3e-05,0.001453,0.006727,0,0.001038,0,0,0.000125,0,0.002159,0,8.3e-05,0,0,0,0.000125,0.000664,0,0.007225,0.000581,0,0,0,0.000291,0,0,0.000125,0,0,0.00436,0,0.000166,0,0,0.000249,0,0.000789,0,8.3e-05,0,0.000291,0,0.037829,0,0.04057,0,0,0,0,0,0,0,0,0,0,0,0.010506,0,0,0,0,0,0,0,0.000166,0,0,0,0,0,0.000125,0,0.031144,0,0,0,0,0,0.000208,0,0,0,0,0,0.001204,0,0,0,0,0,0,0,0,0,0,0,0,0.009634,0,0,0,0.001578,8.3e-05,0,0.00245,0.009592,0,0,0.000291,0,0,0,0,0,8.3e-05,0,0,0,0,0,0,0,0,0,0.000249,0,0,0,0,0.026327,0.000457,0.022465,0,0,0,0,0,0,0,0,0,0,0,0.000955,0,0.001038,0,0.000166,0,0.000208,0,0.000332,0.002907,0,0,0.000457,0,0,0,0,0,0.000415,0,0,0,0.000997,0,0,0,0,0,0.001827,0.000249,0,0,0,0.000955,0.013786,0,0,0,0,0,0.003779,0,0,0,0,0,0,0,0,0,0,0,0,0.000125,0.000457,0,0,0.000125,0,4.2e-05,0,0,0.043975,0,0,0,0,0,0,0,0,0,0,0,0,0,0,0,0,0,0,0.000789,0,0,0,8.3e-05,0,0,0.001619,0,0.010713,0,4.2e-05,0,0,0,0,0.000706,0.000291,0,0,0,0.000415,0,0,0,0,0,0,0,0,0,0,0,0,0,0.000498,0.007599,0,0,8.3e-05,0,0,0.001329,8.3e-05,0,0,0.000623,0,0,0,0,0,0,0,0,0,0,0.000457,0,0.000125,0,0,0,8.3e-05,0,0,0,0,0.050079,0,0.000623,0,0,0,0,0,0,0,0,0,0,0.000208,0,0,0,0,0,0,0,0.000208,0,0,0,0,0,0,0,0.000208,0,0.000789,0,0,0,0,0,0.000125,0.003571,0,0,0,0,0,0,0,0,0,0,0,0,0,0,0,0,0,0,0,0,0,0,0.00299,0.001287,0.005108,0,0,0,0,0,0,0,0.000664,0,0,0.001827
D98,0,0,0,0,0,0,0,0,0,0,0,0.260963,0,0.04601,0,0,0,0,0,0,0,0,0,0,0,0,0,0,0,0,0,0,0,0,0,0,0,0,0,0,0,0,0,0,0,0,0,0,0,0,0.151042,0,0,0,0.002372,0.00151,0,0.005104,0,0,0,0,0,0,0,0,0,0,0,0,0,0,0,0,0,0,0,0,0,0,0.000791,0,0,0,0,0,0,0,0,0,0,0.000935,0,0,0,0,0.055931,0,0,0,0,0,0,0,0.000575,0,0,0,0,0,0,0,0,0,0,0.000935,0,0,0,0,0.001582,0.033214,0,0,0,0,0,0,0,0,0,0,0,0,0,0,0,0,0,0,0,0,0,0.000144,0.000288,0,0,0,0,0,0,0,0,0,0,0,0,0,0,0,0,0,0,0,0,0,0,0,0,0,0,0,0.004889,0,0,0,0,0,7.2e-05,0,0,0,0,0,0,0,0.009274,0,0,0,0,0,0,0,0,0,0,0,0,0,0,0,0,0,0,0,0,0,0.010137,0,0,0,0,0,0,0,0,0,0,0,0,0.004673,0,0,0,0,0,0,0,0,0,0,0,0,0.005536,0,0,0,0,0,0,0,0,0,0,0,0,0,0,0,0,0,0,0,0,0,0.000647,0,0,0,0,0,0,0,0,0.000431,0,0,0,0,0.010137,0.01977,0,0,0,0,0,0,0,0,0,0,0,0,0,0,0,0,0,0,0,0,0,0,0,0,0,0,0,0,0,0,0,0,0,0,0,0.006902,0,0,0.000935,0,0,0.000288,0,0,0,0,0,0,0,0,0,0,0,0,0,0,0,0,0,0,0,0,0,0,0,0,0,0,0,0,0,0,0,0,0,0,0.035802,0,0,0,0,0,0,0,0,0,0.000863,0,0,0.008339,0,0,0,0,0,0,0,0.062114,0,0,0,0,0,0,0,0,0,0,0,0,0,0.016607,0,0,0,0,0,0,0,0,0,0.049605,0,0,0,0,0,0
D3911,0.010677,0,0,0.000237,0.04112,0,0,0,0,0,0,0,0,0,0,0,0,0,0,0,0,0.050784,0,0,0,0,0,0,6.8e-05,0,0,0,0,0.113259,0,0,0,0,0,0,0.004933,0,0,0,0,0,0,0,0.063083,0,0,0,0.18239,0,0,0,0,0,0,0,0,0,0,0,0,0,0,0.089404,0,0,0,0,0,0.001385,0,0,0.006487,0,0,0,0,0,0,0,0,0,0,0,0,0,0,0,0,0,0,0,0,0.000946,0,0,0,0,0,0,0,0,0,0,0,0,0.153061,0,0,0,0,0,0,0,0,0,0,0,0,0,0,0,0.003852,0.000101,0,0,0,0,0,0,0,0,0,0,0,0,0,0,0,0,0,0,0,0.000135,0,0,0,0,0,0,0,0,0,0,0,0,0,0,0,0,0,0,0,0,0,0,0,0,0,0.001419,0,0.002906,0,0,0,0,0,0,0,0,0,0,0,0.000507,0,0,0,0,0,0,0,0,0,0,0,0.003379,0,0,0,0,0,0,0,0,0,0,0,0.00027,0,0,0,0,0,0,0,0.028653,0,3.4e-05,0,0,0,0,0.003514,0,0.002095,0.016151,6.8e-05,0,0,0,0,0,0,0,0,0,0,0,0,0,0,0,0.006386,0.001216,0,0,0,0,0,0,3.4e-05,0.004325,0,0,0,0,0,0,0,0,0,0,0,0,0.000135,0,0,0,0.009258,0,0,0,0,0,0,0,0,3.4e-05,0,0,0,0,6.8e-05,0.000203,0,0.005879,0,0,0,0,0,0,0,0,0,0,0,0,0,0,0,0.006352,0.002771,0,0,0,0,0.000473,0.004528,0,0,0,0.000372,0,0,0.000878,0,0,0,0,0,0,0,0,0.001284,0,6.8e-05,0,0,0,0,0,0,0,0,0,0.000101,0,0,0,0,0,6.8e-05,0,0,0,0,0.000777,0,0,0,0,0.005271,0,0,0,0,0,0,0,0,0,0.000541,0,0.000405,0,0,0,0,0,0,0,0,0,0,0,0,0,0,0,0.001047,0,0,0,0,6.8e-05,0,0.002602,0,0,0,0.000169,0,0,0,0
D2595,0,0.606316,0,0,0,0,0,0,0,0,0,0,0,0,0,0.000433,0,0.003353,0,0.011573,0,0,0,0,0.000216,0,0,0,0,0.021307,0,0,0,0,0,0,0,0,0,0,0,0,0,0,0,0,0,0,0,0,0,0,0,0,0,0,0,0,0,0,0,0,0,0,0,0,0,0,0,0,0,0,0,0,0.000108,0,0,0,0,0,0,0,0,0,0,0,0,0,0,0,0,0,0,0,0,0,0,0,0.092148,0,0,0,0,0,0,0,0,0,0,0,0,0,0,0,0,0,0,0,0,0,0,0,0,0,0,0,0,0,0,0,0,0,0,0.09615,0,0,0,0,0,0,0,0,0,0,0,0,0,0,0,0,0,0,0,0,0,0,0,0,0,0,0,0,0,0,0,0.024443,0,0,0,0,0,0,0,0,0,0,0,0,0,0,0,0,0,0,0,0,0,0,0,0,0,0,0,0,0,0,0,0,0,0,0,0,0,0,0,0,0,0,0,0,0,0,0,0,0,0,0,0,0,0,0,0,0,0,0,0,0,0,0,0,0,0,0,0,0,0,0,0,0,0,0,0,0,0,0,0,0,0,0,0,0,0,0,0,0,0,0,0,0,0,0,0,0,0,0,0,0,0.095825,0,0,0,0.000216,0,0,0,0,0,0,0,0,0,0,0,0,0,0,0,0,0,0,0,0,0,0,0,0,0,0,0,0,0,0,0,0,0,0,0,0,0,0,0,0,0,0,0,0,0,0,0,0,0,0,0,0,0,0,0,0,0,0,0,0,0,0,0,0.012979,0,0,0,0,0,0,0,0,0,0,0,0,0,0,0,0,0,0,0,0,0,0,0,0,0,0,0,0,0,0,0,0,0,0,0,0,0,0,0,0,0,0,0,0,0,0,0,0,0,0,0,0,0,0,0,0,0,0,0,0,0,0,0,0
D813,0,0,0,0,0,0,0.146984,0,0,0,0,0,0,0,0,0,0,0,0.034724,0,0,0,0,0,0,0,0,0,0,0,0,0,0.006933,0,0,0,0,0,0,0.011858,0,0,0,0.009243,0,0,0,0,0,0,0,0,0,0,0,0,0,0,0,0,0,0.002615,0,0,0,0,0.049623,0,0,0,0,0,0.013804,0,0,0,0,0,0,0,0,0.00377,0,0.00827,0,0,0,0,0,0,0,0,0,0,0,0,0,0,0.002007,0,0,0.125943,0,0,0,0,0,0,0.063245,0,0,0,0,0,0,0,0.013561,0,0,0.007358,0,0,0,0,0,0,0,0,0,0,0,0,0,0,0,0,0,0,0,0,0,0,0,0,0,0,0,0,0,0,0,0,0,0,0,0.000851,0,0,0.02019,0,0,0.012041,0,0,0,0,0,0,0,0,0.015203,0,0,0,0.002432,0,0,0.004683,0,0,0,0,0,0,0,0,0,0,0,0,0,0,0,0,0,0,0,0,0,0,0.065373,0,0,0,0,0,0,0,0,0,0,0,0,0,0,0,0,0,0,0,0,0,0,0,0.259304,0,0,0,0,0,0,0,0,0,0,0,0,0,0,0.000851,0,0,0,0,0,0,0,0,0,0,0,0,0,0,0,0,0,0,0,0,0,0,0,0,0,0,0,0.000243,0,0,0,0,0,0,0,0,0,0,0,0,0,0,0,0,0,0,0,0,0,0,0,0,0,0,0,0,0,0,0,0,0,0,0,0,0.050778,0,0,0,0,0,0,0,0,0,0,0,0,0,0,0,0,0,0,0,0,0,0,0,0,0,0,0,0,0,0.002676,0,0,0,0,0,0,0,0,0,0,0,0,0,0,0,0,0,0,0,0,0,0,0,0,0,0,0,0,0,0,0,0,0,0,0,0,0,0,0,0,0,0,0,6.1e-05,0,0,0,0,0,0,0,0,0,0,0,0,0,0,0,0,0,0,0,0,0
D680,0,0.005707,0,0,0,0,0.017973,0,0,0,0,0,0,0,0,0,0,0,0.059495,0,0,0,0,0,0,0,0,0,0,0,0,0.180977,0.021318,0,0,0,0.018235,0,0,0.002821,0,0,0,0.025385,0,0,0,0,0,0,0,0,0,0,0,0,0,0,0,0,0,0.001115,0,0,0,0,0.005576,0,0,0,0,0,0,0,0,0,0,0,0,0,0,0.010626,0,0.008068,0,0,0,0,0,0,0,0,0.024598,0,0,0,0,0,0,0,0,0.0061,0,0,0,0,0,0,0,0,0,0,0,0,0.023221,0,0.360315,0,0,0.000656,0,0,0,0,0,0,0,0,0,0,0,0,0,0.001115,0,0,0,0,0,0,0,0,0,0,0,0,0,0,0,0,0,0,0,0,0,0.014169,0,0,0,0,0,0.001181,0,0,0,0.00223,0.004001,0,0,0,0.008659,0,0,0,0.003936,0,0,0.005182,0,0.007806,0,0,0,0,0,0,0,0,0,0,0.008331,0,0,0,0,0,0,0,0,0,0.001574,0,0,0,0,0,0,0,0,0,0,0,0,0,0,0,0,0,0.002165,0,0,0,0,0,0,0,0,0,0,0,0,0,0,0,0,0,0,0,0,0.024467,0,0,0,0,0,0,0,0,0,0,0,0,0,0,0,0,0,0,0,0,0,0,0,0.000918,0,0,0,0,0,0,0,0,0,0,0,0,0,0,0,0,0,0,0,0,0,0,0,0,0,0,0,0,0,0,0,0,0,0,0,0,0,0,0,0,0.003149,0,0,0,0,0,0,0,0,0,0,0,0,0,0,0,0,0,0,0,0,0,0,0,0,0,0,0,0,0,0.035093,0,0,0,0,0,0,0,0,0,0,0,0,0.001115,0,0.000197,0,0,0,0,0,0,0,0,0,0,0,0,0,0,0,0,0,0,0,0,0,0,0,0,0,0,0,0,0,0,0,0,0,0,0,0,0,0,0,0,0,0,0,0,0,0,0,0,0,0
D23,0.252071,0,0,0,0,0.153434,0,0,0,0,0,0,0.054671,0,0,0,0,0,0,0,0,0.000255,0,0,0,0,0,0,0,0,0.013126,0,0,0,0,0,0,0,0,0,0,0.000255,0,0,0.001019,0,0,0,0,0,0,0,0.001147,0.003058,0,0,0,0,0.006372,0,0,0,0,0,0,0.029056,0,0,0,0,0,0,0,0,0,0,0,0,0.019243,0,0,0,0,0,0,0,0,0.000765,0,0,0,0,0,0,0,0,0,0,0,0,0,0,0,0.000382,0,0,0,0.016312,0,0,0,0,0,0.037976,0,0,0,0,0,0,0,0,0,0,0.001019,0,0,0,0,0,0,0,0,0,0,0,0,0,0,0.019243,0,0,0,0,0,0,0,0.000255,0.000127,0,0.017841,0,0,0,0,0,0,0,0,0,0.000255,0,0,0,0,0,0,0,0,0,0,0,0,0,0,0,0,0,0,0,0,0,0,0,0,0,0,0,0,0,0,0,0.002166,0,0.000255,0,0,0,0,0,0,0,0,0,0,0,0,0,0,0,0,0,0,0,0,0,0,0,0,0.000765,0,0,0,0,0,0,0,0,0,0.000892,0.00051,0,0,0,0,0,0,0,0,0,0.011597,0,0,0,0,0.021027,0,0,0.002166,0.006117,0.000127,0,0,0,0,0,0,0,0,0,0.015165,0.001147,0,0,0,0,0,0,0,0,0,0,0,0,0,0,0,0,0,0,0.003058,0,0.008411,0,0,0,0,0,0,0,0,0,0,0,0,0,0,0,0,0,0,0,0,0,0,0,0,0,0,0,0,0,0,0,0,0.001019,0,0,0,0,0,0,0,0,0,0,0,0,0,0,0,0,0,0,0,0,0,0,0,0,0,0,0,0,0,0,0,0,0,0,0,0,0,0,0.008666,0,0,0,0,0,0,0,0,0,0,0,0,0,0,0,0,0,0,0,0.009558,0,0.002804,0,0,0,0,0,0,0,0,0,0,0,0,0,0,0,0,0,0.001274,0,0,0,0,0
D1715,0.001129,0,0,0,0.000637,0,0,0,0,0,0,0,0,0.00029,0,0,0.001911,0,0,0,0.182945,0,0,0,0,0,0,0,0,0,0,0,0,0.00388,0,0,0,0,0.000869,0,0.007934,2.9e-05,0,0,0.0011,0,0,0,0.002577,0,0,0,0,0,0,0,0.000261,0,0,0.000985,0,0,0,0.00223,0,0,0,0.000579,0,0,0,0,0,0.033618,0,0,0.011061,0,0,0,0,0,0,0,0,0,0,0,0,0,0,0,0,0,0,0.002809,0,0,0,0,0,0,0,0.001158,0,0,0,0,0,0,0,0,0,0,0,0,0,0,0,0,0,0,0,0,0,0.003533,5.8e-05,0,0,0,0,0,0,0,0,0,0.002172,0,0,0,0,0,0,0,0,0,0,0,0.0097,0.004112,0,0,0,0,0,0,0,0,0,0,0.000319,0,0,0,0,0,0,0,0,0,0,0,0,0.011177,0,0.004459,0,0,0,0,0,0,0,0.000261,0,0,0.036224,0,0,0,0,0,0,0,0,0,0,0,0.00611,0.005791,0,0,0,0,0,0,0,0,0,0,0,0.00194,0,0,0,0,0,0,0,0,0.005154,8.7e-05,0,0,0,0,0.002954,0,0.005241,0,0.000232,0,0,0,0,0,0,0,0,0,0,0,0,0,0.007731,0,8.7e-05,0.001419,0,0,0,0,0,0,0.000666,5.8e-05,0,0,0,0,0,5.8e-05,0,0,0,0,0,0,0,0,0,0,0.000116,0.000116,0,0,0.003446,0.000174,0,0,0,0.002143,0,0.008252,0,0,0.003417,0,0,0,0.00333,0,0,0,0,0,0,0,0,0,0,0,0,0,0,0,0.005038,0,0,0.005675,0,0.00611,0,0.000232,0,0,0.001766,0.001766,0,0,0,0,0,0,0,0,0,0,0.001998,0,0,0,0,0,0,0,0,0,0,0,0,0.001419,0,0,0.000637,5.8e-05,0.001535,0,0,0,0,0.00139,0.008484,0,0,0,0,0,0,0,0,0,0,0,0,0,0.000174,0,0.001795,0,0,0,0,0,0,0.002577,0,0.000174,0,0.000174,0,0.001303,0.000376,0,0,0,0,0,0,0,0,0.000232,0,0,0,0.000666,0.000463,0,0,0
D2323,0.00107,0,0,0,0.032897,0,0,0,0,0,0,0,0,0,0,0,0,0,0,0,0,0.030045,0,0,0,0,0,0,0,0,0,0,0,0.025409,0,0,0,0,0,0,0.015572,0,0,0,0.000327,0,0,0,0.222259,0,0,0,0.128826,0,0,0,0,0,0,0,0,0,0,0,0,0,0,0.226686,0,0,0,0,0,0.000565,0,0,0.01263,0,0,0,0,0,0,0,0,0,0,0,0,0,0,0,0,0,0,0,0,0.001189,0,0,0,0,0,0,0,0,0,0,0,0,0.164428,0,0,0,0,0,0,0,0,0,0,0,0,0,0,0.000535,0,0,0,0,0,0,0,0,0,0,0,0,0,0,0,0,0,0,0,0,0,5.9e-05,0,0,0,0,0,0,0,0,0,0,0,0,0,0,0,0,0,0,0,5.9e-05,0,0,0,0,0,0.001961,0,0.002823,0,0,0,0,0,0,0,0,0,0,0,0,0,0,0,0,0,0,5.9e-05,0,0,0,0,0.001129,0,0,0,0,0,0,0,0,0,0,0,0.000386,0,0,0,0,0,0,0,0,0,5.9e-05,0,0,0,0,0.002883,0,0.00104,0,0,0,0,0,0,0,0,0,0,0,0,0,0,0,0,0,0.004933,0,0,0,0,0,0.000386,0,0,0.001753,0,0,0,0,0,0,0,0,0,8.9e-05,0,0,0,0,5.9e-05,0,0.003358,0,0,0,0,0,0,0,0,0,0,0,0,0,0,0,0,8.9e-05,0.000475,0,0,0,0,0,0,0,0.000178,0,0,0,0,0,0,8.9e-05,0.001218,0,0,0,0,0.000713,0.002377,0,0,0,0.000327,0,0,0,0,0,0,0,0,0,0,0,0.001308,0,0.000446,0,0,0,0,0,0,0,0,0,0,0,0,0,0,0,8.9e-05,0,0,0,0,0.000475,3e-05,0,0,0,0,0,0,0,0,0,0.000149,0,0,0,0,0,0.000684,0,0,0,0,0,0,0,0,0,0,0,0,0,0,0,3e-05,0,0,0,0,0.000119,0,0.002912,0,0,0,0.000267,0,0,0,0
D2189,0.001832,0,0,0,0.002932,0,0,0,0,0,0,0,0,0,0,0,0.023148,0,0,0,0,0,0,0.000153,0,0,0.000886,0,0,0.001527,0,0,0,0.003054,0,0,0,0,0,0,0.042295,0.000428,0,0,0.00055,0,0,0,0.000336,0,0,0,0,0,0,0,0.000428,0,0,0.002779,0,0,0,0.012124,0,0,0,0.000366,0,0,0,0,0,0.009772,0,0,0.045532,0,0,0,0,0,0,0,0,0,0,0,0,0.000275,0,0,0,0,0,0.010383,0,3.1e-05,0,0,0,0,0,0.000214,0,0,0,0,0,0,0,0,6.1e-05,0,0,0,0,0,0,0,0,0,0,0,0,0.016185,0,0,0,0,0,0,0,0,0,0,0.00281,0,0,0,0,0,0,0,0,0,0,0,0,0.000763,0,0,0,0,0,0,0,0,0,0,0,0,0,0,0,0,0,0,0,0,0,0,0,0.022995,0,0.004611,0,0,0,0,0,0,0,0,0,0,0.001771,0.000122,6.1e-05,0.006993,0,0,0,0,0,0,0,0,0.000183,0.001405,0,0,6.1e-05,0,0,0,0,0,0,0,0,0.02211,0,0,0,0,0,0.000153,0,0,0.013895,0.000183,0,0,0,0,0.008887,0,0.003909,0,0.000275,0,0,0,0,0,0,0,0,0,0,0,0,0,0.00342,0,0.000977,0.00171,0,0,0,0,0,0,0.001619,0.000519,0,0,0,0,0,0,0,0,0,0,0,0,0,0,0,0,0,0.000122,0,0,0.001496,0.000122,0,0,0,0.003268,0,0.012398,0,0,0.009803,0,0,0,0.016643,0,0,0,0,0,0,0,0,0,0,0,0,0,0,6.1e-05,0.000886,0,0,0.032706,0,0.00284,0,0,0,0,0.006047,0.000947,9.2e-05,0,0,0,0.001405,0,0,0,0,0,0.002168,0,0,0,0,0,0,0,0,9.2e-05,0,0,0,0.004336,0.006108,0,0.000153,0,0.001344,0,0,0,0,0.001222,0.000825,0,0,0,0,0,0,0,0,0.000763,0,0,0,0,0.000336,0.000305,0.003878,0,0,0,0,0,0,0.000519,0,0.001832,0,0.002565,0,0.001649,0,0,0,0,0,0,0,0,0,0.00565,0,0,0,0.001893,0.000122,0,0,0
D3220,0,0,0.25681,0.013413,0,0,0,0,0.000464,0,0,0,0,0,0.001548,0,0.000258,0,0,0,0.001702,0,0.000774,0.000619,0,0,0.000258,0,0.022235,0,0,0,0,5.2e-05,5.2e-05,0.168128,0,0,0,0,0,0,0.000619,0,0,0,0,0,0,0,0,0.000206,0.000258,0,0,0,0,0,0.00031,0,0.121595,0,0.000516,0,0,0,0,0,0,0.000155,0.002064,0.166839,0,0.000361,0,0,0,0,0,0,0,0,0,0,0,0,0,0,0,0,0.00129,0,0,0.00031,0,0,0,0,0,0,0,0,0.000258,5.2e-05,0,0,0,0,0,0,0,5.2e-05,0,0,0,0,0,0.000155,0,0,0.002064,0,0,0,0,0,0,0,0,0,0.000155,0,0,0,0.001393,0,0,0.001444,0,0,0,0,0,0,0,0,0,0,0.000258,0,0,0,0,0,0,0,0,0,0,0,0,0,0.000103,0.000103,0.000413,0,0,0,0,0,0,0,0,0,0,0,0.000103,0,0.002012,0,0.000877,0,0,0.000413,0.000206,0,0,0.000206,0,0,0,0,0,0,0,0,0,0,0.000103,0,0,0,0.000671,0,0.002425,0,0,0,0,0,0,0,0,0,0.01754,0,0.001754,0.000825,0,0,0,0,0,0,0,0,0,0,0,0,0,0,0,0,0,0.003921,0,0,0,0,0,0,0,0.000206,0,0,0,0,0,0,0,0,0,0,0,0,0,0,0,0.000671,0,0,0,0,0,0,0.005365,0,0,0,0,0,0,0.060411,0,0,0,0,0,0,0,0,0,0,0,0,0,0,0,0,0,0,0,0.000103,0,0,0.000774,0,0,0.000361,0.003714,0,0,0,0,0,0,0,0,0,0,0,0,0,0,0,0,0,0,0,0,0,0,0,0,0.000155,0,0.000929,0,0,0.000155,0,0,0,0,0,0,0,0.025691,0,0,0,0,0,0,0,0,0,0,0,0,0,0.000155,0,0,0,0,0,0,0,0,0,0,0,0,0,0,0,0,0,0,0,0,0,0,0,0,0,0,0,0,0,0,0,0,0,0.002889,0.000258,0,0,0,0,0,0,0,0,0.00031,0,0,0.000361
D4365,0,0.031966,0,0,0,0,0.525937,0,0,0,0,0,0,0,0,0,0,0,0.029535,0,0,0,0,0,0,0,0,0,0,0,0,0,0.005982,0,0,0,0.001402,0,0,0.009907,0,0,0,0.010562,0,0,0,0,0,0,0,0,0,0,0,0,0,0,0,0,0,0.181793,0,0,0,0,0.080381,0,0,0,0,0,0.005701,0,0,0,0,0,0,0,0,9.3e-05,0,0.003552,0,0,0,0,0,0,0,0,0,0,0,0,0,0,0,0,0,0.002804,0,0,0,0,0,0,0,0,0,0,0,0,0,0,0.000187,0,0,0.000187,0,0,0,0,0,0,0,0,0,0,0,0,0,0.001776,0,0,0,0,0,0,0,0,0,0,0,0,0,0,0,0,0,0,0,0,0,0.000748,0,0,0.044397,0,0,0.007197,0,0,0,0,0,0,0,0,0.005421,0,0,0,0,0,0,0.005421,0,0.00028,0,0,0,0,0,0,0,0,0,0,0,0,0,0,0,0,0,0,0,0,0,0,0,0,0,0,0,0,0,0,0,0,0,0,0,0,0,0,0,0,0,0,0,0,0,0,0,0,0,0,0,0,0,0,0,0,0,0,0,0.000561,0,0,0,0,0,0,0,0,0,0,0,0,0,0,0,0,0,0,0,0,0,0,0,0,0,0,0,0,0,0,0,0,0,0,0,0,0,0,0,0,0,0,0,0,0,0,0,0,0,0,0,0,0,0,0,0,0,0,0,0,0,0,0,0,0.010936,0,0,0,0,0,0,0,0,0,0,0,0,0,0,0,0,0,0,0,0,0,0,0,0,0,0,0,0,0,0.000187,0,0,0,0,0,0,0,0,0,0,0,0,0.001309,0,0,0,0,0,0,0,0,0,0,0,0,0,0,0,0,0,0,0,0,0,0,0,0,0,0,0,0,0,0,0.000187,0,0,0,0,0,0,0,0,0,0,0,0,0,0,0,0,0,0,0,0,0
D3935,0.00459,0,0,0,0,0.288732,0,0,0,0,7.4e-05,0,0,0,0,0,0,0,0,0,4.9e-05,0,0,0,0,0,0,0,0,0,9.9e-05,0,0,0,0,0,0,0,0,0,0,0,0,0,0,0,0,0,0,0,0,0.000617,0,0,0,0,0,0,0,0,0,0,0,0,0,0.086299,0,0,0,0,0,0,0,0,0,0,0,0,0.066754,0,0,0,0,0,0,0,0,0.034524,0,0,0,0,0,0.000173,0,0,0,0,0,0.000494,0,0,0,4.9e-05,0,0,0,0.034697,0,0,0,0,0,0,0,0,0,0,0,0,0,0,0,0,0.00037,0,0,0,0,0,0,0,0,0,0,0,0,0,0,0.012413,0,0,0,0,0,0.000691,0,0.015374,0,0,0.004837,0,0,0,0,0,0,0,0,0,0,0,0,0,0,0,0,0,0,0,0,0,0,0,0,0,0,0,0,0,0,0,0,0,0,0,0,0,0,0,0,0,0.00116,0,0,0.002863,0,0,0,0,0,0,0,0,0,0,0,0,0,0,0,0,0,0,0,0,0,0,0,0,0,0,0,0,0,9.9e-05,0,0.003628,0,0,0,0,0,0,0,0,0,0,0,0,0.011623,0,0,0,0,0.000173,0,0,0.005355,0.008859,0,0,0,0,0,0,0,0,0,0,0.00496,0,0,0,0,0,0,0,0,0,0,0,0,0,0,0.013079,0,0,0,0,0.006614,0,0.012043,0,0,0,0,0,0,0,0,0,0,0,0,0,0,0,0,0,0,0,0,0,0,0,0,0,0,0,0,0,0,0,0,0.00918,0,0,0,0,0,0,0,0,0,0,0,0,0,0,0,0,0,0.001826,0,0,0,0,0,0,0,0,0,0,0,0,0,0,0,0,0,0,0,0,0.000469,0,0,0,0,0,0,0,0,0,0,0,0,0,0,0,0,0,0,0,0.001086,0,0.001456,0,0,0,0,0,0,0,0,0,0,0,0,0,0,0,0,0,0,0,0,0.006614,0,0
D3309,0,0,0,0,0.005274,0,0,0.004907,0,0.00217,0,0.000935,0,0.014153,0,0,0,0.035049,0,0,0,0,0,0,0,0.002236,0,0,0,0,0,0,0,0,0,0,0,0,0.00217,0,0,0,0,0,0,0,0.000467,0,0,0,0,0,1e-04,0,0,0,3.3e-05,0,0,0,0,0,0,0.002003,0,0,0,0,1e-04,0,0,0,0,6.7e-05,0,0,0,0,0,0,0.000134,0,0.001135,0,0.001302,0,0.000234,0,0.000935,2e-04,0,2e-04,0,0,0.000634,0,0,6.7e-05,0,0,0,0,0.152981,0,0,0,0.001402,0,0,0,0,0,0,0,0,0,0,0,0.029074,0,0.002403,0,0,0,0,0,2e-04,0.002337,0,0,0,0,0.004173,0,0,0,0.001535,0,0,0,0,0,0,0,0,0,0,0,0,0.004072,0,0,0,6.7e-05,0,0,0.000267,0,0,0,0.000134,0,0,0,0,0,0,0.000401,6.7e-05,6.7e-05,0,0,0,0,0,0,0,0,0,0,0,0.016757,0,0,0,0,0,1e-04,0.002103,0,0,0,0,0,0.001636,0,0.001402,0,3.3e-05,0,0,0,0,0,0,0,0,0,0,0,0,0,0,0,0,0,0,0,0,0,0,0,0.012985,0.018493,0,0,0,0,0,0,0,0,0,0,0,0,0,0.002303,0,0,0,0,0,0.000234,0,0,0,0.011516,0,0,0,0,0,0.036785,0,0,0,0,0,0,0,0,0.002704,0,0,0,0,1e-04,0,0,0,0.001268,0.000434,0,0,0,0,0,0,0,0,0,0,0,0.006876,6.7e-05,0,0,0,0,0,0,0,0,0,0,0,0.000334,0.000334,0,0,0,0,0,0,0,0,0,0.003138,0,0,0,0,0.002937,0,0,0,0,0.000134,0,0.085553,0,0,1e-04,0,0,0.000167,0,0,0,0,0,0,0,0,0,0,3.3e-05,0,0,0,0,0,6.7e-05,0.001068,0,0,0,0,0,0,0,0,0,0,0.000334,0,0,0,0,0,0,0.000134,0,0,0,3.3e-05,0,0,0,0.000668,0,0,0,0,0.000234,0,0,0,0,6.7e-05,0,0,0,6.7e-05,0,0,0,0,0,0,0,0,0,0,0,0,0,0.07604,0
D1565,0.002577,0,0,0,0.00097,0,0,0.001104,0,0,0,0.000167,0,0.001874,0,0,0,0,0,0,0,0.000469,0,0,0,0.001472,0,0,0,0.001104,0,0,0,0.045144,0,0,0,0,0,0,0.028211,0,0,0,0.000636,0,0.000402,0,0.004116,0,0,0,0.011077,0,0,0,0.000368,0,0,0,0,0,0,0.000435,0,0,0,0.022321,1e-04,0,0,0,0,0.002209,0,0,0.018071,0,0,0,0,0,0.000167,0,0,0,0.000234,0,0,0,0,0.000134,0,0,0.001138,0.001272,0,0,0,0,0,0,0,0,0,0,0.000134,0,0,0,0.003915,0,0,0,0,0,0,0,0.000134,0,0,0,0,0,0,0.015126,0.000301,0,0,0,0,0,0,0,0,0,0.005823,0,0,0,0.023927,0,0,0,0,0,0,0.000201,0,0.003012,0,0,0,0.000435,0,0,0,0,0,0,0,0,0,0,0,0,0,0.000937,0,0.000368,0,0,0,0.003882,0,0.010977,0,0,0,0,0,0.000301,0,0,0,0,0.000134,0,0,0,0,0,0,0,0,0,0,0,0,0.013219,0,0,0,0.000301,0,0,0,0,0,0,0,0.003581,0,0,0,0,0,0,0,0,0,0,0.000368,0,0,0,0.009939,0,0.009671,0,6.7e-05,0,0,0,0,0,0,0,0,0,0,0,0,0,0,0,0.011478,0.032996,0,0,0,0,0.013085,0,0.000703,0.005656,0,0,0,0,0,1e-04,6.7e-05,0,0,0.000167,0,0,0,0,0.000134,1e-04,0.015494,0.000201,0,0,0.010508,0,0,0,0,0.000803,0,0.000402,0,0,0,0,0,1e-04,0.00435,0,3.3e-05,0,0,0,0,0,0.000134,0,0,0,0,0,0,0.000602,0.009939,1e-04,0,0,0,0.00435,0.022488,0.001439,0,0,0.002577,1e-04,0,0,0.000469,0,0,3.3e-05,0,0,0,0,0.016063,0,0,0,0,0,0,0,0,0.000134,0,0,6.7e-05,6.7e-05,0,0,0.000268,0,0,0,0,0,0,0.000469,0.00077,0,0,0,0.002209,0,0,0,0,0,0,0,0.000335,0,0.01101,0,0.010207,0,0,0,0,1e-04,0,0,0,0,0,0,6.7e-05,0.001238,0,0,0.001974,0,0,0,0,0.000335,0,0.008099,0,0,0,0.002443,0,0,0,0
D2099,0,0,0,0,0.011149,0,0,0,0,0,0.662628,0,0.007044,0,0,0,0,0,0,0,0,0,0,0,0,0,0,0,0,0,0,0,0,0.003802,0,0,0,0,0,0,0,8.2e-05,0,0,0,0.000105,0,0,0,0,0,0,0,0,0,0,0,0,0.196623,0,0,0,0,0,0,0,0,0,0,0,0,0,0,0,0,0,0,0,0,0,0,0,0,0,0,0,0,0,0,0,0,0,0,0,0,0,0,0,0,0,0,0,0,0,0,0,0,0,0,0.082043,0,0,0.009225,0,0,0,0,0,0,0,0,0,0,0,0,0,0,0,0,0,0,0,0,0,0,0,0,0,0,0,0,0,0,0,0,0,0,0,0,0,0,0,0,0,0,0,0,0,0,0,0,0,0,0,0,0,0,0,0,0,0,0,0,0,0,0,0,0,0,0,0,0,0,0,0,0,0,0,0,0,0,0,0,0,4.7e-05,0,0,0,0.00112,0,0,0,0,0,0,0,0,0,0,0,0,0,1.2e-05,0,0,0,0,0,0,0,0,0,0,0,0,0,0,0,0,0,0,0,0,0,0,0,0,0,0,0,0,0,0,0,0,0,0,0,0,0,0,0,0,0,0,0,0,0,0,0,0,2.3e-05,0,0,0,0,0,0,2.3e-05,0,0,0,0,0,0,0,0,0,0,0,0,0,0,0,0,0,0,0.001528,0,0,0,0,0,0,0,0,0,0,0,0,0,0,0,0,0,0,0,0,0,0,0,0,0,0,0,0,0,0,0,0,0,0,0,0,0,0,0,0,0,0.001481,0,0,0,0,0,0,0,0,0,0,0,0,0,0,0,0,0,0,0,0,0,0,0,0,0,0,0,0,0,0,0,0,0,0,0,0,0,0,0,0,0,0,0,0,0,0,0,0,0,0,0,0,0,0,0,0,0,0,0,0,0,0,0,0,0,0,0,0,0,0
D2619,0,0,0,0.096978,0,0,0,0,0,0,0,0,0,0,0.161245,0,0,0,0,0,0,0,0.083258,0,0,0,0,0,0,0,0,0,0,0,0.175976,0,0,0,0,0,0,0,0,0,0,0,0,0,0,0,0,0.002672,0,0,0,0,0,0,0,0,0,0,0.119796,0,0,0,0,0,0,0,0,0,0,0,0,0,0,0,0,0,0,0,0,0,0,0.006318,0,0,0,0,0,0,0,0,0,0,0,0,0,0,0,0,0,0,0,0,0,0,0,0,0,0.026465,0,0,0,0,0,0,0,0,0,0,0,0,0,0,0,0,0,0,0.002275,0,0,0,0.020796,0,0,0,0.004802,0,0,0,0,0,0,0,0,0,0,0,0,0,0,0,0,0,0,0,0,0,0,0,0,0,0,0,0,0,0,0,0,0,0,0,0,0,0.008629,0,0,0,0.057154,0,0,0,0,0.006932,0,0,0,0,0,0,0,0,0,0,0,0,0,0,0,0,0,0,0,0,0,0,0,0,0,0,0,0,0,0,0,0,0,0,0,0,0,0,0,0,0,0,0,0,0,0,0,0,0,0,0,0,0,0,0,0,0,0,0,0,0,0,0,0,0,0,0,0,0,0,0,0.055963,0,0,0,0,0,0,0,0,0.02614,0,0,0,0,0,0,0,0,0,0,0,0,0,0,0,0,0,0,0,0,0,0,0,0,0,0,0,0,0,0,0,0,0.002094,0,0,0,0.010073,0,0,0,0,0,0,0,0,0,0,0,0,0,0,0,0,0,0,0,0,0,0,0,0,0,0,0,0,0,0,0,0,0,0,0,0,0,0,0,0,0,0,0,0,0,0,0,0,0,0,0,0,0,0,0,0,0,0,0,0,0,0,0,0,0,0,0,0,0,0,0,0,0,0,0,0,0,0,0,0,0,0,0.00343,0,0,0,0,0,0,0,0,0,0,0,0,0.000361
D4034,0,0.470944,0.000137,0,0,0,0,0,0,0,0,0,0,0,0,0.002979,0,9.2e-05,0,0.010449,0,0,0,0,0,0,0,0,0,0.27626,0,0,0,0,0,0,0,0,0,0,0,0,0.0022,0,0,0,0.000412,0.009395,0.023602,0,0,0,0,0,0,0,0,0,0,0,0,0,0,0,0,0,0,0,0.000504,0,0,0,0,0,0.03923,0,0,0,0,0,0,0,9.2e-05,0,0.000137,0,0,0,0,0,0,9.2e-05,0,0,0.000642,0,0,0,0.075344,0,0,0,0,0,0,0,0.000137,0,0,0,0,0,0,0,0,0,0,0,0,0.007241,0,0,0,0.000412,0,0,0,0.000733,0,0,0,0,0,0,0,0,0,0,0,0,0,0.002429,0,0,0,0,0,0,0,0,0,0,0,0.000137,0,0,0,0,0,0,0,0,0,0,0,0,0,0,0,0,0,0,0,0,0,9.2e-05,0,0,0,0,0,0,0,0,0,0,0,9.2e-05,0,0,0,0,0,0,0,0,0.007333,0,0,0,0,0,0,0,0,0,0,0,0,0,0,0,0,0,0,0,0,0,4.6e-05,0,0,0,0.000137,0,0,0,0,0,9.2e-05,0,0,0,0,0,0,0,0,0,0,0,0,0,0,0.003896,0,0,0,0,0,0,0,0,0,0,0,0,0,0,0,0,0,0,0,0,0,0,0,0,0,0,0,0,0,0,0,0,0,0,0,0,0,0,0,0,0,0,0,0,0,0,0,0,0,0,0,0,0,0,0.000183,0,0,0,0,0,0,0,0,0,0,0,0,0,0,9.2e-05,0,0,0,0,0,0,0,0,0,0.000321,0,0,0,0,0,0,0,0,0,0,0,0.046104,0,0,0,0,0,0,0,0,0,0,0,0,0,0,0,0,0,0,0,0,0,0,0,0,0,0,0,0,0,0,0,0,0,0,0,0,0,0,0,0,0,0,0,0,0,0,0,0,4.6e-05,0,0,0,0,0,0,0,0,0,0,0,0,0,0,0
D3323,0.002349,0,8.4e-05,8.4e-05,0.002265,0,0,0,0,0,0,0,0,0,0,0,0,0,0,0,0,0.014932,0,0,0,0.000168,0,0,8.4e-05,0.000755,0,0,0,0.002181,0,0,0,0,0,0,0.081872,0,0,0,0,0,0.000168,0,0.000965,0,0,0,0,0,0,0,0.057504,0,0,0,0,0,0,0,0,0,0,0.000126,4.2e-05,0,0,0,0,0.000881,0,0,0.044166,0,0,0,0,0,0,0,0,0,0,0,0,0,0,0,0,0,0.000252,0,0,0,0,0,0,0,0,0,0,0,0,0,0,0,0,0,0,4.2e-05,0,0,0,0,0,0,0,0,0,0,0,0.03951,0,0,0,0,0,0,0,0,0,0,0.021726,8.4e-05,0,0,0.000545,0,0,0,0,0,0,0,0,0,0,0,0,0,0,0,0,0,0,0,0,0,0,0,0,0,0,0.000168,0,0.000168,0,0,0,0.020174,0,0.009269,0,0,0,0,0,0,0,0,0,0,0,0,0,0,0,0,0,0,0,0,0,0,0,0.004027,0,0,0,0,0,0,0,0,0,0,0,0.002055,0,0,0,0,0,0,0,0,0,0,0,0,0,0,0.01166,0,0.003062,0,0,0,0,0,0,0,0,0,0,0,0,0,0,0,0,0,0.014428,0.000294,0,0,0,0,0.023446,0,0,0.006082,0,0,0,0,0,0,0,0,0,0,0,0,0,0,0,0,0.012331,0,0,0,0.003313,0,0,0,0,0,0,0.000377,0,0,0,0,0,0,0.028605,0,0,0,0,0,0,0,0,0,0,0,0,0,0,0.000336,0.002978,0,0,0,0,0.00432,0.008766,0,0,0,0.004027,0,0,0,0,0,0,0,0,0,0,0,0.011366,0.000126,0.001552,0,0,0,0,0,0.000503,0,0,0,8.4e-05,0,0,0,0,0,0,0,0,0,0,0.001007,0,0,0,0,0,0,0,0,0,0,0,0,0,0,8.4e-05,0,0.005788,0,0,0,0,0,0,0,0,0,0,0,0,0,0,0,4.2e-05,0,0,0,8.4e-05,0.000294,0,0.008347,0,0,0,0.011073,0,0,0,0
D4381,6.1e-05,0,0,0,0,0,0,0.007355,0,0,0,0,0,0.017991,0,0,0,0,0,0,0,0.001094,0,0,0,0,0,0.000122,0,0,0,0,0,0,0,0,0,0,0,0,0,9.1e-05,0.001884,0,0,0,0,0,0,0,0,0,0,0,0,0,0,0,0,0,0,0,0,0,0,0,0,0,0,0,0,0,0,0.002826,0,9.1e-05,0,0,0,0,0,0,0,0,0,0,0,0,0,0.455675,0,0,0,0,0,0,0,0,0,0,0,0,0,0,0.009026,0,0,0,0,0,0,0,0,0,0,0,0,0,0,0,0,0.008813,0,0,0,0,0.000274,0,0,0.105941,0,0,0,0,0,0,0,0,0,0,0,0,0,0.008752,0.000577,0,0,0,0,0.025406,0,0,0,0,0,0,0,0,0,0,0,0,0,0,0,0,0,0,0,0,0,0,0,0,0,0,0,0,0,0,0,0,0,0,0,0,0,0,0,0,0,0,0,0,0.000122,0,0,0,0,0,0,0,0,0,0,0,0.000881,0,0,0,0,0,0,0,0,0,0,0,0,0,0,0,0,0,0,0,0,0,0,0,0,0,0,0,0,0,0,0,0,0,0,0,0,0,0,0,0,0,0,0,0,0,0,0,0.000972,0,0,0,0,0,0,0,0,0,0,0.003221,0,0,0,0,0.000638,0.000152,0,0.000122,0,0,0,0,0,0,0,0,0,0,0,0,0,0,0,0,0,0.001094,0,0,0,0,0,0,0,0,0,0,0,0,0,0.013585,0,0.010363,0,6.1e-05,0,0,0,0.008752,0,0,0,0,0,0,0,0,0,0,0,0,0,0,0,0,0,0,0,0,0,0,0,0,0,0,0,0,0,0,0,0,0,0,0,0,0.002127,0,0,0,0.002492,0,0,0,0,0,0,0,0,0,0,0,0,0,0,0,0,0,0,0,0,0,0,0,0,0,0,0,0,6.1e-05,0,0,0,0,0,0.003313,0,0,0,0,0,0,0,0,0,0
D2300,0,0,9e-06,0,3.7e-05,0,0,0.054105,0,0.029115,0,0.02825,0.00035,0.027826,0,0,0,0.001133,0,0,0.000313,0.003563,0,0,0.00011,0.041518,0,0.000424,0,0,0,0,0,0.000295,0,0,0,0,0.01964,0,0,0,0,0,0,0,0.026776,0,0,0,0,0,0,0.00105,0,0,0.000635,0,0,0,0,0,0,0,0,0,0,0,0.019696,0,0,0,0,0,0,0,0,0,0,0.022661,0.040855,0,0.019189,0,0.035855,0,0,0,0.015442,0,0,0.00325,0,0,0.041748,0,0,0.000184,0,0,0,0,0,0,0,0,0.024272,0,0,0,0,0,0,0,0,0,0,0,0,0,0.001888,0,0,0,0,0,0.000304,0,0,0,0,0,0.005976,0,0,0,0.0122,0,0,0,0,0,0,0,0,0,0,6.4e-05,0,0.00372,0,0,0,0.016381,0.004411,0,0.001225,0,0,0,0,0,0,0,0,0,0,0.004107,0.01662,0.003195,0,0.002422,0.000331,0,0,0.000175,0,0,0.001031,0,0,0.008379,0,0,2.8e-05,0,0,0,0,0,0,0,0,0,0,0,0,0.000414,0.00011,0,0,0,0,0.001473,0,0,0.000378,0.001878,0,0,0,0,0,0,0,0,0,0,0,0,0,5.5e-05,0.001354,0.000359,0,0,0,0,0,0,0,0.003121,0,0,0,0,0,0.000856,0,0,0,0,0,0,0,0,0,0,0,0,0,0,0,0.000203,0.003352,0,0,0,0,0,0,0,0.000958,0,0,0.000497,0,0,0.002514,0.011086,0.001142,0.000101,0.000691,0,0,0,0,0,0,0.001022,0,0,0,0.000221,0.000267,0.002633,0.000396,0,0,0,0,0,0,0,0,0.000838,0,0.016565,0,0,0,0,0,0,0,0,0,0,0.0601,0,0.00383,0,0.00046,0.000221,0,0,0,0,0,0,0.001897,0,0,0.003784,0,0,0,0,0,0,0,3.7e-05,0,0,0,0,0,0.000184,0,0,0.003361,0,0,0.007661,0.000129,0,0,0,0.000166,0,0.000552,0,0.000276,0.002366,0,0.000147,0,0,0,0,0.002523,0,0.002026,0,0,0,0,0,0,0,0.008462,0,0,0.00139,0,0,0,0,0,0,0.002514,0,0,0.000166,0.00012,0,0,0,0,0.008388,0,0.000147,0.013232,0,0,0,0,0,0.000663,0
D618,0.00125,0,0,0,0,0,0,0,0,0,0,0,0,0,0,0,0,0,0,0,0,0.000324,0,0,0,9.3e-05,0,0,0,0,0,0,0,0.002777,0,0,0,0,0,0,0.08586,0,0,0,0,0,9.3e-05,0,0.001759,0,0,0,0.002731,0,0,0,0,0,0,0,0,0,0,0,0,0,0,0.001944,9.3e-05,0,0,0,0,0.000555,0,0,0.036751,0,0,0,0,0,0,0,0,0,0.000602,0,0,0,0,0,0,0,9.3e-05,0,0,0,0,0,0,0,0,0,0,0,0,0,0,0,0.00125,0,0,0,0,0,0,0,0,0,0,0,0,0,0,0.033742,9.3e-05,0,0,0,0,0,0,0,0,0,0.014441,0,0,0,0.000648,0,0,0,0,0,0,0,0,0,0,0,0,9.3e-05,0,0,0,0,0,0,0,0,0,0,0,0,0,0.000185,0,0,0,0,0,0.023559,0,0.012543,0,0,0,0,0,9.3e-05,0,0,0,0,0,0,0,0,0,0,0,0,0,0,0,0,0,0.005925,0,0,0,0,0,0,0,0,0,0,0,0.000741,0,0,0,0,0,0,0,0,0,0,0,0,0,0,0.016154,0,0.005786,0,0,9.3e-05,0,0,0,0,0,0,0,0,0,0,0,0,0,0,0.014719,0.00037,0,0,0,0,0.020967,0,0.001018,0.004767,0,0,0,0,0,0,0,0,0,0,0,0,0,0,0,0.000139,0.00847,0,0,0,0.003934,0,0,0,0,0,0,9.3e-05,0,0,0,0,0,0,0.037075,0,0,0,0,0,0,0,0,0,0,0,0,0,0,0.000185,0.007221,0,0,0,0,0.003471,0.001435,9.3e-05,0,0,0.004953,0,0,0.000185,0.000185,0,0,0,0,0,0,0,0.011571,0,0.001435,0,0,0,0,0,0,0,0,0,0,0,0,0,0.000278,0,0.000417,0,0,0,0,0.000417,0,0,0,0,0,0,0,0,0,0,0.000139,0,0,0,0,0,0.006711,0,0,0,0,0,0,0,0,0,0,0,9.3e-05,0,0,0,0.000324,0,0,0,0,0.000139,0,0.013932,0,0,0,0.005277,0,0,0,0
D3970,0,0,0,0,0,0,0.004739,0,0,0,0,0,0,0,0,0,0,0,0,0,0,0.004739,0,0.007109,0,0,0.045024,0,0,0,0,0,0,0,0,0,0,0,0,0,0,0,0,0,0,0,0,0,0,0,0,0,0,0,0,0,0,0,0,0.900474,0,0,0,0,0,0,0.004739,0,0,0,0,0,0,0,0,0,0,0,0,0,0,0,0,0,0,0,0,0,0,0,0.033175,0,0,0,0,0,0,0,0,0,0,0,0,0,0,0,0,0,0,0,0,0,0,0,0,0,0,0,0,0,0,0,0,0,0,0,0,0,0,0,0,0,0,0,0,0,0,0,0,0,0,0,0,0,0,0,0,0,0,0,0,0,0,0,0,0,0,0,0,0,0,0,0,0,0,0,0,0,0,0,0,0,0,0,0,0,0,0,0,0,0,0,0,0,0,0,0,0,0,0,0,0,0,0,0,0,0,0,0,0,0,0,0,0,0,0,0,0,0,0,0,0,0,0,0,0,0,0,0,0,0,0,0,0,0,0,0,0,0,0,0,0,0,0,0,0,0,0,0,0,0,0,0,0,0,0,0,0,0,0,0,0,0,0,0,0,0,0,0,0,0,0,0,0,0,0,0,0,0,0,0,0,0,0,0,0,0,0,0,0,0,0,0,0,0,0,0,0,0,0,0,0,0,0,0,0,0,0,0,0,0,0,0,0,0,0,0,0,0,0,0,0,0,0,0,0,0,0,0,0,0,0,0,0,0,0,0,0,0,0,0,0,0,0,0,0,0,0,0,0,0,0,0,0,0,0,0,0,0,0,0,0,0,0,0,0,0,0,0,0,0,0,0,0,0,0,0,0,0,0,0,0,0,0,0,0,0,0,0,0,0,0,0,0,0,0,0,0,0,0,0,0,0,0,0,0,0,0,0,0
D4557,0.000693,0,0,0,0.001385,0,0,0,0,0,0,0,0,0.205402,0,0,0,0,0,0,0,0.002155,0,0,0,0,0.000308,0.004618,0,0.000231,0,0,0,0.000462,0,0,0,0,0.004925,0,0.00177,0,0,0,0.001847,0,0,0,0.003232,0,0,0,0,0.000462,0,0,0.00431,0,0,0,0,0,0,7.7e-05,0,0,0,0.000154,7.7e-05,0,0,0,0,0.004925,0,0.001231,0.002078,0,0,0,0,0,0,0,0,0,0.001077,0,0,0,0,0.001462,0,0,0,0,0.000462,0.000154,0,0,0,0,0,0,0,0,0,0,0,0,0.000308,0,0,0,0,0,0,0,0,0,0,0.005002,0,0.000308,0,0.000462,0.000385,0.085193,0,0,0,0,0,0,0,0,0.005849,0,0,0,0.073419,0,0,0,0.001385,0,0,0,0,0.00531,0,0,0.000154,0,0,0,0.001539,0.000231,0,0,0.001077,0,0,0,0,0,0,0,0,0,0,0,0.00077,0.000154,0,0.004694,0,0,0.016238,0,0,0,0,0,0,0,0,0.00077,0,0,0,0,0,0,0.000924,0,0,0.002694,0.001847,0.002771,0,0,0,0,0,0,0.002155,0,0,0,0,0,0,0.001,0,0.004464,0,0,0,0,0,0.000231,0,0,0,0,0.000154,0,0.001462,0,0.000539,0,0,0,0,0,0,0,0,0,0,0,0,0.000847,0.000154,0,0.000385,0.00077,0,0,0,0,0.002386,0,0.001462,0.000539,0,0,0,0,0,0,0,0,0,0.000231,0,0,0.001462,0,0.013622,0.001077,0.000308,0,0,0,0,0,0,0,0,0.000308,0,0.000693,0.000385,0.001616,0.001616,0,0,0,0,0,7.7e-05,0,0,0,0,0,0.000385,0,0,0,0,0,0,0.001077,0.011313,0.002309,0.000154,0,0,0.000616,0.001385,0.000462,0,0,0,0,0,0.001462,0,0,0,0,0,0,0,0,0.000693,0,0,0.001462,0.000154,0,0,0,0,0.002847,0,0,0,0.000154,0,0,0.002232,0,0,0,0.002001,0,0.004387,0.001231,0.001924,0,0,0.000693,0,0,0,0,0,0,0,0,0.003925,0,0.000385,0,0.000616,0,0,0,0,0,0,0.000924,0,0,0,7.7e-05,0.000231,0.000847,0.000154,0.001616,0.001308,0,0,0,0,0.000308,0,0.000539,0.001,0.001077,0,0,0,0,0,0
D3248,0.00058,0,0,0,0,0.031119,0,0,0,0,0,0,0.004497,0,0,0,0,0,0,0,0,0.000653,0,0.002829,0,0,0,0.002321,0,0,0.000508,0,0,0,0,0,0,0,0,0,0,0.01516,0,0,0.036849,0,0,0,0.033875,0,0,0,0,0.040476,0,0,0,0,0,0,0,0,0,0,0,0,0,0,0,0,0.160162,0,0,0,0,0.000363,0,0,0,0,0,0,0,0,0,0,0,0.000218,0,0,0,0,0,0,0,0,0,0,0,0,0,0,0,0.110184,0,0,0,0,0,0.008995,0,0,0,0.000798,0,0,0,0,0,0,0,0,0,0,0,0,0,0,0,0,0,0,0,0,0,0,0,0,0,0.003482,0,0,0,0,0,0,0,0,0,0,0,0.034165,0,0,0,0,0,0,0,0,0.051066,0,0,0,0,0,0,0,0,0,0,0,0,0,0,0,0,0,0,0,0,0,0,0,0,0,0,0.046714,0,0,0,0,0,0,0.004352,0,0,0,0.014943,0.00029,0,0,0,0,0,0,0,0,0,0,0,0,0,0,0,0,0,0,0,0,0,0.000145,0,0,0,0,0,0.00087,0,0.041274,0.021108,0,0,0,0,0,0,0,0,0,0.00029,0,0,0.001016,0,0.000363,0,0.000363,0.007544,0,0.00029,0,0,0,0,0,0,0,0,0,0,7.3e-05,0,0,0,0.000653,0,0,0.000218,0,0,0,0,0,0,7.3e-05,0,0,0,0,0,0,0,0,0,0,0,0,0,0,0,0,0,0,0.002176,0,0.032062,0,0,0,0,0,0,0,0,0.015596,0,0,0,0,0,0,0,0.002176,0,0.000218,0,0,0,0,0,0,0,0,0,0,0,0,0,0.002829,0,0,0,0,0,0,0,0,0,0,0,0,0,0,0.001451,7.3e-05,0,0,0,0,0,0,0.000145,0,0,0,0,0,0,0,0,0,0,0,0,0,0.000653,0,0,0,0,0,0,0,0,0,0.002611,0,0,0,0,0,0,0,0,0,0,0,0,0,0,0,0,0,0,0,0,0.001378,0,0
D1732,0,0,0.029674,0.153728,0.068058,0,0,0,9.6e-05,6.4e-05,0.00536,0,0,0,0.02058,0,0,0,0,0,0,0.000957,0.00635,0,6.4e-05,0,0,0.000447,0.028876,0,0,0,0,0.000638,0,0,0,0,0,0,0,0,0,0,0.000574,0,0,0,0.000383,0,0,0,6.4e-05,0,0,0,0,0,0,0,0,0,0.01455,0,0,0,0,0,0,0.000191,0,0.001914,0,0,9.6e-05,0.002106,0,0.011582,0,0,0,0,0,0,0,0,0,0,0,0.211065,0,0,0,0,0,0,0,3.2e-05,0,0,0,0,0.000479,0.00016,0,0.002489,0,0,0,0,0,0,0,0,0,0,0,0,0,0,0,0,0,0,0,0,0,0,0,0,0.011678,0,0,0,0.005105,0,0,0.011742,0.005201,0,0,0,0.00067,0,0,0,0,0.000128,0,0,0,0,0,0,0,0,0,0,0,0,0.001085,0,0.000861,0.000638,3.2e-05,0,0,0,0,0,0,0,0,0,0,0,0.004658,0,0.000893,0,0.001117,0,6.4e-05,0,6.4e-05,0.005297,0,0,0.00753,0,0,0,0,0,0.000447,0,0,0,6.4e-05,0,0,0,0,0,9.6e-05,0.000191,0,0,0,0,0.004914,0,0,0,0.000351,0,0.053795,0,0,0,0,0,0,6.4e-05,0,0,0,0,0,0.003382,0,0,0,0.000255,0,0,0,0,0.023771,0,6.4e-05,0,0,0,0,0,0,0,0,0,0,0,0,0,0,0,0,0.001276,0,0,0,0,0,0,0.004786,0,0.013975,0,6.4e-05,0,0,0,0,0,9.6e-05,0,0,0,0.001053,0,0,0,0,0,0,0,0,0,0,0,0,0,0.000128,0.003542,0,0,0.000128,0,0,0.002648,0.000479,0,0,0.003095,0,0,0,0,0,0,0,0,0,0,0.000351,0,0,0,0,0,0,0,0,0,0,0.004148,0,0.012316,0,0,0,0,0,0,0,0,0,0,0,0,0,0,0,0,0,0,0,0,0,0,0,0,9.6e-05,0,0,0,0,0,0,0,0,0,0,0.021793,0,0,0,0,0,0,0,0,0,0,0,0,0,0,0,0,0,0,0,0,0,0,0.01155,0,0.002138,0,0,0,0,0,0,0,0.000223,0,0,0.011774
D1390,0,0,0,0,0,0,0.015604,0,0.00064,0,0,0,0,0,0,0,0,0,0.139262,0.00032,0,0,0,0,0,0,0,0,0,0,0,0.097167,0.00222,0,0,0,0.100903,8.5e-05,0,0.023225,0,0,0,0.252225,0,0,0,0,0,0,0,0,0,0,0,0,0,0,0,0,0,4.3e-05,0,0,0,0,0,0,0,0,0,0,0.007002,0,0,0,0,0,0,0,0,0.016159,0,0.039874,0,0,0,0,0,0,0,0,0.011377,0,0,0,0,0,0,0,0,0.000107,0,0,0,0,0,0,0.001046,0,0,0,0,0,0.013875,0,0.174696,0,0,8.5e-05,0,0,0,0,0.000213,0,0,0,0,0,0,0,0,0.001942,0,0,0,0,0,0,0,0,0,0,0,0,0,0,0,0,0,0,0,0,0,0.015006,0,0,0,0,0,4.3e-05,0,0,0,0,0.000384,0,0,0,0.022008,0,0,0,0,0,0,0.002092,0,0,0,0,0,0,0,0,0,0,2.1e-05,0,0.002988,0,6.4e-05,0,0,0,0,0,0,0,0.001857,0.000107,0,0,0,0,0,0,0,0,0,0,0,0,0,0,0,0,0,0,0,0,0,0,0,0,0,0,0,0,0,0,0,0,0,0,0,0,0,0.009243,0,0,0,0,0,0,0,0,0,0,0,0,0,0,0,0,0,0,0,0,0,0,0,0,0,0,0,0,0,0,0,0,0,0,0,0,0,0,0,0,0,0,0,0,0,0,0,0,0,0,0,0,0,0,0,0,0,0,0,0,0,0,0,0,0,0,0,0,0,0,0,0,0,0,0,0,0,0,0,0,0,0,0,0,0,0,0,0,0,0,0,0,0,0,6.4e-05,0,0,0,0,0,0,0,0,0,0,0,0,0.000107,0,4.3e-05,0,0,0,0,0,0,0,0,0,0,0,0,0,0,0,0,0,0,0,0,0,0,0,0,0,0,0,0,0,0,0,0,0,0,0,0,0,0,0,0,0,0,0,0,0,0,0,0,0,0
D2237,0,0,0,0,0,0,0,0,0.496376,0,0,0,0,0,0,0,0,0,0,0,0,0,0,0,0,0,0,0,0,0,0,0,0,0,0,0,0,0.042362,0,0,0,0,0,0,0,0,0,0,0,0,0,0.000281,0,0,0,0,0,0,0,0,0,0,0,0,0.142536,0,0,0,0,0.028485,0,0,0,0,0,0,0,0,0,0,0,0,0,0,0,0,0,0,0,0,0,0,0,0,0,0,0,0,0,0,0,0,0,0,0,0,0,0,0,0,0,0,0,0,0,0,0,0.019215,0,0,0,0,0,0,0,0,0,0,0.038485,0,0,0,0,0,0,0.016686,0,0,0,0,0,0,0,0,0,0,0,0,0,0,0,0,0,0,0,0,0,0,0,0.000281,0,0,0,0,0,0,0,0,0,0,0,0,0,0,0,0,0,0,0,0,0,0,0,0,0.020001,0,0,0,0,0,0,0,0.000674,0,0,0,0,0,0,0,0,0,0,0,0,0,0,0,0,0.083656,0,0,0,0,0,0,0,0,0,0,0,0,0,0,0,0,0,0,0,0,0,0,0,0,0,0,0,0,0,0,0,0,0,0,0,0,0,0,0,0,0,0.037305,0,0,0,0,0,0,0,0,0,0,0,0,0,0,0,0,0,0,0,0,0,0,0,0,0,0,0,0,0,0,0,0,0,0,0,0,0,0,0,0,0,0,0,0,0,0,0,0,0,0,0,0,0,0,0,0,0,0,0,0,0,0,0,0,0,0,0,0,0,0,0,0,0,0,0,0,0,0,0,0,0,0,0,0,0,0,0,0,0,0,0,0,0,0,0,0,0,0,0,0,0,0,0,0,0,0,0,0,0,0,0,0,0,0,0,0,0,0,0,0,0,0,0,0,0,0,0,0,0,0,0,0,0,0,0,0,0,0,0,0,0,0,0,0,0,0,0,0
D2550,0,0,0,0,0,0.151038,0,0,0,0,0,0,0,0,0,0,0,0,0,0,0,0,0,7.5e-05,0,0,0,0,0,0,0.000225,0,0,0,0,0,0,0,0,0,0,0,0.000501,0,0,0,0,0,0,0,0,0,0,5e-05,0,0,0,0,0,0,7.5e-05,0,0,5e-05,0,0.047725,0,0,0,0,0,0,0,0,0,0,0,0,0.029722,0,0,0,0,0,0,0,0,0.046473,0,0,0,0,0,0,0,0,0,0,0,0,0,0,0,0,0,0,0,0.024489,0,0,0,0,0,0,0,0,0,0,0,0,0,0,0,0,0,0,0,0,0,0,0,0,0,0,0,0,0,0,0,0.017002,0,0,0,0,0,0.001678,0,0.006285,0,0,0.023262,0,0,0,0,0,0,0,0,0,0,0,0,0,0,0,0,0,0,0,0,0,0,0,0,0,0,0,0,0,0,0,0,0,0.000125,0,0,0,0,0,0,0,0.001778,0,0,0,0,0,0,0,0,0,0,0,0,0,0,0,0,0,0,0,0,0,0,0,0,0,0,0,0,0,0,0,0,0,0,0.059394,0,0,0,0,0,0,0,0,0,0,0,0,0.007512,0,0,0,0,0.011318,0,0,0.01595,0.013621,0,0,0,0,0,0,0,0,0,0,0.004382,5e-05,0,0,0,0,0,0,0,0,0,0,0,0,0,0.018078,0,0,0,0,0.001803,0,0.023287,0,0,0,0,0,0,0,0,0,0,0,0,0,0,0,0,0,0,0,0,0,0,0,0,0,0,0,0,0,0,0,0,0.005459,0,0,0,0,0,0,0,0,0,0,0,0,0,0,0,0,0,0.014548,0,0,0,0,0,0,0,0,0,0,0,0,0,0,0,0,0,0,0,0,0,0,0,0,0,0,0,0,0,0,0,0,0,0,0,0,0,0,0,0,0,0,0.011944,0,0,0,0,0,0,0,0,0,0,0,0,0,0,0,0,0,0,0,0,0.014798,0,0
D3899,0.001464,0,0,0,0.078503,0,0,0,0,0,0.597872,0,0.034905,0,0,0,0,0,0,0,2.9e-05,0,0,0,0,0,0,0,0,0,0,0,0,0.052057,0,0,0,0,0,0,0,0.000571,0,0,0.000102,0,0,0,0,0,0,0,0,0,0,0,0,0,0.000585,0,0,0,0,0,0,0,0,0.002166,0,0,0.009542,0,0,0,0.00922,0,0,0,0,0,0,0,0,0,0,0,0,0,0,0,0,0,0,0,0,0,0,0,0,0,0,0,0,0,0,0,0,0,0,0,0,0,0.007903,0,0,0,0,0,0,0,0.004859,0,0,0,0,0,0,0,0,0,0,0,0,0,0,0,0,0,0,0,0,0,7.3e-05,0,0,0,0,0,0,0,0,0,0,0,0,0,0,0,0,0,0,0,0,0,0.003834,0,0,0,0,0,0,0,0,0,0,0,0,0,0,0,0,0,0,0,0,0,0,0,0,0,0,0,0,0,0,0,0,0,0.006557,0,0,0,0,0,0,0,0,0,0,0,0,0,0,0,0,0,0,0,0,0,0,0,0,0,0,0,0,0,0,0,0,0,0,0,0,0,0,0,0,0,0,0,0,0,0,0,0,0,0,0,0,0,0,0,0,0,0,0,0,0,0,0.000922,0,0,0,0,0,0,0,0,0,0,0,0,0,0,0,0,0,0,0,0,0,0,0,0,0,8.8e-05,0,0.179572,0,0,0,0,0,0,0,0,0,0,0,0,0,0,0,0,0,0,0,0,0,0,0,0,0,0,0,0,0,0,0,0,0,0,0,0,0,0,0,0,0,0,0,0,0,0,0,0,0,0,0,0,0,0,0,4.4e-05,0,0,0,0,0,0,0,0,0,0,0,0,0,0,0,0,0,0,0,0,0,0,0,0,0,0,0,0,0,0,0,0,0,0,0,0,0,0,0,0,0,0,0,0,0,0,0,0,0,0,0,0,0,0
D4660,0.000372,0,0.091084,0.104892,0.063591,0.000557,0,0,0.0013,0,0,0,6.2e-05,0,0.012446,0,0,0,0,0,0.014613,0.001734,0.004211,0,0.005139,0,0.008793,0,0.037709,0,0,0,0,0.00582,0,0,0,0,0,0,0,0.000248,0.006316,0,0.001981,0,0,0.000186,0.000495,0,0,0.032693,0.003282,0.003901,0,0,0,0,0.000186,0.004458,0,0,0.004211,0,0,0,0,0.001548,0,0.035232,6.2e-05,0.000557,0,0,0.013932,0.002724,0,0.010712,0,0,0,0,0,0,0,0,0,0,0,0,0,0,0,0.010279,0,0,0,0.002848,0,0,0,0,0,0.001486,0,0.008669,0,0,0,0,0,0,6.2e-05,0,0,0,0,0,0,0,0,0,0,0,0,0,0,0,0,0,0.008731,0,0,0,0.002415,0,0,0.011889,0.005511,0,0,0,0.000743,0,0,0,0,0.001981,0,0,0,0,0,0,0,0,0,0.012012,0,0,0.000929,0,0.005263,0.004334,0.011703,0,0,0,0,0,0,0,0,0,0,0,0.00031,0,0.000495,0,0.000867,0,0.042477,0.000929,0,0.002786,0.000495,0.000929,0.010464,0.00031,0,0,0,0,0.004892,0,0,0,0.001053,6.2e-05,0,0,6.2e-05,0,0.000867,0,0,0,0.000124,0,0.013437,0,0,0,0,0,0,0.000495,0,0.001796,0.000186,6.2e-05,0,0,0,0,0,6.2e-05,0.000186,0.009226,0.001424,0,0,0.001796,0,0,0,0,0.014303,0,0,0,0,0.000619,0,0,0,0.000372,0,0.000372,0,0,0,0,0,0,0,0.001362,0,0,0,0.000248,0,0,0.002601,0.000186,0.002167,0,0.001053,0,0,0,0,0.003467,0,0,0,6.2e-05,0.001672,0,0,0.000186,0,0,0,0,0,6.2e-05,0,0,0,0,0,0.005387,0.000124,0,0.000186,0,0.00031,0.000681,0.001858,0,0.000867,0.000495,0,0.000124,0,0,0,0,0,0,0,0,0.009598,0,0.000186,0,0,0,0,0,0,0,0,0.00582,0,0.001115,0,0,0,0,0.000186,0,0,0,0,0,0.000681,0,0,0.000372,0,0,0.000495,0,0,0,0,0,0,0.000124,0,0,0,0,0.001238,0,0,0,0,0,0,0.002353,0,0,0,0,0,0,0,0,0,0,0,0,0,0.000372,0,0,0,0,0,0,0,0,0.003715,0,0.004706,0,0,0,0,0,0,0,0.001053,0,0,0.003653
D3063,0,0,0.004673,0,0,0,0,0,0,0.01285,0,0,0,0,0,0,0,0,0,0.691589,0,0.068925,0,0,0,0,0,0,0,0,0,0,0,0,0,0,0,0,0,0,0,0,0,0,0.003505,0,0,0,0,0,0,0,0,0,0,0,0,0,0,0,0,0,0,0,0,0,0,0,0,0,0,0,0,0,0,0,0,0,0,0,0,0,0,0,0,0,0,0,0,0,0,0,0,0,0,0,0,0,0,0,0,0,0,0,0,0,0,0,0,0,0,0,0,0,0,0,0,0,0,0,0,0,0,0,0,0,0,0,0,0,0,0,0,0,0,0,0,0,0,0,0,0,0,0,0,0,0,0,0,0,0,0,0,0,0,0,0,0,0,0,0,0,0,0,0,0,0,0,0,0,0,0,0,0,0,0,0,0,0,0,0,0,0,0,0,0,0,0,0,0,0,0,0,0,0.003505,0,0,0,0,0,0,0,0,0,0,0,0,0,0,0,0.008178,0,0,0,0,0,0,0,0,0,0,0,0,0,0.002336,0.009346,0,0,0,0,0,0,0,0,0,0,0,0,0,0,0,0,0,0.010514,0,0,0,0,0,0,0,0,0,0,0,0,0,0,0,0,0,0,0,0,0,0,0,0,0,0,0,0,0,0,0,0,0,0,0,0,0,0,0,0,0,0,0,0,0,0,0,0,0,0,0,0,0,0,0,0,0,0,0,0,0,0,0,0,0,0,0,0,0,0,0,0,0,0,0,0,0,0,0,0,0,0,0,0,0,0.01285,0,0,0,0,0,0,0,0,0,0,0,0,0,0,0,0,0,0,0,0,0,0,0,0,0,0,0,0,0,0,0,0,0,0,0,0,0,0,0.002336,0,0,0,0,0,0,0,0,0,0,0,0,0,0,0,0,0,0.002336,0.003505,0,0,0,0,0,0,0,0,0,0,0,0
D3712,0,0,0.041287,0.007912,0.000307,0,0,0,0,0,0,0,0,0,0.000895,0,0,0,0,0,0.000243,1.3e-05,0.001189,0,0,0,0,0,0,0,8.9e-05,0,0,6.4e-05,0.000102,0.722441,0,0,0,0,0,2.6e-05,5.1e-05,0,0,0,0,0,0,0,0,0.001981,2.6e-05,0,0,0,0,0,0,0.000115,0,0,0.000192,1.3e-05,0,0,0,0,0,0,0,0.178533,0,0,5.1e-05,0,0,0.000396,0,0,0,0,0,0,0,0,0,0,0,0,0,0,0,0,0,0,0,3.8e-05,0,0,0,0,0,0,0,0.004461,0,0,0,0,0,0,0,0,0,0,0,0,0,0,0.000128,0,0,0,0,0,0,0,0,0,0.000601,0,0,0,0.000371,0,0,0,0.000115,0,0,3.8e-05,0,0,0,0,0,0,0,0,0,0,0,0,0,0,0,0,0,0,0,0,0.001981,2.6e-05,3.8e-05,0,0,0,0,0,0,0,0,0,0,0,0.000281,0,5.1e-05,0,0,0,0,0,0,0.000537,0,0,0,0,0,3.8e-05,0,0,2.6e-05,0,0,0,0,0,0,0,0,0,0,0,0,0,0,0,0,0,0,0,0.028479,0,0.001572,0,0,0,0,0,0,0,0,0,0,0,0,0,0,0,0,0,0,0,0,0,0,0,0,0,0,0,0,0,0,0,0,0,0,0,0,0,0,0,0,0,0,2.6e-05,0,0,0,0,0,0,0.000166,0,0,0,0,0,0,0,0,0,0,0,0,0,0,0,0,0,0,0,0,0,0,0,0,0,0,0,0,0,0,0,0,0.000102,0,0,0,0,0,0,0,0,0,0,0,0,0,0,0,0,0,0,0,0,0,2.6e-05,0,0,0,0,0,0.000997,0,0,0,0,0,0,0,0,0,0,0,0,0,0,0,0,0,0,0,0,0,0,0,0,0,0,0,0,0,0,0,0,0,0,0,0,0,0,0,0,0,0,0,0,0,0,0,0,0,0,0,0,0,0,0,0,0,0,0.000601,0,0,0,0,0,0,0,0,0,0,0,0,0
D1668,0,0,0,0,0,0,0,0,0,0.015609,0,0,0,0.010556,0,0,0,0.002583,0,0,0,0.002134,0,0,0,0,0,0,0,0.093318,0,0,0,0,0,0,0,0,0.005952,0,0,0,0,0,0,0,0,0.002471,0.002471,0,0,0,0,0,0,0,0,0,0,0,0,0,0,0,0,0,0,0,0,0,0,0,0,0,0,0,0,0,0,0,0,0,0,0,0,0,0,0,0,0,0,0,0,0,0,0.001909,0.001011,0.000449,0,0,0,0,0,0,0,0,0,0,0,0,0,0,0,0,0,0,0,0,0.001348,0.015497,0,0,0,0,0,0,0.005053,0,0,0,0,0,0,0,0,0,0,0,0,0,0,0,0,0,0,0,0,0.000337,0,0,0,0,0,0,0,0,0.00685,0,0,0,0,0,0,0,0,0,0,0.008085,0,0,0,0,0,0,0,0,0,0,0,0,0,0.000449,0,0,0,0,0,0.000337,0,0,0,0,0,0,0,0,0,0,0,0.008535,0,0,0,0.000225,0,0,0,0,0,0,0,0,0,0,0,0,0,0,0,0.000225,0,0.101965,0.002021,0,0,0,0,0,0,0,0,0,0,0,0,0,0,0,0,0,0,0,0,0,0,0,0,0.033914,0,0,0,0,0.000337,0,0,0,0,0,0,0,0,0,0,0,0,0,0,0.001797,0,0,0.01909,0,0.004941,0,0,0,0,0,0,0,0,0,0,0.009096,0,0,0,0,0,0,0,0,0.007973,0,0,0,0,0,0.001572,0,0,0,0,0,0,0.001909,0.000337,0,0,0,0,0,0,0,0,0,0,0,0,0,0,0,0,0,0.032341,0,0,0,0.004941,0,0,0.000674,0,0,0,0,0.002358,0.023245,0,0.000225,0,0,0,0,0,0,0,0,0,0,0,0,0.001011,0,0,0,0,0,0,0,0,0.003369,0.001348,0,0.04155,0,0.00393,0,0,0,0,0,0,0,0,0.000449,0,0,0,0,0.000225,0,0,0,0.001348,0,0,0,0,0,0,0,0,0,0,0.004829,0,0,0,0
D3152,0,0,0,0,0.000724,0,0,0.06044,0,0.016892,0,0.040941,0,0.045113,0,0,0,0,0,0,0,8.7e-05,0,0,0,0.027236,2.9e-05,0.000608,0,0,0,0,0,0,0,0,0,0,0.028424,0,0.000478,0,0,0,8.7e-05,5.8e-05,0.023107,0,0.002303,0,0,0,0,0.000101,0,0,0.007041,0,0,0,0,0,0,0,0,0,0,0,0.021282,0,0,0,0,0.001014,0,0.000246,0.000232,2.9e-05,0,0.034856,0.002767,0,0.001883,0,0.003752,0,0.00029,0,0.038738,0,0,0.007142,0,0,0.012995,0,0.000145,0,0,0,0,0,0,0,0.000159,0,0.008374,0,0,0,0,0,0,0,0,0,0,0,5.8e-05,0,0,0.001985,0,0.000261,0,0,0.000203,0.001521,0,0,0,0,0.045736,0,0,0,0.000145,0,0,0,1.4e-05,0,0,0,0.000391,0,0,0,0,0.010445,0,0,0,0.009967,0,0,0.001144,0,0,0,0,0,0,0,0,0,0,8.7e-05,0.001449,0.001231,0,0.00552,0.000174,4.3e-05,0,0.000319,0,0,0.000232,0,0,0.000246,0,0,0,0,0,5.8e-05,0,0,0,0,0,0,0.00013,0,0,0,0.000319,0,0,0,0,0.000217,0,0,0.000159,0.019485,0,0,0,0,0,0,0,0.001985,0,0,0,0,0,2.9e-05,0.000391,0,0,0,0,0,0,0,0.000101,0.003955,0,0,0,0,0,0.009808,0,0,2.9e-05,0,0,2.9e-05,0,0,0.000116,0.00013,0,0,0,0,0.000101,0.018225,0.000174,7.2e-05,0,0,0,0,0,0,0.011604,0,0,0,0,0,0.000493,0,0.002912,0.000768,0.000739,0,0,0,0,2.9e-05,0,0.001695,0,4.3e-05,0,0.000159,0.002419,0.019195,7.2e-05,0,0,0,0,0,2.9e-05,0,0,0,0,0.00636,0,0,0,0,0,0,0,0.000507,0.000319,0,0,0,0,5.8e-05,5.8e-05,0.000116,0,0,0,0,0,1.4e-05,0,0,0,0.002506,0,0,4.3e-05,0,0.000116,0,0,0,0,0,0,0,0,0.002477,0,0,0.017906,0,0,0.001144,0,0,0.000101,0,0.000101,0,0.000522,0.000232,0.000333,0.007519,0,0.000652,0,0,0,0.007055,0.008084,0,0.00084,0,0,0,0.000101,0,5.8e-05,0,0.001565,0,0,0,0,0.000232,0,0,0,0,0.00452,0,0,0.000232,0.000246,0,0,0,0,0.000101,0,8.7e-05,0.000159,8.7e-05,0,0,0,0,0.001058,0
D96,0,0,0,0,0,0,0,0.147694,0,0.00379,0,0.009476,0,0.000884,0,0,0,0,0,0,0,0.000505,0,0,0,0,0,0,0,0,0,0,0,0,0,0,0,0,0,0,0,0,0,0,0,0,0.071636,0,0,0,0,0,0,0,0,0.00139,0,0.083639,0,0,0,0,0,0,0,0,0,0,0,0,0,0,0,0,0,0,0,0,0,0,0.028048,0,0.00278,0,0.108781,0,0,0,0.01554,0,0,0.025142,0,0,0,0,0,0,0,0,0,0,0,0,0,0,0.005559,0,0,0,0,0,0,0,0,0.183828,0,0,0,0,0,0.00379,0,0,0,0,0,0,0,0,0,0,0,0,0,0,0,0,0,0,0,0,0,0,0,0,0,0,0,0,0,0,0,0,0.007454,0,0,0,0,0,0,0,0,0,0,0,0,0,0.000379,0.000758,0,0,0,0,0,0,0,0,0,0,0,0,0,0,0,0,0,0,0,0,0,0,0,0,0,0,0,0,0,0,0,0,0,0,0,0,0,0.000632,0.003664,0,0,0,0,0,0,0,0,0,0,0,0,0,0,0,0,0,0,0,0,0,0,0.021984,0,0,0,0,0,0,0,0,0,0,0,0,0,0,0,0,0,0,0,0,0,0,0.000126,0,0.030196,0,0,0,0,0,0,0,0,0,0,0,0,0,0,0.000253,0,0,0,0,0,0,0,0,0,0,0,0,0,0.000632,0,0,0,0,0,0,0,0,0,0,0,0.000253,0,0,0,0,0,0,0,0,0,0,0,0,0.002274,0,0,0,0,0,0,0,0,0,0,0,0,0,0,0,0.043588,0,0,0,0,0,0,0,0,0,0,0,0,0,0.000884,0,0,0,0,0,0,0,0,0,0,0,0,0,0,0.000253,0,0,0.009602,0.013898,0,0,0.003032,0,0,0,0,0,0,0,0.00139,0,0,0.03108,0,0.000253,0,0,0,0,0,0,0,0,0,0,0,0,0,0.002401,0,0,0,0,0,0,0,0,0,0
D3451,0.000825,0,0,0,0,0,0,0.00075,0,0,0,0,0,0.000225,0,0,0,0,0,0,0,0,0,0,0,0.000675,0,0,0,0.00255,0,0,0,0.001163,0,0,0,0,0,0,0.072305,0,0,0,0,0,9e-04,0,0.001275,0,0,0,0,0,0,0,0,0,0,0,0,0,0,0,0,0,0,0,0,0,0,0,0,0.000638,0,0,0.031089,0,0,0,0,0,0.000188,0,0,0,0,0,0,0,0,0,0,0,0.000825,0,0,0,0,0,0,0,0,0,0,0,0.00015,0,0,0,0,0,0,0,0,0,0,0,0,0,0,0,0,0,0,0.04024,0,0,0,0,0,0,0,0,0,0,0.027227,0,0,0,0.000563,0,0,0,0,0,0,0,0,0.00135,0,0,0,0.000263,0,0,0,0,0,0,0,0,0,0,0,0,0,0.000113,0,0.00015,0,0,0,0.022126,0,0.011663,0,0,0,0,0,7.5e-05,0,0,0,0,0,0,0,0,0,0,0,0,0,0,0,0,0,0.0048,0,0,0,0,0,0,0,0,0,0,0,0.001125,0,0,0,0,0,0,0,0,0,0,0,0,0,0,0.009901,0,0.003,0,0,0,0,0,0,0,0,7.5e-05,0,0,0,0,0,0,0,0,0.010501,0.000788,0,0,0,0,0.024752,0,3.8e-05,0.006788,0,0,0,0,0,7.5e-05,0,0,0,0,0,0,0,0,0,7.5e-05,0.010651,0,0,0,0.00465,0,0,7.5e-05,0,0,0,0.001725,0,0,0,0,0,0,0.016014,0,0,0,0,0,0,0,0,0,0,0,0,0,0,0.000113,0.00255,0,0,0,0,0.004425,0.015526,7.5e-05,0,0,0.006338,0,0,0,7.5e-05,0,0,0,0,0,0,0,0.013651,7.5e-05,0.001313,0,0,0,0,0,0,0,0,0,0.000188,0,0,0,0,0,0.000113,0,0,0,0,0.000713,0,0,0,0,0,0,0,0,0,0,7.5e-05,0,0,0,0,0,0.00615,0,0,0,0,0,0,0,0,0,0,0,0,0,0,0,7.5e-05,0,0,0,0,0.000413,0,0.006638,0,0,0,0.014626,0,0,0,0
D2423,0,0,0,0,0,0,0,0.158091,0,0.008086,0,0.077164,0,6.6e-05,0,0,0,0,0,0,0,0,0,0,0,0,0,0,0,0,0,0,0,0,0,0,0,0,0.025347,0,0,0,0,0,0,0,0,0,0,0,0,0,0,0,0.028219,0.195848,0,0.007228,0,0,0,0,0,0,0,0,0,0,0,0,0,0,0,0,0,0,0,0,0,0.009835,0,0,0,0,0,0,0,0,0,0,0,0.015842,0,0,0,0,0,0,0,0,0,0,0,0,0.001848,0,0,0,0,0,0,0,0,0,0,0.013664,0,0,0,0,0.000132,0.005446,0,0,0,0,9.9e-05,0,0,0,0,0,0,0,0,0,0,0,0,0,0,0,0,0.002343,0,0,0,0,0,0,0,0,0,0,0.016436,0,0.133635,0,0,0,0,0,0,0,0,0,0,0,0,0,0,0,0.023928,0,0,0,0,0,0,0,0,0,0,0,0,0,0.044094,0,0,0,0,0,0,0,0,0,0,0,0,0,0,0,0,0,0,0,0,0,0,0,0,0,0,0,0,0,0,0,0,0,0,0.001089,0,0,0,0,0,0,0,0,0,0,0,0,0.000231,0,0,0,0,0,0,0,0,0,0,0,0,0,0,0,0,0,0,0,0.008284,0,0.026437,0,0,0,0,0,0,0,0,0.010396,0,0,0,0,0,0.00099,0,0,0,0,0,0,0,0,0,0,0,0,0,0,0,0,0,0,0,0,0,0,0,0,0,0,0,0,0,0,0,0,0,0,0,0,0,0,3.3e-05,0,0,0.001122,0,0,0,0,0,0,0,0,0,0,0,0,0,0,0,0,0,0,0,0,0,0,0,0,0,0,0,0,0,0,0,0,0,0,0,0,0,0,0.001353,0,0,0.000198,0,0,0.001023,0,0,0.003102,0,0,0,0,0,0,0,0,0,0,0,0,0,0,0,0,0,0,0,0,0,0,0,0,0,0,0,0.001287,0,0,9.9e-05,0.000495,0,0,0,0,0,0
D74,0.000137,0,0,0,0,0.312951,0,0,0,0,0,0,0,0,0,0,0,0,0,0,0.000228,0,0,0,0,0,4.6e-05,0,0,0,0,0,0,0,0,0,0,0,0,0,0,0,9.1e-05,0,0,0,0,0,0,0,0,0,0,0,0,0,0,0,0,0,0,0,0,0,0,0.073188,0,0,0,0,0,0,0,0,0,0,0,0,0.08459,0,0,0,0,0,0,0,0,0.028585,0,0,0,0,0,0.001188,0,0,0,0,0,0.000297,0,0,0,0,0,0,0,0.034595,0,0,0,0,0,0,0,0,0,0,0,0,0,0,0,0,0.000183,0,0,0,0,0,0,0,0,0,0,0,0,0,0,0.006581,0,0,0,0,0,0,0,0.001417,0,0,0.000868,0,0,0,0,0,0,0,0,0,0,0,0,0,0,0,0,0,0,0,0,0,0,0,0,0,0,0,0,0,0,0,0,0,0,0,0,0,0,0,0,0,0.013687,0,0,0,0,0,0,0,0,0,0,0,0,0,0,0,0,0,0.000137,0,0,0,0,0,0,6.9e-05,0,0,0,0,0,0,0,0,0,0,0,0,0,0,0,0,0,0,0,0,0,0,0.023238,0,0,0,0,0,0,0,0.004182,0.006215,0,0,0,0,0,0,0,0,0,0,0.005964,0,0,0,0,0,0,0,0,0,0,0,0,0,0,0.006901,0,0,0,0,0.014487,0,0.009208,0,0,0,0,0,0,0,0,0,0,0,0,0,0,0,0,0,0,0,0,0,0,0,0,0,0,0,0,0,0,0,0,0.012545,0,0,0,0,0,0,0,0,0,0,0,0,0,0,0,0,0,4.6e-05,0,0,0,0,0,0,0,0,0,0,0,0,0,0,0,0,0,0,0,0,0.00016,0,0,9.1e-05,0,0,0,0,0,0,0,0,0,0,0,0,0,0,0,0,0,0,0.002696,0,0,0,0,0,0,0,0,0,0,0,0,0,0,0,0,0,0,0,0,0.005644,0,0
D4555,0,0.087983,0,0,0,0,0,0,0,0,0,0,0,0,0,0,0,0.62232,0,0,0,0,0,0,0,0,0,0.010933,0,0,0,0,0,0,0.001798,0,0,0,0,0,0,0,0,0,0,0,0,0,0,0,0,0,0,0,0,0,0,0,0,0,0,0,0,0,0,0,0,0,0,0,0,0,0,0,0,0,0,0,0,0,0,0,0,0,0,0,0,0,0,0,0,0,0,0,0,0,0,0,0.150741,0,0,0,0,0.001609,0,0,0,0,0,0,0,0,0,0,0,0,0,0,0,0,0,0,0,0,0,0,0,0,0,0,0,0,0,0,0,0,0,0,0,0,0,0,0,0,0,0,0,0,0,0,0,0,0,0,0,0,0,0,0,0,0,0.000142,0,0,0,0.017369,0,0,0,0,0,0,0,0,0.000521,0,0,0,0,0.004307,0,0,0,0,0,0,0,0,0,0,0,0,0,0,0,0,0,0,0,0,0,0,0,0,0,0,0,0,0,0,0,0,0,0,0,0,0,0,0,0,0,0,0,0,4.7e-05,0,0,0,0,0,0,0,0,0,0,0,0,0,0,0,0,0,0,0,0,0,0,0,0,0,0,0,0,0,0,0,0,0,0,0,0,0,0,0,0,0,0,0.069857,0,0,0,0,0,0,0,0,0,0,0,0,0,0,0,0,0,0,0,0,0,0,0,0,0,9.5e-05,0,0,0,0,0,0,0,0,0,0,0,0,0,0,0,0,0,0,0,0,0,0,0,0,0,0,0,0,0,0,0,0,0,0,0,0,0,0,0,0,0,0.000852,0,0,0,0,0,0,0,0,0,0,0,0,0,0,0,0,0,0,0,0,0,0,0,0,0,0,0,0,0,0,0,0,0,0,0,0,0,0,0,0,0,0,0.002698,0,0,0,0,0,0,0,0,0,0,0,0.000473,0,0,0,0,0,0,0,0,0
D992,0.00243,0,0,0,0.000579,0,0,0,0,0,0.000116,0,0,0,0,0,0.007116,0,0,0,0,0.001446,0,0,0,0,0.006306,0,0,0,0,0,0,0.015563,0,0,0,0,0,0,0.017703,0,0,0,0.000984,0,0,0,0.000116,0,0,0,0,0,0,0,0,0,0,0,0,0,0,0.000463,0,0,0,0.003413,0,0,0.000116,0,0,0.01429,0,0,0.002314,0,0,0,0,0,0,0,0,0,0,0,0,0,0,0,0,0,0,0.016315,0.002141,0,0,0,0,0,0,0,0.003298,0,0,0,0,0,0,0,0,0,0,0,0,0,0,0,0,5.8e-05,0,0,0,0.009604,0,0,0,0,0,0,0,0,0,0,0.004397,0,0,0,0,0,0,0,0.006885,0,0.002314,0.000116,0,0.003298,0,0,0,0,0,0,0,0,0,0,0,0,0,0,0,0,0,0,0,0,0,0,0.000116,0.011339,0,0.007984,0,0,0,0,0,0,0,0.00943,0,0,0.000463,0,0,5.8e-05,0,0.000463,0,0,0,0,0,0,0,0.00619,0,0,0,0,0,0,0.000174,0,0,0,0,0.003992,0,0.002488,0,0.001909,0,0,0,0,0.002314,0,0,0,0,0,0.003992,0,0.000405,0,0.000289,0,0.001273,0,0,0,0.000347,0,0,0,0,0,0,0,0.004802,0,5.8e-05,0.000405,0,0,0,0,0.001678,0,0.003818,0,0,0,0.00567,0,0,0,0,0,0,0,0,0,0.000405,0,0.002603,0,0.001331,0.001157,0,0,0.001967,0.000752,0,0,0,0.000463,0,0.004455,0,0,0.001273,0.000116,0,0,0.001793,0.001736,0,0,0,0,0,0,0,0,0,0,5.8e-05,0,0,5.8e-05,0,0,0,0.008852,0,0.002198,0,0.000174,0,0,0.003298,0.000752,0,0,0,0,0.002314,0,0.002256,0,0,0,0.001388,0,0.000984,0,0,0,0,0,0.002893,0,0,0.000579,0,0,0.001157,0,0.000231,0,0.003992,0,0,0,0.00243,0.000116,0.001388,0,0,0,0.000174,0,0,0,0,0.004686,0,0,0,0.004397,0,0,0.008736,0,0,0,0.001331,0,0,0,0,0.001562,0,0.019265,0,0.00243,0,0,0,0.002777,0,0,0,0.001388,0,0,0,0,0,0.001793,0,0,0,0
D3764,0.014129,0.017268,0,0,0,0,0,0,0,0,0,0,0,0,0,0.78022,0,0.00471,0,0,0,0,0,0,0,0,0,0,0,0,0,0,0,0,0,0,0,0,0,0,0,0,0,0,0,0,0,0,0,0,0,0,0,0,0,0,0,0,0,0,0,0,0,0,0,0,0,0,0,0,0,0,0,0,0,0,0,0,0,0,0,0,0,0,0,0,0,0,0,0,0,0,0,0,0,0,0,0,0,0,0,0,0,0,0,0,0,0,0,0,0,0,0,0,0,0,0,0,0,0.037677,0,0,0,0,0,0,0,0,0,0,0,0.037677,0,0,0,0,0,0,0,0,0.00314,0,0,0,0,0,0,0,0,0,0,0,0,0,0,0,0,0,0,0,0,0,0,0,0,0.00314,0,0,0,0,0,0,0,0,0.006279,0,0,0,0,0,0,0,0,0,0,0,0,0,0,0,0,0,0,0,0,0,0,0,0,0,0,0,0,0,0,0,0,0,0,0,0,0,0,0,0,0,0,0,0.050235,0,0,0,0,0,0.00314,0,0,0,0,0,0,0,0,0,0,0,0,0,0,0,0,0,0,0,0,0,0,0,0,0,0,0,0,0,0,0,0,0,0,0,0,0,0,0.00471,0,0,0,0,0.006279,0,0,0,0,0,0,0,0,0,0,0,0,0,0,0,0,0,0,0,0,0,0,0,0,0,0,0,0,0,0,0,0,0,0,0,0,0,0,0,0,0,0,0,0,0,0,0,0,0,0,0,0,0,0,0,0,0,0,0,0,0,0,0,0,0,0,0,0,0,0,0,0,0,0,0,0,0,0.00157,0,0,0,0,0,0,0,0,0,0,0,0,0,0,0,0,0,0,0,0,0,0,0,0,0,0,0,0,0,0,0,0,0,0,0,0.00471,0,0,0,0,0,0,0,0,0,0,0,0,0,0,0,0,0
D3491,0.037171,0,0.059804,0.01035,0.024687,0,0,0,0.000604,0.002618,0,0,0.004752,0,0.000242,0,0,0,0,0,0.020901,0.002134,0.000685,0.043132,0,0,0.009424,0,0.030446,0,0.002819,0,0,0.000725,0.000685,0,0,0.000322,0,0,0,0,0.023157,0,0.008618,0,0,0.000121,0.006081,0.038017,0,0.002577,0,0.030124,0,0,0.05324,0,0,0.06661,0.022351,0,0.000644,0,0.000201,0,0,0,0,4e-05,0.024486,0.000886,0,0.000322,0,0.000362,0,0.010592,0,0,0,0,0,0,0,0.000967,0,0,0,0,0,0,0,0,0,0,0,8.1e-05,0,0,0,0,0,0.000403,0,0.005678,0,0,0,0,0,0.000685,0,0,0,0,0,0.003262,0,0,0,8.1e-05,0,0,0,0,4e-05,0,0.001128,0,0,0,0,0,0.001087,8.1e-05,0,0.013974,0.000242,0,0,0.020136,0.000644,0,0,4e-05,0,0.002175,0.002054,0,0,0,0,0,0,0,0,0,0,0,0.00298,0,0.003987,0,0.000362,0,0,0,0,0,0,0,0,0.000161,0,0.000322,0.000322,0,0.046152,0,0,0,0,0.000201,0.000967,0,0,0,0.006484,0,0,0,0,0,0.000967,0,0,0,0.001853,0,0,4e-05,0.007732,0,0.00882,0.000121,0,0,0.001289,0.000524,0.000846,0,0,0,0,0,0.001369,0.003302,0,0,0,0,0,0.010994,0,0,0,0,0,0.039789,0.000483,0,0,0.000362,0,0.035681,0,0,0,0,8.1e-05,0.000201,0,0.002255,0,0,0,0.000201,0,0,0,0,0,0,0,0,0,0,0,8.1e-05,0,0,0,0,0.002859,0,0.001047,0,0.000322,0,0,0,0,0.000765,0.020136,0,0,0,0.00149,0,0,0,0,0.000121,0,0,0,0.000121,0,0,0,0.000121,0,0.001651,0,0,0.001128,0,0,0.000644,0.000201,0,0,0,0,8.1e-05,0,0,0,0.000564,0,0,0,0,0,0,0,0,0,4e-05,0,0,0,0,0,0,0,0.001893,0,0,0,0,0.000362,0,0,0,0,0,0.00443,8.1e-05,0,0,0,0,0,0.000201,0,0,0,0,0,4e-05,0.000322,0,0,0,8.1e-05,0,0,0,0,8.1e-05,0,0.000403,0,0,0,0,0,0,0,0,0,0,0,0,0,0,0,0,0,0,0,0,0.000161,0,8.1e-05,0,0.002698,0,0,0,0,0,0,0,0.007289,0,0,0
